SMILES,DS,QED,SA,SIM
CCC(=O)Nc1nc(-c2ccc3nc(-c4ccc(OC(F)(F)F)cc4)sc3c2)c(C)s1,7.3,0.3602492634405558,0.8381542303984367,0.1102097221149773
Cc1ccc2[nH]c(-c3ccc(CCC(=O)NC4=NCCS4)cc3[N+](=O)[O-])cc2c1,8.5,0.48789291371292137,0.8098564874553185,0.1679273775754021
CCNc1n[nH+]c(-c2cnc(C)c3ncn(C)c(=O)ccn(C(=O)c4ccc(=O)[nH]n4)c(=O)c23)c(C)c1C,8.8,0.39428193630858654,0.6243509249812422,0.10831492832057096
CCN[C@H](C(=O)N(C)C)c1ncccc1CNC(C)=O,6.3,0.7924192060975399,0.7731440575893987,0.19298607309891694
NC(=O)c1ccc(=O)n(-c2nc3c(c(-c4ccc(C(F)(F)F)c(F)c4)n2)CCC3)n1,7.9,0.6570881537693377,0.8008886745624026,0.20787051191447753
Cc1cccc(C2([Se]c3ccc(-c4ccc(F)c(O)c4)cc3)CCC2)c1,8.5,0.6048792497993435,0.7939151341113371,0.20409468605838454
Cn1c(-c2ccc(OCC(=O)c3cccnc3)cc2)cc2c1CCN(n1cnc3c(c1=O)CCCC3)C2,7.5,0.3811499032823813,0.7620264078627687,0.10891735937081802
Cc1cccc(NC(=O)NC2=NN(C)C(=N)/C2=N\NNC(=O)Cc2cccc(F)c2)c1,8.5,0.4672501317615065,0.7783735053763324,0.15457042725237172
CC(C)(C)C(=O)NC(=O)c1ccc(NCC(=O)N2CCCCC2)cc1C(=O)N1CCOCC1(C)C,7.6,0.6625954788315149,0.7991209267840917,0.20120768698817992
COc1cc(=O)c(CNC(=O)N2CCCC2)nn1C1(OC)CCC1,6.8,0.8682184075005084,0.7541597432994889,0.2226236262516813
CC1CCN(C(=O)NCc2ccc(N[C@H]3CCCN(S(C)(=O)=O)C3)cc2)CC1,7.8,0.7841763185918186,0.8106435570482814,0.24791811729995628
O=C(NCC(=O)N1CCCCC1)NN=C1CCCCC1,6.6,0.7709024550339477,0.8459726334033092,0.2152135853941078
O=C([O-])CCC(=O)CCC(=O)CN(CCC(=O)NC1=NCCS1)C(=O)Nc1nncs1,7.3,0.40604435974306174,0.72516590148597,0.10747407632437538
CC(=O)NCc1cccnc1-c1c(C)cc(-c2ccc(-c3c4c(nn3C)CCCC4)cc2)n1C,7.2,0.4636086254956141,0.7866328172045621,0.1312883132954219
O=C(CNc1cc(F)cc(-n2cnc3c(c2=O)CCCC3)c1)N1CCCCC1,7.8,0.8801647239614067,0.8235385729102264,0.2826913442718691
CCC(=O)N(C)CC(=O)NCC(=O)NCCC(=O)CNC1(c2cccc(C)c2)CCC1,5.7,0.45901194016679553,0.8072490304192408,0.10560302894039258
CCC[NH+]1CCC2(CCC(=O)N2N/N=C2\C(=N)N(C)N=C2C(=O)N2CCC([C@@H](C)O)CC2)CC1,7.6,0.3738197033233681,0.5095822371288131,0.07238691466689344
CCCn1nc(-n2c(-c3cc(N4CCC(C)CC4)ccc3OC)csc2=O)nc1C,6.6,0.5920294650452349,0.7906045443765007,0.15446019120495197
CCCCN1C(=O)CC[C@@H]1NC(=O)NCS(=O)(=O)NC(=O)c1ccc(Br)c(F)c1,6.7,0.50825836699288,0.7355837576288564,0.1252453108120412
C[C@@H](O)C1CCN(C(=O)c2ccc(C3(NCC(=O)N4CCCCC4)N=C(O)COC3=O)cc2)CC1,8.1,0.5147696989585883,0.6822086096244234,0.1422280298443452
COc1ncc(-c2ccc(/C=C/c3ccc(-n4cnc5c(c4=O)CCCC5)cc3)cc2)c(C)n1,7.3,0.3978339143992215,0.8075820542218405,0.1172684883878183
CCC(=O)Nc1nc(S(=O)(=O)CC(Oc2ncc(C(N)=O)cc2Cl)C(F)(F)F)c(C)s1,7.6,0.5671620498457078,0.7018391889055459,0.15126149015585297
CCc1cc(F)ccc1NCC[C@@H](O)Oc1cc(F)c(N)cc1F,7.6,0.5334335608738043,0.7755075135104578,0.15719905907818388
Cn1nc2c(c1-c1ccc(NC(=O)Nc3ccc(-n4cnc5c(c4=O)CCCC5)cc3)cc1)CCCC2,9.3,0.4159001624056096,0.8044044705408313,0.15556665672104453
CNC(=O)N[C@@H](C1CCC1)N1C(=O)CCCc2sccc21,6.8,0.9009332257855814,0.7266456740161346,0.222584138572128
CCC(=O)Nc1nc(-c2cc(C)c(-c3cc4cc(C)ccc4[nH]3)c(C(N)=O)c2)c(C)s1,9.1,0.3971200115511526,0.8121524209275014,0.1467475003449118
CC(=O)NCc1cccnc1C(=O)CC(=O)C(=O)N/N=C(\C)c1ccc(C(=O)Nc2ccccn2)cc1C,7.3,0.12306808686851349,0.7917954553805802,0.03556733443797807
CC(C)=C(NC(=O)CCC(=O)NC1=NCCS1)C(=O)NCCOC(=O)[C@H]1CCCN(CC(=O)[O-])C1,6.1,0.17035345088169263,0.6877244686221997,0.03573265212809887
CCC(=O)Nc1nc(C(=O)CC(c2ccccc2)c2ccc(C(=O)C3CCCCC3)cc2)cs1,7.7,0.3518940812272489,0.7929863924561149,0.10743317892963626
CCC(=O)Nc1nc(COc2cccc(C(=O)NC3=NCCS3)c2OC)c(C)s1,6.9,0.693783017235108,0.8067024175170288,0.19308837084635794
Cc1[nH]c(=NS(C)(=O)=O)nc(C(=O)c2ccc(C(N)=O)cn2)c1C(=O)N1CCOCC1(C)C,8.2,0.5449980981577773,0.7252502170819528,0.16205659548925355
CCCn1nc(-c2cc(C(=O)NCc3c(C)noc3C)ccc2F)nc1C,7.5,0.7181798806728562,0.8298246367188524,0.22348625946680314
CC[C@H](NC(=O)[C@@H](CC)Oc1ccc(-c2ccc(C#N)cc2)cc1)C1(c2cccc(C)c2)CCC1,6.8,0.38123934025862055,0.7389273353431494,0.09578077774059612
Cc1cc(=O)n(-c2[nH]ncccc(Cl)cc2N[C@H]2CCCN(S(C)(=O)=O)C2)cn1,7.0,0.7530228063405825,0.6896456653246789,0.18176161999919271
O=C(NN[C@@H](C(=O)N1CCCCC1)N1CCOCCOCCOCC1)c1ccc(F)cc1Cl,8.6,0.6079522647452436,0.7038182027676567,0.18399178424685528
COc1cn(C)c(-c2c(C)cc(CNC(=O)N3CCCC3)cc2P(=O)(OC)OC)cc1=O,6.4,0.6343508101468232,0.7667294256700709,0.1556401383479097
COc1cc(Cl)c(NC(=O)N[C@@H](C)COc2ccc3c(c2)CNC3=O)cc1Cl,8.1,0.6578089524753509,0.7888742314047591,0.21016605537704064
CNC(=O)NC(=O)CSNC(=O)c1ccc(F)cc1Cl,6.9,0.730306338449603,0.8195745982328602,0.2064964807530019
Cc1cc(Cc2ccc(OCC(=O)N3CCC[C@@H](C)C3)cc2)ccc1N1CCOC[C@H]1CNC(=O)N1CCCC1,6.9,0.5345202120531964,0.7346918092937823,0.1354841294856234
CCC(=O)Nc1nc(N2CCN(Oc3ncc(C(N)=O)cc3Cl)CC2)c(C)s1,7.1,0.728972891781193,0.7757226331045428,0.20074567373139066
COc1cn(C)c(NC(=S)Nc2ccc(F)c(-n3cnc(C)cc3=O)c2)cc1=O,7.2,0.6315778455533992,0.7936346454720007,0.1804471414357471
NC(=O)CNC(=O)CCNC(=O)CCOC(=O)NNC(=O)CNC(=O)N1CCCC1,6.5,0.19913729129724186,0.834507210243589,0.054008989260176034
COc1ncc(NC(=O)CSn2cnc3c(c2=O)CCCC3)c(C)n1,7.4,0.85831453480577,0.75776267112182,0.240647524386128
COC(=O)/C(=N/N=c1\cc(C)n(C(=O)NCc2c(C)noc2C)[nH]1)C(=O)Nc1ccccn1,8.6,0.21546455417484525,0.7192045066614501,0.06663412370699001
C[NH+](CCOC(=O)NNC(=O)c1ccc2c(c1)CNC2=O)C(=O)NCC(N)=O,6.9,0.2811737919747577,0.6787476605397266,0.06584188846024294
CC[C@@H](CNC(=O)c1ccccc1O)NC(=O)[C@@H](CC)ON1CC[NH+](C(C)=O)CC1,6.7,0.42670836615946206,0.6318114472375983,0.09031574217448625
CC(=O)NCc1cccnc1OC1=CC=C(n2cnc(C)cc2=O)NC(C)(C)C=CC=C1,8.6,0.7525406497834014,0.676594678862403,0.21894094968657493
CC(=O)Nc1cc(N2CCc3[nH]c(=O)ccc3C2)ccc1CC1CCN(C(C)=O)CC1,8.4,0.7933972642814681,0.8073192854583193,0.2690204632434061
COc1ccc(N2Cc3ccccc3[C@@H](Oc3cc(F)c(N)cc3F)C2)cc1,8.1,0.6649563329983545,0.7896319187814849,0.21265365177821322
CCC(=O)Nc1nc(-n2c(-c3ccc(N=C(O)c4cc(C)n[nH]4)cc3OCO)csc2=O)cs1,7.6,0.1642103230407907,0.7129232546880409,0.044486356023133736
CC(CNC=O)[C@H](C)NC(=O)[C@H](O)[C@@H](C)n1cnc2c(c1=O)CCCC2,6.3,0.5590261369491819,0.6260562074977261,0.11024426170501042
O=C(Nc1ncnc2c1CCC2)c1ccc(Br)c(F)c1,7.3,0.9168036074463496,0.8591938814837223,0.2875148982646394
Cc1cc(OC(=O)c2ccc(-c3ccc4c(c3)CNC4=O)cc2)ccc1N(C)c1ncc(C)c(C)n1,9.0,0.3095748700748776,0.8028759571687333,0.11184759905703913
Cc1cnn(-c2ccc(-c3ncnc4c3CCC4)o2)c1,7.1,0.7152864542059828,0.7786298109423103,0.19771489159583996
Cc1cc(=O)n(N2C(=O)CN=C2c2ncccc2C)cn1,6.0,0.7871272733401758,0.7567446824755216,0.17869631355949034
COc1cc(N2C(=O)CCCc3sccc32)ccc1Cn1nc(C(N)=O)ccc1=O,7.7,0.6769672737439286,0.8123846348742381,0.21173375742837386
COc1cc(CNC(=O)c2ccccc2O)ccc1NC(=O)c1ccc(F)cc1Cl,8.1,0.5435206720548111,0.8931679035663306,0.1966093637776843
O=C(Cc1ccc(-c2ccc3c(c2)CNC3=O)cc1)NCC(=O)Nc1ccccn1,8.6,0.5910381459088164,0.8567734422804898,0.21774588831943123
CCC(=O)Nc1nc(C2=C(c3ccccc3)N(c3ccc(-n4cc(C)cn4)o3)C(=O)C2)c(C)s1,7.7,0.41584418171710347,0.7475100574900497,0.11967636765016806
C[C@]1(C(=O)NC2=NCCS2)CN(c2ccccc2NC(=O)CCl)C(=O)N[C@H]1S,6.6,0.4227892610595487,0.6610081205441216,0.09222415449693938
NC(=O)c1cnc(Oc2ccc(NC(=O)c3ccc(F)cc3Cl)cc2)c(Cl)c1,7.6,0.6273553488210957,0.8765038954319591,0.20895417468347102
NS(=O)(=O)N1CCN(N/N=C2\C(=O)NN=C2NC(=O)Cc2cccc(F)c2)CC1,7.8,0.38415632497032953,0.7567297285679169,0.11337397949375391
Cc1cc(C)cc(C2(c3ccc(Oc4cc(Cl)ccc4C(=O)NCc4c(C)noc4C)cc3)CC2)c1,7.6,0.28759116120918754,0.8188512241071917,0.08948786227144973
CS(=O)(=O)NNC(=O)C/C=C1/SC(=N)N(N[C@H]2CCCN(S(C)(=O)=O)C2)C1=O,6.6,0.26002293272351334,0.6663588546789206,0.05717863260116514
Cc1ccc2[nH]c(N(C)C(=S)NCCCNC(=O)Cc3noc(C)c3C)cc2c1,6.4,0.4075347775366785,0.7781925965641183,0.10148497495086341
NC(=S)[C@@H]1CCCCN1C(=O)N1Cc2cc(NC(=O)Cc3cccc(F)c3)ccc2C1=O,7.1,0.6919434022568018,0.7723811745888988,0.18972764051337235
C[C@@H](c1csc(=O)n1N[C@H]1CCCN(S(C)(=O)=O)C1)S(=O)(=O)CC(=O)NCC=O,6.6,0.42296405327196257,0.6400192995782459,0.08933270185022611
CCC(=O)Nc1nc(S(=O)(=O)N=C(O)C2=CC(COc3cc(C)cc([C@H]4CCN(c5nnc(C)s5)C4)c3)=C2)cs1,7.7,0.25273644436237636,0.671306739637324,0.06532051620418818
Cc1nnc(N2CC[C@H](c3ccc(NN=CNC(=O)c4ccc(F)cc4Cl)cc3)C2)s1,0.0,0.3244207767678978,0.7481650400344115,0.0
O=C(CCn1c(N2C(=O)CCCc3sccc32)nncc1=O)NC1=NCCS1,7.9,0.8017583656527192,0.7487488293204829,0.23712467688374897
Cc1cnn(-c2ccc(C(=O)c3ccc(C(=O)NCc4c(C)noc4C)cc3)o2)c1,7.4,0.4931827104272643,0.8142765805755956,0.14858723848691524
C[C@@H](CC(=O)NC=O)NC(=O)CC(CC(=O)C(=O)N1CCOCC1(C)C)c1ccccc1,7.6,0.4080631867606206,0.6890354214474654,0.106844596149384
O=C(CNCN(C(=O)Nc1nncs1)C1CCC(O)CC1)N1CCCCC1,7.5,0.624057443091515,0.7873845578233889,0.1842649477068777
NC(=NC(=O)NC1=NCCS1)C1=NC(=O)N(NC(=O)c2ccc(Br)c(F)c2)C1,7.1,0.4509115650926812,0.7124488658461604,0.11404425876725523
CCNc1n[nH+]c(N2CCc3c(cc(ONC(C)C)n3C)C2)c(C)c1C,6.7,0.773635463232264,0.6451646721108754,0.16720596043981226
Cc1noc(C)c1CNC(=O)N1C(=O)[C@]2(C)C=CC=CC=C1C=CC=CC=C2n1nc(C(N)=O)ccc1=O,0.0,0.6358287834539702,0.5257595887897993,0.0
COc1ncc(-c2ccc(Oc3ccc(F)c(O)c3)c(F)c2)c(C)n1,7.5,0.7669453922320991,0.8426560653332424,0.24235169495391037
Nc1cc(F)c(Oc2cccc(N3C(=O)CCCc4sccc43)c2)cc1F,8.2,0.6132033726122899,0.8256523823065979,0.20758005842866875
CC1=NNC(=O)/C1=N\Nc1ccc(-n2cc(C)cn2)o1,7.8,0.815900999152347,0.6994583889061246,0.22256863136585922
CCC(=O)Nc1nc(S(=O)(=O)c2ccc(-c3ccc(-n4cc(C)cn4)o3)cc2)c(C)s1,8.1,0.46115757181062633,0.7837872984797808,0.14638702619009325
Cc1cc(=O)n(-c2ccc(NC(=O)Nc3ccccn3)cc2)cn1,7.9,0.7757377679088471,0.8712561841720492,0.26696719939662994
NC(=O)c1cnc(Oc2cccc(NCC(=O)N3CCCCC3)c2)c(Cl)c1,8.2,0.7921106519012364,0.8583738608280765,0.2787701021749586
CC(=O)N1CCC(Cc2cccc(C(=O)N3CCCC[C@H]3C(N)=S)c2)CC1,6.5,0.8069979684605006,0.8050857979797245,0.2111533461069626
CC(NC(=O)NC#N)O[C@@H](C(=O)NC1CC1)C(=O)c1ccc(C(N)=O)cn1,7.4,0.15051837312368285,0.6758561683074676,0.03763964524012102
CCOc1c(CNC(=O)N2CCC(C)CC2)cc(NCC(=O)N2CCCCC2)cc1C(C)C,8.1,0.5982580336433361,0.8247877195215213,0.19984153109791727
CC(C)[C@@H](CC[N+]1(C)CCNCC1)C(=O)NCC(=O)N1CCCC[C@H]1C(N)=S,6.3,0.3987688184088001,0.6730013529527387,0.08453716560591353
CS(=O)(=O)N1CCC[C@H](NN2CC[NH+](Cc3ccc4c(c3)CNC4=O)CC2)C1,7.2,0.5556825741049712,0.6279367264737924,0.12561605875512222
NC(=S)[C@@H]1CCCCN1C(=O)[C@@H]1CN[C@H]1CNC(=O)c1ccccc1O,7.7,0.553524643293389,0.7119027263662385,0.15171144552851337
CC(=O)NCc1cccnc1-c1cc(C)ccc1Oc1cc(F)c(N)cc1F,7.7,0.6425377716206818,0.8400721400078961,0.207814561123897
Cc1cnc(-c2nc3c(s2)C(=O)NN(CNC(=O)[C@@H]2CNC(=O)C2)[C@@H]3[C@H](C)O)nc1C,0.0,0.49466453245599806,0.6034789696677433,0.0
CCCn1nc(C(=O)NN=C2CCC(c3ccc(F)c(C(F)(F)F)c3)CC2)nc1C,7.1,0.5622830615904876,0.7849952547292237,0.15669328498291915
CCC(=O)Nc1nc(C(=O)N[C@@H](C)c2ccc(NC(=O)Cc3cccc(F)c3)cc2)c(C)s1,7.6,0.4494073389339298,0.8078156110074597,0.13795454035501664
CC(=O)NC1(C(=O)N2CCCC[C@H]2C(N)=S)CCN(C(=O)N2CCCC[C@@H]2C(=O)N2CCCC2)CC1,6.8,0.5382741088374106,0.7065748391465125,0.12931252023529874
CNN(C(=O)CNN[C@@H](C(=O)NC(N)=O)c1cccc2c1O[C@H](C)[C@@H]2C)C1CCCCC1,8.5,0.37832075773308776,0.6302875019629794,0.10134160926624
CC1=NN([NH3+])C(=O)/C1=N\NOCC(=O)N1CCC[C@@H](C)C1,6.9,0.48507837713487933,0.6599039485294649,0.11043627206406226
C[C@@H](O)C1CCN(C(=O)c2ccc(C(=O)Nc3ccccn3)cc2)CC1,6.6,0.8849437665470459,0.835655841639124,0.2440377812522654
CC1=NN(C2(c3cccc(C)c3)CCC2)C(=O)/C1=N\N,7.5,0.6583452712040454,0.7654037305819926,0.18896247247147127
CC(=O)N1CCC(CC(=O)NC(C(N)=O)=C(C)C)CC1,6.4,0.7361598838377077,0.8081655566804226,0.1903804999447988
CNC(=O)NC(=O)[C@H](S)c1ncccc1CNC(C)=O,6.8,0.5939620219826304,0.7529930604384015,0.15206475544373987
O=C(NC1=NCCS1)C1=NC[C@H](c2ccc(N3C(=O)CCCc4sccc43)cc2)N1,7.1,0.769857694043458,0.7042092262447324,0.1924600163195186
C[C@H](NC(=O)N1CCOCC1)c1ncnc2c1CCC2,6.8,0.8770545572351183,0.7712258436194606,0.2299784278733418
Cc1ccc2[nH]c(N3CCc4c(cc(-c5cccc(F)c5)n4C)C3)cc2c1,7.9,0.5235524592709371,0.8056101988490298,0.1666027843243575
CNC(=O)[C@@H](CN(CC(C)(C)C)C(=O)c1ccc2c(c1)CNC2=O)[NH+](C)C(C)C,6.7,0.6184617002998117,0.6419834559347097,0.1330091302067795
Cc1cccc(C2(c3ccc(NCC(=O)N4CCCCC4)c4ccccc34)CCC2)c1,8.2,0.5537664582317975,0.8404136055826397,0.1908110749834584
COc1ccc(C(=O)N(CC(C)(C)C)CC2(c3cc(C)cc(C)c3)CC2)cc1C(=O)Nc1cccc(C(N)=O)c1,6.9,0.3529964460011677,0.8027103713928676,0.09775709835313609
COc1cn(C)c(-c2c(OC(C)C)cc(-c3ccc(F)c(O)c3)oc2=O)cc1=O,7.2,0.7053989457410358,0.7838526371954669,0.19905437660184466
Cc1cnc(-c2cc(C(=O)Nc3ccccn3)ccc2Cl)nc1C,7.8,0.7815304116618518,0.8676333334933162,0.2644519161556647
CCN(C)C(=O)[C@H](NC(=O)O[C@@H](C(=O)Nc1ccccn1)C(=O)NC1CC1)C(C)C,7.4,0.5100114643712776,0.7349450094065016,0.13868724077751576
Cc1cnn(-c2ccc([C@@H](C)NC(=O)N(C)[C@H](C)C(=O)CCS(C)(=O)=O)o2)c1,6.0,0.7104293207667752,0.6744040968754824,0.14373493333967383
CC(=O)N1CCC(C[NH+]2CC[NH+](C)CCc3ccc(NC4(c5cccc(C)c5)CCC4)cc3OC2)CC1,7.8,0.5819227939493012,0.5317345770506423,0.12067710357953632
CCOc1cccc(Oc2cccc(C(=O)N(CNC(=O)c3ccc(Br)c(F)c3)CC(C)(C)C)c2)c1,6.5,0.29922314425006363,0.8257381502305733,0.08030098883274765
CC(=O)N1CCC(CCCN2CCc3[nH]c(=O)ccc3C2)CC1,6.8,0.9206624709931052,0.8291960469811512,0.2595592917274697
CC(=O)N1CCC(CN2C(=O)CCN2Cn2nc(C(N)=O)ccc2=O)CC1,8.3,0.7039289342642902,0.771822380308596,0.22547286382896245
NC(=O)c1ccc(=O)n(CCC(=O)NCC(=O)S(=O)(=O)NCCOc2ccccc2Cl)n1,7.6,0.33965593856926624,0.7981259291665744,0.1030135203956654
CC(=O)N1CCC(Cc2cc(O)nc(CNC(=O)[C@@H](C)NC=O)n2)CC1,7.1,0.5731275483062342,0.7368713821796644,0.1499240574834083
Cn1nc2c(c1-c1ccc(Oc3ccc(F)c(O)c3)cc1)CCCC2,8.3,0.7588923719629876,0.842433837006014,0.26531639430676063
Cc1noc(C)c1CNC(=O)[C@@H](C)NC(=O)N(C)[C@H](C)C(=O)NC=O,6.8,0.5711383004968112,0.713974720118296,0.138644624803657
Cc1ccc(/C=C2/SC(=N)N(c3ccnc(C4CCCC4)n3)C2=O)c(C)c1,7.6,0.7784961837170978,0.7990901445443601,0.2363936786300168
CC(NC(=O)[C@@H]1CN(C(C)(C)C)C[C@H]1c1ccc(F)c(O)c1)C(=O)N1CCC([C@@H](C)O)CC1,7.0,0.6239342715974978,0.6777042700017356,0.1479950220217164
Cc1ncnc(NN2C(=O)CCCc3sccc32)c1CNC(=O)N1CCC(C)CC1,7.6,0.7780414701092646,0.774270207851193,0.22891744569577227
COCCCN(C)C(=O)CN(C)C(=O)N[C@@H](C1CCC1)N1C(=O)CCCc2sccc21,6.2,0.5866751288840232,0.7161597918986958,0.13024747284625401
CC(=O)NCc1cccnc1-c1ccc(NC(=O)CNC(=O)C(=O)NOOc2ncc(C(N)=O)cc2Cl)cc1,9.4,0.13486969143479216,0.776023861005285,0.04919118637951485
Cc1cnn(-c2ccc(-c3ccc(N4CCc5[nH]c(=O)ccc5C4)cc3)o2)c1,7.4,0.5955505786692635,0.7942521948498646,0.17501642107330273
CC1CCN(C2=NCC(=O)N2OCC(=O)N2CCC[C@@H](C)C2)[C@H](C)C1,6.3,0.7735764352427476,0.665861121612457,0.16225475893946617
CCC(=O)Nc1nc(Cc2cccnc2-c2ncc(C)c(C)n2)cs1,7.6,0.7584973558837339,0.8156285432778331,0.23508779551462447
CC(=O)NC1(C2(c3cc(C)cc(C)c3)CC2)CCN(c2cccc(-c3ccccc3F)c2)CC1,9.7,0.48746738965348857,0.7913782226367589,0.1870989720624187
CCCCN(c1ccnc(S(C)(=O)=O)n1)[C@H](CC)NC(=O)[C@@H](CC)OOc1ncc(C(N)=O)cc1Cl,6.9,0.15626722560584586,0.6434057342768419,0.03468741401684529
Cn1nc2c(c1[C@@H]1C(=O)N(C(=O)N3CCCC[C@H]3C(N)=S)c3ccccc31)CCCC2,7.7,0.7303177850279685,0.6857658406762734,0.19281839107705745
Cc1cc(=O)n(S(=O)(=O)NS(=O)(=O)OCCOc2ccccc2C)cn1,6.1,0.6032854300158853,0.7843380499849574,0.14431981391771376
Cn1nc2c(c1-c1cc3c(s1)C(=O)N(c1ccccc1NC(=O)CCl)[C@H](c1ccccc1)N3)CCCC2,9.2,0.31063034697723524,0.7126351368627826,0.10182840592265359
CCC(=O)Nc1nc(-c2nn(-c3ccc([N+](=O)[O-])cc3)c(=O)cc2OC)cs1,7.3,0.4962742939643687,0.8328356508560224,0.1508599474851787
COc1ncc(C2=C(O)C(=O)N[C@H]2C(=O)NNC(=O)c2ccc(C)cc2C)c(C)n1,8.5,0.5408111502781082,0.7311167821035077,0.16804334586473646
Cc1noc(C)c1CNC(=O)c1ccc(Cn2nc(C(N)=O)ccc2=O)c(C(N)=O)c1,7.6,0.47866212903235245,0.8231742792880191,0.1497284941736967
CCN(CN[C@H]1CCCN(S(C)(=O)=O)C1)C(=O)[C@H]1CCN(c2nnc(C)s2)C1,7.2,0.6287832957427035,0.7057096984533917,0.15974584921120072
CCCn1nc(-c2cc(O)nc(-c3ccc(C)cc3C#N)n2)nc1C,6.9,0.7868813002028977,0.7910088125859898,0.2147383648072668
C[C@@H](C(=O)[O-])C(=O)N[C@H](CCC(=O)NCC(=O)n1cnc2c(c1=O)CCCC2)C(N)=O,7.4,0.34235408325651184,0.678903278238711,0.08599736449326417
CCOc1cc(Cn2nc(C(N)=O)ccc2=O)c(Oc2ccc(Cl)cc2CC(=O)NCc2c(C)noc2C)cn1,7.6,0.2772959859265415,0.7818628653438707,0.08238682495985417
O=C(Cc1cccc(F)c1)NN1CCc2ccccc2C1,7.1,0.9387448527311062,0.8732590176540967,0.291017429812951
CCCCCC1(CC(=O)N[C@H](CC2CCN(C(C)=O)CC2)C2CCC2)CNC(=O)C(=O)N1,6.8,0.3502434682160377,0.6728680508966679,0.08012699753125686
CCc1ccc(O)c(O)c1[C@@H](NNC(=O)c1ccc(Br)c(F)c1)C(=O)N1CCCC1,7.7,0.3760778591485876,0.75882066781521,0.1098696261084136
O=C1C[NH+]=C(N2CCC(F)(F)CC2)N1N1CCc2[nH]c(=O)ccc2C1,8.6,0.6561554930906393,0.6568889983157529,0.18533916957614624
CCC(=O)Nc1nc(-c2ccc(Oc3cc4cc(C)ccc4[nH]3)cc2)c(C)s1,8.0,0.4351274993149505,0.8378190334990203,0.14582324036995897
COc1ccc(S(=O)(=O)NC(=O)CC#N)c(N2C(=N)SC(=Cn3cnc(C)cc3=O)C2=O)c1,7.2,0.5567764796804211,0.7292916787164483,0.14617888327294876
C[C@H](O)CC(=O)N([C@H](C)NC(=O)N1CCOCC1)[C@]1(C)SCC(=O)N1CNC(=O)c1ccc(Br)c(F)c1,6.3,0.38378052236076265,0.6252229116933319,0.07558373832709893
CC(=O)N1CCC(C[C@]23CCCC[C@]2(C(=O)N(C=O)c2ncc(C)c(C)n2)[C@H](C)CC3)CC1,8.8,0.622567508616332,0.6200869160223655,0.16986022523079672
O=C1NC(c2cc(Cl)ccc2O)N(C(F)F)c2ccccc21,6.9,0.8311014019522094,0.7637193278004555,0.21898123039137035
CC(C)[C@@H](C)C(=O)NCC(=O)N1CCC([C@@H](C)O)CC1,5.5,0.7915221815676676,0.7679765102358879,0.16716437176302443
Cc1ccc2[nH]c(CSSCC(=O)Oc3ncc(C(N)=O)cc3Cl)cc2c1,6.7,0.33815259075555126,0.7748979025758024,0.08778130066456187
CC(=O)NCc1cccnc1C1=CC=CNC(=O)COC(CC2CCN(C(C)=O)CC2)=C1,8.1,0.7347428408041987,0.6962326031603274,0.20717852788614113
C[C@@H]1CCCN(C(=O)COCc2cc(CNC(=O)c3ccccc3O)cs2)C1,7.4,0.745686322015557,0.7958674957045617,0.21958297710295668
Cc1ccc2[nH]c(N3CCCN(Cn4nc(C(N)=O)ccc4=O)CC3)cc2c1,8.4,0.710646040468669,0.8148467258067126,0.24320839169902778
O=C(CCl)Nc1ccccc1-c1cnc(-c2ccc(Oc3ccccc3)cc2)c(Cl)c1,7.4,0.3214295832349654,0.8730778790869133,0.10383423175843239
Cc1cccc(NC(=O)[C@@H]2NC(=O)C(O)=C2c2ccc([N+](=O)[O-])cc2[N+](=O)[O-])c1,7.8,0.5128679852099524,0.7573451987194113,0.15148306140850565
C[C@@H]1c2cccc(C3=NN(C)C(=N)/C3=N\N)c2O[C@@H]1C,7.2,0.5992757258192262,0.6564701109747718,0.14162637680389234
CC(C)(C)NS(=O)(=O)c1cc([C@@H]2NC(=O)C(O)=C2C(=O)c2ccc(C(N)=O)cn2)cs1,8.2,0.4653476642404218,0.7106829873639197,0.13559301395593412
O=C1CCCc2sccc2N1CC=Cc1ccc(F)c(O)c1,7.5,0.9301221065179462,0.8155643156239378,0.2844653997183766
CC[C@@H](C=O)SCC(=S)NN1Cc2ccccc2[C@@H](c2ccccc2NC(=O)CCl)C1,7.2,0.3191196368053029,0.6625417148021476,0.07611482570256861
CCC(=O)Nc1nc(COCCNC(=O)N[C@H](C)NC)c(C)s1,6.1,0.39808222839242474,0.7467715521437356,0.09066932749112167
O=C(NN=C1CCCCC1)c1ccnc(C2CCCC2)n1,7.3,0.8676742552441535,0.8217284314766571,0.260242300749976
Cc1cnc(-c2cc(Br)ccc2-c2ccc(F)c(O)c2)nc1C,8.6,0.6850847234747777,0.8462276320627365,0.24928717802261877
N[C@@H](C(=O)N1CCCCC1)N1CCc2[nH]c(=O)ccc2C1,8.0,0.8048945847594984,0.7507775471147874,0.24171871281268464
COc1ncc(-c2cnc(-c3ncccc3CNC(C)=O)nc2N)c(C)n1,7.3,0.6962947674293918,0.7947159187701344,0.20197513557885743
Cc1noc(C)c1CNC(=O)c1ccc(S(=O)(=O)C(=O)N2CCCC[C@H]2C(N)=S)cc1,7.4,0.6433152672914382,0.7597359994121127,0.18083741398711053
CC(=O)NCc1cccnc1N(CC(C)C)C(=O)C(Br)CC(=O)N1CCOCC1(C)C,6.8,0.5577257330551912,0.7090625561886693,0.1344572275369865
CC1CCN(C(=O)NCC=CNc2nc([O-])cc(-c3ccc4c(c3)CNC4=O)n2)CC1,9.1,0.676994566700987,0.7358714697908408,0.22667234901159428
C[C@H](NC(=O)N1CCOCC1)N1CCN(c2ccc(NC(=O)NC3CCCC3)cc2)CC1,7.6,0.648377433926798,0.7912854922067649,0.19495962963739974
C[C@H]1NC[C@@H](C2=NCC(=O)N2n2nc(C(N)=O)ccc2=O)C(=O)N1,7.4,0.532657803279952,0.6009055948678587,0.11842851003215017
CC(=O)N1CCC(Cc2nc(O)cc([C@H]3C(=O)NCCN3C(=O)c3ccc(C4CCCCC4)cc3)n2)CC1,8.7,0.6260801213375647,0.7274539703151134,0.19811834445103502
CC(=O)N1CCC(Cc2ccc(N[C@H]3CCCN(S(C)(=O)=O)C3)cn2)CC1,6.4,0.8222116567463268,0.7823793202469308,0.2058500470733741
Cc1cccc(C2(CCC(=O)N3CCCC[C@H]3C(N)=S)CCC2)c1,6.3,0.8250538578328991,0.7819473214636984,0.20322182607165384
C[C@@H](O[C@@H]1C[NH+](C)C(NS(=O)(=O)c2ccccc2)=NC1=O)C(C)(C)O,6.8,0.610881470798808,0.6052133210548056,0.12570262526241688
C[C@@H]1CCCN(C(=O)CON(CC(C)(C)C)C(=O)N2CCN(NC(=O)c3ccc(Br)c(F)c3)CC2)C1,6.9,0.5297566095008182,0.7211135930110952,0.1317950687739862
C[C@H]1[C@@H]2CC(=O)O[C@@]2(CNC(=O)N2CCCC2)CCN1c1ccccc1NC(=O)CCl,6.9,0.5333225479951204,0.6780243916875839,0.124753965181294
CC(=O)N1CCC(CS(=O)(=O)NS(=O)(=O)C2(C(=O)NC(=O)CCC(F)(F)F)CCCC2)CC1,6.7,0.4819801041972273,0.750118302648072,0.12111660271963928
CN1N=C/C(=N/NNC(=O)Cc2cccc(F)c2)C1=N,8.1,0.6883029759661552,0.7491441851274472,0.20883345968063965
Cc1cccc(NC(=O)C(=O)CCc2ccccc2)c1,7.0,0.8458841589335087,0.9190367964634797,0.27208953366190985
Cc1cnn(-c2ccc(-c3ccc(-c4ccc([C@H]5CCN(c6nnc(C)s6)C5)cc4)cc3)o2)c1,7.6,0.30521601193427117,0.7547357425346078,0.08753582469225227
C/C(=N\C=O)[C@@H](C)NC(=O)OC(=O)N1CCC([C@@H](C)O)CC1,5.9,0.45582432886412944,0.6758830381755,0.09088476001876385
CC[C@H](C(=O)CNC(=O)N1CCC(C)CC1)C(=O)N1CCN(c2ccccc2NC(=O)CCl)CC1,7.8,0.417357359991982,0.7671418778698007,0.12486720046594228
CC[C@H](NC(=O)[C@@H](CC)ONC(=O)C(=O)NC(=O)NC(C)(C)C)n1nc(C(N)=O)ccc1=O,7.6,0.23177914825474213,0.6596211113826246,0.058096839359502224
NC(=O)c1ccc(=O)n(Cc2cccc(CCC(=O)NC3=NCCS3)c2[N+](=O)[O-])n1,7.9,0.47561542799339657,0.7851521526505797,0.14750503846352264
C[C@H](NC(=O)N1CCOCC1)c1nc2c(nc1CCC(=O)NC1=NCCS1)c(=O)n(C)c1ccccc21,8.5,0.48722036337158814,0.714187193887049,0.14788578125141771
O=C1NCc2cc(-c3cccc(-c4ccc(F)c(O)c4)c3)ccc21,8.8,0.7466557388745568,0.8597043447071662,0.2824374003928382
CCOc1cccc(OCCc2ccc(C(=O)CC(c3ccccc3)c3ccc(-n4cc(C)cn4)o3)cc2)c1,7.6,0.162808790050291,0.7605392527258632,0.04705254069837911
CCC(=O)Nc1nc(C(=O)c2cccc(-c3cccc(N[C@H]4CCCN(S(C)(=O)=O)C4)c3)c2)c(C)s1,8.1,0.4175576436440175,0.76749276323581,0.12979135024088514
O=c1c2c(ncn1-c1ncc3c(n1)CCC3)CCCC2,6.8,0.7838648490587568,0.805457711854957,0.2146657958269751
CCNC(=O)NCCOCn1nc(C(N)=O)ccc1=O,6.7,0.5320337389930415,0.8341419124001743,0.14867019956919875
CNC(=O)CNC(=O)CN[C@@H](C(=O)N1CCCC1)N1CCc2[nH]c(=O)ccc2C1,8.2,0.42196872301396315,0.7330842943567163,0.1268288438560313
CC(C)Oc1ccc(C(=O)N2CCCC[C@H]2C(N)=S)cc1C(=O)N1CCOCC1(C)C,7.5,0.6987324653078492,0.7581502980546464,0.19865408506260138
CS(=O)(=O)c1cc(-n2nc(C(N)=O)ccc2=O)c(F)cc1-c1ccc(C(=O)N2CCCC[C@H]2C(N)=S)cc1,8.0,0.3430770151446612,0.746688200270056,0.10246862359695594
CCN(C)C(=O)N[C@H](C)c1ccccc1NC(=O)CCl,5.9,0.8206979851235178,0.818595054740396,0.19818669705696804
Cc1cnn(-c2ccc(-c3ccc(-c4ccccc4NC(=O)CCl)cc3)o2)c1,7.9,0.47033695300617084,0.8366350591400459,0.15543265187515637
Cc1cccc(NC(=O)c2ccc(Oc3ccc(CNC(=O)[C@@H]4CNC(=O)C4)cc3)cc2N(C)C)c1,8.2,0.4491113309218014,0.7889515837784978,0.14527410928768594
COc1cc(=O)c(-c2ccc(SSC)cc2)nn1-n1cnc(C)cc1=O,6.8,0.6213327208950189,0.7325532624398767,0.1547541659957791
COc1ccc(C[N+](=O)[O-])cc1OCC(=O)Nc1ccccc1,6.1,0.6257544855819462,0.8928732533645114,0.1704094302214415
C[C@@H]1CCCN(C(=O)COC[NH2+]CC(=O)c2cccc3c2O[C@H](C)[C@@H]3C)C1,6.1,0.4458655926827346,0.6385275395374923,0.08683272525734034
CN1N=C(C(=O)Nc2ccccn2)/C(=N/N[SH](=O)=O)C1=N,8.3,0.40709494326550344,0.6931114810188836,0.11709730430245138
NC(=O)c1ccc(=O)n(C2=CC(Cl)=CC=CN[C@@H](S(=O)(=O)CC(=O)c3ccc(=O)[nH]n3)N(CC=O)C2=O)n1,9.1,0.23762442707750672,0.569502816321751,0.0615741401036046
Cc1cccc(NC(=O)c2ccc(Br)c(F)c2)c1C(=O)Nc1ccccn1,7.6,0.6276220514662132,0.8781806960980695,0.20944291661637704
CS(=O)(=O)N1CCC[C@H](NOc2ccc(O)c(NC(=O)c3ccc(F)cc3Cl)c2)C1,7.8,0.45446295165103645,0.7705724750441257,0.13657669017314322
CCCn1nc(C2CC3N=C(O)CCCCC3CC2CNC(=O)N2CCC(C)CC2)nc1C,7.0,0.6814357553855641,0.6182505360235456,0.14745430736145715
CC(=O)NC1(CNC(=O)[C@@H]2CNC(=O)C2)CCN(CC(=O)NC(=O)CCC=O)CC1,7.3,0.30784114193682793,0.7180495834778606,0.08068149936695722
NC(=O)c1ccc(=O)n(-c2cccc(-c3cnc(-n4cnc5c(c4=O)CCCC5)cc3O)c2)n1,9.6,0.4733224469274905,0.7770864254519849,0.1765499752171538
Cc1cc(C(O)=NC(=O)N2CCOCC2(C)C)ccc1-c1ccc2c(c1)CNC2=O,7.6,0.5893237524929338,0.7675479401963671,0.17188700828720307
NC(=O)c1ccc(=O)n(Cc2ccc(NC(=O)CC(=O)N3CCCC[C@H]3C(N)=S)cc2)n1,7.4,0.40212013651014294,0.7789792385474121,0.11589999796500344
CCC(=O)Nc1nc(-c2cc3c(cc2NC(C)=O)O[C@H](C)C(=O)N3c2ncccc2CNC(C)=O)cs1,8.9,0.4302774166339098,0.7340273238065892,0.14054674437865972
Cn1nc2c(c1-c1ccc(CN3C[NH+](CNC(=O)c4ccccc4O)C3=O)cc1)CCCC2,8.0,0.5388894028199837,0.6965658134366096,0.15014877409106828
CC(=O)N1CCC(CN2C(=O)Cc3ccccc32)CC1,6.5,0.8238984685849012,0.8684932067198896,0.23255382247269482
Nc1cc(F)c(Oc2ccc(N3CCc4[nH]c(=O)ccc4C3)cc2)cc1F,8.9,0.6924050578233325,0.8267728618270773,0.25474546148406213
NC(=O)c1ccc(=O)n(N2C(=O)Cc3ccccc32)n1,6.9,0.8091168257214634,0.7971617675450295,0.22252396463517815
CCCn1nc(-c2ccc(C)cc2-c2ccc(-n3cc(C)cn3)o2)nc1C,7.4,0.5156231609749247,0.7906218128760284,0.15083527976761937
Cc1cc(-c2ccccc2NC(=O)CCl)c(F)c(Oc2cc(F)c(N)cc2F)c1F,7.7,0.30176724704046237,0.8151829352825817,0.09470827143261641
CCN(C(C)=O)C(=O)NC[C@H](NC(=O)CCC(=O)NC1=NCCS1)C1CCC1,6.8,0.5468729462115629,0.7234443638364297,0.13451493122826857
O=C(CCC(F)(F)F)NC(=O)C1(S(=O)(=O)NS(=O)(=O)CC2=CCOC=C2)CCCC1,7.0,0.5357646527932333,0.684831660180087,0.12841800882336923
Cc1cccc(-c2cccc(-c3cnc(-n4cnc5c(c4=O)CCCC5)cc3O)c2)c1,9.1,0.5249799295368958,0.812818050027084,0.19415448899643867
Cc1cnn(-c2ccc(C(CC(=O)c3ccc(N[C@H]4CCCN(S(C)(=O)=O)C4)cc3)c3ccccc3)o2)c1,7.9,0.3043373573617881,0.7114349904462789,0.08552391674621614
CCN(C)C(=O)N[C@H](C)c1ccnc(C2CCCC2)n1,6.6,0.9196006425510754,0.7742868231571644,0.23497143783107252
C=C1CC(C(=O)Nc2cccc(C)c2)=CC1CN1C(=O)Cc2ccccc21,7.4,0.8392672611562831,0.7497019134432082,0.23280410048426928
CCCNC(=O)c1c(C)cccc1NC(=O)c1ccc(Br)c(F)c1,6.3,0.7965332300187588,0.8886172564331214,0.22296114965788075
NC(=O)c1ccc(=O)n(N2C(=O)CC3=CC=C(Oc4cc(F)c(N)cc4F)C32)n1,9.7,0.7101078176278112,0.6587992615236958,0.22689197533987157
CSC(=O)NNS(=O)(=O)N/N=C1\C(=N)N(C)N=C1CNC(=O)N1CCCC1,6.9,0.33972021359481314,0.7046186214728372,0.0825837500634241
C=C1C=C(N2CCN([C@H](C)NC(=O)N3CCOCC3)CC2)C=CC1CN1C(=O)Cc2ccccc21,7.5,0.7044724889379851,0.6650393834710389,0.17568823114335969
COc1ccc(C[N+](=O)[O-])cc1OCC(=O)NC1=NC=C2CCCC21,7.3,0.627769195053168,0.7246390964909583,0.16604072734248707
CCN(C)C(=O)CCC(=O)NC(=O)C1(S(=O)(=O)NS(=O)(=O)CC2=CCOC=C2)CCCC1,6.4,0.4297277646512533,0.6935830306857447,0.09537660332052054
Cc1cccc(C(=O)NC(=O)c2cc(C)cc(C)c2)c1,7.6,0.8493594117731815,0.9188753389736011,0.2965730586133303
CCNCc1ccc(Oc2ccc(C(=O)Nc3cccc(C)c3)c(N(C)C)c2)cc1,6.9,0.5417360669655584,0.8781895217520661,0.16413269345969353
C[C@@H](NC(=O)CNC(=O)c1ccccc1O)c1ccccc1NC(=O)CCl,7.1,0.5441484995583437,0.8317851502064448,0.1606781977111107
Cc1cnn(-c2cnc(-n3cnc4c(c3=O)CCCC4)cc2O)c1,7.0,0.7756710946139602,0.7737839433693736,0.21007064342181
Cc1cccc(N(C)S(=O)(=O)c2ccc(F)c(O)c2)c1,7.0,0.9467871786419193,0.8791062221644841,0.29131427493338385
CC1=CC(CS(=O)(=O)NS(=O)(=O)C2(C(=O)NC(=O)CCC(F)(F)F)C=C(N)CC2)=CCO1,6.6,0.43202946583300306,0.5993694098830165,0.0854519311761726
O=C(CCc1ccccc1)C(=O)Nn1cnc2c(c1=O)CCCC2,7.5,0.8425541250056052,0.818486061541057,0.25860705277912843
Cc1cccc(C2(CCC(=O)N3C=C[C@@H](O[C@H](C)C(C)(C)O)C(=O)N3)CCC2)c1,6.5,0.7370638814047078,0.6419083740545647,0.1537664302482238
CCC(=O)Nc1nc(-c2c(C(=O)NCc3ccc(-n4cnc(C)cc4=O)cc3)c(O)cc3oc(C)cc23)cs1,9.0,0.27026715735039963,0.7818250427593109,0.09508573433336112
CC1CCN(C(=O)NCC=CNc2nc([O-])cc(C3CCC4=CC=NCC4C3)n2)CC1,8.0,0.7575512583673412,0.6028033270787598,0.18266176759061378
CCN(C)C(=O)N[C@H](C)C=Cc1nccc([C@@H](C)NC(=O)N(C)CC)n1,0.0,0.7783573011952508,0.6759632214458234,0.0
O=C(CCc1cccc(-c2ccc3c(c2)CNC3=O)c1[N+](=O)[O-])NC1=NCCS1,8.2,0.5810557378831249,0.7864748377796931,0.18736414404896212
CCCCC(/N=C(/C)c1ccc(C(=O)NC(C)=O)cc1)[C@@H](ON[C@H]1CCCN(S(C)(=O)=O)C1)C(=O)NC1CC1,6.1,0.2454812026182372,0.6560551924497869,0.04912001137608639
C=C1C=C(N2CCN([C@H](C)NC(=O)N3CCOCC3)CC2)C=CC1CNC(=O)Cc1cccc(F)c1,7.1,0.6036892579084358,0.6787769997658606,0.14546848606225823
O=C(CCc1cccc(-c2ccc3c(c2)CNC3=O)c1[N+](=O)[O-])NC1=CCCS1,7.9,0.5613779486979201,0.7602876273997115,0.16858943993257317
NC(=O)c1cccc(NC(=O)C(=O)CCc2ccccc2)c1,6.8,0.7980728506446007,0.9068212536679727,0.2460612037995692
Cc1cccc(-c2ccc(-c3ccc(-c4ccc(-n5cc(C)cn5)o4)cc3)cc2)c1,8.4,0.3280861376117015,0.8542802745287015,0.11771655659735401
CN(c1cccc(C(N)=O)c1)S(=O)(=O)c1ccc(F)c(O)c1,7.1,0.8886714117507011,0.8686161647164651,0.27402959544566147
COC1=C(n2cc(C)cn2)C(C[N+](=O)[O-])C=C1OCC(=O)NC1=NC=C2CCCC21,6.9,0.5392497223728067,0.5929672472703084,0.11031631109600501
Cc1cc(C(O)=NC(=O)N2CCOCC2(C)C)ccc1C1=CC=CNC1,6.9,0.6316454925904107,0.7225987840415626,0.1574670613874518
Cc1nnc(N2CC[C@H](Oc3ccc(NC(=O)c4ccc(F)cc4Cl)c(O)c3)C2)s1,7.3,0.5670820050584737,0.7845338663105489,0.16238668884943686
C=C1C=C(N2CCN(c3cccc(-c4ccc(F)c(O)c4)c3)CC2)C=CC1CNC(=O)Cc1cccc(F)c1,8.7,0.4295497574080292,0.7294496513184985,0.13630069053287613
O=C1NCCN(C(=O)C2=[SH]C=C(C3CCCCC3)C=C2)[C@H]1c1cc(O)nc(CC2C=CC=CC2)n1,8.4,0.43182293441076414,0.5715016029056519,0.10365074965861305
Cc1cccc(C(=O)NC(=O)C(=O)N2CCOCC2(C)C)c1,7.4,0.78184521177618,0.8244818492014715,0.23850835881798016
CC(=O)NCc1cccnc1-c1cc(C2(c3cccc(C)c3)CCC2)ccc1Cl,8.3,0.5819835168207528,0.8324637683613064,0.20105927948775942
O=C(CCc1cccc(C2CCC3=CC=NCC3C2)c1[N+](=O)[O-])NC1=CCCS1,6.5,0.5510136349246559,0.6283918974931514,0.11253206366834352
CC1(C)COC=C1Cc1nc(O)cc([C@H]2C(=O)NCCN2C(=O)c2ccc(C3CCCCC3)cc2)n1,8.2,0.6559062421770206,0.6797292024286463,0.18279383701381227
CSSc1cnc(-n2cnc3c(c2=O)CCCC3)cc1O,5.9,0.8764969371764365,0.7464295977297589,0.19300176058725216
CC(C)NC(=O)[C@@H]1N[C@H](C(=O)Nc2ccccn2)CCN(C(=O)C(=O)N2CCOCC2(C)C)CCOC1=O,7.8,0.25848706238321356,0.624165090921807,0.06292205430986643
N=C1/C(=N\NNC(=O)Cc2cccc(F)c2)C=NN1C(N)=O,8.4,0.5684508110156323,0.7368023788357715,0.17591108211912546
CCCn1nc(-c2ccc(C)cc2-c2ccc(N3C=C[SH]=N3)o2)nc1C,7.3,0.6775746557887787,0.7009922789484822,0.17336572977347492
CCCn1nc(C2=C([C@@H](C)NC(=O)CNC(=O)c3ccccc3O)C(NC(=O)CCl)=CC2)nc1C,6.8,0.36814506052866136,0.7094115423731913,0.08879656077028124
CNC(=O)C(C)c1n[nH]c(N/N=C2\C(=O)NN=C2C(=O)c2ccc(=O)[nH]n2)n1,8.3,0.27366795498219293,0.6470132846591967,0.07348272302048245
CC(=O)c1nn(-c2cccc(-c3cnc(-n4cnc5c(c4=O)CCCC5)cc3O)c2)c(=O)cc1Cl,8.5,0.43657028751467397,0.7631800225494375,0.1416022317946919
O=C1NCc2cc(-c3cc([O-])nc(NC=CCNC(=O)N4CC=CCC4)n3)ccc21,8.5,0.6458150026181277,0.7075294104502512,0.1941965709264908
Cc1cccc(C2=CN(C(=O)CCC3(c4cccc(C)c4)CCC3)[C@H](C(N)=S)C2)c1,8.4,0.636092337585521,0.727220798006304,0.19428342248474795
COc1c(-c2ncc(Oc3cc(F)c(N)cc3F)cc2Cl)c(C)nn1C,8.2,0.6893774078366445,0.7931016469513713,0.2241660065857871
Cc1cccc(C2(C3=CCC(S(=O)(=O)N(C)c4cccc(C(N)=O)c4)=C3)CCC2)c1,8.1,0.757684637471045,0.7711440962491497,0.2366350341768118
Cc1cccc(C2(CCC(=O)N3C=C(C4CCCC4)C[C@H]3C(N)=S)CCC2)c1,7.0,0.6758398433303485,0.7130044139129355,0.16865687698746784
Cc1cccc(-c2cccc(-c3cnc(-n4cnc5c(c4=O)CCCC5)cc3-c3cc4c(cn3)CCC4)c2)c1,10.2,0.2699485433371338,0.7845133188310651,0.1080068960999835
Cc1cccc(-c2ccc(OCN[C@H]3CCCN(S(C)(=O)=O)C3)cc2)c1,7.4,0.789914019430096,0.8118502283335108,0.23727799450412093
O=c1c2c(ncn1C1=NCc3cc(-c4cccc(-c5ccc(F)c(O)c5)c4)ccc31)CCCC2,9.9,0.4606162383668123,0.7868352010749873,0.17940238991420873
CS(=O)(=O)N1CCC[C@H](C(=O)NCC=CNc2nc([O-])cc(C3CCC4=CC=NCC4C3)n2)C1,0.0,0.588044811518394,0.5815439684197686,0.0
Cc1cccc(C(=O)NC(=O)c2ccccc2[C@@H](C)NC(=O)C=NC(=O)c2ccccc2O)c1,8.4,0.3866763273480988,0.766913491522462,0.12454986276415744
O=C(c1ccc(=O)[nH]n1)c1nc2c(c(-c3ccc(OC(F)(F)F)cc3)n1)CCC2,9.1,0.674277426985556,0.7953650816821318,0.2440150079598069
O=c1c2c(ncn1-c1cc(O)c(-n3cnc4c(c3=O)CCCC4)cn1)CCCC2,7.3,0.7123427891258417,0.7601070722119273,0.1976317290266085
CC1CCN(C(=O)NCC=CNc2nc([O-])cc(C3=CCC4=CC=NCC4C3)n2)CC1,9.1,0.7604504137260292,0.6137272814633945,0.2123526701222242
Nc1cc(F)c(OC(=O)c2ccc(=O)n(N3C(=O)CC4=CC=C(Oc5cc(F)c(N)cc5F)CC43)n2)cc1F,9.5,0.21654895910271008,0.6454372734186207,0.06639016561932445
COc1ncc(-c2cccccc(/N=C/c3cc(C)c(CNC(=O)c4ccccc4O)cc3O)ccc2)c(C)n1,8.3,0.2510297189484467,0.7568895524385578,0.07885073522382173
NC(=O)c1cccc(C2CCN(C(=O)NCC=CNc3nc([O-])cc(-c4ccc5c(c4)CNC5=O)n3)CC2)c1,9.3,0.36574307193379374,0.7334089363657045,0.1247312453770914
C[C@H](NC(=O)N1CC=CC(F)C1)N1CCN(c2ccc(NC(=O)NC3CCCC3)cc2)CC1,7.4,0.592582089934256,0.7092602756061808,0.1555091264776411
Cc1cc(C)cc(-c2cccc(-c3cccc(-c4cnc(-n5cnc6c(c5=O)CCCC6)cc4O)c3)c2)c1,9.3,0.2942838372949745,0.7968984900817282,0.10904917070205729
COc1ncc(-c2ccc(F)c(Oc3cc(F)c(N)cc3F)c2)c(C)n1,7.7,0.7036047957671365,0.826232620828824,0.22381637525724812
CC(=O)c1cc(Oc2ccc(N3CCc4[nH]c(=O)ccc4C3)cc2)c(F)cc1N,7.7,0.5217507264797963,0.8208500723012688,0.16488746179835942
Cc1cccc(C(=O)C(=O)Nc2cccc(C(N)=O)c2)c1,7.7,0.6627939789399179,0.9089472900374511,0.23194124453907247
O=C(C1=C(c2nc(C(=O)c3ccc(=O)[nH]n3)nc3c2CCC3)C=CC1OC(F)(F)F)c1ccc(=O)[nH]n1,8.8,0.46622207068626426,0.6405628023497038,0.13140358709107305
CCNC(=O)COC(C)C(=O)NOC[C@H](C)NC(=O)NCNC(=O)N1CCC(C)CC1,6.7,0.2173623360556831,0.6985188826343154,0.0508636181963141
CC1(C)COC=C1Cc1nc(O)cc([C@H]2C(=O)NCCN2O)n1,7.2,0.7451777421298399,0.6116420077298161,0.16408152371227194
O=CNCc1cccc(-c2cccc(-c3ccc(CCC(=O)NC4=NCCS4)c(O)c3)c2)c1,7.9,0.44207128316355043,0.8121391359814054,0.14181423903050167
CCN(C(=O)N[C@H](C)c1ccccc1NC(=O)CCl)c1ccc2c(c1)CNC2=O,7.8,0.63249014340368,0.7690485706405048,0.18970209988423514
Cc1cc(=O)n(NC(=O)Oc2cc(F)c(N)cc2F)cn1,7.1,0.809955108836703,0.7907645639915672,0.2273717484646592
CC1(C)COC=C1Cc1nc(O)cc([C@H]2C(=O)NCCN2C(N)=O)n1,7.1,0.7166105353529478,0.6320737503449632,0.16079750155912356
CC1=C(n2cnc3c(c2=O)CCCC3)N=CC1n1cnc2c(c1=O)CCCC2,7.0,0.8022253024460146,0.6766830560084554,0.1899982942432668
CCN(C(=O)N[C@H](C)c1ccccc1NC(=O)CCl)C1=CC(C)C2C(=O)NCC2=C1,7.3,0.6052598943806761,0.6488412616240878,0.1433419216203533
NC(=O)c1ccc(=O)n(CN/N=C2\C(=O)NN=C2C(=O)N2CCCN(C(N)=O)CC2)n1,9.5,0.34216079402474797,0.7336339951672152,0.11923487539723215
CC1=C2C(=O)N(C3C=NC(n4cnc5c(c4=O)CCCC5)=C3C)CNC2CC=C1,7.5,0.8337644892633999,0.5959636901583176,0.1863350106541428
COc1c(-c2ncc(Oc3cc(F)c(N)cc3F)cc2Cl)c(N[C@H](C)c2ccccc2NCCCl)nn1C,7.7,0.1473581431834304,0.7058625387762524,0.04004561832687212
CCN(C(=O)N[C@H](C)c1ccccc1NC(=O)CCl)C1CCC2=CC=NCC2C1,6.7,0.6838099832441232,0.6692036946485618,0.15329873602022037
Cc1cc(=O)n(N2C=CC=C[C@@H](C(=O)N3CCCC[C@H]3C(N)=S)C(C)(C)CC2)cn1,7.3,0.7423312252606294,0.5921061837712212,0.16043170174239937
Cc1cc(=O)n(NC(=O)Oc2cc(CN[C@H]3CCCN(S(C)(=O)=O)C3)c(N)cc2F)cn1,7.4,0.5200266462008847,0.7209192165469407,0.1387119648741897
Nc1cc(F)c(OC2=CC=C3CC(=O)N(n4nc(C(=O)n5cnc6c(c5=O)CCCC6)ccc4=O)C32)cc1F,10.3,0.49485226134011157,0.6328497986711459,0.1612810842899412
Cc1cccc(C2(C3=CCC(S(=O)(=O)N(C)c4cc(C(N)=O)cc5c4C(=O)NC5)=C3)CCC2)c1,8.0,0.6640991237104017,0.7216023736187557,0.1916862015950246
CC(=O)N1CCC(CN=C2NS(=O)(=O)C(Oc3cccc(C)c3C)=C2C)CC1,7.6,0.8336487646169273,0.7427908366958236,0.23530613208449389
Cc1ccc2c(c1)C(=O)N(C1=NCc3cc(-c4cccc(-c5ccc(F)c(O)c5)c4)ccc31)CN2,10.3,0.38559366629599023,0.7911639024758917,0.15710991174531203
CSSc1cnc(-c2cc(O)c(-c3cccc(-n4nc(C(N)=O)ccc4=O)c3)cn2)cc1O,8.0,0.3549202677615404,0.7538949155512981,0.10702903411661224
Cc1cccc(-c2ccc(OCN[C@H]3C=CC(NC(=O)c4ccc(Br)c(F)c4)N(S(C)(=O)=O)C3)cc2)c1,6.7,0.30026339518357803,0.695602756577824,0.069969455205353
Cc1cc(C)cc(C2(C(=O)NN=C3CCC(c4c(C(F)(F)F)oc[n+]4C)CC3)CC2)c1,7.5,0.5648110470389814,0.7089610666183358,0.15016089087996576
CC(C)C(SSSSSSCN(C(=O)Nc1nncs1)n1nc(C(N)=O)ccc1=O)C(C)C,6.7,0.18637516188261313,0.6514488816844204,0.040673653412030684
Cc1nnc(N2CC[C@H](S(=O)(=O)NS(=O)(=O)NC(=O)CN(C)C(=O)COCC=O)C2)s1,6.4,0.24026813654024806,0.6802107246868377,0.05229854824806343
CCCn1nc([C@@H](C)N(C)C(=O)N[C@H](C)C(C)C(=O)NCC(N)=O)nc1C,6.4,0.5661428716052997,0.6645872960522897,0.12040043527022234
CC(NCCNCC(=O)N1CCCCC1)NC(=O)c1ccc(F)cc1Cl,7.2,0.4713282239828047,0.7907374780700754,0.13417088082314782
Cc1cc(C)cc(C2([C@@H](C)NC(=O)N(C)[C@H](C)c3nc(C(C)C)cn3N)CC2)c1,7.1,0.7187448091180929,0.6636324069836608,0.16932873342712837
CC(=O)NCC(=O)N(/C=C1/SC(=N)N(n2cnc(C)cc2=O)C1=O)CCCCC(=O)N(C)C,6.3,0.3682846776832636,0.7116289551977696,0.0825558427244528
C[C@@H]1CCCC[C@H]1NC(=S)NNC(=O)CN/N=C1\SC(=N)N=C1NC(=O)c1ccc(F)cc1Cl,8.4,0.25501679015035367,0.6708837431657176,0.07185637987339374
CCC(=O)Nc1nc(C2=NNC(=O)/C2=N\NCPN=C(O)N2CC[NH+](C)CC2)c(C)s1,7.6,0.11252324278151836,0.529279765990362,0.022631384730993916
C[C@@H]1c2cccc(-c3csc(C(O)=NC(=O)c4ccc(C(N)=O)cn4)c3-c3ccccc3)c2O[C@@H]1C,0.0,0.27487701745648807,0.6912289466387098,0.0
C[C@@H](O)C1CCN(C(=O)[C@@H]2C(=O)CC[C@@](O)(c3ccccc3NC(=O)CCl)[C@H]2c2cccc(F)c2)CC1,8.0,0.3908356131732599,0.6573415569757901,0.1027649961939593
CC(=O)N1CCC(Cc2ccc(Cn3nc(C(N)=O)ccc3=O)cc2)CC1,7.6,0.856967340428129,0.8602430442762073,0.28013607363456794
CCOc1c(CNC(=O)N2CCCC2)cccc1C(=O)N1CCCC[C@H]1C(N)=S,6.7,0.6937294267487216,0.7913796039251968,0.18391611185550516
CC1CCN(C(=O)NC[C@H]2Cc3ccccc3[C@@H]2N=C(C(=O)c2ccc(C(N)=O)cn2)C(C)(C)C)CC1,0.0,0.4535213175613608,0.6841807223387248,0.0
Cc1cnn(-c2ccc(-c3ccc(C(=O)c4ccc(C(N)=O)cn4)cc3[SH](=O)=O)o2)c1,8.7,0.348700897688599,0.7425719138643961,0.11263693943884234
Cn1c(C(=O)N2CCCC[C@H]2C(N)=S)cc2c1CCN(C(C)(C)C(=O)[O-])C2,5.9,0.736718360074383,0.6887401765499646,0.14968522234864312
CS(=O)(=O)CCC(=O)Nc1csc(=O)n1Oc1cc(F)c(N)cc1F,7.1,0.7062423631959874,0.7609809890662258,0.19079013928319966
COc1cn(C)c(C2=CC=C(Cl)C=CC3=CC=CC=CN(C(=O)N4CCOCC4(C)C)C(=O)CO[C@@H]23)cc1=O,8.2,0.5512259528311327,0.562707080405782,0.12717328609021583
O=C1CCCc2sccc2N1c1ncnc2c1CCC2,6.4,0.8087872103036347,0.79607648630085,0.20603407377394692
NC(=O)c1ccc(=O)n(CN2C(=O)N[SH](=O)=C2C(=O)Nc2ccccn2)n1,7.8,0.3335659391862453,0.6803474066167013,0.08850688144780025
O=C1N[C@@H](c2ccc(S(=O)(=O)N[SH](=O)=O)cc2)C(NC(=O)c2ccc(F)cc2Cl)=C1O,8.7,0.37248194857790284,0.7056751935513066,0.11434030295332953
Cn1c(CNC(=O)c2ccccc2O)cc2c1CCN(c1ccc(C(C)(C)C)cc1)C2,8.3,0.6561760844357936,0.8298435319015314,0.22597724397486932
Cc1oc(CNC(=O)c2ccccc2O)cccccc1NC(=O)Cc1cccc(F)c1,8.1,0.5258813774595507,0.8238752067106232,0.1754705545667006
CC(=O)N1CCC(CN(C)C(=O)N[C@@H](C2CCC2)[C@@H]2CC[S@@+]([O-])C2)CC1,6.7,0.7360126804281616,0.6349054426758041,0.15654498298855277
Cc1cnn(-c2ccc(NC(=O)NC(=O)Cc3cccc(F)c3)o2)c1,7.4,0.7628811477431648,0.807953136993976,0.2280577200948823
Cc1cnn(-c2ccc(-c3ccc(-c4ccc(-c5cccc6c5O[C@H](C)[C@@H]6C)o4)cc3)o2)c1,8.8,0.29762980323054006,0.708762628845047,0.09281750797453714
CC1CCN(C(=O)NCc2ccc(C(=O)NC3=NCCS3)cc2)CC1,7.5,0.8695315433809482,0.8534528541000311,0.27828906653567825
O=c1ccc2c([nH]1)CCN(CCc1ccnc(C3CCCC3)n1)C2,7.8,0.9380851146846514,0.8066418829802833,0.2951125098889509
CCC(=O)Nc1nc(Nc2ccc(F)cc2NC(=O)c2ccc(Br)c(F)c2)c(C)s1,8.6,0.40164324371735943,0.8294962741916889,0.1432594769136601
CN(C(=O)CCS(=O)(=O)NS(=O)(=O)NC(=O)c1ccc(Br)c(F)c1)C(C)(C)C,5.2,0.5752791261358031,0.7815239480289348,0.11689454760783498
O=C(NCc1cnc(NCCO)c(Cl)c1)c1ccccc1O,6.7,0.6503438431304347,0.8757103355538288,0.19078679640619506
CC1CCN(C(=O)NC[C@@H]2CC(=O)CC(=O)N[C@H](C3CCCC(NCC(=O)N4CCCCC4)C3)[C@H](C)C2)CC1,8.1,0.4445012020934094,0.5828451660599911,0.10492552766393953
NC(=O)NC(=O)[C@H](Nn1cnc2c(c1=O)CCCC2)c1ccc(-c2ccccc2)nn1,9.9,0.5605072757538814,0.7306117124631064,0.20270902439035404
Cc1cc(=O)n(-c2ccc(NCC(=O)N3CCCCC3)cc2)cn1,6.6,0.9326005806936004,0.8642506100360404,0.2659802048588552
C[C@@H]1CO[C@@H](C)C[C@H](c2cc(N)cc(C(=O)Nc3ccccn3)c2)N1NCC(=O)N1CCCCC1,9.0,0.5449761248523437,0.6764716524772257,0.16589740488277493
Cc1noc(C)c1CNC(=O)c1cc2cc(c1C)[C@H](NC(=O)c1ccc(F)cc1Cl)C[C@H](C)O2,8.2,0.5321865791914804,0.6270035260127056,0.13680997327637626
Cc1cnc(-c2cccc(NC(F)(F)CNC(=O)N3CCC(C)CC3)c2)nc1C,7.6,0.734146253153965,0.8007622072003956,0.22339309815171837
COc1cn(C)c(-c2ccccc2NCC(=O)N2CCCCC2)cc1=O,6.7,0.8949968207307842,0.8412614958576989,0.25223033200561457
Cc1cccc(C2(c3ccc(N4CCC(C5CCC(CNC(=O)N6CCCC6)CC5)CC4)cc3)CCC2)c1,8.2,0.44005297876282073,0.8134385770218151,0.14676198823220635
C/C(=N\C(=O)Nc1ccc(NCC(=O)N2CCCCC2)cc1)Oc1ncc(C(N)=O)cc1Cl,7.4,0.43512729084660223,0.7979495061220175,0.12846755452756536
CC(C)[C@@H](C)C(=O)NCN1C(=O)CCCc2sccc21,6.0,0.9280197276967718,0.7523358990812403,0.20945476686056355
CC(=O)NC1(N2CCCN(S(C)(=O)=O)CC2)CCN(C(=O)c2ccc(=O)[nH]n2)CC1,7.2,0.6005353551424332,0.7621526226624954,0.16477185453240906
CCCN(C(=O)CC(C)C)C(=O)C(=O)NC(=O)[C@@H](C)C[C@@H](C(=O)NCC(=O)Nc1ccccn1)C(C)C,7.0,0.3576693346363569,0.6899108224435823,0.08636598068763623
NC(=O)c1ccc(=O)n(Cc2ccc(S(=O)(=O)NC(=O)Cc3cccc(F)c3)cc2)n1,7.6,0.545992566300401,0.8541237983872509,0.17721119295548657
COc1cn(C)c(-c2ccc(N[C@H]3CCCN(S(C)(=O)=O)C3)cc2)cc1=O,6.7,0.8419868231243135,0.7812393040525988,0.2203607219058976
CC1CCN(C(=O)NCOc2ccc(Oc3ncc(C(N)=O)cc3Cl)cc2)CC1,7.4,0.6988918468499837,0.8335466951905747,0.21554682601785322
CC(C)=C(NC(=O)c1ccc(-n2cc(C)cn2)o1)C(=O)Nc1ccc(-c2ccc(F)cc2)cc1,8.4,0.38675853652968023,0.8043982546880408,0.1306653145434738
Cc1ccc(S(=O)(=O)N=C2NC(=O)CCC[C@H]2C)cc1,6.8,0.9063056114658375,0.761082192787534,0.23452284111742258
Cc1cc(-c2ncc(C)c(C)n2)c(C)cc1OC(=O)NC1=NCCS1,7.8,0.8900669523496101,0.7925347466519237,0.2751095047676228
Cc1ccc2[nH]c(C(=O)N(C)C(=O)c3ccc(=O)[nH]n3)cc2c1,7.9,0.7001509590254644,0.820455516678121,0.22690487315176816
Cc1noc(C)c1CNC(=O)c1ccc(Cl)c(C(=O)N2CCOCC2(C)C)c1,8.0,0.8442253792871841,0.8251400874450743,0.2786416813153512
CCCn1nc(N[C@@H](C(=O)NC(N)=O)C(=O)N(C(=O)CC)C(C)C)nc1C,7.4,0.54164545063989,0.6989557244209628,0.14007688968258958
CCC(=O)Nc1nc(C(=O)NC(C(N)=O)=C(C)C)cs1,6.3,0.703058505920282,0.8075109848371714,0.17883415195185873
CC(C)/N=C/CNC(=O)NCCS(=O)(=O)CN(CC(C)(C)C)C(=O)NCC(=O)N1CCCCC1,6.5,0.36434899041049246,0.7452904508976285,0.0882523925878178
Cc1cccc(C2(c3ccc(-c4cc5cc(C)ccc5[nH]4)cc3)CCC2)c1,7.9,0.4120846022766258,0.854148068671515,0.1390326005297205
Cc1noc(C)c1CNC(=O)S(=O)(=O)NC(=O)CO[SH](=O)=O,6.4,0.5329294976115007,0.6999996741351584,0.11937615189282053
C[C@@H]1CCCN(C(=O)COc2ccc(NC(=O)Cc3cccc(F)c3)cc2)C1,7.2,0.8271950557461694,0.8475686495507156,0.2523976546729715
C[C@@H](C=O)[C@@H](O)C(=O)NOc1ncc(C(N)=O)cc1Cl,7.4,0.4764896599484113,0.6795201967380652,0.11980020856456534
Cc1cc(=O)n(-c2ccc(CNC(=O)N3CCCC3)cc2I)cn1,7.8,0.7493795574344264,0.8334383108688816,0.2435790366936492
Cc1cccc(C2(C(=O)OCNC(=O)N3CCCC3)CCC2)c1,7.0,0.6861834742738404,0.8357078095775292,0.20070711088879148
COc1cc(NC(=O)NC2CCCC2)ccc1Oc1ccc(-c2ccccc2NC(=O)CCl)cc1,7.6,0.31682313527278727,0.8656642832832032,0.1042197394829128
CC1=NNC(NC(=O)NC(=O)c2ccc(Br)c(F)c2)=C(C)[NH2+]C(C(=O)NC2=NCCS2)=N1,7.9,0.38458396554245017,0.676024994146538,0.10269540735660147
CN(CC(C)(C)C)C(=O)c1cc(C(=O)NN=C2CCC(C(=O)c3ccc(=O)[nH]n3)CC2)cc[n+]1[O-],8.5,0.27658681360003806,0.7293597088353737,0.08573579307988671
CC1CCN(C(=O)NCc2ccc(-c3cccc4c3O[C@H](C)[C@@H]4C)cc2O)CC1,0.0,0.7794819314682828,0.7494271025320152,0.0
Cc1ccc2[nH]c(-c3ccc(S(=O)(=O)Nc4ccc(-n5cnc(C)cc5=O)cc4)cc3)cc2c1,8.2,0.3856507547612774,0.8381278211696692,0.1325220969964082
Cc1cnn(-c2ccc(-c3ccc(C(=O)Nc4ccccn4)cc3)o2)c1,8.4,0.605095810135851,0.846162130500439,0.21504384714180516
CNC(=O)[C@H](C[C@@H](C)O)NC(=O)C[C@H]1CN(C(=O)Nc2ccccn2)Cc2ccccc21,8.1,0.5218439531932916,0.713854337649141,0.15087083067301763
COc1cc(=O)n(NC(=O)c2ccc(Br)c(F)c2)nc1-c1cccc(S(C)(=O)=O)c1,7.0,0.5822886951710413,0.8104660497291108,0.16517382650201728
CCCn1nc(-c2ccc(C(=O)c3ccc(C(N)=O)cn3)c(O)c2)nc1C,7.0,0.6446691218290879,0.8258923290265445,0.18634954886762287
CC(=O)N1CCC(CCc2cccc(OC3(c4cccc(C)c4)CCC3)c2)CC1,7.0,0.6372181374498795,0.8339753011717226,0.18599846583214658
CNC(=O)CNC(=O)CO[C@@H](C(=O)NC1CC1)N1C(=O)CCCc2sccc21,6.8,0.5554597619846144,0.7360069730221159,0.13899956773831953
C[C@@H](O)C1CCN(C(=O)C2=[NH+]N(N3C(=O)CCCc4sccc43)CC2)CC1,7.1,0.7658932564594937,0.6523580572993519,0.17737100609331932
CNC(=O)NC(=O)[C@H](S)C(=O)N1CCC([C@@H](C)O)CC1,6.7,0.41158837665672754,0.7122374681459025,0.09820480220827035
CC1=C(c2cc3cc(C)ccc3[nH]2)S(=O)(=O)N/C1=N\c1ccc(S(=O)(=O)O)cc1,7.5,0.5489397210566916,0.7557282993181544,0.1555684806833834
CCNc1n[nH+]c(N2CCc3ccccc3C2)c(C)c1C,6.9,0.9408779045398912,0.7454878028579641,0.24198748562550187
CC(C)N(CC(=O)NC(N)=[NH2+])C(=O)C(=O)O[C@H](C(=O)NC1CC1)C(=O)c1ccc(C(N)=O)cn1,6.7,0.05824107559140072,0.6808769733038386,0.013284427435662055
CC(C)[C@@H](CC=O)C(=O)NCOCC(=O)N1CCC[C@@H](C)C1,5.4,0.4149589371315626,0.7170126818087029,0.08033332149536149
C[C@@H](c1ccccc1NC(=O)CCl)[C@@H](O)C(=O)Nc1cccc(S(C)(=O)=O)c1,7.3,0.5904439954930321,0.7702543262951856,0.1659990953166859
CC(=O)N1CCC(CN2CCCC[C@H]2C(=O)N2CCCC[C@H]2C(N)=S)CC1,6.5,0.7361098446713634,0.7548527297849232,0.18058772084331373
CC(=O)NC1CCN(c2ccc(-n3cc(C)cn3)o2)CC1,6.9,0.936363958284704,0.7973706233707846,0.25758704402619637
CN1N=C(NC(=O)c2ccc(F)cc2Cl)/C(=N/NS(=O)(=O)NC(=O)CN2CCCS(=O)(=O)CC2)C1=N,9.0,0.31155218796744266,0.7312028817847334,0.10251353595065985
COc1cc(=O)n(CCC(=O)NC2=NCCS2)nc1C(C)(C)CNC=O,6.2,0.6071564281883406,0.7479606122818154,0.1407800190713633
Cc1ccc(CNC(=O)N2CCC(C)CC2)c(NC(=O)NC2CCCC2)c1,7.8,0.7472651565487345,0.8651005341547496,0.2521191995733617
CCCn1nc(-c2cccc(N[C@H]3CCN(c4nnc(C)s4)C3)c2[N+](=O)[O-])nc1C,7.2,0.44954981217799345,0.7344804726453904,0.11886680106941008
CS(=O)(=O)NS(=O)(=O)S(=O)(=O)CNC(=O)Nc1ccc(F)c(O)c1,7.1,0.42742631678268117,0.7728239261075331,0.11726547591147421
CC(C)[C@@H](CC(=O)[C@H](CO)C(=O)NC(=O)CCC(=O)[O-])C(=O)NCNCC(=O)N1CCCCC1,6.4,0.11948988229742688,0.658791361542764,0.02519004871977807
C[C@H]1CN(CCNC(=O)[C@@H]2CNC(=O)C2)CCN1NCC(=O)N1CCCCC1,6.4,0.49998639819997687,0.7061921096959954,0.112987663796526
CC[C@H](NC(=O)[C@H](C)Nn1cnc2c(c1=O)CCCC2)c1ccc(-c2cc3cc(C)ccc3[nH]2)cc1,7.5,0.35283788259604715,0.7052167309085041,0.0933101917893986
NC(=O)c1ccc(=O)n([C@@H](NC(=O)CNC(=O)NNC=O)C2CCC2)n1,7.5,0.25571972083140515,0.7141730885718639,0.06848555356308729
CC1=C(c2nccc(C)n2)S(=O)(=O)NC1=NNCC(=O)N1CCCCC1,7.1,0.73109932998958,0.7357989947897186,0.19096946399470824
O=C1CCCc2sccc2N1c1cc(O)nc(N2CCCCC2)n1,7.4,0.9055987489531104,0.7926495907654559,0.26559431676949496
CCNc1n[nH+]c([C@@H]2NC(=O)C(O)=C2c2cccc(CNC(=O)C=O)c2)c(C)c1C,8.6,0.3957177677936499,0.6530271553036252,0.11111821272831672
Cc1cc(=O)n(-[n+]2c(C)cc(N3CCc4[nH]c(=O)ccc4C3)cc2-c2ccccc2)cn1,8.2,0.5106755409521838,0.7367483980020865,0.15425814854510184
Cn1nc2c(c1-c1cccc(-c3ccc(F)c(O)c3)c1)CCCC2,8.6,0.7553295424822123,0.8382064628788497,0.27224250476812345
NC(=O)c1cnc(ON2C(=O)C[NH+]=C2c2cccc(Cl)c2)c(Cl)c1,7.9,0.8048064999569358,0.7258952197633237,0.23076105050551055
C[C@H](NC(=O)N1CCOCC1)c1ncc2c(n1)CCC2,7.2,0.8770545572351183,0.7791910956088505,0.2460215164898761
CCCn1nc([C@@H]2CC=C(O[C@@H](OC)C(=O)OC(=O)NC(=O)Cc3cccc(F)c3)CC2)nc1C,7.2,0.3241985259630011,0.6580328615629613,0.07679998215141394
CCOc1ccc(C(=O)C(=O)c2ccc(=O)[nH]n2)cc1Oc1cc(F)c(N)cc1F,7.9,0.34533642883991605,0.8136729192333942,0.11099140556786488
CC1=C(c2ccc3ccc(Cl)c(Cl)c3c2)S(=O)(=O)NC1=NC1(c2cc(C)cc(C)c2)CC1,8.3,0.45957917777471974,0.7268217333623784,0.13862333586210357
Cc1cc(=O)n(C2C[C@@H](c3ccc4c(c3)CNC4=O)NC(=O)c3ccccc32)cn1,9.5,0.6901311710618475,0.7038333064095276,0.23072521939275123
CC(=O)NCc1cccnc1-c1nc(O)cc(-c2cncc(Cl)c2)n1,8.1,0.7455945171880443,0.8101999408943009,0.24465265667153163
NC(=O)c1ccc(=O)n([C@H](NC(=O)N2CCN(c3ccc(Cl)cc3)CC2)C2CCC2)n1,9.0,0.7298265916081682,0.7632783513130852,0.25067737691420894
COc1cc([N+](=O)[O-])ccc1-c1nc(O)cc(C2(c3cccc(C)c3)CCC2)n1,7.7,0.5061999518427838,0.80526420150239,0.1569355095081726
Cc1c(C(=O)c2ccc(=O)[nH]n2)ccc(-c2ccccc2NC(=O)CCl)c1C,7.7,0.5108129803290444,0.8288577415858054,0.16300564790057478
CCC(=O)Nc1nc(-c2csc(=O)n2CN(C[C@@H](C)O)S(=O)(=O)c2ccccc2)cs1,6.5,0.4830525786763231,0.7437365360847424,0.1167607517737476
Cc1cnn(-c2ccc(CC(=O)N(C)N=C[C@H](C)NC(=O)N3CCOCC3)o2)c1,7.7,0.577221692261985,0.6766856076775418,0.15038008046328977
CC(C)CC(=O)N(CCC(=O)NCC(=O)c1ccc(F)c(O)c1)C(=O)N1CCCCCC1,7.4,0.5933391313006693,0.807824006089651,0.17734602978631223
Nc1cc(F)c(ONC(=O)NC(=O)c2ccc(Br)c(F)c2)cc1F,8.9,0.5420210245510374,0.8150748823969012,0.1965955366649502
COc1cc(C2(c3cc(C)cc(C)c3)CC2)ccc1-c1cc(N2CCc3[nH]c(=O)ccc3C2)ccc1F,8.9,0.3468641357471893,0.7859079341142949,0.1213084579728192
Cc1cc(=O)n(-c2ccc(OCC(=O)N3CCC[C@@H](C)C3)c(N)c2)cn1,7.1,0.843207094202993,0.7898030207465772,0.23641846609134595
C[C@@H](O)C1CCN(C(=O)c2csc(=O)n2C2CCN(C(=O)C(=O)N3CCc4sccc4C3)CC2)CC1,8.1,0.6090692257738545,0.7123832579866424,0.17572574135545302
O=C(Nc1ccccc1C(=O)NC1=NCCS1)c1ccc(F)cc1Cl,7.8,0.8586706292120985,0.8659869398108773,0.2900030446937776
Cc1ccc2[nH]c(-c3ccc(C4CN=C(NC(=O)c5ccc(F)cc5Cl)N4)cc3)cc2c1,8.1,0.3959105903656073,0.7699394354584642,0.12345500645743977
CC(=O)N1CCC(CC(=O)N[C@@H](CC(=O)N(C)C(C)(C)CNC=O)C2CCC2)CC1,6.7,0.5184452701168912,0.7161280900969297,0.12437652907137971
CCNc1n[nH+]c(NC(=O)CC(=O)N(C)C=C2CCOC(C)(C)C2)c(C)c1C,6.9,0.7259324993844686,0.6483571913937571,0.16237892697261574
C[C@@H]1CCCN(C(=O)CO[C@@H]2CCCCN2C(=O)N2CCCC[C@H]2C(N)=S)C1,6.7,0.7198596543778936,0.7000159627786523,0.16881093842332445
CCc1cccc(C(F)(F)F)c1-c1cc2c(n1C)CCN(CCC(=O)NC1=NCCS1)C2,7.4,0.7202719968407972,0.7643610029816481,0.2037026955921857
COC(=O)c1c(C)c(C)n(Cc2ccc(Br)cc2)c1C,6.0,0.7932635350660552,0.8832714643297263,0.2102001132651509
CC[C@@H](O)C(=O)N[C@@H](CC)c1ccc(-n2cc(C)cn2)o1,6.1,0.8539099679314285,0.6945777070832325,0.1808975824123051
Cc1ccc(C)c2c1C(=O)N(CNC(=O)N1CCC(C)CC1)C2NC(=O)Cc1cccc(F)c1,7.9,0.7058158801960477,0.7409633700649724,0.20657856672799815
CC1(C)COCCN1C(=O)c1ccc(C#CC(=O)N2CCCC[C@H]2C(N)=S)nc1NCCCO,7.3,0.310434158904715,0.6933319530609237,0.07856038141693437
CCCn1nc(-c2cc(C)ccc2-c2ccc3c(c2)CNC3=O)nc1C,7.5,0.779697287008341,0.8215941361903395,0.24022301962858839
Cc1cnn(-c2ccc(-c3ccc(NC(=O)Cc4cccc(F)c4)cc3)o2)c1,7.4,0.5470082335366805,0.8491575662625532,0.1718635867167668
C[C@H](NC(=O)N1CCOCC1)[C@H]1C[C@H](N(C)C(=O)NC(=O)NC2CCCC2)C1,0.0,0.6709124268473443,0.7579886298268497,0.0
COc1ncc(-c2ccc(Oc3ccc(Oc4ncc(C(N)=O)cc4Cl)cc3)o2)c(C)n1,7.6,0.42439987545533536,0.7984735661449806,0.12877139116999675
Cc1cccc(C2(c3ccccc3-c3ccc(F)c(O)c3)CCC2)c1,7.3,0.625622629421452,0.8571871564956012,0.19574062420487262
Cc1cc(NC(=O)Cc2cccc(F)c2)ccc1NC(=O)c1ccc(F)cc1Cl,7.8,0.5900814743540127,0.8997739830788384,0.20706658382301196
CNC(=N)NC(=O)CNC(=O)CCCC(=O)NCC(=O)c1ccc2c(c1)CNC2=O,6.9,0.16752051343094393,0.7877161073705583,0.04552571932686647
COc1cn(C)c(C2=NNC(=O)/C2=N\NC(=O)CC(=O)NCC=O)cc1=O,6.8,0.26873053688351306,0.7321658148200305,0.06689680625147613
O=C(NNCC(=O)N1CCCCC1)C(=O)c1ccnc(C2CCCC2)n1,7.9,0.4451576632852897,0.7975358686920718,0.14023653545880072
COc1cn(C)c(-c2ccc3c(c2)CC(=O)N3C(=O)NC(=O)CNCc2n[nH]c(C3=CC=CCC3)n2)cc1=O,7.0,0.41936973810728934,0.7127077001019682,0.10461081453858381
CC(C)=C(NC=O)C(=O)Nn1nc(C(N)=O)ccc1=O,7.8,0.44260222700325796,0.726548430410466,0.12541306179690362
CC(=O)NC1(c2cccc3c2O[C@H](C)[C@@H]3C)CCNCC1,6.4,0.8776222854806821,0.6974908258172163,0.1958827176497644
Cc1cc(C)cc(C2(c3ncnc4c3CCC4)CC2)c1,7.1,0.826912387431915,0.799967160835949,0.23483347796606474
COc1cc(=O)cnn1NC(=O)Cc1cccc(F)c1,7.3,0.8926574672104741,0.7959724818307438,0.2593437345540974
Cc1cccc(NC(=O)N(C)C(=O)Nc2nncs2)c1,7.3,0.8897391257439775,0.8392809983142602,0.2725605167181868
O=C(O)N[C@H](CC[C@@H]1CNC(CNC(=O)[C@@H]2CNC(=O)C2)=NCCO1)NC(=O)NC1CCCC1,7.9,0.21120927368486556,0.6304307249621952,0.052595362133515955
CCC(C(=O)NS(=O)(=O)c1ccc(-c2ncccc2CNC(C)=O)cc1C#N)C(=O)c1ccc(C(N)=O)cn1,8.0,0.2475007501115245,0.7300737539681852,0.07227752069754496
CCNC(=NCCOC(=O)[C@H](C)C1(c2cccc(C)c2)CCC1)c1ccccc1NC(=O)CCl,6.5,0.16665733770022584,0.7238619935467536,0.03920699662973601
COc1ccc(C(CC(=O)[C@H]2CCN(c3nnc(C)s3)C2)c2ccccc2)cc1,8.0,0.5782486351528203,0.7687301758814298,0.17780687000168974
Cc1noc(C)c1CNC(=O)N1C(=O)CN=C1C(=O)CSCCC[SH](=O)=O,6.2,0.4250460864795427,0.6890236110778267,0.09078870470799615
CCCn1nc([C@@H]2NC(=O)C(O)=C2C(CCOCC)C2CCN(c3cc[nH+]c(OC)c3)C2)nc1C,7.3,0.46955520402073336,0.5555288350724084,0.09521078125451614
C[C@@H]1CCCN(C(=O)CON2C(=S)N(C(=O)c3ccc(=O)[nH]n3)C(=O)[C@H]2C)C1,6.7,0.5441946860374741,0.6738047495561352,0.12283812298531208
CC(N[C@H](CNC(=O)c1ccccc1O)C(=O)N1CCCCC1)C(=O)NNC(=O)[C@@H](C)N,7.6,0.27679021298694073,0.7323472941370973,0.07702849413935442
COc1ncc(-c2ccc(-c3cc(F)ccc3-c3c4c(nn3C)CCCC4)cc2)c(C)n1,8.0,0.4278816649234184,0.8109858561960664,0.13880239135140676
CC(=O)C1=C[C@H](c2cccc(-c3ccccc3Cl)c2)ON1c1ccccc1,7.3,0.5619778693146137,0.7686483849204488,0.1576666342875452
CCN(C(=O)c1ncccc1CNC(C)=O)c1c2c(nn1C)CCCC2,7.0,0.889479782152788,0.7895256544314466,0.24579348748770216
O=C(Nc1cc(NC(=O)c2ccc(F)cc2Cl)ccc1Cl)C(=O)c1ccc(=O)[nH]n1,8.8,0.4079244758094133,0.8446632806791775,0.15160588344286566
CCNc1n[nH+]c(N2CCc3ccccc3C2)c(C)c1C,7.4,0.9408779045398912,0.7454878028579641,0.25952281067082805
CCC(=O)Nc1nc(Oc2ccccc2NC(=O)c2ccc(Br)c(F)c2)c(C)s1,8.2,0.4732602277239405,0.8434400799449351,0.16365832416555778
Cc1noc(C)c1CNC(=O)OCCn1cnc2c(c1=O)CCCC2,6.9,0.8836649151073669,0.8132216093666736,0.2479223145195449
CCNc1n[nH+]c(-c2ccc(OC(=O)Nc3cccc(C)c3)cc2C(=O)O)c(C)c1C,7.5,0.548703764610906,0.7643656588523674,0.15727886795684606
CC[NH+](C)c1ccc([C@H]2CN(c3cc4cc(C)ccc4[nH]3)Cc3ccccc32)cc1,9.2,0.508812917657948,0.6593326833757849,0.15431941371441146
Cc1ccc2[nH]c(-c3ccccc3-c3c4c(nn3C)CCCC4)cc2c1,8.6,0.5185748603846795,0.8312609159255402,0.18536053577031095
CCCn1nc(-c2cccc(CC(=O)N(CC)c3ccc(NC(=O)c4ccc(F)cc4Cl)cc3)c2C)nc1C,7.0,0.25547394506416743,0.8128337410335137,0.07268024487608415
O=c1ccc2c([nH]1)CCN(c1ccc3ncsc3c1)C2,6.6,0.7463997966113042,0.8132676205902895,0.2003175195777199
O=C1C[C@H](C(=O)NCS(=O)(=O)NCNC(=O)N2CCCC2)CN1,6.8,0.40721610054030877,0.7257638827298162,0.10048453100099808
O=C(NCC1=CC=CC=CC(Oc2cccc(NC(=O)c3ccc(F)cc3Cl)c2)=CCC1)c1ccccc1O,8.7,0.29982006423974006,0.7458680579119051,0.09727740093132013
O=C(NCc1ccc(CN2CCc3[nH]c(=O)ccc3C2)cc1)NC(=O)Oc1ccc(F)c(O)c1,8.6,0.45856429616105493,0.8133321034852917,0.16037497733936693
CCN(C)C(=O)N[C@H](C)NC(=O)c1ccc(F)cc1Cl,6.8,0.8377418302557417,0.7953798098874153,0.22654979881240603
CCOc1cc(C)c(S(=O)(=O)N(C)C)cc1NC(=O)N[C@@H](C)COC(=O)Nc1cccc(C)c1,7.1,0.4899008794108087,0.788205234173404,0.1370805652691023
C[C@H]([C@@H](C)NC(=O)C(N)=O)N(C)C(=O)N[C@H](C)n1cnc2c(c1=O)CCCC2,0.0,0.5883671770060531,0.6436890091921543,0.0
NC(=O)c1cnc(O[C@H]2CNCc3ccccc32)c(Cl)c1,7.7,0.9096192052100025,0.7673860086532489,0.2687411847429711
CCNC(=O)N(C)[C@H](C)OCC(=O)N1CCC[C@@H](C)C1,5.9,0.773800112892216,0.7402322969369578,0.1689735913062033
CS(=O)(=O)NS(=O)(=O)NC1=C(O)C(=O)N[C@H]1c1ccc(F)c(O)c1,8.2,0.43022492570765214,0.6930955254984698,0.12225665809601295
Cc1cccc(C2(c3cc(C)ccc3C(=O)CNC(=O)[C@@H]3CNC(=O)C3)CCC2)c1,9.0,0.726242320943889,0.7535715306070367,0.24627399182338197
CCCn1nc(-c2cc(-c3[nH+]nc(NCC)c(C)c3C)ccc2O)nc1C,7.1,0.6976029300256639,0.7140685341547497,0.17683838709124688
Cc1cccc(NC(=O)C2=CC=CC=CC3=CC=CN=CC(c4ccccc4NC(=O)CCl)=C2C3)c1,7.9,0.46265657337434657,0.6180857862662257,0.11295477351050169
Cc1cccc(NC(=O)n2c(C(=O)N(CC=O)C(=O)CC(C)C)csc2=O)c1,6.9,0.7462662797799633,0.7742839120415305,0.1993485812137847
CC1=C(N2CCC[NH+](C)CC2)S(=O)(=O)NC1=N[C@H](C)NC(=O)N1CCOCC1,7.5,0.5020486565943222,0.5451657142324845,0.10263739291938861
COCc1cc([C@H](C)NC(=O)N2CCOCC2)ccc1NC(=O)Cc1cccc(F)c1,7.2,0.7081850441350743,0.807202607803721,0.20579357319603309
CNC(=O)[C@](C)(OC(=O)N[C@H](C)C(=O)Nc1cccc(C)c1)[C@@H](OC)[C@@H](C)O,5.8,0.5191878555598715,0.6937156960336037,0.10444894173165399
CCC1(CCC(NC(=O)c2ccc(OC)cc2)N2C(=O)CN=C2C(=O)c2ccc(=O)[nH]n2)OCCO1,8.1,0.45926578956690206,0.6792004525567783,0.12633308050766281
C[C@H](NC(=O)c1ccc(Br)c(F)c1)N[C@@H](C(=O)c1ccc(Br)cc1)C(=O)N(C)C,6.7,0.32798764022503474,0.7275549997754845,0.0799407309159461
COc1cn(C)c(-c2ccc(OCC(=O)N3CCC[C@@H](C)C3)cc2)cc1=O,7.5,0.8119300513027624,0.8002285105303317,0.24364859085330953
C[NH+]1CCCN([C@@H](NNC(=O)Cc2cccc(F)c2)C(=O)N2CCCCC2)CC1,7.4,0.5600102184941567,0.6492194825586882,0.13452073138299112
NC(=S)[C@@H]1CCCCN1C(=O)c1ccc(N2CCc3[nH]c(=O)ccc3C2)cc1,7.3,0.7776870612363352,0.7748749957045616,0.21995274425577444
CCC(=O)Nc1nc(C2=NCC(=O)N2CN=C(NC=O)c2ccccc2)cs1,7.8,0.41444969498821355,0.7517423027297895,0.12150815354967844
Cc1cccc(NC(=O)c2cccc(-c3ccnc(C4CCCC4)n3)c2)c1,8.6,0.6835083872547685,0.8793692780690632,0.2584541991333814
CO[C@@H](C(C)=O)[C@H](C=O)C(=O)S(=O)(=O)NS(=O)(=O)[C@H](C)NC(=O)N1CCOCC1,0.0,0.27876380826321095,0.6211360536887514,0.0
CCCCC[C@@H](NC(=O)c1ccc2c(c1)OCO2)N[C@H](Cn1nc(C(N)=O)ccc1=O)C(=O)N1CCCC1,7.3,0.2728537150595828,0.7070078334374705,0.0704120455843188
O=C(N[C@@H]1CCCN1c1ccnc(C2CCCC2)n1)c1ccc(Br)c(F)c1,8.2,0.7772761226259605,0.7623572606600938,0.2429504592048668
Cc1noc(C)c1CNC(=O)S(C)(=O)=C1NC(=O)[C@@H](c2ccc(NC(=O)NC3CCCC3)cc2)N1,8.2,0.39195460371861557,0.6846683403698683,0.1100271522916251
CCN[C@H](C(=O)N(C)C)C(=O)N1CCC([C@@H](C)O)CC1,5.7,0.6786785849941828,0.7253535784506921,0.14030035296936408
Cc1cnn(-c2ccc(CN3CCC[C@H]3C(=O)NC(=O)c3ccc(C(N)=O)cn3)o2)c1,8.2,0.5694221368576595,0.7399589015100145,0.17275308134271833
CCC(=O)N[C@H](CCCS(C)(=O)=O)O[C@H](CC)C(=O)N[C@@H](CC)C(=O)c1ccc(=O)[nH]n1,5.7,0.25722100379582896,0.6542435008373739,0.04796127345350168
C[C@@H](NC(=O)NCCOCc1ccc(F)cc1F)n1cnc2c(c1=O)CCCC2,7.3,0.6919802469878721,0.7475756639627202,0.18881727129573167
CCC(=O)Nc1nc(-c2ccc(-n3cc(-c4ccc(-n5cc(C)cn5)o4)cn3)cc2)cs1,7.5,0.393508706253744,0.797713431986335,0.11771519271831626
Cc1cnn(-c2ccc(-c3ccc(C(=O)NCc4c(C)noc4C)cc3)o2)c1,7.4,0.5693839518825397,0.8226228796528664,0.17330365846652523
Cn1nc2c(c1C1(S(=O)(=O)NC(=O)CCC(=O)NC3=NCCS3)CCCCC1)CCCC2,7.9,0.6398713705973543,0.7297849778102382,0.1844525630271548
Cc1cc(=O)n(-c2ccc(NC(=O)NC3CCCC3)cc2C)cn1,6.9,0.9103447274413868,0.8576276773847188,0.26935420780416863
O=C(Nc1ccccn1)S(=O)(=O)c1ccc(-n2cnc3c(c2=O)CCCC3)cc1,8.6,0.7102117928083911,0.8112661260095353,0.24775343101311856
Cn1cc[nH+]c1[C@H]1CN(CCC(=O)NC2=NCCS2)CCN1CNC(=O)[C@@H]1CNC(=O)C1,7.4,0.44352145630237344,0.5971208805535766,0.09798929133672082
Cc1nnc(N2CC[C@H](N(C)C(=O)NCC3CCC3)C2)s1,6.2,0.9221106910685927,0.7721718800135271,0.22072866322993245
CCC(=O)Nc1nc(-c2cc(C(=O)Nc3ccc(F)c(O)c3)ccc2Cl)cs1,8.0,0.5476195552155284,0.8629232248205194,0.18902145302454493
Cc1cnc(-c2ccc(NC(=O)CNC(=O)Nn3cnc4c(c3=O)CCCC4)cc2)nc1C,7.9,0.5489208285407262,0.801979472860838,0.1738881785025933
Cc1cccc(C2(c3ccc4nc(-c5cccc(Cl)c5Cl)sc4c3)CCC2)c1,8.0,0.32421437040940815,0.8345805719605589,0.10823320587764655
CN(C(=O)CC(=O)NC=O)C(=O)N1CCCC[C@H]1C(N)=S,6.2,0.40564649296919547,0.7137209720232123,0.08975070687053222
CC1=C(c2ccc(-n3cc(C)cn3)o2)S(=O)(=O)N/C1=N\c1cccc(-c2ccccn2)c1,8.3,0.50641353063335,0.7298453879686417,0.15338548559113183
NC(=O)c1cnc(ONC(=O)COc2ccc3c(c2)CNC3=O)c(Cl)c1,8.1,0.6310315528445218,0.7946261813018365,0.2030808482127132
O=C(c1ccc(-c2ccnc(C3CCCC3)n2)cc1)c1ccc(=O)[nH]n1,8.6,0.7333321817048698,0.8355742762494268,0.2634840080007377
C[C@H](NC(=O)N1CCOCC1)c1cccc(Oc2cc(F)c(N)cc2F)c1,7.7,0.8005396710929809,0.8057025995991575,0.24832380422151965
Cc1nnc(N2CC[C@H](c3ccc4c(c3)CC(=O)N4)C2)s1,7.0,0.9245940048907373,0.7731858026843543,0.25020903524000526
COc1cn(C)c(-c2cc(C3(c4cccc(C)c4)CCC3)ccc2Cl)cc1=O,8.3,0.5862126657908729,0.8122541912899474,0.19760378333199424
CC(=O)NCc1cccnc1C(=O)NS(=O)(=O)NC(=O)N1CCOCC1(C)C,8.1,0.5901906518238992,0.7729851266164293,0.1847644812698115
Cc1cc(C)cc(C2(CNC(=S)N(C)c3ccc(N(C)C=O)c(F)c3)CC2)c1,7.8,0.5865583122213996,0.7683156934180487,0.17575816298995695
COCNC(=O)CCC(=O)NC(=O)NC(=O)CC(=O)N(C)c1ccc2c(c1)CNC2=O,7.1,0.3059390448048384,0.7814361797405078,0.0848705026340423
Cc1noc(C)c1CNC(=O)c1ccc(Cl)c(CCC(=O)NC2=NCCS2)c1,7.4,0.7482311634388257,0.819438824151406,0.22685797596184742
Cc1noc(C)c1CNC(=O)c1ccc2ncsc2c1,7.0,0.803973591701184,0.8555776871517387,0.24075165314157135
N[C@@H](C(=O)N1CCCCC1)N1CCc2[nH]c(=O)ccc2C1,7.9,0.8048945847594984,0.7507775471147874,0.23869722890252604
O=C(CCn1cnc2c(c1=O)CCCC2)NCC(=O)NC(=O)C(=O)NN[SH](=O)=O,6.8,0.1675253725666217,0.7437075300873851,0.042360559559887004
COc1cn(C)c(CCCNC(=O)[C@@H]2C(=O)N(CCC(=O)NC3=NCCS3)c3ccccc32)cc1=O,7.0,0.3852320911020878,0.7222797889067029,0.09738587370445628
Cc1cc(-c2ccc(NC(=O)c3ccc(Br)c(F)c3)cc2)ccc1N1CCc2[nH]c(=O)ccc2C1,7.6,0.3356783219256187,0.8318745742199892,0.10611205922816672
CNC(=O)N[C@@H](C1CCC1)N1CCc2[nH]c(=O)ccc2C1,8.4,0.7699686092451516,0.7191233793616366,0.23255501987875624
Cc1ccc2[nH]c(-c3ccc(NS(=O)(=O)Oc4cc(F)c(N)cc4F)cc3)cc2c1,8.2,0.39933426175946485,0.8156878669362937,0.13355016598935454
CCC(=O)Nc1nc(CNC(=O)Nc2nncs2)cs1,7.5,0.7777527706392806,0.8357852445066646,0.2437628585904326
CCC(=O)Nc1nc(-c2nn(-c3ccccc3OC(=O)NCC(=O)N[C@@H](C)[C@H](C)CC)c(OC)cc2=O)cs1,0.0,0.3249720936137723,0.699254715045382,0.0
CN(C(=O)Nc1nncs1)N1CCc2[nH]c(=O)ccc2C1,7.7,0.8499344096565749,0.747466520806682,0.24458954369845426
Cc1cccc(NC(=O)c2ccccc2CNC(=O)N2CCC(C)CC2)c1,8.4,0.8533752356592623,0.8929299047841204,0.32004179252738757
CCNc1n[nH+]c(C(=O)C(=O)N(CC)Cc2cc(OC)ccc2C(=O)N2CCCC[C@H]2C(N)=S)c(C)c1C,6.4,0.2663898903573862,0.6707071351812987,0.057174272064916085
CC(C)[C@@H]1N=C(O)[C@@H](N[C@H]2CCCN(S(C)(=O)=O)C2)NC(=O)CN1CNC(=O)c1ccccc1O,8.3,0.3363263398571175,0.6335682678618411,0.08843056408052853
COc1ccc([C@@H](NN2C(=O)CCCc3sccc32)C(=O)N2CCCCC2)cc1,8.0,0.8122391430256279,0.7632394538313881,0.24797318396134205
CCNC(=O)N(C)[C@H](C)c1ncccc1CNC(C)=O,5.9,0.8555542589966152,0.7797993282446694,0.19681238775051582
COc1cc(Br)c(C2(c3cccc(C)c3)CCC2)cc1CC1CCN(C(C)=O)CC1,7.7,0.5336225445809928,0.815582006130433,0.16755698398893012
C[C@@H]1CCCN(C(=O)CO[C@@H]2CC(=O)c3cc(F)c(-c4ccc5c(c4)CNC5=O)cc3O2)C1,9.7,0.7696011798791506,0.7022185924293353,0.262107704774346
CN1N=C(c2ccc3c(c2)CNC3=O)/C(=N/NCC(=O)[C@@H](C#N)NC=O)C1=N,8.6,0.3395797336980971,0.6385290637518989,0.09323755765376697
CC(C)NC(=O)N[C@@H](C)C(=O)NC[NH+]1CC[NH+]=C(N2CCOC2)C1,6.6,0.34992131001030846,0.5467610657651208,0.06313670497040395
CC1(C2=C(O)C(=O)N[C@H]2CNC(=O)N2CCCC2)CCC(N2CCOCC2)CC1,8.4,0.655880158940621,0.718588295351314,0.1979492782545137
Cc1cccc(NC(=O)[C@H]2CCCC[C@@H](CNC(=O)N3CCC(C)CC3)O2)c1,8.6,0.8274552796787712,0.7793861481575338,0.2773100887766245
CCCn1nc(N2C(=O)[C@@H](C(=O)N3CCOCC3(C)C)O[C@@H]3CS(=O)(=O)C[C@H]23)nc1C,6.7,0.5584470175743577,0.5997342806221789,0.11219813981743718
CC1=NN(c2ccc(N)c(O)c2)C(=O)/C1=N\NC(=O)c1ccc(C(N)=O)cn1,8.9,0.32832281898597365,0.806438189343176,0.1178235665500777
CC(OC1(Cn2nc(C(N)=O)ccc2=O)CCN(NCC(=O)N2CCCCC2)CC1)=C1CCCC1,8.3,0.5347066186333855,0.7238590357584509,0.16062667021171406
COc1cc(I)ccc1NC(=O)[C@H](O)[C@@H](C)NCC(=O)N1CCCCC1,6.6,0.5216496108507245,0.7561720859146879,0.13017076853668058
Cc1cccc(NC(=O)c2ccc(C(=O)NCc3c(C)noc3C)cc2)c1,7.5,0.7223896462757893,0.8980276596608228,0.24327220627809626
CCOC(=O)N/N=C1\SC(=N)N=C1n1cnc2c(c1=O)CCCC2,7.8,0.7753588306386112,0.7265966819096058,0.2197155299162175
CC(C)(C)CN(Cn1cnc2c(c1=O)CCCC2)C(=O)c1ccc(-c2ccncc2)cc1,7.6,0.6042001742104353,0.8042291029159018,0.18464783835301815
Cc1noc(C)c1CNC(=O)c1ccc(OC(=O)Nc2ccccn2)cc1,7.7,0.7179520565392844,0.8685922424464582,0.2400889209020238
CC(=O)NC1(c2ccc(Br)cc2C)CCN(Oc2cc(F)c(N)cc2F)CC1,8.2,0.6849890240093124,0.7711075200125068,0.21656207689123944
COc1cn(C)c(-c2ccc3nc(CNC(=O)c4ccccc4O)[nH]c3c2)cc1=O,8.9,0.47368152363743266,0.826396942566546,0.17419478848348566
NC(=O)c1ccc(C(=O)C(CC(=O)[SH](=O)=O)c2ccccc2)nc1,7.1,0.5851578028973593,0.7393289587319029,0.1535815587340332
COc1ncc(-c2ccc(S(=O)(=O)NCNC(=O)c3ccccc3O)cc2)c(C)n1,7.6,0.4894649136056446,0.8326620427604696,0.15487236483253208
CC[C@@H]1CCC[NH+]1Cc1cccc(O)c1NCN1C(=O)Cc2cc(CC3CCN(C(C)=O)CC3)ccc21,7.6,0.48211878631276744,0.6210538506941574,0.1137802569179844
Cc1c(C(=O)NCC(=O)N2CCCCC2)csc1C(=O)NCC(=O)Nc1ccccn1,7.5,0.5998282666577791,0.8358839707730047,0.18802006249342243
NC(=O)c1ccc(=O)n(-c2ccc(NC(=O)NC3CCCC3)cc2)n1,6.8,0.7783077498133466,0.8728766472865005,0.2309846641328193
O=C(CCl)Nc1ccccc1-c1csc(=O)n1-c1ccccc1NC(=O)c1ccccc1,7.6,0.3949222368987185,0.8503233143900464,0.12760840245429877
Cc1cccc(NC(=O)C(=O)NNC(=O)c2ccc(F)cc2Cl)c1,7.5,0.5734231261918922,0.8936792610951261,0.1921711333912603
C[C@H]([C@@H](O)C(=O)N[C@@H]1CCCN(S(N)(=O)=O)C1)n1cnc2c(c1=O)CCCC2,0.0,0.5538921339742269,0.6688385503176953,0.0
CCNc1n[nH+]c(-c2ccc(-c3csc(NC(=O)CC)n3)cc2)c(C)c1C,7.0,0.6729106845193934,0.7591422345596082,0.17879222224678074
CN1N=C(N[C@H]2CCCN(S(C)(=O)=O)C2)/C(=N/NNC(=O)c2cncc(Cl)c2)C1=N,7.9,0.4389728346760713,0.6801109365825873,0.11792733916171315
CCCn1nc(-c2cnc(-c3ccc(Cl)c(Cl)c3)c(Cl)c2)nc1C,6.6,0.5831684825856406,0.8342626135635532,0.16055016860183002
CC(=O)N1CCC(CN2NCC(C(=O)N3CCOCC3(C)C)=NC(=O)C2=O)CC1,7.4,0.6131624284012245,0.7326934916258466,0.16622624462165825
CNC(=O)NC(=O)[C@@H](N[C@H]1CCCN(S(C)(=O)=O)C1)SC1CCCS(=O)(=O)C1,7.8,0.43633957150737435,0.6513236704607103,0.1108373335997603
CCC(=O)Nc1nc(N(CCOC(F)(F)F)C(=O)N(C)C2(c3cccc(C)c3)CCC2)cs1,7.3,0.5537284853742949,0.750843815468585,0.1517537171726078
CC(CCC(=O)NC1=NCCS1)=NC(=O)N(C)CNC(=[NH2+])N=C(O)N1CCN(C(=O)Nc2cccc(C)c2)CC1,8.6,0.18352644061223075,0.6909250906185959,0.05452529972269297
CCC(=O)Nc1nc(Sc2cc(N3CCc4[nH]c(=O)ccc4C3)cc3c2CCCC3)cs1,8.5,0.5662133698751289,0.7564399828548214,0.1820302335152181
COc1cn(C)c(-c2ccc(Cl)cc2C2C(C)=Nc3c(-c4ccc(-n5cc(C)cn5)o4)cnn32)cc1=O,9.3,0.3146007602169544,0.6660724036458436,0.09743930131413017
CCCCN(CC=O)C(=O)NC1=NN(C)C(=N)/C1=N\NN1CCc2[nH]c(=O)ccc2C1,7.4,0.34948094910522987,0.6910336291605943,0.08935614277559009
Cc1cccc(C2(c3nnc(CNC(=O)[C@@H]4Oc5c(C)cc(C)cc5[C@@H]4C(=O)NC4=NCCS4)o3)CCC2)c1,8.3,0.48306643041112635,0.6530751855158524,0.1309236599427492
CC(=O)N1CCC(CN2C(=O)CS[C@@H]2c2ccccc2CNC(=O)[C@@H]2CNC(=O)C2)CC1,8.9,0.6690651871484462,0.7157281152920824,0.2130966006053593
Cc1cccc(C2(c3ccc(C(O)=NCCOc4ccc(-n5cc(C)cn5)o4)o3)CCC2)c1,7.5,0.21895576781139625,0.7194279180326875,0.0590710845666755
CC(=O)NCc1cccnc1-c1nc2ccccc2s1,7.6,0.803633501102909,0.8707962408303648,0.265924392070988
CCCNC(=O)[C@@H](CC)Oc1[nH+]nc(NCC)c(C)c1C,5.8,0.7638944261086994,0.6725496928637753,0.14898951888132914
CC1=CN(N2C(=O)CCCc3sccc32)CC(C)(C)N(C2(c3cccc(C)c3)CCC2)O1,7.5,0.5812518765926685,0.7070844217850669,0.15412280515200452
N[C@@H](C(=O)N1CCCCC1)N1CCc2[nH]c(=O)ccc2C1,7.9,0.8048945847594984,0.7507775471147874,0.23869722890252604
C[C@@H]1c2cccc(-c3ccc(-c4ccc(-c5ccnc(C6CCCC6)n5)cc4)cc3)c2O[C@@H]1C,9.1,0.31825727257857067,0.7527738565260417,0.10900696827312577
CCCC(=O)NNC(=O)CC(=O)N(C)NC(=O)c1ccc(Br)c(F)c1,6.6,0.4914673739858032,0.8202684747149055,0.13303461376638667
Cn1nc2c(c1-c1ccc(NC(=O)c3cccc(NC(=O)NC4CCCC4)c3)cc1)CCCC2,7.5,0.48688517929534925,0.8446442142840004,0.15421678114216683
O=C(CC(=O)c1ccccc1)Nc1ccc(N2CCOCC2)cc1,7.3,0.6785442606847111,0.9085458545017195,0.22501832992647536
CS(=O)(=O)N1CCC[C@H](Nc2ccc(CCC(=O)NC3=NCCS3)cn2)C1,7.7,0.7257044358754845,0.7599394758807707,0.21232420772777294
O=CC[S+]([O-])Cc1nc(O)cc(CNC(=O)[C@@H]2CNC(=O)C2)n1,6.8,0.3995247589761199,0.6030560928750961,0.08191818565270112
NC(=O)c1ccc(=O)n(Cc2cc(F)ccc2-n2cnc3c(c2=O)CCCC3)n1,8.1,0.70683536052195,0.8067243687365409,0.2309396305571828
O=CNNC(=O)C1=NNC(=O)/C1=N\NCCC(=O)NC1=NCCS1,6.9,0.1834322949410079,0.690737858380194,0.04371275254503399
Cc1c(C(=O)N(C)c2ccc(NCC(=O)N3CCCCC3)cc2)csc1N1CCc2[nH]c(=O)ccc2C1,8.0,0.5138874595427575,0.7697286736263553,0.15822156505082563
Cc1nnc(N2CC[C@H](c3ccc(N4CCc5[nH]c(=O)ccc5C4)cc3)C2)s1,7.9,0.7407890927455023,0.7589552724400214,0.2220791861435773
Cc1cnc(-c2cccc(C(=O)c3ccc(C(N)=O)cn3)c2)nc1C,8.2,0.7400354911912943,0.852042438959616,0.2585220743808362
CC(=O)N[C@H](NC(=O)c1ccc(Br)c(F)c1)C1CCC1,6.4,0.8259506037924205,0.7764127185580596,0.20520913717924608
NCC(=O)N(Cc1nc2ccc(-n3nc(C(N)=O)ccc3=O)cc2s1)C(=O)C=O,7.5,0.3799072975195208,0.7675427223950775,0.10934815552345863
COc1ncc(-c2ccc(CNC(=O)N3CCC(C)CC3)cc2)c(C)n1,7.5,0.9136543538985956,0.8569486060448094,0.2936080593675647
C[C@@H]1c2cccc(-c3ccc(-c4c5c(nn4C)CCCC5)cc3)c2O[C@@H]1C,7.6,0.6031908645265768,0.7393110709039931,0.16945935992480657
CC(C)=C(NC(=O)C1(c2cccc(C)c2)CCC1)C(N)=O,6.5,0.8336734440133521,0.804466520806682,0.21796527187316234
C[C@@H]1c2cccc(NCC(=O)N3CCCC3)c2O[C@@H]1C,7.1,0.9208946882583038,0.7643382498534369,0.24987563718455075
CCNC(=O)c1c(N(CN2CCc3[nH]c(=O)ccc3C2)C(=O)Nc2nncs2)noc1N,8.2,0.4110801507277229,0.7246617318254537,0.12213656211762229
CC(=O)NCc1cccnc1-c1ccc2c(c1)CC(=O)N2CC(=O)NC(=O)CC(=O)[O-],8.2,0.5458487036281217,0.7851048359543351,0.1757048673363156
CC(=O)N(C(=O)CN(C)C(=O)C(C)C)[C@@H](C)CCCC(=O)NCC(=O)C(=O)Nc1cccc(C)c1,6.0,0.4301502269954928,0.738945380511552,0.09535725694929448
Cn1c(NCC(=O)N2CCCCC2)cc2c1CCN(N1CCCCCCC1)C2,6.4,0.8626029667345411,0.7769043524483635,0.21445119977309948
C[C@H](CNC(=O)[C@@H]1CNC(=O)C1)N[C@H](C(=O)N(C)C)C1=CC=CC=CNC(=O)NC(=O)NC1=O,0.0,0.25191961734600427,0.5609214245966417,0.0
CCC(=O)Nc1nc([C@@H](S)C(=O)NC(=O)NC)c(C)s1,7.1,0.6276363348069877,0.7389708113387939,0.16465075070309942
CCC(=O)Nc1nc(NC(=O)NC(=O)C(=O)c2cc3cc(C)ccc3[nH]2)cs1,9.0,0.38669633526116653,0.8063246054911308,0.14031124648844678
CCCC(=Nc1cccc2c1C(=O)N(c1ccc(C)cc1)C2)OC,6.6,0.6080409448764865,0.8066147814571172,0.16185008857661362
CC(=O)N1CCC(CC2=N[C@@](C)(OCC(=O)N3CCC[C@@H](C)C3)NC(c3ccccc3)=N2)CC1,8.4,0.6968023412333303,0.6819440595395229,0.19957569125646651
C[C@@H]1c2cccc(-c3ccc(C(=O)C(=O)Nc4ccccn4)cc3)c2O[C@@H]1C,8.4,0.5424658707338308,0.7666873020036877,0.17467871184204084
CCCCCC(Oc1cc(C(=O)O)ccc1OC)[C@@H](Nc1csc(NC(=O)CC)n1)C(=O)N1CCCC1,6.7,0.3003814203303211,0.7196200642701316,0.0724137664962258
COc1cn(C)c(C2=CC=CC=CN(C(=O)c3cc(F)c(C(=O)c4ccc(=O)[nH]n4)c(Cl)c3)CCC2)cc1=O,7.6,0.4820867172750518,0.6745896062030634,0.12358006172967582
CC(C)NC1=NNC(=O)/C1=N\NOCC(=O)N1CCC[C@@H](C)C1,7.2,0.4694851142281054,0.6817025846528931,0.11521771769712896
C[C@@H]1CCCN(C(=O)COc2ncc(C(=O)N[C@H](C(=O)[O-])[C@H](C)O)cc2Cl)C1,0.0,0.6223342612532908,0.705462131999172,0.0
CCC(=O)Nc1nc(-c2cccc(-c3cccc4c3O[C@H](C)[C@@H]4C)c2)cs1,7.4,0.6324798418643774,0.7642241373247517,0.1788418537639167
Cc1cccc(NC(=O)c2ccc(-c3ccc(-n4cc(C)cn4)o3)cc2)c1,8.3,0.558904276393882,0.8582460962849273,0.19906612656598055
CC1CCN(C(=O)NCc2ccc(Oc3cc(F)c(N)cc3F)c([N+](=O)[O-])c2)CC1,7.5,0.4280886245671129,0.8376252825327456,0.1344666956632809
COc1cn(C)c(C2(NC(C)=O)CCNCC2)cc1=O,6.2,0.8234761514172009,0.7574865277847898,0.19336934810168516
CCCc1ccc([C@@H](OCn2nc(C(N)=O)ccc2=O)C(=O)NC2CC2)c(OC)c1,7.7,0.6035306204306586,0.7596981469625688,0.17652292118089122
Cc1ccc2[nH]c(N3[C@@H](C)[C@H]([C@H](C)NC(=O)N4CCOCC4)CC3(C)C)cc2c1,0.0,0.8243284927385093,0.6669666529789997,0.0
CNC(=O)NC(=O)[C@H](S)N1C(=O)CCCc2sccc21,6.3,0.7162598239668927,0.7233291857945269,0.16319886511550066
CCNc1n[nH+]c(C(OC)(OC)c2ccc(-c3ccnc(C4CCCC4)n3)cc2F)c(C)c1C,7.6,0.485035667813658,0.7047984149444512,0.129903900549304
CN(NC(=O)Cc1cccc(F)c1)C(=O)CC(=O)NS(=O)(=O)NC(=O)C(=O)NNC(=O)N(CC(=O)[O-])C(=O)[O-],7.7,0.10993988883650446,0.6869253251953213,0.029075390148017022
CC(C)(C)C(=O)N1CCC(C(=O)NC2=NCCC2)CC1,6.6,0.7918630460733777,0.8302901641484259,0.21696711250742126
CC(C)N=C(C(=O)c1ccc(CCC(=O)NC2=NCCS2)cc1)n1nc(C(N)=O)ccc1=O,8.2,0.35213506829217994,0.7569916304072695,0.10929095278272971
Cc1cc(C)cc(C2(c3cnnn3C(=O)N3CCOCC3(C)C)CC2)c1,7.9,0.831578480238647,0.7419843302305335,0.24372218966912898
Cc1cc(=O)n(-c2ccc([N+](=O)[O-])cc2N(C)C(=O)CS(=O)(=O)Oc2cc(F)c(N)cc2F)cn1,8.2,0.21555746950656457,0.7479823254474851,0.06610560269672916
Cc1nnc(N2CC[C@H](C3C(C(=O)N4CCC([C@@H](C)O)CC4)C(=O)c4ccccc4N3C(C)C)C2)s1,7.1,0.6156794168866877,0.6447432721834477,0.1409190824601296
CCC(=O)NC(=O)NCC(=O)N(C)[C@@H](C)c1ccccc1,6.3,0.8613675818182005,0.83407169016472,0.22630932916836435
NC(=S)[C@@H]1CCCCN1C(=O)C1=NCC(=O)N1C1(CC(=O)O)CCCC1,6.1,0.6777493718079078,0.7007032197865022,0.14484485594539448
Cc1cnc([C@H]2C(NC(=O)Cc3cccc(F)c3)=CC=C(O)C=CC(=O)OC2(C)C)nc1C,8.9,0.6841839035230386,0.63990034540235,0.19482523470148863
Cc1ccc(-c2cccn(-c3nc(O)cc(-c4cc5cc(C)ccc5[nH]4)n3)c2=O)nc1,8.6,0.4663791873602847,0.7902638639135721,0.15848192602045044
CCNc1n[nH+]c([C@H]2CCCN2CC2CCN(C(C)=O)CC2)c(C)c1C,7.0,0.8754031507855426,0.6864679311786107,0.21032766645344608
CCNc1n[nH+]c(N=C(CCCC(=O)C(=O)c2ccc(C(N)=O)cn2)OC)c(C)c1C,6.7,0.25352405771809244,0.6880428765730869,0.058435866354200616
CCN1CCOC[C@@H](N2N=C(C)/C(=N/NN3C(=O)CCCc4sccc43)C2=O)C1,7.1,0.7428460228743539,0.6808694816349099,0.1795523212178006
CC(=O)N1CCC(Cc2cccc(C(=O)N3CCN(Cn4nc(C(N)=O)ccc4=O)CC3)c2)CC1,7.8,0.6447814993407737,0.8276134335828486,0.20811563392624483
CC1(C)COCCN1C(=O)C1(OCCO)CCC2(CC1)C[C@@H]2Oc1cc(F)c(N)cc1F,8.6,0.6421848282420572,0.6152823161375689,0.16990373645894735
N[C@@H](C(=O)N1CCCCC1)N1C(=O)CCCc2sccc21,5.9,0.9043506984036359,0.7581744701917105,0.2022684054307556
Cc1cc(Cl)cc(NC(=O)[C@H](C)NC(=O)N2CCOCC2)c1C(=O)NCc1c(C)noc1C,7.9,0.5866520640736029,0.7742816296042476,0.1794223968917339
Cn1nc2c(c1CN(C(=O)Nc1nncs1)N1CCOCC1)CCCC2,7.5,0.867203944808093,0.7404074746299937,0.2407816060366982
CCNc1n[nH+]c(-c2ccc(CNC(=O)[C@@H]3CNC(=O)C3)cc2NC(N)=O)c(C)c1C,8.1,0.4443937106762176,0.6743302749040624,0.1213655938998017
CCc1ccc(C)c([C@@H](SNC(=O)c2ccc(Br)c(F)c2)C(=O)NC(=O)NC)c1C,8.0,0.5196612518997262,0.7269037786059511,0.151097491040404
CNCC(=O)N[C@@H](C1CCC1)[C@H]1CCN(c2nnc(C)s2)C1,0.0,0.8224815414736026,0.719563145001424,0.0
COC(=O)[C@@H]1[C@H](C(=O)N2CCC([C@@H](C)O)CC2)[C@H](C)C(=O)N1c1ccc(C)c(-c2c3c(nn2C)CCCC3)c1,6.9,0.5893491876104262,0.6350154487226376,0.1291148143945411
CC1CCN(C(=O)NCc2csc(=O)n2-c2cnc(N)nc2)CC1,7.6,0.8671162317810157,0.7975996230860763,0.26281240026333563
NC(=O)c1cnc(ONC(=O)NCS(=O)(=O)S/C(N)=N\[SH](=O)=O)c(Cl)c1,6.8,0.10496214323302062,0.6521141518581811,0.023272081663950176
CN1C(=O)CS/C1=C/C(=O)NS(=O)(=O)NS(=O)(=O)Cn1nc(C(N)=O)ccc1=O,7.1,0.3396378188287011,0.7111623502672055,0.08574585846463548
Cc1cc(Oc2ncc(C(N)=O)cc2Cl)cc(C(=O)c2ccc(C(N)=O)cn2)c1Br,8.7,0.508741222408512,0.8093424099542514,0.17910944343942195
O=C(NC1CCCC1)N[C@H]1C(=O)N[NH+][C@H]1C(=O)NC1=NCCS1,7.6,0.3916409758833674,0.6241946418261449,0.09289487549306494
Cc1cc(Cn2nc(C(N)=O)ccc2=O)c(C(=O)C(F)(F)F)cc1CNC(=O)c1ccccc1O,8.6,0.434547073034042,0.8048274163252523,0.15038622116652617
CCNC(=O)C1=CC(COC(=O)NNC(=O)C2(c3cccc(C)c3)CCC2)=CC=CC=CC1,9.3,0.5774470558552817,0.7063682164665166,0.1896689648309764
CC(=O)[C@@H](C(C)C)N(C(C)=O)C(=O)S(=O)(=O)NS(=O)(=O)CNC(=O)N1CCC(C)CC1,6.4,0.5193051968429978,0.6867398455659587,0.11412082261809924
CC(=O)NCc1cccnc1CNC(=S)N(C)C(=O)OC(C)C,6.5,0.7930831366381547,0.7973974831793618,0.205530811559859
Cc1nnc(N2CC[C@H](N3CCc4ccccc4C3)C2)s1,7.3,0.8527652604924332,0.797513891200809,0.24823363152931002
CC(=O)N1CCC(Cc2cccc(C(=O)NCc3c(C)noc3C)c2)CC1,7.9,0.8789740002403669,0.8611721940737781,0.29899444748671694
Cc1ccc(CNC(=O)N2CCCC2)c(CNC(=O)[C@@H]2CNC(=O)C2)c1,8.1,0.7348728876319741,0.7947955505788329,0.2365498490390192
CC(=O)N1CCC(Cc2ccccc2[C@H]2CCN(c3nnc(C)s3)C2)CC1,7.4,0.8074698414965227,0.7787903967547682,0.23267441054383706
CCC(=O)Nc1nc(C(=O)Nc2cc3cc(C)ccc3[nH]2)cs1,7.7,0.6844418025079663,0.8442827208201328,0.22247701909681777
COc1cc(=O)c(NC[C@@H](C)C=O)nn1N[C@H]1CCCN(S(C)(=O)=O)C1,7.0,0.5707241074211908,0.6399603488254859,0.1278342796039328
O=C(CCl)Nc1ccccc1C(=O)CC(C(=O)N1CCOCC1)c1ccccc1,7.1,0.5576873486417756,0.8113958949806003,0.1606393550065458
COc1cc(C(=O)c2ccc(C)c(C(=O)N3CCCC[C@H]3C(N)=S)c2)ccc1-c1ccc(-n2cc(C)cn2)o1,7.7,0.2506420641445847,0.7366890993704466,0.07108843145212417
CC1=NC2=C(C3(c4cc(C)cc(C)c4)CC3)C(=O)N(C(=O)N3CCC([C@@H](C)O)CC3)C(=N1)N2C,8.3,0.7448276986336363,0.5856600557042877,0.18102957006082682
Cn1c(C(=O)N2CCOCC2(C)C)ccc(C(=O)Nc2ccc(NC(=O)c3ccc(Br)c(F)c3)cc2)c1=O,6.6,0.4700738386027653,0.8086535616767997,0.1254418716662797
O=C(Nc1cccc2c1C(=O)N(N1C(=O)CCCc3sccc31)C2)c1ccc(F)cc1Cl,9.6,0.5843319463316535,0.7945423742599425,0.22285271615725694
NC(=O)c1ccc(C(=O)C(=O)Nn2cnc3c(c2=O)CCCC3)nc1,8.6,0.5716178912521424,0.7891987026958797,0.19398164223199643
CC1=C(C(=O)N2CCC([C@@H](C)O)CC2)S(=O)(=O)N/C1=N\N1CC[NH+](CC(=O)NCC(C)C)CC1,6.3,0.3231409947308169,0.5846312330226144,0.05950927022973397
CSCc1ccc(CN(C)[C@@H](NNC(=O)c2ccc(F)cc2Cl)C(=O)N2CCCC2)cc1,7.5,0.42515886618463766,0.7620960463837707,0.12150445912661961
O=c1ccc2c([nH]1)CCN(c1ccc(-n3cnc4c(c3=O)CCCC4)cc1[N+](=O)[O-])C2,8.3,0.5145490697053254,0.7848906573448597,0.16760387438623758
O=c1ccc2c([nH]1)CCN(c1c(Cl)ccc(-n3cnc4c(c3=O)CCCC4)c1Cl)C2,7.8,0.6564367520417304,0.7688120683163091,0.19682383385185673
CCC(=O)Nc1nc(-c2ccc([NH+]3CCN(C(=O)NC(=O)CNC(=O)c4ccccc4O)CC3)cc2)cs1,7.4,0.30782715607496797,0.7338200777533159,0.08357920661404059
N#Cc1ccc(-c2ccc(-c3nc(O)cc(-n4nc(C(N)=O)ccc4=O)n3)cc2)cc1,8.4,0.5228176178949451,0.8191285511925853,0.17986703191138295
CCCn1nc(-c2ccc(-c3ccc(F)c(O)c3)cc2)nc1C,6.2,0.7862855211420589,0.8606562119443932,0.20978367062118272
O=C(CCl)Nc1ccccc1-c1ccccc1-c1ccnc(C2CCCC2)n1,7.4,0.5718841284998298,0.8532932830299773,0.18055440764253217
NC(=O)c1cnc(Oc2cccc(C(=O)N3CCCC[C@H]3C(N)=S)c2)c(Cl)c1,8.1,0.7218334626851995,0.7912909966907551,0.23132802965382873
O=C(CN1CCCCS1(=O)=O)N[C@H](NC(=O)NC1CCCC1)C1CCC1,7.5,0.5894430671317499,0.7265271514104338,0.16059239718069726
NC(=O)c1ccc(C(=O)c2ccc(C(=O)c3ccc(=O)[nH]n3)nc2)nc1,8.0,0.621245363541111,0.8157758124925637,0.2027187764799952
CC(=O)NC(=O)C(NC(=O)CC1CCN(C(C)=O)CC1)=C(C)C,7.4,0.7447974746415629,0.8048434580400379,0.22179478876110106
COc1cn(C)c(-c2ccccccc(C(C)(C)c3cc(C)n(Oc4ncc(C(N)=O)cc4Cl)c3)cc2)cc1=O,8.4,0.31753207652588095,0.7064103679909525,0.09420933943158313
COc1ccc(C(=O)[O-])cc1[C@H](OC1(c2cc(C)cc(C)c2)CC1)C(=O)NC1CC1,7.5,0.7256600799099742,0.7176310410153276,0.19528357446339772
COc1ccc(NCC(=O)N2CCCCC2)cc1OC(=O)[C@H](CC(C)(C)C)[C@H](O)CNC(=O)[C@@H]1CNC(=O)C1,0.0,0.2423119348258612,0.6769245390429652,0.0
C[C@H](CS(C)(=O)=O)C(=O)NC(=O)S(=O)(=O)NS(=O)(=O)n1cnc2c(c1=O)CCCC2,6.4,0.4577633833299166,0.6706471832244615,0.09823927155632255
Cc1nnc(N2CC[C@H](C3=N[C@H](c4ccccc4NC(=O)CCl)[C@@H](C)N3)C2)s1,7.4,0.7291913455099018,0.6660757656024106,0.1797077729805291
CN(C(=O)Nc1nncs1)c1ccc2c(c1)CNC2=O,7.0,0.8756442910319564,0.7988764725768396,0.24483606785807988
CC1(C)COCCN1C(=O)c1cc(N)c(F)cc1C(=O)NC1=NCCS1,8.5,0.7579921206346978,0.7753772789484823,0.24978519388390172
CN1C(=O)CC(n2nc(C(N)=O)ccc2=O)C=CC([NH+]2CCNCC2)=CC=C1Cn1nc(C(N)=O)ccc1=O,8.6,0.298342507091169,0.5344476590931496,0.06856283544482837
CC(Sc1ccccc1C(=O)C(C(=O)Nc1ccccn1)c1ccccc1)C(=O)CNC(=O)c1ccccc1O,8.1,0.13742890002879482,0.7302521657552278,0.04064488951277137
CCCCCCN(NC(=O)NC1CCCC1)C(=O)C(=O)[NH+](C)c1nc(C)n(CCC)n1,7.6,0.30613616187129644,0.6630737453870679,0.07713652355116044
C[C@@H](NC(=O)NCCOCN1C(=O)CCCc2sccc21)c1ccc([N+](=O)[O-])cc1Cl,6.4,0.34630554496432336,0.7557648234616262,0.08375217569719812
C[C@@H](O)C1CCN(C(=O)c2ccc(Br)cc2NC(=O)c2ccc(F)cc2Cl)CC1,7.9,0.6606480098039939,0.8115392615236959,0.2117760102113559
CCNC(=O)NCCOCc1cccc2c1O[C@H](C)[C@@H]2C,6.2,0.7915911168011665,0.7552548414625879,0.18533443726108595
Cc1cnn(-c2ccc(-c3ccc(C(=O)c4ccc(C(N)=O)cn4)cn3)o2)c1,7.5,0.5373865775385863,0.7989242258067127,0.16099918328210028
CCNc1n[nH+]c([C@@H](Nc2ccc(-c3ccc(N)cc3)cc2)C(=O)N2CCCCC2)c(C)c1C,8.1,0.4562565637499893,0.7182207480857578,0.13271563686689958
O=C(CCl)Nc1ccccc1C(=O)NC(=O)NC(=O)NC1CCCC1,7.6,0.6091853406889358,0.8655903510475282,0.20037588210197874
Cc1ccc(NC(=O)NC2CCCC2)c(CCC(=O)NC2=NCCS2)c1,7.3,0.7400054893504917,0.835958432794636,0.2257940476349556
CCNc1n[nH+]c(N2C(=O)C[NH+]=C2c2ccccc2OC(F)(F)F)c(C)c1C,7.7,0.7816918526585575,0.6542437837487706,0.1968955586324346
CCCn1nc(-c2ccc(OC(=O)c3ccc(-c4ncccc4CNC(C)=O)cc3)cc2OC)nc1C,6.8,0.26502875844432006,0.8205798755062363,0.07394227030733626
Cc1cc(=O)n(Nc2ccccc2Oc2ncc(C(N)=O)cc2Cl)cn1,8.0,0.7115923357838781,0.8044371402059463,0.22897252143618094
O=C(Oc1ccc(S(=O)(=O)NS(=O)(=O)c2ccc3c(c2)CNC3=O)cc1)c1ccccc1,8.2,0.412513649467,0.8420794645201097,0.1424214019506671
Cc1cc(C)cc(C2([C@@H](C)NC(=O)Oc3ccc(C(F)(F)F)cc3)CC2)c1,6.1,0.7606707788079402,0.7763328003645061,0.1801127711395625
CCCCCN(CCC(=O)NCC(=O)CNC(=O)N1CCC(C)CC1)C(=O)C[C@@H](C)OC,6.0,0.39014318617591287,0.7560739368266609,0.0884931284094358
C[C@@H]1c2cccc(-c3ccc(NC(=O)c4ccc(Br)c(F)c4)cc3)c2O[C@@H]1C,6.9,0.5125671448307989,0.7832213380309516,0.13850146612675363
COc1cc(=O)c(N[C@@H](C(=O)NC(=O)N2CCOCC2)C(C)C)nn1C(=O)N1CCOCC1(C)C,6.9,0.5917246540114386,0.6861172736050177,0.14006741468564424
CC(=O)N1CCC(Cc2cccc(C(=O)c3ccc(=O)[nH]n3)c2)CC1,8.0,0.8611932619216346,0.8460439278932176,0.2914429319965409
Cc1cc(C)cc(C2(c3ccc(Oc4ccc(NCC(=O)N5CCCCC5)cc4)cc3F)CC2)c1,7.9,0.41405420476252686,0.82819380498922,0.1354522652890548
CCCN(CC)c1ccc2ccc(C(=O)N3CCCC[C@H]3C(N)=S)cc2c1-c1cccc2c1O[C@H](C)[C@@H]2C,7.0,0.3371715336936209,0.6832794573658258,0.08063383390348319
CC(=O)NCc1cccnc1[C@H]1[C@H]2C(=O)O[C@@H](c3cc4cc(C)ccc4[nH]3)[C@H]2[C@@H]2CCCCN12,7.6,0.5783958095300168,0.6325664819968889,0.13903204492573523
NC(=O)c1ccc(C(=O)c2cccc(C(=O)NCCn3nc(C(N)=O)ccc3=O)c2)nc1,8.0,0.39941248670532303,0.8377729630315857,0.13384679298357294
CC(=O)NCc1cccnc1-c1ccc(-c2ccc3c(c2)CNC3=O)c(O)c1O,7.9,0.5128415046450938,0.8069346876858842,0.16346269175634334
Cc1cnn(-c2ccc(S(=O)(=O)c3ccc(-n4cnc(C)cc4=O)cc3)o2)c1,7.1,0.5253031118063556,0.7877406742000915,0.14689993274607932
COc1ccc(N2CCc3c(cc([C@H](C)NC(=O)N4CCOCC4)n3C)C2)cc1C,6.9,0.8387981327663513,0.7563615586182411,0.2188799587575036
Cc1cc(=O)n(-c2cccc(C(=O)NCc3c(C)noc3C)c2)cn1,7.5,0.7863998942254536,0.8469929884101656,0.24977819868579568
Cc1ccc2[nH]c(-c3ccc(Cn4nc(C(N)=O)ccc4=O)cc3)cc2c1,8.4,0.5872600060227662,0.8570022324564481,0.2113789172014371
CCCCc1c(NC(=O)c2ccc(F)cc2Cl)sc2nc(C)nc(C(=O)c3ccc(C(N)=O)cn3)c12,7.9,0.3074730156177772,0.7875441502305731,0.09564868704739596
NC(=O)c1ccc(=O)n([C@@H](NC(=O)COCCCCS(=O)(=O)O)C2CCC2)n1,7.2,0.3181651430330183,0.7301734268786508,0.08363366380863183
CNC(=O)NC(=O)CSNC(=O)c1ccc(Br)c(F)c1,6.3,0.7056707366360246,0.8096298688881309,0.17996961338395684
CC[C@H](NC(=O)[C@@H](CC)OC(=O)NCC(C)NC(=O)C(C)(C)C)C(=O)c1ccc(=O)[nH]n1,6.3,0.3845727767586547,0.6807885055727207,0.08247100868164498
CCCCCC(NS(=O)(=O)C1(c2cccc(C)c2)CCC1)c1ccc2c(c1)CNC2=O,7.1,0.5469961592163476,0.7356077942839074,0.14284299654783178
COc1cc(N2CC[NH+](C)CC2)cc(-c2ccccc2)c1OC,6.1,0.9305116727480445,0.7721233197084241,0.21913327734584595
CC(C)C(=O)NCC(=O)NCC(=O)NNC(=O)NC(=O)[C@H](O)[C@@H](C)NC(=O)c1ccc(Br)c(F)c1,6.8,0.18425741372669632,0.7276125648090237,0.04558312319149803
Cc1nnc(N2CC[C@H](c3nc4ccccc4s3)C2)s1,6.3,0.7268942001768113,0.7991592249079559,0.18298482476506753
CC(=O)N1CCC(COC[C@H](C)NC(=O)NCNC(=O)NC(=O)C(C)(C)C)CC1,7.0,0.45853497450101066,0.7541814656657075,0.12103650269485601
C[C@@H]1CCCN(C(=O)COc2nc3c(c(C(=O)N4CCOCC4)n2)CCC3)C1,7.4,0.7672761156942057,0.7680783076703737,0.21805141196957226
C[C@@H](CN(C(=O)Nc1nncs1)C(=O)c1ccccc1)NC(=O)N1CCOCC1,7.3,0.7624856754847568,0.7623054408564113,0.2121551473339437
COc1c(C(=O)N2CCC([C@@H](C)O)CC2)ccc(N)c1C(=O)N1CCOCC1(C)C,6.5,0.7207829817647584,0.7383715663436577,0.17296683925283646
C[C@@H](CS(N)(=O)=O)C(=O)[C@@H]1NC(=O)C(O)=C1CNC(=O)c1ccccc1O,7.5,0.38870623895886,0.6882814522320665,0.10032723549085079
CC(=O)N1CCC(Cc2c(C)nn(C)c2-c2ncc(C)c(C)n2)CC1,7.1,0.8607055584475402,0.8039630919298342,0.24565130321379103
Cc1cnn(-c2ccc(-c3ccccc[nH]n(CC(=O)Nc4ccnc(C5CCCC5)n4)c3=O)o2)c1,8.6,0.4230284873782714,0.7034345831320852,0.12795633309893029
Cc1cnn(-c2ccc(C3CCN(CNC(=O)c4ccccc4O)CC3)o2)c1,7.6,0.7108053159525735,0.7944779841163044,0.2145932863165183
N[C@@H](C(=O)N1CCCCC1)N1C(=O)CCCc2sccc21,6.9,0.9043506984036359,0.7581744701917105,0.23655118601223962
Cc1cnn(-c2ccc(-c3cc(C)c4ccc(S(=O)(=O)CNC(=O)[C@@H]5CNC(=O)C5)cc4c3)o2)c1,8.2,0.42667480822102855,0.7125219501784444,0.12464621824272101
Cc1cccc(C2(c3c(CNC(=O)[C@@H]4CNC(=O)C4)c(C)c[nH]c3=O)CCC2)c1,8.1,0.7274044604820555,0.7261336608589285,0.21391810984505422
CC(=O)NC1(NC(=O)NC[C@@H](C)O)CCN(C(=O)NC2=NCCS2)CC1,7.4,0.41156688990796975,0.6886331343164166,0.10486488102992837
C[C@H](NC(=O)NC1CCCC1)N[C@@H](NCC(=O)NC1CCCC1)C(=O)N(C)C,6.2,0.3579805255357246,0.7132438207413603,0.0791514933130711
O=C(Nc1ccccn1)C1=CC=COCCSC(c2ccc(F)c(O)c2)=C1,8.5,0.8333563475520939,0.6994391147034863,0.24772486103485614
COc1cn(C)c([C@H](ON2CC[NH+](C)[C@H](C(F)(F)F)C2)C(=O)NC2CC2)cc1=O,6.5,0.6446513297319356,0.564846673433379,0.11834197671513366
CC(=O)N1CCC(CS(=O)(=O)NC(=O)COC(=O)C[C@@H](CS(C)(=O)=O)C([NH-])=O)CC1,5.9,0.3869674018933391,0.7049379329810339,0.0804724601244108
CC1=C(C(=O)N2CCOCC2(C)C)S(=O)(=O)N/C1=N\CNC(=O)[N+]1(CC(=O)[O-])C[C@@H](C)O[C@@H](C)C1,7.2,0.4075362199925258,0.5055822613151962,0.07417551012180065
Cc1cnn(-c2ccc(Oc3ccc(-c4ncc(C)c(C)n4)cc3)o2)c1,7.9,0.5384145725586524,0.7976849968972002,0.16964666452313815
COc1ncc(N(C)C(=O)C2(c3cc(C)cc(C)c3)CC2)c(C)n1,6.7,0.866570395670353,0.7926793794383215,0.2301156819656647
CCCn1nc(C2=CC=CC=CC(=O)N(c3ccc(S(=O)(=O)c4cnc(OC)nc4C)cc3)C2=O)nc1C,8.3,0.4188227177502599,0.690798678108618,0.12006870461025143
CCC(=O)Nc1nc(N[C@@H](C)COc2ncc(C(N)=O)cc2Cl)cs1,7.8,0.6439053929540685,0.7550953779926777,0.18962189457282863
C[C@@H]1CCCN(C(=O)COCN(C=O)CC(C)(C)C)C1,5.1,0.5510807488082264,0.7330038866492277,0.10300580433716916
CCCn1nc(-c2cc(C)sc2-c2cnc(OC)nc2C)nc1C,7.0,0.7046464571506289,0.7790722576508092,0.1921396771762946
CC(=O)N1CCC(Cc2ccc(C(=O)c3ccc(=O)[nH]n3)cc2Cl)CC1,8.0,0.8342773946057375,0.834005106486241,0.2783166429308887
COc1ncc(-c2cccc(-n3nc(C(N)=O)ccc3=O)c2)c(C)n1,8.4,0.762679866981425,0.8321817796189568,0.2665690813733437
C[C@@H](CCC(=O)NCC(=O)NC(=O)NC1CCCC1)[C@H](N)C=O,0.0,0.45940509753433656,0.7448551923866956,0.0
O=C(Nc1ccc(-c2ccc3c(c2)CNC3=O)cc1)c1ccc(F)cc1Cl,7.4,0.694940816703009,0.876846388300604,0.22546184772722105
COCCNC(=O)N[C@H](C)c1ccc(-n2cc(C)cn2)o1,6.4,0.7951917680138764,0.7595095592834098,0.1932658397664047
CCC(=O)Nc1nc(C(=O)[C@H](C)S(=O)(=O)N2CCc3[nH]c(=O)ccc3C2)cs1,7.6,0.6691362359513465,0.7271808273728932,0.1849015558400278
CCSCC[C@]1(CNC(=O)N2CCC(C)CC2)CC(=O)N(C(=O)CCC(=O)N2CCC([C@@H](C)O)CC2)C1=O,7.4,0.3143148658887744,0.6607998887895258,0.07684871451695283
NC(=O)c1ccc(=O)n(-c2c(NNC(=O)c3ccc(F)c(O)c3)nc[nH]c2=O)n1,9.3,0.3374524457364194,0.7811082993181545,0.12256791128531577
O=C(NC1CCCC1)NN1CCN(NC(=O)c2ccc(F)cc2Cl)CC1,7.5,0.7418413558085268,0.8299901860863892,0.23089539185778693
CCC(=O)Nc1nc(-c2ccc(-c3cc(=O)c(OC)cn3C)c(C)c2)c(C)s1,6.9,0.7018970335411521,0.8179326948376817,0.19806606358929676
COc1ncc(Oc2ccccc2C(=O)NCc2c(C)noc2C)c(C)n1,7.8,0.7133698751678604,0.8327744207944259,0.23168971199599167
CC(C)(C)c1ccc2c(c1)N(N[C@H](C(=O)NC1=NCCS1)C(=O)N1CCCC1)C(=O)CC2,8.2,0.6745984432225216,0.710295362623087,0.19645729980002147
Cc1cc(=O)n(N[C@@H](C(=O)N2CCCC2)[C@@H]2CC=CCCC(=O)N3[C@@H]2C(=O)CN[C@H]3c2ccccc2)cn1,0.0,0.5766098776846037,0.5584568913135239,0.0
Cc1ccc2[nH]c(C(=O)N[C@@H](c3ccc(-c4cc[nH]c4)cc3)C3CCC3)cc2c1,7.8,0.4040877740834672,0.7782063036482378,0.12264082467738628
Cc1cc(=O)n(-c2c(C)c(N3CCc4[nH]c(=O)ccc4C3)c(O)c(O)c2C(=O)c2ccccc2C)cn1,8.4,0.2913846626159138,0.7486367182104576,0.09161932817420844
CC1(C)COCCN1C(=O)N1CCOC(Oc2ncc(C(N)=O)cc2Cl)C1,7.5,0.8165444706824146,0.7181603296936243,0.2199036923530458
CC(=O)NCc1cccnc1C1=CC=C(Oc2ncc(C(N)=O)cc2Cl)N=C(C)C(O)=C1F,8.0,0.5895944498881193,0.7261885266548346,0.1712626899552484
COC(=O)c1ccc(CNC(=O)N2CCC(C)CC2)c(C)c1CNC(=O)c1ccccc1O,7.1,0.58153973814732,0.8372336036514165,0.17284403677563154
Cc1nnc(N2CC[C@H](c3cccc(N[C@H]4CCCN(S(C)(=O)=O)C4)c3)C2)s1,8.0,0.7997252189835603,0.7442557635421491,0.23808004139140881
CC(=O)N1CCC(C[C@@H]2c3ccc(F)cc3CC[N+]2(C)c2ccc(-c3cccc4c3O[C@H](C)[C@@H]4C)cc2)CC1,8.9,0.3343203768595917,0.6266046225118116,0.09322157862534942
Cc1cc(=O)n(C2=CC=CC=C[C@H](C(=O)N3CCC([C@@H](C)O)CC3)CCO2)cn1,8.4,0.841625442015163,0.6095585103285506,0.2154683792895357
O=C1C[C@@H](n2cnc3c(c2=O)CCCC3)C(=O)N(C(=O)NC2=NCCS2)NC(=O)N1,8.3,0.5365397150208853,0.6656017396137162,0.14820553359124575
Cc1cnc(N[C@](C)(N)C(=O)NC2=NCCS2)nc1C,6.8,0.6968857795933007,0.6902315634169045,0.16354427079837533
CC1(C)COCCN1C(=O)C1CCN(S(=O)(=O)c2cccc(N3CCc4[nH]c(=O)ccc4C3)c2)CC1,8.9,0.6694338380702852,0.7821937550571193,0.2330140005653107
Cc1cnc(-c2ccccc2C(=O)NC2=NCCS2)nc1C,8.0,0.9253178482311893,0.8275420934017157,0.3062957876748838
CC[C@@H](C=O)NC(=O)NC[C@H]1CN(CNC(=O)N2CCCC2)Cc2ccccc21,7.7,0.6055176392521336,0.7097675826513667,0.16546406455992846
Cn1nc2c(c1-c1ccc(C(=O)N3CCOCC3(C)C)cc1)CCCC2,7.3,0.8328089309769612,0.8119527640489673,0.2468135524024644
CCC(=O)Nc1nc(-c2ccc(C)cc2OCC(=O)N2CCC[C@@H](C)C2)c(C)s1,8.1,0.7584045176419076,0.7977177064429741,0.2450220485095635
COc1cc(=O)c(-n2cnc3c(c2=O)CCCC3)n[nH]1,6.9,0.8447253251154756,0.7514538005120625,0.21899635930165007
COc1cc(N2C(=O)CCCc3sccc32)ccc1CNC(=O)[C@@H]1CNC(=O)C1,8.1,0.7885080995020625,0.7588135038777273,0.24232389049674669
COc1cc(=O)c(N[C@H]2CCCN(S(C)(=O)=O)C2)nn1C(=O)[O-],6.9,0.6809139285032552,0.6978018014643076,0.16392432325334003
CC(C)c1cc(-c2nc3ccc(Oc4ncc(C(N)=O)cc4Cl)cc3s2)ccc1F,8.6,0.4016190434573998,0.8306876837861107,0.14345659697882893
Cc1nnc(N2CC[C@H](c3c(S)nc4c(Br)cccc4c3CNC(=O)c3ccccc3O)C2)s1,9.0,0.2974550773703218,0.7249301850405554,0.09703537392569404
COCC(=O)NCC(O)C(=O)NNC(=O)OCc1cccc2c1O[C@H](C)[C@@H]2C,6.9,0.4755362501107853,0.6994623265414717,0.1147537936907675
O=P(c1ccccc1)(c1ccccc1)C(C1CCCCCC1)C1CCCCCC1,7.1,0.3743293104151398,0.8238738888610787,0.10948205136367452
Nc1c(C(=O)NC2=NCCS2)cc([N+](=O)[O-])cc1-c1ccc2c(c1)CNC2=O,8.3,0.4106151111273212,0.7824088338885044,0.1333265894637623
CCCN1C=CC=CC=C(NC(=O)N[C@@H](C)COCCC(=O)NC2=NCCS2)O[C@@H](C)C1,7.0,0.4517315643742953,0.5866795445305907,0.09275758395302097
Cc1cccc(NC(=O)Oc2ccc(-c3ccc(-n4cc(C)cn4)o3)c(Cl)c2)c1,8.2,0.44916386554172366,0.8268088507546696,0.15226279038232177
Cc1noc(C)c1CNC(=O)[C@@H]1NC(=O)C(O)=C1OCC(=O)N[C@@H](C)[C@@H](CC(C)C)C(N)=O,7.9,0.2982356021135555,0.6517251571290851,0.07677521963633298
Cc1noc(C)c1CNC(=O)c1nc(O)cc(N2C(=O)CCCc3sccc32)n1,8.0,0.6743306435871321,0.7619971642337267,0.2055352152677194
CC(=O)n1ccn1-c1ccc(S(=O)(=O)C(=O)Nc2ccccn2)cc1,7.7,0.7739102454331598,0.7730841972013744,0.230344645606696
CC(C)=C(NC(=O)c1ccc(-n2cc(C)cn2)o1)C(=O)Nc1ccc(-c2ccc(C)cn2)cc1,8.0,0.4064986099681773,0.7892373572521435,0.12832955546318164
CC#CCN(C)S(=O)(=O)[C@H](OC(=O)Nc1ccccn1)C(=O)NC1CC1,7.3,0.666084777322686,0.7190536952890905,0.17481701298603625
COc1cc(Oc2ccc([C@H]3CCN(c4nnc(C)s4)C3)cc2)ccc1CNC(=O)N1CCC(C)CC1,7.2,0.4371043151166383,0.7723446983293534,0.12153427214299868
CNC(=O)NC(=O)[C@H](S)C(=O)N1CCCC[C@H]1C(N)=S,6.4,0.31618090533724064,0.7101611256205033,0.07185260404288148
CCC(=O)Nc1nc(-c2cccc(N3C(=O)CC3N3C(=O)CCCc4sccc43)c2)c(C)s1,8.8,0.5233963065570979,0.7299416339207165,0.16810145228639678
Cc1cc(C)cc(C2(NCC[C@@H](O)c3ccc(C(N)=O)ccccc([O-])n3)CC2)c1,7.2,0.6545864369079278,0.6743170725601397,0.15890357155439752
CCNc1n[nH+]c(-c2cccc(N(CCOC)c3ccc(CNC(=O)c4ccccc4O)cc3)c2)c(C)c1C,8.0,0.25343206162015863,0.7533574575517257,0.076369973441702
CC(=O)N1CCC(Cc2c(Cl)cccc2-n2cnc(C)cc2=O)CC1,6.6,0.8460906019753165,0.8261661752233523,0.2306737740537024
COc1cc(=O)[nH]nc1-c1cccc2c1O[C@H](C)[C@@H]2C,7.2,0.9109280265810555,0.724870036049697,0.23770959532793606
CCCNC(=O)[C@@H](CC)O[C@H]1CCN(c2nnc(C)s2)C1,6.1,0.8305587358533651,0.7321481921796674,0.18546808347099172
Cc1ccc(S(N)(=O)=O)cc1C(=O)CNC(=O)CCN[C@H]1CCCN(S(C)(=O)=O)C1,6.0,0.4132672745054784,0.7824747187768915,0.09701135831950998
CC(=O)N(C)c1cc(CNC(=O)N2CCC(C)CC2)cc(S(=O)(=O)CCC(=O)NC2=NCCS2)c1,8.2,0.5625941504211017,0.7788510500328363,0.17965258836710066
CN1N=C(C(=O)NC(N)=O)/C(=N/NC(=O)c2ccc(=O)[nH]n2)C1=N,8.9,0.3732278795893077,0.7383442315093274,0.12262894011028432
O=CCC(c1ccccc1)N1CCc2[nH]c(=O)ccc2C1,7.3,0.8733757717715255,0.7688682743110884,0.24510148670048704
Cc1cccc(NC(=O)N[C@@H](COc2ccc(ON3C(=O)CCCc4sccc43)cc2)CC(C)C)c1,7.6,0.3544248444542892,0.7510896206512006,0.10115783234880248
COc1ccc(CCN(C=O)C(=O)c2ccc(F)cc2)cc1C,7.6,0.769983707255872,0.8592696993704289,0.25141699408847495
Cc1cccc(NC(=O)c2ccc(C3=NCCS3)cc2)c1,6.8,0.9371112386652923,0.8784915523325333,0.2799030642995341
O=C(Nc1ccc(C(F)(F)F)c(N2CCc3[nH]c(=O)ccc3C2)c1)c1ccc(Br)c(F)c1,9.1,0.4818836015902777,0.8149688143712572,0.17868764889110583
CCCn1nc(C2CCC(C(=O)Nc3cc(C4(c5cccc(C)c5)CCC4)ccc3C)n3cccc32)nc1C,7.8,0.2850173944911666,0.6733303483710152,0.07484523599456916
Cc1c(N=C(O)c2ccc(-c3ccnc(C4CCCC4)n3)cc2)c(=O)n(Oc2cc(F)c(N)cc2F)n1C,7.8,0.21090062302909734,0.7422334747232547,0.061049625878352616
CN(C)[C@H](C1=NNC(=O)/C1=N\NOc1cc(F)c(N)cc1F)c1ccc(F)cc1,8.1,0.5006057226654205,0.6779590692160036,0.13745302686189356
CS(=O)(=O)N1CCC[C@H](N[N+](=O)NS(=O)(=O)c2ccc(Oc3ncc(C(N)=O)cc3Cl)c(OCCO)c2)C1,7.6,0.18835417466344648,0.701143525713843,0.05018405784045094
COc1ncc(CCN(C(=O)C(=O)NCc2c(C)noc2C)c2ccc(Br)cc2)c(C)n1,7.2,0.49479128348137064,0.7910156596607991,0.14089955525907474
NC(=O)c1ccc(=O)n(-c2ccc(-c3ccc(Oc4cc(F)c(N)cc4F)cc3)cc2)n1,8.1,0.4656991913030915,0.8466240799047247,0.15968022048648844
CN(C)C(=O)CSC(=O)N(C)C(=O)C(=Cc1ccco1)[n+]1ccccc1,7.1,0.5908232995446342,0.7277783473245506,0.15264588359871828
CCNc1n[nH+]c(-c2ccccc2CNNC(=O)c2ccc(Br)c(F)c2)c(C)c1C,8.3,0.45443731548984645,0.7470140574124843,0.14088049109673856
COc1ncc(-c2csc(NCc3ccc(F)c(O)c3)c2C#N)c(C)n1,6.9,0.7088075328951051,0.7845071085937229,0.19184226912244123
CC1CCN(C(=O)NN2C(=O)CCCc3sccc32)CC1,6.4,0.8671309861307336,0.804474469524631,0.22322711682428548
COc1cc(=O)cnn1[C@H](Nn1cnc2c(c1=O)CCCC2)c1ccc(-c2ccccc2)nn1,9.1,0.4668890889320474,0.6835194752463405,0.14520314220460911
CC(=O)n1ccn1-c1ccc(S(=O)(=O)C(=O)c2n[nH+]c(N3CCc4ccccc4C3)c(C)c2C)cc1,8.7,0.4228640147441686,0.6846178653867042,0.12593261271850698
COCCNC(=O)N[C@H](C)NCC(=O)N1CCCCC1,6.1,0.45000440726925867,0.7994016583219994,0.1097189521740924
C[C@@H](NC(=O)N[C@@]1(C(F)(F)F)NC(=O)N(C(=O)N2CCCC[C@H]2C(N)=S)NC1=O)NC(=O)N1CCOCC1,7.1,0.18886008672752663,0.6087782687259564,0.04081574040344326
CC[C@@H](O)C(=O)N[C@@H](CC)c1ccc(-n2cc(C)cn2)o1,6.1,0.8539099679314285,0.6945777070832325,0.1808975824123051
C[C@H](C(=O)NC1CCC(=NNC(=O)CCC(=O)NC2=NCCS2)CC1)n1cc(Br)cn1,0.0,0.4795626731834545,0.7170061043072173,0.0
CC(C)P(C(C)C)C(NC(=O)NC1CCCC1)OC(=O)C(C1=NCCS1)c1ccccc1,6.7,0.28800651633214447,0.6567033740504179,0.06336017509298174
CC1(C)COCCN1C(=O)c1cccc(CN2CCc3[nH]c(=O)ccc3C2)c1,7.8,0.8851509502657054,0.8107476873451742,0.2798772934929286
O=C(CCN1CCCC(CNC(=O)N2CCCC2)C1)NC1=NCCS1,7.2,0.7632204033747075,0.7770527060725788,0.2135024927179638
Cc1c(NC(=O)c2ccc(Br)c(F)c2)cccc1-c1ccc(F)c(O)c1,7.8,0.5768448772992082,0.8759285609997642,0.1970572122841846
CCN(Cc1nc(O)cc(NC(=O)Cc2cccc(F)c2)n1)C(=O)[C@@H](C)SC,6.6,0.6997171213995651,0.7538223858144517,0.17406260185005135
COc1ncc(-c2ccc(C3(c4cccc(C)c4)CCC3)cc2)c(C)n1,7.0,0.6491053722987805,0.8391980862942895,0.1906547951827676
O=C(CCl)Nc1ccccc1NC(=O)NN1C(=O)CCCc2sccc21,8.5,0.6968212491460883,0.8161544272506305,0.2417033426844802
Cc1cccc(C2(c3ccc(CNNC(=O)NC4CCCC4)cc3C)CCC2)c1,8.2,0.6057355264573085,0.8215873493644936,0.20404250469516613
COc1ncc(-c2ccc(Nc3c(F)cccc3-c3ccnc(C4CCCC4)n3)c(F)c2)c(C)n1,8.2,0.3402691512771354,0.7930514881575367,0.11063889228571804
CCNc1n[nH+]c(-c2cc(C)c(NC(=O)c3ccc(F)cc3Cl)c(C)c2)c(C)c1C,7.4,0.5821552430848645,0.7599339671775159,0.16368783105454873
O=C(Cc1cccc(F)c1)Nc1ccc(-c2ccc3c(c2)CNC3=O)cc1,7.6,0.7409343288168941,0.8795027037799963,0.24762842329679258
NC(=O)c1ccc(C(=O)C(CC(=O)C(=O)NC2CCCCC2)c2ccccc2)nc1,8.0,0.5147700587505516,0.7821311513784222,0.16104707949828279
Cc1ccc2[nH]c(N(C)c3cc(CNC(=O)c4ccccc4O)cc(O)c3C)cc2c1,8.9,0.37352069633750046,0.8086530809731494,0.13441165454574738
CCNc1n[nH+]c(-c2ccc(OC(=O)C(=O)N3CCCC[C@H]3C(N)=S)cc2)c(C)c1C,7.7,0.31589013149985595,0.6782238348325059,0.08248402330305711
Cc1cccc(C2(S(=O)(=O)NS(=O)(=O)NS(=O)(=O)N(C)C)CCC2)c1,6.7,0.6461915595027924,0.7584631828311292,0.16418768982459817
CO[C@@H](C)C(=O)n1c(C)c(-c2ncc(C)c(C)n2)c(C)c1C(=O)N1CCCC[C@@H]1C(=O)N1CCC([C@@H](C)O)CC1,7.5,0.5820361358013731,0.6470307114708523,0.14122322064349052
CN[C@@H](C)Cn1nc2c(c1[C@@H](OCNC(=O)N1CCCC1)C(=O)NC1CC1)C(=O)CCc1ccccc1-2,7.9,0.44796267511229726,0.6765862758790355,0.11971873224438061
CC(=O)NCc1cccnc1-c1ccc(C(=O)N2CCC([C@@H](C)O)CC2)cc1,7.1,0.8340726057063729,0.8089354752566551,0.23952237649195268
Cc1nc(-c2cccc(C(=O)N3CCCC[C@H]3C(N)=S)c2)cn1NC(=O)NC1CCCC1,7.8,0.6011928617749457,0.7543531441577913,0.17686957295480876
O=C(COCC(=O)NS(=O)(=O)c1ccc(Cl)s1)NS(=O)(=O)CNC(=O)c1ccccc1O,7.1,0.32464379293599227,0.7961596885106784,0.0917562468765999
CCNC(=O)n1nc2c(c1-c1ccc(C(=O)N3CCOCC3(C)C)cc1)CCCC2,7.9,0.8427008907804912,0.788059567000935,0.2623189071444116
CC=CNC(=O)C(NC(=O)c1ccc(N2CC(C)C=N2)o1)=C(C)C,7.2,0.8116794588488669,0.6307079797109238,0.18429577619883294
Cn1c(CNC(=O)c2ccccc2O)cc2c1CCN(CCS(=O)(=O)C(=O)Nc1ccccn1)C2,8.3,0.4549357875379721,0.7735144436838587,0.14603825208286475
Cc1nnc(N2CC[C@H](CN(CC(C)(C)C)C(=O)c3ccc[n+]([O-])c3)C2)s1,6.7,0.5800262763383912,0.7246019707192654,0.1407965412727581
CN(C(=O)CC(=O)NCNC(=O)N1CCCC1)[NH+]1CCC[C@@H](CO)CC1,7.0,0.33049733145276544,0.6222009935367462,0.07197251879690389
Cc1cnn(-c2ccc(N3CCc4c(ccn4C)C3)o2)c1,7.0,0.7251610035593415,0.7434353102139961,0.1886886034726811
CC(=O)N(C=O)[C@H](c1ccc(Cl)cc1)[C@@H]1NC(=O)C(O)=C1C(=O)c1ccc(C(N)=O)cn1,8.6,0.41456616058628454,0.6772298049375384,0.12072532082904808
Cc1cc2c(nc1CNC(=O)N1CCCC1)[C@@H](NNCC(=O)N1CCCCC1)[C@@H](C)O2,7.4,0.5935409632383115,0.68537658358505,0.15051565871275988
CCNc1n[nH+]c(-c2ccccc2-c2ccc(F)c(O)c2)c(C)c1C,8.3,0.7520616242839252,0.7567892521464291,0.2361981439970921
O=C(NC1=NCCS1)c1ccc(S(=O)(=O)NN2CCc3[nH]c(=O)ccc3C2)cc1OCCO,7.5,0.4147444596146483,0.7575027134500362,0.11781377007992437
Nc1cc(F)c(Oc2ccc(OCCc3ccc4c(c3)CNC4=O)cc2)cc1F,8.6,0.6126216320048913,0.8402094068251054,0.22133409695507483
O=C(CCCc1ccnc(C2CCCC2)n1)NC([O-])=Nc1sccc1-c1ccc2c(c1)CNC2=O,8.1,0.389050604393829,0.7303772710525684,0.11508225608909947
N=C1S/C(=C/C(=O)N2CCC[C@H](O)C2)C(=O)N1N1C(=O)CCCc2sccc21,6.3,0.7089540868688362,0.6872433623063144,0.1534755569698707
CCC(=O)Nc1nc(-c2ccc(C(=O)CNC(=O)N3CCC(C)CC3)cc2)c(C)s1,8.0,0.6780870839327318,0.8462266947751215,0.22952615672243837
CCNc1n[nH+]c(N2C(=O)CN=C2c2cc3c(cc2C)C(=O)O[C@@H](C)C3)c(C)c1C,8.2,0.781956912038516,0.6348777577132637,0.20354329088679435
CC(=O)NC1(C(=O)Nc2ccccn2)CCN(c2ccc(S(C)(=O)=O)cc2)CC1,8.0,0.7664486426672711,0.8377063667445552,0.2568235630980383
COc1cn(C)c(-n2ccc(C3(c4cc(C)cc(C)c4)CC3)c2)cc1=O,7.3,0.7172546559458007,0.7561364669826703,0.19795497653791091
Cc1noc(C)c1CNC(=O)N(C)C(=O)N[C@H](CC(=O)N[C@@H](C(N)=O)c1ccc(F)cc1)C1CCC1,7.8,0.4111777222390796,0.7047828143396361,0.11301848698663368
CC(C)=C(NC(=O)n1nc(C(N)=O)ccc1=O)C(=O)NC1(C#N)CCCCCC1,7.8,0.5031400636162632,0.7414094044788165,0.14548278222471533
CCC(=O)Nc1nc(CC(=O)N[C@@H](C2CCC2)S(=O)(=O)CC(C)NF)cs1,6.2,0.4945991972830596,0.6782624907521462,0.10399510587669825
Cc1ccc(NC(=O)Cc2cccc(F)c2)cc1CNC(=O)[C@@H]1CNC(=O)C1,7.3,0.7136748183167231,0.8092573837279308,0.21080451495077665
Cc1cc(=O)n(C2=NN(C)C(=N)/C2=N\N[C@@H]2C[C@@]3(C)CC[C@H]23)cn1,7.9,0.7838538567079103,0.5913753129459334,0.18310296882673432
O=C(NOc1cccc(N2C(=O)CCCc3sccc32)c1)c1ccc(Br)c(F)c1,7.9,0.5163010027858194,0.8078765059909997,0.1647574428172516
NC(=O)c1cnc(Oc2cccc(CNC(=O)c3ccccc3O)c2)c(Cl)c1,8.5,0.5901910137403862,0.8719021152906465,0.21870023715495382
Cn1c(NC(=O)CCC(=O)C(N)=O)cc2c1CCN(NC(=O)c1ccc(Br)c(F)c1)C2,6.8,0.5021153090105407,0.7660077634509153,0.130772236448874
COc1cc(OC(=O)N2CCOCC2(C)C)ccc1NC(=O)Cc1cccc(F)c1,7.3,0.8056228252202039,0.8401975738960008,0.2470620552772189
CC1CCN(C(=O)NCc2cccc(CCC(=O)NC3=NCCS3)c2)CC1,7.6,0.8145474495830716,0.8399823881981422,0.2599980945605678
COc1c(-c2ccccc2Cc2ccc(F)c(O)c2)cc(Br)c(C)c1N[C@H]1CCCN(S(C)(=O)=O)C1,8.4,0.3766790938180972,0.7434063047438069,0.11761075754801413
CCNC(=O)n1nc2c(c1-c1ccc(C(=O)N3CCOCC3(C)N3CCc4ccccc4C3)cc1)CCCC2,8.7,0.5488064353510692,0.7036804849759916,0.16799020468481668
CC1CCN(C(=O)N[C@H](C(=O)N(C)C)C(=O)N2CCC([C@@H](C)O)CC2)CC1,6.9,0.6928499844755768,0.7290825118269618,0.17427495841525015
Cc1ccc(-c2cccn(-c3cc(=O)n(NC(=O)N4CCC(C)CC4)c4ccsc34)c2=O)nc1,7.9,0.4854357883345125,0.7592937212489714,0.1455923967300163
Nc1cc(F)c(OC(=O)NN=C2CCCCC2)cc1F,7.2,0.6467946217374175,0.8098367675450295,0.1885673036640025
Cc1cccc(NC(=O)[C@H](C)[C@@H](O)C(=O)Nc2cc(C(F)(F)F)sc2C)c1,7.0,0.7109971730244465,0.7323032471038614,0.18223293847061384
N[C@H](NC(=O)Cc1cccc(F)c1)C(=O)N1CCCCC1,6.4,0.8056472442926713,0.8152980860109194,0.21018965000697168
O=C(CNc1cccc(-c2ccnc(C3CCCC3)n2)c1)N1CCCCC1,7.2,0.8626502962073452,0.854875149539365,0.26548498834935547
NC(=O)c1ccc(C(=O)C(=O)Nc2ccc(Oc3cc(F)c(N)cc3F)cc2)nc1,8.5,0.32332816652664836,0.8410610563974351,0.11557395995332818
Cc1ccc(-c2noc(C(=O)CC(c3ccccc3)[C@H]3CCN(c4nnc(C)s4)C3)n2)cc1,8.4,0.35597570698548814,0.726605577562996,0.10863465235248633
CC1=NN(c2ccc(OC(=O)C(C)C)cc2)C(=O)/C1=N\Nc1ccccc1NC(=O)CCl,7.2,0.28639230732756243,0.8191513554257082,0.08445551282311274
CC(=O)N(CC=O)[C@@H](C)N[C@H](C(=O)N(C)C)c1c2c(nn1C)CCCC2,6.2,0.5600398219730574,0.6503880566106586,0.11291539554566715
CC(C)[C@@H](CCNC(=O)N1CCCC1)C(=O)NC[C@H]1CCCC[NH2+][C@@H](C)CN(C)C1=O,6.8,0.5478180735687137,0.5777643370611201,0.10761331367587942
CNC(=O)NC(=O)CSC(=O)N1CCCC[C@H]1C(N)=S,6.4,0.6521443757557308,0.752688786934128,0.15707576290991845
CN(C)C(=O)CN1C(=O)COC(C)(C2CCC(=NNC(=O)C(=O)N3CCOCC3(C)C)CC2)C1=O,7.6,0.3170893325083396,0.6634190769113606,0.07993798266302642
O=C(NCNCC(=O)N1CCCC1)c1ccccc1O,6.9,0.533609160137664,0.8705941513892554,0.1602721698105361
CC(C)(C)c1cccc(CCNC(=O)c2ccccc2)c1,6.9,0.9027892495622083,0.9336356863868644,0.29079230993380467
CCNc1n[nH+]c([C@H](CCc2ccccc2)C2CCN(n3nc(C(N)=O)ccc3=O)CC2)c(C)c1C,8.7,0.4751259824726358,0.6500285068554208,0.13434776333538248
C/N=C(\N)NC(=O)S(=O)(=O)CNC(=O)NNC(=O)Cc1cccc(F)c1,7.4,0.24420678436396653,0.775503194699398,0.07007176233336353
C[C@H](NC(=O)N1CCOCC1)N[C@H](NC(=O)[C@@H](C)CC1=CCCCC1)C(=O)N1CCCCC1,7.3,0.37714200378917945,0.6657882466990893,0.09165030041267336
Cn1nc2c(c1-c1ccc(N[C@H]3CCCN(S(C)(=O)=O)C3)cc1)CCCC2,7.3,0.8745810255490172,0.7767378774791722,0.24795187645600295
Cc1nnc(N2CC[C@H]([C@@H](N)C(=O)N3CCCC3)C2)s1,0.0,0.8846478109838675,0.7444931756294153,0.0
NC(=O)c1ccc(C(=O)C2=C(O)C(=O)N[C@H]2C(=O)NCC(=O)NCCNC=O)nc1,7.8,0.12806880552145158,0.7194959565875602,0.035936545217696375
CCC(=O)Nc1nc([C@H](Oc2cccc([N+](=O)[O-])c2)C(=O)NC2CC2)cs1,8.0,0.5275902986963276,0.7792460732833679,0.164449067424605
NC(=O)NC(=O)[C@H](NC(=O)NC(=O)CN[SH](=O)=O)n1cnc2c(c1=O)CCCC2,7.4,0.2522020680109309,0.6594745073854289,0.061538708788345185
COc1ncc(Oc2ccc(-c3ccnc(C4CCCC4)n3)cc2)c(C)n1,7.5,0.6550584610559262,0.8287096870271937,0.20356998459231443
COc1ncc(-c2ccc(OCNC(=O)[C@@H]3CNC(=O)C3)cc2)c(C)n1,6.9,0.7502508328657279,0.760674552657835,0.1968903672516005
NC(=O)c1ccc(=O)n(Cc2ccc(SNC(=O)c3ccc(Br)c(F)c3)cc2)n1,7.9,0.5314245400286408,0.8130024731073282,0.17065953879871767
Cc1noc(C)c1CNC(=O)[C@@H](NNC(=O)CNC(=O)C(=O)NCCC(N)=O)C(=O)N1CCCCC1,7.3,0.1018566145459551,0.7341118836093857,0.027292565174278284
CCC(=O)Nc1nc([C@@H](C)NC(=O)CCC(=O)NC2=NCCS2)cs1,6.8,0.662865758066758,0.7631852967695529,0.1720023960981081
Cc1nnc(N2CC[C@H](c3ccc(NC(=O)Cc4cccc(F)c4)cc3)C2)s1,6.9,0.7035503453677124,0.8139966362553691,0.1975772270251393
Cc1cccc(C2(c3cccc(-c4cccc(-c5cc6cc(C)ccc6[nH]5)c4)c3)CCC2)c1,8.5,0.29546996522662494,0.8397880141865337,0.1054561575235084
Cc1cc(C)cc(C2(N3CCc4c(ccn4C)C3)CC2)c1,7.7,0.8142765739957183,0.7702289067258474,0.24146405181405842
CC[C@@H](O)C(=O)N[C@@H](CC)N1C(=O)CCCc2sccc21,5.7,0.8741803685885609,0.6964503861283257,0.17351462774605203
Cc1cc(C)cc(C2(C3(C(=O)N4CCOCC4(C)C)CCC4(CC3)C[C@@H]4Oc3cc(F)c(N)cc3F)CC2)c1,8.9,0.45855534697057976,0.6075303794988058,0.12397090526497809
CN(C(=O)NCC1CCC1)[C@H]1C=CC(c2ccc(-c3c4c(nn3C)CCCC4)cc2)C1,7.1,0.7079705109065166,0.6874018212687147,0.1727643776035971
CC(=O)NC1(c2ccc(Br)cc2C)CC=C(C2(c3cc(C)cc(C)c3)CC2)CC1,7.1,0.5241060836472435,0.7127548384467727,0.13261349717753143
CS(=O)(=O)CCC(=O)Nc1csc(=O)n1Oc1cc(-c2ccc(F)cc2Cl)c(N)cc1F,6.9,0.47715860340270017,0.7642870094655856,0.12581671210222167
Cc1cc(=O)n(C2C[C@@H](c3cc(O)nc(C(=O)NCc4c(C)noc4C)n3)NC(=O)c3ccccc32)cn1,8.8,0.36053496997960655,0.6577413478289287,0.10434105312129346
CC(=C(NC(=O)c1ccc(-n2cc(C)cn2)o1)C(=O)Nc1ccc(-c2ccc(F)cc2)cc1)N1CCCCC1,8.8,0.30247995686642704,0.7843711616404297,0.10439288426171725
O=C(CCN1C(=O)CCCc2sccc21)Nc1ccccc1-n1cnc2c(c1=O)CCCC2,8.5,0.6238791702545964,0.802908847519867,0.21289019487182678
O=C(Nc1ccccn1)c1ccc(N2CCc3[nH]c(=O)ccc3C2)cc1,7.6,0.7640378199427815,0.8544839928486171,0.24808607308738306
C[C@@H]1c2cccc([C@H]3CCCC[N+]3(C)c3ccc(C(=O)NC4=NCCS4)cc3)c2O[C@@H]1C,8.2,0.6486698918624709,0.6168418087062442,0.16405195083338944
O=CNNCc1cccc(-n2c(N3C(=O)CCCc4sccc43)csc2=O)c1,7.6,0.36908983583603716,0.7501471199187734,0.10521123739060453
C[C@@H]1CCCN(C(=O)COC(=O)NN=C2CCCCC2)C1,6.5,0.8120278028067845,0.7872544701917106,0.20776356824586806
Cc1c(C)c(C(=O)c2ccc(=O)[nH]n2)c(C)c(C)c1C(=O)NC1=NCCS1,7.5,0.788534262978524,0.7724078106620262,0.22840125888721355
Cc1nnc(N2CC[C@H]([C@@H](C)NC(=O)NCCOCOCC=CO[SH](=O)=O)C2)s1,0.0,0.1795684095703326,0.6302544946520902,0.0
COc1cc(=O)n(C(=O)C(=O)N2CCOCC2)nc1NC(=O)NC1CCCC1,7.1,0.6806956942117192,0.8009669643656222,0.19355124116657624
NC(=S)[C@@H]1CCCCN1C(=O)c1cc(Oc2cc(F)c(N)cc2F)ccc1Br,7.9,0.5122035610152447,0.7778279802200461,0.15737047322377115
CCC(c1[nH]c(=O)[nH]c(=O)c1O)[C@H](N[C@H](C)CNC(=O)c1ccccc1O)C(=O)N(C)C,7.2,0.3101997442999747,0.6715291895672488,0.07499094584174273
COc1cn(C)c(-c2ccc(C3(c4cccc(C)c4)CCC3)c([N+](=O)[O-])c2)cc1=O,7.1,0.45438442884984864,0.7973131416615684,0.1286117701533714
COc1cn(C)c(-c2nc3c(Cn4nc(C(N)=O)ccc4=O)c(C)cc(C)c3s2)cc1=O,8.4,0.49516709393346964,0.7683268032924483,0.15978906315855596
C[C@@H]1CCCN(C(=O)CO[C@H]2CCC[C@H]2CNC(=O)c2ccccc2O)C1,7.6,0.8021094081938065,0.7482635324919062,0.22807190330363422
COc1nc(-c2cc(=O)c(OC)cn2C)ccc1C(=O)NC1=NCCS1,6.5,0.8667547602089087,0.7875271296685384,0.22184268874100588
CCCn1nc([C@@H](NC(=O)N(C)C2=CC=CC=CC(=O)NC2=O)C2CCC2)nc1C,7.1,0.6959163457717182,0.6191569242746903,0.1529629055911771
CO[C@H](C)C1NC(S(=O)(=O)NS(=O)(=O)c2ncc(C)c(C)n2)=CC=C([N+](=O)[O-])C=CC1=O,0.0,0.2952139928119505,0.5537896693379101,0.0
Cc1cc(C(=O)N2CCOCC2(C)C)c2c(C)nc(=O)n(C(=O)N3CCC([C@@H](C)O)CC3)c2n1,7.1,0.7085176986803428,0.706381936082995,0.17767185682872547
CC(C)CCCN(Oc1ncc(C(N)=O)cc1Cl)C(=O)CCc1cccc2c1O[C@H](C)[C@@H]2C,6.9,0.49449058035418647,0.6862227883970334,0.11706909318591743
CCC[C@](C)(CN=C(N)NC(=N)c1c2c(nn1C)CCCC2)[NH2+]CC(=O)Nc1ccccn1,0.0,0.2788506192934368,0.633512633339966,0.0
CS(=O)(=O)N1CCC[C@H](N[C@H]2CS(=O)(=O)N[C@H]2C(=O)NC2=NCCS2)C1,7.2,0.46867288551190406,0.6251477503681119,0.10547632801306746
COc1cc(C)ccc1[C@@H](NC(=O)N(C)n1cnc(C)cc1=O)C1CCC1,6.7,0.8778985183883404,0.7361742978155924,0.21650591898484164
CC(=O)NCc1cccnc1NS(=O)(=O)Oc1cc(F)c(N)cc1F,8.1,0.6571852085353719,0.7992173840145611,0.212719706487375
CCCc1ccc([C@@H](OCn2nc(C(N)=O)ccc2=O)C(=O)Nc2cc(C)cc(C)c2)c(OC)c1,8.3,0.4606502506662188,0.7571882275436909,0.1447515629300971
COc1ccccc1[C@@H](OCn1nc(C(N)=O)ccc1=O)C(=O)NC1CC1,7.7,0.6884133415238474,0.7736969450782399,0.20505997022591996
CC#CCN(C)S(=O)(=O)[C@H](OC(=O)NC1=C(c2cnc(OC)nc2C)CCC=N1)C(=O)NC1CC1,6.6,0.47152662354664493,0.6303409915537358,0.09808344461202448
NC(=O)c1cnc(Oc2cccc(C(=O)N3CCCC[C@H]3C(N)=S)c2)c(Cl)c1,7.8,0.7218334626851995,0.7912909966907551,0.22276032485183514
CC1(C)COCCN1C(=O)c1cccc(-n2cnc3c(c2=O)CCCC3)c1,7.4,0.8174099933749732,0.8081366979909136,0.24441423479180538
Cc1cccc(NC(=O)c2ccc(NC(=O)Cc3cccc(F)c3)cc2)c1,7.4,0.6985716004604188,0.9250050296592455,0.2390874302811086
Cc1ccc2[nH]c(N(C)C(=O)NCC3CCC3)cc2c1,6.3,0.8825322806991328,0.8276180862263482,0.23007589831333505
C[C@@H]1CCCN(C(=O)COc2ccc(CNC(=O)[C@@H]3CNC(=O)C3)cc2)C1,7.1,0.7810171977957734,0.7795322292328437,0.21613396742975943
NC(=O)c1ccc(C(=O)c2ncnc3c2CCC3)nc1,7.8,0.8255514212199829,0.8213849746011314,0.2644572579287744
Cc1nnc(N2CC[C@H]([C@H](C)[C@@H](O)C(=O)NCNC(=O)C=O)C2)s1,0.0,0.3273963137169669,0.6498376307276542,0.0
CNC(=O)c1ccc(CNC(=O)N2CCC(C)CC2)cc1,6.7,0.8936356402716136,0.9063407711326273,0.2713293691306501
CC(=O)N1CCC(Cc2ccc(CC(=O)N3CCOCC3(C)C)cc2)CC1,6.6,0.8164539394747152,0.8384351495393653,0.22589941467571062
Cc1nc(-n2nc(C(N)=O)ccc2=O)ncc1-c1ccc(S(=O)(=O)NCNC(=O)c2ccccc2O)cc1,7.1,0.23150101358804134,0.795576006904528,0.0653827114545773
COc1cc(=O)n(-c2cccc(C(C)(C)C)c2)nc1C(=O)N1CCC([C@@H](C)O)CC1,6.6,0.8331936262774512,0.7812711911091361,0.21481355835268712
Cc1cccc(C2(C(=O)c3ccc(Oc4ccnc(C5CCCC5)n4)cc3)CCC2)c1,7.4,0.43141510901108937,0.8235301867792207,0.1314548451622137
CC(CCCCC1=CC(=O)N(C(=O)Nc2ccccn2)C1=O)C(C(=O)NC1=NCCS1)c1ccccc1,8.4,0.3799963150889374,0.6778386112166539,0.10818199328467919
CCN(C)C(=O)N[C@H](C)N[C@H]1CCCN(S(C)(=O)=O)C1,6.4,0.7010210466598613,0.7210934913679634,0.16176054849868268
C[C@H](NC(=O)N1CCOCC1)S(=O)(=O)N1CCC(c2ccc(F)c(O)c2)CC1,6.8,0.7751340152301477,0.7568369532982501,0.19946102260477225
CC1=C(N2CCCCS2(=O)=O)S(=O)(=O)NC1=NN[C@H]1CCCN(S(C)(=O)=O)C1,7.7,0.5119903816693184,0.6430297021822945,0.12675163371833312
NC(=O)c1ccc(=O)n(C[C@@H](N/C(C=O)=C\O)C(=O)N2CCCCC2)n1,7.3,0.3166512611276542,0.7231831343164167,0.08358385080025323
CCC(=O)Nc1nc(N=C(O)[C@H]2COC(=O)N2[C@H](C)NC(=O)N2CCOCC2)c(C)s1,7.3,0.4370110252473758,0.6540283996289487,0.10432343183390273
O=CNC(=S)NC1=NNC(=O)/C1=N\NN1C(=O)CCCc2sccc21,7.0,0.31374257021563656,0.6793665714468471,0.07460117498551154
CNC(=O)NC(=O)[C@@H](NCCC(=O)NCC(=O)NCC(C)C)SNCC(=O)N1CCCCC1,6.9,0.14076221229341196,0.7237135822669694,0.03514567609280764
CC(=O)NCc1cccnc1N/N=C1\C(=O)N(c2cccc(NC(=O)C(C)C)c2)N=C1C,8.6,0.5758441996145014,0.8096383044317584,0.2004769741988816
Cc1ccc(C(=O)c2ccc(=O)[nH]n2)c(-n2cnc(C)cc2=O)c1,7.7,0.7298447814635713,0.8105027972604536,0.22774337622273508
Nc1cc(F)c(Oc2ccc(Oc3ccc(-c4ccnc(C5CCCC5)n4)cc3)cc2)cc1F,8.2,0.3076731267705021,0.8379637170035034,0.10570575594158703
CC(C)=C(NC(=O)C(=O)N1CCC([C@@H](C)O)CC1)C(N)=O,6.0,0.4812638866864903,0.7262361018933423,0.10485336271477076
COc1ccccc1[C@@H](OCn1ncccc1=O)C(=O)NC1CC1,6.9,0.8264348297342614,0.785092745925102,0.22384565648245436
COc1ncc(-c2csc(NCc3ccc(C(=S)N(C)C(=O)OC(C)C)c(O)c3)c2C#N)c(C)n1,6.3,0.4282254218577927,0.7338946447328097,0.09899578830956293
CC1COCCN1c1ccc(NC(=O)N2C(=O)[C@@H](C)N(OCC(=O)N3CCC[C@@H](C)C3)C2=S)cc1,7.1,0.6127360558673784,0.6671900104050122,0.14512803829883725
CCCn1nc(NC(=O)[C@@H](CC)NC(=O)CCCCCC(=O)NCCCc2csc(NC(=O)CC)n2)nc1C,5.6,0.20272370198369982,0.7425049202468177,0.04214653692859306
CCCN(C(=O)C=O)C(=O)NC(CCNCC)N/N=C1\SC(=N)N=C1C(=O)c1ccc(C(N)=O)cn1,7.3,0.058714640573613655,0.6230071439046462,0.013351568793141538
O=CCNC(=O)c1nc2c(c(CNC(=O)[C@@H]3CNC(=O)C3)n1)CCC2,8.1,0.5464071808264497,0.7126523142591057,0.157706328487224
O=C(NC1=NN(C(=O)NC2=NCCS2)C(c2ccccc2O)O1)c1ccc(F)cc1Cl,8.1,0.6327953919394417,0.7111031322792455,0.18224302804650397
CCC(=O)Nc1nc(-c2ccc(OCC(=O)N3CCC[C@@H](C)C3)c(CCC(C)=O)c2)c(C)s1,7.4,0.5761955819574841,0.7801447079974262,0.16632089559318253
Cc1cccc(NC(=O)[C@H]2Cc3c([nH]c4ccccc34)C(C)NC(CCC(=O)NC3=NCCS3)=NC2=O)c1,0.0,0.3726264468816625,0.6273194371260615,0.0
C[C@@H]1c2cccc([C@H]3SC(=O)NC(=O)N3C(=O)C(=O)NC3=NCCS3)c2O[C@@H]1C,7.1,0.6508111757536547,0.6263353139476606,0.14470723784064055
NC(=O)c1cnc(OCC(=O)N[C@@H](C2CCC2)[C@H]2CN(C(=O)C(=O)OCCOc3ccccc3)CCO2)c(Cl)c1,0.0,0.22927299271506074,0.7001658545039887,0.0
COc1ccc(C(=O)C2(c3cccc(C)c3)CCO2)cc1,6.6,0.8050906264049295,0.8094404588922754,0.2150520656087349
CC(=O)N1CCC(CC(=O)N[C@@H](CNC(=O)c2cccc(CC3CCN(C(C)=O)CC3)c2)C2CCC2)CC1,7.4,0.5185143427767305,0.7650350426081637,0.1467722076580818
O=C(CNC(=O)c1ccccc1O)NC(=O)N1CC[NH+](c2ccc(C3=C[SH]=CC=N3)cc2)CC1,7.6,0.31741650967206336,0.6476825299366019,0.07812234865065819
CC1CCN(NCc2cc3c(n2C)CCN(c2ccc(C(C)(C)C)cc2)C3)CC1,7.0,0.8183114085150834,0.7888519484738767,0.2259342921729341
CN(C)S(=O)(=O)c1cc(=O)n(C2C[C@@H](c3ccc4c(c3)CNC4=O)NC(=O)c3ccccc32)cn1,9.9,0.5255084122063797,0.6746562524577805,0.17549608032702638
COc1c(C(=O)CNC(=O)N2CCC(C)CC2)ccc(N)c1C(=O)N1CCOCC1(C)C,6.6,0.5291749294826726,0.782489215879861,0.13664431295927848
CC1CCN(C(=O)NCN/N=C2\C(=N)N(C)N=C2NC(=O)N2CC[NH+](C)CC2)CC1,8.6,0.20694184221978162,0.6409754127238396,0.057037192072462176
CCC(=O)Nc1nc(-c2ccc(NC(=O)NC3CCCC3)cc2)c(C)s1,7.5,0.7208396506492983,0.8753602484564517,0.23662289088361185
Cc1cccc(NC(=O)c2ccc(-n3cnc4c(c3=O)CCCC4)cc2)c1,7.2,0.7759301396580922,0.8697218359298977,0.24294361882204002
CS(=O)(=O)N1CCC[C@H](NC23CCC(CNC(=O)c4ccccc4O)(CC2)CC3)C1,7.9,0.6364704756900786,0.6537722253129536,0.1643621540989693
CC(C)C(=O)Nc1ccccc1N[C@@H](C(=O)N1CCCC1)c1ccc(F)c(O)c1,8.6,0.6881059400043334,0.7995695582948259,0.23658108187900365
Cc1ccc2[nH]c(-c3cccc(-c4cccc(-c5ccnc(C6CCCC6)n5)c4)c3)cc2c1,9.6,0.31508733798786087,0.8378757987234253,0.12672194639242407
CC(C)=C(NC(=O)c1cc2cc(C)ccc2[nH]1)C(=O)Nc1nc2ccc(F)cc2s1,9.2,0.40946119695211186,0.8140285262769531,0.15332402357236144
O=C1Cc2ccccc2N1N1CCc2[nH]c(=O)ccc2C1,8.0,0.8552970824315935,0.7816552345519531,0.26741897663186737
C[C@@H]1CCCN(C(=O)CON2CCN(C(=O)C3CC(CNC(=O)c4ccccc4O)C3)CC2)C1,7.9,0.6234026528929242,0.7604503707397361,0.1872563775124609
C[C@]1(N/N=C2\SC(=N)N=C2CNC(=O)[C@@H]2CNC(=O)C2)CCCC(=O)N1,7.9,0.3999195297122248,0.5950490441163035,0.09399883488208689
CCOc1cc(N)ccc1-c1cc(O)nc(OCC(=O)N2CCC[C@@H](C)C2)n1,7.3,0.7337258664451926,0.7692231091417575,0.20600559566931587
Cc1cc(C)cc(C2(N3CCC(=O)C(C)N(c4ccc5c(c4)CNC5=O)C3=O)CC2)c1,7.7,0.8253174271838961,0.7110930656017369,0.22594783726543294
CC1=C(NC(=O)c2ccc(Br)c(F)c2)S(=O)(=O)N/C1=N\c1ncc(Br)s1,6.6,0.6431477670612792,0.7171761864963333,0.15221258676843127
Cc1cccc(NC(=O)N2C(=O)CN(C(=O)NC3=NCCS3)CC2=O)c1,6.9,0.7118467527937083,0.7974957281933013,0.1958546868460331
CC[C@H](COc1ccc(ON2C(=O)CCCc3sccc32)cc1)NC(=O)Nc1cccc(C)c1,6.4,0.43440747241467,0.7583111962237759,0.1054131360177009
COc1ncc(-c2ccc(C3(C(N)=S)CCC3)cc2)c(C)n1,6.9,0.8785597539386883,0.8133017483187476,0.24651429343888429
CCC(=O)Nc1nc(NC(=O)N2CCC(Cc3c(C)nn(C)c3-c3ncc(C)c(C)n3)CC2)cs1,8.4,0.5306054108731466,0.7688210608761901,0.17133505825553852
O=C(CNC(=O)c1ccccc1O)NC(=O)c1ccc(C(=O)Nc2ccccn2)cc1,8.9,0.4810510692393255,0.8851561735702076,0.18948336906418356
COc1cc(=O)n(-c2cccc(S(C)(=O)=O)c2)nc1CNC(=O)c1ccccc1O,7.8,0.6040919259792017,0.8425748654799189,0.1985071425750781
CC1=C(N2C(=O)CC[C@@H]2C(N)=O)S(=O)(=O)NC1=NC(=O)N1CCOCC1(C)C,0.0,0.6080403157062703,0.6317137264737923,0.0
Cc1ccc2[nH]c(-c3ccc(C(O)=NC(=O)C(=O)N4CCCC[C@H]4C(N)=S)cc3)cc2c1,7.4,0.24511822222471266,0.7421463027940269,0.06730802547746062
O=C(Cc1cccc(F)c1)N[C@@H](OC1=CC=CC=CCOC(=O)NC1)C(=O)NC1CC1,8.8,0.5738890508699348,0.6492177483309407,0.16393474125492632
CCn1c(-c2ccnc(C3CCCC3)n2)cc(=O)c2cc(-c3c4c(nn3C)CCCC4)ccc12,7.5,0.4140845187590074,0.7771273533671397,0.12067365230005993
CC(=O)NCc1cccnc1[C@H]1CNCc2ccccc21,7.6,0.9039251418076933,0.7842665088634213,0.26938892179096924
C[C@@H]1C[NH+](C(=O)N2CCOCC2(C)C)C[C@H](C)N1CCC(=O)NC1=NCCS1,7.2,0.671552513719503,0.5680867764505371,0.1373400369850203
Cc1cccc(C2(c3noc(C)c3CNC(=O)c3cccc(-n4cnc(C)cc4=O)c3)CCC2)c1,8.3,0.4485325192135234,0.7910787016481167,0.14725217702275312
Cc1noc(C)c1CNC(=O)c1nc(Nc2ccccn2)cc(N2C(=O)CCCc3sccc32)n1,8.8,0.4124156696868414,0.7701005361392581,0.13974467246874983
Cn1c(CNC(=O)c2ccccc2O)cc2c1CCN(c1ccccc1)C2,8.1,0.7501437177713245,0.8484963921429155,0.2577801664376451
COc1ncc(-c2ccc(Oc3ncc(C(N)=O)cc3Cl)cc2)c(C)n1,7.4,0.7382842555340254,0.8401614816179589,0.22950285777433108
CC1=C(C(=O)N2CCOCC2(C)C)S(=O)(=O)N/C1=N\CNC(=O)[N+]1(CC(=O)[O-])C[C@@H](Cl)O[C@@H](C)C1,6.7,0.3149044535734894,0.49029682759997534,0.05172287928570216
CC([C@@H](CC=O)C(=O)NCOCC(=O)N1CCC[C@@H](C)C1)N1CCC[NH+](C)CC1,6.0,0.2934006534178512,0.5640718551562977,0.04964971526324318
C[C@@H](CS(N)(=O)=O)C(=O)[C@@H]1NC(=O)C(O)=C1CNC(=O)C=CCCC(=O)NC1=NCCS1,7.7,0.22842930398944403,0.624530423858847,0.05492450426628893
COc1ccc(-c2nn(C(=O)NC3=NCCS3)c(OC)cc2=O)c(F)c1,7.7,0.8740624845405831,0.767051049584239,0.25812346027508887
Cc1ccc(-c2cccc(-c3cc(O)nc(-n4nc(C(N)=O)ccc4=O)n3)c2)cc1,9.4,0.5432105289146326,0.8343886167746908,0.2130268804641084
Cn1nc2c(c1-c1cccc(Cn3nc(C(N)=O)ccc3=O)c1)CCCC2,8.1,0.7625466724041994,0.82113030438452,0.2535908233935585
C[C@@H]1c2cccc([C@@H](N)C(=O)N3CCCCC3)c2O[C@@H]1C,6.6,0.9097324794169097,0.7207943839400595,0.2163909204770195
COc1ccc(OCCC(=O)NC2=NCCS2)cc1C(=O)N[C@H](C)C(=O)NCc1c(C)noc1C,7.0,0.4446018409531818,0.7587366973360488,0.11806750635202051
O=CCC(c1ccccc1)c1ccnc(C2CCCC2)n1,7.3,0.7811133530680585,0.7780305165109827,0.22182145932252598
Cc1c(-c2csc(=O)n2-n2cnc3c(c2=O)CCCC3)c(N)nc2ccccc12,7.6,0.5532076771046,0.7630920759631962,0.16041639000900015
CCNc1n[nH+]c(-c2c(C)cc([O-])nc2C(=O)NCNC(=O)c2ccccc2O)c(C)c1C,7.8,0.39462601464305985,0.6898275799092725,0.10616732437368062
Cc1c(Cn2nc(C(N)=O)ccc2=O)cnn1NCC(=O)N1CCCCC1,6.8,0.6992317993895782,0.7899507365838995,0.18780194949003212
CC(=O)NCc1cccnc1-c1cccc(C2(c3cccc(C)c3)CCC2)c1OCC(F)F,6.9,0.47141948020262175,0.7947956599681714,0.1292653441268758
Cn1nc2c(c1-c1cc(F)c(F)c(NC(=O)Cc3cccc(F)c3)c1F)CCCC2,8.1,0.4940487541624614,0.8091895152879423,0.16191052412328022
Cc1cccc(C2([C@@H](C)N[C@H](C(=O)N(C)C)c3ccc(-c4ccccc4)cc3)CCC2)c1,6.8,0.5107207505068843,0.7537727757598197,0.13088891523422225
COc1ncc(-c2ccc(C3(NC(=S)N(C)C(=O)OC(C)C)CCC3)cc2)c(C)n1,6.3,0.7156583512222613,0.77136586211185,0.173890842636453
CC#CCN(C)S(=O)(=O)[C@H](OC(=O)Nc1[nH+]nc(NCC)c(C)c1C)C(=O)NC1CC1,6.7,0.45864421317880333,0.6107094933880162,0.09383295565038373
COc1ncc(-c2cccc(-n3nc(-c4ccc(Oc5ncc(C(N)=O)cc5Cl)cc4)ccc3=O)c2)c(C)n1,8.5,0.31588829661463397,0.8017667437610118,0.10763921066179427
Cc1c(S(C)(=O)=O)c2cc(-c3ccc4c(c3)CNC4=O)ccn2c1N[C@H]1CCCN(S(C)(=O)=O)C1,7.8,0.5379291902445716,0.7076491315880999,0.14845939848965978
CC1=NN(Cn2nc(C(N)=O)ccc2=O)C(=O)/C1=N\Nc1nc2ccc(F)cc2[nH]1,8.7,0.5003014270984931,0.7670041673025941,0.16692397657901092
Cc1ccc2[nH]c(-c3cc4c(cc3C(=O)N3CCC([C@@H](C)O)CC3)C(=O)c3ccccc3C4=O)cc2c1,8.4,0.36441233656706223,0.7603698395432796,0.11637702295089727
C[C@H](Cc1ccccc1NC(=O)CCl)CN(C)C(=O)C[CH]Cn1nc(C(N)=O)ccc1=O,7.8,0.4904081452265846,0.7190854752881994,0.13753169593623055
CNC(=O)NC(=O)[C@@H](NCC(=O)N1CCCCC1)SC(=O)NNC(=O)CC(C)(C)C,7.5,0.2917653463049139,0.7202887738576133,0.07880823882904063
O=C1C[C@H](C(=O)NCc2ccc(N3C(=O)CCCc4sccc43)cc2)CN1,8.1,0.8514952223097761,0.7733688977409616,0.26670056821130966
Cc1cccc(C2(c3ccc(-c4ccc5c(c4)CNC5=O)c(-c4ccc(F)cc4)c3)CCC2)c1,9.4,0.3526396702520074,0.822596501679145,0.13633767477821662
Cn1nc2c(c1-c1ccc(S(=O)(=O)C(=O)Nc3ccccn3)cc1)CCCC2,8.9,0.7325132799725914,0.8109967258067127,0.2643593128921298
Cc1cccc(NC(=O)c2ccc(N3CCOCC3(C)C)cc2)c1,6.8,0.9318759943522721,0.8794457769322302,0.2786416986715937
CC1CCN(C(=O)NCC2=CC=C(S(=O)(=O)C(=O)Nc3ccccn3)C2)CC1,8.2,0.8019876030119091,0.7674600510257974,0.25235231315912643
CC1(C)COCCN1C(=O)SCC(=O)Nn1nc(C(N)=O)ccc1=O,8.3,0.7211768323847736,0.7385072030190859,0.22102662842715698
CC(=O)NC(=O)C(NC(=O)CC1=CC=C2C(=O)NCC12)=C(C)C,7.8,0.6378065639262143,0.6565290967496674,0.16330804125303972
CC(=O)N1CCC(Cc2cccc(-c3ccc4c(c3)CNC4=O)c2)CC1,8.3,0.9241546243805294,0.8525153558715591,0.3269602435209074
CC(C)[C@@H](CC=O)C(=O)NCOCC(=O)c1cc(=O)c(-n2cnc3c(c2=O)CCCC3)n[nH]1,7.3,0.22395289925470546,0.6648686210409045,0.05434822818653985
NC(=O)c1ccc(C(=O)c2cccc(NC(=O)Cc3cccc(F)c3)c2)nc1,7.9,0.6449199865676009,0.8814329818923992,0.22453923000270318
COc1cn(C)c([C@@H]2C[C@@H](Oc3ncc(C(N)=O)cc3Cl)C(=O)C(C)(C)C2)cc1=O,7.6,0.774280097720159,0.6553151898433488,0.1928110535071768
Cc1cc(NC(=O)NC2CCCC2)cc(Br)c1CNC(=O)N1CCC(C)CC1,7.0,0.6175881357680669,0.8405663801397214,0.18169333829493098
CCNc1n[nH+]c(N[C@H](COc2ccc(C(=O)OCC)cc2)C(=O)N2CCCC2)c(C)c1C,7.7,0.5293465924743814,0.7113771494689981,0.14497755196368783
Cc1ncc(-c2ccc(C3(C(N)=S)CCC3)cc2)c(C)n1,6.5,0.8814217177777691,0.8214759372523053,0.23532168781095972
Cc1cc2c(cc1C1=NCC(=O)N1C(=O)c1ccc(=O)[nH]n1)C[C@H](C)OC2=O,9.0,0.6016764065798006,0.699279556848546,0.18933300493170685
COc1ncc(-c2ccc(OC3=CCC4(CC3)C[C@@H]4Oc3cc(F)c(N)cc3F)cc2)c(C)n1,8.7,0.47722412653533014,0.6249914670265869,0.1297435380205519
COc1ccc(SN2C(=O)CCCc3sccc32)cc1C(=O)NCc1c(C)noc1C,7.2,0.5417634641130317,0.7816122924513265,0.1524416339346331
O=C(Cc1cccc(F)c1)Nc1ccc(CNC(=O)N2CCCC2)cc1,7.6,0.8643386594960663,0.9072689968972002,0.29799131406057733
CC(=O)[C@@H](OCc1ccccc1)[C@]1(OC(=O)N[C@H](C)N2C(=O)CCCc3sccc32)CCCO1,7.8,0.6019282736265269,0.6348403998234164,0.14903007049869244
C[C@@H]1CCCN(C(=O)CO[C@@H]2CCCCN(NC(=O)NC3CCCC3)C2)C1,7.4,0.7673519375905242,0.7418680728763796,0.2106313441685481
CN=C(S)NC(C(O)=NC1CCCCC1)S(=O)(=O)NS(=O)(=O)C(=O)N1CCC([C@@H](C)O)CC1,6.5,0.1811099147840926,0.6026441813515295,0.035472071807154046
CC([O-])=NC(=O)Nc1cc(OC(=O)N[C@H](C)c2ncc(C)c(C)n2)oc(-c2ccc(Cl)cc2)nccc1C,8.8,0.34022509199086803,0.6396365666739631,0.09575298028444373
Cc1ccc2[nH]c(Oc3ccc(CCNC(=O)N4CCC(C)CC4)cc3)cc2c1,8.8,0.6237919432881216,0.8465369256917809,0.23234768213466842
Nc1cc(F)c(Oc2ccc(CCC(=O)NC3=NCCS3)cc2Br)cc1F,7.7,0.6600213454324314,0.8142661211992842,0.20691171302878955
COc1cc(C(F)(F)F)cc(C(=O)NNC(=O)OCc2ccc(-n3cc(C)cn3)o2)c1OC,7.2,0.5329238550529151,0.7879854835440993,0.1511770541817804
C[C@@H]1C=CC2=C(C=C(Cn3nc(C(N)=O)ccc3=O)OCCN1Oc1cc(F)c(N)cc1F)OCCO2,9.1,0.565420894060992,0.5884225367445944,0.1513814105493533
O=C(NCc1cccc(-c2ccc(-c3ccc(F)c(O)c3)cc2)n1)c1ccccc1O,8.7,0.43400620190400196,0.8692678397130535,0.1641114205947542
Cc1cccc(C2(c3ccc(C(=O)N4CCCC[C@H]4C(N)=S)cc3)CCC2)c1,7.4,0.7642318428986576,0.7953452123549999,0.22489641083011375
C[C@@H]1c2cccc(-c3c(NC(=O)c4ccc(F)cc4Cl)ccc(Br)c3Br)c2O[C@@H]1C,8.2,0.35935692410072173,0.7382451821773572,0.10877034233876715
C[C@@](CNC(=O)CCC(=O)NC1=NCCS1)(C(O)=NCNC(=O)N1CCCC1)C(F)(F)F,7.0,0.3075877391093229,0.6894506850784092,0.0742233021077246
CCC(=O)Nc1nc(-c2ccc(N3CCc4c(cc([C@H](C)NC(=O)N5CCOCC5)n4C)C3)cc2C)cs1,7.3,0.4851109726569633,0.7277946653149826,0.1288673299647076
CC[C@@H]1CCC[NH+]1Cc1cccc(O)c1NCN1C(=O)Cc2cc(CC3=CNC(=O)C3)ccc21,7.6,0.4545161033769166,0.5765161516594797,0.09957363241872642
Cc1cccc(C2(COCNC(=O)[C@H](CC=O)C(C)C)CCO2)c1,5.8,0.4284563002503619,0.681184848947113,0.08463880264827968
Cn1nc2c(c1-n1c([O-])c(C(=O)c3cccc(Oc4ncc(C(N)=O)cc4Cl)c3)n(C)c1=O)CCCC2,9.6,0.3811643127958197,0.744229996776552,0.13616347933601738
CC(C)=C(NC(=O)C(=O)NCCNC=O)C(=O)NN1C(=O)CCCc2sccc21,7.2,0.20775189706307198,0.7354688762412314,0.055006219537186145
Cc1cc(=O)n(C2C[C@@H](C(=O)Cc3cccc(F)c3)NC(=O)c3ccccc32)cn1,8.2,0.723560970520314,0.7240191929716658,0.21478753227618433
CC1CCN(C(=O)N[C@@H](Nn2cnc3c(c2=O)CCCC3)C(=O)NC(N)=O)CC1,9.3,0.5016825134601746,0.7130071651324328,0.16633200042421997
CS(=O)(=O)CCC(=O)Nc1csc(=O)n1Oc1cc(F)c(Cc2ccc(C(=O)NC3=NCCS3)cc2)cc1F,7.0,0.3878305882038188,0.7425312710264564,0.10079171886067192
CC(=O)NC1(C(=O)Nc2ccccn2)CCN(CN(c2ccccc2)[C@@H](C)c2ccccc2F)CC1,8.1,0.4918859237387231,0.7488793144525447,0.1491870933101162
O=C1C[C@H](C(=O)NCc2ccc(CCC(=O)NC3=NCCS3)nc2)CN1,7.4,0.6471252596003294,0.7508535103847928,0.17978162094694372
CC(=O)c1ccc(-c2ncc(C(=O)N3CCOCC3(C)C)cc2Cl)cc1F,7.1,0.7432278231139522,0.8163221557763713,0.21538323527306313
Cc1noc(C)c1CNC(=O)c1ccc(N2CCc3[nH]c(=O)ccc3C2)cc1,7.8,0.7277602258912971,0.8305286488836356,0.2357260296770919
CCN[C@@H](NC(=O)Cc1cccc(F)c1)C(=O)N(C)C,6.2,0.7468747184441618,0.7940078752532163,0.18383756656437983
CN(C(=O)N[C@H](C(=O)NC(=O)OCC=O)C1CCC1)c1ccnc(C2CCCC2)n1,7.1,0.647928922730521,0.7165914939770001,0.16482662592928216
CCNN(C)C(=O)C(OCC(=O)NS(=O)(=O)C(=O)NCc1c(C)noc1C)(OC(N)=O)C(C)C,5.4,0.2320445793796036,0.6384329802182724,0.03999912633634028
CCNc1n[nH+]c(N/N=C2\SC(=N)N=C2c2ccc(C(N)=O)cc2C)c(C)c1C,8.3,0.5391832395594712,0.6802269531643083,0.1522082934807622
Cc1cc(=O)n(-c2ccc(O)c([C@@H](C(=O)NCc3c(C)noc3C)c3ccccc3Cl)c2)cn1,8.3,0.43384149707590647,0.7468611838301545,0.13446804025181458
CC(=O)N1CCC(CCC(=O)N(C)/C=C/c2ccc(-c3ncc(C)c(C)n3)cc2)CC1,6.9,0.701470603098424,0.8008670509112572,0.19381571915550969
O=C(Nc1ccc(NC(=O)N2CCc3[nH]c(=O)ccc3C2)cc1)c1ccc(F)cc1Cl,7.5,0.5739874293313404,0.8506014532904873,0.18308795308489087
CN1C(=O)C(=O)N2C[C@](C)(N/N=C3\SC(=N)N=C3C(=O)N3CCOCC3(C)C)C(N=C2O)C1=O,7.6,0.2425205328942921,0.4821126735256922,0.04443044454944624
CC1=NC(=S)N(S(=O)(=O)NS(=O)(=O)NC(=O)NC2CCCC2)C(=S)NC(=O)C1C,7.0,0.37565460483155355,0.6663349583268927,0.08760912840950849
CCOC(=O)c1cc(OC)ccc1N(C)C(=O)N[C@H](CNC(=O)c1ccccc1O)C1CCC1,6.9,0.48522949530068865,0.7765931762498287,0.1300049406631538
CCNc1n[nH+]c([C@@H]2CCCN2c2cccc3c2O[C@H](C)[C@@H]3C)c(C)c1C,0.0,0.8810880082902225,0.6138411022905288,0.0
Cc1cc2c(cc1C1=NCC(=O)N1C(=O)c1ccc(=O)[nH]n1)C[C@H](OCn1ncccc1=O)OC2=O,8.2,0.3756224681058326,0.6568574661314389,0.10115947327503412
COc1ncc(-c2ccc(OC3=CCN(c4nnc(C)s4)C3)cc2)c(C)n1,7.3,0.6704478137145827,0.7778571416498189,0.1903521063005094
O=C(NCc1ccc(-n2ccccc2=O)c(I)c1)N1CCCC1,7.2,0.7726477228133157,0.8537095667946711,0.23746203098202417
CCNc1n[nH+]c(N2C(=O)C[NH+]=C2c2ccc(C3=CCCC3)cc2)c(C)c1C,8.0,0.8269624593677117,0.6520786488836358,0.2156978252727944
CCNc1n[nH+]c(NC(=O)COc2cc(-c3nc(NC(=O)CC)sc3C)ccc2NC(C)=O)c(C)c1C,8.0,0.3146901474029053,0.7418072273700588,0.09337577029024972
COc1cn(C)c([C@@H](Oc2cc(S(C)(=O)=O)ccc2F)C(=O)NC2CC2)cc1=O,8.0,0.6729854126965243,0.7531161796696525,0.20273448119336437
Cc1ccc2[nH]c(CNC(=O)[C@H](Cc3ccc(-c4ccccc4)cc3)C(C)C)cc2c1,6.5,0.3702218343043206,0.8121977107344982,0.09772533104291617
COCC(=O)N(Cc1cccc(-c2cnc(OC)nc2C)c1)NCC(=O)N1CCCCC1,7.1,0.5942721749739284,0.7900066177088012,0.16666502758711016
Cn1nc2c(c1-c1ccc(S(=O)(=O)C(=O)F)cc1)CCCC2,7.2,0.7973203108607697,0.8057143586592268,0.23126847224801775
Cc1cc(=O)n(C2C[C@@H](C)NC(=O)c3ccccc32)cn1,6.4,0.865449893157729,0.733356536377842,0.2030986675375122
CC(C)(C)c1ccc(N2C=CSC(=O)N2C2CCN(C(=O)C(=O)N3CCc4sccc4C3)CC2)cc1,7.3,0.5185894846941584,0.7441310099590799,0.14085295870486236
CCOCCN(C1=C(O)C(=O)N[C@H]1C(=O)Nc1cccc(C)c1)c1cccc(C(=O)NC)c1,8.0,0.4327621135831939,0.7420044069940818,0.1284445581835213
CCNC(=O)NCCOCc1cc(=O)c(OC)cn1C,5.4,0.7018802393266793,0.8262784158966779,0.15658609292100806
CC1(C)COCCN1C(=O)O[C@H](C=O)C(=O)NC1CC1,5.4,0.5835228183707415,0.7146010376463787,0.11258622310447924
COc1ccccc1C(=O)N(CCC[C@@H](C)O)[C@@H](C)NC(=O)N(C)[C@H](C)c1ccccc1NC(=O)CCl,6.3,0.27975235418689454,0.6954003679004912,0.06128006535711742
COc1cn(C)c(N([O-])CC(=O)NOCC(=O)N2CCC[C@@H](C)C2)cc1=O,6.3,0.6611582046415575,0.697808601349896,0.14532899284635908
CC(=O)N1CCC(CC2CCN2CNC(=O)N2CCC(C)CC2)CC1,6.4,0.8447849846935009,0.7592362795895499,0.20524525082617873
C[C@@H]1c2cccc(-c3cccc(CNC(=O)[C@@H]4CNC(=O)C4)c3)c2O[C@@H]1C,8.5,0.876402675455139,0.7258055904339644,0.27034163355956486
Cc1cc(C)cc(C2(CNC(=O)[C@H](C)C(C)C)CC2)c1,6.1,0.8696138843154774,0.7899234963895923,0.20951317420226195
O=C1NCc2cc(C=Nc3ccc(F)c(O)c3)ccc21,7.4,0.8236215240443652,0.81339631063352,0.24787436233593615
CCC(=O)Nc1nc(C(=O)N[C@@H](C=O)C2CCC2)c(C)s1,6.9,0.7855492367312741,0.7474182488691734,0.2025611730467806
COC1=Cc2c(nn(C)c2-c2ccc(C(=O)N3CCOCC3(C)C)cc2)C1,7.5,0.8370650677218949,0.7627754329401749,0.2394347510364995
CC1(N2CCc3ccccc3C2)COCCN1c1cc(O)nc(N2CCCCC2)n1,8.3,0.8361942377730953,0.7181637716992778,0.24921762918401646
Cc1ccc2ncc([C@H](NC(=O)CN3CCCCS3(=O)=O)NC(=O)NC3CCCC3)cc2c1,8.5,0.556311136004148,0.7362648745099146,0.1740767482138889
NC(=O)c1cnc(OCCS(=O)(=O)NS(=O)(=O)c2ccc(OC(=O)c3ccccc3)cc2)c(Cl)c1,7.7,0.2872153140447231,0.8241184568528204,0.09112928493708863
Cc1nnc(N2CC=C(Oc3ccc(N(C(=O)NCC4CCC4)[C@H]4CCN(c5nnc(C)s5)C4)cc3)C2)s1,8.4,0.43952555854735276,0.6914121970425142,0.12763519947845664
Cc1cc(C)cc(N[C@H]2Oc3c(-c4ccc(-c5c6c(nn5C)CCCC6)cc4)cccc3[C@H]2C)c1,10.0,0.34823186322033134,0.7074795967231334,0.12318346907863269
CC(=O)NCc1cccnc1-c1cc(C)cc(OC(C)(C)n2cnc(C)cc2=O)c1,8.3,0.6785938299522366,0.7849946986587882,0.22106741200785365
O=C(Nc1ccc(NS(=O)(=O)c2cccc(N3C(=O)CCCc4sccc43)c2)cc1)c1ccc(F)cc1Cl,7.8,0.27354326441957133,0.8294448640781023,0.08848673175262897
COc1cc(C(=O)NCc2c(C)noc2C)ccc1C(=O)Nc1cccc(C)c1,7.7,0.6645468489966151,0.8813593581975468,0.2254962649646856
COC1=Cc2c(nn(C)c2-c2ccc(C3CCN(C(C)=O)CC3)cc2)C1,7.6,0.8518631025660353,0.7898972546934578,0.25569604391479384
COC1=Cc2c(nn(C)c2-c2ccc(C(=O)N3CC=C(Br)C3(C)C)cc2)C1,8.2,0.738472712907226,0.7253089444111599,0.2196045541888261
CCC[C@@H](C)N(C)C(=O)N[C@H](C)C1(c2cc(C)cc(C)c2)CC1,6.5,0.8199424723607494,0.7215178677805184,0.19227102191713472
CCNc1n[nH+]c(-c2c(OC)cccc2OC(C)(C)NC(=O)NC2CCCC2)c(C)c1C,6.8,0.5373457521967128,0.7176963856763565,0.1311213754314421
NC(=O)c1ccc(=O)n(N(C=O)C(=O)Cc2ccc(C(=O)c3ccc(=O)[nH]n3)c([N+](=O)[O-])c2)n1,7.8,0.16749053597304053,0.7375812571694306,0.048179773233921024
COc1cc(=O)n(-c2ccc(-c3ccc(C)cc3)cc2)nc1NC(=O)c1ccc(Br)c(F)c1,8.1,0.39362549072090414,0.8518705979334319,0.13580378276761412
C[C@@H]1CCCN(C(=O)COc2cc3c(n2C)CCNC3)C1,7.1,0.9131395647775913,0.7414890855763259,0.24036447241612763
COc1cc2cc(C3=NCC(=O)N3C(=O)c3ccc(=O)[nH]n3)c(C)cc2c(=O)o1,8.8,0.6435173804767332,0.733716813088335,0.20775018949095062
Cc1cnc(-c2c(CCCC3(C(N)=S)CCC3)c(C)nn2C)nc1C,6.6,0.8003031561638532,0.7576413659150136,0.20009311620608577
CC(=O)N1CC=C(S(=O)(=O)NS(=O)(=O)c2ccc(OC(=O)c3ccccc3)cc2)CC1,8.1,0.5086213512817989,0.8163157482978056,0.16815422568359628
C/C(=N\NCNC(=O)[C@@H]1CNC(=O)C1)C1(c2cc(C)cc(C)c2)CC1,7.4,0.3171389866537318,0.6957796589291326,0.08164377670781377
COc1cc(=O)c(C(=O)NS(=O)(=O)c2ccc(F)cc2)nn1C(=O)c1ccc(=O)[nH]n1,7.5,0.5101320729550454,0.7909397091522725,0.15130639252961606
Cc1cnn(-c2ccc(-c3ccc(Oc4ncc(C)c(C)n4)cc3)o2)c1,7.2,0.5384145725586524,0.8060074584356616,0.15622781803658012
CC(=O)c1ccc(C(=O)N2CCOCC2(C)C)c2c1CN(c1c3c(nn1C)CCCC3)CC2,8.2,0.671435289136016,0.7544143531029935,0.20768157191466827
CCOC(=O)C(=O)CCOCCNC(=O)N[C@H](C)c1nc(NC(=O)CC)sc1C,5.8,0.26181668629127447,0.7554854129355751,0.057361619333294346
CC(=O)NC1(CCC(=O)[O-])CCN(c2ccccc2NC(=O)CCl)CC1,7.0,0.6832729346628371,0.7795783473245506,0.18643267481161754
Cc1cc(=O)n(-c2cccc(C(=O)c3ccc(C(N)=O)cn3)c2)cn1,8.2,0.7228074680985679,0.8449263950035719,0.2503948344038947
CCc1c(CNC(=O)N2CCC(C)CC2)ccc(C(C)=O)c1CNC(=O)c1ccccc1O,7.9,0.5536955134678538,0.8296312625142929,0.18144842761529992
O=C(C(=O)N1CCc2sccc2C1)N1CCC(n2c(C(=O)N3CC=CCC3)csc2=O)CC1,6.8,0.48101580836847935,0.7505822500164931,0.12275425543116328
COC1=Cc2c(nn(C)c2-c2ccc(C(=O)N3CCC([C@@H](C)O)CC3)cc2)C1,7.0,0.8843387984405588,0.7353549494533446,0.22760601934941102
O=C(c1ccc(=O)[nH]n1)N1CCN(c2ccc(O)c(-n3cnc4c(c3=O)CCCC4)c2)CC1,8.6,0.608981587620057,0.7967757722836998,0.20864536315648555
CN(C)C1(C(=O)N(CC(=O)N2CCCC[C@H]2C(N)=S)CC(C)(C)C)CCCCC1,5.6,0.6641442808860146,0.7213258443639324,0.13413804157308273
CC1=C[C@]2(NCNC(=O)C[C@H]2NC(=O)NC2CCCC2)C(=O)NC([C@H]2CCN(c3nnc(C)s3)C2)=CC(O)=C1,7.9,0.3252607131957525,0.48647551981810433,0.06250139293868287
CCCn1nc(C2=CC=C(C)N(Cn3nc(C(N)=O)ccc3=O)C(=S)N2)nc1C,6.8,0.6636594438406699,0.7259332993181543,0.16380264649490897
CC(=O)NCc1cccnc1-c1ccc(Oc2cc3cc(C)ccc3[nH]2)cc1CCCS,6.9,0.2990337975624411,0.794498063553926,0.08196571171968499
CC1([C@@H]2NC(=O)C(O)=C2C(=O)c2ccc(=O)[nH]n2)N=C(c2ccc(F)cc2)OC1=O,8.4,0.4781074162379198,0.6607764148001561,0.1326872838442446
C[C@H](NC(=O)N1CCOCC1)c1cc(Br)cc(Cn2nc(C(N)=O)ccc2=O)c1OCF,7.7,0.5797664284065713,0.7386684347444735,0.16487823667256324
C[C@@H]1c2cccc([C@@H](C)NCC(=O)N(C)C)c2O[C@@H]1C,6.4,0.9172836808354738,0.7200895853220055,0.21136845611374697
Cc1noc(C)c1CNC(=O)n1c(C(=O)N2CCCC[C@H]2C(N)=S)nc2ccc(I)cc2c1=O,8.4,0.3478374271568056,0.7212124888521202,0.10536317255338469
C[C@@H]1c2cccc(-n3c(-c4cccc(/C=N\N)c4OCCO)csc3=O)c2O[C@@H]1C,6.4,0.35916565615189355,0.676709147722797,0.07777621922107106
CC(=O)C(=NNC(=O)NC1CCCC1)C1=CC[C@H](Oc2ncc(C(N)=O)cc2Cl)C[C@H]1C,7.0,0.4229977587686584,0.6694175755293386,0.09910674694524077
Cn1nc2c(c1-c1ccc(-c3ccnc(C4CCCC4)n3)cc1)CCCC2,7.7,0.6555719509865809,0.8233114956932113,0.20779987054799223
O=C(NCN1C(=O)CCCc2sccc21)Nc1nncs1,7.3,0.9047573274791569,0.7869094590160137,0.25986616617420016
Cc1nnc(N2CC[C@H]([C@@H](N)C(=O)N3CCCC3)C2)s1,0.0,0.8846478109838675,0.7444931756294153,0.0
C[C@@H](O)C1CCN(C(=O)C2CCCN(c3ccc(NCC(=O)N4CCCCC4)nc3)C2=O)CC1,7.7,0.6138407849846296,0.7282444560502286,0.1721050671965921
COc1cc(=O)[nH]nc1-c1ncccc1CNC(C)=O,6.4,0.844670127573573,0.8229845697428319,0.22244815408504318
CC[C@@H](O)C(=O)N[C@@H](CC)C(=O)c1ccc(C(N)=O)cn1,6.9,0.6120062149395681,0.7547179211794812,0.1593527601093992
CC1=NN(NC(=O)CSC(=O)N2CCOCC2(C)C)C(=O)CS1,6.4,0.803686610669985,0.687523419608524,0.17681707739565203
COC1=CC=C(C)CC1[C@@H](OCn1nc(C(N)=O)ccc1=O)C(=O)NC1CC1,6.6,0.6663654544369568,0.6619849693363551,0.1455708919243442
COC1(C(=O)N2CCOCC2(C)C)CCC2(CC1)C[C@@H]2Oc1cc(F)c(N)cc1F,7.3,0.7512520777076703,0.6254116045341898,0.1714922450750112
CC1CCN(C(=O)NCc2cnc(C(CS(=O)(=O)Cc3ccc(Cl)cc3)C(=O)O)c(Cl)c2)CC1,6.5,0.5328164338861634,0.7571606066917274,0.1311139746593853
COCCC(=O)N[C@@H]1CCCN1c1ccnc(C2CCCC2)n1,6.3,0.8708505742319237,0.7578979312372788,0.20790499231755893
CC1CCN(C(=O)Nc2cccc(NC(=O)c3ccc(-n4cnc5c(c4=O)CCCC5)cc3)c2)CC1,7.6,0.5632934967278896,0.8357204460885614,0.17888723909840265
CS(=O)(=O)CCC(=O)NC1=C[SH]=NON1Oc1cc(F)c(N)cc1F,7.0,0.4682943087014293,0.6648956645575477,0.10897839945739396
CCCn1nc(-c2cccc(NC(=O)c3cccc(C(=O)N4CCC([C@@H](C)O)CC4)c3)c2)nc1C,7.2,0.5347440006160871,0.7852914917479858,0.15117476902095345
NC(=O)c1ccc(=O)n(NC(=O)NC(=O)Cc2cccc(F)c2)n1,8.1,0.6929648955247188,0.8200414988573639,0.2301452884905589
Cc1nnc(N2CC[C@H](c3nc(-c4ccc(F)cc4)c(-c4cccc(F)c4)s3)C2)s1,8.2,0.39567094375464124,0.777725503071354,0.12616658735074127
CC(=O)N[C@@H]1[C@@H](CNC(=O)N2CCCC2)c2ccccc2C(=O)N1C(=O)c1ccc(=O)[nH]n1,8.2,0.5735311157697018,0.7017695612271811,0.1650195385801741
CN(C)CCC(=O)NC1=NNC(=O)/C1=N\NNC(=O)c1ccc(Br)c(F)c1,6.7,0.44992003487598875,0.7531924260466416,0.11352358146940392
C[C@@H]1c2cccc(-c3cc4c(n3C)CCNC4)c2O[C@@H]1C,7.2,0.868900366518238,0.6968640200805801,0.21798194488609995
COc1cn(C)c(-c2cccc(NC(=O)Cc3cccc(F)c3)c2O)cc1=O,7.7,0.6648124360249187,0.8395583333017819,0.21488729598774062
Cc1cnc(Oc2ccc(Oc3ncc(C(N)=O)cc3Cl)cc2)nc1C,7.7,0.7321609431254842,0.8370333467391389,0.23594460296176323
CC[C@@H](CNC(=O)[C@@H]1CNC(=O)C1)NC(=O)[C@H](O)CC,5.9,0.47624146250204247,0.7007029756353959,0.09844262391935953
COc1ccc(C(=O)NCc2c(C)noc2C)cc1NC(=O)[C@@H](NCCc1ncc(C)c(C)n1)OC,6.4,0.3412632420698946,0.7396813816668839,0.08077634125004157
Cc1cnn(-c2ccc(C3=[NH+]CC(=O)N3c3cccc(F)c3F)o2)c1,7.5,0.7693455162293343,0.7032521619127192,0.20289146157980115
CCc1cc(C(=O)c2ccc(C(N)=O)cn2)ccc1C1(c2cccc(C)c2)CCC1,8.3,0.6089656838295361,0.8229505042989312,0.207976675892428
CC(C)S(=O)(=O)C[SH2](=O)C1=NCC(=O)N1NCC(=O)N1CCCCC1,7.0,0.5982779565106928,0.6917259812996289,0.1448455422950535
COc1ncc(-c2ccc(OC3=CCCCC3Cl)cc2)c(C)n1,7.3,0.7733194743902584,0.7468625278347114,0.21081061817542535
Cc1cccc(C2(c3ccc(-c4cc4=O)cc3)CCC2)c1,7.8,0.6929192982864205,0.8702028311065517,0.2351623306879113
CS(=O)(=O)N1CCCN(C2(Nn3ncccc3=O)CCN(C(=O)c3ccc(=O)[nH]n3)CC2)CC1,7.8,0.5059138245941988,0.7283166841752204,0.14370153689067186
CCC(=O)Nc1nc(-c2cccc(-c3ccccc3NC(=O)CCl)c2)c(C)s1,7.6,0.5375993550623254,0.8630676459625063,0.17631415174094905
CCCS(=O)(=O)N(CNC(=O)Cc1cccc(F)c1)C(=O)Nc1nncs1,7.6,0.6313811913617395,0.783955303385519,0.18809036070184312
Cc1cccc(C2(c3nc(O)cc(-c4cccc(C(C)(C)C)c4)n3)CCC2)c1,8.4,0.620068324882983,0.8197149407968508,0.2134772934930119
COC1=CC=C2C(O[C@H](C)[C@@H]2C)N1NC(=O)Cc1cccc(F)c1,7.0,0.9204150297482518,0.6534570580664845,0.21050809413881394
O=C(Nn1nc2c(c1-c1ccc(S(=O)(=O)C(=O)F)cc1)CCCC2)c1ccccc1O,8.2,0.5970147077362321,0.7840461844214253,0.1919157124940667
Cn1nc2c(c1-c1ccc(C(=O)N3CCOCC3(C)N3CCc4[nH]c(=O)ccc4C3)cc1)CCCC2,8.6,0.6143633662409442,0.6927263343296057,0.18300184353626914
Cc1cc(C)cc(C2(c3ccc(O)c(C(=O)N4CCC([C@@H](C)O)CC4)c3)CC2)c1,7.0,0.8131304821628802,0.7687319538313881,0.21877778449552535
COc1cc(C(=O)NCc2c(C)noc2C)ccc1C1(c2cccc(C)c2)CCC1,7.6,0.6273005593780698,0.834757464005891,0.19898465316404748
CO/N=C\c1ccc(-c2cnc(-c3cccc4c3O[C@H](C)[C@@H]4C)c(Cl)c2)cc1,7.3,0.4077009256902151,0.7323651866190722,0.10898387705267724
Cc1cc(C)cc(C2(N3C(=O)Cc4cc(-c5ccc(-c6cc(F)ccc6F)cc5)ccc43)CC2)c1,8.9,0.30567162034106155,0.808858965828381,0.11002412766690967
Cc1cc(C)cc(C2(OC(=O)N[C@H](C)c3ccc(OC(F)(F)F)cc3)CC2)c1,7.0,0.711093945162456,0.778483345906991,0.19375117778949488
CN(CC(=O)NCC(=O)NCC(=O)[O-])C(=O)CC(=O)NCNC(=O)[C@@H]1CNC(=O)C1,6.7,0.15808588933410272,0.7051996950352009,0.037346510517505545
Cc1noc(C)c1CNC(=O)CN(C=O)C(=O)c1ccc(-c2cccc3c2O[C@H](C)[C@@H]3C)cc1,8.1,0.5378284401333495,0.7068021237325194,0.15395600489444983
CC(=O)NC1(N[C@H]2CCCN(S(C)(=O)=O)C2)CCN(N2CCN(C)S(=O)(=O)CC2)CC1,7.0,0.4523393742162607,0.643827764117995,0.10193002677346585
COc1cn(C)c(-c2cc(N3CCOCC3)c([C@H](C)NC(=O)N3CCOCC3)cc2C)cc1=O,7.8,0.7220316973808805,0.7438022938166591,0.20944904476089155
CS(=O)(=O)N1CCC[C@H](Nc2ccc(NC(=O)CNC(=O)c3ccc(F)cc3Cl)c(Cl)c2)C1,7.7,0.522540088972488,0.8012483244478654,0.16119348273722717
CC(=O)N(C)[C@@H](NNC(=O)c1ccc(F)cc1Cl)C(=O)N1CCCCC1,8.0,0.5955648206349201,0.7683141503270101,0.18303235165231074
Cc1noc(C)c1CNC(=O)c1ccccc1-c1c2c(nn1C)CCCC2,6.8,0.7689197543166352,0.8280963383505541,0.21649147523190446
NC(=O)NC(=O)[C@@H](NC(=O)Cc1cccc(F)c1)Nc1ccc(Oc2ccc(Cl)cc2)cc1,8.6,0.3747965607349198,0.7982704497171371,0.1286512782088293
Cc1cc(=O)n([C@@H](NC(=O)CC(C)(C)P(=O)(c2ccccc2)c2ccccc2)C2CCC2)cn1,7.9,0.4945051450734737,0.7023134915224623,0.13718256582988736
Cc1cnn(-c2ccc(N3C=CC=CC=C([C@H]4CCN(c5nnc(C)s5)C4)CCC3=O)o2)c1,9.1,0.5644880249461445,0.607018368084796,0.15590784286632928
Cc1cnn(-c2ccc(-c3ccc(C(=O)N(C)C(=O)[C@H](C)OOc4cc(F)c(N)cc4F)cc3)o2)c1,7.3,0.2306093410807908,0.6989267662822685,0.058830349978169855
CC(=O)NCc1cccnc1-c1ccc(C(=O)N2CCOCC2(C)C)nc1,7.5,0.8926211761329366,0.8152691576365311,0.2728974428829108
CC(=O)NC1SCC(=O)NC12C(=O)N(CCC(=O)[O-])C2=O,6.4,0.40677818583840514,0.5941232254375451,0.07733643769854286
C[C@@H]1CCCN(C(=O)COc2ccccc[nH]c3c([C@H](C)NC(=O)N4CCOCC4)cccc3c2=O)C1,7.6,0.6444530545271846,0.6849707163830081,0.1677439587651873
CC(C)OC(=O)N(C)C(=S)NCc1ncccc1CCCC1(C(N)=S)CCC1,6.0,0.6181738310684347,0.7481646812722996,0.13874874818765756
Cc1nn(C)c(-c2ncnc(O)n2)c1CCCC1(C(N)=S)CCC1,6.9,0.7717462886554436,0.7272074662233314,0.1936207837834328
CC1=NNN(c2ccc(CNC(=O)N3CCCC3)cc2I)C=N1,7.1,0.7291712944828569,0.7657825271676315,0.19822725600264726
C[C@@H]1c2cccc(N/N=C3\C(=N)N(C)N=C3CN(C=O)CCCC(=O)[O-])c2O[C@@H]1C,7.5,0.4499506301087767,0.597473912483196,0.10081266127326381
O=CCCNC(=O)NCC(=O)NC(=O)N[C@@H](NC(=O)NC1=NCCS1)C(=O)N1CCCCC1,8.2,0.13632112529125126,0.7105903835467483,0.03971607708955617
Cn1nc2c(c1-c1nc3ccc(N(CCOC=O)C(=O)[C@H](O)CCCC(=O)O)cc3s1)CCCC2,6.6,0.3030998189677354,0.6989356253921196,0.06990959630372928
O=C(CCl)Nc1ccccc1S(=O)(=O)CNC(=O)N[C@@H]1COC(=O)CN1,7.8,0.3647572393200535,0.7152929633762457,0.10175423178421
CCC(=O)Nc1nc(C(=O)Nc2ccc(C)cc2-n2cnc(C)cc2=O)cs1,8.2,0.6885229876167004,0.8319898914871859,0.23486610795899712
COc1ncc(-c2c(C)c(C#N)c(C)c(-c3ccccc3NC(=O)CCl)c2C)c(C)n1,6.9,0.5640114756160551,0.7892682159396028,0.1535789342394866
COc1ncc(NS(=O)(=O)c2ncc(C)c(C)n2)c(C)n1,6.7,0.8394126793872442,0.7891624047473028,0.2219150310946058
CC1=NN(OC(F)F)C(=O)/C1=N\NNC(=O)c1ccc(Br)c(F)c1,7.7,0.7234132334951898,0.7306921605034103,0.20350806572995297
O=C1CCCc2sccc2N1c1ccc(N2CCc3[nH]c(=O)ccc3C2)cc1,7.4,0.7183733500261897,0.8062578233676884,0.21430182941626402
CCC(=O)Nc1nc(C(=O)N[C@@H](C(=O)NNC=O)C2CCC2)cs1,6.7,0.39092907232060403,0.7618191685221127,0.09976878237684515
COc1cc(C(F)(F)F)ccc1[C@@H](C)NC(=O)OC(=O)c1ccc(=O)[nH]n1,7.9,0.6178568492093127,0.7636263725457495,0.18636565488313017
C[C@@H](O)C1CCN(C(=O)C(=O)CNC(=O)CNC(=O)[C@@H]2CNC(=O)C2)CC1,6.9,0.35959519591257305,0.7159249149255292,0.08881789021426158
CCN(C(=O)CNC(=O)c1c2c(nn1C)CCCC2)C(=O)N(C[C@@H](C)N)N1C(=O)CCCc2sccc21,7.0,0.5635065872571616,0.6661952102890386,0.13139188628896514
NC(=O)c1ccc(=O)n(-c2ccccc2C(=O)N2CCCC[C@H]2C(N)=S)n1,8.4,0.7433270368073069,0.7852969450782398,0.24516762950351217
CCC(=O)Nc1nc(-c2cccc(N3C(=O)CCc4nc(NC(=O)c5ccc(Br)c(F)c5)nc([O-])c43)c2)cs1,7.9,0.32012599136118347,0.7637507770250449,0.09657610748596661
COc1cc(=O)cnn1NC(=O)CCCn1cnc(C)cc1=O,6.1,0.7806809626809234,0.758556718601198,0.18061819074432797
O=C1C[C@H](C(=O)NCc2cc(NC(=O)Cc3cccc(F)c3)ccc2C(=O)[C@@H]2CNC(=O)C2)CN1,8.8,0.41981069147147115,0.7210199538357676,0.1331844295691896
COC1=Cc2c(nn(C)c2C2=CCc3[nH]c(=O)ccc32)C1,7.8,0.910029603262068,0.6981978028579641,0.24779846111797946
Cc1cnc(Oc2ccc(CCC(=O)NC3=NCCS3)cc2)nc1C,6.5,0.8909810716169032,0.8211411019632789,0.2377768831671763
CCOC(=O)c1n[nH]c2c1[C@H](c1ccccc1Cl)C=C(CC1=NC(=N)S/C1=N\Nn1nc(C(N)=O)ccc1=O)C2,8.5,0.17742839189349774,0.6088553198182051,0.04591199362373679
CCC(=O)Nc1nc(COCC(=O)c2ccnc(C3CCCC3)n2)cs1,6.3,0.7123266960502956,0.811100791768995,0.1819971553568449
CCC1(O)CC(NC(=O)NC2CCCC2)=Nc2ccc(CNC(=O)N3CCCC3)cc21,8.3,0.5924654688533958,0.7406426545547227,0.1821041569971888
Cn1c(NC(=O)Cc2cccc(F)c2)cc2c1CCN(c1ccc(-c3ccccc3Cl)cc1)C2,8.2,0.3728753706137361,0.831672168869098,0.12714512796043978
CC(=NCNC(=O)[C@@H]1CNC(=O)C1)c1ccc(NC(=O)NC2CCCC2)cc1,7.3,0.5599826280766734,0.7590705726276386,0.15514921196682702
CC(=O)NC1(CCC(=O)NC2=NCCS2)CCN(C2CCCC2=O)CC1,6.8,0.7447303532438528,0.7074358832191654,0.17912865157044325
CNS(=O)(=O)NS(=O)(=O)NS(=O)(=O)c1cccc2c1O[C@H](C)[C@@H]2C,6.5,0.5640362581525903,0.669585759148023,0.12274295998318654
CC1=C(C2=NCC(=O)N2C(=O)c2ccc(=O)[nH]n2)C=C(c2ncc(C)c(C)n2)C1,8.4,0.7900594883428188,0.7087063667445553,0.23516647958811066
COc1cc(C(=O)NCc2c(C)noc2C)ccc1C(=O)[O-],6.4,0.8666563981065672,0.8345090286886511,0.23143442847702925
Cc1cnc(-c2c(-c3ccc(C4(C(N)=S)CCC4)cc3)c(C)nn2C)nc1C,7.1,0.6758754323269119,0.7835826448876316,0.18800951190143908
CC1(C)COCCN1C(=O)c1ccc(Cn2nc(C(N)=O)ccc2=O)cc1,7.9,0.8498186798855774,0.8330687392829549,0.27964316362719627
Nc1cc(F)c(Oc2cccc(NCC(=O)N3CCCCC3)c2)cc1F,7.5,0.7959191321228145,0.8640421611383644,0.257890382629038
Cc1ccc2[nH]c(N(C)C(=O)NCC3CCC3)cc2c1,6.3,0.8825322806991328,0.8276180862263482,0.23007589831333505
C[C@@H](O)C1CCN(C(=O)C2(C)CCN(C(=O)CCCCNC(=O)c3ccc(Br)c(F)c3)CC2)CC1,6.2,0.4796612167869157,0.7615576169172038,0.11323979248699344
CN(C(=O)Nc1nncs1)c1ccnc(C2CCCC2)n1,7.3,0.9420488411961127,0.7930986141232016,0.2727052350919868
Cc1ccc2[nH]c(-c3cc(C#N)c(Cn4nc(C(N)=O)ccc4=O)c(C(=O)[O-])c3)cc2c1,7.7,0.48593687694412385,0.7634179068518103,0.14282457168163368
CCC(OC(=O)N1CCCC[C@H]1C(N)=S)Oc1ccc(O)cc1C(=O)c1ccc(=O)[nH]n1,7.4,0.32078444098146836,0.6980708166702202,0.08285419497568246
O=C1C[C@H](C(=O)NCc2ccc(NC(=O)c3ccc(Br)c(F)c3)cc2)CN1,8.0,0.676445577614526,0.8174542190323558,0.22118531654670928
O=C(NC(=O)c1ccc(F)cc1Cl)c1ccc(-n2cnc3c(c2=O)CCCC3)cc1,8.3,0.6513381747263348,0.8433493407565911,0.22796183240999815
CC(=O)NCc1cccnc1-c1cccc(NC(=O)CC[C@H](C)CNC(=O)[C@@H]2CNC(=O)C2)c1O,6.8,0.32613182066482443,0.7179407108565247,0.07960872579475246
CC1(C)COCCN1C(=O)c1nc(-c2ccc3c(c2)CNC3=O)sc1P(=O)(O)O,8.1,0.6136467419285712,0.7363846454720007,0.18301141559254824
Cc1cccc(NC(=O)Cc2ccc(C(=O)NCc3c(C)noc3C)cc2C)c1,7.6,0.6646771916525172,0.8739029479411364,0.22072807574146078
CN(C(=O)Nc1ccccn1)C(=S)NCc1ccc([SH](=O)=O)cc1,6.7,0.5637309555236901,0.7681225446772159,0.1450598427835087
Cc1cnc(Oc2ccc(Oc3ncc(C(=O)NC(=O)CCS(C)(=O)=O)cc3Cl)cc2)nc1C,6.9,0.488528640171799,0.8074671854027162,0.13609244189350791
COc1cc(=O)cnn1NC(=O)CC1=CC(C)=CC1OC(C)(C)n1cnc(C)cc1=O,7.0,0.7063910642503964,0.6100616102718409,0.1508297245483827
Nc1cc(F)c(On2c(NC(=O)CCS(=O)(=O)N3CCCCC3)csc2=O)cc1F,7.4,0.6045669033753212,0.7663359405494278,0.17142149821357724
Cc1ccc2[nH]c(-c3ccc([C@H]4CCN(c5nnc(C)s5)C4)c(C)c3)cc2c1,0.0,0.49634410572840854,0.7753649173569833,0.0
CC1=NN(N2C(=O)CCCc3sccc32)C(=O)/C1=N\N,6.6,0.6143405097488394,0.7216711082043701,0.1463060928401432
O=C(NC1=NNC(=O)/C1=N\NC12CCN(CCO1)CCO2)NC1CCCC1,7.8,0.46690230264959454,0.6145862612767492,0.11191117882109863
COc1cn(C)c(C(=O)NC(=O)c2ccc(C(=O)c3ccc(C(N)=O)cn3)cc2)cc1=O,7.8,0.4278228604221091,0.8319575725232176,0.13881288268641973
NC(=O)COC(=O)C[C@H](O)CCNN1CCc2[nH]c(=O)ccc2C1,6.7,0.4191402563257658,0.7159376773764424,0.1005262310389599
CC(=O)N1CCC(CC2CCN(c3ccccc3NC(=O)CCl)CC2)CC1,6.8,0.7778805589551981,0.8544617729159886,0.22598752851739115
Cc1ccc2[nH]c(-c3ccc(NC(=O)c4ccc(Br)c(F)c4)c(OC(F)(F)F)c3)cc2c1,7.6,0.28739787037407044,0.8397931877506866,0.09171481401139571
N/C(=N\C=O)c1nc(-c2ccccc2NC(=O)CCl)nc2c1CCC2,8.4,0.3658089317083397,0.7874155421944093,0.12097832808628561
CCCn1nc(-c2nnc(NS(=O)(=O)[C@H]3CCN(c4nnc(C)s4)C3)o2)nc1C,7.3,0.5701373209108923,0.6967522118051216,0.1449942203727184
COc1ncc(-c2ccc(NC(=O)CS(=O)(=O)c3cc4cc(C)ccc4[nH]3)c(C)c2)c(C)n1,7.5,0.44627853787966315,0.8039956437851958,0.13455225013877836
C[C@@H]1CCCN(C(=O)CO[N-]S(=O)(=O)c2ccc3c(c2)C(N2CCc4[nH]c(=O)ccc4C2)=NS3(=O)=O)C1,8.2,0.5443233380405964,0.6529338082668636,0.14571691511450496
COC1(C(=O)N2CCOCC2(C)C)CCC2(CC1)C[C@@H]2Oc1cc(I)c(N)cc1F,7.4,0.47275899832856805,0.6109204089827531,0.10686270462539123
COc1ncc(-c2ccc(OC3=CCCCC3c3ccc(C4(C(N)=S)CCC4)cc3)cc2)c(C)n1,8.1,0.3906397328701448,0.7166018056562999,0.11337292086401536
Cc1cccc(NC(=O)c2ccc(C(=O)NCc3c(C)noc3C)cc2C(=O)N2CCCC2)c1,8.2,0.578210554170299,0.8558644405854768,0.2028966395190884
COC[C@@H](C)NC(=O)CN[C@@H](C)NC(=O)N(C)[C@H](C)CNC(=O)N1CCC(C)CC1,6.2,0.3793703047330456,0.6953909017801537,0.08178130407824653
Nc1cc(C(=O)Nc2ccccn2)ccc1CNC(=O)c1ccccc1O,7.9,0.5204401628769488,0.8843634712176868,0.18180201625616793
CC(=O)NCc1cccnc1-c1ccc(NC(=O)c2ccc(Br)c(F)c2)cc1,7.2,0.6098486924175641,0.877166964365622,0.1925780854500931
COc1ncc([C@@H](Cc2cccc3c2O[C@H](C)[C@@H]3C)C(C)C)c(C)n1,7.5,0.7938434390904139,0.6822972292729125,0.20311394211295106
CCCn1nc(-c2ccc(-c3ccc(F)c(O)c3)cc2)nc1C,6.7,0.7862855211420589,0.8606562119443932,0.22670170857450392
NC(=O)c1ccc(C(=O)c2ccc(Cn3nc(C(N)=O)ccc3=O)nc2)nc1,8.1,0.5462715920151461,0.8271328895147995,0.18299487614715165
CC(=O)N(CCC1=NN(C)C(=N)/C1=N\NC(=O)Nc1cccc(C)c1)C(=O)NCCO,8.3,0.4013893501630905,0.7551388041748969,0.12578843966463849
COc1cc(=O)n(CC(=O)NCC(=O)NCC=O)nc1CC1CCN(C(C)=O)CC1,6.7,0.46182712254342595,0.8020701388812161,0.12408994434636857
O=C(Cc1cccc(F)c1)NC(=O)CC(c1ccccc1)c1ccc(F)cc1Cl,8.1,0.6159884257476776,0.8242642193098122,0.20563357363537982
CCC(=O)Nc1nc(N/N=C2\C(=O)N(c3ccco3)N=C2C)cs1,7.5,0.8066195480170768,0.7611018855295153,0.230219872087786
Cc1noc(C)c1CNC(=O)CC(=O)NCC1CCC1,6.7,0.7666643874521714,0.8536448494631114,0.219243800381138
COc1ncc(C2=CC=C(CNC(=O)N3CCCC3)N(C)C(=O)C([S@+]([O-])CC(C)=O)=CC=CC=C2)c(C)n1,0.0,0.5278141603917198,0.5731576337829547,0.0
Cc1cc(=O)n(-c2csc(=O)n2-c2ccc([SH](=O)=O)cc2)cn1,6.5,0.7038837058927392,0.7227841224473518,0.16534568916731884
O=C(NCC[C@@H](O)c1ccc([N+](=O)[O-])c([O-])c1O)c1ccc(=O)[nH]n1,7.3,0.39011178904139004,0.718636751197478,0.10232726406839728
CC1=C([C@H]2CCN(c3nnc(C)s3)C2)S(=O)(=O)NC1=N,7.6,0.8433301238285252,0.6705890459343871,0.21490061839544172
C[C@@]1(c2cccc(-c3ccc4c(c3)CNC4=O)c2)C=C(C(F)(F)F)C=C[C@H]1Cn1nc(C(N)=O)ccc1=O,9.6,0.5324605683294088,0.6541094568315465,0.16717799670439976
CCCn1nc(-c2ccc(-c3nc(NC(=O)CC)sc3C)cc2C)nc1C,6.5,0.6664003414940126,0.8267626880009037,0.17906035472595075
CCNC(=O)NCc1ccc(N2CCc3c(cc(CNC(=O)c4ccccc4O)n3C)C2)cc1,6.9,0.43470538951774673,0.822783015459915,0.12339553287231056
Cc1cccc(NC(=O)S(=O)(=O)c2ccc(-c3c4c(nn3C)CCCO4)cc2)c1,8.5,0.7092641326209583,0.8043495094494867,0.24246090928610797
COC1=Cc2c(nn(NC(=O)c3ccccc3O)c2-c2ccc(C(=O)N3CCOCC3(C)C)cc2)C1,8.3,0.5701058095487634,0.7467739963844193,0.17668218040986247
COc1cn(C)c(-c2ccc(Oc3ncc(C(N)=O)cc3Cl)ccc3ccccccc(c(Cl)c3)c2=O)cc1=O,8.9,0.3188470032753231,0.6506123982518814,0.09231338699699064
CONC(=O)C(=O)N1CCN(N/N=C2\C(=O)NN=C2C(=O)c2ccc(=O)[nH]n2)CC1,8.5,0.20995101484735426,0.7052940940425211,0.06293281459428086
Cc1nc(NC(=O)NC2CCCC2)ccc1C(=O)N(C)Nc1ccnc(C2CCCC2)n1,8.0,0.58903542209105,0.788343715727839,0.18574494933862976
CCN(C)C(=O)N[C@H](C)Oc1ncc(C(N)=O)cc1Cl,7.0,0.7988785047311434,0.7545690696842223,0.2109831535369955
O=C(NC1=NCCS1)C(=O)Nc1ccc(NC(=O)c2ccc(Br)c(F)c2)cc1,7.4,0.607362024644223,0.8476616089615325,0.1904898642818607
CCC(=O)Nc1nc([C@H](NC(=O)C=O)C2CCC2)c(C)s1,6.6,0.6208259661368754,0.7396050234980532,0.15152478108004555
Cc1cc(C(=O)CC(C)C)c(NC(=O)[C@H](O)[C@@H](C)c2ccccc2NC(=O)CCl)o1,6.9,0.4064111937128153,0.7078251613533204,0.09924548372412133
Cc1nn(C)c(-c2ncnc(O)n2)c1CCCC1(C(=S)C(=O)N2CCOCC2(C)C)CCC1,7.8,0.6133757695657087,0.6932294395880552,0.16583195498724204
COc1ncc(C2=C(c3cnc(OC)nc3C)C(Oc3ncc(C(=O)O)cc3Cl)C=C2)c(C)n1,7.3,0.5339190880857432,0.6843496048827861,0.13336637069436236
Cc1cccc(Nc2ccc(-n3ccccc3=O)c(I)c2)c1,7.5,0.655359291954396,0.8653025329621552,0.2126565207481588
COc1cn(C)c(-c2ccc(C(=O)N3CCCC[C@H]3C(N)=S)cc2)cc1=O,7.0,0.8177041170149056,0.7826388937961885,0.22398846595759717
CC(C)CCCN(N/N=C1\SC(=N)N=C1c1ccccc1NC(=O)CCl)NC(=O)c1ccccc1[N+](=O)[O-],8.0,0.17244803378042423,0.7290567035663567,0.05028975801778232
COC(=O)c1cc(-c2ccc(-c3ccc(-n4cc(C)cn4)o3)cc2)ccc1CNC(=O)[C@@H]1CNC(=O)C1,7.5,0.37604925795651634,0.7401117221889357,0.10436942397527575
CC(C)(NC(=O)Cc1cccc(F)c1)c1ccc(N[C@H]2CCCN(S(C)(=O)=O)C2)cc1,7.6,0.6830292061114904,0.7933504895731145,0.20591499092328897
CCC(=O)Nc1nc([C@H](N[C@H](C)N2CCNC[C@H]2C)C(=O)N(C)C)c(C)s1,7.6,0.6408662315391266,0.6535831909156743,0.15916657069258935
CCNc1n[nH+]c(C2=[NH+]CC(=O)N2c2cnc(C(C)C)cn2)c(C)c1C,7.2,0.7693185424270451,0.6211332618544652,0.17202576083861998
CC1(N2C(=O)CCCc3sccc32)NC(=S)C2(c3ccccc3NC(=O)CCl)C1C2(F)F,7.8,0.48592360755793695,0.6143040966042932,0.11641689647623524
CC1(C)COCCN1C(=O)S(=O)(=O)NS(=O)(=O)[C@@H](SCCCS)C(=O)N1CCNCC1,6.1,0.2801534797305867,0.6423629224890356,0.0548878634354898
CC(=O)NC1CCN([C@H]2CCN(c3nnc(C)s3)C2)CC1,5.9,0.9033333130565178,0.7867180599353003,0.20964724629921158
CCC(=O)Nc1nc(-c2ccc([C@H](C)NC(=O)N3CCOCC3)cc2)c(C)s1,6.8,0.8008430992765443,0.8081004217026142,0.22003495972262135
C[C@@H]1c2cccc([C@@H](NC(=O)Cc3ccc(N4CCCC4)cc3)C3CCC3)c2O[C@@H]1C,8.2,0.6855325242804351,0.7247842801137645,0.2037139108131184
CSCCC(=O)N(C[C@H](C)NC(=O)N1CCOCC1)C(=O)N(C)c1cccc2c1O[C@H](C)[C@@H]2C,7.4,0.6288953371563488,0.6575226040854848,0.15299977292017672
COc1ncc(C(C)C(=O)NC(=NC(=O)C(C)(C)CO)C(=O)N2CCCC[C@H]2C(N)=S)c(C)n1,7.3,0.29375220435321403,0.6406383349706739,0.06868895692814499
CCC(=O)Nc1nc(-c2ccc(NC(=O)Cc3cccc(F)c3)cc2)c(C)s1,7.5,0.6283474447163816,0.8820495349595853,0.20783758927692303
C[C@H](CC=O)OC(=O)CNC(=O)CNC(=O)CC(=O)N(C)N1C(=O)CCCc2sccc21,6.7,0.27927164763796125,0.699291069693794,0.06542287668598591
Cc1cccc(NC(=O)S(=O)(=O)NC(=O)c2ccc(CNC(=O)N3CCC(C)CC3)cc2)c1,8.6,0.6301299925458281,0.8346285869290087,0.22614753726184786
COC1=CC=C2C(O[C@H](n3cnc(C)cc3=O)[C@@H]2C)N1NC(=O)Cc1cccc(F)c1,7.4,0.7890240440380998,0.6322949567547008,0.1845914918072911
CC1CCN(NCc2cc3c(n2C)CCN(c2ccc(C(C)(C)c4ccc(C(C)(C)C)cc4)cc2)C3)CC1,7.1,0.38662969481522413,0.7721388665277122,0.10597879408380677
Cc1cccc(C2(N3CCC(C(=O)N4CCC([C@@H](C)O)CC4)CC3)CCC2)c1,7.4,0.8606722891897306,0.7733500809041723,0.24627236425643723
CC(=O)N1CCC(CCN(C(=O)Nc2nncs2)C(=O)C(=O)C(F)(F)F)CC1,7.6,0.7241850945853205,0.7650209565759433,0.2105263740431267
O=C(NCSc1ccc(-n2cnc3c(c2=O)CCCC3)cc1)N1CCCC1,7.3,0.6500670917620205,0.8110070580106407,0.19243128485379904
COc1cn(C)c(-n2nc(-c3cc(C(=O)NCCCO)ccc3Cl)c(=O)cc2OC)cc1=O,6.7,0.47236554272865067,0.7708757624959168,0.12198527455579497
Cc1ccc2[nH]c(-c3ccc(-c4ccccc4Oc4cc(F)c(N)cc4F)cc3)cc2c1,9.4,0.2930372379320788,0.8494256555271702,0.11698927352443389
C[C@H](NC(=O)N1CCOCC1)c1sc(Br)c2c1[C@@H](C(=O)c1ccc(=O)[nH]n1)N([S-](=O)[O-])c1[nH]ncc1-2,8.2,0.22674515384433777,0.5592634722044891,0.051992215638255415
N=C1N=C(Oc2ncc(C(N)=O)cc2Cl)/C(=N/NC2(C(=O)NN)CCCCCCC2)S1,8.5,0.24815659242060453,0.7050774841561734,0.07436209099079273
CNS(=O)(=O)C(C)C(=O)c1cccc(N(CCC(N)=O)NCC[C@@H](O)n2cnc(C)cc2=O)c1,7.4,0.2098726002392522,0.6450508933153392,0.0500900480586948
CC1=NNC(=O)/C1=N\NNC(=O)c1ccc(Br)c(F)c1,7.9,0.705437291478968,0.755445408903671,0.21050314843130474
CC1=C(C2=NCC(=O)N2C(=O)C(=O)N2CCCC2)C=C(c2ncc(C)c(C)n2)C1,7.0,0.7111730795560439,0.7225135842184395,0.17984127374839592
COc1cc(C(=O)NCc2c(C)noc2NC(=S)N(C)C(=O)OC(C)C)ccc1C(=O)Nc1cccc(C)c1,8.0,0.34054853067109114,0.788799288887015,0.1074497755299498
Cc1cccc(NC(=O)c2onc(C)c2CNC(=O)c2ccc3ncsc3c2)c1,8.9,0.5204017287205667,0.8357083873626401,0.1935323198229587
CC1(C)COCCN1C(=O)c1c(Oc2ncc(C(N)=O)cc2Cl)ccc2c1C=C1C(=O)N1CCN=C2,9.4,0.6306947819169317,0.6640845377978815,0.19685228678819539
CC(=O)NCc1cccnc1N1CCC(NC(C)=O)([C@@H](C)C(C)=O)CC1,7.0,0.8004767699639077,0.7302679964808563,0.20459689846085355
Cc1cnn(-c2ccc(N3CCCC[C@H]3C(=O)N3CCCC[C@H]3C(N)=S)o2)c1,7.8,0.7937758735071946,0.6893365327729185,0.21339969629247527
C[C@@H]1CCCN(C(=O)COc2c(C(=O)c3ccc(C(N)=O)cn3)cc(Br)cc2[N+](=O)[O-])C1,8.6,0.34593877562900693,0.7642171186448429,0.11368010376565152
COC(=O)NC(=N)NCCN(CC(C)(C)C)C(=O)NC(=O)Cc1cccc(F)c1,7.7,0.4215935221406444,0.7928973229867934,0.1286979444111478
NC(=O)c1ccc(=O)n(CNCC(=O)N2CCCCC2)n1,7.8,0.7158794038052066,0.833265673349055,0.2326419160449016
COc1cn(C)c(-c2ccc(C3(c4cccc(C)c4)CCC3)cc2)cc1=O,7.3,0.6673906978363204,0.8294317082438185,0.20204757739893087
C[C@@H]1c2cccc(OC3C=CC(F)=CC=C(n4nc(C(N)=O)ccc4=O)OCC3)c2O[C@@H]1C,0.0,0.7615727367453238,0.568454603243191,0.0
O=C([O-])CS(=O)(=O)NS(=O)(=O)NC(=O)Cc1cccc(F)c1,6.1,0.5454469982261854,0.7736930428354236,0.1287126070677349
COc1ncc(NC(=O)CNC(=O)N2CCC(C)CC2)c(C)n1,7.1,0.8676535717389698,0.8391206609088901,0.258463443687935
O=C(NCc1ccc(-c2ccc(F)c(O)c2)cc1)c1ccccc1O,7.9,0.6774802012578555,0.9020261597458722,0.24138642137657115
CNC(=O)n1nc2c(c1-c1ccc(C(=O)N3CCC([C@@H](C)O)CC3)cc1)C=C(OC)C2,7.5,0.7862250244361998,0.7110634972016793,0.209645968298655
Cn1nc2c(c1C1=CCc3[nH]c(=O)ccc31)C=C(OC(=O)c1ccccc1O)C2,8.2,0.6734548785261444,0.7272095921819172,0.2007945675020272
COCCC(=O)N[C@@H]1CCCN1C1=CC=C(S(=O)(=O)C(=O)Nc2ccccn2)C1,6.9,0.6901802578001676,0.6887298853510878,0.1639949805900713
CCC(=O)Nc1nc(C(=O)CC(c2ccccc2)c2ccc(C)c(C)c2)c(C)s1,7.8,0.5028707572446486,0.795899852691787,0.15609155702946906
Cc1cccc(NC(=O)C2=NCC(=O)N2C(=O)NS(=O)(=O)CC(N)=O)c1,7.4,0.5724615161901594,0.7700201177763211,0.16309854712408842
C[C@@H](O)C1CCN(C(=O)C(=O)N(C)CC(C)(C)C)CC1,5.4,0.7727814141593042,0.7601610201140535,0.15860834319037975
CC(=O)N1CCC(Cc2sc(=S)[nH]c2CCC(=O)NC2=NCCS2)CC1,7.0,0.7292447925054256,0.7521833253795286,0.19198402056485236
O=C(CCc1cccc(NC(=O)c2ccc(F)cc2Cl)c1)NC1=NCCS1,7.6,0.7924928783622249,0.8571352993895149,0.2581239758124444
NC(=O)c1ccc(=O)n(-c2ccc(S(=O)(=O)C(=O)c3ccc(=O)[nH]n3)cc2)n1,8.5,0.5609400433454765,0.8021910364960235,0.19124195678295866
O=c1c2c(ncn1C=c1ccc(=C(C=C(C(F)(F)F)C(F)(F)F)c3cccc(F)c3)cc1)CCCC2,8.5,0.47700418557719765,0.7001115348459578,0.14193135630926912
C[C@@H]1c2cccc(S(=O)(=O)CNC(=O)NOCC(=O)NCCN)c2O[C@@H]1C,7.9,0.4341319689569202,0.6895290729296872,0.11824191256318196
CCNc1n[nH+]c(-c2ccc(-c3ccc4c(c3)CNC4=O)cc2)c(C)c1C,7.4,0.7488202900382971,0.7470931415473572,0.20699224608747235
C=C(CO)c1ccc(C2=NN(C)C(=N)/C2=N\Nc2csc(NC(=O)CC)n2)c(OC)c1,8.6,0.4651561511991005,0.7351413296931545,0.1470408699482064
NC(=O)c1cnc(ON2C(=O)Cc3ccccc32)c(Cl)c1,7.8,0.935140424877587,0.8123767554872556,0.2962776742719409
C[C@@H](NCC(=O)N(C)C)NC(=O)c1ccc(Br)c(F)c1,6.8,0.791444751670705,0.7887185617016387,0.21223723650936985
Cc1cc(C)cc(C2(c3ccc(Oc4ccc(NC(=O)c5ccc(Br)c(F)c5)cc4)cc3)CC2)c1,7.7,0.2722611528798292,0.8482247777941928,0.08891138252284131
O=C(Nc1ccccc1-c1ccc(F)c(O)c1)c1ccc(Br)c(F)c1,8.4,0.6183510484802092,0.8871569444541214,0.23040125924327595
CS(=O)(=O)N1CCC[C@H](Nc2nc(N)cc(C(=O)NC3=NCCS3)n2)C1,6.8,0.6276598166532161,0.733021355836145,0.15642993693438226
COc1ncc(N(C)c2nccnc2C(=O)N2CCCC[C@H]2C(N)=S)c(C)n1,7.0,0.7473387053160689,0.7219221603988416,0.18883213044200742
CCCn1nc(-c2ccc(Oc3ccc(-c4cc5cc(C)ccc5[nH]4)cc3)cc2)nc1C,7.3,0.3232904120434325,0.8449238538225633,0.09970186000938182
CC1=NNN(c2ccc(CNC(=O)C(=O)c3ccc(=O)[nH]n3)cc2I)C=N1,7.7,0.32644756718709284,0.7282064046000938,0.09152266553882778
COc1noc(C)c1CNC(=O)c1ccc2ncsc2c1,6.8,0.8011083052908838,0.8318495977297589,0.2265765513080248
COc1ncc(-c2ccc(OC3=CCN(c4nnc(NC(=S)N(C)C(=O)OC(C)C)s4)C3)cc2)c(C)n1,6.5,0.4325275506157361,0.7249138667713815,0.10190219624065251
CCCn1nc(NC(=O)c2ccc(NCC(=O)N3CCCCC3)cc2)nc1C,6.4,0.765658191595838,0.8512013411913281,0.20855336946576133
O=C(NCc1ccc(N2CCc3[nH]c(=O)ccc3C2)cc1)c1ccccc1O,8.0,0.6542905640209108,0.854516160754481,0.22364074431401307
CCC(=O)Nc1nc(N2C(=O)CN=C2N2CCS(=O)(=O)C[C@H](C)C2=O)cs1,6.6,0.7474681962252664,0.6868711793124739,0.16942673927513938
Cc1ccc2[nH]c(-c3cc(C(=O)Nc4ccccn4)ccn3)cc2c1,8.3,0.5923307922532541,0.862831609515088,0.21209891830076735
CCC(=O)Nc1nc(-c2ccc(S(=O)(=O)NNC(=O)CNC(=O)[C@@H]3CNC(=O)C3)cc2)c(C)s1,7.5,0.29683265392094643,0.759171572321842,0.08450509222261127
CNC(=O)NCc1ccc2c(c1)CC(=O)N2C(=O)N1CCCC[C@H]1C(N)=S,7.2,0.6749006114561314,0.7510899707192653,0.18248798897892002
Cn1nc2c(c1C1CCN(C=Cc3ccc4c(c3)CNC4=O)CC1)CCCC2,7.1,0.8933050219138643,0.7574445025421723,0.2402032871693998
Cc1cc(OC(C)(C)n2cnc(C)cc2=O)cc(-c2ncccc2CCl)c1,6.9,0.6112737625009294,0.7774277136419293,0.16395130143868705
C[C@@H]1C2=C3NCN(N[C@@H](C(=O)NC(N)=O)c4ccc(-c5ccc(F)cc5)nn4)C(=O)C3CC=C2O[C@@H]1C,10.0,0.4766709549151947,0.5829180377019347,0.13893004883433635
CC1CCN(NCc2cc3c(n2C)C=C(CNC(=O)N2CCC(C)CC2)C3)CC1,7.8,0.7997816012185331,0.7402090361114816,0.23088217157369045
CC(C)C(=O)Nc1ccccc1N[C@@H](C(=O)C(=O)N1CCOCC1)c1ccc(F)c(O)c1,8.7,0.5682068851403379,0.7673524451161244,0.18966650005025096
Cc1cnc(Oc2ccc3c(c2C(=O)N2CCOCC2(C)C)C=C2C(=O)N2CCN=C3)c(Cl)c1,8.0,0.6252752227401779,0.6665194412525567,0.16670323683594054
Cn1nc2c(c1-c1ccc(NC(=O)C(=O)Nc3ccc(NC(=O)c4ccc(Br)c(F)c4)cc3)cc1)CCCC2,7.3,0.25969778726307674,0.8275090861033542,0.07843933168941315
Cc1cccc(C(=O)[C@@H](NN2C(=O)CCCc3sccc32)C(=O)N2CCCCC2)c1,7.9,0.5880899560964106,0.7435811566399185,0.17273058085618273
CC(=O)N1CCC(CC2c3ccccc3C(=O)N2C(=O)Nc2cccc(C)c2)CC1,8.2,0.824218307074196,0.786385269025481,0.2657427854091499
O=C(Nc1ccc(NC(=O)c2ccc(F)cc2Cl)cc1)c1ccc(Br)c(F)c1,7.1,0.5050279706841939,0.9026072484891583,0.16182387699540987
CCS(=O)(=O)CS(=O)(=O)OCC(=O)NS(=O)(=O)N1C(=O)CCCc2sccc21,6.3,0.490373581199555,0.7251513668323537,0.11201244788958005
Cc1noc(C)c1CNC(=O)NC(=O)NC(=O)c1ccc(Br)c(F)c1,7.6,0.7160248666736478,0.837721682657095,0.22793523133098473
O=C(CC[C@]1(CCN[SH](=O)=O)NC(=O)N(NC(=O)Cc2cccc(F)c2)C1=O)NC1=NCCS1,7.5,0.20122948805315516,0.6676292809961463,0.05038001190905647
COc1cn(C)c(-c2cc(C)ccc2OCn2nc(C(N)=O)ccc2=O)cc1=O,8.3,0.665571857507081,0.8028009916258468,0.22174352509005074
CCCn1nc(N(OC=O)C(=O)C(=O)C(=O)Nc2cccc(C)c2)nc1C,6.0,0.31590658834114904,0.7522234031776188,0.07128969869046306
O=C1NCc2cc(-c3ccc(-c4ccc(F)c(O)c4)cc3)ccc21,7.9,0.7466557388745568,0.8655043447071663,0.25526234546860505
COc1cn(C)c(-c2ccc(-c3ccccc3NC(=O)CCl)cc2C)cc1=O,6.8,0.6568679448583304,0.8379772682130245,0.1871497380430897
CC(=O)CCC1=C2C(OCC(=O)N3CCC[C@@H](C)C3)=C(C(C)=CC=C1CNC(=O)N1CCC(C)CC1)C2C,8.1,0.4767631643752313,0.5815932696032678,0.11229931027613335
CC1=CS(=O)(=O)NC1=Nc1ccnc(C2CCCC2)n1,7.0,0.9031798293747251,0.7040116952489046,0.2225472069774508
Cc1cc(=O)n(N2CCC(NC(=O)NC3CCCC3)CC2)cn1,6.5,0.8672179830341061,0.806755487540592,0.227380681679661
Cc1noc(C)c1CNC(=O)N1CCN(c2ccc(S(=O)(=O)n3cnc4c(c3=O)CCCC4)cc2)CC1,8.1,0.5342344738561571,0.7948295458359067,0.1719732644111144
COc1cn(C)c(CNC(=O)Oc2ccc(Cn3nc(C(N)=O)ccc3=O)cc2)cc1=O,7.4,0.5409123913828127,0.8158988057282149,0.16329201642914695
CC1CCN(C(=O)NCc2ccc3ncsc3c2)CC1,7.0,0.9221859912136162,0.8648646758436274,0.2791481309254744
NC(=O)c1ccc(=O)n(Cc2cccc(C(=O)c3ccc(=O)[nH]n3)c2)n1,8.2,0.6049069385967372,0.8337389315652717,0.20677713051964586
CCC(=O)Nc1nc(-c2ccc(-c3ccc(NC(=O)c4ccc(Br)c(F)c4)cc3)cc2)cs1,7.0,0.2860050141962781,0.8732717805531459,0.08741603779800904
Cc1nnc(N2CC[C@H](OC(=O)c3ccc(F)c(C(=O)NC4=NCCS4)c3)C2)s1,7.5,0.7359865664001413,0.7485845882150766,0.20660557527767917
Cc1ccc(-c2cccc3c2O[C@H](C)[C@@H]3C)cc1CNC(=O)N1CCCC1,8.0,0.8456063199780453,0.7652041573047718,0.25882458859615576
COc1ncc(C2=C(c3cnc(OC)nc3C)C(C3(C(N)=S)CCC3)C=C2)c(C)n1,6.9,0.7059431624502529,0.6683176094278142,0.16276901511862912
C=CC(=NNC=O)c1ncc(-c2ccc(C3(C(N)=S)CCC3)cc2)c(C)n1,6.6,0.3339107856982487,0.7241938674880831,0.07979932728596374
CC(=O)NCc1cccnc1Cc1cc(C)cc(C2(c3cnnn3C(=O)N3CCOCC3(C)C)CC2)c1,9.0,0.5545967468929799,0.7234946360021506,0.180561497184591
CC(=O)n1ccn1-c1[nH]c(=O)c2ccccc2c1-n1cnc(C)cc1=O,7.4,0.5950225069903614,0.7443812919446184,0.16388174032115607
CCNC(=O)N1NC2=CC=CCC2C1c1ccc(C(=O)N2CCOCC2(C)C)cc1,6.9,0.8035179823829188,0.6722206409354666,0.18634877372661346
Cc1cccc(NC(=O)c2cc(=O)n(C3C[C@@H](c4ccc5c(c4)CNC5=O)NC(=O)c4ccccc43)cn2)c1,9.4,0.38096601253723616,0.7008224246505915,0.12548507656943234
COc1ncc(-c2cc(Oc3ccc(O)c(-c4cccc5c4O[C@H](C)[C@@H]5C)c3)ccc2O)c(C)n1,0.0,0.35775986672677856,0.7115083765241904,0.0
Cc1cccc(NC(=O)CCC(=O)NCC(=O)C(C)C)c1,5.8,0.8067568474745399,0.8947351442884633,0.20933177425594307
Cc1nnc(N2CC[C@H](S(=O)(=O)NC3=NN=C(NC(=O)c4ccc(Br)c(F)c4)CO3)C2)s1,8.4,0.5910799249496513,0.6818521147598389,0.1692722206639828
C[C@H]1Oc2c(cccc2[C@H]2CCCC[N+]2(C)c2ccc(C(=O)N(Cl)C3=NCCS3)cc2)[C@H]1NC1=NCCS1,7.7,0.3737451017979439,0.5448449229810819,0.07839875166340808
Cc1cccc(-c2cc(N)c(F)cc2Oc2ccc(NC(=O)C(=O)c3ccc(C(N)=O)cn3)cc2)c1,8.0,0.2007594449025791,0.8281668372069633,0.06650492580975782
CC(=O)NCc1cccnc1-c1ccc(N2C(=O)CCCc3sccc32)cc1,8.0,0.7147903862469629,0.8343007761390963,0.23854006960904223
CC1CCN(C(=O)NCN[C@H](C=O)C(=O)NC(N)=O)CC1,7.9,0.2854231232170224,0.7290214877355702,0.08219143801911363
COc1cc(=O)c(-n2cnc3c(c2=O)CCCC3)nn1-c1ccc(-c2cccs2)cc1,8.0,0.49392497276897906,0.7819888192578534,0.15449752250303253
Cc1cnn(-c2ccc(-c3c(C)c(C)n(C(=O)C4CCOC(c5ncc(C)c(C)n5)=CC=CC=CS4)c3C)o2)c1,4.5,0.2721491816242666,0.5722444423368847,0.035040567750979044
O=C(NNc1cc(-n2c(-c3ccc4c(c3)CNC4=O)csc2=O)ccc1[N+](=O)[O-])c1cccc(Cl)c1,8.8,0.2577539363979083,0.7904006932169987,0.08964071160365945
CC[C@H](C)NC(=O)N[C@H](C)N(C)C(=O)CC(=O)Nc1c2c(nn1C)CCCC2,5.7,0.482901980166063,0.7020057432992343,0.09661498960523751
C[C@@H]1c2cccc(N3CCc4c(ccn4C)C3)c2O[C@@H]1C,7.5,0.7965729508819546,0.7084065841831442,0.2116115711951148
C[C@@H](NC(=O)NCCOCc1ccc(F)cc1)NC(=O)c1ccc(F)cc1Cl,7.2,0.46072515672018094,0.8056592412666919,0.13362749287043713
Cc1cccc(C2(NC(=O)NOc3ncc(C(N)=O)cc3Cl)CCC2)c1,8.7,0.6993005527421948,0.7905542020254052,0.24048322084532825
COc1cc(=O)c(C2(c3cc(C)cc(C)c3)CC2)n[nH]1,7.7,0.9318294816824348,0.7666448494631114,0.27503717499324193
CC1=C(c2ccnc(C3CCCC3)n2)S(=O)(=O)N/C1=N\N1C[C@@]2(CCCN(C)C2=O)OC1=O,8.3,0.7023620017782362,0.578479896207211,0.16861545362375366
CC(=O)NCc1cccnc1O[C@@]1(C)C(=O)N(C)[C@H]1CNC(=O)[C@@H]1CNC(=O)C1,7.1,0.49825103791818603,0.6504656083446217,0.11505378339316617
CCC(=O)Nc1nc(-c2ccc3c(c2)CC(=O)N3SCCCS(=O)(=O)O)c(C)s1,7.0,0.35631184197117244,0.7662932993181545,0.0955637819395765
CS(=O)(=O)N1CCC[C@H](N[C@H]2C/C(=N\OC(=O)C(F)(F)F)N(CNC(=O)[C@@H]3CNC(=O)C3)C2)C1,6.8,0.28164858064419995,0.614022482655782,0.058799110646033804
CC(C)Cc1ccc(Cl)c(NC(=O)[C@H](O)[C@@H](C)CNC(=O)[C@@H]2CNC(=O)C2)c1,7.1,0.5239872387233971,0.713955856695528,0.1328068340617019
CC(C)C(=O)c1cc(Br)cc(CNC(=O)[C@@H]2CNC(=O)C2)c1NC(=O)NC1CCCC1,8.2,0.43707109502499125,0.747672850932685,0.13398233858781833
Cc1nn(C(F)(F)F)c([C@H](ON[C@H]2CCCN(S(C)(=O)=O)C2)C(=O)NC2CC2)c1C,6.7,0.6022074245044827,0.6612594870893128,0.13340214983748547
C[C@H](NC(=O)N1CCOCC1)C(=O)N(C)CC(C)(C)C,6.5,0.8385743201192747,0.7920991132255865,0.2158760419855736
Cc1cnc(-c2c(-c3ccc(C4(P(=O)(O)O)CCC4)cc3)c(C)nn2C)nc1C,8.9,0.6277576649784099,0.7571687034077357,0.2115167134744568
Cc1cc2cc(C3=NCC(=O)N3C(=O)c3ccc(=O)[nH]n3)c(C)cc2c(=O)o1,9.6,0.6611308585900928,0.7504532050966535,0.238150930472274
C[C@H]1Oc2c(cccc2[C@@H](NC(=O)Cc2ccc(N3CCCC3)cc2)C2CCC2)[C@H]1c1ccc2ncsc2c1,8.2,0.2755438403380953,0.6824552857816069,0.07709900362435147
COc1cc(=O)[nH]nc1NC(=O)c1ccc(F)cc1Cl,8.2,0.9049093975816652,0.8548672270854891,0.3171667288644378
Cc1ccc2[nH]c(-c3ccc(-c4ccc(-c5ccc(-n6cc(C)cn6)o5)cc4)cc3)cc2c1,7.3,0.31413059565556667,0.825167331196843,0.09461176142149817
COc1c(-c2ccc(F)c(O)c2)cc(F)cc1-c1cc(C(=O)N2CCOCC2(C)C)ccc1O,8.7,0.5642029550914459,0.7973737320475609,0.19569806793108493
CNC(=O)CC1(NC(C)=O)CCN(c2cccc3c2O[C@H](C)[C@@H]3C)CC1,7.0,0.8644626127334765,0.7072201628377648,0.2139778864105851
O=c1c2c(ncn1-c1ccc(Nc3ccccn3)cc1)CCCC2,7.2,0.805122363115898,0.8526236814634903,0.2471279015766463
CN1N=C(N2CCOCC2(C)N2CCc3ccccc3C2)N=C(N2CCCCC2)N1,7.5,0.758555879025423,0.6850691912796972,0.19487372346915238
CCC(=O)Nc1ccc(C)c(CNC(=O)[C@@H]2CNC(=O)C2)c1,7.3,0.7608566060679756,0.8094159230085258,0.22478505000834034
O=C1NCc2cc(-c3ccc(NCC4CCC4)cc3)ccc21,6.9,0.8994201043565192,0.8681536280476253,0.2693880152239497
CC[C@@H](CNC(=O)[C@@H]1CNC(=O)C1)NC(=O)Nc1ccc(NC(=O)C(=O)NC2=NCCS2)cc1,7.4,0.29444363948105806,0.7112086065260415,0.07748201469823839
O=C(Cc1cccnc1[C@H]1CNCc2ccccc21)N1CCOCC1,7.8,0.9265414688850678,0.7769354304196868,0.28074652902266456
CC(C)(C)c1ccc(-c2csc(=O)n2-c2ccc(F)c(O)c2)cc1,7.8,0.7321725140504434,0.8447944126102777,0.2412287470852875
COc1cc(=O)c(-c2nn(C)cc2S(=O)(=O)N2CCCC2)nn1-n1cnc(C)cc1=O,7.0,0.5163438295108281,0.7333053726269649,0.13252319650607514
C[C@@H](C(=O)S(=O)(=O)NS(=O)(=O)NC(=O)c1ccc(Br)c(F)c1)S(=O)(=O)O,6.2,0.4277086603372367,0.7150791327624151,0.09481211675176693
c1ccc2sc(-c3ccnc(C4CCCC4)n3)nc2c1,7.8,0.6980269429375939,0.8591655953838574,0.2338910862689512
CC1(C)COCCN1C(=O)c1nn(NC(=O)NC2CCCC2)c(N)c1C#N,6.7,0.7136060452238391,0.7528051495393651,0.17996411237162058
CC(=O)N1CCC(COC[C@H](C)NC(=O)NN2CCCOCC2)CC1,6.2,0.7276718465206308,0.7649106024497883,0.1725472122574321
CCCn1nc(-c2ccc(F)ccc(-c3ccc(-n4cc(C)cn4)o3)c(C)[nH]2)nc1C,7.3,0.4741156432939696,0.7164963140974272,0.12399127046976183
CNS(=O)(=O)N(CCNC(=S)N(C)c1cccc2c1O[C@H](C)[C@@H]2C)C(=O)C(C)C,6.2,0.6227174155408006,0.666081358032612,0.1285819431623322
Cc1noc(C)c1CNC(=O)c1ccc(NC(=O)c2cc(Br)cc(-n3cnc4c(c3=O)CCCC4)c2O)cc1,7.8,0.30233214663781455,0.7918167910110593,0.09336275136639334
Cc1cnn(-c2ccc(N(C)C(=O)CC(=O)Nc3ccc(Oc4ccc(F)cc4)cc3)o2)c1,7.9,0.4142338855774985,0.8007541046120656,0.13102129623750675
O=C(CCCO)OCCc1nc(C(=O)c2ccc(=O)[nH]n2)nc2c1CCC2,7.7,0.4932832480507022,0.7721580766122922,0.14664366795535938
CCS(=O)(=O)N[C@H](CC(N)=O)N1C(=O)Cc2cc(N3C(=O)CCCc4sccc43)ccc21,6.5,0.6291419457552677,0.706196697492961,0.14439683841266635
COc1ncc([C@@]2(C)Oc3ccc(N)cc3[C@H](C)[C@@]2(O)C(=O)c2ccc(=O)[nH]n2)c(C)n1,8.6,0.40668592614413157,0.6284219444867478,0.10989525501624231
CCCCN(N(CNC(=O)Cc1cccc(F)c1)C(=O)Nc1nncs1)[SH](=O)=O,6.8,0.2888302742482018,0.7315173828889046,0.07183668454782391
Cc1cc(S(=O)(=O)CNC(=O)N2CCCC2)c(C)n1-c1ccc(N=Cn2nc(C(N)=O)ccc2=O)cc1,7.8,0.35079971335800647,0.7444161058131463,0.10184497304995072
Cc1ccc(C[P+](C)(C)C)c(N2C(=O)CN=C2Cn2nc(C(N)=O)ccc2=O)c1,7.6,0.7223716818221247,0.728182919571319,0.1998871137082539
COc1ncc(N/N=C2\C(=N)N(C)N=C2c2cc(C)ccc2C)c(C)n1,8.8,0.8247471832822699,0.7640757832219864,0.2772745140116722
COc1cccc(C(CC(=O)C(=O)c2ccc(=O)[nH]n2)c2ccccc2)cccnc1,8.1,0.46936646838446294,0.7316420156366686,0.13908033274543463
COc1cn(C)c(-c2nc(C(N)=O)c(C(=O)c3ccc(C(N)=O)cn3)s2)cc1=O,7.2,0.5508907778879489,0.7838150519958565,0.155446734137141
CCNc1n[nH+]c(-c2ccc(Cl)c(-c3cccc(F)c3)c2-c2cccc3c2O[C@H](C)[C@@H]3C)c(C)c1C,0.0,0.30505656159943345,0.6471235063209222,0.0
C[C@@H]1C=CCN(C(=O)CO[C@H]2CCC[C@H]2CNC(=O)c2ccccc2O)C1,7.4,0.7515341406061041,0.697422973051347,0.19393075463570636
C[C@@H](O)C1CCN(C(=O)c2ccc(-c3c4ccccc4nn3C)cc2)CC1,6.6,0.7750817504738879,0.8035550602963549,0.20553088470309425
Cn1c(CN[C@@H]2CCCN2c2ccnc(C3CCCC3)n2)cc2c1CCN(c1ccc(C(C)(C)C)cc1)C2,8.3,0.43577623902862456,0.7070130362033535,0.12786128497227606
NC(=O)C[C@@H](C(=O)[O-])c1c(NC(=O)NC2CCCC2)cccc1-n1nc(C(N)=O)ccc1=O,7.1,0.39460150953861445,0.7232222889449067,0.1013115354671194
CC1=CC(C)CC(NC(=O)N2C(=O)CN(C(=O)NC3=NCCS3)CC2=O)=C1,7.2,0.6492214403574489,0.6598579707192653,0.15422181918541372
CC1(C)C=CN(C(=O)NCc2ccc(NC(=O)Cc3cccc(F)c3)cc2)C1,7.4,0.8200793310341614,0.8265751435282317,0.25080716057901636
COc1cc(C(=O)NCc2ncc(C)c(C)n2)ccc1C1(c2cccc(C)c2)CCC1,8.3,0.6274574621123626,0.8204739474629815,0.21364718783384026
O=C(CCl)Nc1ccccc1CNNC(=O)NC1CCCC1,7.6,0.4776152462618576,0.8570392850989074,0.15554731109926836
CC(=O)N[C@@H]1CCCC[C@@H]1c1cc(O)nc(NCC(=O)N2CCCCC2)n1,7.3,0.7239222992293087,0.7265777836783981,0.19198483880123146
COc1ccccc1[C@H](C(=O)NC1CC1)c1noc(C)c1CNC(=O)c1ccc2ncsc2c1,8.1,0.398990477285437,0.7528285196955912,0.12165042120691033
CC(C)OC(=O)N(C)C(=S)CNC(=O)c1ccc2ncsc2c1,6.2,0.857814118025355,0.7949646894497937,0.21139889952191926
Cc1cccc(NC(=O)c2onc(C)c2CNC(=O)c2ccc3c(c2)CC=N3)c1,9.0,0.6959101374322252,0.8127308155368753,0.2545144260910521
Cc1nnc(N2CC[C@H](c3ccc(-c4ccc(NC(=O)NC5CCCC5)c(Cl)c4)cc3)C2)s1,7.6,0.4531351271191309,0.7891817969048956,0.13589027766702955
CCNCCC1(N[C@H](NC(=O)NC2CCCC2)C(=O)N2CCCC2)NCC(=O)N1,7.4,0.21735063716113887,0.6602263407607273,0.05309522785891717
NC(=O)c1ccc(C(=O)c2ccc(NS(=O)(=O)Oc3ncc(C(N)=O)cc3Cl)c([N+](=O)[O-])c2)nc1,8.1,0.20711652869376357,0.7813140560013656,0.06553833731495229
C[C@H](NC(=O)N1CCOCC1)[C@@H](C)NCC(=O)N(C)C,7.1,0.7133095316197194,0.7480411288457895,0.1894226278734931
CC1(C)COCCN1C(=O)c1ccc(N=COc2cc(F)c(N)cc2F)cc1,7.3,0.4929905078989431,0.7771770709743655,0.13984643541567887
Cc1noc(C)c1CNC(=O)NC(=O)N1CCc2[nH]c(=O)ccc2C1,7.5,0.7484966909749353,0.799393427970605,0.22437875085866554
CCC(=O)Nc1nc(-c2cccc(-c3ccccc3NC(=O)CCl)c2)c(C)s1,7.8,0.5375993550623254,0.8630676459625063,0.1809539978393951
CCNc1n[nH+]c(-n2nc(-c3cccc(-c4cccnc4)c3)c(=O)cc2OC)c(C)c1C,8.1,0.5055554513895931,0.7299834562548706,0.14946408187221588
CC(=O)NCc1cccnc1-c1cc(-c2ccc(NC(=O)c3ccc(F)cc3Cl)cc2)c(F)cc1C,8.9,0.3121943942251625,0.8422877816090958,0.11701609806550488
CCNC(=O)NCCOC[C@H](C)NC(=O)N1CCOCC1,6.0,0.5656712178678421,0.8059382424646354,0.13676882014237157
Nc1cc(F)c(ON2CCOc3ccc(NC(=O)c4ccc(Br)c(F)c4)cc3C2=O)cc1F,7.6,0.49169546535619113,0.7983961454574366,0.14917575042612777
CC(=O)C(=O)N1CCN(CCC=O)CCC(=O)N(N[C@@H](C(=O)NC(N)=O)N2CCc3[nH]c(=O)ccc3C2)CC1,7.7,0.19651037871902652,0.6193544535728798,0.0468581876196751
O=C(NC1=NCCS1)c1ccc2nc(C3CCCCCCCC3=O)sc2c1,7.2,0.8026720944714951,0.7120284030643719,0.20574911865991438
CN(N[SH](=O)=O)C(=O)C(=O)NC(=O)S(=O)(=O)NS(=O)(=O)N[C@H]1CCCN(S(C)(=O)=O)C1,7.0,0.118797050428208,0.6255540763351894,0.0260098927031869
CNC(=O)[C@H](CC(=O)N1CCCC[C@H]1C(N)=S)C(C)C,5.6,0.7444688292486806,0.7461991517453218,0.15554616248813552
Cc1cccc(NC(=O)C2=CC=C(c3ccc(-n4cc(C)cn4)o3)C=CC3(CNC3)COC2)c1,9.0,0.6148621759703469,0.618219768319427,0.171053978389545
O=C(Cc1ccc(/N=C/c2ccc(Cl)cc2)cc1)N[C@H](NC(=O)Cc1cccc(F)c1)C1CCC1,8.0,0.3116991801281423,0.7667382671947613,0.09559667570299185
CCC(=O)Nc1nc([C@]2(N=C(O)C(=O)c3ccnc(C4CCCC4)n3)CCc3ccccc32)cs1,9.0,0.2749034260817364,0.6879934080934667,0.08510928525294491
CCC(C)(C)c1ccc(N2CCc3c(cc(CNN4CCC(C)CC4)n3C)C2)cc1,6.6,0.7265400931106142,0.7780119651909803,0.1865347722582388
Cc1cccc(Oc2cc(=O)cnn2NC(=O)Cc2cccc(F)c2)c1,8.9,0.7654766529015367,0.8084394584356617,0.27538448116900327
COC1=Cc2c(nn(C)c2-c2ccc(C(=O)N3C=CC(O)=CC3)cc2)C1,7.7,0.9247894247352632,0.7252656538618569,0.2582264326238332
COc1cc(=O)n(C(=O)c2ccc(C(N)=O)cn2)nc1-c1ccc(Oc2ccc([N+](=O)[O-])cc2F)cc1,8.0,0.2929343380515346,0.8041632305330864,0.09422680944863733
CCC[C@@H](CNS(C)(=O)=O)Nc1cccc([C@H]2CCN(C(=O)CC(=O)NCC3CCC3)C2)c1,6.7,0.40011055594624384,0.7274248152998967,0.09750186633167637
Cc1nnc(N2CC[C@H](S(=O)(=O)Nc3nnc(C=CF)o3)C2)s1,0.0,0.8455700912600971,0.6677289936765618,0.0
O=C(NC1=NCCS1)C(=O)Nc1ccc(NC(=O)C(=O)NC2=NCCS2)cc1,7.0,0.49654160069881015,0.8003717258067127,0.139096250260147
O=C1NCc2cc(NCC(=O)N3CCCCC3)ccc21,6.8,0.8737335281261491,0.8601662673555638,0.25552907656757023
CCC(=O)Nc1nc(C(=O)CNC(=O)CCC=O)c(C)s1,6.3,0.5518205482311843,0.8117594357864392,0.14110284411956556
CC(C)(C)CN(CN1C(=O)CCCc2sccc21)C(=O)c1ccc(-c2ccccc2)cc1,6.8,0.4660260365605317,0.8213658738372883,0.13014448013515953
CC(=O)NCCN(C(=O)NCC(=O)NCc1c(C)noc1C)S(=O)(=O)c1ccc(C)cc1,7.2,0.4943345594536065,0.816200360482385,0.14525137642497646
CCSC(=O)CCSN(C)C(=S)NCCCC(=O)NC1=NCCS1,5.0,0.34137302722858603,0.722564565343117,0.06166601325982182
O=C1N[C@@H](C(=O)N/N=C/c2cccs2)C(NC(=O)c2ccc(Br)c(F)c2)=C1O,8.2,0.3961296423278549,0.724480345803181,0.11766513750519562
C=C[NH2+]CC1=C(N[C@@H](C(=O)NC(N)=O)c2cc(=O)c(OC)cn2C)OCN(CCCl)C1=O,7.7,0.29351959469403976,0.5954526865252383,0.06728915701522055
COc1cc(=O)c(-c2ncc(C)c(C)n2)nn1-n1ccncc1=O,8.2,0.676445341425213,0.72638523124438,0.20145756135968812
C[C@@H]1CCCN(C(=O)COC2[C@@H]3CC=CC[C@H]3C(=O)N2N2CCc3[nH]c(=O)ccc3C2)C1,8.7,0.7202559274089111,0.6116108722513948,0.1916246148629586
O=CC1=NCCOCCOCCN1C(=O)NCCN1CCc2[nH]c(=O)ccc2C1,7.8,0.6457929224869544,0.6990425673845017,0.1760603295882682
Cc1cc2c(=O)oc(N3CCOCC3(C)C)cc2cc1C1=NCC(=O)N1C(=O)c1ccc(=O)[nH]n1,7.9,0.5561047482869779,0.7032764768887491,0.15448267832176632
CC1=CCC(Cc2c(C)nn(C)c2-c2ncc(C)c(C)n2)C1,7.0,0.8111314152620521,0.71570444759869,0.20318562652152472
Cc1noc(C)c1CNC(=O)c1ccc(C(=O)NC(=O)N2CCC(C)CC2)c(C(=O)N2CCCC2)c1,8.7,0.6569532568856508,0.8234944838177781,0.23533386167958384
O=C(CNc1ccc2c(-c3ccnc(C4CCCC4)n3)cccc2c1)N1CCCCC1,8.2,0.6089895434684748,0.8412645271731264,0.21005173313914763
CC1CCN(C(=O)NCNC(=O)NC(=O)c2ccc(F)cc2Cl)CC1,8.0,0.7130158350069387,0.8464843851293882,0.2414227082733463
COc1ncc(OCCN(C)C(=O)Nc2cccc(C)c2)c(C)n1,6.0,0.8809365148938083,0.8506492955382947,0.22481040774251354
CO[C@H](C)C(=O)N(CN/N=C1\C(=N)N(C)N=C1C(=O)N1CCC([C@@H](C)O)CC1)C(C)C,6.3,0.36313797151414,0.6263773812441394,0.07165034466261082
COc1cn(C)c(N2C(=O)C[NH+]=C2c2ccc(S)c(Cl)c2)cc1=O,6.6,0.7652305414924916,0.6710356713515364,0.16945400674920755
Cc1cccc(NC(=O)N(C)CCCc2c3c(nn2C)CCCC3)c1,6.9,0.9020184968205125,0.8287351521619066,0.2578993804943136
C[C@@H]1CCCN(C(=O)CO[C@@H](C)NC(=O)O[C@H](NC=O)C(C)(C)C)C1,6.3,0.5309167897245449,0.6619118285174923,0.1106973324693213
COc1cc(=O)c(C2(c3cccc(C)c3)CCC2)n[nH]1,7.7,0.9321892793033333,0.7810837455670077,0.28032538913442795
CCN(CC(=O)NC(=O)c1cc(O)nc(CC2CCN(C(C)=O)CC2)n1)C(=O)COC,6.5,0.5684674263967866,0.7902682159396027,0.14600356513546894
Cc1ccc2[nH]c(-c3nccncc(Nc4ccc(C(=O)N5CCCC[C@H]5C(N)=S)cc4)ccc3Cl)cc2c1,8.1,0.23546700964067924,0.7095918772603037,0.06766961834853884
CCC(=O)Nc1nc(N(C)C(=O)Nc2nncs2)cs1,6.9,0.899191852165273,0.7914326466659085,0.24551917665975595
Cc1cc(NC(=O)c2cccc(-n3nc(C(N)=O)ccc3=O)c2)ccc1-n1cnc2c(c1=O)CCCC2,8.8,0.4342489000014219,0.8098670549934158,0.15474090622244405
Cc1cccc(NC(=O)c2nc3c(=O)[nH]sc3c(=O)n2-c2cc3cc(C)ccc3[nH]2)c1,9.5,0.40583471653000713,0.7686809987450327,0.14817978173315421
Cc1cccc(C2(c3oc4c(c3C)C(=O)N(Cn3nc(C(N)=O)ccc3=O)C(=O)CC4)CCC2)c1,8.3,0.5662030515283525,0.7452486709686014,0.17511425973469658
CC1=CCN(c2ccccc2NC(=O)CCl)C=C1CNC(=O)NC(=O)N1CCc2[nH]c(=O)ccc2C1,8.4,0.4599475324244777,0.7363599692350982,0.14224851934685606
C[C@@H]1c2cccc([C@H]3SC(=O)NC(=O)N3C(=O)C(=O)NCNC(=O)N3CCCC3)c2O[C@@H]1C,7.7,0.4481502392947969,0.640890929400292,0.11057793799845318
Cc1ccc2[nH]c(N(C)C(=O)NCC=Cc3ccc(F)c(O)c3)cc2c1,7.8,0.6585300548163999,0.7959705437886646,0.2044265050750217
O=C(CN[C@H]1CNCc2ccccc21)N1CCCCC1,6.7,0.8755399544300644,0.8008817803186469,0.2349033391437591
CC(C)=C(NC(=O)C(=O)c1ccc(C(N)=O)cn1)C(=O)Nc1ccc(C[C@H](C)N)cc1OCCO,8.2,0.17516325098040902,0.7324524372352471,0.05260248753880645
Cc1cc(=O)n(CC(=O)Nc2ccc(C)c(CNC(=O)[C@@H]3CNC(=O)C3)c2)cn1,7.4,0.6450404342385396,0.7780561679814356,0.18569474472898614
COC1=C(CC2CCN(C(C)=O)CC2)C2C(O[C@H](C)[C@@H]2C)N1NC(=O)Cc1cccc(F)c1,8.1,0.7074622765518834,0.6477440712117616,0.18559307057319555
CC(=O)N1CCC(Cc2ccc(Cn3nc(CNC(=O)c4ccccc4O)ccc3=O)cc2)CC1,8.6,0.5479951748852093,0.8446854972969123,0.19903993803011524
Cn1nc2c(c1S(=O)(=O)Nn1nc(C(N)=O)ccc1=O)CCCC2,7.7,0.7140794805863637,0.7516645757804409,0.20664807619165965
CCC(=O)ON(C)C(=O)[C@H](C)NC(=O)N(C)C(=O)[C@@H]1NC(=O)C(O)=C1c1ccnc(C2CCCC2)n1,8.1,0.4755489345525359,0.6330572256426189,0.12192512411187834
CCC(=O)Nc1nc(NC(=O)N(C)CCC(=O)NCc2ccc(Cl)c(C(=O)N3CCC([C@@H](C)O)CC3)c2)c(C)s1,6.3,0.32975517981649516,0.7344132231538077,0.07628561780511914
Cc1cc(=O)n(N(c2ccc(F)cc2)S(=O)(=O)c2ncc(C)c(C)n2)cn1,7.9,0.6308003501005885,0.7630824468366624,0.19013430647497126
COc1cn(C)c(C2=N[C@@H](C(=O)NC3=NCCS3)C(=S)S2)cc1=O,7.3,0.7787727404307048,0.6503989862168559,0.18487724531735036
NC(=O)c1ccc(C(=O)c2ccc(Oc3cc(F)c(N)cc3F)cc2)nc1,8.0,0.5307096726462751,0.8569251495393652,0.18191138623775874
Cc1nnc(N2CC[C@H](c3ncnc4c3CCC4)C2)s1,6.8,0.8465723871012154,0.7459235013095203,0.21470260129348903
CC1CCN(C(=O)NCN/N=C2\C(=N)N(C)N=C2C(=O)N2CCOCCNCC[C@@H]2C)CC1,8.0,0.2596402441200624,0.6213664139905031,0.0645326909666008
C[C@@H]1CCCN(C(=O)COC(=O)N(C)CC(C)(C)C)C1,5.6,0.7991243251362018,0.7934213193213774,0.17753183737838374
COc1cc(=O)n(-c2ccccc2)nc1-c1ccc(-n2cc(C)cn2)o1,7.6,0.5666532669636923,0.8099375097177128,0.17440241964883213
O=C(Nc1nc2ccccc2s1)c1ccc(Br)c(F)c1,7.1,0.7412195012509332,0.9044923970032906,0.23800172820417423
Nc1cc(F)c(Oc2cccc(NC(=O)c3cccc(N4C(=O)CCCc5sccc54)c3)c2)cc1F,9.3,0.29738390297915335,0.8209284399990574,0.11352087015238095
Cn1nc2c(c1-c1ccc(C(=O)N3CCOCC3(C)C)cc1)CCCC2,6.7,0.8328089309769612,0.8119527640489673,0.2265275069995221
COc1cn(C)c(N2C(=O)Cc3cc(-c4ccc(-c5ccccc5)cc4)ccc32)cc1=O,7.4,0.4676789858709543,0.8262400367980732,0.14297358792341006
Cc1cc(C)cc(C2(c3ccc(C(=O)Nc4ccccn4)cc3)CC2)c1,7.9,0.7222983403278646,0.8672176289138321,0.24742399235667314
CC1(C)COCCN1C(=O)c1cc(C(=O)NNC(=O)c2ccc(Br)c(F)c2)ccc1-c1ccccc1,7.8,0.46268955731539363,0.826395930885562,0.1491222592971865
Cc1ccc(-c2ccc(-c3nc4ccc(-c5ccc(F)c(O)c5)cc4s3)cc2)cc1,7.6,0.3343521763958288,0.8756026199993227,0.11124866382877209
CCNC1=N[NH+]=C(NS(=O)(=O)[C@H]2CCN(c3nnc(C)s3)C2)C1C,7.1,0.586438670417355,0.5947433849384846,0.12381708456550891
COc1cc(N2CC[NH+](C)CC2)cc(-c2ccccc2)c1OOc1ncc(C(N)=O)cc1Cl,8.0,0.40705308000996143,0.7198349556758953,0.1172044143226829
COC=CC(=O)c1cccc(NC(=O)Cc2cccc(F)c2)c1,6.8,0.5053409754524154,0.87847704034676,0.15093635112367007
Cc1noc(C)c1CNC(=O)c1ccc(C(=O)NC(=O)OCc2ccc(F)cc2F)c(C(=O)N2CCCC2)c1,8.8,0.46612368054160785,0.8188550536658354,0.16794260183571863
Cc1cnc(-c2cccnc2-c2nc3ccccc3s2)nc1C,8.1,0.5483588460223298,0.8436743025564218,0.18736768812225602
CC(=O)c1ccc(C(=O)Nc2cccc(C)c2)c(C(=O)N2CCCC2)c1,8.2,0.8554355951981406,0.8991165922607406,0.3153458982737671
CCNC(=O)NCC(=O)N[C@@H](C1CCC1)[C@H](C)NC(=O)N1CCOCC1,0.0,0.5068064757746736,0.7387806329232348,0.0
COc1ncc(-c2cn(CNC(=O)[C@@H]3CNC(=O)C3)c(C)n2)c(C)n1,7.6,0.8000896526054813,0.7156747473190035,0.21758950478517128
O=Cc1cc(NC(=O)c2ccc(Br)c(F)c2)cc(O)c1CNC(=O)c1ccccc1O,7.8,0.39276357087995095,0.8359722778148,0.12805238822656304
NC(=O)c1cnc(Oc2cccc(C(=O)NN3C(=O)CCCc4sccc43)c2)c(Cl)c1,8.4,0.6070274501522918,0.8061240057380397,0.20552254787807975
C[C@@H](C(=O)NC1=NCCS1)[C@@H](O)C(=O)NN1C(=O)NC(=O)C(C)(C)C1=O,7.2,0.4216951659979926,0.6540645050897158,0.09929370241699294
CC(=O)NC1CCN(N2C(=O)CCCc3sccc32)CC1,6.3,0.90818677035089,0.7940426746528357,0.22715880144732856
O=CCC(c1ccccc1)N1C(=O)CCCc2sccc21,6.1,0.8063585911282612,0.768687946442236,0.18905062950068352
Cn1nc2c(c1-c1ccc(C(=O)N3CCOCC3(C)Nc3ccccn3)cc1)CCCC2,8.1,0.6825904693450551,0.7266381803788078,0.20087850011846692
Cn1nc2c(c1-c1ccc(S(=O)(=O)C(=O)Nc3cccc(-c4cccc(F)c4)c3)cc1)OCCC2,8.6,0.42254476810085717,0.8001934972969124,0.14539055757298922
NC(=O)c1ccc(=O)n(C2(N3CCc4ccccc4C3)COCCN2c2cc(O)nc(N3CCCCC3)n2)n1,8.3,0.4891112037565401,0.673267823301383,0.13666067673477628
O=C1CN=C(N2CCc3[nH]c(=O)ccc3C2)N1c1ccc(Cl)nn1,8.9,0.8162076962955535,0.7482236312177571,0.27176411942581197
Cc1ccc2[nH]c(-c3cccc(NC(=O)c4ccc(Br)c(F)c4)c3)cc2c1,9.0,0.3993534100921928,0.8765858488400643,0.15753039658777762
CCC(=O)Nc1nc(C[C@H](N=C(O)c2cc(F)ccc2-c2ncccc2CNC(C)=O)C(=O)[O-])c(C)s1,0.0,0.27021308288693574,0.6910567604654945,0.0
Cc1cnn(-c2ccc(-c3n[nH]c(=S)n3-c3ccnc(C4CCCC4)n3)o2)c1,8.2,0.5243565859310769,0.7528249903470505,0.1618469841142099
CN(C(=O)N[C@H](c1ccccc1NC(=O)CCl)C1CCC1)c1ccc(C(=O)NCC(=O)[O-])cc1,6.7,0.46763817867206076,0.7472558603742151,0.11706419879838628
NC(=S)[C@@H]1CCCCN1C(=O)c1ccc(NC(=O)c2ccc(Br)c(F)c2)cc1,6.6,0.6680746574661667,0.8224673280517018,0.18132496089353378
CCN1C(=O)C(=O)N[C@]1(C(=O)N(C)c1ccccc1)S(=O)(=O)NS(=O)(=O)Cn1nc(C(N)=O)ccc1=O,8.2,0.26305766738494396,0.6702933160667561,0.07229357643717833
C[C@@H](CON(CCOCCO)C(=O)c1ccccc1)NC(=O)NC(=O)Nc1ccccn1,6.5,0.30233272755485935,0.7492353081476478,0.07361846514512227
Cc1c(C(=O)c2ccc(=O)[nH]n2)c(N)n(/N=C/c2sc(Cl)cc2CNC(=O)N2CCC(C)CC2)c(=O)c1C#N,8.4,0.30147749364337856,0.7223284978227659,0.09146162974653353
O=C(NC1=NCCS1)c1ccccc1-n1cnc2c(c1=O)CCCC2,7.2,0.8942003022758005,0.8069917781136127,0.25978042509238014
CCC(=O)Nc1nc(C(=O)NN=C2CCCCC2)cs1,6.0,0.8369778325402422,0.8390748531436414,0.2106861155769561
CC(=O)NCc1cccnc1-c1cccc(N=C(O)C(=O)NCc2c(C)noc2C)c1,7.1,0.4144627719868015,0.7931929571888878,0.11670587787370475
O=C(Nc1c(Cl)cc(Cl)cc1NC(=O)c1ccc(F)cc1Cl)c1ccc(Br)c(F)c1,8.1,0.37223124239721955,0.8577031979467468,0.12930189042681328
CC1CCN(C(=O)NCc2cccc(N3CCc4[nH]c(=O)ccc4C3)c2)CC1,8.7,0.8603479776110677,0.8325678226728095,0.3115896484703617
CCN(C(=O)c1cccc(C(=O)NCc2c(C)noc2C)c1)c1ccccc1NC(=O)CCl,7.0,0.48482375587956045,0.8366422993035907,0.14196842165662735
CC1(C)COCCN1C(=O)c1ccc(C(=O)Nc2ccccn2)cc1,7.4,0.9328756455166648,0.865406441436013,0.2987071392948931
CC(=O)N1CCC(C[C@@H]2NC(=O)C(O)=C2C2CCC(CN(C)C(N)=O)N2)CC1,7.7,0.5257615728240281,0.6366439449230898,0.1288683248974882
Cc1cc(=O)n([C@@H](C)N(C)C(=O)N[C@H](C)C2=CC=C(C(=O)Nc3ccccc3)C=CN(C)CCO2)cn1,0.0,0.6235843310750057,0.5978975415270891,0.0
Cc1ccc2[nH]c(N(C)C(=O)Nc3cccc(-c4ccc(F)c(O)c4)c3C)cc2c1,9.5,0.3947266907378884,0.8193640574124843,0.1536268098736996
Cc1cnn(-c2ccc(-c3ccc(OC(=O)c4ccc(-c5c6c(nn5C)CCCC6)cc4)cc3Cl)o2)c1,8.5,0.1959383076145387,0.7824222102431507,0.06515525557890464
NC(=O)CNC(=O)NC(=O)N1CCc2[nH]c(=O)ccc2C1,8.6,0.534606346204108,0.8078605526369207,0.1857115726636919
CC(=O)N1CCC(Cc2cccc(-c3ccc(F)c(O)c3)c2OC(C)(C)C)CC1,7.4,0.7709631795978259,0.8279565685489236,0.23617989060323186
Cc1cc(=O)n(-c2ccc(-c3ccc(F)c(O)c3)cc2[N+](=O)[O-])cn1,7.3,0.5832092884677073,0.8313708957202467,0.1769750784192044
CC(=O)N1CCC(CC2=C(CCC(=O)NC3=NCC(=N)S3)CN(C)N=C2C)CC1,8.1,0.7147488918583911,0.6976195671244222,0.20194223907906902
CC1=C(C2=NCC(=O)N2C(=O)c2ccc(=O)[nH]n2)C=C(c2ncc(C)c(Oc3cc(F)c(N)cc3F)n2)C1,9.2,0.38490341044107396,0.6958778936969809,0.12320905628587876
CC(=O)N1CCC(Cc2c(C)nn(C)c2C(=O)NC[C@@H]2CCCC[C@H](C(=O)Nc3cccc(C)c3)O2)CC1,7.9,0.5776742976649831,0.722247602322099,0.16480343118259644
C[C@@H]1c2cccc(C[C@@H](c3cccc(Cl)c3)[C@@H]3NC(=O)[C@](O)(NC(=O)Cc4cccc(F)c4)C3=O)c2O[C@@H]1C,8.8,0.3064999174848176,0.6260142826117535,0.0844242634245207
CCCn1nc(COCCNC(=O)N[C@H](C)N2CCCS(=O)(=O)CC2)nc1C,5.9,0.5550828964268343,0.7164722590181712,0.11732194153985866
Cc1cccc(OC2=CCCN2c2ccnc(C3CCCC3)n2)c1,7.7,0.826370827175552,0.796654667378983,0.25345788793526525
C1=CC(c2nccc(-c3nc4ccccc4s3)n2)=CCC1,7.7,0.6981194492385651,0.8094610873512484,0.21756370346545587
COC1=CC=C2C(O[C@H](C(=O)CCl)[C@@H]2C)N1NC(=O)Cc1cccc(F)c1,6.8,0.7497634938887553,0.6325473047196785,0.161248698260424
N/N=C(/CNC(=O)[C@@H]1CNC(=O)C1)c1ccc(-c2ccc(F)c(O)c2)cc1,7.9,0.3583196401964399,0.7569843809756757,0.10714073655508392
CC(=O)N1CCC(C[C@@H]2Cc3ccccc3N2C(=O)Nc2ccccn2)CC1,9.6,0.8857434533025742,0.7830213276133935,0.3329068870703296
C[C@@H]1CCCN(C(=O)COc2cc(-c3cccc(F)c3)ccc2F)C1,7.7,0.8281685736227984,0.8389491723306117,0.26749466566556196
CCNc1n[nH+]c(Oc2ccc(O)c(C3(c4cc(C)cc(C)c4)CC3)c2)c(C)c1C,8.0,0.5969004599981879,0.7216373307255165,0.1722982618647701
CCc1cc(O)c(NC(=O)Cc2cccc(F)c2)c(C)c1Oc1ncc(C(N)=O)cc1Cl,7.7,0.45100009844361594,0.8095140410546863,0.14056000119975384
Cc1noc(C)c1CNC(=O)c1ncnc2c1CCC2,6.8,0.9153625265035232,0.8237269449115227,0.25636298433070154
O=C(NN=C1CCCCC1)c1ccc2c(c1)CNC2=O,7.8,0.8073676118635681,0.832952739504105,0.26227463499457193
CC(=O)CN1C(=O)SC[C@]1(CNC(=S)N(C)CNC(=O)[C@@H]1CNC(=O)C1)C(=O)N(CN)C1CCCCC1,6.6,0.20608504935683378,0.5963946059803068,0.04055964389716832
Cc1noc(C)c1CNC(=O)N/N=C1\C(=O)NN=C1[NH2+]CS(=O)(=O)CC1CCCC1,6.9,0.396608948783897,0.6905690024674294,0.0944906169153163
CO[C@@H](C)[C@H](C)CNCC(=O)N[C@@H](C1CCC1)n1nc(C(N)=O)ccc1=O,0.0,0.5255783158089374,0.6615018421274762,0.0
O=C(NC1CCCC1)NN1CCC[C@@](NC(=O)c2ccc(F)cc2Cl)([C@@H]2CCCCO2)C1,7.9,0.6165425930479714,0.6992578370753157,0.1702932848314148
CCNCCN(N[C@@H](C(=O)NC(N)=O)C1(c2cccc(C)c2)CCC1)S(=O)(=O)c1ccc(C(=O)O)c([N+](=O)[O-])c1,7.3,0.1311784192680971,0.6951388926694771,0.03328333570593746
Cc1c(C(=O)N2CCCC[C@H]2C(N)=S)ncn1Oc1ncc(C(N)=O)cc1Cl,7.0,0.6973537080391249,0.7149344737265397,0.17449677219037096
Cn1c(OCCOCN)cc2c1CCN(C(=O)N1CCCC[C@H]1C(N)=S)C2,6.4,0.42280103688558773,0.698355028748955,0.09448487368618323
CC1=C(n2nc(C(N)=O)ccc2=O)CCC(=O)OC=C(C(=O)NC2=NCCS2)C=C1,7.6,0.6679776435703043,0.6560427760282822,0.16652432489282332
Cc1cccc(C2(N3C(=O)Cc4ccccc43)CCC2)c1,6.7,0.8132363422137155,0.8385862643964257,0.2284595568066184
C/C(=N/ON/N=C1\SC(=N)N=C1n1cnc2c(c1=O)CCCC2)c1ccncc1,8.3,0.4482326284152972,0.6895151308199858,0.1282612194591173
COc1cccc(O[C@@H](C(=O)NC2CC2)c2ccc3c(c2)CNC3=O)c1,8.3,0.8365973198761778,0.7962076087908913,0.2764336379054842
C[C@@H]1CCCN(C(=O)CON2CCC[C@H]2C(ON2C(=O)CCCc3sccc32)c2ccccc2)C1,7.6,0.5527787117180184,0.6578822195963812,0.13819204860805767
COc1cc(=O)n(N2CCc3[nH]c(=O)ccc3C2)nc1-c1ccc(S(=O)(=O)c2ccccc2)cc1,9.6,0.4558405593722378,0.774284881912297,0.1694162177684969
COc1ccc(N2CCc3c(cc(CNC(=O)N4CCC(C)CC4)n3C)C2)cc1,8.3,0.860052106708518,0.8274145968158374,0.2953221618518286
COc1ncc(OC=COc2ncc(C)cc2Cl)c(C)n1,6.4,0.7908508644353819,0.7509538089422754,0.19004559006497312
C#Cc1nnc(N2CC[C@H](S(=O)(=O)Nc3cn(C(=O)COc4cc(-c5cccc(F)c5)ccc4F)o3)C2)s1,7.0,0.32547091472017325,0.6737313761811328,0.07674798854847405
O=C(NCCC1C=CC=CN1C(=O)NC1=NCCS1)c1ccccc1,8.0,0.8697955313216182,0.722450809339175,0.25135379422516035
CCN(C(=O)Nc1cccc2c1O[C@H](C)[C@@H]2C)[C@H](C)NC(=O)N1CCOCC1,7.5,0.7747027224278069,0.6913240545570459,0.20083898517943996
COC(C)=Cc1cnn(C)c1-c1ccc(NCC2=CC=C(S(=O)(=O)C(=O)Nc3ccccn3)C2)cc1,6.4,0.42412769049799687,0.7295828953286125,0.0990196186952212
CCNC(=O)n1ncc2c(-c3ccc(C(=O)N4CCOCC4(C)C)cc3)n(C)nc21,7.1,0.7148285150392184,0.770699039097466,0.1955757656293689
Cc1cccc(C(C)(C)c2ccc(N3CCc4c(cc(CNN5CCC(C)CC5)n4C)C3)cc2)c1,8.0,0.48088667362278437,0.7781468819122969,0.14968018625309842
CC1CCN(C(=O)NC[C@@H](Sc2ccc3c(c2)CNC3=O)[C@@H](O)C(N)=O)CC1,7.6,0.5171984929384931,0.7029641363232143,0.13815735692054681
CN(C(=O)NCC1CCC1)c1ccc2c(c1)CNC2=O,6.7,0.8829411885662768,0.8272809983142603,0.2446975567565128
CC1=C(c2ccc(C(C)C)cc2C(C)(C)C)S(=O)(=O)NC1=NC(=O)N1CCOCC1(C)C,6.9,0.7069856280013675,0.7083047033335838,0.17276262969840256
CCC(=O)Nc1nc(NC(=O)N[C@@H](C)COC(=O)N[C@H](C)C(=O)NCC(F)(F)F)c(C)s1,7.2,0.363745437253564,0.7133501211595179,0.09341202662497862
Cc1noc(C)c1CNC(=O)C(=O)NNC(=O)OCCN(C)C(=O)O,6.8,0.3958367044233561,0.8112737560007839,0.10918485618657278
C[C@@H]1CCCN(C(=O)COc2ccc(Cl)c(C(=O)N3CCCC[C@H]3C(N)=S)c2)C1,7.8,0.715299359868291,0.7700322515835055,0.21481339488789192
Cc1cc(=O)n(-c2ccc(CNc3onc(C)c3CNC(O)c3ccc4ncsc4c3)cc2I)cn1,7.8,0.17356121539917155,0.6902061255055695,0.04671927546729291
Cc1cccc(C2(c3ncc(-c4csc(NCc5ccc(F)c(O)c5)c4C#N)c(C)n3)CCC2)c1,6.9,0.3213570035101854,0.7626188725882874,0.08455015592177434
COc1ccccc1[C@@H](OCn1ncccc1=O)C(=O)NC1=CC=CC1,7.4,0.8223719770780834,0.7331811001283826,0.22309060862147903
Cc1cc(C(O)=NNC(=O)c2ccc(F)cc2Cl)ccc1Oc1cc(Cl)ccc1-c1ccc(F)c(O)c1,8.7,0.13437226378301034,0.815881975865424,0.047689880013404705
CNC(=O)N[C@@H](C)COCOCCNC(=O)N[C@H](C)c1ccc2c(c1)CNC2=O,6.2,0.28643557466607983,0.7222383294562501,0.06413117279253785
CCCn1nc(-c2ccc(NC(=O)NC3CCCC3)c(C(C)=O)c2)nc1C,7.1,0.7551619366442487,0.8432776596608227,0.22606797266239526
Cc1cc(=O)n(-c2ccc(C(=O)Nc3ccccn3)cc2)cn1,7.1,0.8044063880426721,0.8792676087527131,0.25108741085428904
O=C(CCl)Nc1ccccc1-c1ccc(C(=O)NCC(=O)C(=O)NC2=NCCS2)cc1,7.2,0.43339630046416194,0.821891837905872,0.1282337574948344
O=C(Cc1cccc(F)c1)NC=CN1CCc2[nH]c(=O)ccc2C1,7.1,0.8982862922343162,0.7726214015633537,0.2463825010094851
O=C1C[C@H](C(=O)NCc2cc(C(O)=NNC(=O)c3ccc(F)cc3Cl)ccc2Cl)CN1,0.0,0.296611199201214,0.7640465539738298,0.0
O=C1C[C@H](C(=O)NCn2c([O-])c3c(c2O)C[C@@H]2C4CC[C@@H]3[C@@H]2[C@H]4N2C(=O)CCCc3sccc32)CN1,0.0,0.5768289488340741,0.42614127260835016,0.0
CC1(C)COCCN1C(=O)c1c2c(n[nH]c1=O)CC(C(=O)c1ccc(=O)[nH]n1)CC2,8.4,0.680266108252849,0.6919669518524578,0.19770309945802841
COC(=O)[C@H]1[C@H]2NC(=O)C(=COCCN(C)C(=O)N[C@H](CNC(=O)[C@@H]3CNC(=O)C3)C3CCC3)N1C(=O)CO2,6.7,0.10107326506019447,0.49422613887972655,0.016734271594113472
Cc1nnc(N2CC[C@H](S(=O)(=O)NC3=NN=C(NC(=O)C4=CC=C(Br)C4F)CO3)C2)s1,8.1,0.5807014347724305,0.5851905714053145,0.13762750679429764
Cc1cnc(-c2ccc(Oc3ccc(C(=O)N4CCOCC4)o3)cc2)nc1C,7.6,0.6890094728486231,0.834072665977653,0.2183799078030292
Cc1noc(CC2CCC2)c1CNC(=O)NC(=O)N1CCc2[nH]c(=O)ccc2C1,8.8,0.7261287840015473,0.7696211792431075,0.2458914000512792
Cc1cc(=O)n(N2C(=O)[C@H]([NH2+]C(C)[C@H]3CCN(c4nnc(C)s4)C3)SC2=S)cn1,7.1,0.6336208417601286,0.569220973966654,0.1280379467986564
CC(C)(C)c1c(CNC(=O)N2CCCC2)ccc(C(=O)c2ccc(C(N)=O)cn2)c1C(=O)O,8.1,0.5752469054419989,0.8123720205967901,0.18926236882096673
C#Cc1cccc(N2CCC[NH+](C(=O)[O-])CCC([C@H](NC(=O)n3nc(C(N)=O)ccc3=O)C3CCC3)C2)c1,7.5,0.43589616403321385,0.5235297970044612,0.08557673635174942
CC1CCN(C(=O)NCc2ccc(-n3cnc4c(c3=O)CCCC4)[n+]([O-])c2)CC1,8.6,0.6298593481468985,0.7717545412087939,0.20902162926972723
O=C(CCc1ccc(-n2cnc3c(c2=O)CCCC3)cn1)NC1=NCCS1,7.9,0.8672846574582013,0.7864752176990536,0.2694286664636878
Cc1cc(C)cc(C2(C3NC(=O)C[C@H](C)[NH2+]C3CNC(=O)[C@@H]3CNC(=O)C3)CC2)c1,8.4,0.5372626860345981,0.5762482475746555,0.1300306061521696
CCCn1nc(-c2csc(NN=CNC(=O)Cc3cccc(F)c3)n2)nc1C,7.3,0.3435915776312041,0.7765142258067126,0.09738336798277054
CC(=O)N1CCC(CC2CCC(=NNC(=O)c3ccc(C#CCC(C)(C)C)nn3)CC2)CC1,7.3,0.5492225934916656,0.7491155937977827,0.15017239137649357
C[C@@H](O)C1CCN(C(=O)Oc2ccc(-c3ccnc(C4CCCC4)n3)cc2)CC1,7.0,0.8307277130661785,0.7850374391793734,0.22825332478228352
C[C@H](NC(=O)N1CCOCC1)c1cccc(-n2nc(C(N)=O)ccc2=O)c1,9.2,0.8078213367185305,0.798887214983773,0.29686474343194635
COc1ncc(-c2cccc(Oc3cccc(-c4ncc(C)c(C)n4)c3)c2)c(C)n1,7.8,0.45267430606918935,0.8337818357581696,0.14719832942682046
CC1(C)COCCN1C(=O)N1CCc2ccccc2C1,7.9,0.7268458196712337,0.837452450984397,0.2404360312027179
O=C(Cc1cccc(F)c1)Nn1ncc(=O)cc1C1=CCc2[nH]c(=O)ccc21,7.9,0.7166646983530663,0.7460980719605587,0.2112073491249502
CCNC1CCN(C(=O)NCc2ccc(C(=O)NC3=NCCS3)cc2)CC1,6.1,0.7168567785600141,0.8406867274486353,0.18380885366118171
CC1CCN(C[C@@H]2CCC[C@@H]2OCC(=O)N2CCC[C@@H](C)C2)CC1,6.5,0.772984898015149,0.7397811799320729,0.185847895975079
CC(=O)NC1CCN(CNC(=O)c2ccccc2O)CC1,7.1,0.7617561040391823,0.8738484634403196,0.23630908736597792
Cc1cnc(-c2ccc(Br)cc2Cn2nc(C(N)=O)ccc2=O)nc1C,8.1,0.7053216205412398,0.8233210823672857,0.23518599481662988
CN(C)c1cccc(NC(=O)NC2CCCC2)c1-c1ccc2c(c1)CNC2=O,8.0,0.759006369241945,0.8282721104220973,0.25146552291033575
O=C(NCc1ncnc2c1CCC2)c1ccccc1O,7.4,0.8871529623994636,0.8523736944112668,0.2797887637852823
CC(=O)NC1CC=C(c2cccc(-c3c4c(nn3C)CCCC4)c2)C1,8.3,0.9305632438716506,0.7452441795534358,0.2878011890987105
COC1=CC(C(=O)NCc2c(C)noc2C)=C(OC2=CCCCC2Cl)CC1C(=O)Nc1cccc(C)c1,8.1,0.45023122618656397,0.6450141471103684,0.11761423169627869
COc1ccc(-c2ccc(Oc3ncc(C(N)=O)cc3Cl)cc2)c(C)n1,7.5,0.7338293982127597,0.855010796686452,0.23528702189918674
CCCn1nc([C@@H]2OCCN2C2(c3cccc(C)c3)CCC2)nc1C,6.4,0.8319890050407387,0.7147916425364621,0.19030361199531085
CC(=O)CCC(=O)NNC(=O)C1=NN(C)C(=N)/C1=N\NC(=O)c1ccc(=O)[nH]n1,7.3,0.3269315789651548,0.7460041464457104,0.08902069443189776
NC(=O)c1cnc(OC(=O)CCc2ccccc2)c(Cl)c1,7.5,0.8597106321817779,0.8735804060739571,0.281634886187796
N=C1N=C(c2ccc(-c3ccc(F)cc3)cc2)/C(=N/Nc2ccnc(C3CCCC3)n2)S1,8.2,0.4844019793471144,0.7893093244946504,0.15676062963196039
Cc1nnc(N2CC[C@H](S(=O)(=O)c3ccc(NC(=O)c4ccc(F)cc4Cl)c(C)c3)C2)s1,8.8,0.5696466603866186,0.7771825229035056,0.19479654862044465
N=C1N=C(c2ccnc(C3CCCC3)n2)/C(=N/Nc2cccc(/C=N\NC=O)c2)S1,9.0,0.36016131697187354,0.7313636661370931,0.11853400553159088
CC1=NN(c2ccc(C(=O)C(C)(C)C)cc2)C(=O)/C1=N\Nc1ccc2c(c1)CNC2=O,8.2,0.5880757505667893,0.7986924924838521,0.1925735916656954
CC[C@H](NC(=O)[C@@H](CC)OS(=O)(=O)N(C)C)c1ccc(F)c(O)c1,7.3,0.7337622279044137,0.7182302035924675,0.19235872093273107
Cc1cnc(-c2nc(-c3c4c(nn3C)CCCC4)cc(=O)n2C)nc1C,7.8,0.7073971804708293,0.767460322503101,0.21173071462215157
CCN(CC(=O)Cc1c2c(nn1C)CCCC2)c1cccc(N[C@H]2CCCN(S(C)(=O)=O)C2)c1,8.3,0.58531222825994,0.7273670374064028,0.17668078089227673
Cc1cnn(-c2ccc(C3CCN(CNC(=O)c4ccccc4-c4ccccc4)CC3)o2)c1,6.7,0.45792151102510764,0.8072797816330048,0.12383971043751052
CC=C(F)C(O)=CCc1ccc(CNC(=O)c2ccc(C3(c4cccc(C)c4)CCC3)c(OC)c2)cc1,7.5,0.2405843627843715,0.7835515886648725,0.07069134737535762
Cc1cccc(C2(C(C)C(=O)Nc3ccccc3N[C@@H](C(=O)N3CCCC3)c3ccc(F)c(F)c3)CCC2)c1,8.9,0.338246469086469,0.7203223322429991,0.10842268604096957
O=C1C=CC=CC=C(C2=[NH+]CC(=O)N2NC(=O)c2ccc(Br)c(F)c2)CC1,8.2,0.745596000877705,0.6557175793562425,0.20044916599802168
Cn1nc2c(c1-c1ccc(S(=O)(=O)C(=O)NC(=O)c3ccc(Br)c(F)c3)cc1)CCCC2,8.9,0.5587929031560758,0.7978884340773938,0.19840520554037913
O=c1c2c(ncn1-n1cnc3c(c1=O)CCCC3)CCCC2,6.8,0.783067598796829,0.765107714586087,0.20370456069983123
Cn1nc2c(c1CCN1CCc3ccccc3C1)CCCC2,7.4,0.8679567568786805,0.8288720267162643,0.26618727818515986
NC(=O)c1cnc(Oc2ccccc2C(=O)NCCNC(=O)[C@@H]2CNC(=O)C2)c(Cl)c1,7.9,0.4365504458939589,0.7770783513130852,0.13399739080030657
CC(=O)NCc1cccnc1OCC(=O)NS(=O)(=O)c1cccncc(C=O)co1,7.1,0.5652336074424571,0.741335450020956,0.14875483731281441
Cc1nnc(N2CC[C@H](C(=O)NCc3ccc(-c4ccc(NC(=O)Cc5cccc(F)c5)cc4)cc3)C2)s1,8.0,0.336383638142582,0.8003271620774794,0.10768678499358017
COc1ncc(-c2cc(-c3cc4cc(C)ccc4[nH]3)cc([N+](=O)[O-])c2)c(C)n1,8.9,0.4079271925419472,0.8180649195749697,0.1485013620518757
CS(=O)(=O)N1CCC[C@H](NN2CCN(NCC(=O)N3CCCCC3)CC2)C1,6.2,0.5922095801264172,0.7352263889676836,0.13497651444360828
C[C@@H]1CCCN(C(=O)CO[C@H]2OC(=O)N(C(=O)N3CCCC[C@H]3C(N)=S)[C@H]2[C@H]2CC=CCC2)C1,7.5,0.46449388147101844,0.6122950174495316,0.10665273347268672
CN/C=C1/SC(=N)N(CNC(=O)c2ccccc2O)C1=O,7.3,0.6113056373938608,0.7838650619207405,0.1749011129275063
COCc1ccc(C(=O)NCC(=O)O)cc1NC(=O)CC(=O)N(C)n1nc(C(N)=O)ccc1=O,7.4,0.29315783421778707,0.7812745646100028,0.0847436009374898
CC(=O)NC1(C(=O)NC2=NCCS2)CCN([C@H](CO)C(=O)NC(C)C)CC1,7.5,0.45724960184348196,0.7104356283769231,0.1218174030790395
CCCn1nc(C(=O)N[C@@H](C)c2cccc(Oc3cc(F)c(N)cc3F)c2)nc1C,7.6,0.5657158931647487,0.7751294722637735,0.16663116345360796
C[C@@H]1c2cccc(NC(=O)C(=O)c3ccc(C(N)=O)cn3)c2O[C@@H]1C,8.4,0.6524459512192874,0.740641650289574,0.20295603133503767
Cc1nc(-c2ccc(-n3cnc4c(c3=O)CCCC4)cc2)ncc1N[C@H]1CCCN(S(C)(=O)=O)C1,7.6,0.5806572742744238,0.7427234979639921,0.16388176470958815
COc1cccc(C(=O)NCC(=O)Nc2ccc(Cl)c(F)c2)c1,7.1,0.8819139368367978,0.9200913339858133,0.2880616865647216
COc1cc2cc(CCON3CCC(NC(C)=O)(c4ccc(Br)cc4C)CC3)c(C)cc2c(=O)o1,7.9,0.46218730938200014,0.7376849541257976,0.13467470652699973
Cc1cccc(Nc2ccc(NCc3c(C)noc3C)c(I)c2)c1,7.0,0.5176705387429448,0.8539514330408274,0.1547229244408942
COc1ccccc1[C@@H](OCn1nc(C(=O)Nc2cccc(C)c2)ccc1=O)C(=O)NC1CC1,7.4,0.5058852865851976,0.7800232874064028,0.14600285258830495
Cn1nc2c(c1CCc1nc3ccccc3s1)CCCC2,7.6,0.7378690456895987,0.8245108136106523,0.23118478273586568
O=C(Nc1ccccn1)S(=O)(=O)NC(=O)S(=O)(=O)c1ccc(-n2cnc3c(c2=O)CCCC3)cc1,8.8,0.5221107940679862,0.762630794000209,0.17519821855190512
CNC(=O)c1ccc(CNC(=O)N2CCC(C)CC2)cc1,6.5,0.8936356402716136,0.9063407711326273,0.2632299849774964
Cc1cc(C)cc(C2(CC[C@@H](O)[C@H](C)Oc3ccc(N4C(=O)CCCc5sccc54)cc3)CC2)c1,0.0,0.3703351354213206,0.7007414767572906,0.0
CCCc1nc(CNC(=O)c2ccc(C3(c4cccc(C)c4)CCC3)c(OC)c2)ncc1C,7.7,0.5024523213495108,0.8079341215066331,0.15629012431666692
CC(=O)c1cnc(ONC(=O)NC2(c3cccc(C)c3)CCC2)c(Cl)c1,8.5,0.6145403159073604,0.7915665951877985,0.20674107382407989
C[C@@H]1CCCN(C(=O)CN(C(=O)NCC2CCC2)c2ccc3c(c2)CNC3=O)C1,8.2,0.7995926918704734,0.7601186283154405,0.24919197306381033
Cc1cnn(-c2ccc(-c3ccc(C[NH+]4CCN(C(=O)N5CCOCC5(C)C)CC4)cc3)o2)c1,7.7,0.6438826031418278,0.6827622787592077,0.1692532200491921
CCc1cccc(O)c1C(=O)NC(C(=O)Nc1ccccc1NC(=O)CCl)=C(C)C,6.8,0.3963329104841116,0.8151797457891483,0.10984807081354586
Cc1cccc([NH+]([O-])CC(=O)CNC(=O)CCc2ccnc(C3CCCC3)n2)c1,6.3,0.6295811842592625,0.6878472388174863,0.13641253894931568
CC(=O)SCC(=O)NCC(=O)NC(=O)CNC(=O)CCC(=O)NCC(=O)C(=O)Nc1cccc(C)c1,6.9,0.1929214973463044,0.8124341219731165,0.05407392252066789
COc1cn(C)c(-c2ccc(C(=O)N3CCOCC3(C)C)cc2)cc1=O,6.8,0.8467481484326389,0.816241167837371,0.23499123716386816
CN(c1ccc(-n2nc(C(N)=O)ccc2=O)cc1)N1C(=O)CCCc2sccc21,8.6,0.7111687458434213,0.7892223049466723,0.24134620182424904
CCCn1nc(-n2c(C)cc(C3(c4cc(C)cc(C)c4)CC3)c2C)nc1C,7.3,0.6327925375402706,0.7701504302046458,0.17788108743117906
CCC(=O)Nc1nc(-c2ccc(C(=O)n3cnc4c(c3=O)CCCC4)cc2)c(C)s1,8.3,0.6934113779260419,0.8148126891728806,0.23447516166366122
C[C@@H](O)C1CCN(C(=O)[C@H]2CN(NC(=O)CCc3nc(O)cc(O)n3)Cc3ccccc32)CC1,8.4,0.4927723296486718,0.6717015552439903,0.13901829488661122
CC(C)=C(NC(=O)c1ccc(-n2cc(C)cn2)o1)C(=O)Nc1cccc(Cl)c1Cl,8.0,0.5690618491997165,0.7843963762412314,0.17854802094775668
CO[C@@H](Cc1cccc(C(=O)O)c1)c1cnc(N2CCc3[nH]c(=O)ccc3C2)c(Cl)c1,7.7,0.6087481024357435,0.7488887966149097,0.1755155840417648
Cc1cc(=O)n(N=C([O-])c2cccc(N=C(O)CN(C)n3cnc4c(c3=O)CCCC4)c2)cn1,8.0,0.413154621997258,0.6831359149444513,0.1128963042846503
Cc1nnc(N2CC[C@H](CCC(=O)NCC(=O)c3cccc(N(C)C(=O)N(C)C)c3)C2)s1,6.8,0.6107093815952319,0.7529792385474123,0.15634950494329516
CN1N=C(NC(=O)Cc2cccc(F)c2)/C(=N/N)C1=N,7.2,0.5238501232206395,0.7867517026099645,0.14837039148826
N=C1S/C(=C/C(=O)[C@H]2CCCN(C(N)=O)C2)C(=O)N1NC(=O)NC1CCCC1,8.0,0.509945961889006,0.7117898132588023,0.14518973639402236
COc1ncc(C(=O)NC(=O)C(=O)c2ccc(NC(=O)NC3CCCC3)c(OCCO)c2)c(C)n1,7.4,0.30259347530624336,0.8060499462765043,0.09024501817026073
CC1CC=NC=C1c1ccc(Oc2ncc(CN)cc2Cl)cc1,6.9,0.9027539438366405,0.7383030872752706,0.22994457820565872
CC1CCN(C(=O)NC(=O)c2ccc(C(=O)NCN3CCCC3)cc2C(=O)N2CCCC2)CC1,7.3,0.6890060911277376,0.8289110091157438,0.20846052801350928
COc1ncc(-c2ccc(OC=C(OCCCCl)C(=O)Nc3cccc(C)c3)cc2)c(C)n1,7.4,0.18906854722910071,0.793526936035961,0.05551146444388711
COc1ccc(-c2nn(-c3cccc4c3O[C@H](C)[C@@H]4C)c(=O)cc2OC)c(OC)c1,6.9,0.6393529084682628,0.7347309339757597,0.16206456405475678
C[C@H]1[C@@H](C(=O)c2ccnc(C3CCCC3)n2)CN1Cn1nc(C(N)=O)ccc1=O,8.5,0.7209127281072081,0.6859199730761049,0.21015758659774492
CNC(=O)NNC(=O)N1CCC(NC(C)=O)(C(=O)NC2=NCCS2)CC1,7.2,0.37656506505615994,0.7590832618544652,0.10290392563797675
C[C@@H](COC[C@@H](C=O)NC(=O)OC1CCCCCC1)NC(=O)Nn1nc(C(N)=O)ccc1=O,6.9,0.27449730505795633,0.6764151163032412,0.06405757365136783
CC1CCN(C(=O)NC[C@H]2c3cccc4c3C[C@@H](C(=O)C(=O)[C@]2(C)Cn2nc(C(N)=O)ccc2=O)[NH+](C)C4)CC1,9.1,0.43494969183903426,0.4873463343991593,0.09644686777443776
CC(=O)NNc1ccc(NC(=O)C(=O)NC2=NCCS2)cc1,6.5,0.4727080432245416,0.8306805588788908,0.12761754899800046
CC(C)C(=O)Nc1ccccc1N[C@@H](C(=O)N1CCCC1)C1=NC(=O)C=C1,8.2,0.8054683761596987,0.7509212230809389,0.24798575225333205
CC1=CCCN(C(=O)CN(C(=O)NCC2CCC2)c2ccc3c(c2)CNC3=O)C1,8.5,0.7502573309639267,0.7737750253969536,0.24672541376136678
CCC(=O)Nc1nc(Oc2ccc([C@H]3CCN(c4nnc(C)s4)C3)cc2)c(C)s1,7.9,0.6092347224327505,0.7602400099018235,0.1829500215088495
C[C@H](CC(=O)N1CCCC[C@H]1C(N)=S)NN=CN1CCc2[nH]c(=O)ccc2C1,0.0,0.2790473189796788,0.6502151062880109,0.0
Cc1cccc(NC(=O)C(=O)Nc2ccc([C@H]3CCN(c4nnc(C)s4)C3)c(OCc3ccccc3)c2)c1,0.0,0.3165692322358663,0.7845779313082486,0.0
CC1CCN(C(=O)NCC2=NC=CC2c2nc3ccccc3s2)NC1,7.5,0.8893605320907891,0.6427743880302929,0.21437181440735723
COC1=CCN(C(=O)NCc2ccc(C(=O)NS(=O)(=O)C(=O)Nc3cccc(C)c3)cc2)C1,7.6,0.6116242276717142,0.7934068477985738,0.1844014031954158
C[C@@H](O)C1CCN(C(=O)c2ccc(C3C4=CC=CC4NN3C)cc2)CC1,6.6,0.8753464323725677,0.6765279420983037,0.1954247857703147
Nc1cc(F)c(OOCC(=O)NS(=O)(=O)NC(=O)CSSSS)cc1F,6.8,0.09921754169760517,0.6942333045895077,0.023419241427631743
Cc1nnc(N2CC[C@H]([C@@H](C)N(C)C(=O)N[C@H](C)C=O)C2)s1,0.0,0.8254524093045733,0.6699900556638361,0.0
COc1ncc(-c2ccc(C3(c4cc(C)cc(C)c4)CC3)c(S)n2)c(C)n1,8.2,0.6610070555099217,0.773257867488083,0.20956285151665335
CC(=O)NC1(CN(C)C=O)CCN(NC(=O)c2ccc(Br)c(F)c2)CC1,6.4,0.6684159719226905,0.7583989383923248,0.16221630832340558
COCC[C@@H](NC(=O)C(N)=O)C1=C(O)C(=O)N[C@H]1c1ccc(F)cc1Cl,6.9,0.5285599154752726,0.6963601445227465,0.12698348039960558
Cc1cccc(C2(c3ccc(C)c(C(=O)CNC(=O)[C@@H]4CNC(=O)C4)c3)CCC2)c1,8.0,0.726242320943889,0.7602460727315788,0.22084914893962337
Cc1cc(OCC(N)=O)c([C@H](O)CCNC(=O)c2ccc(C(N)=O)cn2)cc1C,7.8,0.48019536112472616,0.789637701153686,0.14788034081464524
CCC(=O)Nc1nc(CNC(=O)c2ccc(Cl)c(CNC(=O)c3ccccc3O)c2)c(C)s1,7.9,0.3830107745175725,0.8411820986346942,0.12726181380781457
Cc1cc(C)cc(C2([C@@H](N)C(=O)N3CCCCC3)CC2)c1,6.4,0.9283096520183008,0.7744644259830458,0.2300616965711598
C[C@H](NC(=O)N1CCOCC1)C(=O)NN=C1CCCCC1,6.0,0.7575082632156556,0.7890339573711977,0.17930992279992947
C[C@@H]1CCCN(C(=O)COS(=O)(=O)OCC2=C(Cn3nc(C(N)=O)ccc3=O)C(=O)OS(=O)(=O)C=CC(Cl)=C2)C1,7.9,0.3524436183654687,0.5836469429457991,0.08125254296580588
CN1N=C(NC(=O)C[SH](=O)=O)/C(=N/NN[C@H]2CCCN(S(C)(=O)=O)C2)C1=N,8.7,0.21974061276424595,0.603483063799701,0.057685236131003
CCCn1nc(-c2[nH]c(=O)c(NCC(=O)N3CCCCC3)cc2SC)nc1C,6.5,0.6885804384856654,0.7811120471309579,0.174804004673958
NC(=S)C1(c2cc(C(=O)NC(=O)NOc3cc(F)c(N)cc3F)ccc2Br)CCC1,8.4,0.2844102858696089,0.7597705015855952,0.09075634913152723
CC(C)OC(=O)N(C)C(=S)CNC(=O)C=COc1ncc(C(N)=O)cc1Cl,6.5,0.3945430569434138,0.7378778845821,0.09461549377603741
O=C1CCCc2sccc2N1c1ccc(OC2=CCCCC2Cl)cc1,6.5,0.6357681985068789,0.738528786156878,0.15259826267413987
CCCC(NCC[C@@H](O)C(=O)N1CCCC[C@H]1C(N)=S)C(=O)NCC(=O)NCc1nc(C)sc1C,5.3,0.23548115203230727,0.6746716332464566,0.042101200161704384
CCNc1n[nH+]c(-c2ccc(-c3ncccc3CNC(C)=O)cc2)c(C)c1C,7.5,0.6915398523098789,0.7570602457677642,0.1963264989554701
CCCn1nc(Oc2cccc(NC(=O)c3ccc(Br)c(F)c3)c2)nc1C,7.3,0.59796546853354,0.8445396029806607,0.18432701457788314
COc1ncc(OC=COC2=C(CNC(C)=O)C([C@H]3CNCc4ccccc43)C(C)C=C2Cl)c(C)n1,8.4,0.5103790670992032,0.5975938770549288,0.12809975029970602
CC(C)C(=O)Nc1ccccc1N[C@H](C=CF)C(=O)N1CCCC1,0.0,0.8404597810521949,0.7652589173305181,0.0
C[C@H](NC(=O)N1CCOCC1)c1cccc(-n2nc(F)ccc2=O)c1,8.8,0.9131846486437222,0.791787742211435,0.3181413009155724
COc1cc(-c2nc(O)cc(CNC(=O)c3ccccc3O)n2)ccc1C,8.3,0.6421642380775261,0.8581183479199319,0.22868695975502468
CC1C[C@@H](c2csc(=O)n2C(=O)c2ccc(C(N)=O)cn2)CCc2ccccc21,7.7,0.6739629136900267,0.7030286034701013,0.18241885431082389
O=C(Nc1ccccn1)S(=O)(=O)c1ccc(-c2nc3ccccc3s2)cc1,8.1,0.5565220939341471,0.8537462935235861,0.19242711335890655
c1ccc2c(c1)CCN(c1ccnc(C3CCCC3)n1)C2,6.7,0.8391000593226307,0.85681639870656,0.24084982147939787
CNC(=O)c1ccc(CNC(=O)N2C=CC(C(=O)NCc3c(C)noc3C)CC2)cc1,8.0,0.6546672009654267,0.7367437801371346,0.1929287953484263
Cc1c(CNC(=O)c2ccccc2O)ccc(O)c1-n1cnc2c(c1=O)CCCC2,8.2,0.6191550428626108,0.8132430964126998,0.20644466132902223
Cc1c[nH]c(C(=O)N=O)cnc(N(C)C(=O)CC(=O)NC(=O)N2CCCC[C@H]2C(N)=S)c(C)c1,7.8,0.319021396339907,0.6365977766465039,0.07920444152893268
CC1(C)COCCN1C(=O)c1cc(I)c(N)cc1NCC(=O)N1CCCCC1,7.0,0.49045569828856256,0.7937188855700261,0.13624938259347338
CCNCCN(C(=O)N[C@@H](Oc1ncc(C(N)=O)cc1Cl)C1CCC1)c1ccc(C(=O)C(C)(C)C)cn1,7.7,0.22794359808573242,0.6949612659386664,0.06098860902298594
CC(C)=C(NC(=O)C(=O)N1CCC([C@@H](C)O)CC1)C(=O)Nc1ccc(O)cc1C,6.7,0.346394189816391,0.745289946928035,0.08648497596038664
Cc1cc(C)cc(C2(c3ccc([C@H]4CCN(c5nnc(C)s5)C4)cc3)CC2)c1,8.0,0.5867508431852373,0.7696703803199463,0.18064189785097232
CC[C@@H](NC(=O)Cc1cccc(F)c1)NC(=O)[C@H](O)CC,6.1,0.6595115586748145,0.7572733048309173,0.15232630177161918
COc1ccc(O)cc1N1CCc2c(cc(C(=O)NC3=NCCS3)n2C)C1,6.9,0.844963835193645,0.786091143545359,0.22915541267433648
COc1ncc(N(C)c2ccc(SNC(=O)c3ccc(F)cc3Cl)cc2)c(C)n1,7.6,0.5646417437789076,0.7866093107141656,0.168777932092261
CCN(C(=O)CCCS(=O)(=O)CNC(=O)[C@@H]1CNC(=O)C1)c1ccc(F)c(O)c1,6.4,0.5167859718600645,0.7289783048537833,0.12055224375640472
CCCC(=O)C(C)NC(=O)NNC(=O)[C@@H](NC(=O)CN1CCC(C)CC1)C1CCC1,6.9,0.4140099898535801,0.7344415790217705,0.10490282198420346
Cc1cnc(C2=NCCN2Oc2cc(F)c(N)cc2F)nc1C,8.2,0.8758648445159574,0.7528002282165827,0.2703340144837827
CC1CCN(C(=O)NCC2=C3[C@H](c4ccc5c(c4)CNC5=O)[C@@]3(C)CCC2)CC1,8.1,0.7639418980284024,0.6896083611499765,0.21336239172683344
COc1cc(Oc2cccc(ONC(=O)Cc3cccc(F)c3)c2)ccc1-n1cnc2c(c1=O)CCCC2,8.9,0.34213519900748174,0.7989377907810289,0.12163840931934199
CC[C@H](NC(=O)[C@@H](CC)OC(=O)N1CCOCC1(C)C)N1C(=S)OC[C@H]1C(=O)CC1CCCC1,6.3,0.48578494557197055,0.6199319330543882,0.09486338411250303
CC(C)C(=O)C1=NN(C(C)C)[C@@](C)(CNC(=S)N(C)C(=O)Nc2ccccn2)C1,7.5,0.6906944984785424,0.6642361007741889,0.1720440826858391
C[C@@H](NC(=O)CNC(=O)n1cnc2c(c1=O)CCCC2)N1CCc2[nH]c(=O)ccc2C1,7.8,0.6256276659279969,0.701536523887637,0.17117125662119448
CC=CN/C=N/C(=O)NC(=S)NC(=O)NC(=O)NCS(=O)(=O)CNC(=O)c1ccccc1O,6.9,0.14776631373923246,0.6941359522207217,0.03538661925826717
CC(=O)NCC1=CC=CC(=O)C1CNC(=S)N(C)C(=O)OC(C)C,6.9,0.7212779564435694,0.6804066175314367,0.16931299165209585
CC(=O)c1ccc(C(=O)NC2=CC=C(n3cnc(C)cc3=O)C2I)c(C(=O)N2CCCC2)c1,8.4,0.34576107516101795,0.7156222999706703,0.10392242105576499
CC1=C(C2(c3cccc(C)c3)CCC2)C=CC1c1cc1=O,6.6,0.8155164272368048,0.7289495718716399,0.19617521566122423
CCC(=O)Nc1nc(-c2ccc(NC(=O)NC(=O)NCc3c(C)noc3C)c[nH]c(=O)n(C)n2)cs1,8.7,0.3304175270338504,0.7270566124361147,0.10450102783421608
CC1(C)COCCN1n1nc2c(c1CCN1CCc3ccccc3C1)CCCC2,7.9,0.7979373711712028,0.7540185481869328,0.2376555333710702
O=C(NCS(=O)(=O)C(=O)Nc1ccccn1)c1ncnc2c1CCC2,7.4,0.818957189620684,0.7764805476115275,0.2352846010148145
COC1=Cc2c(nn(C)c2-c2cc3c(c4[nH]c(=O)ccc24)CCN(c2ccccc2)C3)C1,9.4,0.5393278120573157,0.7492806776439033,0.18993071699053937
Cc1cnc(OC(=O)[C@H](Nc2ccccc2NC(=O)C(C)C)c2ccc(F)c(O)c2)c(Cl)c1,8.5,0.40721998784329516,0.7592736837039938,0.1314063536052616
CCC(=O)Nc1nc(-c2ccc(-c3cccc(CCNC(=O)c4ccccc4)c3)c(C)c2)c(C)s1,8.8,0.3039602164018878,0.8601522665276816,0.1150389103918245
Cc1noc(C)c1CNC(=O)NC(=O)N1C=CC(CNC(=O)N2CCCC2)=CC1,7.9,0.7090058795310482,0.7650620798059592,0.21426123755152746
CS(=O)(=O)N1CCC[C@H](Nc2ccc(Cl)c(N3C(=O)CCCc4sccc43)c2)C1,6.9,0.7512484888855555,0.7617238815987427,0.19742415067468788
C[C@H](NC(=O)N1CCOCC1)S(=O)(=O)Nc1cc(Br)cc(-n2nc(C(N)=O)ccc2=O)c1,9.2,0.4816517946365759,0.7353033074560318,0.1629136725136675
CC(=O)NCc1cccnc1NCS(=O)(=O)c1ccc(C(=O)N2CCCC[C@H]2C(N)=S)cc1,7.5,0.4783366453784723,0.7654294906061218,0.13729986555385693
CC1=NNC(=O)/C1=N\N[C@H]1CCN(c2nnc(C)s2)C1,7.1,0.7574507460763925,0.6792586324881841,0.1826492600747368
C[C@@H](CON1CCc2[nH]c(=O)ccc2C1)NC(=O)NC(=O)NCCC(=O)[O-],7.2,0.43480938327691104,0.6756300732833681,0.10575730637556317
CC1CCN(C(=O)NCN2C(=O)C2Cn2nc(C(N)=O)ccc2=O)CC1,6.7,0.6456909061777224,0.7337288608121432,0.15871028776389112
CCNc1n[nH+]c(N2C(=O)[C@@H](C3(C)CCN(CNC(=O)[C@@H]4CNC(=O)C4)CC3)N[C@H]2C)c(C)c1C,8.0,0.4223955575240287,0.5502494336033162,0.09296916651366152
Cc1cnc(C(=O)NN=C2CCC([C@@H](C)C(N)=O)CC2)nc1C,7.2,0.8195090050604777,0.7186755814477649,0.21202599985686651
Cc1cc(C)cc(C2(c3ccc(CCC(=O)NC4=NCCS4)cc3C)CC2)c1,7.9,0.7907015194256074,0.8014602457677642,0.2503177544646778
Cc1ccc2[nH]c(-c3ccc(N4CCc5[nH]c(=O)ccc5C4)cc3)cc2c1,8.1,0.5600741159119563,0.8333030658003193,0.1890181485352588
CCC(=O)Nc1nc(OCC(=O)NS(=O)(=O)N=C(N)SC=C(C)O)cs1,6.6,0.2664423947442178,0.7081592386554418,0.062265602324507334
CC(C)c1ccc(-c2ncc(Oc3cc(F)c(N)cc3F)cc2Cl)cc1,8.4,0.5546343338808959,0.849522791768995,0.19789329324636298
CCNC(=O)N(C)[C@H](C)C1(c2cccc(C)c2)CCC1,5.8,0.8955993472866292,0.7665389293842705,0.1990884117996398
Cc1cnc(O[C@@H](Cc2ccc(F)cc2)C(=O)NC2CC2)nc1C,7.6,0.8842904071678283,0.7878862422444103,0.2647536934633711
CCNc1n[nH+]c(S(=O)(=O)CNC(=O)NC(=O)N[C@H](C)CC=O)c(C)c1C,6.6,0.43338527966697993,0.6351228425141372,0.09083345393953927
COc1ncc(-c2cccc(Oc3ncc(C(N)=O)cc3Cl)c2)c(C)n1,7.9,0.7382842555340254,0.8340466238729641,0.24322657886075388
Cc1noc(C)c1CNC(=O)NC(=O)CC(=O)N(C)[C@H]1CCSC(=O)N1,7.4,0.6352816275790295,0.7018086248665552,0.16496306641806352
CC(C)=C(NC(=O)n1cnc2c(c1=O)CCCC2)C(=O)Nc1ccc(-c2ccccc2)cc1,9.3,0.5900457138452729,0.8022336463469265,0.22010985390620286
N#Cc1c(NC(=O)c2ccc(=O)[nH]n2)cccc1N1CCc2[nH]c(=O)ccc2C1,7.9,0.6158941208451492,0.7959825300873852,0.19364517942762569
C[C@H](CC=O)C(=O)N1C(=N)SC(=CCNC(=O)N2CCCC2)C1=O,0.0,0.5649494180503567,0.6874373503402944,0.0
CC(=O)N=Cc1ccc(C(=O)Nc2cccc(C)c2)cc1,6.1,0.8775496681280321,0.8905978767388854,0.2383708807061604
C[C@@H]1c2cccc(-c3cccc(Cc4c5c(nn4C)CCCC5)c3)c2O[C@@H]1C,7.7,0.6119094283136408,0.7250376771223962,0.170808095347819
Cn1nc2c(c1CCN1CC=C(C(=O)N3CCOCC3(C)C)C1)CCCC2,7.4,0.8076016580322855,0.7339846500388657,0.21932387152640484
COc1ncc(C2=CC=C(c3c4c(nn3C)CCCC4)C2)c(C)n1,7.3,0.8700453912693866,0.7476258608721608,0.23742097864565534
C[C@@H]1c2cccc([C@@H](NC(=O)CC(=O)NC3CC3)C3CCC3)c2O[C@@H]1C,7.7,0.7693691412619665,0.7045056563510178,0.20867959105877756
CC1=C(C2=NCC(=O)N2C(=O)c2ccc(=O)[nH]n2)C=C(c2ncc(C)c(C(=O)NC3=NCCS3)n2)C1,8.1,0.5799159925907743,0.6833646449515385,0.16049910498329795
Cc1noc(C)c1CNC(=O)c1nc(N2C(=O)CCCc3sccc32)n[nH]c1=O,8.1,0.6641641880939639,0.7713838434082106,0.2074918372467363
CCNc1n[nH+]c(S(=O)(=O)c2cccc(-n3cnc(C)cc3=O)c2)c(C)c1C,7.2,0.6973534948523739,0.7275780494830363,0.18265647441055274
CCCN(CC(=O)COC(=O)NNC(=O)[C@H](C)NC(=O)N1CCOCC1)C(C)=O,6.0,0.4310480682934145,0.7563627254964318,0.09780860752631372
Cc1cc(C)nc(NC(=O)[C@@H](OC(=O)c2ccc(=O)[nH]n2)C(=O)NC2CC2)n1,7.8,0.44791382624043097,0.7466371710292371,0.1304273537147243
CCNc1n[nH+]c([C@H]2CNCc3ccccc32)c(C)c1C,6.9,0.9075436620806904,0.6702037009609413,0.209842496782993
NC(=O)c1ccc(=O)n(CN2CCC(C(=O)N3CCCC[C@H]3C(N)=S)CC2)n1,7.7,0.641470248021511,0.7740616081305972,0.1911669343243136
CC(=O)NCc1cccnc1-c1c(C)cc(-c2ccnc(C3CCCC3)n2)nc1C,7.9,0.6801898738501769,0.8044571488172036,0.21613752459587948
CC(=O)NCc1cccnc1-c1ccc(Sn2cnc(C)cc2=O)cc1,8.0,0.7513090616421414,0.8033525561487593,0.24142642205117604
O=C(Cc1cccc(F)c1)Nc1ccc(-c2ccnc(C3CCCC3)n2)cc1,7.8,0.6731943880404208,0.8746718946622474,0.22964144223668972
Cc1noc(C(=O)C(=O)NC2=NCCS2)c1CC(=O)CC(=O)NCC1CCC1,7.2,0.37085127308435506,0.7550395956291979,0.10080266229654647
C[C@@H]1CCCN(C(=O)CN(C(=O)C(=O)NC(=O)N2CCc3[nH]c(=O)ccc3C2)c2ccc3c(c2)CNC3=O)C1,8.8,0.488088152300487,0.6992183301396775,0.15016328043750315
COC[C@@H](C)[C@H](C)CC(=O)NC(=O)C1CCC(=NNC(=O)CC2CCN(C(C)=O)CC2)CC1,0.0,0.5076966729353422,0.7014601510343962,0.0
CC(=O)N1CCC(CC(=O)NNC(=O)OCOC=O)CC1,6.5,0.30678653790950317,0.8105128072788305,0.08081268587482505
C[C@H](NC(=O)N1CCOCC1)[C@H](O[C@]1(CCCCCC=O)C(=O)NC(=O)N1C)C(=O)NC1CC1,0.0,0.20362755713302566,0.6393275140691181,0.0
Cc1nnc(N2CC[C@H](c3ccc(N4CCc5[nH]c(=O)ccc5C4)c(I)c3)C2)s1,7.5,0.535277393403973,0.7303636296555638,0.14660517746966056
C=C(CC)C(=O)NCCN1C(=O)CN=C1c1ccc2c(c1)CNC2=O,7.1,0.7431816239072713,0.7605187026958798,0.2006472511908882
COc1ccc(C2(c3cc(C)cc(C)c3)CC2)cc1C1=C(N)N(n2cnc3c(c2=O)CCCC3)C(=O)C[C@@H]1C,7.9,0.5243954199981313,0.6809880536271992,0.1410572714762403
Cc1cc(=O)n(N2CCCC[C@H]2C(=O)N2CCCC[C@H]2C(N)=S)cn1,7.3,0.79645102741497,0.7040356525192285,0.20466642035678353
CC1=CS(=O)(=O)NC1=NN[C@H]1CCCN(S(C)(=O)=O)C1,6.8,0.6581373652511339,0.6520959094412506,0.14591735246844026
CC[C@@H](NNC(=O)[C@H](O)[C@@H](C)C1(c2cccc(C)c2)CCC1)C(=O)NCCC(=O)N(C)Cc1ccc(Cl)cc1,6.9,0.2815966695414696,0.6817083915870982,0.06622855037094261
Cc1cccc(NC(=O)Cc2cccc(F)c2)c(CCCNC(=O)c2ccccc2O)cc(C)nc1,8.5,0.38050193201936144,0.8066935143968988,0.13045308732959116
COc1cn(C)c(-c2ccc(-c3ccccn3)cc2)cc1=O,6.8,0.7447114044767109,0.8665750604346828,0.21941843231587307
Cc1ccc(C(=O)NC(=O)CN[C@@H](C(=O)N2CCCCC2)[C@H](C)NC(=O)N2CCOCC2)s1,0.0,0.5300078282412799,0.7314335810782978,0.0
CC(=O)N=Cc1ccc(-c2ccc(C(=O)Nc3cccc(C)c3)cc2)cc1,6.6,0.6774207629518257,0.8861049297591452,0.19808773959902864
CC(=O)N1CCC(Cc2ccc(CC(=O)N3CCOCC3(C)n3cnc4c(c3=O)CCCC4)cc2)CC1,7.8,0.6226967352409659,0.717633057457441,0.174278427172099
NC(=O)c1ccc(=O)n(N2CCc3[nH]c(=O)ccc3C2)n1,8.7,0.7141441146350131,0.7515850996854304,0.23348193288065808
O=C(CCc1cc(N2CCc3[nH]c(=O)ccc3C2)ccc1F)NC1=NCCS1,8.5,0.8251857650837552,0.7885786488836357,0.2765576471757967
CC1CCN(C(=O)NCc2nc(O)cc(-c3ccc(/C=N/NC(=O)C(F)(F)C(F)(F)F)cc3)n2)CC1,7.5,0.31005863644029313,0.7786664594768824,0.09053709775019736
C[C@H]([C@@H](O)C(=O)NC(=O)Nc1ccccn1)[C@](C)(N)C(=O)NC(=O)NC=O,0.0,0.3184054169967825,0.6614757064290804,0.0
C[C@@H](O)C1CCN(C(=O)c2cc(O)nc(-c3ccc(C(C)(C)NCC(C)(C)C)cc3)n2)CC1,7.0,0.6112697457408501,0.7330241580160065,0.15682642174232075
COc1ccc(C2=C(O)C(=O)N[C@H]2c2ccc(F)c(O)c2)c(F)c1F,8.4,0.7944580303189868,0.7553333575323197,0.25203387361292856
C[C@H]1CC(=O)Nc2cc(CCC(=O)NC3=NCCS3)c(NCC(=O)N3CCCCC3)cc2O1,7.9,0.584890514788698,0.7297614409669738,0.1685980652276456
CCNC(=O)[C@H](CCOC)N1CCC(N2CC[NH+](C)CC2)CC1,5.7,0.6182240262313332,0.6689869818422423,0.11787139024209477
NC(=O)c1cnc(Oc2ccc3c(c2)CC(=O)N3)c(Cl)c1,8.0,0.9077279253331485,0.8445704973386245,0.30665609013871004
CC[C@H](NC(=O)[C@@H](CC)ON[C@H](C)C(=O)N(C)C(C)C)c1cc2cc(C)ccc2[nH]1,6.6,0.5166797519443663,0.6597092303651488,0.11248327249515637
CC(=O)NC1CC=C(c2cccc(-c3nnc(N4CC[C@H](N(C)C(=O)NCC5CCC5)C4)s3)c2)C1,8.1,0.6091996172996905,0.6944351504169641,0.17133509928875437
COc1cc(C(=O)NCc2c(C)noc2C)ccc1C(=O)Nc1cccc(C(=O)c2ccc(=O)[nH]n2)c1,8.0,0.3112355929330973,0.8252427129252278,0.10273796202840044
COc1ccc(-c2ccc(C3(C(N)=S)CCC3)cc2)c(C)n1,7.0,0.8730389053961671,0.8310722401220263,0.25394543958744603
Cc1nnc(N2CC[C@H](C3=CC(F)=C(Oc4ccc(OCCc5ccc6c(c5)CNC6=O)cc4)C3)C2)s1,8.3,0.44576807119997197,0.6999558387292787,0.12948745512453633
Cc1cccc(C2(NC(=O)c3cccc(-n4nc(C(=O)Br)ccc4=O)c3)CCC2)c1,8.3,0.5791029929288726,0.8149375006359274,0.19585208945231983
CN(C(=O)NCC1CCC1)c1cc2cc(-c3cc4c(n3C)CCNC4)ccc2[nH]1,7.8,0.6339249320572472,0.7631710379650496,0.18867932787212063
Cc1cc(C)cc(C2(c3ccc(OCNC(=O)N4CCCC4)cc3)CC2)c1,7.6,0.7924286162391189,0.832725309379525,0.25075263855518554
Cc1c(NC(=O)c2ccc(F)cc2Cl)nc(-c2ccc3c(c2)CNC3=O)c(I)c1C,9.3,0.4497822731502403,0.7989287116337651,0.1670949469816869
Cc1nnc(N2CC[C@H](c3ccc(OOc4cc(F)c(N)cc4F)o3)C2)s1,8.0,0.40135806574418964,0.6941782371195317,0.11144561381280269
CCNc1n[nH+]c(CNC(=O)[C@H](C)C(C)C)c(C)c1C,7.3,0.8348043822581322,0.6586573135158622,0.20069525428123475
CC(=O)NCc1cccnc1-c1cccc(N=C(O)C(=O)NCC2=CN(c3nnc(C)s3)ON=C2C)c1,8.4,0.3173143660453505,0.7036446374109983,0.09377615185733822
CC(=O)N(C=O)[C@H](c1ccc(Cl)cc1)[C@@H]1NC(=O)C(O)=C1C(=O)c1ccc(C(=O)N2CC(Br)C[C@@H](C)C2)cn1,7.3,0.27656680158177327,0.607420869815909,0.061317243220336694
CN(C(=O)Nc1nncs1)C(=O)C1=[NH+]N(N2C(=O)CCCc3sccc32)CC1,6.6,0.7237997841257479,0.6738809565759435,0.16095911399571972
N=C1S/C(=C/C=O)C(=O)N1NC(=O)c1ccc(Br)c(F)c1,6.1,0.6258188854931354,0.7715548473923771,0.14727034638103667
CC1(C)COCCN1C(=O)S(=O)(=O)NS(=O)(=O)S(=O)(=O)NC(=N)SC(=S)n1ccnc1,6.8,0.18522696533952768,0.6473620024973781,0.04076902572756108
NC(=O)c1cnc(COC(=O)NNC(=O)NC(=O)C[SH](=O)=O)c(Cl)c1,7.2,0.29223389193946964,0.7416914368274199,0.0780290550728115
Cc1cc(C)cc(C2(c3ccc(C(=O)N4CCOCC4(C)C)c(Cl)c3)CC2)c1,7.3,0.7039372609802451,0.8050244031293899,0.2068406357768232
COc1ccc2c(c1)[C@H](C)CC(=O)N2C(=O)N[C@@H](C(=O)N1CCOCC1(C)C)C1CCC1,7.8,0.7728047164414011,0.6973287780908222,0.2101705977613736
Cc1cc(CONC(=O)c2ccc(F)cc2Cl)cc(Pc2cc3cc(C)ccc3[nH]2)c1,9.1,0.31559466659998237,0.7195814539575671,0.10332871141923737
O=C1CCCc2sccc2N1c1cc(-c2ncnc3c2CCC3)nc(N2CCCCC2)n1,8.8,0.5907096478496197,0.771317287282143,0.20047480778633384
Cc1noc(C)c1CNC(=O)CCC(=O)NCS(=O)(=O)C(=O)Nc1ccccn1,7.1,0.5618273847286177,0.7949367608566161,0.15854912068873248
C[C@@H]1c2cccc(-c3[nH]c(N4CCOCC4(C)N4CCc5ccccc5C4)cc3O)c2O[C@@H]1C,9.2,0.5844723320730324,0.6232940226365385,0.1675771310496772
Nc1cc(F)c(O[C@H]2CCCN(CCC(=O)NC3=NCCS3)C2)cc1F,7.7,0.7593744856614683,0.7535945110777934,0.22032027103509694
CC(=O)c1cc(-c2ncc(C)c(C)n2)cc([N+](=O)[O-])c1Cn1nc(C(N)=O)ccc1=O,7.1,0.355136131985589,0.7867596617486957,0.09918940799188136
C[C@@H](O)C1CCN(C(=O)[C@@H]2CCCCN2NCC(=O)N2CCCCC2)CC1,6.3,0.7435534078911036,0.7289172442178588,0.1707265038177659
Cc1ccc2[nH]c(C(=O)c3ccc(C(=O)c4ccc(=O)[nH]n4)cc3)cc2c1,9.1,0.5488651500852036,0.8431267079809237,0.21055710453814094
COc1ccc(N(C(=O)CNC(=O)c2ccccc2)[C@@H](C)NC(=O)OCC2CCN(C(C)=O)CC2)c(O)c1,8.1,0.42703470385552067,0.7557661672232768,0.13070904446870663
Cc1cnn(-c2ccc(-c3ccc(CCOc4cc(F)c(N)cc4F)cc3)o2)c1,7.8,0.47063386347436253,0.8155725208195447,0.14969605810256265
NC(=O)c1cnc(Oc2cccc(NC(=O)c3cc([N+](=O)[O-])ccc3-c3ccnc(C4CCCC4)n3)c2)c(Cl)c1,9.1,0.1991509682841636,0.801415084834906,0.07261917851479502
CC(=O)NCc1cccnc1C(=O)N[C@@H](c1c(C)cccc1C(C)=O)C1CCC1,7.6,0.7049175399990382,0.7681973384467727,0.20577599565964885
COc1cccc(Nc2ccc(-n3ccccc3=O)c(I)c2)c1,7.3,0.6466130531923007,0.8663603826454869,0.20447297524834557
COc1cc(C(=O)NCC2=CCN=C2C)ccc1C(=O)Nc1cccc(C)c1,7.4,0.80981173715077,0.832768911785291,0.24952283446626108
CN(C(=O)C1CCC1)C(=S)CNC(=O)c1ccc2ncsc2c1,6.8,0.863824919514731,0.8048759493704287,0.23639244674264606
CC1=C(CNC(=O)NC(=O)N2C=CC(CNC(=O)N3CCCC3)=CC2)CC=NO1,7.8,0.66299872751834,0.6989063484377095,0.18071586767078945
Nc1cc(F)c(NC(=O)NC(=O)N2CCc3[nH]c(=O)ccc3C2)cc1F,7.7,0.5743946774531609,0.8039195866407898,0.1777803456917237
NC(=O)CCNC(=O)C(=O)Nc1ccc(NC(=O)c2ccc(Br)c(F)c2)cc1,7.0,0.4990143187186762,0.8827570704620573,0.15417794633875126
CS(=O)(=O)N1CCC[C@H](NOc2ccc(-c3ccc(F)cc3Cl)cc2)C1,6.7,0.7835148890384829,0.7876445381332999,0.20673895967058867
CCNc1n[nH+]c(N2C(=O)Cc3ccccc32)c(C)c1C,6.5,0.9387884322511616,0.7317840566606585,0.22327188237212783
Cc1noc(C)c1CNC(=O)c1ccc(Oc2ccc(N3CCC(C)CC3)cc2)cc1,7.2,0.5909970188632243,0.8688930773967181,0.18486475864284715
CCC(=O)Nc1nc(C2=CC=CC=C[C@](O)(NC(=O)c3ccc(C(N)=O)cn3)C(=O)N2)c(C)s1,7.9,0.38130434442841626,0.6388813602229643,0.09622525409980413
CNC(=O)N[C@H](Oc1cc(F)c(N)cc1F)C1CCC1,7.2,0.5845861844578825,0.738205596050937,0.1553561253867147
CCC(=O)Nc1nc(C(=O)NC(C(N)=O)=C(C)C)c(C)s1,6.6,0.7111957789832929,0.7931240732542345,0.18614194272578768
Cc1cc(CNC(=O)[C@@H]2CNC(=O)C2)c(C(=O)C(C)C)c(C(=O)c2ccc(=O)[nH]n2)n1,7.5,0.5395806933633682,0.7104308410410718,0.14375053717337338
CN(C[C@@H](Cc1cccnn1)SOS)S(=O)(=O)C(F)(F)F,5.7,0.5870190017393369,0.6501127302649706,0.10876412989238068
CC1CCN(C(=O)NCCCN2C(=O)N[C@H](c3ccccc3NC(=O)CCl)C2=O)CC1,7.3,0.336636528015367,0.770814514000972,0.094711777434056
Cc1cc(=O)n(-c2ccc(NC(=O)NC3CCCC3)cc2S(=O)(=O)N2CC[NH+](C)CC2)cn1,7.5,0.5680554960583856,0.7343533109193707,0.15643253786865785
CN(CC(=O)NS(=O)(=O)NS(=O)(=O)C1CC=CC1)C(=O)COCC=O,5.5,0.23588727650496608,0.715368589525468,0.04640524577709945
Cc1cccc(NC(=O)C(=O)NNC(=O)c2ccc(C)cc2Cl)c1,7.5,0.5764761153107432,0.8954475594634247,0.1935765489539853
Cc1cnc(-c2nn(-n3ccncc3=O)c(OC3CCCC3)cc2=O)nc1C,7.1,0.6753699524351016,0.7301924950374818,0.17506827507788594
CCNc1n[nH+]c(CN(C=O)CC(C)(C)C)c(C)c1C,6.0,0.8096946181276193,0.6575829732261408,0.1597324183180694
CC1=NNC(=O)/C1=N\NCNC(=O)c1ccccc1O,7.5,0.3375994131889055,0.7643864928197546,0.096771161784553
Cc1cc(=O)n(N/N=C2\C(=N)N(C)N=C2[C@@H]2NC(=O)CS2)cn1,8.9,0.6033023541100867,0.6165314308067393,0.16551991429691182
CC(=O)NC1(c2c3c(nn2C)CCCC3)CCNCC1,5.9,0.8474820650683682,0.7559385508494444,0.1889900874209097
CC1CCN(C(=O)NCc2ccc(C(=O)N3N(C)C(=O)NS3(=O)=O)cc2)CC1,8.0,0.7682729201104486,0.7904681593731462,0.2429181124223754
Cc1cccc(NC(=O)C2=Cc3c(cc(CNC(=O)c4ccccc4O)n3C)C2)c1,8.5,0.6114239222289495,0.8111444538787632,0.21078007748104538
Cn1nc2c(c1CCN1CCc3c(nc(C4CCCC4)nc3-c3nc4ccccc4s3)C1)CCCC2,10.0,0.35720608866959186,0.7617938382248222,0.13605869866244227
CCC(=O)Nc1nc([C@@H](NC(=O)N(C)c2cccc([N+](=O)[O-])c2)C2CCC2)cs1,8.0,0.5196767524654944,0.7596661846006189,0.15791234230844095
Cc1cnc([C@H](OC(=O)C(=O)N2CCN(C(=O)[C@@H]3CCCO3)CC2)C(=O)NC2CC2)nc1C,7.1,0.4734214295371411,0.7022376915540772,0.11802130199268958
CNC(=O)N[C@@H](C1CCC1)[C@H]1CCN(c2nnc(C)s2)C1,0.0,0.8891282043201519,0.7191779183856649,0.0
COc1ccc(N(COc2cc(F)c(N)cc2F)C(=O)Nc2nncs2)cc1,7.6,0.4790837819192919,0.8070433032166444,0.14692371599351378
COc1ncc(N=C(C)NC(=O)c2ccc(F)cc2Cl)c(C)n1,6.5,0.6900044839194945,0.7930755563606606,0.1778483492421362
CC1(O)COCCN1C(=O)c1c(Oc2ncc(C(N)=O)cc2Cl)ccc2c1C=C1C(=O)N1CCN=C2,8.8,0.5897295960089058,0.6010441271930649,0.15595954453776031
CC1=C(C)C(C)C(C)=C1CNC(=O)NC(=O)N1CCc2[nH]c(=O)ccc2C1,8.0,0.7462854582598255,0.7044029880442826,0.21027428269288712
Nc1cc(F)c(Oc2ccc(OCCC3=CC=CC3F)cc2)cc1F,7.9,0.7527303141979007,0.7509660737390624,0.2232835968118395
COc1cc2cc(C(=O)N3CCCC3)c(C)cc2c(=O)o1,7.2,0.8503539909302708,0.8376075247180251,0.2564146445317913
Cc1cc(=O)n(-c2ccc(CNC(=O)N3CCCC3)cc2-n2ccccc2=O)cn1,8.0,0.7190107501187799,0.8184052704629996,0.23537687496670573
Cc1noc(C(=O)NC2C=CC=C2CNC(=O)N2CCCC2)c1CNC(=O)c1ccc2c(c1)CC=N2,8.1,0.5517738754931238,0.6850784053355229,0.1530933885250954
CCOCCCN(c1ccc(C(C)(C)C)cc1)[C@H](CC)NC(=O)[C@@H](CC)OC(=O)c1ccc(=O)[nH]n1,6.8,0.24434497210493764,0.6951458624026842,0.05775083476159987
COc1ncc(-c2ccc(NC(=O)c3ccc(Br)c(F)c3)cc2)c(C)n1,7.1,0.674702321473923,0.8680527355694867,0.20791540452693533
CCC(=O)Nc1nc([C@@H]2CC(C(=O)[O-])[NH+](N3C(=O)CCCc4sccc43)C2)cs1,7.7,0.70532118164004,0.5731888728849595,0.1556486674535648
CC(CNC(=O)c1ccccc1O)Oc1c2c(nn1C)CCCC2,7.6,0.8815828581299933,0.7755590355178622,0.25981342944854363
CC1=C(CNC(=O)[C@@H]2CNC(=O)C2)S(=O)(=O)N/C1=N\N1CC[NH2+]CC1,7.4,0.40907424037748086,0.554460241824498,0.08392169883023223
Cc1ccc(Oc2cccc(-n3cnc4c(c3=O)CCCC4)c2)c(-c2ccnc(C3CCCC3)n2)c1,7.8,0.3353532506210865,0.8014786407966111,0.10482360232286035
CCC(=O)Nc1nc(C(=O)CNC(=O)CCC(=O)N[C@@H](C#N)C(C)C)cs1,5.7,0.5106724770370047,0.7580588277617664,0.11032913710416778
CC1CCN(C(=O)NCc2nc3ccc(NCCS(C)(=O)=O)cc3s2)CC1,7.3,0.7639722523092547,0.8346215867863287,0.23273412272132263
COS(=O)(=O)c1ccccc1S(=O)(=O)NS(=O)(=O)OCC(=O)N1CCC[C@@H](C)C1,6.2,0.5096601551305197,0.7350280139891789,0.11613049240685085
CCCn1nc(-c2cc([N+](=O)[O-])c([C@H](C)NC(=O)N3CCOCC3)ccncnc2C(N)=O)nc1C,7.1,0.4223214090811643,0.676369843872425,0.10140414026109441
Cc1cccc(C2(N3C(=O)Cc4cc(C(=O)Nc5ccc(Cl)cc5)ccc43)CCC2)c1,7.9,0.5623478264465136,0.8375650896541236,0.1860461485314179
CNC(=O)NCCN(C)C(=O)N(C)C(=O)CC(=O)NOCC(=O)N1CCC[C@@H](C)C1,6.4,0.3388234737811572,0.7232621831643559,0.078418625713373
CO[C@@H]1C(=O)N(CC(C)(C)C)S(=O)(=O)CC=CC=C(F)C=C1S(=O)(=O)NS(=O)(=O)CNC(=O)N1CCC(C)CC1,7.1,0.4189447971298438,0.5669098275944723,0.08431389256293072
CCCN(C=O)C(=O)C(=O)c1cc2c(n1C)CCN(NC(=O)NC1CCCC1)C2,7.3,0.40335990746543887,0.7328746478461697,0.10789847130073395
O=C(Nc1ccc(CNC(=O)N2CCCC2)cc1)NC1CCCC1,7.1,0.7936460963840353,0.9010194808753459,0.2538571607857543
CC1(C)COCCN1C(=O)C=Cc1nccc(N2CCC[C@H]2NC(=O)c2ccc(Br)c(F)c2)n1,8.2,0.5947286389060997,0.7026197617653771,0.1713259187791328
CCNc1n[nH+]c(C(=O)c2ccc(-c3c4c(nn3C)CC(OC)=C4)cc2)c(C)c1C,7.4,0.6384566003760748,0.6886058156542425,0.16266862338286664
CC1CCN(C(=O)c2cc(=O)cnn2NC(=O)Cc2cccc(F)c2)CC1,8.2,0.8829340383787502,0.8052278620899725,0.29149486611697656
COc1cn(C)c(NCC[C@@H](O)[C@@]2(CCC(=N)O)CCC(=O)NC2)cc1=O,0.0,0.3169755592993469,0.628242170642785,0.0
CC1CCN(C(=O)NCc2cccc(NC(=O)NC3CCN(N[C@H]4CCCN(S(C)(=O)=O)C4)CC3)c2)CC1,8.0,0.41300239417963275,0.7469150356853529,0.12339107919472664
Cc1cc(=O)n(-c2cccc(C#Cc3ccc(Cl)c(CNC(=O)N4CCC(C)CC4)c3)c2)cn1,8.1,0.5667211077139636,0.8097338481323972,0.1858517716636684
Cc1cc(C)cc(C2(n3nc(C)cc3N(C)C(=O)NC(=O)NC3CCCC3)CC2)c1,8.0,0.7963469160019079,0.7658912695577688,0.24396606020204603
COc1ccc(Sc2ccc(C#Cc3ccccc3)cc2Cl)cc1,6.6,0.5437277352731803,0.8771027775786426,0.1573786852620349
O=C(CCc1ccccc1)NC(=O)c1ccc(F)cc1Cl,6.9,0.9411096302692469,0.9221029614846482,0.29939099211778325
COc1cc(CNC(=O)c2ccccc2O)cc(Nc2ccc(N3C(=O)CCCc4sccc43)cc2)c1C,8.9,0.2571231110739622,0.8154166654843072,0.09329979908364222
CN(Cc1ccc(S(N)(=O)=O)cc1)C(=O)c1ccoc1,7.3,0.9163947490762482,0.8743547795330416,0.292457757009737
Cc1onc(-c2cccc(-c3c4c(nn3C)CCCC4)c2)c1CNC(=O)c1ccc2c(c1)SOC=N2,8.7,0.36159407346625705,0.7362572198276429,0.11580841754784219
O=C(NC1CC1)[C@H](OCn1ncccc1=O)n1nc2c(c1-c1cccc(-c3ccc(F)c(O)c3)c1)CCCC2,9.4,0.3576761205905855,0.7057732776921248,0.11864597655126799
COc1ncc(-c2cccc(-n3nc(C)ccc3=O)c2)c(C)n1,7.6,0.7423790640392169,0.8440313598733873,0.23810466016577003
Cc1cccc(C2(NC(=O)NOC3=CC=C(CNC(=O)N4CCCC4)C3)CCC2)c1,8.6,0.6265729767439178,0.7546850557939478,0.2033320626225743
CS(=O)(=O)N1CCC[C@H](Nc2cccc(C3CC=CC3)c2)C1,6.2,0.8678458429309713,0.7819772833239848,0.2103770777257441
Cc1c(NC(=O)c2ccc(C(=O)N3CCCC[C@H]3C(N)=S)c(F)c2)cccc1-c1ccc(F)c(O)c1,7.6,0.41221030411251186,0.7813775355130377,0.12239491118539543
CCNc1n[nH+]c(-c2ccc(C(=O)NCC(=O)NCCNC(=O)c3ccccc3O)cc2)c(C)c1C,8.0,0.2722990144896355,0.7736180177096289,0.08426216952550293
CC[C@@H](CNC(=O)c1ccccc1O)NC(=O)[C@H](O)CC,6.8,0.5972249438523769,0.7807980011871928,0.15854609442248355
CCCn1nc(-c2ccc(C3(c4cc(C)cc(C)c4)CC3)cc2)nc1C,7.2,0.6230144298977749,0.8285827671817102,0.1858388473147802
Cc1nnc(N2CC[C@H](n3c(=O)c(C)c([O-])n(CCC(=O)NC4=NCCS4)c3=O)C2)s1,8.1,0.6316626421443858,0.6821223831433237,0.17450284685486545
CC(C)c1ccc([C@H](C)NC(=O)CCCC(=O)NCC(=O)CCC(=O)NC2=NCCS2)cc1,7.1,0.43069049441930707,0.7684853434489312,0.11749766304602396
Cc1cnn(-c2ccc([C@H]3CC[C@@H](C(=O)NC4=NCCS4)O3)o2)c1,7.1,0.9213915501282584,0.6480759911382551,0.21198176843690342
CCNc1n[nH+]c(NC(=O)CCc2ncc(C)c(C)n2)c(C)c1C,6.9,0.8442459217653319,0.7149981422140073,0.20825382164371775
O=C(Cc1cccc(F)c1)Nn1c(=O)c(=O)n(CNC(=O)N2CCCC2)c2ccccc12,8.3,0.5861416901216503,0.8104886126369502,0.19715038357268
CC1(C)COCCN1C(=O)c1nn(S(C)(=O)=O)c(N)c1C#N,5.8,0.7664694045845732,0.746402061403063,0.16590735963944808
COc1ncc(OCCNC(=O)c2ccc(-c3ccccc3NC(=O)CCl)cc2)c(C)n1,7.5,0.3790005406587528,0.8477660428989958,0.12048892072906907
COc1ncc(OCCN(C)C(=O)NC2=CC=C(F)C2)c(C)n1,6.4,0.866141418083006,0.7528059974473518,0.20865166533454113
COc1ncc(C(=O)N(C)c2cccc(C(=O)Nc3cccc(C)c3)c2)c(C)n1,7.3,0.7191031694643841,0.8578900324615542,0.22517267610917754
CC1CCN(C(=O)NCC2=CC(Oc3cc(F)c(N)cc3F)C(=O)C=C2)CC1,8.4,0.7733240364774685,0.7204109177952913,0.23398665312619485
Cc1cnc(N=C(O)[C@@H]2CCCCN2C(=N)c2cc(N[C@H]3CCCN(S(C)(=O)=O)C3)cc(C(C)C)c2)nc1C,8.9,0.3376321386524068,0.6577235184641855,0.09882052619056671
Cc1c(CNC(=O)N2CCC(C)CC2)c(N[C@H]2CCCN(S(C)(=O)=O)C2)c(C)n1C,7.8,0.7377112134874616,0.7476535550866221,0.21510544044255503
COCC[C@@]1(CN(C(=O)Nc2ccccn2)C(=O)Nc2nncs2)CCCN(C=O)C1,7.4,0.5938394653783281,0.6843672872254228,0.15036959246829387
CCNc1n[nH+]c(-c2ccc(C(=O)Oc3ccc(OC)c(Cn4nc(C(N)=O)ccc4=O)c3)cc2)c(C)c1C,6.7,0.24781210310820598,0.7481060063828432,0.06210555713452048
Cc1ccc(N2C(=O)CCCc3sccc32)cc1CNC(=O)N1CCC(C)CC1,7.7,0.7727432301788408,0.824841102839934,0.2453952956042311
CCCCCc1nccc(N2CCC[C@H]2NC(=O)c2ccc(-c3c4c(nn3C)CC(OC)=C4)c(F)c2)n1,7.6,0.42726683074325783,0.6886496031758732,0.11181011070779186
CC1CCN(C(=O)NCc2ccc(C(=O)NC(=O)Cc3cccc(F)c3)cc2)CC1,8.3,0.7927357896667165,0.8795560375891702,0.28936105325596734
O=C(NC1CCC1)c1ccc(-n2cnc3c(c2=O)CCCC3)cc1,7.0,0.9431354513411575,0.859583497438493,0.2837462844377223
CCC(=O)Nc1nc(-c2ccc(-c3ncc(C)c(C)n3)cc2Cl)cs1,7.1,0.7077815339188495,0.8469118895090667,0.21279715166904764
O=C(NC(=O)c1ccc(-n2cnc3c(c2=O)CCCC3)cc1)C1=CCC=C1Cl,8.2,0.8101116546143502,0.7832942258067125,0.26016787034043837
COc1cccnc1C(=O)NS(=O)(=O)NC(=O)N1CCOCC1(C)C,7.4,0.7544758885921665,0.784769646458,0.21907321725007714
CO[C@@H](NC=O)C(=O)CN/N=C1\C(=N)N(C)N=C1c1ccc2c(c1)CNC2=O,8.2,0.2506661420079794,0.6418264996493348,0.06596251072728963
CC(=O)NCc1ccc2[nH]c(-c3ccc(NS(=O)(=O)Oc4cc(F)c(N)cc4F)cc3)cc2c1,8.4,0.29312002238924484,0.8046000495598358,0.09905464150737397
COc1ccc(=O)n(Cc2cccc(C(=O)c3ccc(=O)[nH]n3)c2)n1,7.9,0.6833361483063752,0.8353962572539978,0.22548830199289593
CCC(=O)Nc1nc(N(C)C(=O)c2ccc3ncsc3c2)cs1,7.0,0.7856782618187296,0.8157889930094819,0.22433168731348951
Cn1nc2c(c1[C@@H]1NC(=O)C(O)=C1c1ccc(-c3ccc(F)cc3)cc1)CCCC2,8.7,0.687253166814582,0.7508680976059292,0.22447586790377624
CCNc1n[nH+]c(-c2ccc(Cn3nc(C(N)=O)ccc3=O)c(C(C)C#N)c2)c(C)c1C,7.7,0.584414299658347,0.6527192165469408,0.14686150086755276
CC(C)NS(=O)(=O)NNC(=O)N1C(=O)C[NH+]=C1n1cnc2c(c1=O)CCCC2,8.0,0.3797454530258287,0.6711502772552641,0.10194650643388434
O=C(NC1=NCCS1)c1ccccc1[S@+]([O-])Nn1cnc2c(c1=O)CCCC2,8.7,0.7238442888454316,0.6635227521148183,0.20892491226723167
COc1cc(=O)c(-c2ccc(N(C)C)cc2)nn1NC(=O)c1ccc(F)cc1Cl,7.7,0.6910175256590422,0.8080538762412315,0.21497606521137427
CS(=O)(=O)N1CCC[C@H](Nc2c([N+](=O)[O-])ccc(C(=O)N3CCCC[C@H]3C(N)=S)c2F)C1,6.8,0.35210807104486747,0.7151760472010221,0.0856185478687313
COc1ncc(-c2ccc(CON[C@H]3CCCN(S(C)(=O)=O)C3)cc2)c(C)n1,7.2,0.7020863313883162,0.7609543652274439,0.19233203710912594
CCCn1nc(C(=O)N(C)C(=O)NC(=O)c2ccc(F)cc2Cl)nc1C,7.1,0.8766268941895562,0.8088673705235736,0.2517215862458404
Cc1cnc(-c2ccc(Cl)cc2-n2cnc3c(c2=O)CCCC3)nc1C,7.1,0.6909759953517596,0.807240497936701,0.198013251325272
Cc1cnn(-c2ccc(N(C)C(=O)NCC3CCC3)o2)c1,6.5,0.9405057581777756,0.7690333395811277,0.23506609233468898
CCC(=O)Nc1nc(C2=NC(=N)S/C2=N\NNC(=O)c2ccccc2)cs1,8.3,0.5511559527690693,0.7708365980908137,0.1763132395547544
CCNc1n[nH+]c(-c2ccc(OC)c(NC(=O)NC3CCCC3)c2)c(C)c1C,7.4,0.7086007645275709,0.7643796225934703,0.20040679443484077
COc1ncc(Oc2ccc(-c3ccnc([C@@H](C(=O)N4CCCC4)C4=NC(=O)C=C4)n3)cc2)c(C)n1,8.3,0.5010904335812959,0.7037510384716177,0.14634680889542753
C[C@H](NC(=O)N1CCOCC1)c1cccc(-n2nc(C(=O)C(=O)CNC(=O)[C@@H]3CNC(=O)C3)ccc2=O)c1,7.6,0.30198624909070976,0.6965813190726382,0.07993603229869385
Cc1noc(CC2CCC2)c1CC1(C)C=CN(C(=O)NCc2ccc(NC(=O)Cc3cccc(F)c3)cc2)C1,7.4,0.3588133791355088,0.7123922052735526,0.09457786614428017
Cc1cnc(-c2nn(-n3ccncc3=O)c(S(=O)(=O)[C@H](C)NC(=O)N3CCOCC3)cc2=O)nc1C,8.3,0.4591552323772613,0.6568829201284223,0.1251686603820312
COc1cn(C)c(-c2ccc3c(c2)CC(=O)N3C(=O)NC(=O)CNCc2nccnn2)cc1=O,7.4,0.5213503544181498,0.7450186072521434,0.1437138145274379
Cc1cnc([C@H]2CCCN(C(=O)/C=C3/SC(=N)N(N4C(=O)CCCc5sccc54)C3=O)C2)nc1C,7.6,0.6326650262201439,0.6709789820354762,0.1613118753998032
Cc1cccc(C2(c3cccc(-c4c5c(nn4C)CCCC5)c3)CCC2)c1,7.4,0.5845765134463802,0.81823919293187,0.17697966339063825
CN1C(=O)CC2(CCC2)N(n2c(C(=O)c3ccc(=O)[nH]n3)csc2=O)C1=O,7.4,0.7405443385506604,0.6653491418904366,0.18230659986900605
O=C(C=Nc1ccccc1S(=O)(=O)CNC(=O)N[C@@H]1C=C(c2ccc3c(c2)CNC3=O)CCN1)CCl,8.0,0.30320295133413755,0.6567174962973513,0.07964747322804899
Cc1nnc(N2CC[C@H](S(=O)(=O)c3ccc(NC(=O)c4ccc(Br)c(F)c4)c(C)c3)C2)s1,8.1,0.5182972564773577,0.7715356776139637,0.16195335411759518
CC=C(C=C(C)C)NC(=O)C1=NCC(=O)N1CCOc1cnc(OC)nc1C,6.9,0.6760450557570771,0.7126887387937255,0.16622434586355958
CC1(C)COCCN1C(=O)c1cccc(CNC(=O)c2ccccc2O)c1,8.1,0.8693999479048983,0.8606936515636566,0.30305624141176546
Cn1ccc2c1CCN(C(=O)c1ccc(C(N)=O)cn1)C2,6.8,0.8818132146485774,0.8226210840400587,0.246635368468721
Cc1ccc(NC(=O)c2ccc(F)cc2Cl)c2c1C(=O)CC[C@H]2NCC(=O)N1CCCCC1,8.2,0.6644279618921906,0.7733000609661033,0.21065889520991402
Cc1cccc(NC(=O)c2ccc(-c3ncc(C)c(C)n3)cc2)c1,6.9,0.782380711303733,0.9010634239910539,0.2432162516942048
CCNc1n[nH+]c(-c2ccc(Nc3nc(C)c([O-])nc3C(=O)c3ccc(C(N)=O)cn3)cn2)c(C)c1C,8.8,0.3008701839780607,0.6800869049169551,0.09003186376951104
Cc1cnn(-c2ccc(N(C)C(=O)Nc3nncs3)o2)c1,7.2,0.801602699696113,0.742967802857964,0.21440339876096404
CC1CCN(C(=O)c2cc(=O)cnn2Nn2nc3c(c2CCN2CCc4ccccc4C2)CCCC3)CC1,9.4,0.5433080095482287,0.7277518133350515,0.185834892899645
O=C(CCl)Nc1ccccc1NC(=O)Nc1ccc(Nc2ccccn2)cc1,8.1,0.4568364965717572,0.8849286963670164,0.1637284287724686
CC1(C)COCCN1C(=O)c1ccc(C2=C3CCCCC3=CC2)cc1,7.1,0.7894410202854256,0.7900492216213986,0.22141252857533864
Cc1cnc(-c2ccccc2N[C@H]2CCCN(S(C)(=O)=O)C2)nc1C,7.7,0.9069763316063162,0.7921162857805419,0.27659582838689967
CNC(=O)CNC(=O)C1=C(O)C(=O)N[C@H]1N1C(=O)CCCc2sccc21,7.6,0.564126131943168,0.7214743736326559,0.15466096812353383
CN(C(=O)CO)c1ccc([C@@H]2SCC(=O)N2C2=NNC(=O)/C2=N\NNC(=O)c2ccc(F)cc2Cl)cc1,8.3,0.3886501533417976,0.6826416628655883,0.1101031465843374
CC(C)N1N=C(Cn2nc(C(N)=O)ccc2=O)C[C@H]1CNC(=O)N1CCCC1,7.2,0.7074399141134725,0.7127525351522935,0.18152265321082742
Cc1onc(-c2c3c(nn2C)CCCC3)c1CNC(=O)NC(=O)N1CCc2[nH]c(=O)ccc2C1,8.7,0.5403347793727479,0.750608074936521,0.1764271471263092
O=S(=O)(N1CCOCC1)N1CCC[C@H](Nc2cccc(C3CC=CC3)c2)C1,6.5,0.7839621608344928,0.765760573770223,0.19510637708079864
Cc1cnn(-c2ccc(C3CCN(CNC(=O)C4=CCN(c5nnc(C)s5)C4)CC3)o2)c1,7.9,0.6133369429053458,0.7241620672220672,0.1754413626488093
CC1(C)COCCN1C(=O)[C@@H](NCNO)C(=O)N1CCCCC1,5.6,0.35886493505473455,0.7079790269605855,0.0711392773084909
Cc1cc(C)cc(C2(N=Cn3cnc(C)cc3=O)CC2)c1,6.8,0.6412770783708784,0.7384807117881144,0.16101405611816774
Cc1cc(C)cc(C2(N3CCC4(CCN(N[C@H]5CCCN(S(C)(=O)=O)C5)C4)CC3)CC2)c1,7.9,0.7321257681582655,0.645191773546577,0.18658280151278664
Cc1cccc(C2(c3ccc(S)cc3[C@H]3CCN(c4nnc(C)s4)C3)CCC2)c1,7.8,0.5312261283396312,0.7332185085116474,0.15190688350640455
CC1(C)COCCN1C(=O)/C(NC(=O)CS)=[NH+]/C1CCC(c2ccccc2NC(=O)CCl)C1,6.5,0.20852075173307463,0.6196682935607662,0.04199445197949383
NC(=O)c1ccc(=O)n(CC2=NCC(=O)N2c2ccc(Br)s2)n1,8.5,0.8165330245495531,0.7547749878319673,0.261926949059235
CCC(=O)Nc1nc([C@@H](C)N[C@H](C(=O)N(C)C)[SH](=O)=O)cs1,5.8,0.6062233976830568,0.6619438842843882,0.11637290247585658
CCC(=O)Nc1nc(C(=O)NC(=O)NCc2cc(O)nc(-c3ccc(C)c(OC)c3)n2)cs1,8.2,0.4105902839812154,0.8120391220460655,0.13670030322714785
COc1cc(C2=CCCC(CNC(=O)c3ccccc3O)=N2)ccc1C,7.8,0.8633405970182682,0.8189332214294248,0.27573713555971957
CCCn1nc(C2=C[SH]=C(CCC(=O)NC(=O)c3ccc(F)cc3Cl)CN2)nc1C,7.8,0.44446044802596557,0.7179391489875758,0.12444726676761537
Cc1noc(C)c1CNC(=O)c1ccc(-c2ccc(-c3ccc4c(c3)CNC4=O)cc2)cc1,7.1,0.46980556618767,0.8474706710691249,0.14134198564942158
COC(=O)C(F)C1=NCC(=O)N1C(=O)N1CCOCC1(C)C,6.1,0.667690023705174,0.66610411844743,0.13564907776406496
COc1cn(C)c(-c2ccc([C@@H](OC)c3ncc(C)c(C)n3)cc2)cc1=O,6.8,0.6945781701086753,0.7445945861038809,0.17584090933021237
COC(=O)CN1C(=O)N[C@@H]([C@@H](C)NC(=O)NCCOCOc2ncc(C(N)=O)cc2Cl)C1=O,6.2,0.13087283567849764,0.6978791779903464,0.028313362365218437
Nc1cc(F)c(OOc2ccccc2CNC(=O)N2CCCC2)cc1F,8.1,0.48579387156047493,0.8296359241321274,0.16322797926576843
COC(=O)c1ccc(-c2ccc(N[C@@H](C(=O)N3CCCC3)n3cnc(C)cc3=O)cc2)cc1,7.4,0.5845698700792036,0.7779874604346281,0.16827157060772244
CCc1cc(-c2ccc(-c3ccccc3)cc2)c(-c2ccccc2)cc1NC(=O)Cc1cccc(F)c1,7.7,0.24573477892609086,0.8705194278057886,0.08235800616994819
Cn1nc2c(c1Cn1ncn3ccc(Cl)ccc(-c4ccc5c(c4)CNC5=O)nc13)CCCC2,10.7,0.4892532575832037,0.6959329950598604,0.18216080441757967
C=CCCC(=O)NCCCCCCN[C@@H](C(=O)N1CCCCC1)c1ncccc1CNC(C)=O,6.5,0.2695137055538224,0.7563463626773516,0.06624985603838171
Cc1noc(C)c1CNC(=O)c1ccc(Oc2ncc(C(N)=O)cc2Cl)c(Cl)c1,8.0,0.6075901835303398,0.8395502223950775,0.2040409894831851
Cc1cc(=O)n(-c2cccc(C(=O)NCC(=O)NCS(=O)(=O)C(=O)Nc3ccccn3)c2)cn1,6.8,0.432346890189777,0.7909569726367588,0.11626904771376388
CC1CCN(C(=O)NCC2=CC=C(c3c4c(nn3C)CCCC4)C2)CC1,8.2,0.9036965448461379,0.7667955609997643,0.2841097046223256
O=C1CCCc2sccc2N1c1ccc(=O)n(N2CCc3[nH]c(=O)ccc3C2)n1,7.7,0.6955433450407605,0.7303632993181544,0.19557974293656077
CS(=O)(=O)N1CCC[C@H](Nc2cccc(CNC(=O)NC(=O)N3CCc4[nH]c(=O)ccc4C3)c2)C1,8.0,0.4835730934602329,0.7470577699142642,0.14450281471637746
CC1=CCC(CNC(=O)NC(=O)N2CCc3[nH]c(=O)ccc3C2)=C1C,7.6,0.7650222015640445,0.7571652961024732,0.22011433947343817
CCCn1nc(-c2ccc(-c3ccc(C(N)=O)c(O)c3)cc2)nc1C,6.5,0.748199814499825,0.8571219993991765,0.20842201931010948
CC(=O)NCc1cccnc1NC(=O)C(NC=O)=C(C)C,7.2,0.5299857695409722,0.7882061294436592,0.15038569154523918
Cc1ccc[n+](CC(=O)N[C@H](OCC(=O)N2CCC[C@@H](C)C2)C(=O)NC(N)=O)c1,8.6,0.40228653280993076,0.6917427216689757,0.11965987587158838
CCC(C(=O)NC(=O)N1CCOCC1(C)C)C(=O)NN1C(=O)CCCc2sccc21,7.0,0.7002827602382727,0.6890082489088153,0.1688752094304814
COc1c(NC(=O)Cc2cccc(F)c2)cccc1Oc1ccccc1[C@H](C)NC(=O)N1CCOCC1,7.5,0.45235009678671406,0.7925037396054816,0.13443342874288966
CCOc1cccc(Oc2cc3cc(C)ccc3[nH]2)c1NC(=O)c1ccc(Br)c(F)c1,7.6,0.3164082176184024,0.827635893849928,0.09951090324382622
CC(C)=C(NC(=O)COC(=O)c1ccc(Cl)cc1)C(=O)NOc1cc(F)c(N)cc1F,7.9,0.25650413267173267,0.7924400646790988,0.08028933983651337
CCCn1nc(-c2cc(C)c(NCC(=O)N3CCCCC3)c(OC)c2)nc1C,6.8,0.7907557469285657,0.8260676459625063,0.22209403105484518
CCC(=O)Nc1nc(-c2ccc(C3(c4cc(C)cc(C)c4)CC3)cc2)c(C)s1,7.7,0.5663935738894688,0.8368654338934977,0.18248815352748718
Cc1cc(NC(=O)NC2=CCCC=C2)cc(Br)c1CCC(=O)N1CCC(C)CC1,7.1,0.6263069758272906,0.7942718359035202,0.17659758699298092
CC[C@@H](OS(=O)(=O)N(C)C)c1cccc(C(CC(=O)C(=O)c2ccc(=O)[nH]n2)c2ccccc2)cccnc1,7.9,0.28250539769870026,0.6405678464790786,0.07148073031791596
CS(=O)(=O)N1CCC[C@H](NN2C=CC(C(CC(=O)C(=O)c3ccc(=O)[nH]n3)c3ccccc3)CC2)C1,8.3,0.3804650993659172,0.6150498348226514,0.0971120735561283
O=CNN=C1CCC(c2ccnc(C3CCCC3)n2)CC1,7.0,0.6832969070837662,0.7655696225436547,0.18308897433447793
COc1cc(C(F)(F)F)ccc1[C@@H](C)NC(=O)OC(=O)N(C)c1ccc(C(=O)NCC(=O)[O-])cc1,7.4,0.5611067800958337,0.7407287745597367,0.15378233691849222
CCc1ncc(OCCN(C)N2CCC[C@H](Nc3ccccc3-c3ncc(C)c(C)n3)C2)c(C)n1,7.6,0.49275331782750315,0.7139585748870689,0.13368607349545966
COc1ncc(OCCN(C)C(=O)NC(=O)C(=O)c2ccc(C(N)=O)cn2)c(C)n1,7.0,0.43418769256430445,0.7870617345321125,0.11960638144775496
CCC(=O)Nc1nc(-c2ccc(CNC(=O)c3ccccc3O)cc2C)cs1,8.0,0.5858831348852649,0.8738742671893807,0.20479527806259118
CCCn1nc(CCN2C(=O)[C@H](CC(C)C)N=C2c2cc(F)ccc2NC(=O)NC2CCCC2)nc1C,7.1,0.49183759499536195,0.7121608792727808,0.12434496040951393
Nc1cc(F)c(OCCC(=O)NCC(=O)NC(=O)NS(=O)(=O)c2cccc([N+](=O)[O-])c2)cc1F,8.3,0.21512997844124088,0.8201735612655214,0.07322422702954787
CC1=C(C(=O)O)[C@H](C)c2ccccc2C[C@@](C)([C@H](O)CCN[C@H]2CCN(c3nnc(C)s3)C2)N=N1,0.0,0.5318098436016254,0.5588422539688119,0.0
Cc1cccc(NC(=O)S(=O)(=O)c2ccc(-c3c(C)[nH]n3C)cc2)c1,7.0,0.7504047960817236,0.8226565144493436,0.21606388788973144
CN1C(=O)NS(=O)(=O)N1C(=O)c1ccc(CNC(=O)N2C=CC=CC2)cc1,8.4,0.7794050566505756,0.7337514059496216,0.24019361357107386
Fc1cccc(C[C@@H]2CCCN2c2ccnc(C3CCCC3)n2)c1,7.5,0.829442522201149,0.791879088414427,0.24630682063980336
CCCn1nc(N2C(=O)CN=C2c2ccc(OC)cc2)nc1C,7.1,0.8435054420541972,0.80349029478463,0.2406006948824411
CC(=O)NC1(C(=O)Nc2cccc(C)c2)CCN(CC(=O)NCC(C)(C)C)CC1,6.4,0.6794050021717042,0.8349665612460999,0.1815297466741462
CC[C@@H](C)Oc1ccc(C)c(S(=O)(=O)NS(=O)(=O)c2c3c(nn2C)CCCC3)c1,8.0,0.7071742632069511,0.737081712838204,0.20849808687986976
CC(=O)NC1(N2CCCCC2)CCN(C(=O)c2ccc(=O)[nH]n2)CC1,7.9,0.8206989138533771,0.7754070914901842,0.25136842432317913
Cc1cc(C)c(C(=O)NC(=O)c2ccc(F)cc2Cl)c(CNC(=O)c2ccccc2O)c1,9.5,0.5006857339605413,0.8523233067889517,0.20270440720486838
CNS(=O)(=O)NC(=O)c1nc2c(c(CNC(=O)[C@@H]3CNC(=O)C3)n1)CCC2,7.9,0.42891227027936546,0.7028011502064451,0.1190688145715483
COc1cc(=O)c(-c2ccc(F)c(O)c2)nn1NC(=O)CN(C)C=O,7.2,0.7047572009066455,0.7411897822046064,0.18804918104896487
Cc1cc(C(=O)Nc2ccccn2)cc(C(=O)N2CCC([C@@H](C)O)CC2)c1,7.7,0.870466005935275,0.8152042190323558,0.2731989108166317
CC(C)=C(NC=O)C(=O)NCNC(=O)c1ccccc1O,6.9,0.3418135730132785,0.7929310957054674,0.0935069407868648
CN(C)C(=O)c1cc(F)ccc1CC(=O)N[C@H](CCC(=O)NC1=NCCS1)C1CCC1,7.7,0.6388137899359662,0.7435655164067457,0.18287496365657252
Cc1noc(C)c1CNC(=O)NC(=O)N1C=CCN(S(C)(=O)=O)C1,6.8,0.7992520549252186,0.750200089497493,0.20386364746622437
CC(=O)NCC=CC(=O)NCCC1C=CC=CN1C(=O)NC1=NCCS1,7.1,0.5945006934102064,0.6613117667950491,0.1395683578915948
Cc1cccc(C2([C@H]3CNCc4ccccc43)CCC2)c1,7.2,0.8625200755778294,0.7866786147902813,0.2442693953823752
CN1C(=O)[C@H](c2ccc(F)c(O)c2)Oc2cc(CCc3ccc4c(c3)CNC4=O)ccc21,9.3,0.6597127177636213,0.7505210224333622,0.23023464250343398
C[C@H](NC(=O)N1CCOCC1)n1c(O)c(C(=O)c2ccc(C(N)=O)cn2)c(O)c1[C@@H](C)O,7.5,0.39039817374071023,0.6759521745219769,0.0989589354260406
Cc1ccc2[nH]c([C@H](N[C@H](C)Nc3ccc(C(F)(F)F)cc3)C(=O)N(C)C)cc2c1,7.8,0.5100007071420823,0.7161487084776805,0.14244217561957737
Cc1cc(C)cc(C2(c3cc([C@H]4CCN(c5nnc(C)s5)C4)ncn3)CC2)c1,8.0,0.6626095330305762,0.724339611089177,0.19198173258373954
COc1cc(-c2nc(O)cc(CNC(=O)C3=CC=C(C(=O)N4CCOCC4(C)C)C3O)n2)ccc1C,8.3,0.5519850381479711,0.6955178432053454,0.1593249089339333
O=C(CCc1ccnc(C2CCCC2)n1)NCC(=O)C(=O)NC1=CC=C(F)C1,6.8,0.6657993125099841,0.7562874950374819,0.17120213604699017
Cc1c(F)n[nH+]c(-c2ccc(Cn3nc(C(N)=O)ccc3=O)c(C(C)C#N)c2)c1C,8.5,0.6874638190626247,0.6473785081823069,0.18914595318598118
CC(C)C(C)C(=O)c1cc2c(n1C)CCN(NC(=O)NC1CCCC1)C2,6.8,0.7934311215755888,0.7203545018377842,0.1943275713105604
CCC(=O)c1ccc(=O)n(Cc2ccc(CC3CCN(C(C)=O)CC3)cc2)n1,6.8,0.7214348997215633,0.8509774804318345,0.20873445010862068
CN1C(=O)NS(=O)(=O)N1C(=O)c1cc(=O)cnn1NC(=O)Cc1cccc(F)c1,8.6,0.635666713747153,0.7148849643619715,0.19540428768138673
CC1(C)COCCN1c1ccc(C(=O)NC2C=CC(=O)C=N2)cc1,7.4,0.9146229635630531,0.7150968183232921,0.24199626934746302
CC(=O)NC1(n2cnc3c(c2=O)CCCC3)CCN(c2cccc(C(=O)O)c2)CC1,8.2,0.7979234824992886,0.7722472593086273,0.25263963122420907
C[C@H](NC(=O)N1CCOCC1)N(CC(=O)NCCS(=O)(=O)O)C(=O)Nc1nncs1,7.9,0.26940493320472436,0.7259724750441258,0.0772543236283538
CC(=O)N1CCC(CNC(=O)CC(=O)N(C)c2c(C(=O)CC(C)(C)C)[nH]c(=O)c(=O)n2C2CC2)CC1,6.6,0.3103524633473712,0.7546473938203168,0.07728820361816699
COc1cn(C)c(N2C[C@@H](C(=O)NC3=NCCS3)CS(=O)(=O)CC2=O)cc1=O,6.9,0.6534608093742562,0.6696751330671992,0.15097422679280714
C=CC(=O)N(C)CNC(=O)N[C@@H](C)NC(=O)NCCOCc1c2c(nn1C)CCCC2,6.7,0.23958551633943498,0.6831644430614865,0.054831562454935645
CC(=O)NCc1cccnc1C1=NC(=O)NC(=O)/C1=C\NCNC(=O)N1CCCC1,7.6,0.29330182307806657,0.763193684647994,0.08506151764619099
Cc1cc(C)cc(C2(c3cccc(CO[C@H]4CCN(c5nnc(C)s5)C4)c3)CC2)c1,8.2,0.5405918960408745,0.7570883122749811,0.16780308054327825
CC(=O)c1cnc(ONC(=O)NC(=O)N2CCCC2)c(Cl)c1,7.2,0.6506591490323614,0.7999355440312317,0.1873747369296361
Cc1noc(C)c1CNC1C=CC=CN1C(=O)NC1=NCCS1,7.1,0.8827179860083716,0.6661429474151309,0.20874580813226754
O=C(N[C@@H](c1cccc(F)c1)c1cccc(-n2nc(F)ccc2=O)c1)N1CCOCC1,9.9,0.6960743497791588,0.7776070452202369,0.2679297976007578
N=C1N=C(CNC(=O)c2ccccc2O)/C(=N/NC(S)C(=O)NCC[C@@H]2C=CCC2)S1,7.1,0.14455185804957532,0.628828253263686,0.032268893803183825
C[C@H](NC(=O)N1CCOCC1)C(=O)NN=C1CCCCC1,6.5,0.7575082632156556,0.7890339573711977,0.19425241636659027
C[C@@H](NC(=O)NCS(=O)(=O)[C@@H]1COCC(=O)N1)NC(=O)N1CCOCC1,7.2,0.3769026014116717,0.6528507183933203,0.08858200827453161
Cc1cccc(NC(=O)Oc2ccc(F)c(C3(c4cccc(C)c4)CCC3)c2)c1,7.6,0.5512722291835104,0.8505699597309125,0.17818032715540774
O=C(c1ccc(=O)[nH]n1)N1Cc2ccccc2[C@@H](c2c(Cl)cccc2Cl)C1,8.4,0.7105470973700582,0.781258956400251,0.23315093918111485
O=C(NNC(=O)c1ccc(F)cc1Cl)C(=O)Nn1ccncc1=O,8.2,0.49915863833067475,0.8063014056172706,0.1650136478019306
NC(=O)c1ccc(=O)n(CNCC(=O)C2=[NH+]CC(=O)N2c2cccc(F)c2F)n1,8.4,0.4565325984191611,0.7088327223950777,0.13591420273181215
CC1=NN(c2ccc(N)c(O)c2)C(=O)/C1=N\NC(=O)c1ccc(C(=O)C(=O)c2cc3ccccc3[nH]2)cn1,9.4,0.10109139595680053,0.7741080972969427,0.036780164043289036
Cc1cc(C)cc(C2(n3c(-c4ccc(F)c([N+](=O)[O-])c4)csc3=O)CC2)c1,7.6,0.4803160044312374,0.7838988709530865,0.14307728595825098
[NH2+]Cc1ccc(-c2ccc(-c3nc(C(=O)c4ccc(=O)[nH]n4)nc4c3CCC4)cc2)cc1,9.6,0.4775606510689815,0.7692300572965087,0.1763299233524883
CCCn1nc([C@@]2(C)c3ccccc3[NH2+][C@@]2(C)C(=O)N(C)c2cccc3c2O[C@H](C)[C@@H]3C)nc1C,7.1,0.5706404853633471,0.5705801691119895,0.11558663134747205
C[C@@H]1c2cccc(Nc3nc(C(=O)NN=C4CCCCC4)cs3)c2O[C@@H]1C,7.9,0.7411071431170563,0.7154826685371289,0.20944847998958113
Cc1cccc(NC(=O)Nc2nc(-c3ccc4c(c3)CNC4=O)c(I)c(C)c2C)c1,8.6,0.42407411184231997,0.8038180867165136,0.1465777297190523
O=C(NN1CCC[C@H](Nc2ccc(Cl)c(N3C(=O)CCCc4sccc43)c2)C1)c1ccccc1O,8.3,0.4317929464936664,0.7438660661285009,0.13329639000346535
CC(C)NC1=C(O)C(=O)N[C@H]1C(=O)N1CCCC[C@H]1C(N)=S,6.7,0.538344909254074,0.6810217604701544,0.12281924027651892
COc1ncc(-c2cn(CCn3nc(C(N)=O)ccc3=O)nc2C#N)c(C)n1,7.2,0.620625329098723,0.7645879191005983,0.17082814641001798
CNC(=O)[C@@H](C)C(=O)NN1CCC(CCC(=O)NC2=NCCS2)(NC(C)=O)CC1,7.4,0.4009160829246444,0.6815736846006188,0.10110392518620095
C[C@@H]1c2cccc(-c3cccc(CNC(=O)c4ccc(-c5c6c(nn5C)CCCC6)cc4)c3)c2O[C@@H]1C,9.5,0.3491633243524733,0.7328186527233753,0.12153986354288733
CC(=O)c1ccc(=O)n(N2CCc3[nH]c(=O)ccc3C2)n1,8.0,0.7742816258531084,0.7462865338444915,0.2311343803109575
COC1=Cc2c(nn(C)c2-c2ccc(C(=O)N3C=CC(Cc4c(C)noc4C)=CC3)cc2)C1,8.0,0.5865544600701141,0.7171095874271229,0.16824953074576737
CC(C)[C@@H](C)C(=O)N1CCC([C@H](NC(=O)C(=O)N2CCOCC2(C)C)C2CCC2)CC1,6.5,0.6729969349210845,0.6904481500335827,0.15101758382572364
COCCNC(=O)[C@@H](CC(N)=O)c1cc(N[C@H]2CCCN(S(C)(=O)=O)C2)ccc1NC(=O)NC1CCCC1,6.8,0.24321391431171016,0.7192461767154364,0.059476430517515715
CS(=O)(=O)N1CCC[C@H](NC[NH2+]c2ccc(C(=O)NC3=NCCS3)cc2)C1,6.5,0.43869572024108244,0.6765135018547965,0.09645466283342723
Cc1cccc(C2(c3ccc(-c4ccc(F)c(F)c4NCC(=O)N4CCCCC4)c(C)c3)CCC2)c1,7.7,0.3998339607016589,0.8091684156906034,0.12456020982030021
CC(C)(C)c1[nH]c(=S)c(O[C@@H](NC(=O)c2ccc(F)cc2Cl)C(=O)NC2CC2)cc2ccccc2c(O)cc1O,7.9,0.18024105013401748,0.6632933790784737,0.047223314600857796
CCC(=O)Nc1nc(C2(NC(C)=O)CCN(c3ccc(C(=O)NCC(=O)O)cc3)CC2)c(C)s1,7.0,0.44751137914925054,0.7957809333568898,0.12464235804552685
C[C@H](CCCNS(C)(=O)=O)N1CC[C@H](c2cccc(N[C@H]3CCCN(S(C)(=O)=O)C3)c2)C1,6.0,0.49121767344161194,0.7138119617728325,0.10519111534105308
Cc1ccc2nc(C(=O)N3CCc4c(ccn4C)C3)ncc2c1,7.1,0.693803608370396,0.8071405691256734,0.19879894895914219
O=C1NCc2cc(-c3ccc(C4=Cc5[nH]c(=O)ccc5C4)cc3)ccc21,7.4,0.7511367777665724,0.7972912802980099,0.2215836771930399
COc1cn(C)c(-c2ccc([O-])c(C(=O)NC(=O)N3CCC([C@@H](C)O)CC3)c2)cc1=O,8.0,0.7509846862654622,0.7077222437560039,0.21259542687607666
COc1ccc(N(COc2cc(F)c(N)cc2F)C(=O)Nc2cccs2)cc1,7.6,0.4606947601876552,0.8148616089615326,0.14265293994013087
COc1ncc(-c2[nH]nc(NC(=O)c3ccc(F)cc3Cl)c2OC)c(C)n1,7.0,0.6918627607893326,0.8034190982573138,0.19454951438691342
CC(C)c1ccc(C2=CCN(C(=O)N3CCOCC3(C)C)C=C2Cl)cc1,6.7,0.7429684711244422,0.7590490738202769,0.18892309251136613
CC1c2cccccn(C)c(=O)c(N[C@H](Oc3cc(F)c(N)cc3F)C(=O)NC(N)=O)ccccc21,9.7,0.36972065063182935,0.6526117993557004,0.11702276864788223
C[C@@H]1CCC=NC(=S)NC(=O)[C@@H](/C=C2/SC(=N)N(C(=O)c3ccc(C(N)=O)cn3)C2=O)C1,0.0,0.3423594089534426,0.5670084291075521,0.0
C[C@@H]1CCCN(C(=O)COC(=O)N[C@@H](C(=O)NNC(=O)CNC(=O)CN)C2CCC2)C1,7.3,0.281638038666173,0.7369208735845416,0.07575390656330727
CCCn1nc(-c2ccc(Oc3ccc(C4(c5cccc(C)c5)CCC4)cc3)ccccc(O)c2)nc1C,8.5,0.27587010409274687,0.772929058529651,0.09062190842897555
COc1ncc(-n2ccc(=O)c(CNC(=O)N3CCC(C)CC3)c2)c(C)n1,7.2,0.8864168315458905,0.7861557973126446,0.2508702231439108
Cc1nnc(N2CC[C@H](c3cccc(Cn4nc(C(N)=O)ccc4=O)c3)C2)s1,7.6,0.701069451724671,0.7741284572430231,0.206232768971856
CC1CCN(C(=O)NC[C@@H](Nc2cccc(C(=O)O)c2)C(=O)NC(N)=O)CC1,8.7,0.48323972287000955,0.7946965116885776,0.1670525811022559
O=C(NN1CCc2ccccc2C1)c1ccc(F)cc1Cl,7.1,0.923976807125146,0.870529597729759,0.28554395116748954
CC(=O)N(NC(=O)CCC(C)O)C(CC=O)N(COCC(=O)N1CCC[C@@H](C)C1)C(=O)Nc1nncs1,6.7,0.1939605740541966,0.6128265047223179,0.03981950051827515
Cc1cnc(C2=NCCN2Oc2cc(F)c(NC3=CC=C(F)C3)cc2F)nc1C,7.5,0.8212583429980306,0.7038506351530511,0.2167662023789648
CCCCCNC(=O)CNc1cc(SC)c(CCNC(=O)CC)[nH]c1=O,5.6,0.32647260243632864,0.8096821934783967,0.07401493479834918
COC1=CNC(c2ccc(C3(c4cc(C)cc(C)c4)CC3)c(S)n2)C(C)=N1,7.0,0.7623334199940522,0.6518754066167013,0.17393124284764316
COc1ncc(-c2ccc(C(=O)NC(=O)Nc3cccc(C)c3)cc2)c(C)n1,7.4,0.7236225965754151,0.8685603431387479,0.23254865959026286
COc1ncc(N=Cc2ccc(C(=O)c3ccc(=O)[nH]n3)cc2)c(C)n1,6.9,0.5559252314218344,0.7964415374377407,0.15275287137484297
Cc1cc(Oc2ncc(C(N)=O)cc2Cl)ccc1N1CCN(NC(=O)c2ccc(F)cc2Cl)CC1,7.7,0.507781983712608,0.8201295381132387,0.16033209644931146
CC1(C)COCCN1C1=CCC(C(=O)NC2C=CC(=O)C=N2)C=C1,6.6,0.8447507842851487,0.5917413757536397,0.1649584171164138
CC1CCN(C(=O)NCC2=NC3=C(CCCC3)C(=O)C2)CC1,7.7,0.8522212990339482,0.7785613852210074,0.25545003910992603
O=C(NCc1ccc(CCN2CCc3ccccc3C2)cc1)N1C=CC=CC1,8.2,0.8632404765598028,0.8272083059735338,0.2927726738277564
COc1ncc(N2C(=O)CN=C2c2ccc(OC)c(Cl)c2)c(C)n1,6.6,0.8481876879994898,0.7938736353775602,0.2222067683070321
Cc1cnn(-c2ccc(-c3cccccc(-c4ccc(Cn5nc(C(N)=O)ccc5=O)cc4)c[nH]3)o2)c1,8.5,0.36635643098268633,0.7387491555543713,0.11502433920865844
COC1=CC=CCC1NC(=O)[C@@H](NCCc1ncc(C)c(C)n1)OC,5.6,0.6875753787673472,0.6550758722994483,0.12611593148494019
CCOCCN(C1=C(O)C(=O)N[C@H]1C(=O)NC1=CCCC(C)=C1)c1cccc(C(=O)NC)c1,7.7,0.4232466753994881,0.6840189554890651,0.11146086829607625
Cc1noc(C)c1CNC(=O)C1=CC=C(n2cnc3c(c2=O)CCCC3)C1,8.0,0.8959746724798898,0.755239395293611,0.27067014793684124
Cc1ccc(CNC(=O)c2ccc(Br)c(F)c2)cc1-c1ccc2c(c1)CNC2=O,9.1,0.6000431615181344,0.850253449411963,0.23213588938396829
CS(=O)(=O)N1CCC[C@H](NS(=O)(=O)NCC(=O)Oc2cc(F)c(N)cc2F)C1,6.6,0.28727815644930266,0.7448045982686643,0.07060881032884316
O=C(Nc1ccc(C2=NN(NC(=O)c3ccc(F)cc3Cl)CC2)cc1)NC1CCCC1,7.2,0.6436589618757035,0.8189279952878158,0.18975972358724633
CC(=O)N1CCC(C[C@H]2C=C[C@@H](C(=O)NOc3cc(F)c(N)cc3F)C2)CC1,8.4,0.4577193862420111,0.6679002309977705,0.12839857119734274
CC(C)C1=CC(=O)C(C2=CCN(C(=O)N3CCOCC3(C)C)C=C2Cl)C=C1,7.2,0.7185471135904263,0.6302557946970894,0.1630326535571642
CCC(=O)Nc1nc(C2=CC=C(C(=O)Nc3n[nH]c(=O)cc3OC)C2Cl)c(C)s1,7.7,0.5981113691934936,0.6951238769083113,0.16006817510403706
CCNc1n[nH+]c(-c2ccc(OC)c(NC(=O)NC3CCCC3)c2)c(N[C@H]2CCCN(S(C)(=O)=O)C2)c1C,8.0,0.3787668680653302,0.6891723538950075,0.10441426161680938
Cc1ccc(C(=O)NCc2c(C)noc2C)cc1C(=O)N1CCOCC1(C)C,7.4,0.8747963874207949,0.8246110165160034,0.266905693161968
CCC(=O)Nc1nc(C(=O)N[C@H]2CCCC[C@H]2Nc2ccccc2CNC(=O)N2CCC(C)CC2)cs1,8.0,0.40173307789695634,0.7399878129583085,0.11891103268239141
CCCn1nc([C@H](NC(=O)/C(=N\c2ccc3ccccc3c2)c2ccccc2)C2CCC2)nc1C,8.2,0.3279723540920994,0.7390400189083943,0.09937772485555885
NC(=O)c1ccc(=O)n(-c2c3ccccc3c([O-])c3c(=O)oc(=O)c(-n4cnc5c(c4=O)CCCC5)cc23)n1,9.6,0.34998342887250933,0.7212899378642059,0.12117097231917791
NC(=O)c1cnc(O[C@@]2(N)N=C(O)N[C@H]2CNC(=O)[C@@H]2CNC(=O)C2)c(Cl)c1,7.1,0.28788688886025754,0.6076335553127004,0.062100055501155035
CC(=O)c1ccc(-c2ncc(C(=O)N3CC=C(C)C3(C)C)cc2Cl)cc1F,7.0,0.5550822824877403,0.7839620726162883,0.1523072098280841
Cc1ccc2c(c1)CCC([C@H](C)NC(=O)N1CCOCC1)=N2,7.7,0.9119526089277873,0.7605753297220311,0.26703933264705554
CC1=C(C)C(C)C(C)=C1CNC(=O)c1ccc(C(=O)Nc2ccc(-c3ccc4c(c3)CNC4=O)cc2)c(Cl)c1,7.4,0.3323914511696783,0.7469090134013698,0.09185848321679178
CC(=O)NCc1cccnc1Sc1csc(C(=O)Nc2ccccn2)n1,7.4,0.6770703485190199,0.8071278686920719,0.2021984685212593
COc1ncc(-c2ccc(NC(=O)NC3CCCC3)cc2C)c(C)n1,6.9,0.8866209616202813,0.851318250753456,0.2604048291141341
COC1=CCC[C@H](Nc2ccccc2C2=NC=C(C)S(C)=N2)C1,7.9,0.8980690978636056,0.6083018679333712,0.21578735835664917
Cc1cc(=O)n(-c2ccc(-c3ncc(C)c(C)n3)cc2S(=O)(=O)N2CC[NH+](C)CC2)cn1,7.2,0.6002348831757885,0.7116279327809374,0.1537718072750618
Nc1cc(F)c(OCCc2ccc(-c3cc(F)c(N)cc3F)cc2)cc1F,8.6,0.5014014884667565,0.8532976623598779,0.18397322874535205
Cc1noc(C)c1CNC(=O)N1C(=N)S/C(=C/C=O)C1=O,7.0,0.6375629506633499,0.7453821078512165,0.1663298056186511
NC(=O)c1ccc(C(=O)[C@H]2CNCc3ccccc32)nc1,7.2,0.829151212779305,0.7893993419865823,0.23563131183912964
CC(C)(NS(=O)(=O)n1cnc2c(c1=O)CCCC2)C(O)=Nc1ccc(-c2ccccc2NC(=O)CCl)cc1,8.3,0.21875781410725317,0.7514890693138169,0.06822355404336262
COc1cn(C)c(S(=O)(=O)NC(=O)CO[C@H]2CC[C@@H](C)[C@@H](C(O)=NC(C)C)N2)cc1=O,0.0,0.37191841484118604,0.5980222095323896,0.0
C[NH+](C)CC[NH+](C)C(=O)C(=O)NNC(=O)OCNC(=O)Cc1cccc(F)c1,6.5,0.18415810574387806,0.6215714025871528,0.037201908927630034
CC1CCN(C(=O)NCN[C@H](C(=O)CCC(=O)NCC2CCCCCN2)C(=O)NC(N)=O)CC1,8.1,0.18062964067984835,0.6890267391171346,0.050405754183741935
CC(=O)NCc1cccnc1-c1ccc(N[C@H]2CCCN(S(C)(=O)=O)C2)c(F)c1,7.6,0.7486741208682279,0.7877144775730786,0.224101748717036
C[C@@H](O)C1CCN(C(=O)c2cc3c(n2C)CCN(c2ccc([N+](=O)[O-])cc2)C3)CC1,6.4,0.6158232983054043,0.7611449738304799,0.14999385864731737
Cc1cc([C@H](C)NC(=O)N2CCOCC2)ccc1NC(=O)NC1CCCC1,7.4,0.7569861400987169,0.8214949204362152,0.23008829950473383
Cc1ccc([C@@H]2C[C@H](N/N=C3\C(=N)N(C)N=C3C3(c4cc(C)cc(C)c4)CC3)CC(=O)CCC(=O)O2)cc1,8.3,0.44656637113295605,0.5883016490806293,0.10902702901301022
CC1(C)COCCN1C(=O)c1nc(NC(=O)Cc2cccc(F)c2)cc(N2CCOCC2)n1,9.0,0.7323635505492212,0.7978086054303962,0.26292867431927747
C[C@H](NC(=O)N1CCOCC1)S(=O)(=O)Nc1cc(Br)cc(-n2nc(C(=O)S)ccc2=O)c1,7.7,0.4629054361787682,0.7140524333301577,0.12725741994550488
CCCn1nc(-c2ccc(C3(c4cc(C)cc(C)c4)CC3)cc2C(N)=O)nc1C,7.8,0.6774245001921,0.7983452223950775,0.21091925917207716
CCC(=O)Nc1nc(-c2ccc(C(=O)c3cc(F)c(N)cc3F)cc2)c(C)s1,8.8,0.48486182214252566,0.8496571703621572,0.18126518248003348
CC(C)C(=O)N(C)C(=O)COC(=O)NNC(=O)N1C(=O)CCCc2sccc21,7.6,0.7260348239902095,0.761327434308737,0.2100450873115594
CC(=O)N1CCC(CC2=CC=C(NC(=O)NC3CCCC3)C=CC(C)C(=O)N2C)CC1,8.3,0.7207760602228838,0.6566511017591217,0.1964188335377866
CC[C@H](N[C@@H](NC(=O)N1CCCC[C@H]1C(N)=S)C(=O)N1CCCC1)C(=O)N1CCN(C)CC1,7.7,0.344430268447778,0.6879517989655093,0.09122629777677654
CCC(=O)Nc1nc(-c2cc(CNC(=O)N3CCCC3)ccc2C)cs1,8.3,0.8388408441115339,0.8679026600988633,0.3021333630016501
CC1CCN(C(=O)c2cc(=O)cnn2NC(=O)Cc2cccc(CNC(=O)c3ncnc4c3CCC4)c2)CC1,7.8,0.4742977855872859,0.7607173154865836,0.14071454989534463
O=C(N[C@@H]1C=CCN1c1ccnc(C2CCCC2)n1)c1ccc(Br)c(F)c1,7.4,0.7389477292950584,0.7315785624352418,0.20002137747961202
CC1CCN(C(=O)NCC2CCN(C(=O)NCC3=CC=C(c4c5c(nn4C)CCCC5)C3)CC2)CC1,8.3,0.6518695647207291,0.7548544697572005,0.2042076616706711
CN(C(=O)NCC1CCC1)C1CCC2=CC(n3nc(C(N)=O)ccc3=O)=NCC2C1,7.0,0.7696439109049927,0.664455476100302,0.17898793893682638
CC1=C(C)C(C)C(C)=C1CNC(=O)NC(=O)N1CCC2=C(CCN=N2)C1,7.8,0.7920015310436616,0.6344233052565875,0.19596104934626907
Cc1cccc(C2(C3=CC=C(CNC(=O)N4CCCC4)C3)CCC2)c1,7.5,0.8637393010466693,0.7936857600829372,0.257076593874274
Cc1cc(C)cc(C2(c3ccc(C)cc3NC(=O)NC3CCCC3)CC2)c1,8.0,0.7135512616920148,0.836542436988758,0.2387663645488964
Nc1cc(F)c(OC(=O)c2cccc(N3C(=O)CCCc4sccc43)c2)cc1F,8.3,0.3785836268583763,0.8210149878735015,0.12899147520290796
CCNC(=O)NCC(=O)NCC(=O)N[C@@H]1NC(=O)C(O)=C1c1ncccc1CNC(C)=O,7.1,0.22745748998686532,0.7253991116518359,0.058574098717135106
Cc1c(NCN)n[nH+]c(Oc2ccc(O)c(C3(C)CC3)c2)c1C,7.6,0.7364880799940839,0.6819913072764118,0.19086581801809074
CC1(C)COCCN1C(=O)c1nn(NC(=O)NC2=NCCC2)c(N)c1C#N,7.8,0.6644327463638421,0.7106312008214164,0.1841449897613074
CCNC1=C(NC2=CC=C(F)C2)C(Oc2ccc(O)c(C3(c4cc(C)cc(C)c4)CC3)c2)C(C)=C1C,7.7,0.38687072556414626,0.6477135355130376,0.0964738410950342
O=C(NCc1ccc(C(=O)Nc2ccccn2)c(C(F)(F)F)c1)c1ccccc1O,7.9,0.5877846312950601,0.8715316398300668,0.20234779691390048
COCOCC(N)(C=O)C(=O)NC(=O)CNC(=S)N(C)C(=O)NC1=NCCS1,5.3,0.1079407604881154,0.6442888114940355,0.018429431435962308
Cc1cccc(C2(c3cc4oc(-c5ccc(F)cc5)c(-c5cc6cc(C)ccc6[nH]5)c4cc3O)CCC2)c1,9.4,0.25293012973810114,0.7898729816452106,0.09389785759034763
CCC(=O)Nc1nc(-c2c(C)c(O)c(C)n2CNC(=O)c2ccccc2O)c(C)s1,7.4,0.4778339061038607,0.7853349052638199,0.13884606879130906
CC(C)=C(NC(=O)Oc1ncc(C(N)=O)cc1Cl)C(N)=O,6.3,0.702554466704714,0.7786580592682204,0.17232065473597133
COc1cn(C)c(N2CC(c3c4c(nn3C)CCCC4)C2(C)C)cc1=O,6.7,0.8473466412628676,0.6751827069659893,0.19165812266044469
CNC(=O)NC(=O)[C@H](SC(=O)N1CCOCC1(C)C)[SH2]CC(=O)NNC(=O)c1ccc(C)cc1,7.9,0.4096967033113631,0.6736866507231934,0.10902284394713561
C[C@@H]1c2cccc(S(=O)(=O)NS(=O)(=O)S(=O)(=O)N[SH](=O)=O)c2O[C@@H]1C,5.9,0.3574759916933714,0.6102942324008853,0.06435883310591417
CC1CCN(C(=O)NCN2CCCC[C@H](N(C)[C@H](C)NC(=O)N3CCOCC3)C2)CC1,7.8,0.6370484769909616,0.7103121693476022,0.17647628141170402
CC(=O)NCc1cccnc1-c1cc(C(=O)N2CCCC[C@H]2C(N)=S)ccc1S(=O)(=O)C1CCS(=O)(=O)CC1,8.0,0.4591982431731082,0.7212811480624953,0.13248441440967215
Cc1[nH]c2ccc(-c3ccc4c(c3)CNC4=O)cc2c1CCC(=O)NC1=NCCS1,8.8,0.6057483032819582,0.796145148734955,0.21219597212543898
COc1cn(C)c(N/N=C2\C(=O)N(c3ccc4cc3OCC(=O)N4)N=C2C)cc1=O,7.9,0.7218894473574279,0.6681706775655033,0.19052641766143874
CCOc1ccc(C2(NC(C)=O)CCN(CNC(=O)N3CCC(C)CC3)CC2)cc1OC,7.0,0.6729816600283448,0.810412626913272,0.1908874922388089
Cc1cnn(-c2ccc(Oc3ccc(C(=O)Nc4ccccn4)cc3)o2)c1,7.9,0.5763039377334805,0.8253714202306992,0.1878875958307928
COc1cc(=O)[nH]nc1NC(=O)C1=CC=C(c2nc(C3=NCC(=O)N3c3ccc(Br)s3)sc2C)C1Cl,8.2,0.4110234307313788,0.6288239132738906,0.10596915848550388
CC(=O)NCC(C)c1ccc(-c2ncc(Oc3cc(F)c(N)cc3F)cc2Cl)cc1,7.3,0.5194078055069911,0.7796955519672026,0.1478176837979591
NC(=O)C[C@@H](C(=O)[O-])c1c(NC(=O)NC(=O)c2ccc(F)cc2Cl)cccc1-n1nc(C(N)=O)ccc1=O,7.5,0.2968542077539681,0.7159972225024913,0.079705045590007
O=C(CNc1ccc(-n2cnc3c(c2=O)CCCC3)cc1)N1CCCCC1,7.7,0.9029596311272023,0.8447589567448178,0.29367154584987487
Cc1ccc(N2C(=O)CC(c3ccc(Br)cc3)C2=O)cc1,6.2,0.7773331248875814,0.8451025188661999,0.2036471163705951
Cn1nc2c(c1-c1ccc(NC(=O)c3ccc(-n4cnc5c(c4=O)CCCC5)cc3)cc1)CCCC2,7.6,0.46226119736522264,0.8102687949192181,0.14233121286427283
Cn1nc2c(c1C1=CC=C(C(=O)N3CCOCC3(C)C)C1)CCCC2,7.2,0.8307667235512316,0.7321711218260454,0.21897482542497118
CC1=CCN(c2ccc(C(=N)Nc3cccc(C)c3)cc2)C1(C)C,6.9,0.47573756862536865,0.7909464252742308,0.12981761059914684
COc1cn(C)c(N2C[C@@H](C(O)=Nc3ncccc3CNC(C)=O)CC[C@H]2C)cc1=O,0.0,0.540946480942221,0.6664691867488055,0.0
Cc1nc(O)cc(CNC(=O)C2=CC=C(C(=O)N3CCOCC3(C)C)C2O)n1,8.7,0.6614751513666813,0.6832405676326335,0.19659679618417428
CC(=O)NC1(C2c3nn(S(C)(=O)=O)c(N)c3NN2C)CCNCC1,5.8,0.5323664009759919,0.6325715694545138,0.0976603564391679
Cc1nc(-c2ccccc2N[C@H]2CCCN(S(C)(=O)=O)C2)ncc1Cc1ccc(F)cc1,8.4,0.6089983069415202,0.7844025101763883,0.20063391627640165
Cc1noc(C)c1CNC(=O)c1ccc(-c2ccc3c(c2)CNC3=O)cc1,7.8,0.7476914751657324,0.8522847499389654,0.24852595635781774
CC=C(C=C(Cl)CC(=O)Nc1ccc(-c2ccc3c(c2)CNC3=O)cc1)C(N)=O,7.5,0.5024504368975473,0.7759673354055239,0.14620692250977416
CN(NC(=O)N1CCOCC1)c1ccc2c(c1)CNC2=O,8.0,0.7695531618543875,0.7993893413195026,0.24606903806604777
CC1=C(C(=O)N2CCCC[C@H]2C(N)=S)C2N=C([C@H](C)NC(=O)N3CCOCC3)CCC2=C1,8.1,0.6261144922782519,0.6341213461961495,0.1607981887101435
CCCC1(CNC(=O)N2CCC(C)CC2)CCCN1C(=O)NCc1c(C)noc1C,6.8,0.7373442761001997,0.7220566954422014,0.181017486277405
CC(=O)N1CCN2C(=O)[C@H](C)CCCCCCNC(=O)[C@H]12,6.1,0.7156887828577143,0.672190068493018,0.14672906205048755
CC(=O)NC1(C(=O)Nc2cccc(C)c2)CCN(C(=O)CS(=O)(=O)c2ccc(Br)cc2Br)CC1,7.9,0.5177055364088489,0.8084264184597532,0.16531809888323745
C[C@@H]1CCCN(C(=O)CO[C@H](N[C@H](C)O)C(=O)N(C)C)C1,6.3,0.652692457452617,0.6901254232397427,0.14188849241013562
CC(=O)NCc1cccnc1N(C)CC(=O)NC(=O)c1c(C(=O)c2ccc(=O)[nH]n2)oc2ccccc2c1=O,8.8,0.27152391170777535,0.7714587233906062,0.09216657573028578
CC1(C)COCCN1C(=O)[C@H]1NC(=O)CN(CNC(=O)N2CCCC2)C1=O,7.3,0.5913850133040666,0.7016489450782397,0.15145480481275586
COc1ncc(-c2ccnc(C3CCCC3)n2)cc1Cl,7.1,0.8607086081825722,0.8390675936155108,0.2563784087385268
CN(N[C@H]1CCCN(S(C)(=O)=O)C1)C(=S)NC[C@@H]1CCCC[C@H]1C(=O)NC(C)(C)C,5.9,0.40704584550205924,0.6715424687317204,0.0806378287327558
O=CNNC(=O)C(=O)NN=C1CCC(CCC(=O)NC2=NCCS2)CC1,7.1,0.2763971085878375,0.7554375873337906,0.07412427152445925
N#Cc1ccc(C(=O)NN=C2CCC(C(=O)c3ccc(=O)[nH]n3)CC2)o1,7.0,0.628279076471365,0.7643895623857655,0.16808748891202788
CCC(=O)Nc1cccc(N2CCC(NC(C)=O)(Oc3ncc(C(N)=O)cc3Cl)CC2)c1,7.4,0.5461790550868868,0.7853905948379813,0.15871664039621255
NC(=O)c1ccc(=O)n(CC(=O)c2ccc(=O)n(CNCC(=O)C3=[NH+]CC(=O)N3c3cccc(F)c3F)n2)n1,9.6,0.22054977868231868,0.695068383862652,0.0735826455503927
Cc1cc(=O)n(-c2ccc(-c3ccc(CNC(=O)c4ccc(Br)c(F)c4)c(O)c3)cc2[N+](=O)[O-])cn1,8.1,0.2644111384931547,0.8114573809998041,0.08689613982927687
COc1c(C=C(C(=O)N(C)C(=O)SCC(=O)N(C)C)C2=CC=CC2)c1=O,6.7,0.701469914953713,0.7011735243697276,0.1647704643899884
NC(=O)c1cnc(-c2ccc3c(c2)CC(=O)N3NC(=O)c2cccc(C(=O)N=c3cc[nH]cc3)c2)c(Cl)c1,8.7,0.3651129175144852,0.7500018441350824,0.11911838223223079
C[C@@H]1c2cccc(-c3ccc(C(=O)c4ccc(NCC(=O)N5CCCCC5)cc4)cc3)c2O[C@@H]1C,8.9,0.4582138823527463,0.7645914017497899,0.15590414560113833
c1ccc2c(c1)CCN(c1ccnc(C3CCCC3)n1)C2,6.7,0.8391000593226307,0.85681639870656,0.24084982147939787
COc1cn(C)c(-c2ccc(C(=O)c3ccc(C(N)=O)cn3)cn2)cc1=O,7.5,0.6795112907883403,0.8187454572316728,0.20863004342646893
Cc1noc(C)c1CNC(=O)NC(=O)N1CCc2nnc(N(C)C(=O)NCC3CCC3)cc2C1,7.8,0.6057725787513786,0.7601355961185401,0.17958302710196333
NC(=O)c1ccc(=O)n(Cc2cccc(-c3c4c(nn3F)CCCC4)c2)n1,9.0,0.7613049986277313,0.7937664682206839,0.2719342709997691
CC1=C2CNC[C@H](c3ncccc3CC(=O)N3CCOCC3)C2=CC1,7.9,0.9126101996965301,0.7070826323107241,0.25488987479864006
Cc1cc(=O)n(-c2ccc(OOc3cc(F)c(N)cc3F)cc2)cn1,7.4,0.44679782678474617,0.8068055158826931,0.1333772119197033
CC1(C)COCCN1n1nc2c(c1CCN1CC=CCC1)CCCC2,7.2,0.7851309397657136,0.7103256031926433,0.20077149901474342
O=C(NCS(=O)(=O)C(=O)NC1=Cc2ccccc2CN1)c1ncnc2c1C=CC2,7.9,0.6830276121977812,0.7025958757778393,0.1895574914321559
Cn1nc2c(c1-c1ccc(S(=O)(=O)C(=O)[C@@H]3CNC(=O)C3)cc1)CCCC2,7.8,0.8584867719211294,0.7292777008137324,0.24416935109020133
O=C(NCc1ccc2c(c1)CNC2=O)Nc1nncs1,8.1,0.7881380378048353,0.827678734199065,0.26419166286929857
Cc1cc(F)cc(C(=O)On2c(-n3cnc4c(c3=O)CCCC4)csc2=O)c1,7.1,0.6708666243920494,0.7579153577443952,0.18050334175683058
CC(=O)NCc1cccnc1Cn1c(=O)n(NC(=O)c2ccc(-n3cc(C)cn3)o2)c2ccccc12,8.3,0.3641478064321528,0.7616919948907674,0.11510791468330744
CCC(F)=CC=C(C(=O)NNC(=O)OCNC(=O)NC1CCCC1)c1ccncn1,8.1,0.23091094402542375,0.7299363090823829,0.06826286429450185
Nc1cc(F)c(Oc2ccc(NC(=O)Cc3cccc(F)c3)cc2)cc1F,7.9,0.6404890348914115,0.8856742183652762,0.22406952701284746
CCC(=O)Nc1nc(C2=NC(=N)S/C2=N\Nc2nnc(S)[nH]2)cs1,7.0,0.39441018947485507,0.6885826547602846,0.0950544053665859
O=C(NCc1c(OC(F)(F)F)cccc1C(=O)c1ccc(=O)[nH]n1)c1ccccc1O,8.5,0.5139682165959951,0.8180989325554084,0.178702660979951
COC1=CCC[C@H](c2ccc(=O)n(Cc3ccc(C(=O)N4CCOCC4(C)C)cc3)n2)C1,7.4,0.7173614690120929,0.7268752067106231,0.19292993844752845
CCN(C)C(=O)N[C@H](C)Oc1ncc(C(=O)Nc2ccc(Cl)c(N3C(=O)CCCc4sccc43)c2)cc1Cl,7.3,0.33160723554580956,0.7201487506775587,0.08716438578379308
COc1ncc(OCCN(C)C(=O)NC2=CC=C(Cn3nc(C(N)=O)ccc3=O)C2)c(C)n1,7.3,0.5500050038790846,0.7386262457918849,0.14828056788141514
Cc1cccc(C2(c3ccc(N(C)CNC(=O)[C@@H]4CNC(=O)C4)cc3)CCC2)c1,6.9,0.7440928472863884,0.7450880467019323,0.19127306672157557
O=C(CCl)Nc1ccccc1-c1cnc(-c2cc(Br)ccc2F)c(Cl)c1,7.4,0.48117566286787933,0.8556472561174319,0.15233515518805335
CC(C)c1ccc(-c2ncc(Oc3cc(Oc4ncc(C(N)=O)cc4Cl)c(N)cc3F)cc2Cl)cc1,8.4,0.25086984131835816,0.80614322715365,0.08493954985988025
Cc1cc(C)cc(C2(c3ccc(-c4nc(C)n(CCc5cc6cc(C)ccc6[nH]5)n4)cc3)CC2)c1,8.4,0.2969780223289722,0.7957530357584507,0.09925488838516465
COC(=O)c1ccc(-c2cnc(Cn3nc(C(N)=O)ccc3=O)n2-c2ccc(Br)s2)cc1,7.8,0.3951972566778524,0.7966317722124173,0.12278240947469762
CC(=O)NCC1=Cc2c(ncn(-c3ccc(C(=O)NC(=O)c4ccc(F)cc4Cl)cc3)c2=O)C1,8.0,0.5454784582377054,0.7872661224343296,0.17177468427530188
NC(=O)c1ccc(=O)n(CC2=CC[C@H](NC34CCC(CNC(=O)c5ccccc5O)(CC3)CC4)C2)n1,8.4,0.4178252929310011,0.6102251109631865,0.10708634401165937
CC(C)c1cccc(C(CC(=O)C(=O)c2ccc(=O)[nH]n2)c2ccccc2)cccnc1,8.2,0.44596348426740606,0.7263459935146429,0.13280875392109895
Cc1noc(C)c1CNC(=O)c1cc2c(n1C)CCNC2,6.9,0.8901300783984726,0.7982200410152872,0.24512928535241854
CC1CCN(C(=O)NCN2CCN(C(=O)N3CCOCC3(C)C)c3ccccc32)CC1,8.6,0.7849571898276567,0.7768661386051726,0.262216864243665
C[C@@H](COOc1cc(F)c(N)cc1F)NC(=O)NNC(=O)CS(=O)(=O)C(C)(C)C,7.5,0.2793016810951986,0.7084860125358416,0.07420550037513544
CC1CCN(C(=O)NCc2ccc([SH](C)(=O)C(=O)NC3=NCCS3)cc2)CC1,7.9,0.6502655386192844,0.7206649195749697,0.1851063070261192
CN1CC=CC(OCn2nc(C(N)=O)ccc2=O)=CC=C(C(=O)Nc2ccccn2)CC1,7.9,0.6915903000314232,0.7040856885364898,0.19234083887019895
CCC12CSC1=CC=CC=C(CCC(=O)NC1=NCCS1)C(=O)N2NC(=O)C(=O)c1ccc(=O)[nH]n1,8.2,0.3510747656111217,0.5671928212479909,0.0816421055781392
Cc1cc(=O)n(N2CC[C@@](C)(CCC(=O)NC3=NCCS3)N2)cn1,7.1,0.8035293720538723,0.6495646916264595,0.18529022961369654
Cc1ccc(C2=C(O)C(=O)N[C@H]2c2c3c(nn2C)CCCC3)cc1F,8.2,0.8825498857863217,0.7256896923739488,0.26258751559958515
CCNc1n[nH+]c(C2=NC(=N)S/C2=N\NC(=O)NC(C)=O)c(C)c1C,7.8,0.5778275372732199,0.6425893297159185,0.14480926584844134
Cc1ccc2[nH]c(-c3ccc([N+](=O)[O-])cc3Oc3ccc(-c4c5c(nn4C)CCCC5)cc3)cc2c1,10.4,0.2151395383623029,0.8041387892838276,0.08996106491098681
NC(=O)c1cnc(Oc2cccc(N3CCc4[nH]c(=O)ccc4C3)c2)c(Cl)c1,8.8,0.7056574466947906,0.8168524950374818,0.2536239402287442
Cc1ccc(OC(F)(F)F)cc1C(C)(C)[C@@H](C)N(C)C(=O)N[C@H](C)c1c2c(nn1C)CCCC2,7.3,0.5877288477804982,0.6725051143451455,0.14426648943290604
CCNC1=N[NH+]=CN(c2ccc(C(=O)NC3C=CC(=O)C=N3)cc2)C1C,7.6,0.6592781011294261,0.5857729868155889,0.14675117492746365
CNC(=O)C1=C(C(=O)N2CCOCC2(C)C)C(CNC(=O)N2CCC(C)CC2)C=C1,7.3,0.7199256810888446,0.6981811868142833,0.18346307675085213
COC(=O)N1CCC(Cc2ccc(Cn3nc(C(N)=O)ccc3=O)cc2)CC1,6.9,0.8386133933486056,0.8545108786791568,0.24722847232973708
O=C(NCC1([C@H]2CNCc3ccccc32)CCC1)N1CCCC1,6.5,0.9010674329376784,0.7589486775059355,0.2222557793858088
Cc1noc(CC(=O)N2CCOCC2)c1CNC(=O)NC(=O)N1CCc2[nH]c(=O)ccc2C1,9.5,0.5858314905853986,0.766353122615339,0.21325305126484642
C[C@@H]1CCCN(C(=O)COc2cc(CCC(N)=O)ccc2F)C1,7.2,0.8689478677459902,0.8285261423452008,0.25918056891456226
CC(C)CO[C@H](CNC=O)N(CNCC(=O)N1CCCCC1)C(=O)Nc1nncs1,6.6,0.32122836846952874,0.6896138663105488,0.07310276725913742
COc1ccc(C2=C(O)C(=O)N[C@H]2c2ccccc2)c(F)c1F,8.3,0.9142987270698009,0.7878828731144315,0.2989495278069782
CC(=O)NC1(C(=O)NCc2c(C)noc2C)CCNCC1,7.1,0.7352108367449319,0.8063228868544273,0.21045015013744559
COC1=C(NC(=O)Nn2nc(C(=O)N3CCOCC3(C)C)c(C#N)c2N)CCC1,7.4,0.6758088621981272,0.706452337779693,0.17664789771907746
COc1ccc(OCC(=O)N2CCC[C@@H](C)C2)cc1S(=O)(=O)CCC(=O)NCc1c(C)noc1C,6.4,0.5192894498248966,0.774198854030606,0.128650655028678
Cc1cccc(C2(c3ccc(-c4cc5cc(C)ccc5[nH]4)cc3)CCC2)c1,7.9,0.4120846022766258,0.854148068671515,0.1390326005297205
C[S@+]([O-])c1ccc(NC(=O)CCCC(=O)N2CCO[C@@H](CC(=O)[O-])C2)cc1,5.7,0.613582188240256,0.6796379821465965,0.11884892168455972
Cc1cc(C(=O)c2ccc(C(N)=O)cn2)ccc1CC(=O)Nc1ccccn1,8.3,0.642514771663792,0.860944958523363,0.22956548917790356
COC1=C(c2cnc(OC)nc2C)N=C(C(=O)NN2CCc3ccccc3C2)C1Cl,7.4,0.7361215278600743,0.6925134138218609,0.18861639193107335
NC(=O)c1ccc(=O)n(Cc2ncc(C3=CNC(=O)C3)n2-c2ccc(Br)s2)n1,8.5,0.5921542474694514,0.7271367793607537,0.18299528126563425
COC(=O)C1=CC(CC2CCC(=NNC(=O)c3ccc(C#CCC(C)(C)C)nn3)CC2)CCC1,6.6,0.38266091864365215,0.666158383560249,0.08412121707506064
O=C(NC(=O)n1cnc2c(c1=O)CCCC2)c1ccc2c(c1)CNC2=O,9.9,0.7873892385264731,0.7908914334876366,0.3082560047676158
CCCn1nc(-c2c([C@H]3CCN(c4nnc(C)s4)C3)ccc(Cl)c2O)nc1C,7.1,0.6691242858249818,0.7272332357240359,0.17274634391612284
CCC(=O)Nc1nc(C=CC2(c3cccc(C)c3)CCC2)c(C)s1,7.3,0.8081224944389284,0.7827574470882376,0.2308858237487818
Cc1cc(C)cc(C2(c3cc(C#N)cc(C(=O)N4CCC([C@@H](C)O)CC4)c3)CC2)c1,7.7,0.8195592057614025,0.7566827623471839,0.23875633463320184
CCN(C)c1ccc(C(=O)[N-]O[C@H](C(=O)NC2CC2)n2cnc(C)cc2=O)cc1,7.0,0.6810104455598097,0.6851390692160035,0.16330540197902835
C[C@@H]1c2cccc(-c3cccc(C(=O)N4CCCC[C@H]4C(N)=S)c3)c2O[C@@H]1C,7.0,0.7779524953349904,0.7315659140931604,0.19919323492977906
O=C(NNC(=O)[C@@H](NCNC(=O)c1ccccc1O)C(=O)N1CCCCC1)C1=CCCC1,8.3,0.23342940157442477,0.7380971847326012,0.07150183741639798
COc1ncc(-c2ccc(S(=O)(=O)OCC(=O)N3CCC[C@@H](C)C3)cc2C)c(C)n1,7.4,0.6460320411804094,0.7581680264806409,0.1812263099508541
CCC(=O)Nc1nc(-c2ccc(NC(=O)Cc3cccc(F)c3)c(O)c2)c(C)s1,7.4,0.5193182803749916,0.8590077912459798,0.16505642612207536
CC(=O)NCc1cccnc1NC(=O)CC(=O)N(C)c1ccc(S(N)(=O)=O)cc1,6.8,0.5510897826042853,0.8338915855888458,0.15624670509001792
Cc1noc(C)c1CNC(=O)CC(=O)NCC1CCC1,6.8,0.7666643874521714,0.8536448494631114,0.22251609590921465
CC(=O)CCC(=O)N1CCC(CNC(=O)N2CCC(C)CC2)[C@@H]1c1ccc(C(=O)N2CCCC[C@H]2C(N)=S)cc1,8.6,0.46182831829871673,0.692074240304404,0.1374363774911873
Cn1ccc2c1CCN(C(=O)CCCNC(=O)N1C=CC(C)(C)C1)C2,7.3,0.851954511635401,0.7426641972013743,0.2309413814040648
O=C1C=CCC(c2ccc(-c3ccc4c(c3)CNC4=O)cc2)=N1,7.3,0.9270320578514243,0.8040423852200268,0.2720611694441555
CC(C)C(=O)N1C=CC=CC1CCNC(=O)c1ccccc1,7.1,0.9084153912618932,0.764009939198576,0.24638362768499258
Cc1ccc(-c2ncc(C)c(C)n2)cc1-c1cccc(C(=O)NCc2c(C)noc2C)c1,8.1,0.4700875728368779,0.83843228503293,0.159625322132979
COc1cn(C)c([C@H](C)[C@@H](O)C(=O)Nc2ccc(C)ccnc(C(F)(F)F)[nH]2)cc1=O,8.4,0.6624785253618234,0.6287039991494027,0.1749312172631425
CC1CCN(C(=O)NCN2CCC([C@H](C)NC(=O)N3CCOCC3)C(=O)CCC2=O)CC1,8.3,0.6628225806612525,0.7011355108025545,0.1928623061953088
CC[C@@H](Cn1nc(C(N)=O)ccc1=O)NC(=O)[C@@H](CC)ON1CCNCCOC1=O,6.7,0.4548052959571946,0.6684627910744844,0.10184683987288609
C[C@@H](NC(=O)NC1CCCC1)[C@@H](O)C(=O)NC(C)(C)C(=O)NC[NH+]C(C)(C)C,5.9,0.29471341344831753,0.6526398279912137,0.05674080488058596
COc1ncc(-c2csc(=O)n2-c2ccc([N+](=O)[O-])cc2)c(C)n1,6.7,0.5325283437319464,0.8140155412328988,0.14521792656151453
Cc1cccc(C2([C@@H](C)c3cc(O)n(-c4cccc5c4O[C@H](C)[C@@H]5C)c3O)CCC2)c1,8.2,0.5231630714450763,0.6518469482008382,0.13981912312846853
CC1(NC(=O)NC2CCCC2)COCCN1C(=O)c1ccc(Cn2nc(C(N)=O)ccc2=O)cc1,7.8,0.5550963025482979,0.7394108390673332,0.16007324690386035
COc1ncc([C@@H](CNc2ccccc2-c2ncc(C)c(C)n2)C(C)C)c(C)n1,7.7,0.6282152352633765,0.7445370796623474,0.18007587161501973
CC1(C)COCCN1C(=O)c1nn(NC2CCC(=NNC(=O)c3ccc(C#N)o3)CC2)c(N)c1C#N,7.5,0.516072183368832,0.692133326163551,0.1339465338058334
CC1CCN(C(=O)NCc2ccc(C(=O)NC(=O)c3ccc(CNC(=O)N4CCC(C)CC4)cc3)cc2)CC1,7.6,0.4848518831381811,0.8495854924906596,0.15653078784997063
Cc1nc(Oc2ccc(Oc3ncc(C(N)=O)cc3Cl)cc2)ncc1C1=CCc2[nH]c(=O)ccc21,8.0,0.41613797724784046,0.7667513434507583,0.1276297412462651
O=c1c2c(ncn1CCc1nccc(-c3nc4ccccc4s3)n1)CCCC2,8.5,0.5345774683583795,0.8126251734434133,0.1846247208760593
Cc1cc(C)cc(C2(c3ccc(-c4nc(C)n(F)n4)cc3)CC2)c1,7.6,0.700869744977673,0.7985399958827267,0.2126755588421435
CCCn1nc(-c2ccc(C3(c4cc(C)cc(NCC(C)(C)C)c4)CC3)cc2)nc1C,7.2,0.47726358846835587,0.7989830112673941,0.13727717966978253
NC(=O)c1ccc(=O)n(CC2=NCC(=O)N2C2=CCc3[nH]c(=O)ccc3C2)n1,7.6,0.695788328323409,0.7163944229829542,0.18941437363525868
COc1ncc(N=NN=C(O)c2cc(C)c(O)c(CCC(=O)NC3=NCCS3)c2)c(C)n1,7.6,0.24983511264631406,0.7191345072551524,0.06827271923861818
CC1CCN(C(=O)NCc2ccc(NC(=O)NC3CCCC3)cc2)CC1,6.9,0.7678189108630622,0.8883352533074567,0.23531780930314888
C[C@H](NC(=O)N1CCOCC1)c1ccccc1-c1ccc(F)cc1Cl,7.8,0.8864500462335101,0.8264263120922587,0.28570840059948105
CCCn1nc(C(=O)c2cc(-c3ncccc3CNC(C)=O)cc(C(F)(F)F)c2)nc1C,8.1,0.5565969634602449,0.8009733067889518,0.1805568207004339
Cc1cnc(C2=NCC(=O)N2c2ccc(NC(=O)c3ccc(F)cc3)cc2)nc1C,8.0,0.7242443143211186,0.8290461733357767,0.24017279093924673
COc1cc(=O)c(Oc2ncc(C(N)=O)cc2Cl)nn1-c1nc(Cl)ncc1Cl,8.9,0.5932622920066556,0.754012415117402,0.19906057444934058
CCC(=O)Nc1nc(C2CCC(=NNC(=O)C(=O)NC(=O)[C@H]3CCC[NH+](C)C3)CC2)c(C)s1,8.1,0.36190934414143383,0.6105335109520705,0.08948790192263746
CCO[C@@H](C(=O)[O-])N1C(=O)C[NH+]=C1c1cccc2c1O[C@H](C)[C@@H]2C,6.5,0.6975899149315608,0.5617928754828988,0.1273678393706135
O=C(NCC1=C(CC2CCC2)ON=CO1)NC(=O)N1CCc2[nH]c(=O)ccc2C1,8.9,0.7057931447497124,0.7016894809678301,0.22038519330748485
CC(C)C(=O)NC1=C[C@@H](C)CN1C(=O)COc1cc2c(n1C)CCNC2,6.8,0.8257571501722294,0.6675968095300919,0.18743276522655805
C[C@@H]1CCCN(C(=O)COc2cc(CC(=O)Nc3ccc(-c4ccnc(C5CCCC5)n4)cc3)ccc2F)C1,8.5,0.4004269606457962,0.7778768090059438,0.13238020971451775
O=C(CCc1cc(Oc2ccc(Br)cc2)c(-c2ccnc(C3CCCC3)n2)c(=O)o1)NC1=NCCS1,8.3,0.4028081687972079,0.766902348032771,0.1281995301398042
Cc1nc(C2=NCCN2Oc2cc(F)c(NC3=CC=C(F)C3)cc2F)ncc1F,8.3,0.7669161204875318,0.7015607664851338,0.22328587844740078
CNc1n[nH+]c(Oc2ccc(O)c(C3(C)CC3)c2)c(C)c1C,6.8,0.9100905384089103,0.7013733876630099,0.21702651656132943
CCN(C)C(=O)N[C@@H](Oc1ncc(C(N)=O)cc1Cl)[C@H]1CCC=C(OC)C1,0.0,0.6884810163590049,0.6618286571292714,0.0
C[C@@H](COCS(=O)(=O)NC(=O)N[SH](=O)=O)NC(=O)NC(=O)c1ccc(C(N)=O)cn1,7.7,0.20359124804983422,0.6754994884824945,0.05294742680811263
Cc1cnc(-c2ccc(NC(=O)c3ccc(Br)c(F)c3)cc2F)nc1C,6.9,0.6476725379303429,0.861724714845918,0.19254982440623705
COc1cc(NC(=O)c2ccc(Br)c(F)c2)ccc1Cn1nc(C(N)=O)ccc1=O,7.9,0.5687518666019896,0.8538210193260726,0.19181685790185832
CCC(=O)Nc1nc(-c2ccc(Nc3ccc(C)ccnc(C(F)(F)F)[nH]3)cc2)c(C)s1,7.5,0.41141962304602864,0.7622706819354846,0.11760491873285112
CC[C@@H](C)OC1=CC=C(c2ccc(-n3cc(C)cn3)o2)CC1,6.4,0.8063434038059113,0.6903838767305781,0.1781396752306096
COc1ccc(=O)n(-c2cc(Br)cc(NS(=O)(=O)[C@H](C)NC(=O)N3CCOCC3)c2)n1,8.4,0.5886502753868162,0.7369807221312539,0.18220604011568167
COc1ncc(-c2ccc(N3C(=O)CCCc4sccc43)cc2)c(C)n1,7.5,0.6845240784222751,0.8221783302305334,0.21105032392493284
CCC(=O)Nc1nc([C@H](Oc2cccc([N+](=O)C(=O)Cc3cccc(F)c3)c2)C(=O)NC2CC2)cs1,7.6,0.39398959021172614,0.7250042636166173,0.10854477043514482
C[C@@H]1CC=C(C2=[NH+]CC(=O)N2NC(=O)c2ccc(Br)c(F)c2)C1,7.0,0.8179613150013255,0.6579085942682776,0.18835032262142384
CC(C)=C(NC(=O)NC(=O)c1ccccc1O)C(=O)Nc1nc2ccc(F)cc2s1,7.4,0.474121961862849,0.8169618905030885,0.14331564248822737
COc1cc(NC(=O)Cc2cccc(F)c2)ccc1-c1ncccc1CNC(C)=O,7.2,0.6257085789037435,0.8692405624760483,0.19580085974605638
CCCN(CC(=O)[NH+](C)CC=O)C(=O)CCN(CC(C)(C)C)C(=O)CNC(=O)c1ccccc1O,6.6,0.3298037596706323,0.6827305748870689,0.07430514644514967
CCC(=O)Nc1nc(-c2ccc(NC(=O)c3ccc(Br)c(F)c3)cc2)cs1,7.3,0.55576471038955,0.8839900078389602,0.17932101450326465
C[C@@H](Cc1c(C(=O)Nc2ccccn2)cccc1[N+](=O)[O-])NC(=O)c1ccc(F)c(O)c1,7.8,0.38204544947850577,0.7889038712181122,0.1175448822891942
COc1ccc2[nH]c(Oc3ccc(CCNC(=O)N4CCC(C)CC4)cc3)cc2c1,7.2,0.6073548939952923,0.8466804272495438,0.18512478041041278
COc1cc(=O)c(C2(c3cc(C)cc(C(=O)NC(=O)N4CCCC[C@H]4C(N)=S)c3)CC2)n[nH]1,9.2,0.5721183187514359,0.6952053827741546,0.18296027799866094
CCNc1n[nH+]c(-c2cc(C)c(NC(=O)c3ccc(C)cc3-c3ccc(OC)cc3)c(C)c2)c(C)c1C,7.8,0.3082424171568568,0.7688077413620635,0.09242187104527497
CCC(=O)Nc1nc(-c2cc(Oc3cccc(-c4ccnc(C5CCCC5)n4)c3)ccc2OC)cs1,8.3,0.2783058528316523,0.8256941429045658,0.0953651377369495
COc1ncc(-c2ccnc(C3=CC=C(OCCC4=CC=CC4F)C3)n2)cc1Cl,7.4,0.6330398858654633,0.6651482450401792,0.15579418657582386
Nc1cc(F)c(Oc2ccc(CCNC(=O)c3ccccc3)cc2)cc1F,8.1,0.6373826977594694,0.8955047299589456,0.23116558435822712
O=C1NCc2cc(-c3ccc(-c4ccc(-c5ccc(Br)c(F)c5)c(O)c4)cc3)ccc21,7.2,0.35447934253114854,0.8433312796439092,0.10761966631588504
CC1CCN(C(=O)NC[C@]2(C)OC(=O)c3cc(N4CCc5[nH]c(=O)ccc5C4)c(OCCO)cc32)CC1,8.3,0.5088172601974486,0.6986593633528034,0.14752832637507388
CS(=O)(=O)N1CCC[C@H](Nc2cc(Cl)c(C(=O)c3ccc(C(N)=O)cn3)cc2Cl)C1,8.0,0.6247956960375703,0.773705900302382,0.1933632466031207
CCC(=O)Nc1nc(N2C(=O)[C@H](C)N(c3ccccc3-c3cc(=O)c(OC)cn3C)C2=O)cs1,7.3,0.5409822190933716,0.7144264004724147,0.1410695725198567
CCNc1n[nH+]c([C@H]2SC(CNC(=O)[C@@H]3CNC(=O)C3)=NC2=O)c(C)c1C,7.4,0.622010763935559,0.5889581872748015,0.1355451828373735
CCCN(C(=O)CCC[C@@H](C)NC(=O)N(C)[C@H](C)C(=O)N1CCC([C@@H](C)O)CC1)C(=O)[C@H](C)[NH2+]CC(C)C,5.6,0.30827646429504707,0.5942157406782361,0.05129116371812977
Cc1ccc(NC(=O)c2ccc(F)cc2Cl)c(-c2cccc(-c3cccc4c3O[C@H](C)[C@@H]4C)c2)c1C,8.5,0.3051353689501807,0.7478162709820039,0.09697870734504285
COc1ncc(C2=NCC(=O)N2c2cc(C)ccc2OC)c(C)n1,6.6,0.8574942137251204,0.8014403403144144,0.2267860499736155
CCC(=O)Nc1nc(-c2ccccc2C2(c3cccc(C)c3)CCC2)c(C)s1,8.1,0.5596692603719237,0.838284588513626,0.19001065683201437
Cc1cnn(-c2ccc(-c3ccc(Cc4ccc(F)cc4Cl)cc3)o2)c1,7.4,0.45505699236519775,0.8379926892048923,0.14109374012623283
COc1ncc(-c2ccc3c(n2)CCN(c2cccc(Oc4ncc(C(N)=O)cc4Cl)c2)C3)c(C)n1,8.6,0.41314504792822315,0.7876731748758308,0.13993200678191584
COC1=C([C@@H](C)O)CCN1C(=O)c1cc(O)nc(-c2ccc(C(C)(C)NCC(C)(C)C)cc2)n1,6.9,0.5671292859288698,0.6835284783205611,0.13373891114858544
C[C@H](NC(=O)N1CCOCC1)c1ccc(O)c(C(=O)N2CCCC[C@H]2C(N)=S)c1,7.8,0.6410194653590443,0.7549729923242463,0.18874142972108043
NC(=O)c1ccc(C(=O)c2ncnc3c2CCC3)nc1,7.8,0.8255514212199829,0.8213849746011314,0.2644572579287744
Cc1cccc(NC(=O)[C@H](CC(N)=O)N2C(=O)Cc3cc(N4C(=O)CCc5sccc54)ccc32)c1,8.5,0.5533874521509655,0.7376439393004335,0.17348623256972903
CCS(=O)(=O)N[C@H](CC(N)=O)N1C(=O)Cc2cc(-n3c(=O)cc(C(N)=O)c4sccc43)ccc21,6.9,0.3950841479572066,0.6907821015089667,0.09415638500957176
Cc1cccc(C2([C@@H](C)N(C)c3cccc(C(=O)N4CCOCC4(C)C)c3)CCC2)c1,6.1,0.6670653373371204,0.7371635486071038,0.14997955662338905
CNC(=O)[C@H](CNC(=O)c1ccc(Br)c(F)c1)C(C)C,5.8,0.8606953911639854,0.8123664572023644,0.2027680190385841
C=C1CC1(c1cc(C)cc(C)c1)c1ccc(-c2cnc(OC)nc2[C@H]2CCCN(S(C)(=O)=O)C2)nc1S,7.8,0.35859105630488247,0.6514823887857367,0.09111014560389512
CN(CCN1CCOCC1(C)C)C(=O)NC1=CC=C(F)C1,7.1,0.8615277754623026,0.7294976879154355,0.22311129469751076
CC1(C)COCCN1C(=O)c1nn(NC(=O)NC2=C(N[C@H]3CCCN(S(C)(=O)=O)C3)CCC2)c(N)c1C#N,8.3,0.3855401962201953,0.6500904121607295,0.10401393380210586
CC(C)CNC(=O)CNC(=O)c1ccc(F)c(NC(=O)N[C@@H](C)COc2c3c(nn2C)CCCC3)c1,7.8,0.39724452810919164,0.7542387662822683,0.11685071688944883
O=C(Cl)N(C(=O)c1cccc(F)c1)c1cccc(F)c1,6.6,0.6207913445014279,0.8620062480645099,0.1765915858425175
O=C1N[C@@H](CNS(=O)(=O)N2CCCCC2)C(N2C(=O)CCCc3sccc32)=C1O,6.9,0.6313072816664327,0.7032756639627203,0.1531741514490689
Cc1cnc(-c2cc(N)cc(Oc3ncc(C(N)=O)cc3Cl)c2)nc1C,8.3,0.6812529989549195,0.8188176635638668,0.23149612539356004
NC(=O)NC(=O)[C@H](Nc1ccnc(C2CCCC2)n1)c1ccc(Oc2ccc([N+](=O)[O-])cc2)cc1Br,8.0,0.2599042398873841,0.7476413273682413,0.07772606035921506
CC1CC[C@H]([C@@H](ON2CCc3[nH]c(=O)ccc3C2)C(=O)NC2CC2)NC1,0.0,0.7196407795473071,0.640023160393522,0.0
COc1cc(=O)c(C(=O)N2CCOCC2(C)C)nn1N1CCCS(=O)(=O)CC1,6.8,0.6359062615491234,0.720389438094425,0.1557540525089538
CN(C(=O)COCCCCCCCCCCN1CCCC1)C(=O)N(C)C1CCCCC1,5.0,0.35638659042018134,0.8191466642592938,0.07298322168235868
C[C@@H]1CCCN(C(=O)COCC(=O)N[C@H](C=O)C2CCC2)C1,5.3,0.7039859682756233,0.7336447583114352,0.136866038120806
O=C(NOc1ccc(OCCc2ccc3c(c2)CNC3=O)cc1)c1ccc(F)cc1Cl,6.7,0.5429395043765233,0.828289447318931,0.150653205772561
Cc1noc(CC2CCC2)c1CNc1ccc(F)c(O)c1,7.4,0.879448690728879,0.8169306016411019,0.2658259627709603
CCCn1nc(C2=CC=CN(C(=O)N[C@@H](C)c3cccc(-n4nc(C(N)=O)ccc4=O)c3)C2)nc1C,9.7,0.5228637124003072,0.7010420397019181,0.17777648006220578
Cc1cnn(-c2ccc(-c3ccc(C(=O)Nc4ccccn4)cc3)o2)c1,8.3,0.605095810135851,0.846162130500439,0.21248380134249797
CC(=O)N1CCC(CC2=CCN(C(=O)N3CCOCC3(C)C)C=C2Cl)CC1,7.1,0.7210749080231297,0.7312332521034678,0.1871822522514065
Cc1cc(=O)n([C@@H](Nc2ccc(-c3ccc(F)cc3)cc2)C(=O)N2CCCC2)cn1,7.2,0.7032387500570524,0.7824485985003835,0.1980893427815888
COc1ccc(=O)n(-c2cc(Br)cc(NS(=O)(=O)[C@H](C)Cl)c2)n1,7.0,0.7469492626847927,0.7519670620102132,0.19658843488612246
O=c1ccc2c([nH]1)CCN(c1ncc3c(n1)CCC3)C2,8.3,0.844355760975492,0.8060451955576949,0.2824443953574391
CC(=O)NCc1cccnc1C1=C(C(F)(F)F)S[C@H](C(=O)N2CCC([C@@H](C)O)CC2)N1C(C)C,6.8,0.6233158785092935,0.6615274819441016,0.14019579841244967
CC1(C)COCCN1C(=O)C1(Oc2ccc(C(=O)Nc3ccccn3)cn2)CC(C)(C)C(C)(C)C1,7.7,0.6846785593555526,0.7390023585181652,0.19480194202337056
Cc1cc(C)cc(C2(C(=Nn3cnc(C)cc3=O)c3ccccc3)CC2)c1,7.8,0.658585595002423,0.7895725989320778,0.20280044454746385
Cc1nnc(N2CC[C@H](c3scnc3NCC(=O)N3CCCCC3)C2)s1,7.2,0.8433285862008814,0.737982819426628,0.22405032278913548
Cc1cc(S(=O)(=O)c2ccc(NC(=O)c3ccc(Br)c(F)c3)cc2)ccc1NC(=O)NC1CCCC1,7.2,0.3337566363370614,0.8556401045336958,0.10280720275353283
CC1CCN(C(=O)NCc2cccc(C(N)=O)c2C(=O)N2CCOCC2(C)C)CC1,7.9,0.7828596401346979,0.8061420573242191,0.24928295195324182
COc1ncc(-c2ccc(N3C(=O)CCCc4sccc43)cc2)c(C)n1,7.1,0.6845240784222751,0.8221783302305334,0.1997943066489364
CC(=O)NC1(c2ccccc2Oc2ccc(C)cc2C)CCN(c2ncc(C(N)=O)cc2Cl)CC1,7.8,0.5110103113150068,0.8096103858369437,0.1613505095710558
NC(=O)c1ccc(=O)n([Se]c2cccc(N3CCc4[nH]c(=O)ccc4C3)c2)n1,9.0,0.5235157778825005,0.7371915334990204,0.17366912959865988
CC(=O)NCc1cccnc1C(=O)NN=C1CCCCC1,7.4,0.8281399675262107,0.8335403669605282,0.2554065941977967
NC(=O)c1cnc(Oc2ccc(F)c(C(=O)NC3=NCCS3)c2)c(Cl)c1,8.4,0.8284315815766066,0.8177227039572633,0.2845194714307743
CC(=O)c1ccc(=O)n(Cc2ccc(C(=O)N3CCOCC3(C)C)cc2)n1,7.6,0.7671022499131731,0.8289005341547497,0.24162355658764903
CN(CCN1CCOCC1(C)C)C(=O)NC1=CC=COC1,6.3,0.8456403605087901,0.7205686720452741,0.19194271475390728
CCNCCN(CN(C(=O)Nc1nncs1)n1nc(C(N)=O)ccc1=O)S(=O)(=O)N[C@@H]1CCCN(C)C1,8.2,0.16970724627578054,0.6590940900500544,0.04585974765420478
COc1ncc(-c2cnc(-c3cc4cc(C)ccc4[nH]3)c(O)c2)c(C)n1,7.0,0.5852507756329439,0.8041500613462647,0.1647203064948633
CC(C)(C)c1c(CNC(=O)N2CCCC2)ccc(NC(=O)c2ccc(F)cc2Cl)c1C(C)(C)C,7.0,0.5078979554534833,0.8200936281551535,0.14578335695715106
Cc1cnn(-c2ccc(-c3cc(Cl)ccc3Oc3ncc(C(N)=O)cc3Cl)o2)c1,8.6,0.47993933021311086,0.7989857195808187,0.16488980857534716
CCC(=O)Nc1nc(-c2ccc(Br)cc2-n2cnc3c(c2=O)CCCC3)cs1,7.7,0.6297658624783866,0.8093946104220974,0.19624570154336451
Cn1c(-c2ccnc(C3CCCC3)n2)cc2c1CCNC2,7.7,0.9207526826011639,0.7856088284989897,0.27849030298150695
CCCn1nc(-c2ccc(N)cc2C(C)(C)NCc2ccc(-c3ncc(C)c(C)n3)cc2)nc1C,7.4,0.33812978705228536,0.7868849541257976,0.09844561953008521
COc1cn(C)c(-c2ccc(C(=O)N3CCCC[C@H]3C(N)=S)cc2)cc1=O,7.0,0.8177041170149056,0.7826388937961885,0.22398846595759717
CC1(C)COCCN1C(=O)c1ccc(NC(=O)c2ccc(F)cc2Cl)cc1,6.8,0.8618438614843659,0.8651682264624421,0.25351757454351026
Cc1nc(-c2ccc(C(=O)n3cnc4c(c3=O)CCCC4)cc2)c(C)s1,6.6,0.6965586775422359,0.818371682967886,0.18811448608462109
NC(=O)C1=NCC(=O)N1c1ccc(NC(=O)c2ccc(F)cc2)cc1,6.8,0.8763690971007204,0.8557028785200556,0.25496993007193686
COc1cc(=O)[nH]nc1NC(=O)c1ccc(F)cc1C=O,6.4,0.8176981888506821,0.8250101547589368,0.21587497898553717
Cc1cccc(C2(c3ccc(C(=O)CC4=CC=CC4F)cc3)CCC2)c1,7.4,0.6186372273639427,0.7413204986037809,0.16968512940239047
CN(NC(=O)N1CCOCC1)n1ccc2c1CCN(C(=O)c1ccc(C(N)=O)cn1)N2,8.3,0.559947264437568,0.7271572225212564,0.16897542449022096
CC(C)(C)c1cccc(Cc2cccc([C@@H](NC(=O)N3CCOCC3)c3cccc(F)c3)c2)c1,8.7,0.519316490643768,0.7989549273085967,0.1804860540291145
Cc1cnc(O[C@H](C(=O)NC2CC2)c2ccc([S-])c([N+](=O)[O-])c2)nc1C,7.9,0.4701682453921241,0.6987132835881152,0.12976255543783355
CSCCNN1C(=O)C[NH+]=C1C1=CC=CC=CC(=O)CC1,7.1,0.6772039651844419,0.5989083163455567,0.14398199574695794
CC(=O)NC1CCN(COc2nc3c(c(C(=O)N4CCOCC4)n2)CCC3)CC1,7.3,0.7588607698685729,0.7994517608566158,0.22143549123149975
CC(C)(C)C1=CCN(C(=O)COC(=O)NN=C2CCCCC2)C1,6.6,0.6416080662089181,0.7687334012935056,0.162764431841263
Cc1ccc2[nH]c(-c3c(C)cc(C(=O)NC(=O)c4ccc(F)cc4Cl)cc3C(=O)[O-])cc2c1,8.8,0.44309867215216836,0.7987971488019182,0.15573622061934994
COc1cn(C)c(-c2c(C)cc(N[C@H]3CCCN(S(C)(=O)=O)C3)nc2N2CCCNCC2)cc1=O,7.1,0.607860104336828,0.7185897585605385,0.15506472619296466
CNC(=O)NC(=O)[C@H](S[C@H](SC)C(=O)NNC(=O)CO)c1cnc(OC)nc1C,7.1,0.24249657770440616,0.6552398123987586,0.05640716128924351
C[C@@H]([C@H](O)CCNNC(=O)Cc1cccc(F)c1)[C@@H](O)C(C)(C)O,6.4,0.3324087666774331,0.7016368585831319,0.07463367770145517
O=CS(=O)(=O)CNC(=O)Nc1ccnc(C2CCCC2)n1,6.6,0.7769900397523855,0.7747399888640483,0.19864853406592903
C[C@@H]1c2cccc(-c3ccc(Oc4ncc(C(N)=O)cc4Cl)cc3)c2O[C@@H]1C,8.2,0.661312480411425,0.7574484071643499,0.20537313481947106
CC=CCc1cnc(-c2ccccc2N[C@H]2CCCN(S(C)(=O)=O)C2)nc1C,7.4,0.7523319807304137,0.7573968189762268,0.21083112413714075
COC1=CCC[C@H](NC2=COCCC2C2=NC=C(C)S(C)=C2)C1,7.7,0.7996037074211256,0.5050343699936327,0.15547353152947047
COc1cc(C2=CC=C(C(=O)NC(=O)CCc3ccccc3)C2Cl)ccc1C,6.8,0.7452165144053848,0.7738556310502287,0.1960745986482385
CC1(C)COCCN1C(=O)[C@@H]1c2cccc(c2Cl)C(=O)N1Oc1cc(F)c(N)cc1F,6.8,0.7234519329232333,0.6125148109032053,0.15066250812329107
CCNc1n[nH+]c([C@@H](Nc2ccc(-c3ccc(N)cc3)cc2)C(=O)N2CC=CCC2)c(C)c1C,8.1,0.3660167010517542,0.6869698361111344,0.10183418541986196
CCC(=O)Nc1nc(-c2ccc(C(=O)NCC(=O)NC)cc2C)cs1,6.8,0.7328050672290517,0.8712099146723092,0.21706519363129967
Cc1cccc(C=CN2CCC(c3c4c(nn3C)CCCC4)CC2)c1,7.9,0.8256857570310125,0.7910223365962261,0.2579886713442537
CCNc1n[nH+]c(NS(=O)(=O)Oc2ncc(C(N)=O)cc2Cl)c(C)c1C,6.4,0.6209405524326221,0.6913574804136836,0.1373734066612795
Cc1nnc(N2CC[C@H](N3CCN(c4cccc(-c5ccc6c(c5)CNC6=O)c4)CC3)C2)s1,9.4,0.6453932116937425,0.7621064119590855,0.23117340328733427
NC(=O)c1cnc(Oc2cccc(-c3ccccc3NC(=O)CCl)c2)c(Cl)c1,8.5,0.5800495780081923,0.860598512564259,0.212155666720135
Cc1cnc(-c2cnc(-c3ccc(-c4ccc(O)cc4)cc3)c(Cl)c2)nc1C,7.1,0.47875864203711727,0.8536471104220973,0.1450852806344303
NC(=O)c1ccc(C(=O)N2Cc3ccccc3[C@@H](c3ccc(-c4ccccc4)cc3)C2)nc1,8.2,0.5095796558961687,0.8095651302382291,0.16914054740185683
C[C@H](NC(=O)N1CCOCC1)C1(C(F)(F)F)C=CN(C(=O)N2CCC([C@@H](C)O)CC2)C1,6.6,0.6918850504092641,0.6340546426131292,0.1447686663609822
COc1ncc(OCc2ccc(NCC(=O)N3CCCCC3)cc2)c(C)n1,6.9,0.807615550913395,0.8556090154170772,0.238396085491623
COc1cc(-n2cnc3c(c2=O)CCCC3)ccc1-c1ccc(F)c(O)c1,7.6,0.7687866764303681,0.8305608738150893,0.24263917082629383
CC1=C(C(C)(C)NCC(C)(C)C)CCC(C2(c3ccc(-c4nc(C)n(CCCCl)n4)c(C(N)=O)c3)CC2)=C1,6.5,0.3402311262171401,0.6918157281834323,0.07649760440873851
NC(=O)c1ccc(=O)n(CC2=NCC(=O)N2C2=CC=COS2)n1,8.5,0.7498083459279278,0.6902663894591861,0.2199661873852649
O=C(Nc1ccc(N2C(=O)CN=C2Cl)cc1)c1ccc(F)cc1,7.0,0.8787429613964544,0.8642834308793044,0.26581904353786867
C[C@@H]1CCCN(C(=O)COCN(C(=O)NCCNC(=O)CC=O)C(=O)Nc2nncs2)C1,7.6,0.186834132854183,0.7016651062128304,0.049816096835858706
COc1ccc(-n2c(-c3ccnc(C4CCCC4)n3)csc2=O)cc1,6.9,0.7106799957937275,0.8310849287985442,0.20376922462745903
O=C(Cc1cccc(F)c1)NNCC(=O)N1CCCC1,6.8,0.7764480700754491,0.8724173632650989,0.2303115045225493
Cc1cnn(-c2ccc(-c3cc(F)cc4c3N[C@H](C(=O)c3ccc(C(N)=O)cn3)N4c3ccc(F)cc3F)o2)c1,9.3,0.28476383098003244,0.6809719978304584,0.09017103062493237
O=C(Cc1cccc(F)c1)Nc1ccc(NC(=O)c2ccc(F)cc2Cl)cc1,7.4,0.6291452960787062,0.9112230500520876,0.21211792737894206
CC(C)CN(C(=O)C=CCl)N1C(=N)SC(=CCNC(=O)c2ccccc2O)C1=O,7.1,0.5684023216328533,0.7243280023366547,0.14615694994390369
Cn1ccc2c1CCN(C(=O)CCCNC(=O)N1C=CC(C)(C(=O)N3CCc4[nH]c(=O)ccc4C3)C1)C2,7.2,0.5991444478584282,0.6620731362465764,0.14280387971700703
CC(=O)NCc1cccnc1-c1ccc(N[C@H]2CC=C(C3(c4cccc(C)c4)CCC3)C2)c(F)c1,8.2,0.3908395302022351,0.7371459595024538,0.11812337000599009
NCN(C(=O)NCC1CCC1)c1ccc2c(c1)CNC2=O,6.9,0.7265645520351751,0.7948038741313235,0.19922933066359613
CC(=O)NC1(C2=C(F)CCC=C2)CCN(CNC(=O)N2CCC(C)CC2)CC1,7.6,0.7731935222112918,0.75091379980866,0.22062864058542664
O=C1C[C@H](C(=O)NCc2ccccc2N2C(=O)CCCc3sccc32)CN1,7.6,0.8514952223097759,0.7622122902458925,0.2466276469414645
CCC(=O)Nc1cnc([SH2](=O)CS(=O)(=O)C(C)C)n1NCC(=O)N1CCCCC1,6.5,0.5482372812870239,0.7040282944496052,0.12544173138191236
CCC(=O)Nc1cc(I)ccc1NC(=O)[C@H](O)[C@@H](C)NCC(=O)N1CCCCC1,6.1,0.39511303955254146,0.743500990899745,0.08959891560954103
Cc1cccccc(-c2ccc(-n3cc(C)cn3)o2)[nH]c1,7.0,0.7637642941701273,0.750329056152198,0.20057608968859747
CC1=C(S(=O)(=O)N(C)CC(C)C)S(=O)(=O)NC1=NC(=O)NC1=NCCS1,6.9,0.6661073824759612,0.6822633157377798,0.15678891783488466
CC1=NN(N2CCC(C(N)=O)CC2)C(=O)/C1=N\NNCC(=O)N1CCCCC1,6.8,0.3829081877799114,0.7375313265856805,0.09601830645590456
NC(=O)c1ccc(=O)n(CC2CCC(C(=O)NC(=O)c3ccc(=O)[nH]n3)CC2)n1,8.0,0.5508734728318028,0.8047485319867204,0.17732584742872792
Cc1c(Oc2cc(F)c(N)cc2F)cc(C)n(NC(=O)NC2CCCC2)c1=O,7.2,0.6954421942055521,0.7960285989335859,0.19929307517738798
CC(C)=C(NC=O)C(=O)NNC(=O)Cc1cccc(F)c1,7.0,0.4208787145385183,0.8126395977297588,0.11970794824645982
COc1ncc(NC(=O)c2nn(N[C@H]3CCCN(S(C)(=O)=O)C3)c(N)c2C#N)c(C)n1,6.8,0.5276088359062608,0.6933198908148275,0.12437257817117876
CCC(=O)N(C)CC(=O)NC1=NC(=N)S/C1=N\NN1C(=O)CCCc2sccc21,7.4,0.6003057673828599,0.7084283040664925,0.15735123078209828
CS(=O)(=O)N1CCC[C@H](n2c3ccccc3c(=O)n2C(=O)CCc2ccccc2)C1,6.6,0.6269430851451272,0.7745430970797798,0.1602461648241494
COC1(C)CC(Oc2ccc(C(=O)Nc3ccccn3)cn2)(C(=O)N2CCOCC2(C)C)CC1(C)C,7.8,0.6503125696431512,0.6588801110429328,0.1671064270586468
Cc1cnc(C2=NCCN2OC2(c3cc(Oc4[nH+]nc(NCN)c(C)c4C)ccc3O)CC2)nc1C,8.6,0.40445446304268245,0.6346871723173972,0.11038188557627589
CC(=O)N1CCC(CCC(=O)NCC(=O)Nc2c(CNC(=O)[C@@H]3CNC(=O)C3)cccc2OC(F)(F)F)CC1,8.1,0.34375574118731334,0.7387848517661991,0.10285442139022391
C[C@@H](CC(=O)NCC1CCC1)NC(=O)N1CCOCC1,5.6,0.7809431735342066,0.8167472627176038,0.17859329581017733
CCCCN(C(=O)[C@]12CC1=CC=CC=CC(=O)N2c1ccc(F)c(O)c1)N1C(=O)CCCc2sccc21,7.2,0.5780385356211295,0.6008364336169527,0.12503038040487552
C[C@@H]1NC(=O)N(C2=C(O)C(=O)N[C@H]2C(=O)NC2=NCCS2)C1=O,7.9,0.4473712741405416,0.6350073291388323,0.11221319498054157
Cc1cnc(C2=CC=CC=CC(N(C(=O)C(=O)NCc3c(C)noc3C)c3ccc(Cl)cc3)C(O)=N2)nc1C,7.7,0.4500662004510418,0.6182271933203903,0.10712361810658962
O=C(NC(=O)c1ccccc1O)C(=O)Nn1ccncc1=O,7.3,0.608362889943185,0.8044661871585963,0.17863369168570326
CC(=O)Cn1nc(-c2ccc(C(=O)c3ccc(C(N)=O)cn3)c(O)c2)nc1C,7.2,0.6143575245552003,0.8140250025299893,0.18003685877293135
COC(=O)NCc1ccc(C(=O)c2ccc(C(N)=O)cn2)c(C(=O)O)c1C(C)(C)C,7.1,0.6149889642352263,0.8139817955077224,0.1777093865705965
Cc1cc(C(=O)c2ccc(C(N)=O)cn2)ncc1C(=O)NCc1c(C)noc1C,8.3,0.6065097519987864,0.8156304147027699,0.2052954372257784
CC(=O)NC1(C(N)=O)CCN(c2cccc(C(=O)O)c2)CC1,7.0,0.7424548575453739,0.8490823620219844,0.22064186344876266
O=C(Nc1ccc(OCCC2=CC=CC2F)cc1)c1ccc(F)cc1Cl,6.7,0.7401901792860791,0.7823789185622009,0.1940015793200684
Cc1noc(C)c1CNC(=O)NC(=O)N1CCC2=C(CC(Cn3nc(C(N)=O)ccc3=O)C=N2)C1,7.6,0.5587245862519431,0.6729111086390314,0.14286935268829806
Cc1cnc(-c2ccc(C3(c4cccc5c4O[C@H](C)[C@@H]5C)OCCO3)cc2)nc1C,0.0,0.6241440122620928,0.7015690845848405,0.0
C[C@@H]1CCCN(C(=O)COC2=NCC(=O)N2OC(=O)COCC(=O)N[C@@H]2CC(=O)O[C@H]2C)C1,6.6,0.43075471320609193,0.6399019661895896,0.09096146001558361
Cc1cc(=O)n([C@H](C(=O)N2CCCC2)c2ccc(ON[C@H]3CCCN(S(C)(=O)=O)C3)cc2)cn1,8.1,0.5789291140534019,0.7034507539619389,0.16493548931741003
C=Cc1cc(C)cc(C2(c3ccc(C4=CC(=O)C(C)=N4)cc3)CC2)c1,8.1,0.7677225676253627,0.7733274939046709,0.2404488925404913
Cc1nc(-c2ccc(C3(C(=O)c4ccc(=O)n(CC5=NCC(=O)N5c5ccc(Br)s5)n4)CC3)cc2)nn1F,8.2,0.3006262302212506,0.6988559046297971,0.08613871059145427
O=C(NC1CCCC1)N[C@@H]1NC(O)=NC1C(=O)Nc1ccccn1,7.8,0.5476032984028982,0.6983088785407077,0.14913453562523896
C[C@@H](O)C1CCN(C(=O)c2cccc(-c3ccnc(C4CCCC4)n3)c2)CC1,8.0,0.8707745236353719,0.7931320588574583,0.27625567629261805
Cc1cc(C)cc(C2(C(=O)N(CC(C)C)[C@H](C)NC(=O)N3CCOCC3)CC2)c1,6.7,0.7448209991286747,0.7437422775899081,0.18557488020673174
NC(=S)[C@@H]1CCCCN1C(=O)c1ccc(C(=O)N2CCN(N3CCc4[nH]c(=O)ccc4C3)CC2)cc1,7.9,0.6014415067507123,0.7340270366332766,0.1743823591288489
COc1ccc(NC(=O)c2ccc(Br)c(F)c2)cc1-c1ccc(F)c(O)c1,8.1,0.5814834351001619,0.8786422777444931,0.20692095160427482
COc1cc(=O)cnn1N1CCc2[nH]c(=O)ccc2C1,7.8,0.8082479981157409,0.7127264051004566,0.22466327914940232
CC(=O)N(C)[C@@H]1NC(=O)C(O)=C1C(=O)N1CCC([C@@H](C)O)CC1,8.2,0.6387184017947898,0.6895874768599636,0.18058540655825597
O=C(Cc1ccc([N+](=O)[O-])cc1)N[C@H](c1ccc(F)c(O)c1)C1CCC1,7.4,0.608987963662582,0.8086827069659892,0.18221687293681404
CN1C(=O)CCC[C@@H]1c1nc(O)cc(C(=O)N2CCOCC2(C)C)n1,6.8,0.8602433023657153,0.7062643857964681,0.20657013057748808
O=C(Cc1cccc(F)c1)Nc1ccc(NCC(=O)N2CCCCC2)cc1,7.4,0.8200713991715839,0.89901335466757,0.2727844016653842
CC(=O)NCc1cccnc1-c1cnc(-c2ccc(-n3cc(C)cn3)o2)nc1Cc1ccc(C)cc1,8.3,0.3598183981328095,0.7753735525974371,0.11578237290481457
C[C@@H]1CCCN(C(=O)CON2CCc3ccccc3C2)C1,6.9,0.854886172584286,0.7909045920916685,0.233266022866341
COC1=C(CNC(=O)c2ccc(C)c(C(=O)N3CCOCC3(C)C)c2)C(C)=NC1=O,7.2,0.7949489585471279,0.7773844362206679,0.2224731412671718
NC(=O)c1cccc(Nc2nc(C(=O)NN=C3CCCCC3)cs2)c1,8.6,0.7144365780003137,0.8395067002538773,0.2579029464792175
Cc1ccc(C(=O)NCc2c(Cn3nc(C(N)=O)ccc3=O)noc2C)cc1C(=O)N1CCOCC1(C)C,9.6,0.4671774644379275,0.7733681404313787,0.17342408012342714
CC(C)(C)c1ccc(NC(=O)NC2CCCC2)cc1C(=O)Nc1ccccn1,7.9,0.7190738623789943,0.8653792331095365,0.24579727709198534
COc1ncc(-c2ccc(-c3ncc(C)c(C)n3)cc2)c(C)n1,7.4,0.7404712961420479,0.8452157385716121,0.23156745758011857
Cc1ccc2[nH]c(-c3ccc(-c4ccnc(C5CCCC5)n4)cc3)cc2c1,9.0,0.4722429648096755,0.8517895726162882,0.18101323492482704
Cc1cccc(C2(CCC(=O)N(C)C(=O)[C@H]3CCN(c4nnc(C)s4)C3)CCC2)c1,7.3,0.7015229423962466,0.7397392961748022,0.18941459199541663
C[C@@H]1CCCN(C(=O)COc2cc(CNC(=O)c3ccccc3)ccc2F)C1,7.8,0.8305610467433073,0.8442167264737925,0.27345767592712983
C=C1CCCN1C(=O)NCc1ccc(CNC(=O)c2ccccc2)cc1,7.5,0.8685902550247826,0.8696833558715592,0.28327443295023236
C[C@H](NC(=O)N1CCOCC1)C1=Nc2ccc(-c3ccc(NC(=O)c4ccc(F)cc4Cl)cc3)cc2CC1,7.0,0.4306995120232105,0.7581227070829325,0.11428307799801701
COc1ccc(C(C)(C)C)cc1NC(=O)N[C@@H](C)COc1cc2cc(C)ccc2[nH]1,8.3,0.5121426775663493,0.7840968494648857,0.1666513258818584
COc1ccc(=O)n(C2=CC(Br)=C(c3ccc(-n4cc(C)cn4)o3)C2)n1,7.4,0.6532763577587855,0.715420123716327,0.17292580949483446
C=Cc1cc(C)cc(C2(C3=C(C(F)(F)F)C(C4=CC(=O)C(C)=N4)C=C3)CC2)c1,6.5,0.6613713215816213,0.6385873944899869,0.1372616014377422
Cc1cc(=O)n([C@@H](NC2=C(C(N)=O)C(c3ccc(F)cc3)C=C2)C(=O)N2CCCC2)cn1,8.4,0.7116459286321072,0.6788671347341786,0.2029074736566034
Cc1cc(C)cc(C2(NCC(=O)N3CCCC3)CC2)c1,7.0,0.9131315074009219,0.8446428115010735,0.26994448728846476
CC1(C)COCCN1C(=O)CC(=O)N[C@H](OC(F)(F)F)C1CCC1,6.6,0.605122878524272,0.6909183963775907,0.1379698745176559
Cc1noc(C)c1CNC(=O)c1ccc(C(=O)c2ccc(=O)[nH]n2)cc1,8.1,0.6725188004146169,0.8473410390468312,0.2307903755443492
O=C(C1=CC=C(F)C(C=NN2CCc3[nH]c(=O)ccc3C2)=CC=C1)c1ccc(=O)[nH]n1,9.6,0.5813939600881782,0.6746166729023361,0.18826466832009617
Cc1cc(=O)n(C2=CC=CC=C[C@H](C(=O)c3ccc4ncsc4c3)CCO2)cn1,8.2,0.6161500069170948,0.6372978427768561,0.16099513879643584
CNC(=O)CNC(=O)C1=C(N2C(=O)CCCc3sccc32)C(=O)N[C@H]1N1C(=O)CCCc2sccc21,7.0,0.5420236693220472,0.6809941177151493,0.12919022566474336
CC1=NN(C2N=C(C(N)=O)C=CC2=O)C(=O)/C1=N\Nc1nc2ccccc2[nH]1,8.9,0.6348785582093374,0.6806061665906377,0.1922855064802844
O=C(N[C@H]1CNCc2ccccc21)c1ccc(F)cc1Cl,7.3,0.8951310879003941,0.8174852394224799,0.2670911048729669
CS(=O)(=O)N1CCC[C@H](Nc2c(NCC(=O)N3CCCCC3)ccc(Cl)c2[N+](=O)[O-])C1,7.0,0.45999052064158635,0.7589102391258871,0.12218203060551165
NC(=O)c1cnc(OCCOc2ccc3c(c2)CC(=O)N3)c(Cl)c1,7.4,0.7751762881149066,0.8400914782896963,0.2409510277125014
CCN(CC(=O)Nc1cc2cc(C)ccc2[nH]1)C(=O)c1csc(-c2cc(=O)c(OC)cn2C)n1,7.0,0.42223748768396374,0.7835621548229936,0.11579726049384284
COC(=O)[C@H](CC(=O)NC(=O)c1ccc(=O)[nH]n1)Sc1cccc(Br)c1C1(c2cc(C)cc(C)c2)CC1,9.0,0.30097773902794916,0.7051701842965655,0.09550823746477614
O=C1NN=C(C[S+]([O-])N[C@@H]2CCOC[C@H]2O)/C1=N/NNC(=O)c1ccc(F)cc1Cl,8.3,0.25639826247499825,0.5716496997722849,0.060826545752876826
C[C@@H]1CCCN(C(=O)CO[C@@H]2CCNC[C@@H]2S(=O)(=O)C(=O)NC2=NCCS2)C1,6.5,0.6524761165577292,0.6350549111720311,0.13466640272879316
Cc1nc(O)cc(CNC(=O)c2ncc(OCc3ccc(NCC(=O)N4CCCCC4)cc3)c(C)n2)n1,6.9,0.39968418833304553,0.7954352048309996,0.10968339160397073
Cc1cnc(C2=NCCN2Oc2cc(F)c(F)cc2F)nc1C,7.5,0.8151454155271842,0.7626968628319672,0.2331408191904164
COc1cc(C2=CCCC(CNC(=O)c3ccccc3-c3ccc(F)cc3Cl)=N2)ccc1C,8.3,0.45611775804951504,0.8108976398002817,0.1534938975914393
CCC(=O)Nc1nc(-c2cccc(/C=N\c3ccccc3CNC(=O)N3CCCC3)c2)c(C)s1,8.4,0.4410427560282611,0.8182492489318922,0.1515708196241301
Cc1cc(C)cc(C2(N3CCc4cc(NC(=O)c5ccc(Br)c(F)c5)ccc43)CC2)c1,8.3,0.46292026437323086,0.8203013568352184,0.1575896602033299
CN(C(=O)CNC(=O)CCCCCC(=O)NCC(=O)Cn1nc(C(N)=O)ccc1=O)[C@H](C#N)c1ccccc1F,6.0,0.25426704351512963,0.7232673490279333,0.05517091515250739
CC(=O)N1CCC(CC2CCN(C(=O)N3CCC([C@@H](C)O)CC3)CC2)CC1,6.7,0.819610982635026,0.7773108991942991,0.213426004217021
O=C(Cl)N(C(=O)c1cccc(F)c1)c1cccc(C(=O)n2cnc3c(c2=O)CCCC3)c1,9.0,0.44214775932498934,0.7921401482807933,0.1576093462351729
COc1c(NC(=O)c2ccc(F)cc2Cl)n[nH]c1C=CC1=CC(=O)C(C)=N1,7.0,0.8198905154260311,0.7481628931291087,0.21469408102458942
Cc1cc(=O)n([C@@H](Nc2ccc(-c3ncc(C(N)=O)cc3Cl)cc2)C(=O)N2CCCC2)cn1,8.1,0.5751757286455196,0.7453624265575011,0.17362932260408231
C[C@H](NCC1CCC1)c1cccc(-n2nc(C(N)=O)ccc2=O)c1,8.4,0.8465126968495456,0.8026956567105413,0.2853866673468121
Cc1ccc2[nH]c(-c3ccc(C4=NC(=O)C=CC4)cc3)cc2c1,7.5,0.7478632774521244,0.8171686768388557,0.22917391683447097
O=C1C=CCC(N(NC(=O)N2CCOCC2)c2ccc3c(c2)CNC3=O)=N1,9.2,0.7050336915124994,0.7259944197563277,0.23545124185800823
Cc1ccc(Oc2cc(F)c(N)cc2F)c(-c2ccccc2NC(=O)CCl)c1,7.3,0.43768490580632063,0.8537135601262393,0.13638500178954258
CC(=O)NC1CCN(CNC(=O)[C@@H]2CNC(=O)C2)CC1,6.8,0.6037603569810418,0.7738299550252961,0.15885066896215672
COc1ncc(N=Cc2ccc(NC(=O)c3ccc(F)cc3Cl)cc2)c(C)n1,6.5,0.6375743176077515,0.8365669643656223,0.17334642371754494
Cc1cnn(-c2ccc(S(=O)(=O)Cc3c4c(nn3C)CCCC4)o2)c1,7.5,0.7131551203831205,0.7423732886732828,0.19853524201987802
Cc1ccc2[nH]c(N/N=C3\C(=O)NN=C3c3ccc(OC=O)cc3)cc2c1,8.3,0.4785925491275278,0.7611691732080043,0.15118030639300828
CCNc1n[nH+]c(-c2ccc(C(=O)c3ccc(C(N)=O)cn3)cc2F)c(C)c1C,8.2,0.6239303164395009,0.7445698377796928,0.19046947474384854
O=c1ccc2c([nH]1)CCN(N1CCc3ccccc3C1)C2,7.7,0.8646781216218227,0.7930316572831086,0.2640010926653868
Cc1cc(NC(=O)NNC(=O)N(COCC(=O)N2CCC[C@@H](C)C2)C(=O)Nc2nncs2)ccc1F,8.2,0.3351652668633151,0.7155914684909508,0.09833497625577123
C[C@@H]1c2cccc(-c3cccc(-n4cnc5c(c4=O)CCCC5)c3)c2O[C@@H]1C,8.3,0.6569421093916664,0.7341824064671254,0.20016086559484675
CCNc1n[nH+]c(-c2ccccc2C2=CC[C@@H](C)C2)c(C)c1C,7.4,0.9075135196892286,0.6655505321381003,0.22347855920212398
O=C1Cc2ccccc2N1C1(C2C=CC=C2n2cnc3c(c2=O)CCCC3)CCC1,8.3,0.7915092883962928,0.6891373509935467,0.2263653249312665
C[C@@H]1CC(=O)N(C)C(CN(CC(C)(C)C)C(=O)Cn2nc(C(N)=O)ccc2=O)=CC=CC=CS1(=O)=O,0.0,0.5842004004170089,0.6074612413083226,0.0
CCC(=O)Nc1nc(-c2cccc(S(C)(=O)=O)c2N(CC)C(=O)C(=O)c2ccc(C(N)=O)cn2)c(C)s1,7.6,0.3063686628780936,0.771285553161914,0.08979313497537443
CC1(C)C=CC(S(=O)(=O)CCC(=O)NC2=NCCS2)=CC=C(C(=O)N2CCOCC2(C)C)OCC1,8.3,0.5862651530499551,0.6404261339671642,0.15581570306069198
CC[C@H](NC(=O)[C@@H](CC)OCNC(=O)[C@@H]1CNC(=O)C1)C(=O)NCC(=O)NC(C)CC(C)=O,6.4,0.19233420531419276,0.6565526710389008,0.040408811593976836
CC1=C(c2cccc(Oc3ccc(C)cc3)c2)S(=O)(=O)NC1=NNC(=O)c1ccc(F)cc1Cl,9.2,0.4833272396078597,0.7905723572521435,0.1757683713648403
Nc1cc(F)c(OOc2ccc(NC(=O)c3ccc(Br)c(F)c3)cc2[N+](=O)[O-])cc1F,8.3,0.21438510305297948,0.8151959987450328,0.07252783945272212
Cc1cc(=O)n(-c2cccccoc(-c3ccc(CNC(=O)c4ccccc4O)cc3)cc2=O)cn1,8.1,0.4466017649617619,0.7763675892845089,0.14042448993159581
CCNc1n[nH+]c(S(=O)(=O)NS(=O)(=O)S(=O)(=O)NC(=O)NNC(=O)CO)c(C)c1C,6.1,0.15187482986364173,0.654819058821332,0.03033241261073774
O=C(CCl)Nc1ccccc1-c1ccc(-c2ccc(-c3ccnc(C4CCCC4)n3)cc2)cc1,8.0,0.30221168769872525,0.8541409726367589,0.10325255394927425
CCNc1n[nH+]c(-c2ccc(-c3ncccc3CNC(C)=O)cc2)c(C)c1C(=O)c1ccc(F)cc1,7.7,0.36205546831689256,0.7598649466106636,0.10591860475454504
Cn1nc2c(c1-c1cc(=O)n(C)c(N3CCc4ccccc4C3)n1)CCCC2,8.3,0.6909526618512214,0.8004563316946519,0.22952713472823486
O=C(Nc1ccc(-c2ccc(F)cc2)cc1)C1=NCC(=O)N1c1ccc(NC(=O)c2ccc(F)cc2)cc1,9.2,0.37044898401022175,0.8420554798809198,0.14349175462097816
Cc1cc(=O)n(N(Cc2ccc(C(C)(C)C)cc2)C(=O)Nc2nncs2)cn1,7.4,0.7289876102748089,0.7791322977988232,0.21015178298830536
CCCN(CC(=O)N(C)Cc1ccc(-n2cc(C)cn2)o1)C(=O)Cc1nc(NC(=O)CC)sc1C,7.6,0.43206168914211485,0.7659032308417179,0.12574862858201277
CCCn1nc(C2=C(C)NC(=O)[C@@]2(O)c2nc(-c3ccc4c(c3)CNC4=O)cccccs2)nc1C,8.0,0.4924661557143185,0.6413981002826817,0.1263467426914717
CC1=C(C(F)(F)F)[C@@H](c2csc(=O)n2NCC(=O)N2CCCCC2)NC(O)=N1,6.8,0.692083782505641,0.6622363718284379,0.15582983806346468
Cc1cnc(C2=NCCN2Oc2cc(-c3csc(N4CCC4=O)n3)c(N)cc2F)nc1C,8.5,0.46718640802641004,0.7320930082413456,0.14536015871614738
CC1=CCC(C[C@H](Oc2ncc(C)c(C)n2)C(=O)NC2CC2)=C1,7.3,0.8768868539360353,0.6985934500375086,0.2235944055930548
O=C(CNC1=CC=C(F)C1)NC(=O)c1ccc(F)cc1Cl,6.8,0.8976962413521062,0.7990751414963372,0.24389109536691586
Cc1cc(=O)n(C2=CC(=O)N(C(=O)N3CCC([C@@H](C)O)CC3)C2)cn1,7.5,0.8386265551890913,0.7047401940461895,0.2216301904635929
COc1cc(=O)c(C2(c3cccc(C)c3)CCC2)n[nH]1,7.8,0.9321892793033333,0.7810837455670077,0.28396597860370626
CC1=C2CNC[C@H](C3=C(C)CC=C3CC(=O)N3CCOCC3)C2=CC1,7.9,0.8588679672745992,0.6621486667329229,0.22463582037504418
O=C(NCCC1C=CC=CN1C(=O)C1CCC1)c1ccccc1,7.3,0.9088846841875302,0.7707184718906553,0.25568038844646945
Cn1ccc2c1CCN(C(=O)CCCNC(=O)N1C=CC(C)([C@H]3CNCc4ccccc43)C1)C2,8.0,0.6725435959411621,0.6509720386296522,0.1751228302868542
C[C@H](CC(=O)OCC(=O)CCNCC(C)(C)C)NC(=O)N(C)[C@H](C)C(=O)NC1=NCCS1,5.4,0.3044606885293747,0.6818101043227295,0.05604778092826341
COc1cn(C)c(-n2nc(C(F)(F)F)c(C(=O)Nn3cnc4c(c3=O)CCCC4)c2C)cc1=O,7.9,0.6112555466612669,0.7327906864498276,0.1769293367954989
CCCn1nc(Cc2ccc(N3CCc4[nH]c(=O)ccc4C3)c3ccn(NC)c23)nc1C,8.5,0.4904222249332503,0.7337580969987421,0.15293679335948707
CCC(=O)Nc1nc(C#Cc2ccc3c(c2)[C@H](c2cccc4c2O[C@H](C)[C@@H]4C)C(=O)N3C)c(C)s1,8.5,0.5183356303255853,0.6515774515353105,0.14353771884518482
Cc1cnc(-c2cc(Cl)c(-c3cccc4c3O[C@H](C)[C@@H]4C)c(Cl)c2)nc1C,0.0,0.48585053943603695,0.7266570590696735,0.0
NC(=O)c1cnc(Oc2ccc(CNC(=O)c3ccccc3O)cc2)c(Cl)c1,8.2,0.5901910137403862,0.8765768962059338,0.21211260086720435
COc1cc(=O)n([C@@H](O)CCC(=O)NC(C)C)nc1CC1CCN(C(C)=O)CC1,6.1,0.6591845082761721,0.7382186164409305,0.14841979408207392
Cc1cc(C=N)cc(C2(C3=C(Br)C(c4nc(C)n(F)n4)C=C3)CC2)c1,7.2,0.7581439535721437,0.6055725240350411,0.1652800131167717
COc1c(NC(=O)c2ccc(F)cc2Cl)n[nH]c1C=CC=CC(=O)n1cnc2c(c1=O)CCCC2,8.0,0.3946314112300643,0.7436847622541772,0.11739254689546433
O=C(c1cccc(F)c1)N(C(=O)n1cnc2c(c1=O)CCCC2)c1cccc(F)c1,8.6,0.646881768569221,0.8058150421140571,0.22414483562044168
Cc1cccc(C=CN2CCC(c3c(-n4cnc(C)cc4=O)on3C)CC2)c1,7.3,0.6956285561834772,0.7477651873451742,0.18986088843757468
Cc1cc(=O)n(-c2ccc(-n3cnc4c(c3=O)CCCC4)cc2)cn1,6.9,0.7183032424238223,0.822964819911997,0.20394271299751593
Cc1cc(=O)n(C2=CC=CC=C[C@H](C(=O)C3CCN(C=Cc4ccc5c(c4)CNC5=O)CC3)CCO2)cn1,0.0,0.6568971559415294,0.5980640858214821,0.0
Cc1cc(=O)n(-c2cccc(NC(=O)c3ccc(F)cc3Cl)c2)cn1,7.4,0.778780848417983,0.8737819993991764,0.25177933412504727
Cn1c(N)c(Cn2nc(C(N)=O)ccc2=O)c(-c2ccccc2NC(=O)CCl)nc1=N,7.6,0.3913250683891347,0.7766425145821368,0.11548948035045042
CC1CCN(C(=O)NC[C@@H](C)NC(=O)OC(=O)C=C(n2cccc2)n2ccccc2=O)CC1,7.5,0.39226320607902593,0.6991907143986921,0.10285004673401832
CCc1ccc(CC(C)(C)C)c(C2(NC(C)=O)CCN(C(=O)Nc3ccccn3)CC2)c1,7.6,0.7006053080425427,0.7989556769468837,0.2127059835006897
COc1cc(=O)c(NCC(=O)N2CCCCC2)nn1C(=O)NNC(=O)CCC(=O)N(C(C)C)C1CC1,7.1,0.4086278157823052,0.7571682465786694,0.10983700240660166
CCC(=O)Nc1nc(N2C(=O)c3ccccc3[C@H]2c2cccc3c2O[C@H](C)[C@@H]3C)cs1,9.2,0.6194634112419061,0.6943999161631084,0.19787145678294663
COc1ncc(-c2ccc(-c3c(C)cccc3-c3ccccc3NC(=O)CCl)cc2)c(C)n1,8.0,0.3458794349769217,0.8376144974107562,0.11588545163716424
CC/C(=N/C(C)=O)C(=O)N(C)C(=NCc1ccccc1)OC(=O)N[C@H](C)CCC(=O)NC1=NCCS1,7.4,0.4016220436446609,0.6684181508976531,0.09932704159589929
NC(=S)[C@@H]1CCCCN1C(=O)NCC(=O)N1CCCC1,6.4,0.7420094621924401,0.806796987992329,0.19156831973077396
C[C@@H]1c2cccc(NC(=O)C(=O)C3=CC=CCN3)c2O[C@@H]1C,7.7,0.8388752886114962,0.6816805147284712,0.22016030133546663
COC1=C(CNc2nc(C(=O)NN=C3CCCCC3)cs2)C(C)=NC1=O,6.8,0.7434290919968578,0.7563294792256823,0.19117429491700977
O=C(N[C@@H](c1ccc(F)cc1)c1ccccc1-c1ccc(F)cc1Cl)N1CCOCC1,8.0,0.5861119489247729,0.8092469760758981,0.1897237289237295
CCNc1n[nH+]c(C(=O)CCc2ccccc2)c(C)c1C,6.0,0.8298301317899565,0.7644223878210237,0.19030221924861399
NC(=O)c1ccc(=O)n(Cc2ncnc3c2CCC3)n1,8.2,0.822726839597468,0.8095806561126023,0.273086131187134
CC(C)N1CCCC2(NCC(=O)N3CCCCC3)CC2OCC(C)(C)[C@@H](CNC(=O)N2CCCC2)C1=O,7.4,0.5627019103401932,0.5906492829738043,0.12297300755205726
NC(=O)c1ccc(=O)n(Cc2ccconc(C(=O)N3CCCC[C@H]3C(N)=S)c([N+](=O)[O-])c2)n1,8.2,0.3324061170979873,0.6820810328907221,0.09295844215264969
O=C1Cc2cc(-n3cnc4c(c3=O)CCCC4)ccc2N1,7.1,0.8633305322215369,0.8203798247158876,0.2514319274970013
COc1cnn(-c2ncccc2CNC(C)=O)c(=O)c1,6.7,0.8646300244149989,0.8429719323801943,0.2441677122291405
Cc1cccc(CCc2ccccc2N(C)C(=O)N[C@H](NC(=O)c2ccc(Br)c(F)c2)C2CCC2)c1,7.6,0.31870027911323073,0.7525564342182928,0.09113917934085448
C[C@@H]1CCCN(C(=O)COc2cc3cccccc(CNC(=O)c4ccccc4O)ccc3o2)C1,8.6,0.5339451747295891,0.7453123272677817,0.17112104594877836
O=C1NCC2=C(C(=O)N3C=CC=CC3CCNC(=O)c3ccccc3)CC=C12,6.9,0.8243892270762735,0.6858467787055113,0.195064620047477
Cc1ccccc1N[C@@H](C(=O)N1CCCC1)C1=NC(=O)C=C1,7.4,0.923513172320385,0.7601062210529225,0.25972819977686634
C[C@@H]1CCCN(C(=O)C2C=CC=CN2C(=O)NC2=NCCS2)C1,7.1,0.795282369410737,0.6634794903109936,0.18731700709403407
C[C@H](CCC(=O)NC1=NCCS1)NC(=O)NCCOCCC(=O)NCC(C)(C)OCc1ccccc1,6.1,0.2619051082400912,0.7392812972023288,0.05905457218991355
O=C1C[C@H](C(=O)NCc2ccc(Oc3ccnc(C4CCCC4)n3)cc2)CN1,7.3,0.8036627995315967,0.7782391373555936,0.22828627299877163
C[C@@H](NC(=O)OC(=O)Nc1ccccn1)c1nc[nH]ccc(F)cc1C#N,8.0,0.7115377894902567,0.6722554747601645,0.1913340697934282
CC1=CCN(c2cccc(Oc3ncc(C(N)=O)cc3Cl)c2)C1,8.1,0.8728932364353669,0.8139968036603695,0.28776558328003327
CCCn1nc(C2=C(C(N)=O)C=CC(Oc3ccc4c(c3)CC(=O)N4)C2C(N)=O)nc1C,7.4,0.5842402710851414,0.6553864605768751,0.14167417045539699
NC(=O)c1ccc(=O)n(CNN2CCc3ccccc3C2)n1,8.6,0.8196075756053072,0.8039398955995178,0.28333354836882296
CC(O)=NC(=O)O[C@H](CC(=O)N[C@H](CNC(=O)N1CCCC1)C1CCC1)C(C)C,6.5,0.41954455685646225,0.6900610517566094,0.09409119140301757
Cc1cc(-c2cc(C)c(C(=O)c3ccc(=O)[nH]n3)c(C)c2)cc(-n2cnc3c(c2=O)CCCC3)c1,8.0,0.4583469926731146,0.7814813434507584,0.14327584944032018
CC1(C)COCCN1C(=O)[C@@H](NNCC#N)C(=O)N1CCCC1,5.5,0.2984616468683106,0.6979160461913547,0.057282822443575215
CS(=O)(=O)C(CS(=O)(=O)CCC1CC1)NC(=O)NCS(=O)(=O)Cn1nc(C(N)=O)ccc1=O,6.2,0.2602580578484752,0.6714710486732421,0.05417428281904486
CNCC(=O)N/N=C(\c1ccccc1C)N(C)C(=S)NCOCC(=O)N1CCC[C@@H](C)C1,6.4,0.13256418133449732,0.7115234044938253,0.03018320563745867
CC(C)N[C@@H]1C(C(=O)c2ccc(C(N)=O)cn2)=CC=CC=CCC[C@@H]1NC(=O)c1ccc(Br)c(F)c1,9.6,0.44214519194146956,0.6341901117100127,0.13459397216131466
CCNc1n[nH+]c(NC(=O)[C@H](O)[C@@H](C)C2=CC=C(C(=O)[O-])C=CN[C@@H](C)C(=O)N2CC)c(C)c1C,0.0,0.3926236738406821,0.46182592810338896,0.0
NC(=O)c1cccc(NC2=C(C(=O)NC(=O)CNC3=CC=C(F)C3)C(Cl)=CC(F)=[SH]2)c1,9.3,0.24059184327516375,0.6808581454355517,0.07617114604195074
O=C(NC1CC1)C(=O)c1cnc(Oc2ccc(F)c(C(=O)NC3=NCCS3)c2)c(Cl)c1,7.6,0.504233804993601,0.7969109059068364,0.15269517896399465
NC(=O)C1=C(CCC(=O)NC(=O)c2ccc(F)cc2Cl)C=CC1,7.7,0.8638710509376794,0.8053092559943603,0.26783809102269013
CC[C@@H](O)C(=O)N[C@@H](CC)C1(c2cc(C)cc(C)c2)CC1,5.5,0.8455336193525496,0.7158099541465143,0.1664413798569733
N=C1S/C(=C/C(=O)C(=O)C(=O)NC(=O)c2ccccc2O)C(=O)N1N1C(=O)CCCc2sccc21,7.2,0.30820593231948423,0.7215880841327569,0.08006318215947603
COc1cc(=O)c(-c2ncc(C)c(C)n2)nn1N1C(=N)S/C(=C/C(=O)N2CCC[C@H](O)C2)C1=O,8.1,0.5833176725604039,0.6527861386066209,0.15421658487594148
CC1=C(c2ccnc(C3CCCC3)n2)[SH](=O)(O)N/C1=N\N1C=CCCC1,6.8,0.7069120330449673,0.6278047917689951,0.1508929389796295
Cc1nc(N)c(C(=O)NCC(=O)N2CCCCC2)nc1C(=O)N1CCOCC1(C)C,7.3,0.7217105614983628,0.7930160146921524,0.20889973213284355
CC1(C)COCCN1C(=O)C(=O)C(=O)Oc1cc(F)c(N)cc1F,7.7,0.2848058174893741,0.767599693787434,0.0841674904430835
C[C@@H]1c2cccc(CC(=O)NCC3CCC3)c2O[C@@H]1C,6.9,0.9154263297650973,0.7680186624233234,0.24255725433998238
COc1ccc(NC(=O)c2ccc(Br)c(F)c2)c(Oc2c(-n3cnc(C)cc3=O)ccc([O-])c2O)c1OC,9.2,0.3283455723868623,0.7560714371346752,0.11419624604401753
Cc1ccc2[nH]c(-c3ccc([C@H](C)NC(=O)N4CCOCC4)c4ccccc34)cc2c1,8.5,0.4724754835958583,0.796340443856557,0.15990681793517855
CS(=O)(=O)N1CCC[C@H](NSN2CC[C@@H](NC(=O)NC3CCCC3)C2)C1,6.7,0.5681928463743693,0.6913451281877303,0.1315938143310333
CCC(=O)Nc1nc(-c2ccc(-c3ccc(-n4cc(C)cn4)o3)cc2-c2ccc(C)cc2)c(C)s1,8.2,0.2777745328049708,0.8016325742199893,0.09129597665193347
O=C(NCc1cccnc1[C@H]1CNCc2ccccc21)N1CCOCC1,8.1,0.8848922832350816,0.7751361424194249,0.2777943563078411
O=C1NCc2cc(-c3ccc(CC4C=CC=CN4C(=O)NC4=NCCS4)cc3)ccc21,8.1,0.7797733582533128,0.7000376054983339,0.22107762318993265
CC(C)C(=O)N1C=CC=CC1CCNc1ccc(-c2ccc3c(c2)CNC3=O)cc1,7.6,0.7571288831328443,0.7251138936703299,0.20862177553431546
Cc1cc(Cn2cnc3c(c2=O)CCCC3)cc(C(=O)Nc2ccccn2)c1,8.1,0.7611394865829965,0.8436517732900933,0.2600653544186267
C[C@@H]1CCCN(C(=O)COc2ccc(-c3ccnc(C4CCCC4)n3)cc2)C1,7.2,0.7706670909206984,0.8093738465488394,0.2245528036033523
CC(=O)NC(CN(CC(C)(C)C)C(=O)OCC(=O)N1CCC[C@@H](C)C1)[C@H](C)C(C)(C)C(C)(C)O,5.8,0.5213220492137238,0.6584658900548345,0.09954910827081022
CCC(=O)Nc1nc(-c2cccc(-c3cccc(C(=O)CCC(=O)N4CCCC[C@H]4C(N)=S)c3)c2)c(C)s1,7.2,0.2600311459904018,0.7684832093946482,0.07193864506077802
NC(=O)c1ccc(=O)n(-c2ccn(CC(O)=NNC(=O)c3ccc(Br)c(F)c3)n2)n1,9.1,0.2693797267111993,0.7721739386958596,0.09464364208362745
Cc1nnc(N2CC[C@H](c3cc(C(C)(C)c4ccc(F)c(O)c4)ccc3Cl)C2)s1,8.2,0.5782286914359535,0.7560012771932114,0.17922806798648946
CCCCCC=C(NCC[C@@H](O)c1cccc2c1O[C@H](C)[C@@H]2C)c1ccc(C(=O)OC)cc1,5.8,0.3242993267088049,0.6953798134942253,0.06539824954369075
CC(=O)c1cc(-c2ccc3c(c2)CNC3=O)cc(C)c1C(=O)Nc1cccc(C)c1,7.9,0.6273654297560458,0.837049039097466,0.20742857390540545
Cc1cc(C)cc(C2(CCN(C)C(=O)CCc3nc(N)c(C#N)cc3NCC(=O)N3CCCCC3)CC2)c1,8.6,0.4914905500708107,0.7610343523326849,0.16083771275383302
CC(=O)N1CCC(CCC(=O)N(/C=C/c2ccc(-c3ncc(C)c(C)n3)cc2)NC2CCCC2)CC1,7.9,0.5254365295956644,0.7725396423889003,0.16033861672540028
CCCn1nc(-c2ccc(C3=Cc4c(cc(C(=O)C(C)C(C)C)n4C)C3)cc2)nc1C,6.4,0.4729629910696541,0.7074116702528996,0.10706545263372522
COc1ccc(N(C(=O)CNC(=O)c2ccccc2)[C@@H](C)NC(=O)OCc2nnc(C)s2)c(O)c1,7.3,0.3813913849031551,0.750071705185342,0.10441587354231767
COc1ncc2[nH]c(Oc3ccc(CCNC(=O)N4CCC(C)CC4)cc3)cc2n1,9.5,0.6469659070499622,0.8128859091239912,0.2498069980241546
CCC(=O)Nc1nc(-c2ccc(-c3ncc(Cn4nc(C(N)=O)ccc4=O)c(C)n3)cc2Cl)cs1,7.8,0.3883411813321396,0.8015946872498166,0.1214039688405027
CC(=O)c1ccc2[nH]c(Oc3ccc(CCNC(=O)N4CCC(C)CC4)cc3)cc2c1,7.5,0.54296434414453,0.8393032761866921,0.17089190733489848
CC1CCN(C(=O)NCN2CCN(C(=O)N3CCC([C@@H](C)O)CC3)CC2)CC1,7.0,0.7530270590586473,0.7712567995020299,0.2032720338277994
CCNc1n[nH+]c(N[C@H](C(=O)c2ccc(C)cc2C)C(=O)N2CCCCC2)c(C)c1C,7.8,0.5262026302549686,0.6868705253512898,0.1409589000629397
CC1=C(C(=O)Nc2ccccn2)S(=O)(=O)N/C1=N\[C@H](C(=O)NNC(=O)CS)C(C)C,7.7,0.29385771981904385,0.6681277102298829,0.07558877690828783
Cc1cccc(C(=O)N(C(=O)n2cnc3c(c2=O)CCCC3)c2cccc(F)c2)c1,8.3,0.648598747959687,0.8080510602136047,0.2175018759659473
COc1cc(=O)[nH]nc1NC(=O)c1ccc(F)cc1-n1nc(C(N)=O)ccc1=O,7.7,0.5346248160957713,0.8063890685489237,0.16597950887772434
CCCn1nc(-c2ccc(-c3ccc(ON[C@H]4CCCN(S(C)(=O)=O)C4)cc3)cc2C(N)=S)nc1C,6.8,0.3212266320370883,0.7244164494505854,0.07911863112475423
COC1=C(CNNC(=O)[C@H](Cc2ccc(F)cc2)Oc2ncc(C)c(C)n2)C(C)=NC1=O,8.1,0.5698647936898171,0.7007813128775763,0.16173699230528696
COc1ncc(-c2ccc(C3(c4cncc(C)c4)CC3)c(S)n2)c(C)n1,7.0,0.710979714226748,0.7554023667602138,0.18797651559588505
Cc1cnc(C2=NCCN2Oc2cc(F)ccc2F)nc1C,7.0,0.873667050751582,0.772113809499238,0.23609963817641885
CC(=O)NCc1cccnc1-c1c(C)nn(-c2c3c(nn2C)CCCC3)c1NC(C)=O,8.2,0.6581077507421282,0.7746760694788966,0.20902633351178876
CS(=O)(=O)N1CCC[C@H](NN=C([O-])c2ccc3c(c2)CNC3=O)C1,0.0,0.40879997139916996,0.6993590321410809,0.0
NC(=O)c1ccc(C(=O)c2ccc3ncsc3c2)nc1,8.0,0.7449960570547774,0.8530397654243431,0.25420450470082717
Cc1nnc(N2CC[C@H](c3cc(C(C)C)cc(N(C)N4C(=O)CCCc5sccc54)c3)C2)s1,8.4,0.4646756735395191,0.7007751854755447,0.1367659361504647
Cc1cnn(-c2ccc(-c3cc(Br)ccc3[C@H](C)NC(=O)N3CCOCC3)o2)c1,7.9,0.6315580703846642,0.7477577114773566,0.18653970486347726
C=C(C)NC(=O)c1ccc(C(=O)N2CCOCC2(C)C)c(C)c1Sc1n[nH]c(-c2cnc(OC)nc2C)n1,8.7,0.4636996829789545,0.7231848437280818,0.14587315350577484
CCCn1nc(C2=CC(C)=CC=COC(=O)C[C@@H]2C(=O)NCc2c(C)noc2C)nc1C,6.8,0.6871592134520158,0.6211148139768085,0.14511362079213758
CCNc1n[nH+]c(-c2ccc(CNC(=O)N3CCCC3)cc2Cl)c(C)c1C,6.8,0.8219755989380784,0.7597009390130494,0.2123149156820844
CC[C@H](NC(=N)S)S(=O)(=O)N1C(=O)CN=C1C(=O)Nc1cccc(C)c1,6.4,0.3186091455197054,0.6830212173444996,0.0696373780575872
CC(=O)NCc1cccnc1C1=C(O)C(=O)N[C@H]1c1ccccc1Cl,7.9,0.7836778630713461,0.7716230989673551,0.23885805681161454
Cn1ccc2c1CCN(C(=O)CC(C)(C)c1cccc(CCNC(=O)c3ccccc3)c1)C2,8.3,0.5935544996333891,0.8217840555122294,0.20242605390864735
O=C(NCC1=CC=C(c2noc(CC3CCC3)c2CNc2ccc(F)c(O)c2)C1)N1CCCC1,8.1,0.5097796915193465,0.7469592960276538,0.15421779520012666
O=C1C=CCC(N(NC(=O)N2C=NC=CC2)c2ccc3c(c2)CNC3=O)=N1,8.7,0.7279501357454579,0.6579285420442962,0.2083385395990011
Cc1ccc2[nH]c(-c3ccc(-c4ccc5c(c4)CNC5=O)c(C)c3)cc2c1,7.7,0.5009104386869293,0.8401894887898583,0.1620309788828018
C[C@H](c1nc(Oc2cc(F)c(N)cc2F)nc2c1CCC2)S(=O)(=O)c1ccc(Cl)cc1,9.0,0.5433245190625845,0.7362104180167637,0.1800005270840201
COc1ncc(C[S@+]([O-])n2cnc(C)cc2=O)c(C)n1,6.6,0.7563682189035507,0.6527107242560654,0.1629175838283862
CC1(C)COCCN1C(=O)S(=O)(=O)CC(=O)N1CCCC[C@H]1C(N)=S,5.9,0.689001547316131,0.7080831481718819,0.14392176349207664
Cc1cc(O)c(S(=O)(=O)Oc2cc(F)c(N)cc2F)cc1NC(=O)Cc1cccc(F)c1,7.9,0.28996267312095436,0.8220237026574514,0.09415069512557897
COc1ncc(-c2ccc(NC(=O)NC3CCCC3)c(C(=O)[O-])c2C)c(C)n1,7.0,0.8175152946231371,0.7878930473057265,0.2254401158448818
CCN[C@@H](c1ccc(Cl)c(Cl)c1)c1ccccc1NCC[C@@H](O)C(=O)Nc1ccccn1,7.7,0.33705686468494944,0.7502616740410255,0.0973591263050366
Cc1cnc(C2=NCCN2Oc2cc(Oc3cc(F)c(N)cc3F)ccc2F)nc1C,7.9,0.618642913747529,0.7604378731924243,0.18582360313031546
NC(=O)c1cccc(Nc2cccc(Nc3nc(C(=O)NN=C4CCCCC4)cs3)c2)c1,8.7,0.38764698178864343,0.8292624807869967,0.13983557753762435
CCNc1ccc(-c2ccc(-c3ccc4c(c3)CNC4=O)cc2)c(C)c1C,6.9,0.6647639185367941,0.8494903443445599,0.1948251328726528
C[C@@H](CC1SC(Cn2nc(C(N)=O)ccc2=O)=N[C@]1(N)NC(N)=O)NC(=O)N1CCOCC1,7.7,0.2728037755130008,0.6216386378791042,0.06529036645599881
NC(=O)NC(=O)[C@H](NC=O)c1ccnc(C2CCCC2)n1,7.5,0.6637074375964571,0.7430920886184816,0.18494840476318947
Cc1cnn(-c2ccc(C(=O)NNC(=O)OCc3ccc(Oc4ccc(Cl)cc4)cc3)o2)c1,7.4,0.39543077687030775,0.8256113998140643,0.12079469817193934
O=C(Nc1ccccc1N1C(=O)CCCc2sccc21)c1ccc(F)cc1Cl,7.6,0.5889072798690573,0.8470342258067125,0.1895533563128131
CC1C(=O)NC(=O)N[C@@H]1c1ccc(-n2c(NC(=O)c3ccc(F)cc3Cl)csc2=O)cc1,8.8,0.5375866492135439,0.7119700387964083,0.16840805849867915
CCCCC(NC(=O)N[C@@H]1CC[NH+](CCNC=O)C[C@H]1C)[C@@H](NC(=O)CNC(=O)NC1CCCC1)C1CCC1,6.4,0.1169991972693886,0.5582138014415475,0.020899381335473578
COc1ncc([C@H](N[C@H](C)CCNC(=O)CNC(=O)CCCCC(C)C)C(=O)N(C)C)c(C)n1,5.5,0.3279030230591455,0.7098455421447708,0.06400913727294032
CC(C)c1ccc(-c2ncc(Oc3cc(F)c(NC(=O)NC4CCCC4)cc3F)cc2Cl)cc1,7.3,0.3763964509841585,0.8330391200726562,0.11444683343910465
CC1=NC(c2ccc(C(=O)c3ccc(=O)n(CC4=NCC(=O)N4C4=CC=COS4)n3)cc2)=CC1=O,7.4,0.4517037526674905,0.6839641126815277,0.11431118786361046
CC1=NC(C2=NCC(=O)N2c2ccc(NC(=O)c3ccc(F)cc3)cc2)C(F)=C1C,7.6,0.83307705548752,0.7409356331711393,0.23455746072343772
NC(=O)c1ccc(=O)n(-c2ccc(Cl)c(N3C(=O)CCCc4sccc43)c2)n1,9.1,0.711567990859424,0.8075858543364107,0.2614667709365763
NC(=O)c1ccc(C(=O)[C@H]2CCC[C@H](N=C(O)[C@H]3CCCCN3NC(=O)NC3CCCC3)C2)nc1,0.0,0.265454826813798,0.6553716524772258,0.0
NS(=O)(=O)N1CCN(C2=NCC(=O)N2CCC(=O)NC2=NCCS2)CC1,6.8,0.5367726328851725,0.7575933045895078,0.1382628199386341
Cc1cccc(C2(C(=O)N(C)C(=O)CN3CCc4[nH]c(=O)ccc4C3)CCC2)c1,7.8,0.8638929923146671,0.7842786364501583,0.26423779904004374
Nc1cc(F)c(Oc2ccc(C(=O)CNC(=O)N3CCCC3)cc2O)cc1F,8.3,0.5367883325094597,0.8370581360631228,0.18646906204438207
COc1ncc([C@@H](NC(=O)Cc2ccc(OCCO)cc2)C2CCC2)c(C)n1,7.0,0.6882977031853539,0.7807656602615237,0.18808972373940108
CCCNC(=O)[C@@H](CC)OC1(c2cccc(C)c2)CCC1,6.1,0.8309732911926404,0.7737867071501543,0.19611380645011225
COc1ncc([C@H]2C=C(O)CCC=NC(CNC(=O)[C@@H]3CNC(=O)C3)=N2)c(C)n1,0.0,0.6680102555176508,0.571906915581834,0.0
CN1N=C(C(=O)c2ccc(C(N)=O)cn2)/C(=N/N)C1=N,7.3,0.36460883599963506,0.741529583987846,0.09868440704414227
NC(=O)c1cnc(OCCNC(=O)n2cnc3c(c2=O)CCCC3)c(Cl)c1,7.9,0.728419350402464,0.7922505341547497,0.2279507946807781
Cc1ccc2[nH]c(-c3cccc(-c4cccc(ONC(=O)NC5CCCC5)c4)c3)cc2c1,9.1,0.3264098777732355,0.8316808465895767,0.12351832378414836
Cc1cc(C)cc(C2(c3c(F)cccc3-c3ccc(C)c(N)c3C3(c4cccc(C)c4)CCC3)CC2)c1,8.4,0.27838885023060345,0.7778633052156854,0.09095035789374008
C[C@@H]1CCCN(C(=O)COc2cc(CCNC(=O)N(C)c3ccc4c(c3)CNC4=O)ccc2F)C1,8.4,0.6346719539538117,0.7606044676609619,0.20274841594408022
CC(=O)NC1(C2CCC2)CCN(c2cccc(C(=O)O)c2)CC1,7.1,0.895791070764671,0.8293108051396596,0.26372567101713235
C=C1CCCN1C(=O)NCc1ccc(CNC(=O)c2ccc(C3=NC(=O)C=CC3)cc2)cc1,7.6,0.7145393043111394,0.792843302648072,0.21527672672272183
CC(C)=C(NC(=O)c1cc(C)ccn1)C(=O)Nc1nc2ccc(F)cc2s1,7.3,0.6703357029013306,0.8191912008214164,0.20043358493582136
CNCc1ccc(-c2cc(=O)c(-n3cnc(C)cc3=O)ccccco2)cc1,7.6,0.7585258700719443,0.7805553803199463,0.22498715061867935
O=C(NCc1ccc(-c2ccco2)cc1)c1ccccc1O,7.6,0.7725058991591518,0.9119976184322406,0.26771894529804113
CCNC(=O)N(C)[C@H](C)C1(c2cc(C)cc(C)c2)CC1,6.5,0.8965679916966105,0.751425673457807,0.2189538672624352
O=c1ccc2c([nH]1)CCN(c1ccc(-c3ccc(F)c(O)c3)cc1)C2,7.7,0.7535476804582506,0.8416549908521679,0.24417745894956308
CCC(=O)Nc1nc(N2C(=O)Cc3cc(C(=O)COC)ccc32)c(C)s1,6.9,0.7867604844862943,0.8025189456151488,0.2178296170892536
C[C@@H]1CCCN(C(=O)CO[C@@H](OOC2CCN(C(=O)C(C)(C)C)C2)C(=O)NC2CC2)C1,6.5,0.3494027152450629,0.6697143711199164,0.07605000640508001
CCN(C)C(=O)N[C@H](C)Oc1cc(C)cc(C2(NCC(=O)N3CCCC3)CC2)c1,7.0,0.6557332667977913,0.7385409922929266,0.1695000641391131
COC1=C(CNC(=O)C2=CCOCC2(C)C)C(C)=NC1=O,6.3,0.8378980534475433,0.7084182751926469,0.18697842255033423
CN(CCN1C=C(C(=O)NC(=O)CNC2=CC=C(F)C2)CC1(C)C)C(=O)NC1=CC=C(F)C1,6.6,0.5165939014461303,0.64779089351874,0.1104327922513598
Cc1nnc(N2CC[C@H](C3=NN(n4nc(C(N)=O)ccc4=O)C(=O)C3)C2)s1,9.2,0.7267820177297856,0.6742428829999673,0.2254126973554654
CCCn1nc(-c2cc(O)c(O)c(-c3cnc(OC)nc3C)c2)nc1C,6.7,0.6777867681806027,0.7869255695467727,0.1786781924248987
CN(C(=O)CC(=O)Nc1cc(C(C)(C)C)cc(C(F)(F)F)c1)c1ccnc(C2CCCC2)n1,7.3,0.6004897737346773,0.7972426188873885,0.17473865453697524
Cc1ccc(NC(=O)NC2CCCC2)c(C)c1CNC(=O)c1ccccc1O,7.5,0.6308414554746555,0.8682935466441032,0.2054083367790813
COc1cn(C)c(N/N=C2\SC(=N)N=C2CN2CCCCC2=O)cc1=O,7.4,0.7513901907758378,0.7194396691838176,0.20001456680350171
CCCn1nc(-c2ccc(-c3ccc(=O)n(-c4cc(Br)cc(NS(=O)(=O)[C@H](C)Cl)c4)n3)cc2)nc1C,6.8,0.28985225150409666,0.7348719970514992,0.07242146299031423
CCNc1n[nH+]c(-c2ccc(-c3ncc(C(N)=O)cc3Cl)c(C)c2)c(C)c1C,7.1,0.686324769415722,0.7352645629695498,0.1791437499820679
COC1=C(CCNC(=O)c2ccc(OF)cc2)N=C(C(=O)NN2CCc3ccccc3C2)C1Cl,9.0,0.5594034761548438,0.7004029844061385,0.1763135388837093
CC1=C(n2cnc(C)cc2=O)S(=O)(=O)N/C1=N\c1cccc(OC(C)(C)C(=O)N(C)C)c1,7.1,0.7252964689366956,0.7149493313457903,0.1840853300502824
CC(C)=C(NC=O)C(=O)NC1(c2cccc(C)c2)CCC1,6.4,0.6452844034400022,0.7840433764072218,0.16189790797312614
Cc1cnn(-c2ccc(-c3cccc4c3OCC(=O)N4c3ccc4c(c3)CNC4=O)o2)c1,7.8,0.5390866541504626,0.7611721582063518,0.16003172327998003
O=C(CCc1ccc2c(c1)CNC2=O)NC(=O)c1cccc(Oc2ccccc2)c1,8.6,0.6620405915214237,0.8643702592566174,0.24606672502466426
O=C(NCc1cccc(-c2c3c(nn2F)CCCC3)c1)c1ccccc1,8.0,0.7710302998046875,0.8419113207838398,0.2596556552291698
CC(=O)NCC1=COCCC1[C@H]1CNCc2ccccc21,6.6,0.8924619718246758,0.6926391020477932,0.20399083939622728
COc1ncc(-c2ccc(C(=O)N3CCc4c(ccn4C)C3)nc2)cc1Cl,6.7,0.6966502243502121,0.8045844502386659,0.18777216915209866
Cc1cc(C)cc(C2(C(=O)CCc3ccccc3)CC2)c1,5.5,0.7846081751450817,0.8747465077688723,0.1887416468231437
Cc1cc(=O)n(-n2cnc(C(=O)c3ccc(C(N)=O)cn3)c(C3(O)CCCC3)c2=O)cn1,8.1,0.5239914688042443,0.736996299245933,0.15640280820479335
COc1ncc(-c2cccc(COc3cc(F)c(N)cc3F)c2O)c(C)n1,7.9,0.6642722769984443,0.8126494572316728,0.21322909961594913
Cc1noc(C)c1CNC(=O)S(=O)(=O)NS(=O)(=O)[C@H](C#N)C(=O)C[SH](=O)=O,6.5,0.3682918659327806,0.6181543809756757,0.07398989988131772
CC(=O)NCc1cccnc1N=Cc1ccc(-n2cc(C)cn2)o1,6.8,0.7312302592136669,0.772573463993677,0.19207589207481696
C[C@@H]1CCCN(C(=O)COc2ccc([C@H](C)NC(=O)N3CCOCC3)cc2)C1,7.4,0.8396417125983482,0.7931863404652262,0.24641716480760043
CCC(=O)Nc1nc(-c2ccc(OC3CN(C(=O)N4CCOCC4(C)C)CCO3)c(Cl)c2)c(C)s1,7.5,0.6257654153554939,0.7224737460016688,0.1695371564063152
Cc1cccc(C2CCN(C(=O)NCc3cc(N4C(=O)CCCc5sccc54)ccc3C)CC2)c1,9.0,0.4594245047744085,0.8156420441362118,0.1686266739902094
CCNc1n[nH+]c(-c2ccccc2C2=CC=C(c3ccc(-c4ccc(F)c(O)c4)cc3)C2)c(C)c1C,8.5,0.3138464009564611,0.7312406132626869,0.09753632474991812
CCNc1n[nH+]c(C(=O)N(C)CC(C)(C)C)c(C)c1C,5.8,0.9175009677417504,0.6984464040623583,0.1858393229764582
CC1=NN(NC(=O)c2ccc(F)cc2Cl)C(=O)/C1=N\N,7.4,0.6190945094378203,0.7683797264379886,0.17600887782640445
CCC(=O)Nc1nc(-c2cccc(C(=NCC#CCNC(=O)[C@@H]3CNC(=O)C3)C(C)C)c2)cs1,7.2,0.39914641504230536,0.7051787361243513,0.10132904321571552
CC(C)C(=O)Nc1cc(-c2ccc(F)c(O)c2)ccc1[C@H](C)NC(=O)N1CCOCC1,7.9,0.672478521388727,0.7901343893942234,0.20988262032189375
Cc1cc(C)cc(C2(N(C)C(=S)NCCOc3ccccc3)CC2)c1,6.7,0.6212765474667009,0.8294147466519237,0.17262413662298834
CNC(=O)NC(=O)CS[C@H](C)NC(=O)N1CCOCC1,6.2,0.6116835516540255,0.7676774375427786,0.14556845507145674
Nc1cc(F)c(Oc2cc(CCC(=O)NC3=NCCS3)ccc2Cl)cc1F,8.5,0.7246412723858661,0.8181507365838995,0.2519679610736759
CCCC(=O)NNC(=O)NCS(=O)(=O)[C@H]1CCN(c2nnc(C)s2)C1,6.4,0.5789113045497156,0.7248322787730568,0.13427635202696112
C[C@@H](NCC(=O)N(C)C)NC(=O)c1ccc(Br)c(F)c1,6.9,0.791444751670705,0.7887185617016387,0.21535837234039007
NC(=O)c1cnc(Oc2ccc(CNC(=O)c3ccnc(C4CCCC4)n3)cc2)c(Cl)c1,7.8,0.5596544471070469,0.8303408729184745,0.1812345452359929
COc1ncc(OCc2ccc(NCC(=O)N3CCCCC3)cc2)c(NN=C2CCCCC2)n1,7.8,0.5336918801721474,0.8033672803290666,0.16721273177996562
C[C@H](NC(=O)N1CCOCC1)C1=CCCN(S(C)(=O)=S)C1,5.8,0.7568060521606079,0.6807928264466278,0.1494161580834769
O=C(Nc1n[nH]c(=O)cc1C(=O)c1ccc(F)cc1)c1ccc(F)cc1Cl,9.0,0.6702356576513414,0.854237149539365,0.2576430889702756
CCNc1n[nH+]c(-c2ccc(OC)c(NC(=O)NC3C=C4CCCCC4=C3)c2)c(C)c1C,7.5,0.6221865826399853,0.6958727208364429,0.1623610012986056
O=C1C2=C(CCCC2)N=[SH]C1N1CC[C@H](c2ncnc3c2CCC3)C1,7.5,0.8273782882907125,0.6063390620826381,0.18812691574114843
N=C(O)C[C@@H]1CNC[C@@H](N/N=C2\SC(=N)N=C2Cn2nc(C(N)=O)ccc2=O)C1,7.8,0.19024726748513968,0.5969410834923373,0.04429089989377396
CCC(=O)Nc1nc(C2CCC(=NNC=O)CC2)c(C)s1,6.6,0.6474667918653371,0.7612688024233704,0.16265576885323482
CC(=O)N1CCC(C[NH+]2CCN(CNC(=O)[C@@H]3CNC(=O)C3)CC2)CC1,6.7,0.5088614008710819,0.6395782948615771,0.10902799687515001
CCC(=O)Nc1nc(S(=O)(=O)CNC(=O)N[SH](=O)=O)cs1,6.5,0.47949438993840626,0.7098860263011875,0.11062556930980338
Cc1cnn(-c2ccc(C3=NN(C)C(=N)/C3=N\N)o2)c1,7.3,0.6190012496051475,0.7015697345779965,0.15850947797196
NC(=O)C(=O)Nc1ccccc1N[C@@H](C(=O)N1CCCC1)C1=NC(=O)C=C1,8.3,0.6306797656553141,0.7374115064817485,0.19300426418126818
O=C(Cc1cccnc1[C@H]1CNCc2ccccc21)N1C=CC=CC1,8.2,0.9405609831642133,0.7149786736629298,0.27571722813915867
O=C(Cc1cccnc1[C@H]1CNCc2ccccc21)N1C=CCCC1,7.7,0.9390806482970725,0.7240961372803935,0.261794097960271
COc1cc(=O)n(-n2cnc(C)cc2=O)nc1-c1cccc(S(C)(=O)=O)c1,7.0,0.6393381985128637,0.7814294322836479,0.17485918992540503
CCc1nc(NC(=O)C#CC(CC)[C@@H](NC(=O)N2CCC([C@@H](C)O)CC2)C(=O)N2CCCC2)sc1C,7.0,0.4813732436652838,0.6485972284878098,0.10927607309832156
Cc1ccc2[nH]c([C@H]3CC(=O)c4cc(O)c(-c5ccc(F)c(O)c5)cc4O3)cc2c1,8.8,0.41849623377911044,0.7463336853150736,0.13742864803661053
CC1CCN(C(=O)NC[C@H](OC(=O)[C@H](C)NC(=O)C(C)C)C(=O)NC2CC2)CC1,7.1,0.5114032304943066,0.7429903054954055,0.13488851307198724
CN(C(=O)CC(=O)NNC(=O)CS(C)(=O)=O)c1c2c(nn1C)CCCC2,6.4,0.48581691608489247,0.7724640738202769,0.1200883565215167
Cc1c(N[C@H]2CCCN(S(C)(=O)=O)C2)cc([N+](=O)[O-])cc1C(=O)c1ccc(=O)[nH]n1,8.3,0.3874382802572642,0.7514942680322131,0.12083042343428077
C[C@@H](N)Cc1ccccc1N1C(=O)CN=C1NC(=O)Cc1cccc(F)c1,7.7,0.8432146338711075,0.771076081380534,0.2503203147245013
CC1(C(=O)NC(=O)NC2=NCCS2)N[C@H](CNC(=O)c2ccccc2O)NC1=O,8.3,0.3354395974063973,0.6646768859614731,0.09252796301838559
CC(C)[C@@H](C)NC(=O)NCC(=O)NCCN(CC(C)(C)C)C(=O)NC(=O)c1ccc(Br)c(F)c1,6.6,0.3817290213153203,0.7577470587739241,0.09545383423960974
CC(=O)N1CCC(Cc2[nH]nc(CNC(=O)c3ccccc3O)cc(C)ccc2S(C)(=O)=O)CC1,8.9,0.5586693570204561,0.7628753012946822,0.1896567990571836
CCNc1n[nH+]c(-c2ccc(CNC(=O)N3CCC(C)CC3)cc2)c(C)c1C,7.1,0.8306092821687212,0.7652156498573457,0.22563630367945986
CC1(C)COCCN1C(=O)c1ccc(C(=O)N2CCCC[C@H]2C(N)=S)cc1,6.4,0.8024997939853056,0.7836752014884962,0.20124774007869153
CCCn1nc(C2=CC=CC=CN(c3ccc(C(=O)c4ccc(C(N)=O)cn4)cc3C)CC2=O)nc1C,8.6,0.49593546494383406,0.693564873355621,0.14790426971262247
Cc1ccc2[nH]c(C3(CCCOC(=O)OCC(=O)N4CCC[C@@H](C)C4)CCCC3)cc2c1,7.3,0.4570608594113736,0.7398357565286982,0.12342473784632874
CCC(=O)Nc1ccc(C(=O)c2cccc(-n3cnc(C)cc3=O)c2)nc1,7.5,0.7040003880358883,0.8447679430616323,0.22301885989337558
CCC(=O)Nc1nc(C(=O)CNC(=O)C2=C(O)C(=O)N[C@H]2N2C(=O)CCCc3sccc32)cs1,9.1,0.41683922840031334,0.7014357587289398,0.13303560290063662
CNC(=O)CNOn1cnc(C(=O)N2CCCC[C@H]2C(N)=S)c1C,6.1,0.45028498440951775,0.6994357186386629,0.0960583475071144
CCCn1nc(-c2ccc(-c3ccc(C(C)C)cc3)c(Cl)c2)nc1C,7.0,0.5538089527213939,0.8633035378607149,0.16733682986416085
NC(=O)c1cnc(OC=Cc2nccc(NC(=O)NCS(=O)(=O)C=O)n2)c(Cl)c1,7.8,0.38468005297530317,0.7131204147027697,0.10698604757319632
CC1=CCC=C(N2CC[C@H](c3ncnc4c3CCC4)C2)S1,7.0,0.8335568218106625,0.6707816331362929,0.1956971121861189
CCC(=O)Nc1nc(-c2ccc(Oc3cc(F)c(N)cc3F)cc2)c(C)s1,8.4,0.5939384958152707,0.8522999187701343,0.21260976732988063
C[C@@H]1c2cccc(-c3cc(Oc4cc(F)c(N)cc4F)ccc3Cl)c2O[C@@H]1C,9.1,0.5062812060268856,0.7455834657117744,0.17175107777748932
COc1cc(=O)cnn1N1CCc2[nH]c(=O)ccc2C1,7.4,0.8082479981157409,0.7127264051004566,0.21314208534686888
CCC(=O)Nc1nc(C2CC(N(CC(C)C)S(=O)(=O)NC(=O)NC3CCCC3)C2)cs1,7.9,0.5107778488037148,0.7756504783830418,0.15649310769496463
CN(NC(=O)c1ccccc1)c1ccc2c(c1)CNC2=O,7.4,0.8419906872415992,0.8454129310630923,0.2633770314866367
Cc1nnc(N2C=CC(n3nc(C(N)=O)ccc3=O)C2)s1,7.2,0.8600432450456024,0.6868141225167865,0.2126483448020946
C[C@H](NC(=O)N1CCOCC1)c1cccc(N2C=CC=CC2)c1,7.0,0.9329525249835489,0.7698138899054763,0.2513699343241526
Cc1noc(C)c1CNC(=O)c1ccc(NCC(=O)N2CCCCC2)cc1,7.2,0.8161865367461782,0.8720487859030016,0.25623161223835694
O=C(NN=C1CCCCC1)c1csc(NC(=O)N2CCCC2)n1,7.0,0.8327864617778382,0.8367317078377078,0.24388659344962235
COc1cn(C)c(-c2cc(C)ccc2-c2ccc(C3=C(O)C(=O)N[C@H]3c3ccccc3)c(F)c2F)cc1=O,9.3,0.37103037493714563,0.725842945162319,0.1252290477414116
Cc1cc(C)cc(C2(c3ccc(-c4cnc(ONC(=O)CNC5=CC=CC5)nc4C)nc3S)CC2)c1,7.5,0.3082200363584323,0.6967898334884918,0.08053672042950336
NC(=O)c1cnc(Oc2ccc(-c3cccc(C(=O)N4CCCC[C@H]4C(N)=S)c3)cc2)c(Cl)c1,7.6,0.4851917794798913,0.7883524540730694,0.14535080941863968
CN(C(=O)N[C@H](C(=O)c1ccc(=O)[nH]n1)C1CCC1)c1cc([N+](=O)[O-])cc(C=O)c1OCCO,7.2,0.19630271623710835,0.6982368575056584,0.049343685013880464
COc1ncc(-c2nn(-c3cccc(Oc4ccc(Cl)cc4Cl)c3)c(OC)cc2=O)c(C)n1,8.1,0.3749282873076814,0.7994113754355,0.1213873848277555
COc1ncc(C[C@@H](C(=O)NCn2c(=O)[nH]c(=O)n(C)c2=O)C(C)C)c(C)n1,7.3,0.6110998209654738,0.7145705469866129,0.15938598566571274
CCNC(=O)[C@@H](C)C(=O)NCN(CNC(=O)N1CCC(C)CC1)C(=O)Nc1nncs1,7.5,0.3341408086967042,0.7129426183745454,0.08933370864675615
Cc1cccc(C2(S(=O)(=O)NS(=O)(=O)NC(=O)[C@H](C)[C@@H](C)SC(=S)N3CCOCC3)CCC2)c1,6.3,0.4691561923277204,0.6458893548538007,0.09545224197228834
CC(=O)N1CCC(CC2=[NH+]CC(=O)N2C(=O)N(C=O)CCCC(F)(F)F)CC1,7.0,0.6238961522608808,0.684295450503069,0.14942525450247174
COC(=O)C1CCC(S(=O)(=O)CNC(=O)Nc2ccnc(C3CCCC3)n2)CC1,7.3,0.6710414168729345,0.7880451942524884,0.1930160017545503
Cc1ccc2[nH]c(C3N=C(N4C(=O)CCCc5sccc54)OC=C3c3ccccc3)cc2c1,9.3,0.38304578047801713,0.7019124389218133,0.12502203806722603
Cc1cccc(NC(=O)c2ccc(-c3ccc(-n4cc(C(=O)c5ccc(C(N)=O)cn5)[nH]4)o3)cc2)c1,8.2,0.2982170145133393,0.8015908892954301,0.09800969716537809
COc1cn(C)c(-c2ccc3c(c2)CC(=O)N3C(=O)Cl)cc1=O,7.8,0.6248682746392121,0.7879776320627363,0.19202906712652026
C=CC=CC=C(CNC(=O)OCC(=O)N1CCC[C@@H](C)C1)OC(C)=CNC(=O)Cc1cccc(F)c1,6.4,0.35476590052570567,0.6862741798390086,0.07790933677380031
CNC(=O)[C@H](Cc1ccc(-n2cc(C)cn2)o1)C(C)C,6.0,0.9107321846491724,0.7289518431371842,0.19916397138131056
COC(=O)c1ccc(-c2csc(=O)n2OCC(=O)N2CCC[C@@H](C)C2)c(O[C@@H](C)C(N)=O)c1,7.1,0.5673195928144577,0.7086107850157997,0.1427131176167793
O=C(NCc1ccc(NC(=O)c2ccc(F)cc2)cc1)Nc1ccnc(C2CCCC2)n1,8.5,0.5179122551020523,0.8656848132932004,0.1905482288906192
Cc1nc(-c2ccc(-c3cc(Br)cc(NS(=O)(=O)[C@H](C)Cl)c3)cc2)c(C)s1,7.0,0.43876454271541787,0.7729730504143453,0.11870360844873713
CC1=CCC=C(N2CC[C@H](c3ccc(N4C(=O)CN=C4Cl)cc3)C2)S1,6.9,0.7409166520776332,0.678117042801299,0.17333773212884765
CCC(=O)Nc1nc(CC(=O)N[C@H](C(=O)NC(C)COC=O)C2CCC2)c(C)s1,6.3,0.4598123981436304,0.7093829602278849,0.10274767024555258
CC(=O)NC1(n2cnc3c(c2=O)CCCC3)CCN(C)CC1,6.3,0.8703917422921599,0.7501361420054418,0.20566737563287718
CC(C)C(=O)Nc1cccc(CNC(=O)c2ccccc2)c1,7.0,0.8897941567798839,0.937450534064995,0.2919483026184249
NC(=O)c1ccc(=O)n(Cc2cccc(C3C4=CC=CCC4NN3F)c2)n1,8.3,0.7969165000888845,0.6717540074546218,0.22216271880468916
CCNC(=O)NCCOC[C@H](C)NC(=O)N1CCOCC1,5.8,0.5656712178678421,0.8059382424646354,0.13220985947095917
Cc1ccc(C2(C)CCOCC2)cc1-n1c(NCC(=O)N2CCCCC2)csc1=O,7.8,0.7872307807296217,0.7710643044522664,0.23673216621081314
CC[C@@H](CNC(=O)c1ccccc1O)NC(=O)[C@H](O)CC,6.7,0.5972249438523769,0.7807980011871928,0.15621453421038822
COc1ccc(NC(=O)C(NC(=O)c2ccc(-n3cc(C)cn3)o2)=C(C)C)cc1,6.9,0.6242140158253439,0.804166005870861,0.17318023371063265
Cc1cc(=O)n(N(C)c2nnc(-n3cnc4c(c3=O)CCCC4)[nH]2)cn1,8.3,0.7035044830865264,0.7058377952339985,0.20607242211079643
CCCn1nc(S(=O)(=O)NS(=O)(=O)NC(=O)CS(=O)(=O)NC(C)=O)nc1C,5.4,0.3527695629880251,0.7301510836052993,0.0695452712432421
CC(C)(C)CN(CCn1nc(C(N)=O)ccc1=O)C(=O)[C@@H]1CC(C)(C)C1(C)C,7.7,0.8054997373348907,0.714724929845763,0.2216486361541222
CC1(C)COCCN1C(=O)c1ccc(Cn2nc(C(=O)NN=C3CCCCC3)ccc2=O)cc1,7.7,0.6835261720272429,0.7996645380610252,0.21043778163361263
CCN(C)C(=O)N[C@H](C)OC1=C(Nc2cccc3c2O[C@H](C)[C@@H]3C)SC(C(N)=O)C=C1Cl,7.5,0.5109220890500731,0.580742552565084,0.11126782430880923
NC(=O)Oc1ccc(C2=C(O)C(=O)N[C@H]2c2ccccc2)c(F)c1F,8.4,0.7947780062794825,0.7649979420952417,0.25536148647507256
Cc1cccc(C2(c3ccc(S(=O)(=O)n4nc(C(N)=O)ccc4=O)cc3)CCC2)c1,8.2,0.6769637807992318,0.8138712510220876,0.22589415726204232
COc1ccc(N2C=CC=CC=C(CNC(=S)N(C)C3(c4cccc(C)c4)CCC3)CCCC2=O)cc1,6.9,0.4510292295581304,0.7049326234260636,0.10969110022181595
CCCn1nc(C(CC(=O)c2ccc(C)cc2OC)c2ccccc2)nc1C,7.3,0.5331627807552459,0.7851076271553894,0.15278541047550687
Cc1cccccc(Nc2n[nH+]c(-c3ccccc3C3=CC[C@@H](C)C3)c(C)c2C)[nH]c1,8.3,0.5148864224492123,0.6151353604940584,0.1314408107110188
CCC(=O)NC1=NCC(=O)N1NCC(=O)N1CCCCC1,6.7,0.7117714893097462,0.7845060905589636,0.18706033793065624
COc1cn(C)c(N([O-])CC(=O)NOCC(=O)NC2CCCC2)cc1=O,6.2,0.6098632964513262,0.7523270652732684,0.14223316585150333
Cc1cnn(-c2ccc(C(=O)N[NH+](C)NC(=O)NC3CCCC3)o2)c1,7.0,0.5753316415638643,0.6674549144757904,0.1344027760653288
NC(=O)C(=O)N(C(=O)n1cnc2c(c1=O)CCCC2)c1cccc(F)c1,8.0,0.7553764662837419,0.7811458686920718,0.23602368237790444
COC1=C(C(=O)n2cnc3c(c2=O)CCCC3)CNN=C1NC(=O)c1ccc(F)cc1Cl,7.8,0.7229947804707056,0.7391967294773746,0.2084297970897316
COc1cc(=O)[nH]nc1C(=O)N1C=C(Cl)C(c2ccc(C(C)C)cc2)=CC1,7.2,0.8732030357906833,0.7656746880009035,0.24069220631657035
Cc1cccc(C2(c3nnn(C)c3N(C)NC(=O)c3ccc(Br)c(F)c3)CCC2)c1,6.7,0.5637021067258334,0.7717707876300579,0.14574135433033403
CC1=C(C(=O)c2ccc(C(N)=O)cn2)S(=O)(=O)N/C1=N\c1cc([N+](=O)[O-])cc(S(N)(=O)=O)c1,7.9,0.2745738356765964,0.7284646313194008,0.07900684455056167
Cc1ccc2[nH]c(N3CC[C@H](c4c(NC(=O)NC5CCCC5)ncc(C)c4O)c4ccccc43)cc2c1,7.8,0.2558384181874851,0.7179439794220923,0.07163428429660482
CCC(=O)Nc1nc(S(=O)(=O)NC(=O)N2NC(=O)[C@@H]3C[C@@H]2CN3[C@H]2CCN(c3nnc(C)s3)C2)cs1,0.0,0.44479557874781295,0.5478638579978085,0.0
COc1ccccc1C(=O)NON1CCc2c(cc(C(=O)N3CCC([C@@H](C)O)CC3)n2C)C1,6.8,0.6449408289468836,0.7209362892539443,0.15808682432317187
CC[C@@H](O)[C@@H](C)N1C=CC(S(=O)(=O)Nc2ncc(C)c(C)n2)=CC=C([C@H](C)NC(=O)N2CCOCC2)OCC1=O,7.8,0.4153916857322707,0.5505344832292258,0.08918810434650971
Cc1ccc(Cn2nc(C(N)=O)ccc2=O)cc1S(=O)(=O)CNC(=O)N1CCCC1,7.9,0.6673810382878682,0.8224499349887233,0.21681055916326272
CCC(=O)Nc1nc(N2C(=O)CN(N3C(=O)CCCc4sccc43)N(C(C)=O)C2c2ccccc2)cs1,7.4,0.5274232243922745,0.6813647113381511,0.13296600202519923
C[C@@H]1c2cccc(C(=O)CNC(=O)CCNS(=O)(=O)NCCCC(N)=O)c2O[C@@H]1C,6.7,0.26360453876163403,0.7174541493782435,0.06335659699337325
C[C@@H]1CCCN(C(=O)COc2ccc(SCC(=O)c3cccc4c3O[C@H](C)[C@@H]4C)cc2)C1,6.6,0.42690685238527815,0.7318815810040769,0.10310693648151975
Nc1cc(F)c(ONC(=O)NC(=O)Cc2cccc(F)c2)cc1F,8.2,0.586991970784889,0.8279380023538674,0.19925711347265426
Cc1cccc(NC(=O)c2cn(S(=O)(=O)N[C@H]3CCCN(S(C)(=O)=O)C3)nn2)c1,6.6,0.6379811797733154,0.7562542615236958,0.15921707537190996
CCNc1n[nH+]c(C(=O)NN=C2CCCCC2)c(C)c1C,7.8,0.8321709650253897,0.7073840566606585,0.2295791444992013
CCCCCC(Oc1ccccc1)[C@H](N[C@H](C)NC(=O)Cc1cccc(F)c1)C(=O)N(C)C,6.3,0.35352342682932864,0.716619023045777,0.07980260801884205
CNC(=S)NCCS(=O)(=O)C(=O)NN=C1CCC(c2ncccc2CNC(C)=O)CC1,6.2,0.3422996471877333,0.7431785389954799,0.07886082302565084
[NH3+]C(=O)[C@H](COC(=O)c1ccccc1F)N=C(O)C(F)(F)F,0.0,0.3590016360617927,0.7027873671099305,0.0
O=C(Cc1cccc(F)c1)Nc1cccc(CCNC(=O)c2ccccc2)c1,8.0,0.6553094238679076,0.9171883354933225,0.24041686388419772
Cc1noc(CC2CCC2)c1CNC(=O)NC(=O)N1CC=C(c2ccc(C3=NC(=O)C=CC3)cc2)C1,7.5,0.6405738583372756,0.7288038694240011,0.17506976497802565
O=C1NCC2C1=CC=C1CNC[C@H](c3ncccc3CC(=O)N3C=CC=CC3)C12,8.8,0.8221078034598034,0.5794589115120427,0.20960618489288455
NC(=O)C1=CCCC(Nc2nc(C(=O)NN=C3CCCCC3)c[nH]2)=C1,8.3,0.6102664923184238,0.7116635378607149,0.180236330548889
CNc1cn(C)c(-c2cc(C)ccc2OCn2nc(C(N)=O)ccc2=O)cc1=O,7.9,0.6445195167239197,0.7873913762412312,0.20045819816859425
CC1=C(C(=O)NC(=O)CCc2ccccc2)CC(C2(NCC(=O)N3CCCC3)CC2)=C1,7.6,0.6764989018790674,0.7850353693744034,0.20180871482084456
N=C1SC(=Cn2cnc3c(c2=O)CCCC3)C(=O)N1C(=O)C[S+]([O-])Cc1cc(F)cc(F)c1,7.5,0.5048637802320416,0.6238733033151519,0.11811413786157701
Cc1ccc2[nH]c(N[C@@H](C(=O)NC(N)=O)c3ccc(Oc4ccc(Cl)cc4)cc3)cc2c1,9.1,0.3218139043926233,0.7879003969050442,0.11536857286523197
C[C@H](NC(=O)N1CCOCC1)C(=O)N(C)CC(C)(C)C,6.3,0.8385743201192747,0.7920991132255865,0.20923370223217136
CCNc1n[nH+]c(-c2cc(C)ccc2C(=O)N2CCOCC2(C)C)c(C)c1C,7.6,0.8804759038795207,0.7207488786538654,0.24114876775310698
C[C@@H]1NC(=O)NC2=CC=C(C1=O)[NH+](NC(=O)c1ccc(F)cc1Cl)CCN(C(=O)c1ccc(=O)[nH]n1)CC2,8.9,0.35611191278812726,0.4752964923313054,0.07532014064638694
O=C(CCl)Nc1ccccc1-c1ncnc2c1CCC2,6.8,0.8833389769994643,0.8517386811486671,0.2558071515940904
Cn1nc2c(c1-c1cccc(Oc3cc(F)c(N)cc3F)c1)CCCC2,7.9,0.6977210995642827,0.8233849885811918,0.22692476644104947
C[C@H]1CCC[C@H](CNC(=S)N(C)C(=O)N2CCCC[C@H]2C(N)=S)C1,6.0,0.7481819687469742,0.6855933416833648,0.15388457284214307
Cc1cc(C)cc(C2(CNC(=O)[C@H](C)C(C)C)CC2)c1,5.9,0.8696138843154774,0.7899234963895923,0.20264388980218784
Cc1cc(C)cc(C2(c3ccc(-c4nc(C)n(CCN5C(=O)CCCc6sccc65)n4)c(C(N)=O)c3)CC2)c1,7.5,0.3365061672956091,0.7549113364656045,0.09526212018076746
NC(=O)c1cnc(Oc2cccc(OCCNC(=O)n3cnc4c(c3=O)CCCC4)c2)c(Cl)c1,8.1,0.4923572059621363,0.794414736316378,0.15841000707889102
CC1=CCN(c2cccc(OC3=CC=C(C4=CC(=O)C(C)=N4)C3)c2)C1,7.5,0.7834901203926612,0.7101599053820826,0.2086512261621933
CCC(=O)Nc1nc(-c2ccc(C(=O)NC(=O)C(=O)C3(c4cc(C)cc(C)c4)CC3)cc2)c(C)s1,7.9,0.4705259073740612,0.807110510117425,0.15000773002403642
CC(C)[C@@H](CC(=O)C(=O)NCc1cccc(F)c1)C(=O)NCC(=O)N1CCC([C@@H](C)O)CC1,5.9,0.4539637202224228,0.7349584942296626,0.0984251252136225
COc1cc(=O)c(NCCNC(=O)C(=O)NCC(C)C)nn1NC(=O)NC1CCCC1,7.1,0.26338575379802986,0.7700944602834942,0.07200532802069655
Cc1ccc2[nH]c(-c3cc(F)c(C(=O)c4cc(-c5ccc(-n6cc(C)cn6)o5)ccc4Cl)c(F)c3)cc2c1,8.3,0.23054568670462772,0.7772989951322332,0.07436921620214479
CCC(=O)Nc1nc(NCC(=O)N2CCCC2)c(C)s1,7.0,0.8691392211301742,0.8362774268856887,0.25439452900826076
CCNCCN(CC1CCN(C(C)=O)CC1)C(=O)NC(=O)c1ccc(-c2cc(=O)c(OC)cn2C)cc1,7.5,0.4987327015625138,0.7939751797489192,0.14849301988866037
Cc1cc(C2(C3=CC=C(CNC(=O)N4CCCC4)C3)CCC2)cc(O)c1F,7.9,0.8291229593158247,0.7546612628996889,0.24715425693268103
O=C(O)c1cccc(N2CCC(NC(=O)[C@H]3CNCc4ccccc43)(C3CCC3)CC2)c1,8.0,0.6721711293901901,0.7441233819467583,0.20007130161952014
CC(C)C(=O)N1C=CC=CC1CCNC(=O)C1=CCC=C1,6.5,0.8429056399544214,0.6680235097397332,0.18300125479407475
Cc1cnc(CNC(=O)[C@H](CC(=O)NS(=O)(=O)CCC(C)C)C(C)C)nc1C,5.7,0.6055214769640083,0.7406235144155803,0.12781208163211105
Cc1ccc(-c2ncc(C)c(C)n2)cc1-c1cccc(C(=O)N2CCC(c3c4c(nn3C)CCCC4)CC2)c1,8.4,0.31437266121468155,0.7919655297722978,0.1045683706976212
COC1=NC=C(c2cccc(Oc3ncc(C(N)=O)cc3Cl)c2)C1C,7.9,0.9040485508807501,0.7357391429233991,0.2627318428645269
CS(=O)(=O)N1CCC[C@H](NC2=CC=C(Oc3cc(F)c(N)cc3F)CC2)C1,8.3,0.7435035850693252,0.7149422784115731,0.2205982910534041
Cc1nnc(N2CC[C@H](c3ccc(NC(=O)c4ccc(F)cc4)cc3)C2)s1,6.9,0.733554344363959,0.8263195880762676,0.2091218616649022
O=C(NN1C(=O)CCCc2sccc21)c1nnc(-n2cnc3c(c2=O)CCCC3)[nH]1,7.7,0.6515506605479193,0.7185409047031247,0.1802438334196579
COC1=C(C(=O)n2cnc3c(c2=O)CCCC3)CNN=C1NC(C)=O,7.3,0.7615123513340151,0.7195846367618138,0.20000999488437754
Cc1cc(=O)n(-c2ccc(-c3ccnc(C4CCCC4)n3)cc2)cn1,7.5,0.7342715277920618,0.8398583745308942,0.23125653442340902
O=C(CCC1CCC2=CC=NCC2C1)NC(=O)c1cccc(Oc2ccccc2)c1,7.5,0.7438842925007422,0.7345714101662357,0.2049135501535435
NC(=O)C(=O)C1=C(CCC(=O)NC(=O)c2ccc(F)cc2Cl)C=CC1,6.9,0.7507066897258747,0.7911827686299456,0.20491143803618703
Cc1cc(C(=O)NCc2c(C)noc2C)ccc1CC(=O)NOC(N)=O,7.1,0.6853380260454804,0.8249807368755315,0.20071368775621704
Cc1cc(C)cc(C2(N3CCc4cc(F)c(OCC(=O)N5CCC[C@@H](C)C5)cc4CC3=O)CC2)c1,8.2,0.626233477858278,0.7399425058132858,0.18998447522055542
O=C(Nc1ccccn1)c1ccc(N2CCc3[nH]c(=O)ccc3C2)cc1,7.5,0.7640378199427815,0.8544839928486171,0.24482178265202278
CN1N=C(C(=O)CCC=O)/C(=N/Nc2c3c(nn2C)CCCC3)C1=N,8.2,0.5877760948411841,0.7101800213771985,0.17114500423572052
Cn1nc2c(c1-c1ccc(On3nc(C(N)=O)ccc3=O)cc1)CCCC2,7.9,0.7535748485074429,0.7834088258630414,0.23319108897130839
NC(=O)c1cnc(O[C@H]2CNCc3ccccc32)c(Cl)c1,7.7,0.9096192052100025,0.7673860086532489,0.2687411847429711
CCNc1n[nH+]c(-c2n[nH]c(OC)cc2=O)c(C)c1C,6.4,0.8570732903063161,0.6633248494631114,0.18192576360681306
CCC(=O)Nc1nc(C2(C)N=C(N3CCc4[nH]c(=O)ccc4C3)c3ccccc3N2)c(C)s1,8.3,0.5520716899510636,0.6885471985688344,0.15775287744286132
CCC(=O)Nc1nc([C@@H](OC(=O)N(C)C(=NCC(F)(F)F)NC)C(=O)NC2CC2)c(C)s1,6.9,0.4081221849767008,0.6776555637291702,0.09541536291911458
CCC(=O)N(CCCC(=O)N(C=O)CCOC)COC(=O)NNC(=O)CCC(=O)NC1=NCCS1,6.2,0.15381914062545846,0.731812667796516,0.034895706654378106
CCC[NH+](CC(=O)N[C@@H](NC(=O)N(C)c1ccnc(C2CCCC2)n1)C1CCC1)C(=O)CCC=O,6.9,0.3016291059089226,0.5823609620339187,0.06060167062162008
C[C@@H](O)C1CCN(C(=O)C(=O)NCn2nc(C(N)=O)ccc2=O)CC1,7.8,0.5363328608341844,0.7493213665820934,0.15673541216703035
C[C@@H](O)C1CCN(C(=O)NC(=O)NCS(N)(=O)=O)CC1,5.9,0.5148159782534709,0.7439008548801583,0.11297675366697302
CCC(=O)Nc1nc(-c2cccc(C(=O)N(C)C[C@H](C)c3ccc(Oc4cc(F)c(N)cc4F)cc3)c2)cs1,9.1,0.22647249411812512,0.7657874890541573,0.0789105601878009
O=C1CNC(=O)[C@H]([C@@H]2NC(=O)C(O)=C2C(=O)Nc2ccccn2)N1,7.6,0.42999610116698905,0.7063851759832607,0.11542229120608462
COc1ncc(C(=O)NOc2cc(F)c(N)cc2F)c(C)n1,6.9,0.6535367577362873,0.7969297979194201,0.1796839061151139
Cc1cnn(-c2ccc(C3=[NH+]CC(=O)N3c3cccc(F)c3C(=O)c3ccc(F)cc3Cl)o2)c1,8.6,0.44439776477295495,0.714365241867528,0.13650879618849096
Cc1cc(=O)n(-c2ccc(-c3ccc(F)c(C)c3)cc2[N+](=O)[O-])cn1,6.8,0.5397626601357136,0.8435880640591543,0.154814694755204
CC(C)=C(NC(=O)c1cc(C)ccn1)C(=O)Nc1nc2cc(C)c(F)cc2s1,8.1,0.6480183257244465,0.8045113162163031,0.21114192084514807
O=CNCC(=O)NNC(=O)NC(=O)NN=C1CCC(CNC(=O)c2ccccc2O)CC1,7.5,0.21670621912268592,0.7763090371696822,0.06308662361843043
O=C(CCl)Nc1ccccc1-c1ccc(OCNC(=O)N2CCCC2)cc1,7.5,0.5864631709449772,0.8655806130502133,0.19036168163922204
NC(=O)c1ccc(=O)n(-c2ccc(SN3C(=O)CCCc4sccc43)cc2S)n1,8.2,0.47607382948926535,0.7376943499748148,0.1439907594158928
O=C(CCC(=O)c1ccc(F)cc1Cl)NC(=O)c1ccc(F)cc1Cl,7.3,0.7842769524649313,0.8808427233810769,0.25215099604339086
Cc1cnc(C2=CC=C(C3=C(O)C(=O)N[C@H]3c3ccccc3)C2F)nc1C,8.8,0.8759979026060537,0.6770373451695384,0.2609566495159741
O=C(NN=C1CCCCC1)c1ccc(=O)n(Cc2ccc(F)cc2)n1,7.4,0.8674162659277889,0.8516314865786637,0.2733260314928006
O=C1C=CCC(c2ccc(C(=O)Nc3cccc(CNC(CO)c4ccccc4)c3)cc2)=N1,7.9,0.4941434964782248,0.7819510276741263,0.1526264258814054
Cn1c(C(=O)Cc2cccnc2[C@H]2CNCc3ccccc32)cc2c1CCNC2,8.8,0.6772151287916601,0.7144743859580849,0.2128952598541766
c1ccc2c(c1)CNC[C@@H]2c1ncccc1CNC1=NCCS1,7.8,0.9107317540764432,0.7369823818936959,0.26176537038033754
CC(=O)N(C(=O)c1ncc(C)c(C)n1)c1c2c(nn1C)CCCC2,6.8,0.8412912010511209,0.7567377692536343,0.21645652110388622
C=C1CCC(c2cccc(C3([C@@H](C)N(C)c4cccc(C(=O)N5CCOCC5(C)C)c4)CCC3)c2)C1,8.1,0.42561256210421333,0.6678104827108687,0.11511255487138283
COc1ncc(CC2(N3C(=O)Cc4ccccc43)CCC2)c(C)n1,7.1,0.8680210163949253,0.7804093515928636,0.24048116009367845
CC=NC(=NCCc1cccc(C(=O)N2CCOCC2(C)C)c1)C1CCCC1,7.2,0.5662125131085659,0.7615601873451742,0.15523376672165087
C[C@H](NC(=O)N[C@@H](C)COc1c2c(nn1C)CCCC2)NC(=O)[C@@H]1CC[C@H](C(=O)[O-])C1,6.9,0.4924111041077497,0.6209162485251802,0.10548238914568045
Cc1cccc(NC(=O)c2cccc(-c3cc(C(=O)NCc4c(C)noc4C)ccc3N(C)C)c2)c1,8.6,0.3624167465849593,0.8477359156532694,0.13211048778114015
C[C@@H]1C(=O)NCCN1N/N=C1\C(=O)NN=C1N[C@H]1CCCN(S(C)(=O)=O)C1,7.4,0.3707134289752615,0.6317448539414684,0.08665263138558346
O=C(c1cccc(F)c1)N(C(=O)n1cnc2c(c1=O)C=C(F)C2)c1cccc(F)c1,7.9,0.6447491122015645,0.7579233980718248,0.1930248230193228
O=C(Nc1ccccn1)c1nc(Sc2ncccc2F)cs1,7.4,0.7921050034021936,0.811924060739933,0.23795777103104915
C=Cc1cc(C)cc(C2(c3ccc(N4C(=O)CN=C4N4CCc5[nH]c(=O)ccc5C4)cc3)CC2)c1,8.3,0.630283408088072,0.739210881912297,0.19335362688820085
Cc1cccc(C2(C3CCC(=NNC=O)CC3)CCC2)c1,7.5,0.6643702846792623,0.7756303669605281,0.19323966288879252
Cc1cc(=O)n(N(C)CCC(=O)[C@H](C)NC(=O)N2CCOCC2)cn1,6.9,0.74280206668861,0.7263696254843165,0.18614435635140578
C[C@H](NC(=O)N1CCOCC1)c1ccc(Cl)c([C@H](CNC(=O)C(=O)Nc2ccccn2)NC#N)c1,7.9,0.25719217665611993,0.7129862320020457,0.07243291996910832
O=c1c2c(ncn1-c1ccc3ncsc3c1)CCCC2,7.2,0.6896464348377792,0.8181682724807717,0.20312885959694962
CN(C)C(=O)C(=O)NC(=O)N/N=C1\C(=N)N(C)N=C1C(=O)c1ccc(=O)[nH]n1,8.7,0.24907786703991106,0.7098555719605587,0.07691205062009443
CC1(C)COCCN1C(=O)c1cccc(CNC(=O)c2ccccc2O)c1,8.4,0.8693999479048983,0.8606936515636566,0.3142805466492383
Cc1cnc(CNC(=O)NCc2c(C)noc2C)nc1C,7.3,0.8932135483372518,0.8244640009127829,0.2687941817420464
COc1cn(C)c(-c2ccc(C(=O)NC3=NCCS3)cc2)cc1=O,7.2,0.9237012589408667,0.8197932882444474,0.2726078732721608
COC[C@@](C)(NC(=O)c1ccccc1)C(=O)N(C)[C@@H](NC(=O)N(C)CNC(=O)[C@@H]1CNC(=O)C1)C1CCC1,6.4,0.301640002995364,0.6376905382152422,0.0615529522743555
NC1=C(F)C=C(C(=O)NC(=O)CCc2ccc3c(c2)CNC3=O)C1,8.7,0.7660760811193552,0.7656405699355395,0.2551444334025603
Cc1cnc(C2=CC=C([C@H]3Oc4c(NC(=O)C(=O)C5=CC=CCN5)cccc4[C@H]3C)C2F)nc1C,0.0,0.6421107487942994,0.5941106532542266,0.0
COc1cc(C2=CCCC(CNC(=O)c3ccccc3N=C3CCCCC3)=N2)ccc1C,7.2,0.6078080066382114,0.7752464344677246,0.16963235639539503
CC(C)[C@@H](NC(=O)N[C@@H]1NC(=O)C(O)=C1NC(=O)c1ccc(F)cc1Cl)C(=O)[O-],8.5,0.4114636566993198,0.6737165228677768,0.1178141922331187
Cc1cc(=O)n(C(=O)CC(CC(C)C)Nc2c(C)cccc2NC(=O)c2ccc(Br)c(F)c2)cn1,7.6,0.38766042392957506,0.7380526902716844,0.10872325114137212
CCO[C@@H](C(=O)[O-])C(=O)C(=O)NN=C1CCC(OCC(=O)N2CCC[C@@H](C)C2)CC1,5.8,0.29630722612062893,0.6629317438084973,0.0569651251734101
CC(=O)N1CCC(CN(C)C(=O)CC(=O)NN(NC(=O)[C@@H]2CC[C@H](C)NC2)C(=O)NC(C)(C)C)CC1,7.1,0.3111875800536088,0.6634043505353993,0.07328733402625215
O=C(COn1cnc2c(c1=O)CCCC2)N=CNCNC(=O)c1ccccc1O,8.2,0.2536818288681455,0.7344937441745029,0.07639436368890386
Cc1cnc(-c2c(F)ccc(CNC(=O)N3CCCC3)c2C)nc1C,7.4,0.9284530827163737,0.8307329884101653,0.28537974348133327
O=C(NCN1CCc2[nH]c(=O)ccc2C1)N1CCOCC1,8.0,0.7866170978152703,0.809001262294702,0.2545496900300595
NC(=O)c1ccc(=O)n(Cc2cccc(C3=CC=C(c4ccc5c(c4)CNC5=O)CN3F)c2)n1,8.2,0.5713754697034231,0.7511991930967112,0.17597888463655098
C=C(NCC1=CC=CC(CNC(=O)N2CCCC2)C1)N1CCCC1,6.8,0.7863485324662871,0.7172946463775907,0.19177482145848052
CCCn1nc(NC(=O)C(=O)N2CC[C@@H](c3csc(NC(=O)CC)n3)C2)nc1C,6.8,0.6881106219633218,0.7383046010298685,0.17273198099243528
CON1CC([C@@H](C)NC(=O)OCNC(=O)N2CCC(C)CC2)=CC=CC=CNC(=O)C1=O,8.0,0.42448373015393104,0.6218702158782777,0.10558951556305668
CC1=C(C2CCCOC2)S(=O)(=O)NC1=NC(=O)c1ccc(C(N)=O)cn1,8.1,0.777480111068265,0.6858741599574424,0.2159676748153389
CC(=O)NCCNC(=O)[C@@H](NC(=O)N(C)[C@H]1CCN(c2nnc(C)s2)C1)C1CCC1,6.7,0.5093297166054419,0.7195367484424174,0.12277128513741152
CCNc1n[nH+]c([C@@H](C)NC(=O)NCCOCc2ccc(Cl)cc2)c(C)c1C,6.9,0.5577558832745839,0.7116921801227076,0.1369479226876645
COc1cc(=O)[nH]nc1C(=O)N1C=C(Cl)C(c2ccc(CCOc3ccc4c(c3)CC(=O)N4)cc2)=CC1,7.9,0.4945766929467052,0.7504391235537864,0.14660413149409696
CC1=NC(C2=CC=C(Oc3cccc(N4CC=C(n5cnc6c(c5=O)CCCC6)C4)c3)C2)=CC1=O,9.2,0.6657401693659158,0.6895596239937449,0.21117106879812675
CC[C@@H](F)Oc1ccc(C)c(S(=O)(=O)NS(=O)(=O)c2c3c(nn2C)CCCC3)c1,8.2,0.7010836143693265,0.7083013817768603,0.20359718204755287
COc1ccc(NC(=O)C(NC(=O)c2ccc(-n3cc(S(C)(=O)=O)cn3)o2)=C(C)C)cc1,6.8,0.5199749411397923,0.788467187907833,0.1393942810718312
CCNC1=C(Br)C(N2C(=O)Cc3ccccc32)C(C)=C1C,5.9,0.9076117090105021,0.7325681395108972,0.1961417892150982
COc1ncc(-c2cccc(CN(N)NCC(=O)N3CCCCC3)c2)c(C)n1,7.1,0.5533750548258753,0.7981388411913279,0.15679289437603364
CCNc1n[nH+]c(-c2ccc(C(O)=NC(=S)NNc3ccc(-n4cc(C)cn4)o3)cc2)c(C)c1C,7.6,0.13267989189640028,0.6550221359915509,0.03302514115338111
Cc1cc(C)cc(C2(OC(F)(F)c3ccc(C(=O)N4CCCC[C@H]4C(N)=S)cc3)CC2)c1,6.8,0.5939873003294178,0.7394783074560317,0.14934184598931166
NC(=O)c1ccc(=O)n(Cc2ccc(-n3cnc4c(c3=O)CCCC4)cc2)n1,8.1,0.7230349155960438,0.8273590334990204,0.24227483492620336
CC(=O)N1CCC(CN2CC[C@H](NC(=O)CC[NH+]3CCO[C@H](C(=O)Nc4ccccn4)C3)C2)CC1,7.2,0.44069342779572607,0.6325997606265022,0.10036172049596966
O=C(CCc1ccccc1)NC(=O)C1=CCC(F)C=C1Cl,6.9,0.9290285331376649,0.7664665345115717,0.24566390168845623
Cc1ccc(C2=C(O)C(=O)N[C@H]2c2ccc(F)c(O)c2)c(F)c1F,8.7,0.7889363396475415,0.7505363031823243,0.25757453325528823
Cc1cc2ncsc2cc1C(=O)c1ccc(C(N)=O)cn1,7.9,0.7516856951236974,0.8335287763477511,0.2474879047735529
Cc1c(O)c(C)n(-c2ccccc2)c1-c1ccccc1CC(=O)N[C@H](c1ccccc1NC(=O)CCl)C1CCC1,8.0,0.19758328164701566,0.7429715893893419,0.058719505920818094
Cc1ccc2c(c1)[C@H](OC(=O)N[C@H](C)N1CCc3[nH]c(=O)ccc3C1)CC(=O)O2,8.4,0.6081244462727308,0.6800180969034972,0.17368496402664768
COc1cn(C)c(-c2cccc(Oc3cc(F)c(N)cc3F)c2)cc1=O,7.9,0.7221931612828489,0.8288050567262599,0.23643015088171768
CC(=O)NCc1cccnc1-c1cc(O)c(O)c([C@H](C)NC(=O)N2CCOCC2)c1,6.9,0.554203218926387,0.7661341679696739,0.14648493759630749
CC(=O)NCc1cccnc1-c1ccc(CNC(=O)N2CCCC2)cc1,7.5,0.8687535422646282,0.8780975097177129,0.28606887075787946
CCOC(=O)[C@H](N/N=C1\C(=O)NN=C1C(=O)N1CCOCC1(C)C)C(=O)CC(C)=O,6.5,0.2723884144924184,0.6501324585679646,0.057553778619800385
C[C@H](NC(=O)N1CCOCC1)c1ccn(-c2cccc(-c3ccc(F)c(O)c3)c2)c1,8.8,0.6820951111989412,0.775932319430616,0.2328742423501465
CC(=O)NCc1cccnc1N1C(=O)CN=C1N1CCC[NH+](CCOC(C)(C)C)CC1,6.8,0.6524820172784818,0.6275278650177714,0.13921322007018644
COc1cn(C)c(-c2ccc(N3CCc4[nH]c(=O)ccc4C3)cc2)cc1=O,7.5,0.7754701947021669,0.808366268420484,0.23507398033601135
CC1=NN(C(=O)N2CCC([C@@H](C)O)CC2)C(=O)/C1=N\N,5.9,0.5087416449466619,0.7065161373614784,0.10603308366127889
CCNc1n[nH+]c(C(=O)NC(=O)c2cc(-c3csc(NC(=O)CC)n3)ccc2O)c(C)c1C,7.7,0.38893015560339284,0.7411163373057222,0.11097335956958448
CNC(=O)NC(=O)[C@H](SC1(c2cc(C)cc(C)c2)CC1)c1ccc(Oc2ccc(F)cc2)cc1,8.5,0.42716816970939736,0.7522343012390613,0.13656548360248985
Cc1cc(=O)n([C@@H](NCC(=O)NCC(=O)NC(=O)Cc2ccc(F)cc2)C(=O)NC(N)=O)cn1,7.9,0.27390871407507295,0.7421367747926725,0.08029470321225676
Cc1cc(C2(C3=CC=C(CNC(=O)N4CCCC4)C3)CCC2)cc(O)c1[C@H](C)NC(=O)N1CCOCC1,7.8,0.5345064884171317,0.6968095465029864,0.1452551972807697
O=C1NCc2cc(-c3ccc(-c4ccc(C5CCCC5)c(O)c4)cc3)ccc21,7.7,0.6287269297575111,0.8529595119230353,0.20646726682845154
O=C(NCc1ccc(CNC(=O)N2CCC=CN2)cc1)c1ccccc1,7.9,0.7758492291257213,0.8400894584356615,0.25745418969596134
CSNC(=O)NCCNC(=O)[C@@H](NCNC(=O)[C@@H]1CNC(=O)C1)C(=O)NC(N)=O,7.1,0.07360334286633552,0.655610613587184,0.017130572136426468
C[C@H](NC(=O)N1CCOCC1)N1CCN(C(=O)NC2=NCCS2)CC1,6.6,0.7029750557024704,0.7443798633141195,0.17268255703942334
O=C(c1ccc(N2CCc3[nH]c(=O)ccc3C2)cc1)N1CCc2[nH]c(=O)ccc2C1,7.9,0.6844305705071154,0.8071582344997648,0.21821528951663505
Cc1cccc(C2(c3n[nH]c(OC(=O)c4ccc(=O)n(Cc5ncnc6c5CCC6)n4)cc3=O)CCC2)c1,8.3,0.39162966904189567,0.7261580910312373,0.11801979693800316
CC(C)CCCCN1C(=N)SC(=Cn2cnc3c(c2=O)CCCC3)C1=O,6.8,0.6122144705747319,0.7498915132301822,0.1560921081586382
COc1cn(C)c(N([O-])CC(=O)CNC2CCCC2)cc1=O,5.6,0.7498125016952981,0.7500134759353931,0.15746345459496494
NC(=O)C[C@@H](C(=O)NC1C=CCCC1)N1C(=O)Cc2cc(N3C(=O)CCc4sccc43)ccc21,8.4,0.621742442082172,0.6617699120375402,0.17280918530682426
CC(=O)NCc1cccnc1[C@H]1[C@H]2C(=O)O[C@@H](C3=CC=C4C3O[C@H](C)[C@@H]4C)[C@H]2[C@@H]2CCCCN21,8.2,0.6915940506849342,0.5478143819696463,0.15533471865443907
Cc1cc(C(=O)NCc2c(C)noc2C)ccc1CC(=O)NC1C=CC=C1NCC(=O)N1CCCCC1,7.8,0.48249452960291367,0.7231274952209351,0.13607297365332774
CC1=C(c2nccc(C3=CC4=C(CCNC4)C3)n2)CC=C1,7.8,0.9011187877240028,0.7002376126180965,0.24608893475445592
Cc1noc(C)c1CNC(=O)c1nc(C(=O)NN=C2CCCCC2)cs1,7.8,0.7810280169538695,0.8020118077080107,0.24429353978163254
CCC(=O)Nc1nc(-c2cccc(CC3CCN(C(C)=O)CC3)c2)c(C)s1,7.7,0.836031210924744,0.8550954734260048,0.27523130408027485
CC(C)=C(NC=O)C(=O)NC(=O)N1CCCC[C@H]1C(N)=S,6.2,0.39591847709303524,0.7109783896056299,0.0872617391902031
Cn1nc2c(c1N1C(=O)N(CNC(=O)[C@@H]3CNC(=O)C3)c3ccccc3S1(=O)=O)CCCC2,8.1,0.6710178025419886,0.695001632512836,0.18887517962580241
CCC(=O)Nc1nc(-c2ccc(C)c(CNC(=O)N3CCCC3)c2)cs1,8.1,0.8388408441115338,0.865903075899279,0.29417372117798046
O=c1ccc2c([nH]1)CCN(c1cccc(OC3=CC=C(Oc4cccc(N5CCCC5)c4)C3)c1)C2,8.3,0.5422804389810587,0.7737433256992792,0.1741281361823308
NC(=O)c1cnc(Oc2ccc3ncccc3c2)c(Cl)c1,8.2,0.8054090949411312,0.8734057515759128,0.2884140637161851
Cc1cc(C)cc(C2(c3ccc(-c4nc(C)n(Cc5ncc(C(N)=O)cc5Cl)n4)c(C(N)=O)c3)CC2)c1,8.2,0.38059964567613086,0.7655162771438145,0.11945564177450109
COC(=O)C(=O)N1N=C(c2ccc(F)cc2)C[C@H]1NC=O,6.3,0.48278283695455604,0.7386795453464409,0.11233586904833676
O=C(CNc1ccc(-n2cnc3c(c2=O)CCCC3)cc1)N1CCCCC1,7.4,0.9029596311272023,0.8447589567448178,0.28222979731026937
COC(=O)NCc1ccc(C(=O)c2ccc(C(=O)N3CCOCC3(C)C)cn2)c(C(=O)O)c1C(C)(C)C,7.1,0.5635141237326071,0.7733367839311448,0.1547041010522388
COC(=O)NCc1ccc(C(=O)c2ccc(C(N)=O)cn2)c(N2CCCCC2)c1C(C)(C)C,7.7,0.6479264115049285,0.8033041648627806,0.20038556418130438
CC1=C(c2ccnc(C3CCCC3)n2)S(=O)(=O)N/C1=N\N1C[C@@]2(C=CCN(C)C2=O)OC1=O,8.3,0.6560132101380147,0.5535543378945559,0.15070266764803283
CC1(C)C[C@@H](C(=O)c2ccc(=O)[nH]n2)c2c(nc(C(=O)NC3=NCCS3)[nH]c2=O)N1,7.7,0.5046081408959069,0.6568468053323113,0.127608344437479
CCNc1n[nH+]c([C@H]2C[C@@H](NC(=O)c3cc(=O)c(OC)cn3C)C(=O)O2)c(C)c1C,8.1,0.6545172841704329,0.6202218792093878,0.16440810568510034
Cc1cc(C(=O)N2CCCC[C@H]2C(N)=S)ccc1-c1ncc(C)c(C)n1,7.1,0.8413506410624578,0.7891192454275276,0.23569372397038654
C[C@H](NC(=O)N1CCOCC1)N1C(=O)CS[C@H]1c1ccc(-c2ccnc(C3CCCC3)n2)cc1,8.7,0.6997026110136733,0.7073383802245653,0.21529303250829013
COC(=O)c1ccn(CC2CCN(C(C)=O)CC2)c(=O)n(CC(=O)[O-])c(NCC(=O)N2CCCCC2)cc1C,6.8,0.4601309702364769,0.7114537976351448,0.11130305490265699
CNS(=O)(=O)CC(=O)N1CCN(S(=O)(=O)c2ccccc2)CC1,5.9,0.7295934853430683,0.8720406357257401,0.1876893742000787
C[C@@]1(CCC(=O)NC2=NCCS2)C(=O)N2CCC[C@H]2[C@H]1c1ccc(F)cc1Cl,7.4,0.8047656129646177,0.667073216916919,0.19862990693263677
O=C(c1ccc(=O)[nH]n1)c1nc2c(c(OCn3ccccc3=O)n1)CCC2,8.6,0.6529334155358988,0.7591145380995229,0.2131300367020394
Cc1ccc(OCC(=O)N2CCC[C@@H](C)C2)cc1NC(=O)c1ccc(Br)c(F)c1,7.8,0.6942880410590709,0.8265621508874185,0.22381016445574722
NC(=O)c1ccc(C(=O)c2ccc3[nH]c(=O)c(NC(=O)Cc4cccc(F)c4)cc3c2)nc1,8.9,0.39298362228475836,0.8399283315976172,0.14688474480381725
C[C@@]1(C2CCCC2)C(=O)N(C(=O)c2ccc(=O)[nH]n2)C(=O)N1N1C(=O)CCCc2sccc21,7.6,0.5440566219572838,0.6776788864417028,0.1401043605771137
Cc1noc(CC2CCC2)c1CNc1ccc(CC(=O)N2C=CCCC2)c(O)c1,7.5,0.7298307541933633,0.7606766913478115,0.20818696625388203
O=C(N[C@H](c1cccc(-n2nc(F)ccc2=O)c1)N1CCOCC1)N1CCOCC1,9.1,0.7897560648853691,0.7431453085532284,0.2670410991070646
CC(=O)NC1(C2CCC2)CCN(c2cccc(NCc3cccnc3[C@H]3CNCc4ccccc43)c2)CC1,7.7,0.40829793736928344,0.7179898874602048,0.11286420918927213
Cc1cnc(CNC(=O)[C@H](C[C@@H]2[C@@H](C(N)=O)CN(C(=O)OC(C)C)[C@@H]2C[NH2+]Cc2ccccc2)C(C)C)nc1C,6.4,0.3671336467923977,0.584296158882585,0.06864472947755317
O=C1C[C@H](C(=O)NCc2ncc(-c3ccccc3NC(=O)CCl)s2)CN1,6.9,0.6516774425506751,0.765924240807523,0.17220176490076983
COc1ncc(C2=NCC(=O)N2C2=CC(C)=C(C(=O)c3ccc(=O)[nH]n3)C2OC)c(C)n1,8.1,0.6487069565396049,0.6495389619700569,0.17065097948526334
CC1=C[C@H](S(=O)(=O)C(=O)NC2=NCCS2)[C@H](OCC(=O)N2CCC[C@@H](C)C2)C=C1,8.1,0.7125056792153148,0.6150513633303767,0.17748217369971622
Cc1noc(C)c1CNC(=O)C1=CC=C(c2ccc(Oc3ncc(C(N)=O)cc3Cl)cc2)CN1C,7.8,0.5131563152373687,0.7712744360724224,0.15435589558416446
CN1CCC(CNC(=O)N2CCCC2)=CC=C(c2cccc(-c3ccc(F)c(O)c3)c2)C1=O,9.3,0.7357834397236949,0.7928194073943897,0.27125467665334063
Cc1cccc(NC(=O)CC2=CC=C(C(=O)NC(=O)CCc3ccccc3)C2C)c1,7.9,0.7320882441824846,0.7769249975322683,0.22466717463542743
Cc1noc(C)c1CNC(=O)c1nc(-c2ccc(C(=O)c3ccc4ncsc4c3)nc2)cs1,7.7,0.35786689277845246,0.7966436265347119,0.10976056602269807
CC1=CCC(C[C@H](Oc2ncc(C)c(C)n2)C2=CC=C(F)C2)=C1,7.6,0.79081434948538,0.6357081652741949,0.19103631288986564
Cc1cnn(-c2ccc(C(=O)NCCOc3ccc(-n4cnc5c(c4=O)CCCC5)cc3)o2)c1,7.4,0.42624961020815516,0.7910908343306206,0.12476479911588838
NOc1cc(=O)[nH]nc1NC(=O)c1ccc(F)cc1C=O,8.8,0.5463614790470989,0.7918724889764432,0.1903653946893059
O=c1c2c(ncn1C1=CCN(c3ccccc3)C1)CCCC2,6.8,0.8535613840322926,0.7976500148819449,0.23148670522984396
NC(=O)c1cnc(OCCON2C(=O)CN=C2Cn2nc(C(N)=O)ccc2=O)c(Cl)c1,9.1,0.44374474596748104,0.7463706677969112,0.15069511838249938
NC(=S)[C@@H]1CCCCN1C(=O)[C@@H](NC1N=NC(=S)N=C1O)C(=O)N1CCCC1,7.2,0.42469403327420463,0.6287065003164147,0.09612284377143174
Cc1cnc(-c2ccc(C(=O)NCc3c(C)noc3C)cc2)nc1C,7.5,0.7904494609164121,0.8599798015969786,0.25491396396425053
O=C(Nc1nc2ccccc2s1)c1ccc(Br)c(F)c1,6.3,0.7412195012509332,0.9044923970032906,0.21118463206849264
CCCCCC1([C@@H](C)N[C@H](C(=O)N(C)C)c2csc(NC(=O)CC)n2)NC(=O)CCC(=O)N1C,6.6,0.4055125992826286,0.637038579322089,0.08524796614759036
COC(=O)[C@H]1[C@H](C)N(c2ccc(-c3ccccc3NC(=O)CCl)cc2)N1OCC(=O)N1CCC[C@@H](C)C1,7.7,0.4125080574596654,0.6825558207682629,0.10840051365716792
O=C(CCS(=O)(=O)c1cc(NC(=O)c2ccc(-n3cnc4c(c3=O)CCCC4)cc2)ccc1Cl)NC1=NCCS1,9.0,0.42411947819235435,0.7823114411102094,0.14930708408440685
CC1=CS(=O)(=O)NC1=NN1CCc2[nH]c(=O)ccc2C1,7.3,0.7549102861907339,0.6698837455670075,0.18458127747938627
O=C1Cc2cc(OC(=O)c3ccc(C(=O)Nc4ccccn4)cc3)ccc2N1,9.1,0.5411160025812081,0.8739892851609388,0.21518296266971806
COCCN(C(=O)COc1ncc(C(N)=O)cc1Cl)C(=O)N1CCC([C@@H](C)O)CC1,6.4,0.6100082224113512,0.7387370447676727,0.14420341488260568
COc1cc(=O)[nH]nc1-n1cnc2c(c1=O)CCCC2,7.8,0.8447253251154757,0.7857436790545727,0.25885765805125355
Cc1cccc(C2(CN(C)C(=O)c3cccc(C)c3CNC(=O)c3ccccc3O)CCC2)c1,8.3,0.5176529091763818,0.8220374584667185,0.17659498395831125
NC(=O)c1ccc(=O)n(Cc2cc(C(=O)N3CCCC[C@H]3C(N)=S)nn2C2CCCNC2)n1,8.2,0.48817747070321305,0.6884259714835914,0.13779036030535738
Cc1cc(C(N)=O)nn1CNN1CCc2ccccc2C1,8.1,0.8714079563733124,0.7952367772169384,0.2806551402213421
Cc1cc(=O)n(C2=CC(=O)N(C(=O)C(=O)c3ccc(F)cc3Cl)C2)cn1,7.8,0.5978656302270898,0.7709118311333865,0.17975165823033198
Fc1ccc(-c2ccc(-c3ccc(F)cc3Cl)cc2)c(Cl)c1,7.1,0.4944687207794912,0.9209081409482062,0.161652895995578
NC(=O)c1ccc(=O)n(Cc2cccc(-n3cnc4c(c3=O)CCCC4)c2)n1,8.8,0.7230349155960438,0.8218615334990204,0.26146321718224375
Cc1nnc(N2CC[C@H](c3ccc(C(=O)NCc4c(C)noc4C)cc3)C2)s1,7.4,0.7105328490163961,0.7876013418584077,0.20705815136832267
NC1=CC(F)CC=C1C(=O)NC(=O)CCc1ccccc1,8.0,0.8866460219239991,0.7591499764933185,0.2692389226805993
Cc1cnc(C2=NCCN2Oc2cc(F)c(NC3=CC=C(C(=O)N4CCCCC4)C3)cc2F)nc1C,8.4,0.6521831542845095,0.7145239590431198,0.19572020555665096
O=C(CCOc1ccccc1)NC(=O)c1ccc(F)cc1Cl,6.8,0.9197229524495487,0.9125152983329851,0.28534882987498583
O=C(Nc1ccccn1)c1ccc(N2CCc3nc(N4CCc5[nH]c(=O)ccc5C4)ccc3C2)cc1,8.2,0.46604981335988216,0.8031889455861609,0.15347368385509183
CC(C)[C@@H](C)C(=O)N[C@@H]1NC(=O)C(C)(C(=O)NC(=O)NC2=NCCS2)N1,7.1,0.39732713897535843,0.6072979213082828,0.08566006068058134
Cc1cc(C)cc(N(C)[C@H](C)C2(c3cc(C)cc(C)c3)CC2)c1,6.9,0.7229824496873577,0.75888219848664,0.1892871862556695
Cc1[nH]c(NC(=O)c2ccc(Br)c(F)c2)c(-c2ccccc2NC(=O)CCl)c1C,7.9,0.41583415065050516,0.8224159916258468,0.13508551886685516
COC(=O)C(=O)N1[C@@H](c2ccc3c(c2)CNC3=O)CS[C@@H]1c1ccccc1NC(=O)CCl,6.9,0.401561058971869,0.6954408099478537,0.09634537209274549
C[C@@H](O)C1CCN(C(=O)N2CCC(C(=O)Nc3ccccn3)CC2)CC1,7.2,0.8625869347223519,0.8040724736557558,0.2496896677243215
Cc1nnc(N2CC[C@H](c3cnc(-c4ccc(C(F)(F)F)cc4)c(Cl)c3)C2)s1,7.4,0.550488321016552,0.773401687525399,0.15752698068177318
COc1cc(=O)c(COC(=O)c2ccc(C)cc2)nn1C(=O)c1ccc(=O)[nH]n1,7.8,0.6228743148982957,0.7981817703532921,0.19389510011551508
COc1ncc(C2=C(O)C(=O)N[C@H]2CCNC(=O)COC=O)c(C)n1,6.6,0.5198834802197755,0.6947847871342607,0.11919835393590805
CNC(=O)NC(=O)[C@H](S)N[C@H]1CCCN(S(C)(=O)=O)C1,6.5,0.38020234884944315,0.7081048121226803,0.08749751166020693
CC(=O)NCc1cccnc1-c1sc(C=NC=O)ncc(C(=O)c2ccc(C(N)=O)cn2)cc(Br)c1C,8.2,0.23469135434786037,0.6866988697363873,0.06607653798470685
CC1(C)CS(=O)(=O)C[C@H](N[C@H]2CCCN(S(C)(=O)=O)C2)N1NCC(=O)N1CCCCC1,7.5,0.5160263621373945,0.6602549912316005,0.12776586795311254
CNC(=O)CNC(=O)[C@H](C)O[C@@H](C)NC(=O)NCCOCn1cnc(C)cc1=O,5.8,0.2531989482079841,0.6988337878812444,0.05131375421848244
CS(=O)(=O)N1CCC[C@H](NC2=NCC(=O)N2NC(=O)CCNC=O)C1,6.2,0.32879652038856133,0.7010710747596788,0.07145801627707592
COc1cc(C(=O)c2ccc(=O)[nH]n2)c(Br)cc1C(=O)c1ccc(C(N)=O)cn1,8.6,0.5338071871972544,0.8100304147027698,0.18593202460318575
CC(=O)N1CCC1=C(C)NS(=O)(=O)NNC(=O)NCS(=O)(=O)C(=O)NC1=NCCS1,7.4,0.27538041362199606,0.6702852214336483,0.06829586596355045
COc1ccccc1N1Cc2ccccc2[C@@H](Oc2cc(F)c(N)cc2F)C1,8.0,0.6649563329983547,0.7865961495507156,0.2092208364623477
C[C@]1(N2CCc3[nH]c(=O)ccc3C2)CCC(C(=O)NC2=NCCS2)=C(O)C1=O,7.3,0.6767198001814186,0.6612721841174146,0.16333603281003548
CC(=O)N1CCC(CC2=CCNC[C@@H]2S(=O)(=O)C(=O)NC2=NCCS2)CC1,7.4,0.6603796543103081,0.6591434902874166,0.1610554315950508
CC(=O)NC(=O)N/N=C1\SC(=N)N=C1C1=Cc2[nH]c(=O)ccc2C1,8.2,0.5830642648619592,0.6847459660319805,0.16369287035366778
Cc1cc(C)cc(C2(C(=O)CCc3ncc(C(N)=O)c(C)c3Cl)CC2)c1,6.2,0.8349093054083733,0.7953295683257715,0.2058486978130995
CN1C(=O)C(=O)N[C@]1(CCCCC=O)C(=O)N[C@@H](C(=O)N1CCCC[C@H]1C(N)=S)C1CCC1,7.1,0.17301230710657303,0.6331265518454797,0.0388862333259516
CCNC(=O)NCCOCn1nc(C(N)=O)ccc1=O,6.4,0.5320337389930415,0.8341419124001743,0.14201332496162267
NC(=O)c1ccc(=O)n([C@@H](NC(=O)CNC(=O)NCC(=O)NCC=O)C2CCC2)n1,7.3,0.2547967612504433,0.7229015851053837,0.06723043864449717
COc1cccc(-c2ccc(Cl)c(C)c2)c1-c1nc2c(c(Oc3cc(F)c(N)cc3F)n1)CCC2,9.4,0.3053701378038951,0.8066459122153271,0.11577301948490729
O=C(NNC(=O)c1cccc(-c2ccnc(C3CCCC3)n2)c1)Nc1nncs1,8.2,0.5692917963499915,0.820444611535349,0.1914996785497182
Cc1cnn(-c2ccc(C3=CN(C(=O)N[C@@H](C)C(=O)N(C)N=CC(C)(C)C)CCN3)o2)c1,7.5,0.5476829108983764,0.6334094263371505,0.1300903194025505
COc1cn(-n2cnc3c(c2=O)CCCC3)c(N2CC(c3c4c(nn3C)CCCC4)C2(C)C)cc1=O,8.1,0.5588462015203786,0.6401850679413936,0.14489482236309087
Cc1cnn(C(C)N2N=C(Cn3nc(C(N)=O)ccc3=O)C[C@H]2CNC(=O)N2CCCC2)c1,8.9,0.6145551395181431,0.6539207605654772,0.17883231208819156
COc1ncc(C(=O)N(C)CCn2nc(C(N)=O)ccc2=O)c(C)n1,6.5,0.7250680948446934,0.8145033568652398,0.1919353790922382
Cc1cc(C)cc(C2(N3C(=O)Cc4cc(-c5ccc(-c6cc(F)ccc6C)cc5)ccc43)CC2)c1,8.6,0.30540343521856383,0.811152982922398,0.10652343021308273
Cc1cc(=O)n([C@H]2NC(=O)N(c3ccc4c(c3)CNC4=O)Oc3ccccc32)cn1,0.0,0.6795963329815679,0.6946822299851778,0.0
O=C(CCC(=O)NC1=NCCS1)CNC(=O)CCCNC(=O)CNC(=O)CC1CCCCC1,6.3,0.28427437395868066,0.8049786545302327,0.07208296296600514
CCNc1n[nH+]c(N2Cc3ccccc3[C@@H](c3ccc(Oc4ccc(F)cc4)cc3)C2)c(C)c1C,7.9,0.37474626676643025,0.7157445124346701,0.10594792067741331
Cc1ccc2[nH]c(-c3nc(=O)n(NCNC(=O)NC4CCCC4)c4ccccc34)cc2c1,9.3,0.3632979579615185,0.7829314634172698,0.1322633918757426
C[C@@H](O)C1CCN(C(=O)N2CCCN(NC(=O)Cc3cccc(F)c3)CC2)CC1,6.7,0.7968620498434643,0.7789848572084987,0.20794906248758122
Cc1ccc2[nH]c(CNC(=S)N(C)CNC(=O)NCCC=O)cc2c1,6.4,0.26049922405650305,0.7770477136848908,0.06477450447033402
COc1cn(C)c(-c2cccc(C(=O)c3ccc(=O)[nH]n3)c2)cc1=O,8.7,0.7258857417068791,0.8158954059925831,0.2576273762413602
O=C(NCc1ccc(-c2ccc(F)c(O)c2)cc1)N1CCCC1,7.7,0.9107618524296831,0.8954240190091232,0.31397444473117064
C[C@@H](C=C1SC(=N)N(N2CCCS(=O)(=O)CC2)C1=O)NC(=O)N1CCOCC1,8.1,0.595649082473269,0.6664410953100844,0.16077083591229252
Cc1cccc(C2(c3ccc(NC(=O)Cc4cccc(F)c4)cc3)CCC2)c1,7.9,0.6028886592738668,0.8776273027297896,0.20899906141453664
Cc1noc(C(=O)NC(=O)CCc2ccccc2)c1CNC(=O)c1nc(C(=S)NN=C2CCCCC2)cs1,8.4,0.26884734379653774,0.7554125723297554,0.08529807868737319
Cc1nc(C2=NCCN2Oc2cc(F)c(F)cc2F)ncc1C(=O)c1ccc2ncsc2c1,8.9,0.32350278777042785,0.7510621242520001,0.10812195748801418
Cc1ccc(C(=O)NCc2c(C)noc2C)cc1C(=O)N1CCOCC1(C)Oc1cc(F)c(F)cc1F,9.0,0.49260023773850153,0.7231370017927947,0.16029785655028705
Cc1cc2c(cc1-c1ccccc1)OCc1ccccc1-2,6.7,0.5897156170420771,0.8953443123699574,0.17687950541751182
CCC(=O)Nc1nc(-c2ccc(-c3ccc(F)c(O)c3)cc2)c(C)s1,8.4,0.6929867974203667,0.8692415598387367,0.25299662838967873
O=c1ccc2c([nH]1)CCN(c1ccc3c(n1)CCN(C1=CC=CNC1)C3)C2,8.3,0.8523373730264291,0.7292743803085959,0.2579589409539979
CC1=C[C@H](S(=O)(=O)C(=O)NC2=NCCS2)[C@H](OCC(=O)N2C=C(C)C=CC2)C=C1,8.1,0.7188862040065257,0.5751040464553003,0.1674409177703426
NC(=O)c1cc(N)c(F)cc1Oc1cc(CCC(=O)NC2=NCCS2)ccc1Cl,8.3,0.600771930592125,0.8107025680740898,0.20212464898751378
CC(=O)Cn1nc(-c2ccc(-c3ccc4c(c3)CC(=O)N4C(=O)Cl)c(O)c2)nc1C,7.3,0.5075221226321395,0.7793807968978985,0.14437684367882767
CC(=O)/C=C1/SC(=N)N(N2C(=O)CCCc3sccc32)C1=O,6.4,0.8410357413381377,0.7276258340690629,0.19582698648737765
O=c1c2c(ncn1-c1ccc(Cl)c(N3C=C[SH]=C3)c1Cl)CCCC2,7.6,0.6338020287702973,0.6906880682300202,0.16634860957881725
NC(=O)c1ccc(C(=O)c2nc3ccccc3s2)nc1,8.0,0.7449960570547774,0.8608853794594309,0.25654248530935275
Cc1ccc(C(=O)c2ccc(C(N)=O)cn2)c(=O)n1CNC(=O)N1CCCC1,8.0,0.7327708873727597,0.8132954141696318,0.2383836809349109
C[C@@H](N[C@@H](NCC(=O)N1CCCCC1)C(=O)N(C)C)C(=O)CCC(N)=O,6.4,0.4162154166943853,0.7112869577095597,0.09473555119755714
Cc1cc(=O)n(-n2c(=O)n([C@H]3CCN(c4nnc(C)s4)C3)c3ccc(Cl)cc23)cn1,8.2,0.48200643472408994,0.709010970382947,0.14011661850596616
Cc1cnc(-c2ccc(-c3ccc(CNC(=O)c4ccccc4O)cc3)cc2)nc1C,8.2,0.48292800622512533,0.8779454542333647,0.17383362359280563
Cc1cccc(NC(=O)c2cccc(OP(C)(=O)COOc3cc(F)c(N)cc3F)c2)c1,6.8,0.2023102819249498,0.7458291953322004,0.0513022310236754
Cc1cnc(-c2ccc(F)cc2NC(=O)c2ccc(Br)c(F)c2)nc1C,8.2,0.6476725379303429,0.8558871080083112,0.22727717592449778
Cn1c(-c2ccnc(C3CCCC3)n2)cc2c1CCNC2,7.4,0.9207526826011639,0.7856088284989897,0.26764003143677295
COc1ccc(-c2cc(=O)c(OC)cn2C)c(OCc2cccc(C(=O)N3CCOCC3(C)C)c2)c1,8.2,0.49787685089719047,0.7999467305809159,0.16329273323392315
Cc1cc(C)cc(C2(c3ccc(C(=O)c4ccc(C(N)=O)cn4)cc3)CC2)c1,8.9,0.6870865663632265,0.8413127711716041,0.2572343429159136
CCCn1nc([C@@H](NC2CCCN2C(=O)c2cccc(F)c2)C(=O)N2CCCCC2)nc1C,7.4,0.6925007023096148,0.7090583632967655,0.18167866338776095
COc1cn(C)c(C2=NC(=O)NC(c3ccccc3NC(=O)CCl)N2)cc1=O,7.4,0.6515577484500152,0.71125470477754,0.17146670018715368
Cc1cccc(NC(=O)c2cccc([C@H]3CCN(c4nnc(C)s4)C3)c2)c1,8.1,0.7309294942353629,0.8164339864983583,0.24168605073526148
CCCCCC(CNC(=O)[C@@H]1CNC(=O)C1)N=c1[nH]nc(-c2ccccc2NC(=O)CCl)n1NC=C1CCCC1,7.5,0.1854503337779448,0.6309201197539369,0.04387663004834569
CC(=O)NCc1cccnc1N1C(=O)Cc2ccccc21,7.7,0.9348405774553302,0.8562511361912976,0.3081764480424843
O=C(COc1ccnc(C2CCCC2)n1)NCCC(=O)NC1=NCCS1,7.0,0.7405413251491663,0.8043708349538802,0.20848444540983072
CC1=C(c2nccc(C3=CC4=C(C=C(C(=O)NC(=O)CCC(=O)c5ccc(F)cc5Cl)C4)C3)n2)CC=C1,7.9,0.4761326772466655,0.7092921099384708,0.13339827474570143
Cc1cnc(O[C@@H](CC2=CC=C(C(=O)NN=C3CCCCC3)C2)C(=O)NC2CC2)nc1C,7.9,0.6077525732334573,0.6772469734054669,0.16258144336668862
CN(CCN1CCOCC1(C)C)C(=O)Nc1cccnc1,6.7,0.9166528445888149,0.822084708551141,0.2524447060064341
Cn1nc2c(c1N1C(=O)Cc3cc(-c4ccc(Oc5ccc(F)cc5)cc4)ccc31)CCCC2,7.8,0.3741191483627749,0.8203713316111177,0.11969748333019892
CC(C)N1C(=O)CS[C@H]1c1ccc(-c2ccnc(C3CCCC3)n2)cc1,7.2,0.7797903265652861,0.7723624334617158,0.21682107151771335
O=C(C[S+]([O-])Cc1cc(F)cc(F)c1)N1CN=[SH]C(=Cn2cnc3c(c2=O)CCCC3)C1=O,6.6,0.3849103505240359,0.5783470419421164,0.07346188167069816
Cc1cccc(C2(C3=CCN(c4ccc(C(=O)N5CCc6[nH]c(=O)ccc6C5)cc4)C3)CCC2)c1,8.1,0.5659910434584166,0.7745587234964553,0.17754928655328903
CC(C)(CN(CNC(=O)N1CCCC1)C(=O)CSCn1nc(C(N)=O)ccc1=O)C(=O)[O-],7.4,0.38741305604089127,0.726074631039414,0.10407759293815452
CNC(=O)NC(=O)[C@H](S)c1ccnc(C2CCCC2)n1,7.4,0.7387216653526316,0.7387623726077137,0.20192371497127368
C[C@@H](O)C1CCN(C(=O)C(CC(=O)C(=O)N(C)C(=O)N2CCCCCC2)c2ccccc2)CC1,7.6,0.6436136829619364,0.7170986419511427,0.17538310923740763
Cn1nc2c(c1N1CCN(c3ccccc3NC(=O)CCl)CC1)CCCC2,6.8,0.8194794252379443,0.833830317192225,0.23232430828674344
CONc1ccc(NC(=O)CC(=O)N(C)C(=O)N2CCOCC2(C)C)c(OCN)c1,6.7,0.3353982308120287,0.7511964437253584,0.08440323600295392
O=C(Nc1ccccc1)c1csc(-c2ccc([O-])cc2)n1,7.0,0.8069837764914086,0.8511139987385862,0.2403923161243689
CS(=O)(=O)N1CCC[C@H](NC2=NNC(=O)/C2=N\NC2CCS(=O)(=O)CC2)C1,6.5,0.4438270137903942,0.6794423809756756,0.09800533697209755
COS(=O)(=O)NCC(C)NC(=O)OC1=NN(C)C(=N)/C1=N\NC(=O)NCc1c(C)noc1C,7.1,0.2921097217073354,0.6509691978700354,0.0675048230866015
CS(=O)(=O)CCC[C@H](On1nc(C(N)=O)ccc1=O)C(=O)NC1CC1,6.4,0.521113699070664,0.722915295129402,0.1205507403390859
CC1=NN(n2nc(C(N)=O)ccc2=O)C(=O)/C1=N\Nc1ccc(N)c([N+](=O)[O-])c1,8.4,0.3272029844162269,0.7461001542353889,0.10253300279847512
CC1=C(C2=C3CC[NH+](CC3)CC2)S(=O)(=O)NC1=NC(=O)N1CCOCC1(C)C,7.2,0.6472601095612475,0.49698090160921043,0.11580332861715303
CC=NC(=NCCC1=CC=C(NC(=O)CCl)C1)C1CCCC1,6.2,0.45316812440215987,0.6892400176996399,0.09682589788599576
CCC(=O)Nc1nc(C2=COC(Br)C=C2n2cnc3c(c2=O)CCCC3)cs1,7.7,0.7013384047751997,0.679703264935331,0.18353027136684238
CC1CCN(C(=O)NCc2cc(N3C(=O)CCCc4sccc43)ccc2N2CCc3[nH]c(=O)ccc3C2)CC1,9.2,0.4861000184878924,0.7678377205240241,0.17169312786551746
O=C(CCC1=C(c2ccccc2)CC=C1)NC(=O)c1ccc(F)cc1Cl,7.9,0.8118234004193978,0.8331369636331668,0.26716223271854905
CCCCNC(=O)c1ccc(C)c(C(=O)N2CCOCC2(C)C)c1,6.7,0.8436383142023818,0.8540748321906972,0.24137763429673406
CC1(C)COCC=C1C1=C(O)C(=O)N[C@H]1c1ccccc1,7.2,0.8779614694871913,0.7166665345115715,0.226514017357946
O=C(CCN/N=C1\C(=O)NN=C1c1ncon1)NC1=NCCS1,7.3,0.4359152848783059,0.6854864724760544,0.10906712128931285
CN(C(=O)CC(=O)Nc1c2c(nn1C)CCCC2)[NH+]1CCC[C@@H](S(=O)(=O)NCC(F)(F)F)C1,6.9,0.4424067387331641,0.5985106309817991,0.09135087204067617
CCCC(=O)NCC(=NC(=O)C(=O)Nc1cccc(C)c1)c1ccccc1NC(=O)CCl,7.6,0.3212579418207595,0.8130293156677139,0.09925300734471312
CC(=O)N1CCC(Cc2ccc(-c3ccc(-n4cc(C)cn4)o3)cc2)CC1,7.6,0.696504512445662,0.8280484631488325,0.2191610066206058
O=C(Nc1ccc(NCC(=O)N2CCCCC2)cc1Cl)c1ccc(Br)c(F)c1,6.9,0.654780704688649,0.8759451532653298,0.19787543472966937
C[C@@H](O)C1CCN(C(=O)N2C(=O)N(Oc3ncc(C(N)=O)cc3Cl)C(C)(C)C2=O)CC1,7.4,0.6543324003393267,0.6921778900515937,0.16757833549592985
Cc1cc(C)cc(C2(N3C(=O)Cc4ccccc43)CC2)c1,7.4,0.8154074069196636,0.8212894021626143,0.24778362084676667
CCC(C(=O)NC(=O)Nc1ccc(OC)c(OC)c1)[C@@H](NC(=O)COc1cc(F)c(N)cc1F)C1CCC1,8.3,0.3229291650590538,0.7210975331964008,0.09663832109332168
Cc1cc(=O)n(-c2ccc(Br)cc2NC(=O)c2ccc(F)cc2Cl)cn1,7.5,0.6638627111615129,0.8512125353587385,0.21190809806171898
C[C@H](NC(=O)N1CCOCC1)c1ccc(N2CCc3[nH]c(=O)ccc3C2)cc1,8.3,0.8517012462581528,0.7836990104244097,0.2770031309059466
CCC(C)CN[C@@H](C)NC(=O)NCCOCc1ncc(C)c(C)n1,6.3,0.4481440530624203,0.7118158512781151,0.10048375279714322
C[C@@H]1c2cccc(C=C3SC(=N)N(C(=O)NCC(=O)NCCOC=O)C3=O)c2O[C@@H]1C,0.0,0.32710756798963586,0.6672885069634745,0.0
Cc1nc(N)ncc1C(=O)N(C)CCn1nc(C(N)=O)ccc1=O,7.1,0.6977316651214533,0.8197901486690906,0.20305770864577216
Cc1cc(C)cc(C2(c3cc(C#N)c(C)c(C(=O)N4CCC(C)CC4)c3)CC2)c1,7.5,0.7052992224876653,0.8049509916258467,0.21289924070039432
NC(=S)[C@@H]1CC=CCN1C(=O)c1ccc(NC(=O)c2ccc(Br)c(F)c2)cc1,6.5,0.5341919902886524,0.7809209769668891,0.13557756255683295
CCNc1n[nH+]c(-c2cccc(N3C(=O)CCCc4sccc43)c2)c(C)c1C,7.9,0.7004174835360432,0.7286463411913281,0.20159087149056518
O=C(Cc1cccc(F)c1)NC1CC(=O)N(CNC(=O)N2CCCC2)c2ccccc21,7.0,0.7744938300809128,0.7842390244769353,0.21258590001812108
CCCn1nc([C@@H]2C(=O)N(N3CCC[C@@H](CNC(=O)[C@@H]4CNC(=O)C4)C3)C(=O)[C@H]2[C@H]2CC[C@H]3C[C@H]2C3)nc1C,0.0,0.47763213984392017,0.5044583636525084,0.0
COc1cc(=O)c(-c2cccc(F)c2F)nn1-c1ccccc1NC(=O)CCl,7.7,0.6604944042685679,0.8196084319211112,0.20841851144546333
CNC(=O)CN(C(=O)c1nc(O)cc(C(=O)N2CCOCC2(C)C)n1)c1ccccc1F,7.6,0.7024297317804475,0.7639180620337072,0.20390752857829894
CN(CCCCC1=C(C(N)=O)CC=C1)C(=O)NC1=CC=C(F)C1,6.4,0.7079337284145495,0.7093372474473518,0.16069240393238965
O=C(CCC(=O)C1=CC=C(F)C1Cl)NC(=O)c1ccc(F)cc1Cl,6.6,0.8030937266321403,0.7464196167917918,0.19781682085461583
O=C1N[C@@H](c2ccc(F)c(O)c2)C(Nc2cccnc2)=C1O,8.0,0.6952074368906962,0.746516638950437,0.2075935676643962
Cc1cc(=O)c(-c2ncc(C(=O)N3CCCC[C@H]3C(N)=S)cc2Cl)c[nH]1,6.8,0.785863907696587,0.7430788608121431,0.19854601147675005
[NH3+][C@H](C(=O)c1ccc(F)c(F)c1)c1ccc2nc(CNC(=O)c3ccccc3O)sc2c1,7.9,0.3884164335483238,0.752403738691463,0.11543716082453041
COc1ccc(NC(=O)c2ccc(F)cc2Cl)cc1C(=O)Nc1ccccn1,8.5,0.6665063290444121,0.8958674512205391,0.25376806364493454
C[C@@H](O)C1CCN(C(=O)N2C(=O)N3C(=O)[C@](N)(c4ccccc43)[C@@H]2c2ccc3c(c2)CNC3=O)CC1,8.7,0.5887797068423277,0.57097947109758,0.14623878963853187
Cc1cnn(-c2ccc(C(=O)N=C(O)C(C)(C)c3ccc(-c4cccc5c4O[C@H](C)[C@@H]5C)cc3)o2)c1,8.1,0.2620216753932432,0.6662420135562611,0.07070078868679866
Cn1nc2c(c1-c1ccccc1C(=O)NC1=NCCS1)CCCC2,7.1,0.9144054164041091,0.8086212391171043,0.2624897125081692
CC[C@@H](C)c1cc(O)n(-c2cccc3c2O[C@H](C)[C@@H]3C)c1O,7.0,0.88903105063269,0.6746272351510157,0.209917595878107
C=Cc1cnn(-c2ccc(-c3cc(Br)ccc3[C@H](C)N[C@@H](C)O)o2)c1,7.0,0.5952092508140783,0.6807145536181296,0.14180865981705032
CNCc1cccnc1NC(=O)CC(=O)N(C)c1ccc(S(N)(=O)=O)cc1,6.3,0.586382136432876,0.8334972077514234,0.15395558011851665
COc1ccc(C)c(C(=O)NCC[NH+]2CCCCC2)c1,7.1,0.8359666301177645,0.7413077816186752,0.21999654166834304
CCCn1cccccc(O[C@H](NC(=O)Cc2cccc(F)c2)C(=O)NC2CC2)cc1[O-],7.8,0.5861645520774817,0.6962010043158077,0.15915445644176066
Cc1cc(C)cc(C2(c3cccc(NCNC(=O)N4CCCC4)c3)CC2)c1,8.6,0.7651313044337417,0.8200945401487557,0.269816402263093
CNC(=O)[C@H](Cc1ncccc1CNC(C)=O)C(C)C,6.5,0.8225295018292136,0.7801634308087719,0.20855491737876553
COc1cc(C)cc(C)c1[C@@H](C)NC(=O)NCCOCOc1ncc(C(N)=O)cc1Cl,6.8,0.37729249533357956,0.7598125604980854,0.09746833615828046
CC(C)(C)CN(C=O)CNC(=O)Cc1cccc(F)c1,6.8,0.6393378748820978,0.809146393104655,0.17588809804825517
Cc1cccc(C2(N3[C@H](C)C[C@@H]4CC[C@@H]3[C@@H](CO)N4C(=O)N3CCOCC3(C)C)CCC2)c1,7.2,0.7512956468428048,0.5434645470742883,0.14698891743491135
CC(=O)N1C=CC(C)=CC=C(C(=O)NCC(=O)N2CCCC[C@H]2C(N)=S)C(=O)CCC1,7.5,0.4981710578225653,0.6520226064140339,0.12180704683556454
Cc1nnc(N2CC[C@H](N(C)C(=O)Nc3nncs3)C2)s1,6.8,0.9186521115414016,0.7454634445506848,0.23283933292056044
CC1=C(NC(=O)c2ccc(Br)c(F)c2)S(=O)(=O)N/C1=N\c1cc(O)n(C)c(=O)c1,7.1,0.6086772691122022,0.717258072493697,0.15498543310902163
CC1(C)COCC=C1CCC(=O)c1ccc(C(N)=O)cn1,8.1,0.6643294571849084,0.7659650619207404,0.20608552729240617
CC1=CCC(C)=C1CNC(=O)c1ccc(C)c(C(=O)N2CCOCC2(C)C)c1,7.0,0.8648569689559893,0.7846811463861333,0.23752293525114776
Cc1noc(C)c1CNC(=O)C1=CCC(=NNC(=O)c2csc(C(=O)NCc3c(C)noc3C)n2)C1,7.7,0.3879724149452372,0.7380273094080294,0.11023868144772905
C[C@@H](O)C1CCN(C(=O)C(=O)NN=C2CCC(CC(=O)NNS(=O)(=O)c3cccc([N+](=O)[O-])c3)CC2)CC1,8.1,0.20362666784250066,0.7199333425636598,0.05937203918405539
COc1cc(N(C)CNC(=O)c2ccccc2O)cc(N)c1-c1c2c(nn1C)CCCC2,8.3,0.4059068151610898,0.7747396354602806,0.13050592067362968
Cc1cc(CNC(=O)c2ccccc2O)c(C)c(-c2ccc(-n3cc(C)cn3)o2)c1,8.0,0.5082397714953717,0.8113706982226545,0.16494834330508887
NC(=O)c1ccc(=O)n(C(=O)NN=C2CCC(C(=O)N[SH](=O)=O)CC2)n1,7.6,0.34460265091503284,0.6991833370922165,0.09155736394628679
Cn1cc(C(=O)c2ccc(=O)[nH]n2)cc1-c1c2c(nn1C)CCCC2,8.9,0.7360137161992045,0.7705271348271289,0.2523677502717161
Cc1nnc(N2CC[C@H](N[C@H](C)NCC(=O)N3CCCCC3)C2)s1,6.5,0.7432698571528943,0.7247643969353564,0.17507604717838493
CN(C(=O)N[C@H](c1ccc(O)cc1O)C1CCC1)c1c2c(nn1C)CCCC2,8.2,0.7535136646112073,0.7267961248958833,0.22453683271316388
NC(=O)c1ccc(C(=O)c2ccc(Oc3cccc(N4CCc5[nH]c(=O)ccc5C4)c3)cc2)nc1,9.7,0.42033613551769916,0.8195763929557089,0.1670813232816209
Cc1noc(C)c1CNC(=O)OC[C@H](C)NC(=O)NC(CC(=O)[O-])NC(=O)CNC=O,6.8,0.17192301984539532,0.657880018165451,0.038455604602442274
Cc1cc(NCC(=O)N2CCCCC2)c([N+](=O)[O-])cc1NC(=O)NC1CCCC1,6.6,0.4971578956345663,0.85146939687913,0.13969386207138834
O=C(NC(=O)c1ccc([N+](=O)[O-])cc1)NC(S)=Nc1ccccc1,7.1,0.26101207505532237,0.8372669763649311,0.0775805607610887
CCO[C@@H](C)C(=O)NCCc1ccc2c(c1)CC(=O)N2[C@H](C)NC(=O)N1CCOCC1,6.6,0.6396208779368936,0.723328148770478,0.15267640923250356
O=C1C[C@H](C(=O)NCS(=O)(=O)C2CCC(c3ccc(F)c(O)c3)=N2)CN1,8.5,0.6633323019209905,0.659508197025799,0.18592606344927629
Cc1noc(C)c1CNC(=O)C1=CC(N)=C(C#N)C=C2O[C@@]2(Oc2cc(F)c(N)cc2F)[C@H](C#N)N1,0.0,0.34995580862967407,0.5366231435670445,0.0
COc1cn(C)c([C@@H]2C[C@H](NC(=O)C(=O)SCC(=O)c3ccc(C(N)=O)cn3)C[C@H](c3ccccc3)[NH2+]2)cc1=O,8.3,0.26489407968405265,0.5949438831615468,0.06540280164339982
COC(=O)c1ccc(O)cc1[C@@H](OCn1nc(C(N)=O)ccc1=O)C(=O)NC1CC1,7.6,0.49939644605726646,0.7458931423286486,0.1415486260786173
CC(=O)N1CCN(Cc2ccccc2)CC1[C@H]1CCC[NH2+]1,6.3,0.8768991808911015,0.6866968574071879,0.1896816322109698
CO[C@@H](C(=O)C(C)(C)CC(=O)N1CCN(OCC(=O)N2CCC[C@@H](C)C2)CC1)[C@H](C)NC(=O)N1CCOCC1,0.0,0.420914667194567,0.6538986131170393,0.0
CN1N=C([SH](=O)=O)/C(=N/NOc2ncc(C(N)=O)cc2Cl)C1=N,7.6,0.3920063891454137,0.6507798653133567,0.0969417487494105
O=C1NCc2cc(-c3cccc(-n4cnc5c(c4=O)CCCC5)c3)ccc21,8.5,0.7667385954910406,0.8202500959853243,0.26728989778255097
NC(=O)c1ccc(C(=O)C2=C[C@H](CCC(=O)NC3=NCCS3)N=N2)nc1,7.6,0.7192921319751475,0.6793256961089784,0.18568077873869673
CC(=O)N1CCC(CN2CCN(C(=O)[C@H](O)C(=O)NC(=O)c3ccc(Br)c(F)c3)CCC(=O)NC2=O)CC1,8.4,0.4101429034901304,0.682720271943053,0.11760540733464397
Cc1cnc(-c2ccc(/C=C/N(C)C(=O)CCC3=CN=C(c4cc(Br)ccc4F)C3Cl)cc2)nc1C,7.3,0.29297572444720793,0.682772732771225,0.07301308014600408
NCCc1cccc(C(=O)NNC(=O)NNc2nncs2)c1,7.2,0.4925276247545699,0.8230900787497011,0.14594205652043116
CN(CCCc1c2c(nn1C)CCCC2)C(=O)N(C)CC(C)(C)C,6.1,0.8291699893011493,0.776948491864357,0.19648782366944745
Cc1ccc(C(=O)NN2CCCC2)cc1C(=O)N1CCOCC1(C)C,6.7,0.9099984153065661,0.8246663950035722,0.2513991127242929
Cc1cnc(C2=NCCN2Oc2cc(F)c(F)cc2F)nc1C,7.9,0.8151454155271842,0.7626968628319672,0.24557499621390527
COc1cc(C2=CCCC(CNC(=O)c3ccccc3C(=O)Nc3ccccc3)=N2)ccc1C,7.9,0.5120099890457674,0.8271131421814998,0.16727862539284422
CC(=O)N1CCC(CC2=C(C)/C(=N/[C@H]3CCN(C(N)=O)C3)NS2(=O)=O)CC1,0.0,0.7145200516172326,0.6658508050920999,0.0
CN1N=C(Oc2cc(F)c(N)cc2F)/C(=N/NC(C=CS(C)(=O)=O)=C(NCc2ccccc2)NC(=O)O)C1=N,8.3,0.1502720497482644,0.6894316397137583,0.04299495684935377
C[C@](O)(CCN[C@H]1CCCN(S(C)(=O)=O)C1)C(=O)N1CCN(CCC(=O)NC2=NCCS2)CC1,7.0,0.3500129880587265,0.6910269010604545,0.08465393666419607
CC1=CC(C2(NC(=O)C(NC=O)=C(C)C)CCC2)=C(C(=O)NN2C(=O)C[NH+]=C2C2=CC[C@@H](C)C2)C1,7.5,0.2971702949145912,0.5539933953998896,0.061736392759395346
Cc1cnn(-c2ccc(C(=O)c3ccc(C(N)=O)cn3)o2)c1,7.8,0.7345472294920327,0.8050582263726874,0.23062778300711262
N=C1SC(=CCNC(=O)c2ccccc2O)C(=O)N1N1C(=O)CCCc2sccc21,8.0,0.6303060945043022,0.7482204719783108,0.1886431694083259
Cc1cccc(CNC(=O)[C@H](COc2ncc(C(N)=O)cc2Cl)C(C)C)c1,7.6,0.7247640003495779,0.7873025722438669,0.21683125346309148
COc1ccc(N=C(C)NC(=O)c2ccc(F)cc2Cl)c(C)n1,6.5,0.6872393400411723,0.8144442987294033,0.18190840276670442
Cc1cc(C)cc(C2(C(=NN3C=NNCC3=O)c3ccccc3)CC2)c1,7.6,0.8649949262584041,0.7402502692464724,0.24331883628265416
COc1ncc(C(=O)N(C)C2=CNCc3ccccc32)c(C)n1,7.1,0.9385474210471452,0.7735239042520854,0.2577260472362103
CCC(=O)Nc1nc(C(=O)Nc2ccc(-n3cc(C)cn3)o2)c(C)s1,7.3,0.7284801756489473,0.777246614783792,0.20666619391798996
c1ccc2c(c1)CNC[C@@H]2c1ccnc(C2CCCC2)n1,6.8,0.9155926015760898,0.7708264360036764,0.23995941384743863
COc1ncc(N2C(=N)S/C(=C/N3CCCCCC3=O)C2=O)c(C)n1,6.6,0.8273547753899078,0.7476061752233523,0.2041167279300681
Cc1nnc(N2CC[C@H](N3CCN(C(=O)N4CCOCC4(C)C)C(=O)C34CCC(C)C4)C2)s1,7.0,0.6480621900225145,0.5743737099429427,0.130280459524943
C[C@@H]1CCCN(C(=O)COc2ccccc2C(=O)Nc2ccccn2)C1,8.0,0.8969683540422667,0.8413774078206901,0.3018755634485094
CCOc1ccc(NC(=O)NC2CCCC2)cc1NC(=O)c1ccc(F)cc1Cl,7.2,0.6020636687000561,0.885643880931663,0.19195704148157017
CCNc1n[nH+]c(-c2ccc(N3C(=O)CCCc4sccc43)cc2)c(C)c1C,7.1,0.7004174835360432,0.7336817258067128,0.18242864537760123
Cc1cccc(C2(OC(=O)c3ccc(O)c(C(=O)c4ccc(=O)[nH]n4)c3)CCC2)c1,9.2,0.4990341716174346,0.8043875006359273,0.18465175101806355
O=C(CCc1coc(C(=O)c2ccc(=O)[nH]n2)n1)NC1=NCCS1,7.9,0.7356526010513191,0.7503863959892176,0.21804936308118228
CC(=O)NC(=O)c1ccc(N2N=C(C)/C(=N/Nc3ccc(F)c(O)c3)C2=O)cc1,8.0,0.6810911306762953,0.8240390685489234,0.224498280367771
CC1=C(C(=O)NC(=O)[C@H]2CCCC(C)(C)C2)S(=O)(=O)NC1=NCNC(=O)[C@@H]1CNC(=O)C1,0.0,0.40429038253963684,0.6096128288102176,0.0
Cn1nc2c(c1-c1c(O)nc(=O)[nH]c1-n1cnc3c(c1=O)CCCC3)CCCC2,8.8,0.6737048581880012,0.7295664040447531,0.2162654695413082
COc1cc(=O)n(NC(=O)c2ccc(F)cc2Cl)nc1-c1cc(C)ccc1C,8.3,0.7228542227501866,0.8225003272053141,0.24673735141451517
Cc1cnn(-c2ccc([C@H]3CNCc4ccccc43)o2)c1,7.1,0.783869932214421,0.7317987547243823,0.20364043929244172
COC(=O)[C@H]([C@H](C)NC(=O)N1CCOCC1)S(=O)(=O)CCc1ccc(Cn2nc(C(N)=O)ccc2=O)cc1,0.0,0.3630502601451924,0.7055562257858627,0.0
CC1=NN(n2cnc3c(c2=O)CCCC3)C(=O)/C1=N\N[C@@]12CCCC[C@H]1NC(C)O2,7.8,0.6990612673221998,0.5641114256433131,0.15379589476724745
COc1ncc(OCCN(C)C(=O)NCCC(=O)NCc2c(C)noc2C)c(C)n1,6.2,0.5845403142837782,0.8058896013464619,0.14603323786321776
CCCCNC(=O)c1ccc(C)c(C(=O)N2CC=C(O)C(=O)C2(C)C)c1,6.9,0.7925790185394639,0.808514183710387,0.22107992547914299
O=C(CCC1=C(c2ccccc2)CC=C1)NC(=O)c1ccc(NN=C2CCCCC2)cc1Cl,8.6,0.4607055360422838,0.7927945846993543,0.1570552872695944
CS(=O)(=O)N1CCC[C@H](Nc2csc(NC(=O)Cc3cccc(F)c3)c2)C1,7.1,0.7661926916606006,0.770333976117376,0.20952961323683972
NC(=O)c1ccc(C(=O)c2ccn(CNC(=O)N3CCCC3)c2)nc1,7.8,0.7896689026459979,0.8111084999408883,0.24979779203931346
C[C@@H]1c2cccc(CC(=O)N[C@H](c3ccc(O)cc3)C3CCC3)c2O[C@@H]1C,8.1,0.8214255174777794,0.7325016286063184,0.2436866893791608
Cc1cccc(NC(=O)N2CCCCN2C(=O)c2ccccc2Oc2c3c(nn2C)CCCC3)c1,8.6,0.5728011626940418,0.7980429580737591,0.19656157173370992
Cc1cc(=O)n(C2=NNC(=O)/C2=N\NNC(=O)N[SH](=O)=O)cn1,7.8,0.27975173570932116,0.6419011973863018,0.0700334599078567
Cc1nnc(N2CC[C@H](OC(=O)N[C@H](C)c3ccc4c(c3)OCCO4)C2)s1,7.5,0.8588772423963773,0.7456225107462021,0.24014932721188548
COc1ncc(-c2cc(C)c(CNC(=O)c3ccccc3O)c(C)c2)c(C)n1,8.1,0.707996451282536,0.8415557691992175,0.24130649175050328
O=C(Cc1ccccccc2cc-2cccc1)N[C@H](C(=O)NC1=NCCS1)C1CCC1,8.7,0.7498015980439671,0.7479983932415855,0.24396991990528427
COc1cn(C)c(N(C)C(=O)CC(=O)NC(=O)/C(C#N)=C/N/C=C/CCCCC#N)cc1=O,6.2,0.21676680912821017,0.7006592000839695,0.047082694317443136
CCNc1n[nH+]c(-n2nc(COc3cc(C)ccc3C)c(OC)cc2=O)c(C)c1C,8.0,0.6438270114006349,0.7343809822547104,0.18912572521380513
Nc1cc(F)c(OOc2ccc(-c3ccnc(C4CCCC4)n3)cc2)cc1F,8.3,0.3799181895067318,0.8095742804126006,0.12764237787751173
CC(=NC(=O)N1CCC([C@@H](C)O)CC1)Oc1cc(F)c(N)cc1F,7.1,0.49150883787188215,0.7206409185669398,0.12574149004475557
Cc1cccc(C2(N/N=C3\C(=O)NN=C3CC[NH+](C)C)CCC2)c1,7.3,0.6592488930832199,0.6565275963419689,0.15797750827596593
CN(CCCC1=C(c2cccc(O)c2)CC=C1)C(=O)Nc1cccnc1,7.4,0.8098639010762074,0.8031344327946359,0.24065894638772564
Cc1ccc(C(=O)NN2CCCC2)cc1-c1ccccc1,7.2,0.9342230724165911,0.9012844905418649,0.3031202757151595
O=C(NN=C1CCCCC1)c1csc(Nc2cccc(N=C3CCCCC3)c2)n1,7.3,0.5968625599021636,0.7944292206061687,0.17307024626930867
CC(C)(CC(=O)Cn1nc(C(N)=O)ccc1=O)Oc1ncc(C(N)=O)cc1Cl,6.5,0.6357606517045282,0.778864187345174,0.16093064108416283
O=CNC[C@@H](Nc1ccnc(C2CCCC2)n1)C(=O)N1CCCCC1,7.4,0.7342354216371042,0.7551850559145176,0.2051589386390713
C[C@@H]1c2cccc(-c3ccc(Oc4ccccc4NC(=O)CCl)cc3O)c2O[C@@H]1C,8.0,0.500129268014359,0.7549551205734758,0.15103006073444183
Cn1nc2c(c1-c1ccc(-c3ccnc(C4CCCC4)n3)cc1)CCCC2,7.6,0.6555719509865809,0.8233114956932113,0.20510117093048585
CCC(=O)Nc1nc(-c2ccc(OC)c(NC(=O)c3ccc(F)cc3Cl)c2)c(C)s1,8.2,0.5209535060097131,0.8647835772500765,0.18470993496830004
CCC(=O)Nc1nc(-c2cc(C(=O)N3CCOCC3(C)C)c(C(C)(C)C)cc2C)c(C)s1,7.6,0.6740774866856547,0.7864190987876507,0.20144081564510335
C[C@@H](Oc1cc(F)c(N)cc1F)[C@@H](O)C(=O)NN1CCN(S(=O)(=O)N(C)C)CC1,7.1,0.47323192873951403,0.6951387006899546,0.11678144896449039
CC[C@H](NC(=O)[C@@H](CC)Oc1cc(=O)c(OC)cn1C)C1CCC(CC(N)=O)N1,6.3,0.5160197826834725,0.624342743636469,0.10148456017075752
NC(=O)c1cnc(OC(CC(=O)c2ccc(C(=O)[N-]c3ccc(O)cc3)cc2)c2ccccc2)c(Cl)c1,8.2,0.27187566241625555,0.7065553340487739,0.07875903178608214
CC[C@H](Sc1ccccc1[C@H]1CCN(c2nnc(C)s2)C1)C(=O)NN1C(=O)CCCc2sccc21,8.3,0.4271204599203898,0.6774436485129277,0.12008026773004027
COC(=O)c1ccc2c(c1)CC(=O)N2C(=O)N1CCC([C@@H](C)O)CC1,6.9,0.8216446247003534,0.7728126578143052,0.2190671913367635
Cc1nc(C(=O)c2ccc(=O)[nH]n2)c(Cl)c(=N)n1-c1ccc2c(c1)CNC2=O,8.5,0.5646753272770659,0.747910404307699,0.17948878473870836
O=CC(=O)c1c(NC(=O)c2ccc(Br)c(F)c2)cccc1C(=O)c1ccc(=O)[nH]n1,7.3,0.3227789407423297,0.807719073079548,0.09516086799148742
CC[C@@H](NC(=O)NC(=O)c1ccc(Br)c(F)c1)C(=O)Nc1cccc(-c2ccc(-n3cc(C)cn3)o2)c1,7.8,0.28344900985877514,0.750741796432544,0.08299083735477707
CCOc1ccc(C(=O)c2ccc(C(N)=O)cn2)cc1CNC(=O)N1CCC(C)CC1,7.7,0.6634620243990265,0.8458092259775702,0.21604748600914417
O=CO[C@H](CNC(=O)[C@@H]1CNC(=O)C1)C(=O)NC1CC1,5.9,0.47034204000956065,0.7037752857999465,0.09764945557128024
Cc1cccc(NC(=O)c2ccc(N3CCc4[nH]c(=O)ccc4C3)cc2)c1,8.2,0.7522144739228717,0.8663545775472546,0.2671906256399557
NC(=O)C1=C(CCC(=O)NC(=O)C2=CC=C(C(=O)NC(=O)CCOc3ccccc3)C2Cl)C=CC1,7.0,0.41973733553536235,0.6882407789687017,0.10110812276988677
CCCn1nc(N2C(=O)CN=C2c2ccc(OC(N)=O)cc2)nc1C,7.8,0.8775862278006545,0.7822193620365392,0.2677213263044896
NC(=O)c1ccc(=O)n(Cc2ccc3c(c2)CNC3=O)n1,7.7,0.8016493824092852,0.836574669437712,0.2581962333311876
Cc1cnn(-c2ccc([C@@H]3CCCN3S(=O)(=O)c3ccc(C(=O)N4CCC([C@@H](C)O)CC4)cc3)o2)c1,7.7,0.5412737924811922,0.7072984790670657,0.14739422011961179
NC(=S)[C@@H]1CCCCN1C(=O)c1ncnc2c1CCC2,6.0,0.8298891063248445,0.7640375798566051,0.1902199393037385
CC(=O)NCc1cccnc1CC(=O)N[C@@H](Cc1cc(C)c(C)o1)C(=O)N(C)NCC(=O)N1CCCCC1,7.6,0.374004046458085,0.71431957796348,0.10152019679657776
CNC(=O)NC(=O)[C@H](S)NC(=O)c1ccc(F)cc1Cl,7.0,0.49339601581294656,0.7789815515419869,0.13452123787291131
COc1cc(Oc2ccnc(C3CCCC3)n2)ccc1C(=O)NCc1c(C)noc1C,7.4,0.5995252933892851,0.8252161543197951,0.1830530441004165
CC1CCN(C(=O)NCC2=C(N3CCCN3C(=O)[C@H](O)CNC(=O)c3ccccc3O)C(=O)N(C)C2=O)CC1,8.8,0.33921586970405715,0.7019292962106434,0.10476644494133407
Cc1cccc(NC(=O)C(=O)NNc2nc3ccccc3n2[C@H]2CCN(c3nnc(C)s3)C2)c1,8.9,0.29937107554056264,0.7607369419066645,0.10134547324340633
C[C@@H]1CN(C)[C@](C)(CNC(=O)Cc2cccs2)N1C(=O)CC(=O)CNC(=O)CCc1c2c(nn1C)CCCC2,6.6,0.406449885187346,0.6376071824386751,0.0855212708119528
CC[C@@H](O)C(=O)N[C@@H](CC)c1c2c(nn1C)CCCC2,6.3,0.860719713655624,0.7053792018838627,0.19124714216919497
COCCNC(=O)CC(=O)CNC(=O)CCc1cc2cc(C)ccc2[nH]1,6.4,0.4389238164916289,0.8335144847791811,0.1170717948033062
Cn1nc2c(c1-c1ccccc1-c1ccc(F)c(O)c1)CCCC2,7.4,0.7553295424822123,0.8421801529568876,0.23536571335959441
COc1cc(=O)c(C2CCCC[C@@H]2C)nn1C(=O)Nc1cccc(C)c1,7.4,0.9051011548076696,0.7249485172459138,0.24277614385009222
CC(C)CNC(=O)CN[C@@H](C)N(C)C(=O)N[C@H](C)n1cnc2c(c1=O)CCCC2,5.8,0.5581190036006325,0.6754347615910787,0.10932216307956864
Cc1cc(C)cc(C2(C(=O)NC3(C(=O)N4CCCC[C@H]4C(N)=S)CCC3)CC2)c1,6.4,0.7277942113059991,0.7393066398099665,0.17218018970681054
CC1=NN(C(=O)NCc2cccnc2-c2ccc(Sn3cnc(C)cc3=O)cc2)C(=O)/C1=N\N,9.8,0.42204559391427454,0.7303405623803485,0.15103613804065474
Cc1ccc2[nH]c(-c3ccc(Oc4ccccc4)cc3)cc2c1,7.6,0.49759961571785444,0.9088742383975781,0.17185707926974714
CC(=O)NCC1=C([C@@H](C)O)CCN1C(=O)NC(=O)NCS(N)(=O)=O,6.2,0.38271648805214165,0.6726193350222791,0.07980097800566499
O=C(Cc1cccc(F)c1)Nc1ccc(F)cc1Oc1ccc(F)c(O)c1,8.2,0.6765308978639306,0.878864299336936,0.24377732994769835
CC1=NN(NC(=O)c2ccc(Br)c(F)c2)C(=O)/C1=N\N,7.3,0.6131224560019168,0.7596689002271622,0.17000607257727676
NC(=O)c1cnc(Oc2cccc(CCC(=O)NC3=NCCS3)c2)c(Cl)c1,8.1,0.7693539108901866,0.8240310036852192,0.2567584475288956
COc1ccc(NC(=O)C(NC(=O)c2ccc(N3C=CCN3)o2)=C(C)C)cc1,7.7,0.6651608990964224,0.7647842964006757,0.19585127493034882
CN(Cc1ccc(S(N)(=O)=O)cc1)C(=O)N(C)c1c2c(nn1C)CCCC2,6.6,0.8557435292404308,0.8059071869614025,0.2275844539354908
Cc1c(C#N)cc(C2(N3C(=O)CCCc4sccc43)CC2)cc1C(=O)N1CCC(C)CC1,8.0,0.6528603531638502,0.7620592935799386,0.1990073198153572
O=C(CCc1ccccc1)n1cnc2c(c1=O)CCCC2,7.7,0.8682787612033076,0.8504940744006289,0.28430938741256273
Cc1cnc(-c2ccc(Cl)cc2NNC(=O)c2ccc(F)cc2Cl)nc1C,9.5,0.602307467743305,0.8404554059496215,0.24045096947162678
CCC(=O)Nc1nc(-c2c(C(=O)c3ccc(C(N)=O)cn3)c3ccccc3oc2=O)cs1,7.8,0.34052453777179964,0.8141922850329303,0.10812845609209952
C[C@@H]1CC=C(Oc2cccc([C@H](C)NC(=O)N3CCOCC3)c2)C1,6.7,0.9193421187434064,0.7453224794325695,0.22954412637519017
CCCn1nc(C2=C(C(=O)N3CCOCC3(C)C)C=C(CN3CCc4[nH]c(=O)ccc4C3)CC2)nc1C,8.0,0.6473637094800685,0.7061398755062364,0.1828517316878044
CC=NC(=NCCc1cccc(C(=O)N2CCOCC2(C)C)c1)C1C=C2CCCCC2=NC1,7.0,0.4902213056947412,0.6514118053394434,0.11176758101546468
Cc1cnc(C(=O)c2csc(Nc3cccc(C(N)=O)c3)n2)nc1C,7.7,0.682196336317564,0.8172481532453302,0.21464662296240988
Cc1ccc(C2=C(O)C(=O)N[C@H]2C2=CC=C3C(=O)NCC32)c(F)c1F,8.8,0.763411040230019,0.640979219966274,0.215305469755323
C#Cn1c(C2=CC=C(C(=O)NC(=O)CCOc3ccccc3)C(Cl)N2)cc2c1CCNC2,7.0,0.3564904681835472,0.6602626796056212,0.08238207312185596
COc1cc(=O)[nH]nc1-c1ccc(-n2cc(C)cn2)o1,6.9,0.7810545586273591,0.7753490771652339,0.20892852628036057
COC1([C@@H](C)NC(=O)NCCOCN2C(=O)CCCc3sccc32)OCCO1,6.4,0.6258612840982172,0.6853319187814848,0.13725526871106405
Cc1cc(=O)n(-c2ccc(Cc3cc(-c4cccc5c4O[C@H](C)[C@@H]5C)cs3)cc2)cn1,0.0,0.41600088317419176,0.7211712248987925,0.0
COCCC[C@@]1(OC[C@H](C)NC(=O)NCNC(=O)N2CCCC2)CNC(=O)C1,6.4,0.30755673125635696,0.6745699261516918,0.06638992687713806
CCC(=O)Nc1nc(-c2ccc(-n3cnc(C)cc3=O)c(Br)c2)cs1,7.1,0.6985863938997298,0.8292057356629127,0.205641504860593
CCc1c(I)c(O[C@H](CC)C(=O)N[C@@H](CC)OCC(=O)N2CCC[C@@H](C)C2)c(OCO)c2c1OCO2,6.6,0.27069891625444126,0.620821074641656,0.05545834539082657
Cc1cc(=O)n(-c2cccccoc(-c3ccc(O)cc3)cc2=O)cn1,7.8,0.7693886109874186,0.7841656129488954,0.23529795577503088
Cc1c(-n2cnc3c(c2=O)CCCC3)ccc(Cl)c1N1CCc2[nH]c(=O)ccc2C1,8.9,0.6872773749578689,0.771756075471944,0.23603266789787436
Cc1cc(F)ccc1C(=O)NNC(=O)C(=O)Nn1ccncc1=O,6.3,0.49159610577587987,0.8065254149412799,0.1248926972562388
Cc1ccc2[nH]c(C(=O)CSC(=O)c3ccc(C(N)=O)cn3)cc2c1,7.9,0.686098480218375,0.816773427970605,0.22135286800728687
COc1ccccc1[C@H](O)CCNn1nc(C(N)=O)ccc1=O,7.1,0.6617806795523773,0.7613833538836625,0.1788734216332144
CO/C=C(/c1ccc(N[C@H](C)N2C(=O)CCCc3sccc32)cc1)c1cccc(C(=O)Nc2cccc(C)c2)c1,8.0,0.22291695950611012,0.7394253970668508,0.06593218451829624
CCNC(=O)N(C)C(=O)N[C@H](c1ncccc1CNC(C)=O)C1CCC1,7.5,0.7200778469952023,0.744292698539361,0.20098075646192706
Cc1c(O)c(C(=O)c2ccc(=O)[nH]n2)cc2c1c1ccnc(C)c1n2CNC(=O)c1ccccc1O,9.3,0.28072844450111417,0.76239288442707,0.09952179637292703
N#CC=S1CN=C(Cn2nc(C(N)=O)ccc2=O)N1C(=O)c1ccc(=O)[nH]n1,6.5,0.5823763314794648,0.6289971110891772,0.11905173477187134
O=C(Nc1ccc(NC(=O)c2ccc(Br)c(F)c2)cc1)NC1CCCC1,6.4,0.6584083690256257,0.8997134709096741,0.18956124127104745
C/C(=N\CC(C)C)NC(=O)NCS(=O)(=O)NC(=O)c1ccc(Br)c(F)c1,7.1,0.4530729702145468,0.7733081317912914,0.12437957931741862
NC(=O)c1ccc(C(=O)C(=O)Nc2ccc(N3CCc4[nH]c(=O)ccc4C3)cc2)nc1,9.2,0.4219077611274056,0.8162467330107671,0.15841518255998066
CCCn1nc(CCCNc2ccc(/C=N\c3ccc(N4CCc5[nH]c(=O)ccc5C4)cc3)cc2)nc1C,6.1,0.23079826985698618,0.7731078770911153,0.05442174793585826
CCC(=O)Nc1nc(-c2nn(-c3ncccc3SC(F)F)c(OC)cc2=O)cs1,7.6,0.5632992750225747,0.7643836696885248,0.16361917145036367
CC(C)(C)CN(C=O)CNC(=O)c1ccc(F)cc1Cl,6.6,0.6712001291382976,0.8081710719198999,0.17900669418669615
Cc1cccc(C2(c3ccc([O-])c(Oc4ncc(C(N)=O)cc4Cl)c3)CCC2)c1,8.4,0.6749295355936342,0.7788714189762741,0.2207869965406609
O=C(NCC(=O)N1CCCCC1)c1ccc(CNC(=O)c2ccccc2O)cc1,7.7,0.6972548250697332,0.8969812325897022,0.2407884295817641
Cn1nc2c(c1N[C@@H](C(=O)N1CCCC1)c1ccc(-c3ccccc3)cc1)CCCC2,8.2,0.6559546612424189,0.7871370137823577,0.21169373922306
C[C@@H](O)C1CCN(C(=O)c2c(C(=O)c3ccc(=O)[nH]n3)nc[nH]c2=O)CC1,8.2,0.6009174659887114,0.7265408425141372,0.17900234362856848
CN(CCN1CCOCC1(C)C)C(=O)NC1=CN=C(c2ccc(OC(N)=O)cc2)C1,7.5,0.7378256230436145,0.7425058156542426,0.20543993101822453
Cn1c(-c2ccnc(C3=CC=NC(C4CCCC4)C3)n2)cc2c1CCNC2,8.3,0.909603882292325,0.6769593809756757,0.25554242565221874
COc1ncc(OCc2ccc(NC(N)=O)cc2)c(C)n1,7.2,0.8744514375042098,0.8689019184598763,0.27353251139306567
Cc1cnc(Oc2ccc(C(=O)c3ccc(C(N)=O)cn3)cc2)nc1C,7.9,0.7100964259684052,0.8449897218708566,0.23700955168481014
CCN[C@H](C(=O)N(C)C)C(=O)N1CCC([C@@H](C)O)CC1,5.6,0.6786785849941828,0.7253535784506921,0.13783894326814713
CCNc1n[nH+]c(Oc2cc(O)ccc2CCOc2ncc(C(N)=O)cc2Cl)c(C)c1C,8.4,0.4478043582686904,0.7236317357195718,0.13609908691543982
O=C(CNS(=O)(=O)C1=C(O)C(=O)N[C@H]1N1CCc2[nH]c(=O)ccc2C1)NCC(=O)N[SH](=O)=O,7.8,0.16840260410383076,0.6385626195544681,0.041938887126371116
CC1CCN(C(=O)NCN=Cc2ccc(F)cc2Cl)CC1,6.2,0.8553249066788536,0.8198304712630053,0.2173786406109083
CCC(=O)Nc1nc(CNC(=O)CC(=O)C(=O)NCc2c(C)noc2C)cs1,6.6,0.4152519908757465,0.8087832442882311,0.11083012128461893
O=C(NS(=O)(=O)NS(=O)(=O)CS(=O)(=O)NS(=O)(=O)N1CCOCC1)c1ccc(Br)c(F)c1,6.4,0.28167085814379705,0.7528815359127693,0.0678607322563743
C[C@@H](O)C1CCN(C(=O)c2cccc(N[C@H]3CCCN(S(C)(=O)=O)C3)c2)CC1,6.7,0.7734077271146439,0.7678191659090133,0.1989354874401518
O=C(Nc1ccccn1)c1cccc(OCNC(=O)c2ccccc2O)c1,8.0,0.5848480125843188,0.8794636505255584,0.20574102726000912
Cc1cccc(C2(NC(=O)CC(=O)N(C)CC(=O)NC(=O)C3(OC(F)(F)F)COC3)CCC2)c1,6.7,0.5367555303204032,0.7429315457559472,0.1335888263043868
Cc1ccc2[nH]c(-c3ccc(NC(=O)Cc4cccc(F)c4)cc3)cc2c1,7.8,0.4995488652833164,0.8907778517089905,0.1735449553658872
Cc1nn(C(=O)[C@@H](N=C(O)c2c3c(nn2C)CCCC3)C(C)C)c(C(=O)N2CCCC[C@H]2C(N)=S)c1[NH3+],6.8,0.29121011156828386,0.6033944461905723,0.059742951758245386
O=C(CCc1ccc2c(c1)CNC2=O)c1cc(Br)c(F)cc1Cl,7.0,0.618516261644858,0.8325971032165825,0.18024119670825048
CC1(C)C=CC(=O)N(Cc2ccc(C(=O)N3CCOCC3(C)C)cc2)N1,7.1,0.9001195549530481,0.7722815524527556,0.2467767331887393
O=C(CNC1=CC=C(Cl)C1)NC(=O)c1ccc(F)cc1Cl,6.5,0.8930082697462949,0.8004817727960718,0.23232197393862175
Cc1noc(C)c1CNC(=O)c1ccc(-c2ccc3c(c2)CNC3=O)cc1Br,8.1,0.644941480382675,0.8290396031192735,0.21654622171730184
C[C@@H](O)C1CCN(C(=O)c2cccc(-c3ccc(-c4c5c(nn4C)CCCC5)cc3)c2)CC1,7.9,0.626117365110911,0.7787301859062451,0.19259271439211947
C[C@@H]1CCCN(C(=O)COn2c(N)c(NC(=O)c3ccc(Br)c(F)c3)c3c2N[C@H](C)[C@H](C)C3)C1,7.6,0.5383628993942652,0.6464157301083979,0.1322423737365828
CC1CCN(C(=O)NC[C@@H](C)NC(=O)OCC(=O)NCCS(=O)(=O)NC(=O)CCC(=O)Cl)CC1,5.4,0.24934787713553233,0.7429072408623668,0.050015432722764624
COc1cc(NC(=O)C(=O)NCc2c(C)noc2C)ccc1C1(c2cccc(C)c2)CCC1,7.5,0.5487045786091175,0.8192804263938915,0.16857859542268439
CS(=O)(=O)c1ccc(-n2c(Cn3nc(C(N)=O)ccc3=O)csc2=O)cc1,6.6,0.6340869930011866,0.8121296401838557,0.16993707768553448
C#CC(=O)N(C)c1cccc(C2=NNC(=O)/C2=N\Nc2cc3cc(C)ccc3[nH]2)c1,8.5,0.4644417081939974,0.7314146801231068,0.1443722804596803
CC(=O)NCCN(C(=O)CN1C(=O)CCCC1=O)[C@H](N[C@H](O)CCNNC(=O)c1ccc(F)cc1Cl)C(C)C,6.1,0.09350394607432698,0.6680285230333409,0.019051307413115653
CCNc1n[nH+]c(-c2nc(Br)sc2C(=O)N2CCCC[C@H]2C(N)=S)c(C)c1C,7.0,0.6333391951988053,0.6439414667335329,0.1427416796036539
COC(=O)CCCNC(=O)NCCNC(=O)CC(=O)NC(=O)[C@H](O)[C@@H](C)C(=O)NC1=NCCS1,6.5,0.09546176318681679,0.6928347283209132,0.02149524804783641
CN(CC(=O)NNC(=O)C[C@](C)(O)c1cccs1)C(=O)CN(C)C(=O)CC(=O)NNC(=O)Cc1cccc(F)c1,6.4,0.17340675803587458,0.7208881137677808,0.04000219862882163
C[C@@H](O)C1CCN(C(=O)C(=O)N(C)CC(C)(C)C)CC1,5.0,0.7727814141593042,0.7601610201140535,0.1468595770281294
NC(=O)c1ccc(=O)n(OCc2ccc(NC(=O)Cc3cccc(F)c3)cc2)n1,6.8,0.6242962513260247,0.8397992280235953,0.17825639337335078
Cn1nc2c(c1-c1ccc(-c3ccc(CNC(=O)c4ccccc4O)cc3)cc1)CCCC2,8.8,0.4470456087771646,0.8527841680326875,0.16774270372362832
NC(=O)c1ccc(C(=O)c2cccc(Nc3nc(C(=O)NN=C4CCCCC4)cs3)c2)nc1,8.6,0.3615938917839516,0.8116492945509063,0.12619959368755526
C[C@H](NC(=O)N1CC=CCC1)c1ccc(N2CCc3[nH]c(=O)ccc3C2)cc1,8.0,0.8071277192050291,0.7540211376798704,0.24343654443517404
CC(=O)c1ccc(=O)n(Cc2ccc(C(=O)N3CC=C(C(N)=O)C3(C)C)cc2)n1,8.0,0.7637829795262278,0.7870590636803745,0.2404569266883678
COc1cc(NC(=O)NC2CCCC2)ccc1[C@H](C)NC(=O)N1CCOCC1,7.4,0.7208746740967641,0.8158257649353308,0.21760000899447493
CCC(C)CCN(C(=O)C(=O)NNc1ccccc1)[C@H](C)[C@@H](O)C(=O)NCCC(=O)NC1=NCCS1,7.3,0.20251613937881938,0.6630513823339635,0.04901169124842329
COc1cn(C)c(-c2cn(C)c(-c3cccc(C(=O)c4ccc(=O)[nH]n4)c3)cc2=O)cc1=O,8.6,0.4689722182198035,0.7678637039858649,0.15484590015595204
CC1=CC=CNC1C(C)(C)[C@@H](C)N(C)C(=O)N[C@H](C)c1c2c(nn1C)CCCC2,6.4,0.790547479839675,0.6042628819570851,0.15286351951738647
CC1=CC=C(C(=O)N(CCOCCO)OC[C@H](C)NC(=O)NC(=O)Nc2ccccn2)C1,7.7,0.2962009266215415,0.6863098925376168,0.07826496605588147
C[C@H](NC(=O)NC1CCCC1)N[C@@H](C(=O)C=O)C(=O)N(C)C,6.3,0.2514764998326018,0.6915388400007934,0.0547803165992346
CC1(C)COCCN1C(=O)NC(=O)c1ccccc1C(=O)NCNC(=O)N1CCCC1,9.2,0.6177712303588959,0.8044341596645731,0.2285998890570056
Cc1[nH]c(CNC(=O)N2CCC(C)CC2)c(C)c1C(=N)N1CCC[NH+](N[C@H]2CCCN(S(C)(=O)=O)C2)CC1,8.8,0.258573672178506,0.6032633029853929,0.0686347233191258
Cc1ccc(-c2ccnc(C3CCCC3)n2)cc1S(=O)(=O)N1CCc2[nH]c(=O)ccc2C1,8.4,0.6558385270500615,0.8017637826174712,0.22084758285824976
C[C@@H](CSCC(=O)N(C)C(=O)CC(=O)Nn1cnc2c(c1=O)CCCC2)[NH+](C)C,6.4,0.5098889065068419,0.6315851208226246,0.1030522389191167
COc1ncc(-c2cc([N+](=O)[O-])c(Oc3ccc(N[C@H]4CCCN(S(C)(=O)=O)C4)cc3)cc2F)c(C)n1,7.1,0.33581674067155487,0.7449642916930715,0.08881087552533656
COc1cn(C)c(N2CCN(C(=O)c3cccc(CNC(=O)N4CCC(C)CC4)c3)CC2)cc1=O,8.3,0.7082865472625807,0.8162964172658322,0.23994128493513298
CC(=O)NCc1cccnc1-c1ccc(C2(c3cccc(C)c3)CCC2)cc1,8.3,0.6736555899333626,0.8502790334990203,0.2377100179266971
CC(=O)N1CCC(CN2CCN(C(=O)c3ccc(=O)[nH]n3)CC2)CC1,8.3,0.8169117529112352,0.8488506451196532,0.28777596841277947
CCC(=O)Nc1nc(-c2cc3ccc(-c4c5c(nn4C)CCCC5)c(C(C)(C)OC)c3o/c2=N/N(C)C)cs1,7.0,0.30887371088293336,0.7143808123108601,0.07722870836870689
Cc1ccc(N(C(=O)CCc2ccccc2)[C@@H](C)NC(=O)NCCOCCNC(=O)c2ccccc2O)cc1,6.3,0.19742427230663798,0.7753335774149246,0.048216945204553815
NC(=O)c1ccc(C(=O)N(CCn2nc(C(N)=O)ccc2=O)CC(=O)O)nc1,6.7,0.46478893188101905,0.8255371509079272,0.12853967775052938
C[C@H](NC(=O)N1CCOCC1)n1c(-c2ccnc(C3CCCC3)n2)cc2c1CCNC2,8.5,0.7885326458007136,0.7047491862252993,0.23618003968705736
Cc1nc(N2C(=O)CN=C2c2ccc(OC(N)=O)cc2)nn1F,7.7,0.8878710460146728,0.7498665743704288,0.25632715560671915
CN(CCN1CC=CCC1(C)C)C(=O)Nc1cccnc1,6.4,0.866358056392321,0.781916781562875,0.21677436900331248
Cc1cc(C)cc(C2(c3ccc(NC(=O)Cc4cccc(F)c4)cc3)CC2)c1,7.7,0.6102578459485748,0.869125289584707,0.20420035292633693
C[C@@H](O)C1CCN(C(=O)c2ccc(Cn3nc(C(N)=O)ccc3=O)cc2Cl)CC1,7.6,0.7576137863439762,0.7882165692160034,0.22692222099586218
CSNc1nc(-c2ccc(C(=O)c3ccc(C(N)=O)cn3)cc2)c(NC(=O)c2ccc(F)cc2Cl)s1,7.6,0.20469411662643092,0.796313981152127,0.06194029903310018
CC(=O)NC1CCN(c2ccc(-n3cc(-c4ncc(C)c(C)n4)cn3)o2)CC1,6.8,0.7484627087316856,0.7767532642682511,0.19766608974473393
CC(C)(C)C=Cc1nn(-n2ccncc2=O)c(OC2CCCC2)cc1=O,6.7,0.8408518542240765,0.708865169710688,0.19967694843594241
C[C@@H]1CCCN(C(=O)CN2C(=N)SC(=CCNC(=O)c3ccccc3O)C2=O)C1,8.0,0.6333093715029068,0.7493000426253101,0.18981549562485459
CC(=O)N1CCC(CC(=S)Sc2nc(NC(=O)c3ccc(Br)c(F)c3)ncc2C)CC1,7.9,0.33635138789640356,0.7813458019650685,0.10380866424260182
Cc1cnn(-c2ccc([C@H](C)[C@@H](O)C(=O)NS(C)(=O)=NC=O)o2)c1,6.3,0.728375781089543,0.5908071914233685,0.1355538396007893
Cc1cnc(-c2cccc(-c3cccc4c3O[C@H](C)[C@@H]4C)c2)nc1C,0.0,0.6383226362789225,0.7563812863220453,0.0
CCN(C[C@@H](ON1C(=O)CCCc2sccc21)C(=O)NC1CC1)C(=O)CCC(=O)[O-],6.3,0.5661923469605763,0.6834942544695195,0.1219016030627325
NC(=O)c1ccc(=O)n(C[C@@H](NCCC(=O)NC=O)C(=O)N2CCCCC2)n1,7.8,0.40928758595881665,0.7464549020161989,0.11915074270060068
CCC(=O)NC1=NCC(=O)N1NCNC(=O)c1cccc(-c2ccnc(C3CCCC3)n2)c1,6.7,0.5522724752916247,0.7602559342270196,0.14065592292798543
CC(=O)NC1([C@@H](C)C(C)=O)CC=C(C2(N3C(=O)Cc4ccccc43)CCC2)CC1,7.2,0.7744554277324831,0.6458100293612833,0.18005438970825124
CCC(=O)NC1=NC=CCN1NCC(=O)N1CCCCC1,7.4,0.7769293143357597,0.7627111361912974,0.2192518768286206
COc1ncc(C(=O)N(C)c2cc(C(=O)N(C)CCn3nc(C(N)=O)ccc3=O)c(C)nc2N)c(C)n1,6.9,0.4100558734290796,0.7600266300849909,0.10752041735195703
CNC(=O)c1cccc(N(C)C(=O)c2cnc(OC)nc2C)c1,6.7,0.9226098327015442,0.8492750679601723,0.2624890920033896
COc1ncc(C(=O)N(C)C2=CNCC3=CC=CSC32)c(C)n1,7.5,0.9124397243478007,0.6317834315463844,0.21617411254788396
Cn1nc2c(c1-c1cccc(N3C(=O)CCCc4sccc43)c1)CCCC2,7.8,0.6282223984370503,0.8023758992959377,0.19658749964247385
CC1=C(NC(=O)c2ccc(Br)c(F)c2)S(=O)(=O)N/C1=N\c1cc(Br)cc(C#N)c1,7.0,0.6143329150037127,0.733614078286022,0.1577391463204248
C[C@@H]1c2cccc(C3=CC=CC=CN(Oc4ncc(C(N)=O)cc4Cl)C(=O)CC3)c2O[C@@H]1C,0.0,0.7001374935714554,0.5995421177255265,0.0
NC(=O)Oc1ccc(C2=C(O)C(=O)N[C@H]2C2=C(C(N)=O)CC=CC2)c(F)c1F,8.2,0.572231108819519,0.6706687710082053,0.15734878913870626
Cc1cnc(O[C@@H](Cc2ccc(F)cc2)C2C=CCC2)nc1C,7.0,0.7765743815771341,0.7133624739939771,0.1938926577287725
Cc1noc(C)c1Oc1ccc(C2=C(O)C(=O)N[C@H]2c2ccccc2)c(F)c1F,9.7,0.6759321972864832,0.742131951457219,0.2432909771031171
CCC(=O)Nc1nc(NC(=O)C(NC=O)=C(C)C)c(C)s1,6.8,0.5505027899413945,0.7562266856418468,0.14154366609314997
CC(=O)NCc1cccnc1C(=O)Nc1sc2cc(C)c(C)cc2c1C(=O)NC1=NCCS1,8.5,0.515119018415547,0.782269274525657,0.17125875685287684
C=C(CCC(C)=O)C(=O)c1cccc(/C(C)=N/[C@@H](NC(=O)CCNC(=O)N2CCC(C)CC2)C2CCC2)c1C,6.0,0.22296230251419233,0.6969946741694791,0.046621061217886894
Cn1nc2c(c1C(=O)NOc1cc(F)c(N)cc1F)CCCC2,8.6,0.6676276656362261,0.7759466224473519,0.22275867584722103
Cc1ccc(N[C@H]2CCCN(S(C)(=O)=O)C2)cc1S(=O)(=O)CCCSCc1ccc(C(=O)c2ccc(=O)[nH]n2)o1,7.4,0.23120530944064904,0.7149671791977634,0.061162556925340936
C[C@@H](CC(=O)NN/N=C1\C(=N)N(C)N=C1N1CCc2[nH]c(=O)ccc2C1)N[C@H](C)C(=O)N(C)C,8.1,0.3111579283101184,0.6200395256740978,0.078136736783052
C[C@H](NC(=O)N1CCOCC1)c1ccc2occ(C(=O)N3CCC[C@H](N4C(=O)CCCc5sccc54)C3)c2c1,9.6,0.5135761140589025,0.7002698487972414,0.17262809651419317
C[C@@H](O)C1CCN(C(=O)c2cn(CNC(=O)c3ccccc3O)c3ccccc23)CC1,8.4,0.5903318528378669,0.7845169434680564,0.19451264314448313
CC1=NN(S(=O)(=O)c2ccc(/C=C/S(C)(=O)=O)cc2)C(=O)/C1=N\NC(=O)N1CCC([C@@H](C)O)CC1,6.9,0.5174509677750566,0.7004480647656116,0.1250443975012503
O=C1CCCC(=O)N(NC(=O)Cc2cccc(F)c2)[C@@H](NCC(=O)N2CCCCC2)N1,7.2,0.6020914895638197,0.7465697406708538,0.16182118340056403
CC(=O)c1ccc(=O)n(Cc2ccc(C(=O)N3CCOCC3(C)Cl)cc2)n1,7.6,0.45306896052412554,0.7537299707192654,0.12976682865286973
COc1cc(CCC(=O)NC(=O)C2=CC(F)=C(N)C2)ccc1C,8.1,0.8703925663041083,0.8032574855425898,0.2831554844189819
O=C(NC1=NCCS1)c1cc(OC2=CNC(=O)C2Cl)ccc1F,6.9,0.8073728628827749,0.7011476919014139,0.19530022866336258
CCC(=O)Nc1nc(-c2ccc(-c3ncc(C)c(C)n3)cc2)c(C)s1,7.6,0.7482903162290855,0.8540732081903852,0.2428559901950377
C[C@@H]1c2cccc(S(=O)(=O)NS(=O)(=O)C(=O)NC(N)=S)c2O[C@@H]1C,6.5,0.6147044342745508,0.6621708629331269,0.13228779385002964
CC(C)CC(=O)NCC(=O)COCCNC(=O)N[C@H](C)CNC(=O)N1CCC(C)CC1,7.1,0.33403204061341807,0.7645902980546465,0.09066616840980736
O=C(CNC(=O)c1ccc(Br)c(F)c1)NCC1CCC1,6.4,0.861527131115223,0.8916814928197547,0.24582649548081367
Cc1nnc(N2CC[C@H](NCC(=O)N3CCCC3)C2)s1,6.9,0.8829827534522668,0.7931247826115029,0.2416088490116297
CC1(C)COCCN1C(=O)c1cccc(C(=O)NC2=NCCS2)c1,6.8,0.8850577780867543,0.8147238312308728,0.24516640569999815
CCCn1nc(-c2ccc(S(=O)Oc3nc(NC(=O)CC)sc3C)s2)nc1C,6.9,0.5706865702191405,0.6839549020161988,0.13466173763958653
COc1ncc(-c2cc([C@H](C)NC(=O)N3CCOCC3)cc([N+](=O)[O-])c2)c(C)n1,8.4,0.6034951444714246,0.7669194158446834,0.19438950033851368
Cc1ccc2[nH]c(N/N=C3\C(=N)N(C)N=C3c3ccc(F)cc3)cc2c1,9.8,0.6309258629709804,0.7871057786019817,0.2433366423808114
O=CCC(c1ccccc1)N1CCc2[nH]c(=O)ccc2C1,7.3,0.8733757717715255,0.7688682743110884,0.24510148670048704
Cc1cccc(NC(=O)c2ccc(Br)c(F)c2)c1CCC(=O)NC1=NCCS1,7.2,0.6935304806121482,0.8274323976664983,0.20658585183397513
COC1(N/N=C2\SC(=N)N=C2CNC(=O)[C@@H]2CNC(=O)C2)CCCC1,7.5,0.39378374021225293,0.6276276122006007,0.09268108072231425
CNC(=O)CN(C)CC(=O)NCNC(=O)N[C@@H](C)COn1cnc2c(c1=O)CCCC2,7.3,0.3093636829479555,0.7110628330435973,0.08029161114578767
Cc1cc(C)cc(C2(c3ccc(S(=O)(=O)N4CCc5[nH]c(=O)ccc5C4)cc3)CC2)c1,9.3,0.6786960682685382,0.8078157688599753,0.25494154458792506
Cc1cc([C@H](C)NC(=O)N2CCOCC2)ccc1NCC(=O)CCC(=O)NC1=NCCS1,7.3,0.5465079394802909,0.7538172185449427,0.15036798962089265
COc1ncc([C@@]2(C)Oc3ccc(N)cc3[C@H](C)[C@@]2(O)C(C)=O)c(C)n1,6.3,0.810022822861059,0.6504623169126784,0.16597013646476105
Cc1cnc(C(=O)C(=O)NC(=O)S(=O)(=O)NS(=O)(=O)N[C@H]2CCCN(S(C)(=O)=O)C2)nc1C,7.0,0.25298393914186407,0.6730726401851785,0.05959679874493134
Cc1cccc(C2(N(C)C(=O)Nc3nncs3)CCC2)c1,7.5,0.9451603408851721,0.8014823617454044,0.2840735033402772
O=C(NCN1CC(n2cnc3c(c2=O)CCCC3)C1)N1CCCC1,6.8,0.8868901325622057,0.7970508330014806,0.24034481643942984
CC(=O)NCc1cccnc1-c1cccc(N[C@H]2CCCN(S(C)(=O)=O)C2)c1OCCO,6.1,0.5174587598210837,0.7633587814265056,0.12047703994232545
Cc1c([C@H]2C(=O)N([C@H](C)NC(=O)N3CCOCC3)C(C)(C)C(=O)N2C)cccc1-n1nc(C(N)=O)ccc1=O,8.4,0.5467717956253468,0.6589463749927024,0.15132318292374067
O=C1CCCc2sccc2N1N=C(O)OCCN1CCN(c2ccc(-c3ccc(F)c(O)c3)cc2)CC1,7.8,0.3621286432254075,0.7742302620044732,0.10934467218625535
CCCN(Cc1ccc(C(=O)N2CCCC[C@H]2C(N)=S)cc1)C(=O)Cc1c2c(nn1C)CCCC2,7.6,0.5663134323715466,0.7489491452056394,0.16117318521539378
CC[C@H](NC(=O)CCC(=O)N(C)C1CCCC1)NC(=O)[C@H](O)[C@@H](C)[C@H]1CCN(c2nnc(C)s2)C1,0.0,0.3891048075977819,0.6380163308883574,0.0
C[C@@H](O)C1CCN(C(=O)c2ncnc3c2CCC3)CC1,6.1,0.8804147424527816,0.7707091048228669,0.20695581569873467
Cc1cnn(-c2ccc(C(=O)NNC(=O)OCc3ccc(Oc4ccccc4)cc3)o2)c1,8.4,0.4436218870706965,0.8306171540707025,0.15476157871529733
CC(=O)N1CCC(C[C@H](OC[C@@]2(C)CCCOC2)C(=O)NC2CC2)CC1,6.8,0.7493431141177883,0.7071769682469675,0.18017218515031003
CC(=O)N1CCC(CCOCCNC(=O)N[C@H](C)CC(=O)N(C)C)CC1,5.9,0.5879946493479276,0.7871774222663385,0.13654255315212988
Cc1noc(C)c1CNC(=O)N1CCc2c(cc(CS(=O)(=O)CC=Cc3ccccc3)n2C)C1,7.7,0.5556958982972438,0.7630250175085538,0.1632438009231591
Cc1cnc(C(=O)NC(=O)c2ccc(F)cc2Cl)nc1C,7.5,0.8650889611899566,0.839120839295211,0.27221781569202697
CC1=C(c2ncc(C)c(C)n2)C(C2=C(O)C(=O)N[C@H]2c2ccc(F)c(O)c2)C(F)=C1F,8.2,0.6806673716356862,0.6407353295207623,0.17881232939019923
O=C(CCOc1ccccc1)NC(=O)C1=CC=C(C(=O)NC(=O)CCC(=O)c2ccc(F)cc2Cl)C1Cl,6.9,0.3463691034780518,0.7367247099156256,0.08803664366284304
CCNc1n[nH+]c(-c2ccc([N+](=O)[O-])cc2C(=O)NCn2cnc3c(c2=O)CCCC3)c(C)c1C,8.3,0.3913177253815211,0.710651045177603,0.11540749547364358
CC(C)CC(=O)N[C@@H](C)N(C)C(=O)N[C@H](C)c1ccc2c(c1)CNC2=O,6.7,0.6790022153736535,0.7229827818853839,0.16445381504335618
Cc1cccc(C2(C(=Nn3cnc(C)cc3=O)c3ccccc3)CC2)c1,7.5,0.6757536835900366,0.8018311424273458,0.20319013054218235
Cc1c([C@@H](C)O)c2cc(-c3ccc4c(c3)CNC4=O)ccn2c1N[C@H]1CCCN(S(C)(=O)=O)C1,7.8,0.5187511796808483,0.6803946743398066,0.1376526605853131
COc1ccc(NC(=O)C(NC(=O)C2=CC=C(C)SO2)=C(C)C)cc1,6.7,0.6206560588838756,0.75231671511824,0.15642152569164636
CCC(=O)Nc1nc(-c2ccc(-n3cnc4c(c3=O)CCCC4)cc2)c(C)s1,8.5,0.7282160098398175,0.8286434565759433,0.25645835839923314
CC(C)(CCCS(=O)(=O)O)CSCP(S)C(c1ccccc1)c1ccccc1,5.7,0.2305600798142053,0.7033257106946997,0.046215267118048506
CCC(=O)Nc1nc(-c2ccccc2[C@H](C)NC(=O)N2CCOCC2)c(C)s1,7.8,0.8008430992765443,0.7936357673696056,0.24787531377842748
Cc1cc(=O)n(CC(=O)N[C@H](c2cccc(C(=O)N3CCCc4[nH]ncc43)c2)C2CCC2)cn1,7.9,0.5869642303572815,0.7385040153339735,0.17122279918562577
CC[C@H](NC(=O)[C@@H](CC)ONCC(=O)N1CCCCC1)[C@H]1C=CC=CC(O)=C1C(C)=O,0.0,0.4565744592205061,0.6267160000791923,0.0
Cc1ccc2[nH]c(-c3nc(C)c(Cn4nc(C(N)=O)ccc4=O)c(-c4nccs4)n3)cc2c1,7.9,0.4167584677103701,0.775775053875568,0.12770777498273905
CCCNC(=O)c1c(C)c([C@@H](Nc2ncccc2CNC(C)=O)C(=O)N2CCCCC2)cccc(O)coc1=O,7.7,0.3707563816459013,0.6704416853593489,0.09569965534683864
Cc1nnc(N2CC[C@H](O[C@@H](OCC[S+]([O-])n3cnnc3)C(=O)NC3CC3)C2)s1,7.0,0.3954845127823381,0.5776600476402659,0.07995946087319147
COc1ncc(-c2ccc(NC(=O)c3ccc(Br)c(F)c3)cc2O)c(C)n1,7.1,0.6418031164698982,0.8402188931291088,0.19143556196513836
CC(=O)NCc1cccnc1-c1ccc(C)cc1C(=O)N1CCC([C@@H](C)O)CC1,7.8,0.8154966986227427,0.7888449619035628,0.2508871802414401
CC(=O)NC1([C@@H](C)C(C)=O)CC=C(CCC(=O)NC2=NCCS2)CC1,6.7,0.7064974712686494,0.6426909256518929,0.15210993711642393
O=C(NNC(=O)Nc1nncs1)NNC(=O)c1cccc(-c2ccnc(C3CCCC3)n2)c1,8.6,0.36764975836284064,0.7989766359814053,0.12630973387713115
Cc1cccc(C2(C(=O)NN3CCOCC3(C)C)CCC2)c1,6.5,0.9327976704163369,0.7875559727828081,0.2387548724386395
Cc1cccc(C2(C(=O)N3CCC(c4c5c(nn4C)CCCC5)C3=O)CCC2)c1,7.7,0.7518437197147108,0.7248293224993055,0.20980897398467604
CC(=O)NC(=O)C1=C(O)C(=O)N[C@H]1C(=O)N1CCC([C@@H](C)O)CC1,7.7,0.49809583170206734,0.6936267122921013,0.13301464104771335
COc1ccc(-c2nn(C)cc2C(=O)c2ccc(=O)[nH]n2)c(C(=O)N2CCCC[C@H]2C(N)=S)c1,7.5,0.40181436962107636,0.737257459133798,0.11109024044635632
O=C(CC(c1ccccc1)c1ccc(F)c(O)c1)c1ccc(-c2ccccc2)cc1,8.6,0.3727208729238401,0.838020286448896,0.13430949065804118
COc1ccc(OC)c(N(C)C(=O)CC(=O)NCNC(=O)N2CCC(C)CC2)c1C(=O)C(=O)NCC(C)C,6.4,0.16917688016327073,0.7737964600729021,0.041890710718885275
COc1cn(C)c(-c2cccc(C(=O)C(=O)N(C)c3ccnc(C4CCCC4)n3)c2)cc1=O,7.7,0.4257466734056841,0.7773180751873608,0.1274121251053144
C[NH+](C(=O)CN(N[C@H]1CCCN(S(C)(=O)=O)C1)C(=O)Nc1nncs1)c1ccccc1,7.4,0.4748562262620821,0.617559094835907,0.10850315906901425
NC1=CC(F)CC=C1C(=O)NC(=O)CCC1=CCCCC1,7.8,0.7816047625241783,0.6985325058283903,0.21293077000003313
CC1=CC(C)(C)C(C2=NCCN2Oc2cc(F)c(N)cc2F)N=C1C,7.0,0.8520477708263673,0.6360353937314147,0.18967638878843293
Cc1cnc(C2=CC=C(C3=C(O)C(=O)N[C@H]3c3ccccc3)C2c2ccnc(C3CCCC3)n2)nc1C,8.6,0.5002275993406277,0.6598442458218653,0.1419310903012654
NC(=O)c1ccc(C(=O)c2ccc(-n3cc(N)cn3)o2)nc1,7.8,0.6839417320668065,0.794796439772191,0.21200183692674623
CCC(=O)Nc1nc([C@H](Oc2cccc([N+](=O)[O-])c2)C(=O)NC2=CCCCC2)cs1,8.2,0.48008679109796837,0.7429271694779696,0.1462345035338117
O=c1cnccn1N1N=CC(c2ccc(F)c(O)c2)C=C1OC1CCCC1,8.0,0.8949188537158871,0.6603738287074311,0.23639239592433034
Cc1cc(C)cc(C2([C@@H]3NC[C@H](CNC(=O)N4CCCC4)c4ccccc43)CC2)c1,8.3,0.7854834535786666,0.714473020184125,0.23290079518394785
CCNc1n[nH+]c(OCC(=O)N2CCC[C@@H](c3csc(NC(=O)CC)n3)C2)c(C)c1C,7.7,0.643380378089006,0.6790352036561443,0.16819800153465364
CC(C)(C)c1ccc(-c2csc(=O)n2-c2ccccc2)cc1,6.0,0.6621243089683787,0.8836614521791388,0.1755281185158319
CCCn1nc(-c2ccc(-c3nc(NC(=O)CC)sc3-c3ncc(C(N)=O)cc3Cl)cc2C)nc1C,7.1,0.3239295578033668,0.7817432271536501,0.08989655695011887
CCCn1nc(-c2ccc(-c3nc(Cl)c(N[C@H]4CCCN(S(C)(=O)=O)C4)cc3Cl)cc2C)nc1C,7.1,0.4179920897494717,0.7311880689394086,0.10849894427223178
CC(C)c1ccc(C(=O)N(Cc2c3c(nn2C)CCCC3)CC(C)(C)C)cc1,7.0,0.7215970568859476,0.8127570704620573,0.20526908850303283
Cc1ncc(-c2ccc(-c3ccc(CC(=O)N[C@H](c4ccc5c(c4)CNC5=O)C4CCC4)cc3)o2)s1,8.3,0.3368779361024239,0.7411943816668838,0.10362219392186062
CNC(=O)N[C@H](C(=O)Nc1cccc(C)c1)C1CCC1,7.3,0.786588851786895,0.8311954795008207,0.23864032070831798
CCCn1nc(-c2ccc([C@@H]3N(NC(=O)c4ccc(F)cc4Cl)C(=O)[C@@H](C)N3C(=O)C[N+](C)=O)cc2)nc1C,7.3,0.42518391396496574,0.6611960189301438,0.10261241759777182
COc1ncc([C@@H](NC(=O)Cc2cccc3c2O[C@H](C)[C@@H]3C)C2CCC2)c(C)n1,8.0,0.8035445389949759,0.6877565865022667,0.22105721969668887
C[C@H](NC(=O)N1CCOCC1)N1CCN(C(=O)NC=CF)CC1,0.0,0.772260775431708,0.7189481652741949,0.0
Cc1cc(=O)n(-c2ccc(-c3ccnc(C4=CC=CC4)n3)cc2)cn1,7.7,0.7396606259302462,0.8053589014012839,0.22934152360695306
Cc1cnc(-c2ccc(Cn3nc(C(N)=O)ccc3=O)cc2Cl)nc1C,7.6,0.7580869385080468,0.8355255695467727,0.2406923880039039
O=C1C[C@H](C(=O)NCc2c[nH]c3ccc(NC(=O)c4ccc(F)cc4Cl)cc23)CN1,8.3,0.5019826164839459,0.7903773052245759,0.16465360208975766
C[C@@H]1c2cccc(N[C@@H](C(=O)NC(N)=O)c3ccc(Oc4ccc(F)cc4)cc3)c2O[C@@H]1C,8.7,0.4992389479859811,0.7277023941393864,0.15803435929820675
COc1cc(=O)cnn1-c1cccc2c1O[C@H](C)[C@@H]2C,0.0,0.840025888486718,0.6878238822035431,0.0
Cc1cc(C)cc(C2(c3ccc(-n4nc(C(N)=O)ccc4=O)cc3)CC2)c1,8.3,0.7776458812667176,0.8334765341547496,0.26898208147592845
Cc1cnc(S(=O)(=O)c2cc(Oc3ccc(Sc4cccc5c4O[C@H](C)[C@@H]5C)cc3)ccc2F)nc1C,0.0,0.24825526802565967,0.6934024607198359,0.0
CC1(C)COCCN1C(=O)C(=O)NCn1nc(C(N)=O)ccc1=O,7.1,0.6153761823991147,0.7690452965980846,0.16800451634294608
CC1CCN(C(=O)NCN2CCC(NC(N)=O)(C3=C(F)CCC=C3)CC2)CC1,7.7,0.6852330085568316,0.7427506060404031,0.19594853446802302
CCN(CC(CC1=CCCN1S(C)(=O)=O)OO)c1cccc(N[C@H]2CCCN(S(C)(=O)=O)C2)c1,6.5,0.33919669830739213,0.6625473851676128,0.07303851279434134
COC(=O)c1nc(Oc2ccc(C(=O)c3ccc(C(N)=O)cn3)cc2)ncc1C,7.6,0.49763161052332044,0.8344385604767489,0.15779234179846618
COc1ncc(C(=O)NN=C2CCC(c3ccc(-c4ccc(Cl)cc4)cc3)CC2)c(C)n1,7.1,0.5183387268257954,0.8257039163967355,0.15193798244985568
Cc1cccc(C2(c3ccc(N4CCc5[nH]c(=O)ccc5C4)cc3)CCC2)c1,8.9,0.7243444737086322,0.8216926089975958,0.26485888268451324
CC1=C(N2C(=O)CSC23CCCCCC3)S(=O)(=O)NC1=NCCC(=O)NC1=NCCS1,7.4,0.6263314941026683,0.6235865238876371,0.14451159530726823
Cc1nnc(N2CC[C@H](c3cccc(CNC(=O)[C@@H]4CNC(=O)C4)c3)C2)s1,7.9,0.816245829237172,0.7384680728763795,0.2380947363815119
Cc1cccc(NC(=O)Oc2ccc(CNC(=O)[C@@H]3CNC(=O)C3)c(F)c2)c1,7.2,0.736791481283587,0.8000244723355256,0.2122024377726763
CC1CCN(C(=O)NCN2CCCN(Cn3nc(C(N)=O)ccc3=O)CC2)CC1,7.6,0.6950961694741686,0.8141815920010812,0.21505511222540616
O=C(Cc1cccc(F)c1)Nc1ccc(-c2ccc(NC(=O)c3ccc(Br)c(F)c3)cc2)cc1,6.7,0.29244323671827027,0.8891896768397723,0.0871125648957511
CC(=O)NCc1cccnc1-c1ccc(C(=O)Nc2cccc(C)c2)cc1,7.9,0.7246155165422272,0.8965912434454592,0.25662515116360535
CC1C2=CC([C@@H](On3cnc4c(c3=O)CCCC4)C(=O)NC3CC3)=CC=CC=CN=C1N2,9.1,0.7371598845804219,0.47714460123034047,0.1600379959228638
COc1cc(C2=CC=C(C(=O)NN3CCCC3)C2)ccc1C,7.0,0.9291069115985878,0.8077398955995179,0.2626668519214018
Cc1ccc(C(=O)NN2CCCC2)cc1C(=O)N1CC=CCC1(C)C,6.6,0.8602578712725849,0.7935448565420334,0.22527555898589227
Cc1cc(C)cc(C2(NCC(=O)C3=NCC(=O)N3c3nc(C)n(F)n3)CC2)c1,7.2,0.8154106247719773,0.7005474800524669,0.20564418902112588
O=CNCC(=O)NC[C@@H]1NC(=O)C(O)=C1CNC(=O)N1CCCC1,7.5,0.3401801853232639,0.7189966900056043,0.0917206602198449
COC(=O)c1cc2c(n1C)CCN([C@H]1CCN(c3nnc(C)s3)C1)C2,6.9,0.7742186552751497,0.7396206782894416,0.19755670380083623
Cc1cnn(-c2ccc(N3C(=O)Cc4ccccc43)o2)c1,7.1,0.7242716881335927,0.7875649445141222,0.20249590211671928
CC[C@H](NC(=O)[C@@H](CC)Oc1cccc2c1O[C@H](C)[C@@H]2C)c1ccc2ccc(Cl)c(Cl)c2n1,7.7,0.3960167186870215,0.67324942238233,0.10264794043726641
CCOc1ccc(C2=NNC(=O)/C2=N\Nc2ccnc(C3CCCC3)n2)cc1,7.7,0.7529432050394508,0.7899724575140298,0.22899969171059942
O=C(NC(=O)n1cnc2c(c1=O)CCCC2)C(=O)c1ccc(=O)[nH]n1,9.0,0.5348142043524187,0.7625470543442314,0.18351944826767583
O=C(NN1CCc2ccccc2C1)c1ccc(Br)c(F)c1,6.5,0.9025212335975007,0.8626898541400154,0.25304367119541077
Cc1ccc(C(=O)C[C@H](NC(=O)N2C(=O)CCCc3sccc32)C2CCC2)cc1C,7.3,0.6722269165519009,0.7480693328048387,0.1835484044498286
Cn1c(Oc2ncc(C(N)=O)cc2Cl)cc2c1CCN(c1ccc(Br)cc1)C2,7.5,0.6289218826562495,0.793524900100773,0.18714944028974642
COc1cc(OCCO)c(N(C)C(=S)NCc2ccccc2NC(=O)CCl)cc1[NH+](C)C,6.5,0.3022126344069001,0.7375909641316092,0.07244552522510517
COc1cn(C)c(N2CCc3c(ccn3C)C2)cc1=O,6.8,0.8276131227404641,0.7583428115010735,0.2133889171936234
Cc1ccc(-c2nc3ccc(N4C(=O)CCCc5sccc54)cc3s2)c(C)c1,8.3,0.3749602018335375,0.8282620297003499,0.12888459859841195
Cc1cc(=O)n(Sc2ccc(-c3ncccc3CNC(=O)C(N)=O)cc2)cn1,8.3,0.6279515590937343,0.7898308397307634,0.20582983550013725
Cc1ccc(N2C(=O)CC(C3=CCN(c4nnc(C)s4)C3)C2=O)cc1,7.5,0.6257330264063148,0.7445927259600807,0.17471859744567342
Cc1cc(CNC(=O)c2ccccc2O)c(C)c(C2=CC=CCO2)c1,8.2,0.8916748942527103,0.810242844469599,0.2962140130911924
C[C@@H]1c2cccc(N[C@@H](c3ccc(CNC(=O)N4CCCC4)c(-c4cn(C)nn4)c3)C(F)(F)F)c2O[C@@H]1C,8.9,0.44848597275173113,0.6597739217799163,0.1316752103520322
O=C(Nc1nc(O)cc(C(=O)NCC(O)=Nc2nncc3ccccc23)n1)c1ccc(Br)c(F)c1,8.7,0.21394706273051692,0.7612658034352183,0.07084870343193611
O=C(CNc1nc(O)cc(N2C(=O)N=C(COC(F)(F)F)C2=O)n1)N1CCCCC1,7.9,0.6833104840897783,0.7333978497245899,0.19794968369165625
C[C@@H]1c2cccc(C(=O)CNC(=O)CCNCCC(=O)N(C)CC(=O)O)c2O[C@@H]1C,5.6,0.3575346279047813,0.7299168135433466,0.07307175017286593
COc1ncc(OCc2ccc(NC(=O)c3csc(Nc4cccc(C(N)=O)c4)n3)cc2)c(C)n1,7.5,0.32048055781274154,0.8318264203738354,0.09996907320179355
O=C(CCC(=O)C1=CCOC1)NC(=O)c1ccc(F)cc1Cl,7.0,0.8988921956761393,0.8129542073351411,0.2557653673454741
COc1ccc(C2=C(O)C(=O)N[C@H]2c2nc3ccccc3s2)c(F)c1F,8.3,0.7329777160285895,0.7516978574167561,0.22865577814926108
Cc1cnc(C(=O)Nc2ccc(-c3cccc4c3O[C@H](C)[C@@H]4C)nc2)nc1C,0.0,0.739846626878835,0.7268783974272515,0.0
CN[C@@]1(CNC(=O)c2cc(=O)c(OC)cn2C)CN(C(=O)c2ccc(=O)[nH]n2)C1(C)C,7.8,0.5398098621839412,0.6830790397051528,0.1438057928907512
COC(O)=NC(=O)N[C@H](NC(=O)NC1CCCC1)C(=O)N1CCCC1,6.7,0.3300668495000445,0.7283230989673553,0.08053242908257846
CC(=O)c1cc(C(=O)NC2=NCCS2)cc(S(=O)(=O)CNC(=O)[C@@H]2CNC(=O)C2)c1,7.9,0.5016110116283166,0.728485728056174,0.14433950288778402
Cc1ccc(Sc2ccc3c(c2)CNC3=O)c(-c2cccc3c2O[C@H](C)[C@@H]3C)c1,8.3,0.5900656703256484,0.7178391303807456,0.1757824744764495
CNC(=O)[C@@H](SCCC(=O)NC(C)C)[C@@H](Nc1cnc(OC)nc1C)C(=O)NC(N)=O,6.9,0.294976323352298,0.6785202913460855,0.06905086019711344
CN(C(=S)NC[C@H]1CCOC(=O)N1)N1CCc2[nH]c(=O)ccc2C1,7.0,0.6581866023552434,0.6747327911739708,0.155435029162163
COc1cc(=O)c(NC(=O)NC2CCCC2)nn1N1CCOC(=O)[C@H]1C,6.6,0.732535797219035,0.6943216719583789,0.16784310823317983
Cc1cccc(C2(c3ccc(C)c(N(NC(=O)Cc4cccc(F)c4)c4ccc(F)cc4)c3)CCC2)c1,9.3,0.269362283197291,0.8055110110373719,0.10089304255921691
CCNc1n[nH+]c(-c2ccc(C(=O)Nc3ccccn3)cc2OC)c(C)c1C,6.7,0.6870064522216311,0.7712604405097312,0.17750340115611676
CS(=O)(=O)N1CCC[C@H](Nc2csc(=S)n2-c2ccc(-c3ccccc3NC(=O)CCl)cc2)C1,7.3,0.32963330729509266,0.7512397938166592,0.09038628509972613
COC[C@H](CCl)CNC(=O)CCCC(=O)CCN1CCOC1,4.4,0.5397551808957545,0.7425114280323231,0.08817036583404535
Cc1cc(Cn2nc(C(N)=O)ccc2=O)cc(C2(c3cc(C#N)c(C)c(C(=O)N4CCC(C)CC4)c3)CC2)c1,8.2,0.5261895134086791,0.7674374721817404,0.16556519552414764
Cc1cnn(C(C)N2N=C(Cn3nc(C(N)=O)ccc3=O)C[C@H]2CNC(=O)N2CCC(=N[C@@H](C)O)CC2)c1,0.0,0.43607913599214426,0.5839069806624901,0.0
CONC[C@@H]1CC(Cn2nc(C(N)=O)ccc2=O)=NN1C(C)n1cc(C)cn1,6.9,0.5904919929653556,0.6200755761654233,0.1263216336518764
C[C@H](CC=O)N(C)C(=O)N[C@H](C)N1C(=O)CCCc2sccc21,5.3,0.8388163841915017,0.6768097711412744,0.15044556812876342
Cc1ccc2[nH]c(-c3nc(C)c(ONC(=O)Cc4cccc(F)c4)nc3C)cc2c1,8.6,0.4850581847828642,0.7975131416615684,0.16634131903898103
CCC(=O)Nc1nc(Nc2ccc([C@H](C)Nc3cc4cc(C)ccc4[nH]3)cc2)c(C)s1,8.3,0.2678386108220828,0.7608078525589658,0.08456609310774904
NC(=O)c1ccc(C(=O)c2ccc(F)c(C(=O)NC3=NCCS3)c2)nc1,8.2,0.7871912458738278,0.824251049584239,0.2660257163603612
Cc1cc(C)cc(C2(NCC(=O)c3ccccc3-c3ncc(C)c(C)n3)CC2)c1,7.8,0.6170976550278281,0.8060009536391421,0.19397870639195405
Cc1cc(C)cc(Nc2ccccc2-c2ncc(C)c(C)n2)c1,8.4,0.7293593162881808,0.868109466382263,0.2659287652828233
CCNc1n[nH+]c(-c2ccc(-c3cnc(OC)nc3C)cc2)c(C)c1C,6.6,0.7633883241046487,0.738074231881394,0.18593429281045187
Cc1nnc(N2CC[C@H](C(C)(C)Oc3ccc(CNC(=O)[C@@H]4CNC(=O)C4)cc3)C2)s1,8.2,0.6816249762489459,0.7083994071098398,0.19797371890886487
Cc1ccccc1C(=O)NC(=O)C(=O)Nn1ccncc1=O,7.8,0.7318110859122451,0.8135708529845735,0.232198266061785
Cc1cn(C)c(-c2ccc3c(c2)CC(=O)N3C(=O)Cl)cc1=O,7.7,0.5999810612000376,0.7772392850989074,0.1795366076658004
CC(C)=C(NC(=O)C=CCNC(=O)c1ccccc1O)C(=O)Nc1nc2cc(C)c(F)cc2s1,8.7,0.38212198159790856,0.7859532737824215,0.13064355975317957
CCCn1nc([C@@H]2OCCN2C2(C=COC)CCC2)nc1C,0.0,0.7554989889428243,0.645761303962844,0.0
Cc1cnn(-c2ccc(C3=CCCN3c3ccnc(C4CCCC4)n3)o2)c1,8.1,0.6859196411435526,0.7436589956932111,0.20658657614092016
Cc1cnn(-c2cc(OCC(N)=O)c([C@H](O)CCNC(=O)c3ccc(C(N)=O)cn3)cc2C)c1,7.3,0.3398303630421541,0.7534391664298616,0.09345514949218381
NC(=O)c1ccc(C(=O)[C@@H]2CNCc3c2nnn3-c2ccnc(C3CCCC3)n2)nc1,7.7,0.5902378407744546,0.6972057430018561,0.15843412674511148
Cc1noc(C)c1CNC(=O)N(CCS(C)(=O)=O)C(=O)Nc1nncs1,6.7,0.7249788874516044,0.7731846372005587,0.18778175025423174
CN(NC(=O)CNC(=O)CS)C(=S)NCc1c2c(nn1C)CCCC2,6.2,0.31610547743576906,0.7521361131115512,0.07370384699086124
Cc1ccc(N2C(=O)CCCc3sccc32)cc1CNC(=O)c1cccc(-n2cnc3c(c2=O)CCCC3)c1,8.6,0.36820441547397703,0.7882160731448545,0.12479659454618271
NC(=O)C[C@@H](C(=O)NC1=CCCC=C1)N1C(=O)Cc2cc(N3C(=O)CCc4sccc43)ccc21,8.9,0.6674816360181779,0.6862730874989218,0.2038432340235668
CCC(=O)c1nc(-c2cccc(N3C(=O)CC3N3C(=O)CCCc4sccc43)c2)c(C)s1,8.2,0.38332400115445203,0.712356187268527,0.11195592181986977
COc1ncc(Oc2ccc(-c3ccc(F)c(O)c3)cc2)c(C)n1,7.4,0.7818480598886006,0.8516806185611894,0.246377390528712
C[C@H](CC(=O)N(C)CC(=O)NCC(=O)NCC(N)=O)N[C@H](C(=O)N(C)C)N1C(=O)CCCc2sccc21,6.4,0.24770520512397054,0.675154129358889,0.05351654147300459
Cc1cccc(C2(N3C(=O)Cc4cc(-c5cc([N+](=O)[O-])ccc5Cl)ccc43)CCC2)c1,7.9,0.36430017024511924,0.8106686424231937,0.11665405615662391
CC(C)(C(=O)CC[Se]c1ccnc(C2CCCC2)n1)C1CCC(=O)N1CNC(=O)N1CCCC1,7.8,0.49185914656208074,0.6576280438827442,0.1261495436835883
C[C@@H]1CCCN(C(=O)CO[C@@H](C)NC(=O)OC(=O)[C@H](CO)C(=O)NCCCC(=O)N2CCOCC2)C1,6.0,0.13889830965458116,0.6705841515647328,0.027942901540047853
Cc1cc(C)cc(C2(c3ccc([C@H]4c5cccc(c5C(=O)c5ccc(C(N)=O)cn5)CN4C)cc3)CC2)c1,8.7,0.346887086573349,0.6549475167203077,0.09882888363109742
CC[C@@H](Cn1nc(C(N)=O)ccc1=O)NC(=O)[C@H](O)CC,6.6,0.5949123582784455,0.7350096794212395,0.14429789277485133
COc1ncc(OCc2ccc(NC(=O)C(=O)CCOc3ccccc3)cc2)c(C)n1,7.6,0.5012253386556419,0.8481452813725178,0.16154252423634746
Cc1cnc(CC(=O)NC(=O)c2ccc(F)cc2Cl)nc1C,7.3,0.9418185520202784,0.8483441568937791,0.29162998689310543
Cc1cc2ncsc2cc1C(=O)NC(=O)c1ncc(C)c(C)n1,7.6,0.7316804596315528,0.7949271512935057,0.2210204121041726
CCNC(=O)Cc1cc(-c2c3c(nn2C)CCCC3)ccc1-c1ccc(-n2cc(C)cn2)o1,8.3,0.47917405125853146,0.7673153674254001,0.1525862094788954
CCCCN(c1ccc(-n2cc(C)cn2)o1)c1ncccc1NC(=O)Cc1cccc(F)c1,7.0,0.3703885947919625,0.7825252459679102,0.10144344918515118
Cc1cc(Oc2cccc(C(=O)N3CCC([C@@H](C)O)CC3)c2)ccc1C(=O)NCc1c(C)noc1C,7.5,0.5022552046131284,0.7822353374932357,0.14733066355810676
CC1=CC(=NNC=O)CC(C2(N/N=C3\C(=O)NN=C3CC[NH+](C)C)CCC2)=C1,7.5,0.3253780009026443,0.5632102070690402,0.06872107922403324
CNC(=O)CN(C(=O)c1nc(O)cc(C(C)=O)n1)c1ccccc1F,6.8,0.7785730849316843,0.7982698727023438,0.2113138887152815
CCN(CC(=O)Cc1cc(=O)[nH][nH]1)c1cccc(N[C@H]2CCCN(S(C)(=O)=O)C2)c1,7.4,0.544279458246087,0.7315750104605167,0.1473270626331354
NC(=O)c1ccc(=O)n(CC2=[NH+]CC(=O)N2c2ccc(Cl)c(Cl)c2)n1,8.3,0.7203901606515013,0.7430199481171252,0.22213466781341693
CC(C)=C(NC(=O)c1ccc(Oc2ccccc2)cc1)C(=O)Nc1ccc2c(c1)CNC2=O,8.0,0.4946443956582714,0.8340626152503634,0.16502575930466934
C[C@@H](O)C1CCN(C(=O)Nc2cccc(-n3nc(C(N)=O)ccc3=O)c2)CC1,8.5,0.7213766964456613,0.7902083536927275,0.24226610396851536
CC1CCN(C(=O)NCc2ncc3c(n2)CCC3)CC1,7.2,0.8958883946363899,0.8395410684165717,0.2707686360054151
CC1(C)C(N2C(=O)CCCc3sccc32)=NN(c2cccc(Cl)c2)[C@@H]1n1cnc2c(c1=O)CCCC2,8.8,0.4420757006003474,0.6826483958565777,0.13278419785927997
C[C@@H]1CCCN(C(=O)CO[C@H]2CCCN(C(=O)CN[C@H]3CCCN(S(C)(=O)=O)C3)C2)C1,7.1,0.5878609886862457,0.718174001847539,0.14987619996507243
NC(=O)c1ccc(=O)n(Cc2ccc(C(=O)N3CCCC[C@H]3C(N)=S)cc2)n1,7.5,0.712325830212786,0.7980456317992363,0.21317569395715436
C[C@@H]1CCCN(C(=O)COc2cccc(-c3cccc(NC(=O)c4ccc(Br)c(F)c4)c3OCC(C)(C)C)c2)C1,7.1,0.2854787734247859,0.771251794582379,0.07816248579326009
O=C(CCc1ccccc1)NC(=O)C1=NC(C(=O)NN=C2CCCCC2)=C[SH]=C1Cl,8.0,0.2709044891720369,0.7322764690318727,0.07935079311031296
Cc1cc(C)cc(C2(NCC(=O)N(C)CC(=O)CO)CC2)c1,6.2,0.7851829045863281,0.7925481073501024,0.1929115197356006
CC1=C(C(=O)c2cc3scnc3cc2C)N=CC1C(N)=O,6.9,0.8819171228777795,0.685260447203205,0.20849830809668993
Cc1cnc(-c2cccc(C(=O)c3ccc(C(N)=O)cn3)c2F)nc1C,8.4,0.7293597362062553,0.8318189456151488,0.2548120036329967
NC(=O)c1cnc(OC[C@H]2N=C(CCC(=O)NC3=NCCS3)NS2(=O)=O)c(Cl)c1,7.4,0.5091740417905484,0.6622487605740282,0.12476395489413585
NC(=O)c1ccc(C(=O)c2c(-c3ccccc3NC(=O)CCl)ccc(O)c2O)nc1,7.9,0.271431874075283,0.8259913622361749,0.08855915145159556
Cc1cc(NC(=O)NC2CCCC2)ccc1C(=O)NC1=NCCS1,7.1,0.7868608256070032,0.8498202867361518,0.23738505381576994
COC(=O)[C@@H](C)[C@H](C)C1=NNC(=O)/C1=N\NC(=O)Nc1cccc(C)c1,0.0,0.5433057323609,0.7028340216315533,0.0
C[C@H](NC(=O)NCS(=O)(=O)Oc1ncc(C(N)=O)cc1Cl)N[SH](=O)=O,6.6,0.18778559634783543,0.6441447040289601,0.039917162135524806
CC(C)[C@@H](C)C(=O)NCOc1ncc(C(N)=O)cc1Cl,7.5,0.7797120262362935,0.7626744397858186,0.2229999123015115
CNC(=O)[C@H](CC1(c2cccc(C)c2)CCC1)C(C)C,6.2,0.8677615687803676,0.7778705533158943,0.20925191321257045
O=C1C[C@H](C(=O)NCc2ccc(N3CCc4[nH]c(=O)ccc4C3)cc2)CN1,7.6,0.7420935818185116,0.7688560772281412,0.21681400089620137
Cc1noc(C)c1CNC(=O)NC(=NC(=O)NC1=NCCS1)c1ccccc1,8.0,0.5393750695790744,0.779001918114405,0.16806968551407586
CC(=O)NCc1cccnc1-c1ccc(NC(=O)c2ccc(Br)c(F)c2)c(C)c1,7.6,0.577071408019101,0.8652839545888096,0.18974563940414205
C[C@H](NC(=O)N1CCOCC1)c1csc(=O)n1CN(C)C(=O)Cc1ccccc1F,7.5,0.7487376499716294,0.7442136551491613,0.20895779371244233
CCNc1n[nH+]c(-c2cc(F)c(F)cc2-c2ncccc2CNC(C)=O)c(C)c1C,8.3,0.6484364388788226,0.7331819090387695,0.1973000744512028
CC(=O)CN1N=CC(NC(=O)C(=O)NNC(=O)c2ccc(C)cc2Cl)N=C1C,6.9,0.4836895149262314,0.703797313518327,0.11744468650781223
CCCCCc1nccc(C2=C(N)/C(=N/N3C[C@@]4(CCCN(C)C4=O)OC3=O)NS2(=O)=O)n1,7.1,0.5609756531765859,0.5782404277280511,0.11515447458143742
O=C(SCC1=Cc2[nH]c(=O)ccc2CC1)c1ccc(Br)c(F)c1,6.9,0.8500220498637827,0.7587395255538607,0.22250613775426853
CC(=O)NC1(n2nc(C(N)=O)ccc2=O)CCN(C(=O)c2ccccc2)CC1,7.9,0.772116403560439,0.7903608974043457,0.24104899237936456
C[C@@H]1CCCN(C(=O)COC(=O)N[C@H]2CC(C)(n3nc(C(N)=O)ccc3=O)c3ccccc32)C1,7.5,0.6843776190064517,0.6776402128373152,0.1739106732767351
Cc1cnc(CCC(=O)NC(=O)CNC2=CC=C(F)C2)nc1C,7.5,0.8281188715637712,0.7547978243704286,0.23439837096616084
O=C1NCc2cc(-c3ccnc(C4CCCC4)n3)ccc21,7.9,0.918900201594816,0.8324678855709501,0.30215718860958074
CCCn1nc(N2C(=O)CN=C2c2ccc(OC(=O)C(=O)c3ccc(F)cc3Cl)cc2)nc1C,7.1,0.2205940810278658,0.773766851179269,0.06059437755032926
COc1cn(C)c(C2=NNC(=O)/C2=N\N[SH](=O)=O)cc1=O,6.9,0.4247975549728858,0.6645580862587737,0.09739441431216457
C[C@@H](O)C1CCN(C(=O)C2CCN(NC(=O)c3ccc(F)cc3Cl)CC2)CC1,7.1,0.7978354198614362,0.7841223576375005,0.22208820960210132
Cc1cc(C)cc(C2(n3nc(C)cc3NC(=O)CNC(=O)c3ccccc3O)CC2)c1,8.1,0.5715013258860455,0.8047173583156947,0.18625830008257888
O=CC[C@H](C(=O)[O-])C(CC(=O)NCC(=O)N1CCCCC1)c1ccccc1,6.7,0.6243966631867107,0.7266545516472713,0.15199642690822718
CCC(=O)Nc1nc(N2CCN(C(=O)C(O)=NNC(=O)CNCn3nc(C(N)=O)ccc3=O)CC2)c(C)s1,9.1,0.13640140745988877,0.7376408144240525,0.045779936605721216
Cc1cc(NC(=O)c2ccc(Br)c(F)c2)cc(-c2cccc3c2O[C@H](C)[C@@H]3C)c1,7.4,0.478403891834748,0.7643338660184534,0.135294309580801
NC(=O)c1ccc(=O)n(-c2cc(-c3ccc(F)c(O)c3)ccc2Cl)n1,8.6,0.750201543932659,0.8448036716399793,0.2725223980772454
O=C1Nc2ccc(-c3ccnc(C4CCCC4)n3)cc2N[C@@H]1CNC(=O)N1CCCC1,8.4,0.7045687798805151,0.7529050611196357,0.2227988281171491
Cc1cccc(C2([C@@H](C)NC(=O)Oc3ccc(N(C)C)cc3C)CCC2)c1,7.4,0.8123242202636956,0.7747142146555094,0.23284807452847803
CONC(=O)N(CN[C@H]1CCCN(S(C)(=O)=O)C1)C(=O)Nc1nncs1,7.5,0.42699168903000084,0.6948119804702628,0.11125460291222906
COc1cn(C)c(N2CC(c3c4c(nn3C)C=CN(NC(=O)NC3CCCC3)C4)C2(C)C)cc1=O,7.7,0.6811544996082848,0.6243919563627363,0.16374334537934357
CCC(=O)NC1=C(C(=O)N2CCOCC2(C)C)C=C(n2cnc3c(c2=O)CCCC3)C1,7.4,0.7922758976277273,0.7171066618750063,0.2102141399657822
CC(=O)NC1([C@@H](C)C(C)=O)CC=C(C2(N3CCCCC3)CCC2)CC1,6.2,0.7738479447751229,0.6508030772683921,0.15612301337721593
Cc1nnc(N2CC[C@H](c3ncc(-c4ccc(Cl)c(OCCO)c4)cc3Cl)C2)s1,6.5,0.5917764700235885,0.755883939466235,0.14537715706957705
COc1cc(=O)c(C2CCCC[C@@H]2C)nn1C(=O)NC1=[SH]C=CC(C)=C1,7.0,0.6150877884470275,0.5878654824724681,0.1265561078314173
CCCC(=O)NCc1ccc(-c2ccc(F)c(O)c2)cc1,6.4,0.8821674402005284,0.9061128702199807,0.25578984680150846
COc1cc(=O)n(N2CCc3[nH]c(=O)ccc3C2)nc1F,7.9,0.8270571752835725,0.7360395977297589,0.24045499808511642
CC1(C)C[C@H](c2nc(S(=O)(=O)c3ccc(F)c(O)c3)cn2-c2ccc3c(c2)CNC3=O)CCO1,9.1,0.5478494277544932,0.6889920340325835,0.17174607066533057
Cc1cccc(NC(=O)c2nnc(N(C)C(=O)N3CCC([C@@H](C)O)CC3)[nH]nccc2C)c1,7.8,0.6532254747952838,0.686935912677884,0.17500237470804755
Cc1cn(C(CC(=O)N2C(=O)CCCc3sccc32)c2ccccc2)ccc1=O,9.4,0.6555843679409488,0.732739546509794,0.22577511845806156
CCC(=O)Nc1nc(NC(=O)c2cc(C)ccc2CC2CCN(C(C)=O)CC2)c(C)s1,7.9,0.702643521985415,0.8156683422155159,0.22638401031479438
Cc1cc2nc(-c3ccc(C(=O)c4ccc(C(N)=O)cn4)o3)sc2cc1F,8.2,0.5431612899031972,0.8219979025758024,0.18305575083492615
NC(=O)c1ccc(=O)n(CNc2cccc(NC(=O)C(=O)NNC(=O)c3ccc(F)cc3Cl)c2)n1,9.2,0.242320861701285,0.8180079096680463,0.09118137551264481
CC1=NC(c2ccc(C(=O)c3ccc(C(N)=O)cn3)c(O)c2)=CC1=O,7.8,0.8197410955114192,0.7974763583735355,0.25495241602645585
COCC(=O)NC1CCCN(C2=C(O)C(=O)N[C@H]2C(=O)N2CCOCC2(C)C)C1,7.0,0.5382155120929112,0.6706896447458985,0.12634144971081426
Cn1nc2c(c1-c1cccc(Oc3ncc(C(N)=O)cc3Cl)c1)CCCC2,8.0,0.74115533855648,0.8193007339549497,0.24289164514158132
CCCn1nc(N2C(=O)CN=C2c2ccc(OCCC(CO)NC(=O)c3ccc(F)cc3Cl)cc2)nc1C,6.7,0.3837321642483628,0.7252294351315282,0.09322844334107905
NC1=CC(F)CC=C1C(=O)NC(=O)CCc1ccc(F)cc1Cl,7.9,0.8844739370858594,0.7345007340729175,0.2566104686428813
O=C(F)c1ccc(C(=O)c2ccnc(C3CCCC3)n2)nc1,7.3,0.6408658963765069,0.802724266783889,0.18777009147310542
C[C@@H]1c2cccc(Sc3cc(Cl)ccc3C(=O)Nc3ccccn3)c2O[C@@H]1C,8.5,0.5706645634354542,0.7458613404652261,0.18089557040198767
C[C@@H]1CCCN(C(=O)COC(=O)NN=C2CCCCC2)C1,6.6,0.8120278028067845,0.7872544701917106,0.210959930834266
CCNC1=C(C(=O)NCN2CCC(NC(C)=O)CC2)C(N2C(=O)Cc3ccccc32)C(C)=C1C,6.8,0.5713792723157047,0.7163779449637576,0.13916999302478
CCC(=O)Nc1nc(C=CC2=NN(C)C(=N)/C2=N\Nc2cc3cc(C)ccc3[nH]2)c(C)s1,7.9,0.41884196444559735,0.7168283534089984,0.1185939293062905
Cc1cccc(C2(S(=O)(=O)NS(=O)(=O)N(C)C)CCC2)c1,6.4,0.8750233787194968,0.7913875697577308,0.22159444005312676
CC[C@H]1CC(=O)c2ccc(O)c(C(=O)NC(C(=O)Nn3cnc4c(c3=O)CCCC4)=C(C)C)c2C1,7.7,0.5667258893365948,0.6818469111281475,0.1487718143836962
O=C(NC1=NCCS1)c1ccc(S(=O)(=O)N2C(=O)CCCc3sccc32)cc1,7.2,0.7996070154455178,0.7969182642682513,0.22939971654440117
COC(=O)CNc1ccc(CNC(=O)N2CCCC2)cc1C(=O)NCCC(=O)NC1=NCCS1,7.5,0.3772301025754215,0.814440747418678,0.11521183750888157
Cc1ccc(C(=O)c2ccc(=O)[nH]n2)cc1-c1ccccc1,8.0,0.7542304895364582,0.8802891019487242,0.2655763521185582
NC(=O)c1ccc(=O)n(Cc2ccc(N)cccc(OC(=O)Nc3ccccn3)cc2)n1,8.8,0.5573499170118407,0.8012378440732607,0.19649073219643035
Cc1noc(C)c1CNC(=O)c1ccc(CNC(=O)N2CCC(C)CC2)cc1,7.4,0.8288713866465848,0.8677441795554957,0.2661218789041867
COC(=O)[C@H]1CC(=O)N(CC/N=C2\NS(=O)(=O)C(C(=O)c3ccc(=O)[nH]n3)=C2C)C1,7.3,0.40361859184359516,0.6614794462686109,0.0974496719622925
Cc1cc(C)cc(C2(Oc3ccc(Sc4ccc(F)c(O)c4)cc3)CC2)c1,8.1,0.5577626558147375,0.8136165260575837,0.18379099032739857
C[C@H](NC(=O)N1CCOCC1)c1ccc(OCC(=O)N2CCC[C@@H](N3CCc4[nH]c(=O)ccc4C3)C2)cc1,8.6,0.5991969262738973,0.7256013739710109,0.18695458858292494
C[C@H](NC(=O)N1CCOCC1)N(C)[C@H]1CCC=C(c2ccc(NC(=O)NC3CCCC3)cc2)C1,8.1,0.5498148851591456,0.7131951155527292,0.15881074267424336
Cc1ccc2[nH]c(-c3ncc(CCc4ccc(-n5cc(C)cn5)o4)cc3O)cc2c1,8.5,0.43077057812828656,0.7736088092124085,0.14163036344556493
CNC(=O)NNC(=O)CCC(=O)NCC(=O)OCC(=O)N1CCC[C@@H](C)C1,6.2,0.3146295732512387,0.7961491418904367,0.07765254007477168
CSN(C(N)=O)[C@@H](C)c1ccc2c(c1)CC(=O)N2[C@H](C)NC(=O)N1CCOCC1,6.3,0.7035291407806782,0.668608683207437,0.1481714931108601
Cc1nc(Oc2cccc(-c3ccccc3NC(=O)CCl)c2)c(Cl)c(=N)n1-c1ccc2c(c1)C=NC2=O,7.9,0.31875159614880083,0.7632647106710715,0.0961002787001304
Cc1cnn([C@H](C)C2CCN(C(=O)c3c(C(=O)c4ccc(=O)[nH]n4)nc[nH]c3=O)CC2)c1,8.1,0.558611628740953,0.703189037836762,0.1590878773642048
CC1(c2ccccc2NC(=O)CCl)COCCN1C(=O)c1cc(I)c(N)cc1NCC(=O)N1CCCCC1,7.8,0.23755344416236754,0.7114531590711398,0.06591317783604293
NC(=O)c1cccc(-c2ccc(C3=C(O)C(=O)N[C@H]3c3ccccc3)c(F)c2F)c1,8.2,0.6141610025189601,0.7797903950759011,0.19635590882573326
CC1(C)C=CC(=O)N(Cc2ccc(C(=O)N3CCOCC3(C)C(N)=O)cc2)N1,7.2,0.7878108524557096,0.7071830251750912,0.20056552628594262
CC(=N)C(=CN=Cc1ccccc1N[C@H]1CCCN(S(C)(=O)=O)C1)c1ccc(C(N)=O)cn1,8.0,0.5104645254331359,0.7081117648536135,0.14458637439984806
CCNc1n[nH+]c(-c2cc(Oc3cc(F)c(N)cc3F)ccc2O)c(C)c1C,8.1,0.5760611087276607,0.7350058217108085,0.17148034877328552
CCCC[C@H](C(=O)NC[C@H](NC(=O)C(=O)c1ccc(=O)[nH]n1)C1CCC1)[SH](=O)=O,6.9,0.21160264894676512,0.6439627070633281,0.047011154049947844
C[C@@H](NCC(=O)N(C)C)NC(=O)c1ccc(F)cc1Cl,6.7,0.8043518681055183,0.7982294470427127,0.2150892112133897
NC(=O)c1ccc(=O)n(Cc2ccc(S(=O)(=O)C(=O)c3ccc(=O)[nH]n3)cc2)n1,8.4,0.5379710393122652,0.8051463762412313,0.18192108178649974
CCCn1nc(-c2cccc(-c3c4c(nn3C)CCCC4)c2)nc1C,7.1,0.7253397610023585,0.812426572048749,0.20919627993864076
Cc1cnn(-c2ccc(N(C)C(=O)NNC(=O)NC3CCCC3)o2)c1,8.3,0.7400806488832735,0.7606736137003681,0.2336283259705375
CC(C)CC1(C(=O)NC2=NCCS2)C[C@H](C(=O)Nc2c3c(nn2C)CCCC3)OC1=O,7.1,0.5254925987914779,0.6369679365688865,0.11882628739872245
CCC(=O)Nc1nc([C@H]2c3ccccc3CN2c2ncccc2CNC(C)=O)cs1,8.3,0.6346340448677097,0.7615557541354462,0.20057332158529176
Cc1cccc(NC(=O)c2c(C)cccc2C(=O)N2C(=O)CCCc3sccc32)c1,7.6,0.6000144873199944,0.8281525986751433,0.18882335162837913
Nc1cc(F)c(Oc2ccccc2C(=O)c2ccc(=O)[nH]n2)cc1F,7.9,0.5604952739857948,0.8348969444541215,0.18484253769452774
CC1(C)CCN([C@H](O)CCNC(=O)c2ccc(=O)[nH]n2)CCS1(=O)=O,6.7,0.610422966853777,0.6995532670345822,0.14305283254639323
COc1ncc(-c2ccccc2-c2ccccc2)c(C)n1,6.7,0.7212084740883911,0.8900327881459003,0.21503622832415922
CC(=O)NCc1cccnc1N[C@@H](C(=O)N1CCCCC1)c1cncnc1OC(C)(C)C,7.6,0.6812246398886111,0.7392015164692407,0.19135366900751202
CCC(=O)Nc1nc(-n2cc(C(=O)Nc3cccc(C)c3)cn2)c(C)s1,7.6,0.7197365501571028,0.8369764447370314,0.22891296478115944
CC(C)C(=O)O[C@H](NC(=O)C(=O)c1ccc(=O)[nH]n1)C1CCC1,7.6,0.338625712207923,0.7172839354593447,0.09229849773008453
O=C1C[NH+]=C(c2ccnc(C3CCCC3)n2)N1c1ccccc1S(=O)OON(c1ccccc1)c1ccccc1,8.9,0.24868964191252363,0.6500608372346419,0.07194021159079109
CCC(=O)Nc1nc(-c2ccc(-c3ccc(-n4cc(C)cn4)o3)c(SC)c2C(=O)OC)c(C)s1,6.8,0.25760195980923045,0.7567628025962729,0.06628081756023872
CC1=NNC(=O)/C1=N\NN1CCc2[nH]c(=O)ccc2C1,7.5,0.6081028033053713,0.7055515063150314,0.16089294332493673
CC1=C(C(=O)N2CCCC[C@H]2C(N)=S)S(=O)(=O)NC1=N,6.7,0.6120144187610758,0.6775536850688375,0.1389153292901879
NC1=CC(F)CC=C1C(=O)NC(=O)CCC1=CCCC=C1,7.5,0.8333867357672707,0.6669382424646354,0.20843155681723616
Cc1cnc(C(=O)NC(=O)c2ccc(Nc3cccc(C(N)=O)c3)cc2Cl)nc1C,7.4,0.540719226939757,0.8308905281305212,0.16623303909565168
Cc1cnc(O[C@@H](Cc2ccc(F)cc2)C(=O)NC2=CCNC2)nc1C,8.0,0.8258149243246417,0.720993055776338,0.2381627303178115
CC(=O)NC1(C(=O)N[C@@H](C)CNC(=O)[C@H](C)O)CCN(C(=O)NC2=NCCS2)CC1,7.5,0.34734535860748156,0.6835817291155791,0.08903960281393994
Cn1ccc2c1CCN(NCC(=O)N1CCCCC1)C2,6.6,0.8915729771590334,0.7831877527667044,0.23042878201487216
CC(=O)NCc1cccnc1-c1ccc(O)c(-c2ncc(C)c(C)n2)c1OCC(=O)[O-],7.4,0.58215598559008,0.7654703100151579,0.16488055542372276
C=C(C(C)=CC=CCNC(=O)c1ccc(Br)c(F)c1)C1=CCCC1,6.5,0.6400246062016373,0.7642098007047703,0.15896174994423823
CC1=NC(c2ccc(C(=O)c3ccc(N)cn3)c(O)c2)=CC1=O,7.7,0.8434257675382841,0.7898221032165826,0.256470180745297
COc1cc(=O)c(-c2ncc(C)c(C)n2)nn1N1C=C(F)CC1=O,7.8,0.8334734268891669,0.6971692377851029,0.22661809315799872
O=C(CCc1ccc(-c2ccc(N3CCc4[nH]c(=O)ccc4C3)cc2)cc1)NC1=NCCS1,7.5,0.6104508959284431,0.8112453645037423,0.18570954734216472
Cc1cccc(C2(c3cccc(-c4c5c(nn4C)CCCC5)c3)CCC2)c1,7.4,0.5845765134463802,0.81823919293187,0.17697966339063825
COc1ncc(-c2csc(=O)n2-c2cccc(OCCCO)c2C)c(C)n1,6.2,0.6275330079482084,0.7953404126972597,0.15472173207203108
COc1cc(=O)n(NC(=O)C(=O)NC[C@@H](C)N(C)Cc2ccccc2)nc1CC1CCN(C(C)=O)CC1,6.6,0.475286622916319,0.7272697435227953,0.11406832151489504
Cc1cc(=O)n(-n2c(=O)c(=O)n(CC=C(O)NCC(=O)N3CCCCC3)c3ccccc23)cn1,7.3,0.39559584565918887,0.7543602739188101,0.10892395352980229
O=C(Nc1ccccc1Oc1c(N2C(=O)CCCc3sccc32)ccc(F)c1F)c1ccc(Br)c(F)c1,7.4,0.25777686104781844,0.8010717436381045,0.07640417103317931
CS(=O)(=O)N1CCC[C@H](Nc2ccccc2NCC(=O)N2CCCCC2)C1,7.1,0.7706952155179275,0.8077404748817697,0.2209952103769033
CCNc1n[nH+]c(-c2cc(NC(=O)Nn3cnc(C)cc3=O)cccocn2)c(C)c1C,8.6,0.5562425712756682,0.636357926725651,0.15220682884781764
CC(C)[C@H](C(N)=O)c1cc(-c2ccccc2NC(=O)CCl)ccc1Cn1nc(C(N)=O)ccc1=O,8.3,0.38944193671669836,0.7522610236050178,0.121579225828928
Cc1noc(C)c1CNC(=O)[C@@H]1CCCCN1C(=O)N1CCCC[C@H]1C(N)=S,7.1,0.7401529296535612,0.7397755761654233,0.1943792062946712
Cc1c(Oc2ncc(C(N)=O)cc2Cl)c[nH]c(=NN2CCc3[nH]c(=O)ccc3C2)c1C,8.0,0.5718553818861845,0.7167172719545819,0.1639434517032047
Cc1cc(NC(=O)c2ccc(Br)c(F)c2)ccc1C(=O)c1ccc(C(N)=O)cn1,8.4,0.5693691128538482,0.8627432993181545,0.20631214252041946
Cc1cccc(C2(c3ncc4c(n3)CCC4)CCC2)c1,7.4,0.8253801204286686,0.826571837647341,0.25242730627311405
COc1ncc(C(=O)N(C)CNC(=O)N2CCCC2)c(C)n1,6.5,0.8243195736496953,0.8089199072090376,0.2167127667338741
NC(=S)[C@@H]1CCCCN1C(=O)C1CCN(c2ccccc2O)CC1,7.6,0.8211174315245026,0.8157484020336992,0.2545335884062888
Cc1nc(OCn2nc(C(N)=O)ccc2=O)ncc1C(=O)N(C)C1=CNCC2=CC=CSC21,7.7,0.6217688044493471,0.62803107833583,0.1503387011025528
O=C(NNC(=O)c1cccc(-c2ccnc(C3CCCC3)n2)c1)Nc1cos1,8.2,0.5782019909946081,0.7888891901941771,0.18701629318220286
Cc1cccccc(C(=O)[C@H](CC(N)=O)N2C(=O)Cc3cc(N4C(=O)CCc5sccc54)ccc32)[nH]c1,8.4,0.4810812514640833,0.6578185581590773,0.13291495358209648
Cc1ncn(-c2cccc(NC(=O)c3ccc(F)cc3Cl)c2)c1N,7.4,0.7584797392047236,0.8632419476622903,0.24225806511338452
CCCCCCN(N[C@H](CNC(=O)N1CCC(C)CC1)C(=O)N1CCCC1)C(=O)N(C)CC(C)C,6.6,0.32100188283593023,0.7323333504620096,0.07757652683941058
O=C(CNC(=O)c1ccc(F)cc1Cl)NCC1CCC1,7.0,0.8746844874272693,0.9009461082043703,0.27581525469901647
CNC(=O)N[C@H](Oc1ncc(C(N)=O)cc1Cl)C1CCC1,7.9,0.7116135022293115,0.7370751989366499,0.20718250217006198
CCCn1nc(N2C(=O)CN=C2NC(=O)c2cc(C(=O)c3ccc(C(N)=O)cn3)ccc2F)nc1C,8.4,0.4641233394538514,0.7633270733074963,0.14879672235078423
NC(=O)C1=C(CCC(=O)NC(=O)c2ccc(Nc3cccc(C(N)=O)c3)cc2Cl)C=CC1,7.0,0.4862277217047304,0.8031200676123981,0.13667473425568386
O=C1N[C@@H](c2cccc(Cl)c2)C(c2ccc(F)c(F)c2F)=C1O,8.6,0.8153158720290437,0.7746155081876915,0.27156921697446545
CCC(=O)Nc1nc(-n2c(=O)c(NC(=O)c3ccc(Br)c(F)c3)c([O-])c3ccccc23)cs1,9.3,0.40453944358640354,0.7786088544875371,0.14646476663611344
Cc1cnn(-c2ccc(-c3cc4c(n3C)CCNC4)o2)c1,7.1,0.7850177753530005,0.7444448940727602,0.20746287848935388
Cc1cc(C)cc(C2([C@H](C(O)=Nc3cccc(Oc4cc(F)c(N)cc4F)c3)c3cccs3)CC2)c1,0.0,0.15168322788163183,0.7101972567620858,0.0
CC(=O)NC1CCN(C2(c3cccc(C)c3)CCC2)CC1,6.4,0.9262373111219653,0.8452213447962519,0.250520174626231
COc1ccoc(=O)c2c(c(N(Cc3ncccc3CNC(C)=O)C(=O)Nc3nncs3)cc1)CCC2,9.1,0.4813762287105138,0.7141369761802275,0.1564146967912474
O=C(NC1CCCC1)NN1C(=O)[C@@H](CNC(=O)N2CCCC2)[C@@H]1c1ccc(Br)cc1,7.9,0.5685783062173719,0.7292234674113164,0.16377515436210066
CC1(C)COCCN1C(=O)c1ccc(C(=O)N2CCCC[C@H]2C(N)=S)c(C=O)c1,6.1,0.5952472120130019,0.745560030754465,0.13535672155695158
CCOc1ccc(O[C@@H](C(=O)NC2CC2)n2nc(C(N)=O)ccc2=O)s1,8.0,0.6949279550101711,0.7084765103847928,0.1969360530137785
Cc1cc(C)cc(C2(N/N=C3\C(=N)N(C)N=C3c3cccc(F)c3F)CC2)c1,9.2,0.7906010218875923,0.743415212320199,0.2703626202116801
Cc1cccc(NC(=O)c2cc(C(=O)N3CCC([C@@H](C)O)CC3)ccc2C)c1,7.8,0.8478518689442099,0.8307951387025894,0.27471257231291424
O=C(CC1=NCCS1)NCc1ccc(-c2ccc(F)c(O)c2)cc1,6.8,0.8743157243864461,0.8349480459334762,0.24820278990582745
Cc1cccc(C2(N/N=C3\C(=O)NN=C3CC[NH+](C)C(=O)[C@H]3CCCN(C(N)=O)C3)CCC2)c1,7.7,0.4201412808250357,0.5909656864855557,0.09559129597081983
CNC(=O)NN1C(=N)S/C(=C/C(=O)[C@H]2CCCN(C(N)=O)C2)C1=O,7.6,0.5081095046430063,0.6977024570284782,0.13471351493500042
Cc1ccc(-c2ccc([C@@H](Nc3cccc4c3O[C@H](C)[C@@H]4C)C(=O)NC(N)=O)cc2)cc1,8.1,0.5380264230614581,0.7327481838029875,0.15966634315620196
Cc1cccc(C2(c3c(C(O)=Nc4ccnc(C5CCCC5)n4)oc4ccccc34)CCC2)c1,9.3,0.25527755178141104,0.7600582002979865,0.09022199541130674
CCC(=O)Nc1nc(C(=O)N2CCN(C(=O)NCc3c(C)noc3C)CC2)c(C)s1,6.9,0.7432068429299357,0.823166524423385,0.2110651328686976
O=C(NC1=[SH]CCN=C1)c1ccc(N2CCc3[nH]c(=O)ccc3C2)cc1,6.9,0.5531140418377445,0.7253991750348519,0.13842382202900588
NC(=O)c1ccc(C(=O)c2ccc(C(=O)C(=O)Nc3ccccn3)c(-c3cccc(F)c3)c2)nc1,9.7,0.3154724557689643,0.830939463108878,0.12713717881581668
Cc1cnn(-c2ccc(-c3c(N4CCc5[nH]c(=O)ccc5C4)/c3=N\N)o2)c1,7.9,0.42261030774106995,0.7185961949042566,0.11995603283266966
C[C@H](C(=O)NNC(=O)CCCOC(=O)NNC(=O)NC(=O)c1ccc(F)cc1Cl)N(C)[SH](=O)=O,6.9,0.1463824169765792,0.7107844120189698,0.035895987362311664
Cc1cc(=O)n(C(=O)N(C)C(=O)N(C)Cn2cnc3c(c2=O)CCCC3)cn1,7.2,0.7472686913714834,0.7358617657667526,0.19795912514453887
NC(=O)NC(=O)[C@@H](CCC(=O)NC1=NCCS1)NC(=O)NNC(=O)C=O,7.8,0.15901807294515263,0.7271782890052332,0.04509745118001453
CC=COc1cc(=O)c(C=CC(C)(C)C)nn1-n1ccncc1=O,7.9,0.8029977586987627,0.6646475594634246,0.21081564772662434
Cc1ccc(-n2cc(N)cn2)cc1-c1ccc2c(c1)CNC2=O,9.0,0.764232504787295,0.825890452575557,0.2840275481632788
O=C(C(=O)c1ccccc1O)c1ccc(C(=O)c2ncnc3c2CCC3)nc1,8.1,0.5398105949081093,0.8075955719605589,0.17655920168879954
Cc1cnc(-c2ccc(Cl)cc2NNC(=O)c2ccc(C(=O)N3CCOCC3)cc2Cl)nc1C,8.8,0.5076810000144515,0.823124536739323,0.18386926269723072
CON1CC([C@@H](C)NC(=O)OCNC(=O)N2CCC(Cl)CC2)=CC=CC=CNC(=O)C1=O,7.7,0.3125965427804597,0.6039530162239993,0.07268554557627943
Cc1cnn(C2=CC(CF)(n3nc(C(N)=O)ccc3=O)c3ccccc3O2)c1,8.0,0.7364768923532283,0.6709329436110856,0.19765064371523844
Cc1nc(-c2ccc(C(=O)c3ccc(C(N)=O)cn3)cc2)c(F)nc1N[C@H]1CCCN(S(C)(=O)=O)C1,7.8,0.45766165955379956,0.7435795355130377,0.1327200592509247
COc1cc([C@H]2CCN(c3nnc(C)s3)C2)ccc1-n1cnc(C)cc1=O,7.0,0.6897091564706178,0.7636495657908606,0.1843436342512688
Cc1cc(C)cc(C2(N3C(=O)Cc4cc(-c5ccc(-c6ccc(F)cc6)cc5)ccc43)CC2)c1,8.4,0.32010923075719383,0.8225573215661799,0.110589440413304
COc1cc(=O)c(CC2CCN(C(C)=O)CC2)nn1C(=O)NC(N)=O,8.4,0.7662231509950446,0.7714060717973665,0.2482490602323009
C[C@@H]1CCCN(C(=O)COC2=N[C@@H](CNC(=O)[C@@H]3CNC(=O)C3)SC2)C1,6.5,0.6963926170859217,0.639620665591027,0.1447638105072817
NC(=O)c1cnc(OSc2ccc(N3CCc4[nH]c(=O)ccc4C3)c([N+](=O)[O-])c2)c(Cl)c1,7.9,0.3153873494522259,0.75999587477652,0.09467876839345502
Cc1nnc(N2CC[C@H](Cc3cccc(-c4ncc(C)c(C)n4)c3)C2)s1,7.8,0.699635677476404,0.777423766795049,0.2121262274694857
CC(C1=NC(=O)[C@@H]([N+](=O)[O-])C(O)[NH2+]1)[C@@H](C)N[C@H](C(=O)N(C)C)n1nc(C(N)=O)ccc1=O,7.4,0.2221393911711519,0.5213718240459471,0.042852371239923054
NC(=O)NC1=C(C(N)=O)C=NC(C(=O)c2ccc(F)c(C(=O)NC3=NCCS3)c2)C1,8.3,0.4827119122301558,0.6783945325047375,0.13589968564321545
Cc1cc(C)cc(Nc2ccccc2-c2ncc(CCC(=O)NC(=O)C3=CCC(F)C=C3N)c(C)n2)c1,9.8,0.4266342684737609,0.712500376314201,0.1489487676496834
O=C1NCc2cc(-c3ccnc(-c4ccnc(C5CCCC5)n4)n3)ccc21,8.6,0.7758133992434414,0.8097301495393653,0.2701257849071351
Cc1noc(C)c1CNC(=O)c1ccc(NC(=O)c2ccc(F)cc2Cl)cc1,7.5,0.6683952972176491,0.8848036981933005,0.22177448656244483
NC(=O)c1ccc(=O)n(N2Cc3ccccc3[C@@H](c3ccc(-c4ccccc4)cc3)C2)n1,9.5,0.5472367932551623,0.7646456245475424,0.19876005428814422
CCCn1nc(C2=NNC(=O)/C2=N\Nc2c(O)cccc2F)nc1C,7.5,0.5549297658828026,0.7489013400585172,0.15584536699049628
Cc1cncc(C(=O)c2ccc(C(N)=O)cn2)nc([C@H](C)NC(=O)N2CCOCC2)cc(C)c1C,10.0,0.6286179078643926,0.6946337317793669,0.21832960160159065
C[C@H](NC(=O)N1CCOCC1)c1cc(Oc2ncc(C(N)=O)cc2Cl)cc([N+](=O)[O-])c1,8.4,0.5077862432392655,0.7711996845641697,0.16447392805710145
Cc1cc(C)cc(C2(C3=NCC(=O)N3c3ccc(-[n+]4ccccc4)cc3)CC2)c1,8.5,0.627160645514249,0.7637892029326124,0.20358287505791312
CC(=O)NCc1cccnc1Sc1cc(C)c([C@H]2CCN(c3nnc(C)s3)C2)o1,8.0,0.6355367703057856,0.7102120210232324,0.18054634162937994
CCCn1nc(CCC(=O)N(C)c2nonc2NC[C@@](C)(O)C(=O)c2ccc(=O)[nH]n2)nc1C,7.3,0.3208038921031204,0.6628110158570303,0.07761080906975179
Cc1ccc(-c2cc(-c3cc4cc(C)ccc4[nH]3)cc(-c3cccc4c3O[C@H](C)[C@@H]4C)ccco2)cc1,10.5,0.2763302503893602,0.6863785239871479,0.09957525343250524
Cn1nc2c(c1C(CC=O)c1ccccc1)CCCC2,6.5,0.7988945179258196,0.7592542255823254,0.19713331252216332
CC(C)CNC(=S)NNC(=O)N/N=C1\C(=N)N(C)N=C1NC(=O)NC1CCCC1,8.0,0.2514278395213813,0.753441760856616,0.07577449365494568
CCC(=O)Nc1nc(NC(=O)[C@H](O)[C@@H](C)C=O)c(C)s1,6.5,0.6772401317144005,0.7039637381023611,0.15494456078224655
CC(=O)NCc1cccnc1-c1cccc(OCC(=O)NN2C(=O)CCCc3sccc32)c1,8.4,0.5592252470510195,0.8068007115549547,0.1894969974409083
Cc1cc(C)c(-c2cccc3c2O[C@H](C)[C@@H]3C)cc1Oc1cc(CNC(=O)c2ccccc2O)ccc1Cl,7.6,0.2669090121627136,0.7413274010280662,0.07518944643307014
Cc1cccc(NC(=O)c2ccc(C(=O)c3ccc(C(N)=O)cn3)cc2)c1,8.0,0.6837092965331748,0.8971517487296485,0.24535639640298224
CCCN(CC1CCN(C(C)=O)CC1)[C@@H](C)c1cc(OC)cc(C)c1-n1nc(C(N)=O)ccc1=O,7.9,0.5871127646170121,0.7380741646306588,0.17116644149903565
Cc1cnn(-c2c(C)ncn2-c2csc(=O)n2-c2ccc([SH](=O)=O)cc2)c1,7.0,0.5271777997713321,0.6975630847620372,0.1287089202792939
CN(C)S(=O)(=O)NS(=O)(=O)NS(=O)(=O)C1(c2ccc(=O)[nH]n2)CCC1,5.9,0.44555365293857274,0.7150835378607149,0.09398938432277353
COc1ncc(-c2cccc(CN(N)NCC(=O)F)c2)c(C)n1,6.3,0.4488193101245104,0.7684942186011978,0.10864823918358825
CCNC(=O)N(C)[C@H](C)c1ncccc1CNC(C)=O,6.0,0.8555542589966152,0.7797993282446694,0.2001481909327279
CC1CC=C[C@H](c2cc(C(C)(C)C3=CC=C(F)C(O)C3)ccc2Cl)C1,8.5,0.6330675129337656,0.6182573184590886,0.1663444147537476
NC(=S)[C@@H](O)C1CCN(C(=O)N2CCCN(NC(=O)Cc3cccc(F)c3)CC2)CC1,7.0,0.5749122082972,0.7515892266446502,0.1512342377079312
C[C@@H](O)C1CCN(c2nccc([C@H]3CNCc4ccccc43)n2)CC1,6.6,0.8992213191023358,0.7272456209070052,0.21580507295932014
CS(=O)(=O)N1CCC[C@H](N[C@H]2CNCc3ccccc32)C1,6.3,0.8686852834257989,0.7478824816190417,0.20464746923704455
CC(C)CCC(=O)NC(=O)NC(C)(C)[C@@H](NC(=O)C[C@H](C)NC(=O)N1CCOCC1)C1CCC1,7.6,0.3799385898859821,0.6984428665594863,0.10083885117788308
CCCN=C(c1ccccn1)[C@@H](C)NC(=O)N(C)[C@H](C)c1ncc(C)c(C)n1,7.4,0.7432705258987062,0.6784632910146766,0.18658425383271487
CN(Cc1ccc2c(c1)CNC2=O)C(=O)Nc1cccnc1,6.9,0.9093044568057853,0.8508422155018377,0.2669177434150437
COc1ncc(OCc2ccc(C)c(-c3ccccc3)c2)c(C)n1,7.5,0.7009210919427821,0.8752416914184261,0.23005326077356905
COc1ccc(C2=C(O)C(=O)N[C@H]2c2ccccc2)c(F)c1-c1ccc(C(N)=O)cn1,8.9,0.5878526485803481,0.7585105352211312,0.19842213006209855
Cc1cnn(-c2ccc(-c3cc4c(n3C)CCNC4)o2)c1,7.1,0.7850177753530005,0.7444448940727602,0.20746287848935388
Cc1cc(=O)c(OC(=O)c2ccccc2NC(=O)CCl)cn1CCC(=O)NN1C(=O)CCCc2sccc21,7.1,0.3232966903438745,0.7695799880230393,0.08832494539436814
Cc1cnc(SC(c2cccs2)(c2cccs2)c2c3c(nn2C)CCCC3)nc1C,7.3,0.2787159578520278,0.7302687561620106,0.07429120789003285
CCNc1n[nH+]c(-c2ccc(CC3CCN(C(C)=O)CC3)cc2)c(C)c1C,7.2,0.8808904264612495,0.7604596434664905,0.24115738307031595
Cc1cccc(NC(=O)C2c3cc(O)cc(Oc4ncc(C(N)=O)cc4Cl)c3NC23CCCCC3)c1,8.6,0.3387486527091277,0.6674460640835866,0.09722147563465977
CCCn1nc(C2=CC([N+](=O)[O-])=CC(OCC(=O)N3CCC[C@@H](C)C3)=CN3C[C@@H](OC2(F)F)C(=O)N3)nc1C,8.0,0.39722948177458234,0.47175053407467904,0.07495728807094688
O=c1c2c(ncn1-c1cc(Cl)ccc1-c1ccccc1)CCCC2,7.2,0.693459893573133,0.8567438764797417,0.21388230626510701
Cn1nc2c(c1-c1cc(NC(=O)Cc3cccc(F)c3)ccc1Cl)CCCC2,7.7,0.6773767302840416,0.8454273027297897,0.2204790210761452
CCN(C(C)=O)C(=O)C(=O)N1C(=N)SC(=Cc2ncc(C)c(C)n2)C1=O,6.6,0.6003825869829532,0.7063924127277463,0.1399548823789427
CC[C@H](NC(=O)[C@@H](CC)Oc1ccc(O)cc1)c1cccc2c1O[C@H](C)[C@@H]2C,0.0,0.727065221948421,0.7038818829305598,0.0
CC(=O)NCc1cccnc1NC1=NC(=O)CSc2ccc(C(O)=NCCc3cccc4c3O[C@H](C)[C@@H]4C)cc21,9.4,0.2854679350214385,0.6543211266189256,0.08779021940269878
CCNc1n[nH+]c(CNC(=O)c2cc(C(=O)Nc3cccc(C)c3)ccc2F)c(C)c1C,8.2,0.5274321085366764,0.7771807417697014,0.16806313171173365
COc1ccc(C2=C(O)C(=O)N[C@H]2C2=CCC=C2)c(F)c1F,8.1,0.9023043041785397,0.6999672470942763,0.25579130123405336
O=C(CCc1ccc2c(c1)CNC2=O)NC(=O)c1ccc(=O)n(Cc2ccc3c(c2)CNC3=O)n1,9.0,0.48291793210772593,0.7923390357584508,0.17218562790451525
NC(=O)C1=C(CCc2ccc(C(=O)c3ccc4ncsc4c3)nc2)C=CC1,7.6,0.667158309480483,0.7731464907622448,0.19600822018792874
CCN(C(=O)N=O)[C@H](OCNC(=O)N1CCC(C)CC1)C(=O)NC1CC1,6.4,0.5161724740941733,0.7050133919304771,0.11645072217032944
CCC(=O)Nc1nc(NC(=O)CC(=O)N(C)C(C(=O)CN=C(O)c2ccc(Cl)cc2Cl)C(C)C)c(C)s1,7.0,0.20657619045605818,0.69550264007608,0.05028600004366665
Cc1c(C(=O)N2CCC([C@@H](C)O)CC2)c(C(C)(C)C)c(C)n1NCC(=O)N1CCCCC1,6.1,0.7282109543770028,0.7280346493899599,0.16169965608979572
CC1=NN(c2cccc(Cl)c2)C(=O)/C1=N\NCn1nc(C(N)=O)ccc1=O,8.2,0.7120974573923599,0.7829630982573139,0.2285938729154418
CCOC1=CCC(C(=O)c2ccc(C(N)=O)cn2)C=C1CNC(=O)N1CCC(C)CC1,8.6,0.6507175072636803,0.7187761408798401,0.2011196940297931
Cc1cc([C@H](C)NC(=O)N2CCOCC2)ccc1CNC(=O)N1CCC(C)CC1,8.0,0.8129739849346768,0.8040205044880485,0.2614591014011352
Cc1cnc(Oc2ccc(C(=O)c3ccc(C(N)=O)cn3)cc2)nc1CC1=NCCS1,7.6,0.5686773572137596,0.7742809771374268,0.1673201027313717
CCCn1nc(-c2ccc(-c3c4c(nn3C)CCCC4)cc2C)nc1C,6.5,0.7072744179666477,0.8036745935707967,0.18473600613076943
CC[C@]1(C)C=CC=CC=C(OC[C@H](C)NC(=O)NCNC(=O)[C@@H]2CNC(=O)C2)C(=O)N(C)C(=O)C1,7.3,0.29168188917541354,0.5599027557084081,0.059609425141935214
Cc1cnc(-c2nc3c(c(-c4cccc(-c5ccccc5)c4)n2)CCC3)nc1C,8.9,0.4806187848860278,0.8390391816710956,0.17944980642510544
CN1N=C(NC=C(C#N)C(=O)[O-])/C(=N/NNC(=O)c2ccc(F)cc2Cl)C1=N,8.2,0.27786557603789114,0.6873110375476033,0.0783018317197998
CCNc1n[nH+]c(C2=C(C)C(=N)NS2(=O)=O)c(C)c1C,6.4,0.7578187294074786,0.6136273854177229,0.1488058641750054
C[C@@H](N[C@H](C(=O)N(C)C)n1nc(C(N)=O)ccc1=O)S(=O)(=O)N[SH](=O)=O,6.4,0.3124081043489899,0.6119604135074932,0.06117804567055998
CC1(C)COCCN1C(=O)c1nnc(Oc2ncc(C(N)=O)cc2Cl)o1,7.7,0.8359392570395378,0.7519247148459179,0.24199690417901576
CCCN(Cc1cc2cc(C)ccc2[nH]1)Oc1cc(F)c(N)cc1F,8.1,0.5092159754139228,0.7838971642343413,0.16166504843946825
Cc1cc(-c2ccc3c(c2)CNC3=O)cc2oc(=O)c(C(=O)NC3=NCCS3)c(C)c12,9.5,0.6049098877333314,0.7716383414023754,0.22171653967251137
CC1(Cn2nc(C(N)=O)ccc2=O)CCCC1(C)Oc1ccc(NC(=O)NC2CCCC2)cc1,7.3,0.5746133748216108,0.7022294398593749,0.14728130634288997
Cc1cnc(-c2cnn(NNC(=O)c3ccc(F)cc3Cl)c2)nc1C,7.8,0.6985909749986423,0.7845677136848906,0.21375585038167752
NC(=O)C1=CCCN(C(=O)COC(=O)NN=C2CCCCC2)C1,7.0,0.7405115027368783,0.7778131350213163,0.20159285071209104
O=C(NN1C(=O)C[NH+]=C1C1=CC[C@@H](C(=O)Nn2ccncc2=O)C1)c1ccc(Br)c(F)c1,8.2,0.49264378156429817,0.6321256190333432,0.12767922970754622
CC[C@H](NC(=O)[C@@H](CC)ONC(=O)Cc1cccc(F)c1)c1cc(C(C)=O)c(N2CCNCC2)cc1OCCO,6.7,0.20565359949707296,0.6918826723100764,0.04766653426672404
COc1cn(C)c(N2CC(C3=CC=CC(CN4CCc5[nH]c(=O)ccc5C4)N3C)C2(C)C)cc1=O,8.3,0.7112806217474271,0.5993903183918464,0.17692890810908346
Cc1nc(-c2ccc(-c3ccc(F)c(O)c3)cc2)nn1CC[C@H](C(=O)NC1=NCCS1)C1CCC1,8.3,0.4937405849253554,0.7245276518101459,0.1484574132387243
CN(CCCc1c2c(nn1C)CCCC2)C(=O)N(CC(C)(C)C)C(=O)NC1CCCC1,7.1,0.7306028909326472,0.7600404352387715,0.19712714741995963
COc1cn(C)c([C@H]2CCCC[C@@H]2N[C@H]2CCCN(S(C)(=O)=O)C2)cc1=O,6.4,0.8130682203757977,0.6883136636940377,0.17908670899201812
Cc1cc(CNC(=O)c2ccccc2O)nc2c(C)c(C(=O)c3ccc(C(N)=O)cn3)ccc12,8.6,0.3829513092005085,0.8247662034059895,0.13581347787282233
COC(=O)c1cc(-n2nc(C(N)=O)ccc2=O)ccc1C(=O)N1CCCC[C@H]1C(N)=S,7.3,0.4977590848921262,0.7706096645704835,0.14000595592765575
COc1cn(C)c(-c2cccc(N[C@H]3CCCN(S(C)(=O)=O)C3)c2)cc1=O,7.3,0.8419868231243135,0.7759878168731116,0.23848060359993942
CC1(C)[C@@H](CCC(=O)NC2=NCCS2)[C@@H]1C(=O)NC(=O)NC1CCCC1,7.4,0.6793332917880213,0.6974987806811088,0.17531863279834461
CN(C(=O)Nc1nncs1)N1C(=O)CCCc2sccc21,7.5,0.9199194352696082,0.7563844695246309,0.26092979026942525
Cc1cccc(NC(=O)c2ccc(NCC(=O)N3CCCCC3)c(C)c2O)c1,7.1,0.7378160240809659,0.8724396031192736,0.22851347132460462
C[N+](=O)c1cc(I)c(CNC(=O)c2ccccc2O)cc1Oc1ncc(C(N)=O)cc1Cl,8.3,0.29277637212716656,0.7897958592365042,0.09596193005115364
Cc1ccc(C(=O)c2ccc(F)cc2Cl)cc1-c1ccccc1,7.9,0.5658959043316747,0.916273490050902,0.20481358903066052
O=C(NN=C1CCCCC1)c1csc(NCc2ccc3c(c2)CNC3=O)n1,8.2,0.6916927151495667,0.8025542829376123,0.22759958991821255
COc1ccc(C2=C(O)C(=O)N[C@H]2c2ccc(F)c(N=C3CCCCC3)c2)c(F)c1F,8.7,0.6925587470311048,0.7160955042750657,0.21573311925997574
Cn1nc2c(c1-c1ccc3nc(C(=O)N4CCOCC4(C)C)[nH]c3c1)CCCC2,7.4,0.7259049814138676,0.7717658479743176,0.20728460920597228
CCC(=O)Nc1nc(N2CCc3c(ccn3C)C2)cs1,6.6,0.9440433722074595,0.7846600083393229,0.24444851650196592
O=C(Nc1ccccn1)C1=CC=CC=CC2=CC=CC=C/C(NNC(=O)c3ccc(F)cc3Cl)=C\1C2=O,9.2,0.5032443036781967,0.6143771024497714,0.14222361747435514
CCNc1n[nH+]c(N2CCN(C(=O)CNC(=O)N3CCCC3)CC2)c(C)c1C,7.1,0.7588453035392211,0.7515644327200525,0.20246400472723938
O=C(NCc1ccc2c(c1)CNC2=O)Nc1nncs1,7.6,0.7881380378048353,0.827678734199065,0.24788353553168752
Cc1cccc(NC(=O)c2ccc(N3C(=O)CCCc4sccc43)cc2)c1,7.1,0.673341754686202,0.8708673980600751,0.20816894057761623
O=C1CCCc2sccc2N1c1ncc2c(n1)CCC2,7.0,0.8087872103036347,0.7991072555316193,0.22620770477718422
Cc1cc(=O)n(C2=C(O)C(=O)N[C@H]2C(=O)NNC(=O)[C@@H]2CNC(=O)C2)cn1,8.2,0.35111613766006866,0.6572176384182529,0.09461148470943029
CC(=O)N1CCC(Cc2ccc(S(C)(=O)=O)c([NH+]=CNC(=O)Cc3cccc(F)c3)c2)CC1,8.9,0.464448716903432,0.7540916304072695,0.15585541612577164
Cc1nnc(N2CC[C@H]([C@@H](C)N(C)C(=O)N[C@H](C)C[C@@H](NC(=O)O)C(=O)[O-])C2)s1,0.0,0.518848524889755,0.6248364544696149,0.0
CNC(=O)NC(=O)CC1=NCC(=O)N1C(=O)N1CCC([C@@H](C)O)CC1,7.4,0.6164065338614896,0.7127476109259848,0.16255664521650923
CC(C)Oc1cc(NC(=O)c2ccc3c(c2)CNC3=O)ccc1NC(=O)NC1CCCC1,7.4,0.5480793258082444,0.8426957132286661,0.17088971639611003
CCC(=O)Nc1nc(-c2cn(Cn3nc(C(N)=O)ccc3=O)c(=O)c(C(=O)[O-])c2C)c(C)s1,8.2,0.4603881272353768,0.7437347460361448,0.14038672522385828
CC1=NNC(=O)/C1=N\NCC1CCN(C(=O)c2c(C(=O)c3ccc(=O)[nH]n3)nc[nH]c2=O)CC1,9.3,0.2874408533534164,0.7094428059700921,0.09482412318237075
COc1ncc([C@@H](NC(=O)CC=Cn2cnc(C)cc2=O)C2CCC2)c(C)n1,7.2,0.7867119074560723,0.6904091426473626,0.19553511367339854
COCC(=O)c1ccc2c(ccn2N2CCc3[nH]c(=O)ccc3C2)c1,7.0,0.7380323159482286,0.7769203754675524,0.20068732040478976
Cc1cc(=O)n([C@H](C)[C@@H](O)C(=O)Nc2cccc(O)c2Cl)cn1,7.2,0.7833418687834988,0.7261520295996617,0.20477710363951063
Cc1noc(C)c1CNC(=O)N=C(O)CNC(=O)N1CCCC1,6.7,0.5689497721216504,0.7909009493704287,0.1507442764965593
Cc1cc(CC(=O)NCc2c(C)noc2C)ccc1-c1ccc2c(c1)CNC2=O,7.8,0.7007379979258306,0.8303511980048336,0.22692486806543657
O=C(Cc1cccc(F)c1)N[C@@H](OC1=CC=NC1C1CCCC1)C(=O)NC1CC1,7.8,0.6597891824951031,0.6907242091573909,0.1777356209029173
O=c1ccc2c([nH]1)CCN(c1ccc([C@H]3CC=C(F)C3)cc1I)C2,8.0,0.7143822450635587,0.7122069763664424,0.20351520749063523
Cc1noc(C)c1CNC(=O)c1ccc([C@H]2CC=C(C(=O)N3CCCC[C@H]3C(N)=S)C2)cc1,7.2,0.6298351016280399,0.7189887506399191,0.1630239670183359
CNC(=O)CNC(=O)NC(=O)CN[C@@H](NC(=O)NC1=NCCS1)C(=O)N1CCCCC1,8.1,0.23776314005427088,0.7238567774846146,0.06970311644754458
Nc1cc(F)c(OC(=O)NN=C2CCCCC2)cc1F,7.8,0.6467946217374175,0.8098367675450295,0.20428124563600272
CC[C@H](C)NC(=O)CN(C=O)N[C@H](CNC(=O)N1CCC(C)CC1)C(=O)N1CCCC1,6.9,0.3352500518755584,0.7076677556217931,0.08184974986508882
Cc1cccc(C2(NC(=O)[C@H]3CCN(c4nnc(C)s4)C3)CCC2)c1,7.6,0.9140498292787076,0.7772585981160938,0.2699721737871008
Cc1cnc(-c2ccc(C(=O)c3ccc(=O)[nH]n3)cc2[N+](=O)[O-])nc1C,7.7,0.4315965258467996,0.812306338777542,0.1349766085897924
CCCN(C(=O)c1cccc(F)c1)c1cccc(F)c1,6.5,0.8248602008805582,0.9011106686439305,0.24156935632480517
Cc1cnc(C(=O)NC(=O)CCc2ccc(F)cc2Cl)nc1C,6.8,0.9321690699057963,0.8336289141140186,0.2642082504355228
O=C1C=CC(C2=C(CCC(=O)NC(=O)c3ccc(F)cc3OCl)C=CC2)=N1,8.1,0.8106117906832027,0.7323754329401749,0.2404372252649485
NC(=O)C1=C(CCC(=O)NC(=O)CCCCC(=O)NC(=O)c2ccc(F)cc2Cl)C=CC1,5.8,0.45781910287977007,0.7924126424532874,0.10520667707278009
C[C@@H](O)C1CCN(C(=O)c2ccc([C@H](C)N(C(=O)CO)N3C(=O)CCCc4sccc43)cc2)CC1,7.4,0.6359575659120476,0.6918308207466344,0.16279076657043656
COc1ncc(-c2nc3ccc(-c4ccc(-n5cc(C)cn5)o4)cc3s2)c(C)n1,7.7,0.42783798628892067,0.7796250209298761,0.1284179816208119
Cc1nc(N)ncc1C(=O)N(C)CCn1nc(C(=O)c2ccc3c(c2)CNC3=O)ccc1=O,8.3,0.5071969875403914,0.7856916304072694,0.16537767765248026
COc1ccc(NC(=O)C(NN(C)C(=O)c2cnc(OC)nc2C)=C(C)C)cc1,7.2,0.543552215510449,0.7990306313532078,0.1563533531757896
Cc1cccc(C2(S(=O)(=O)Nc3ccc4c(c3)CNC4=O)CCC2)c1,7.4,0.8839871622169319,0.7992398015969786,0.2614115579334786
Cc1cccc(C2(c3ccc4ncsc4c3)CCC2)c1,7.3,0.6375680896348985,0.8379455777003914,0.19500028683524423
COc1cc(=O)c(NC(=O)Cc2cccc(F)c2)n[nH]1,7.6,0.876092856324785,0.8236263279845899,0.27419779404675915
CN(C(=O)Nc1nncs1)N1CCc2[nH]c(=O)ccc2C1,7.8,0.8499344096565749,0.747466520806682,0.24776603127895364
CN(CCN[C@H](NC(=O)C(=O)Nc1ccccn1)C1CCC1)Cc1ccccc1,6.1,0.4465286299958534,0.7716261081409339,0.10508871042584705
O=C(Cc1cccc(F)c1)N[C@@H](Nc1ccc(C(=O)NC=Cc2ccco2)cc1)C(=O)N1CCCC1,7.8,0.39832873734032703,0.7521750029686589,0.11684903848467043
O=C(NCc1ccc([Se]c2ccnc(C3CCCC3)n2)cc1)c1ccccc1O,8.1,0.5637983067876952,0.8040127563317291,0.1835869174154923
CC(C)[C@H](NC(=O)NCS(=O)(=O)N[C@H]1CCCN(S(C)(=O)=O)C1)c1ccc(O)c([N+](=O)[O-])c1,8.5,0.2759452237210734,0.7041856620618304,0.08258458477500019
Cc1cnc([C@@H](C)N(C)C(=O)N[C@H](C)C2CCCN(CCCC(=O)Nc3ccccc3)C2)nc1C,6.4,0.5579979143033319,0.7056237623673357,0.12599570805882984
CCC(=O)Nc1nc(-c2ccc(C3(c4cccc(C)c4)CCC3)cc2)c(C)s1,7.9,0.5596692603719237,0.8458834200618246,0.18699890448641546
Cc1cc(=O)n(-c2ccsc2N2CCc3[nH]c(=O)ccc3C2)cn1,7.2,0.7728363355257918,0.7601440325555497,0.2114880942931305
CC1=C(NC(=O)c2ccc(F)cc2Cl)S(=O)(=O)NC1=N,7.2,0.767395742079933,0.7637832635019027,0.21100464874197924
CN(C)C(=Nc1cccc(NC(=O)Cc2cccc(F)c2)c1)n1cnc2c(c1=O)CCCC2,8.4,0.4901664280506756,0.7876861831718038,0.1621608755886812
CC(C)(C)C=Cc1nn(N2C=C(F)CC2=O)c(OC2CCCC2)cc1=O,7.1,0.8253396717717445,0.6819315524527556,0.19980293310361447
Cc1ccnc(C(=O)NNC(=O)c2ccc(Br)c(F)c2)c1,6.6,0.8155975422782805,0.8784679796926237,0.2364371873184652
COc1cc(=O)c(-c2ncc(C)c(C)n2)nn1-n1cc(-n2cnc3c(c2=O)CCCC3)ccc1=O,8.7,0.433045733624245,0.7112867824561975,0.13398857233879813
CS(=O)(=O)N1CCC[C@H](NNCC(=O)N2CCCC2)C1,6.3,0.645220238235071,0.7663634715088126,0.15575906482339522
Cc1cccc(C2(c3scc(C(=O)N4[C@H](C(=O)[O-])[C@H](NCC(=O)N5CCCCC5)C[C@H]4C(=O)O)c3C)CCC2)c1,6.5,0.5012081447556621,0.624933542601206,0.10179707898188856
O=C(CCc1ccc(-n2cnc3c(c2=O)CCCC3)cn1)N1C(=O)Cc2ccccc21,7.9,0.655058790150912,0.7972214688305027,0.20627963768750462
CCCn1nc(-c2ccc(C(=O)Nc3cccc(-n4cnc(C)cc4=O)c3)c(Cl)c2)nc1C,7.0,0.4572431361084073,0.822334121506633,0.13160232142632572
Cc1ncn(-c2cccc(NC(=O)c3ccc4c(c3Cl)CCC(=O)N4)c2)c1N,8.3,0.6305734105073418,0.813471540801844,0.21287571239114367
NC(=O)c1ccc(C(=O)c2ccc(F)c(C(=O)NCc3ccc4c(c3)CNC4=O)c2)nc1,8.9,0.5106740944100313,0.8289898918705371,0.18838792972619506
O=C1N[C@@H](c2cccc(N3CCOCC3)c2)C(c2ccc(F)c(F)c2F)=C1O,8.4,0.791190836813631,0.7631985716539287,0.2536110009559727
CCCn1nc(N2C(=O)CN=C2c2ccc(OC(N)=O)cc2)nc1N1CCCC1N,7.3,0.7143269390731195,0.6957648165367931,0.18140629637469677
Cc1cccc(C2(N/N=C3/C=NN(C)C3=N)CCC2)c1,7.6,0.8264430207618179,0.7283686356768977,0.22874296668885213
NC(=O)c1ccc(C(=O)c2ccc3c(c2)CC(=O)N3C=O)nc1,8.9,0.6512118922896328,0.8014290743704289,0.23224556410522965
CC1CCN(C(=O)NC[C@H]2NC(=O)N[C@]2(F)CNC(=O)[C@@H]2CNC(=O)C2)CC1,7.7,0.38126061074303463,0.638312417476178,0.09369490212075475
Cc1cc(=O)n(-c2cc(Cl)ccc2OCCCC(=O)Nc2ccccn2)cn1,7.2,0.6163380256511186,0.8459307642682512,0.18769654695118887
COc1cc(=O)[nH]nc1C(=O)c1ccc(C(N)=O)cn1,7.0,0.7233416132267559,0.8258179963162582,0.2090719825904813
Cc1noc(C)c1CNC(=O)N1C(=O)C[NH+]=C1C(=O)NC(=O)NC(=O)c1ccccc1,8.6,0.4604019260801238,0.7484565354176625,0.14817405711222575
O=C(c1ccc(NCC(=O)N2CCCCC2)cc1)c1ccc(=O)[nH]n1,7.7,0.8029314573606257,0.8590624694846467,0.26556078802604327
C[C@H](NC(=O)N1CCOCC1)c1cccc(-c2ccccc2)c1,7.6,0.9430924797442137,0.8582109048308495,0.30756145514457145
COc1cn(C)c(OCCOc2ccccc2N2C(=O)CCCc3sccc32)cc1=O,6.0,0.5211564050923589,0.791891694509942,0.12380982861998936
C[C@@H](NC(=O)N(C)[C@H](C)C(=O)N1CCOCC1(C)C)NC(=O)C(C)(C)C,6.1,0.7267860909307762,0.6828189668944046,0.15136031496758548
C[C@H]1Oc2c(CC(=O)N[C@H](c3ccc(O)cc3)C3CCC3)cccc2[C@H]1O,8.6,0.7567154349298135,0.7252024383229174,0.23597190776690571
Cc1cc(CC2CCCC2)cc(Pc2cc3cc(C)ccc3[nH]2)c1,6.8,0.6349824414554119,0.729589151872096,0.15751394231114313
COc1cc(=O)c(NC(=O)Cc2cccc(C=Cn3cnc(C)cc3=O)c2)n[nH]1,7.9,0.6542928836367613,0.7548425676108373,0.19508580750027932
Cc1cnc(-c2ccc(SC(=O)NCc3c(C)noc3C)cc2)nc1C,7.4,0.6889392130975049,0.808383188678022,0.20606294481896267
CC1=C([C@H]2CCN(c3nnc(C)s3)C2)S(=O)(=O)N/C1=N\C[C@H](C)N(C)S(=O)(=O)N1CCCCC1,6.9,0.5620575705332604,0.6256963213378256,0.1213286872206441
C[C@H](Nc1cc(CNC(=O)c2ccccc2O)ccc1Cl)c1ccc2c(c1)CNC2=O,8.7,0.46184355811966826,0.795858551859665,0.15988953322761287
CS(=O)(=O)c1ccc(-c2nc3ccc(CNC(=O)N4CCCC4)cc3s2)cc1,7.9,0.7050684926432745,0.8696374950374819,0.24219582911999946
CC[C@H](OC)c1cnc(N2CCc3[nH]c(=O)ccc3C2)c(Cl)c1,6.3,0.9337667232356757,0.7409571593570351,0.2179425587065124
CO[C@@H](CC1=CC=C(F)C(F)C1)c1cnc(N2CCc3[nH]c(=O)ccc3C2)c(Cl)c1,7.9,0.7491340600817151,0.6387267042838829,0.1890043120588053
NC(=O)c1cnc(Oc2ccccc2NCN2CC(n3cnc4c(c3=O)CCCC4)C2)c(Cl)c1,8.8,0.5336826335527126,0.7771888838183608,0.18249977252499344
CC(C)[C@@H](Cc1ccccc1-c1ccccc1)C(=O)NCc1ccnc(C2CCCC2)n1,7.6,0.48448270367843166,0.789051414456558,0.1452670697945375
NC(=O)c1ccc(C(=O)C(=O)NC(=O)CCC(=O)C2=CCOC2)nc1,6.9,0.49115966833081504,0.7710101376377494,0.1306477338012393
Cc1cnc(CC(=O)NC(=O)c2ccc(-c3ccc(=O)n(Cc4ccc5c(c4)CNC5=O)n3)cc2Cl)nc1C,8.7,0.38212370390888717,0.7818720357663038,0.1299657496560638
O=C1N[C@@H](c2ccc(F)c(O)c2)C(c2ccc(C(=O)N3CCOCC3)c(F)c2F)=C1O,9.4,0.6893821451652052,0.7438651586249926,0.24101945862027993
Cc1ccc2[nH]c(N=C(O)N[C@H]3C(CNC(=O)N4CCCC4)OC(=O)N3c3cccc(F)c3)cc2c1,8.4,0.31652044776657323,0.6669668429324028,0.0886656303835772
C=CO[C@](Cl)([C@H]([C@@H](C)C(N)=O)N(C)C(=S)NCc1cccc2c1O[C@H](C)[C@@H]2C)[C@@H](C)[C@H](C)CC,0.0,0.24403611867249764,0.5523021028431265,0.0
COc1cc(=O)n(N2CCc3[nH]c(=O)ccc3C2)nc1-c1ccc(S(=O)(=O)NC(=O)c2ccccc2O)cc1,9.3,0.31978193210005496,0.7594934343677024,0.11293560920462573
O=C1NCc2cc(C3=NCC(=O)N3c3ccc(F)c(O)c3)ccc21,7.4,0.8791384968970343,0.7863365009141307,0.2557805151035012
Cc1ccc(C2=C(c3ccc4c(c3)CNC4=O)C(=O)N[C@H]2c2c3c(nn2C)CCCC3)cc1F,9.2,0.6300641367698953,0.7040886307185887,0.20406565784867434
O=C1Cc2cc(NC(=O)c3ccc(F)cc3Cl)ccc2N1,7.8,0.8946898781792055,0.8881517228927316,0.3099019391362243
NC(=O)c1ccc(=O)n(C(=NC(=O)S)c2cccc(-c3ccnc(C4CCCC4)n3)c2)n1,7.4,0.3581555338888053,0.7539479532962906,0.09991133374276584
O=C1C[C@H](C(=O)NCc2ccc(NC(=O)Cc3cccc(F)c3)cc2)CN1,6.9,0.7251102433637189,0.8268417735830683,0.2068452466848071
Cc1cccc(NC(=O)[C@@H](C)N(C)C(=O)N[C@H](C)S(=O)(=O)NNC(=O)N[SH](=O)=O)c1,7.0,0.20982512107148676,0.6561334354826917,0.04818564713872221
CS(=O)(=O)N1CCC[C@H](NN2CCc3ccccc3C2)C1,7.0,0.9039877390203588,0.7720201112173516,0.24426385018616686
CCCn1nc(S(=O)(=O)c2cnc(Oc3cc(F)c(N)cc3F)[nH]2)nc1C,7.8,0.6090859112144726,0.729187852242068,0.17321383849745983
CCCNC(=O)[C@@H](CC)ONC(=O)c1ccc(F)cc1Cl,6.5,0.7592681466845934,0.7953801921890113,0.19626972444072058
Cc1cc(=O)n(-c2cccc(OC(F)(F)c3cccc(NC(=O)c4ccc(Br)c(F)c4)c3)c2[O-])cn1,8.7,0.36295916375934273,0.7755764579228808,0.122453623430618
CC1=C(C2CCC(C)CC2)S(=O)(=O)NC1=N[C@H](C)NC(=O)N1CCOCC1,7.5,0.7570473917584414,0.6820212527705477,0.19362090395016293
Cc1cccc(NC(=O)S(=O)(=O)NS(=O)(=O)[C@H]2NC(=O)CS2)c1,7.1,0.6649716043443625,0.6977104863278311,0.16470496981876262
CC[C@@H](O)C(=O)N[C@@H](CC)c1cc2cc(C)ccc2[nH]1,6.6,0.7846409677291459,0.7404418592265201,0.19172373560031936
Cc1cnc(C2=C(O)C(=O)N[C@H]2CN(C)C(=O)C=O)nc1C,7.4,0.5735963822375333,0.6812670910680299,0.14458576534642073
Cc1noc(C)c1CNC(=O)N(C)C(=O)CC(=O)NC[S+]([O-])CC(=O)NNC(=O)NCC(C)(C)C,7.5,0.1653656508781456,0.652419822198897,0.04045793570389673
COc1cc(CCc2ccc(C(=O)NC(=O)CCc3ccccc3)c(Cl)c2)ccc1C,7.6,0.5197868985174091,0.885159844898879,0.1748359063794129
Cc1nc(C2=NCCN2Oc2cc(F)c(N)cc2F)ncc1CCc1ccccc1,8.5,0.6310005334523853,0.776683803557812,0.20828735510674296
COC1=C(c2ccnc(-c3ccnc(C4CCCC4)n3)n2)C=C2CNC(=O)C21,7.8,0.8835346960912323,0.6910946720647869,0.23813638721068223
Cc1cccc(NC(=O)c2cn(CNC(=O)[C@@H]3CNC(=O)C3)c(=O)o2)c1,7.6,0.7052327978825141,0.7461762557307708,0.19996662804615375
CC(=O)NCc1cccnc1NC(=O)c1ccc(CNC(=O)N2CCCC2)cc1,7.7,0.6979959982460134,0.8702703892162081,0.23386642088999182
CCNc1n[nH+]c([SH]2CCC[C@H](c3ccnc(C4CCCC4)n3)C2)c(C)c1C,6.3,0.7333703898444393,0.57135011776817,0.13198854646067237
C[C@@H]1CCCN(C(=O)COc2cccc(C(=O)N3CCCC[C@H]3C(N)=S)c2)C1,6.5,0.7650874095746091,0.7795666155382546,0.19384189580372774
NC(=O)c1ccc(=O)n(-c2ccc(N3CCc4[nH]c(=O)ccc4C3)cc2-c2ccncc2)n1,8.7,0.4967604878960195,0.7921433836197321,0.1711749071727857
CC1=C([C@H](C)NC(=O)N2CCOCC2)S(=O)(=O)N/C1=N\n1c(=O)[nH]c2ccc(O)cc2c1=O,8.3,0.44613035473733365,0.6765654842111791,0.12526210578178024
O=C(N[C@H]1C([O-])=NNC(=O)N1N1C(=O)CCCc2sccc21)c1ccc(F)cc1Cl,8.0,0.737737928822062,0.6729801386656447,0.1985931894550307
CCNc1n[nH+]c(-c2ccc(Cl)c(NC(=O)NC(=O)Cn3nc(C(N)=O)ccc3=O)c2)c(C)c1C,8.2,0.3779788432334347,0.7366138755020405,0.11415402883450301
CC(C)CNS(=O)(=O)CCOCCNC(=O)N[C@H](C)N[C@H]1CCCN(S(C)(=O)=O)C1,5.2,0.20389929023259434,0.7033391214672806,0.037286690391598695
O=C1CCCc2sccc2N1c1ncc2c(n1)CCC2,7.0,0.8087872103036347,0.7991072555316193,0.22620770477718422
CC1(C)COCCN1C(=O)c1ccccc1OCC(=O)Nn1nc(C(N)=O)ccc1=O,8.1,0.6433013126736592,0.7890028681546928,0.20556446521881436
CC[C@H](C(=O)NC)C(=O)NN(CCCO)CCC(=O)NCC(=O)NC(=O)Cc1cccc(F)c1,6.5,0.16857284070126255,0.7370284207810925,0.04037896673480612
NC(=O)NC(=O)[C@H](NN1CCc2[nH]c(=O)ccc2C1)c1ccc(-c2ccc(F)cc2)cc1,9.9,0.48851695187133315,0.7505358998636241,0.18149150748533596
CCCn1nc(-c2ccc(C)c(CNC(=O)N3CCC(C)CC3)c2)nc1C,7.2,0.8689085994058051,0.838388185976612,0.2622537735967122
CC1CCN(C(=O)NCc2c[nH]cc(C(O)=NC(=O)c3ccc(F)c(O)c3)c2=O)CC1,8.7,0.4360659191174247,0.769110560462385,0.14589156300116218
CCC(C)(C)c1ccc(OC(F)(F)F)c(NC(=O)OC(C)(C)C)c1,5.7,0.7688061723685369,0.8528045712688235,0.18685780419143896
NC(=O)c1cnc(Oc2cccc(CNC(=O)[C@@H]3CNC(=O)C3)c2)c(Cl)c1,7.9,0.6892894512309435,0.7858046238906555,0.21395050100064955
CSc1nc(C(=O)NN2CC[NH+](C)CC2)[nH]c1C1=NNC(=O)/C1=N\NNCC(=O)N1CCCCC1,8.6,0.12268672835693933,0.6139985742199892,0.03239167480335662
NC(=O)c1cnc(ON2C(=O)Cc3ccccc32)c(Cl)c1,7.7,0.935140424877587,0.8123767554872556,0.2924792425505057
CCC(=O)Nc1nc(-c2ccc(NC(=O)c3ccccc3)cc2)c(C)s1,6.7,0.6871555795909529,0.9029899781861815,0.2078656916114914
O=C(Nc1ccc2[nH]cc(CC3=CNCC4=CC=CSC43)c2c1)c1ccc(F)cc1Cl,9.2,0.46967726882655464,0.6956802729163861,0.15030279685754497
CC1=CCN(C(=O)c2cc(C3(c4cc(C)cc(C)c4)CC3)cc(C#N)c2C)C1,8.1,0.7164525514894189,0.7641744530794399,0.22173536836017732
CCNc1n[nH+]c(S(=O)(=O)c2ccc(-n3cnc4c(c3=O)CCCC4)cc2)c(C)c1C,8.1,0.6516264153565307,0.7296258484355721,0.19255460784785336
CCCn1nc(-c2ccc3c(c2)CCCN3C(=O)N2CCOCC2(C)C)nc1C,7.1,0.7931136942943394,0.7853913480986423,0.22113114491285063
Cc1cnn(-c2ccc(N3CCC(C(=O)NNn4cc(-c5ncc(C)c(C)n5)cn4)CC3)o2)c1,8.0,0.42064116316225353,0.7219377889632894,0.12147070051212144
C[C@H](NC(=O)N1CCOCC1)S(=O)(=O)N1CCC(C2=CC=C(O)C2)CC1,6.6,0.7572799907995118,0.7008841587866192,0.17515263127476
CNCC1=CC=C(NC(=O)C(NC(=O)c2cc(C)ccn2)=C(C)C)C1,7.2,0.6914903887628218,0.7417996582620527,0.18466104026727184
NC(=O)c1ccc(=O)n(Cc2cnc(N3C(=O)COC3=O)c(Cl)c2)n1,7.2,0.8013482611435535,0.7967715646165677,0.22985694282028138
C[C@H](NC(=O)N1CCOCC1)N(C)[C@H]1CCC=C(C2=CC=CC2)C1,7.7,0.8057105104940583,0.6600303947057021,0.20474046911007154
CC(=O)NCC1=CC=C(C2(c3cccc(C)c3)CCC2)C1NC(=O)C(NC=O)=C(C)C,7.7,0.44550686075187096,0.6728576283713886,0.11540863555324427
C[C@H](NCl)c1ccc(OCC(=O)N2CCC[C@@H](N3CCc4[nH]c(=O)ccc4C3)C2)cc1,8.0,0.6695367568713148,0.7214059699290432,0.1932031253975587
CC1=C(C)C(c2ccccc2-c2ccc(F)c(O)c2)C2=C1NC(C)C(C(=O)NC1=NCCS1)C2,9.6,0.574928404295598,0.6346625829452773,0.17514506211784842
CCNc1n[nH+]c(-c2ccccc2-c2ccc(F)c(O)c2)c(C)c1-c1ccccc1C1=CC[C@@H](C)C1,7.8,0.30448274192238234,0.6817148633696469,0.08095246021513261
CCNc1n[nH+]c(-n2cnc3c(c2=O)CCCC3)c(C)c1C,7.2,0.9288070445961709,0.7033984248838537,0.2351957083883906
CCCNC(=O)[C@@H](CC)OC(=O)N1CCCC[C@H]1C(N)=S,5.5,0.726824561658442,0.7598743844530497,0.15188122575878074
Cc1cc(Oc2ncc(C(N)=O)cc2Cl)ccc1NC(=O)c1ccc(F)cc1Cl,8.0,0.5924386069134379,0.8652304147027697,0.20503836061825803
CC1=C(c2ccc3c(c2)OCO3)S(=O)(=O)NC1=Nc1ccc2c(c1)CC(=O)N2,7.8,0.8088767142397838,0.7472236488836356,0.23572060586539026
Cc1cc(=O)n(-c2ccccc2-c2ncc(C)c(C)n2)cn1,7.0,0.7281768917468817,0.8337956953553175,0.21250276522851771
O=C(Nc1cccc(NCC(=O)N2CCCCC2)c1)c1ccc(F)cc1Cl,8.5,0.8068663947261587,0.891517117571333,0.30571746105886133
C[C@@H](S)[C@@]1(O)C(=O)O[C@](C)(c2ccc(F)c(O)c2)C(=O)O[C@H]1NC(=O)c1ccc(F)cc1Cl,0.0,0.3747655594114894,0.6083390012816916,0.0
CNC(=O)CN(C(=O)c1nc(O)c(-c2ccc(F)c(O)c2)[nH]1)c1ccccc1F,8.2,0.5216111466170977,0.7827627223950775,0.1674020820746231
CCN(CC(=O)[C@H]1CCCN(S(C)(=O)=O)C1)c1cccc(N[C@H]2CCCN(S(C)(=O)=O)C2)c1,7.4,0.5486565401332163,0.7245088408061631,0.14707741014027556
CC1=CCN(C(=O)NCN2CCC(NC(N)=O)(C3=C(F)CCC=C3)CC2)CC1,7.9,0.6428496635455585,0.7133038679683483,0.1811261248540333
CNC(=O)NC(=O)CSC(=O)c1ccc(C(N)=O)cn1,7.1,0.6866875818744244,0.8251190426773045,0.20114264506198945
CCNc1n[nH+]c([C@@](C)(Nc2ccc(-c3cccc4c3O[C@H](C)[C@@H]4C)cc2C#N)C(F)(F)F)c(C)c1C,0.0,0.409142011893864,0.593391990139638,0.0
Cc1cc(=O)n(S(=O)(=O)c2ccc(O)c(Oc3cccc(Oc4ncc(C(N)=O)cc4Cl)c3[O-])c2)cn1,8.1,0.3497950877434427,0.7530185395872535,0.10667788538158178
Cc1cnc(Nc2ccc(NC(=O)c3ccc(F)cc3Cl)cc2)nc1C,7.1,0.6863269265311064,0.8822426196580009,0.2149549372896428
Cc1cc(Oc2cc(F)c(N)cc2F)ccc1-c1ccc(F)c(O)c1,8.2,0.6448345156847464,0.8555118098785521,0.22618205287010296
COc1ncc(-c2cccc(CCC(=O)NC3=NCCS3)c2)c(C)n1,7.8,0.8910791750798788,0.8179453754675525,0.28425309526849113
O=C1C[C@H](C(=O)NCN2CCc3ccccc3C2)CN1,7.6,0.8299493680748846,0.7855528993223783,0.2477482703051605
CCNc1n[nH+]c(N2C(=O)CC3=NC(C(=O)N4CCC([C@@H](C)O)CC4)=NC(=O)C23)c(C)c1C,7.4,0.6411412503705894,0.5781651383547682,0.13715364229842056
CCC(=O)Nc1nc(-c2nc3ccc(C(=O)Nc4ccc(OC(=O)O)cc4)cc3s2)cs1,7.4,0.265686275676047,0.8468652821213117,0.08325017863827777
CNc1ncc([C@@H](NC(=O)Cc2cccc3c2O[C@H](C)[C@@H]3C)C2=CCCC2)c(C)n1,8.6,0.7026265045086876,0.6646883466156377,0.2008218893151879
NC(=O)c1cnc(Oc2cccc(-c3ccccc3NC(=O)Cc3ccnc(C4=CC=CC4)n3)c2)c(Cl)c1,8.9,0.3096143627410419,0.7907928956761336,0.10895417311243467
Cc1cc(=O)n(N(C)CCC(=O)[C@H](C)NC(=O)S(C)(=O)=O)cn1,6.2,0.718938131654814,0.6801919917041751,0.15159494750153357
CCOc1cc(F)c(-c2ccnc(C3CCCC3)n2)cc1-c1nc(NC(=O)CC)sc1C,8.3,0.46535331648762507,0.806884724217677,0.155826890211728
Cc1ccc(NC(=O)Cc2cccc(F)c2)c(C=NN2C(=O)CCCc3sccc32)c1,8.3,0.5682913713360787,0.8070951517268823,0.19034606238803173
O=C(CNc1ccc(N2CCc3[nH]c(=O)ccc3C2)cc1)N1CCCCC1,7.7,0.8716846266562451,0.8414343218860059,0.28238416465064725
NC(=O)c1ccc(C(=O)c2ccc(S(=O)(=O)N3CCc4[nH]c(=O)ccc4C3)cc2)nc1,8.8,0.5653421993305965,0.8235388457830521,0.20485575541603554
Cc1ccc(NC(=O)c2cccc3c2O[C@H](C)[C@@H]3C)cc1N1C(=O)CCCc2sccc21,0.0,0.5214929862826699,0.7316696199412793,0.0
Cc1cn(C)c(-c2ccc3c(c2)C(=N)C(=O)N3C(=O)Cl)cc1=O,7.8,0.6439545385860063,0.7449481035267563,0.1870879577880662
C[C@@H]1CCCN(C(=O)COC(=O)NN=c2cc2CNC(=O)N2CCCC2)C1,7.0,0.7361571921302363,0.7566189963602912,0.19494668055554631
Cn1c(-c2ccc(-n3cc(N4C(=O)CCCc5sccc54)cn3)o2)cc2c1CCNC2,7.7,0.5263584281452341,0.7198028288380168,0.14586659994124354
NC(=O)c1cnc(Oc2ccc(NC(=O)c3ccc(F)cc3Cl)cc2)c(Cl)c1,7.7,0.6273553488210957,0.8765038954319591,0.21170357171877985
Cc1cccc(C2(c3c(C)cc(-c4cccc5c4O[C@H](C)[C@@H]5C)cc3C(=O)[O-])CCC2)c1,8.3,0.5396204183865037,0.6877097103607991,0.15400741367784263
COc1cc(=O)n(N/N=C\c2ccc(NC(=O)C(C)(C)CO)cc2)nc1CNC(=O)N1CCCC1,7.4,0.3066691446705048,0.7671623481603347,0.08704805781948596
Cc1noc(C=C2C=CC=C(O)C(O)=CON=C(C3=NCC(=O)N3c3ccc4c(c3)CNC4=O)CCC2)c1C,8.2,0.5359050780683158,0.6039273404086877,0.13269556868881632
CC(C)CCCS(=O)(=O)S(=O)(=O)NS(=O)(=O)Oc1ncc(C(N)=O)cc1Cl,6.5,0.4558838166999493,0.7438939407481563,0.11021699290167651
CC(=O)N(CS(=O)(=O)NS(=O)(=O)Cn1nc(C(N)=O)ccc1=O)C(=O)C[S+]([O-])Cc1cc(Br)cs1,7.6,0.27764489044185403,0.6146955872940169,0.06485349381594861
Cc1cc(C)cc(C2(c3cccc(OC(F)(F)n4nc(C(N)=O)ccc4=O)c3)CC2)c1,8.0,0.6534886409913163,0.7762050485187885,0.20289647291485674
CC1=C(c2ccc(-n3cc(C)cn3)o2)S(=O)(=O)NC1=N,7.2,0.873472353752118,0.6919477865260484,0.21758301423737117
C[C@@H]1CCCN(C(=O)CON2CCN(C(=O)c3ccc(C(N)=O)cn3)CC2)C1,7.5,0.7666191802088743,0.7757662444874245,0.22301898089349995
CC(C)Cc1cc(CCC(=O)NC2=NCCS2)ccc1C(=O)c1ccc(=O)[nH]n1,8.8,0.6795285446444561,0.7922403162037079,0.2368739599945706
CCNc1n[nH+]c(-c2ccc(C(=O)N3CCCC[C@H]3C(N)=S)cc2)c(C)c1C,7.2,0.7566493619854503,0.7008207797282303,0.19089921450510405
O=C(Oc1ccccc1)C1=C(Cl)c2ccccc2C1=O,6.8,0.4819184583767087,0.873072693899377,0.14305494787622788
O=C(CCl)Nc1ccccc1-c1ccc(C(=O)Nc2ccnc(C3CCCC3)n2)cc1OCO,8.0,0.32152253515794466,0.8179900652584229,0.1052008958063603
C[C@H](NC(=O)O[C@@H](C)CNC=O)NC(=O)N(C)[C@H](C)N1C(=O)CCCc2sccc21,6.9,0.4198816386037694,0.6273078521889739,0.09087129186571055
C[C@@H]1c2cccc(COc3ccc(NCC(=O)N4CCCCC4)cc3)c2O[C@@H]1C,6.9,0.7794862177165325,0.7716556337568876,0.2075157513111995
Cc1nc(-c2ccc(-c3ccc(F)c(O)c3)cc2)nn1Cc1ccnc(C2CCCC2)n1,9.1,0.4681916265062557,0.8135422161054419,0.1733066122924093
CCNC(=O)N(C)[C@H](C)C1(C2=CC=CC2Oc2cc(F)c(N)cc2F)CCC1,7.2,0.7202448385702809,0.6505423829753475,0.16867792569931378
CCNc1n[nH+]c(-c2cccc(Oc3cc(F)c(N)cc3F)c2)c(C)c1C,8.4,0.6572391584748734,0.74475694441116,0.20558303951350573
CC(O)=Nc1ccc(N2CCc3c(cc(CNC(=O)c4ccccc4O)n3C)C2)cc1,8.2,0.43389214908637186,0.8002032015422356,0.14235277359741186
CC(=O)NCc1cccnc1NCC(=O)N1CCCC1,6.7,0.832086562255917,0.8690708045606456,0.24225261627149028
NC(=S)[C@@H]1CCCCN1C(=O)N[C@@H](C(=O)N1CCCC1)C1(C=O)CCC1,5.9,0.5518411455394101,0.6939381115557136,0.1129683627122362
Cc1noc(C)c1CNC(=O)C=C1SC(=N)N(C(=O)Nc2cc(Cl)ccc2Cl)C1=O,7.4,0.5852950241182872,0.7789836857516248,0.1686960518017073
Cc1cccc(NC(=O)c2cccc(CNC(=O)N3CCC(C)CC3)c2)c1,7.8,0.8533752356592623,0.9002182164724322,0.2996073337244998
Cc1nnc(N2CC[C@H](n3nnc(NC(=O)c4ccc(C(=O)c5ccc(C(N)=O)cn5)nc4)c3C(C)(C)C)C2)s1,7.9,0.31957882120743736,0.7001017945823791,0.08837639396395003
O=C(Nc1ccc(C2=CCC[C@H](O)C2)cc1)NC1CCCC1,6.4,0.7971638228742532,0.8084699267916281,0.20623455280642622
O=C(NCN1CC(CN2CC(n3cnc4c(c3=O)CCCC4)C2)C1)N1CCCC1,7.4,0.7866856551657053,0.7775502780021211,0.22632443045351872
CC(=O)NC1CCN(N(C)[C@H](C)NC(=O)N2CCOCC2)CC1,7.4,0.7007700225607775,0.7422742192682779,0.1924605029116784
CCC(=O)Nc1nc(-c2cccc(Oc3cccc(NC(=O)c4ccc(Br)c(F)c4)c3)c2)cs1,8.0,0.2620410181285201,0.8595903112569014,0.09009916813406799
CC(=O)N1CCC(Cc2ccc(Cl)c([N+](=O)[O-])c2N[C@H]2CCCN(S(C)(=O)=O)C2)CC1,7.4,0.50274805212217,0.7482315650229724,0.1391836258851002
C[C@@H]1CCCN(C(=O)COC2=CC=C(NC(=O)c3ccc(Br)c(F)c3)C=CC(=O)NC2=O)C1,8.2,0.5813709386905025,0.6767329026444391,0.16130746556978984
O=C(CCN1C(=O)Cc2ccccc21)NC1=NCCS1,7.0,0.9088011937108159,0.8329946493184285,0.2649592860793586
CCC(=O)Nc1nc([C@@H](NNC(=O)/C(C#N)=C/NC(=O)CSC(=S)N(C)C)C(=O)NC(N)=O)cs1,7.0,0.09569662270834431,0.6644649447725026,0.022255467892985256
CN1CC(=O)N([C@@H]2NC(=O)C(O)=C2c2ccc(F)c(O)c2)CC1=O,7.8,0.678456740791337,0.7127168948983006,0.18858355683165295
Cc1cccc(C2(C(=Nn3cc(C(=O)N4CCCC[C@H]4C(N)=S)ccc3=O)c3ccccc3)CC2)c1,8.2,0.4029861450087934,0.7263903469760845,0.12001735073679176
CCc1ncc(C(=O)N(C)CNC(=O)N2CCCC2)c(C)n1,6.6,0.8473812209795436,0.8108011178017234,0.226729021587553
Cc1cc(C)cc(C2(C3=C(NC(=O)c4ccccc4)C(C)C(C(=O)N4CCC(C)CC4)=C3)CCS2)c1,9.3,0.5353489595725616,0.6804609015989116,0.1693920766008648
Cc1cc(=O)n(NC(=O)c2ccc([C@H]3CCN(c4nnc(C)s4)C3)cc2)cn1,8.4,0.7258875897683161,0.7577832649353309,0.23102749645528256
COCCN(C)C(=O)c1nn(CC2CCN(C(C)=O)CC2)c(OC)cc1=O,6.8,0.6721368377515198,0.8081092659634815,0.18467440223801473
COc1cn(C)c(N2CCN(c3ncccc3CNC(C)=O)CC2)cc1=O,6.4,0.8356639017899713,0.8167839349644663,0.21841819200376708
COc1ccc([C@@H](NNC(=O)Cc2cccc(F)c2)C(=O)NC(N)=O)cc1[N+](=O)[O-],7.8,0.3633555946076649,0.7831496151241455,0.11097909968737715
CS(=O)(=O)Cc1ccc(N2C(=O)C[NH+]=C2c2ccnc(C3CCCC3)n2)cc1,7.1,0.792581590738245,0.7444149950374821,0.20945341543235463
C[C@H](Cn1nc(C(N)=O)ccc1=O)NC(=O)NCCOCC1CCCC1,6.4,0.5399568552780675,0.7786348437181262,0.13453735091967006
CC(=O)N1CCC(CS(=O)(=O)Nc2ccnc(C3CCCC3)n2)CC1,7.3,0.861721505908865,0.8189615876982015,0.25758663661097536
COc1cc(=O)n(-c2cccc([NH+](C)C)c2)nc1[C@H](C)NC(=O)N1CCOCC1,7.6,0.7416048554922174,0.6878320464239808,0.19383784244864555
Cc1nnc(N2CC[C@H](c3ncccc3C(=O)NC3=NCCS3)C2)s1,7.8,0.8854579366689169,0.7391308936384375,0.255243033243644
Nc1cc(F)c(Oc2cc(C=NN3CCc4[nH]c(=O)ccc4C3)cc([N+](=O)[O-])c2)cc1F,8.5,0.2706569757285548,0.7634608320414772,0.08782029995220975
CNC(=O)[C@@H](NN[C@H]1CCCN(S(C)(=O)=O)C1)C(=O)N1CCCCC1,6.8,0.3903018235378429,0.7131312823965974,0.09463438958003259
Cc1ccc2[nH]c(-c3ccc(N4C(=O)CCCc5sccc54)cc3)cc2c1,7.5,0.44628572513546483,0.837758762002851,0.14020491622088688
COc1ncc(C(=O)NC2(c3cccc(C)c3)CCC2)c(C)n1,7.9,0.9427049015000672,0.8344545551396594,0.31072453768763997
COc1cccc(-c2nc3ccc(N4C(=O)CCCc5sccc54)cc3s2)c1,7.2,0.41681686972923315,0.8364066038554933,0.12550621767836595
Cc1cc(=O)n(-c2cc(-c3c4c(nn3C)CCCC4)ccc2Br)cn1,7.7,0.662098730531367,0.7925340687382882,0.20202328331357472
Cc1ccc(Oc2cc(F)c(N)cc2F)c(C(=O)c2ccc(C(N)=O)cn2)c1,8.0,0.5186720784482417,0.8411952323002192,0.17452179180716249
Cc1nnc(N2CC[C@H](c3ccc(Oc4ccccc4CNC(=O)c4ccccc4O)cc3)C2)s1,9.2,0.37014204128227113,0.7942337423078835,0.13523047737122473
C/N=C(/CCC(=O)NCC(=O)c1cccc2c1O[C@H](C)[C@@H]2C)c1ccc(C)c(C)c1,7.9,0.5478238727459709,0.7227256270337058,0.15639090901407413
CC(=O)c1cc(C(=O)NC2=NCCS2)cc(S(=O)(=O)CNN2CCCC[C@H]2C(N)=S)c1,7.1,0.38484601357082354,0.702042439483669,0.09591327313845327
Cc1noc(C)c1CNC(=O)C1=CCC(c2ccc3c(c2)CNC3=O)C=C1,8.3,0.8748203463680034,0.7247858295271244,0.263133817028259
CCN(CC(=O)Cc1c2c(nn1C)CCCC2)c1cccc(N[C@H]2CCCN(c3ccccc3F)C2)c1,6.6,0.43738062357127466,0.7379040081783828,0.1065058220268253
COc1ccc(N)cc1C1=C(O)C(=O)N[C@H]1C(=O)NC1=NCCS1,7.6,0.5807780157424774,0.7095567359298295,0.15659608219701346
Cc1cnc(-c2ccc(C(=O)N3CCC([C@@H](C)O)CC3)cc2)nc1C,6.8,0.9334169750395783,0.8087683736926299,0.2566721638191503
CC(C)=C(NC(=O)C(=O)c1ccc(C(N)=O)cn1)C(=O)Nc1cc(C(C)(C)C)ccc1C,8.6,0.36385027788600516,0.798294205596027,0.12489761447258793
CCCn1nc(N2C(=N)S/C(=C/C3CC(=O)N3)C2=O)nc1C,6.4,0.6301310090562062,0.6707992857659871,0.13526125786044926
Cc1cccc(C(=N)NC(=O)C2(c3cccc4c3O[C@H](C)[C@@H]4C)CCC(c3ccccc3NC(=O)CCl)CC2)c1,0.0,0.17684170155117904,0.6726324304059629,0.0
CCC(=O)Nc1nc(-c2ccc(C(=O)NC(=O)c3ccc(=O)[nH]n3)cc2NC(=O)NC)c(C)s1,9.6,0.3325011755335617,0.8033195585614723,0.12821025482437987
Cc1c(C#N)cccc1OC[C@H](C)NC(=O)NC(=O)c1ccc(=O)[nH]n1,7.6,0.7272141687821904,0.7661222368805194,0.21171127935787534
Cc1cc(=O)n(-c2ccc(NC(=O)NC3CCCC3)cc2)cn1,6.7,0.9144080406972085,0.8729272824123869,0.2674009282039196
CCC(=O)NC1=NCC(=O)N1CN1CCc2[nH]c(=O)ccc2C1,7.7,0.7787609097590011,0.7609111231869967,0.22813861783745684
Cc1nnc(N2CC[C@H](c3cccc(CNC(=O)c4cc(F)c(N)cc4F)c3)C2)s1,8.1,0.605355963170684,0.7790039115594178,0.19098773859429155
O=c1ccc2c([nH]1)CCN(Cc1cccc(-n3cnc4c(c3=O)CCCC4)c1)C2,8.7,0.7477824895566912,0.8057275074629506,0.2620913808242044
CCOC(=O)C1(OC(=O)c2ccc(F)c(O)c2)CCN(c2cc(=O)c(OC)cn2C)CC1,7.8,0.6690424339067056,0.7657748802155253,0.1998109969767643
COc1ncc([C@@H](NC(=O)Cc2cccc3c2O[C@H](C)[C@@H]3C)c2c(C)noc2C)c(C)n1,7.7,0.6284037591468286,0.6669680551176899,0.1613632147307201
CCC(=O)Nc1nc(N2C(=O)Cc3cc(C(=O)COc4n[nH]c(OC)cc4=O)ccc32)c(C)s1,7.6,0.4649211211620872,0.7443240981428317,0.13149975780227943
C[C@H](NC(=O)N1CCOCC1)N1CC=C([C@H](O)CCNC(=O)c2ccc(C(N)=O)cn2)CC1,7.4,0.3883885417898846,0.6940956158177518,0.09974415011337717
Cc1cnn(-c2ccc(CCC(=O)NC(=O)N[C@H](C)NC(=O)N3CCOCC3)o2)c1,6.9,0.5981649977214857,0.7264982102019516,0.1499252010862893
CC(=O)NC1CCN(C2=c3nc(NC(=O)C(NC(=O)c4cc(C)ccn4)=C(C)C)sc3=CC2F)CC1,8.8,0.5035012467308141,0.6632778432053453,0.1469429372324394
Cc1ccc(-n2cc(N)cn2)cc1-c1cc2c(c3c1NC(=O)CC3)C(=O)NC2,9.8,0.6423484718562268,0.7685232642682512,0.24189327475044847
Cc1cnn(-c2ccc(-c3c(-n4cc(N)cn4)on3-c3cccc(F)c3F)o2)c1,9.1,0.49780233694350656,0.7201460147954482,0.16311311794310585
Cc1cccc(C2(c3ccc4ncsc4c3)CCC2)c1,7.4,0.6375680896348985,0.8379455777003914,0.19767152364120646
NC(=S)[C@@H]1CCCCN1C(=O)C(=O)CCc1ccccc1,6.6,0.6659733883996853,0.812675921734518,0.17860277729856353
CC(=O)NCc1cccnc1C1=[NH+]CC(=O)N1CNC(=O)c1ccc(C)cc1,7.8,0.6029274480444329,0.7632767988349501,0.1794782076645014
O=C(CNC(=O)c1cccccc(NC(=O)c2ccc(Br)c(F)c2)sc1)Nc1ccccn1,9.0,0.42773723723894846,0.8026077550336461,0.15448735067609096
CC(C)(C)CN(CC(=O)NNC(=O)C(C)(C)C)C(=O)n1cnc2c(c1=O)CCCC2,7.1,0.7231795481377349,0.7626831416615685,0.1958026816644738
CC(=O)N1CCC(Cc2cc3[nH]c4c(C)cc(NC(=O)c5ccc(Br)c(F)c5)cc4c3n[nH]cnn2)CC1,9.4,0.30588166005217227,0.7088613319816494,0.10190901005747023
Cc1cc(C)cc(C2(N3[NH2+][C@@H](c4ccccc4)[C@@H](C(=O)N4CCC([C@@H](C)O)CC4)C3=O)CC2)c1,7.7,0.40739970179019386,0.6342206176956149,0.09947679684957862
O=C(O)Cn1c(NCC[C@@H](O)CCC(=O)NC2=NCCS2)ccccc[nH]c(=O)c1=O,8.3,0.32484025905979497,0.6666843466751252,0.089874855092299
COC(=O)C=CC=CNNC(=O)N1C(=O)CN=C1n1nc(C(N)=O)ccc1=O,7.3,0.22057728521270292,0.7124669605719475,0.0573612202078477
CC(=O)NCc1cccnc1-c1ccc(N(Cc2ncc(C)c(C)n2)C(C)=O)cc1,7.3,0.6819187576272067,0.8179818229802499,0.20359595919824033
Cc1nnc(N2CC[C@H]([C@H]3N(C)C(=O)[C@]3(C)NC(=O)N3CCC([C@@H](C)O)CC3)C2)s1,0.0,0.6850079249477921,0.6318879139323942,0.0
CCC(=O)Nc1nc(-c2ccc(C(=O)N3CCOCC3(C)C)cc2Cl)cs1,6.7,0.8289450996928154,0.8286443290265447,0.2301117197381564
Cc1cc(C(=O)NCc2c(C)noc2C)cc(C(=O)O)c1NCC(=O)N1CCCCC1,7.5,0.6190427183916912,0.8338517053639952,0.1935711849090282
Cc1cc(C(=O)N2CCC([C@@H](C)O)CC2)c(C)cc1CNC(=O)N1CCC(C)CC1,6.8,0.7907726330488224,0.7847689532647004,0.21099509591275242
CCC(=O)Nc1nc(-n2nc(-n3c(O)cc(C)c3O)c(=O)cc2OC)c(C)s1,8.3,0.5902608562799299,0.7236652885597492,0.17726778654741615
Cc1ccc(-c2ccc([C@@H](C)NC(=O)ON3C(=O)CCCc4sccc43)cn2)cc1,7.1,0.6292338024552935,0.7636249849046768,0.17057702178000972
CC(=O)N1CCC(Cc2ccc(CNC(=O)c3ccccc3O)o2)CC1,7.9,0.862854747797495,0.8577504771466804,0.2923450582944741
N=C1S/C(=C/C2CCNCC2)C(=O)N1c1ccnc(C2CCCC2)n1,7.5,0.8127443600686111,0.7486573207901144,0.2281751306610909
Cc1cc(=O)n(-c2nc(S(=O)(=O)n3cnc4c(c3=O)CCCC4)c(C)n2C)cn1,8.0,0.5999571446082955,0.7298050300873853,0.17514069678879957
CCN(C)c1cccc(C(C)(C)C)c1[C@H](ONC(=O)c1ccc(Br)c(F)c1)C(=O)NC1CC1,6.5,0.47985337821253216,0.7367837181811847,0.11490315075890031
CC1(C)COCCN1C(=O)c1cc(N)cc(Br)c1N[C@H]1CCCN(S(C)(=O)=O)C1,6.5,0.6283174557702207,0.7335821996931213,0.1497998129255888
C[C@H](NN1CCCC1)c1ccc(OCC(=O)N2CCC[C@@H](N3CCc4[nH]c(=O)ccc4C3)C2)cc1,7.8,0.6351830599879428,0.7111727944591963,0.17617271558825975
O=c1ccc2c([nH]1)CCN(c1ccc(-c3ccc(C4=CCC[C@H](O)C4)cc3)cc1I)C2,8.2,0.46719596860973983,0.7365838626599758,0.1410928945828697
C[C@@H]1CCCN(C(=O)COc2ccc([C@H](C)NC(=O)N3CC=CCC3)cc2)C1,6.8,0.7908632373381612,0.76313749431138,0.2052027123569784
CC1=C(N2CCC(N(C)C)CC2)S(=O)(=O)NC1=NOCC(=O)N1CCC[C@@H](C)C1,6.9,0.651421747721565,0.6830057999852343,0.15349906701596971
Cc1cc(C)cc(C2([C@@H](O[C@@H]3CCCN3C(=O)c3ccc(Cl)cc3)C(=O)NC3CC3)CC2)c1,7.3,0.6300071447518093,0.7111478922229737,0.163530312372617
CCC(=O)Nc1nc(-c2ccc(N/N=C(\c3ccc(O)cc3)c3ncc(C)c(C)n3)cc2)c(C)s1,8.8,0.23670743552507792,0.7945327809021959,0.08275159948350566
[NH2+]=C(CC(=O)Nc1ccccn1)OCCc1ccccc1NC(=O)CCl,6.8,0.36337451318505165,0.8012211632173665,0.09898873904680824
CC(=O)N(C)NC(=O)[C@H](C)Cc1csc(=O)n1CNC(=O)N1CCC(C)CC1,6.7,0.7054863528836499,0.7058726171620516,0.16682447192450106
CC(=O)NC1CCN(C2(c3cccc(C)c3)CCC2)CC1,6.2,0.9262373111219653,0.8452213447962519,0.2426914191691613
COc1ncc(-c2cccc(NC(=S)NCC(O)=NC(=O)NC3=NCCS3)c2)c(C)n1,6.8,0.3022730063092628,0.7491843204233545,0.07699578691680398
CC(C)C(C(=O)c1ccc(F)c(O)c1)(c1c2c(nn1C)CCCC2)[C@]1(O)C(=O)N(C)c2ccccc21,7.3,0.5298513802870003,0.6656880535448754,0.12874124291413136
Cc1nnc(N2CC[C@H](c3cc(C(F)(F)c4cccc(Nc5cccc6c5O[C@H](C)[C@@H]6C)c4)ccc3F)C2)s1,8.8,0.2660720454166557,0.6651401893086157,0.07786909268959259
CNC(=O)NS(=O)(=O)NCC1=NN(C)C(=N)/C1=N\NNC(=O)NC1CCCC1,7.5,0.23762202286424794,0.7085936338986207,0.06314154475339447
NC(=O)c1ccc(=O)n(CS(=O)(=O)CNC(=O)NC(=O)NNC(=O)S)n1,7.2,0.2215175831000566,0.7305779199741232,0.05826090783561636
NC(=O)c1ccc(C(=O)S(=O)(=O)NS(=O)(=O)CC(=O)[O-])nc1,6.9,0.5191142253199893,0.7318309180273823,0.1310668248265654
Cc1cc(=O)c(-c2ccc(F)cc2Cl)nn1CNC(=O)c1ccccc1O,8.1,0.7200776962665573,0.8332599187701343,0.24300481249319902
COc1c(C)cccc1[C@@H]1NC(=O)c2sc(N=C(C)O)nc2-c2ccccc21,0.0,0.5043553894526313,0.7312698472138118,0.0
NC(=O)c1ccc(=O)n(C2=NCC(=O)N2SCC(=O)NNC=O)n1,7.3,0.27483878237868464,0.7132780955939606,0.07155331640100737
C[C@H](NC(=O)N1CCOCC1)c1ccc(-c2ccc3c(c2)CNC3=O)cc1,8.4,0.8785819771059925,0.8051992724944134,0.2971220988928284
Cc1cc(C)cc(C2([C@@H]3CCCCN3C(=O)N3CCCC[C@H]3C(N)=S)CC2)c1,6.8,0.764100799791415,0.716554668867593,0.18615679849584008
O=C(N/C=C/c1ccccc1Cl)Nc1ncc(CNC(=O)c2ccccc2O)cc1Cl,8.0,0.42638632501418094,0.8289046001436342,0.14137343449703732
CCC(=O)NC1=NC=CCN1CN1CCc2[nH]c(=O)ccc2C1,7.3,0.8460468223654728,0.7422552544403589,0.22921368528221953
CCNc1n[nH+]c(-n2cnc3c(c2=O)CCCC3)c(C)c1-c1ccc(F)cc1Cl,7.3,0.7084218097576799,0.7215435056971412,0.1865723619855774
Cc1sc(NC(C)(C)C)nc1-c1ccc(Oc2cc(F)c(N)cc2F)cc1,8.6,0.5388491643620231,0.8344017815559971,0.19333518217546192
COc1cc(=O)c(C2=NOCC[C@@H]2C)nn1C(=O)Nc1cccc(C)c1,7.5,0.911115908814025,0.707344854255534,0.24167743114873308
CC1=CCN(C(=O)NCN2CCC(NC(N)=O)(C3=C(F)C=CCC3)CC2)CC1,7.7,0.6428496635455585,0.7139804015613378,0.17670809345490407
CC1=CCN(C(=O)NCN2CCC(C3=C(F)CCC=C3)(c3cccc(C)c3)CC2)CC1,8.3,0.6740410022242862,0.7384401819775304,0.20656166854226984
Cc1cnc(S(=O)(=O)c2ccc(OCCOc3ccc(C(=O)c4ccc(=O)[nH]n4)cc3)c3ccccc23)nc1C,7.6,0.1627414172557761,0.790978107776876,0.04891546134560231
NC(=O)NC(=O)[C@H](Nc1ccnc(C2CCCC2)n1)c1ccccc1,8.4,0.7749693367907107,0.7918817863910426,0.257747323182766
COC1=CCC([C@@H](NC(=O)CC=Cn2cnc(C)cc2=O)C2CCC2)C(C)=N1,7.2,0.783093063142861,0.6078049647255812,0.17134842658334182
O=C(c1ccc2c(ccn2N2CCc3[nH]c(=O)ccc3C2)c1)N1CCc2ccccc2C1,8.1,0.537554391414515,0.7891124341509516,0.17179729599054472
Cc1cccc(C2(NNC(=O)c3ccc(C(=O)N4CCOCC4)cc3Cl)CCC2)c1,8.1,0.716981891108791,0.8283173045574961,0.24052484552120681
CC1=CCNC(C(=O)NNC(=O)c2ccc(Br)c(F)c2)=C1,7.1,0.7095254274300282,0.7919032582072124,0.19946580170576006
Cc1cnn(-c2ccc(-c3ccc(C(=O)NNC(=O)c4ccc(Br)c(F)c4)cc3)o2)c1,6.8,0.4210637684937348,0.8266942854583195,0.11835094381728721
Cn1cc(CNC(=O)c2ccccc2O)c(=O)cc1-c1ccc2c(c1)CC(=O)N2C(=O)Cl,8.4,0.46800472210219085,0.7870768524006435,0.15470938710394871
CC[C@@H](C(=O)Nc1ncccc1CNC(C)=O)N(C)C(=O)Cc1cc2cc(C)ccc2[nH]1,7.2,0.5056082408825414,0.7540395669830215,0.13724950284652274
CCC(=O)Nc1ccc(-n2c(-n3cnc(C)cc3=O)csc2=O)cc1,7.0,0.775600897624823,0.8116035378607148,0.22031815136808836
COc1ccc(NC(=O)C(NC(=O)C2=C[C@H](C(=O)NCN3CCc4ccccc4C3)CN2)=C(C)C)cc1,7.4,0.4115331049857466,0.7138965794700193,0.1087030681155603
Cc1cccc(C2(S(=O)(=O)NS(=O)(=O)N(C)C(=O)[C@@H]3CNC(=O)C3)CCC2)c1,7.3,0.6612930745180372,0.691898546986613,0.16700491684783908
Cc1cc(CCC(=O)NC2=NCCS2)cc2c1N[C@@H]1[C@H](C2)NCC[C@H]1n1cnc2c(c1=O)CCCC2,9.2,0.5893729418286177,0.6236334848980661,0.16907424274391475
Cc1noc(C)c1CNC(=O)N(C)CN(C)NC(=O)NC1CCCC1,6.5,0.5314819407366267,0.7843465924872477,0.1354814659852168
CC(C)=C(NC(=O)c1ccc(O)c(F)c1)C(=O)NNC(=O)c1ccc(F)cc1Cl,9.4,0.4477302861354252,0.8272833190420202,0.17408790466038157
Cc1cccc(C2(N(c3cccc(N4C(=O)CCCc5sccc54)c3)C(F)(F)F)CCC2)c1,7.9,0.36952217881930527,0.7627372646000985,0.11133009267327361
CCNc1n[nH+]c(CCC(=O)NCC(=O)C=O)c(C)c1C,6.6,0.5085764345395715,0.6895899351116753,0.11573403286284517
O=C(c1cccc(-n2cnc3c(c2=O)CCCC3)c1)c1ccc2c(c1)CNC2=O,9.3,0.7029465868589349,0.8148111015159566,0.26633743747661603
Nc1cc(F)c(ON/N=C2\C(=O)NN=C2C(=O)SC[SH](=O)=O)cc1F,7.2,0.2756441283732585,0.6298153478154662,0.06249776493049014
Cc1cccc(NC(=O)c2cccc(C(=O)N3CCOCC3(C)C)c2)c1,7.3,0.9197123207711244,0.872351997950941,0.29284420140614725
CCC(=O)Nc1nc(NC(=O)NCS(=O)(=O)C2=NC(N)=NC(N)=CCCCC2)c(C)s1,8.0,0.4283677819454865,0.6627037822175423,0.11355237971016535
NC(=O)c1ccc(C(=O)c2ccc(-c3ccc4c(c3)CNC4=O)cn2)nc1,8.6,0.6891592697393912,0.8236280066822224,0.24407267651747325
Cc1cccc(C2(NC(=O)Cc3ccccc3-n3cnc4c(c3=O)CCCC4)CCC2)c1,8.2,0.6650873474480173,0.8085126120489092,0.22046991849560954
Cc1ccc2[nH]c(N(C)C(=O)NCC3CCC3)cc2c1,7.4,0.8825322806991328,0.8276180862263482,0.27024788055852056
CCNc1n[nH+]c(N2N=C(C)/C(=N/NCC(=O)N3CCCC3)C2=O)c(C)c1C,7.5,0.6781999072973968,0.6966924555897501,0.17718628454841162
O=C(Nc1ncc2c(n1)CCC2)c1ccc(Br)c(F)c1,6.8,0.9168036074463496,0.8596662161665835,0.26796932998163414
CC(=O)NC1(c2ccccc2NC(=O)CCl)CCN(c2ccc([N+](=O)[O-])c(O)c2)CC1,7.4,0.355457268071205,0.7991459808559449,0.10510303144370092
COc1cc(=O)c(-c2ccnc(C3CCCC3)n2)n[nH]1,7.4,0.9224321729088479,0.7847132169576858,0.26782254559657104
CCCn1nc(C(=O)NC(=O)c2ccc(C(N)=O)cn2)nc1C,7.9,0.749358799485165,0.8210142620993663,0.24301753341375704
CN(Oc1cc(F)c(N)cc1F)C(=O)NCC1CCC1,7.0,0.6585176427163995,0.794734997093259,0.18317145590452713
O=C1C[C@H](C(=O)NCN=Cc2ccccc2NC(=O)CCl)CN1,0.0,0.520498500592479,0.734756212611473,0.0
O=C(NC1=NCCS1)C1=[NH+]CC(=O)N1C(=O)N1CCCCC1,8.3,0.5907478936395105,0.7017325695921919,0.17203702051470388
COc1cc(=O)n(C(=O)N2CCNCC2)nc1CNC(=O)[C@@H]1CNC(=O)C1,7.4,0.5450518478274413,0.7208556360364045,0.14537436768223305
C[C@@H]1c2cccc(C(=O)NNC(=O)OCC(=O)NNC=O)c2O[C@@H]1C,7.3,0.42603966565311,0.7250893648938104,0.11275464316461448
CCNc1n[nH+]c(S(=O)(=O)c2ccc(C3(c4cc(C)cc(C)c4)CC3)cc2)c(C)c1C,7.9,0.6185511844433886,0.7350814286092862,0.1796007678898018
CCC(=O)Nc1nc(-c2ccc(-c3ccc(-c4ccnc(C5CCCC5)n4)cc3)cc2)cs1,7.8,0.34255135599534925,0.8481968315933537,0.11331488017717227
CC(C)c1cc(CNC(=O)c2ccccc2O)ccc1NC(=O)NC1CCCC1,7.7,0.5799873834810793,0.8740769015695616,0.1951771264144929
NC(=O)NC(=O)[C@H](NC(=O)N1CCCN(C(=O)N2CCCC2)CNC1=O)n1nc(C(N)=O)ccc1=O,9.9,0.2951920665315434,0.6949334842309863,0.10154373139949474
CC(C)[C@@H](CNC(=O)NNC(=N)NCCNC=O)C(=O)NCNC(=O)NC1CCCC1,6.4,0.04755652437675529,0.7003987901097869,0.010658730283297918
O=c1c2c(ncn1-c1ccc(-c3ccc(F)c(O)c3)cc1[NH+]=C1CCCC1)CCCC2,8.2,0.6854816414383396,0.7261503577193918,0.20408272304761574
CCNc1n[nH+]c(-c2nc(O)cc(-c3cncc(-c4ccccc4)c3)n2)c(C)c1C,9.0,0.5291454659096545,0.7399498142912644,0.17619349015481103
COCC(O)(C1=NCC(=O)N1C(=O)N1CCC([C@@H](C)O)CC1)c1ccccc1,6.7,0.7813501535027809,0.6832083177827805,0.17883134953127403
Cc1ccc2[nH]c(OCC(=O)NS(=O)(=O)NC(=O)CN[SH](=O)=O)cc2c1,6.9,0.33241083273770006,0.726889079237395,0.08336090242734867
NC(=O)c1cnc(Oc2ccc(-n3cnc4c(c3=O)CCCC4)cc2)c(Cl)c1,8.3,0.7300358785128681,0.825719418114405,0.25016399233543785
NC(=S)[C@@H]1CCCCN1C(=O)c1cc[n+](-c2ccc(NC(=O)c3ccc(Br)c(F)c3)cc2)cc1,7.1,0.3703531583113522,0.7581183194576848,0.09967388746462111
CN1CNC=CC=CC=C(C2=C(O)C(=O)N[C@H]2C(=O)N2CCOCC2(C)C)C1=O,8.0,0.5973102631819879,0.5791881083446219,0.13838200057088154
NC(=O)c1cnc(ON2CCN(C(=O)NCc3ccc4c(c3)CNC4=O)CC2)c(Cl)c1,8.5,0.627784431966456,0.7861087959478298,0.20974041716937575
CC[C@H](O[C@H](CC1=CC=C(F)C(F)C1)OC)C1=CNC(N2CCc3[nH]c(=O)ccc3C2)C(Cl)=C1,8.2,0.5270572307372599,0.5214019078671149,0.11267154472124184
Cc1cc(C)cc(C2(N=Cn3cnc(Cc4ncc5c(n4)CCC5)cc3=O)CC2)c1,8.3,0.48743306770265193,0.7230959681374183,0.14627126768694595
Cc1cccc(C2(C3=C(C4CCCC4)CC(c4[nH]nc5c4CCCC5)=C3)CCC2)c1,8.5,0.5903512226012417,0.7393411136895405,0.18550014541404314
Cc1ccc(-c2onc(C)c2CNC(=O)C2=CCC(c3ccc4c(c3)CNC4=O)C=C2)cc1F,8.0,0.5853110860725012,0.7153672984426174,0.16748496415687977
CC1=CC=C(c2ccc(C(=O)NCc3c(C)noc3C)cc2)C1,7.1,0.929983466563079,0.8358867444887719,0.2759631025642971
CCCCC(=O)CN(CC)c1cccc(N[C@H]2CCCN(S(C)(=O)=O)C2)c1,6.3,0.6591467958523886,0.7808015604628553,0.16211879673432536
Cc1cc(C)cc(C2(C(=O)c3nnc(CCC(=O)NC4=NCCS4)s3)CC2)c1,7.3,0.7338960348198037,0.7658621931874332,0.20515307778150935
CC(C)CCC(=O)NC(=O)[C@H](N[C@H](C)C(=O)N1CCCC[C@H]1C(N)=S)C(=O)N(C)C,6.4,0.3439553319231522,0.6855266970366239,0.07545298003885254
O=C(CC1=CCCC=C1)N[C@H](C(=O)NC1=NCCS1)C1CCC1,7.7,0.8097962678588951,0.7072138098859934,0.22048915497221983
NC(=O)C[C@@H](C(=O)Nn1cnc2c(c1=O)CCCC2)N1C(=O)Cc2cc(N3C(=O)CCc4sccc43)ccc21,7.7,0.4809568408438901,0.6790247763061235,0.1257339203377651
CCn1nc(-c2ccc(-c3ccc(F)c(O)c3)cc2)nc1C,6.7,0.7999968660035388,0.8584358938664839,0.23005991829397476
CC1=CS(=O)(=O)NC1=Nc1cccc2c1O[C@H](C)[C@@H]2C,6.6,0.8641024198922256,0.6185800410447019,0.17639044842004048
CCN(C)S(=O)(=O)Cc1ccc(N(CC[NH+](C)CC)NCC[C@@H](O)NC(=O)Cc2cccc(F)c2)cc1,6.2,0.18350956644238986,0.6293237160858874,0.0358009459101588
O=C(NCCN1C(=O)CCCc2sccc21)Nc1ccc(-c2ccnc(C3CCCC3)n2)cc1,8.1,0.5028454216101471,0.8149602034059897,0.1659685978662563
N=C1N=C(N2CCOC[C@H]2O)/C(=N/NCNC(=O)[C@@H]2CNC(=O)C2)S1,7.0,0.21479326669115717,0.5884406579363465,0.04423758191021458
Cc1noc(C)c1CNC(=O)N(C)C(=O)N[C@H](C=O)C1CCC1,6.9,0.7995791824237295,0.7214673101491712,0.19902023348811
C[C@@H](O)C1CCN(C(=O)N2CCN(C(=O)C(=O)Nc3cccc(-c4ccccc4NC(=O)CCl)c3)CC2)CC1,8.7,0.38671421494024183,0.7675268616082089,0.12911389326357928
NC(=O)NC[C@H](O)CC1=[NH+]CC(=O)N1n1cnc2c(c1=O)CCCC2,7.8,0.4358224788919971,0.6273626594069158,0.10663331226092912
O=C(NCC(=O)N1CCCCC1)NN=C1CCCCC1,6.8,0.7709024550339477,0.8459726334033092,0.22173520919392928
CCC(=O)Nc1nc(-c2ccccc2C(=O)Nc2ccccn2)cs1,7.7,0.7312715648253526,0.8812304182025953,0.24810121755292402
NC(=O)C1=CC(C(=O)N2CCCC[C@H]2C(N)=S)C(=O)C=C1,6.5,0.5555096340359932,0.6808490133329418,0.1229209105248636
Cc1cccc(C2(C(=Nn3cnc(C)cc3=O)C3=C(C(N)=O)CC=C3)CC2)c1,7.2,0.8155947265802806,0.726039595629198,0.21317546357411513
CCC(=O)NC1=NC(c2ccc(NC(=O)Cc3cccc(F)c3)cc2)=CC=[SH]1,7.5,0.5337615209780212,0.7739744181144049,0.1549191609790589
CC(=O)N1CCC(CNC(=O)c2cccc(C(=O)NC3=NCCS3)c2)CC1,7.3,0.8179717397944747,0.8453916430458587,0.25239986267052467
C[C@@H](O)C1CCN(C(=O)CN2C[C@H](N(c3c4c(nn3C)CCCC4)[N+](=O)[O-])CCC2=O)CC1,6.5,0.4919280389526954,0.6608385276744787,0.10565262531957016
CC=C[C@H](NC(=O)Cc1cccc2c1O[C@H](C)[C@@H]2C)c1cnc(OC)nc1C,7.7,0.7733516479865391,0.6597068947937321,0.19642138449657381
COc1cccc(C(=O)NCC(=O)Nc2ccc(Cl)c(C)c2)c1,6.9,0.8840264094707005,0.9238814782165825,0.2817737909576796
Cc1ccc(-c2ccc(NC(=O)N3CCN([C@H](C)NC(=O)N4CCOCC4)CC3)cn2)cc1,8.5,0.7443791038394053,0.7864114814528038,0.2487900163704643
COc1cn(C)c(-c2ccc(C(=O)N3CCOCC3(C)C)c(F)c2)cc1=O,7.4,0.8280800503485631,0.7995360850903006,0.2449695561909156
CC(=O)NC1(NC(=O)NC2CCCC2)CCN(N2C(=O)NC(C)(C)C2=O)CC1,7.8,0.4060715402858594,0.7266889385939255,0.11508420167537735
CCC(=O)Nc1nc(-c2cccc(-c3ccc(-c4ccccc4)cc3)c2)cs1,8.2,0.42701822691749813,0.9012707689586829,0.1577922087506558
Cn1c(-n2nc(C(N)=O)ccc2=O)cc2c1CCN(c1ccc(N)cc1F)C2,7.6,0.6553219973250336,0.7796541912899474,0.1941513259064056
CCNc1n[nH+]c(CCC(=O)NCC(=O)C=O)c(C)c1C,6.1,0.5085764345395715,0.6895899351116753,0.10696630310050843
COc1c(CC2CCN(C(C)=O)CC2)ccc(NC(=O)NC2CCCC2)c1C=O,6.9,0.7156082298477718,0.8206151754907623,0.2025974457261113
Cc1cc(=O)n(-c2ccc(SOc3cc(F)c(N)cc3F)cc2)cn1,7.1,0.5689980059633588,0.7949472741244511,0.16057481190710118
NC(=O)c1ccc(=O)n(CC2(CCCCCO)CCN(c3cccc(NC(=O)c4ccc(F)cc4Cl)c3)CC2)n1,7.8,0.29629765475957986,0.792125012820288,0.09153486559427086
Cc1ccc(NC(=O)NC2CCCC2)c(CNC(=O)[C@@H]2CNC(=O)C2)n1,7.4,0.6327937574696236,0.7732356753189575,0.18104052210601868
CCC(=O)Nc1nc(-c2ccc(Oc3ncc(C(N)=O)cc3Cl)cc2Cl)c(C)s1,8.3,0.5448851063905509,0.8291454147027698,0.18749242981397582
CC(=O)NCc1cccnc1N1C(=O)C(=O)C[C@@H]1C(=O)N1CCOCC1(C)C,7.1,0.7291942474576392,0.7185214867135526,0.18599931584911275
Oc1cc(-c2ncc([C@@H](Oc3ccc(F)cc3)C(F)(F)F)cc2Cl)ccc1F,8.5,0.5259251492402571,0.7732068013988673,0.17282578352819447
C[C@@H]1CCCN(C(=O)COc2cccccoc(C(=O)c3ccc(C(N)=O)cn3)cc2=O)C1,8.6,0.6652637127344806,0.7235829565876908,0.20699059819349544
C[C@H](c1ccc(F)c(O)c1)S(=O)(=O)N1CCC(c2ccc(F)c(O)c2)CC1,9.1,0.8256806392593115,0.7595828217241165,0.2853636375642598
COc1cc(=O)c(-n2cnc3c(c2=O)CCCC3)nn1N1C=C(F)CC1=O,9.2,0.7701386373000588,0.6887311009563692,0.2439924785160854
Cc1cnn(C2=CC=CN(C(=O)COC(=O)NN=c3cc3C=NC(=O)N3CCCC3)O2)c1,7.2,0.5469459732245174,0.6645698026843607,0.13085415990173635
CC(=O)NCc1cccnc1C(=O)CNC(=O)CCCCCC(=O)NC(=O)NC=O,7.4,0.209506940658884,0.7996714363788995,0.06198858498217429
Cc1ccc2[nH]c(-c3ncc(-c4ccc(-c5ccc(F)cc5)cc4)cc3Cl)cc2c1,7.5,0.32335907116380536,0.8607633627048931,0.10437586554603297
Cc1cnc(COC(=O)C(C)(C)Oc2cc(OC(C)(C)C)cc([C@@H](C)NC(=O)Cc3cccc(F)c3)c2)nc1C,6.7,0.32131788423086366,0.7372844440430101,0.07936239700813658
O=C(CCl)Nc1ccccc1-c1cc(C(=O)NC2=NCCS2)ccc1O,7.3,0.7007022843148168,0.8361246975209008,0.21384418721659962
NC(=O)c1cnc(Oc2cc(-c3ccc4c(c3)CNC4=O)ccc2S(N)(=O)=O)c(Cl)c1,8.3,0.531861003479504,0.8080200416788431,0.17834805533252698
C[C@@H]1CCCN(C(=O)COC2CC[N+](C)(NCC(=O)N3CCCCC3)CC2)C1,5.9,0.6906412982897616,0.7182592264737924,0.1463375479807357
NC(=O)c1ccc(=O)n(Cc2cccc(S(=O)(=O)NC(=O)NC3CCCC3)c2)n1,8.4,0.6127908960859051,0.8437812005527223,0.2171658039546003
COc1cc(-c2ccc(F)c(O)c2)ccc1C(=O)N1CCC([C@@H](C)O)CC1,7.1,0.8613817752188511,0.8082017655910602,0.24714044641084215
Cn1ccc2c1CCN(C(=O)c1ccc(C(N)=O)cn1)C2,7.3,0.8818132146485774,0.8226210840400587,0.26477032203259754
O=C(NCC(=O)N(Cc1ccccc1)Cc1cccc(N2CCOCC2)c1)c1ccc(F)cc1Cl,8.7,0.5066274010886349,0.8614980989724645,0.18985946617247035
[N-]=[N+]=NCNC(=O)CNC(=O)/C=C1/SC(=N)N(NC(=O)c2ccc(F)cc2Cl)C1=O,7.5,0.20716240815734321,0.735374680123107,0.057128246112089553
Cc1cc(C)cc(C2(c3cc4c(n3C)CCN(C(=O)[O-])C4)CC2)c1,8.4,0.852035635034921,0.7418601468760121,0.26547833816725314
CC(=O)NC1(C(=O)N2CCN(C(=O)NCC(C)C)CC2)CCN(C(=O)c2ccc(C(N)=O)cn2)CC1,8.1,0.4897764814729532,0.8015789691893923,0.15900078349668043
Cc1cc(=O)n(-c2ccccc2CNC(=O)[C@@H]2CNC(=O)C2)cn1,7.9,0.8446107396252411,0.7758846011287218,0.25885158439515016
Cc1ccc2[nH]c(-c3cc(-n4cnc(C)cc4=O)ccc3Cl)cc2c1,9.1,0.5722877466534074,0.8344965822810833,0.21729533674194296
COC(=O)C1(C[C@@H](Nn2cnc(C)cc2=O)C(=O)N2CCCC2)Sc2cccccc(ccc2)N=C1O,9.3,0.5538358126362579,0.49888974651598406,0.12848089880257318
CS(=O)(=O)CCS[C@H]1CN(CNC(=O)[C@@H]2CNC(=O)C2)Cc2ccccc21,7.8,0.6796713968873925,0.6862422034691337,0.18190348684362986
COc1cc([C@H]2CCN(c3nnc(C)s3)C2)c(OC)cc1NC(=O)c1ccc(Br)c(F)c1,7.4,0.49169150376282217,0.7804871574948817,0.14199079453040475
C[C@@H]1c2cccc(-c3ccc(NC(=O)c4ccc(Br)c(F)c4)cc3)c2O[C@@H]1C,7.0,0.5125671448307989,0.7832213380309516,0.140508733751779
CCCn1nc(N[C@H](C)[C@@H](C)c2ccccc2NC(=O)CCl)nc1C,6.2,0.699964671260334,0.7234648386953711,0.15698394667560298
C[C@@H](C1CCC[C@@H](S(C)(=O)=O)C1)[C@@H](O)C(=O)NN1CCc2[nH]c(=O)ccc2C1,7.1,0.6437896001173633,0.6142372096551174,0.14038103229128093
CCC(=O)Nc1nc(-c2cn(C(=O)CCOCCOC3(c4cc(C)cc(C)c4)CC3)cn2)c(C)s1,7.4,0.3740945038735051,0.7541738081289373,0.10438894233696314
CC(=O)N1CCC(CN/N=C\c2c(-n3cnc4c(c3=O)CCCC4)c(O)cc3ccccc23)CC1,8.5,0.43808890242445986,0.7630996222017106,0.14207982727061863
COc1ncc(N2C(=O)C[NH+]=C2[C@@H](CC(=O)NC(=O)c2ccccc2)C(=O)[O-])c(C)n1,6.9,0.4866240214959467,0.6621170369791965,0.11115970905635
CC1=NN(NCCCO)C(=O)/C1=N\NC(=O)c1ccc(=O)[nH]n1,7.0,0.34975946652413487,0.7452879686011981,0.09123503280668392
Cc1cc(C)cc(C2([C@@H](NC(=O)CN3C(=O)C(=O)c4cccc(C)c43)C3CCC3)CC2)c1,6.9,0.7001387297178363,0.739461873889598,0.17861543448564277
Cc1noc(C)c1CNC(=O)[C@H]1CNC(=O)CN1C(=O)NC1=NCCS1,7.8,0.6496107323551198,0.7213010186390956,0.18274030435698832
COc1cc(=O)c(-c2ccc(-c3ccc(F)c(O)c3)cc2)nn1C(=O)Nc1cccc(C)c1,9.0,0.4698490821114311,0.8185349486364925,0.17306455243184254
COc1cc(=O)c(C2=CCC(c3ccc4c(c3)CNC4=O)C=C2)nn1C(=O)Nc1cccc(C)c1,9.1,0.602417751588957,0.698051651810146,0.19133601149227367
Cc1cccc(NC(=O)n2nc(C3CCCC[C@@H]3C)c(=O)cc2OC2=NCCS2)c1,7.7,0.7858315739265609,0.6642884047995096,0.20097723903363376
CC(=O)NCc1cccnc1-c1cccc(Cn2cnc3c(c2=O)CCCC3)c1,8.2,0.7291399641867257,0.8333327132375684,0.2491226357211237
N[C@@H](C(=O)N1CCCCC1)c1ccnc(C2CCCC2)n1,7.3,0.9246687412260151,0.7803257774636736,0.2633631418536445
O=C(CONS(=O)(=O)NS(=O)(=O)N[SH](=O)=O)NS(=O)(=O)NC(=O)Cc1cccc(F)c1,6.4,0.11187275178821922,0.7097700700395918,0.02540925787911879
O=C(CCc1ccccc1)c1ccnc(C2CCCC2)n1,7.3,0.7787797671432761,0.870185255297997,0.2473541747297575
CCNc1n[nH+]c([C@@H]2NC(=O)C(O)=C2C(=O)NC(=O)[C@H](C)NC(=O)CCNC=O)c(C)c1C,8.4,0.17329529066672913,0.6049522193809157,0.044030855692781444
CC1CCN(C(=O)NCc2cccc(NC(=O)c3ccc(N4CCc5[nH]c(=O)ccc5C4)cc3)c2)CC1,8.0,0.49173852940123103,0.8280503914077804,0.16287371269639028
Cn1nc2c(c1-c1cccc(C3(c4cccc(N5CCc6[nH]c(=O)ccc6C5)c4)CCC3)c1)CCCC2,9.3,0.4000465994134047,0.7652095987459595,0.1423455664848199
CC(=O)NC1C=C(CN2CC(n3cnc4c(c3=O)CCCC4)C2)C=CC1,7.1,0.8868176222718354,0.7002984611817435,0.22046814076016574
CCC(=O)Nc1nc(-c2nn(CCC(=O)Nc3cccc(Cl)c3)c(=O)cc2OC)c(C)s1,7.8,0.5127499477975144,0.8224289699460196,0.16446316044872417
Cc1ccc(C(=O)NC2=NCCS2)c(NC(=O)c2ccc(Br)c(F)c2)c1,7.5,0.76500778270543,0.8483753909962517,0.24338016628796053
CCC(=O)Nc1nc([C@H]2N=C(c3ccc(N4CCc5[nH]c(=O)ccc5C4)nc3)C(=O)N2C)cs1,8.0,0.5800802831550164,0.6965739598224745,0.1616275279408928
O=C(N[C@@H](Nn1cnc2c(c1=O)CCCC2)C(=O)N1CCCCC1)C1CCC(F)(F)CC1,8.8,0.6674302546341843,0.7007431695170475,0.20578676450812852
NC(=S)[C@@H]1CCCCN1C(=O)[C@@H](NC1COC1)C(=O)N1CCCC1,6.1,0.5175307821329792,0.7187957385550173,0.11345967083431031
CC1CCN(C(=O)NCc2ccc(C(=O)N3CCC([C@@H](C)O)CC3)cc2)CC1,8.0,0.8343742889291215,0.8170908793462365,0.2727038485779947
C[C@H](NC(=O)N1CCOCC1)c1ncnc2c1CCC2,7.1,0.8770545572351183,0.7712258436194606,0.240124534985401
CCn1nc(C2=COCCN2C(=O)c2cccc(CN3CCc4[nH]c(=O)ccc4C3)c2)nc1C,8.0,0.6278762822539655,0.7500054498738076,0.1883642534147917
NC(=O)c1cnc(Oc2cccc(C3(N4C(=O)Cc5ccccc54)CCC3)c2)c(Cl)c1,8.5,0.6369730338001058,0.8025191106331447,0.21725278884758673
COc1ncc(CC2(N3C(=O)CC4=CCCC=C43)CCC2)c(C)n1,7.1,0.853425845822336,0.7128102565702394,0.21595739712412398
NC(=O)c1ccc(=O)n(Cc2ccc(S(=O)(=O)NNC(=O)c3ccc(F)cc3Cl)cc2)n1,8.2,0.4259825785675309,0.8443213837120288,0.14746314207107583
C[C@@H](O)C1CCN(C(=O)[C@@H](N[C@H]2CCCCNC2=O)C(=O)N2CCCCC2)CC1,7.3,0.5660649997401062,0.7001372781382427,0.14465797098108749
CC(C)=C(NC=O)C(=O)NC(=O)c1ccc(C(N)=O)cn1,7.2,0.49556470105567113,0.7851294328945941,0.14006967577287052
Cc1cccc(C2(c3ccc(Nc4ccc5c(c4)CNC5=O)cc3F)CCC2)c1,9.0,0.6135317365255896,0.8207537997815465,0.2266013268179767
Cc1cc(C)cc(C2(c3ccc(Oc4ccc(N5C(=O)CCCc6sccc65)cc4)cc3)CC2)c1,8.2,0.288399321063854,0.8139407493913525,0.09624338339937495
CC1(C)COCCN1C(=O)c1cccc(N[C@H]2CCCN(S(C)(=O)=O)C2)c1,7.4,0.8406554345750424,0.7781039194372141,0.24202339675944295
COc1c(CNC(=O)N2CCCC2)cc2ccc(Br)cc2c1Oc1ccc(C(=O)Nc2cccc(C)c2)cc1,8.1,0.238116415415722,0.8385846231788913,0.08087070962011114
CC[C@H](NC(=O)[C@@H](CC)On1nc(C(N)=O)ccc1=O)N1CCSC(C=O)C1,6.3,0.4947948382197956,0.5917342546133998,0.09222792225587277
CCC[C@H](Oc1cc(F)c(N)cc1F)C(=O)Nc1ccc(C)c(-c2nc(NC(=O)CC)sc2C)c1,7.8,0.3196941293425372,0.7606108633486074,0.09483350281341635
Cc1cc(C)cc(C2(c3ccc(-c4ccc(F)c(O)c4)cc3)CC2)c1,8.0,0.6333516046253277,0.854655625772803,0.21651900479410735
NC(=O)NC(=O)[C@@H](C=O)NCCC(=O)NC1=NCCS1,6.2,0.3282575210073099,0.707877157822499,0.07203346031139929
CCCn1nc(-c2ccc(Oc3c4c(nn3C)CCCC4)cc2)nc1C,7.2,0.6952002733279985,0.811209509717713,0.20302310623752926
Cc1cc(=O)n(-c2ccc(CNC(=O)N3CCCC3)c3c(Br)cccc23)cn1,8.8,0.673320477445444,0.8205751873451741,0.2431044338461804
O=C(O[C@H](C(=O)NC1CC1)N1CCN(C(=O)O)CC1)c1ccc(=O)[nH]n1,7.3,0.5534188486021644,0.7532042881625708,0.1521456692197571
Cn1nc2c(c1-c1ccccc1C(=O)c1ccc(C(N)=O)cn1)CCCC2,7.8,0.7243351002039845,0.8267790556332711,0.23355738514238567
CCNC(=O)NCCOCC(=O)N1CCOCC1(C)C,5.7,0.6718406530085879,0.8179564578547198,0.15661787422164636
COC(=O)c1ccc(C(C)=O)cc1[C@@H](NCC1CCN(C(C)=O)CC1)C(=O)NC(N)=O,7.9,0.42542545899737455,0.7696838016099147,0.12934001841018314
CC1=C(N2CCc3[nH]c(=O)ccc3C2)S(=O)(=O)N/C1=N\c1nc2ccc(C)cc2s1,8.3,0.6355072955294908,0.713612870168356,0.1882050668479278
CO[C@H](CC(C)C)C(=O)N1CCCOCCOCCOCC1,5.2,0.7827982956868152,0.7338383269624301,0.14935632183052208
NC(=O)c1ccc(=O)n(-c2cccc(-c3ccc4c(c3)CNC4=O)c2)n1,9.2,0.7438107574698445,0.8373271923233955,0.28649396765919494
C[C@H](NC(=O)N1CCOCC1)c1ccccc1-c1ccc2c(c1)CNC2=O,8.2,0.8785819771059925,0.7943150515871156,0.28612706427206713
COc1cn(C)c(-c2cccc(C#N)c2-c2ccc3c(c2)CNC3=O)cc1=O,7.4,0.7672760635305477,0.7906314239566642,0.22445404967049773
COc1ncc(N2C(=O)Cc3cc(N4C[C@@H](C)OC[C@H]4C)ccc32)c(C)n1,7.3,0.8296571347037672,0.7032233775582024,0.21295351675579996
CCC(=O)Nc1nc(C(=O)NC(=O)C2SC[C@H](O)[C@H]2C(=O)N2CCC([C@@H](C)O)CC2)cs1,7.3,0.4256411197764726,0.6461728515764175,0.1003887736816621
Cc1cnc(-c2ccc(-c3ccnc(C4CCCC4)n3)cc2)nc1C,7.7,0.686899790207269,0.8473454135193028,0.22408593391010778
CN(Cc1ccc(S(N)(=O)=O)cc1)C(=O)N(C)c1c(C(=O)N2CCCC[C@H]2C(N)=S)[nH]n1C,6.0,0.5081683248978229,0.7183142281206835,0.10950736141630811
Cc1nc(N)ncc1C(=O)N(C)CCN[C@H]1CNCc2ccccc21,7.2,0.7474800039775468,0.7568644486036342,0.20366677477897496
Cc1ncc(C(=O)N(C)CCn2nc(C(N)=O)ccc2=O)c(C)n1,8.4,0.7894330982385246,0.8227425747045936,0.272790092316751
Cc1ccc2[nH]c(C3=C(O)C(=O)N[C@H]3c3cc(Cl)cc(Cl)c3)cc2c1,9.3,0.5968458347783624,0.7586657363299927,0.2105550153936912
CCC(=O)Nc1nc(-c2cc(O)nc(-c3ccc(-c4ccc(F)cc4)cc3)n2)cs1,7.8,0.4674365050719184,0.8482936425560228,0.15464413206493466
CN(C=O)CC(=O)NN[C@@H](C(=O)N1CCCC1)N1CCc2[nH]c(=O)ccc2C1,8.4,0.3809272967595658,0.6889134694143961,0.11021889715421751
CCC(=O)Nc1nc(C(=O)CCc2ccccc2)cs1,6.6,0.8295826858542631,0.8899752580019411,0.24364166140944002
Cc1ccc(-n2cnc(C)cc2=O)c(CNC(=O)N2CCC(C)CC2)c1,7.6,0.9215439669476316,0.8387302908908776,0.29371219899735374
COc1cccc(-c2cnn(C3=CC(CF)(n4nc(C(N)=O)ccc4=O)c4ccccc4O3)c2)c1,8.5,0.4606845966430374,0.6905321133486075,0.13519994094550367
NC(=O)c1cnc(Oc2cccc(-c3ccccc3NC(=O)NC3CCCC3)c2)c(Cl)c1,9.1,0.46968066362858685,0.8541161237545949,0.1825286316585251
Cc1cccc(C2(NNC(=O)c3cc(C)c(C(=O)N(C)CC(C)(C)C)[nH+]n3)CCC2)c1,7.4,0.6980793594705816,0.7026984895875237,0.18149954525951537
CCCNC(=O)[C@@H](CC)Oc1ncccc1CNC(C)=O,6.3,0.7590086040973127,0.8123028875215071,0.19421163744000342
CC1=C(N2C(=O)CN=C2c2ccc3c(c2)CNC3=O)CC=C1CNC(=O)N1CCC(C)CC1,8.7,0.7428554042154027,0.7304426479835876,0.2360367718079474
CC1=CC=C(c2ccc(C(=O)NCc3c(C)noc3S(=O)(=O)c3ccccc3)cc2)C1,8.2,0.617884277858461,0.802116837905872,0.2032023070905086
CC1=C(C)C(c2onc(C)c2CNC(=O)C2=CCC(c3ccc4c(c3)CNC4=O)C=C2)C=C1F,8.9,0.6728250739270428,0.6239973885773237,0.18682928464941967
Cn1c(-c2ccnc(C3CCCC3)n2)cc2c1CCNC2,7.7,0.9207526826011639,0.7856088284989897,0.27849030298150695
C[C@@H]1c2cccc(COC(=O)NNC(=O)ONC(=O)[C@@H](C)S(C)(=O)=O)c2O[C@@H]1C,6.4,0.5978638064487042,0.6650875018357458,0.12724215855007315
O=C(C=Nc1ccc(NC(=O)c2ccc(F)cc2Cl)cc1)c1ccc(=O)[nH]n1,8.0,0.507281024290919,0.8249778699157682,0.16739824754728458
C#CC[NH+](C)c1nc(N(C)C(=O)N[C@H](OCC(=O)N2CCC[C@@H](C)C2)C2CCC2)ccc(SC)ccs1,7.5,0.2823311267477152,0.5260552863057971,0.055695668142865355
CNC(=O)NC(=O)[C@@H](NC(=O)NC1CCCC1)SN(CC[NH+](C)C(=O)C1CCCCC1)[S]=O,7.9,0.2045303241119567,0.5934365209855154,0.04794342677093059
C[C@@H]1CCCN(C(=O)COC2CC[NH+]([C@H]3CCN(c4c5c(nn4C)CCCC5)C3)CC2)C1,7.1,0.7416575841491351,0.6112499469757007,0.1609350464397762
NC(=O)c1ccc(=O)n(Cc2ccc(P3(=S)CCCC(=S)N3c3ccc4c(c3)CNC4=O)cc2)n1,8.8,0.390070532200227,0.6672117714682656,0.11451424634622837
COc1cn(C)c(-c2ccc(Oc3cc(F)c(N)cc3F)cc2)cc1=O,7.2,0.7221931612828489,0.834846509717713,0.2170513584140356
C[C@H]1CCNCC(=O)N[C@H](CNC(=S)N(C)C(=O)c2ccc(C(N)=O)cn2)CC1,7.9,0.5054726455826822,0.6452725300283632,0.12883620708573065
CCC(=O)N1CC[C@H](C)[C@@H](CC)[NH+]([C@@H](C)NC(=O)ONC(=O)NC2CCCC2)CC1,6.4,0.49530934850827973,0.5821464866849428,0.09226963105801696
Cc1cc(=O)n(-c2cccc(Sc3nnc(C=Nc4ccc5c(c4)CNC5=O)o3)c2)cn1,8.3,0.470448182277383,0.7427802640789738,0.14501744440299913
CCC(=O)Nc1nc(-c2ccc3nc(N4CCCC(C)C4)sc3c2)c(C)s1,7.2,0.6443987138659283,0.789179036320331,0.18307654416531866
Cc1cccc(NC(=O)c2cc(C)cc(C)c2-c2ccc(F)c(O)c2)c1,9.0,0.6671730082857353,0.8780349712561745,0.26361055491887747
CN(C)c1cccc(N(C)C(=O)CC(=O)NNC(=O)NC2CCCC2)n1,7.2,0.5298993239535345,0.8103834755296787,0.15459179609746523
COc1ncc(-c2nc(O)cc(-c3ccc(-c4ccccn4)cc3)n2)c(C)n1,7.9,0.5845546157001068,0.8266654485037687,0.19087628590725741
CC1(C)COCCN1C(=O)N[C@H](C(=O)[O-])C(=O)NC(N)=O,7.4,0.4756517689905364,0.6930528851101254,0.12197117739845167
Cc1cccc(NC(=O)C(=O)NN=C2CCCCC2)c1,6.7,0.6412059784576697,0.8711204671787292,0.1871201632564662
CC(=O)N1CCC(Cc2cccc(-c3ccccc3NC(=O)CCl)c2)CC1,7.6,0.779693362875329,0.8749612734154891,0.2592365691089011
Cc1cc(C)cc(C2(C3=Nc4c(cccc4CNC(=O)N4CCC(C)CC4)CC3)CC2)c1,9.4,0.6368296782002197,0.77178007502072,0.2310014547038897
Cc1cnn(-c2ccc(CC(=O)NC(=O)NC(=O)c3ccc(Br)c(F)c3)o2)c1,7.8,0.6374818474997146,0.7971064595345232,0.19817495040642952
Cc1ccc2[nH]c(C3C=C(c4cccs4)NN3C(=O)c3ccc(-n4nc(C(N)=O)ccc4=O)cc3)cc2c1,9.0,0.3225300864682708,0.7258692137872376,0.10535159712935407
NC(=O)c1ccc(C(=O)C2=CCCN(C(=O)COC(=O)NN=c3cc3CNC(=O)N3CCCC3)C2)nc1,9.1,0.3297753327065249,0.7438074212937821,0.11160664962116638
C=C(OC=CC=CC=C(C=O)n1cnc(C)cc1=O)n1cc(C)cn1,6.1,0.3349438269387629,0.660927493904671,0.0675189431619303
Cc1cnn(-c2ccc(-c3ccc(C(=O)Nc4cccc(C(N)=O)c4)cc3)o2)c1,8.1,0.5444678204385557,0.8493814179465142,0.18729664398689114
Cc1nnc(N2CC[C@H](c3ccc(N4CCc5[nH]c(=O)ccc5C4)o3)C2)s1,7.9,0.7492214244300552,0.7084830664673992,0.20967022343609495
CCC(=O)OC[C@@H](O)C(=O)NC[C@@H](NC(=O)NCc1c(C)noc1C)C(=O)N1CCCCC1,6.4,0.34671781755374204,0.7230055441028661,0.08021724938579249
Cc1cnn(-c2ccc(CNC(=O)C(=O)NOc3ncc(C(N)=O)cc3Cl)o2)c1,7.2,0.3917310668109804,0.7534013335061887,0.10624705492003002
CCNc1n[nH+]c(-c2cc(CC(F)(F)F)cc(C(=O)Nc3cccc(C)c3)c2)c(C)c1C,8.5,0.5449312891102245,0.7521659641316093,0.1741984765951059
COc1ccc(C)c(-c2nc(O)cc(OCC(=O)N3CCC[C@@H](C)C3)n2)c1,7.6,0.8699370093851222,0.7831635307732466,0.2588951171317411
Cn1nc2c(c1Oc1ccccc1On1nc(C(N)=O)ccc1=O)CCCC2,7.8,0.717745454399139,0.7685196104220974,0.21512456822885243
C[C@H](NCl)c1ccc(OCc2cc(C(C)(C)C3=CC=C(F)C(O)C3)ccc2Cl)cc1,8.0,0.4706047057364504,0.6807901312042339,0.12815321574545918
CC[C@@H](O)C(=O)N[C@@H](CC)c1cc2cc(NCl)ccc2[nH]1,7.9,0.6193475159884355,0.697727043953259,0.17069352704660998
Cc1cc(C)cc(C2(c3cccc(OC(F)(F)n4nc(C(=O)C(=O)NC5CCCC5)ccc4=O)c3)CC2)c1,8.0,0.3408454923337259,0.7561221607506821,0.10308833205820275
CC(C)CNC(=O)NCNC(=O)[C@H](O)[C@@H](C)n1cnc2c(c1=O)CCCC2,6.9,0.49913919830659104,0.6925421706427851,0.11925785562761043
CCNC(=O)NCCOCC(=O)NCc1c(C)noc1C,5.8,0.5963315009553442,0.8516250088703425,0.1472767377393203
C[C@@H](O)C1CCN(C(=O)c2ccc(Oc3ncc(C(N)=O)cc3Cl)cc2)CC1,8.0,0.7979600336198422,0.8015481959018003,0.2558413701398898
CCCc1nc(-c2ccnc(C3CCCC3)n2)c(C(=O)c2cc(C)ccc2C)cc1-n1nc(C(N)=O)ccc1=O,9.6,0.32425153949614605,0.7647857343995937,0.11903181684660427
C[C@](CNC=O)(O[C@@H](C(=O)NC1CC1)N1C(=O)CCCc2sccc21)C(N)=O,6.1,0.4962816106765806,0.6517426116939975,0.09865160128880777
CCC(=O)Nc1nc(C(CC=O)c2ccccc2)c(C)s1,6.8,0.8305401267845326,0.7768511498961868,0.2193700578593462
CCNc1cccccc(-c2ccc(-n3cc(C)cn3)o2)[nH]c1,7.1,0.7541299038634781,0.7467842687803327,0.19992618383183486
CCn1nc(-c2ccc(-c3ccc([C@H]4CCN(c5nnc(C)s5)C4)cc3)cc2)nc1C,7.4,0.4411046220094059,0.7759949737710871,0.12664913874700284
CC(=O)N1CCC(c2cccc(CN3CCc4[nH]c(=O)ccc4C3)c2)CC1,8.4,0.9097905246491319,0.8358474769555387,0.3193873681261338
Cc1cccc(CCC(=O)N2CCCCC[C@@H]2c2ccc3nc(C(=O)Nc4cccc(C)c4)sc3c2)c1,7.7,0.2967067226198604,0.7919566321898854,0.09046685986573742
CN(Oc1cc(F)c(N)cc1F)C(=O)CC(=O)Nc1cc(OCC(F)(F)F)ccc1O,6.5,0.19695933411944244,0.7847971479572661,0.05023626519616273
CC(=O)Nc1cc(Cl)cc(C(=O)c2ccc(=O)[nH]n2)c1NCC(=O)N1CCCCC1,8.4,0.6009842028458701,0.8073642405626674,0.20378952489874275
CSC1=C(CNC(=O)[C@@H]2CNC(=O)C2)N=N[C@@H]1[C@@H]1C[NH+](CNC(=O)N2CCC(C)CC2)CO1,7.7,0.3826204137878991,0.5271598649924489,0.07765531838517678
Cc1ccc(C(=O)CNC(=O)CCN2CCc3[nH]c(=O)ccc3C2)c([N+](=O)[O-])c1,7.5,0.41182234632124,0.8146602128984013,0.12581073012389268
C[C@@H](NC(=O)On1nc(C(N)=O)ccc1=O)C(=O)NCC(=O)[O-],6.6,0.4683957070294996,0.7002913023388957,0.10824443509625992
NC(=O)c1ccc(C(=O)c2ccc(N3CCc4[nH]c(=O)ccc4C3)nc2)nc1,8.8,0.6576180706947425,0.8129969181144049,0.23524224449931327
CS(=O)(=O)N1CCC[C@H](NOc2ccc(CNC(=O)c3ccccc3O)cc2)C1,7.3,0.5889880634155482,0.7919554012985552,0.17025508151464658
NC(=O)c1cnc(O[C@H]2CNCc3ccccc32)c(Cl)c1,7.5,0.9096192052100025,0.7673860086532489,0.26176089423016663
CCNc1n[nH+]c(-c2ccc(CCC(=O)NC3=NCCS3)c(N(C)C)c2)c(C)c1C,7.1,0.7099014536546006,0.7064801746286015,0.1780436125461851
CCNc1n[nH+]c(N2N=C(C)/C(=N/N)C2=O)c(C)c1C,6.6,0.5967954842048383,0.6569731737314357,0.1293859456977917
CCC(=O)NN1CCN(N2CCc3[nH]c(=O)ccc3C2)CC1,6.5,0.8026519207825241,0.7557147429743654,0.19713716425391492
CCC(=O)Nc1nc(N2C(=O)CN=C2N2CCS(=O)(=O)C[C@H](OC)C2=O)cs1,6.4,0.6785271036912031,0.6746673408594067,0.14648962455948125
Cc1noc(C2=CC=CC2)c1CNC(=O)C1=CCC(c2ccc3c(c2)CNC3=O)C=C1,8.5,0.7797381589710853,0.6774927515488646,0.2245134540938108
C[C@H]1N=C(S)NC(C(=O)NC2=NCCS2)=C1Oc1ncc(C(N)=O)cc1Cl,8.7,0.5293286513827353,0.6571527399500349,0.15131465151174628
CCC(=O)Nc1nc(CNC(=O)CNC(=O)N2CCc3[nH]c(=O)ccc3C2)cs1,7.7,0.5435204142289409,0.8110654569166533,0.16971979374739798
CC1(C)COCCN1C(=O)C1NC(=O)[C@@H](N)C[C@@H](C(=O)c2ccc(C(N)=O)cn2)CO1,8.1,0.49813218196693926,0.6313623349208214,0.12737326848986935
