rv,smi,cur_sentence,elapsed_time,seed
12.3,O=C(Cc1coc2ccc3ccccc3c12)Nc1cc(=O)n(-c2ccccc2)[nH]1,[BOS]O=C(Cc1coc2ccc3ccccc3c12)Nc1cc(=O)n(-c2ccccc2)[nH]1[EOS],5382.956324100494,42
12.6,NC(=O)C1CCCN(c2ccc(-c3noc(CC([NH3+])Cc4cccc5ccccc45)n3)cc2)C1,[BOS]NC(=O)[C@H]1CCCN(c2ccc(-c3noc(C[C@H]([NH3+])Cc4cccc5ccccc45)n3)cc2)C1[EOS],10775.419999837875,42
13.3,O=C(Nc1ccc(Oc2cnc3ccccc3c2)cc1)C(=O)NC1c2ccccc2CCC1n1ccnc1,[BOS]O=C(Nc1ccc(Oc2cnc3ccccc3c2)cc1)C(=O)N[C@H]1c2ccccc2CC[C@H]1n1ccnc1[EOS],16152.719226837158,42
13.4,O=C(COc1ccc(C(=O)C=Cc2ccc3c(c2)-c2ccccc2C3)cc1)Nc1cccc(N2CCCCCC2=O)c1,[BOS]O=C(COc1ccc(C(=O)C=Cc2ccc3c(c2)-c2ccccc2C3)cc1)Nc1cccc(N2CCCCCC2=O)c1[EOS],22420.513753414154,42
12.7,Cc1cc(-c2noc(C(C)NC(=O)C(=O)Nc3ccc4c(c3)CCCC(=O)N4)n2)ccc1F,[BOS]Cc1cc(-c2noc([C@H](C)NC(=O)C(=O)Nc3ccc4c(c3)CCCC(=O)N4)n2)ccc1F[EOS],27618.533663272858,42
12.2,CN1C(=O)CCC2CN(C(=O)c3cccc(Oc4ccc(OC(F)(F)F)cc4)c3)CCC21,[BOS]CN1C(=O)CC[C@@H]2CN(C(=O)c3cccc(Oc4ccc(OC(F)(F)F)cc4)c3)CC[C@H]21[EOS],32315.154819488525,42
10.8,Cc1cccnc1CCNC(=O)C(=O)Nc1ccc2nc3n(c(=O)c2c1)CCCCC3,[BOS]Cc1cccnc1CCNC(=O)C(=O)Nc1ccc2nc3n(c(=O)c2c1)CCCCC3[EOS],37281.808952093124,42
12.3,O=C(Nc1ccc(C2(NC(=O)C3CNc4ccccc43)CCC2)cc1)C1=NOC(c2ccccc2)C1,[BOS]O=C(Nc1ccc(C2(NC(=O)[C@@H]3CNc4ccccc43)CCC2)cc1)C1=NO[C@@H](c2ccccc2)C1[EOS],42837.98892235756,42
13.6,Cc1ccc(Oc2ccc(NC(=O)Nc3ccc4c(c3)N(C)CC4)cc2)cc1C1=NN=C(N)C2CCCN2C1O,[BOS]Cc1ccc(Oc2ccc(NC(=O)Nc3ccc4c(c3)N(C)CC4)cc2)cc1C1=NN=C(N)C2CCCN2C1O[EOS],47715.9797668457,42
11.6,Cc1c([O-])n(-c2cccc(C(=O)NCc3ccccn3)c2)c(=O)n1-c1ccc(F)cc1,[BOS]Cc1c([O-])n(-c2cccc(C(=O)NCc3ccccn3)c2)c(=O)n1-c1ccc(F)cc1[EOS],52484.3380446434,42
11.2,CC(c1ccc(NC(=O)NC2(Cc3ccccc3)CC2)cc1)[NH+]1CCOCC1,[BOS]C[C@H](c1ccc(NC(=O)NC2(Cc3ccccc3)CC2)cc1)[NH+]1CCOCC1[EOS],57696.62497115135,42
12.2,Cc1c(NC(=O)Cc2coc3cc4c(cc23)CCC4)cccc1C(=O)Nc1ccccc1,[BOS]Cc1c(NC(=O)Cc2coc3cc4c(cc23)CCC4)cccc1C(=O)Nc1ccccc1[EOS],62755.74088382721,42
12.5,Cc1ccc(-n2nc(C(=O)Nc3ccc4c(c3)CCNC4=O)c3ccccc3c2=O)c(C)c1,[BOS]Cc1ccc(-n2nc(C(=O)Nc3ccc4c(c3)CCNC4=O)c3ccccc3c2=O)c(C)c1[EOS],4537.351190567017,42
13.0,Cc1ccc(Oc2ccc(NC(=O)NCC3(C)CCCc4ccccc43)cn2)cc1C,[BOS]Cc1ccc(Oc2ccc(NC(=O)NC[C@@]3(C)CCCc4ccccc43)cn2)cc1C[EOS],9757.243897914886,42
12.6,NC(=O)N1CCc2cc(NC(=O)c3cccc(NC(=O)C4Cc5ccccc5O4)c3)ccc21,[BOS]NC(=O)N1CCc2cc(NC(=O)c3cccc(NC(=O)[C@H]4Cc5ccccc5O4)c3)ccc21[EOS][EOS][EOS][EOS][EOS][EOS][EOS],14448.986700057983,42
13.5,Cc1ccc(-c2ccc(C(=O)Nc3ccc(Oc4ncnc5c4cnn5-c4ccccc4)c(Cl)c3)c(Cl)c2)cc1C,[BOS]Cc1ccc(-c2ccc(C(=O)Nc3ccc(Oc4ncnc5c4cnn5-c4ccccc4)c(Cl)c3)c(Cl)c2)cc1C[EOS],19582.963069200516,42
12.3,O=C(Nc1ccc(Cn2c(O)cc3ccc(Cl)cc32)cc1)N1CCC(c2ccc(F)cc2)C1,[BOS]O=C(Nc1ccc(Cn2c(O)cc3ccc(Cl)cc32)cc1)N1CC[C@H](c2ccc(F)cc2)C1[EOS],25070.073139190674,42
13.4,O=C(NCc1ccc(-c2ccc3c(c2)CCO3)cc1)c1ccc2[nH]c3c(c2c1)CCCNC3=O,[BOS]O=C(NCc1ccc(-c2ccc3c(c2)CCO3)cc1)c1ccc2[nH]c3c(c2c1)CCCNC3=O[EOS],30071.384509801865,42
11.6,O=C(NC1(c2ccc(NC(=O)C3(c4ccc(O)cc4)CC3)cc2)CCC1)c1cnn2cccc(F)c12,[BOS]O=C(NC1(c2ccc(NC(=O)C3(c4ccc(O)cc4)CC3)cc2)CCC1)c1cnn2cccc(F)c12[EOS][EOS][EOS][EOS][EOS][EOS][EOS],35810.55513429642,42
12.3,O=C(NCCCc1nc(-c2ccc(F)cc2)no1)C1CC12CCCc1ccccc12,[BOS]O=C(NCCCc1nc(-c2ccc(F)cc2)no1)[C@H]1C[C@]12CCCc1ccccc12[EOS],41894.58263134956,42
12.2,CC(C)(NC(=O)NCc1nc(-c2ccc(F)cc2)n[nH]1)c1nnc2n1CCCCC2,[BOS]CC(C)(NC(=O)NCc1nc(-c2ccc(F)cc2)n[nH]1)c1nnc2n1CCCCC2[EOS],47074.05324983597,42
11.5,CC(NC(=O)NC1CCN(c2ccc(C(F)(F)F)cc2)C1)c1ccc2c(c1)CCCC2,[BOS]C[C@H](NC(=O)N[C@@H]1CCN(c2ccc(C(F)(F)F)cc2)C1)c1ccc2c(c1)CCCC2[EOS],52495.74550485611,42
12.7,O=C(NCCC1C(=O)Nc2ccccc21)C(=O)Nc1ccc(CC(=O)N2CCn3c2nc2ccccc23)cc1,[BOS]O=C(NCC[C@H]1C(=O)Nc2ccccc21)C(=O)Nc1ccc(CC(=O)N2CCn3c2nc2ccccc23)cc1[EOS],58563.36305761337,42
12.3,O=C(C=CC(=O)N1Cc2ccccc2C(c2ccccc2)C1)N1CCC(c2ncccc2Cl)CC1,[BOS]O=C(C=CC(=O)N1CCC(c2ncccc2Cl)CC1)N1Cc2ccccc2[C@H](c2ccccc2)C1[EOS],63323.842433452606,42
13.7,O=C(Nc1ccc2nc(Cc3ccccc3)oc2c1)c1ccc2c(c1)C(=O)c1ccccc1S2(=O)=O,[BOS]O=C(Nc1ccc2nc(Cc3ccccc3)oc2c1)c1ccc2c(c1)C(=O)c1ccccc1S2(=O)=O[EOS],5028.08259677887,42
11.1,O=S(=O)(c1ccc(NCc2ccnc(N3CCCC3)c2)cc1)c1nnc2n1CCCCC2,[BOS]O=S(=O)(c1ccc(NCc2ccnc(N3CCCC3)c2)cc1)c1nnc2n1CCCCC2[EOS],10232.439051389694,42
11.8,Cc1c(COc2ccccc2)cccc1NC(=O)C(=O)NCc1cc2ccccc2n(C)c1=O,[BOS]Cc1c(COc2ccccc2)cccc1NC(=O)C(=O)NCc1cc2ccccc2n(C)c1=O[EOS],15679.001460075378,42
13.1,O=C(NC1CCN(CCCc2ccccc2)C1=O)c1nc(-c2cccc3ccccc23)n(-c2ccc(F)cc2)n1,[BOS]O=C(N[C@H]1CCN(CCCc2ccccc2)C1=O)c1nc(-c2cccc3ccccc23)n(-c2ccc(F)cc2)n1[EOS],21336.076449394226,42
12.1,O=C(Nc1cnn(Cc2nnc3n2CCCC3)c1)NC(c1ccc(Cl)cc1)C1CCCCC1,[BOS]O=C(Nc1cnn(Cc2nnc3n2CCCC3)c1)N[C@@H](c1ccc(Cl)cc1)C1CCCCC1[EOS],26822.792362451553,42
12.4,CC(NC(=O)NCc1cccc(NC(=O)c2ccc(F)cc2)c1)c1ccc(F)c2ccccc12,[BOS]C[C@@H](NC(=O)NCc1cccc(NC(=O)c2ccc(F)cc2)c1)c1ccc(F)c2ccccc12[EOS],32773.03518462181,42
13.4,O=C(OCC(=O)N1Cc2ccccc2C(c2ccccc2)C1)C1CC(=O)N(c2ccc3c(c2)CCC3)C1,[BOS]O=C(OCC(=O)N1Cc2ccccc2[C@H](c2ccccc2)C1)[C@H]1CC(=O)N(c2ccc3c(c2)CCC3)C1[EOS],38911.51769781113,42
11.8,O=C(NCCCCCN1C(=O)c2ccccc2C1=O)Nc1ccc2c(c1)C(=O)NC2=O,[BOS]O=C(NCCCCCN1C(=O)c2ccccc2C1=O)Nc1ccc2c(c1)C(=O)NC2=O[EOS],44610.91817307472,42
12.9,Cc1ccc(C(=O)NC2COc3c(C)cccc3C2)cc1C(=O)c1ccc2c(c1)OCCC2C(=O)O,[BOS]Cc1ccc(C(=O)N[C@H]2COc3c(C)cccc3C2)cc1C(=O)c1ccc2c(c1)OCCC2C(=O)O[EOS],49312.76824879646,42
12.8,CC(C)Cn1nc(-c2nnc(-c3ccc(COc4ccc5ccccc5c4)o3)o2)c2ccccc2c1=O,[BOS]CC(C)Cn1nc(-c2nnc(-c3ccc(COc4ccc5ccccc5c4)o3)o2)c2ccccc2c1=O[EOS],54580.178745269775,42
12.1,CC(=O)Nc1ccc(-c2cc(F)cc3c2NC(=O)C32CC[NH2+]CC2)c(C(F)(F)F)c1,[BOS]CC(=O)Nc1ccc(-c2cc(F)cc3c2NC(=O)C32CC[NH2+]CC2)c(C(F)(F)F)c1[EOS],59027.68726015091,42
12.4,O=c1cc(-c2[nH+]c(-c3ccc(-c4ccc5c(c4)CCCO5)c([N+](=O)[O-])c3)no2)[nH]n1-c1cccc(O)c1,[BOS]O=[N+]([O-])c1cc(-c2noc(-c3cc(=O)n(-c4cccc(O)c4)[nH]3)[nH+]2)ccc1-c1ccc2c(c1)CCCO2[EOS],63450.65906095505,42
13.9,O=C(Nc1ccc(F)c(C(=O)NCc2ccccc2F)c1)NC12CC3CC(CC(C3)C1c1ccc3cccnc3c1)C2,[BOS]O=C(NCc1ccccc1F)c1cc(NC(=O)NC23CC4C[C@@H](CC(C4)C2)[C@H]3c2ccc3cccnc3c2)ccc1F[EOS],5809.22377538681,42
11.5,Cc1cc(Nc2ccn3cc(-c4ccccc4)nc3c2)nc(-n2nc(C(F)(F)F)cc2C2CC2)c1,[BOS]Cc1cc(Nc2ccn3cc(-c4ccccc4)nc3c2)nc(-n2nc(C(F)(F)F)cc2C2CC2)c1[EOS],10348.983095884323,42
11.7,O=C(CCNC(=O)c1nn(-c2ccccc2)c(=O)c2ccccc12)NCc1ccccc1Cl,[BOS]O=C(CCNC(=O)c1nn(-c2ccccc2)c(=O)c2ccccc12)NCc1ccccc1Cl[EOS],16392.62023973465,42
12.0,Cc1cc(C)n(-c2ccc(CC(=O)N3CC=C(c4cccc5ccccc45)CC3)cc2)n1,[BOS]Cc1cc(C)n(-c2ccc(CC(=O)N3CC=C(c4cccc5ccccc45)CC3)cc2)n1[EOS],21359.13816857338,42
11.1,CC(NC(=O)NCc1cc2ccccc2[nH]1)c1ccc2c(c1)CCC(=O)N2C,[BOS]C[C@@H](NC(=O)NCc1cc2ccccc2[nH]1)c1ccc2c(c1)CCC(=O)N2C[EOS],26378.562535762787,42
11.5,O=C(NCc1cnccn1)Nc1cccc(NC(=O)Nc2cccc3c2CCCC3)c1,[BOS]O=C(NCc1cnccn1)Nc1cccc(NC(=O)Nc2cccc3c2CCCC3)c1[EOS],31259.05236363411,42
12.7,Cc1c[nH]cc1C(=O)NC1(c2ccc(NC(=O)c3c[nH]c(-c4ccc(C)c(-c5ccccc5)c4)c3)cc2)CCC1,[BOS]Cc1ccc(-c2cc(C(=O)Nc3ccc(C4(NC(=O)c5c[nH]cc5C)CCC4)cc3)c[nH]2)cc1-c1ccccc1[EOS],36511.31166625023,42
12.5,O=C1CCc2cc(NC(=O)C(=O)N3CCC(Cn4cnc5ccccc54)CC3)ccc2N1,[BOS]O=C(Nc1ccc2c(c1)CCC(=O)N2)C(=O)N1CCC(Cn2cnc3ccccc32)CC1[EOS],41202.08950924873,42
12.8,Cn1nc(-c2cccc(C(F)(F)F)c2)cc1NC(=O)NCc1ccc2c(c1)C(=O)NCC2,[BOS]Cn1nc(-c2cccc(C(F)(F)F)c2)cc1NC(=O)NCc1ccc2c(c1)C(=O)NCC2[EOS],46011.62981629372,42
11.5,Cc1ccc(CNC(=O)c2cccc(CNC(=O)NCC(c3ccc(F)cc3)[NH+]3CCOCC3)c2)cc1,[BOS]Cc1ccc(CNC(=O)c2cccc(CNC(=O)NC[C@H](c3ccc(F)cc3)[NH+]3CCOCC3)c2)cc1[EOS][EOS][EOS][EOS],51896.1230032444,42
12.0,O=C(NCc1ccc(NC(=O)c2ccc([N+](=O)[O-])c3ccccc23)cc1)c1cccc(Br)c1,[BOS]O=C(Nc1ccc(CNC(=O)c2cccc(Br)c2)cc1)c1ccc([N+](=O)[O-])c2ccccc12[EOS],56889.93634414673,42
11.9,NC(=O)c1cc(NC(=O)CCc2nc3cc(C(F)(F)F)ccc3s2)nc2ccccc12,[BOS]NC(=O)c1cc(NC(=O)CCc2nc3cc(C(F)(F)F)ccc3s2)nc2ccccc12[EOS],61868.43419289589,42
12.7,Cc1cc2cc(-c3nc(-c4cccc(OCc5ccccc5)c4)no3)c(=O)[nH]c2cc1C,[BOS]Cc1cc2cc(-c3nc(-c4cccc(OCc5ccccc5)c4)no3)c(=O)[nH]c2cc1C[EOS],4736.045079469681,42
12.9,Cc1cccc2nc(CCNC(=O)c3cc(-c4ccccc4Cl)n(-c4ccc(Cl)c(Cl)c4)n3)[nH]c(=O)c12,[BOS]Cc1cccc2nc(CCNC(=O)c3cc(-c4ccccc4Cl)n(-c4ccc(Cl)c(Cl)c4)n3)[nH]c(=O)c12[EOS],11396.711067199707,42
11.7,Cn1cc(-c2cccc(NC(=O)NCc3cccc(Cn4ccc5ccccc54)c3)c2)nn1,[BOS]Cn1cc(-c2cccc(NC(=O)NCc3cccc(Cn4ccc5ccccc54)c3)c2)nn1[EOS],17235.365973711014,42
11.8,CC(NC(=O)NC1CCc2ccccc2OC1)c1ccc2c(c1)CC(=O)NC2=O,[BOS]C[C@@H](NC(=O)N[C@@H]1CCc2ccccc2OC1)c1ccc2c(c1)CC(=O)NC2=O[EOS],22207.48911523819,42
13.5,CC1CC(CCNC(=O)c2ccc(COc3ccc4c(ccc5ccccc54)c3)o2)CN1c1nc(=N)[nH][nH]1,[BOS]C[C@H]1C[C@@H](CCNC(=O)c2ccc(COc3ccc4c(ccc5ccccc54)c3)o2)CN1c1nc(=N)[nH][nH]1[EOS],28666.63765692711,42
13.7,O=C(Nc1cccc(C(=O)N2CCc3c(F)ccc(F)c3C2)c1)c1ccc2ccccc2c1,[BOS]O=C(Nc1cccc(C(=O)N2CCc3c(F)ccc(F)c3C2)c1)c1ccc2ccccc2c1[EOS],33768.607446193695,42
12.0,CC1Cc2cc(-c3ccc(CNC(=O)NCCc4cc(F)ccc4F)cc3)ccc2O1,[BOS]O=C(NCCc1cc(F)ccc1F)NCc1ccc(-c2ccc3c(c2)C[C@H](C)O3)cc1[EOS],39149.98509001732,42
12.4,Fc1ccc(COc2cccc(-c3noc(C4CCCC5CCCCC54)n3)c2)cc1C1OCCO1,[BOS]Fc1ccc(COc2cccc(-c3noc([C@@H]4CCC[C@H]5CCCC[C@H]54)n3)c2)cc1C1OCCO1[EOS],44599.92723798752,42
10.4,CN1CCC(c2noc(-c3ccc(-n4ncc5ccccc54)cc3Cl)n2)c2ccccc21,[BOS]CN1CC[C@@H](c2noc(-c3ccc(-n4ncc5ccccc54)cc3Cl)n2)c2ccccc21[EOS][EOS][EOS],49269.605979681015,42
12.2,CC(=O)N(c1ccc(NC(=O)CNC(=O)c2ccc3ccccc3c2)cc1)C1CC1C,[BOS]CC(=O)N(c1ccc(NC(=O)CNC(=O)c2ccc3ccccc3c2)cc1)C1CC1C[EOS],54841.00186467171,42
12.2,O=C(c1cc(-c2ccccc2Cl)nc2ccccc12)N1CC2OCC(F)(F)C2C1,[BOS]O=C(c1cc(-c2ccccc2Cl)nc2ccccc12)N1C[C@@H]2OCC(F)(F)[C@@H]2C1[EOS],59766.7445704937,42
12.7,Cc1cc(NC(=O)CCNC(=O)N2CCC(c3ccc4ccccc4c3)CC2)no1,[BOS]Cc1cc(NC(=O)CCNC(=O)N2CCC(c3ccc4ccccc4c3)CC2)no1[EOS],65322.20052528381,42
13.1,O=C(CCn1[nH]c(=O)c2ccccc2c1=O)Nc1ccc(CC(=O)N2CCCc3ccccc32)cc1,[BOS]O=C(CCn1[nH]c(=O)c2ccccc2c1=O)Nc1ccc(CC(=O)N2CCCc3ccccc32)cc1[EOS],6112.938737154007,42
11.6,O=C(NCc1cc(F)c(N2CCOCC2)c(F)c1)NCC1C2Cc3ccccc3C12,[BOS]O=C(NCc1cc(F)c(N2CCOCC2)c(F)c1)NC[C@@H]1[C@@H]2Cc3ccccc3[C@@H]12[EOS],11269.783090353012,42
10.6,Cc1sc(C(C)[NH2+]Cc2cnc(-c3ccccc3F)nc2)nc1-c1ccc(Cl)cc1,[BOS]Cc1sc([C@@H](C)[NH2+]Cc2cnc(-c3ccccc3F)nc2)nc1-c1ccc(Cl)cc1[EOS],16647.926287651062,42
12.3,N#Cc1ccc(NC(N)=[NH+]Cc2ccc(-c3ccco3)cc2F)cc1-c1cc[nH+]c2ccccc12,[BOS]N#Cc1ccc(NC(N)=[NH+]Cc2ccc(-c3ccco3)cc2F)cc1-c1cc[nH+]c2ccccc12[EOS],21415.790984392166,42
12.8,Cc1cc(-c2nnn(CCCC(=O)Nc3ccn(-c4ccccc4C(F)(F)F)n3)c2C)cc2c1-c1[nH]ncc1CC2,[BOS]Cc1cc(-c2nnn(CCCC(=O)Nc3ccn(-c4ccccc4C(F)(F)F)n3)c2C)cc2c1-c1[nH]ncc1CC2[EOS][EOS],27217.92827773094,42
12.9,O=C(c1ccc(F)cc1)c1ccc(OCCNc2ccc3c4c(cccc24)CC2CCCN32)cc1F,[BOS]O=C(c1ccc(F)cc1)c1ccc(OCCNc2ccc3c4c(cccc24)CC2CCCN32)cc1F[EOS],32405.814830303192,42
12.9,Cc1ccc(-c2ccc(C(=O)NCCn3c(C)cc(=O)c4ccccc43)o2)cc1-c1ccc(Cl)cc1Cl,[BOS]Cc1ccc(-c2ccc(C(=O)NCCn3c(C)cc(=O)c4ccccc43)o2)cc1-c1ccc(Cl)cc1Cl[EOS],37833.31324028969,42
11.7,O=C(COC(=O)CCOc1ccc2ccccc2c1)NC(=O)c1ccc(S(=O)(=O)N2CCCCC2)cc1,[BOS]O=C(COC(=O)CCOc1ccc2ccccc2c1)NC(=O)c1ccc(S(=O)(=O)N2CCCCC2)cc1[EOS],44018.74930238724,42
11.1,O=C1Cc2ccc(CC(=O)Nc3nn(-c4ccc(F)cc4)c4c3CCC4)cc2N1,[BOS]O=C1Cc2ccc(CC(=O)Nc3nn(-c4ccc(F)cc4)c4c3CCC4)cc2N1[EOS][EOS][EOS][EOS][EOS],48552.46597504616,42
13.4,O=C(Nc1ccc(Cc2nnc3ccccn23)cc1)C(=O)NC1CCCC(c2ccc(Cl)cc2)C1,[BOS]O=C(Nc1ccc(Cc2nnc3ccccn23)cc1)C(=O)N[C@H]1CCC[C@@H](c2ccc(Cl)cc2)C1[EOS],53857.97395706177,42
12.3,Cc1sc(=O)n(CCCc2nc(CCc3ccc4ccccc4c3)no2)c1-c1ccc(F)cc1,[BOS]Cc1sc(=O)n(CCCc2nc(CCc3ccc4ccccc4c3)no2)c1-c1ccc(F)cc1[EOS],60257.85525012016,42
11.8,Cc1oc2ccc(NC(=O)NCC(O)c3ccc4ccccc4c3)cc2c1C,[BOS]Cc1oc2ccc(NC(=O)NC[C@@H](O)c3ccc4ccccc4c3)cc2c1C[EOS],64638.01675915718,42
12.5,CC1Cc2cc(C(=O)Nc3cccc(-c4[nH+]cc5n4CCCC5)c3)ccc2OC1c1ccccc1,[BOS]C[C@H]1Cc2cc(C(=O)Nc3cccc(-c4[nH+]cc5n4CCCC5)c3)ccc2O[C@H]1c1ccccc1[EOS],4460.430248737335,42
11.5,O=C(Cc1ccccn1)Nc1cc(C2CCCCN2C(=O)c2ccc3cn[nH]c3c2)[nH]n1,[BOS]O=C(Cc1ccccn1)Nc1cc([C@@H]2CCCCN2C(=O)c2ccc3cn[nH]c3c2)[nH]n1[EOS],10174.41584944725,42
12.6,O=C(Nc1ccc(F)cc1)Nc1cccc(CNC(=O)C2CC2c2ccc3ccccc3c2)c1,[BOS]O=C(Nc1cccc(CNC(=O)[C@H]2C[C@@H]2c2ccc3ccccc3c2)c1)Nc1ccc(F)cc1[EOS],16374.845716953278,42
12.7,Brc1cc(-c2nc(-c3ccc4ccccc4c3)no2)ccc1C1CC(c2ccccn2)=NN1Cc1ccccc1,[BOS]Brc1cc(-c2nc(-c3ccc4ccccc4c3)no2)ccc1[C@H]1CC(c2ccccn2)=NN1Cc1ccccc1[EOS],20367.485248804092,42
12.1,O=C1CC(Cc2ccc(NC(=O)Nc3ccc(C(=O)N4CCCCCC4)cc3)cc2)C(=O)N1,[BOS]O=C1C[C@H](Cc2ccc(NC(=O)Nc3ccc(C(=O)N4CCCCCC4)cc3)cc2)C(=O)N1[EOS],25304.423105955124,42
12.5,Cc1ccc(CC(C)NC(=O)C(=O)Nc2cc(N3CCCSC(=O)C3)c(F)cc2F)cc1-c1ccccc1,[BOS]Cc1ccc(C[C@@H](C)NC(=O)C(=O)Nc2cc(N3CCCSC(=O)C3)c(F)cc2F)cc1-c1ccccc1[EOS],30953.669113874435,42
13.2,O=C(Cc1ccc(NC(=O)c2ccccc2Br)cc1)Nc1ccc2c(c1)C(=O)c1ccccc1C2=O,[BOS]O=C(Cc1ccc(NC(=O)c2ccccc2Br)cc1)Nc1ccc2c(c1)C(=O)c1ccccc1C2=O[EOS],36724.365090847015,42
12.7,Cc1ccc2[nH]c3c(c2c1)CC(NC(=O)CCc1nnc(-c2cc4cccc(C)c4o2)cc1C(F)(F)F)CC3,[BOS]Cc1ccc2[nH]c3c(c2c1)C[C@H](NC(=O)CCc1nnc(-c2cc4cccc(C)c4o2)cc1C(F)(F)F)CC3[EOS],41586.98931145668,42
11.8,CC1Cc2cc(-c3ccc(C[NH2+]C(C)c4noc(Cc5ccccc5)n4)cc3)ccc2O1,[BOS]C[C@@H]1Cc2cc(-c3ccc(C[NH2+][C@H](C)c4noc(Cc5ccccc5)n4)cc3)ccc2O1[EOS],46770.78497481346,42
11.7,Cc1cc(Oc2cccc3c2c(=O)oc2cc(O)c(O)cc23)ccc1CSc1cccc(C)c1O,[BOS]Cc1cc(Oc2cccc3c4cc(O)c(O)cc4oc(=O)c23)ccc1CSc1cccc(C)c1O[EOS][EOS][EOS][EOS][EOS][EOS][EOS],52302.453652858734,42
11.9,O=c1ccc(-c2nc(-c3ccnc(Oc4ccccc4F)c3)no2)nn1-c1nc2c(s1)CCCCC2,[BOS]O=c1ccc(-c2nc(-c3ccnc(Oc4ccccc4F)c3)no2)nn1-c1nc2c(s1)CCCCC2[EOS],57862.95219254494,42
12.5,O=C(COC(=O)Cc1coc2cc3c(cc12)CCC3)NCC(c1ccccc1)c1c[nH]c2ccccc12,[BOS]O=C(COC(=O)Cc1coc2cc3c(cc12)CCC3)NC[C@H](c1ccccc1)c1c[nH]c2ccccc12[EOS],64441.22116279602,42
11.2,CN(CCCCCc1cc(-c2ccc(F)cc2)n[nH]1)C(=O)NC1CCc2cc(F)ccc21,[BOS]CN(CCCCCc1cc(-c2ccc(F)cc2)n[nH]1)C(=O)N[C@H]1CCc2cc(F)ccc21[EOS],5979.038746356964,42
12.1,O=C(CC1CCc2ccccc2C1)Nc1ccc(C(=O)N2CCCCCC2)cc1,[BOS]O=C(C[C@@H]1CCc2ccccc2C1)Nc1ccc(C(=O)N2CCCCCC2)cc1[EOS],10930.757623434067,42
11.7,O=C(NCCC1OCCc2ccccc21)C(=O)Nc1nn(-c2ccc(F)cc2)c2c1CCC2,[BOS]O=C(NCC[C@H]1OCCc2ccccc21)C(=O)Nc1nn(-c2ccc(F)cc2)c2c1CCC2[EOS],16520.080112457275,42
13.0,O=C(CCCN1C(=O)c2cccc3cccc(c23)C1=O)NC1C2Cc3c(Cl)cccc3C21,[BOS]O=C(CCCN1C(=O)c2cccc3cccc(c23)C1=O)N[C@@H]1[C@@H]2Cc3c(Cl)cccc3[C@H]21[EOS],22581.556730270386,42
12.7,CCc1cc(=O)oc2cc(CCC(O)=Nc3cc(-c4cccc([N+](=O)[O-])c4)cc4ncccc34)ccc12,[BOS]CCc1cc(=O)oc2cc(CCC(O)=Nc3cc(-c4cccc([N+](=O)[O-])c4)cc4ncccc34)ccc12[EOS],28020.414432525635,42
12.0,O=c1[nH]c(-c2nccc3c2cnn3-c2ccc(Cl)nn2)nc2c(Br)nccc12,[BOS]O=c1[nH]c(-c2nccc3c2cnn3c2ccc(Cl)nn2)nc2c(Br)nccc12[EOS],32531.500385046005,42
13.5,O=C(NS(=O)(=O)c1cc2c(cc1F)N(C1CC1)C(=O)CC2)c1c2c(nc3ccccc13)CCCCC2,[BOS]O=C1CCc2cc(S(=O)(=O)NC(=O)c3c4c(nc5ccccc35)CCCCC4)c(F)cc2N1C1CC1[EOS],37818.089760541916,42
12.2,O=C(c1cccc(-c2noc(-c3ccccc3F)n2)c1)N1Cc2cnn(-c3ccccc3)c2C1,[BOS]O=C(c1cccc(-c2noc(-c3ccccc3F)n2)c1)N1Cc2cnn(-c3ccccc3)c2C1[EOS],42833.25477385521,42
11.4,NC(=O)NC(Cc1nc(CCn2cnc3ccccc3c2=O)no1)c1cccc(Oc2ccccc2)c1,[BOS]NC(=O)N[C@H](Cc1nc(CCn2cnc3ccccc3c2=O)no1)c1cccc(Oc2ccccc2)c1[EOS][EOS][EOS][EOS][EOS][EOS],48710.909138679504,42
12.1,Cc1nn(-c2cccc(F)c2)cc1-c1nc(-c2cn(-c3ccccc3)nc2-c2ccncc2)no1,[BOS]Cc1nn(-c2cccc(F)c2)cc1-c1nc(-c2cn(-c3ccccc3)nc2-c2ccncc2)no1[EOS],53457.30962729454,42
12.3,O=C(NCc1nc(-c2cccc(Cl)c2)no1)NCc1ccc(-n2cnc3ccccc32)cc1Cl,[BOS]O=C(NCc1nc(-c2cccc(Cl)c2)no1)NCc1ccc(-n2cnc3ccccc32)cc1Cl[EOS],58869.16758418083,42
12.1,Cc1c(Br)ccc2oc(C(=O)[NH+]=C(N)c3nn(Cc4ccccc4F)c4ncccc34)cc12,[BOS]Cc1c(Br)ccc2oc(C(=O)[NH+]=C(N)c3nn(Cc4ccccc4F)c4ncccc34)cc12[EOS],63529.817088127136,42
12.0,O=C(NCc1ccc(C[NH+]2CCN(c3ccc(F)cc3)CC2)cc1)NCc1nc(-c2ccc(F)cc2)n[nH]1,[BOS]O=C(NCc1nc(-c2ccc(F)cc2)n[nH]1)NCc1ccc(C[NH+]2CCN(c3ccc(F)cc3)CC2)cc1[EOS],5437.225540876389,42
12.8,O=C(Nc1nc2c(Cl)cccc2s1)c1ccc2c(c1)CC(c1ccccc1)OC2=O,[BOS]O=C1O[C@@H](c2ccccc2)Cc2cc(C(=O)Nc3nc4c(Cl)cccc4s3)ccc21[EOS],10384.85614824295,42
11.1,CC1Cc2cc(NC(=O)C(=O)NCC(Cc3ccccc3)c3ccccc3)ccc2N(C)C1=O,[BOS]C[C@@H]1Cc2cc(NC(=O)C(=O)NC[C@@H](Cc3ccccc3)c3ccccc3)ccc2N(C)C1=O[EOS][EOS][EOS][EOS][EOS][EOS][EOS][EOS],15356.716301441193,42
11.2,Cc1ccc2ncc(C[NH+]3CCCC(CNC(=O)Nc4cccc(F)c4)C3)cc2c1,[BOS]Cc1ccc2ncc(C[NH+]3CCC[C@@H](CNC(=O)Nc4cccc(F)c4)C3)cc2c1[EOS],20502.413570404053,42
11.8,O=C(Nc1ncn(Cc2ccccc2)n1)C(=O)NC(c1cccc(C(F)(F)F)c1)C1CCCCC1,[BOS]O=C(Nc1ncn(Cc2ccccc2)n1)C(=O)N[C@@H](c1cccc(C(F)(F)F)c1)C1CCCCC1[EOS],25481.995373010635,42
11.7,O=C(Nc1cccc(Cl)c1)NC1(CNC(=O)Oc2ccc3ccccc3c2-c2ccccc2OC(=O)C2CCC2)CCCC1,[BOS]O=C(NCC1(NC(=O)Nc2cccc(Cl)c2)CCCC1)Oc1ccc2ccccc2c1-c1ccccc1OC(=O)C1CCC1[EOS],30916.121239423752,42
11.7,Cc1cc(-c2cncc(C(=O)N=c3cc(-c4ccc5c(c4)CCN5C)n(C)[nH]3)c2)ccc1N,[BOS]CN1CCc2cc(-c3cc(=NC(=O)c4cncc(-c5ccc(N)c(C)c5)c4)[nH]n3C)ccc21[EOS][EOS][EOS][EOS],34609.203808546066,42
11.0,Cc1nc2ccccc2c(C)c1CC(O)=NC1CCc2nnc(-c3cccc(F)c3)n2CC1,[BOS]Cc1nc2ccccc2c(C)c1CC(O)=NC1CCc2nnc(-c3cccc(F)c3)n2CC1[EOS],39489.87531161308,42
10.9,Cc1ccc(-n2nc(NC(=O)CC=Cc3cccc(F)c3)cc2C)cc1,[BOS]Cc1ccc(-n2nc(NC(=O)CC=Cc3cccc(F)c3)cc2C)cc1[EOS],44215.50517964363,42
11.4,CCC1CCc2nc(NC(=O)CCc3nc(-c4ccc(C(C)C)cc4)no3)sc2C1,[BOS]CC[C@@H]1CCc2nc(NC(=O)CCc3nc(-c4ccc(C(C)C)cc4)no3)sc2C1[EOS],48946.6556789875,42
11.5,CC(CNC(=O)NC1COc2c(F)cc(F)cc2C1)[NH+]1CCc2ccccc2C1,[BOS]C[C@H](CNC(=O)N[C@H]1COc2c(F)cc(F)cc2C1)[NH+]1CCc2ccccc2C1[EOS],53660.34544014931,42
12.8,O=C(CNC(=O)C(=O)Nc1ccc2oc3ccccc3c2c1)Nc1cccc2c(=O)[nH][nH]c(=O)c12,[BOS]O=C(CNC(=O)C(=O)Nc1ccc2oc3ccccc3c2c1)Nc1cccc2c(=O)[nH][nH]c(=O)c12[EOS],58990.75443172455,42
12.9,O=C1Cc2ccc(C(=O)Nc3ccc4nc(-c5cccc6ccccc56)oc4c3)cc2N1,[BOS]O=C1Cc2ccc(C(=O)Nc3ccc4nc(-c5cccc6ccccc56)oc4c3)cc2N1[EOS],4217.046482801437,42
11.6,Cn1nc(CCNC(=O)C(=O)Nc2ccc3c(c2)NC(=O)CC3)c2ccccc2c1=O,[BOS]Cn1nc(CCNC(=O)C(=O)Nc2ccc3c(c2)NC(=O)CC3)c2ccccc2c1=O[EOS],9836.683915376663,42
12.5,Cc1ccc(-n2nc(C)c(C)c(NC(=O)NCc3ccc(-c4ccccc4C)cc3)c2=O)cc1,[BOS]Cc1ccccc1-c1ccc(CNC(=O)Nc2c(C)c(C)nn(-c3ccc(C)cc3)c2=O)cc1[EOS],14944.48444199562,42
12.5,O=C(Nc1ccccc1F)Nc1cccc2c1CC[NH+](Cc1cn[nH]c1-c1ccc3c(c1)OCCO3)C2,[BOS]O=C(Nc1ccccc1F)Nc1cccc2c1CC[NH+](Cc1cn[nH]c1-c1ccc3c(c1)OCCO3)C2[EOS],20421.711694955826,42
11.6,O=C(CCn1c(=O)oc2ccccc21)Nc1cccc(C(=O)NCc2ccc3c(c2)OCO3)c1,[BOS]O=C(CCn1c(=O)oc2ccccc21)Nc1cccc(C(=O)NCc2ccc3c(c2)OCO3)c1[EOS],26345.03124690056,42
12.3,Cc1c(NCC(=O)Nc2cccc(Oc3ccccc3)c2)cccc1-c1nnc2n1CCCCC2,[BOS]Cc1c(NCC(=O)Nc2cccc(Oc3ccccc3)c2)cccc1-c1nnc2n1CCCCC2[EOS],31979.198284864426,42
11.8,Cc1ccc(-c2noc(CCCOC(=O)c3cc(-c4cnn(C)c4)nc4c(C)c(C)ccc34)n2)cc1F,[BOS]Cc1ccc(-c2noc(CCCOC(=O)c3cc(-c4cnn(C)c4)nc4c(C)c(C)ccc34)n2)cc1F[EOS],38159.44637823105,42
13.6,[O-][S+](c1ccc(Cl)c(N2CCNCC2)n1)c1cc(-c2ccc(C[NH+]3Cc4[nH]nc(-c5ccc6ccccc6c5)c4C3)o2)ccc1Cl,[BOS]Clc1ccc(-c2ccc(C[NH+]3Cc4[nH]nc(-c5ccc6ccccc6c5)c4C3)o2)cc1[S@@+]([O-])c1ccc(Cl)c(N2CCNCC2)n1[EOS],43503.12068629265,42
10.6,CC1CC(c2nc(Cc3cnc4ccccc4n3)no2)CCN1C(=O)OC(C)(C)C,[BOS]C[C@H]1C[C@@H](c2nc(Cc3cnc4ccccc4n3)no2)CCN1C(=O)OC(C)(C)C[EOS][EOS][EOS][EOS][EOS][EOS],48145.016819000244,42
12.6,Fc1ccc(-c2nnn(Cc3nnc(-c4ccc5ccccc5c4)o3)n2)c2ccccc12,[BOS]Fc1ccc(-c2nnn(Cc3nnc(-c4ccc5ccccc5c4)o3)n2)c2ccccc12[EOS],53575.387805223465,42
11.9,CC1C(=O)N(C)c2cnc([NH+]=C(N)CC(=O)OC3C[NH+](C(c4ccccc4)c4ccccc4)C3)nc2N1C1CCCC1,[BOS]C[C@@H]1C(=O)N(C)c2cnc([NH+]=C(N)CC(=O)OC3C[NH+](C(c4ccccc4)c4ccccc4)C3)nc2N1C1CCCC1[EOS][EOS][EOS][EOS][EOS][EOS][EOS][EOS],59578.914897441864,42
12.3,O=c1[nH]c(-c2ccc3ccccc3c2)c([O-])n1CCc1ccc(Cl)c2ccccc12,[BOS]O=c1[nH]c(-c2ccc3ccccc3c2)c([O-])n1CCc1ccc(Cl)c2ccccc12[EOS],64664.756825208664,42
11.6,CN(C)c1nccc(Oc2cccc(-c3nc(C4(c5c(F)cccc5F)CCCC4)no3)c2)n1,[BOS]CN(C)c1nccc(Oc2cccc(-c3nc(C4(c5c(F)cccc5F)CCCC4)no3)c2)n1[EOS],5367.345237255096,42
13.1,O=C(NCC[NH+]1CCc2[nH]c3cc(F)ccc3c(=O)c2C1)NCc1ccc(Cl)cc1C1CCC(O)C1,[BOS]O=C(NCC[NH+]1CCc2[nH]c3cc(F)ccc3c(=O)c2C1)NCc1ccc(Cl)cc1C1CC[C@@H](O)C1[EOS],11089.839386701584,42
11.8,CC(C(=O)N1CCCCC1c1cc(NC(=O)C2COc3ccccc3O2)n[nH]1)[NH+]1CC2CC2C1,[BOS]C[C@H](C(=O)N1CCCC[C@@H]1c1cc(NC(=O)[C@@H]2COc3ccccc3O2)n[nH]1)[NH+]1C[C@@H]2C[C@H]2C1[EOS],16902.981254816055,42
13.5,CN1C(=O)Cc2cc(C(=O)NCCN=c3[nH]c(-c4c[nH]c5ccccc45)nc4ccccc34)ccc2C1=O,[BOS]CN1C(=O)c2ccc(C(=O)NCCN=c3[nH]c(-c4c[nH]c5ccccc45)nc4ccccc34)cc2CC1=O[EOS],22438.606427431107,42
12.4,Cc1ccc(C2=NOC(C(=O)NNC(=O)NCc3ccc(F)cc3)NCC2)cc1COc1ccc2ncccc2c1,[BOS]Cc1ccc(C2=NO[C@@H](C(=O)NNC(=O)NCc3ccc(F)cc3)NCC2)cc1COc1ccc2ncccc2c1[EOS],27453.980697393417,42
14.0,O=C(Nc1ccc(F)c(N2CCCNC2=O)c1)Nc1ccc(Oc2ccnc3cc(CO)ccc23)c(F)c1F,[BOS]O=C(Nc1ccc(F)c(N2CCCNC2=O)c1)Nc1ccc(Oc2ccnc3cc(CO)ccc23)c(F)c1F[EOS],32684.69465827942,42
11.7,O=C(NCCC1COc2ccccc2O1)Nc1ccc(Oc2ccccc2C(F)(F)F)c(F)c1,[BOS]O=C(NCC[C@@H]1COc2ccccc2O1)Nc1ccc(Oc2ccccc2C(F)(F)F)c(F)c1[EOS],38150.01412177086,42
11.7,O=C(Nc1cccc(F)c1F)c1ccc2c(c1)CC(c1ccccc1)OC2=O,[BOS]O=C(Nc1cccc(F)c1F)c1ccc2c(c1)C[C@H](c1ccccc1)OC2=O[EOS],43035.18700003624,42
11.6,O=C(NCCc1ccc(OC(F)(F)F)cc1)N1CCC(c2cccc(C(F)(F)F)c2)C1,[BOS]O=C(NCCc1ccc(OC(F)(F)F)cc1)N1CC[C@@H](c2cccc(C(F)(F)F)c2)C1[EOS],48555.89453434944,42
11.2,Cc1ccc(C(O)c2ccccn2)cc1NC(=O)c1ccc(Nc2ccccc2C(C)(C)C)cc1,[BOS]Cc1ccc([C@@H](O)c2ccccn2)cc1NC(=O)c1ccc(Nc2ccccc2C(C)(C)C)cc1[EOS],54095.00642347336,42
13.0,Cc1cc2c(F)cc(-c3nc(-c4ccc5c(c4)COC5c4ccc(F)cc4)no3)cc2[nH]c1=N,[BOS]Cc1cc2c(F)cc(-c3nc(-c4ccc5c(c4)CO[C@@H]5c4ccc(F)cc4)no3)cc2[nH]c1=N[EOS],58189.37185430527,42
13.4,O=C(Nc1cc(C2CCCCN2C(=O)c2n[nH]c3ccccc23)[nH]n1)c1ccc(-c2ccccc2)c(F)c1,[BOS]O=C(Nc1cc([C@H]2CCCCN2C(=O)c2n[nH]c3ccccc23)[nH]n1)c1ccc(-c2ccccc2)c(F)c1[EOS],63309.35748553276,42
12.9,O=C(Nc1ccc(Cc2nnc3ccccn23)cc1)c1ccc2c(c1)[nH]c(=O)c(=O)n2Cc1ccccc1Cl,[BOS]O=C(Nc1ccc(Cc2nnc3ccccn23)cc1)c1ccc2c(c1)[nH]c(=O)c(=O)n2Cc1ccccc1Cl[EOS],6204.054998159409,42
12.8,O=C(Nc1ccc(Br)cn1)c1cccc(-n2c([O-])c(Cc3cccc4ccccc34)[nH]c2=O)c1,[BOS]O=C(Nc1ccc(Br)cn1)c1cccc(-n2c([O-])c(Cc3cccc4ccccc34)[nH]c2=O)c1[EOS],11559.649449825287,42
13.4,O=C(Nc1ccc2c(c1)=CC(=C1NNc3cccnc31)N=2)C(=O)Nc1cnn(Cc2ccc3ccccc3c2)c1,[BOS]O=C(Nc1cnn(Cc2ccc3ccccc3c2)c1)C(=O)Nc1ccc2c(c1)=CC(=C1NNc3cccnc31)N=2[EOS],17449.413479328156,42
12.2,O=C(NC1C2Cc3ccccc3C21)c1cccc(NC(=O)C2Cc3ccccc3O2)c1,[BOS]O=C(N[C@@H]1[C@H]2Cc3ccccc3[C@@H]21)c1cccc(NC(=O)[C@@H]2Cc3ccccc3O2)c1[EOS],22463.4436147213,42
12.5,NC(=O)c1cccc(Oc2ccc(Nc3ccc4c(c3)C3(CCOCC3)C(=O)N4c3ccccc3)cc2)c1,[BOS]NC(=O)c1cccc(Oc2ccc(Nc3ccc4c(c3)C3(CCOCC3)C(=O)N4c3ccccc3)cc2)c1[EOS],28364.750955581665,42
11.6,O=C(NC1CC2CCC(C1)N2C(=O)c1cnc2c(F)c(F)ccc2c1)C1CCC(F)(F)CC1,[BOS]O=C(N[C@H]1C[C@H]2CC[C@@H](C1)N2C(=O)c1cnc2c(F)c(F)ccc2c1)C1CCC(F)(F)CC1[EOS],34019.355612277985,42
12.5,OC(=Nc1ccc(Oc2ccc(C(F)(F)F)c(Br)c2)c(F)c1)C1COc2cc3c(cc21)C1COCC1C=C3,[BOS]OC(=Nc1ccc(Oc2ccc(C(F)(F)F)c(Br)c2)c(F)c1)[C@H]1COc2cc3c(cc21)[C@@H]1COC[C@H]1C=C3[EOS][EOS][EOS],39637.040972948074,42
11.9,Fc1ccccc1COc1cncc(-c2nc(-c3ccc4c(c3)C(=C3CCC3)CCN4)no2)c1,[BOS]Fc1ccccc1COc1cncc(-c2nc(-c3ccc4c(c3)C(=C3CCC3)CCN4)no2)c1[EOS][EOS][EOS][EOS][EOS][EOS],44980.09949564934,42
11.5,Cc1cc(SC2CCCCC2)ccc1NC(=O)NCC1Cc2ccccc2N(C)C1=O,[BOS]Cc1cc(SC2CCCCC2)ccc1NC(=O)NC[C@H]1Cc2ccccc2N(C)C1=O[EOS],50607.402760505676,42
11.7,CC1(C)C(CNC(=O)C(=O)Nc2ccn(-c3cccc(C(F)(F)F)c3)n2)C1c1ccccc1,[BOS]CC1(C)[C@@H](CNC(=O)C(=O)Nc2ccn(-c3cccc(C(F)(F)F)c3)n2)[C@@H]1c1ccccc1[EOS],56114.3275783062,42
13.9,O=C(Nc1ccc(CC(=O)N2CCCC3c4ccccc4C=CC32)cc1)c1nn(-c2cccc(F)c2)c2c1C=CCC2,[BOS]O=C(Nc1ccc(CC(=O)N2CCCC3c4ccccc4C=CC32)cc1)c1nn(-c2cccc(F)c2)c2c1C=CCC2[EOS],61800.539083004,42
11.8,O=C(CCc1cccc(OC2CCCC2)c1)Nc1cccc(C(=O)N2CCCC(CO)C2)c1,[BOS]O=C(CCc1cccc(OC2CCCC2)c1)Nc1cccc(C(=O)N2CCC[C@@H](CO)C2)c1[EOS],67695.88787031174,42
11.9,CC1CCCc2ccccc2C1CNC(=O)Nc1cccc(C(C)[NH+]2CCOCC2)c1,[BOS]C[C@H](c1cccc(NC(=O)NC[C@@H]2c3ccccc3CCC[C@H]2C)c1)[NH+]1CCOCC1[EOS],5542.696043729782,42
12.2,O=C(NCC(O)Cc1ccccc1)c1ccc(-c2coc3cc(F)c(F)cc23)c2ccccc12,[BOS]O=C(NC[C@@H](O)Cc1ccccc1)c1ccc(-c2coc3cc(F)c(F)cc23)c2ccccc12[EOS],11238.932766199112,42
11.7,Cc1ccc(Cc2ccccn2)cc1NCC(=O)NC(=O)NC1CCCCC1C,[BOS]Cc1ccc(Cc2ccccn2)cc1NCC(=O)NC(=O)N[C@H]1CCCC[C@H]1C[EOS],16791.119512796402,42
12.7,O=C(CCNC(=O)N1Cc2ccccc2C(c2ccccc2)C1)Nc1cc(Cl)cc(C(F)(F)F)c1,[BOS]O=C(CCNC(=O)N1Cc2ccccc2[C@@H](c2ccccc2)C1)Nc1cc(Cl)cc(C(F)(F)F)c1[EOS],22335.874962091446,42
12.6,O=C(C=CC(=O)Nc1ccc2[nH]ncc2c1)NCc1oc2ccc(F)cc2c1C(=O)Nc1cccc2cnccc12,[BOS]O=C(C=CC(=O)Nc1ccc2[nH]ncc2c1)NCc1oc2ccc(F)cc2c1C(=O)Nc1cccc2cnccc12[EOS],27706.13675928116,42
11.9,O=C(c1cccc(Oc2ccc(-c3nn[n-]n3)cc2)c1)N1CC(C(F)(F)F)Cc2ccccc21,[BOS]O=C(c1cccc(Oc2ccc(-c3nn[n-]n3)cc2)c1)N1C[C@H](C(F)(F)F)Cc2ccccc21[EOS],32680.83909392357,42
11.5,CC(NC(=O)NC1CCC(c2ccccc2)CC1)c1ccc2c(c1)CCC(=O)N2C,[BOS]C[C@H](NC(=O)NC1CCC(c2ccccc2)CC1)c1ccc2c(c1)CCC(=O)N2C[EOS],37528.50045156479,42
13.1,O=C(NCCc1nc(-c2cccc(Cl)c2)no1)NCC(c1ccccc1)c1c[nH]c2ccccc12,[BOS]O=C(NCCc1nc(-c2cccc(Cl)c2)no1)NC[C@@H](c1ccccc1)c1c[nH]c2ccccc12[EOS],43393.836770534515,42
11.5,O=C(NCC1[NH2+]CCc2ccccc21)C(=O)N1CCCC(c2n[nH]c(C3CCCCC3)n2)C1,[BOS]O=C(NC[C@@H]1[NH2+]CCc2ccccc21)C(=O)N1CCC[C@H](c2n[nH]c(C3CCCCC3)n2)C1[EOS],48474.037740945816,42
12.7,Cc1ccc(NCc2ccc(OCC(=O)Nc3ccc(Nc4cccc5ccccc45)cc3)c(Cl)c2)cc1C,[BOS]Cc1ccc(NCc2ccc(OCC(=O)Nc3ccc(Nc4cccc5ccccc45)cc3)c(Cl)c2)cc1C[EOS][EOS][EOS],54115.93493270874,42
12.0,O=C(NCCN1C(=O)c2ccccc2C1=O)NCC1(c2ccc(F)cc2F)CCCCC1,[BOS]O=C(NCCN1C(=O)c2ccccc2C1=O)NCC1(c2ccc(F)cc2F)CCCCC1[EOS],59495.89833164215,42
12.7,O=C(NCCCCc1ccccc1)Nc1cccc(C(=O)N2CCc3ccccc32)c1,[BOS]O=C(NCCCCc1ccccc1)Nc1cccc(C(=O)N2CCc3ccccc32)c1[EOS],64657.26790833473,42
11.8,Cc1cc(C(=O)Nc2cccc(C(=O)NCc3ccccc3)c2)cc(C)c1OCC(=O)N1CCCCC1,[BOS]Cc1cc(C(=O)Nc2cccc(C(=O)NCc3ccccc3)c2)cc(C)c1OCC(=O)N1CCCCC1[EOS],5181.407555341721,42
11.5,CC1CCc2[nH]c3ccc(C(=O)NCCCc4nnc5n4CCCCC5)cc3c2C1,[BOS]C[C@@H]1CCc2[nH]c3ccc(C(=O)NCCCc4nnc5n4CCCCC5)cc3c2C1[EOS],10262.832819223404,42
12.5,O=C(NCc1ccnc(N2CCCCCC2)c1)NC1COc2c(F)cc(F)cc2C1,[BOS]O=C(NCc1ccnc(N2CCCCCC2)c1)N[C@@H]1COc2c(F)cc(F)cc2C1[EOS],15499.02264881134,42
13.8,O=C(CC[NH+]1CCCC2(C=Cc3ccccc3O2)C1)Nc1ccc2c(c1)C(=O)c1ccccc1C2=O,[BOS]O=C(CC[NH+]1CCC[C@@]2(C=Cc3ccccc3O2)C1)Nc1ccc2c(c1)C(=O)c1ccccc1C2=O[EOS],20699.90729212761,42
13.7,c1ccc2cc(-c3ccc4c(ccc5occ(-c6ccc7[nH]c8ccccc8c7c6)c54)c3)ccc2c1,[BOS]c1ccc2c(c1)[nH]c1ccc(-c3coc4ccc5cc(-c6ccc7ccccc7c6)ccc5c34)cc12[EOS][EOS][EOS],25283.086961507797,42
12.2,Cc1cccc(-n2ccc(C(=O)Nc3ccc(Cc4nnc5n4CCCCC5)cc3)c2)c1-c1cncc(F)c1,[BOS]Cc1cccc(-n2cc(C(=O)Nc3ccc(Cc4nnc5n4CCCCC5)cc3)cc2)c1-c1cncc(F)c1[EOS],30365.4328687191,42
12.9,Cc1ccc2[nH]c(C(=O)Nc3ccc(OC(=O)c4ccccc4)c(Cl)c3)cc2c1-c1ccccc1Cl,[BOS]Cc1ccc2[nH]c(C(=O)Nc3ccc(OC(=O)c4ccccc4)c(Cl)c3)cc2c1-c1ccccc1Cl[EOS],35532.0177898407,42
11.6,Cc1nc(CNC(=O)C(=O)N2CCc3c(cccc3C(C)C)C2)oc1-c1ccc(Cl)cc1,[BOS]Cc1nc(CNC(=O)C(=O)N2CCc3c(cccc3C(C)C)C2)oc1-c1ccc(Cl)cc1[EOS],40489.07814836502,42
12.1,CN1C(=O)c2ccc(NC(=O)COC(=O)CCc3c(-c4ccc5c(c4)OCO5)[nH]c4ccccc34)cc2C1=O,[BOS]CN1C(=O)c2ccc(NC(=O)COC(=O)CCc3c(-c4ccc5c(c4)OCO5)[nH]c4ccccc34)cc2C1=O[EOS],46469.66465187073,42
11.6,Nc1nnnn1-c1cccc(C(=O)N2CCc3ccc(-c4ccccc4)cc3C2)c1,[BOS]O=C(c1cccc(-n2nnnc2N)c1)N1CCc2ccc(-c3ccccc3)cc2C1[EOS],51487.12697815895,42
12.8,O=C(c1ccccc1)c1cccc(NC(=O)C2CCN(C(=O)CSc3ccnc4ccccc34)CC2)c1,[BOS]O=C(c1ccccc1)c1cccc(NC(=O)C2CCN(C(=O)CSc3ccnc4ccccc34)CC2)c1[EOS],57303.5124335289,42
13.4,O=C(CN1C(=O)CCOc2ccccc21)Oc1cccc(CC(=O)N2CC=C(c3c[nH]c4ncccc34)CC2)c1,[BOS]O=C(Cc1cccc(OC(=O)CN2C(=O)CCOc3ccccc32)c1)N1CC=C(c2c[nH]c3ncccc23)CC1[EOS],64521.05512714386,42
12.7,O=C(CCNC(=O)c1ccc2ccccc2c1)NCC1CC2c3ccccc3C1c1ccccc12,[BOS]O=C(CCNC(=O)c1ccc2ccccc2c1)NC[C@@H]1CC2c3ccccc3C1c1ccccc12[EOS],5723.393183469772,42
11.4,Cc1cccc(C(O)CNC(=O)NCc2cccc(Oc3ccc4ccccc4c3)c2)c1,[BOS]Cc1cccc([C@H](O)CNC(=O)NCc2cccc(Oc3ccc4ccccc4c3)c2)c1[EOS],11342.619986772537,42
12.0,NC(=O)C(CCC[NH+]=C(N)NCc1nccc2ccccc12)NC(=O)c1n[nH]c2cc(-c3ccccc3)ccc12,[BOS]NC(=O)[C@H](CCC[NH+]=C(N)NCc1nccc2ccccc12)NC(=O)c1n[nH]c2cc(-c3ccccc3)ccc12[EOS][EOS][EOS][EOS][EOS][EOS][EOS],17631.80531334877,42
12.1,O=C(NCCc1ccc(OCCc2nn(-c3ccccc3)c3c2CCC3)cc1)C1CC1c1ccccc1,[BOS]O=C(NCCc1ccc(OCCc2nn(-c3ccccc3)c3c2CCC3)cc1)[C@H]1C[C@@H]1c1ccccc1[EOS],24171.15688753128,42
11.3,Cc1ccc(Cc2nc(NC(=O)Cc3cccc4ccccc34)n[nH]2)cc1C,[BOS]Cc1ccc(Cc2nc(NC(=O)Cc3cccc4ccccc34)n[nH]2)cc1C[EOS],28948.050042629242,42
12.0,Cc1cc(C(=O)NC2CCCC2)ccc1NCC(=O)Nc1ccc2c(c1)C(=O)c1ccccc1C2=O,[BOS]Cc1cc(C(=O)NC2CCCC2)ccc1NCC(=O)Nc1ccc2c(c1)C(=O)c1ccccc1C2=O[EOS],34280.95057272911,42
11.2,Cc1nn(-c2ccccc2Cl)c2sc(C(=O)NCc3[nH]c(-c4cccc(C#N)c4)c[nH+]3)cc12,[BOS]Cc1nn(-c2ccccc2Cl)c2sc(C(=O)NCc3[nH]c(-c4cccc(C#N)c4)c[nH+]3)cc12[EOS],39638.3192088604,42
12.0,O=C(NCCc1nc(-c2cccc(Cl)c2)no1)Nc1cc(C2CC2)nn1-c1ccccc1,[BOS]O=C(NCCc1nc(-c2cccc(Cl)c2)no1)Nc1cc(C2CC2)nn1-c1ccccc1[EOS],45249.829518556595,42
14.1,O=C(Nc1ccc2nc(Cc3ccc(F)cc3)[nH]c2c1)c1nn(-c2ccc(Cl)c3cccnc23)c2c1CCCCC2,[BOS]O=C(Nc1ccc2nc(Cc3ccc(F)cc3)[nH]c2c1)c1nn(-c2ccc(Cl)c3cccnc23)c2c1CCCCC2[EOS],50375.90167951584,42
10.7,CC1C[NH+](CCc2nnc(CCc3[nH]c(=O)n(Cc4ccc(Cl)cc4)c3[O-])o2)CC(C)O1,[BOS]C[C@H]1C[NH+](CCc2nnc(CCc3[nH]c(=O)n(Cc4ccc(Cl)cc4)c3[O-])o2)C[C@H](C)O1[EOS][EOS],55627.00888133049,42
12.1,O=C(Nc1cccc(OCc2ccc(F)cc2)c1)Nc1cc(C2CC2)nn1C1CCS(=O)(=O)C1,[BOS]O=C(Nc1cccc(OCc2ccc(F)cc2)c1)Nc1cc(C2CC2)nn1[C@H]1CCS(=O)(=O)C1[EOS][EOS][EOS][EOS],60907.45888161659,42
13.7,O=C(c1ccc(Cc2noc(C3CCc4ccccc4CC3)n2)cc1)N1CC2CC(C1)c1cccc(=O)n1C2,[BOS]O=C(c1ccc(Cc2noc(C3CCc4ccccc4CC3)n2)cc1)N1CC2CC(C1)c1cccc(=O)n1C2[EOS],65782.29201221466,42
11.4,Nc1ccc(F)c2c1CN(c1nc(-c3cccc(Cl)c3)cc3ccccc13)C2,[BOS]Nc1ccc(F)c2c1CN(c1nc(-c3cccc(Cl)c3)cc3ccccc13)C2[EOS],4443.788796424866,42
11.1,COc1cccc(N2CCC(n3c([O-])c(-c4ccc5ccccc5c4)[nH]c3=O)C2=O)c1,[BOS]COc1cccc(N2CC[C@@H](n3c([O-])c(-c4ccc5ccccc5c4)[nH]c3=O)C2=O)c1[EOS],9276.431342124939,42
11.8,Cc1ccc(CSc2n[nH]c(NC(=O)CCNC(=O)c3ccc4ccccc4c3)n2)cc1,[BOS]Cc1ccc(CSc2n[nH]c(NC(=O)CCNC(=O)c3ccc4ccccc4c3)n2)cc1[EOS],14936.474754571915,42
12.5,O=c1[nH]c(Cc2noc(CCc3cc4ccccc4o3)n2)nc2cc(-c3ccccc3)ccc12,[BOS]O=c1[nH]c(Cc2noc(CCc3cc4ccccc4o3)n2)nc2cc(-c3ccccc3)ccc12[EOS],20669.32897043228,42
12.4,O=C(Nc1cccc(-c2[nH+]cc3n2CCCC3)c1)NC1CCC(c2ccc(F)cc2)C1,[BOS]O=C(Nc1cccc(-c2[nH+]cc3n2CCCC3)c1)N[C@@H]1CC[C@H](c2ccc(F)cc2)C1[EOS],25535.417903661728,42
11.5,COc1cccc(-c2ccc(CNC(=O)c3ccc4nc(-c5cccnc5)[nH]c4c3)cc2)c1,[BOS]COc1cccc(-c2ccc(CNC(=O)c3ccc4nc(-c5cccnc5)[nH]c4c3)cc2)c1[EOS],30574.283116817474,42
11.9,O=C(Nc1ccc(OCc2cccc(C(F)(F)F)c2)cc1)C(=O)Nc1cccc(-c2ccon2)c1,[BOS]O=C(Nc1cccc(-c2ccon2)c1)C(=O)Nc1ccc(OCc2cccc(C(F)(F)F)c2)cc1[EOS],35783.52297759056,42
12.4,Cc1c(NC(=O)c2cc3c(F)cccc3[nH]2)nnn1CC1CCC(c2nc(-c3ccc(F)nc3)nn2C)CC1,[BOS]Cc1c(NC(=O)c2cc3c(F)cccc3[nH]2)nnn1CC1CCC(c2nc(-c3ccc(F)nc3)nn2C)CC1[EOS],40869.50834727287,42
12.8,Cc1ccc(-c2cc(C(=O)NCC(O)COc3ccc4c(c3)CCC(=O)N4)cc3c2cnn3C(C)C)c(F)c1,[BOS]Cc1ccc(-c2cc(C(=O)NC[C@H](O)COc3ccc4c(c3)CCC(=O)N4)cc3c2cnn3C(C)C)c(F)c1[EOS],47086.9295194149,42
12.5,O=C(COC(=O)Cc1c[nH]c2cc(F)ccc12)NNC(=O)Nc1cccc(Cl)c1-c1cccc2ccccc12,[BOS]O=C(COC(=O)Cc1c[nH]c2cc(F)ccc12)NNC(=O)Nc1cccc(Cl)c1-c1cccc2ccccc12[EOS],53472.68420004845,42
11.1,CCn1nc(C)cc1C(=O)Nc1cc(C2CCCCN2C(=O)c2[nH]nc3c2CCc2ncccc2-3)[nH]n1,[BOS]CCn1nc(C)cc1C(=O)Nc1cc([C@@H]2CCCCN2C(=O)c2[nH]nc3c2CCc2ncccc2-3)[nH]n1[EOS],58715.30816626549,42
11.4,Nc1n[nH]c(CCC(=O)N2CCCCC2c2cc(NC(=O)C3Cc4ccccc4C[NH2+]3)n[nH]2)n1,[BOS]Nc1n[nH]c(CCC(=O)N2CCCC[C@@H]2c2cc(NC(=O)[C@H]3Cc4ccccc4C[NH2+]3)n[nH]2)n1[EOS],64127.7060675621,42
12.1,O=C(Nc1ccc(C2(NC(=O)c3[nH]nc4c(F)cccc34)CCC2)cc1)c1nnc(-c2ccccc2)o1,[BOS]O=C(NC1(c2ccc(NC(=O)c3nnc(-c4ccccc4)o3)cc2)CCC1)c1[nH]nc2c(F)cccc12[EOS][EOS][EOS][EOS][EOS][EOS][EOS],5858.386854887009,42
11.1,Cc1nnc(-c2ccc(NC(=O)NC(C)C(c3ccccc3)c3ccccc3)cc2)o1,[BOS]Cc1nnc(-c2ccc(NC(=O)N[C@H](C)C(c3ccccc3)c3ccccc3)cc2)o1[EOS],10477.957325935364,42
12.4,O=C(NCc1ccc2ccccc2c1)c1ccc(CCn2c(=O)[nH]c3ccccc3c2=O)c(F)c1F,[BOS]O=C(NCc1ccc2ccccc2c1)c1ccc(CCn2c(=O)[nH]c3ccccc3c2=O)c(F)c1F[EOS],16259.590259313583,42
11.8,O=C(NCc1ccc(C(=O)Nc2ccc(F)c(NC(=O)C3CCCCC3)c2)cc1)c1ccccc1,[BOS]O=C(NCc1ccc(C(=O)Nc2ccc(F)c(NC(=O)C3CCCCC3)c2)cc1)c1ccccc1[EOS],21865.04861807823,42
11.5,O=C(NCC1CCN(C(=O)C2Cc3ccccc3O2)C1c1cccnc1)c1ccn(-c2ccccc2)n1,[BOS]O=C(NC[C@@H]1CCN(C(=O)[C@@H]2Cc3ccccc3O2)[C@@H]1c1cccnc1)c1ccn(-c2ccccc2)n1[EOS],27817.3863158226,42
13.3,O=C(Nc1ccc(CC(=O)N2CCCc3ccccc32)cc1)C(=O)Nc1cc(C2CCCCCC2)[nH]n1,[BOS]O=C(Nc1cc(C2CCCCCC2)[nH]n1)C(=O)Nc1ccc(CC(=O)N2CCCc3ccccc32)cc1[EOS],32505.934644699097,42
12.3,O=C(NCCc1cc2ccccc2o1)Nc1cccc(NC(=O)Nc2cccc(C(F)(F)F)c2)c1Cl,[BOS]O=C(NCCc1cc2ccccc2o1)Nc1cccc(NC(=O)Nc2cccc(C(F)(F)F)c2)c1Cl[EOS],37724.022164821625,42
12.3,OC1CN(C(F)(F)c2ccc3nc(-c4cc(Cl)ccc4F)nc(Cl)c3c2)CC2(CCOCC2)C1,[BOS]O[C@@H]1CN(C(F)(F)c2ccc3nc(-c4cc(Cl)ccc4F)nc(Cl)c3c2)CC2(CCOCC2)C1[EOS],42410.00048661232,42
12.3,O=C(NC1CCc2ccc(-c3ccccc3)cc21)C1CCS(=O)(=O)c2ccccc21,[BOS]O=C(N[C@H]1CCc2ccc(-c3ccccc3)cc21)[C@@H]1CCS(=O)(=O)c2ccccc21[EOS],47391.371044397354,42
12.7,Cc1cnc2ncc(-c3nnc(CCNC(=O)OCC4c5ccccc5-c5ccccc54)o3)cc2c1,[BOS]Cc1cnc2ncc(-c3nnc(CCNC(=O)OCC4c5ccccc5-c5ccccc54)o3)cc2c1[EOS],52790.7093975544,42
11.2,Fc1cccc(-c2noc(-c3c[nH+]c(-c4ccccc4)[nH]3)n2)c1OCc1ccccc1,[BOS]Fc1cccc(-c2noc(-c3c[nH+]c(-c4ccccc4)[nH]3)n2)c1OCc1ccccc1[EOS],57330.24799656868,42
14.1,O=C(NCc1ccc2ncccc2c1)Nc1cccc(-c2ccc3c(c2)OCCN3C(=O)Cn2c(=O)oc3ccccc32)c1,[BOS]O=C(NCc1ccc2ncccc2c1)Nc1cccc(-c2ccc3c(c2)OCCN3C(=O)Cn2c(=O)oc3ccccc32)c1[EOS],62740.92283844948,42
11.7,Cc1c(CNC(=O)NCC(=O)NCC(=O)Nc2cccc3ccccc23)oc2ccc(F)cc12,[BOS]Cc1c(CNC(=O)NCC(=O)NCC(=O)Nc2cccc3ccccc23)oc2ccc(F)cc12[EOS],5742.780599117279,42
11.9,O=C(NCCOc1ccc2c(c1)CCC2)C(=O)Nc1ccc2c(c1)Oc1ccccc1O2,[BOS]O=C(NCCOc1ccc2c(c1)CCC2)C(=O)Nc1ccc2c(c1)Oc1ccccc1O2[EOS],11051.633674383163,42
12.8,O=C(COc1ccc2c(c1)C(=O)CC2)Nc1cccc(NC(=O)COc2ccc3oc4c(c3c2)CCCC4)c1Cl,[BOS]O=C(COc1ccc2oc3c(c2c1)CCCC3)Nc1cccc(NC(=O)COc2ccc3c(c2)C(=O)CC3)c1Cl[EOS],17590.232450008392,42
12.1,Cc1cccc(-n2c([O-])c(CCC(=O)Nc3nc4c(C)ccc(Cl)c4s3)[nH]c2=O)c1,[BOS]Cc1cccc(-n2c([O-])c(CCC(=O)Nc3nc4c(C)ccc(Cl)c4s3)[nH]c2=O)c1[EOS],23025.843413591385,42
12.7,Cc1ccc(NC(=O)NCc2[nH]c(-c3ccccc3)c[nH+]2)cc1NC(=O)N1CCC2(CC1)COC(=O)N2,[BOS]Cc1ccc(NC(=O)NCc2[nH]c(-c3ccccc3)c[nH+]2)cc1NC(=O)N1CCC2(CC1)COC(=O)N2[EOS],28297.789503097534,42
11.4,O=C(NCC1COc2ccccc2O1)C(=O)N1CCC(c2c(F)cccc2F)CC1,[BOS]O=C(NC[C@H]1COc2ccccc2O1)C(=O)N1CCC(c2c(F)cccc2F)CC1[EOS],33548.09487724304,42
12.4,Cc1cc(F)cc2c(=O)c(-c3noc(-c4cc(-c5ccncc5)nc5ccccc45)n3)c[nH]c12,[BOS]Cc1cc(F)cc2c(=O)c(-c3noc(-c4cc(-c5ccncc5)nc5ccccc45)n3)c[nH]c12[EOS],37882.683317661285,42
11.8,O=C(NCCc1cccc(Oc2ccccc2)c1)NC1CCN(c2ccc(Cl)cc2)C1=O,[BOS]O=C(NCCc1cccc(Oc2ccccc2)c1)N[C@H]1CCN(c2ccc(Cl)cc2)C1=O[EOS],43931.27124047279,42
12.3,CC(Cc1cncc2ccccc12)c1nc(-c2ccc3c(c2)CCCN3C(C)(C)C)no1,[BOS]C[C@H](Cc1cncc2ccccc12)c1nc(-c2ccc3c(c2)CCCN3C(C)(C)C)no1[EOS],48601.49574685097,42
12.1,NC(=O)C1CCC[NH+](c2ccc(CNC(=O)NC3CCC(c4cccc(Cl)c4)c4ccccc43)cc2)C1,[BOS]NC(=O)[C@H]1CCC[NH+](c2ccc(CNC(=O)N[C@H]3CC[C@@H](c4cccc(Cl)c4)c4ccccc43)cc2)C1[EOS],54100.122039079666,42
12.5,Cc1cccc2[nH]cc(C[NH+]3CCC4(CCc5c(-c6ccccc6)cccc54)CC3)c(=N)c12,[BOS]Cc1cccc2[nH]cc(C[NH+]3CCC4(CCc5c(-c6ccccc6)cccc54)CC3)c(=N)c12[EOS],58912.79346323013,42
12.4,c1ccc(Oc2cccc(-c3nnc(-c4ccc5cc(-c6ccccn6)ccc5n4)o3)c2)cc1,[BOS]c1ccc(Oc2cccc(-c3nnc(-c4ccc5cc(-c6ccccn6)ccc5n4)o3)c2)cc1[EOS],63505.252418756485,42
13.0,Cc1c(C(=O)Oc2cccc(NC(=O)c3ccccc3)c2)c(=O)c2ccccc2n1Cc1ccc2nonc2c1,[BOS]Cc1c(C(=O)Oc2cccc(NC(=O)c3ccccc3)c2)c(=O)c2ccccc2n1Cc1ccc2nonc2c1[EOS],5542.710050106049,42
11.6,O=C(Nc1sc2c(c1-c1cc3cccc(F)c3o1)CCC2)C1CC(c2cc(Cl)n3ccnc3n2)=[NH+]O1,[BOS]O=C(Nc1sc2c(c1-c1cc3cccc(F)c3o1)CCC2)[C@H]1CC(c2cc(Cl)n3ccnc3n2)=[NH+]O1[EOS],10894.987875461578,42
10.6,Cn1ccc(CCNC(=O)Nc2ccc(OC3CCCCC3)c(F)c2)n1,[BOS]Cn1ccc(CCNC(=O)Nc2ccc(OC3CCCCC3)c(F)c2)n1[EOS],16066.332117080688,42
12.4,Cc1ccc(-c2nc(-c3ccc4c(c3)COC4c3ccc(F)cc3)no2)n1CC1(C)CC2CC2C1,[BOS]Cc1ccc(-c2nc(-c3ccc4c(c3)CO[C@@H]4c3ccc(F)cc3)no2)n1CC1(C)C[C@@H]2C[C@H]2C1[EOS],20250.440605401993,42
12.6,O=C(CSc1nnc(Cc2cccc3ccccc23)o1)Nc1cccc2c1C(=O)c1ccccc1C2=O,[BOS]O=C(CSc1nnc(Cc2cccc3ccccc23)o1)Nc1cccc2c1C(=O)c1ccccc1C2=O[EOS],26404.73505949974,42
13.9,Cc1c(-c2nc(-c3ccc4c(c3)CCC(=O)N4C)no2)[nH]c2c1C(=O)CC(c1ccccc1Cl)C2,[BOS]Cc1c(-c2nc(-c3ccc4c(c3)CCC(=O)N4C)no2)[nH]c2c1C(=O)C[C@@H](c1ccccc1Cl)C2[EOS],30465.167340755463,42
12.6,O=C(NCC(O)c1ccc2ccccc2c1)Nc1ccc(C(=O)N2CCCCC2CC2COC(F)(c3ccccc3)C2)cc1,[BOS]O=C(NC[C@@H](O)c1ccc2ccccc2c1)Nc1ccc(C(=O)N2CCCC[C@H]2C[C@H]2CO[C@](F)(c3ccccc3)C2)cc1[EOS],36584.08252286911,42
11.7,O=C(Nc1cc(C2CCCCN2C(=O)C2COc3ccccc3O2)[nH]n1)c1n[nH]c2c1CS(=O)(=O)C2,[BOS]O=C(Nc1cc([C@@H]2CCCCN2C(=O)[C@@H]2COc3ccccc3O2)[nH]n1)c1n[nH]c2c1CS(=O)(=O)C2[EOS],42092.774032354355,42
13.6,Cc1c(C(=O)Nc2cccc(C(=O)N3CCc4ccccc43)c2)nnn1-c1cccc2ncccc12,[BOS]Cc1c(C(=O)Nc2cccc(C(=O)N3CCc4ccccc43)c2)nnn1-c1cccc2ncccc12[EOS],47302.226529836655,42
12.4,O=C(NCC1C2Cc3ccccc3C12)c1ccc(N2CCCc3ccccc32)cc1,[BOS]O=C(NC[C@@H]1[C@@H]2Cc3ccccc3[C@@H]12)c1ccc(N2CCCc3ccccc32)cc1[EOS],52196.843354701996,42
11.8,O=C(NCCCc1c[nH]c2ccc(F)cc12)Nc1ccc(Cl)c(C(=O)NCc2ccccc2F)c1,[BOS]O=C(NCCCc1c[nH]c2ccc(F)cc12)Nc1ccc(Cl)c(C(=O)NCc2ccccc2F)c1[EOS],57921.07161426544,42
12.3,Cc1ccc(Oc2ccc(-c3noc(-c4cc5c([nH]c4=O)CCC(C)(C)C5)n3)cc2)cc1,[BOS]Cc1ccc(Oc2ccc(-c3noc(-c4cc5c([nH]c4=O)CCC(C)(C)C5)n3)cc2)cc1[EOS],62255.95327782631,42
12.2,CC(NC(=O)Nc1cccc(CS(=O)(=O)C2CCCCC2)c1)c1ccc(F)c2ccccc12,[BOS]C[C@@H](NC(=O)Nc1cccc(CS(=O)(=O)C2CCCCC2)c1)c1ccc(F)c2ccccc12[EOS],5663.5697140693665,42
12.6,CC1(c2ccc(CNC(=O)Nc3cccc(C(=O)Nc4cccc(F)c4)c3)cc2)NC(=O)NC1=O,[BOS]C[C@@]1(c2ccc(CNC(=O)Nc3cccc(C(=O)Nc4cccc(F)c4)c3)cc2)NC(=O)NC1=O[EOS],11392.508670091629,42
12.4,Cc1cc(NC(=O)NCc2cccc(Cn3cnc4ccccc43)c2)c2cccnc2c1C,[BOS]Cc1cc(NC(=O)NCc2cccc(Cn3cnc4ccccc43)c2)c2cccnc2c1C[EOS],17235.106186151505,42
12.1,O=C(NCc1cc(-c2ccccc2)on1)Nc1cccc(C(=O)Nc2cccc(C(F)(F)F)c2)c1,[BOS]O=C(NCc1cc(-c2ccccc2)on1)Nc1cccc(C(=O)Nc2cccc(C(F)(F)F)c2)c1[EOS],22385.113404512405,42
13.6,O=C(Nc1ccc(Cc2nnc3n2CCCC3)cc1)c1cc(-c2ccc(Cl)cc2)nc2ccccc12,[BOS]O=C(Nc1ccc(Cc2nnc3n2CCCC3)cc1)c1cc(-c2ccc(Cl)cc2)nc2ccccc12[EOS],27781.66175675392,42
12.2,O=C(NCc1cccc2cc[nH]c12)Nc1ccc(OC2CCN(c3cccc4nccnc34)C2)cn1,[BOS]O=C(NCc1cccc2cc[nH]c12)Nc1ccc(O[C@@H]2CCN(c3cccc4nccnc34)C2)cn1[EOS],33485.257538318634,42
12.3,Cc1cc(CNC(=O)CCc2ccc3ccccc3c2)ccc1Oc1ccc(CCC(=O)N2CCOCC2)c(F)c1F,[BOS]Cc1cc(CNC(=O)CCc2ccc3ccccc3c2)ccc1Oc1ccc(CCC(=O)N2CCOCC2)c(F)c1F[EOS],39379.628341436386,42
12.0,Cc1ccc(-c2nnc(CCC(=O)NC3CC3c3cccc4ccccc34)o2)cc1C,[BOS]Cc1ccc(-c2nnc(CCC(=O)N[C@@H]3C[C@H]3c3cccc4ccccc34)o2)cc1C[EOS],45001.466639995575,42
11.4,CCc1noc(-c2ccc(CCNC(=O)NC3CCc4ccc(C(C)C)cc43)cc2)n1,[BOS]CCc1noc(-c2ccc(CCNC(=O)N[C@H]3CCc4ccc(C(C)C)cc43)cc2)n1[EOS],50302.19659495354,42
12.2,O=C(NCc1ccc(NC(=O)c2ccc(F)cc2)cc1)c1ccc2c(c1)C(=O)N(c1ccccc1Cl)C2=O,[BOS]O=C(NCc1ccc(NC(=O)c2ccc(F)cc2)cc1)c1ccc2c(c1)C(=O)N(c1ccccc1Cl)C2=O[EOS],55838.6647708416,42
12.7,CC1CCN2C(=O)CCc3cc(OCc4nnc(C(C)Oc5ccc6ccccc6c5)o4)ccc3C2C1,[BOS]C[C@@H](Oc1ccc2ccccc2c1)c1nnc(COc2ccc3c(c2)CCC(=O)N2CC[C@H](C)C[C@@H]32)o1[EOS],61078.96372628212,42
12.9,Cc1cc(C)c2nc(-c3cccc(-c4nc(-c5ccc(-n6nc(C)cc6C)nc5)no4)c3)[nH]c2c1,[BOS]Cc1cc(C)c2nc(-c3cccc(-c4nc(-c5ccc(-n6nc(C)cc6C)nc5)no4)c3)[nH]c2c1[EOS][EOS][EOS][EOS][EOS][EOS][EOS][EOS],64646.65217614174,42
12.5,COc1ccc(-c2ccc(C(=O)Nc3ccc(F)c(-c4nnc5n4CCCCC5)c3)c(F)c2)c(C)c1,[BOS]COc1ccc(-c2ccc(C(=O)Nc3ccc(F)c(-c4nnc5n4CCCCC5)c3)c(F)c2)c(C)c1[EOS],5095.7701025009155,42
11.8,N=C(O)c1c[nH]c2ccc(C=NN3C(=O)C4(Cc5cc(Br)ccc5N4)N=C3O)c(Cl)c2c1=O,[BOS]N=C(O)c1c[nH]c2ccc(/C=N/N3C(=O)C4(Cc5cc(Br)ccc5N4)N=C3O)c(Cl)c2c1=O[EOS],10043.853802204132,42
12.7,Cc1ccc2c(c1)OC(C)Cc1cc(CCNC(=O)NCCc3ccc(-n4nc(C)cc4C)nc3)ccc1-2,[BOS]Cc1cc(C)n(-c2ccc(CCNC(=O)NCCc3ccc4c(c3)C[C@H](C)Oc3cc(C)ccc34)cn2)n1[EOS],15837.886493444443,42
13.4,OC(=Nc1cccc(N=C(O)c2cc(C(F)(F)F)nc3ccccc23)c1)c1c(F)c(F)c(F)c(F)c1F,[BOS]OC(=Nc1cccc(N=C(O)c2c(F)c(F)c(F)c(F)c2F)c1)c1cc(C(F)(F)F)nc2ccccc12[EOS],21352.850776195526,42
12.6,Cc1ccc(-c2cncc(C(=O)Nc3ccc4oc(-c5cc(F)ccc5Cl)nc4c3)c2)c(C)c1,[BOS]Cc1ccc(-c2cncc(C(=O)Nc3ccc4oc(-c5cc(F)ccc5Cl)nc4c3)c2)c(C)c1[EOS],25950.876423835754,42
12.0,O=C(NCCC1CNc2ccccc21)NC1CCC(C2CCCCC2)CC1,[BOS]O=C(NCC[C@@H]1CNc2ccccc21)NC1CCC(C2CCCCC2)CC1[EOS],31257.97039079666,42
12.1,Cn1c(=O)cc(-c2nc(Cc3nc(Nc4ccccc4)c4ccccc4n3)no2)c2ccccc2c1=O,[BOS]Cn1c(=O)cc(-c2nc(Cc3nc(Nc4ccccc4)c4ccccc4n3)no2)c2ccccc2c1=O[EOS],36331.81289410591,42
12.1,O=C(Cc1ccc2c(c1)OC(F)(F)O2)Nc1ccc2c(c1)CCC(=O)N2Cc1ccc(Cl)cc1,[BOS]O=C(Cc1ccc2c(c1)OC(F)(F)O2)Nc1ccc2c(c1)CCC(=O)N2Cc1ccc(Cl)cc1[EOS],41552.5855448246,42
11.9,O=C(Nc1cc(-c2cc(F)cc(F)c2)[nH]n1)C1C[NH+](Cc2nc3ccccc3c(=O)[nH]2)CCO1,[BOS]O=C(Nc1cc(-c2cc(F)cc(F)c2)[nH]n1)[C@@H]1C[NH+](Cc2nc3ccccc3c(=O)[nH]2)CCO1[EOS],46379.66295647621,42
12.8,N#Cc1ccc(NC(=O)COc2ccc(C([OH+])=C3C(=O)C=Cc4ccccc43)cc2F)cc1OC(F)(F)F,[BOS]N#Cc1ccc(NC(=O)COc2ccc(C([OH+])=C3C(=O)C=Cc4ccccc43)cc2F)cc1OC(F)(F)F[EOS],51471.21261000633,42
12.7,Cc1c(C(=O)NCC(=O)Nc2cccc3ccccc23)cnn1-c1ccc(F)c2c1C=NCC2N1CCOCC1,[BOS]Cc1c(C(=O)NCC(=O)Nc2cccc3ccccc23)cnn1-c1ccc(F)c2c1C=NCC2N1CCOCC1[EOS],56713.77487540245,42
12.0,O=C(Nc1cnc(OC2CCOCC2)c(F)c1)Nc1ccc2ccccc2c1,[BOS]O=C(Nc1cnc(OC2CCOCC2)c(F)c1)Nc1ccc2ccccc2c1[EOS],61831.09948730469,42
12.3,O=C1CC2(CCCN(C(=O)CCc3nnc(-c4cc5cc(Cl)ccc5[nH]4)o3)C2)CCc2ccnc(O)c21,[BOS]O=C1C[C@]2(CCCN(C(=O)CCc3nnc(-c4cc5cc(Cl)ccc5[nH]4)o3)C2)CCc2ccnc(O)c21[EOS],5246.725744724274,42
14.1,Cc1c(C(=O)Oc2ccc(-c3nc(-c4ccccc4)c(-c4ccccc4)[nH]3)cc2)c2ccccc2[nH]c1=O,[BOS]Cc1c(C(=O)Oc2ccc(-c3nc(-c4ccccc4)c(-c4ccccc4)[nH]3)cc2)c2ccccc2[nH]c1=O[EOS],10532.64333987236,42
11.3,Cc1ccc(-c2noc(-c3ccc(C)c(Nc4cc(-n5cnc(C)c5)cc(C(F)(F)F)c4)c3)n2)c(C)c1,[BOS]Cc1cn(-c2cc(Nc3cc(-c4nc(-c5ccc(C)cc5C)no4)ccc3C)cc(C(F)(F)F)c2)cn1[EOS][EOS][EOS][EOS][EOS],15664.311467170715,42
11.8,Cc1c(C(=O)Nc2cccc(C(=O)N3CCCC(O)C3)c2)nnn1Cc1ccc(F)cc1F,[BOS]Cc1c(C(=O)Nc2cccc(C(=O)N3CCC[C@@H](O)C3)c2)nnn1Cc1ccc(F)cc1F[EOS][EOS][EOS][EOS][EOS][EOS][EOS][EOS],20580.689676761627,42
12.0,CC1CCCC[NH+]1Cc1ccc(NC(=O)C2CCN(C(=O)OCC3c4ccccc4-c4ccccc43)CC2)nc1,[BOS]C[C@H]1CCCC[NH+]1Cc1ccc(NC(=O)C2CCN(C(=O)OCC3c4ccccc4-c4ccccc43)CC2)nc1[EOS][EOS][EOS][EOS][EOS][EOS][EOS][EOS],26223.48350262642,42
11.3,Cc1cccc2c(C(=O)N3C4CCC3CC(NC(=O)c3ccnc5ccc(F)cc35)C4)[nH]nc12,[BOS]Cc1cccc2c(C(=O)N3[C@@H]4CC[C@H]3C[C@@H](NC(=O)c3ccnc5ccc(F)cc35)C4)[nH]nc12[EOS],31573.0415225029,42
12.9,Cc1cccc(CC(=O)N2CCCCC2c2cc(NC(=O)CCc3ccc(C)c4ccccc34)n[nH]2)c1,[BOS]Cc1ccc(CCC(=O)Nc2cc([C@@H]3CCCCN3C(=O)Cc3cccc(C)c3)[nH]n2)c2ccccc12[EOS],37555.05210900307,42
12.1,O=C(NNC(=O)c1nn(-c2cccc(F)c2)c2c1CCCCC2)Nc1ccc(Cl)c(F)c1,[BOS]O=C(Nc1ccc(Cl)c(F)c1)NNC(=O)c1nn(-c2cccc(F)c2)c2c1CCCCC2[EOS],42325.92467689514,42
11.4,O=C(NCC(O)c1ccc(C(F)(F)F)cc1)C(=O)Nc1nc2c(s1)CCCCCC2,[BOS]O=C(NC[C@@H](O)c1ccc(C(F)(F)F)cc1)C(=O)Nc1nc2c(s1)CCCCCC2[EOS],48029.185009241104,42
11.8,Fc1ccc(-c2noc(-c3cnn(Cc4ccccc4C(F)(F)F)c3)n2)c2ccccc12,[BOS]Fc1ccc(-c2noc(-c3cnn(Cc4ccccc4C(F)(F)F)c3)n2)c2ccccc12[EOS],52568.01855754852,42
13.1,O=C(NCc1cccc(NC(=O)c2n[nH]c3ccccc23)c1)NC1CCc2cc(F)ccc21,[BOS]O=C(NCc1cccc(NC(=O)c2n[nH]c3ccccc23)c1)N[C@H]1CCc2cc(F)ccc21[EOS],58670.85296869278,42
11.6,N#Cc1ccccc1Oc1ccc(Nc2ccc3c(c2)oc2ccccc23)cc1F,[BOS]N#Cc1ccccc1Oc1ccc(Nc2ccc3c(c2)oc2ccccc23)cc1F[EOS],63203.928996801376,42
11.8,Cc1ncc(-c2ccccc2)cc1NC(=O)NCC1CCc2ccccc2C1,[BOS]Cc1ncc(-c2ccccc2)cc1NC(=O)NC[C@H]1CCc2ccccc2C1[EOS],4971.145532131195,42
10.8,Cc1cc(C(=O)NCc2nc3cc([N+](=O)[O-])ccc3[nH]2)nn1-c1ccc(F)cc1F,[BOS]Cc1cc(C(=O)NCc2nc3cc([N+](=O)[O-])ccc3[nH]2)nn1-c1ccc(F)cc1F[EOS][EOS][EOS][EOS],9717.043132781982,42
13.9,Fc1c(-c2nc(-c3nccc4ccccc34)no2)cnn1-c1nc(-c2ccnc3ccccc23)nc2ccc(Cl)cc12,[BOS]Fc1c(-c2nc(-c3nccc4ccccc34)no2)cnn1-c1nc(-c2ccnc3ccccc23)nc2ccc(Cl)cc12[EOS],14195.264568805695,42
13.1,O=C1Cc2ccc(-c3ccc(-c4cccc5ccccc45)cc3)cc2CN1C(=S)c1cccc(-c2ccccn2)c1,[BOS]O=C1Cc2ccc(-c3ccc(-c4cccc5ccccc45)cc3)cc2CN1C(=S)c1cccc(-c2ccccn2)c1[EOS],18200.411593437195,42
11.2,Cc1cccc(C(C)CNC(=O)C(=O)Nc2cccc(-c3nccc(C)n3)c2)c1,[BOS]Cc1cccc([C@@H](C)CNC(=O)C(=O)Nc2cccc(-c3nccc(C)n3)c2)c1[EOS],23402.9920194149,42
13.9,O=C(Nc1cccc(NC(=O)N2CCc3ccccc3C2)c1)Nc1cccc2c1N(c1cccc3[nH]ccc13)C(=O)C21CCCCC1,[BOS]O=C(Nc1cccc(NC(=O)N2CCc3ccccc3C2)c1)Nc1cccc2c1N(c1cccc3[nH]ccc13)C(=O)C21CCCCC1[EOS],28380.33293890953,42
11.9,O=C(c1ccc(-c2noc(-c3ccccc3F)n2)cc1)N1CCc2cc(F)c(F)cc2C1,[BOS]O=C(c1ccc(-c2noc(-c3ccccc3F)n2)cc1)N1CCc2cc(F)c(F)cc2C1[EOS],33263.55333042145,42
13.2,Cc1cc(Oc2ncccc2C#Cc2ccc3ncc(Oc4ccc5c(c4)NC(=N)CC5=O)cc3n2)cc(C)c1F,[BOS]Cc1cc(Oc2ncccc2C#Cc2ccc3ncc(Oc4ccc5c(c4)NC(=N)CC5=O)cc3n2)cc(C)c1F[EOS],39489.44222617149,42
12.4,O=C(NCC1OCCc2ccccc21)Nc1cccc(-n2c([O-])c(Cc3ccccc3)[nH]c2=O)c1,[BOS]O=C(NC[C@H]1OCCc2ccccc21)Nc1cccc(-n2c([O-])c(Cc3ccccc3)[nH]c2=O)c1[EOS],44830.809228897095,42
11.8,Cc1cc(F)cc2c(=O)[nH]c(C(=O)NCc3cccc(NC(=O)N4CCCCC4)c3)nc12,[BOS]Cc1cc(F)cc2c(=O)[nH]c(C(=O)NCc3cccc(NC(=O)N4CCCCC4)c3)nc12[EOS],49992.01862740517,42
11.4,O=C(NCc1ccn(-c2ccccc2)n1)NCC1(c2c(F)cccc2F)CCCC1,[BOS]O=C(NCc1ccn(-c2ccccc2)n1)NCC1(c2c(F)cccc2F)CCCC1[EOS],55313.27192687988,42
11.9,CC1CCCC[NH+]1Cc1ccc(NC(=O)c2cn(-c3ccccc3)nc2-c2ccc(F)cc2F)cc1,[BOS]C[C@@H]1CCCC[NH+]1Cc1ccc(NC(=O)c2cn(-c3ccccc3)nc2-c2ccc(F)cc2F)cc1[EOS],60091.38614201546,42
12.7,Cc1cc(C)n(-c2ccc(CC(=O)OCC(=O)N3c4ccccc4CCc4ccccc43)cc2)n1,[BOS]Cc1cc(C)n(-c2ccc(CC(=O)OCC(=O)N3c4ccccc4CCc4ccccc43)cc2)n1[EOS],6124.089937448502,42
12.8,CC1(c2cccc(NC(=O)CCC(=O)Nc3ccc4c(c3)oc3ccccc34)c2)CC(=O)NC(=O)N1,[BOS]C[C@@]1(c2cccc(NC(=O)CCC(=O)Nc3ccc4c(c3)oc3ccccc34)c2)CC(=O)NC(=O)N1[EOS][EOS][EOS][EOS][EOS][EOS][EOS],11953.236936807632,42
11.4,CC1C(C(=O)[O-])CCN1C(=O)CCCc1cc(-c2ccc(Cl)cc2)nc(-c2ccccc2F)c1,[BOS]C[C@@H]1[C@@H](C(=O)[O-])CCN1C(=O)CCCc1cc(-c2ccc(Cl)cc2)nc(-c2ccccc2F)c1[EOS],16858.560705900192,42
12.4,Cc1nc2cc(F)ccc2cc1C(=O)NCc1ccc(-c2nc3ccccc3[nH]2)cc1,[BOS]Cc1nc2cc(F)ccc2cc1C(=O)NCc1ccc(-c2nc3ccccc3[nH]2)cc1[EOS],21409.446265935898,42
12.9,O=C(Nc1ccc(Oc2cccc(C(F)(F)F)c2)cc1)C(=O)NC1CCOc2c(F)ccc(F)c21,[BOS]O=C(Nc1ccc(Oc2cccc(C(F)(F)F)c2)cc1)C(=O)N[C@H]1CCOc2c(F)ccc(F)c21[EOS],26627.44378066063,42
11.7,[NH3+]C(Cc1nc(-c2cnc3c(c2)CCCC3)no1)CC(c1ccccc1)c1ccccc1,[BOS][NH3+][C@H](Cc1nc(-c2cnc3c(c2)CCCC3)no1)CC(c1ccccc1)c1ccccc1[EOS],32047.213837623596,42
12.0,Cc1c([O-])n(C[NH+]2CCCC(NC(=O)NCCc3ccc(F)cc3)C2)c(=O)n1-c1ccccc1,[BOS]Cc1c([O-])n(C[NH+]2CCC[C@@H](NC(=O)NCCc3ccc(F)cc3)C2)c(=O)n1-c1ccccc1[EOS][EOS][EOS][EOS][EOS][EOS],37625.32991361618,42
12.0,C[NH+]1CCC(NC(=O)C(=O)Nc2cccn(Cc3ccc(F)cc3)c2=O)C1c1ccc(F)c(F)c1,[BOS]C[NH+]1CC[C@H](NC(=O)C(=O)Nc2cccn(Cc3ccc(F)cc3)c2=O)[C@H]1c1ccc(F)c(F)c1[EOS],43163.35230541229,42
12.0,O=C(Nc1ccc(Oc2ccc(F)cc2F)nc1)NC1CCc2ccccc2NC1=O,[BOS]O=C(Nc1ccc(Oc2ccc(F)cc2F)nc1)N[C@@H]1CCc2ccccc2NC1=O[EOS],48232.33835148811,42
13.2,Cc1nc(Nc2ccc(NC(=O)Nc3ccccc3OC(F)(F)F)cc2)c2ccc(F)cc2n1,[BOS]Cc1nc(Nc2ccc(NC(=O)Nc3ccccc3OC(F)(F)F)cc2)c2ccc(F)cc2n1[EOS],53295.60219979286,42
12.3,Cc1ccc2c(CCNC(=O)C(=O)Nc3ccc(CCn4nc(C(F)(F)F)c5c4CCCC5)cc3)c[nH]c2c1,[BOS]Cc1ccc2c(CCNC(=O)C(=O)Nc3ccc(CCn4nc(C(F)(F)F)c5c4CCCC5)cc3)c[nH]c2c1[EOS][EOS][EOS][EOS][EOS][EOS],59094.22000789642,42
12.0,Cc1ccc(Cn2nc(C)c(C=Nn3c(C4CCCCC4)nc4ccc(Br)cc4c3=O)c2C)cc1C,[BOS]Cc1ccc(Cn2nc(C)c(/C=N/n3c(C4CCCCC4)nc4ccc(Br)cc4c3=O)c2C)cc1C[EOS],64249.14607524872,42
11.5,FC(F)(F)Oc1cccc(N2CCC(CN=c3ccc(-n4cnc5ccccc54)n[nH]3)C2)c1,[BOS]FC(F)(F)Oc1cccc(N2CC[C@H](C/N=c3\ccc(-n4cnc5ccccc54)n[nH]3)C2)c1[EOS],5955.813763856888,42
11.9,CC(=O)N(c1ccc(NC(=O)CNC(=O)Cc2cccc3ccccc23)cc1)C1CC1C,[BOS]CC(=O)N(c1ccc(NC(=O)CNC(=O)Cc2cccc3ccccc23)cc1)[C@H]1C[C@@H]1C[EOS],12130.409112930298,42
12.1,NC(=O)c1cccc(CCNC(=O)Nc2ccc(NC(=O)Nc3cccc4ccccc34)cc2)c1,[BOS]NC(=O)c1cccc(CCNC(=O)Nc2ccc(NC(=O)Nc3cccc4ccccc34)cc2)c1[EOS],18054.342069864273,42
11.3,CC(CC(=O)NCc1cccc(S(=O)(=O)[NH2+]Cc2cccc(F)c2)c1)c1ccc2ccccc2c1,[BOS]C[C@H](CC(=O)NCc1cccc(S(=O)(=O)[NH2+]Cc2cccc(F)c2)c1)c1ccc2ccccc2c1[EOS],24575.696523666382,42
12.2,O=C(NCC1(O)C2C3CC4C5C3CC2C5C41)c1cc(-c2ccccc2)nc2cc(F)c(F)cc12,[BOS]O=C(NC[C@]1(O)[C@@H]2[C@@H]3C[C@@H]4[C@@H]5[C@H]3C[C@H]2[C@@H]5[C@@H]41)c1cc(-c2ccccc2)nc2cc(F)c(F)cc12[EOS],30177.570316791534,42
10.7,Cc1nnnn1-c1cc(NC(=O)C(=O)NCCc2ccc(F)c(F)c2F)ccc1F,[BOS]Cc1nnnn1-c1cc(NC(=O)C(=O)NCCc2ccc(F)c(F)c2F)ccc1F[EOS][EOS][EOS][EOS][EOS][EOS],35472.26806592941,42
11.2,Fc1c(F)c(F)c(-c2nc(-c3cccc4ccncc34)no2)c(F)c1F,[BOS]Fc1c(F)c(F)c(-c2nc(-c3cccc4ccncc34)no2)c(F)c1F[EOS],39351.22728061676,42
11.7,CC([NH2+]Cc1nc2scc(-c3ccccc3)c2c(=O)[nH]1)c1cc2c(ccc3ccccc32)o1,[BOS]C[C@@H]([NH2+]Cc1nc2scc(-c3ccccc3)c2c(=O)[nH]1)c1cc2c(ccc3ccccc32)o1[EOS],45250.92587208748,42
12.8,Cc1c(C(=O)NC2(c3ccc(NC(=O)CC(=O)Nc4ccc(F)cc4)cc3)CCC2)cn2nc[nH]c(=O)c12,[BOS]Cc1c(C(=O)NC2(c3ccc(NC(=O)CC(=O)Nc4ccc(F)cc4)cc3)CCC2)cn2nc[nH]c(=O)c12[EOS],51648.8784737587,42
12.4,O=C1N(CCN=C(O)c2cc3ccccc3cc2O)C(O)=NC12C1CC3CC(C1)CC2C3,[BOS]O=C1N(CCN=C(O)c2cc3ccccc3cc2O)C(O)=N[C@]12[C@H]1C[C@H]3CC(C1)CC2C3[EOS],57977.029753923416,42
13.7,O=C(NCc1ccc(-n2cnc3ccccc32)nc1)Nc1ccc(CC(=O)N2CCCc3ccccc32)cc1,[BOS]O=C(NCc1ccc(-n2cnc3ccccc32)nc1)Nc1ccc(CC(=O)N2CCCc3ccccc32)cc1[EOS],63477.21352005005,42
14.0,Brc1ccc(Oc2ccc(-c3cc(-c4ccc5ccccc5n4)cn4nnnc34)cc2)cc1-c1cccc2cnc3ccccc3[n+]12,[BOS]Brc1ccc(Oc2ccc(-c3cc(-c4ccc5ccccc5n4)cn4nnnc34)cc2)cc1-c1cccc2cnc3ccccc3[n+]12[EOS],68593.0911924839,42
12.8,O=C(NCCC(=O)N1Cc2ccccc2C#Cc2ccccc21)C(O)Cc1ccc2ccccc2c1,[BOS]O=C(NCCC(=O)N1Cc2ccccc2C#Cc2ccccc21)[C@@H](O)Cc1ccc2ccccc2c1[EOS],6012.618251800537,42
11.9,Cc1cc(C)c(Cc2nc(-c3ccc4c(ccc5ccccc54)c3)no2)c(=O)[nH]1,[BOS]Cc1cc(C)c(Cc2nc(-c3ccc4c(ccc5ccccc54)c3)no2)c(=O)[nH]1[EOS],10648.41785311699,42
13.4,O=CNc1cc(-c2ccc(C(=O)Nc3cccc(-c4ccc(F)c(C(F)(F)F)c4)c3F)cc2)ccn1,[BOS]O=CNc1cc(-c2ccc(C(=O)Nc3cccc(-c4ccc(F)c(C(F)(F)F)c4)c3F)cc2)ccn1[EOS][EOS][EOS][EOS][EOS][EOS][EOS],15897.233891963959,42
11.2,CC1CCCCC1NC(=O)CSc1nnc(-c2nn(Cc3ccc(F)cc3)c3ccccc23)n1C,[BOS]C[C@@H]1CCCC[C@H]1NC(=O)CSc1nnc(-c2nn(Cc3ccc(F)cc3)c3ccccc23)n1C[EOS],21749.80777001381,42
11.4,COc1ccc(-n2ccc(CNC(=O)Nc3ccc4c5c(cccc35)CC4)cc2=O)c(C(F)(F)F)c1,[BOS]COc1ccc(-n2ccc(CNC(=O)Nc3ccc4c5c(cccc35)CC4)cc2=O)c(C(F)(F)F)c1[EOS],26792.48394370079,42
12.1,CN1CCCC(C(=O)n2nnc3c(C(=O)Nc4cccc(OCC(=O)Nc5ccc6c(c5)OCCS6)c4)cccc32)C1,[BOS]O=C(COc1cccc(NC(=O)c2cccc3c2nnn3C(=O)C2CCCN(C)C2)c1)Nc1ccc2c(c1)OCCS2[EOS][EOS],32691.29915046692,42
13.6,FC(F)=C1C=C(c2ccccc2C(F)(F)F)CCN1c1cc(-c2nc3c(-c4ccc5nccnc5c4)cncc3[nH]2)ccc1F,[BOS]Fc1ccc(-c2nc3c(-c4ccc5nccnc5c4)cncc3[nH]2)cc1N1CCC(c2ccccc2C(F)(F)F)=CC1=C(F)F[EOS],37271.295800447464,42
11.7,c1ccc(Oc2ccc3[nH]cc(Cc4nc(C5Cc6ccccc6N([NH+]6CCCC7CC76)C5)no4)c3c2)cc1,[BOS]c1ccc2c(c1)C[C@H](c1noc(Cc3c[nH]c4ccc(Oc5ccccc5)cc34)n1)CN2[NH+]1CCC[C@@H]2C[C@H]21[EOS],42059.87615275383,42
12.4,Cc1cccc(F)c1C(=O)NC1(c2ccc(NC(=O)CCc3cnc4ccccc4c3)cc2)CCC1,[BOS]Cc1cccc(F)c1C(=O)NC1(c2ccc(NC(=O)CCc3cnc4ccccc4c3)cc2)CCC1[EOS],47971.45174098015,42
13.0,CC(Nc1ccc(-c2coc3ccccc23)nn1)c1cc2c(ccc3ccccc32)o1,[BOS]C[C@@H](Nc1ccc(-c2coc3ccccc23)nn1)c1cc2c(ccc3ccccc32)o1[EOS],53405.23049926758,42
11.7,CC(NC(=O)CSc1nnc(Cc2c[nH]c3ccccc23)o1)C12CC3CC(CC(C3)C1)C2,[BOS]C[C@H](NC(=O)CSc1nnc(Cc2c[nH]c3ccccc23)o1)C12CC3CC(CC(C3)C1)C2[EOS][EOS][EOS][EOS][EOS][EOS][EOS][EOS],59564.0069539547,42
11.6,CC(NC(=O)NCc1nnc(-c2ccccc2)s1)c1ccc2c(c1)CCCC2,[BOS]C[C@@H](NC(=O)NCc1nnc(-c2ccccc2)s1)c1ccc2c(c1)CCCC2[EOS],64414.89088988304,42
12.6,O=C(Nc1ccc2nc(-c3ccccc3F)[nH]c2c1)c1cccc(NC(=O)C2Cc3ccccc3O2)c1,[BOS]O=C(Nc1ccc2nc(-c3ccccc3F)[nH]c2c1)c1cccc(NC(=O)[C@@H]2Cc3ccccc3O2)c1[EOS],4687.930530548096,42
11.4,O=C(NC1Cc2cccc(O)c2C1)NC1CCCc2c1[nH]c1ccc(Cl)cc21,[BOS]O=C(N[C@@H]1Cc2cccc(O)c2C1)N[C@H]1CCCc2c1[nH]c1ccc(Cl)cc21[EOS],9382.648274421692,42
11.5,O=C(C=Cc1ccc(F)c(F)c1)NCc1ccc(C23CC4CC(CC(C4)C2)C3)cc1,[BOS]O=C(C=Cc1ccc(F)c(F)c1)NCc1ccc([C@@]23C[C@H]4C[C@H](C[C@H](C4)C2)C3)cc1[EOS],14122.534041166306,42
11.7,O=C(Nc1ccc(C2(NC(=O)C3(F)CCCCC3(F)F)CCC2)cc1)C1Cc2ccccc2C1,[BOS]O=C(Nc1ccc(C2(NC(=O)[C@]3(F)CCCCC3(F)F)CCC2)cc1)C1Cc2ccccc2C1[EOS][EOS][EOS][EOS][EOS],19738.027837514877,42
11.9,CC(NC(=O)Nc1ccc(=O)n(Cc2cccc(F)c2)c1)c1ccc(N2CCCOC2=O)cc1,[BOS]C[C@H](NC(=O)Nc1ccc(=O)n(Cc2cccc(F)c2)c1)c1ccc(N2CCCOC2=O)cc1[EOS],25248.748422384262,42
11.3,O=C(Nc1cccc(C(F)F)c1)c1cc(-c2ccc(F)cc2)nc2c1c(=O)[nH]c(=O)n2C1CC1,[BOS]O=C(Nc1cccc(C(F)F)c1)c1cc(-c2ccc(F)cc2)nc2c1c(=O)[nH]c(=O)n2C1CC1[EOS],30181.45392870903,42
12.1,Cn1c(=O)oc2c(NC(=O)NCc3cccc(NC(=O)N(c4ccccc4)c4ccccc4)c3)cccc21,[BOS]Cn1c(=O)oc2c(NC(=O)NCc3cccc(NC(=O)N(c4ccccc4)c4ccccc4)c3)cccc21[EOS][EOS][EOS][EOS][EOS][EOS][EOS][EOS],35919.75415110588,42
12.2,O=C(OCc1ccccc1)c1ccc(CNC(=O)c2cc(-c3ccccn3)nc3ccccc23)cc1,[BOS]O=C(NCc1ccc(C(=O)OCc2ccccc2)cc1)c1cc(-c2ccccn2)nc2ccccc12[EOS],41704.62833881378,42
12.2,CC(C)c1[nH+]ccn1Cc1cccc(NC(=O)NC(C)c2ccc(F)c3ccccc23)c1,[BOS]CC(C)c1[nH+]ccn1Cc1cccc(NC(=O)N[C@H](C)c2ccc(F)c3ccccc23)c1[EOS],47550.959735155106,42
12.3,O=C(Nc1ccccc1)Nc1cc(C(=O)Nc2cccc3[nH]c(=O)ccc23)ccc1F,[BOS]O=C(Nc1ccccc1)Nc1cc(C(=O)Nc2cccc3[nH]c(=O)ccc23)ccc1F[EOS],52766.99109387398,42
12.3,O=C(Nc1cccc(NC(=O)C2(c3ccccn3)CC2)c1)Nc1cccc(C(F)(F)F)c1,[BOS]O=C(Nc1cccc(NC(=O)C2(c3ccccn3)CC2)c1)Nc1cccc(C(F)(F)F)c1[EOS],58013.99838876724,42
11.5,OC(CNc1ncc2ccc(F)cc2n1)c1cc(Cl)c2c(c1)C[NH+](c1ccc(F)cc1)CC2,[BOS]O[C@@H](CNc1ncc2ccc(F)cc2n1)c1cc(Cl)c2c(c1)C[NH+](c1ccc(F)cc1)CC2[EOS],63177.88861775398,42
11.4,O=C(CNC(c1c[nH]c2ccccc12)C(F)(F)F)Nc1ccc2c(c1)OC1(CCCC1)O2,[BOS]O=C(CN[C@H](c1c[nH]c2ccccc12)C(F)(F)F)Nc1ccc2c(c1)OC1(CCCC1)O2[EOS][EOS][EOS][EOS][EOS][EOS][EOS][EOS],5431.000989675522,42
12.0,Cc1ccc(Oc2cc(-c3nc(Cc4nc5ccc6c(c5[nH]4)CCC6)no3)ccn2)cc1C,[BOS]Cc1ccc(Oc2cc(-c3nc(Cc4nc5ccc6c(c5[nH]4)CCC6)no3)ccn2)cc1C[EOS],10539.529623746872,42
11.7,Cc1ccc(Nc2cccc(C(=O)Nc3ccc(F)c(-n4nnnc4C)c3)c2)nn1,[BOS]Cc1ccc(Nc2cccc(C(=O)Nc3ccc(F)c(-n4nnnc4C)c3)c2)nn1[EOS],15728.238483667374,42
11.9,CC(NC(=O)Nc1ccc(=O)n(Cc2ccccc2)c1)c1cc2cccc(F)c2o1,[BOS]C[C@H](NC(=O)Nc1ccc(=O)n(Cc2ccccc2)c1)c1cc2cccc(F)c2o1[EOS],21138.12628722191,42
13.3,CC(NC(=O)Nc1ccc(Oc2cccc3ccccc23)cc1)c1ccc(N2CCOC2=O)cc1,[BOS]C[C@@H](NC(=O)Nc1ccc(Oc2cccc3ccccc23)cc1)c1ccc(N2CCOC2=O)cc1[EOS],26453.058269500732,42
14.2,O=C1CCC(N2C(=O)Cc3ccc(Nc4cc(F)cc(C#Cc5cccc(-c6cncc7[nH]ccc67)c5)c4)cc32)CC1,[BOS]O=C1Cc2ccc(Nc3cc(F)cc(C#Cc4cccc(-c5cncc6[nH]ccc56)c4)c3)cc2N1C1CCC(=O)CC1[EOS],31685.042882680893,42
12.4,Cc1nnc(-c2cccc(C(=O)Nc3cccc(NC(=O)c4cccc(C(F)(F)F)c4)c3)c2)o1,[BOS]Cc1nnc(-c2cccc(C(=O)Nc3cccc(NC(=O)c4cccc(C(F)(F)F)c4)c3)c2)o1[EOS],36565.93759250641,42
13.0,Cc1nc(-c2cccc(NC(=O)NCC(=O)N3CCc4ccccc43)c2)ccc1C(=O)NC(=O)NC1CC1,[BOS]Cc1nc(-c2cccc(NC(=O)NCC(=O)N3CCc4ccccc43)c2)ccc1C(=O)NC(=O)NC1CC1[EOS],41348.238884449005,42
13.6,O=C(CSCc1nc(-c2ccccc2Oc2ccc3ccccc3c2)n[nH]1)c1c2ccccc2nc2c1ccc1ccccc12,[BOS]O=C(CSCc1nc(-c2ccccc2Oc2ccc3ccccc3c2)n[nH]1)c1c2ccccc2nc2c1ccc1ccccc12[EOS],47709.65064287186,42
13.8,O=C(Nc1cccc(-c2nc(-c3ccc4c(c3)CCC4=O)no2)c1[O-])c1ccc2ccccc2c1,[BOS]O=C(Nc1cccc(-c2nc(-c3ccc4c(c3)CCC4=O)no2)c1[O-])c1ccc2ccccc2c1[EOS],52933.83278942108,42
12.7,CCC1CCC(C(=O)N2CCCCC2c2cc(NC(=O)C3CC34C(=O)Nc3ccccc34)n[nH]2)CC1,[BOS]CC[C@H]1CC[C@H](C(=O)N2CCCC[C@@H]2c2cc(NC(=O)[C@H]3C[C@@]34C(=O)Nc3ccccc34)n[nH]2)CC1[EOS],58289.17552828789,42
12.9,O=C(NCc1ccc(CN2CCc3ccccc32)cc1)NCc1cc2ccccc2[nH]c1=O,[BOS]O=C(NCc1ccc(CN2CCc3ccccc32)cc1)NCc1cc2ccccc2[nH]c1=O[EOS],64315.42193078995,42
12.0,O=C(NC1CCc2cc(-c3nn[n-]n3)ccc21)c1cccc(-c2c(F)cccc2F)c1,[BOS]O=C(N[C@@H]1CCc2cc(-c3nn[n-]n3)ccc21)c1cccc(-c2c(F)cccc2F)c1[EOS],4570.4798538684845,42
11.9,CC1(C)CCCCC1NC(=O)C(=O)Nc1ccc(COc2ccccc2)cc1,[BOS]CC1(C)CCCC[C@@H]1NC(=O)C(=O)Nc1ccc(COc2ccccc2)cc1[EOS],9869.809751033783,42
13.3,CC(NC(=O)CNC(=O)CSc1nnc(-c2cccc3ccccc23)o1)c1ccc(F)cc1,[BOS]C[C@H](NC(=O)CNC(=O)CSc1nnc(-c2cccc3ccccc23)o1)c1ccc(F)cc1[EOS],16853.43594956398,42
13.7,O=C(c1cccc2nc(NC(F)(F)c3ccc(N=C(c4ccccc4)c4c(O)[nH]c5cc(F)ccc45)cc3)[nH]c12)C1CCCCS1,[BOS]O=C(c1cccc2nc(NC(F)(F)c3ccc(N=C(c4ccccc4)c4c(O)[nH]c5cc(F)ccc45)cc3)[nH]c12)C1CCCCS1[EOS],22820.920949935913,42
11.1,C[NH+]1CCC(NC(=O)c2cn3cc(C4CC[NH2+]C4)ccc3[nH+]2)C1c1ccc2c(c1)C2(F)F,[BOS]C[NH+]1CC[C@H](NC(=O)c2cn3cc([C@@H]4CC[NH2+]C4)ccc3[nH+]2)[C@H]1c1ccc2c(c1)C2(F)F[EOS],27879.399449825287,42
12.3,FC(F)(F)c1cccc(Oc2ccc(-c3noc(-c4ccc5ncccc5n4)n3)cc2)c1,[BOS]FC(F)(F)c1cccc(Oc2ccc(-c3noc(-c4ccc5ncccc5n4)n3)cc2)c1[EOS],32864.19883751869,42
11.7,Cc1cc(C)n(-c2ccc(CCNC(=O)NCC3CCc4ccccc43)cn2)n1,[BOS]Cc1cc(C)n(-c2ccc(CCNC(=O)NC[C@@H]3CCc4ccccc43)cn2)n1[EOS],38383.7435028553,42
11.8,Cc1ccccc1-c1cccc(Nc2ccc3ccn(S(=O)(=O)c4ccccc4)c3n2)c1,[BOS]Cc1ccccc1-c1cccc(Nc2ccc3ccn(S(=O)(=O)c4ccccc4)c3n2)c1[EOS],43212.950675964355,42
13.3,O=C(NN=Cc1c(F)c(F)c(F)c(F)c1F)c1ccc(O)c(-c2c(O)c3ccccc3n(Cc3ccccc3)c2=O)c1,[BOS]O=C(N/N=C/c1c(F)c(F)c(F)c(F)c1F)c1ccc(O)c(-c2c(O)c3ccccc3n(Cc3ccccc3)c2=O)c1[EOS][EOS][EOS],48952.21595263481,42
11.9,COc1ccc(NC(=O)C(=O)NCc2ccc(N3CCN(c4ncccn4)CC3)c(F)c2)cc1N1CCCC1=O,[BOS]COc1ccc(NC(=O)C(=O)NCc2ccc(N3CCN(c4ncccn4)CC3)c(F)c2)cc1N1CCCC1=O[EOS][EOS][EOS][EOS][EOS][EOS],54311.66506147385,42
12.3,O=C(Nc1ccc(C(=O)N2CCCCC2)cn1)c1cccc(Nn2c(O)c3c(c2O)CC=CC3)c1,[BOS]O=C(Nc1ccc(C(=O)N2CCCCC2)cn1)c1cccc(Nn2c(O)c3c(c2O)CC=CC3)c1[EOS],59717.29852938652,42
11.6,Cc1cc(-c2ccccc2)ccc1NC(=O)NCC1(C)CC[NH+](Cc2ccccc2)C1,[BOS]Cc1cc(-c2ccccc2)ccc1NC(=O)NC[C@@]1(C)CC[NH+](Cc2ccccc2)C1[EOS],64274.089661598206,42
12.4,O=C(C=Cc1ccc2ccccc2c1)Nc1cccc(C(=O)NCc2ccccc2)c1,[BOS]O=C(NCc1ccccc1)c1cccc(NC(=O)C=Cc2ccc3ccccc3c2)c1[EOS],5427.444411277771,42
11.6,O=C(NCc1ccc(Oc2ccc(F)cc2)cc1)NCc1ccc(N2CCCCCC2)nc1,[BOS]O=C(NCc1ccc(Oc2ccc(F)cc2)cc1)NCc1ccc(N2CCCCCC2)nc1[EOS],10871.486402273178,42
12.1,CCc1ccc(NC(=O)Nc2nnc(Cc3ccc(C(F)(F)F)cc3)o2)cc1S(N)(=O)=O,[BOS]CCc1ccc(NC(=O)Nc2nnc(Cc3ccc(C(F)(F)F)cc3)o2)cc1S(N)(=O)=O[EOS],15601.564742803574,42
12.5,Cc1cc(C)cc(N2CC(c3noc(-c4ccc5c(c4)ncn5-c4cccc(C)c4C)n3)CC2=O)c1,[BOS]Cc1cccc(-n2cnc3cc(-c4nc([C@@H]5CC(=O)N(c6cc(C)cc(C)c6)C5)no4)ccc32)c1C[EOS][EOS][EOS][EOS][EOS][EOS],20453.41396856308,42
13.3,O=C(Nc1ccc2c(c1)CN(C(Cl)(Cl)I)C(=O)CC2)NC1CC(c2cccc(C(F)(F)C(F)(F)F)c2)C1,[BOS]O=C1CCc2ccc(NC(=O)N[C@H]3C[C@H](c4cccc(C(F)(F)C(F)(F)F)c4)C3)cc2CN1C(Cl)(I)Cl[EOS],25040.738971948624,42
11.1,O=C1CCCCc2sc(NCC[NH+]3CCN(c4ccc(F)cc4)CC3)c(-c3nn[n-]n3)c21,[BOS]O=C1CCCCc2sc(NCC[NH+]3CCN(c4ccc(F)cc4)CC3)c(-c3nn[n-]n3)c21[EOS],29708.572066307068,42
12.3,Cc1cccc2cc(C(C)NC(=O)COc3ccc4c(C(F)(F)F)cc(=O)oc4c3)c(=O)oc12,[BOS]C[C@H](NC(=O)COc1ccc2c(C(F)(F)F)cc(=O)oc2c1)c1cc2cccc(C)c2oc1=O[EOS],35193.580875873566,42
13.2,O=C(CCc1nc(-c2cccc(C(F)(F)F)c2F)no1)NCC1c2ccccc2CCc2ccccc21,[BOS]O=C(CCc1nc(-c2cccc(C(F)(F)F)c2F)no1)NCC1c2ccccc2CCc2ccccc21[EOS],40978.4321475029,42
12.0,O=C1SC(=Cc2cn(Cc3cccc4ccccc34)c3ccccc23)C(=O)N1Cc1ccc(F)c(F)c1,[BOS]O=C1SC(=Cc2cn(Cc3cccc4ccccc34)c3ccccc23)C(=O)N1Cc1ccc(F)c(F)c1[EOS],47582.80225086212,42
11.6,O=C(C=Cc1ccc2[nH]ccc2c1)Nc1cccc(COc2ccc3c(c2)OCO3)c1,[BOS]O=C(C=Cc1ccc2[nH]ccc2c1)Nc1cccc(COc2ccc3c(c2)OCO3)c1[EOS],52224.79485344887,42
11.7,Cc1ccc2nc(C3CC3)cc(-c3nc(-c4cnn(-c5cccc(Cl)c5)c4)no3)c2c1,[BOS]Cc1ccc2nc(C3CC3)cc(-c3nc(-c4cnn(-c5cccc(Cl)c5)c4)no3)c2c1[EOS],56902.47409248352,42
12.3,Cc1cc(-c2noc(CCc3nc(-c4cc5c(cc4F)NC(=O)CC5)no3)n2)ccc1F,[BOS]Cc1cc(-c2noc(CCc3nc(-c4cc5c(cc4F)NC(=O)CC5)no3)n2)ccc1F[EOS][EOS][EOS][EOS][EOS][EOS][EOS][EOS],61962.92984199524,42
11.6,O=C1CN(C(=O)CCC(=O)NC2CN(c3cccc(Cl)c3)C2=O)c2ccccc2N1,[BOS]O=C1CN(C(=O)CCC(=O)N[C@H]2CN(c3cccc(Cl)c3)C2=O)c2ccccc2N1[EOS],5340.809908866882,42
13.9,CC(NC(=O)Nc1ccc2c3c(cccc13)CC2)C(=O)Nc1ccc2c(C(F)(F)F)cc(=O)oc2c1,[BOS]C[C@H](NC(=O)Nc1ccc2c3c(cccc13)CC2)C(=O)Nc1ccc2c(C(F)(F)F)cc(=O)oc2c1[EOS],10567.221858263016,42
11.6,Cc1cccc(COc2cccc(CC(=O)N3CCc4[nH]c5ccc(C)cc5c4C3)c2)c1,[BOS]Cc1cccc(COc2cccc(CC(=O)N3CCc4[nH]c5ccc(C)cc5c4C3)c2)c1[EOS],16114.49835896492,42
12.5,CC(Oc1ccc2ccccc2c1)C(O)=NNC=CC(=O)c1cc2cc3c(cc2oc1=O)OCCCO3,[BOS]C[C@H](Oc1ccc2ccccc2c1)C(O)=NNC=CC(=O)c1cc2cc3c(cc2oc1=O)OCCCO3[EOS],21559.835653066635,42
12.8,O=C(c1cccc(-c2noc(C3COc4ccccc4C3)n2)c1)N1CCC(Cc2ccccc2)CC1,[BOS]O=C(c1cccc(-c2noc([C@@H]3COc4ccccc4C3)n2)c1)N1CCC(Cc2ccccc2)CC1[EOS],26161.68400502205,42
11.9,O=C(Nc1ccc2c(c1)Cc1ccccc1-2)C(=O)NC1CCC(c2cccc(F)c2)C1,[BOS]O=C(Nc1ccc2c(c1)Cc1ccccc1-2)C(=O)N[C@H]1CC[C@H](c2cccc(F)c2)C1[EOS],30549.22290802002,42
12.3,CC(=O)N1CCCc2cc(NC(=O)Nc3ccc4c(c3)CCN4c3ccc(F)c(C)n3)ccc21,[BOS]CC(=O)N1CCCc2cc(NC(=O)Nc3ccc4c(c3)CCN4c3ccc(F)c(C)n3)ccc21[EOS],34610.87793183327,42
12.2,O=c1ccccn1Cc1ccc(-c2nc(-c3cccc4ccccc34)no2)c(F)c1F,[BOS]O=c1ccccn1Cc1ccc(-c2nc(-c3cccc4ccccc34)no2)c(F)c1F[EOS],39413.66901278496,42
11.9,CC1Cc2cc(NC(=O)C(=O)NCc3ccc(C(=O)N4CCCCC4)cc3Cl)ccc2O1,[BOS]C[C@@H]1Cc2cc(NC(=O)C(=O)NCc3ccc(C(=O)N4CCCCC4)cc3Cl)ccc2O1[EOS],44315.6307721138,42
13.8,Fc1cc(-c2noc(CCc3nnc(-c4ccc5ccccc5c4)o3)n2)c2ccccc2c1F,[BOS]Fc1cc(-c2noc(CCc3nnc(-c4ccc5ccccc5c4)o3)n2)c2ccccc2c1F[EOS],49965.99449181557,42
12.5,Nc1nc(=O)c2ccccc2n1C(F)(F)c1cccc(-c2ccc3cnn(C4CCCCO4)c3c2)c1,[BOS]Nc1nc(=O)c2ccccc2n1C(F)(F)c1cccc(-c2ccc3cnn([C@H]4CCCCO4)c3c2)c1[EOS],55183.28982543945,42
12.7,c1ccc(Cc2cc(-c3ccc(-c4n[nH]c5ccccc45)cc3)oc2-c2cccc(-c3nsc4c3ccc3ccccc34)c2)cc1,[BOS]c1ccc(Cc2cc(-c3ccc(-c4n[nH]c5ccccc45)cc3)oc2-c2cccc(-c3nsc4c5ccccc5ccc34)c2)cc1[EOS],60429.5673186779,42
12.8,Cn1c(=O)[nH]c2ccc(-c3nc(-c4cc(Cl)c5c(c4)OC(F)(F)CC5=O)no3)cc2c1=O,[BOS]Cn1c(=O)[nH]c2ccc(-c3nc(-c4cc(Cl)c5c(c4)OC(F)(F)CC5=O)no3)cc2c1=O[EOS],4199.977381229401,42
12.5,O=C(NCCc1nnc2n1CCCCC2)Nc1ccc(CC(=O)N2CCc3ccccc3C2)cc1,[BOS]O=C(Cc1ccc(NC(=O)NCCc2nnc3n2CCCCC3)cc1)N1CCc2ccccc2C1[EOS],9967.105287075043,42
11.5,CC([NH2+]C(C)c1cn(-c2ccccc2)nn1)C(=O)Nc1ccc2c(c1)OC1(CCCCC1)O2,[BOS]C[C@H]([NH2+][C@@H](C)c1cn(-c2ccccc2)nn1)C(=O)Nc1ccc2c(c1)OC1(CCCCC1)O2[EOS],15287.317256689072,42
11.1,Cc1ccc(N2CCC([NH2+]C(C)c3ccc(-c4ccccc4)o3)C2=O)cc1C,[BOS]Cc1ccc(N2CC[C@@H]([NH2+][C@H](C)c3ccc(-c4ccccc4)o3)C2=O)cc1C[EOS],20393.387326478958,42
12.1,O=C(CNC(=O)Nc1cccc(CN2CCCCC2=O)c1)Nc1ccccc1-c1ccccc1,[BOS]O=C(CNC(=O)Nc1cccc(CN2CCCCC2=O)c1)Nc1ccccc1-c1ccccc1[EOS],26179.770993709564,42
15.0,O=C(NCc1ccc(NC(=O)c2cc(-c3ccc(Cl)cc3)cc3ccccc23)cc1)c1ccc2ccccc2c1,[BOS]O=C(NCc1ccc(NC(=O)c2cc(-c3ccc(Cl)cc3)cc3ccccc23)cc1)c1ccc2ccccc2c1[EOS],32045.7244515419,42
11.8,O=C(NC1CC2CCC(C1)N2C(=O)C1Cc2ccccc2N1)c1cc(-c2ccccc2)n2ccccc12,[BOS]O=C(N[C@H]1C[C@H]2CC[C@@H](C1)N2C(=O)[C@@H]1Cc2ccccc2N1)c1cc(-c2ccccc2)n2ccccc12[EOS],37390.94794178009,42
11.7,O=C(COC(=O)C1CC(=O)NC2CCCCC21)NC(=O)Nc1ccc2c(c1)OCCCO2,[BOS]O=C1C[C@H](C(=O)OCC(=O)NC(=O)Nc2ccc3c(c2)OCCCO3)[C@@H]2CCCC[C@H]2N1[EOS],42583.71500015259,42
12.7,CCC(NC(=O)CCc1nnc(-c2cc3cccc4c3n(c2=O)CCC4)o1)c1ccc2c(c1)CCCC2,[BOS]CC[C@H](NC(=O)CCc1nnc(-c2cc3cccc4c3n(c2=O)CCC4)o1)c1ccc2c(c1)CCCC2[EOS],48536.94140577316,42
11.5,COc1ncc(Cc2cnn(-c3cc(F)c4c(C)c(C(=O)Nc5cc(CC6CNCCO6)sn5)oc4c3)c2)cc1CO,[BOS]COc1ncc(Cc2cnn(-c3cc(F)c4c(C)c(C(=O)Nc5cc(C[C@H]6CNCCO6)sn5)oc4c3)c2)cc1CO[EOS],53421.127012491226,42
12.5,O=C1CCCc2cc(C(=O)N3CCC(c4nc5ccc(-c6ccccc6)cn5n4)CC3)cnc2N1,[BOS]O=C1CCCc2cc(C(=O)N3CCC(c4nc5ccc(-c6ccccc6)cn5n4)CC3)cnc2N1[EOS],58077.714285612106,42
11.2,Cc1cc(C2CCCN2C(=O)C(=O)Nc2cccc(OCc3ccc(F)cc3)c2)n(C)n1,[BOS]Cc1cc([C@@H]2CCCN2C(=O)C(=O)Nc2cccc(OCc3ccc(F)cc3)c2)n(C)n1[EOS],62848.72815847397,42
12.3,O=C(CC=Cc1ccc(-n2c(C(F)(F)F)nc3ccccc32)o1)Nc1ccc(S(=O)(=O)N=c2cc[nH][nH]2)cc1,[BOS]O=C(CC=Cc1ccc(-n2c(C(F)(F)F)nc3ccccc32)o1)Nc1ccc(S(=O)(=O)N=c2cc[nH][nH]2)cc1[EOS][EOS][EOS][EOS][EOS][EOS][EOS][EOS],5432.558214187622,42
12.3,Cc1noc(C)c1-c1cc(-c2cccc(C(O)=NC3CCCOC(F)(F)C(F)C3)c2F)ccn1,[BOS]Cc1noc(C)c1-c1cc(-c2cccc(C(O)=N[C@H]3CCCOC(F)(F)[C@@H](F)C3)c2F)ccn1[EOS],10612.116110801697,42
12.0,O=C(NCC1Cc2ccccc21)c1nc2c(s1)CC[NH+](C1Cc3ccc(F)cc3C1)CC2,[BOS]O=C(NC[C@H]1Cc2ccccc21)c1nc2c(s1)CC[NH+](C1Cc3cc(F)ccc3C1)CC2[EOS],15874.182847261429,42
13.0,O=C(NCCc1ccc2ccccc2c1)c1nn(-c2cc(C(F)(F)F)cc(C(F)(F)F)c2)c2c1CCCCC2,[BOS]O=C(NCCc1ccc2ccccc2c1)c1nn(-c2cc(C(F)(F)F)cc(C(F)(F)F)c2)c2c1CCCCC2[EOS],21546.748139619827,42
11.6,O=C1CCCCN1c1cccc(NCc2cccc(-c3ccc(F)cc3F)c2)n1,[BOS]O=C1CCCCN1c1cccc(NCc2cccc(-c3ccc(F)cc3F)c2)n1[EOS],26584.905279636383,42
12.7,Cc1c(O)ccc2c(Cn3cccc(-c4nc(-c5ccc(F)c6ccccc56)no4)c3=O)cc(=O)oc12,[BOS]Cc1c(O)ccc2c(Cn3cccc(-c4nc(-c5ccc(F)c6ccccc56)no4)c3=O)cc(=O)oc12[EOS][EOS][EOS][EOS][EOS][EOS],31629.681280374527,42
11.2,Cc1ccc(CCC(=O)N2C3CCC2CC(NC(=O)Cc2noc4ccccc24)C3)c2ccccc12,[BOS]Cc1ccc(CCC(=O)N2[C@@H]3CC[C@H]2C[C@@H](NC(=O)Cc2noc4ccccc24)C3)c2ccccc12[EOS][EOS][EOS][EOS][EOS],37248.564037323,42
12.2,Brc1ccc2c(-c3nc(-c4cccc(-c5nc(-c6cccnc6)no5)c4)no3)cncc2c1,[BOS]Brc1ccc2c(-c3nc(-c4cccc(-c5nc(-c6cccnc6)no5)c4)no3)cncc2c1[EOS],41916.91656041145,42
12.0,Cc1oc(-c2cccc(C(F)(F)F)c2)nc1C(O)=NN=C(O)c1cccc2ncccc12,[BOS]Cc1oc(-c2cccc(C(F)(F)F)c2)nc1C(O)=NN=C(O)c1cccc2ncccc12[EOS],47338.407829761505,42
11.9,O=C(NCCc1csc(-c2ccccc2)n1)Nc1ccc2c(c1)CCC(=O)N2Cc1ccc(Cl)cc1,[BOS]O=C(NCCc1csc(-c2ccccc2)n1)Nc1ccc2c(c1)CCC(=O)N2Cc1ccc(Cl)cc1[EOS],52901.67376089096,42
11.2,CC(NC(=O)NCCn1c(O)c2c(c1O)C1C=CC2C1)c1ccc2c(c1)CCC(=O)N2CC1CC1,[BOS]C[C@@H](NC(=O)NCCn1c(O)c2c(c1O)[C@H]1C=C[C@H]2C1)c1ccc2c(c1)CCC(=O)N2CC1CC1[EOS],58755.59092235565,42
13.6,Cc1ccc(C(=O)Nc2ccc3nc4n(c(=O)c3c2)CCCC4)cc1C(=O)Nc1cccc2ccccc12,[BOS]Cc1ccc(C(=O)Nc2ccc3nc4n(c(=O)c3c2)CCCC4)cc1C(=O)Nc1cccc2ccccc12[EOS],63049.41202712059,42
11.0,Cc1nn(-c2ccccn2)c(C)c1-c1nc(-c2cn(Cc3ccccc3)nn2)no1,[BOS]Cc1nn(-c2ccccn2)c(C)c1-c1nc(-c2cn(Cc3ccccc3)nn2)no1[EOS],4622.131692647934,42
12.0,Cc1cc(-c2noc(C(C)NC(=O)c3ccc4c(c3)Oc3ccccc3N4)n2)ccc1F,[BOS]Cc1cc(-c2noc([C@@H](C)NC(=O)c3ccc4c(c3)Oc3ccccc3N4)n2)ccc1F[EOS],9529.266883134842,42
13.2,COc1ccc2c(CC(=O)Nc3ccc(-c4ccc(N)cc4)c(C)c3)cc3cccc4ccc1c2c43,[BOS]COc1ccc2c(CC(=O)Nc3ccc(-c4ccc(N)cc4)c(C)c3)cc3cccc4ccc1c2c43[EOS],14663.213609695435,42
11.4,CN1CC(CNC(=O)c2ccc(=O)n(-c3cccc(F)c3)c2)CC1Nc1ccc2ncccc2c1[N+](=O)[O-],[BOS]CN1C[C@@H](CNC(=O)c2ccc(=O)n(-c3cccc(F)c3)c2)CC1Nc1ccc2ncccc2c1[N+](=O)[O-][EOS][EOS][EOS][EOS][EOS][EOS][EOS],19488.22810769081,42
12.0,CC(=O)Nc1ccc(C)c(-c2nc(C3CCCc4ccc(F)cc43)no2)c1,[BOS]CC(=O)Nc1ccc(C)c(-c2nc([C@H]3CCCc4ccc(F)cc43)no2)c1[EOS],24484.03222513199,42
11.4,O=C(NCC(O)COc1cccc(C(F)(F)F)c1)NC1CCCc2ccc(OCc3cc(F)ccc3O)cc21,[BOS]O=C(NC[C@H](O)COc1cccc(C(F)(F)F)c1)N[C@@H]1CCCc2ccc(OCc3cc(F)ccc3O)cc21[EOS],30369.32668375969,42
12.6,O=C(NCCNc1ccc(-c2ccc3c(c2)OCCCO3)nn1)C1CCCc2cccnc21,[BOS]O=C(NCCNc1ccc(-c2ccc3c(c2)OCCCO3)nn1)[C@@H]1CCCc2cccnc21[EOS],35958.87152504921,42
12.2,CC1CCCC(OCc2cccc(NC(=O)NCCc3cc(F)cc4c3OCOC4)c2)C1,[BOS]C[C@@H]1CCC[C@H](OCc2cccc(NC(=O)NCCc3cc(F)cc4c3OCOC4)c2)C1[EOS],41543.11936903,42
13.6,Cc1ccc(C(=O)Nc2cccc(C3CC(=O)OC(C)(C)C3)c2)cc1NC(=O)c1cccc2ccccc12,[BOS]Cc1ccc(C(=O)Nc2cccc(C3CC(=O)OC(C)(C)C3)c2)cc1NC(=O)c1cccc2ccccc12[EOS],46526.59734892845,42
12.9,Cc1cc(CNC(=O)NCC(=O)Nc2cccc3cccnc23)ccc1-c1ccc(C=Nc2ccccc2)c2ccccc12,[BOS]Cc1cc(CNC(=O)NCC(=O)Nc2cccc3cccnc23)ccc1-c1ccc(C=Nc2ccccc2)c2ccccc12[EOS],52388.7845056057,42
11.8,O=C(c1ccc(F)c(-c2ccnc3c2ccc2cccnc23)c1)N1CCCCCC1,[BOS]O=C(c1ccc(F)c(-c2ccnc3c2ccc2cccnc23)c1)N1CCCCCC1[EOS],57126.12616825104,42
14.0,O=C1CCc2cc(C(O)=Nc3cc(N=C(O)c4c[nH]c5ccccc45)c(F)cc3F)c(F)cc2N1C1C=CC=CC1,[BOS]O=C1CCc2cc(C(O)=Nc3cc(N=C(O)c4c[nH]c5ccccc45)c(F)cc3F)c(F)cc2N1C1C=CC=CC1[EOS],62494.9606757164,42
12.6,Cc1ccc(NC(=O)NNC(=O)c2nc(-c3ccccc3)n(-c3cccc(C(F)(F)F)c3)n2)cc1C,[BOS]Cc1ccc(NC(=O)NNC(=O)c2nc(-c3ccccc3)n(-c3cccc(C(F)(F)F)c3)n2)cc1C[EOS],5936.391429424286,42
11.2,NC(=[NH+]c1cc2ccccc2nn1)c1cn(Cc2ccccc2F)c(=O)cn1,[BOS]NC(=[NH+]c1cc2ccccc2nn1)c1cn(Cc2ccccc2F)c(=O)cn1[EOS],10777.34355521202,42
11.8,O=C(Oc1cccc(N2C(=O)C3C4CCC(C4)C3C2=O)c1)c1ccc2c(c1)C(=O)c1ccccc1C2=O,[BOS]O=C(Oc1cccc(N2C(=O)[C@H]3[C@H]4CC[C@H](C4)[C@@H]3C2=O)c1)c1ccc2c(c1)C(=O)c1ccccc1C2=O[EOS][EOS][EOS],16944.438143253326,42
12.1,Cc1ccc2oc(C(=O)Nc3ccc(Cc4[nH+]cc5ccccn45)cc3)cc2c1,[BOS]Cc1ccc2oc(C(=O)Nc3ccc(Cc4[nH+]cc5ccccn45)cc3)cc2c1[EOS],21765.450818538666,42
11.8,O=C(NC1CC1c1cccc2ccccc12)c1ccc2c(c1)C(=O)N(Cc1ccccc1)C2=O,[BOS]O=C(N[C@@H]1C[C@H]1c1cccc2ccccc12)c1ccc2c(c1)C(=O)N(Cc1ccccc1)C2=O[EOS],27063.568504571915,42
11.7,Cc1cc(F)c(F)c(C(=O)NC2(c3ccc(NC(=O)C4Cc5ccccc5C4)cc3)CCC2)c1,[BOS]Cc1cc(F)c(F)c(C(=O)NC2(c3ccc(NC(=O)C4Cc5ccccc5C4)cc3)CCC2)c1[EOS][EOS][EOS],33208.79339528084,42
11.1,COc1c[nH]c(-c2nc(-c3ccc4c(c3)COC4c3ccc(F)cc3)no2)cc1=O,[BOS]COc1c[nH]c(-c2nc(-c3ccc4c(c3)CO[C@@H]4c3ccc(F)cc3)no2)cc1=O[EOS],37475.760278224945,42
11.3,Cc1ccc(-c2noc(C(C)[NH2+]Cc3cccc(C(=O)N4CCCCC4)c3)n2)cc1F,[BOS]Cc1ccc(-c2noc([C@@H](C)[NH2+]Cc3cccc(C(=O)N4CCCCC4)c3)n2)cc1F[EOS],43223.57415318489,42
13.4,O=C(NCCCCCC1C(=O)c2ccccc2C1=O)Nc1ccc(F)cc1C(=O)C1Cc2ccccc2-c2cccc[n+]21,[BOS]O=C(NCCCCC[C@H]1C(=O)c2ccccc2C1=O)Nc1ccc(F)cc1C(=O)C1Cc2ccccc2-c2cccc[n+]21[EOS],50364.34604024887,42
13.9,CN1Cc2cc(NC(=O)c3cc(-c4ccccc4F)nc4ccccc34)ccc2N(C)C1=O,[BOS]CN1Cc2cc(NC(=O)c3cc(-c4ccccc4F)nc4ccccc34)ccc2N(C)C1=O[EOS],55293.126371622086,42
13.2,O=C(Nc1ccc2c(c1)Cc1ccccc1-2)O[NH+]=C(O)c1cnc2c(c1)OC1(CCCC1)C(=O)N2C1CC1,[BOS]O=C(Nc1ccc2c(c1)Cc1ccccc1-2)O[NH+]=C(O)c1cnc2c(c1)OC1(CCCC1)C(=O)N2C1CC1[EOS],60963.81229567528,42
11.2,CC(CNC(=O)C(=O)NCCCc1ccc2ccccc2c1)[NH+]1CCc2ccccc2C1,[BOS]C[C@H](CNC(=O)C(=O)NCCCc1ccc2ccccc2c1)[NH+]1CCc2ccccc2C1[EOS],67062.96181583405,42
12.2,O=C(c1nn(CC(O)c2cccc(OCc3ccccc3)c2)c(=O)c2ccccc12)N1CCc2ccc(F)cc2C1,[BOS]O=C(c1nn(C[C@H](O)c2cccc(OCc3ccccc3)c2)c(=O)c2ccccc12)N1CCc2ccc(F)cc2C1[EOS],6372.220928668976,42
11.4,O=[N+]([O-])c1ccc(-c2noc(COc3ccc4ccccc4c3F)n2)c2ccccc12,[BOS]O=[N+]([O-])c1ccc(-c2noc(COc3ccc4ccccc4c3F)n2)c2ccccc12[EOS],11130.778522014618,42
11.2,CC(SCc1nc2sc(-c3ccccc3)cc2c(=O)[nH]1)C(=O)Nc1n[nH]c(-c2ccccn2)n1,[BOS]C[C@H](SCc1nc2sc(-c3ccccc3)cc2c(=O)[nH]1)C(=O)Nc1n[nH]c(-c2ccccn2)n1[EOS][EOS][EOS][EOS][EOS],17192.00446653366,42
13.7,Cn1ncc2c(-c3cccc(NC(=O)c4cccc(COc5cc(Cl)cc6c5CCCC6=O)c4)c3)c3ccccc3nc21,[BOS]Cn1ncc2c(-c3cccc(NC(=O)c4cccc(COc5cc(Cl)cc6c5CCCC6=O)c4)c3)c3ccccc3nc21[EOS],22489.98801255226,42
11.9,Cc1ccc(COc2cccc(NC(=O)C(=O)Nc3ccc4c(c3)C(=O)CCCC4)c2)cc1,[BOS]Cc1ccc(COc2cccc(NC(=O)C(=O)Nc3ccc4c(c3)C(=O)CCCC4)c2)cc1[EOS],27864.996532917023,42
12.0,Cc1ccnc(Oc2ccc(NC(=O)c3ccc4c(c3)NC(=O)CCN4C(C)CO)cc2)c1F,[BOS]Cc1ccnc(Oc2ccc(NC(=O)c3ccc4c(c3)NC(=O)CCN4C(C)CO)cc2)c1F[EOS],32606.8965985775,42
12.2,Clc1ccc(-c2onc3ccc(-c4nnc(-c5ccc(OCc6ccccc6Cl)c(Cl)c5)o4)cc23)cc1,[BOS]Clc1ccccc1COc1ccc(-c2nnc(-c3ccc4noc(-c5ccc(Cl)cc5)c4c3)o2)cc1Cl[EOS],37893.83272409439,42
11.5,O=C(NC1CCc2ccc(-c3ccccc3)cc21)C1CNCC1C(F)(F)F,[BOS]O=C(N[C@@H]1CCc2ccc(-c3ccccc3)cc21)[C@H]1CNC[C@H]1C(F)(F)F[EOS],42453.90901899338,42
13.9,Fc1ccc(Cc2nc(-c3nnc(-c4ccc5[nH]c6ccccc6c5c4)o3)no2)c(C2=NCNN2)c1,[BOS]Fc1ccc(Cc2nc(-c3nnc(-c4ccc5[nH]c6ccccc6c5c4)o3)no2)c(C2=NCNN2)c1[EOS],47171.16456627846,42
13.8,O=C(NCc1ccc(-n2cnc3ccccc32)cc1)Nc1cccc(C(=O)N2CCc3ccccc32)c1,[BOS]O=C(NCc1ccc(-n2cnc3ccccc32)cc1)Nc1cccc(C(=O)N2CCc3ccccc32)c1[EOS],52444.3725233078,42
12.6,NC(=O)c1cccc(Oc2ccc(NC(=O)C(=O)NC3CCCc4c(F)cc(F)cc43)cc2)c1,[BOS]NC(=O)c1cccc(Oc2ccc(NC(=O)C(=O)N[C@H]3CCCc4c(F)cc(F)cc43)cc2)c1[EOS],58143.04834794998,42
12.3,Cc1ccc2[nH]c(C(=O)NCC3COc4c(cccc4OCCc4cc(F)cc(Cl)c4)C3)cc2c1F,[BOS]Cc1ccc2[nH]c(C(=O)NC[C@H]3COc4c(cccc4OCCc4cc(F)cc(Cl)c4)C3)cc2c1F[EOS],63206.73008918762,42
13.2,O=C(Nc1cccc(-c2ccc3nonc3c2)c1)c1cc2ccccc2n1S(=O)(=O)c1ccc2ccccc2c1,[BOS]O=C(Nc1cccc(-c2ccc3nonc3c2)c1)c1cc2ccccc2n1S(=O)(=O)c1ccc2ccccc2c1[EOS],5456.164539575577,42
10.9,Cc1nn(-c2ccc(F)cc2)cc1CNC(=O)Nc1ccc(-n2nncc2C)cc1,[BOS]Cc1cnnn1-c1ccc(NC(=O)NCc2cn(-c3ccc(F)cc3)nc2C)cc1[EOS],10273.812099933624,42
12.6,O=C(NCC1CCN(c2ccc(F)c(F)c2)C1)Nc1cc(-c2nnc3n2CCCCC3)ccc1F,[BOS]O=C(NC[C@H]1CCN(c2ccc(F)c(F)c2)C1)Nc1cc(-c2nnc3n2CCCCC3)ccc1F[EOS],15879.63359618187,42
11.3,CC1(CNC(=O)Nc2cccc(-n3cc(C(F)(F)F)cn3)c2)Cc2ccccc2C1,[BOS]CC1(CNC(=O)Nc2cccc(-n3cc(C(F)(F)F)cn3)c2)Cc2ccccc2C1[EOS],20624.98767399788,42
11.0,Cc1ccc(C(O)C(C)NC(=O)NC(c2ccccc2)C2CCCCC2)cc1C,[BOS]Cc1ccc([C@H](O)[C@H](C)NC(=O)N[C@@H](c2ccccc2)C2CCCCC2)cc1C[EOS],25550.74849629402,42
11.3,c1cnc2ccc(-c3noc(-c4ccn5nc6c(c5c4)CCCC6)n3)cc2c1,[BOS]c1cnc2ccc(-c3noc(-c4ccn5nc6c(c5c4)CCCC6)n3)cc2c1[EOS],29238.561718702316,42
12.6,Cc1c(NC(=O)C2=NN(c3ccccc3)C(c3ccccc3)C2)cccc1NC(=O)c1cccnc1,[BOS]Cc1c(NC(=O)c2cccnc2)cccc1NC(=O)C1=NN(c2ccccc2)[C@H](c2ccccc2)C1[EOS],34403.367152929306,42
12.4,Cc1ccc(-n2cc(NC(=O)NCCc3cn(C4CCCC4)c4cc(C)ccc34)cn2)c(C)c1,[BOS]Cc1ccc(-n2cc(NC(=O)NCCc3cn(C4CCCC4)c4cc(C)ccc34)cn2)c(C)c1[EOS],39516.07823777199,42
11.9,O=C(Nc1ccc2nc(-c3ccc(F)cc3)oc2c1)C(=O)Nc1cc2c(cn1)CCC2,[BOS]O=C(Nc1cc2c(cn1)CCC2)C(=O)Nc1ccc2nc(-c3ccc(F)cc3)oc2c1[EOS],43873.737688302994,42
12.0,CC1N(C(=O)c2cccc(NC(=O)c3cccc(-c4cnn(C)c4)c3)c2)CCC1(F)F,[BOS]C[C@H]1N(C(=O)c2cccc(NC(=O)c3cccc(-c4cnn(C)c4)c3)c2)CCC1(F)F[EOS][EOS][EOS][EOS][EOS][EOS][EOS],48227.38126015663,42
12.1,Cc1cc(N2CCCCCC2)ccc1NC(=O)C#Cc1ccc2nnc(-c3ccc(C(F)(F)F)c(F)c3)n2n1,[BOS]Cc1cc(N2CCCCCC2)ccc1NC(=O)C#Cc1ccc2nnc(-c3cc(F)c(C(F)(F)F)cc3)n2n1[EOS],52777.18774867058,42
13.0,O=C(c1ccc(OCc2nc(-c3ccc4ccccc4n3)no2)cc1)N1CCc2ccccc2C1,[BOS]O=C(c1ccc(OCc2nc(-c3ccc4ccccc4n3)no2)cc1)N1CCc2ccccc2C1[EOS],58463.17404770851,42
11.9,O=C(CCc1nnc(-c2cc3ccccc3o2)o1)Nc1cccc(C(=O)Nc2ccccn2)c1,[BOS]O=C(CCc1nnc(-c2cc3ccccc3o2)o1)Nc1cccc(C(=O)Nc2ccccn2)c1[EOS][EOS][EOS][EOS][EOS][EOS][EOS][EOS],5611.477696418762,42
11.9,Fc1ccc(-n2nc(C[NH+]3CCCC(n4cnc5ccccc54)C3)c3c2CCCC3)c(F)c1F,[BOS]Fc1ccc(-n2nc(C[NH+]3CCC[C@@H](n4cnc5ccccc54)C3)c3c2CCCC3)c(F)c1F[EOS],10936.947396755219,42
10.8,Cc1nc2c(-c3cc(F)cc(C(=O)N(C)CCc4ccccn4)c3)c(C(F)(F)F)nn2n1C(C)C,[BOS]Cc1nc2c(-c3cc(F)cc(C(=O)N(C)CCc4ccccn4)c3)c(C(F)(F)F)nn2n1C(C)C[EOS][EOS][EOS][EOS][EOS][EOS][EOS][EOS],16037.27048611641,42
12.9,O=C(Nc1ccc(OC2CCOc3ccccc32)cc1)Nc1cccc(S(=O)(=O)N2CCOCC2)c1,[BOS]O=C(Nc1ccc(O[C@H]2CCOc3ccccc32)cc1)Nc1cccc(S(=O)(=O)N2CCOCC2)c1[EOS],21119.457257270813,42
12.3,O=C(Nc1cccc(Nc2ccccc2)c1)c1nn(-c2cccc(F)c2)c2c1CCCC2,[BOS]O=C(Nc1cccc(Nc2ccccc2)c1)c1nn(-c2cccc(F)c2)c2c1CCCC2[EOS],26202.219566345215,42
11.8,Cc1cc(C)n(-c2ccc(CCNC(=O)NCC(=O)N3CCCc4ccccc43)cc2)n1,[BOS]Cc1cc(C)n(-c2ccc(CCNC(=O)NCC(=O)N3CCCc4ccccc43)cc2)n1[EOS],31929.136043787003,42
12.4,Cc1ccc(NC(=O)NC(=O)CNc2ccc(C(=O)N3CCCC(c4ccccc4)C3)cc2)c(C)c1C,[BOS]Cc1ccc(NC(=O)NC(=O)CNc2ccc(C(=O)N3CCC[C@H](c4ccccc4)C3)cc2)c(C)c1C[EOS],37613.79725718498,42
12.7,CC(C)C1CCC(C(=O)N2CCCCC2c2cc(NC(=O)C3Cc4ccccc4O3)n[nH]2)CC1,[BOS]CC(C)[C@H]1CC[C@H](C(=O)N2CCCC[C@@H]2c2cc(NC(=O)[C@H]3Cc4ccccc4O3)n[nH]2)CC1[EOS],42828.974734306335,42
12.6,Cc1ccc(-n2ncc(NC(=O)Nc3ccc(F)cc3)c2C)cc1N1CCCCOc2cc3c(cc2C1)OCO3,[BOS]Cc1ccc(-n2ncc(NC(=O)Nc3ccc(F)cc3)c2C)cc1N1CCCCOc2cc3c(cc2C1)OCO3[EOS],47734.700489997864,42
12.3,c1ccc(CN2CCC(NCc3ccccc3COc3noc4cc(OCC5CCCc6ccccc65)ccc34)CC2)cc1,[BOS]c1ccc(COc2noc3cc(OC[C@@H]4CCCc5ccccc54)ccc23)c(CNC2CCN(Cc3ccccc3)CC2)c1[EOS],53311.31078910828,42
11.6,Brc1cccc2c(-c3noc(Cc4ccc(-n5cnnn5)cc4)n3)nc(-c3ccccc3)nc12,[BOS]Brc1cccc2c(-c3noc(Cc4ccc(-n5cnnn5)cc4)n3)nc(-c3ccccc3)nc12[EOS],57704.931022167206,42
11.9,O=C(NCCCOC1CCCc2ccccc21)Nc1ccc(F)c(C(=O)c2ccccc2)c1,[BOS]O=C(NCCCO[C@H]1CCCc2ccccc21)Nc1ccc(F)c(C(=O)c2ccccc2)c1[EOS],63236.423369169235,42
12.0,O=C(NCCN1C(=O)NC2(CCCC2)C1=O)c1ccc2c(c1)-c1ccccc1C2,[BOS]O=C(NCCN1C(=O)NC2(CCCC2)C1=O)c1ccc2c(c1)-c1ccccc1C2[EOS],5287.165065050125,42
11.7,Cc1ccccc1-c1cc(NC(=O)NCCc2cccc(C(F)(F)F)c2)n(C)n1,[BOS]Cc1ccccc1-c1cc(NC(=O)NCCc2cccc(C(F)(F)F)c2)n(C)n1[EOS],10512.660544633865,42
12.5,O=C(CCc1nnc(C2CC(c3ccc(Cl)c(C(F)(F)F)c3)=NO2)o1)Nc1cccc2ccccc12,[BOS]O=C(CCc1nnc([C@H]2CC(c3ccc(Cl)c(C(F)(F)F)c3)=NO2)o1)Nc1cccc2ccccc12[EOS],16225.006967306137,42
12.1,O=C(CNC(=O)NCC(O)c1ccc2ccccc2c1)Nc1ccccc1-c1ccccc1,[BOS]O=C(CNC(=O)NC[C@H](O)c1ccc2ccccc2c1)Nc1ccccc1-c1ccccc1[EOS],22045.945574760437,42
11.7,CC(Sc1nnc(-c2c[nH]c3ccccc23)o1)C(=O)NC(C)c1cccc2ccccc12,[BOS]C[C@H](Sc1nnc(-c2c[nH]c3ccccc23)o1)C(=O)N[C@@H](C)c1cccc2ccccc12[EOS],27875.26526093483,42
12.2,C=C(C)COc1cccc(C=NNC(=O)c2n[nH]c(CNC(=O)c3cccc4ccccc34)n2)c1,[BOS]C=C(C)COc1cccc(/C=N\NC(=O)c2n[nH]c(CNC(=O)c3cccc4ccccc34)n2)c1[EOS],33036.02015709877,42
12.4,O=C(NC1CCCC1)c1ccc(-c2cc(Cc3ccc4nn[nH]c4c3)cc3c2C(F)(F)C3)cc1Oc1ccc(F)cc1F,[BOS]O=C(NC1CCCC1)c1ccc(-c2cc(Cc3ccc4nn[nH]c4c3)cc3c2C(F)(F)C3)cc1Oc1ccc(F)cc1F[EOS],38164.131586790085,42
11.3,NC(=O)C1Cc2ccccc2N1C(=O)c1cccc(Cc2n[nH]c(=O)c3ccccc23)c1,[BOS]NC(=O)[C@@H]1Cc2ccccc2N1C(=O)c1cccc(Cc2n[nH]c(=O)c3ccccc23)c1[EOS],42942.34504699707,42
11.0,O=C(NCCCCc1ccc(F)c(F)c1)NCCc1nc(-c2ccc(Cl)cc2)no1,[BOS]O=C(NCCCCc1ccc(F)c(F)c1)NCCc1nc(-c2ccc(Cl)cc2)no1[EOS],48663.74268960953,42
10.7,CC(O)(CNC(=O)c1ccc2nc(Cc3ccccc3)[nH]c2c1)c1ccc(F)cc1F,[BOS]C[C@@](O)(CNC(=O)c1ccc2nc(Cc3ccccc3)[nH]c2c1)c1ccc(F)cc1F[EOS],53782.71748805046,42
12.0,Cc1cc(C)n(-c2cccc(NC(=O)c3ccc(Cl)c(NC(=O)c4ccc(F)cc4)c3)c2)n1,[BOS]Cc1cc(C)n(-c2cccc(NC(=O)c3ccc(Cl)c(NC(=O)c4ccc(F)cc4)c3)c2)n1[EOS],58698.46554064751,42
12.0,O=C(NC1CCCCC1)c1cc(NCC(c2ccccc2)c2c[nH]c3ccccc23)ccc1[N+](=O)[O-],[BOS]O=C(NC1CCCCC1)c1cc(NC[C@@H](c2ccccc2)c2c[nH]c3ccccc23)ccc1[N+](=O)[O-][EOS],64328.72056388855,42
12.7,Cc1ccc(C(C)C)c(Oc2ccc(NC(=O)COc3ccc4c(c3)CCCC(=O)N4)cc2F)c1,[BOS]Cc1ccc(C(C)C)c(Oc2ccc(NC(=O)COc3ccc4c(c3)CCCC(=O)N4)cc2F)c1[EOS],5986.124812364578,42
12.2,Cc1nc2cc(C(=O)NC3CCN(c4ccc(F)c(Cl)c4F)C3)ccc2n1-c1ccccc1,[BOS]Cc1nc2cc(C(=O)N[C@@H]3CCN(c4ccc(F)c(Cl)c4F)C3)ccc2n1-c1ccccc1[EOS],10641.104615688324,42
11.3,O=C(NC1CC2CCC(C1)N2C(=O)c1cnnc2ccccc12)c1nc2ccc(C(F)(F)F)cn2n1,[BOS]O=C(N[C@H]1C[C@H]2CC[C@@H](C1)N2C(=O)c1cnnc2ccccc12)c1nc2ccc(C(F)(F)F)cn2n1[EOS],16051.259702205658,42
12.4,Cc1nc2nc(N)nn2c(C)c1CCC(=O)Nc1ccc2nc(Cc3ccccc3)oc2c1,[BOS]Cc1nc2nc(N)nn2c(C)c1CCC(=O)Nc1ccc2nc(Cc3ccccc3)oc2c1[EOS],21825.28873705864,42
12.2,N#Cc1c[nH]c2ccc(-c3ccc(C(F)(F)Oc4ccc(C(=O)N5CCC(O)C5)c5ccccc45)c(F)c3)cc12,[BOS]N#Cc1c[nH]c2ccc(-c3ccc(C(F)(F)Oc4ccc(C(=O)N5CCC(O)C5)c5ccccc45)c(F)c3)cc12[EOS][EOS][EOS][EOS][EOS][EOS][EOS][EOS],26719.618035793304,42
12.9,O=C(Cc1ccc(-c2ccccc2)cc1)Nc1ccc2c(n1)CCCC2=O,[BOS]O=C(Cc1ccc(-c2ccccc2)cc1)Nc1ccc2c(n1)CCCC2=O[EOS],32014.007085561752,42
12.5,O=C(COc1ccc(C(=O)N2CCCC2)cc1)Nc1ccc(CC(=O)N2CCCc3ccccc32)cc1,[BOS]O=C(COc1ccc(C(=O)N2CCCC2)cc1)Nc1ccc(CC(=O)N2CCCc3ccccc32)cc1[EOS],38431.76588726044,42
13.2,O=C(Oc1ccc(NC(=O)c2ccc(Br)c3ccccc23)cc1)c1cc(=O)[nH]c2ccccc12,[BOS]O=C(Nc1ccc(OC(=O)c2cc(=O)[nH]c3ccccc23)cc1)c1ccc(Br)c2ccccc12[EOS],43494.83178734779,42
11.9,CC(=O)N1Cc2ccc(NC(=O)C(=O)NCc3cccc(-c4cccc(C)c4)c3)cc2C1,[BOS]CC(=O)N1Cc2ccc(NC(=O)C(=O)NCc3cccc(-c4cccc(C)c4)c3)cc2C1[EOS],48080.633199214935,42
11.4,O=C(OCc1nc(-c2ccc(COc3ccccc3)cc2)no1)C(c1ccccc1)c1ccccc1,[BOS]O=C(OCc1nc(-c2ccc(COc3ccccc3)cc2)no1)C(c1ccccc1)c1ccccc1[EOS][EOS][EOS][EOS][EOS][EOS][EOS],54285.08147883415,42
13.0,O=C(NCCCC(=O)N1CCC(c2cccc(F)c2)CC1)c1ccc(F)c(F)c1-c1cccc(-n2cccc2)c1,[BOS]O=C(NCCCC(=O)N1CCC(c2cccc(F)c2)CC1)c1ccc(F)c(F)c1-c1cccc(-n2cccc2)c1[EOS],60468.833936452866,42
12.1,CC(NC(=O)C(=O)Nc1cccc(CC(=O)c2ccccc2)c1)c1ccc(F)c2ccccc12,[BOS]C[C@@H](NC(=O)C(=O)Nc1cccc(CC(=O)c2ccccc2)c1)c1ccc(F)c2ccccc12[EOS],66139.47648143768,42
12.5,O=C(COc1cccc(-c2noc(C3CC3c3cc(F)ccc3F)n2)c1)N1CCCCC1,[BOS]O=C(COc1cccc(-c2noc([C@@H]3C[C@H]3c3cc(F)ccc3F)n2)c1)N1CCCCC1[EOS],5966.039602518082,42
13.1,O=C(C=Cc1ccc2c(c1)OCCO2)Nc1cccc(N2CCN(c3cccc(C(F)(F)F)c3)C2=O)c1,[BOS]O=C(C=Cc1ccc2c(c1)OCCO2)Nc1cccc(N2CCN(c3cccc(C(F)(F)F)c3)C2=O)c1[EOS],10803.009088277817,42
12.0,CC1(c2ccc(CNC(=O)c3cccc(-c4nc5ccccc5[nH]4)c3)cc2)NC(=O)NC1=O,[BOS]C[C@@]1(c2ccc(CNC(=O)c3cccc(-c4nc5ccccc5[nH]4)c3)cc2)NC(=O)NC1=O[EOS],16253.094205856323,42
12.3,Cc1ccc(-c2cccc([NH2+]C(=O)C(=O)[NH2+]C3CC(C)N(Cc4ccccc4)C3)c2C)cc1C,[BOS]Cc1ccc(-c2cccc([NH2+]C(=O)C(=O)[NH2+][C@@H]3C[C@@H](C)N(Cc4ccccc4)C3)c2C)cc1C[EOS],22166.76420712471,42
11.6,Cc1cccc(C(CNC(=O)NCC(O)COc2ccc3c(c2)CCC(=O)N3)[NH+]2CCOCC2)c1,[BOS]Cc1cccc([C@@H](CNC(=O)NC[C@@H](O)COc2ccc3c(c2)CCC(=O)N3)[NH+]2CCOCC2)c1[EOS][EOS][EOS][EOS][EOS][EOS],28623.05540561676,42
11.4,Cc1cc(SC2CCCCC2)ccc1NC(=O)Nc1ccc2c(c1)NC(=O)C(C)O2,[BOS]Cc1cc(SC2CCCCC2)ccc1NC(=O)Nc1ccc2c(c1)NC(=O)[C@@H](C)O2[EOS],33495.5175614357,42
12.8,O=C(NCc1ccc(-c2ccccc2)cc1F)Nc1cccc(S(=O)(=O)NC2=NCCCCC2)c1,[BOS]O=C(NCc1ccc(-c2ccccc2)cc1F)Nc1cccc(S(=O)(=O)NC2=NCCCCC2)c1[EOS],38626.27594947815,42
12.1,O=C(Nc1ccc(C2(NC(=O)c3onc4ccccc34)CCC2)cc1)c1cnc2c(F)c(F)ccc2c1,[BOS]O=C(NC1(c2ccc(NC(=O)c3cnc4c(F)c(F)ccc4c3)cc2)CCC1)c1onc2ccccc12[EOS],44138.58220767975,42
11.4,Cc1cc[nH]c1C(=O)NC1(c2ccc(NC(=O)CCc3ccc(F)c(F)c3)cc2)CCC1,[BOS]Cc1cc[nH]c1C(=O)NC1(c2ccc(NC(=O)CCc3ccc(F)c(F)c3)cc2)CCC1[EOS],49327.23989152908,42
11.8,Cc1cccc(C(=O)NCCNC(=O)N2CC=C(c3cccc(C)c3C)CC2)c1,[BOS]Cc1cccc(C2=CCN(C(=O)NCCNC(=O)c3cccc(C)c3)CC2)c1C[EOS],54481.43293142319,42
12.2,Cc1ccc(-c2cc(C(=O)NCC3(C)OCCc4ccccc43)c3ccccc3n2)c(C)c1,[BOS]Cc1ccc(-c2cc(C(=O)NC[C@]3(C)OCCc4ccccc43)c3ccccc3n2)c(C)c1[EOS],59689.26812839508,42
12.5,Cc1c(NC(=O)NCC2CC(c3ccc4c(c3)CCO4)=NO2)cccc1C(=O)Nc1ccccc1,[BOS]Cc1c(NC(=O)NC[C@H]2CC(c3ccc4c(c3)CCO4)=NO2)cccc1C(=O)Nc1ccccc1[EOS],64562.52720403671,42
13.1,Cc1noc(-c2cccc(Nc3ccc(NC(O)=Nc4cc(C(=O)N5CCCC5)ccc4F)c4nncn34)c2)c1C,[BOS]Cc1noc(-c2cccc(Nc3ccc(NC(O)=Nc4cc(C(=O)N5CCCC5)ccc4F)c4nncn34)c2)c1C[EOS][EOS][EOS],5617.273385047913,42
12.1,Cc1ccc(NC(=O)Cc2noc(-c3ccc4c(c3)CCCC4)n2)nc1,[BOS]Cc1ccc(NC(=O)Cc2noc(-c3ccc4c(c3)CCCC4)n2)nc1[EOS],10432.391736030579,42
12.2,O=C(Nc1cccc(C[NH2+]Cc2nc(-c3ccccc3)n[nH]2)c1)c1ccc2c(Cl)cccc2c1,[BOS]O=C(Nc1cccc(C[NH2+]Cc2nc(-c3ccccc3)n[nH]2)c1)c1ccc2c(Cl)cccc2c1[EOS],16528.74631547928,42
11.8,O=C(Nc1ccccc1)c1cccc(C(=O)NC2CCC(c3cccc(F)c3)C2)c1,[BOS]O=C(N[C@H]1CC[C@@H](c2cccc(F)c2)C1)c1cccc(C(=O)Nc2ccccc2)c1[EOS],21274.404847621918,42
12.0,Cc1occc1C(=O)Nc1cc(NC(=O)c2ccc(Oc3ccc(F)cc3F)c(Cl)n2)c(F)cc1F,[BOS]Cc1occc1C(=O)Nc1cc(NC(=O)c2ccc(Oc3ccc(F)cc3F)c(Cl)n2)c(F)cc1F[EOS],26523.655472040176,42
11.7,O=C(NC1CC1)c1ccc(NC=C2C(=O)N(c3ccc(F)c(C(F)(F)F)c3)C(=O)N=C2O)cc1Cl,[BOS]O=C(NC1CC1)c1ccc(N/C=C2\C(=O)N(c3ccc(F)c(C(F)(F)F)c3)C(=O)N=C2O)cc1Cl[EOS],31758.605925559998,42
11.6,O=C(NCCCn1ccc2ccccc21)C(=O)N1CCC(c2nc3ccccc3o2)CC1,[BOS]O=C(NCCCn1ccc2ccccc21)C(=O)N1CCC(c2nc3ccccc3o2)CC1[EOS],37542.781036138535,42
12.5,Cc1ccc(Oc2ccc(NC(=O)c3cc(-c4ccc5c(c4)CCO5)no3)cn2)cc1NC(=O)C1CCNCC1(F)F,[BOS]Cc1ccc(Oc2ccc(NC(=O)c3cc(-c4ccc5c(c4)CCO5)no3)cn2)cc1NC(=O)[C@@H]1CCNCC1(F)F[EOS],42669.88112282753,42
13.2,O=c1c2ccccc2nc(NNc2ccc(N=Cc3cccc4ccccc34)cc2)n1N=CN1CCCCCC1,[BOS]O=c1c2ccccc2nc(NNc2ccc(N=Cc3cccc4ccccc34)cc2)n1N=CN1CCCCCC1[EOS],48718.54433512688,42
11.8,O=C(CCN1C(=O)COc2ccccc21)Nc1ccc(Cn2c(O)cc3ccccc32)cc1,[BOS]O=C(CCN1C(=O)COc2ccccc21)Nc1ccc(Cn2c(O)cc3ccccc32)cc1[EOS],54388.27535557747,42
14.3,Cc1cccc(-c2noc(-c3ncn(-c4ccc5c(C)cc(=O)oc5c4)n3)n2)c1OCc1c[nH]c(=N)c2c1C1(CCOC1)NS(=O)(=O)NC2=N,[BOS]Cc1cccc(-c2noc(-c3ncn(-c4ccc5c(C)cc(=O)oc5c4)n3)n2)c1OCc1c[nH]c(=N)c2c1[C@@]1(CCOC1)NS(=O)(=O)NC2=N[EOS],59017.72179555893,42
12.7,Cc1ccc(NC(=O)NCc2ccc(Cn3cnc4ccccc43)cc2)cc1C(=O)N1CCCCC1,[BOS]Cc1ccc(NC(=O)NCc2ccc(Cn3cnc4ccccc43)cc2)cc1C(=O)N1CCCCC1[EOS],64260.51978087425,42
12.7,O=C(NCc1cccc(NC(=O)C2Cc3ccccc3C2)c1)Nc1cccc(N2CCCNC2=O)c1,[BOS]O=C(NCc1cccc(NC(=O)C2Cc3ccccc3C2)c1)Nc1cccc(N2CCCNC2=O)c1[EOS],5908.3147230148315,42
13.4,O=C(Nc1ccc(Oc2nncc3ccccc23)cc1)c1cc2c(N3CCOCC3)nc(Cl)nc2[nH]1,[BOS]O=C(Nc1ccc(Oc2nncc3ccccc23)cc1)c1cc2c(N3CCOCC3)nc(Cl)nc2[nH]1[EOS],11173.342758655548,42
13.6,O=C(NCc1ccc(N2CCc3ccccc3C2)[nH+]c1)c1ccc2c(c1)CCN2C(=O)c1cccc2ccccc12,[BOS]O=C(NCc1ccc(N2CCc3ccccc3C2)[nH+]c1)c1ccc2c(c1)CCN2C(=O)c1cccc2ccccc12[EOS],16372.92707824707,42
13.5,[NH3+]C(Cc1cccc2ccccc12)c1nc(-c2ccc3c(c2)CC=C3n2ccc(-c3cccnc3F)c2)no1,[BOS][NH3+][C@@H](Cc1cccc2ccccc12)c1nc(-c2ccc3c(c2)CC=C3n2ccc(-c3cccnc3F)c2)no1[EOS],22229.648631095886,42
13.2,O=C(CSc1nnc(-c2ccc3c(ccn3Cc3cc(Cl)ccc3Cl)c2)o1)Nc1ccc2c(c1)C(=O)N=NC2=O,[BOS]O=C(CSc1nnc(-c2ccc3c(ccn3Cc3cc(Cl)ccc3Cl)c2)o1)Nc1ccc2c(c1)C(=O)N=NC2=O[EOS],29045.902554750443,42
11.7,N#Cc1ccccc1Oc1ccc(NC(=O)c2ccc3c(c2)NC(=O)CNC3=O)cc1F,[BOS]N#Cc1ccccc1Oc1ccc(NC(=O)c2ccc3c(c2)NC(=O)CNC3=O)cc1F[EOS],34126.88493132591,42
13.5,O=C1COc2cccc(-c3ccc4c5ccccc5c5ccc6ccccc6c5c4c3)c2N1,[BOS]O=C1COc2cccc(-c3ccc4c5ccccc5c5ccc6ccccc6c5c4c3)c2N1[EOS],38531.98634028435,42
12.9,O=C(NCc1ccc(Oc2cccc3cnccc23)cc1)C(=O)Nc1cccc(-c2nnc3n2CCCCC3)c1,[BOS]O=C(NCc1ccc(Oc2cccc3cnccc23)cc1)C(=O)Nc1cccc(-c2nnc3n2CCCCC3)c1[EOS],44158.953359127045,42
13.7,Cc1ccc(CNC(=O)Nc2nc(-c3ccc4c(c3)CCC(=O)N4)cs2)c2ccccc12,[BOS]Cc1ccc(CNC(=O)Nc2nc(-c3ccc4c(c3)CCC(=O)N4)cs2)c2ccccc12[EOS],48920.849836826324,42
11.1,Fc1ccccc1-n1ncc2c(-c3nc(C4COc5ccccc5C4)no3)ccnc21,[BOS]Fc1ccccc1-n1ncc2c(-c3nc([C@H]4COc5ccccc5C4)no3)ccnc21[EOS][EOS][EOS][EOS][EOS][EOS],53918.232006073,42
13.1,O=C(Nc1cccc(S(=O)(=O)c2ccccc2)c1)Nc1ccc2c(c1)CN(c1ccc(F)c(F)c1)C2,[BOS]O=C(Nc1ccc2c(c1)CN(c1ccc(F)c(F)c1)C2)Nc1cccc(S(=O)(=O)c2ccccc2)c1[EOS],59192.94989180565,42
14.2,Cc1c(F)cncc1-c1c2ccccc2c(-c2cccc(-c3cccc4ccccc34)c2)c2cc(F)ccc12,[BOS]Cc1c(F)cncc1-c1c2ccccc2c(-c2cccc(-c3cccc4ccccc34)c2)c2cc(F)ccc12[EOS],64301.94049119949,42
11.9,N#Cc1cccc(C(=O)N2CCCCC2c2cc(NC(=O)Cc3cccc(C(F)(F)F)c3)n[nH]2)c1Cl,[BOS]N#Cc1cccc(C(=O)N2CCCC[C@H]2c2cc(NC(=O)Cc3cccc(C(F)(F)F)c3)n[nH]2)c1Cl[EOS],6161.197123289108,42
11.8,CSC1C(=O)Nc2ccc(-c3noc(-c4ccc(N5CCCc6ccccc65)cc4)n3)cc21,[BOS]CS[C@H]1C(=O)Nc2ccc(-c3noc(-c4ccc(N5CCCc6ccccc65)cc4)n3)cc21[EOS],11431.870995283127,42
12.1,O=C(NCc1ccc(-c2ccc(Cl)cc2)cc1F)c1nc(C2CC2)n(-c2ccccc2)n1,[BOS]O=C(NCc1ccc(-c2ccc(Cl)cc2)cc1F)c1nc(C2CC2)n(-c2ccccc2)n1[EOS],16841.29984807968,42
12.2,Cc1cccc(NC(=O)c2ccc(Cn3cc(-c4cc[nH+]c5cnccc45)c(C)n3)cc2)n1,[BOS]Cc1cccc(NC(=O)c2ccc(Cn3cc(-c4cc[nH+]c5cnccc45)c(C)n3)cc2)n1[EOS],22075.047251701355,42
11.6,O=C(NCC1CN(c2ccc(N3CCOCC3=O)cc2)C(=O)O1)C(=O)NCC1CCCCC1(F)F,[BOS]O=C(NC[C@@H]1CCCCC1(F)F)C(=O)NC[C@H]1CN(c2ccc(N3CCOCC3=O)cc2)C(=O)O1[EOS],28076.659156799316,42
11.9,Cc1cccc(-c2cncc(C(=O)Nc3cccc(OCc4ccc(F)cc4)c3)c2)c1,[BOS]Cc1cccc(-c2cncc(C(=O)Nc3cccc(OCc4ccc(F)cc4)c3)c2)c1[EOS],33005.11185193062,42
12.3,Cc1noc(-c2ccc(C(=O)NCc3cnn4c3CCc3ccc(-c5cccc(F)c5)cc3C4)cn2)n1,[BOS]Cc1noc(-c2ccc(C(=O)NCc3cnn4c3CCc3ccc(-c5cccc(F)c5)cc3C4)cn2)n1[EOS],38152.40424203873,42
12.2,O=C(CN1CCC(c2ccccc2)CC1=O)NCC1CC2c3ccccc3C1c1ccccc12,[BOS]O=C(CN1CC[C@H](c2ccccc2)CC1=O)NC[C@H]1CC2c3ccccc3C1c1ccccc12[EOS],44419.91698360443,42
11.9,CC(Nc1ccccn1)C(=O)Nc1ccc(C2(NC(=O)c3cccc4c3NC(=O)C4=O)CCC2)cc1,[BOS]C[C@@H](Nc1ccccn1)C(=O)Nc1ccc(C2(NC(=O)c3cccc4c3NC(=O)C4=O)CCC2)cc1[EOS],50909.44280266762,42
11.1,O=C(NCCc1ccc(-n2cccn2)cc1)C(=O)NC1CC2(CCC2)Oc2ccccc21,[BOS]O=C(NCCc1ccc(-n2cccn2)cc1)C(=O)N[C@@H]1CC2(CCC2)Oc2ccccc21[EOS],56433.963760852814,42
11.6,Cc1cc2occ(CC(=O)Nc3ccc(-c4cn5c([nH+]4)CCC5)cc3)c2cc1C(C)C,[BOS]Cc1cc2occ(CC(=O)Nc3ccc(-c4cn5c([nH+]4)CCC5)cc3)c2cc1C(C)C[EOS],61643.2092795372,42
11.4,Cc1cc(C)n(-c2ccc(CCNC(=O)Nc3ccc(OCC4CCCCC4)cc3)cc2)n1,[BOS]Cc1cc(C)n(-c2ccc(CCNC(=O)Nc3ccc(OCC4CCCCC4)cc3)cc2)n1[EOS],67021.49660849571,42
11.9,Cc1cc(-c2cccc(Cl)c2)ccc1NC(=O)Nc1cnn(CC(=O)N2CC(C)OC(C)C2)c1,[BOS]Cc1cc(-c2cccc(Cl)c2)ccc1NC(=O)Nc1cnn(CC(=O)N2C[C@@H](C)O[C@H](C)C2)c1[EOS],4919.646748542786,42
11.4,Cc1cc(C(=O)NCC(O)c2cccc(OCc3ccccc3)c2)cc(S(N)(=O)=O)c1C,[BOS]Cc1cc(C(=O)NC[C@@H](O)c2cccc(OCc3ccccc3)c2)cc(S(N)(=O)=O)c1C[EOS],10606.748759508133,42
11.2,O=C1NC2(C(=O)Nc3ccc(Cc4nc(-c5ccc(Cl)cc5)no4)cc3)CC3CC1C2C3,[BOS]O=C1N[C@]2(C(=O)Nc3ccc(Cc4nc(-c5ccc(Cl)cc5)no4)cc3)C[C@H]3C[C@H]1[C@H]2C3[EOS][EOS][EOS][EOS][EOS][EOS],15286.459597826004,42
12.8,O=C(CCc1c(-c2ccc(F)cc2)[nH]c2ccccc12)NCC(=O)Nc1ccc2ccccc2c1,[BOS]O=C(CCc1c(-c2ccc(F)cc2)[nH]c2ccccc12)NCC(=O)Nc1ccc2ccccc2c1[EOS],21658.465390205383,42
12.2,O=C(Nc1ccc(OCc2cccc(C(F)(F)F)c2)cc1)NC1CCN(C(=O)c2ccco2)CC1,[BOS]O=C(Nc1ccc(OCc2cccc(C(F)(F)F)c2)cc1)NC1CCN(C(=O)c2ccco2)CC1[EOS],27139.730866909027,42
11.9,CN1C(=O)COc2cc(NC(=O)C(=O)NCCn3c4ccccc4c4ccccc43)cnc21,[BOS]CN1C(=O)COc2cc(NC(=O)C(=O)NCCn3c4ccccc4c4ccccc43)cnc21[EOS],32351.434584856033,42
12.3,CC1(c2ccc(C(=O)OCC(=O)Nc3ccc4c(c3)C(=O)c3ccccc3C4=O)cc2)NC(=O)NC1=O,[BOS]C[C@@]1(c2ccc(C(=O)OCC(=O)Nc3ccc4c(c3)C(=O)c3ccccc3C4=O)cc2)NC(=O)NC1=O[EOS][EOS][EOS][EOS],38563.289759635925,42
11.7,O=C(NCCC1CCc2ccccc21)C(=O)Nc1ccc2c(c1)oc1ccccc12,[BOS]O=C(NCC[C@@H]1CCc2ccccc21)C(=O)Nc1ccc2c(c1)oc1ccccc12[EOS],44015.039194345474,42
12.1,O=C(NCC1C2Cc3ccccc3C12)C(=O)Nc1ccc2cc[nH]c(=O)c2c1,[BOS]O=C(NC[C@@H]1[C@H]2Cc3ccccc3[C@H]12)C(=O)Nc1ccc2cc[nH]c(=O)c2c1[EOS],49377.82119011879,42
14.0,CC(c1ccc(OCC(=O)NC2CCc3ccccc3C2)cc1)N1C(=O)c2cc3ccccc3cc2C1=O,[BOS]C[C@H](c1ccc(OCC(=O)N[C@H]2CCc3ccccc3C2)cc1)N1C(=O)c2cc3ccccc3cc2C1=O[EOS],55132.54420375824,42
14.1,Fc1ccc2cc(CC#Cc3ccc(CCc4ccc(F)c5c4C(N=c4cc[nH]c6ncccc46)CC5(F)F)cc3)ccc2c1,[BOS]Fc1ccc(CCc2ccc(C#CCc3ccc4cc(F)ccc4c3)cc2)c2c1C(F)(F)CC2N=c1cc[nH]c2ncccc12[EOS],60539.0446126461,42
12.9,Cc1cccc(Cn2cccc(C(O)=Nc3ccc(C(=O)N4CC5C6CCC(C6)C5C4)cc3)c2=O)c1,[BOS]Cc1cccc(Cn2cccc(C(O)=Nc3ccc(C(=O)N4CC5C6CCC(C6)C5C4)cc3)c2=O)c1[EOS][EOS][EOS][EOS][EOS][EOS][EOS][EOS],65325.05759048462,42
11.8,Cc1nc2cc(C(=O)NCCN3C(=O)SC(=Cc4ccc(F)cc4)C3=O)ccc2n1-c1ccccc1,[BOS]Cc1nc2cc(C(=O)NCCN3C(=O)SC(=Cc4ccc(F)cc4)C3=O)ccc2n1-c1ccccc1[EOS],5268.393951416016,42
11.8,O=C(CC(=O)N1CCCCC1C1CCN(C(=O)Cn2nnc3ccccc32)CC1)Nc1ccc(F)cc1,[BOS]O=C(CC(=O)N1CCCC[C@@H]1C1CCN(C(=O)Cn2nnc3ccccc32)CC1)Nc1ccc(F)cc1[EOS],11334.113873243332,42
12.0,O=C(NCCCn1ccc2ccccc21)NCC(c1ccccc1)c1c[nH]c2ccccc12,[BOS]O=C(NCCCn1ccc2ccccc21)NC[C@H](c1ccccc1)c1c[nH]c2ccccc12[EOS],17186.03040742874,42
12.5,O=C(CC1CCCN1C(=O)CCc1c(-c2ccc(F)cc2)[nH]c2ccccc12)c1ccc(F)c(F)c1,[BOS]O=C(C[C@@H]1CCCN1C(=O)CCc1c(-c2ccc(F)cc2)[nH]c2ccccc12)c1ccc(F)c(F)c1[EOS],23655.746765375137,42
11.9,CC(NC(=O)C(=O)NCC1COc2ccccc2C1)c1ccc(NC(=O)N2CCc3ccccc3C2)cc1,[BOS]C[C@@H](NC(=O)C(=O)NC[C@H]1COc2ccccc2C1)c1ccc(NC(=O)N2CCc3ccccc3C2)cc1[EOS],29220.735604286194,42
12.7,Cc1nn(-c2ccc(F)cc2)cc1CNC(=O)NCc1ccc(C(=O)N2CC(C)OC(C)c3ccccc32)cc1,[BOS]Cc1nn(-c2ccc(F)cc2)cc1CNC(=O)NCc1ccc(C(=O)N2C[C@@H](C)O[C@@H](C)c3ccccc32)cc1[EOS],34645.883148908615,42
11.6,Cc1cccc(-c2nc(C(C)NC(=O)c3cc4c(C)cc(C)cc4[nH]3)no2)c1,[BOS]Cc1cc(C)c2cc(C(=O)N[C@@H](C)c3noc(-c4cccc(C)c4)n3)[nH]c2c1[EOS],39543.75767207146,42
12.1,Cc1ccc2[nH]cc(CCNC(=O)C(=O)NC3CCCN(c4ccc(C)c(OCCc5ccccc5)c4)C3=O)c2c1,[BOS]Cc1ccc(N2CCC[C@H](NC(=O)C(=O)NCCc3c[nH]c4ccc(C)cc34)C2=O)cc1OCCc1ccccc1[EOS],45200.50943112373,42
12.1,O=C(NCc1ccc(COc2ccccc2)cc1)C(=O)Nc1ccc2c(n1)CCCC2=O,[BOS]O=C(NCc1ccc(COc2ccccc2)cc1)C(=O)Nc1ccc2c(n1)CCCC2=O[EOS],51143.69322991371,42
11.7,O=C(C(=O)N1CCCCC1c1cc(NC(=O)C2CC[NH+](Cc3ccccn3)CC2)n[nH]1)c1ccc(Cl)cc1,[BOS]O=C(C(=O)N1CCCC[C@@H]1c1cc(NC(=O)C2CC[NH+](Cc3ccccn3)CC2)n[nH]1)c1ccc(Cl)cc1[EOS][EOS][EOS][EOS][EOS][EOS][EOS][EOS],56403.0165348053,42
10.8,CC1(C(=O)NCC2OCC3CCN(C(=O)Cc4ccc(F)c(C(F)(F)F)c4)CC32)CC=CCC1,[BOS]C[C@]1(C(=O)NC[C@@H]2OC[C@@H]3CCN(C(=O)Cc4ccc(F)c(C(F)(F)F)c4)C[C@@H]32)CC=CCC1[EOS][EOS],61563.42060947418,42
13.1,O=C(Cc1ccc2c(c1)Cc1ccccc1-2)NCCNC(=O)c1ccc2oc3ccccc3c2c1,[BOS]O=C(Cc1ccc2c(c1)Cc1ccccc1-2)NCCNC(=O)c1ccc2oc3ccccc3c2c1[EOS],66427.4347743988,42
11.6,CC(NC(=O)COC(=O)CCC(=O)c1ccc2ccccc2c1)c1ccc2c(c1)CCCC2,[BOS]C[C@@H](NC(=O)COC(=O)CCC(=O)c1ccc2ccccc2c1)c1ccc2c(c1)CCCC2[EOS],6262.252834320068,42
12.4,O=C(NCC1CCCOC1c1ccccc1)Nc1ccc2c(c1)CCN2C(=O)c1cccnc1,[BOS]O=C(NC[C@@H]1CCCO[C@@H]1c1ccccc1)Nc1ccc2c(c1)CCN2C(=O)c1cccnc1[EOS],11731.105140924454,42
11.8,Cc1ccc2nnc(CNC(=O)c3cccc(-c4cncc(CN5CCc6ncc(F)cc6C5)c4)c3)n2c1,[BOS]Cc1ccc2nnc(CNC(=O)c3cccc(-c4cncc(CN5CCc6ncc(F)cc6C5)c4)c3)n2c1[EOS],16774.52387213707,42
12.2,O=C(Nc1ccc(Oc2cccc(Cl)n2)cc1)NC1CCOC(c2ccc(F)cc2)C1,[BOS]O=C(Nc1ccc(Oc2cccc(Cl)n2)cc1)N[C@H]1CCO[C@@H](c2ccc(F)cc2)C1[EOS],21651.30942249298,42
11.5,Cc1cc(C)n(-c2ccc(C(=O)NC3CCC(c4ccc(F)cc4)C3)cn2)n1,[BOS]Cc1cc(C)n(-c2ccc(C(=O)N[C@@H]3CC[C@@H](c4ccc(F)cc4)C3)cn2)n1[EOS],25950.92550754547,42
11.7,O=C(CCc1nc2ccccc2c(=O)[nH]1)Nc1n[nH]c(-c2cc(Cl)cc(Cl)c2)n1,[BOS]O=C(CCc1nc2ccccc2c(=O)[nH]1)Nc1n[nH]c(-c2cc(Cl)cc(Cl)c2)n1[EOS],31510.889094114304,42
11.2,O=C(Nc1cc(-c2ccccc2)ns1)NC1COc2ccccc2C1O,[BOS]O=C(Nc1cc(-c2ccccc2)ns1)N[C@@H]1COc2ccccc2[C@H]1O[EOS][EOS][EOS][EOS][EOS][EOS][EOS],36499.512855529785,42
12.9,Cn1cc(-c2noc(CCNC(=O)c3ccc4ccccc4c3)n2)c2ccccc2c1=O,[BOS]Cn1cc(-c2noc(CCNC(=O)c3ccc4ccccc4c3)n2)c2ccccc2c1=O[EOS],41897.23747444153,42
11.7,Cc1ccc(NC(=O)CSC2=NNC(=C3C(O)=Nc4cc(F)ccc43)O2)cc1C(=O)N1CCCCCC1,[BOS]Cc1ccc(NC(=O)CSC2=NNC(=C3C(O)=Nc4cc(F)ccc43)O2)cc1C(=O)N1CCCCCC1[EOS],47634.45398926735,42
12.1,Cc1ccn2cc(CNC(=O)NCCc3ccc(-c4c(C)cccc4C)cc3)[nH+]c2c1,[BOS]Cc1ccn2cc(CNC(=O)NCCc3ccc(-c4c(C)cccc4C)cc3)[nH+]c2c1[EOS],52990.04110407829,42
12.3,Cc1cccc(COc2ccc(C(C)NC(=O)C(=O)Nc3ccc4c(n3)CCC4)cc2)c1,[BOS]Cc1cccc(COc2ccc([C@H](C)NC(=O)C(=O)Nc3ccc4c(n3)CCC4)cc2)c1[EOS],58960.166875600815,42
12.4,O=C(CCCCN1C(=O)c2ccccc2C1=O)Nc1ccc2c(c1)C(=O)c1ccccc1C2=O,[BOS]O=C(CCCCN1C(=O)c2ccccc2C1=O)Nc1ccc2c(c1)C(=O)c1ccccc1C2=O[EOS],64449.1658039093,42
11.8,O=C(Cn1ccc(=O)c(C(=O)Nc2ccc(F)cc2F)c1)NC(c1ccccc1)c1ccccc1,[BOS]O=C(Cn1ccc(=O)c(C(=O)Nc2ccc(F)cc2F)c1)NC(c1ccccc1)c1ccccc1[EOS],5620.148156166077,42
12.4,O=C(NCCc1ccc(-c2ccccc2)cc1)Nc1ccc2c(c1)CCN2C(=O)c1cccnc1,[BOS]O=C(NCCc1ccc(-c2ccccc2)cc1)Nc1ccc2c(c1)CCN2C(=O)c1cccnc1[EOS],10822.939043998718,42
12.6,O=C(COc1ccc(-c2nc3ccccc3o2)cc1)Nc1ccc2c(c1)C(=O)N(C1CCCCC1)C2=O,[BOS]O=C(COc1ccc(-c2nc3ccccc3o2)cc1)Nc1ccc2c(c1)C(=O)N(C1CCCCC1)C2=O[EOS],16218.849140644073,42
12.6,CCc1[nH]nc2ncc(-c3nc(-c4ccc5c(c4)CC[NH+](Cc4ccccc4)C5)no3)cc12,[BOS]CCc1[nH]nc2ncc(-c3nc(-c4ccc5c(c4)CC[NH+](Cc4ccccc4)C5)no3)cc12[EOS],20688.45468735695,42
13.3,Cc1cccn2cc(CCNC(=O)C3CC(=O)N(c4ccc5c(c4)OCC5CN4CCCc5ccc(F)cc54)C3)nc12,[BOS]Cc1cccn2cc(CCNC(=O)[C@@H]3CC(=O)N(c4ccc5c(c4)OCC5CN4CCCc5ccc(F)cc54)C3)nc12[EOS],25945.731724739075,42
13.8,O=C1CCN(C(=O)c2cc3cc(-c4ccc5c(c4)N(C4CCCCC4)C(=O)C5)ccc3cc2F)C2CCCCC12,[BOS]O=C1Cc2ccc(-c3ccc4cc(F)c(C(=O)N5CCC(=O)[C@@H]6CCCC[C@@H]65)cc4c3)cc2N1C1CCCCC1[EOS],30324.167793035507,42
10.8,COc1ccc2oc(C(=O)Nc3ccc4oc5ccccc5c4c3)cc(=O)c2c1,[BOS]COc1ccc2oc(C(=O)Nc3ccc4oc5ccccc5c4c3)cc(=O)c2c1[EOS],34408.188470602036,42
12.4,O=C(NCc1nn(-c2ccccc2)c2c1CCC2)Nc1ccc(Cl)c(C(=O)NCc2ccccc2F)c1,[BOS]O=C(NCc1nn(-c2ccccc2)c2c1CCC2)Nc1ccc(Cl)c(C(=O)NCc2ccccc2F)c1[EOS],39852.15215468407,42
12.6,N#CC(=Cc1cc(OCc2cccc3ccccc23)ccc1Br)c1cccc2ccccc12,[BOS]N#CC(=Cc1cc(OCc2cccc3ccccc23)ccc1Br)c1cccc2ccccc12[EOS],45844.541137456894,42
11.3,CC1Cc2ccccc2C1NC(=O)Nc1ccc2c(c1)OC1(CCCCC1)O2,[BOS]C[C@H]1Cc2ccccc2[C@@H]1NC(=O)Nc1ccc2c(c1)OC1(CCCCC1)O2[EOS],50313.71555566788,42
11.7,CC(c1ccccc1)n1cc(NC(=O)Nc2c(-c3ccc(F)cc3)nc3ccccn23)cn1,[BOS]C[C@H](c1ccccc1)n1cc(NC(=O)Nc2c(-c3ccc(F)cc3)nc3ccccn23)cn1[EOS],55541.227581739426,42
13.3,Cc1ccc(-c2noc(C(C)c3ccc(C(=O)Nc4cccc5cccnc45)cc3)n2)c(C(F)(F)F)c1,[BOS]Cc1ccc(-c2noc([C@H](C)c3ccc(C(=O)Nc4cccc5cccnc45)cc3)n2)c(C(F)(F)F)c1[EOS],60847.355956315994,42
12.4,O=S(=O)(Nc1ccccc1COc1ccc(CCC(O)=Nc2ccc3nc(O)[nH]c3c2)c(F)c1)c1c(Cl)ccc2ncccc12,[BOS]O=S(=O)(Nc1ccccc1COc1ccc(CCC(O)=Nc2ccc3nc(O)[nH]c3c2)c(F)c1)c1c(Cl)ccc2ncccc12[EOS][EOS][EOS][EOS][EOS],6798.1683802604675,42
12.1,O=C(NCc1ccc(N2CCCNC2=O)nc1)Nc1cccc(F)c1COc1ccc(Cl)cc1Cc1ccc(Cl)cc1O,[BOS]O=C(NCc1ccc(N2CCCNC2=O)nc1)Nc1cccc(F)c1COc1ccc(Cl)cc1Cc1ccc(Cl)cc1O[EOS],11973.287861585617,42
11.3,CC(=O)c1cccc(NC(=O)COC(=O)Cc2coc3cc4c(cc23)CCC4)c1,[BOS]CC(=O)c1cccc(NC(=O)COC(=O)Cc2coc3cc4c(cc23)CCC4)c1[EOS],17413.718677520752,42
11.8,Cn1c(CCC[NH+]=C(N)Nc2ccc3c(c2)OC2(CCCC2)O3)nc2ccccc2c1=O,[BOS]Cn1c(CCC/[NH+]=C(\N)Nc2ccc3c(c2)OC2(CCCC2)O3)nc2ccccc2c1=O[EOS],22694.783363819122,42
12.4,Cc1cc(C)cc(-n2nc(-c3nnc(C4CC4c4ccccc4)o3)cc2C)c1,[BOS]Cc1cc(C)cc(-n2nc(-c3nnc([C@@H]4C[C@@H]4c4ccccc4)o3)cc2C)c1[EOS],27420.56685948372,42
12.2,CC(Nc1ccc(NC(=O)CCc2cnn3ccccc23)cc1)C(=O)C1=c2ccccc2=[NH+]C2=NCCN21,[BOS]C[C@H](Nc1ccc(NC(=O)CCc2cnn3ccccc23)cc1)C(=O)C1=c2ccccc2=[NH+]C2=NCCN21[EOS],33336.553079128265,42
11.4,Cc1cccc(C(=O)NCc2c3c(cc4c2CCC4)CCC3)c1NC(=O)c1ccc(F)cc1F,[BOS]Cc1cccc(C(=O)NCc2c3c(cc4c2CCC4)CCC3)c1NC(=O)c1ccc(F)cc1F[EOS],38739.752133607864,42
11.9,CC(Cc1ccccc1F)NC(=O)Nc1ccc(Cc2nnc3n2CCCCC3)cc1,[BOS]C[C@H](Cc1ccccc1F)NC(=O)Nc1ccc(Cc2nnc3n2CCCCC3)cc1[EOS],43822.74076104164,42
12.3,Cc1[nH]n(-c2ccccc2)c(=O)c1C(=O)Nc1ccc(C2(NC(=O)c3n[nH]c4ccccc34)CCC2)cc1,[BOS]Cc1[nH]n(-c2ccccc2)c(=O)c1C(=O)Nc1ccc(C2(NC(=O)c3n[nH]c4ccccc34)CCC2)cc1[EOS],49214.74233865738,42
11.4,CC(=O)Nc1cc(C(=O)Nc2ccc(Oc3cccc(Cl)c3)cc2)cc(C(F)(F)F)c1,[BOS]CC(=O)Nc1cc(C(=O)Nc2ccc(Oc3cccc(Cl)c3)cc2)cc(C(F)(F)F)c1[EOS],54469.54918551445,42
11.3,CC(=O)CCc1ccc(OCc2cccc(C(=O)NC3CCOc4ccc(F)cc4C3)c2)cc1,[BOS]CC(=O)CCc1ccc(OCc2cccc(C(=O)N[C@H]3CCOc4ccc(F)cc4C3)c2)cc1[EOS],60393.51494693756,42
12.9,Cc1cccc(-c2cccc(CNC(=O)C(=O)Nc3cccc(C(=O)N4CCc5ccccc54)c3)c2)c1,[BOS]Cc1cccc(-c2cccc(CNC(=O)C(=O)Nc3cccc(C(=O)N4CCc5ccccc54)c3)c2)c1[EOS],65614.0423746109,42
11.2,Cc1cc(F)c2c(c1)CCCN2CC(=O)NCCc1cnn(-c2ccccc2)c1,[BOS]Cc1cc(F)c2c(c1)CCCN2CC(=O)NCCc1cnn(-c2ccccc2)c1[EOS],4843.950325965881,42
13.0,O=C1CN(C(=O)Nc2cccc(NC(=O)Nc3ccc(CCCc4ccccc4)cc3)c2)C2(CCCC2)C(=O)N1,[BOS]O=C(Nc1ccc(CCCc2ccccc2)cc1)Nc1cccc(NC(=O)N2CC(=O)NC(=O)C23CCCC3)c1[EOS],10475.626507997513,42
12.3,CC1CCN(c2ccc(CNC(=O)Nc3ccc(-c4cccc(F)c4)c(F)c3)cn2)CC1C,[BOS]C[C@@H]1CN(c2ccc(CNC(=O)Nc3ccc(-c4cccc(F)c4)c(F)c3)cn2)CC[C@@H]1C[EOS],15343.629950761795,42
12.3,O=C(NC1CC(c2ccc(C(F)(F)F)cc2)C1)NC1CCOC(c2ccccc2)C1,[BOS]O=C(N[C@@H]1CCO[C@@H](c2ccccc2)C1)N[C@H]1C[C@H](c2ccc(C(F)(F)F)cc2)C1[EOS],19916.82278060913,42
12.2,Cc1ccc(Oc2ccc(OCC(=O)NC3c4[nH]c5ccccc5c4CCC3C)cc2)c2c1C=NC(=O)C2=O,[BOS]Cc1ccc(Oc2ccc(OCC(=O)N[C@H]3c4[nH]c5ccccc5c4CC[C@@H]3C)cc2)c2c1C=NC(=O)C2=O[EOS],25715.2471139431,42
12.0,Cc1cc(CNC(=O)NCC=Cc2ccccc2)cc(C)c1-c1cc2c(c(C(=O)[O-])c1)OCC(=O)NC2,[BOS]Cc1cc(CNC(=O)NCC=Cc2ccccc2)cc(C)c1-c1cc(C(=O)[O-])c2c(c1)CNC(=O)CO2[EOS],30809.795962572098,42
11.7,Cc1ccc(NC(=O)Cc2noc(C3Cc4cc(C)c(C)cc4O3)n2)cc1C,[BOS]Cc1ccc(NC(=O)Cc2noc([C@@H]3Cc4cc(C)c(C)cc4O3)n2)cc1C[EOS],35847.72677350044,42
12.4,NC(=O)CCNC(=O)Nc1ccc(-c2cccc3c2CC2(CC2)C3c2ccc(OC(F)(F)F)cc2F)c(F)c1F,[BOS]NC(=O)CCNC(=O)Nc1ccc(-c2cccc3c2CC2(CC2)[C@H]3c2ccc(OC(F)(F)F)cc2F)c(F)c1F[EOS],41197.99229860306,42
12.6,O=C(CCC1Cc2ccccc2NC1=O)Nc1cccc(-c2ccc3c(c2)CCO3)c1,[BOS]O=C(CC[C@H]1Cc2ccccc2NC1=O)Nc1cccc(-c2ccc3c(c2)CCO3)c1[EOS],46827.35644841194,42
12.6,O=C1CN(c2ccc(-c3noc(C4Cc5ccccc5C4)n3)cc2)CCN1c1cccc2ccccc12,[BOS]O=C1CN(c2ccc(-c3noc(C4Cc5ccccc5C4)n3)cc2)CCN1c1cccc2ccccc12[EOS],51460.61857676506,42
12.2,CC(OC(=O)c1ccc(-c2noc(-c3ccc(F)cc3)n2)cc1)c1cnc2ccccc2c1,[BOS]C[C@H](OC(=O)c1ccc(-c2noc(-c3ccc(F)cc3)n2)cc1)c1cnc2ccccc2c1[EOS],57068.319722652435,42
11.6,CC(CNC(=O)N1CC=C(c2c[nH]c3ccccc23)CC1)c1nc(-c2ccccc2)no1,[BOS]C[C@@H](CNC(=O)N1CC=C(c2c[nH]c3ccccc23)CC1)c1nc(-c2ccccc2)no1[EOS],62012.223746061325,42
12.2,O=C(C#Cc1ccc(C(F)(F)F)cc1)Nc1ccc(Cc2nnc3ccccn23)cc1,[BOS]O=C(C#Cc1ccc(C(F)(F)F)cc1)Nc1ccc(Cc2nnc3ccccn23)cc1[EOS],4645.954813957214,42
11.6,O=C(NCC1CCOC(c2ccccc2)C1)Nc1cnc2c(c1)CCCC2,[BOS]O=C(NC[C@@H]1CCO[C@H](c2ccccc2)C1)Nc1cnc2c(c1)CCCC2[EOS],9944.905554056168,42
12.5,CC(Oc1ccccc1Cc1ccccc1)C(=O)Nc1ccc(Oc2nncc3ccccc23)c(Cl)c1,[BOS]C[C@H](Oc1ccccc1Cc1ccccc1)C(=O)Nc1ccc(Oc2nncc3ccccc23)c(Cl)c1[EOS],15784.846254110336,42
11.4,O=C(CNC(c1c[nH]c2ccccc12)C(F)(F)F)Nc1ccc2c(c1)OC1(CCCC1)O2,[BOS]O=C(CN[C@@H](c1c[nH]c2ccccc12)C(F)(F)F)Nc1ccc2c(c1)OC1(CCCC1)O2[EOS],21368.338181495667,42
11.8,O=C(Nc1ccc2nc(C3CCCCC3)[nH]c2c1)c1ccc(-n2cc[nH]c2=S)cc1,[BOS]O=C(Nc1ccc2nc(C3CCCCC3)[nH]c2c1)c1ccc(-n2cc[nH]c2=S)cc1[EOS],25777.37971329689,42
12.7,O=C1CCCc2cc(-c3nc(-c4cccc(-n5cc(Br)ccc5=O)c4)no3)cc(F)c2N1,[BOS]O=C1CCCc2cc(-c3nc(-c4cccc(-n5cc(Br)ccc5=O)c4)no3)cc(F)c2N1[EOS],30028.98281288147,42
11.3,O=C(c1ccc2c(cnn2C2CCCC(O)=N2)n1)C1COc2ccc(-c3ccc(OCC(F)(F)F)nn3)cc2C1,[BOS]O=C(c1ccc2c(cnn2C2CCCC(O)=N2)n1)C1COc2ccc(-c3ccc(OCC(F)(F)F)nn3)cc2C1[EOS][EOS],35283.22984337807,42
12.5,Cc1nc(-c2ccc(NC(=O)Cc3coc4ccc5ccccc5c34)cc2)[nH]c(=O)c1CCCc1ccccc1,[BOS]Cc1nc(-c2ccc(NC(=O)Cc3coc4ccc5ccccc5c34)cc2)[nH]c(=O)c1CCCc1ccccc1[EOS],40169.96571803093,42
11.8,Cc1cccc(-n2c([O-])c(CCC(=O)Nc3cccc4ccc(C)cc34)[nH]c2=O)c1,[BOS]Cc1cccc(-n2c([O-])c(CCC(=O)Nc3cccc4ccc(C)cc34)[nH]c2=O)c1[EOS],45878.87503695488,42
12.3,O=C(Nc1ccc(Oc2cccc(C(F)(F)F)n2)cc1)NC1CC(C(F)(F)F)CC(C(F)(F)F)C1,[BOS]O=C(Nc1ccc(Oc2cccc(C(F)(F)F)n2)cc1)NC1C[C@H](C(F)(F)F)C[C@@H](C(F)(F)F)C1[EOS],51004.62612605095,42
12.1,Cc1ccc2c(c1)N(C(=O)Nc1cccc(C(=O)Nc3cccc(C#N)c3)c1)CCC2,[BOS]Cc1ccc2c(c1)N(C(=O)Nc1cccc(C(=O)Nc3cccc(C#N)c3)c1)CCC2[EOS],55234.98918223381,42
12.5,CC(NC(=O)C(=O)Nc1ccc(C(=O)N2CCc3ccccc32)cc1)c1ccc(F)c2ccccc12,[BOS]C[C@@H](NC(=O)C(=O)Nc1ccc(C(=O)N2CCc3ccccc32)cc1)c1ccc(F)c2ccccc12[EOS],60721.32952332497,42
14.3,Cc1cccc2nc(C3=COC4CC(OC(=O)C=Cc5ccc6ccccc6c5)CC4C3=O)cc(-c3ccc(Br)cc3)c12,[BOS]Cc1cccc2nc(C3=CO[C@@H]4CC(OC(=O)C=Cc5ccc6ccccc6c5)C[C@H]4C3=O)cc(-c3ccc(Br)cc3)c12[EOS],5630.276702404022,42
12.9,O=C(NCc1ccc(N2CCCCCC2)nc1)Nc1cccc(NC(=O)c2cccc(C(F)(F)F)c2)c1,[BOS]O=C(NCc1ccc(N2CCCCCC2)nc1)Nc1cccc(NC(=O)c2cccc(C(F)(F)F)c2)c1[EOS],10754.922197818756,42
12.1,CC(CN1Cc2ccccc2C1=O)c1nc(-c2ccc(-c3ccc(F)cc3)cc2)no1,[BOS]C[C@@H](CN1Cc2ccccc2C1=O)c1nc(-c2ccc(-c3ccc(F)cc3)cc2)no1[EOS],15763.221121549606,42
12.4,NC(=O)C1CCN(c2ccc(CNc3cccc(C(=O)N4CCc5ccccc54)c3)cc2F)CC1,[BOS]NC(=O)C1CCN(c2ccc(CNc3cccc(C(=O)N4CCc5ccccc54)c3)cc2F)CC1[EOS],21282.928269147873,42
11.6,Cc1cc(C)n(-c2cccc(-c3noc(C45CCCC4Cc4cn[nH]c4C5)n3)c2)n1,[BOS]Cc1cc(C)n(-c2cccc(-c3noc([C@@]45CCC[C@H]4Cc4cn[nH]c4C5)n3)c2)n1[EOS],25874.46812725067,42
11.3,Cc1cc2cc[nH]c2cc1NC(=O)CNC(=O)Cc1cccc2ccccc12,[BOS]Cc1cc2cc[nH]c2cc1NC(=O)CNC(=O)Cc1cccc2ccccc12[EOS],30673.40520453453,42
12.4,O=C(NCc1ccc(OC2CCCCC2)nc1)NCc1ccc2c(c1)CCCN2C(=O)c1ccccc1-c1ccccc1,[BOS]O=C(NCc1ccc(OC2CCCCC2)nc1)NCc1ccc2c(c1)CCCN2C(=O)c1ccccc1-c1ccccc1[EOS],36703.89742445946,42
11.9,O=C(CCCn1nc(-c2ccccc2)oc1=O)NCC(c1ccccc1Cl)c1c[nH]c2ccccc12,[BOS]O=C(CCCn1nc(-c2ccccc2)oc1=O)NC[C@@H](c1ccccc1Cl)c1c[nH]c2ccccc12[EOS],42738.32855820656,42
12.2,O=C(Nc1cc(N2CCCC2=O)ccc1F)c1cccc(NC(=O)C2CC(=O)N(CCc3cccc(F)c3)C2)c1,[BOS]O=C(Nc1cc(N2CCCC2=O)ccc1F)c1cccc(NC(=O)[C@H]2CC(=O)N(CCc3cccc(F)c3)C2)c1[EOS],48541.21827197075,42
13.1,O=C(NC1C2CCc3ccccc3C21)c1ccc2c(c1)CC(c1ccccc1)OC2=O,[BOS]O=C(N[C@@H]1[C@@H]2CCc3ccccc3[C@H]21)c1ccc2c(c1)C[C@H](c1ccccc1)OC2=O[EOS],52994.80267119408,42
12.1,O=C(COC(=O)C=Cc1ccc2ccccc2n1)Nc1sc2c(c1C(=O)c1ccccc1Cl)CCCC2,[BOS]O=C(COC(=O)C=Cc1ccc2ccccc2n1)Nc1sc2c(c1C(=O)c1ccccc1Cl)CCCC2[EOS],58756.91546392441,42
11.8,COc1ccc(NC(=O)c2cccc(NCc3nnc(-c4cccc(C)c4)o3)c2)c2cccnc12,[BOS]COc1ccc(NC(=O)c2cccc(NCc3nnc(-c4cccc(C)c4)o3)c2)c2cccnc12[EOS],63518.00168180466,42
12.3,Cc1ccnc(NC(=O)c2ccc(C)c(NC(=O)Nc3cccc(C(F)(F)F)c3)c2)c1,[BOS]Cc1ccnc(NC(=O)c2ccc(C)c(NC(=O)Nc3cccc(C(F)(F)F)c3)c2)c1[EOS],4749.675249099731,42
12.4,O=C(C[NH2+]CC(c1ccccc1)c1c[nH]c2ccccc12)Nc1ccc(Oc2ccccc2Cl)cc1,[BOS]O=C(C[NH2+]C[C@@H](c1ccccc1)c1c[nH]c2ccccc12)Nc1ccc(Oc2ccccc2Cl)cc1[EOS],11107.748856544495,42
13.4,O=C(CNC(=O)c1nc(-c2ccccc2)n(-c2ccc(F)cc2)n1)Nc1cccc2ccccc12,[BOS]O=C(CNC(=O)c1nc(-c2ccccc2)n(-c2ccc(F)cc2)n1)Nc1cccc2ccccc12[EOS],16872.57792687416,42
12.4,Cc1cccc(OCC(=O)Nc2n[nH]c(-c3ccc4ccccc4c3)n2)c1[N+](=O)[O-],[BOS]Cc1cccc(OCC(=O)Nc2n[nH]c(-c3ccc4ccccc4c3)n2)c1[N+](=O)[O-][EOS],22432.05181646347,42
12.6,O=C(Nc1cccc(C(=O)N2CCCC3(CCc4ccccc4O3)C2)c1)Nc1ccc(F)c(F)c1F,[BOS]O=C(Nc1cccc(C(=O)N2CCC[C@@]3(CCc4ccccc4O3)C2)c1)Nc1ccc(F)c(F)c1F[EOS],27642.458154439926,42
11.8,CC([NH2+]Cc1ccc(C2(C)NC(=O)NC2=O)cc1)c1ccc(F)c2ccccc12,[BOS]C[C@H]([NH2+]Cc1ccc([C@]2(C)NC(=O)NC2=O)cc1)c1ccc(F)c2ccccc12[EOS],33013.14912199974,42
12.7,O=C1CC(C(=O)N2CCCCC2c2cc(NC(=O)C3CC(=O)N(C4CCCC4)C3)n[nH]2)=Cc2ccccc2N1,[BOS]O=C(Nc1cc([C@H]2CCCCN2C(=O)C2=Cc3ccccc3NC(=O)C2)[nH]n1)[C@H]1CC(=O)N(C2CCCC2)C1[EOS],38276.10569357872,42
11.2,Cc1ccc(NS(=O)(=O)c2cccc(C(=O)NN=Cc3cc(C)ccc3O)c2)c(C)c1,[BOS]Cc1ccc(O)c(/C=N\NC(=O)c2cccc(S(=O)(=O)Nc3ccc(C)cc3C)c2)c1[EOS],43359.657640218735,42
12.5,O=C(NCCNC(=O)c1cc2c(s1)-c1ccccc1CC2)c1ccc2ccccc2c1,[BOS]O=C(NCCNC(=O)c1cc2c(s1)-c1ccccc1CC2)c1ccc2ccccc2c1[EOS],48829.991174936295,42
13.0,O=C(NCCc1ccc2ccccc2c1)C(=O)Nc1ccc2c(c1)OCC(=O)N2Cc1ccc(F)c(Cl)c1,[BOS]O=C(NCCc1ccc2ccccc2c1)C(=O)Nc1ccc2c(c1)OCC(=O)N2Cc1ccc(F)c(Cl)c1[EOS],54615.259545087814,42
11.9,Cc1nc(-c2cccc(NC(=O)NC3C4CCCOC4C3(C)C)c2)ccc1C(=O)N(C)Cc1ccccc1F,[BOS]Cc1nc(-c2cccc(NC(=O)N[C@@H]3[C@H]4CCCO[C@H]4C3(C)C)c2)ccc1C(=O)N(C)Cc1ccccc1F[EOS],59227.864144325256,42
13.5,CC(C)n1ncc2cc(NC(=O)Nc3ccc(Oc4c5ccccc5nc5ccccc45)cc3)cnc21,[BOS]CC(C)n1ncc2cc(NC(=O)Nc3ccc(Oc4c5ccccc5nc5ccccc45)cc3)cnc21[EOS],63744.162525177,42
11.8,CC(NC(=O)NCc1cccc2c1OCCCO2)c1cccc(N2CCCC2=O)c1,[BOS]C[C@H](NC(=O)NCc1cccc2c1OCCCO2)c1cccc(N2CCCC2=O)c1[EOS],5460.936907052994,42
12.3,Cc1ccc(-c2nc(CCNC(=O)NC3CC(=O)N(C)C3c3ccc(F)c(F)c3)co2)cc1,[BOS]Cc1ccc(-c2nc(CCNC(=O)N[C@H]3CC(=O)N(C)[C@H]3c3ccc(F)c(F)c3)co2)cc1[EOS],11050.528492450714,42
12.1,Cn1ncc2cc(C(=O)N3CCCCC3c3cc(NC(=O)C4CN=C(c5ccccc5)O4)n[nH]3)ccc21,[BOS]Cn1ncc2cc(C(=O)N3CCCC[C@@H]3c3cc(NC(=O)[C@H]4CN=C(c5ccccc5)O4)n[nH]3)ccc21[EOS],16338.827250003815,42
12.5,CC(c1ccccc1)n1ccc(NC(=O)c2ccc3c(c2)C(=O)N(CCc2ccccc2)C3=O)n1,[BOS]C[C@H](c1ccccc1)n1ccc(NC(=O)c2ccc3c(c2)C(=O)N(CCc2ccccc2)C3=O)n1[EOS],21192.00379037857,42
13.6,Cc1ccc2ccc(F)c(-c3ccc(-c4n[nH]c(C5CCN(c6ccc(F)c(C(F)(F)F)c6)C5)n4)nn3)c2n1,[BOS]Cc1ccc2ccc(F)c(-c3ccc(-c4n[nH]c(C5CCN(c6ccc(F)c(C(F)(F)F)c6)C5)n4)nn3)c2n1[EOS][EOS][EOS][EOS][EOS][EOS][EOS][EOS],25936.78821849823,42
11.8,Fc1cccc(-n2cnc(-c3nc(-c4ccc(Br)c5cccnc45)no3)n2)c1OC1CC[NH2+]CC1,[BOS]Fc1cccc(-n2cnc(-c3nc(-c4ccc(Br)c5cccnc45)no3)n2)c1OC1CC[NH2+]CC1[EOS],30371.864017009735,42
12.3,O=C1CC(Cc2ccc(NC(=O)NC3CCCc4sc(-c5ccc(F)cc5)nc43)cc2)C(=O)N1,[BOS]O=C1C[C@H](Cc2ccc(NC(=O)N[C@H]3CCCc4sc(-c5ccc(F)cc5)nc43)cc2)C(=O)N1[EOS],35569.36503505707,42
12.1,Cc1cc2cc(NC(=O)C(=O)Nc3ccc4[nH]nc(NC(=O)C5=CCCCC5)c4c3)ccc2n(C)c1=O,[BOS]Cc1cc2cc(NC(=O)C(=O)Nc3ccc4[nH]nc(NC(=O)C5=CCCCC5)c4c3)ccc2n(C)c1=O[EOS],40472.76268529892,42
12.7,CC(=O)Nc1ccc(-c2csc(NC(=O)CCCc3ccc4c(c3)-c3ccccc3C4)n2)c(F)c1,[BOS]CC(=O)Nc1ccc(-c2csc(NC(=O)CCCc3ccc4c(c3)-c3ccccc3C4)n2)c(F)c1[EOS],45718.43911528587,42
13.2,c1ccc(-c2ccc(OC3CCC(C4CCC(CC5CC5)CC4)CC3)cc2)c(OCc2c3ccccc3cc3ccccc23)c1,[BOS]c1ccc(-c2ccc(OC3CCC(C4CCC(CC5CC5)CC4)CC3)cc2)c(OCc2c3ccccc3cc3ccccc23)c1[EOS],50961.8954911232,42
11.5,Cc1cc(C(=O)Nc2ccc(NC(C)c3ccccc3)cc2)nn1-c1ccc(F)cc1F,[BOS]Cc1cc(C(=O)Nc2ccc(N[C@@H](C)c3ccccc3)cc2)nn1-c1ccc(F)cc1F[EOS][EOS][EOS],55758.86963438988,42
12.7,O=C(Nc1ccc(OCc2cccc(C(F)(F)F)c2)cc1)NC1CCCc2c1[nH]c(=O)n2Cc1ccccc1,[BOS]O=C(Nc1ccc(OCc2cccc(C(F)(F)F)c2)cc1)N[C@H]1CCCc2c1[nH]c(=O)n2Cc1ccccc1[EOS],61311.94109296799,42
11.0,O=C1CC2(CC[NH+](Cc3cc(Oc4ccc(C(F)(F)F)cc4)ccc3O)C2)CN1c1ccc(F)cc1,[BOS]O=C1C[C@@]2(CC[NH+](Cc3cc(Oc4ccc(C(F)(F)F)cc4)ccc3O)C2)CN1c1ccc(F)cc1[EOS][EOS],5022.793785333633,42
12.9,Cc1ccc(-c2noc(-c3ccnc(-c4cccc(N5CC[NH2+]CC5)c4)c3)n2)c(N2CCCCC2)n1,[BOS]Cc1ccc(-c2noc(-c3ccnc(-c4cccc(N5CC[NH2+]CC5)c4)c3)n2)c(N2CCCCC2)n1[EOS],9853.905450344086,42
11.3,Cc1ccc(CC(=O)NC2CC(Nc3nc4ccccc4o3)C2)cc1C,[BOS]Cc1ccc(CC(=O)N[C@H]2C[C@H](Nc3nc4ccccc4o3)C2)cc1C[EOS],14663.631155014038,42
11.9,O=C(Nc1cccc(S(=O)(=O)Nc2cccc(C(O)=NN=Cc3ccc4ccc5cccnc5c4n3)c2)c1)c1cccc(Cl)c1,[BOS]O=C(Nc1cccc(S(=O)(=O)Nc2cccc(C(O)=N/N=C/c3ccc4ccc5cccnc5c4n3)c2)c1)c1cccc(Cl)c1[EOS],20214.501816272736,42
12.6,Cc1ccc(-n2cc(C(=O)Nc3nc(-c4ccc5c(c4)CCCO5)cs3)c3ccccc32)cc1,[BOS]Cc1ccc(-n2cc(C(=O)Nc3nc(-c4ccc5c(c4)CCCO5)cs3)c3ccccc32)cc1[EOS],24738.487119436264,42
13.7,O=C(c1ccc2c(c1)Cc1ccccc1-2)N1CC[NH+](Cc2nnc(-c3c(-c4ccccc4)noc3Cl)o2)CC1,[BOS]O=C(c1ccc2c(c1)Cc1ccccc1-2)N1CC[NH+](Cc2nnc(-c3c(-c4ccccc4)noc3Cl)o2)CC1[EOS],29335.218343019485,42
12.5,Cc1cc(-c2nnc(-c3ccc4ccccc4c3)c3ccccc23)c(F)cc1F,[BOS]Cc1cc(-c2nnc(-c3ccc4ccccc4c3)c3ccccc23)c(F)cc1F[EOS],33710.816195726395,42
11.4,CC(=O)N1Cc2ccc(NC(=O)N(C)C3CCOC(c4ccc(F)cc4)C3)cc2C1,[BOS]CC(=O)N1Cc2ccc(NC(=O)N(C)[C@H]3CCO[C@H](c4ccc(F)cc4)C3)cc2C1[EOS],38238.57488632202,42
11.4,Cc1cnc2[nH+]cc(-c3nc(CC(=O)Nc4ccc5ccccc5c4)no3)n2c1,[BOS]Cc1cnc2[nH+]cc(-c3nc(CC(=O)Nc4ccc5ccccc5c4)no3)n2c1[EOS],43164.41761279106,42
12.0,O=C(COc1ccc(C(=O)c2ccc(Cl)cc2)cc1)NNC(=O)c1ccn(-c2ccc(F)cc2F)n1,[BOS]O=C(COc1ccc(C(=O)c2ccc(Cl)cc2)cc1)NNC(=O)c1ccn(-c2ccc(F)cc2F)n1[EOS],49322.26789236069,42
11.6,O=C(NCCc1c[nH]c2cccc(Cl)c12)NC1CCCC(c2ccccc2)C1,[BOS]O=C(NCCc1c[nH]c2cccc(Cl)c12)N[C@@H]1CCC[C@@H](c2ccccc2)C1[EOS],54702.7622025013,42
11.7,CC1(C)C(=O)NCc2c(-c3ccc(F)c(C(=O)Nc4ccccc4Cl)c3)cccc21,[BOS]CC1(C)C(=O)NCc2c(-c3ccc(F)c(C(=O)Nc4ccccc4Cl)c3)cccc21[EOS],59168.42661142349,42
11.8,COc1ccc(C(C)C(=O)N2CCCCC2c2cc(NC(=O)C3CCc4ccccc4O3)n[nH]2)cc1,[BOS]COc1ccc([C@H](C)C(=O)N2CCCC[C@H]2c2cc(NC(=O)[C@H]3CCc4ccccc4O3)n[nH]2)cc1[EOS],5374.035607814789,42
12.7,OC(=NC1CCC(Nc2ncnc3cc(F)ccc23)CC1)OC1c2ccccc2Oc2ccccc21,[BOS]OC(=NC1CCC(Nc2ncnc3cc(F)ccc23)CC1)OC1c2ccccc2Oc2ccccc21[EOS],11305.18149638176,42
11.2,Cc1ccc2oc(CNC(=O)c3cc(-c4cccnc4)nc4ccc(C)cc34)cc2c1,[BOS]Cc1ccc2oc(CNC(=O)c3cc(-c4cccnc4)nc4ccc(C)cc34)cc2c1[EOS],16210.406389713287,42
11.9,O=C(Nc1ccc(C2(NC(=O)C3C4Sc5ccccc5C43)CCC2)cc1)C1CC(c2ccccc2)N=N1,[BOS]O=C(Nc1ccc(C2(NC(=O)[C@@H]3[C@H]4Sc5ccccc5[C@@H]43)CCC2)cc1)[C@H]1CC(c2ccccc2)N=N1[EOS][EOS][EOS][EOS][EOS][EOS][EOS],22152.273951768875,42
13.0,Cc1ccc2[nH]cc(-c3nc(CC(=O)Nc4c(C)n(C)n(-c5ccccc5)c4=O)no3)c(=O)c2c1C,[BOS]Cc1ccc2[nH]cc(-c3nc(CC(=O)Nc4c(C)n(C)n(-c5ccccc5)c4=O)no3)c(=O)c2c1C[EOS][EOS][EOS][EOS][EOS][EOS],27861.876881599426,42
11.2,CCc1ccc(-c2cc(C(=O)N3CCC(NC(=O)Nc4ccc(F)cc4)CC3)no2)cc1,[BOS]CCc1ccc(-c2cc(C(=O)N3CCC(NC(=O)Nc4ccc(F)cc4)CC3)no2)cc1[EOS],32700.02710866928,42
12.0,O=C(CC[NH+]1CCc2c(cccc2NC(=O)Nc2ccc(F)cc2)C1)Nc1cccc2cccnc12,[BOS]O=C(CC[NH+]1CCc2c(cccc2NC(=O)Nc2ccc(F)cc2)C1)Nc1cccc2cccnc12[EOS],38820.619201660156,42
11.3,NC(=O)CCOc1ccc(NC(=O)Nc2cccc(-c3ccc4c(c3)CCO4)c2)cc1,[BOS]NC(=O)CCOc1ccc(NC(=O)Nc2cccc(-c3ccc4c(c3)CCO4)c2)cc1[EOS],43720.70463204384,42
12.6,Cc1cccc(-c2cc(=O)c(C(=O)Nc3cccc(C(=O)Nc4ccc(F)cn4)c3)cn2C2CCC2)c1,[BOS]Cc1cccc(-c2cc(=O)c(C(=O)Nc3cccc(C(=O)Nc4ccc(F)cn4)c3)cn2C2CCC2)c1[EOS],48449.598261117935,42
11.7,O=C(NCCc1ccc(N2CCCCC2)cc1)NC1CCOC(c2ccc(F)c(F)c2)C1,[BOS]O=C(NCCc1ccc(N2CCCCC2)cc1)N[C@@H]1CCO[C@@H](c2ccc(F)c(F)c2)C1[EOS],54535.5385529995,42
11.5,O=C1CCCN1Cc1ccc(-c2noc(CCc3cc4ccccc4s3)n2)c2ccccc12,[BOS]O=C1CCCN1Cc1ccc(-c2noc(CCc3cc4ccccc4s3)n2)c2ccccc12[EOS],60345.29719567299,42
11.3,O=C(NC1CCc2ccc(O)cc2C1)c1cnn(Cc2ccc(C(F)(F)F)cc2)c1,[BOS]O=C(N[C@H]1CCc2ccc(O)cc2C1)c1cnn(Cc2ccc(C(F)(F)F)cc2)c1[EOS],65192.82974362373,42
11.9,O=c1[nH]c(C[NH+]2CCC(n3nc(-c4cccc(COc5cccnc5)c4)ccc3=O)CC2)nc2sc3c(c12)CCCC3,[BOS]O=c1[nH]c(C[NH+]2CCC(n3nc(-c4cccc(COc5cccnc5)c4)ccc3=O)CC2)nc2sc3c(c12)CCCC3[EOS][EOS],6139.032800912857,42
12.5,CC1C(=O)Oc2cc(C3N=C(c4cc(-c5cc(F)c(F)c(F)c5F)no4)ON3)ccc21,[BOS]C[C@H]1C(=O)Oc2cc(C3N=C(c4cc(-c5cc(F)c(F)c(F)c5F)no4)ON3)ccc21[EOS],10301.566465854645,42
12.4,O=C(Nc1ccn(Cc2nnc3n2CCCC3)n1)N1CCCC1c1ccc2c(c1)OCCCO2,[BOS]O=C(Nc1ccn(Cc2nnc3n2CCCC3)n1)N1CCC[C@@H]1c1ccc2c(c1)OCCCO2[EOS],15218.765678405762,42
12.5,O=C(CCCc1nc(-c2ccc(COc3ccc4ccccc4c3)cc2)no1)N1CCN(c2cccc[nH+]2)CC1,[BOS]O=C(CCCc1nc(-c2ccc(COc3ccc4ccccc4c3)cc2)no1)N1CCN(c2cccc[nH+]2)CC1[EOS],21658.40914082527,42
12.1,CC(NC(=O)Nc1cc2c(cc1F)NC(=O)CC2)c1ccc(-c2cccc(C#N)c2)cc1,[BOS]C[C@H](NC(=O)Nc1cc2c(cc1F)NC(=O)CC2)c1ccc(-c2cccc(C#N)c2)cc1[EOS],26545.132130622864,42
13.2,O=C(NCCc1ccc2ccccc2c1)C(=O)Nc1ccc2c(c1)CCC(=O)N2CCc1ccccc1,[BOS]O=C(NCCc1ccc2ccccc2c1)C(=O)Nc1ccc2c(c1)CCC(=O)N2CCc1ccccc1[EOS],32805.090128183365,42
12.7,Cc1ccc(C(=O)NCc2ccc(Oc3cccc4ccccc34)cc2)c2c1CCCCC(C)N2,[BOS]Cc1ccc(C(=O)NCc2ccc(Oc3cccc4ccccc34)cc2)c2c1CCCCC(C)N2[EOS],38480.15217590332,42
12.5,O=C(NC1CCOC(c2ccccc2)C1)c1cc(-c2ccccc2Cl)n(-c2ccccc2)n1,[BOS]O=C(N[C@@H]1CCO[C@H](c2ccccc2)C1)c1cc(-c2ccccc2Cl)n(-c2ccccc2)n1[EOS],43477.84004473686,42
12.0,CC1CC(NC(=O)NC2CCOC(c3cccnc3)C2)CC(c2ccccc2)C1,[BOS]C[C@@H]1C[C@@H](NC(=O)N[C@@H]2CCO[C@H](c3cccnc3)C2)C[C@@H](c2ccccc2)C1[EOS],48400.24069690704,42
13.6,O=C(Nc1ccc(Oc2nccc3ccccc23)cc1)Nc1ccnc2c1cnn1cc(C3CC3)nc21,[BOS]O=C(Nc1ccc(Oc2nccc3ccccc23)cc1)Nc1ccnc2c1cnn1cc(C3CC3)nc21[EOS][EOS][EOS][EOS][EOS],53439.2962706089,42
13.0,O=C(Nc1cccc(COc2cccc(-c3nnc4cc(Br)ccn34)c2)c1)Oc1ccc2c(c1)CCC2,[BOS]O=C(Nc1cccc(COc2cccc(-c3nnc4cc(Br)ccn34)c2)c1)Oc1ccc2c(c1)CCC2[EOS],59731.487290620804,42
12.0,O=C(NC1(c2ccc(NC(=O)C3(c4ccc(F)cc4)CC3)cc2)CCC1)c1cccc2c1CCCC2,[BOS]O=C(NC1(c2ccc(NC(=O)C3(c4ccc(F)cc4)CC3)cc2)CCC1)c1cccc2c1CCCC2[EOS],64913.101309776306,42
14.0,O=C(Nc1ccc(Cl)c(-c2nnc3n2CCCCC3)c1)c1cncc(-c2ccc3ccccc3c2)c1,[BOS]O=C(Nc1ccc(Cl)c(-c2nnc3n2CCCCC3)c1)c1cncc(-c2ccc3ccccc3c2)c1[EOS],5594.1569039821625,42
14.5,O=C(CCn1c2ccccc2c2ccccc21)NNC(=O)c1cc(-c2ccncc2)nc2ccccc12,[BOS]O=C(CCn1c2ccccc2c2ccccc21)NNC(=O)c1cc(-c2ccncc2)nc2ccccc12[EOS],12366.006252288818,42
12.1,Cn1c(=O)c2c(nc(NC(=O)C=Cc3cccc(OCc4ccccc4)c3)n2C)n(C)c1=O,[BOS]Cn1c(NC(=O)C=Cc2cccc(OCc3ccccc3)c2)nc2c1c(=O)n(C)c(=O)n2C[EOS],17805.184908151627,42
13.5,O=C(Nc1ccc(CC(=O)N2CCCc3ccccc32)cc1)NC1c2ccccc2CC12CCOCC2,[BOS]O=C(Nc1ccc(CC(=O)N2CCCc3ccccc32)cc1)N[C@H]1c2ccccc2CC12CCOCC2[EOS],23346.638123989105,42
12.4,Cc1ccc(C2(C)NC(=O)N(CC(=O)OCC(=O)N3c4ccccc4NC4=[NH+]CCCC43)C2=O)cc1C,[BOS]Cc1ccc([C@@]2(C)NC(=O)N(CC(=O)OCC(=O)N3c4ccccc4NC4=[NH+]CCC[C@@H]43)C2=O)cc1C[EOS],29951.9213244915,42
11.6,Fc1cccc2ncnc(NC3CC(c4ccccc4)Oc4ccc5c(c43)Cc3ccccc3OC5)c12,[BOS]Fc1cccc2ncnc(N[C@@H]3C[C@H](c4ccccc4)Oc4ccc5c(c43)Cc3ccccc3OC5)c12[EOS],34515.324944496155,42
11.7,Cc1cc(-c2ccc(-c3noc(C([NH3+])Cc4cc(F)cc(F)c4)n3)cc2)c(F)cc1F,[BOS][NH3+][C@@H](Cc1cc(F)cc(F)c1)c1nc(-c2ccc(-c3cc(C)c(F)cc3F)cc2)no1[EOS],40090.49589753151,42
12.7,COc1ccc(NC(=O)c2cccc(NC(=O)c3nn(-c4ccc(Cl)cc4)c4c3CCCCC4)c2)cn1,[BOS]COc1ccc(NC(=O)c2cccc(NC(=O)c3nn(-c4ccc(Cl)cc4)c4c3CCCCC4)c2)cn1[EOS],45638.460047245026,42
11.5,Cn1nc(NC(=O)c2cccc(NC(=O)CCCc3cccs3)c2)c2ccccc2c1=O,[BOS]Cn1nc(NC(=O)c2cccc(NC(=O)CCCc3cccs3)c2)c2ccccc2c1=O[EOS],50526.4248445034,42
12.5,Cc1[nH]c2c(C(=O)NCc3ccc(CN4CCc5ccccc54)cc3)cccc2c1C,[BOS]Cc1[nH]c2c(C(=O)NCc3ccc(CN4CCc5ccccc54)cc3)cccc2c1C[EOS][EOS][EOS][EOS][EOS][EOS][EOS],55586.48189496994,42
11.9,O=C(NCc1ccc(OC(F)F)c(-c2ccncc2)c1)NC1COc2c(F)cc(F)cc2C1,[BOS]O=C(NCc1ccc(OC(F)F)c(-c2ccncc2)c1)N[C@H]1COc2c(F)cc(F)cc2C1[EOS],61212.48417520523,42
12.3,Cc1cc(=O)n(-c2ccc(F)c(-c3nc(-c4ccc(C(=O)c5ccccc5)cc4)no3)c2)[nH]1,[BOS]Cc1cc(=O)n(-c2ccc(F)c(-c3nc(-c4ccc(C(=O)c5ccccc5)cc4)no3)c2)[nH]1[EOS],66042.06591057777,42
13.2,O=C(COc1ccc2c(c1)OC1(CCCCC1)C2=O)c1ccc(CN2C(=O)c3cccc4cccc2c34)cc1F,[BOS]O=C(COc1ccc2c(c1)OC1(CCCCC1)C2=O)c1ccc(CN2C(=O)c3cccc4cccc2c34)cc1F[EOS],5790.196313619614,42
12.0,O=C(NCc1ccc(Oc2ccc(F)cc2)nc1)Nc1ccccc1-c1cc(F)c(F)c(F)c1,[BOS]O=C(NCc1ccc(Oc2ccc(F)cc2)nc1)Nc1ccccc1-c1cc(F)c(F)c(F)c1[EOS],11335.042822122574,42
12.0,O=C(NCc1ccc(NC(=O)c2ccncc2)cc1)Nc1ccnn1Cc1cccc2ccccc12,[BOS]O=C(NCc1ccc(NC(=O)c2ccncc2)cc1)Nc1ccnn1Cc1cccc2ccccc12[EOS],16800.847092866898,42
12.3,O=C(Cc1cccc(-c2ccccc2)c1)Nc1ccc2c(c1)C(=O)c1ccc(Cl)cc1C2=O,[BOS]O=C(Cc1cccc(-c2ccccc2)c1)Nc1ccc2c(c1)C(=O)c1ccc(Cl)cc1C2=O[EOS],21787.32033443451,42
11.6,Cc1cc(NC(=O)C(=O)NCC(C)[NH+]2CCc3ccccc3C2)n(-c2cccc3cccnc23)n1,[BOS]Cc1cc(NC(=O)C(=O)NC[C@H](C)[NH+]2CCc3ccccc3C2)n(-c2cccc3cccnc23)n1[EOS],27265.24180650711,42
12.2,Cc1ccc(-n2cc(NC(=O)Nc3cc(-c4cccc(C)c4C)[nH]n3)cn2)c(C)c1,[BOS]Cc1ccc(-n2cc(NC(=O)Nc3cc(-c4cccc(C)c4C)[nH]n3)cn2)c(C)c1[EOS],31966.998046398163,42
12.3,Cc1c(NCc2ccc(N3CCc4ccccc4C3)nc2)cccc1C(=O)Nc1ccccc1,[BOS]Cc1c(NCc2ccc(N3CCc4ccccc4C3)nc2)cccc1C(=O)Nc1ccccc1[EOS],37080.852941036224,42
11.6,O=C(CC[NH+]1CC2CCC1C1C[NH+](Cc3ccccc3)CC21)NC(=O)NCc1ccccc1,[BOS]O=C(CC[NH+]1C[C@H]2CC[C@H]1[C@@H]1C[NH+](Cc3ccccc3)C[C@@H]21)NC(=O)NCc1ccccc1[EOS],42874.139560461044,42
12.2,CC(N=C(O)COC(=O)CCc1nc2ccccc2c(=O)n1C1CCCC1)c1ccc2ccccc2c1,[BOS]C[C@@H](N=C(O)COC(=O)CCc1nc2ccccc2c(=O)n1C1CCCC1)c1ccc2ccccc2c1[EOS],49426.77965593338,42
12.8,O=C(Nc1nc(Cc2ccc(F)cc2)no1)C(=O)N1CCC(N2CCc3ccccc32)CC1,[BOS]O=C(Nc1nc(Cc2ccc(F)cc2)no1)C(=O)N1CCC(N2CCc3ccccc32)CC1[EOS],54389.10589957237,42
12.8,O=C(Nc1ccc(Oc2ccc(C(F)(F)F)cn2)c(F)c1)N1CCC2(C1)Oc1ccccc1O2,[BOS]O=C(Nc1ccc(Oc2ccc(C(F)(F)F)cn2)c(F)c1)N1CCC2(C1)Oc1ccccc1O2[EOS],59367.93596744537,42
12.3,O=C(OCc1ccc(O)c2ccccc12)c1ccc(NC(=O)c2cc(=O)[nH]c3ccccc23)s1,[BOS]O=C(Nc1ccc(C(=O)OCc2ccc(O)c3ccccc23)s1)c1cc(=O)[nH]c2ccccc12[EOS][EOS][EOS][EOS][EOS][EOS],64386.438813209534,42
12.0,O=C(Nc1cnc2[nH]ccc2c1)c1nn(-c2cncc3c2sc2ccccc23)c2c1CCCCC2,[BOS]O=C(Nc1cnc2[nH]ccc2c1)c1nn(-c2cncc3c2sc2ccccc23)c2c1CCCCC2[EOS],4606.910534858704,42
11.3,Cc1oc(-c2cccnc2)cc1C(=O)NCc1cccc(Oc2ccc3ccccc3c2)c1,[BOS]Cc1oc(-c2cccnc2)cc1C(=O)NCc1cccc(Oc2ccc3ccccc3c2)c1[EOS],9664.139771461487,42
14.3,c1cc(-c2ccc3ccccc3c2)nc(-c2cc(-c3ccc(-c4cccc5ccccc45)c4oc5ccccc5c34)ccn2)c1,[BOS]c1ccc(-c2nccc(-c3ccc(-c4cccc5ccccc45)c4oc5ccccc5c34)c2)nc1-c1ccc2ccccc2c1[EOS],14275.480429172516,42
12.5,O=C(NCc1ccn(-c2ccccc2)n1)Nc1ccccc1-c1cc(F)c2ccccc2c1,[BOS]O=C(NCc1ccn(-c2ccccc2)n1)Nc1ccccc1-c1cc(F)c2ccccc2c1[EOS],19685.075678110123,42
13.0,NC(=O)c1cc2c(c(-c3ccc4[nH]cc(-c5cc6ccccc6[nH]c5=O)c4c3)c1)CCC([O-])=N2,[BOS]NC(=O)c1cc(-c2ccc3[nH]cc(-c4cc5ccccc5[nH]c4=O)c3c2)c2c(c1)N=C([O-])CC2[EOS],24597.462383508682,42
12.2,O=C(NCc1ccc(-c2ccccc2)cc1F)NCc1ccc(N2CCOCC2)cc1C(F)(F)F,[BOS]O=C(NCc1ccc(-c2ccccc2)cc1F)NCc1ccc(N2CCOCC2)cc1C(F)(F)F[EOS],29654.420696020126,42
11.3,Cc1cc(=O)[nH]c2cc(C(=O)NCCC3CCc4ccccc43)ccc12,[BOS]Cc1cc(=O)[nH]c2cc(C(=O)NCC[C@@H]3CCc4ccccc43)ccc12[EOS],34320.33206534386,42
12.7,Cc1c(C(=O)NC2(c3ccc(NC(=O)Cc4ccc5c(c4)CCCO5)cc3)CCC2)nc2ccccn12,[BOS]Cc1c(C(=O)NC2(c3ccc(NC(=O)Cc4ccc5c(c4)CCCO5)cc3)CCC2)nc2ccccn12[EOS],40423.033653736115,42
12.2,O=C(Nc1cc(C(F)(F)F)cc(C(F)(F)F)c1)Nc1cc(=O)n(-c2ccccc2)[nH]1,[BOS]O=C(Nc1cc(=O)n(-c2ccccc2)[nH]1)Nc1cc(C(F)(F)F)cc(C(F)(F)F)c1[EOS],44791.25829100609,42
11.6,O=C1Nc2c(cccc2C(=O)N2CC3COCC(C2)C3NC(=O)C2Cc3n[nH]c(C(F)(F)F)c3C2)C1=O,[BOS]O=C1Nc2c(cccc2C(=O)N2C[C@H]3COC[C@@H](C2)[C@H]3NC(=O)[C@H]2Cc3n[nH]c(C(F)(F)F)c3C2)C1=O[EOS][EOS][EOS][EOS],50190.66921591759,42
13.1,O=C(Cc1coc2cc3c(cc12)CCC3)Nc1ccc2oc(=O)cc(C[NH+]3CCCCC3)c2c1,[BOS]O=C(Cc1coc2cc3c(cc12)CCC3)Nc1ccc2oc(=O)cc(C[NH+]3CCCCC3)c2c1[EOS],55573.08514881134,42
12.1,Cc1ccnc(-c2cccc(NC(=O)NC(C)Cc3cc(C)nn3-c3ccccc3)c2)n1,[BOS]Cc1ccnc(-c2cccc(NC(=O)N[C@H](C)Cc3cc(C)nn3-c3ccccc3)c2)n1[EOS],60596.71712946892,42
13.2,Fc1ccc(-c2nc(C[NH2+]C3CC(c4ccc(C(F)(F)F)cc4)C3)no2)c2ccccc12,[BOS]Fc1ccc(-c2nc(C[NH2+][C@H]3C[C@H](c4ccc(C(F)(F)F)cc4)C3)no2)c2ccccc12[EOS],5071.975361824036,42
11.7,Cc1cc(C(=O)OCc2ccc(C(=O)Nc3ccccc3)cc2)c2ccc(F)c(C)c2n1,[BOS]Cc1cc(C(=O)OCc2ccc(C(=O)Nc3ccccc3)cc2)c2ccc(F)c(C)c2n1[EOS],9998.831801891327,42
13.4,O=C(N=c1cc(-c2ncc3n2CCCCC3)[nH][nH]1)c1ccc2c(O)c3c(nc2c1)CCc1ccccc1-3,[BOS]O=C(N=c1cc(-c2ncc3n2CCCCC3)[nH][nH]1)c1ccc2c(O)c3c(nc2c1)CCc1ccccc1-3[EOS],15117.293940782547,42
12.1,N#Cc1ccc(Oc2ccc(NC(=O)NCC3CS(=O)(=O)c4ccccc43)cc2Cl)cc1Cl,[BOS]N#Cc1ccc(Oc2ccc(NC(=O)NC[C@H]3CS(=O)(=O)c4ccccc43)cc2Cl)cc1Cl[EOS],20093.188945770264,42
13.4,CC1(C(=O)N2CCCCC2c2cc(NC(=O)CCc3nc(-c4ccc5ccc6cccnc6c5n4)no3)n[nH]2)CCC[NH2+]C1,[BOS]C[C@]1(C(=O)N2CCCC[C@H]2c2cc(NC(=O)CCc3nc(-c4ccc5ccc6cccnc6c5n4)no3)n[nH]2)CCC[NH2+]C1[EOS],26583.515561580658,42
12.8,O=C(Nc1cccc(N2CCCNC2=O)c1)Nc1ccc(Oc2cccc(C(F)(F)F)n2)c(F)c1,[BOS]O=C(Nc1cccc(N2CCCNC2=O)c1)Nc1ccc(Oc2cccc(C(F)(F)F)n2)c(F)c1[EOS],31629.7861430645,42
12.2,CN(C(=O)c1ccccc1NC(=O)NCc1ccc(C[NH+]2CCc3ccccc3C2)cc1)C1CCCCC1,[BOS]O=C(NCc1ccc(C[NH+]2CCc3ccccc3C2)cc1)Nc1ccccc1C(=O)N(C)C1CCCCC1[EOS][EOS][EOS][EOS][EOS],37355.77529621124,42
13.2,O=C(NCCc1ccc(-c2cncc(-c3nnnn3-c3cccc4c3OCO4)c2)cc1)c1cccc2cccnc12,[BOS]O=C(NCCc1ccc(-c2cncc(-c3nnnn3-c3cccc4c3OCO4)c2)cc1)c1cccc2cccnc12[EOS][EOS][EOS][EOS][EOS][EOS],42652.26282596588,42
12.9,Cc1cc(C(=O)Nc2ccc(C(=O)N3CCc4ccccc43)cc2)sc1-c1ccc2c(c1)CCC2=O,[BOS]Cc1cc(C(=O)Nc2ccc(C(=O)N3CCc4ccccc43)cc2)sc1-c1ccc2c(c1)CCC2=O[EOS],47485.16676402092,42
11.7,O=C(Nc1ccc(Cn2cnc3ccccc32)cc1)C(=O)NC1CCN(c2cc[nH+]cc2)CC1,[BOS]O=C(Nc1ccc(Cn2cnc3ccccc32)cc1)C(=O)NC1CCN(c2cc[nH+]cc2)CC1[EOS],52475.70175123215,42
12.1,O=C(C1CC1c1cccc2ccccc12)N1CCc2[nH]ncc2C1c1ccc(F)cc1,[BOS]O=C([C@H]1C[C@@H]1c1cccc2ccccc12)N1CCc2[nH]ncc2[C@@H]1c1ccc(F)cc1[EOS],57713.17329001427,42
12.7,Cc1ccc(OCCOc2ccc(C3CC(=O)c4ccc5c(c4O3)CCCC5)cc2)c2ccccc12,[BOS]Cc1ccc(OCCOc2ccc([C@@H]3CC(=O)c4ccc5c(c4O3)CCCC5)cc2)c2ccccc12[EOS],63020.47754621506,42
12.6,O=c1c2ccccc2c([O-])nn1Cc1ccc(-c2nc(-c3ccc(-c4ccccc4)cc3)no2)cc1,[BOS]O=c1n(Cc2ccc(-c3nc(-c4ccc(-c5ccccc5)cc4)no3)cc2)nc([O-])c2ccccc12[EOS],5345.765737771988,42
13.0,Cc1nc2cc(-c3nnc(-c4ccc5ccccc5c4)o3)ccc2n1-c1cccc(C(F)(F)F)c1,[BOS]Cc1nc2cc(-c3nnc(-c4ccc5ccccc5c4)o3)ccc2n1-c1cccc(C(F)(F)F)c1[EOS],10311.323927879333,42
11.4,O=C(NCC1(O)CCCC(C(F)(F)F)C1)Nc1ccc(Cc2nnc3n2CCCCCC3)cc1,[BOS]O=C(NC[C@@]1(O)CCC[C@H](C(F)(F)F)C1)Nc1ccc(Cc2nnc3n2CCCCCC3)cc1[EOS],16748.723871946335,42
13.0,O=C(COc1ccc2c(F)c(-c3ccccc3)cnc2c1)Nc1ccc2c(c1)CCC(=O)N2Cc1cccc(Cl)c1,[BOS]O=C(COc1ccc2c(F)c(-c3ccccc3)cnc2c1)Nc1ccc2c(c1)CCC(=O)N2Cc1cccc(Cl)c1[EOS],22479.22504758835,42
11.4,Cc1ccn2cc(CNC(=O)NCc3ccc(C[NH+]4CCCCC4CCc4ccccc4)cc3)[nH+]c2c1,[BOS]Cc1ccn2cc(CNC(=O)NCc3ccc(C[NH+]4CCCC[C@@H]4CCc4ccccc4)cc3)[nH+]c2c1[EOS],27666.565042972565,42
13.0,O=C(COc1ccc2oc3c(c2c1)CCCC3)Nc1ccc2c(c1)OCC(=O)N2Cc1cccc2ccccc12,[BOS]O=C(COc1ccc2oc3c(c2c1)CCCC3)Nc1ccc2c(c1)OCC(=O)N2Cc1cccc2ccccc12[EOS],34048.62017941475,42
13.8,O=C(NCc1cc(=O)oc2cc3c(cc12)OCO3)Nc1ccc(C(=O)c2cccc3ccccc23)cc1,[BOS]O=C(NCc1cc(=O)oc2cc3c(cc12)OCO3)Nc1ccc(C(=O)c2cccc3ccccc23)cc1[EOS],39522.22070860863,42
13.2,O=C(CC1Cc2ccccc2C1)Nc1ccc(C2(NC(=O)c3n[nH]c4c3CCCC4)CCC2)cc1,[BOS]O=C(CC1Cc2ccccc2C1)Nc1ccc(C2(NC(=O)c3n[nH]c4c3CCCC4)CCC2)cc1[EOS],45587.5596780777,42
12.4,CC(NC(=O)NCc1cccc(NC(=O)c2cccc(F)c2)c1)c1ccc(F)c2ccccc12,[BOS]C[C@H](NC(=O)NCc1cccc(NC(=O)c2cccc(F)c2)c1)c1ccc(F)c2ccccc12[EOS],51870.55363917351,42
13.6,O=C(CCc1nnc(-c2c3ccccc3cc3ccccc23)o1)Nc1ccc2nc(-c3ccccn3)oc2c1,[BOS]O=C(CCc1nnc(-c2c3ccccc3cc3ccccc23)o1)Nc1ccc2nc(-c3ccccn3)oc2c1[EOS],58477.929426670074,42
12.2,O=C(CCNC(=O)c1ccc2ccccc2c1)NC1CC(c2cccc(C(F)(F)F)c2)C1,[BOS]O=C(CCNC(=O)c1ccc2ccccc2c1)N[C@H]1C[C@H](c2cccc(C(F)(F)F)c2)C1[EOS],64667.391000032425,42
11.2,CN(C)c1ccc(CNC(=O)NCc2ccc(Oc3cccc(Cl)c3Cl)cc2)cn1,[BOS]CN(C)c1ccc(CNC(=O)NCc2ccc(Oc3cccc(Cl)c3Cl)cc2)cn1[EOS],69648.775578022,42
13.3,O=C(Nc1cccc(CNC(=O)c2cn[nH]c2C2CCCCC2)c1)Nc1cccc(C(F)(F)F)c1,[BOS]O=C(NCc1cccc(NC(=O)Nc2cccc(C(F)(F)F)c2)c1)c1cn[nH]c1C1CCCCC1[EOS],5806.630246162415,42
12.0,O=C(Nc1ccc2oc(C(F)F)nc2c1)c1c[nH]c2ccc(Oc3ccccc3)cc2c1=O,[BOS]O=C(Nc1ccc2oc(C(F)F)nc2c1)c1c[nH]c2ccc(Oc3ccccc3)cc2c1=O[EOS],10241.109493494034,42
12.9,O=C(Nc1cc(=O)n(-c2ccccc2)[nH]1)c1cc(-c2ccc(C(F)(F)F)c(F)c2)nc2ccccc12,[BOS]O=C(Nc1cc(=O)n(-c2ccccc2)[nH]1)c1cc(-c2ccc(C(F)(F)F)c(F)c2)nc2ccccc12[EOS],14931.133617162704,42
12.9,O=C(CCCN1C(=O)c2cccc3cccc(c23)C1=O)Nc1cccc(-c2nnc3n2CCCCC3)c1,[BOS]O=C(CCCN1C(=O)c2cccc3cccc(c23)C1=O)Nc1cccc(-c2nnc3n2CCCCC3)c1[EOS],20842.046717882156,42
13.6,Cc1ccc(NC(=O)C(=O)NCc2ccc(-c3ccc4c(c3)CC(C)O4)cc2)cc1C(=O)c1ccccc1,[BOS]Cc1ccc(NC(=O)C(=O)NCc2ccc(-c3ccc4c(c3)C[C@@H](C)O4)cc2)cc1C(=O)c1ccccc1[EOS],26228.27255010605,42
12.4,Cn1cc(-c2nc(-c3c[nH]c4ccccc34)c3ccc(-c4ccccc4)cc3n2)ccc1=O,[BOS]Cn1cc(-c2nc(-c3c[nH]c4ccccc34)c3ccc(-c4ccccc4)cc3n2)ccc1=O[EOS],30770.677569389343,42
12.8,O=C(Nc1cccc(-c2nnc3n2CCCCC3)c1)NC1CCOC(c2ccc(F)cc2)C1,[BOS]O=C(Nc1cccc(-c2nnc3n2CCCCC3)c1)N[C@@H]1CCO[C@@H](c2ccc(F)cc2)C1[EOS],35916.898570775986,42
12.4,Cc1ccc(-c2nc(CNC(=O)Nc3cc(-c4nnc5n4CCCCC5)ccc3F)co2)cc1,[BOS]Cc1ccc(-c2nc(CNC(=O)Nc3cc(-c4nnc5n4CCCCC5)ccc3F)co2)cc1[EOS],41298.854879140854,42
11.3,O=C(NC1CCN(c2ccc(C(F)(F)F)cc2)C1=O)NC1(Cc2cccc(F)c2)CCC1,[BOS]O=C1[C@@H](NC(=O)NC2(Cc3cccc(F)c3)CCC2)CCN1c1ccc(C(F)(F)F)cc1[EOS],46554.24234294891,42
12.6,CC1(C)Cc2cc(NC(=O)c3cccc(-n4nccc4-c4ccccc4)c3)ccc2NC1=O,[BOS]CC1(C)Cc2cc(NC(=O)c3cccc(-n4nccc4-c4ccccc4)c3)ccc2NC1=O[EOS],51413.8294801712,42
13.5,O=C(CCC(=O)c1ccc2ccccc2c1)Nc1cc2c(cc1F)CCC(=O)S2=NC1CCN(Cc2cccnc2)CC1,[BOS]O=C(CCC(=O)c1ccc2ccccc2c1)Nc1cc2c(cc1F)CCC(=O)/S2=N/C1CCN(Cc2cccnc2)CC1[EOS],57744.97038793564,42
13.3,O=C(NCc1ccc(-n2cnc3ccccc32)cc1)Nc1cccc(C(=O)Nc2ccccc2C(F)(F)F)c1,[BOS]O=C(NCc1ccc(-n2cnc3ccccc32)cc1)Nc1cccc(C(=O)Nc2ccccc2C(F)(F)F)c1[EOS][EOS][EOS][EOS][EOS][EOS][EOS],63172.75491523743,42
12.2,O=C(NCc1cccc(-n2cnc3ccccc32)c1)NCC1C2Cc3ccccc3C12,[BOS]O=C(NCc1cccc(-n2cnc3ccccc32)c1)NC[C@@H]1[C@H]2Cc3ccccc3[C@@H]12[EOS],5396.0901963710785,42
12.4,Cc1sc(=O)n(CCCC(=O)Nc2cc(-c3cccc([N+](=O)[O-])c3)[nH]n2)c1-c1ccc2c(c1)OCCCO2,[BOS]Cc1sc(=O)n(CCCC(=O)Nc2cc(-c3cccc([N+](=O)[O-])c3)[nH]n2)c1-c1ccc2c(c1)OCCCO2[EOS],11194.2620844841,42
12.5,CC(CNC(=O)Nc1ccc(F)c(C(=O)c2ccccc2)c1)c1ccc(F)cc1F,[BOS]C[C@@H](CNC(=O)Nc1ccc(F)c(C(=O)c2ccccc2)c1)c1ccc(F)cc1F[EOS],16529.146317005157,42
12.0,CC(NC(=O)C(=O)Nc1cccc(OCc2cccc(F)c2)c1)c1ccc2c(c1)CCC(=O)N2C,[BOS]C[C@@H](NC(=O)C(=O)Nc1cccc(OCc2cccc(F)c2)c1)c1ccc2c(c1)CCC(=O)N2C[EOS],22329.96290063858,42
12.3,O=C(NCCC[NH+]1CCc2ccccc2C1)c1nn(-c2ccc(Cl)cc2Cl)c2c1CCCCC2,[BOS]O=C(NCCC[NH+]1CCc2ccccc2C1)c1nn(-c2ccc(Cl)cc2Cl)c2c1CCCCC2[EOS],28362.67138314247,42
11.9,O=C(CNC(=O)NC(c1cccc2ccccc12)C(F)(F)F)Nc1cccc2ccccc12,[BOS]O=C(CNC(=O)N[C@@H](c1cccc2ccccc12)C(F)(F)F)Nc1cccc2ccccc12[EOS],33835.43519568443,42
14.8,N#Cc1ccc2nc(-c3c4ccccc4c(-c4ccc5ccccc5c4)c4cnccc34)c(N3CCCCCC3)nc2n1,[BOS]N#Cc1ccc2nc(-c3c4ccccc4c(-c4ccc5ccccc5c4)c4cnccc34)c(N3CCCCCC3)nc2n1[EOS],38210.07595491409,42
12.0,Cc1cccn2cc(COc3ccc(C(=O)Nc4cc(C5CCCCC5)[nH]n4)o3)cc12,[BOS]Cc1cccn2cc(COc3ccc(C(=O)Nc4cc(C5CCCCC5)[nH]n4)o3)cc12[EOS],43985.413687467575,42
13.4,Cc1ccc(NC(=O)C2=Cc3ccccc3OC2)cc1NC(=O)c1cc2c(s1)c(C)c(C)n2-c1ncccn1,[BOS]Cc1ccc(NC(=O)C2=Cc3ccccc3OC2)cc1NC(=O)c1cc2c(s1)c(C)c(C)n2-c1ncccn1[EOS],48625.75269150734,42
12.6,O=C(Nc1cccc(-c2ccc3c(c2)CCO3)c1)C12C[NH2+]CC1CC(c1ccn3ccnc3c1F)C2,[BOS]O=C(Nc1cccc(-c2ccc3c(c2)CCO3)c1)[C@]12C[NH2+]C[C@H]1CC(c1ccn3ccnc3c1F)C2[EOS],53403.107597351074,42
12.1,Cn1c(=O)cc(N2CCCC(NC(=O)c3cc(-c4ccc(Cl)cc4)nc4ccccc34)C2)[nH]c1=O,[BOS]Cn1c(=O)cc(N2CCC[C@@H](NC(=O)c3cc(-c4ccc(Cl)cc4)nc4ccccc34)C2)[nH]c1=O[EOS],58507.71110153198,42
12.9,CC(NC(=O)NC1CCc2ccccc2NC1=O)C(=O)Nc1ccc2ccccc2c1,[BOS]C[C@@H](NC(=O)N[C@H]1CCc2ccccc2NC1=O)C(=O)Nc1ccc2ccccc2c1[EOS],62847.04827308655,42
13.4,Cc1cc2oc(-c3ccc(CN=Nc4ccc(-n5ccnc5C)nn4)c(F)c3)cc(=O)c2cc1-c1ccncc1F,[BOS]Cc1cc2oc(-c3ccc(CN=Nc4ccc(-n5ccnc5C)nn4)c(F)c3)cc(=O)c2cc1-c1ccncc1F[EOS],4832.548353672028,42
11.3,O=C(NCc1cc2ccccc2[nH]1)c1cccc(NS(=O)(=O)c2ccc3nncn3c2)c1,[BOS]O=C(NCc1cc2ccccc2[nH]1)c1cccc(NS(=O)(=O)c2ccc3nncn3c2)c1[EOS],10212.832095861435,42
11.4,CC1Oc2c(cccc2C(=O)NCc2ccc(NC(=O)c3ccc(F)cc3)cc2)NC1=O,[BOS]C[C@@H]1Oc2c(cccc2C(=O)NCc2ccc(NC(=O)c3ccc(F)cc3)cc2)NC1=O[EOS][EOS],15260.665774583817,42
12.7,Cc1cccc2[nH]c(C(=O)NCC3CCN(C(=O)c4n[nH]c5cccc(F)c45)C3c3cccnc3)cc12,[BOS]Cc1cccc2[nH]c(C(=O)NC[C@@H]3CCN(C(=O)c4n[nH]c5cccc(F)c45)[C@@H]3c3cccnc3)cc12[EOS],20965.417456150055,42
12.6,Cc1cc(-c2noc(C(C)NC(=O)Nc3ccc(CC(=O)N4CCCc5ccccc54)cc3)n2)ccc1F,[BOS]Cc1cc(-c2noc([C@@H](C)NC(=O)Nc3ccc(CC(=O)N4CCCc5ccccc54)cc3)n2)ccc1F[EOS],26957.97553563118,42
11.9,Cc1nccn1-c1ccc(C[NH2+]C(C)c2nnn(-c3ccc4ccccc4c3)c2C)cc1F,[BOS]Cc1nccn1-c1ccc(C[NH2+][C@H](C)c2nnn(-c3ccc4ccccc4c3)c2C)cc1F[EOS],32189.703931570053,42
13.2,Cc1cc(CNC(=O)Nc2cccc(-c3[nH+]cc4n3CCCC4)c2)c2[nH]c(C)c(C)c2c1,[BOS]Cc1cc(CNC(=O)Nc2cccc(-c3[nH+]cc4n3CCCC4)c2)c2[nH]c(C)c(C)c2c1[EOS],37033.125204086304,42
12.3,O=c1[nH]c(=O)c2c(=O)[nH]c(N=NC3CCC(c4ccc(C(F)(F)F)cc4)C3)nc2[nH]1,[BOS]O=c1[nH]c(N=NC2CC[C@@H](c3ccc(C(F)(F)F)cc3)C2)nc2[nH]c(=O)[nH]c(=O)c12[EOS],41339.02958035469,42
11.7,Cc1nn(-c2cccc(F)c2)cc1C(=O)OCC(=O)NCC1CCc2ccccc2N1,[BOS]Cc1nn(-c2cccc(F)c2)cc1C(=O)OCC(=O)NC[C@@H]1CCc2ccccc2N1[EOS],46755.42396044731,42
11.1,c1cnc2c(Cc3nnc(NCc4nnc5n4CCCCC5)o3)cccc2c1,[BOS]c1cnc2c(Cc3nnc(NCc4nnc5n4CCCCC5)o3)cccc2c1[EOS],50507.52258062363,42
12.0,O=C(NCc1ccnc(OCc2ccccc2)c1)NCC(c1ccccc1)c1ccccc1,[BOS]O=C(NCC(c1ccccc1)c1ccccc1)NCc1ccnc(OCc2ccccc2)c1[EOS],56086.60800743103,42
12.1,O=C(NCCc1cc2ccccc2o1)C(=O)Nc1nc2c(s1)CCCC2c1ccc(F)cc1F,[BOS]O=C(NCCc1cc2ccccc2o1)C(=O)Nc1nc2c(s1)CCC[C@H]2c1ccc(F)cc1F[EOS],61311.925144433975,42
11.5,Cc1ccnc(-c2cccc(-n3c([O-])c(Cc4c[nH]c5cc(F)ccc45)[nH]c3=O)c2)n1,[BOS]Cc1ccnc(-c2cccc(-n3c([O-])c(Cc4c[nH]c5cc(F)ccc45)[nH]c3=O)c2)n1[EOS],4782.612931251526,42
12.6,O=C(NCc1nc2ccccc2n1CC1CCC1)Nc1cccc(C(=O)Nc2ccc(Br)cn2)c1,[BOS]O=C(Nc1ccc(Br)cn1)c1cccc(NC(=O)NCc2nc3ccccc3n2CC2CCC2)c1[EOS],9773.956023216248,42
11.8,Fc1ccc2c(-c3noc(-c4cnnc(-c5ccccc5)c4)n3)cccc2c1,[BOS]Fc1ccc2c(-c3noc(-c4cnnc(-c5ccccc5)c4)n3)cccc2c1[EOS],13837.55560708046,42
11.7,CC(NNc1ccccc1)C(=O)Nc1ccc(C2(NC(=O)c3c[nH]c4cccc(Cl)c34)CCC2)cc1,[BOS]C[C@H](NNc1ccccc1)C(=O)Nc1ccc(C2(NC(=O)c3c[nH]c4cccc(Cl)c34)CCC2)cc1[EOS],20579.149558782578,42
11.4,NC(=O)c1cccc(CNC(=O)Nc2ccc(-c3cccc(C(F)(F)F)c3)cn2)c1,[BOS]NC(=O)c1cccc(CNC(=O)Nc2ccc(-c3cccc(C(F)(F)F)c3)cn2)c1[EOS],25512.828452825546,42
12.2,CC1(C)NC(=O)N(c2cccc(NC(=O)NC3CCN(Cc4ccc(C(F)(F)F)cc4)C3=O)c2)C1=O,[BOS]CC1(C)NC(=O)N(c2cccc(NC(=O)N[C@@H]3CCN(Cc4ccc(C(F)(F)F)cc4)C3=O)c2)C1=O[EOS][EOS][EOS][EOS][EOS],30490.145452976227,42
13.2,O=C(NN=Cc1c[nH]c2ccccc12)c1cc(N2C(=O)c3ccc(Br)cc3C2=O)ccc1F,[BOS]O=C(N/N=C/c1c[nH]c2ccccc12)c1cc(N2C(=O)c3ccc(Br)cc3C2=O)ccc1F[EOS],35749.52901363373,42
13.2,Cc1ccccc1-c1cc(NC(=O)C(=O)N2CCC(c3nc4cc(Cl)ccc4s3)CC2)n[nH]1,[BOS]Cc1ccccc1-c1cc(NC(=O)C(=O)N2CCC(c3nc4cc(Cl)ccc4s3)CC2)n[nH]1[EOS],40814.93834042549,42
12.6,O=C(Nc1ccc(NC(=O)C(O)c2cccc(C(F)(F)F)c2)cc1)Nc1cccc2c1CCCC2,[BOS]O=C(Nc1ccc(NC(=O)[C@@H](O)c2cccc(C(F)(F)F)c2)cc1)Nc1cccc2c1CCCC2[EOS],46108.58705306053,42
13.4,O=C(Cc1ccc(-c2noc(-c3occc3COc3ccccc3)n2)cc1)c1cccc2cc(F)ccc12,[BOS]O=C(Cc1ccc(-c2noc(-c3occc3COc3ccccc3)n2)cc1)c1cccc2cc(F)ccc12[EOS],52027.204345703125,42
11.8,Cc1cccn2cc(COc3ccc(-c4nc(-c5ccncc5N5CCCCC5)no4)cc3)[nH+]c12,[BOS]Cc1cccn2cc(COc3ccc(-c4nc(-c5ccncc5N5CCCCC5)no4)cc3)[nH+]c12[EOS][EOS][EOS][EOS][EOS][EOS][EOS][EOS],57566.304515600204,42
12.6,Clc1ccc(-c2nnc(-c3cnnc(-c4cccc(OC5CCCCC5)c4)c3)cc2-c2ccccc2)cc1,[BOS]Clc1ccc(-c2nnc(-c3cnnc(-c4cccc(OC5CCCCC5)c4)c3)cc2-c2ccccc2)cc1[EOS],62130.87160587311,42
10.9,CC1CN(C(=O)NCCNC(=O)Cc2cccc(F)c2)CC(c2cccc(C(F)(F)F)c2)O1,[BOS]C[C@@H]1CN(C(=O)NCCNC(=O)Cc2cccc(F)c2)C[C@@H](c2cccc(C(F)(F)F)c2)O1[EOS],5375.880593538284,42
12.6,CCn1c2ccccc2c2cc(N=C(O)C(=O)NNC=C3C(=O)N(C4CCCCC4)c4ccccc43)ccc21,[BOS]CCn1c2ccccc2c2cc(N=C(O)C(=O)NN/C=C3\C(=O)N(C4CCCCC4)c4ccccc43)ccc21[EOS][EOS][EOS][EOS],10521.009943962097,42
11.3,Cc1ccc(-n2nc(C)c(C(=O)OCC(=O)c3ccc4c(c3)CC(C)N4S(C)(=O)=O)n2)c(C)c1,[BOS]Cc1ccc(-n2nc(C)c(C(=O)OCC(=O)c3ccc4c(c3)C[C@@H](C)N4S(C)(=O)=O)n2)c(C)c1[EOS][EOS][EOS][EOS],16214.277466535568,42
11.0,O=C(NCC1CC(O)C[NH+]1Cc1ccccc1)NC1CCN(Cc2ccccc2)C1=O,[BOS]O=C(NC[C@H]1C[C@@H](O)C[NH+]1Cc1ccccc1)N[C@H]1CCN(Cc2ccccc2)C1=O[EOS][EOS][EOS][EOS][EOS][EOS][EOS][EOS],22149.94452357292,42
12.5,O=C1CN=C(O)CN1c1ccc(-c2nc(CCCOc3cccc4ccccc34)no2)cc1-c1ccc(Cl)cc1OC1CC1,[BOS]O=C1CN=C(O)CN1c1ccc(-c2nc(CCCOc3cccc4ccccc34)no2)cc1-c1ccc(Cl)cc1OC1CC1[EOS],28412.413031339645,42
12.3,CC1[NH+]=C(C(=O)NCCOc2ccc3c(=O)c(-c4cccc(Oc5ccccc5)c4)coc3c2)NN(c2ccccc2)C1=O,[BOS]C[C@@H]1[NH+]=C(C(=O)NCCOc2ccc3c(=O)c(-c4cccc(Oc5ccccc5)c4)coc3c2)NN(c2ccccc2)C1=O[EOS][EOS][EOS][EOS][EOS][EOS],34834.83804488182,42
12.2,CC(Oc1ccccc1F)C(=O)NNC(=O)CCCc1ccc2c(c1)-c1ccccc1C2,[BOS]C[C@H](Oc1ccccc1F)C(=O)NNC(=O)CCCc1ccc2c(c1)-c1ccccc1C2[EOS],40470.16255521774,42
12.2,CN1C(=O)C(C)(C)c2cc(-c3cc(OCc4ccccc4)ccc3F)cc3c2C1CCN3,[BOS]CN1C(=O)C(C)(C)c2cc(-c3cc(OCc4ccccc4)ccc3F)cc3c2C1CCN3[EOS],45088.691138505936,42
12.4,O=C(NCC1(CO)CC1c1ccccc1)Nc1ccc(Oc2ccccc2C(F)(F)F)c(F)c1,[BOS]O=C(NC[C@]1(CO)C[C@H]1c1ccccc1)Nc1ccc(Oc2ccccc2C(F)(F)F)c(F)c1[EOS],50582.10935616493,42
13.1,COc1cccc(-n2c(NC(=O)CCc3nc(-c4ccc(C)c(F)c4)no3)nc3ccccc32)c1,[BOS]COc1cccc(-n2c(NC(=O)CCc3nc(-c4ccc(C)c(F)c4)no3)nc3ccccc32)c1[EOS],56271.172176361084,42
13.5,O=C(CCn1nnnc1C1Cc2ccccc2C1)Nc1ccc2c(c1)N=C(O)C(NCc1ccc3cccnc3c1)CCO2,[BOS]O=C(CCn1nnnc1C1Cc2ccccc2C1)Nc1ccc2c(c1)N=C(O)C(NCc1ccc3cccnc3c1)CCO2[EOS],62329.93366789818,42
12.4,O=C1c2cccc3cccc(c23)C(=O)N1CCCCC(O)=Nc1ccc2c(c1)C(=O)N(c1ccc(Cl)cc1)C2=O,[BOS]O=C1c2cccc3cccc(c23)C(=O)N1CCCCC(O)=Nc1ccc2c(c1)C(=O)N(c1ccc(Cl)cc1)C2=O[EOS][EOS][EOS][EOS][EOS][EOS][EOS][EOS],67032.86361765862,42
12.7,O=C(Nc1cccc(-c2nc(-c3cccc(N4CCCC4)c3)no2)c1)NC1CCN(C(=O)C2CCC(c3nccs3)NC2)CC1,[BOS]O=C(Nc1cccc(-c2nc(-c3cccc(N4CCCC4)c3)no2)c1)NC1CCN(C(=O)C2CCC(c3nccs3)NC2)CC1[EOS][EOS],4913.982492208481,42
12.0,Cc1cccn2c(=O)cc(C[S+]([O-])Cc3cccc(C(=O)N4CCCc5ccccc54)c3)nc12,[BOS]O=C(c1cccc(C[S+]([O-])Cc2cc(=O)n3cccc(C)c3n2)c1)N1CCCc2ccccc21[EOS],10550.60428929329,42
12.3,Cc1cccc(-c2noc(-c3cccn(Cc4ccc(F)cc4F)c3=O)n2)c1-c1ccc(C)n(C)c1=O,[BOS]Cc1cccc(-c2noc(-c3cccn(Cc4ccc(F)cc4F)c3=O)n2)c1-c1ccc(C)n(C)c1=O[EOS],15304.651100158691,42
11.7,O=C(Nc1cccc2c1CC[NH2+]C2)C(=O)NC1CCN(c2ccc(Cl)c(Cl)c2)C1=O,[BOS]O=C(Nc1cccc2c1CC[NH2+]C2)C(=O)N[C@@H]1CCN(c2ccc(Cl)c(Cl)c2)C1=O[EOS],20231.56922006607,42
11.8,O=C1CCc2ccc(-c3noc(CCc4nc(-c5ccccc5)no4)n3)cc21,[BOS]O=C1CCc2ccc(-c3noc(CCc4nc(-c5ccccc5)no4)n3)cc21[EOS],25099.082444429398,42
12.4,O=C(NCC1CC(c2ccc3c(c2)CCO3)=NO1)N1CC2C(C(=O)N3CCOCC3)CCS(=O)(=O)C2C1,[BOS]O=C(NC[C@H]1CC(c2ccc3c(c2)CCO3)=NO1)N1C[C@H]2[C@@H](C1)S(=O)(=O)CC[C@H]2C(=O)N1CCOCC1[EOS][EOS][EOS],30546.36655497551,42
13.8,O=C(Cc1coc2ccc3ccccc3c12)Nc1ccc(CC(=O)N2CCCc3ccccc32)cc1,[BOS]O=C(Cc1coc2ccc3ccccc3c12)Nc1ccc(CC(=O)N2CCCc3ccccc32)cc1[EOS],35824.90638709068,42
12.1,O=C(CCc1nnc(C2CCCC2)o1)NCc1cc(-c2ccccc2)cc(F)c1-c1ccccc1,[BOS]O=C(CCc1nnc(C2CCCC2)o1)NCc1cc(-c2ccccc2)cc(F)c1-c1ccccc1[EOS],41441.535108566284,42
12.6,O=C(NCCNC(=O)c1ccccc1C(F)(F)F)Nc1cccc(C(=O)N2CCc3ccccc32)c1,[BOS]O=C(NCCNC(=O)c1ccccc1C(F)(F)F)Nc1cccc(C(=O)N2CCc3ccccc32)c1[EOS],47592.12225842476,42
11.3,CC1Cc2cc(CNC(=O)C(=O)Nc3cccc(COc4ccc5c(c4)OCO5)c3)ccc2O1,[BOS]C[C@H]1Cc2cc(CNC(=O)C(=O)Nc3cccc(COc4ccc5c(c4)OCO5)c3)ccc2O1[EOS][EOS][EOS][EOS][EOS][EOS][EOS],52797.4952788353,42
13.2,Cc1ccc(C(=O)Nc2n[nH]c(-c3ccccc3F)n2)cc1C#Cc1c[nH+]c(-c2cnn3ccc(-c4ccncc4)cc23)n1C,[BOS]Cc1ccc(C(=O)Nc2n[nH]c(-c3ccccc3F)n2)cc1C#Cc1c[nH+]c(-c2cnn3ccc(-c4ccncc4)cc23)n1C[EOS],57581.01117539406,42
12.8,CC1Oc2ccc(C(=O)N3CCCCC3c3cc(NC(=O)C(C)c4ccc(O)cc4)n[nH]3)cc2NC1=O,[BOS]C[C@@H]1Oc2ccc(C(=O)N3CCCC[C@H]3c3cc(NC(=O)[C@@H](C)c4ccc(O)cc4)n[nH]3)cc2NC1=O[EOS],62432.246041059494,42
11.2,O=C(Nc1cccc(-n2c([O-])c[nH]c2=O)c1)C1CCN(c2ccc(Cl)c(Cl)c2)C1=O,[BOS]O=C(Nc1cccc(-n2c([O-])c[nH]c2=O)c1)[C@H]1CCN(c2ccc(Cl)c(Cl)c2)C1=O[EOS],4808.7885847091675,42
12.3,O=C(C=Cc1cccc(CO)c1)Nc1cccc(C(=O)N2CCc3ccccc32)c1,[BOS]O=C(C=Cc1cccc(CO)c1)Nc1cccc(C(=O)N2CCc3ccccc32)c1[EOS],9895.055626630783,42
13.4,O=C(Nc1ccc(Oc2ccnc3ccc(F)cc23)c(Cl)c1)c1cc(-c2cccc(CO)c2)nc2ccccc12,[BOS]O=C(Nc1ccc(Oc2ccnc3ccc(F)cc23)c(Cl)c1)c1cc(-c2cccc(CO)c2)nc2ccccc12[EOS],15138.206512451172,42
11.0,FC(F)c1nc(NCc2cncc(OCc3ccccc3)c2)nc2ccccc12,[BOS]FC(F)c1nc(NCc2cncc(OCc3ccccc3)c2)nc2ccccc12[EOS],19976.23561167717,42
11.7,O=C([O-])c1cc(NC(=O)C2CCN(c3cccc(Cl)c3)C2=O)nc2ccccc12,[BOS]O=C([O-])c1cc(NC(=O)[C@@H]2CCN(c3cccc(Cl)c3)C2=O)nc2ccccc12[EOS],24486.807296037674,42
11.2,Cc1nn(-c2cccc(F)c2)cc1-c1nc(Cc2c[nH]c3cccc(C)c23)no1,[BOS]Cc1nn(-c2cccc(F)c2)cc1-c1nc(Cc2c[nH]c3cccc(C)c23)no1[EOS],29308.037227392197,42
12.6,O=C(Nc1n[nH]c(Cc2cccc(F)c2)n1)c1cccc(NC(=O)C2Cc3ccccc3C2)c1,[BOS]O=C(Nc1n[nH]c(Cc2cccc(F)c2)n1)c1cccc(NC(=O)C2Cc3ccccc3C2)c1[EOS],34272.07946610451,42
12.0,Cc1ccn2c(=O)c(-c3noc(-c4cc(C)c5c(c4)nc(C)n5Cc4cccc(F)c4)n3)cc(C)c2c1,[BOS]Cc1ccn2c(=O)c(-c3noc(-c4cc(C)c5c(c4)nc(C)n5Cc4cccc(F)c4)n3)cc(C)c2c1[EOS][EOS][EOS],38958.05456781387,42
11.6,Cc1noc(Cc2ccc(NC(=O)Nc3ccc4c(c3)C(=O)CCCC4)cc2)n1,[BOS]Cc1noc(Cc2ccc(NC(=O)Nc3ccc4c(c3)C(=O)CCCC4)cc2)n1[EOS],43244.837267160416,42
12.3,O=C(Nc1ccc(C2(NC(=O)C3Cc4ccccc4C3)CCC2)cc1)C1CCN(c2ccccc2)CC1,[BOS]O=C(Nc1ccc(C2(NC(=O)C3Cc4ccccc4C3)CCC2)cc1)C1CCN(c2ccccc2)CC1[EOS],48665.91270327568,42
12.7,O=C(NCC(O)c1ccc2ccccc2c1)c1ccc2[nH]c3c(c2c1)C[NH+](Cc1cc(F)ccc1F)C(=O)C3(F)F,[BOS]O=C(NC[C@@H](O)c1ccc2ccccc2c1)c1ccc2[nH]c3c(c2c1)C[NH+](Cc1cc(F)ccc1F)C(=O)C3(F)F[EOS],54797.42753767967,42
12.1,Cc1c(C(C)NC(=O)C(=O)Nc2nc3c(s2)CCC3(C)C)cnn1-c1ccc(F)cc1F,[BOS]Cc1c([C@@H](C)NC(=O)C(=O)Nc2nc3c(s2)CCC3(C)C)cnn1-c1ccc(F)cc1F[EOS][EOS][EOS][EOS][EOS][EOS],60401.676263809204,42
13.6,O=C(Cc1cc2c(ccc3ccccc32)o1)Nc1ccc(-c2nnc3n2CCCCCCC3)cc1,[BOS]O=C(Cc1cc2c(ccc3ccccc32)o1)Nc1ccc(-c2nnc3n2CCCCCCC3)cc1[EOS],5045.103475570679,42
11.4,Cc1c(F)cccc1NC(=O)NCc1nnc(COc2ccc3c(c2)CCC3)o1,[BOS]Cc1c(F)cccc1NC(=O)NCc1nnc(COc2ccc3c(c2)CCC3)o1[EOS],9833.896597385406,42
13.4,O=C(NCc1ccc(-c2ccc3c(c2)CCO3)cc1)C(=O)Nc1ccc2ccccc2n1,[BOS]O=C(NCc1ccc(-c2ccc3c(c2)CCO3)cc1)C(=O)Nc1ccc2ccccc2n1[EOS],15004.634165525436,42
12.3,Cc1cc2cc(NC(=O)Cc3cnc4c(c3)c(C)nn4-c3ccccc3)ccc2n(S(=O)(=O)c2ccccc2)c1=O,[BOS]Cc1cc2cc(NC(=O)Cc3cnc4c(c3)c(C)nn4-c3ccccc3)ccc2n(S(=O)(=O)c2ccccc2)c1=O[EOS][EOS][EOS][EOS][EOS][EOS][EOS],19538.93319773674,42
12.4,O=C(NCc1ccnc(N2CCCCCC2)c1)Nc1cccc(OCc2cn3ccccc3[nH+]2)c1,[BOS]O=C(NCc1ccnc(N2CCCCCC2)c1)Nc1cccc(OCc2cn3ccccc3[nH+]2)c1[EOS],24926.014357805252,42
11.0,O=C(OCc1ccc2n[nH]nc2c1)c1nc(-c2ccccc2)n(-c2ccc(F)cc2)n1,[BOS]O=C(OCc1ccc2n[nH]nc2c1)c1nc(-c2ccccc2)n(-c2ccc(F)cc2)n1[EOS],30249.798440933228,42
12.4,Cc1cc(=O)[nH]c(-c2ccc(COC(=O)c3nnn(-c4ccc(-c5ccccc5)cc4)c3C)cc2)n1,[BOS]Cc1cc(=O)[nH]c(-c2ccc(COC(=O)c3nnn(-c4ccc(-c5ccccc5)cc4)c3C)cc2)n1[EOS],35665.61772108078,42
12.7,Cc1c(NC(=O)COC2CCCc3ccccc32)nnn1Cc1nnc(Cc2ccccc2-c2ccccn2)n1C1CCCCC1,[BOS]Cc1c(NC(=O)CO[C@@H]2CCCc3ccccc32)nnn1Cc1nnc(Cc2ccccc2-c2ccccn2)n1C1CCCCC1[EOS],41425.545296669006,42
12.5,O=C(CNC(=O)NCc1cc(C(F)(F)F)c2ccccc2n1)Nc1ccc2ccccc2c1,[BOS]O=C(CNC(=O)NCc1cc(C(F)(F)F)c2ccccc2n1)Nc1ccc2ccccc2c1[EOS],47191.01871013641,42
11.9,O=C(COc1cccc2c1CCCC2)Nc1cccc(-c2nc3ccccc3o2)c1,[BOS]O=C(COc1cccc2c1CCCC2)Nc1cccc(-c2nc3ccccc3o2)c1[EOS],52620.79756188393,42
13.0,O=C(C=Cc1ccc(-c2nn[nH]c2-c2ccc3c(c2)OCCO3)c(F)c1)c1ccc2ccc(Br)nc2c1,[BOS]O=C(C=Cc1ccc(-c2nn[nH]c2-c2ccc3c(c2)OCCO3)c(F)c1)c1ccc2ccc(Br)nc2c1[EOS],58618.19632053375,42
13.5,O=C(CNC(=O)C(=O)Nc1ccc2c(c1)Cc1ccccc1-2)Nc1cccc2c1C(=O)c1ccccc1C2=O,[BOS]O=C(CNC(=O)C(=O)Nc1ccc2c(c1)Cc1ccccc1-2)Nc1cccc2c1C(=O)c1ccccc1C2=O[EOS],63489.99513888359,42
13.2,O=C(Nc1cccc(Nc2ccc(-c3cccc(C4OCCO4)c3)cc2)c1)c1cc(=O)[nH]c2cc(F)ccc12,[BOS]O=C(Nc1cccc(Nc2ccc(-c3cccc(C4OCCO4)c3)cc2)c1)c1cc(=O)[nH]c2cc(F)ccc12[EOS],5290.472603082657,42
12.0,O=C(CNc1ccc(CN2CCc3ccccc32)cc1)Nc1cccc(C(=O)NC2CCCCC2)c1,[BOS]O=C(CNc1ccc(CN2CCc3ccccc32)cc1)Nc1cccc(C(=O)NC2CCCCC2)c1[EOS],11314.18633723259,42
11.7,COc1cccc(Nc2ccc(NC(=O)CCc3[nH]c(=O)n(-c4ccccc4Cc4ccccc4)c3[O-])cc2)c1,[BOS]COc1cccc(Nc2ccc(NC(=O)CCc3[nH]c(=O)n(-c4ccccc4Cc4ccccc4)c3[O-])cc2)c1[EOS][EOS][EOS][EOS][EOS][EOS][EOS][EOS],16900.761815547943,42
10.7,CN1C(=O)C2(CC[NH+](Cc3c[nH]c4ccc(-c5ccccc5)cc34)C2)c2ccccc21,[BOS]CN1C(=O)[C@]2(CC[NH+](Cc3c[nH]c4ccc(-c5ccccc5)cc34)C2)c2ccccc21[EOS],21704.69411277771,42
13.1,Cc1ccccc1-c1cc(-n2c([O-])c(-c3ccc4c(c3)Cc3ccccc3-4)oc2=O)n(C)n1,[BOS]Cc1ccccc1-c1cc(-n2c([O-])c(-c3ccc4c(c3)Cc3ccccc3-4)oc2=O)n(C)n1[EOS],26130.272555828094,42
13.1,Cc1occc1C(=O)Nc1cc(NC(=O)NCC(c2ccccc2)[NH+]2CCC(C)c3ccccc3C2)ccc1F,[BOS]Cc1occc1C(=O)Nc1cc(NC(=O)NC[C@@H](c2ccccc2)[NH+]2CCC(C)c3ccccc3C2)ccc1F[EOS],31916.848782777786,42
13.1,O=C(Cc1ccc2ccccc2c1)Nc1ccc(C2(NC(=O)C3CCc4cccc(Cl)c43)CCC2)cc1,[BOS]O=C(Cc1ccc2ccccc2c1)Nc1ccc(C2(NC(=O)[C@H]3CCc4cccc(Cl)c43)CCC2)cc1[EOS],38040.2528192997,42
12.0,O=C(NCc1ccc2c(c1)CCC2)c1ccc2c(c1)CC(c1ccccc1)OC2=O,[BOS]O=C(NCc1ccc2c(c1)CCC2)c1ccc2c(c1)C[C@@H](c1ccccc1)OC2=O[EOS],42502.11676931381,42
11.9,O=C(NCc1ccc(C(=O)Nc2ccc(F)cc2)cc1)NCC1CCC2(CCCCC2)O1,[BOS]O=C(NCc1ccc(C(=O)Nc2ccc(F)cc2)cc1)NC[C@H]1CCC2(CCCCC2)O1[EOS],47429.02918791771,42
10.9,CC(=O)Nc1cccc(C(C)NC(=O)NCC2(c3ccc(F)cc3)CC[NH+](C)CC2)c1,[BOS]CC(=O)Nc1cccc([C@H](C)NC(=O)NCC2(c3ccc(F)cc3)CC[NH+](C)CC2)c1[EOS],53140.9267976284,42
11.3,Cc1sc(=O)n(CCc2nc(CC(=O)Nc3cccc(C(F)(F)F)c3)no2)c1-c1ccc(F)cc1,[BOS]Cc1sc(=O)n(CCc2nc(CC(=O)Nc3cccc(C(F)(F)F)c3)no2)c1-c1ccc(F)cc1[EOS],59861.15229129791,42
13.4,Cc1ccc(C2=NOC(CNC(=O)Nc3cccc(C(=O)N4CCc5ccccc54)c3)C2)c(C)c1,[BOS]Cc1ccc(C2=NO[C@@H](CNC(=O)Nc3cccc(C(=O)N4CCc5ccccc54)c3)C2)c(C)c1[EOS],65586.23300671577,42
12.9,CC(=O)n1ccc2cc(CC(C)NC(=O)Nc3cc(C(F)(F)F)cc4c3OCC(=O)N4)cc(C#N)c21,[BOS]CC(=O)n1ccc2cc(C[C@H](C)NC(=O)Nc3cc(C(F)(F)F)cc4c3OCC(=O)N4)cc(C#N)c21[EOS],5396.432195425034,42
12.6,O=C(Nc1cccc(CN2CCc3ccccc32)c1)c1ccc(C(=O)c2cccc(O)c2)cc1,[BOS]O=C(Nc1cccc(CN2CCc3ccccc32)c1)c1ccc(C(=O)c2cccc(O)c2)cc1[EOS],10653.156873226166,42
11.7,Cc1noc(-c2ccc(C(=O)NC3CCCC(c4ccccc4)CC3)c(Cl)c2)c1C,[BOS]Cc1noc(-c2ccc(C(=O)N[C@H]3CCC[C@H](c4ccccc4)CC3)c(Cl)c2)c1C[EOS],14921.625038385391,42
12.4,c1ccc(-n2cc(-c3nc(-c4ccc(-n5cnc6c7ccccc7sc65)nc4)no3)nn2)cc1,[BOS]c1ccc(-n2cc(-c3nc(-c4ccc(-n5cnc6c5sc5ccccc56)nc4)no3)nn2)cc1[EOS],19273.90432691574,42
11.9,O=C(NCc1ccc(Oc2ccc(F)cc2)cc1)NCc1ccc(-n2cnc3ccccc32)cc1F,[BOS]O=C(NCc1ccc(Oc2ccc(F)cc2)cc1)NCc1ccc(-n2cnc3ccccc32)cc1F[EOS],24821.468566179276,42
10.8,Brc1ccc2c(c1)CCC2CNc1nc(N2CCOCC2)nc(N2CCOCC2)n1,[BOS]Brc1ccc2c(c1)CC[C@@H]2CNc1nc(N2CCOCC2)nc(N2CCOCC2)n1[EOS],29526.34216761589,42
12.7,COc1cc(F)cc2cc(Cc3ccc(-c4ccc(-c5cc(F)c(F)cc5F)cc4)cc3)nc(C)c12,[BOS]COc1cc(F)cc2cc(Cc3ccc(-c4ccc(-c5cc(F)c(F)cc5F)cc4)cc3)nc(C)c12[EOS],34234.66947221756,42
11.2,O=C(NCCc1c[nH]c2cc(F)ccc12)N1CC(C(=O)N2CCCCC2)C2(CCOCC2(F)F)C1,[BOS]O=C([C@H]1CN(C(=O)NCCc2c[nH]c3cc(F)ccc23)CC12CCOCC2(F)F)N1CCCCC1[EOS][EOS][EOS][EOS][EOS][EOS],39433.22406053543,42
13.9,Fc1cc(-c2cccc(-c3nc4ccccc4s3)c2)ccc1-c1cccc2c1ccc1ccccc12,[BOS]Fc1cc(-c2cccc(-c3nc4ccccc4s3)c2)ccc1-c1cccc2c1ccc1ccccc12[EOS],44144.81722640991,42
13.3,O=C(NCC1CCCCC1c1ccccc1)Nc1cccc(NC(=O)c2ccccc2)c1,[BOS]O=C(NC[C@@H]1CCCC[C@@H]1c1ccccc1)Nc1cccc(NC(=O)c2ccccc2)c1[EOS],49524.480845451355,42
12.0,Cc1ccc(NC(O)=NN=Cc2cc(Br)c(OCc3cccc4ccccc34)c(Br)c2)cc1OCCc1ccccc1,[BOS]Cc1ccc(NC(O)=NN=Cc2cc(Br)c(OCc3cccc4ccccc34)c(Br)c2)cc1OCCc1ccccc1[EOS],55308.63447475433,42
11.5,Cc1ccc(Cn2cccc(NC(=O)NCCc3nc4cc(F)ccc4n3C)c2=O)cc1,[BOS]Cc1ccc(Cn2cccc(NC(=O)NCCc3nc4cc(F)ccc4n3C)c2=O)cc1[EOS],60884.791497945786,42
12.7,O=C(CNC(=O)C(=O)Nc1cccc(C(=O)c2ccccc2)c1)Nc1cccc2ccccc12,[BOS]O=C(CNC(=O)C(=O)Nc1cccc(C(=O)c2ccccc2)c1)Nc1cccc2ccccc12[EOS],5920.741659402847,42
12.0,CC(=O)n1ccc2ccc(Nc3ccc(C(=O)Nc4cccc(C)c4C)cc3)cc21,[BOS]CC(=O)n1ccc2ccc(Nc3ccc(C(=O)Nc4cccc(C)c4C)cc3)cc21[EOS],10407.987405538559,42
11.8,CC1CCc2cc(-c3nnc(-c4ccnc(F)c4)c4ccccc34)c(=O)[nH]c2C1,[BOS]C[C@@H]1CCc2cc(-c3nnc(-c4ccnc(F)c4)c4ccccc34)c(=O)[nH]c2C1[EOS][EOS][EOS][EOS][EOS],14436.544890642166,42
11.5,CC(Nc1ccc2c(c1)CCC(=O)N2C)c1ccc(OC(C)c2ccccc2)cc1,[BOS]C[C@@H](Nc1ccc2c(c1)CCC(=O)N2C)c1ccc(O[C@@H](C)c2ccccc2)cc1[EOS],19415.716368436813,42
11.5,O=C(c1ccc2cccc(C[NH+]3CCC(N4Cc5c(F)cccc5C4=O)C3)c2c1)N1CCCCC1,[BOS]O=C(c1ccc2cccc(C[NH+]3CC[C@@H](N4Cc5c(F)cccc5C4=O)C3)c2c1)N1CCCCC1[EOS],24977.739914417267,42
12.0,O=C(Oc1ccc2c(c1)OC(=Cc1ccc3c(c1)OCO3)C2=O)c1ccc2c(c1)COCC2,[BOS]O=C(Oc1ccc2c(c1)OC(=Cc1ccc3c(c1)OCO3)C2=O)c1ccc2c(c1)COCC2[EOS],30098.172397375107,42
11.8,CC(OC(=O)CCc1nc2sc3c(c2c(=O)[nH]1)CCC3)C(=O)NC1CCCc2ccccc21,[BOS]C[C@@H](OC(=O)CCc1nc2sc3c(c2c(=O)[nH]1)CCC3)C(=O)N[C@@H]1CCCc2ccccc21[EOS],36470.24077773094,42
11.6,CC1(C(=O)Nc2cc(C3CCCCN3C(=O)Cn3nnc4ccccc43)[nH]n2)CC=CCC1,[BOS]C[C@@]1(C(=O)Nc2cc([C@H]3CCCCN3C(=O)Cn3nnc4ccccc43)[nH]n2)CC=CCC1[EOS],41656.052369594574,42
12.8,Cn1cc2cc(C(=O)N3CCCCC3c3cc(NC(=O)C4Cc5ccccc5N4)n[nH]3)ccc2n1,[BOS]Cn1cc2cc(C(=O)N3CCCC[C@H]3c3cc(NC(=O)[C@@H]4Cc5ccccc5N4)n[nH]3)ccc2n1[EOS],47225.8337931633,42
12.0,O=C(Nc1cccc(COc2ccc3c(c2)OCO3)c1)c1cnc2c(F)ccc(F)c2c1,[BOS]O=C(Nc1cccc(COc2ccc3c(c2)OCO3)c1)c1cnc2c(F)ccc(F)c2c1[EOS],52633.43898677826,42
12.9,O=C(Nc1c(F)cc(F)c(F)c1F)c1ccc(C(=O)NS(=O)(=O)c2ccc3ccccc3c2)c2c1CCCC2,[BOS]O=C(NS(=O)(=O)c1ccc2ccccc2c1)c1ccc(C(=O)Nc2c(F)cc(F)c(F)c2F)c2c1CCCC2[EOS],58308.1763484478,42
12.1,O=C(Nc1ccc(CNC(=O)N2CCCc3ccccc3CC2)cc1)c1ccc(F)cc1,[BOS]O=C(Nc1ccc(CNC(=O)N2CCCc3ccccc3CC2)cc1)c1ccc(F)cc1[EOS],62865.11651420593,42
11.9,O=C(Cc1c[nH+]c2ccccn12)Nc1ccc(C2(NC(=O)C3C4CCCC3c3ccccc3N4)CCC2)cc1,[BOS]O=C(Cc1c[nH+]c2ccccn12)Nc1ccc(C2(NC(=O)[C@H]3[C@@H]4CCC[C@H]3c3ccccc3N4)CCC2)cc1[EOS][EOS][EOS][EOS][EOS][EOS][EOS][EOS],5869.930779457092,42
12.5,Cc1c(-c2nnc(-c3ccc(Cn4c(=O)[nH]c5ccccc54)cc3)o2)c(=O)oc2ccc(Cl)cc12,[BOS]Cc1c(-c2nnc(-c3ccc(Cn4c(=O)[nH]c5ccccc54)cc3)o2)c(=O)oc2ccc(Cl)cc12[EOS][EOS][EOS][EOS][EOS][EOS][EOS][EOS],10462.045758724213,42
12.2,Cc1ccc(C(=O)Nc2cccc(CNC(=O)NC3COc4c(F)cc(F)cc4C3)c2)cc1,[BOS]Cc1ccc(C(=O)Nc2cccc(CNC(=O)N[C@@H]3COc4c(F)cc(F)cc4C3)c2)cc1[EOS],15821.743348836899,42
12.4,O=C(Nc1ccccc1F)Nc1cccc2c1CC[NH+](Cc1cccc(C(=O)N3CCCC3)c1)C2,[BOS]O=C(Nc1ccccc1F)Nc1cccc2c1CC[NH+](Cc1cccc(C(=O)N3CCCC3)c1)C2[EOS],21275.352078676224,42
12.7,Cc1ccc(COc2ccc(CC(C)NC(=O)Nc3ccc4c(c3)CCC(=O)N4C)cc2Br)cc1,[BOS]Cc1ccc(COc2ccc(C[C@H](C)NC(=O)Nc3ccc4c(c3)CCC(=O)N4C)cc2Br)cc1[EOS],27173.518313646317,42
12.0,O=C(CCC(=O)c1ccc2c(c1)CCCC2)Nc1ncc(-c2cccc(F)c2)s1,[BOS]O=C(CCC(=O)c1ccc2c(c1)CCCC2)Nc1ncc(-c2cccc(F)c2)s1[EOS],32720.707265853882,42
13.1,N=c1[nH]c(C(=O)c2ccc(-c3csc(Nc4ccc(F)c(Cl)c4)n3)cc2F)cc2c(=O)c3ccccc3[nH]c12,[BOS]O=C(c1cc2c(=O)c3ccccc3[nH]c2c(=N)[nH]1)c1ccc(-c2csc(Nc3ccc(F)c(Cl)c3)n2)cc1F[EOS],37538.57087278366,42
11.9,CC(=O)Nc1cccc(-c2cc(C(=O)NCCc3cnc4ccccc4c3)[nH]n2)c1,[BOS]CC(=O)Nc1cccc(-c2cc(C(=O)NCCc3cnc4ccccc4c3)[nH]n2)c1[EOS],42665.63790202141,42
12.0,Cc1cccc2[nH]cc(Cc3noc(CNC(=O)CC45CC6CC(CC(C6)C4)C5)n3)c12,[BOS]Cc1cccc2[nH]cc(Cc3noc(CNC(=O)CC45CC6CC(CC(C6)C4)C5)n3)c12[EOS],48373.44663500786,42
12.7,Cc1cc(CCc2nc(-c3ccc(C(=O)c4ccccc4)cc3)no2)cc(C(F)(F)F)c1OC1CC(=O)N(C(=O)[O-])C1,[BOS]Cc1cc(CCc2nc(-c3ccc(C(=O)c4ccccc4)cc3)no2)cc(C(F)(F)F)c1O[C@@H]1CC(=O)N(C(=O)[O-])C1[EOS],53597.92215538025,42
11.1,CC1CC2CCCCC2N1C(=O)NCc1ccc(OCc2cccc(F)c2)cc1,[BOS]C[C@@H]1C[C@H]2CCCC[C@H]2N1C(=O)NCc1ccc(OCc2cccc(F)c2)cc1[EOS],58062.626322984695,42
12.9,O=C(Nc1cccc(C2=CCCOC2)c1)c1cccc(NC(=O)c2ccc3ccccc3c2)c1,[BOS]O=C(Nc1cccc(C(=O)Nc2cccc(C3=CCCOC3)c2)c1)c1ccc2ccccc2c1[EOS],62663.6133620739,42
12.6,Cc1ccc2[nH]cc(CC(=O)Nc3ccc(C4(NC(=O)c5c[nH+]c6c(Cl)cccn56)CCC4)cc3)c2c1,[BOS]Cc1ccc2[nH]cc(CC(=O)Nc3ccc(C4(NC(=O)c5c[nH+]c6c(Cl)cccn56)CCC4)cc3)c2c1[EOS][EOS][EOS][EOS][EOS][EOS][EOS][EOS],7267.601394176483,42
11.8,CNC(=O)c1cc2cc(NC(=O)c3nn(-c4cc(OC)ccn4)c4c3CCc3ccoc3-4)ccc2[nH]1,[BOS]CNC(=O)c1cc2cc(NC(=O)c3nn(-c4cc(OC)ccn4)c4c3CCc3ccoc3-4)ccc2[nH]1[EOS],12571.981778144836,42
11.5,Cc1ccc(SCC(=O)N2CCCCC2c2cc(NC(=O)Cc3ccc(F)cc3F)n[nH]2)cc1,[BOS]Cc1ccc(SCC(=O)N2CCCC[C@@H]2c2cc(NC(=O)Cc3ccc(F)cc3F)n[nH]2)cc1[EOS],19066.41892004013,42
10.7,O=C(CCOc1ccccc1)NCC1OCC2CCN(C(=O)C3(c4ccc(F)c(F)c4)CC3)CC21,[BOS]O=C(CCOc1ccccc1)NC[C@@H]1OC[C@@H]2CCN(C(=O)C3(c4ccc(F)c(F)c4)CC3)C[C@@H]21[EOS][EOS][EOS][EOS],25774.841813087463,42
10.5,O=C(CNC(=O)C(=O)NCc1ccc(N2CCCCCC2)nc1)OCc1ccccc1,[BOS]O=C(NCC(=O)OCc1ccccc1)C(=O)NCc1ccc(N2CCCCCC2)nc1[EOS][EOS][EOS][EOS][EOS][EOS][EOS],31011.799655914307,42
12.8,O=C(NCc1cccc(NC(=O)c2ccc(F)cc2)c1)NCc1ccccc1-c1ccc(Cl)cc1Cl,[BOS]O=C(NCc1cccc(NC(=O)c2ccc(F)cc2)c1)NCc1ccccc1-c1ccc(Cl)cc1Cl[EOS],37373.51908659935,42
11.6,O=C1CCC(c2cccc(NC(=O)C(=O)N3CC4(CCC4)C3C3CCOCC3)c2)=NN1,[BOS]O=C1CCC(c2cccc(NC(=O)C(=O)N3CC4(CCC4)[C@H]3C3CCOCC3)c2)=NN1[EOS][EOS][EOS][EOS][EOS][EOS][EOS][EOS],42808.75374007225,42
12.4,Clc1cc(OC2CCC(C3CCC(C4CCCC4)CC3)CC2)cc(Cl)c1-c1ccc2ccccc2c1,[BOS]Clc1cc(OC2CCC(C3CCC(C4CCCC4)CC3)CC2)cc(Cl)c1-c1ccc2ccccc2c1[EOS],48301.8000459671,42
12.8,O=C(NCC(=O)N1CCN(C(=O)C(=O)N2CCCC2)CC12CC2(F)F)NCc1cccc(-c2ccccc2)c1,[BOS]O=C(NCc1cccc(-c2ccccc2)c1)NCC(=O)N1CCN(C(=O)C(=O)N2CCCC2)CC12CC2(F)F[EOS],54147.13038992882,42
12.4,Nc1ccc(-c2ccccc2)cc1NC(=O)c1cc(-c2c[nH]c3ccc(Br)cc23)nc2c(F)cc(F)cc12,[BOS]Nc1ccc(-c2ccccc2)cc1NC(=O)c1cc(-c2c[nH]c3ccc(Br)cc23)nc2c(F)cc(F)cc12[EOS],59439.16814208031,42
12.1,Cc1cc(F)ccc1-c1cccc(CNc2cccc(-c3cn4c([nH+]3)CCCC4)c2)c1,[BOS]Cc1cc(F)ccc1-c1cccc(CNc2cccc(-c3cn4c([nH+]3)CCCC4)c2)c1[EOS],64693.229808568954,42
12.7,CN(C(=O)c1cccc(NC(=O)C(=O)NC2CCCc3ccccc3C2)c1)c1ccccc1,[BOS]CN(C(=O)c1cccc(NC(=O)C(=O)N[C@H]2CCCc3ccccc3C2)c1)c1ccccc1[EOS],70261.66543412209,42
12.7,Cc1cc(=O)[nH]c2cc(-c3nc(-c4ccc(N5CCCCC5)nn4)no3)ccc12,[BOS]Cc1cc(=O)[nH]c2cc(-c3nc(-c4ccc(N5CCCCC5)nn4)no3)ccc12[EOS],4685.70902466774,42
12.2,Cc1ccc2c(c1)C(=O)N(Cc1nc(CCCOc3cccc4ccccc34)no1)C2=O,[BOS]Cc1ccc2c(c1)C(=O)N(Cc1nc(CCCOc3cccc4ccccc34)no1)C2=O[EOS],9293.03798699379,42
12.0,O=C(Cc1ccc2ccccc2c1)NCC1OCC2CCN(C(=O)C3CC3c3ccc(F)cc3)CC21,[BOS]O=C(Cc1ccc2ccccc2c1)NC[C@@H]1OC[C@@H]2CCN(C(=O)[C@@H]3C[C@H]3c3ccc(F)cc3)C[C@@H]21[EOS],15331.702085018158,42
14.0,O=C(Cc1ccc(-c2nnc(-c3cccc4ccccc34)o2)cc1)c1cccc(-c2cccc3c2oc2ccccc23)n1,[BOS]O=C(Cc1ccc(-c2nnc(-c3cccc4ccccc34)o2)cc1)c1cccc(-c2cccc3c2oc2ccccc23)n1[EOS],20998.907052993774,42
13.4,CC(NC(=O)Nc1cccc(C(=O)Nc2ccc(Cl)cn2)c1)c1ccc(Cl)c2ccccc12,[BOS]C[C@@H](NC(=O)Nc1cccc(C(=O)Nc2ccc(Cl)cn2)c1)c1ccc(Cl)c2ccccc12[EOS],26361.036789417267,42
12.4,Cc1cc(F)cc(-n2nc(C(=O)Nc3cc(-c4cc(C)ccc4F)[nH]n3)c3c2CCC3)c1,[BOS]Cc1ccc(F)c(-c2cc(NC(=O)c3nn(-c4cc(C)cc(F)c4)c4c3CCC4)n[nH]2)c1[EOS],30547.92508125305,42
12.5,CC(NC(=O)NCc1ccc(-c2ccc3c(c2)CCO3)cc1)c1ccc(N2CCCNC2=O)cc1,[BOS]C[C@@H](NC(=O)NCc1ccc(-c2ccc3c(c2)CCO3)cc1)c1ccc(N2CCCNC2=O)cc1[EOS],35858.283987760544,42
12.7,O=C(c1c2c(nc3ccccc13)C(=Cc1ccc3ccccc3n1)CC2)C1CCC(F)(F)CC1,[BOS]O=C(c1c2c(nc3ccccc13)C(=Cc1ccc3ccccc3n1)CC2)C1CCC(F)(F)CC1[EOS],40876.369722127914,42
12.6,Cn1nc(-c2cc(F)cc(F)c2)cc1NC(=O)NCc1cc(=O)oc2cc3c(cc12)OCO3,[BOS]Cn1nc(-c2cc(F)cc(F)c2)cc1NC(=O)NCc1cc(=O)oc2cc3c(cc12)OCO3[EOS],46213.62815761566,42
13.0,CC(NC(=O)C(=O)Nc1cccc(C(=O)N2CCc3ccccc32)c1)C1CC2CCC1C2,[BOS]C[C@H](NC(=O)C(=O)Nc1cccc(C(=O)N2CCc3ccccc32)c1)[C@@H]1C[C@H]2CC[C@H]1C2[EOS],51959.119027137756,42
13.6,O=C(CC1OC(=O)c2ccccc21)Nc1ccc(C(=O)NCC[NH+]2CCN(c3cccc4ccc5ccccc5c34)CC2)cn1,[BOS]O=C(C[C@H]1OC(=O)c2ccccc21)Nc1ccc(C(=O)NCC[NH+]2CCN(c3cccc4ccc5ccccc5c34)CC2)cn1[EOS],58800.350347042084,42
11.4,O=S(=O)(c1ccc(Cc2nc(Cc3ccc(-c4ccccc4)cc3)no2)s1)N1CCCCC1,[BOS]O=S(=O)(c1ccc(Cc2nc(Cc3ccc(-c4ccccc4)cc3)no2)s1)N1CCCCC1[EOS],63514.668227910995,42
12.0,O=C1Nc2ccccc2C1Cc1nc(-c2ccc(CNc3ccc4[nH]c(=O)[nH]c4c3)cc2)no1,[BOS]O=C1Nc2ccccc2[C@H]1Cc1nc(-c2ccc(CNc3ccc4[nH]c(=O)[nH]c4c3)cc2)no1[EOS],5600.134305715561,42
12.5,CC(Nc1ccc2c(=O)n3c(nc2c1)CCC3)c1ccc(-c2cc(F)cc(F)c2)cc1,[BOS]C[C@H](Nc1ccc2c(=O)n3c(nc2c1)CCC3)c1ccc(-c2cc(F)cc(F)c2)cc1[EOS],10640.212414741516,42
11.9,O=C(NCC1(O)Cc2ccccc2C1)C(=O)Nc1cc(C(F)(F)F)cc(C(F)(F)F)c1,[BOS]O=C(NC[C@]1(O)Cc2ccccc2C1)C(=O)Nc1cc(C(F)(F)F)cc(C(F)(F)F)c1[EOS],15877.61554813385,42
11.6,O=C(c1c(F)cc(NC2Cc3cccc(F)c3C2)cc1F)N1CCc2ccccc21,[BOS]O=C(c1c(F)cc(N[C@@H]2Cc3cccc(F)c3C2)cc1F)N1CCc2ccccc21[EOS],20536.818754196167,42
12.4,O=C(NCC(O)c1ccc2ccccc2c1)c1cccc(NC(=O)N2CCc3ccccc3C2)c1,[BOS]O=C(NC[C@@H](O)c1ccc2ccccc2c1)c1cccc(NC(=O)N2CCc3ccccc3C2)c1[EOS],26370.248599767685,42
12.7,O=C(NC1CCCc2ccccc2C1)c1cccc(NC(=O)C2Cc3ccccc3O2)c1,[BOS]O=C(N[C@H]1CCCc2ccccc2C1)c1cccc(NC(=O)[C@@H]2Cc3ccccc3O2)c1[EOS],30496.191991329193,42
14.1,O=C(Nc1cccc(F)c1F)c1ccc(-c2ccc(N3C(=O)CCCC3=O)cc2)c(-c2c3ccccc3cc3ccccc23)c1,[BOS]O=C1CCCC(=O)N1c1ccc(-c2ccc(C(=O)Nc3cccc(F)c3F)cc2-c2c3ccccc3cc3ccccc23)cc1[EOS],35511.34318995476,42
11.5,NC(=O)c1ccccc1C(=O)Nc1ccc(OC(c2ccccc2)c2ccccc2)cc1F,[BOS]NC(=O)c1ccccc1C(=O)Nc1ccc(OC(c2ccccc2)c2ccccc2)cc1F[EOS],41000.125712156296,42
12.1,Cn1c(NC(=O)C2CC(=O)N(Cc3cccc(C(F)(F)F)c3)C2)nc2c(F)cc(F)cc21,[BOS]Cn1c(NC(=O)[C@@H]2CC(=O)N(Cc3cccc(C(F)(F)F)c3)C2)nc2c(F)cc(F)cc21[EOS],45865.464485645294,42
12.3,O=C(Nc1ccn2cc(-c3ccccc3)[nH+]c2c1)C1OC2(CC[NH2+]CC2)c2ccccc21,[BOS]O=C(Nc1ccn2cc(-c3ccccc3)[nH+]c2c1)[C@H]1OC2(CC[NH2+]CC2)c2ccccc21[EOS],50422.57312083244,42
11.5,O=C(CCCn1nnc(-c2ccccc2)n1)N1CCC(c2ccc(C(F)(F)F)cc2)C1,[BOS]O=C(CCCn1nnc(-c2ccccc2)n1)N1CC[C@H](c2ccc(C(F)(F)F)cc2)C1[EOS],56216.50415253639,42
12.1,CC(NC(=O)NCCc1cccc(OCc2ccccc2)c1)c1ccc2c(c1)CCC(=O)N2C,[BOS]C[C@H](NC(=O)NCCc1cccc(OCc2ccccc2)c1)c1ccc2c(c1)CCC(=O)N2C[EOS],61970.42896127701,42
11.1,O=C(c1cccc2c1CCCC2)N1CCC2OCCCC2(CNC(=O)C23CCC(CC2)CC3)C1,[BOS]O=C(c1cccc2c1CCCC2)N1CC[C@H]2OCCC[C@@]2(CNC(=O)C23CCC(CC2)CC3)C1[EOS],5265.393969297409,42
12.8,O=C(NCCN1C(=O)c2ccccc2C1=O)Nc1cccc(C(=O)Nc2ccc(-c3ccccc3)cn2)c1,[BOS]O=C(NCCN1C(=O)c2ccccc2C1=O)Nc1cccc(C(=O)Nc2ccc(-c3ccccc3)cn2)c1[EOS],10734.155633687973,42
11.9,CC(CC(=O)OCC(=O)Nc1nc2cc(Cl)ccc2s1)c1ccc2ccccc2c1,[BOS]C[C@H](CC(=O)OCC(=O)Nc1nc2cc(Cl)ccc2s1)c1ccc2ccccc2c1[EOS],16388.574378490448,42
12.2,Cc1c(CNC(=O)NCC(=O)Nc2ccc3ccccc3c2)oc2ccc(F)cc12,[BOS]Cc1c(CNC(=O)NCC(=O)Nc2ccc3ccccc3c2)oc2ccc(F)cc12[EOS],21870.94543814659,42
11.7,O=C(c1nn(-c2ccc(F)c(F)c2)c2c1CCC2)N1CCC2(CCC2)S(=O)(=O)CC1,[BOS]O=C(c1nn(-c2ccc(F)c(F)c2)c2c1CCC2)N1CCC2(CCC2)S(=O)(=O)CC1[EOS],26651.29005241394,42
12.0,Cc1cccc(-c2noc(-c3cc[nH+]c(N=C(O)Nc4ccc(C)c(C(F)(F)F)c4)c3)n2)c1,[BOS]Cc1ccc(NC(O)=Nc2cc(-c3nc(-c4cccc(C)c4)no3)cc[nH+]2)cc1C(F)(F)F[EOS],31643.63857769966,42
12.2,Fc1ccc(C(Cc2ccc(OCc3ccccc3)c(F)c2)[NH2+]CCNc2ccc(-c3ccccc3)nn2)cc1,[BOS]Fc1cc(C[C@@H]([NH2+]CCNc2ccc(-c3ccccc3)nn2)c2ccc(F)cc2)ccc1OCc1ccccc1[EOS],37696.21927857399,42
11.5,Clc1ccc2c(c1)CC(c1nc(C3CCc4ccccc43)c(-c3ccc(-n4c5ccccc5c5ccccc54)s3)[nH]1)CC2,[BOS]Clc1ccc2c(c1)C[C@@H](c1nc([C@H]3CCc4ccccc43)c(-c3ccc(-n4c5ccccc5c5ccccc54)s3)[nH]1)CC2[EOS][EOS][EOS][EOS][EOS][EOS],42136.94275689125,42
12.3,O=c1ccc(Nc2cccc(-c3ccc(=O)n(Cc4ccc(F)cc4F)n3)c2)cn1Cc1ccccc1,[BOS]O=c1ccc(-c2cccc(Nc3ccc(=O)n(Cc4ccccc4)c3)c2)nn1Cc1ccc(F)cc1F[EOS],47093.20684170723,42
12.5,N#Cc1ccc(Oc2ccc(NC(=O)NCC(=O)Nc3cccc4ccccc34)cc2)cc1C(F)(F)F,[BOS]N#Cc1ccc(Oc2ccc(NC(=O)NCC(=O)Nc3cccc4ccccc34)cc2)cc1C(F)(F)F[EOS],52380.529223680496,42
11.7,Cc1cc2c(cc1C)OC(C(=O)Nc1cccc(-c3ccc(C(F)(F)F)cc3)c1)C2,[BOS]Cc1cc2c(cc1C)O[C@@H](C(=O)Nc1cccc(-c3ccc(C(F)(F)F)cc3)c1)C2[EOS],56733.884764909744,42
12.2,O=C(Nc1ccc(F)c(NC(=O)C2CCCCC2)c1)C(=O)NC1C2Cc3ccccc3C21,[BOS]O=C(Nc1ccc(F)c(NC(=O)C2CCCCC2)c1)C(=O)N[C@@H]1[C@H]2Cc3ccccc3[C@H]21[EOS],61727.555000305176,42
13.3,Cc1cccc(-c2noc(-c3ccc(C(=O)c4cnc5ccccc5n4)cc3)n2)c1OC(C)c1ccc2c(c1)OCO2,[BOS]Cc1cccc(-c2noc(-c3ccc(C(=O)c4cnc5ccccc5n4)cc3)n2)c1OC(C)c1ccc2c(c1)OCO2[EOS],5026.86222743988,42
13.7,Cc1cc(C(O)=NN=Cc2cn(Cc3ccc4c(c3)OCO4)c3ccccc23)c(C)n1-c1ccc2c(c1)CCCC2,[BOS]Cc1cc(C(O)=NN=Cc2cn(Cc3ccc4c(c3)OCO4)c3ccccc23)c(C)n1-c1ccc2c(c1)CCCC2[EOS],10965.732631206512,42
12.3,Cc1cc(-c2nc(COc3ccc4ccccc4c3)no2)nc2c1C(=O)CC(C)(C)C2,[BOS]Cc1cc(-c2nc(COc3ccc4ccccc4c3)no2)nc2c1C(=O)CC(C)(C)C2[EOS],15707.874484062195,42
13.2,Cc1ccc(COc2ccc(NC(=O)Cn3cnc4cccnc43)cc2)cc1-c1nn(C)c(=O)c2ccccc12,[BOS]Cc1ccc(COc2ccc(NC(=O)Cn3cnc4cccnc43)cc2)cc1-c1nn(C)c(=O)c2ccccc12[EOS],21419.03130030632,42
12.3,Cn1cc(-c2cccc(NC(=O)Nc3c(F)c(F)c(Cc4ccc(Cl)c5cc[nH]c45)c(F)c3F)c2)cn1,[BOS]Cn1cc(-c2cccc(NC(=O)Nc3c(F)c(F)c(Cc4ccc(Cl)c5cc[nH]c45)c(F)c3F)c2)cn1[EOS][EOS][EOS][EOS][EOS][EOS],26089.219023942947,42
11.9,CC(=O)c1cccc(Oc2ccc(C(=O)Nc3cccc(-c4[nH+]cc5n4CCCC5)c3)cc2)c1,[BOS]CC(=O)c1cccc(Oc2ccc(C(=O)Nc3cccc(-c4[nH+]cc5n4CCCC5)c3)cc2)c1[EOS],31306.76888346672,42
11.5,CC(NC(=O)NCc1ccccc1OCc1ccccc1)c1ccc2c(c1)CCC(=O)N2C,[BOS]C[C@@H](NC(=O)NCc1ccccc1OCc1ccccc1)c1ccc2c(c1)CCC(=O)N2C[EOS],36854.72923541069,42
13.2,CC(CNC(=O)Nc1ccc(CC(=O)N2CCCc3ccccc32)cc1)c1ccc(F)cc1F,[BOS]C[C@H](CNC(=O)Nc1ccc(CC(=O)N2CCCc3ccccc32)cc1)c1ccc(F)cc1F[EOS],42988.57303857803,42
11.8,CC(=O)Nc1ccc(OC(=O)c2cccc(N3C(=O)NC4CCCCC43)c2)c(F)c1F,[BOS]CC(=O)Nc1ccc(OC(=O)c2cccc(N3C(=O)N[C@H]4CCCC[C@@H]43)c2)c(F)c1F[EOS],48707.27070856094,42
11.7,CC(C)CNC(=O)c1cccc(-c2nc(-c3ccc(-n4ncc5ccccc54)nc3)no2)c1,[BOS]CC(C)CNC(=O)c1cccc(-c2nc(-c3ccc(-n4ncc5ccccc54)nc3)no2)c1[EOS],53867.92033481598,42
12.0,CC1(c2ccc(CNC(=O)Nc3ncc(Cc4cccc(C(F)(F)F)c4)s3)cc2)NC(=O)NC1=O,[BOS]C[C@@]1(c2ccc(CNC(=O)Nc3ncc(Cc4cccc(C(F)(F)F)c4)s3)cc2)NC(=O)NC1=O[EOS],59099.92407178879,42
10.9,Cc1cc(Cl)ccc1-c1nnc(C2CCn3c(C(=O)c4ccccc4)ccc32)o1,[BOS]Cc1cc(Cl)ccc1-c1nnc([C@H]2CCn3c(C(=O)c4ccccc4)ccc32)o1[EOS],63270.239123106,42
12.5,Cc1cccc2c1OCC(NC(=O)Nc1ccc(-c3nnc4n3CCCC4)cc1)C2,[BOS]Cc1cccc2c1OC[C@H](NC(=O)Nc1ccc(-c3nnc4n3CCCC4)cc1)C2[EOS],4312.657887220383,42
11.7,Cc1cc(N2CCCCCC2)ccc1NC(=O)NCC1Cc2ccccc2N(C)C1=O,[BOS]Cc1cc(N2CCCCCC2)ccc1NC(=O)NC[C@@H]1Cc2ccccc2N(C)C1=O[EOS],9168.783131837845,42
12.3,O=C(C=Cc1cccc(OC2CCCC2)c1)NCCCC(=O)N1Cc2ccccc2C#Cc2ccccc21,[BOS]O=C(CCCNC(=O)C=Cc1cccc(OC2CCCC2)c1)N1Cc2ccccc2C#Cc2ccccc21[EOS],15123.144982337952,42
11.7,CC1Oc2c(cccc2-c2nc(CCc3nc(-c4ccccc4)no3)no2)NC1=O,[BOS]C[C@H]1Oc2c(cccc2-c2nc(CCc3nc(-c4ccccc4)no3)no2)NC1=O[EOS],20114.07231903076,42
13.0,CC(=O)Nc1cc(C(=O)Nc2cccc(C(=O)N3CCc4ccccc43)c2)cc(C(F)(F)F)c1,[BOS]CC(=O)Nc1cc(C(=O)Nc2cccc(C(=O)N3CCc4ccccc43)c2)cc(C(F)(F)F)c1[EOS],25072.94773888588,42
12.1,O=C(Cn1ccc2c(F)cccc21)Nc1ccc(C2(NC(=O)C3CCc4ccccc43)CCC2)cc1,[BOS]O=C(Cn1ccc2c(F)cccc21)Nc1ccc(C2(NC(=O)[C@@H]3CCc4ccccc43)CCC2)cc1[EOS],31040.42991089821,42
13.5,O=C(CCc1ccc2ccccc2c1)NNC(=O)c1nn(-c2ccc(Cl)cc2)c2c1CCCCC2,[BOS]O=C(CCc1ccc2ccccc2c1)NNC(=O)c1nn(-c2ccc(Cl)cc2)c2c1CCCCC2[EOS][EOS][EOS][EOS][EOS][EOS][EOS],36674.998665332794,42
13.4,Cc1ccc(-c2nc(-c3cc(C(F)(F)F)ccc3F)no2)cc1C(=O)Cc1cc(Cl)cc2ccccc12,[BOS]Cc1ccc(-c2nc(-c3cc(C(F)(F)F)ccc3F)no2)cc1C(=O)Cc1cc(Cl)cc2ccccc12[EOS],41649.290811538696,42
13.1,O=C(NCC1C2Cc3ccccc3C12)c1cccc(-c2cnc3[nH]c(=O)n(C4CCCC4)c3c2)n1,[BOS]O=C(NC[C@@H]1[C@@H]2Cc3ccccc3[C@@H]12)c1cccc(-c2cnc3[nH]c(=O)n(C4CCCC4)c3c2)n1[EOS],46872.322940588,42
10.8,COc1ccc2c(c1)CC(c1nnc(-c3nn(C)c(=O)c4ccccc34)o1)CC2,[BOS]COc1ccc2c(c1)C[C@@H](c1nnc(-c3nn(C)c(=O)c4ccccc34)o1)CC2[EOS],51371.44177389145,42
12.9,O=C(Nc1ccccc1)c1cc(NC(=O)N2CCc3c(F)cc(Br)cc3C2)ccc1Cl,[BOS]O=C(Nc1ccccc1)c1cc(NC(=O)N2CCc3c(F)cc(Br)cc3C2)ccc1Cl[EOS],56039.77807426453,42
11.7,Cc1ccnc(-c2n[nH]c(C(C)NC(=O)NC3Cc4ccccc4C3[NH3+])n2)c1-c1ccccc1,[BOS]Cc1ccnc(-c2n[nH]c([C@H](C)NC(=O)N[C@@H]3Cc4ccccc4[C@H]3[NH3+])n2)c1-c1ccccc1[EOS],61453.203300476074,42
13.4,O=C(CCc1cccc(NC(=O)c2ccc3c(c2O)CCCC3)c1)Nc1nccc(Cc2cccc(F)c2)n1,[BOS]O=C(CCc1cccc(NC(=O)c2ccc3c(c2O)CCCC3)c1)Nc1nccc(Cc2cccc(F)c2)n1[EOS],7337.805965662003,42
11.4,Cc1nn(Cc2ccccc2)c(N)c1-c1nc(-c2cccc(-c3nc4ccccc4[nH]3)c2)no1,[BOS]Cc1nn(Cc2ccccc2)c(N)c1-c1nc(-c2cccc(-c3nc4ccccc4[nH]3)c2)no1[EOS],13421.554508447647,42
11.8,Cc1ccc2c(CCNC(=O)C(=O)NC(C)c3ccc(-c4cccc(C#N)c4)cc3)cn(C)c2c1,[BOS]Cc1ccc2c(CCNC(=O)C(=O)N[C@H](C)c3ccc(-c4cccc(C#N)c4)cc3)cn(C)c2c1[EOS],19548.152017354965,42
13.7,O=C(CCN1C(=O)Nc2cccc3cccc1c23)Nc1cccc(C(=O)N2CCc3ccccc32)c1,[BOS]O=C(CCn1c(=O)[nH]c2cccc3cccc1c23)Nc1cccc(C(=O)N2CCc3ccccc32)c1[EOS],25698.497059345245,42
13.6,O=C(c1ccccc1)c1cccc(NC(=O)c2nn(-c3ccc(Cl)cc3Cl)c3c2CCCCC3)c1O,[BOS]O=C(c1ccccc1)c1cccc(NC(=O)c2nn(-c3ccc(Cl)cc3Cl)c3c2CCCCC3)c1O[EOS],31429.510202646255,42
13.1,Cc1ccc(OCC(=O)NNC(=O)Cn2c3ccccc3c(=O)c3ccccc32)cc1COc1ccc2ccccc2c1,[BOS]Cc1ccc(OCC(=O)NNC(=O)Cn2c3ccccc3c(=O)c3ccccc32)cc1COc1ccc2ccccc2c1[EOS],37623.171196460724,42
12.3,Cc1nc2ncccn2c1C(=O)NC1(c2ccc(NC(=O)C3CC(c4ccccc4)=NO3)cc2)CCC1,[BOS]Cc1nc2ncccn2c1C(=O)NC1(c2ccc(NC(=O)[C@@H]3CC(c4ccccc4)=NO3)cc2)CCC1[EOS],43625.52513051033,42
12.6,FC1(F)Oc2ccc(-c3noc(-c4ccc(Cn5ccc6ccccc65)cc4)n3)cc2O1,[BOS]FC1(F)Oc2ccc(-c3noc(-c4ccc(Cn5ccc6ccccc65)cc4)n3)cc2O1[EOS],47806.54482603073,42
11.8,Cc1ccc(NC(=O)C(=O)NC(C)Cc2cn(C)c3ccc(F)cc23)cc1N1CCOC1=O,[BOS]Cc1ccc(NC(=O)C(=O)N[C@@H](C)Cc2cn(C)c3ccc(F)cc23)cc1N1CCOC1=O[EOS],53528.68727636337,42
12.2,Cc1ccc(-c2noc(SCC(O)=Nc3nc4ccccc4n(CCC(C)C)c3=O)n2)c2ccccc12,[BOS]Cc1ccc(-c2noc(SCC(O)=Nc3nc4ccccc4n(CCC(C)C)c3=O)n2)c2ccccc12[EOS],59673.85235619545,42
12.3,O=C(NCCCNC(=O)C1CC(=O)N(c2ccc3c(c2)Cc2ccccc2-3)C1)c1cc2ccccc2cc1O,[BOS]O=C(NCCCNC(=O)c1cc2ccccc2cc1O)[C@@H]1CC(=O)N(c2ccc3c(c2)Cc2ccccc2-3)C1[EOS],66559.303327322,42
12.4,O=C1CCCN1Cc1cccc(CNc2ncnc3c2nnn3Cc2nnc(-c3cc(Cl)c4ccccc4c3)o2)c1,[BOS]O=C1CCCN1Cc1cccc(CNc2ncnc3c2nnn3Cc2nnc(-c3cc4ccccc4c(Cl)c3)o2)c1[EOS],72627.77610969543,42
11.7,Cc1nc(C(=O)N2CCCCC2c2cc(NC(=O)Cc3ccc(C)c([N+](=O)[O-])c3)n[nH]2)c(C(F)(F)F)o1,[BOS]Cc1ccc(CC(=O)Nc2cc([C@H]3CCCCN3C(=O)c3nc(C)oc3C(F)(F)F)[nH]n2)cc1[N+](=O)[O-][EOS][EOS][EOS][EOS][EOS][EOS][EOS],6058.260877370834,42
11.4,CN(CC(=O)Nc1ccc(-n2ncc3ccccc32)cc1)c1ccc2ccccc2c1,[BOS]CN(CC(=O)Nc1ccc(-n2ncc3ccccc32)cc1)c1ccc2ccccc2c1[EOS],11292.120608568192,42
13.3,O=C(Nc1cccc(-c2nnc3n2CCCCC3)c1)c1cc(-c2ccc(Cl)cc2)nc2ccccc12,[BOS]O=C(Nc1cccc(-c2nnc3n2CCCCC3)c1)c1cc(-c2ccc(Cl)cc2)nc2ccccc12[EOS],16725.1520652771,42
13.1,CN1C(=O)CCc2cc(NC(=O)CSc3nnc(-c4ccc5ccccc5c4)o3)cc(Cl)c21,[BOS]CN1C(=O)CCc2cc(NC(=O)CSc3nnc(-c4ccc5ccccc5c4)o3)cc(Cl)c21[EOS],22358.635919570923,42
12.5,O=C(CCc1nc2ccccc2nc1-c1ccccc1)Nc1ccc(NC(=O)Nc2ccc(F)cc2)cc1Cl,[BOS]O=C(CCc1nc2ccccc2nc1-c1ccccc1)Nc1ccc(NC(=O)Nc2ccc(F)cc2)cc1Cl[EOS],28412.013978481293,42
11.9,CSc1nnnn1-c1cccc(NC(=O)CCNC(=O)OCC2c3ccccc3-c3ccccc32)c1,[BOS]CSc1nnnn1-c1cccc(NC(=O)CCNC(=O)OCC2c3ccccc3-c3ccccc32)c1[EOS],34376.73723626137,42
12.8,O=C(NN=C(O)Cc1cccc2cccnc12)c1cc(-c2ccccc2)nc2ccc(F)cc12,[BOS]O=C(NN=C(O)Cc1cccc2cccnc12)c1cc(-c2ccccc2)nc2ccc(F)cc12[EOS],40146.99222946167,42
12.9,O=C1NCc2c1cccc2-n1c2ccccc2c2cc(-c3ccccc3-c3ccccc3)ccc21,[BOS]O=C1NCc2c1cccc2-n1c2ccccc2c2cc(-c3ccccc3-c3ccccc3)ccc21[EOS],44335.720009326935,42
12.3,O=C(NCCC(=O)N1CCCc2ccccc21)c1nn(-c2ccc(Cl)c(Cl)c2)c2c1CCCCC2,[BOS]O=C(CCNC(=O)c1nn(-c2ccc(Cl)c(Cl)c2)c2c1CCCCC2)N1CCCc2ccccc21[EOS],50369.297768116,42
11.9,Cc1nn(C)c2ncc(NC(=O)C(=O)NC3CCN(c4ccc(F)cc4F)C3)cc12,[BOS]Cc1nn(C)c2ncc(NC(=O)C(=O)N[C@H]3CCN(c4ccc(F)cc4F)C3)cc12[EOS],55226.43815946579,42
13.6,O=C(NN=Cc1cccc(OCc2cccc3ccccc23)c1)c1nc(-c2ccccc2)n2c1CCCCC2,[BOS]O=C(NN=Cc1cccc(OCc2cccc3ccccc23)c1)c1nc(-c2ccccc2)n2c1CCCCC2[EOS],61617.13370490074,42
11.7,O=C(CCc1nc2ccccc2n(-c2ccc(Cl)cc2)c1=O)N1CCN(Cc2ccc(Cl)cc2Cl)CC1,[BOS]O=C(CCc1nc2ccccc2n(-c2ccc(Cl)cc2)c1=O)N1CCN(Cc2ccc(Cl)cc2Cl)CC1[EOS][EOS][EOS],66773.32070684433,42
10.9,O=[N+]([O-])c1cc(F)cc(-n2c(-c3cccc(C(F)F)c3)nc3c4cccnc4ccc32)c1,[BOS]O=[N+]([O-])c1cc(F)cc(-n2c(-c3cccc(C(F)F)c3)nc3c4cccnc4ccc32)c1[EOS][EOS][EOS][EOS][EOS][EOS],4473.98316526413,42
12.1,O=C(CC[S+]([O-])c1cc2c(cc1Cl)OCCO2)OCC(=O)N1c2ccccc2CCc2ccccc21,[BOS]O=C(CC[S@+]([O-])c1cc2c(cc1Cl)OCCO2)OCC(=O)N1c2ccccc2CCc2ccccc21[EOS],10438.069973945618,42
11.4,Cn1ncc2c(NS(=O)(=O)C3=Cc4ccc(OC(F)F)cc4CC3)ccnc21,[BOS]Cn1ncc2c(NS(=O)(=O)C3=Cc4ccc(OC(F)F)cc4CC3)ccnc21[EOS],15183.200867414474,42
13.8,O=C(COc1ccc(C(=O)c2cc3ccccc3s2)cc1)NCc1c2ccccc2cc2ccccc12,[BOS]O=C(COc1ccc(C(=O)c2cc3ccccc3s2)cc1)NCc1c2ccccc2cc2ccccc12[EOS],21223.886288404465,42
12.5,O=C(c1cccc(OCc2nc(-c3ccc(C(F)(F)F)c(Br)c3)no2)c1)N1CC(F)(F)N(F)C(F)(F)C1(F)F,[BOS]O=C(c1cccc(OCc2nc(-c3ccc(C(F)(F)F)c(Br)c3)no2)c1)N1CC(F)(F)N(F)C(F)(F)C1(F)F[EOS][EOS][EOS][EOS],26914.894829511642,42
13.5,O=C(NC1C2Cc3ccccc3C21)c1ccc2c(c1)CC(c1ccccc1)OC2=O,[BOS]O=C(N[C@@H]1[C@@H]2Cc3ccccc3[C@@H]21)c1ccc2c(c1)C[C@H](c1ccccc1)OC2=O[EOS],31266.684268712997,42
12.8,Cc1cc(NC(=O)NCc2ccc(C3(C)NC(=O)NC3=O)cc2)ccc1-c1c(C)cccc1O,[BOS]Cc1cc(NC(=O)NCc2ccc([C@@]3(C)NC(=O)NC3=O)cc2)ccc1-c1c(O)cccc1C[EOS],36301.47414946556,42
12.5,CC1(CCc2ccccc2)N=C(O)N(CC(O)=NN=Cc2c(OCc3cccc(Oc4ccccc4)c3)ccc3c2OCC3)C1=O,[BOS]C[C@@]1(CCc2ccccc2)N=C(O)N(CC(O)=N/N=C\c2c(OCc3cccc(Oc4ccccc4)c3)ccc3c2OCC3)C1=O[EOS][EOS][EOS],42527.40977692604,42
12.0,Cc1ccc(NC(=O)Cc2noc(-c3nc(-c4ccccc4)n(-c4ccccc4)n3)n2)c(C)c1,[BOS]Cc1ccc(NC(=O)Cc2noc(-c3nc(-c4ccccc4)n(-c4ccccc4)n3)n2)c(C)c1[EOS],47789.86689853668,42
12.4,O=C(Nc1cccc(F)c1)c1ccc(-c2cccc3c2CCC32OCCO2)cc1,[BOS]O=C(Nc1cccc(F)c1)c1ccc(-c2cccc3c2CCC32OCCO2)cc1[EOS],52819.27097058296,42
14.0,O=C(Cc1ccc2c(c1)C(=O)c1ccccc1C2=O)Nc1cc(Cl)nc(N2CCOCC2)c1,[BOS]O=C(Cc1ccc2c(c1)C(=O)c1ccccc1C2=O)Nc1cc(Cl)nc(N2CCOCC2)c1[EOS],57766.78194117546,42
12.5,O=C(C[NH2+]C(c1ccccc1)c1ccc2ccccc2c1)[N-]c1ccc(C(=O)c2ccccc2Cl)cc1,[BOS]O=C(C[NH2+][C@H](c1ccccc1)c1ccc2ccccc2c1)[N-]c1ccc(C(=O)c2ccccc2Cl)cc1[EOS],63778.42533969879,42
12.8,Cc1c(NC(=O)C(=O)NCC2C3Cc4ccccc4C23)nnn1Cc1cccc2ccccc12,[BOS]Cc1c(NC(=O)C(=O)NC[C@@H]2[C@H]3Cc4ccccc4[C@H]23)nnn1Cc1cccc2ccccc12[EOS],5557.5902445316315,42
11.6,Cc1ccc2cc(C(=O)Nc3ccc(CC(=O)N(C)c4ccccc4)cc3)cc(C)c2n1,[BOS]Cc1ccc2cc(C(=O)Nc3ccc(CC(=O)N(C)c4ccccc4)cc3)cc(C)c2n1[EOS],10550.254631519318,42
12.4,Cc1c(C(=O)NCCc2nc(C3CCCCC3)no2)oc2c1ccc1ccccc12,[BOS]Cc1c(C(=O)NCCc2nc(C3CCCCC3)no2)oc2c1ccc1ccccc12[EOS],15714.37250995636,42
13.7,O=C(Nc1ccc(Cc2nnc3ccccn23)cc1)c1cc(-c2ccc(Cl)cc2)nc2ccccc12,[BOS]O=C(Nc1ccc(Cc2nnc3ccccn23)cc1)c1cc(-c2ccc(Cl)cc2)nc2ccccc12[EOS],21020.892179727554,42
12.0,CC1(C(=O)Nc2n[nH]c(-c3ccc4ccccc4c3)n2)CC(c2ccc(F)cc2)=NO1,[BOS]C[C@]1(C(=O)Nc2n[nH]c(-c3ccc4ccccc4c3)n2)CC(c2ccc(F)cc2)=NO1[EOS],25641.172241687775,42
13.6,O=C(NCCc1ccc2c(c1)Cc1ccccc1-2)c1cc(-c2ccccn2)nc2ccccc12,[BOS]O=C(NCCc1ccc2c(c1)Cc1ccccc1-2)c1cc(-c2ccccn2)nc2ccccc12[EOS],31095.56847190857,42
12.1,O=C(NC1(c2ccc(NC(=O)C3Cc4ccccc4C[NH2+]3)cc2)CCC1)c1c[nH]c2c(Cl)cccc12,[BOS]O=C(Nc1ccc(C2(NC(=O)c3c[nH]c4c(Cl)cccc34)CCC2)cc1)[C@@H]1Cc2ccccc2C[NH2+]1[EOS],36782.90164065361,42
15.7,Fc1ccc2c(c1)c(COc1cc(-c3nc4ccccc4c4ccccc34)c(F)cc1F)nn2-c1ccc(F)c(F)c1F,[BOS]Fc1ccc(-n2nc(COc3cc(-c4nc5ccccc5c5ccccc45)c(F)cc3F)c3cc(F)ccc32)c(F)c1F[EOS],43203.79177379608,42
12.6,O=C(NC1CCN(c2ccc(F)cc2)C1=O)c1ccc(N2CCCC(C(=O)N3CCCCCC3)C2)c(Cl)c1,[BOS]O=C(N[C@@H]1CCN(c2ccc(F)cc2)C1=O)c1ccc(N2CCC[C@H](C(=O)N3CCCCCC3)C2)c(Cl)c1[EOS],48208.80457043648,42
11.8,CC(=O)Nc1ccc(NC(=O)Cc2ccc(NC(=O)c3cc4ccccc4o3)cc2)c(C(F)(F)F)c1,[BOS]CC(=O)Nc1ccc(NC(=O)Cc2ccc(NC(=O)c3cc4ccccc4o3)cc2)c(C(F)(F)F)c1[EOS][EOS][EOS][EOS][EOS][EOS][EOS][EOS],53372.0005633831,42
12.3,O=C(NCCc1ccc(-c2ccccc2)cc1)c1ccc2nc(-c3ccc(F)cc3F)cc(O)c2n1,[BOS]O=C(NCCc1ccc(-c2ccccc2)cc1)c1ccc2nc(-c3ccc(F)cc3F)cc(O)c2n1[EOS],58914.18071246147,42
12.1,Cc1cc(-n2ccc3cc(C4CC[NH2+]C4)ccc32)cc(C)c1-c1ccnc(Nc2ccc(F)c(F)c2)n1,[BOS]Cc1cc(-n2ccc3cc([C@@H]4CC[NH2+]C4)ccc32)cc(C)c1-c1ccnc(Nc2ccc(F)c(F)c2)n1[EOS],63010.89537024498,42
12.2,CC(NC(=O)CCC(=O)Nc1ccc2c(c1)OC(F)(F)O2)c1ccc(F)c2ccccc12,[BOS]C[C@H](NC(=O)CCC(=O)Nc1ccc2c(c1)OC(F)(F)O2)c1ccc(F)c2ccccc12[EOS],6042.428151369095,42
12.3,O=C(NC1C2Cc3ccccc3C21)c1cccc(Nn2c(O)c3c(c2O)CC=CC3)c1,[BOS]O=C(N[C@@H]1[C@@H]2Cc3ccccc3[C@@H]21)c1cccc(Nn2c(O)c3c(c2O)CC=CC3)c1[EOS],11187.147451639175,42
12.3,Cc1nc2ccccc2n1Cc1cc(NC(=O)c2cnn(C3CCC[NH2+]C3)c2)ccc1Cl,[BOS]Cc1nc2ccccc2n1Cc1cc(NC(=O)c2cnn([C@@H]3CCC[NH2+]C3)c2)ccc1Cl[EOS],16813.231629133224,42
12.3,O=C(NCCc1ccc2ccccc2c1)C(=O)Nc1ccc(S(=O)(=O)C(F)(F)F)cc1,[BOS]O=C(NCCc1ccc2ccccc2c1)C(=O)Nc1ccc(S(=O)(=O)C(F)(F)F)cc1[EOS],22397.516301870346,42
12.0,CC(Oc1cc2ccccc2cc1C(=O)Nc1ccc2oc(-c3cccc(F)c3)cc2c1)C(F)(F)F,[BOS]C[C@@H](Oc1cc2ccccc2cc1C(=O)Nc1ccc2oc(-c3cccc(F)c3)cc2c1)C(F)(F)F[EOS],28038.15009379387,42
11.6,Cc1ccc2oc(C(=O)NCc3ccc(N4CCCCCC4=O)cc3)cc(=O)c2c1,[BOS]Cc1ccc2oc(C(=O)NCc3ccc(N4CCCCCC4=O)cc3)cc(=O)c2c1[EOS][EOS][EOS][EOS][EOS][EOS],32420.03668308258,42
12.0,O=C(NCCNC(=O)C1CC(c2c(F)cccc2F)=NO1)c1n[nH]c2cccc(C3CCC3)c12,[BOS]O=C(NCCNC(=O)[C@H]1CC(c2c(F)cccc2F)=NO1)c1n[nH]c2cccc(C3CCC3)c12[EOS],38368.47670054436,42
11.7,Cc1ccc(C2=NOC(CNC(=O)NC3CCN(C(=O)CCc4ccccc4)C3)C2)cc1C,[BOS]Cc1ccc(C2=NO[C@@H](CNC(=O)N[C@H]3CCN(C(=O)CCc4ccccc4)C3)C2)cc1C[EOS],43267.34736967087,42
13.6,Fc1cccc(COc2cc(F)ccc2-n2cc(COc3nc(C=Cc4cccc5cccnc45)ccc3F)nn2)c1,[BOS]Fc1ccc(C=Cc2cccc3cccnc23)nc1OCc1cn(-c2ccc(F)cc2OCc2cccc(F)c2)nn1[EOS],48575.01891875267,42
13.0,O=C(Cn1nnc2ccccc2c1=O)Nc1ccc2nc(-c3ccc(F)cc3)cc(-c3ccc(F)c(Cl)c3)c2c1,[BOS]O=C(Cn1nnc2ccccc2c1=O)Nc1ccc2nc(-c3ccc(F)cc3)cc(-c3ccc(F)c(Cl)c3)c2c1[EOS],54136.63802051544,42
12.6,O=C(OCCCc1cccc2ccccc12)c1ccc2c(c1)CCCN2C(=O)C1CC(=O)N(C2CCS(=O)(=O)C2)C1,[BOS]O=C(OCCCc1cccc2ccccc12)c1ccc2c(c1)CCCN2C(=O)C1CC(=O)N([C@H]2CCS(=O)(=O)C2)C1[EOS][EOS][EOS][EOS][EOS][EOS][EOS],60809.29775118828,42
12.6,CN(C(=O)c1ccc(NC(=O)NCC2CCCC2c2ccccc2)cc1Cl)C1CCCCC1,[BOS]CN(C(=O)c1ccc(NC(=O)NC[C@H]2CCC[C@@H]2c2ccccc2)cc1Cl)C1CCCCC1[EOS],66540.03103899956,42
11.6,Cc1ccc(NC(=O)C(C)SCc2nc(-c3cccc(C(F)(F)F)c3)no2)c2c(=O)occc12,[BOS]Cc1ccc(NC(=O)[C@@H](C)SCc2nc(-c3cccc(C(F)(F)F)c3)no2)c2c(=O)occc12[EOS],5518.948848962784,42
11.7,O=C(Cc1ccccc1)NCc1cc(=O)[nH]c(=NC(=O)c2ccc(-c3cccc(Cl)c3)cc2C(F)(F)F)[nH]1,[BOS]O=C(Cc1ccccc1)NCc1cc(=O)[nH]c(=NC(=O)c2ccc(-c3cccc(Cl)c3)cc2C(F)(F)F)[nH]1[EOS],11290.908124923706,42
13.8,O=C(Nc1cccc(-c2ccc3c(c2)CCO3)c1)c1ccc2c(c1)CCN2S(=O)(=O)Cc1cccc2cc(F)ccc12,[BOS]O=C(Nc1cccc(-c2ccc3c(c2)CCO3)c1)c1ccc2c(c1)CCN2S(=O)(=O)Cc1cccc2cc(F)ccc12[EOS],16110.791237831116,42
12.0,O=c1n(CCC2=c3ccccc3=[NH+]C2)cnn1-c1ccc(Cl)c(-c2nc3cc(C(F)(F)F)cnc3[nH]2)c1,[BOS]O=c1n(CCC2=c3ccccc3=[NH+]C2)cnn1-c1ccc(Cl)c(-c2nc3cc(C(F)(F)F)cnc3[nH]2)c1[EOS],21909.257296323776,42
12.7,CC(NC(=O)NCc1ccc(Oc2cccc3ccccc23)cc1)c1ccc2c(c1)C(C)(C)C(=O)N2,[BOS]C[C@H](NC(=O)NCc1ccc(Oc2cccc3ccccc23)cc1)c1ccc2c(c1)C(C)(C)C(=O)N2[EOS],27936.519324302673,42
11.8,Cc1ccc(C(C)NC(=O)Nc2cccc(C(=O)c3ccccc3)c2)cc1F,[BOS]Cc1ccc([C@H](C)NC(=O)Nc2cccc(C(=O)c3ccccc3)c2)cc1F[EOS],33154.812573194504,42
11.4,Cc1occc1C(=O)Nc1cc(NC(=O)NCC(C)(O)c2ccc(F)cc2F)c(F)cc1F,[BOS]Cc1occc1C(=O)Nc1cc(NC(=O)NC[C@](C)(O)c2ccc(F)cc2F)c(F)cc1F[EOS],38508.76784014702,42
12.3,O=C1NCCc2ccc(CNC(=O)c3ccccc3-c3ccc(Cl)cc3C#Cc3cccc(Cl)n3)cc21,[BOS]O=C(NCc1ccc2c(c1)C(=O)NCC2)c1ccccc1-c1ccc(Cl)cc1C#Cc1cccc(Cl)n1[EOS],43301.54178452492,42
11.9,Cc1cc(NC(=O)NCC(O)CCc2ccccc2)ccc1-c1c(O)ccc2[nH]cc(-c3nn[nH]n3)c(=O)c12,[BOS]Cc1cc(NC(=O)NC[C@H](O)CCc2ccccc2)ccc1-c1c(O)ccc2[nH]cc(-c3nn[nH]n3)c(=O)c12[EOS],49339.36680436134,42
11.6,Cc1ccc(C)c(CC(=O)Nc2ccc(C3(NC(=O)c4cc5cccnc5[nH]c4=O)CCC3)cc2)c1,[BOS]Cc1ccc(C)c(CC(=O)Nc2ccc(C3(NC(=O)c4cc5cccnc5[nH]c4=O)CCC3)cc2)c1[EOS],54770.39071846008,42
13.4,Cc1cc(=O)[nH]c2cc(C(=O)Nc3cccc(NC(=O)Nc4cccc(C(F)(F)F)c4)c3)ccc12,[BOS]Cc1cc(=O)[nH]c2cc(C(=O)Nc3cccc(NC(=O)Nc4cccc(C(F)(F)F)c4)c3)ccc12[EOS],59547.32458662987,42
12.1,Nc1nc(COc2cccc(NC(=O)Cc3cc(F)ccc3F)c2)nc(Nc2ccc(C3CCCCC3)cc2)n1,[BOS]O=C(Cc1cc(F)ccc1F)Nc1cccc(OCc2nc(N)nc(Nc3ccc(C4CCCCC4)cc3)n2)c1[EOS],65304.753870248795,42
13.3,CCCc1ccc2c(F)c(CCc3ccc4c(F)c(-c5c(F)c(F)c(F)c(F)c5F)c(F)cc4c3)ccc2c1F,[BOS]CCCc1ccc2c(F)c(CCc3ccc4c(F)c(-c5c(F)c(F)c(F)c(F)c5F)c(F)cc4c3)ccc2c1F[EOS],5612.64714384079,42
12.5,O=C(Nc1cc(C2CCCCN2C(=O)C2CCc3[nH]c(=O)[nH]c(=O)c3C2)[nH]n1)C1CNc2ccccc21,[BOS]O=C(Nc1cc([C@@H]2CCCCN2C(=O)[C@H]2CCc3[nH]c(=O)[nH]c(=O)c3C2)[nH]n1)[C@H]1CNc2ccccc21[EOS],10809.072830677032,42
11.9,O=C1Cc2c(cccc2-c2ccc3c(c2)CC(=O)N2CCCC32)CN1c1ccc(F)c(Cl)c1,[BOS]O=C1Cc2c(cccc2-c2ccc3c(c2)CC(=O)N2CCC[C@H]32)CN1c1ccc(F)c(Cl)c1[EOS],14909.611124038696,42
14.5,Cc1ccc(F)c(-c2cc(NC(=O)CCc3nc(-c4ccc(C)c5c4ccc4c(F)cccc45)no3)n[nH]2)c1,[BOS]Cc1ccc(-c2noc(CCC(=O)Nc3cc(-c4cc(C)ccc4F)[nH]n3)n2)c2ccc3c(F)cccc3c12[EOS],20350.37073469162,42
12.0,O=C(NCCc1ccc(C(F)(F)F)cn1)c1ccc2c(c1)-c1ccccc1C2,[BOS]O=C(NCCc1ccc(C(F)(F)F)cn1)c1ccc2c(c1)-c1ccccc1C2[EOS],25800.694944381714,42
12.4,O=C(Nc1ccc(OCc2cccc(F)c2)c(F)c1)NC1CCOc2ccc(F)cc21,[BOS]O=C(Nc1ccc(OCc2cccc(F)c2)c(F)c1)N[C@H]1CCOc2ccc(F)cc21[EOS],31191.484180688858,42
12.2,O=C(NCCc1ccc(OCc2ccccc2)cc1)Nc1ccc(CC(=O)N2CCCc3ccccc32)cc1,[BOS]O=C(NCCc1ccc(OCc2ccccc2)cc1)Nc1ccc(CC(=O)N2CCCc3ccccc32)cc1[EOS],37225.81737923622,42
14.1,O=c1c2c(cc(-c3nc(-c4cccc(OCc5ccccc5)n4)no3)c3ccccc13)[S+]([O-])c1ccccc1N=C2,[BOS]O=c1c2ccccc2c(-c2nc(-c3cccc(OCc4ccccc4)n3)no2)cc2c1C=Nc1ccccc1[S+]2[O-][EOS][EOS][EOS][EOS][EOS][EOS],42857.626945734024,42
12.1,O=C(NCCC1CCc2ccccc21)NCc1ccc(-n2cnc3ccccc32)nc1,[BOS]O=C(NCC[C@@H]1CCc2ccccc21)NCc1ccc(-n2cnc3ccccc32)nc1[EOS],47990.386080503464,42
12.0,Cc1cccc(-c2cc(C(F)(F)NCc3ccc4nnc(-c5ccccc5F)n4c3)cnc2Cl)c1,[BOS]Cc1cccc(-c2cc(C(F)(F)NCc3ccc4nnc(-c5ccccc5F)n4c3)cnc2Cl)c1[EOS],53779.791296720505,42
12.0,Cc1ccccc1CCc1cc(NC(=O)C(=O)Nc2nn(C(C)c3ccccc3)cc2C)n[nH]1,[BOS]Cc1ccccc1CCc1cc(NC(=O)C(=O)Nc2nn([C@H](C)c3ccccc3)cc2C)n[nH]1[EOS],58745.02716636658,42
13.1,O=C(OCc1ccc(C#Cc2ccccc2)cc1)c1nc2c3ccccc3n(-c3cccc(F)c3)c2c2ccccc12,[BOS]O=C(OCc1ccc(C#Cc2ccccc2)cc1)c1nc2c3ccccc3n(-c3cccc(F)c3)c2c2ccccc12[EOS],64142.01842999458,42
12.8,O=C(COC(=O)C1CC1c1cccc2ccccc12)Nc1nnc(-c2ccco2)o1,[BOS]O=C(COC(=O)[C@H]1C[C@H]1c1cccc2ccccc12)Nc1nnc(-c2ccco2)o1[EOS],6173.928009271622,42
13.3,Cc1c(C(=O)NCc2ccc(-c3ccc4c(c3)CC(C)O4)cc2)oc2c1ccc1ccccc12,[BOS]Cc1c(C(=O)NCc2ccc(-c3ccc4c(c3)C[C@@H](C)O4)cc2)oc2c1ccc1ccccc12[EOS],11132.74230337143,42
13.3,Cc1ccc(-c2c(C)cnc3cc(C(=O)Nc4cccc(-n5nc(C)cc5-c5ccc(F)cc5)c4)ccc23)c(C)c1,[BOS]Cc1cnc2cc(C(=O)Nc3cccc(-n4nc(C)cc4-c4ccc(F)cc4)c3)ccc2c1-c1ccc(C)cc1C[EOS],15682.021072149277,42
12.8,O=C(COc1ccc2ccccc2c1)Nc1ccc(C(=O)N2CCCC2c2cc(F)cc(F)c2)c(Cl)c1,[BOS]O=C(COc1ccc2ccccc2c1)Nc1ccc(C(=O)N2CCCC2c2cc(F)cc(F)c2)c(Cl)c1[EOS],21327.824514865875,42
12.4,O=C1CCCc2[nH]c(=O)c(-c3nc(-c4ccc5c(c4)COC5c4ccc(F)cc4)no3)cc21,[BOS]O=C1CCCc2[nH]c(=O)c(-c3nc(-c4ccc5c(c4)CO[C@H]5c4ccc(F)cc4)no3)cc21[EOS],25582.590505361557,42
12.1,O=C(NCC1CCN(c2ccccc2F)C1)Nc1cc(C(F)(F)F)cc(C(F)(F)F)c1,[BOS]O=C(NC[C@@H]1CCN(c2ccccc2F)C1)Nc1cc(C(F)(F)F)cc(C(F)(F)F)c1[EOS],31179.15819120407,42
13.2,O=C(Nc1cccc(OC2CCCC2)c1)c1ccc2c(c1)CCCN2C(=O)c1ccccc1-c1ccnc2ccccc12,[BOS]O=C(Nc1cccc(OC2CCCC2)c1)c1ccc2c(c1)CCCN2C(=O)c1ccccc1-c1ccnc2ccccc12[EOS],36517.978769779205,42
12.5,O=C(NCc1ccn(Cc2ccccc2C(F)(F)F)n1)Nc1ccc(CC(=O)N2CCc3ccccc32)cc1,[BOS]O=C(NCc1ccn(Cc2ccccc2C(F)(F)F)n1)Nc1ccc(CC(=O)N2CCc3ccccc32)cc1[EOS],42427.76375961304,42
12.5,Cn1cc(CNC(=O)c2ccc3oc4ccccc4c(=O)c3c2)c(-c2ccc3c(c2)CCCN3C2(C)CCNC2)n1,[BOS]Cn1cc(CNC(=O)c2ccc3oc4ccccc4c(=O)c3c2)c(-c2ccc3c(c2)CCCN3[C@]2(C)CCNC2)n1[EOS],47414.024191856384,42
11.6,O=C(NCC1COC2(CCCC2)O1)c1cc(-c2ccc(Cl)cc2)nc2cc(F)cc(F)c12,[BOS]O=C(NC[C@@H]1COC2(CCCC2)O1)c1cc(-c2ccc(Cl)cc2)nc2cc(F)cc(F)c12[EOS],52739.84617996216,42
12.6,Cc1ccc(Oc2ccc(NC(=O)C(=O)NC3CCCC(c4ccccc4)C3)cc2)cc1C,[BOS]Cc1ccc(Oc2ccc(NC(=O)C(=O)N[C@H]3CCC[C@@H](c4ccccc4)C3)cc2)cc1C[EOS],58077.0692961216,42
11.9,Cc1ccc(-c2cncc(-c3nc(Cc4nc5cc(Cl)ccc5c(=O)[nH]4)no3)c2)cc1C,[BOS]Cc1ccc(-c2cncc(-c3nc(Cc4nc5cc(Cl)ccc5c(=O)[nH]4)no3)c2)cc1C[EOS],62720.32418489456,42
10.9,Cc1cccc(CCNC(=O)C(=O)Nc2cc(C(F)(F)F)cc(Br)n2)c1,[BOS]Cc1cccc(CCNC(=O)C(=O)Nc2cc(C(F)(F)F)cc(Br)n2)c1[EOS],4808.952990055084,42
14.7,O=C(Cc1ccc2c(c1)Cc1ccccc1-2)Nc1ccc(NC(=O)Nc2ccc3c(c2)CCCCCC3)cc1,[BOS]O=C(Cc1ccc2c(c1)Cc1ccccc1-2)Nc1ccc(NC(=O)Nc2ccc3c(c2)CCCCCC3)cc1[EOS],10614.276188135147,42
11.0,CC(=O)Nc1ccc(-c2csc(NC(=O)c3cc(NC(C)=O)cc(C(F)(F)F)c3)n2)cc1,[BOS]CC(=O)Nc1cc(C(=O)Nc2nc(-c3ccc(NC(C)=O)cc3)cs2)cc(C(F)(F)F)c1[EOS][EOS][EOS],15508.507473230362,42
13.1,O=C(Nc1ccc(CN2C(=O)NC3(Cc4ccccc4C3)C2=O)cc1)c1ccc2ccccc2c1,[BOS]O=C(Nc1ccc(CN2C(=O)NC3(Cc4ccccc4C3)C2=O)cc1)c1ccc2ccccc2c1[EOS],20532.440694332123,42
12.2,O=C(NCCc1ccc(-c2ccccc2)cc1)Nc1ccc2c(c1)C(=O)NCC2O,[BOS]O=C(NCCc1ccc(-c2ccccc2)cc1)Nc1ccc2c(c1)C(=O)NCC2O[EOS],26079.201456546783,42
11.9,O=C(COC(=O)c1cc2sc3ccccc3c2s1)NC(=O)NC12CC3CC(CC(C3)C1)C2,[BOS]O=C(COC(=O)c1cc2sc3ccccc3c2s1)NC(=O)NC12CC3CC(CC(C3)C1)C2[EOS],31716.0296356678,42
12.1,O=C(NCCN1Cc2ccccc2OCC1=O)Nc1cccc(-c2cccc(Cl)c2Cl)c1,[BOS]O=C(NCCN1Cc2ccccc2OCC1=O)Nc1cccc(-c2cccc(Cl)c2Cl)c1[EOS],37483.981682777405,42
12.4,Cc1ccc(-c2ccc(C=NN=C(O)C3CC(O)=Nc4cc(F)ccc43)o2)cc1C,[BOS]Cc1ccc(-c2ccc(/C=N\N=C(O)[C@H]3CC(O)=Nc4cc(F)ccc43)o2)cc1C[EOS],42696.28405189514,42
12.5,CCC(CNC(=O)Nc1ccc(-c2ccccc2F)nn1)Oc1cccc(C(F)(F)F)c1,[BOS]CC[C@@H](CNC(=O)Nc1ccc(-c2ccccc2F)nn1)Oc1cccc(C(F)(F)F)c1[EOS],47717.41978764534,42
12.5,Cc1ccccc1COc1ccc(C2Nc3ccc4ccccc4c3C3=CCC(C)CC32)cc1,[BOS]Cc1ccccc1COc1ccc([C@@H]2Nc3ccc4ccccc4c3C3=CC[C@H](C)C[C@@H]32)cc1[EOS],53458.288449048996,42
11.2,CC(=O)c1c(C)cccc1-c1nc(-c2cccc(OCc3ccccc3)c2)no1,[BOS]CC(=O)c1c(C)cccc1-c1nc(-c2cccc(OCc3ccccc3)c2)no1[EOS],58378.05591034889,42
12.7,O=C(c1ccc2[nH]c3ccccc3c(=O)c2c1)N1CC(OCc2cccc3ccccc23)C1,[BOS]O=C(c1ccc2[nH]c3ccccc3c(=O)c2c1)N1CC(OCc2cccc3ccccc23)C1[EOS],62769.88968396187,42
11.8,O=C(NC1CCOC(c2ccc(F)cc2)C1)NC1CC(C(F)(F)F)CC(C(F)(F)F)C1,[BOS]O=C(N[C@@H]1CCO[C@H](c2ccc(F)cc2)C1)N[C@@H]1C[C@H](C(F)(F)F)C[C@@H](C(F)(F)F)C1[EOS],4578.829852104187,42
12.3,CC1(C)CC(C(=O)NCc2ccc(CN3CCc4ccccc43)cc2)c2ccccc2O1,[BOS]CC1(C)C[C@H](C(=O)NCc2ccc(CN3CCc4ccccc43)cc2)c2ccccc2O1[EOS],9784.428050041199,42
11.8,CC(=O)Nc1cccc(NC(=O)NCC(C)Oc2ccc3c(c2)C(=O)N(c2ccc(C)cc2)C3)c1,[BOS]CC(=O)Nc1cccc(NC(=O)NC[C@H](C)Oc2ccc3c(c2)C(=O)N(c2ccc(C)cc2)C3)c1[EOS],14727.161926269531,42
11.4,Cc1cc(C)cc(NC(=O)COc2ccc(-c3ccccc3-c3nc[nH]n3)cc2)c1,[BOS]Cc1cc(C)cc(NC(=O)COc2ccc(-c3ccccc3-c3nc[nH]n3)cc2)c1[EOS],19387.336186408997,42
12.9,Cn1c(C(=O)C=Cc2cccc3c(OC(F)(F)F)cccc23)cc2c3ccccc3n(-c3ncccn3)c2c1=O,[BOS]Cn1c(C(=O)C=Cc2cccc3c(OC(F)(F)F)cccc23)cc2c3ccccc3n(-c3ncccn3)c2c1=O[EOS],24147.292867660522,42
12.1,Cc1cc(C(=O)NCc2ccc3[nH]c(-c4cccc(-n5ccnc5)c4)cc(=O)c3c2)nn1-c1ccc(F)cc1F,[BOS]Cc1cc(C(=O)NCc2ccc3[nH]c(-c4cccc(-n5ccnc5)c4)cc(=O)c3c2)nn1-c1ccc(F)cc1F[EOS][EOS],29357.72914814949,42
10.9,CN(C)C(=O)Nc1ccc(C(=O)NCCc2nc(-c3ccc(Cl)cc3)no2)c(Cl)c1,[BOS]CN(C)C(=O)Nc1ccc(C(=O)NCCc2nc(-c3ccc(Cl)cc3)no2)c(Cl)c1[EOS],34562.57204389572,42
11.6,Cc1cccc(-n2cc(C(=O)Nc3cc(C(=O)Nc4ccccc4F)ccc3Cl)nn2)c1,[BOS]Cc1cccc(-n2cc(C(=O)Nc3cc(C(=O)Nc4ccccc4F)ccc3Cl)nn2)c1[EOS],39308.50856542587,42
11.9,N#CC(c1ccccc1)c1ccc(NC(=O)c2cc3ccccc3cc2OC(F)F)cc1Cl,[BOS]N#C[C@H](c1ccccc1)c1ccc(NC(=O)c2cc3ccccc3cc2OC(F)F)cc1Cl[EOS],44189.259232759476,42
12.5,O=C(Nc1nc(Cc2ccc(F)cc2)no1)c1cccc(-n2ncc(C(F)(F)F)c2-c2ccccc2)c1,[BOS]O=C(Nc1nc(Cc2ccc(F)cc2)no1)c1cccc(-n2ncc(C(F)(F)F)c2-c2ccccc2)c1[EOS],48918.506296396255,42
10.7,C[NH+]1CCC(CNC(=O)c2cc(F)c3cc[nH]c3c2)C1c1ccc(Cl)c(F)c1,[BOS]C[NH+]1CC[C@H](CNC(=O)c2cc(F)c3cc[nH]c3c2)[C@@H]1c1ccc(Cl)c(F)c1[EOS][EOS][EOS][EOS][EOS][EOS][EOS][EOS],54130.66496133804,42
12.4,Cc1cccc2oc(CCNC(=O)Nc3cccc(NC(=O)Nc4cccc5c4CCCC5)c3)nc12,[BOS]Cc1cccc2oc(CCNC(=O)Nc3cccc(NC(=O)Nc4cccc5c4CCCC5)c3)nc12[EOS],59842.87023663521,42
