rv,smi,cur_sentence,elapsed_time,seed
10.7,O=C1CCCc2ccc(S(=O)(=O)N3Cc4ccccc4C(c4ccccc4)C3)cc21,[BOS]O=C1CCCc2ccc(S(=O)(=O)N3Cc4ccccc4[C@H](c4ccccc4)C3)cc21[EOS],4232.462670087814,42
10.9,O=C(c1cnn2cccc(F)c12)N1CCOC2(COCCN(C(=O)C3CC3c3ccccc3)C2)C1,[BOS]O=C(c1cnn2cccc(F)c12)N1CCO[C@]2(COCCN(C(=O)[C@H]3C[C@@H]3c3ccccc3)C2)C1[EOS][EOS][EOS][EOS],8788.611479520798,42
11.4,O=C(Nc1nccc2cnccc12)C1C2CCC(O)C1CC1c3[nH]c4ccccc4c3CC[NH+]1C2,[BOS]O=C(Nc1nccc2cnccc12)[C@@H]1[C@@H]2C[C@@H]3c4[nH]c5ccccc5c4CC[NH+]3C[C@@H]1CC[C@@H]2O[EOS],13244.396061182022,42
10.7,Cc1ccc2c(C[NH+]3CCN(c4nn5c(C)nnc5c5ccccc45)CC3)cc(=O)oc2c1C,[BOS]Cc1ccc2c(C[NH+]3CCN(c4nn5c(C)nnc5c5ccccc45)CC3)cc(=O)oc2c1C[EOS][EOS][EOS][EOS][EOS][EOS][EOS][EOS],18066.9153945446,42
11.4,Cc1cnc2c(C(=O)N3CCCCC3C3CCN(C(=O)c4cc(=O)c5ccccc5o4)CC3)cnn2c1,[BOS]Cc1cnc2c(C(=O)N3CCCC[C@@H]3C3CCN(C(=O)c4cc(=O)c5ccccc5o4)CC3)cnn2c1[EOS],23163.42985200882,42
10.5,CC1CCCC1C(=O)NC1CCc2nc(NC(=O)c3cc(C(F)(F)F)nc4ccccc34)sc2C1,[BOS]C[C@@H]1CCC[C@H]1C(=O)N[C@H]1CCc2nc(NC(=O)c3cc(C(F)(F)F)nc4ccccc34)sc2C1[EOS],27537.24224805832,42
10.3,Cc1c(NC(=O)NC2CC3(CCOCC3)Oc3ccccc32)noc1-c1ccccc1F,[BOS]Cc1c(NC(=O)N[C@H]2CC3(CCOCC3)Oc3ccccc32)noc1-c1ccccc1F[EOS],31911.712737321854,42
10.8,Cc1ccncc1C(=O)N1C2CCC1CC(NC(=O)c1cccc(-c3cncc(-c4ccoc4)c3)n1)C2,[BOS]Cc1ccncc1C(=O)N1[C@@H]2CC[C@H]1C[C@@H](NC(=O)c1cccc(-c3cncc(-c4ccoc4)c3)n1)C2[EOS],36887.29552030563,42
11.8,CC1CN(C(=O)C2CC23CCCc2ccccc23)CCN1S(=O)(=O)c1cccc2c[nH]c(=N)nc12,[BOS]C[C@H]1CN(C(=O)[C@@H]2C[C@]23CCCc2ccccc23)CCN1S(=O)(=O)c1cccc2c[nH]c(=N)nc12[EOS],40860.14575409889,42
10.9,Cc1nnc(C2CCCN(c3cc4c(nn3)-c3ccccc3CC43CCN(C(=O)OC(C)(C)C)CC3)C2)o1,[BOS]Cc1nnc([C@@H]2CCCN(c3cc4c(nn3)-c3ccccc3CC43CCN(C(=O)OC(C)(C)C)CC3)C2)o1[EOS],44517.827536821365,42
10.5,CC(=O)N1CCc2ccccc2C1CC(=O)N1CCC(C(=O)c2ccc3c(c2)NC(=O)C(C)O3)CC1,[BOS]CC(=O)N1CCc2ccccc2[C@@H]1CC(=O)N1CCC(C(=O)c2ccc3c(c2)NC(=O)[C@@H](C)O3)CC1[EOS],49110.910542964935,42
11.2,Cc1cc(C)n2ccc(C(=O)Nc3nc4c(s3)CC(NC(=O)c3c[nH]c5cccc(Cl)c35)CC4)c2n1,[BOS]Cc1cc(C)n2ccc(C(=O)Nc3nc4c(s3)C[C@H](NC(=O)c3c[nH]c5cccc(Cl)c35)CC4)c2n1[EOS][EOS][EOS][EOS][EOS][EOS][EOS],53934.11088871956,42
10.9,COc1ccc2oc(C(=O)N3CCC([NH+]4CCC(NC(=O)c5nnc6cc(C)nn6c5C)CC4)CC3)cc2c1,[BOS]COc1ccc2oc(C(=O)N3CCC([NH+]4CCC(NC(=O)c5nnc6cc(C)nn6c5C)CC4)CC3)cc2c1[EOS][EOS][EOS][EOS][EOS][EOS],5443.542901754379,42
11.4,CNC(=O)c1ccc2c(c1)C1(CCN(C(=O)c3cc([S-])cc4nc5ccccc5nc34)CC1)C(=O)N2,[BOS]CNC(=O)c1ccc2c(c1)C1(CCN(C(=O)c3cc([S-])cc4nc5ccccc5nc34)CC1)C(=O)N2[EOS][EOS][EOS][EOS][EOS][EOS],9662.12679719925,42
10.7,O=C1CN(CC(=O)N2CCCCC2c2cc(NC(=O)c3cccc4c3CCCC4)n[nH]2)C(=O)N1,[BOS]O=C1CN(CC(=O)N2CCCC[C@@H]2c2cc(NC(=O)c3cccc4c3CCCC4)n[nH]2)C(=O)N1[EOS][EOS][EOS][EOS][EOS],14454.612966775894,42
10.6,CC(=O)Nc1cccc(C(=O)N2CCOC3(CCN(C(=O)C4CCc5ccccc5O4)C3)C2)c1C,[BOS]CC(=O)Nc1cccc(C(=O)N2CCO[C@]3(CCN(C(=O)[C@@H]4CCc5ccccc5O4)C3)C2)c1C[EOS],19151.519251823425,42
11.1,O=C(c1cn2c(C(F)(F)F)cccc2[nH+]1)N1CCC2(CCCN(C(=O)C(F)c3ccccc3)C2)CC1,[BOS]O=C(c1cn2c(C(F)(F)F)cccc2[nH+]1)N1CCC2(CCCN(C(=O)[C@@H](F)c3ccccc3)C2)CC1[EOS][EOS][EOS][EOS][EOS][EOS][EOS],23691.022275924683,42
10.5,CC#CCC(C(=O)Nc1cc(C2CCCCN2C(=O)c2ccnc3ncccc23)[nH]n1)c1ccccc1,[BOS]CC#CC[C@@H](C(=O)Nc1cc([C@@H]2CCCCN2C(=O)c2ccnc3ncccc23)[nH]n1)c1ccccc1[EOS][EOS][EOS][EOS][EOS],28608.049328565598,42
12.8,O=C(c1c2c(nc3ccccc13)C(=Cc1ccc3ccccc3c1)CCC2)N1CCS(=O)(=O)C2(CCCCC2)C1,[BOS]O=C(c1c2c(nc3ccccc13)C(=Cc1ccc3ccccc3c1)CCC2)N1CCS(=O)(=O)C2(CCCCC2)C1[EOS],33267.6893620491,42
11.6,O=C(CCC1CNc2ccccc2C1)NC1CCc2nc(NC(=O)c3ccc4c(c3)CCCC4=O)sc2C1,[BOS]O=C(CC[C@H]1CNc2ccccc2C1)N[C@H]1CCc2nc(NC(=O)c3ccc4c(c3)CCCC4=O)sc2C1[EOS],38778.16141247749,42
10.8,CCc1cc(=O)[nH]c(-c2cccc(NC(C)c3nnc(-c4ccc5ccccc5c4)o3)c2)n1,[BOS]CCc1cc(=O)[nH]c(-c2cccc(N[C@H](C)c3nnc(-c4ccc5ccccc5c4)o3)c2)n1[EOS],43685.46418619156,42
10.4,O=C(C=CC1CCCCC1)N1CCOCC2(C1)CN(C(=O)C1CC1c1ccc(F)cc1)CCO2,[BOS]O=C(C=CC1CCCCC1)N1CCOC[C@]2(C1)CN(C(=O)[C@H]1C[C@@H]1c1ccc(F)cc1)CCO2[EOS][EOS][EOS][EOS][EOS][EOS],48195.86452960968,42
12.6,O=C1C(N2CCCC(c3nc4ccccc4[nH]3)C2)C2C=CC(c3ccccc3-c3ccccc3C3N=NNN3)N1CCCC2,[BOS]O=C1[C@H](N2CCC[C@@H](c3nc4ccccc4[nH]3)C2)[C@H]2CCCCN1C(c1ccccc1-c1ccccc1C1N=NNN1)C=C2[EOS],52955.21811628342,42
10.7,Cc1ccc(-n2c([O-])c(C=NCC3CCN(c4cc[nH+]cc4)CC3)c3cc(Br)ccc3c2=O)cc1C,[BOS]Cc1ccc(-n2c([O-])c(C=NCC3CCN(c4cc[nH+]cc4)CC3)c3cc(Br)ccc3c2=O)cc1C[EOS][EOS][EOS][EOS],57796.801062107086,42
11.6,Cc1ccc(N2CC34C=CC(O3)C(C2=O)C(=O)N2CC4CC2COc2ccccc2C)cc1C,[BOS]Cc1ccc(N2C[C@@]34C=C[C@H](O3)[C@@H](C(=O)N3C[C@@H]4C[C@H]3COc3ccccc3C)C2=O)cc1C[EOS][EOS][EOS][EOS][EOS][EOS],4406.605370998383,42
11.3,CC(C)C(C(=O)N1C2CCC1CC(NC(=O)C1C3CCCC1c1ccccc1N3)C2)c1ccc(F)cc1,[BOS]CC(C)[C@H](C(=O)N1[C@@H]2CC[C@H]1C[C@@H](NC(=O)[C@@H]1[C@@H]3CCC[C@H]1c1ccccc1N3)C2)c1ccc(F)cc1[EOS][EOS][EOS][EOS][EOS][EOS][EOS][EOS],9700.2778403759,42
11.5,O=C(NC1CC2CCC(C1)N2C(=O)c1cc(=O)[nH]c(=O)[nH]1)c1nc2c(=O)[nH]c3ccccc3n2n1,[BOS]O=C(N[C@H]1C[C@H]2CC[C@@H](C1)N2C(=O)c1cc(=O)[nH]c(=O)[nH]1)c1nc2c(=O)[nH]c3ccccc3n2n1[EOS],14233.244562149048,42
10.5,O=C(C=CC1CCCCC1)N1CCC2(C1)CN(C(=O)C1CCc3ccccc3O1)CCO2,[BOS]O=C(C=CC1CCCCC1)N1CC[C@@]2(C1)CN(C(=O)[C@@H]1CCc3ccccc3O1)CCO2[EOS][EOS],18711.060185670853,42
12.1,Cc1cc(C)cc(-c2cc(C(=O)n3nc(-c4ccco4)c4c(N)ncnc43)cc(-c3nccc(C)n3)n2)c1,[BOS]Cc1ccnc(-c2cc(C(=O)n3nc(-c4ccco4)c4c(N)ncnc43)cc(-c3cc(C)cc(C)c3)n2)n1[EOS],23497.609371185303,42
10.2,Cc1noc(CC(=O)N2CCCCC2C2CCN(C(=O)C3Cc4ccccc4C3)CC2)n1,[BOS]Cc1noc(CC(=O)N2CCCC[C@@H]2C2CCN(C(=O)C3Cc4ccccc4C3)CC2)n1[EOS][EOS][EOS],28113.126221895218,42
10.7,O=C(NC1CCCC1)c1noc2c1CN(c1nc(-c3ccccc3Cl)nc3ccccc13)CC2,[BOS]O=C(NC1CCCC1)c1noc2c1CN(c1nc(-c3ccccc3Cl)nc3ccccc13)CC2[EOS],32474.329669952393,42
11.8,O=C(C1CCc2ccoc2C1)N1CCC2(CCCN(C(=O)C3CCc4ccccc4C3)C2)CC1,[BOS]O=C([C@H]1CCc2ccoc2C1)N1CCC2(CCCN(C(=O)[C@@H]3CCc4ccccc4C3)C2)CC1[EOS],36803.754888534546,42
11.2,Cc1cc2ncccc2cc1CC(=O)Nc1cc(C2CCCCN2C(=O)c2cc(C)c(C(=O)[O-])c(C)c2)[nH]n1,[BOS]Cc1cc(C(=O)N2CCCC[C@@H]2c2cc(NC(=O)Cc3cc4cccnc4cc3C)n[nH]2)cc(C)c1C(=O)[O-][EOS],41621.0371966362,42
11.2,Cc1ccc2cc(C(=O)NC3CC4CCC(C3)N4c3cncc(-n4nc(C)cc4C)n3)cc(C)c2n1,[BOS]Cc1ccc2cc(C(=O)N[C@H]3C[C@H]4CC[C@@H](C3)N4c3cncc(-n4nc(C)cc4C)n3)cc(C)c2n1[EOS],45858.37574982643,42
10.2,O=C1CC(C(=O)Nc2ccc(C3(NC(=O)C4C5CCCC4c4ccccc4N5)CCC3)cc2)CCN1,[BOS]O=C1C[C@H](C(=O)Nc2ccc(C3(NC(=O)[C@H]4[C@@H]5CCC[C@H]4c4ccccc4N5)CCC3)cc2)CCN1[EOS][EOS],50687.55324268341,42
10.5,CC1(c2ccc(NC(=O)C3CCC[NH+](C4Cc5ccccc5C4)C3)cc2)NC(=O)NC1=O,[BOS]C[C@@]1(c2ccc(NC(=O)[C@@H]3CCC[NH+](C4Cc5ccccc5C4)C3)cc2)NC(=O)NC1=O[EOS][EOS][EOS][EOS][EOS][EOS][EOS][EOS],55336.960980176926,42
11.4,O=C(NC1CCc2nc(NC(=O)C3Cc4ccccc4C3)sc2C1)c1cnn2cccc(F)c12,[BOS]O=C(N[C@@H]1CCc2nc(NC(=O)C3Cc4ccccc4C3)sc2C1)c1cnn2cccc(F)c12[EOS][EOS][EOS][EOS][EOS][EOS][EOS],4645.201586961746,42
11.3,CC1CN(C(=O)C23C[NH+](Cc4ccccc4)CC(O2)c2ccccc23)c2cccc(F)c2O1,[BOS]C[C@@H]1CN(C(=O)[C@@]23C[NH+](Cc4ccccc4)C[C@@H](O2)c2ccccc23)c2cccc(F)c2O1[EOS][EOS][EOS][EOS][EOS][EOS][EOS],9045.510826349258,42
11.9,O=C(c1cc(-c2ccccc2)ccc1F)N1CCC2C1CCN2C(=O)c1c[nH]c2c(Cl)cccc2c1=O,[BOS]O=C(c1cc(-c2ccccc2)ccc1F)N1CC[C@H]2[C@@H]1CCN2C(=O)c1c[nH]c2c(Cl)cccc2c1=O[EOS],13407.757521390915,42
11.0,C[NH+]1CCCC(C(=O)NC2CCc3nc(NC(=O)C4CCc5ccccc5C4)sc3C2)C1,[BOS]C[NH+]1CCC[C@@H](C(=O)N[C@H]2CCc3nc(NC(=O)[C@H]4CCc5ccccc5C4)sc3C2)C1[EOS],17806.146644353867,42
10.6,Cc1cc2oc3c(c(=O)c2cc1C)C(c1ccc(Cl)cc1)N(c1ccc(F)cc1F)C3=O,[BOS]Cc1cc2oc3c(c(=O)c2cc1C)[C@@H](c1ccc(Cl)cc1)N(c1ccc(F)cc1F)C3=O[EOS],22289.46906852722,42
11.3,O=C(NCC1OCC2CCN(C(=O)c3nc4c(=O)[nH]c5ccccc5n4n3)CC21)c1cc2cccnc2[nH]1,[BOS]O=C(NC[C@@H]1OC[C@@H]2CCN(C(=O)c3nc4c(=O)[nH]c5ccccc5n4n3)C[C@@H]21)c1cc2cccnc2[nH]1[EOS][EOS][EOS][EOS][EOS][EOS][EOS][EOS],27549.75390291214,42
10.4,Nc1nccc(C2CCCN(C(=O)NCC3(c4cccc(C(F)(F)F)c4)CCCCC3)C2)n1,[BOS]Nc1nccc([C@H]2CCCN(C(=O)NCC3(c4cccc(C(F)(F)F)c4)CCCCC3)C2)n1[EOS][EOS][EOS][EOS][EOS][EOS][EOS],31950.424748182297,42
11.1,Cc1cccc(CC(=O)NC2CCc3nc(NC(=O)c4ccc5c(c4)CCCC5=O)sc3C2)c1,[BOS]Cc1cccc(CC(=O)N[C@H]2CCc3nc(NC(=O)c4ccc5c(c4)CCCC5=O)sc3C2)c1[EOS],36476.8053355217,42
11.5,Cc1ccc2cc(C(=O)Nc3nc4c(s3)CC(NC(=O)C3(F)CCCCC3(F)F)CC4)cc(Cl)c2n1,[BOS]Cc1ccc2cc(C(=O)Nc3nc4c(s3)C[C@@H](NC(=O)[C@]3(F)CCCCC3(F)F)CC4)cc(Cl)c2n1[EOS][EOS][EOS][EOS][EOS][EOS][EOS],40940.340794086456,42
12.5,O=C1CC2(CC[NH+](C3CCc4ccccc4CC3)CC2)c2ccc3ccccc3c2N1C1CC[NH2+]CC1,[BOS]O=C1CC2(CC[NH+](C3CCc4ccccc4CC3)CC2)c2ccc3ccccc3c2N1C1CC[NH2+]CC1[EOS],45085.4471745491,42
12.0,Cn1cnc2c(-c3ccccc3)nc(C3CC[NH+](Cc4ccc(F)c(OCc5ccccc5)c4F)CC3)cc21,[BOS]Cn1cnc2c(-c3ccccc3)nc(C3CC[NH+](Cc4ccc(F)c(OCc5ccccc5)c4F)CC3)cc21[EOS],51018.3360619545,42
11.1,O=C(c1ccnc(Cl)n1)N1CCC2(CCCN(C(=O)C3CCc4ccccc4C3)C2)CC1,[BOS]O=C(c1ccnc(Cl)n1)N1CCC2(CCCN(C(=O)[C@@H]3CCc4ccccc4C3)C2)CC1[EOS],55321.95799922943,42
11.1,Cc1cc(NC(=O)CC(=O)Nc2cc(C3CCCCN3C(=O)c3ccc4c(cnn4C)c3)[nH]n2)no1,[BOS]Cc1cc(NC(=O)CC(=O)Nc2cc([C@@H]3CCCCN3C(=O)c3ccc4c(cnn4C)c3)[nH]n2)no1[EOS],5115.342465877533,42
11.0,Oc1ccc(CN2CCn3c(-c4ccccc4)c[nH+]c3C23CC[NH2+]CC3)c(Cl)c1OCc1ccccc1,[BOS]Oc1ccc(CN2CCn3c(-c4ccccc4)c[nH+]c3C23CC[NH2+]CC3)c(Cl)c1OCc1ccccc1[EOS],9404.996684789658,42
11.2,N=C1N=C2C(=Cc3cc(-c4c(F)cccc4F)c(F)cc32)C(=O)N1C1CCC(O)=NC(=O)N1O,[BOS]N=C1N=C2C(=Cc3cc(-c4c(F)cccc4F)c(F)cc32)C(=O)N1C1CCC(O)=NC(=O)N1O[EOS],13104.522713422775,42
11.7,Cc1cc2cc(C(=O)N3CCCCC3c3cc(NC(=O)c4[nH]nc5c4CCc4ncccc4-5)n[nH]3)ccc2[nH]1,[BOS]Cc1cc2cc(C(=O)N3CCCC[C@@H]3c3cc(NC(=O)c4[nH]nc5c4CCc4ncccc4-5)n[nH]3)ccc2[nH]1[EOS],18095.756907701492,42
10.5,CN1C(=O)CCC2C1CCN2C(F)(F)c1cc(-c2cccc(C(F)(F)F)c2)nnc1Cl,[BOS]CN1C(=O)CC[C@@H]2[C@H]1CCN2C(F)(F)c1cc(-c2cccc(C(F)(F)F)c2)nnc1Cl[EOS],22154.374037981033,42
12.5,Cc1ccc2c(c1)C1(C(O)=N2)C2C(=O)N(c3cccc4ccccc34)C(=O)C2C=CN1NCc1ccccc1C,[BOS]Cc1ccc2c(c1)[C@]1(C(O)=N2)[C@H]2C(=O)N(c3cccc4ccccc34)C(=O)[C@H]2C=CN1NCc1ccccc1C[EOS],26030.534168720245,42
11.0,Cn1c(=O)cc(C(=O)N2CC(c3ccnc(Cl)c3)C3C(OCc4cccc(F)c4)C(O)CC32)c2ccccc21,[BOS]Cn1c(=O)cc(C(=O)N2C[C@H](c3ccnc(Cl)c3)[C@@H]3[C@@H](OCc4cccc(F)c4)[C@@H](O)C[C@H]32)c2ccccc21[EOS][EOS],29826.24287390709,42
11.0,Cc1nn(C)c(=O)c(C(=O)C2(C)Oc3ccc(Cl)cc3C=C2C(=O)c2cc(C(F)(F)F)ccc2Cl)c1C,[BOS]Cc1nn(C)c(=O)c(C(=O)[C@@]2(C)Oc3ccc(Cl)cc3C=C2C(=O)c2cc(C(F)(F)F)ccc2Cl)c1C[EOS],34035.2043902874,42
12.5,CC1Cc2cc(COC(=O)c3c4c(nc5ccccc35)C(=Cc3cccc([N+](=O)[O-])c3)CC4)ccc2O1,[BOS]C[C@@H]1Cc2cc(COC(=O)c3c4c(nc5ccccc35)C(=Cc3cccc([N+](=O)[O-])c3)CC4)ccc2O1[EOS],39040.35225248337,42
11.1,O=C1CC(C(=O)NC2CCc3nc(NC(=O)c4cc5cccnc5[nH]c4=O)sc3C2)CCN1,[BOS]O=C1C[C@@H](C(=O)N[C@H]2CCc3nc(NC(=O)c4cc5cccnc5[nH]c4=O)sc3C2)CCN1[EOS][EOS][EOS][EOS][EOS][EOS][EOS][EOS],43845.76368045807,42
10.8,CC1=Nc2ccccc2C12CCN(c1nnc(-c3[nH]c(O)c4ccccc34)n1C)CC2,[BOS]CC1=Nc2ccccc2C12CCN(c1nnc(-c3[nH]c(O)c4ccccc34)n1C)CC2[EOS],47642.675520181656,42
11.2,Cc1cc(F)cc(CC(=O)N2CCOC3(COCCN(C(=O)c4c[nH]c5cc(Cl)ccc45)C3)C2)c1,[BOS]Cc1cc(F)cc(CC(=O)N2CCO[C@]3(COCCN(C(=O)c4c[nH]c5cc(Cl)ccc45)C3)C2)c1[EOS],52269.67985343933,42
10.6,COc1ccc2oc(C(=O)N3CCC4OCCCC4(CNC(=O)C4=Cc5ccccc5NC(=O)C4)C3)cc2c1,[BOS]COc1ccc2oc(C(=O)N3CC[C@H]4OCCC[C@@]4(CNC(=O)C4=Cc5ccccc5NC(=O)C4)C3)cc2c1[EOS][EOS][EOS][EOS][EOS][EOS],4812.167938709259,42
12.0,O=C(c1cccc2[nH]ncc12)N1CCC2(CCCN(C(=O)c3ccc(Br)c4ccccc34)C2)CC1,[BOS]O=C(c1cccc2[nH]ncc12)N1CCC2(CCCN(C(=O)c3ccc(Br)c4ccccc34)C2)CC1[EOS],9307.6776471138,42
10.7,O=C1CCC(C(=O)N2CCCC(Cc3cccc4ccccc34)C2)CN1Cc1ccc(F)cc1,[BOS]O=C1CC[C@H](C(=O)N2CCC[C@H](Cc3cccc4ccccc34)C2)CN1Cc1ccc(F)cc1[EOS],13493.933820486069,42
13.1,c1ccc(COc2cc(-c3ccccc3)cc(N(c3ccc4ccccc4c3)c3ccc4c5ccccc5c5ccccc5c4n3)n2)cc1,[BOS]c1ccc(-c2cc(OCc3ccccc3)nc(N(c3ccc4ccccc4c3)c3ccc4c5ccccc5c5ccccc5c4n3)c2)cc1[EOS],19277.244714021683,42
11.4,NC(=[NH+]C(=O)c1n[nH]c2cccc(F)c12)c1ccc(F)c(Cl)c1Oc1cccc2ccccc12,[BOS]NC(=[NH+]C(=O)c1n[nH]c2cccc(F)c12)c1ccc(F)c(Cl)c1Oc1cccc2ccccc12[EOS],23807.937129497528,42
11.3,Cc1cc(F)cc2c(NCC3CCN(c4ncnc5cc(Cl)ccc45)CC3)c(-c3nn[n-]n3)c[nH+]c12,[BOS]Cc1cc(F)cc2c(NCC3CCN(c4ncnc5cc(Cl)ccc45)CC3)c(-c3nn[n-]n3)c[nH+]c12[EOS],28476.870775938034,42
10.9,Cc1[nH]nc(C(=O)N2CCCCC2C2CCN(C(=O)c3c(-c4ccccc4)cn4ccccc34)CC2)c1F,[BOS]Cc1[nH]nc(C(=O)N2CCCC[C@H]2C2CCN(C(=O)c3c(-c4ccccc4)cn4ccccc34)CC2)c1F[EOS][EOS][EOS][EOS][EOS][EOS][EOS][EOS],33508.33808875084,42
11.3,Cc1cc(C2(c3cccc(OC4CCOC5(CC[NH2+]C5)C4)c3)Oc3cc(O)ccc3C(=O)C2c2ccc(F)cc2)ccc1O,[BOS]Cc1cc([C@]2(c3cccc(O[C@@H]4CCOC5(CC[NH2+]C5)C4)c3)Oc3cc(O)ccc3C(=O)[C@@H]2c2ccc(F)cc2)ccc1O[EOS][EOS][EOS][EOS][EOS][EOS],39857.79116368294,42
11.1,O=C(C(Cc1ccccc1)c1ccccc1)N1CCCC2(COCCN(c3ccc(F)cn3)C2)C1,[BOS]O=C([C@@H](Cc1ccccc1)c1ccccc1)N1CCC[C@@]2(COCCN(c3ccc(F)cn3)C2)C1[EOS],44484.973643541336,42
11.1,O=C(C1C[NH+](Cc2ccccc2)CC1c1ccc(F)cc1)N1CCc2c1cccc2C(F)(F)F,[BOS]O=C([C@H]1C[NH+](Cc2ccccc2)C[C@@H]1c1ccc(F)cc1)N1CCc2c1cccc2C(F)(F)F[EOS][EOS][EOS][EOS][EOS][EOS][EOS][EOS],49285.43647146225,42
10.6,O=C(Nc1ccc(C2(NC(=O)c3n[nH]c4cccc(F)c34)CCC2)cc1)c1cc2cccnc2[nH]c1=O,[BOS]O=C(Nc1ccc(C2(NC(=O)c3n[nH]c4cccc(F)c34)CCC2)cc1)c1cc2cccnc2[nH]c1=O[EOS],54559.886746644974,42
11.9,Cc1cc(Cl)c2ccc(C(=O)Nc3cc(C4CCCCN4C(=O)c4cc(C)[nH]c(=O)c4)[nH]n3)cc2c1,[BOS]Cc1cc(C(=O)N2CCCC[C@@H]2c2cc(NC(=O)c3ccc4c(Cl)cc(C)cc4c3)n[nH]2)cc(=O)[nH]1[EOS],58798.7679400444,42
11.1,O=C(Nc1cc(C2CCCCN2C(=O)c2ccnc3[nH]ccc23)[nH]n1)C1CC(=O)N(Cc2ccccc2)C1,[BOS]O=C1C[C@@H](C(=O)Nc2cc([C@H]3CCCCN3C(=O)c3ccnc4[nH]ccc34)[nH]n2)CN1Cc1ccccc1[EOS][EOS],5068.0150825977325,42
11.9,Cc1cccc(N2NC(O)=C(C3CC(=O)C(c4ccccc4)=C4N=CNN43)C2c2ccc(C)c(-c3ccc(F)cc3F)c2)c1,[BOS]Cc1ccc(C2C(C3CC(=O)C(c4ccccc4)=C4N=CNN43)=C(O)NN2c2cccc(C)c2)cc1-c1ccc(F)cc1F[EOS],10192.534368991852,42
11.7,O=C1CCc2ccc(C(=O)Nc3nc4c(s3)CC(NC(=O)C3CNc5ccccc53)CC4)cc2N1,[BOS]O=C1CCc2ccc(C(=O)Nc3nc4c(s3)C[C@H](NC(=O)[C@H]3CNc5ccccc53)CC4)cc2N1[EOS],14862.82620048523,42
11.9,O=C(Nc1cc(C2CCCCN2C(=O)c2n[nH]c3ccc(-c4ccccc4)cc23)[nH]n1)C1Cc2ccccc2C[NH2+]1,[BOS]O=C(Nc1cc([C@H]2CCCCN2C(=O)c2n[nH]c3ccc(-c4ccccc4)cc23)[nH]n1)[C@H]1Cc2ccccc2C[NH2+]1[EOS],20072.854692220688,42
11.0,O=S(=O)(c1ccccc1Oc1ccccc1)N(c1ccccn1)c1cc(Cl)cc2c1[nH]c1ccccc12,[BOS]O=S(=O)(c1ccccc1Oc1ccccc1)N(c1ccccn1)c1cc(Cl)cc2c1[nH]c1ccccc12[EOS],25146.02633714676,42
11.5,O=C(Nc1ccc(C2(NC(=O)C3C4CCCC3c3ccccc3N4)CCC2)cc1)c1cccc2cn[nH]c12,[BOS]O=C(Nc1ccc(C2(NC(=O)[C@H]3[C@@H]4CCC[C@H]3c3ccccc3N4)CCC2)cc1)c1cccc2cn[nH]c12[EOS],30752.78776216507,42
11.0,Cc1nc(N)sc1C(=O)N1CCOC2(COCCN(C(=O)c3cc4cccc(C)c4[nH]3)C2)C1,[BOS]Cc1nc(N)sc1C(=O)N1CCO[C@]2(COCCN(C(=O)c3cc4cccc(C)c4[nH]3)C2)C1[EOS],35029.67535829544,42
11.4,O=C(C(=O)N1CCCCC1C1CCN(C(=O)C2CC23C(=O)Nc2ccccc23)CC1)c1ccccc1,[BOS]O=C(C(=O)N1CCCC[C@@H]1C1CCN(C(=O)[C@H]2C[C@@]23C(=O)Nc2ccccc23)CC1)c1ccccc1[EOS],39708.95797753334,42
10.2,O=C(c1ccccc1Cn1c(O)ccc1O)N1CCC(c2nnc3n2CCCC3)CC1,[BOS]O=C(c1ccccc1Cn1c(O)ccc1O)N1CCC(c2nnc3n2CCCC3)CC1[EOS][EOS][EOS][EOS][EOS][EOS][EOS],44348.630841732025,42
11.9,O=C(NC1CCc2nc(NC(=O)c3cccc4cccc(F)c34)sc2C1)c1cc2cccnc2[nH]c1=O,[BOS]O=C(Nc1nc2c(s1)C[C@H](NC(=O)c1cc3cccnc3[nH]c1=O)CC2)c1cccc2cccc(F)c12[EOS],48993.15741229057,42
11.2,O=C(NC1CCC(c2cccc(Cl)c2)C1)N1Cc2ccc(O)cc2C2(CC2)C1,[BOS]O=C(N[C@@H]1CC[C@@H](c2cccc(Cl)c2)C1)N1Cc2ccc(O)cc2C2(CC2)C1[EOS],52936.503118276596,42
11.0,CC(c1ccc2ccccc2c1)[NH+]1CCC2(CC1)OC(C(=O)N1CC3CC1CN3)Cc1ccccc12,[BOS]C[C@H](c1ccc2ccccc2c1)[NH+]1CCC2(CC1)O[C@@H](C(=O)N1C[C@@H]3C[C@H]1CN3)Cc1ccccc12[EOS][EOS][EOS][EOS],57175.71742987633,42
10.6,CC1=CCC(C(=O)Nc2cc(C3CCCCN3C(=O)CCC(c3ccccc3)c3ccccc3)[nH]n2)CC1,[BOS]CC1=CC[C@@H](C(=O)Nc2cc([C@@H]3CCCCN3C(=O)CCC(c3ccccc3)c3ccccc3)[nH]n2)CC1[EOS][EOS],4446.8301656246185,42
10.3,Cc1cc(C(=O)NCC2OCC3CCN(C(=O)C4Cc5ccccc5C4)CC32)nc2nccn12,[BOS]Cc1cc(C(=O)NC[C@@H]2OC[C@@H]3CCN(C(=O)C4Cc5ccccc5C4)C[C@@H]32)nc2nccn12[EOS][EOS][EOS][EOS][EOS][EOS][EOS],9163.109948158264,42
10.6,O=C(Cc1noc2ccccc12)N1CCC2(C1)CN(C(=O)C1(F)CCCCC1(F)F)CCO2,[BOS]O=C(Cc1noc2ccccc12)N1CC[C@]2(C1)CN(C(=O)[C@]1(F)CCCCC1(F)F)CCO2[EOS][EOS][EOS][EOS][EOS][EOS],13932.914793729782,42
11.0,O=C(C1N=C(O)OC12c1ccccc1Oc1ccccc12)N1CCc2nc3ccccn3c(=O)c2C1,[BOS]O=C([C@@H]1N=C(O)OC12c1ccccc1Oc1ccccc12)N1CCc2nc3ccccn3c(=O)c2C1[EOS][EOS][EOS][EOS],18491.724826335907,42
13.2,O=C1C2c3ccccc3CC[NH+]2C(=O)NN1c1nc2ccccc2c2nnc(-c3ccc4ccccc4c3)n12,[BOS]O=C1NN(c2nc3ccccc3c3nnc(-c4ccc5ccccc5c4)n23)C(=O)[C@@H]2c3ccccc3CC[NH+]12[EOS],22393.43274283409,42
10.6,Cn1c(=O)n(CC(=O)N2CCC3(C2)CN(C(=O)C2(C)CCCCC2(F)F)CCO3)c2ccccc21,[BOS]Cn1c(=O)n(CC(=O)N2CC[C@]3(C2)CN(C(=O)[C@]2(C)CCCCC2(F)F)CCO3)c2ccccc21[EOS][EOS][EOS][EOS][EOS][EOS][EOS],26958.933557271957,42
12.1,Cc1cccc2c(C(=O)N3CCC4(C3)OCc3ccccc34)cc(-c3ccc4ccccc4c3)nc12,[BOS]Cc1cccc2c(C(=O)N3CC[C@@]4(C3)OCc3ccccc34)cc(-c3ccc4ccccc4c3)nc12[EOS],31365.127547502518,42
11.9,O=C(NC1CCc2nc(NC(=O)C3CCCC4CCCCC43)sc2C1)c1cc(=O)[nH]c(=O)[nH]1,[BOS]O=C(N[C@@H]1CCc2nc(NC(=O)[C@@H]3CCC[C@H]4CCCC[C@@H]43)sc2C1)c1cc(=O)[nH]c(=O)[nH]1[EOS],36100.88159966469,42
11.3,O=C(Nc1ccc2ccc(Cl)cc2n1)c1c2c(nc3ccccc13)C(=Cc1ccc3c(c1)OCO3)CC2,[BOS]O=C(Nc1ccc2ccc(Cl)cc2n1)c1c2c(nc3ccccc13)C(=Cc1ccc3c(c1)OCO3)CC2[EOS],40399.15067982674,42
10.3,Cc1cnc(Cl)c(C(=O)N2CCC([NH+]3CCC(NC(=O)c4[nH]nc5c4CCC5C)CC3)CC2)c1,[BOS]Cc1cnc(Cl)c(C(=O)N2CCC([NH+]3CCC(NC(=O)c4[nH]nc5c4CC[C@@H]5C)CC3)CC2)c1[EOS][EOS][EOS][EOS][EOS],45407.04942393303,42
10.0,CC1c2ccccc2OCCN1C(=O)C1CCN(S(=O)(=O)c2ccc3ccccc3c2)CC1,[BOS]C[C@H]1c2ccccc2OCCN1C(=O)C1CCN(S(=O)(=O)c2ccc3ccccc3c2)CC1[EOS],49383.580806970596,42
10.4,CC(NC(=O)N1CCCCCC1c1noc(-c2ccc(F)cc2)n1)c1nnnn1-c1ccccc1,[BOS]C[C@@H](NC(=O)N1CCCCC[C@@H]1c1noc(-c2ccc(F)cc2)n1)c1nnnn1-c1ccccc1[EOS][EOS][EOS][EOS][EOS][EOS][EOS],53858.04683303833,42
11.1,O=C(Nc1ccc(-n2cnc3ccccc32)cc1)C1CC2CCCC2N1C(=O)c1ccccc1C(F)(F)F,[BOS]O=C(Nc1ccc(-n2cnc3ccccc32)cc1)[C@@H]1C[C@H]2CCC[C@H]2N1C(=O)c1ccccc1C(F)(F)F[EOS],4550.249784231186,42
11.5,Cc1ccc(-c2cc(-c3nnc(C4COc5ccccc5O4)o3)c3ccccc3n2)c2ccccc12,[BOS]Cc1ccc(-c2cc(-c3nnc([C@H]4COc5ccccc5O4)o3)c3ccccc3n2)c2ccccc12[EOS],8691.656474351883,42
10.3,O=C(Nc1ccc(Cn2c([O-])c(Cc3c[nH]c4cc(F)ccc34)[nH]c2=O)cc1)c1ccccc1F,[BOS]O=C(Nc1ccc(Cn2c([O-])c(Cc3c[nH]c4cc(F)ccc34)[nH]c2=O)cc1)c1ccccc1F[EOS][EOS][EOS][EOS][EOS][EOS],13749.382371664047,42
11.2,O=C(C1CCc2[nH]c(=O)[nH]c(=O)c2C1)N1CCC2(C1)CN(C(=O)C1CCc3ccccc31)CCO2,[BOS]O=C([C@@H]1CCc2[nH]c(=O)[nH]c(=O)c2C1)N1CC[C@@]2(C1)CN(C(=O)[C@H]1CCc3ccccc31)CCO2[EOS][EOS][EOS][EOS][EOS][EOS][EOS][EOS],18314.32614684105,42
11.1,Cc1ccc2c(c1)C1(CC[NH+](C3COC4(CC[NH2+]CC4)C3)CC1)CN2C(=O)c1ccccc1F,[BOS]Cc1ccc2c(c1)C1(CC[NH+]([C@H]3COC4(CC[NH2+]CC4)C3)CC1)CN2C(=O)c1ccccc1F[EOS][EOS][EOS][EOS][EOS][EOS],22631.4953455925,42
12.2,O=C(c1ccnn1-c1ccc2ccc(-c3ccccc3)cn12)N1CC2CC(C1)c1cc3ncccc3cc12,[BOS]O=C(c1ccnn1-c1ccc2ccc(-c3ccccc3)cn12)N1C[C@H]2C[C@@H](C1)c1cc3cccnc3cc12[EOS],27906.821663856506,42
10.6,O=C(c1ccccc1[N+]1=c2ccccc2=CC1)N1CC[NH+](Cc2nc(O)c3ccccc3[nH+]2)CC1,[BOS]O=C(c1ccccc1[N+]1=c2ccccc2=CC1)N1CC[NH+](Cc2nc(O)c3ccccc3[nH+]2)CC1[EOS][EOS][EOS][EOS][EOS][EOS][EOS],32612.439037799835,42
11.0,Cc1ccn2c(C(=O)N3CCOCC4(CN(C(=O)COc5cccc6ccccc56)CCO4)C3)c[nH+]c2c1,[BOS]Cc1ccn2c(C(=O)N3CCOC[C@@]4(CN(C(=O)COc5cccc6ccccc56)CCO4)C3)c[nH+]c2c1[EOS],37330.32561969757,42
10.7,CC1(C(=O)NCC2OCC3CCN(C(=O)c4cc5cc(OCc6ccccc6)ccc5[nH]4)CC32)CC=CCC1,[BOS]C[C@@]1(C(=O)NC[C@@H]2OC[C@@H]3CCN(C(=O)c4cc5cc(OCc6ccccc6)ccc5[nH]4)C[C@@H]32)CC=CCC1[EOS][EOS][EOS][EOS][EOS][EOS][EOS],42189.21119618416,42
11.7,O=C(Nc1cc(C2CCCCN2C(=O)c2cnnc3ccccc23)[nH]n1)C1CCc2cccc(Cl)c21,[BOS]O=C(Nc1cc([C@@H]2CCCCN2C(=O)c2cnnc3ccccc23)[nH]n1)[C@@H]1CCc2cccc(Cl)c21[EOS],47262.556337833405,42
10.9,O=C(c1cc2ccccc2o1)N1CCCCC1C1CCN(C(=O)C2(c3ccc(O)cc3)CC2)CC1,[BOS]O=C(c1cc2ccccc2o1)N1CCCC[C@H]1C1CCN(C(=O)C2(c3ccc(O)cc3)CC2)CC1[EOS][EOS][EOS][EOS],51532.7588057518,42
12.5,Fc1ccc2ncc(CN3c4ccccc4N=C4CCCC(Cl)=C4C3c3ccccc3F)cc2c1,[BOS]Fc1ccc2ncc(CN3c4ccccc4N=C4CCCC(Cl)=C4[C@@H]3c3ccccc3F)cc2c1[EOS],56061.48634457588,42
11.0,O=C(NC(CC(=O)N1Cc2cccnc2Oc2ccccc21)c1ccccc1)c1ccc2ccccc2c1,[BOS]O=C(N[C@@H](CC(=O)N1Cc2cccnc2Oc2ccccc21)c1ccccc1)c1ccc2ccccc2c1[EOS][EOS][EOS][EOS][EOS],5388.253715276718,42
11.9,O=C(Nc1cc(C2CCCCN2C(=O)c2n[nH]c3ccc(-c4ccccc4)cc23)[nH]n1)C1Cc2ccccc2C[NH2+]1,[BOS]O=C(Nc1cc([C@H]2CCCCN2C(=O)c2n[nH]c3ccc(-c4ccccc4)cc23)[nH]n1)[C@H]1Cc2ccccc2C[NH2+]1[EOS],10569.16400027275,42
10.9,O=C(c1ccc2ccoc2c1)N1CCCCC1C1CCN(C(=O)C2(F)CCCCC2(F)F)CC1,[BOS]O=C(c1ccc2ccoc2c1)N1CCCC[C@@H]1C1CCN(C(=O)[C@@]2(F)CCCCC2(F)F)CC1[EOS][EOS][EOS][EOS][EOS][EOS][EOS],14826.825205564499,42
11.6,C[NH+]1CCCCC1C(=O)N1C2CCC1CC(NC(=O)c1cc(-c3ccccc3)nc3ccccc13)C2,[BOS]C[NH+]1CCCC[C@@H]1C(=O)N1[C@@H]2CC[C@H]1C[C@@H](NC(=O)c1cc(-c3ccccc3)nc3ccccc13)C2[EOS],19790.352338552475,42
11.9,FC1(F)CC[NH+](C2CCCC(c3ccc(-c4ccnc(Br)c4)cc3)C2)CC12CCN(c1ccccn1)C2,[BOS]FC1(F)CC[NH+]([C@@H]2CCC[C@@H](c3ccc(-c4ccnc(Br)c4)cc3)C2)C[C@]12CCN(c1ccccn1)C2[EOS],24930.23820233345,42
12.3,O=C(Nc1nc2c(s1)CC(NC(=O)C1C3CCCC1c1ccccc1N3)CC2)c1ccc2cnccc2c1,[BOS]O=C(Nc1nc2c(s1)C[C@@H](NC(=O)[C@H]1[C@@H]3CCC[C@H]1c1ccccc1N3)CC2)c1ccc2cnccc2c1[EOS],29686.0287463665,42
10.8,Cc1ccc2ncc(C(=O)NCC3CC4c5ccccc5C3c3ccccc34)c(=O)n2c1,[BOS]Cc1ccc2ncc(C(=O)NC[C@H]3CC4c5ccccc5C3c3ccccc34)c(=O)n2c1[EOS],34022.04702925682,42
11.2,O=C(c1ccnc2ccccc12)N1CCC(c2nc3ccc(-c4ccccc4)cn3n2)CC1,[BOS]O=C(c1ccnc2ccccc12)N1CCC(c2nc3ccc(-c4ccccc4)cn3n2)CC1[EOS],38434.07185435295,42
10.8,Cn1c(CC(=O)NN=Cc2cc(-c3ccccc3)cn(-c3ccc([N+](=O)[O-])cc3)c2=O)nc2ccccc2c1=O,[BOS]Cn1c(CC(=O)NN=Cc2cc(-c3ccccc3)cn(-c3ccc([N+](=O)[O-])cc3)c2=O)nc2ccccc2c1=O[EOS][EOS],44428.39850354195,42
11.6,O=C(Cn1c2ccccc2c(=O)c2ccccc21)N1CCC2(CC1)C(=O)NCCc1ccccc12,[BOS]O=C1NCCc2ccccc2C12CCN(C(=O)Cn1c3ccccc3c(=O)c3ccccc31)CC2[EOS],48331.01468658447,42
11.2,O=C(c1[nH]c2ccoc2c1-c1ccccc1)N1CC2(CCCN2C(=O)c2cc(=O)[nH]c3ccccc23)C1,[BOS]O=C(c1[nH]c2ccoc2c1-c1ccccc1)N1CC2(CCCN2C(=O)c2cc(=O)[nH]c3ccccc23)C1[EOS][EOS][EOS][EOS][EOS][EOS][EOS][EOS],53246.824196100235,42
11.2,O=C1CCC(c2nc(-c3ccc(-c4ccccc4)cc3)no2)C(c2cccc(Cl)c2)N1c1ccccc1-n1nccn1,[BOS]O=C1CC[C@H](c2nc(-c3ccc(-c4ccccc4)cc3)no2)[C@@H](c2cccc(Cl)c2)N1c1ccccc1-n1nccn1[EOS],57374.04348182678,42
13.1,O=C(c1ccccc1)C1C(C(=O)c2cccc3ccccc23)C2(C(=O)Nc3cc(Cl)ccc32)C2C=CC=CN12,[BOS]O=C(c1ccccc1)[C@@H]1[C@@H](C(=O)c2cccc3ccccc23)[C@@]2(C(=O)Nc3cc(Cl)ccc32)[C@H]2C=CC=CN21[EOS],4962.867278337479,42
12.0,Cc1ccc2[nH]cc(CC(=O)N3CCCCC3c3cc(NC(=O)C=C4C(=O)Nc5ccccc54)n[nH]3)c2c1,[BOS]Cc1ccc2[nH]cc(CC(=O)N3CCCC[C@H]3c3cc(NC(=O)C=C4C(=O)Nc5ccccc54)n[nH]3)c2c1[EOS],10599.936708688736,42
10.3,Cc1cc(C)cc(-c2nnc(-c3cc4c(C)nn(-c5ccccc5F)c4s3)n2C)c1,[BOS]Cc1cc(C)cc(-c2nnc(-c3cc4c(C)nn(-c5ccccc5F)c4s3)n2C)c1[EOS],14584.61126613617,42
11.5,Cn1ccc2cccc(C(=O)Nc3nc4c(s3)CC(NC(=O)Cc3cccc5ncccc35)CC4)c21,[BOS]Cn1ccc2cccc(C(=O)Nc3nc4c(s3)C[C@@H](NC(=O)Cc3cccc5ncccc35)CC4)c21[EOS],19343.44156551361,42
10.6,O=C(NC1CCCC1c1ccccc1)C1CCN(c2ccc3cccc(O)c3n2)CC1,[BOS]O=C(N[C@H]1CCC[C@@H]1c1ccccc1)C1CCN(c2ccc3cccc(O)c3n2)CC1[EOS],23591.23237156868,42
11.4,O=C1NC(=O)C2(CC3CCC(C2)N3C(=O)C2CCC(c3coc4cc(F)ccc34)CC2)N1,[BOS]O=C1NC(=O)C2(C[C@H]3CC[C@@H](C2)N3C(=O)C2CCC(c3coc4cc(F)ccc34)CC2)N1[EOS],27592.875432252884,42
10.5,Cc1ccc(-c2cccc(CN3CCC4(C3)CN(S(C)(=O)=O)CC43CCNC3=O)c2)cc1,[BOS]Cc1ccc(-c2cccc(CN3CC[C@]4(C3)CN(S(C)(=O)=O)C[C@@]43CCNC3=O)c2)cc1[EOS][EOS][EOS][EOS][EOS],31949.773748636246,42
10.7,Cc1nc2ccccn2c1C(=O)N1CCOC2(COCCN(C(=O)CCc3c[nH]c4ccccc34)C2)C1,[BOS]Cc1nc2ccccn2c1C(=O)N1CCO[C@@]2(COCCN(C(=O)CCc3c[nH]c4ccccc34)C2)C1[EOS][EOS][EOS][EOS],36513.36433792114,42
11.5,Cc1ccc2[nH]c(C(=O)NCC3OCC4CCN(C(=O)c5ccc(-c6ccccc6)cc5)CC43)cc2c1,[BOS]Cc1ccc2[nH]c(C(=O)NC[C@@H]3OC[C@@H]4CCN(C(=O)c5ccc(-c6ccccc6)cc5)C[C@@H]43)cc2c1[EOS],41432.65632414818,42
11.4,O=C1CC(C(=O)NC2(O)C=Cc3ccccc3C2c2c(O)ccc3ccccc23)C2=C1CCCC2=O,[BOS]O=C1C[C@@H](C(=O)N[C@]2(O)C=Cc3ccccc3[C@H]2c2c(O)ccc3ccccc23)C2=C1CCCC2=O[EOS][EOS],46960.03041791916,42
11.0,Nc1nc(COC(=O)c2noc3c2CCCC3=C2CSC(=Nc3cc(F)ccc3F)N2)nc2sc3c(c12)CCCC3,[BOS]Nc1nc(COC(=O)c2noc3c2CCCC3=C2CSC(=Nc3cc(F)ccc3F)N2)nc2sc3c(c12)CCCC3[EOS][EOS][EOS],52223.02990961075,42
12.3,O=C(N1CCCC2(CC[NH2+]CC2)CC(F)(F)C1)C12COc3cccc(F)c3C1C[NH+](Cc1ccccc1)C2,[BOS]O=C(N1CCCC2(CC[NH2+]CC2)CC(F)(F)C1)[C@@]12COc3cccc(F)c3[C@@H]1C[NH+](Cc1ccccc1)C2[EOS],56851.126230716705,42
11.2,Cc1cccn2ncc(C(=O)N3CCC(OC4CCN(C(=O)c5cccc6ccccc56)CC4)CC3)c12,[BOS]Cc1cccn2ncc(C(=O)N3CCC(OC4CCN(C(=O)c5cccc6ccccc56)CC4)CC3)c12[EOS],5143.814200162888,42
10.7,O=C1CCC2CN(C(=O)c3cc(-c4ccccn4)nc4ccccc34)c3cccc1c32,[BOS]O=C(c1cc(-c2ccccn2)nc2ccccc12)N1C[C@@H]2CCC(=O)c3cccc1c32[EOS],9342.007328271866,42
12.0,Cc1ccc2[nH]cc(CC(=O)N3CCCCC3c3cc(NC(=O)C=C4C(=O)Nc5ccccc54)n[nH]3)c2c1,[BOS]Cc1ccc2[nH]cc(CC(=O)N3CCCC[C@@H]3c3cc(NC(=O)C=C4C(=O)Nc5ccccc54)n[nH]3)c2c1[EOS],15023.68661737442,42
10.6,[NH3+]C1CCN(C(=O)c2ccccc2-c2cncc(-c3ccc4ccccc4c3)c2)CC1,[BOS][NH3+]C1CCN(C(=O)c2ccccc2-c2cncc(-c3ccc4ccccc4c3)c2)CC1[EOS],19633.656342744827,42
11.4,O=C(NC1CC[NH+](C2CCN(C(=O)C3CCc4ccccc43)CC2)CC1)c1cccc2c1oc1ccccc12,[BOS]O=C(NC1CC[NH+](C2CCN(C(=O)[C@H]3CCc4ccccc43)CC2)CC1)c1cccc2c1oc1ccccc12[EOS][EOS][EOS][EOS][EOS][EOS][EOS][EOS],25195.417032957077,42
10.9,O=C(NC1CC2CCC(C1)N2C(=O)C1CCC2CCC(=O)N2C1)C1C2CCCC1c1ccccc1N2,[BOS]O=C(N[C@H]1C[C@H]2CC[C@@H](C1)N2C(=O)[C@@H]1CC[C@H]2CCC(=O)N2C1)[C@@H]1[C@@H]2CCC[C@H]1c1ccccc1N2[EOS],29936.072635889053,42
11.7,O=C1CC2(CCN(C(=O)C34Cc5ccccc5C(C3)c3ccccc34)CC2)c2cc(F)ccc2N1,[BOS]O=C1CC2(CCN(C(=O)[C@@]34Cc5ccccc5[C@@H](C3)c3ccccc34)CC2)c2cc(F)ccc2N1[EOS][EOS],33729.28395938873,42
10.5,CC(C)c1ccc(CC(=O)N2CCOC3(COCCN(C(=O)C4CC4c4ccc(F)c(F)c4)C3)C2)cc1,[BOS]CC(C)c1ccc(CC(=O)N2CCO[C@]3(COCCN(C(=O)[C@@H]4C[C@H]4c4ccc(F)c(F)c4)C3)C2)cc1[EOS][EOS][EOS][EOS][EOS][EOS],38682.69559788704,42
10.8,Cc1cc(=O)oc2cc(NC(=O)C(Cc3ccc(F)cc3)Nc3nc4cc(F)ccc4c4ncnn34)ccc12,[BOS]Cc1cc(=O)oc2cc(NC(=O)[C@H](Cc3ccc(F)cc3)Nc3nc4cc(F)ccc4c4ncnn34)ccc12[EOS][EOS][EOS][EOS][EOS][EOS],43812.01689219475,42
10.8,O=C(CCn1cnc2sc(-c3ccccc3)cc2c1=O)N1CCS(=O)(=O)c2ccccc2C1,[BOS]O=C(CCn1cnc2sc(-c3ccccc3)cc2c1=O)N1CCS(=O)(=O)c2ccccc2C1[EOS][EOS][EOS][EOS][EOS][EOS][EOS],48986.598212480545,42
10.3,O=C(NC1CCC2CCCCC2C1)NC1CC2(CCCCC2)Oc2ccccc21,[BOS]O=C(N[C@@H]1CC[C@@H]2CCCC[C@H]2C1)N[C@@H]1CC2(CCCCC2)Oc2ccccc21[EOS],53050.26225209236,42
11.2,Cc1cccc2c(CC(=O)N3CCC4(CCCN(CC(=O)c5ccccc5-c5ccc(F)cc5)C4)C3)cccc12,[BOS]Cc1cccc2c(CC(=O)N3CC[C@]4(CCCN(CC(=O)c5ccccc5-c5ccc(F)cc5)C4)C3)cccc12[EOS][EOS][EOS][EOS],57181.594192266464,42
11.7,Cc1cc(C(=O)Nc2nc3c(s2)CC(NC(=O)c2cc4cccnc4[nH]c2=O)CC3)cc2cn[nH]c12,[BOS]Cc1cc(C(=O)Nc2nc3c(s2)C[C@@H](NC(=O)c2cc4cccnc4[nH]c2=O)CC3)cc2cn[nH]c12[EOS],4389.9413731098175,42
11.2,O=C(c1cccc(Cc2ccccc2)c1)N1CCOC2(CCN(C(=O)c3cc4cc[nH]c4cc3F)C2)C1,[BOS]O=C(c1cccc(Cc2ccccc2)c1)N1CCO[C@]2(CCN(C(=O)c3cc4cc[nH]c4cc3F)C2)C1[EOS][EOS],9450.046160936356,42
11.0,Cc1cc(C#N)cc(C(=O)N2CCOCC3(C2)CN(C(=O)c2cnc4cc(C)ccn4c2=O)CCO3)c1,[BOS]Cc1cc(C#N)cc(C(=O)N2CCOC[C@]3(C2)CN(C(=O)c2cnc4cc(C)ccn4c2=O)CCO3)c1[EOS][EOS][EOS][EOS][EOS][EOS],14006.144809484482,42
11.5,O=C(Cc1ccc2ccccc2c1)N1CCC(C2CCCCN2C(=O)C2(F)CCCCC2(F)F)CC1,[BOS]O=C(Cc1ccc2ccccc2c1)N1CCC([C@@H]2CCCCN2C(=O)[C@@]2(F)CCCCC2(F)F)CC1[EOS],18984.271921157837,42
10.1,O=C(NCC1CCN(C(=O)c2cnc3c(c2)CC[NH2+]CC3)C1c1cccnc1)c1cccc2c1CCCC2,[BOS]O=C(NC[C@H]1CCN(C(=O)c2cnc3c(c2)CC[NH2+]CC3)[C@@H]1c1cccnc1)c1cccc2c1CCCC2[EOS][EOS][EOS],23907.552625656128,42
11.4,Cc1ccc2cc(C(=O)Nc3nc4c(s3)CC(NC(=O)c3c[nH+]c5c(Cl)cccn35)CC4)ccc2n1,[BOS]Cc1ccc2cc(C(=O)Nc3nc4c(s3)C[C@@H](NC(=O)c3c[nH+]c5c(Cl)cccn35)CC4)ccc2n1[EOS],28189.307648181915,42
11.2,O=C(Nc1noc2c1CCCC2)C(=O)N1Cc2ccc(O)c(O)c2C(c2ccccc2)=C1c1ccccc1Cl,[BOS]O=C(Nc1noc2c1CCCC2)C(=O)N1Cc2ccc(O)c(O)c2C(c2ccccc2)=C1c1ccccc1Cl[EOS],32283.708132743835,42
10.5,O=C(c1cc(F)ccc1Cl)N1CCC(C2CCCCN2C(=O)c2n[nH]c3cccc(F)c23)CC1,[BOS]O=C(c1cc(F)ccc1Cl)N1CCC([C@H]2CCCCN2C(=O)c2n[nH]c3cccc(F)c23)CC1[EOS][EOS][EOS][EOS][EOS][EOS][EOS],36671.01021504402,42
11.5,Cc1cc2nc(C(=O)NC3CCc4nc(NC(=O)c5ccc6c(c5)CCCC6=O)sc4C3)[nH]c2cc1C,[BOS]Cc1cc2nc(C(=O)N[C@H]3CCc4nc(NC(=O)c5ccc6c(c5)CCCC6=O)sc4C3)[nH]c2cc1C[EOS],41243.981358766556,42
11.0,O=C(NCC1CCCN(c2nccn3cnnc23)C1)C1Cc2ccccc2CN1S(=O)(=O)c1ccc(F)cc1,[BOS]O=C(NC[C@H]1CCCN(c2nccn3cnnc23)C1)[C@@H]1Cc2ccccc2CN1S(=O)(=O)c1ccc(F)cc1[EOS][EOS][EOS][EOS][EOS][EOS][EOS],46186.095643520355,42
12.7,O=c1cc(-c2ccccc2)c2cc(NN=c3c4ccccc4[nH]c4c(-c5c(F)c(F)cc(F)c5F)ncnc34)ccc2o1,[BOS]O=c1cc(-c2ccccc2)c2cc(NN=c3c4ccccc4[nH]c4c(-c5c(F)c(F)cc(F)c5F)ncnc34)ccc2o1[EOS],51402.47370362282,42
10.8,Cc1noc(N(C(=O)c2ccc(C(F)(F)F)c3c2-c2ccccc2CC3=O)S(=O)(=O)c2ccc(N)cc2)c1C,[BOS]Cc1noc(N(C(=O)c2ccc(C(F)(F)F)c3c2-c2ccccc2CC3=O)S(=O)(=O)c2ccc(N)cc2)c1C[EOS][EOS][EOS][EOS][EOS][EOS][EOS],56675.79695558548,42
10.6,O=C(NCC1CCN(C(=O)C2CCc3ccccc32)C1c1cccnc1)C1Cc2ccccc2C1,[BOS]O=C(NC[C@H]1CCN(C(=O)[C@@H]2CCc3ccccc32)[C@@H]1c1cccnc1)C1Cc2ccccc2C1[EOS][EOS][EOS][EOS][EOS][EOS][EOS][EOS],5043.633472919464,42
10.0,O=C(NC(CC1CC1)c1ccccc1)c1ccc2noc(-c3ccc(F)cc3)c2c1,[BOS]O=C(N[C@H](CC1CC1)c1ccccc1)c1ccc2noc(-c3ccc(F)cc3)c2c1[EOS][EOS][EOS][EOS][EOS],9141.598899126053,42
10.9,O=C(NC1CC2CCC(C1)N2C(=O)c1ccnc2c1OCO2)C1CCCc2c1[nH]c1ccc(Cl)cc21,[BOS]O=C(N[C@H]1C[C@H]2CC[C@@H](C1)N2C(=O)c1ccnc2c1OCO2)[C@H]1CCCc2c1[nH]c1ccc(Cl)cc21[EOS],13842.90801024437,42
11.2,O=C(NC1CCc2nc(NC(=O)c3n[nH]c4cccc(F)c34)sc2C1)c1cccc2c1CCCC2,[BOS]O=C(Nc1nc2c(s1)C[C@@H](NC(=O)c1cccc3c1CCCC3)CC2)c1n[nH]c2cccc(F)c12[EOS],18499.883996486664,42
11.4,Cc1ccn2c(C(=O)N3CCOCC4(CN(C(=O)c5ccc6c(c5)C(=O)CC6)CCO4)C3)c[nH+]c2c1,[BOS]Cc1ccn2c(C(=O)N3CCOC[C@]4(CN(C(=O)c5ccc6c(c5)C(=O)CC6)CCO4)C3)c[nH+]c2c1[EOS],22986.55604338646,42
11.4,O=C(NC1CC2CCC(C1)N2C(=O)C1C2CCCC1c1ccccc1N2)c1[nH]cc2c1CCc1ncccc1-2,[BOS]O=C(N[C@H]1C[C@H]2CC[C@@H](C1)N2C(=O)[C@H]1[C@@H]2CCC[C@H]1c1ccccc1N2)c1[nH]cc2c1CCc1ncccc1-2[EOS][EOS][EOS][EOS][EOS][EOS][EOS],27715.932520389557,42
11.2,O=C(NCC1OCC2CCN(C(=O)c3cc4cc[nH]c4cc3F)CC21)c1nc2c(=O)[nH]c3ccccc3n2n1,[BOS]O=C(NC[C@@H]1OC[C@@H]2CCN(C(=O)c3cc4cc[nH]c4cc3F)C[C@@H]21)c1nc2c(=O)[nH]c3ccccc3n2n1[EOS][EOS][EOS][EOS][EOS][EOS][EOS],33140.56012105942,42
12.6,O=C(CN(C(=O)c1ccc2ccccc2c1)N1C(=O)C2C3C=CC(C4CC34)C2C1=O)c1ccc2c(c1)OCO2,[BOS]O=C(CN(C(=O)c1ccc2ccccc2c1)N1C(=O)[C@@H]2[C@H]3C=C[C@H]([C@H]4C[C@@H]34)[C@H]2C1=O)c1ccc2c(c1)OCO2[EOS][EOS][EOS][EOS][EOS][EOS][EOS],38141.0691845417,42
11.9,O=C1CC2C(CCN2c2ncnc3cc4c(cc23)OCCO4)c2ccccc2CN1Cc1ccc2nc(F)ccc2c1,[BOS]O=C1C[C@@H]2[C@@H](CCN2c2ncnc3cc4c(cc23)OCCO4)c2ccccc2CN1Cc1ccc2nc(F)ccc2c1[EOS],42211.75893378258,42
12.5,Clc1cc(-c2cccc(-n3cnc4ccc5ccccc5c43)n2)nc(-c2ccnc3ccccc23)c1Cl,[BOS]Clc1cc(-c2cccc(-n3cnc4ccc5ccccc5c43)n2)nc(-c2ccnc3ccccc32)c1Cl[EOS],47228.14047574997,42
11.5,O=C(c1ccc(-c2ccccc2)c(F)c1F)N1CC2(CCCN2C(=O)C2CCc3ccccc3C2O)C1,[BOS]O=C(c1ccc(-c2ccccc2)c(F)c1F)N1CC2(CCCN2C(=O)[C@H]2CCc3ccccc3[C@H]2O)C1[EOS],51478.89053654671,42
12.2,CC1(C)N(c2ccc3c(c2)C(c2ccccc2)CC(=O)N3)C(=O)CC12c1ccccc1Oc1ccc(Cl)cc12,[BOS]CC1(C)N(c2ccc3c(c2)[C@H](c2ccccc2)CC(=O)N3)C(=O)C[C@@]12c1ccccc1Oc1ccc(Cl)cc12[EOS],55109.57403922081,42
10.3,CC1CC(C(=O)N2CCC3(C2)CN(C(=O)C(C)(C)c2ccccn2)CCO3)CN(C(=O)OCc2ccccc2)C1,[BOS]C[C@@H]1C[C@H](C(=O)N2CC[C@]3(C2)CN(C(=O)C(C)(C)c2ccccn2)CCO3)CN(C(=O)OCc2ccccc2)C1[EOS][EOS][EOS][EOS][EOS][EOS][EOS][EOS],4359.765125274658,42
12.7,O=C1C=CC=CC1=C1NC2N(C(=C3C=Nc4cccc(Cl)c43)C1=O)c1ccccc1N2c1cccc2ccccc12,[BOS]O=C1C=CC=CC1=C1NC2N(c3cccc4ccccc34)c3ccccc3N2C(=C2C=Nc3cccc(Cl)c32)C1=O[EOS],8557.776786088943,42
11.0,O=C(c1onc2ccccc12)N1CCC2(C1)CN(C(=O)C1(F)CCCCC1(F)F)CCO2,[BOS]O=C(c1onc2ccccc12)N1CC[C@@]2(C1)CN(C(=O)[C@]1(F)CCCCC1(F)F)CCO2[EOS],12590.325229167938,42
12.4,Nc1cccc2c1C(=NNc1ccc3ccccc3c1Br)CC2c1ccc2ccccc2c1-c1cc(Br)c2ccccc2c1-c1ccc(Br)cc1,[BOS]Nc1cccc2c1C(=NNc1ccc3ccccc3c1Br)CC2c1ccc2ccccc2c1-c1cc(Br)c2ccccc2c1-c1ccc(Br)cc1[EOS],17350.221032857895,42
11.9,O=C1CCc2ccc(C(=O)NCC34CCCOC3CCN(C(=O)c3cnc5[nH]ccc5c3)C4)cc2N1,[BOS]O=C1CCc2ccc(C(=O)NC[C@@]34CCCO[C@@H]3CCN(C(=O)c3cnc5[nH]ccc5c3)C4)cc2N1[EOS],22522.85425925255,42
11.6,O=C(Cn1nnc2ccccc21)Nc1ccc2c(-c3ccc4ccccc4c3)cn(-c3ccc(F)cc3)c(=O)c2c1,[BOS]O=C(Cn1nnc2ccccc21)Nc1ccc2c(-c3ccc4ccccc4c3)cn(-c3ccc(F)cc3)c(=O)c2c1[EOS][EOS],27300.85155248642,42
11.9,O=C(Nc1cc(C2CCCCN2C(=O)c2[nH]nc3c2CCc2ncccc2-3)[nH]n1)c1ccc(F)c(F)c1,[BOS]O=C(Nc1cc([C@H]2CCCCN2C(=O)c2[nH]nc3c2CCc2ncccc2-3)[nH]n1)c1ccc(F)c(F)c1[EOS],32358.50159430504,42
11.1,Cc1ccc2nc(C(=O)N3CCOC4(CCN(C(=O)C5C6Sc7ccccc7C65)C4)C3)ccc2c1,[BOS]Cc1ccc2nc(C(=O)N3CCO[C@]4(CCN(C(=O)[C@@H]5[C@H]6Sc7ccccc7[C@@H]65)C4)C3)ccc2c1[EOS],36667.49007511139,42
10.8,O=C(NC(Cc1c[nH]c2ccccc12)C(=O)NCC1(O)C2C3CC4C5C3CC2C5C41)c1ccc(F)cc1F,[BOS]O=C(N[C@H](Cc1c[nH]c2ccccc12)C(=O)NC[C@]1(O)[C@@H]2[C@@H]3C[C@@H]4[C@@H]5[C@H]3C[C@H]2[C@H]5[C@H]41)c1ccc(F)cc1F[EOS][EOS][EOS][EOS][EOS],41766.836961984634,42
12.5,O=C(c1nc(-c2ccccc2)n(-c2cccc(C(F)(F)F)c2)n1)N1c2ccccc2OCC12C=CC(F)CC2,[BOS]O=C(c1nc(-c2ccccc2)n(-c2cccc(C(F)(F)F)c2)n1)N1c2ccccc2OCC12C=CC(F)CC2[EOS],46443.316224336624,42
10.9,Cc1ccn2c(C(=O)N3CCOCC4(C3)CN(C(=O)C3Cc5ccccc5C3)CCO4)c[nH+]c2c1,[BOS]Cc1ccn2c(C(=O)N3CCOC[C@]4(C3)CN(C(=O)C3Cc5ccccc5C3)CCO4)c[nH+]c2c1[EOS][EOS][EOS][EOS],50928.41755151749,42
10.9,Cc1ccc(CCC(=O)N2CCC3(CCCN(C(=O)Cc4ccc5c(c4)CCC5)C3)CC2)c2ccccc12,[BOS]Cc1ccc(CCC(=O)N2CCC3(CCCN(C(=O)Cc4ccc5c(c4)CCC5)C3)CC2)c2ccccc12[EOS],55857.01126217842,42
11.1,Cc1ccc(-n2c(SCC3COc4ccccc4O3)nnc2C2CC(=O)N(c3cccc(C)c3C)C2)c(C)c1,[BOS]Cc1cccc(N2C[C@H](c3nnc(SC[C@H]4COc5ccccc5O4)n3-c3ccc(C)cc3C)CC2=O)c1C[EOS],5877.311753749847,42
11.6,Cc1ccc(C)c(CC(=O)N2CCC3C2CCN3C(=O)c2cc(-c3ccccc3)nc3ccccc23)c1,[BOS]Cc1ccc(C)c(CC(=O)N2CC[C@H]3[C@@H]2CCN3C(=O)c2cc(-c3ccccc3)nc3ccccc23)c1[EOS],10611.15250825882,42
11.6,CN(C)c1nccc(N2CCOCC3(CCC[NH+](Cc4c5[nH]c6ccccc6c5cc5[nH]c6ccccc6c45)C3)C2)n1,[BOS]CN(C)c1nccc(N2CCOC[C@@]3(CCC[NH+](Cc4c5[nH]c6ccccc6c5cc5[nH]c6ccccc6c45)C3)C2)n1[EOS],16245.645386457443,42
12.5,Cc1ccccc1C1C(c2ccccc2Cl)=C2c3ccccc3OCC3C(c4ccc(Br)cc4)COC213,[BOS]Cc1ccccc1[C@@H]1C(c2ccccc2Cl)=C2c3ccccc3OC[C@H]3[C@@H](c4ccc(Br)cc4)CO[C@]231[EOS][EOS][EOS][EOS][EOS],20911.065532445908,42
12.2,Cc1ccc(N2C(=O)c3oc4ccccc4c(=O)c3C2c2cc(Cl)c(OCc3ccc4ccccc4c3)c(Br)c2)cc1C,[BOS]Cc1ccc(N2C(=O)c3oc4ccccc4c(=O)c3[C@@H]2c2cc(Br)c(OCc3ccc4ccccc4c3)c(Cl)c2)cc1C[EOS][EOS][EOS][EOS][EOS][EOS][EOS][EOS],26244.511160373688,42
11.1,O=C1COC2(COCC[NH+](Cc3cccc(-c4ccc(F)cc4F)c3)C2)CN1c1cccc(F)c1,[BOS]O=C1CO[C@]2(COCC[NH+](Cc3cccc(-c4ccc(F)cc4F)c3)C2)CN1c1cccc(F)c1[EOS][EOS][EOS][EOS][EOS][EOS],30870.85185265541,42
11.9,Cc1cn(CC(=O)NC2CC[NH+](C3CCN(C(=O)c4ccc(C(F)(F)F)cc4)CC3)CC2)c(=O)[nH]c1=O,[BOS]Cc1cn(CC(=O)NC2CC[NH+](C3CCN(C(=O)c4ccc(C(F)(F)F)cc4)CC3)CC2)c(=O)[nH]c1=O[EOS],37139.70745897293,42
11.1,O=C(c1c[nH]c2c(F)cccc12)N1CC2(CCCN2C(=O)C2CNc3ccccc32)C1,[BOS]O=C(c1c[nH]c2c(F)cccc12)N1CC2(CCCN2C(=O)[C@H]2CNc3ccccc32)C1[EOS][EOS],41256.322947502136,42
10.8,Fc1ccc(-c2nnc(N3CC[NH+]4CC(OCc5c(F)cccc5F)CC4C3)c3ccccc23)c(F)c1Cl,[BOS]Fc1ccc(-c2nnc(N3CC[NH+]4C[C@H](OCc5c(F)cccc5F)C[C@H]4C3)c3ccccc23)c(F)c1Cl[EOS][EOS],45410.30833220482,42
10.8,Cc1cccc(N2CC(C(=O)N3Cc4ccccc4CC3C(=O)N3CC[NH+](C)CC3)CC2=O)c1C,[BOS]Cc1cccc(N2C[C@@H](C(=O)N3Cc4ccccc4C[C@@H]3C(=O)N3CC[NH+](C)CC3)CC2=O)c1C[EOS],49775.35613632202,42
12.8,O=C(NC1CCc2nc(NC(=O)c3cccc4ccccc34)sc2C1)c1[nH]nc2c1CCc1ncccc1-2,[BOS]O=C(Nc1nc2c(s1)C[C@@H](NC(=O)c1[nH]nc3c1CCc1ncccc1-3)CC2)c1cccc2ccccc12[EOS],54574.51666164398,42
11.0,Cn1cc2cc(C(=O)N3CCOCC4(C3)CN(C(=O)C3CC(=O)N(C5CCCC5)C3)CCO4)ccc2n1,[BOS]Cn1cc2cc(C(=O)N3CCOC[C@]4(C3)CN(C(=O)[C@H]3CC(=O)N(C5CCCC5)C3)CCO4)ccc2n1[EOS][EOS][EOS][EOS][EOS],58544.75591778755,42
11.5,C[NH+]1Cc2c(NC(=O)c3cccc4c3C(=O)c3cccc(N)c3C4=O)cccc2C(c2ccccc2)C1,[BOS]C[NH+]1Cc2c(NC(=O)c3cccc4c3C(=O)c3cccc(N)c3C4=O)cccc2[C@@H](c2ccccc2)C1[EOS],4964.364891529083,42
11.1,Cc1ccc(-c2ncccc2C(=O)N2CCCCC2C2CCN(C(=O)c3ccc(F)cc3C)CC2)cc1,[BOS]Cc1ccc(-c2ncccc2C(=O)N2CCCC[C@H]2C2CCN(C(=O)c3ccc(F)cc3C)CC2)cc1[EOS],10256.230298757553,42
11.6,O=C(Nc1cc(C2CCCCN2C(=O)c2cccc3cc[nH]c23)[nH]n1)C1Cc2ccccc2C[NH2+]1,[BOS]O=C(Nc1cc([C@@H]2CCCCN2C(=O)c2cccc3cc[nH]c23)[nH]n1)[C@@H]1Cc2ccccc2C[NH2+]1[EOS],15198.534017324448,42
12.2,O=C(Nc1nc2c(s1)CC(NC(=O)c1cc(=O)[nH]c(=O)[nH]1)CC2)c1cnc2c(F)c(F)ccc2c1,[BOS]O=C(N[C@@H]1CCc2nc(NC(=O)c3cnc4c(F)c(F)ccc4c3)sc2C1)c1cc(=O)[nH]c(=O)[nH]1[EOS],19524.638726711273,42
11.3,O=C(Nc1cc(C2CCCCN2C(=O)C2CCC(F)(F)C2)[nH]n1)C1CCc2ccccc2C1,[BOS]O=C(Nc1cc([C@@H]2CCCCN2C(=O)[C@@H]2CCC(F)(F)C2)[nH]n1)[C@H]1CCc2ccccc2C1[EOS],24188.6302216053,42
11.3,Cc1cc2nnc(C(=O)Nc3nc4c(s3)CC(NC(=O)c3cc(=O)[nH]c(=O)[nH]3)CC4)c(C)n2n1,[BOS]Cc1cc2nnc(C(=O)Nc3nc4c(s3)C[C@@H](NC(=O)c3cc(=O)[nH]c(=O)[nH]3)CC4)c(C)n2n1[EOS][EOS][EOS][EOS][EOS][EOS][EOS],28736.599533319473,42
12.2,O=C(NC1CCc2nc(NC(=O)c3cc4cccnc4[nH]c3=O)sc2C1)c1cc(=O)[nH]c(=O)[nH]1,[BOS]O=C(Nc1nc2c(s1)C[C@@H](NC(=O)c1cc(=O)[nH]c(=O)[nH]1)CC2)c1cc2cccnc2[nH]c1=O[EOS],33047.94994401932,42
12.8,Clc1c(-c2ccc(-c3ccccc3)cc2)c(-c2ccc3sc4ccccc4c3c2)cc2c1-c1ccccc1C2(Cl)c1ccccc1,[BOS]Clc1c(-c2ccc(-c3ccccc3)cc2)c(-c2ccc3sc4ccccc4c3c2)cc2c1-c1ccccc1[C@@]2(Cl)c1ccccc1[EOS][EOS][EOS],37421.336679935455,42
10.3,CC(c1ccccc1)N1CC(C(=O)N2CCC(c3c[nH]c4ccccc34)CC2)CC1=O,[BOS]C[C@H](c1ccccc1)N1C[C@@H](C(=O)N2CCC(c3c[nH]c4ccccc34)CC2)CC1=O[EOS],41953.31992697716,42
10.7,OC(=NC1CCc2c(Cl)cccc21)c1cncc(-c2ccc(-c3ccccc3)cc2)c1Oc1ccc2n[nH]c(Br)c2c1,[BOS]OC(=N[C@H]1CCc2c(Cl)cccc21)c1cncc(-c2ccc(-c3ccccc3)cc2)c1Oc1ccc2n[nH]c(Br)c2c1[EOS][EOS],46191.54234600067,42
11.1,O=C1C[NH+](C2CCCN(C3CCCC3)C2)C2CCCCC2N1Cc1ccc2c(c1)OCCCCO2,[BOS]O=C1C[NH+]([C@H]2CCCN(C3CCCC3)C2)[C@@H]2CCCC[C@H]2N1Cc1ccc2c(c1)OCCCCO2[EOS],50590.0659327507,42
10.8,Cc1cc(C)cc(-c2nsc(NC(=O)C3CC(=O)N(C)C3c3cc(F)cc(F)c3)n2)c1,[BOS]Cc1cc(C)cc(-c2nsc(NC(=O)[C@@H]3CC(=O)N(C)[C@H]3c3cc(F)cc(F)c3)n2)c1[EOS],54687.370193719864,42
11.6,O=C1Nc2cc(Cl)ccc2C1C1CCN(C(=O)c2cccc(-c3noc(-c4ccccc4F)n3)c2)CC1,[BOS]O=C(c1cccc(-c2noc(-c3ccccc3F)n2)c1)N1CCC([C@@H]2C(=O)Nc3cc(Cl)ccc32)CC1[EOS],4862.374164581299,42
10.9,Cc1cc(C)c(C(=O)N2CCCCC2C2CCN(C(=O)c3cc(C)c4ccccc4n3)CC2)c(C)c1,[BOS]Cc1cc(C(=O)N2CCC([C@H]3CCCCN3C(=O)c3c(C)cc(C)cc3C)CC2)nc2ccccc12[EOS],9634.49596452713,42
11.2,O=C1Nc2ccccc2C1C1CC[NH+](C2CC[NH+](Cc3ccccc3)C(c3ccccc3)C2)CC1,[BOS]O=C1Nc2ccccc2[C@H]1C1CC[NH+]([C@@H]2CC[NH+](Cc3ccccc3)[C@@H](c3ccccc3)C2)CC1[EOS],14170.684089660645,42
11.0,O=C(c1ccc2c(=O)[nH]c(=O)[nH]c2c1)N1CCCC2(C(=O)NCc3ccccc3)CC[NH+](Cc3ccccc3)CC2C1,[BOS]O=C(c1ccc2c(=O)[nH]c(=O)[nH]c2c1)N1CCC[C@@]2(C(=O)NCc3ccccc3)CC[NH+](Cc3ccccc3)C[C@@H]2C1[EOS],18503.50400543213,42
11.6,CN1CCc2cc(C(=O)Nc3cc(C4CCCCN4C(=O)c4ccnc5c(O)cccc45)[nH]n3)ccc21,[BOS]CN1CCc2cc(C(=O)Nc3cc([C@@H]4CCCCN4C(=O)c4ccnc5c(O)cccc45)[nH]n3)ccc21[EOS],23278.4826669693,42
12.8,O=C(CC1CC2(CC[NH2+]CC2)c2cc(F)ccc21)N1CCC2(CC1)C(c1ccccc1)CC(=O)N2CC1CCCCC1,[BOS]O=C(C[C@@H]1CC2(CC[NH2+]CC2)c2cc(F)ccc21)N1CCC2(CC1)[C@@H](c1ccccc1)CC(=O)N2CC1CCCCC1[EOS],28524.140356063843,42
10.6,Cc1cccn2c(NC(=O)C3CCCN(C(=O)c4ccc5[nH]ncc5c4)C3)c(-c3ccccc3)nc12,[BOS]Cc1cccn2c(NC(=O)[C@@H]3CCCN(C(=O)c4ccc5[nH]ncc5c4)C3)c(-c3ccccc3)nc12[EOS][EOS],33631.0601477623,42
11.2,O=C(Nc1cc(C2CCCCN2C(=O)c2csc3c2CCCC3)[nH]n1)C1CCCCC1(F)F,[BOS]O=C(Nc1cc([C@@H]2CCCCN2C(=O)c2csc3c2CCCC3)[nH]n1)[C@H]1CCCCC1(F)F[EOS],38567.49492239952,42
11.0,CC1=CCC(C(=O)NC2CCc3nc(NC(=O)c4ccc5ncccc5c4)sc3C2)CC1,[BOS]CC1=CC[C@@H](C(=O)N[C@@H]2CCc3nc(NC(=O)c4ccc5ncccc5c4)sc3C2)CC1[EOS][EOS],42967.539324998856,42
11.2,O=C(NC1CC2CCC(C1)N2C(=O)c1ccnc2ccccc12)c1cccnc1-c1cc(F)cc(F)c1,[BOS]O=C(N[C@H]1C[C@H]2CC[C@@H](C1)N2C(=O)c1ccnc2ccccc12)c1cccnc1-c1cc(F)cc(F)c1[EOS],47856.11527919769,42
11.5,Cc1cc2cc(C(=O)Nc3nc4c(s3)CC(NC(=O)c3c[nH]c(-c5ccc(F)cc5)c3)CC4)ccc2[nH]1,[BOS]Cc1cc2cc(C(=O)Nc3nc4c(s3)C[C@H](NC(=O)c3c[nH]c(-c5ccc(F)cc5)c3)CC4)ccc2[nH]1[EOS][EOS][EOS][EOS][EOS],52492.901384592056,42
11.9,Cc1ccc(-n2cccc2C2c3ccccc3C(=O)C2C2=C([O-])c3cc(C)cc(C)c3CC2O)cc1,[BOS]Cc1ccc(-n2cccc2[C@@H]2c3ccccc3C(=O)[C@@H]2C2=C([O-])c3cc(C)cc(C)c3C[C@H]2O)cc1[EOS],57311.262790203094,42
11.4,Cc1ccc(C(=O)N2CCCCC2C2CCN(C(=O)c3c(Cl)ccc(Cl)c3O)CC2)c(C)c1F,[BOS]Cc1ccc(C(=O)N2CCCC[C@H]2C2CCN(C(=O)c3c(Cl)ccc(Cl)c3O)CC2)c(C)c1F[EOS],4729.941589355469,42
10.9,[NH3+]C(C(=O)N1CCCCC1C1CCN(C(=O)c2c[nH]c(-c3ccc(F)cc3)c2)CC1)c1cccc(Cl)c1,[BOS][NH3+][C@H](C(=O)N1CCCC[C@H]1C1CCN(C(=O)c2c[nH]c(-c3ccc(F)cc3)c2)CC1)c1cccc(Cl)c1[EOS][EOS][EOS][EOS][EOS][EOS][EOS],10740.328486442566,42
10.8,O=C(NC1(c2ccc(NC(=O)C3C4CCCC3c3ccccc3N4)cc2)CCC1)c1ccnc2[nH]ccc12,[BOS]O=C(NC1(c2ccc(NC(=O)[C@H]3[C@@H]4CCC[C@H]3c3ccccc3N4)cc2)CCC1)c1ccnc2[nH]ccc12[EOS],16190.44535446167,42
10.6,O=C(NCC1CCN(C(=O)C2CCc3ccccc3C2)C1c1cccnc1)c1nnc(-c2ccccc2)o1,[BOS]O=C(NC[C@@H]1CCN(C(=O)[C@H]2CCc3ccccc3C2)[C@H]1c1cccnc1)c1nnc(-c2ccccc2)o1[EOS][EOS],21577.970871686935,42
11.6,O=C(Nc1nc2c(s1)CC(NC(=O)c1cc3cc(F)c(F)cc3[nH]1)CC2)c1ccc2c(c1)C(=O)CC2,[BOS]O=C(Nc1nc2c(s1)C[C@H](NC(=O)c1cc3cc(F)c(F)cc3[nH]1)CC2)c1ccc2c(c1)C(=O)CC2[EOS][EOS][EOS][EOS],26027.87803220749,42
11.0,CN1C(=O)CC(N2C(=O)NC3(CCc4ccccc4C3)C2=O)C1c1ccc(F)c(F)c1,[BOS]CN1C(=O)C[C@H](N2C(=O)N[C@@]3(CCc4ccccc4C3)C2=O)[C@H]1c1ccc(F)c(F)c1[EOS],30041.113946437836,42
11.1,Cc1cccc(-c2ncccc2C(=O)N2C3CCC2CC(NC(=O)CC2Cc4ccccc4C2)C3)c1,[BOS]Cc1cccc(-c2ncccc2C(=O)N2[C@@H]3CC[C@H]2C[C@@H](NC(=O)CC2Cc4ccccc4C2)C3)c1[EOS][EOS][EOS][EOS],35413.19681072235,42
10.1,O=C(NCc1nccc2ccccc12)NC1CCCCC1NC(=O)c1ccccc1,[BOS]O=C(NCc1nccc2ccccc12)N[C@@H]1CCCC[C@H]1NC(=O)c1ccccc1[EOS],39764.695830106735,42
10.9,Cn1[nH]c(C2CCN(C(=O)CN3C(=O)NC(C)(c4ccc5ccccc5c4)C3=O)CC2)nc1=N,[BOS]Cn1[nH]c(C2CCN(C(=O)CN3C(=O)N[C@](C)(c4ccc5ccccc5c4)C3=O)CC2)nc1=N[EOS],44610.78530526161,42
10.6,CC1Oc2ccc(C(=O)NCC3OCC4CCN(C(=O)c5ccc6c(c5)CCCC6=O)CC43)cc2NC1=O,[BOS]C[C@@H]1Oc2ccc(C(=O)NC[C@@H]3OC[C@@H]4CCN(C(=O)c5ccc6c(c5)CCCC6=O)C[C@@H]43)cc2NC1=O[EOS][EOS][EOS][EOS][EOS][EOS][EOS],49573.781567811966,42
11.6,O=C(C1CCc2ccccc2C1)N1CCCCC1C1CCN(C(=O)C2(F)CCCCC2(F)F)CC1,[BOS]O=C([C@@H]1CCc2ccccc2C1)N1CCCC[C@H]1C1CCN(C(=O)[C@]2(F)CCCCC2(F)F)CC1[EOS],54269.90786743164,42
10.2,NC(=O)C1(c2ccccc2)CCN(C(=O)Cc2cc3c(ccc4ccccc43)o2)C1,[BOS]NC(=O)[C@@]1(c2ccccc2)CCN(C(=O)Cc2cc3c(ccc4ccccc43)o2)C1[EOS][EOS][EOS],58218.05222725868,42
11.6,O=C(NCC12CCCOC1CCN(C(=O)C1C3CCCC1c1ccccc1N3)C2)c1cnnc(Cl)c1,[BOS]O=C(NC[C@@]12CCCO[C@@H]1CCN(C(=O)[C@H]1[C@@H]3CCC[C@H]1c1ccccc1N3)C2)c1cnnc(Cl)c1[EOS],5389.272586345673,42
11.1,Cc1ccc(CC2CCC[NH+](CC(=O)NC(c3ccc(F)cc3)C3CCCC3)C2)cc1,[BOS]Cc1ccc(C[C@@H]2CCC[NH+](CC(=O)N[C@@H](c3ccc(F)cc3)C3CCCC3)C2)cc1[EOS],10169.841655254364,42
12.2,O=C(N1CCn2c(-c3ccccc3)c[nH+]c2C12CC[NH2+]CC2)C12C[NH2+]CC1COCc1ccccc12,[BOS]O=C(N1CCn2c(-c3ccccc3)c[nH+]c2C12CC[NH2+]CC2)[C@@]12C[NH2+]C[C@@H]1COCc1ccccc1-2[EOS],14231.181229352951,42
11.2,Cc1ccc2cc(C(=O)N3CCC4OCCCC4(CNC(=O)C4(F)CCCCC4(F)F)C3)sc2c1,[BOS]Cc1ccc2cc(C(=O)N3CC[C@H]4OCCC[C@@]4(CNC(=O)[C@@]4(F)CCCCC4(F)F)C3)sc2c1[EOS],19011.49573612213,42
14.0,O=C(CN(C(=O)c1ccc2ccccc2c1)N1C(=O)C2C3c4ccccc4C(c4ccccc43)C2C1=O)N1CCCCCC1,[BOS]O=C(CN(C(=O)c1ccc2ccccc2c1)N1C(=O)[C@H]2C3c4ccccc4C(c4ccccc43)[C@@H]2C1=O)N1CCCCCC1[EOS][EOS][EOS][EOS][EOS],25178.95822787285,42
10.9,Cn1ncc2cc(C(=O)NC3C4COCC3CN(C(=O)c3ccc5c(c3)CNC5=O)C4)cc(Cl)c21,[BOS]Cn1ncc2cc(C(=O)N[C@H]3[C@@H]4COC[C@H]3CN(C(=O)c3ccc5c(c3)CNC5=O)C4)cc(Cl)c21[EOS],29574.813131570816,42
11.4,CC1Cc2cc(C(=O)C3=C(O)C(=O)N(c4ccccc4F)C3c3cccc(O)c3)ccc2N1S(C)(=O)=O,[BOS]C[C@@H]1Cc2cc(C(=O)C3=C(O)C(=O)N(c4ccccc4F)[C@@H]3c3cccc(O)c3)ccc2N1S(C)(=O)=O[EOS][EOS][EOS],34793.651206970215,42
12.3,O=C(Nc1nc2c(s1)CC(NC(=O)c1cc(=O)[nH]c(=O)[nH]1)CC2)c1cccc(-c2cncc(F)c2)c1,[BOS]O=C(Nc1nc2c(s1)C[C@@H](NC(=O)c1cc(=O)[nH]c(=O)[nH]1)CC2)c1cccc(-c2cncc(F)c2)c1[EOS],39239.43414759636,42
11.9,Cc1ccc(-c2cc(C(=O)N3CCCCC3C3CCN(C(=O)Cc4ccc(C)c(C)c4)CC3)c[nH]2)cc1,[BOS]Cc1ccc(CC(=O)N2CCC([C@H]3CCCCN3C(=O)c3c[nH]c(-c4ccc(C)cc4)c3)CC2)cc1C[EOS],44183.603509664536,42
11.5,O=C(NCC12CCCOC1CCN(C(=O)C1Cc3ccccc3C1)C2)C1Cc2ccccc2C[NH2+]1,[BOS]O=C(NC[C@@]12CCCO[C@@H]1CCN(C(=O)C1Cc3ccccc3C1)C2)[C@H]1Cc2ccccc2C[NH2+]1[EOS],49573.46158003807,42
11.4,Cc1ccc2c(c1)N1C(c3ccccc3O)C(=C(O)c3c[nH]c4ccccc34)C(c3ccc(C)c(Cl)c3)C1C=C2,[BOS]Cc1ccc([C@H]2C(=C(O)c3c[nH]c4ccccc34)C(c3ccccc3O)N3c4cc(C)ccc4C=C[C@H]23)cc1Cl[EOS],54946.9770257473,42
12.0,O=C(Nc1ccc2c(n1)CCC(NC(=O)C1CCN(c3ccc(F)cn3)CC1)C2)c1[nH]nc2c1CCC2,[BOS]O=C(N[C@H]1CCc2nc(NC(=O)c3[nH]nc4c3CCC4)ccc2C1)C1CCN(c2ccc(F)cn2)CC1[EOS],59135.14002585411,42
12.6,Cc1c(CC(=O)N2Cc3ccccc3-c3ccccc32)c(=O)oc2c(C)c3oc4c(c3cc12)CCCCCC4=O,[BOS]Cc1c(CC(=O)N2Cc3ccccc3-c3ccccc32)c(=O)oc2c(C)c3oc4c(c3cc12)CCCCCC4=O[EOS],4408.20058465004,42
10.3,FC(F)CN1CCC(c2nc(-c3cc(Cl)cc(C(F)(F)F)c3)no2)CCCN2CCCC2C1,[BOS]FC(F)CN1CCC(c2nc(-c3cc(Cl)cc(C(F)(F)F)c3)no2)CCCN2CCC[C@@H]2C1[EOS],8371.384268760681,42
11.3,CC1=CCC(C(=O)Nc2nc3c(s2)CC(NC(=O)c2cccc4nc(C)sc24)CC3)CC1,[BOS]CC1=CC[C@@H](C(=O)Nc2nc3c(s2)C[C@@H](NC(=O)c2cccc4nc(C)sc24)CC3)CC1[EOS],12912.63439130783,42
12.8,O=C1NCCN(C(=O)c2c3c(nc4ccccc24)CC[NH+](Cc2ccccc2)C3)c2ccccc21,[BOS]O=C1NCCN(C(=O)c2c3c(nc4ccccc24)CC[NH+](Cc2ccccc2)C3)c2ccccc21[EOS],17659.32435131073,42
11.9,O=C(COc1ccc2c(c1)C(c1ccccc1)N(C(=O)c1ccccc1F)CC2)N1CCc2ccccc2C1,[BOS]O=C(COc1ccc2c(c1)[C@@H](c1ccccc1)N(C(=O)c1ccccc1F)CC2)N1CCc2ccccc2C1[EOS][EOS][EOS][EOS][EOS][EOS][EOS][EOS],23039.132555007935,42
11.4,O=C1CC(C(=O)N2C3CCC2CC(NC(=O)C2CCc4[nH]c(=O)[nH]c(=O)c4C2)C3)=Cc2ccccc2N1,[BOS]O=C(N[C@H]1C[C@H]2CC[C@@H](C1)N2C(=O)C1=Cc2ccccc2NC(=O)C1)[C@@H]1CCc2[nH]c(=O)[nH]c(=O)c2C1[EOS][EOS][EOS][EOS],27828.024468183517,42
10.7,Cc1noc(C2CCN(C(=O)C3(c4ccccc4)CCN(S(=O)(=O)c4ccc5ccccc5c4)CC3)CC2)n1,[BOS]Cc1noc(C2CCN(C(=O)C3(c4ccccc4)CCN(S(=O)(=O)c4ccc5ccccc5c4)CC3)CC2)n1[EOS][EOS][EOS],32082.10453915596,42
11.9,O=C(Nc1cc(C2CCCCN2C(=O)C2CCc3ccccc3C2)[nH]n1)C1Cc2ccccc2C[NH2+]1,[BOS]O=C(Nc1cc([C@@H]2CCCCN2C(=O)[C@H]2CCc3ccccc3C2)[nH]n1)[C@H]1Cc2ccccc2C[NH2+]1[EOS],37064.52363085747,42
11.7,O=C1Nc2c(cccc2C(=O)N2CCCCC2C2CCN(C(=O)CC3Cc4ccccc4C3)CC2)C1=O,[BOS]O=C(CC1Cc2ccccc2C1)N1CCC([C@H]2CCCCN2C(=O)c2cccc3c2NC(=O)C3=O)CC1[EOS],42138.838205337524,42
10.2,O=C(Nc1nc(-c2ccccc2)c(-c2ccccc2)o1)C1=NN(Cc2ccc(F)cc2)C(=O)CC1,[BOS]O=C(Nc1nc(-c2ccccc2)c(-c2ccccc2)o1)C1=NN(Cc2ccc(F)cc2)C(=O)CC1[EOS],46780.69048023224,42
10.9,C[NH+]1Cc2ccccc2CC1C(=O)NC1CC2CCC(C1)N2C(=O)C=C1C(=O)Nc2ccccc21,[BOS]O=C(N[C@H]1C[C@H]2CC[C@@H](C1)N2C(=O)C=C1C(=O)Nc2ccccc21)[C@H]1Cc2ccccc2C[NH+]1C[EOS][EOS][EOS][EOS],51528.508408784866,42
10.6,O=C(NC1C2COCC1CN(C(=O)c1cc3cc(F)ccc3[nH]1)C2)C1C2Cc3ccccc3C21,[BOS]O=C(N[C@H]1[C@@H]2COC[C@H]1CN(C(=O)c1cc3cc(F)ccc3[nH]1)C2)[C@@H]1[C@@H]2Cc3ccccc3[C@@H]21[EOS][EOS][EOS][EOS][EOS],55944.95739722252,42
10.8,O=C1CCC(C(=O)NC2C3COCC2CN(C(=O)C2=Cc4ccccc4NC(=O)C2)C3)CCN1,[BOS]O=C1CC[C@@H](C(=O)N[C@H]2[C@@H]3COC[C@H]2CN(C(=O)C2=Cc4ccccc4NC(=O)C2)C3)CCN1[EOS],4381.864118814468,42
11.5,O=C1Nc2ccccc2C1C1CCN(C(=O)c2cc3ccccc3cc2OCc2ccncc2)CC1,[BOS]O=C1Nc2ccccc2[C@@H]1C1CCN(C(=O)c2cc3ccccc3cc2OCc2ccncc2)CC1[EOS],8754.279166698456,42
11.0,Cc1ccc(C2=CN=CC3=CC=CC(F)=CC=C2NC(=O)C2CCc4ccccc4N2C3=O)cc1,[BOS]Cc1ccc(-c2cncc(C(=O)N3c4ccccc4CC[C@@H]3C(=O)Nc2ccc(F)cc2)c2)cc1[EOS],12911.333045244217,42
12.0,Cc1ccc2nc(C(=O)NC3CC4CCC(C3)C(C(=O)N3CC5CC(C3)c3cccc(=O)n3C5)C4)ccc2c1,[BOS]Cc1ccc2nc(C(=O)N[C@H]3C[C@H]4CC[C@@H](C3)C[C@H]4C(=O)N3C[C@@H]4C[C@H](C3)c3cccc(=O)n3C4)ccc2c1[EOS],17777.036462783813,42
10.7,CCn1c(=O)c2ccccc2n2c(CN(C)C(c3ccc(C)cc3)c3ccc(Cl)cc3)nnc12,[BOS]CCn1c(=O)c2ccccc2n2c(CN(C)[C@@H](c3ccc(Cl)cc3)c3ccc(C)cc3)nnc12[EOS][EOS][EOS][EOS][EOS][EOS],22123.058190107346,42
10.9,O=C(NC1(c2ccc(NC(=O)C3C4CCCC3c3ccccc3N4)cc2)CCC1)c1ccc2cncn2c1,[BOS]O=C(NC1(c2ccc(NC(=O)[C@@H]3[C@@H]4CCC[C@H]3c3ccccc3N4)cc2)CCC1)c1ccc2cncn2c1[EOS],27244.584925174713,42
11.5,Cc1cncc(C(=O)Nc2nc3c(s2)CC(NC(=O)c2[nH]nc4c2CCc2ccccc2-4)CC3)c1,[BOS]Cc1cncc(C(=O)Nc2nc3c(s2)C[C@@H](NC(=O)c2[nH]nc4c2CCc2ccccc2-4)CC3)c1[EOS],31779.26251268387,42
11.7,O=C(Nc1nc2c(s1)CC(NC(=O)C1(F)CCCCC1(F)F)CC2)c1ccc2cnccc2c1,[BOS]O=C(Nc1nc2c(s1)C[C@H](NC(=O)[C@]1(F)CCCCC1(F)F)CC2)c1ccc2cnccc2c1[EOS],36104.942014694214,42
12.6,O=C(CN1C(=O)NC2(CCCCc3ccccc32)C1=O)Nc1ccc2c(c1)Oc1ccccc1O2,[BOS]O=C(CN1C(=O)NC2(CCCCc3ccccc32)C1=O)Nc1ccc2c(c1)Oc1ccccc1O2[EOS],40813.37304520607,42
11.3,O=C(CCc1c[nH]c2ncccc12)N1CCCC2(CCN(C(=O)C3(c4ccccc4F)CCc4[nH]ccc4C3)CC2)C1,[BOS]O=C(CCc1c[nH]c2ncccc12)N1CCCC2(CCN(C(=O)C3(c4ccccc4F)CCc4[nH]ccc4C3)CC2)C1[EOS][EOS][EOS],46180.39398431778,42
10.9,O=C(c1cnn2ncccc12)N1CCCC2(CCN(C(=O)C3(c4ccc(C(F)(F)F)cc4)CC3)CC2)C1,[BOS]O=C(c1cnn2ncccc12)N1CCCC2(CCN(C(=O)C3(c4ccc(C(F)(F)F)cc4)CC3)CC2)C1[EOS][EOS][EOS][EOS],50631.951273202896,42
11.0,O=C(NC1(c2ccc(NC(=O)C3C4CCCC3c3ccccc3N4)cc2)CCC1)c1cccc2nccn12,[BOS]O=C(NC1(c2ccc(NC(=O)[C@H]3[C@@H]4CCC[C@H]3c3ccccc3N4)cc2)CCC1)c1cccc2nccn12[EOS],55875.26172542572,42
12.1,CN1C(=O)CCN(C(=O)c2ccc(C3(C)Nc4ccccc4C(=O)N3c3cccc(F)c3)nc2)c2ccccc21,[BOS]CN1C(=O)CCN(C(=O)c2ccc([C@]3(C)Nc4ccccc4C(=O)N3c3cccc(F)c3)nc2)c2ccccc21[EOS],4957.396324157715,42
11.3,CC1(c2ccc(CNC(=O)N3CCc4ccccc4C3c3ccccc3)cc2)NC(=O)NC1=O,[BOS]C[C@]1(c2ccc(CNC(=O)N3CCc4ccccc4[C@H]3c3ccccc3)cc2)NC(=O)NC1=O[EOS],9689.891391038895,42
12.0,O=C1CC(C(=O)N2C3CCC2CC(NC(=O)C2CCCc4c2cc2ccc(Cl)cc2c4Cl)C3)=Cc2ccccc2N1,[BOS]O=C(N[C@H]1C[C@H]2CC[C@@H](C1)N2C(=O)C1=Cc2ccccc2NC(=O)C1)[C@@H]1CCCc2c1cc1ccc(Cl)cc1c2Cl[EOS],14608.398501634598,42
12.0,O=C1C(=NC(F)(F)c2cnc(Cl)c(-c3cc(F)c4ccccc4c3)c2)C(Cl)C(=O)c2c1ncc1ccccc21,[BOS]O=C1C(=NC(F)(F)c2cnc(Cl)c(-c3cc(F)c4ccccc4c3)c2)C(Cl)C(=O)c2c1ncc1ccccc21[EOS][EOS][EOS][EOS][EOS][EOS][EOS][EOS],19285.318959474564,42
11.5,O=C(NCC(c1ccccc1)c1c[nH]c2ccccc12)c1c2n(c3ccccc13)-c1ccccc1NC2,[BOS]O=C(NC[C@@H](c1ccccc1)c1c[nH]c2ccccc12)c1c2ccccc2n2c1CNc1ccccc1-2[EOS],24268.709059476852,42
11.5,O=C(NC1CC2CCC(C1)N2C(=O)c1cc(=O)[nH]c(=O)[nH]1)c1ccc2c(c1)CCCC2=O,[BOS]O=C(N[C@H]1C[C@H]2CC[C@@H](C1)N2C(=O)c1cc(=O)[nH]c(=O)[nH]1)c1ccc2c(c1)CCCC2=O[EOS],28874.38526201248,42
10.4,CC(=O)N1CC(CC(=O)Nc2cc(C)n(-c3cccc(C(F)(F)F)c3)n2)c2ccccc21,[BOS]CC(=O)N1C[C@@H](CC(=O)Nc2cc(C)n(-c3cccc(C(F)(F)F)c3)n2)c2ccccc21[EOS],33013.91860318184,42
11.3,O=C1Nc2c(C(=O)Nc3nc4c(s3)CC(NC(=O)C3CNc5ccccc53)CC4)cccc2C1=O,[BOS]O=C1Nc2c(C(=O)Nc3nc4c(s3)C[C@H](NC(=O)[C@H]3CNc5ccccc53)CC4)cccc2C1=O[EOS],37650.07673120499,42
12.6,Cc1cccc2[nH]c(C(=O)Nc3nc4c(s3)CC(NC(=O)c3[nH]nc5c3CCc3ncccc3-5)CC4)cc12,[BOS]Cc1cccc2[nH]c(C(=O)Nc3nc4c(s3)C[C@@H](NC(=O)c3[nH]nc5c3CCc3ncccc3-5)CC4)cc12[EOS],42440.536793231964,42
11.6,O=C(Nc1cc(C2CCCCN2C(=O)C2CCCc3c2[nH]c2ccc(Cl)cc32)[nH]n1)c1onc2ccccc12,[BOS]O=C(Nc1cc([C@H]2CCCCN2C(=O)[C@@H]2CCCc3c2[nH]c2ccc(Cl)cc32)[nH]n1)c1onc2ccccc12[EOS][EOS][EOS][EOS][EOS][EOS][EOS][EOS],47625.47919464111,42
12.4,Cc1cccc(C2Cc3cnc(Nc4nn(C5CCCCO5)c5cc(C)ccc45)nc3-c3ccc(C)cc3N2)c1,[BOS]Cc1ccc2c(Nc3ncc4c(n3)-c3ccc(C)cc3N[C@H](c3cccc(C)c3)C4)nn(C3CCCCO3)c2c1[EOS],51775.96839880943,42
12.5,O=C1CCCCCCC(O)C(O)CCC12CCOCCOc1cc(-c3ccccc3-n3nnc4c(=O)[nH]c(-c5cc6ccccc6o5)nc43)ccc12,[BOS]O=c1[nH]c(-c2cc3ccccc3o2)nc2c1nnn2-c1ccccc1-c1ccc2c(c1)OCCOCC[C@@]21CC[C@@H](O)[C@@H](O)CCCCCCC1=O[EOS],56068.948439121246,42
11.5,CC1Oc2ccc(C(=O)N3C4CCC3CC(NC(=O)c3cccc5ncccc35)C4)cc2NC1=O,[BOS]C[C@H]1Oc2ccc(C(=O)N3[C@@H]4CC[C@H]3C[C@@H](NC(=O)c3cccc5ncccc35)C4)cc2NC1=O[EOS],5046.919683456421,42
12.1,Fc1ccc2nc(-c3ccccc3F)nc(N(C3CC[NH2+]CC3)C(F)(F)c3cc(-c4cccc(F)c4F)nnc3Cl)c2c1,[BOS]Fc1cccc(-c2cc(C(F)(F)N(c3nc(-c4ccccc4F)nc4ccc(F)cc34)C3CC[NH2+]CC3)c(Cl)nn2)c1F[EOS][EOS][EOS][EOS][EOS][EOS],11257.380041599274,42
11.9,O=C([O-])c1ccccc1-c1ccc(C2Nc3ccc(C(=O)N4CCc5ccccc54)cc3C3C=CCC32)o1,[BOS]O=C([O-])c1ccccc1-c1ccc([C@@H]2Nc3ccc(C(=O)N4CCc5ccccc54)cc3[C@@H]3C=CC[C@@H]32)o1[EOS],15903.407316207886,42
11.3,O=C(Nc1cc(C2CCCCN2C(=O)c2cnn3ncccc23)[nH]n1)c1cnc2c(F)c(F)ccc2c1,[BOS]O=C(Nc1cc([C@H]2CCCCN2C(=O)c2cnn3ncccc23)[nH]n1)c1cnc2c(F)c(F)ccc2c1[EOS],20941.136241197586,42
11.0,Cc1c(C(=O)N2CCOCC3(CN(C(=O)Cc4cccc5ncccc45)CCO3)C2)ccc(F)c1F,[BOS]Cc1c(C(=O)N2CCOC[C@]3(CN(C(=O)Cc4cccc5ncccc45)CCO3)C2)ccc(F)c1F[EOS][EOS][EOS],25626.974605560303,42
12.1,O=C(Nc1cc(C2CCCCN2C(=O)C2CCc3ccccc3C2)[nH]n1)C1CC1c1ccc(F)c(F)c1,[BOS]O=C(Nc1cc([C@H]2CCCCN2C(=O)[C@@H]2CCc3ccccc3C2)[nH]n1)[C@@H]1C[C@@H]1c1ccc(F)c(F)c1[EOS],30610.753672122955,42
11.3,C[NH+]1Cc2ccccc2CC1C(=O)Nc1nc2c(s1)CC(NC(=O)C1(F)CCCCC1(C)F)CC2,[BOS]O=C(Nc1nc2c(s1)C[C@@H](NC(=O)[C@]1(F)CCCCC1(F)C)CC2)[C@H]1Cc2ccccc2C[NH+]1C[EOS][EOS][EOS][EOS],35175.02461671829,42
10.5,O=C(Cc1ccc(F)cc1F)N1CCCCC1C1CCN(C(=O)C2(c3cccc(F)c3)CC2)CC1,[BOS]O=C(Cc1ccc(F)cc1F)N1CCCC[C@@H]1C1CCN(C(=O)C2(c3cccc(F)c3)CC2)CC1[EOS][EOS][EOS][EOS],39661.4267206192,42
10.7,Cc1cc(C)cc(C2=CCC3C(=O)N(c4cccc5ccccc45)C(=O)N=C3C2)c1,[BOS]Cc1cc(C)cc(C2=CCC3C(=O)N(c4cccc5ccccc45)C(=O)N=C3C2)c1[EOS],44238.23127055168,42
11.0,Cc1cc(C(=O)N2CCC3(CN(C(=O)Cc4ccc5ccccc5c4)CCO3)C2)cc2cn[nH]c12,[BOS]Cc1cc(C(=O)N2CC[C@@]3(CN(C(=O)Cc4ccc5ccccc5c4)CCO3)C2)cc2cn[nH]c12[EOS],48743.088644742966,42
12.5,O=C1N(CC(O)=NC2c3ccccc3CC23CCOCC3)C(O)=NC12c1ccccc1-c1ccccc1N2C(F)(F)F,[BOS]O=C1N(CC(O)=N[C@H]2c3ccccc3CC23CCOCC3)C(O)=N[C@]12c1ccccc1-c1ccccc1N2C(F)(F)F[EOS],53972.74993085861,42
11.5,Cc1cc(C(=O)N2CCCCC2C2CCN(C(=O)C3CC34C(=O)Nc3ccccc34)CC2)cnc1C,[BOS]Cc1cc(C(=O)N2CCCC[C@H]2C2CCN(C(=O)[C@H]3C[C@]34C(=O)Nc3ccccc34)CC2)cnc1C[EOS],58440.3541328907,42
10.3,C[NH+]1CCN(C(=O)c2ccccc2NC(=O)CC2CCC(=O)c3cccn32)Cc2ccccc21,[BOS]C[NH+]1CCN(C(=O)c2ccccc2NC(=O)C[C@@H]2CCC(=O)c3cccn32)Cc2ccccc21[EOS],4701.936331510544,42
11.1,CC1CN(C(=O)c2cc(Oc3ccc4c(c3)C(O)CO4)c3o[nH]c(=[N+]=N)c3c2)CCN1c1ccncc1,[BOS]C[C@H]1CN(C(=O)c2cc3c(c(Oc4ccc5c(c4)C(O)CO5)c2)ONC3=[N+]=N)CCN1c1ccncc1[EOS][EOS][EOS][EOS][EOS][EOS][EOS],9156.41988992691,42
11.7,Cc1ccc(CCC(=O)Nc2cc(C3CCCCN3C(=O)c3ccc4c(c3)CNC4=O)[nH]n2)c2ccccc12,[BOS]Cc1ccc(CCC(=O)Nc2cc([C@H]3CCCCN3C(=O)c3ccc4c(c3)CNC4=O)[nH]n2)c2ccccc12[EOS],14744.24041056633,42
11.0,O=C(Cc1n[nH]c2cc(Cl)ccc12)NC1CC2CCC(C1)N2C(=O)c1ccc(-c2ccccc2)c(F)c1,[BOS]O=C(Cc1n[nH]c2cc(Cl)ccc12)N[C@H]1C[C@H]2CC[C@@H](C1)N2C(=O)c1ccc(-c2ccccc2)c(F)c1[EOS][EOS][EOS][EOS][EOS][EOS][EOS],19974.114745616913,42
11.7,O=C(NC1CCc2ccc(O)cc2C1)C1Cc2ccccc2CN1C(=O)C1CC(=O)N(c2ccc3c(c2)OCO3)C1,[BOS]O=C(N[C@@H]1CCc2ccc(O)cc2C1)[C@H]1Cc2ccccc2CN1C(=O)[C@H]1CC(=O)N(c2ccc3c(c2)OCO3)C1[EOS],24929.054219961166,42
11.5,O=C(NC1C2COCC1CN(C(=O)c1cccnc1-c1ccc3ccccc3c1)C2)c1ccc(=O)[nH]n1,[BOS]O=C(N[C@H]1[C@@H]2COC[C@H]1CN(C(=O)c1cccnc1-c1ccc3ccccc3c1)C2)c1ccc(=O)[nH]n1[EOS],29738.285853385925,42
10.3,O=C(NCC1CCN(C(=O)c2ccncc2-c2ccccc2)C1c1cccnc1)c1ccc2cc[nH]c2c1,[BOS]O=C(NC[C@H]1CCN(C(=O)c2ccncc2-c2ccccc2)[C@H]1c1cccnc1)c1ccc2cc[nH]c2c1[EOS][EOS][EOS][EOS],34590.70919919014,42
12.3,O=C(Nc1nc2c(s1)CC(NC(=O)c1ccnc3[nH]ccc13)CC2)c1ccc2cnccc2c1,[BOS]O=C(N[C@@H]1CCc2nc(NC(=O)c3ccc4cnccc4c3)sc2C1)c1ccnc2[nH]ccc12[EOS],39093.89753317833,42
11.2,O=C(Nc1cc(C2CCCCN2C(=O)c2ccccc2Cl)[nH]n1)C1Cc2ccccc2C[NH2+]1,[BOS]O=C(Nc1cc([C@@H]2CCCCN2C(=O)c2ccccc2Cl)[nH]n1)[C@@H]1Cc2ccccc2C[NH2+]1[EOS],44225.478513002396,42
12.5,O=S(=O)(c1ccc2c(c1)sc1c(N3CCOCC3)[nH+]c(-c3cccc4ccccc34)cc12)C1CCCCCCCC1,[BOS]O=S(=O)(c1ccc2c(c1)sc1c(N3CCOCC3)[nH+]c(-c3cccc4ccccc34)cc12)C1CCCCCCCC1[EOS],48963.939683914185,42
11.9,CCc1cccc2c(C3CCN(C(=O)C(C)c4ccc5c(c4)[nH]c4ccc(Cl)cc45)CC3)c[nH]c12,[BOS]CCc1cccc2c(C3CCN(C(=O)[C@@H](C)c4ccc5c(c4)[nH]c4ccc(Cl)cc45)CC3)c[nH]c12[EOS],53555.975400686264,42
10.5,O=C(NCC1CCN(C(=O)c2cc3ccccc3o2)C1c1ccc2ccccc2c1)c1cc(=O)[nH]c(=O)[nH]1,[BOS]O=C(NC[C@@H]1CCN(C(=O)c2cc3ccccc3o2)[C@H]1c1ccc2ccccc2c1)c1cc(=O)[nH]c(=O)[nH]1[EOS][EOS][EOS][EOS][EOS][EOS][EOS],58134.75207090378,42
11.2,Cc1ccc(N2CC(C(=O)N3Cc4ccccc4C4(CCN(C(=O)c5ccco5)CC4)C3)CC2=O)cc1C,[BOS]Cc1ccc(N2C[C@@H](C(=O)N3Cc4ccccc4C4(CCN(C(=O)c5ccco5)CC4)C3)CC2=O)cc1C[EOS][EOS][EOS][EOS][EOS][EOS],4434.527394294739,42
11.6,O=C(Cc1ccc2c(c1)CCC2)N1CCOCC2(C1)CN(C(=O)C1CCCC3CCCCC31)CCO2,[BOS]O=C(Cc1ccc2c(c1)CCC2)N1CCOC[C@]2(C1)CN(C(=O)[C@@H]1CCC[C@@H]3CCCC[C@@H]31)CCO2[EOS],9241.338783025742,42
10.9,O=C(c1ccncc1-c1ccccc1)N1CCC(C2CCCCN2C(=O)c2ncn(-c3ccccc3)n2)CC1,[BOS]O=C(c1ccncc1-c1ccccc1)N1CCC([C@H]2CCCCN2C(=O)c2ncn(-c3ccccc3)n2)CC1[EOS][EOS][EOS][EOS][EOS][EOS][EOS][EOS],14042.17304635048,42
10.8,O=C(NC1(c2ccc(NC(=O)C3C4Sc5ccccc5C43)cc2)CCC1)c1c[nH]c2nccc(Cl)c12,[BOS]O=C(NC1(c2ccc(NC(=O)[C@@H]3[C@H]4Sc5ccccc5[C@H]43)cc2)CCC1)c1c[nH]c2nccc(Cl)c12[EOS],19449.591825723648,42
10.1,Cc1c(O)ccc2c(C[NH+]3CCCC(NC(=O)c4ccc5ccccc5c4)C3)cc(=O)oc12,[BOS]Cc1c(O)ccc2c(C[NH+]3CCC[C@H](NC(=O)c4ccc5ccccc5c4)C3)cc(=O)oc12[EOS],24066.554844379425,42
10.5,O=C(c1cc(Cl)[nH]c(=O)c1)N1CCOCC2(C1)CN(C(=O)C1CCN(c3ccccc3)CC1)CCO2,[BOS]O=C(c1cc(Cl)[nH]c(=O)c1)N1CCOC[C@@]2(C1)CN(C(=O)C1CCN(c3ccccc3)CC1)CCO2[EOS][EOS][EOS][EOS][EOS][EOS][EOS][EOS],28424.964326143265,42
11.2,O=C(NC1c2ccccc2CC12CCOCC2)C1=NN(c2ccc(F)cc2)C(c2ccc(F)c(F)c2)C1,[BOS]O=C(N[C@@H]1c2ccccc2CC12CCOCC2)C1=NN(c2ccc(F)cc2)[C@@H](c2ccc(F)c(F)c2)C1[EOS],32782.73919415474,42
11.3,Cc1c(C(=O)N2CCCCC2C2CCN(C(=O)C3CC(=O)N(C4CCCC4)C3)CC2)ccc(F)c1F,[BOS]Cc1c(C(=O)N2CCCC[C@@H]2C2CCN(C(=O)[C@H]3CC(=O)N(C4CCCC4)C3)CC2)ccc(F)c1F[EOS][EOS][EOS][EOS][EOS][EOS][EOS][EOS],37968.33464765549,42
11.8,CC1COc2c(F)c(F)cc3c(=O)c(C(=O)n4nc(-c5ccc6cc[nH]c6c5)c5ccccc54)cn1c23,[BOS]C[C@@H]1COc2c(F)c(F)cc3c(=O)c(C(=O)n4nc(-c5ccc6cc[nH]c6c5)c5ccccc54)cn1c23[EOS],42124.200635671616,42
11.2,O=C(NC1CC2CCC(C1)N2C(=O)c1cc(=O)[nH]c(=O)[nH]1)c1[nH]nc2c1CCc1ncccc1-2,[BOS]O=C(N[C@H]1C[C@H]2CC[C@@H](C1)N2C(=O)c1cc(=O)[nH]c(=O)[nH]1)c1[nH]nc2c1CCc1ncccc1-2[EOS][EOS],46744.17610454559,42
11.5,Cc1cc(F)c(F)c(C(=O)Nc2nc3c(s2)CC(NC(=O)c2cc([O-])[nH]c(=O)c2)CC3)c1,[BOS]Cc1cc(F)c(F)c(C(=O)Nc2nc3c(s2)C[C@H](NC(=O)c2cc([O-])[nH]c(=O)c2)CC3)c1[EOS],51185.882006406784,42
13.5,O=C(c1ccc(Cl)cc1)C1c2ccccc2N2C(=O)C1C(C(=O)c1ccccc1)C1C(=O)N(c3ccc4cn[nH]c4c3)C(=O)C12,[BOS]O=C(c1ccccc1)[C@@H]1[C@H]2C(=O)N(c3ccccc3C2C(=O)c2ccc(Cl)cc2)[C@H]2C(=O)N(c3ccc4cn[nH]c4c3)C(=O)[C@H]12[EOS],56270.1367123127,42
11.0,O=C(NC1CC2CCC(C1)N2C(=O)C1=C2c3ccccc3C(=O)N2CC1)C1Cc2ccccc2C[NH2+]1,[BOS]O=C(N[C@H]1C[C@H]2CC[C@@H](C1)N2C(=O)C1=C2c3ccccc3C(=O)N2CC1)[C@@H]1Cc2ccccc2C[NH2+]1[EOS],4802.710801362991,42
10.9,O=C(NC(c1ccccc1)c1nc2ccccc2n1Cc1c[nH]c2ncccc12)c1ccc2ccccc2c1,[BOS]O=C(N[C@@H](c1ccccc1)c1nc2ccccc2n1Cc1c[nH]c2ncccc12)c1ccc2ccccc2c1[EOS],9598.309299230576,42
11.1,Cc1ccc(C(=O)N2CCCCC2C2CCN(C(=O)c3cnc4c(F)c(F)ccc4c3)CC2)c(C)c1,[BOS]Cc1ccc(C(=O)N2CCCC[C@@H]2C2CCN(C(=O)c3cnc4c(F)c(F)ccc4c3)CC2)c(C)c1[EOS],14403.257546901703,42
11.0,Cc1ccc(C2(C)N=C(O)N(NC=C3C=C4c5cccc6cccc(c56)CC4N(C)C3=O)C2=O)c(C)c1,[BOS]Cc1ccc([C@]2(C)N=C(O)N(NC=C3C=C4c5cccc6cccc(c56)C[C@H]4N(C)C3=O)C2=O)c(C)c1[EOS][EOS][EOS],19090.554091215134,42
11.5,O=C(NCC1OCC2CCN(C(=O)c3cc(-c4ccccc4)n4ccccc34)CC21)C1CCC(O)CC1,[BOS]O=C(NC[C@@H]1OC[C@@H]2CCN(C(=O)c3cc(-c4ccccc4)n4ccccc34)C[C@@H]21)C1CCC(O)CC1[EOS],24377.50308418274,42
11.0,Cc1nc2cc(CNC(=O)c3ccc4c(c3)C(=O)N(c3ccc5c(c3)OCCO5)C4=O)ccc2n1C1CC1,[BOS]Cc1nc2cc(CNC(=O)c3ccc4c(c3)C(=O)N(c3ccc5c(c3)OCCO5)C4=O)ccc2n1C1CC1[EOS],29615.27040863037,42
10.0,O=C(NCC1CCN(C(=O)c2[nH]cnc2-c2cccnc2)C1c1cccnc1)c1ccc2nonc2c1,[BOS]O=C(NC[C@@H]1CCN(C(=O)c2[nH]cnc2-c2cccnc2)[C@@H]1c1cccnc1)c1ccc2nonc2c1[EOS][EOS][EOS][EOS][EOS],34178.65587568283,42
10.6,CC1CN(c2nnnn2CC2CCC(c3ccccc3)CC2)CCC1N1CC[NH+](C)CC1,[BOS]C[C@H]1CN(c2nnnn2CC2CCC(c3ccccc3)CC2)CC[C@H]1N1CC[NH+](C)CC1[EOS],38601.54216623306,42
11.0,O=C(c1cc(Cl)nc2n[nH]cc12)N1CCC(C2CCCCN2C(=O)c2n[nH]c3ccccc23)CC1,[BOS]O=C(c1cc(Cl)nc2n[nH]cc12)N1CCC([C@H]2CCCCN2C(=O)c2n[nH]c3ccccc23)CC1[EOS][EOS][EOS][EOS][EOS][EOS],42995.83381962776,42
11.0,Cc1cccn2ncc(C(=O)N3CCC(C4CCCCN4C(=O)c4ccc5c(n4)NC(=O)CC5)CC3)c12,[BOS]Cc1cccn2ncc(C(=O)N3CCC([C@H]4CCCCN4C(=O)c4ccc5c(n4)NC(=O)CC5)CC3)c12[EOS],48202.37445688248,42
11.3,Cc1c(C(=O)N2CCCCC2C2CCN(C(=O)C3CC(c4ccccc4)NNN3)CC2)cn2nc[nH]c(=O)c12,[BOS]Cc1c(C(=O)N2CCCC[C@@H]2C2CCN(C(=O)[C@H]3CC(c4ccccc4)NNN3)CC2)cn2nc[nH]c(=O)c12[EOS],53415.48852419853,42
12.2,O=C(NC1CCc2nc(NC(=O)C3CCc4ccccc4C3)sc2C1)c1n[nH]c2c1CS(=O)(=O)C2,[BOS]O=C(N[C@H]1CCc2nc(NC(=O)[C@H]3CCc4ccccc4C3)sc2C1)c1n[nH]c2c1CS(=O)(=O)C2[EOS],57707.75992369652,42
10.9,Cc1ccn2c(=O)c(C(=O)N3CCOC4(COCCN(C(=O)Cc5ccc(C)c(C)c5)C4)C3)cnc2c1,[BOS]Cc1ccc(CC(=O)N2CCOC[C@]3(C2)CN(C(=O)c2cnc4cc(C)ccn4c2=O)CCO3)cc1C[EOS],4611.341165304184,42
11.3,O=S(=O)(c1ccc2c(c1)Cc1ccccc1-2)N1CCOC2(CCCN(c3ccccn3)C2)C1,[BOS]O=S(=O)(c1ccc2c(c1)Cc1ccccc1-2)N1CCO[C@]2(CCCN(c3ccccn3)C2)C1[EOS],9009.213396787643,42
11.2,O=C(c1nc2ccccc2[nH]1)N1CCCC2(CCN(C(=O)c3n[nH]c4ccc(-c5ccccc5)cc34)CC2)C1,[BOS]O=C(c1nc2ccccc2[nH]1)N1CCCC2(CCN(C(=O)c3n[nH]c4ccc(-c5ccccc5)cc34)CC2)C1[EOS][EOS][EOS][EOS][EOS],13343.481847763062,42
10.2,O=C(c1ccc(C(F)(F)F)c(F)c1)N1CCC2(C1)CN(C(=O)C1COc3ccccc3O1)CCO2,[BOS]O=C(c1ccc(C(F)(F)F)c(F)c1)N1CC[C@@]2(C1)CN(C(=O)[C@@H]1COc3ccccc3O1)CCO2[EOS][EOS][EOS][EOS][EOS][EOS][EOS][EOS],17631.889973163605,42
11.1,CN1CCc2cc(C(=O)N3CCOCC4(C3)CN(C(=O)C3Cc5ccccc5C[NH2+]3)CCO4)ccc21,[BOS]CN1CCc2cc(C(=O)N3CCOC[C@]4(C3)CN(C(=O)[C@@H]3Cc5ccccc5C[NH2+]3)CCO4)ccc21[EOS][EOS][EOS],22332.44552898407,42
11.0,O=C(Nc1cc(C2CCCCN2C(=O)C2CCC(F)(F)C2)[nH]n1)c1cccc(-c2cnccn2)c1,[BOS]O=C(Nc1cc([C@@H]2CCCCN2C(=O)[C@H]2CCC(F)(F)C2)[nH]n1)c1cccc(-c2cnccn2)c1[EOS][EOS][EOS],27140.53197336197,42
12.7,O=C(NC1CCc2nc(NC(=O)c3[nH]nc4c3CCC4)ccc2C1)C1=CCC(c2ccc(F)c(F)c2F)C=CC=N1,[BOS]O=C(N[C@@H]1CCc2nc(NC(=O)c3[nH]nc4c3CCC4)ccc2C1)C1=CCC(c2ccc(F)c(F)c2F)C=CC=N1[EOS],31739.154737234116,42
12.1,O=C1Nc2c(cccc2C(=O)N2CCCCC2C2CCN(C(=O)C3CCc4ccccc43)CC2)C1=O,[BOS]O=C1Nc2c(cccc2C(=O)N2CCCC[C@@H]2C2CCN(C(=O)[C@@H]3CCc4ccccc43)CC2)C1=O[EOS],36961.13633775711,42
11.2,Cc1c(F)ccc(C(=O)Nc2nc3c(s2)CC(NC(=O)C2CCc4[nH]c(=O)[nH]c(=O)c4C2)CC3)c1N,[BOS]Cc1c(F)ccc(C(=O)Nc2nc3c(s2)C[C@@H](NC(=O)[C@@H]2CCc4[nH]c(=O)[nH]c(=O)c4C2)CC3)c1N[EOS],41797.98508667946,42
11.9,Cc1nc2cccc(C(=O)Nc3nc4c(s3)CC(NC(=O)c3[nH]nc5c3CCc3ncccc3-5)CC4)c2s1,[BOS]Cc1nc2cccc(C(=O)Nc3nc4c(s3)C[C@@H](NC(=O)c3[nH]nc5c3CCc3ncccc3-5)CC4)c2s1[EOS],46998.00693106651,42
11.3,CC(=O)N1CCC2(c3ccccc3)CCN(c3nnc(Cc4ccccc4C)c4ccccc34)CC12,[BOS]CC(=O)N1CC[C@@]2(c3ccccc3)CCN(c3nnc(Cc4ccccc4C)c4ccccc34)C[C@H]12[EOS],51330.84392118454,42
11.6,O=C(c1ccc2ncoc2c1)N1CCC2(CCCN(C(=O)C3CCc4ccccc4C3)C2)CC1,[BOS]O=C(c1ccc2ncoc2c1)N1CCC2(CCCN(C(=O)[C@H]3CCc4ccccc4C3)C2)CC1[EOS],55571.69924116135,42
10.2,Cc1nc(NC(=O)N2CCc3c(ccc(Cl)c3Cl)C2)sc1Cc1c(F)cccc1F,[BOS]Cc1nc(NC(=O)N2CCc3c(ccc(Cl)c3Cl)C2)sc1Cc1c(F)cccc1F[EOS],4315.0946209430695,42
11.1,O=C(Nc1ccc(C2(NC(=O)C3C4Sc5ccccc5C43)CCC2)cc1)c1ccc2nc[nH]c(=O)c2c1,[BOS]O=C(Nc1ccc(C2(NC(=O)[C@@H]3[C@@H]4Sc5ccccc5[C@H]43)CCC2)cc1)c1ccc2nc[nH]c(=O)c2c1[EOS][EOS][EOS][EOS][EOS][EOS][EOS],9627.845979213715,42
10.7,O=C1CC2(Oc3ccccc3C(=O)C2C(=O)c2ccco2)Oc2c1ccc1c2CCCC1,[BOS]O=C(c1ccco1)[C@@H]1C(=O)c2ccccc2O[C@]12CC(=O)c1ccc3c(c1O2)CCCC3[EOS][EOS][EOS][EOS][EOS][EOS][EOS][EOS],13984.456383228302,42
11.4,Cc1ccc(-c2cc(C(=O)NC3CCc4nc(NC(=O)c5cnc6c(c5)CC[NH2+]CC6)sc4C3)c[nH]2)cc1,[BOS]Cc1ccc(-c2cc(C(=O)N[C@H]3CCc4nc(NC(=O)c5cnc6c(c5)CC[NH2+]CC6)sc4C3)c[nH]2)cc1[EOS],18716.251551628113,42
12.2,[H][NH+]=c1c(C)cn(C(=O)C2CC(=O)N(c3ccc4c(c3)Cc3ccccc3-4)C2)cc1-c1cccc(F)c1,[BOS][H]/[NH+]=c1\c(C)cn(C(=O)[C@H]2CC(=O)N(c3ccc4c(c3)Cc3ccccc3-4)C2)cc1-c1cccc(F)c1[EOS],23363.32534146309,42
12.9,OC1=Nc2cccc(OC3CCC(c4ccc5ccccc5c4)CC3)c2C2Cc3cc4ccccc4cc3C12,[BOS]OC1=Nc2cccc(OC3CCC(c4ccc5ccccc5c4)CC3)c2[C@H]2Cc3cc4ccccc4cc3[C@@H]12[EOS],28409.904106616974,42
11.7,O=C(NCC1OCC2CCN(C(=O)c3cc(-c4ccccc4)nc4ccccc34)CC21)c1c[nH]c(=O)[nH]c1=O,[BOS]O=C(NC[C@@H]1OC[C@@H]2CCN(C(=O)c3cc(-c4ccccc4)nc4ccccc34)C[C@@H]21)c1c[nH]c(=O)[nH]c1=O[EOS],34119.85127329826,42
11.1,Cc1ccc(C)c(CC(=O)NC2CCc3nc(NC(=O)C4CCc5ccccc5C4)sc3C2)c1,[BOS]Cc1ccc(C)c(CC(=O)N[C@@H]2CCc3nc(NC(=O)[C@H]4CCc5ccccc5C4)sc3C2)c1[EOS],38943.164017915726,42
12.2,CC1(C)C(c2cccc3ccccc23)=CCN1C(=O)COc1ccc(N2CC3CC=C3c3ccc(F)cc3CC2=O)cc1,[BOS]O=C(COc1ccc(N2CC3CC=C3c3ccc(F)cc3CC2=O)cc1)N1CC=C(c2cccc3ccccc23)C1(C)C[EOS],44786.93059635162,42
10.4,OC(=Nc1cccc2[nH]ncc12)C1(Nc2ccccc2F)NCCc2cc(F)c(F)cc2C1c1ccncc1,[BOS]OC(=Nc1cccc2[nH]ncc12)[C@]1(Nc2ccccc2F)NCCc2cc(F)c(F)cc2[C@H]1c1ccncc1[EOS][EOS][EOS],49642.505286216736,42
11.4,O=C(c1ccc(C#Cc2ccccc2)cc1)N1CCCC2(COCCN(c3ccnc(N4CCCC4)n3)C2)C1,[BOS]O=C(c1ccc(C#Cc2ccccc2)cc1)N1CCC[C@]2(COCCN(c3ccnc(N4CCCC4)n3)C2)C1[EOS][EOS][EOS][EOS][EOS][EOS][EOS][EOS],54387.569900751114,42
11.8,CC1(c2ccc3ccccc3c2)Oc2c(Cl)cccc2C2CC(c3ccc4ccccc4c3)=NN21,[BOS]C[C@@]1(c2ccc3ccccc3c2)Oc2c(Cl)cccc2[C@@H]2CC(c3ccc4ccccc4c3)=NN21[EOS],58448.452317237854,42
11.4,NC(=O)c1ccccc1C(=O)N1CC2COCC(C1)C2NC(=O)c1cc(-c2ccccc2)nc2ccccc12,[BOS]NC(=O)c1ccccc1C(=O)N1C[C@H]2COC[C@@H](C1)[C@H]2NC(=O)c1cc(-c2ccccc2)nc2ccccc12[EOS],4935.234104394913,42
11.4,Cc1nc2ccccn2c1C(=O)N1C2CCC1CC(NC(=O)c1ccc3c(c1)CCCC3=O)C2,[BOS]Cc1nc2ccccn2c1C(=O)N1[C@@H]2CC[C@H]1C[C@@H](NC(=O)c1ccc3c(c1)CCCC3=O)C2[EOS],9866.215444803238,42
11.1,O=C(Nc1cc(C2CCCCN2C(=O)c2onc3ccccc23)[nH]n1)C1CCCCC1(F)F,[BOS]O=C(Nc1cc([C@@H]2CCCCN2C(=O)c2onc3ccccc23)[nH]n1)[C@H]1CCCCC1(F)F[EOS],14717.410754203796,42
13.9,Cc1ccc(N2C(=O)C3C4c5ccccc5C(c5ccccc54)C3C2=O)cc1-c1ccc2n[nH]c(O)c2c1,[BOS]Cc1ccc(N2C(=O)[C@@H]3C4c5ccccc5C(c5ccccc54)[C@H]3C2=O)cc1-c1ccc2c(c1)=C(O)NN=2[EOS],19251.168086767197,42
12.4,[NH2+]C1=NC=CC2CC=CCC1N2C(=O)C1c2ccccc2Oc2cc(-c3ccccc3)ccc21,[BOS]O=C(C1c2ccccc2Oc2cc(-c3ccccc3)ccc21)N1[C@@H]2CC=CC[C@H]1C=CN=C2[NH2+][EOS],23854.729057073593,42
11.7,O=C1CC2(CCN1)CCN(C(=O)C(=O)N1CC=C(c3cccc4ccccc34)CC1)CC2,[BOS]O=C1CC2(CCN(C(=O)C(=O)N3CC=C(c4cccc5ccccc45)CC3)CC2)CCN1[EOS],27877.74161672592,42
11.6,Cc1cc(C)cc(C(=O)N2C3CCC2c2cc[nH]c2C=CC=C2C4=C5C=CC=C(C(=O)CCC54)C2C3)c1,[BOS]Cc1cc(C)cc(C(=O)N2[C@@H]3CC[C@H]2C[C@@H](c2cccc4[nH]ccc34)c3cccc4c2C4CCC3=O)c1[EOS],32328.057864189148,42
11.5,Cc1ccc2[nH]cc(CC(=O)N3CCCCC3c3cc(NC(=O)C=Cc4c[nH]c5ccccc45)n[nH]3)c2c1,[BOS]Cc1ccc2[nH]cc(CC(=O)N3CCCC[C@H]3c3cc(NC(=O)C=Cc4c[nH]c5ccccc45)n[nH]3)c2c1[EOS][EOS],37884.81367325783,42
11.2,Cc1ccnc(Oc2ccc(C(=O)OC3CCC4(C)C(=CCC5C6(C)CCC(=O)C(C)(C)C6CCC54C)C3)cc2)c1,[BOS]Cc1ccnc(Oc2ccc(C(=O)O[C@H]3CC[C@]4(C)C(=CC[C@H]5[C@@]6(C)CCC(=O)C(C)(C)[C@@H]6CC[C@@]54C)C3)cc2)c1[EOS][EOS][EOS][EOS][EOS],42873.80017018318,42
11.7,Cc1ccc2ccc(CC(=O)N3CCOC4(CCN(C(=O)c5cccc6c(C)cccc56)C4)C3)cc2c1,[BOS]Cc1ccc2ccc(CC(=O)N3CCO[C@@]4(CCN(C(=O)c5cccc6c(C)cccc56)C4)C3)cc2c1[EOS][EOS][EOS][EOS][EOS][EOS][EOS][EOS],47848.30581498146,42
11.2,O=C(Nc1nc2c(s1)CC(NC(=O)C1CC(=O)N(C3CCCC3)C1)CC2)c1ccc2cnccc2c1,[BOS]O=C(Nc1nc2c(s1)C[C@@H](NC(=O)[C@@H]1CC(=O)N(C3CCCC3)C1)CC2)c1ccc2cnccc2c1[EOS][EOS][EOS][EOS][EOS][EOS][EOS][EOS],52535.930468797684,42
11.4,O=C1CC(C(=O)N2CCCCC2C2CCN(C(=O)c3n[nH]c4ccc(-c5ccccc5)cc34)CC2)CCN1,[BOS]O=C1C[C@@H](C(=O)N2CCCC[C@H]2C2CCN(C(=O)c3n[nH]c4ccc(-c5ccccc5)cc34)CC2)CCN1[EOS][EOS][EOS][EOS][EOS][EOS][EOS],57197.93189930916,42
10.9,CC#CC(CC(=O)N1C2CCC1CC(NC(=O)C1CCCCC1(F)F)C2)c1ccc(O)cc1,[BOS]CC#C[C@H](CC(=O)N1[C@@H]2CC[C@H]1C[C@@H](NC(=O)[C@H]1CCCCC1(F)F)C2)c1ccc(O)cc1[EOS][EOS][EOS][EOS][EOS][EOS][EOS],5431.409302949905,42
11.6,O=C(c1n[nH]c2ccc(-c3ccccc3)cc12)N1CCOCC2(C1)CN(C(=O)C1(F)CCCC=C1F)CCO2,[BOS]O=C(c1n[nH]c2ccc(-c3ccccc3)cc12)N1CCOC[C@]2(C1)CN(C(=O)[C@@]1(F)CCCC=C1F)CCO2[EOS][EOS][EOS][EOS],10312.643373966217,42
9.8,C[NH+]1CCN(CCC(=O)N2CCCCC2C2CCN(C(=O)c3ccc4cnccc4c3)CC2)CC1,[BOS]C[NH+]1CCN(CCC(=O)N2CCCC[C@H]2C2CCN(C(=O)c3ccc4cnccc4c3)CC2)CC1[EOS][EOS][EOS][EOS][EOS][EOS][EOS][EOS],15016.428342103958,42
10.8,Cc1c(C(=O)N2CCOC3(COCCN(C(=O)C4ON=C(c5ccccc5)O4)C3)C2)[nH]c2c(Cl)cccc12,[BOS]Cc1c(C(=O)N2CCO[C@]3(COCCN(C(=O)[C@H]4ON=C(c5ccccc5)O4)C3)C2)[nH]c2c(Cl)cccc12[EOS][EOS][EOS][EOS],19469.357025384903,42
11.4,Cc1c(F)cccc1C(=O)Nc1nc2c(s1)CC(NC(=O)Cc1cc3cccnc3cc1F)CC2,[BOS]Cc1c(F)cccc1C(=O)Nc1nc2c(s1)C[C@H](NC(=O)Cc1cc3cccnc3cc1F)CC2[EOS],24131.87700486183,42
10.8,CN1C(=O)C(c2ccccc2)CC12CC[NH+](C1CCC3CN(C(=O)c4ccccc4)CCC3C1)CC2,[BOS]CN1C(=O)[C@H](c2ccccc2)CC12CC[NH+]([C@@H]1CC[C@H]3CN(C(=O)c4ccccc4)CC[C@H]3C1)CC2[EOS],28552.433394670486,42
10.5,Cn1ncc(C(=O)N2CCC(CNC(=O)c3cc4ccccc4o3)C2c2cccnc2)c1C(F)(F)F,[BOS]Cn1ncc(C(=O)N2CC[C@H](CNC(=O)c3cc4ccccc4o3)[C@H]2c2cccnc2)c1C(F)(F)F[EOS][EOS][EOS],33771.96134662628,42
11.8,O=C(Nc1cc(C2CCCCN2C(=O)C2CCCC3CCCCC32)[nH]n1)C1Cc2ccccc2C[NH2+]1,[BOS]O=C(Nc1cc([C@@H]2CCCCN2C(=O)[C@@H]2CCC[C@@H]3CCCC[C@H]32)[nH]n1)[C@H]1Cc2ccccc2C[NH2+]1[EOS],38941.00027656555,42
9.9,CC1Oc2ccccc2C1NC(=O)NCC(=O)N1CCN(c2cccc(Cl)c2)CC1,[BOS]C[C@@H]1Oc2ccccc2[C@@H]1NC(=O)NCC(=O)N1CCN(c2cccc(Cl)c2)CC1[EOS],43222.52691555023,42
12.0,O=C1CC(C(=O)Nc2cc(C3CCCCN3C(=O)c3ccc4c(c3)CCCC4=O)[nH]n2)Cc2ccccc2N1,[BOS]O=C1CC(C(=O)Nc2cc([C@H]3CCCCN3C(=O)c3ccc4c(c3)CCCC4=O)[nH]n2)Cc2ccccc2N1[EOS][EOS][EOS][EOS][EOS][EOS],48437.577146053314,42
10.4,Cc1ccc(F)c(C(=O)NCC2OCC3CCN(C(=O)c4cc5n(n4)CCCNC5=O)CC32)c1F,[BOS]Cc1ccc(F)c(C(=O)NC[C@@H]2OC[C@@H]3CCN(C(=O)c4cc5n(n4)CCCNC5=O)C[C@@H]32)c1F[EOS][EOS][EOS],53247.221715927124,42
11.7,O=C(c1cccc(Cc2ccc3c(c2)CCO3)c1)N1CCCC2(COCCN(c3ccnc(N4CCCC4)n3)C2)C1,[BOS]O=C(c1cccc(Cc2ccc3c(c2)CCO3)c1)N1CCC[C@@]2(COCCN(c3ccnc(N4CCCC4)n3)C2)C1[EOS],57952.66267609596,42
12.1,O=C(NC1CC2CCC(C1)N2C(=O)C1C2CCCC1c1ccccc1N2)c1[nH]cc2c1CCc1ncccc1-2,[BOS]O=C(N[C@H]1C[C@H]2CC[C@@H](C1)N2C(=O)[C@H]1[C@@H]2CCC[C@H]1c1ccccc1N2)c1[nH]cc2c1CCc1ncccc1-2[EOS],5086.934482097626,42
11.0,O=C1CC2(CCN(c3nnnn3CC3CCc4ccccc4C3)C2)CN1c1ccc(F)c(F)c1,[BOS]O=C1C[C@]2(CCN(c3nnnn3C[C@H]3CCc4ccccc4C3)C2)CN1c1ccc(F)c(F)c1[EOS],9153.982002019882,42
10.7,OC1CC2(CC3(CC(c4ccccc4)C3)C(c3ccccc3)[NH2+]2)Oc2ccccc21,[BOS]O[C@H]1C[C@@]2([NH2+][C@H](c3ccccc3)C3(C2)CC(c2ccccc2)C3)Oc2ccccc21[EOS][EOS][EOS][EOS][EOS],13431.757407665253,42
11.8,CC1C(c2ccccc2)c2ccccc2CCN1C(=O)NCC1([NH+]2CCOC(C)(C)C2)CCCCC1,[BOS]C[C@H]1[C@H](c2ccccc2)c2ccccc2CCN1C(=O)NCC1([NH+]2CCOC(C)(C)C2)CCCCC1[EOS],17869.310298204422,42
10.9,Cc1cccc(C(=O)N2C3CCC2CC(NC(=O)C2C4CCCC2c2ccccc2N4)C3)c1F,[BOS]Cc1cccc(C(=O)N2[C@@H]3CC[C@H]2C[C@@H](NC(=O)[C@H]2[C@@H]4CCC[C@H]2c2ccccc2N4)C3)c1F[EOS],22711.989545345306,42
10.0,O=C(NCC1CCN(C(=O)C2CCc3[nH]c(=O)[nH]c(=O)c3C2)C1c1cccnc1)c1c(F)cccc1F,[BOS]O=C(NC[C@@H]1CCN(C(=O)[C@@H]2CCc3[nH]c(=O)[nH]c(=O)c3C2)[C@@H]1c1cccnc1)c1c(F)cccc1F[EOS][EOS][EOS][EOS][EOS][EOS][EOS][EOS],27573.320717811584,42
11.3,O=C(C#Cc1ccc(Cl)cc1)N1CCC2(CCCN(C(=O)C3C4CCCC3c3ccccc3N4)C2)CC1,[BOS]O=C(C#Cc1ccc(Cl)cc1)N1CCC2(CCCN(C(=O)[C@@H]3[C@@H]4CCC[C@@H]3c3ccccc3N4)C2)CC1[EOS],32090.19715166092,42
11.9,Cc1cccc2[nH]c(C(=O)N3CCCCC3C3CCN(C(=O)Cc4ccc5ccccc5c4)CC3)cc12,[BOS]Cc1cccc2[nH]c(C(=O)N3CCCC[C@H]3C3CCN(C(=O)Cc4ccc5ccccc5c4)CC3)cc12[EOS],37437.86006402969,42
11.7,Cc1c(C(=O)Nc2nc3c(s2)CC(NC(=O)c2ccc4cncn4c2)CC3)[nH]c2c1ccc1ncccc12,[BOS]Cc1c(C(=O)Nc2nc3c(s2)C[C@H](NC(=O)c2ccc4cncn4c2)CC3)[nH]c2c1ccc1ncccc12[EOS][EOS][EOS][EOS][EOS][EOS][EOS],41954.43948841095,42
10.8,O=C(NCC12CCCOC1CCN(C(=O)C1CCc3ccccc3C1)C2)c1cnc2ccoc2c1,[BOS]O=C(NC[C@@]12CCCO[C@@H]1CCN(C(=O)[C@@H]1CCc3ccccc3C1)C2)c1cnc2ccoc2c1[EOS][EOS][EOS][EOS][EOS][EOS][EOS][EOS],46950.11050033569,42
10.7,O=C(C[NH+]1CCOC(c2ccccc2F)C1)N1CCCC1c1ccc2c(c1)OCCCCO2,[BOS]O=C(C[NH+]1CCO[C@H](c2ccccc2F)C1)N1CCC[C@H]1c1ccc2c(c1)OCCCCO2[EOS],51562.04123997688,42
10.9,O=C(N1CC(O)C(Cc2cccc(-c3ccccc3)c2)C1)N1CCCC1c1nc(O)c2ccccc2n1,[BOS]O=C(N1C[C@H](Cc2cccc(-c3ccccc3)c2)[C@H](O)C1)N1CCC[C@@H]1c1nc(O)c2ccccc2n1[EOS][EOS],55783.02870965004,42
10.8,Cc1nnc(CC(=O)Nc2cc(C3CCCCN3C(=O)c3cccc4c3oc3ccccc34)[nH]n2)o1,[BOS]Cc1nnc(CC(=O)Nc2cc([C@@H]3CCCCN3C(=O)c3cccc4c3oc3ccccc34)[nH]n2)o1[EOS],4753.229425907135,42
11.7,O=C(Nc1cc(C2CCCCN2C(=O)c2c3ccccc3n3ccsc23)[nH]n1)C1CCc2ccccc2C1O,[BOS]O=C(Nc1cc([C@H]2CCCCN2C(=O)c2c3ccccc3n3ccsc23)[nH]n1)[C@@H]1CCc2ccccc2[C@@H]1O[EOS],9809.644756793976,42
11.2,Cc1cccc(C(=O)Nc2cc(C3CCCCN3C(=O)c3ccc4[nH]ncc4c3F)[nH]n2)c1Cl,[BOS]Cc1cccc(C(=O)Nc2cc([C@H]3CCCCN3C(=O)c3ccc4[nH]ncc4c3F)[nH]n2)c1Cl[EOS],14642.620752573013,42
10.9,CN1C(=O)CC(C(=O)Nc2ccc3c(c2)C2(CCOCC2)C(=O)N3c2ccccc2)C1c1cccnc1,[BOS]CN1C(=O)C[C@H](C(=O)Nc2ccc3c(c2)C2(CCOCC2)C(=O)N3c2ccccc2)[C@@H]1c1cccnc1[EOS][EOS][EOS][EOS][EOS][EOS][EOS],19005.73938345909,42
12.0,O=C(c1cccc2c1oc1ccccc12)N1CCCC2(CCN(C(=O)C3CCc4nc[nH]c4C3)CC2)C1,[BOS]O=C(c1cccc2c1oc1ccccc12)N1CCCC2(CCN(C(=O)[C@H]3CCc4nc[nH]c4C3)CC2)C1[EOS],23628.579961061478,42
11.1,CC1CCN(C(=O)CN2C(=O)NC(C)(c3ccc4ccccc4c3)C2=O)C2CCCCC12,[BOS]C[C@@H]1CCN(C(=O)CN2C(=O)N[C@@](C)(c3ccc4ccccc4c3)C2=O)[C@H]2CCCC[C@H]12[EOS][EOS][EOS][EOS][EOS][EOS][EOS][EOS],28216.23904824257,42
11.2,O=C(Nc1ccc(C2(NC(=O)C3C4Sc5ccccc5C43)CCC2)cc1)c1ccc2cnccc2c1,[BOS]O=C(Nc1ccc(C2(NC(=O)[C@@H]3[C@H]4Sc5ccccc5[C@H]43)CCC2)cc1)c1ccc2cnccc2c1[EOS][EOS][EOS],33522.71009230614,42
11.3,O=C1CCc2ccc(C(=O)N3CCCCC3C3CCN(C(=O)Cc4cccc5ncccc45)CC3)cc21,[BOS]O=C(Cc1cccc2ncccc12)N1CCC([C@@H]2CCCCN2C(=O)c2ccc3c(c2)C(=O)CC3)CC1[EOS],38628.8281955719,42
10.1,C[NH+]1CCCC(C(=O)N2CCOCC3(CN(C(=O)CC4OCCc5ccccc54)CCO3)C2)C1,[BOS]C[NH+]1CCC[C@H](C(=O)N2CCOC[C@@]3(CN(C(=O)C[C@@H]4OCCc5ccccc54)CCO3)C2)C1[EOS][EOS][EOS][EOS][EOS][EOS][EOS],43343.24638462067,42
14.5,O=C1c2ccccc2-c2[nH]c3ccccc3c2C1c1ccc2ccccc2c1-c1cc2ccccc2c2cc3ccccc3cc12,[BOS]O=C1c2ccccc2-c2[nH]c3ccccc3c2[C@@H]1c1ccc2ccccc2c1-c1cc2ccccc2c2cc3ccccc3cc12[EOS],47990.47107076645,42
11.2,Cn1ncc2cc(C(=O)N3CCCCC3C3CCN(C(=O)c4cc(Br)c5ccccc5c4)CC3)ccc21,[BOS]Cn1ncc2cc(C(=O)N3CCCC[C@H]3C3CCN(C(=O)c4cc(Br)c5ccccc5c4)CC3)ccc21[EOS],53179.26939988136,42
12.1,Fc1ccc(-c2cc(C(F)(F)N3CCC(F)(F)C4(CCNCc5ncccc5C4)C3)nc(Cl)n2)cc1Cl,[BOS]Fc1ccc(-c2cc(C(F)(F)N3CCC(F)(F)[C@@]4(CCNCc5ncccc5C4)C3)nc(Cl)n2)cc1Cl[EOS],58034.53542137146,42
11.9,O=C(Nc1cc(C2CCCCN2C(=O)C2CCc3ccccc3O2)[nH]n1)C1CCc2ccccc2C1,[BOS]O=C(Nc1cc([C@@H]2CCCCN2C(=O)[C@H]2CCc3ccccc3O2)[nH]n1)[C@H]1CCc2ccccc2C1[EOS],5062.989928007126,42
10.2,CS(=O)(=O)N1CCc2c(cccc2NC(=O)CN2C(=O)NC3(CCc4ccccc43)C2=O)C1,[BOS]CS(=O)(=O)N1CCc2c(cccc2NC(=O)CN2C(=O)N[C@@]3(CCc4ccccc43)C2=O)C1[EOS][EOS][EOS],9285.235304117203,42
10.3,Cc1nnc2n1CC(NC(=O)C(=O)NCC(c1ccc(N(C)C)cc1)[NH+]1CC=Cc3ccccc3C1)CC2,[BOS]Cc1nnc2n1C[C@H](NC(=O)C(=O)NC[C@@H](c1ccc(N(C)C)cc1)[NH+]1CC=Cc3ccccc3C1)CC2[EOS][EOS][EOS][EOS][EOS][EOS][EOS][EOS],14107.206438302994,42
10.7,O=c1c2ccccc2nnn1C1CCN(C(O)=NC2CCOC3(CCCCC3)C2)CC1,[BOS]O=c1c2ccccc2nnn1C1CCN(C(O)=N[C@H]2CCOC3(CCCCC3)C2)CC1[EOS],18267.683026075363,42
10.7,O=C(Nc1nc2c(s1)CC(NC(=O)c1cccc3c1CCCC3)CC2)C1=C2c3ccccc3C(=O)N2CC1,[BOS]O=C(Nc1nc2c(s1)C[C@H](NC(=O)c1cccc3c1CCCC3)CC2)C1=C2c3ccccc3C(=O)N2CC1[EOS][EOS][EOS][EOS][EOS],22755.871335029602,42
12.0,Cc1ccc2c(c1)C1(C(O)=N2)C2C(=O)N3CC2=CC=CC=C(F)C(C3=O)C2C(=O)N(c3ccccc3)CN21,[BOS]Cc1ccc2c(c1)[C@]1(C(O)=N2)[C@@H]2C(=O)N(Cc2ccccc2F)C(=O)[C@@H]2[C@@H]2C(=O)N(c3ccccc3)CN21[EOS][EOS][EOS][EOS][EOS][EOS][EOS],26635.78818321228,42
11.5,CC(C[NH+]1CCC2(CC1)CN(C(=O)Cc1cnccn1)Cc1ccccc12)c1cccc2ccccc12,[BOS]C[C@H](C[NH+]1CCC2(CC1)CN(C(=O)Cc1cnccn1)Cc1ccccc12)c1cccc2ccccc12[EOS],31479.480708360672,42
11.7,CC1C(c2ccccc2)c2ccccc2CC[NH+]1CN1C(=O)NC2(CCCN(c3ccccc3)C2)C1=O,[BOS]C[C@@H]1[C@H](c2ccccc2)c2ccccc2CC[NH+]1CN1C(=O)N[C@@]2(CCCN(c3ccccc3)C2)C1=O[EOS],35876.516743183136,42
11.6,O=C(Oc1ccc2c(c1)C(c1ccccc1)N(C(=O)c1ccc(Cl)cc1)CC2)C1CC(=O)N(c2ccccc2)C1,[BOS]O=C(Oc1ccc2c(c1)[C@H](c1ccccc1)N(C(=O)c1ccc(Cl)cc1)CC2)[C@@H]1CC(=O)N(c2ccccc2)C1[EOS][EOS][EOS][EOS][EOS][EOS][EOS][EOS],40738.374546051025,42
11.2,O=C(C1CC(c2ccccc2)N=N1)N1CCC2(CCCN(C(=O)C3CCc4ccccc43)C2)CC1,[BOS]O=C([C@H]1CCc2ccccc21)N1CCCC2(CCN(C(=O)[C@H]3CC(c4ccccc4)N=N3)CC2)C1[EOS],44950.6996884346,42
11.9,O=C(NC1C2CCc3ccccc3C21)C1Cc2ccccc2CN1S(=O)(=O)c1cccc2ccccc12,[BOS]O=C(N[C@@H]1[C@@H]2CCc3ccccc3[C@@H]21)[C@@H]1Cc2ccccc2CN1S(=O)(=O)c1cccc2ccccc12[EOS],49367.201174259186,42
11.2,O=C(NCC1OCC2CCN(C(=O)c3cn4ccccc4[nH+]3)CC21)c1cc(-c2ccccn2)nc2ncccc12,[BOS]O=C(NC[C@@H]1OC[C@@H]2CCN(C(=O)c3cn4ccccc4[nH+]3)C[C@@H]21)c1cc(-c2ccccn2)nc2ncccc12[EOS][EOS][EOS][EOS][EOS][EOS],54800.75850558281,42
10.1,COc1ccc2[nH]cc(C(=O)N3CCC(C4CCCCN4C(=O)C45CCC(CC4)CC5)CC3)c2n1,[BOS]COc1ccc2[nH]cc(C(=O)N3CCC([C@H]4CCCCN4C(=O)C45CCC(CC4)CC5)CC3)c2n1[EOS][EOS][EOS][EOS],4673.091283559799,42
12.1,O=C(c1cc(N2CCN(c3ccccc3)CC2)nc2ccccc12)N1CCN(Cc2ccc3ccccc3[nH+]2)CC1,[BOS]O=C(c1cc(N2CCN(c3ccccc3)CC2)nc2ccccc12)N1CCN(Cc2ccc3ccccc3[nH+]2)CC1[EOS],9947.101017951965,42
11.4,Cc1cc2nc(C(=O)NC3CCc4nc(NC(=O)c5ccc6c(c5)CCCC6=O)sc4C3)[nH]c2cc1C,[BOS]Cc1cc2nc(C(=O)N[C@@H]3CCc4nc(NC(=O)c5ccc6c(c5)CCCC6=O)sc4C3)[nH]c2cc1C[EOS],14573.402712106705,42
11.8,CC(=O)N1CCc2cc(S(=O)(=O)N3Cc4ccccc4C4(CCN(c5ncc(F)cn5)CC4)C3)ccc21,[BOS]CC(=O)N1CCc2cc(S(=O)(=O)N3Cc4ccccc4C4(CCN(c5ncc(F)cn5)CC4)C3)ccc21[EOS],19020.612971305847,42
11.7,Cc1cc(F)c(F)c(C(=O)Nc2nc3c(s2)CC(NC(=O)c2cc(=O)[nH]c(=O)[nH]2)CC3)c1,[BOS]Cc1cc(F)c(F)c(C(=O)Nc2nc3c(s2)C[C@H](NC(=O)c2cc(=O)[nH]c(=O)[nH]2)CC3)c1[EOS],23595.810314178467,42
11.4,Cc1cc2cccc(C(=O)N3CCC4(CCCN(C(=O)CC5OCCc6ccccc65)C4)CC3)c2[nH]1,[BOS]Cc1cc2cccc(C(=O)N3CCC4(CCCN(C(=O)C[C@H]5OCCc6ccccc65)C4)CC3)c2[nH]1[EOS],28390.88591694832,42
10.6,Cc1ccc(C2CC2c2nnc(Cc3sc(N4CCOCC4)nc3Nc3ccc(Cl)cc3)o2)cc1C,[BOS]Cc1ccc([C@@H]2C[C@H]2c2nnc(Cc3sc(N4CCOCC4)nc3Nc3ccc(Cl)cc3)o2)cc1C[EOS],33338.54049015045,42
11.3,O=C(CC1CC2(CCN(C(=O)C3Cn4nnnc4C34CC[NH2+]CC4)CC2)Oc2ccccc21)NC1CCC1,[BOS]O=C(C[C@@H]1CC2(CCN(C(=O)[C@H]3Cn4nnnc4C34CC[NH2+]CC4)CC2)Oc2ccccc21)NC1CCC1[EOS],38455.227157115936,42
11.3,O=C1CCc2ccc(C(=O)N3CCCCC3C3CCN(C(=O)CC4OCCc5ccccc54)CC3)cc2N1,[BOS]O=C1CCc2ccc(C(=O)N3CCCC[C@@H]3C3CCN(C(=O)C[C@@H]4OCCc5ccccc54)CC3)cc2N1[EOS][EOS],43426.27998685837,42
11.4,Cc1cccc2cc(C(=O)N3CCC4OCCCC4(CNC(=O)C4(F)CCCCC4(F)F)C3)[nH]c12,[BOS]Cc1cccc2cc(C(=O)N3CC[C@H]4OCCC[C@@]4(CNC(=O)[C@@]4(F)CCCCC4(F)F)C3)[nH]c12[EOS],48397.104642391205,42
10.8,Cc1cc(C(=O)N2CCCCC2c2cc(NC(=O)C3Cc4ccccc4C3)n[nH]2)nc2ccccc12,[BOS]Cc1cc(C(=O)N2CCCC[C@@H]2c2cc(NC(=O)C3Cc4ccccc4C3)n[nH]2)nc2ccccc12[EOS],53089.60389375687,42
12.7,O=C(Nc1cc(-c2cccc(F)c2)ccn1)NC1Cc2ccccc2NC(=O)c2cc(F)c(F)cc2OCC(CO)N1,[BOS]O=C(Nc1cc(-c2cccc(F)c2)ccn1)N[C@@H]1Cc2ccccc2NC(=O)c2cc(F)c(F)cc2OC[C@@H](CO)N1[EOS],57042.31627750397,42
10.7,Cc1nc(C(=O)NC2CCc3nc(NC(=O)Cc4cccc5ncccc45)sc3C2)c(=O)[nH]c1C,[BOS]Cc1nc(C(=O)N[C@H]2CCc3nc(NC(=O)Cc4cccc5ncccc45)sc3C2)c(=O)[nH]c1C[EOS][EOS][EOS][EOS][EOS],4425.807764291763,42
11.5,O=C(Nc1cc(C2CCCCN2C(=O)C2CCC(F)(F)C2)[nH]n1)c1cccc2c1oc1ccccc12,[BOS]O=C(Nc1cc([C@H]2CCCCN2C(=O)[C@@H]2CCC(F)(F)C2)[nH]n1)c1cccc2c1oc1ccccc12[EOS],9108.133412837982,42
11.7,CNC(=O)c1ccc2c(c1)C1(CC[NH+](C3CCc4ccc5cc(Cl)ccc5c4C3)CC1)CC(=O)N2,[BOS]CNC(=O)c1ccc2c(c1)C1(CC[NH+]([C@@H]3CCc4ccc5cc(Cl)ccc5c4C3)CC1)CC(=O)N2[EOS],12927.280376911163,42
11.6,Cc1cccc(-c2nnc(-c3ccccc3C(=O)N3CCC=C(c4c[nH]c5ncccc45)CC3)o2)c1,[BOS]Cc1cccc(-c2nnc(-c3ccccc3C(=O)N3CCC=C(c4c[nH]c5ncccc45)CC3)o2)c1[EOS],17568.791960954666,42
10.6,Cc1ccccc1CCC(=O)Nc1nc2c(s1)CC(NC(=O)c1[nH]cc3c1CCC3)CC2,[BOS]Cc1ccccc1CCC(=O)Nc1nc2c(s1)C[C@H](NC(=O)c1[nH]cc3c1CCC3)CC2[EOS],22575.79655313492,42
11.6,O=C(Nc1cc(C2CCCCN2C(=O)C2CCc3ccccc3O2)[nH]n1)C1Cc2ccccc2C1,[BOS]O=C(Nc1cc([C@@H]2CCCCN2C(=O)[C@H]2CCc3ccccc3O2)[nH]n1)C1Cc2ccccc2C1[EOS],27471.47284436226,42
11.7,O=C(C(=O)N1CCCCC1C1CCN(C(=O)c2[nH]c3ccccc3c2-c2ccccc2)CC1)c1ccccc1,[BOS]O=C(C(=O)N1CCCC[C@@H]1C1CCN(C(=O)c2[nH]c3ccccc3c2-c2ccccc2)CC1)c1ccccc1[EOS][EOS][EOS][EOS][EOS][EOS][EOS][EOS],32286.74884533882,42
10.9,Cc1ccc(-c2cncc(C[NH+]3CCC4(CC3)OC(=O)C(=O)N(c3ccc(F)cc3)C43CC3)c2)cc1,[BOS]Cc1ccc(-c2cncc(C[NH+]3CCC4(CC3)OC(=O)C(=O)N(c3ccc(F)cc3)C45CC5)c2)cc1[EOS][EOS][EOS][EOS][EOS][EOS],36630.363031864166,42
11.8,O=C(CC1Cc2ccccc2C1)N1CCOC2(COCCN(C(=O)C3CC3c3ccc(F)c(F)c3)C2)C1,[BOS]O=C(CC1Cc2ccccc2C1)N1CCO[C@]2(COCCN(C(=O)[C@H]3C[C@@H]3c3ccc(F)c(F)c3)C2)C1[EOS],41555.78268170357,42
12.2,O=C1CCCC2(C1)C[NH+](C1CCc3c(Cl)cccc3C1)CCC2N1CCCc2cc(F)cc(F)c2C1=O,[BOS]O=C1CCC[C@]2(C1)C[NH+]([C@H]1CCc3c(Cl)cccc3C1)CC[C@H]2N1CCCc2cc(F)cc(F)c2C1=O[EOS],45712.70349574089,42
10.8,O=C(COc1cccnn1)N1CCC2(CCCN(C(=O)c3n[nH]c4ccc(-c5ccccc5)cc34)C2)CC1,[BOS]O=C(COc1cccnn1)N1CCC2(CCCN(C(=O)c3n[nH]c4ccc(-c5ccccc5)cc34)C2)CC1[EOS][EOS][EOS][EOS][EOS][EOS][EOS][EOS],50444.03484249115,42
11.4,Cc1n[nH]cc1C(=O)N1CCCCC1C1CCN(C(=O)c2cc(-c3ccccc3)c3ccccc3n2)CC1,[BOS]Cc1n[nH]cc1C(=O)N1CCCC[C@H]1C1CCN(C(=O)c2cc(-c3ccccc3)c3ccccc3n2)CC1[EOS],54777.86380672455,42
11.8,Cc1c(C(=O)Nc2nc3c(s2)CC(NC(=O)C2CNc4ccccc42)CC3)cc2nc[nH]c(=O)c2c1C,[BOS]Cc1c(C(=O)Nc2nc3c(s2)C[C@H](NC(=O)[C@H]2CNc4ccccc42)CC3)cc2nc[nH]c(=O)c2c1C[EOS][EOS][EOS][EOS][EOS][EOS][EOS],4552.876415729523,42
11.7,O=C(Nc1nc2c(s1)CC(NC(=O)C1C3CCCC1c1ccccc1N3)CC2)c1ccc(F)c(F)c1,[BOS]O=C(Nc1nc2c(s1)C[C@H](NC(=O)[C@H]1[C@@H]3CCC[C@H]1c1ccccc1N3)CC2)c1ccc(F)c(F)c1[EOS],9108.901045322418,42
10.7,O=C(Nc1cccc(C(=O)N2CCc3ccccc32)c1)NC1CCC(c2cccc(F)c2)C1,[BOS]O=C(Nc1cccc(C(=O)N2CCc3ccccc32)c1)N[C@@H]1CC[C@@H](c2cccc(F)c2)C1[EOS][EOS][EOS][EOS][EOS][EOS][EOS][EOS],13635.250301837921,42
13.7,O=C1N(Cc2cc(=O)oc3ccc4ccccc4c23)C(O)=NC12Oc1ccc(Cl)cc1C1CC(c3ccccc3)=NN12,[BOS]O=C1N(Cc2cc(=O)oc3ccc4ccccc4c23)C(O)=N[C@@]12Oc1ccc(Cl)cc1[C@@H]1CC(c3ccccc3)=NN12[EOS],18412.320516347885,42
12.5,O=C(c1nc(-c2ccccc2)n2c1COc1ccccc1C2)N1CCCC2(CCCCCC2)CC1,[BOS]O=C(c1nc(-c2ccccc2)n2c1COc1ccccc1C2)N1CCCC2(CCCCCC2)CC1[EOS],23011.75054693222,42
11.1,CC1CC([NH+]2CC(c3ccccc3)C3(CCN(c4ncccn4)CC3)C2=O)CC[NH+]1Cc1ccccc1,[BOS]C[C@@H]1C[C@H]([NH+]2C[C@@H](c3ccccc3)C3(CCN(c4ncccn4)CC3)C2=O)CC[NH+]1Cc1ccccc1[EOS][EOS][EOS][EOS][EOS],27255.61206316948,42
10.8,O=C1Nc2c(C(=O)NCC3OCC4CCN(C(=O)C=C5C(=O)Nc6ccccc65)CC43)cccc2C1=O,[BOS]O=C(NC[C@@H]1OC[C@@H]2CCN(C(=O)C=C3C(=O)Nc4ccccc43)C[C@@H]21)c1cccc2c1NC(=O)C2=O[EOS][EOS][EOS][EOS][EOS][EOS],32325.20299243927,42
10.1,Cc1cc(-c2noc(C(c3cc4ccccc4[nH]3)[NH+]3CCN(c4ccc(F)cc4)CC3)n2)c(F)cc1F,[BOS]Cc1cc(-c2noc([C@@H](c3cc4ccccc4[nH]3)[NH+]3CCN(c4ccc(F)cc4)CC3)n2)c(F)cc1F[EOS],36588.347825050354,42
10.2,Cc1cccn2ncc(C(=O)N3CCOC4(COCCN(C(=O)c5ccc(Cl)cc5)C4)C3)c12,[BOS]Cc1cccn2ncc(C(=O)N3CCO[C@@]4(COCCN(C(=O)c5ccc(Cl)cc5)C4)C3)c12[EOS][EOS][EOS][EOS][EOS][EOS],41527.15269827843,42
11.5,O=C(NCC1OCC2CCN(C(=O)c3c[nH]c4cc(-c5ccccc5)ccc34)CC21)c1[nH]cc2c1CCC2,[BOS]O=C(NC[C@@H]1OC[C@@H]2CCN(C(=O)c3c[nH]c4cc(-c5ccccc5)ccc34)C[C@@H]21)c1[nH]cc2c1CCC2[EOS][EOS][EOS][EOS][EOS][EOS][EOS][EOS],47035.26096725464,42
13.7,Nc1ncc(-c2ccccc2C=C2CCc3ccc(-c4ccc5c(c4)CC=C5)cc3C2)c2c1ccc1ccc3occc3c12,[BOS]Nc1ncc(-c2ccccc2C=C2CCc3ccc(-c4ccc5c(c4)CC=C5)cc3C2)c2c1ccc1ccc3occc3c12[EOS],51998.215122938156,42
11.8,Cc1cc(C(=O)Nc2nc3c(s2)CC(NC(=O)c2cc([O-])[nH]c(=O)c2)CC3)cc2cn[nH]c12,[BOS]Cc1cc(C(=O)Nc2nc3c(s2)C[C@@H](NC(=O)c2cc([O-])[nH]c(=O)c2)CC3)cc2cn[nH]c12[EOS],56125.05205845833,42
10.7,CN1C(=O)c2ccc(-c3nnc(Cc4ccc5ccccc5c4)o3)cc2C(=O)N2CCCC2C1=O,[BOS]CN1C(=O)c2ccc(-c3nnc(Cc4ccc5ccccc5c4)o3)cc2C(=O)N2CCC[C@@H]2C1=O[EOS],4074.737961769104,42
10.9,Cc1nc2ccccc2c(C)c1CC(=O)N1CC=C(c2c(C)[nH]c3ccc(F)cc23)C(C)C1NC(=N)[O-],[BOS]Cc1nc2ccccc2c(C)c1CC(=O)N1CC=C(c2c(C)[nH]c3ccc(F)cc23)C(C)C1NC(=N)[O-][EOS],8534.72382760048,42
10.7,Cn1nc(C(=O)N2CCOC3(COCCN(C(=O)CC4OCCc5ccccc54)C3)C2)c2c1CCC2,[BOS]Cn1nc(C(=O)N2CCO[C@@]3(COCCN(C(=O)C[C@H]4OCCc5ccccc54)C3)C2)c2c1CCC2[EOS][EOS][EOS],12894.510684251785,42
11.6,Cc1ccc(C2(C)NC(=O)[N+]2([O-])CN2CCC(n3[nH+]c4n(c3=O)CC(c3ccc5c(c3)OCO5)CC4)CC2)cc1F,[BOS]Cc1ccc([C@]2(C)NC(=O)N(CN3CCC(n4[nH+]c5n(c4=O)C[C@@H](c4ccc6c(c4)OCO6)CC5)CC3)2=O)cc1F[EOS][EOS][EOS][EOS][EOS],18138.20757818222,42
11.4,CC1CCCCC12NC(=O)N(Cc1nnc(-c3cc(-c4ccccc4)nc4ccccc34)o1)C2=O,[BOS]C[C@H]1CCCC[C@]12NC(=O)N(Cc1nnc(-c3cc(-c4ccccc4)nc4ccccc34)o1)C2=O[EOS],22510.39933657646,42
10.8,O=C(Nc1ncnn1-c1ccccc1)C1CCC2(CC1)CC(c1ccc3c(c1)OCCO3)C(=O)N2,[BOS]O=C1NC2(CCC(C(=O)Nc3ncnn3-c3ccccc3)CC2)C[C@@H]1c1ccc2c(c1)OCCO2[EOS][EOS][EOS][EOS][EOS],26926.255054712296,42
11.2,O=C(c1cc(Cl)cc2n[nH]nc12)N1CCC2(CCCN(C(=O)C3CC(c4ccccc4)=NO3)C2)CC1,[BOS]O=C(c1cc(Cl)cc2n[nH]nc12)N1CCC2(CCCN(C(=O)[C@H]3CC(c4ccccc4)=NO3)C2)CC1[EOS][EOS][EOS][EOS][EOS][EOS][EOS][EOS],31427.203686475754,42
11.5,[H]N=c1nc(OCc2cccc([NH3+])c2)c2[nH]cnc2n1-c1nc(-c2ccccn2)nc2scc(-c3ccccc3)c12,[BOS][H]/N=c1/nc(OCc2cccc([NH3+])c2)c2[nH]cnc2n1-c1nc(-c2ccccn2)nc2scc(-c3ccccc3)c12[EOS],36755.62259435654,42
11.6,O=C(C[NH+]1CCc2n[nH]c(=O)cc2C1)NCC1c2ccccc2CCc2ccccc21,[BOS]O=C(C[NH+]1CCc2n[nH]c(=O)cc2C1)NCC1c2ccccc2CCc2ccccc21[EOS],41252.29599690437,42
11.3,Cc1nc2ncncn2c1C(=O)N1CCCCC1C1CCN(C(=O)C2CCc3ccccc3C2)CC1,[BOS]Cc1nc2ncncn2c1C(=O)N1CCCC[C@H]1C1CCN(C(=O)[C@@H]2CCc3ccccc3C2)CC1[EOS],46296.98775553703,42
10.3,O=C(NCC1CCN(C(=O)c2cccc3c2CCCC3)C1c1cccnc1)c1onc2ccccc12,[BOS]O=C(NC[C@H]1CCN(C(=O)c2cccc3c2CCCC3)[C@@H]1c1cccnc1)c1onc2ccccc12[EOS][EOS][EOS][EOS][EOS][EOS][EOS],51693.80743718147,42
12.5,Cc1c(Cl)cccc1N1C(=O)C2C(C1=O)C1c3ccccc3C2C2C(c3ccc(F)cc3)C(c3ccccc3)=[NH+]N12,[BOS]Cc1c(Cl)cccc1N1C(=O)[C@H]2C3c4ccccc4C(C4C(c5ccc(F)cc5)C(c5ccccc5)=[NH+]N43)[C@H]2C1=O[EOS],55777.29014134407,42
11.7,NC(N)=[NH+]CC(=O)N1CCCCC1C1CCN(C(=O)c2cc3cc(-c4ccccc4)ccn3n2)CC1,[BOS]NC(N)=[NH+]CC(=O)N1CCCC[C@@H]1C1CCN(C(=O)c2cc3cc(-c4ccccc4)ccn3n2)CC1[EOS],4975.149265289307,42
11.2,O=C(Nc1cc(C2CCCCN2C(=O)C2Cc3ccccc3C[NH2+]2)[nH]n1)C1CCc2ccccc2C1O,[BOS]O=C(Nc1cc([C@@H]2CCCCN2C(=O)[C@H]2Cc3ccccc3C[NH2+]2)[nH]n1)[C@H]1CCc2ccccc2[C@H]1O[EOS],9851.994509458542,42
10.3,O=C(CCc1ccc(=O)[nH]n1)NCC12CCCOC1CCN(C(=O)C1=NOC(c3ccccc3)C1)C2,[BOS]O=C(CCc1ccc(=O)[nH]n1)NC[C@@]12CCCO[C@@H]1CCN(C(=O)C1=NO[C@H](c3ccccc3)C1)C2[EOS][EOS][EOS],15319.175325632095,42
11.2,O=C(c1cccc(Cc2cccc(F)c2)c1)N1CC2(CCCN2C(=O)c2cc3c(F)cc(F)cc3[nH]2)C1,[BOS]O=C(c1cccc(Cc2cccc(F)c2)c1)N1CC2(CCCN2C(=O)c2cc3c(F)cc(F)cc3[nH]2)C1[EOS][EOS][EOS][EOS][EOS][EOS],20451.795423984528,42
11.0,Cc1nc2ccncc2cc1C(=O)Nc1nc2c(s1)CC(NC(=O)C1CCNC(=O)C1)CC2,[BOS]Cc1nc2ccncc2cc1C(=O)Nc1nc2c(s1)C[C@@H](NC(=O)[C@@H]1CCNC(=O)C1)CC2[EOS],25217.894899129868,42
10.5,O=C(CC1CCCC1)N1CCC(OC2CCN(C(=O)c3[nH]nc4c3CCc3ncccc3-4)CC2)CC1,[BOS]O=C(CC1CCCC1)N1CCC(OC2CCN(C(=O)c3[nH]nc4c3CCc3ncccc3-4)CC2)CC1[EOS],30278.075968027115,42
11.2,O=C(NCC1OCC2CCN(C(=O)c3onc4ccccc34)CC21)C1CCCc2c1[nH]c1ccc(Cl)cc21,[BOS]O=C(NC[C@@H]1OC[C@@H]2CCN(C(=O)c3onc4ccccc34)C[C@@H]21)[C@@H]1CCCc2c1[nH]c1ccc(Cl)cc21[EOS],35586.603194236755,42
10.9,O=C(c1cn2ncccc2[nH+]1)N1CCC2(C1)CN(C(=O)C1CC(c3ccccc3)=NO1)CCO2,[BOS]O=C(c1cn2ncccc2[nH+]1)N1CC[C@@]2(C1)CN(C(=O)[C@H]1CC(c3ccccc3)=NO1)CCO2[EOS][EOS][EOS][EOS],39753.31923508644,42
10.8,O=C(c1cccn2c(=O)[nH]nc12)N1CCC(C2CCCCN2C(=O)C2CCc3ccccc32)CC1,[BOS]O=C(c1cccn2c(=O)[nH]nc12)N1CCC([C@H]2CCCCN2C(=O)[C@H]2CCc3ccccc32)CC1[EOS][EOS][EOS][EOS][EOS],44339.15857839584,42
10.4,CC(C(=O)Nc1nc2c(s1)CC(NC(=O)c1cc([N+](=O)[O-])c([O-])cc1[O-])CC2)c1ccc(Cl)cc1,[BOS]C[C@H](C(=O)Nc1nc2c(s1)C[C@H](NC(=O)c1cc([N+](=O)[O-])c([O-])cc1[O-])CC2)c1ccc(Cl)cc1[EOS][EOS][EOS][EOS][EOS][EOS][EOS],49121.327353954315,42
12.7,O=C(CN1c2ccccc2-c2ccccc2S1(=O)=O)N1N=C(c2cccc3ccccc23)CC1c1cccc(Cl)c1,[BOS]O=C(CN1c2ccccc2-c2ccccc2S1(=O)=O)N1N=C(c2cccc3ccccc23)CC1c1cccc(Cl)c1[EOS],54403.89323282242,42
11.7,O=C(c1cc2cccnc2[nH]c1=O)N1CC2(CCCN2C(=O)C2CC=CCC2c2ccccc2)C1,[BOS]O=C(c1cc2cccnc2[nH]c1=O)N1CC2(CCCN2C(=O)[C@@H]2CC=CC[C@H]2c2ccccc2)C1[EOS][EOS][EOS][EOS][EOS][EOS],58225.79990720749,42
11.2,Cc1ccc2nc(C(=O)NC3CCc4nc(NC(=O)C5CCc6ccccc6C5)sc4C3)ccc2c1,[BOS]Cc1ccc2nc(C(=O)N[C@H]3CCc4nc(NC(=O)[C@H]5CCc6ccccc6C5)sc4C3)ccc2c1[EOS][EOS][EOS][EOS][EOS],4326.946274995804,42
10.9,Cn1c(C2(C)Oc3cc(O)ccc3C(=O)C2c2ccc(F)cc2)nc2c(N3CCC(C(F)(F)F)CC3)ncnc21,[BOS]Cn1c([C@]2(C)Oc3cc(O)ccc3C(=O)[C@@H]2c2ccc(F)cc2)nc2c(N3CCC(C(F)(F)F)CC3)ncnc21[EOS][EOS][EOS][EOS][EOS][EOS][EOS][EOS],8292.834565162659,42
11.3,CC1CCc2[nH]c3ccc(C(=O)NN4C(=O)NC(C)(c5ccc(-c6nn[n-]n6)cc5)C4=O)cc3c2C1,[BOS]C[C@H]1CCc2[nH]c3ccc(C(=O)NN4C(=O)N[C@@](C)(c5ccc(-c6nn[n-]n6)cc5)C4=O)cc3c2C1[EOS],12692.931443214417,42
11.2,NC(N)=[NH+]CC(=O)NC1CCc2nc(NC(=O)C3CCc4ccccc4C3)sc2C1,[BOS]NC(N)=[NH+]CC(=O)N[C@@H]1CCc2nc(NC(=O)[C@H]3CCc4ccccc4C3)sc2C1[EOS],17274.56274819374,42
10.8,O=C(C1CCc2nc[nH]c2C1)N1CCCCC1c1cc(NC(=O)C2(F)CCCCC2(F)F)n[nH]1,[BOS]O=C([C@H]1CCc2nc[nH]c2C1)N1CCCC[C@@H]1c1cc(NC(=O)[C@@]2(F)CCCCC2(F)F)n[nH]1[EOS],21788.696995019913,42
11.6,CCOc1cc(C2Oc3ccccc3-c3c2c(-c2ccccc2)nn3C(C)=O)ccc1OC1CC2C[NH2+]C(C2)C1,[BOS]CCOc1cc([C@@H]2Oc3ccccc3C3=C2C(c2ccccc2)=NN3C(C)=O)ccc1O[C@H]1C[C@H]2C[NH2+][C@@H](C2)C1[EOS],27007.728207349777,42
11.8,O=C(NC1CCc2nc(NC(=O)C3Cc4ccccc4C3)sc2C1)c1cc2cc(F)c(F)cc2[nH]c1=O,[BOS]O=C(N[C@@H]1CCc2nc(NC(=O)C3Cc4ccccc4C3)sc2C1)c1cc2cc(F)c(F)cc2[nH]c1=O[EOS],31526.971792697906,42
12.6,NC(=O)c1cccc(C2(c3cc4cc5c(cc4o3)CCO5)Oc3cc(O)ccc3C(=O)C2c2ccc(F)cc2)c1,[BOS]NC(=O)c1cccc([C@@]2(c3cc4cc5c(cc4o3)CCO5)Oc3cc(O)ccc3C(=O)[C@@H]2c2ccc(F)cc2)c1[EOS],36768.03267645836,42
11.9,Cc1ccc(CCC(=O)Nc2cc(C3CCCCN3C(=O)c3ccc4c(c3)C(=O)CC4)[nH]n2)c2ccccc12,[BOS]Cc1ccc(CCC(=O)Nc2cc([C@H]3CCCCN3C(=O)c3ccc4c(c3)C(=O)CC4)[nH]n2)c2ccccc12[EOS],42366.93104529381,42
11.2,Cc1cc2cccc(C(=O)Nc3cc(C4CCCCN4C(=O)C4(F)CCCCC4(F)F)[nH]n3)c2[nH]1,[BOS]Cc1cc2cccc(C(=O)Nc3cc([C@@H]4CCCCN4C(=O)[C@@]4(F)CCCCC4(F)F)[nH]n3)c2[nH]1[EOS],47247.30827140808,42
10.8,Cc1ccc2[nH]c3c(c2c1)CC(c1nc(-c2nnc(C)c4ccccc24)no1)CC3=O,[BOS]Cc1ccc2[nH]c3c(c2c1)C[C@@H](c1nc(-c2nnc(C)c4ccccc24)no1)CC3=O[EOS],51228.185974121094,42
10.0,CC1CCCN(Cc2ccc(CN=C(O)c3cn(-c4ccccc4)[nH+]c3-c3ccccc3)cc2)C1,[BOS]C[C@@H]1CCCN(Cc2ccc(CN=C(O)c3cn(-c4ccccc4)[nH+]c3-c3ccccc3)cc2)C1[EOS],55982.23448801041,42
11.0,[NH3+]C(C(=O)NC1CCc2nc(NC(=O)c3ccc4c(c3)CCCC4=O)sc2C1)c1cccc(Cl)c1,[BOS][NH3+][C@@H](C(=O)N[C@@H]1CCc2nc(NC(=O)c3ccc4c(c3)CCCC4=O)sc2C1)c1cccc(Cl)c1[EOS],5064.817038536072,42
11.3,Cc1cccc(-c2cccc(C(=O)N3CC[NH+]4CCC(C3)N4C(=O)C=C3CCOCC3)c2)c1,[BOS]Cc1cccc(-c2cccc(C(=O)N3CC[NH+]4CC[C@@H](C3)N4C(=O)C=C3CCOCC3)c2)c1[EOS],9392.41073846817,42
11.4,O=C(NC1CC2CCC(C1)N2C(=O)c1ccccc1Oc1cccc2ccccc12)C(=O)c1ccc(Cl)cc1,[BOS]O=C(N[C@H]1C[C@H]2CC[C@@H](C1)N2C(=O)c1ccccc1Oc1cccc2ccccc12)C(=O)c1ccc(Cl)cc1[EOS],14429.031832695007,42
11.1,O=C(NC1CCOC(c2ccc(F)cc2)C1)N1Cc2ccc(O)cc2C2(CC2)C1,[BOS]O=C(N[C@@H]1CCO[C@@H](c2ccc(F)cc2)C1)N1Cc2ccc(O)cc2C2(CC2)C1[EOS],18395.29798078537,42
11.6,Cc1ccc2cc(C(=O)N3CCC([NH+]4CCC(NC(=O)C=C5C(=O)Nc6ccccc65)CC4)CC3)ncc2c1,[BOS]Cc1ccc2cc(C(=O)N3CCC([NH+]4CCC(NC(=O)C=C5C(=O)Nc6ccccc65)CC4)CC3)ncc2c1[EOS],24196.046649217606,42
11.3,O=C(Nc1cc(C2CCCCN2C(=O)c2cc(Cl)[nH]c(=O)c2)[nH]n1)c1ccc2cnccc2c1,[BOS]O=C(Nc1cc([C@@H]2CCCCN2C(=O)c2cc(Cl)[nH]c(=O)c2)[nH]n1)c1ccc2cnccc2c1[EOS],29012.263506889343,42
10.5,O=C(NC1(c2ccc(NC(=O)C3CC3c3ccc(F)cc3)cc2)CCC1)c1cccnc1-c1cccc(F)c1,[BOS]O=C(NC1(c2ccc(NC(=O)[C@H]3C[C@@H]3c3ccc(F)cc3)cc2)CCC1)c1cccnc1-c1cccc(F)c1[EOS][EOS][EOS][EOS][EOS],34064.046964883804,42
10.8,Cc1cc(C(=O)N2CCC(C3CCCCN3C(=O)c3cccc4c3oc3ccccc34)CC2)cc(=O)[nH]1,[BOS]Cc1cc(C(=O)N2CCC([C@H]3CCCCN3C(=O)c3cccc4c3oc3ccccc34)CC2)cc(=O)[nH]1[EOS],38546.569070100784,42
12.2,Cc1nnc(-c2cccc(NC3c4ccccc4CCc4ccccc43)c2)n1C(=O)c1ccccc1C(=O)c1ccccn1,[BOS]Cc1nnc(-c2cccc(NC3c4ccccc4CCc4ccccc43)c2)n1C(=O)c1ccccc1C(=O)c1ccccn1[EOS],43474.4830892086,42
10.9,CC(C#N)c1cccc(C(=O)Nc2nc3c(s2)CC(NC(=O)C2CCN(c4ccccn4)CC2)CC3)c1,[BOS]C[C@@H](C#N)c1cccc(C(=O)Nc2nc3c(s2)C[C@@H](NC(=O)C2CCN(c4ccccn4)CC2)CC3)c1[EOS][EOS][EOS][EOS][EOS][EOS][EOS],48225.482301950455,42
14.1,c1ccc(-c2ccc(-c3ccc4c(c3)c3ccccc3c3sc5ccccc5c43)cc2)c(Oc2cccc3c2oc2ccccc23)c1,[BOS]c1ccc(Oc2cccc3c2oc2ccccc23)c(-c2ccc(-c3ccc4c5c6ccccc6sc5c5ccccc5c4c3)cc2)c1[EOS][EOS][EOS][EOS],53497.77526497841,42
10.2,Cc1cc(Br)c2c(c1)C[NH+](CC(=O)N1CCc3cc(S(=O)(=O)N4CCCCC4)ccc31)CC2,[BOS]Cc1cc(Br)c2c(c1)C[NH+](CC(=O)N1CCc3cc(S(=O)(=O)N4CCCCC4)ccc31)CC2[EOS],57536.56297826767,42
11.7,Cc1cccc(-c2nc(C(=O)Nc3cc(-c4nnc5n4CCCc4ccccc4-5)ccc3F)c(C)[nH]2)c1,[BOS]Cc1cccc(-c2nc(C(=O)Nc3cc(-c4nnc5n4CCCc4ccccc4-5)ccc3F)c(C)[nH]2)c1[EOS][EOS][EOS][EOS][EOS][EOS][EOS][EOS],4905.064812660217,42
11.0,O=C(C1Cc2ccccc2C[NH2+]1)N1CCOC2(COCCN(C(=O)C3ON=C(c4ccccc4)O3)C2)C1,[BOS]O=C([C@@H]1Cc2ccccc2C[NH2+]1)N1CCO[C@]2(COCCN(C(=O)[C@H]3ON=C(c4ccccc4)O3)C2)C1[EOS],9395.514407396317,42
11.4,O=C(C1CCC[NH+](C2CC[NH2+]CC2)C1)N1CCn2c(-c3ccccc3)c[nH+]c2C12CC[NH2+]CC2,[BOS]O=C([C@H]1CCC[NH+](C2CC[NH2+]CC2)C1)N1CCn2c(-c3ccccc3)c[nH+]c2C12CC[NH2+]CC2[EOS],13879.178388834,42
11.4,Cc1cc2[nH]c(C(=O)N3CCC(C4CCCCN4C(=O)Cc4ccc5ccccc5c4)CC3)cc2s1,[BOS]Cc1cc2[nH]c(C(=O)N3CCC([C@H]4CCCCN4C(=O)Cc4ccc5ccccc5c4)CC3)cc2s1[EOS],18724.586187839508,42
11.1,Cc1ccccc1-c1nn(-c2ccccc2)c(-c2cc3ccccc3o2)c1CN(Cc1ccc2c(c1)OCO2)C(=O)O,[BOS]Cc1ccccc1-c1nn(-c2ccccc2)c(-c2cc3ccccc3o2)c1CN(Cc1ccc2c(c1)OCO2)C(=O)O[EOS],23176.71628689766,42
10.5,O=C(NC1CCCN(C(=O)c2cc(N=Nc3c(O)[nH]c4cc(I)ccc34)ccc2O)C1)c1cccc2ccccc12,[BOS]O=C(N[C@H]1CCCN(C(=O)c2cc(N=Nc3c(O)[nH]c4cc(I)ccc34)ccc2O)C1)c1cccc2ccccc12[EOS][EOS][EOS],27952.654026269913,42
10.5,Cc1noc(C)c1C(=O)NCC12CCCOC1CCN(C(=O)C1=NOC(c3ccccc3)C1)C2,[BOS]Cc1noc(C)c1C(=O)NC[C@@]12CCCO[C@@H]1CCN(C(=O)C1=NO[C@H](c3ccccc3)C1)C2[EOS],32586.31724047661,42
11.7,O=C(NC1CC2CCC(C1)N2C(=O)c1cc(=O)[nH]c(=O)[nH]1)c1cc2cc(-c3ccccc3)ccn2n1,[BOS]O=C(N[C@H]1C[C@H]2CC[C@@H](C1)N2C(=O)c1cc(=O)[nH]c(=O)[nH]1)c1cc2cc(-c3ccccc3)ccn2n1[EOS],37125.074204683304,42
12.1,O=C(Nc1nc2c(s1)CC(NC(=O)c1cc(=O)[nH]c(=O)[nH]1)CC2)c1cccc(Cc2cccc(F)c2)c1,[BOS]O=C(N[C@@H]1CCc2nc(NC(=O)c3cccc(Cc4cccc(F)c4)c3)sc2C1)c1cc(=O)[nH]c(=O)[nH]1[EOS],42053.22568774223,42
11.0,O=C(c1cc2c(ccc3ccccc32)[nH]1)N1CCc2[nH]c3ccccc3c2C1,[BOS]O=C(c1cc2c(ccc3ccccc32)[nH]1)N1CCc2[nH]c3ccccc3c2C1[EOS],46673.48498439789,42
11.1,Cc1ccc2nc(C(=O)N3CCCCC3C3CCN(C(=O)Cc4c(F)ccc(F)c4F)CC3)ccc2c1,[BOS]Cc1ccc2nc(C(=O)N3CCCC[C@H]3C3CCN(C(=O)Cc4c(F)ccc(F)c4F)CC3)ccc2c1[EOS],51409.79641747475,42
11.2,Cc1cc(C)cc(C(=O)N2CCOCC3(CN(C(=O)CCc4ccc(C)c5ccccc45)CCO3)C2)c1,[BOS]Cc1ccc(CCC(=O)N2CCO[C@@]3(COCCN(C(=O)c4cc(C)cc(C)c4)C3)C2)c2ccccc12[EOS][EOS][EOS][EOS][EOS][EOS][EOS][EOS],56137.16851520538,42
11.9,Cn1ncc2c1CCCNc1ccccc1CN=C2Nc1ccc(OCCc2ccccc2Oc2cccc3nn[nH]c23)cc1Cl,[BOS]Cn1ncc2c1CCCNc1ccccc1CN=C2Nc1ccc(OCCc2ccccc2Oc2cccc3nn[nH]c23)cc1Cl[EOS],4851.546810388565,42
10.6,CC1(C(=O)N2CCC([NH+]3CCC(NC(=O)c4csc(-n5ncc6ccccc65)n4)CC3)CC2)CCC1,[BOS]CC1(C(=O)N2CCC([NH+]3CCC(NC(=O)c4csc(-n5ncc6ccccc65)n4)CC3)CC2)CCC1[EOS][EOS][EOS][EOS][EOS][EOS][EOS][EOS],10096.618830680847,42
12.5,O=C(Oc1cccc(N2C(=O)C3CC4CC(Cl)C3C4C2=O)c1)c1cc2cccc3c2n(c1=O)CCCC3,[BOS]O=C(Oc1cccc(N2C(=O)[C@@H]3C[C@@H]4C[C@H](Cl)[C@H]3[C@H]4C2=O)c1)c1cc2cccc3c2n(c1=O)CCCC3[EOS],14841.338698625565,42
11.4,Cc1ccc(CC(=O)N2CCCCC2C2CCN(C(=O)C3=Cc4ccccc4NC(=O)C3)CC2)c(C)c1,[BOS]Cc1ccc(CC(=O)N2CCCC[C@@H]2C2CCN(C(=O)C3=Cc4ccccc4NC(=O)C3)CC2)c(C)c1[EOS][EOS][EOS][EOS][EOS][EOS][EOS][EOS],20212.50338077545,42
10.6,O=C(c1cc(Cl)c2nncn2c1)N1CCC2(C1)CN(C(=O)C1CCc3ccccc3C1)CCO2,[BOS]O=C(c1cc(Cl)c2nncn2c1)N1CC[C@]2(C1)CN(C(=O)[C@H]1CCc3ccccc3C1)CCO2[EOS][EOS][EOS][EOS][EOS],24726.35839033127,42
10.5,Cc1nccnc1C(=O)N1CCC(CNC(=O)c2cnc3ccc(Cl)cc3c2)C1c1cccnc1,[BOS]Cc1nccnc1C(=O)N1CC[C@H](CNC(=O)c2cnc3ccc(Cl)cc3c2)[C@H]1c1cccnc1[EOS],29676.741270780563,42
10.4,O=C(NC1C2CCc3ccccc3C21)C1CSC2(c3ccc(F)cc3)CCC(=O)N12,[BOS]O=C(N[C@@H]1[C@H]2CCc3ccccc3[C@@H]21)[C@H]1CS[C@]2(c3ccc(F)cc3)CCC(=O)N12[EOS],33745.46186828613,42
10.9,O=C(NC1CC[NH+](C2CCN(C(=O)C3CCc4ccccc4C3)CC2)CC1)C1Cc2ccccc2C[NH2+]1,[BOS]O=C(NC1CC[NH+](C2CCN(C(=O)[C@@H]3CCc4ccccc4C3)CC2)CC1)[C@@H]1Cc2ccccc2C[NH2+]1[EOS][EOS][EOS][EOS],39322.680357694626,42
12.2,O=C(Nc1ccc(CC(=O)N2CCC3(CC2)Cc2ccccc2CNC3=O)cc1)c1ccc2ccccc2c1,[BOS]O=C(Nc1ccc(CC(=O)N2CCC3(CC2)Cc2ccccc2CNC3=O)cc1)c1ccc2ccccc2c1[EOS],44280.880074739456,42
11.3,O=C1Nc2ccccc2[NH+]2CC(C(=O)N3CCC4OCCCC4(CNC(=O)c4cccc5c4oc4ccccc45)C3)=C12,[BOS]O=C(NC[C@@]12CCCO[C@@H]1CCN(C(=O)C1=C3C(=O)Nc4ccccc4[NH+]3C1)C2)c1cccc2c1oc1ccccc12[EOS],49516.812712430954,42
11.5,O=C(NC1CCc2nc(NC(=O)C3CCCC4CCCCC43)sc2C1)c1cc([O-])[nH]c(=O)c1,[BOS]O=C(N[C@H]1CCc2nc(NC(=O)[C@@H]3CCC[C@@H]4CCCC[C@H]43)sc2C1)c1cc([O-])[nH]c(=O)c1[EOS],54012.02357697487,42
13.4,O=c1c2ccccc2c(-c2ccccc2)nn1NC=C1C=Cc2ccccc2C1c1ccc2c(c1)OC1(CCCCC1)CC21C=CC=CC1,[BOS]O=c1c2ccccc2c(-c2ccccc2)nn1NC=C1C=Cc2ccccc2C1c1ccc2c(c1)OC1(CCCCC1)CC21C=CC=CC1[EOS],59087.113751888275,42
11.4,O=C1CC(C(=O)NC2CCc3nc(NC(=O)C4CCc5ccccc5C4)sc3C2)CCN1,[BOS]O=C1C[C@@H](C(=O)N[C@@H]2CCc3nc(NC(=O)[C@H]4CCc5ccccc5C4)sc3C2)CCN1[EOS],5261.3632826805115,42
10.9,O=C(NC1CC2CCC(C1)N2C(=O)C1CCCC2CCCCC21)c1ccc(-c2ccccc2)c(F)c1,[BOS]O=C(N[C@H]1C[C@H]2CC[C@@H](C1)N2C(=O)[C@@H]1CCC[C@@H]2CCCC[C@H]21)c1ccc(-c2ccccc2)c(F)c1[EOS][EOS],10088.91146016121,42
11.9,O=C(Nc1nc2c(s1)CC(NC(=O)c1[nH]nc3c1CCc1ncccc1-3)CC2)c1cc(F)cc(F)c1F,[BOS]O=C(Nc1nc2c(s1)C[C@H](NC(=O)c1[nH]nc3c1CCc1ncccc1-3)CC2)c1cc(F)cc(F)c1F[EOS],14807.510256052017,42
10.7,CC1(C(=O)N2CCC3(C2)c2ccccc2S(=O)(=O)N3c2ccccc2)Cc2ccccc2C(=O)O1,[BOS]C[C@]1(C(=O)N2CC[C@@]3(C2)c2ccccc2S(=O)(=O)N3c2ccccc2)Cc2ccccc2C(=O)O1[EOS][EOS][EOS][EOS][EOS][EOS][EOS][EOS],19000.213057994843,42
11.4,O=C(Nc1cc(C2CCCCN2C(=O)c2[nH]nc3c(Cl)cccc23)[nH]n1)C1C2Sc3ccccc3C21,[BOS]O=C(Nc1cc([C@@H]2CCCCN2C(=O)c2[nH]nc3c(Cl)cccc23)[nH]n1)[C@@H]1[C@@H]2Sc3ccccc3[C@H]21[EOS],23938.020705223083,42
11.3,Fc1cccc(C2CCCN2c2nnc(CCc3ccccc3)n2Cc2ncc3ccccn23)c1F,[BOS]Fc1cccc([C@@H]2CCCN2c2nnc(CCc3ccccc3)n2Cc2ncc3ccccn23)c1F[EOS],28322.883511304855,42
10.9,O=C(NCC1CCN(C(=O)C2CCc3ccncc3C2)C1c1cccnc1)C1CCc2ccccc2C1O,[BOS]O=C(NC[C@@H]1CCN(C(=O)[C@H]2CCc3ccncc3C2)[C@H]1c1cccnc1)[C@@H]1CCc2ccccc2[C@H]1O[EOS][EOS][EOS][EOS][EOS],33680.78074121475,42
11.2,Cc1n[nH]c(C)c1CC(=O)Nc1cc(C2CCCCN2C(=O)c2n[nH]c3ccc(C#N)cc23)[nH]n1,[BOS]Cc1n[nH]c(C)c1CC(=O)Nc1cc([C@H]2CCCCN2C(=O)c2n[nH]c3ccc(C#N)cc23)[nH]n1[EOS],38846.784621953964,42
11.6,O=C(Nc1cc(C2CCCCN2C(=O)c2ccc3nncn3c2)[nH]n1)c1ccc2c(c1)CCCC2=O,[BOS]O=C(Nc1cc([C@H]2CCCCN2C(=O)c2ccc3nncn3c2)[nH]n1)c1ccc2c(c1)CCCC2=O[EOS],43798.849038124084,42
10.2,O=C1CCC(C(=O)NCc2c[nH]c(=S)n2C2CCc3c(F)cc(F)cc3C2)c2ccccc21,[BOS]O=C(NCc1c[nH]c(=S)n1[C@H]1CCc2c(F)cc(F)cc2C1)[C@H]1CCC(=O)c2ccccc21[EOS][EOS][EOS][EOS][EOS][EOS][EOS],48838.0476706028,42
10.8,Cc1c(C(=O)N2CCC3(CN(C(=O)Cc4cc([N+](=O)[O-])ccc4F)CCO3)C2)cc2nc[nH]c(=O)c2c1C,[BOS]Cc1c(C(=O)N2CC[C@]3(CN(C(=O)Cc4cc([N+](=O)[O-])ccc4F)CCO3)C2)cc2nc[nH]c(=O)c2c1C[EOS][EOS][EOS],53359.568699121475,42
11.5,NC(=O)c1ccccc1C(=O)N1CC2COCC(C1)C2NC(=O)c1cc(-c2ccccc2)nc2ccccc12,[BOS]NC(=O)c1ccccc1C(=O)N1C[C@H]2COC[C@@H](C1)[C@H]2NC(=O)c1cc(-c2ccccc2)nc2ccccc12[EOS],57947.76057577133,42
11.0,Cc1cccc(N2CC(c3nnc(-c4nn(-c5ccc(Cl)cc5Cl)c5c4CCCCC5)n3C)CC2=O)c1,[BOS]Cc1cccc(N2C[C@H](c3nnc(-c4nn(-c5ccc(Cl)cc5Cl)c5c4CCCCC5)n3C)CC2=O)c1[EOS],4874.732745885849,42
11.3,O=C(c1cc(F)cc(F)c1)N1CCC2(CCCN(C(=O)C3CCc4ccccc4C3)C2)CC1,[BOS]O=C(c1cc(F)cc(F)c1)N1CCC2(CCCN(C(=O)[C@@H]3CCc4ccccc4C3)C2)CC1[EOS],9043.998019218445,42
10.8,O=C(Cc1n[nH]c2cc(Cl)ccc12)N1CCOCC2(C1)CN(C(=O)c1cc3ccccc3o1)CCO2,[BOS]O=C(Cc1n[nH]c2cc(Cl)ccc12)N1CCOC[C@@]2(C1)CN(C(=O)c1cc3ccccc3o1)CCO2[EOS][EOS][EOS],14228.09379863739,42
10.8,Cc1cc(C(=O)N2CCCCC2c2cc(NC(=O)c3cc(=O)oc4ccccc34)n[nH]2)cc2cn[nH]c12,[BOS]Cc1cc(C(=O)N2CCCC[C@@H]2c2cc(NC(=O)c3cc(=O)oc4ccccc34)n[nH]2)cc2cn[nH]c12[EOS],19028.807664632797,42
11.1,O=C(Nc1nc2c(s1)CC(NC(=O)C1CNc3ccccc31)CC2)c1cccc(-c2cnccn2)c1,[BOS]O=C(Nc1nc2c(s1)C[C@@H](NC(=O)[C@@H]1CNc3ccccc31)CC2)c1cccc(-c2cnccn2)c1[EOS][EOS],23522.55820965767,42
11.1,Cc1cc(CCC(=O)Nc2cc(C3CCCCN3C(=O)c3cccc4ccccc34)[nH]n2)ccn1,[BOS]Cc1cc(CCC(=O)Nc2cc([C@@H]3CCCCN3C(=O)c3cccc4ccccc34)[nH]n2)ccn1[EOS][EOS][EOS][EOS][EOS][EOS][EOS][EOS],28566.30241560936,42
11.2,OC(=NC1CCc2onc(C(O)=NC3Cc4ccccc4C3)c2C1)c1cccc(Oc2cccc3ccccc23)n1,[BOS]OC(=NC1CCc2onc(C(O)=NC3Cc4ccccc4C3)c2C1)c1cccc(Oc2cccc3ccccc23)n1[EOS][EOS][EOS][EOS][EOS][EOS],33438.46086025238,42
10.4,C[NH+]1CCCC(C(=O)N2C3CCC2CC(NC(=O)c2cnn4c2-c2ccccc2CC4)C3)C1,[BOS]C[NH+]1CCC[C@@H](C(=O)N2[C@@H]3CC[C@H]2C[C@@H](NC(=O)c2cnn4c2-c2ccccc2CC4)C3)C1[EOS],38184.29517817497,42
11.0,O=C(c1c[nH]c2c(Cl)cccc12)N1CCC(C2CCCCN2C(=O)Cc2ccc3c(c2)CCCO3)CC1,[BOS]O=C(c1c[nH]c2c(Cl)cccc12)N1CCC([C@H]2CCCCN2C(=O)Cc2ccc3c(c2)CCCO3)CC1[EOS][EOS],42741.35964369774,42
11.3,O=C(C#Cc1ccc(Cl)cc1)NC1CC2CCC(C1)N2C(=O)c1cc(-c2ccccc2)nc2n[nH]cc12,[BOS]O=C(C#Cc1ccc(Cl)cc1)N[C@H]1C[C@H]2CC[C@@H](C1)N2C(=O)c1cc(-c2ccccc2)nc2n[nH]cc12[EOS],47537.31673550606,42
11.8,O=C(Nc1cc(C2CCCCN2C(=O)c2ccc3ncccc3c2)[nH]n1)C1Cc2ccccc2C[NH2+]1,[BOS]O=C(Nc1cc([C@H]2CCCCN2C(=O)c2ccc3ncccc3c2)[nH]n1)[C@H]1Cc2ccccc2C[NH2+]1[EOS],52617.483503103256,42
11.4,O=C(CCC1CNc2ccccc2C1)N1CCCC2(CCN(C(=O)c3ccc4cnccc4c3)CC2)C1,[BOS]O=C(CC[C@H]1CNc2ccccc2C1)N1CCCC2(CCN(C(=O)c3ccc4cnccc4c3)CC2)C1[EOS],57731.02997636795,42
10.7,O=c1[nH]c2cccc(-c3noc(C4CCN(c5noc6ccc(Cl)cc56)CC4)n3)c2[nH]c1=O,[BOS]O=c1[nH]c2cccc(-c3noc(C4CCN(c5noc6ccc(Cl)cc56)CC4)n3)c2[nH]c1=O[EOS][EOS][EOS][EOS][EOS][EOS][EOS],4002.106555223465,42
11.5,Cc1c(C(=O)N2CCC(C3CCCCN3C(=O)C3C4CCCC3c3ccccc3N4)CC2)[nH]c2c(Cl)cccc12,[BOS]Cc1c(C(=O)N2CCC([C@H]3CCCCN3C(=O)[C@H]3[C@@H]4CCC[C@H]3c3ccccc3N4)CC2)[nH]c2c(Cl)cccc12[EOS][EOS][EOS][EOS][EOS],9088.636624097824,42
10.9,O=C(NC1CC2CCC(C1)N2C(=O)Cc1cc2cccnc2cc1F)C1Cc2ccccc2C[NH2+]1,[BOS]O=C(N[C@H]1C[C@H]2CC[C@@H](C1)N2C(=O)Cc1cc2cccnc2cc1F)[C@H]1Cc2ccccc2C[NH2+]1[EOS],13980.918917417526,42
10.0,CC#CCC(C(=O)N1CCOC2(COCCN(C(=O)c3cccc(NC(C)=O)n3)C2)C1)c1ccccc1,[BOS]CC#CC[C@H](C(=O)N1CCO[C@]2(COCCN(C(=O)c3cccc(NC(C)=O)n3)C2)C1)c1ccccc1[EOS][EOS][EOS][EOS][EOS][EOS][EOS][EOS],18681.89253616333,42
11.2,Cc1c(C)c(S(=O)(=O)N2CCCC3(CC(CC(=O)N4CCCC(=O)c5cc(Cl)ccc54)CO3)C2)c(C)c2c1OCO2,[BOS]Cc1c(C)c(S(=O)(=O)N2CCCC3(C[C@@H](CC(=O)N4CCCC(=O)c5cc(Cl)ccc54)CO3)C2)c(C)c2c1OCO2[EOS][EOS],23390.04073047638,42
11.3,C=C1C(=O)Nc2c1cccc2C(=O)N1CCC2(CCCN(C(=O)CC(=O)Nc3ccc(F)cc3)C2)CC1,[BOS]O=C(CC(=O)N1CCCC2(CCN(C(=O)c3cccc4c3NC(=O)C4=C)CC2)C1)Nc1ccc(F)cc1[EOS],28739.445573568344,42
10.7,Nc1nc2ncc(-c3cccc(O)c3)nc2c(=[NH2+])n1C(=O)CC1c2ccccc2-c2ccc3ccccc3c21,[BOS]Nc1nc2ncc(-c3cccc(O)c3)nc2c(=[NH2+])n1C(=O)CC1c2c(ccc3ccccc23)-c2ccccc21[EOS][EOS][EOS][EOS],33452.17419171333,42
11.2,O=C(COc1ccc2ccccc2c1C=Nn1c(-c2cc3ccccc3o2)nc2ccccc2c1=O)Nc1cccc(Cl)c1Cl,[BOS]O=C(COc1ccc2ccccc2c1/C=N\n1c(-c2cc3ccccc3o2)nc2ccccc2c1=O)Nc1cccc(Cl)c1Cl[EOS][EOS][EOS][EOS][EOS][EOS][EOS][EOS],40475.04189658165,42
11.1,O=C1CC2(CCN(C(=O)Nc3cccc(C(=O)N4CCc5ccccc54)c3)C2)Oc2ccccc21,[BOS]O=C1C[C@@]2(CCN(C(=O)Nc3cccc(C(=O)N4CCc5ccccc54)c3)C2)Oc2ccccc21[EOS],44753.18170380592,42
12.5,Cc1ccc2cc(C(=O)Nc3nc4c(s3)CC(NC(=O)c3[nH]nc5c3CCc3ncccc3-5)CC4)ccc2n1,[BOS]Cc1ccc2cc(C(=O)Nc3nc4c(s3)C[C@H](NC(=O)c3[nH]nc5c3CCc3ncccc3-5)CC4)ccc2n1[EOS],49716.4837038517,42
11.9,CC1CCN(C2=NC3(CCN(Cc4ccc5c(c4)CC[NH2+]C5)CC3)c3ccccc32)c2ccccc2S1(=O)=O,[BOS]C[C@@H]1CCN(C2=NC3(CCN(Cc4ccc5c(c4)CC[NH2+]C5)CC3)c3ccccc32)c2ccccc2S1(=O)=O[EOS][EOS][EOS][EOS][EOS],53681.39055395126,42
11.2,O=C(c1ccc2cccnc2n1)N1CCC(C2CCCCN2C(=O)C2(F)CCCCC2(F)F)CC1,[BOS]O=C(c1ccc2cccnc2n1)N1CCC([C@@H]2CCCCN2C(=O)[C@]2(F)CCCCC2(F)F)CC1[EOS],57681.67898631096,42
10.9,Cc1ccn2c(C(=O)N3CCOC4(COCCN(C(=O)c5[nH]c(=O)n6c5CCCC6)C4)C3)c[nH+]c2c1,[BOS]Cc1ccn2c(C(=O)N3CCO[C@]4(COCCN(C(=O)c5[nH]c(=O)n6c5CCCC6)C4)C3)c[nH+]c2c1[EOS][EOS][EOS][EOS][EOS][EOS][EOS][EOS],4821.460010051727,42
11.6,COc1ccc(C2c3oc4ccc(C)cc4c3CC3C4CC(F)C5=CC(=O)C=CC5(C)C4C(=O)OC23C)cc1OC,[BOS]COc1ccc([C@@H]2c3oc4ccc(C)cc4c3C[C@@H]3[C@@H]4C[C@H](F)C5=CC(=O)C=C[C@]5(C)[C@@H]4C(=O)O[C@]23C)cc1OC[EOS][EOS][EOS][EOS][EOS][EOS][EOS][EOS],9688.279787302017,42
11.0,CC1(c2ccc3c(c2)OCCCO3)NC(=O)N(c2cc(-c3cccc(Cl)c3)[nH]n2)C1=O,[BOS]C[C@@]1(c2ccc3c(c2)OCCCO3)NC(=O)N(c2cc(-c3cccc(Cl)c3)[nH]n2)C1=O[EOS],13849.341070890427,42
12.0,O=C1C(Cl)=S(C23c4ccccc4C(=O)N2c2ccccc2C(=O)N3CC(=O)N2CCCC2)C(=O)c2ccccc21,[BOS]O=C(CN1C(=O)c2ccccc2N2C(=O)c3ccccc3C12S1=C(Cl)C(=O)c2ccccc2C1=O)N1CCCC1[EOS],19034.667974472046,42
11.2,CC1(C)CC[NH+](Cn2nc(-c3ccc4c(c3)Cc3ccccc3-4)n(-n3cccc3)c2=S)CC1(C)C,[BOS]CC1(C)CC[NH+](Cn2nc(-c3ccc4c(c3)Cc3ccccc3-4)n(-n3cccc3)c2=S)CC1(C)C[EOS],23224.74946808815,42
11.0,Cc1cccc(-c2cccc(C(=O)N3CCC4(C3)C(=O)Nc3c(F)cccc34)c2)c1,[BOS]Cc1cccc(-c2cccc(C(=O)N3CCC4(C3)C(=O)Nc3c(F)cccc34)c2)c1[EOS],27399.727060317993,42
11.9,Cc1nc2ncccn2c1C(=O)N1C2CCC1CC(NC(=O)c1n[nH]c3ccc(-c4ccccc4)cc13)C2,[BOS]Cc1nc2ncccn2c1C(=O)N1[C@@H]2CC[C@H]1C[C@@H](NC(=O)c1n[nH]c3ccc(-c4ccccc4)cc13)C2[EOS],32939.671946525574,42
10.3,O=C(Cn1cnc2ccccc21)Nc1cc(C2CCCCN2C(=O)C2CC(=O)N(C3CCCC3)C2)[nH]n1,[BOS]O=C(Cn1cnc2ccccc21)Nc1cc([C@H]2CCCCN2C(=O)[C@H]2CC(=O)N(C3CCCC3)C2)[nH]n1[EOS],37719.37377786636,42
11.7,O=C(NC1CCc2nc(NC(=O)C3CC=CCC3)sc2C1)c1n[nH]c2ccc(-c3ccccc3)cc12,[BOS]O=C(Nc1nc2c(s1)C[C@H](NC(=O)c1n[nH]c3ccc(-c4ccccc4)cc13)CC2)[C@H]1CC=CCC1[EOS],42718.11916303635,42
10.9,C=C1CC(C(=O)Nc2cc(C3CCCCN3C(=O)c3cccc4ccc(F)cc34)[nH]n2)C1,[BOS]C=C1CC(C(=O)Nc2cc([C@H]3CCCCN3C(=O)c3cccc4ccc(F)cc34)[nH]n2)C1[EOS][EOS][EOS][EOS][EOS][EOS][EOS][EOS],47312.41985988617,42
10.5,CC1CN(C(=O)c2nn(-c3cc(C(F)(F)F)ccc3Cl)c3c2CCC3)c2ccccc21,[BOS]C[C@@H]1CN(C(=O)c2nn(-c3cc(C(F)(F)F)ccc3Cl)c3c2CCC3)c2ccccc21[EOS][EOS][EOS][EOS][EOS][EOS][EOS][EOS],51580.21749854088,42
10.9,Cc1cccc(CC(=O)N2CCCCC2c2cc(NC(=O)c3n[nH]c4cc5ccccc5cc34)n[nH]2)c1,[BOS]Cc1cccc(CC(=O)N2CCCC[C@@H]2c2cc(NC(=O)c3n[nH]c4cc5ccccc5cc34)n[nH]2)c1[EOS],56160.35563015938,42
10.1,CC(=Cc1cccnc1)C(=O)NCC1CCN(C(=O)c2cncc(C(F)(F)F)c2)C1c1cccnc1,[BOS]CC(=Cc1cccnc1)C(=O)NC[C@@H]1CCN(C(=O)c2cncc(C(F)(F)F)c2)[C@H]1c1cccnc1[EOS][EOS],4983.982381820679,42
11.1,Cc1cc(F)c(C(=O)Nc2nc3c(s2)CC(NC(=O)Cc2ccc4c(c2)CCC4)CC3)cc1F,[BOS]Cc1cc(F)c(C(=O)Nc2nc3c(s2)C[C@@H](NC(=O)Cc2ccc4c(c2)CCC4)CC3)cc1F[EOS],9641.254720687866,42
11.3,O=C(NC1CC2CCC(C1)N2C(=O)c1ncn2nc(N3CCOCC3)ccc12)C1C2CCCC1c1ccccc1N2,[BOS]O=C(N[C@H]1C[C@H]2CC[C@@H](C1)N2C(=O)c1ncn2nc(N3CCOCC3)ccc12)[C@H]1[C@@H]2CCC[C@H]1c1ccccc1N2[EOS],14660.247287988663,42
11.7,CCc1ccc(C2(c3c(C)cc(C)cc3Cl)Oc3ccccc3C3CC(c4ccc5ccccc5c4)=N[NH+]32)cc1,[BOS]CCc1ccc([C@@]2(c3c(C)cc(C)cc3Cl)Oc3ccccc3[C@H]3CC(c4ccc5ccccc5c4)=N[NH+]32)cc1[EOS],19325.039810419083,42
10.5,CCNC(=O)C1Cc2ccccc2CN1C(=O)c1c2c(nc3ccccc13)CC=CC2,[BOS]CCNC(=O)[C@H]1Cc2ccccc2CN1C(=O)c1c2c(nc3ccccc13)CC=CC2[EOS],23546.73463988304,42
10.3,O=C(C#Cc1ccc(Cl)cc1)N1CCC(C2CCCCN2C(=O)C2CCC3CCC(=O)N3C2)CC1,[BOS]O=C(C#Cc1ccc(Cl)cc1)N1CCC([C@@H]2CCCCN2C(=O)[C@@H]2CC[C@@H]3CCC(=O)N3C2)CC1[EOS][EOS][EOS][EOS],28074.152721881866,42
12.0,O=C(NC(c1ccccc1)c1ccc2ncoc2c1)c1nn(Cc2cccc(F)c2)c2c1ccc1cnccc12,[BOS]O=C(N[C@@H](c1ccccc1)c1ccc2ncoc2c1)c1nn(Cc2cccc(F)c2)c2c1ccc1cnccc12[EOS][EOS][EOS][EOS][EOS][EOS][EOS][EOS],32988.9536716938,42
11.3,Cc1ccc2nc(C(=O)Nc3cc(C4CCCCN4C(=O)C4CCc5ccccc5O4)[nH]n3)ccc2c1,[BOS]Cc1ccc2nc(C(=O)Nc3cc([C@@H]4CCCCN4C(=O)[C@H]4CCc5ccccc5O4)[nH]n3)ccc2c1[EOS],37776.77356123924,42
11.1,O=C(Nc1nc2c(s1)CC(NC(=O)C1CCc3ccccc31)CC2)c1ccc2ncccc2c1,[BOS]O=C(Nc1nc2c(s1)C[C@@H](NC(=O)[C@@H]1CCc3ccccc31)CC2)c1ccc2ncccc2c1[EOS][EOS][EOS][EOS][EOS][EOS][EOS],42248.905173540115,42
11.9,O=C(NC1CCc2nc(NC(=O)C3CCc4[nH]c(=O)[nH]c(=O)c4C3)sc2C1)c1cc(=O)[nH]c(=O)[nH]1,[BOS]O=C(N[C@H]1CCc2nc(NC(=O)[C@H]3CCc4[nH]c(=O)[nH]c(=O)c4C3)sc2C1)c1cc(=O)[nH]c(=O)[nH]1[EOS][EOS][EOS][EOS][EOS][EOS],46842.70159196854,42
10.8,O=C(c1c(O)cc2c(c1O)C(=Cc1ccc(O)cc1)Cc1ccccc1-2)N1CCCC1c1cc(F)cc(F)c1,[BOS]O=C(c1c(O)cc2c(c1O)C(=Cc1ccc(O)cc1)Cc1ccccc1-2)N1CCC[C@H]1c1cc(F)cc(F)c1[EOS][EOS][EOS],51499.749671936035,42
11.2,Cc1ccc2cc(C(=O)NCC3CCN(C(=O)C(C)C4SC(N)=[NH+]C4=O)C3c3cccnc3)ccc2n1,[BOS]Cc1ccc2cc(C(=O)NC[C@@H]3CCN(C(=O)[C@H](C)[C@H]4SC(N)=[NH+]C4=O)[C@H]3c3cccnc3)ccc2n1[EOS][EOS][EOS][EOS][EOS][EOS][EOS][EOS],56803.361335515976,42
11.9,O=C(Nc1nc2c(s1)CC(NC(=O)C1CCC3(CC1)OCCO3)CC2)c1ccc2c(c1)CCCC2=O,[BOS]O=C(N[C@@H]1CCc2nc(NC(=O)c3ccc4c(c3)CCCC4=O)sc2C1)C1CCC2(CC1)OCCO2[EOS],4468.943693637848,42
12.1,Cc1cccc2c(C(=O)Nc3nc4c(s3)CC(NC(=O)c3cc(=O)[nH]c(=O)[nH]3)CC4)[nH]nc12,[BOS]Cc1cccc2c(C(=O)Nc3nc4c(s3)C[C@@H](NC(=O)c3cc(=O)[nH]c(=O)[nH]3)CC4)[nH]nc12[EOS],9041.992225885391,42
10.9,O=C(NCC1OCC2CCN(C(=O)C3CCCCN3C(=O)c3ccccc3)CC21)c1ccc(Cl)c(F)c1,[BOS]O=C(NC[C@@H]1OC[C@@H]2CCN(C(=O)[C@@H]3CCCCN3C(=O)c3ccccc3)C[C@@H]21)c1ccc(Cl)c(F)c1[EOS],14245.094283342361,42
11.4,O=C(c1ccnn1-c1ccc2ccc(-c3cccc4ccccc34)cn12)N(Cc1ccccc1)c1ccc(F)cc1F,[BOS]O=C(c1ccnn1-c1ccc2ccc(-c3cccc4ccccc34)cn12)N(Cc1ccccc1)c1ccc(F)cc1F[EOS][EOS][EOS][EOS],19299.837451457977,42
12.0,O=C1NC2(CCC(C(=O)N3CCC4OCc5cnnn5C4C3)CC2)CC1c1cccc2ccccc12,[BOS]O=C1NC2(CCC(C(=O)N3CC[C@@H]4OCc5cnnn5[C@H]4C3)CC2)C[C@H]1c1cccc2ccccc12[EOS],23639.393385648727,42
10.9,CC(C)NC(=O)CC1CC2(CC(=O)N(CC=Cc3ccccc3-c3ccccc3)C2=O)Oc2ccccc21,[BOS]CC(C)NC(=O)C[C@H]1CC2(CC(=O)N(CC=Cc3ccccc3c3ccccc3)C2=O)Oc2ccccc21[EOS],28428.017241239548,42
10.4,COc1ccc2oc(C(=O)N3C4CCC3CC(NC(=O)C3CCc5[nH]c(=O)[nH]c(=O)c5C3)C4)cc2c1,[BOS]COc1ccc2oc(C(=O)N3[C@@H]4CC[C@H]3C[C@@H](NC(=O)[C@H]3CCc5[nH]c(=O)[nH]c(=O)c5C3)C4)cc2c1[EOS][EOS][EOS][EOS][EOS][EOS][EOS],32935.81457042694,42
10.4,C[NH+]1CCCC(C(=O)N2CCN(C(=O)OCC3c4ccccc4-c4ccccc43)CC2C(N)=O)C1,[BOS]C[NH+]1CCC[C@H](C(=O)N2CCN(C(=O)OCC3c4ccccc4-c4ccccc43)C[C@H]2C(N)=O)C1[EOS],37778.190131664276,42
11.2,Cc1ccc(N2CCOCC3(CCCN(c4nc(N5CCOCC5)c5cc(C)c(C)cc5n4)C3)C2)nn1,[BOS]Cc1cc2nc(N3CCC[C@]4(COCCN(c5ccc(C)nn5)C4)C3)nc(N3CCOCC3)c2cc1C[EOS],41083.817665576935,42
12.2,Cc1cc2cccc(C(=O)Nc3cc(C4CCCCN4C(=O)c4[nH]nc5c4CCc4ncccc4-5)[nH]n3)c2[nH]1,[BOS]Cc1cc2cccc(C(=O)Nc3cc([C@H]4CCCCN4C(=O)c4[nH]nc5c4CCc4ncccc4-5)[nH]n3)c2[nH]1[EOS],46224.5490398407,42
11.0,Cc1cc(C)n2ccc(C(=O)N3CCOC4(CCN(C(=O)C(C)NN(c5ccccc5)c5ccccc5)C4)C3)c2n1,[BOS]Cc1cc(C)n2ccc(C(=O)N3CCO[C@]4(CCN(C(=O)[C@@H](C)NN(c5ccccc5)c5ccccc5)C4)C3)c2n1[EOS][EOS][EOS][EOS][EOS][EOS][EOS][EOS],51181.57808828354,42
11.2,O=C(Nc1cccc(-c2ccc3ccccc3c2)n1)C(=O)N1CCOC(c2ccc(F)c(F)c2)C1,[BOS]O=C(Nc1cccc(-c2ccc3ccccc3c2)n1)C(=O)N1CCO[C@H](c2ccc(F)c(F)c2)C1[EOS],55326.885272979736,42
11.7,O=C1NC(=O)C2(CCN(C(=O)c3cc(-c4ccc5ccccc5c4)nn3-c3ccccc3)CC2)N1,[BOS]O=C1NC(=O)C2(CCN(C(=O)c3cc(-c4ccc5ccccc5c4)nn3-c3ccccc3)CC2)N1[EOS],4339.235058784485,42
11.5,NC(N)=[NH+]CC(=O)N1CCCCC1C1CCN(C(=O)Cc2ccc3c(c2)C(=O)c2ccccc2CO3)CC1,[BOS]NC(N)=[NH+]CC(=O)N1CCCC[C@@H]1C1CCN(C(=O)Cc2ccc3c(c2)C(=O)c2ccccc2CO3)CC1[EOS][EOS][EOS][EOS][EOS][EOS][EOS],9227.72867321968,42
10.8,O=C(NCCC(=O)N1CCCCC1C1CCN(C(=O)C2CCc3ccccc3C2)CC1)c1ccccc1,[BOS]O=C(NCCC(=O)N1CCCC[C@H]1C1CCN(C(=O)[C@H]2CCc3ccccc3C2)CC1)c1ccccc1[EOS],14792.227868318558,42
11.5,CN1CC(c2nc(C(F)(F)C3(c4ccccc4)C(=O)Nc4ccc(Br)cc43)n[nH]2)c2ccccc2S1(=O)=O,[BOS]CN1C[C@H](c2nc(C(F)(F)C3(c4ccccc4)C(=O)Nc4ccc(Br)cc43)n[nH]2)c2ccccc2S1(=O)=O[EOS],19343.36824297905,42
12.4,O=C1CN(C(=O)Cn2cnc3ccc(-c4ccc5ccccc5c4)cc3c2=O)CCOc2ccccc2CCCN2CCCCC12,[BOS]O=C(Cn1cnc2ccc(-c3ccc4ccccc4c3)cc2c1=O)N1CCOc2ccccc2CCCN2CCCCC2C(=O)C1[EOS],24411.097390413284,42
13.2,O=C1NC(=O)C2(CC3CCC(C2)[NH+]3C2CC3CC(C2)N(C(=O)OCC2c4ccccc4-c4ccccc42)C3)N1,[BOS]O=C1NC(=O)C2(C[C@@H]3CC[C@@H](C2)[NH+]3[C@@H]2C[C@H]3C[C@@H](C2)N(C(=O)OCC2c4ccccc4-c4ccccc42)C3)N1[EOS],29996.39919924736,42
10.5,O=C(CCc1ccccc1Cl)N1CCC2C1CCN2C(=O)c1cccc2c1oc1ccccc12,[BOS]O=C(CCc1ccccc1Cl)N1CC[C@H]2[C@@H]1CCN2C(=O)c1cccc2c1oc1ccccc12[EOS],34675.52244234085,42
11.2,Cc1cc2cccc(C(=O)Nc3nc4c(s3)CC(NC(=O)c3cccc5cc[nH]c35)CC4)c2[nH]1,[BOS]Cc1cc2cccc(C(=O)Nc3nc4c(s3)C[C@H](NC(=O)c3cccc5cc[nH]c35)CC4)c2[nH]1[EOS][EOS][EOS][EOS][EOS],39572.06015944481,42
10.9,Cc1cc(F)cc(CC(=O)N2CCOCC3(C2)CN(C(=O)CC2OCCc4ccccc42)CCO3)c1,[BOS]Cc1cc(F)cc(CC(=O)N2CCOC[C@@]3(C2)CN(C(=O)C[C@H]2OCCc4ccccc42)CCO3)c1[EOS],44295.896988391876,42
10.8,O=C(c1cc(=O)n2[nH]cnc2n1)N1CCC(C2CCCCN2C(=O)Cc2ccc3c(c2)CCCO3)CC1,[BOS]O=C(c1cc(=O)n2[nH]cnc2n1)N1CCC([C@H]2CCCCN2C(=O)Cc2ccc3c(c2)CCCO3)CC1[EOS],48774.483026981354,42
11.6,Cc1ccc(CC(=O)N2CCCCC2C2CCN(C(=O)c3c[nH]c4ncc(C(F)(F)F)cc34)CC2)cc1C,[BOS]Cc1ccc(CC(=O)N2CCCC[C@H]2C2CCN(C(=O)c3c[nH]c4ncc(C(F)(F)F)cc34)CC2)cc1C[EOS],53892.21259188652,42
11.6,O=C(c1[nH]c(=O)n2c1CCCC2)N1CCC2(CCCN(C(=O)C3CCN(c4ccccn4)CC3)C2)CC1,[BOS]O=C(c1[nH]c(=O)n2c1CCCC2)N1CCC2(CCCN(C(=O)C3CCN(c4ccccn4)CC3)C2)CC1[EOS],58252.94567871094,42
11.6,O=C(c1c[nH]c(=O)[nH]c1=O)N1CCC2(C1)CN(C(=O)C1(c3cccc(Cl)c3)CCCC1)CCO2,[BOS]O=C(c1c[nH]c(=O)[nH]c1=O)N1CC[C@]2(C1)CN(C(=O)C1(c3cccc(Cl)c3)CCCC1)CCO2[EOS],4343.286817312241,42
11.3,O=C(NCC1OCC2CCN(C(=O)C3Cc4ccccc4O3)CC21)C1Cc2ccccc2C[NH+]1Cc1ccccc1,[BOS]O=C(NC[C@@H]1OC[C@@H]2CCN(C(=O)[C@H]3Cc4ccccc4O3)C[C@@H]21)[C@@H]1Cc2ccccc2C[NH+]1Cc1ccccc1[EOS],9771.83249282837,42
10.6,O=Cc1ccccc1-c1cncc(C(=O)N2C3CCC2CC(NC(=O)C2CCCC4CCCCC42)C3)c1,[BOS]O=C(N[C@H]1C[C@H]2CC[C@@H](C1)N2C(=O)c1cncc(-c2ccccc2C=O)c1)[C@@H]1CCC[C@@H]2CCCC[C@H]21[EOS][EOS],14255.11339020729,42
11.5,Cc1nc2ccncc2cc1C(=O)Nc1cc(C2CCCCN2C(=O)c2ccnc3c(O)cccc23)[nH]n1,[BOS]Cc1nc2ccncc2cc1C(=O)Nc1cc([C@H]2CCCCN2C(=O)c2ccnc3c(O)cccc23)[nH]n1[EOS],19286.103889226913,42
11.7,CC1CN(c2cccc(C3CC4C=CC3C(c3ccc(O)cc3)CC43NC(=O)c4ccccc4C3=O)n2)CC(C)O1,[BOS]C[C@@H]1CN(c2cccc([C@@H]3C[C@@H]4C=C[C@H]3[C@@H](c3ccc(O)cc3)C[C@]43NC(=O)c4ccccc4C3=O)n2)C[C@H](C)O1[EOS],23733.854588508606,42
11.6,Cc1oc2cc(O)ccc2c1C(=O)Nc1nc2c(s1)CC(NC(=O)c1ccc3c(c1)OCCO3)CC2,[BOS]Cc1oc2cc(O)ccc2c1C(=O)Nc1nc2c(s1)C[C@H](NC(=O)c1ccc3c(c1)OCCO3)CC2[EOS],28656.851970911026,42
12.1,O=C1Cc2cc(C(=O)Nc3nc4c(s3)CC(NC(=O)C3CNc5cc(-c6ccc(F)cc6)cn5C3)CC4)ccc2N1,[BOS]O=C1Cc2cc(C(=O)Nc3nc4c(s3)C[C@H](NC(=O)[C@H]3CNc5cc(-c6ccc(F)cc6)cn5C3)CC4)ccc2N1[EOS][EOS][EOS][EOS][EOS][EOS],33495.315375089645,42
11.5,CC1(c2ccc3c(c2)C(=O)N(C2CC(=O)N=C2O)C3=O)Nc2ccc(F)cc2C(=O)N1Cc1ccccc1Cl,[BOS]C[C@@]1(c2ccc3c(c2)C(=O)N(C2CC(=O)N=C2O)C3=O)Nc2ccc(F)cc2C(=O)N1Cc1ccccc1Cl[EOS],38356.51657009125,42
11.7,O=C1N=C(O)C(=Cc2cn(Cc3ccc(F)cc3Cl)c3sc4c(c3c2=O)CCCC4)C(=O)N1c1cccc(O)c1,[BOS]O=C1N=C(O)C(=Cc2cn(Cc3ccc(F)cc3Cl)c3sc4c(c3c2=O)CCCC4)C(=O)N1c1cccc(O)c1[EOS][EOS][EOS][EOS][EOS][EOS][EOS][EOS],43408.03335928917,42
12.0,Cc1ccc2[nH]cc(CC(=O)N3CCCCC3c3cc(NC(=O)C=C4C(=O)Nc5ccccc54)n[nH]3)c2c1,[BOS]Cc1ccc2[nH]cc(CC(=O)N3CCCC[C@H]3c3cc(NC(=O)C=C4C(=O)Nc5ccccc54)n[nH]3)c2c1[EOS],48889.195256471634,42
10.4,CC1C[NH+](Cc2cc(=O)oc3cc4c(cc23)CCC4)CCC12CCC(C(=O)Nc1cccnc1)O2,[BOS]C[C@@H]1C[NH+](Cc2cc(=O)oc3cc4c(cc23)CCC4)CC[C@@]12CC[C@H](C(=O)Nc1cccnc1)O2[EOS],53038.18195056915,42
11.0,O=C(NC1CC2CCC(C1)N2C(=O)C1CC(c2ccccc2)=NO1)c1nc2ccccc2[nH]c1=O,[BOS]O=C(N[C@H]1C[C@H]2CC[C@@H](C1)N2C(=O)[C@H]1CC(c2ccccc2)=NO1)c1nc2ccccc2[nH]c1=O[EOS][EOS][EOS][EOS],57518.598103284836,42
11.1,FC(F)(F)c1ccc2c(c1)C(n1c(-c3ccccc3)c(-c3ccccc3)c3ccccc31)C(F)(F)C(F)(F)O2,[BOS]FC1(F)Oc2ccc(C(F)(F)F)cc2C(n2c(-c3ccccc3)c(-c3ccccc3)c3ccccc32)C1(F)F[EOS][EOS],4202.9347813129425,42
11.1,O=c1[nH]c2c(cc1-c1noc(Cc3cc(C4CC4)nc4ccc(F)cc34)n1)CC[NH2+]CC2,[BOS]Fc1ccc2nc(C3CC3)cc(Cc3nc(-c4cc5c([nH]c4=O)CC[NH2+]CC5)no3)c2c1[EOS],8433.017217159271,42
12.1,O=C(Nc1nc2c(s1)CC(NC(=O)c1cc(=O)[nH]c(=O)[nH]1)CC2)c1ccc2ncccc2c1,[BOS]O=C(N[C@@H]1CCc2nc(NC(=O)c3ccc4ncccc4c3)sc2C1)c1cc(=O)[nH]c(=O)[nH]1[EOS],12981.975098371506,42
10.5,O=C(NC1CC[NH+](C2CCN(C(=O)c3n[nH]c4ccc(F)cc34)CC2)CC1)c1onc2ccccc12,[BOS]O=C(NC1CC[NH+](C2CCN(C(=O)c3n[nH]c4ccc(F)cc34)CC2)CC1)c1onc2ccccc12[EOS][EOS][EOS],17803.874839782715,42
12.1,O=S(=O)(C1=NC(c2cc(F)cc(F)c2)NN1c1ccc2c(c1)-c1nncn1CC2)C1c2ccccc2-c2ccccc21,[BOS]O=S(=O)(C1c2ccccc2-c2ccccc21)C1=NC(c2cc(F)cc(F)c2)NN1c1ccc2c(c1)-c1nncn1CC2[EOS],22639.633152246475,42
11.2,Cc1nc2ncccn2c1C(=O)NC1(c2ccc(NC(=O)c3ccc4occ(Cl)c4c3)cc2)CCC1,[BOS]Cc1nc2ncccn2c1C(=O)NC1(c2ccc(NC(=O)c3ccc4occ(Cl)c4c3)cc2)CCC1[EOS],27873.70900464058,42
10.5,O=C(NCC1OCC2CCN(C(=O)C3C4Sc5ccccc5C43)CC21)c1[nH]c2ccoc2c1-c1ccccc1,[BOS]O=C(NC[C@@H]1OC[C@@H]2CCN(C(=O)[C@@H]3[C@@H]4Sc5ccccc5[C@@H]43)C[C@@H]21)c1[nH]c2ccoc2c1-c1ccccc1[EOS][EOS][EOS][EOS][EOS][EOS][EOS],33183.49365186691,42
11.1,O=C(NC(Cn1cnc2ccccc21)c1ccc(F)cc1)N1Cc2ccccc2-c2ccccc2C1,[BOS]O=C(N[C@H](Cn1cnc2ccccc21)c1ccc(F)cc1)N1Cc2ccccc2-c2ccccc2C1[EOS],38043.07208561897,42
12.4,Oc1ccc(C[NH+]2CC[NH+](C3CC4(CCNC4)Oc4cccc(c4)-c4cc(F)ccc43)CC2)cc1,[BOS]Oc1ccc(C[NH+]2CC[NH+]([C@H]3C[C@]4(CCNC4)Oc4cccc(c4)c4cc(F)ccc43)CC2)cc1[EOS][EOS][EOS][EOS][EOS][EOS],43688.12739157677,42
10.7,Cc1ccc(-n2ccnn2)c(C(=O)N2CCCCC2c2cc(NC(=O)c3cn4cccnc4[nH+]3)n[nH]2)c1,[BOS]Cc1ccc(-n2ccnn2)c(C(=O)N2CCCC[C@@H]2c2cc(NC(=O)c3cn4cccnc4[nH+]3)n[nH]2)c1[EOS],48811.341243982315,42
11.3,Cc1cc(F)c(F)c(C(=O)Nc2cc(C3CCCCN3C(=O)C3(F)CCCCC3(F)F)[nH]n2)c1,[BOS]Cc1cc(F)c(F)c(C(=O)Nc2cc([C@H]3CCCCN3C(=O)[C@@]3(F)CCCCC3(F)F)[nH]n2)c1[EOS][EOS][EOS],53517.46466064453,42
10.9,O=C(c1cc(=O)[nH][nH]1)N1CCOC2(CCN(C(=O)c3c(C(F)(F)F)nc4sc5ccccc5n34)C2)C1,[BOS]O=C(c1cc(=O)[nH][nH]1)N1CCO[C@@]2(CCN(C(=O)c3c(C(F)(F)F)nc4sc5ccccc5n34)C2)C1[EOS][EOS][EOS][EOS],57450.24665045738,42
11.6,O=C(NC1CCc2nc(NC(=O)C3Cc4ccccc4C3)sc2C1)c1ccnc2c(O)cccc12,[BOS]O=C(N[C@@H]1CCc2nc(NC(=O)C3Cc4ccccc4C3)sc2C1)c1ccnc2c(O)cccc12[EOS],4567.3743851184845,42
11.1,O=C(c1ccc2cncc(Br)c2c1)N1CCc2ncnc(N3CCC(c4ccccc4O)CC3)c2CC1,[BOS]O=C(c1ccc2cncc(Br)c2c1)N1CCc2ncnc(N3CCC(c4ccccc4O)CC3)c2CC1[EOS][EOS][EOS][EOS][EOS],8642.007545471191,42
10.9,NC(=O)C1CC2(CCN(C(=O)C(O)C(=O)Nc3ccc4c(c3)C(=O)c3ccccc3C4=O)CC2)C[NH2+]1,[BOS]NC(=O)[C@H]1CC2(CCN(C(=O)[C@H](O)C(=O)Nc3ccc4c(c3)C(=O)c3ccccc3C4=O)CC2)C[NH2+]1[EOS],13572.48059630394,42
11.2,CC1(C)CCc2[nH]c(=O)c(-c3nc(Cc4nc5sc6c(c5c(=O)[nH]4)CCCCC6)no3)cc2C1,[BOS]CC1(C)CCc2[nH]c(=O)c(-c3nc(Cc4nc5sc6c(c5c(=O)[nH]4)CCCCC6)no3)cc2C1[EOS],18381.656155347824,42
10.6,Cc1cnc(Cl)c(C(=O)N2CCOCC3(CN(C(=O)COc4cccc5ccccc45)CCO3)C2)c1,[BOS]Cc1cnc(Cl)c(C(=O)N2CCOC[C@]3(CN(C(=O)COc4cccc5ccccc45)CCO3)C2)c1[EOS],22853.437626361847,42
11.1,CC(=O)N1c2ccccc2C(O)(c2cnn(C3CCCCCC3)c2)c2ccccc21,[BOS]CC(=O)N1c2ccccc2C(O)(c2cnn(C3CCCCCC3)c2)c2ccccc21[EOS],27095.368149757385,42
11.8,O=C(Nc1cc(C2CCCCN2C(=O)c2cccc3ncccc23)[nH]n1)C1Cc2ccccc2C[NH2+]1,[BOS]O=C(Nc1cc([C@H]2CCCCN2C(=O)c2cccc3ncccc23)[nH]n1)[C@H]1Cc2ccccc2C[NH2+]1[EOS],32193.74134039879,42
11.0,CC1CCc2cc(-c3nnc(N4CCC(C)C4c4ccccc4)n3CC3CCOC3)ccc2NC1=O,[BOS]C[C@@H]1CCc2cc(-c3nnc(N4CC[C@H](C)[C@@H]4c4ccccc4)n3C[C@H]3CCOC3)ccc2NC1=O[EOS],36291.41811323166,42
10.7,Cc1cccc(COc2ccc(C)c3c2Oc2cc(C)cc(C)c2C32OC(=O)c3c2c2ncncc2n3C)c1,[BOS]Cc1cccc(COc2ccc(C)c3c2Oc2cc(C)cc(C)c2[C@@]32OC(=O)c3c2c2ncncc2n3C)c1[EOS][EOS][EOS][EOS][EOS][EOS][EOS],40901.142080783844,42
10.8,[NH3+]CC(C(=O)NC1CCc2nc(NC(=O)c3cccc4ccccc34)sc2C1)c1ccccc1,[BOS][NH3+]C[C@H](C(=O)N[C@@H]1CCc2nc(NC(=O)c3cccc4ccccc34)sc2C1)c1ccccc1[EOS],46085.62981247902,42
11.0,CC(C[NH2+]C1N=C(c2ccccc2)c2cc(Cl)ccc2NC1=O)N1CCc2sccc2C1c1ccc(F)cc1F,[BOS]C[C@H](C[NH2+][C@@H]1N=C(c2ccccc2)c2cc(Cl)ccc2NC1=O)N1CCc2sccc2[C@H]1c1ccc(F)cc1F[EOS],51132.91375565529,42
11.3,O=C(c1n[nH]c2cc(Cl)ccc12)N1CCOC2(C1)CN(C(=O)C1Cc3ccccc3N1)CCO2,[BOS]O=C(c1n[nH]c2cc(Cl)ccc12)N1CCO[C@]2(CN(C(=O)[C@@H]3Cc4ccccc4N3)CCO2)C1[EOS],55538.70935535431,42
12.1,O=C(NCc1ccc(Cn2c(O)nc3ccc(F)cc3c2=O)cc1)c1ccc2cc(OCc3ccccc3Cl)ccc2c1,[BOS]O=C(NCc1ccc(Cn2c(O)nc3ccc(F)cc3c2=O)cc1)c1ccc2cc(OCc3ccccc3Cl)ccc2c1[EOS],5410.947750329971,42
12.1,O=C(Nc1cc(C2CCCCN2C(=O)C2CCc3ccccc3O2)[nH]n1)C1=NOC(c2ccccc2)C1,[BOS]O=C(Nc1cc([C@@H]2CCCCN2C(=O)[C@@H]2CCc3ccccc3O2)[nH]n1)C1=NO[C@@H](c2ccccc2)C1[EOS],10374.827473640442,42
10.1,O=C(c1ccc(N2CCOCC2)cn1)N1CCC2(CCCN(C(=O)c3cccc4cccnc34)C2)CC1,[BOS]O=C(c1ccc(N2CCOCC2)cn1)N1CCC2(CCCN(C(=O)c3cccc4cccnc34)C2)CC1[EOS][EOS],14549.456846237183,42
11.7,Cc1cc2cc(C(=O)N3CCC4(CN(C(=O)c5ccc6c(c5)NC(=O)CC6)CCO4)C3)ccc2[nH]c1=O,[BOS]Cc1cc2cc(C(=O)N3CC[C@@]4(CN(C(=O)c5ccc6c(c5)NC(=O)CC6)CCO4)C3)ccc2[nH]c1=O[EOS],18819.832934856415,42
12.1,c1ccc2c(c1)COCCC2(c1ccc(-c2cccc3c2sc2ccccc23)c(-c2ccc3cc4ccccc4cc3n2)c1)c1cscn1,[BOS]c1ccc2c(c1)COCCC2(c1cscn1)c1ccc(-c2cccc3c2sc2ccccc23)c(-c2ccc3cc4ccccc4cc3n2)c1[EOS],24348.021738052368,42
12.0,O=C(NC1CC[NH+](C2CCN(C(=O)C3CCc4ccccc4C3)CC2)CC1)C1CC(c2ccccc2)N=N1,[BOS]O=C(NC1CC[NH+](C2CCN(C(=O)[C@@H]3CCc4ccccc4C3)CC2)CC1)[C@H]1CC(c2ccccc2)N=N1[EOS][EOS][EOS][EOS][EOS][EOS][EOS][EOS],29560.328551530838,42
12.6,c1ccc(C(Cc2ccc3cccnc3c2)c2cccc3cc(Cc4ccc5ccccc5c4)c4ccccc4c23)cc1,[BOS]c1ccc(C(Cc2ccc3cccnc3c2)c2cccc3cc(Cc4ccc5ccccc5c4)c4ccccc4c23)cc1[EOS],35172.63453769684,42
11.5,Cc1noc(C)c1CCC(=O)Nc1nc(-c2ccc3c(c2)Cc2ccccc2-3)c(-c2ccc(Cl)cc2)n1C,[BOS]Cc1noc(C)c1CCC(=O)Nc1nc(-c2ccc3c(c2)Cc2ccccc2-3)c(-c2ccc(Cl)cc2)n1C[EOS],39725.0962369442,42
11.9,O=C(Oc1ccc2c(c1)OCC(O)=N2)c1ccc2c(c1)C(=O)N(c1cccc3ccccc13)C2=O,[BOS]O=C(c1ccc2c(c1)C(=O)N(c1cccc3ccccc13)C2=O)Oc1ccc2c(c1)OCC(O)=N2[EOS],44306.62510228157,42
10.6,Cc1ccc(F)cc1C(=O)N1CCC([NH+]2CCC(NC(=O)c3ccc(-n4cccn4)nc3)CC2)CC1,[BOS]Cc1ccc(F)cc1C(=O)N1CCC([NH+]2CCC(NC(=O)c3ccc(-n4cccn4)nc3)CC2)CC1[EOS],48974.193474531174,42
11.4,O=C(NC1CCc2nc(NC(=O)C3Cc4ccccc4C3)sc2C1)c1c[nH]c2c(Cl)cccc12,[BOS]O=C(N[C@H]1CCc2nc(NC(=O)C3Cc4ccccc4C3)sc2C1)c1c[nH]c2c(Cl)cccc12[EOS][EOS][EOS][EOS][EOS][EOS][EOS],53518.567299366,42
10.6,Cc1ccc2cc[nH+]c(NC3CCCN(C(=O)c4cccc5ccccc45)C3)c2c1,[BOS]Cc1ccc2cc[nH+]c(N[C@H]3CCCN(C(=O)c4cccc5ccccc45)C3)c2c1[EOS][EOS][EOS][EOS][EOS][EOS][EOS][EOS],56993.73163104057,42
11.2,O=C(NCc1ccccc1)C1C(=O)C2CCCC2CC1C(=O)N1Cc2ccccc2CC1c1nnc(-c2ccccc2)o1,[BOS]O=C1[C@H]2CCC[C@H]2CC(C(=O)N2Cc3ccccc3C[C@H]2c2nnc(-c3ccccc3)o2)[C@H]1C(=O)NCc1ccccc1[EOS][EOS],4534.129930257797,42
11.3,O=C1CCc2ccc(C(=O)N3CCOCC4(CN(C(=O)C#Cc5ccc(Cl)cc5)CCO4)C3)cc2N1,[BOS]O=C1CCc2ccc(C(=O)N3CCOC[C@]4(CN(C(=O)C#Cc5ccc(Cl)cc5)CCO4)C3)cc2N1[EOS],9333.955162525177,42
11.3,Cn1ncc2c(C(=O)Nc3cc(C4CCCCN4C(=O)C4CCc5ccoc5C4)[nH]n3)cccc2c1=O,[BOS]Cn1ncc2c(C(=O)Nc3cc([C@H]4CCCCN4C(=O)[C@H]4CCc5ccoc5C4)[nH]n3)cccc2c1=O[EOS],14537.053571462631,42
11.1,CC1CC(=Cc2ccccc2)c2nc3ccccc3c(C(=O)OC(C)c3nnnn3C3CCCCC3)c2C1,[BOS]C[C@H](OC(=O)c1c2c(nc3ccccc13)C(=Cc1ccccc1)C[C@H](C)C2)c1nnnn1C1CCCCC1[EOS],19736.953449726105,42
11.4,O=C(c1ncn(-c2cccc(F)c2)n1)N1c2ccccc2C2(COc3ccc(Cl)cc32)C1c1ccc(Cl)cc1Cl,[BOS]O=C(c1ncn(-c2cccc(F)c2)n1)N1c2ccccc2C2(COc3ccc(Cl)cc32)C1c1ccc(Cl)cc1Cl[EOS][EOS][EOS],24126.57394695282,42
10.8,Cc1noc(N)c1C(=O)N1CCCCC1C1CCN(C(=O)c2cccc(C(C)c3cccc(F)c3)c2)CC1,[BOS]Cc1noc(N)c1C(=O)N1CCCC[C@@H]1C1CCN(C(=O)c2cccc([C@H](C)c3cccc(F)c3)c2)CC1[EOS][EOS][EOS][EOS][EOS][EOS][EOS],29099.800073623657,42
10.5,Cc1ccc(CC(=O)N2CCC(C3CCCCN3C(=O)C3Cc4ccccc4O3)CC2)cc1[N+](=O)[O-],[BOS]Cc1ccc(CC(=O)N2CCC([C@H]3CCCCN3C(=O)[C@@H]3Cc4ccccc4O3)CC2)cc1[N+](=O)[O-][EOS],34258.721725940704,42
11.4,Cc1cc(F)c(F)c(C(=O)Nc2nc3c(s2)CC(NC(=O)c2[nH]cc4c2CCC4)CC3)c1,[BOS]Cc1cc(F)c(F)c(C(=O)Nc2nc3c(s2)C[C@H](NC(=O)c2[nH]cc4c2CCC4)CC3)c1[EOS],38758.564740896225,42
11.6,O=C(Nc1n[nH]c(-c2cc3ccccc3o2)n1)C1CC(=O)N(c2ccc3c(c2)Cc2ccccc2-3)C1,[BOS]O=C(Nc1n[nH]c(-c2cc3ccccc3o2)n1)[C@@H]1CC(=O)N(c2ccc3c(c2)Cc2ccccc2-3)C1[EOS][EOS][EOS][EOS][EOS][EOS][EOS],42955.31296277046,42
11.2,Cc1ccc(CCC(=O)Nc2cc(C3CCCCN3C(=O)c3cccc(Cl)c3)[nH]n2)c2ccccc12,[BOS]Cc1ccc(CCC(=O)Nc2cc([C@@H]3CCCCN3C(=O)c3cccc(Cl)c3)[nH]n2)c2ccccc12[EOS],48583.697707891464,42
11.8,O=C(Cc1c[nH]c2ccccc12)N1CCC(c2nc(-c3cc4ccccc4c4ccccc34)no2)CC1,[BOS]O=C(Cc1c[nH]c2ccccc12)N1CCC(c2nc(-c3cc4ccccc4c4ccccc34)no2)CC1[EOS],53714.91310811043,42
11.9,O=C1CC(C(=O)N2CCCCC2c2cc(NC(=O)c3cccc4ccccc34)n[nH]2)=Cc2ccccc2N1,[BOS]O=C(Nc1cc([C@H]2CCCCN2C(=O)C2=Cc3ccccc3NC(=O)C2)[nH]n1)c1cccc2ccccc12[EOS],58325.60170292854,42
10.9,O=C(Nc1cc(C2CCCCN2C(=O)CCc2c[nH]c3ccc(F)cc23)[nH]n1)C1CCc2ccccc2C1O,[BOS]O=C(Nc1cc([C@@H]2CCCCN2C(=O)CCc2c[nH]c3ccc(F)cc23)[nH]n1)[C@H]1CCc2ccccc2[C@H]1O[EOS][EOS],5023.129664897919,42
9.8,O=C1CCCC2(C(F)(F)F)CCN(C(=O)Nc3ccc(N4C(=O)C=CC4=O)cc3)CC12,[BOS]O=C1CCC[C@@]2(C(F)(F)F)CCN(C(=O)Nc3ccc(N4C(=O)C=CC4=O)cc3)C[C@@H]12[EOS][EOS][EOS][EOS][EOS],9198.435282468796,42
11.8,O=C1CCC(C(=O)N2CCCCC2C2CCN(C(=O)c3n[nH]c4ccc(-c5ccccc5)cc34)CC2)CCN1,[BOS]O=C1CC[C@H](C(=O)N2CCCC[C@@H]2C2CCN(C(=O)c3n[nH]c4ccc(-c5ccccc5)cc34)CC2)CCN1[EOS],14018.599917173386,42
10.3,NC(=O)C1CCC[NH+]1Cc1ccccc1-c1noc(C2CC=CCC2c2nc3ccccc3s2)n1,[BOS]NC(=O)[C@H]1CCC[NH+]1Cc1ccccc1-c1noc([C@@H]2CC=CC[C@H]2c2nc3ccccc3s2)n1[EOS],18839.679978370667,42
11.2,O=C(NC1(c2ccc3c(c2)OCCO3)CCCC1)C1CCCN(c2nc3ccccc3s2)C1,[BOS]O=C(NC1(c2ccc3c(c2)OCCO3)CCCC1)[C@H]1CCCN(c2nc3ccccc3s2)C1[EOS],23403.661071300507,42
12.5,O=C1CCCc2c1cccc2C(=O)n1c(=Nc2ccccc2Cl)c2cc(-c3ccc(F)cc3)nn2c2ccccc21,[BOS]O=C1CCCc2c1cccc2C(=O)n1c2ccccc2n2nc(-c3ccc(F)cc3)cc2c1=Nc1ccccc1Cl[EOS],27785.243366003036,42
11.0,O=C1SC(=Cc2c(-c3ccc(-c4ccccn4)cc3)oc3ccccc3c2=O)C(=O)N1Cc1cccc(F)c1F,[BOS]O=C1SC(=Cc2c(-c3ccc(-c4ccccn4)cc3)oc3ccccc3c2=O)C(=O)N1Cc1cccc(F)c1F[EOS][EOS][EOS],32895.162977933884,42
11.6,O=C(Nc1nc2c(s1)CC(NC(=O)C1(F)CCCCC1(F)F)CC2)C1CCc2ccccc2C1O,[BOS]O=C(Nc1nc2c(s1)C[C@@H](NC(=O)[C@]1(F)CCCCC1(F)F)CC2)[C@H]1CCc2ccccc2[C@H]1O[EOS],37383.211176633835,42
10.7,O=C(CCc1c(-c2ccccc2)[nH]c2ccc(F)cc12)N1CCC(n2c(=O)[nH]c3ccccc32)CC1,[BOS]O=C(CCc1c(-c2ccccc2)[nH]c2ccc(F)cc12)N1CCC(n2c(=O)[nH]c3ccccc32)CC1[EOS],42660.28876662254,42
11.6,CC1N(c2ccn(C)n2)C(=O)COC12CCN(c1cc(-c3ccccc3)cc(-c3ccccc3)n1)CC2,[BOS]C[C@H]1N(c2ccn(C)n2)C(=O)COC12CCN(c1cc(-c3ccccc3)cc(-c3ccccc3)n1)CC2[EOS],46461.920021533966,42
11.9,O=C(NC1CCc2nc(NC(=O)c3cccc4ncccc34)sc2C1)c1cc(=O)[nH]c(=O)[nH]1,[BOS]O=C(N[C@H]1CCc2nc(NC(=O)c3cccc4ncccc34)sc2C1)c1cc(=O)[nH]c(=O)[nH]1[EOS][EOS][EOS][EOS][EOS][EOS],50941.180608034134,42
11.2,O=C(NCc1cn(Cc2ccccc2)nc1-c1ccc(F)cc1)N1CC2Oc3c(F)ccc(F)c3OC2C1,[BOS]O=C(NCc1cn(Cc2ccccc2)nc1-c1ccc(F)cc1)N1C[C@@H]2Oc3c(F)ccc(F)c3O[C@@H]2C1[EOS],55752.43535375595,42
11.5,O=C(c1c[nH]c(=O)[nH]c1=O)N1CCC2(C1)CN(C(=O)C1(c3ccccc3)CCCc3ccccc31)CCO2,[BOS]O=C(c1c[nH]c(=O)[nH]c1=O)N1CC[C@]2(C1)CN(C(=O)C1(c3ccccc3)CCCc3ccccc31)CCO2[EOS],4334.461423397064,42
10.0,CC1CN(c2ccccc2NC(=O)NC2CC(=O)N(c3cccc4ccccc34)C2)CC(C)O1,[BOS]C[C@@H]1CN(c2ccccc2NC(=O)N[C@H]2CC(=O)N(c3cccc4ccccc34)C2)C[C@@H](C)O1[EOS][EOS][EOS][EOS][EOS][EOS][EOS],8552.036283254623,42
12.1,O=C(Cc1n[nH]c2cc(Cl)ccc12)N1CCC2(CCCN(C(=O)Cc3ccc4ccccc4c3)C2)CC1,[BOS]O=C(Cc1ccc2ccccc2c1)N1CCCC2(CCN(C(=O)Cc3n[nH]c4cc(Cl)ccc34)CC2)C1[EOS],13720.954753160477,42
11.4,Cc1ccc(CCC(=O)N2CCOC3(CCN(C(=O)c4ccc5c(c4)CC(=O)N5)C3)C2)c2ccccc12,[BOS]Cc1ccc(CCC(=O)N2CCO[C@]3(CCN(C(=O)c4ccc5c(c4)CC(=O)N5)C3)C2)c2ccccc12[EOS][EOS][EOS][EOS][EOS],18639.806834697723,42
11.2,CN(C)c1ccc(C(=O)NC2C3COCC2CN(C(=O)c2cc4cc[nH]c4cc2F)C3)c2ccccc12,[BOS]CN(C)c1ccc(C(=O)N[C@H]2[C@@H]3COC[C@H]2CN(C(=O)c2cc4cc[nH]c4cc2F)C3)c2ccccc12[EOS],23277.88724064827,42
11.8,O=C(NC1CC2CCC(C1)N2C(=O)C1C2CCCC1c1ccccc1N2)C1CC12C(=O)Nc1ccccc12,[BOS]O=C(N[C@H]1C[C@H]2CC[C@@H](C1)N2C(=O)[C@@H]1[C@@H]2CCC[C@H]1c1ccccc1N2)[C@H]1C[C@@]12C(=O)Nc1ccccc12[EOS],28282.714081048965,42
11.7,O=C(NC1CC2(CCCC2)Oc2ccccc21)NC1c2ccccc2CC2(CCOCC2)C1F,[BOS]O=C(N[C@H]1CC2(CCCC2)Oc2ccccc21)N[C@@H]1c2ccccc2CC2(CCOCC2)[C@@H]1F[EOS],32473.89801645279,42
10.8,O=c1ccc(-c2nc(-c3cccc(-c4nc(-c5cccnc5)no4)c3)no2)cn1-c1ccc(F)cc1F,[BOS]O=c1ccc(-c2nc(-c3cccc(-c4nc(-c5cccnc5)no4)c3)no2)cn1-c1ccc(F)cc1F[EOS][EOS][EOS][EOS][EOS][EOS],36941.47457766533,42
11.5,O=C(Oc1ccc(OC(=O)C2C3CCCCCCC32)cc1C1C=Cc2cc(O)ccc2OC1)c1cccc(F)c1F,[BOS]O=C(Oc1ccc(OC(=O)C2[C@H]3CCCCCC[C@H]23)cc1C1C=Cc2cc(O)ccc2OC1)c1cccc(F)c1F[EOS][EOS][EOS][EOS][EOS],42355.18089747429,42
11.4,Cc1cc(-c2cc(C(=O)N3CCC4C3CCN4C(=O)c3c[nH]c(=O)c4ccn(C)c34)[nH]n2)ccc1Cl,[BOS]Cc1cc(-c2cc(C(=O)N3CC[C@H]4[C@@H]3CCN4C(=O)c3c[nH]c(=O)c4ccn(C)c34)[nH]n2)ccc1Cl[EOS],47047.065260887146,42
11.4,Cn1nc(C(=O)N2Cc3ccccc3NC(=O)C2CC2CCCCC2)c(=O)c2cccnc21,[BOS]Cn1nc(C(=O)N2Cc3ccccc3NC(=O)[C@@H]2CC2CCCCC2)c(=O)c2cccnc21[EOS],50941.94829797745,42
10.9,Cc1ccc(F)cc1C(=O)N1CCOCC2(C1)CN(C(=O)C1CCCC3CCCCC31)CCO2,[BOS]Cc1ccc(F)cc1C(=O)N1CCOC[C@@]2(C1)CN(C(=O)[C@@H]1CCC[C@H]3CCCC[C@H]31)CCO2[EOS],55187.23659348488,42
10.7,Cc1ccc(C(=O)N2CCC3COC(CNC(=O)CC4c5ccccc5-c5ccccc54)C3C2)c(C)c1,[BOS]Cc1ccc(C(=O)N2CC[C@H]3CO[C@@H](CNC(=O)CC4c5ccccc5-c5ccccc54)[C@H]3C2)c(C)c1[EOS],4780.403520345688,42
11.1,Cc1nc2nccnn2c1C(=O)N1CCCCC1C1CCN(C(=O)c2c3ccccc3n3ccsc23)CC1,[BOS]Cc1nc2nccnn2c1C(=O)N1CCCC[C@@H]1C1CCN(C(=O)c2c3ccccc3n3ccsc23)CC1[EOS],9606.051646232605,42
12.1,Cc1ccccc1-n1c(SCc2cc3ccc(C)c(C)c3nc2Cl)nnc1-c1c[nH]c2ccccc12,[BOS]Cc1ccc2cc(CSc3nnc(-c4c[nH]c5ccccc45)n3-c3ccccc3C)c(Cl)nc2c1C[EOS],14440.305402755737,42
11.7,CC1C(=O)NC2=CN=C(N=C3C4CCNC4C4CCCCC4N31)N1CCC3(CC1)CC(CC(=O)N2C1CC1)c1ccccc1O3,[BOS]C[C@@H]1C(=O)Nc2cnc(N3CCC4(CC3)C[C@H](CC(=O)N2C3CC3)c3ccccc3O4)nc2N1C1CCCCC1[C@@H]1NCC[C@@H]21[EOS][EOS][EOS][EOS],17941.51808977127,42
10.5,O=C(NCC1OCC2CCN(C(=O)Cc3ccc4ccccc4c3)CC21)C1CCCC2CCCCC21,[BOS]O=C(NC[C@@H]1OC[C@@H]2CCN(C(=O)Cc3ccc4ccccc4c3)C[C@@H]21)[C@@H]1CCC[C@H]2CCCC[C@@H]21[EOS][EOS][EOS][EOS][EOS][EOS][EOS],23238.81250190735,42
11.0,O=C(c1c[nH+]c2ccc(F)cn12)N1CC2(CCCN2C(=O)c2cccc(Cc3cccc(F)c3)c2)C1,[BOS]O=C(c1c[nH+]c2ccc(F)cn12)N1CC2(CCCN2C(=O)c2cccc(Cc3cccc(F)c3)c2)C1[EOS],27776.64480781555,42
11.6,O=C(CN1C(=O)NC2(CCS(=O)(=O)c3ccc(F)cc32)C1=O)N1CCC(Cc2ccccc2)CC1,[BOS]O=C(CN1C(=O)N[C@]2(CCS(=O)(=O)c3ccc(F)cc32)C1=O)N1CCC(Cc2ccccc2)CC1[EOS][EOS][EOS][EOS][EOS][EOS][EOS],32534.99626660347,42
11.2,Cc1ccc2nc(N(Cc3cccnc3)C(=O)c3nn(C4CCS(=O)(=O)C4)c4c3CCC4)c3cnn(C)c3c2c1,[BOS]Cc1ccc2nc(N(Cc3cccnc3)C(=O)c3nn([C@@H]4CCS(=O)(=O)C4)c4c3CCC4)c3cnn(C)c3c2c1[EOS][EOS][EOS][EOS][EOS][EOS][EOS][EOS],37201.61452412605,42
11.2,Cc1cccc2[nH]c(C(=O)N3CCCCC3C3CCN(C(=O)Cc4ccc5c(c4)CCC5)CC3)cc12,[BOS]Cc1cccc2[nH]c(C(=O)N3CCCC[C@H]3C3CCN(C(=O)Cc4ccc5c(c4)CCC5)CC3)cc12[EOS],42332.12292265892,42
10.2,COc1ccc(C=C(C)C(=O)NC2CCc3nc(NC(=O)C4=NOC(c5ccccc5)C4)sc3C2)cc1,[BOS]COc1ccc(C=C(C)C(=O)N[C@H]2CCc3nc(NC(=O)C4=NO[C@@H](c5ccccc5)C4)sc3C2)cc1[EOS][EOS][EOS][EOS][EOS][EOS][EOS][EOS],47179.174852609634,42
10.2,Cc1onc(-c2ccncn2)c1C(=O)N1C2CCC1CC(NC(=O)c1ccc3c(c1)CCCC3=O)C2,[BOS]Cc1onc(-c2ccncn2)c1C(=O)N1[C@@H]2CC[C@H]1C[C@@H](NC(=O)c1ccc3c(c1)CCCC3=O)C2[EOS],52064.600603342056,42
11.6,O=C1CCCc2cc(C(=O)N3CCCCC3C3CCN(C(=O)c4cc5cc[nH]c5cc4F)CC3)ccc21,[BOS]O=C(c1cc2cc[nH]c2cc1F)N1CCC([C@H]2CCCCN2C(=O)c2ccc3c(c2)CCCC3=O)CC1[EOS],56655.685186862946,42
13.8,CC12C=CC(=O)C=C1CCC1C2=C2CC(Sc3ccc4ccccc4c3)(C(=N)O)CC1C1=CNN3CCOC3C1C2=O,[BOS]N=C(O)C1(Sc2ccc3ccccc3c2)CC2C3CCC4=CC(=O)C=CC4(C)C3=C(C1)C(=O)C3C2=CNN1CCOC31[EOS],4641.375913858414,42
10.5,C=C1CC(C(=O)Nc2cc(C3CCCCN3C(=O)c3[nH]nc4c(C)cccc34)[nH]n2)C1,[BOS]C=C1CC(C(=O)Nc2cc([C@@H]3CCCCN3C(=O)c3[nH]nc4c(C)cccc34)[nH]n2)C1[EOS],9518.679250717163,42
11.5,O=C(NC1CC[NH+](C2CCN(C(=O)C3Cc4ccccc4C[NH+]3)CC2)CC1)c1cnc2cccc(Cl)c2c1,[BOS]O=C(NC1CC[NH+](C2CCN(C(=O)[C@@H]3Cc4ccccc4C[NH+]3)CC2)CC1)c1cnc2cccc(Cl)c2c1[EOS],15189.323081970215,42
10.4,Cn1cnc(C(=O)NC2CCc3nc(NC(=O)C4CCc5ccccc5C4)sc3C2)c1C(F)(F)F,[BOS]Cn1cnc(C(=O)N[C@@H]2CCc3nc(NC(=O)[C@H]4CCc5ccccc5C4)sc3C2)c1C(F)(F)F[EOS][EOS][EOS][EOS],19823.768231630325,42
11.4,O=C(CCN1C(=O)c2cccc3cccc(c23)N1Cc1ccccc1)N1CCC2(CC1)N=C(O)N=C2C(F)(F)F,[BOS]O=C(CCN1C(=O)c2cccc3cccc(c23)N1Cc1ccccc1)N1CCC2(CC1)N=C(O)N=C2C(F)(F)F[EOS],24494.641937732697,42
13.8,Cc1ccc2cccc(C3(C)CCCC(C)(c4ccc5ccccc5c4)C3(C)C)c2c1-c1ccc(O)cc1C(C)CO,[BOS]Cc1ccc2cccc([C@]3(C)CCC[C@@](C)(c4ccc5ccccc5c4)C3(C)C)c2c1-c1ccc(O)cc1C(C)CO[EOS],29420.672045230865,42
11.1,Cn1c(CC(=O)NC2CCc3nc(NC(=O)Cc4ccc5c(c4)CCC5)sc3C2)cc2ccccc21,[BOS]Cn1c(CC(=O)N[C@@H]2CCc3nc(NC(=O)Cc4ccc5c(c4)CCC5)sc3C2)cc2ccccc21[EOS],34798.041271686554,42
10.7,Cc1nc(NC(=O)NCc2cccc(N3C(=O)NC4(CCCC4)C3=O)c2)ccc1-c1ccccc1,[BOS]Cc1nc(NC(=O)NCc2cccc(N3C(=O)NC4(CCCC4)C3=O)c2)ccc1-c1ccccc1[EOS][EOS][EOS][EOS],39609.913474559784,42
11.0,Cc1ccc(NC(=O)C2CCN(C(=O)c3nc(-c4cn(Cc5ccccc5)cn4)n4ccccc34)CC2)nc1C,[BOS]Cc1ccc(NC(=O)C2CCN(C(=O)c3nc(-c4cn(Cc5ccccc5)cn4)n4ccccc34)CC2)nc1C[EOS][EOS][EOS][EOS],45090.529648542404,42
10.2,Cc1noc(CC(=O)N2CCCCC2C2CCN(C(=O)c3c[nH]c4nc(-c5ccccc5)ccc34)CC2)n1,[BOS]Cc1noc(CC(=O)N2CCCC[C@@H]2C2CCN(C(=O)c3c[nH]c4nc(-c5ccccc5)ccc34)CC2)n1[EOS][EOS][EOS][EOS][EOS][EOS][EOS][EOS],49753.12788057327,42
11.9,O=C(c1ccc(-c2ccccc2)cc1)N1CCC2C1CCN2C(=O)C1Cc2ccccc2C[NH+]1Cc1ccccc1,[BOS]O=C(c1ccc(-c2ccccc2)cc1)N1CC[C@H]2[C@@H]1CCN2C(=O)[C@H]1Cc2ccccc2C[NH+]1Cc1ccccc1[EOS],54043.22255563736,42
12.1,Cc1ccc(-c2nnc3n2-c2cc(C)ccc2-c2[nH]c(C)c(-c4ccc(F)cc4)c2C3)c(F)c1,[BOS]Cc1ccc(-c2nnc3n2-c2cc(C)ccc2-c2[nH]c(C)c(-c4ccc(F)cc4)c2C3)c(F)c1[EOS],57807.94005727768,42
10.4,O=C(NCC1CCN(C(=O)C2=C3c4ccccc4C(=O)N3CC2)C1c1cccnc1)c1ncc(F)cc1F,[BOS]O=C(NC[C@@H]1CCN(C(=O)C2=C3c4ccccc4C(=O)N3CC2)[C@H]1c1cccnc1)c1ncc(F)cc1F[EOS][EOS][EOS][EOS][EOS][EOS][EOS],5545.726651906967,42
11.4,CC(C[NH+]1CCC2(CC1)C(=O)N(C1CCN(C)c3nccc(N)c31)CCC2C)c1cccc2ccccc12,[BOS]C[C@@H](C[NH+]1CCC2(CC1)C(=O)N([C@@H]1CCN(C)c3nccc(N)c31)CC[C@H]2C)c1cccc2ccccc12[EOS][EOS][EOS][EOS][EOS][EOS][EOS][EOS],10409.781544685364,42
11.8,O=C(Nc1cc(C2CCCCN2C(=O)C2CCc3ccccc32)[nH]n1)C1Cc2ccccc2C[NH2+]1,[BOS]O=C(Nc1cc([C@H]2CCCCN2C(=O)[C@@H]2CCc3ccccc32)[nH]n1)[C@@H]1Cc2ccccc2C[NH2+]1[EOS],15423.754176139832,42
11.0,Cc1cnc(Cl)c(C(=O)Nc2nc3c(s2)CC(NC(=O)C2CCC4(CC2)OCCO4)CC3)c1,[BOS]Cc1cnc(Cl)c(C(=O)Nc2nc3c(s2)C[C@@H](NC(=O)C2CCC4(CC2)OCCO4)CC3)c1[EOS],19890.22506380081,42
11.5,Cc1ccc2nc(C(=O)N3CCC4OCCCC4(CNC(=O)C4CC4c4ccc(F)c(F)c4)C3)ccc2c1,[BOS]Cc1ccc2nc(C(=O)N3CC[C@H]4OCCC[C@@]4(CNC(=O)[C@@H]4C[C@H]4c4ccc(F)c(F)c4)C3)ccc2c1[EOS][EOS][EOS][EOS][EOS][EOS][EOS],24864.210708856583,42
11.7,O=C(Cc1cc2cccnc2cc1F)N1CCC2C1CCN2C(=O)c1cc2c(F)cc(F)cc2[nH]1,[BOS]O=C(Cc1cc2cccnc2cc1F)N1CC[C@H]2[C@@H]1CCN2C(=O)c1cc2c(F)cc(F)cc2[nH]1[EOS],29812.70008969307,42
11.6,O=C(c1cccc(Cl)c1)N1CCC2(CCCN(C(=O)c3n[nH]c4ccc(-c5ccccc5)cc34)C2)CC1,[BOS]O=C(c1cccc(Cl)c1)N1CCC2(CCCN(C(=O)c3n[nH]c4ccc(-c5ccccc5)cc34)C2)CC1[EOS],34211.61272263527,42
11.5,O=C(NC1CC2CCC(C1)N2C(=O)c1ccc2c(c1)Cc1ccccc1-2)C1Cc2ccccc2C1,[BOS]O=C(N[C@H]1C[C@H]2CC[C@@H](C1)N2C(=O)c1ccc2c(c1)Cc1ccccc1-2)C1Cc2ccccc2C1[EOS],38852.32096171379,42
10.9,O=C(c1cccc2nnc(-c3ccccc3)nc12)N1Cc2ccnn2CC(C(=O)N2CCOCC2)C1,[BOS]O=C([C@H]1CN(C(=O)c2cccc3nnc(-c4ccccc4)nc23)Cc2ccnn2C1)N1CCOCC1[EOS],43625.36919975281,42
12.5,O=C(NC1CCc2nc(NC(=O)C3CCc4ccccc4C3O)sc2C1)c1[nH]nc2c1CCc1ncccc1-2,[BOS]O=C(N[C@H]1CCc2nc(NC(=O)[C@@H]3CCc4ccccc4[C@@H]3O)sc2C1)c1[nH]nc2c1CCc1ncccc1-2[EOS],48288.22824001312,42
12.4,O=C(NC1CCc2nc(NC(=O)C3CCc4ccccc4C3)sc2C1)c1cc(=O)[nH]c(=O)[nH]1,[BOS]O=C(N[C@H]1CCc2nc(NC(=O)[C@@H]3CCc4ccccc4C3)sc2C1)c1cc(=O)[nH]c(=O)[nH]1[EOS],52892.217686891556,42
11.2,Cc1c(C(=O)Nc2nc3c(s2)CC(NC(=O)Cc2ccc4c(c2)CCCO4)CC3)oc2ccccc12,[BOS]Cc1c(C(=O)Nc2nc3c(s2)C[C@H](NC(=O)Cc2ccc4c(c2)CCCO4)CC3)oc2ccccc12[EOS],57501.529613256454,42
12.0,O=C(NC1CCc2nc(NC(=O)C3CCc4ccccc4C3)sc2C1)c1cc(O)c(O)c(Cl)c1,[BOS]O=C(N[C@@H]1CCc2nc(NC(=O)[C@@H]3CCc4ccccc4C3)sc2C1)c1cc(O)c(O)c(Cl)c1[EOS],4690.127962589264,42
11.5,O=C(Cc1cc2cccnc2cc1F)N1CCC2C1CCN2C(=O)c1cnc2c(F)c(F)ccc2c1,[BOS]O=C(Cc1cc2cccnc2cc1F)N1CC[C@H]2[C@@H]1CCN2C(=O)c1cnc2c(F)c(F)ccc2c1[EOS],9782.419719934464,42
12.5,Cc1cccc(C2=C(c3ccc(NC(=O)C4CCOC4C4CCN5C(=O)c6c(Br)cccc6NC=C45)cc3)CCC2)c1,[BOS]O=C(Nc1ccc(C2=C(c3cccc(C)c3)CCC2)cc1)[C@H]1CCO[C@H]1C1CCN2C(=O)c3c(Br)cccc3NC=C12[EOS],14617.576325178146,42
10.4,Cc1ccc2c(c1)CCCN2C(=O)c1cccc2c1OC(C)C(=O)N2,[BOS]Cc1ccc2c(c1)CCCN2C(=O)c1cccc2c1O[C@H](C)C(=O)N2[EOS],18358.235840320587,42
11.7,CC(C)(c1c[nH]c2ccccc12)C1CCCN(C(=O)c2ccccc2-c2ccc(S(C)(=O)=O)cc2)C1(C)C,[BOS]CC(C)(c1c[nH]c2ccccc12)[C@@H]1CCCN(C(=O)c2ccccc2-c2ccc(S(C)(=O)=O)cc2)C1(C)C[EOS],23061.358225107193,42
11.1,Cc1ccc(CC2CCN(C(=O)Cc3n[nH]c(=O)c4ccccc34)CC2)c2ccccc12,[BOS]Cc1ccc(CC2CCN(C(=O)Cc3n[nH]c(=O)c4ccccc34)CC2)c2ccccc12[EOS],27355.649638175964,42
11.2,O=C1Cc2cc(C(=O)N3CCOCC4(C3)CN(C(=O)C3Cc5ccccc5C[NH2+]3)CCO4)ccc2N1,[BOS]O=C1Cc2cc(C(=O)N3CCOC[C@]4(C3)CN(C(=O)[C@H]3Cc5ccccc5C[NH2+]3)CCO4)ccc2N1[EOS][EOS],32093.063787460327,42
10.8,CCOc1cc(C2Nc3ccccc3NC3=C2C(=O)CC(c2cccc(C)c2)C3)ccc1O,[BOS]CCOc1cc([C@H]2Nc3ccccc3NC3=C2C(=O)C[C@@H](c2cccc(C)c2)C3)ccc1O[EOS],37297.15376353264,42
11.0,O=C(NC(c1ccccc1)c1ccc2ccccc2c1)C(=O)N1CCCC(c2cc3ccccc3[nH]2)C1,[BOS]O=C(N[C@@H](c1ccccc1)c1ccc2ccccc2c1)C(=O)N1CCC[C@H](c2cc3ccccc3[nH]2)C1[EOS][EOS][EOS][EOS],41641.94096279144,42
10.8,Cc1ccc(C2(C(=O)N3CCOC4(COCCN(C(=O)C5CCC(=O)NC5)C4)C3)CCCCC2)cc1,[BOS]Cc1ccc(C2(C(=O)N3CCO[C@@]4(COCCN(C(=O)[C@H]5CCC(=O)NC5)C4)C3)CCCCC2)cc1[EOS][EOS][EOS][EOS][EOS][EOS][EOS][EOS],46420.80688595772,42
12.5,O=C(C1=NOC(c2ccccc2)C1)N1CCC2(CC1)Cc1ccccc1CNCC1(CCOCC1)C2=O,[BOS]O=C(C1=NO[C@@H](c2ccccc2)C1)N1CCC2(CC1)Cc1ccccc1CNCC1(CCOCC1)C2=O[EOS],50762.44241142273,42
11.0,O=C(CC1Cc2ccccc2C1)Nc1cc(C2CCCCN2C(=O)c2cnnc3ccccc23)[nH]n1,[BOS]O=C(CC1Cc2ccccc2C1)Nc1cc([C@@H]2CCCCN2C(=O)c2cnnc3ccccc23)[nH]n1[EOS][EOS][EOS][EOS][EOS][EOS][EOS],55964.253398895264,42
10.9,O=C(Cc1ccccc1F)N1CCOCC2(C1)CN(C(=O)CC1OCCc3ccccc31)CCO2,[BOS]O=C(Cc1ccccc1F)N1CCOC[C@@]2(C1)CN(C(=O)C[C@H]1OCCc3ccccc31)CCO2[EOS][EOS][EOS][EOS][EOS][EOS][EOS][EOS],4362.856877565384,42
10.5,Cc1ccc(C)c(C2=NOC(C(=O)NCc3ccc(C4(C)NC(=O)NC4=O)cc3)C2)c1,[BOS]Cc1ccc(C)c(C2=NO[C@@H](C(=O)NCc3ccc([C@@]4(C)NC(=O)NC4=O)cc3)C2)c1[EOS],8706.111493587494,42
11.4,Cc1ccccc1-c1noc(C2CCN(c3ccccc3)C2)c1C(=O)N1CCN(C(c2ccccc2)c2ccccc2)CC1,[BOS]Cc1ccccc1-c1noc([C@H]2CCN(c3ccccc3)C2)c1C(=O)N1CCN(C(c2ccccc2)c2ccccc2)CC1[EOS],13518.068202972412,42
10.4,O=C(Cc1cc([N+](=O)[O-])ccc1F)N1CCC(C2CCCCN2C(=O)c2n[nH]c3c2CCCC3)CC1,[BOS]O=C(Cc1cc([N+](=O)[O-])ccc1F)N1CCC([C@@H]2CCCCN2C(=O)c2n[nH]c3c2CCCC3)CC1[EOS][EOS][EOS][EOS],18630.13351583481,42
11.9,CC1Oc2cc(-c3noc(-c4cc5ccccc5n4-c4ccc(F)c(C(F)(F)F)c4)n3)ccc2NCC1O,[BOS]C[C@H]1Oc2cc(-c3noc(-c4cc5ccccc5n4-c4ccc(F)c(C(F)(F)F)c4)n3)ccc2NC[C@H]1O[EOS],23007.851299762726,42
11.4,CCn1c(=O)c(=O)[nH]c2cc(-c3nnc(C4Cc5ccccc5N4C(=O)Cc4ccc(-c5ccccc5)cc4)o3)ccc21,[BOS]CCn1c(=O)c(=O)[nH]c2cc(-c3nnc([C@@H]4Cc5ccccc5N4C(=O)Cc4ccc(-c5ccccc5)cc4)o3)ccc21[EOS][EOS][EOS][EOS][EOS],27074.7939016819,42
11.4,Cc1cc2nc(C(=O)N3CCOCC4(CN(C(=O)CC5C(=O)Nc6ccccc65)CCO4)C3)[nH]c2cc1C,[BOS]Cc1cc2nc(C(=O)N3CCOC[C@@]4(CN(C(=O)C[C@@H]5C(=O)Nc6ccccc65)CCO4)C3)[nH]c2cc1C[EOS],31959.05445098877,42
11.1,Cc1ccc2[nH]c(C(=O)NCC3CCN(C(=O)C4Cc5ccccc5C[NH2+]4)C3c3cccnc3)cc2c1,[BOS]Cc1ccc2[nH]c(C(=O)NC[C@H]3CCN(C(=O)[C@H]4Cc5ccccc5C[NH2+]4)[C@@H]3c3cccnc3)cc2c1[EOS][EOS][EOS][EOS],36892.08259510994,42
10.1,Cc1[nH]c(=O)c(C(=O)NC2CC[NH+](CC3CCC(c4ccccc4)CC3)CC2)cc1-c1ccccc1,[BOS]Cc1[nH]c(=O)c(C(=O)NC2CC[NH+](CC3CCC(c4ccccc4)CC3)CC2)cc1-c1ccccc1[EOS][EOS][EOS][EOS],41707.91731262207,42
11.3,CC1CC([NH+]2CCC3(CC2)Cc2ccccc2CN(c2ccccn2)C3)CC(C)[NH+]1Cc1ccccc1,[BOS]C[C@@H]1C[C@@H]([NH+]2CCC3(CC2)Cc2ccccc2CN(c2ccccn2)C3)C[C@H](C)[NH+]1Cc1ccccc1[EOS],46023.97037482262,42
11.5,Cn1ccc2c(=O)[nH]cc(C(=O)NC3CCc4nc(NC(=O)Cc5ccc6c(c5)CCC6)sc4C3)c21,[BOS]Cn1ccc2c(=O)[nH]cc(C(=O)N[C@@H]3CCc4nc(NC(=O)Cc5ccc6c(c5)CCC6)sc4C3)c21[EOS],51113.73728466034,42
11.2,O=C(NCc1cc(=O)n2c(n1)C[NH+](C1CCC3(CCc4ccccc43)CC1)CCC2)N1CCCCC1,[BOS]O=C(NCc1cc(=O)n2c(n1)C[NH+](C1CCC3(CCc4ccccc43)CC1)CCC2)N1CCCCC1[EOS],55807.45296025276,42
11.0,O=C(c1cccc2cc[nH]c12)N1CCOC2(COCCN(C(=O)C3CC3c3ccc(F)c(F)c3)C2)C1,[BOS]O=C(c1cccc2cc[nH]c12)N1CCO[C@]2(COCCN(C(=O)[C@H]3C[C@H]3c3ccc(F)c(F)c3)C2)C1[EOS],4057.785297870636,42
10.7,CC#CC(CC(=O)Nc1cc(C2CCCCN2C(=O)c2ccc3c(c2)CCCO3)[nH]n1)c1ccc(O)cc1,[BOS]CC#C[C@H](CC(=O)Nc1cc([C@@H]2CCCCN2C(=O)c2ccc3c(c2)CCCO3)[nH]n1)c1ccc(O)cc1[EOS][EOS][EOS][EOS][EOS][EOS][EOS][EOS],9635.868997097015,42
10.7,Cc1ccnc(-n2c(SCc3nc(Cc4nc(-c5ccccc5)[nH]c4N)no3)nc3ccccc3c2=O)c1,[BOS]Cc1ccnc(-n2c(SCc3nc(Cc4nc(-c5ccccc5)[nH]c4N)no3)nc3ccccc3c2=O)c1[EOS][EOS],15001.08733201027,42
11.2,Cc1cccc(-c2cnccc2C(=O)N2C3CCC2CC(NC(=O)c2ccc4c(c2C)OCCO4)C3)c1,[BOS]Cc1cccc(-c2cnccc2C(=O)N2[C@@H]3CC[C@H]2C[C@@H](NC(=O)c2ccc4c(c2C)OCCO4)C3)c1[EOS],20275.79637646675,42
11.8,O=C(c1cn2cc(F)ccc2[nH+]1)N1CCC2(CCCN(C(=O)C3CCN(c4ccc(F)cn4)CC3)C2)CC1,[BOS]O=C(c1cn2cc(F)ccc2[nH+]1)N1CCC2(CCCN(C(=O)C3CCN(c4ccc(F)cn4)CC3)C2)CC1[EOS],24836.74311518669,42
11.8,O=C1CCCCc2cc(C(=O)N3CCOC(c4ccccc4)C3)c3c(c21)CC(=O)N(c1cccc(F)c1)C3=[Cl+],[BOS]O=C1CCCCc2cc(C(=O)N3CCO[C@@H](c4ccccc4)C3)c3c(c21)CC(=O)N(c1cccc(F)c1)C3=[Cl+][EOS],28851.2511138916,42
12.4,CC12CCC(=O)C=C1CCC1C3CCC4(CC35CSC(O)(CC#Cc3ccccc3)CC5=CCC14)C2O,[BOS]C[C@@]12CCC(=O)C=C1CC[C@H]1[C@@H]3CC=C4C[C@@](O)(CC#Cc5ccccc5)SC[C@]45C[C@@]3(CC[C@H]15)[C@@H]2O[EOS][EOS][EOS][EOS][EOS][EOS][EOS][EOS],32702.644374370575,42
12.0,O=C(NC1CCC(O)(c2ccccc2)CC1)N1Cc2ccccc2C2(CCC3CC2=CCC3O)C1c1cccc(Br)c1Cl,[BOS]O=C(NC1CCC(O)(c2ccccc2)CC1)N1Cc2ccccc2C2(CCC3CC2=CC[C@@H]3O)[C@H]1c1cccc(Br)c1Cl[EOS],36983.347088098526,42
12.7,c1ccc2c(c1)-c1cccc3c(-c4nc5c(s4)sc4ccccc45)ccc(c13)C2n1sc2c3ccccc3ccc21,[BOS]c1ccc2c(-c3nc4c5ccccc5sc4s3)ccc3c2c1-c1ccccc1C3n1sc2c1ccc1ccccc12[EOS][EOS][EOS][EOS][EOS][EOS],41044.25716018677,42
11.3,O=C(C1CCc2ccccc2C1)N1CCOCC2(C1)CN(C(=O)C1CCCCC1(F)F)CCO2,[BOS]O=C([C@@H]1CCCCC1(F)F)N1CCO[C@@]2(COCCN(C(=O)[C@@H]3CCc4ccccc4C3)C2)C1[EOS],45061.89626169205,42
10.9,O=C1CC(C(=O)NCC2OCC3CCN(C(=O)C4C5Sc6ccccc6C54)CC32)=Cc2ccccc2N1,[BOS]O=C(NC[C@@H]1OC[C@@H]2CCN(C(=O)[C@@H]3[C@@H]4Sc5ccccc5[C@H]43)C[C@@H]21)C1=Cc2ccccc2NC(=O)C1[EOS][EOS][EOS][EOS][EOS][EOS][EOS][EOS],50052.88095998764,42
11.6,O=C(NC1CCc2nc(NC(=O)C3CCCC4CCCCC43)sc2C1)c1cc([O-])[nH]c(=O)c1,[BOS]O=C(N[C@H]1CCc2nc(NC(=O)[C@@H]3CCC[C@H]4CCCC[C@@H]43)sc2C1)c1cc([O-])[nH]c(=O)c1[EOS],54536.54273581505,42
11.4,Cc1cccc(-c2cc(NC(=O)NC3COc4cc(F)cc(F)c43)n(-c3ncccn3)n2)c1,[BOS]Cc1cccc(-c2cc(NC(=O)N[C@@H]3COc4cc(F)cc(F)c43)n(-c3ncccn3)n2)c1[EOS],4497.4761662483215,42
11.8,O=C1CCc2ccc(C(=O)Nc3nc4c(s3)CC(NC(=O)Cc3cc5cccnc5cc3F)CC4)nc2N1,[BOS]O=C1CCc2ccc(C(=O)Nc3nc4c(s3)C[C@@H](NC(=O)Cc3cc5cccnc5cc3F)CC4)nc2N1[EOS][EOS][EOS][EOS][EOS][EOS][EOS][EOS],9176.747672319412,42
12.1,O=C(c1cc(F)cc(F)c1F)N1CC2(CCCN2C(=O)c2[nH]nc3c2CC32CCCc3ccccc32)C1,[BOS]O=C(c1cc(F)cc(F)c1F)N1CC2(CCCN2C(=O)c2[nH]nc3c2CC32CCCc3ccccc32)C1[EOS],13423.27866601944,42
11.0,CC1COc2ccccc2CN1C(=O)NC1CCCc2nc(-c3ccc(F)cc3)sc21,[BOS]C[C@H]1COc2ccccc2CN1C(=O)N[C@@H]1CCCc2nc(-c3ccc(F)cc3)sc21[EOS],17480.306836605072,42
11.7,O=C(C1C2CCCC1c1ccccc1N2)N1CCC(C2CCCCN2C(=O)C2Cc3ccccc3O2)CC1,[BOS]O=C([C@H]1Cc2ccccc2O1)N1CCCC[C@H]1C1CCN(C(=O)[C@H]2[C@@H]3CCC[C@H]2c2ccccc2N3)CC1[EOS],22261.016164302826,42
11.6,O=C(Nc1cc(C2CCCCN2C(=O)C2CCc3ccccc3O2)[nH]n1)c1ccc2c(Cl)ccnc2c1,[BOS]O=C(Nc1cc([C@H]2CCCCN2C(=O)[C@H]2CCc3ccccc3O2)[nH]n1)c1ccc2c(Cl)ccnc2c1[EOS],27258.01512861252,42
12.3,CC#CC(CC(=O)N1C2CCC1CC(NC(=O)C1=Cc3ccccc3NC(=O)C1)C2)c1ccc(O)cc1,[BOS]CC#C[C@H](CC(=O)N1[C@@H]2CC[C@H]1C[C@@H](NC(=O)C1=Cc3ccccc3NC(=O)C1)C2)c1ccc(O)cc1[EOS],33165.22221541405,42
10.9,Cc1nn(C2CCOCC2)c2nc(C3CC3)cc(C(=O)N3CC4CCc5ccccc5C4C3)c12,[BOS]Cc1nn(C2CCOCC2)c2nc(C3CC3)cc(C(=O)N3C[C@@H]4CCc5ccccc5[C@@H]4C3)c12[EOS],37439.89909029007,42
11.8,Cc1c(C(=O)N2CCC(C3C(=O)Nc4cc(Cl)ccc43)CC2)nnn1-c1ccc2ncccc2c1,[BOS]Cc1c(C(=O)N2CCC([C@H]3C(=O)Nc4cc(Cl)ccc43)CC2)nnn1-c1ccc2ncccc2c1[EOS],41841.18245911598,42
11.8,O=C(c1cc(=O)[nH]c2ccccc12)N1CCOC2(COCCN(C(=O)C3Cc4ccccc4O3)C2)C1,[BOS]O=C(c1cc(=O)[nH]c2ccccc12)N1CCO[C@@]2(COCCN(C(=O)[C@@H]3Cc4ccccc4O3)C2)C1[EOS],46380.453023672104,42
12.0,O=C(CNC(=O)C1CC1c1cccc2ccccc12)Nc1ccc2cc3ccccc3cc2c1,[BOS]O=C(CNC(=O)[C@H]1C[C@@H]1c1cccc2ccccc12)Nc1ccc2cc3ccccc3cc2c1[EOS],51621.781415224075,42
11.1,CC1CCc2c1n[nH]c2C(=O)N1CCCCC1C1CCN(C(=O)c2ccc(-n3cccn3)cc2Cl)CC1,[BOS]C[C@@H]1CCc2c1n[nH]c2C(=O)N1CCCC[C@H]1C1CCN(C(=O)c2ccc(-n3cccn3)cc2Cl)CC1[EOS],56387.12298488617,42
11.2,[H]N=c1nc(OCc2ccc(C[NH3+])cc2)c2[nH]cnc2n1-c1nc(-c2ccccc2F)nc2c1ccn2Cc1cccc(F)c1,[BOS][H]/N=c1/nc(OCc2ccc(C[NH3+])cc2)c2[nH]cnc2n1-c1nc(-c2ccccc2F)nc2c1ccn2Cc1cccc(F)c1[EOS],5399.0492153167725,42
11.5,O=C(NC1CC2CCC(C1)N2C(=O)C1CC(c2ccccc2)=NO1)c1nc2c(=O)[nH]c3ccccc3n2n1,[BOS]O=C(N[C@H]1C[C@H]2CC[C@@H](C1)N2C(=O)[C@@H]1CC(c2ccccc2)=NO1)c1nc2c(=O)[nH]c3ccccc3n2n1[EOS][EOS][EOS][EOS][EOS],10225.676085948944,42
10.6,CC(NC=O)C(=O)NC1CCc2nc(NC(=O)c3ccc4cc(Br)ccc4c3)sc2C1,[BOS]C[C@H](NC=O)C(=O)N[C@@H]1CCc2nc(NC(=O)c3ccc4cc(Br)ccc4c3)sc2C1[EOS],14613.200581789017,42
12.0,Cc1ccc(C2(c3noc4ccccc34)Oc3ccc(F)cc3C(=O)C2c2cc3ccccc3o2)c(C)c1,[BOS]Cc1ccc([C@@]2(c3noc4ccccc34)Oc3ccc(F)cc3C(=O)[C@H]2c2cc3ccccc3o2)c(C)c1[EOS],19430.38923931122,42
11.1,Cc1ccc(-c2ccc(C(=O)N3CCC(F)(F)C4(CCN(C(=O)c5cnccn5)C4)C3)c(Cl)n2)cc1C,[BOS]Cc1ccc(-c2ccc(C(=O)N3CCC(F)(F)[C@]4(CCN(C(=O)c5cnccn5)C4)C3)c(Cl)n2)cc1C[EOS][EOS][EOS],23611.79779458046,42
10.9,O=C(c1cccc2ccccc12)N1CCN(C(=O)c2cc(C3CC3)nc3ccccc23)CC1,[BOS]O=C(c1cc(C2CC2)nc2ccccc12)N1CCN(C(=O)c2cccc3ccccc23)CC1[EOS][EOS][EOS][EOS][EOS][EOS][EOS][EOS],27505.64790892601,42
10.6,Cc1c(NC(=O)Cc2coc3ccc4ccccc4c23)cccc1NC(=O)c1ccccc1,[BOS]Cc1c(NC(=O)Cc2coc3ccc4ccccc4c23)cccc1NC(=O)c1ccccc1[EOS],31989.704838752747,42
10.8,O=C1CC(c2ccc(NC(=O)Cn3c(Cc4ccccc4)nc4ccccc43)cc2)NC(=O)N1,[BOS]O=C1C[C@H](c2ccc(NC(=O)Cn3c(Cc4ccccc4)nc4ccccc43)cc2)NC(=O)N1[EOS][EOS][EOS][EOS][EOS][EOS],37140.10189318657,42
11.1,NC(N)=[NH+]CC(=O)NC1CCc2nc(NC(=O)C3CCc4ccc(Cl)cc4C3)sc2C1,[BOS]NC(N)=[NH+]CC(=O)N[C@@H]1CCc2nc(NC(=O)[C@H]3CCc4ccc(Cl)cc4C3)sc2C1[EOS],41976.01614832878,42
9.9,C[NH+]1CCC([NH+]2CCC3(CCCN(c4ncccn4)C3)C2)CC1c1ccccc1,[BOS]C[NH+]1CC[C@H]([NH+]2CC[C@@]3(CCCN(c4ncccn4)C3)C2)C[C@H]1c1ccccc1[EOS],45909.621287345886,42
11.7,Cc1ccc2c(C3=CCN(C(=O)c4cccc(N5C(=O)c6ccccc6C5=O)c4)CC3)c[nH]c2c1,[BOS]Cc1ccc2c(C3=CCN(C(=O)c4cccc(N5C(=O)c6ccccc6C5=O)c4)CC3)c[nH]c2c1[EOS],50690.27487063408,42
11.8,Cc1cccc2[nH]c(C(=O)Nc3nc4c(s3)CC(NC(=O)c3c[nH]c5c(Cl)cccc35)CC4)cc12,[BOS]Cc1cccc2[nH]c(C(=O)Nc3nc4c(s3)C[C@H](NC(=O)c3c[nH]c5c(Cl)cccc35)CC4)cc12[EOS],55229.970487594604,42
10.8,Cc1c(F)ccc(-c2noc(-c3nn(Cc4ccccc4)c(=O)c4ccccc34)n2)c1Cl,[BOS]Cc1c(F)ccc(-c2noc(-c3nn(Cc4ccccc4)c(=O)c4ccccc34)n2)c1Cl[EOS],4465.616701364517,42
11.7,O=C1c2ccccc2CCC1N1C(=O)C=CC2(C(=O)N3CCN(S(=O)(=O)c4cc(Br)ccc4O)CC3)C3C=CC(C3)C2C1=O,[BOS]O=C1c2ccccc2CC[C@H]1N1C(=O)[C@@H]2[C@@H]3C=C[C@@H](C3)[C@]2(C(=O)N2CCN(S(=O)(=O)c3cc(Br)ccc3O)CC2)C=CC1=O[EOS],9854.439722537994,42
13.6,O=C1Oc2c(cc3ccccc3c2-c2cccc3c2-c2ccc(-c4nc5ccc6ccccc6c5[nH]4)cc2C3)C[NH+]1[O-],[BOS]O=C1Oc2c(cc3ccccc3c2-c2cccc3c2-c2ccc(-c4nc5ccc6ccccc6c5[nH]4)cc2C3)C[NH+]1[O-][EOS],14471.685904741287,42
11.6,O=C(C1CCCN(C(=O)C23CC4CC(CC(C4)C2)C3)C1)N1Cc2ccccc2C(c2ccccc2)C1,[BOS]O=C([C@H]1CCCN(C(=O)C23CC4CC(CC(C4)C2)C3)C1)N1Cc2ccccc2[C@@H](c2ccccc2)C1[EOS],18609.124541044235,42
11.9,O=C(NC1CCc2nc(NC(=O)c3cccc4ccoc34)sc2C1)c1cc(=O)[nH]c(=O)[nH]1,[BOS]O=C(Nc1nc2c(s1)C[C@H](NC(=O)c1cc(=O)[nH]c(=O)[nH]1)CC2)c1cccc2ccoc12[EOS][EOS][EOS][EOS][EOS],23385.615241527557,42
10.7,Fc1ccc(Br)c(-c2noc(C3CCN(c4ncnc5ccccc45)CC3)n2)c1F,[BOS]Fc1ccc(Br)c(-c2noc(C3CCN(c4ncnc5ccccc45)CC3)n2)c1F[EOS],27448.70434641838,42
10.2,Cc1ccccc1NCC(=O)Nc1cc(C2CCCCN2C(=O)c2[nH]nc3c(C)cccc23)[nH]n1,[BOS]Cc1ccccc1NCC(=O)Nc1cc([C@@H]2CCCCN2C(=O)c2[nH]nc3c(C)cccc23)[nH]n1[EOS][EOS][EOS][EOS][EOS][EOS][EOS][EOS],32233.620541095734,42
11.8,Cc1ccc(C(=O)N2Cc3ccccc3-c3ccccc3C2)cc1-n1ccc(C)c1N=C(O)Nc1c(C)ccnc1C,[BOS]Cc1ccc(C(=O)N2Cc3ccccc3-c3ccccc3C2)cc1-n1ccc(C)c1N=C(O)Nc1c(C)ccnc1C[EOS],36414.90735197067,42
11.0,NC(=O)c1cc2cc(N3CC[NH+](C4CCc5c(F)ccc(F)c5C4)CC3)ccc2[nH]1,[BOS]NC(=O)c1cc2cc(N3CC[NH+]([C@H]4CCc5c(F)ccc(F)c5C4)CC3)ccc2[nH]1[EOS],40619.05007481575,42
10.7,Cn1ccc2c(=O)[nH]cc(C(=O)NC3CCc4nc(NC(=O)C5CCCC6CCCCC65)sc4C3)c21,[BOS]Cn1ccc2c(=O)[nH]cc(C(=O)N[C@@H]3CCc4nc(NC(=O)[C@@H]5CCC[C@@H]6CCCC[C@H]65)sc4C3)c21[EOS][EOS],45603.40637207031,42
10.7,O=C(Cc1ccc(-c2noc(C3CCc4nnc(-c5ccccc5)n4C3)n2)cc1)c1ccc(F)cc1,[BOS]O=C(Cc1ccc(-c2noc([C@H]3CCc4nnc(-c5ccccc5)n4C3)n2)cc1)c1ccc(F)cc1[EOS][EOS],50969.55612182617,42
10.7,O=C(c1ncn(-c2cccc(F)c2)n1)N1CCC2(CCCN(C(=O)c3cnn4c3OCCC4)C2)CC1,[BOS]O=C(c1ncn(-c2cccc(F)c2)n1)N1CCC2(CCCN(C(=O)c3cnn4c3OCCC4)C2)CC1[EOS][EOS][EOS][EOS][EOS][EOS][EOS][EOS],55315.53987812996,42
10.9,O=C(NC1CC[NH+](C2CCN(C(=O)C3CC(c4ccccc4)N=N3)CC2)CC1)c1c[nH+]c2ncccn12,[BOS]O=C(NC1CC[NH+](C2CCN(C(=O)[C@@H]3CC(c4ccccc4)N=N3)CC2)CC1)c1c[nH+]c2ncccn12[EOS],5267.301234960556,42
11.1,O=C(NCC1OCC2CCN(C(=O)C=Cc3cc4ccccc4o3)CC21)c1nc2c(=O)[nH]c3ccccc3n2n1,[BOS]O=C(NC[C@@H]1OC[C@@H]2CCN(C(=O)C=Cc3cc4ccccc4o3)C[C@@H]21)c1nc2c(=O)[nH]c3ccccc3n2n1[EOS][EOS][EOS][EOS][EOS],10862.518640756607,42
11.6,O=C(c1cccn(Cc2cccc3cc4c(Cl)cccc4nc23)c1=O)N1CCC(n2c3cc(Cl)cc(Cl)c3c3cccnc32)CC1,[BOS]O=C(c1cccn(Cc2cccc3cc4c(Cl)cccc4nc23)c1=O)N1CCC(n2c3cc(Cl)cc(Cl)c3c3cccnc32)CC1[EOS][EOS][EOS],15824.36630654335,42
11.0,Cc1ccc2nc(C3CCCN(C(=O)NCC4CCC(c5ccccc5)CC4)C3)[nH]c(=O)c2c1,[BOS]Cc1ccc2nc([C@H]3CCCN(C(=O)NCC4CCC(c5ccccc5)CC4)C3)[nH]c(=O)c2c1[EOS][EOS][EOS][EOS][EOS][EOS][EOS],20502.965540409088,42
10.6,O=C(c1ccc2nc(CO)[nH]c(=O)c2c1)N1CC[NH+](C2c3ccccc3-c3ccccc32)CC1,[BOS]O=C(c1ccc2nc(CO)[nH]c(=O)c2c1)N1CC[NH+](C2c3ccccc3-c3ccccc32)CC1[EOS][EOS][EOS][EOS][EOS][EOS],24900.445989370346,42
11.1,Cc1cccc2c(C(=O)N3CCCCC3C3CCN(C(=O)Cc4c[nH]c5ccccc45)CC3)[nH]nc12,[BOS]Cc1cccc2c(C(=O)N3CCCC[C@@H]3C3CCN(C(=O)Cc4c[nH]c5ccccc45)CC3)[nH]nc12[EOS],30275.982085704803,42
11.8,O=C(Nc1cccc(N2C(=O)c3ccccc3C2=O)c1)C1CC(=O)N(c2ccc3c(c2)Cc2ccccc2-3)C1,[BOS]O=C(Nc1cccc(N2C(=O)c3ccccc3C2=O)c1)[C@H]1CC(=O)N(c2ccc3c(c2)Cc2ccccc2-3)C1[EOS],34991.644804000854,42
11.2,O=C(Cc1c[nH]c2ccccc12)N1CCC2(CCCN(C(=O)C3(c4ccc(Cl)cc4)CCC3)C2)CC1,[BOS]O=C(Cc1c[nH]c2ccccc12)N1CCC2(CCCN(C(=O)C3(c4ccc(Cl)cc4)CCC3)C2)CC1[EOS],39631.73859024048,42
10.8,Cc1noc2nc(-c3ccc(F)cc3)cc(C(=O)NCc3ccc4[nH]c(=O)[nH]c4c3)c12,[BOS]Cc1noc2nc(-c3ccc(F)cc3)cc(C(=O)NCc3ccc4[nH]c(=O)[nH]c4c3)c12[EOS],44136.63726687431,42
11.7,O=C(Nc1cc(C2CCCCN2C(=O)c2cnnc3ccccc23)[nH]n1)C1CCc2ccccc2C1O,[BOS]O=C(Nc1cc([C@@H]2CCCCN2C(=O)c2cnnc3ccccc23)[nH]n1)[C@@H]1CCc2ccccc2[C@@H]1O[EOS],49184.13648033142,42
11.5,O=C(c1nn(-c2cccc(C(F)(F)F)c2)c2ccccc2c1=O)N1CC2CC(C1)c1cccc(=O)n1C2,[BOS]O=C(c1nn(-c2cccc(C(F)(F)F)c2)c2ccccc2c1=O)N1C[C@H]2C[C@@H](C1)c1cccc(=O)n1C2[EOS],53687.76792025566,42
11.3,Cc1cccc(-c2cccc(-c3nc(Cc4nc(N)nc(Nc5ccccc5)n4)no3)c2)c1,[BOS]Cc1cccc(-c2cccc(-c3nc(Cc4nc(N)nc(Nc5ccccc5)n4)no3)c2)c1[EOS],58357.79658436775,42
11.8,CN1C(=O)CC(C(=O)N2CCC(c3c(-c4ccccc4)[nH]c4ccc(F)c(F)c34)CC2)c2ccccc21,[BOS]CN1C(=O)C[C@H](C(=O)N2CCC(c3c(-c4ccccc4)[nH]c4ccc(F)c(F)c34)CC2)c2ccccc21[EOS][EOS][EOS][EOS][EOS],4608.154733181,42
10.7,Cn1ncc2cc(C(=O)NCC3CCN(C(=O)C4Cc5ccccc5C[NH2+]4)C3c3cccnc3)ccc21,[BOS]Cn1ncc2cc(C(=O)NC[C@H]3CCN(C(=O)[C@@H]4Cc5ccccc5C[NH2+]4)[C@H]3c3cccnc3)ccc21[EOS],9880.9960770607,42
10.5,O=C(Cc1cn2c(nc1=O)SCC2)N1CCC2(CCCN(C(=O)C3CCc4ccccc4C3)C2)CC1,[BOS]O=C(Cc1cn2c(nc1=O)SCC2)N1CCC2(CCCN(C(=O)[C@@H]3CCc4ccccc4C3)C2)CC1[EOS][EOS],14769.30795621872,42
10.8,O=C(c1cc(F)cc(Cl)c1)N1CCOC2(COCCN(C(=O)C3Cc4ccccc4C[NH2+]3)C2)C1,[BOS]O=C(c1cc(F)cc(Cl)c1)N1CCO[C@]2(COCCN(C(=O)[C@@H]3Cc4ccccc4C[NH2+]3)C2)C1[EOS][EOS][EOS][EOS][EOS],18938.76313018799,42
10.6,CC(NC(=O)c1cccc(F)c1)C(=O)N1CCC2OCCCC2(CNC(=O)C2CC(O)C2)C1,[BOS]C[C@@H](NC(=O)c1cccc(F)c1)C(=O)N1CC[C@H]2OCCC[C@@]2(CNC(=O)[C@H]2C[C@@H](O)C2)C1[EOS][EOS][EOS][EOS][EOS],23833.892191886902,42
11.2,Cc1cc(C(N)=O)cc(C)c1C(=O)NCC1OCC2CCN(C(=O)c3oc4ccccc4c3C)CC21,[BOS]Cc1cc(C(N)=O)cc(C)c1C(=O)NC[C@@H]1OC[C@@H]2CCN(C(=O)c3oc4ccccc4c3C)C[C@@H]21[EOS],28311.34537410736,42
11.9,CC1(c2ccc(C(=O)N3CCc4[nH]c5ccc(Cl)cc5c4C3c3cccc([N+](=O)[O-])c3)cc2)NC(N)=NC1=O,[BOS]CC1(c2ccc(C(=O)N3CCc4[nH]c5ccc(Cl)cc5c4C3c3cccc([N+](=O)[O-])c3)cc2)NC(N)=NC1=O[EOS][EOS],32316.609884738922,42
11.8,O=C(NCc1oc2ccc(F)cc2c1-c1ccc(F)c(F)c1)C1CSC2(c3ccc(F)cc3)CCC(=O)N12,[BOS]O=C(NCc1oc2ccc(F)cc2c1-c1ccc(F)c(F)c1)[C@H]1CS[C@]2(c3ccc(F)cc3)CCC(=O)N12[EOS],37745.18744134903,42
11.3,O=C(NC1C2COCC1CN(C(=O)c1cc3cc[nH]c3cc1F)C2)c1cc2cc(F)c(F)cc2nc1Cl,[BOS]O=C(N[C@H]1[C@@H]2COC[C@H]1CN(C(=O)c1cc3cc[nH]c3cc1F)C2)c1cc2cc(F)c(F)cc2nc1Cl[EOS][EOS],42074.76395511627,42
11.9,O=C(NCC12CCCOC1CCN(C(=O)C1=NOC(c3ccccc3)C1)C2)c1ccnc2ccccc12,[BOS]O=C(NC[C@@]12CCCO[C@@H]1CCN(C(=O)C1=NO[C@@H](c3ccccc3)C1)C2)c1ccnc2ccccc12[EOS],47444.01566362381,42
11.2,Cn1c(=O)[nH]c2ncc(-c3cccc(-c4nc(-c5ccnc6ccccc56)no4)c3)cc2c1=O,[BOS]Cn1c(=O)[nH]c2ncc(-c3cccc(-c4nc(-c5ccnc6ccccc56)no4)c3)cc2c1=O[EOS],51976.90112280846,42
11.4,CC1Oc2ccc(C(=O)Nc3nc4c(s3)CC(NC(=O)c3cc([O-])[nH]c(=O)c3)CC4)cc2NC1=O,[BOS]C[C@@H]1Oc2ccc(C(=O)Nc3nc4c(s3)C[C@H](NC(=O)c3cc([O-])[nH]c(=O)c3)CC4)cc2NC1=O[EOS],56393.24057126045,42
11.5,O=C(Nc1nc2c(s1)CC(NC(=O)C1CNc3ccccc31)CC2)c1cnc2c(F)c(F)ccc2c1,[BOS]O=C(Nc1nc2c(s1)C[C@H](NC(=O)[C@@H]1CNc3ccccc31)CC2)c1cnc2c(F)c(F)ccc2c1[EOS],4530.933641195297,42
11.6,O=C(Nc1ccc(CNc2ccc3nnc(-c4cccc(F)c4)n3n2)cc1)c1cccc2ccccc12,[BOS]O=C(Nc1ccc(CNc2ccc3nnc(-c4cccc(F)c4)n3n2)cc1)c1cccc2ccccc12[EOS],9498.732401132584,42
11.4,Cc1cccc(-c2c(C(=O)N3CCC4C(=O)NCc5cccnc5C4C3)[nH]c3ccc(Cl)cc23)c1F,[BOS]Cc1cccc(-c2c(C(=O)N3CC[C@@H]4C(=O)NCc5cccnc5[C@H]4C3)[nH]c3ccc(Cl)cc23)c1F[EOS],13749.231733560562,42
11.4,Cc1cc(F)c(F)c(C(=O)Nc2nc3c(s2)CC(NC(=O)c2cccc4oc(=O)[nH]c24)CC3)c1,[BOS]Cc1cc(F)c(F)c(C(=O)Nc2nc3c(s2)C[C@@H](NC(=O)c2cccc4c2NC(=O)o4)CC3)c1[EOS][EOS][EOS][EOS][EOS][EOS][EOS][EOS],18360.49909734726,42
11.0,CC(Sc1ccc(C2[NH2+]c3ccccc3NC3=C2C(=O)CC(c2ccccc2)C3)cc1)c1ccc(Cl)c(Cl)c1,[BOS]C[C@@H](Sc1ccc([C@@H]2[NH2+]c3ccccc3NC3=C2C(=O)C[C@@H](c2ccccc2)C3)cc1)c1ccc(Cl)c(Cl)c1[EOS][EOS][EOS][EOS][EOS][EOS],23488.24534702301,42
10.5,Cc1ccccc1CCC(=O)NC1C2COCC1CN(C(=O)c1[nH]nc3c1CCc1ccccc1-3)C2,[BOS]Cc1ccccc1CCC(=O)N[C@H]1[C@@H]2COC[C@H]1CN(C(=O)c1[nH]nc3c1CCc1ccccc1-3)C2[EOS][EOS][EOS][EOS][EOS][EOS],28097.324667453766,42
10.6,CC(C(=O)N1CCCCC1C1CCN(C(=O)c2c[nH]c(-c3ccc(F)cc3)c2)CC1)c1ccc(O)cc1,[BOS]C[C@@H](C(=O)N1CCCC[C@H]1C1CCN(C(=O)c2c[nH]c(-c3ccc(F)cc3)c2)CC1)c1ccc(O)cc1[EOS][EOS][EOS][EOS][EOS][EOS][EOS],32799.95232653618,42
12.7,O=C(CN1C(=O)C2(CCCC3c4c([nH]c5ccccc45)CC32)N=C1O)N1c2ccccc2CCOc2ccccc21,[BOS]O=C(CN1C(=O)C2(CCCC3c4c([nH]c5ccccc45)C[C@H]32)N=C1O)N1c2ccccc2CCOc2ccccc21[EOS],37788.57337594032,42
11.5,O=c1c2ccccc2nc(Cc2cc(Cl)ccc2Cl)n1N=Cc1cccc(OCc2ccccc2Cl)c1OCc1cccc2ccccc12,[BOS]O=c1c2ccccc2nc(Cc2cc(Cl)ccc2Cl)n1N=Cc1cccc(OCc2ccccc2Cl)c1OCc1cccc2ccccc12[EOS][EOS][EOS][EOS][EOS][EOS][EOS][EOS],43309.124990701675,42
12.1,O=C(Cc1ccc2ccccc2c1)N1CCC2(C1)CN(C(=O)C1(F)CCCC=C1n1c(=O)[nH][nH]c1=O)CCO2,[BOS]O=C(Cc1ccc2ccccc2c1)N1CC[C@@]2(C1)CN(C(=O)[C@@]1(F)CCCC=C1n1c(=O)[nH][nH]c1=O)CCO2[EOS],48036.397339344025,42
12.1,O=C1Nc2c(cccc2C(=O)N2CCCCC2C2CCN(C(=O)C3CCc4ccccc43)CC2)C1=O,[BOS]O=C1Nc2c(cccc2C(=O)N2CCCC[C@@H]2C2CCN(C(=O)[C@@H]3CCc4ccccc43)CC2)C1=O[EOS],53120.07204127312,42
10.4,Cc1ccc2ccc(C(=O)[NH+]=C(N)c3nn(Cc4ccccc4F)c4ncccc34)c(O)c2n1,[BOS]Cc1ccc2ccc(C(=O)[NH+]=C(N)c3nn(Cc4ccccc4F)c4ncccc34)c(O)c2n1[EOS][EOS][EOS][EOS][EOS][EOS][EOS],57771.90898561478,42
11.2,O=C(c1cnc2ccoc2c1)N1CCC2(CCCN(C(=O)c3ccc4ncccc4c3)C2)CC1,[BOS]O=C(c1cnc2ccoc2c1)N1CCC2(CCCN(C(=O)c3ccc4ncccc4c3)C2)CC1[EOS],4159.477645158768,42
10.8,C[NH+](Cc1ccccc1)C1CCN2C(=O)C(c3ccc(S(=O)(=O)c4ccccc4)cc3O)=COC2C1,[BOS]C[NH+](Cc1ccccc1)[C@H]1CCN2C(=O)C(c3ccc(S(=O)(=O)c4ccccc4)cc3O)=CO[C@H]2C1[EOS],8598.585623025894,42
11.2,CN1C(=O)CC(NC(=O)CCc2c(-c3ccccc3)[nH]c3c(C(F)(F)F)cccc23)C1c1ccc(F)cc1,[BOS]CN1C(=O)C[C@H](NC(=O)CCc2c(-c3ccccc3)[nH]c3c(C(F)(F)F)cccc23)[C@H]1c1ccc(F)cc1[EOS][EOS][EOS][EOS],13752.216704368591,42
11.7,O=C(c1ccnc2[nH]ccc12)N1CCC2(CCCN(C(=O)C3CCc4ccccc43)C2)CC1,[BOS]O=C(c1ccnc2[nH]ccc12)N1CCC2(CCCN(C(=O)[C@@H]3CCc4ccccc43)C2)CC1[EOS],18095.31699848175,42
11.4,CN1C(=O)CC(NC(=O)C2CCN(c3ccc4nnnn4n3)CC2)C1c1cc(F)c(F)c(F)c1,[BOS]CN1C(=O)C[C@@H](NC(=O)C2CCN(c3ccc4nnnn4n3)CC2)[C@@H]1c1cc(F)c(F)c(F)c1[EOS],22720.730612039566,42
11.2,O=C(Nc1nc2c(s1)CC(NC(=O)c1c[nH+]c3ccc(F)cn13)CC2)c1cccc2c1CCCC2,[BOS]O=C(Nc1nc2c(s1)C[C@@H](NC(=O)c1c[nH+]c3ccc(F)cn13)CC2)c1cccc2c1CCCC2[EOS][EOS][EOS][EOS],27110.59263277054,42
11.4,CN1C(=O)CC(NC(=O)N2CC3CC(C2)c2cc4nccnc4cc23)C1c1ccc(Cl)c(F)c1,[BOS]CN1C(=O)C[C@H](NC(=O)N2C[C@H]3C[C@@H](C2)c2cc4nccnc4cc23)[C@@H]1c1ccc(Cl)c(F)c1[EOS],31277.050119161606,42
11.0,O=C(Nc1cc(C2CCCCN2C(=O)Cc2c[nH]c3ccccc23)[nH]n1)c1cccc2ccncc12,[BOS]O=C(Nc1cc([C@@H]2CCCCN2C(=O)Cc2c[nH]c3ccccc23)[nH]n1)c1cccc2ccncc12[EOS][EOS][EOS][EOS][EOS][EOS][EOS],36258.61723232269,42
10.6,Cc1cc(C(=O)N2CCCC23CN(C(=O)COc2cccc4ccccc24)C3)nc2nccn12,[BOS]Cc1cc(C(=O)N2CCCC23CN(C(=O)COc2cccc4ccccc24)C3)nc2nccn12[EOS],40572.602820158005,42
11.1,NC(=O)NC(Cc1c[nH]c2ccccc12)C(=O)N1CC=C(c2c[nH]c3cc(F)ccc23)CC1,[BOS]NC(=O)N[C@@H](Cc1c[nH]c2ccccc12)C(=O)N1CC=C(c2c[nH]c3cc(F)ccc23)CC1[EOS],45467.256537914276,42
11.1,Cc1ccc2[nH]c(C(=O)N3CCC(OC4CCN(C(=O)c5cc(C)c6[nH]ncc6c5)CC4)CC3)cc2c1,[BOS]Cc1cc(C(=O)N2CCC(OC3CCN(C(=O)c4cc5cc(C)ccc5[nH]4)CC3)CC2)cc2cn[nH]c12[EOS][EOS][EOS][EOS][EOS][EOS][EOS][EOS],50867.46596503258,42
11.2,C=C1CC(C(=O)Nc2nc3c(s2)CC(NC(=O)c2n[nH]c4ccc(-c5ccccc5)cc24)CC3)C1,[BOS]C=C1CC(C(=O)Nc2nc3c(s2)C[C@H](NC(=O)c2n[nH]c4ccc(-c5ccccc5)cc24)CC3)C1[EOS],55640.40504169464,42
11.9,O=C(c1ccc2ncncc2c1)N1C2CCC1CC(NC(=O)C13CCc4ccccc4C1CC3)C2,[BOS]O=C(c1ccc2ncncc2c1)N1[C@@H]2CC[C@H]1C[C@@H](NC(=O)C13CCc4ccccc4C1CC3)C2[EOS][EOS][EOS][EOS][EOS][EOS],4522.553401231766,42
11.4,C[NH+]1Cc2ccccc2CC1C(=O)N1CCC2(CCCN(C(=O)c3ccnc4ccccc34)C2)CC1,[BOS]C[NH+]1Cc2ccccc2C[C@@H]1C(=O)N1CCC2(CCCN(C(=O)c3ccnc4ccccc34)C2)CC1[EOS][EOS][EOS][EOS][EOS],9639.524189949036,42
11.8,O=C(NCC1CCc2ccccc2NC1)NC(c1ccccc1)c1cccc(F)c1-c1cc2c([nH]c1=O)CCOC1OCCC23ONC=C13,[BOS]O=C(NC[C@H]1CCc2ccccc2NC1)N[C@H](c1ccccc1)c1cccc(F)c1-c1cc2c([nH]c1=O)CCOC3OCCC21o[nH]cc13[EOS],14556.898063898087,42
10.0,N#Cc1ccc(CC(=O)N2CCCCC2C2CCN(C(=O)c3cccc4c3OCC4)CC2)cc1,[BOS]N#Cc1ccc(CC(=O)N2CCCC[C@H]2C2CCN(C(=O)c3cccc4c3OCC4)CC2)cc1[EOS][EOS][EOS][EOS][EOS][EOS][EOS][EOS],19099.35650587082,42
11.3,O=C(Nc1cc(C2CCCCN2C(=O)C2COc3ccccc3O2)[nH]n1)C1C2CCCC1c1ccccc1N2,[BOS]O=C(Nc1cc([C@H]2CCCCN2C(=O)[C@@H]2COc3ccccc3O2)[nH]n1)[C@@H]1[C@@H]2CCC[C@H]1c1ccccc1N2[EOS],24177.90073132515,42
11.3,Oc1cc(N2CCC(c3ccccc3)C23CC[NH+](Cc2ccc(Br)c(-c4cccc(-c5nnn[nH]5)c4)c2)C3)cnn1,[BOS]Brc1ccc(C[NH+]2CC[C@@]3(C2)[C@@H](c2ccccc2)CCN3c2cnnc(O)c2)cc1-c1cccc(-c2nnn[nH]2)c1[EOS],28583.25940656662,42
10.6,Cc1noc(N)c1C(=O)N1CCCCC1C1CCN(C(=O)C2CCc3ccccc3C2O)CC1,[BOS]Cc1noc(N)c1C(=O)N1CCCC[C@@H]1C1CCN(C(=O)[C@@H]2CCc3ccccc3[C@H]2O)CC1[EOS],33348.71627664566,42
11.0,O=C(Cc1cc(F)cc(F)c1)N1CCOCC2(C1)CN(C(=O)C1CCCC3CCCCC31)CCO2,[BOS]O=C(Cc1cc(F)cc(F)c1)N1CCOC[C@]2(C1)CN(C(=O)[C@@H]1CCC[C@H]3CCCC[C@@H]31)CCO2[EOS],37950.65915584564,42
10.1,O=C(NCC1CC(c2ccc3c(c2)CCO3)=NO1)N1CCCN(C(=O)c2ccc(F)cc2)CC1,[BOS]O=C(NC[C@@H]1CC(c2ccc3c(c2)CCO3)=NO1)N1CCCN(C(=O)c2ccc(F)cc2)CC1[EOS][EOS][EOS][EOS],42444.19307613373,42
11.2,O=C(Nc1cccc(CN2C(=O)NC3(CCCc4ccccc43)C2=O)n1)c1ccccc1Cl,[BOS]O=C(Nc1cccc(CN2C(=O)N[C@@]3(CCCc4ccccc43)C2=O)n1)c1ccccc1Cl[EOS],47131.13252258301,42
10.1,CC(=O)c1ccc(-c2ccc(-c3[nH]nc4nc(-c5cn[nH]c5C)ccc34)cn2)cc1N=C(O)c1ccoc1C,[BOS]CC(=O)c1ccc(-c2ccc(-c3[nH]nc4nc(-c5cn[nH]c5C)ccc34)cn2)cc1N=C(O)c1ccoc1C[EOS][EOS][EOS][EOS][EOS],51221.35960650444,42
10.2,COc1cc(C(=O)N2CCC3(CN(C(=O)Cc4ccc5c(c4)CCC4(COCO4)O5)CCO3)C2)ccc1F,[BOS]COc1cc(C(=O)N2CC[C@]3(CN(C(=O)Cc4ccc5c(c4)CCC4(OCOC4)O5)CCO3)C2)ccc1F[EOS][EOS][EOS][EOS][EOS],55591.16146612167,42
11.4,Cc1oncc1C(=O)N1C2CCC1CC(NC(=O)C1CCc3c(oc4ccc(Cl)cc34)C13CC(=O)N(C)C3)C2,[BOS]Cc1oncc1C(=O)N1[C@@H]2CC[C@H]1C[C@@H](NC(=O)[C@H]1CCc3c(oc4ccc(Cl)cc34)[C@]13CC(=O)N(C)C3)C2[EOS],4589.759296417236,42
11.3,Cc1cc(F)c(F)c(C(=O)NC2CCc3nc(NC(=O)C4CCc5ccccc5C4)sc3C2)c1,[BOS]Cc1cc(F)c(F)c(C(=O)N[C@H]2CCc3nc(NC(=O)[C@@H]4CCc5ccccc5C4)sc3C2)c1[EOS],9196.135596752167,42
10.5,Cc1cc(NC(=O)N2Cc3ccccc3OCC2C)n(C2CC[NH+](Cc3ccccc3)C2)n1,[BOS]Cc1cc(NC(=O)N2Cc3ccccc3OC[C@@H]2C)n([C@@H]2CC[NH+](Cc3ccccc3)C2)n1[EOS],13282.310928344727,42
11.6,Cc1c(C(=O)N2CCCCC2C2CCN(C(=O)Cc3cccc4ccccc34)CC2)[nH]c2c(Cl)cccc12,[BOS]Cc1c(C(=O)N2CCCC[C@H]2C2CCN(C(=O)Cc3cccc4ccccc34)CC2)[nH]c2c(Cl)cccc12[EOS],18562.97916316986,42
11.3,COc1ccc2[nH]cc(C(=O)N3CCCCC3C3CCN(C(=O)C4CCc5ccccc5C4)CC3)c2c1,[BOS]COc1ccc2[nH]cc(C(=O)N3CCCC[C@@H]3C3CCN(C(=O)[C@@H]4CCc5ccccc5C4)CC3)c2c1[EOS],23592.59258747101,42
12.4,O=C(Cn1c(O)c2c(c1O)C1c3ccccc3CC2c2ccccc21)NN=Cc1cccc2ccccc12,[BOS]O=C(Cn1c(O)c2c(c1O)[C@H]1c3ccccc3C[C@H]2c2ccccc21)NN=Cc1cccc2ccccc12[EOS],28957.325271844864,42
10.5,Cc1cc([O-])c([N+](=O)[O-])cc1C(=O)N1CCCCC1C1CCN(C(=O)C2Cc3ccccc3C[NH2+]2)CC1,[BOS]Cc1cc([O-])c([N+](=O)[O-])cc1C(=O)N1CCCC[C@H]1C1CCN(C(=O)[C@H]2Cc3ccccc3C[NH2+]2)CC1[EOS],33752.2115983963,42
11.4,O=C(c1cncc(-c2ccc3c(c2)CCO3)n1)N1CCC2(CC1)OCCc1cc3c(cc12)OCCO3,[BOS]O=C(c1cncc(-c2ccc3c(c2)CCO3)n1)N1CCC2(CC1)OCCc1cc3c(cc12)OCCO3[EOS],37947.63581991196,42
10.3,CC1CCN(C(=O)OCc2ccccc2)C(C(=O)N2CCC3(CN(C(=O)c4ccncn4)CCO3)C2)C1,[BOS]C[C@@H]1CCN(C(=O)OCc2ccccc2)[C@@H](C(=O)N2CC[C@@]3(CN(C(=O)c4ccncn4)CCO3)C2)C1[EOS][EOS][EOS][EOS][EOS][EOS][EOS],43238.56953907013,42
12.8,O=C(c1n[nH]c2ccccc12)N1CCC(c2nnc3n2-c2ccccc2N(c2ccc(Cl)c(Cl)c2)C3)CC1,[BOS]O=C(c1n[nH]c2ccccc12)N1CCC(c2nnc3n2-c2ccccc2N(c2ccc(Cl)c(Cl)c2)C3)CC1[EOS],47894.81465959549,42
11.2,CC(=O)Nc1cc(C(=O)Nc2cc(C3CCCCN3C(=O)C3CCC4SC(=O)NC4C3)[nH]n2)ccn1,[BOS]CC(=O)Nc1cc(C(=O)Nc2cc([C@@H]3CCCCN3C(=O)[C@H]3CC[C@@H]4SC(=O)N[C@H]4C3)[nH]n2)ccn1[EOS],52800.97786450386,42
11.7,NC(=O)C1CCCCC1NC(=O)c1ccc(Cl)nc1C1CCc2nc(-c3ccnc(N)c3)nc(N3CCCCC34CC4)c2C1,[BOS]NC(=O)[C@H]1CCCC[C@@H]1NC(=O)c1ccc(Cl)nc1C1CCc2nc(-c3ccnc(N)c3)nc(N3CCCCC34CC4)c2C1[EOS],57491.308094739914,42
11.2,O=C(c1cnn2ncccc12)N1CCOCC2(C1)CN(C(=O)C1CCCC[NH+]1Cc1ccccc1)CCO2,[BOS]O=C(c1cnn2ncccc12)N1CCOC[C@]2(C1)CN(C(=O)[C@@H]1CCCC[NH+]1Cc1ccccc1)CCO2[EOS],4423.110956668854,42
11.8,Cc1cc(C(=O)N2CCCCC2C2CCN(C(=O)C3CC3c3ccc(F)c(F)c3)CC2)cc2cn[nH]c12,[BOS]Cc1cc(C(=O)N2CCCC[C@@H]2C2CCN(C(=O)[C@H]3C[C@H]3c3ccc(F)c(F)c3)CC2)cc2cn[nH]c12[EOS][EOS][EOS][EOS][EOS][EOS][EOS][EOS],9179.335462331772,42
11.8,O=C(c1cc(-c2ccccc2)nn1-c1ccc2ccccc2n1)N1CCC2(C1)C(=O)Nc1ccccc12,[BOS]O=C(c1cc(-c2ccccc2)nn1-c1ccc2ccccc2n1)N1CC[C@@]2(C1)C(=O)Nc1ccccc12[EOS],13685.571450948715,42
11.6,O=C(Cc1ccc2ncccc2c1)N1CCOC2(COCCN(C(=O)C3CC3c3ccccc3)C2)C1,[BOS]O=C(Cc1ccc2ncccc2c1)N1CCO[C@]2(COCCN(C(=O)[C@@H]3C[C@@H]3c3ccccc3)C2)C1[EOS],18687.16520667076,42
10.7,O=C(Nc1ccc(C2(NC(=O)c3cc4cc[nH]c4cc3F)CCC2)cc1)c1ccc2ncccc2c1,[BOS]O=C(Nc1ccc(C2(NC(=O)c3cc4cc[nH]c4cc3F)CCC2)cc1)c1ccc2ncccc2c1[EOS][EOS][EOS][EOS][EOS],23571.309481859207,42
12.0,O=C1Nc2ccccc2Cn2nc(C(=O)N3CCC4(C3)CN(C(=O)c3cccc5c3OCC5)CCO4)cc21,[BOS]O=C1Nc2ccccc2Cn2nc(C(=O)N3CC[C@@]4(CN(C(=O)c5cccc6c5OCC6)CCO4)C3)cc21[EOS][EOS][EOS][EOS][EOS][EOS],27858.26140165329,42
10.2,CC1CCCC1C(=O)N1C2CCC1CC(NC(=O)c1cc3n(n1)Cc1ccccc1NC3=O)C2,[BOS]C[C@H]1CCC[C@@H]1C(=O)N1[C@@H]2CC[C@H]1C[C@@H](NC(=O)c1cc3n(n1)Cc1ccccc1NC3=O)C2[EOS][EOS][EOS][EOS][EOS][EOS],32178.601460456848,42
11.0,O=C(CC(O)c1c(-c2ccccc2)ccc2ccccc12)NCc1nnc2c(=O)[nH]ccn12,[BOS]O=C(C[C@H](O)c1c(-c2ccccc2)ccc2ccccc12)NCc1nnc2c(=O)[nH]ccn12[EOS],37501.3863825798,42
11.4,NC1CCC(n2c3c(c4cc(F)cc(F)c42)CCN(Cc2cccc(F)c2)C3)c2ccc3nnnn3c21,[BOS]NC1CCC(n2c3c(c4cc(F)cc(F)c42)CCN(Cc2cccc(F)c2)C3)c2ccc3nnnn3c21[EOS][EOS][EOS][EOS][EOS][EOS][EOS][EOS],41423.870381355286,42
11.9,O=C1c2ccccc2COc2ccc(CC(=O)N3COc4c(c(O)cc5c6c(cc(Br)c45)CCC6)C3=O)cc21,[BOS]O=C(Cc1ccc2c(c1)C(=O)c1ccccc1CO2)N1COc2c(c(O)cc3c4c(cc(Br)c23)CCC4)C1=O[EOS],46181.56410765648,42
10.8,O=C(NC1(c2ccc(NC(=O)C3C4CCCC3c3ccccc3N4)cc2)CCC1)c1ccn2ccnc2c1,[BOS]O=C(NC1(c2ccc(NC(=O)[C@@H]3[C@@H]4CCC[C@H]3c3ccccc3N4)cc2)CCC1)c1ccn2ccnc2c1[EOS],51569.30745148659,42
10.2,COc1ccccc1CC(=O)Nc1cc(C2CCCCN2C(=O)Cn2c(=O)n(C)c3ccccc32)[nH]n1,[BOS]COc1ccccc1CC(=O)Nc1cc([C@@H]2CCCCN2C(=O)Cn2c(=O)n(C)c3ccccc32)[nH]n1[EOS][EOS][EOS],56085.32843017578,42
11.2,O=C(c1cc(-c2cc(F)cc(F)c2)c2c(F)c3cc[nH]c3cc2n1)N1CCCC(F)(F)CC1,[BOS]O=C(c1cc(-c2cc(F)cc(F)c2)c2c(F)c3cc[nH]c3cc2n1)N1CCCC(F)(F)CC1[EOS][EOS][EOS][EOS],4510.644961595535,42
11.4,Cc1cc(C(=O)N2CCOCC3(C2)CN(C(=O)C2CC2c2ccc(Cl)cc2)CCO3)cc2cn[nH]c12,[BOS]Cc1cc(C(=O)N2CCOC[C@]3(C2)CN(C(=O)[C@@H]2C[C@H]2c2ccc(Cl)cc2)CCO3)cc2cn[nH]c12[EOS],8928.413466215134,42
10.6,Cc1ccc(-n2c(SC3CCN(c4ccccc4C(F)(F)F)C3=O)nc3ccccc3c2=O)c(C)c1,[BOS]Cc1ccc(-n2c(S[C@@H]3CCN(c4ccccc4C(F)(F)F)C3=O)nc3ccccc3c2=O)c(C)c1[EOS][EOS],13871.162097930908,42
10.9,COc1ccc2nc(C(=O)N3CCCC4(CCN(C(=O)c5c(C)nc6ncccn56)CC4)C3)ccc2c1,[BOS]COc1ccc2nc(C(=O)N3CCCC4(CCN(C(=O)c5c(C)nc6ncccn56)CC4)C3)ccc2c1[EOS],18454.69291162491,42
10.1,O=C(CSc1ccc(F)cc1F)N1CCCC2(CCN(C(=O)c3[nH]c(=O)n4c3CCCC4)CC2)C1,[BOS]O=C(CSc1ccc(F)cc1F)N1CCCC2(CCN(C(=O)c3[nH]c(=O)n4c3CCCC4)CC2)C1[EOS][EOS][EOS],23109.56205892563,42
11.3,CC1(CC2CCCN2C(=O)NCC(c2ccccc2)c2c(-c3ccccc3)[nH]c3ccccc23)NC(=O)NC1=O,[BOS]C[C@]1(C[C@@H]2CCCN2C(=O)NC[C@H](c2ccccc2)c2c(-c3ccccc3)[nH]c3ccccc23)NC(=O)NC1=O[EOS][EOS][EOS][EOS][EOS],28404.54507136345,42
10.6,CC(C)(C)c1cc(C(=O)N2CCCC3(CCN(C(=O)C4=C5c6ccccc6C(=O)N5CC4)CC3)C2)ccn1,[BOS]CC(C)(C)c1cc(C(=O)N2CCCC3(CCN(C(=O)C4=C5c6ccccc6C(=O)N5CC4)CC3)C2)ccn1[EOS],33280.47533392906,42
10.5,O=C(NC1CC2CCC(C1)N2C(=O)c1cc(=O)c2ccccc2o1)c1cc2oc(-c3ccccc3)cc2[nH]1,[BOS]O=C(N[C@H]1C[C@H]2CC[C@@H](C1)N2C(=O)c1cc(=O)c2ccccc2o1)c1cc2oc(-c3ccccc3)cc2[nH]1[EOS][EOS][EOS][EOS][EOS],37886.211205244064,42
11.6,O=C(C1Cc2n[nH]c(C(F)(F)F)c2C1)N1CCCCC1c1cc(NC(=O)C2(F)CCCC=C2F)n[nH]1,[BOS]O=C([C@@H]1Cc2n[nH]c(C(F)(F)F)c2C1)N1CCCC[C@H]1c1cc(NC(=O)[C@@]2(F)CCCC=C2F)n[nH]1[EOS][EOS][EOS][EOS][EOS][EOS][EOS][EOS],42660.67874097824,42
10.0,CC(NNc1ccccn1)C(=O)Nc1cc(C2CCCCN2C(=O)Cc2ccc3c(c2)CCCO3)[nH]n1,[BOS]C[C@@H](NNc1ccccn1)C(=O)Nc1cc([C@H]2CCCCN2C(=O)Cc2ccc3c(c2)CCCO3)[nH]n1[EOS][EOS][EOS][EOS],47970.85731077194,42
10.9,O=C(CC1COc2ccccc2O1)N1CCOCC2(C1)CN(C(=O)c1n[nH]c3c1CCCC3)CCO2,[BOS]O=C(C[C@@H]1COc2ccccc2O1)N1CCOC[C@]2(C1)CN(C(=O)c1n[nH]c3c1CCCC3)CCO2[EOS][EOS][EOS][EOS][EOS],52673.26295256615,42
10.2,C1=CC(=C(c2ccc(-c3ccccc3Cc3ccccc3)cc2)c2ccc3ccccc3c2)N=C1,[BOS]C1=NC(=C(c2ccc(-c3ccccc3Cc3ccccc3)cc2)c2ccc3ccccc3c2)C=C1[EOS][EOS][EOS][EOS][EOS][EOS],56637.05154275894,42
12.2,O=C1c2cc(Cl)ccc2-c2cc(F)ccc2S(=O)(=O)N1C1CCCc2cccc(-c3ccccc3)c21,[BOS]O=C1c2cc(Cl)ccc2-c2cc(F)ccc2S(=O)(=O)N1[C@H]1CCCc2cccc(-c3ccccc3)c21[EOS],4108.3421058654785,42
10.9,O=C(NC1CC2CCC(C1)N2C(=O)c1cc(=O)[nH]c2ccccc12)C1CCc2ccccc2C1O,[BOS]O=C(N[C@H]1C[C@H]2CC[C@@H](C1)N2C(=O)c1cc(=O)[nH]c2ccccc12)[C@H]1CCc2ccccc2[C@H]1O[EOS][EOS][EOS][EOS][EOS],8889.896384716034,42
12.7,Cc1cc(F)ccc1C1(C)NC(=N)NC(=O)C12Cc1ccccc1N1CCN(c3ccc4ccccc4c3)CC12,[BOS]Cc1cc(F)ccc1[C@@]1(C)NC(=N)NC(=O)[C@]12Cc1ccccc1N1CCN(c3ccc4ccccc4c3)C[C@H]12[EOS],13195.716759681702,42
11.1,CC1Oc2ccc(C(=O)Nc3cc(C4CCCCN4C(=O)Cc4noc5ccccc45)[nH]n3)cc2NC1=O,[BOS]C[C@@H]1Oc2ccc(C(=O)Nc3cc([C@H]4CCCCN4C(=O)Cc4noc5ccccc45)[nH]n3)cc2NC1=O[EOS],18255.427065372467,42
10.8,NC(=[NH+]C(=O)C1CC(O)CCN1C(=O)OCC1c2ccccc2-c2ccccc21)n1nc(C(F)(F)F)c2c1CCCC2,[BOS]NC(=[NH+]C(=O)[C@@H]1C[C@H](O)CCN1C(=O)OCC1c2ccccc2-c2ccccc21)n1nc(C(F)(F)F)c2c1CCCC2[EOS][EOS][EOS][EOS][EOS][EOS][EOS],23565.899317264557,42
11.4,Cc1ccc2[nH]cc(CC(=O)NC3CCc4nc(NC(=O)c5cc(C)c6ccncc6c5)sc4C3)c2c1,[BOS]Cc1cc(C(=O)Nc2nc3c(s2)C[C@@H](NC(=O)Cc2c[nH]c4ccc(C)cc24)CC3)cc2cnccc12[EOS][EOS][EOS][EOS][EOS][EOS][EOS][EOS],28100.46594929695,42
12.7,O=C(Cn1cnc2ccccc21)N1CCc2ccccc2C(Cc2ccccc2)C(=O)N(c2cccc3ccccc23)C1=O,[BOS]O=C(Cn1cnc2ccccc21)N1CCc2ccccc2[C@@H](Cc2ccccc2)C(=O)N(c2cccc3ccccc23)C1=O[EOS],33035.335604429245,42
10.8,O=C(N1CCOCC1)C12CCCN(c3nc(Cl)cc4ccc([N+](=O)[O-])cc34)CC1CN(c1ncccn1)C2,[BOS]O=C(N1CCOCC1)[C@@]12CCCN(c3nc(Cl)cc4ccc([N+](=O)[O-])cc34)C[C@@H]1CN(c1ncccn1)C2[EOS][EOS][EOS][EOS][EOS][EOS][EOS],37840.3065161705,42
11.1,O=C(Nc1cc(C2CCCCN2C(=O)CCc2cnc3ccccc3c2)[nH]n1)c1[nH]cc2c1CCc1ccccc1-2,[BOS]O=C(Nc1cc([C@@H]2CCCCN2C(=O)CCc2cnc3ccccc3c2)[nH]n1)c1[nH]cc2c1CCc1ccccc1-2[EOS],43292.94514513016,42
10.9,CC(C)C(C(=O)N1C2CCC1CC(NC(=O)C1CCc3ccccc31)C2)N1Cc2ccccc2C1=O,[BOS]CC(C)[C@@H](C(=O)N1[C@@H]2CC[C@H]1C[C@@H](NC(=O)[C@H]1CCc3ccccc31)C2)N1Cc2ccccc2C1=O[EOS][EOS],48574.565875291824,42
10.7,O=C(Cc1ccc(F)cc1F)N1CCC(C2CCCCN2C(=O)C2(F)CCCCC2(F)F)CC1,[BOS]O=C(Cc1ccc(F)cc1F)N1CCC([C@@H]2CCCCN2C(=O)[C@]2(F)CCCCC2(F)F)CC1[EOS][EOS][EOS][EOS][EOS][EOS][EOS],53322.96495389938,42
11.7,O=C(c1ccc(-c2ccccc2)cc1)N1CCC2(CCCCN(C(=O)C3CC(c4ccccc4)=NO3)C2)C1,[BOS]O=C(c1ccc(-c2ccccc2)cc1)N1CC[C@]2(CCCCN(C(=O)[C@@H]3CC(c4ccccc4)=NO3)C2)C1[EOS],57392.12756848335,42
11.6,O=C(NCC1C(=O)Nc2ccccc21)c1c2c(nc3ccccc13)C(=C1CCCCC1)CCC2,[BOS]O=C(NC[C@H]1C(=O)Nc2ccccc21)c1c2c(nc3ccccc13)C(=C1CCCCC1)CCC2[EOS],4850.863032579422,42
11.5,c1ccc2c(C[NH+]3CCCC(c4cc(C5Cc6cccc7cccc(c67)N5)n[nH]4)C3)cccc2c1,[BOS]c1ccc(C[NH+]2CCC[C@@H](c3cc([C@H]4Cc5cccc6cccc(c56)N4)n[nH]3)C2)c2ccccc12[EOS],9292.794741630554,42
10.9,Cc1ccc(C(=O)N2CCC3(CCCN(C(=O)C4CC(c5ccccc5)N=N4)C3)CC2)c(-n2nccn2)c1,[BOS]Cc1ccc(C(=O)N2CCC3(CCCN(C(=O)[C@@H]4CC(c5ccccc5)N=N4)C3)CC2)c(-n2nccn2)c1[EOS][EOS][EOS],13572.82749247551,42
11.4,O=C(C1COc2ccccc2O1)N1CCCC2(CCN(C(=O)C3(c4cccc([N+](=O)[O-])c4)CCC3)CC2)C1,[BOS]O=C([C@H]1COc2ccccc2O1)N1CCCC2(CCN(C(=O)C3(c4cccc([N+](=O)[O-])c4)CCC3)CC2)C1[EOS],18246.39655995369,42
11.5,O=C1COC2(COCC[NH+](Cc3ccc4ccc5ccccc5c4n3)C2)CN1c1cccc(F)c1,[BOS]O=C1CO[C@@]2(COCC[NH+](Cc3ccc4ccc5ccccc5c4n3)C2)CN1c1cccc(F)c1[EOS],22819.9023373127,42
11.6,O=C1N(CC(O)=NC2CCCc3ccc(OCc4ccccc4)cc32)C(O)=NC12CCc1ncccc1C2,[BOS]O=C1N(CC(O)=N[C@@H]2CCCc3ccc(OCc4ccccc4)cc32)C(O)=N[C@@]12CCc1ncccc1C2[EOS],28165.268147706985,42
10.3,O=C1CCCc2ccc(S(=O)(=O)N3CCC(c4c[nH]c5cc(F)ccc45)CC3)cc21,[BOS]O=C1CCCc2ccc(S(=O)(=O)N3CCC(c4c[nH]c5cc(F)ccc45)CC3)cc21[EOS],32324.01228570938,42
13.0,O=c1c2ccc(Cl)cc2c2ccccc2n1C1CCCc2c1ccc1c2CC2(CCC(=C3CC3)CC2)CC1=C1CCC1,[BOS]O=c1c2ccc(Cl)cc2c2ccccc2n1[C@H]1CCCc2c1ccc1c2CC2(CCC(=C3CC3)CC2)CC1=C1CCC1[EOS],37584.292667388916,42
11.1,O=C1CCCc2cc(NC(=O)C(=O)N3Cc4ccccc4-c4ccccc4C3)c(F)cc2N1,[BOS]O=C1CCCc2cc(NC(=O)C(=O)N3Cc4ccccc4-c4ccccc4C3)c(F)cc2N1[EOS],41965.13298559189,42
11.2,O=C(NC1C2COCC1CN(C(=O)Cc1cc3cccnc3cc1F)C2)C1C2CCCC1c1ccccc1N2,[BOS]O=C(N[C@H]1[C@@H]2COC[C@H]1CN(C(=O)Cc1cc3cccnc3cc1F)C2)[C@H]1[C@@H]2CCC[C@H]1c1ccccc1N2[EOS],46739.66336393356,42
10.5,O=C(NC1CC[NH+](C2CCN(C(=O)c3ccnc4c(O)cccc34)CC2)CC1)c1cn2ncccc2[nH+]1,[BOS]O=C(NC1CC[NH+](C2CCN(C(=O)c3ccnc4c(O)cccc34)CC2)CC1)c1cn2ncccc2[nH+]1[EOS][EOS],51858.87206077576,42
11.0,Cc1cccc(CCC(=O)Nc2cc(C3CCCCN3C(=O)c3cc(=O)[nH]c4ccccc34)[nH]n2)c1F,[BOS]Cc1cccc(CCC(=O)Nc2cc([C@H]3CCCCN3C(=O)c3cc(=O)[nH]c4ccccc34)[nH]n2)c1F[EOS],57071.721202373505,42
12.9,O=C(Oc1cc2ccccc2cc1C(=O)N1Cc2ccccc2CC2(CCc3ccc(Cl)c(Cl)c32)C1=O)C1Cc2ccccc2O1,[BOS]O=C(c1cc2ccccc2cc1OC(=O)[C@@H]1Cc2ccccc2O1)N1Cc2ccccc2C[C@@]2(CCc3ccc(Cl)c(Cl)c32)C1=O[EOS],5288.2642188072205,42
11.1,Cc1cc(C)n2ccc(C(=O)N3CCOCC4(C3)CN(C(=O)C3Cc5ccccc5O3)CCO4)c2n1,[BOS]Cc1cc(C)n2ccc(C(=O)N3CCOC[C@@]4(C3)CN(C(=O)[C@@H]3Cc5ccccc5O3)CCO4)c2n1[EOS],9806.533869504929,42
11.1,O=C(NC1CCCN(Cc2ccc(F)cc2F)C1=O)c1cc(-c2ccccc2)nc2cc(F)ccc12,[BOS]O=C(N[C@H]1CCCN(Cc2ccc(F)cc2F)C1=O)c1cc(-c2ccccc2)nc2cc(F)ccc12[EOS],14557.816602945328,42
11.3,Cn1cc2cc(C(=O)Nc3cc(C4CCCCN4C(=O)c4ccnc5c(O)cccc45)[nH]n3)ccc2n1,[BOS]Cn1cc2cc(C(=O)Nc3cc([C@@H]4CCCCN4C(=O)c4ccnc5c(O)cccc45)[nH]n3)ccc2n1[EOS],19409.564674139023,42
11.4,Cc1ccc(-n2nc(C(=O)N3CCC(c4nc5ccccc5n4C)CC3)c3c2CCCC3)c(C)c1,[BOS]Cc1ccc(-n2nc(C(=O)N3CCC(c4nc5ccccc5n4C)CC3)c3c2CCCC3)c(C)c1[EOS],23929.684173822403,42
12.8,CC#CCC(C(=O)N1C2CCC1CC(NC(=O)C(C)(OC)c1cccc3ccccc13)C2)c1ccccc1,[BOS]CC#CC[C@@H](C(=O)N1[C@@H]2CC[C@H]1C[C@@H](NC(=O)[C@](C)(OC)c1cccc3ccccc13)C2)c1ccccc1[EOS],29538.80910038948,42
11.3,O=C(c1nc(-c2ccccc2)n(-c2cccc(F)c2)n1)N1CCc2nc[nH]c2C1c1ccc(F)cc1F,[BOS]O=C(c1nc(-c2ccccc2)n(-c2cccc(F)c2)n1)N1CCc2nc[nH]c2[C@H]1c1ccc(F)cc1F[EOS],33793.94091105461,42
11.0,O=C(C1CCc2[nH]c(=O)[nH]c(=O)c2C1)N1CCC2(C1)CN(C(=O)C1Cc3ccccc3N1)CCO2,[BOS]O=C([C@@H]1Cc2ccccc2N1)N1CCO[C@]2(CCN(C(=O)[C@@H]3CCc4[nH]c(=O)[nH]c(=O)c4C3)C2)C1[EOS][EOS][EOS][EOS][EOS][EOS][EOS][EOS],38300.84885239601,42
12.4,O=C1CC(c2c(C(=O)c3ccccc3)c[nH+]c3cc(-c4ccccc4F)ccc23)Oc2cc3c(cc21)CCCCC3,[BOS]O=C1C[C@H](c2c(C(=O)c3ccccc3)c[nH+]c3cc(-c4ccccc4F)ccc23)Oc2cc3c(cc21)CCCCC3[EOS],42938.58597159386,42
10.2,O=C(NCC1CCN(C(=O)c2cccc3[nH]ncc23)C1c1cccnc1)c1cnc2ccc(Cl)cc2c1,[BOS]O=C(NC[C@H]1CCN(C(=O)c2cccc3[nH]ncc23)[C@H]1c1cccnc1)c1cnc2ccc(Cl)cc2c1[EOS][EOS][EOS][EOS],47700.92093896866,42
10.6,Cc1sc2ncn(S(=O)(=O)c3c(C)c(C)c4c(c3C)CC(C)(C)O4)c(=O)c2c1-c1ccc(F)cc1,[BOS]Cc1sc2ncn(S(=O)(=O)c3c(C)c(C)c4c(c3C)CC(C)(C)O4)c(=O)c2c1-c1ccc(F)cc1[EOS][EOS],52251.49726343155,42
10.7,N#CC1(c2ccc(N3CC[NH+](C4CCC5(c6ccccc6)CCN(Cc6ccccc6)C5C4)CC3)nc2)CC[NH2+]CC1,[BOS]N#CC1(c2ccc(N3CC[NH+]([C@H]4CC[C@@]5(c6ccccc6)CCN(Cc6ccccc6)[C@@H]5C4)CC3)nc2)CC[NH2+]CC1[EOS][EOS][EOS][EOS],57138.078525066376,42
12.0,O=C(c1c[nH]c2ncccc12)N1CCC2(C1)CN(C(=O)C1CCC(c3ccc(Cl)cc3)CC1)CCO2,[BOS]O=C(c1c[nH]c2ncccc12)N1CC[C@]2(C1)CN(C(=O)C1CCC(c3ccc(Cl)cc3)CC1)CCO2[EOS],4290.144791841507,42
10.9,O=S(=O)(c1ccccc1-c1ccccc1)N1CCC2(C1)C[NH+](C(c1ccccc1)c1ccccc1)C2,[BOS]O=S(=O)(c1ccccc1-c1ccccc1)N1CCC2(C1)C[NH+](C(c1ccccc1)c1ccccc1)C2[EOS],8796.220680713654,42
12.6,O=C1NC2(CCCCc3ccccc32)C(=O)N1CC(=O)N(C1CCCCC1)C1CCS(=O)(=O)C1,[BOS]O=C(CN1C(=O)N[C@]2(CCCCc3ccccc32)C1=O)N(C1CCCCC1)[C@H]1CCS(=O)(=O)C1[EOS],13669.418758869171,42
11.7,Cc1cc(Cl)c2ccc(C(=O)Nc3cc(C4CCCCN4C(=O)CC4NC(=O)NC4=O)[nH]n3)cc2n1,[BOS]Cc1cc(Cl)c2ccc(C(=O)Nc3cc([C@@H]4CCCCN4C(=O)C[C@@H]4NC(=O)NC4=O)[nH]n3)cc2n1[EOS],18573.769493341446,42
11.8,O=C(CC1Cc2ccccc2C1)N1CCOC2(COCCN(C(=O)C3Cc4ccccc4C[NH2+]3)C2)C1,[BOS]O=C(CC1Cc2ccccc2C1)N1CCO[C@]2(COCCN(C(=O)[C@@H]3Cc4ccccc4C[NH2+]3)C2)C1[EOS],23534.214830875397,42
10.9,Cc1cccc(-c2cnccc2C(=O)N2CCCCC2C2CCN(C(=O)c3c(C)noc3N)CC2)c1,[BOS]Cc1cccc(-c2cnccc2C(=O)N2CCCC[C@H]2C2CCN(C(=O)c3c(C)noc3N)CC2)c1[EOS][EOS][EOS][EOS],28683.568024158478,42
11.7,Cc1c(C(=O)N2CCC3OCCCC3(CNC(=O)C3(F)CCCCC3(F)F)C2)ccc2ccccc12,[BOS]Cc1c(C(=O)N2CC[C@H]3OCCC[C@@]3(CNC(=O)[C@@]3(F)CCCCC3(F)F)C2)ccc2ccccc12[EOS],33880.69031667709,42
11.3,O=C1CC(C(=O)N2CCCCC2c2cc(NC(=O)C3Cc4ccccc4C3)n[nH]2)=Cc2ccccc2N1,[BOS]O=C(Nc1cc([C@H]2CCCCN2C(=O)C2=Cc3ccccc3NC(=O)C2)[nH]n1)C1Cc2ccccc2C1[EOS],38864.27687931061,42
11.4,N=c1[nH]c(=O)c2c(=O)n(N)c(SCc3nc4ccc(-c5ccccc5)cc4[nH]3)nc2[nH]1,[BOS]Nn1c(SCc2nc3ccc(-c4ccccc4)cc3[nH]2)nc2[nH]c(=N)[nH]c(=O)c2c1=O[EOS],44299.41130781174,42
12.2,CC#CC(CC(=O)N1C2CCC1CC(NC(=O)C1=C3c4ccccc4C(=O)N3CC1)C2)c1ccc(O)cc1,[BOS]CC#C[C@H](CC(=O)N1[C@@H]2CC[C@H]1C[C@@H](NC(=O)C1=C3c4ccccc4C(=O)N3CC1)C2)c1ccc(O)cc1[EOS],50308.05205702782,42
10.7,O=C(Nc1ccc(C2(NC(=O)C3CCC4CCC(=O)N4C3)CCC2)cc1)c1cc2cc[nH]c2cc1F,[BOS]O=C(Nc1ccc(C2(NC(=O)[C@@H]3CC[C@H]4CCC(=O)N4C3)CCC2)cc1)c1cc2cc[nH]c2cc1F[EOS][EOS],55345.23487710953,42
10.5,Cc1ccc(C2CC(C)N(C(=O)Cn3c(=S)[nH]c4ccccc4c3=O)C2)cc1,[BOS]Cc1ccc([C@H]2C[C@H](C)N(C(=O)Cn3c(=S)[nH]c4ccccc4c3=O)C2)cc1[EOS],58951.646189689636,42
11.3,O=C(c1cccc(F)c1)N1CCC2C1CCN2C(=O)c1c2c(nc3ccccc13)CC1CC2C1,[BOS]O=C(c1cccc(F)c1)N1CC[C@H]2[C@@H]1CCN2C(=O)c1c2c(nc3ccccc13)C[C@H]1C[C@@H]2C1[EOS],4243.326969861984,42
12.1,O=C(c1cccc(-c2cccc(-c3nc(C(=O)N4CCC(F)CC4)co3)c2)c1)N1CCC(F)(F)C2(CCN(c3ncccn3)C2)C1,[BOS]O=C(c1coc(-c2cccc(-c3cccc(C(=O)N4CCC(F)(F)[C@]5(CCN(c6ncccn6)C5)C4)c3)c2)n1)N1CCC(F)CC1[EOS][EOS][EOS],9181.637265920639,42
10.5,Cc1nc2ncccn2c1C(=O)N1CC2COCC(C1)C2NC(=O)C=Cc1cc2ccccc2o1,[BOS]Cc1nc2ncccn2c1C(=O)N1C[C@H]2COC[C@@H](C1)[C@H]2NC(=O)C=Cc1cc2ccccc2o1[EOS][EOS][EOS][EOS][EOS][EOS][EOS],13801.04404592514,42
11.0,O=C(c1cc2cc(F)c(F)cc2[nH]1)N1CC2(CCCN2C(=O)c2n[nH]c3ccc(Br)cc23)C1,[BOS]O=C(c1cc2cc(F)c(F)cc2[nH]1)N1CC2(CCCN2C(=O)c2n[nH]c3ccc(Br)cc23)C1[EOS][EOS][EOS][EOS],17672.585327148438,42
10.7,Cc1sc2nc(CCc3nc(-c4ccc5c(c4)C(=O)CC5)no3)[nH]c(=O)c2c1-c1cccc2ccccc12,[BOS]Cc1sc2nc(CCc3nc(-c4ccc5c(c4)C(=O)CC5)no3)[nH]c(=O)c2c1-c1cccc2ccccc12[EOS][EOS][EOS][EOS][EOS],22823.722374677658,42
10.1,[H]N=c1oc2ccccc2cc1C(=O)N1CCN(S(=O)(=O)c2cc(C)ccc2C)CC1,[BOS][H]/N=c1\oc2ccccc2cc1C(=O)N1CCN(S(=O)(=O)c2cc(C)ccc2C)CC1[EOS][EOS][EOS][EOS][EOS][EOS][EOS][EOS],26969.59108901024,42
11.7,O=C(C1CC(c2ccccc2)Cc2ccccc21)N1CCCC2(Cc3ccccc3CNC2=O)C1,[BOS]O=C([C@@H]1C[C@H](c2ccccc2)Cc2ccccc21)N1CCC[C@]2(C1)Cc1ccccc1CNC2=O[EOS],31232.184631347656,42
11.3,O=C(c1c[nH]c(-c2ccc(F)cc2)c1)N1CCC2(CCCN(C(=O)c3cc(=O)c4ccccc4o3)C2)CC1,[BOS]O=C(c1cc(=O)c2ccccc2o1)N1CCCC2(CCN(C(=O)c3c[nH]c(-c4ccc(F)cc4)c3)CC2)C1[EOS][EOS][EOS],35539.27004265785,42
11.6,O=C(NCC1CC2c3ccccc3C1c1ccccc12)c1cccc(N2C(=O)C3CC=CCC3C2=O)c1,[BOS]O=C(NC[C@H]1CC2c3ccccc3C1c1ccccc12)c1cccc(N2C(=O)C3CC=CCC3C2=O)c1[EOS][EOS],40090.099846839905,42
12.0,O=C(NC1CCc2nc(NC(=O)c3cc(=O)c4ccccc4o3)sc2C1)c1cc(=O)[nH]c(=O)[nH]1,[BOS]O=C(Nc1nc2c(s1)C[C@H](NC(=O)c1cc(=O)[nH]c(=O)[nH]1)CC2)c1cc(=O)c2ccccc2o1[EOS],44518.726279973984,42
11.3,Cc1cn(-c2cccc(NC(=O)C3CC(=O)N(c4ccc5c(c4)Cc4ccccc4-5)C3)c2)c(=O)[nH]c1=O,[BOS]Cc1cn(-c2cccc(NC(=O)[C@H]3CC(=O)N(c4ccc5c(c4)Cc4ccccc4-5)C3)c2)c(=O)[nH]c1=O[EOS],49619.1168320179,42
12.0,O=C(Nc1cc(C2CCCCN2C(=O)c2cccc3c2oc2ccccc23)[nH]n1)C1Cc2ccccc2C[NH2+]1,[BOS]O=C(Nc1cc([C@H]2CCCCN2C(=O)c2cccc3c2oc2ccccc23)[nH]n1)[C@@H]1Cc2ccccc2C[NH2+]1[EOS],54574.05827355385,42
11.4,O=C1c2ccc(Br)cc2NC(c2ccc(O)c3ccccc23)N1C1CCC(F)(F)CC12CC2C1=CCCC=CCCCC1,[BOS]O=C1c2ccc(Br)cc2N[C@@H](c2ccc(O)c3ccccc23)N1C1CCC(F)(F)CC12CC2C1=CCCC=CCCCC1[EOS],4193.731058835983,42
10.9,O=C(c1cccc(-c2noc(-c3ccccc3F)n2)c1)N1CCC2(C1)C(=O)NCC2c1ccccc1,[BOS]O=C1NC[C@@H](c2ccccc2)[C@@]12CCN(C(=O)c1cccc(-c3noc(-c4ccccc4F)n3)c1)C2[EOS],8195.848169088364,42
10.2,CC(c1ccc(CC(=O)N2CCCC23CN(C(=O)c2c[nH+]c4ccc(F)cn24)C3)cc1)C(F)(F)F,[BOS]C[C@@H](c1ccc(CC(=O)N2CCCC23CN(C(=O)c2c[nH+]c4ccc(F)cn24)C3)cc1)C(F)(F)F[EOS][EOS][EOS][EOS][EOS][EOS][EOS][EOS],13316.66191482544,42
10.8,Cc1[nH]c(=O)c(C(=O)N2CC[NH+](C3CCCN(Cc4ccccc4)C3=O)CC2)cc1-c1ccccc1,[BOS]Cc1[nH]c(=O)c(C(=O)N2CC[NH+]([C@@H]3CCCN(Cc4ccccc4)C3=O)CC2)cc1-c1ccccc1[EOS][EOS][EOS],18431.2513358593,42
11.1,O=C(c1ccc2nonc2c1)N1CCC2(CCCN(C(=O)c3cc4c(F)cc(F)cc4[nH]3)C2)CC1,[BOS]O=C(c1cc2c(F)cc(F)cc2[nH]1)N1CCCC2(CCN(C(=O)c3ccc4nonc4c3)CC2)C1[EOS][EOS],22645.766152381897,42
10.8,CC(CC(=O)N1CCOC2(CCN(C(=O)c3c[nH]c4[nH+]cc(C(F)(F)F)cc34)C2)C1)c1ccccc1,[BOS]C[C@H](CC(=O)N1CCO[C@@]2(CCN(C(=O)c3c[nH]c4[nH+]cc(C(F)(F)F)cc34)C2)C1)c1ccccc1[EOS][EOS][EOS][EOS][EOS][EOS][EOS],27785.919063568115,42
10.7,Cc1ccc(C(=O)NCC2OCC3CCN(C(=O)Cn4ccc5c(F)cccc54)CC32)c(C)c1F,[BOS]Cc1ccc(C(=O)NC[C@@H]2OC[C@@H]3CCN(C(=O)Cn4ccc5c(F)cccc54)C[C@@H]32)c(C)c1F[EOS],32886.534518003464,42
11.5,O=C1CCC2CN(C(=O)c3ccccc3C(=O)N3CCC4(CCN(Cc5ccc(F)cc5)C4=O)C3)CCC2N1,[BOS]O=C1CC[C@H]2CN(C(=O)c3ccccc3C(=O)N3CC[C@@]4(CCN(Cc5ccc(F)cc5)C4=O)C3)CC[C@H]2N1[EOS],38106.943937301636,42
11.3,O=C(Nc1cc(C2CCCCN2C(=O)Cc2cc3cccnc3cc2F)[nH]n1)c1ccc(F)cc1F,[BOS]O=C(Nc1cc([C@H]2CCCCN2C(=O)Cc2cc3cccnc3cc2F)[nH]n1)c1ccc(F)cc1F[EOS],43507.63676214218,42
10.8,Cc1ccc(C(C)C(=O)N2CCOC3(COCCN(C(=O)C4CCN(c5ccccn5)CC4)C3)C2)cc1,[BOS]Cc1ccc([C@H](C)C(=O)N2CCO[C@@]3(COCCN(C(=O)C4CCN(c5ccccn5)CC4)C3)C2)cc1[EOS][EOS][EOS][EOS][EOS][EOS][EOS][EOS],47845.828401088715,42
10.8,O=C(c1[nH]c(=O)n2c1CCCC2)N1CCC2(CCCN(C(=O)C3(c4ccccc4F)CC3)C2)CC1,[BOS]O=C(c1[nH]c(=O)n2c1CCCC2)N1CCC2(CCCN(C(=O)C3(c4ccccc4F)CC3)C2)CC1[EOS],52537.72765040398,42
11.6,O=C1COC2(COCC[NH+](Cc3ccc4ccc5ccccc5c4n3)C2)CN1c1cccc(F)c1,[BOS]O=C1CO[C@]2(COCC[NH+](Cc3ccc4ccc5ccccc5c4n3)C2)CN1c1cccc(F)c1[EOS],57114.03515958786,42
9.8,O=C(NCCc1cc(F)cc(F)c1)NC(c1ccccc1)c1ccc2nc(C(F)(F)F)[nH]c2c1,[BOS]O=C(NCCc1cc(F)cc(F)c1)N[C@@H](c1ccccc1)c1ccc2nc(C(F)(F)F)[nH]c2c1[EOS],4823.156383275986,42
10.1,O=C(C[NH+]1CCOc2ccccc2C1)N1CCc2sccc2C1c1ccc(F)cc1,[BOS]O=C(C[NH+]1CCOc2ccccc2C1)N1CCc2sccc2[C@H]1c1ccc(F)cc1[EOS],9390.313821315765,42
10.4,COc1cnc(C(=O)N2CCC(C3CCCCN3C(=O)c3cc(=O)[nH]c4ccccc34)CC2)c(F)c1,[BOS]COc1cnc(C(=O)N2CCC([C@@H]3CCCCN3C(=O)c3cc(=O)[nH]c4ccccc34)CC2)c(F)c1[EOS][EOS],14265.918712854385,42
10.8,O=C(c1cc2n(n1)CCC2)N1CCC(C2CCCCN2C(=O)CCC2CNc3ccccc3C2)CC1,[BOS]O=C(c1cc2n(n1)CCC2)N1CCC([C@@H]2CCCCN2C(=O)CC[C@@H]2CNc3ccccc3C2)CC1[EOS],18816.024662971497,42
12.0,O=C(c1cncc(N=c2nccc[nH]2)c1)c1cc2cc(F)ccc2[nH]c1=NC1CC2(CCCCC2)COc2ccc(F)cc21,[BOS]O=C(c1cc2cc(F)ccc2[nH]c1=NC1CC2(CCCCC2)COc2ccc(F)cc21)c1cncc(N=c2nccc[nH]2)c1[EOS][EOS][EOS][EOS][EOS][EOS][EOS][EOS],23666.69703578949,42
11.3,CC1CN(S(=O)(=O)c2ccc3c(c2)Cc2ccccc2-3)C(C)C(=O)N1c1cncc2ccccc12,[BOS]C[C@@H]1CN(S(=O)(=O)c2ccc3c(c2)Cc2ccccc2-3)[C@@H](C)C(=O)N1c1cncc2ccccc12[EOS],27560.314043283463,42
11.5,O=C(Cc1n[nH]c2cc(Cl)ccc12)N1CCC2C1CCN2C(=O)c1ccc(-c2ccccc2)c(F)c1,[BOS]O=C(Cc1n[nH]c2cc(Cl)ccc12)N1CC[C@H]2[C@@H]1CCN2C(=O)c1ccc(-c2ccccc2)c(F)c1[EOS],32619.482361078262,42
11.8,O=C(NC1CCc2nc(NC(=O)C3CC(c4ccccc4)=NO3)sc2C1)c1cccc2c1oc1ccccc12,[BOS]O=C(N[C@H]1CCc2nc(NC(=O)[C@@H]3CC(c4ccccc4)=NO3)sc2C1)c1cccc2c1oc1ccccc12[EOS],37402.13809967041,42
10.7,O=C(NCC1CCN(C(=O)C2(c3ccccc3)CCC2)C1c1cccnc1)c1ccc2ncccc2c1,[BOS]O=C(NC[C@@H]1CCN(C(=O)C2(c3ccccc3)CCC2)[C@@H]1c1cccnc1)c1ccc2ncccc2c1[EOS][EOS][EOS][EOS],42650.66567158699,42
11.2,O=C(c1ccc2occc2c1)N1CCC(C2CCCCN2C(=O)Cc2ccc3ccccc3c2)CC1,[BOS]O=C(c1ccc2occc2c1)N1CCC([C@@H]2CCCCN2C(=O)Cc2ccc3ccccc3c2)CC1[EOS],47195.23604512215,42
11.2,Cc1cc(C)n2ccc(C(=O)Nc3nc4c(s3)CC(NC(=O)c3[nH]nc5c(C)cccc35)CC4)c2n1,[BOS]Cc1cc(C)n2ccc(C(=O)Nc3nc4c(s3)C[C@H](NC(=O)c3[nH]nc5c(C)cccc35)CC4)c2n1[EOS],51964.689034461975,42
11.3,CC1CN(C(=O)c2c3ccccc3nc3cc(-c4ccccc4)ccc23)CC(C)(C)O1,[BOS]C[C@H]1CN(C(=O)c2c3ccccc3nc3cc(-c4ccccc4)ccc23)CC(C)(C)O1[EOS][EOS],55666.85677075386,42
11.4,O=C(c1ccc2[nH]c3ccccc3c(=O)c2c1)N1CC(c2ncn3cc(-c4ccoc4)ccc23)C1,[BOS]O=C(c1ccc2[nH]c3ccccc3c(=O)c2c1)N1CC(c2ncn3cc(-c4ccoc4)ccc23)C1[EOS],4328.4518394470215,42
10.2,O=C(c1ccc(F)s1)N1CCCCC1C1CCN(C(=O)C2(c3cccc(Cl)c3)CC2)CC1,[BOS]O=C(c1ccc(F)s1)N1CCCC[C@H]1C1CCN(C(=O)C2(c3cccc(Cl)c3)CC2)CC1[EOS],8665.361760377884,42
12.5,O=C(NC1CCc2nc(NC(=O)C3CCc4cc(F)ccc4C3)sc2C1)c1cc(=O)[nH]c(=O)[nH]1,[BOS]O=C(Nc1nc2c(s1)C[C@@H](NC(=O)c1cc(=O)[nH]c(=O)[nH]1)CC2)[C@@H]1CCc2cc(F)ccc2C1[EOS],13018.417971372604,42
10.7,Cc1ccnc(C(=O)NC2CCc3nc(NC(=O)C4Cc5ccccc5C[NH+]4C)sc3C2)c1,[BOS]Cc1ccnc(C(=O)N[C@@H]2CCc3nc(NC(=O)[C@@H]4Cc5ccccc5C[NH+]4C)sc3C2)c1[EOS],17424.88761115074,42
11.0,Cc1nc2ncccn2c1C(=O)N1CCCCC1c1cc(NC(=O)c2ccc3c(c2)CCCC3=O)n[nH]1,[BOS]Cc1nc2ncccn2c1C(=O)N1CCCC[C@H]1c1cc(NC(=O)c2ccc3c(c2)CCCC3=O)n[nH]1[EOS],22249.05281639099,42
11.3,O=C(NC1CC2CCC(C1)N2C(=O)C1Cc2ccccc2C1)C1CCc2cccc(Cl)c21,[BOS]O=C(N[C@H]1C[C@H]2CC[C@@H](C1)N2C(=O)C1Cc2ccccc2C1)[C@H]1CCc2cccc(Cl)c21[EOS],26896.858370304108,42
11.3,Cc1ccc(C(=O)Nc2nc3c(s2)CC(NC(=O)c2ccc4nonc4c2)CC3)c(C)c1Cl,[BOS]Cc1ccc(C(=O)Nc2nc3c(s2)C[C@@H](NC(=O)c2ccc4nonc4c2)CC3)c(C)c1Cl[EOS],31211.708340883255,42
11.0,O=C(NCC1OCC2CCN(C(=O)C3CCc4ccccc4C3)CC21)C1CCc2ccoc2C1,[BOS]O=C(NC[C@@H]1OC[C@@H]2CCN(C(=O)[C@H]3CCc4ccccc4C3)C[C@@H]21)[C@H]1CCc2ccoc2C1[EOS],36553.21649265289,42
10.6,O=C(CC1OCCc2ccccc21)N1CCOCC2(C1)CN(C(=O)C1CCCCC1(F)F)CCO2,[BOS]O=C(C[C@H]1OCCc2ccccc21)N1CCOC[C@@]2(C1)CN(C(=O)[C@@H]1CCCCC1(F)F)CCO2[EOS][EOS][EOS][EOS][EOS][EOS],41476.17944097519,42
11.8,O=C(NC1CCc2nc(NC(=O)C3CCc4ccccc4C3)sc2C1)c1c[nH+]c2cc(Cl)ccn12,[BOS]O=C(N[C@@H]1CCc2nc(NC(=O)[C@@H]3CCc4ccccc4C3)sc2C1)c1c[nH+]c2cc(Cl)ccn12[EOS],46131.94746422768,42
10.7,Cc1cc(C(=O)N2CCC([NH+]3CCC(NC(=O)c4cc(-c5ccccc5)on4)CC3)CC2)c[nH]c1=O,[BOS]Cc1cc(C(=O)N2CCC([NH+]3CCC(NC(=O)c4cc(-c5ccccc5)on4)CC3)CC2)c[nH]c1=O[EOS],51232.31633925438,42
11.9,Cc1cccc2[nH]c(C(=O)N3CCCCC3C3CCN(C(=O)CCC4CNc5ccccc5C4)CC3)cc12,[BOS]Cc1cccc2[nH]c(C(=O)N3CCCC[C@@H]3C3CCN(C(=O)CC[C@H]4CNc5ccccc5C4)CC3)cc12[EOS],56376.051981687546,42
11.5,Cc1c(C(=O)N2C3CCC2CC(NC(=O)c2n[nH]c4ccc(-c5ccccc5)cc24)C3)ccc2c1OCCO2,[BOS]Cc1c(C(=O)N2[C@@H]3CC[C@H]2C[C@@H](NC(=O)c2n[nH]c4ccc(-c5ccccc5)cc24)C3)ccc2c1OCCO2[EOS],5848.9128930568695,42
10.8,Cc1cc2cccc(C(=O)NCC3CCN(C(=O)C4CCc5[nH]c(=O)[nH]c(=O)c5C4)C3c3cccnc3)c2[nH]1,[BOS]Cc1cc2cccc(C(=O)NC[C@H]3CCN(C(=O)[C@H]4CCc5[nH]c(=O)[nH]c(=O)c5C4)[C@H]3c3cccnc3)c2[nH]1[EOS][EOS][EOS][EOS],11419.13177537918,42
10.8,N#Cc1ccc(F)c(C(=O)Nc2cc(C3CCCCN3C(=O)Cc3c[nH]c4ncccc34)[nH]n2)c1,[BOS]N#Cc1ccc(F)c(C(=O)Nc2cc([C@@H]3CCCCN3C(=O)Cc3c[nH]c4ncccc34)[nH]n2)c1[EOS],16186.874140262604,42
11.6,O=C(NC1CCc2nc(NC(=O)c3cc(=O)[nH]c4ccccc34)sc2C1)c1cc2cccnc2[nH]c1=O,[BOS]O=C(N[C@H]1CCc2nc(NC(=O)c3cc(=O)[nH]c4ccccc34)sc2C1)c1cc2cccnc2[nH]c1=O[EOS],20823.031074285507,42
10.8,Cc1ccccc1-n1c(Cc2cccc(Oc3cccc4c3CCNC4)c2)cc2ccccc2c1=O,[BOS]Cc1ccccc1-n1c(Cc2cccc(Oc3cccc4c3CCNC4)c2)cc2ccccc2c1=O[EOS],25851.79434299469,42
11.8,O=C1NC2(CCCCCCCC2)C(=O)N1Cc1cccc(CNC(=O)N2CC3CC(O)CC2C3)c1,[BOS]O=C(NCc1cccc(CN2C(=O)NC3(CCCCCCCC3)C2=O)c1)N1C[C@H]2C[C@@H](O)C[C@H]1C2[EOS],31178.192014455795,42
11.7,Cc1cccc2[nH]c(C(=O)N3CCCCC3C3CCN(C(=O)Cc4ccc5ccccc5c4)CC3)cc12,[BOS]Cc1cccc2[nH]c(C(=O)N3CCCC[C@H]3C3CCN(C(=O)Cc4ccc5ccccc5c4)CC3)cc12[EOS],36479.04214286804,42
11.1,Cc1cccc(C(=O)N2C3CCC2CC(NC(=O)C2CC2c2ccc(F)c4c2-c2ccccc2C4)C3)c1F,[BOS]Cc1cccc(C(=O)N2[C@@H]3CC[C@H]2C[C@@H](NC(=O)[C@@H]2C[C@@H]2c2ccc(F)c4c2-c2ccccc2C4)C3)c1F[EOS][EOS][EOS][EOS][EOS][EOS],41783.767377614975,42
11.6,O=C1CC(C23C=CC=CN=C2CCC=C3)C(C(=O)NC2CCCC23OCCO3)CCCCC(c2ccccc2)N1,[BOS]O=C(N[C@@H]1CCCC12OCCO2)[C@H]1CCCC[C@H](c2ccccc2)NC(=O)C[C@@H]1C12C=CC=CN=C1CCC=C2[EOS],46195.7629635334,42
11.2,CN(C)c1ccc(C(=O)Nc2cc(C3CCCCN3C(=O)C3Cc4ccccc4C[NH2+]3)[nH]n2)c2ccccc12,[BOS]CN(C)c1ccc(C(=O)Nc2cc([C@H]3CCCCN3C(=O)[C@H]3Cc4ccccc4C[NH2+]3)[nH]n2)c2ccccc12[EOS][EOS][EOS][EOS][EOS][EOS][EOS][EOS],51211.86783289909,42
10.9,Cn1c(CC(=O)N2CCOC3(COCCN(C(=O)C4(F)CCCCC4(F)F)C3)C2)cc2ccccc21,[BOS]Cn1c(CC(=O)N2CCO[C@]3(COCCN(C(=O)[C@]4(F)CCCCC4(F)F)C3)C2)cc2ccccc21[EOS],55825.03379583359,42
11.6,Cc1ccc2cc(C(=O)Nc3cc(C4CCCCN4C(=O)CC4NC(=O)NC4=O)[nH]n3)ccc2n1,[BOS]Cc1ccc2cc(C(=O)Nc3cc([C@@H]4CCCCN4C(=O)C[C@@H]4NC(=O)NC4=O)[nH]n3)ccc2n1[EOS],60144.510952949524,42
11.5,Cc1ccn2c(C(=O)N3CCCCC3C3CCN(C(=O)C4ON=C(c5ccccc5)O4)CC3)c[nH+]c2c1,[BOS]Cc1ccn2c(C(=O)N3CCCC[C@H]3C3CCN(C(=O)[C@H]4ON=C(c5ccccc5)O4)CC3)c[nH+]c2c1[EOS],5563.935143470764,42
11.1,Cc1ccc(S(=O)(=O)N2CCCC([NH+]3Cc4ccccc4CC3c3nc(C)no3)CCc3ccccc32)cc1,[BOS]Cc1ccc(S(=O)(=O)N2CCC[C@H]([NH+]3Cc4ccccc4C[C@@H]3c3nc(C)no3)CCc3ccccc32)cc1[EOS][EOS][EOS][EOS][EOS][EOS][EOS][EOS],10047.367163658142,42
12.3,O=C1c2c(Cl)cccc2CN2C(c3cc4ccccc4oc3=O)c3[nH]c4ccccc4c3C(c3ccccc3)C12,[BOS]O=C1[C@@H]2[C@@H](c3ccccc3)c3c([nH]c4ccccc34)[C@@H](c3cc4ccccc4oc3=O)N2Cc2cccc(Cl)c21[EOS][EOS][EOS][EOS][EOS],15104.17740726471,42
11.6,O=C(c1ccc2n[nH]c(C(F)(F)F)c2c1)N1CCC2C1CCN2C(=O)c1cc2ccccc2o1,[BOS]O=C(c1ccc2n[nH]c(C(F)(F)F)c2c1)N1CC[C@H]2[C@@H]1CCN2C(=O)c1cc2ccccc2o1[EOS],19821.35401201248,42
11.7,O=C(NC1CC2CCC(C1)N2C(=O)C1C2CCCC1c1ccccc1N2)c1nc2c(=O)[nH]c3ccccc3n2n1,[BOS]O=C(N[C@H]1C[C@H]2CC[C@@H](C1)N2C(=O)[C@H]1[C@@H]2CCC[C@H]1c1ccccc1N2)c1nc2c(=O)[nH]c3ccccc3n2n1[EOS][EOS][EOS][EOS],24536.947766780853,42
12.1,N=C(O)C1CC2CN(Cc3ccc4nc(-c5ccc6ccccc6c5)n(-c5ccc6[nH]ncc6c5F)c4c3)CC2N=N1,[BOS]N=C(O)[C@H]1CC2CN(Cc3ccc4nc(-c5ccc6ccccc6c5)n(-c5ccc6[nH]ncc6c5F)c4c3)CC2N=N1[EOS],29144.20255637169,42
10.9,[H]N=c1oc2ccc(-c3nn(C(C)C)c4ncnc(N)c34)cc2n1C(=O)c1cc2ccc(Cl)cc2oc1=O,[BOS][H]/N=c1\oc2ccc(-c3nn(C(C)C)c4ncnc(N)c34)cc2n1C(=O)c1cc2ccc(Cl)cc2oc1=O[EOS][EOS][EOS],34163.76900577545,42
10.9,O=C(c1n[nH]c2ccc(F)cc12)N1CCOCC2(C1)CN(C(=O)C1CC1c1ccc(Cl)cc1)CCO2,[BOS]O=C(c1n[nH]c2ccc(F)cc12)N1CCOC[C@]2(C1)CN(C(=O)[C@H]1C[C@@H]1c1ccc(Cl)cc1)CCO2[EOS],38782.71675276756,42
10.6,CC1C[NH+](CC(=O)N2c3ccccc3NC(=O)C2(C)C)CC(c2cccc(C(F)(F)F)c2)O1,[BOS]C[C@H]1C[NH+](CC(=O)N2c3ccccc3NC(=O)C2(C)C)C[C@H](c2cccc(C(F)(F)F)c2)O1[EOS],42891.370754003525,42
10.6,CC(C)n1ncc2c(C(O)=NCC(O)c3ccc4ccccc4c3)cc(-c3ccccc3)nc21,[BOS]CC(C)n1ncc2c(C(O)=NCC(O)c3ccc4ccccc4c3)cc(-c3ccccc3)nc21[EOS],47802.672904491425,42
12.2,O=C(NC1CC[NH+](C2CCN(C(=O)C3Cc4ccccc4C3)CC2)CC1)C1=C2c3ccccc3C(=O)N2CC1,[BOS]O=C(NC1CC[NH+](C2CCN(C(=O)C3Cc4ccccc4C3)CC2)CC1)C1=C2c3ccccc3C(=O)N2CC1[EOS],53524.87309384346,42
11.4,O=C(C1CCc2ccccc2C1)N1CCC2(C1)CN(C(=O)C1Cc3ccccc3O1)CCO2,[BOS]O=C([C@@H]1Cc2ccccc2O1)N1CCO[C@@]2(CCN(C(=O)[C@@H]3CCc4ccccc4C3)C2)C1[EOS],57485.3422832489,42
11.0,Cc1cc(C#N)cc(C(=O)Nc2ccc(C3(NC(=O)c4ccnc5ccccc45)CCC3)cc2)c1,[BOS]Cc1cc(C#N)cc(C(=O)Nc2ccc(C3(NC(=O)c4ccnc5ccccc45)CCC3)cc2)c1[EOS],4843.722989082336,42
10.7,O=C(NCC1OCC2CCN(C(=O)c3c[nH]c4ncccc34)CC21)C1CCCC2CCCCC21,[BOS]O=C(NC[C@@H]1OC[C@@H]2CCN(C(=O)c3c[nH]c4ncccc34)C[C@@H]21)[C@@H]1CCC[C@@H]2CCCC[C@H]21[EOS],10072.140367031097,42
11.6,O=C(Nc1nc2c(s1)CC(NC(=O)c1cccc3c1oc1ccccc13)CC2)c1onc2ccccc12,[BOS]O=C(N[C@@H]1CCc2nc(NC(=O)c3onc4ccccc34)sc2C1)c1cccc2c1oc1ccccc12[EOS][EOS][EOS][EOS],14607.479149341583,42
11.3,Cc1ccc(-c2cccc(C(=O)N3CCc4csc(=O)n4CC3)c2)c2ccc(N3CCOCC3)c(F)c12,[BOS]Cc1ccc(-c2cccc(C(=O)N3CCc4csc(=O)n4CC3)c2)c2ccc(N3CCOCC3)c(F)c12[EOS],18764.065292835236,42
11.2,O=C(NCC1(c2ccc3c(c2)OCCO3)CCOCC1)NC(c1ccccc1)c1ccc2ccccc2c1,[BOS]O=C(NCC1(c2ccc3c(c2)OCCO3)CCOCC1)N[C@H](c1ccccc1)c1ccc2ccccc2c1[EOS],24042.676155090332,42
11.5,Cc1ccccc1-c1ncccc1C(=O)N1CCCCC1C1CCN(C(=O)C2CCc3ccccc32)CC1,[BOS]Cc1ccccc1-c1ncccc1C(=O)N1CCCC[C@H]1C1CCN(C(=O)[C@@H]2CCc3ccccc32)CC1[EOS],29471.327104330063,42
11.1,O=C1CC2(CCN(C(=O)c3cccc(S(=O)(=O)Nc4ccccc4F)c3)C2)Cc2ccccc21,[BOS]O=C1C[C@]2(CCN(C(=O)c3cccc(S(=O)(=O)Nc4ccccc4F)c3)C2)Cc2ccccc21[EOS],34018.912610292435,42
12.3,O=C1c2cccc(F)c2CN1C1CC2C[NH+](Cc3cccnc3S(=O)(=O)c3ccccc3)CC2(F)C1,[BOS]O=C1c2cccc(F)c2CN1[C@H]1C[C@H]2C[NH+](Cc3cccnc3S(=O)(=O)c3ccccc3)C[C@@]2(F)C1[EOS],40225.56873202324,42
12.9,O=C(NC1(O)C=Cc2ccccc2C1c1c(O)ccc2ccccc12)c1ccc2c(c1)CNC2=O,[BOS]O=C(N[C@]1(O)C=Cc2ccccc2[C@@H]1c1c(O)ccc2ccccc12)c1ccc2c(c1)CNC2=O[EOS],46452.155289173126,42
11.5,O=C(CC1CNc2ccccc2O1)NC1CCc2nc(NC(=O)C3CCc4ccccc4C3)sc2C1,[BOS]O=C(C[C@H]1CNc2ccccc2O1)N[C@H]1CCc2nc(NC(=O)[C@@H]3CCc4ccccc4C3)sc2C1[EOS],51647.116171360016,42
11.3,Cc1cc2cc(C(=O)NC3CC[NH+](C4CCN(C(=O)C5CCc6ccccc6C5)CC4)CC3)ccc2[nH]1,[BOS]Cc1cc2cc(C(=O)NC3CC[NH+](C4CCN(C(=O)[C@H]5CCc6ccccc6C5)CC4)CC3)ccc2[nH]1[EOS],56592.531245708466,42
14.1,Cc1ccc(C2Oc3ccc4ccccc4c3C=C3CC(c4ccc(Cl)c([N+](=O)[O-])c4)[NH+](C(=O)CO)CC32O)cc1,[BOS]Cc1ccc([C@H]2Oc3ccc4ccccc4c3C=C3C[C@H](c4ccc(Cl)c([N+](=O)[O-])c4)[NH+](C(=O)CO)C[C@@]32O)cc1[EOS],60434.560138225555,42
10.8,O=C(C1CC1c1ccc(F)cc1)N1CCc2c([nH]c3ccccc23)C1c1cccc(Oc2ccccc2)c1,[BOS]O=C([C@H]1C[C@H]1c1ccc(F)cc1)N1CCc2c([nH]c3ccccc23)[C@H]1c1cccc(Oc2ccccc2)c1[EOS][EOS],4757.496719121933,42
11.4,O=C1CC2(CCCN(c3cnn(-c4cnc5ccccc5n4)c(=O)c3Cl)C2)C(=O)NCCc2ccc(Cl)cc21,[BOS]O=C1C[C@]2(CCCN(c3cnn(-c4cnc5ccccc5n4)c(=O)c3Cl)C2)C(=O)NCCc2ccc(Cl)cc21[EOS][EOS][EOS][EOS],8746.764382123947,42
10.6,Cc1ccc(C2CC(C)N(C(=O)Cc3ccc(NS(=O)(=O)c4ccc5ccccc5c4)cc3)C2)cc1,[BOS]Cc1ccc([C@@H]2C[C@@H](C)N(C(=O)Cc3ccc(NS(=O)(=O)c4ccc5ccccc5c4)cc3)C2)cc1[EOS][EOS][EOS][EOS][EOS][EOS][EOS][EOS],13157.100041151047,42
10.7,O=C(c1ncn(-c2cccc(F)c2)n1)N1CC2(CCCN2C(=O)C2CCc3ccccc3C2)C1,[BOS]O=C(c1ncn(-c2cccc(F)c2)n1)N1CC2(CCCN2C(=O)[C@H]2CCc3ccccc3C2)C1[EOS][EOS][EOS][EOS],17590.368149995804,42
11.3,O=C1CCc2ccc(C(=O)N3C4CCC3CC(NC(=O)C3C5CCCC3c3ccccc3N5)C4)cc21,[BOS]O=C(N[C@H]1C[C@H]2CC[C@@H](C1)N2C(=O)c1ccc2c(c1)C(=O)CC2)C1[C@@H]2CCC[C@H]1c1ccccc1N2[EOS],22297.750823497772,42
10.9,O=C(c1nc2c(=O)[nH]c3ccccc3n2n1)N1CCC2(CCCN(C(=O)c3cccc(F)c3Cl)C2)CC1,[BOS]O=C(c1cccc(F)c1Cl)N1CCCC2(CCN(C(=O)c3nc4c(=O)[nH]c5ccccc5n4n3)CC2)C1[EOS],26403.768980026245,42
11.0,Nc1nc2cc(C(=O)Nc3cc(C4CCCCN4C(=O)CC4NC(=O)NC4=O)[nH]n3)ccc2s1,[BOS]Nc1nc2cc(C(=O)Nc3cc([C@H]4CCCCN4C(=O)C[C@H]4NC(=O)NC4=O)[nH]n3)ccc2s1[EOS],31400.38069653511,42
10.9,O=C1CCC(C(=O)N2CCC3(C2)C(=O)N(Cc2ccccc2)c2ccccc23)c2ccccc2N1,[BOS]O=C1CC[C@H](C(=O)N2CC[C@@]3(C2)C(=O)N(Cc2ccccc2)c2ccccc23)c2ccccc2N1[EOS][EOS][EOS],35561.75619840622,42
10.9,O=C(NC1(c2ccc(NC(=O)C3CC3c3ccc(F)c(F)c3)cc2)CCC1)c1cc(=O)[nH]c2ccccc12,[BOS]O=C(NC1(c2ccc(NC(=O)[C@H]3C[C@@H]3c3ccc(F)c(F)c3)cc2)CCC1)c1cc(=O)[nH]c2ccccc12[EOS][EOS][EOS][EOS],40776.32901906967,42
12.3,O=C(c1ccccc1SC(c1ccccc1)(c1ccccc1)c1ccccc1)N1CCC(c2noc3cc(F)ccc23)CC1,[BOS]O=C(c1ccccc1SC(c1ccccc1)(c1ccccc1)c1ccccc1)N1CCC(c2noc3cc(F)ccc23)CC1[EOS],46844.11003780365,42
12.5,O=C1CCC(c2nc(CC(=O)N3c4ccccc4CCc4ccccc43)cc(=O)[nH]2)CN1c1cccc2ccccc12,[BOS]O=C1CC[C@H](c2nc(CC(=O)N3c4ccccc4CCc4ccccc43)cc(=O)[nH]2)CN1c1cccc2ccccc12[EOS],51729.990582466125,42
9.8,CC1(c2nc(C3CC4CCC3N(C(=O)c3ccc(F)cc3)C4)no2)CCCC(=O)N1,[BOS]C[C@]1(c2nc([C@@H]3C[C@H]4CC[C@H]3N(C(=O)c3ccc(F)cc3)C4)no2)CCCC(=O)N1[EOS],55710.9564743042,42
11.4,O=C(c1cnnc2ccccc12)N1CCC2(CCCN(C(=O)C3CC(c4ccccc4)=NO3)C2)CC1,[BOS]O=C(c1cnnc2ccccc12)N1CCC2(CCCN(C(=O)[C@@H]3CC(c4ccccc4)=NO3)C2)CC1[EOS],4530.602620601654,42
11.7,Cc1ccc(C2CC(c3ccc(Cl)cc3)=Nc3nn(Cc4cccc5onc(Nc6nccnn6)c45)c(=O)n32)cc1,[BOS]Cc1ccc([C@H]2CC(c3ccc(Cl)cc3)=Nc3nn(Cc4cccc5onc(Nc6nccnn6)c45)c(=O)n32)cc1[EOS][EOS],9349.447286844254,42
11.3,Cc1c(C(=O)N2CC=C(c3c[nH]c4cc(Cl)ccc34)CC2)[nH]c2c1C(=O)c1ccccc1C2=O,[BOS]Cc1c(C(=O)N2CC=C(c3c[nH]c4cc(Cl)ccc34)CC2)[nH]c2c1C(=O)c1ccccc1C2=O[EOS],13308.307588100433,42
11.6,CC1Cc2ccc(F)c(Br)c2C2(N1)c1ccccc1NC(c1ccccc1)C1c3cc4ccccc4cc3OCC12,[BOS]C[C@H]1Cc2ccc(F)c(Br)c2[C@]2(N1)c1ccccc1N[C@@H](c1ccccc1)[C@@H]1c3cc4ccccc4cc3OC[C@H]12[EOS][EOS][EOS][EOS][EOS][EOS],16995.881158828735,42
11.5,Cn1nncc1-c1cccc(-c2nc(-c3cncc(-c4ccc5c(c4)CCCC5)c3)cs2)c1OC1CCC(N)CC1,[BOS]Cn1nncc1-c1cccc(-c2nc(-c3cncc(-c4ccc5c(c4)CCCC5)c3)cs2)c1OC1CCC(N)CC1[EOS],21467.027539253235,42
10.2,CC(CC(O)=Nc1nnc(C2CCC3C4CCC5CC(O)CCC5(C)C4CCC23C)o1)c1ccccc1,[BOS]C[C@H](CC(O)=Nc1nnc([C@H]2CC[C@H]3[C@H]4CC[C@@H]5C[C@@H](O)CC[C@]5(C)[C@H]4CC[C@]23C)o1)c1ccccc1[EOS][EOS][EOS],26284.486122608185,42
10.7,O=C(NCC1OCC2CCN(C(=O)C34CC(c5ccccc5)(C3)C4)CC21)c1[nH]nc2ncccc12,[BOS]O=C(NC[C@@H]1OC[C@@H]2CCN(C(=O)C34CC(c5ccccc5)(C3)C4)C[C@@H]21)c1[nH]nc2ncccc12[EOS][EOS],31621.49547958374,42
10.3,O=C1CCC(C(=O)N2CCN(C(=O)c3ccc4c(c3)OC(F)(F)O4)CC2)(c2ccccc2)CN1,[BOS]O=C1CC[C@@](C(=O)N2CCN(C(=O)c3ccc4c(c3)OC(F)(F)O4)CC2)(c2ccccc2)CN1[EOS][EOS][EOS][EOS][EOS][EOS][EOS][EOS],36208.700204610825,42
11.3,O=C(NCC1OCC2CCN(C(=O)c3cc4cc(F)ccc4[nH]3)CC21)C1C2CCCC1c1ccccc1N2,[BOS]O=C(NC[C@@H]1OC[C@@H]2CCN(C(=O)c3cc4cc(F)ccc4[nH]3)C[C@@H]21)[C@H]1[C@@H]2CCC[C@H]1c1ccccc1N2[EOS],41402.178503513336,42
10.1,Cc1ccc(C(=O)N2CCC(NC(=O)C3CC3c3ccc(OCc4ccccc4)cc3)CC2)cc1F,[BOS]Cc1ccc(C(=O)N2CCC(NC(=O)[C@@H]3C[C@@H]3c3ccc(OCc4ccccc4)cc3)CC2)cc1F[EOS][EOS][EOS][EOS][EOS],45957.91912937164,42
10.9,CC1(c2ccc(CNC(=O)C3CCN(C(=O)c4cccc5ccccc45)CC3)cc2)NC(=O)NC1=O,[BOS]C[C@]1(c2ccc(CNC(=O)C3CCN(C(=O)c4cccc5ccccc45)CC3)cc2)NC(=O)NC1=O[EOS],51452.57512879372,42
11.3,Cc1cccc2cc(C(=O)N3CCCCC3C3CCN(C(=O)c4ccc5nncn5c4)CC3)[nH]c12,[BOS]Cc1cccc2cc(C(=O)N3CCCC[C@H]3C3CCN(C(=O)c4ccc5nncn5c4)CC3)[nH]c12[EOS],56512.88073992729,42
11.8,O=C(c1cccc(Nc2ncc(F)cn2)c1)N1Cc2ccccc2C#Cc2ccccc2OCC2CC(N3CC(O)C3)CCC21,[BOS]O=C(c1cccc(Nc2ncc(F)cn2)c1)N1Cc2ccccc2C#Cc2ccccc2OC[C@H]2C[C@@H](N3CC(O)C3)CC[C@@H]21[EOS],4682.8554673194885,42
10.6,CN1C(=O)CC2(CC[NH+](C3Cc4cccc(Cl)c4C3)CC2)c2cc(F)ccc21,[BOS]CN1C(=O)CC2(CC[NH+]([C@H]3Cc4cccc(Cl)c4C3)CC2)c2cc(F)ccc21[EOS],8386.293583869934,42
11.8,O=C1Nc2ccccc2-c2ccccc2C12CCN(S(=O)(=O)c1ccc3c(c1)CCCC3)CC2,[BOS]O=C1Nc2ccccc2-c2ccccc2C12CCN(S(=O)(=O)c1ccc3c(c1)CCCC3)CC2[EOS],12574.699887990952,42
12.1,O=C(Nc1cccc(-c2nc(-c3ccccc3)n3c2CCCC3)c1)C1CCC(=O)N(c2ccc3c(c2)CCCO3)C1,[BOS]O=C1CC[C@@H](C(=O)Nc2cccc(-c3nc(-c4ccccc4)n4c3CCCC4)c2)CN1c1ccc2c(c1)CCCO2[EOS],17255.20540690422,42
11.0,Cn1c(=O)[nH]c2ncc(-c3cccc(C(=O)N4CCCC(c5[nH]ncc5NC(=O)C5CCCC5)C4)c3)cc21,[BOS]Cn1c(=O)[nH]c2ncc(-c3cccc(C(=O)N4CCC[C@H](c5[nH]ncc5NC(=O)C5CCCC5)C4)c3)cc21[EOS][EOS][EOS][EOS][EOS],22014.073090314865,42
11.6,O=C(C1Cc2ccccc2C1)N1CCC2(C1)CN(C(=O)C1CCC(=O)N(C3CC4CCC3C4)C1)CCO2,[BOS]O=C1CC[C@H](C(=O)N2CCO[C@@]3(CCN(C(=O)C4Cc5ccccc5C4)C3)C2)CN1[C@H]1C[C@H]2CC[C@@H]1C2[EOS],26348.190760612488,42
11.3,CC1(C)CCc2ccc(C(=O)Nc3cc(C4CCCCN4C(=O)C4CCC(=O)NC4)[nH]n3)cc2O1,[BOS]CC1(C)CCc2ccc(C(=O)Nc3cc([C@@H]4CCCCN4C(=O)[C@@H]4CCC(=O)NC4)[nH]n3)cc2O1[EOS],31112.967608690262,42
11.5,Nc1nc(CNC(=O)c2c3ccccc3nc3ccccc23)nc(N(c2ccccn2)c2ccnc(C3CCOCC3)n2)c1F,[BOS]Nc1nc(CNC(=O)c2c3ccccc3nc3ccccc23)nc(N(c2ccccn2)c2ccnc([C@H]3CCOCC3)n2)c1F[EOS],35940.849120140076,42
11.1,CC(C)c1nn2ccccc2c1C(=O)N1CCCCC1C1CCN(C(=O)c2ccc3ncccc3c2)CC1,[BOS]CC(C)c1nn2ccccc2c1C(=O)N1CCCC[C@@H]1C1CCN(C(=O)c2ccc3ncccc3c2)CC1[EOS],40999.05663537979,42
12.1,Cn1cc(C(=O)N2CCC3(CCCN(C(=O)c4cccc5ccccc45)C3)CC2)c2c(F)cccc21,[BOS]Cn1cc(C(=O)N2CCC3(CCCN(C(=O)c4cccc5ccccc45)C3)CC2)c2c(F)cccc21[EOS],45377.056097984314,42
11.4,O=C1CC(C(=O)N2C3CCC2CC(NC(=O)c2c[nH]c(-c4ccc(F)cc4)c2)C3)=Cc2ccccc2N1,[BOS]O=C1CC(C(=O)N2[C@@H]3CC[C@H]2C[C@@H](NC(=O)c2c[nH]c(-c4ccc(F)cc4)c2)C3)=Cc2ccccc2N1[EOS][EOS][EOS][EOS][EOS],50793.89942908287,42
12.2,Cn1cnc2c(-c3cccnc3)nc(C3CC[NH+](CC4CCN(C(=O)c5ccccc5)CC4)CC3)cc21,[BOS]Cn1cnc2c(-c3cccnc3)nc(C3CC[NH+](CC4CCN(C(=O)c5ccccc5)CC4)CC3)cc21[EOS],56847.953261613846,42
11.2,Cn1ccc2cccc(C(=O)N3CCOCC4(CN(C(=O)c5cc6ccccc6o5)CCO4)C3)c21,[BOS]Cn1ccc2cccc(C(=O)N3CCOC[C@@]4(CN(C(=O)c5cc6ccccc6o5)CCO4)C3)c21[EOS],4428.614711999893,42
11.9,CC(Cc1cccc([NH+]2CCCC2)c1)C1CCC2C3CC=C4CC(O)CCC4C(C3)C3(Cl)C(Cl)C(=O)C12C3Cl,[BOS]C[C@H](Cc1cccc([NH+]2CCCC2)c1)[C@H]1CC[C@H]2[C@H]3CC=C4C[C@@H](O)CC[C@H]4[C@H](C3)[C@]3(Cl)[C@@H](Cl)C(=O)[C@@]12C3Cl[EOS][EOS],9334.158015012741,42
11.8,O=C(NCC(=O)N1CCCc2cccc(F)c21)c1c(-c2ccccc2)noc1-c1c(F)c(F)c(F)c(F)c1F,[BOS]O=C(NCC(=O)N1CCCc2cccc(F)c21)c1c(-c2ccccc2)noc1-c1c(F)c(F)c(F)c(F)c1F[EOS],14547.327458620071,42
11.3,CC(C(=O)NC1CCc2nc(NC(=O)C=C3C(=O)Nc4ccccc43)sc2C1)C1SC(N)=[NH+]C1=O,[BOS]C[C@H](C(=O)N[C@H]1CCc2nc(NC(=O)C=C3C(=O)Nc4ccccc43)sc2C1)[C@@H]1SC(N)=[NH+]C1=O[EOS][EOS][EOS][EOS][EOS][EOS][EOS][EOS],19375.047425746918,42
11.6,O=C(Cc1ccc2c(c1)CCC2)N1CCC2(C1)CN(C(=O)C1CCN(c3ccc(F)cn3)CC1)CCO2,[BOS]O=C(Cc1ccc2c(c1)CCC2)N1CC[C@@]2(C1)CN(C(=O)C1CCN(c3ccc(F)cn3)CC1)CCO2[EOS],24164.015942811966,42
12.1,Cc1ccc2[nH]c(C(=O)NC3CC4CCC(C3)N4C(=O)c3ccc4c(c3)NC(=O)c3ccccc3O4)cc2c1,[BOS]Cc1ccc2[nH]c(C(=O)N[C@H]3C[C@H]4CC[C@@H](C3)N4C(=O)c3ccc4c(c3)NC(=O)c3ccccc3O4)cc2c1[EOS],28659.356003522873,42
10.9,CN1CC[NH+](CCC2CC3(CCN(C(=O)Nc4cc(F)cc(F)c4)CC3)c3ccccc32)CC1=O,[BOS]CN1CC[NH+](CC[C@@H]2CC3(CCN(C(=O)Nc4cc(F)cc(F)c4)CC3)c3ccccc32)CC1=O[EOS],33677.95213651657,42
11.1,O=C(NC1CC2CCC(C1)N2C(=O)c1cc(O)nc2ccccc12)c1cn(-c2ccccc2)c2ncccc12,[BOS]O=C(N[C@H]1C[C@H]2CC[C@@H](C1)N2C(=O)c1cc(O)nc2ccccc12)c1cn(-c2ccccc2)c2ncccc12[EOS][EOS][EOS][EOS][EOS],38539.44638824463,42
11.1,O=C(Nc1cc(C2CCCCN2C(=O)c2cc(F)ccc2C(F)(F)F)[nH]n1)c1cccc2cnccc12,[BOS]O=C(Nc1cc([C@H]2CCCCN2C(=O)c2cc(F)ccc2C(F)(F)F)[nH]n1)c1cccc2cnccc12[EOS],43390.800312042236,42
11.2,O=C(Nc1nc2c(s1)CC(NC(=O)c1ccc3[nH]ncc3c1)CC2)c1cnc2c(c1)CC[NH2+]CC2,[BOS]O=C(Nc1nc2c(s1)C[C@@H](NC(=O)c1ccc3[nH]ncc3c1)CC2)c1cnc2c(c1)CC[NH2+]CC2[EOS][EOS][EOS][EOS],47911.023242235184,42
10.2,Cc1ncccc1CCC(=O)N1CCC2OCCCC2(CNC(=O)C2CC2c2ccc(F)c(F)c2)C1,[BOS]Cc1ncccc1CCC(=O)N1CC[C@H]2OCCC[C@@]2(CNC(=O)[C@@H]2C[C@H]2c2ccc(F)c(F)c2)C1[EOS][EOS][EOS][EOS][EOS],53047.210740566254,42
10.2,Cc1ccc(CN2CCC(NC(=O)C3CCCN(C(=O)c4ccc5[nH]ncc5c4)C3)C2=O)cc1,[BOS]Cc1ccc(CN2CC[C@H](NC(=O)[C@@H]3CCCN(C(=O)c4ccc5[nH]ncc5c4)C3)C2=O)cc1[EOS],57490.80153155327,42
10.4,O=C(NCC1CCN(C(=O)c2cccc3cn[nH]c23)C1c1cccnc1)c1c[nH+]c2cc(Cl)ccn12,[BOS]O=C(NC[C@H]1CCN(C(=O)c2cccc3cn[nH]c23)[C@@H]1c1cccnc1)c1c[nH+]c2cc(Cl)ccn12[EOS][EOS][EOS][EOS][EOS],5266.753883600235,42
9.7,CN1CCC2(CCCC1=O)CCN(C(=O)c1ccc(Oc3cccc(Cl)c3)cc1)CC2,[BOS]CN1CCC2(CCN(C(=O)c3ccc(Oc4cccc(Cl)c4)cc3)CC2)CCCC1=O[EOS],9135.749001264572,42
11.5,CC1Oc2ccc(C(=O)N3CCCCC3c3cc(NC(=O)C4Cc5ccccc5C4)n[nH]3)cc2NC1=O,[BOS]C[C@H]1Oc2ccc(C(=O)N3CCCC[C@H]3c3cc(NC(=O)C4Cc5ccccc5C4)n[nH]3)cc2NC1=O[EOS],14105.787228822708,42
10.9,NC(=O)c1ncn2c(C(=O)OCC(=O)N3CC=C(c4c[nH]c5ccccc45)CC3)cc(-c3ccccc3Cl)nc12,[BOS]NC(=O)c1ncn2c(C(=O)OCC(=O)N3CC=C(c4c[nH]c5ccccc45)CC3)cc(-c3ccccc3Cl)nc12[EOS][EOS],19464.416655778885,42
11.0,N#Cc1cc(C(=O)Nc2nc3c(s2)CC(NC(=O)C2CNc4ccccc42)CC3)cc(C(F)(F)F)c1,[BOS]N#Cc1cc(C(=O)Nc2nc3c(s2)C[C@H](NC(=O)[C@H]2CNc4ccccc42)CC3)cc(C(F)(F)F)c1[EOS][EOS][EOS][EOS][EOS][EOS],23725.69706583023,42
11.9,Cc1ccc(C(=O)N2CCCCC2C2CCN(C(=O)CC3c4ccccc4Oc4ccccc43)CC2)c(C)c1,[BOS]Cc1ccc(C(=O)N2CCCC[C@@H]2C2CCN(C(=O)CC3c4ccccc4Oc4ccccc43)CC2)c(C)c1[EOS],28779.719691753387,42
11.6,O=C1Cc2cccc(C(=O)N3CCC([NH+]4CCC(NC(=O)c5ncn6nc(N7CCOCC7)ccc56)CC4)CC3)c2N1,[BOS]O=C1Cc2cccc(C(=O)N3CCC([NH+]4CCC(NC(=O)c5ncn6nc(N7CCOCC7)ccc56)CC4)CC3)c2N1[EOS][EOS][EOS][EOS][EOS][EOS][EOS][EOS],34017.00928711891,42
11.6,O=C(c1ccnn1-c1ccc2cnc(-c3ccccc3F)cn12)N1CCCCCC1c1ccc(F)c(F)c1F,[BOS]O=C(c1ccnn1-c1ccc2cnc(-c3ccccc3F)cn12)N1CCCCC[C@H]1c1ccc(F)c(F)c1F[EOS],38979.386205911636,42
10.4,Cc1cncc(C(=O)NC2C3COCC2CN(C(=O)c2cccc4c2oc2ccccc24)C3)c1,[BOS]Cc1cncc(C(=O)N[C@H]2[C@@H]3COC[C@H]2CN(C(=O)c2cccc4c2oc2ccccc24)C3)c1[EOS],43340.92760515213,42
10.9,Cc1cc(-c2cc(C(=O)NC3CC4CCC(C3)N4C(=O)C3Cc4ccccc4O3)[nH]n2)ccc1Cl,[BOS]Cc1cc(-c2cc(C(=O)N[C@H]3C[C@H]4CC[C@@H](C3)N4C(=O)[C@@H]3Cc4ccccc4O3)[nH]n2)ccc1Cl[EOS][EOS][EOS],48245.00006079674,42
11.7,O=C1N(c2ccccc2)c2ccc(NS(=O)(=O)c3cccc4ccccc34)cc2C12CCOCC2,[BOS]O=C1N(c2ccccc2)c2ccc(NS(=O)(=O)c3cccc4ccccc34)cc2C12CCOCC2[EOS],53241.81082248688,42
11.4,O=C(c1ccc2[nH]c(=O)ccc2c1)N1CCOCC2(C1)CN(C(=O)C1CC1c1ccc(F)c(F)c1)CCO2,[BOS]O=C(c1ccc2[nH]c(=O)ccc2c1)N1CCOC[C@]2(C1)CN(C(=O)[C@@H]1C[C@H]1c1ccc(F)c(F)c1)CCO2[EOS][EOS][EOS][EOS],57243.076466321945,42
