rv,smi,cur_sentence,elapsed_time,seed
9.8,O=C1CC(n2c([O-])c(-c3ccc(O)cc3)[nH]c2=O)CN1c1ccc2c(c1)Cc1ccccc1-2,[BOS]O=C1C[C@@H](n2c([O-])c(-c3ccc(O)cc3)[nH]c2=O)CN1c1ccc2c(c1)Cc1ccccc1-2[EOS],4344.076601266861,42
9.5,CC1Oc2ccc(-c3nc(Cc4cccc5ccccc45)no3)cc2N(C)C1=O,[BOS]C[C@@H]1Oc2ccc(-c3nc(Cc4cccc5ccccc45)no3)cc2N(C)C1=O[EOS],8137.71378326416,42
10.5,O=C(Cc1coc2ccc3ccccc3c12)Nc1cccc(-n2ncc3c(=O)[nH]cnc32)c1,[BOS]O=C(Cc1coc2ccc3ccccc3c12)Nc1cccc(-n2ncc3c(=O)[nH]cnc32)c1[EOS],12868.72515130043,42
8.9,O=C(NCC12CCCC1CN(C(=O)C1CC=CC1)C2)c1ccc2cc[nH]c2c1,[BOS]O=C(NC[C@]12CCC[C@H]1CN(C(=O)C1CC=CC1)C2)c1ccc2cc[nH]c2c1[EOS][EOS][EOS][EOS][EOS][EOS][EOS][EOS],4278.032988071442,42
10.2,Cc1cccc(CC(=O)N2CCCCC2c2cc(NC(=O)C3CC(=O)N(c4c(C)cccc4C)C3)n[nH]2)c1,[BOS]Cc1cccc(CC(=O)N2CCCC[C@@H]2c2cc(NC(=O)[C@@H]3CC(=O)N(c4c(C)cccc4C)C3)n[nH]2)c1[EOS][EOS][EOS][EOS][EOS][EOS],8998.916368484497,42
9.5,Cn1cnc2c(N3CCCC3)nc(C3CC[NH+](Cc4ccc(-c5ccncc5)cc4F)CC3)cc21,[BOS]Cn1cnc2c(N3CCCC3)nc(C3CC[NH+](Cc4ccc(-c5ccncc5)cc4F)CC3)cc21[EOS][EOS][EOS][EOS][EOS][EOS][EOS],14159.268157958984,42
9.9,Cc1ccc2oc(C(=O)N3CCCCC3c3cc(NC(=O)C4COc5ccccc5O4)n[nH]3)cc2n1,[BOS]Cc1ccc2oc(C(=O)N3CCCC[C@H]3c3cc(NC(=O)[C@H]4COc5ccccc5O4)n[nH]3)cc2n1[EOS],4393.224622011185,42
9.6,CC(NC(=O)NC(C)c1ccc2[nH]c(=O)oc2c1)c1ccc(-c2ccc(F)cc2)cc1,[BOS]C[C@H](NC(=O)N[C@@H](C)c1ccc2[nH]c(=O)oc2c1)c1ccc(-c2ccc(F)cc2)cc1[EOS],8924.233408927917,42
9.5,Cc1nc(NC(O)=Nc2ccccc2-c2ccccc2)sc1Cc1ccc(C(F)(F)F)c2ccccc12,[BOS]Cc1nc(NC(O)=Nc2ccccc2-c2ccccc2)sc1Cc1ccc(C(F)(F)F)c2ccccc12[EOS][EOS][EOS][EOS],13388.524850845337,42
9.2,Cn1c(=O)n(C)c2cc(-n3cc(CN=Nc4cc(C(F)(F)F)cc(C(F)(F)F)c4)nn3)ccc21,[BOS]Cn1c(=O)n(C)c2cc(-n3cc(CN=Nc4cc(C(F)(F)F)cc(C(F)(F)F)c4)nn3)ccc21[EOS][EOS][EOS][EOS][EOS][EOS],4395.582631826401,42
9.7,Cc1nn(C)c2nc(-c3ccccc3)cc(-c3nc(C4CCc5ccccc5C4)no3)c12,[BOS]Cc1nn(C)c2nc(-c3ccccc3)cc(-c3nc([C@H]4CCc5ccccc5C4)no3)c12[EOS],8862.710301160812,42
9.4,O=C(NC1CCc2nc(NC(=O)C3CCc4cccc(Cl)c43)sc2C1)C1=COCCC1,[BOS]O=C(N[C@H]1CCc2nc(NC(=O)[C@H]3CCc4cccc(Cl)c43)sc2C1)C1=COCCC1[EOS][EOS][EOS],13288.95617055893,42
9.4,CC(=O)N1c2ccc(S(=O)(=O)NCC3CC(c4ccccc4-c4ccccn4)CO3)cc2CC1C,[BOS]CC(=O)N1c2ccc(S(=O)(=O)NC[C@H]3C[C@@H](c4ccccc4-c4ccccn4)CO3)cc2C[C@H]1C[EOS][EOS][EOS][EOS],4306.193997859955,42
8.8,Cc1ccc(C)c(-n2c[nH+]c3cc(C(=O)N4CCN(Cc5ccccc5)CC4)ccc32)c1,[BOS]Cc1ccc(C)c(-n2c[nH+]c3cc(C(=O)N4CCN(Cc5ccccc5)CC4)ccc32)c1[EOS],8729.525033473969,42
9.8,[NH3+]CC(C(=O)N1CCOC2(CCN(C(=O)c3cnc4c(F)c(F)ccc4c3)C2)C1)c1ccccc1,[BOS][NH3+]C[C@@H](C(=O)N1CCO[C@@]2(CCN(C(=O)c3cnc4c(F)c(F)ccc4c3)C2)C1)c1ccccc1[EOS][EOS],13636.581817865372,42
9.5,CC1COC(c2ccccc2)C(C)N1C(=O)c1cccc(S(=O)(=O)NCc2ccc3c(c2)OCO3)c1,[BOS]C[C@@H]1CO[C@H](c2ccccc2)[C@@H](C)N1C(=O)c1cccc(S(=O)(=O)NCc2ccc3c(c2)OCO3)c1[EOS],4319.27648973465,42
10.5,O=C(c1ccc2c(c1)CCC(=O)N2CC(O)=NC12CCCC1CCC2)N1Cc2ccccc2N2CCCC2C1,[BOS]O=C1CCc2cc(C(=O)N3Cc4ccccc4N4CCC[C@@H]4C3)ccc2N1CC(O)=NC12CCCC1CCC2[EOS],8907.66071653366,42
9.9,O=C(c1cc(F)c(-c2ccc3c(c2)OCO3)cc1F)N1CCC(F)(F)C2(CCN(c3ncccn3)CC2)C1,[BOS]O=C(c1cc(F)c(-c2ccc3c(c2)OCO3)cc1F)N1CCC(F)(F)C2(CCN(c3ncccn3)CC2)C1[EOS][EOS][EOS],12996.478071689606,42
9.9,CC(C)(C)n1nc(-c2ccc3nnc(-c4ccc5ccccc5c4)n3c2)c2ccccc21,[BOS]CC(C)(C)n1nc(-c2ccc3nnc(-c4ccc5ccccc5c4)n3c2)c2ccccc21[EOS],4454.869116306305,42
8.9,O=C(CCCc1ccncc1)N1CCC(C2CCCCN2C(=O)C2CC2c2ccc(Cl)cc2)CC1,[BOS]O=C(CCCc1ccncc1)N1CCC([C@H]2CCCCN2C(=O)[C@H]2C[C@@H]2c2ccc(Cl)cc2)CC1[EOS][EOS][EOS][EOS][EOS][EOS][EOS][EOS],9380.799661397934,42
10.5,CC(C)[NH+]=c1[nH]c(COc2ccc(C=c3c(=O)c4cccc5cccc3c54)cc2)nc2sc(-c3ccccc3)cc12,[BOS]CC(C)[NH+]=c1[nH]c(COc2ccc(C=C3C(=O)c4cccc5cccc3c45)cc2)nc2sc(-c3ccccc3)cc12[EOS],13883.788565397263,42
9.2,O=C(NCC1CCCC[NH+](Cc2ccccc2)C1)C1(O)c2ccccc2-c2ccccc21,[BOS]O=C(NC[C@@H]1CCCC[NH+](Cc2ccccc2)C1)C1(O)c2ccccc2-c2ccccc21[EOS],4798.469052314758,42
9.7,Cc1ccc2cc(C(=O)NC3CC[NH+](C4CCN(C(=O)Cc5c(C)[nH]n(C)c5=O)CC4)CC3)ccc2n1,[BOS]Cc1ccc2cc(C(=O)NC3CC[NH+](C4CCN(C(=O)Cc5c(C)[nH]n(C)c5=O)CC4)CC3)ccc2n1[EOS][EOS][EOS][EOS][EOS][EOS][EOS],9946.90722322464,42
9.3,O=C(c1ccc2cc[nH]c2c1)N1CCC2(CCCN(C(=O)c3cnc4cccc(Cl)c4c3)C2)CC1,[BOS]O=C(c1cnc2cccc(Cl)c2c1)N1CCCC2(CCN(C(=O)c3ccc4cc[nH]c4c3)CC2)C1[EOS][EOS][EOS][EOS],14134.198669672012,42
9.7,O=C(C1C[NH2+]CC12C(=O)Nc1ccccc12)N1CCC(F)(F)C2(CCN(c3cnccn3)C2)C1,[BOS]O=C([C@H]1C[NH2+]C[C@]12C(=O)Nc1ccccc12)N1CCC(F)(F)[C@]2(CCN(c3cnccn3)C2)C1[EOS][EOS][EOS],4237.108974695206,42
10.1,O=C(Nc1cc(C2CCCCN2C(=O)C2Cc3ccccc3C[NH2+]2)[nH]n1)c1n[nH]c2cc(Cl)ccc12,[BOS]O=C(Nc1cc([C@H]2CCCCN2C(=O)[C@H]2Cc3ccccc3C[NH2+]2)[nH]n1)c1n[nH]c2cc(Cl)ccc12[EOS],9173.07022857666,42
10.7,CC(NC(=O)C1CCC(N2CCCc3csc(c3)CCSCC2)CC1)c1ccc2nc(O)ccc2c1,[BOS]C[C@H](NC(=O)[C@H]1CC[C@H](N2CCSCCc3scc(c3)CCC2)CC1)c1ccc2nc(O)ccc2c1[EOS],14113.851382493973,42
9.6,CC(NC(=O)N1CC(c2ccccc2)C2COCCC21)c1ccc2c(c1)CCC(=O)N2C,[BOS]C[C@H](NC(=O)N1C[C@H](c2ccccc2)[C@@H]2COCC[C@@H]21)c1ccc2c(c1)CCC(=O)N2C[EOS],4059.153628587723,42
10.6,[N-]=[N+]=NC1(c2nc3ccc(C(=O)N4C5CCCC4CCC5)cc3[nH]2)CCOC(c2cccc(F)c2Cl)O1,[BOS][N-]=[N+]=N[C@]1(c2nc3ccc(C(=O)N4C5CCCC4CCC5)cc3[nH]2)CCO[C@H](c2cccc(F)c2Cl)O1[EOS],8515.515147447586,42
10.6,O=C(NC1(c2ccc(NC(=O)C3C4CCCC3c3ccccc3N4)cc2)CCC1)c1cc2ncccc2[nH]1,[BOS]O=C(NC1(c2ccc(NC(=O)[C@@H]3[C@H]4CCC[C@H]3c3ccccc3N4)cc2)CCC1)c1cc2ncccc2[nH]1[EOS],13506.163691997528,42
9.6,Cc1cc(-c2noc(CC3CCc4cc(F)ccc4C3)n2)ccc1-n1cnc2ccccc21,[BOS]Cc1cc(-c2noc(C[C@@H]3CCc4cc(F)ccc4C3)n2)ccc1-n1cnc2ccccc21[EOS],4308.210368871689,42
9.6,O=C1CCCC(c2ccc(C(=O)NC3CC=C(c4ccc(F)cc4)CC3)cc2)N1,[BOS]O=C1CCC[C@@H](c2ccc(C(=O)N[C@H]3CC=C(c4ccc(F)cc4)CC3)cc2)N1[EOS],8354.375217437744,42
9.3,O=C(c1ccc([N-]S(=O)(=O)c2cccc([N+](=O)[O-])c2)cc1)N1CC=C(c2cccc3ccccc23)CC1,[BOS]O=C(c1ccc([N-]S(=O)(=O)c2cccc([N+](=O)[O-])c2)cc1)N1CC=C(c2cccc3ccccc23)CC1[EOS][EOS][EOS][EOS][EOS],12982.293511629105,42
10.1,O=C(Nc1cc(C2CCCCN2C(=O)C2Cc3ccccc3O2)[nH]n1)C1CCc2ccccc2C1,[BOS]O=C(Nc1cc([C@H]2CCCCN2C(=O)[C@@H]2Cc3ccccc3O2)[nH]n1)[C@H]1CCc2ccccc2C1[EOS][EOS][EOS][EOS][EOS][EOS][EOS][EOS],4803.649393796921,42
9.0,COc1ccc(C(C)C(=O)NC2(c3ccc(NC(=O)C4CCC5CCC(=O)N5C4)cc3)CCC2)cc1,[BOS]COc1ccc([C@H](C)C(=O)NC2(c3ccc(NC(=O)[C@@H]4CC[C@@H]5CCC(=O)N5C4)cc3)CCC2)cc1[EOS][EOS][EOS][EOS][EOS][EOS][EOS][EOS],9579.022678852081,42
9.3,O=C(Nc1ccc(C2(NC(=O)c3cccc4cccnc34)CCC2)cc1)c1cnccc1C(F)(F)F,[BOS]O=C(NC1(c2ccc(NC(=O)c3cnccc3C(F)(F)F)cc2)CCC1)c1cccc2cccnc12[EOS][EOS][EOS],14411.435596942902,42
9.7,Cc1ccccc1C1CCN(C(=O)c2cc(-c3cccc(-c4nn[n-]n4)c3)no2)C1,[BOS]Cc1ccccc1[C@@H]1CCN(C(=O)c2cc(-c3cccc(-c4nn[n-]n4)c3)no2)C1[EOS],4321.349771976471,42
10.5,O=C(Nc1cccc(NC(=O)N2CC(c3ccccc3)C3COCCC32)c1)Nc1cccc2c1CCCC2,[BOS]O=C(Nc1cccc(NC(=O)N2C[C@H](c3ccccc3)[C@@H]3COCC[C@@H]32)c1)Nc1cccc2c1CCCC2[EOS],9026.57309126854,42
10.3,Cc1cccc(-c2cc(C(F)(F)N3CCC4(COCc5cnc(-c6ccccc6)nc54)C3)cc(Cl)n2)c1,[BOS]Cc1cccc(-c2cc(C(F)(F)N3CC[C@]4(COCc5cnc(-c6ccccc6)nc54)C3)cc(Cl)n2)c1[EOS],13732.054899692535,42
10.0,Cc1cccc2c1OC(CNC(=O)c1nnn(Cc3cc(C(F)(F)F)cc(C(F)(F)F)c3)c1C)C2,[BOS]Cc1cccc2c1O[C@H](CNC(=O)c1nnn(Cc3cc(C(F)(F)F)cc(C(F)(F)F)c3)c1C)C2[EOS],4783.222859382629,42
9.7,CC(C(=O)Nc1n[nH]c(Cc2cccc(F)c2)n1)c1ccc2ccccc2c1,[BOS]C[C@H](C(=O)Nc1n[nH]c(Cc2cccc(F)c2)n1)c1ccc2ccccc2c1[EOS],9013.219893455505,42
12.2,O=C1C2C3c4ccccc4C(c4ccccc4)(c4ccccc43)C2C(=O)N1CCC1=c2ccccc2=[NH+]C1,[BOS]O=C1[C@@H]2[C@@H]3c4ccccc4[C@](c4ccccc4)(c4ccccc43)[C@@H]2C(=O)N1CCC1=c2ccccc2=[NH+]C1[EOS],13498.993962526321,42
10.0,OC(=Nc1ccc(CN2CCc3ccccc32)cc1)N1CC=C(c2c[nH]c3cc(F)ccc23)CC1,[BOS]OC(=Nc1ccc(CN2CCc3ccccc32)cc1)N1CC=C(c2c[nH]c3cc(F)ccc23)CC1[EOS],4946.372904777527,42
11.5,CC(Cc1ccccc1)c1cc(-c2nc(-c3ccc4c(c3)OCCc3ccccc3-4)nnc2O)c2ncncc2c1,[BOS]C[C@@H](Cc1ccccc1)c1cc(-c2nc(-c3ccc4c(c3)OCCc3ccccc3-4)nnc2O)c2ncncc2c1[EOS],9425.743856430054,42
11.1,Fc1cccc(-c2ccc(CN3NCC4C3CCCN4c3nc(-c4ccccc4)nc4ccccc34)cc2)c1N1CCCCCC1,[BOS]Fc1cccc(-c2ccc(CN3NCC4C3CCCN4c3nc(-c4ccccc4)nc4ccccc34)cc2)c1N1CCCCCC1[EOS],14463.79530453682,42
9.9,Cc1ccc(C(=O)N2CCCCC2c2cc(NC(=O)C3CSCN3C(=O)C3CCC(=O)N3)n[nH]2)cc1C,[BOS]Cc1ccc(C(=O)N2CCCC[C@H]2c2cc(NC(=O)[C@@H]3CSCN3C(=O)[C@@H]3CCC(=O)N3)n[nH]2)cc1C[EOS][EOS][EOS][EOS][EOS][EOS][EOS][EOS],4816.690445423126,42
10.6,O=C(NC1C2COCC1CN(C(=O)Cc1ccc3ccccc3c1)C2)C1C2CCCC1c1ccccc1N2,[BOS]O=C(N[C@H]1[C@@H]2COC[C@H]1CN(C(=O)Cc1ccc3ccccc3c1)C2)[C@H]1[C@@H]2CCC[C@H]1c1ccccc1N2[EOS],9589.676562786102,42
10.0,Cc1ccccc1OCC(=O)Nc1cc(C2CCCCN2C(=O)CCc2ccc(C)c3ccccc23)[nH]n1,[BOS]Cc1ccc(CCC(=O)N2CCCC[C@@H]2c2cc(NC(=O)COc3ccccc3C)n[nH]2)c2ccccc12[EOS],14767.21822142601,42
9.3,O=C(NC1CCC(c2ccc(F)cc2)C1)C12CC3CC(C1)CC(C(F)(F)F)(C3)C2,[BOS]O=C(N[C@@H]1CC[C@H](c2ccc(F)cc2)C1)C12C[C@H]3C[C@@H](C1)CC(C(F)(F)F)(C3)C2[EOS][EOS][EOS][EOS][EOS][EOS][EOS],4230.443375349045,42
10.7,O=C(c1ccccc1)c1ccc2[nH]c(C(=O)Nc3noc4cnccc34)c(-c3cccc4c3Cc3ccccc3-4)c2c1,[BOS]O=C(Nc1noc2cnccc12)c1[nH]c2ccc(C(=O)c3ccccc3)cc2c1-c1cccc2c1Cc1ccccc1-2[EOS][EOS][EOS],8794.867411613464,42
9.6,Fc1ccccc1Cn1c2ccccc2c2c(C3(c4nc(-c5ccc(-c6ccccc6)cc5)no4)CC3(F)F)c[nH]c21,[BOS]FC1(F)C[C@@]1(c1nc(-c2ccc(-c3ccccc3)cc2)no1)c1c[nH]c2c1c1ccccc1n2Cc1ccccc1F[EOS][EOS][EOS],12708.069422006607,42
11.2,O=C(Nc1cc(C2CCCCN2C(=O)C2CCCCC2(F)F)[nH]n1)c1ccc2c(c1)Cc1ccccc1-2,[BOS]O=C(Nc1cc([C@H]2CCCCN2C(=O)[C@@H]2CCCCC2(F)F)[nH]n1)c1ccc2c(c1)Cc1ccccc1-2[EOS],4816.195403814316,42
9.9,CC(OC(=O)c1ccc2c(c1)C(=O)NCc1ccccc1-2)c1nc(-c2ccccc2)cs1,[BOS]C[C@H](OC(=O)c1ccc2c(c1)C(=O)NCc1ccccc1-2)c1nc(-c2ccccc2)cs1[EOS],9680.741611003876,42
9.1,CC1C(Cc2ccccc2)CCN1C(=O)C(c1cccnc1)[NH+]1CCN(C(=O)c2ccccc2)CC1,[BOS]C[C@@H]1[C@H](Cc2ccccc2)CCN1C(=O)[C@H](c1cccnc1)[NH+]1CCN(C(=O)c2ccccc2)CC1[EOS][EOS][EOS][EOS][EOS],13724.575550079346,42
10.4,O=C(NC1CCc2nc(NC(=O)C3CC3c3ccc(F)c(F)c3)sc2C1)c1ccc2ncncc2c1,[BOS]O=C(N[C@@H]1CCc2nc(NC(=O)[C@@H]3C[C@H]3c3ccc(F)c(F)c3)sc2C1)c1ccc2ncncc2c1[EOS][EOS][EOS],4601.827259302139,42
10.0,Cc1cc(C(=O)N2CCCCC2C2CCN(C(=O)C3Cc4ccccc4O3)CC2)c2cc(O)ccc2n1,[BOS]Cc1cc(C(=O)N2CCCC[C@H]2C2CCN(C(=O)[C@H]3Cc4ccccc4O3)CC2)c2cc(O)ccc2n1[EOS],9315.420339107513,42
11.1,O=C(NC1(c2ccc(NC(=O)C3C4CCCC3c3ccccc3N4)cc2)CCC1)c1cnc2[nH]ncc2c1,[BOS]O=C(NC1(c2ccc(NC(=O)[C@@H]3[C@@H]4CCC[C@H]3c3ccccc3N4)cc2)CCC1)c1cnc2[nH]ncc2c1[EOS],14677.223453998566,42
10.4,O=C1C(=CC=C2[NH2+]c3ccccc3O2)c2ccc3ccc(-c4ccc5ccccc5c4)cc3c2C12CCCCCCCCC2,[BOS]O=C1C(=CC=C2[NH2+]c3ccccc3O2)c2ccc3ccc(-c4ccc5ccccc5c4)cc3c2C12CCCCCCCCC2[EOS][EOS][EOS],4573.291512966156,42
10.1,O=C(Nc1cc(C2CCCCN2C(=O)C2Cc3ccccc3N2)[nH]n1)C1CCc2ccccc2C1,[BOS]O=C(Nc1cc([C@@H]2CCCCN2C(=O)[C@@H]2Cc3ccccc3N2)[nH]n1)[C@@H]1CCc2ccccc2C1[EOS],9374.813325166702,42
10.0,Cn1c(C(=O)N2CCCCC2c2cc(NC(=O)Cc3ccc4ncccc4c3)n[nH]2)cc2ccccc21,[BOS]Cn1c(C(=O)N2CCCC[C@H]2c2cc(NC(=O)Cc3ccc4ncccc4c3)n[nH]2)cc2ccccc21[EOS][EOS][EOS][EOS],14210.009659051895,42
10.8,O=C(c1ccc(-c2coc3cc(F)ccc23)cc1)N1CC(c2ccccc2)C2COCCC21,[BOS]O=C(c1ccc(-c2coc3cc(F)ccc23)cc1)N1C[C@H](c2ccccc2)[C@H]2COCC[C@H]21[EOS],4169.680998086929,42
10.5,Cc1ccc2cc(C(=O)N3CCCCC3c3cc(NC(=O)C4Cc5ccccc5O4)n[nH]3)ccc2n1,[BOS]Cc1ccc2cc(C(=O)N3CCCC[C@H]3c3cc(NC(=O)[C@H]4Cc5ccccc5O4)n[nH]3)ccc2n1[EOS],9038.912963628769,42
10.4,CC(=O)Nc1cccc(C(=O)Nc2cc(C3CCCCN3C(=O)C3CC3c3ccc(F)c(F)c3)[nH]n2)n1,[BOS]CC(=O)Nc1cccc(C(=O)Nc2cc([C@@H]3CCCCN3C(=O)[C@H]3C[C@H]3c3ccc(F)c(F)c3)[nH]n2)n1[EOS],13695.099725961685,42
9.7,O=C(c1cc(C(F)(F)F)cc(C(F)(F)F)c1)N1c2ccccc2C2(C(O)=Nc3ccccc32)C12CCCC2,[BOS]O=C(c1cc(C(F)(F)F)cc(C(F)(F)F)c1)N1c2ccccc2C2(C(O)=Nc3ccccc32)C12CCCC2[EOS],4429.929100990295,42
9.4,Cc1ccc2nc(-c3ccccc3)cc(C(=O)Nc3ccnn3C3CCCc4ccccc43)c2c1,[BOS]Cc1ccc2nc(-c3ccccc3)cc(C(=O)Nc3ccnn3[C@@H]3CCCc4ccccc43)c2c1[EOS],8788.92013001442,42
10.2,O=C(NC1CCCN(c2ccc(C(c3ccc(F)cc3)c3ccc(F)cc3)cc2)C1=O)c1ccccc1F,[BOS]O=C(N[C@H]1CCCN(c2ccc(C(c3ccc(F)cc3)c3ccc(F)cc3)cc2)C1=O)c1ccccc1F[EOS],13887.05334687233,42
10.1,Cc1cccc(CC(=O)Nc2ccc(C3(NC(=O)C4(c5cccc(Cl)c5)CCCC4)CCC3)cc2)n1,[BOS]Cc1cccc(CC(=O)Nc2ccc(C3(NC(=O)C4(c5cccc(Cl)c5)CCCC4)CCC3)cc2)n1[EOS],5050.868306398392,42
9.7,O=C1Nc2ccccc2C1C1CCN(C(=O)C2CCCN(C(=O)c3cccc4ccccc34)C2)CC1,[BOS]O=C1Nc2ccccc2[C@H]1C1CCN(C(=O)[C@@H]2CCCN(C(=O)c3cccc4ccccc34)C2)CC1[EOS],9483.482187747955,42
11.4,O=C(NCc1ccc(OC2CCCCC2)cc1)c1c2c(nc3ccccc13)CCCC21C(=O)c2ccccc2[NH+]=C1[O-],[BOS]O=C(NCc1ccc(OC2CCCCC2)cc1)c1c2c(nc3ccccc13)CCCC21C(=O)c2ccccc2[NH+]=C1[O-][EOS],13951.404465913773,42
10.0,C[NH+]1CCN(C(=O)c2ccc(NC(=O)CCN3C(=O)NC4(CCCC4)C3=O)cc2)CC12CCCCC2,[BOS]C[NH+]1CCN(C(=O)c2ccc(NC(=O)CCN3C(=O)NC4(CCCC4)C3=O)cc2)CC12CCCCC2[EOS],5099.065050363541,42
10.0,CC(C(=O)Nc1cc(C2CCCCN2C(=O)C2=C3c4ccccc4C(=O)N3CC2)[nH]n1)c1ccccc1,[BOS]C[C@@H](C(=O)Nc1cc([C@H]2CCCCN2C(=O)C2=C3c4ccccc4C(=O)N3CC2)[nH]n1)c1ccccc1[EOS][EOS][EOS][EOS][EOS][EOS][EOS][EOS],10194.15735077858,42
10.3,O=C(Nc1cc(C2CCCCN2C(=O)C2CCc3ccccc3O2)[nH]n1)C1=NOC(c2ccccc2)C1,[BOS]O=C(Nc1cc([C@@H]2CCCCN2C(=O)[C@H]2CCc3ccccc3O2)[nH]n1)C1=NO[C@@H](c2ccccc2)C1[EOS],15118.332199335098,42
11.0,O=C(c1cccc2ccccc12)N1CCC(C(=O)N2CCC3(CC(=O)N(c4cccc(F)c4)C3)C2)CC1,[BOS]O=C1C[C@]2(CCN(C(=O)C3CCN(C(=O)c4cccc5ccccc45)CC3)C2)CN1c1cccc(F)c1[EOS],4543.295868873596,42
10.0,O=C(C1CC12CCCc1ccccc12)N1CC(n2cc(-c3ccccc3)nn2)C1,[BOS]O=C([C@@H]1C[C@@]12CCCc1ccccc12)N1CC(n2cc(-c3ccccc3)nn2)C1[EOS],8355.345746278763,42
10.0,O=C(Nc1cc(C2CCCCN2C(=O)c2cccc3[nH]ncc23)[nH]n1)c1cccc2cccnc12,[BOS]O=C(Nc1cc([C@H]2CCCCN2C(=O)c2cccc3[nH]ncc23)[nH]n1)c1cccc2cccnc12[EOS][EOS][EOS][EOS][EOS][EOS][EOS][EOS],13276.888674259186,42
9.6,O=C(NC1CC2CCC(C1)N2C(=O)C1CC1c1ccc(Cl)cc1)C1CCCC[NH+]1Cc1ccccc1,[BOS]O=C(N[C@H]1C[C@H]2CC[C@@H](C1)N2C(=O)[C@@H]1C[C@H]1c1ccc(Cl)cc1)[C@@H]1CCCC[NH+]1Cc1ccccc1[EOS][EOS][EOS][EOS][EOS],4387.851177215576,42
10.6,O=C(Cc1ccc(-c2noc(Cc3ccc4ccccc4c3C(F)(F)F)n2)cc1)c1ccc(F)cc1F,[BOS]O=C(Cc1ccc(-c2noc(Cc3ccc4ccccc4c3C(F)(F)F)n2)cc1)c1ccc(F)cc1F[EOS],9379.996283531189,42
9.6,O=C(NC1CCCOc2ccccc21)c1ccc(-n2nccc2-c2ccc(F)cc2)cc1,[BOS]O=C(N[C@H]1CCCOc2ccccc21)c1ccc(-n2nccc2-c2ccc(F)cc2)cc1[EOS],13519.81918168068,42
10.6,O=C(NC1CC(=O)N(c2ccc(N3CCCOc4cc(F)cc(OC5CC=CC5)c43)cc2)C1)c1ccc(O)cc1Cl,[BOS]O=C(NC1CC(=O)N(c2ccc(N3CCCOc4cc(F)cc(OC5CC=CC5)c43)cc2)C1)c1ccc(O)cc1Cl[EOS],4927.345672369003,42
9.9,Cc1cnoc1C(=O)Nc1cc(C2CCCCN2C(=O)CCc2ccc(C)c3ccccc23)[nH]n1,[BOS]Cc1cnoc1C(=O)Nc1cc([C@@H]2CCCCN2C(=O)CCc2ccc(C)c3ccccc23)[nH]n1[EOS],9644.74969124794,42
9.5,Cc1nc(CNC(=O)C(=O)NCC2CCc3ccccc3C2)oc1-c1ccc(Cl)cc1,[BOS]Cc1nc(CNC(=O)C(=O)NC[C@H]2CCc3ccccc3C2)oc1-c1ccc(Cl)cc1[EOS],14222.120599269867,42
9.7,Cc1cccc2c(=O)c(C(=O)Nc3ccc(C4(NC(=O)c5noc6ccccc56)CCC4)cc3)c[nH]c12,[BOS]Cc1cccc2c(=O)c(C(=O)Nc3ccc(C4(NC(=O)c5noc6ccccc56)CCC4)cc3)c[nH]c12[EOS][EOS][EOS][EOS][EOS][EOS][EOS],4190.922765493393,42
9.5,Cc1cc(=O)[nH]c2cc(C(=O)NCc3cccc(N4C(=O)NC5(CCCC5)C4=O)c3)ccc12,[BOS]Cc1cc(=O)[nH]c2cc(C(=O)NCc3cccc(N4C(=O)NC5(CCCC5)C4=O)c3)ccc12[EOS][EOS][EOS][EOS],8428.123144865036,42
9.7,Cn1ncc2cc(C(=O)N3CCCCC3c3cc(NC(=O)c4cccc5c4CCCC5)n[nH]3)ccc21,[BOS]Cn1ncc2cc(C(=O)N3CCCC[C@@H]3c3cc(NC(=O)c4cccc5c4CCCC5)n[nH]3)ccc21[EOS],13219.04063653946,42
10.3,CC(=O)n1ccc2ccc(-c3cc(C(=O)N4CCN(Cc5ccccc5)CC4)nc4ccccc34)cc21,[BOS]CC(=O)n1ccc2ccc(-c3cc(C(=O)N4CCN(Cc5ccccc5)CC4)nc4ccccc34)cc21[EOS],4107.078216791153,42
10.0,O=C(C=Cc1cc(F)ccc1F)N1CCCC2(CCN(C(=O)C3Cc4ccccc4C[NH2+]3)CC2)C1,[BOS]O=C(C=Cc1cc(F)ccc1F)N1CCCC2(CCN(C(=O)[C@@H]3Cc4ccccc4C[NH2+]3)CC2)C1[EOS],8411.105149745941,42
9.7,Cc1cc(C)cc(C2=CC[NH+](Cc3nnc(-c4ccc(-c5nn[n-]n5)cc4)o3)CC2)c1,[BOS]Cc1cc(C)cc(C2=CC[NH+](Cc3nnc(-c4ccc(-c5nn[n-]n5)cc4)o3)CC2)c1[EOS],12434.284544706345,42
9.9,CC([NH2+]C(c1ccccc1)C1CCCc2ccccc21)C(=O)N1c2ccccc2NC(=O)CC1C(F)(F)F,[BOS]C[C@H]([NH2+][C@H](c1ccccc1)[C@@H]1CCCc2ccccc21)C(=O)N1c2ccccc2NC(=O)C[C@@H]1C(F)(F)F[EOS],4920.620008945465,42
9.1,O=C(NCC1(c2c(Cl)cccc2Cl)CCC1)Nc1ccc(C(=O)N2CCOCC2)c(F)c1,[BOS]O=C(NCC1(c2c(Cl)cccc2Cl)CCC1)Nc1ccc(C(=O)N2CCOCC2)c(F)c1[EOS],9183.481711149216,42
10.5,CCn1nc(C(=O)Nc2cc(C3CCCCN3C(=O)c3c(C)oc4cc(O)ccc34)[nH]n2)c2ccccc21,[BOS]CCn1nc(C(=O)Nc2cc([C@@H]3CCCCN3C(=O)c3c(C)oc4cc(O)ccc34)[nH]n2)c2ccccc21[EOS][EOS][EOS][EOS][EOS][EOS][EOS],13861.786614179611,42
9.4,O=C(NC1CCN(C(=O)C2CC(=O)N(Cc3ccccc3F)C2)C1)c1cc2ccccc2oc1=O,[BOS]O=C(N[C@@H]1CCN(C(=O)[C@@H]2CC(=O)N(Cc3ccccc3F)C2)C1)c1cc2ccccc2oc1=O[EOS],4258.987581014633,42
10.0,Cc1cc2cc(C(=O)N3CCCCC3C3CCN(C(=O)C4Cc5ccccc5C4)CC3)ccc2[nH]1,[BOS]Cc1cc2cc(C(=O)N3CCCC[C@H]3C3CCN(C(=O)C4Cc5ccccc5C4)CC3)ccc2[nH]1[EOS],9421.574321508408,42
9.7,O=C(NC1C2COCC1CN(C(=O)C1CCC3CCC(=O)N3C1)C2)C1C2CCCC1c1ccccc1N2,[BOS]O=C(N[C@H]1[C@@H]2COC[C@H]1CN(C(=O)[C@@H]1CC[C@@H]3CCC(=O)N3C1)C2)[C@H]1[C@@H]2CCC[C@H]1c1ccccc1N2[EOS],14057.511623859406,42
9.8,O=C(NCC(=O)N1CCc2ccccc2C1)NC1C2CCC1Cc1ccccc1C2,[BOS]O=C(CNC(=O)NC1[C@H]2CC[C@H]1Cc1ccccc1C2)N1CCc2ccccc2C1[EOS],4278.04438662529,42
9.4,Cc1ccc(C)c(C2=NOC(C(=O)N3CCCC(c4nc5ccccc5s4)C3)C2)c1,[BOS]Cc1ccc(C)c(C2=NO[C@@H](C(=O)N3CCC[C@@H](c4nc5ccccc5s4)C3)C2)c1[EOS],8523.967689752579,42
10.1,CC1=CCC(C(=O)NC2(c3ccc(NC(=O)C4C5CCCC4c4ccccc4N5)cc3)CCC2)CC1,[BOS]CC1=CC[C@@H](C(=O)NC2(c3ccc(NC(=O)[C@@H]4[C@@H]5CCC[C@H]4c4ccccc4N5)cc3)CCC2)CC1[EOS],13555.933319091797,42
10.2,O=C1CCCc2cc(NC(=O)C3CC(=O)N(c4ccc5c(c4)Cc4ccccc4-5)C3)c(F)cc2N1,[BOS]O=C1CCCc2cc(NC(=O)[C@H]3CC(=O)N(c4ccc5c(c4)Cc4ccccc4-5)C3)c(F)cc2N1[EOS],4700.21710896492,42
10.8,O=C(NC1(c2ccc(NC(=O)c3cccc4c3oc3ccccc34)cc2)CCC1)c1ncn(-c2ccccc2)n1,[BOS]O=C(NC1(c2ccc(NC(=O)c3cccc4c3oc3ccccc34)cc2)CCC1)c1ncn(-c2ccccc2)n1[EOS][EOS][EOS][EOS],10104.666511774063,42
10.9,O=C(Nc1cc(C2CCCCN2C(=O)C2CCCCC2(F)F)[nH]n1)c1ccc(-c2ccccc2)c(F)c1,[BOS]O=C(Nc1cc([C@@H]2CCCCN2C(=O)[C@@H]2CCCCC2(F)F)[nH]n1)c1ccc(-c2ccccc2)c(F)c1[EOS],14772.365453958511,42
9.9,Cc1cc(C(=O)N2CCCCC2C2CCN(C(=O)C3COc4ccccc4O3)CC2)cc2cn[nH]c12,[BOS]Cc1cc(C(=O)N2CCCC[C@H]2C2CCN(C(=O)[C@H]3COc4ccccc4O3)CC2)cc2cn[nH]c12[EOS][EOS][EOS][EOS][EOS],4862.401287555695,42
10.0,O=C(Nc1cc(C2CCCCN2C(=O)C(O)Cc2ccccc2)[nH]n1)C1CCc2ccccc21,[BOS]O=C(Nc1cc([C@@H]2CCCCN2C(=O)[C@@H](O)Cc2ccccc2)[nH]n1)[C@@H]1CCc2ccccc21[EOS],9723.937123775482,42
10.3,O=C(c1ccc(N2C(=O)c3ccccc3C2=O)cc1)N1CCC2(CCc3ccccc3O2)C1,[BOS]O=C(c1ccc(N2C(=O)c3ccccc3C2=O)cc1)N1CC[C@@]2(CCc3ccccc3O2)C1[EOS],14056.205846071243,42
10.2,O=C(Nc1ccc(C2(NC(=O)c3cccc4cnccc34)CCC2)cc1)c1[nH]cnc1-c1cccnc1,[BOS]O=C(NC1(c2ccc(NC(=O)c3[nH]cnc3-c3cccnc3)cc2)CCC1)c1cccc2cnccc12[EOS][EOS][EOS],5469.661362886429,42
10.2,CN(CC1CCCOC1c1ccccc1)C(=O)Nc1ccc(S(=O)(=O)c2ccc(F)cc2)cc1,[BOS]CN(C[C@@H]1CCCO[C@H]1c1ccccc1)C(=O)Nc1ccc(S(=O)(=O)c2ccc(F)cc2)cc1[EOS],10242.335824012756,42
9.8,Cc1ccn2ncc(C(=O)N3CCCCC3c3cc(NC(=O)c4ccc5c(c4)CC(=O)N5)n[nH]3)c2c1,[BOS]Cc1ccn2ncc(C(=O)N3CCCC[C@H]3c3cc(NC(=O)c4ccc5c(c4)CC(=O)N5)n[nH]3)c2c1[EOS][EOS][EOS][EOS][EOS][EOS][EOS][EOS],14861.09142255783,42
9.9,Cc1noc2ncc(-c3noc(-c4nn(-c5cc(C(F)(F)F)ccc5Cl)c5c4CCCC5)n3)cc12,[BOS]Cc1noc2ncc(-c3noc(-c4nn(-c5cc(C(F)(F)F)ccc5Cl)c5c4CCCC5)n3)cc12[EOS],4188.277116537094,42
9.3,O=C(CCN1Cc2ccccc2C1=O)N1CCC(C2CCCCN2C(=O)c2cnn3ncccc23)CC1,[BOS]O=C(CCN1Cc2ccccc2C1=O)N1CCC([C@H]2CCCCN2C(=O)c2cnn3ncccc23)CC1[EOS][EOS][EOS][EOS][EOS],9053.059119939804,42
9.5,O=C(NC(c1ccccc1)c1ccc2ccccc2c1)C1CCN(c2ccc3cccc(O)c3n2)CC1,[BOS]O=C(N[C@H](c1ccccc1)c1ccc2ccccc2c1)C1CCN(c2ccc3cccc(O)c3n2)CC1[EOS][EOS][EOS][EOS][EOS],13290.723920822144,42
9.5,O=C(c1ccccc1Cl)N1CCC(c2nnc(-c3ccc(F)c(N4CCCCCC4)c3)o2)CC1,[BOS]O=C(c1ccccc1Cl)N1CCC(c2nnc(-c3ccc(F)c(N4CCCCCC4)c3)o2)CC1[EOS][EOS][EOS][EOS][EOS][EOS][EOS],4366.480912685394,42
10.2,Cc1cccc2c1CCC(N1CCC3(CCCC[NH2+]C3)Cc3ccccc31)C2,[BOS]Cc1cccc2c1CC[C@@H](N1CCC3(CCCC[NH2+]C3)Cc3ccccc31)C2[EOS],8518.772657632828,42
9.8,CC(NC(=O)N1CCC(C(=O)Nc2ccc3c(c2)OCO3)CC1)C(=O)N1c2ccccc2CC1C,[BOS]C[C@@H](NC(=O)N1CCC(C(=O)Nc2ccc3c(c2)OCO3)CC1)C(=O)N1c2ccccc2C[C@H]1C[EOS],13070.119384765625,42
10.6,O=C(Nc1ccc(Oc2cccc3ccccc23)cc1)NC1CCOC(c2ccccc2)C1,[BOS]O=C(Nc1ccc(Oc2cccc3ccccc23)cc1)N[C@H]1CCO[C@H](c2ccccc2)C1[EOS],4873.842354297638,42
10.2,FC(F)(F)c1ccc(-c2cccc(-c3noc(-c4cccn5cc(-c6ccccc6)nc45)n3)c2)cc1,[BOS]FC(F)(F)c1ccc(-c2cccc(-c3noc(-c4cccn5cc(-c6ccccc6)nc45)n3)c2)cc1[EOS],9152.476496696472,42
10.8,[NH3+]C(Cc1c2ccccc2cc2ccccc12)c1nc(-c2ccc3c(c2)COC3c2ccc(F)cc2)no1,[BOS][NH3+][C@@H](Cc1c2ccccc2cc2ccccc12)c1nc(-c2ccc3c(c2)CO[C@H]3c2ccc(F)cc2)no1[EOS],14383.50754237175,42
9.5,O=C(NC1CCc2nc(NC(=O)C3CCc4ccccc43)sc2C1)c1cc2cc[nH]c2cc1F,[BOS]O=C(N[C@H]1CCc2nc(NC(=O)[C@@H]3CCc4ccccc43)sc2C1)c1cc2cc[nH]c2cc1F[EOS],4449.614645957947,42
9.8,O=C(Nc1cc(C2CCCCN2C(=O)C2C3CCCC2c2ccccc2N3)[nH]n1)c1cccn2ccnc12,[BOS]O=C(Nc1cc([C@H]2CCCCN2C(=O)[C@H]2[C@@H]3CCC[C@H]2c2ccccc2N3)[nH]n1)c1cccn2ccnc12[EOS][EOS][EOS],9198.25538802147,42
9.4,CC1CC([NH+]2Cc3ccccc3C3(CCN(c4ccc(F)cn4)CC3)C2)CC[NH+]1Cc1ccccc1,[BOS]C[C@@H]1C[C@@H]([NH+]2Cc3ccccc3C3(CCN(c4ccc(F)cn4)CC3)C2)CC[NH+]1Cc1ccccc1[EOS][EOS][EOS][EOS][EOS][EOS][EOS],13182.057654857635,42
9.4,O=C(NCC1CC(c2ccccc2)CO1)N1C2C=C(c3ccccc3)CC1CC2,[BOS]O=C(NC[C@@H]1C[C@H](c2ccccc2)CO1)N1[C@@H]2CC[C@@H]1C=C(c1ccccc1)C2[EOS],4339.970502138138,42
10.3,O=C(NC1CC2CC(c3ccccc3)C1C2)N1CCCC(Cc2cncc(N3CCC4CCCC4C3)n2)C1,[BOS]O=C(N[C@H]1C[C@H]2C[C@H](c3ccccc3)[C@H]1C2)N1CCC[C@H](Cc2cncc(N3CCC4CCCC4C3)n2)C1[EOS],8834.025414466858,42
9.9,O=C(NC1CC2CCC(C1)N2C(=O)c1ccccc1C1CC1)c1cc(-c2ccccn2)nc2ncccc12,[BOS]O=C(N[C@H]1C[C@H]2CC[C@@H](C1)N2C(=O)c1ccccc1C1CC1)c1cc(-c2ccccn2)nc2ncccc12[EOS],13455.610111951828,42
9.1,Fc1cccc(C2(c3noc(C4CC4c4ccc5ccccc5c4)n3)CCOCC2)c1F,[BOS]Fc1cccc(C2(c3noc([C@H]4C[C@H]4c4ccc5ccccc5c4)n3)CCOCC2)c1F[EOS],4299.265310525894,42
10.1,CC1(C)N(C(=O)c2cccc(-c3noc(-c4ccccc4F)n3)c2)CCC12C(=O)Oc1ccccc12,[BOS]CC1(C)N(C(=O)c2cccc(-c3noc(-c4ccccc4F)n3)c2)CC[C@@]12C(=O)Oc1ccccc12[EOS][EOS][EOS][EOS][EOS][EOS][EOS],9213.178496599197,42
9.9,Cc1cc(O)nc2cc(C(=O)C=Cc3ccc(-c4c(F)c(F)c(Br)c(F)c4F)o3)ccc12,[BOS]Cc1cc(O)nc2cc(C(=O)C=Cc3ccc(-c4c(F)c(F)c(Br)c(F)c4F)o3)ccc12[EOS],13667.67784190178,42
9.8,Cc1cc(-c2noc(-c3cc4cc(-c5ccccc5)cnc4cn3)n2)cc(C)c1OC1CCC(F)(F)C1(F)F,[BOS]Cc1cc(-c2noc(-c3cc4cc(-c5ccccc5)cnc4cn3)n2)cc(C)c1O[C@@H]1CCC(F)(F)C1(F)F[EOS],3864.2320005893707,42
10.0,CC(=O)Nc1cc(C(=O)N2CCCCC2c2cc(NC(=O)C3CCc4ccccc4C3)n[nH]2)ccn1,[BOS]CC(=O)Nc1cc(C(=O)N2CCCC[C@H]2c2cc(NC(=O)[C@@H]3CCc4ccccc4C3)n[nH]2)ccn1[EOS],8642.590968370438,42
10.5,O=C(C1CCCN(C(=O)C2(Cc3ccccc3)CC3CCC2C3)C1)N1CCc2c(F)cccc2C1,[BOS]O=C([C@@H]1CCCN(C(=O)[C@@]2(Cc3ccccc3)C[C@@H]3CC[C@@H]2C3)C1)N1CCc2c(F)cccc2C1[EOS],13516.593059539795,42
9.1,O=C(c1ncc(F)cc1F)N1CCCCC1c1cc(NC(=O)C2(c3cccc(Cl)c3)CC2)n[nH]1,[BOS]O=C(c1ncc(F)cc1F)N1CCCC[C@@H]1c1cc(NC(=O)C2(c3cccc(Cl)c3)CC2)n[nH]1[EOS][EOS][EOS][EOS][EOS],4282.1723985672,42
10.2,Fc1cc(-c2nnc(Cc3cccc4ccccc34)o2)ccc1OC1CC2C=CCCC2C1,[BOS]Fc1cc(-c2nnc(Cc3cccc4ccccc34)o2)ccc1OC1CC2CCC=CC2C1[EOS],8413.88461637497,42
9.2,Cc1ccc2oc(-c3cc(NC(=O)C4CC(=O)N(c5cccc(F)c5)C4)ccc3Cl)nc2c1,[BOS]Cc1ccc2oc(-c3cc(NC(=O)[C@H]4CC(=O)N(c5cccc(F)c5)C4)ccc3Cl)nc2c1[EOS][EOS][EOS][EOS][EOS],12473.341786623001,42
10.5,CC(=O)N1C=Cc2ccccc2C1Cc1nc(CC(=O)N2N=C(c3ccc(C)cc3)CC2(C)C)no1,[BOS]CC(=O)N1C=Cc2ccccc2[C@@H]1Cc1nc(CC(=O)N2N=C(c3ccc(C)cc3)CC2(C)C)no1[EOS],4630.4088768959045,42
10.3,O=C1Cc2cccc(C(=O)NC3(c4ccc(NC(=O)C5CNc6ccccc65)cc4)CCC3)c2N1,[BOS]O=C1Cc2cccc(C(=O)NC3(c4ccc(NC(=O)[C@H]5CNc6ccccc65)cc4)CCC3)c2N1[EOS],10061.327859163284,42
10.7,O=c1oc2ccc3ccc(C(F)(F)F)cc3c2cc1-c1n[nH]c(-c2c[nH]nc2-c2cc(F)cc(F)c2)n1,[BOS]Fc1cc(F)cc(-c2n[nH]cc2-c2nc(-c3cc4c(ccc5ccc(C(F)(F)F)cc54)oc3=O)n[nH]2)c1[EOS],14221.391090393066,42
11.0,O=C(Cc1c[nH]c2ccccc12)N1CCOC2(CCN(C(=O)c3nn(-c4cccc(F)c4F)c4c3CCC4)CC2)C1,[BOS]O=C(Cc1c[nH]c2ccccc12)N1CCOC2(CCN(C(=O)c3nn(-c4cccc(F)c4F)c4c3CCC4)CC2)C1[EOS],5238.284165620804,42
10.2,O=C(Nc1n[nH]c(-c2cccc3ccccc23)n1)C1CCCN1S(=O)(=O)c1ccc2c(c1)OCCO2,[BOS]O=C(Nc1n[nH]c(-c2cccc3ccccc23)n1)[C@@H]1CCCN1S(=O)(=O)c1ccc2c(c1)OCCO2[EOS],9370.693415641785,42
10.8,O=C(Nc1cc(C2CCCCN2C(=O)C2CC2c2ccccc2)[nH]n1)c1[nH]nc2nc(-c3ccccc3)ccc12,[BOS]O=C(Nc1cc([C@@H]2CCCCN2C(=O)[C@H]2C[C@H]2c2ccccc2)[nH]n1)c1[nH]nc2nc(-c3ccccc3)ccc12[EOS],14335.725431919098,42
10.5,O=C(c1ccc(-c2noc(C3(c4ccccc4OC(F)(F)F)CCC3)n2)cc1)N1CCc2ccccc2C1,[BOS]O=C(c1ccc(-c2noc(C3(c4ccccc4OC(F)(F)F)CCC3)n2)cc1)N1CCc2ccccc2C1[EOS][EOS][EOS][EOS][EOS][EOS][EOS],4436.675124406815,42
10.5,O=S(=O)(c1ccc2c(c1)C1C=CCC1C(c1cccc3ccccc13)N2)N1CCc2ccccc2C1,[BOS]O=S(=O)(c1ccc2c(c1)[C@H]1C=CC[C@@H]1[C@@H](c1cccc3ccccc13)N2)N1CCc2ccccc2C1[EOS],9228.615738153458,42
9.7,O=C(NC1CC2CCC(C1)N2C(=O)C1CC1c1ccccc1)c1ccc(F)c(-c2ccccc2)n1,[BOS]O=C(N[C@H]1C[C@H]2CC[C@@H](C1)N2C(=O)[C@@H]1C[C@H]1c1ccccc1)c1ccc(F)c(-c2ccccc2)n1[EOS],13858.975754737854,42
9.9,CC(C(=O)N1CCCCC1c1cc(NC(=O)c2cnc3c(F)c(F)ccc3c2)n[nH]1)c1ccc(O)cc1,[BOS]C[C@@H](C(=O)N1CCCC[C@@H]1c1cc(NC(=O)c2cnc3c(F)c(F)ccc3c2)n[nH]1)c1ccc(O)cc1[EOS][EOS][EOS][EOS][EOS][EOS][EOS][EOS],4544.57381772995,42
9.8,CCC1Oc2cc(C(C)NC(=O)NCc3cccc4ccccc34)ccc2NC1=O,[BOS]CC[C@H]1Oc2cc([C@@H](C)NC(=O)NCc3cccc4ccccc34)ccc2NC1=O[EOS],9201.912079334259,42
10.6,O=C(NC1CCC(C(=O)N2CCCC3(CCc4c(F)cccc43)C2)CC1)C1CCC(F)(F)CC1,[BOS]O=C(NC1CCC(C(=O)N2CCC[C@]3(CCc4c(F)cccc43)C2)CC1)C1CCC(F)(F)CC1[EOS],13215.178894996643,42
10.8,O=C(Nc1cc(C2CCCCN2C(=O)CCc2cnc3[nH]ccc3c2)[nH]n1)C1C2CCCC1c1ccccc1N2,[BOS]O=C(Nc1cc([C@@H]2CCCCN2C(=O)CCc2cnc3[nH]ccc3c2)[nH]n1)[C@H]1[C@@H]2CCC[C@H]1c1ccccc1N2[EOS],5196.181410551071,42
10.0,O=C(C1Cc2ccccc2CO1)N1CCCC2(CCCc3ccccc32)C1,[BOS]O=C([C@H]1Cc2ccccc2CO1)N1CCC[C@@]2(CCCc3ccccc32)C1[EOS],9274.588792324066,42
9.3,COc1cccc(C(=O)c2ccc(-c3nc(CC(=O)Nc4ccc(C)cc4C)no3)cc2)c1,[BOS]COc1cccc(C(=O)c2ccc(-c3nc(CC(=O)Nc4ccc(C)cc4C)no3)cc2)c1[EOS][EOS][EOS][EOS][EOS][EOS][EOS],13819.20379948616,42
9.8,Cn1ncc2c(-c3ccc(CNC(=O)c4ccn(-c5ccc(F)cc5)n4)cc3)cccc21,[BOS]Cn1ncc2c(-c3ccc(CNC(=O)c4ccn(-c5ccc(F)cc5)n4)cc3)cccc21[EOS],4671.443492889404,42
11.0,O=S(=O)(Nc1cc(-c2ccc(Nc3nc4c(s3)Cc3ccccc3-4)cn2)ccn1)c1cccc2ccccc12,[BOS]O=S(=O)(Nc1cc(-c2ccc(Nc3nc4c(s3)Cc3ccccc3-4)cn2)ccn1)c1cccc2ccccc12[EOS],9890.779209375381,42
10.0,Fc1cc(F)cc(C(OC2CCCn3c2nc2ccccc2c3=[F+])c2cccc3c2[nH]c2cc(F)ccc23)c1,[BOS]Fc1cc(F)cc([C@H](O[C@H]2CCCn3c2nc2ccccc2c3=[F+])c2cccc3c2[nH]c2cc(F)ccc23)c1[EOS],14219.141045808792,42
9.3,Cc1cc(C)cc(C(=O)N2CCCC(c3nc(Cc4ccc(-n5nc(C)cc5C)cc4)no3)C2)c1,[BOS]Cc1cc(C)n(-c2ccc(Cc3noc([C@H]4CCCN(C(=O)c5cc(C)cc(C)c5)C4)n3)cc2)n1[EOS][EOS][EOS][EOS][EOS][EOS][EOS][EOS],4690.163065910339,42
8.9,O=C(NC(Cc1c[nH]c2ccccc12)C(=O)N1CC2CCCCC21c1ccccc1)c1ccc(F)cc1,[BOS]O=C(N[C@H](Cc1c[nH]c2ccccc12)C(=O)N1C[C@@H]2CCCC[C@@]21c1ccccc1)c1ccc(F)cc1[EOS][EOS][EOS][EOS],9136.72757935524,42
9.8,Cc1[nH]ccc1C(=O)Nc1cc(C2CCCCN2C(=O)c2cc3occc3n(-c3ccccc3)c2=O)[nH]n1,[BOS]Cc1[nH]ccc1C(=O)Nc1cc([C@H]2CCCCN2C(=O)c2cc3occc3n(-c3ccccc3)c2=O)[nH]n1[EOS],13584.62896490097,42
10.0,O=C(OCc1cc(=O)oc2ccc3ccccc3c12)c1ccc(Oc2ccccc2F)cc1F,[BOS]O=C(OCc1cc(=O)oc2ccc3ccccc3c12)c1ccc(Oc2ccccc2F)cc1F[EOS],4926.601902008057,42
9.2,Cc1cccc(CN2CCOC3C[NH+](C4CCOC5(CCN(C(=O)OC(C)(C)C)CC5)C4)CCC3C2=O)c1,[BOS]Cc1cccc(CN2CCO[C@@H]3C[NH+]([C@@H]4CCOC5(CCN(C(=O)OC(C)(C)C)CC5)C4)CC[C@H]3C2=O)c1[EOS][EOS][EOS][EOS][EOS][EOS][EOS],9594.395999670029,42
8.9,Cc1nc2ccc(C(=O)N3CC[NH+](Cc4cc(-c5ccccc5)no4)CC3)cc2nc1C,[BOS]Cc1nc2ccc(C(=O)N3CC[NH+](Cc4cc(-c5ccccc5)no4)CC3)cc2nc1C[EOS][EOS][EOS],13462.934750080109,42
10.3,O=C(CC1c2ccccc2Oc2ccccc21)Nc1ncc(-c2ccc3c(c2)CCNC3=O)c(F)n1,[BOS]O=C(CC1c2ccccc2Oc2ccccc21)Nc1ncc(-c2ccc3c(c2)CCNC3=O)c(F)n1[EOS],4614.337347984314,42
10.5,CC(F)(F)c1ccc(-c2noc(C3CC(=O)N(c4ccc5c(c4)Cc4ccccc4-5)C3)n2)cc1,[BOS]CC(F)(F)c1ccc(-c2noc([C@@H]3CC(=O)N(c4ccc5c(c4)Cc4ccccc4-5)C3)n2)cc1[EOS][EOS][EOS][EOS][EOS][EOS][EOS][EOS],8812.753096818924,42
11.1,Fc1ccc(-c2ccc(OC3CCN(c4ccnc(-c5ccccc5)n4)CC3)cc2)c2ccccc12,[BOS]Fc1ccc(-c2ccc(OC3CCN(c4ccnc(-c5ccccc5)n4)CC3)cc2)c2ccccc12[EOS],13335.3119764328,42
9.9,O=C(NCC1OCC2CCN(C(=O)C3CC3c3ccccc3)CC21)c1csc(-c2cccnc2)n1,[BOS]O=C(NC[C@@H]1OC[C@@H]2CCN(C(=O)[C@@H]3C[C@H]3c3ccccc3)C[C@@H]21)c1csc(-c2cccnc2)n1[EOS],5077.431875228882,42
12.0,O=C(C1CC1c1cccc(C#Cc2cccc(Nc3ccccn3)c2)c1)N1C2CCC1CC(Sc1ccc(F)cc1Br)C2,[BOS]O=C([C@@H]1C[C@H]1c1cccc(C#Cc2cccc(Nc3ccccn3)c2)c1)N1[C@@H]2CC[C@H]1C[C@H](Sc1ccc(F)cc1Br)C2[EOS],10721.399936914444,42
11.8,Fc1ccc(C2CC(c3n[nH]c4ccc(-c5c[nH]c6ccccc56)cc34)NC2(F)F)c(F)c1-c1cccc(Cl)c1F,[BOS]Fc1ccc([C@@H]2C[C@H](c3n[nH]c4ccc(-c5c[nH]c6ccccc56)cc34)NC2(F)F)c(F)c1-c1cccc(Cl)c1F[EOS],15443.388173818588,42
10.0,Cc1oc2cc(O)ccc2c1C(=O)N1CCCCC1C1CCN(C(=O)C2Cc3ccccc3N2)CC1,[BOS]Cc1oc2cc(O)ccc2c1C(=O)N1CCCC[C@@H]1C1CCN(C(=O)[C@@H]2Cc3ccccc3N2)CC1[EOS],5148.689441204071,42
10.0,O=C(C1CCc2c([nH]c3ccccc23)C1)N1CC(c2nnn3cc(-c4ccccc4)ccc23)C1,[BOS]O=C([C@H]1CCc2c([nH]c3ccccc23)C1)N1CC(c2nnn3cc(-c4ccccc4)ccc23)C1[EOS][EOS][EOS][EOS][EOS],9198.310097455978,42
10.1,O=C1CCCc2cc(CC3CC(c4ccccc4)=CCN3C(=O)NC3CC3c3cccc(F)c3)ccc21,[BOS]O=C(N[C@@H]1C[C@@H]1c1cccc(F)c1)N1CC=C(c2ccccc2)C[C@@H]1Cc1ccc2c(c1)CCCC2=O[EOS],13474.524720668793,42
10.0,O=C(NC1CC2CCC(C1)N2C(=O)C1CC1c1ccc2ccccc2c1)C1=C2c3ccccc3C(=O)N2CC1,[BOS]O=C(N[C@H]1C[C@H]2CC[C@@H](C1)N2C(=O)[C@@H]1C[C@@H]1c1ccc2ccccc2c1)C1=C2c3ccccc3C(=O)N2CC1[EOS][EOS][EOS][EOS],4590.413677930832,42
10.0,Cc1cccn2ncc(C(=O)N3CCCCC3c3cc(NC(=O)Cn4ccc5c(F)cccc54)n[nH]3)c12,[BOS]Cc1cccn2ncc(C(=O)N3CCCC[C@H]3c3cc(NC(=O)Cn4ccc5c(F)cccc54)n[nH]3)c12[EOS],9500.786969900131,42
9.8,Cc1cccc2[nH]c(C(=O)N3CCC(C4CCCCN4C(=O)C4COc5ccccc5O4)CC3)cc12,[BOS]Cc1cccc2[nH]c(C(=O)N3CCC([C@H]4CCCCN4C(=O)[C@@H]4COc5ccccc5O4)CC3)cc12[EOS][EOS][EOS][EOS][EOS],14166.719192504883,42
9.6,Cc1ccc(C2(C(=O)N3CCOC4(CCN(C(=O)C5(F)CCCCC5(F)F)C4)C3)CCCCC2)cc1,[BOS]Cc1ccc(C2(C(=O)N3CCO[C@]4(CCN(C(=O)[C@]5(F)CCCCC5(F)F)C4)C3)CCCCC2)cc1[EOS][EOS][EOS][EOS][EOS][EOS][EOS],4813.039731025696,42
9.4,O=C(CN1CCC(NC(=O)C2CCN(C3=NS(=O)(=O)c4ccccc43)CC2)C1=O)Nc1ccc(F)cc1,[BOS]O=C(CN1CC[C@@H](NC(=O)C2CCN(C3=NS(=O)(=O)c4ccccc43)CC2)C1=O)Nc1ccc(F)cc1[EOS][EOS][EOS][EOS],10057.093568325043,42
9.9,O=C(Nc1ccc(CN2CCc3ccccc32)cc1)c1c(C(F)(F)F)c2ccccc2[nH]c1=O,[BOS]O=C(Nc1ccc(CN2CCc3ccccc32)cc1)c1c(C(F)(F)F)c2ccccc2[nH]c1=O[EOS],14561.784060716629,42
9.9,O=C(Nc1cc(C2CCCCN2C(=O)C2CCCC3CCCCC32)[nH]n1)c1cc(=O)c2ccccc2o1,[BOS]O=C(Nc1cc([C@@H]2CCCCN2C(=O)[C@@H]2CCC[C@@H]3CCCC[C@@H]32)[nH]n1)c1cc(=O)c2ccccc2o1[EOS][EOS][EOS],5065.612251520157,42
10.2,[H][NH+]=C1C(=Cc2cnn(-c3cccc4ccccc34)c2)C(=O)[NH+]=C2SC(c3ccc(Cl)cc3Cl)=NN21,[BOS][H]/[NH+]=C1\C(=Cc2cnn(-c3cccc4ccccc34)c2)C(=O)[NH+]=C2SC(c3ccc(Cl)cc3Cl)=NN21[EOS][EOS][EOS][EOS][EOS],9542.538426399231,42
9.2,CC(=O)N1CCCN(C(=O)Nc2ccc3c(c2)NC(=O)CC3)c2ccccc21,[BOS]CC(=O)N1CCCN(C(=O)Nc2ccc3c(c2)NC(=O)CC3)c2ccccc21[EOS],13411.476058483124,42
10.6,O=C(Nc1cc(C2CCCCN2C(=O)C2CC2c2ccccc2)[nH]n1)C1Cc2ccccc2C[NH2+]1,[BOS]O=C(Nc1cc([C@@H]2CCCCN2C(=O)[C@@H]2C[C@H]2c2ccccc2)[nH]n1)[C@H]1Cc2ccccc2C[NH2+]1[EOS],5083.3297827243805,42
9.5,Cc1ccc(C(=O)N2CCOC3(CCN(C(=O)C4C5CCCC4c4ccccc4N5)C3)C2)c(=O)[nH]1,[BOS]Cc1ccc(C(=O)N2CCO[C@@]3(CCN(C(=O)[C@@H]4[C@@H]5CCC[C@H]4c4ccccc4N5)C3)C2)c(=O)[nH]1[EOS],9452.245013475418,42
9.0,O=C1OCC([NH+]2CCC([NH2+]C3CCCN(c4nsc5ccccc45)C3)CC2)Cc2ccccc21,[BOS]O=C1OC[C@H]([NH+]2CCC([NH2+][C@H]3CCCN(c4nsc5ccccc45)C3)CC2)Cc2ccccc21[EOS][EOS],14172.18248128891,42
10.7,O=C(NCC1CCCCC1c1ccccc1)C(=O)Nc1cc2n(n1)CC[NH+](Cc1ccccc1)C2,[BOS]O=C(NC[C@@H]1CCCC[C@@H]1c1ccccc1)C(=O)Nc1cc2n(n1)CC[NH+](Cc1ccccc1)C2[EOS],4827.813460350037,42
9.6,Cc1cccc(F)c1C(=O)N1CCC2(CN(C(=O)c3cc4c(ccc5ncccc54)s3)CCO2)C1,[BOS]Cc1cccc(F)c1C(=O)N1CC[C@]2(CN(C(=O)c3cc4c(ccc5ncccc54)s3)CCO2)C1[EOS],9012.381267786026,42
9.2,CC1CCn2c(-c3nc(-c4ccc5c(c4)COC5c4ccc(F)cc4)no3)c[nH+]c2C1,[BOS]C[C@H]1CCn2c(-c3nc(-c4ccc5c(c4)CO[C@@H]5c4ccc(F)cc4)no3)c[nH+]c2C1[EOS],12939.167154550552,42
9.4,Cc1nc2ncccn2c1C(=O)N1CCCCC1c1cc(NC(=O)c2cccc(C(F)(F)F)c2C)n[nH]1,[BOS]Cc1nc2ncccn2c1C(=O)N1CCCC[C@H]1c1cc(NC(=O)c2cccc(C(F)(F)F)c2C)n[nH]1[EOS][EOS],4746.46286034584,42
11.7,Clc1ccc(-c2cc(-c3ccc4oc5ccc(Br)cc5c4c3)cc(-c3ccc4c(c3)Cc3ccccc3-4)n2)cc1,[BOS]Clc1ccc(-c2cc(-c3ccc4oc5ccc(Br)cc5c4c3)cc(-c3ccc4c(c3)Cc3ccccc3-4)n2)cc1[EOS],8983.398727178574,42
9.0,Cc1nccn1C(C)C(=O)N1CCCCC1c1cc(NC(=O)CCc2c[nH]c3ccccc23)n[nH]1,[BOS]Cc1nccn1[C@@H](C)C(=O)N1CCCC[C@H]1c1cc(NC(=O)CCc2c[nH]c3ccccc23)n[nH]1[EOS][EOS][EOS][EOS][EOS][EOS][EOS][EOS],13293.241432666779,42
9.7,CC1(C(=O)N2CCN(c3ccc4ccccc4n3)CC2)CCc2ccccc2C1,[BOS]C[C@]1(C(=O)N2CCN(c3ccc4ccccc4n3)CC2)CCc2ccccc2C1[EOS],4151.112247467041,42
10.0,O=C(N1CCC(F)(c2cccc(C(F)(F)F)c2)C1)C12CC3CC(C1)CC(c1ccc(F)cc1)(C3)C2,[BOS]O=C(N1CC[C@](F)(c2cccc(C(F)(F)F)c2)C1)C12C[C@H]3C[C@@H](C1)CC(c1ccc(F)cc1)(C3)C2[EOS],8182.209491491318,42
8.7,CN1CCCC1=NS(=O)(=O)c1cccc(NS(=O)(=O)c2cc3c4c(c2)CCN4C(=O)CC3)c1,[BOS]CN1CCC/C1=N/S(=O)(=O)c1cccc(NS(=O)(=O)c2cc3c4c(c2)CCN4C(=O)CC3)c1[EOS][EOS][EOS][EOS][EOS][EOS],12783.64439201355,42
10.7,O=C(Nc1nc2c(s1)CC(NC(=O)C1C3CCCC1c1ccccc1N3)CC2)C1CCc2ccccc2C1,[BOS]O=C(Nc1nc2c(s1)C[C@H](NC(=O)[C@@H]1[C@@H]3CCC[C@H]1c1ccccc1N3)CC2)[C@@H]1CCc2ccccc2C1[EOS],4701.927947282791,42
9.7,CC1(C(=O)NCc2ccnc(N3CCc4ccccc4C3)c2)Cc2ccccc2C(=O)O1,[BOS]C[C@]1(C(=O)NCc2ccnc(N3CCc4ccccc4C3)c2)Cc2ccccc2C(=O)O1[EOS],9041.409306526184,42
10.5,O=Cn1ccc2cc(-c3ncc(-c4c[nH]c5ncccc45)c(-n4c5ccccc5c5cccnc54)n3)c(Cl)nc21,[BOS]O=Cn1ccc2cc(-c3ncc(-c4c[nH]c5ncccc45)c(-n4c5ccccc5c5cccnc54)n3)c(Cl)nc21[EOS],13735.612423181534,42
9.6,COc1cc(C(=O)NCC2c3ccccc3CCc3ccccc32)c2ccccc2n1,[BOS]COc1cc(C(=O)NCC2c3ccccc3CCc3ccccc32)c2ccccc2n1[EOS],4355.503802061081,42
9.0,COc1cccc(CC2(C(=O)N3CCCN(S(=O)(=O)c4cccc5cnccc45)CC3)CCCCC2)c1,[BOS]COc1cccc(CC2(C(=O)N3CCCN(S(=O)(=O)c4cccc5cnccc45)CC3)CCCCC2)c1[EOS],8814.146584510803,42
10.8,O=C1NC2(CC3CC2C2CCCC32)c2cc(-c3nc(Cc4c[nH]c5cc(F)ccc45)no3)ccc21,[BOS]O=C1N[C@@]2(C[C@@H]3C[C@H]2[C@H]2CCC[C@@H]32)c2cc(-c3nc(Cc4c[nH]c5cc(F)ccc45)no3)ccc21[EOS],13218.334045648575,42
9.1,Nc1nc(C(=O)NC2CCCCC2CNC(=O)C2(c3ccccc3F)CC2)ccc1-c1ccccn1,[BOS]Nc1nc(C(=O)N[C@H]2CCCC[C@H]2CNC(=O)C2(c3ccccc3F)CC2)ccc1-c1ccccn1[EOS][EOS][EOS][EOS][EOS][EOS],4460.489353656769,42
11.1,O=C(c1ccc2ncccc2c1)N1CC(c2ccc(F)cc2)CC(C2CN(c3cnc(N4CCOC4)cn3)C(=O)O2)C1,[BOS]O=C1O[C@@H]([C@@H]2C[C@@H](c3ccc(F)cc3)CN(C(=O)c3ccc4ncccc4c3)C2)CN1c1cnc(N2CCOC2)cn1[EOS],9253.862118959427,42
10.7,Cc1ccc(C2C3Cc4ccccc4C2(C)Oc2ccc4c(-c5ccc(F)cc5)coc4c23)cc1,[BOS]Cc1ccc([C@@H]2[C@H]3Cc4ccccc4[C@@]2(C)Oc2ccc4c(-c5ccc(F)cc5)coc4c23)cc1[EOS],13286.08813881874,42
9.9,O=C(NC1CCc2nc(NC(=O)C3CCC4CCC(=O)N4C3)sc2C1)c1cc2cccnn2c1,[BOS]O=C(N[C@@H]1CCc2nc(NC(=O)[C@@H]3CC[C@H]4CCC(=O)N4C3)sc2C1)c1cc2cccnn2c1[EOS][EOS][EOS][EOS][EOS][EOS],4421.903553009033,42
11.1,O=C1OC(c2ccc(NC=C3N=Nc4ccc(Cc5cccc6cccnc56)cc43)cc2)=NC1c1ccc(F)cc1F,[BOS]O=C1OC(c2ccc(N/C=C3\N=Nc4ccc(Cc5cccc6cccnc56)cc43)cc2)=NC1c1ccc(F)cc1F[EOS],9492.02993440628,42
12.1,Cc1ccc(-c2nc(-c3ccc4ccccc4c3)co2)cc1-c1ccccc1C(C)C12CC3CCC(C(C3)C1)C2C(C)(C)C,[BOS]Cc1ccc(-c2nc(-c3ccc4ccccc4c3)co2)cc1-c1ccccc1C(C)C12CC3CCC(C(C3)C1)C2C(C)(C)C[EOS],14051.498636007309,42
10.2,CC1(C(=O)N2CCCCC2c2cc(NC(=O)C3CC34C(=O)Nc3ccccc34)n[nH]2)Cc2ccccc2C1,[BOS]CC1(C(=O)N2CCCC[C@H]2c2cc(NC(=O)[C@H]3C[C@@]34C(=O)Nc3ccccc34)n[nH]2)Cc2ccccc2C1[EOS],4739.376584291458,42
10.9,O=C(NS(=O)(=O)c1ccc2oc3ccccc3c2c1)C1CC12CCCc1ccccc12,[BOS]O=C(NS(=O)(=O)c1ccc2oc3ccccc3c2c1)[C@H]1C[C@@]12CCCc1ccccc12[EOS],9387.271226167679,42
9.7,Cc1c(C(=O)NC2(c3ccc(NC(=O)c4[nH]nc5c(Cl)cccc45)cc3)CCC2)cn2nc[nH]c(=O)c12,[BOS]Cc1c(C(=O)NC2(c3ccc(NC(=O)c4[nH]nc5c(Cl)cccc45)cc3)CCC2)cn2nc[nH]c(=O)c12[EOS][EOS][EOS][EOS][EOS],14415.671821117401,42
9.2,O=C1Nc2ccccc2C1C1CCN(C(=O)c2cc3ccccc3[nH]c2=O)CC1,[BOS]O=C(c1cc2ccccc2[nH]c1=O)N1CCC([C@@H]2C(=O)Nc3ccccc32)CC1[EOS],3969.220435857773,42
9.7,CC(C(=O)N1CCCCC1c1cc(NC(=O)c2ccc3nccnc3c2)n[nH]1)c1ccc(Cl)cc1,[BOS]C[C@@H](C(=O)N1CCCC[C@@H]1c1cc(NC(=O)c2ccc3nccnc3c2)n[nH]1)c1ccc(Cl)cc1[EOS],8666.075951814651,42
9.8,O=C(NC1C2COCC1CN(C(=O)C1C3CCCC1c1ccccc1N3)C2)c1nc2cccnn2n1,[BOS]O=C(N[C@H]1[C@@H]2COC[C@H]1CN(C(=O)[C@H]1[C@@H]3CCC[C@H]1c1ccccc1N3)C2)c1nc2cccnn2n1[EOS][EOS][EOS][EOS][EOS],13310.30109167099,42
9.9,O=C(c1cnccc1F)N1CCC(OC2CCN(C(=O)C3C4CCCC3c3ccccc3N4)CC2)CC1,[BOS]O=C(c1cnccc1F)N1CCC(OC2CCN(C(=O)[C@H]3[C@@H]4CCC[C@H]3c3ccccc3N4)CC2)CC1[EOS],4892.333367109299,42
10.2,O=C1CC(C(=O)N2CCOC3(CCN(C(=O)c4cccc5cc[nH]c45)C3)C2)=Cc2ccccc2N1,[BOS]O=C1CC(C(=O)N2CCO[C@@]3(CCN(C(=O)c4cccc5cc[nH]c45)C3)C2)=Cc2ccccc2N1[EOS],9263.807339191437,42
10.3,CC1Oc2ccc(C(=O)Nc3cc(C4CCCCN4C(=O)C4CCC(F)(F)CC4)[nH]n3)cc2NC1=O,[BOS]C[C@H]1Oc2ccc(C(=O)Nc3cc([C@H]4CCCCN4C(=O)C4CCC(F)(F)CC4)[nH]n3)cc2NC1=O[EOS],14046.871053695679,42
10.8,O=C(CC1OCCc2ccccc21)Nc1cc(C2CCCCN2C(=O)c2cc3cn[nH]c3cn2)[nH]n1,[BOS]O=C(C[C@@H]1OCCc2ccccc21)Nc1cc([C@H]2CCCCN2C(=O)c2cc3cn[nH]c3cn2)[nH]n1[EOS],5188.112706422806,42
9.7,O=C1Cc2ccc(-c3noc(C4(c5ccccc5F)CCC(c5ccccc5)OC4)n3)cc2CCCN1,[BOS]O=C1Cc2ccc(-c3noc(C4(c5ccccc5F)CCC(c5ccccc5)OC4)n3)cc2CCCN1[EOS][EOS][EOS][EOS],9311.970972061157,42
9.8,Cc1cccc2c(C(=O)Nc3nc4c(s3)CC(NC(=O)c3cccc(=O)n3[O-])CC4)[nH]nc12,[BOS]O=C(N[C@H]1CCc2nc(NC(=O)c3[nH]nc4c(C)cccc34)sc2C1)c1cccc(=O)n1[O-][EOS][EOS][EOS][EOS][EOS][EOS][EOS],13790.090340137482,42
10.4,Cc1ccc(C(C)C(=O)N2CCCCC2c2cc(NC(=O)Cc3ccc4ncccc4c3)n[nH]2)cc1,[BOS]Cc1ccc([C@@H](C)C(=O)N2CCCC[C@H]2c2cc(NC(=O)Cc3ccc4ncccc4c3)n[nH]2)cc1[EOS],4817.143144369125,42
10.1,Cc1cc(C(=O)N2CCCCC2c2cc(NC(=O)C(C)Nc3ccccn3)n[nH]2)nc2ccccc12,[BOS]Cc1cc(C(=O)N2CCCC[C@@H]2c2cc(NC(=O)[C@H](C)Nc3ccccn3)n[nH]2)nc2ccccc12[EOS][EOS][EOS][EOS][EOS],9351.159996271133,42
10.2,O=C(NC1CCOC2(CCN(c3nc(-c4ccccc4)nc4ccccc34)C2)C1)c1ccccc1,[BOS]O=C(N[C@H]1CCO[C@]2(CCN(c3nc(-c4ccccc4)nc4ccccc34)C2)C1)c1ccccc1[EOS][EOS][EOS][EOS][EOS][EOS],13867.427731990814,42
10.8,CC1CCc2c1n[nH]c2C(=O)N1CCCCC1c1cc(NC(=O)Cc2cccc3ncccc23)n[nH]1,[BOS]C[C@H]1CCc2c1n[nH]c2C(=O)N1CCCC[C@H]1c1cc(NC(=O)Cc2cccc3ncccc23)n[nH]1[EOS],4793.427268743515,42
10.5,O=C(Nc1cc(C2CCCCN2C(=O)C2CC2c2ccc(F)cc2)[nH]n1)c1n[nH]c2cccc(F)c12,[BOS]O=C(Nc1cc([C@@H]2CCCCN2C(=O)[C@H]2C[C@H]2c2ccc(F)cc2)[nH]n1)c1n[nH]c2cccc(F)c12[EOS],9806.062482595444,42
10.0,O=C(c1cncc(-c2ccc(OCc3cccc(C(F)(F)F)c3Cl)cc2)c1)N1CCC(F)(F)CC1,[BOS]O=C(c1cncc(-c2ccc(OCc3cccc(C(F)(F)F)c3Cl)cc2)c1)N1CCC(F)(F)CC1[EOS],14355.940118551254,42
10.3,Cc1cccc2[nH]c(C(=O)N3CCCCC3c3cc(NC(=O)C4CCc5ccccc5C4)n[nH]3)cc12,[BOS]Cc1cccc2[nH]c(C(=O)N3CCCC[C@H]3c3cc(NC(=O)[C@H]4CCc5ccccc5C4)n[nH]3)cc12[EOS][EOS][EOS][EOS][EOS],4485.421347856522,42
9.5,O=C(C(=O)N1CCCCC1c1cc(NC(=O)C2(c3ccc(F)c(F)c3)CC2)n[nH]1)c1ccc(Cl)cc1,[BOS]O=C(C(=O)N1CCCC[C@@H]1c1cc(NC(=O)C2(c3ccc(F)c(F)c3)CC2)n[nH]1)c1ccc(Cl)cc1[EOS][EOS][EOS][EOS][EOS][EOS],9299.523507356644,42
10.0,O=C(Cc1ccc(NC(=O)N2CC(C(F)(F)F)CC(C(F)(F)F)C2)cc1)N1CCc2ccccc2C1,[BOS]O=C(Nc1ccc(CC(=O)N2CCc3ccccc3C2)cc1)N1C[C@H](C(F)(F)F)C[C@H](C(F)(F)F)C1[EOS][EOS][EOS][EOS][EOS][EOS][EOS],14088.294724702835,42
10.3,FC(F)(F)Oc1ccccc1-c1ccc2c(-c3cc4c5cc6ccccc6nc5c5ccccc5c4s3)n[nH]c2c1,[BOS]FC(F)(F)Oc1ccccc1-c1ccc2c(-c3cc4c5cc6ccccc6nc5c5ccccc5c4s3)n[nH]c2c1[EOS][EOS][EOS][EOS][EOS][EOS],4488.908949375153,42
10.0,O=C(C1CC1c1ccc(Cl)cc1)N1CCCCC1C1CCN(C(=O)C(F)(F)c2ccccc2)CC1,[BOS]O=C([C@@H]1C[C@H]1c1ccc(Cl)cc1)N1CCCC[C@H]1C1CCN(C(=O)C(F)(F)c2ccccc2)CC1[EOS][EOS][EOS][EOS],9023.417912721634,42
9.8,Cc1cccc(CCC(=O)Nc2nc3c(s2)CC(NC(=O)c2[nH]nc4c(F)cccc24)CC3)c1F,[BOS]Cc1cccc(CCC(=O)Nc2nc3c(s2)C[C@H](NC(=O)c2[nH]nc4c(F)cccc24)CC3)c1F[EOS][EOS][EOS][EOS],13777.563073158264,42
10.8,C[NH+]1CCN(C(=O)c2ccc(NC(=O)CC3c4ccccc4-c4ccccc43)cc2)C2c3ccccc3CCC21,[BOS]C[NH+]1CCN(C(=O)c2ccc(NC(=O)CC3c4ccccc4-c4ccccc43)cc2)[C@@H]2c3ccccc3CC[C@@H]21[EOS],4899.233993768692,42
9.6,Cc1noc(CC(=O)N2CCCCC2c2cc(NC(=O)C3CCc4ccccc4C3)n[nH]2)n1,[BOS]Cc1noc(CC(=O)N2CCCC[C@@H]2c2cc(NC(=O)[C@H]3CCc4ccccc4C3)n[nH]2)n1[EOS],9434.726371049881,42
9.8,O=C(NCC1C2Cc3ccccc3C12)N1CCC(c2ccnc3ccccc23)CC1,[BOS]O=C(NC[C@@H]1[C@@H]2Cc3ccccc3[C@H]12)N1CCC(c2ccnc3ccccc23)CC1[EOS],13674.29126405716,42
11.6,O=C(NCCc1ccccc1)c1ccc(CN2C(=O)c3ccccc3N=C(O)C2c2ccc3c4c(cccc24)CC3)cc1,[BOS]O=C(NCCc1ccccc1)c1ccc(CN2C(=O)c3ccccc3N=C(O)[C@H]2c2ccc3c4c(cccc24)CC3)cc1[EOS],5912.250024318695,42
10.4,CC(NC(=O)NCc1ccc(N2CCc3ccccc3C2)nc1)C1OCCc2ccccc21,[BOS]C[C@H](NC(=O)NCc1ccc(N2CCc3ccccc3C2)nc1)[C@@H]1OCCc2ccccc21[EOS],10766.607900619507,42
9.8,O=C(Nc1ccc(CC(=O)N2CCc3ccccc3C2)cc1)C1CCC2CCCCC2C1,[BOS]O=C(Cc1ccc(NC(=O)[C@@H]2CC[C@@H]3CCCC[C@H]3C2)cc1)N1CCc2ccccc2C1[EOS],15152.146614313126,42
9.8,O=C(NC1C2COCC1CN(C(=O)C1CC1c1ccc(F)c(F)c1)C2)c1[nH]nc2c1CCc1ncccc1-2,[BOS]O=C(N[C@H]1[C@@H]2COC[C@H]1CN(C(=O)[C@H]1C[C@@H]1c1ccc(F)c(F)c1)C2)c1[nH]nc2c1CCc1ncccc1-2[EOS][EOS][EOS][EOS][EOS][EOS],4440.333795547485,42
9.4,CC(Oc1ccc2ccccc2c1)c1nc(-c2ccc(NC3CCC4(CC3)OCCO4)cc2)no1,[BOS]C[C@@H](Oc1ccc2ccccc2c1)c1nc(-c2ccc(NC3CCC4(CC3)OCCO4)cc2)no1[EOS][EOS][EOS][EOS][EOS][EOS][EOS],8997.062810659409,42
10.0,O=C(NC1(c2ccc(NC(=O)C3C4Sc5ccccc5C43)cc2)CCC1)C1COc2ccccc2O1,[BOS]O=C(NC1(c2ccc(NC(=O)[C@@H]3[C@H]4Sc5ccccc5[C@@H]43)cc2)CCC1)[C@H]1COc2ccccc2O1[EOS][EOS][EOS],14226.748009443283,42
10.4,O=C(Nc1ccc(C2(NC(=O)C3C4CCCC3c3ccccc3N4)CCC2)cc1)C1CNc2ccccc21,[BOS]O=C(Nc1ccc(C2(NC(=O)[C@H]3[C@@H]4CCC[C@H]3c3ccccc3N4)CCC2)cc1)[C@@H]1CNc2ccccc21[EOS],5322.362388372421,42
10.0,Cn1ncc2c(C(=O)N3CCCCC3c3cc(NC(=O)c4cc5cc[nH]c5cc4Cl)n[nH]3)cccc21,[BOS]Cn1ncc2c(C(=O)N3CCCC[C@H]3c3cc(NC(=O)c4cc5cc[nH]c5cc4Cl)n[nH]3)cccc21[EOS],10249.477518558502,42
10.6,O=C(N1CCN(c2noc3ccccc23)CC1)C12CC3CC(C1)CC(C(F)(F)C(F)(F)C(F)(F)F)(C3)C2,[BOS]O=C(N1CCN(c2noc3ccccc23)CC1)C12C[C@H]3C[C@@H](C1)CC(C(F)(F)C(F)(F)C(F)(F)F)(C3)C2[EOS],13836.742990255356,42
10.0,O=C(NCc1ccnc(N2CCCCC2)c1)N1CCCC2(CCCc3ccccc32)C1,[BOS]O=C(NCc1ccnc(N2CCCCC2)c1)N1CCC[C@]2(CCCc3ccccc32)C1[EOS],4185.044670343399,42
10.5,CC1CCc2c1n[nH]c2C(=O)Nc1cc(C2CCCCN2C(=O)C(C)(C)Oc2ccc3ccccc3c2)[nH]n1,[BOS]C[C@H]1CCc2c1n[nH]c2C(=O)Nc1cc([C@H]2CCCCN2C(=O)C(C)(C)Oc2ccc3ccccc3c2)[nH]n1[EOS],9755.775755643845,42
9.3,O=C(NC(c1nc(Cc2nc(-c3ccccc3)nn2-c2ccccc2)no1)c1ccccc1F)c1ccccc1F,[BOS]O=C(N[C@@H](c1nc(Cc2nc(-c3ccccc3)nn2-c2ccccc2)no1)c1ccccc1F)c1ccccc1F[EOS][EOS][EOS][EOS][EOS][EOS][EOS],14590.68970656395,42
10.2,Cc1ccc2[nH]cc(CC(=O)Nc3cc(C4CCCCN4C(=O)C4CC4c4ccc(F)c(F)c4)[nH]n3)c2c1,[BOS]Cc1ccc2[nH]cc(CC(=O)Nc3cc([C@@H]4CCCCN4C(=O)[C@H]4C[C@@H]4c4ccc(F)c(F)c4)[nH]n3)c2c1[EOS][EOS][EOS][EOS][EOS][EOS][EOS],5194.082372426987,42
10.6,O=C(Nc1cc(C2CCCCN2C(=O)c2cccc3c2oc2ccccc23)[nH]n1)C1CCc2ccccc2C1,[BOS]O=C(Nc1cc([C@@H]2CCCCN2C(=O)c2cccc3c2oc2ccccc23)[nH]n1)[C@@H]1CCc2ccccc2C1[EOS],10039.677827358246,42
10.4,O=C(NC1CCOC2(CCN(c3nc(-c4ccccc4)nc4c3CC[NH2+]CC4)C2)C1)c1ccccc1,[BOS]O=C(N[C@H]1CCO[C@]2(CCN(c3nc(-c4ccccc4)nc4c3CC[NH2+]CC4)C2)C1)c1ccccc1[EOS],14556.104246854782,42
10.8,Cc1cccc(F)c1C(=O)N1CCCCC1c1cc(NC(=O)Cc2ccc3ccccc3c2)n[nH]1,[BOS]Cc1cccc(F)c1C(=O)N1CCCC[C@H]1c1cc(NC(=O)Cc2ccc3ccccc3c2)n[nH]1[EOS],4838.325983285904,42
10.9,O=C(Cc1coc2ccc3ccccc3c12)N1CCC(C(=O)N2CCc3ccccc3C2=C2C=CCCC2)CC1,[BOS]O=C(Cc1coc2ccc3ccccc3c12)N1CCC(C(=O)N2CCc3ccccc3C2=C2CCCC=C2)CC1[EOS],9182.180428266525,42
10.0,O=Cc1ccccc1-c1cncc(C(=O)NC2CC3CCC(C2)N3C(=O)Cc2cccc3ccccc23)c1,[BOS]O=C(N[C@H]1C[C@H]2CC[C@@H](C1)N2C(=O)Cc1cccc2ccccc12)c1cncc(-c2ccccc2C=O)c1[EOS],13731.950527191162,42
10.1,O=C(Nc1cc(C2CCCCN2C(=O)c2cccc3ccoc23)[nH]n1)C1CC(c2ccccc2)N=N1,[BOS]O=C(c1cccc2ccoc12)N1CCCC[C@@H]1c1cc(NC(=O)[C@H]2CC(c3ccccc3)N=N2)n[nH]1[EOS],4683.158860683441,42
9.6,CC(O)(CNC(=O)Nc1ccc(CNC(=O)c2ccc(C(F)(F)F)cc2)cc1)c1ccc(F)cc1F,[BOS]C[C@](O)(CNC(=O)Nc1ccc(CNC(=O)c2ccc(C(F)(F)F)cc2)cc1)c1ccc(F)cc1F[EOS],9717.628222465515,42
9.5,CC(C)(C)c1noc2ncc(-c3nc(-c4cccc(C(=O)c5ccccc5)c4)no3)cc12,[BOS]CC(C)(C)c1noc2ncc(-c3nc(-c4cccc(C(=O)c5ccccc5)c4)no3)cc12[EOS],13834.647548437119,42
9.9,Cc1nc2cc(C(=O)Nc3cc(C4CCCCN4C(=O)C4CC=C(c5ccccc5)NO4)[nH]n3)ccc2s1,[BOS]Cc1nc2cc(C(=O)Nc3cc([C@@H]4CCCCN4C(=O)[C@@H]4CC=C(c5ccccc5)NO4)[nH]n3)ccc2s1[EOS][EOS][EOS][EOS][EOS][EOS][EOS][EOS],4542.273163080215,42
11.4,O=C(Nc1ccc2ccccc2n1)NC1CCc2ccccc2NC(=O)C(C2CCCC2)Cc2ccccc2NC1=O,[BOS]O=C(Nc1ccc2ccccc2n1)N[C@H]1CCc2ccccc2NC(=O)[C@H](C2CCCC2)Cc2ccccc2NC1=O[EOS],8426.083703279495,42
10.2,O=C(NCc1cc(-c2ccc(F)cc2F)on1)N1CC=C(c2c[nH]c3cc(F)ccc23)CC1,[BOS]O=C(NCc1cc(-c2ccc(F)cc2F)on1)N1CC=C(c2c[nH]c3cc(F)ccc23)CC1[EOS],13023.58760213852,42
9.7,Cc1cccc2c1C(C)CC2Cc1nc(CC(=O)N2CCN(c3ccccc3F)CC2)no1,[BOS]Cc1cccc2c1[C@@H](C)C[C@@H]2Cc1nc(CC(=O)N2CCN(c3ccccc3F)CC2)no1[EOS],4193.6381623744965,42
9.4,O=C(C=CC(=O)Nc1cc(C2CCCCN2C(=O)c2noc3c2CCCC3)[nH]n1)NCc1ccccc1,[BOS]O=C(C=CC(=O)Nc1cc([C@H]2CCCCN2C(=O)c2noc3c2CCCC3)[nH]n1)NCc1ccccc1[EOS][EOS][EOS][EOS],9406.356528759003,42
10.1,Cc1cn(Cc2nc(-c3cccc(Cn4cnc5ccccc54)c3)no2)c2cc(C(F)(F)F)ccc12,[BOS]Cc1cn(Cc2nc(-c3cccc(Cn4cnc5ccccc54)c3)no2)c2cc(C(F)(F)F)ccc12[EOS],14039.058924913406,42
11.1,Nc1nc(COc2ccc(C(=O)N3CCCC4(CCCc5ccccc54)C3)cc2)nc(Nc2ccccc2)n1,[BOS]Nc1nc(COc2ccc(C(=O)N3CCC[C@@]4(CCCc5ccccc54)C3)cc2)nc(Nc2ccccc2)n1[EOS],5479.580490589142,42
9.6,O=C(c1ccc2nccnc2n1)N1CCCCC1C1CCN(C(=O)C2(c3ccccc3F)CC2)CC1,[BOS]O=C(c1ccc2nccnc2n1)N1CCCC[C@H]1C1CCN(C(=O)C2(c3ccccc3F)CC2)CC1[EOS],10136.316040277481,42
10.6,Cc1cccn2c(NC(=O)C(=O)N3CCc4ccccc4C3c3ccccc3)c(-c3ccccc3)nc12,[BOS]Cc1cccn2c(NC(=O)C(=O)N3CCc4ccccc4[C@H]3c3ccccc3)c(-c3ccccc3)nc12[EOS],14859.444366455078,42
9.4,C[NH+]1CCCC(c2cccc(C(=O)N3CCCCCC3c3noc(-c4ccc(F)cc4)n3)c2)C1,[BOS]C[NH+]1CCC[C@H](c2cccc(C(=O)N3CCCCC[C@H]3c3noc(-c4ccc(F)cc4)n3)c2)C1[EOS],4311.1534078121185,42
11.0,C1=C[N+]=C(c2ccccc2)C(C2c3cc(-c4ncc(-c5cccc(-c6ccccc6)c5)s4)ccc3CCC2Cc2ccccc2)=C1,[BOS]c1ccc(CC2CCc3ccc(-c4ncc(-c5cccc(-c6ccccc6)c5)s4)cc3C2c2ccc[n+]c2-c2ccccc2)cc1[EOS][EOS][EOS][EOS][EOS],8820.390599489212,42
10.0,O=C(NC1CC=C(c2ccc(F)cc2)CC1)c1ccc(N2C(=O)c3ccccc3C2=O)cc1,[BOS]O=C(N[C@H]1CC=C(c2ccc(F)cc2)CC1)c1ccc(N2C(=O)c3ccccc3C2=O)cc1[EOS][EOS][EOS][EOS][EOS][EOS],13267.014924287796,42
10.0,Cc1ccc(CC(=O)N2CCCCC2c2cc(NC(=O)c3cc(=O)[nH]c4ccccc34)n[nH]2)cc1[N+](=O)[O-],[BOS]Cc1ccc(CC(=O)N2CCCC[C@@H]2c2cc(NC(=O)c3cc(=O)[nH]c4ccccc34)n[nH]2)cc1[N+](=O)[O-][EOS][EOS][EOS][EOS][EOS][EOS][EOS],4877.141521930695,42
10.3,CC1(C)Cc2cccc(C(=O)Nc3cc(C4CCCCN4C(=O)C4ON=C(c5ccccc5)O4)[nH]n3)c2O1,[BOS]CC1(C)Cc2cccc(C(=O)Nc3cc([C@H]4CCCCN4C(=O)[C@H]4ON=C(c5ccccc5)O4)[nH]n3)c2O1[EOS][EOS][EOS][EOS][EOS][EOS],9446.623897314072,42
9.4,Cc1cc2oc3c(c(=O)c2cc1C)C(c1ccc(Cl)cc1Cl)N(C1CCCC1)C3=O,[BOS]Cc1cc2oc3c(c(=O)c2cc1C)[C@H](c1ccc(Cl)cc1Cl)N(C1CCCC1)C3=O[EOS],13640.471640110016,42
9.7,O=C(NC1CCc2nc(NC(=O)c3c[nH]c4ncc(C(F)(F)F)cc34)sc2C1)c1ncc(F)cc1F,[BOS]O=C(N[C@@H]1CCc2nc(NC(=O)c3c[nH]c4ncc(C(F)(F)F)cc34)sc2C1)c1ncc(F)cc1F[EOS],4423.187147140503,42
10.0,O=C(NCc1ccc(Cn2cnc3ccccc32)cc1)N1CC2CCC[NH+]2Cc2ccccc21,[BOS]O=C(NCc1ccc(Cn2cnc3ccccc32)cc1)N1C[C@H]2CCC[NH+]2Cc2ccccc21[EOS],9516.827256679535,42
10.3,O=C(Nc1cc(C2CCCCN2C(=O)C2Cc3ccccc3C[NH2+]2)[nH]n1)C1CNc2ccccc21,[BOS]O=C(Nc1cc([C@@H]2CCCCN2C(=O)[C@@H]2Cc3ccccc3C[NH2+]2)[nH]n1)[C@H]1CNc2ccccc21[EOS],14336.283686876297,42
11.5,O=C(NCc1ccc(N2CCc3ccccc3C2)nc1)N1CCCCC1c1nc2ccccc2n1C1CCC1(F)F,[BOS]O=C(NCc1ccc(N2CCc3ccccc3C2)nc1)N1CCCC[C@@H]1c1nc2ccccc2n1[C@@H]1CCC1(F)F[EOS],4639.344022035599,42
9.7,COc1cccc2c1CC(C(=O)Nc1cc(C3CCCCN3C(=O)C3CCCCC3(F)F)[nH]n1)CC2,[BOS]COc1cccc2c1C[C@H](C(=O)Nc1cc([C@@H]3CCCCN3C(=O)[C@@H]3CCCCC3(F)F)[nH]n1)CC2[EOS],9271.574169397354,42
9.5,CC1Oc2ccc(C(=O)N3CCOC4(CCN(C(=O)c5c(Cl)ccc6c5OCO6)C4)C3)cc2NC1=O,[BOS]C[C@@H]1Oc2ccc(C(=O)N3CCO[C@]4(CCN(C(=O)c5c(Cl)ccc6c5OCO6)C4)C3)cc2NC1=O[EOS][EOS][EOS][EOS][EOS][EOS][EOS][EOS],13708.351454496384,42
9.9,O=C(NC1CC2CCC(C1)N2C(=O)c1ccccc1C1CC1)c1cccc(-c2ccccc2)n1,[BOS]O=C(N[C@H]1C[C@H]2CC[C@@H](C1)N2C(=O)c1ccccc1C1CC1)c1cccc(-c2ccccc2)n1[EOS],4802.053833723068,42
9.7,Nc1ccc2nc3c4ccccc4c(=NC(=O)c4ccccc4-c4ccc5ccccc5c4)cc-3oc2c1,[BOS]O=C(N=c1cc2oc3cc(N)ccc3nc-2c2ccccc12)c1ccccc1-c1ccc2ccccc2c1[EOS][EOS][EOS],9336.841388463974,42
9.4,O=C(NCC1CCN(C(=O)Cc2ccc3ccccc3c2)C1c1cccnc1)c1ccc2c(c1)CCCO2,[BOS]O=C(NC[C@H]1CCN(C(=O)Cc2ccc3ccccc3c2)[C@@H]1c1cccnc1)c1ccc2c(c1)CCCO2[EOS][EOS][EOS],14175.443876981735,42
9.8,O=C(NC1C2COCC1CN(C(=O)C1C3CCCC1c1ccccc1N3)C2)C1CCCC2CCCCC21,[BOS]O=C(N[C@H]1[C@@H]2COC[C@H]1CN(C(=O)[C@H]1[C@@H]3CCC[C@H]1c1ccccc1N3)C2)[C@@H]1CCC[C@H]2CCCC[C@H]21[EOS][EOS][EOS][EOS],4746.355645895004,42
11.2,Oc1nc(C2COc3ccccc3O2)nc(-c2cccc(C#Cc3ccc4ccccc4c3)n2)c1Cc1ccccc1F,[BOS]Oc1nc([C@@H]2COc3ccccc3O2)nc(-c2cccc(C#Cc3ccc4ccccc4c3)n2)c1Cc1ccccc1F[EOS],9920.242800474167,42
9.6,[NH3+]C(C(=O)N1CCOC2(COCCN(C(=O)C3CC3c3ccc(F)c(F)c3)C2)C1)c1cccc(Cl)c1,[BOS][NH3+][C@@H](C(=O)N1CCO[C@]2(COCCN(C(=O)[C@@H]3C[C@H]3c3ccc(F)c(F)c3)C2)C1)c1cccc(Cl)c1[EOS][EOS][EOS][EOS][EOS][EOS][EOS],14651.772335290909,42
9.8,O=C(c1ccc(C(F)(F)F)[nH]1)N1CCCCC1c1cc(NC(=O)C2(c3ccccc3)CCOCC2)n[nH]1,[BOS]O=C(c1ccc(C(F)(F)F)[nH]1)N1CCCC[C@@H]1c1cc(NC(=O)C2(c3ccccc3)CCOCC2)n[nH]1[EOS][EOS][EOS][EOS][EOS][EOS][EOS][EOS],4097.802154779434,42
9.8,Cc1cc(C(=O)N2CCCCC2c2cc(NC(=O)C(C)Nc3cnccn3)n[nH]2)nc2ccccc12,[BOS]Cc1cc(C(=O)N2CCCC[C@H]2c2cc(NC(=O)[C@@H](C)Nc3cnccn3)n[nH]2)nc2ccccc12[EOS][EOS][EOS][EOS][EOS],8344.619745969772,42
10.4,Cc1ccc(C(C)C(=O)N2CCCCC2c2cc(NC(=O)c3[nH]nc4c(C)cccc34)n[nH]2)cc1,[BOS]Cc1ccc([C@@H](C)C(=O)N2CCCC[C@H]2c2cc(NC(=O)c3[nH]nc4c(C)cccc34)n[nH]2)cc1[EOS],13044.198477745056,42
10.4,O=C(c1cc2c(F)cc(F)cc2[nH]1)N1CCOC2(COCCN(C(=O)C3CC3c3ccc(F)cc3)C2)C1,[BOS]O=C(c1cc2c(F)cc(F)cc2[nH]1)N1CCO[C@]2(COCCN(C(=O)[C@@H]3C[C@@H]3c3ccc(F)cc3)C2)C1[EOS],4248.126158952713,42
10.2,Cc1cc(C(=O)N2CCCCC2c2cc(NC(=O)c3ccc4cnccc4c3)n[nH]2)cc2cn[nH]c12,[BOS]Cc1cc(C(=O)N2CCCC[C@@H]2c2cc(NC(=O)c3ccc4cnccc4c3)n[nH]2)cc2cn[nH]c12[EOS],8863.300973892212,42
9.5,O=C(NC1CC[NH+](C2CCN(C(=O)C3CC3c3ccc(Cl)cc3)CC2)CC1)c1ccc2nonc2c1,[BOS]O=C(NC1CC[NH+](C2CCN(C(=O)[C@H]3C[C@H]3c3ccc(Cl)cc3)CC2)CC1)c1ccc2nonc2c1[EOS][EOS][EOS],13439.519395828247,42
10.3,CCC1Cc2ccccc2C(c2ccc(Nc3c(C#N)oc4c3ccn4S(=O)(=O)c3ccccc3)cc2)[NH2+]1,[BOS]CC[C@H]1Cc2ccccc2[C@H](c2ccc(Nc3c(C#N)oc4c3ccn4S(=O)(=O)c3ccccc3)cc2)[NH2+]1[EOS],4385.750647068024,42
9.5,O=C(NCC1CCOc2ccccc21)Nc1cccc(-c2ccc3c(c2)CCO3)c1,[BOS]O=C(NC[C@@H]1CCOc2ccccc21)Nc1cccc(-c2ccc3c(c2)CCO3)c1[EOS],8621.919099330902,42
11.8,OC1=Nc2ccccc2C12CC2Nc1ccccc1Nc1ccc(-c2ccc3oc4ccc5cc6ccccc6cc5c4c3c2)cc1,[BOS]OC1=Nc2ccccc2C12C[C@@H]2Nc1ccccc1Nc1ccc(-c2ccc3oc4ccc5cc6ccccc6cc5c4c3c2)cc1[EOS],14234.58954501152,42
10.3,O=C(Nc1ccc(C2(NC(=O)C3C4CCCC3c3ccccc3N4)CCC2)cc1)c1cnnc2ccccc12,[BOS]O=C(Nc1ccc(C2(NC(=O)[C@H]3[C@@H]4CCC[C@H]3c3ccccc3N4)CCC2)cc1)c1cnnc2ccccc12[EOS][EOS][EOS][EOS][EOS][EOS][EOS][EOS],5558.420197963715,42
10.4,O=C(CC[NH+]1Cc2ccccc2C2(CCC2)C1)NC(=O)Nc1ccc2c(c1)OCCCO2,[BOS]O=C(CC[NH+]1Cc2ccccc2C2(CCC2)C1)NC(=O)Nc1ccc2c(c1)OCCCO2[EOS],10147.356142997742,42
10.1,O=C(C1CCC2(CC1)OCCO2)N1CCC(C2CCCCN2C(=O)CC2Cc3ccccc3C2)CC1,[BOS]O=C(C1CCC2(CC1)OCCO2)N1CCC([C@@H]2CCCCN2C(=O)CC2Cc3ccccc3C2)CC1[EOS][EOS][EOS][EOS][EOS],14334.511152267456,42
11.1,c1ccc2c(c1)OC(Nc1ccc3c(c1)c1ccccc1n3-c1ccccc1-c1ccc3c4ccccc4c4ccccc4c3c1)O2,[BOS]c1ccc(-n2c3ccccc3c3cc(N[C@H]4Oc5ccccc5O4)ccc32)c(-c2ccc3c4ccccc4c4ccccc4c3c2)c1[EOS][EOS][EOS][EOS],4300.423627853394,42
9.8,O=C(CC1(Cc2ccc(Br)cc2)CCCOc2ccccc21)N1Cc2ccccc2N=C(O)Cc2ccoc2C1,[BOS]O=C(C[C@]1(Cc2ccc(Br)cc2)CCCOc2ccccc21)N1Cc2ccccc2N=C(O)Cc2ccoc2C1[EOS],9320.074899435043,42
9.8,CC(=O)N1Cc2ccccc2CC1c1nc(-c2ccc3c(c2)COC3c2ccc(F)cc2)no1,[BOS]CC(=O)N1Cc2ccccc2C[C@@H]1c1nc(-c2ccc3c(c2)CO[C@@H]3c2ccc(F)cc2)no1[EOS],13416.85867357254,42
9.7,C[NH+](Cc1ccc(CNC(=O)c2ccc3c(c2)CCC=C3)cc1)C1CCOCC(c2ccccc2)C1,[BOS]C[NH+](Cc1ccc(CNC(=O)c2ccc3c(c2)CCC=C3)cc1)C1CCOCC(c2ccccc2)C1[EOS],4698.486605644226,42
10.2,Cc1c(C(=O)NC2(c3ccc(NC(=O)C4CCc5ccccc54)cc3)CCC2)ccc(F)c1F,[BOS]Cc1c(C(=O)NC2(c3ccc(NC(=O)[C@@H]4CCc5ccccc54)cc3)CCC2)ccc(F)c1F[EOS],10050.52545619011,42
10.5,Cc1ccc2cc(C(=O)N3CCCCC3c3cc(NC(=O)c4cnnc5ccccc45)n[nH]3)ccc2n1,[BOS]Cc1ccc2cc(C(=O)N3CCCC[C@@H]3c3cc(NC(=O)c4cnnc5ccccc45)n[nH]3)ccc2n1[EOS],14617.670200586319,42
9.8,Cn1ncc2cc(C(=O)N3CCCCC3c3cc(NC(=O)c4cccc5cc[nH]c45)n[nH]3)ccc21,[BOS]Cn1ncc2cc(C(=O)N3CCCC[C@@H]3c3cc(NC(=O)c4cccc5cc[nH]c45)n[nH]3)ccc21[EOS][EOS][EOS][EOS][EOS][EOS],4656.5261125564575,42
10.7,CCn1nc(C(=O)Nc2cc(C3CCCCN3C(=O)C3C4CCCC3c3ccccc3N4)[nH]n2)c2ccccc21,[BOS]CCn1nc(C(=O)Nc2cc([C@@H]3CCCCN3C(=O)[C@@H]3[C@@H]4CCC[C@H]3c3ccccc3N4)[nH]n2)c2ccccc21[EOS][EOS][EOS][EOS][EOS][EOS][EOS],9617.782710790634,42
11.1,O=C(COc1cccc2ccccc12)N1CCOC2(CCN(C(=O)C3Cc4ccccc4O3)C2)C1,[BOS]O=C(COc1cccc2ccccc12)N1CCO[C@]2(CCN(C(=O)[C@H]3Cc4ccccc4O3)C2)C1[EOS],14546.422010660172,42
11.7,O=C1c2ccccc2N2C(=O)c3ccccc3CC2c2ccccc2N1c1ccc(-c2ccc3c(c2)CC=C3)cc1,[BOS]O=C1c2ccccc2N2C(=O)c3ccccc3C[C@H]2c2ccccc2N1c1ccc(-c2ccc3c(c2)CC=C3)cc1[EOS],4350.023502111435,42
9.0,O=C(c1nc(-c2ccccc2)n(-c2cccc(C(F)(F)F)c2)n1)N1CC[NH2+]CC12CCCCC2,[BOS]O=C(c1nc(-c2ccccc2)n(-c2cccc(C(F)(F)F)c2)n1)N1CC[NH2+]CC12CCCCC2[EOS][EOS][EOS][EOS],8523.98089146614,42
10.7,CC1(c2ccc(CNC(=O)N3CCCC4(CC(=O)c5ccccc5O4)C3)cc2)NC(=O)NC1=O,[BOS]C[C@]1(c2ccc(CNC(=O)N3CCC[C@]4(CC(=O)c5ccccc5O4)C3)cc2)NC(=O)NC1=O[EOS][EOS][EOS],13084.4666390419,42
10.5,O=C(c1cc(-c2ccc3c(c2)OCCO3)cnc1Cl)N1CCCC12CN(C(=O)C1(F)CCCC=C1F)C2,[BOS]O=C(c1cc(-c2ccc3c(c2)OCCO3)cnc1Cl)N1CCCC12CN(C(=O)[C@@]1(F)CCCC=C1F)C2[EOS][EOS][EOS][EOS][EOS][EOS],4597.005677461624,42
9.1,Fc1cc(F)cc(-c2cnc(C(CCc3nc(-c4ccc(F)cc4F)no3)Cc3ccccc3)[nH]2)c1,[BOS]Fc1ccc(-c2noc(CC[C@@H](Cc3ccccc3)c3ncc(-c4cc(F)cc(F)c4)[nH]3)n2)c(F)c1[EOS],8798.3240711689,42
10.0,Cc1cc2nc(C(=O)N3CCCCC3c3cc(NC(=O)CC4OCCc5ccccc54)n[nH]3)[nH]c2cc1C,[BOS]Cc1cc2nc(C(=O)N3CCCC[C@H]3c3cc(NC(=O)C[C@@H]4OCCc5ccccc54)n[nH]3)[nH]c2cc1C[EOS],13868.906305074692,42
10.1,O=C(NC1(c2ccc(NC(=O)c3cnn4ncccc34)cc2)CCC1)c1n[nH]c2ccc(-c3ccccc3)cc12,[BOS]O=C(Nc1ccc(C2(NC(=O)c3n[nH]c4ccc(-c5ccccc5)cc34)CCC2)cc1)c1cnn2ncccc12[EOS][EOS][EOS][EOS],5045.765748262405,42
10.3,Cc1ccc(C(=O)Nc2cccc(C(F)(F)F)c2)cc1-c1ccc2c(c1)C1(CCc3ccccc31)c1ccccc1-2,[BOS]Cc1ccc(C(=O)Nc2cccc(C(F)(F)F)c2)cc1-c1ccc2c(c1)[C@]1(CCc3ccccc31)c1ccccc1-2[EOS][EOS][EOS][EOS][EOS][EOS][EOS],9599.113907814026,42
11.0,O=C(C1CC1c1ccc2c(c1)-c1ccccc1S2(=O)=O)N1CCCC1c1ccc2c(c1)OCCCO2,[BOS]O=C([C@@H]1C[C@@H]1c1ccc2c(c1)-c1ccccc1S2(=O)=O)N1CCC[C@@H]1c1ccc2c(c1)OCCCO2[EOS],13953.360618829727,42
10.6,O=C(Nc1cc(C2CCCCN2C(=O)CC2OCCc3ccccc32)[nH]n1)C1=NOC(c2ccccc2)C1,[BOS]O=C(Nc1cc([C@H]2CCCCN2C(=O)C[C@H]2OCCc3ccccc32)[nH]n1)C1=NO[C@H](c2ccccc2)C1[EOS],5105.284829854965,42
9.2,CC(C)C(C(=O)N1C2CCC1CC(NC(=O)C1CCCC3CCCCC31)C2)N1Cc2ccccc2C1=O,[BOS]CC(C)[C@@H](C(=O)N1[C@@H]2CC[C@H]1C[C@@H](NC(=O)[C@@H]1CCC[C@@H]3CCCC[C@@H]31)C2)N1Cc2ccccc2C1=O[EOS],10090.862361192703,42
8.7,CCCC1CCCC1C(=O)NCC1CC2c3ccccc3C1c1ccccc12,[BOS]CCC[C@@H]1CCC[C@H]1C(=O)NC[C@@H]1CC2c3ccccc3C1c1ccccc12[EOS],13944.405589818954,42
10.5,O=C(C1CC12C(=O)Nc1ccc3ccccc3c12)N1CCc2[nH]c3ccc(Br)cc3c2C1,[BOS]O=C([C@H]1C[C@@]12C(=O)Nc1ccc3ccccc3c12)N1CCc2[nH]c3ccc(Br)cc3c2C1[EOS],4181.176481723785,42
9.5,CC1(C(=O)N2CCCCC2c2cc(NC(=O)c3ncn(-c4cccc(F)c4)n3)n[nH]2)CC1(F)F,[BOS]C[C@]1(C(=O)N2CCCC[C@H]2c2cc(NC(=O)c3ncn(-c4cccc(F)c4)n3)n[nH]2)CC1(F)F[EOS][EOS],8489.26478934288,42
9.7,Cc1cc(F)cc(C(=O)NC2(c3ccc(NC(=O)CN4C(=O)C=CC4=O)cc3)CCC2)c1Cl,[BOS]Cc1cc(F)cc(C(=O)NC2(c3ccc(NC(=O)CN4C(=O)C=CC4=O)cc3)CCC2)c1Cl[EOS][EOS][EOS],13048.611527442932,42
9.6,CC(C)c1ccc2occ(C(=O)NCc3nc4c(s3)CC(c3ccccc3)CC4)c2c1,[BOS]CC(C)c1ccc2occ(C(=O)NCc3nc4c(s3)C[C@H](c3ccccc3)CC4)c2c1[EOS],4294.276827096939,42
11.1,O=C(Nc1cccc(S(=O)(=O)N=C2CCCCCN2C(=O)c2ccc3ccccc3c2)c1)c1cc2ccccc2o1,[BOS]O=C(Nc1cccc(S(=O)(=O)/N=C2\CCCCCN2C(=O)c2ccc3ccccc3c2)c1)c1cc2ccccc2o1[EOS],9660.9137570858,42
10.2,O=C(c1cccc2ccncc12)N1CCC(C2CCCCN2C(=O)c2cccc(-c3ccccc3)n2)CC1,[BOS]O=C(c1cccc2ccncc12)N1CCC([C@@H]2CCCCN2C(=O)c2cccc(-c3ccccc3)n2)CC1[EOS][EOS],14131.6397356987,42
10.3,Cc1oc2cc(O)ccc2c1C(=O)N1CCCCC1C1CCN(C(=O)c2ccc3c(c2)CCCC3=O)CC1,[BOS]Cc1oc2cc(O)ccc2c1C(=O)N1CCCC[C@H]1C1CCN(C(=O)c2ccc3c(c2)CCCC3=O)CC1[EOS][EOS][EOS][EOS][EOS][EOS][EOS][EOS],5098.908402681351,42
11.1,O=C(c1ccc(Cc2n[nH]c(=O)c3ccccc23)cc1)N1CCC2(CC(O)c3ccccc3O2)C1,[BOS]O=C(c1ccc(Cc2n[nH]c(=O)c3ccccc23)cc1)N1CC[C@]2(C[C@H](O)c3ccccc3O2)C1[EOS],10117.097222805023,42
10.3,O=C(c1cc2cccc(F)c2[nH]1)N1CCC2(CCCN(C(=O)C3CCc4ccccc4C3)C2)CC1,[BOS]O=C(c1cc2cccc(F)c2[nH]1)N1CCC2(CCCN(C(=O)[C@@H]3CCc4ccccc4C3)C2)CC1[EOS],14205.073026657104,42
12.0,Brc1ccc(-c2cccc(-c3nc(-c4ccc(-c5ccc6ccccc6c5)cc4)c(-c4cccc5ccccc45)s3)c2)cc1-c1ccc2ccccc2c1,[BOS]Brc1ccc(-c2cccc(-c3nc(-c4ccc(-c5ccc6ccccc6c5)cc4)c(-c4cccc5ccccc45)s3)c2)cc1-c1ccc2ccccc2c1[EOS][EOS][EOS][EOS][EOS],4370.30068731308,42
12.0,O=C(c1ccc(NCc2cc(C(F)(F)F)c(F)cc2F)nc1)N1CCc2ccccc2C1c1cccc2ccccc12,[BOS]O=C(c1ccc(NCc2cc(C(F)(F)F)c(F)cc2F)nc1)N1CCc2ccccc2C1c1cccc2ccccc12[EOS],8739.242941856384,42
10.0,O=C(NCc1ccc(CN2CCc3ccccc32)cc1)N1Cc2ccccc2-c2ccccc2C1,[BOS]O=C(NCc1ccc(CN2CCc3ccccc32)cc1)N1Cc2ccccc2-c2ccccc2C1[EOS],13705.091815948486,42
9.8,O=C(Nc1cc(C2CCCCN2C(=O)CC2OCCc3ccccc32)[nH]n1)C1CC1c1ccc(F)c(F)c1,[BOS]O=C(Nc1cc([C@@H]2CCCCN2C(=O)C[C@@H]2OCCc3ccccc32)[nH]n1)[C@H]1C[C@@H]1c1ccc(F)c(F)c1[EOS],5008.493946790695,42
9.4,Cc1ccc(C)c(C2CCC[NH+]2Cn2c(=S)n(-c3cccc(C(F)(F)F)c3)c3cc(O)ccc32)c1,[BOS]Cc1ccc(C)c([C@@H]2CCC[NH+]2Cn2c(=S)n(-c3cccc(C(F)(F)F)c3)c3cc(O)ccc32)c1[EOS][EOS][EOS][EOS][EOS][EOS][EOS][EOS],9483.61425614357,42
10.5,O=C(c1ccccc1Oc1cccc2ccccc12)N1CCC2(CC1)CCn1c(-c3cccc(F)c3)c[nH+]c12,[BOS]O=C(c1ccccc1Oc1cccc2ccccc12)N1CCC2(CC1)CCn1c(-c3cccc(F)c3)c[nH+]c12[EOS],14401.927819490433,42
11.0,O=C(Nc1ccc(-c2nnc3n2CCCC3)cc1)C1CC2CCCCC2N1C(=O)c1cccc2ccccc12,[BOS]O=C(Nc1ccc(-c2nnc3n2CCCC3)cc1)[C@@H]1C[C@@H]2CCCC[C@@H]2N1C(=O)c1cccc2ccccc12[EOS],4534.392072677612,42
10.1,CC1(C(=O)N2CCCCC2c2cc(NC(=O)C3=C4c5ccccc5C(=O)N4CC3)n[nH]2)CC1(F)F,[BOS]C[C@@]1(C(=O)N2CCCC[C@H]2c2cc(NC(=O)C3=C4c5ccccc5C(=O)N4CC3)n[nH]2)CC1(F)F[EOS][EOS][EOS][EOS][EOS][EOS][EOS][EOS],9100.93602347374,42
9.4,O=C1NC(C[NH+]2CCCC(c3n[nH]c(C4CCCCC4)n3)C2)=NC2=CC=CC=C1c1ccccc1C2,[BOS]O=c1[nH]c(C[NH+]2CCC[C@@H](c3n[nH]c(C4CCCCC4)n3)C2)nc2ccccc1-c1ccccc1C2[EOS][EOS][EOS][EOS][EOS][EOS][EOS],13945.255452156067,42
10.0,O=C(NC1C2COCC1CN(C(=O)Cc1cc3cccnc3cc1F)C2)C1CCCC2CCCCC21,[BOS]O=C(N[C@H]1[C@@H]2COC[C@H]1CN(C(=O)Cc1cc3cccnc3cc1F)C2)[C@@H]1CCC[C@H]2CCCC[C@H]21[EOS],4823.724636793137,42
9.5,O=C(Nc1ccc(C2(NC(=O)C3(c4ccccc4)CCC3)CCC2)cc1)C1CNc2ccccc21,[BOS]O=C(Nc1ccc(C2(NC(=O)C3(c4ccccc4)CCC3)CCC2)cc1)[C@H]1CNc2ccccc21[EOS][EOS][EOS][EOS],9597.10562300682,42
9.7,O=C(Nc1ccc(CCn2nnc(-c3ccccc3)n2)cc1)C12CC3CCC(C1)C(C(F)(F)F)(C3)C2,[BOS]O=C(Nc1ccc(CCn2nnc(-c3ccccc3)n2)cc1)C12C[C@H]3CC[C@@H](C1)C(C(F)(F)F)(C3)C2[EOS][EOS][EOS][EOS][EOS],14587.69185423851,42
9.9,O=C(NC1C2COCC1CN(C(=O)C1C3CCCC1c1ccccc1N3)C2)c1ccc2nc[nH]c(=O)c2c1,[BOS]O=C(N[C@H]1[C@@H]2COC[C@H]1CN(C(=O)[C@@H]1[C@@H]3CCC[C@H]1c1ccccc1N3)C2)c1ccc2nc[nH]c(=O)c2c1[EOS][EOS][EOS][EOS][EOS][EOS][EOS][EOS],4660.255024909973,42
9.0,Cc1ccc2sc(NC3(O)C=Cc4ccccc4C3c3c(O)ccc4ccccc34)nc2c1F,[BOS]Cc1ccc2sc(N[C@@]3(O)C=Cc4ccccc4[C@@H]3c3c(O)ccc4ccccc34)nc2c1F[EOS][EOS],9528.047975301743,42
10.5,O=C(Nc1cc(C2CCCCN2C(=O)C2CCCC3CCCCC32)[nH]n1)C1Cc2ccccc2O1,[BOS]O=C(Nc1cc([C@@H]2CCCCN2C(=O)[C@@H]2CCC[C@@H]3CCCC[C@H]32)[nH]n1)[C@@H]1Cc2ccccc2O1[EOS],14158.928902387619,42
10.0,O=C(Nc1n[nH]c(Cc2cccc(F)c2)n1)c1cc2c(ccc3ccccc32)oc1=O,[BOS]O=C(Nc1n[nH]c(Cc2cccc(F)c2)n1)c1cc2c(ccc3ccccc32)oc1=O[EOS],4173.45717382431,42
11.0,O=C(C1Cc2ccccc2O1)N1CCCCC1c1cc(NC(=O)C2(c3cccc(F)c3)CCCCC2)n[nH]1,[BOS]O=C([C@H]1Cc2ccccc2O1)N1CCCC[C@@H]1c1cc(NC(=O)C2(c3cccc(F)c3)CCCCC2)n[nH]1[EOS],8861.194817304611,42
9.7,O=C(NC1C2COCC1CN(C(=O)c1cccc3ccncc13)C2)C1C2CCCC1c1ccccc1N2,[BOS]O=C(c1cccc2ccncc12)N1C[C@H]2COC[C@@H](C1)[C@H]2NC(=O)[C@H]1[C@@H]2CCC[C@H]1c1ccccc1N2[EOS],13211.75855064392,42
9.4,CC(=O)n1cc(C[NH+]2CCC(F)(F)C3(CCN(Cc4cccc(F)c4)C3=O)C2)c2ccccc21,[BOS]CC(=O)n1cc(C[NH+]2CCC(F)(F)[C@]3(CCN(Cc4cccc(F)c4)C3=O)C2)c2ccccc21[EOS][EOS][EOS],4215.502180814743,42
10.7,CC1=CCC(C)(C(=O)Nc2cc(C3CCCCN3C(=O)Cc3ccc4ccc(C)cc4c3)[nH]n2)CC1,[BOS]Cc1ccc2ccc(CC(=O)N3CCCC[C@@H]3c3cc(NC(=O)[C@]4(C)CC=C(C)CC4)n[nH]3)cc2c1[EOS],9607.459553956985,42
10.0,O=C(Cc1ccc2nccnc2c1)Nc1ccccc1C1CCN(C(=O)C2CCCCCCC2)CC1,[BOS]O=C(Cc1ccc2nccnc2c1)Nc1ccccc1C1CCN(C(=O)C2CCCCCCC2)CC1[EOS],14037.36965560913,42
9.8,O=C(NCc1ccc(Oc2ccc(F)cc2)nc1)N1CCn2cccc2C1c1ccccc1,[BOS]O=C(NCc1ccc(Oc2ccc(F)cc2)nc1)N1CCn2cccc2[C@H]1c1ccccc1[EOS],4818.931643009186,42
11.5,OC1=Nc2cc(F)ccc2Cc2ccc(-c3nc(-c4ccccc4)cc(-c4ccc5c(c4)CNCC5)n3)cc21,[BOS]OC1=Nc2cc(F)ccc2Cc2ccc(-c3nc(-c4ccccc4)cc(-c4ccc5c(c4)CNCC5)n3)cc21[EOS],9091.126650571823,42
10.0,O=C(c1c[nH]c(-c2ccc(F)cc2)c1)N1CCCC2(CCN(C(=O)c3cccc4ccoc34)CC2)C1,[BOS]O=C(c1cccc2ccoc12)N1CCC2(CCCN(C(=O)c3c[nH]c(-c4ccc(F)cc4)c3)C2)CC1[EOS][EOS][EOS][EOS][EOS][EOS][EOS][EOS],13748.692863225937,42
9.8,Cn1cccc(C(=O)N2CCCCC2c2cc(NC(=O)c3ncn4nc(N5CCOCC5)ccc34)n[nH]2)c1=O,[BOS]Cn1cccc(C(=O)N2CCCC[C@@H]2c2cc(NC(=O)c3ncn4nc(N5CCOCC5)ccc34)n[nH]2)c1=O[EOS][EOS][EOS][EOS][EOS][EOS][EOS],4863.3522617816925,42
10.1,Cc1cc(C)c(-c2csc(NS(=O)(=O)c3ccc4c(c3)C(=O)N(C)C4=O)n2)c(C)c1CCc1ccccc1C1CCC1,[BOS]Cc1cc(C)c(-c2csc(NS(=O)(=O)c3ccc4c(c3)C(=O)N(C)C4=O)n2)c(C)c1CCc1ccccc1C1CCC1[EOS],9286.837646722794,42
10.3,Cn1ccc2cccc(C(=O)N3CCC4(CN(C(=O)C5=Cc6ccccc6NC(=O)C5)CCO4)C3)c21,[BOS]Cn1ccc2cccc(C(=O)N3CC[C@@]4(CN(C(=O)C5=Cc6ccccc6NC(=O)C5)CCO4)C3)c21[EOS][EOS][EOS][EOS][EOS][EOS][EOS],13670.610448598862,42
9.7,O=C(C(=O)N1CCC(c2cccnc2)C1)N1CCC2(CCc3ccccc3C2)CC1,[BOS]O=C(C(=O)N1CCC2(CCc3ccccc3C2)CC1)N1CC[C@H](c2cccnc2)C1[EOS],3817.2497057914734,42
10.0,Nc1nc2cc(C(=O)N3CCCCC3c3cc(NC(=O)c4ccc5c(c4)NC(=O)CC5)n[nH]3)ccc2s1,[BOS]Nc1nc2cc(C(=O)N3CCCC[C@H]3c3cc(NC(=O)c4ccc5c(c4)NC(=O)CC5)n[nH]3)ccc2s1[EOS][EOS][EOS][EOS][EOS][EOS][EOS],8686.538919687271,42
11.5,O=S(=O)(c1ccc(C=Nc2ccc3c(c2)oc2ccccc23)cc1)N1c2ccccc2CCc2ccccc21,[BOS]O=S(=O)(c1ccc(C=Nc2ccc3c(c2)oc2ccccc23)cc1)N1c2ccccc2CCc2ccccc21[EOS],13573.364715337753,42
10.8,O=C(Nc1cc(C2CCCCN2C(=O)C2CCC(O)CC2)[nH]n1)c1cc(-c2ccccc2)nc2ncccc12,[BOS]O=C(Nc1cc([C@H]2CCCCN2C(=O)[C@H]2CC[C@H](O)CC2)[nH]n1)c1cc(-c2ccccc2)nc2ncccc12[EOS],5038.9248151779175,42
11.6,Oc1ccc(C2CCON2c2ccc(Oc3cccc(C4c5ccccc5C(F)(F)c5ccccc54)n3)cc2)cc1O,[BOS]Oc1ccc(C2CCON2c2ccc(Oc3cccc(C4c5ccccc5C(F)(F)c5ccccc54)n3)cc2)cc1O[EOS][EOS][EOS][EOS][EOS],11190.993745088577,42
10.3,O=C(c1ccc2ccccc2c1)C1CC=CCC1C(=O)N1CCN(C(=O)c2ccc(F)cc2F)CC1,[BOS]O=C(c1ccc2ccccc2c1)[C@H]1CC=CC[C@@H]1C(=O)N1CCN(C(=O)c2ccc(F)cc2F)CC1[EOS],15436.400743722916,42
9.5,O=C(NC1CC2CCC(C1)N2C(=O)C1CC1c1ccc(F)c(F)c1)c1onc2ccccc12,[BOS]O=C(N[C@H]1C[C@H]2CC[C@@H](C1)N2C(=O)[C@H]1C[C@@H]1c1ccc(F)c(F)c1)c1onc2ccccc12[EOS][EOS][EOS][EOS][EOS][EOS],4236.529888153076,42
10.4,CC(NC(=O)N1CCC2(CCc3ccccc3O2)C1)c1ccc2c(c1)CCCC(=O)N2,[BOS]C[C@@H](NC(=O)N1CC[C@]2(CCc3ccccc3O2)C1)c1ccc2c(c1)CCCC(=O)N2[EOS],8058.1727204322815,42
9.3,Cc1ccc(Oc2ccc(NC(=O)N3CCCC(C[NH+]4CCCCC4C)C3)cc2)cc1C(=O)[O-],[BOS]Cc1ccc(Oc2ccc(NC(=O)N3CCC[C@H](C[NH+]4CCCC[C@@H]4C)C3)cc2)cc1C(=O)[O-][EOS],12434.34709596634,42
9.2,Cc1c(C(=O)NC2CC3CCC(C2)N3C(=O)C2CC2c2ccc(Br)cc2)cn2nc[nH]c(=O)c12,[BOS]Cc1c(C(=O)N[C@H]2C[C@H]3CC[C@@H](C2)N3C(=O)[C@H]2C[C@H]2c2ccc(Br)cc2)cn2nc[nH]c(=O)c12[EOS][EOS],4547.433301210403,42
10.0,O=C1Cc2cccc(C(=O)N3CCC4(C3)CN(C(=O)c3[nH]cnc3-c3cccnc3)CCO4)c2N1,[BOS]O=C1Cc2cccc(C(=O)N3CC[C@@]4(C3)CN(C(=O)c3[nH]cnc3-c3cccnc3)CCO4)c2N1[EOS],9095.023480653763,42
9.7,O=C(Nc1ccc(C2NC(=O)C3CCCCC3N2)cc1)c1cn(Cc2ccccc2)c2ccccc12,[BOS]O=C1N[C@@H](c2ccc(NC(=O)c3cn(Cc4ccccc4)c4ccccc34)cc2)N[C@H]2CCCC[C@@H]12[EOS][EOS][EOS][EOS][EOS],13604.80501794815,42
10.1,O=C1Cc2cccc(C(=O)N3CCCCC3C3CCN(C(=O)C=Cc4cc5ccccc5o4)CC3)c2CN1,[BOS]O=C1Cc2cccc(C(=O)N3CCCC[C@H]3C3CCN(C(=O)C=Cc4cc5ccccc5o4)CC3)c2CN1[EOS],5004.794853925705,42
10.2,O=C(NCc1ccc(F)cc1)C1=NOC2(CC[NH+](C3CCc4c(F)cc(F)cc4C3)C2)C1,[BOS]O=C(NCc1ccc(F)cc1)C1=NO[C@]2(CC[NH+]([C@H]3CCc4c(F)cc(F)cc4C3)C2)C1[EOS],9384.577236413956,42
9.6,C[NH+]1CCCn2nc(C(=O)Nc3cc(C4CCCCN4C(=O)C4CCC(F)(F)CC4)[nH]n3)cc2C1,[BOS]C[NH+]1CCCn2nc(C(=O)Nc3cc([C@@H]4CCCCN4C(=O)C4CCC(F)(F)CC4)[nH]n3)cc2C1[EOS][EOS][EOS][EOS],14284.333002090454,42
9.9,CCc1ccccc1C=C1Oc2cc(OCc3ccc(C(N)=O)cc3)ccc2C1=O,[BOS]CCc1ccccc1C=C1Oc2cc(OCc3ccc(C(N)=O)cc3)ccc2C1=O[EOS],4180.534108638763,42
11.9,c1cnc2ccc(-c3cc(-c4cccc5c4[nH]c4ccc6ccccc6c45)cc(-n4ccc5ccccc54)c3)cc2c1,[BOS]c1ccc2c(c1)ccn2c1cc(-c2cccc3c2[nH]c2ccc4ccccc4c23)cc(-c2ccc3ncccc3c2)c1[EOS],8688.844491958618,42
10.2,Nc1nc2ccc(C(=O)N3CCCCC3c3cc(NC(=O)c4cccc5cccnc45)n[nH]3)cc2[nH]1,[BOS]Nc1nc2ccc(C(=O)N3CCCC[C@@H]3c3cc(NC(=O)c4cccc5cccnc45)n[nH]3)cc2[nH]1[EOS],13472.063630104065,42
10.4,O=C(NC1C2COCC1CN(C(=O)C1CCCCC1(F)F)C2)C1C2CCCC1c1ccccc1N2,[BOS]O=C(N[C@H]1[C@@H]2COC[C@H]1CN(C(=O)[C@@H]1CCCCC1(F)F)C2)[C@H]1[C@@H]2CCC[C@H]1c1ccccc1N2[EOS],4571.740434885025,42
9.6,Cn1c(CC(=O)N2CC3COCC(C2)C3NC(=O)c2[nH]nc3c2CCc2ncccc2-3)cc2ccccc21,[BOS]Cn1c(CC(=O)N2C[C@H]3COC[C@@H](C2)[C@H]3NC(=O)c2[nH]nc3c2CCc2ncccc2-3)cc2ccccc21[EOS],9721.720626592636,42
9.5,Cc1cn(-c2cccc(NC(=O)C3CC4CCCCC4N3C(=O)c3cccc4ccccc34)c2)c(=O)[nH]1,[BOS]Cc1cn(-c2cccc(NC(=O)[C@@H]3C[C@@H]4CCCC[C@@H]4N3C(=O)c3cccc4ccccc34)c2)c(=O)[nH]1[EOS][EOS][EOS][EOS][EOS][EOS][EOS][EOS],14175.871393918991,42
10.2,O=C(Nc1cc(C2CCCCN2C(=O)C2(F)CCCCC2(F)F)[nH]n1)C1CC12C(=O)Nc1ccccc12,[BOS]O=C(Nc1cc([C@@H]2CCCCN2C(=O)[C@@]2(F)CCCCC2(F)F)[nH]n1)[C@@H]1C[C@@]12C(=O)Nc1ccccc12[EOS][EOS][EOS][EOS][EOS][EOS][EOS],4787.13649058342,42
10.4,Cc1c(C(=O)NCc2cn(-c3cccc(F)c3)cn2)csc1-n1c2ccc(F)cc2c2cc(F)ccc21,[BOS]Cc1c(C(=O)NCc2cn(-c3cccc(F)c3)cn2)csc1-n1c2ccc(F)cc2c2cc(F)ccc21[EOS],9649.392980337143,42
10.9,O=C(Nc1cc(C2CCCCN2C(=O)C2CCCCC2(F)F)[nH]n1)c1ccc(-c2ccc(=O)[nH]n2)cc1,[BOS]O=C(Nc1cc([C@@H]2CCCCN2C(=O)[C@H]2CCCCC2(F)F)[nH]n1)c1ccc(-c2ccc(=O)[nH]n2)cc1[EOS],14547.842823266983,42
9.9,Cc1ccc2nc(C(=O)Nc3cc(C4CCCCN4C(=O)c4cc5nc(C)ccc5o4)[nH]n3)ccc2c1,[BOS]Cc1ccc2nc(C(=O)Nc3cc([C@H]4CCCCN4C(=O)c4cc5nc(C)ccc5o4)[nH]n3)ccc2c1[EOS],4713.519147872925,42
9.9,Cc1ncccc1CCC(=O)Nc1cc(C2CCCCN2C(=O)C2CC2c2ccccc2)[nH]n1,[BOS]Cc1ncccc1CCC(=O)Nc1cc([C@@H]2CCCCN2C(=O)[C@H]2C[C@H]2c2ccccc2)[nH]n1[EOS],9636.644736289978,42
11.6,O=C(CC1c2ccccc2-c2c(F)cccc21)C1CCC(c2cc(-c3ccccc3)ccc2-n2cc(Br)c(O)n2)CC1,[BOS]O=C(CC1c2ccccc2-c2c(F)cccc21)[C@H]1CC[C@@H](c2cc(-c3ccccc3)ccc2-n2cc(Br)c(O)n2)CC1[EOS],14562.401638031006,42
9.4,O=C(C#Cc1ccccc1)Nc1cc(C2CCCCN2C(=O)c2ccc(-c3ccccc3)c(F)c2)[nH]n1,[BOS]O=C(C#Cc1ccccc1)Nc1cc([C@@H]2CCCCN2C(=O)c2ccc(-c3ccccc3)c(F)c2)[nH]n1[EOS][EOS],4594.108194351196,42
10.0,Cc1cc(C(=O)N2CCCCC2C2CCN(C(=O)c3ccc4cc(O)ccc4n3)CC2)cc2cn[nH]c12,[BOS]Cc1cc(C(=O)N2CCCC[C@@H]2C2CCN(C(=O)c3ccc4cc(O)ccc4n3)CC2)cc2cn[nH]c12[EOS],9334.810581684113,42
10.7,Fc1ccc(-c2cc(-c3nnc(-c4csc(N5CCOCC5)n4)o3)cc3cccnc23)cc1-c1cnn(C2CCCCO2)c1,[BOS]Fc1ccc(-c2cc(-c3nnc(-c4csc(N5CCOCC5)n4)o3)cc3cccnc23)cc1-c1cnn(C2CCCCO2)c1[EOS],13631.122798204422,42
10.7,Cc1ccccc1-n1nc(-c2cccc3cccnc23)c(-c2cc3ccccc3c3cc(Br)ccc23)cc1=O,[BOS]Cc1ccccc1-n1nc(-c2cccc3cccnc23)c(-c2cc3ccccc3c3cc(Br)ccc23)cc1=O[EOS],4547.327952384949,42
9.4,CC(=O)Nc1snc(C2CC[NH+](C3CCC4CN(C(=O)c5ccccc5)CCC4C3)CC2)c1-c1ccccc1,[BOS]CC(=O)Nc1snc(C2CC[NH+]([C@H]3CC[C@@H]4CN(C(=O)c5ccccc5)CC[C@H]4C3)CC2)c1-c1ccccc1[EOS][EOS][EOS][EOS][EOS][EOS][EOS],9464.798323392868,42
9.8,O=C(C1Cc2ccccc2C[NH2+]1)N1CC2(CCCN2C(=O)C2(c3ccc(F)c(F)c3)CC2)C1,[BOS]O=C([C@@H]1Cc2ccccc2C[NH2+]1)N1CC2(CCCN2C(=O)C2(c3ccc(F)c(F)c3)CC2)C1[EOS][EOS][EOS][EOS],13731.343121290207,42
9.4,CC(Nc1ccccn1)C(=O)N1CCOCC2(C1)CN(C(=O)C1(c3ccccc3)CCCC1)CCO2,[BOS]C[C@H](Nc1ccccn1)C(=O)N1CCOC[C@@]2(C1)CN(C(=O)C1(c3ccccc3)CCCC1)CCO2[EOS][EOS][EOS],4899.539769649506,42
11.1,O=C(c1ccc(CSc2nc3ccc(F)cc3c(=O)n2C2CC2)cc1)N1Cc2ccccc2-c2ccccc2C1,[BOS]O=C(c1ccc(CSc2nc3ccc(F)cc3c(=O)n2C2CC2)cc1)N1Cc2ccccc2-c2ccccc2C1[EOS],10285.421647310257,42
10.9,CC1CCc2c1n[nH]c2C(=O)N1CCCCC1c1cc(NC(=O)c2ncn3nc(N4CCOCC4)ccc23)n[nH]1,[BOS]C[C@H]1CCc2c1n[nH]c2C(=O)N1CCCC[C@H]1c1cc(NC(=O)c2ncn3nc(N4CCOCC4)ccc23)n[nH]1[EOS],14893.077709913254,42
10.1,O=C(c1ccc(F)cc1)c1ccccc1-c1nc(-c2ccc(C34CC[NH2+]C3COCC4)cc2)no1,[BOS]O=C(c1ccc(F)cc1)c1ccccc1-c1nc(-c2ccc([C@]34CC[NH2+][C@@H]3COCC4)cc2)no1[EOS][EOS][EOS][EOS][EOS],4473.843765497208,42
10.5,Cc1ccc2cc(C(=O)N3CCCCC3c3cc(NC(=O)C4CCc5ccccc5C4)n[nH]3)ccc2n1,[BOS]Cc1ccc2cc(C(=O)N3CCCC[C@H]3c3cc(NC(=O)[C@@H]4CCc5ccccc5C4)n[nH]3)ccc2n1[EOS],9318.982130527496,42
10.0,O=C(C1CC(O)CN1C(=O)OCC1c2ccccc2-c2ccccc21)N1Cc2ccccc2C2(CC2)C1,[BOS]O=C([C@@H]1C[C@@H](O)CN1C(=O)OCC1c2ccccc2-c2ccccc21)N1Cc2ccccc2C2(CC2)C1[EOS],14449.49254155159,42
9.9,Cc1c(C(=O)Nc2ncc(Cc3cc(C(F)(F)F)cc(C(F)(F)F)c3)s2)c(=O)c2ccccc2n1C,[BOS]Cc1c(C(=O)Nc2ncc(Cc3cc(C(F)(F)F)cc(C(F)(F)F)c3)s2)c(=O)c2ccccc2n1C[EOS][EOS][EOS][EOS][EOS],4329.191526651382,42
9.2,Cc1nc(-c2ccc(NC(=O)NC3C4CCc5ccccc5C43)cc2)cc(=O)[nH]1,[BOS]Cc1nc(-c2ccc(NC(=O)N[C@H]3[C@H]4CCc5ccccc5[C@@H]43)cc2)cc(=O)[nH]1[EOS],8647.506223917007,42
9.9,CC(C#N)c1cccc(C(=O)N2CCCCC2c2cc(NC(=O)C=C3C(=O)Nc4ccccc43)n[nH]2)c1,[BOS]C[C@@H](C#N)c1cccc(C(=O)N2CCCC[C@@H]2c2cc(NC(=O)C=C3C(=O)Nc4ccccc43)n[nH]2)c1[EOS],13335.755321979523,42
10.5,O=C(C1CC1c1cccc2ccccc12)N1CCCN(c2nc(-c3cccc(Cl)c3)ns2)C1=O,[BOS]O=C([C@H]1C[C@@H]1c1cccc2ccccc12)N1CCCN(c2nc(-c3cccc(Cl)c3)ns2)C1=O[EOS],4237.9945657253265,42
11.0,O=C(c1cccc(Cc2ccc(F)cc2)c1)N1CCC2(CCCN(C(=O)C3(F)CCCCC3)C2)CC1,[BOS]O=C(c1cccc(Cc2ccc(F)cc2)c1)N1CCC2(CCCN(C(=O)C3(F)CCCCC3)C2)CC1[EOS],9198.239722251892,42
9.8,O=C(NC1CCCC(c2ccccc2)C1)c1ccc2[nH]c3c(c2c1)CCNC3=O,[BOS]O=C(N[C@H]1CCC[C@@H](c2ccccc2)C1)c1ccc2[nH]c3c(c2c1)CCNC3=O[EOS],13056.33378458023,42
10.1,O=C(NC1CCCc2cc(N3CCCC3)ccc21)C(=O)c1ccc2c(c1)Cc1ccccc1-2,[BOS]O=C(N[C@@H]1CCCc2cc(N3CCCC3)ccc21)C(=O)c1ccc2c(c1)Cc1ccccc1-2[EOS],4268.206394672394,42
10.8,O=C(c1ccc(N2CC(c3ccccc3)C3CCCCC32)nc1)N1CCCN(C(=O)c2cncc(F)c2)CC2CCC2C1,[BOS]O=C(c1ccc(N2C[C@H](c3ccccc3)[C@H]3CCCC[C@H]32)nc1)N1CCCN(C(=O)c2cncc(F)c2)CC2CCC2C1[EOS],8339.014340400696,42
10.3,O=C(Nc1cc(C2CCCCN2C(=O)C2CC2c2ccc(F)cc2)[nH]n1)c1n[nH]c2c1CS(=O)(=O)C2,[BOS]O=C(Nc1cc([C@@H]2CCCCN2C(=O)[C@@H]2C[C@@H]2c2ccc(F)cc2)[nH]n1)c1n[nH]c2c1CS(=O)(=O)C2[EOS][EOS][EOS][EOS][EOS][EOS][EOS],13360.590255975723,42
11.6,O=C1OC2CCC(Oc3cccc(C4(NC(=O)N5C=NNCCCCCCC5)c5ccccc5-c5ccccc54)c3)CC2O1,[BOS]O=C(NC1(c2cccc(O[C@@H]3CC[C@H]4OC(=O)O[C@H]4C3)c2)c2ccccc2-c2ccccc21)N1CCCCCCCNN=C1[EOS],4884.5997767448425,42
10.2,O=C(Nc1cc(C2CCCCN2C(=O)c2c[nH]c3cc(Cl)ccc23)[nH]n1)C1Cc2ccccc2C1,[BOS]O=C(Nc1cc([C@@H]2CCCCN2C(=O)c2c[nH]c3cc(Cl)ccc23)[nH]n1)C1Cc2ccccc2C1[EOS][EOS][EOS][EOS][EOS][EOS],9757.244721412659,42
9.9,CN(CC(=O)N1CCCCC1c1cc(NC(=O)Cc2ccc3ccccc3c2)n[nH]1)C(=O)c1ccccc1,[BOS]CN(CC(=O)N1CCCC[C@@H]1c1cc(NC(=O)Cc2ccc3ccccc3c2)n[nH]1)C(=O)c1ccccc1[EOS],14568.766904830933,42
10.8,O=C(Nc1cc(C2CCCCN2C(=O)c2noc3c2CCCC3)[nH]n1)C1CCc2ccccc2C1,[BOS]O=C(Nc1cc([C@@H]2CCCCN2C(=O)c2noc3c2CCCC3)[nH]n1)[C@@H]1CCc2ccccc2C1[EOS],4812.9850742816925,42
10.0,CC(C(=O)Nc1n[nH]c2nc(-c3ccc(F)cc3)ccc12)c1cccc(C(=O)c2ccccc2)c1,[BOS]C[C@@H](C(=O)Nc1n[nH]c2nc(-c3ccc(F)cc3)ccc12)c1cccc(C(=O)c2ccccc2)c1[EOS],9135.33168053627,42
9.2,O=C1OC2(CCN(C(=O)OCC(c3ccccc3)(c3ccccc3)c3ccccc3)CC2)c2cccnc21,[BOS]O=C(OCC(c1ccccc1)(c1ccccc1)c1ccccc1)N1CCC2(CC1)OC(=O)c1ncccc12[EOS],13878.614010334015,42
11.2,O=C1OC2(CCCN1Cc1cccc(F)c1)CCN(c1nccc(-c3cc(F)cc4ccccc34)n1)CC2,[BOS]O=C1OC2(CCN(c3nccc(-c4cc(F)cc5ccccc45)n3)CC2)CCCN1Cc1cccc(F)c1[EOS],3980.7337441444397,42
9.2,O=C(Cc1c[nH]c2cc(C(F)(F)F)ccc12)N1Cc2ccccc2C2(CCN(c3ncc(F)cn3)CC2)C1,[BOS]O=C(Cc1c[nH]c2cc(C(F)(F)F)ccc12)N1Cc2ccccc2C2(CCN(c3ncc(F)cn3)CC2)C1[EOS][EOS][EOS][EOS][EOS][EOS],8410.772124290466,42
9.6,O=C(Cc1ccccc1Cc1ccc(F)cc1)NC1C2COCC1CN(C(=O)c1c[nH]c(=O)[nH]c1=O)C2,[BOS]O=C(Cc1ccccc1Cc1ccc(F)cc1)N[C@H]1[C@@H]2COC[C@H]1CN(C(=O)c1c[nH]c(=O)[nH]c1=O)C2[EOS][EOS],14159.15445971489,42
10.6,O=C(Nc1cc(C2CCCCN2C(=O)C2CCC(F)(F)CC2)[nH]n1)c1cc2c(F)cc(F)cc2[nH]1,[BOS]O=C(Nc1cc([C@H]2CCCCN2C(=O)C2CCC(F)(F)CC2)[nH]n1)c1cc2c(F)cc(F)cc2[nH]1[EOS],4855.093158483505,42
9.9,O=C(c1ccc2ncoc2c1)N1CCCCC1c1cc(NC(=O)C2(c3cccc(Cl)c3)CCCC2)n[nH]1,[BOS]O=C(c1ccc2ncoc2c1)N1CCCC[C@H]1c1cc(NC(=O)C2(c3cccc(Cl)c3)CCCC2)n[nH]1[EOS][EOS],9315.803534030914,42
10.4,O=C(C[NH+]1CCN(c2ccc3ccccc3c2)CC1)NC(=O)Nc1ccc2c(c1)OC(F)(F)O2,[BOS]O=C(C[NH+]1CCN(c2ccc3ccccc3c2)CC1)NC(=O)Nc1ccc2c(c1)OC(F)(F)O2[EOS],14389.92629981041,42
10.7,O=C(CCc1ccc(F)nc1)Nc1cc(C2CCCCN2C(=O)C2C3CCCC2c2ccccc2N3)[nH]n1,[BOS]O=C(CCc1ccc(F)nc1)Nc1cc([C@@H]2CCCCN2C(=O)[C@@H]2[C@@H]3CCC[C@@H]2c2ccccc2N3)[nH]n1[EOS],5544.504315376282,42
10.6,O=C(NC1CCc2nc(NC(=O)C3CCc4ccccc43)sc2C1)c1cnn2cccc(F)c12,[BOS]O=C(N[C@H]1CCc2nc(NC(=O)[C@H]3CCc4ccccc43)sc2C1)c1cnn2cccc(F)c12[EOS],10139.963587760925,42
10.0,O=C(c1n[nH]c(=O)c2ccccc12)N1CCC(c2ccc(Oc3ccc4c(F)cccc4c3O)cn2)CC1,[BOS]O=C(c1n[nH]c(=O)c2ccccc12)N1CCC(c2ccc(Oc3ccc4c(F)cccc4c3O)cn2)CC1[EOS],14231.777654886246,42
9.5,CC(C)c1nn2ccccc2c1C(=O)N1CCCCC1c1cc(NC(=O)CC([NH3+])c2cccnc2)n[nH]1,[BOS]CC(C)c1nn2ccccc2c1C(=O)N1CCCC[C@@H]1c1cc(NC(=O)C[C@@H]([NH3+])c2cccnc2)n[nH]1[EOS][EOS][EOS][EOS],4979.332722187042,42
9.5,Cc1c(C(C)NC(=O)c2ccc3c(c2)CC(c2ccccc2)OC3=O)sc2ccccc12,[BOS]Cc1c([C@@H](C)NC(=O)c2ccc3c(c2)C[C@H](c2ccccc2)OC3=O)sc2ccccc12[EOS],9309.319544315338,42
9.8,O=C(NCc1ccc(CN2CCc3ccccc32)cc1)N1CCOC(c2ccccc2)C1,[BOS]O=C(NCc1ccc(CN2CCc3ccccc32)cc1)N1CCO[C@H](c2ccccc2)C1[EOS],14214.324490070343,42
10.4,C(=Cc1cccc2ccccc12)c1onnc1-c1cnc(-c2ccc3nnsc3c2)nc1,[BOS]C(=Cc1onnc1-c1cnc(-c2ccc3nnsc3c2)nc1)c1cccc2ccccc12[EOS],4662.561572790146,42
9.1,Fc1cc(F)c2c(c1)CCC2Nc1cncc(Nc2ccc(-c3ccccn3)cn2)n1,[BOS]Fc1cc(F)c2c(c1)CC[C@@H]2Nc1cncc(Nc2ccc(-c3ccccn3)cn2)n1[EOS],8527.01732134819,42
11.6,O=C(CNc1ccc(-c2cccc(Nc3ccccc3)n2)c(-c2ccccc2)c1)c1ccc2c(c1)[nH]c1ccccc12,[BOS]O=C(CNc1ccc(-c2cccc(Nc3ccccc3)n2)c(-c2ccccc2)c1)c1ccc2c(c1)[nH]c1ccccc12[EOS],13933.902255535126,42
10.0,O=C(c1ccc(Cn2c([O-])c(Cc3ccc4ccccc4c3)[nH]c2=O)cc1)N1CCCCC1,[BOS]O=C(c1ccc(Cn2c([O-])c(Cc3ccc4ccccc4c3)[nH]c2=O)cc1)N1CCCCC1[EOS],4660.557257652283,42
9.5,Cc1cc(N2CCC(NC(=O)NCC3(C)CCCc4ccccc43)CC2)nc(N2CCCCC2)n1,[BOS]Cc1cc(N2CCC(NC(=O)NC[C@]3(C)CCCc4ccccc43)CC2)nc(N2CCCCC2)n1[EOS],8989.92460489273,42
11.1,c1ccc(-c2ccc3[nH]cc(-c4cc5nc(-c6ccccn6)oc5c(-c5ccc6ncccc6c5)n4)c3c2)cc1,[BOS]c1ccc(-c2ccc3[nH]cc(-c4nc(-c5ccc6ncccc6c5)c5oc(-c6ccccn6)nc5c4)c3c2)cc1[EOS],13209.521762371063,42
10.1,CC1(C)Cc2cccc(C(=O)Nc3cc(C4CCCCN4C(=O)C(F)c4ccccc4)[nH]n3)c2O1,[BOS]CC1(C)Cc2cccc(C(=O)Nc3cc([C@H]4CCCCN4C(=O)[C@@H](F)c4ccccc4)[nH]n3)c2O1[EOS],4785.950025320053,42
10.5,Cc1cccc2cccc(N=C(S)Nc3ccc(-n4oc(C(=O)N5CCCCC5)cc4=O)cc3)c12,[BOS]O=C(c1cc(=O)n(-c2ccc(NC(S)=Nc3cccc4cccc(C)c34)cc2)o1)N1CCCCC1[EOS],9347.80701804161,42
9.4,O=C(C1ON=C(c2ccccc2)O1)N1CCC(c2c[nH]c3cc(F)ccc23)CC1,[BOS]O=C([C@@H]1ON=C(c2ccccc2)O1)N1CCC(c2c[nH]c3cc(F)ccc23)CC1[EOS],13900.230114936829,42
9.4,O=C(c1cc2c(F)cc(F)cc2[nH]1)N1CCC2(C1)CN(C(=O)C1ON=C(c3ccccc3)O1)CCO2,[BOS]O=C(c1cc2c(F)cc(F)cc2[nH]1)N1CC[C@@]2(C1)CN(C(=O)[C@H]1ON=C(c3ccccc3)O1)CCO2[EOS][EOS][EOS][EOS][EOS][EOS],4175.8941831588745,42
10.3,Cn1nc(C(=O)Nc2ccc(C3(NC(=O)c4cccc5cn[nH]c45)CCC3)cc2)c2c1CCC2,[BOS]Cn1nc(C(=O)Nc2ccc(C3(NC(=O)c4cccc5cn[nH]c45)CCC3)cc2)c2c1CCC2[EOS],8915.002225875854,42
10.1,O=C(Nc1cc(C2CCCCN2C(=O)C2CC3CCC2O3)[nH]n1)c1cc(-c2ccccc2)nc2ncccc12,[BOS]O=C(Nc1cc([C@H]2CCCCN2C(=O)[C@@H]2C[C@H]3CC[C@@H]2O3)[nH]n1)c1cc(-c2ccccc2)nc2ncccc12[EOS],13466.421129703522,42
10.2,Cn1cccc(C(=O)N2CCCCC2c2cc(NC(=O)c3n[nH]c4cc(-c5ccccc5)ccc34)n[nH]2)c1=O,[BOS]Cn1cccc(C(=O)N2CCCC[C@H]2c2cc(NC(=O)c3n[nH]c4cc(-c5ccccc5)ccc34)n[nH]2)c1=O[EOS][EOS][EOS][EOS][EOS][EOS],4450.26278090477,42
10.2,O=C(NCc1ccc2ccccc2c1)Nc1cccc(S(=O)(=O)N=C2CCCCCN2[O-])c1,[BOS]O=C(NCc1ccc2ccccc2c1)Nc1cccc(S(=O)(=O)/N=C2/CCCCCN2[O-])c1[EOS],8969.770385503769,42
8.9,Cc1sc2ncn(CC(=O)NC3CC(C)(C)CCc4ccccc43)c(=O)c2c1-c1ccccc1,[BOS]Cc1sc2ncn(CC(=O)N[C@H]3CC(C)(C)CCc4ccccc43)c(=O)c2c1-c1ccccc1[EOS][EOS][EOS][EOS][EOS][EOS],13555.046933174133,42
10.0,O=C1CC(NC(=O)N2C3C=C(c4ccccc4)CC2CC3)CN1c1cccc(C(F)(F)F)c1,[BOS]O=C(N[C@@H]1CC(=O)N(c2cccc(C(F)(F)F)c2)C1)N1[C@@H]2CC[C@@H]1C=C(c1ccccc1)C2[EOS],4395.706896543503,42
10.6,O=C(Nc1cc(C2CCCCN2C(=O)C2CCC(F)(F)CC2)[nH]n1)c1cc2occ(-c3cccnc3)c2[nH]1,[BOS]O=C(Nc1cc([C@H]2CCCCN2C(=O)C2CCC(F)(F)CC2)[nH]n1)c1cc2occ(-c3cccnc3)c2[nH]1[EOS][EOS][EOS][EOS][EOS][EOS],9266.99273276329,42
9.4,O=C(CC1CC1c1ccccc1)NC1CCC(CNc2ccc(-c3nn[n-]n3)nn2)CC1,[BOS]O=C(C[C@@H]1C[C@H]1c1ccccc1)N[C@H]1CC[C@H](CNc2ccc(-c3nn[n-]n3)nn2)CC1[EOS],13649.089927911758,42
8.9,Cc1ccc(-n2ccnn2)c(C(=O)Nc2nc3c(s2)CC(NC(=O)C2Cc4ccccc4O2)CC3)c1,[BOS]Cc1ccc(-n2ccnn2)c(C(=O)Nc2nc3c(s2)C[C@@H](NC(=O)[C@@H]2Cc4ccccc4O2)CC3)c1[EOS][EOS][EOS][EOS][EOS][EOS][EOS][EOS],4761.123797655106,42
10.0,O=C(Nc1cc(C2CCCCN2C(=O)Cc2ccc3ccccc3c2)[nH]n1)C1CCc2ccccc2C1O,[BOS]O=C(Nc1cc([C@H]2CCCCN2C(=O)Cc2ccc3ccccc3c2)[nH]n1)[C@H]1CCc2ccccc2[C@H]1O[EOS][EOS][EOS][EOS][EOS],9670.604149580002,42
10.3,O=C(NC1C2COCC1CN(C(=O)C1CC1c1ccc(F)c(F)c1)C2)C1COc2ccccc2O1,[BOS]O=C(N[C@H]1[C@@H]2COC[C@H]1CN(C(=O)[C@H]1C[C@@H]1c1ccc(F)c(F)c1)C2)[C@@H]1COc2ccccc2O1[EOS],14209.59399151802,42
9.6,Cc1cc(F)cc(CC(=O)N2CCC3(C2)CN(C(=O)C2C[NH+](Cc4ccccc4)CCO2)CCO3)c1,[BOS]Cc1cc(F)cc(CC(=O)N2CC[C@]3(C2)CN(C(=O)[C@H]2C[NH+](Cc4ccccc4)CCO2)CCO3)c1[EOS],4590.858639955521,42
9.9,O=C(NC1C2COCC1CN(C(=O)C1C3CCCC1c1ccccc1N3)C2)c1cc(=O)[nH]c2ccccc12,[BOS]O=C(N[C@H]1[C@@H]2COC[C@H]1CN(C(=O)[C@H]1[C@@H]3CCC[C@H]1c1ccccc1N3)C2)c1cc(=O)[nH]c2ccccc12[EOS][EOS][EOS][EOS][EOS][EOS][EOS][EOS],9315.41294169426,42
10.5,Cc1c(C(=O)N2CCCCC2c2cc(NC(=O)Cc3ccc4c(c3)CCCCCC4)n[nH]2)ccc(F)c1F,[BOS]Cc1c(C(=O)N2CCCC[C@@H]2c2cc(NC(=O)Cc3ccc4c(c3)CCCCCC4)n[nH]2)ccc(F)c1F[EOS],14235.171715974808,42
9.6,O=CNc1cc(-c2cccc(C(=O)N3Cc4cccnc4N4CCCC4C3)c2)ccc1Oc1ccccc1,[BOS]O=CNc1cc(-c2cccc(C(=O)N3Cc4cccnc4N4CCC[C@H]4C3)c2)ccc1Oc1ccccc1[EOS][EOS][EOS][EOS],4559.793423175812,42
9.7,O=C(CNC(=O)N1CCc2c(cccc2N2CCCC2=O)C1)N1Cc2ccccc2C1,[BOS]O=C(CNC(=O)N1CCc2c(cccc2N2CCCC2=O)C1)N1Cc2ccccc2C1[EOS],9022.322987556458,42
9.8,O=C(CCn1c(=O)[nH]c(=O)c2ccccc21)NC1(O)C=Cc2ccccc2C1c1c(O)ccc2ccccc12,[BOS]O=C(CCn1c(=O)[nH]c(=O)c2ccccc21)N[C@]1(O)C=Cc2ccccc2[C@@H]1c1c(O)ccc2ccccc12[EOS][EOS][EOS][EOS][EOS][EOS],13857.888504505157,42
10.5,O=C1CCC(c2nc(-c3ccc(Oc4ccccc4)nc3)no2)N1c1cccc2ccccc12,[BOS]O=C1CC[C@H](c2nc(-c3ccc(Oc4ccccc4)nc3)no2)N1c1cccc2ccccc12[EOS],4631.884658336639,42
10.3,O=C(NC1C2COCC1CN(C(=O)C1ON=C(c3ccccc3)O1)C2)C1C2CCCC1c1ccccc1N2,[BOS]O=C(N[C@H]1[C@@H]2COC[C@H]1CN(C(=O)[C@@H]1ON=C(c3ccccc3)O1)C2)C1[C@@H]2CCC[C@H]1c1ccccc1N2[EOS],9518.913388967514,42
8.9,Cc1cccc2c1C(C)CC2c1nc(-c2ccc3c(c2)CCC(=O)N3C)no1,[BOS]Cc1cccc2c1[C@H](C)C[C@@H]2c1nc(-c2ccc3c(c2)CCC(=O)N3C)no1[EOS][EOS][EOS][EOS][EOS][EOS][EOS],13579.726902484894,42
10.4,O=C(NCC(c1ccc2c(c1)OCCO2)c1ccc2ccccc2c1)c1cnnc(-c2ccccc2)c1,[BOS]O=C(NC[C@@H](c1ccc2c(c1)OCCO2)c1ccc2ccccc2c1)c1cnnc(-c2ccccc2)c1[EOS][EOS][EOS][EOS],4696.005185365677,42
10.1,O=C(C[NH+]1CCc2sccc2C1)Nc1cc(C2CCCCN2C(=O)C2CC2c2ccc(F)cc2)[nH]n1,[BOS]O=C(C[NH+]1CCc2sccc2C1)Nc1cc([C@@H]2CCCCN2C(=O)[C@H]2C[C@@H]2c2ccc(F)cc2)[nH]n1[EOS],9643.131700277328,42
10.9,Cc1nc(-c2nc(-c3ccc(OCc4cccc5ccccc45)cc3)no2)n(-c2cccc(F)n2)n1,[BOS]Cc1nc(-c2nc(-c3ccc(OCc4cccc5ccccc45)cc3)no2)n(-c2cccc(F)n2)n1[EOS],14006.172816753387,42
10.4,O=C(C1CCc2nnc(-c3ccc(N4CCc5ccccc5-c5ccccc54)nc3)n2C1)N1CCC(O)C1,[BOS]O=C([C@@H]1CCc2nnc(-c3ccc(N4CCc5ccccc5-c5ccccc54)nc3)n2C1)N1CC[C@@H](O)C1[EOS][EOS][EOS][EOS][EOS][EOS][EOS][EOS],4140.845138788223,42
10.0,O=C(C(=O)N1CCC2(CCCN(C(=O)c3cccnc3-c3cccc4[nH]ccc34)C2)CC1)c1ccc(-c2nn[nH]n2)cc1,[BOS]O=C(C(=O)N1CCC2(CCCN(C(=O)c3cccnc3-c3cccc4[nH]ccc34)C2)CC1)c1ccc(-c2nn[nH]n2)cc1[EOS],8694.63154745102,42
9.5,Cc1cc(-c2nc(Cc3nc(-c4ccccc4)c(-c4ccccc4)o3)no2)nn1-c1ccc(F)cc1,[BOS]Cc1cc(-c2nc(Cc3nc(-c4ccccc4)c(-c4ccccc4)o3)no2)nn1-c1ccc(F)cc1[EOS],12869.23768234253,42
10.1,O=C(Nc1cc(C2CCCCN2C(=O)C2Cc3ccccc3C[NH2+]2)[nH]n1)c1n[nH]c2cc(Cl)ccc12,[BOS]O=C(Nc1cc([C@H]2CCCCN2C(=O)[C@H]2Cc3ccccc3C[NH2+]2)[nH]n1)c1n[nH]c2cc(Cl)ccc12[EOS],4760.854743003845,42
9.3,O=C(NCC1CCN(C(=O)c2cccc3ccccc23)C1c1cccnc1)c1nc2cc([N+](=O)[O-])ccc2[nH]1,[BOS]O=C(NC[C@H]1CCN(C(=O)c2cccc3ccccc23)[C@@H]1c1cccnc1)c1nc2cc([N+](=O)[O-])ccc2[nH]1[EOS][EOS][EOS][EOS][EOS][EOS][EOS],9694.52598619461,42
10.3,O=C(Nc1ccc(C2(NC(=O)C3C4CCCC3c3ccccc3N4)CCC2)cc1)c1cnnc2ccccc12,[BOS]O=C(Nc1ccc(C2(NC(=O)[C@@H]3[C@@H]4CCC[C@H]3c3ccccc3N4)CCC2)cc1)c1cnnc2ccccc12[EOS][EOS][EOS][EOS][EOS][EOS][EOS][EOS],14877.553774118423,42
9.6,Cn1c(-c2ccc3ccccc3c2)nnc1N1CCCC(CNC(=O)Nc2cccc(F)c2)C1,[BOS]Cn1c(-c2ccc3ccccc3c2)nnc1N1CCC[C@H](CNC(=O)Nc2cccc(F)c2)C1[EOS],3824.513009786606,42
9.6,CC12CCC(=O)N1c1ccccc1C(=O)N2CCc1nc(C2(NC(=O)c3ccccc3)CCCC2)no1,[BOS]C[C@]12CCC(=O)N1c1ccccc1C(=O)N2CCc1nc(C2(NC(=O)c3ccccc3)CCCC2)no1[EOS],8387.902296066284,42
10.2,O=C(Nc1ccc(C2(NC(=O)C3C4CCCC3c3ccccc3N4)CCC2)cc1)c1cn2ncccc2[nH+]1,[BOS]O=C(Nc1ccc(C2(NC(=O)[C@H]3[C@@H]4CCC[C@H]3c3ccccc3N4)CCC2)cc1)c1cn2ncccc2[nH+]1[EOS],13883.411991596222,42
10.8,O=C(Oc1ccc(-c2ccc3cc4ccccc4c(OCc4ccccc4)c3c2)cc1)Oc1cc2ccccc2c2ccccc12,[BOS]O=C(Oc1ccc(-c2ccc3cc4ccccc4c(OCc4ccccc4)c3c2)cc1)Oc1cc2ccccc2c2ccccc12[EOS],5239.399975061417,42
9.8,Cc1ccccc1C=NN=C(S)NN=CC1c2ccccc2CCc2ccccc2C1NC(=O)c1ccc(C(F)(F)F)s1,[BOS]Cc1ccccc1/C=N/N=C(S)N/N=C\C1c2ccccc2CCc2ccccc2[C@H]1NC(=O)c1ccc(C(F)(F)F)s1[EOS],10373.164776086807,42
9.4,CN1CC(CNC(=O)Nc2ccnc(-c3ccccc3)c2)Cc2ccccc21,[BOS]CN1C[C@H](CNC(=O)Nc2ccnc(-c3ccccc3)c2)Cc2ccccc21[EOS],14189.520734786987,42
10.4,O=C(NC1C2COCC1CN(C(=O)C1CCc3ccccc31)C2)C1C2CCCC1c1ccccc1N2,[BOS]O=C(N[C@H]1[C@@H]2COC[C@H]1CN(C(=O)[C@@H]1CCc3ccccc31)C2)[C@@H]1[C@H]2CCC[C@H]1c1ccccc1N2[EOS],4586.906692028046,42
9.9,O=C(Oc1ccccc1C(=O)N1CCc2[nH]c3c(F)cccc3c2C1)C(c1ccccc1)c1ccccc1,[BOS]O=C(Oc1ccccc1C(=O)N1CCc2[nH]c3c(F)cccc3c2C1)C(c1ccccc1)c1ccccc1[EOS],9400.410452365875,42
9.8,Cc1cnoc1C(=O)N1CCCCC1c1cc(NC(=O)Cc2ccc3ccccc3c2)n[nH]1,[BOS]Cc1cnoc1C(=O)N1CCCC[C@@H]1c1cc(NC(=O)Cc2ccc3ccccc3c2)n[nH]1[EOS],13827.712601661682,42
9.8,O=C(NC1C2COCC1CN(C(=O)C1C3CCCC1c1ccccc1N3)C2)C1C(O)CC[NH+]1Cc1ccccc1,[BOS]O=C(N[C@H]1[C@@H]2COC[C@H]1CN(C(=O)[C@H]1[C@@H]3CCC[C@H]1c1ccccc1N3)C2)[C@@H]1[C@@H](O)CC[NH+]1Cc1ccccc1[EOS][EOS][EOS][EOS][EOS][EOS][EOS],4574.8705265522,42
10.2,O=C(NC1(c2ccc(NC(=O)C3C4CCCC3c3ccccc3N4)cc2)CCC1)C1Cc2ccccc2N1,[BOS]O=C(Nc1ccc(C2(NC(=O)[C@@H]3Cc4ccccc4N3)CCC2)cc1)[C@H]1[C@@H]2CCC[C@H]1c1ccccc1N2[EOS],9633.540597200394,42
10.7,O=C(Nc1ccc(CC(=O)N2CCCc3ccc(C(F)F)cc32)cc1)c1cc2ccccc2oc1=O,[BOS]O=C(Nc1ccc(CC(=O)N2CCCc3ccc(C(F)F)cc32)cc1)c1cc2ccccc2oc1=O[EOS],14315.373358011246,42
10.4,Cc1ccc(-c2cc(-c3nc(Cc4cccc5ccccc45)no3)cc(=O)[nH]2)cc1F,[BOS]Cc1ccc(-c2cc(-c3nc(Cc4cccc5ccccc45)no3)cc(=O)[nH]2)cc1F[EOS],4281.334117650986,42
10.4,O=C1NCCN2C(=O)C3Cc4ccccc4C[NH+]3CC1=CC=CC=CC2c1ccccc1C(F)(F)F,[BOS]O=C1NCCN(C(=O)[C@H]2Cc3ccccc3C[NH+]2Cc1ccccc1)[C@H]1c1ccccc1C(F)(F)F[EOS],8250.430449008942,42
10.0,O=C(NCc1cccc2ccccc12)c1nn(-c2cc(C(F)(F)F)cc(C(F)(F)F)c2)c2ncccc2c1=O,[BOS]O=C(NCc1cccc2ccccc12)c1nn(-c2cc(C(F)(F)F)cc(C(F)(F)F)c2)c2ncccc2c1=O[EOS][EOS][EOS],12672.461975574493,42
10.1,O=C(NC1(c2ccc(NC(=O)C3C4Sc5ccccc5C43)cc2)CCC1)c1ccc2c(n1)OCCO2,[BOS]O=C(NC1(c2ccc(NC(=O)[C@@H]3[C@H]4Sc5ccccc5[C@@H]43)cc2)CCC1)c1ccc2c(n1)OCCO2[EOS],5392.078799724579,42
10.3,O=S(=O)(c1cccc(-c2nnc(CSc3ccc4ccccc4c3)o2)c1)N1CCCCc2cc(Cl)ccc21,[BOS]O=S(=O)(c1cccc(-c2nnc(CSc3ccc4ccccc4c3)o2)c1)N1CCCCc2cc(Cl)ccc21[EOS],10530.181543111801,42
9.3,O=C1c2ccccc2C(=O)c2c1ccc1c2C2(CCC1)Oc1ccccc1C(=O)C2C(=O)c1ccco1,[BOS]O=C(c1ccco1)[C@@H]1C(=O)c2ccccc2O[C@@]12CCCc1ccc3c(c12)C(=O)c1ccccc1C3=O[EOS][EOS][EOS][EOS][EOS][EOS][EOS][EOS],14482.785488843918,42
10.6,O=C(CCc1ccccc1)N1CCC(OC2CCN(C(=O)C3C4CCCC3c3ccccc3N4)CC2)CC1,[BOS]O=C(CCc1ccccc1)N1CCC(OC2CCN(C(=O)[C@H]3[C@@H]4CCC[C@H]3c3ccccc3N4)CC2)CC1[EOS],5463.261182546616,42
10.1,O=C(Cc1ccc(NC(=O)C(c2ccccc2)N2Cc3ccccc3C2=O)cc1)Nc1ccccc1F,[BOS]O=C(Cc1ccc(NC(=O)[C@@H](c2ccccc2)N2Cc3ccccc3C2=O)cc1)Nc1ccccc1F[EOS][EOS][EOS][EOS][EOS],10353.365197658539,42
9.7,Cc1cccc(CC(=O)N2CCC(OC3CCN(C(=O)C4(c5ccccc5)CCCC4)CC3)CC2)c1,[BOS]Cc1cccc(CC(=O)N2CCC(OC3CCN(C(=O)C4(c5ccccc5)CCCC4)CC3)CC2)c1[EOS],15104.179659843445,42
9.8,O=C1Nc2cc(C(=O)N3CCOC4(CCN(C(=O)c5ccccc5C(F)(F)F)C4)C3)ccc2C1=O,[BOS]O=C1Nc2cc(C(=O)N3CCO[C@]4(CCN(C(=O)c5ccccc5C(F)(F)F)C4)C3)ccc2C1=O[EOS][EOS][EOS][EOS][EOS][EOS][EOS][EOS],4569.521697282791,42
9.7,Cc1cc(F)c(F)c(C(=O)Nc2cc(C3CCCCN3C(=O)CCc3c[nH]c4ncccc34)[nH]n2)c1,[BOS]Cc1cc(F)c(F)c(C(=O)Nc2cc([C@@H]3CCCCN3C(=O)CCc3c[nH]c4ncccc34)[nH]n2)c1[EOS][EOS][EOS],9392.254028558731,42
10.1,CC1Oc2ccc(C(=O)N3CCCCC3c3cc(NC(=O)c4cn5ncccc5[nH+]4)n[nH]3)cc2NC1=O,[BOS]C[C@@H]1Oc2ccc(C(=O)N3CCCC[C@H]3c3cc(NC(=O)c4cn5ncccc5[nH+]4)n[nH]3)cc2NC1=O[EOS],14218.880181074142,42
10.8,O=C(CC1c2ccccc2-c2ccccc21)NC1CC2CCC(C1)N2C(=O)c1ccc2c(c1)CCCC2=O,[BOS]O=C(CC1c2ccccc2-c2ccccc21)N[C@H]1C[C@H]2CC[C@@H](C1)N2C(=O)c1ccc2c(c1)CCCC2=O[EOS],4788.397419929504,42
10.0,CC1(C)CCc2ccccc2C1NC(=O)NCc1cccc(N2C(=O)OC(C)(C3CC3)C2=O)c1,[BOS]CC1(C)CCc2ccccc2[C@@H]1NC(=O)NCc1cccc(N2C(=O)O[C@@](C)(C3CC3)C2=O)c1[EOS],9351.299976825714,42
10.4,Cc1ccc(CCC(=O)N2CC3COCC(C2)C3NC(=O)c2nc3ccc(F)cn3n2)c2ccccc12,[BOS]Cc1ccc(CCC(=O)N2C[C@H]3COC[C@@H](C2)[C@H]3NC(=O)c2nc3ccc(F)cn3n2)c2ccccc12[EOS],14262.333286762238,42
9.4,Cc1ccc(C(C)C(=O)N2CCC(C3CCCCN3C(=O)c3ncn4nc(N5CCOCC5)ccc34)CC2)cc1,[BOS]Cc1ccc([C@H](C)C(=O)N2CCC([C@H]3CCCCN3C(=O)c3ncn4nc(N5CCOCC5)ccc34)CC2)cc1[EOS][EOS][EOS][EOS][EOS],4500.741187810898,42
10.0,O=C(NC1C2COCC1CN(C(=O)C1C3CCCC1c1ccccc1N3)C2)c1cccc2ncc(F)cc12,[BOS]O=C(N[C@H]1[C@@H]2COC[C@H]1CN(C(=O)[C@H]1[C@@H]3CCC[C@H]1c1ccccc1N3)C2)c1cccc2ncc(F)cc12[EOS],9021.013313770294,42
9.9,COc1ccc2cccc(C(C)=NCN3C(=O)C(c4cc(C)cn4-c4ccc(C(=O)O)cc4)N=C3O)c2c1,[BOS]COc1ccc2cccc(/C(C)=NCN3C(=O)C(c4cc(C)cn4-c4ccc(C(=O)O)cc4)N=C3O)c2c1[EOS][EOS][EOS],13468.799077033997,42
10.3,Cc1cccc(-n2nc(-c3ccc(C(=O)NCc4ccc(F)cc4)cc3)c(=O)c3ccccc32)c1C,[BOS]Cc1cccc(-n2nc(-c3ccc(C(=O)NCc4ccc(F)cc4)cc3)c(=O)c3ccccc32)c1C[EOS],4477.250297546387,42
9.7,CC1c2ccccc2OCCN1C(=O)C(=O)Nc1ccc(C(=O)NCc2ccccc2F)c(Cl)c1,[BOS]C[C@@H]1c2ccccc2OCCN1C(=O)C(=O)Nc1ccc(C(=O)NCc2ccccc2F)c(Cl)c1[EOS],8862.137960195541,42
10.5,CC(NC(=O)n1nc(COc2cccc3c2CCCC3)ccc1=O)c1ccc2c(c1)CCCC2,[BOS]C[C@H](NC(=O)n1nc(COc2cccc3c2CCCC3)ccc1=O)c1ccc2c(c1)CCCC2[EOS],13705.819828033447,42
9.1,CC1CC(C)CN(S(=O)(=O)c2ccc(C(=O)N3CCC4(CC(O)c5ccccc5O4)C3)cc2)C1,[BOS]C[C@@H]1C[C@@H](C)CN(S(=O)(=O)c2ccc(C(=O)N3CC[C@]4(C[C@@H](O)c5ccccc5O4)C3)cc2)C1[EOS][EOS][EOS][EOS][EOS][EOS][EOS][EOS],4528.386857509613,42
10.1,CC(NC(=O)C1CCN(c2nc(-c3ccc(Cl)cc3Cl)nc3cc(Cl)cnc23)CC1)C12CC3CC(CC(C3)C1)C2,[BOS]C[C@@H](NC(=O)C1CCN(c2nc(-c3ccc(Cl)cc3Cl)nc3cc(Cl)cnc23)CC1)C12CC3CC(CC(C3)C1)C2[EOS][EOS][EOS][EOS][EOS][EOS][EOS],9295.632743120193,42
10.3,Cc1cc(C)c(NC(=O)CC(=O)Nc2cc(C3CCCCN3C(=O)c3ccc(C)c(F)c3F)[nH]n2)c(C)c1,[BOS]Cc1ccc(C(=O)N2CCCC[C@@H]2c2cc(NC(=O)CC(=O)Nc3c(C)cc(C)cc3C)n[nH]2)c(F)c1F[EOS],14225.757388591766,42
9.7,CC1CCCCN1C(=O)c1ccc(-c2ccc(F)cc2)c(Nc2cc(F)c(C(=O)N3CCCC3)c(F)c2)c1,[BOS]C[C@@H]1CCCCN1C(=O)c1ccc(-c2ccc(F)cc2)c(Nc2cc(F)c(C(=O)N3CCCC3)c(F)c2)c1[EOS][EOS][EOS][EOS],4369.670674562454,42
9.7,O=C(Cn1cc(-c2ccc(N=C(c3ccccc3)N3CCNCC3)cc2)c[nH+]1)N1CCC(c2ccccc2)C1,[BOS]O=C(Cn1cc(-c2ccc(N=C(c3ccccc3)N3CCNCC3)cc2)c[nH+]1)N1CC[C@@H](c2ccccc2)C1[EOS][EOS][EOS][EOS][EOS][EOS][EOS],9410.418577671051,42
9.9,O=C(OCC1c2ccccc2-c2ccccc21)N1CCN(C(=O)CC2CC3CCC2C3)c2ccccc2C1,[BOS]O=C(C[C@@H]1C[C@@H]2CC[C@H]1C2)N1CCN(C(=O)OCC2c3ccccc3-c3ccccc32)Cc2ccccc21[EOS],13909.797494649887,42
9.6,O=C(NCC(c1ccccc1)c1c[nH]c2ccccc12)C1=NN(c2ccc(F)cc2)C(=O)CC1,[BOS]O=C(NC[C@H](c1ccccc1)c1c[nH]c2ccccc12)C1=NN(c2ccc(F)cc2)C(=O)CC1[EOS][EOS][EOS][EOS][EOS][EOS],4879.82351899147,42
9.6,O=C(NC1CC2CCC(C1)N2C(=O)C1CC1c1ccc(Cl)cc1)c1noc2c1CCCC2,[BOS]O=C(N[C@H]1C[C@H]2CC[C@@H](C1)N2C(=O)[C@@H]1C[C@@H]1c1ccc(Cl)cc1)c1noc2c1CCCC2[EOS],9659.332587480545,42
8.8,Cc1ccccc1C(C)N(C)C(=O)C(=O)Nc1ccc(Oc2cccc(C(N)=O)c2)cc1,[BOS]Cc1ccccc1[C@H](C)N(C)C(=O)C(=O)Nc1ccc(Oc2cccc(C(N)=O)c2)cc1[EOS][EOS][EOS][EOS][EOS][EOS][EOS][EOS],13716.73355126381,42
8.4,Cc1ncccc1NC(=O)C1CCOC2CC[NH+](C3CCC4(CCCCC4)CC3)CC21,[BOS]Cc1ncccc1NC(=O)[C@@H]1CCO[C@@H]2CC[NH+](C3CCC4(CCCCC4)CC3)C[C@@H]21[EOS][EOS][EOS][EOS][EOS][EOS][EOS],4349.736322641373,42
9.7,CCc1cccc2c(C3CCN(C(=O)c4ccc5c(c4)S(=O)(=O)c4ccccc4C5=O)CC3)c[nH]c12,[BOS]CCc1cccc2c(C3CCN(C(=O)c4ccc5c(c4)S(=O)(=O)c4ccccc4C5=O)CC3)c[nH]c12[EOS][EOS][EOS][EOS][EOS][EOS][EOS],8545.154106378555,42
10.3,O=C(NC1(c2ccc(NC(=O)C3CCc4ccoc4C3)cc2)CCC1)c1cccc2ccoc12,[BOS]O=C(Nc1ccc(C2(NC(=O)c3cccc4ccoc34)CCC2)cc1)[C@H]1CCc2ccoc2C1[EOS],13428.247514247894,42
10.2,O=C(NCC1CCCCC1c1ccccc1)c1ccc(S(=O)(=O)N2CCCCCC2)cc1,[BOS]O=C(NC[C@@H]1CCCC[C@@H]1c1ccccc1)c1ccc(S(=O)(=O)N2CCCCCC2)cc1[EOS],4600.086074113846,42
9.8,CC(=O)N1CCC([NH+]2CCC(C(=O)N3CCC4C3CCN4C(=O)c3n[nH]c4ccncc34)CC2)CC1,[BOS]CC(=O)N1CCC([NH+]2CCC(C(=O)N3CC[C@H]4[C@@H]3CCN4C(=O)c3n[nH]c4ccncc34)CC2)CC1[EOS],9473.99055147171,42
10.1,N#Cc1cc(CC(=O)N2CCOC3(CCN(C(=O)c4cc5cc(F)c(F)cc5nc4Cl)C3)C2)ccc1F,[BOS]N#Cc1cc(CC(=O)N2CCO[C@@]3(CCN(C(=O)c4cc5cc(F)c(F)cc5nc4Cl)C3)C2)ccc1F[EOS][EOS][EOS][EOS][EOS][EOS][EOS],13905.214539527893,42
10.5,Fc1cccc(Cn2ccnc2-c2nc(-c3ccc4c(c3)C(=C3COc5ccccc5O3)NN4)no2)c1,[BOS]Fc1cccc(Cn2ccnc2-c2nc(-c3ccc4c(c3)C(=C3COc5ccccc5O3)NN4)no2)c1[EOS],4777.666536808014,42
9.4,O=C(c1ccc2ccc(O)cc2c1O)N1CC2(CCCN2C(=O)c2ccc(-c3ccccc3)c(F)c2)C1,[BOS]O=C(c1ccc2ccc(O)cc2c1O)N1CC2(CCCN2C(=O)c2ccc(-c3ccccc3)c(F)c2)C1[EOS][EOS][EOS][EOS][EOS][EOS][EOS],9028.566224813461,42
10.0,FC(F)(F)c1ccccc1C=C1CCCCN1c1cc(-n2cc(-c3nnc(C4CC4c4ccccc4)o3)cn2)ccc1Br,[BOS]Brc1ccc(-n2cc(-c3nnc([C@H]4C[C@H]4c4ccccc4)o3)cn2)cc1N1CCCCC1=Cc1ccccc1C(F)(F)F[EOS],13331.117614030838,42
10.6,Cc1cc(O)cc2cc(C3=NC(c4ccc(N5CCOC(c6ccccc6)(C6CCNCC6)C5)nc4)NO3)[nH]c12,[BOS]Cc1cc(O)cc2cc(C3=NC(c4ccc(N5CCOC(c6ccccc6)(C6CCNCC6)C5)nc4)NO3)[nH]c12[EOS][EOS][EOS][EOS],4530.401435613632,42
11.6,O=C(C=Cc1cn(Cc2ccc3ccccc3c2)c2ccccc12)c1ccc2c(c1)C1C=CC=CC1C(c1ccccc1Br)O2,[BOS]O=C(C=Cc1cn(Cc2ccc3ccccc3c2)c2ccccc12)c1ccc2c(c1)C1C=CC=CC1C(c1ccccc1Br)O2[EOS],9912.486520051956,42
10.6,Cc1ccc2nc(C(=O)N3CCCCC3c3cc(NC(=O)C4CCc5ccccc5C4)n[nH]3)ccc2c1,[BOS]Cc1ccc2nc(C(=O)N3CCCC[C@@H]3c3cc(NC(=O)[C@@H]4CCc5ccccc5C4)n[nH]3)ccc2c1[EOS][EOS][EOS][EOS],14317.955764055252,42
9.4,C=CCN1CC2(CCN(C(=O)C3ON=C(c4ccccc4)O3)CC2)COc2ccccc2S1(=O)=O,[BOS]C=CCN1CC2(CCN(C(=O)[C@@H]3ON=C(c4ccccc4)O3)CC2)COc2ccccc2S1(=O)=O[EOS][EOS][EOS],3948.521433353424,42
9.3,CC(=Cc1cccnc1)C(=O)Nc1cc(C2CCCCN2C(=O)C(C)Cc2ccc(F)cc2)[nH]n1,[BOS]CC(=Cc1cccnc1)C(=O)Nc1cc([C@@H]2CCCCN2C(=O)[C@@H](C)Cc2ccc(F)cc2)[nH]n1[EOS][EOS][EOS][EOS][EOS],8706.673687458038,42
10.1,Cc1ccccc1CN1C(=O)C(=Cc2ccc(OCc3ccc4c(c3)OCO4)cc2)Oc2ccc(Cl)cc21,[BOS]Cc1ccccc1CN1C(=O)C(=Cc2ccc(OCc3ccc4c(c3)OCO4)cc2)Oc2ccc(Cl)cc21[EOS],13561.938492536545,42
10.6,O=C1c2ccccc2-c2ccc(C(=O)N3CCC(n4c(O)nc5scc(-c6ccccc6)c5c4=O)C3)cc21,[BOS]O=C1c2ccccc2-c2ccc(C(=O)N3CCC(n4c(O)nc5scc(-c6ccccc6)c5c4=O)C3)cc21[EOS][EOS][EOS][EOS],3845.984860897064,42
9.4,C[NH+]1CCN(c2ncc(C[NH+]=C3c4ccccc4-c4ccccc43)cn2)CC1,[BOS]C[NH+]1CCN(c2ncc(C[NH+]=C3c4ccccc4-c4ccccc43)cn2)CC1[EOS],7919.274922132492,42
9.4,O=C(NCCc1ccc(Oc2ccc(F)cc2)cc1)C1CSC2(c3ccc(F)cc3)CCC(=O)N12,[BOS]O=C(NCCc1ccc(Oc2ccc(F)cc2)cc1)[C@@H]1CS[C@@]2(c3ccc(F)cc3)CCC(=O)N12[EOS],13299.62604212761,42
9.7,O=C(C1CCN(C(=O)C2CC(c3cccc(F)c3)=NO2)CC1)N1CCN(c2ccccc2F)CC1,[BOS]O=C(C1CCN(C(=O)[C@H]2CC(c3cccc(F)c3)=NO2)CC1)N1CCN(c2ccccc2F)CC1[EOS][EOS][EOS],4205.77179980278,42
10.2,O=C(Nc1cc(C2CCCCN2C(=O)C2CC2c2ccccc2)[nH]n1)c1n[nH]nc1C(F)(F)F,[BOS]O=C(Nc1cc([C@@H]2CCCCN2C(=O)[C@H]2C[C@@H]2c2ccccc2)[nH]n1)c1n[nH]nc1C(F)(F)F[EOS],9048.76473236084,42
9.9,Cc1ccn2c(C(=O)N3CCOCC4(C3)CN(C(=O)C3Cc5ccccc5C[NH2+]3)CCO4)c[nH+]c2c1,[BOS]Cc1ccn2c(C(=O)N3CCOC[C@@]4(C3)CN(C(=O)[C@H]3Cc5ccccc5C[NH2+]3)CCO4)c[nH+]c2c1[EOS],13785.013996601105,42
10.1,O=C(c1ccccc1)c1cccc(-c2noc(C3=NOC(c4c[nH]c5nccc(Cl)c45)C3)n2)c1,[BOS]O=C(c1ccccc1)c1cccc(-c2noc(C3=NO[C@@H](c4c[nH]c5nccc(Cl)c45)C3)n2)c1[EOS],4448.075495958328,42
9.6,O=C(NC1C2COCC1CN(C(=O)C1CC1c1ccc(F)c(F)c1)C2)c1cc2cc(F)c(F)cc2[nH]1,[BOS]O=C(N[C@H]1[C@@H]2COC[C@H]1CN(C(=O)[C@@H]1C[C@H]1c1ccc(F)c(F)c1)C2)c1cc2cc(F)c(F)cc2[nH]1[EOS][EOS][EOS][EOS][EOS][EOS][EOS],9114.167407035828,42
9.8,O=C(Nc1cc(C2CCCCN2C(=O)c2cccc3c2oc2ccccc23)[nH]n1)c1cccc2[nH]cnc12,[BOS]O=C(Nc1cc([C@H]2CCCCN2C(=O)c2cccc3c2oc2ccccc23)[nH]n1)c1cccc2[nH]cnc12[EOS][EOS][EOS],13944.92370557785,42
9.6,NC(=O)C1CCC[NH+](Cc2cccc(CNC(=O)Nc3cccc(C4CCC(=O)N4)c3)c2)C1,[BOS]O=C1CC[C@H](c2cccc(NC(=O)NCc3cccc(C[NH+]4CCC[C@H](C(N)=O)C4)c3)c2)N1[EOS][EOS][EOS][EOS][EOS][EOS][EOS],4294.868267774582,42
10.9,c1ccc(C(Cc2nc(-c3ccc4ccc5cccnc5c4n3)no2)c2ccc3cc4ccccc4cc3n2)cc1,[BOS]c1ccc([C@@H](Cc2nc(-c3ccc4ccc5cccnc5c4n3)no2)c2ccc3cc4ccccc4cc3n2)cc1[EOS],8958.100015163422,42
10.7,O=C(N=c1[nH]n(Cc2cccc3ccccc23)cc1Cl)c1cc(-c2cccc(F)c2)nc2ccc(Br)cc12,[BOS]O=C(N=c1[nH]n(Cc2cccc3ccccc23)cc1Cl)c1cc(-c2cccc(F)c2)nc2ccc(Br)cc12[EOS][EOS][EOS][EOS][EOS][EOS][EOS][EOS],13914.842043876648,42
10.6,Cc1ccc(-c2cc(C(=O)NC3CC(=O)N(c4cccc5ccccc45)C3)c3c(C)noc3n2)cc1,[BOS]Cc1ccc(-c2cc(C(=O)N[C@@H]3CC(=O)N(c4cccc5ccccc45)C3)c3c(C)noc3n2)cc1[EOS],4751.171788692474,42
9.3,O=C(Nc1nc2c(s1)CCCC2)N1C2CCC1CC(c1ccccc1)C2,[BOS]O=C(Nc1nc2c(s1)CCCC2)N1[C@@H]2CC[C@H]1C[C@@H](c1ccccc1)C2[EOS],8828.48798584938,42
10.2,CC1Oc2ccc(C(=O)N3CCCCC3c3cc(NC(=O)c4cc5ccoc5cn4)n[nH]3)cc2NC1=O,[BOS]C[C@H]1Oc2ccc(C(=O)N3CCCC[C@@H]3c3cc(NC(=O)c4cc5ccoc5cn4)n[nH]3)cc2NC1=O[EOS],13691.581100702286,42
10.4,O=C1Nc2c(C(=O)NC3(c4ccc(NC(=O)C5(c6ccccc6F)CC5)cc4)CCC3)cccc2C1=O,[BOS]O=C1Nc2c(C(=O)NC3(c4ccc(NC(=O)C5(c6ccccc6F)CC5)cc4)CCC3)cccc2C1=O[EOS][EOS][EOS][EOS][EOS][EOS],5660.914464235306,42
9.2,Cc1ccc(-n2c(NC(=O)c3n[nH]c(=O)c4ccccc34)nc3cc(C)c(C)cc32)c(C)c1,[BOS]Cc1ccc(-n2c(NC(=O)c3n[nH]c(=O)c4ccccc34)nc3cc(C)c(C)cc32)c(C)c1[EOS][EOS][EOS],10036.139034748077,42
10.3,O=C(Nc1cc(C2CCCCN2C(=O)CCc2c[nH]c3ccc(F)cc23)[nH]n1)c1ccc2ncncc2c1,[BOS]O=C(Nc1cc([C@H]2CCCCN2C(=O)CCc2c[nH]c3ccc(F)cc23)[nH]n1)c1ccc2ncncc2c1[EOS],15130.454025268555,42
10.2,CC1CC(C)(C)c2ccc(CNC(=O)Nc3cccc(C(=O)N4CCc5ccccc54)c3)cc21,[BOS]C[C@@H]1CC(C)(C)c2ccc(CNC(=O)Nc3cccc(C(=O)N4CCc5ccccc54)c3)cc21[EOS],4169.587781190872,42
9.6,Cc1ccc(=O)n(C(C)(C)C(=O)Nc2ccc(C3(NC(=O)c4cccc5ccnn45)CCC3)cc2)n1,[BOS]Cc1ccc(=O)n(C(C)(C)C(=O)Nc2ccc(C3(NC(=O)c4cccc5ccnn45)CCC3)cc2)n1[EOS][EOS][EOS][EOS][EOS][EOS],9146.752107858658,42
10.5,O=C(NC1CC2CCC(C1)N2C(=O)c1ccccc1C1Cc2ccccc2C1)C1=NOC(c2ccccc2)C1,[BOS]O=C(N[C@H]1C[C@H]2CC[C@@H](C1)N2C(=O)c1ccccc1C1Cc2ccccc2C1)C1=NO[C@H](c2ccccc2)C1[EOS],14037.067140340805,42
11.5,Cc1cc(Oc2cccc3c(=O)ccccc23)cc(-n2c3ccccc3c3cc(-c4cccc(-c5ccccc5)c4)ccc32)[s+]1,[BOS]Cc1cc(Oc2cccc3c(=O)ccccc23)cc(-n2c3ccccc3c3cc(-c4cccc(-c5ccccc5)c4)ccc32)[s+]1[EOS],5841.389229297638,42
9.8,O=C(Nc1ccc(C2(NC(=O)c3cccc4ncccc34)CCC2)cc1)c1n[nH]c2c1CS(=O)(=O)C2,[BOS]O=C(NC1(c2ccc(NC(=O)c3n[nH]c4c3CS(=O)(=O)C4)cc2)CCC1)c1cccc2ncccc12[EOS][EOS][EOS][EOS][EOS][EOS][EOS],10919.236153125763,42
10.6,ClC1C2CC3CC(c4nncn4-c4ccc(-c5noc(CCc6cnc7ccccc7c6)n5)cc4)C1CC(C2)N3,[BOS]c1cc(-c2noc(CCc3cnc4ccccc4c3)n2)ccc1-n1cnnc1C1CC2CC3CC(N2)CC1c3Cl[EOS],15560.223432064056,42
10.3,Cc1cc(F)cc(-n2nc(-c3nc(Cc4nc5sc6c(c5c(=O)[nH]4)CCC(C)C6)no3)c3c2CCC3)c1,[BOS]Cc1cc(F)cc(-n2nc(-c3nc(Cc4nc5sc6c(c5c(=O)[nH]4)CC[C@H](C)C6)no3)c3c2CCC3)c1[EOS][EOS][EOS],5034.094909191132,42
9.7,O=C(c1ccc2cccnc2n1)N1CCC2(CCCN(C(=O)c3[nH]nc4c(Cl)cccc34)C2)CC1,[BOS]O=C(c1ccc2cccnc2n1)N1CCC2(CCCN(C(=O)c3[nH]nc4c(Cl)cccc34)C2)CC1[EOS][EOS][EOS][EOS],9481.645447015762,42
9.3,Fc1cc(Nc2ccc(Cc3nnc4n3CCCCC4)cc2)c2cccnc2c1F,[BOS]Fc1cc(Nc2ccc(Cc3nnc4n3CCCCC4)cc2)c2cccnc2c1F[EOS],13633.589037656784,42
9.9,Cc1ccc(C(C)C(=O)NC2(c3ccc(NC(=O)c4n[nH]c5ccc(F)cc45)cc3)CCC2)cc1,[BOS]Cc1ccc([C@@H](C)C(=O)NC2(c3ccc(NC(=O)c4n[nH]c5ccc(F)cc45)cc3)CCC2)cc1[EOS],5118.025011062622,42
10.1,O=C(Nc1cccc(Cn2nc3ccccn3c2=O)c1)N1CC(c2ccccc2)C2(CCC2)C1,[BOS]O=C(Nc1cccc(Cn2nc3ccccn3c2=O)c1)N1C[C@H](c2ccccc2)C2(CCC2)C1[EOS],9745.446054697037,42
9.9,O=C(NCc1cccc2ccccc12)NC1C(c2ccc(F)cc2OC2CCN(F)CC2(F)F)OC2c3ccccc3CC21,[BOS]O=C(NCc1cccc2ccccc12)N[C@@H]1[C@H]2Cc3ccccc3[C@H]2O[C@@H]1c1ccc(F)cc1O[C@H]1CCN(F)CC1(F)F[EOS],14203.544187307358,42
10.4,O=C(Nc1cccc(-c2noc(-c3cc(-c4cccnc4)nc4c(Br)cccc34)n2)c1)c1cccnc1Cl,[BOS]O=C(Nc1cccc(-c2noc(-c3cc(-c4cccnc4)nc4c(Br)cccc34)n2)c1)c1cccnc1Cl[EOS],4784.734287023544,42
10.2,O=C(c1[nH]nc2ccccc12)N1CCC2(CCCC(CNC(=O)C34CC5CC(CC(C5)C3)C4)O2)C1,[BOS]O=C(c1[nH]nc2ccccc12)N1CC[C@]2(CCC[C@H](CNC(=O)C34CC5CC(CC(C5)C3)C4)O2)C1[EOS][EOS][EOS][EOS][EOS][EOS][EOS][EOS],9280.773447751999,42
11.0,O=C(c1cc2cc(F)ccc2[nH]1)N1CCCC2(CCN(C(=O)c3ccccc3C3CC3)CC2)C1,[BOS]O=C(c1cc2cc(F)ccc2[nH]1)N1CCCC2(CCN(C(=O)c3ccccc3C3CC3)CC2)C1[EOS],13411.494573354721,42
9.7,CC(OC(=O)C1c2ccccc2-c2ccccc21)C(=O)Nc1ccc(Oc2ccccc2)cc1,[BOS]C[C@H](OC(=O)C1c2ccccc2-c2ccccc21)C(=O)Nc1ccc(Oc2ccccc2)cc1[EOS],4717.677377700806,42
10.7,Clc1cc(-c2nnc(-c3ccc(Cn4c(Cl)cc5ccccc54)cc3)o2)c2ccc(Br)cc2n1,[BOS]Clc1cc(-c2nnc(-c3ccc(Cn4c(Cl)cc5ccccc54)cc3)o2)c2ccc(Br)cc2n1[EOS],9226.011862754822,42
9.6,O=C(NC1C2Cc3ccccc3C21)C(=O)N1CCCC(c2cc3ccccc3[nH]2)C1,[BOS]O=C(N[C@@H]1[C@H]2Cc3ccccc3[C@H]21)C(=O)N1CCC[C@@H](c2cc3ccccc3[nH]2)C1[EOS],13370.947410106659,42
11.1,O=C(NC1(c2ccc(NC(=O)C3C4CCCC3c3ccccc3N4)cc2)CCC1)c1ccc2cccnc2n1,[BOS]O=C(Nc1ccc(C2(NC(=O)c3ccc4cccnc4n3)CCC2)cc1)[C@@H]1[C@@H]2CCC[C@H]1c1ccccc1N2[EOS],5037.419013261795,42
8.9,O=C(NCCC1CNc2ccccc21)Nc1ccc2nnc(-c3ccccc3)n2c1,[BOS]O=C(NCC[C@@H]1CNc2ccccc21)Nc1ccc2nnc(-c3ccccc3)n2c1[EOS],9411.79946732521,42
9.8,O=C(Nc1nc2c3c(ccc2[nH]1)CCCC3)C1CCN(C2=NS(=O)(=O)c3ccccc32)CC1,[BOS]O=C(Nc1nc2c3c(ccc2[nH]1)CCCC3)C1CCN(C2=NS(=O)(=O)c3ccccc32)CC1[EOS],13275.018032073975,42
9.8,CC(C)C(C(=O)N1CCCCC1c1cc(NC(=O)c2ccc(-c3cccnc3)cc2)n[nH]1)c1ccccc1,[BOS]CC(C)[C@@H](C(=O)N1CCCC[C@@H]1c1cc(NC(=O)c2ccc(-c3cccnc3)cc2)n[nH]1)c1ccccc1[EOS][EOS][EOS][EOS][EOS][EOS][EOS][EOS],5110.9037301540375,42
10.9,O=C(Nc1cc(C2CCCCN2C(=O)C2CCCCC2(F)F)[nH]n1)c1ccc(-c2ccc(=O)[nH]n2)cc1,[BOS]O=C(Nc1cc([C@@H]2CCCCN2C(=O)[C@@H]2CCCCC2(F)F)[nH]n1)c1ccc(-c2ccc(=O)[nH]n2)cc1[EOS],10020.400643825531,42
9.9,Cc1cccc(C)c1N1CC(C(=O)N2CCCCC2c2cc(NC(=O)c3cnccc3F)n[nH]2)CC1=O,[BOS]Cc1cccc(C)c1N1C[C@@H](C(=O)N2CCCC[C@@H]2c2cc(NC(=O)c3cnccc3F)n[nH]2)CC1=O[EOS],14934.730370759964,42
10.4,O=C(N1C2CCC1CC(O)(Cc1ccc(F)cc1F)C2)C1(c2cccc3ccccc23)CCCCC1,[BOS]O=C(N1[C@H]2CC[C@H]1CC(O)(Cc1ccc(F)cc1F)C2)C1(c2cccc3ccccc23)CCCCC1[EOS],4560.219926595688,42
9.9,O=C(Oc1cccc2ccccc12)c1cccc(NC(=O)C2Cc3ccccc3O2)c1,[BOS]O=C(Oc1cccc2ccccc12)c1cccc(NC(=O)[C@@H]2Cc3ccccc3O2)c1[EOS],9047.09550666809,42
9.5,O=C1C(NC(=O)C2(Cc3ccc(Cl)cc3)CC3CCC2C3)C2CCCCN1CC2,[BOS]O=C1[C@H](NC(=O)[C@]2(Cc3ccc(Cl)cc3)C[C@H]3CC[C@H]2C3)[C@@H]2CCCCN1CC2[EOS][EOS][EOS][EOS][EOS][EOS],13591.057476997375,42
10.6,O=C(CC1c2ccccc2-c2ccccc21)NC1CC2(CCC2)c2ccccc21,[BOS]O=C(CC1c2ccccc2-c2ccccc21)N[C@@H]1CC2(CCC2)c2ccccc21[EOS],4591.756269454956,42
10.1,O=C(Nc1cc(C2CCCCN2C(=O)CC2OCCc3ccccc32)[nH]n1)c1n[nH]c2cccc(F)c12,[BOS]O=C(Nc1cc([C@H]2CCCCN2C(=O)C[C@@H]2OCCc3ccccc32)[nH]n1)c1n[nH]c2cccc(F)c12[EOS][EOS][EOS][EOS],9731.084300756454,42
10.6,CC1(c2ccc3ccccc3c2)Oc2ccccc2C2CC(c3ccc(NC(=O)Nc4cccc5cccnc45)cc3)=NN21,[BOS]C[C@@]1(c2ccc3ccccc3c2)Oc2ccccc2[C@H]2CC(c3ccc(NC(=O)Nc4cccc5cccnc45)cc3)=NN21[EOS],14443.202413797379,42
10.3,CC(C(=O)N1CCCCC1c1cc(NC(=O)Cc2cccc3ncccc23)n[nH]1)c1ccc(Cl)cc1,[BOS]C[C@@H](C(=O)N1CCCC[C@@H]1c1cc(NC(=O)Cc2cccc3ncccc23)n[nH]1)c1ccc(Cl)cc1[EOS],4885.739884138107,42
9.8,O=C(NC1CCc2nc(NC(=O)C3CC(=O)N(Cc4ccccc4)C3)sc2C1)c1cc2cccnn2c1,[BOS]O=C(N[C@@H]1CCc2nc(NC(=O)[C@@H]3CC(=O)N(Cc4ccccc4)C3)sc2C1)c1cc2cccnn2c1[EOS],9508.2102227211,42
10.2,Oc1ccc(-c2cccc(-c3cnc(Nc4ccc(C5CCCCN5)cc4)nc3N3CCCCC3)c2)cc1,[BOS]Oc1ccc(-c2cccc(-c3cnc(Nc4ccc(C5CCCCN5)cc4)nc3N3CCCCC3)c2)cc1[EOS],13909.180312871933,42
10.8,O=C(NCC1CCCCC1c1ccccc1)NC1CCN(C(=O)C2COc3ccccc3O2)CC1,[BOS]O=C(NC[C@@H]1CCCC[C@@H]1c1ccccc1)NC1CCN(C(=O)[C@@H]2COc3ccccc3O2)CC1[EOS],4765.3510801792145,42
11.2,O=S(=O)(c1ccc2c(c1)C1C=CCC1C(c1cccc3ccccc13)N2C1CCCCC1)N1CCc2ccccc2C1,[BOS]O=S(=O)(c1ccc2c(c1)[C@@H]1C=CC[C@@H]1[C@H](c1cccc3ccccc13)N2C1CCCCC1)N1CCc2ccccc2C1[EOS],9465.794113874435,42
10.5,O=C1c2ccccc2COc2ccc(CC(=O)N3CCC4C3CCN4C(=O)C3CNc4ccccc43)cc21,[BOS]O=C1c2ccccc2COc2ccc(CC(=O)N3CC[C@H]4[C@@H]3CCN4C(=O)[C@@H]3CNc4ccccc43)cc21[EOS][EOS],14157.270970106125,42
10.8,O=C(c1ccc(-c2ccnc3c(C(F)(F)F)cccc23)cc1)N1CCCN(CC2CCC2)CC1,[BOS]O=C(c1ccc(-c2ccnc3c(C(F)(F)F)cccc23)cc1)N1CCCN(CC2CCC2)CC1[EOS],4210.4180290699005,42
10.2,CN1C(=O)C23c4ccccc4C1c1ccccc1C2(C)C=CC3c1ccc(NS(=O)(=O)c2ccccc2)cc1,[BOS]Cn1c(=O)[C@@]23c4ccccc4[C@@H]1c1ccccc1[C@@]2(C)C=C[C@H]3c1ccc(NS(=O)(=O)c2ccccc2)cc1[EOS][EOS][EOS][EOS],8363.147321224213,42
9.6,Cc1cc(C#N)cc(C(=O)Nc2cc(C3CCCCN3C(=O)CC3CCCc4ccccc43)[nH]n2)c1,[BOS]Cc1cc(C#N)cc(C(=O)Nc2cc([C@H]3CCCCN3C(=O)C[C@H]3CCCc4ccccc43)[nH]n2)c1[EOS],12988.01609635353,42
10.4,Cc1ccccc1C1CC1C(=O)Nc1ccc2[nH]c(=O)n(Cc3ccc4ccccc4n3)c2c1,[BOS]Cc1ccccc1C1CC1C(=O)Nc1ccc2[nH]c(=O)n(Cc3ccc4ccccc4n3)c2c1[EOS],4337.8310759067535,42
9.6,CC(c1ccc(CC(=O)Nc2nc3c(s2)CC(NC(=O)C2CC4CCC2O4)CC3)cc1)C(F)(F)F,[BOS]C[C@@H](c1ccc(CC(=O)Nc2nc3c(s2)C[C@H](NC(=O)[C@@H]2C[C@H]4CC[C@@H]2O4)CC3)cc1)C(F)(F)F[EOS][EOS][EOS][EOS][EOS][EOS][EOS][EOS],9237.34217429161,42
10.0,O=C(NCc1cccc2ccccc12)N1CCC2(C1)NC(=O)N(Cc1ccc(Cl)cc1)C2=O,[BOS]O=C(NCc1cccc2ccccc12)N1CC[C@@]2(C1)NC(=O)N(Cc1ccc(Cl)cc1)C2=O[EOS],13529.29335474968,42
11.3,O=C1NC2CCCCC2C12C(c1ccc(F)cc1)CC(O)=NC21C(=O)c2ccccc2C12C#Cc1ccccc1CO2,[BOS]O=C1N[C@H]2CCCC[C@@H]2[C@]12[C@@H](c1ccc(F)cc1)CC(O)=N[C@@]21C(=O)c2ccccc2[C@@]12C#Cc1ccccc1CO2[EOS],4226.713370800018,42
9.9,COc1cccc(C(=O)N2CCCCC2c2cc(NC(=O)C3CCc4[nH]c(=O)[nH]c(=O)c4C3)n[nH]2)c1,[BOS]COc1cccc(C(=O)N2CCCC[C@@H]2c2cc(NC(=O)[C@H]3CCc4[nH]c(=O)[nH]c(=O)c4C3)n[nH]2)c1[EOS],8746.658973693848,42
10.2,O=C(CCc1cnc2[nH]ccc2c1)Nc1cc(C2CCCCN2C(=O)C2CC2c2ccccc2)[nH]n1,[BOS]O=C(CCc1cnc2[nH]ccc2c1)Nc1cc([C@@H]2CCCCN2C(=O)[C@H]2C[C@@H]2c2ccccc2)[nH]n1[EOS],14243.433426856995,42
9.4,O=C(NCc1ccc(N2CCCCCC2)nc1)N1CCc2c(Br)ccc(F)c2C1,[BOS]O=C(NCc1ccc(N2CCCCCC2)nc1)N1CCc2c(Br)ccc(F)c2C1[EOS],4449.441255092621,42
9.9,O=c1ccc(-c2nc(-c3ccc(OCc4ccccc4)nc3)no2)nn1Cc1ccc(F)c(F)c1F,[BOS]O=c1ccc(-c2nc(-c3ccc(OCc4ccccc4)nc3)no2)nn1Cc1ccc(F)c(F)c1F[EOS],9043.450595140457,42
9.8,O=C1C[NH+](Cc2ccc(-n3cc(Cl)cn3)cc2)C2CCCCC2N1Cc1cccc2ccccc12,[BOS]O=C1C[NH+](Cc2ccc(-n3cc(Cl)cn3)cc2)[C@@H]2CCCC[C@H]2N1Cc1cccc2ccccc12[EOS],13720.842571735382,42
9.6,C=C1CC(C(=O)N2CCCCC2c2cc(NC(=O)c3cc4occ(-c5cccnc5)c4[nH]3)n[nH]2)C1,[BOS]C=C1CC(C(=O)N2CCCC[C@@H]2c2cc(NC(=O)c3cc4occ(-c5cccnc5)c4[nH]3)n[nH]2)C1[EOS],4536.701324224472,42
9.5,Cc1cc(Cl)cc(C(=O)N2CCOC3(CCN(C(=O)C4CC5CCC4N5C(=O)OC(C)(C)C)C3)C2)c1,[BOS]Cc1cc(Cl)cc(C(=O)N2CCO[C@]3(CCN(C(=O)[C@H]4C[C@H]5CC[C@H]4N5C(=O)OC(C)(C)C)C3)C2)c1[EOS][EOS][EOS][EOS],8720.526766777039,42
9.1,O=C(NCC1(c2ccccc2Cl)CCCCC1)C1CCN(c2ccc3cccc(O)c3n2)CC1,[BOS]O=C(NCC1(c2ccccc2Cl)CCCCC1)C1CCN(c2ccc3cccc(O)c3n2)CC1[EOS][EOS],13140.097923755646,42
10.2,O=C1CCc2ccc(C(=O)NC3(c4ccc(NC(=O)c5ncccc5-c5ccccc5)cc4)CCC3)cc2N1,[BOS]O=C1CCc2ccc(C(=O)NC3(c4ccc(NC(=O)c5ncccc5-c5ccccc5)cc4)CCC3)cc2N1[EOS][EOS][EOS][EOS][EOS][EOS],5208.480806350708,42
10.0,O=C(NCc1ccc(C(=O)N2CCOC3(CCN(C(=O)C4CC4c4ccc(F)cc4)C3)C2)cc1)c1ccccc1,[BOS]O=C(NCc1ccc(C(=O)N2CCO[C@]3(CCN(C(=O)[C@H]4C[C@H]4c4ccc(F)cc4)C3)C2)cc1)c1ccccc1[EOS][EOS],10219.046110868454,42
10.2,Cc1c(NC(=O)C(=O)NC2C3CCc4ccccc4C32)cccc1-c1nnc2n1CCCCC2,[BOS]Cc1c(NC(=O)C(=O)N[C@@H]2[C@@H]3CCc4ccccc4[C@H]32)cccc1-c1nnc2n1CCCCC2[EOS],14557.303379535675,42
10.3,O=C(c1ccn(-c2ccccc2)n1)N1CC2(CCCN2C(=O)c2cccc3c2oc2ccccc23)C1,[BOS]O=C(c1ccn(-c2ccccc2)n1)N1CC2(CCCN2C(=O)c2cccc3c2oc2ccccc23)C1[EOS],4437.714301586151,42
9.6,Cc1ccccc1-n1c(SCc2ccc(OCc3cccnc3)cc2)nnc1-c1ccc2ccccc2c1,[BOS]Cc1ccccc1-n1c(SCc2ccc(OCc3cccnc3)cc2)nnc1-c1ccc2ccccc2c1[EOS],9888.807654619217,42
10.1,O=C(Nc1cc(C2CCCCN2C(=O)CC2OCCc3ccccc32)[nH]n1)C1Cc2ccccc2N1,[BOS]O=C(Nc1cc([C@H]2CCCCN2C(=O)C[C@H]2OCCc3ccccc32)[nH]n1)[C@@H]1Cc2ccccc2N1[EOS],14788.295553922653,42
9.6,O=C(Nc1ncc(Cc2ccc(C(F)(F)F)cc2)s1)c1c2c(nc3ccccc13)C(=Cc1ccco1)CCC2,[BOS]O=C(Nc1ncc(Cc2ccc(C(F)(F)F)cc2)s1)c1c2c(nc3ccccc13)C(=Cc1ccco1)CCC2[EOS][EOS][EOS][EOS],4189.158420801163,42
9.1,Cc1noc(C)c1C(=O)N1CCCCC1c1cc(NC(=O)c2c(C)oc3cc(O)ccc23)n[nH]1,[BOS]Cc1noc(C)c1C(=O)N1CCCC[C@H]1c1cc(NC(=O)c2c(C)oc3cc(O)ccc23)n[nH]1[EOS],8442.139034986496,42
10.6,O=C(C=Cc1cc(F)c(F)c(F)c1)N1CCC2(CCCN(C(=O)c3cc(=O)n4[nH]cnc4n3)C2)CC1,[BOS]O=C(C=Cc1cc(F)c(F)c(F)c1)N1CCC2(CCCN(C(=O)c3cc(=O)n4[nH]cnc4n3)C2)CC1[EOS],12839.115303754807,42
10.4,CC(NC(=O)N1CCCC1c1nc(-c2ccc(Cl)cc2)no1)c1ccc(F)c2ccccc12,[BOS]C[C@@H](NC(=O)N1CCC[C@@H]1c1nc(-c2ccc(Cl)cc2)no1)c1ccc(F)c2ccccc12[EOS],4461.372672319412,42
10.2,CC1(c2ccc(CNC(=O)Nc3cccc(N4C(=O)c5ccccc5C4=O)c3)cc2)NC(=O)NC1=O,[BOS]C[C@@]1(c2ccc(CNC(=O)Nc3cccc(N4C(=O)c5ccccc5C4=O)c3)cc2)NC(=O)NC1=O[EOS][EOS][EOS][EOS][EOS][EOS][EOS][EOS],9965.387760162354,42
10.4,O=C(C=C1c2ccccc2-c2ccccc21)N1CC=C(c2cccc3ccccc23)C1c1ccccc1-c1ccccc1,[BOS]O=C(C=C1c2ccccc2-c2ccccc21)N1CC=C(c2cccc3ccccc23)C1c1ccccc1-c1ccccc1[EOS],14215.823167085648,42
9.4,Cc1ccccc1CCc1cc(NC(=O)c2c[nH]cc2-c2ccc3c(c2)OCCO3)n[nH]1,[BOS]Cc1ccccc1CCc1cc(NC(=O)c2c[nH]cc2-c2ccc3c(c2)OCCO3)n[nH]1[EOS],4302.530157566071,42
9.8,CC#CC(CC(=O)N1C2CCC1CC(NC(=O)C1ON=C(c3ccccc3)O1)C2)c1ccc(O)cc1,[BOS]CC#C[C@@H](CC(=O)N1[C@@H]2CC[C@H]1C[C@@H](NC(=O)[C@@H]1ON=C(c3ccccc3)O1)C2)c1ccc(O)cc1[EOS],9636.122172117233,42
10.9,O=C(NC1(c2ccc(NC(=O)C3C4CCCC3c3ccccc3N4)cc2)CCC1)c1ccc2ccoc2c1,[BOS]O=C(NC1(c2ccc(NC(=O)[C@@H]3[C@H]4CCC[C@H]3c3ccccc3N4)cc2)CCC1)c1ccc2ccoc2c1[EOS],14841.591279268265,42
9.8,CC(NC(=O)N1CC=C(c2c[nH]c3ncccc23)CC1)c1ccc(F)c2ccccc12,[BOS]C[C@@H](NC(=O)N1CC=C(c2c[nH]c3ncccc23)CC1)c1ccc(F)c2ccccc12[EOS],4166.836799144745,42
9.6,CC1Cc2cccc(F)c2N1C(=O)NC1CCc2[nH+]c(C3CCCCC3)[nH]c2C1,[BOS]C[C@@H]1Cc2cccc(F)c2N1C(=O)N[C@H]1CCc2[nH+]c(C3CCCCC3)[nH]c2C1[EOS],7867.79793214798,42
11.1,O=C1CC2(CCN(c3nnnn3Cc3ccc4ccccc4c3)C2)CN1c1ccc2c(c1)OCCO2,[BOS]O=C1C[C@@]2(CCN(c3nnnn3Cc3ccc4ccccc4c3)C2)CN1c1ccc2c(c1)OCCO2[EOS],12133.45583319664,42
10.1,O=C(NCC(=O)N1CCC2(C1)CN(C(=O)C1(c3ccccc3)CCCC1)CCO2)c1ccc(O)cc1F,[BOS]O=C(NCC(=O)N1CC[C@@]2(C1)CN(C(=O)C1(c3ccccc3)CCCC1)CCO2)c1ccc(O)cc1F[EOS][EOS][EOS][EOS][EOS][EOS][EOS],4509.199038028717,42
10.3,O=C(c1ccc(F)cc1)c1cn(-c2ccc(-n3ccc4cc(N5CCCCC5)ccc43)cn2)nc1-c1ccccc1Cl,[BOS]O=C(c1ccc(F)cc1)c1cn(-c2ccc(-n3ccc4cc(N5CCCCC5)ccc43)cn2)nc1-c1ccccc1Cl[EOS],9111.858539581299,42
10.9,O=C(C(=Cc1ccc(-c2ccccc2Cl)o1)n1nc(-c2ccc(F)cc2)c2ccccc2c1=O)c1ccc(Cl)cc1,[BOS]O=C(C(=Cc1ccc(-c2ccccc2Cl)o1)n1nc(-c2ccc(F)cc2)c2ccccc2c1=O)c1ccc(Cl)cc1[EOS],14024.261961221695,42
9.5,Cc1cccc(C2CCCN2C(=O)Nc2ccc(S(=O)(=O)NC3=CCCCCC3)cc2)c1C,[BOS]Cc1cccc([C@@H]2CCCN2C(=O)Nc2ccc(S(=O)(=O)NC3=CCCCCC3)cc2)c1C[EOS][EOS][EOS][EOS][EOS][EOS][EOS][EOS],4162.795990228653,42
10.7,CC1(O)CC[C](Oc2cc(-c3cc(=O)c4ccc(-c5cccc6ccccc56)cc4o3)ccc2O)CC1,[BOS]C[C@@]1(O)CC[C@](Oc2cc(-c3cc(=O)c4ccc(-c5cccc6ccccc56)cc4o3)ccc2O)CC1[EOS],9329.663944721222,42
10.8,Fc1ccccc1C1CC(c2c(F)ccc(OCc3ccc4ncccc4c3)c2F)CCC1Nc1nccc(C2CCCC2)n1,[BOS]Fc1ccc(OCc2ccc3ncccc3c2)c(F)c1[C@@H]1CC[C@@H](Nc2nc(C3CCCC3)ccn2)C(c2ccccc2F)C1[EOS],14794.823159456253,42
10.1,Cc1cc(F)ccc1C(=O)N1CCCCC1C1CCN(C(=O)c2[nH]nc3c2CCc2ncccc2-3)CC1,[BOS]Cc1cc(F)ccc1C(=O)N1CCCC[C@H]1C1CCN(C(=O)c2[nH]nc3c2CCc2ncccc2-3)CC1[EOS],4693.135014772415,42
10.7,O=S(=O)(c1cccc2cccnc12)N1CCC(c2cccc(Nc3cnccn3)n2)C2c3ccccc3CCC21,[BOS]O=S(=O)(c1cccc2cccnc12)N1CCC(c2cccc(Nc3cnccn3)n2)C2c3ccccc3CCC12[EOS],9621.427191019058,42
10.6,COc1ccc2ccccc2c1C1Nc2ccc(S(=O)(=O)N3CCc4ccccc4C3)cc2C2=NCCCN21,[BOS]COc1ccc2ccccc2c1[C@@H]1Nc2ccc(S(=O)(=O)N3CCc4ccccc4C3)cc2C2=NCCCN21[EOS],14187.336336612701,42
10.4,O=C(Nc1ccc(C2(NC(=O)C3C4CCCC3c3ccccc3N4)CCC2)cc1)C1CCC(F)(F)CC1,[BOS]O=C(Nc1ccc(C2(NC(=O)[C@@H]3[C@@H]4CCC[C@@H]3c3ccccc3N4)CCC2)cc1)C1CCC(F)(F)CC1[EOS][EOS][EOS][EOS][EOS][EOS][EOS][EOS],5552.299400568008,42
10.2,O=C1NC2(CC3CC2C2CCCC32)C(=O)N1CC(=O)N1c2ccccc2CCc2ccccc21,[BOS]O=C(CN1C(=O)N[C@]2(C[C@@H]3C[C@H]2[C@@H]2CCC[C@H]32)C1=O)N1c2ccccc2CCc2ccccc21[EOS],10061.43663597107,42
9.7,O=C(CCC1CNc2ccccc2C1)N1CCOC2(CCN(C(=O)C3CCc4ccccc43)C2)C1,[BOS]O=C(CC[C@H]1CNc2ccccc2C1)N1CCO[C@]2(CCN(C(=O)[C@H]3CCc4ccccc43)C2)C1[EOS][EOS][EOS][EOS][EOS][EOS],15418.243094205856,42
9.9,CC1CC[NH+](CC(=O)N2CCCCC2c2cc(NC(=O)Cc3ccc4ccccc4c3)n[nH]2)CC1,[BOS]CC1CC[NH+](CC(=O)N2CCCC[C@@H]2c2cc(NC(=O)Cc3ccc4ccccc4c3)n[nH]2)CC1[EOS],4707.325748682022,42
9.3,Cc1cc(C2CN(C(=O)c3ccc(N4CCCCCC4)cc3)CCN2C(=O)Cn2nnc(-c3ccccc3)n2)nn1C,[BOS]Cc1cc([C@@H]2CN(C(=O)c3ccc(N4CCCCCC4)cc3)CCN2C(=O)Cn2nnc(-c3ccccc3)n2)nn1C[EOS][EOS],8540.47879934311,42
9.7,CN1C(=O)CC2(CC[NH+](Cc3ccc(-c4ccc(F)c(F)c4)cc3F)CC2)c2ccccc21,[BOS]CN1C(=O)CC2(CC[NH+](Cc3ccc(-c4ccc(F)c(F)c4)cc3F)CC2)c2ccccc21[EOS][EOS][EOS][EOS][EOS][EOS],12995.949882507324,42
10.0,O=C(CC1CC2CCC1C2)N1CCCC2(CCN(C(=O)c3c(-c4ccccc4)cn4ccccc34)CC2)C1,[BOS]O=C(C[C@H]1C[C@@H]2CC[C@H]1C2)N1CCCC2(CCN(C(=O)c3c(-c4ccccc4)cn4ccccc34)CC2)C1[EOS][EOS][EOS][EOS][EOS][EOS],4585.52673125267,42
9.0,CN1C(=O)COc2cc(NC(=O)N3CCCCC3c3ccccc3C(F)(F)F)ccc21,[BOS]CN1C(=O)COc2cc(NC(=O)N3CCCC[C@@H]3c3ccccc3C(F)(F)F)ccc21[EOS],8556.975235700607,42
10.5,O=C(Cc1ccc2ncccc2c1)Nc1ccc(C2(NC(=O)c3[nH]cc4c3CCc3ccccc3-4)CCC2)cc1,[BOS]O=C(Cc1ccc2ncccc2c1)Nc1ccc(C2(NC(=O)c3[nH]cc4c3CCc3ccccc3-4)CCC2)cc1[EOS],14432.822645187378,42
10.9,O=C(Nc1cccc(C(=O)N2CCc3ccccc3C2)c1)N1CCCC2(CCc3c(F)cccc32)C1,[BOS]O=C(c1cccc(NC(=O)N2CCC[C@]3(CCc4c(F)cccc43)C2)c1)N1CCc2ccccc2C1[EOS],4195.2192804813385,42
9.4,O=C(NCc1ccc(Oc2ccc(F)cc2)nc1)NC1CCCC(c2cccc(Cl)c2)C1,[BOS]O=C(NCc1ccc(Oc2ccc(F)cc2)nc1)N[C@H]1CCC[C@H](c2cccc(Cl)c2)C1[EOS],9088.086210250854,42
8.9,Cc1ccncc1CCC(=O)N1CCOC2(CCN(C(=O)c3ccc(-c4ccc(=O)[nH]n4)cc3)C2)C1,[BOS]Cc1ccncc1CCC(=O)N1CCO[C@@]2(CCN(C(=O)c3ccc(-c4ccc(=O)[nH]n4)cc3)C2)C1[EOS],13638.789266586304,42
9.7,O=C(Nc1cc(C2CCCCN2C(=O)c2cccn3ccnc23)[nH]n1)c1cccc2ccccc12,[BOS]O=C(Nc1cc([C@H]2CCCCN2C(=O)c2cccn3ccnc23)[nH]n1)c1cccc2ccccc12[EOS][EOS][EOS][EOS][EOS][EOS][EOS][EOS],4841.72096824646,42
9.8,CN1C(=O)CCN(C(=O)c2ccc(NC(=O)CC3SC(N4CCCCCC4)=[NH+]C3=O)cc2)c2ccccc21,[BOS]CN1C(=O)CCN(C(=O)c2ccc(NC(=O)C[C@@H]3SC(N4CCCCCC4)=[NH+]C3=O)cc2)c2ccccc21[EOS][EOS][EOS][EOS][EOS][EOS],10061.891105413437,42
10.4,CC(C(=O)N1CC=C(c2cccc3ccccc23)C1)c1cccc(C(=O)c2ccccc2)c1,[BOS]C[C@H](C(=O)N1CC=C(c2cccc3ccccc23)C1)c1cccc(C(=O)c2ccccc2)c1[EOS],14088.416310071945,42
9.8,CN1CC(CNC(=O)N2CCCC(c3cc(-c4ccccc4)[nH]n3)C2)Cc2ccccc21,[BOS]CN1C[C@H](CNC(=O)N2CCC[C@H](c3cc(-c4ccccc4)[nH]n3)C2)Cc2ccccc21[EOS],4148.3752562999725,42
9.2,CC1Oc2ccc(C(=O)Nc3ccc(C4(NC(=O)C5Cc6ccccc6O5)CCC4)cc3)cc2NC1=O,[BOS]C[C@H]1Oc2ccc(C(=O)Nc3ccc(C4(NC(=O)[C@@H]5Cc6ccccc6O5)CCC4)cc3)cc2NC1=O[EOS],8359.664268255234,42
9.5,Cc1cccc(COc2ccc(C(C)NC(=O)N3CCCC3c3c(C)nn(C)c3C)cc2)c1,[BOS]Cc1cccc(COc2ccc([C@H](C)NC(=O)N3CCC[C@@H]3c3c(C)nn(C)c3C)cc2)c1[EOS],13142.015484333038,42
9.3,Cc1cccc(C(C)CNC(=O)NC2CCc3ccccc3CC2)c1,[BOS]Cc1cccc([C@H](C)CNC(=O)NC2CCc3ccccc3CC2)c1[EOS],4157.263921499252,42
10.2,CC1CCc2c1n[nH]c2C(=O)N1CCCCC1c1cc(NC(=O)C2CC(c3ccccc3)N=N2)n[nH]1,[BOS]C[C@@H]1CCc2c1n[nH]c2C(=O)N1CCCC[C@H]1c1cc(NC(=O)[C@H]2CC(c3ccccc3)N=N2)n[nH]1[EOS],8736.158213376999,42
9.4,O=C(NC1CC2CCC(C1)N2C(=O)C1CCc2[nH]c(=O)[nH]c(=O)c2C1)C1CC1c1ccc(F)cc1,[BOS]O=C(N[C@H]1C[C@H]2CC[C@@H](C1)N2C(=O)[C@H]1CCc2[nH]c(=O)[nH]c(=O)c2C1)[C@@H]1C[C@@H]1c1ccc(F)cc1[EOS][EOS][EOS][EOS][EOS][EOS][EOS][EOS],13154.281513690948,42
10.2,O=C(CC1OCCc2ccccc21)Nc1cc(C2CCCCN2C(=O)c2ccnc3ncccc23)[nH]n1,[BOS]O=C(C[C@H]1OCCc2ccccc21)Nc1cc([C@@H]2CCCCN2C(=O)c2ccnc3ncccc23)[nH]n1[EOS],4982.89671254158,42
11.0,O=C(NC1(c2ccc(NC(=O)C3C4CCCC3c3ccccc3N4)cc2)CCC1)c1ccc2ncnn2c1,[BOS]O=C(NC1(c2ccc(NC(=O)[C@@H]3[C@@H]4CCC[C@H]3c3ccccc3N4)cc2)CCC1)c1ccc2ncnn2c1[EOS],10526.617752075195,42
10.0,O=C(Cc1cc2cccnc2cc1F)Nc1ccc(C2(NC(=O)C3CCc4ccccc43)CCC2)cc1,[BOS]O=C(Cc1cc2cccnc2cc1F)Nc1ccc(C2(NC(=O)[C@H]3CCc4ccccc43)CCC2)cc1[EOS][EOS][EOS][EOS],15413.064823150635,42
9.9,CC(C(=O)N1CCC([NH+]2CCc3ccccc3C2)CC1)c1ccc2ccccc2c1,[BOS]C[C@@H](C(=O)N1CCC([NH+]2CCc3ccccc3C2)CC1)c1ccc2ccccc2c1[EOS],4223.051988840103,42
10.9,Cc1ccc(-c2noc(C3(C)Cc4cccc5cccc(c45)C(=O)N3)n2)nc1CN1CCC2(CCCC2)OC1=O,[BOS]Cc1ccc(-c2noc([C@]3(C)Cc4cccc5cccc(c45)C(=O)N3)n2)nc1CN1CCC2(CCCC2)OC1=O[EOS],8319.836817741394,42
9.4,NC(N)=[NH+]CC(=O)Nc1cc(C2CCCCN2C(=O)C2CC2c2ccc(F)c(F)c2)[nH]n1,[BOS]NC(N)=[NH+]CC(=O)Nc1cc([C@H]2CCCCN2C(=O)[C@@H]2C[C@H]2c2ccc(F)c(F)c2)[nH]n1[EOS],13064.489488601685,42
10.0,Cc1ccc(-c2cc(C(=O)N3CCC4(C3)CN(C(=O)C3Cc5ccccc5C[NH+]3C)CCO4)c[nH]2)cc1C,[BOS]Cc1ccc(-c2cc(C(=O)N3CC[C@@]4(C3)CN(C(=O)[C@H]3Cc5ccccc5C[NH+]3C)CCO4)c[nH]2)cc1C[EOS],4624.440900087357,42
9.3,O=C(NCC(O)c1ccc2ccccc2c1)C1=NN(c2ccc(F)cc2)C(=O)CC1,[BOS]O=C(NC[C@H](O)c1ccc2ccccc2c1)C1=NN(c2ccc(F)cc2)C(=O)CC1[EOS],9128.06881570816,42
10.3,CC(=O)N1c2ccccc2NC2=C(C(=O)CC(c3ccccc3)C2)C12C(=O)c1ccccc1C2=O,[BOS]CC(=O)N1c2ccccc2NC2=C(C(=O)C[C@H](c3ccccc3)C2)C12C(=O)c1ccccc1C2=O[EOS],13298.436033010483,42
9.1,Cc1cccc(C(=O)N2CCCN(C(=O)NC3C4CCc5ccccc5C43)CC2)c1,[BOS]Cc1cccc(C(=O)N2CCCN(C(=O)N[C@@H]3[C@@H]4CCc5ccccc5[C@H]43)CC2)c1[EOS],4160.839893579483,42
10.1,CC(NC(=O)N1CCN(C2CC[NH+](Cc3ccccc3)C2)CC1)c1cc2cccc(F)c2c(=O)n1-c1ccccc1,[BOS]C[C@H](NC(=O)N1CCN([C@H]2CC[NH+](Cc3ccccc3)C2)CC1)c1cc2cccc(F)c2c(=O)n1-c1ccccc1[EOS],9005.909217596054,42
9.8,COc1ccc(C2CC2C(=O)N2CCCCC2c2cc(NC(=O)C=Cc3c[nH]c4ccccc34)n[nH]2)cc1,[BOS]COc1ccc([C@H]2C[C@H]2C(=O)N2CCCC[C@@H]2c2cc(NC(=O)C=Cc3c[nH]c4ccccc34)n[nH]2)cc1[EOS][EOS],13481.625114679337,42
13.2,c1cc(-c2ccc(-c3c4ccccc4nc4ccccc34)cc2)c(Cc2cccc3ccccc23)c(-c2ccc3ccccc3c2Cc2ccc3cc4ccccc4cc3c2)c1,[BOS]c1ccc(-c2ccc(-c3c4ccccc4nc4ccccc34)cc2)c(Cc2cccc3ccccc23)c1-c1ccc2ccccc2c1Cc1ccc2cc3ccccc3cc2c1,5474.540068149567,42
9.0,COc1nc(N2CCN(C(=O)NC3c4cccc(F)c4CCC3C)CC2)ncc1Br,[BOS]COc1nc(N2CCN(C(=O)N[C@@H]3c4cccc(F)c4CC[C@H]3C)CC2)ncc1Br[EOS],9204.465911388397,42
9.3,O=C(NS(=O)(=O)c1cn(Cc2ccccc2)nn1)c1c(-c2ccccc2)nnc2ccccc12,[BOS]O=C(NS(=O)(=O)c1cn(Cc2ccccc2)nn1)c1c(-c2ccccc2)nnc2ccccc12[EOS][EOS][EOS][EOS][EOS],13594.212613582611,42
9.4,O=C(C1CCC(C(F)(F)F)CC1)N1CCC2(CCCN(C(=O)C(F)c3ccccc3)C2)CC1,[BOS]O=C([C@H](F)c1ccccc1)N1CCCC2(CCN(C(=O)[C@H]3CC[C@H](C(F)(F)F)CC3)CC2)C1[EOS][EOS][EOS][EOS],4120.091033697128,42
11.8,c1ccc(-c2c3ccccc3c(-c3nc4ccc5ccccc5n4c3-c3ccc4cc5ccccc5cc4c3)c3ccccc23)cc1,[BOS]c1ccc(-c2c3ccccc3c(-c3nc4ccc5ccccc5n4c3-c3ccc4cc5ccccc5cc4c3)c3ccccc23)cc1[EOS],8651.000492572784,42
10.4,O=C(Nc1cc(C2CCCCN2C(=O)CC2OCCc3ccccc32)[nH]n1)C1=NOC(c2ccccc2)C1,[BOS]O=C(Nc1cc([C@H]2CCCCN2C(=O)C[C@@H]2OCCc3ccccc32)[nH]n1)C1=NO[C@H](c2ccccc2)C1[EOS],13260.510464429855,42
9.5,O=C1CC(c2nc(-c3ccc(-c4ccc(=O)[nH]c4)cc3)no2)CN1c1ccc2c(c1)Cc1ccccc1-2,[BOS]O=C1C[C@@H](c2nc(-c3ccc(-c4ccc(=O)[nH]c4)cc3)no2)CN1c1ccc2c(c1)Cc1ccccc1-2[EOS][EOS][EOS][EOS][EOS],4273.407152414322,42
10.3,Cc1cc(F)c(F)c(C(=O)N2CCCCC2c2cc(NC(=O)C3CCc4[nH]c(=O)[nH]c(=O)c4C3)n[nH]2)c1,[BOS]Cc1cc(F)c(F)c(C(=O)N2CCCC[C@H]2c2cc(NC(=O)[C@H]3CCc4[nH]c(=O)[nH]c(=O)c4C3)n[nH]2)c1[EOS],9139.759548187256,42
10.1,O=C(C1CCc2ccccc2C1)N1CCC2(C1)CN(C(=O)C1C[NH+](Cc3ccccc3)CCO1)CCO2,[BOS]O=C([C@H]1C[NH+](Cc2ccccc2)CCO1)N1CCO[C@@]2(CCN(C(=O)[C@H]3CCc4ccccc4C3)C2)C1[EOS],13555.775630235672,42
10.1,O=C(NCc1ccc(-n2cnc3ccccc32)cc1Cl)N1Cc2ccccc2C2(CCC2)C1,[BOS]O=C(NCc1ccc(-n2cnc3ccccc32)cc1Cl)N1Cc2ccccc2C2(CCC2)C1[EOS],4653.368704795837,42
10.9,Cc1cc(C(=O)N2CCC3OCCCC3(CNC(=O)c3ccc4c(c3)COC4)C2)nc2ccc(F)cc12,[BOS]Cc1cc(C(=O)N2CC[C@H]3OCCC[C@@]3(CNC(=O)c3ccc4c(c3)COC4)C2)nc2ccc(F)cc12[EOS],9741.308977603912,42
9.6,CC(C)(C)c1cc(C(=O)NC2(c3ccc(NC(=O)C4CCC(F)(F)CC4)cc3)CCC2)ccn1,[BOS]CC(C)(C)c1cc(C(=O)NC2(c3ccc(NC(=O)C4CCC(F)(F)CC4)cc3)CCC2)ccn1[EOS],14737.824721813202,42
9.2,COc1ccc(C(C)C(=O)NC2(c3ccc(NC(=O)c4c(C)noc4-c4ccccc4)cc3)CCC2)cc1,[BOS]COc1ccc([C@@H](C)C(=O)NC2(c3ccc(NC(=O)c4c(C)noc4-c4ccccc4)cc3)CCC2)cc1[EOS][EOS][EOS][EOS][EOS][EOS],5027.749484062195,42
10.5,O=C(Nc1cc(-c2ccccc2)nc2ccccc12)C1CC(=O)N(c2ccc3c(c2)Cc2ccccc2-3)C1,[BOS]O=C(Nc1cc(-c2ccccc2)nc2ccccc12)[C@H]1CC(=O)N(c2ccc3c(c2)Cc2ccccc2-3)C1[EOS],9408.977488517761,42
10.5,Cc1ccc(CCC(=O)Nc2nc3c(s2)CC(NC(=O)C2CCC(=O)N2)CC3)c2ccccc12,[BOS]Cc1ccc(CCC(=O)Nc2nc3c(s2)C[C@H](NC(=O)[C@@H]2CCC(=O)N2)CC3)c2ccccc12[EOS],14167.483639240265,42
9.7,Cc1nc(NC(=O)N2CCCC2C=Cc2ccccc2)oc1Cc1ccccc1C(F)(F)F,[BOS]Cc1nc(NC(=O)N2CCC[C@H]2C=Cc2ccccc2)oc1Cc1ccccc1C(F)(F)F[EOS],3985.5942282676697,42
11.8,O=C1SCc2ccccc2-c2ccccc2CN(C(=O)C2CCCc3ccccc32)c2sccc2-c2[nH]c3ccccc3c21,[BOS]O=C([C@H]1CCCc2ccccc21)N1Cc2ccccc2-c2ccccc2CSC(=O)c2c([nH]c3ccccc23)-c2ccsc21[EOS],7940.544625759125,42
9.0,Cn1c(=O)c2cc(NC(=O)N(Cc3ccc4ccccc4c3)C3CC3)cnc2n(C)c1=O,[BOS]Cn1c(=O)c2cc(NC(=O)N(Cc3ccc4ccccc4c3)C3CC3)cnc2n(C)c1=O[EOS][EOS][EOS][EOS][EOS][EOS][EOS][EOS],12300.271902799606,42
9.5,Cc1cc(-c2nnc(C3CCCc4ccccc43)o2)ccc1-c1nccc2[nH]ncc12,[BOS]Cc1cc(-c2nnc([C@H]3CCCc4ccccc43)o2)ccc1-c1nccc2[nH]ncc12[EOS],3742.8189232349396,42
10.4,Fc1cccc(Oc2ccc(-c3noc(C4CCN(c5ccc6nnnn6n5)CC4)n3)cc2)c1Cl,[BOS]Fc1cccc(Oc2ccc(-c3noc(C4CCN(c5ccc6nnnn6n5)CC4)n3)cc2)c1Cl[EOS],8335.43348145485,42
10.1,CC1CCC(c2nnc(-c3ccc4ccccc4c3)o2)NC1c1ccc(C(F)(F)F)cc1,[BOS]C[C@@H]1CC[C@H](c2nnc(-c3ccc4ccccc4c3)o2)N[C@@H]1c1ccc(C(F)(F)F)cc1[EOS],12515.59140920639,42
10.7,Cc1c(C(=O)NCc2ccc(Oc3cccc4ccccc34)cc2)oc(=O)c2ccccc12,[BOS]Cc1c(C(=O)NCc2ccc(Oc3cccc4ccccc34)cc2)oc(=O)c2ccccc12[EOS],4858.755308628082,42
9.9,O=C1CN(c2ccc(C(O)N=C(O)c3cc(F)c4cc[nH]c4c3)cc2)c2nc(NC3CC3c3ccccc3)ncc2O1,[BOS]O=C1CN(c2ccc(C(O)N=C(O)c3cc(F)c4cc[nH]c4c3)cc2)c2nc(N[C@H]3C[C@@H]3c3ccccc3)ncc2O1[EOS],9633.644562721252,42
9.4,Cc1c(C(C)NC(=O)Nc2ccn(-c3ncccc3F)n2)cnn1-c1ccc(F)cc1F,[BOS]Cc1c([C@H](C)NC(=O)Nc2ccn(-c3ncccc3F)n2)cnn1-c1ccc(F)cc1F[EOS][EOS],14179.901014566422,42
9.6,O=C(NCC1CC(c2ccc3c(c2)CCO3)=NO1)N1CC(c2ccccc2)c2ccccc21,[BOS]O=C(NC[C@@H]1CC(c2ccc3c(c2)CCO3)=NO1)N1C[C@H](c2ccccc2)c2ccccc21[EOS][EOS][EOS][EOS][EOS][EOS][EOS][EOS],4729.370198011398,42
10.7,O=C(C1CCCC2CCCCC21)N1CCCC2(CCN(C(=O)C3(C(=O)Nc4ccccc4)CC3)CC2)C1,[BOS]O=C([C@@H]1CCC[C@H]2CCCC[C@H]21)N1CCCC2(CCN(C(=O)C3(C(=O)Nc4ccccc4)CC3)CC2)C1[EOS][EOS][EOS][EOS][EOS][EOS][EOS],9033.214095592499,42
9.8,Cn1cccc(C(=O)N2CCC3(CCCN(C(=O)Cc4ccccc4Cc4ccc(F)cc4)C3)CC2)c1=O,[BOS]Cn1cccc(C(=O)N2CCC3(CCCN(C(=O)Cc4ccccc4Cc4ccc(F)cc4)C3)CC2)c1=O[EOS][EOS][EOS][EOS][EOS][EOS][EOS][EOS],13366.441159009933,42
10.3,Cc1c(C(=O)N2CCCCC2c2cc(NC(=O)C3CC34C(=O)Nc3ccccc34)n[nH]2)nc2ccccn12,[BOS]Cc1c(C(=O)N2CCCC[C@H]2c2cc(NC(=O)[C@H]3C[C@@]34C(=O)Nc3ccccc34)n[nH]2)nc2ccccn12[EOS][EOS][EOS][EOS][EOS][EOS],4685.981181144714,42
10.5,Cn1ccc2cccc(C(=O)N3CCCCC3c3cc(NC(=O)Cc4ccc(F)c(C(F)(F)F)c4)n[nH]3)c21,[BOS]Cn1ccc2cccc(C(=O)N3CCCC[C@H]3c3cc(NC(=O)Cc4ccc(F)c(C(F)(F)F)c4)n[nH]3)c21[EOS][EOS][EOS][EOS][EOS],9188.271133422852,42
9.9,O=C1CCCC(c2ccc(C(=O)NCC3(c4ccccc4)CC(F)C3)cc2-c2cc(F)cc(C(F)(F)F)c2)N1,[BOS]O=C1CCC[C@@H](c2ccc(C(=O)NCC3(c4ccccc4)CC(F)C3)cc2-c2cc(F)cc(C(F)(F)F)c2)N1[EOS],13143.389500379562,42
9.7,Cc1c(C(=O)NCc2ccc(Cn3cnc4ccccc43)cc2)oc2c1ccc1ccccc12,[BOS]Cc1c(C(=O)NCc2ccc(Cn3cnc4ccccc43)cc2)oc2c1ccc1ccccc12[EOS],4805.342526674271,42
9.7,O=C(Nc1onc(C2CCCCC2)c1C=NCc1ncccc1C(F)(F)F)N1CCN(c2ccccc2F)CC1,[BOS]O=C(Nc1onc(C2CCCCC2)c1C=NCc1ncccc1C(F)(F)F)N1CCN(c2ccccc2F)CC1[EOS],9120.721742391586,42
9.8,FC1(F)CCCC(C2CCN(c3nc(C[NH+]4CCOCC4)nc4c3CCN(C3CCCC[NH2+]C3)C4)CC2)C1,[BOS]FC1(F)CCC[C@H](C2CCN(c3nc(C[NH+]4CCOCC4)nc4c3CCN([C@H]3CCCC[NH2+]C3)C4)CC2)C1[EOS][EOS][EOS],13258.868777513504,42
9.5,O=C(C1CCC2CCC(=O)N2C1)N1CCC(C2CCCCN2C(=O)c2cccc3ccccc23)CC1,[BOS]O=C([C@@H]1CC[C@H]2CCC(=O)N2C1)N1CCC([C@H]2CCCCN2C(=O)c2cccc3ccccc23)CC1[EOS][EOS][EOS][EOS],4529.145383834839,42
9.9,Cc1nc2ccccn2c1C(=O)N1CCCCC1C1CCN(C(=O)c2ccc3c(c2)CCCC3=O)CC1,[BOS]Cc1nc2ccccn2c1C(=O)N1CCCC[C@H]1C1CCN(C(=O)c2ccc3c(c2)CCCC3=O)CC1[EOS],9148.124967813492,42
9.5,Cc1cccc2c(CC(=O)N3CCC(c4ccc(-c5nn[n-]n5)cc4)CC3)coc12,[BOS]Cc1cccc2c(CC(=O)N3CCC(c4ccc(-c5nn[n-]n5)cc4)CC3)coc12[EOS],13193.927673101425,42
10.4,O=C(Nc1nccn1-c1ccccc1)C1CC(=O)N(c2ccc3c(c2)Cc2ccccc2-3)C1,[BOS]O=C1C[C@@H](C(=O)Nc2nccn2-c2ccccc2)CN1c1ccc2c(c1)Cc1ccccc1-2[EOS],4200.683097362518,42
9.5,Cc1nn(-c2cccc(-c3cc(Oc4ccc(CN5CCOCC5)cc4)nc4c3C3NCCN3C4)n2)cc1Cl,[BOS]Cc1nn(-c2cccc(-c3cc(Oc4ccc(CN5CCOCC5)cc4)nc4c3C3NCCN3C4)n2)cc1Cl[EOS][EOS][EOS][EOS][EOS][EOS][EOS][EOS],8675.926026582718,42
9.0,O=C(NCC1(c2ccc(C(F)(F)F)cc2)CC1)NC1C2CCc3ccccc3C21,[BOS]O=C(NCC1(c2ccc(C(F)(F)F)cc2)CC1)N[C@@H]1[C@@H]2CCc3ccccc3[C@@H]21[EOS][EOS][EOS][EOS][EOS],13217.52252626419,42
10.5,FC(F)(F)c1cccc(-c2cc(-c3nc(Cc4nc(-c5ccccc5)nn4-c4ncccc4Cl)no3)ccc2Cl)c1,[BOS]FC(F)(F)c1cccc(-c2cc(-c3nc(Cc4nc(-c5ccccc5)nn4-c4ncccc4Cl)no3)ccc2Cl)c1[EOS][EOS],4456.695658922195,42
9.1,Cc1ccc(CC(=O)N2CCOCC3(C2)CN(C(=O)c2cn4c(Cl)cccc4[nH+]2)CCO3)cc1C,[BOS]Cc1ccc(CC(=O)N2CCOC[C@@]3(C2)CN(C(=O)c2cn4c(Cl)cccc4[nH+]2)CCO3)cc1C[EOS][EOS][EOS][EOS],8895.290873289108,42
9.0,O=C(COc1cccc(NC(=O)C(=O)N2CCOC(c3ccccc3Cl)C2)c1)Nc1ccccc1,[BOS]O=C(COc1cccc(NC(=O)C(=O)N2CCO[C@H](c3ccccc3Cl)C2)c1)Nc1ccccc1[EOS][EOS][EOS][EOS][EOS][EOS][EOS],13709.140829324722,42
10.8,O=C(NCc1ccc(CN2C(=O)NC3(CCCCC3)C2=O)cc1)c1ccnc2ccccc12,[BOS]O=C(NCc1ccc(CN2C(=O)NC3(CCCCC3)C2=O)cc1)c1ccnc2ccccc12[EOS],5098.734632730484,42
10.8,O=C1CC(C(=O)N2CCCCC2c2cc(NC(=O)C3CNc4ccccc43)n[nH]2)=Cc2ccccc2N1,[BOS]O=C(Nc1cc([C@H]2CCCCN2C(=O)C2=Cc3ccccc3NC(=O)C2)[nH]n1)[C@H]1CNc2ccccc21[EOS],10264.318951368332,42
9.5,O=S(=O)(Nc1cccc(-c2nnc3n2CCCCC3)c1)c1ccc2nc(C(F)(F)F)cc(O)c2c1,[BOS]O=S(=O)(Nc1cccc(-c2nnc3n2CCCCC3)c1)c1ccc2nc(C(F)(F)F)cc(O)c2c1[EOS],14844.943757534027,42
11.1,O=C(CC1OCCc2ccccc21)Nc1cc(C2CCCCN2C(=O)c2cc3cn[nH]c3cn2)[nH]n1,[BOS]O=C(C[C@H]1OCCc2ccccc21)Nc1cc([C@@H]2CCCCN2C(=O)c2cc3cn[nH]c3cn2)[nH]n1[EOS],5012.846200227737,42
10.4,O=C(Nc1cc(C2CCCCN2C(=O)C2CCC(F)(F)CC2)[nH]n1)c1cc2c(F)cc(F)cc2[nH]1,[BOS]O=C(Nc1cc([C@@H]2CCCCN2C(=O)C2CCC(F)(F)CC2)[nH]n1)c1cc2c(F)cc(F)cc2[nH]1[EOS],9953.441797733307,42
9.3,Cc1ccc(C(=O)N2CCC3(CCCN(C(=O)Cc4ccc5ncnn5c4)C3)CC2)c(C)c1F,[BOS]Cc1ccc(C(=O)N2CCC3(CCCN(C(=O)Cc4ccc5ncnn5c4)C3)CC2)c(C)c1F[EOS][EOS][EOS][EOS][EOS],14087.658379793167,42
10.8,O=C1COc2ccc(C(=O)N3CCCCC3C3CCN(C(=O)c4[nH]cc5c4CCc4ccccc4-5)CC3)cc2N1,[BOS]O=C1COc2ccc(C(=O)N3CCCC[C@@H]3C3CCN(C(=O)c4[nH]cc5c4CCc4ccccc4-5)CC3)cc2N1[EOS],5187.385120630264,42
9.4,CC1c2cc(F)cc(F)c2CC[NH+]1CC(=O)NN1C(=O)NC(C)(c2ccc3ccccc3c2)C1=O,[BOS]C[C@H]1c2cc(F)cc(F)c2CC[NH+]1CC(=O)NN1C(=O)N[C@](C)(c2ccc3ccccc3c2)C1=O[EOS][EOS][EOS],9180.009671211243,42
9.7,O=C(NCC1CCCc2ccc(F)cc21)Nc1ccc2c(c1)CCN2C(=O)c1cccnc1,[BOS]O=C(NC[C@@H]1CCCc2ccc(F)cc21)Nc1ccc2c(c1)CCN2C(=O)c1cccnc1[EOS],13395.585806846619,42
10.5,O=C(Cc1c[nH]c2ccccc12)Nc1cc(C2CCCCN2C(=O)C2CC2c2ccccc2)[nH]n1,[BOS]O=C(Cc1c[nH]c2ccccc12)Nc1cc([C@H]2CCCCN2C(=O)[C@@H]2C[C@H]2c2ccccc2)[nH]n1[EOS],4828.418582677841,42
10.8,O=C(NC1CC2CCC(C1)N2C(=O)C1CC1c1ccc(F)c(F)c1)c1n[nH]c2ccc(-c3ccccc3)cc12,[BOS]O=C(N[C@H]1C[C@H]2CC[C@@H](C1)N2C(=O)[C@H]1C[C@H]1c1ccc(F)c(F)c1)c1n[nH]c2ccc(-c3ccccc3)cc12[EOS],9504.12690448761,42
9.8,Cc1cccc2c1N(C(=O)c1ccc(NC(=O)CC3SC(N4CCCCC4)=[NH+]C3=O)cc1Cl)CCC2C,[BOS]Cc1cccc2c1N(C(=O)c1ccc(NC(=O)C[C@H]3SC(N4CCCCC4)=[NH+]C3=O)cc1Cl)CC[C@H]2C[EOS][EOS],13973.34747004509,42
10.4,O=C1c2ccc(O)cc2OC(c2ccc(-c3cc(=O)c4cc(Cl)ccc4o3)cc2)(c2cccc(Cl)c2)C1c1ccc(F)cc1,[BOS]O=C1c2ccc(O)cc2O[C@@](c2cccc(Cl)c2)(c2ccc(-c3cc(=O)c4cc(Cl)ccc4o3)cc2)[C@@H]1c1ccc(F)cc1[EOS][EOS],5425.7603549957275,42
11.9,c1cc(CN2C3CCC2C2CCCCC2C3)c2ccc(-c3cc(-c4cnc5nc[nH]c5c4)cc4cc[nH]c34)nc2n1,[BOS]c1cnc2nc(-c3cc(-c4cnc5nc[nH]c5c4)cc4cc[nH]c34)ccc2c1CN1C2CCC1C1CCCCC1C2[EOS],9847.404785871506,42
10.5,Cc1ccc(CCC(=O)Nc2nc3c(s2)CC(N2C(=O)C=CC2=O)CC3)c2ccccc12,[BOS]Cc1ccc(CCC(=O)Nc2nc3c(s2)C[C@@H](N2C(=O)C=CC2=O)CC3)c2ccccc12[EOS],14214.927201271057,42
10.6,O=C(CC1CC2CCC1C2)NC1(c2ccc(NC(=O)C3C4CCCC3c3ccccc3N4)cc2)CCC1,[BOS]O=C(C[C@H]1C[C@@H]2CC[C@H]1C2)NC1(c2ccc(NC(=O)[C@@H]3[C@@H]4CCC[C@H]3c3ccccc3N4)cc2)CCC1[EOS],5464.140261411667,42
11.7,O=C(c1ccc(CC2CCc3ccccc3C2)cc1)C1CCC(Cc2ccc(F)cc2)c2cc(F)cc(F)c2C1,[BOS]O=C(c1ccc(CC2CCc3ccccc3C2)cc1)C1CCC(Cc2ccc(F)cc2)c2cc(F)cc(F)c2C1[EOS],10815.414010286331,42
9.4,CC1C(=O)CCN(C(=O)c2c(-c3ccccc3)nnc3ccccc23)C12CCCC2,[BOS]C[C@@H]1C(=O)CCN(C(=O)c2c(-c3ccccc3)nnc3ccccc23)C12CCCC2[EOS],14637.538258552551,42
9.8,Cc1cnn(C2CCCc3ccccc32)c1NC(=O)C(=O)NCC1CCCN(c2ccccc2)C1,[BOS]Cc1cnn([C@@H]2CCCc3ccccc32)c1NC(=O)C(=O)NC[C@H]1CCCN(c2ccccc2)C1[EOS][EOS][EOS][EOS][EOS][EOS][EOS][EOS],4792.058792591095,42
10.4,Cc1ccc(N(C(=O)c2nn(-c3ccccc3)c(=O)c3c2ccc2ccccc23)C2COC3(CCC[NH2+]C3)C2)nn1,[BOS]Cc1ccc(N(C(=O)c2nn(-c3ccccc3)c(=O)c3c2ccc2ccccc23)[C@H]2CO[C@]3(CCC[NH2+]C3)C2)nn1[EOS],9831.51957821846,42
9.1,Cc1cccnc1CCC(=O)NC1(c2ccc(NC(=O)C3CCC4CCC(=O)N4C3)cc2)CCC1,[BOS]Cc1cccnc1CCC(=O)NC1(c2ccc(NC(=O)[C@H]3CC[C@@H]4CCC(=O)N4C3)cc2)CCC1[EOS][EOS][EOS][EOS][EOS],14708.733649015427,42
10.1,O=C(c1nn(-c2cc(C(F)(F)F)cc(C(F)(F)F)c2)c2c1CCC2)N1CCC(c2ccccc2)C1,[BOS]O=C(c1nn(-c2cc(C(F)(F)F)cc(C(F)(F)F)c2)c2c1CCC2)N1CC[C@@H](c2ccccc2)C1[EOS][EOS][EOS][EOS][EOS][EOS],4543.527744293213,42
10.4,O=C(CCc1ccccc1F)NC1CCc2nc(NC(=O)c3cccc4c3oc3ccccc34)sc2C1,[BOS]O=C(CCc1ccccc1F)N[C@@H]1CCc2nc(NC(=O)c3cccc4c3oc3ccccc34)sc2C1[EOS],9499.638503313065,42
10.1,O=C(C1CC12C(=O)Nc1ccccc12)N1CCC2C1CCN2C(=O)C1(c2cccc(Cl)c2)CCCC1,[BOS]O=C([C@@H]1C[C@@]12C(=O)Nc1ccccc12)N1CC[C@H]2[C@@H]1CCN2C(=O)C1(c2cccc(Cl)c2)CCCC1[EOS][EOS][EOS][EOS][EOS][EOS][EOS][EOS],13861.148453712463,42
9.4,CN(c1ccc(CNC(=O)N2CCc3c(cccc3S(N)(=O)=O)C2)cc1)C1CCCCC1,[BOS]CN(c1ccc(CNC(=O)N2CCc3c(cccc3S(N)(=O)=O)C2)cc1)C1CCCCC1[EOS][EOS][EOS][EOS][EOS][EOS][EOS][EOS],4292.800073623657,42
9.7,NC(=O)c1ccccc1C(=O)NC1(c2ccc(NC(=O)Cc3ccc4ncnn4c3)cc2)CCC1,[BOS]NC(=O)c1ccccc1C(=O)NC1(c2ccc(NC(=O)Cc3ccc4ncnn4c3)cc2)CCC1[EOS],9532.698716163635,42
10.5,O=C(C(c1ccc(F)cc1)c1ccc(F)cc1)N1CCC(c2nc(-c3ccc(Cl)cc3)no2)CC1,[BOS]O=C(C(c1ccc(F)cc1)c1ccc(F)cc1)N1CCC(c2nc(-c3ccc(Cl)cc3)no2)CC1[EOS],13925.511350393295,42
10.0,FC(F)(F)c1cccc(C2CC2c2nc(-c3cccc(-n4cnc5c4cc4oc6ccccc6n45)c3)no2)c1,[BOS]FC(F)(F)c1cccc([C@@H]2C[C@H]2c2nc(-c3cccc(-n4cnc5c4cc4n5c5ccccc5o4)c3)no2)c1[EOS][EOS][EOS][EOS],4311.694094419479,42
9.3,Cc1ccc(NCCC(=O)Nc2cc(C3CCCCN3C(=O)C3CC3c3ccccc3)[nH]n2)c(C)c1,[BOS]Cc1ccc(NCCC(=O)Nc2cc([C@H]3CCCCN3C(=O)[C@@H]3C[C@H]3c3ccccc3)[nH]n2)c(C)c1[EOS][EOS][EOS][EOS][EOS],9134.642696857452,42
9.6,O=C(NC1(c2ccc(NC(=O)C3(F)CCCCC3(F)F)cc2)CCC1)c1ccc2nccnc2c1,[BOS]O=C(NC1(c2ccc(NC(=O)[C@@]3(F)CCCCC3(F)F)cc2)CCC1)c1ccc2nccnc2c1[EOS][EOS][EOS][EOS],14221.559180259705,42
9.6,O=S1(=O)NCC(c2ccccc2F)C12CCN(c1ccc(COc3ccc4c(c3)CCC4)cn1)CC2,[BOS]O=S1(=O)NC[C@@H](c2ccccc2F)C12CCN(c1ccc(COc3ccc4c(c3)CCC4)cn1)CC2[EOS][EOS][EOS],4459.297703027725,42
9.5,O=C1Nc2ccccc2C2(CC[NH+](Cc3ccc4cc(OC(F)(F)F)ccc4c3)CC2)N1,[BOS]O=C1Nc2ccccc2C2(CC[NH+](Cc3ccc4cc(OC(F)(F)F)ccc4c3)CC2)N1[EOS],8584.757482767105,42
9.1,CC(NC(=O)Nc1cnn(-c2cnc3ccccc3n2)c1)c1nc(-c2ccccc2)c2n1CCCCC2,[BOS]C[C@H](NC(=O)Nc1cnn(-c2cnc3ccccc3n2)c1)c1nc(-c2ccccc2)c2n1CCCCC2[EOS][EOS][EOS],12822.477674484253,42
9.5,O=C(CCc1c[nH]c2ccc(F)cc12)N1CCCC2(CCN(C(=O)C3CCCC4CCCCC43)CC2)C1,[BOS]O=C(CCc1c[nH]c2ccc(F)cc12)N1CCCC2(CCN(C(=O)[C@@H]3CCC[C@H]4CCCC[C@H]43)CC2)C1[EOS][EOS],5272.853360414505,42
9.7,O=C(NC1C2COCC1CN(C(=O)C1CC1c1ccc(F)c(F)c1)C2)c1cc2ccccc2[nH]c1=O,[BOS]O=C(N[C@H]1[C@@H]2COC[C@H]1CN(C(=O)[C@H]1C[C@H]1c1ccc(F)c(F)c1)C2)c1cc2ccccc2[nH]c1=O[EOS][EOS],9973.592007398605,42
10.2,O=C(Cc1[nH]nc2c(Cl)cccc12)N1CCC2(CCCN(C(=O)c3ccc4c(n3)OCCO4)C2)CC1,[BOS]O=C(Cc1[nH]nc2c(Cl)cccc12)N1CCC2(CCCN(C(=O)c3ccc4c(n3)OCCO4)C2)CC1[EOS],14773.123178958893,42
10.7,O=C1CC(c2ccccc2)c2cc(NC(=O)C(=O)NC3CC=C(c4ccc(F)cc4)CC3)ccc2N1,[BOS]O=C(Nc1ccc2c(c1)[C@H](c1ccccc1)CC(=O)N2)C(=O)N[C@@H]1CC=C(c2ccc(F)cc2)CC1[EOS],4465.500965356827,42
10.5,Cc1ccc(-c2nnc(-c3ccc(C(=O)N4CC(C(C)(C)C)Cc5ccccc54)cc3)o2)cc1,[BOS]Cc1ccc(-c2nnc(-c3ccc(C(=O)N4C[C@H](C(C)(C)C)Cc5ccccc54)cc3)o2)cc1[EOS],8778.781671524048,42
10.0,O=C(NC1CCc2nc(NC(=O)C3CCc4ccccc4O3)sc2C1)c1ccc2ncnn2c1,[BOS]O=C(N[C@@H]1CCc2nc(NC(=O)[C@@H]3CCc4ccccc4O3)sc2C1)c1ccc2ncnn2c1[EOS],13269.059884548187,42
10.4,O=C(Nc1cc(C2CCCCN2C(=O)C2Cc3ccccc3N2)[nH]n1)C1CCc2ccccc2C1,[BOS]O=C(Nc1cc([C@@H]2CCCCN2C(=O)[C@@H]2Cc3ccccc3N2)[nH]n1)[C@H]1CCc2ccccc2C1[EOS],4920.338377952576,42
10.6,O=C1CCc2ccc(C(=O)N3CCCCC3c3cc(NC(=O)c4[nH]cc5c4CCc4ncccc4-5)n[nH]3)cc2N1,[BOS]O=C1CCc2ccc(C(=O)N3CCCC[C@@H]3c3cc(NC(=O)c4[nH]cc5c4CCc4ncccc4-5)n[nH]3)cc2N1[EOS][EOS][EOS][EOS][EOS],9937.257588386536,42
9.5,Fc1cc(Br)c(-c2noc(CC3CC4(CC[NH2+]CC4)Cc4ccccc43)n2)cc1F,[BOS]Fc1cc(Br)c(-c2noc(C[C@@H]3CC4(CC[NH2+]CC4)Cc4ccccc43)n2)cc1F[EOS],14196.346803188324,42
10.4,O=C(C1Cc2ccccc2O1)N1CCCCC1c1cc(NC(=O)C2(c3ccccc3)CCCC2)n[nH]1,[BOS]O=C([C@@H]1Cc2ccccc2O1)N1CCCC[C@@H]1c1cc(NC(=O)C2(c3ccccc3)CCCC2)n[nH]1[EOS],4483.519166231155,42
10.3,Cc1cccc(N2C(=O)c3cc4ccccc4c(Cc4occ(-c5coc6ccccc56)c4C)c3C2=O)c1C,[BOS]Cc1cccc(N2C(=O)c3cc4ccccc4c(Cc4occ(-c5coc6ccccc56)c4C)c3C2=O)c1C[EOS][EOS][EOS][EOS][EOS][EOS][EOS],8895.769287586212,42
9.5,O=C(NC1CC2CCC(C1)N2C(=O)CC1COc2ccccc2O1)c1ccc(-c2ccccc2)c(F)c1,[BOS]O=C(N[C@H]1C[C@H]2CC[C@@H](C1)N2C(=O)C[C@H]1COc2ccccc2O1)c1ccc(-c2ccccc2)c(F)c1[EOS],13237.418825149536,42
10.9,O=C1c2ccccc2COc2ccc(CC(=O)N3CCCC34CN(C(=O)C35CCC(CC3)CC5)C4)cc21,[BOS]O=C(Cc1ccc2c(c1)C(=O)c1ccccc1CO2)N1CCCC12CN(C(=O)C13CCC(CC1)CC3)C2[EOS],4746.717508554459,42
10.5,O=C(NC1CC2CCC(C1)N2C(=O)C1CCc2ccccc21)c1nn(C(=O)c2ccc(F)cc2)c2c1C[NH2+]C2,[BOS]O=C(N[C@H]1C[C@H]2CC[C@@H](C1)N2C(=O)[C@@H]1CCc2ccccc21)c1nn(C(=O)c2ccc(F)cc2)c2c1C[NH2+]C2[EOS],9574.549829483032,42
10.6,O=C(c1ccc2c(c1)Cc1ccccc1-2)N1CCCN(S(=O)(=O)c2ccc3c(c2)OCCO3)CC1,[BOS]O=C(c1ccc2c(c1)Cc1ccccc1-2)N1CCCN(S(=O)(=O)c2ccc3c(c2)OCCO3)CC1[EOS][EOS][EOS][EOS][EOS][EOS][EOS][EOS],13566.746067762375,42
11.1,O=C(Nc1cc(C2CCCCN2C(=O)C2CCC(F)(F)CC2)[nH]n1)c1n[nH]c2ccc(-c3ccccc3)cc12,[BOS]O=C(Nc1cc([C@H]2CCCCN2C(=O)C2CCC(F)(F)CC2)[nH]n1)c1n[nH]c2ccc(-c3ccccc3)cc12[EOS],4928.259233951569,42
9.6,O=C(c1ccccc1Cl)N1CCCC2(CCN(C(=O)C3(C(=O)Nc4ccccc4)CC3)CC2)C1,[BOS]O=C(c1ccccc1Cl)N1CCCC2(CCN(C(=O)C3(C(=O)Nc4ccccc4)CC3)CC2)C1[EOS][EOS][EOS][EOS],9217.743697166443,42
10.1,O=C1CC(C(=O)Nc2cc(C3CCCCN3C(=O)c3n[nH]c4ccc(-c5ccccc5)cc34)[nH]n2)C1,[BOS]O=C(Nc1cc([C@H]2CCCCN2C(=O)c2n[nH]c3ccc(-c4ccccc4)cc23)[nH]n1)C1CC(=O)C1[EOS],14248.997050523758,42
9.8,O=C1NC2(CCN(c3nc4ccccc4nc3NS(=O)(=O)c3cc(F)ccc3F)CC2)OC1c1ccccc1,[BOS]O=C1NC2(CCN(c3nc4ccccc4nc3NS(=O)(=O)c3cc(F)ccc3F)CC2)OC1c1ccccc1[EOS][EOS][EOS][EOS][EOS][EOS][EOS],4115.224940538406,42
11.4,O=C1c2ccc(C3Oc4ccccc4C4CCCCC43)cc2OCN1Cc1ccc(N2OCC3CCC2C3)c(F)c1Br,[BOS]O=C1c2ccc(C3Oc4ccccc4C4CCCCC43)cc2OCN1Cc1ccc(N2OC[C@H]3CC[C@H]2C3)c(F)c1Br[EOS],8837.567459583282,42
9.7,O=C(NCC1(Cc2ccccn2)CCC(F)(F)CC1)c1ccc(-n2[nH]c(Cc3ccccc3)cc2=O)cc1F,[BOS]O=C(NCC1(Cc2ccccn2)CCC(F)(F)CC1)c1ccc(-n2[nH]c(Cc3ccccc3)cc2=O)cc1F[EOS],13634.653869390488,42
10.0,Cn1nc(C(=O)Nc2cc(C3CCCCN3C(=O)C3CC3c3ccccc3)[nH]n2)c2c1CCC2,[BOS]Cn1nc(C(=O)Nc2cc([C@H]3CCCCN3C(=O)[C@@H]3C[C@H]3c3ccccc3)[nH]n2)c2c1CCC2[EOS],4746.72540974617,42
10.3,Fc1ccc(COc2ccc(C3=NC(C45CC6CC(CC(C6)C4)C5)NO3)cc2)cc1C(F)(F)F,[BOS]Fc1ccc(COc2ccc(C3=NC(C45CC6CC(CC(C6)C4)C5)NO3)cc2)cc1C(F)(F)F[EOS][EOS],9322.713782072067,42
9.8,[NH3+]C(C(=O)Nc1cc(C2CCCCN2C(=O)C2CC2c2ccc(Cl)cc2)[nH]n1)c1cccc(Cl)c1,[BOS][NH3+][C@H](C(=O)Nc1cc([C@H]2CCCCN2C(=O)[C@@H]2C[C@H]2c2ccc(Cl)cc2)[nH]n1)c1cccc(Cl)c1[EOS][EOS][EOS][EOS],14686.22581410408,42
10.0,Cc1nc(F)ccc1C(=O)NC1(c2ccc(NC(=O)c3c(C)noc3-c3ccccc3)cc2)CCC1,[BOS]Cc1nc(F)ccc1C(=O)NC1(c2ccc(NC(=O)c3c(C)noc3-c3ccccc3)cc2)CCC1[EOS][EOS],5113.125380039215,42
9.3,O=C(C1CCCN1C(=O)c1ccc2ccccc2c1O)N1CC(C(F)(F)F)CC(C(F)(F)F)C1,[BOS]O=C([C@@H]1CCCN1C(=O)c1ccc2ccccc2c1O)N1C[C@H](C(F)(F)F)C[C@H](C(F)(F)F)C1[EOS],9496.057745933533,42
11.7,Cc1ccc2ccccc2c1C1Oc2ccccc2C2=C1C(c1ccc(F)c(F)c1)N1NC=NC1=N2,[BOS]Cc1ccc2ccccc2c1[C@H]1Oc2ccccc2C2=C1[C@@H](c1ccc(F)c(F)c1)N1NC=NC1=N2[EOS][EOS][EOS][EOS],13943.901016950607,42
10.0,Fc1ccc(C(F)(F)F)c(C2CCNCC2Nc2c(-c3ccc(Cl)cc3F)nc3c(-c4ccc(C(F)(F)F)c5ccccc45)cncn23)c1,[BOS]Fc1cc(Cl)ccc1-c1nc2c(-c3ccc(C(F)(F)F)c4ccccc34)cncn2c1NC1CNCCC1c1cc(F)ccc1C(F)(F)F[EOS],4154.423055410385,42
10.6,Cn1ncc2c(C(=O)N3CCCCC3c3cc(NC(=O)Cc4ccc5c(c4)CCCO5)n[nH]3)cccc21,[BOS]Cn1ncc2c(C(=O)N3CCCC[C@@H]3c3cc(NC(=O)Cc4ccc5c(c4)CCCO5)n[nH]3)cccc21[EOS],9360.69479560852,42
11.3,O=C(Nc1cccc(-c2noc(C3CCC(F)(F)c4ccccc43)n2)c1)C1=Cc2cccnc2OC1,[BOS]O=C(Nc1cccc(-c2noc([C@H]3CCC(F)(F)c4ccccc43)n2)c1)C1=Cc2cccnc2OC1[EOS],14055.439989089966,42
10.0,COc1cccc2c1CC(C(=O)NC1CCc3nc(NC(=O)C4CCOC4)sc3C1)CC2,[BOS]COc1cccc2c1C[C@@H](C(=O)N[C@H]1CCc3nc(NC(=O)[C@@H]4CCOC4)sc3C1)CC2[EOS],4584.188367366791,42
10.4,O=C(NCc1ccnc(N2CCc3ccccc3C2)c1)NC1CCCC(c2ccccc2)C1,[BOS]O=C(NCc1ccnc(N2CCc3ccccc3C2)c1)N[C@@H]1CCC[C@H](c2ccccc2)C1[EOS],9220.307609319687,42
9.6,O=C(Cc1ccccn1)Nc1ccc(C2(NC(=O)C3CCCC4CCCCC43)CCC2)cc1,[BOS]O=C(Cc1ccccn1)Nc1ccc(C2(NC(=O)[C@@H]3CCC[C@H]4CCCC[C@H]43)CCC2)cc1[EOS],14134.387194156647,42
10.1,[N-]=[N+]=Nc1cccc(C2C=Cc3[nH]c(C(=O)N4CCCC4Cc4cccc5ccccc45)cc3C2)c1,[BOS]O=C(c1cc2c([nH]1)C=CC(c1cccc(N=[N+]=[N-])c1)C2)N1CCCC1Cc1cccc2ccccc12[EOS],4339.190259695053,42
9.8,O=C(Nc1cc2c(cn1)CCC2)NC(c1cccc2ccccc12)C(F)(F)F,[BOS]O=C(Nc1cc2c(cn1)CCC2)N[C@H](c1cccc2ccccc12)C(F)(F)F[EOS],8043.96090054512,42
11.3,CC(=O)N1c2ccccc2C(C)=NC1c1cn(Cc2ccc3c(ccc4ccccc43)n2)c2ccc(C)cc12,[BOS]CC(=O)N1c2ccccc2C(C)=NC1c1cn(Cc2ccc3c(ccc4ccccc43)n2)c2ccc(C)cc12[EOS],12703.050031423569,42
10.3,O=C(NC1C2COCC1CN(C(=O)C1C3CCCC1c1ccccc1N3)C2)C1C2CCCC1c1ccccc1N2,[BOS]O=C(N[C@H]1[C@@H]2COC[C@H]1CN(C(=O)[C@@H]1[C@@H]3CCC[C@H]1c1ccccc1N3)C2)[C@H]1[C@@H]2CCC[C@H]1c1ccccc1N2[EOS][EOS][EOS][EOS][EOS][EOS][EOS],4658.57986164093,42
9.7,N=c1[nH]c(-c2cnc(-c3ccc(CO)cc3)[nH]2)nc2sc3c(c12)CCN(Cc1cccc2ccccc12)C3,[BOS]N=c1[nH]c(-c2cnc(-c3ccc(CO)cc3)[nH]2)nc2sc3c(c12)CCN(Cc1cccc2ccccc12)C3[EOS],9248.831527233124,42
9.4,CC1CN(c2ccc(C(=O)N3CCC[NH+]4CCC=CC(C(F)(F)F)=CC=C3C4)cn2)CC(C)O1,[BOS]C[C@H]1CN(c2ccc(C(=O)N3CCC[NH+](Cc3ccc(C(F)(F)F)cc3)CC3)cn2)C[C@H](C)O1[EOS][EOS][EOS][EOS],13842.41111421585,42
10.5,CC(NC(=O)N1CCN(C(=O)c2cc3ccccc3[nH]2)CC1)c1ccc(-c2ccc(F)cc2)cc1,[BOS]C[C@@H](NC(=O)N1CCN(C(=O)c2cc3ccccc3[nH]2)CC1)c1ccc(-c2ccc(F)cc2)cc1[EOS],4239.8678295612335,42
10.4,O=C(Cc1ccc2c(c1)CCCO2)Nc1ccc(C2(NC(=O)C3CCCc4c3[nH]c3ccc(Cl)cc43)CCC2)cc1,[BOS]O=C(Cc1ccc2c(c1)CCCO2)Nc1ccc(C2(NC(=O)[C@@H]3CCCc4c3[nH]c3ccc(Cl)cc43)CCC2)cc1[EOS],9805.945460319519,42
9.5,O=C(c1cc(-c2ccccc2)n[nH]1)N1CCCC2(CCN(C(=O)c3ccnc4c3OCO4)CC2)C1,[BOS]O=C(c1ccnc2c1OCO2)N1CCC2(CCCN(C(=O)c3cc(-c4ccccc4)n[nH]3)C2)CC1[EOS],14036.927819013596,42
10.1,Cc1ccc(C2Oc3ccc(Br)cc3C3=CCC(c4cccc5ccccc45)CC32)cc1,[BOS]Cc1ccc([C@@H]2Oc3ccc(Br)cc3C3=CC[C@@H](c4cccc5ccccc45)CC32)cc1[EOS][EOS][EOS][EOS],4095.884325027466,42
10.8,c1ccc(Cc2noc(-c3nn(-c4ccc5ccccc5c4)c4cc5ccccc5cc34)c3cccc2-3)cc1,[BOS]c1ccc(Cc2noc(-c3nn(-c4ccc5ccccc5c4)c4cc5ccccc5cc34)c3cccc2-3)cc1[EOS],8211.281225681305,42
9.7,CC1(C)CC(=O)c2ccc(-c3noc(-c4ccnn4Cc4cccc(C(F)(F)F)c4)n3)cc2O1,[BOS]CC1(C)CC(=O)c2ccc(-c3noc(-c4ccnn4Cc4cccc(C(F)(F)F)c4)n3)cc2O1[EOS][EOS],12395.824659585953,42
10.6,O=C(Nc1cc(C2CCCCN2C(=O)C2Cc3ccccc3C2)[nH]n1)C1CCCC2CCCCC21,[BOS]O=C(Nc1cc([C@@H]2CCCCN2C(=O)C2Cc3ccccc3C2)[nH]n1)[C@@H]1CCC[C@@H]2CCCC[C@H]21[EOS][EOS][EOS][EOS][EOS][EOS][EOS][EOS],4790.8050656318665,42
10.5,CN1C(=O)CC(c2cccc(F)c2)Cc2cc(-c3sc(OC(=O)c4ccccc4F)nc3-c3cccc(F)c3)ccc21,[BOS]CN1C(=O)C[C@H](c2cccc(F)c2)Cc2cc(-c3sc(OC(=O)c4ccccc4F)nc3-c3cccc(F)c3)ccc21[EOS][EOS][EOS][EOS][EOS][EOS][EOS],9248.005852222443,42
10.0,O=C1NCc2ccccc2CC12CC[NH+](Cc1ccc(-c3cccc(Cl)c3F)cc1)CC2,[BOS]O=C1NCc2ccccc2CC12CC[NH+](Cc1ccc(-c3cccc(Cl)c3F)cc1)CC2[EOS],13209.740269422531,42
9.6,O=C(C1CC12CCCOc1ccccc12)N1CCC2OCC(C(=O)N3CCCCO3)CC2C1,[BOS]O=C([C@H]1C[C@]12CCCOc1ccccc12)N1CC[C@H]2OC[C@@H](C(=O)N3CCCCO3)C[C@H]2C1[EOS],3925.275887966156,42
9.4,CC(=O)NC(Cc1ccc2ccccc2c1)c1nnc(C2CC[NH+](Cc3ccccc3)C2)o1,[BOS]CC(=O)N[C@H](Cc1ccc2ccccc2c1)c1nnc([C@H]2CC[NH+](Cc3ccccc3)C2)o1[EOS][EOS][EOS],8094.777339935303,42
9.9,Cc1nc2cccc(C(=O)N3CCCCC3c3cc(NC(=O)C4CCc5ccccc5C4)n[nH]3)c2s1,[BOS]Cc1nc2cccc(C(=O)N3CCCC[C@@H]3c3cc(NC(=O)[C@H]4CCc5ccccc5C4)n[nH]3)c2s1[EOS],12987.027675390244,42
9.8,Cc1ccnc(C(=O)N2CCCCC2c2cc(NC(=O)C3CC(=O)N(c4c(C)cccc4C)C3)n[nH]2)c1,[BOS]Cc1ccnc(C(=O)N2CCCC[C@H]2c2cc(NC(=O)[C@@H]3CC(=O)N(c4c(C)cccc4C)C3)n[nH]2)c1[EOS][EOS][EOS][EOS][EOS][EOS][EOS],4722.653403520584,42
10.7,O=C(Nc1cc(C2CCCCN2C(=O)C2CC2c2ccccc2)[nH]n1)c1n[nH]c2cccc(F)c12,[BOS]O=C(Nc1cc([C@@H]2CCCCN2C(=O)[C@@H]2C[C@@H]2c2ccccc2)[nH]n1)c1n[nH]c2cccc(F)c12[EOS],9844.439153432846,42
10.3,Fc1cccc(-c2cccc(-c3nc(-c4ncoc4-c4cccc(C(F)(F)F)c4)no3)c2)c1F,[BOS]Fc1cccc(-c2cccc(-c3nc(-c4ncoc4-c4cccc(C(F)(F)F)c4)no3)c2)c1F[EOS][EOS][EOS],14366.767574071884,42
10.2,Cc1cc(C(=O)Nc2ccc3oc(-c4cccc5ccccc45)nc3c2)n(-c2ccccc2F)n1,[BOS]Cc1cc(C(=O)Nc2ccc3oc(-c4cccc5ccccc45)nc3c2)n(-c2ccccc2F)n1[EOS],4434.7514090538025,42
9.9,O=C(C1CCc2[nH]c(=O)[nH]c(=O)c2C1)N1C2CCC1CC(NC(=O)C1(c3cccc(F)c3)CC1)C2,[BOS]O=C([C@H]1CCc2[nH]c(=O)[nH]c(=O)c2C1)N1[C@@H]2CC[C@H]1C[C@@H](NC(=O)C1(c3cccc(F)c3)CC1)C2[EOS][EOS][EOS][EOS][EOS][EOS],8891.880470752716,42
10.4,O=C(Cc1ccc(NC(=O)C2CC(=O)N(c3cccc4ccccc34)C2)cc1)Nc1ccccc1F,[BOS]O=C(Cc1ccc(NC(=O)[C@@H]2CC(=O)N(c3cccc4ccccc34)C2)cc1)Nc1ccccc1F[EOS],13834.285199165344,42
9.9,Cc1ccc(Oc2ccc(-c3noc(Cc4cccc(F)c4OC4CC[NH2+]C(C)C4)n3)cc2)cc1,[BOS]Cc1ccc(Oc2ccc(-c3noc(Cc4cccc(F)c4O[C@@H]4CC[NH2+][C@@H](C)C4)n3)cc2)cc1[EOS],4403.763100862503,42
10.3,O=C(c1cc2oc(-c3ccccc3)cc2[nH]1)N1CCC2(CCCN(C(=O)c3cnn4ccccc34)C2)CC1,[BOS]O=C(c1cc2oc(-c3ccccc3)cc2[nH]1)N1CCC2(CCCN(C(=O)c3cnn4ccccc34)C2)CC1[EOS],8834.785950899124,42
10.4,Fc1c(CN2CCC(c3ncc(-c4cccc5cccnc45)n3Cc3cccc(Cl)c3)CC2)cccc1C1CCCCC1(F)F,[BOS]Fc1c(CN2CCC(c3ncc(-c4cccc5cccnc45)n3Cc3cccc(Cl)c3)CC2)cccc1C1CCCCC1(F)F[EOS],13938.659470319748,42
10.2,O=C(c1cccc(Nn2nc(-c3ccc(Br)cc3)ccc2=O)c1)N1CC(C(F)(F)F)c2ccccc21,[BOS]O=C(c1cccc(Nn2nc(-c3ccc(Br)cc3)ccc2=O)c1)N1C[C@H](C(F)(F)F)c2ccccc21[EOS][EOS][EOS][EOS][EOS][EOS][EOS][EOS],4476.162417888641,42
10.0,Cc1cccc(Cl)c1C(=O)N1CCCCC1c1cc(NC(=O)CCc2cnc3ccccc3c2)n[nH]1,[BOS]Cc1cccc(Cl)c1C(=O)N1CCCC[C@@H]1c1cc(NC(=O)CCc2cnc3ccccc3c2)n[nH]1[EOS],9020.79167342186,42
9.9,O=C(c1ccc(-n2[nH]c(=NC3CCC(Cl)CC3)cc2-c2cnn[nH]2)cc1)c1ccc2cc(C(F)(F)F)ccc2c1,[BOS]O=C(c1ccc2cc(C(F)(F)F)ccc2c1)c1ccc(-n2[nH]c(=NC3CCC(Cl)CC3)cc2-c2cnn[nH]2)cc1[EOS],13142.674329996109,42
10.0,Cc1nc2ccncc2cc1C(=O)N1CCCCC1c1cc(NC(=O)C2CCc3ccccc3C2)n[nH]1,[BOS]Cc1nc2ccncc2cc1C(=O)N1CCCC[C@@H]1c1cc(NC(=O)[C@@H]2CCc3ccccc3C2)n[nH]1[EOS],4789.99160861969,42
10.3,Cc1ccc2nc(C(=O)Nc3cc(C4CCCCN4C(=O)C4CCCCC4(F)F)[nH]n3)ccc2c1,[BOS]Cc1ccc2nc(C(=O)Nc3cc([C@H]4CCCCN4C(=O)[C@H]4CCCCC4(F)F)[nH]n3)ccc2c1[EOS],9305.93280172348,42
9.3,CC(C)(CNC(=O)C(=O)NC1CCCCC1c1ccccc1)c1ccc2c(c1)OCCO2,[BOS]CC(C)(CNC(=O)C(=O)N[C@@H]1CCCC[C@@H]1c1ccccc1)c1ccc2c(c1)OCCO2[EOS],13757.794808387756,42
11.2,FC1CCC(C(F)(F)c2cc(-c3ccc(OCc4ccccc4Cl)cc3)nc3ncnn23)c2c(Cl)cccc21,[BOS]FC(F)(c1cc(-c2ccc(OCc3ccccc3Cl)cc2)nc2ncnn12)C1CCC(F)c2cccc(Cl)c21[EOS],5184.677182674408,42
10.5,Cn1cc(C(=O)c2cccc3ccccc23)cc1-c1nnc(-c2ccc(F)c(-c3ccccc3F)c2)o1,[BOS]Cn1cc(C(=O)c2cccc3ccccc23)cc1-c1nnc(-c2ccc(F)c(-c3ccccc3F)c2)o1[EOS],10005.285549640656,42
10.5,O=C(NCc1ccc(C2(O)CCc3ccccc32)cc1)NC1CCCOc2cc(F)ccc21,[BOS]O=C(NCc1ccc([C@]2(O)CCc3ccccc32)cc1)N[C@@H]1CCCOc2cc(F)ccc21[EOS],14870.226800203323,42
10.4,CC(C(=O)Nc1nnc(Sc2ccc(Cl)cc2)s1)n1c(O)c2c(c1O)C1(c3ccccc3-2)c2ccccc2C1(C)C,[BOS]C[C@H](C(=O)Nc1nnc(Sc2ccc(Cl)cc2)s1)n1c(O)c2c(c1O)C1(c3ccccc3-2)c3ccccc3C1(C)C[EOS][EOS][EOS][EOS][EOS][EOS],4319.498661279678,42
10.8,O=C(Nc1cccc(NC(=O)c2cccnc2)c1)C(=O)N1CCC(c2cccc3ccccc23)CC1,[BOS]O=C(Nc1cccc(NC(=O)C(=O)N2CCC(c3cccc4ccccc34)CC2)c1)c1cccnc1[EOS],9334.20461153984,42
11.8,c1ccc(Cn2c3ccccc3c3ccc(-c4ccc(-c5c6ccccc6nn5-c5ccc6ccccc6c5)[nH]4)cc32)cc1,[BOS]c1ccc(Cn2c3ccccc3c3ccc(-c4ccc(-c5c6ccccc6nn5-c5ccc6ccccc6c5)[nH]4)cc32)cc1[EOS],14521.501363277435,42
9.5,O=C(NC(c1ccccc1)c1ccc2nc3c4ccccc4c4ccccc4c3nc2c1)c1ccncc1,[BOS]O=C(N[C@H](c1ccccc1)c1ccc2nc3c4ccccc4c4ccccc4c3nc2c1)c1ccncc1[EOS][EOS][EOS][EOS][EOS][EOS],4420.358335494995,42
9.7,O=C(NC1C2COCC1CN(C(=O)c1cccc(Cc3cccc(F)c3)c1)C2)C1CCCC2CCCCC21,[BOS]O=C(N[C@H]1[C@@H]2COC[C@H]1CN(C(=O)c1cccc(Cc3cccc(F)c3)c1)C2)[C@@H]1CCC[C@H]2CCCC[C@H]21[EOS],9080.781872034073,42
9.7,O=C(NC1C2COCC1CN(C(=O)C1CC1c1ccc(F)c(F)c1)C2)c1ccc2c(c1)C(=O)CCC2,[BOS]O=C(N[C@H]1[C@@H]2COC[C@H]1CN(C(=O)[C@H]1C[C@H]1c1ccc(F)c(F)c1)C2)c1ccc2c(c1)C(=O)CCC2[EOS][EOS][EOS][EOS][EOS][EOS],13717.533071041107,42
9.0,CC1(CCc2cccc(C(F)(F)F)c2)[NH2+]C(c2ccc3ccccc3c2)C2C(=O)N(c3ccccc3)C(=O)C21,[BOS]C[C@]1(CCc2cccc(C(F)(F)F)c2)[NH2+][C@H](c2ccc3ccccc3c2)[C@H]2C(=O)N(c3ccccc3)C(=O)[C@H]21[EOS][EOS],4850.919422149658,42
10.0,[NH3+]C1CCCN(c2cc(N3CCC([NH+]4CCc5ccccc5C4)CC3)nc(-c3ccccc3)n2)C1,[BOS][NH3+][C@@H]1CCCN(c2cc(N3CCC([NH+]4CCc5ccccc5C4)CC3)nc(-c3ccccc3)n2)C1[EOS],10185.816384077072,42
10.2,O=C(Cc1cccc(F)c1)Nc1cc(C2CCCCN2C(=O)CC2OCCc3ccccc32)[nH]n1,[BOS]O=C(Cc1cccc(F)c1)Nc1cc([C@@H]2CCCCN2C(=O)C[C@@H]2OCCc3ccccc32)[nH]n1[EOS],14818.55793762207,42
10.3,Cn1ncc2c(C(=O)N3CCCCC3c3cc(NC(=O)C4ON=C(c5ccccc5)O4)n[nH]3)cccc21,[BOS]Cn1ncc2c(C(=O)N3CCCC[C@H]3c3cc(NC(=O)[C@@H]4ON=C(c5ccccc5)O4)n[nH]3)cccc21[EOS],4938.342010736465,42
10.3,O=C(NCc1cccc(C(F)F)c1)c1ccc(CN2CCCCc3cc(F)ccc3Oc3ccccc32)cc1,[BOS]O=C(NCc1cccc(C(F)F)c1)c1ccc(CN2CCCCc3cc(F)ccc3Oc3ccccc32)cc1[EOS],9482.49456191063,42
10.7,O=C1c2ccccc2C(=O)c2c1cccc2-c1nnc(CCCN2C(=O)c3cccc4cccc(c34)C2=O)s1,[BOS]O=C1c2cccc3cccc(c23)C(=O)N1CCCc1nnc(-c2cccc3c2C(=O)c2ccccc2C3=O)s1[EOS],14390.761182785034,42
10.3,O=C(NCCC(=O)N1CCOC2(CCN(C(=O)C3Cc4ccccc4C3)C2)C1)c1c[nH]cc1-c1ccccc1,[BOS]O=C(NCCC(=O)N1CCO[C@]2(CCN(C(=O)C3Cc4ccccc4C3)C2)C1)c1c[nH]cc1-c1ccccc1[EOS],5415.635472774506,42
9.4,C[NH+]1CCCC(CNC(=O)NCc2ccc3c(c2)OCC3)C1c1ccc(C(F)(F)F)cc1,[BOS]C[NH+]1CCC[C@H](CNC(=O)NCc2ccc3c(c2)OCC3)[C@@H]1c1ccc(C(F)(F)F)cc1[EOS],10408.744931459427,42
10.1,CC(NC(=O)C1CCN(C(=O)OCC2c3ccccc3-c3ccccc32)CC1)c1nnc2n1CCCCC2,[BOS]C[C@@H](NC(=O)C1CCN(C(=O)OCC2c3ccccc3-c3ccccc32)CC1)c1nnc2n1CCCCC2[EOS][EOS],15615.885379552841,42
10.4,CC1Cc2cc(-c3cccc(NC(=O)N4CCC5(CC(=O)c6ccccc6O5)C4)c3)ccc2O1,[BOS]C[C@H]1Cc2cc(-c3cccc(NC(=O)N4CC[C@]5(CC(=O)c6ccccc6O5)C4)c3)ccc2O1[EOS],4162.373051166534,42
9.9,c1ccc(C2COC3(CCCN(c4ccc5cc(-c6nn[n-]n6)ccc5c4)C3)C2)cc1,[BOS]c1ccc([C@H]2CO[C@@]3(CCCN(c4ccc5cc(-c6nn[n-]n6)ccc5c4)C3)C2)cc1[EOS],7879.925269842148,42
10.4,Cc1cc(F)cc(C(=O)N2CCCCC2c2cc(NC(=O)C3CCc4[nH]c(=O)[nH]c(=O)c4C3)n[nH]2)c1,[BOS]Cc1cc(F)cc(C(=O)N2CCCC[C@@H]2c2cc(NC(=O)[C@H]3CCc4[nH]c(=O)[nH]c(=O)c4C3)n[nH]2)c1[EOS],12717.52117562294,42
10.1,Cc1c(C(=O)Nc2cc(C3CCCCN3C(=O)C3CCCCC3(F)F)[nH]n2)ccc2c1OCCO2,[BOS]Cc1c(C(=O)Nc2cc([C@@H]3CCCCN3C(=O)[C@H]3CCCCC3(F)F)[nH]n2)ccc2c1OCCO2[EOS],4788.837181329727,42
11.0,O=C(Cc1ccc(NC(=O)N2CCCC2c2nnc3ccccn23)cc1)N1CCCc2ccccc21,[BOS]O=C(Nc1ccc(CC(=O)N2CCCc3ccccc32)cc1)N1CCC[C@H]1c1nnc2ccccn12[EOS],9472.386117696762,42
9.5,Fc1ccc(Cc2noc(-c3cnn(-c4ccc(N5CCNCC5)nn4)c3Cc3ccccc3)c2-c2nn[nH]n2)c(F)n1,[BOS]Fc1ccc(Cc2noc(-c3cnn(-c4ccc(N5CCNCC5)nn4)c3Cc3ccccc3)c2-c2nn[nH]n2)c(F)n1[EOS],13745.80981016159,42
10.5,Cc1ccc(CNC(=O)c2cn(C(C)c3nc4ccccc4c(=O)[nH]3)nn2)c2ccccc12,[BOS]Cc1ccc(CNC(=O)c2cn([C@H](C)c3nc4ccccc4c(=O)[nH]3)nn2)c2ccccc12[EOS],4498.136921405792,42
10.2,O=C1CC(C(=O)Nc2cc(C3CCCCN3C(=O)C3CCc4ccccc43)[nH]n2)=Cc2ccccc2N1,[BOS]O=C(Nc1cc([C@H]2CCCCN2C(=O)[C@@H]2CCc3ccccc32)[nH]n1)C1=Cc2ccccc2NC(=O)C1[EOS],9321.308656454086,42
9.9,O=C(Cc1ccc(F)cc1)Nc1cc(C2CCCCN2C(=O)C2CC2c2ccccc2)[nH]n1,[BOS]O=C(Cc1ccc(F)cc1)Nc1cc([C@@H]2CCCCN2C(=O)[C@@H]2C[C@@H]2c2ccccc2)[nH]n1[EOS],14087.444388866425,42
9.9,Cc1ccc(C(=O)N2CCCCC2c2cc(NC(=O)c3[nH]nc4c(C)cccc34)n[nH]2)c(C)c1F,[BOS]Cc1ccc(C(=O)N2CCCC[C@H]2c2cc(NC(=O)c3[nH]nc4c(C)cccc34)n[nH]2)c(C)c1F[EOS][EOS][EOS][EOS],4501.445172548294,42
9.5,O=C(NCC1CCN(C(=O)C2CCc3ccccc3C2)C1C1C=c2ccccc2=[NH+]C1=O)C1=COCCC1,[BOS]O=C(NC[C@@H]1CCN(C(=O)[C@H]2CCc3ccccc3C2)[C@H]1[C@@H]1C=c2ccccc2=[NH+]C1=O)C1=COCCC1[EOS],9674.833792448044,42
10.9,Clc1sc2nc(Cc3c[nH]c4ccc(Br)cc34)cc(-c3ccccc3)c2c1-n1c2ccccc2c2cc3ccccc3cc21,[BOS]Clc1sc2nc(Cc3c[nH]c4ccc(Br)cc34)cc(-c3ccccc3)c2c1-n1c2ccccc2c2cc3ccccc3cc21[EOS],14229.342653751373,42
9.9,O=C(Nc1cc(C2CCCCN2C(=O)c2cc(-c3ccccc3)on2)[nH]n1)C1=NOC(c2ccccc2)C1,[BOS]O=C(Nc1cc([C@@H]2CCCCN2C(=O)c2cc(-c3ccccc3)on2)[nH]n1)C1=NO[C@@H](c2ccccc2)C1[EOS][EOS][EOS][EOS][EOS][EOS][EOS],4836.458837747574,42
10.8,Cc1ccc(CCC(=O)Nc2cc(C3CCCCN3C(=O)c3ccc4cc[nH]c4c3)[nH]n2)c2ccccc12,[BOS]Cc1ccc(CCC(=O)Nc2cc([C@H]3CCCCN3C(=O)c3ccc4cc[nH]c4c3)[nH]n2)c2ccccc12[EOS],10190.964536428452,42
9.8,Cc1ccc(C2C(c3ccc(OCc4ccccc4)cc3)=C(O)C(=O)N2c2ccc(Oc3ccccc3)cc2)c(C)c1,[BOS]Cc1ccc(C2C(c3ccc(OCc4ccccc4)cc3)=C(O)C(=O)N2c2ccc(Oc3ccccc3)cc2)c(C)c1[EOS],15283.167392730713,42
9.4,Cc1cc2nn(C[NH+]3CCN(c4ncnc5ccccc45)CC3)c(=S)n2c2ccccc12,[BOS]Cc1cc2nn(C[NH+]3CCN(c4ncnc5ccccc45)CC3)c(=S)n2c2ccccc12[EOS],4565.57949590683,42
10.4,O=C(CC1OCCc2ccccc21)Nc1cc(C2CCCCN2C(=O)c2ccnc3c(O)cccc23)[nH]n1,[BOS]O=C(C[C@H]1OCCc2ccccc21)Nc1cc([C@@H]2CCCCN2C(=O)c2ccnc3c(O)cccc23)[nH]n1[EOS],9595.439426660538,42
10.8,O=C1CC(C(=O)N2CCCCC2c2cc(NC(=O)C3CNc4ccccc43)n[nH]2)=Cc2ccccc2N1,[BOS]O=C(Nc1cc([C@H]2CCCCN2C(=O)C2=Cc3ccccc3NC(=O)C2)[nH]n1)[C@@H]1CNc2ccccc21[EOS],14376.553459644318,42
9.9,Cc1nc(C(=O)Nc2cc(C3CCCCN3C(=O)C(C)Cc3[nH]nc4ccccc34)[nH]n2)c(=O)[nH]c1C,[BOS]Cc1nc(C(=O)Nc2cc([C@@H]3CCCCN3C(=O)[C@@H](C)Cc3[nH]nc4ccccc34)[nH]n2)c(=O)[nH]c1C[EOS],4938.570524215698,42
9.9,NC(c1ccnc(Br)c1)c1c(Cc2cccc3c2Cc2ccccc2C3)c(-c2cnc3ccccc3c2)c(Cl)c2ccccc12,[BOS]NC(c1ccnc(Br)c1)c1c2ccccc2c(Cl)c(-c2cnc3ccccc3c2)c1Cc1cccc2c1Cc1ccccc1C2[EOS],9412.094624996185,42
10.3,O=C1Nc2cnc(-c3ccc4cc(OCc5ccccc5)ccc4c3)nc2N(C2CCCC2)CC12CCOCC2,[BOS]O=C1Nc2cnc(-c3ccc4cc(OCc5ccccc5)ccc4c3)nc2N(C2CCCC2)CC12CCOCC2[EOS],13764.320790052414,42
9.4,CC1(C(=O)N2C3CCC2C(NC(=O)C2CC(=O)Nc4ccccc42)C3)CC=CC1,[BOS]CC1(C(=O)N2[C@@H]3CC[C@H]2[C@H](NC(=O)[C@H]2CC(=O)Nc4ccccc42)C3)CC=CC1[EOS],3961.3150866031647,42
10.4,O=C(NC1CCc2nc(NC(=O)C3C4CCCC3c3ccccc3N4)sc2C1)c1ccc(Cl)nc1F,[BOS]O=C(N[C@H]1CCc2nc(NC(=O)[C@H]3[C@@H]4CCC[C@H]3c3ccccc3N4)sc2C1)c1ccc(Cl)nc1F[EOS],8346.49426651001,42
10.6,O=C(Nc1cc(C2CCCCN2C(=O)CC2OCCc3ccccc32)[nH]n1)C1=NOC(c2ccccc2)C1,[BOS]O=C(Nc1cc([C@H]2CCCCN2C(=O)C[C@@H]2OCCc3ccccc32)[nH]n1)C1=NO[C@H](c2ccccc2)C1[EOS],13277.1199593544,42
9.6,O=C(c1cc(Br)ccc1Cl)N1CC(O)=NC(CC2CCCC2)C(O)=NCc2ccccc2-c2ccccc2C1,[BOS]O=C(c1cc(Br)ccc1Cl)N1Cc2ccccc2-c2ccccc2CN=C(O)C(CC2CCCC2)N=C(O)C1[EOS][EOS][EOS][EOS][EOS][EOS][EOS][EOS],4578.778637886047,42
9.6,O=C(NCC1Cc2ccccc2C1)C(=O)NC1CCOc2ccccc2-c2n[nH]cc2-c2cn[nH]c2C1,[BOS]O=C(NCC1Cc2ccccc2C1)C(=O)N[C@@H]1CCOc2ccccc2-c2n[nH]cc2-c2cn[nH]c2C1[EOS],9015.915951251984,42
10.0,O=C(Nc1cc(C2CCCCN2C(=O)C2CCc3ccccc3C2)[nH]n1)c1c[nH]c(-c2ccc(F)cc2)c1,[BOS]O=C(Nc1cc([C@H]2CCCCN2C(=O)[C@H]2CCc3ccccc3C2)[nH]n1)c1c[nH]c(-c2ccc(F)cc2)c1[EOS][EOS][EOS][EOS][EOS][EOS][EOS][EOS],13700.529149055481,42
9.2,Cc1nc(-c2ccncc2)[nH]c(=O)c1Cc1nc(-c2cccc(Cn3cnc4ccccc43)c2)no1,[BOS]Cc1nc(-c2ccncc2)[nH]c(=O)c1Cc1nc(-c2cccc(Cn3cnc4ccccc43)c2)no1[EOS],4230.465752363205,42
9.3,COc1ccc2[nH]nc(NC(=O)C3CC3c3cccc4ccccc34)c2c1,[BOS]COc1ccc2[nH]nc(NC(=O)[C@H]3C[C@H]3c3cccc4ccccc34)c2c1[EOS],8228.313969135284,42
11.1,O=C(NCc1ccc(N2CCc3ccccc3C2)nc1)N(C1CC1)C1CCCCC1C1NC(O)=NCC1C1CCCC12CC2,[BOS]O=C(NCc1ccc(N2CCc3ccccc3C2)nc1)N(C1CC1)[C@H]1CCCC[C@H]1[C@H]1NC(O)=NC[C@@H]1[C@@H]1CCCC12CC2[EOS],12751.313967227936,42
10.6,O=C(c1cccc(-n2c([O-])c(-c3cccc4ccccc34)[nH]c2=O)c1)N1CC2CC3CC(C2)CC1C3,[BOS]O=C(c1cccc(-n2c([O-])c(-c3cccc4ccccc34)[nH]c2=O)c1)N1CC2C[C@H]3C[C@@H](C2)C[C@H]1C3[EOS],4463.693208456039,42
10.4,CC1(C(=O)N2C3CCC2CC(NC(=O)c2cc4oc(-c5ccccc5)cc4[nH]2)C3)CC1(F)F,[BOS]C[C@]1(C(=O)N2[C@@H]3CC[C@H]2C[C@@H](NC(=O)c2cc4oc(-c5ccccc5)cc4[nH]2)C3)CC1(F)F[EOS][EOS][EOS],8683.910605430603,42
9.9,CC(NC(=O)N1CCN(C(=O)c2ccc3c(c2)OCO3)CC1)c1nc(-c2cccc(F)c2)no1,[BOS]C[C@H](NC(=O)N1CCN(C(=O)c2ccc3c(c2)OCO3)CC1)c1nc(-c2cccc(F)c2)no1[EOS],13044.061681509018,42
9.8,Cc1cccc(C2CCCN2C(=O)Nc2ccc(S(=O)(=O)c3ccc(F)cc3)cc2)c1C,[BOS]Cc1cccc([C@@H]2CCCN2C(=O)Nc2ccc(S(=O)(=O)c3ccc(F)cc3)cc2)c1C[EOS],4351.5569813251495,42
8.8,Cc1ccc(=O)n(C(C)(C)C(=O)N2CCC3COC(CNC(=O)C4(C(=O)Nc5ccccc5)CC4)C3C2)n1,[BOS]Cc1ccc(=O)n(C(C)(C)C(=O)N2CC[C@H]3CO[C@@H](CNC(=O)C4(C(=O)Nc5ccccc5)CC4)[C@H]3C2)n1[EOS],9315.904777526855,42
10.9,Cn1c(C(=O)[NH+]=C(N)c2ccc3ccccc3n2)cc2c1-c1ncccc1OC21CCN(C(=O)[O-])CC1,[BOS]Cn1c(C(=O)[NH+]=C(N)c2ccc3ccccc3n2)cc2c1-c1ncccc1OC21CCN(C(=O)[O-])CC1[EOS],13434.860296964645,42
11.1,O=C(Cc1cccc2ccccc12)N1CCN(c2nc(-c3ccccc3)nc3sc4c(c23)CCCC4)CC1,[BOS]O=C(Cc1cccc2ccccc12)N1CCN(c2nc(-c3ccccc3)nc3sc4c(c23)CCCC4)CC1[EOS],4513.635331392288,42
9.7,O=C(CCC1CNc2ccccc2C1)N1CCOC2(CCN(C(=O)Cc3ccc4c(c3)OCO4)C2)C1,[BOS]O=C(CC[C@H]1CNc2ccccc2C1)N1CCO[C@@]2(CCN(C(=O)Cc3ccc4c(c3)OCO4)C2)C1[EOS][EOS][EOS],9883.483253717422,42
9.2,O=C(NC1(c2cccc(F)c2)CCCCC1)N1CCC2(C1)OCc1ccccc12,[BOS]O=C(NC1(c2cccc(F)c2)CCCCC1)N1CCC2(C1)OCc1ccccc12[EOS][EOS][EOS][EOS][EOS][EOS][EOS],14349.503520727158,42
10.1,Cc1ccc2cc(C(c3nnnn3C3CCCCC3)[NH+]3CCC(c4ccccc4)CC3)c(Cl)nc2c1C,[BOS]Cc1ccc2cc([C@@H](c3nnnn3[C@@H]3CCCCC3)[NH+]3CCC(c4ccccc4)CC3)c(Cl)nc2c1C[EOS][EOS][EOS][EOS][EOS][EOS],5462.820374011993,42
10.4,O=C(Cc1noc(-c2cccc(-c3ccc4c(c3)OCO4)n2)n1)N1CCc2ccccc21,[BOS]O=C(Cc1noc(-c2cccc(-c3ccc4c(c3)OCO4)n2)n1)N1CCc2ccccc21[EOS],10324.848165273666,42
10.4,O=C(Nc1cc(C2CCCCN2C(=O)C2C3CCCC2c2ccccc2N3)[nH]n1)c1cc2ccccc2o1,[BOS]O=C(Nc1cc([C@@H]2CCCCN2C(=O)[C@@H]2[C@@H]3CCC[C@H]2c2ccccc2N3)[nH]n1)c1cc2ccccc2o1[EOS],14959.994505405426,42
10.2,Cc1cc2cccc(C(=O)NC3(c4ccc(NC(=O)C5CCC(=O)NC5)cc4)CCC3)c2[nH]1,[BOS]Cc1cc2cccc(C(=O)NC3(c4ccc(NC(=O)[C@H]5CCC(=O)NC5)cc4)CCC3)c2[nH]1[EOS][EOS][EOS][EOS][EOS],5513.236642837524,42
10.0,Cc1cccc(-c2cccc(C(=O)Nc3ccc(Cl)c(C(=O)Nc4ccccc4)c3)c2)c1,[BOS]Cc1cccc(-c2cccc(C(=O)Nc3ccc(Cl)c(C(=O)Nc4ccccc4)c3)c2)c1[EOS],9780.927164077759,42
10.2,O=C(C=CC(=O)c1ccc(O)cc1F)Nc1cc(C2CCCCN2C(=O)C2CCC(F)(F)CC2)[nH]n1,[BOS]O=C(C=CC(=O)Nc1cc([C@H]2CCCCN2C(=O)C2CCC(F)(F)CC2)[nH]n1)c1ccc(O)cc1F[EOS],14413.158382892609,42
10.5,O=C(Nc1cc(C2CCCCN2C(=O)C2CCC(F)(F)CC2)[nH]n1)C1=NOC(c2ccccc2)C1,[BOS]O=C(Nc1cc([C@@H]2CCCCN2C(=O)C2CCC(F)(F)CC2)[nH]n1)C1=NO[C@@H](c2ccccc2)C1[EOS],4900.033809185028,42
10.4,[H][NH+]=C1C(=Cc2cn(Cc3ccc4ccccc4c3)c3ccccc23)C(=O)[NH+]=C2SC(c3ccccc3C)NN21,[BOS][H]/[NH+]=C1/C(=Cc2cn(Cc3ccc4ccccc4c3)c3ccccc23)C(=O)[NH+]=C2S[C@@H](c3ccccc3C)NN21[EOS][EOS][EOS],9588.424587965012,42
10.0,O=C(c1cc(C(F)(F)F)nc2ccccc12)N1CCC2C1CCN2C(=O)C1CCc2nc[nH]c2C1,[BOS]O=C(c1cc(C(F)(F)F)nc2ccccc12)N1CC[C@H]2[C@@H]1CCN2C(=O)[C@H]1CCc2nc[nH]c2C1[EOS][EOS][EOS][EOS],14190.591760635376,42
11.1,O=C(Nc1nonc1-c1coc(=O)c2c1ccc1ccccc12)c1ccc(-c2nc3ccccc3o2)cc1,[BOS]O=C(Nc1nonc1-c1coc(=O)c2c1ccc1ccccc12)c1ccc(-c2nc3ccccc3o2)cc1[EOS],4345.672477722168,42
10.4,CC(c1ccc2ccccc2c1)c1nc(COc2ccc3c(c2)OCCC3=O)sc1-c1cccc(CC(F)(F)F)c1,[BOS]C[C@@H](c1ccc2ccccc2c1)c1nc(COc2ccc3c(c2)OCCC3=O)sc1-c1cccc(CC(F)(F)F)c1[EOS],9091.638620376587,42
9.8,O=C(C(=O)N1CCC(C2CCCCN2C(=O)C2CCCN2C(=O)c2ccc(F)cc2)CC1)c1ccco1,[BOS]O=C(C(=O)N1CCC([C@H]2CCCCN2C(=O)[C@@H]2CCCN2C(=O)c2ccc(F)cc2)CC1)c1ccco1[EOS][EOS][EOS][EOS][EOS][EOS][EOS][EOS],13739.560140371323,42
11.5,O=C(c1ccc2[nH]c(-c3nc4ccccc4n3CCc3ccccc3)cc2c1)N1CC(c2cccc(F)c2)OC12CCCCC2,[BOS]O=C(c1ccc2[nH]c(-c3nc4ccccc4n3CCc3ccccc3)cc2c1)N1C[C@@H](c2cccc(F)c2)OC12CCCCC2[EOS],5017.701104640961,42
9.5,O=C(c1nc2ccccn2n1)N1CCC2(C1)CN(C(=O)c1n[nH]c3ccc(-c4ccccc4)cc13)CCO2,[BOS]O=C(c1nc2ccccn2n1)N1CC[C@@]2(C1)CN(C(=O)c1n[nH]c3ccc(-c4ccccc4)cc13)CCO2[EOS][EOS][EOS][EOS][EOS][EOS],9279.396599054337,42
10.7,CC1CCc2c1n[nH]c2C(=O)N1CCCCC1c1cc(NC(=O)C2=Cc3ccccc3NC(=O)C2)n[nH]1,[BOS]C[C@@H]1CCc2c1n[nH]c2C(=O)N1CCCC[C@H]1c1cc(NC(=O)C2=Cc3ccccc3NC(=O)C2)n[nH]1[EOS],14101.673673152924,42
10.5,O=C1CCC(c2cccc(NC(=O)NCc3ccnc(N4CC=C(c5ccccc5)c5ncccc54)c3)c2)N1,[BOS]O=C1CC[C@@H](c2cccc(NC(=O)NCc3ccnc(N4CC=C(c5ccccc5)c5ncccc54)c3)c2)N1[EOS],5125.5982275009155,42
11.5,O=C1c2ccccc2C2C[NH+](Cc3c4c(nc5ccccc35)CCCCc3ccccc3-4)CCN12,[BOS]O=C1c2ccccc2[C@H]2C[NH+](Cc3c4c(nc5ccccc35)CCCCc3ccccc3-4)CCN12[EOS],10102.048717737198,42
9.5,Cc1ccccc1C1=NOC(C(=O)Nc2cccc(-c3cc4ccccc4o3)c2)C1,[BOS]Cc1ccccc1C1=NO[C@H](C(=O)Nc2cccc(-c3cc4ccccc4o3)c2)C1[EOS],14067.106961727142,42
10.0,Cc1ccccc1-n1nc(C(=O)Nc2ccc(Cl)c(S(=O)(=O)Nc3ccccc3F)c2)cc1-c1cccc(Cl)c1,[BOS]Cc1ccccc1-n1nc(C(=O)Nc2ccc(Cl)c(S(=O)(=O)Nc3ccccc3F)c2)cc1-c1cccc(Cl)c1[EOS][EOS],4513.253381967545,42
9.3,CC1CCc2ccccc2C1NC(=O)c1ccc(S(=O)(=O)NCc2ccco2)cc1,[BOS]C[C@@H]1CCc2ccccc2[C@H]1NC(=O)c1ccc(S(=O)(=O)NCc2ccco2)cc1[EOS][EOS][EOS][EOS][EOS][EOS],8888.697654724121,42
9.0,CC(NC(=O)C1CCCc2ccccc21)c1ccc2c(c1)CCC(=O)N2C,[BOS]C[C@@H](NC(=O)[C@@H]1CCCc2ccccc21)c1ccc2c(c1)CCC(=O)N2C[EOS],13087.36090683937,42
10.1,Cc1ccc(C2CC(c3ccccc3Br)n3c(sc(=C4Nc5cc(C)c(C)cc5S4)c3=O)=N2)cc1,[BOS]Cc1ccc([C@H]2C[C@@H](c3ccccc3Br)N3C(=N2)SC(=C2Nc4cc(C)c(C)cc4S2)C3=O)cc1[EOS],4093.0004422664642,42
9.7,O=C(NCC1CCCC[NH2+]1)Nc1ccc(Oc2cccc3ccccc23)cc1,[BOS]O=C(NC[C@@H]1CCCC[NH2+]1)Nc1ccc(Oc2cccc3ccccc23)cc1[EOS],9124.313745260239,42
10.2,COc1ccc2[nH]cc(C(=O)N3CCCCC3c3cc(NC(=O)C4CCc5[nH]c(=O)[nH]c(=O)c5C4)n[nH]3)c2c1,[BOS]COc1ccc2[nH]cc(C(=O)N3CCCC[C@H]3c3cc(NC(=O)[C@@H]4CCc5[nH]c(=O)[nH]c(=O)c5C4)n[nH]3)c2c1[EOS],14042.007400751114,42
9.9,O=C(NC1C2COCC1CN(C(=O)C1=NOC(c3ccccc3)C1)C2)C1CCCC2CCCCC21,[BOS]O=C(N[C@H]1[C@@H]2COC[C@H]1CN(C(=O)C1=NO[C@@H](c3ccccc3)C1)C2)[C@@H]1CCC[C@@H]2CCCC[C@@H]21[EOS],4563.442591905594,42
10.8,O=C(c1ccc(-c2coc3ccc(F)cc23)cc1)N1CC(c2ccccc2)C2(COc3ccccc3N=C2O)C1,[BOS]O=C(c1ccc(-c2coc3ccc(F)cc23)cc1)N1C[C@H](c2ccccc2)[C@@]2(C1)COc1ccccc1N=C2O[EOS],8802.79186964035,42
10.9,[N-]=[N+]=NC1CCC(N(c2cccc3ccccc23)C(c2ccc3ccc4c5ccccc5oc4c3c2)c2cccc3ccccc23)CC1,[BOS][N-]=[N+]=NC1CCC(N(c2cccc3ccccc23)C(c2cccc3ccccc23)c2ccc3ccc4c(c3c2)oc2ccccc24)CC1[EOS][EOS][EOS],13947.423165082932,42
9.8,O=C(c1cc(F)ccc1-c1cccc(C(F)(F)F)c1)N1Cc2ccccc2C(c2ccccc2)C1,[BOS]O=C(c1cc(F)ccc1-c1cccc(C(F)(F)F)c1)N1Cc2ccccc2[C@H](c2ccccc2)C1[EOS],4292.920443534851,42
10.7,O=C(C1=NOc2ccccc2C(c2cc3ccccc3[nH]c2=S)C1)c1ccc(C(=O)c2ccccc2)cc1,[BOS]O=C(C1=NOc2ccccc2[C@@H](c2cc3ccccc3[nH]c2=S)C1)c1ccc(C(=O)c2ccccc2)cc1[EOS],8707.126574754715,42
10.6,O=S(=O)(c1cccc2c(Cl)c(Cn3ccc(-c4cnn(C5CCCCO5)c4)n3)ccc12)N1C2CCC(CC2)C1C1CCCCC1,[BOS]O=S(=O)(c1cccc2c(Cl)c(Cn3ccc(-c4cnn(C5CCCCO5)c4)n3)ccc12)N1C2CCC(CC2)[C@@H]1C1CCCCC1[EOS],13591.378072023392,42
9.9,Cc1noc2nc(-c3ccccc3F)cc(-c3nc(Cc4cccc5ccccc45)no3)c12,[BOS]Cc1noc2nc(-c3ccccc3F)cc(-c3nc(Cc4cccc5ccccc45)no3)c12[EOS],4500.031135082245,42
9.7,O=C(NCc1ccc(N2CCCCC2)cc1)N1CC=C(c2c[nH]c3ccccc23)CC1,[BOS]O=C(NCc1ccc(N2CCCCC2)cc1)N1CC=C(c2c[nH]c3ccccc23)CC1[EOS],8892.74619269371,42
9.7,Cc1nn(C)c(C(=O)Nc2cc(C3CCCCN3C(=O)C3CC3c3ccc(Cl)cc3)[nH]n2)c1F,[BOS]Cc1nn(C)c(C(=O)Nc2cc([C@@H]3CCCCN3C(=O)[C@H]3C[C@H]3c3ccc(Cl)cc3)[nH]n2)c1F[EOS],13217.414630174637,42
10.3,CC12CCC(=O)N1c1ccccc1C(=O)N2CCc1ccc(N2CCC(n3cc(F)cc([N+](=O)[O-])c3=O)C2)cc1,[BOS]C[C@@]12CCC(=O)N1c1ccccc1C(=O)N2CCc1ccc(N2CCC(n3cc(F)cc([N+](=O)[O-])c3=O)C2)cc1[EOS],4684.882948875427,42
10.8,Cc1ncccc1C(=O)N1CCCCC1c1cc(NC(=O)CCc2ccc(C)c3ccccc23)n[nH]1,[BOS]Cc1ccc(CCC(=O)Nc2cc([C@@H]3CCCCN3C(=O)c3cccnc3C)[nH]n2)c2ccccc12[EOS],9871.05352640152,42
9.4,Cc1cncc(CCC(=O)Nc2cc(C3CCCCN3C(=O)C3=C4c5ccccc5C(=O)N4CC3)[nH]n2)c1,[BOS]Cc1cncc(CCC(=O)Nc2cc([C@@H]3CCCCN3C(=O)C3=C4c5ccccc5C(=O)N4CC3)[nH]n2)c1[EOS][EOS][EOS][EOS][EOS][EOS][EOS],14808.170409679413,42
11.2,O=S(=O)(c1ccc2c(c1)nnn2CC=Cc1ccccc1)N1C(C(O)=NC2CCCCCCC2)CCC2CCCCC21,[BOS]O=S(=O)(c1ccc2c(c1)nnn2CC=Cc1ccccc1)N1[C@@H]2CCCC[C@H]2CC[C@H]1C(O)=NC1CCCCCCC1[EOS],6102.951732635498,42
9.6,Cc1c(NC(=O)N2CCC(c3ccc(F)c(F)c3)CC2)cccc1C(=O)N1CCc2sccc2C1,[BOS]Cc1c(NC(=O)N2CCC(c3ccc(F)c(F)c3)CC2)cccc1C(=O)N1CCc2sccc2C1[EOS],10182.810817480087,42
9.6,O=C1CCC(C(=O)Nc2cc(C3CCCCN3C(=O)c3cc(=O)[nH]c4ccccc34)[nH]n2)CCN1,[BOS]O=C1CC[C@H](C(=O)Nc2cc([C@@H]3CCCCN3C(=O)c3cc(=O)[nH]c4ccccc34)[nH]n2)CCN1[EOS],14695.14703130722,42
9.5,CC1C(Cc2ccccc2)CCN1C(=O)Nc1ccc2c(c1)OCC(C)(C)C(=O)N2C,[BOS]C[C@@H]1[C@@H](Cc2ccccc2)CCN1C(=O)Nc1ccc2c(c1)OCC(C)(C)C(=O)N2C[EOS],4085.515564441681,42
9.8,O=C(c1ccc(F)cc1F)c1ccc(CC(=O)N2N=C(c3ccccc3O)CC2c2ccc(F)cc2)cc1Br,[BOS]O=C(c1ccc(F)cc1F)c1ccc(CC(=O)N2N=C(c3ccccc3O)C[C@H]2c2ccc(F)cc2)cc1Br[EOS][EOS][EOS][EOS][EOS][EOS][EOS],8589.399374961853,42
9.8,Cc1nc2ncccc2cc1C(=O)NC1CC2CCC(C1)N2C(=O)c1ccc2cccnc2n1,[BOS]Cc1nc2ncccc2cc1C(=O)N[C@H]1C[C@H]2CC[C@@H](C1)N2C(=O)c1ccc2cccnc2n1[EOS],12978.08564376831,42
9.9,O=C(Nc1ccc(S(=O)(=O)c2ccc(F)cc2)cc1)Nc1ccn(Cc2ccccc2)n1,[BOS]O=C(Nc1ccn(Cc2ccccc2)n1)Nc1ccc(S(=O)(=O)c2ccc(F)cc2)cc1[EOS],4355.718137264252,42
9.7,Cc1ccc(C(=O)C(=O)Nc2cc(C3CCCCN3C(=O)C(C)Cc3ccccc3)[nH]n2)cc1,[BOS]Cc1ccc(C(=O)C(=O)Nc2cc([C@@H]3CCCCN3C(=O)[C@H](C)Cc3ccccc3)[nH]n2)cc1[EOS],9075.839578151703,42
9.5,CC(=O)N1CCc2cc(NC(=O)N3CC4(CCC4)c4ccccc43)ccc21,[BOS]CC(=O)N1CCc2cc(NC(=O)N3CC4(CCC4)c4ccccc43)ccc21[EOS],12710.126537799835,42
10.5,O=C(Nc1c2c(nc3ccccc13)C(=Cc1ccc(F)cc1)CC2)c1ccc(CSc2ccc(C(F)(F)F)cn2)cc1F,[BOS]O=C(Nc1c2c(nc3ccccc13)C(=Cc1ccc(F)cc1)CC2)c1ccc(CSc2ccc(C(F)(F)F)cn2)cc1F[EOS],4565.68354344368,42
10.3,Cc1cc(F)c(F)c(C(=O)NC2(c3ccc(NC(=O)C4=Cc5ccccc5NC(=O)C4)cc3)CCC2)c1,[BOS]Cc1cc(F)c(F)c(C(=O)NC2(c3ccc(NC(=O)C4=Cc5ccccc5NC(=O)C4)cc3)CCC2)c1[EOS],9800.074737787247,42
9.5,O=C(C1C[NH2+]C(c2cccc(C(F)(F)F)c2)C1)N1CCC2(CCC(=O)N2Cc2ccccc2)CC1,[BOS]O=C([C@H]1C[NH2+][C@H](c2cccc(C(F)(F)F)c2)C1)N1CCC2(CCC(=O)N2Cc2ccccc2)CC1[EOS][EOS],14158.686761379242,42
9.4,O=C(Nc1cccc(CCc2ccccn2)c1)c1cc2c(ccc3ccccc32)[nH]1,[BOS]O=C(Nc1cccc(CCc2ccccn2)c1)c1cc2c(ccc3ccccc32)[nH]1[EOS][EOS][EOS][EOS][EOS][EOS][EOS][EOS],4272.9204914569855,42
10.6,CC1OCCc2cc(NC(=O)NN=c3c4ccccc4[nH]c4ccc(Cl)cc34)ncc2N1C(=O)Nc1ccc(Cl)cn1,[BOS]C[C@@H]1OCCc2cc(NC(=O)NN=c3c4ccccc4[nH]c4ccc(Cl)cc34)ncc2N1C(=O)Nc1ccc(Cl)cn1[EOS],8071.415110111237,42
9.3,CC1Oc2ccc(C(=O)N3CCC4(C3)CN(C(=O)C3c5cc(F)ccc5CN3C)CCO4)cc2NC1=O,[BOS]C[C@@H]1Oc2ccc(C(=O)N3CC[C@@]4(CN(C(=O)C5c6cc(F)ccc6CN5C)CCO4)C3)cc2NC1=O[EOS][EOS][EOS][EOS][EOS][EOS][EOS],12402.534951925278,42
10.3,Cc1cccc(C(=O)N2CCOCC3(C2)CN(C(=O)C2CCCC4CCCCC42)CCO3)c1F,[BOS]Cc1cccc(C(=O)N2CCOC[C@]3(C2)CN(C(=O)[C@@H]2CCC[C@@H]4CCCC[C@H]42)CCO3)c1F[EOS],4297.2262353897095,42
9.6,Oc1ccc(N=Nc2c(OC3CCCc4c(Cl)cccc43)cc(-c3ccccc3)c3ccccc23)cc1O,[BOS]Oc1ccc(/N=N\c2c(O[C@H]3CCCc4c(Cl)cccc43)cc(-c3ccccc3)c3ccccc23)cc1O[EOS],8730.75715637207,42
9.3,[H][NH+]=C1C(=Cc2ccc(OCc3ccc(Cl)cc3Cl)c(Cl)c2)C(=O)[NH+]=C2SC(S(C)(=O)=O)=NN21,[BOS][H]/[NH+]=C1/C(=Cc2ccc(OCc3ccc(Cl)cc3Cl)c(Cl)c2)C(=O)[NH+]=C2SC(S(C)(=O)=O)=NN21[EOS][EOS][EOS][EOS],13161.945898294449,42
9.9,O=C(c1nc2c(=O)[nH]c3ccccc3n2n1)N1CCCC2(CCN(C(=O)C3CCC=CO3)CC2)C1,[BOS]O=C(c1nc2c(=O)[nH]c3ccccc3n2n1)N1CCCC2(CCN(C(=O)[C@H]3CCC=CO3)CC2)C1[EOS][EOS],4661.137132406235,42
9.8,OC12CC3CC(C1)CC(c1nc(-c4ccc(C[NH+]5CCN(c6ccccn6)CC5)cn4)no1)(C3)C2,[BOS]O[C@]12C[C@@H]3C[C@@H](C1)CC(c1nc(-c4ccc(C[NH+]5CCN(c6ccccn6)CC5)cn4)no1)(C3)C2[EOS],9231.349979162216,42
9.8,Cc1cc(=O)c(C(=O)Nc2ccc3nc(C[NH+]4CCCCC4)[nH]c3c2)nn1-c1cccc(C(F)(F)F)c1,[BOS]Cc1cc(=O)c(C(=O)Nc2ccc3nc(C[NH+]4CCCCC4)[nH]c3c2)nn1-c1cccc(C(F)(F)F)c1[EOS][EOS][EOS][EOS][EOS][EOS][EOS],14047.195132017136,42
9.4,O=C(c1c[nH]c(-c2ccc(F)cc2)c1)N1CCC2(CCCN(C(=O)c3ccc(O)cc3)C2)CC1,[BOS]O=C(c1ccc(O)cc1)N1CCCC2(CCN(C(=O)c3c[nH]c(-c4ccc(F)cc4)c3)CC2)C1[EOS][EOS],4139.673533201218,42
9.6,FC(F)(F)C(c1nc(-c2cccc(-c3nc(-c4cccnc4)no3)c2)no1)c1c[nH]c2c(Cl)c(Cl)ccc12,[BOS]Clc1ccc2c([C@@H](c3nc(-c4cccc(-c5nc(-c6cccnc6)no5)c4)no3)C(F)(F)F)c[nH]c2c1Cl[EOS][EOS][EOS][EOS],8854.209530591965,42
9.7,O=C(NC1CC2CCC(C1)N2C(=O)C1CC1c1ccccc1)c1noc2c1CCCC2,[BOS]O=C(N[C@H]1C[C@H]2CC[C@@H](C1)N2C(=O)[C@H]1C[C@@H]1c1ccccc1)c1noc2c1CCCC2[EOS],13410.283515453339,42
10.2,O=C(NCC1CCCc2ccccc21)N1CCC(F)(F)C2(CC[NH+](Cc3ccccn3)C2)C1,[BOS]O=C(NC[C@@H]1CCCc2ccccc21)N1CCC(F)(F)[C@]2(CC[NH+](Cc3ccccn3)C2)C1[EOS],4204.756385087967,42
10.2,O=C(NC1C2COCC1CN(C(=O)C1CC1c1ccc(F)cc1)C2)C1C2CCCC1c1ccccc1N2,[BOS]O=C(N[C@H]1[C@@H]2COC[C@H]1CN(C(=O)[C@@H]1C[C@@H]1c1ccc(F)cc1)C2)[C@H]1[C@@H]2CCC[C@H]1c1ccccc1N2[EOS],8834.5406229496,42
9.9,Cc1cc(C)cc(CCC(=O)N2CCC3(C2)CN(C(=O)C2C4CCCC2c2ccccc2N4)CCO3)c1,[BOS]Cc1cc(C)cc(CCC(=O)N2CC[C@@]3(C2)CN(C(=O)[C@@H]2[C@@H]4CCC[C@H]2c2ccccc2N4)CCO3)c1[EOS],13487.06705236435,42
9.7,Cc1ccc(N2CC(c3nnc(-c4cccc(S(=O)(=O)N5CCCCCC5)c4)o3)CC2=O)cc1F,[BOS]Cc1ccc(N2C[C@H](c3nnc(-c4cccc(S(=O)(=O)N5CCCCCC5)c4)o3)CC2=O)cc1F[EOS],4610.194269180298,42
9.2,CCc1nc2cc(CNC(=O)NCc3cn4cc(C)ccc4[nH+]3)ccc2n1C1CC1,[BOS]CCc1nc2cc(CNC(=O)NCc3cn4cc(C)ccc4[nH+]3)ccc2n1C1CC1[EOS],8997.19080233574,42
10.1,CC1(C(=O)N2CCCCC2c2cc(NC(=O)C3=Cc4ccccc4NC(=O)C3)n[nH]2)CC=CCC1,[BOS]C[C@@]1(C(=O)N2CCCC[C@@H]2c2cc(NC(=O)C3=Cc4ccccc4NC(=O)C3)n[nH]2)CC=CCC1[EOS],13395.18094778061,42
10.0,O=C1CCc2ccc(C(=O)N3CCCCC3c3cc(NC(=O)c4cccc5ccncc45)n[nH]3)cc21,[BOS]O=C(Nc1cc([C@@H]2CCCCN2C(=O)c2ccc3c(c2)C(=O)CC3)[nH]n1)c1cccc2ccncc12[EOS],5030.140304327011,42
9.8,O=C(CC1Cc2ccccc2C1)Nc1cc(C2CCCCN2C(=O)C2CC2c2ccccc2)[nH]n1,[BOS]O=C(CC1Cc2ccccc2C1)Nc1cc([C@H]2CCCCN2C(=O)[C@@H]2C[C@H]2c2ccccc2)[nH]n1[EOS][EOS][EOS][EOS][EOS][EOS][EOS][EOS],10312.83064866066,42
9.6,Cc1cncc(C(=O)N2CCCCC2c2cc(NC(=O)c3cnc4ccc(Cl)cc4c3)n[nH]2)c1,[BOS]Cc1cncc(C(=O)N2CCCC[C@@H]2c2cc(NC(=O)c3cnc4ccc(Cl)cc4c3)n[nH]2)c1[EOS],14566.27340555191,42
9.0,Cc1cc(NC(=O)c2ccc(CN=C(O)C34CC5CC(C)(CC(C)(C5)C3)C4)cc2)nn1C,[BOS]Cc1cc(NC(=O)c2ccc(CN=C(O)C34CC5(C)CC(C3)CC(C)(C5)C4)cc2)nn1C[EOS][EOS][EOS],4330.51628112793,42
10.6,Cc1ccc2nc(C(=O)N3CCCCC3c3cc(NC(=O)C4=Cc5ccccc5NC(=O)C4)n[nH]3)ccc2c1,[BOS]Cc1ccc2nc(C(=O)N3CCCC[C@H]3c3cc(NC(=O)C4=Cc5ccccc5NC(=O)C4)n[nH]3)ccc2c1[EOS][EOS][EOS][EOS][EOS][EOS],9345.27602648735,42
9.2,N#Cc1ccc(OC2CCN(c3nnc(CC4CCCC4)n3CC3CCOC3)CC2)c(F)c1,[BOS]N#Cc1ccc(OC2CCN(c3nnc(CC4CCCC4)n3C[C@@H]3CCOC3)CC2)c(F)c1[EOS],13670.755118370056,42
9.4,CC(C(=O)Nc1cc(C2CCCCN2C(=O)CCc2c[nH]c3ccccc23)[nH]n1)c1ccc(O)cc1,[BOS]C[C@H](C(=O)Nc1cc([C@H]2CCCCN2C(=O)CCc2c[nH]c3ccccc23)[nH]n1)c1ccc(O)cc1[EOS][EOS][EOS][EOS][EOS],4930.951418638229,42
9.7,O=C(NC1C2Cc3ccccc3C21)N1CCCCCC1c1noc(-c2ccccc2)n1,[BOS]O=C(N[C@@H]1[C@@H]2Cc3ccccc3[C@@H]21)N1CCCCC[C@H]1c1noc(-c2ccccc2)n1[EOS],8843.546595573425,42
9.3,O=C(NC(Cc1c[nH]c2ccccc12)C(=O)Nc1cc(CC2CCCCC2)[nH]n1)c1cccc(F)c1,[BOS]O=C(N[C@@H](Cc1c[nH]c2ccccc12)C(=O)Nc1cc(CC2CCCCC2)[nH]n1)c1cccc(F)c1[EOS][EOS][EOS][EOS][EOS],14079.252076148987,42
10.1,CC1Cc2ccc(C3Oc4ccccc4-c4nc5c(cc43)N=C(O)OC5)cc2N1Cc1cccc(F)c1F,[BOS]C[C@@H]1Cc2ccc([C@H]3Oc4ccccc4-c4nc5c(cc43)N=C(O)OC5)cc2N1Cc1cccc(F)c1F[EOS],4194.470998048782,42
10.3,O=C(N1CC=C(c2ccc3c(c2)CCO3)CC1)C12CC3CC(C1)CC(c1ccc(Cl)c(Cl)c1)(C3)C2,[BOS]O=C(N1CC=C(c2ccc3c(c2)CCO3)CC1)C12C[C@H]3C[C@@H](C1)CC(c1ccc(Cl)c(Cl)c1)(C3)C2[EOS],8179.937485933304,42
9.3,Cc1noc(CN2C(=O)COC3(C2=O)C2CC4CC(C2)CC3C4)c1C(=O)OCc1cc2ccccc2oc1=O,[BOS]Cc1noc(CN2C(=O)COC3(C2=O)C2CC4CC(C2)CC3C4)c1C(=O)OCc1cc2ccccc2oc1=O[EOS],12280.009758710861,42
9.8,Cc1cc(C)cc(CCC(=O)N2CCCCC2c2cc(NC(=O)c3ccc4nccnc4c3)n[nH]2)c1,[BOS]Cc1cc(C)cc(CCC(=O)N2CCCC[C@H]2c2cc(NC(=O)c3ccc4nccnc4c3)n[nH]2)c1[EOS],5039.186662435532,42
10.1,O=C(NC1C2COCC1CN(C(=O)C1C3CCCC1c1ccccc1N3)C2)C1CC1c1ccc(F)c(F)c1,[BOS]O=C(N[C@H]1[C@@H]2COC[C@H]1CN(C(=O)[C@H]1[C@@H]3CCC[C@H]1c1ccccc1N3)C2)[C@H]1C[C@H]1c1ccc(F)c(F)c1[EOS][EOS][EOS][EOS][EOS][EOS][EOS],9739.572751522064,42
10.6,O=C1CC(C(=O)Nc2cc(C3CCCCN3C(=O)c3cc(=O)[nH]c4ccccc34)[nH]n2)CCc2ccccc2N1,[BOS]O=C1CC(C(=O)Nc2cc([C@@H]3CCCCN3C(=O)c3cc(=O)[nH]c4ccccc34)[nH]n2)CCc2ccccc2N1[EOS][EOS][EOS][EOS][EOS],15032.208107948303,42
9.2,CCc1nc(C[NH+]2CCN(c3nnc(CC4c5ccccc5-c5ccccc54)n3C)CC2)no1,[BOS]CCc1nc(C[NH+]2CCN(c3nnc(CC4c5ccccc5-c5ccccc54)n3C)CC2)no1[EOS],4145.8726217746735,42
9.2,CCC1CCC(C(=O)Nc2cc(C3CCCCN3C(=O)c3ccc(-c4ccc(=O)[nH]n4)cc3)[nH]n2)CC1,[BOS]CC[C@H]1CC[C@H](C(=O)Nc2cc([C@@H]3CCCCN3C(=O)c3ccc(-c4ccc(=O)[nH]n4)cc3)[nH]n2)CC1[EOS][EOS][EOS][EOS][EOS][EOS][EOS][EOS],8517.690465211868,42
10.2,Cc1ccc2nc(C(=O)N3CCOC4(CCN(C(=O)C(C)Cc5ccc(F)c(C)c5)C4)C3)ccc2c1,[BOS]Cc1ccc2nc(C(=O)N3CCO[C@@]4(CCN(C(=O)[C@H](C)Cc5ccc(F)c(C)c5)C4)C3)ccc2c1[EOS][EOS][EOS][EOS][EOS][EOS][EOS],12593.4113779068,42
9.5,O=C(Nc1ccc2cc[nH]c(=O)c2c1)NC(c1ccccc1)c1ccc2ccccc2c1,[BOS]O=C(Nc1ccc2cc[nH]c(=O)c2c1)N[C@H](c1ccccc1)c1ccc2ccccc2c1[EOS],4107.134741306305,42
8.9,O=C(NCC1CCN(C(=O)c2cc(-c3ccccc3)no2)C1c1cccnc1)C1CCc2ccccc2C1,[BOS]O=C(NC[C@@H]1CCN(C(=O)c2cc(-c3ccccc3)no2)[C@H]1c1cccnc1)[C@H]1CCc2ccccc2C1[EOS][EOS],9062.860945224762,42
10.2,Cn1ccc2cccc(C(=O)N3CCCCC3c3cc(NC(=O)C4CC(c5ccccc5)=NO4)n[nH]3)c21,[BOS]Cn1ccc2cccc(C(=O)N3CCCC[C@@H]3c3cc(NC(=O)[C@@H]4CC(c5ccccc5)=NO4)n[nH]3)c21[EOS],13816.05399465561,42
10.0,CC(C)(C)C1CCC(Cc2cn(Cc3ccc(N4CCCCC4)cc3)nn2)C(c2ccccc2)C1C1CCCCC1,[BOS]CC(C)(C)C1CC[C@H](Cc2cn(Cc3ccc(N4CCCCC4)cc3)nn2)[C@@H](c2ccccc2)[C@@H]1C1CCCCC1[EOS],4923.710057973862,42
10.2,O=S(=O)(C1=Cc2ccccc2C(F)(F)C1)N1CCCc2c([nH]c3c(F)cccc23)C1,[BOS]O=S(=O)(C1=Cc2ccccc2C(F)(F)C1)N1CCCc2c([nH]c3c(F)cccc23)C1[EOS],9070.810860872269,42
9.9,O=C(CCc1ccccc1Cl)N1CCOC2(CCN(C(=O)C3Cc4ccccc4O3)C2)C1,[BOS]O=C(CCc1ccccc1Cl)N1CCO[C@@]2(CCN(C(=O)[C@@H]3Cc4ccccc4O3)C2)C1[EOS],13784.441445827484,42
9.6,O=C1CCC(C(=O)Nc2cc(C3CCCCN3C(=O)c3cccc4c3oc3ccccc34)[nH]n2)CCN1,[BOS]O=C1CC[C@H](C(=O)Nc2cc([C@H]3CCCCN3C(=O)c3cccc4c3oc3ccccc34)[nH]n2)CCN1[EOS][EOS][EOS],4718.731240510941,42
9.5,CC(C)(CNC(=O)NC1CC(=O)N(c2ccccc2Cl)C1)c1ccc2ccccc2c1,[BOS]CC(C)(CNC(=O)N[C@H]1CC(=O)N(c2ccccc2Cl)C1)c1ccc2ccccc2c1[EOS],9197.327936172485,42
9.4,Fc1cc(N2CCOCC2)ccc1-c1noc(C2(c3ccc4ncccc4c3)CCCCC2)n1,[BOS]Fc1cc(N2CCOCC2)ccc1-c1noc(C2(c3ccc4ncccc4c3)CCCCC2)n1[EOS],13178.324256896973,42
9.2,N#Cc1cccc(C(=O)Nc2cc(C3CCCCN3C(=O)c3ccc4c(c3)CCCC4=O)[nH]n2)c1Cl,[BOS]N#Cc1cccc(C(=O)Nc2cc([C@@H]3CCCCN3C(=O)c3ccc4c(c3)CCCC4=O)[nH]n2)c1Cl[EOS][EOS][EOS],4550.952799320221,42
9.5,O=C1CC(C(=O)NC2C3COCC2CN(C(=O)C2CC2c2ccccc2)C3)=Cc2ccccc2N1,[BOS]O=C(N[C@H]1[C@@H]2COC[C@H]1CN(C(=O)[C@@H]1C[C@H]1c1ccccc1)C2)C1=Cc2ccccc2NC(=O)C1[EOS][EOS][EOS][EOS],9190.016064405441,42
9.7,CCn1nc(C(=O)N2CCCCC2c2cc(NC(=O)c3nnc(-c4ccccc4)o3)n[nH]2)c2ccccc21,[BOS]CCn1nc(C(=O)N2CCCC[C@H]2c2cc(NC(=O)c3nnc(-c4ccccc4)o3)n[nH]2)c2ccccc21[EOS][EOS][EOS][EOS][EOS][EOS][EOS][EOS],13633.616181373596,42
9.2,Cc1cc(N2CCCC(NC(=O)c3ccc(C)c(NC(=O)c4cccc5c4OC4(CCOC4)CC5=O)c3)C2)n(C)n1,[BOS]Cc1ccc(C(=O)N[C@@H]2CCCN(c3cc(C)nn3C)C2)cc1NC(=O)c1cccc2c1O[C@]1(CCOC1)CC2=O[EOS],4121.679170131683,42
10.0,Cc1ccc(Cc2sc(NC(=O)C[NH+]3CCc4c(cccc4NC(=O)Nc4cccc(C)c4)C3)nc2C)cc1,[BOS]Cc1ccc(Cc2sc(NC(=O)C[NH+]3CCc4c(cccc4NC(=O)Nc4cccc(C)c4)C3)nc2C)cc1[EOS][EOS][EOS][EOS][EOS][EOS][EOS][EOS],9204.70768237114,42
8.6,O=C1C([NH2+]Cc2nn(-c3ccc(F)cc3)c3c2CCC3)C2CCCCN2C(=O)N1Cc1ccc(F)cc1,[BOS]O=C1[C@@H]([NH2+]Cc2nn(-c3ccc(F)cc3)c3c2CCC3)[C@@H]2CCCCN2C(=O)N1Cc1ccc(F)cc1[EOS],13742.597893476486,42
9.8,Cc1cc(C)cc(CCC(=O)N2CCCCC2c2cc(NC(=O)Cc3ccc4ncccc4c3)n[nH]2)c1,[BOS]Cc1cc(C)cc(CCC(=O)N2CCCC[C@H]2c2cc(NC(=O)Cc3ccc4ncccc4c3)n[nH]2)c1[EOS],5183.553590297699,42
10.0,Cn1ncc2c(C(=O)N3CCCCC3C3CCN(C(=O)C=Cc4cc5ccccc5o4)CC3)cccc21,[BOS]Cn1ncc2c(C(=O)N3CCCC[C@@H]3C3CCN(C(=O)C=Cc4cc5ccccc5o4)CC3)cccc21[EOS],10390.657506465912,42
10.1,O=C(CC12CC3CC(C1)CC(C(F)(F)F)(C3)C2)N1CC=C(c2c[nH]c3ccc(F)cc23)CC1,[BOS]O=C(CC12CC3CC(CC(C(F)(F)F)(C3)C1)C2)N1CC=C(c2c[nH]c3ccc(F)cc23)CC1[EOS],14640.653627157211,42
10.9,O=C1C2C3c4ccccc4C(c4ccccc43)C2C(c2ccccc2)N1c1ccc(-c2cccnc2-c2cccnc2)cc1,[BOS]O=C1[C@@H]2C3c4ccccc4C(c4ccccc43)[C@H]2[C@@H](c2ccccc2)N1c1ccc(-c2cccnc2-c2cccnc2)cc1[EOS],4612.95236492157,42
9.0,O=C(Nc1ncn(CC(=O)N2CCCCCC2)n1)C1CC12CCCc1ccccc12,[BOS]O=C(Nc1ncn(CC(=O)N2CCCCCC2)n1)[C@H]1C[C@]12CCCc1ccccc12[EOS][EOS][EOS][EOS][EOS][EOS][EOS],8971.078936815262,42
9.6,Cc1cnoc1C(=O)Nc1cc(C2CCCCN2C(=O)c2cn(-c3ccccc3)c3ncccc23)[nH]n1,[BOS]Cc1cnoc1C(=O)Nc1cc([C@@H]2CCCCN2C(=O)c2cn(-c3ccccc3)c3ncccc23)[nH]n1[EOS][EOS][EOS],13287.204293012619,42
9.4,O=C1NCCn2nc(C(=O)N3CCOC4(CCN(C(=O)C5CC5c5ccccc5)C4)C3)cc21,[BOS]O=C1NCCn2nc(C(=O)N3CCO[C@]4(CCN(C(=O)[C@H]5C[C@@H]5c5ccccc5)C4)C3)cc21[EOS][EOS][EOS][EOS][EOS],4286.820296049118,42
10.7,CC1CCc2c1n[nH]c2C(=O)N1CCCCC1c1cc(NC(=O)C2=C3c4ccccc4C(=O)N3CC2)n[nH]1,[BOS]C[C@@H]1CCc2c1n[nH]c2C(=O)N1CCCC[C@@H]1c1cc(NC(=O)C2=C3c4ccccc4C(=O)N3CC2)n[nH]1[EOS],9308.647776603699,42
10.9,Cc1cccc(CC(=O)NC2(c3ccc(NC(=O)c4cccc5c4oc4ccccc45)cc3)CCC2)n1,[BOS]Cc1cccc(CC(=O)NC2(c3ccc(NC(=O)c4cccc5c4oc4ccccc45)cc3)CCC2)n1[EOS],14429.391312599182,42
10.4,CC(=O)N1Cc2ccc(NC(=O)N3CC(c4ccc(F)c(C)c4)CC34CCC[NH2+]C4)cc2C1,[BOS]CC(=O)N1Cc2ccc(NC(=O)N3C[C@@H](c4ccc(F)c(C)c4)C[C@@]34CCC[NH2+]C4)cc2C1[EOS],3726.954053401947,42
9.5,Nc1n[nH]c(CCC(=O)N2CCCCC2c2cc(NC(=O)C3CCCC4CCCCC43)n[nH]2)n1,[BOS]Nc1n[nH]c(CCC(=O)N2CCCC[C@H]2c2cc(NC(=O)[C@@H]3CCC[C@@H]4CCCC[C@H]43)n[nH]2)n1[EOS],8784.548172950745,42
9.4,COc1cc(C)c(C(=O)N2CCCCC2C2CCN(C(=O)c3ccc4cccnc4n3)CC2)c(C)c1,[BOS]COc1cc(C)c(C(=O)N2CCCC[C@@H]2C2CCN(C(=O)c3ccc4cccnc4n3)CC2)c(C)c1[EOS][EOS][EOS],13493.438705205917,42
10.7,Cc1cc(C(=O)N2CCCCC2c2cc(NC(=O)c3csc(-c4ccccc4)n3)n[nH]2)cc2cnccc12,[BOS]Cc1cc(C(=O)N2CCCC[C@@H]2c2cc(NC(=O)c3csc(-c4ccccc4)n3)n[nH]2)cc2cnccc12[EOS],4905.645430088043,42
9.9,Cc1cccc(CC(=O)N2CC3COCC(C2)C3NC(=O)C2c3ccccc3-c3ccccc32)c1C,[BOS]Cc1cccc(CC(=O)N2C[C@H]3COC[C@@H](C2)[C@H]3NC(=O)C2c3ccccc3-c3ccccc32)c1C[EOS],9707.498188018799,42
10.8,Cn1nnc2cc(-c3nc(Cc4ccc5c(C(F)(F)F)cc(C(F)(F)F)cc5c4)cs3)ccc2c1=O,[BOS]Cn1nnc2cc(-c3nc(Cc4ccc5c(C(F)(F)F)cc(C(F)(F)F)cc5c4)cs3)ccc2c1=O[EOS][EOS][EOS][EOS][EOS][EOS][EOS],13787.848457098007,42
9.8,Cc1ccc2c(Cc3nc(-c4cc(OCc5ccc(F)cc5)ccc4F)no3)cc(=O)oc2c1C,[BOS]Cc1ccc2c(Cc3nc(-c4cc(OCc5ccc(F)cc5)ccc4F)no3)cc(=O)oc2c1C[EOS][EOS][EOS][EOS][EOS][EOS],4339.380675315857,42
9.8,Cc1ccc2ccccc2c1C[NH+]1CCCC(CC(=O)Nc2ccc3ccccc3n2)C1,[BOS]Cc1ccc2ccccc2c1C[NH+]1CCC[C@H](CC(=O)Nc2ccc3ccccc3n2)C1[EOS],8898.95291519165,42
9.9,O=C(NC1CCc2nc(NC(=O)C3C4CCCC3c3ccccc3N4)sc2C1)c1ccn2nccc2c1,[BOS]O=C(N[C@H]1CCc2nc(NC(=O)[C@H]3[C@@H]4CCC[C@H]3c3ccccc3N4)sc2C1)c1ccn2nccc2c1[EOS][EOS][EOS][EOS],13309.210887670517,42
8.7,O=C(NC1CCC(c2ccc(F)cc2)C1)NC(CO)c1nc(-c2ccccc2)no1,[BOS]O=C(N[C@H](CO)c1nc(-c2ccccc2)no1)N[C@H]1CC[C@@H](c2ccc(F)cc2)C1[EOS][EOS][EOS][EOS][EOS],4413.137771368027,42
10.3,O=C(NC(c1ccccc1)c1cccc2ccccc12)c1cccc(Nn2c(O)c3c(c2O)CC=CC3)c1,[BOS]O=C(N[C@@H](c1ccccc1)c1cccc2ccccc12)c1cccc(Nn2c(O)c3c(c2O)CC=CC3)c1[EOS],9149.500898599625,42
10.1,Cc1cccn2ncc(C(=O)N3CCCCC3c3cc(NC(=O)c4ccc5c(c4)SCC(=O)N5)n[nH]3)c12,[BOS]Cc1cccn2ncc(C(=O)N3CCCC[C@H]3c3cc(NC(=O)c4ccc5c(c4)SCC(=O)N5)n[nH]3)c12[EOS],13859.578534841537,42
11.1,CC1CC(=Cc2ccc3c(c2)CCCC3)c2nc3ccccc3c(C(=O)Nc3cc4n(n3)CCCNC4=O)c2C1,[BOS]C[C@H]1CC(=Cc2ccc3c(c2)CCCC3)c2nc3ccccc3c(C(=O)Nc3cc4n(n3)CCCNC4=O)c2C1[EOS],4286.33730340004,42
10.1,Cc1cc(C(=O)Nc2cc(C3CCCCN3C(=O)Cc3ccc4c(c3)CCCC4)[nH]n2)nc2ccccc12,[BOS]Cc1cc(C(=O)Nc2cc([C@@H]3CCCCN3C(=O)Cc3ccc4c(c3)CCCC4)[nH]n2)nc2ccccc12[EOS],9222.637970209122,42
9.5,Cc1cccc(CC(=O)NC2(c3ccc(NC(=O)C4CCC(F)(F)CC4)cc3)CCC2)n1,[BOS]Cc1cccc(CC(=O)NC2(c3ccc(NC(=O)C4CCC(F)(F)CC4)cc3)CCC2)n1[EOS][EOS][EOS][EOS][EOS][EOS][EOS],14069.736153841019,42
10.4,CC1(c2ccc(C(=O)NCc3cccc(-c4cccc(C(=O)[O-])c4)c3)cc2)NC(=O)NC1=O,[BOS]C[C@@]1(c2ccc(C(=O)NCc3cccc(-c4cccc(C(=O)[O-])c4)c3)cc2)NC(=O)NC1=O[EOS],4827.484843254089,42
10.0,O=C(CCN=c1oc(-c2ccc(C(=O)N3CCc4ccc(F)cc43)cc2)nc2ccccc12)N1CCCC(O)C1,[BOS]O=C(CCN=c1oc(-c2ccc(C(=O)N3CCc4ccc(F)cc43)cc2)nc2ccccc12)N1CCCC(O)C1[EOS][EOS][EOS],9907.233981370926,42
9.5,NC(=[NH+]c1nnc2ccc(Cl)cc2n1)c1cn(Cc2ccccc2)c2ccccc12,[BOS]NC(=[NH+]c1nnc2ccc(Cl)cc2n1)c1cn(Cc2ccccc2)c2ccccc12[EOS],13925.326165676117,42
10.3,O=C(c1ccc(N2CCNCC2)cc1)N1CCC(c2ccc(Cn3cnc(C(=O)N4CCc5ccccc5C4)n3)cc2)CC1,[BOS]O=C(c1ncn(Cc2ccc(C3CCN(C(=O)c4ccc(N5CCNCC5)cc4)CC3)cc2)n1)N1CCc2ccccc2C1[EOS][EOS][EOS][EOS][EOS][EOS][EOS],5556.70628118515,42
10.0,O=C1CN(S(=O)(=O)c2cccc(F)c2F)C2CCCCC2N1Cc1cccc(-c2ccccc2)c1,[BOS]O=C1CN(S(=O)(=O)c2cccc(F)c2F)[C@@H]2CCCC[C@H]2N1Cc1cccc(-c2ccccc2)c1[EOS],10193.008811950684,42
12.6,Cc1ccc(Oc2ccc3ccccc3c2)cc1C1Oc2ccccc2C2c3cccc4c3cc2n4-c2cccc(Cl)c2O1,[BOS]Cc1ccc(Oc2ccc3ccccc3c2)cc1C1Oc2ccccc2[C@H]2c3cccc4c3cc2n4-c2cccc(Cl)c2O1[EOS],14780.236484766006,42
10.6,O=C(Nc1ccc(C(=O)N2CCc3ccccc32)cc1)C(=O)N1CCOC2(CCc3ccccc32)C1,[BOS]O=C(Nc1ccc(C(=O)N2CCc3ccccc32)cc1)C(=O)N1CCO[C@]2(CCc3ccccc32)C1[EOS],4639.668170213699,42
10.0,O=C(Nc1cc(C2CCCCN2C(=O)c2cnc3ccccc3n2)[nH]n1)c1ccnc2ccccc12,[BOS]O=C(Nc1cc([C@@H]2CCCCN2C(=O)c2cnc3ccccc3n2)[nH]n1)c1ccnc2ccccc12[EOS][EOS][EOS][EOS][EOS][EOS][EOS],9446.160229682922,42
9.1,Cc1nc2c(Cl)cccc2cc1C(C)NC(=O)c1nn(-c2cccc(C(C)C)c2)cc1O,[BOS]CC(C)c1cccc(-n2cc(O)c(C(=O)N[C@@H](C)c3cc4cccc(Cl)c4nc3C)n2)c1[EOS][EOS][EOS][EOS][EOS][EOS][EOS],13989.742839336395,42
10.1,O=C(Nc1cc(C2CCCCN2C(=O)C2CC3CCC2O3)[nH]n1)c1csc(-n2ncc3ccccc32)n1,[BOS]O=C(Nc1cc([C@H]2CCCCN2C(=O)[C@@H]2C[C@H]3CC[C@@H]2O3)[nH]n1)c1csc(-n2ncc3ccccc32)n1[EOS],4852.137945175171,42
10.8,O=C1CC(C(=O)N2CCCCC2c2cc(NC(=O)C3CNc4ccccc43)n[nH]2)=Cc2ccccc2N1,[BOS]O=C(Nc1cc([C@@H]2CCCCN2C(=O)C2=Cc3ccccc3NC(=O)C2)[nH]n1)[C@H]1CNc2ccccc21[EOS],9925.487632989883,42
9.5,CC(Cc1ccc2ccccc2c1)c1nnc(-c2cn3c4c(cc(F)cc4c2=O)CCC3C)o1,[BOS]C[C@H]1CCc2cc(F)cc3c(=O)c(-c4nnc([C@@H](C)Cc5ccc6ccccc6c5)o4)cn1c23[EOS][EOS][EOS][EOS][EOS],14051.653953552246,42
11.3,O=C(Nc1ccc(N2CCNCC(=O)C2C2c3ccccc3-c3ccccc32)cc1)Oc1ccc2ccccc2c1,[BOS]O=C(Nc1ccc(N2CCNCC(=O)[C@@H]2C2c3ccccc3-c3ccccc32)cc1)Oc1ccc2ccccc2c1[EOS],5083.60197019577,42
10.9,Cc1ccc(CCC(=O)N2CCOC3(CCN(C(=O)c4cc5cccnc5[nH]c4=O)C3)C2)c2ccccc12,[BOS]Cc1ccc(CCC(=O)N2CCO[C@]3(CCN(C(=O)c4cc5cccnc5[nH]c4=O)C3)C2)c2ccccc12[EOS],9719.962259054184,42
10.5,Cc1cc(Br)ccc1C1Nc2ccc(-c3ccc4c(c3)OCCO4)cc2C2C3CCC(C3)C12,[BOS]Cc1cc(Br)ccc1[C@H]1Nc2ccc(-c3ccc4c(c3)OCCO4)cc2[C@H]2[C@@H]3CC[C@H](C3)[C@@H]12[EOS],13404.904239416122,42
8.6,CC([NH2+]C(C(=O)NC1CCc2nc(NC(=O)c3cc(C(C)(C)C)[nH]n3)sc2C1)C1CC1)c1ccccc1,[BOS]C[C@H]([NH2+][C@H](C(=O)N[C@H]1CCc2nc(NC(=O)c3cc(C(C)(C)C)[nH]n3)sc2C1)C1CC1)c1ccccc1[EOS][EOS][EOS][EOS][EOS][EOS],4844.015887022018,42
9.7,CC(C(=O)Nc1cc(C2CCCCN2C(=O)CC2OCCc3ccccc32)[nH]n1)c1ccccn1,[BOS]C[C@H](C(=O)Nc1cc([C@@H]2CCCCN2C(=O)C[C@@H]2OCCc3ccccc32)[nH]n1)c1ccccn1[EOS],9853.973126649857,42
9.6,Cc1ccc(C(=O)C(=O)N2CCCCC2c2cc(NC(=O)c3ccc4c(c3)NC(=O)CC4)n[nH]2)cc1,[BOS]Cc1ccc(C(=O)C(=O)N2CCCC[C@H]2c2cc(NC(=O)c3ccc4c(c3)NC(=O)CC4)n[nH]2)cc1[EOS][EOS][EOS][EOS][EOS][EOS][EOS],14412.528082370758,42
11.5,c1ccc(C2CCOc3ccc(-c4cccc(-c5nnc(-c6ccc7ccccc7c6)o5)c4)cc32)cc1,[BOS]c1ccc([C@H]2CCOc3ccc(-c4cccc(-c5nnc(-c6ccc7ccccc7c6)o5)c4)cc32)cc1[EOS],4577.106896162033,42
9.5,Cn1c(=O)ccc2ccc(NC(=O)C3CC3c3ccc4ccccc4c3)cc21,[BOS]Cn1c(=O)ccc2ccc(NC(=O)[C@@H]3C[C@@H]3c3ccc4ccccc4c3)cc21[EOS],8708.037356376648,42
11.7,c1ccc(-c2cc(N3Cc4ccccc4-c4ccccc43)nc(-c3ccc(-c4cccc5ccccc45)cc3)n2)[nH+]c1,[BOS]c1ccc(-c2cc(N3Cc4ccccc4-c4ccccc43)nc(-c3ccc(-c4cccc5ccccc45)cc3)n2)[nH+]c1[EOS],13118.119544029236,42
8.7,Cc1ccccc1C1=NOC(C(=O)Nc2ccc(CCc3nc4ccccc4[nH]3)cc2)C1,[BOS]Cc1ccccc1C1=NO[C@@H](C(=O)Nc2ccc(CCc3nc4ccccc4[nH]3)cc2)C1[EOS][EOS][EOS][EOS][EOS],4279.367170333862,42
9.4,Cc1cc(C(=O)Nc2cc(C3CCCCN3C(=O)c3ncccc3-c3ccccc3)[nH]n2)ccn1,[BOS]Cc1cc(C(=O)Nc2cc([C@@H]3CCCCN3C(=O)c3ncccc3-c3ccccc3)[nH]n2)ccn1[EOS][EOS][EOS][EOS][EOS][EOS][EOS],8485.111090660095,42
10.8,O=C(COc1ccc2c3c(c(=O)oc2c1)CCCC3)N1CCC2(CC1)OCc1ccccc1O2,[BOS]O=C(COc1ccc2c3c(c(=O)oc2c1)CCCC3)N1CCC2(CC1)OCc1ccccc1O2[EOS],13306.012247562408,42
10.0,O=C(NC1(c2ccc(NC(=O)C3ON=C(c4ccccc4)O3)cc2)CCC1)c1cc(=O)[nH]c2ccccc12,[BOS]O=C(NC1(c2ccc(NC(=O)[C@@H]3ON=C(c4ccccc4)O3)cc2)CCC1)c1cc(=O)[nH]c2ccccc12[EOS][EOS][EOS][EOS][EOS],5558.240218400955,42
10.9,O=C(CC(=O)Nc1cc(C2CCCCN2C(=O)C2C3CCCC2c2ccccc2N3)[nH]n1)Nc1ccccc1,[BOS]O=C(CC(=O)Nc1cc([C@@H]2CCCCN2C(=O)[C@H]2[C@@H]3CCC[C@H]2c2ccccc2N3)[nH]n1)Nc1ccccc1[EOS],11639.621911525726,42
9.6,Cc1cc(-c2nc3cc(F)ccc3n2C)ccc1NC(=O)C(=O)NC1CCOC2(CCCCC2)C1,[BOS]Cc1cc(-c2nc3cc(F)ccc3n2C)ccc1NC(=O)C(=O)N[C@H]1CCOC2(CCCCC2)C1[EOS],15658.587970256805,42
9.4,Cn1cccc(C(=O)N2CCCCC2C2CCN(C(=O)c3ccc(-c4ccc(=O)[nH]n4)cc3)CC2)c1=O,[BOS]Cn1cccc(C(=O)N2CCCC[C@H]2C2CCN(C(=O)c3ccc(-c4ccc(=O)[nH]n4)cc3)CC2)c1=O[EOS][EOS][EOS][EOS][EOS][EOS][EOS],4611.0081515312195,42
9.3,Cc1cc(F)c(F)c(C(=O)Nc2cc(C3CCCCN3C(=O)C3(F)CCCCC3(F)F)[nH]n2)c1,[BOS]Cc1cc(F)c(F)c(C(=O)Nc2cc([C@H]3CCCCN3C(=O)[C@]3(F)CCCCC3(F)F)[nH]n2)c1[EOS][EOS][EOS],9189.41328716278,42
10.4,O=C1COc2ccc(C(=O)N3CCOC4(CCN(C(=O)Cc5cccc6ncccc56)C4)C3)cc2N1,[BOS]O=C1COc2ccc(C(=O)N3CCO[C@]4(CCN(C(=O)Cc5cccc6ncccc56)C4)C3)cc2N1[EOS],13535.868406772614,42
9.9,O=C1CCC(C(=O)Nc2ccc(CC(=O)N3CCN(C(=O)c4cccc(F)c4)CC3)cc2)c2ccccc2N1,[BOS]O=C1CC[C@@H](C(=O)Nc2ccc(CC(=O)N3CCN(C(=O)c4cccc(F)c4)CC3)cc2)c2ccccc2N1[EOS][EOS][EOS][EOS],4632.159080982208,42
9.3,CC1CC(NC(=O)NCc2ccc(Cc3c[nH]c4ccc(F)cc34)cc2)CC(C)O1,[BOS]C[C@@H]1C[C@@H](NC(=O)NCc2ccc(Cc3c[nH]c4ccc(F)cc34)cc2)C[C@H](C)O1[EOS],9265.823522806168,42
9.3,O=C(NCC1OCC2CCN(C(=O)C3CC3c3ccc(F)c(F)c3)CC21)c1ccc(O)c(F)c1F,[BOS]O=C(NC[C@@H]1OC[C@@H]2CCN(C(=O)[C@@H]3C[C@@H]3c3ccc(F)c(F)c3)C[C@@H]21)c1ccc(O)c(F)c1F[EOS][EOS],14136.06305885315,42
10.6,Cc1ccc2nc(C(=O)N3CCCCC3c3cc(NC(=O)C4Cc5ccccc5N4)n[nH]3)ccc2c1,[BOS]Cc1ccc2nc(C(=O)N3CCCC[C@@H]3c3cc(NC(=O)[C@@H]4Cc5ccccc5N4)n[nH]3)ccc2c1[EOS],4863.930774688721,42
10.7,Cn1c(-c2cccc(C(=O)c3cccc4ccccc34)c2)c(-c2ccc(F)cc2)c2cc3occ(F)c3cc21,[BOS]Cn1c(-c2cccc(C(=O)c3cccc4ccccc34)c2)c(-c2ccc(F)cc2)c2cc3c(cc21)C(F)=CO3[EOS][EOS][EOS][EOS][EOS][EOS][EOS][EOS],9307.261799097061,42
9.9,O=C(c1ccc2nnc(-c3ccc4c(O)nc(O)nc4c3)n2c1)N1CC2(CCC23CCCCNC3)CC12CCCC2,[BOS]O=C(c1ccc2nnc(-c3ccc4c(O)nc(O)nc4c3)n2c1)N1CC2(CCC23CCCCNC3)CC12CCCC2[EOS][EOS],13533.515824317932,42
11.1,CC(NC(=O)N1CCC2(CCc3ccc(-c4cccnc4)cc32)CC1)c1ccc2c(c1)Cc1ccccc1-2,[BOS]C[C@@H](NC(=O)N1CCC2(CCc3ccc(-c4cccnc4)cc32)CC1)c1ccc2c(c1)Cc1ccccc1-2[EOS],3941.5764858722687,42
9.3,Cc1sc(NC(=O)C23COc4cccc(F)c4C2C[NH+](Cc2ccccc2)C3)nc1-c1c[nH]c2ncccc12,[BOS]Cc1sc(NC(=O)[C@@]23COc4cccc(F)c4[C@@H]2C[NH+](Cc2ccccc2)C3)nc1-c1c[nH]c2ncccc12[EOS][EOS][EOS][EOS][EOS][EOS][EOS][EOS],8066.332747459412,42
10.0,Cc1c(F)ccc(C(=O)N2CCCCC2c2cc(NC(=O)CC3Cc4ccccc4C3)n[nH]2)c1N,[BOS]Cc1c(F)ccc(C(=O)N2CCCC[C@H]2c2cc(NC(=O)CC3Cc4ccccc4C3)n[nH]2)c1N[EOS],13045.6936647892,42
9.9,O=C(c1cc2cc(F)ccc2[nH]1)N1CCC2C1CCN2C(=O)C1(c2cccc(F)c2)CC1,[BOS]O=C(c1cc2cc(F)ccc2[nH]1)N1CC[C@H]2[C@@H]1CCN2C(=O)C1(c2cccc(F)c2)CC1[EOS],4422.343428373337,42
9.7,N#Cc1ccc(F)c(C(=O)N2CCCC(c3nc(-c4cncc(NC(=O)c5cccnc5)c4)cs3)C2)c1F,[BOS]N#Cc1ccc(F)c(C(=O)N2CCC[C@H](c3nc(-c4cncc(NC(=O)c5cccnc5)c4)cs3)C2)c1F[EOS][EOS][EOS][EOS][EOS],9293.627906560898,42
9.6,O=C(NCC1CCC(c2ccccc2)CC1)c1cc(-c2cccnc2)nc2ccccc12,[BOS]O=C(NCC1CCC(c2ccccc2)CC1)c1cc(-c2cccnc2)nc2ccccc12[EOS],13815.398858308792,42
9.6,CC(C)c1nn2ccccc2c1C(=O)Nc1ccc(C2(NC(=O)c3ccc4ncnn4c3)CCC2)cc1,[BOS]CC(C)c1nn2ccccc2c1C(=O)Nc1ccc(C2(NC(=O)c3ccc4ncnn4c3)CCC2)cc1[EOS][EOS],4662.295091867447,42
10.4,Cc1cc2cccc(C(=O)N3CCCCC3c3cc(NC(=O)c4nccn(Cc5ccc(F)cc5)c4=O)n[nH]3)c2[nH]1,[BOS]Cc1cc2cccc(C(=O)N3CCCC[C@@H]3c3cc(NC(=O)c4nccn(Cc5ccc(F)cc5)c4=O)n[nH]3)c2[nH]1[EOS],10250.110982894897,42
10.5,Cc1ccc2c3c(cccc13)C1(CC2)Nc2c(Cl)cccc2CC1Nc1ccc(Cl)c(C(=O)N2CCCCC2)c1F,[BOS]Cc1ccc2c3c(cccc13)C1(CC2)Nc2c(Cl)cccc2CC1Nc1ccc(Cl)c(C(=O)N2CCCCC2)c1F[EOS],14010.832118034363,42
9.7,[H][NH+]=c1cc(C(=O)Nc2cccc3cnccc23)ccn1C(=O)C1CC2(CC[NH2+]CC2)c2ccccc21,[BOS][H]/[NH+]=c1/cc(C(=O)Nc2cccc3cnccc23)ccn1C(=O)[C@H]1CC2(CC[NH2+]CC2)c2ccccc21[EOS],4440.126105308533,42
10.0,O=C(c1ccc2occc2c1)N1CCCCC1c1cc(NC(=O)C2(c3cccc(F)c3)CCC2)n[nH]1,[BOS]O=C(c1ccc2occc2c1)N1CCCC[C@H]1c1cc(NC(=O)C2(c3cccc(F)c3)CCC2)n[nH]1[EOS],8985.586993932724,42
9.9,Cc1ncccc1CCC(=O)Nc1cc(C2CCCCN2C(=O)C2CC2c2ccccc2)[nH]n1,[BOS]Cc1ncccc1CCC(=O)Nc1cc([C@@H]2CCCCN2C(=O)[C@@H]2C[C@@H]2c2ccccc2)[nH]n1[EOS],13736.270891666412,42
11.0,O=C(c1ccc2ccoc2c1)N1CCC(OC2CCN(C(=O)C3C4CCCC3c3ccccc3N4)CC2)CC1,[BOS]O=C(c1ccc2ccoc2c1)N1CCC(OC2CCN(C(=O)[C@H]3[C@@H]4CCC[C@H]3c3ccccc3N4)CC2)CC1[EOS],4850.217400312424,42
10.9,O=C1c2cc(F)ccc2OCC12C(=O)c1ccccc1C2=NC(F)(F)c1cccc(-c2nc(Cl)ncc2Cl)c1,[BOS]O=C1c2ccccc2C(=NC(F)(F)c2cccc(-c3nc(Cl)ncc3Cl)c2)C12COc1ccc(F)cc1C2=O[EOS][EOS][EOS][EOS],9644.9492020607,42
9.9,O=C(C1CC1c1ccc2ccccc2c1)N1CCCc2ccc(F)cc21,[BOS]O=C([C@@H]1C[C@H]1c1ccc2ccccc2c1)N1CCCc2ccc(F)cc21[EOS],13521.107928037643,42
10.6,O=S(=O)(c1cccc(C(O)=NN=Cc2c3ccccc3nc3ccccc23)c1)N1CCc2[nH]c3ccccc3c2C1,[BOS]O=S(=O)(c1cccc(C(O)=N/N=C\c2c3ccccc3nc3ccccc23)c1)N1CCc2[nH]c3ccccc3c2C1[EOS],5278.687546253204,42
9.8,O=C(NC1CC2CCC(C1)N2C(=O)C1CC1c1ccc(F)c(F)c1)C1=NOC(c2ccccc2)C1,[BOS]O=C(N[C@H]1C[C@H]2CC[C@@H](C1)N2C(=O)[C@H]1C[C@H]1c1ccc(F)c(F)c1)C1=NO[C@@H](c2ccccc2)C1[EOS],10070.158062934875,42
10.6,O=C(C1CC1c1ccc2ccccc2c1)N1Cc2ccccc2C2(CCN(c3ncc(F)cn3)CC2)C1,[BOS]O=C([C@H]1C[C@@H]1c1ccc2ccccc2c1)N1Cc2ccccc2C2(CCN(c3ncc(F)cn3)CC2)C1[EOS],14211.289692640305,42
10.4,O=C(Nc1cc(C2CCCCN2C(=O)C2=NOC(c3ccccc3)C2)[nH]n1)c1cnnc2ccccc12,[BOS]O=C(Nc1cc([C@H]2CCCCN2C(=O)C2=NO[C@@H](c3ccccc3)C2)[nH]n1)c1cnnc2ccccc12[EOS][EOS][EOS],4980.367756843567,42
10.1,O=C(Cc1cn2c(nc1=O)SCC2)N1CCC2(CCCN(C(F)(F)C3CC3c3ccccc3)C2)CC1,[BOS]O=C(Cc1cn2c(nc1=O)SCC2)N1CCC2(CCCN(C(F)(F)[C@H]3C[C@H]3c3ccccc3)C2)CC1[EOS],9795.837660312653,42
10.8,O=C1CC(C(=O)N2CCCCC2c2cc(NC(=O)C3CNc4ccccc43)n[nH]2)=Cc2ccccc2N1,[BOS]O=C(Nc1cc([C@@H]2CCCCN2C(=O)C2=Cc3ccccc3NC(=O)C2)[nH]n1)[C@H]1CNc2ccccc21[EOS],14530.714733600616,42
10.4,Cc1cccc(C(=O)N2CCCCC2c2cc(NC(=O)C3CCc4[nH]c(=O)[nH]c(=O)c4C3)n[nH]2)c1F,[BOS]Cc1cccc(C(=O)N2CCCC[C@H]2c2cc(NC(=O)[C@@H]3CCc4[nH]c(=O)[nH]c(=O)c4C3)n[nH]2)c1F[EOS],4851.4679226875305,42
10.9,O=C(Nc1cc(C2CCCCN2C(=O)CC2Cc3ccccc3C2)[nH]n1)c1n[nH]c2c1CS(=O)(=O)C2,[BOS]O=C(Nc1cc([C@@H]2CCCCN2C(=O)CC2Cc3ccccc3C2)[nH]n1)c1n[nH]c2c1CS(=O)(=O)C2[EOS],10076.090902090073,42
9.3,Cn1nc(-c2cccc(C(F)(F)F)c2)cc1NC(=O)Cn1c([O-])cn2c(cc3ccccc32)c1=O,[BOS]Cn1nc(-c2cccc(C(F)(F)F)c2)cc1NC(=O)Cn1c([O-])cn2c(cc3ccccc32)c1=O[EOS],14413.317505598068,42
10.1,Cc1cccc(CCC(=O)N2CCCCC2c2cc(NC(=O)C3CCc4ccccc4C3)n[nH]2)n1,[BOS]Cc1cccc(CCC(=O)N2CCCC[C@@H]2c2cc(NC(=O)[C@@H]3CCc4ccccc4C3)n[nH]2)n1[EOS],5140.716248989105,42
10.9,O=C(Nc1cc(C2CCCCN2C(=O)CC2Cc3ccccc3C2)[nH]n1)C1C2CCCC1c1ccccc1N2,[BOS]O=C(Nc1cc([C@H]2CCCCN2C(=O)CC2Cc3ccccc3C2)[nH]n1)[C@H]1[C@@H]2CCC[C@H]1c1ccccc1N2[EOS],10457.02821278572,42
10.6,O=C1CCc2ccc(C(=O)N3CCCCC3c3cc(NC(=O)c4[nH]cc5c4CCc4ncccc4-5)n[nH]3)cc2N1,[BOS]O=C1CCc2ccc(C(=O)N3CCCC[C@H]3c3cc(NC(=O)c4[nH]cc5c4CCc4ncccc4-5)n[nH]3)cc2N1[EOS][EOS][EOS][EOS][EOS],15205.94192647934,42
9.1,CC(C(=O)N1CCC2Oc3ccccc3S(=O)(=O)N(Cc3ccccc3)C2CC1)c1ccc(F)cc1F,[BOS]C[C@@H](C(=O)N1CC[C@H]2Oc3ccccc3S(=O)(=O)N(Cc3ccccc3)[C@@H]2CC1)c1ccc(F)cc1F[EOS],4408.213815689087,42
10.5,O=C(NCCN1CCc2ccccc2C1)c1ccc(CN2C=[NH+]c3ccccc3C2C(=O)N2CCCCC2)cc1,[BOS]O=C(NCCN1CCc2ccccc2C1)c1ccc(CN2C=[NH+]c3ccccc3[C@H]2C(=O)N2CCCCC2)cc1[EOS],9039.126206874847,42
9.4,O=C(c1cn2cccc(F)c2[nH+]1)N1CC[NH+](C2c3ccccc3-c3ccccc32)CC1,[BOS]O=C(c1cn2cccc(F)c2[nH+]1)N1CC[NH+](C2c3ccccc3-c3ccccc32)CC1[EOS],13213.583108186722,42
10.2,O=C(NCCc1ccc(Oc2ccc(F)cc2)cc1)NC1C2CCC1Cc1ccccc1C2,[BOS]O=C(NCCc1ccc(Oc2ccc(F)cc2)cc1)NC1[C@H]2CC[C@H]1Cc1ccccc1C2[EOS],4940.783666849136,42
8.8,C=C1CCC2C(C)(C)CCCC2(C)C1CCC1(C)OC(=O)c2ccccc21,[BOS]C=C1CCC2C(C)(C)CCCC2(C)C1CC[C@@]1(C)OC(=O)c2ccccc21[EOS][EOS][EOS][EOS][EOS][EOS][EOS][EOS],8915.339855194092,42
11.8,O=C(Oc1ccc2sc(-c3cccc4c3sc3ccccc34)cc2c1)C1=CC(=O)c2ccc3ccccc3c2C1=O,[BOS]O=C(Oc1ccc2sc(-c3cccc4c3sc3ccccc34)cc2c1)C1=CC(=O)c2ccc3ccccc3c2C1=O[EOS],14099.660713911057,42
10.8,O=C(Nc1cc(C2CCCCN2C(=O)CC2Cc3ccccc3C2)[nH]n1)c1c[nH]c2cc(Cl)ccc12,[BOS]O=C(Nc1cc([C@H]2CCCCN2C(=O)CC2Cc3ccccc3C2)[nH]n1)c1c[nH]c2cc(Cl)ccc12[EOS],4858.375264644623,42
9.8,Cc1cccc(CCC(=O)N2CCCCC2c2cc(NC(=O)Cc3ccc4c(c3)CCCO4)n[nH]2)c1F,[BOS]Cc1cccc(CCC(=O)N2CCCC[C@H]2c2cc(NC(=O)Cc3ccc4c(c3)CCCO4)n[nH]2)c1F[EOS][EOS][EOS][EOS],9604.6522128582,42
10.1,O=C(NCc1cccc(C[NH+]2CCOC(c3ccccc3)C2)c1)c1ccc(F)cc1-c1ccccc1OC(F)(F)F,[BOS]O=C(NCc1cccc(C[NH+]2CCO[C@H](c3ccccc3)C2)c1)c1ccc(F)cc1-c1ccccc1OC(F)(F)F[EOS],14442.904376506805,42
8.9,O=C1NC2(CC3CC2C2CCCC32)C(=O)N1Cc1nnnn1-c1ccc(Cl)cc1C(F)(F)F,[BOS]O=C1N[C@]2(C[C@H]3C[C@H]2[C@H]2CCC[C@@H]32)C(=O)N1Cc1nnnn1-c1ccc(Cl)cc1C(F)(F)F[EOS][EOS][EOS][EOS][EOS],4139.32514834404,42
10.1,O=C(NCC(=O)c1cc2c(cc1Cl)C(=O)c1ccccc1C2)C(F)=Cc1ccc(F)c(C(F)(F)F)c1,[BOS]O=C(NCC(=O)c1cc2c(cc1Cl)C(=O)c1ccccc1C2)C(F)=Cc1ccc(F)c(C(F)(F)F)c1[EOS][EOS][EOS][EOS][EOS],8527.857032060623,42
9.7,O=C(C=Cc1cc(F)c(F)c(F)c1)Nc1cc(C2CCCCN2C(=O)c2onc3ccccc23)[nH]n1,[BOS]O=C(C=Cc1cc(F)c(F)c(F)c1)Nc1cc([C@@H]2CCCCN2C(=O)c2onc3ccccc23)[nH]n1[EOS][EOS],13191.388242006302,42
9.5,NC(=O)CC1CC2(CCN(C(=O)c3ccc(OCc4ccccc4)c(C(F)(F)F)c3)CC2)Oc2ccccc21,[BOS]NC(=O)C[C@H]1CC2(CCN(C(=O)c3ccc(OCc4ccccc4)c(C(F)(F)F)c3)CC2)Oc2ccccc21[EOS][EOS][EOS][EOS],4364.077597141266,42
9.3,CC1CCCN(c2ccc(C(=O)Nc3cc(-c4nnc5n4CCCCC5)ccc3F)cc2[N+](=O)[O-])C1,[BOS]C[C@@H]1CCCN(c2ccc(C(=O)Nc3cc(-c4nnc5n4CCCCC5)ccc3F)cc2[N+](=O)[O-])C1[EOS][EOS][EOS][EOS],8819.995581388474,42
10.5,O=C(NC1C2COCC1CN(C(=O)C1C3CCCC1c1ccccc1N3)C2)c1cccc2c1oc1ccccc12,[BOS]O=C(N[C@H]1[C@@H]2COC[C@H]1CN(C(=O)[C@H]1[C@@H]3CCC[C@H]1c1ccccc1N3)C2)c1cccc2c1oc1ccccc12[EOS],13480.343451499939,42
10.7,O=C(NCc1ccncc1)C1=NOC2(CCCN(c3nc4ccccc4c4ccccc34)C2)C1,[BOS]O=C(NCc1ccncc1)C1=NO[C@]2(CCCN(c3nc4ccccc4c4ccccc34)C2)C1[EOS],4852.606750011444,42
11.0,O=C1OC(c2ccccc2)Cc2cc(C(=O)N3CCC4(CC(=O)c5ccc6c(c5O4)CCCC6)C3)ccc21,[BOS]O=C1C[C@@]2(CCN(C(=O)c3ccc4c(c3)C[C@@H](c3ccccc3)OC4=O)C2)Oc2c1ccc1c2CCCC1[EOS],8927.27735877037,42
10.1,O=C(Nc1ccccc1)c1cc(NC(=O)N2CC=C(c3c[nH]c4ccccc34)CC2)ccc1Cl,[BOS]O=C(Nc1ccccc1)c1cc(NC(=O)N2CC=C(c3c[nH]c4ccccc34)CC2)ccc1Cl[EOS],13379.871235132217,42
9.6,CCc1[nH]nc(NC(=O)c2cncc(-c3ccc4c(c3)CCO4)c2)c1-c1cccc2c1CCCC2=O,[BOS]CCc1[nH]nc(NC(=O)c2cncc(-c3ccc4c(c3)CCO4)c2)c1-c1cccc2c1CCCC2=O[EOS],4451.198992729187,42
9.5,CC1C(Cc2ccccc2)CCN1C(=O)Nc1ccc2c(c1)OCC(C)(C)C(=O)N2C,[BOS]C[C@@H]1[C@@H](Cc2ccccc2)CCN1C(=O)Nc1ccc2c(c1)OCC(C)(C)C(=O)N2C[EOS],8591.131348609924,42
9.4,Cc1cccc(-c2cncc(C(=O)Nc3ccc4nnc(-c5cccc(F)c5)n4c3)c2)c1,[BOS]Cc1cccc(-c2cncc(C(=O)Nc3ccc4nnc(-c5cccc(F)c5)n4c3)c2)c1[EOS][EOS][EOS][EOS][EOS][EOS][EOS][EOS],13159.164946317673,42
9.7,O=C(Nc1cc(C2CCCCN2C(=O)C2=C3c4ccccc4C(=O)N3CC2)[nH]n1)c1ccc(Cl)nn1,[BOS]O=C(Nc1cc([C@H]2CCCCN2C(=O)C2=C3c4ccccc4C(=O)N3CC2)[nH]n1)c1ccc(Cl)nn1[EOS],4829.954251527786,42
9.8,O=C(NCc1ccc(C[NH+]2CCC(O)(c3cccc(F)c3)c3cccnc32)cc1)c1ccccc1Cl,[BOS]O=C(NCc1ccc(C[NH+]2CCC(O)(c3cccc(F)c3)c3cccnc32)cc1)c1ccccc1Cl[EOS][EOS][EOS][EOS][EOS][EOS],9816.561115264893,42
9.3,Cn1cc(-c2cc(C(F)(F)N3CC4C(C3)C(F)(F)C(F)(F)C(F)(F)C4(F)F)c(Cl)nn2)cn1,[BOS]Cn1cc(-c2cc(C(F)(F)N3C[C@@H]4[C@@H](C3)C(F)(F)C(F)(F)C(F)(F)C4(F)F)c(Cl)nn2)cn1[EOS][EOS][EOS],14071.852620840073,42
9.6,CC(=Cc1ccc(C)o1)C(=O)N1CCCCC1c1cc(NC(=O)Cc2ccc3c(c2)CCCO3)n[nH]1,[BOS]CC(=Cc1ccc(C)o1)C(=O)N1CCCC[C@H]1c1cc(NC(=O)Cc2ccc3c(c2)CCCO3)n[nH]1[EOS][EOS],4866.934544324875,42
8.9,O=C(C(=O)N1C2CCC1CC(NC(=O)C1CC1c1ccc(Cl)cc1)C2)c1ccc(Cl)cc1,[BOS]O=C(C(=O)N1[C@@H]2CC[C@H]1C[C@@H](NC(=O)[C@@H]1C[C@H]1c1ccc(Cl)cc1)C2)c1ccc(Cl)cc1[EOS][EOS][EOS][EOS][EOS][EOS],9265.398018836975,42
9.4,Cc1cc(CCC(=O)N2CCCCC2c2cc(NC(=O)c3ccc(N4CCCOC4=O)cc3)n[nH]2)ccn1,[BOS]Cc1cc(CCC(=O)N2CCCC[C@@H]2c2cc(NC(=O)c3ccc(N4CCCOC4=O)cc3)n[nH]2)ccn1[EOS][EOS],14190.905142307281,42
11.5,Cc1cc(C(=O)Nc2cc(C3CCCCN3C(=O)C3C4CCCC3c3ccccc3N4)[nH]n2)c2[nH]c3cccnc3c2c1,[BOS]Cc1cc(C(=O)Nc2cc([C@@H]3CCCCN3C(=O)[C@H]3[C@@H]4CCC[C@H]3c3ccccc3N4)[nH]n2)c2[nH]c3cccnc3c2c1[EOS],4959.521825313568,42
9.2,Cc1cccn2ncc(C(=O)N3CCOCC4(C3)CN(C(=O)C3CC3c3ccc(F)cc3)CCO4)c12,[BOS]Cc1cccn2ncc(C(=O)N3CCOC[C@]4(C3)CN(C(=O)[C@H]3C[C@@H]3c3ccc(F)cc3)CCO4)c12[EOS],9601.864602088928,42
9.8,O=C(NCc1nc2cc(C(F)(F)F)ccc2o1)C12CC3CC(C1)CC(c1ccc(F)cc1)(C3)C2,[BOS]O=C(NCc1nc2cc(C(F)(F)F)ccc2o1)C12C[C@H]3C[C@@H](C1)CC(c1ccc(F)cc1)(C3)C2[EOS][EOS][EOS][EOS][EOS][EOS][EOS][EOS],13998.655007839203,42
11.1,O=C(NCc1cccnc1)c1ccc(-c2ccc3cc(O)cc(-c4cc5ccccc5cc4O)c3c2)cc1,[BOS]O=C(NCc1cccnc1)c1ccc(-c2ccc3cc(O)cc(-c4cc5ccccc5cc4O)c3c2)cc1[EOS],4841.351717472076,42
9.6,O=C(NCC1CCCc2ccccc21)N1CC=C(c2c[nH]c3cc(F)ccc23)CC1,[BOS]O=C(NC[C@H]1CCCc2ccccc21)N1CC=C(c2c[nH]c3cc(F)ccc23)CC1[EOS],8974.878384113312,42
10.6,Cc1cc2cc(C(=O)N3CCCCC3c3cc(NC(=O)c4cccc5ccccc45)n[nH]3)ccc2[nH]1,[BOS]Cc1cc2cc(C(=O)N3CCCC[C@H]3c3cc(NC(=O)c4cccc5ccccc45)n[nH]3)ccc2[nH]1[EOS],13793.721210956573,42
9.6,CC(=O)Nc1ccccc1C(=O)N1CCOCC2(C1)CN(C(=O)C1CCCC3CCCCC31)CCO2,[BOS]CC(=O)Nc1ccccc1C(=O)N1CCOC[C@]2(C1)CN(C(=O)[C@@H]1CCC[C@@H]3CCCC[C@H]31)CCO2[EOS][EOS][EOS][EOS],4520.468114376068,42
9.8,CC1CC(C)CN(c2ccc(C(=O)N3CCC(C(=O)Nc4ccc5c(c4)OCO5)CC3)cc2[N+](=O)[O-])C1,[BOS]C[C@H]1C[C@@H](C)CN(c2ccc(C(=O)N3CCC(C(=O)Nc4ccc5c(c4)OCO5)CC3)cc2[N+](=O)[O-])C1[EOS][EOS][EOS][EOS][EOS],9030.13414978981,42
9.9,O=C(Nc1cccc(NC(=O)N2CCCCCC2)c1)C1CC1c1ccc2ccccc2c1,[BOS]O=C(Nc1cccc(NC(=O)[C@@H]2C[C@@H]2c2ccc3ccccc3c2)c1)N1CCCCCC1[EOS],13781.744972229004,42
10.6,O=C(c1csc(Cc2cccc3ccccc23)n1)N1CCC2(CCc3ncccc32)CC1,[BOS]O=C(c1csc(Cc2cccc3ccccc23)n1)N1CCC2(CCc3ncccc32)CC1[EOS],4564.954062461853,42
9.2,Cc1cc(N2CCCC(NC(=O)N3CCCC(C)(c4ccccc4)C3)C2)nc(C(C)C)n1,[BOS]Cc1cc(N2CCC[C@@H](NC(=O)N3CCC[C@@](C)(c4ccccc4)C3)C2)nc(C(C)C)n1[EOS],8515.07282447815,42
9.7,Cc1ccc2nc(CNC(=O)c3nn(-c4ccc(Cl)cc4)c4c3CCCCC4)[nH]c(=O)c2c1,[BOS]Cc1ccc2nc(CNC(=O)c3nn(-c4ccc(Cl)cc4)c4c3CCCCC4)[nH]c(=O)c2c1[EOS][EOS][EOS][EOS][EOS][EOS][EOS],12678.201759338379,42
10.2,O=C1Nc2c(cccc2C(=O)N2CCC3(C2)CN(C(=O)C2CC2c2ccc(F)c(F)c2)CCO3)C1=O,[BOS]O=C1Nc2c(C(=O)N3CC[C@]4(C3)CN(C(=O)[C@H]3C[C@H]3c3ccc(F)c(F)c3)CCO4)cccc2C1=O[EOS],4729.574728488922,42
10.4,Cc1ccc2oc(C(=O)N3CCCCC3c3cc(NC(=O)c4cccc5c4CCCC5)n[nH]3)cc2n1,[BOS]Cc1ccc2oc(C(=O)N3CCCC[C@@H]3c3cc(NC(=O)c4cccc5c4CCCC5)n[nH]3)cc2n1[EOS],9678.206370830536,42
9.9,O=C(Cc1cc2cccnc2cc1F)Nc1cc(C2CCCCN2C(=O)c2c[nH+]c3ccccn23)[nH]n1,[BOS]O=C(Cc1cc2cccnc2cc1F)Nc1cc([C@H]2CCCCN2C(=O)c2c[nH+]c3ccccn23)[nH]n1[EOS][EOS][EOS][EOS][EOS][EOS],14853.771331310272,42
11.0,OC(c1ccc(F)cc1)c1cccc(-c2nc(-c3ccc4ccsc4c3)nc(-c3ccc(F)c4ccccc34)n2)c1,[BOS]OC(c1cccc(-c2nc(-c3ccc(F)c4ccccc34)nc(-c3ccc4ccsc4c3)n2)c1)c1ccc(F)cc1[EOS],4764.808975934982,42
11.1,O=C(Nc1cccc(-c2nc(-c3ccccc3)c(-c3ccc4ccccc4c3)o2)c1)c1n[nH]c2ccccc2c1=O,[BOS]O=C(Nc1cccc(-c2nc(-c3ccccc3)c(-c3ccc4ccccc4c3)o2)c1)c1n[nH]c2ccccc2c1=O[EOS],9644.634193658829,42
9.7,O=C(C1Cc2n[nH]c(C(F)(F)F)c2C1)N1CCCCC1c1cc(NC(=O)C23CCC(CC2)CC3)n[nH]1,[BOS]O=C([C@@H]1Cc2n[nH]c(C(F)(F)F)c2C1)N1CCCC[C@H]1c1cc(NC(=O)C23CCC(CC2)CC3)n[nH]1[EOS][EOS][EOS][EOS][EOS][EOS][EOS],14110.828355312347,42
9.9,CC1(C(=O)N2CC=C(c3cccc4ccccc34)C2)CC(c2cccc(Cl)c2F)=NO1,[BOS]C[C@]1(C(=O)N2CC=C(c3cccc4ccccc34)C2)CC(c2cccc(Cl)c2F)=NO1[EOS],4160.133324384689,42
9.4,Clc1ccc2ccc(C[NH+]3CCC4(C3)c3ccccc3CC43CCOCC3)cc2n1,[BOS]Clc1ccc2ccc(C[NH+]3CC[C@@]4(C3)c3ccccc3CC43CCOCC3)cc2n1[EOS],8402.60140323639,42
10.8,Cn1cc(C(=O)c2cccc3ccccc23)cc1-c1nc(C2CC(=O)c3ccc4c(c3O2)CCCC4)no1,[BOS]Cn1cc(C(=O)c2cccc3ccccc23)cc1-c1nc([C@H]2CC(=O)c3ccc4c(c3O2)CCCC4)no1[EOS],13063.36884856224,42
9.9,O=C(Nc1ccc(C(=O)N2CCCCCC2)cc1)C1CC12CCCc1ccccc12,[BOS]O=C(Nc1ccc(C(=O)N2CCCCCC2)cc1)[C@@H]1C[C@@]12CCCc1ccccc12[EOS],4598.1830842494965,42
10.7,O=C(c1cnc2[nH]ccc2c1)N1CCC(OC2CCN(C(=O)C3C4CCCC3c3ccccc3N4)CC2)CC1,[BOS]O=C(c1cnc2[nH]ccc2c1)N1CCC(OC2CCN(C(=O)[C@H]3[C@@H]4CCC[C@H]3c3ccccc3N4)CC2)CC1[EOS],9668.21852517128,42
10.0,O=C(NCC1CCCc2ccccc21)N1CCCCC1c1[nH]nc(C2CCOCC2)c1C(F)(F)F,[BOS]O=C(NC[C@@H]1CCCc2ccccc21)N1CCCC[C@H]1c1[nH]nc(C2CCOCC2)c1C(F)(F)F[EOS],14095.796755552292,42
10.2,Cc1cc(Cl)c2ccc(C(=O)NC3CCc4nc(NC(=O)C5CCC(=O)N5)sc4C3)cc2n1,[BOS]Cc1cc(Cl)c2ccc(C(=O)N[C@H]3CCc4nc(NC(=O)[C@H]5CCC(=O)N5)sc4C3)cc2n1[EOS],4546.918090105057,42
10.6,c1ccc2c(c1)[nH]c1ccc(-c3nc(Cc4nc5c6ccccc6n6ncnc6c5[nH]4)no3)cc12,[BOS]c1ccc2c(c1)[nH]c1ccc(-c3nc(Cc4nc5c6ccccc6n6ncnc6c5[nH]4)no3)cc12[EOS],8822.687736272812,42
8.9,O=C(NCC1CCN(C(=O)c2cccc3[nH]cnc23)C1c1ccc2ccccc2c1)c1ncc(Cl)cn1,[BOS]O=C(NC[C@@H]1CCN(C(=O)c2cccc3[nH]cnc23)[C@H]1c1ccc2ccccc2c1)c1ncc(Cl)cn1[EOS][EOS][EOS][EOS],13923.339643001556,42
10.1,O=C(Nc1nc(-c2ccc3ccccc3c2)cs1)C1CCN(C(=O)c2cccc3ccccc23)CC1,[BOS]O=C(Nc1nc(-c2ccc3ccccc3c2)cs1)C1CCN(C(=O)c2cccc3ccccc23)CC1[EOS][EOS][EOS][EOS],4166.895479679108,42
10.1,O=C1N(c2ccccc2)c2cccc(-c3nc(-c4ccc5ccccc5c4)no3)c2C12CCCCC2,[BOS]O=C1N(c2ccccc2)c2cccc(-c3nc(-c4ccc5ccccc5c4)no3)c2C12CCCCC2[EOS],8490.005568027496,42
9.9,Cc1c(Cl)cccc1N1C(=O)C(O)=C(c2ccc(OCc3ccccc3)cc2)C1c1ccnc2ccccc12,[BOS]Cc1c(Cl)cccc1N1C(=O)C(O)=C(c2ccc(OCc3ccccc3)cc2)C1c1ccnc2ccccc12[EOS][EOS][EOS][EOS][EOS][EOS][EOS][EOS],12859.340457677841,42
10.3,O=C1Nc2c(cccc2C(=O)N2CCCCC2c2cc(NC(=O)c3ccc(F)c4ccccc34)n[nH]2)C1=O,[BOS]O=C1Nc2c(cccc2C(=O)N2CCCC[C@H]2c2cc(NC(=O)c3ccc(F)c4ccccc34)n[nH]2)C1=O[EOS][EOS][EOS][EOS][EOS][EOS][EOS],4983.258583545685,42
9.8,O=C(NC1(c2ccc(NC(=O)C3CCC(F)(F)CC3)cc2)CCC1)C1=C2c3ccccc3C(=O)N2CC1,[BOS]O=C(NC1(c2ccc(NC(=O)C3CCC(F)(F)CC3)cc2)CCC1)C1=C2c3ccccc3C(=O)N2CC1[EOS][EOS][EOS][EOS],10217.262440681458,42
9.3,CC(C)C(NC(=O)Nc1ccnc(Cc2ccccc2)n1)c1cccc(C(F)(F)F)c1,[BOS]CC(C)[C@@H](NC(=O)Nc1ccnc(Cc2ccccc2)n1)c1cccc(C(F)(F)F)c1[EOS],14423.892848968506,42
10.7,CC(C)CC(=O)Nc1n[nH]c2ccc(-c3ccc(-c4cc(CN5CCOCC5)cc5ncccc45)c(C(F)F)n3)cc12,[BOS]CC(C)CC(=O)Nc1n[nH]c2ccc(-c3ccc(-c4cc(CN5CCOCC5)cc5ncccc45)c(C(F)F)n3)cc12[EOS],4810.2826092243195,42
10.1,O=C1CC(c2cc(-c3ccc(F)cc3F)nc(-c3ccccc3Cl)c2)Oc2cc(-c3ccccc3Cl)ccc21,[BOS]O=C1C[C@@H](c2cc(-c3ccc(F)cc3F)nc(-c3ccccc3Cl)c2)Oc2cc(-c3ccccc3Cl)ccc21[EOS][EOS][EOS][EOS][EOS][EOS],9111.398453474045,42
10.9,O=C1CC(C(=O)N2CCCCC2c2cc(NC(=O)C3CC(c4ccccc4)=NO3)n[nH]2)=Cc2ccccc2N1,[BOS]O=C(Nc1cc([C@@H]2CCCCN2C(=O)C2=Cc3ccccc3NC(=O)C2)[nH]n1)[C@@H]1CC(c2ccccc2)=NO1[EOS][EOS][EOS][EOS][EOS],14108.168303489685,42
10.2,CC(C(=O)N1CCCCC1c1cc(NC(=O)c2nc3ccccc3n(C)c2=O)n[nH]1)c1ccc(Cl)cc1,[BOS]Cn1c(=O)c(C(=O)Nc2cc([C@H]3CCCCN3C(=O)[C@H](C)c3ccc(Cl)cc3)[nH]n2)nc2ccccc21[EOS][EOS][EOS][EOS][EOS][EOS][EOS],5090.095394611359,42
9.9,Cc1ccc(Oc2ccc(NC(=O)CN3C(=O)NC4(CCc5ccccc54)C3=O)cc2)cc1C,[BOS]Cc1ccc(Oc2ccc(NC(=O)CN3C(=O)N[C@@]4(CCc5ccccc54)C3=O)cc2)cc1C[EOS],9841.047688961029,42
9.9,O=C(NC1(c2ccc(NC(=O)C3ON=C(c4ccccc4)O3)cc2)CCC1)c1cccc2ncccc12,[BOS]O=C(NC1(c2ccc(NC(=O)[C@H]3ON=C(c4ccccc4)O3)cc2)CCC1)c1cccc2ncccc12[EOS],15159.562319278717,42
