rv,smi,cur_sentence,elapsed_time,seed
13.2,O=C(Nc1cc(C2CCCCN2C(=O)c2cccc(F)n2)[nH]n1)c1ccc(-c2nc3ccccc3[nH]2)cc1,[BOS]O=C(Nc1cc([C@@H]2CCCCN2C(=O)c2cccc(F)n2)[nH]n1)c1ccc(-c2nc3ccccc3[nH]2)cc1[EOS][EOS][EOS][EOS][EOS][EOS][EOS][EOS],4716.408096313477,42
12.8,CC#CCC(C(=O)NC1C2COCC1CN(C(=O)Cc1ccc3c(c1)CCCO3)C2)c1ccccc1,[BOS]CC#CC[C@@H](C(=O)N[C@H]1[C@@H]2COC[C@H]1CN(C(=O)Cc1ccc3c(c1)CCCO3)C2)c1ccccc1[EOS],9728.07544541359,42
12.2,O=C1COc2ccc(NC(=O)N3CCCCC3c3cccc(C(F)(F)F)c3)cc2N1,[BOS]O=C1COc2ccc(NC(=O)N3CCCC[C@@H]3c3cccc(C(F)(F)F)c3)cc2N1[EOS],13888.099444150925,42
13.1,CCC1CCC(C(=O)N2CCCCC2c2cc(NC(=O)c3ccc4nc(C)ccc4c3)n[nH]2)CC1,[BOS]CC[C@H]1CC[C@H](C(=O)N2CCCC[C@@H]2c2cc(NC(=O)c3ccc4nc(C)ccc4c3)n[nH]2)CC1[EOS],18574.6933760643,42
13.8,O=C(NC1C2COCC1CN(C(=O)C1CC1c1ccc(F)c(F)c1)C2)c1cc2cccnc2[nH]c1=O,[BOS]O=C(N[C@H]1[C@@H]2COC[C@H]1CN(C(=O)[C@H]1C[C@H]1c1ccc(F)c(F)c1)C2)c1cc2cccnc2[nH]c1=O[EOS],23601.197713136673,42
12.1,O=C(c1cn(Cc2ccc(Cl)cc2Cl)nn1)N1CCC(c2ccccn2)CC1N1CCC(c2ccccc2F)C1,[BOS]O=C(c1cn(Cc2ccc(Cl)cc2Cl)nn1)N1CC[C@@H](c2ccccn2)C[C@@H]1N1CC[C@H](c2ccccc2F)C1[EOS],28087.18489432335,42
12.0,CC([NH2+]C(C)c1cccc(N2CCCC2=O)c1)C(=O)N1CC(=O)Nc2cc(C(F)(F)F)ccc21,[BOS]C[C@@H]([NH2+][C@H](C)C(=O)N1CC(=O)Nc2cc(C(F)(F)F)ccc21)c1cccc(N2CCCC2=O)c1[EOS][EOS],32917.38013648987,42
13.5,O=C(CC1NC(=O)c2ccccc2NC1=O)NCC1CC2c3ccccc3C1c1ccccc12,[BOS]O=C(C[C@@H]1NC(=O)c2ccccc2NC1=O)NC[C@H]1CC2c3ccccc3C1c1ccccc12[EOS],37839.723737716675,42
14.4,O=C(NCC1OCC2CCN(C(=O)C3(c4ccccc4)CC3)CC21)C1CCC(c2ccc(Cl)cc2)CC1,[BOS]O=C(NC[C@@H]1OC[C@@H]2CCN(C(=O)C3(c4ccccc4)CC3)C[C@@H]21)C1CCC(c2ccc(Cl)cc2)CC1[EOS],43316.41657280922,42
13.4,O=C(C(c1c[nH]c2cccc(F)c12)C(F)(F)F)N1CCC2(CCc3ccc(-c4ccoc4)cc32)CC1,[BOS]O=C([C@H](c1c[nH]c2cccc(F)c12)C(F)(F)F)N1CCC2(CCc3ccc(-c4ccoc4)cc32)CC1[EOS],47996.676929950714,42
12.2,O=C(NCc1ccnc(Oc2ccccc2F)c1)N1CCc2c(F)cc(F)cc2C1,[BOS]O=C(NCc1ccnc(Oc2ccccc2F)c1)N1CCc2c(F)cc(F)cc2C1[EOS],52884.954709768295,42
12.3,Cc1c(-c2nc(C3Cc4ccc(F)cc43)no2)nnn1Cc1ccc(-c2nn[n-]n2)cc1,[BOS]Cc1c(-c2nc([C@@H]3Cc4ccc(F)cc43)no2)nnn1Cc1ccc(-c2nn[n-]n2)cc1[EOS],56789.590717315674,42
12.9,O=C(Nc1cc(C2CCCCN2C(=O)c2cc(Cl)ccc2F)[nH]n1)c1cnc2c(F)c(F)ccc2c1,[BOS]O=C(Nc1cc([C@@H]2CCCCN2C(=O)c2cc(Cl)ccc2F)[nH]n1)c1cnc2c(F)c(F)ccc2c1[EOS],4818.367339134216,42
12.4,Cn1c(-c2ccc(NC(=O)C3CCCCN3S(=O)(=O)Cc3ccccc3)cc2)nc2ccccc21,[BOS]Cn1c(-c2ccc(NC(=O)[C@H]3CCCCN3S(=O)(=O)Cc3ccccc3)cc2)nc2ccccc21[EOS][EOS][EOS][EOS],9636.370609760284,42
13.9,O=C(NCc1cc(=O)oc2cc3c(cc12)OCO3)N1CCC2(CC1)c1ncc(-c3ccccc3)n1CCC2O,[BOS]O=C(NCc1cc(=O)oc2cc3c(cc12)OCO3)N1CCC2(CC1)c1ncc(-c3ccccc3)n1CC[C@H]2O[EOS],14612.138774633408,42
13.7,O=C(NCCc1coc(-c2ccc(F)cc2)n1)N1CCC2(C1)Oc1cccc3c1N2CCc1ccccc1-3,[BOS]O=C(NCCc1coc(-c2ccc(F)cc2)n1)N1CCC2(C1)Oc1cccc3c1N2CCc1ccccc1-3[EOS],19367.725286722183,42
13.4,O=C(CCC(=O)N1CCCCC1c1[nH]c(-c2cccc(F)c2)c[nH+]1)N1CCN(c2ccccn2)CC1,[BOS]O=C(CCC(=O)N1CCCC[C@H]1c1[nH]c(-c2cccc(F)c2)c[nH+]1)N1CCN(c2ccccn2)CC1[EOS],25110.434342861176,42
14.3,O=C(NC1C2COCC1CN(C(=O)c1cccc3c1oc1ccccc13)C2)c1ccc2c(c1)CCCC2=O,[BOS]O=C(N[C@H]1[C@@H]2COC[C@H]1CN(C(=O)c1cccc3c1oc1ccccc13)C2)c1ccc2c(c1)CCCC2=O[EOS],29919.40300965309,42
12.7,O=C(COc1ccc2oc3c(c2c1)CCCC3)Nc1ccc(CC(=O)N2CCN(c3ccccn3)CC2)cc1,[BOS]O=C(COc1ccc2oc3c(c2c1)CCCC3)Nc1ccc(CC(=O)N2CCN(c3ccccn3)CC2)cc1[EOS][EOS][EOS][EOS][EOS][EOS][EOS][EOS],34859.55218911171,42
12.9,Cc1cc2cc(NC(=O)C(c3c[nH]c4cc(F)ccc34)C(F)(F)F)cc(F)c2n(C)c1=O,[BOS]Cc1cc2cc(NC(=O)[C@@H](c3c[nH]c4cc(F)ccc34)C(F)(F)F)cc(F)c2n(C)c1=O[EOS],39412.73429989815,42
13.0,CC(c1ccc2ccccc2c1)N1C(=O)N=C(O)C2(Cc3ccccc3N3CCCCC32)C1=O,[BOS]C[C@H](c1ccc2ccccc2c1)N1C(=O)N=C(O)[C@]2(Cc3ccccc3N3CCCC[C@@H]32)C1=O[EOS][EOS][EOS][EOS][EOS][EOS],43657.61048364639,42
13.0,c1ccc(C2(c3nnc(C4COc5ccccc5O4)c4ccccc34)CCCCC2)cc1,[BOS]c1ccc(C2(c3nnc([C@H]4COc5ccccc5O4)c4ccccc34)CCCCC2)cc1[EOS],47755.66319847107,42
12.2,Cc1ccc(O)c(C(=O)N2CCC(OC3CCN(C(=O)c4c[nH]c5cc(Cl)ccc45)CC3)CC2)c1,[BOS]Cc1ccc(O)c(C(=O)N2CCC(OC3CCN(C(=O)c4c[nH]c5cc(Cl)ccc45)CC3)CC2)c1[EOS][EOS],53057.680341243744,42
13.9,COc1ccc2[nH]cc(C(=O)N3CCCCC3C3CCN(C(=O)CCN4Cc5ccccc5C4=O)CC3)c2c1,[BOS]COc1ccc2[nH]cc(C(=O)N3CCCC[C@H]3C3CCN(C(=O)CCN4Cc5ccccc5C4=O)CC3)c2c1[EOS],58544.75688314438,42
13.5,O=C(Nc1cc(C2CCCCN2C(=O)C(F)c2ccccc2)[nH]n1)c1ccc2cc(O)ccc2n1,[BOS]O=C(Nc1cc([C@@H]2CCCCN2C(=O)[C@H](F)c2ccccc2)[nH]n1)c1ccc2cc(O)ccc2n1[EOS],5107.901946306229,42
13.5,O=c1c2ccccc2c(-c2cc(F)c(F)c(F)c2)nn1Cc1nc(Cc2cccc3ccccc23)no1,[BOS]O=c1c2ccccc2c(-c2cc(F)c(F)c(F)c2)nn1Cc1nc(Cc2cccc3ccccc23)no1[EOS],10064.084092378616,42
12.4,CC(NC(=O)C(=O)N1CCC(C(=O)c2ccccc2)CC1)C(=O)N1Cc2ccccc2C1,[BOS]C[C@H](NC(=O)C(=O)N1CCC(C(=O)c2ccccc2)CC1)C(=O)N1Cc2ccccc2C1[EOS][EOS][EOS][EOS][EOS][EOS][EOS],14847.72600197792,42
14.1,O=C(NCC1CCCc2ccccc21)N1CCCC2(COCCN(c3cccc(C(F)(F)F)c3)C2)C1,[BOS]O=C(NC[C@@H]1CCCc2ccccc21)N1CCC[C@]2(COCCN(c3cccc(C(F)(F)F)c3)C2)C1[EOS],19269.08690071106,42
12.7,O=C1Cc2cc(C(=O)N3CCC(OC4CCN(C(=O)C5Cc6ccccc6O5)CC4)CC3)ccc2N1,[BOS]O=C1Cc2cc(C(=O)N3CCC(OC4CCN(C(=O)[C@H]5Cc6ccccc6O5)CC4)CC3)ccc2N1[EOS][EOS],24503.85955762863,42
12.9,Cc1cccc(C2CCCN2C(=O)C(=O)Nc2cc3c(cc2F)CCC(=O)N3Cc2ccccc2)c1C,[BOS]Cc1cccc([C@@H]2CCCN2C(=O)C(=O)Nc2cc3c(cc2F)CCC(=O)N3Cc2ccccc2)c1C[EOS],28896.839693069458,42
13.2,Cn1ncc2cc(C(=O)NC3C4COCC3CN(C(=O)c3c[nH+]c5cc(C(F)(F)F)ccn35)C4)ccc21,[BOS]Cn1ncc2cc(C(=O)N[C@H]3[C@@H]4COC[C@H]3CN(C(=O)c3c[nH+]c5cc(C(F)(F)F)ccn35)C4)ccc21[EOS][EOS][EOS][EOS][EOS][EOS],33777.07696008682,42
12.8,O=C1Nc2ccccc2CCC1NC(=O)N1CCNC(=O)C1c1cc(F)c(F)c(F)c1,[BOS]O=C1NCCN(C(=O)N[C@H]2CCc3ccccc3NC2=O)[C@H]1c1cc(F)c(F)c(F)c1[EOS],38031.425877809525,42
12.4,Cc1ccn(CC(=O)N2CCCCC2c2cc(NC(=O)c3ccc4c(c3)CCCC4=O)n[nH]2)n1,[BOS]Cc1ccn(CC(=O)N2CCCC[C@H]2c2cc(NC(=O)c3ccc4c(c3)CCCC4=O)n[nH]2)n1[EOS],42871.341797828674,42
12.5,O=C(Nc1ccc(-n2ncc3ccccc32)cc1)c1cc2ccccc2n1Cc1cccc(F)c1F,[BOS]O=C(Nc1ccc(-n2ncc3ccccc32)cc1)c1cc2ccccc2n1Cc1cccc(F)c1F[EOS],47538.8540494442,42
13.2,O=C(C1CC(c2cccc(F)c2)=NO1)N1CCc2c(cccc2NS(=O)(=O)c2ccccc2)C1,[BOS]O=C([C@H]1CC(c2cccc(F)c2)=NO1)N1CCc2c(cccc2NS(=O)(=O)c2ccccc2)C1[EOS],52169.40740156174,42
13.5,Cc1nnc2ccc(NC(=O)NC3C4CCC(C4)C3C(=O)OCC3c4ccccc4-c4ccccc43)nn12,[BOS]Cc1nnc2ccc(NC(=O)N[C@@H]3[C@H]4CC[C@@H](C4)[C@H]3C(=O)OCC3c4ccccc4-c4ccccc43)nn12[EOS],56941.62290811539,42
12.7,O=C1NC(=O)C(Cc2ccc(NC(=O)N3Cc4ccccc4-c4ccccc4C3)cc2)N1,[BOS]O=C1NC(=O)[C@H](Cc2ccc(NC(=O)N3Cc4ccccc4-c4ccccc4C3)cc2)N1[EOS],4437.054640293121,42
13.0,O=C(CC1COc2ccccc2O1)N1CCC(C2CCCCN(C(=O)c3ccc[n+]([O-])c3)C2)CC1,[BOS]O=C(C[C@@H]1COc2ccccc2O1)N1CCC([C@@H]2CCCCN(C(=O)c3ccc[n+]([O-])c3)C2)CC1[EOS],9480.241604804993,42
13.8,O=C(CC1OCCc2ccccc21)NC1C2COCC1CN(C(=O)Cc1ccc3ccccc3c1)C2,[BOS]O=C(C[C@@H]1OCCc2ccccc21)N[C@H]1[C@@H]2COC[C@H]1CN(C(=O)Cc1ccc3ccccc3c1)C2[EOS],14607.861798763275,42
13.2,O=C(NC1COc2c(F)cc(F)cc2C1)NC1CCOc2c(-c3ccccc3)cccc21,[BOS]O=C(N[C@@H]1CCOc2c(-c3ccccc3)cccc21)N[C@@H]1COc2c(F)cc(F)cc2C1[EOS],19029.485855579376,42
12.3,NC(=O)NC(CC(=O)N1Cc2ccccc2C2CCCC21)c1cccc(Oc2ccccc2)c1,[BOS]NC(=O)N[C@@H](CC(=O)N1Cc2ccccc2[C@H]2CCC[C@H]21)c1cccc(Oc2ccccc2)c1[EOS],24153.064121961594,42
12.7,Cc1cccc(Cl)c1C(=O)NCC1OCC2CCN(C(=O)c3[nH]nc4c3CCc3ncccc3-4)CC21,[BOS]Cc1cccc(Cl)c1C(=O)NC[C@@H]1OC[C@@H]2CCN(C(=O)c3[nH]nc4c3CCc3ncccc3-4)C[C@@H]21[EOS],29054.950538158417,42
13.6,O=C(NC1C2COCC1CN(C(=O)C1CCc3ccccc31)C2)c1[nH]nc2c1CCc1ncccc1-2,[BOS]O=C(N[C@H]1[C@@H]2COC[C@H]1CN(C(=O)[C@H]1CCc3ccccc31)C2)c1[nH]nc2c1CCc1ncccc1-2[EOS],33948.45108747482,42
12.5,Cc1c(NC(=O)c2nn(Cc3ccccc3)c(=O)c3ccccc23)ncnc1-c1ccccc1,[BOS]Cc1c(NC(=O)c2nn(Cc3ccccc3)c(=O)c3ccccc23)ncnc1-c1ccccc1[EOS][EOS][EOS][EOS][EOS][EOS][EOS][EOS],38934.610384225845,42
13.0,Cc1ccc(C(=O)N2CCCCC2c2cc(NC(=O)CC3CNc4ccccc4O3)n[nH]2)c(C)c1F,[BOS]Cc1ccc(C(=O)N2CCCC[C@@H]2c2cc(NC(=O)C[C@H]3CNc4ccccc4O3)n[nH]2)c(C)c1F[EOS],43902.26607251167,42
12.8,O=C(NCC1OCC2CCN(C(=O)C3CC4(CCC4)C3)CC21)C1CCc2[nH]c(=O)[nH]c(=O)c2C1,[BOS]O=C(NC[C@@H]1OC[C@@H]2CCN(C(=O)C3CC4(CCC4)C3)C[C@@H]21)[C@@H]1CCc2[nH]c(=O)[nH]c(=O)c2C1[EOS],49108.12314939499,42
13.3,Cn1c(=O)oc2cc(S(=O)(=O)N3CC[NH+](C(C(=O)NCc4ccccc4)c4ccccc4)CC3)ccc21,[BOS]Cn1c(=O)oc2cc(S(=O)(=O)N3CC[NH+]([C@H](C(=O)NCc4ccccc4)c4ccccc4)CC3)ccc21[EOS],55054.91663432121,42
13.0,FC(F)(F)c1ccc(-n2ncc(-c3nnc(Cc4ccc5ccccc5c4)o3)c2Cc2ccc(Cl)cc2)cc1,[BOS]FC(F)(F)c1ccc(-n2ncc(-c3nnc(Cc4ccc5ccccc5c4)o3)c2Cc2ccc(Cl)cc2)cc1[EOS],59187.27410078049,42
12.5,Cn1ccc2cc(-c3noc(CC(O)(c4ccc5ccccc5c4)C(F)(F)F)n3)ccc2c1=O,[BOS]Cn1ccc2cc(-c3noc(C[C@@](O)(c4ccc5ccccc5c4)C(F)(F)F)n3)ccc2c1=O[EOS],4810.0218460559845,42
13.1,O=C(NCC1CC[NH+](Cc2nc3ccccc3c(=O)[nH]2)CC1)C1CC1c1ccc2ccccc2c1,[BOS]O=C(NCC1CC[NH+](Cc2nc3ccccc3c(=O)[nH]2)CC1)[C@@H]1C[C@H]1c1ccc2ccccc2c1[EOS],9944.059210062027,42
12.3,O=C(Nc1nnc(-c2ccncc2)s1)C(=O)N1CCCC1CC(=O)c1ccc2c(c1)CCC2,[BOS]O=C(C[C@@H]1CCCN1C(=O)C(=O)Nc1nnc(-c2ccncc2)s1)c1ccc2c(c1)CCC2[EOS],14690.643612861633,42
12.6,Fc1cc2c(cc1F)CC([NH+]1CCC(c3ccc4ccccc4c3)CC1)CC2,[BOS]Fc1cc2c(cc1F)C[C@H]([NH+]1CCC(c3ccc4ccccc4c3)CC1)CC2[EOS],18789.209241867065,42
13.5,O=C(NC1C2CCC1Cc1ccccc1C2)C(=O)N1CC(c2ccccc2)C2COCCC21,[BOS]O=C(NC1[C@H]2CC[C@H]1Cc1ccccc1C2)C(=O)N1C[C@H](c2ccccc2)[C@H]2COCC[C@H]21[EOS],22916.76631474495,42
13.3,O=S(=O)(Nc1ccccc1)c1ccc2c(c1)C1C=CCC1C(c1cccc3ccccc13)N2,[BOS]O=S(=O)(Nc1ccccc1)c1ccc2c(c1)[C@@H]1C=CC[C@H]1[C@@H](c1cccc3ccccc13)N2[EOS],27548.02036356926,42
13.7,O=C(Nc1cccc(Cn2c([O-])c(Cc3cccc4ccccc34)[nH]c2=O)c1)c1ccc2c(c1)OCO2,[BOS]O=C(Nc1cccc(Cn2c([O-])c(Cc3cccc4ccccc34)[nH]c2=O)c1)c1ccc2c(c1)OCO2[EOS],33154.71686053276,42
12.5,Cc1cc(OC(=O)C2CC(=O)N(c3cccc(C)c3C)C2)ccc1-c1ncn(Cc2cccc(F)c2)n1,[BOS]Cc1cccc(N2C[C@@H](C(=O)Oc3ccc(-c4ncn(Cc5cccc(F)c5)n4)c(C)c3)CC2=O)c1C[EOS][EOS][EOS][EOS][EOS][EOS][EOS],38157.748045921326,42
13.1,Cc1nc(F)ccc1C(=O)N1CCCCC1C1CCN(C(=O)Cc2ccc3c(c2)CCCO3)CC1,[BOS]Cc1nc(F)ccc1C(=O)N1CCCC[C@@H]1C1CCN(C(=O)Cc2ccc3c(c2)CCCO3)CC1[EOS],43078.57844543457,42
12.3,Cc1ccc(N2CCN(C(=O)NCC3CCN(c4ccccc4F)C3)C(C)C2)cc1C,[BOS]Cc1ccc(N2CCN(C(=O)NC[C@@H]3CCN(c4ccccc4F)C3)[C@@H](C)C2)cc1C[EOS][EOS][EOS][EOS][EOS],47511.5142557621,42
12.6,O=C(C(c1c[nH]c2ccccc12)C(F)(F)F)N1CCC(N2CCc3cc(F)ccc32)CC1,[BOS]O=C([C@@H](c1c[nH]c2ccccc12)C(F)(F)F)N1CCC(N2CCc3cc(F)ccc32)CC1[EOS],52149.29459953308,42
12.6,O=C(Cc1[nH]nc2ccccc12)Nc1nc2ccccc2n1Cc1cccc(C(F)(F)F)c1,[BOS]O=C(Cc1[nH]nc2ccccc12)Nc1nc2ccccc2n1Cc1cccc(C(F)(F)F)c1[EOS],56510.38436579704,42
12.5,OC(=NC1Cc2ccccc2C1)N1Cc2ccccc2-n2cccc2C1c1c(F)cc(F)c(F)c1Cl,[BOS]OC(=NC1Cc2ccccc2C1)N1Cc2ccccc2-n2cccc2C1c1c(F)cc(F)c(F)c1Cl[EOS],4126.39217543602,42
11.7,Cc1ccc(C(=O)NCCC(=O)NCc2ccc3nnc(-c4ccc(F)cc4)n3c2)c(O)c1C,[BOS]Cc1ccc(C(=O)NCCC(=O)NCc2ccc3nnc(-c4ccc(F)cc4)n3c2)c(O)c1C[EOS],10031.001420021057,42
13.6,O=C(Cn1c([O-])cn2c(cc3ccccc32)c1=O)NC1CCCC1c1cccc(C(F)(F)F)c1,[BOS]O=C(Cn1c([O-])cn2c(cc3ccccc32)c1=O)N[C@H]1CCC[C@H]1c1cccc(C(F)(F)F)c1[EOS],14765.65597820282,42
13.1,O=C(CCc1c[nH]c2ccc(F)cc12)N1CCC2C1CCN2C(=O)C1CCN(c2ccc(F)cn2)CC1,[BOS]O=C(CCc1c[nH]c2ccc(F)cc12)N1CC[C@H]2[C@@H]1CCN2C(=O)C1CCN(c2ccc(F)cn2)CC1[EOS][EOS],19953.367399454117,42
13.0,Cc1nc(NC(=O)NCc2cccc3cccnc23)sc1Cc1cccc2ccccc12,[BOS]Cc1nc(NC(=O)NCc2cccc3cccnc23)sc1Cc1cccc2ccccc12[EOS],24381.77874302864,42
13.9,O=C(Cc1ccc2c(c1)CCC2)N1CCC(C2CCCCN2C(=O)C2CCc3ccccc3O2)CC1,[BOS]O=C(Cc1ccc2c(c1)CCC2)N1CCC([C@H]2CCCCN2C(=O)[C@@H]2CCc3ccccc3O2)CC1[EOS],29450.954994916916,42
13.8,CC1(c2ccc3ccccc3c2)NC(=O)N(C[NH+]2CCC(c3c[nH]c4ccc(F)cc34)CC2)C1=O,[BOS]C[C@]1(c2ccc3ccccc3c2)NC(=O)N(C[NH+]2CCC(c3c[nH]c4ccc(F)cc34)CC2)C1=O[EOS],34698.743302345276,42
14.0,O=C(NC1CC2CCC(C1)N2C(=O)c1ccc2nc[nH]c2c1)c1[nH]nc2c1CCc1ncccc1-2,[BOS]O=C(N[C@H]1C[C@H]2CC[C@@H](C1)N2C(=O)c1ccc2nc[nH]c2c1)c1[nH]nc2c1CCc1ncccc1-2[EOS],39418.181758880615,42
12.8,O=C1C([NH+]2CCCC(C[NH+]3CCNCc4cc(F)ccc43)C2)CCN1c1ccc2ccc(F)cc2n1,[BOS]O=C1[C@@H]([NH+]2CCC[C@@H](C[NH+]3CCNCc4cc(F)ccc43)C2)CCN1c1ccc2ccc(F)cc2n1[EOS],44253.24203038216,42
14.4,O=C(NC1C2COCC1CN(C(=O)c1cccc3c1oc1ccccc13)C2)c1ccc(-c2ccccc2)cc1,[BOS]O=C(N[C@H]1[C@@H]2COC[C@H]1CN(C(=O)c1cccc3c1oc1ccccc13)C2)c1ccc(-c2ccccc2)cc1[EOS],49130.38575863838,42
14.0,O=C(C[NH+]1CCC2(CCc3ccccc3C2)CC1)N1CCCC1c1ccc2c(c1)OCCCO2,[BOS]O=C(C[NH+]1CCC2(CCc3ccccc3C2)CC1)N1CCC[C@@H]1c1ccc2c(c1)OCCCO2[EOS],53956.19284749031,42
11.8,CCCc1c(NC(=O)Cn2c3ccccc3c(=O)c3ccccc32)cnn1-c1cccc(C)c1,[BOS]CCCc1c(NC(=O)Cn2c3ccccc3c(=O)c3ccccc32)cnn1-c1cccc(C)c1[EOS][EOS][EOS][EOS][EOS][EOS][EOS][EOS],58827.22844696045,42
14.2,O=C(C1CCN(S(=O)(=O)c2ccc3ccccc3c2)CC1)N1CC=C(c2ccc3c(c2)OCCO3)CC1,[BOS]O=C(C1CCN(S(=O)(=O)c2ccc3ccccc3c2)CC1)N1CC=C(c2ccc3c(c2)OCCO3)CC1[EOS],4928.935652017593,42
13.1,O=C(CCc1ccc2ccccc2c1)N1CCN(C(=O)c2cc3c(s2)-c2ccccc2CC3)CC1,[BOS]O=C(CCc1ccc2ccccc2c1)N1CCN(C(=O)c2cc3c(s2)-c2ccccc2CC3)CC1[EOS],9467.01750612259,42
14.0,[NH2+]=C(NC(=O)C1CCC2(CC1)[NH2+]CCc1ccccc12)c1ccc2cc(O)ccc2c1,[BOS][NH2+]=C(NC(=O)C1CCC2(CC1)[NH2+]CCc1ccccc12)c1ccc2cc(O)ccc2c1[EOS],13597.023668050766,42
13.5,O=C(Nc1cccc(CS(=O)(=O)c2ccc(F)cc2F)c1)C(O)C(O)C1=c2ccccc2=[NH+]C1,[BOS]O=C(Nc1cccc(CS(=O)(=O)c2ccc(F)cc2F)c1)[C@@H](O)[C@H](O)C1=c2ccccc2=[NH+]C1[EOS],18852.128367185593,42
12.7,O=C(Nc1ccc2nc(CC3CCCCC3)[nH]c2c1)C1CC12CCCc1ccccc12,[BOS]O=C(Nc1ccc2nc(CC3CCCCC3)[nH]c2c1)[C@H]1C[C@]12CCCc1ccccc12[EOS],23435.468159914017,42
12.1,Cc1ccccc1-c1ccccc1C[NH+]1CCC(c2nnc3n2CCCC3)CC1,[BOS]Cc1ccccc1-c1ccccc1C[NH+]1CCC(c2nnc3n2CCCC3)CC1[EOS],28276.119362592697,42
12.6,Cc1ccc(OCc2ccccc2)nc1N1CC2CC(c3noc(-c4cccc(F)c4)n3)C2C1,[BOS]Cc1ccc(OCc2ccccc2)nc1N1C[C@@H]2C(c3noc(-c4cccc(F)c4)n3)C[C@@H]2C1[EOS],32972.38850545883,42
12.7,O=C1CCCc2cc(-c3noc(C4(c5coc6ccccc56)CCCCC4)n3)c([O-])cc21,[BOS]O=C1CCCc2cc(-c3noc(C4(c5coc6ccccc56)CCCCC4)n3)c([O-])cc21[EOS],37036.20723938942,42
14.0,O=C(NC1CC2CCC(C1)N2C(=O)C1Cc2ccccc2C1)c1cc2n(n1)Cc1ccccc1NC2=O,[BOS]O=C(N[C@H]1C[C@H]2CC[C@@H](C1)N2C(=O)C1Cc2ccccc2C1)c1cc2n(n1)Cc1ccccc1NC2=O[EOS],41869.871041059494,42
13.1,Cc1cc(C)n2ccc(C(=O)NC3C4COCC3CN(C(=O)C3CC3c3ccc(F)c(F)c3)C4)c2n1,[BOS]Cc1cc(C)n2ccc(C(=O)N[C@H]3[C@@H]4COC[C@H]3CN(C(=O)[C@@H]3C[C@H]3c3ccc(F)c(F)c3)C4)c2n1[EOS],46920.26520180702,42
11.4,CCOc1c(C(=O)NCC2OCC3CCN(C(=O)c4ccncc4)CC32)cnc2c1cnn2C,[BOS]CCOc1c(C(=O)NC[C@@H]2OC[C@@H]3CCN(C(=O)c4ccncc4)C[C@@H]32)cnc2c1cnn2C[EOS],52063.79634952545,42
13.5,Cc1c(-n2nnnc2SCC(=O)N2c3ccccc3N=C(O)C23CCCC3)c(=O)n(-c2ccccc2)n1C,[BOS]Cc1c(-n2nnnc2SCC(=O)N2c3ccccc3N=C(O)C23CCCC3)c(=O)n(-c2ccccc2)n1C[EOS][EOS][EOS][EOS][EOS][EOS],57723.84593939781,42
12.5,Cc1cc(C)c(C(=O)N2CCC(C3CCCCN3C(=O)Cc3cc(F)cc(F)c3)CC2)c(C)c1,[BOS]Cc1cc(C)c(C(=O)N2CCC([C@@H]3CCCCN3C(=O)Cc3cc(F)cc(F)c3)CC2)c(C)c1[EOS],4837.680307626724,42
12.5,O=C1NC(CC(=O)N2CCC3(CC(=O)N(c4ccc5c(c4)OCO5)C3)C2)C(=O)c2ccccc21,[BOS]O=C1N[C@H](CC(=O)N2CC[C@]3(CC(=O)N(c4ccc5c(c4)OCO5)C3)C2)C(=O)c2ccccc21[EOS][EOS][EOS][EOS][EOS][EOS][EOS],9298.110980033875,42
13.9,O=C(CCc1cnc2ccccc2c1)NC1C2COCC1CN(C(=O)c1cc(=O)c3ccccc3o1)C2,[BOS]O=C(CCc1cnc2ccccc2c1)N[C@H]1[C@@H]2COC[C@H]1CN(C(=O)c1cc(=O)c3ccccc3o1)C2[EOS],14799.996343135834,42
12.6,CC(CNC(=O)N1CCc2ccc(O)cc2C1)c1nn(-c2ccccc2)c2c1C(=O)CC(C)(C)C2,[BOS]C[C@@H](CNC(=O)N1CCc2ccc(O)cc2C1)c1nn(-c2ccccc2)c2c1C(=O)CC(C)(C)C2[EOS],19449.59717988968,42
13.9,O=C(c1cccnc1N1CCC(c2noc3ccc(F)cc23)CC1)N(c1ccccc1)C1CCc2ccccc21,[BOS]O=C(c1cccnc1N1CCC(c2noc3ccc(F)cc23)CC1)N(c1ccccc1)C1CCc2ccccc21[EOS],24441.391570568085,42
13.5,Cc1c(F)ccc(C(=O)N2CCCCC2C2CCN(C(=O)c3cn4c(F)cccc4[nH+]3)CC2)c1N,[BOS]Cc1c(F)ccc(C(=O)N2CCCC[C@H]2C2CCN(C(=O)c3cn4c(F)cccc4[nH+]3)CC2)c1N[EOS],29663.53224015236,42
13.1,O=C(Nc1ccc(C2(NC(=O)C3CC3c3ccc(F)c(F)c3)CCC2)cc1)c1ccc2n[nH]nc2c1,[BOS]O=C(Nc1ccc(C2(NC(=O)[C@@H]3C[C@@H]3c3ccc(F)c(F)c3)CCC2)cc1)c1ccc2n[nH]nc2c1[EOS],35280.246022462845,42
11.9,O=C1NCCC12CN(C(F)(F)c1ccc(-c3ccc(Cl)nn3)cc1)CC2c1ccccc1,[BOS]O=C1NCC[C@@]12CN(C(F)(F)c1ccc(-c3ccc(Cl)nn3)cc1)C[C@H]2c1ccccc1[EOS],39569.712005615234,42
12.7,O=C1NC(=O)N(c2ccc(F)cc2)C(=O)C1=Cc1cn(Cc2ccc3ccccc3c2)c2ccccc12,[BOS]O=C1NC(=O)N(c2ccc(F)cc2)C(=O)C1=Cc1cn(Cc2ccc3ccccc3c2)c2ccccc12[EOS][EOS][EOS][EOS][EOS][EOS][EOS][EOS],44549.62220978737,42
12.3,CC([NH3+])C1CCC(C(=O)[NH+]=c2ccn(C3CC4CCC(C3)N4Cc3ccccc3)cc2)CC1,[BOS]C[C@H]([NH3+])C1CCC(C(=O)[NH+]=c2ccn([C@H]3C[C@H]4CC[C@@H](C3)N4Cc3ccccc3)cc2)CC1[EOS],49480.194103717804,42
12.6,O=C(CCC1CCC1)N1CCOCC2(C1)CN(C(=O)Cc1ccc3ccccc3c1)CCO2,[BOS]O=C(CCC1CCC1)N1CCOC[C@]2(C1)CN(C(=O)Cc1ccc3ccccc3c1)CCO2[EOS],54346.99647307396,42
13.0,CC1CCc2nnc(N3CCC4C(c5ccccc5)OC(=O)N4C3CC(=O)OC3CCCCC3)cc2C1,[BOS]C[C@@H]1CCc2nnc(N3CC[C@H]4[C@H](c5ccccc5)OC(=O)N4[C@H]3CC(=O)OC3CCCCC3)cc2C1[EOS],58103.48028707504,42
13.5,O=C(NC1C2COCC1CN(C(=O)c1n[nH]c3cc(Cl)ccc13)C2)C1ON=C(c2ccccc2)O1,[BOS]O=C(N[C@H]1[C@@H]2COC[C@H]1CN(C(=O)c1n[nH]c3cc(Cl)ccc13)C2)[C@H]1ON=C(c2ccccc2)O1[EOS],4942.805102109909,42
13.0,Cc1ccc(C(=O)N2CCC(C3CCCCN3C(=O)C3Cc4ccccc4C[NH2+]3)CC2)o1,[BOS]Cc1ccc(C(=O)N2CCC([C@@H]3CCCCN3C(=O)[C@H]3Cc4ccccc4C[NH2+]3)CC2)o1[EOS],9771.53149485588,42
12.2,CC(C)c1ccc(Cn2nccc2NC(=O)C[NH+]2CCc3[nH]c4ccc(Cl)cc4c3C2)cc1,[BOS]CC(C)c1ccc(Cn2nccc2NC(=O)C[NH+]2CCc3[nH]c4ccc(Cl)cc4c3C2)cc1[EOS][EOS][EOS],14857.22664809227,42
13.2,O=C(Nc1cc(C2CCCCN2C(=O)c2nc(Cl)ccc2F)[nH]n1)c1ccc2c(c1)CCCC2=O,[BOS]O=C(Nc1cc([C@H]2CCCCN2C(=O)c2nc(Cl)ccc2F)[nH]n1)c1ccc2c(c1)CCCC2=O[EOS],19700.149713754654,42
11.9,CC1CCCN1C(=O)C1(Cc2cccc(-c3ccc(F)cc3)c2)CCN(S(=O)(=O)CC2CCCC2)CC1,[BOS]C[C@@H]1CCCN1C(=O)C1(Cc2cccc(-c3ccc(F)cc3)c2)CCN(S(=O)(=O)CC2CCCC2)CC1[EOS][EOS][EOS][EOS][EOS][EOS],24359.54253745079,42
13.5,Cc1ccc(CC(=O)N2CCCCC2c2cc(NC(=O)Cc3ccc4ccccc4c3)n[nH]2)cc1[N+](=O)[O-],[BOS]Cc1ccc(CC(=O)N2CCCC[C@H]2c2cc(NC(=O)Cc3ccc4ccccc4c3)n[nH]2)cc1[N+](=O)[O-][EOS],29603.388419628143,42
12.8,CC(=O)N1CC[NH+](Cc2cccc(NS(=O)(=O)C3=Cc4ccccc4CC3)c2)CC1,[BOS]CC(=O)N1CC[NH+](Cc2cccc(NS(=O)(=O)C3=Cc4ccccc4CC3)c2)CC1[EOS],34812.270501852036,42
12.6,O=C(NCCC(=O)N1CCCCC1C1CCN(C(=O)c2cncc3cnccc23)CC1)c1ccccc1,[BOS]O=C(NCCC(=O)N1CCCC[C@H]1C1CCN(C(=O)c2cncc3cnccc23)CC1)c1ccccc1[EOS][EOS][EOS][EOS][EOS],40685.25451397896,42
12.7,O=C(NC1CC[NH+](C2CCN(C(=O)C3CNc4ccccc43)CC2)CC1)c1ccc2ccoc2c1,[BOS]O=C(NC1CC[NH+](C2CCN(C(=O)[C@H]3CNc4ccccc43)CC2)CC1)c1ccc2ccoc2c1[EOS][EOS][EOS][EOS][EOS][EOS],46192.04911494255,42
13.0,O=C1NC2(CCC[NH+](Cc3ccccc3)C2)C(=O)N1C1CC2CCCC(C1)[NH+]2Cc1ccccc1,[BOS]O=C1N[C@@]2(CCC[NH+](Cc3ccccc3)C2)C(=O)N1C1C[C@@H]2CCC[C@@H](C1)[NH+]2Cc1ccccc1[EOS][EOS][EOS][EOS][EOS][EOS],50877.27079629898,42
12.7,FC1(F)CC[NH+](Cc2nc(-c3ccc(Cl)c(Cl)c3)no2)CC2(CCN(c3ccccc3)C2)C1,[BOS]FC1(F)CC[NH+](Cc2nc(-c3ccc(Cl)c(Cl)c3)no2)C[C@]2(CCN(c3ccccc3)C2)C1[EOS],55676.37483739853,42
13.2,CC1(c2ccc3ccccc3c2)NC(=O)N(CN2CCC(c3c(F)cccc3F)CC2)C1=O,[BOS]C[C@]1(c2ccc3ccccc3c2)NC(=O)N(CN2CCC(c3c(F)cccc3F)CC2)C1=O[EOS],60351.85100483894,42
11.8,Cc1cc(C)c(N2CC(C(=O)Nc3cnn(-c4cnc5ccccc5n4)c3)CC2=O)c(C)c1,[BOS]Cc1cc(C)c(N2C[C@@H](C(=O)Nc3cnn(-c4cnc5ccccc5n4)c3)CC2=O)c(C)c1[EOS],4570.929717063904,42
14.0,Cc1cc(F)c(F)c(C(=O)N2CCCCC2C2CCN(C(=O)c3ccc4cc(C)ccc4n3)CC2)c1,[BOS]Cc1cc(F)c(F)c(C(=O)N2CCCC[C@H]2C2CCN(C(=O)c3ccc4cc(C)ccc4n3)CC2)c1[EOS],9467.625897169113,42
12.9,O=C(NCC1OCC2CCN(C(=O)C3Cc4ccccc4N3)CC21)c1ccc2c(c1)C(=O)CCC2,[BOS]O=C(NC[C@@H]1OC[C@@H]2CCN(C(=O)[C@@H]3Cc4ccccc4N3)C[C@@H]21)c1ccc2c(c1)C(=O)CCC2[EOS],14707.770868301392,42
13.1,O=C(c1ccc(C(F)(F)F)cc1OCC1CCN(C(=O)Cc2ccc(Cl)cc2)CC1)c1[nH]cnc1-c1ccccc1Cl,[BOS]O=C(c1ccc(C(F)(F)F)cc1OCC1CCN(C(=O)Cc2ccc(Cl)cc2)CC1)c1[nH]cnc1-c1ccccc1Cl[EOS][EOS],19434.44161081314,42
11.7,Cc1ccc(-c2noc(C[NH+]3CCN(C(=O)CC4OCCc5ccccc54)CC3)n2)cc1F,[BOS]Cc1ccc(-c2noc(C[NH+]3CCN(C(=O)C[C@@H]4OCCc5ccccc54)CC3)n2)cc1F[EOS][EOS],24031.59842133522,42
12.7,Cc1cnc2c(S(=O)(=O)N3CCN(C(=O)C4CCCN4C(=O)c4ccc5ccccc5c4)CC3)cccc2c1,[BOS]Cc1cnc2c(S(=O)(=O)N3CCN(C(=O)[C@H]4CCCN4C(=O)c4ccc5ccccc5c4)CC3)cccc2c1[EOS][EOS][EOS][EOS],28607.87530016899,42
13.1,O=C(NC1CCCC1c1cccc(C(F)(F)F)c1)N1CCc2c(F)cc(F)cc2C1,[BOS]O=C(N[C@@H]1CCC[C@H]1c1cccc(C(F)(F)F)c1)N1CCc2c(F)cc(F)cc2C1[EOS],33154.650218725204,42
13.8,O=C(c1c[nH]c2ncccc12)N1CCC(C2CCCCN2C(=O)C2Cc3ccccc3C[NH2+]2)CC1,[BOS]O=C(c1c[nH]c2ncccc12)N1CCC([C@@H]2CCCCN2C(=O)[C@H]2Cc3ccccc3C[NH2+]2)CC1[EOS],38187.94654607773,42
13.0,O=C(NCC12CCCOC1CCN(C(=O)C(F)c1ccccc1)C2)C1CC1c1ccc(F)c(F)c1,[BOS]O=C(NC[C@@]12CCCO[C@@H]1CCN(C(=O)[C@@H](F)c1ccccc1)C2)[C@H]1C[C@H]1c1ccc(F)c(F)c1[EOS],43632.457777261734,42
12.9,Cc1cccc(C2(CNC(=O)NCC(=O)N3CCc4ccccc4C3)CCCC(C)(C)CC2)c1,[BOS]Cc1cccc(C2(CNC(=O)NCC(=O)N3CCc4ccccc4C3)CCCC(C)(C)CC2)c1[EOS][EOS][EOS][EOS][EOS][EOS][EOS],48180.01414632797,42
12.2,Cc1ocnc1C(=O)N1CCC2COC(CNC(=O)C3(c4cccc(Cl)c4)CCCCC3)C2C1,[BOS]Cc1ocnc1C(=O)N1CC[C@H]2CO[C@@H](CNC(=O)C3(c4cccc(Cl)c4)CCCCC3)[C@H]2C1[EOS],53341.94086050987,42
12.9,Cc1ccc(S(=O)(=O)CC(=O)NC2C3COCC2CN(C(=O)Cc2ccc4ncccc4c2)C3)cc1,[BOS]Cc1ccc(S(=O)(=O)CC(=O)N[C@H]2[C@@H]3COC[C@H]2CN(C(=O)Cc2ccc4ncccc4c2)C3)cc1[EOS],58315.00540494919,42
13.3,O=C(NCc1cccc2cccnc12)N1CCN(C(=O)c2cc3c(F)cccc3[nH]2)CC1,[BOS]O=C(NCc1cccc2cccnc12)N1CCN(C(=O)c2cc3c(F)cccc3[nH]2)CC1[EOS],4220.689968585968,42
13.0,O=C(NC1COc2cc(F)cc(F)c21)N1CCCC1c1nc(-c2ccccc2)n[nH]1,[BOS]O=C(N[C@@H]1COc2cc(F)cc(F)c21)N1CCC[C@@H]1c1nc(-c2ccccc2)n[nH]1[EOS],8230.532780885696,42
13.2,O=C(Nc1cc(C2CCCCN2C(=O)c2ccccn2)[nH]n1)c1[nH]nc2c1CCc1ncccc1-2,[BOS]O=C(Nc1cc([C@@H]2CCCCN2C(=O)c2ccccn2)[nH]n1)c1[nH]nc2c1CCc1ncccc1-2[EOS],13108.318256855011,42
13.4,O=C(Cn1cnc2ccccc21)NC1C2COCC1CN(C(=O)C=C1C(=O)Nc3ccccc31)C2,[BOS]O=C(Cn1cnc2ccccc21)N[C@H]1[C@@H]2COC[C@H]1CN(C(=O)C=C1C(=O)Nc3ccccc31)C2[EOS],18343.874549388885,42
13.9,O=C(C1CC1c1ccc2ccccc2c1)N1CCC(n2c(=O)[nH]c3cccnc3c2=O)CC1,[BOS]O=C([C@@H]1C[C@H]1c1ccc2ccccc2c1)N1CCC(n2c(=O)[nH]c3cccnc3c2=O)CC1[EOS],22710.93857192993,42
13.8,O=C(NC1c2ccccc2CC12CCOCC2)c1ccc2c(=O)n3c(nc2c1)CCCCCC3,[BOS]O=C(N[C@@H]1c2ccccc2CC12CCOCC2)c1ccc2c(=O)n3c(nc2c1)CCCCCC3[EOS],26952.190941810608,42
12.5,O=C(Nc1ccc2c(c1)C[NH2+]CC2)N1CCN(C(=O)c2cccc(C(F)(F)F)c2)CC1,[BOS]O=C(Nc1ccc2c(c1)C[NH2+]CC2)N1CCN(C(=O)c2cccc(C(F)(F)F)c2)CC1[EOS],30935.749529123306,42
12.8,O=C(Nc1cc(C2CCCCN2C(=O)c2cccc(F)n2)[nH]n1)C1CC(c2ccccc2)=NO1,[BOS]O=C(Nc1cc([C@H]2CCCCN2C(=O)c2cccc(F)n2)[nH]n1)[C@@H]1CC(c2ccccc2)=NO1[EOS][EOS][EOS][EOS][EOS][EOS],35919.40364909172,42
12.6,Cc1cnc(Cl)c(C(=O)N2CCC3COC(CNC(=O)C4(c5ccccc5)CCCC4)C3C2)c1,[BOS]Cc1cnc(Cl)c(C(=O)N2CC[C@H]3CO[C@@H](CNC(=O)C4(c5ccccc5)CCCC4)[C@H]3C2)c1[EOS],40956.628705739975,42
12.8,CC(C(=O)N1CCC(C2C(=O)Nc3cc(Cl)ccc32)CC1)c1cccc(C(=O)c2ccccc2)c1,[BOS]C[C@H](C(=O)N1CCC([C@H]2C(=O)Nc3cc(Cl)ccc32)CC1)c1cccc(C(=O)c2ccccc2)c1[EOS],45672.696009874344,42
12.9,O=C(NCC1C2Cc3ccccc3C12)C(=O)N1CCCN2c3ccccc3CC2C1,[BOS]O=C(NC[C@@H]1[C@H]2Cc3ccccc3[C@@H]12)C(=O)N1CCCN2c3ccccc3C[C@H]2C1[EOS],50018.446056604385,42
13.3,O=C(Nc1cc(C2CCCCN2C(=O)C2CC2c2ccccc2)[nH]n1)c1ccc2cc(O)ccc2n1,[BOS]O=C(Nc1cc([C@@H]2CCCCN2C(=O)[C@@H]2C[C@@H]2c2ccccc2)[nH]n1)c1ccc2cc(O)ccc2n1[EOS],55235.2914390564,42
14.0,O=C(NC1C2COCC1CN(C(=O)CC1OCCc3ccccc31)C2)C1Cc2ccccc2N(Cc2ccccc2)C1,[BOS]O=C(N[C@H]1[C@@H]2COC[C@H]1CN(C(=O)C[C@@H]1OCCc3ccccc31)C2)[C@@H]1Cc2ccccc2N(Cc2ccccc2)C1[EOS],4980.090630531311,42
13.1,Cc1ccncc1CCC(=O)N1CCCCC1C1CCN(C(=O)c2[nH]nc3c2CCc2ncccc2-3)CC1,[BOS]Cc1ccncc1CCC(=O)N1CCCC[C@@H]1C1CCN(C(=O)c2[nH]nc3c2CCc2ncccc2-3)CC1[EOS],10349.13579249382,42
12.9,O=C(Cc1cc(F)cc(F)c1F)NC1C2COCC1CN(C(=O)CC1Cc3ccccc3C1)C2,[BOS]O=C(Cc1cc(F)cc(F)c1F)N[C@H]1[C@@H]2COC[C@H]1CN(C(=O)CC1Cc3ccccc3C1)C2[EOS],15334.322895526886,42
12.6,O=C(Cc1nc(NC(=O)C2CCN2C(=O)OCC2c3ccccc3-c3ccccc32)n[nH]1)c1ccccc1,[BOS]O=C(Nc1n[nH]c(CC(=O)c2ccccc2)n1)[C@H]1CCN1C(=O)OCC1c2ccccc2-c2ccccc21[EOS],19959.617597818375,42
12.5,O=C(Nc1cn[nH]c1C1CCCN(C(=O)NCc2ccc3c(c2)CCCN3)C1)C1CCCCC1,[BOS]O=C(Nc1cn[nH]c1[C@H]1CCCN(C(=O)NCc2ccc3c(c2)CCCN3)C1)C1CCCCC1[EOS],25036.810676813126,42
13.5,O=C(Nc1cccc(C(=O)N2CCCC(c3ccc(F)c(F)c3)C2)c1)c1ccc2c(c1)OCO2,[BOS]O=C(Nc1cccc(C(=O)N2CCC[C@@H](c3ccc(F)c(F)c3)C2)c1)c1ccc2c(c1)OCO2[EOS],29665.686351776123,42
13.5,O=C(Nc1ccc(C2(NC(=O)C3CC3c3ccc(F)c(F)c3)CCC2)cc1)c1cccc2nonc12,[BOS]O=C(Nc1ccc(C2(NC(=O)[C@H]3CC3c3ccc(F)c(F)c3)CCC2)cc1)c1cccc2nonc12[EOS],35340.73714923859,42
12.5,O=C(NC1(c2ccc(NC(=O)C3CC34C(=O)Nc3ccccc34)cc2)CCC1)C1CC(F)(F)C1,[BOS]O=C(Nc1ccc(C2(NC(=O)C3CC(F)(F)C3)CCC2)cc1)[C@H]1C[C@@]12C(=O)Nc1ccccc12[EOS][EOS][EOS][EOS][EOS][EOS][EOS][EOS],40552.33255791664,42
13.2,Cc1ccc(C2OCCCC2NC(=O)N2CC=C(c3cccc4ccccc34)C2)cc1,[BOS]Cc1ccc([C@H]2OCCC[C@H]2NC(=O)N2CC=C(c3cccc4ccccc34)C2)cc1[EOS],44907.29296088219,42
13.5,Cc1cc(F)c(F)c(C(=O)N2CCCCC2c2cc(NC(=O)Cc3ccc4c(c3)CCCO4)n[nH]2)c1,[BOS]Cc1cc(F)c(F)c(C(=O)N2CCCC[C@H]2c2cc(NC(=O)Cc3ccc4c(c3)CCCO4)n[nH]2)c1[EOS],49912.4848177433,42
14.4,O=C1Nc2ccccc2CN1C1CCN(C(=O)C23CC4CC(C2)CC(c2ccc(F)c(F)c2)(C4)C3)C1,[BOS]O=C(N1CC[C@@H](N2Cc3ccccc3NC2=O)C1)C12C[C@H]3C[C@@H](C1)CC(c1ccc(F)c(F)c1)(C3)C2[EOS],54547.76870274544,42
14.0,O=C(C1CCCC2CCCCC21)N1CCC(C2CCCCN2C(=O)c2cc(=O)[nH]c3ccccc23)CC1,[BOS]O=C([C@@H]1CCC[C@@H]2CCCC[C@H]21)N1CCC([C@H]2CCCCN2C(=O)c2cc(=O)[nH]c3ccccc23)CC1[EOS],59518.01578140259,42
11.7,CC1(c2ccccc2)CC(NC(=O)Cc2cc3ccccc3c(=O)[nH]2)CCO1,[BOS]C[C@]1(c2ccccc2)C[C@H](NC(=O)Cc2cc3ccccc3c(=O)[nH]2)CCO1[EOS],5211.464091300964,42
13.5,O=C1CC(c2noc(C3CCCN(C(=O)c4cccc5ccccc45)C3)n2)CN1Cc1ccc2c(c1)CCC2,[BOS]O=C1CC(c2noc([C@@H]3CCCN(C(=O)c4cccc5ccccc45)C3)n2)CN1Cc1ccc2c(c1)CCC2[EOS],10585.800299882889,42
13.2,Cn1nc(C(=O)Nc2cc(C3CCCCN3C(=O)C3CC3c3ccc(F)cc3)[nH]n2)c2cc(F)ccc21,[BOS]Cn1nc(C(=O)Nc2cc([C@@H]3CCCCN3C(=O)[C@H]3C[C@H]3c3ccc(F)cc3)[nH]n2)c2cc(F)ccc21[EOS],15879.696449279785,42
13.0,CC(=O)Nc1cc(C(=O)Nc2ccc(C3(NC(=O)c4n[nH]c5ccc(F)cc45)CCC3)cc2)ccc1C,[BOS]CC(=O)Nc1cc(C(=O)Nc2ccc(C3(NC(=O)c4n[nH]c5ccc(F)cc45)CCC3)cc2)ccc1C[EOS],21366.95632338524,42
13.2,O=C(C1OCCc2ccccc21)N1CCN(C(=O)C2CCCCC2c2nc3ccccc3[nH]2)CC1,[BOS]O=C([C@H]1CCCC[C@@H]1c1nc2ccccc2[nH]1)N1CCN(C(=O)[C@H]2OCCc3ccccc32)CC1[EOS],25747.004670619965,42
12.2,CC1Cc2cc(F)ccc2C(C)N1S(=O)(=O)c1ccc2c(c1)C(C)(C)C(=O)N2C,[BOS]C[C@@H]1c2ccc(F)cc2C[C@@H](C)N1S(=O)(=O)c1ccc2c(c1)C(C)(C)C(=O)N2C[EOS],29635.791753530502,42
12.3,Cc1cccn2ncc(C(=O)N3CCCCC3C3CCN(C(=O)c4cccc(-c5cnccn5)c4)CC3)c12,[BOS]Cc1cccn2ncc(C(=O)N3CCCC[C@H]3C3CCN(C(=O)c4cccc(-c5cnccn5)c4)CC3)c12[EOS],35028.932299137115,42
14.0,O=C(Nc1ccc(-c2nc3ccc(Cl)cc3n2-c2ccccc2Cl)cc1)Oc1ccc2ccccc2c1,[BOS]O=C(Nc1ccc(-c2nc3ccc(Cl)cc3n2-c2ccccc2Cl)cc1)Oc1ccc2ccccc2c1[EOS],39986.75125646591,42
13.5,Fc1ccc(-c2nc(Cc3noc(C4CC4c4ccc5ccccc5c4)n3)co2)cc1-c1nn[n-]n1,[BOS]Fc1ccc(-c2nc(Cc3noc([C@@H]4C[C@@H]4c4ccc5ccccc5c4)n3)co2)cc1-c1nn[n-]n1[EOS],44595.80688357353,42
13.6,Cc1cc(C(=O)N2CCC(C3CCCCN3C(=O)C3Cc4ccccc4O3)CC2)nc2ccccc12,[BOS]Cc1cc(C(=O)N2CCC([C@@H]3CCCCN3C(=O)[C@@H]3Cc4ccccc4O3)CC2)nc2ccccc12[EOS],49640.57822847366,42
13.7,CC1Oc2ccc(C(=O)Nc3cc(C4CCCCN4C(=O)c4cccc(F)c4)[nH]n3)cc2NC1=O,[BOS]C[C@H]1Oc2ccc(C(=O)Nc3cc([C@@H]4CCCCN4C(=O)c4cccc(F)c4)[nH]n3)cc2NC1=O[EOS],54549.41078066826,42
13.9,O=C(Cn1c(C2CCCCC2)nc2ccccc21)N1CCC2C1CCN2C(=O)c1ccc([O-])c([N+](=O)[O-])c1,[BOS]O=C(Cn1c(C2CCCCC2)nc2ccccc21)N1CC[C@H]2[C@@H]1CCN2C(=O)c1ccc([O-])c([N+](=O)[O-])c1[EOS],59202.41319274902,42
12.5,CC(CNC(=O)N1CCC(C2C(=O)Nc3cc(Cl)ccc32)CC1)[NH+]1CCc2ccccc2C1,[BOS]C[C@H](CNC(=O)N1CCC([C@@H]2C(=O)Nc3cc(Cl)ccc32)CC1)[NH+]1CCc2ccccc2C1[EOS],4602.9815855026245,42
13.7,C[NH+]1Cc2ccccc2CC1C(=O)N1C2CCC1CC(NC(=O)c1cc(-c3ccc(F)c(F)c3)n[nH]1)C2,[BOS]C[NH+]1Cc2ccccc2C[C@@H]1C(=O)N1[C@@H]2CC[C@H]1C[C@@H](NC(=O)c1cc(-c3ccc(F)c(F)c3)n[nH]1)C2[EOS],10121.992366552353,42
13.2,O=C(C1CCc2ccccc2C1)N1CCC(C2CCCCN2C(=O)CCc2cccc(O)c2)CC1,[BOS]O=C(CCc1cccc(O)c1)N1CCCC[C@H]1C1CCN(C(=O)[C@H]2CCc3ccccc3C2)CC1[EOS],15809.447709798813,42
12.5,Cc1ccccc1-c1cccc(C[NH+]2CCc3onc(C(=O)Nc4cccnc4)c3C2)c1,[BOS]Cc1ccccc1-c1cccc(C[NH+]2CCc3onc(C(=O)Nc4cccnc4)c3C2)c1[EOS],20631.120040416718,42
13.0,O=C(c1c[nH]c2cnccc12)N1CCC(OC2CCN(C(=O)C3CCc4ccccc4O3)CC2)CC1,[BOS]O=C(c1c[nH]c2cnccc12)N1CCC(OC2CCN(C(=O)[C@H]3CCc4ccccc4O3)CC2)CC1[EOS],25566.800475358963,42
12.8,O=C(Nc1ccc(OC(=O)C2CCCN(C(=O)Nc3ccccc3F)C2)cc1)c1ccc(F)cc1,[BOS]O=C(Nc1ccc(OC(=O)[C@H]2CCCN(C(=O)Nc3ccccc3F)C2)cc1)c1ccc(F)cc1[EOS],31053.581884860992,42
13.2,O=C(CC(=O)N1CCCCC1C1CCN(C(=O)C2CC2c2ccc(F)c(F)c2)CC1)Nc1ccc(F)cc1,[BOS]O=C(CC(=O)N1CCCC[C@@H]1C1CCN(C(=O)[C@H]2C[C@H]2c2ccc(F)c(F)c2)CC1)Nc1ccc(F)cc1[EOS],37043.07036828995,42
12.4,O=C(Nc1nc(Cc2ccc(F)cc2F)ns1)NC1CCCN(C(=O)c2ccccc2)C1,[BOS]O=C(Nc1nc(Cc2ccc(F)cc2F)ns1)N[C@@H]1CCCN(C(=O)c2ccccc2)C1[EOS][EOS][EOS],41713.79031300545,42
14.5,Cc1nc2ccccn2c1C(=O)N1CCCCC1C1CCN(C(=O)c2cnc3ccc(Cl)cc3c2)CC1,[BOS]Cc1nc2ccccn2c1C(=O)N1CCCC[C@H]1C1CCN(C(=O)c2cnc3ccc(Cl)cc3c2)CC1[EOS],46761.27512574196,42
13.6,O=C(Nc1ccc2c(c1)Cc1ccccc1-2)C(=O)N1CCC2(C1)C(=O)Nc1ccccc12,[BOS]O=C(Nc1ccc2c(c1)Cc1ccccc1-2)C(=O)N1CC[C@@]2(C1)C(=O)Nc1ccccc12[EOS],50891.5687456131,42
12.9,CC1(c2cc3ccccc3o2)NC(=O)N(C[NH+]2CCC(Cc3ccc(F)cc3)c3cc(F)ccc32)C1=O,[BOS]C[C@@]1(c2cc3ccccc3o2)NC(=O)N(C[NH+]2CC[C@@H](Cc3ccc(F)cc3)c3cc(F)ccc32)C1=O[EOS],55925.981835603714,42
11.9,CC1CC(N(C)C(=O)NCCC(=O)N2CCN(c3ccccn3)CC2)CC[NH+]1Cc1ccccc1,[BOS]C[C@@H]1C[C@H](N(C)C(=O)NCCC(=O)N2CCN(c3ccccn3)CC2)CC[NH+]1Cc1ccccc1[EOS][EOS][EOS][EOS][EOS][EOS][EOS][EOS],60438.52506709099,42
12.3,NC(=O)c1ccc(CNC(=O)N2CCCC2C2CCCN2C(=O)Oc2[nH]nc3nc(C(F)(F)F)ccc23)cc1,[BOS]NC(=O)c1ccc(CNC(=O)N2CCC[C@@H]2[C@@H]2CCCN2C(=O)Oc2[nH]nc3nc(C(F)(F)F)ccc23)cc1[EOS],4773.360279083252,42
11.3,CC1CC([NH2+]Cc2cn(Cc3ccc(F)cc3)ccc2=O)CC(C)[NH+]1Cc1ccccc1,[BOS]C[C@@H]1C[C@@H]([NH2+]Cc2cn(Cc3ccc(F)cc3)ccc2=O)C[C@H](C)[NH+]1Cc1ccccc1[EOS][EOS][EOS][EOS][EOS][EOS],9674.946248292923,42
12.7,COc1cc(C(=O)Nc2ccc(C3(NC(=O)C4CC4c4ccc(F)c(F)c4)CCC3)cc2)ccc1F,[BOS]COc1cc(C(=O)Nc2ccc(C3(NC(=O)[C@@H]4C[C@H]4c4ccc(F)c(F)c4)CCC3)cc2)ccc1F[EOS],15248.833097457886,42
12.3,C[NH+]1Cc2ccccc2CC1C(=O)N1CCCC1c1nc2ccccc2c(=O)[nH]1,[BOS]O=C([C@H]1Cc2ccccc2C[NH+]1C)N1CCC[C@@H]1c1nc2ccccc2c(=O)[nH]1[EOS],19520.179310321808,42
12.7,CC(CNC(=O)CN1C(=O)NC(C)(c2ccc3ccccc3c2)C1=O)[NH+]1CCN(c2ccccc2)CC1,[BOS]C[C@H](CNC(=O)CN1C(=O)N[C@](C)(c2ccc3ccccc3c2)C1=O)[NH+]1CCN(c2ccccc2)CC1[EOS],25098.44396829605,42
13.6,Cc1ccc(CC(=O)N2CCCCC2C2CCN(C(=O)c3cccc4cnccc34)CC2)cc1C,[BOS]Cc1ccc(CC(=O)N2CCCC[C@@H]2C2CCN(C(=O)c3cccc4cnccc34)CC2)cc1C[EOS],30363.432142019272,42
13.9,Cc1nc2ccccn2c1C(=O)N1C2CCC1CC(NC(=O)c1c[nH]c3nc(-c4ccccc4)ccc13)C2,[BOS]Cc1nc2ccccn2c1C(=O)N1[C@@H]2CC[C@H]1C[C@@H](NC(=O)c1c[nH]c3nc(-c4ccccc4)ccc13)C2[EOS],35578.835139513016,42
13.8,O=C1Cc2cccc(C(=O)N3CCCCC3C3CCN(C(=O)c4ccc5cccnc5n4)CC3)c2N1,[BOS]O=C1Cc2cccc(C(=O)N3CCCC[C@H]3C3CCN(C(=O)c4ccc5cccnc5n4)CC3)c2N1[EOS],40631.094245910645,42
12.4,Cc1ccc(F)c(-n2nc(C(=O)Nc3ncc(Cc4cc(F)cc(F)c4)s3)c3c2CCC3)c1,[BOS]Cc1ccc(F)c(-n2nc(C(=O)Nc3ncc(Cc4cc(F)cc(F)c4)s3)c3c2CCC3)c1[EOS],45219.12928271294,42
13.2,Cc1nc2ccccn2c1C(=O)N1C2CCC1CC(NC(=O)CCC1CNc3ccccc3C1)C2,[BOS]Cc1nc2ccccn2c1C(=O)N1[C@@H]2CC[C@H]1C[C@@H](NC(=O)CC[C@H]1CNc3ccccc3C1)C2[EOS][EOS][EOS][EOS][EOS][EOS][EOS][EOS],50053.180129528046,42
12.8,CC1CN(C(=O)C2(c3ccc4c(c3)CCC4)CC2)CCN1C(=O)c1cccc(F)c1Oc1cccnc1,[BOS]C[C@@H]1CN(C(=O)C2(c3ccc4c(c3)CCC4)CC2)CCN1C(=O)c1cccc(F)c1Oc1cccnc1[EOS],54119.09309077263,42
14.4,Cc1nc2ccc(F)cn2c1C(=O)N1CCCCC1C1CCN(C(=O)c2cc(=O)c3ccccc3o2)CC1,[BOS]Cc1nc2ccc(F)cn2c1C(=O)N1CCCC[C@H]1C1CCN(C(=O)c2cc(=O)c3ccccc3o2)CC1[EOS],59046.792550325394,42
12.1,Cc1ccc(C2=NOC(CNC(=O)NC3CCCC(c4ccccc4)CC3)C2)cc1F,[BOS]Cc1ccc(C2=NO[C@H](CNC(=O)N[C@H]3CCC[C@H](c4ccccc4)CC3)C2)cc1F[EOS],4811.48321557045,42
14.0,Cc1ccc(C(=O)N2CCCCC2C2CCN(C(=O)c3ccc4ncccc4c3)CC2)c(C)c1Cl,[BOS]Cc1ccc(C(=O)N2CCCC[C@@H]2C2CCN(C(=O)c3ccc4ncccc4c3)CC2)c(C)c1Cl[EOS],9702.12486743927,42
12.2,O=C1CCC(c2ccccc2)(c2nc(Cc3nc(-c4ccc(F)cc4)n[nH]3)no2)CN1,[BOS]O=C1CC[C@](c2ccccc2)(c2nc(Cc3nc(-c4ccc(F)cc4)n[nH]3)no2)CN1[EOS],14265.020814418793,42
13.0,Cc1cc(F)c(F)c(C(=O)NC2C3COCC2CN(C(=O)Cc2cc(Cl)cc(C(F)(F)F)c2)C3)c1,[BOS]Cc1cc(F)c(F)c(C(=O)N[C@H]2[C@@H]3COC[C@H]2CN(C(=O)Cc2cc(Cl)cc(C(F)(F)F)c2)C3)c1[EOS],19242.054179668427,42
13.0,O=C(Nc1ccc(F)cn1)C1CCCN1C(=O)OCC1c2ccccc2-c2ccccc21,[BOS]O=C(Nc1ccc(F)cn1)[C@H]1CCCN1C(=O)OCC1c2ccccc2-c2ccccc21[EOS],23306.996626615524,42
12.7,Cc1cccc(C(=O)NCC2OCC3CCN(C(=O)C4(c5ccccc5F)CC4)CC32)c1Cl,[BOS]Cc1cccc(C(=O)NC[C@@H]2OC[C@@H]3CCN(C(=O)C4(c5ccccc5F)CC4)C[C@@H]32)c1Cl[EOS],28131.506458044052,42
12.4,OC1CCC2(CCN(C(F)(F)c3cnc(Cl)c(-c4ccccc4F)c3)CC2)CC1n1cccn1,[BOS]O[C@H]1CCC2(CCN(C(F)(F)c3cnc(Cl)c(-c4ccccc4F)c3)CC2)C[C@H]1n1cccn1[EOS][EOS][EOS][EOS][EOS][EOS],32708.04644870758,42
14.1,O=C(NC1C2COCC1CN(C(=O)c1onc3ccccc13)C2)C1C2CCCC1c1ccccc1N2,[BOS]O=C(N[C@H]1[C@@H]2COC[C@H]1CN(C(=O)c1onc3ccccc13)C2)[C@H]1[C@@H]2CCC[C@@H]1c1ccccc1N2[EOS],37711.444831609726,42
12.7,Cc1cccc(-c2noc(C34CCC3CN(C(=O)C(C)Cc3ccccc3F)C4)n2)c1C,[BOS]Cc1cccc(-c2noc([C@@]34CC[C@@H]3CN(C(=O)[C@@H](C)Cc3ccccc3F)C4)n2)c1C[EOS],41984.91104269028,42
14.8,O=C(C(=O)N1CCC2C1CCN2C(=O)C1CC12C(=O)Nc1ccccc12)c1ccc2c(c1)CCCO2,[BOS]O=C(C(=O)N1CC[C@H]2[C@@H]1CCN2C(=O)[C@H]1C[C@@]12C(=O)Nc1ccccc12)c1ccc2c(c1)CCCO2[EOS],46415.21535539627,42
12.5,O=C1CCC2C(COC(c3ccccc3)n3ncc4ccccc43)N1C(=O)c1ccccc1S2(=O)=O,[BOS]O=C1CC[C@@H]2[C@@H](CO[C@@H](c3ccccc3)n3ncc4ccccc43)N1C(=O)c1ccccc1S2(=O)=O[EOS][EOS][EOS],51154.341739177704,42
12.8,O=C(Nc1ccccn1)c1cccc(-n2c([O-])c(-c3ccc4ccccc4c3)[nH]c2=O)c1,[BOS]O=C(Nc1ccccn1)c1cccc(-n2c([O-])c(-c3ccc4ccccc4c3)[nH]c2=O)c1[EOS],55442.15445137024,42
11.7,CC(c1cc2ccccc2o1)c1nc(CC(=O)Nc2cc3c(cc2[N+](=O)[O-])OCCO3)no1,[BOS]C[C@@H](c1cc2ccccc2o1)c1nc(CC(=O)Nc2cc3c(cc2[N+](=O)[O-])OCCO3)no1[EOS][EOS][EOS][EOS][EOS][EOS][EOS][EOS],4245.140964269638,42
14.2,Cc1c(C(=O)N2CCCCC2C2CCN(C(=O)C3CCCC4CCCCC43)CC2)oc2ccccc12,[BOS]Cc1c(C(=O)N2CCCC[C@@H]2C2CCN(C(=O)[C@@H]3CCC[C@@H]4CCCC[C@@H]43)CC2)oc2ccccc12[EOS][EOS][EOS][EOS][EOS],9451.52070236206,42
12.8,CC(C(=O)NCC1OCC2CCN(C(=O)C3(c4ccccc4F)CC3)CC21)[S+]([O-])c1ccccc1,[BOS]C[C@H](C(=O)NC[C@@H]1OC[C@@H]2CCN(C(=O)C3(c4ccccc4F)CC3)C[C@@H]21)[S+]([O-])c1ccccc1[EOS],15038.492583036423,42
13.1,O=C(COC(=O)c1cccc2c1C(=O)c1ccccc1C2=O)NC(=O)Nc1ccc2c(c1)OCCCO2,[BOS]O=C(COC(=O)c1cccc2c1C(=O)c1ccccc1C2=O)NC(=O)Nc1ccc2c(c1)OCCCO2[EOS],20133.7526845932,42
13.1,O=C(Nc1cc(C2CCCCN2C(=O)c2ccccc2C(F)(F)F)[nH]n1)c1[nH]cc2c1CCc1ncccc1-2,[BOS]O=C(Nc1cc([C@H]2CCCCN2C(=O)c2ccccc2C(F)(F)F)[nH]n1)c1[nH]cc2c1CCc1ncccc1-2[EOS],25075.265747070312,42
12.5,Cc1ncncc1C(=O)N1CCC2COC(CNC(=O)C3(c4cccc(Cl)c4)CCCCC3)C2C1,[BOS]Cc1ncncc1C(=O)N1CC[C@H]2CO[C@@H](CNC(=O)C3(c4cccc(Cl)c4)CCCCC3)[C@H]2C1[EOS],30170.062536478043,42
13.6,O=C(NC1CC1c1ccc2ccccc2c1)c1ccc2c(c1)C(=O)N(c1ccc(F)c(Cl)c1)C2=O,[BOS]O=C(N[C@@H]1C[C@H]1c1ccc2ccccc2c1)c1ccc2c(c1)C(=O)N(c1ccc(F)c(Cl)c1)C2=O[EOS],34827.73953485489,42
13.3,Cc1cnn(C(C)C(=O)N2CCCCC2C2CCN(C(=O)C3CCc4ccccc4C3)CC2)c1,[BOS]Cc1cnn([C@@H](C)C(=O)N2CCCC[C@H]2C2CCN(C(=O)[C@@H]3CCc4ccccc4C3)CC2)c1[EOS],39651.492488861084,42
12.5,NC(=O)NC(CC(=O)N1CCCCC1c1nnc(C2CCC2)o1)c1cccc(-c2ccccc2)c1,[BOS]NC(=O)N[C@H](CC(=O)N1CCCC[C@@H]1c1nnc(C2CCC2)o1)c1cccc(-c2ccccc2)c1[EOS],45330.318927526474,42
13.0,Cc1ccc(CC(=O)NC2C3COCC2CN(C(=O)C2(c4ccc(F)c(F)c4)CC2)C3)cc1[N+](=O)[O-],[BOS]Cc1ccc(CC(=O)N[C@H]2[C@@H]3COC[C@H]2CN(C(=O)C2(c4ccc(F)c(F)c4)CC2)C3)cc1[N+](=O)[O-][EOS],50704.500799417496,42
11.8,COc1nccc(C(=O)N2CCC(C3CCCCN3C(=O)Cc3cc4ccccc4n3C)CC2)c1F,[BOS]COc1nccc(C(=O)N2CCC([C@H]3CCCCN3C(=O)Cc3cc4ccccc4n3C)CC2)c1F[EOS][EOS][EOS][EOS][EOS][EOS][EOS],55797.05544900894,42
12.6,CC(C)c1nc(CC(=O)N2CCCCC2c2cc(NC(=O)c3ccc4c(c3)CCCC4=O)n[nH]2)no1,[BOS]CC(C)c1nc(CC(=O)N2CCCC[C@@H]2c2cc(NC(=O)c3ccc4c(c3)CCCC4=O)n[nH]2)no1[EOS],60645.191875219345,42
12.5,Cc1cc(C)cc(C2CCN(c3nnc(-c4cnc5[nH]c(=O)[nH]c5c4)n3C)CC2)c1,[BOS]Cc1cc(C)cc(C2CCN(c3nnc(-c4cnc5[nH]c(=O)[nH]c5c4)n3C)CC2)c1[EOS],3828.2880260944366,42
13.1,CC1(Cc2nc3c(Cc4ccc(F)cc4)ncnc3[nH]2)CCC(=O)N1c1nc2cc(F)c(F)c(F)c2[nH]1,[BOS]C[C@@]1(Cc2nc3c(Cc4ccc(F)cc4)ncnc3[nH]2)CCC(=O)N1c1nc2cc(F)c(F)c(F)c2[nH]1[EOS],8713.730340480804,42
13.1,COc1ccc(C2CC2C(=O)NC2C3COCC2CN(C(=O)C2CCc4ccccc4C2)C3)cc1,[BOS]COc1ccc([C@@H]2C[C@H]2C(=O)N[C@H]2[C@@H]3COC[C@H]2CN(C(=O)[C@H]2CCc4ccccc4C2)C3)cc1[EOS],13905.101653337479,42
12.8,O=C(c1ccccc1)N1CCCC([NH+]2CCC(n3c(C(F)(F)F)nc4ccccc43)CC2)CC1,[BOS]O=C(c1ccccc1)N1CCC[C@H]([NH+]2CCC(n3c(C(F)(F)F)nc4ccccc43)CC2)CC1[EOS][EOS][EOS][EOS][EOS][EOS],18711.487295389175,42
15.5,O=C1C=Cc2ccccc2C1=CNNC(=O)c1ccc(C2C3=C(CCC3=O)Nc3ccc4ccccc4c32)cc1,[BOS]O=C1C=Cc2ccccc2/C1=C\NNC(=O)c1ccc([C@H]2c3c(ccc4ccccc34)NC3=C2C(=O)CC3)cc1[EOS],24367.112097740173,42
13.6,Cc1cccc(F)c1C(=O)N1CCCCC1C1CCN(C(=O)c2ccc3cnccc3c2)CC1,[BOS]Cc1cccc(F)c1C(=O)N1CCCC[C@@H]1C1CCN(C(=O)c2ccc3cnccc3c2)CC1[EOS],29431.206820726395,42
13.9,Cc1cccc(C(=O)N2CCCCC2C2CCN(C(=O)c3ccc4c(c3)NC(=O)CO4)CC2)c1Cl,[BOS]Cc1cccc(C(=O)N2CCCC[C@@H]2C2CCN(C(=O)c3ccc4c(c3)NC(=O)CO4)CC2)c1Cl[EOS],34197.0236158371,42
13.1,Cc1c(C(=O)N2CC=C(c3cccc4ccccc34)CC2)cccc1-c1nn[n-]n1,[BOS]Cc1c(C(=O)N2CC=C(c3cccc4ccccc34)CC2)cccc1-c1nn[n-]n1[EOS],38801.679680109024,42
13.2,CC1=CCC(C(=O)NC2C3COCC2CN(C(=O)c2cccc(-c4c(F)cccc4F)c2)C3)CC1,[BOS]CC1=CC[C@@H](C(=O)N[C@H]2[C@@H]3COC[C@H]2CN(C(=O)c2cccc(-c4c(F)cccc4F)c2)C3)CC1[EOS],43357.87801647186,42
13.2,O=C1CN(C(=O)C2CC(=O)N(c3ccc4c(c3)Cc3ccccc3-4)C2)C2CCCCC2N1,[BOS]O=C1CN(C(=O)[C@H]2CC(=O)N(c3ccc4c(c3)Cc3ccccc3-4)C2)[C@H]2CCCC[C@H]2N1[EOS],47679.32021856308,42
12.8,O=C(Cc1ccc2ncnn2c1)NC1CC2CCC(C1)N2C(=O)c1ccc2cnccc2c1,[BOS]O=C(Cc1ccc2ncnn2c1)N[C@H]1C[C@H]2CC[C@@H](C1)N2C(=O)c1ccc2cnccc2c1[EOS],53089.788063287735,42
12.5,O=C(NCc1ccc(Cn2cnc3ccccc32)cc1)N1CCC2(C1)C(=O)Nc1ccccc12,[BOS]O=C(NCc1ccc(Cn2cnc3ccccc32)cc1)N1CC[C@]2(C1)C(=O)Nc1ccccc12[EOS],58177.865223407745,42
12.6,O=C(C1=NCCC1)N1CCC(OC2CCN(C(=O)c3cccc4c3oc3ccccc34)CC2)CC1,[BOS]O=C(C1=NCCC1)N1CCC(OC2CCN(C(=O)c3cccc4c3oc3ccccc34)CC2)CC1[EOS],4568.500833749771,42
12.9,O=C(Nc1ccccc1Oc1cc(F)cc(F)c1)C1CCN(C(=O)c2ccc(F)cc2F)CC1,[BOS]O=C(Nc1ccccc1Oc1cc(F)cc(F)c1)C1CCN(C(=O)c2ccc(F)cc2F)CC1[EOS],9342.270478248596,42
13.7,O=C(Cc1cc2cccnc2cc1F)NC1C2COCC1CN(C(=O)c1ccnc3ccccc13)C2,[BOS]O=C(Cc1cc2cccnc2cc1F)N[C@H]1[C@@H]2COC[C@H]1CN(C(=O)c1ccnc3ccccc13)C2[EOS],14617.075889348984,42
13.0,[NH3+]C(C(=O)N1CCC2(CC1)CC(c1ccccc1)CO2)C1c2ccccc2CCc2ccccc21,[BOS][NH3+][C@H](C(=O)N1CCC2(CC1)C[C@H](c1ccccc1)CO2)C1c2ccccc2CCc2ccccc21[EOS],19368.069509267807,42
13.2,Cc1cccc(Cl)c1C(=O)N1CCCCC1C1CCN(C(=O)C2CCc3ccccc3C2)CC1,[BOS]Cc1cccc(Cl)c1C(=O)N1CCCC[C@H]1C1CCN(C(=O)[C@H]2CCc3ccccc3C2)CC1[EOS],24154.53946208954,42
13.0,O=C(c1cccc(-c2c(F)cccc2F)c1)N1CCC2(CC1)C(O)=NCCN2Cc1ccccc1F,[BOS]O=C(c1cccc(-c2c(F)cccc2F)c1)N1CCC2(CC1)C(O)=NCCN2Cc1ccccc1F[EOS],28465.104737520218,42
13.0,O=C(C[NH+]1CCN(C(=O)c2ccc3ccccc3c2O)CC1)Nc1nc(-c2ccccc2C(F)(F)F)cs1,[BOS]O=C(C[NH+]1CCN(C(=O)c2ccc3ccccc3c2O)CC1)Nc1nc(-c2ccccc2C(F)(F)F)cs1[EOS][EOS][EOS][EOS][EOS][EOS][EOS][EOS],33347.33467459679,42
12.6,O=C(NCC(=O)N1CC2(CCCCC2)C1c1ccccc1)N1CCc2ccccc2C1,[BOS]O=C(NCC(=O)N1CC2(CCCCC2)[C@H]1c1ccccc1)N1CCc2ccccc2C1[EOS],38127.419016599655,42
12.8,O=C(NCc1cccc(Oc2cccc3ccccc23)c1)c1n[nH]c2ccc([N+](=O)[O-])cc12,[BOS]O=C(NCc1cccc(Oc2cccc3ccccc23)c1)c1n[nH]c2ccc([N+](=O)[O-])cc12[EOS],43175.59876728058,42
13.5,O=C1CC(C(=O)N2CCC3COC(CNC(=O)C4CCc5ccccc5O4)C3C2)=Cc2ccccc2N1,[BOS]O=C(NC[C@@H]1OC[C@@H]2CCN(C(=O)C3=Cc4ccccc4NC(=O)C3)C[C@@H]21)[C@H]1CCc2ccccc2O1[EOS],48551.88365030289,42
13.1,Cc1cc(C(=O)N2CCCCC2c2cc(NC(=O)C3ON=C(c4ccccc4)O3)n[nH]2)cc2cn[nH]c12,[BOS]Cc1cc(C(=O)N2CCCC[C@@H]2c2cc(NC(=O)[C@@H]3ON=C(c4ccccc4)O3)n[nH]2)cc2cn[nH]c12[EOS],53347.82311153412,42
14.1,O=C(CCn1c([O-])c2ccccc2cc1=O)NC1C2COCC1CN(C(=O)C1CCc3ccccc3C1)C2,[BOS]O=C(CCn1c([O-])c2ccccc2cc1=O)N[C@H]1[C@@H]2COC[C@H]1CN(C(=O)[C@@H]1CCc3ccccc3C1)C2[EOS],58712.09921193123,42
13.2,O=C(C(=O)N1CCC2(CC1)CNc1ccc(F)cc12)c1c[nH]c2ccc(C(F)(F)F)cc2c1=O,[BOS]O=C(C(=O)N1CCC2(CC1)CNc1ccc(F)cc12)c1c[nH]c2ccc(C(F)(F)F)cc2c1=O[EOS],4017.5118083953857,42
13.3,Cc1cc(F)c(F)c(C(=O)NC2C3COCC2CN(C(=O)C=C2C(=O)Nc4ccccc42)C3)c1,[BOS]Cc1cc(F)c(F)c(C(=O)N[C@H]2[C@@H]3COC[C@H]2CN(C(=O)C=C2C(=O)Nc4ccccc42)C3)c1[EOS],8813.834562540054,42
13.2,Cc1cc(CCC(=O)N2CCCCC2c2cc(NC(=O)COc3cccc4ccccc34)n[nH]2)ccn1,[BOS]Cc1cc(CCC(=O)N2CCCC[C@H]2c2cc(NC(=O)COc3cccc4ccccc34)n[nH]2)ccn1[EOS],14494.2601480484,42
13.0,Cc1c(C(=O)N2CCCCC2c2cc(NC(=O)c3noc4c3CCC4C)n[nH]2)nc2ccccn12,[BOS]C[C@@H]1CCc2c(C(=O)Nc3cc([C@H]4CCCCN4C(=O)c4nc5ccccn5c4C)[nH]n3)noc21[EOS],19369.192248106003,42
13.2,O=C(C[NH+]1CCN(C(=O)c2ccc(F)cc2)CC1)N1CCN(S(=O)(=O)c2ccc3ccccc3c2)CC1,[BOS]O=C(c1ccc(F)cc1)N1CC[NH+](CC(=O)N2CCN(S(=O)(=O)c3ccc4ccccc4c3)CC2)CC1[EOS],24571.903020381927,42
12.1,Cc1ccc(C2CCN(C(=O)CSc3nccn3-c3ccc(C(C)(F)F)cc3)C2)c(C)c1,[BOS]Cc1ccc([C@H]2CCN(C(=O)CSc3nccn3-c3ccc(C(C)(F)F)cc3)C2)c(C)c1[EOS][EOS][EOS][EOS][EOS][EOS][EOS],29227.06527853012,42
13.6,Cc1ccc(COc2ccc3c(=O)c4cc5ccccc5cc4c(=O)oc3c2)cc1[N+](=O)[O-],[BOS]Cc1ccc(COc2ccc3c(=O)c4cc5ccccc5cc4c(=O)oc3c2)cc1[N+](=O)[O-][EOS],33785.87369298935,42
13.1,O=C(NC1CC2CCC(C1)N2C(=O)c1[nH]cc2c1CCC2)C1CCc2c(oc3ccccc23)C1,[BOS]O=C(N[C@H]1C[C@H]2CC[C@@H](C1)N2C(=O)c1[nH]cc2c1CCC2)[C@H]1CCc2c(oc3ccccc23)C1[EOS],38612.338861227036,42
12.7,Cc1ccc(C(=O)N2C3CCC2CC(NC(=O)CC2CNc4ccccc4O2)C3)c(F)c1F,[BOS]Cc1ccc(C(=O)N2[C@@H]3CC[C@H]2C[C@@H](NC(=O)C[C@H]2CNc4ccccc4O2)C3)c(F)c1F[EOS][EOS][EOS][EOS][EOS][EOS][EOS][EOS],43317.249381542206,42
12.3,O=C(NCc1ccc2[nH]c(=O)[nH]c2c1)N1CC(c2ccccc2)C2CCCCC21,[BOS]O=C(NCc1ccc2[nH]c(=O)[nH]c2c1)N1C[C@H](c2ccccc2)[C@H]2CCCC[C@@H]21[EOS],47602.98825883865,42
12.6,O=C(c1cc2ccccc2c2cccnc12)N1CCCC(c2n[nH]c(C3CCCCC3)n2)C1,[BOS]O=C(c1cc2ccccc2c2cccnc12)N1CCC[C@H](c2n[nH]c(C3CCCCC3)n2)C1[EOS],51772.14940357208,42
13.6,O=C(CCC1CNc2ccccc2C1)NC1C2COCC1CN(C(=O)c1cc(=O)c3ccccc3o1)C2,[BOS]O=C(CC[C@H]1CNc2ccccc2C1)N[C@H]1[C@@H]2COC[C@H]1CN(C(=O)c1cc(=O)c3ccccc3o1)C2[EOS],57623.16250872612,42
12.8,O=C(Nc1cc(-c2ccccc2)nn1C1CCS(=O)(=O)C1)c1n[nH]c2cccc(F)c12,[BOS]O=C(Nc1cc(-c2ccccc2)nn1[C@H]1CCS(=O)(=O)C1)c1n[nH]c2cccc(F)c12[EOS],4395.860950946808,42
13.6,O=C(NC1C2COCC1CN(C(=O)c1cn3c(F)cccc3[nH+]1)C2)C1C2Sc3ccccc3C21,[BOS]O=C(N[C@H]1[C@@H]2COC[C@H]1CN(C(=O)c1cn3c(F)cccc3[nH+]1)C2)[C@@H]1[C@@H]2Sc3ccccc3[C@@H]21[EOS],9119.562834978104,42
11.9,CC1Nc2ccnn2C(C)C1CCC(=O)N(CCc1ccccc1)c1nc2ccccc2s1,[BOS]C[C@@H]1Nc2ccnn2[C@H](C)[C@@H]1CCC(=O)N(CCc1ccccc1)c1nc2ccccc2s1[EOS],14053.161827087402,42
12.5,O=C(NCC1OCC2CCN(C(=O)c3cc4cccnn4c3)CC21)c1cccnc1-c1cccc(F)c1,[BOS]O=C(NC[C@@H]1OC[C@@H]2CCN(C(=O)c3cc4cccnn4c3)C[C@@H]21)c1cccnc1-c1cccc(F)c1[EOS][EOS][EOS],19246.17809033394,42
13.3,CC1(c2ccc3c(c2)CCC3)NC(=O)N(CN2CC[NH+](Cc3ccc4c(c3)CCCO4)CC2)C1=O,[BOS]C[C@@]1(c2ccc3c(c2)CCC3)NC(=O)N(CN2CC[NH+](Cc3ccc4c(c3)CCCO4)CC2)C1=O[EOS],24362.806913614273,42
11.9,C[NH+]1CCCC(CNC(=O)c2cccc(Oc3ccccc3)n2)C1c1ccc(C(F)(F)F)cc1,[BOS]C[NH+]1CCC[C@@H](CNC(=O)c2cccc(Oc3ccccc3)n2)[C@@H]1c1ccc(C(F)(F)F)cc1[EOS],29891.19216299057,42
13.0,Cc1c(NS(=O)(=O)c2ccc3c(c2)Cc2ccccc2-3)cccc1-c1nc2ccccc2o1,[BOS]Cc1c(NS(=O)(=O)c2ccc3c(c2)Cc2ccccc2-3)cccc1-c1nc2ccccc2o1[EOS],34722.87987279892,42
12.9,O=S(=O)(Nc1cccc(-n2c(O)nnc2Cc2c[nH]c3ccccc23)c1)c1ccc2c(c1)N=C(O)CO2,[BOS]O=S(=O)(Nc1cccc(-n2c(O)nnc2Cc2c[nH]c3ccccc23)c1)c1ccc2c(c1)N=C(O)CO2[EOS][EOS][EOS][EOS][EOS][EOS],40386.34406709671,42
13.8,Cc1c(C(=O)N2CCC(C3CCCCCN3C(=O)Nc3ccccc3)CC2)cc2ccccc2c1Cl,[BOS]Cc1c(C(=O)N2CCC([C@@H]3CCCCCN3C(=O)Nc3ccccc3)CC2)cc2ccccc2c1Cl[EOS],45715.82949233055,42
12.6,Cc1nc(-c2ccccc2)oc1C(=O)N1CCCC1C(=O)N1CCN(c2ccccc2F)CC1,[BOS]Cc1nc(-c2ccccc2)oc1C(=O)N1CCCC1C(=O)N1CCN(c2ccccc2F)CC1[EOS],50078.47924542427,42
13.2,O=C(c1csc(Cc2ccccc2F)n1)N1CCCC2CCC(C1)N2C(=O)c1cccc(C(F)(F)F)c1F,[BOS]O=C(c1csc(Cc2ccccc2F)n1)N1CCC[C@H]2CC[C@@H](C1)N2C(=O)c1cccc(C(F)(F)F)c1F[EOS],54984.52248430252,42
13.2,COC(C)(C(=O)NC1C2COCC1CN(C(=O)C(C)c1ccccc1)C2)c1cccc2ccccc12,[BOS]CO[C@](C)(C(=O)N[C@H]1[C@@H]2COC[C@H]1CN(C(=O)[C@H](C)c1ccccc1)C2)c1cccc2ccccc12[EOS],59994.127022743225,42
13.6,O=C(C1CC(=O)N(c2ccc3c(c2)CCC3)C1)N1CCCC(C[NH+]2CCN(c3ccccn3)CC2)C1,[BOS]O=C([C@H]1CC(=O)N(c2ccc3c(c2)CCC3)C1)N1CCC[C@@H](C[NH+]2CCN(c3ccccn3)CC2)C1[EOS],4342.976294517517,42
14.1,O=C(CCN1C(=O)c2ccccc2C1=O)NC1C2COCC1CN(C(=O)c1[nH]cc3c1CCc1ncccc1-3)C2,[BOS]O=C(CCN1C(=O)c2ccccc2C1=O)N[C@H]1[C@@H]2COC[C@H]1CN(C(=O)c1[nH]cc3c1CCc1ncccc1-3)C2[EOS],9855.1605219841,42
13.5,Cc1nc2ccncc2cc1C(=O)NC1C2COCC1CN(C(=O)C1(c3ccc(F)cc3)CCOCC1)C2,[BOS]Cc1nc2ccncc2cc1C(=O)N[C@H]1[C@@H]2COC[C@H]1CN(C(=O)C1(c3ccc(F)cc3)CCOCC1)C2[EOS],14842.930451631546,42
13.2,O=C(Nc1cc(-c2nnc3ccccn23)ccc1F)C1CCCN(C(=O)Nc2ccccc2)C1,[BOS]O=C(Nc1cc(-c2nnc3ccccn23)ccc1F)[C@H]1CCCN(C(=O)Nc2ccccc2)C1[EOS],19620.7192902565,42
13.1,O=C(NC1CC2CCC(C1)N2C(=O)Cc1ccc(F)cc1F)c1cc(-c2cccc([N+](=O)[O-])c2)n[nH]1,[BOS]O=C(N[C@H]1C[C@H]2CC[C@@H](C1)N2C(=O)Cc1ccc(F)cc1F)c1cc(-c2cccc([N+](=O)[O-])c2)n[nH]1[EOS],24478.563092708588,42
12.0,O=C(NCCc1ccccc1)C1CCN(S(=O)(=O)c2cccc3nonc23)CC1c1cccc(F)c1F,[BOS]O=C(NCCc1ccccc1)[C@@H]1CCN(S(=O)(=O)c2cccc3nonc23)C[C@H]1c1cccc(F)c1F[EOS][EOS][EOS],29304.59945654869,42
12.1,CC1CC(C(=O)Nc2ccc(C(=O)Nc3cccnc3)c(Cl)c2)CC(c2ccc(Cl)cc2)C1,[BOS]CC1CC(C(=O)Nc2ccc(C(=O)Nc3cccnc3)c(Cl)c2)CC(c2ccc(Cl)cc2)C1[EOS],33585.45813846588,42
12.2,Cc1ccc(C2OCCCC2CNC(=O)N2CCN(c3ccc(C)c(C)c3)CC2C)cc1C,[BOS]Cc1ccc(N2CCN(C(=O)NC[C@@H]3CCCO[C@@H]3c3ccc(C)c(C)c3)[C@H](C)C2)cc1C[EOS],37825.04555416107,42
12.4,Cc1nc2ccccc2c(=O)n1CC(=O)Nc1ccc(NC(=O)c2ccc(F)cc2)cc1C(F)(F)F,[BOS]Cc1nc2ccccc2c(=O)n1CC(=O)Nc1ccc(NC(=O)c2ccc(F)cc2)cc1C(F)(F)F[EOS],42485.54737520218,42
13.2,Cc1c(NC(=O)N2CC(c3ccccc3)C3COCCC32)nnn1Cc1ccc(C(F)(F)F)cc1,[BOS]Cc1c(NC(=O)N2C[C@H](c3ccccc3)[C@@H]3COCC[C@@H]32)nnn1Cc1ccc(C(F)(F)F)cc1[EOS],46878.66631293297,42
12.5,Cc1ccc(NCCC(=O)NC2C3COCC2CN(C(=O)c2c[nH]c4cc(Cl)ccc24)C3)c(C)c1,[BOS]Cc1ccc(NCCC(=O)N[C@H]2[C@@H]3COC[C@H]2CN(C(=O)c2c[nH]c4cc(Cl)ccc24)C3)c(C)c1[EOS],52729.27489423752,42
13.5,O=C(NC1C2COCC1CN(C(=O)Cc1cccc3ncccc13)C2)C1CC12C(=O)Nc1ccccc12,[BOS]O=C(N[C@H]1[C@@H]2COC[C@H]1CN(C(=O)Cc1cccc3ncccc13)C2)[C@H]1C[C@@]12C(=O)Nc1ccccc12[EOS],57682.13471484184,42
12.8,O=C(NC1CC(=O)N(c2cccc(C(F)(F)F)c2)C1)N1CCC2(CC1)OCCc1ccccc1O2,[BOS]O=C(N[C@@H]1CC(=O)N(c2cccc(C(F)(F)F)c2)C1)N1CCC2(CC1)OCCc1ccccc1O2[EOS],4537.230178117752,42
13.5,O=C1NC(=O)N(c2ccc(F)c(Cl)c2)C(=O)C1=Cc1ccc(OCc2ccccc2)c(C2CCCCC2)c1,[BOS]O=C1NC(=O)N(c2ccc(F)c(Cl)c2)C(=O)C1=Cc1ccc(OCc2ccccc2)c(C2CCCCC2)c1[EOS],9707.239117622375,42
13.4,O=C(Cc1cc(F)cc2c1OCOC2)N1CCC2C1CCN2C(=O)C1CC1c1ccc(F)c(F)c1,[BOS]O=C(Cc1cc(F)cc2c1OCOC2)N1CC[C@H]2[C@@H]1CCN2C(=O)[C@H]1C[C@H]1c1ccc(F)c(F)c1[EOS],14434.599729061127,42
13.6,O=C(Nc1ccc2c(c1)nc1n2CCCCC1)c1[nH]c2ccccc2c1CC(=O)N1CC2CCCC2C1,[BOS]O=C(Nc1ccc2c(c1)nc1n2CCCCC1)c1[nH]c2ccccc2c1CC(=O)N1C[C@H]2CCC[C@H]2C1[EOS],19133.03947687149,42
12.7,O=C(COc1ccccc1Cc1ccccc1)N1CCCCC1c1[nH]c(-c2cccc(F)c2)c[nH+]1,[BOS]O=C(COc1ccccc1Cc1ccccc1)N1CCCC[C@H]1c1[nH]c(-c2cccc(F)c2)c[nH+]1[EOS],24419.185136795044,42
13.1,O=C1c2ccccc2CC1C(=O)N1CCC(C2CCCCN2C(=O)C2(c3ccc(O)cc3)CC2)CC1,[BOS]O=C1c2ccccc2C[C@H]1C(=O)N1CCC([C@H]2CCCCN2C(=O)C2(c3ccc(O)cc3)CC2)CC1[EOS][EOS],29125.666494369507,42
13.6,CC1CCc2c1n[nH]c2C(=O)N1CCCCC1C1CCN(C(=O)C=C2C(=O)Nc3ccccc32)CC1,[BOS]C[C@H]1CCc2c1n[nH]c2C(=O)N1CCCC[C@H]1C1CCN(C(=O)C=C2C(=O)Nc3ccccc32)CC1[EOS],34223.720601558685,42
14.3,Cc1nc2ccc(F)cn2c1C(=O)N1CCCCC1C1CCN(C(=O)c2cncc3cnccc23)CC1,[BOS]Cc1nc2ccc(F)cn2c1C(=O)N1CCCC[C@H]1C1CCN(C(=O)c2cncc3cnccc23)CC1[EOS],39554.15364956856,42
13.4,Fc1cccc2c1CC(c1nc(C3CSc4ccccc4O3)no1)c1ccccc1-2,[BOS]Fc1cccc2c1C[C@@H](c1nc([C@@H]3CSc4ccccc4O3)no1)c1ccccc12[EOS],43662.12638950348,42
12.8,O=C(CCc1cncc(C(F)(F)F)c1)NC1C2COCC1CN(C(=O)C1CCc3ccccc3C1=O)C2,[BOS]O=C(CCc1cncc(C(F)(F)F)c1)N[C@H]1[C@@H]2COC[C@H]1CN(C(=O)[C@H]1CCc3ccccc3C1=O)C2[EOS],48952.21871423721,42
13.9,O=C(Nc1ccc2c(c1)CCCC2=O)NC1CC1Cc1c2ccccc2cc2ccccc12,[BOS]O=C(Nc1ccc2c(c1)CCCC2=O)N[C@H]1C[C@@H]1Cc1c2ccccc2cc2ccccc12[EOS],53853.307549238205,42
12.6,Cc1nc2ccccc2c(C)c1Cc1nnc(C(C)Cc2ccc(-c3nn[n-]n3)cc2)oc1=O,[BOS]Cc1nc2ccccc2c(C)c1Cc1nnc([C@@H](C)Cc2ccc(-c3nn[n-]n3)cc2)oc1=O[EOS],58327.16647028923,42
12.5,Cc1ccc(C2CCCCN2C(=O)NCc2ccc(Oc3ccccc3F)c(F)c2)cc1C,[BOS]Cc1ccc([C@@H]2CCCCN2C(=O)NCc2ccc(Oc3ccccc3F)c(F)c2)cc1C[EOS],4659.412110090256,42
12.6,Cc1cc2cc(C(=O)N3CCCCC3C3CCN(C(=O)c4ccc5c(c4)NC(=O)CO5)CC3)ccc2[nH]1,[BOS]Cc1cc2cc(C(=O)N3CCCC[C@H]3C3CCN(C(=O)c4ccc5c(c4)NC(=O)CO5)CC3)ccc2[nH]1[EOS],9898.829343795776,42
13.6,Cc1c(Cl)cccc1C(=O)N1CCCCC1C1CCN(C(=O)C2CCc3[nH]c(=O)[nH]c(=O)c3C2)CC1,[BOS]Cc1c(Cl)cccc1C(=O)N1CCCC[C@@H]1C1CCN(C(=O)[C@@H]2CCc3[nH]c(=O)[nH]c(=O)c3C2)CC1[EOS],14824.12280511856,42
13.2,C[NH+]1CCC(C(=O)N2CCCCC2C2CCN(C(=O)c3cc4cc(-c5ccccc5)ccn4n3)CC2)CC1,[BOS]C[NH+]1CCC(C(=O)N2CCCC[C@H]2C2CCN(C(=O)c3cc4cc(-c5ccccc5)ccn4n3)CC2)CC1[EOS][EOS][EOS][EOS][EOS][EOS][EOS][EOS],19637.595679998398,42
12.2,O=C(NCC1OCC2CCN(C(=O)C(F)c3ccccc3)CC21)C1ON=C(c2ccccc2)O1,[BOS]O=C(NC[C@@H]1OC[C@@H]2CCN(C(=O)[C@@H](F)c3ccccc3)C[C@@H]21)[C@H]1ON=C(c2ccccc2)O1[EOS][EOS][EOS][EOS][EOS][EOS],24857.236466646194,42
13.6,O=C(CCC1CNc2ccccc2C1)NC1C2COCC1CN(C(=O)c1ccc3ncccc3c1)C2,[BOS]O=C(CC[C@@H]1CNc2ccccc2C1)N[C@H]1[C@@H]2COC[C@H]1CN(C(=O)c1ccc3ncccc3c1)C2[EOS],30509.003990650177,42
12.1,Cc1ccc(CN2CC(C(=O)NC3CC=C(c4ccc(F)cc4)CC3)CCC2=O)cc1C,[BOS]Cc1ccc(CN2C[C@@H](C(=O)N[C@H]3CC=C(c4ccc(F)cc4)CC3)CCC2=O)cc1C[EOS],35394.67064642906,42
12.8,Cn1c(C(=O)NNC(=O)NCC2(c3cccc(C(F)(F)F)c3)CCCCC2)cc2ccccc2c1=O,[BOS]Cn1c(C(=O)NNC(=O)NCC2(c3cccc(C(F)(F)F)c3)CCCCC2)cc2ccccc2c1=O[EOS][EOS],40393.96374297142,42
13.0,Cc1ccccc1-n1nc(C(=O)Nc2cccc(-c3[nH+]cc4n3CCCC4)c2C)c2c1CCC2,[BOS]Cc1ccccc1-n1nc(C(=O)Nc2cccc(-c3[nH+]cc4n3CCCC4)c2C)c2c1CCC2[EOS],45109.355016469955,42
11.7,O=C(C(c1cccc(C(F)(F)F)c1)N1CC[NH2+]CC1)N1CCOC2C(OCC3CCCC3)CCC21,[BOS]O=C([C@@H](c1cccc(C(F)(F)F)c1)N1CC[NH2+]CC1)N1CCO[C@H]2[C@H](OCC3CCCC3)CC[C@@H]21[EOS][EOS][EOS][EOS][EOS],49895.6523373127,42
13.7,O=C(c1n[nH]c2ccncc12)N1CCCCC1C1CCN(C(=O)C2(c3cccc(F)c3)CCC(F)(F)CC2)CC1,[BOS]O=C(c1n[nH]c2ccncc12)N1CCCC[C@H]1C1CCN(C(=O)C2(c3cccc(F)c3)CCC(F)(F)CC2)CC1[EOS],55209.362889528275,42
12.9,O=C(Nc1ccc2nc(Cc3ccccc3)oc2c1)C1CCc2nnc(-c3ccccc3)n2C1,[BOS]O=C(Nc1ccc2nc(Cc3ccccc3)oc2c1)[C@@H]1CCc2nnc(-c3ccccc3)n2C1[EOS],59253.294155836105,42
12.6,O=C(NCC1OCC2CCN(C(=O)C3CCc4ccccc4C3)CC21)C1CCCC2CCCCC21,[BOS]O=C(NC[C@@H]1OC[C@@H]2CCN(C(=O)[C@@H]3CCc4ccccc4C3)C[C@@H]21)[C@@H]1CCC[C@@H]2CCCC[C@H]21[EOS],5321.816307067871,42
12.6,Cn1c(C2CCCCN2C(=O)C(=O)Nc2ccc3c(c2)nc2n3CCCCC2)nc2ccccc21,[BOS]Cn1c([C@H]2CCCCN2C(=O)C(=O)Nc2ccc3c(c2)nc2n3CCCCC2)nc2ccccc21[EOS][EOS][EOS][EOS][EOS][EOS],9693.385736703873,42
11.7,CC([NH2+]C1CCC(O)(c2ccccc2)CC1)C(=O)Nc1ccccc1Cc1ccccc1,[BOS]C[C@@H]([NH2+]C1CCC(O)(c2ccccc2)CC1)C(=O)Nc1ccccc1Cc1ccccc1[EOS],14476.958827495575,42
13.9,O=C(Cc1ccc2ncccc2c1)NC1C2COCC1CN(C(=O)c1ccc3ccncc3c1)C2,[BOS]O=C(Cc1ccc2ncccc2c1)N[C@H]1[C@@H]2COC[C@H]1CN(C(=O)c1ccc3ccncc3c1)C2[EOS],19712.157205343246,42
12.8,CC(OC(=O)c1cccc(NC(=O)C2Cc3ccccc3O2)c1)C(=O)Nc1cccc2ccccc12,[BOS]C[C@@H](OC(=O)c1cccc(NC(=O)[C@H]2Cc3ccccc3O2)c1)C(=O)Nc1cccc2ccccc12[EOS],25384.070123672485,42
13.1,Cc1ccc(CCC(=O)NC2C3COCC2CN(C(=O)c2ccc4nncn4c2)C3)c2ccccc12,[BOS]Cc1ccc(CCC(=O)N[C@H]2[C@@H]3COC[C@H]2CN(C(=O)c2ccc4nncn4c2)C3)c2ccccc12[EOS],30689.630756616592,42
12.7,O=C(c1ccc(C(F)(F)F)[nH]1)N1CCCCC1C1CCN(C(=O)C2(c3ccc(O)cc3)CC2)CC1,[BOS]O=C(c1ccc(C(F)(F)F)[nH]1)N1CCCC[C@@H]1C1CCN(C(=O)C2(c3ccc(O)cc3)CC2)CC1[EOS][EOS][EOS][EOS][EOS][EOS][EOS][EOS],35499.218692302704,42
12.6,O=C(c1ccccc1)c1ccc(N2CCc3ncnc(-c4cccc(F)c4)c3CC2)c(C(F)(F)F)c1,[BOS]O=C(c1ccccc1)c1ccc(N2CCc3ncnc(-c4cccc(F)c4)c3CC2)c(C(F)(F)F)c1[EOS],40195.55156612396,42
13.3,CC(C)(C(=O)N1CCCCC1c1cc(NC(=O)c2c[nH]c3nc(-c4ccccc4)ccc23)n[nH]1)c1ccccn1,[BOS]CC(C)(C(=O)N1CCCC[C@@H]1c1cc(NC(=O)c2c[nH]c3nc(-c4ccccc4)ccc23)n[nH]1)c1ccccn1[EOS][EOS][EOS][EOS],45082.74769330025,42
14.3,O=C1Nc2ccccc2C1=CC(=O)N1CCCCC1C1CCN(C(=O)c2cc(=O)c3ccccc3o2)CC1,[BOS]O=C1Nc2ccccc2C1=CC(=O)N1CCCC[C@H]1C1CCN(C(=O)c2cc(=O)c3ccccc3o2)CC1[EOS],50245.31275701523,42
13.1,Cc1ccc(F)c2c(=O)c(-c3nc(-c4ccccc4-c4ccc5ccccc5c4)no3)c[nH]c12,[BOS]Cc1ccc(F)c2c(=O)c(-c3nc(-c4ccccc4-c4ccc5ccccc5c4)no3)c[nH]c12[EOS],54556.109236478806,42
13.5,O=C(CC1c2ccccc2CCc2ccccc21)Nc1ccc(F)c(C(=O)c2ccccc2)c1,[BOS]O=C(CC1c2ccccc2CCc2ccccc21)Nc1ccc(F)c(C(=O)c2ccccc2)c1[EOS],59083.28708577156,42
12.9,Cc1ccc(C(=O)C(=O)N2CCC(C3CCCCN3C(=O)C3(c4ccccc4F)CC3)CC2)cc1,[BOS]Cc1ccc(C(=O)C(=O)N2CCC([C@@H]3CCCCN3C(=O)C3(c4ccccc4F)CC3)CC2)cc1[EOS],4852.519212722778,42
12.9,OC(=NN=c1c2ccccc2[nH]c2ccccc12)C1CCN(c2ncc3c(n2)CCc2nc[nH]c2-3)C1,[BOS]OC(=NN=c1c2ccccc2[nH]c2ccccc12)[C@@H]1CCN(c2ncc3c(n2)CCc2nc[nH]c2-3)C1[EOS],9364.222788572311,42
12.9,O=C(NCc1cccc(N2CCOC2=O)c1)N1CCN(C(=O)c2ccc(C(F)(F)F)cc2)CC1,[BOS]O=C(NCc1cccc(N2CCOC2=O)c1)N1CCN(C(=O)c2ccc(C(F)(F)F)cc2)CC1[EOS],14078.580213069916,42
13.7,CC(=O)N(c1nc(CN2Cc3ccccc3-c3ccccc3C2)cs1)c1c(C)cc(C)cc1C,[BOS]CC(=O)N(c1nc(CN2Cc3ccccc3-c3ccccc3C2)cs1)c1c(C)cc(C)cc1C[EOS],18418.189460277557,42
14.1,O=C(NCC1OCC2CCN(C(=O)C3(c4ccccc4F)CC3)CC21)c1cnc2c(F)cc(F)cc2c1,[BOS]O=C(NC[C@@H]1OC[C@@H]2CCN(C(=O)C3(c4ccccc4F)CC3)C[C@@H]21)c1cnc2c(F)cc(F)cc2c1[EOS],23831.58658361435,42
13.3,O=C(C1=NOC(c2ccccc2)C1)N1CCC(C2CCCCN2C(=O)c2cccc(F)c2)CC1,[BOS]O=C(C1=NO[C@@H](c2ccccc2)C1)N1CCC([C@@H]2CCCCN2C(=O)c2cccc(F)c2)CC1[EOS],28830.261493206024,42
13.6,O=C(Nc1ccc2c(c1)nc1n2CCCCC1)NC1CC[NH+](Cc2ccccc2)CC1c1ccccc1,[BOS]O=C(Nc1ccc2c(c1)nc1n2CCCCC1)N[C@@H]1CC[NH+](Cc2ccccc2)C[C@H]1c1ccccc1[EOS],33274.20858812332,42
12.3,O=C(NC1CC[NH+](C2CC[NH+](C3Cc4ccccc4C3)CC2)CC1)c1cccnc1C(F)(F)F,[BOS]O=C(NC1CC[NH+](C2CC[NH+](C3Cc4ccccc4C3)CC2)CC1)c1cccnc1C(F)(F)F[EOS][EOS][EOS][EOS][EOS][EOS][EOS][EOS],38294.688418626785,42
13.8,Cc1ccc(C(=O)N2CCCCC2C2CCN(C(=O)Cc3ccc4ccccc4c3)CC2)c(C)c1C,[BOS]Cc1ccc(C(=O)N2CCCC[C@H]2C2CCN(C(=O)Cc3ccc4ccccc4c3)CC2)c(C)c1C[EOS],43194.77322769165,42
12.1,Cn1cc[nH+]c1CC1CCCN(C(=O)CC=S2(=O)c3ccccc3Cc3ccccc32)C1,[BOS]Cn1cc[nH+]c1C[C@H]1CCCN(C(=O)CC=S(=O)2c3ccccc3Cc3ccccc32)C1[EOS],47710.54009795189,42
13.8,CC(C(=O)N1CCCCC1C1CCN(C(=O)c2c[nH]c3cc(Cl)ccc23)CC1)c1ccccc1,[BOS]C[C@@H](C(=O)N1CCCC[C@@H]1C1CCN(C(=O)c2c[nH]c3cc(Cl)ccc23)CC1)c1ccccc1[EOS],52840.18932938576,42
12.0,O=C1Nc2ccccc2C1C1CCN(C(=O)C2C3Cc4ccccc4C32)CC1,[BOS]O=C([C@@H]1[C@@H]2Cc3ccccc3[C@H]21)N1CCC([C@H]2C(=O)Nc3ccccc32)CC1[EOS],56666.15539932251,42
14.1,O=C(NC1C2COCC1CN(C(=O)Cc1ccc3ccccc3c1)C2)c1[nH]nc2c1CCc1ncccc1-2,[BOS]O=C(N[C@H]1[C@@H]2COC[C@H]1CN(C(=O)Cc1ccc3ccccc3c1)C2)c1[nH]nc2c1CCc1ncccc1-2[EOS],4981.729913234711,42
12.5,O=C(Nc1cccc(-c2n[nH]c3c2CCCC3)c1)C1CC=CCC1c1nc2ccccc2s1,[BOS]O=C(Nc1cccc(-c2n[nH]c3c2CCCC3)c1)[C@@H]1CC=CC[C@@H]1c1nc2ccccc2s1[EOS],9599.486210823059,42
13.2,O=C1c2ccccc2C(=O)N1CCC(=O)N1CCC2C1CCN2C(=O)C1(c2ccccc2)CCCC1,[BOS]O=C(CCN1C(=O)c2ccccc2C1=O)N1CC[C@H]2[C@@H]1CCN2C(=O)C1(c2ccccc2)CCCC1[EOS],14581.438992023468,42
13.0,O=C(CN1C(=O)CCC(c2ccccc2)S1(=O)=O)N1CCN(S(=O)(=O)c2ccc3ccccc3c2)CC1,[BOS]O=C(CN1C(=O)CC[C@H](c2ccccc2)S1(=O)=O)N1CCN(S(=O)(=O)c2ccc3ccccc3c2)CC1[EOS][EOS][EOS][EOS],19254.01553297043,42
13.2,O=C(Nc1ccc2nc(-c3cc(F)ccc3F)[nH]c2c1)C1CC12C(=O)Nc1ccccc12,[BOS]O=C(Nc1ccc2nc(-c3cc(F)ccc3F)[nH]c2c1)[C@H]1C[C@]12C(=O)Nc1ccccc12[EOS],23659.67507791519,42
12.8,O=C(c1nnn(-c2cccc(F)c2)c1C(F)(F)F)N1CCN(S(=O)(=O)c2ccc3ccccc3c2)CC1,[BOS]O=C(c1nnn(-c2cccc(F)c2)c1C(F)(F)F)N1CCN(S(=O)(=O)c2ccc3ccccc3c2)CC1[EOS],28310.284348011017,42
14.2,Cc1c(C(=O)NC2C3COCC2CN(C(=O)C=C2C(=O)Nc4ccccc42)C3)nc2ccc(Cl)cn12,[BOS]Cc1c(C(=O)N[C@H]2[C@@H]3COC[C@H]2CN(C(=O)C=C2C(=O)Nc4ccccc42)C3)nc2ccc(Cl)cn12[EOS],33192.29638171196,42
13.3,O=C(c1cccc(F)c1F)N1CCC(C2CCCCN2C(=O)C2CCc3cccc(Cl)c32)CC1,[BOS]O=C(c1cccc(F)c1F)N1CCC([C@H]2CCCCN2C(=O)[C@@H]2CCc3cccc(Cl)c32)CC1[EOS],37760.38094043732,42
12.7,CC(=CC(=O)N1CCCCC1c1cc(NC(=O)CC2OCCc3ccccc32)n[nH]1)C(=O)[O-],[BOS]CC(=CC(=O)N1CCCC[C@@H]1c1cc(NC(=O)C[C@H]2OCCc3ccccc32)n[nH]1)C(=O)[O-][EOS],42490.78186774254,42
13.1,Cc1cnn(C(C)C(=O)N2CCCCC2C2CCN(C(=O)c3[nH]cc4c3CCc3ncccc3-4)CC2)c1,[BOS]Cc1cnn([C@@H](C)C(=O)N2CCCC[C@@H]2C2CCN(C(=O)c3[nH]cc4c3CCc3ncccc3-4)CC2)c1[EOS],47584.28886914253,42
12.1,COc1cc2ccccc2cc1C[NH+]1CCCN(S(=O)(=O)c2c(C)oc3ccccc23)CC1,[BOS]COc1cc2ccccc2cc1C[NH+]1CCCN(S(=O)(=O)c2c(C)oc3ccccc23)CC1[EOS],51812.076416015625,42
12.9,CCC(C)C(C(=O)N1CCOC2(CCN(C(=O)c3cccc4cccnc34)C2)C1)c1ccccc1,[BOS]CC[C@@H](C)[C@@H](C(=O)N1CCO[C@@]2(CCN(C(=O)c3cccc4cccnc34)C2)C1)c1ccccc1[EOS],56335.64707612991,42
13.7,Cc1cc(F)ccc1C(=O)N1CCCCC1C1CCN(C(=O)c2cccc3ccncc23)CC1,[BOS]Cc1cc(F)ccc1C(=O)N1CCCC[C@@H]1C1CCN(C(=O)c2cccc3ccncc23)CC1[EOS],4905.561473846436,42
12.9,Cc1ccc(C(=O)Nc2cn[nH]c2C2CCC[NH+](Cc3nc(-c4ccccc4C)no3)C2)cc1,[BOS]Cc1ccc(C(=O)Nc2cn[nH]c2[C@@H]2CCC[NH+](Cc3nc(-c4ccccc4C)no3)C2)cc1[EOS],10080.238066196442,42
12.2,O=C(Nc1cccc(CNC(=O)C(c2ccccc2)c2ccccc2)c1)c1ccc2c(c1)CCC2,[BOS]O=C(Nc1cccc(CNC(=O)C(c2ccccc2)c2ccccc2)c1)c1ccc2c(c1)CCC2[EOS],15161.25877737999,42
12.7,Cc1nc2ccccn2c1C1C(=O)NCCN1C(=O)c1sc2ccc(C(C)C)cc2c1C,[BOS]Cc1nc2ccccn2c1[C@@H]1C(=O)NCCN1C(=O)c1sc2ccc(C(C)C)cc2c1C[EOS],20078.10990381241,42
12.7,O=C(NC1(c2ccc(NC(=O)c3[nH]nc4c(F)cccc34)cc2)CCC1)c1cc2cc[nH]c2cc1F,[BOS]O=C(NC1(c2ccc(NC(=O)c3[nH]nc4c(F)cccc34)cc2)CCC1)c1cc2cc[nH]c2cc1F[EOS][EOS][EOS],24752.700845718384,42
11.4,Cn1cc(F)cc1C(=O)NC1(c2ccc(NC(=O)c3ccc4cccnc4n3)cc2)CCC1,[BOS]Cn1cc(F)cc1C(=O)NC1(c2ccc(NC(=O)c3ccc4cccnc4n3)cc2)CCC1[EOS][EOS][EOS][EOS][EOS][EOS][EOS][EOS],29407.08567547798,42
14.5,O=C(NCC1OCC2CCN(C(=O)C3(c4ccc(F)cc4)CC3)CC21)C1CCC(c2ccc(Cl)cc2)CC1,[BOS]O=C(NC[C@@H]1OC[C@@H]2CCN(C(=O)C3(c4ccc(F)cc4)CC3)C[C@@H]21)C1CCC(c2ccc(Cl)cc2)CC1[EOS],34881.95730638504,42
13.3,Cc1ccn2c(=O)c(C(=O)Nc3nc4c(s3)CC(NC(=O)c3ccc(F)c(F)c3C)CC4)cnc2c1,[BOS]Cc1ccn2c(=O)c(C(=O)Nc3nc4c(s3)C[C@H](NC(=O)c3ccc(F)c(F)c3C)CC4)cnc2c1[EOS],39642.31310081482,42
12.9,Cc1cccc(-c2nnc3n2CC(C(=O)NCC2(c4cc(F)cc(C(F)(F)F)c4)CC2)CC3)c1,[BOS]Cc1cccc(-c2nnc3n2C[C@@H](C(=O)NCC2(c4cc(F)cc(C(F)(F)F)c4)CC2)CC3)c1[EOS],44822.521908283234,42
13.0,O=C1CC(c2nc(Cc3c[nH]c4ccc([N+](=O)[O-])nc34)no2)CN1C1CCCCC1c1ccccc1,[BOS]O=C1C[C@H](c2nc(Cc3c[nH]c4ccc([N+](=O)[O-])nc34)no2)CN1C1CCCC[C@@H]1c1ccccc1[EOS],49757.881159067154,42
13.5,O=C(N1CCCC(c2ccc3[nH]c(=O)[nH]c3c2)C1)C12CC3CC(C1)CC(C(F)(F)C(F)C(F)(F)F)(C3)C2,[BOS]O=C(N1CCC[C@H](c2ccc3[nH]c(=O)[nH]c3c2)C1)C12C[C@H]3C[C@@H](C1)CC(C(F)(F)[C@H](F)C(F)(F)F)(C3)C2[EOS][EOS][EOS][EOS][EOS][EOS],54419.991087675095,42
13.2,CC(NC(=O)C1CCN(C(=O)OCC2c3ccccc3-c3ccccc32)CC1)c1ccc(Cl)cc1,[BOS]C[C@@H](NC(=O)C1CCN(C(=O)OCC2c3ccccc3-c3ccccc32)CC1)c1ccc(Cl)cc1[EOS][EOS][EOS][EOS][EOS],59601.673573732376,42
12.5,O=C(NC1CCc2cc(F)ccc21)C1CCN(C(=O)c2cccc3ccccc23)CC1,[BOS]O=C(N[C@@H]1CCc2cc(F)ccc21)C1CCN(C(=O)c2cccc3ccccc23)CC1[EOS],4174.067729949951,42
12.9,Cc1ccc(C)c(N2N=C(C(=O)N3CCC(C(=O)NCc4ccc5c(c4)OCO5)CC3)CCC2=O)c1,[BOS]Cc1ccc(C)c(N2N=C(C(=O)N3CCC(C(=O)NCc4ccc5c(c4)OCO5)CC3)CCC2=O)c1[EOS][EOS][EOS][EOS][EOS][EOS][EOS],9068.397931337357,42
13.6,O=C(NC1C2COCC1CN(C(=O)C1CCc3ccccc3C1)C2)c1ccccc1-c1ccc(F)cc1,[BOS]O=C(N[C@H]1[C@@H]2COC[C@H]1CN(C(=O)[C@H]1CCc3ccccc3C1)C2)c1ccccc1-c1ccc(F)cc1[EOS],13801.735911130905,42
13.3,O=C(Cc1[nH]nc2ccc(F)cc12)NC1C2COCC1CN(C(=O)c1c[nH]c3nc(Cl)ccc13)C2,[BOS]O=C(Cc1[nH]nc2ccc(F)cc12)N[C@H]1[C@@H]2COC[C@H]1CN(C(=O)c1c[nH]c3nc(Cl)ccc13)C2[EOS],18855.598309993744,42
13.0,Cc1cccc(CC(=O)N2CCCCC2c2cc(NC(=O)C3Cc4ccccc4C3)n[nH]2)c1,[BOS]Cc1cccc(CC(=O)N2CCCC[C@H]2c2cc(NC(=O)C3Cc4ccccc4C3)n[nH]2)c1[EOS],23773.77415394783,42
13.1,Cc1ccc(C(=O)N2CCCCC2c2cc(NC(=O)c3ccc4occ(Cl)c4c3)n[nH]2)c(C)c1F,[BOS]Cc1ccc(C(=O)N2CCCC[C@@H]2c2cc(NC(=O)c3ccc4occ(Cl)c4c3)n[nH]2)c(C)c1F[EOS],28783.453830718994,42
12.8,O=C(NCC1CCc2ccccc2C1)C12CC3CC(C1)CC(c1ccccc1F)(C3)C2,[BOS]O=C(NC[C@H]1CCc2ccccc2C1)C12C[C@H]3C[C@@H](C1)CC(c1ccccc1F)(C3)C2[EOS],33511.95205640793,42
12.9,O=C(NCc1ccccc1Oc1ccccc1)N1CCN(C(=O)c2cccc3ccc(F)cc23)CC1,[BOS]O=C(NCc1ccccc1Oc1ccccc1)N1CCN(C(=O)c2cccc3ccc(F)cc23)CC1[EOS],38435.43353152275,42
12.8,O=C(CCn1c(=O)oc2ccccc21)NC1C2COCC1CN(C(=O)C1CCc3ccccc3C1)C2,[BOS]O=C(CCn1c(=O)oc2ccccc21)N[C@H]1[C@@H]2COC[C@H]1CN(C(=O)[C@@H]1CCc3ccccc3C1)C2[EOS],43741.27848982811,42
12.9,O=C(CN1C(=O)C2C3CCCN3C3(C(O)=Nc4ccc(F)cc43)C2C1=O)c1ccc2c(c1)OCC(O)=N2,[BOS]O=C(CN1C(=O)[C@H]2[C@@H]3CCCN3C3(C(O)=Nc4ccc(F)cc43)[C@@H]2C1=O)c1ccc2c(c1)OCC(O)=N2[EOS],48584.27495145798,42
12.6,Cc1cccc(COc2cccc(C(=O)N3CCC(C(=O)N4CCC(Cc5ccccc5)CC4)CC3)c2)c1,[BOS]Cc1cccc(COc2cccc(C(=O)N3CCC(C(=O)N4CCC(Cc5ccccc5)CC4)CC3)c2)c1[EOS],53663.58783912659,42
12.3,O=C1C([NH2+]Cc2cn[nH]c2-c2ccccn2)CC2CCC1N1Cc3ccccc3CC21,[BOS]O=C1[C@H]([NH2+]Cc2cn[nH]c2-c2ccccn2)C[C@H]2CC[C@H]1N1Cc3ccccc3C[C@@H]12[EOS],58461.485605955124,42
11.6,Cc1ccccc1Cc1nnc(C[NH+]2CCN(S(=O)(=O)c3cccc4ccccc34)CC2)o1,[BOS]Cc1ccccc1Cc1nnc(C[NH+]2CCN(S(=O)(=O)c3cccc4ccccc34)CC2)o1[EOS][EOS],4083.785096883774,42
13.2,O=C(Nc1cccc(C(=O)N2CC3CC(C2)C2CCCC(=O)N2C3)c1)c1ccc2ncccc2c1,[BOS]O=C(Nc1cccc(C(=O)N2C[C@@H]3C[C@H](C2)[C@@H]2CCCC(=O)N2C3)c1)c1ccc2ncccc2c1[EOS],8399.193061113358,42
13.5,O=C(OCC1CCN(C(=O)OCC2c3ccccc3-c3ccccc32)CC1)c1ccc2[nH]c(=O)[nH]c2c1,[BOS]O=C(OCC1CCN(C(=O)OCC2c3ccccc3-c3ccccc32)CC1)c1ccc2[nH]c(=O)[nH]c2c1[EOS][EOS],14117.66788816452,42
12.3,Cc1cc(C)cc(Oc2cccc(F)c2-n2c([O-])c(Cc3c[nH]c4cc(F)ccc34)[nH]c2=O)c1,[BOS]Cc1cc(C)cc(Oc2cccc(F)c2-n2c([O-])c(Cc3c[nH]c4cc(F)ccc34)[nH]c2=O)c1[EOS],18816.284884929657,42
13.5,O=C(Nc1cc(C2CCCCN2C(=O)c2cccc(F)n2)[nH]n1)c1ccc(-c2cccnc2)c(F)c1,[BOS]O=C(Nc1cc([C@H]2CCCCN2C(=O)c2cccc(F)n2)[nH]n1)c1ccc(-c2cccnc2)c(F)c1[EOS],23612.961430311203,42
12.7,Cc1cnc2c(S(=O)(=O)N3CCN(C(=O)c4c(C)nn(Cc5ccc(F)cc5)c4Cl)CC3)cccc2c1,[BOS]Cc1cnc2c(S(=O)(=O)N3CCN(C(=O)c4c(C)nn(Cc5ccc(F)cc5)c4Cl)CC3)cccc2c1[EOS][EOS][EOS][EOS][EOS],28102.368268489838,42
13.3,CC(NC(=O)c1ccc(F)cc1)C(=O)NC1C2COCC1CN(C(=O)c1[nH]nc3c(F)cccc13)C2,[BOS]C[C@H](NC(=O)c1ccc(F)cc1)C(=O)N[C@H]1[C@@H]2COC[C@H]1CN(C(=O)c1[nH]nc3c(F)cccc13)C2[EOS],33753.10778880119,42
11.9,Cc1cccc(CC(=O)N2CCOC3(COCCN(C(=O)Cc4c(F)ccc(F)c4F)C3)C2)c1,[BOS]Cc1cccc(CC(=O)N2CCO[C@@]3(COCCN(C(=O)Cc4c(F)ccc(F)c4F)C3)C2)c1[EOS],38433.719264268875,42
13.7,O=C(c1n[nH]c2ccccc12)N1CCC(C2CCCCN2C(=O)CC2CCCc3ccccc32)CC1,[BOS]O=C(c1n[nH]c2ccccc12)N1CCC([C@H]2CCCCN2C(=O)C[C@H]2CCCc3ccccc32)CC1[EOS],43395.52581167221,42
13.9,CC(C(=O)N1CCCCC1C1CCN(C(=O)c2cc(=O)c3ccccc3o2)CC1)c1ccc(O)cc1,[BOS]C[C@H](C(=O)N1CCCC[C@@H]1C1CCN(C(=O)c2cc(=O)c3ccccc3o2)CC1)c1ccc(O)cc1[EOS][EOS],48520.64319515228,42
11.5,Cc1cc2cc(-c3cccc(N4CCCC4=O)c3)cnc2n1S(=O)(=O)c1ccccc1,[BOS]Cc1cc2cc(-c3cccc(N4CCCC4=O)c3)cnc2n1S(=O)(=O)c1ccccc1[EOS],52307.32950210571,42
12.9,O=C(Cc1cccc(F)c1F)NC1C2COCC1CN(C(=O)C1CC13C(=O)Nc1ccccc13)C2,[BOS]O=C(Cc1cccc(F)c1F)N[C@H]1[C@@H]2COC[C@H]1CN(C(=O)[C@@H]1C[C@@]13C(=O)Nc1ccccc13)C2[EOS],57128.15737891197,42
13.3,O=C(NC1C2COCC1CN(C(=O)C1CC(c3ccccc3)=NO1)C2)c1ccc2nnnn2c1,[BOS]O=C(N[C@H]1[C@@H]2COC[C@H]1CN(C(=O)[C@H]1CC(c3ccccc3)=NO1)C2)c1ccc2nnnn2c1[EOS],4968.91673707962,42
12.1,Cc1cc2ccc(NC(=O)C3c4c(ncn4C)CCN3C(=O)c3ccccc3)cc2[nH]c1=O,[BOS]Cc1cc2ccc(NC(=O)[C@H]3c4c(ncn4C)CCN3C(=O)c3ccccc3)cc2[nH]c1=O[EOS],9453.853089809418,42
12.1,CC1CCC(N(Cc2ccc3c(c2)OCO3)C(=O)C2CC23C(=O)Nc2ccccc23)CC1,[BOS]CC1CCC(N(Cc2ccc3c(c2)OCO3)C(=O)[C@@H]2C[C@@]23C(=O)Nc2ccccc23)CC1[EOS],14152.210053682327,42
14.1,O=C(NCC1OCC2CCN(C(=O)C3(c4ccccc4F)CC3)CC21)c1cnc2c(F)cc(F)cc2c1,[BOS]O=C(NC[C@@H]1OC[C@@H]2CCN(C(=O)C3(c4ccccc4F)CC3)C[C@@H]21)c1cnc2c(F)cc(F)cc2c1[EOS],19550.108552455902,42
10.7,c1ccc(-c2cccc(OCc3cccc4ccccc34)c2)cc1,[BOS]c1ccc(-c2cccc(OCc3cccc4ccccc34)c2)cc1[EOS][EOS],23425.467120409012,42
12.7,O=C(NCCc1ccc2[nH]ncc2c1)C12COc3cccc(F)c3C1C[NH+](Cc1ccccc1)C2,[BOS]O=C(NCCc1ccc2[nH]ncc2c1)[C@@]12COc3cccc(F)c3[C@H]1C[NH+](Cc1ccccc1)C2[EOS],28812.899909496307,42
14.2,O=C1Nc2c(cccc2C(=O)N2CCC(C3CCCCN3C(=O)C3Cc4ccccc4O3)CC2)C1=O,[BOS]O=C1Nc2c(cccc2C(=O)N2CCC([C@H]3CCCCN3C(=O)[C@H]3Cc4ccccc4O3)CC2)C1=O[EOS],33419.97256684303,42
13.2,NC(=O)NC(Cc1nc(-c2ccc(-c3ccc(F)cc3)o2)no1)c1cccc2cc3ccccc3cc12,[BOS]NC(=O)N[C@H](Cc1nc(-c2ccc(-c3ccc(F)cc3)o2)no1)c1cccc2cc3ccccc3cc12[EOS],38897.00759935379,42
12.3,CC(NC(=O)N1CCC(C(=O)c2c(F)cc(F)cc2F)CC1)C(=O)N1c2ccccc2CC1C,[BOS]C[C@H](NC(=O)N1CCC(C(=O)c2c(F)cc(F)cc2F)CC1)C(=O)N1c2ccccc2C[C@H]1C[EOS][EOS][EOS][EOS],43538.79163360596,42
12.1,O=C(NCC1CCN(c2ccc(F)c(F)c2)C1)C1C[NH+](Cc2nc3ccccc3c(=O)[nH]2)CCO1,[BOS]O=C(NC[C@H]1CCN(c2ccc(F)c(F)c2)C1)[C@@H]1C[NH+](Cc2nc3ccccc3c(=O)[nH]2)CCO1[EOS],48667.969747543335,42
14.4,O=C(C1CCN(S(=O)(=O)c2ccc3c(c2)CCC3)CC1)N1CCc2[nH]c3c(F)cccc3c2C1,[BOS]O=C(C1CCN(S(=O)(=O)c2ccc3c(c2)CCC3)CC1)N1CCc2[nH]c3c(F)cccc3c2C1[EOS],53683.20195531845,42
13.0,O=C(C(O)Cc1ccccc1)N1CCOC2(COCCN(C(=O)C3(c4cccc(F)c4)CCC3)C2)C1,[BOS]O=C([C@@H](O)Cc1ccccc1)N1CCO[C@@]2(COCCN(C(=O)C3(c4cccc(F)c4)CCC3)C2)C1[EOS],58606.91641283035,42
13.6,O=C(Cc1cccc(Cl)n1)N1CCC(C2CCCCN2C(=O)C2Cc3ccccc3C[NH2+]2)CC1,[BOS]O=C(Cc1cccc(Cl)n1)N1CCC([C@H]2CCCCN2C(=O)[C@@H]2Cc3ccccc3C[NH2+]2)CC1[EOS],4897.65323138237,42
12.9,O=C(NCCN1C(=O)c2ccccc2C1=O)NCC1CC2c3ccccc3C1c1ccccc12,[BOS]O=C(NCCN1C(=O)c2ccccc2C1=O)NC[C@H]1CC2c3ccccc3C1c1ccccc12[EOS],10036.269138336182,42
12.0,O=C(NC1COc2c(Cl)cccc21)C1CCN(c2ccc3nnc(C(F)(F)F)n3n2)CC1,[BOS]O=C(N[C@@H]1COc2c(Cl)cccc21)C1CCN(c2ccc3nnc(C(F)(F)F)n3n2)CC1[EOS],14619.961376428604,42
12.3,NC(=O)c1ccc(NC(=O)NC2CC3(CC2O)C[NH+](Cc2ccccc2)C3C(F)(F)F)c(F)c1,[BOS]NC(=O)c1ccc(NC(=O)N[C@@H]2C[C@@]3(C[C@@H]2O)C[NH+](Cc2ccccc2)[C@H]3C(F)(F)F)c(F)c1[EOS],19450.26367211342,42
14.2,O=C(NC1C2COCC1CN(C(=O)Cc1ccc3c(c1)CCC3)C2)C1CCCc2c1[nH]c1ccc(Cl)cc21,[BOS]O=C(N[C@H]1[C@@H]2COC[C@H]1CN(C(=O)Cc1ccc3c(c1)CCC3)C2)[C@@H]1CCCc2c1[nH]c1ccc(Cl)cc21[EOS],24372.190768957138,42
14.3,O=C(NC1C2COCC1CN(C(=O)c1cc(=O)c3ccccc3o1)C2)C1C2CCCC1c1ccccc1N2,[BOS]O=C(N[C@H]1[C@@H]2COC[C@H]1CN(C(=O)c1cc(=O)c3ccccc3o1)C2)[C@H]1[C@@H]2CCC[C@H]1c1ccccc1N2[EOS],29294.29896903038,42
13.6,O=C(NC1CC2CCC(C1)N2C(=O)c1cc2cc(F)ccc2[nH]1)c1cccc(C(F)c2cccc(F)c2)c1,[BOS]O=C(N[C@H]1C[C@H]2CC[C@@H](C1)N2C(=O)c1cc2cc(F)ccc2[nH]1)c1cccc([C@@H](F)c2cccc(F)c2)c1[EOS],34188.990520477295,42
13.0,O=C(Nc1cn[nH]c1C1CCCN1C(=O)C1CC1c1ccc2ccccc2c1)C1CCCCC1,[BOS]O=C(Nc1cn[nH]c1[C@@H]1CCCN1C(=O)[C@H]1C[C@H]1c1ccc2ccccc2c1)C1CCCCC1[EOS],39533.23677587509,42
13.0,O=C(c1n[nH]c2cccc(F)c12)N1CCC(OC2CCN(C(=O)C3CCc4ccccc43)CC2)CC1,[BOS]O=C(c1n[nH]c2cccc(F)c12)N1CCC(OC2CCN(C(=O)[C@H]3CCc4ccccc43)CC2)CC1[EOS],44840.29223656654,42
11.6,[NH3+]C(c1cccc(N2CCOCC2)c1)c1nc(-c2ccc3c(c2)oc(=O)c2ccccc23)no1,[BOS][NH3+][C@@H](c1cccc(N2CCOCC2)c1)c1nc(-c2ccc3c(c2)oc(=O)c2ccccc23)no1[EOS],49769.58504271507,42
13.0,O=C(Nc1ccc2ccccc2n1)c1ccc(Cl)c(S(=O)(=O)N2Cc3ccccc3OC3C(O)=NCC32)c1,[BOS]O=C(Nc1ccc2ccccc2n1)c1ccc(Cl)c(S(=O)(=O)N2Cc3ccccc3OC3C(O)=NCC32)c1[EOS][EOS][EOS][EOS][EOS],53999.19716215134,42
13.4,O=C1c2cccc(F)c2CN1C1CC[NH+](C2CC3CCC(C2)[NH+]3Cc2ccccc2)CC1,[BOS]c1ccc(C[NH+]2[C@@H]3CC[C@H]2C[C@@H]([NH+]2CCC(N4Cc5c(F)cccc5C4=O)CC2)C3)cc1[EOS],58939.210718631744,42
12.4,O=C(CC1CCCC1)NC1(c2ccc(NC(=O)C3CCc4[nH]c(=O)[nH]c(=O)c4C3)cc2)CCC1,[BOS]O=C(CC1CCCC1)NC1(c2ccc(NC(=O)[C@H]3CCc4[nH]c(=O)[nH]c(=O)c4C3)cc2)CCC1[EOS][EOS][EOS],5130.0196080207825,42
14.2,O=C1Nc2c(C(=O)NC3C4COCC3CN(C(=O)c3cccc5c3oc3ccccc35)C4)cccc2C1=O,[BOS]O=C1Nc2c(C(=O)N[C@H]3[C@@H]4COC[C@H]3CN(C(=O)c3cccc5c3oc3ccccc35)C4)cccc2C1=O[EOS],10384.930504322052,42
12.8,O=C(CSc1nc2c(ccc3ncncc32)s1)N1CCc2[nH]ncc2C1c1c[nH]c2ccc(Cl)cc12,[BOS]O=C(CSc1nc2c3cncnc3ccc2s1)N1CCc2[nH]ncc2[C@H]1c1c[nH]c2ccc(Cl)cc12[EOS],15413.755987405777,42
12.0,CC1C(NC(=O)C2CCC(c3ccccc3)C2)CCN1c1ncc(-c2nn[n-]n2)cc1F,[BOS]C[C@@H]1[C@@H](NC(=O)[C@@H]2CC[C@@H](c3ccccc3)C2)CCN1c1ncc(-c2nn[n-]n2)cc1F[EOS],19564.93088555336,42
13.6,O=C(NC1C2COCC1CN(C(=O)c1n[nH]c3cc(Cl)ccc13)C2)C1C2CCCC1c1ccccc1N2,[BOS]O=C(N[C@H]1[C@@H]2COC[C@H]1CN(C(=O)c1n[nH]c3cc(Cl)ccc13)C2)[C@H]1[C@@H]2CCC[C@H]1c1ccccc1N2[EOS][EOS],24389.96098589897,42
13.1,Cc1cccc2[nH]c(C(=O)N3CCC4COC(CNC(=O)c5ccoc5Cl)C4C(F)(F)C3)cc12,[BOS]Cc1cccc2[nH]c(C(=O)N3CC[C@H]4CO[C@@H](CNC(=O)c5ccoc5Cl)[C@H]4C(F)(F)C3)cc12[EOS][EOS][EOS][EOS][EOS],29333.200777053833,42
13.2,O=C(NC1CCCC(N2C(=O)NCCC23CCc2ccccc23)CC1)c1n[nH]c2cc(O)ncc12,[BOS]O=C1NCC[C@]2(CCc3ccccc32)N1[C@H]1CCC[C@H](NC(=O)c2n[nH]c3cc(O)ncc23)CC1[EOS],34450.36260795593,42
12.1,O=C(NCCc1ccccc1-c1ccccc1)N1CCC(F)(c2cccc(C(F)(F)F)c2)C1,[BOS]O=C(NCCc1ccccc1-c1ccccc1)N1CC[C@@](F)(c2cccc(C(F)(F)F)c2)C1[EOS],39203.11096215248,42
12.1,Cc1ccccc1C1CCC(C)N(C(=O)Cc2coc3cc4c(cc23)CCC4)C1,[BOS]Cc1ccccc1[C@H]1CN(C(=O)Cc2coc3cc4c(cc23)CCC4)[C@@H](C)CC1[EOS],43372.37967324257,42
12.8,CC(=O)N1CCc2c(NC(=O)C3CC(=O)N(c4cccc5ccccc45)C3)cccc21,[BOS]CC(=O)N1CCc2c(NC(=O)[C@H]3CC(=O)N(c4cccc5ccccc45)C3)cccc21[EOS],47715.983580589294,42
13.2,O=C(NC1C2CCC1Cc1ccccc1C2)C1CC=CCC1c1nc2ccccc2s1,[BOS]O=C(NC1[C@H]2CC[C@H]1Cc1ccccc1C2)[C@H]1CC=CC[C@@H]1c1nc2ccccc2s1[EOS],51792.00128388405,42
13.2,Cc1ccc(C(=O)N2CCCCC2c2cc(NC(=O)c3cn4c(Cl)cccc4[nH+]3)n[nH]2)c(C)c1F,[BOS]Cc1ccc(C(=O)N2CCCC[C@H]2c2cc(NC(=O)c3cn4c(Cl)cccc4[nH+]3)n[nH]2)c(C)c1F[EOS],56542.739127635956,42
12.6,CC(c1ccc2ccccc2c1)c1noc(Cn2ccc3ccc(F)cc3c2=O)n1,[BOS]C[C@H](c1ccc2ccccc2c1)c1noc(Cn2ccc3ccc(F)cc3c2=O)n1[EOS],4327.529268980026,42
13.8,O=c1c2ccccc2cnn1Cc1nc(-c2ccc(Cn3c(-c4ccccc4)cc4ccccc43)cc2)no1,[BOS]O=c1c2ccccc2cnn1Cc1nc(-c2ccc(Cn3c(c4ccccc4)cc4ccccc43)cc2)no1[EOS][EOS],9059.485453128815,42
12.1,O=C(CCC(=O)N1CCN(c2cccc(F)c2)C(=O)C1)Nc1n[nH]c(-c2c[nH]c3ccccc23)n1,[BOS]O=C1CN(C(=O)CCC(=O)Nc2n[nH]c(-c3c[nH]c4ccccc34)n2)CCN1c1cccc(F)c1[EOS][EOS][EOS][EOS],13893.03217959404,42
13.2,O=C(c1cccc(Cn2c(=O)[nH]c3ccccc32)c1)N1CCCC(c2nc3ccc(F)cc3o2)C1,[BOS]O=C(c1cccc(Cn2c(=O)[nH]c3ccccc32)c1)N1CCC[C@@H](c2nc3ccc(F)cc3o2)C1[EOS],18667.48638010025,42
12.0,N#CC(CC[NH+]1CCN(c2ncnc3c2cnn3-c2ccccc2F)CC1)(c1ccccc1)c1ccccc1,[BOS]N#CC(CC[NH+]1CCN(c2ncnc3c2cnn3-c2ccccc2F)CC1)(c1ccccc1)c1ccccc1[EOS][EOS][EOS][EOS],24031.52751159668,42
12.8,O=C(NCc1cccc(N2CCCC2=O)c1)N1CCN(C(=O)c2cccc3ccccc23)CC1,[BOS]O=C1CCCN1c1cccc(CNC(=O)N2CCN(C(=O)c3cccc4ccccc34)CC2)c1[EOS],28567.06823015213,42
12.8,O=C(c1ccc2ccc(C(F)(F)F)cc2n1)N1CC[NH+](Cc2ccc3cc[nH]c3c2)CC1,[BOS]O=C(c1ccc2ccc(C(F)(F)F)cc2n1)N1CC[NH+](Cc2ccc3cc[nH]c3c2)CC1[EOS],32993.78512763977,42
13.1,CC(c1ccc(CC(=O)N2CCOC3(CCN(C(=O)c4cnn5cccc(F)c45)C3)C2)cc1)C(F)(F)F,[BOS]C[C@H](c1ccc(CC(=O)N2CCO[C@@]3(CCN(C(=O)c4cnn5cccc(F)c45)C3)C2)cc1)C(F)(F)F[EOS][EOS][EOS][EOS],38215.77395653725,42
12.6,NC(=O)c1ccccc1C(=O)NC1C2COCC1CN(C(=O)CC1CCCc3ccccc31)C2,[BOS]NC(=O)c1ccccc1C(=O)N[C@H]1[C@@H]2COC[C@H]1CN(C(=O)C[C@H]1CCCc3ccccc31)C2[EOS],43118.89787817001,42
13.0,O=C(Nc1ccc2oc3ccccc3c2c1)N1CCCCC1c1nc(-c2ccc(F)cc2)nn1F,[BOS]O=C(Nc1ccc2oc3ccccc3c2c1)N1CCCC[C@@H]1c1nc(-c2ccc(F)cc2)nn1F[EOS],47278.046288490295,42
12.8,O=C(NCCC(=O)N1CCNC(=O)C1c1ccc(C(F)(F)F)cc1)c1ccc2ccccc2c1,[BOS]O=C1NCCN(C(=O)CCNC(=O)c2ccc3ccccc3c2)[C@@H]1c1ccc(C(F)(F)F)cc1[EOS],52271.482833623886,42
11.7,CC(=O)N1CCc2sc(S(=O)(=O)N3CCC4(C=Cc5ccccc5O4)CC3)cc2C1,[BOS]CC(=O)N1CCc2sc(S(=O)(=O)N3CCC4(C=Cc5ccccc5O4)CC3)cc2C1[EOS],56381.89436674118,42
12.5,O=c1n(CC2C[NH+](Cc3ccccc3)CC23CC[NH2+]CC3)c([O-])c2n1Cc1ccccc1CC2,[BOS]O=c1n(C[C@H]2C[NH+](Cc3ccccc3)CC23CC[NH2+]CC3)c([O-])c2n1Cc1ccccc1CC2[EOS],4522.881270647049,42
13.1,N#Cc1ccc(F)c(C(=O)NC2C3COCC2CN(C(=O)C2CC(=O)N(c4c(F)cccc4F)C2)C3)c1,[BOS]N#Cc1ccc(F)c(C(=O)N[C@H]2[C@@H]3COC[C@H]2CN(C(=O)[C@H]2CC(=O)N(c4c(F)cccc4F)C2)C3)c1[EOS],9399.469338655472,42
13.2,O=C(Nc1ccc(C2(NC(=O)C3C4CCCC3c3ccccc3N4)CCC2)cc1)c1cc(Cl)ncn1,[BOS]O=C(Nc1ccc(C2(NC(=O)[C@@H]3[C@@H]4CCC[C@H]3c3ccccc3N4)CCC2)cc1)c1cc(Cl)ncn1[EOS][EOS][EOS],14770.191551446915,42
13.1,N#CC(=Cc1cccc(OCc2ccc3ccccc3c2)c1)c1nnc2n1C=Nc1ccccc1C=N2,[BOS]N#CC(=Cc1cccc(OCc2ccc3ccccc3c2)c1)c1nnc2n1C=Nc1ccccc1C=N2[EOS],20053.13166666031,42
13.3,CN(C(=O)c1ccc(-c2n[nH]c3ccc(-c4cc[nH]c(=N)c4)cc23)c(F)c1)c1ccc(C(F)(F)F)cc1F,[BOS]CN(C(=O)c1ccc(-c2n[nH]c3ccc(-c4cc[nH]c(=N)c4)cc23)c(F)c1)c1ccc(C(F)(F)F)cc1F[EOS],24396.366101264954,42
12.6,Cc1ccc(CC(=O)N2CCOCC3(C2)CN(C(=O)C(C)c2ccc(C)cc2)CCO3)cc1,[BOS]Cc1ccc([C@H](C)C(=O)N2CCO[C@]3(COCCN(C(=O)Cc4ccc(C)cc4)C3)C2)cc1[EOS],28956.865360975266,42
12.4,O=C(CCC(=O)N1CCC(c2ccccc2)=N1)Nc1nc(-c2ccc3c(c2)CCC3)cs1,[BOS]O=C(CCC(=O)N1CCC(c2ccccc2)=N1)Nc1nc(-c2ccc3c(c2)CCC3)cs1[EOS],34207.277755498886,42
12.6,Cc1cccc(CN2CCC3(CCN(C(=O)C4(c5cccc(C)c5)CCC(=O)CC4)C3)C2=O)c1,[BOS]Cc1cccc(CN2CC[C@@]3(CCN(C(=O)C4(c5cccc(C)c5)CCC(=O)CC4)C3)C2=O)c1[EOS],38671.029562711716,42
11.7,O=C(NCC1(c2cccc(C(F)(F)F)c2)CCOCC1)c1nn(-c2ccc(F)cc2)ccc1=O,[BOS]O=C(NCC1(c2cccc(C(F)(F)F)c2)CCOCC1)c1nn(-c2ccc(F)cc2)ccc1=O[EOS][EOS][EOS][EOS],43471.276447057724,42
13.5,Cc1ccc(C(C)C(=O)N2CCCCC2C2CCN(C(=O)c3ccc4c(n3)NC(=O)CC4)CC2)cc1,[BOS]Cc1ccc([C@H](C)C(=O)N2CCCC[C@H]2C2CCN(C(=O)c3ccc4c(n3)NC(=O)CC4)CC2)cc1[EOS],48499.86222910881,42
12.5,COc1ccc2cc(C(=O)NC3CC4CCC(C3)N4C(=O)CC3COc4ccccc4O3)[nH]c2c1,[BOS]COc1ccc2cc(C(=O)N[C@H]3C[C@H]4CC[C@@H](C3)N4C(=O)C[C@H]3COc4ccccc4O3)[nH]c2c1[EOS],53379.9125521183,42
12.9,O=C(OCc1cc(-c2ccc3c(c2)OCO3)on1)c1cc(-c2ccccc2Cl)nc2c1cnn2C1CCCCO1,[BOS]O=C(OCc1cc(-c2ccc3c(c2)OCO3)on1)c1cc(-c2ccccc2Cl)nc2c1cnn2C1CCCCO1[EOS],58635.43489217758,42
12.7,Cc1ccc(F)c(C(=O)N2CCCCC2c2cc(NC(=O)CCc3cccc(C)c3F)n[nH]2)c1,[BOS]Cc1cccc(CCC(=O)Nc2cc([C@@H]3CCCCN3C(=O)c3cc(C)ccc3F)[nH]n2)c1F[EOS],5267.023926496506,42
12.0,C[NH+]1CCCC(COC(=O)CNC(=O)N2CCc3ccccc3C2)C1c1ccc(C(F)(F)F)cc1,[BOS]C[NH+]1CCC[C@@H](COC(=O)CNC(=O)N2CCc3ccccc3C2)[C@H]1c1ccc(C(F)(F)F)cc1[EOS],11065.383389949799,42
12.2,O=C(NC1CC1)c1ccc(C=C2N=C(O)N(c3ccc(OCc4cccc(F)c4)c(C(F)F)c3)C2=O)cc1,[BOS]O=C1C(=Cc2ccc(C(=O)NC3CC3)cc2)N=C(O)N1c1ccc(OCc2cccc(F)c2)c(C(F)F)c1[EOS],15903.776937246323,42
12.9,CC(c1ccc2c(c1)CCC2)c1nc(CC(=O)N2CCN(c3ccccc3F)CC2)no1,[BOS]C[C@H](c1ccc2c(c1)CCC2)c1nc(CC(=O)N2CCN(c3ccccc3F)CC2)no1[EOS],20556.71658062935,42
13.2,O=C(c1cc(F)ccc1Cl)N1CCC(OC2CCN(C(=O)C3CCc4ccccc4C3)CC2)CC1,[BOS]O=C(c1cc(F)ccc1Cl)N1CCC(OC2CCN(C(=O)[C@H]3CCc4ccccc4C3)CC2)CC1[EOS],25436.002079725266,42
12.2,O=C(NCc1noc2ccccc12)N1CCCC1c1cccc2ccccc12,[BOS]O=C(NCc1noc2ccccc12)N1CCC[C@@H]1c1cccc2ccccc12[EOS],29693.860845565796,42
13.7,O=C1CC(OC2CCN(c3ccc4ccccc4n3)CC2)Cc2c1ccc1ccccc21,[BOS]O=C1C[C@@H](OC2CCN(c3ccc4ccccc4n3)CC2)Cc2c1ccc1ccccc21[EOS],34099.65859270096,42
12.6,Cc1nc2ccccn2c1S(=O)(=O)N1CCC2(CCN(C(=O)c3ccccc3)CC2)C1,[BOS]Cc1nc2ccccn2c1S(=O)(=O)N1CCC2(CCN(C(=O)c3ccccc3)CC2)C1[EOS],38360.557572841644,42
13.4,Cc1cccc2cc(C(=O)Nc3cc(C4CCCCN4C(=O)c4cc(F)cc(F)c4F)[nH]n3)[nH]c12,[BOS]Cc1cccc2cc(C(=O)Nc3cc([C@@H]4CCCCN4C(=O)c4cc(F)cc(F)c4F)[nH]n3)[nH]c12[EOS],43054.679272174835,42
13.1,O=C(Cc1ccccc1F)NC1C2COCC1CN(C(=O)c1c[nH]c3nc(-c4ccccc4)ccc13)C2,[BOS]O=C(Cc1ccccc1F)N[C@H]1[C@@H]2COC[C@H]1CN(C(=O)c1c[nH]c3nc(-c4ccccc4)ccc13)C2[EOS],47923.84877586365,42
13.2,O=C(Nc1cc(C2CCCCN2C(=O)c2cc(F)cc(F)c2F)[nH]n1)c1nc2cc([N+](=O)[O-])ccc2[nH]1,[BOS]O=C(Nc1cc([C@@H]2CCCCN2C(=O)c2cc(F)cc(F)c2F)[nH]n1)c1nc2cc([N+](=O)[O-])ccc2[nH]1[EOS][EOS][EOS][EOS][EOS][EOS][EOS],52794.4771463871,42
12.3,CC1CCc2ccccc2N1CCNC(=O)C1CCN(C(=O)c2cccc3ccccc23)CC1,[BOS]C[C@H]1CCc2ccccc2N1CCNC(=O)C1CCN(C(=O)c2cccc3ccccc23)CC1[EOS],57461.62693095207,42
13.7,O=C(NC1C2COCC1CN(C(=O)C1Cc3ccccc3O1)C2)c1[nH]nc2c1CCc1ncccc1-2,[BOS]O=C(N[C@H]1[C@@H]2COC[C@H]1CN(C(=O)[C@H]1Cc3ccccc3O1)C2)c1[nH]nc2c1CCc1ncccc1-2[EOS],4860.086717128754,42
11.9,CC1CCCC[NH+]1C1(CNC(=O)N2CCCC(C(=O)Nc3ccc(Cl)cn3)C2)CCCCC1,[BOS]C[C@H]1CCCC[NH+]1C1(CNC(=O)N2CCC[C@@H](C(=O)Nc3ccc(Cl)cn3)C2)CCCCC1[EOS],9408.26846408844,42
12.7,O=C(Nc1nnc(Cc2ccc(F)cc2)s1)N1CC(c2ccccc2)c2ccccc21,[BOS]O=C(Nc1nnc(Cc2ccc(F)cc2)s1)N1C[C@@H](c2ccccc2)c2ccccc21[EOS][EOS][EOS][EOS][EOS],13857.37414932251,42
12.3,CC(NC(=O)N1CCCC(Cc2nc3ccccc3[nH]2)C1)C(=O)N1Cc2ccccc2C1,[BOS]C[C@@H](NC(=O)N1CCC[C@H](Cc2nc3ccccc3[nH]2)C1)C(=O)N1Cc2ccccc2C1[EOS],18578.453786611557,42
13.7,Cc1nc(F)ccc1C(=O)N1CCCCC1C1CCN(C(=O)c2cccc(Cc3ccc(F)cc3)c2)CC1,[BOS]Cc1nc(F)ccc1C(=O)N1CCCC[C@@H]1C1CCN(C(=O)c2cccc(Cc3ccc(F)cc3)c2)CC1[EOS],23631.52616763115,42
13.3,O=C(C1CC12CCCc1ccccc12)N1CCN(C(=O)C2(c3ccccc3)CCCCC2)CC1,[BOS]O=C([C@H]1C[C@@]12CCCc1ccccc12)N1CCN(C(=O)C2(c3ccccc3)CCCCC2)CC1[EOS][EOS][EOS][EOS][EOS][EOS][EOS],27495.801899433136,42
13.5,O=C(NCC1CCCN(C(=O)c2noc3c2CCCC3)C1)C1CC1c1cccc(-c2ccccc2F)c1,[BOS]O=C(NC[C@@H]1CCCN(C(=O)c2noc3c2CCCC3)C1)[C@@H]1C[C@@H]1c1cccc(-c2ccccc2F)c1[EOS],32858.53925991058,42
12.9,COc1ccc2cccc(C(=O)N3CCC4(C3)CN(C(=O)C(c3ccc(F)cc3)C(C)C)CCO4)c2c1,[BOS]COc1ccc2cccc(C(=O)N3CC[C@]4(C3)CN(C(=O)[C@@H](c3ccc(F)cc3)C(C)C)CCO4)c2c1[EOS][EOS][EOS][EOS][EOS][EOS],37286.72192573547,42
13.4,O=C(NCC1OCC2CCN(C(=O)C3CC=CCC3)CC21)C1CC12C(=O)Nc1ccccc12,[BOS]O=C(NC[C@@H]1OC[C@@H]2CCN(C(=O)[C@H]3CC=CCC3)C[C@@H]21)[C@@H]1C[C@@]12C(=O)Nc1ccccc12[EOS],42544.32223653793,42
13.1,O=C(C1CC1c1ccc(F)cc1)N1CC2(CCCN2C(=O)C2CC2c2ccc(F)c(F)c2)C1,[BOS]O=C([C@@H]1C[C@H]1c1ccc(F)cc1)N1CC2(CCCN2C(=O)[C@H]2C[C@H]2c2ccc(F)c(F)c2)C1[EOS],47160.877401828766,42
13.3,O=C(Nc1ccc2ccccc2n1)N1CCN(S(=O)(=O)c2ccc3ccccc3c2)CC1,[BOS]O=C(Nc1ccc2ccccc2n1)N1CCN(S(=O)(=O)c2ccc3ccccc3c2)CC1[EOS],51182.47863459587,42
12.1,CC1c2nnc(C3CCCC3)n2CCN1C(=O)C1CC1c1ccccc1C(F)(F)F,[BOS]C[C@@H]1c2nnc(C3CCCC3)n2CCN1C(=O)[C@@H]1C[C@@H]1c1ccccc1C(F)(F)F[EOS][EOS][EOS][EOS][EOS][EOS],55444.27136659622,42
13.0,O=C(COC(=O)C1CCCN(C(=O)Cc2ccccc2)C1)NN1C(=O)NC2(CCc3ccccc32)C1=O,[BOS]O=C(COC(=O)[C@@H]1CCCN(C(=O)Cc2ccccc2)C1)NN1C(=O)N[C@@]2(CCc3ccccc32)C1=O[EOS],6034.740234613419,42
12.1,CC1CN(c2ccccc2F)CC[NH+]1CC(=O)N1CCCC1Cc1ccc2c(c1)OCCCO2,[BOS]C[C@H]1CN(c2ccccc2F)CC[NH+]1CC(=O)N1CCC[C@H]1Cc1ccc2c(c1)OCCCO2[EOS],10627.240188598633,42
13.4,O=C(CC1OCCc2ccccc21)NCC1OCC2CCN(C(=O)C3Cc4ccccc4C3)CC21,[BOS]O=C(C[C@@H]1OCCc2ccccc21)NC[C@@H]1OC[C@@H]2CCN(C(=O)C3Cc4ccccc4C3)C[C@@H]21[EOS],16061.133355379105,42
12.4,O=S(=O)(C1CCc2ccccc2C1)N1CCC(c2c[nH]c3ccc(F)cc23)CC1,[BOS]O=S(=O)([C@@H]1CCc2ccccc2C1)N1CCC(c2c[nH]c3ccc(F)cc23)CC1[EOS],20079.397750854492,42
12.2,Cc1cnc(C(=O)N2CCC(C3CCCCN3C(=O)c3ccc(-c4ccccc4)cc3)CC2)c(C)c1,[BOS]Cc1cnc(C(=O)N2CCC([C@@H]3CCCCN3C(=O)c3ccc(-c4ccccc4)cc3)CC2)c(C)c1[EOS],24911.36651945114,42
11.7,Cn1ccnc1C([NH2+]Cc1ccc(Oc2ccc(F)cc2)c2ccccc12)c1nc2ccccc2n1C,[BOS]Cn1c([C@H]([NH2+]Cc2ccc(Oc3ccc(F)cc3)c3ccccc23)c2nccn2C)nc2ccccc21[EOS][EOS][EOS][EOS][EOS][EOS],30295.842678308487,42
13.7,O=C(CCN1Cc2ccccc2C1=O)NC1C2COCC1CN(C(=O)c1ccnc3c(Cl)cccc13)C2,[BOS]O=C(CCN1Cc2ccccc2C1=O)N[C@H]1[C@@H]2COC[C@H]1CN(C(=O)c1ccnc3c(Cl)cccc13)C2[EOS],35704.561950445175,42
13.2,O=C(Cc1noc2ccccc12)NC1C2COCC1CN(C(=O)C1CCc3ccccc3C1)C2,[BOS]O=C(Cc1noc2ccccc12)N[C@H]1[C@@H]2COC[C@H]1CN(C(=O)[C@@H]1CCc3ccccc3C1)C2[EOS],40775.00275850296,42
12.3,Cc1cccc(CC2(C(=O)N3CCC(F)(F)C4(CCN(C(=O)c5ccco5)C4)C3)CCC[NH2+]2)c1,[BOS]Cc1cccc(C[C@@]2(C(=O)N3CCC(F)(F)[C@]4(CCN(C(=O)c5ccco5)C4)C3)CCC[NH2+]2)c1[EOS],45170.020262002945,42
12.5,Cn1c(CC2CCNC(=O)C2)nnc1N1CC=C(c2cccc3ccccc23)CC1,[BOS]Cn1c(C[C@@H]2CCNC(=O)C2)nnc1N1CC=C(c2cccc3ccccc23)CC1[EOS],49226.4568195343,42
12.2,CC1C(Cc2ccccc2)CCN1c1nnc(Cc2c[nH]c3ccccc23)n1C1CC1,[BOS]C[C@H]1[C@H](Cc2ccccc2)CCN1c1nnc(Cc2c[nH]c3ccccc23)n1C1CC1[EOS],53760.39689540863,42
13.6,CC(C(=O)N1CCOCC2(CN(C(=O)CC3OCCc4ccccc43)CCO2)C1)c1cccc(O)c1,[BOS]C[C@H](C(=O)N1CCOC[C@]2(CN(C(=O)C[C@H]3OCCc4ccccc43)CCO2)C1)c1cccc(O)c1[EOS],58423.91481113434,42
12.3,O=C(OCc1ccccc1)N1CCC(F)(C(=O)N2CCC3C2CCN3C(=O)C=Cc2cccc(O)c2)C1,[BOS]O=C(C=Cc1cccc(O)c1)N1CC[C@H]2[C@@H]1CCN2C(=O)[C@]1(F)CCN(C(=O)OCc2ccccc2)C1[EOS][EOS][EOS][EOS][EOS][EOS][EOS][EOS],4945.5466957092285,42
13.7,O=C(c1ccc(F)cn1)c1ccccc1C(=O)N1CCC2(CC1)CCN(Cc1ccc3cc[nH]c3c1)C2=O,[BOS]O=C(c1ccccc1C(=O)N1CCC2(CCN(Cc3ccc4cc[nH]c4c3)C2=O)CC1)c1ccc(F)cn1[EOS],10088.651400566101,42
12.5,Cc1cccc(C2(CNC(=O)N3CCc4[nH]c5ccc(C(=O)[O-])cc5c4C3)CCCC2)c1,[BOS]Cc1cccc(C2(CNC(=O)N3CCc4[nH]c5ccc(C(=O)[O-])cc5c4C3)CCCC2)c1[EOS],14900.76000881195,42
12.8,O=C1CCc2cc(NC(=O)c3ccc([N-]S(=O)(=O)c4ccc5ccccc5c4)cc3)c(F)cc2N1,[BOS]O=C1CCc2cc(NC(=O)c3ccc([N-]S(=O)(=O)c4ccc5ccccc5c4)cc3)c(F)cc2N1[EOS],19822.043303489685,42
12.7,O=C1CCCc2cc(S(=O)(=O)Nc3nc4ccccc4n3Cc3cccc(S(F)(F)(F)(F)F)c3)ccc2N1,[BOS]O=C1CCCc2cc(S(=O)(=O)Nc3nc4ccccc4n3Cc3cccc(S(F)(F)(F)(F)F)c3)ccc2N1[EOS],24696.623778104782,42
12.1,Cc1nc(-c2cccc(C(=O)NCc3c[nH]c(=S)n3C3CCc4c(F)cc(F)cc4C3)c2)oc1C,[BOS]Cc1nc(-c2cccc(C(=O)NCc3c[nH]c(=S)n3[C@H]3CCc4c(F)cc(F)cc4C3)c2)oc1C[EOS],30135.81969642639,42
11.6,O=C(CC(Cc1ccccc1)c1ccccc1)N1CCc2c(cnn2-c2ccccc2)C1,[BOS]O=C(C[C@@H](Cc1ccccc1)c1ccccc1)N1CCc2c(cnn2-c2ccccc2)C1[EOS][EOS][EOS][EOS][EOS],35451.1051466465,42
13.5,COc1cccc(CN2CCC3(CC[NH+](CC(C)c4cccc5cc6ccccc6cc45)C3)C2=O)c1,[BOS]COc1cccc(CN2CC[C@]3(CC[NH+](C[C@H](C)c4cccc5cc6ccccc6cc45)C3)C2=O)c1[EOS],40741.626255989075,42
11.4,O=S(=O)(c1cc(Br)ccc1F)N1CCCC2(CC(c3ccccc3)CO2)C1,[BOS]O=S(=O)(c1cc(Br)ccc1F)N1CCC[C@]2(C[C@H](c3ccccc3)CO2)C1[EOS],45137.22976064682,42
12.5,O=C1N(Cc2cccc(F)c2)CCC12CCCN(c1nnc(Cl)c3c1CCC3)CC2,[BOS]O=C1N(Cc2cccc(F)c2)CC[C@]12CCCN(c1nnc(Cl)c3c1CCC3)CC2[EOS],49946.95265865326,42
12.1,Cn1c(CNC(=O)C(=O)NCC2(c3ccccc3)CCCCC2)nc2cc(C(F)(F)F)ccc21,[BOS]Cn1c(CNC(=O)C(=O)NCC2(c3ccccc3)CCCCC2)nc2cc(C(F)(F)F)ccc21[EOS],55063.973632097244,42
12.1,NC1=[NH+]CCN1CC(=O)N1CCCCC1C1CCN(C(=O)c2[nH]nc3c(F)cccc23)CC1,[BOS]NC1=[NH+]CCN1CC(=O)N1CCCC[C@@H]1C1CCN(C(=O)c2[nH]nc3c(F)cccc23)CC1[EOS],59822.40410113335,42
13.4,O=C(Cc1ccccc1F)N1CCC(OC2CCN(C(=O)C3CCc4[nH]c(=O)[nH]c(=O)c4C3)CC2)CC1,[BOS]O=C(Cc1ccccc1F)N1CCC(OC2CCN(C(=O)[C@H]3CCc4[nH]c(=O)[nH]c(=O)c4C3)CC2)CC1[EOS],5446.53591966629,42
13.6,O=C(CC1Cc2ccccc2C1)Nc1cc(C2CCCCN2C(=O)CC2Cc3ccccc3C2)[nH]n1,[BOS]O=C(CC1Cc2ccccc2C1)Nc1cc([C@H]2CCCCN2C(=O)CC2Cc3ccccc3C2)[nH]n1[EOS],10800.845258951187,42
12.0,CC1(CNC(=O)N2CC(c3ccccc3)C3COCCC32)CCC(=O)N1Cc1ccccc1,[BOS]C[C@@]1(CNC(=O)N2C[C@H](c3ccccc3)[C@@H]3COCC[C@H]32)CCC(=O)N1Cc1ccccc1[EOS],15056.591066122055,42
12.0,Cc1ccccc1-n1nc(C)c(CN(C)C(=O)CC2CCc3ccccc3C2)c1C,[BOS]Cc1ccccc1-n1nc(C)c(CN(C)C(=O)C[C@@H]2CCc3ccccc3C2)c1C[EOS],19471.26451253891,42
13.9,O=C(C(=O)N1CCC2COC(CNC(=O)C3C4CCCC3c3ccccc3N4)C2C1)c1ccc(Cl)cc1,[BOS]O=C(C(=O)N1CC[C@H]2CO[C@@H](CNC(=O)[C@H]3[C@@H]4CCC[C@H]3c3ccccc3N4)[C@H]2C1)c1ccc(Cl)cc1[EOS],24964.502012252808,42
12.4,CC(NC(=O)C[NH+]1CCC(c2nc(-c3ccccc3)n[nH]2)CC1)c1ccc2c(c1)CCCC2,[BOS]C[C@H](NC(=O)C[NH+]1CCC(c2nc(-c3ccccc3)n[nH]2)CC1)c1ccc2c(c1)CCCC2[EOS],30059.972493171692,42
12.8,O=S1(=O)C2CC3C[NH+](Cc4cncc(-c5ccc(F)c(F)c5F)c4)CC2(CN1Cc1ccc(Cl)cc1)O3,[BOS]Fc1ccc(-c2cncc(C[NH+]3C[C@H]4C[C@H]5[C@@](CN(Cc6ccc(Cl)cc6)S5(=O)=O)(C3)O4)c2)c(F)c1F[EOS][EOS][EOS],35231.89241695404,42
12.9,O=C(OCc1cn2cc(Br)ccc2[nH+]1)c1c2c(nc3ccccc13)CCC2,[BOS]O=C(OCc1cn2cc(Br)ccc2[nH+]1)c1c2c(nc3ccccc13)CCC2[EOS],40462.96230721474,42
13.2,CC(=O)Nc1ccccc1C(=O)N1CCC2COC(CNC(=O)CC3Cc4ccccc4C3)C2C1,[BOS]CC(=O)Nc1ccccc1C(=O)N1CC[C@H]2CO[C@@H](CNC(=O)CC3Cc4ccccc4C3)[C@H]2C1[EOS],46037.77041840553,42
13.5,O=C(NC1C2COCC1CN(C(=O)c1cnc3cccc(Cl)c3c1)C2)C1CCCC2CCCCC21,[BOS]O=C(N[C@H]1[C@@H]2COC[C@H]1CN(C(=O)c1cnc3cccc(Cl)c3c1)C2)[C@@H]1CCC[C@H]2CCCC[C@@H]21[EOS],50625.240683317184,42
13.1,O=C(CCc1noc(-c2ccccc2)n1)NC1C2COCC1CN(C(=O)c1ccnc3ccccc13)C2,[BOS]O=C(CCc1noc(-c2ccccc2)n1)N[C@H]1[C@@H]2COC[C@H]1CN(C(=O)c1ccnc3ccccc13)C2[EOS],56465.191514492035,42
14.1,Cc1ccccc1C1(C(=O)Nc2ccc3nc(N4CCc5sccc5C4)sc3c2)CCC(F)(F)CC2CCCN2C1=O,[BOS]Cc1ccccc1C1(C(=O)Nc2ccc3nc(N4CCc5sccc5C4)sc3c2)CCC(F)(F)C[C@@H]2CCCN2C1=O[EOS],60302.13301587105,42
12.8,Cc1cc(F)cc(CC(=O)NC2C3COCC2CN(C(=O)C2CC24C(=O)Nc2ccccc24)C3)c1,[BOS]Cc1cc(F)cc(CC(=O)N[C@H]2[C@@H]3COC[C@H]2CN(C(=O)[C@H]2C[C@@]24C(=O)Nc2ccccc24)C3)c1[EOS],5075.1320679187775,42
13.1,O=C(Oc1ccc(-c2ccccc2)cc1)c1ccc2c(c1)C(=O)NCC21CC=C(Cl)C(OC(O)=Nc2cccnc2Cl)C1,[BOS]O=C(Oc1ccc(-c2ccccc2)cc1)c1ccc2c(c1)C(=O)NCC21CC=C(Cl)[C@@H](OC(O)=Nc2cccnc2Cl)C1[EOS],10277.482037067413,42
13.7,O=C(Nc1ccc(NC(=O)C2CC2c2cccc3ccccc23)cc1)c1ccc2c(c1)COC(F)(F)O2,[BOS]O=C(Nc1ccc(NC(=O)C2CC2c2cccc3ccccc23)cc1)c1ccc2c(c1)COC(F)(F)O2[EOS],15252.666665554047,42
13.7,O=C(Nc1ccc(NC(=O)C2CCCN(C(=O)c3ccc4[nH]ccc4c3)C2)cc1)c1ccc2c(c1)OCO2,[BOS]O=C(Nc1ccc(NC(=O)[C@@H]2CCCN(C(=O)c3ccc4[nH]ccc4c3)C2)cc1)c1ccc2c(c1)OCO2[EOS],20404.089830636978,42
13.4,O=C(C1CCc2cc(OC3CCN(c4ncccn4)CC3)ccc21)N1CCc2cc(F)ccc2C(F)(F)C1,[BOS]O=C([C@@H]1CCc2cc(OC3CCN(c4ncccn4)CC3)ccc21)N1CCc2cc(F)ccc2C(F)(F)C1[EOS],25384.54810857773,42
12.6,O=C(CCc1ccc2ccccc2c1)N1CCC(F)(F)C2(CCN(c3ccccc3F)C2)C1,[BOS]O=C(CCc1ccc2ccccc2c1)N1CCC(F)(F)[C@@]2(CCN(c3ccccc3F)C2)C1[EOS],29971.681706666946,42
12.3,O=C(Cc1nc(NC(=O)C2CSC3(c4ccc(F)cc4)CCC(=O)N23)n[nH]1)c1ccccc1,[BOS]O=C(Nc1n[nH]c(CC(=O)c2ccccc2)n1)[C@H]1CS[C@@]2(c3ccc(F)cc3)CCC(=O)N12[EOS],34582.986052036285,42
13.1,O=C1NC(c2cn(Cc3ccc(F)cc3)c3ccccc23)[NH+]2CCc3[nH]c4ccccc4c3C12,[BOS]O=C1N[C@@H](c2cn(Cc3ccc(F)cc3)c3ccccc23)[NH+]2CCc3[nH]c4ccccc4c3[C@H]12[EOS],39264.1276409626,42
11.8,O=C(NCCc1cccc2ccccc12)N1CCC(n2cnc3ccccc3c2=O)CC1,[BOS]O=C(NCCc1cccc2ccccc12)N1CCC(n2cnc3ccccc3c2=O)CC1[EOS],43913.15048980713,42
12.8,O=C(c1cccc(N2CCCOC2=O)c1)N1CCC(C2CCCCN2C(=O)C(F)c2ccccc2)CC1,[BOS]O=C(c1cccc(N2CCCOC2=O)c1)N1CCC([C@@H]2CCCCN2C(=O)[C@H](F)c2ccccc2)CC1[EOS],48521.144293785095,42
13.3,Fc1cccc(F)c1COc1ccc(CNC2CCc3ccccc3CN(C3COC(F)(F)C3)C2)c(F)c1F,[BOS]Fc1c(OCc2c(F)cccc2F)ccc(CN[C@@H]2CCc3ccccc3CN([C@H]3COC(F)(F)C3)C2)c1F[EOS],54263.11864590645,42
13.1,CC1(C(=O)N2CCCCC2c2cc(NC(=O)c3ccc4c(c3)C(=O)CC4)n[nH]2)CC=CCC1,[BOS]C[C@@]1(C(=O)N2CCCC[C@H]2c2cc(NC(=O)c3ccc4c(c3)C(=O)CC4)n[nH]2)CC=CCC1[EOS],58371.3810646534,42
12.8,O=C(C[NH+]1CCc2sccc2C1)NC1C2COCC1CN(C(=O)c1cc(=O)c3ccccc3o1)C2,[BOS]O=C(C[NH+]1CCc2sccc2C1)N[C@H]1[C@@H]2COC[C@H]1CN(C(=O)c1cc(=O)c3ccccc3o1)C2[EOS],5058.15885925293,42
12.5,O=C(NCCc1cccc(-c2ccccc2)c1)Nc1cccc(N2C(=O)CCCC2=O)c1,[BOS]O=C(NCCc1cccc(-c2ccccc2)c1)Nc1cccc(N2C(=O)CCCC2=O)c1[EOS],9974.896228075027,42
14.2,O=C(NC1C2COCC1CN(C(=O)c1cncc3cnccc13)C2)C1Cc2ccccc2C[NH+]1Cc1ccccc1,[BOS]O=C(N[C@H]1[C@@H]2COC[C@H]1CN(C(=O)c1cncc3cnccc13)C2)[C@H]1Cc2ccccc2C[NH+]1Cc1ccccc1[EOS],15085.040061235428,42
13.8,CC(C(=O)N1CCCCC1C1CCN(C(=O)c2n[nH]c3ccc(F)cc23)CC1)c1ccccc1,[BOS]C[C@@H](C(=O)N1CCCC[C@@H]1C1CCN(C(=O)c2n[nH]c3ccc(F)cc23)CC1)c1ccccc1[EOS],20119.324011325836,42
13.9,O=C(CCc1ccc2c(c1)OCCO2)N1CC(C(=O)N2c3ccccc3OC(c3ccccc3F)C2(F)F)C1,[BOS]O=C(C1CN(C(=O)CCc2ccc3c(c2)OCCO3)C1)N1c2ccccc2O[C@@H](c2ccccc2F)C1(F)F[EOS],24782.485870599747,42
12.9,O=C(NC1CCc2ccccc2CC1)C1CCCN(C(=O)c2ccc3[nH]ncc3c2)C1,[BOS]O=C(NC1CCc2ccccc2CC1)[C@H]1CCCN(C(=O)c2ccc3[nH]ncc3c2)C1[EOS],28630.703485012054,42
11.2,CC(CCc1ccc2c(c1)OCO2)N1C(=O)N(c2ccc3c(c2)OCO3)C2CS(=O)(=O)CC21,[BOS]C[C@H](CCc1ccc2c(c1)OCO2)N1C(=O)N(c2ccc3c(c2)OCO3)[C@@H]2CS(=O)(=O)C[C@@H]21[EOS],32980.46764373779,42
13.9,O=C(C1CCN(S(=O)(=O)c2ccc3ccccc3c2)CC1)N1CCc2[nH]c3ccccc3c2C1,[BOS]O=C(C1CCN(S(=O)(=O)c2ccc3ccccc3c2)CC1)N1CCc2[nH]c3ccccc3c2C1[EOS],37852.93990755081,42
13.5,O=C(Nc1cc(C2CCCCN2C(=O)CC2CC3CCC2C3)[nH]n1)c1ccc2c(-c3nccs3)noc2c1,[BOS]O=C(Nc1cc([C@@H]2CCCCN2C(=O)C[C@@H]2C[C@@H]3CC[C@H]2C3)[nH]n1)c1ccc2c(-c3nccs3)noc2c1[EOS],43001.69707322121,42
13.1,N#Cc1cc(CC(=O)N2CCCCC2c2cc(NC(=O)c3ccc4c(c3)NC(=O)CC4)n[nH]2)ccc1F,[BOS]N#Cc1cc(CC(=O)N2CCCC[C@H]2c2cc(NC(=O)c3ccc4c(c3)NC(=O)CC4)n[nH]2)ccc1F[EOS],48259.85037732124,42
13.3,Cn1ccc2c(=O)[nH]cc(C(=O)Nc3cc(C4CCCCN4C(=O)Cc4ccc5c(c4)CCC5)[nH]n3)c21,[BOS]Cn1ccc2c(=O)[nH]cc(C(=O)Nc3cc([C@@H]4CCCCN4C(=O)Cc4ccc5c(c4)CCC5)[nH]n3)c21[EOS],53331.92752933502,42
12.5,Cc1ccc(C)c(C2=NOC(C(=O)N3CCCN(S(=O)(=O)c4cccc5cnc(C)cc45)C(C)C3)C2)c1,[BOS]Cc1ccc(C)c(C2=NO[C@@H](C(=O)N3CCCN(S(=O)(=O)c4cccc5cnc(C)cc45)[C@@H](C)C3)C2)c1[EOS],57895.45545697212,42
14.4,O=C(Cc1ccc2ncnn2c1)N1CCC(C2CCCCN2C(=O)C2Cc3ccccc3C[NH2+]2)CC1,[BOS]O=C(Cc1ccc2ncnn2c1)N1CCC([C@@H]2CCCCN2C(=O)[C@H]2Cc3ccccc3C[NH2+]2)CC1[EOS],5340.076125383377,42
12.4,Cc1c(NC(=O)CC[NH+]2CCc3ccccc3CC2)cccc1C(=O)N1CCc2sccc2C1,[BOS]Cc1c(NC(=O)CC[NH+]2CCc3ccccc3CC2)cccc1C(=O)N1CCc2sccc2C1[EOS],10189.440108060837,42
12.4,Cn1nc(C2CCCOC2)cc1NCc1cn(Cc2ccccc2)nc1-c1cc2ccccc2oc1=O,[BOS]Cn1nc([C@H]2CCCOC2)cc1NCc1cn(Cc2ccccc2)nc1-c1cc2ccccc2oc1=O[EOS],15135.308532476425,42
12.5,N#Cc1cccc(CCC(=O)N2CCC(C3CCCCN3C(=O)Cc3c(F)cccc3F)CC2)c1,[BOS]N#Cc1cccc(CCC(=O)N2CCC([C@@H]3CCCCN3C(=O)Cc3c(F)cccc3F)CC2)c1[EOS],20654.125548362732,42
13.6,Cc1cc(C(=O)N2CCCCC2C2CCN(C(=O)c3ccc4c(c3)CC(=O)N4)CC2)nc2ccccc12,[BOS]Cc1cc(C(=O)N2CCCC[C@H]2C2CCN(C(=O)c3ccc4c(c3)CC(=O)N4)CC2)nc2ccccc12[EOS],25608.283720493317,42
12.9,O=C(Cc1cc([N+](=O)[O-])ccc1F)N1CCC(C2CCCCN2C(=O)C2CCC(F)(F)C2)CC1,[BOS]O=C(Cc1cc([N+](=O)[O-])ccc1F)N1CCC([C@H]2CCCCN2C(=O)[C@H]2CCC(F)(F)C2)CC1[EOS],30512.137546300888,42
13.5,O=C(Nc1cccc(N2C(=O)c3ccccc3C2=O)c1)C1CCCN(C(=O)Nc2ccccc2F)C1,[BOS]O=C(Nc1cccc(N2C(=O)c3ccccc3C2=O)c1)[C@H]1CCCN(C(=O)Nc2ccccc2F)C1[EOS],35179.09818530083,42
14.4,O=C(C[NH+]1CC2CCC1C1C[NH+](Cc3ccccc3)CC21)c1c(-c2ccccc2)[nH]c2ccccc12,[BOS]O=C(C[NH+]1C[C@H]2CC[C@H]1[C@@H]1C[NH+](Cc3ccccc3)C[C@@H]21)c1c(-c2ccccc2)[nH]c2ccccc12[EOS],40315.8799431324,42
13.4,O=C(Nc1cc(C2CCCCN2C(=O)C(F)c2ccccc2)[nH]n1)c1ccc2cc(O)ccc2n1,[BOS]O=C(Nc1cc([C@H]2CCCCN2C(=O)[C@H](F)c2ccccc2)[nH]n1)c1ccc2cc(O)ccc2n1[EOS],45160.01324033737,42
14.1,O=S(=O)(c1cccc(-c2ccccc2)c1)c1cnc2n[nH]c(Cc3ccc4ccncc4c3)c2n1,[BOS]O=S(=O)(c1cccc(-c2ccccc2)c1)c1cnc2n[nH]c(Cc3ccc4ccncc4c3)c2n1[EOS],49981.507475852966,42
12.1,Cc1ccc(-c2ccccc2CN2CC[NH+]3CC(OCc4cccc(C)n4)CC3C2)c(C)c1,[BOS]Cc1ccc(-c2ccccc2CN2CC[NH+]3C[C@H](OCc4cccc(C)n4)C[C@H]3C2)c(C)c1[EOS],54790.5653758049,42
13.6,NC(=[NH+]C(=O)c1cc2c3ccccc3n(-c3ccccc3)c2cn1)c1cccc2ccccc12,[BOS]NC(=[NH+]C(=O)c1cc2c3ccccc3n(-c3ccccc3)c2cn1)c1cccc2ccccc12[EOS],59061.15641975403,42
14.6,O=C1Nc2ccc(C(=O)N3CCC(C4CCCCN4C(=O)C4CCc5ccccc5O4)CC3)cc2C1=O,[BOS]O=C1Nc2ccc(C(=O)N3CCC([C@@H]4CCCCN4C(=O)[C@H]4CCc5ccccc5O4)CC3)cc2C1=O[EOS],5260.02298116684,42
12.8,O=C(NCC1CCN(c2cccc(F)c2)C1)N1CCCC(c2nc(-c3ccc(Cl)cc3)no2)C1,[BOS]O=C(NC[C@H]1CCN(c2cccc(F)c2)C1)N1CCC[C@@H](c2nc(-c3ccc(Cl)cc3)no2)C1[EOS],9930.538454055786,42
15.1,FC1(F)c2ccccc2C12CC[NH+](C1CC3CCCC(C1)[NH+]3Cc1ccccc1)CC2,[BOS]FC1(F)c2ccccc2C12CC[NH+](C1C[C@@H]3CCC[C@@H](C1)[NH+]3Cc1ccccc1)CC2[EOS],14130.169085502625,42
12.5,Cc1cc(=O)c(C(=O)Nc2cccc(-c3ccc4ccccc4c3)n2)cn1C1CC1,[BOS]Cc1cc(=O)c(C(=O)Nc2cccc(-c3ccc4ccccc4c3)n2)cn1C1CC1[EOS],18645.834604740143,42
12.6,O=C1C(n2c([O-])c(Cc3cccc4ccccc34)[nH]c2=O)CCCN1c1cccc(F)c1,[BOS]O=C1[C@@H](n2c([O-])c(Cc3cccc4ccccc34)[nH]c2=O)CCCN1c1cccc(F)c1[EOS],23394.37213921547,42
12.7,Cc1c(NC(=O)N2CCC(C)C2c2ccc(C(F)(F)F)cc2)noc1-c1ccccc1F,[BOS]Cc1c(NC(=O)N2CC[C@@H](C)[C@@H]2c2ccc(C(F)(F)F)cc2)noc1-c1ccccc1F[EOS],27693.02485871315,42
12.4,CN1C(=O)c2ccc(-c3nc(C(C)(C)c4ccc5ccccc5c4)no3)cc2S1(=O)=O,[BOS]CN1C(=O)c2ccc(-c3nc(C(C)(C)c4ccc5ccccc5c4)no3)cc2S1(=O)=O[EOS],31887.57541489601,42
13.0,O=C(Cc1c(F)cccc1F)NC1C2COCC1CN(C(=O)c1cc3c(ccc4ncccc43)s1)C2,[BOS]O=C(Cc1c(F)cccc1F)N[C@H]1[C@@H]2COC[C@H]1CN(C(=O)c1cc3c(ccc4ncccc43)s1)C2[EOS],36724.91082215309,42
12.8,O=C(Cc1c[nH+]c2ccccn12)NC1C2COCC1CN(C(=O)c1cc(F)ccc1C(F)(F)F)C2,[BOS]O=C(Cc1c[nH+]c2ccccn12)N[C@H]1[C@@H]2COC[C@H]1CN(C(=O)c1cc(F)ccc1C(F)(F)F)C2[EOS],41971.92776989937,42
14.5,O=C(Nc1ccc(Cn2cnc3ccccc32)cc1)C1=Cc2ccccc2OC1C1(F)CC(F)C(F)C(F)C1(F)F,[BOS]O=C(Nc1ccc(Cn2cnc3ccccc32)cc1)C1=Cc2ccccc2O[C@H]1C1(F)C[C@H](F)[C@@H](F)[C@@H](F)C1(F)F[EOS],46906.97069144249,42
12.0,O=C(NC1CC2CCC1N2C(=O)C1CCc2ccccc2C1)C1OCC2COCCC21,[BOS]O=C(N[C@@H]1C[C@H]2CC[C@@H]1N2C(=O)[C@@H]1CCc2ccccc2C1)[C@@H]1OC[C@@H]2COCC[C@@H]21[EOS],51004.593519210815,42
11.7,O=C(NC(c1ccccc1)C1CCC1)N1CCC2(CC1)CC[NH+](Cc1ccccc1)CC2,[BOS]O=C(N[C@H](c1ccccc1)C1CCC1)N1CCC2(CC1)CC[NH+](Cc1ccccc1)CC2[EOS],55517.70826077461,42
13.6,O=C1CC2(CCCN(C(=O)C3(Cc4ccccc4)CC4CCC3C4)C2)ON1c1ccc2c(c1)CCC2,[BOS]O=C1C[C@]2(CCCN(C(=O)[C@]3(Cc4ccccc4)C[C@H]4CC[C@H]3C4)C2)ON1c1ccc2c(c1)CCC2[EOS],4401.575186014175,42
12.8,Cc1cccc(-c2nnc3n2CC(c2nc(CN4C(=O)c5ccccc5C4=O)no2)CC3)c1,[BOS]Cc1cccc(-c2nnc3n2C[C@@H](c2nc(CN4C(=O)c5ccccc5C4=O)no2)CC3)c1[EOS],8979.205744504929,42
13.4,O=C(Cn1nnc2ccccc21)NC1C2COCC1CN(C(=O)c1c[nH]c3nc(-c4ccccc4)ccc13)C2,[BOS]O=C(Cn1nnc2ccccc21)N[C@H]1[C@@H]2COC[C@H]1CN(C(=O)c1c[nH]c3nc(-c4ccccc4)ccc13)C2[EOS],14162.999408006668,42
13.2,O=C(Nc1ccc(C2(NC(=O)C3CC3c3ccc(F)cc3)CCC2)cc1)c1ccc2ccoc2c1,[BOS]O=C(Nc1ccc(C2(NC(=O)[C@@H]3C[C@@H]3c3ccc(F)cc3)CCC2)cc1)c1ccc2ccoc2c1[EOS],19794.584037303925,42
13.6,O=C(C1CCC[NH+](Cc2nc(-c3ccccc3)no2)C1)N1Cc2ccccc2C(c2ccccc2)C1,[BOS]O=C([C@H]1CCC[NH+](Cc2nc(-c3ccccc3)no2)C1)N1Cc2ccccc2[C@H](c2ccccc2)C1[EOS],25204.80739569664,42
13.1,Cc1ccc(C)c(C(=O)N2CCOCC3(C2)CN(C(=O)C2Cc4ccccc4O2)CCO3)c1,[BOS]Cc1ccc(C)c(C(=O)N2CCOC[C@]3(C2)CN(C(=O)[C@@H]2Cc4ccccc4O2)CCO3)c1[EOS],29596.5140209198,42
12.0,Cc1ccccc1-c1nc(COC(=O)C2CCCC(n3c(O)c4c(c3O)C3CCC4O3)C2)c(C)o1,[BOS]Cc1ccccc1-c1nc(COC(=O)[C@H]2CCC[C@H](n3c(O)c4c(c3O)[C@H]3CC[C@H]4O3)C2)c(C)o1[EOS][EOS],34745.698056697845,42
12.0,c1ccc(Cn2ccc(CN=Nc3ncnc4c3cnn4-c3ccc4ccccc4n3)c3cccc2-3)cc1,[BOS]c1ccc(Cn2ccc(CN=Nc3ncnc4c3cnn4-c3ccc4ccccc4n3)c3cccc2-3)cc1[EOS],39437.269191503525,42
13.2,Cc1cccc(CC(=O)N2CCOCC3(C2)CN(C(=O)C2CCN(c4ccccc4)CC2)CCO3)c1,[BOS]Cc1cccc(CC(=O)N2CCOC[C@@]3(CN(C(=O)C4CCN(c5ccccc5)CC4)CCO3)C2)c1[EOS],44120.02813243866,42
12.4,Cc1cncc(C(=O)Nc2cc(C3CCCCN3C(=O)c3cc(F)cc(C(F)(F)F)c3)[nH]n2)c1,[BOS]Cc1cncc(C(=O)Nc2cc([C@@H]3CCCCN3C(=O)c3cc(F)cc(C(F)(F)F)c3)[nH]n2)c1[EOS],48900.38305258751,42
13.3,O=C(Nc1ccc(C2(NC(=O)C3(c4ccccc4F)CC3)CCC2)cc1)c1[nH]nc2c1CCc1ncccc1-2,[BOS]O=C(Nc1ccc(C2(NC(=O)C3(c4ccccc4F)CC3)CCC2)cc1)c1[nH]nc2c1CCc1ncccc1-2[EOS],54430.24552369118,42
12.8,O=C(c1cccc2cc(O)ccc12)N1CCC([NH+]2CCC(C(=O)N3CCCCC3)CC2)CC1,[BOS]O=C(c1cccc2cc(O)ccc12)N1CCC([NH+]2CCC(C(=O)N3CCCCC3)CC2)CC1[EOS],58796.65023493767,42
12.1,CC(Cc1ccc(C(F)(F)F)cc1)NC(=O)N1CCOC2(CCCN(c3ccccc3)C2)C1,[BOS]C[C@@H](Cc1ccc(C(F)(F)F)cc1)NC(=O)N1CCO[C@@]2(CCCN(c3ccccc3)C2)C1[EOS],4659.311960220337,42
13.5,Cc1cc(Cl)c2ccc(C(=O)Nc3nc4c(s3)CC(NC(=O)c3cccc(F)c3C)CC4)cc2n1,[BOS]Cc1cc(Cl)c2ccc(C(=O)Nc3nc4c(s3)C[C@H](NC(=O)c3cccc(F)c3C)CC4)cc2n1[EOS],9317.42740058899,42
12.9,O=C1NCCC12C[NH+](Cc1ccc(F)cc1)CC21CC[NH+](Cc2cnc3ccccc3c2Cl)CC1,[BOS]O=C1NCC[C@@]12C[NH+](Cc1ccc(F)cc1)CC21CC[NH+](Cc2cnc3ccccc3c2Cl)CC1[EOS],14271.399039506912,42
12.6,Cc1cccn2ncc(C(=O)NC3C4COCC3CN(C(=O)C3CC(c5ccccc5)N=N3)C4)c12,[BOS]Cc1cccn2ncc(C(=O)N[C@H]3[C@@H]4COC[C@H]3CN(C(=O)[C@H]3CC(c5ccccc5)N=N3)C4)c12[EOS],19157.132004737854,42
13.0,O=C(NCCNc1ccc2ccccc2n1)NCc1cc(=O)oc2cccc(C3CCC4CCC3C4)c12,[BOS]O=C(NCCNc1ccc2ccccc2n1)NCc1cc(=O)oc2cccc(c12)C1CCC2CCC1C2[EOS],24151.589546442032,42
12.4,CN(c1ncccn1)C1COC2(CCC[NH+](Cc3cc(Cl)cc4ccccc34)C2)C1,[BOS]CN(c1ncccn1)[C@@H]1CO[C@]2(CCC[NH+](Cc3cc(Cl)cc4ccccc34)C2)C1[EOS],28361.758778095245,42
12.7,Cc1cccc(Cn2cccc(C(=O)NN3C(=O)NC4(CCc5ccccc54)C3=O)c2=O)c1,[BOS]Cc1cccc(Cn2cccc(C(=O)NN3C(=O)N[C@@]4(CCc5ccccc54)C3=O)c2=O)c1[EOS],33069.93200325966,42
12.9,Cc1cccc(C(=O)N2C3CCC2CC(NC(=O)C2(C)CCN(C(=O)OCc4ccccc4)C2)C3)c1F,[BOS]Cc1cccc(C(=O)N2[C@@H]3CC[C@H]2C[C@@H](NC(=O)[C@]2(C)CCN(C(=O)OCc4ccccc4)C2)C3)c1F[EOS],38262.14631175995,42
12.6,O=C(OC1CCC2C[NH+](Cc3ccccc3)CC21)c1nn(-c2cc(F)cc(F)c2)c2c1CCC2,[BOS]O=C(O[C@@H]1CC[C@@H]2C[NH+](Cc3ccccc3)C[C@@H]21)c1nn(-c2cc(F)cc(F)c2)c2c1CCC2[EOS],43172.493203639984,42
13.3,O=C(c1n[nH]c2ccc(C(F)(F)F)cc12)N1CCC2C1CCN2C(=O)C1Cc2ccccc2C[NH+]1F,[BOS]O=C(c1n[nH]c2ccc(C(F)(F)F)cc12)N1CC[C@H]2[C@@H]1CCN2C(=O)[C@@H]1Cc2ccccc2C[NH+]1F[EOS],47991.51330828667,42
12.3,c1ccc2cc(-c3nnc(-c4ccc(-n5cnc6ccccc65)cc4)o3)ccc2c1,[BOS]c1ccc2c(c1)ncn2-c1ccc(-c2nnc(-c3ccc4ccccc4c3)o2)cc1[EOS],51970.68561506271,42
13.6,O=C(Cn1ccc2c(F)cccc21)NC1C2COCC1CN(C(=O)c1cnnc3ccccc13)C2,[BOS]O=C(Cn1ccc2c(F)cccc21)N[C@H]1[C@@H]2COC[C@H]1CN(C(=O)c1cnnc3ccccc13)C2[EOS],57041.489690065384,42
13.2,Cc1cc([O-])c([N+](=O)[O-])cc1C(=O)NC1C2COCC1ON(C(=O)C1(F)CCC(c3ccccc3)CC1)C2,[BOS]Cc1cc([O-])c([N+](=O)[O-])cc1C(=O)N[C@H]1[C@@H]2COC[C@H]1CN(C(=O)C1(F)CCC(c3ccccc3)CC1)O2[EOS],4896.501524448395,42
14.4,O=C(c1cc2ccccc2[nH]1)N1CCN(C(=O)C23CC4CC(C2)CC(c2cc(F)ccc2F)(C4)C3)CC1,[BOS]O=C(c1cc2ccccc2[nH]1)N1CCN(C(=O)C23C[C@H]4C[C@@H](C2)CC(c2cc(F)ccc2F)(C4)C3)CC1[EOS],9129.083283424377,42
13.3,Cc1cc([O-])c([N+](=O)[O-])cc1C(=O)N1CCCCC1C1CCN(C(=O)c2cn3c(F)cccc3[nH+]2)CC1,[BOS]Cc1cc([O-])c([N+](=O)[O-])cc1C(=O)N1CCCC[C@@H]1C1CCN(C(=O)c2cn3c(F)cccc3[nH+]2)CC1[EOS],14358.658155918121,42
12.3,O=C(C1=COCC1)N1CCC(C2CCCCN2C(=O)C2Cc3ccccc3C[NH2+]2)CC1,[BOS]O=C(C1=COCC1)N1CCC([C@H]2CCCCN2C(=O)[C@H]2Cc3ccccc3C[NH2+]2)CC1[EOS],18667.890150547028,42
13.5,O=c1n2c(c([O-])n1-c1nnc(Cc3ccc(C(F)(F)F)cc3)s1)CCCCc1ccccc1C2,[BOS]O=c1n2c(c([O-])n1-c1nnc(Cc3ccc(C(F)(F)F)cc3)s1)CCCCc1ccccc1C2[EOS],22345.907881736755,42
13.5,O=C(c1cccc2cn[nH]c12)N1CCC2(C1)CN(C(=O)C1Cc3ccccc3C[NH2+]1)CCO2,[BOS]O=C(c1cccc2cn[nH]c12)N1CC[C@@]2(C1)CN(C(=O)[C@@H]1Cc3ccccc3C[NH2+]1)CCO2[EOS],26747.753837108612,42
13.1,CC1CCc2c1n[nH]c2C(=O)N1CCCCC1C1CCN(C(=O)C2Cc3ccccc3C[NH+]2C)CC1,[BOS]C[C@@H]1CCc2c1n[nH]c2C(=O)N1CCCC[C@@H]1C1CCN(C(=O)[C@@H]2Cc3ccccc3C[NH+]2C)CC1[EOS],32037.38071322441,42
12.8,Cn1cnc2c1C(C(=O)Nc1cc(-c3ccc(F)c(F)c3)[nH]n1)N(C(=O)c1ccccc1)CC2,[BOS]Cn1cnc2c1[C@@H](C(=O)Nc1cc(-c3ccc(F)c(F)c3)[nH]n1)N(C(=O)c1ccccc1)CC2[EOS][EOS],36937.821348428726,42
12.8,CC(NC(=O)c1ccc2c(c1)C(=O)N(c1ccc(F)c(F)c1)C2=O)c1cc(F)ccc1N1CCC(O)CC1,[BOS]C[C@H](NC(=O)c1ccc2c(c1)C(=O)N(c1ccc(F)c(F)c1)C2=O)c1cc(F)ccc1N1CCC(O)CC1[EOS],41674.29437112808,42
13.3,O=C(NC1C2COCC1CN(C(=O)C1CCC[NH+]1Cc1ccccc1)C2)c1ccc2ncncc2c1,[BOS]O=C(N[C@H]1[C@@H]2COC[C@H]1CN(C(=O)[C@@H]1CCC[NH+]1Cc1ccccc1)C2)c1ccc2ncncc2c1[EOS],46955.21736359596,42
13.3,Cc1nc2ncccn2c1C(=O)N1CCCCC1C1CCN(C(=O)c2ccc3ncccc3c2)CC1,[BOS]Cc1nc2ncccn2c1C(=O)N1CCCC[C@@H]1C1CCN(C(=O)c2ccc3ncccc3c2)CC1[EOS],52136.839730501175,42
13.0,CC(C(=O)N1CCC(C(=O)c2ccc3ccccc3c2)CC1)[NH+]1CCN(c2ccc(F)cc2)CC1,[BOS]C[C@@H](C(=O)N1CCC(C(=O)c2ccc3ccccc3c2)CC1)[NH+]1CCN(c2ccc(F)cc2)CC1[EOS],56918.75281691551,42
13.0,O=C(Cc1cc([N+](=O)[O-])ccc1F)N1CCC2C1CCN2C(=O)C1CC1c1ccc(F)cc1,[BOS]O=C(Cc1cc([N+](=O)[O-])ccc1F)N1CC[C@H]2[C@@H]1CCN2C(=O)[C@@H]1C[C@H]1c1ccc(F)cc1[EOS],5086.359982728958,42
12.7,O=C(CNC(=O)C1(c2ccc3ccccc3c2)CCOCC1)Nc1cccc2ccccc12,[BOS]O=C(CNC(=O)C1(c2ccc3ccccc3c2)CCOCC1)Nc1cccc2ccccc12[EOS],10024.53295326233,42
13.5,O=C(NC1C2COCC1CN(C(=O)C1CC1c1ccc(F)c(F)c1)C2)C1CCc2cccc(Cl)c2C1,[BOS]O=C(N[C@H]1[C@@H]2COC[C@H]1CN(C(=O)[C@H]1C[C@@H]1c1ccc(F)c(F)c1)C2)[C@H]1CCc2cccc(Cl)c2C1[EOS],14945.643535852432,42
12.9,Fc1ccc(-c2noc(C3CCN(c4nc(-c5ccncc5)nc5c4CCC5)CC3)n2)c(Cl)c1F,[BOS]Fc1ccc(-c2noc(C3CCN(c4nc(-c5ccncc5)nc5c4CCC5)CC3)n2)c(Cl)c1F[EOS],19735.570546627045,42
12.2,FC(F)(F)c1cncc(Cc2noc(-c3cccc(-c4cccc(C(F)(C(F)(F)F)C(F)(F)F)c4)c3)n2)c1,[BOS]FC(F)(F)c1cncc(Cc2noc(-c3cccc(-c4cccc(C(F)(C(F)(F)F)C(F)(F)F)c4)c3)n2)c1[EOS][EOS][EOS][EOS][EOS][EOS][EOS],24614.228764533997,42
13.7,Cc1cc(F)c(F)c(C(=O)NC2C3COCC2CN(C(=O)CC2CCCc4ccccc42)C3)c1,[BOS]Cc1cc(F)c(F)c(C(=O)N[C@H]2[C@@H]3COC[C@H]2CN(C(=O)C[C@H]2CCCc4ccccc42)C3)c1[EOS],29427.919584035873,42
13.5,O=C(CCc1cnc2[nH]ccc2c1)N1CCC(C2CCCCN2C(=O)C2(c3ccc(F)cc3)CC2)CC1,[BOS]O=C(CCc1cnc2[nH]ccc2c1)N1CCC([C@H]2CCCCN2C(=O)C2(c3ccc(F)cc3)CC2)CC1[EOS],35114.00360298157,42
13.6,O=C(Nc1cc2c(cn1)CCC2)C12CC3CC(C1)CC(c1cc(F)ccc1F)(C3)C2,[BOS]O=C(Nc1cc2c(cn1)CCC2)C12C[C@H]3C[C@@H](C1)CC(c1cc(F)ccc1F)(C3)C2[EOS],39004.538617134094,42
13.5,O=C(C[NH+]1CCN(C(=O)c2ccc3c(c2)OCCCO3)CC1)N1CCc2[nH]c3ccccc3c2C1,[BOS]O=C(C[NH+]1CCN(C(=O)c2ccc3c(c2)OCCCO3)CC1)N1CCc2[nH]c3ccccc3c2C1[EOS],44306.51318573952,42
12.8,CC1(C(=O)N2CCCCC2C2CCN(C(=O)c3[nH]nc4c3CCCc3ccccc3-4)CC2)CC1(F)F,[BOS]C[C@]1(C(=O)N2CCCC[C@@H]2C2CCN(C(=O)c3[nH]nc4c3CCCc3ccccc3-4)CC2)CC1(F)F[EOS][EOS],49046.744836330414,42
14.1,O=C(NCC1CC2c3ccccc3C1c1ccccc12)N1CCCC(c2nc3ccccc3[nH]2)C1,[BOS]O=C(NC[C@@H]1CC2c3ccccc3C1c1ccccc12)N1CCC[C@H](c2nc3ccccc3[nH]2)C1[EOS],53568.379133462906,42
12.4,Cc1nc2ccccc2cc1C(=O)N1CCN(C(=O)COc2ccc(F)cc2Cl)C(Cc2cccc(F)c2)C1,[BOS]Cc1nc2ccccc2cc1C(=O)N1CCN(C(=O)COc2ccc(F)cc2Cl)C(Cc2cccc(F)c2)C1[EOS],57932.31941795349,42
13.2,Cc1cnn(C(C)C(=O)N2CCCCC2C2CCN(C(=O)Cc3cc4cccnc4cc3F)CC2)c1,[BOS]Cc1cnn([C@@H](C)C(=O)N2CCCC[C@H]2C2CCN(C(=O)Cc3cc4cccnc4cc3F)CC2)c1[EOS],4967.6135041713715,42
12.9,O=C(CC1CCC2(CC1)CCN(S(=O)(=O)C1Cc3ccccc3C1)CC2)Nc1nnco1,[BOS]O=C(CC1CCC2(CC1)CCN(S(=O)(=O)C1Cc3ccccc3C1)CC2)Nc1nnco1[EOS],9601.99217581749,42
12.8,O=C(Cc1c(F)ccc(F)c1F)N1CCC2C1CCN2C(=O)C1CC1c1ccc(F)c(F)c1,[BOS]O=C(Cc1c(F)ccc(F)c1F)N1CC[C@H]2[C@@H]1CCN2C(=O)[C@H]1C[C@@H]1c1ccc(F)c(F)c1[EOS],14501.99025607109,42
12.3,CNC(=O)c1cccc(NC(=O)C(=O)NCc2cccc(Oc3ccc4ccccc4c3)c2)c1C,[BOS]CNC(=O)c1cccc(NC(=O)C(=O)NCc2cccc(Oc3ccc4ccccc4c3)c2)c1C[EOS],19598.060506105423,42
13.7,O=C(c1ccnn1-c1ccc2ccc(-c3cccc(F)c3)cn12)N1CCN(c2ccc(F)c(F)c2F)CC1,[BOS]O=C(c1ccnn1-c1ccc2ccc(-c3cccc(F)c3)cn12)N1CCN(c2ccc(F)c(F)c2F)CC1[EOS],24561.53952407837,42
12.8,O=C(NCC1OCC2CCN(C(=O)C3CCC(C(F)(F)F)CC3)CC21)c1ccc2c(c1)OCCO2,[BOS]O=C(NC[C@@H]1OC[C@@H]2CCN(C(=O)[C@H]3CC[C@H](C(F)(F)F)CC3)C[C@@H]21)c1ccc2c(c1)OCCO2[EOS],29752.08018040657,42
12.2,O=C(N1CCOC(c2cccc(C(F)(F)F)c2)C1)C12CCCC1C[NH+](C1CCCCC1)C2,[BOS]O=C(N1CCO[C@@H](c2cccc(C(F)(F)F)c2)C1)[C@@]12CCC[C@@H]1C[NH+](C1CCCCC1)C2[EOS],34283.21977853775,42
14.5,CC(C)C(C(=O)N1CCCCC1C1CCN(C(=O)C2CCc3ccccc3C2)CC1)c1ccc(F)cc1,[BOS]CC(C)[C@@H](C(=O)N1CCCC[C@@H]1C1CCN(C(=O)[C@H]2CCc3ccccc3C2)CC1)c1ccc(F)cc1[EOS],39444.03807091713,42
12.5,CC(C(=O)Nc1ccc2ccccc2n1)[NH+]1CCC(c2cccc(F)c2)C1(C)C,[BOS]C[C@H](C(=O)Nc1ccc2ccccc2n1)[NH+]1CC[C@H](c2cccc(F)c2)C1(C)C[EOS],43500.33643770218,42
12.6,O=C(c1cnnc(Cl)c1)N1CCC(OC2CCN(C(=O)c3cc4cccc(Cl)c4[nH]3)CC2)CC1,[BOS]O=C(c1cc2cccc(Cl)c2[nH]1)N1CCC(OC2CCN(C(=O)c3cnnc(Cl)c3)CC2)CC1[EOS],48100.5192565918,42
13.3,O=C1NC(c2cc(-c3ccc4c(c3)CCC4)no2)c2c(ccc3cccnc23)O1,[BOS]O=C1N[C@H](c2cc(-c3ccc4c(c3)CCC4)no2)c2c(ccc3cccnc23)O1[EOS],52205.37199473381,42
14.9,O=C(NC1C2COCC1CN(C(=O)c1cccnc1-c1ccc3ccccc3c1)C2)c1cc2cccnn2c1,[BOS]O=C(N[C@H]1[C@@H]2COC[C@H]1CN(C(=O)c1cccnc1-c1ccc3ccccc3c1)C2)c1cc2cccnn2c1[EOS],57549.36523795128,42
13.2,O=C(NCc1ccc2cccnc2c1)N1CC[NH+](CC(=O)N2c3ccccc3CC3CCCCC32)CC1,[BOS]O=C(NCc1ccc2cccnc2c1)N1CC[NH+](CC(=O)N2c3ccccc3C[C@H]3CCCC[C@H]32)CC1[EOS],4327.166774749756,42
12.5,O=C(Nc1ccn(CCc2ccncc2)n1)N1CC(c2ccccc2)C2CCCCC21,[BOS]O=C(Nc1ccn(CCc2ccncc2)n1)N1C[C@H](c2ccccc2)[C@@H]2CCCC[C@H]21[EOS],8562.552562475204,42
13.3,Cn1ncc2ccc(-c3noc(-c4ccc5c(Cl)nc(-c6ccccc6Cl)cc5c4)n3)cc21,[BOS]Cn1ncc2ccc(-c3noc(-c4ccc5c(Cl)nc(-c6ccccc6Cl)cc5c4)n3)cc21[EOS],12659.863013744354,42
12.9,COc1ccc(C(C)C(=O)N2CCCCC2C2CCN(C(=O)Cc3ccc4c(c3)CCC4)CC2)cc1,[BOS]COc1ccc([C@@H](C)C(=O)N2CCCC[C@@H]2C2CCN(C(=O)Cc3ccc4c(c3)CCC4)CC2)cc1[EOS],17948.9525244236,42
12.3,O=C(NCc1ccccc1)c1ccccc1OC(=O)C1CCCN(C(=O)c2cccc3ccccc23)C1,[BOS]O=C(Oc1ccccc1C(=O)NCc1ccccc1)[C@@H]1CCCN(C(=O)c2cccc3ccccc23)C1[EOS],23433.73510336876,42
12.2,Cc1ccc(C(=O)N2CCOCC3(C2)CN(C(=O)C2CCc4ccccc42)CCO3)cc1O,[BOS]Cc1ccc(C(=O)N2CCOC[C@@]3(C2)CN(C(=O)[C@@H]2CCc4ccccc42)CCO3)cc1O[EOS][EOS][EOS][EOS][EOS][EOS][EOS][EOS],28039.400664567947,42
13.1,O=C1Nc2ccccc2CCC1NC(=O)N1CCCN(C(=O)c2cccc(F)c2)CC1,[BOS]O=C1Nc2ccccc2CC[C@H]1NC(=O)N1CCCN(C(=O)c2cccc(F)c2)CC1[EOS],32090.756581306458,42
12.8,O=C(NCC(c1ccccc1)c1c[nH]c2ccccc12)N1CCC(n2ccc([N+](=O)[O-])n2)CC1,[BOS]O=C(NC[C@H](c1ccccc1)c1c[nH]c2ccccc12)N1CCC(n2ccc([N+](=O)[O-])n2)CC1[EOS],36980.833938121796,42
12.6,O=C(NCC1OCC2CCN(C(=O)C3(F)CCCC=C3F)CC21)C1CCc2ccccc2C1,[BOS]O=C(NC[C@@H]1OC[C@@H]2CCN(C(=O)[C@@]3(F)CCCC=C3F)C[C@@H]21)[C@@H]1CCc2ccccc2C1[EOS],42122.7701690197,42
13.7,O=C(Cc1ccc(F)cc1F)N1CCC(C2CCCCN2C(=O)C2CCc3ccccc3O2)CC1,[BOS]O=C(Cc1ccc(F)cc1F)N1CCC([C@@H]2CCCCN2C(=O)[C@@H]2CCc3ccccc3O2)CC1[EOS],47197.36393737793,42
13.4,O=C(Nc1cccc(S(=O)(=O)c2ccccc2)c1)N1CCOC2(CCc3ccccc32)C1,[BOS]O=C(Nc1cccc(S(=O)(=O)c2ccccc2)c1)N1CCO[C@@]2(CCc3ccccc32)C1[EOS],51827.703756809235,42
12.1,Cc1ccc(OCCC(=O)N2CCC3COC(CNC(=O)c4ccc5c(c4)CNC5=O)C3C2)cc1,[BOS]Cc1ccc(OCCC(=O)N2CC[C@H]3CO[C@@H](CNC(=O)c4ccc5c(c4)CNC5=O)[C@H]3C2)cc1[EOS][EOS][EOS][EOS][EOS],56859.44449877739,42
13.5,Cn1cc2cc(C(=O)N3CCC4COC(CNC(=O)Cc5ccc6ccccc6c5)C4C3)ccc2n1,[BOS]Cn1cc2cc(C(=O)N3CC[C@H]4CO[C@@H](CNC(=O)Cc5ccc6ccccc6c5)[C@H]4C3)ccc2n1[EOS][EOS][EOS][EOS][EOS],5352.283495664597,42
13.3,O=C(C1CCc2ccccc2C1)N1CCC(OC2CCN(C(=O)C3(c4cccc(F)c4)CC3)CC2)CC1,[BOS]O=C([C@H]1CCc2ccccc2C1)N1CCC(OC2CCN(C(=O)C3(c4cccc(F)c4)CC3)CC2)CC1[EOS],10300.529545783997,42
13.4,O=C(Nc1cc(C2CCCCN2C(=O)c2cc(F)cc(F)c2)[nH]n1)c1ccc2ncncc2c1,[BOS]O=C(Nc1cc([C@H]2CCCCN2C(=O)c2cc(F)cc(F)c2)[nH]n1)c1ccc2ncncc2c1[EOS],15101.451626062393,42
13.2,O=C(Cc1cccc(F)c1)N1CCCCC1C1CCN(C(=O)C2(c3ccc(F)c(F)c3)CC2)CC1,[BOS]O=C(Cc1cccc(F)c1)N1CCCC[C@@H]1C1CCN(C(=O)C2(c3ccc(F)c(F)c3)CC2)CC1[EOS],20073.97064948082,42
13.4,O=C(c1cnn2cccnc12)N1CCC(C2CCCCN2C(=O)C2Cc3ccccc3C[NH2+]2)CC1,[BOS]O=C(c1cnn2cccnc12)N1CCC([C@H]2CCCCN2C(=O)[C@@H]2Cc3ccccc3C[NH2+]2)CC1[EOS],24954.530347585678,42
13.8,O=C(NCc1cc(=O)oc2cc3c(cc12)OCO3)NC1CCC(N2Cc3ccc(F)cc3C2=O)CC1,[BOS]O=C(NCc1cc(=O)oc2cc3c(cc12)OCO3)N[C@H]1CC[C@@H](N2Cc3ccc(F)cc3C2=O)CC1[EOS],29626.455425977707,42
14.0,O=C(c1ccn(-c2ccc3ccc(-c4ccccc4)cn23)n1)N1CCc2ccccc2C1,[BOS]O=C(c1ccn(-c2ccc3ccc(-c4ccccc4)cn23)n1)N1CCc2ccccc2C1[EOS],34346.31163716316,42
13.1,COc1ccc2c(CC(=O)Nc3cc(C4CCCCN4C(=O)c4cc(O)ccc4F)[nH]n3)c[nH]c2c1,[BOS]COc1ccc2c(CC(=O)Nc3cc([C@H]4CCCCN4C(=O)c4cc(O)ccc4F)[nH]n3)c[nH]c2c1[EOS],39803.22011423111,42
13.0,O=C(NCC1OCC2CCN(C(=O)C3(c4cccc(F)c4)CC3)CC21)C1Cc2ccccc2C1,[BOS]O=C(NC[C@@H]1OC[C@@H]2CCN(C(=O)C3(c4cccc(F)c4)CC3)C[C@@H]21)C1Cc2ccccc2C1[EOS][EOS][EOS][EOS][EOS],44812.49838757515,42
12.6,O=c1[nH]c(Cc2c[nH]c3ccccc23)c([O-])n1C1CC(c2ccccc2F)CC1n1ccnc1-c1ccccc1,[BOS]O=c1[nH]c(Cc2c[nH]c3ccccc23)c([O-])n1[C@H]1C[C@H](c2ccccc2F)C[C@@H]1n1ccnc1-c1ccccc1[EOS],49618.57373857498,42
12.1,CC1(CNC(=O)C2(Cc3ccc(C(F)(F)F)cc3)CCOCC2)CC[NH+](Cc2ccccc2)C1,[BOS]O=C(NC[C@@]1(C)CC[NH+](Cc2ccccc2)C1)C1(Cc2ccc(C(F)(F)F)cc2)CCOCC1[EOS],54898.35593867302,42
12.7,O=C(NCC1OCC2CC[NH+](Cc3ccc4c(ccn4Cc4ccccc4)c3)CC21)c1ccccc1F,[BOS]O=C(NC[C@H]1OC[C@@H]2CC[NH+](Cc3ccc4c(ccn4Cc4ccccc4)c3)C[C@@H]21)c1ccccc1F[EOS][EOS][EOS][EOS][EOS][EOS][EOS],60050.197515010834,42
13.7,O=C(c1cccc2cn[nH]c12)N1CCC(C2CCCCN2C(=O)CC2OCCc3ccccc32)CC1,[BOS]O=C(c1cccc2cn[nH]c12)N1CCC([C@H]2CCCCN2C(=O)C[C@H]2OCCc3ccccc32)CC1[EOS],4915.399058818817,42
12.9,O=C(c1ccc(O)cc1F)N1CCCCC1C1CCN(C(=O)C2(c3ccc(F)c(F)c3)CC2)CC1,[BOS]O=C(c1ccc(O)cc1F)N1CCCC[C@@H]1C1CCN(C(=O)C2(c3ccc(F)c(F)c3)CC2)CC1[EOS],10014.25259923935,42
11.9,CC(c1ccccc1)C1CCCN1C(=O)Cn1cnc2c(oc3ccccc32)c1=O,[BOS]C[C@@H](c1ccccc1)[C@@H]1CCCN1C(=O)Cn1cnc2c(oc3ccccc32)c1=O[EOS],14357.965838193893,42
12.8,Cc1cc(C(N)=O)cc(C)c1C(=O)Nc1nc2c(s1)CC(NC(=O)Cc1c(F)cccc1Cl)CC2,[BOS]Cc1cc(C(N)=O)cc(C)c1C(=O)Nc1nc2c(s1)C[C@H](NC(=O)Cc1c(F)cccc1Cl)CC2[EOS],19182.534616470337,42
12.1,Nc1nc(C[NH+]2CCN(C(=O)Cc3cnc4ccccc4c3)CC2)nc2sc3c(c12)CCCC3,[BOS]Nc1nc(C[NH+]2CCN(C(=O)Cc3cnc4ccccc4c3)CC2)nc2sc3c(c12)CCCC3[EOS][EOS][EOS][EOS][EOS][EOS][EOS][EOS],24298.72635626793,42
13.3,O=C1CCc2ccc(C(=O)N3CCC4COC(CNC(=O)C5CCc6ccccc65)C4C3)nc2N1,[BOS]O=C1CCc2ccc(C(=O)N3CC[C@H]4CO[C@@H](CNC(=O)[C@H]5CCc6ccccc65)[C@H]4C3)nc2N1[EOS],29328.01667356491,42
11.9,CC1Oc2ccc(NC(=O)NC3CC=C(c4ccc(F)cc4)CC3)cc2NC1=O,[BOS]C[C@@H]1Oc2ccc(NC(=O)N[C@H]3CC=C(c4ccc(F)cc4)CC3)cc2NC1=O[EOS],33385.606359004974,42
13.0,O=C(CN1C(=O)NC2(CCCCc3ccccc32)C1=O)NCC(=O)N1CCN(c2ccc(Cl)cc2)CC1,[BOS]O=C(CN1C(=O)N[C@@]2(CCCCc3ccccc32)C1=O)NCC(=O)N1CCN(c2ccc(Cl)cc2)CC1[EOS],38256.9813978672,42
13.3,O=C(NC1C2COCC1CN(C(=O)Cc1c[nH]c3ccccc13)C2)c1cnc2c(F)c(F)ccc2c1,[BOS]O=C(N[C@H]1[C@@H]2COC[C@H]1CN(C(=O)Cc1c[nH]c3ccccc13)C2)c1cnc2c(F)c(F)ccc2c1[EOS],43262.708015203476,42
13.4,Cc1cc2cccc(C(=O)NC3C4COCC3CN(C(=O)c3ccc5cccnc5n3)C4)c2[nH]1,[BOS]Cc1cc2cccc(C(=O)N[C@H]3[C@@H]4COC[C@H]3CN(C(=O)c3ccc5cccnc5n3)C4)c2[nH]1[EOS],47998.37152218819,42
13.1,O=C(Cn1c([O-])c(-c2cc(F)ccc2F)[nH]c1=O)N1Cc2ccccc2C(c2ccccc2)C1,[BOS]O=C(Cn1c([O-])c(-c2cc(F)ccc2F)[nH]c1=O)N1Cc2ccccc2[C@H](c2ccccc2)C1[EOS],52815.403869867325,42
11.5,CCC(Nc1nnnn1-c1ccccc1)C(=O)NCC1CC(c2ccc(C)cc2C)=NO1,[BOS]CC[C@@H](Nc1nnnn1-c1ccccc1)C(=O)NC[C@H]1CC(c2ccc(C)cc2C)=NO1[EOS][EOS][EOS][EOS],57352.05921840668,42
12.6,Cc1nc2nc(C(F)(F)F)nn2c(C)c1CCC(=O)Nc1nc2ccc(-c3nn[n-]n3)cc2[nH]1,[BOS]Cc1nc2nc(C(F)(F)F)nn2c(C)c1CCC(=O)Nc1nc2ccc(-c3nn[n-]n3)cc2[nH]1[EOS],5064.824460268021,42
13.0,O=C(C1CCCN(c2ccc(-c3noc(Cc4cccc(C(F)(F)F)c4)n3)cc2F)C1)N1CCCCC1,[BOS]O=C([C@H]1CCCN(c2ccc(-c3noc(Cc4cccc(C(F)(F)F)c4)n3)cc2F)C1)N1CCCCC1[EOS][EOS][EOS][EOS][EOS][EOS][EOS][EOS],10231.016591072083,42
13.3,CC1(c2ccccc2)CN(C(=O)CN2C(=O)NC3(CCc4ccccc4C3)C2=O)CCO1,[BOS]C[C@@]1(c2ccccc2)CN(C(=O)CN2C(=O)N[C@]3(CCc4ccccc4C3)C2=O)CCO1[EOS],14635.637995243073,42
13.7,CC(Oc1ccc2ccccc2c1)c1nnc(C(C)N2C(=O)C3C(C2=O)C2(Cl)c4ccccc4C3(Cl)c3ccccc32)o1,[BOS]C[C@@H](c1nnc([C@@H](C)Oc2ccc3ccccc3c2)o1)N1C(=O)[C@@H]2[C@H](C1=O)C1(Cl)c3ccccc3C2(Cl)c2ccccc21[EOS][EOS][EOS][EOS],20045.719390153885,42
13.3,Cn1ccc2c(=O)[nH]cc(C(=O)Nc3cc(C4CCCCN4C(=O)Cc4ccc5c(c4)CCC5)[nH]n3)c21,[BOS]Cn1ccc2c(=O)[nH]cc(C(=O)Nc3cc([C@@H]4CCCCN4C(=O)Cc4ccc5c(c4)CCC5)[nH]n3)c21[EOS],25245.03130507469,42
12.9,O=C1NCCC12C[NH+](Cc1cccnc1)CC21CC[NH+](Cc2ccc3ncnc(Cl)c3c2)CC1,[BOS]O=C1NCC[C@@]12C[NH+](Cc1cccnc1)CC21CC[NH+](Cc2ccc3ncnc(Cl)c3c2)CC1[EOS],30059.913573741913,42
14.6,O=C(NC1C2COCC1CN(C(=O)C1CCc3ccccc3C1)C2)C1C2CCCC1c1ccccc1N2,[BOS]O=C(N[C@H]1[C@@H]2COC[C@H]1CN(C(=O)[C@H]1CCc3ccccc3C1)C2)[C@H]1[C@@H]2CCC[C@H]1c1ccccc1N2[EOS],35001.65512943268,42
11.9,CC1C(C)[NH+](Cc2ccccc2)C(C)CN1C(=O)NCCCC(=O)N1Cc2ccccc2C1,[BOS]C[C@@H]1[C@@H](C)[NH+](Cc2ccccc2)[C@@H](C)CN1C(=O)NCCCC(=O)N1Cc2ccccc2C1[EOS][EOS],39538.3010764122,42
13.0,O=C(CC1OCCc2ccccc21)NCC1OCC2CCN(C(=O)C3(c4ccc(F)c(F)c4)CC3)CC21,[BOS]O=C(C[C@@H]1OCCc2ccccc21)NC[C@@H]1OC[C@@H]2CCN(C(=O)C3(c4ccc(F)c(F)c4)CC3)C[C@@H]21[EOS],45108.18021774292,42
12.6,CC(=O)Nc1cc2ccccc2cc1C(=O)OCC(=O)Nc1nc(-c2ccccc2)c(C(C)(C)C)s1,[BOS]CC(=O)Nc1cc2ccccc2cc1C(=O)OCC(=O)Nc1nc(-c2ccccc2)c(C(C)(C)C)s1[EOS],50623.45482635498,42
11.8,[NH3+]CC(Oc1cc(C2C=CC=NC2=O)ccc1O)C(=O)OCC1c2ccccc2-c2ccccc21,[BOS][NH3+]C[C@H](Oc1cc([C@@H]2C=CC=NC2=O)ccc1O)C(=O)OCC1c2ccccc2-c2ccccc21[EOS][EOS][EOS][EOS][EOS][EOS][EOS],55853.32014584541,42
12.7,O=C(NCc1ccc(F)cc1)C1=NOC2(CC[NH+](C3CCc4cc(F)c(F)c(F)c4C3)C2)C1,[BOS]O=C(NCc1ccc(F)cc1)C1=NO[C@@]2(CC[NH+]([C@H]3CCc4cc(F)c(F)c(F)c4C3)C2)C1[EOS],60058.2319047451,42
14.5,O=C(NC1C2COCC1CN(C(=O)c1ccc3[nH]ncc3c1)C2)C1CCN(c2ccc(F)cn2)CC1,[BOS]O=C(N[C@H]1[C@@H]2COC[C@H]1CN(C(=O)c1ccc3[nH]ncc3c1)C2)C1CCN(c2ccc(F)cn2)CC1[EOS],4863.016129255295,42
13.4,CC1CCCC1C(=O)N1CCCCC1C1CCN(C(=O)C2CCc3[nH]c(=O)[nH]c(=O)c3C2)CC1,[BOS]C[C@@H]1CCC[C@@H]1C(=O)N1CCCC[C@@H]1C1CCN(C(=O)[C@H]2CCc3[nH]c(=O)[nH]c(=O)c3C2)CC1[EOS],9700.118825912476,42
13.6,Cc1cc(F)c(F)c(C(=O)NC2C3COCC2CN(C(=O)CC2CCCc4ccccc42)C3)c1,[BOS]Cc1cc(F)c(F)c(C(=O)N[C@H]2[C@@H]3COC[C@H]2CN(C(=O)C[C@@H]2CCCc4ccccc42)C3)c1[EOS],14595.190037965775,42
13.0,O=C1C2CC(Oc3cncc(-c4ccccc4F)c3)CC2C(=O)N1c1ccc(F)c(C(F)(F)F)c1,[BOS]O=C1[C@H]2C[C@@H](Oc3cncc(-c4ccccc4F)c3)C[C@H]2C(=O)N1c1ccc(F)c(C(F)(F)F)c1[EOS],19463.684295654297,42
12.5,O=C(NC1CCC(c2ccccc2)C1)N1CCC(=Cc2ccc(F)c(F)c2)CC1,[BOS]O=C(N[C@@H]1CC[C@@H](c2ccccc2)C1)N1CCC(=Cc2ccc(F)c(F)c2)CC1[EOS],23694.02020049095,42
13.8,Cc1oc2cc(O)ccc2c1C(=O)N1CCCCC1C1CCN(C(=O)c2cccc3cccnc23)CC1,[BOS]Cc1oc2cc(O)ccc2c1C(=O)N1CCCC[C@@H]1C1CCN(C(=O)c2cccc3cccnc23)CC1[EOS],29280.982816696167,42
12.5,O=C(NCC1CCCC[NH+](Cc2ccccc2)C1)N1Cc2ccccc2-c2ccccc2C1,[BOS]O=C(NC[C@H]1CCCC[NH+](Cc2ccccc2)C1)N1Cc2ccccc2-c2ccccc2C1[EOS],34232.18472933769,42
13.3,CC(NC(=O)N1CCC(c2nc(-c3ccccc3)n[nH]2)CC1)C(c1ccccc1)c1ccccc1,[BOS]C[C@@H](NC(=O)N1CCC(c2nc(-c3ccccc3)n[nH]2)CC1)C(c1ccccc1)c1ccccc1[EOS],38900.09773159027,42
12.7,O=C(Nc1cccc(S(=O)(=O)Nc2ccccc2)c1)C1CC1c1ccc2ccccc2c1,[BOS]O=C(Nc1cccc(S(=O)(=O)Nc2ccccc2)c1)[C@H]1C[C@@H]1c1ccc2ccccc2c1[EOS],43920.75468087196,42
13.2,N#Cc1cc(CC(=O)N2CCCCC2C2CCN(C(=O)Cc3ccc4ccccc4c3)CC2)ccc1F,[BOS]N#Cc1cc(CC(=O)N2CCCC[C@@H]2C2CCN(C(=O)Cc3ccc4ccccc4c3)CC2)ccc1F[EOS],49030.29146313667,42
12.5,Cc1ccccc1C(=O)N1CCC(C2CCCCN2C(=O)CC(C)c2ccccc2)CC1,[BOS]Cc1ccccc1C(=O)N1CCC([C@@H]2CCCCN2C(=O)C[C@H](C)c2ccccc2)CC1[EOS],53724.960778951645,42
12.3,Cc1cncc(C(=O)N2CCCCC2c2cc(NC(=O)CN3C(=O)COc4ccc(Cl)cc43)n[nH]2)c1,[BOS]Cc1cncc(C(=O)N2CCCC[C@H]2c2cc(NC(=O)CN3C(=O)COc4ccc(Cl)cc43)n[nH]2)c1[EOS],58301.92481303215,42
12.9,Cn1c(SCC(=O)N2CCN(c3ccccc3F)CC2)nc2cc3ccccc3cc2c1=O,[BOS]Cn1c(SCC(=O)N2CCN(c3ccccc3F)CC2)nc2cc3ccccc3cc2c1=O[EOS],5106.835023641586,42
14.4,Cc1cccc(C(=O)N2CCCCC2C2CCN(C(=O)c3ccnc4c3ccc3ccccc34)CC2)c1C,[BOS]Cc1cccc(C(=O)N2CCCC[C@H]2C2CCN(C(=O)c3ccnc4c3ccc3ccccc34)CC2)c1C[EOS],10023.74018406868,42
12.7,Cc1cc(=O)[nH]c2cc(C(=O)N3CCCC3c3nc(-c4ccccc4)c(C(C)C)o3)ccc12,[BOS]Cc1cc(=O)[nH]c2cc(C(=O)N3CCC[C@@H]3c3nc(-c4ccccc4)c(C(C)C)o3)ccc12[EOS],14082.582036733627,42
12.9,O=C(Nc1ccc(C2(NC(=O)C3(c4cccc(F)c4)CC3)CCC2)cc1)c1ccc2[nH]ncc2c1F,[BOS]O=C(Nc1ccc(C2(NC(=O)C3(c4cccc(F)c4)CC3)CCC2)cc1)c1ccc2[nH]ncc2c1F[EOS],19804.94793844223,42
13.1,O=C(Nc1cc(C2CCCCN2C(=O)c2ccc3cc[nH]c3c2)[nH]n1)c1ccc2ncncc2c1,[BOS]O=C(Nc1cc([C@@H]2CCCCN2C(=O)c2ccc3cc[nH]c3c2)[nH]n1)c1ccc2ncncc2c1[EOS],24683.95369410515,42
13.1,O=C(C1=COCC1)N1CCC(OC2CCN(C(=O)C3CCCN3C(=O)c3ccc(F)cc3)CC2)CC1,[BOS]O=C(C1=COCC1)N1CCC(OC2CCN(C(=O)[C@@H]3CCCN3C(=O)c3ccc(F)cc3)CC2)CC1[EOS],29367.430559396744,42
13.6,O=C(NC1C2COCC1CN(C(=O)C1Cc3ccccc3C1)C2)c1cc(-c2ccc(Cl)c(F)c2)n[nH]1,[BOS]O=C(N[C@H]1[C@@H]2COC[C@H]1CN(C(=O)C1Cc3ccccc3C1)C2)c1cc(-c2ccc(Cl)c(F)c2)n[nH]1[EOS],34093.42767930031,42
12.9,O=C(C[NH+]1CCc2cc(-c3ccccc3)oc2C1)N1CCN(c2ncnc3c2cnn3-c2ccc(F)cc2)CC1,[BOS]O=C(C[NH+]1CCc2cc(-c3ccccc3)oc2C1)N1CCN(c2ncnc3c2cnn3-c2ccc(F)cc2)CC1[EOS][EOS][EOS][EOS][EOS][EOS],38855.57057619095,42
13.1,Cc1cc(C(=O)N2CCCCC2C2CCN(C(=O)CC[NH+]3Cc4ccccc4C3)CC2)ccc1F,[BOS]Cc1cc(C(=O)N2CCCC[C@@H]2C2CCN(C(=O)CC[NH+]3Cc4ccccc4C3)CC2)ccc1F[EOS],43981.33952140808,42
12.0,O=C(NC1CC1c1ccccc1C(F)(F)F)C1CC1c1ccc2ccccc2c1,[BOS]O=C(N[C@@H]1C[C@@H]1c1ccccc1C(F)(F)F)[C@@H]1C[C@@H]1c1ccc2ccccc2c1[EOS],48590.19663786888,42
13.2,O=C(C1CNc2ccccc21)N1CC2(CCCN2C(=O)C2CC2c2ccc(F)c(F)c2)C1,[BOS]O=C([C@@H]1CNc2ccccc21)N1CC2(CCCN2C(=O)[C@@H]2C[C@H]2c2ccc(F)c(F)c2)C1[EOS],53103.84868335724,42
13.8,O=C(CN1C(=O)OC2(CCc3ccccc32)C1=O)N1CCN(S(=O)(=O)c2cccc3cnccc23)CC1,[BOS]O=C(CN1C(=O)O[C@]2(CCc3ccccc32)C1=O)N1CCN(S(=O)(=O)c2cccc3cnccc23)CC1[EOS],57808.576466321945,42
13.4,O=C(Cc1cc(F)ccc1F)N1CCCCC1C1CCN(C(=O)C2(c3ccc(O)cc3)CC2)CC1,[BOS]O=C(Cc1cc(F)ccc1F)N1CCCC[C@@H]1C1CCN(C(=O)C2(c3ccc(O)cc3)CC2)CC1[EOS],4945.9556250572205,42
14.3,Fc1cnc2cc(C(F)(F)F)ccc2c1N1C2CCC1NCC(c1cccc(OC(F)c3ccc4ncccc4c3)c1)C2,[BOS]Fc1cnc2cc(C(F)(F)F)ccc2c1N1[C@@H]2CC[C@H]1C[C@@H](c1cccc(OC(F)c3ccc4ncccc4c3)c1)CN2[EOS],9958.897508382797,42
12.5,O=C(CC1CCN(c2nnnn2Cc2cccc3ccccc23)CC1)N1CCCC12CC2,[BOS]O=C(CC1CCN(c2nnnn2Cc2cccc3ccccc23)CC1)N1CCCC12CC2[EOS],14562.95556473732,42
13.7,O=C1CCc2ccc(C(=O)Nc3cc(C4CCCCN4C(=O)c4cc(F)cc(F)c4F)[nH]n3)nc2N1,[BOS]O=C1CCc2ccc(C(=O)Nc3cc([C@H]4CCCCN4C(=O)c4cc(F)cc(F)c4F)[nH]n3)nc2N1[EOS],19555.319381713867,42
13.2,O=C(Nc1ncnc2c1ncn2C1=CC2CC[NH+](Cc3ccccc3)C2C1)c1ncnc2ccccc12,[BOS]O=C(Nc1ncnc2c1ncn2C1=C[C@H]2CC[NH+](Cc3ccccc3)[C@H]2C1)c1ncnc2ccccc12[EOS][EOS][EOS][EOS][EOS][EOS],24852.98877954483,42
12.8,Cc1cccc(OCc2cccc(NC(=O)C3CC(=O)N(c4ccc5c(c4)CCC5)C3)c2)c1,[BOS]O=C(Nc1cccc(COc2cccc(C)c2)c1)[C@@H]1CC(=O)N(c2ccc3c(c2)CCC3)C1[EOS],29989.751670360565,42
12.7,Cc1[nH]c2ccccc2c1C1CCN(C(=O)C2(C)CCc3ccccc3C2)CC1,[BOS]Cc1[nH]c2ccccc2c1C1CCN(C(=O)[C@@]2(C)CCc3ccccc3C2)CC1[EOS],34493.5729675293,42
13.8,O=C(c1cncc(N2CCc3ccccc3C2)n1)N1CCC2(C1)C(=O)Nc1ccccc12,[BOS]O=C(c1cncc(N2CCc3ccccc3C2)n1)N1CC[C@]2(C1)C(=O)Nc1ccccc12[EOS],38940.5513176918,42
13.3,NC(=O)C1=C(NC(=O)CSc2ccnc3ccccc23)CC2=C1CCc1ccc(F)cc12,[BOS]NC(=O)c1c(NC(=O)CSc2ccnc3ccccc23)Cc2c1CCc1ccc(F)cc1-2[EOS],43712.14147686958,42
14.6,O=C(NC1C2COCC1CN(C(=O)c1c(Cl)ccc3c1OCOc1ccccc1-3)C2)c1ccc(F)cc1,[BOS]O=C(N[C@H]1[C@@H]2COC[C@H]1CN(C(=O)c1c(Cl)ccc3c1OCOc1ccccc1-3)C2)c1ccc(F)cc1[EOS],48778.81627011299,42
13.4,O=C(Nc1cc(C2CCCN(C(=O)c3cnccc3F)C2)[nH]n1)C1CC12C(=O)Nc1ccccc12,[BOS]O=C(Nc1cc([C@H]2CCCN(C(=O)c3cnccc3F)C2)[nH]n1)[C@H]1C[C@@]12C(=O)Nc1ccccc12[EOS],53690.99643158913,42
12.6,Cc1cnc2c(S(=O)(=O)N3CCN(C(=O)C4CCN(S(=O)(=O)C=Cc5ccccc5)CC4)CC3)cccc2c1,[BOS]Cc1cnc2c(S(=O)(=O)N3CCN(C(=O)C4CCN(S(=O)(=O)/C=C\c5ccccc5)CC4)CC3)cccc2c1[EOS][EOS][EOS][EOS][EOS][EOS],58389.0434114933,42
12.9,O=C(Nc1nc2c(s1)CC(NC(=O)C1CC1c1ccc(F)c(F)c1)CC2)c1ccc2ncccc2c1,[BOS]O=C(Nc1nc2c(s1)C[C@@H](NC(=O)[C@@H]1C[C@@H]1c1ccc(F)c(F)c1)CC2)c1ccc2ncccc2c1[EOS],4903.41979432106,42
13.6,O=C1CC(C(=O)N2CCC3COC(CNC(=O)C4CCc5ccccc5O4)C3C2)=Cc2ccccc2N1,[BOS]O=C(NC[C@@H]1OC[C@@H]2CCN(C(=O)C3=Cc4ccccc4NC(=O)C3)C[C@@H]21)[C@H]1CCc2ccccc2O1[EOS],10294.182965755463,42
12.5,Cc1ccc(C2CCCN2C(=O)c2c[nH]nc2Nc2ccc3c(c2)OCCCO3)cc1F,[BOS]Cc1ccc([C@H]2CCCN2C(=O)c2c[nH]nc2Nc2ccc3c(c2)OCCCO3)cc1F[EOS],14292.51639008522,42
13.4,O=C(Cc1ccc2c(c1)CCO2)NC1C2COCC1CN(C(=O)c1cc(=O)c3ccccc3o1)C2,[BOS]O=C(Cc1ccc2c(c1)CCO2)N[C@H]1[C@@H]2COC[C@H]1CN(C(=O)c1cc(=O)c3ccccc3o1)C2[EOS],19278.80171084404,42
12.7,Cc1noc(C)c1CC(=O)NCC1OCC2CCN(C(=O)c3cn(-c4ccccc4)c4ncccc34)CC21,[BOS]Cc1noc(C)c1CC(=O)NC[C@@H]1OC[C@@H]2CCN(C(=O)c3cn(-c4ccccc4)c4ncccc34)C[C@@H]21[EOS],24733.272660017014,42
13.2,O=C(CCc1noc(-c2ccccc2)n1)NC1C2COCC1CN(C(=O)C1Cc3ccccc3C1)C2,[BOS]O=C(CCc1noc(-c2ccccc2)n1)N[C@H]1[C@@H]2COC[C@H]1CN(C(=O)C1Cc3ccccc3C1)C2[EOS][EOS][EOS][EOS],30741.448585271835,42
13.4,O=C(Nc1cc(C2CCCCN2C(=O)c2cc(F)ccc2F)[nH]n1)C1CCc2ccccc2C1O,[BOS]O=C(Nc1cc([C@H]2CCCCN2C(=O)c2cc(F)ccc2F)[nH]n1)[C@@H]1CCc2ccccc2[C@@H]1O[EOS],35635.01988244057,42
12.6,CC(=Cc1cccnc1)C(=O)Nc1cc(C2CCCCN2C(=O)c2cc(F)c(F)cc2F)[nH]n1,[BOS]CC(=Cc1cccnc1)C(=O)Nc1cc([C@@H]2CCCCN2C(=O)c2cc(F)c(F)cc2F)[nH]n1[EOS],40699.2546749115,42
12.1,Cc1cccc(C2=CCN(C(=O)c3nn(-c4ccccc4C(F)(F)F)c(C)cc3=O)CC2)c1C,[BOS]Cc1cccc(C2=CCN(C(=O)c3nn(-c4ccccc4C(F)(F)F)c(C)cc3=O)CC2)c1C[EOS][EOS][EOS],45091.013461351395,42
13.1,Cn1c(CC(=O)N2CCC3C2CCN3C(=O)C2(c3ccc(F)cc3)CCC2)cc2ccccc21,[BOS]Cn1c(CC(=O)N2CC[C@H]3[C@@H]2CCN3C(=O)C2(c3ccc(F)cc3)CCC2)cc2ccccc21[EOS],49712.170052051544,42
13.2,O=C(OC1CCCN(c2ccccc2F)C1=O)C1CCN(C(=O)c2cccc3ccccc23)CC1,[BOS]O=C(O[C@@H]1CCCN(c2ccccc2F)C1=O)C1CCN(C(=O)c2cccc3ccccc23)CC1[EOS],54477.249918699265,42
12.3,O=C(Cc1noc(-c2cn[nH]c2-c2ccccc2F)n1)Nc1cc(-n2cnnn2)ccc1F,[BOS]O=C(Cc1noc(-c2cn[nH]c2-c2ccccc2F)n1)Nc1cc(-n2cnnn2)ccc1F[EOS],59056.4766228199,42
13.1,Cc1nc(F)ccc1C(=O)N1CCCCC1C1CCN(C(=O)c2cncc(-c3ccccc3C=O)c2)CC1,[BOS]Cc1nc(F)ccc1C(=O)N1CCCC[C@@H]1C1CCN(C(=O)c2cncc(-c3ccccc3C=O)c2)CC1[EOS],4942.3779084682465,42
13.7,O=C(CC1OCCc2ccccc21)NC1C2COCC1CN(C(=O)Cc1ccc3ccccc3c1)C2,[BOS]O=C(C[C@H]1OCCc2ccccc21)N[C@H]1[C@@H]2COC[C@H]1CN(C(=O)Cc1ccc3ccccc3c1)C2[EOS],10032.66604590416,42
12.9,Cc1cccc(-n2cnc3cc(-c4nc(-c5ccc6c(c5)CC(=O)N6)no4)ccc32)c1C,[BOS]Cc1cccc(-n2cnc3cc(-c4nc(-c5ccc6c(c5)CC(=O)N6)no4)ccc32)c1C[EOS],14549.753073215485,42
11.9,CC(CNC(=O)N1CCC(C(=O)Nc2cccc(-c3nn[n-]n3)c2)CC1)c1ccccc1,[BOS]C[C@@H](CNC(=O)N1CCC(C(=O)Nc2cccc(-c3nn[n-]n3)c2)CC1)c1ccccc1[EOS],19175.610223293304,42
13.3,O=C(c1c[nH+]c2cc(Cl)ccn12)N1CCC(C2CCCCN2C(=O)C2(F)CCCC=C2F)CC1,[BOS]O=C(c1c[nH+]c2cc(Cl)ccn12)N1CCC([C@H]2CCCCN2C(=O)[C@]2(F)CCCC=C2F)CC1[EOS],24202.149730682373,42
13.1,O=C1CCc2ccc(C(=O)Nc3cc(C4CCCCN4C(=O)c4ccccc4)[nH]n3)nc2N1,[BOS]O=C(Nc1cc([C@@H]2CCCCN2C(=O)c2ccccc2)[nH]n1)c1ccc2c(n1)NC(=O)CC2[EOS],29116.33939552307,42
13.0,O=C(NCc1cc(=O)oc2cc3c(cc12)OCO3)N1CCC2C1CCN2C(=O)c1ccnc2[nH]ccc12,[BOS]O=C(NCc1cc(=O)oc2cc3c(cc12)OCO3)N1CC[C@H]2[C@@H]1CCN2C(=O)c1ccnc2[nH]ccc12[EOS],33783.216846227646,42
13.0,Cc1ccc(CC(=O)N2CCC3COC(CNC(=O)c4oc5ccccc5c4C)C3C2)cc1C,[BOS]Cc1ccc(CC(=O)N2CC[C@H]3CO[C@@H](CNC(=O)c4oc5ccccc5c4C)[C@H]3C2)cc1C[EOS],39144.61332535744,42
12.2,Fc1ccc(CC2CCC[NH+](Cc3ncn(-c4ccccc4)n3)C2)c(F)c1,[BOS]Fc1ccc(C[C@@H]2CCC[NH+](Cc3ncn(-c4ccccc4)n3)C2)c(F)c1[EOS],43581.77766251564,42
13.1,Cc1cccc(-c2nnc3n2CC(C(=O)N2CCC(O)(Cc4ccccc4F)CC2)CC3)c1,[BOS]Cc1cccc(-c2nnc3n2C[C@H](C(=O)N2CCC(O)(Cc4ccccc4F)CC2)CC3)c1[EOS],48499.82498383522,42
12.8,Cc1cc(F)cc(CC(=O)N2CCC3C2CCN3C(=O)c2c(C)noc2-c2ccccc2)c1,[BOS]Cc1cc(F)cc(CC(=O)N2CC[C@H]3[C@@H]2CCN3C(=O)c2c(C)noc2-c2ccccc2)c1[EOS],53234.82775425911,42
12.2,O=C(Cc1ccc(NC(=O)C2(c3ccccc3)CC[NH2+]CC2)cc1)Nc1ccccc1F,[BOS]O=C(Cc1ccc(NC(=O)C2(c3ccccc3)CC[NH2+]CC2)cc1)Nc1ccccc1F[EOS][EOS][EOS][EOS][EOS],57969.567425727844,42
12.7,Fc1ccc2[nH]c(C[NH+]3CCCCC3c3nccc(C4C(c5ccccc5)CC5(OCCO5)C4Cl)n3)cc2c1,[BOS]Fc1ccc2[nH]c(C[NH+]3CCCC[C@H]3c3nccc([C@@H]4[C@@H](c5ccccc5)C[C@@]5(OCCO5)[C@@H]4Cl)n3)cc2c1[EOS][EOS],4138.873982429504,42
12.2,Cc1c([O-])n(C[NH+]2CCN(C(=O)Cc3cccc(Cl)c3)C(C)C2)c(=O)n1-c1ccccc1,[BOS]Cc1c([O-])n(C[NH+]2CCN(C(=O)Cc3cccc(Cl)c3)[C@@H](C)C2)c(=O)n1-c1ccccc1[EOS][EOS][EOS][EOS][EOS][EOS],9145.809936523438,42
12.1,Fc1ccc(-c2ccc(N3CC[NH+](Cn4nc(-c5ccccn5)n(-c5ccccc5)c4=S)CC3)cc2)cc1F,[BOS]Fc1ccc(-c2ccc(N3CC[NH+](Cn4nc(-c5ccccn5)n(-c5ccccc5)c4=S)CC3)cc2)cc1F[EOS][EOS][EOS][EOS][EOS][EOS],13999.575056552887,42
12.6,O=C1Nc2ccccc2C1C1CCN(C(=O)c2cc(-c3ccccc3)ccc2Cl)CC1,[BOS]O=C1Nc2ccccc2[C@@H]1C1CCN(C(=O)c2cc(-c3ccccc3)ccc2Cl)CC1[EOS],18464.703235387802,42
12.0,CC(C)n1c(C2CCC[NH+]2CC(=O)Nc2ccc3c(c2)CCC3)nc2ccccc2c1=O,[BOS]CC(C)n1c([C@@H]2CCC[NH+]2CC(=O)Nc2ccc3c(c2)CCC3)nc2ccccc2c1=O[EOS][EOS][EOS],23419.47348833084,42
12.0,O=C(Nc1ncn(Cc2ccc(-c3nn[n-]n3)cc2)n1)N1CCC1c1ccccc1,[BOS]O=C(Nc1ncn(Cc2ccc(-c3nn[n-]n3)cc2)n1)N1CC[C@H]1c1ccccc1[EOS][EOS][EOS][EOS][EOS][EOS][EOS],27791.055730581284,42
12.0,CC(NC(=O)c1ccc2c(-c3nn[n-]n3)c[nH]c2c1)C1C[NH+](Cc2ccccc2)CCO1,[BOS]C[C@@H](NC(=O)c1ccc2c(-c3nn[n-]n3)c[nH]c2c1)[C@H]1C[NH+](Cc2ccccc2)CCO1[EOS],32125.340080022812,42
12.5,Cc1cn(-c2cccc(NC(=O)C3CC3c3cccc4ccccc34)c2)c(=O)[nH]c1=O,[BOS]Cc1cn(-c2cccc(NC(=O)[C@H]3C[C@@H]3c3cccc4ccccc34)c2)c(=O)[nH]c1=O[EOS],36867.11672115326,42
13.2,O=C(C(F)c1ccccc1)N1CCC(C2CCCCN2C(=O)C2CNc3ccccc32)CC1,[BOS]O=C([C@@H](F)c1ccccc1)N1CCC([C@H]2CCCCN2C(=O)[C@@H]2CNc3ccccc32)CC1[EOS],42014.42635178566,42
12.8,Cc1cc(C)n2ncc(C(=O)N3CCC4COC(CNC(=O)c5ccc6cc[nH]c6c5)C4C3)c2n1,[BOS]Cc1cc(C)n2ncc(C(=O)N3CC[C@H]4CO[C@@H](CNC(=O)c5ccc6cc[nH]c6c5)[C@H]4C3)c2n1[EOS],46875.10191607475,42
13.1,O=C(NCC1OCC2CCN(C(=O)Cc3ccc4c(c3)CCC4)CC21)c1[nH]nc2c1CCc1ncccc1-2,[BOS]O=C(NC[C@@H]1OC[C@@H]2CCN(C(=O)Cc3ccc4c(c3)CCC4)C[C@@H]21)c1[nH]nc2c1CCc1ncccc1-2[EOS],52481.80363893509,42
11.7,O=C(CC1CCOCC1)Nc1ccc(C2(NC(=O)C3CC3c3ccc(F)c(F)c3)CCC2)cc1,[BOS]O=C(CC1CCOCC1)Nc1ccc(C2(NC(=O)[C@@H]3C[C@@H]3c3ccc(F)c(F)c3)CCC2)cc1[EOS][EOS][EOS][EOS][EOS],57215.509186029434,42
13.6,COc1cccc2c1CC(C(=O)N1CCC3COC(CNC(=O)Cc4ccc5c(c4)CCC5)C3C1)CC2,[BOS]COc1cccc2c1C[C@@H](C(=O)N1CC[C@H]3CO[C@@H](CNC(=O)Cc4ccc5c(c4)CCC5)[C@H]3C1)CC2[EOS],5323.883765459061,42
12.5,Cc1ccc(C)c(OC2CCN(c3nnc(C4CCOC4c4ccccc4)n3C)CC2)c1,[BOS]Cc1ccc(C)c(OC2CCN(c3nnc([C@H]4CCO[C@@H]4c4ccccc4)n3C)CC2)c1[EOS][EOS][EOS][EOS][EOS],9684.159429311752,42
12.2,O=C(NCc1noc2ccccc12)N1CCC2C(CCC[NH+]2CCc2ccccc2)C1,[BOS]O=C(NCc1noc2ccccc12)N1CC[C@H]2[C@H](CCC[NH+]2CCc2ccccc2)C1[EOS],14010.501032590866,42
12.7,O=C(NCC1CCCN(C(=O)NCC2CCN(c3ccccc3)CC2)C1)c1ccc(Cl)cc1,[BOS]O=C(NC[C@H]1CCCN(C(=O)NCC2CCN(c3ccccc3)CC2)C1)c1ccc(Cl)cc1[EOS],19374.960393428802,42
12.8,Cc1cc(F)cc(C(=O)N2CCC(C3CCCCN3C(=O)C3COc4ccccc4O3)CC2)c1,[BOS]Cc1cc(F)cc(C(=O)N2CCC([C@H]3CCCCN3C(=O)[C@H]3COc4ccccc4O3)CC2)c1[EOS],24113.371081352234,42
13.0,O=C(CN1C(=O)NC(Cc2ccccc2)(C2Cc3ccccc3C2)C1=O)Nc1cc(-n2nnnc2C2CC2)ccc1F,[BOS]O=C(CN1C(=O)N[C@@](Cc2ccccc2)(C2Cc3ccccc3C2)C1=O)Nc1cc(-n2nnnc2C2CC2)ccc1F[EOS],29305.090192079544,42
14.4,O=C1N(CC(O)=Nc2cc(Cc3cccc4ccccc34)ccn2)C(O)=NC12CCc1cc(C(F)(F)F)ccc1C2,[BOS]O=C1N(CC(O)=Nc2cc(Cc3cccc4ccccc34)ccn2)C(O)=N[C@]12CCc1cc(C(F)(F)F)ccc1C2[EOS],35332.875311374664,42
12.8,CC(NC(=O)Cn1nc(-c2ccccc2)cc(C(F)(F)F)c1=O)c1ccc2c(c1)CCC(=O)N2,[BOS]C[C@H](NC(=O)Cn1nc(-c2ccccc2)cc(C(F)(F)F)c1=O)c1ccc2c(c1)CCC(=O)N2[EOS],40264.96514725685,42
13.1,CC(C(=O)N1C2CCC1CC(NC(=O)c1cccc(C(F)c3cccc(F)c3)c1)C2)c1ccccc1,[BOS]C[C@@H](C(=O)N1[C@@H]2CC[C@H]1C[C@@H](NC(=O)c1cccc([C@@H](F)c3cccc(F)c3)c1)C2)c1ccccc1[EOS],45589.71147084236,42
14.2,O=C1CCc2ccc(C(=O)N3CCC4C3CCN4C(=O)c3ccc(C(F)(F)F)c(F)c3Cl)cc2N1,[BOS]O=C1CCc2ccc(C(=O)N3CC[C@H]4[C@@H]3CCN4C(=O)c3ccc(C(F)(F)F)c(F)c3Cl)cc2N1[EOS],50064.35732913017,42
12.3,O=C(Nc1nnn(Cc2ccccc2F)c1C(F)(F)F)C1CSC(Cc2ccccc2F)C(=O)N1,[BOS]O=C(Nc1nnn(Cc2ccccc2F)c1C(F)(F)F)[C@H]1CS[C@@H](Cc2ccccc2F)C(=O)N1[EOS],54931.271396160126,42
12.2,Cn1ccc2c(CNC(=O)Nc3ccc4c(c3)Cc3ccccc3-4)cccc2c1=O,[BOS]Cn1ccc2c(CNC(=O)Nc3ccc4c(c3)Cc3ccccc3-4)cccc2c1=O[EOS],59026.323184251785,42
11.9,CC1(NC(=O)Nc2cccc(C(=O)Nc3cccc(F)c3)c2)Cc2ccccc2C1,[BOS]CC1(NC(=O)Nc2cccc(C(=O)Nc3cccc(F)c3)c2)Cc2ccccc2C1[EOS],4276.9703023433685,42
12.9,O=C(NC1CC[NH+](C2CCN(C(=O)c3cc4c(F)cc(F)cc4[nH]3)CC2)CC1)c1ccc2n[nH]nc2c1,[BOS]O=C(NC1CC[NH+](C2CCN(C(=O)c3cc4c(F)cc(F)cc4[nH]3)CC2)CC1)c1ccc2n[nH]nc2c1[EOS][EOS][EOS][EOS][EOS][EOS][EOS][EOS],9399.073239803314,42
13.7,O=C(C1Cc2ccccc2CC12CC2)N1CCCN(S(=O)(=O)c2cccc3cnccc23)CC1,[BOS]O=C([C@H]1Cc2ccccc2CC12CC2)N1CCCN(S(=O)(=O)c2cccc3cnccc23)CC1[EOS],13855.695078134537,42
14.7,O=C(Nc1cc(C2CCCCN2C(=O)C2Cc3ccccc3-c3ccccc32)[nH]n1)c1n[nH]c2ccncc12,[BOS]O=C(Nc1cc([C@H]2CCCCN2C(=O)[C@H]2Cc3ccccc3-c3ccccc32)[nH]n1)c1n[nH]c2ccncc12[EOS],19344.682277917862,42
12.4,O=C(NCC1C2Cc3ccccc3C12)N1CCC(c2cccc(C(F)(F)F)c2)C1,[BOS]O=C(NC[C@@H]1[C@@H]2Cc3ccccc3[C@@H]12)N1CC[C@@H](c2cccc(C(F)(F)F)c2)C1[EOS],23656.601047992706,42
12.5,CC(C)n1ccc2cc(-n3c([O-])c4n(c3=O)C(S(=O)(=O)c3ccccc3)CCC4(C)C)ccc21,[BOS]CC(C)n1ccc2cc(-n3c([O-])c4n(c3=O)[C@H](S(=O)(=O)c3ccccc3)CCC4(C)C)ccc21[EOS][EOS][EOS][EOS][EOS][EOS][EOS],27752.072042942047,42
12.4,CNC(=O)c1cc(Oc2cccc(NC(=O)C(C)(C)c3csc(-c4cc(F)ccc4F)n3)c2)ccn1,[BOS]CNC(=O)c1cc(Oc2cccc(NC(=O)C(C)(C)c3csc(-c4cc(F)ccc4F)n3)c2)ccn1[EOS],33365.05118918419,42
12.6,O=C(c1ccc(O)cn1)N1CCC(OC2CCN(C(=O)C3CC3c3ccc(F)c(F)c3)CC2)CC1,[BOS]O=C(c1ccc(O)cn1)N1CCC(OC2CCN(C(=O)[C@@H]3C[C@H]3c3ccc(F)c(F)c3)CC2)CC1[EOS][EOS],38405.05284166336,42
12.2,CC1(c2ccccc2)CN(C(=O)NCC2CCN(c3ccc(F)c(F)c3)C2)CCO1,[BOS]C[C@]1(c2ccccc2)CN(C(=O)NC[C@H]2CCN(c3ccc(F)c(F)c3)C2)CCO1[EOS],42571.12532401085,42
13.2,Cc1cc(F)c(F)c(C(=O)NC2C3COCC2CN(C(=O)CC2OCCc4ccccc42)C3)c1,[BOS]Cc1cc(F)c(F)c(C(=O)N[C@H]2[C@@H]3COC[C@H]2CN(C(=O)C[C@@H]2OCCc4ccccc42)C3)c1[EOS],47492.424011707306,42
13.1,O=C(NC1C2COCC1CN(C(=O)C1=NOc3ccccc3C1)C2)C1C2Sc3ccccc3C21,[BOS]O=C(N[C@H]1[C@@H]2COC[C@H]1CN(C(=O)C1=NOc3ccccc3C1)C2)[C@@H]1[C@@H]2Sc3ccccc3[C@H]21[EOS],52264.92380404472,42
13.3,CC1(C(=O)Nc2ccc(NC(=O)c3ccc4cc[nH]c4c3)cc2)CCCN1C(=O)c1ccccc1F,[BOS]C[C@@]1(C(=O)Nc2ccc(NC(=O)c3ccc4cc[nH]c4c3)cc2)CCCN1C(=O)c1ccccc1F[EOS],56747.452459812164,42
12.3,Cc1cnc2c(S(=O)(=O)N3CCC(C(=O)Nc4ccc(-c5nn[n-]n5)c(C)n4)CC3)cccc2c1,[BOS]Cc1cnc2c(S(=O)(=O)N3CCC(C(=O)Nc4ccc(-c5nn[n-]n5)c(C)n4)CC3)cccc2c1[EOS],4694.704365968704,42
13.5,O=C1CCC2CCC(C(=O)N3CCCCC3C3CCN(C(=O)C4(c5ccc(F)c(F)c5)CC4)CC3)CN12,[BOS]O=C([C@@H]1CC[C@@H]2CCC(=O)N2C1)N1CCCC[C@@H]1C1CCN(C(=O)C2(c3ccc(F)c(F)c3)CC2)CC1[EOS],9870.415113210678,42
13.3,CC1Cc2ccccc2CN1C(=O)C1CCN(C(=O)OCC2c3ccccc3-c3ccccc32)CC1,[BOS]C[C@@H]1Cc2ccccc2CN1C(=O)C1CCN(C(=O)OCC2c3ccccc3-c3ccccc32)CC1[EOS],14539.550618648529,42
13.5,O=C(Nc1cc(C2CCCCN2C(=O)C(F)c2ccccc2)[nH]n1)c1cnc2cccc(Cl)c2c1,[BOS]O=C(Nc1cc([C@@H]2CCCCN2C(=O)[C@H](F)c2ccccc2)[nH]n1)c1cnc2cccc(Cl)c2c1[EOS],19490.91397881508,42
12.5,O=C(NS(=O)(=O)N1CC[NH+](Cc2ccccc2)CC1)C1C2c3ccccc3C3CC4CC(C41)C32,[BOS]O=C(NS(=O)(=O)N1CC[NH+](Cc2ccccc2)CC1)[C@@H]1[C@@H]2C3C[C@@H]4c5ccccc5[C@H]1[C@H]4[C@@H]2C3[EOS],24384.908180713654,42
12.7,CC(=O)N1Cc2ccc(NC(=O)N3CC(c4cccc(F)c4)OCC3(C)C)cc2C1,[BOS]CC(=O)N1Cc2ccc(NC(=O)N3C[C@H](c4cccc(F)c4)OCC3(C)C)cc2C1[EOS],28276.58463549614,42
12.9,O=C(CCC1CNc2ccccc2C1)NC1CC2CCC(C1)N2C(=O)C1Cc2ccccc2C1,[BOS]O=C(CC[C@@H]1CNc2ccccc2C1)N[C@H]1C[C@H]2CC[C@@H](C1)N2C(=O)C1Cc2ccccc2C1[EOS],34111.83724474907,42
13.1,O=C1NC(=O)C(CC(=O)N2CCCCC2C2CCN(C(=O)C3CCc4ccccc4C3)CC2)N1,[BOS]O=C1NC(=O)[C@H](CC(=O)N2CCCC[C@H]2C2CCN(C(=O)[C@H]3CCc4ccccc4C3)CC2)N1[EOS],39102.978568553925,42
13.1,N#Cc1cc(CC(=O)N2CCC(C3CCCCN3C(=O)C3CCc4ccccc4O3)CC2)ccc1F,[BOS]N#Cc1cc(CC(=O)N2CCC([C@H]3CCCCN3C(=O)[C@@H]3CCc4ccccc4O3)CC2)ccc1F[EOS],44432.60696530342,42
12.5,O=C(NCc1cccc2ccccc12)C1C[NH+](Cc2nc3ccccc3c(=O)[nH]2)CCO1,[BOS]O=C(NCc1cccc2ccccc12)[C@@H]1C[NH+](Cc2nc3ccccc3c(=O)[nH]2)CCO1[EOS],49329.46456718445,42
12.6,Cc1cc(C)cc(Cn2c(C(N)=[NH+]c3cccc(C4CCOCC4)n3)nc3ccccc32)c1,[BOS]Cc1cc(C)cc(Cn2c(/C(N)=[NH+]/c3cccc(C4CCOCC4)n3)nc3ccccc32)c1[EOS],54315.75796175003,42
13.5,O=C1Nc2ccccc2CN1C1CC[NH+](C2CC3CCCC(C2)N3C(=O)OC2=Cc3ccccc3CC2)CC1,[BOS]O=C1Nc2ccccc2CN1C1CC[NH+]([C@@H]2C[C@H]3CCC[C@@H](C2)N3C(=O)OC2=Cc3ccccc3CC2)CC1[EOS],59803.7056760788,42
13.2,Cc1cccc2cc(C(=O)N3CCCCC3c3cc(NC(=O)Cn4nnc5ccccc54)n[nH]3)oc12,[BOS]Cc1cccc2cc(C(=O)N3CCCC[C@H]3c3cc(NC(=O)Cn4nnc5ccccc54)n[nH]3)oc12[EOS],5071.674306869507,42
13.6,O=C(C1CC(=O)N(C2Cc3ccccc3C2)C1)N1CCN(c2cccc3cnccc23)CC1F,[BOS]O=C([C@@H]1CC(=O)N(C2Cc3ccccc3C2)C1)N1CCN(c2cccc3cnccc23)CC1F[EOS],9627.239730834961,42
12.5,O=C1C(OCc2ccc(-c3ccccc3)cc2)CN(C(=O)c2c[nH]c3ccc(F)cc23)C1C1CCC1,[BOS]O=C(c1c[nH]c2ccc(F)cc12)N1CC(OCc2ccc(-c3ccccc3)cc2)C(=O)[C@H]1C1CCC1[EOS],14115.169774055481,42
12.6,O=C(C1CC1c1cccc([N+](=O)[O-])c1)N1CC[NH+](C2CCN(c3cccc([N+](=O)[O-])c3)C2=O)CC1,[BOS]O=C1[C@@H]([NH+]2CCN(C(=O)[C@@H]3C[C@H]3c3cccc([N+](=O)[O-])c3)CC2)CCN1c1cccc([N+](=O)[O-])c1[EOS][EOS][EOS][EOS][EOS][EOS][EOS][EOS],18829.46680665016,42
12.5,Fc1ccc2onc(C3CC[NH+](Cc4cnn(-c5ccccc5)c4Cl)CC3)c2c1,[BOS]Clc1c(C[NH+]2CCC(c3noc4ccc(F)cc34)CC2)cnn1-c1ccccc1[EOS],23924.645115852356,42
12.0,O=C1NC2(CCN(C(=O)NCc3c(O)ccc4c3CCCC4)CC2)CC1c1ccccc1,[BOS]O=C1NC2(CCN(C(=O)NCc3c(O)ccc4c3CCCC4)CC2)C[C@@H]1c1ccccc1[EOS][EOS][EOS],28590.186703920364,42
13.5,O=C(NC1C2COCC1CN(C(=O)C1CC1c1ccc(F)c(F)c1)C2)c1cc2cccnc2[nH]c1=O,[BOS]O=C(N[C@H]1[C@@H]2COC[C@H]1CN(C(=O)[C@H]1C[C@H]1c1ccc(F)c(F)c1)C2)c1cc2cccnc2[nH]c1=O[EOS],33593.27055096626,42
13.5,O=C(Cc1cc2c(ccc3ccccc32)o1)N1CC[NH+](CC(=O)N2CCc3ccccc3C2)CC1,[BOS]O=C(C[NH+]1CCN(C(=O)Cc2cc3c(ccc4ccccc43)o2)CC1)N1CCc2ccccc2C1[EOS],38707.41176486015,42
11.9,CC(CC(=O)N1CCN(c2ccc3nnc(-c4ccccc4F)n3n2)CC1)c1ccccc1F,[BOS]C[C@H](CC(=O)N1CCN(c2ccc3nnc(-c4ccccc4F)n3n2)CC1)c1ccccc1F[EOS],43070.42235851288,42
12.9,O=C(c1c[nH]c2c(OC(F)(F)F)cccc2c1=O)N1CCCN2c3ccc(F)cc3CC2C1,[BOS]O=C(c1c[nH]c2c(OC(F)(F)F)cccc2c1=O)N1CCCN2c3ccc(F)cc3CC2C1[EOS],47425.85212850571,42
14.2,O=C(C(=O)N1CCC(C2CCCCN2C(=O)C2Cc3ccccc3C[NH2+]2)CC1)c1ccc(Cl)cc1,[BOS]O=C(C(=O)N1CCC([C@H]2CCCCN2C(=O)[C@@H]2Cc3ccccc3C[NH2+]2)CC1)c1ccc(Cl)cc1[EOS],52564.26019406319,42
14.8,O=C(NC1C2COCC1CN(C(=O)c1cccc3cc(C(F)(F)F)ccc13)C2)c1ccc2cn[nH]c2c1,[BOS]O=C(N[C@H]1[C@@H]2COC[C@H]1CN(C(=O)c1cccc3cc(C(F)(F)F)ccc13)C2)c1ccc2cn[nH]c2c1[EOS],57448.4644472599,42
12.1,O=C(NCc1cccc(CN2CCC(Cc3c(F)cccc3F)C(F)(F)C2)c1)c1cc[nH]c2ncnc1-2,[BOS]O=C(NCc1cccc(CN2CCC(Cc3c(F)cccc3F)C(F)(F)C2)c1)c1cc[nH]c2ncnc1-2[EOS][EOS],5238.30508852005,42
12.9,Cc1ccn2c(C(=O)NC3CC4CCC(C3)N4C(=O)C3ON=C(c4ccccc4)O3)c[nH+]c2c1,[BOS]Cc1ccn2c(C(=O)N[C@H]3C[C@H]4CC[C@@H](C3)N4C(=O)[C@@H]3ON=C(c4ccccc4)O3)c[nH+]c2c1[EOS],10278.583796262741,42
10.9,CC1CCC(Cn2c(N(C)C(C)c3cccc(N4CCOC4=O)c3)nnc2C(C)(C)C)C1,[BOS]C[C@@H]1CC[C@H](Cn2c(N(C)[C@H](C)c3cccc(N4CCOC4=O)c3)nnc2C(C)(C)C)C1[EOS][EOS][EOS][EOS][EOS][EOS][EOS][EOS],14702.559906482697,42
13.1,O=C(Nc1cc(-c2nnc3n2CCCCC3)ccc1F)C1CC1c1ccc2ccccc2c1,[BOS]O=C(Nc1cc(-c2nnc3n2CCCCC3)ccc1F)[C@H]1C[C@H]1c1ccc2ccccc2c1[EOS],19294.00550222397,42
12.9,O=C(OC1CCCN(Cc2ccc(F)cc2F)C1=O)C1CCCN(C(=O)Nc2ccccc2F)C1,[BOS]O=C(O[C@@H]1CCCN(Cc2ccc(F)cc2F)C1=O)[C@H]1CCCN(C(=O)Nc2ccccc2F)C1[EOS],24536.208406448364,42
13.0,O=C(Nc1ccc(C2(NC(=O)C3(c4cccc(F)c4)CC3)CCC2)cc1)c1ccc(-n2cccn2)cc1Cl,[BOS]O=C(Nc1ccc(C2(NC(=O)C3(c4cccc(F)c4)CC3)CCC2)cc1)c1ccc(-n2cccn2)cc1Cl[EOS][EOS][EOS][EOS],30257.32353925705,42
13.1,O=C(CN1CCCc2c(F)ccc(F)c21)N1Cc2ccccc2OC(c2cccc(F)c2)C1,[BOS]O=C(CN1CCCc2c(F)ccc(F)c21)N1Cc2ccccc2O[C@H](c2cccc(F)c2)C1[EOS],34687.94774222374,42
13.2,O=C(Nc1ccccc1)c1ncc(NC2N=C(c3ccccc3)c3ccccc3CC2=O)cc1Cl,[BOS]O=C(Nc1ccccc1)c1ncc(N[C@@H]2N=C(c3ccccc3)c3ccccc3CC2=O)cc1Cl[EOS],39860.64586377144,42
12.8,Cc1ccc(CCC(=O)N2CCCCC2C2CCN(C(=O)c3cc(F)c(F)cc3F)CC2)cc1F,[BOS]Cc1ccc(CCC(=O)N2CCCC[C@H]2C2CCN(C(=O)c3cc(F)c(F)cc3F)CC2)cc1F[EOS],45114.33589076996,42
13.7,CC(NC(=O)C1CCN(C(=O)c2cccc3ccccc23)CC1)c1ccc(F)c2ccccc12,[BOS]C[C@@H](NC(=O)C1CCN(C(=O)c2cccc3ccccc23)CC1)c1ccc(F)c2ccccc12[EOS],49850.216514348984,42
11.7,CN(CC(=O)N1CC(c2ccccc2)C2CCCC21)c1nc2ccccc2s1,[BOS]CN(CC(=O)N1C[C@H](c2ccccc2)[C@@H]2CCC[C@H]21)c1nc2ccccc2s1[EOS],54411.106598854065,42
13.9,Cc1cc(C(=O)N2CCCCC2C2CCN(C(=O)c3cc(=O)c4ccccc4o3)CC2)c(C)cc1O,[BOS]Cc1cc(C(=O)N2CCCC[C@H]2C2CCN(C(=O)c3cc(=O)c4ccccc4o3)CC2)c(C)cc1O[EOS],59161.75289607048,42
13.4,COc1c(Cl)cccc1C(=O)N1CCC(C2CCCCN2C(=O)C2CC2c2ccc(F)cc2)CC1,[BOS]COc1c(Cl)cccc1C(=O)N1CCC([C@H]2CCCCN2C(=O)[C@@H]2C[C@H]2c2ccc(F)cc2)CC1[EOS],4874.039906740189,42
12.4,Fc1ccc(OC2COC3(CCN(c4nc(C(F)(F)F)nc5ccccc45)CC3)C2)cc1,[BOS]Fc1ccc(O[C@@H]2COC3(CCN(c4nc(C(F)(F)F)nc5ccccc45)CC3)C2)cc1[EOS],9171.567973613739,42
12.5,Cc1cccc(-n2nnc(C(=O)Nc3ccccc3S(=O)(=O)Oc3ccc4ccccc4c3)c2C)c1,[BOS]Cc1cccc(-n2nnc(C(=O)Nc3ccccc3S(=O)(=O)Oc3ccc4ccccc4c3)c2C)c1[EOS],13793.737429141998,42
12.3,CC1CC(c2ccccc2)CN1C(=O)C(=O)NCc1cccc(C(=O)N2CCCCC2)c1,[BOS]C[C@@H]1C[C@H](c2ccccc2)CN1C(=O)C(=O)NCc1cccc(C(=O)N2CCCCC2)c1[EOS],18191.805730342865,42
13.3,O=C(CCn1c(=O)oc2ccccc21)NC1C2COCC1CN(C(=O)c1cncc3cnccc13)C2,[BOS]O=C(CCn1c(=O)oc2ccccc21)N[C@H]1[C@@H]2COC[C@H]1CN(C(=O)c1cncc3cnccc13)C2[EOS],23626.24491930008,42
11.8,CC(NC(=O)COC(=O)c1ccc2ccc(O)cc2c1O)c1ccc2ccccc2c1,[BOS]C[C@@H](NC(=O)COC(=O)c1ccc2ccc(O)cc2c1O)c1ccc2ccccc2c1[EOS],28502.63114953041,42
12.2,CN(C)c1cncc(C(=O)N2CCOC3(COCCN(C(=O)Cc4cccc(F)c4F)C3)C2)c1,[BOS]CN(C)c1cncc(C(=O)N2CCO[C@]3(COCCN(C(=O)Cc4cccc(F)c4F)C3)C2)c1[EOS],33118.85165643692,42
13.3,CCC(C)c1ccc(-n2c(SCc3nnoc3-c3ccccc3)nc3cc4c(cc3c2=O)OCO4)cc1,[BOS]CC[C@@H](C)c1ccc(-n2c(SCc3nnoc3-c3ccccc3)nc3cc4c(cc3c2=O)OCO4)cc1[EOS],38897.59075474739,42
12.8,O=C(NCCn1c2ccccc2c2ccccc21)N1CCN(S(=O)(=O)c2c[nH]c3ncccc23)CC1,[BOS]O=C(NCCn1c2ccccc2c2ccccc21)N1CCN(S(=O)(=O)c2c[nH]c3ncccc23)CC1[EOS],44155.76579260826,42
12.4,O=C(CCCc1ccc2ccccc2c1)N1CCCC(O)(C2COc3ccc(F)cc3C2)CC1,[BOS]O=C(CCCc1ccc2ccccc2c1)N1CCC[C@](O)(C2COc3ccc(F)cc3C2)CC1[EOS],49146.23061275482,42
13.9,Cc1cccc(F)c1C(=O)N1CCCCC1C1CCN(C(=O)C2CCc3ccccc3C2)CC1,[BOS]Cc1cccc(F)c1C(=O)N1CCCC[C@H]1C1CCN(C(=O)[C@H]2CCc3ccccc3C2)CC1[EOS],53944.680448293686,42
13.1,O=C1CCC([NH+]2CCC3(CCC(=O)N(Cc4cccc(F)c4)C3)CC2)CCN1Cc1ccc(F)c(F)c1,[BOS]O=C1CC[C@H]([NH+]2CCC3(CCC(=O)N(Cc4cccc(F)c4)C3)CC2)CCN1Cc1ccc(F)c(F)c1[EOS],58563.33230829239,42
12.3,O=C(NC1CC2CCC1N2C(=O)C1Cc2ccccc2O1)C1CC2CCCCC21,[BOS]O=C(N[C@@H]1C[C@H]2CC[C@@H]1N2C(=O)[C@@H]1Cc2ccccc2O1)[C@@H]1C[C@@H]2CCCC[C@@H]21[EOS],4149.134288311005,42
13.5,O=C(Cc1ccc(F)c(C(F)(F)F)c1)NC1C2COCC1CN(C(=O)C1CCc3ccccc3C1)C2,[BOS]O=C(Cc1ccc(F)c(C(F)(F)F)c1)N[C@H]1[C@@H]2COC[C@H]1CN(C(=O)[C@H]1CCc3ccccc3C1)C2[EOS],9197.25341296196,42
13.5,O=C(NCc1cccc(-c2ccc(F)cc2)c1)N1CC[NH+](Cc2ccc3c(c2)OCCO3)CC1,[BOS]O=C(NCc1cccc(-c2ccc(F)cc2)c1)N1CC[NH+](Cc2ccc3c(c2)OCCO3)CC1[EOS],14063.891035318375,42
13.7,O=C(Nc1cc(C2CCCCN2C(=O)c2ccc3ccnn3c2)[nH]n1)c1ccc(-c2ccc3[nH]ccc3c2)cc1,[BOS]O=C(Nc1cc([C@H]2CCCCN2C(=O)c2ccc3ccnn3c2)[nH]n1)c1ccc(-c2ccc3[nH]ccc3c2)cc1[EOS],19118.72561955452,42
12.9,O=C1CC(c2nc(-c3ccc4c(c3)COC4c3ccc(F)cc3)no2)c2ccc(F)cc2N1,[BOS]O=C1C[C@H](c2nc(-c3ccc4c(c3)CO[C@@H]4c3ccc(F)cc3)no2)c2ccc(F)cc2N1[EOS],23497.036514997482,42
13.1,O=C(CCc1cccc(O)c1)N1CCC(C2CCCCN2C(=O)C2Cc3ccccc3C[NH2+]2)CC1,[BOS]O=C(CCc1cccc(O)c1)N1CCC([C@H]2CCCCN2C(=O)[C@H]2Cc3ccccc3C[NH2+]2)CC1[EOS],29204.374024391174,42
12.7,CC(NC(=O)N1CCn2c(Cc3ccc(F)cc3)nnc2C1)C(c1ccccc1)c1ccccc1,[BOS]C[C@@H](NC(=O)N1CCn2c(Cc3ccc(F)cc3)nnc2C1)C(c1ccccc1)c1ccccc1[EOS],33773.24391198158,42
12.6,[C]1CCCc2cccc(C[NH+]3CCCC3c3nnc(CCc4nn(-c5ccccc5)c5c4Cc4ccccc4-5)o3)c21,[BOS]c1ccc(C[NH+]2CCC[C@@H]2c2nnc(CCc3nn(-c4ccccc4)c4c3Cc3ccccc3-4)o2)c2c1CCC[C@@]2[EOS],39469.1137471199,42
13.8,O=C(NC1C2COCC1CN(C(=O)C1Cc3ccccc3O1)C2)c1[nH]nc2c1CCc1ncccc1-2,[BOS]O=C(N[C@H]1[C@@H]2COC[C@H]1CN(C(=O)[C@H]1Cc3ccccc3O1)C2)c1[nH]nc2c1CCc1ncccc1-2[EOS],44244.637907505035,42
13.1,CC(OC(=O)c1cccc(NC(=O)c2ccc(F)cc2)c1)C(=O)N1CC(=O)Nc2cc(C(F)(F)F)ccc21,[BOS]C[C@H](OC(=O)c1cccc(NC(=O)c2ccc(F)cc2)c1)C(=O)N1CC(=O)Nc2cc(C(F)(F)F)ccc21[EOS],50145.80885887146,42
13.4,O=C(Nc1ccc(NC(=O)C2(c3ccc(C(F)(F)F)cc3)CCC2)nc1)c1ccc2ccccc2c1,[BOS]O=C(Nc1ccc(NC(=O)C2(c3ccc(C(F)(F)F)cc3)CCC2)nc1)c1ccc2ccccc2c1[EOS],54755.01107239723,42
13.0,O=C(NCC1(c2ccccc2)CCCCCC1)C(=O)Nc1ccc2oc3ccccc3c2c1,[BOS]O=C(NCC1(c2ccccc2)CCCCCC1)C(=O)Nc1ccc2oc3ccccc3c2c1[EOS],59065.87325310707,42
13.0,COc1ccc(C2CC2C(=O)N2CCC3COC(CNC(=O)C=C4C(=O)Nc5ccccc54)C3C2)cc1,[BOS]COc1ccc([C@H]2C[C@H]2C(=O)N2CC[C@H]3CO[C@@H](CNC(=O)C=C4C(=O)Nc5ccccc54)[C@H]3C2)cc1[EOS][EOS][EOS][EOS][EOS][EOS][EOS][EOS],5636.278676748276,42
13.3,Cc1c(C(=O)N2CCC(C3CCCCN3C(=O)C=Cc3cc(F)c(F)c(F)c3)CC2)ccc(F)c1F,[BOS]Cc1c(C(=O)N2CCC([C@@H]3CCCCN3C(=O)C=Cc3cc(F)c(F)c(F)c3)CC2)ccc(F)c1F[EOS],10577.655430793762,42
12.5,CC(C)(c1ccccc1)c1nnc(NC(=O)NC2COc3c(F)cc(F)cc3C2)s1,[BOS]CC(C)(c1ccccc1)c1nnc(NC(=O)N[C@@H]2COc3c(F)cc(F)cc3C2)s1[EOS],15002.893611907959,42
11.8,CC(=O)N1CCc2c(NC(=O)C(=O)N3CCCCC3C(C)c3ccccc3)cccc21,[BOS]CC(=O)N1CCc2c(NC(=O)C(=O)N3CCCC[C@@H]3[C@H](C)c3ccccc3)cccc21[EOS][EOS][EOS],19109.630434036255,42
13.0,O=C(C1CC(=O)N(c2ccc(F)c([N+](=O)[O-])c2)C1)N1CC[NH+](Cc2cccc3ccccc23)CC1,[BOS]O=C1C[C@H](C(=O)N2CC[NH+](Cc3cccc4ccccc34)CC2)CN1c1ccc(F)c([N+](=O)[O-])c1[EOS],23940.21948337555,42
12.4,Cc1cncc(C(=O)Nc2cc(C3CCCCN3C(=O)c3cc(F)cc(C(F)(F)F)c3)[nH]n2)c1,[BOS]Cc1cncc(C(=O)Nc2cc([C@@H]3CCCCN3C(=O)c3cc(F)cc(C(F)(F)F)c3)[nH]n2)c1[EOS],28623.93836092949,42
13.0,Cc1cccc2c(C(=O)N3CCC4COC(CNC(=O)c5cccc6c5OC(C)(C)C6)C4C3)[nH]nc12,[BOS]Cc1cccc2c(C(=O)N3CC[C@H]4CO[C@@H](CNC(=O)c5cccc6c5OC(C)(C)C6)[C@H]4C3)[nH]nc12[EOS],33752.55553436279,42
13.0,O=C(Nc1ccc(-c2nc(O)c3cnn(-c4cccc(F)c4)c3n2)o1)c1ccc2nccnc2c1,[BOS]O=C(Nc1ccc(-c2nc(O)c3cnn(-c4cccc(F)c4)c3n2)o1)c1ccc2nccnc2c1[EOS],38755.10878229141,42
12.8,Cc1ccc(CN2CC(C(=O)N3CCC(c4c(C)[nH]c5ccccc45)CC3)CC2=O)cc1F,[BOS]Cc1ccc(CN2C[C@H](C(=O)N3CCC(c4c(C)[nH]c5ccccc45)CC3)CC2=O)cc1F[EOS][EOS][EOS][EOS][EOS][EOS][EOS][EOS],43282.12474155426,42
15.1,c1ccc(CC2CN(c3ccnc4ccccc34)CC3=C2c2cc4ccc2OC2(CCCCN34)OCOO2)cc1,[BOS]c1ccc(C[C@@H]2CN(c3ccnc4ccccc34)Cc3c2-c2cc(N3CCCC3)ccc2OC32OCOO2)cc1[EOS],47615.19821929932,42
12.7,O=C(N=c1ccn(Cc2ccccc2)[nH]1)C1CCCN(C(=O)c2ccc3[nH]ncc3c2)C1C(F)(F)F,[BOS]O=C(N=c1ccn(Cc2ccccc2)[nH]1)C1CCCN(C(=O)c2ccc3[nH]ncc3c2)C1C(F)(F)F[EOS],52471.81899738312,42
13.8,O=C(Nc1ccc(C2(NC(=O)C3C4Cc5ccccc5C43)CCC2)cc1)c1ccc2nonc2c1,[BOS]O=C(Nc1ccc(C2(NC(=O)[C@@H]3[C@@H]4Cc5ccccc5[C@H]43)CCC2)cc1)c1ccc2nonc2c1[EOS],57690.01140666008,42
13.7,CC(OC(=O)c1cccc(-c2nnc(-c3cccc(F)c3)o2)c1)c1cnc2ccccc2c1,[BOS]C[C@@H](OC(=O)c1cccc(-c2nnc(-c3cccc(F)c3)o2)c1)c1cnc2ccccc2c1[EOS],5219.710684299469,42
14.5,O=C(Cc1ccc2ccccc2c1)NC1C2COCC1CN(C(=O)c1ccc3ncccc3c1)C2,[BOS]O=C(Cc1ccc2ccccc2c1)N[C@H]1[C@@H]2COC[C@H]1CN(C(=O)c1ccc3ncccc3c1)C2[EOS],10275.921042442322,42
12.9,COc1ccc(C(C)C(=O)N2CCCCC2C2CCN(C(=O)C3C4CCCC3c3ccccc3N4)CC2)cc1,[BOS]COc1ccc([C@@H](C)C(=O)N2CCCC[C@@H]2C2CCN(C(=O)[C@H]3[C@@H]4CCC[C@H]3c3ccccc3N4)CC2)cc1[EOS][EOS][EOS][EOS][EOS][EOS][EOS][EOS],15504.563254594803,42
13.2,Cc1ccc(C(=O)N2CCC3COC(CNC(=O)Cn4ccc5c(F)cccc54)C3C2)cc1[N+](=O)[O-],[BOS]Cc1ccc(C(=O)N2CC[C@H]3CO[C@@H](CNC(=O)Cn4ccc5c(F)cccc54)[C@H]3C2)cc1[N+](=O)[O-][EOS],20849.673308610916,42
12.8,O=C(NCC12CCCOC1CCN(C(=O)C(F)c1ccccc1)C2)c1n[nH]c2cccc(F)c12,[BOS]O=C(NC[C@@]12CCCO[C@@H]1CCN(C(=O)[C@H](F)c1ccccc1)C2)c1n[nH]c2cccc(F)c12[EOS][EOS][EOS][EOS][EOS][EOS][EOS],26038.008236408234,42
12.1,Cc1c(-c2noc(C(c3ccccc3F)[NH+]3CCCCC3)n2)cnn1-c1ccc(Cl)c2nonc12,[BOS]Cc1c(-c2noc([C@H](c3ccccc3F)[NH+]3CCCCC3)n2)cnn1-c1ccc(Cl)c2nonc12[EOS],30691.720208644867,42
13.1,O=C(Nc1cc(C2CCCCN2C(=O)Cc2noc3ccccc23)[nH]n1)C1CCc2[nH]c(=O)[nH]c(=O)c2C1,[BOS]O=C(Nc1cc([C@@H]2CCCCN2C(=O)Cc2noc3ccccc23)[nH]n1)[C@H]1CCc2[nH]c(=O)[nH]c(=O)c2C1[EOS][EOS][EOS][EOS][EOS][EOS][EOS],35876.27751493454,42
13.4,O=C(NC1C2Cc3c(F)cccc3C21)C(=O)N1CCCN(C(=O)OC2CCC(C(F)(F)F)CC2)CC1,[BOS]O=C(N[C@@H]1[C@@H]2Cc3c(F)cccc3[C@@H]21)C(=O)N1CCCN(C(=O)OC2CCC(C(F)(F)F)CC2)CC1[EOS],40225.16736149788,42
14.6,O=C(NC1C2COCC1CN(C(=O)c1c[nH]c3cc(Cl)ccc13)C2)C1C2CCCC1c1ccccc1N2,[BOS]O=C(N[C@H]1[C@@H]2COC[C@H]1CN(C(=O)c1c[nH]c3cc(Cl)ccc13)C2)[C@H]1[C@@H]2CCC[C@H]1c1ccccc1N2[EOS],45046.02519989014,42
13.3,O=C(NC1C2COCC1CN(C(=O)C1CC1c1ccc(F)cc1)C2)c1ccc(-c2nc3ccccc3[nH]2)cc1,[BOS]O=C(N[C@H]1[C@@H]2COC[C@H]1CN(C(=O)[C@@H]1C[C@H]1c1ccc(F)cc1)C2)c1ccc(-c2nc3ccccc3[nH]2)cc1[EOS],49989.78947043419,42
11.9,CC(=O)NC(C)C(=O)N1CCCCC1c1cc(NC(=O)Cn2ccc3ccc([N+](=O)[O-])cc32)n[nH]1,[BOS]CC(=O)N[C@@H](C)C(=O)N1CCCC[C@@H]1c1cc(NC(=O)Cn2ccc3ccc([N+](=O)[O-])cc32)n[nH]1[EOS],54712.81888127327,42
12.4,O=C1CC(c2nnc(Cc3ccccc3)o2)CN1c1cccc2c1Cc1ccccc1-2,[BOS]O=C1C[C@H](c2nnc(Cc3ccccc3)o2)CN1c1cccc2c1Cc1ccccc1-2[EOS],58674.43562364578,42
12.4,Fc1cccc(-c2noc(Cc3noc(C4CCCN4c4ncnc5ccccc45)n3)n2)c1,[BOS]Fc1cccc(-c2noc(Cc3noc([C@H]4CCCN4c4ncnc5ccccc45)n3)n2)c1[EOS],4599.282024383545,42
12.5,Cc1ccn2c(CNC(=O)C34C[NH+](Cc5ccccc5)CC(O3)c3ccccc34)c[nH+]c2c1,[BOS]Cc1ccn2c(CNC(=O)[C@@]34C[NH+](Cc5ccccc5)C[C@@H](O3)c3ccccc34)c[nH+]c2c1[EOS],9457.379670619965,42
12.4,CC1C(Cc2ccccc2)CCN1C(=O)c1nn(-c2cc(C(F)(F)F)ccc2Cl)c2c1CCC2,[BOS]C[C@@H]1[C@@H](Cc2ccccc2)CCN1C(=O)c1nn(-c2cc(C(F)(F)F)ccc2Cl)c2c1CCC2[EOS],14058.690540075302,42
13.2,O=C(Nc1cc(C2CCCCN2C(=O)c2cccc(F)c2)[nH]n1)c1cnc2cc(Br)ccc2c1,[BOS]O=C(Nc1cc([C@@H]2CCCCN2C(=O)c2cccc(F)c2)[nH]n1)c1cnc2cc(Br)ccc2c1[EOS],18776.07353901863,42
13.0,Cc1nc2ccccc2c(=O)n1Cc1cccc(-c2nc(-c3ccc4c(c3)OCCO4)no2)c1,[BOS]Cc1nc2ccccc2c(=O)n1Cc1cccc(-c2nc(-c3ccc4c(c3)OCCO4)no2)c1[EOS],23442.131587266922,42
12.7,CC1Cc2ccccc2N1Cc1ccoc1C(=O)N1CCN(S(=O)(=O)c2cccc3cccnc23)CC1,[BOS]C[C@H]1Cc2ccccc2N1Cc1ccoc1C(=O)N1CCN(S(=O)(=O)c2cccc3cccnc23)CC1[EOS],28299.951914548874,42
13.2,O=C1CCC2CCC(C(=O)N3CCCCC3C3CCN(C(=O)C4(c5ccc(O)cc5)CC4)CC3)CN12,[BOS]O=C([C@H]1CC[C@@H]2CCC(=O)N2C1)N1CCCC[C@H]1C1CCN(C(=O)C2(c3ccc(O)cc3)CC2)CC1[EOS],33474.35417222977,42
12.7,CC1CCCC1C(=O)N1CCCCC1c1cc(NC(=O)Cc2ccc3ccccc3c2)n[nH]1,[BOS]C[C@@H]1CCC[C@@H]1C(=O)N1CCCC[C@H]1c1cc(NC(=O)Cc2ccc3ccccc3c2)n[nH]1[EOS],38073.16420006752,42
12.3,O=C(NCC1N(C(=O)c2ccn(-c3ccccc3C(F)(F)F)n2)CC12CCOCC2)N1CCCCC1,[BOS]O=C(NC[C@H]1N(C(=O)c2ccn(-c3ccccc3C(F)(F)F)n2)CC12CCOCC2)N1CCCCC1[EOS][EOS],43428.62922883034,42
13.8,O=C(NC1C2COCC1CN(C(=O)C1CCc3ccccc3C1)C2)c1ncccc1-c1ccccc1,[BOS]O=C(N[C@H]1[C@@H]2COC[C@H]1CN(C(=O)[C@H]1CCc3ccccc3C1)C2)c1ncccc1-c1ccccc1[EOS],48309.17555999756,42
12.2,CC(=O)c1cccc(OCc2cc(C(=O)N3CCCC3c3nc4ccc(C)cc4[nH]3)no2)c1,[BOS]Cc1ccc2nc([C@H]3CCCN3C(=O)c3cc(COc4cccc(C(C)=O)c4)on3)[nH]c2c1[EOS][EOS][EOS][EOS][EOS][EOS][EOS][EOS],52981.33674502373,42
13.4,CC1(c2nc(CC(=O)N3CCN(c4ccccc4F)CC3)no2)CCCN1C(=O)c1ccccc1,[BOS]C[C@@]1(c2nc(CC(=O)N3CCN(c4ccccc4F)CC3)no2)CCCN1C(=O)c1ccccc1[EOS],57629.11735343933,42
14.3,Cc1ccc(C(=O)N2CCCCC2C2CCN(C(=O)c3cc(=O)c4ccccc4o3)CC2)c(C)c1Cl,[BOS]Cc1ccc(C(=O)N2CCCC[C@@H]2C2CCN(C(=O)c3cc(=O)c4ccccc4o3)CC2)c(C)c1Cl[EOS],4770.5361540317535,42
12.5,O=C(C=Cc1ccc(NS(=O)(=O)c2ccc3cccnc3c2)c(F)c1)c1ccc2cccc(F)c2c1,[BOS]O=C(C=Cc1ccc(NS(=O)(=O)c2ccc3cccnc3c2)c(F)c1)c1ccc2cccc(F)c2c1[EOS],10274.664053678513,42
13.6,O=C(Nc1cccc(Cn2c([O-])c(Cc3cccc4ccccc34)[nH]c2=O)c1)c1ccc2c(c1)OCO2,[BOS]O=C(Nc1cccc(Cn2c([O-])c(Cc3cccc4ccccc34)[nH]c2=O)c1)c1ccc2c(c1)OCO2[EOS],15803.790979623795,42
13.4,O=C(c1n[nH]c2cc(Cl)ccc12)N1CCC(C2CCCCN2C(=O)C2(F)CCCC=C2F)CC1,[BOS]O=C(c1n[nH]c2cc(Cl)ccc12)N1CCC([C@H]2CCCCN2C(=O)[C@]2(F)CCCC=C2F)CC1[EOS],20846.84871864319,42
13.5,COc1ccc2[nH]cc(C(=O)N3CCC(C4CCCCN4C(=O)C4CC4c4ccccc4)CC3)c2c1,[BOS]COc1ccc2[nH]cc(C(=O)N3CCC([C@@H]4CCCCN4C(=O)[C@H]4C[C@H]4c4ccccc4)CC3)c2c1[EOS],25822.95774269104,42
12.4,O=C(c1ncon1)N1CCC(OC2CCN(C(=O)C3CCN(c4ccccc4)CC3)CC2)CC1,[BOS]O=C(c1ncon1)N1CCC(OC2CCN(C(=O)C3CCN(c4ccccc4)CC3)CC2)CC1[EOS][EOS][EOS][EOS][EOS][EOS][EOS],30333.243906021118,42
12.9,O=C(Nc1cc(-c2ccccc2)c[nH]c1=O)NC1Cc2ccc(-c3nn[n-]n3)cc2C1,[BOS]O=C(Nc1cc(-c2ccccc2)c[nH]c1=O)N[C@H]1Cc2ccc(-c3nn[n-]n3)cc2C1[EOS],35155.82800269127,42
13.0,Cc1cc(C)n(-c2ccc(NC(=O)C(=O)N3CCC(=Cc4ccccc4F)CC3)cn2)n1,[BOS]Cc1cc(C)n(-c2ccc(NC(=O)C(=O)N3CCC(=Cc4ccccc4F)CC3)cn2)n1[EOS],39718.04495573044,42
13.4,O=C(NCC(=O)N1CCc2ccccc2C1)NCC1Cc2ccccc2CN1C(=O)OC1CCOCCCOC1,[BOS]O=C(NCC(=O)N1CCc2ccccc2C1)NC[C@@H]1Cc2ccccc2CN1C(=O)OC1COCCCOCC1[EOS],44627.25385260582,42
14.1,O=C(Nc1ccc(Nc2ccccc2F)nc1)C12CC3CC(C1)CC(c1ccc(F)cc1)(C3)C2,[BOS]O=C(Nc1ccc(Nc2ccccc2F)nc1)C12C[C@H]3C[C@@H](C1)CC(c1ccc(F)cc1)(C3)C2[EOS][EOS][EOS][EOS],49461.317195892334,42
13.0,O=C(NCC12CCCOC1CCN(C(=O)C1CC1c1cccc(F)c1)C2)C1=NOC(c2ccccc2)C1,[BOS]O=C(NC[C@@]12CCCO[C@@H]1CCN(C(=O)[C@H]1C[C@@H]1c1cccc(F)c1)C2)C1=NO[C@@H](c2ccccc2)C1[EOS],55065.35863852501,42
13.2,CC1(C(=O)N2CCCCC2c2cc(NC(=O)C=C3C(=O)Nc4ccccc43)n[nH]2)CC=CCC1,[BOS]C[C@@]1(C(=O)N2CCCC[C@@H]2c2cc(NC(=O)C=C3C(=O)Nc4ccccc43)n[nH]2)CC=CCC1[EOS][EOS][EOS][EOS],59597.51331734657,42
14.0,O=C1Nc2cc(C(=O)NC3C4COCC3CN(C(=O)c3ccnn3-c3ccc5ccccn35)C4)ccc2C1=O,[BOS]O=C1Nc2cc(C(=O)N[C@H]3[C@@H]4COC[C@H]3CN(C(=O)c3ccnn3-c3ccc5ccccn35)C4)ccc2C1=O[EOS][EOS][EOS][EOS][EOS],4801.780067682266,42
13.6,O=C(NCc1ccc2cccnc2c1)c1ccc2c(c1)C1C3CCC(C3)C1C(c1ccccc1)N2,[BOS]O=C(NCc1ccc2cccnc2c1)c1ccc2c(c1)C1C3CCC(C3)C1[C@H](c1ccccc1)N2[EOS],9084.721924066544,42
14.0,O=C(NC1C2COCC1CN(C(=O)C1CCc3nc[nH]c3C1)C2)C1CCN(c2ccc(F)cn2)CC1,[BOS]O=C(N[C@H]1[C@@H]2COC[C@H]1CN(C(=O)[C@@H]1CCc3nc[nH]c3C1)C2)C1CCN(c2ccc(F)cn2)CC1[EOS],13869.203323364258,42
13.2,O=C(NCC1OCC2CCN(C(=O)Cc3cccc(F)c3)CC21)C1CC12C(=O)Nc1ccccc12,[BOS]O=C(NC[C@@H]1OC[C@@H]2CCN(C(=O)Cc3cccc(F)c3)C[C@@H]21)[C@H]1C[C@@]12C(=O)Nc1ccccc12[EOS],19263.016729593277,42
12.9,O=C(Nc1cc2ccccc2nn1)c1ccc(Cl)c(S(=O)(=O)N2CCc3ccccc3C2)c1,[BOS]O=C(Nc1cc2ccccc2nn1)c1ccc(Cl)c(S(=O)(=O)N2CCc3ccccc3C2)c1[EOS],23613.878670215607,42
12.8,O=C1NC(c2ccc(Oc3ccccc3)o2)CC12CCC(c1cccc(F)c1)C1(CC2)OCCO1,[BOS]O=C1N[C@@H](c2ccc(Oc3ccccc3)o2)C[C@]12CC[C@@H](c1cccc(F)c1)C1(CC2)OCCO1[EOS],27922.96180176735,42
12.3,Cc1ccc(C2=NOC(CNC(=O)N3CCc4nc(-c5ccccc5)ccc4C3)C2)cc1C,[BOS]Cc1ccc(C2=NO[C@H](CNC(=O)N3CCc4nc(-c5ccccc5)ccc4C3)C2)cc1C[EOS],32731.35930132866,42
13.8,Cc1cc2cc(C(=O)N3CCC4COC(CNC(=O)C5CCc6ccccc6O5)C4C3)ccc2[nH]1,[BOS]Cc1cc2cc(C(=O)N3CC[C@H]4CO[C@@H](CNC(=O)[C@H]5CCc6ccccc6O5)[C@H]4C3)ccc2[nH]1[EOS],37675.84854578972,42
12.6,Cc1cccc(C2(NC(=O)Nc3ccn(Cc4ccccc4)n3)CCC(F)(F)CC2)c1,[BOS]Cc1cccc(C2(NC(=O)Nc3ccn(Cc4ccccc4)n3)CCC(F)(F)CC2)c1[EOS],42008.11531329155,42
12.7,CC(NC(=O)COc1ccc2cc3ccccc3cc2c1)C(=O)N1c2ccccc2CC1C,[BOS]C[C@H](NC(=O)COc1ccc2cc3ccccc3cc2c1)C(=O)N1c2ccccc2C[C@H]1C[EOS],46885.46891498566,42
12.9,O=C(C1Cc2cc(F)ccc2O1)N1CCC(c2c[nH]c3ccc(C(F)(F)F)cc23)CC1,[BOS]O=C([C@H]1Cc2cc(F)ccc2O1)N1CCC(c2c[nH]c3ccc(C(F)(F)F)cc23)CC1[EOS],50814.448385477066,42
12.6,Cc1ccc(C)c(OC2CCN(C(=O)c3ccccc3-c3ncc(-c4ccccc4F)o3)CC2)c1,[BOS]Cc1ccc(C)c(OC2CCN(C(=O)c3ccccc3-c3ncc(-c4ccccc4F)o3)CC2)c1[EOS],55639.752625226974,42
13.5,O=C(NC1C2COCC1CN(C(=O)C1ON=C(c3ccccc3)O1)C2)c1ccc2c(c1)CCCC2=O,[BOS]O=C1CCCc2cc(C(=O)N[C@H]3[C@@H]4COC[C@H]3CN(C(=O)[C@@H]3ON=C(c5ccccc5)O3)C4)ccc21[EOS],4856.093793153763,42
12.5,Fc1ccccc1CC(c1ccccc1)c1nc(-c2ccc3c(c2)ncn3Cc2ccccc2F)no1,[BOS]Fc1ccccc1Cn1cnc2cc(-c3noc(C(Cc4ccccc4F)c4ccccc4)n3)ccc21[EOS],9643.720103502274,42
12.5,CC(c1nc(-c2ccccc2F)no1)[NH+]1CCN(C(=O)C2CC2c2ccc([N+](=O)[O-])cc2)CC1,[BOS]C[C@H](c1nc(-c2ccccc2F)no1)[NH+]1CCN(C(=O)[C@@H]2C[C@H]2c2ccc([N+](=O)[O-])cc2)CC1[EOS],14486.590821743011,42
13.3,O=C(CC1COc2ccccc2O1)N1CCC(C2CCCCN(C(=O)c3n[nH]c4ccccc34)C2)CC1,[BOS]O=C(C[C@H]1COc2ccccc2O1)N1CCC([C@H]2CCCCN(C(=O)c3n[nH]c4ccccc34)C2)CC1[EOS],19338.93945646286,42
13.0,O=C(C(F)c1ccccc1)N1CCC2C1CCN2C(=O)C1(c2ccccc2)CCNCC1,[BOS]O=C([C@@H](F)c1ccccc1)N1CC[C@H]2[C@@H]1CCN2C(=O)C1(c2ccccc2)CCNCC1[EOS],23723.471064329147,42
13.2,Cc1ccn2c(C(=O)N3CCC(C4CCCCN4C(=O)C(C)c4ccccc4)CC3)c[nH+]c2c1,[BOS]Cc1ccn2c(C(=O)N3CCC([C@H]4CCCCN4C(=O)[C@@H](C)c4ccccc4)CC3)c[nH+]c2c1[EOS],28964.80245423317,42
13.9,O=C(Cc1ccc(F)cc1F)N1CCC(C2CCCCN2C(=O)C2Cc3ccccc3C[NH2+]2)CC1,[BOS]O=C(Cc1ccc(F)cc1F)N1CCC([C@H]2CCCCN2C(=O)[C@H]2Cc3ccccc3C[NH2+]2)CC1[EOS],34155.94583773613,42
13.3,Cc1cccc(COc2ccc(S(=O)(=O)N3c4ccccc4CCC3C(=O)Nc3cccc(F)c3)cc2)c1,[BOS]Cc1cccc(COc2ccc(S(=O)(=O)N3c4ccccc4CC[C@H]3C(=O)Nc3cccc(F)c3)cc2)c1[EOS],39971.31290817261,42
12.6,Cc1ccc(-c2cccn(C3CCCN(Cc4ccccc4Oc4ccccc4)C3)c2=O)cc1F,[BOS]Cc1ccc(-c2cccn([C@H]3CCCN(Cc4ccccc4Oc4ccccc4)C3)c2=O)cc1F[EOS],44586.501534700394,42
12.1,CC(=O)N1C=Cc2ccccc2C1CC(=O)Nc1ncc(Cc2cccc(C)c2C)s1,[BOS]CC(=O)N1C=Cc2ccccc2[C@H]1CC(=O)Nc1ncc(Cc2cccc(C)c2C)s1[EOS],49058.23684287071,42
13.3,C[NH+]1Cc2ccccc2CC1C(=O)NC1C2COCC1CN(C(=O)C1CC1c1ccc(F)c(F)c1)C2,[BOS]O=C(N[C@H]1[C@@H]2COC[C@H]1CN(C(=O)[C@H]1C[C@@H]1c1ccc(F)c(F)c1)C2)[C@@H]1Cc2ccccc2C[NH+]1C[EOS][EOS][EOS],53864.94878911972,42
13.5,CC1Oc2ccc(C(=O)Nc3nc4c(s3)CC(NC(=O)c3cc(F)cc(F)c3F)CC4)cc2NC1=O,[BOS]C[C@@H]1Oc2ccc(C(=O)Nc3nc4c(s3)C[C@@H](NC(=O)c3cc(F)cc(F)c3F)CC4)cc2NC1=O[EOS],58344.45557427406,42
14.1,O=C(NC1CC2CCC(C1)N2C(=O)c1cccc2c1oc1ccccc12)c1cnc2c(c1)CC[NH2+]CC2,[BOS]O=C(N[C@H]1C[C@H]2CC[C@@H](C1)N2C(=O)c1cccc2c1oc1ccccc12)c1cnc2c(c1)CC[NH2+]CC2[EOS],5235.075948238373,42
12.1,CC(Sc1nc2n(-c3ccc(F)cc3)[nH]cc-2c(=O)n1)C(=O)Nc1ccc2ccccc2c1,[BOS]C[C@H](Sc1nc2n(-c3ccc(F)cc3)[nH]cc-2c(=O)n1)C(=O)Nc1ccc2ccccc2c1[EOS][EOS][EOS][EOS][EOS][EOS],10300.744688034058,42
12.4,Cn1c(=O)ccc2ccc(NC(=O)c3csc(S(=O)(=O)N4CCc5ccccc5C4)c3)cc21,[BOS]Cn1c(=O)ccc2ccc(NC(=O)c3csc(S(=O)(=O)N4CCc5ccccc5C4)c3)cc21[EOS],14779.64179944992,42
13.4,CC1Cc2ccccc2N1S(=O)(=O)c1ccc(-c2nc(-c3coc4ccccc34)no2)cc1,[BOS]C[C@@H]1Cc2ccccc2N1S(=O)(=O)c1ccc(-c2nc(-c3coc4ccccc34)no2)cc1[EOS],19441.986064195633,42
12.4,CC1(c2cccc(N3CCCCC3=O)c2)NC(=O)N(C[NH+]2CCOc3ccccc3C2)C1=O,[BOS]C[C@]1(c2cccc(N3CCCCC3=O)c2)NC(=O)N(C[NH+]2CCOc3ccccc3C2)C1=O[EOS],23950.27959394455,42
11.9,O=C([O-])c1ccc2c(c1)CN(S(=O)(=O)C1=Cc3ccc(F)cc3CC1)CCC2,[BOS]O=C([O-])c1ccc2c(c1)CN(S(=O)(=O)C1=Cc3ccc(F)cc3CC1)CCC2[EOS],27937.199605703354,42
12.8,Cc1cccc2c1CC[NH+](CC(=O)N1CCN(S(=O)(=O)c3ccc4c(c3)CCCC4)CC1)C2C,[BOS]Cc1cccc2c1CC[NH+](CC(=O)N1CCN(S(=O)(=O)c3ccc4c(c3)CCCC4)CC1)[C@H]2C[EOS],32668.855935573578,42
12.2,O=c1[nH]c(-c2ccccc2)nc2c1CC[NH+](Cc1ccnc(-c3ccc(F)c(F)c3F)c1)C2,[BOS]Fc1ccc(-c2cc(C[NH+]3CCc4c(nc(-c5ccccc5)[nH]c4=O)C3)ccn2)c(F)c1F[EOS][EOS][EOS][EOS][EOS][EOS][EOS],37240.91046500206,42
12.9,Cc1cn(Cc2nnc(-c3ccc(COc4ccc5c(c4)c4ccccc4n5Cc4cc(F)ccc4F)o3)o2)nn1,[BOS]Cc1cn(Cc2nnc(-c3ccc(COc4ccc5c(c4)c4ccccc4n5Cc4cc(F)ccc4F)o3)o2)nn1[EOS][EOS][EOS][EOS][EOS],42292.964732170105,42
13.6,O=C1CC2c3ccccc3C1c1ccc(OC3OC4COC(c5ccccc5)OC4C(F)C3O)cc12,[BOS]O=C1C[C@H]2c3ccccc3[C@H]1c1ccc(O[C@@H]3O[C@H]4COC(c5ccccc5)O[C@H]4[C@@H](F)[C@H]3O)cc12[EOS],47642.96973323822,42
12.2,Cc1ccc(F)c(C(=O)NCC2CCN(C(=O)C3CC34C(=O)Nc3ccccc34)C2c2cccnc2)c1,[BOS]Cc1ccc(F)c(C(=O)NC[C@@H]2CCN(C(=O)[C@@H]3C[C@@]34C(=O)Nc3ccccc34)[C@@H]2c2cccnc2)c1[EOS][EOS][EOS][EOS][EOS][EOS][EOS],52960.498552799225,42
13.1,O=C(C1CC2CCCC2N1c1cc2c(cc1[N+](=O)[O-])C[NH+](Cc1ccccc1)C2)N1CCCCO1,[BOS]O=C([C@H]1C[C@H]2CCC[C@H]2N1c1cc2c(cc1[N+](=O)[O-])C[NH+](Cc1ccccc1)C2)N1CCCCO1[EOS],57429.325583934784,42
13.6,Cc1ccc(N2CC(C(O)=NC(C)c3ccc(F)c4ccccc34)CC2=O)c2nc3ccccc3cc12,[BOS]Cc1ccc(N2CC(C(O)=NC(C)c3ccc(F)c4ccccc34)CC2=O)c2nc3ccccc3cc12[EOS],4930.344521522522,42
14.0,O=C1Cc2cccc(C(=O)N3CCCCC3C3CCN(C(=O)c4ncn(-c5cccc(F)c5)n4)CC3)c2N1,[BOS]O=C1Cc2cccc(C(=O)N3CCCC[C@H]3C3CCN(C(=O)c4ncn(-c5cccc(F)c5)n4)CC3)c2N1[EOS][EOS][EOS][EOS][EOS],9937.887547492981,42
12.7,O=C(CSc1nc2ccccc2c(=O)n1-c1ccccc1)c1cnc(N2Cc3cc(F)ccc3CS2(=O)=O)cn1,[BOS]O=C(CSc1nc2ccccc2c(=O)n1-c1ccccc1)c1cnc(N2Cc3cc(F)ccc3CS2(=O)=O)cn1[EOS],15684.735448122025,42
13.1,O=C(c1cnnc(Cl)c1)N1CCC(OC2CCN(C(=O)C3Cc4ccccc4C3)CC2)CC1,[BOS]O=C(c1cnnc(Cl)c1)N1CCC(OC2CCN(C(=O)C3Cc4ccccc4C3)CC2)CC1[EOS][EOS][EOS][EOS][EOS][EOS][EOS][EOS],20623.088918447495,42
12.2,Cc1cc(F)ccc1N1CCCC(OC(=O)Cn2cnc3sc(-c4ccccc4)cc3c2=O)C1=O,[BOS]Cc1cc(F)ccc1N1CCC[C@H](OC(=O)Cn2cnc3sc(-c4ccccc4)cc3c2=O)C1=O[EOS],25789.781208992004,42
14.1,O=C(Oc1cccc(C(=O)N2CCc3ccccc3C2)c1)C1CCCN(C(=O)c2ccc3[nH]ncc3c2)C1,[BOS]O=C(Oc1cccc(C(=O)N2CCc3ccccc3C2)c1)[C@@H]1CCCN(C(=O)c2ccc3[nH]ncc3c2)C1[EOS],30857.067218065262,42
12.5,O=C1COc2ccc(C(=O)N3CC=C(c4cccc5ccccc45)CC3)cc2N1,[BOS]O=C(c1ccc2c(c1)NC(=O)CO2)N1CC=C(c2cccc3ccccc23)CC1[EOS],34976.453202962875,42
12.8,O=C(CNC(=O)c1nc(-c2cc(F)ccc2F)nc2ccccc12)Nc1ccc2ccccc2c1,[BOS]O=C(CNC(=O)c1nc(-c2cc(F)ccc2F)nc2ccccc12)Nc1ccc2ccccc2c1[EOS],40196.432018995285,42
13.8,O=C(CCc1c[nH]c2ccc(F)cc12)NC1C2COCC1CN(C(=O)C1CCc3ccccc3C1)C2,[BOS]O=C(CCc1c[nH]c2ccc(F)cc12)N[C@H]1[C@@H]2COC[C@H]1CN(C(=O)[C@@H]1CCc3ccccc3C1)C2[EOS],45664.395424604416,42
12.8,Cc1ccc(-c2ccccc2)cc1C1N(C(c2ccccc2)c2ccccc2)C(=O)c2[nH+]c3c(C)c(C)ccc3n21,[BOS]Cc1ccc(-c2ccccc2)cc1[C@@H]1n2c([nH+]c3c(C)c(C)ccc32)C(=O)N1C(c1ccccc1)c1ccccc1[EOS][EOS],50155.474013090134,42
13.5,Cc1cc(C)n2ccc(C(=O)N3CCC4COC(CNC(=O)C5(c6ccccc6)CCCC5)C4C3)c2n1,[BOS]Cc1cc(C)n2ccc(C(=O)N3CC[C@H]4CO[C@@H](CNC(=O)C5(c6ccccc6)CCCC5)[C@H]4C3)c2n1[EOS],55628.424887895584,42
13.5,O=C1COc2ccc(C(=O)N3CCC4COC(CNC(=O)C5Cc6ccccc6C5)C4C3)nc2N1,[BOS]O=C1COc2ccc(C(=O)N3CC[C@H]4CO[C@@H](CNC(=O)C5Cc6ccccc6C5)[C@H]4C3)nc2N1[EOS],60290.018696308136,42
13.8,O=C(NC1C2COCC1CN(C(=O)C1C3CCCC1c1ccccc1N3)C2)c1cncc2cnccc12,[BOS]O=C(N[C@H]1[C@@H]2COC[C@H]1CN(C(=O)[C@H]1[C@@H]3CCC[C@H]1c1ccccc1N3)C2)c1cncc2cnccc12[EOS],4894.759966850281,42
12.5,O=C(Nc1cccc(Cn2nc3ccccn3c2=O)c1)NC1CCCC1c1cccc(C(F)(F)F)c1,[BOS]O=C(Nc1cccc(Cn2nc3ccccn3c2=O)c1)N[C@@H]1CCC[C@@H]1c1cccc(C(F)(F)F)c1[EOS],9578.097754240036,42
12.4,Cc1cccc(Oc2cc(CNC(=O)c3nnn(-c4cccc5cnccc45)c3C)ccn2)c1C,[BOS]Cc1cccc(Oc2cc(CNC(=O)c3nnn(-c4cccc5cnccc45)c3C)ccn2)c1C[EOS],15065.538206577301,42
12.7,CC(C(=O)Nc1ccc2cnccc2c1Cl)[NH+]1CCN(c2ccc3ccccc3[nH+]2)CC1,[BOS]C[C@H](C(=O)Nc1ccc2cnccc2c1Cl)[NH+]1CCN(c2ccc3ccccc3[nH+]2)CC1[EOS],19798.180431365967,42
13.2,O=C1NC(C(=O)N(Cc2ccc3ccccc3c2)c2cccc3ccccc23)CSC1c1cccc(Cl)c1,[BOS]O=C1N[C@H](C(=O)N(Cc2ccc3ccccc3c2)c2cccc3ccccc23)CS[C@@H]1c1cccc(Cl)c1[EOS],24522.572558641434,42
14.3,COc1cccc2c1CC(C(=O)N1CCC3(CCCN(C(=O)C4(c5ccccc5F)CC4)C3)CC1)CC2,[BOS]COc1cccc2c1C[C@@H](C(=O)N1CCC3(CCCN(C(=O)C4(c5ccccc5F)CC4)C3)CC1)CC2[EOS],29322.019773483276,42
13.2,Cc1ccc(CNC(=O)C2CCN(C(=O)C3=CC4=Nc5ccc(F)cc5CCC34)CC2)cc1F,[BOS]Cc1ccc(CNC(=O)C2CCN(C(=O)c3cc(C3CC4)nc3ccc(F)cc34)CC2)cc1F[EOS],34290.9784052372,42
11.7,Cc1nn(-c2ccccc2)c(C)c1C(OC(=O)c1cnn(Cc2ccccc2)c1C)C(F)(F)F,[BOS]Cc1nn(-c2ccccc2)c(C)c1[C@H](OC(=O)c1cnn(Cc2ccccc2)c1C)C(F)(F)F[EOS][EOS][EOS][EOS][EOS],39077.56355428696,42
12.8,COc1ccc(CCC(=O)N2CCCN(C(=O)C3(c4cccc(F)c4)CCCCC3)CC2)cc1,[BOS]COc1ccc(CCC(=O)N2CCCN(C(=O)C3(c4cccc(F)c4)CCCCC3)CC2)cc1[EOS],44104.323372125626,42
13.0,CC(CN1CCC2C1CC[NH+]2CCc1c[nH]c2ccccc12)C(c1ccc(F)c(O)c1)c1ccc(F)cn1,[BOS]C[C@@H](CN1CC[C@H]2[C@@H]1CC[NH+]2CCc1c[nH]c2ccccc12)[C@@H](c1ccc(F)cn1)c1ccc(F)c(O)c1[EOS],49835.79840683937,42
13.2,O=C(Nc1nc(Cc2c[nH]c3ccccc23)cs1)C1CCCN(c2nc3ccccc3s2)C1,[BOS]O=C(Nc1nc(Cc2c[nH]c3ccccc23)cs1)[C@@H]1CCCN(c2nc3ccccc3s2)C1[EOS],54396.32138466835,42
13.8,Cc1c(-c2nc(CN3C(=O)NC(C)(c4ccc5ccccc5c4)C3=O)no2)nnn1-c1ccc2ncccc2c1,[BOS]Cc1c(-c2nc(CN3C(=O)N[C@](C)(c4ccc5ccccc5c4)C3=O)no2)nnn1-c1ccc2ncccc2c1[EOS][EOS][EOS],59296.52336978912,42
14.9,O=C(NC1C2COCC1CN(C(=O)c1cccnc1-c1ccc3ccccc3c1)C2)c1cc(F)cc(F)c1F,[BOS]O=C(N[C@H]1[C@@H]2COC[C@H]1CN(C(=O)c1cccnc1-c1ccc3ccccc3c1)C2)c1cc(F)cc(F)c1F[EOS],5473.92235660553,42
13.1,O=C(C1CC[NH+](C2CC[NH+](C3CCc4c(F)cc(F)cc4C3)CC2)CC1)N1CCCCCC1,[BOS]O=C(C1CC[NH+](C2CC[NH+]([C@@H]3CCc4c(F)cc(F)cc4C3)CC2)CC1)N1CCCCCC1[EOS],10344.964231014252,42
13.2,O=C(Nc1ccc(CC(=O)N2CCc3ccccc32)cc1)c1c[nH]c2cc(F)c(F)cc2c1=O,[BOS]O=C(Cc1ccc(NC(=O)c2c[nH]c3cc(F)c(F)cc3c2=O)cc1)N1CCc2ccccc21[EOS],15430.007417917252,42
13.4,O=C(NC1C2COCC1CN(C(=O)c1c[nH+]c3cc(Cl)ccn13)C2)C1ON=C(c2ccccc2)O1,[BOS]O=C(N[C@H]1[C@@H]2COC[C@H]1CN(C(=O)c1c[nH+]c3cc(Cl)ccn13)C2)[C@@H]1ON=C(c2ccccc2)O1[EOS],20217.512498617172,42
14.3,O=C(NC1C2COCC1CN(C(=O)c1ccc3ncnn3c1)C2)C1CC(=O)N(c2ccc(F)c(F)c2)C1,[BOS]O=C1C[C@@H](C(=O)N[C@H]2[C@@H]3COC[C@H]2CN(C(=O)c2ccc4ncnn4c2)C3)CN1c1ccc(F)c(F)c1[EOS],25670.10421705246,42
12.6,Cn1ccc(=O)cc1C(=O)N1CCCCC1c1cc(NC(=O)C2CCc3[nH]c(=O)[nH]c(=O)c3C2)n[nH]1,[BOS]Cn1ccc(=O)cc1C(=O)N1CCCC[C@@H]1c1cc(NC(=O)[C@@H]2CCc3[nH]c(=O)[nH]c(=O)c3C2)n[nH]1[EOS][EOS][EOS][EOS][EOS][EOS][EOS][EOS],30571.866468191147,42
13.3,Nc1nc(CN2CCCN(C(=O)CCCc3ccc4c(c3)-c3ccccc3C4)CC2)[nH+]c(Nc2ccccc2)n1,[BOS]Nc1nc(CN2CCCN(C(=O)CCCc3ccc4c(c3)-c3ccccc3C4)CC2)[nH+]c(Nc2ccccc2)n1[EOS],36838.965675115585,42
11.9,Cc1ccccc1-n1ncc(C(=O)Nc2ccc(Oc3ncccn3)cc2C(F)(F)F)c1Cl,[BOS]Cc1ccccc1-n1ncc(C(=O)Nc2ccc(Oc3ncccn3)cc2C(F)(F)F)c1Cl[EOS],41580.24479341507,42
12.0,CN1C(=O)C2(CC[NH+](C3CCN(C(=O)c4cccc(Cl)c4)CC3)C2)c2ccccc21,[BOS]CN1C(=O)[C@@]2(CC[NH+](C3CCN(C(=O)c4cccc(Cl)c4)CC3)C2)c2ccccc21[EOS],46406.920085668564,42
13.4,O=C(Cc1c[nH+]c2ccccn12)NC1C2COCC1CN(C(=O)CCc1c3ccccc3cc3ccccc13)C2,[BOS]O=C(Cc1c[nH+]c2ccccn12)N[C@H]1[C@@H]2COC[C@H]1CN(C(=O)CCc1c3ccccc3cc3ccccc13)C2[EOS],51794.67835474014,42
12.9,O=C(c1ccc(F)cc1)N1CCC(C2CCCCN2C(=O)C2=NOC(c3ccccc3)C2)CC1,[BOS]O=C(c1ccc(F)cc1)N1CCC([C@@H]2CCCCN2C(=O)C2=NO[C@H](c3ccccc3)C2)CC1[EOS],56585.828565597534,42
13.4,CC(=Cc1cccnc1)C(=O)NC1C2COCC1CN(C(=O)C1CC13C(=O)Nc1ccccc13)C2,[BOS]CC(=Cc1cccnc1)C(=O)N[C@H]1[C@@H]2COC[C@H]1CN(C(=O)[C@H]1C[C@]13C(=O)Nc1ccccc13)C2[EOS],61121.4194355011,42
14.0,O=C(Nc1cc(C2CCCCN2C(=O)c2ccc(F)c(C(F)(F)F)c2)[nH]n1)c1ccc2ncccc2c1,[BOS]O=C(Nc1cc([C@H]2CCCCN2C(=O)c2ccc(F)c(C(F)(F)F)c2)[nH]n1)c1ccc2ncccc2c1[EOS],4807.391766309738,42
13.4,CC1Cc2ccccc2CN1C(=O)NCc1ccc(N2CCN(c3ncccn3)CC2)c(F)c1,[BOS]C[C@H]1Cc2ccccc2CN1C(=O)NCc1ccc(N2CCN(c3ncccn3)CC2)c(F)c1[EOS],8909.378656864166,42
12.6,CC(=O)N1CCc2cc(NC(=O)Nc3ccc(OCc4cccc(F)c4)cc3C)ccc21,[BOS]CC(=O)N1CCc2cc(NC(=O)Nc3ccc(OCc4cccc(F)c4)cc3C)ccc21[EOS],13616.03211259842,42
12.5,O=c1[nH]c(-c2cccc3ccccc23)c([O-])n1C1CCc2ccccc2C1CC1CCCCN1,[BOS]O=c1[nH]c(-c2cccc3ccccc23)c([O-])n1[C@@H]1CCc2ccccc2C1CC1CCCCN1[EOS][EOS][EOS],18054.279983758926,42
12.8,O=C(Cc1noc(C2CC(=O)N(c3ccc(F)cc3F)C2)n1)N1CCN(c2ccccc2F)CC1,[BOS]O=C1C[C@H](c2nc(CC(=O)N3CCN(c4ccccc4F)CC3)no2)CN1c1ccc(F)cc1F[EOS][EOS][EOS][EOS][EOS][EOS],23124.311851978302,42
12.9,O=C(CN1c2cccc3cccc(c23)S1(=O)=O)N1Cc2ccccc2C(c2ccccc2)C1,[BOS]O=C(CN1c2cccc3cccc(c23)S1(=O)=O)N1Cc2ccccc2[C@H](c2ccccc2)C1[EOS],27676.445662021637,42
14.4,O=C(C1CC1c1ccc2ccccc2c1)N1CCCN(c2nc3ccc([N+](=O)[O-])cc3[nH]2)CC1,[BOS]O=C([C@H]1C[C@@H]1c1ccc2ccccc2c1)N1CCCN(c2nc3ccc([N+](=O)[O-])cc3[nH]2)CC1[EOS],32122.07660126686,42
12.0,O=C(C[NH+]1CCC(O)(c2ccc(-c3ccccc3)cc2)CC1)Nc1cc2c(cc1Cl)OCCCO2,[BOS]O=C(C[NH+]1CCC(O)(c2ccc(-c3ccccc3)cc2)CC1)Nc1cc2c(cc1Cl)OCCCO2[EOS][EOS][EOS][EOS][EOS][EOS],37577.28331518173,42
12.0,O=C(NC1CC2CCC1N2C(=O)c1cc(-c2nn[n-]n2)c[nH]1)C1C2CCCCCCC21,[BOS]O=C(N[C@@H]1C[C@H]2CC[C@@H]1N2C(=O)c1cc(-c2nn[n-]n2)c[nH]1)C1[C@@H]2CCCCCC[C@@H]12[EOS],41984.515084028244,42
12.9,Cc1nc2ncccn2c1C(=O)NC1CC[NH+](C2CCN(C(=O)c3ccc4cc[nH]c4c3)CC2)CC1,[BOS]Cc1nc2ncccn2c1C(=O)NC1CC[NH+](C2CCN(C(=O)c3ccc4cc[nH]c4c3)CC2)CC1[EOS],47604.08090162277,42
12.8,O=C(NCCc1ccc2c(c1)CCCO2)c1coc2c(-c3ccccc3)cc3c(c2c1=O)OCCO3,[BOS]O=C(NCCc1ccc2c(c1)CCCO2)c1coc2c(-c3ccccc3)cc3c(c2c1=O)OCCO3[EOS][EOS][EOS][EOS],52568.20708990097,42
13.6,O=C(NC1C2COCC1CN(C(=O)Cc1ccc3ccccc3c1)C2)c1ccc2c(-c3nccs3)noc2c1,[BOS]O=C(N[C@H]1[C@@H]2COC[C@H]1CN(C(=O)Cc1ccc3ccccc3c1)C2)c1ccc2c(-c3nccs3)noc2c1[EOS][EOS][EOS][EOS][EOS][EOS][EOS],57539.00397133827,42
13.1,O=C(NC1CCN(c2cccc3ccccc23)C1)C1Oc2ccccc2C12CC[NH2+]CC2,[BOS]O=C(N[C@H]1CCN(c2cccc3ccccc23)C1)[C@H]1Oc2ccccc2C12CC[NH2+]CC2[EOS],4889.128967523575,42
12.0,Cc1c(NC(=O)NCC2c3ccccc3CCN2C)nnn1Cc1ccc(C(F)(F)F)cc1,[BOS]Cc1c(NC(=O)NC[C@H]2c3ccccc3CCN2C)nnn1Cc1ccc(C(F)(F)F)cc1[EOS],10048.20198059082,42
12.9,Cc1nn(C(=O)c2ccccc2OC(c2ccccc2)c2ccccc2)c(C)c1OC(=O)c1ccccc1,[BOS]Cc1nn(C(=O)c2ccccc2OC(c2ccccc2)c2ccccc2)c(C)c1OC(=O)c1ccccc1[EOS][EOS][EOS],15065.67580795288,42
11.7,NC(N)=[NH+]c1ccc(C(=O)N2CCC3(C2)C(=O)N(c2ccccc2)C(=O)N3Cc2ccccc2)cc1,[BOS]NC(N)=[NH+]c1ccc(C(=O)N2CC[C@@]3(C2)C(=O)N(c2ccccc2)C(=O)N3Cc2ccccc2)cc1[EOS][EOS][EOS][EOS][EOS][EOS][EOS],19127.012271881104,42
12.9,CC1CCc2c(F)cccc2C1n1c([O-])c(Cc2ccc3ccccc3c2)[nH]c1=O,[BOS]C[C@@H]1CCc2c(F)cccc2[C@H]1n1c([O-])c(Cc2ccc3ccccc3c2)[nH]c1=O[EOS],23029.598616361618,42
13.4,O=C(COc1ccccc1F)N1CCOCC2(C1)CN(C(=O)Cc1cc3ccccc3cc1F)CCO2,[BOS]O=C(COc1ccccc1F)N1CCOC[C@]2(C1)CN(C(=O)Cc1cc3ccccc3cc1F)CCO2[EOS],27990.059674739838,42
13.0,CC1(C(=O)N2CCCCC2c2cc(NC(=O)COc3cccc4ccccc34)n[nH]2)CC=CCC1,[BOS]C[C@]1(C(=O)N2CCCC[C@@H]2c2cc(NC(=O)COc3cccc4ccccc34)n[nH]2)CC=CCC1[EOS],33090.11152458191,42
12.4,CC(F)(F)C(C)(C)C(=O)N1CCCCC1c1cc(NC(=O)C2Cc3ccccc3C2)n[nH]1,[BOS]CC(F)(F)C(C)(C)C(=O)N1CCCC[C@@H]1c1cc(NC(=O)C2Cc3ccccc3C2)n[nH]1[EOS],37650.96514225006,42
13.4,O=C(Nc1cc(C2CCCCN2C(=O)c2cccc(F)n2)[nH]n1)c1ccc2ccccc2c1Br,[BOS]O=C(Nc1cc([C@@H]2CCCCN2C(=O)c2cccc(F)n2)[nH]n1)c1ccc2ccccc2c1Br[EOS],42490.371301651,42
13.1,Cc1c(C(=O)Nc2ccc(C3(NC(=O)c4cc(F)cc(F)c4F)CCC3)cc2)[nH]c2ncccc12,[BOS]Cc1c(C(=O)Nc2ccc(C3(NC(=O)c4cc(F)cc(F)c4F)CCC3)cc2)[nH]c2ncccc12[EOS],47692.689878702164,42
12.4,[NH3+]C(C(=O)NC1C2COCC1CN(C(=O)C1CCc3ccccc3C1)C2)c1cccc(Cl)c1,[BOS][NH3+][C@H](C(=O)N[C@H]1[C@@H]2COC[C@H]1CN(C(=O)[C@H]1CCc3ccccc3C1)C2)c1cccc(Cl)c1[EOS][EOS][EOS][EOS][EOS][EOS][EOS][EOS],53042.8136818409,42
12.4,CC(C(=O)N1CCOCC2(CN(C(=O)CNc3ccc(F)cc3)CCO2)C1)c1ccccc1,[BOS]C[C@@H](C(=O)N1CCOC[C@]2(CN(C(=O)CNc3ccc(F)cc3)CCO2)C1)c1ccccc1[EOS],57452.696461200714,42
12.8,O=C(NCC1OCC2CCN(C(=O)C3Cc4ccccc4C3)CC21)C1CCCC2CCCCC21,[BOS]O=C(NC[C@@H]1OC[C@@H]2CCN(C(=O)C3Cc4ccccc4C3)C[C@@H]21)[C@@H]1CCC[C@@H]2CCCC[C@H]21[EOS],5012.2633101940155,42
13.8,O=C(NC1C2COCC1CN(C(=O)C1Cc3ccccc3C1)C2)c1ccc2cc(Br)ccc2c1,[BOS]O=C(N[C@H]1[C@@H]2COC[C@H]1CN(C(=O)C1Cc3ccccc3C1)C2)c1ccc2cc(Br)ccc2c1[EOS],9582.018604040146,42
13.8,O=c1c2cnn(Cc3cccc4ccccc34)c2ncn1OC1CC=C2C(=Cc3ccccc31)C(O)=NC21CCS(=O)(=O)CC1,[BOS]O=c1c2cnn(Cc3cccc4ccccc34)c2ncn1O[C@@H]1CC=C2C(=Cc3ccccc31)C(O)=NC21CCS(=O)(=O)CC1[EOS],14717.568412303925,42
12.7,Cc1cccc(C2=CCN(c3ncccc3C(=O)N3Cc4ccccc4C(C)C3C)CC2)c1C,[BOS]Cc1cccc(C2=CCN(c3ncccc3C(=O)N3Cc4ccccc4[C@H](C)[C@H]3C)CC2)c1C[EOS],19069.852651119232,42
12.5,Cc1cscc1C(=O)N1CCCCC1C1CCN(C(=O)c2ccc3cc(O)ccc3n2)CC1,[BOS]Cc1cscc1C(=O)N1CCCC[C@@H]1C1CCN(C(=O)c2ccc3cc(O)ccc3n2)CC1[EOS],23527.323896169662,42
13.7,O=C(NC1C2COCC1CN(C(=O)C1C3CCCC1c1ccccc1N3)C2)c1cncc2cnccc12,[BOS]O=C(N[C@H]1[C@@H]2COC[C@H]1CN(C(=O)[C@@H]1[C@@H]3CCC[C@H]1c1ccccc1N3)C2)c1cncc2cnccc12[EOS],28507.46305012703,42
13.7,O=C(CC1OCCc2ccccc21)NC1C2COCC1CN(C(=O)C1CCc3ccccc3C1)C2,[BOS]O=C(C[C@H]1OCCc2ccccc21)N[C@H]1[C@@H]2COC[C@H]1CN(C(=O)[C@@H]1CCc3ccccc3C1)C2[EOS],33715.006271362305,42
13.6,O=C(Cn1cccc(F)c1=O)N1C2CCC1CC(c1ccc3ccccc3c1)C2,[BOS]O=C(Cn1cccc(F)c1=O)N1[C@@H]2CC[C@H]1C[C@@H](c1ccc3ccccc3c1)C2[EOS],38346.14722800255,42
12.4,O=C(NC1CCC(Cc2ccccc2)C1)NC1CCCN(Cc2ccc(F)cc2F)C1=O,[BOS]O=C(N[C@@H]1CC[C@@H](Cc2ccccc2)C1)N[C@H]1CCCN(Cc2ccc(F)cc2F)C1=O[EOS],42968.66776418686,42
12.9,FC(F)(F)c1ccc2c(C3CCN(Cc4cn5cc(-c6ccccc6)cnc5[nH+]4)CC3)c[nH]c2c1,[BOS]FC(F)(F)c1ccc2c(C3CCN(Cc4cn5cc(-c6ccccc6)cnc5[nH+]4)CC3)c[nH]c2c1[EOS],47565.4482049942,42
13.6,O=C(NC1(c2ccc(NC(=O)c3[nH]cc4c3CCc3ncccc3-4)cc2)CCC1)c1cccc(F)c1,[BOS]O=C(NC1(c2ccc(NC(=O)c3[nH]cc4c3CCc3ncccc3-4)cc2)CCC1)c1cccc(F)c1[EOS],53181.69147634506,42
13.3,O=C(NCC1Cn2nnc(-c3cccc(F)c3)c2CO1)C1CCC[NH+](Cc2ccc3ccccc3c2)C1,[BOS]O=C(NC[C@@H]1Cn2nnc(-c3cccc(F)c3)c2CO1)[C@@H]1CCC[NH+](Cc2ccc3ccccc3c2)C1[EOS],58301.36716723442,42
13.4,O=C(NCC1OCC2CCN(C(=O)C3(c4ccccc4F)CC3)CC21)C1CC(c2ccccc2)C[NH2+]1,[BOS]O=C(NC[C@@H]1OC[C@@H]2CCN(C(=O)C3(c4ccccc4F)CC3)C[C@@H]21)[C@@H]1C[C@H](c2ccccc2)C[NH2+]1[EOS],5385.619596004486,42
13.8,O=S(=O)(N1CCCc2ccccc2CC1)N1C2C=C(c3ccccc3)c3cc(F)ccc3C1CC2,[BOS]O=S(=O)(N1CCCc2ccccc2CC1)N1[C@@H]2CC[C@@H]1C=C(c1ccccc1)c1cc(F)ccc1-2[EOS],9773.316961050034,42
13.4,Cn1ncc2c(C(=O)N3CCCCC3C3CCN(C(=O)C4CCc5ccccc5C4O)CC3)cc(F)cc21,[BOS]Cn1ncc2c(C(=O)N3CCCC[C@@H]3C3CCN(C(=O)[C@@H]4CCc5ccccc5[C@@H]4O)CC3)cc(F)cc21[EOS],15083.99648141861,42
11.8,CC(=O)NC(Cc1cc(C(F)(F)F)cc(C(F)(F)F)c1)c1nc(-c2cncc3ccccc23)no1,[BOS]CC(=O)N[C@@H](Cc1cc(C(F)(F)F)cc(C(F)(F)F)c1)c1nc(-c2cncc3ccccc23)no1[EOS][EOS][EOS][EOS][EOS][EOS][EOS][EOS],20734.451818227768,42
12.5,O=C(Nc1ccc(=O)n(Cc2cccc(F)c2)c1)C1CCCN(c2nc3ccccc3s2)C1,[BOS]O=C(Nc1ccc(=O)n(Cc2cccc(F)c2)c1)[C@H]1CCCN(c2nc3ccccc3s2)C1[EOS][EOS][EOS][EOS][EOS][EOS][EOS][EOS],25168.105940580368,42
13.2,O=C(Nc1ccc(C2(NC(=O)C3CC3c3ccc(F)c(F)c3)CCC2)cc1)c1ccc2n[nH]nc2c1,[BOS]O=C(Nc1ccc(C2(NC(=O)[C@H]3C[C@@H]3c3ccc(F)c(F)c3)CCC2)cc1)c1ccc2n[nH]nc2c1[EOS],30778.64922785759,42
11.8,CC(=O)NC(CC(=O)N1CCCC(c2nnc3ccc(C(F)(F)F)cn23)C1)c1ccc(F)cc1F,[BOS]CC(=O)N[C@@H](CC(=O)N1CCC[C@@H](c2nnc3ccc(C(F)(F)F)cn23)C1)c1ccc(F)cc1F[EOS][EOS],35367.92734694481,42
13.0,O=C(C1CCc2ccccc21)N1CCN(S(=O)(=O)c2ccc3ccccc3c2)CC1,[BOS]O=C([C@@H]1CCc2ccccc21)N1CCN(S(=O)(=O)c2ccc3ccccc3c2)CC1[EOS],39674.16270899773,42
13.1,[NH3+]C(CC(=O)N1CCOCC2(CN(C(=O)Cc3cc4ccccc4cc3F)CCO2)C1)c1cccnc1,[BOS][NH3+][C@@H](CC(=O)N1CCOC[C@@]2(C1)CN(C(=O)Cc1cc3ccccc3cc1F)CCO2)c1cccnc1[EOS],45174.034385204315,42
14.4,Cc1cnn(C(C)C(=O)N2CCCCC2C2CCN(C(=O)c3cccc4c3oc3ccccc34)CC2)c1,[BOS]Cc1cnn([C@H](C)C(=O)N2CCCC[C@H]2C2CCN(C(=O)c3cccc4c3oc3ccccc34)CC2)c1[EOS],50162.68990969658,42
12.7,C[NH+]1CCCC(CNC(=O)c2cc(-c3ccccc3F)n[nH]2)C1c1ccc(C(F)(F)F)cc1,[BOS]C[NH+]1CCC[C@H](CNC(=O)c2cc(-c3ccccc3F)n[nH]2)[C@H]1c1ccc(C(F)(F)F)cc1[EOS],55248.59194231033,42
13.4,N#Cc1cc(CC(=O)N2CCCCC2c2cc(NC(=O)CCc3ccc4ccccc4c3)n[nH]2)ccc1F,[BOS]N#Cc1cc(CC(=O)N2CCCC[C@H]2c2cc(NC(=O)CCc3ccc4ccccc4c3)n[nH]2)ccc1F[EOS],60063.54332590103,42
12.8,O=C1C(CSc2nnc(C3COc4ccccc43)n2-c2ccccc2C(F)(F)F)CCN1Cc1ccc2c(c1)OCO2,[BOS]O=C1[C@@H](CSc2nnc(C3COc4ccccc43)n2-c2ccccc2C(F)(F)F)CCN1Cc1ccc2c(c1)OCO2[EOS],5587.093078136444,42
13.7,O=C([NH2+]C1CCc2ccccc21)C1=CC2=NC(Cc3cccc4ccccc34)=C(C(F)(F)F)C(C3CCNC3)N2N1,[BOS]O=C([NH2+][C@H]1CCc2ccccc21)C1=CC2=NC(Cc3cccc4ccccc34)=C(C(F)(F)F)[C@H]([C@@H]3CCNC3)N2N1[EOS],10863.982476949692,42
13.8,O=C(NCC1OCC2CCN(C(=O)C3(c4ccccc4)CC3)CC21)C1CCc2ccccc2C1,[BOS]O=C(NC[C@@H]1OC[C@@H]2CCN(C(=O)C3(c4ccccc4)CC3)C[C@@H]21)[C@H]1CCc2ccccc2C1[EOS],16130.302175045013,42
13.2,Cc1cc[nH]c1C(=O)N1CCCCC1C1CCN(C(=O)c2cccc(Cc3ccc(F)cc3)c2)CC1,[BOS]Cc1cc[nH]c1C(=O)N1CCCC[C@@H]1C1CCN(C(=O)c2cccc(Cc3ccc(F)cc3)c2)CC1[EOS],20996.258434295654,42
12.9,O=C(NCc1ccc(F)cc1)C1CCN(C(=O)C2CC2c2ccc3ccccc3c2)CC1,[BOS]O=C(NCc1ccc(F)cc1)C1CCN(C(=O)[C@H]2C[C@@H]2c2ccc3ccccc3c2)CC1[EOS],25839.810284137726,42
12.9,Cc1noc(CC(=O)N2CCCCC2C2CCN(C(=O)c3ccc4c(c3)C(=O)CC4)CC2)n1,[BOS]Cc1noc(CC(=O)N2CCCC[C@H]2C2CCN(C(=O)c3ccc4c(c3)C(=O)CC4)CC2)n1[EOS],30696.562641620636,42
12.2,CC1(c2ccc(F)cc2)NC(=O)N(CC(=O)Nc2cnn(-c3cnc4ccccc4n3)c2)C1=O,[BOS]C[C@@]1(c2ccc(F)cc2)NC(=O)N(CC(=O)Nc2cnn(-c3cnc4ccccc4n3)c2)C1=O[EOS],35495.97354507446,42
12.4,CC(NC(=O)N1CC(c2ccccc2Cl)OCC1(C)C)C(=O)N1Cc2ccccc2C1,[BOS]C[C@@H](NC(=O)N1C[C@H](c2ccccc2Cl)OCC1(C)C)C(=O)N1Cc2ccccc2C1[EOS],39786.39589500427,42
12.3,CC(NC(=O)CCc1nc(CC(=O)N2CCCc3ccccc32)no1)c1ccc2c(c1)OCC(=O)N2,[BOS]C[C@H](NC(=O)CCc1nc(CC(=O)N2CCCc3ccccc32)no1)c1ccc2c(c1)OCC(=O)N2[EOS][EOS],45526.33468389511,42
14.7,O=C(NC1C2COCC1CN(C(=O)C1C3CCCC1c1ccccc1N3)C2)c1[nH]nc2c1CCc1ncccc1-2,[BOS]O=C(N[C@H]1[C@@H]2COC[C@H]1CN(C(=O)[C@@H]1[C@@H]3CCC[C@H]1c1ccccc1N3)C2)c1[nH]nc2c1CCc1ncccc1-2[EOS],50548.27302527428,42
12.4,C[NH+]1CCCC(CNC(=O)NC2CC2c2cccc3ccccc23)C1c1ccc(C(F)(F)F)cc1,[BOS]C[NH+]1CCC[C@H](CNC(=O)N[C@@H]2C[C@H]2c2cccc3ccccc23)[C@@H]1c1ccc(C(F)(F)F)cc1[EOS],55590.90314245224,42
11.9,CC1(c2cccc(C(=O)N3C4CC3CN(C(=O)C3CC5CC[NH+]3CC5)C4)c2)NC(=O)NC1=O,[BOS]C[C@]1(c2cccc(C(=O)N3[C@H]4C[C@H]3CN(C(=O)[C@@H]3CC5CC[NH+]3CC5)C4)c2)NC(=O)NC1=O[EOS][EOS],59998.50389838219,42
12.8,O=C(NCC1OCC2CCN(C(=O)c3cc(=O)cco3)CC21)c1ccc2c(c1)Sc1ccccc1O2,[BOS]O=C(NC[C@@H]1OC[C@@H]2CCN(C(=O)c3cc(=O)cco3)C[C@@H]21)c1ccc2c(c1)Sc1ccccc1O2[EOS][EOS],5031.85173368454,42
13.8,Cc1ccc(F)cc1C(=O)N1CCCCC1C1CCN(C(=O)c2[nH]c3c(Cl)cccc3c2C)CC1,[BOS]Cc1ccc(F)cc1C(=O)N1CCCC[C@@H]1C1CCN(C(=O)c2[nH]c3c(Cl)cccc3c2C)CC1[EOS],9852.231825828552,42
12.5,OC1CC2(CC[NH+](C3CCOC(c4ccccc4)C3)CC2)COc2ccccc21,[BOS]O[C@H]1CC2(CC[NH+]([C@H]3CCO[C@H](c4ccccc4)C3)CC2)COc2ccccc21[EOS],14041.519552469254,42
13.1,Fc1ccccc1C1([NH2+]C2CCOC3(C2)CN(Cc2ccccc2)CC3(F)F)CCC(F)(F)CC1,[BOS]Fc1ccccc1C1([NH2+][C@@H]2CCOC3(C2)CN(Cc2ccccc2)CC3(F)F)CCC(F)(F)CC1[EOS],18771.93203496933,42
14.2,O=C(NC1C2COCC1CN(C(=O)C1CC1c1ccc(F)c(F)c1)C2)C1C2CCCC1c1ccccc1N2,[BOS]O=C(N[C@H]1[C@@H]2COC[C@H]1CN(C(=O)[C@H]1C[C@@H]1c1ccc(F)c(F)c1)C2)[C@@H]1[C@@H]2CCC[C@H]1c1ccccc1N2[EOS],23765.173310995102,42
14.1,CC(C(=O)N1CCCCC1C1CCN(C(=O)c2cc(=O)c3ccccc3o2)CC1)c1ccc(O)cc1,[BOS]C[C@@H](C(=O)N1CCCC[C@H]1C1CCN(C(=O)c2cc(=O)c3ccccc3o2)CC1)c1ccc(O)cc1[EOS],28779.188856124878,42
13.2,Cc1cccc(CC(=O)N2CCCCC2c2cc(NC(=O)c3cc4cnccc4nc3C)n[nH]2)c1,[BOS]Cc1cccc(CC(=O)N2CCCC[C@H]2c2cc(NC(=O)c3cc4cnccc4nc3C)n[nH]2)c1[EOS],33685.39746212959,42
13.0,Cc1cccnc1CCC(=O)N1CCCCC1C1CCN(C(=O)c2ccc3c(c2)OCCO3)CC1,[BOS]Cc1cccnc1CCC(=O)N1CCCC[C@H]1C1CCN(C(=O)c2ccc3c(c2)OCCO3)CC1[EOS],38956.59422111511,42
13.7,O=C(C1CCN(S(=O)(=O)c2ccc3ccccc3c2)CC1)N1CCc2c(F)ccc(F)c2C1,[BOS]O=C(C1CCN(S(=O)(=O)c2ccc3ccccc3c2)CC1)N1CCc2c(F)ccc(F)c2C1[EOS],43759.121638298035,42
13.1,CC(CC(=O)N1CCC2C1CCN2C(=O)c1[nH]nc2c1CCc1ncccc1-2)c1ccccc1,[BOS]C[C@@H](CC(=O)N1CC[C@H]2[C@@H]1CCN2C(=O)c1[nH]nc2c1CCc1ncccc1-2)c1ccccc1[EOS],48556.59768986702,42
12.3,O=C(Nc1nc(-c2ccccc2F)co1)C(C1c2ccccc2Oc2ccccc21)n1cccc1,[BOS]O=C(Nc1nc(-c2ccccc2F)co1)C(C1c2ccccc2Oc2ccccc21)n1cccc1[EOS][EOS][EOS][EOS][EOS][EOS][EOS][EOS],53311.334901332855,42
12.6,O=C(NCCC(=O)N1CCC(c2ccc3ccccc3c2)CC1)c1ccc2ccccc2c1,[BOS]O=C(NCCC(=O)N1CCC(c2ccc3ccccc3c2)CC1)c1ccc2ccccc2c1[EOS],57961.642171382904,42
13.2,O=C(NC1C2CCc3ccccc3C21)NC1(c2ccccc2)CCC(F)(F)CC1,[BOS]O=C(N[C@@H]1[C@@H]2CCc3ccccc3[C@H]21)NC1(c2ccccc2)CCC(F)(F)CC1[EOS],4231.782651424408,42
13.6,O=C(Nc1ccc2nc(Cc3ccccc3)oc2c1)C1CC(=O)N(c2ccc3c(c2)CCC3)C1,[BOS]O=C(Nc1ccc2nc(Cc3ccccc3)oc2c1)[C@@H]1CC(=O)N(c2ccc3c(c2)CCC3)C1[EOS],8952.556819677353,42
12.0,O=C(NC1CCCN(Cc2ccc(F)cc2F)C1=O)N1CCCC(O)(c2ccccc2)C1,[BOS]O=C1[C@@H](NC(=O)N2CCC[C@@](O)(c3ccccc3)C2)CCCN1Cc1ccc(F)cc1F[EOS],13483.768763780594,42
14.0,O=C(Cc1c(F)ccc(F)c1F)N1CCC(C2CCCCN2C(=O)C2Cc3ccccc3C[NH2+]2)CC1,[BOS]O=C(Cc1c(F)ccc(F)c1F)N1CCC([C@H]2CCCCN2C(=O)[C@@H]2Cc3ccccc3C[NH2+]2)CC1[EOS],18495.486281871796,42
13.7,O=C1CCc2ccc(C(=O)N3CCC4(CCCN(C(=O)CCc5ccc6c(c5)OCO6)C4)CC3)cc21,[BOS]O=C1CCc2ccc(C(=O)N3CCC4(CCCN(C(=O)CCc5ccc6c(c5)OCO6)C4)CC3)cc21[EOS],23434.792380571365,42
14.1,Cc1c(C(=O)N2CCCCC2C2CCN(C(=O)c3cnc4c(c3)CC[NH2+]CC4)CC2)ccc(F)c1F,[BOS]Cc1c(C(=O)N2CCCC[C@@H]2C2CCN(C(=O)c3cnc4c(c3)CC[NH2+]CC4)CC2)ccc(F)c1F[EOS],28903.93443751335,42
13.2,O=C(CCCc1ccc2c(c1)-c1ccccc1C2)Nc1cc(-c2nnc3n2CCCCC3)ccc1F,[BOS]O=C(CCCc1ccc2c(c1)-c1ccccc1C2)Nc1cc(-c2nnc3n2CCCCC3)ccc1F[EOS],34159.821707725525,42
13.6,Cc1cc(F)c(F)c(C(=O)NC2C3COCC2CN(C(=O)CC2CCCc4ccccc42)C3)c1,[BOS]Cc1cc(F)c(F)c(C(=O)N[C@H]2[C@@H]3COC[C@H]2CN(C(=O)C[C@H]2CCCc4ccccc42)C3)c1[EOS],38985.57116532326,42
12.5,COc1cc(F)c(CCC(=O)NC2CC3CCC(C2)N3C(=O)C2CC2c2ccc(F)cc2)cc1Br,[BOS]COc1cc(F)c(CCC(=O)N[C@H]2C[C@H]3CC[C@@H](C2)N3C(=O)[C@@H]2C[C@@H]2c2ccc(F)cc2)cc1Br[EOS],44651.857510089874,42
13.5,O=C(Nc1cc(C2CCCCN2C(=O)c2cc(Cl)ccc2F)[nH]n1)c1ccc2ncccc2c1,[BOS]O=C(Nc1cc([C@@H]2CCCCN2C(=O)c2cc(Cl)ccc2F)[nH]n1)c1ccc2ncccc2c1[EOS],49714.52170872688,42
13.7,O=C(NCCC1c2ccccc2CCc2ccccc21)N1CCC(n2ccc([N+](=O)[O-])n2)CC1,[BOS]O=C(NCC[C@H]1c2ccccc2CCc2ccccc21)N1CCC(n2ccc([N+](=O)[O-])n2)CC1[EOS],54573.18135356903,42
13.0,Cc1cc2cc(C(=O)N3CCC4(CCCN(C(=O)C5(c6ccccc6)CC5)C4)CC3)ccc2[nH]1,[BOS]Cc1cc2cc(C(=O)N3CCC4(CCCN(C(=O)C5(c6ccccc6)CC5)C4)CC3)ccc2[nH]1[EOS],58752.10498738289,42
11.6,CC(OC(=O)C1CCN(c2ccc(F)cc2)C1=O)c1nnc(-c2ccc3ccccc3c2)o1,[BOS]C[C@@H](OC(=O)[C@H]1CCN(c2ccc(F)cc2)C1=O)c1nnc(-c2ccc3ccccc3c2)o1[EOS][EOS][EOS][EOS][EOS][EOS][EOS],5021.414914608002,42
14.0,CC1Oc2ccc(C(=O)Nc3cc(C4CCCCN4C(=O)c4cc(F)cc(F)c4F)[nH]n3)cc2NC1=O,[BOS]C[C@@H]1Oc2ccc(C(=O)Nc3cc([C@@H]4CCCCN4C(=O)c4cc(F)cc(F)c4F)[nH]n3)cc2NC1=O[EOS],9973.396892786026,42
14.0,Cc1ccc(Nc2cccc(C(=O)N3CC(C(=O)N4CC(C)(C)c5ccc(C6CC6)cc54)C3)c2)nn1,[BOS]Cc1ccc(Nc2cccc(C(=O)N3CC(C(=O)N4CC(C)(C)c5ccc(C6CC6)cc54)C3)c2)nn1[EOS],15059.042786359787,42
14.9,O=C(NCC1OCC2CCN(C(=O)C3(c4ccccc4F)CC3)CC21)c1cc2ccccc2[nH]c(=O)c1=O,[BOS]O=C(NC[C@@H]1OC[C@@H]2CCN(C(=O)C3(c4ccccc4F)CC3)C[C@@H]21)C1=Cc2ccccc2NC(=O)C1=O[EOS],20796.916111946106,42
12.5,O=C(NC1CCOc2c(-c3ccccc3)cccc21)NC1(Cc2cccc(F)c2)CCCCC1,[BOS]O=C(N[C@@H]1CCOc2c(-c3ccccc3)cccc21)NC1(Cc2cccc(F)c2)CCCCC1[EOS],25277.15380191803,42
12.9,CC(OC(=O)c1ccn(-c2ccc(F)cc2)n1)C(=O)N1c2ccccc2-n2cccc2C1c1ccccc1Cl,[BOS]C[C@H](OC(=O)c1ccn(-c2ccc(F)cc2)n1)C(=O)N1c2ccccc2-n2cccc2C1c1ccccc1Cl[EOS],30370.73371195793,42
12.4,O=C(NCc1cccc(NC(=O)C2CCCC2)c1)C1CC(=O)N(c2ccc3c(c2)CCC3)C1,[BOS]O=C(NCc1cccc(NC(=O)C2CCCC2)c1)[C@H]1CC(=O)N(c2ccc3c(c2)CCC3)C1[EOS],35455.910123586655,42
12.2,Cc1cccc(C2CCN(C(=O)NC3CCCc4nc(-c5ccccc5F)sc43)C2)c1,[BOS]Cc1cccc([C@H]2CCN(C(=O)N[C@@H]3CCCc4nc(-c5ccccc5F)sc43)C2)c1[EOS],39750.44125890732,42
13.5,CN1N=C(C(=O)N2CCCCC2C2CCN(C(=O)C3CCc4ccccc4C3)CC2)CCC1=O,[BOS]CN1N=C(C(=O)N2CCCC[C@H]2C2CCN(C(=O)[C@@H]3CCc4ccccc4C3)CC2)CCC1=O[EOS],44683.03275895119,42
12.6,Cc1cc(C2C[NH2+]C(C(=O)NCC3Cn4nnc(-c5cccc(F)c5)c4CO3)C2)ccc1C(F)(F)F,[BOS]Cc1cc([C@H]2C[NH2+][C@H](C(=O)NC[C@H]3Cn4nnc(-c5cccc(F)c5)c4CO3)C2)ccc1C(F)(F)F[EOS],50054.53312802315,42
13.9,CC(C(=O)N1CCCCC1C1CCN(C(=O)c2cccc3c2cnn3C)CC1)c1ccccc1,[BOS]C[C@@H](C(=O)N1CCCC[C@H]1C1CCN(C(=O)c2cccc3c2cnn3C)CC1)c1ccccc1[EOS],55031.20385837555,42
13.0,O=C1NC(c2cccc(-c3cc(F)c(F)c(F)c3)c2)CC12CCC(c1cccs1)CC1(CC1)C2,[BOS]O=C1N[C@H](c2cccc(-c3cc(F)c(F)c(F)c3)c2)CC12CCC(c1cccs1)CC1(CC1)C2[EOS],58865.603180885315,42
13.5,O=C(Nc1ccc2ccccc2c1)C(=O)N1C2CCC1c1nc(-c3ccccc3F)ncc12,[BOS]O=C(Nc1ccc2ccccc2c1)C(=O)N1[C@@H]2CC[C@H]1c1cnc(-c3ccccc3F)nc12[EOS],4007.9753110408783,42
13.1,O=C(NS(=O)(=O)c1cccc2ccccc12)C1Oc2ccccc2OC12CCC(Oc1ccccc1F)CC2,[BOS]O=C(NS(=O)(=O)c1cccc2ccccc12)[C@@H]1Oc2ccccc2OC12CCC(Oc1ccccc1F)CC2[EOS],8471.021013975143,42
12.6,O=C1NC(c2ccccc2OCc2ccc(F)c(Cl)c2)Nc2cc3c(cc21)CCCN3C1CCCCC1O,[BOS]O=C1N[C@@H](c2ccccc2OCc2ccc(F)c(Cl)c2)Nc2cc3c(cc21)CCCN3C1CCCCC1O[EOS],12961.971584796906,42
14.2,O=C(NC1C2COCC1CN(C(=O)C1CC13C(=O)Nc1ccccc13)C2)c1cc2cnccc2nc1Cl,[BOS]O=C(N[C@H]1[C@@H]2COC[C@H]1CN(C(=O)[C@@H]1C[C@@]13C(=O)Nc1ccccc13)C2)c1cc2cnccc2nc1Cl[EOS],17901.234184741974,42
14.0,O=C(Cc1cc2cccnc2cc1F)NC1C2COCC1CN(C(=O)c1cccc3cnccc13)C2,[BOS]O=C(Cc1cc2cccnc2cc1F)N[C@H]1[C@@H]2COC[C@H]1CN(C(=O)c1cccc3cnccc13)C2[EOS],23078.051723003387,42
12.3,Fc1ccc(-c2noc(-c3cccn4cc(-c5ccccc5Cl)nc34)n2)c(F)c1F,[BOS]Fc1ccc(-c2noc(-c3cccn4cc(-c5ccccc5Cl)nc34)n2)c(F)c1F[EOS],27137.24125957489,42
13.5,O=C(NC1C2COCC1CN(C(=O)c1ccn3cncc3c1)C2)C1CCCc2c1[nH]c1ccc(Cl)cc21,[BOS]O=C(N[C@H]1[C@@H]2COC[C@H]1CN(C(=O)c1ccn3cncc3c1)C2)[C@@H]1CCCc2c1[nH]c1ccc(Cl)cc21[EOS],31893.87663269043,42
12.9,O=C(CC1C(O)=NCCN1CCOc1ccc2ccccc2c1)N1CC(c2ccccc2)c2ccccc21,[BOS]O=C(C[C@H]1C(O)=NCCN1CCOc1ccc2ccccc2c1)N1C[C@H](c2ccccc2)c2ccccc21[EOS],38406.44278383255,42
14.4,O=C(Cc1ccc2ncnn2c1)N1CCC(C2CCCCN2C(=O)C2Cc3ccccc3C[NH2+]2)CC1,[BOS]O=C(Cc1ccc2ncnn2c1)N1CCC([C@@H]2CCCCN2C(=O)[C@H]2Cc3ccccc3C[NH2+]2)CC1[EOS],43549.12884569168,42
12.9,O=C(CCc1cccc(O)c1)NC1C2COCC1CN(C(=O)C1CC13C(=O)Nc1ccccc13)C2,[BOS]O=C(CCc1cccc(O)c1)N[C@H]1[C@@H]2COC[C@H]1CN(C(=O)[C@@H]1C[C@]13C(=O)Nc1ccccc13)C2[EOS],48914.171395778656,42
13.5,Cc1cc(F)c(F)c(C(=O)N2CCCCC2C2CCN(C(=O)c3cc4cccc(C)c4[nH]3)CC2)c1,[BOS]Cc1cc(F)c(F)c(C(=O)N2CCCC[C@@H]2C2CCN(C(=O)c3cc4cccc(C)c4[nH]3)CC2)c1[EOS],53797.56273174286,42
14.3,O=C(Nc1cccc(C(=O)N2CCCC3(C2)OCc2ccccc23)c1)c1ccc2ncccc2c1,[BOS]O=C(Nc1cccc(C(=O)N2CCC[C@@]3(C2)OCc2ccccc23)c1)c1ccc2ncccc2c1[EOS],58203.51285004616,42
13.4,Cc1cc([O-])c([N+](=O)[O-])cc1C(=O)N1CCC2COC(CNC(=O)C3(c4ccccc4)CCCC3)C2C1,[BOS]Cc1cc([O-])c([N+](=O)[O-])cc1C(=O)N1CC[C@H]2CO[C@@H](CNC(=O)C3(c4ccccc4)CCCC3)[C@H]2C1[EOS],5280.448463201523,42
13.1,O=C(Nc1cc(C2CCCCN2C(=O)c2ccc(F)cc2)[nH]n1)c1ccc(-c2nc3ccccc3[nH]2)cc1,[BOS]O=C(Nc1cc([C@@H]2CCCCN2C(=O)c2ccc(F)cc2)[nH]n1)c1ccc(-c2nc3ccccc3[nH]2)cc1[EOS],10004.047912359238,42
13.1,COc1c(Cl)ccnc1C(=O)N1CCC(C2CCCCN2C(=O)C2Cc3ccccc3C[NH2+]2)CC1,[BOS]COc1c(Cl)ccnc1C(=O)N1CCC([C@H]2CCCCN2C(=O)[C@@H]2Cc3ccccc3C[NH2+]2)CC1[EOS],15183.687817811966,42
13.9,O=C(C(=O)N1CCCC2(CCN(C(=O)C3CCN(c4ccccc4)CC3)CC2)C1)c1ccc(Cl)cc1,[BOS]O=C(C(=O)N1CCCC2(CCN(C(=O)C3CCN(c4ccccc4)CC3)CC2)C1)c1ccc(Cl)cc1[EOS],19988.385139465332,42
12.2,Cc1c([O-])n(C[NH+]2CCC3(CCc4ccccc4C3)CC2)c(=O)n1CCc1ccccc1,[BOS]Cc1c([O-])n(C[NH+]2CCC3(CCc4ccccc4C3)CC2)c(=O)n1CCc1ccccc1[EOS],24326.111882925034,42
13.1,Cc1ccc(C(=O)N2CCC3C2CCN3C(=O)c2cc3cnccc3nc2C)c(-n2nccn2)c1,[BOS]Cc1ccc(C(=O)N2CC[C@H]3[C@@H]2CCN3C(=O)c2cc3cnccc3nc2C)c(-n2nccn2)c1[EOS],28499.956597566605,42
12.2,O=C(NCc1cc2c([nH]c1=O)CCC2)C1CCCN(C(=O)Nc2ccccc2F)C1,[BOS]O=C(NCc1cc2c([nH]c1=O)CCC2)[C@H]1CCCN(C(=O)Nc2ccccc2F)C1[EOS],32966.37273430824,42
12.3,CC(C)n1ncc2cc(NC(=O)c3csc(S(=O)(=O)N4CCc5ccccc5C4)c3)ccc21,[BOS]CC(C)n1ncc2cc(NC(=O)c3csc(S(=O)(=O)N4CCc5ccccc5C4)c3)ccc21[EOS][EOS][EOS][EOS][EOS],37230.964203596115,42
13.9,O=C(Nc1cc(C2CCCCN2C(=O)c2ccc(F)c(C(F)(F)F)c2)[nH]n1)c1ccc2nonc2c1,[BOS]O=C(Nc1cc([C@@H]2CCCCN2C(=O)c2ccc(F)c(C(F)(F)F)c2)[nH]n1)c1ccc2nonc2c1[EOS],42079.91433572769,42
13.3,O=C(NC1C2COCC1CN(C(=O)Cc1c[nH]c3ccccc13)C2)c1ccc2c(c1)C(=O)CC2,[BOS]O=C(N[C@H]1[C@@H]2COC[C@H]1CN(C(=O)Cc1c[nH]c3ccccc13)C2)c1ccc2c(c1)C(=O)CC2[EOS],47079.56351041794,42
12.6,CC(=O)Nc1ccc(-c2ccc(S(=O)(=O)N3CCC(c4ccccc4)C(C)C3)cc2)cc1,[BOS]CC(=O)Nc1ccc(-c2ccc(S(=O)(=O)N3CC[C@@H](c4ccccc4)[C@H](C)C3)cc2)cc1[EOS],51813.396809101105,42
12.9,Cc1ccc(S(=O)(=O)CC(=O)NC2C3COCC2CN(C(=O)Cc2ccc4ncccc4c2)C3)cc1,[BOS]Cc1ccc(S(=O)(=O)CC(=O)N[C@H]2[C@@H]3COC[C@H]2CN(C(=O)Cc2ccc4ncccc4c2)C3)cc1[EOS],56925.18140697479,42
13.6,O=C(c1cc2ccccc2o1)N1CCC(C2CCCCN2C(=O)C2CCc3cccc(Cl)c32)CC1,[BOS]O=C(c1cc2ccccc2o1)N1CCC([C@@H]2CCCCN2C(=O)[C@H]2CCc3cccc(Cl)c32)CC1[EOS],4633.092927694321,42
12.3,O=C(Nc1ccc(Oc2ccccc2)cn1)c1cc(=O)n2c3c(cccc13)-c1ccccc1CC2,[BOS]O=C(Nc1ccc(Oc2ccccc2)cn1)c1cc(=O)n2c3c(cccc13)-c1ccccc1CC2[EOS][EOS][EOS][EOS][EOS],9093.41969037056,42
13.1,COc1ccc2nc(C(=O)NC3C4COCC3CN(C(=O)Cc3c[nH]c5ccccc35)C4)ccc2c1,[BOS]COc1ccc2nc(C(=O)N[C@H]3[C@@H]4COC[C@H]3CN(C(=O)Cc3c[nH]c5ccccc35)C4)ccc2c1[EOS],13898.09610915184,42
13.0,CC1Cc2ccccc2N1S(=O)(=O)c1ccc(-c2nc(Cc3c[nH]c4cc(F)ccc34)no2)cc1,[BOS]C[C@@H]1Cc2ccccc2N1S(=O)(=O)c1ccc(-c2nc(Cc3c[nH]c4cc(F)ccc34)no2)cc1[EOS],18666.90315937996,42
12.8,O=C(Cc1cc(F)cc(F)c1)NC1(c2ccc(NC(=O)c3ccc4c(n3)C(=O)CC4)cc2)CCC1,[BOS]O=C1CCc2ccc(C(=O)Nc3ccc(C4(NC(=O)Cc5cc(F)cc(F)c5)CCC4)cc3)nc21[EOS],23430.69194817543,42
13.8,O=C(CCn1c([O-])c2ccccc2cc1=O)NC1C2COCC1CN(C(=O)c1cc(F)c(F)cc1F)C2,[BOS]O=C(CCn1c([O-])c2ccccc2cc1=O)N[C@H]1[C@@H]2COC[C@H]1CN(C(=O)c1cc(F)c(F)cc1F)C2[EOS],28989.763652801514,42
12.2,O=C(Cn1c([O-])cn2c(cc3ccccc32)c1=O)OCC(=O)N1CCc2sccc2C1c1ccccc1,[BOS]O=C(COC(=O)Cn1c([O-])cn2c(cc3ccccc32)c1=O)N1CCc2sccc2[C@@H]1c1ccccc1[EOS][EOS][EOS],34451.57773375511,42
12.9,Cc1ccc(CC(=O)N2CCC3COC(CNC(=O)c4cccc5ccccc45)C3C2)cc1C,[BOS]Cc1ccc(CC(=O)N2CC[C@H]3CO[C@@H](CNC(=O)c4cccc5ccccc45)[C@H]3C2)cc1C[EOS],39647.0300924778,42
13.1,O=C(Cc1c[nH]c2ccccc12)N1CCC(C2CCCCN2C(=O)C2CCc3ccccc32)CC1,[BOS]O=C(Cc1c[nH]c2ccccc12)N1CCC([C@@H]2CCCCN2C(=O)[C@@H]2CCc3ccccc32)CC1[EOS][EOS][EOS][EOS][EOS][EOS][EOS][EOS],44469.14274716377,42
13.2,Cc1cc(Cl)c2ccc(C(=O)NC3C4COCC3CN(C(=O)C3CC3c3ccc(F)cc3)C4)cc2n1,[BOS]Cc1cc(Cl)c2ccc(C(=O)N[C@H]3[C@@H]4COC[C@H]3CN(C(=O)[C@@H]3C[C@@H]3c3ccc(F)cc3)C4)cc2n1[EOS],49368.863251924515,42
12.8,O=C(CC[NH+]1CCc2ccccc2C1)N1CCN(c2cc(-c3ccc(-c4nn[n-]n4)cc3)[nH]n2)CC1,[BOS]O=C(CC[NH+]1CCc2ccccc2C1)N1CCN(c2cc(-c3ccc(-c4nn[n-]n4)cc3)[nH]n2)CC1[EOS],54323.5248029232,42
13.0,CC(Oc1ccc2ccccc2c1)C(=O)N1CCCC(c2nnc3n2CCC[NH+](Cc2ccccc2)C3)C1,[BOS]C[C@@H](Oc1ccc2ccccc2c1)C(=O)N1CCC[C@@H](c2nnc3n2CCC[NH+](Cc2ccccc2)C3)C1[EOS],58905.929443359375,42
13.6,O=C(C(=O)N1CCCCC1c1cc(NC(=O)C2CCc3[nH]c(=O)[nH]c(=O)c3C2)n[nH]1)c1cccc2ccccc12,[BOS]O=C(C(=O)N1CCCC[C@H]1c1cc(NC(=O)[C@@H]2CCc3[nH]c(=O)[nH]c(=O)c3C2)n[nH]1)c1cccc2ccccc12[EOS],4772.304285287857,42
12.6,C1=C(c2cccnc2)NN2C(=[NH+]1)N1C3CC4CCC4OC3C1c1ccc(-c3ccccc3)cc12,[BOS]c1ccc(-c2ccc3c(c2)N2C(=[NH+]/C=C(c4cccnc4)N2)N2[C@H]4C[C@H]5CC[C@H]5O[C@H]4[C@@H]32)cc1[EOS],8897.315288066864,42
12.9,Cc1c(C(=O)Nc2cc(C3CCCCN3C(=O)Cc3c(F)cccc3F)[nH]n2)[nH]c2c(Cl)cccc12,[BOS]Cc1c(C(=O)Nc2cc([C@@H]3CCCCN3C(=O)Cc3c(F)cccc3F)[nH]n2)[nH]c2c(Cl)cccc12[EOS],13911.855130910873,42
13.7,O=C(Nc1cc(C2CCCCN2C(=O)c2cc(O)ccc2F)[nH]n1)c1ccc2c(c1)CCCC2=O,[BOS]O=C(Nc1cc([C@H]2CCCCN2C(=O)c2cc(O)ccc2F)[nH]n1)c1ccc2c(c1)CCCC2=O[EOS],18923.202590942383,42
12.2,CC1Cc2cc(NC(=O)N3CCCCC3c3nc4ccccc4o3)ccc2N(C)C1=O,[BOS]C[C@@H]1Cc2cc(NC(=O)N3CCCC[C@H]3c3nc4ccccc4o3)ccc2N(C)C1=O[EOS],23158.56662607193,42
12.7,CC1Cc2ccccc2CN1CC(=O)N1c2ccccc2N=C(O)C12Cc1cc(F)cc(F)c1C2,[BOS]C[C@H]1Cc2ccccc2CN1CC(=O)N1c2ccccc2N=C(O)C12Cc1cc(F)cc(F)c1C2[EOS],27516.87808251381,42
13.8,O=C(C[NH+]1C2CCC1CC(NC(=O)C1CCc3ccccc3C1)C2)Nc1ccc2ccccc2c1,[BOS]O=C(C[NH+]1[C@@H]2CC[C@H]1C[C@@H](NC(=O)[C@H]1CCc3ccccc3C1)C2)Nc1ccc2ccccc2c1[EOS],32868.27538251877,42
12.2,O=C1CCC(C[NH2+]C(Cc2cccc(F)c2)c2cccc(F)c2)CCN1Cc1cccc([N+](=O)[O-])c1,[BOS]O=C1CC[C@@H](C[NH2+][C@@H](Cc2cccc(F)c2)c2cccc(F)c2)CCN1Cc1cccc([N+](=O)[O-])c1[EOS][EOS][EOS][EOS][EOS],38115.82939839363,42
12.9,Cc1ccccc1Nc1nc(N)nc(C[NH+]2CCCc3cc(-c4ccccc4)ccc32)n1,[BOS]Cc1ccccc1Nc1nc(N)nc(C[NH+]2CCCc3cc(-c4ccccc4)ccc32)n1[EOS],43283.10676527023,42
11.6,CC(Nc1nc2ccccc2nc1NS(=O)(=O)c1ccc2c(c1)OCCCO2)c1ccccc1F,[BOS]C[C@@H](Nc1nc2ccccc2nc1NS(=O)(=O)c1ccc2c(c1)OCCCO2)c1ccccc1F[EOS][EOS][EOS][EOS][EOS][EOS][EOS][EOS],48114.464089632034,42
13.2,O=C(Nc1cc(C2CCCCN2C(=O)C23CCC(CC2)CC3)[nH]n1)c1cc(=O)c2ccccc2o1,[BOS]O=C(Nc1cc([C@@H]2CCCCN2C(=O)C23CCC(CC2)CC3)[nH]n1)c1cc(=O)c2ccccc2o1[EOS],52869.587873220444,42
13.0,Cc1cccn2ncc(C(=O)N3CCC([NH+]4CCC(NC(=O)Cc5ccc6c(c5)CCC6)CC4)CC3)c12,[BOS]Cc1cccn2ncc(C(=O)N3CCC([NH+]4CCC(NC(=O)Cc5ccc6c(c5)CCC6)CC4)CC3)c12[EOS],57979.524539232254,42
14.0,O=C(NCc1nc(-c2ccc(F)cc2)n[nH]1)N1CC(c2cccc(C(F)(F)F)c2)OCC(=C2CCC2)C1=O,[BOS]O=C(NCc1nc(-c2ccc(F)cc2)n[nH]1)N1C[C@@H](c2cccc(C(F)(F)F)c2)OCC(=C2CCC2)C1=O[EOS],4905.393132925034,42
12.1,CC12CCC(=O)N1c1ccccc1C(=O)N2c1cccc(C(=O)NCc2cnn(-c3ccccc3)c2)c1,[BOS]C[C@]12CCC(=O)N1c1ccccc1C(=O)N2c1cccc(C(=O)NCc2cnn(-c3ccccc3)c2)c1[EOS][EOS][EOS][EOS][EOS][EOS][EOS][EOS],9627.023315191269,42
13.2,O=S(=O)(c1ccc(NC2CC[NH+](Cc3c(F)cc(F)cc3F)CC2)nc1)N1CCc2ccccc2C1,[BOS]O=S(=O)(c1ccc(NC2CC[NH+](Cc3c(F)cc(F)cc3F)CC2)nc1)N1CCc2ccccc2C1[EOS],14980.213530778885,42
14.0,O=C(C[NH+]1CCC2(O)CCc3ccccc3C2C1)N1CCN(S(=O)(=O)c2ccc3ccccc3c2)CC1,[BOS]O=C(C[NH+]1CC[C@]2(O)CCc3ccccc3[C@@H]2C1)N1CCN(S(=O)(=O)c2ccc3ccccc3c2)CC1[EOS],20031.70307159424,42
11.7,CC(NC(=O)C1(Cc2ccc(F)cc2)CCOCC1)c1cccc(NC(=O)Cc2ccccc2F)c1,[BOS]C[C@@H](NC(=O)C1(Cc2ccc(F)cc2)CCOCC1)c1cccc(NC(=O)Cc2ccccc2F)c1[EOS],24784.385334968567,42
13.4,O=C(NC1C2COCC1CN(C(=O)Cc1c[nH]c3ccccc13)C2)c1[nH]nc2c1CCc1ncccc1-2,[BOS]O=C(N[C@H]1[C@@H]2COC[C@H]1CN(C(=O)Cc1c[nH]c3ccccc13)C2)c1[nH]nc2c1CCc1ncccc1-2[EOS],29613.189259529114,42
12.7,Cc1ccc(NCCC(=O)NCC2OCC3CCN(C(=O)C4CCc5ccccc5C4)CC32)c(C)c1,[BOS]Cc1ccc(NCCC(=O)NC[C@@H]2OC[C@@H]3CCN(C(=O)[C@H]4CCc5ccccc5C4)C[C@@H]32)c(C)c1[EOS],35645.07055044174,42
13.4,O=C(NC1C2COCC1CN(C(=O)Cc1cccc3ncccc13)C2)c1cc2cccc(F)c2s1,[BOS]O=C(N[C@H]1[C@@H]2COC[C@H]1CN(C(=O)Cc1cccc3ncccc13)C2)c1cc2cccc(F)c2s1[EOS][EOS][EOS][EOS][EOS][EOS],40408.03937959671,42
11.4,Cc1ccoc1Cn1c(Cc2ccccc2F)nnc1N1CCC(CC(=O)N(C)C)CC1,[BOS]Cc1ccoc1Cn1c(Cc2ccccc2F)nnc1N1CCC(CC(=O)N(C)C)CC1[EOS],45010.15831065178,42
11.8,O=C(c1ccc2n[nH]nc2c1)N1CCCCC1C1CCN(C(=O)C2(F)CCC2)CC1,[BOS]O=C(c1ccc2n[nH]nc2c1)N1CCCC[C@H]1C1CCN(C(=O)C2(F)CCC2)CC1[EOS][EOS][EOS][EOS][EOS],49428.35908937454,42
13.0,O=C(C1ON=C(c2ccccc2)O1)N1CCCC(Cc2nc(-c3cc4[nH]ncc4cc3C(F)(F)F)no2)C1,[BOS]O=C([C@@H]1ON=C(c2ccccc2)O1)N1CCC[C@@H](Cc2nc(-c3cc4[nH]ncc4cc3C(F)(F)F)no2)C1[EOS],54316.870989084244,42
13.4,Cc1cccc2cc(C(=O)N3CCCCC3c3cc(NC(=O)CC4Cc5ccccc5C4)n[nH]3)[nH]c12,[BOS]Cc1cccc2cc(C(=O)N3CCCC[C@@H]3c3cc(NC(=O)CC4Cc5ccccc5C4)n[nH]3)[nH]c12[EOS][EOS][EOS][EOS][EOS],59171.04974579811,42
13.9,O=C(CC1CNc2ccccc2O1)N1CCC(C2CCCCN2C(=O)C2(c3ccccc3F)CC2)CC1,[BOS]O=C(C[C@H]1CNc2ccccc2O1)N1CCC([C@@H]2CCCCN2C(=O)C2(c3ccccc3F)CC2)CC1[EOS],5591.513223171234,42
13.9,O=C(NC1C2COCC1CN(C(=O)C1CCc3ccccc3C1)C2)C(=O)c1ccc2c(c1)CCC2,[BOS]O=C(N[C@H]1[C@@H]2COC[C@H]1CN(C(=O)[C@H]1CCc3ccccc3C1)C2)C(=O)c1ccc2c(c1)CCC2[EOS],10441.597804546356,42
13.3,O=C(NC1C2COCC1CN(C(=O)C1Cc3ccccc3C[NH2+]1)C2)c1ccc2ccncc2c1,[BOS]O=C(N[C@H]1[C@@H]2COC[C@H]1CN(C(=O)[C@H]1Cc3ccccc3C[NH2+]1)C2)c1ccc2ccncc2c1[EOS],15357.490961790085,42
13.3,CC(c1ccc(CC(=O)N2CCCC23CN(C(=O)c2cccc4c2cnn4C)C3)cc1)C(F)(F)F,[BOS]C[C@H](c1ccc(CC(=O)N2CCCC23CN(C(=O)c2cccc4c2cnn4C)C3)cc1)C(F)(F)F[EOS],20476.399139642715,42
12.0,CC(F)(F)c1ccc(Cn2c(C3CCCCO3)nnc2N2CCOC(C(F)(F)F)C2)cc1,[BOS]CC(F)(F)c1ccc(Cn2c([C@@H]3CCCCO3)nnc2N2CCO[C@H](C(F)(F)F)C2)cc1[EOS],25280.88094305992,42
12.6,Cn1cccc(C(=O)N2CCCCC2c2cc(NC(=O)CCn3c([O-])c4ccccc4cc3=O)n[nH]2)c1=O,[BOS]Cn1cccc(C(=O)N2CCCC[C@H]2c2cc(NC(=O)CCn3c([O-])c4ccccc4cc3=O)n[nH]2)c1=O[EOS],30583.27539920807,42
13.9,O=C1COC2(COCC[NH+](Cc3cccc(-c4ccc(F)cc4F)c3)C2)CN1c1ccc(F)c(F)c1,[BOS]O=C1CO[C@@]2(COCC[NH+](Cc3cccc(-c4ccc(F)cc4F)c3)C2)CN1c1ccc(F)c(F)c1[EOS],35778.449268102646,42
14.7,O=C1CC(c2ccccc2-c2cccc(F)c2)CN1c1ccc(Nc2ncnc3cc4c(cc23)OCO4)nc1,[BOS]O=C1CC(c2ccccc2-c2cccc(F)c2)CN1c1ccc(Nc2ncnc3cc4c(cc23)OCO4)nc1[EOS],40880.11280250549,42
13.4,O=C(NCC1OCC2CCN(C(=O)C3(c4ccccc4)CC3)CC21)C1Cc2ccccc2C[NH2+]1,[BOS]O=C(NC[C@@H]1OC[C@@H]2CCN(C(=O)C3(c4ccccc4)CC3)C[C@@H]21)[C@@H]1Cc2ccccc2C[NH2+]1[EOS],46330.59965920448,42
12.4,Cc1ccc(CCN2CC3CC(c4ncnc(-c5cccc(C(F)(F)F)c5)n4)CC(C2)O3)cc1,[BOS]Cc1ccc(CCN2C[C@H]3C[C@@H](c4ncnc(-c5cccc(C(F)(F)F)c5)n4)C[C@H](C2)O3)cc1[EOS],51045.83340668678,42
12.8,N#Cc1ccc(CCC(=O)NC2CC3CCC(C2)N3C(=O)C2CC=C(c3ccccc3)C2)cc1,[BOS]N#Cc1ccc(CCC(=O)N[C@H]2C[C@H]3CC[C@@H](C2)N3C(=O)[C@H]2CC=C(c3ccccc3)C2)cc1[EOS],56513.75147843361,42
12.7,N#Cc1cccc(CCC(=O)NC2C3COCC2CN(C(=O)Cc2cccc4ccccc24)C3)c1,[BOS]N#Cc1cccc(CCC(=O)N[C@H]2[C@@H]3COC[C@H]2CN(C(=O)Cc2cccc4ccccc24)C3)c1[EOS],61133.939948797226,42
