rv,smi,cur_sentence,elapsed_time,seed
12.2,NC(=O)c1cccc(CNc2cc3c(cc2F)C2CC3N(c3cccc4cc(F)cnc34)C(=O)OC2(F)F)c1,[BOS]NC(=O)c1cccc(CNc2cc3c(cc2F)[C@H]2C[C@H]3N(c3cccc4cc(F)cnc34)C(=O)OC2(F)F)c1[EOS],5093.648231983185,42
12.1,O=C(Cn1ncn(-c2cccc(C[NH+]3CCN(c4cccc[nH+]4)CC3)c2)c1=O)c1ccc(F)c(C(F)(F)F)c1,[BOS]O=C(Cn1ncn(-c2cccc(C[NH+]3CCN(c4cccc[nH+]4)CC3)c2)c1=O)c1ccc(F)c(C(F)(F)F)c1[EOS][EOS][EOS],10613.919784784317,42
13.4,Fc1cc(F)c(F)c(-c2cc(-c3nc(-c4cn(-c5ccc(C6=NCCN6)nn5)nn4)no3)ccn2)c1F,[BOS]Fc1cc(F)c(F)c(-c2cc(-c3nc(-c4cn(-c5ccc(C6=NCCN6)nn5)nn4)no3)ccn2)c1F[EOS],14977.420092344284,42
12.9,O=C(Nc1cccc(-c2coc(-c3ccccc3)n2)c1)N1CC2C3C=CC(CC3)C2C1,[BOS]O=C(Nc1cccc(-c2coc(-c3ccccc3)n2)c1)N1C[C@H]2[C@H](C1)[C@H]1C=C[C@H]2CC1[EOS],19892.14226293564,42
11.7,NC(=[NH+]C(=O)c1ccc(C(=O)c2ccccc2)cc1)c1c[nH+]c2cc(Br)ccn12,[BOS]O=C(c1ccccc1)c1ccc(C(=O)[NH+]=C(N)c2c[nH+]c3cc(Br)ccn23)cc1[EOS],24255.16922235489,42
12.7,Cc1ccc(-n2nc(C(=O)Nc3cc(CCc4ccccc4C)[nH]n3)c3c2CCC3)c(F)c1,[BOS]Cc1ccc(-n2nc(C(=O)Nc3cc(CCc4ccccc4C)[nH]n3)c3c2CCC3)c(F)c1[EOS],28536.887773513794,42
11.3,Cc1cc(NC(=O)c2cc(=O)[nH]c3ccc(S(=O)(=O)Nc4ccc(F)cc4)cc23)c(C)c(C)c1O,[BOS]Cc1cc(NC(=O)c2cc(=O)[nH]c3ccc(S(=O)(=O)Nc4ccc(F)cc4)cc23)c(C)c(C)c1O[EOS],33869.597083330154,42
11.5,O=C(NCCc1ccc(Oc2ccc(F)cc2)cc1)Nc1cc2c(cn1)CCCC2,[BOS]O=C(NCCc1ccc(Oc2ccc(F)cc2)cc1)Nc1cc2c(cn1)CCCC2[EOS],39906.424584150314,42
13.1,CN(c1ccccc1)c1ccc2[nH]c(-c3cccc(C(=O)NCCc4ccc(C(F)(F)F)cc4)c3)cc2c1,[BOS]CN(c1ccccc1)c1ccc2[nH]c(-c3cccc(C(=O)NCCc4ccc(C(F)(F)F)cc4)c3)cc2c1[EOS],45724.554817676544,42
11.3,CC(=O)Nc1cc(-c2ccc(S(=O)(=O)Nc3cc(F)cc(F)c3)cn2)c2cc[nH]c2c1,[BOS]CC(=O)Nc1cc(-c2ccc(S(=O)(=O)Nc3cc(F)cc(F)c3)cn2)c2cc[nH]c2c1[EOS],50292.03528189659,42
11.6,O=C(NC1CCC(c2ccc(Cl)cc2)C1)c1nn(-c2ccc(Cl)cc2)c2c1CCCCC2,[BOS]O=C(N[C@H]1CC[C@H](c2ccc(Cl)cc2)C1)c1nn(-c2ccc(Cl)cc2)c2c1CCCCC2[EOS],55012.2362177372,42
11.8,CC(NC(=O)NCc1cccc(NC(=O)c2ccncc2)c1)c1ccc(F)c2ccccc12,[BOS]C[C@@H](NC(=O)NCc1cccc(NC(=O)c2ccncc2)c1)c1ccc(F)c2ccccc12[EOS],60926.21766757965,42
11.9,O=C(Nc1cc(C2CCCCN2C(=O)c2cc3n(n2)CCNC3=O)[nH]n1)c1nc2ccccn2n1,[BOS]O=C(Nc1cc([C@H]2CCCCN2C(=O)c2cc3n(n2)CCNC3=O)[nH]n1)c1nc2ccccn2n1[EOS],5329.602308988571,42
12.4,O=C(Nc1ccc2nc(C3CCCCC3)[nH]c2c1)c1c[nH]c2ncc(Br)cc2c1=O,[BOS]O=C(Nc1ccc2nc(C3CCCCC3)[nH]c2c1)c1c[nH]c2ncc(Br)cc2c1=O[EOS],9945.765397310257,42
11.8,CC1Oc2cc(C(=O)NCc3cc(-c4ccc5c(c4)OCO5)no3)ccc2NC1=O,[BOS]C[C@H]1Oc2cc(C(=O)NCc3cc(-c4ccc5c(c4)OCO5)no3)ccc2NC1=O[EOS],14614.605236530304,42
11.1,Cn1c(O)cc2ccc(C(=O)NCc3ccc(Cn4cnc5ccccc54)cc3)cc21,[BOS]Cn1c(O)cc2ccc(C(=O)NCc3ccc(Cn4cnc5ccccc54)cc3)cc21[EOS],18900.92093014717,42
11.1,Nc1nc(-c2cccs2)ccc1-c1noc(C2=NN(c3ccc(F)cc3)C(=O)CC2)n1,[BOS]Nc1nc(-c2cccs2)ccc1-c1noc(C2=NN(c3ccc(F)cc3)C(=O)CC2)n1[EOS],23484.43390107155,42
11.8,NC(=O)C(=O)Nc1cccc(NC(=O)c2cc(-c3ccc(C(F)(F)F)cc3)ccc2F)c1,[BOS]NC(=O)C(=O)Nc1cccc(NC(=O)c2cc(-c3ccc(C(F)(F)F)cc3)ccc2F)c1[EOS],28311.355323791504,42
11.9,O=C(CCc1noc(-c2ccccc2)n1)Nc1ccc(C2(NC(=O)c3ccc4[nH]ccc4c3)CCC2)cc1,[BOS]O=C(CCc1noc(-c2ccccc2)n1)Nc1ccc(C2(NC(=O)c3ccc4[nH]ccc4c3)CCC2)cc1[EOS],35169.22969675064,42
13.4,O=C(OCc1cc(=O)n2ccc(-c3ccccc3)cc2n1)C1CC(=O)N(c2cccc3ccccc23)C1,[BOS]O=C(OCc1cc(=O)n2ccc(-c3ccccc3)cc2n1)[C@H]1CC(=O)N(c2cccc3ccccc23)C1[EOS],41067.88591217995,42
10.9,CC(NC(=O)CCc1ccc2c(c1)CCCO2)C(=O)N1Cc2ccccc2C1,[BOS]C[C@H](NC(=O)CCc1ccc2c(c1)CCCO2)C(=O)N1Cc2ccccc2C1[EOS],46255.04400444031,42
11.8,Cc1cc(NC(=O)C(=O)NCC2C3Cc4ccccc4C23)cnc1-c1ccccc1,[BOS]Cc1cc(NC(=O)C(=O)NC[C@@H]2[C@@H]3Cc4ccccc4[C@H]23)cnc1-c1ccccc1[EOS],51602.793421030045,42
11.7,Cc1[nH]nc2ncc(NC(=O)c3ccc([N-]S(=O)(=O)c4ccc5ccccc5c4)cc3)cc12,[BOS]Cc1[nH]nc2ncc(NC(=O)c3ccc([N-]S(=O)(=O)c4ccc5ccccc5c4)cc3)cc12[EOS][EOS][EOS][EOS][EOS][EOS][EOS],55847.57483410835,42
13.4,Nc1cnc(-c2ccc3cc(Oc4ccc(NC(=O)c5cc6cc(Br)ccc6c(Br)c5O)cc4Cl)ccc3c2)cn1,[BOS]Nc1cnc(-c2ccc3cc(Oc4ccc(NC(=O)c5cc6cc(Br)ccc6c(Br)c5O)cc4Cl)ccc3c2)cn1[EOS],61643.11047363281,42
11.2,CC(OC(=O)c1cc(N2CCCC2=O)ccc1F)c1nnc(-c2ccc3ccccc3c2)o1,[BOS]C[C@H](OC(=O)c1cc(N2CCCC2=O)ccc1F)c1nnc(-c2ccc3ccccc3c2)o1[EOS],5593.3011729717255,42
14.1,O=C(Nc1cccc(C(=O)Nc2ccccn2)c1)c1cccc(NC(=O)c2ccc3ccccc3c2)c1,[BOS]O=C(Nc1cccc(C(=O)Nc2cccc(C(=O)Nc3ccccn3)c2)c1)c1ccc2ccccc2c1[EOS],11358.361612558365,42
12.8,c1ccc2cc(-c3noc(-c4cnc5c(OCC6CCOCC6)cccc5c4)n3)ccc2c1,[BOS]c1ccc2ccc(-c3noc(-c4cnc5c(OCC6CCOCC6)cccc5c4)n3)cc2c1[EOS],15511.949565410614,42
13.4,O=C(Nc1ccc(CNc2cc(=O)c3ccccc3o2)cc1)c1ccc(-c2ccc(F)cc2)c(-c2ccncn2)c1,[BOS]O=C(Nc1ccc(CNc2cc(=O)c3ccccc3o2)cc1)c1ccc(-c2ccc(F)cc2)c(-c2ccncn2)c1[EOS],21126.393203020096,42
12.0,CC1Cc2cc(C(=O)N3CCCC(CNC(=O)c4cc5ccccc5o4)C3)ccc2N1S(C)(=O)=O,[BOS]C[C@H]1Cc2cc(C(=O)N3CCC[C@H](CNC(=O)c4cc5ccccc5o4)C3)ccc2N1S(C)(=O)=O[EOS],26362.235490083694,42
12.8,CC(Oc1cccc(-c2noc(C3COc4ccccc4O3)n2)c1)C(=O)Nc1ccc(F)cc1C(F)(F)F,[BOS]C[C@H](Oc1cccc(-c2noc([C@@H]3COc4ccccc4O3)n2)c1)C(=O)Nc1ccc(F)cc1C(F)(F)F[EOS],32541.028413534164,42
15.1,O=C(Nc1cccc(CNC(=O)N2Cc3ccccc3C3(CCCc4ccccc43)C2)c1)c1ccc(=O)[nH]c1,[BOS]O=C(Nc1cccc(CNC(=O)N2Cc3ccccc3C3(CCCc4ccccc43)C2)c1)c1ccc(=O)[nH]c1[EOS],38408.41767191887,42
12.9,C[NH+]1CCC(OCc2ccc(-c3ccc4c(c3)OC(=C3C=c5cc(F)c(F)cc5=N3)N4)cc2)CC1,[BOS]C[NH+]1CCC(OCc2ccc(-c3ccc4c(c3)OC(=C3C=c5cc(F)c(F)cc5=N3)N4)cc2)CC1[EOS],43131.01153898239,42
12.0,Cc1cc2c(cc1C)OC(C(=O)Nc1nnc(-c3c(F)cccc3F)s1)C2,[BOS]Cc1cc2c(cc1C)O[C@@H](C(=O)Nc1nnc(-c3c(F)cccc3F)s1)C2[EOS],47076.67371845245,42
12.1,CC(Cc1nc(C2CCc3ccccc3C2)no1)N1C(=O)c2ccccc2C1=O,[BOS]C[C@H](Cc1nc([C@@H]2CCc3ccccc3C2)no1)N1C(=O)c2ccccc2C1=O[EOS],51663.11155080795,42
13.8,CC1(C)C(=C2Oc3cc(OCc4nc(-c5ccccc5)co4)ccc3C2=O)C(=O)c2c(Cl)cccc21,[BOS]CC1(C)C(=C2Oc3cc(OCc4nc(-c5ccccc5)co4)ccc3C2=O)C(=O)c2c(Cl)cccc21[EOS],56791.350840091705,42
11.7,CC(=O)NCC(=O)N1CCc2cc(C(=O)Nc3ccc(Oc4cccc(F)c4)c4ccccc34)ccc21,[BOS]CC(=O)NCC(=O)N1CCc2cc(C(=O)Nc3ccc(Oc4cccc(F)c4)c4ccccc34)ccc21[EOS],61606.9864051342,42
11.8,CC1(C)NC(=O)N(c2cccc(NC(=O)c3c[nH]c(-c4ccc5c(c4)OCO5)c3)c2)C1=O,[BOS]CC1(C)NC(=O)N(c2cccc(NC(=O)c3c[nH]c(-c4ccc5c(c4)OCO5)c3)c2)C1=O[EOS],4703.309998989105,42
12.1,NC(=O)c1ccc2cc(-c3ccc4nnc(-c5cccc(C(F)(F)F)c5)n4c3)ccc2c1,[BOS]NC(=O)c1ccc2cc(-c3ccc4nnc(-c5cccc(C(F)(F)F)c5)n4c3)ccc2c1[EOS],8791.134333372116,42
13.0,CC(C)(C)c1cc(COc2ccc(-c3nnc(-c4cnn(-c5cccc(F)c5)c4)[nH]3)cc2)c2ccccc2c1[O-],[BOS]CC(C)(C)c1cc(COc2ccc(-c3nnc(-c4cnn(-c5cccc(F)c5)c4)[nH]3)cc2)c2ccccc2c1[O-][EOS],14636.436195373535,42
11.8,CC(=O)c1cccc(CNC(=O)Nc2ccc(Oc3cccc4ccccc34)cc2)c1,[BOS]CC(=O)c1cccc(CNC(=O)Nc2ccc(Oc3cccc4ccccc34)cc2)c1[EOS],19533.391768455505,42
12.0,O=c1c(-c2nnc(Cc3ccccc3F)o2)c[nH]c2c(Br)ccc(-c3ccc(Br)cc3F)c12,[BOS]O=c1c(-c2nnc(Cc3ccccc3F)o2)c[nH]c2c(Br)ccc(-c3ccc(Br)cc3F)c12[EOS],23697.092284679413,42
11.6,Cc1cc(C(=O)Nc2nc3ccc(Cl)cc3[nH]2)c(C)n1-c1cccc(Cl)c1,[BOS]Cc1cc(C(=O)Nc2nc3ccc(Cl)cc3[nH]2)c(C)n1-c1cccc(Cl)c1[EOS],27633.443902254105,42
11.5,CC1CC(O)=NN=C1c1ccc(OC(C)c2cn(-c3cccc(C(F)(F)F)c3)nn2)cc1,[BOS]C[C@H](Oc1ccc(C2=NN=C(O)C[C@@H]2C)cc1)c1cn(-c2cccc(C(F)(F)F)c2)nn1[EOS],33024.54866528511,42
12.9,O=C(Nc1cc(C2CCCCN2C(=O)c2ccc3[nH]ccc3n2)[nH]n1)c1c[nH]c2ncc(C(F)(F)F)cc12,[BOS]O=C(Nc1cc([C@H]2CCCCN2C(=O)c2ccc3[nH]ccc3n2)[nH]n1)c1c[nH]c2ncc(C(F)(F)F)cc12[EOS],38495.43943476677,42
12.4,Cc1ccc2[nH+]c(COc3cccc(-c4nc(CC5CNc6ccccc65)no4)c3)cn2c1,[BOS]Cc1ccc2[nH+]c(COc3cccc(-c4nc(C[C@@H]5CNc6ccccc65)no4)c3)cn2c1[EOS],44143.66332364082,42
12.8,Cc1noc2nc(-c3ccc(F)c(F)c3)cc(C(=O)Nc3ccc(-c4n[nH]c(C5CC5)n4)cc3)c12,[BOS]Cc1noc2nc(-c3ccc(F)c(F)c3)cc(C(=O)Nc3ccc(-c4n[nH]c(C5CC5)n4)cc3)c12[EOS],49077.34838294983,42
13.2,Cc1ccc(C(=O)Nc2cccc(CNC(=O)NC3CCN(c4ccccc4F)C3=O)c2)cc1,[BOS]Cc1ccc(C(=O)Nc2cccc(CNC(=O)N[C@@H]3CCN(c4ccccc4F)C3=O)c2)cc1[EOS],54776.17831659317,42
12.6,O=C(Nc1ccc(Oc2ccc(C(F)(F)F)cc2)c(F)c1)N1CCn2c(cc3ccccc32)C1,[BOS]O=C(Nc1ccc(Oc2ccc(C(F)(F)F)cc2)c(F)c1)N1CCn2c(cc3ccccc32)C1[EOS],59965.59498500824,42
13.4,O=C(CCCc1ccc2c(c1)-c1ccccc1C2)Nc1ccc(-n2cnc3ccccc32)nc1,[BOS]O=C(CCCc1ccc2c(c1)-c1ccccc1C2)Nc1ccc(-n2cnc3ccccc32)nc1[EOS],5855.607506752014,42
11.2,Cc1cc2[nH]ncc2cc1-c1ccc(S(=O)(=O)Nc2ccc(F)cc2F)cn1,[BOS]Cc1cc2[nH]ncc2cc1-c1ccc(S(=O)(=O)Nc2ccc(F)cc2F)cn1[EOS],9733.894239902496,42
12.5,O=C(Nc1ccc(C2(NC(=O)C3CNc4ccccc43)CCC2)cc1)c1[nH]nc2c(Cl)cccc12,[BOS]O=C(Nc1ccc(C2(NC(=O)[C@H]3CNc4ccccc43)CCC2)cc1)c1[nH]nc2c(Cl)cccc12[EOS],15591.667285203934,42
12.1,O=C1CCC(C(=O)NC2(c3ccc(NC(=O)c4[nH]nc5c4CCc4ncccc4-5)cc3)CCC2)CCN1,[BOS]O=C1CC[C@H](C(=O)NC2(c3ccc(NC(=O)c4[nH]nc5c4CCc4ncccc4-5)cc3)CCC2)CCN1[EOS],21617.28109049797,42
10.5,Cc1nn(-c2ccccc2F)cc1C[NH2+]Cc1oc2ccc(F)cc2c1C,[BOS]Cc1c(C[NH2+]Cc2cn(-c3ccccc3F)nc2C)oc2ccc(F)cc12[EOS],26606.76260995865,42
12.7,O=Cc1cn(-c2cnn(CCN=C(O)c3cccc(OCc4cccc5ccccc45)c3)c2)c2ccc(F)cc2c1=O,[BOS]O=Cc1cn(-c2cnn(CCN=C(O)c3cccc(OCc4cccc5ccccc45)c3)c2)c2ccc(F)cc2c1=O[EOS],33771.083448410034,42
12.1,Cc1ccc(OCc2cccc(-c3nc(-c4cccc(N5CCNC5=O)c4)no3)c2)c(C)c1,[BOS]Cc1ccc(OCc2cccc(-c3nc(-c4cccc(N5CCNC5=O)c4)no3)c2)c(C)c1[EOS],39212.343099594116,42
11.6,Cn1cnc(-c2cccc(OC(=O)CCc3c(-c4ccc(F)cc4)[nH]c4ccc(F)cc34)c2)n1,[BOS]Cn1cnc(-c2cccc(OC(=O)CCc3c(-c4ccc(F)cc4)[nH]c4ccc(F)cc34)c2)n1[EOS],45281.02700591087,42
13.1,Cc1nc(-c2cccc(NC(=O)c3cc(=O)c4ccc(F)cc4o3)c2)nc(O)c1Cc1cccc2ccccc12,[BOS]Cc1nc(-c2cccc(NC(=O)c3cc(=O)c4ccc(F)cc4o3)c2)nc(O)c1Cc1cccc2ccccc12[EOS],49788.5617890358,42
12.9,NC(=O)C1C2C=CC(C2)C1Nc1ccc(-c2nc(-c3ccc4cc(Br)ccc4c3)no2)cn1,[BOS]NC(=O)[C@@H]1[C@@H](Nc2ccc(-c3nc(-c4ccc5cc(Br)ccc5c4)no3)cn2)[C@H]2C=C[C@H]1C2[EOS],54550.98768568039,42
12.7,CC(C(=O)Nc1ccc(N2CCCCC2)nc1)c1ccc2c(c1)CN(C(=O)Nc1ccc(Cl)cc1)CCO2,[BOS]C[C@H](C(=O)Nc1ccc(N2CCCCC2)nc1)c1ccc2c(c1)CN(C(=O)Nc1ccc(Cl)cc1)CCO2[EOS],59560.12666273117,42
13.6,O=C1OC(c2nc(-c3ccc(S(=O)(=O)Nc4cccc(C(F)(F)F)c4)cc3)no2)Cc2cccc(F)c21,[BOS]O=C1O[C@@H](c2nc(-c3ccc(S(=O)(=O)Nc4cccc(C(F)(F)F)c4)cc3)no2)Cc2cccc(F)c21[EOS],64451.08216524124,42
14.7,CN1C(=O)c2cc(Nc3ccc4[nH]c(=Nc5ccc6oc7ccccc7c6c5)oc4c3)cc(-c3cccc(Cl)c3)c2C1=O,[BOS]CN1C(=O)c2cc(Nc3ccc4[nH]c(=Nc5ccc6oc7ccccc7c6c5)oc4c3)cc(-c3cccc(Cl)c3)c2C1=O[EOS],5059.239474058151,42
12.7,O=C(COc1ccc2c(c1)CCCC2)Nc1cccc(NC(=O)c2cccc(C(F)(F)F)c2)c1,[BOS]O=C(COc1ccc2c(c1)CCCC2)Nc1cccc(NC(=O)c2cccc(C(F)(F)F)c2)c1[EOS],10619.973838567734,42
12.1,O=C(CCc1nnc(-c2ccc(Cl)cc2)o1)Nc1ccc(-n2ncc3c(=O)[nH]cnc32)cc1,[BOS]O=C(CCc1nnc(-c2ccc(Cl)cc2)o1)Nc1ccc(-n2ncc3c(=O)[nH]cnc32)cc1[EOS],16551.798093795776,42
11.4,COc1ccc2onc(Cc3nnc(-c4ccc(-c5ccccc5)cc4)o3)c2c1,[BOS]COc1ccc2onc(Cc3nnc(-c4ccc(-c5ccccc5)cc4)o3)c2c1[EOS],21099.18527650833,42
14.5,NC(=O)c1ccc(NC(=O)CCC(=O)c2ccc3ccc4cccc5ccc2c3c45)cc1-c1nc(=O)c2ccccc2o1,[BOS]NC(=O)c1ccc(NC(=O)CCC(=O)c2ccc3ccc4cccc5ccc2c3c45)cc1-c1nc(=O)c2ccccc2o1[EOS],26670.041582345963,42
11.7,N#Cc1ccc(-n2ccc(NC(=O)c3cc(OCc4ccccc4)ccc3O)n2)c(F)c1,[BOS]N#Cc1ccc(-n2ccc(NC(=O)c3cc(OCc4ccccc4)ccc3O)n2)c(F)c1[EOS],31081.10135245323,42
11.3,CC(c1ccc(CC(=O)NC2(c3ccc(NC(=O)c4ccccc4F)cc3)CCC2)cc1)C(F)(F)F,[BOS]C[C@H](c1ccc(CC(=O)NC2(c3ccc(NC(=O)c4ccccc4F)cc3)CCC2)cc1)C(F)(F)F[EOS],37192.627180576324,42
13.1,c1ccc(Cn2cc(NCc3cc4ccc(-c5csc(Nc6cccnn6)n5)cc4o3)c3ccccc32)cc1,[BOS]c1ccc(Cn2cc(NCc3cc4ccc(-c5csc(Nc6cccnn6)n5)cc4o3)c3ccccc32)cc1[EOS],42411.79374408722,42
11.9,Cc1ccc2nc(C(=O)Nc3cccc(-c4nnc(C)o4)c3)ccc2c1,[BOS]Cc1ccc2nc(C(=O)Nc3cccc(-c4nnc(C)o4)c3)ccc2c1[EOS],46725.343059539795,42
14.2,CC1=CCC2C(=O)N(c3cccc(C(=O)Nc4cc(-c5nc6ccc(C)cc6o5)ccc4C)c3)C(=O)C2C1,[BOS]CC1=CC[C@@H]2C(=O)N(c3cccc(C(=O)Nc4cc(-c5nc6ccc(C)cc6o5)ccc4C)c3)C(=O)[C@H]2C1[EOS],52535.73895716667,42
12.8,O=C(Nc1cccc(-c2ccn[nH]2)c1)c1ccc(C(=O)Nc2cccc3[nH][nH]c(=O)c23)cc1,[BOS]O=C(Nc1cccc(-c2ccn[nH]2)c1)c1ccc(C(=O)Nc2cccc3[nH][nH]c(=O)c23)cc1[EOS],57962.69489097595,42
13.6,NC(=O)c1cc2cc(-c3cncc(C(=O)OCc4nc(N)nc(Nc5cccc(C(F)(F)F)c5)n4)c3)ccc2[nH]1,[BOS]Nc1nc(COC(=O)c2cncc(-c3ccc4[nH]c(C(N)=O)cc4c3)c2)nc(Nc2cccc(C(F)(F)F)c2)n1[EOS],63956.14568758011,42
13.2,O=C(c1ccc(-c2ccc(S(=O)(=O)NNc3ccc(Cl)cn3)cc2)c(F)c1)N1CCCC(F)(F)CC1,[BOS]O=C(c1ccc(-c2ccc(S(=O)(=O)NNc3ccc(Cl)cn3)cc2)c(F)c1)N1CCCC(F)(F)CC1[EOS],5660.067510604858,42
12.3,O=c1[nH]nc(-c2ccncc2)cc1CCc1ccc(CNCC2CCN(c3ncc(Cl)cn3)C2)c(F)c1F,[BOS]O=c1[nH]nc(-c2ccncc2)cc1CCc1ccc(CNCC2CCN(c3ncc(Cl)cn3)C2)c(F)c1F[EOS],12040.719166517258,42
11.8,Cc1c(C(=O)NCC2OCC3CCN(C(=O)C4CC4c4ccc(F)cc4)CC32)ccc2c1OCCO2,[BOS]Cc1c(C(=O)NC[C@@H]2OC[C@@H]3CCN(C(=O)[C@H]4C[C@H]4c4ccc(F)cc4)C[C@@H]32)ccc2c1OCCO2[EOS],18079.115193128586,42
13.8,OC(=NN=C(O)c1cc2c(ccc3ccccc32)o1)c1cncc(-c2ccc3c(c2)CCO3)c1,[BOS]OC(=NN=C(O)c1cncc(-c2ccc3c(c2)CCO3)c1)c1cc2c(ccc3ccccc32)o1[EOS],23698.873242616653,42
12.5,O=C(NCc1cccc(N2C(=O)NC3(CCCC3)C2=O)c1)NCc1cc(-c2ccc(F)cc2F)on1,[BOS]O=C(NCc1cccc(N2C(=O)NC3(CCCC3)C2=O)c1)NCc1cc(-c2ccc(F)cc2F)on1[EOS],29509.912885904312,42
11.1,O=[N+]([O-])c1cccc(-c2noc(C3CC(c4cc(F)ccc4F)=NO3)n2)c1,[BOS]O=[N+]([O-])c1cccc(-c2noc([C@H]3CC(c4cc(F)ccc4F)=NO3)n2)c1[EOS],33746.247738838196,42
11.8,Cc1ccc(-c2noc(C(C)OC(=O)c3ccn(-c4cccc(C(F)(F)F)c4)n3)n2)cc1F,[BOS]Cc1ccc(-c2noc([C@H](C)OC(=O)c3ccn(-c4cccc(C(F)(F)F)c4)n3)n2)cc1F[EOS],39166.4476954937,42
12.7,N#Cc1cccc(-c2noc(-c3ccc4c(c3)nc(O)c3ccc(-c5ccccc5)cc34)n2)c1F,[BOS]N#Cc1cccc(-c2noc(-c3ccc4c(c3)N=C(O)c3ccc(-c5ccccc5)cc3-4)n2)c1F[EOS],43276.460376262665,42
11.6,Cc1ccc(-n2cc(NC(=O)c3ccc(NS(=O)(=O)c4cc(C)ccc4C)cc3)cn2)c(C)c1,[BOS]Cc1ccc(-n2cc(NC(=O)c3ccc(NS(=O)(=O)c4cc(C)ccc4C)cc3)cn2)c(C)c1[EOS],48082.99132800102,42
12.3,Fc1cc2c(cc1F)C(F)(F)CC2c1nc(-c2nc(-c3ccccc3)n[nH]2)no1,[BOS]Fc1cc2c(cc1F)[C@H](c1nc(-c3nc(-c4ccccc4)n[nH]3)no1)CC2(F)F[EOS],52650.101148843765,42
13.2,Cc1cc2nc(C(=O)Nc3cc(C4CCCCN4C(=O)c4cccc5c4cnn5C)[nH]n3)[nH]c2cc1C,[BOS]Cc1cc2nc(C(=O)Nc3cc([C@H]4CCCCN4C(=O)c4cccc5c4cnn5C)[nH]n3)[nH]c2cc1C[EOS],58051.54560828209,42
11.6,Cn1cc(-c2noc(Cc3cccc(N4CCCC4=O)c3)n2)c(=O)c2cc3ccccc3cc21,[BOS]Cn1cc(-c2noc(Cc3cccc(N4CCCC4=O)c3)n2)c(=O)c2cc3ccccc3cc21[EOS],62087.80061554909,42
13.0,Cc1cccc2[nH]c(-c3cc(C)n(-c4noc(C5(C)COc6cc7ncccc7cc6O5)n4)c3C)nc12,[BOS]Cc1cc(-c2nc3c(C)cccc3[nH]2)c(C)n1-c1noc([C@@]2(C)COc3cc4ncccc4cc3O2)n1[EOS],4317.105126142502,42
11.5,O=C(Nc1ccc(C2(NC(=O)c3cncc(F)c3)CCC2)cc1)c1ccc(-c2ccc(F)cc2F)cc1,[BOS]O=C(NC1(c2ccc(NC(=O)c3ccc(-c4ccc(F)cc4F)cc3)cc2)CCC1)c1cncc(F)c1[EOS][EOS][EOS][EOS][EOS][EOS][EOS],9891.967007637024,42
12.4,COC1Cc2ccc(NC(=O)Nc3ccc4c(c3)CN(c3ccc(C(C)C)cc3)C4)cc2C1,[BOS]CO[C@H]1Cc2ccc(NC(=O)Nc3ccc4c(c3)CN(c3ccc(C(C)C)cc3)C4)cc2C1[EOS],14198.466306447983,42
11.7,CC(=O)N1CCCc2cc(NC(=O)C3=NN(c4cccc(C)c4)C(=O)CC3)ccc21,[BOS]CC(=O)N1CCCc2cc(NC(=O)C3=NN(c4cccc(C)c4)C(=O)CC3)ccc21[EOS],18623.0520298481,42
12.8,Cc1cc(NC(=O)c2nc(-c3ccccc3)oc2C)ccc1-c1ccc(Br)cc1OCc1ccc(F)cc1F,[BOS]Cc1cc(NC(=O)c2nc(-c3ccccc3)oc2C)ccc1-c1ccc(Br)cc1OCc1ccc(F)cc1F[EOS],23330.550074100494,42
12.4,CC(=O)Nc1ccc(C)c(NC(=O)Nc2ccc3c(c2)OCC(C)(C)C(=O)N3Cc2ccc(C)cc2)c1,[BOS]CC(=O)Nc1ccc(C)c(NC(=O)Nc2ccc3c(c2)OCC(C)(C)C(=O)N3Cc2ccc(C)cc2)c1[EOS],27916.449444055557,42
12.9,[H]N=c1oc2ccccc2cc1-c1nc(-c2cc3ccccc3c3ccccc23)no1,[BOS][H]/N=c1/oc2ccccc2cc1c1nc(-c2cc3ccccc3c3ccccc23)no1[EOS],31848.82839536667,42
12.4,CC(NC(=O)Nc1ccc2c(c1)NC(=O)C2)c1ccc(NC(=O)c2ccc(F)cc2)cc1,[BOS]C[C@H](NC(=O)Nc1ccc2c(c1)NC(=O)C2)c1ccc(NC(=O)c2ccc(F)cc2)cc1[EOS],36740.4457859993,42
12.2,COc1ccccc1-c1nc(NC(=O)c2ccc(C)c(NC(=O)c3ccc(Br)cc3)c2)n[nH]1,[BOS]COc1ccccc1-c1nc(NC(=O)c2ccc(C)c(NC(=O)c3ccc(Br)cc3)c2)n[nH]1[EOS],41275.24925684929,42
13.7,Cc1cc2nc(C(=O)Nc3cc(C4CCCCN4C(=O)c4[nH]nc5c(F)cccc45)[nH]n3)[nH]c2cc1C,[BOS]Cc1cc2nc(C(=O)Nc3cc([C@@H]4CCCCN4C(=O)c4[nH]nc5c(F)cccc45)[nH]n3)[nH]c2cc1C[EOS],46761.02498102188,42
12.9,Cc1ccc(-c2noc(C(C)Sc3ncc4c(n3)-c3ccccc3CC4)n2)cc1N=C(O)c1ccc2c(c1)CCCC2=O,[BOS]Cc1ccc(-c2noc([C@@H](C)Sc3nc4c(cn3)CCc3ccccc3-4)n2)cc1N=C(O)c1ccc2c(c1)CCCC2=O[EOS],52278.7832570076,42
12.5,Fc1cc(Oc2ccccc2)ccc1-c1noc(-c2cc3cccc(F)c3nn2)n1,[BOS]Fc1cccc2cc(-c3nc(-c4ccc(Oc5ccccc5)cc4F)no3)nnc12[EOS],56149.27337908745,42
13.3,Cc1ccc(-c2noc(Cn3nc(-c4cccc5ccccc45)oc3=O)n2)nc1N=C(O)c1ccccc1F,[BOS]Cc1ccc(-c2noc(Cn3nc(-c4cccc5ccccc45)oc3=O)n2)nc1N=C(O)c1ccccc1F[EOS],5627.627311229706,42
11.4,Fc1cc(I)cc(-c2nnc(-c3ccc4ccccc4c3)o2)c1C(F)(F)F,[BOS]Fc1cc(I)cc(-c2nnc(-c3ccc4ccccc4c3)o2)c1C(F)(F)F[EOS],9974.68020939827,42
11.8,O=C(Nc1ncc(Cl)cn1)c1ccc2c(c1)C1CN(C(=O)OCc3ccccc3)CC1NC2=O,[BOS]O=C(Nc1ncc(Cl)cn1)c1ccc2c(c1)[C@@H]1CN(C(=O)OCc3ccccc3)C[C@H]1NC2=O[EOS],14065.141110897064,42
14.1,NC(=[NH+]c1nccc(-n2cc(-c3ccc4ccccc4c3)cn2)n1)c1ccc2ccccc2c1,[BOS]NC(=[NH+]c1nccc(-n2cc(-c3ccc4ccccc4c3)cn2)n1)c1ccc2ccccc2c1[EOS],18850.85304927826,42
13.2,O=C(Nc1ccc(C2(NC(=O)c3cccc4ccccc34)CCC2)cc1)c1nnc(-c2ccccc2)o1,[BOS]O=C(NC1(c2ccc(NC(=O)c3nnc(-c4ccccc4)o3)cc2)CCC1)c1cccc2ccccc12[EOS],24869.562497377396,42
11.4,Cc1ccc(N2CCC(NC(=O)CCc3nc(-c4ccc(Cl)cc4)no3)C2=O)cc1C,[BOS]Cc1ccc(N2CC[C@H](NC(=O)CCc3nc(-c4ccc(Cl)cc4)no3)C2=O)cc1C[EOS],30209.499792814255,42
12.9,NC(=O)c1ccc(-c2cccc(C(=O)NCc3ccc(OC4CCN(c5ccccn5)CC4)c(F)c3)c2)cc1,[BOS]NC(=O)c1ccc(-c2cccc(C(=O)NCc3ccc(OC4CCN(c5ccccn5)CC4)c(F)c3)c2)cc1[EOS],36029.65042448044,42
12.7,O=C(NCC1CCCC(F)(F)C1)c1ccc2c(c1)CC(c1ccccc1)OC2=O,[BOS]O=C(NC[C@H]1CCCC(F)(F)C1)c1ccc2c(c1)C[C@H](c1ccccc1)OC2=O[EOS],41387.77664756775,42
12.6,Cn1c(=O)[nH]c2ncc(-c3ccc(Nc4ccc(NC(=O)c5ccccc5)cc4)cc3)cc2c1=O,[BOS]Cn1c(=O)[nH]c2ncc(-c3ccc(Nc4ccc(NC(=O)c5ccccc5)cc4)cc3)cc2c1=O[EOS],45750.80280518532,42
13.5,O=C(Cn1ncc2c(cnn2-c2ccc3ccccc3c2)c1=O)Nc1cccc(C(=O)c2ccc(Br)cc2)c1,[BOS]O=C(Cn1ncc2c(cnn2-c2ccc3ccccc3c2)c1=O)Nc1cccc(C(=O)c2ccc(Br)cc2)c1[EOS],51684.094827890396,42
12.0,Cc1ccc(NC(=O)c2cnnc(-c3ccccc3)c2)cc1C(=O)c1ccccc1,[BOS]Cc1ccc(NC(=O)c2cnnc(-c3ccccc3)c2)cc1C(=O)c1ccccc1[EOS],56200.5255382061,42
12.6,O=C(c1ccc2c(c1)oc1ccccc12)N1CC[NH2+]Cc2sc(-c3cc(F)ccc3F)cc21,[BOS]O=C(c1ccc2c(c1)oc1ccccc12)N1CC[NH2+]Cc2sc(-c3cc(F)ccc3F)cc21[EOS],60755.94626426697,42
10.3,Cc1cc(C(=O)OC2CCCN(c3ccc(OC(F)F)cc3)C2=O)nc2[nH]c(=O)[nH]c(=O)c12,[BOS]Cc1cc(C(=O)O[C@@H]2CCCN(c3ccc(OC(F)F)cc3)C2=O)nc2[nH]c(=O)[nH]c(=O)c12[EOS][EOS][EOS][EOS],4798.543630599976,42
12.0,Cc1ccn2ncc(-c3noc(-c4ccc(-c5noc(-c6ccc(F)cc6)n5)cc4)n3)c2c1,[BOS]Cc1ccn2ncc(-c3noc(-c4ccc(-c5noc(-c6ccc(F)cc6)n5)cc4)n3)c2c1[EOS],9146.47294974327,42
13.7,O=C(Nc1cccc(Cn2nc3ccccn3c2=O)c1)C(=O)Nc1cnn(-c2cnc3ccccc3n2)c1,[BOS]O=C(Nc1cnn(-c2cnc3ccccc3n2)c1)C(=O)Nc1cccc(Cn2nc3ccccn3c2=O)c1[EOS],14126.182006120682,42
12.3,O=C(NCc1ccccc1)Nc1cccc(-c2ccc3cc(NC(=O)C4CCC[NH2+]4)ccc3n2)c1,[BOS]O=C(NCc1ccccc1)Nc1cccc(-c2ccc3cc(NC(=O)[C@@H]4CCC[NH2+]4)ccc3n2)c1[EOS],19486.008685350418,42
14.0,c1ccc(-c2cccc(-c3nc(-c4ccc5ccccc5c4)cc(-c4ccc5occc5c4)n3)c2)cc1,[BOS]c1ccc(-c2cccc(-c3nc(-c4ccc5occc5c4)cc(-c4ccc5ccccc5c4)n3)c2)cc1[EOS],23759.818428754807,42
16.3,O=C1c2ccccc2C(=O)c2c1ccc1cc(-c3ccc(-c4ccc(-c5cc6ccccc6[nH]c5=O)cc4)s3)ccc21,[BOS]O=C1c2ccccc2C(=O)c2c1ccc1cc(-c3ccc(-c4ccc(-c5cc6ccccc6[nH]c5=O)cc4)s3)ccc21[EOS],27878.017350912094,42
11.4,Cc1ccccc1-c1nc(C(=O)Nc2ccc(N3CC[NH+](C)CC3)c3ccncc23)cs1,[BOS]Cc1ccccc1-c1nc(C(=O)Nc2ccc(N3CC[NH+](C)CC3)c3ccncc23)cs1[EOS],32421.689353227615,42
12.5,c1ccc2c(c1)OCC2Cc1nnc(-c2nc(-c3cnn(-c4cccc5ccccc45)c3)c3ccccc3n2)o1,[BOS]c1ccc2c(c1)OC[C@H]2Cc1nnc(-c2nc(-c3cnn(-c4cccc5ccccc45)c3)c3ccccc3n2)o1[EOS],37230.88156056404,42
11.6,NC(=O)Nc1cc(NC(=O)c2cc3c([nH]c2=O)CC(F)(F)CC3=O)ccc1F,[BOS]NC(=O)Nc1cc(NC(=O)c2cc3c([nH]c2=O)CC(F)(F)CC3=O)ccc1F[EOS],41245.17363357544,42
12.5,Cc1ccc(Cc2ccc(NC(=O)CNc3ccc(S(=N)(=O)N4CCc5c([N+](=O)[O-])ccc(F)c54)cc3)nn2)cc1Cl,[BOS]Cc1ccc(Cc2nnc(NC(=O)CNc3ccc(S(=N)(=O)N4CCc5c([N+](=O)[O-])ccc(F)c54)cc3)cc2)cc1Cl[EOS],47329.92678809166,42
12.0,CC1(c2cc(NC(=O)C(=O)Nc3cccc(NC(=O)c4ccccc4)c3)no2)CCCC1,[BOS]CC1(c2cc(NC(=O)C(=O)Nc3cccc(NC(=O)c4ccccc4)c3)no2)CCCC1[EOS],52200.097890138626,42
12.5,Cc1cnoc1C(=O)Nc1ccc(C2(NC(=O)Cc3ccc4ccccc4c3)CCC2)cc1,[BOS]Cc1cnoc1C(=O)Nc1ccc(C2(NC(=O)Cc3ccc4ccccc4c3)CCC2)cc1[EOS],58087.14408302307,42
11.9,Cc1cc2sc(NC(=O)c3cc(C)n(-c4ccc(OC(F)(F)F)cc4)n3)nc2cc1F,[BOS]Cc1cc2sc(NC(=O)c3cc(C)n(-c4ccc(OC(F)(F)F)cc4)n3)nc2cc1F[EOS],4071.5684435367584,42
14.5,O=C(CSc1ccc2c3c(cccc13)C(=O)c1cc3ccccc3cc1-2)NC1CCCCCCCCCCCc2ccccc2C1,[BOS]O=C(CSc1ccc2c3c(cccc13)C(=O)c1cc3ccccc3cc1-2)NC1CCCCCCCCCCCc2ccccc2C1[EOS],9951.168232917786,42
12.4,COc1ccc(C(=O)Nc2cc(C3CCCCN3C(=O)c3cc(-c4cc(F)cc(F)c4)n[nH]3)[nH]n2)cc1F,[BOS]COc1ccc(C(=O)Nc2cc([C@@H]3CCCCN3C(=O)c3cc(-c4cc(F)cc(F)c4)n[nH]3)[nH]n2)cc1F[EOS],15264.663677930832,42
11.5,CN1CC(CNC(=O)NC2CCN(c3ccc(C(F)(F)F)cc3)C2=O)Cc2ccccc21,[BOS]CN1C[C@H](CNC(=O)N[C@@H]2CCN(c3ccc(C(F)(F)F)cc3)C2=O)Cc2ccccc21[EOS],20048.955048322678,42
13.1,Cc1ccc(C)c(NC(=O)c2ccc(C)c(NC(=O)c3ccc4c(c3)CCCN4C(=O)C3C=C(O)CC3)c2)c1,[BOS]Cc1ccc(C)c(NC(=O)c2ccc(C)c(NC(=O)c3ccc4c(c3)CCCN4C(=O)C3CCC(O)=C3)c2)c1[EOS],24914.335644245148,42
11.9,Cc1cc(-c2noc(-c3ccnc(-c4ccc(F)cc4F)c3)n2)c(F)cc1F,[BOS]Cc1cc(-c2noc(-c3ccnc(-c4ccc(F)cc4F)c3)n2)c(F)cc1F[EOS],29381.034977674484,42
12.2,Cc1c(-c2nc(Cc3nc4cc(Br)ccc4c(=O)[nH]3)no2)oc2ccc(F)cc12,[BOS]Cc1c(-c2nc(Cc3nc4cc(Br)ccc4c(=O)[nH]3)no2)oc2ccc(F)cc12[EOS],34041.84732890129,42
11.5,CNC(=O)Nc1cccc(NC(=O)c2cc(-c3ccccc3)nc3onc(C)c23)c1,[BOS]CNC(=O)Nc1cccc(NC(=O)c2cc(-c3ccccc3)nc3onc(C)c23)c1[EOS],38866.78885316849,42
14.3,Cc1ncc(-c2ccccc2)cc1Nc1cnc(C=Nc2ccc3ccc(-c4cccc5ccccc45)cc3n2)[nH]c1=O,[BOS]Cc1ncc(-c2ccccc2)cc1Nc1cnc(C=Nc2ccc3ccc(-c4cccc5ccccc45)cc3n2)[nH]c1=O[EOS],44519.90505647659,42
11.8,NC(=[NH+]C1CCc2cc(F)ccc2C1)c1cnc2ccc(Cl)cc2c1,[BOS]NC(=[NH+][C@H]1CCc2cc(F)ccc2C1)c1cnc2ccc(Cl)cc2c1[EOS],48483.00322365761,42
12.5,O=C(c1ccc(CNc2ncnc3cc(-c4ccc(Cl)cc4)sc23)c(F)c1)N1CCC(F)(F)CC1,[BOS]O=C(c1ccc(CNc2ncnc3cc(-c4ccc(Cl)cc4)sc23)c(F)c1)N1CCC(F)(F)CC1[EOS],54249.703632354736,42
12.1,O=C(NC1CC2CCC1N2C(=O)C1OCC2CCCC21)c1cc2cc(Cl)ccc2[nH]1,[BOS]O=C(N[C@H]1C[C@H]2CC[C@@H]1N2C(=O)[C@@H]1OC[C@@H]2CCC[C@@H]21)c1cc2cc(Cl)ccc2[nH]1[EOS],58554.76839733124,42
11.1,CC(OC(=O)c1nn(Cc2ccccc2)c(=O)c2ccccc12)C(=O)Nc1cc(Cl)ccc1F,[BOS]C[C@@H](OC(=O)c1nn(Cc2ccccc2)c(=O)c2ccccc12)C(=O)Nc1cc(Cl)ccc1F[EOS],5960.234717130661,42
12.1,FC(F)(F)c1cncc(-c2noc(-c3ccc4nc(Br)c5ccccc5c4c3)n2)c1,[BOS]FC(F)(F)c1cncc(-c2noc(-c3ccc4nc(Br)c5ccccc5c4c3)n2)c1[EOS],9826.9572763443,42
11.7,Brc1cnn2c1CCC(c1nc(-c3ccc(Oc4ccc5[nH]ncc5c4)cc3)no1)C2,[BOS]Brc1cnn2c1CC[C@H](c1nc(-c3ccc(Oc4ccc5[nH]ncc5c4)cc3)no1)C2[EOS],13854.517184734344,42
11.4,Fc1ccc(-n2ccc(C[NH+]3CC(c4nc(-c5ccccc5)no4)C3)n2)cc1F,[BOS]Fc1ccc(-n2ccc(C[NH+]3CC(c4nc(-c5ccccc5)no4)C3)n2)cc1F[EOS],18838.03355550766,42
10.5,CCC(C)Oc1cc(C(=O)Nc2cccc(NC(=O)C[NH+]3CCCCCC3)c2)ccn1,[BOS]CC[C@H](C)Oc1cc(C(=O)Nc2cccc(NC(=O)C[NH+]3CCCCCC3)c2)ccn1[EOS],23860.913239002228,42
13.7,Clc1cc(-c2noc(-c3cc(Oc4ccc5ccccc5c4)ccn3)n2)cc2c1oc1ccccc12,[BOS]Clc1cc(-c2noc(-c3cc(Oc4ccc5ccccc5c4)ccn3)n2)cc2c1oc1ccccc12[EOS],29389.57411837578,42
12.6,Cc1ccc(-c2noc(CCC(=O)N3CCN(c4cc(C)c5c(n4)CCCC5)CC3)n2)cc1F,[BOS]Cc1cc(N2CCN(C(=O)CCc3nc(-c4ccc(C)c(F)c4)no3)CC2)nc2c1CCCC2[EOS],34997.16007781029,42
12.5,CC(OC(=O)c1noc(-c2cccc(F)c2)n1)C(=O)c1ccc2c(c1)CCN2C(=O)c1ccccc1F,[BOS]C[C@H](OC(=O)c1noc(-c2cccc(F)c2)n1)C(=O)c1ccc2c(c1)CCN2C(=O)c1ccccc1F[EOS],40842.77082014084,42
12.6,Cc1ccc(NC(=O)C(=O)NC(C)c2ccc(-c3ccccc3)cc2)cc1[NH+]=C([O-])c1cc2n(n1)CCCC2,[BOS]Cc1ccc(NC(=O)C(=O)N[C@H](C)c2ccc(-c3ccccc3)cc2)cc1[NH+]=C([O-])c1cc2n(n1)CCCC2[EOS],46539.358493328094,42
12.3,Cc1ccnc2ccc(C(=O)Nc3ccc(CC(=O)Nc4ccccc4F)cc3)cc12,[BOS]Cc1ccnc2ccc(C(=O)Nc3ccc(CC(=O)Nc4ccccc4F)cc3)cc12[EOS],50988.501712560654,42
12.1,CC(C)c1ccc(-n2cc(O)c(C(=O)Nc3nc(-c4cccc([N+](=O)[O-])c4)n[nH]3)n2)cc1,[BOS]CC(C)c1ccc(-n2cc(O)c(C(=O)Nc3nc(-c4cccc([N+](=O)[O-])c4)n[nH]3)n2)cc1[EOS],55671.19729804993,42
13.2,Cc1ccc(OCc2ccc(C(=O)Nc3cccc(-n4ncc5c(=O)n6c(nc54)CCCCC6)c3)o2)c(C)c1,[BOS]Cc1ccc(OCc2ccc(C(=O)Nc3cccc(-n4ncc5c(=O)n6c(nc54)CCCCC6)c3)o2)c(C)c1[EOS],61704.83673906326,42
11.6,O=C1CC(Cc2ccc(NC(=O)N3CC=C(c4ccccc4)C3)cc2)C(=O)N1,[BOS]O=C1C[C@@H](Cc2ccc(NC(=O)N3CC=C(c4ccccc4)C3)cc2)C(=O)N1[EOS],4640.328992366791,42
12.3,O=C(Cc1ccc2nccnc2c1)Nc1ccc(NS(=O)(=O)c2ccc3oc4ccccc4c3c2)cc1Cl,[BOS]O=C(Cc1ccc2nccnc2c1)Nc1ccc(NS(=O)(=O)c2ccc3oc4ccccc4c3c2)cc1Cl[EOS],10042.255877017975,42
12.3,O=C(Nc1cccc(Cn2nc3ccccn3c2=O)c1)Nc1cccc(NC(=O)c2ccccc2)c1,[BOS]O=C(Nc1cccc(NC(=O)c2ccccc2)c1)Nc1cccc(Cn2nc3ccccn3c2=O)c1[EOS],15288.388512849808,42
12.7,Nc1nc(C2CCCC2)ncc1-c1noc(-c2cccc(Oc3ccc4c(c3)CCC4)c2)n1,[BOS]Nc1nc(C2CCCC2)ncc1-c1noc(-c2cccc(Oc3ccc4c(c3)CCC4)c2)n1[EOS],20067.51047205925,42
13.0,CC=CC1CCC(COc2cc(F)c(C(F)(F)Oc3ccc4c(F)c(C)ccc4c3)c(F)c2F)OC1,[BOS]CC=CC1CCC(COc2cc(F)c(C(F)(F)Oc3ccc4c(F)c(C)ccc4c3)c(F)c2F)OC1[EOS],26558.126447677612,42
12.3,Oc1oc(-c2nc(C3Cc4ccccc4C3)no2)c2ccc(C(F)(F)F)cc12,[BOS]Oc1oc(-c2nc(C3Cc4ccccc4C3)no2)c2ccc(C(F)(F)F)cc12[EOS],30102.933460474014,42
13.0,O=C1CCc2c(cccc2-c2nc(-c3ccc4c(c3)Oc3ccccc3C4)no2)N1,[BOS]O=C1CCc2c(cccc2-c2nc(-c3ccc4c(c3)Oc3ccccc3C4)no2)N1[EOS],34301.96214699745,42
12.1,Cc1cc(-c2csc(NC(=O)CCCc3nc(-c4ccc(F)cc4)no3)n2)c(C)n1-c1ccc(Cl)c(Cl)c1,[BOS]Cc1cc(-c2csc(NC(=O)CCCc3nc(-c4ccc(F)cc4)no3)n2)c(C)n1-c1ccc(Cl)c(Cl)c1[EOS],40181.26952505112,42
13.9,CC(=O)c1ccc(-c2cccc(-c3ccc(C(=O)NC(=[NH2+])c4ccc5cc(O)ccc5c4)c(O)c3)c2)cc1O,[BOS]CC(=O)c1ccc(-c2cccc(-c3ccc(C(=O)NC(=[NH2+])c4ccc5cc(O)ccc5c4)c(O)c3)c2)cc1O[EOS],45365.83386683464,42
12.0,O=C1CC(c2cn(CCc3ccnc4ccccc34)nn2)CC(=O)N1c1ccc(Cl)c(F)c1,[BOS]O=C1C[C@@H](c2cn(CCc3ccnc4ccccc34)nn2)CC(=O)N1c1ccc(Cl)c(F)c1[EOS],50525.620171785355,42
12.4,Clc1cccc2c1CCC2Nc1cc(-c2nc(-c3cnnc4[nH]ccc34)no2)cc2ncccc12,[BOS]Clc1cccc2c1CC[C@H]2Nc1cc(-c2nc(-c3cnnc4[nH]ccc34)no2)cc2ncccc12[EOS],54769.66919589043,42
13.5,O=C(Cn1c(O)cc2ccccc21)Nc1ccc(NC(=O)Nc2ccc3c(c2)Oc2ccccc2CC3=O)cc1,[BOS]O=C(Cn1c(O)cc2ccccc21)Nc1ccc(NC(=O)Nc2ccc3c(c2)Oc2ccccc2CC3=O)cc1[EOS],60008.23612141609,42
13.3,Cn1c(O)cc2cc(N=c3[nH]cnc4ccc(-n5nnc6ccccc65)cc34)cc(Cl)c21,[BOS]Cn1c(O)cc2cc(/N=c3\[nH]cnc4ccc(-n5nnc6ccccc65)cc34)cc(Cl)c21[EOS],3864.38826918602,42
12.1,O=C(Nc1ccc(C2(NC(=O)C3CC34C(=O)Nc3ccccc34)CCC2)cc1)C1Cc2ccccc2C1,[BOS]O=C(NC1(c2ccc(NC(=O)C3Cc4ccccc4C3)cc2)CCC1)[C@@H]1C[C@]12C(=O)Nc1ccccc12[EOS][EOS][EOS][EOS][EOS][EOS][EOS],9469.582085847855,42
12.8,Cc1ccc(NC(=O)c2ccc(-n3[nH]c(-c4ccc(Cl)cc4)cc3=O)cc2)c(C(F)(F)F)c1,[BOS]Cc1ccc(NC(=O)c2ccc(-n3[nH]c(-c4ccc(Cl)cc4)cc3=O)cc2)c(C(F)(F)F)c1[EOS],14482.244523525238,42
12.4,N=C1N=C(c2ccccc2)c2ccccc2CC2CCC1Cc1c(Br)cc(CNc3ccc4nc(-c5ccccc5)[nH]c4c3)cc12,[BOS]Brc1cc(CNc2ccc3nc(-c4ccccc4)[nH]c3c2)cc2c1CC1CCC2Cc2ccccc2C(c2ccccc2)=NC1=N[EOS],19194.916858434677,42
12.4,O=C(COc1ccc(-c2nnc(-c3ccccc3F)o2)cc1)N1CCN(c2nc3ccccc3s2)CC1,[BOS]O=C(COc1ccc(-c2nnc(-c3ccccc3F)o2)cc1)N1CCN(c2nc3ccccc3s2)CC1[EOS],25147.064705610275,42
12.8,O=C(Nc1ccc2nc(-c3ccccc3Cl)nn2c1)c1ccc2oc3ccccc3c(=O)c2c1,[BOS]O=C(Nc1ccc2nc(-c3ccccc3Cl)nn2c1)c1ccc2oc3ccccc3c(=O)c2c1[EOS][EOS][EOS][EOS][EOS][EOS][EOS][EOS],29793.551439762115,42
13.2,O=c1n(CCc2nc(-c3ccc(-c4nc5ccccc5[nH]4)cc3)no2)nc2ccc(-c3ccc(F)cc3F)cn12,[BOS]O=c1n(CCc2nc(-c3ccc(-c4nc5ccccc5[nH]4)cc3)no2)nc2ccc(-c3ccc(F)cc3F)cn12[EOS],35055.89361858368,42
12.0,O=c1oc2cc(F)c(F)cc2n1CC=Cc1ccc(C(F)(F)F)c(-c2ccc(Oc3ncccn3)nc2)c1F,[BOS]O=c1oc2cc(F)c(F)cc2n1CC=Cc1ccc(C(F)(F)F)c(-c2ccc(Oc3ncccn3)nc2)c1F[EOS],40949.87022566795,42
13.0,O=C(Cc1cccc(OCc2cc3ccccn3c2)c1)NCCNc1ccc(-c2ncc3ccccc3n2)c2nccnc12,[BOS]O=C(Cc1cccc(OCc2cn3ccccc3c2)c1)NCCNc1ccc(-c2ncc3ccccc3n2)c2nccnc12[EOS],46776.97962093353,42
14.2,O=c1[nH]nc(-c2nc(-c3cccc(-c4nc(-c5ccc(Br)cc5)no4)c3)no2)c2ccc(C(F)(F)F)cc12,[BOS]O=c1[nH]nc(-c2nc(-c3cccc(-c4nc(-c5ccc(Br)cc5)no4)c3)no2)c2ccc(C(F)(F)F)cc12[EOS],51573.47790193558,42
11.7,O=C1CCCc2[nH]c(=O)c(C(=O)Nc3nc(C4CCCC(C(F)(F)F)C4)cs3)cc21,[BOS]O=C(Nc1nc([C@H]2CCC[C@@H](C(F)(F)F)C2)cs1)c1cc2c([nH]c1=O)CCCC2=O[EOS],55724.536089897156,42
12.8,Cc1ccc(-n2cc(NC(=O)c3ccc(S(=O)(=O)Nc4ccc(C)c(C)c4)cc3)cn2)c(C)c1,[BOS]Cc1ccc(-n2cc(NC(=O)c3ccc(S(=O)(=O)Nc4ccc(C)c(C)c4)cc3)cn2)c(C)c1[EOS],60250.61470246315,42
12.4,O=C(NC1CCC(CNC(=O)C2COc3cc(F)ccc3C2)C1)C1=CCCCCCCCCC1,[BOS]O=C(N[C@@H]1CC[C@H](CNC(=O)[C@H]2COc3cc(F)ccc3C2)C1)C1=CCCCCCCCCC1[EOS],5112.724071741104,42
13.5,Cc1ccc(-c2cc(C(=O)Nc3cccc(-c4ccc5c(c4)CN(C)C5=O)c3)n[nH]2)c2c1OCC2,[BOS]Cc1ccc(-c2cc(C(=O)Nc3cccc(-c4ccc5c(c4)CN(C)C5=O)c3)n[nH]2)c2c1OCC2[EOS],9929.33534693718,42
11.8,Cn1ccc(N2CCCC(NC(=O)NCc3ccc(-c4ccc5c(c4)CCCO5)cc3)C2=O)n1,[BOS]Cn1ccc(N2CCC[C@H](NC(=O)NCc3ccc(-c4ccc5c(c4)CCCO5)cc3)C2=O)n1[EOS],15213.639505386353,42
11.8,COc1ccc(-n2cc(-c3nc4cc(C(=O)c5ccc(C)c(O)c5)ccc4[nH]3)ccc2=O)cc1,[BOS]COc1ccc(-n2cc(-c3nc4cc(C(=O)c5ccc(C)c(O)c5)ccc4[nH]3)ccc2=O)cc1[EOS][EOS][EOS],19657.04891371727,42
12.4,NC(=O)NCc1ccc(-c2nc(-c3ccc(Oc4cccc(C(F)(F)F)c4)cc3F)n[nH]2)cc1F,[BOS]NC(=O)NCc1ccc(-c2nc(-c3ccc(Oc4cccc(C(F)(F)F)c4)cc3F)n[nH]2)cc1F[EOS],24709.304180383682,42
12.3,Fc1cc2c(N3CCC4C3CCN4c3ncccn3)nncc2cc1OCCc1cc(Cl)c(Nc2scnc2CN2CCOCC2)nc1F,[BOS]Fc1cc2c(N3CC[C@@H]4[C@@H]3CCN4c3ncccn3)nncc2cc1OCCc1cc(Cl)c(Nc2scnc2CN2CCOCC2)nc1F[EOS],29550.305216550827,42
13.2,O=C(C=Cc1ccc2cnn(Cc3cccc(C(F)(F)F)c3)c2c1)c1cc(-c2ccc(F)c(F)c2)ccc1F,[BOS]O=C(C=Cc1ccc2cnn(Cc3cccc(C(F)(F)F)c3)c2c1)c1cc(-c2ccc(F)c(F)c2)ccc1F[EOS],35449.43978667259,42
12.1,Cc1nc2c3cccnc3nn2c(C)c1CCc1nc(-c2cccc(OCc3ccccc3)c2)no1,[BOS]Cc1nc2c3cccnc3nn2c(C)c1CCc1nc(-c2cccc(OCc3ccccc3)c2)no1[EOS],41061.74957323074,42
12.3,O=C(Nc1cnc(-c2cccc(O)c2)nc1)c1cc(-c2cccc3ccccc23)nc2ccccc12,[BOS]O=C(Nc1cnc(-c2cccc(O)c2)nc1)c1cc(-c2cccc3ccccc23)nc2ccccc12[EOS],45844.398881196976,42
12.5,O=C(NCc1ccc(-c2ccc3c(c2)CCO3)cc1)c1n[nH]c2ccc(-c3nc[nH]n3)cc12,[BOS]O=C(NCc1ccc(-c2ccc3c(c2)CCO3)cc1)c1n[nH]c2ccc(-c3nc[nH]n3)cc12[EOS],51005.78103637695,42
12.8,O=C(NCc1cccc(NC(=O)c2cccc(F)c2)c1)NCc1ccc(-c2ccc(Cl)cc2)cc1F,[BOS]O=C(NCc1cccc(NC(=O)c2cccc(F)c2)c1)NCc1ccc(-c2ccc(Cl)cc2)cc1F[EOS],57091.03722643852,42
11.2,CCC(=O)c1cc(C(=O)Nc2ccc(S(=O)(=O)N=C3CCCN3C3CCCCC3)cc2)ccc1F,[BOS]CCC(=O)c1cc(C(=O)Nc2ccc(S(=O)(=O)/N=C3/CCCN3C3CCCCC3)cc2)ccc1F[EOS],61489.2687728405,42
12.2,Cn1cc(-c2nc(-c3ccc(C4CCCC4)cc3)no2)c(=O)c2cc3c(cc21)OCCO3,[BOS]Cn1cc(-c2nc(-c3ccc(C4CCCC4)cc3)no2)c(=O)c2cc3c(cc21)OCCO3[EOS],3889.9132463932037,42
12.9,O=C(Nc1cccnc1)c1cccc(NC(=O)c2ccc3c(c2)C(=O)N(c2ccc(F)c(Cl)c2)C3=O)c1,[BOS]O=C(Nc1cccnc1)c1cccc(NC(=O)c2ccc3c(c2)C(=O)N(c2ccc(F)c(Cl)c2)C3=O)c1[EOS],9510.749327659607,42
12.6,O=C(Nc1ccc(C2(NC(=O)C3CCc4ccccc4O3)CCC2)cc1)C1=NOC(c2ccccc2)C1,[BOS]O=C(Nc1ccc(C2(NC(=O)[C@@H]3CCc4ccccc4O3)CCC2)cc1)C1=NO[C@@H](c2ccccc2)C1[EOS],15704.340811252594,42
11.5,CC(NC(=O)NC(C)c1nc(-c2cccc(F)c2)no1)c1ccc2[nH]c(=O)[nH]c2c1,[BOS]C[C@H](NC(=O)N[C@H](C)c1ccc2[nH]c(=O)[nH]c2c1)c1nc(-c2cccc(F)c2)no1[EOS],20604.592528820038,42
11.9,O=C(c1cccc(Cc2ccccc2)c1)N1CCCC2(CCN(C(=O)C3Cc4ccccc4N3)CC2)C1,[BOS]O=C(c1cccc(Cc2ccccc2)c1)N1CCCC2(CCN(C(=O)[C@@H]3Cc4ccccc4N3)CC2)C1[EOS],25596.125847816467,42
12.7,CC1Oc2ccc(-c3nc(-c4cc(=O)n(-c5ccc6nc[nH]c6c5)[nH]4)co3)cc2N(C)C1=O,[BOS]C[C@@H]1Oc2ccc(-c3nc(-c4cc(=O)n(-c5ccc6nc[nH]c6c5)[nH]4)co3)cc2N(C)C1=O[EOS],29743.57947587967,42
11.5,Cc1c[nH]c2ccc(-c3nc(-c4cc(F)c(F)cc4C(F)(F)F)no3)cc2c1=O,[BOS]Cc1c[nH]c2ccc(-c3nc(-c4cc(F)c(F)cc4C(F)(F)F)no3)cc2c1=O[EOS],33343.79165005684,42
11.5,COc1nccc2c(NC(=O)N3CCCC(c4n[nH]c(C5CCCCC5)n4)C3)cccc12,[BOS]COc1nccc2c(NC(=O)N3CCC[C@H](c4n[nH]c(C5CCCCC5)n4)C3)cccc12[EOS],37482.76407241821,42
11.5,O=C(CNC(=O)NCc1nnc2ccc(C(F)(F)F)cn12)NC1CCOc2ccccc21,[BOS]O=C(CNC(=O)NCc1nnc2ccc(C(F)(F)F)cn12)N[C@@H]1CCOc2ccccc21[EOS],43117.70759701729,42
11.4,CC(=O)c1cc(-c2nc(-c3nncc4ccccc34)no2)nn1-c1ccccc1,[BOS]CC(=O)c1cc(-c2nc(-c3nncc4ccccc34)no2)nn1-c1ccccc1[EOS],47136.37610793114,42
12.2,Cc1nc(-c2ccc(C(C)NC(=O)c3coc4cc(C)c(C)cc34)cc2)cs1,[BOS]Cc1nc(-c2ccc([C@H](C)NC(=O)c3coc4cc(C)c(C)cc34)cc2)cs1[EOS],52066.78155374527,42
11.2,O=C(Cc1c[nH]c2cccc(F)c12)Nc1cccc(OCc2cn3ccccc3[nH+]2)c1,[BOS]O=C(Cc1c[nH]c2cccc(F)c12)Nc1cccc(OCc2cn3ccccc3[nH+]2)c1[EOS],57356.49222803116,42
12.8,O=C(NCCc1nnc2n1CCCCC2)Nc1ccc2c(c1)CCCN2C(=O)c1cccc(C(F)(F)F)c1,[BOS]O=C(NCCc1nnc2n1CCCCC2)Nc1ccc2c(c1)CCCN2C(=O)c1cccc(C(F)(F)F)c1[EOS],5426.499038219452,42
12.1,CCn1c(NC(=O)c2cccc(Nc3ncnc4sc(C)cc34)c2)nc2ccc(F)cc21,[BOS]CCn1c(NC(=O)c2cccc(Nc3ncnc4sc(C)cc34)c2)nc2ccc(F)cc21[EOS],9840.956229686737,42
11.7,O=C(C=CC(=O)Nc1cc(C2CCCCN2C(=O)c2cccn3cncc23)[nH]n1)NCc1ccccc1,[BOS]O=C(C=CC(=O)Nc1cc([C@H]2CCCCN2C(=O)c2cccn3cncc23)[nH]n1)NCc1ccccc1[EOS],15742.133870840073,42
12.6,c1cnc2ccc(Cc3noc(-c4cnn(-c5ccc(N6CCCCC6)nn5)c4)n3)cc2c1,[BOS]c1cnc2ccc(Cc3noc(-c4cnn(-c5ccc(N6CCCCC6)nn5)c4)n3)cc2c1[EOS],20428.588453054428,42
12.7,CC(=O)Nc1ccc2c(c1)C[NH+](C(c1ccccc1)c1nnc(-c3ccc4ccccc4c3)o1)CC2,[BOS]CC(=O)Nc1ccc2c(c1)C[NH+]([C@@H](c1ccccc1)c1nnc(-c3ccc4ccccc4c3)o1)CC2[EOS],25688.24219083786,42
13.3,CCCCCc1ccc2sc(-c3ccc4ccc(-c5ccc(F)cc5F)cc4c3F)c(F)c2c1F,[BOS]CCCCCc1ccc2sc(-c3ccc4ccc(-c5ccc(F)cc5F)cc4c3F)c(F)c2c1F[EOS],30508.988229990005,42
12.8,c1ccc(-c2nn(-c3ccc(-c4nnc(CCC5CCCCC5)o4)cn3)c3c2CCCC3)cc1,[BOS]c1ccc(-c2nn(-c3ccc(-c4nnc(CCC5CCCCC5)o4)cn3)c3c2CCCC3)cc1[EOS],35733.87177467346,42
13.6,O=C(c1ccc(-n2[nH]c(Cc3ccccc3)cc2=O)cc1)N1Cc2ccccc2C(c2ccccc2)C1,[BOS]O=C(c1ccc(-n2[nH]c(Cc3ccccc3)cc2=O)cc1)N1Cc2ccccc2C(c2ccccc2)C1[EOS],41198.86792612076,42
14.6,Cc1ccc(-c2cc3ccccc3oc2=O)cc1-c1cnc(C(=O)N2CCN(c3cccc(Cl)c3)CC2)o1,[BOS]Cc1ccc(-c2cc3ccccc3oc2=O)cc1-c1cnc(C(=O)N2CCN(c3cccc(Cl)c3)CC2)o1[EOS],46240.42333030701,42
12.3,NC(=O)C1CCC[NH+]1Cc1cccc(-c2noc(-c3ccc(=O)n(-c4ccc(F)cc4)n3)n2)c1,[BOS]NC(=O)[C@@H]1CCC[NH+]1Cc1cccc(-c2noc(-c3ccc(=O)n(-c4ccc(F)cc4)n3)n2)c1[EOS],51651.52881360054,42
11.6,Cn1c(NC(=O)c2ccc3cc[nH]c3c2F)nc2cc(C(F)(F)F)ccc21,[BOS]Cn1c(NC(=O)c2ccc3cc[nH]c3c2F)nc2cc(C(F)(F)F)ccc21[EOS],55079.07095146179,42
12.9,Nc1nc2cc(C(=O)Nc3ccc(C4(NC(=O)Cc5ccc6ncccc6c5)CCC4)cc3)ccc2s1,[BOS]Nc1nc2cc(C(=O)Nc3ccc(C4(NC(=O)Cc5ccc6ncccc6c5)CCC4)cc3)ccc2s1[EOS],61484.14431357384,42
11.1,FC(F)C1CCC(c2noc(-c3ccn(-c4cccc(-c5nn[n-]n5)c4)n3)n2)CC1,[BOS]FC(F)C1CCC(c2noc(-c3ccn(-c4cccc(-c5nn[n-]n5)c4)n3)n2)CC1[EOS],4424.0240161418915,42
12.6,O=C(Nc1cc(C2CCCCN2C(=O)CC2OCCc3ccccc32)[nH]n1)c1c(F)cccc1Cl,[BOS]O=C(Nc1cc([C@H]2CCCCN2C(=O)C[C@H]2OCCc3ccccc32)[nH]n1)c1c(F)cccc1Cl[EOS],10482.889780044556,42
12.1,O=C(CC1CNc2ccccc2O1)Nc1ccc(C2(NC(=O)CC3Cc4ccccc4C3)CCC2)cc1,[BOS]O=C(C[C@H]1CNc2ccccc2O1)Nc1ccc(C2(NC(=O)CC3Cc4ccccc4C3)CCC2)cc1[EOS],16834.627937078476,42
12.3,Cc1sc(NC(=O)c2cc3nc(C(F)(F)F)ccn3n2)cc1-c1ccc2c(c1)CCC2,[BOS]Cc1sc(NC(=O)c2cc3nc(C(F)(F)F)ccn3n2)cc1-c1ccc2c(c1)CCC2[EOS],21214.485026597977,42
11.5,Fc1c(C[NH+]2CCC3(CNCc4cnc(-c5ccn(C6CCC6)c5)nc43)C2)ccc2ccccc12,[BOS]Fc1c(C[NH+]2CC[C@@]3(C[nH]Cc4cnc(-c5ccn(C6CCC6)c5)nc43)C2)ccc2ccccc12[EOS],26214.825212717056,42
12.0,Cc1nc(-c2ccc(C(F)(F)F)cc2)sc1C(=O)Nc1ccc2c(c1)OC(C)(C1CCC(O)CC1)O2,[BOS]Cc1nc(-c2ccc(C(F)(F)F)cc2)sc1C(=O)Nc1ccc2c(c1)O[C@](C)(C1CCC(O)CC1)O2[EOS],31125.460688591003,42
12.3,O=C(Nc1nc(-c2cc3ccccc3o2)cs1)c1cnc2c(F)ccc(F)c2c1,[BOS]O=C(Nc1nc(-c2cc3ccccc3o2)cs1)c1cnc2c(F)ccc(F)c2c1[EOS],35495.46234536171,42
12.6,CC(Oc1ccc(C(=O)C=C2Oc3ccccc3O2)cc1F)C(=O)Nc1c(F)c(F)c(F)c(F)c1F,[BOS]C[C@@H](Oc1ccc(C(=O)C=C2Oc3ccccc3O2)cc1F)C(=O)Nc1c(F)c(F)c(F)c(F)c1F[EOS],41203.010028362274,42
13.5,Nc1cc(C(=O)Nc2ccc(CC(=O)Nc3ccccc3F)cc2)cc2c1c1ccccc1n2Cc1ccc2c(c1)OCCC2(F)F,[BOS]Nc1cc(C(=O)Nc2ccc(CC(=O)Nc3ccccc3F)cc2)cc2c1c1ccccc1n2Cc1ccc2c(c1)OCCC2(F)F[EOS],47388.45956635475,42
12.4,Cc1nc(-c2ccc(F)cc2)sc1C(=O)Nc1ccc2oc3ccccc3c(=O)c2c1,[BOS]Cc1nc(-c2ccc(F)cc2)sc1C(=O)Nc1ccc2oc3ccccc3c(=O)c2c1[EOS],52460.5081884861,42
11.6,Cc1ccc(NS(=O)(=O)c2cc(-c3nc(C(C)CNC(=O)c4ccccc4)no3)co2)c(C)c1,[BOS]Cc1ccc(NS(=O)(=O)c2cc(-c3nc([C@@H](C)CNC(=O)c4ccccc4)no3)co2)c(C)c1[EOS],57961.4696662426,42
12.3,O=C(c1cncc(-c2ccc3c(c2)CCO3)c1)N1CC(Cc2cccc(C(F)(F)F)c2)C1,[BOS]O=C(c1cncc(-c2ccc3c(c2)CCO3)c1)N1CC(Cc2cccc(C(F)(F)F)c2)C1[EOS],62202.15783262253,42
13.6,O=C(Nc1n[nH]c(-c2cccc3ccccc23)n1)c1ccc([S+]([O-])c2cccc(C(F)(F)F)c2)cc1O,[BOS]O=C(Nc1n[nH]c(-c2cccc3ccccc23)n1)c1ccc([S+]([O-])c2cccc(C(F)(F)F)c2)cc1O[EOS],4495.52267074585,42
12.5,O=S(=O)(c1ccccc1)c1ccc(-c2noc(-c3[nH+]cc4cc(Cl)ccn34)n2)cc1,[BOS]O=S(=O)(c1ccccc1)c1ccc(-c2noc(-c3[nH+]cc4cc(Cl)ccn34)n2)cc1[EOS],9123.779524326324,42
11.8,Cc1ccc2oc(-c3ccc(NN=Cc4cccc(Br)c4)cc3)nc(=O)c2c1,[BOS]Cc1ccc2oc(-c3ccc(N/N=C/c4cccc(Br)c4)cc3)nc(=O)c2c1[EOS][EOS][EOS][EOS][EOS][EOS],13939.651066303253,42
13.6,Cc1ccc(-c2ccc3[nH]c(-c4ccnc(-c5ccccc5)c4)nc3c2)nc1CN=Nc1ccc2ccccc2n1,[BOS]Cc1ccc(-c2ccc3[nH]c(-c4ccnc(-c5ccccc5)c4)nc3c2)nc1CN=Nc1ccc2ccccc2n1[EOS],18295.708240270615,42
11.8,O=C(NCC1Cc2ccccc2C1)Nc1cccc(Cn2nc3ccccn3c2=O)c1,[BOS]O=C(NCC1Cc2ccccc2C1)Nc1cccc(Cn2nc3ccccn3c2=O)c1[EOS],22896.898621559143,42
12.7,O=C(Nc1ccc(Oc2ccnc(C#Cc3ccccc3)c2)cc1F)c1cnn(-c2ccc(F)cc2)c1Cl,[BOS]O=C(Nc1ccc(Oc2ccnc(C#Cc3ccccc3)c2)cc1F)c1cnn(-c2ccc(F)cc2)c1Cl[EOS],28274.246109724045,42
11.2,O=C(NCC1CCN(c2ccc(F)cc2F)C1)C(=O)NC1CCc2ccc(O)cc2C1,[BOS]O=C(NC[C@H]1CCN(c2ccc(F)cc2F)C1)C(=O)N[C@H]1CCc2ccc(O)cc2C1[EOS],33658.60602116585,42
13.6,O=C1CCC(c2ccc(-c3ccc4nc(-c5ccc6occc6c5)[nH]c4c3)cc2F)C(F)C(O)C12CCCOCC2,[BOS]O=C1CC[C@@H](c2ccc(-c3ccc4nc(-c5ccc6occc6c5)[nH]c4c3)cc2F)C(F)C(O)C12CCCOCC2[EOS],38427.87397623062,42
13.7,Cc1nc(-c2ccc(NC(=O)c3cccc(-c4ccc(F)cc4)c3C)cc2)nc2c1CCOC2C,[BOS]Cc1nc(-c2ccc(NC(=O)c3cccc(-c4ccc(F)cc4)c3C)cc2)nc2c1CCOC2C[EOS],43040.788699150085,42
12.2,Cc1cc(F)cc(-n2nc(-c3nc(-c4cnn(Cc5ccccc5)c4)no3)c3c2CCC3)c1,[BOS]Cc1cc(F)cc(-n2nc(-c3nc(-c4cnn(Cc5ccccc5)c4)no3)c3c2CCC3)c1[EOS],47867.440044403076,42
13.6,c1cncc(-c2cnc(-c3cccc(-c4cc(-c5ccc6oc7ccccc7c6c5)ncn4)c3)o2)c1,[BOS]c1ccc(-c2cnc(-c3cccc(-c4ncnc(-c5ccc6oc7ccccc7c6c5)c4)c3)o2)cn1[EOS],52801.177292108536,42
11.8,CC(NC(=O)c1cccc(S(=O)(=O)[N-]c2ccc3c(c2)OCCO3)c1)c1cccc(N=C(O)c2cccnc2)n1,[BOS]C[C@@H](NC(=O)c1cccc(S(=O)(=O)[N-]c2ccc3c(c2)OCCO3)c1)c1cccc(N=C(O)c2cccnc2)n1[EOS],58855.27626681328,42
12.2,O=C(Nc1cccc(-n2cn[nH]c2=O)c1)c1ccc(-c2ncc(C(F)(F)F)cc2Cl)cc1,[BOS]O=C(Nc1cccc(-n2cn[nH]c2=O)c1)c1ccc(-c2ncc(C(F)(F)F)cc2Cl)cc1[EOS],4749.370953083038,42
12.5,Cc1oncc1C(=O)Nc1ccc(NC(=O)Cc2nc3n(c(=O)n2)CCc2ccccc2-3)cc1,[BOS]Cc1oncc1C(=O)Nc1ccc(NC(=O)CC2=NC(=O)N3CCc4ccccc4C3=N2)cc1[EOS][EOS][EOS][EOS][EOS][EOS],10236.9554874897,42
11.5,CC1CN(c2ccc(NC(=O)NCc3ccc(C(=O)Nc4ccc(F)cc4)cc3)cn2)CC(C)O1,[BOS]C[C@H]1CN(c2ccc(NC(=O)NCc3ccc(C(=O)Nc4ccc(F)cc4)cc3)cn2)C[C@H](C)O1[EOS],16177.389533519745,42
12.3,O=C(CCc1nc(-c2ccc(Cl)cc2)no1)Nc1ccc2nc(N3CCN(C(O)=NC4CCCCC4)CC3)[nH]c2c1,[BOS]O=C(CCc1nc(-c2ccc(Cl)cc2)no1)Nc1ccc2nc(N3CCN(C(O)=NC4CCCCC4)CC3)[nH]c2c1[EOS],22088.649360895157,42
11.3,N#Cc1cccc(COc2ccc(NC(=O)c3ccc(N4CCCC4)nn3)cc2)c1F,[BOS]N#Cc1cccc(COc2ccc(NC(=O)c3ccc(N4CCCC4)nn3)cc2)c1F[EOS][EOS][EOS][EOS][EOS][EOS],27314.831251382828,42
11.0,O=C(OCc1nnnn1-c1ccc(C(F)(F)F)cc1)c1cc(-c2ccc(Br)cc2)n[nH]1,[BOS]O=C(OCc1nnnn1-c1ccc(C(F)(F)F)cc1)c1cc(-c2ccc(Br)cc2)n[nH]1[EOS],32983.970230817795,42
12.2,CC(=O)c1cncc(-c2nc(-c3ccc4c(c3)CN(c3cc(F)ccc3C)C4)no2)c1,[BOS]CC(=O)c1cncc(-c2nc(-c3ccc4c(c3)CN(c3cc(F)ccc3C)C4)no2)c1[EOS],37276.54454112053,42
13.7,O=C(c1ccc2nc(Cc3c(F)cc(-c4ccc(C5CCCCC5)nc4F)cc3F)[nH]c2c1)N1CC(F)C(Br)C1,[BOS]O=C(c1ccc2nc(Cc3c(F)cc(-c4ccc(C5CCCCC5)nc4F)cc3F)[nH]c2c1)N1C[C@@H](F)[C@@H](Br)C1[EOS],43609.763077259064,42
12.6,O=C(NCc1nc(-c2ccncc2)n[nH]1)c1ccc2c3ccccc3n(Cc3c(F)cccc3F)c2c1,[BOS]O=C(NCc1nc(-c2ccncc2)n[nH]1)c1ccc2c3ccccc3n(Cc3c(F)cccc3F)c2c1[EOS],49218.34487390518,42
11.0,Cc1cc(CCC(=O)N2CCCC23CN(C(=O)C=Cc2cccc(OCc4ccccc4)c2)C3)ccn1,[BOS]Cc1cc(CCC(=O)N2CCCC23CN(C(=O)C=Cc2cccc(OCc4ccccc4)c2)C3)ccn1[EOS],54600.04283475876,42
13.0,O=c1c(Cl)c(NCCc2ccc3c(c2)OCO3)cnn1-c1nnc(-c2ccnc3[nH]c(-c4ccccc4)nc23)o1,[BOS]O=c1c(Cl)c(NCCc2ccc3c(c2)OCO3)cnn1-c1nnc(-c2ccnc3[nH]c(-c4ccccc4)nc23)o1[EOS],60172.06292796135,42
12.1,O=C(NCc1ccncc1)Nc1cccc(CNC(=O)c2cc(-c3ccncc3)nc3ccccc23)c1,[BOS]O=C(NCc1ccncc1)Nc1cccc(CNC(=O)c2cc(-c3ccncc3)nc3ccccc23)c1[EOS],65473.81356859207,42
12.4,O=C(Nc1ccc(-c2cccc(C(F)(F)F)c2)cn1)c1n[nH]c(C2CC2)c1C(F)(F)F,[BOS]O=C(Nc1ccc(-c2cccc(C(F)(F)F)c2)cn1)c1n[nH]c(C2CC2)c1C(F)(F)F[EOS],4300.281185865402,42
12.1,CC(NC(=O)Nc1cccc(C(=O)Nc2cccc(F)c2)c1)c1cccc2ccccc12,[BOS]C[C@@H](NC(=O)Nc1cccc(C(=O)Nc2cccc(F)c2)c1)c1cccc2ccccc12[EOS],9987.293375253677,42
11.3,CCc1nc(C(=O)Nc2cccc(CS(=O)(=O)c3ccc(F)cc3F)c2)nn1-c1c(Cl)cccc1Cl,[BOS]CCc1nc(C(=O)Nc2cccc(CS(=O)(=O)c3ccc(F)cc3F)c2)nn1-c1c(Cl)cccc1Cl[EOS],15097.536086797714,42
11.6,O=C(C(=O)C1CCC(c2cccc(C(F)(F)C(F)(F)F)c2)CC1)c1ccc(C2CNCCO2)cc1,[BOS]O=C(C(=O)c1ccc([C@H]2CNCCO2)cc1)[C@H]1CC[C@H](c2cccc(C(F)(F)C(F)(F)F)c2)CC1[EOS],20494.74007153511,42
11.2,C[NH+](C)C1CCN(c2ccc(NC3CCc4ccc(-c5nn[n-]n5)cc43)cc2)CC1,[BOS]C[NH+](C)C1CCN(c2ccc(N[C@@H]3CCc4ccc(-c5nn[n-]n5)cc43)cc2)CC1[EOS],25007.903611421585,42
11.9,CC(NC(=O)NC1CCc2ccc(-c3ccccc3)cc21)c1noc(-c2ccc(Cl)cc2)n1,[BOS]C[C@@H](NC(=O)N[C@H]1CCc2ccc(-c3ccccc3)cc21)c1noc(-c2ccc(Cl)cc2)n1[EOS],30135.256955862045,42
14.6,O=C(Nc1nc(-c2ccc3c(c2)CCC3)cs1)c1cccc(-c2nnc3n2-c2ccccc2CC32CCCCCC2)n1,[BOS]O=C(Nc1nc(-c2ccc3c(c2)CCC3)cs1)c1cccc(-c2nnc3n2-c2ccccc2CC32CCCCCC2)n1[EOS],34170.822103500366,42
13.5,Cc1[nH]c2ccccc2c1-c1csc(NN=Cc2ccc(OC(=O)c3ccccc3OCc3cc4ccccc4cc3O)cc2)n1,[BOS]Cc1[nH]c2ccccc2c1-c1csc(N/N=C/c2ccc(OC(=O)c3ccccc3OCc3cc4ccccc4cc3O)cc2)n1[EOS],41328.374687194824,42
12.4,Cc1cc(NC(=O)NCC2CC(c3ccc4c(c3)CCO4)=NO2)ccc1N=Cc1ccccc1Cl,[BOS]Cc1cc(NC(=O)NC[C@@H]2CC(c3ccc4c(c3)CCO4)=NO2)ccc1/N=C/c1ccccc1Cl[EOS],46706.146877765656,42
10.4,CCC(NC(=O)c1[nH]c2ccc(C)cc2c1C)c1[nH]c(-c2ccccc2)c[nH+]1,[BOS]CC[C@H](NC(=O)c1[nH]c2ccc(C)cc2c1C)c1[nH]c(-c2ccccc2)c[nH+]1[EOS],51057.7223610878,42
12.5,CC1Oc2ccc(NC(=O)C(=O)Nc3cccc(OCCc4cccc5ccccc45)c3)cc2NC1=O,[BOS]C[C@@H]1Oc2ccc(NC(=O)C(=O)Nc3cccc(OCCc4cccc5ccccc45)c3)cc2NC1=O[EOS],56175.46419739723,42
13.1,c1cc2c(ccn2-c2ccc3c(c2)OCCN3)cc1-c1noc(-c2cn3ccc(C4CC4)cc3[nH+]2)n1,[BOS]c1cc2cc(-c3noc(-c4cn5ccc(C6CC6)cc5[nH+]4)n3)ccc2n1-c1ccc2c(c1)OCCN2[EOS],59794.240992069244,42
12.3,Cc1oc(-c2cccc(C(F)(F)F)c2)nc1C(=O)Nc1cnc(-c2ccc(C(=O)[O-])cc2)cn1,[BOS]Cc1oc(-c2cccc(C(F)(F)F)c2)nc1C(=O)Nc1cnc(-c2ccc(C(=O)[O-])cc2)cn1[EOS],5325.955548048019,42
12.7,COc1ccc(F)cc1-c1cccc(-c2noc(-c3ccn(-c4ccc5ccccn45)n3)n2)c1,[BOS]COc1ccc(F)cc1-c1cccc(-c2noc(-c3ccn(-c4ccc5ccccn45)n3)n2)c1[EOS],10064.528852462769,42
12.9,O=C(Nc1ccc2nc(-c3ccc(F)cc3)oc2c1)NC1COc2ccc(F)cc2C1,[BOS]O=C(Nc1ccc2nc(-c3ccc(F)cc3)oc2c1)N[C@H]1COc2ccc(F)cc2C1[EOS],14630.696265220642,42
12.4,Cc1coc(-c2ccc(C)c(NC(=O)c3ccc4c(c3)C(=O)N(c3cc(Cl)ccc3Cl)C4=O)c2)n1,[BOS]Cc1coc(-c2ccc(C)c(NC(=O)c3ccc4c(c3)C(=O)N(c3cc(Cl)ccc3Cl)C4=O)c2)n1[EOS],19338.38146352768,42
13.0,Cn1c(C(O)=Nc2ccc(C(=O)N=c3cc(C4CC4)nc(O)[nH]3)cc2)cc(=O)c2cc3c(cc21)NNC3,[BOS]Cn1c(C(O)=Nc2ccc(C(=O)N=c3cc(C4CC4)nc(O)[nH]3)cc2)cc(=O)c2cc3c(cc21)NNC3[EOS],24719.686762332916,42
14.0,O=C(Nc1cccc(C(=O)N2CCc3ccccc3CC2)c1)C1CCC2C1C(=O)N2Cc1ccccc1C1C=CCCC1O,[BOS]O=C(Nc1cccc(C(=O)N2CCc3ccccc3CC2)c1)[C@H]1CC[C@@H]2[C@@H]1C(=O)N2Cc1ccccc1[C@H]1C=CCCC1O[EOS],30337.305562257767,42
12.2,CN1CCOc2ccc(-c3ccc(NC(=O)Nc4ccc5[nH]ccc5c4)cc3F)cc21,[BOS]CN1CCOc2ccc(-c3ccc(NC(=O)Nc4ccc5[nH]ccc5c4)cc3F)cc21[EOS],34577.89826130867,42
13.5,O=C(Nc1ccc(-c2nn[n-]n2)cc1)c1cccc(C#Cc2ccc(C#Cc3c[nH+]c4ccccn34)c3cccnc23)c1,[BOS]O=C(Nc1ccc(-c2nn[n-]n2)cc1)c1cccc(C#Cc2ccc(C#Cc3c[nH+]c4ccccn34)c3cccnc23)c1[EOS],39470.12755775452,42
12.8,O=C(Nc1cc(C2CCCCN2C(=O)c2cc3c(F)cc(F)cc3[nH]2)[nH]n1)c1ccc2sccc2c1O,[BOS]O=C(Nc1cc([C@@H]2CCCCN2C(=O)c2cc3c(F)cc(F)cc3[nH]2)[nH]n1)c1ccc2sccc2c1O[EOS],44565.46953988075,42
12.8,O=C1CCCc2ccc(OCC(O)=Nc3cccc(-c4ccc(C5CCC=CCC5)cn4)c3)c(-c3ccc(Cl)s3)c21,[BOS]O=C1CCCc2ccc(OCC(O)=Nc3cccc(-c4ccc([C@@H]5CCC=CCC5)cn4)c3)c(-c3ccc(Cl)s3)c12[EOS],51076.97057175636,42
12.0,O=C(Nc1cccnc1)c1ccc(CCc2oc(-c3ccc4ncccc4c3)nc2C(=O)O)cc1,[BOS]O=C(Nc1cccnc1)c1ccc(CCc2oc(-c3ccc4ncccc4c3)nc2C(=O)O)cc1[EOS][EOS][EOS][EOS][EOS][EOS][EOS],56653.22040724754,42
13.8,O=C(Nc1ccc2c(c1)CCCC(=O)N2Cc1ccc(Cl)cc1C(F)(F)F)c1cccc(Oc2ccccc2)n1,[BOS]O=C1CCCc2cc(NC(=O)c3cccc(Oc4ccccc4)n3)ccc2N1Cc1ccc(Cl)cc1C(F)(F)F[EOS],61414.793003320694,42
11.9,COC1Cc2ccc(NC(=O)Nc3ccc(OCc4cccc(F)c4)cc3C)cc2C1,[BOS]CO[C@@H]1Cc2ccc(NC(=O)Nc3ccc(OCc4cccc(F)c4)cc3C)cc2C1[EOS],4349.140785694122,42
11.8,Cc1ccc2c(c1)CCC(C(=O)Nc1ccc(N(C)Cc3ccccc3)cc1)O2,[BOS]Cc1ccc2c(c1)CC[C@H](C(=O)Nc1ccc(N(C)Cc3ccccc3)cc1)O2[EOS],8412.628833293915,42
13.1,O=C(CC1CC2CCCN(C(=O)c3cnc4cc(C5CCCCCC5)nn4c3)C2C1)N1CCC(F)(F)C1,[BOS]O=C(C[C@H]1C[C@@H]2CCCN(C(=O)c3cnc4cc(C5CCCCCC5)nn4c3)[C@@H]2C1)N1CCC(F)(F)C1[EOS],14084.101695775986,42
13.7,Cc1cc(-c2cccc(-c3ccc4ccccc4n3)c2)nc(N2CCN(c3nncc4cc(F)ccc34)CC2)c1,[BOS]Cc1cc(N2CCN(c3nncc4cc(F)ccc34)CC2)nc(-c2cccc(-c3ccc4ccccc4n3)c2)c1[EOS],19124.098248958588,42
11.5,O=[N+]([O-])c1c(-c2nc(-c3cccc(N4CC[NH+](C5CCC5)CC4)c3)no2)ccc(F)c1O,[BOS]Oc1c(F)ccc(-c2nc(-c3cccc(N4CC[NH+](C5CCC5)CC4)c3)no2)c1[N+](=O)[O-][EOS],23434.39453125,42
11.6,O=C(CNC(=O)c1nn(-c2cc(F)cc(F)c2)c2c1CCC2)Nc1ccc2ccccc2c1,[BOS]O=C(CNC(=O)c1nn(-c2cc(F)cc(F)c2)c2c1CCC2)Nc1ccc2ccccc2c1[EOS],29175.75540661812,42
11.9,O=C(CC1CC2(CC[NH+](Cc3[nH]nc4ccccc34)CC2)Oc2ccccc21)NCc1ccccc1,[BOS]O=C(C[C@H]1CC2(CC[NH+](Cc3[nH]nc4ccccc34)CC2)Oc2ccccc21)NCc1ccccc1[EOS],35124.184040308,42
12.9,Cc1ccccc1-c1nc(Cn2nnc(C(=O)Nc3ccc4c(ccc5cccnc54)c3)c2N=O)no1,[BOS]Cc1ccccc1-c1nc(Cn2nnc(C(=O)Nc3ccc4c(ccc5cccnc54)c3)c2N=O)no1[EOS],41152.254707336426,42
12.4,Fc1cccc(-n2nnc(Cc3nnc(-c4cccc(OCc5ccc(Cl)c(Cl)c5)c4)[nH]3)n2)c1,[BOS]Fc1cccc(-n2nnc(Cc3nnc(-c4cccc(OCc5ccc(Cl)c(Cl)c5)c4)[nH]3)n2)c1[EOS],46195.01790499687,42
12.2,Nc1cc(CC2CCCC2=NN=C(O)c2nonc2N)ccc1C(O)=Nc1ccc(O)c(-c2ccccc2)c1,[BOS]Nc1nonc1C(O)=N/N=C1\CCC[C@H]1Cc1ccc(C(O)=Nc2ccc(O)c(-c3ccccc3)c2)c(N)c1[EOS],53438.70289850235,42
12.5,O=C(Nc1ccc(C2(NC(=O)c3cc4cn[nH]c4cc3Cl)CCC2)cc1)c1nc(-c2ccccc2)ns1,[BOS]O=C(NC1(c2ccc(NC(=O)c3nc(-c4ccccc4)ns3)cc2)CCC1)c1cc2cn[nH]c2cc1Cl[EOS],59211.27754473686,42
13.5,O=C(Nc1ccc(Cc2nnc3ccccn23)cc1)c1cccc(NC(=O)C2Cc3ccccc3C2)c1,[BOS]O=C(Nc1ccc(Cc2nnc3ccccn23)cc1)c1cccc(NC(=O)C2Cc3ccccc3C2)c1[EOS],64238.94858956337,42
14.2,O=C(Nc1nc(-c2cc3ccccc3oc2=O)cs1)c1ccc2c(c1)S(=O)(=O)c1ccccc1C2=O,[BOS]O=C(Nc1nc(-c2cc3ccccc3oc2=O)cs1)c1ccc2c(c1)S(=O)(=O)c1ccccc1C2=O[EOS][EOS][EOS][EOS][EOS][EOS][EOS],4071.4087059497833,42
12.3,O=C(NCCc1csc(-c2cccc(F)c2)n1)c1cccc(NC(=O)c2ccc3nc[nH]c3c2)c1,[BOS]O=C(NCCc1csc(-c2cccc(F)c2)n1)c1cccc(NC(=O)c2ccc3nc[nH]c3c2)c1[EOS],9977.047801494598,42
10.8,NC(N)=[NH+]c1ccc(C(=O)Nc2[nH]c(-c3ccccc3)c[nH+]2)cc1,[BOS]NC(N)=[NH+]c1ccc(C(=O)Nc2[nH]c(-c3ccccc3)c[nH+]2)cc1[EOS],13881.32243180275,42
13.4,OC(=COC(O)c1cccc2ccccc12)c1cc2c(o1)CCCC2=COCc1cc2cc3c(cc2nc1Cl)OCCO3,[BOS]O/C(=C/O[C@@H](O)c1cccc2ccccc12)c1cc2c(o1)CCC/C2=C/OCc1cc2cc3c(cc2nc1Cl)OCCO3[EOS],20702.083232164383,42
11.7,C[NH+]1CCC(CNc2cccc(C(=O)Nc3ccc(Br)cn3)c2)C1c1ccc(Cl)c(F)c1,[BOS]C[NH+]1CC[C@H](CNc2cccc(C(=O)Nc3ccc(Br)cn3)c2)[C@@H]1c1ccc(Cl)c(F)c1[EOS],26463.501034498215,42
13.9,Oc1ccc(-c2cc(-c3nc(-c4ccc5ccccc5n4)no3)ccn2)cc1-c1ccccc1,[BOS]Oc1ccc(-c2cc(-c3nc(-c4ccc5ccccc5n4)no3)ccn2)cc1-c1ccccc1[EOS],31365.002701997757,42
11.1,CC(=O)c1cccc(-c2noc(C3CCC(c4ccc(Br)cc4)CC3)n2)c1,[BOS]CC(=O)c1cccc(-c2noc(C3CCC(c4ccc(Br)cc4)CC3)n2)c1[EOS],35372.2607960701,42
13.8,Cc1nc2cc(C(=O)NC3(c4ccc(NC(=O)C5Cc6ccccc6C[NH2+]5)cc4)CCC3)ccc2s1,[BOS]Cc1nc2cc(C(=O)NC3(c4ccc(NC(=O)[C@H]5Cc6ccccc6C[NH2+]5)cc4)CCC3)ccc2s1[EOS],41295.40299105644,42
11.8,O=C(Nc1cccc(C(=O)N2CC(=O)N(Cc3ccccc3)C2)c1)C1Cc2ccccc2O1,[BOS]O=C(Nc1cccc(C(=O)N2CC(=O)N(Cc3ccccc3)C2)c1)[C@@H]1Cc2ccccc2O1[EOS],46341.60777139664,42
12.7,NC(=O)c1cc(C(=O)Nc2ccc(-c3nc4ccccc4[nH]3)cn2)nn1-c1ccccc1,[BOS]NC(=O)c1cc(C(=O)Nc2ccc(-c3nc4ccccc4[nH]3)cn2)nn1-c1ccccc1[EOS],50924.32562971115,42
14.2,Cc1cccc(-c2csc(NC(=O)c3ccc(C)c(C#Cc4ccc(-c5nnnn5C5C6CCCC65)cc4)c3)n2)c1,[BOS]Cc1ccc(C(=O)Nc2nc(-c3cccc(C)c3)cs2)cc1C#Cc1ccc(-c2nnnn2C2[C@@H]3CCC[C@H]32)cc1[EOS],55929.33813905716,42
12.5,O=C(NC1CCCC(C(=O)N2CCC(F)(F)C3CC32)C1)OCC1c2ccccc2-c2ccccc21,[BOS]O=C(N[C@@H]1CCC[C@@H](C(=O)N2CCC(F)(F)[C@@H]3C[C@H]23)C1)OCC1c2ccccc2-c2ccccc21[EOS],61142.041724443436,42
11.9,Cc1cc(=O)[nH]c(-c2cccc(OC(=O)c3cc(-c4ccc(F)cc4)nc4ccccc34)c2)n1,[BOS]Cc1cc(=O)[nH]c(-c2cccc(OC(=O)c3cc(-c4ccc(F)cc4)nc4ccccc34)c2)n1[EOS],5296.625416517258,42
11.7,O=C(NCC1OCC2CCN(C(=O)CCNC(=O)C3CC3F)CC21)c1ccc2c(cnn2-c2ccccc2)c1,[BOS]O=C(NCCC(=O)N1CC[C@H]2CO[C@@H](CNC(=O)c3ccc4c(cnn4-c4ccccc4)c3)[C@H]2C1)[C@H]1C[C@@H]1F[EOS],11686.792307138443,42
11.8,Cc1cc(=O)oc2cc(NC(=O)C(C)[NH2+]C3CCc4ccc(Br)cc4C3)ccc12,[BOS]Cc1cc(=O)oc2cc(NC(=O)[C@@H](C)[NH2+][C@H]3CCc4ccc(Br)cc4C3)ccc12[EOS],16752.57956647873,42
11.7,O=C(NCC1OCC2CCN(C(=O)COc3cccc4ccccc34)CC21)c1ccc2n[nH]nc2c1,[BOS]O=C(NC[C@@H]1OC[C@@H]2CCN(C(=O)COc3cccc4ccccc34)C[C@@H]21)c1ccc2n[nH]nc2c1[EOS],23665.233273267746,42
10.3,O=C(Cc1noc(C2CC2c2ccc(OC(F)(F)F)cc2)n1)NC1CCCCCCC1,[BOS]O=C(Cc1noc([C@@H]2C[C@H]2c2ccc(OC(F)(F)F)cc2)n1)NC1CCCCCCC1[EOS],29148.896026849747,42
11.9,CC(Oc1ccc(C(=O)OC(C)c2nc(-c3cccc(C(F)(F)F)c3)no2)cn1)c1ccccc1,[BOS]C[C@@H](Oc1ccc(C(=O)O[C@@H](C)c2nc(-c3cccc(C(F)(F)F)c3)no2)cn1)c1ccccc1[EOS],35138.58974003792,42
11.9,CC(=O)Nc1ccc(-c2csc(NC(=O)c3nnn(-c4ccc(C)c(F)c4)c3F)n2)c(F)c1,[BOS]CC(=O)Nc1ccc(-c2csc(NC(=O)c3nnn(-c4ccc(C)c(F)c4)c3F)n2)c(F)c1[EOS],40108.919623851776,42
14.6,Cc1ccc(-c2ncccc2C=Nc2cnc3c(C)cc(NC(=O)c4cnc5cc(C)ccc5c4)cc3c2)cc1,[BOS]Cc1ccc2cc(C(=O)Nc3cc(C)c4ncc(/N=C/c5cccnc5-c5ccc(C)cc5)cc4c3)cnc2c1[EOS],45323.2349820137,42
12.6,O=[N+]([O-])c1ccc(N2CCN(c3cccc(Cl)c3)CC2)cc1-c1nc(-c2cccc(O)c2O)no1,[BOS]Oc1cccc(-c2noc(-c3cc(N4CCN(c5cccc(Cl)c5)CC4)ccc3[N+](=O)[O-])n2)c1O[EOS],50357.42283034325,42
11.7,Cc1noc(-c2ccc(C(=O)Nc3cc(-c4cccnc4)ccc3C)cc2)n1,[BOS]Cc1noc(-c2ccc(C(=O)Nc3cc(-c4cccnc4)ccc3C)cc2)n1[EOS],54296.741117954254,42
12.5,O=C(Nc1ccccc1)Nc1cc(NC(=O)c2cccc(-n3ccc(C(F)(F)F)n3)c2)ccc1F,[BOS]O=C(Nc1ccccc1)Nc1cc(NC(=O)c2cccc(-n3ccc(C(F)(F)F)n3)c2)ccc1F[EOS],59348.01326966286,42
10.9,Cc1ccc(C2CC(C)N(C(=O)CCc3nc(-c4ccc(C)c(F)c4)no3)C2)cc1,[BOS]Cc1ccc([C@H]2C[C@@H](C)N(C(=O)CCc3nc(-c4ccc(C)c(F)c4)no3)C2)cc1[EOS],63497.47325205803,42
11.6,Cc1c(NC(=O)Cc2noc(C3CCc4nnnn4CC3)n2)c(=O)n(-c2ccccc2)n1C,[BOS]Cc1c(NC(=O)Cc2noc([C@@H]3CCc4nnnn4CC3)n2)c(=O)n(-c2ccccc2)n1C[EOS][EOS][EOS][EOS][EOS][EOS][EOS],5845.1133642196655,42
11.6,Cc1cccc(NC(=O)Cc2noc(-c3cc4cc(C)c(C)cc4o3)n2)c1,[BOS]Cc1cccc(NC(=O)Cc2noc(-c3cc4cc(C)c(C)cc4o3)n2)c1[EOS],10627.069855690002,42
12.1,O=C(Nc1cc(C2CCCCN2C(=O)CC2Cc3ccccc3C2)[nH]n1)c1cccn2ccnc12,[BOS]O=C(Nc1cc([C@@H]2CCCCN2C(=O)CC2Cc3ccccc3C2)[nH]n1)c1cccn2ccnc12[EOS][EOS][EOS][EOS][EOS][EOS][EOS][EOS],15954.365065097809,42
15.0,Fc1ccc(-c2noc(-c3cccc(-c4noc(C5CCCCC5)n4)c3)n2)c(F)c1N1CCCc2ccccc2CC1,[BOS]Fc1ccc(-c2noc(-c3cccc(-c4noc(C5CCCCC5)n4)c3)n2)c(F)c1N1CCCc2ccccc2CC1[EOS],20944.19856262207,42
11.9,O=C(Nc1ccccc1)c1ccc(-c2ncnc3c2cnn3-c2ccccc2F)cc1,[BOS]O=C(Nc1ccccc1)c1ccc(-c2ncnc3c2cnn3-c2ccccc2F)cc1[EOS][EOS][EOS][EOS][EOS][EOS][EOS],26715.593341588974,42
14.2,O=C(NCc1nnc(-c2ccc(-c3nccc4ccccc34)cc2)o1)c1ccc(-c2cccc3ccccc23)cc1,[BOS]O=C(NCc1nnc(-c2ccc(-c3nccc4ccccc34)cc2)o1)c1ccc(-c2cccc3ccccc23)cc1[EOS],32550.643299102783,42
11.7,CC1CN(c2cc[nH+]c(C(=O)Nc3ccc(CNC(=O)c4ccc(C(F)(F)F)cc4)cc3)c2)CCO1,[BOS]C[C@H]1CN(c2cc[nH+]c(C(=O)Nc3ccc(CNC(=O)c4ccc(C(F)(F)F)cc4)cc3)c2)CCO1[EOS],38349.76736187935,42
11.6,Cn1ccnc1COc1ccc(C(=O)Nc2cccc(Cn3nc4ccccn4c3=O)c2)cc1OC(F)(F)F,[BOS]Cn1ccnc1COc1ccc(C(=O)Nc2cccc(Cn3nc4ccccn4c3=O)c2)cc1OC(F)(F)F[EOS],43689.61391830444,42
12.4,O=C(C#Cc1ccc2c(c1)OCO2)NCc1cccc(Oc2ccc3ccccc3c2)c1,[BOS]O=C(C#Cc1ccc2c(c1)OCO2)NCc1cccc(Oc2ccc3ccccc3c2)c1[EOS],49449.38228344917,42
11.9,Cc1c(C(=O)Oc2ccc(-c3ccccc3)cc2F)nnn1-c1ccc2ncccc2c1,[BOS]Cc1c(C(=O)Oc2ccc(-c3ccccc3)cc2F)nnn1-c1ccc2ncccc2c1[EOS],54528.21773457527,42
12.8,Fc1ccc(-c2cc(-c3nc(-c4ccc5nnc(-c6cccc(F)c6)n5c4)no3)[nH]n2)cc1,[BOS]Fc1cccc(-c2nnc3ccc(-c4noc(-c5cc(-c6ccc(F)cc6)n[nH]5)n4)cn23)c1[EOS],59177.45636558533,42
12.4,Fc1nc(F)c(F)c(-c2nc(-c3cccc(-n4cnc5ccccc54)n3)no2)c1F,[BOS]Fc1nc(F)c(F)c(-c2nc(-c3cccc(-n4cnc5ccccc54)n3)no2)c1F[EOS],62493.71619582176,42
13.1,Cc1ccc2oc(C(=O)Nc3ccc(C(=O)NC4CCCCC4)o3)cc2c1Cc1c(C)nc2c(c1C)C(=O)N(C)CC2,[BOS]Cc1ccc2oc(C(=O)Nc3ccc(C(=O)NC4CCCCC4)o3)cc2c1Cc1c(C)nc2c(c1C)C(=O)N(C)CC2[EOS],4769.52273774147,42
12.5,Cc1ccc(C2(CNC(=O)C(=O)Nc3cc(C)n(-c4ccc(C)c(C)c4)n3)CCC2)c(C)c1,[BOS]Cc1ccc(C2(CNC(=O)C(=O)Nc3cc(C)n(-c4ccc(C)c(C)c4)n3)CCC2)c(C)c1[EOS],10063.128512382507,42
12.5,O=[N+]([O-])c1ccc(-c2cnc(O)c(-c3nc4ccc(Oc5cncc(-n6cnc(Cl)c6)c5)cc4o3)c2)cn1,[BOS]O=[N+]([O-])c1ccc(-c2cnc(O)c(-c3nc4ccc(Oc5cncc(-n6cnc(Cl)c6)c5)cc4o3)c2)cn1[EOS],15356.1235601902,42
11.9,O=C(NCCc1ccc2ccccc2c1)c1c(F)ccc2c(=O)c3cccc(F)c3[nH]c12,[BOS]O=C(NCCc1ccc2ccccc2c1)c1c(F)ccc2c(=O)c3cccc(F)c3[nH]c12[EOS],21192.666464328766,42
12.0,Cc1nc(-c2ccnc(NC(=O)C3CCc4ccccc4C3)c2)[nH]c(=O)c1CC1CCC(CN=C=O)CC1,[BOS]Cc1nc(-c2ccnc(NC(=O)[C@@H]3CCc4ccccc4C3)c2)[nH]c(=O)c1C[C@H]1CC[C@H](CN=C=O)CC1[EOS],25323.124638795853,42
11.5,Cc1ccn(-c2ccc(C(=O)Nc3ccc(OCc4cccc(F)c4)c(F)c3)cc2)n1,[BOS]Cc1ccn(-c2ccc(C(=O)Nc3ccc(OCc4cccc(F)c4)c(F)c3)cc2)n1[EOS],30051.64402127266,42
11.4,Cc1ccc(-c2[nH]nc(NC(=O)CCNC(=O)c3cc4ccccc4[nH]3)c2C)o1,[BOS]Cc1ccc(-c2[nH]nc(NC(=O)CCNC(=O)c3cc4ccccc4[nH]3)c2C)o1[EOS],35093.939591407776,42
12.0,Cc1cc(=O)[nH]c2cc(C(=O)Nc3ccc(OCc4cccc(F)c4)c(F)c3)ccc12,[BOS]Cc1cc(=O)[nH]c2cc(C(=O)Nc3ccc(OCc4cccc(F)c4)c(F)c3)ccc12[EOS],39940.89565992355,42
12.4,CCc1nnc(-c2cccc(NC(=O)c3cnc(-c4cccc5ccccc45)[nH]c3=O)c2)o1,[BOS]CCc1nnc(-c2cccc(NC(=O)c3cnc(-c4cccc5ccccc45)[nH]c3=O)c2)o1[EOS],44976.476833581924,42
12.5,O=C(Nc1ccc(Cc2nc3ccccc3o2)cc1)C1COc2ccc(F)cc2C1,[BOS]O=C(Nc1ccc(Cc2nc3ccccc3o2)cc1)[C@@H]1COc2ccc(F)cc2C1[EOS],50501.1978533268,42
11.6,O=c1cc(Cc2cnc[nH]2)[nH]n1-c1ccc2nnc(-c3ccc(OC(F)F)cc3)nc2c1,[BOS]O=c1cc(Cc2cnc[nH]2)[nH]n1-c1ccc2nnc(-c3ccc(OC(F)F)cc3)nc2c1[EOS],55024.740595817566,42
11.8,O=C(NCc1cccc2c1OCO2)Nc1cccc(C#Cc2cccc(C(=O)[O-])c2)c1,[BOS]O=C(NCc1cccc2c1OCO2)Nc1cccc(C#Cc2cccc(C(=O)[O-])c2)c1[EOS],59751.67135953903,42
12.0,O=C(CC1Cc2ccccc2C1)NCC1OCC2CCN(C(=O)Cc3ccc4ccccc4c3)CC21,[BOS]O=C(CC1Cc2ccccc2C1)NC[C@@H]1OC[C@@H]2CCN(C(=O)Cc3ccc4ccccc4c3)C[C@@H]21[EOS],6120.436737537384,42
10.8,N#Cc1cccc(-c2cc(C(F)(F)NC3CCN(S(=O)(=O)c4ccccc4)CCC3F)cnc2Cl)c1,[BOS]O=S(=O)(c1ccccc1)N1CC[C@@H](NC(F)(F)c2cnc(Cl)c(-c3cccc(C#N)c3)c2)[C@@H](F)CC1[EOS],11319.017219543457,42
12.8,Cn1cnc2ccc(-c3cc(C(=O)Nc4cccc(F)c4)ccc3F)nc2c1=NCc1cccnc1N1CCOCC1,[BOS]Cn1cnc2ccc(-c3cc(C(=O)Nc4cccc(F)c4)ccc3F)nc2c1=NCc1cccnc1N1CCOCC1[EOS],15640.329278707504,42
11.8,Cc1ccc(-c2nc(SC(C)c3nc4sc5c(c4c(=O)[nH]3)CCCC5)n[nH]2)c2ccccc12,[BOS]Cc1ccc(-c2nc(S[C@@H](C)c3nc4sc5c(c4c(=O)[nH]3)CCCC5)n[nH]2)c2ccccc12[EOS],20508.998917102814,42
11.2,Cc1ccn(-c2cccc(C(=O)Nc3ccnn3Cc3cccc(C(F)(F)F)c3)c2)n1,[BOS]Cc1ccn(-c2cccc(C(=O)Nc3ccnn3Cc3cccc(C(F)(F)F)c3)c2)n1[EOS],25138.11418914795,42
12.1,CC1CCN(c2ccc(-c3nnc(-c4cc5ccc(F)cc5nc4O)o3)nn2)CC1,[BOS]CC1CCN(c2ccc(-c3nnc(-c4cc5ccc(F)cc5nc4O)o3)nn2)CC1[EOS],29592.69328713417,42
14.3,c1ccc2c(c1)cnn2-c1ccc(-c2noc(-c3cncc(-c4ccc5c(c4)CCOC5)c3)n2)cn1,[BOS]c1ccc2c(c1)cnn2-c1ccc(-c2noc(-c3cncc(-c4ccc5c(c4)CCOC5)c3)n2)cn1[EOS],34139.5421898365,42
13.2,O=C(CN1CCc2[nH]c3ccc(CN=C(O)c4cccc(Cl)c4)cc3c2C1)c1ccc2cccc(Cc3ccccc3F)c2c1,[BOS]O=C(CN1CCc2[nH]c3ccc(CN=C(O)c4cccc(Cl)c4)cc3c2C1)c1ccc2cccc(Cc3ccccc3F)c2c1[EOS],40904.806335926056,42
11.4,Cc1oc(C(N)=O)cc1-c1csc(NC(=O)C2=Cc3cc(Cl)ccc3OC2)n1,[BOS]Cc1oc(C(N)=O)cc1-c1csc(NC(=O)C2=Cc3cc(Cl)ccc3OC2)n1[EOS],45257.726561784744,42
14.7,Cc1ccc(NOc2cccc(-c3cc(-c4cccc5ccccc45)c4ccccc4c3)c2)cc1-c1ccccc1,[BOS]Cc1ccc(NOc2cccc(-c3cc4ccccc4c(-c4cccc5ccccc45)c3)c2)cc1-c1ccccc1[EOS],51402.36035037041,42
14.3,O=c1c(-c2cccc(-c3ccc4ncccc4c3)c2)coc2c3c(ccc12)CC(OOCc1ccc2ccccc2c1)N=C3[O-],[BOS]O=c1c(-c2cccc(-c3ccc4ncccc4c3)c2)coc2c3c(ccc12)CC(OOCc1ccc2ccccc2c1)N=C3[O-][EOS],56278.58956551552,42
12.5,CC(NC(=O)c1ccc2c(c1)ncn2-c1cccc(Br)c1)c1ccc2[nH]c(=O)[nH]c2c1,[BOS]C[C@@H](NC(=O)c1ccc2c(c1)ncn2-c1cccc(Br)c1)c1ccc2[nH]c(=O)[nH]c2c1[EOS],61109.904435157776,42
11.4,CC(NC(=O)NCC(=O)N1CCCc2ccccc21)c1cccc(NC(=O)c2ccccc2)c1,[BOS]C[C@H](NC(=O)NCC(=O)N1CCCc2ccccc21)c1cccc(NC(=O)c2ccccc2)c1[EOS],5650.8418209552765,42
12.1,Cc1ccc2cccc(-c3nc(-c4ccc(S(=O)(=O)c5ccccc5)cc4)no3)c2n1,[BOS]Cc1ccc2cccc(-c3nc(-c4ccc(S(=O)(=O)c5ccccc5)cc4)no3)c2n1[EOS][EOS][EOS][EOS][EOS][EOS][EOS][EOS],9583.520714759827,42
12.0,CC1Cc2cc(-c3ccc(CNC(=O)Nc4ccc5c(c4)OCC(=O)N5C)cc3)ccc2O1,[BOS]CN1C(=O)COc2cc(NC(=O)NCc3ccc(-c4ccc5c(c4)C[C@@H](C)O5)cc3)ccc21[EOS],14274.708448648453,42
11.6,Cc1ccc(-c2cncc(C(=O)Nn3cnc4c(C)cccc4c3=O)c2)cc1,[BOS]Cc1ccc(-c2cncc(C(=O)Nn3cnc4c(C)cccc4c3=O)c2)cc1[EOS],18464.344474554062,42
13.2,Cn1c(=O)[nH]c2ncc(-c3ccc(-c4nc(COc5ccc6ccccc6c5)no4)cc3)cc2c1=O,[BOS]Cn1c(=O)[nH]c2ncc(-c3ccc(-c4nc(COc5ccc6ccccc6c5)no4)cc3)cc2c1=O[EOS],24294.66058945656,42
12.0,O=C(NCC1OCC2CCN(C(=O)C3Cc4ccccc4C3)CC21)c1cc(=O)c(OCc2ccccc2)c[nH]1,[BOS]O=C(NC[C@@H]1OC[C@@H]2CCN(C(=O)C3Cc4ccccc4C3)C[C@@H]21)c1cc(=O)c(OCc2ccccc2)c[nH]1[EOS],30487.723654031754,42
12.4,O=C(NCCc1c[nH]c2cccnc12)c1ccc(-c2csc(-c3cccc(C(F)(F)F)c3)n2)cc1,[BOS]O=C(NCCc1c[nH]c2cccnc12)c1ccc(-c2csc(-c3cccc(C(F)(F)F)c3)n2)cc1[EOS],36097.14562654495,42
13.3,O=C(CCc1c[nH]c2ncccc12)NC1(c2ccc(NC(=O)c3[nH]cc4c3CCc3ncccc3-4)cc2)CCC1,[BOS]O=C(CCc1c[nH]c2ncccc12)NC1(c2ccc(NC(=O)c3[nH]cc4c3CCc3ncccc3-4)cc2)CCC1[EOS],43389.6069483757,42
12.7,Cc1c(C(=O)NCc2ccc(NC(=O)c3ccncc3)cc2)oc2c1-c1ccccc1CC1(CCOCC1)O2,[BOS]Cc1c(C(=O)NCc2ccc(NC(=O)c3ccncc3)cc2)oc2c1-c1ccccc1CC1(CCOCC1)O2[EOS],48696.51378035545,42
12.2,Cc1cnccc1-c1cc(-c2cccc(C(=O)Cc3ccc(Cl)c(C(F)(F)F)c3)c2C(F)(F)F)on1,[BOS]Cc1cnccc1-c1noc(-c2cccc(C(=O)Cc3ccc(Cl)c(C(F)(F)F)c3)c2C(F)(F)F)c1[EOS],53126.75385403633,42
12.5,O=C(NCc1ccc(-n2cnc3ccccc32)nc1)c1ccc2c(=O)n3c(nc2c1)CCCCCC3,[BOS]O=C(NCc1ccc(-n2cnc3ccccc32)nc1)c1ccc2c(=O)n3c(nc2c1)CCCCCC3[EOS],58459.79065966606,42
13.1,Cc1[nH]n(-c2ccc(F)cc2)c(=O)c1C=Nc1ccc2[nH]c(-c3ccccc3)c(-c3ccc4c(c3)OCO4)c2c1,[BOS]Cc1[nH]n(-c2ccc(F)cc2)c(=O)c1C=Nc1ccc2[nH]c(-c3ccccc3)c(-c3ccc4c(c3)OCO4)c2c1[EOS],62807.84879899025,42
12.1,Cc1cc(NC(=O)c2ccc(F)cc2Cl)sc1-c1nc(-c2ccc(N3CCCC3)nc2)no1,[BOS]Cc1cc(NC(=O)c2ccc(F)cc2Cl)sc1-c1nc(-c2ccc(N3CCCC3)nc2)no1[EOS],5104.7690007686615,42
12.1,Cc1ccnc(-c2cccc(NC(=O)c3cccc(NC4=NS(=O)(=O)c5ccccc54)c3)c2)n1,[BOS]Cc1ccnc(-c2cccc(NC(=O)c3cccc(NC4=NS(=O)(=O)c5ccccc54)c3)c2)n1[EOS],9916.405913591385,42
12.4,Cc1cccc2c1OCC(NC(=O)C(=O)Nc1cnc3c(c1)c(C)nn3-c1ccccc1)C2,[BOS]Cc1cccc2c1OC[C@@H](NC(=O)C(=O)Nc1cnc3c(c1)c(C)nn3-c1ccccc1)C2[EOS],14331.596984863281,42
14.0,O=C(Nc1cccc(-c2ccc3ccc(-n4cnnn4)nc3n2)c1)c1ccc2c(c1)CCCCC2=O,[BOS]O=C(Nc1cccc(-c2ccc3ccc(-n4cnnn4)nc3n2)c1)c1ccc2c(c1)CCCCC2=O[EOS],19242.088250398636,42
13.0,O=C(Nc1cc(-c2nc3cc(Cl)c(F)cc3[nH]2)ccc1Cl)c1nn(-c2cccc(F)c2F)c2c1ccc1ccccc12,[BOS]O=C(Nc1cc(-c2nc3cc(Cl)c(F)cc3[nH]2)ccc1Cl)c1nn(-c2cccc(F)c2F)c2c1ccc1ccccc12[EOS],24529.14042878151,42
12.9,O=C(c1ccc(-c2noc(-c3ccc(F)cc3)n2)cc1)N1CCCC(c2nnc3ccccn23)C1,[BOS]O=C(c1ccc(-c2noc(-c3ccc(F)cc3)n2)cc1)N1CCC[C@@H](c2nnc3ccccn23)C1[EOS],29320.006744146347,42
11.7,Cc1cncnc1OCc1cccc(-c2nc3c(F)c(F)c(C(F)(F)Br)c(F)c3[nH]2)c1F,[BOS]Cc1cncnc1OCc1cccc(-c2nc3c(F)c(F)c(C(F)(F)Br)c(F)c3[nH]2)c1F[EOS],33959.03865814209,42
11.7,c1ccc(Oc2cccc(-c3noc(C[NH+]4CCN(c5ccccn5)CC4)n3)c2)cc1,[BOS]c1ccc(N2CC[NH+](Cc3nc(-c4cccc(Oc5ccccc5)c4)no3)CC2)nc1[EOS],39766.09788799286,42
12.9,Cc1cc2cc(C(=O)Nc3cc(C4CCCCN4C(=O)c4cc5c(F)cc(F)cc5[nH]4)[nH]n3)ccc2[nH]1,[BOS]Cc1cc2cc(C(=O)Nc3cc([C@H]4CCCCN4C(=O)c4cc5c(F)cc(F)cc5[nH]4)[nH]n3)ccc2[nH]1[EOS],45141.865238666534,42
11.1,Cc1cncc(Cc2cn(C3CCc4ccccc4C3)c3ccccc23)c1CNC(=O)C=Cc1ccccc1C(N)=O,[BOS]Cc1cncc(Cc2cn([C@@H]3CCc4ccccc4C3)c3ccccc23)c1CNC(=O)C=Cc1ccccc1C(N)=O[EOS],50226.555812358856,42
13.5,O=C(Nc1nc2n(n1)CCCC2)c1ccc2c(c1)CC(c1ccccc1)OC2=O,[BOS]O=C(Nc1nc2n(n1)CCCC2)c1ccc2c(c1)C[C@@H](c1ccccc1)OC2=O[EOS],54355.87033224106,42
12.0,O=C(CC(=O)N1CCCCC1c1cc(NC(=O)C2CCc3ccccc32)n[nH]1)Nc1ccc(F)cc1,[BOS]O=C(CC(=O)N1CCCC[C@@H]1c1cc(NC(=O)[C@@H]2CCc3ccccc32)n[nH]1)Nc1ccc(F)cc1[EOS],60784.468702077866,42
13.4,Cn1ncnc1C(=O)NC1(c2ccc(NC(=O)c3cccc(C(=O)NCCCC4CCCc5ccccc5C4)c3)cc2)CCOCC1,[BOS]Cn1ncnc1C(=O)NC1(c2ccc(NC(=O)c3cccc(C(=O)NCCCC4Cc5ccccc5CCC4)c3)cc2)CCOCC1[EOS],6007.3342044353485,42
12.2,CC(NC(=O)Nc1ccc(-c2ccccc2F)nn1)c1cccc(NC(=O)c2ccccc2)c1,[BOS]C[C@@H](NC(=O)Nc1ccc(-c2ccccc2F)nn1)c1cccc(NC(=O)c2ccccc2)c1[EOS],11145.656358242035,42
11.6,CC(=O)c1cc(C(=O)Nc2ccc(S(=O)(=O)Nc3ccc(F)cc3)cc2)ccc1C,[BOS]CC(=O)c1cc(C(=O)Nc2ccc(S(=O)(=O)Nc3ccc(F)cc3)cc2)ccc1C[EOS],16115.365867853165,42
12.3,O=S(=O)(Nc1cccc(-c2noc(Cc3ccc(F)cc3)n2)c1)c1cc(C(F)(F)F)ccc1[O-],[BOS]O=S(=O)(Nc1cccc(-c2noc(Cc3ccc(F)cc3)n2)c1)c1cc(C(F)(F)F)ccc1[O-][EOS],21766.338399648666,42
11.2,Cc1cocc1C(=O)Nc1cccc(C(=O)Nc2cccc(-c3nn[n-]n3)c2)c1C,[BOS]Cc1cocc1C(=O)Nc1cccc(C(=O)Nc2cccc(-c3nn[n-]n3)c2)c1C[EOS],26262.10261821747,42
12.5,O=S1CCCCN1c1nc2nc(O)nc(NCCCc3ccc4ccccc4c3)c2cc1NS(=O)(=O)c1ccc2ccccc2c1O,[BOS]O=S1CCCCN1c1nc2nc(O)nc(NCCCc3ccc4ccccc4c3)c2cc1NS(=O)(=O)c1ccc2ccccc2c1O[EOS],33085.18404221535,42
10.6,CC(NC(=O)c1cc(OCc2ccccc2)ccn1)c1cccc(N2CCCC2=O)c1,[BOS]C[C@H](NC(=O)c1cc(OCc2ccccc2)ccn1)c1cccc(N2CCCC2=O)c1[EOS],38559.21738743782,42
13.6,O=C1CCc2cc(C(=O)Nc3cccc(CNC(=O)Nc4nc5c(s4)CCCC5C4(CCO)CCCC4)c3)ccc2N1,[BOS]O=C(NCc1cccc(NC(=O)c2ccc3c(c2)CCC(=O)N3)c1)Nc1nc2c(s1)CCCC2C1(CCO)CCCC1[EOS],44443.824897527695,42
12.0,Clc1cccc(-c2noc(CCc3nnc(-c4ccc5ccccc5c4)o3)n2)c1Br,[BOS]Clc1cccc(-c2noc(CCc3nnc(-c4ccc5ccccc5c4)o3)n2)c1Br[EOS],49516.54161143303,42
11.9,Cn1ccc2cccc(C(=O)Nc3ccc(C4(NC(=O)c5c[nH]c(-c6ccc(F)cc6)c5)CCC4)cc3)c21,[BOS]Cn1ccc2cccc(C(=O)Nc3ccc(C4(NC(=O)c5c[nH]c(-c6ccc(F)cc6)c5)CCC4)cc3)c21[EOS][EOS][EOS][EOS],54580.29318475723,42
11.9,O=C(Oc1ccc2oc(=O)c3c4ccccc4oc3c2c1)c1ccc(OCc2ccccc2)cc1,[BOS]O=C(Oc1ccc2oc(=O)c3c(oc4ccccc43)c2c1)c1ccc(OCc2ccccc2)cc1[EOS][EOS][EOS][EOS][EOS][EOS],59295.95209765434,42
12.8,N#Cc1ccc(Oc2ccc(-c3cnc4[nH]c(-c5nc(Cl)ccc5F)cc(=O)c4c3F)cc2F)cc1,[BOS]N#Cc1ccc(Oc2ccc(-c3cnc4[nH]c(-c5nc(Cl)ccc5F)cc(=O)c4c3F)cc2F)cc1[EOS],63754.40205311775,42
12.1,Cc1ccn(-c2cccc(C(=O)Nc3n[nH]c(-c4ccc5ccccc5n4)n3)c2)n1,[BOS]Cc1ccn(-c2cccc(C(=O)Nc3n[nH]c(-c4ccc5ccccc5n4)n3)c2)n1[EOS],4306.174444437027,42
12.1,O=C(CC1SC(N2CCOCC2)=[NH+]C1=O)Nc1ccc(C(=O)Nc2cccc(CNc3ccccn3)n2)cc1,[BOS]O=C(C[C@H]1SC(N2CCOCC2)=[NH+]C1=O)Nc1ccc(C(=O)Nc2cccc(CNc3ccccn3)n2)cc1[EOS],10840.118790388107,42
13.1,Cc1nc2cc(C(=O)Nc3cccc(C(O)=Nc4cccc(O)c4)c3)ccc2n1-c1cccc(C(F)(F)F)c1,[BOS]Cc1nc2cc(C(=O)Nc3cccc(C(O)=Nc4cccc(O)c4)c3)ccc2n1-c1cccc(C(F)(F)F)c1[EOS],16460.564382314682,42
13.0,FC(F)(F)c1ccc(Nc2cccc(-c3noc(C4CCOc5ccccc5C4)n3)c2)c(OCc2ccccc2Cl)c1,[BOS]FC(F)(F)c1ccc(Nc2cccc(-c3noc([C@H]4CCOc5ccccc5C4)n3)c2)c(OCc2ccccc2Cl)c1[EOS],20988.764647483826,42
11.7,N#Cc1ccc(Oc2cccc(C(=O)Nc3ccc(-n4cnc5ccccc54)cc3)c2)cc1,[BOS]N#Cc1ccc(Oc2cccc(C(=O)Nc3ccc(-n4cnc5ccccc54)cc3)c2)cc1[EOS],25839.451518058777,42
12.4,Cc1cc(F)cc2c(=O)c(-c3noc(-c4ccc(S(=O)(=O)C5CCCC5)cc4)n3)c[nH]c12,[BOS]Cc1cc(F)cc2c(=O)c(-c3noc(-c4ccc(S(=O)(=O)C5CCCC5)cc4)n3)c[nH]c12[EOS],29977.764226436615,42
12.4,Cc1c(C(=O)Oc2ccc(C(=O)c3ccccc3)cc2)sc2nc3n(c(=O)c12)CCCCC3,[BOS]Cc1c(C(=O)Oc2ccc(C(=O)c3ccccc3)cc2)sc2nc3n(c(=O)c12)CCCCC3[EOS],35331.67768526077,42
11.9,Clc1ccccc1Cc1nc(-c2ccc(-c3nc(-c4ccccc4Cl)no3)cc2)no1,[BOS]Clc1ccccc1-c1noc(-c2ccc(-c3noc(Cc4ccccc4Cl)n3)cc2)n1[EOS],39300.58549666405,42
12.0,CCc1ccc(-c2cc(NC(=O)C=Cc3ccc4ccc(Cl)cc4n3)n(C)n2)cc1,[BOS]CCc1ccc(-c2cc(NC(=O)C=Cc3ccc4ccc(Cl)cc4n3)n(C)n2)cc1[EOS],44269.96511936188,42
12.0,Cc1ccnc(-c2cc(CCCC(=O)Nc3nnc(-c4c(F)cccc4F)s3)ccn2)c1,[BOS]Cc1ccnc(-c2cc(CCCC(=O)Nc3nnc(-c4c(F)cccc4F)s3)ccn2)c1[EOS],49853.46576356888,42
11.6,CC(OC(=O)CCc1nc2sc3c(c2c(=O)[nH]1)CCCC3)C(=O)Nc1ccc2c(c1)OC(F)(F)O2,[BOS]C[C@@H](OC(=O)CCc1nc2sc3c(c2c(=O)[nH]1)CCCC3)C(=O)Nc1ccc2c(c1)OC(F)(F)O2[EOS][EOS][EOS][EOS][EOS][EOS][EOS],56229.52865457535,42
12.7,CC(C)c1noc(-c2cccc(C(=O)Nc3ccc(-c4ncc5n4CCCCC5)cc3)c2)n1,[BOS]CC(C)c1noc(-c2cccc(C(=O)Nc3ccc(-c4ncc5n4CCCCC5)cc3)c2)n1[EOS],60652.80618643761,42
12.6,O=c1cc(-c2cccc(OCc3ccccc3)c2)cnn1-c1ccc2c(c1)OCCCC2C(O)=NCc1ccc(F)cc1F,[BOS]O=c1cc(-c2cccc(OCc3ccccc3)c2)cnn1-c1ccc2c(c1)OCCC[C@@H]2C(O)=NCc1ccc(F)cc1F[EOS],5834.608820199966,42
13.7,O=C(Cc1ccc(-c2noc(-c3ccc(N4CCCC4)nn3)n2)cc1)c1ccc2c(F)cc(F)cc2c1,[BOS]O=C(Cc1ccc(-c2noc(-c3ccc(N4CCCC4)nn3)n2)cc1)c1ccc2c(F)cc(F)cc2c1[EOS],11419.735512018204,42
12.4,Nc1c(NC(=O)c2ccc3c(c2)OCCCO3)cccc1-c1nc(-c2cccc(C(F)(F)F)c2Cl)no1,[BOS]Nc1c(NC(=O)c2ccc3c(c2)OCCCO3)cccc1-c1nc(-c2cccc(C(F)(F)F)c2Cl)no1[EOS],16084.379544496536,42
12.0,Cc1ccc(Cc2nnc(NC(=O)c3cccc(OCc4cnc5ccccc5n4)c3)s2)cc1,[BOS]Cc1ccc(Cc2nnc(NC(=O)c3cccc(OCc4cnc5ccccc5n4)c3)s2)cc1[EOS],21117.12818980217,42
13.7,O=C(Nc1nc(-c2cccc3ccccc23)cs1)c1cccc(NC(=O)C2Cc3ccccc3O2)c1,[BOS]O=C(Nc1nc(-c2cccc3ccccc23)cs1)c1cccc(NC(=O)[C@H]2Cc3ccccc3O2)c1[EOS],26325.327296495438,42
14.3,O=C(Nc1ccc2c(C(=O)Nc3ccc(F)c(Cl)c3)nccc2n1)c1ccc(-c2ccccc2C(F)(F)F)cc1,[BOS]O=C(Nc1ccc2c(C(=O)Nc3ccc(F)c(Cl)c3)nccc2n1)c1ccc(-c2ccccc2C(F)(F)F)cc1[EOS],32146.85914206505,42
11.4,Cc1ccc(CCC(=O)N2CCCCC2c2cc(NC(=O)C3(C)CC3C)n[nH]2)c2ccccc12,[BOS]Cc1ccc(CCC(=O)N2CCCC[C@@H]2c2cc(NC(=O)[C@]3(C)C[C@H]3C)n[nH]2)c2ccccc12[EOS][EOS][EOS][EOS][EOS][EOS][EOS],37367.57678294182,42
12.5,Cc1nc(-c2ccc(C)c(NC(=O)c3ccc4c(c3)C(=O)N(C3CCCCC3)C4=O)c2)n[nH]1,[BOS]Cc1nc(-c2ccc(C)c(NC(=O)c3ccc4c(c3)C(=O)N(C3CCCCC3)C4=O)c2)n[nH]1[EOS],41902.343604803085,42
14.6,O=C(Nc1cccc(C(O)=NN=C(O)c2ccc3ccccc3n2)c1)c1cc2n(n1)CCc1ccccc1-2,[BOS]O=C(Nc1cccc(C(O)=NN=C(O)c2ccc3ccccc3n2)c1)c1cc2n(n1)CCc1ccccc1-2[EOS],47702.30636024475,42
12.3,Cc1cccc(Oc2ccc(-c3nc(Cc4nccc5ccccc45)no3)cc2)c1,[BOS]Cc1cccc(Oc2ccc(-c3nc(Cc4nccc5ccccc45)no3)cc2)c1[EOS],52698.9051656723,42
11.2,CCN(Cc1nc(O)c2ccccc2[nH+]1)C(O)=Nc1ccc2oc(-c3ccc(C)c(Cl)c3)nc2c1,[BOS]CCN(Cc1nc(O)c2ccccc2[nH+]1)C(O)=Nc1ccc2oc(-c3ccc(C)c(Cl)c3)nc2c1[EOS],58160.95283770561,42
12.9,O=C(Nc1ccc(C(=O)Nc2ccccc2F)c(Cl)c1)c1cccc(Nn2c(O)c3c(c2O)CC=CC3)c1,[BOS]O=C(Nc1ccccc1F)c1ccc(NC(=O)c2cccc(Nn3c(O)c4c(c3O)CC=CC4)c2)cc1Cl[EOS],63470.527294397354,42
12.6,Cc1ccc(NC(=O)c2ccccc2)cc1NC(=O)c1cc2c(ccc3ccccc32)oc1=O,[BOS]Cc1ccc(NC(=O)c2ccccc2)cc1NC(=O)c1cc2c(ccc3ccccc32)oc1=O[EOS],5273.344618797302,42
11.4,Cn1cnc(-c2cccc(N=C(O)N3CCCC(C(=O)c4ccc(F)cc4)C3)c2)n1,[BOS]Cn1cnc(-c2cccc(N=C(O)N3CCCC(C(=O)c4ccc(F)cc4)C3)c2)n1[EOS],9511.202110290527,42
11.3,O=C(c1cc2oc(-c3ccccc3)cc2[nH]1)N1CCC2C1CCN2C(=O)C1(F)CCCC(F)(F)C1,[BOS]O=C(c1cc2oc(-c3ccccc3)cc2[nH]1)N1CC[C@H]2[C@@H]1CCN2C(=O)[C@@]1(F)CCCC(F)(F)C1[EOS],14239.874064445496,42
13.3,Cc1cn2ccc(-c3nc(-c4ccc5c(c4)COC5c4ccc(F)cc4)no3)cc2[nH+]1,[BOS]Cc1cn2ccc(-c3nc(-c4ccc5c(c4)CO[C@H]5c4ccc(F)cc4)no3)cc2[nH+]1[EOS],18085.50290465355,42
12.6,O=c1oc2ccccc2cc1-c1noc(-c2cc(-c3ccccc3Cl)nc(N3CCCc4ccccc43)c2)n1,[BOS]Clc1ccccc1-c1cc(-c2nc(-c3cc4ccccc4oc3=O)no2)cc(N2CCCc3ccccc32)n1[EOS],22741.68412566185,42
12.5,CC(=O)N1CCCc2cc(-c3noc(-c4ccc(-c5nc6ccccc6[nH]5)s4)n3)ccc21,[BOS]CC(=O)N1CCCc2cc(-c3noc(-c4ccc(-c5nc6ccccc6[nH]5)s4)n3)ccc21[EOS],26987.963543891907,42
11.9,FC(F)c1noc2ncc(-c3nc(-c4ccc(COc5ccccc5)cc4)no3)cc12,[BOS]FC(F)c1noc2ncc(-c3nc(-c4ccc(COc5ccccc5)cc4)no3)cc12[EOS],31486.701196193695,42
12.7,N#Cc1ccc(OCc2cccc(C(O)=NN=C(O)c3ccc4c(c3)C(=O)c3ccccc3-4)c2)cc1Cl,[BOS]N#Cc1ccc(OCc2cccc(C(O)=NN=C(O)c3ccc4c(c3)C(=O)c3ccccc3-4)c2)cc1Cl[EOS],37369.0878868103,42
12.2,Cc1ccc(C2=NOC(CNC(=O)Nc3cccc(Oc4ccnc5ccccc45)c3)C2)cc1C,[BOS]Cc1ccc(C2=NO[C@H](CNC(=O)Nc3cccc(Oc4ccnc5ccccc45)c3)C2)cc1C[EOS],43211.364672899246,42
12.6,O=C(Nc1cc(C2CCCCN2C(=O)c2cc(=O)n3[nH]cnc3n2)[nH]n1)c1cccc2c1oc1ccccc12,[BOS]O=C(Nc1cc([C@@H]2CCCCN2C(=O)c2cc(=O)n3[nH]cnc3n2)[nH]n1)c1cccc2c1oc1ccccc12[EOS],48700.16463518143,42
13.2,O=C(Oc1ccc(OC=Nc2ccc(-c3ccccc3)cc2)cc1)c1ccc2c(ccc3ccccc32)c1,[BOS]O=C(Oc1ccc(O/C=N\c2ccc(-c3ccccc3)cc2)cc1)c1ccc2c(ccc3ccccc32)c1[EOS],54872.85299062729,42
11.6,O=C1CCCc2ccc(CC(=O)N3CC=C(c4cccc(C(F)(F)F)c4)C3)cc21,[BOS]O=C(Cc1ccc2c(c1)C(=O)CCC2)N1CC=C(c2cccc(C(F)(F)F)c2)C1[EOS],59678.67751812935,42
12.8,Cc1c(C(=O)Nc2ccccn2)nnn1-c1ccc2c(c1)N(C(=O)c1ccc(Oc3cccc(F)c3)cc1)CC2C,[BOS]Cc1c(C(=O)Nc2ccccn2)nnn1-c1ccc2c(c1)N(C(=O)c1ccc(Oc3cccc(F)c3)cc1)C[C@H]2C[EOS],4817.9298441410065,42
13.0,Cc1ccc2[nH]c(-c3nc(-c4cccc(-c5nnc(-c6cccnc6)o5)c4)no3)cc(=O)c2c1C,[BOS]Cc1ccc2[nH]c(-c3nc(-c4cccc(-c5nnc(-c6cccnc6)o5)c4)no3)cc(=O)c2c1C[EOS],9386.892275094986,42
13.9,O=C(Nc1cc(F)cc(N=C(O)c2cnn(-c3ccc(=O)n(-c4cccc(F)c4)n3)c2Cl)c1F)c1ccccc1O,[BOS]O=C(Nc1cc(F)cc(N=C(O)c2cnn(-c3ccc(=O)n(-c4cccc(F)c4)n3)c2Cl)c1F)c1ccccc1O[EOS],15388.558096170425,42
12.4,Cc1ccc(-n2nc(C(=O)Oc3ccc4c(c3)OC3(CCCCC3)CC4=O)c3c2CCC3)c(F)c1,[BOS]Cc1ccc(-n2nc(C(=O)Oc3ccc4c(c3)OC3(CCCCC3)CC4=O)c3c2CCC3)c(F)c1[EOS],20616.69422340393,42
13.8,O=C(c1cc2ccc(C3CCC(NCC=C(Cl)c4cccc5occc45)CC3)cc2[nH]1)N1c2ccccc2C2NCCCC21,[BOS]O=C(c1cc2ccc([C@H]3CC[C@H](NCC=C(Cl)c4cccc5occc45)CC3)cc2[nH]1)N1c2ccccc2C2NCCCC21[EOS],27583.85987305641,42
13.5,O=C(Oc1ccc(OC(=O)c2cc3c(ccc4ccccc43)oc2=O)cc1)c1ccc(-c2ccccc2)cc1,[BOS]O=C(Oc1ccc(OC(=O)c2ccc(-c3ccccc3)cc2)cc1)c1cc2c(ccc3ccccc32)oc1=O[EOS],33976.44391322136,42
12.2,O=C(NCc1ccc(N2CCc3ccccc3C2)nc1)C(=O)Nc1ccc(F)cc1-c1ccc(F)cc1,[BOS]O=C(NCc1ccc(N2CCc3ccccc3C2)nc1)C(=O)Nc1ccc(F)cc1-c1ccc(F)cc1[EOS],39200.50816607475,42
12.0,OC1(c2ccc(Oc3cccc(-c4c[nH]nn4)c3)cc2)CCN2CCc3c([nH]c4cc(F)c(F)cc34)C2C1,[BOS]OC1(c2ccc(Oc3cccc(-c4nn[nH]c4)c3)cc2)CCN2CCc3c([nH]c4cc(F)c(F)cc34)[C@H]2C1[EOS],44688.132353782654,42
11.7,CC(C)NC(=O)NCc1ccc(-c2nc(-c3ccc(S(=O)(=O)c4ccccc4)cc3)no2)cc1Cl,[BOS]CC(C)NC(=O)NCc1ccc(-c2nc(-c3ccc(S(=O)(=O)c4ccccc4)cc3)no2)cc1Cl[EOS],49863.350667238235,42
12.0,Cc1c2ccc(NC(=O)c3cc4c(OCc5ccccc5)cccc4[nH]3)cc2nn1C,[BOS]Cc1c2ccc(NC(=O)c3cc4c(OCc5ccccc5)cccc4[nH]3)cc2nn1C[EOS],54369.72438144684,42
12.1,O=C(Nc1ccc(C2(NC(=O)C3CCc4ccccc4O3)CCC2)cc1)C1=NOC(c2ccccc2)C1,[BOS]O=C(Nc1ccc(C2(NC(=O)[C@@H]3CCc4ccccc4O3)CCC2)cc1)C1=NO[C@@H](c2ccccc2)C1[EOS],59901.753949165344,42
10.4,O=C(CN1C(=O)NC2(CCc3cc(Cl)ccc32)C1=O)NC(=O)Nc1ccc2c(c1)OCCCO2,[BOS]O=C(CN1C(=O)N[C@@]2(CCc3cc(Cl)ccc32)C1=O)NC(=O)Nc1ccc2c(c1)OCCCO2[EOS][EOS][EOS],64414.95214366913,42
11.9,Cc1ccc(-c2cccnc2)cc1NC(=O)C(=O)NC1CC(=O)N(C2CC2c2ccccc2)C1,[BOS]Cc1ccc(-c2cccnc2)cc1NC(=O)C(=O)N[C@H]1CC(=O)N([C@@H]2C[C@@H]2c2ccccc2)C1[EOS],5062.110725641251,42
12.4,Cc1cc(=O)[nH]c2cc(C(=O)NCCc3ccc(OCC(=O)Nc4cccc(Cl)c4Cl)cc3)ccc12,[BOS]Cc1cc(=O)[nH]c2cc(C(=O)NCCc3ccc(OCC(=O)Nc4cccc(Cl)c4Cl)cc3)ccc12[EOS],11040.579439401627,42
13.8,O=C(NN1Cc2ccccc2C1=O)c1ccc2nc(-c3cc4cccc(-c5ccncc5)c4[nH]c3=O)oc2c1,[BOS]O=C(NN1Cc2ccccc2C1=O)c1ccc2nc(-c3cc4cccc(-c5ccncc5)c4[nH]c3=O)oc2c1[EOS],15544.060246706009,42
11.1,Cc1c(C(C)NC(=O)c2ccc(OCc3cn4cccc(C)c4[nH+]3)cc2)oc2ccccc12,[BOS]Cc1c([C@@H](C)NC(=O)c2ccc(OCc3cn4cccc(C)c4[nH+]3)cc2)oc2ccccc12[EOS],21408.76437687874,42
13.6,OC(Cc1ccc2ccccc2c1)c1nc(-c2ccc(COc3cccc4ccccc34)cc2)no1,[BOS]O[C@@H](Cc1ccc2ccccc2c1)c1nc(-c2ccc(COc3cccc4ccccc34)cc2)no1[EOS],26746.55528497696,42
12.5,CC(C)(C)c1ccc2[nH]cc(Cc3nc(-c4ccc(Cn5cnc6ccccc65)cc4)no3)c(=O)c2c1,[BOS]CC(C)(C)c1ccc2[nH]cc(Cc3nc(-c4ccc(Cn5cnc6ccccc65)cc4)no3)c(=O)c2c1[EOS][EOS][EOS][EOS][EOS][EOS][EOS][EOS],32463.023072957993,42
12.0,CCc1noc(-c2ccc(Cl)c(NC(=O)c3ccc(-c4ccc(F)cc4C)c(F)c3)c2)n1,[BOS]CCc1noc(-c2ccc(Cl)c(NC(=O)c3ccc(-c4ccc(F)cc4C)c(F)c3)c2)n1[EOS],36992.9898557663,42
11.9,O=C1CCSc2ccc(-c3noc(-c4cc(=O)c5ccccc5o4)n3)cc21,[BOS]O=C1CCSc2ccc(-c3noc(-c4cc(=O)c5ccccc5o4)n3)cc21[EOS],41067.620253801346,42
13.1,O=c1[nH]c(Cc2nnnn2-c2ccc(C(F)(F)C(F)(F)F)cc2)nc2sc3c(c12)C[NH+](Cc1cccc(F)c1)CCO3,[BOS]O=c1[nH]c(Cc2nnnn2-c2ccc(C(F)(F)C(F)(F)F)cc2)nc2sc3c(c12)C[NH+](Cc1cccc(F)c1)CCO3[EOS],47004.652368068695,42
13.1,N=C(NC(=N)c1cccc(C(=O)N2CCCC2)c1)c1cccc(C=NN(N)C2CCN(Cc3ccccc3F)CC2)c1,[BOS]NN(/N=C\c1cccc(C(=N)NC(=N)c2cccc(C(=O)N3CCCC3)c2)c1)C1CCN(Cc2ccccc2F)CC1[EOS],53995.75742673874,42
11.4,Cc1cc(=O)[nH]c2cc(C(=O)OCC(=O)N3CCN(c4ccccc4F)CC3)ccc12,[BOS]Cc1cc(=O)[nH]c2cc(C(=O)OCC(=O)N3CCN(c4ccccc4F)CC3)ccc12[EOS],59326.287909030914,42
14.7,Cc1ccc(-c2cc(C(=O)Nc3nc(-c4cccc5ccccc45)c(C)o3)c(Cl)cc2C)cc1C,[BOS]Cc1ccc(-c2cc(C(=O)Nc3nc(-c4cccc5ccccc45)c(C)o3)c(Cl)cc2C)cc1C[EOS],63354.10213518143,42
13.1,O=C(Nc1ccn(-c2ccc(Cl)cc2)n1)c1ccc2c(c1)C(=O)c1ccccc1C2=O,[BOS]O=C(Nc1ccn(-c2ccc(Cl)cc2)n1)c1ccc2c(c1)C(=O)c1ccccc1C2=O[EOS],4369.722653627396,42
13.7,OC(=Nc1cccc(-n2nc3ccccc3n2)c1)c1ccc2cnc(Nc3cccc(N4CCOCC4)c3)nc2n1,[BOS]OC(=Nc1cccc(-n2nc3ccccc3n2)c1)c1ccc2cnc(Nc3cccc(N4CCOCC4)c3)nc2n1[EOS],9932.688720226288,42
12.3,Cc1cc(C)c(OCC(O)=NN=Cc2cccc(OCc3ccc4ccccc4c3)c2)cc1C,[BOS]Cc1cc(C)c(OCC(O)=N/N=C\c2cccc(OCc3ccc4ccccc4c3)c2)cc1C[EOS],16165.48439526558,42
12.0,N#Cc1c(F)cccc1-n1ccc(NC(=O)C(=O)Nc2cccc(OCc3cccc(F)c3)n2)n1,[BOS]N#Cc1c(F)cccc1-n1ccc(NC(=O)C(=O)Nc2cccc(OCc3cccc(F)c3)n2)n1[EOS],20744.190368175507,42
12.4,CC(=O)N1CCCc2cc(-c3noc(-c4ccc5[nH]c(=O)cc(C)c5c4)n3)ccc21,[BOS]CC(=O)N1CCCc2cc(-c3noc(-c4ccc5[nH]c(=O)cc(C)c5c4)n3)ccc21[EOS],24690.473015785217,42
12.8,Cc1ccc2nc(CNc3cccc(C(=O)Nc4cccc(C(=O)N(C)c5ccccc5)c4)c3)cc(=O)n2c1,[BOS]Cc1ccc2nc(CNc3cccc(C(=O)Nc4cccc(C(=O)N(C)c5ccccc5)c4)c3)cc(=O)n2c1[EOS][EOS][EOS][EOS][EOS],30210.65130162239,42
12.5,Cc1nc2c(C(=O)Nc3cc(C)c4nc(-c5ccccc5)[nH]c4c3)cnn2cc1OC1CCCC1(F)F,[BOS]Cc1nc2c(C(=O)Nc3cc(C)c4nc(-c5ccccc5)[nH]c4c3)cnn2cc1O[C@H]1CCCC1(F)F[EOS],34726.417516708374,42
14.1,c1cnc2ccc(-c3ccc(-c4ccc5c(cnc6ccc7c(c65)CCC7c5[nH]c6ccccc6[nH+]5)c4)nn3)cc2c1,[BOS]c1cc(-c2ccc3ncccc3c2)nnc1-c1ccc2c(c1)cnc1ccc3c(c12)CCC3c1[nH]c2ccccc2[nH+]1[EOS],39568.565603494644,42
11.5,CC1C[NH+](CCc2nnc(-c3ccc(-c4nc5ccccc5n(C)c4=N)cc3)o2)CC(CC(F)(F)F)O1,[BOS]C[C@H]1C[NH+](CCc2nnc(-c3ccc(-c4nc5ccccc5n(C)c4=N)cc3)o2)C[C@H](CC(F)(F)F)O1[EOS][EOS][EOS][EOS][EOS][EOS][EOS],44459.07835674286,42
11.9,CC1(c2ccc(CNC(=O)c3ccc(-c4cccc(C(F)(F)F)c4)c(F)c3)cc2)NC(=O)NC1=O,[BOS]C[C@]1(c2ccc(CNC(=O)c3ccc(-c4cccc(C(F)(F)F)c4)c(F)c3)cc2)NC(=O)NC1=O[EOS][EOS][EOS][EOS][EOS][EOS],49956.376063108444,42
12.2,O=c1[nH]c(C[NH+]2CCOC(c3nc(-c4ccc(F)c5ccccc45)no3)C2)nc2ccccc12,[BOS]Fc1ccc(-c2noc([C@@H]3C[NH+](Cc4nc5ccccc5c(=O)[nH]4)CCO3)n2)c2ccccc12[EOS],54457.428884506226,42
11.5,Oc1c(F)cc(F)c(-c2nc(-c3cccc(OCc4ccccc4)c3)no2)c1F,[BOS]Oc1c(F)cc(F)c(-c2nc(-c3cccc(OCc4ccccc4)c3)no2)c1F[EOS],58772.66974949837,42
12.3,Cc1cc(F)cc(CC(=O)NC2(c3ccc(NC(=O)c4c[nH]c(-c5ccc(F)cc5)c4)cc3)CCC2)c1,[BOS]Cc1cc(F)cc(CC(=O)NC2(c3ccc(NC(=O)c4c[nH]c(-c5ccc(F)cc5)c4)cc3)CCC2)c1[EOS],6225.1927790641785,42
12.9,CC(F)(F)c1ccc(-c2nc3ccc(S(=O)(=O)Nc4cc(Cl)nn(-c5ncccn5)c4=N)cc3[nH]2)cc1,[BOS]CC(F)(F)c1ccc(-c2nc3ccc(S(=O)(=O)Nc4cc(Cl)nn(-c5ncccn5)c4=N)cc3[nH]2)cc1[EOS],11725.788874387741,42
11.8,Cc1ccc2nc(COC(=O)C3CC(=O)N(c4ccc(F)c(C)c4)C3)cc(=O)n2c1,[BOS]Cc1ccc2nc(COC(=O)[C@H]3CC(=O)N(c4ccc(F)c(C)c4)C3)cc(=O)n2c1[EOS],16863.777807712555,42
12.3,Cc1cc(F)ccc1C(=O)Nc1ccc(C(=O)N2CC(=O)Nc3ccccc32)c(O)c1,[BOS]Cc1cc(F)ccc1C(=O)Nc1ccc(C(=O)N2CC(=O)Nc3ccccc32)c(O)c1[EOS],21610.79939508438,42
11.5,Cc1ccnc(-c2n[nH]c(C(C)NC(=O)c3cc(-c4ccc(Cl)cc4)c[nH]3)n2)c1,[BOS]Cc1ccnc(-c2n[nH]c([C@H](C)NC(=O)c3cc(-c4ccc(Cl)cc4)c[nH]3)n2)c1[EOS],26802.538837194443,42
14.9,c1cc(Oc2cccc3ccccc23)cc(-c2noc(-c3cccc(-c4cccc5ccccc45)n3)n2)c1,[BOS]c1ccc(-c2cccc(-c3nc(-c4cccc(Oc5cccc6ccccc56)c4)no3)n2)c2ccccc12[EOS],31708.2781291008,42
13.1,O=C(Oc1ccc2ccccc2c1)c1ccc(-c2noc(-c3ccc(F)cc3)n2)cc1,[BOS]O=C(Oc1ccc2ccccc2c1)c1ccc(-c2noc(-c3ccc(F)cc3)n2)cc1[EOS],36363.10720157623,42
11.8,CC(Oc1ccc(C(=O)OCc2nnc(-c3cc4c(s3)CCCC4)o2)cc1)c1ccccc1,[BOS]C[C@H](Oc1ccc(C(=O)OCc2nnc(-c3cc4c(s3)CCCC4)o2)cc1)c1ccccc1[EOS][EOS][EOS][EOS][EOS][EOS][EOS][EOS],41492.71021461487,42
11.1,CC1CC1c1cc(NC(=O)C(=O)Nc2cccc(COc3cccc(F)c3)c2)n[nH]1,[BOS]C[C@H]1C[C@H]1c1cc(NC(=O)C(=O)Nc2cccc(COc3cccc(F)c3)c2)n[nH]1[EOS],45929.30043196678,42
11.7,Cc1ccc(NC(=O)c2ccn3nnnc3c2)cc1S(=O)(=O)Nc1cccc(C)c1C,[BOS]Cc1cccc(NS(=O)(=O)c2cc(NC(=O)c3ccn4nnnc4c3)ccc2C)c1C[EOS],51729.73806595802,42
11.6,Cc1nc(-c2noc3ccccc23)sc1C(=O)Nc1cc(CC2CCCCC2)[nH]n1,[BOS]Cc1nc(-c2noc3ccccc23)sc1C(=O)Nc1cc(CC2CCCCC2)[nH]n1[EOS],56483.454621076584,42
14.6,O=C1c2ccccc2C(=O)c2cc(NC(=O)c3ccc(F)c(-c4ccc(F)c(C(F)(F)F)c4)c3[O-])ccc21,[BOS]O=C(Nc1ccc2c(c1)C(=O)c1ccccc1C2=O)c1ccc(F)c(-c2ccc(F)c(C(F)(F)F)c2)c1[O-][EOS],60656.9920296669,42
12.9,O=C(NC1CCCC1)c1ccc(NC(=O)N2CC=C(c3cccc4ccccc34)CC2)cc1,[BOS]O=C(Nc1ccc(C(=O)NC2CCCC2)cc1)N1CC=C(c2cccc3ccccc23)CC1[EOS],4869.7906765937805,42
12.0,Cc1cnc2c(NC(=O)NC(C)c3ccc(NC(=O)c4ccc(F)cc4)cc3)cccc2c1Cl,[BOS]Cc1cnc2c(NC(=O)N[C@H](C)c3ccc(NC(=O)c4ccc(F)cc4)cc3)cccc2c1Cl[EOS],10008.101913452148,42
11.2,CC(C(=O)Nc1ccc(Oc2ccccc2)cc1)N1CC(CO)Cc2ccccc21,[BOS]C[C@@H](C(=O)Nc1ccc(Oc2ccccc2)cc1)N1C[C@H](CO)Cc2ccccc21[EOS],15420.038452863693,42
12.6,O=C(Cc1n[nH]c(=O)c2ccccc12)Nc1cccc(Oc2ccnc3ccccc23)c1,[BOS]O=C(Cc1n[nH]c(=O)c2ccccc12)Nc1cccc(Oc2ccnc3ccccc23)c1[EOS],21408.25395965576,42
11.7,O=C1CC(Cc2ccc(NC(=O)c3cccc(Oc4cccc(C(F)(F)F)c4)c3)cc2)C(=O)N1,[BOS]O=C(Nc1ccc(C[C@@H]2CC(=O)NC2=O)cc1)c1cccc(Oc2cccc(C(F)(F)F)c2)c1[EOS],26639.833545446396,42
11.9,FC(F)(F)c1ccccc1C1CCC([NH2+]CC2CC3(CC[NH2+]CC3)c3ccccc32)CC1,[BOS]FC(F)(F)c1ccccc1C1CCC([NH2+]C[C@H]2c3ccccc3C3(CC[NH2+]CC3)C2)CC1[EOS],32648.455645799637,42
12.5,O=C(Nc1ccc(CCn2nnc(-c3ccccc3)n2)cc1)NC1COc2ccc(F)cc2C1,[BOS]O=C(Nc1ccc(CCn2nnc(-c3ccccc3)n2)cc1)N[C@@H]1COc2ccc(F)cc2C1[EOS],38826.93854928017,42
11.9,Cc1ccnc(Oc2cc(NC(=O)C(=O)N3CCCC3c3ccc(F)cc3C)ccc2C)c1,[BOS]Cc1ccnc(Oc2cc(NC(=O)C(=O)N3CCC[C@H]3c3ccc(F)cc3C)ccc2C)c1[EOS][EOS],44385.96105289459,42
12.5,Cc1cc2nc(C(=O)Nc3ccc(C4(NC(=O)Cc5ccc(C)c([N+](=O)[O-])c5)CCC4)cc3)[nH]c2cc1C,[BOS]Cc1cc2nc(C(=O)Nc3ccc(C4(NC(=O)Cc5ccc(C)c([N+](=O)[O-])c5)CCC4)cc3)[nH]c2cc1C[EOS][EOS][EOS][EOS],50055.25149202347,42
13.6,O=C(Cc1ccc(F)c(F)c1)NC1(c2ccc(NC(=O)c3cnc4c(F)c(F)ccc4c3)cc2)CCC1,[BOS]O=C(Cc1ccc(F)c(F)c1)NC1(c2ccc(NC(=O)c3cnc4c(F)c(F)ccc4c3)cc2)CCC1[EOS],56491.01965761185,42
13.1,O=C(Nc1cc(C2CCCCN2C(=O)c2ccc[n+]([O-])c2)[nH]n1)c1cccc2[nH]c(-c3ccccc3)nc12,[BOS]O=C(Nc1cc([C@@H]2CCCCN2C(=O)c2ccc[n+]([O-])c2)[nH]n1)c1cccc2[nH]c(-c3ccccc3)nc12[EOS],61725.982155799866,42
13.0,O=C(Nc1ccc2ccc(Cl)cc2n1)c1ccc(N2CC=C(CC[NH+]3CCOc4cc(Cl)ccc4C3)C2=O)cc1,[BOS]O=C(Nc1ccc2ccc(Cl)cc2n1)c1ccc(N2CC=C(CC[NH+]3CCOc4cc(Cl)ccc4C3)C2=O)cc1[EOS],65464.02117037773,42
12.6,Cc1ccc(Cc2cnc(NC(=O)Nc3cn(-c4ccc(C)c(F)c4)nn3)nc2Cl)cc1F,[BOS]Cc1ccc(Cc2cnc(NC(=O)Nc3cn(-c4ccc(C)c(F)c4)nn3)nc2Cl)cc1F[EOS],4772.029143810272,42
12.1,O=C(c1cc(F)ccc1F)C1CCN(C(=O)NCc2ccnc(N3CCCC(O)C3)c2)CC1,[BOS]O=C(c1cc(F)ccc1F)C1CCN(C(=O)NCc2ccnc(N3CCCC(O)C3)c2)CC1[EOS],9929.735981702805,42
12.4,O=C(Nc1nc2cc3c(cc2[nH]1)OCO3)c1cncc(-c2ccc3c(c2)CCO3)c1,[BOS]O=C(Nc1nc2cc3c(cc2[nH]1)OCO3)c1cncc(-c2ccc3c(c2)CCO3)c1[EOS],13795.92435336113,42
12.0,CC(NC(=O)NCCc1cn(C)c2ccccc12)c1ccc(C(=O)Nc2ccnc3[nH]ccc23)cc1,[BOS]C[C@H](NC(=O)NCCc1cn(C)c2ccccc12)c1ccc(C(=O)Nc2ccnc3[nH]ccc23)cc1[EOS],19924.920882225037,42
12.6,Cc1cnc(-c2cccc(NC(=O)c3cccc(N4C(=O)c5ccccc5C4=O)c3)c2)[nH]c1=O,[BOS]Cc1cnc(-c2cccc(NC(=O)c3cccc(N4C(=O)c5ccccc5C4=O)c3)c2)[nH]c1=O[EOS],24712.793790340424,42
11.9,CC1CN(C(=O)c2ccc(CNC(=O)c3cccc(NC(=O)CCn4ccc5ccccc54)c3)cc2)CCO1,[BOS]C[C@H]1CN(C(=O)c2ccc(CNC(=O)c3cccc(NC(=O)CCn4ccc5ccccc54)c3)cc2)CCO1[EOS],31257.869202375412,42
11.8,CCc1noc(-c2ccc(CCNC(=O)c3ccc(N4CCc5ccccc5C4)cc3)cc2)n1,[BOS]CCc1noc(-c2ccc(CCNC(=O)c3ccc(N4CCc5ccccc5C4)cc3)cc2)n1[EOS],36495.42852187157,42
12.6,OC1(CNc2ccc(C3CC(Cc4ccc(F)cc4)NN3)cc2)CCc2c1cc(N1CCC(N3CCCCCC3)C1)nc2Cl,[BOS]O[C@@]1(CNc2ccc(C3CC(Cc4ccc(F)cc4)NN3)cc2)CCc2c1cc(N1CCC(N3CCCCCC3)C1)nc2Cl[EOS],43821.10415792465,42
11.3,O=C(NCc1cccc(N2C(=O)NC3(CCCC3)C2=O)c1)Nc1cccc2c1CCCC2,[BOS]O=C(NCc1cccc(N2C(=O)NC3(CCCC3)C2=O)c1)Nc1cccc2c1CCCC2[EOS],49225.200496673584,42
13.3,O=C1CCc2c1cccc2-c1noc(-c2cccc(NS(=O)(=O)c3ccc4ccccc4c3)c2)n1,[BOS]O=C1CCc2c1cccc2-c1noc(-c2cccc(NS(=O)(=O)c3ccc4ccccc4c3)c2)n1[EOS],54651.44395375252,42
12.4,Fc1ccc(Oc2cccc(-c3noc(Cc4ccc5nc(N6CCCC6)sc5c4)n3)c2)cc1C(F)(F)F,[BOS]Fc1ccc(Oc2cccc(-c3noc(Cc4ccc5nc(N6CCCC6)sc5c4)n3)c2)cc1C(F)(F)F[EOS],59948.75486135483,42
12.3,Cc1ccc2cc(Cc3noc(-c4ccc(NC(=O)C5CC=CC5)nc4)n3)cc(C)c2n1,[BOS]Cc1ccc2cc(Cc3noc(-c4ccc(NC(=O)C5CC=CC5)nc4)n3)cc(C)c2n1[EOS],64084.671295166016,42
12.7,Cc1nn(-c2ccc(F)cc2)cc1-c1nc(-c2cccc(-c3nc(-c4cccnc4)no3)c2)no1,[BOS]Cc1nn(-c2ccc(F)cc2)cc1-c1nc(-c2cccc(-c3nc(-c4cccnc4)no3)c2)no1[EOS],4932.831155061722,42
12.6,Cc1cc(=O)[nH]c2cc(-c3nc(-c4cccc(OCc5ccccc5)c4)no3)ccc12,[BOS]Cc1cc(=O)[nH]c2cc(-c3nc(-c4cccc(OCc5ccccc5)c4)no3)ccc12[EOS],9715.947553157806,42
12.6,O=C(Nc1ccc(-c2nc(CCn3cnc4ccccc43)no2)cc1)c1cccc2ccccc12,[BOS]O=C(Nc1ccc(-c2nc(CCn3cnc4ccccc43)no2)cc1)c1cccc2ccccc12[EOS],15748.470801115036,42
12.5,O=C(Nc1cc(C2CCCCN2C(=O)c2ccc3sccc3c2O)[nH]n1)c1ccc2cnccc2c1,[BOS]O=C(Nc1cc([C@H]2CCCCN2C(=O)c2ccc3sccc3c2O)[nH]n1)c1ccc2cnccc2c1[EOS],21285.328765153885,42
11.5,Cc1cc(C(=O)Nc2ccc3cn[nH]c3c2)nn1-c1cccc(C(F)(F)F)c1,[BOS]Cc1cc(C(=O)Nc2ccc3cn[nH]c3c2)nn1-c1cccc(C(F)(F)F)c1[EOS],25306.49609208107,42
13.5,O=C(Cc1ccc(NC(=O)c2cc3ccccc3c(=O)[nH]2)cc1)Nc1cnc2[nH]c(=O)[nH]c(=O)c2c1,[BOS]O=C(Cc1ccc(NC(=O)c2cc3ccccc3c(=O)[nH]2)cc1)Nc1cnc2[nH]c(=O)[nH]c(=O)c2c1[EOS],31046.830555677414,42
11.7,Cc1ncoc1-c1ccc(NC(=O)c2cccc(NS(=O)(=O)c3ccc4c(c3)OCCCCO4)c2)cc1,[BOS]Cc1ncoc1-c1ccc(NC(=O)c2cccc(NS(=O)(=O)c3ccc4c(c3)OCCCCO4)c2)cc1[EOS][EOS][EOS][EOS][EOS][EOS][EOS][EOS],35957.913202524185,42
11.8,CC(Nc1ccc(NC(=O)c2c[nH]c3c(F)cc(F)cc3c2=O)cc1Cl)c1ccccc1,[BOS]C[C@H](Nc1ccc(NC(=O)c2c[nH]c3c(F)cc(F)cc3c2=O)cc1Cl)c1ccccc1[EOS],41289.041197776794,42
12.1,O=C(Nc1ccc(CNC(=O)C2CCc3ccccc3C2)cc1)c1ccc(Cl)cc1Cl,[BOS]O=C(Nc1ccc(CNC(=O)[C@H]2CCc3ccccc3C2)cc1)c1ccc(Cl)cc1Cl[EOS],46212.77086997032,42
12.7,O=C(NC1CCC(c2ccccc2)CC1)c1ccc2noc(-c3ccc(F)cc3)c2c1,[BOS]O=C(NC1CCC(c2ccccc2)CC1)c1ccc2noc(-c3ccc(F)cc3)c2c1[EOS],51065.114694833755,42
11.8,Fc1cnc(-c2ccccc2Cl)cc1C[NH+]1CCC(F)(F)C2(CCN(c3ncccc3F)C2)C1,[BOS]Fc1cccnc1N1CC[C@@]2(C1)C[NH+](Cc1cc(-c3ccccc3Cl)ncc1F)CCC2(F)F[EOS],56407.3083422184,42
12.0,NC(=O)N1CCc2cc(NC(=O)c3cc(-c4cnc(NC5CCCCO5)nc4)sn3)ccc21,[BOS]NC(=O)N1CCc2cc(NC(=O)c3cc(-c4cnc(NC5CCCCO5)nc4)sn3)ccc21[EOS],60709.638227939606,42
13.0,O=C(Nc1nc2ccc(Cl)cc2[nH]1)c1cccc(NC(=O)C2Cc3ccccc3S2)c1,[BOS]O=C(Nc1cccc(C(=O)Nc2nc3ccc(Cl)cc3[nH]2)c1)[C@@H]1Cc2ccccc2S1[EOS],4407.169075250626,42
13.5,OC(=Nc1ccc(F)c(C(O)=NN=Cc2ccc(OCc3cccc4ccccc34)c(Cl)c2)c1Cl)c1c(Cl)cccc1Cl,[BOS]OC(=N/N=C\c1ccc(OCc2cccc3ccccc23)c(Cl)c1)c1c(F)ccc(N=C(O)c2c(Cl)cccc2Cl)c1Cl[EOS],11195.342942237854,42
11.0,CCc1[nH]nc(NC(=O)CCc2nc3sc(C)c(C)c3c(=O)[nH]2)c1-c1ccc2c(c1)OCCO2,[BOS]CCc1[nH]nc(NC(=O)CCc2nc3sc(C)c(C)c3c(=O)[nH]2)c1-c1ccc2c(c1)OCCO2[EOS],16788.81243610382,42
11.8,O=C(NCC1CCN(c2ccc(F)cc2)C1)c1ccc(S(=O)(=O)NCc2c(F)cccc2F)nc1,[BOS]O=C(NC[C@@H]1CCN(c2ccc(F)cc2)C1)c1ccc(S(=O)(=O)NCc2c(F)cccc2F)nc1[EOS],22253.94507908821,42
12.3,Cc1ccc(C(=O)Nc2ccc3[nH]ccc3c2)cc1NC(=O)c1cccc2ccccc12,[BOS]Cc1ccc(C(=O)Nc2ccc3[nH]ccc3c2)cc1NC(=O)c1cccc2ccccc12[EOS],27402.772246837616,42
12.3,O=C(NCC1(c2ccc3ccccc3c2)CCCC1)C1CCN(c2nn3cc(-c4ccc(F)cc4)[nH+]c3s2)CC1,[BOS]O=C(NCC1(c2ccc3ccccc3c2)CCCC1)C1CCN(c2nn3cc(-c4ccc(F)cc4)[nH+]c3s2)CC1[EOS],33285.23395848274,42
13.0,Fc1cccc(-c2noc(-c3ccc(-c4cnn5ccc(N6CCOCC6)nc45)c4ccccc34)n2)c1,[BOS]Fc1cccc(-c2noc(-c3ccc(-c4cnn5ccc(N6CCOCC6)nc45)c4ccccc34)n2)c1[EOS],38154.842005968094,42
11.8,Cc1occc1C(=O)Nc1cc(NC(=O)NCc2c(F)cc(F)c(F)c2F)c(F)cc1F,[BOS]Cc1occc1C(=O)Nc1cc(NC(=O)NCc2c(F)cc(F)c(F)c2F)c(F)cc1F[EOS],43209.67736315727,42
12.2,CC1CN(c2cccc(CN(C)C(=O)Nc3cccc(C(=O)Nc4cccc(F)c4)c3)c2)S(=O)(=O)C1,[BOS]C[C@H]1CN(c2cccc(CN(C)C(=O)Nc3cccc(C(=O)Nc4cccc(F)c4)c3)c2)S(=O)(=O)C1[EOS],49075.57467222214,42
12.4,CCc1cc(=O)[nH]c(-c2cccc(NC(=O)c3ccc4c(c3)[nH]c(=O)n4C3CCCC3)c2)n1,[BOS]CCc1cc(=O)[nH]c(-c2cccc(NC(=O)c3ccc4c(c3)[nH]c(=O)n4C3CCCC3)c2)n1[EOS],53754.3191652298,42
11.9,COc1ccc2cccc(Cc3nc(-c4ccc(Oc5ccc(F)cc5)cc4)no3)c2c1,[BOS]COc1ccc2cccc(Cc3nc(-c4ccc(Oc5ccc(F)cc5)cc4)no3)c2c1[EOS],58370.78328680992,42
11.6,Cc1[nH]nc2cc(NC(=O)CCc3nnc(-c4cc5ccccc5o4)o3)ccc12,[BOS]Cc1[nH]nc2cc(NC(=O)CCc3nnc(-c4cc5ccccc5o4)o3)ccc12[EOS],62757.64305329323,42
13.4,O=C(OC1CCC([NH2+]Cc2ccc3ncccc3c2)CC1)c1ccc(Nc2ccc3c(c2)C(=O)NCCO3)nc1,[BOS]O=C1NCCOc2ccc(Nc3ccc(C(=O)OC4CCC([NH2+]Cc5ccc6ncccc6c5)CC4)cn3)cc21[EOS],6151.496926307678,42
12.9,Cc1ccc(-c2cc(NC(=O)Nc3ccc(-c4nc5ccccc5o4)cc3)on2)cc1,[BOS]Cc1ccc(-c2cc(NC(=O)Nc3ccc(-c4nc5ccccc5o4)cc3)on2)cc1[EOS],10446.91099023819,42
11.8,O=C(CCc1ccc(=O)[nH]n1)Nc1ccc(C2(NC(=O)c3ccc4cnccc4n3)CCC2)cc1,[BOS]O=C(CCc1ccc(=O)[nH]n1)Nc1ccc(C2(NC(=O)c3ccc4cnccc4n3)CCC2)cc1[EOS],16622.058802843094,42
10.8,O=C(NCC1OCC2CCN(C(=O)CC3COc4ccccc4O3)CC21)c1cc2cccnc2[nH]1,[BOS]O=C(NC[C@@H]1OC[C@@H]2CCN(C(=O)C[C@@H]3COc4ccccc4O3)C[C@@H]21)c1cc2cccnc2[nH]1[EOS][EOS][EOS][EOS][EOS][EOS][EOS][EOS],22798.31645512581,42
12.4,O=C(Nc1ccc(C2(NC(=O)c3ccc4c(n3)OCCO4)CCC2)cc1)c1cccc(-c2cnccn2)c1,[BOS]O=C(Nc1ccc(C2(NC(=O)c3ccc4c(n3)OCCO4)CCC2)cc1)c1cccc(-c2cnccn2)c1[EOS],28460.118933439255,42
12.6,Fc1cc(C[NH+]2Cc3ccc(-c4ccccc4)cc3C2)ccc1C(F)(F)OCC1(C(F)(F)F)OC(F)(F)C1(F)F,[BOS]Fc1cc(C[NH+]2Cc3ccc(-c4ccccc4)cc3C2)ccc1C(F)(F)OCC1(C(F)(F)F)OC(F)(F)C1(F)F[EOS],33125.37688422203,42
12.6,CC1CCCC(OCc2cccc(NC(=O)NCc3nc4ccc5ccccc5c4[nH]3)c2)C1,[BOS]C[C@H]1CCC[C@@H](OCc2cccc(NC(=O)NCc3nc4ccc5ccccc5c4[nH]3)c2)C1[EOS],38690.13347744942,42
11.2,Cn1ccc(CC(=O)N2CCCCC2c2cc(NC(=O)c3ccc(-c4nc5ccccc5[nH]4)cc3)n[nH]2)n1,[BOS]Cn1ccc(CC(=O)N2CCCC[C@@H]2c2cc(NC(=O)c3ccc(-c4nc5ccccc5[nH]4)cc3)n[nH]2)n1[EOS],43901.79198765755,42
13.7,O=C(Nc1cc(-c2ccccc2)cnn1)c1cc2n(n1)CC(C(F)(F)F)N(C(=O)C(F)(F)F)C2=O,[BOS]O=C(Nc1cc(-c2ccccc2)cnn1)c1cc2n(n1)C[C@H](C(F)(F)F)N(C(=O)C(F)(F)F)C2=O[EOS],48340.237746953964,42
12.7,O=C(NC1CCCCC1)c1ccc(NC(=O)c2ccnc3c2nnn3Cc2cccc(Oc3ccccc3)c2)cc1O,[BOS]O=C(NC1CCCCC1)c1ccc(NC(=O)c2ccnc3c2nnn3Cc2cccc(Oc3ccccc3)c2)cc1O[EOS],54225.62723207474,42
12.1,Cc1occc1C(=O)Nc1cc(NC(=O)N2CCN(C(=O)c3ccc4c(c3)OCO4)CC2)ccc1F,[BOS]Cc1occc1C(=O)Nc1cc(NC(=O)N2CCN(C(=O)c3ccc4c(c3)OCO4)CC2)ccc1F[EOS],59359.31737494469,42
11.8,CC(NC(=O)c1ccc(=O)[nH]n1)c1ccc(NC(=O)c2ccc(CSc3ccc(Cl)cc3)cc2)cc1,[BOS]C[C@H](NC(=O)c1ccc(=O)[nH]n1)c1ccc(NC(=O)c2ccc(CSc3ccc(Cl)cc3)cc2)cc1[EOS],63854.12340378761,42
13.5,O=C(NCCC[NH+]1CCc2ccccc2C1)C(=O)Nc1ccc2c(c1)CCCN2C(=O)OCC1c2ccccc2-c2ccccc21,[BOS]O=C(NCCC[NH+]1CCc2ccccc2C1)C(=O)Nc1ccc2c(c1)CCCN2C(=O)OCC1c2ccccc2-c2ccccc21[EOS],7658.754189729691,42
12.8,Cc1cc(F)c(C(=O)Nc2cc(C3CCCCN3C(=O)c3cccc4c3NC(=O)C4=O)[nH]n2)cc1F,[BOS]Cc1cc(F)c(C(=O)Nc2cc([C@H]3CCCCN3C(=O)c3cccc4c3NC(=O)C4=O)[nH]n2)cc1F[EOS],13022.003629207611,42
13.0,O=C(CCc1nnc(-c2cc3ccccc3o2)o1)Nc1n[nH]c(-c2ccc3ccccc3n2)n1,[BOS]O=C(CCc1nnc(-c2cc3ccccc3o2)o1)Nc1n[nH]c(-c2ccc3ccccc3n2)n1[EOS],18801.50942492485,42
12.0,CC(=O)Nc1cc(NC(=O)C(=O)Nc2cccc(OCc3cccc(C)c3)c2)cc2cccnc12,[BOS]CC(=O)Nc1cc(NC(=O)C(=O)Nc2cccc(OCc3cccc(C)c3)c2)cc2cccnc12[EOS],24408.026675224304,42
11.8,O=C(CNC(=O)NCc1ccc(C(=O)Nc2ccc(F)cc2)cc1)Nc1ccccc1-c1ccccc1,[BOS]O=C(CNC(=O)NCc1ccc(C(=O)Nc2ccc(F)cc2)cc1)Nc1ccccc1-c1ccccc1[EOS],30172.742944955826,42
13.2,Cc1cc(=O)oc2cc(NC(=O)C(=O)Nc3cccc(C4CNc5cccnc5O4)c3)c(-c3ccccc3)cc12,[BOS]Cc1cc(=O)oc2cc(NC(=O)C(=O)Nc3cccc([C@@H]4CNc5cccnc5O4)c3)c(-c3ccccc3)cc12[EOS],35286.53880047798,42
11.9,Cn1ccc2cc(NC(=O)c3ccc(C(=O)c4ccccc4)cc3)ccc2c1=O,[BOS]Cn1ccc2cc(NC(=O)c3ccc(C(=O)c4ccccc4)cc3)ccc2c1=O[EOS],39467.3696038723,42
13.0,Brc1cccc(-n2cc(-c3nc(-c4ccc(-n5cnc6ccccc65)nc4)no3)nn2)c1OCCCN1CCc2ccccc2C1,[BOS]Brc1cccc(-n2cc(-c3nc(-c4ccc(-n5cnc6ccccc65)nc4)no3)nn2)c1OCCCN1CCc2ccccc2C1[EOS],43864.386326789856,42
13.5,Cc1nn(-c2ccc(-c3nc(-c4ccc(OCc5ccc6ccccc6n5)cc4)ncc3F)cc2)c2c1CCCC2,[BOS]Cc1nn(-c2ccc(-c3nc(-c4ccc(OCc5ccc6ccccc6n5)cc4)ncc3F)cc2)c2c1CCCC2[EOS],49361.82458972931,42
12.0,Cn1nc(-c2ccc(F)cc2F)cc1NC(=O)NCC(=O)N1CCc2ccccc2C1,[BOS]Cn1nc(-c2ccc(F)cc2F)cc1NC(=O)NCC(=O)N1CCc2ccccc2C1[EOS],54435.7932434082,42
13.0,Cc1nc(-c2noc3ccc(-c4nc(-c5ccc6c(c5)CCCC6)no4)cc23)ccc1F,[BOS]Cc1nc(-c2noc3ccc(-c4nc(-c5ccc6c(c5)CCCC6)no4)cc23)ccc1F[EOS],58724.17590498924,42
12.6,Cc1noc(-c2ccc(-c3nc(-c4ccc5ccccc5n4)no3)c(F)c2)c1C(F)(F)n1cnc2cccnc21,[BOS]Cc1noc(-c2ccc(-c3nc(-c4ccc5ccccc5n4)no3)c(F)c2)c1C(F)(F)n1cnc2cccnc21[EOS],62906.70750617981,42
11.7,Cc1ccc(NC(=O)c2cc(-c3cccc(O)c3)on2)cc1C(=O)N1CCC(C)CC1,[BOS]Cc1ccc(NC(=O)c2cc(-c3cccc(O)c3)on2)cc1C(=O)N1CCC(C)CC1[EOS],4864.960503101349,42
13.5,O=C1NC(c2cc(OCc3cccc4ccccc34)ccc2O)Nc2n[nH]c(-c3cccc(Cl)c3)c21,[BOS]O=C1N[C@@H](c2cc(OCc3cccc4ccccc34)ccc2O)Nc2n[nH]c(-c3cccc(Cl)c3)c21[EOS],10425.023706912994,42
14.1,Fc1ccc(-c2noc(-c3cnc(-c4noc5cc(-c6ccccc6)ccc45)s3)n2)cc1C#CC1CCn2c(nc3ccccc32)O1,[BOS]Fc1ccc(-c2noc(-c3cnc(-c4noc5cc(-c6ccccc6)ccc45)s3)n2)cc1C#CC1CCn2c(nc3ccccc32)O1[EOS],15438.9810256958,42
11.9,Cc1nnc(-c2cccc(C(=O)Nc3cnc(-c4cccc(C(F)(F)F)c4)cn3)c2)o1,[BOS]Cc1nnc(-c2cccc(C(=O)Nc3cnc(-c4cccc(C(F)(F)F)c4)cn3)c2)o1[EOS][EOS][EOS][EOS][EOS][EOS][EOS],19806.849373102188,42
12.3,Cc1cc(F)cc(-n2cc(-c3nc(-c4cccc(OCc5cccc(Cl)c5)c4)no3)nn2)c1,[BOS]Cc1cc(F)cc(-n2cc(-c3nc(-c4cccc(OCc5cccc(Cl)c5)c4)no3)nn2)c1[EOS],24814.318370103836,42
13.0,O=C(NC1(c2ccc(NC(=O)C3CC(c4ccccc4)N=N3)cc2)CCC1)c1ccc2c(c1)C(=O)CC2=O,[BOS]O=C(NC1(c2ccc(NC(=O)[C@@H]3CC(c4ccccc4)N=N3)cc2)CCC1)c1ccc2c(c1)C(=O)CC2=O[EOS],30702.004767656326,42
12.3,O=C(Nc1cccc(CCC(O)c2ccccc2)c1)c1nn(-c2ccc(F)c(F)c2)c2c1CCC2,[BOS]O=C(Nc1cccc(CC[C@H](O)c2ccccc2)c1)c1nn(-c2ccc(F)c(F)c2)c2c1CCC2[EOS],36867.88777399063,42
11.6,O=C(OCCc1ccc2ccccc2c1)c1ccn(-c2ccc3c(c2)N2CCN=C2SC3)n1,[BOS]O=C(OCCc1ccc2ccccc2c1)c1ccn(-c2ccc3c(c2)N2CCN=C2SC3)n1[EOS],42189.77996015549,42
12.0,Cc1ccc2c(C3=CCN(C(=O)c4cccc(CNc5ccnc(C)n5)c4)CC3)c[nH]c2c1,[BOS]Cc1nccc(NCc2cccc(C(=O)N3CC=C(c4c[nH]c5cc(C)ccc45)CC3)c2)n1[EOS],47581.988006830215,42
11.9,CC(NC(=O)C(=O)Nc1ccc(C(=O)Nc2ccccc2)cc1)c1ccc(F)c2ccccc12,[BOS]C[C@H](NC(=O)C(=O)Nc1ccc(C(=O)Nc2ccccc2)cc1)c1ccc(F)c2ccccc12[EOS],53343.608344078064,42
13.9,Fc1ccccc1-c1cc2cncc(COCc3ccc(CN4CCc5ccc(-c6ncccn6)nc5CC4)nc3)c2cc1F,[BOS]Fc1ccccc1-c1cc2cncc(COCc3ccc(CN4CCc5ccc(-c6ncccn6)nc5CC4)nc3)c2cc1F[EOS],60772.889546871185,42
12.0,CC(c1ccccc1)[NH+]1CCN(C(=O)C(=O)Nc2cccc(C(=O)Nc3cccc(C(F)(F)F)c3)c2)CC1,[BOS]C[C@H](c1ccccc1)[NH+]1CCN(C(=O)C(=O)Nc2cccc(C(=O)Nc3cccc(C(F)(F)F)c3)c2)CC1[EOS],65894.40735173225,42
11.1,CC(F)(F)c1cccc(NC(=O)NCc2cc(-c3ccc4c(c3)OCCO4)no2)c1,[BOS]CC(F)(F)c1cccc(NC(=O)NCc2cc(-c3ccc4c(c3)OCCO4)no2)c1[EOS],4554.115040063858,42
12.5,C[NH+]1Cc2ccccc2CC1C(=O)NC1(c2ccc(NC(=O)c3nnc(-c4ccccc4)o3)cc2)CCC1,[BOS]C[NH+]1Cc2ccccc2C[C@@H]1C(=O)NC1(c2ccc(NC(=O)c3nnc(-c4ccccc4)o3)cc2)CCC1[EOS],10525.446174383163,42
12.0,Fc1ccc(-n2ccc(Nc3nnc(Cc4ccc5ccccc5n4)s3)n2)c(Cl)c1,[BOS]Fc1ccc(-n2ccc(Nc3nnc(Cc4ccc5ccccc5n4)s3)n2)c(Cl)c1[EOS],14917.858428478241,42
12.0,CC(=O)Nc1ccccc1C(=O)Nc1ccc(C2(NC(=O)C(=O)c3ccc(C)cc3)CCC2)cc1,[BOS]CC(=O)Nc1ccccc1C(=O)Nc1ccc(C2(NC(=O)C(=O)c3ccc(C)cc3)CCC2)cc1[EOS],21060.531440019608,42
12.9,O=C(Nc1ccc(S(=O)(=O)NC2Cc3ccc(Cl)cc3C2)cc1)N1Cc2ccccc2C(O)C1,[BOS]O=C(Nc1ccc(S(=O)(=O)N[C@H]2Cc3ccc(Cl)cc3C2)cc1)N1C[C@@H](O)c2ccccc2C1[EOS],26218.580214738846,42
11.6,O=C(NCC1Cc2ccccc2C1)C(=O)Nc1nc(-c2ccc3ccccc3c2)cs1,[BOS]O=C(NCC1Cc2ccccc2C1)C(=O)Nc1nc(-c2ccc3ccccc3c2)cs1[EOS],31163.01227092743,42
11.9,O=C(CCc1c[nH]c2ccccc12)Nc1ccc(C2(NC(=O)C3Cc4ccccc4C[NH2+]3)CCC2)cc1,[BOS]O=C(CCc1c[nH]c2ccccc12)Nc1ccc(C2(NC(=O)[C@H]3Cc4ccccc4C[NH2+]3)CCC2)cc1[EOS],37824.04272079468,42
12.4,O=C(C=Cc1cccc(O)c1)Nc1cc(C2CCCCN2C(=O)c2cnc3c(c2)NC(=O)CS3)[nH]n1,[BOS]O=C(C=Cc1cccc(O)c1)Nc1cc([C@H]2CCCCN2C(=O)c2cnc3c(c2)NC(=O)CS3)[nH]n1[EOS],43407.86050772667,42
13.4,O=C(Cc1c[nH+]c2ccccn12)NC1(c2ccc(NC(=O)C3Cc4ccccc4C[NH2+]3)cc2)CCC1,[BOS]O=C(Cc1c[nH+]c2ccccn12)NC1(c2ccc(NC(=O)[C@@H]3Cc4ccccc4C[NH2+]3)cc2)CCC1[EOS],49995.12630391121,42
11.8,Cn1nc(C(F)(F)F)cc1C(=O)Nc1ccc(C2C=CC(C(F)(F)F)CC2)c(F)c1,[BOS]Cn1nc(C(F)(F)F)cc1C(=O)Nc1ccc(C2CCC(C(F)(F)F)C=C2)c(F)c1[EOS],55025.60020470619,42
12.8,O=C(NCCc1cc(C(F)(F)F)ccc1F)c1ccc2onc(-c3csc(-c4ccc(Cl)cc4)n3)c2c1F,[BOS]O=C(NCCc1cc(C(F)(F)F)ccc1F)c1ccc2onc(-c3csc(-c4ccc(Cl)cc4)n3)c2c1F[EOS],60614.0400261879,42
12.5,O=C1Cc2cc(C(=O)Nc3cc(C4CCCCN4C(=O)c4nc5cc([N+](=O)[O-])ccc5[nH]4)[nH]n3)ccc2N1,[BOS]O=C1Cc2cc(C(=O)Nc3cc([C@@H]4CCCCN4C(=O)c4nc5cc([N+](=O)[O-])ccc5[nH]4)[nH]n3)ccc2N1[EOS][EOS][EOS][EOS][EOS],65424.46926212311,42
12.8,CC(=NNC(=O)c1cc(-c2ccc(C)c(C)c2)[nH]n1)c1ccc2c(c1)OC(C)(C)C(=O)N2C,[BOS]C/C(=N/NC(=O)c1cc(-c2ccc(C)c(C)c2)[nH]n1)c1ccc2c(c1)OC(C)(C)C(=O)N2C[EOS],4660.028156995773,42
13.5,O=C(COc1cccc(-c2nc(-c3ccc4nccnc4c3)no2)c1)c1ccc2c(c1)-c1ccccc1C2,[BOS]O=C(COc1cccc(-c2nc(-c3ccc4nccnc4c3)no2)c1)c1ccc2c(c1)-c1ccccc1C2[EOS],10625.27054309845,42
12.3,Cc1ccc2[nH]c3c(c2c1)CC(NC(=O)c1cc(-c2ccccc2)nn1C)CC3,[BOS]Cc1ccc2[nH]c3c(c2c1)C[C@H](NC(=O)c1cc(-c2ccccc2)nn1C)CC3[EOS],15027.101714372635,42
13.5,O=C(Nc1ccc2[nH]c(-c3cccc4ccccc34)nc2c1)c1ccc2c(c1)N(Cc1c(F)cccc1F)C(=O)CC2,[BOS]O=C1CCc2ccc(C(=O)Nc3ccc4[nH]c(-c5cccc6ccccc56)nc4c3)cc2N1Cc1c(F)cccc1F[EOS],20206.770463466644,42
11.7,CC(CC(=O)NCc1ccc(OC2CCCCC2)nc1)CC(=O)[NH+]=C(N)c1ccc2ccccc2n1,[BOS]C[C@H](CC(=O)[NH+]=C(N)c1ccc2ccccc2n1)CC(=O)NCc1ccc(OC2CCCCC2)nc1[EOS],25540.569442510605,42
11.7,O=C(NCC1OCC2CCN(C(=O)C3CC=CCC3)CC21)c1n[nH]c2cc(-c3ccccc3)ccc12,[BOS]O=C(NC[C@@H]1OC[C@@H]2CCN(C(=O)[C@H]3CC=CCC3)C[C@@H]21)c1n[nH]c2cc(-c3ccccc3)ccc12[EOS],31387.78480195999,42
12.8,Cc1cccc(COc2ccccc2C(=O)NN=Cc2cc(-c3cc(C)ccc3F)oc2O)c1,[BOS]Cc1cccc(COc2ccccc2C(=O)N/N=C/c2cc(-c3cc(C)ccc3F)oc2O)c1[EOS],37682.58936858177,42
12.6,O=C(NC1Cc2ccccc2C1)c1cc2nc3ccccc3cc2cc1F,[BOS]O=C(NC1Cc2ccccc2C1)c1cc2nc3ccccc3cc2cc1F[EOS],42787.728388786316,42
11.9,Cc1nc2ccncc2cc1C(=O)NC1(c2ccc(NC(=O)Cc3ccc4c(c3)CCC4)cc2)CCC1,[BOS]Cc1nc2ccncc2cc1C(=O)NC1(c2ccc(NC(=O)Cc3ccc4c(c3)CCC4)cc2)CCC1[EOS],48514.362773895264,42
13.2,[NH3+]C(Cc1ccc2ccccc2c1)c1nc(-c2ccc3c(c2)CCC(c2ccccc2)S3)no1,[BOS][NH3+][C@@H](Cc1ccc2ccccc2c1)c1nc(-c2ccc3c(c2)CC[C@@H](c2ccccc2)S3)no1[EOS],55046.526297330856,42
13.4,O=C1N=C(O)c2cccc3c(Cn4c(=O)[nH]c5ccc(NCc6ccc(-c7ccccc7F)cc6)cc54)ccc1c23,[BOS]O=c1[nH]c2ccc(NCc3ccc(-c4ccccc4F)cc3)cc2n1Cc1ccc2c3c(cccc13)C(O)=NC2=O[EOS],60391.44592857361,42
11.8,O=C(NC1CCN(c2ccccc2F)C1)c1ccc(S(=O)(=O)Nc2ccc(Cl)cc2)cc1,[BOS]O=C(N[C@@H]1CCN(c2ccccc2F)C1)c1ccc(S(=O)(=O)Nc2ccc(Cl)cc2)cc1[EOS],64844.313802719116,42
10.8,Cc1sc(CCNC(=O)NCc2cc3c([nH]c2=O)CCCC3)nc1-c1ccccc1,[BOS]Cc1sc(CCNC(=O)NCc2cc3c([nH]c2=O)CCCC3)nc1-c1ccccc1[EOS],5515.619478940964,42
12.3,Cc1cn(-c2ccc(F)cc2)nc1-c1nc(-c2ccc3nc(C(F)(F)F)sc3c2)no1,[BOS]Cc1cn(-c2ccc(F)cc2)nc1-c1nc(-c2ccc3nc(C(F)(F)F)sc3c2)no1[EOS],10038.498300075531,42
12.9,Cc1ccc(-c2noc(-c3ccc4nc(C5CCCO5)oc4c3)n2)nc1N1CCc2ccccc2CC1,[BOS]Cc1ccc(-c2noc(-c3ccc4nc([C@@H]5CCCO5)oc4c3)n2)nc1N1CCc2ccccc2CC1[EOS],14236.258594989777,42
12.3,O=C(NNC(=O)c1n[nH]c2ccccc2c1=O)c1ccc(-c2noc(-c3ccc(F)cc3)n2)cc1,[BOS]O=C(NNC(=O)c1ccc(-c2noc(-c3ccc(F)cc3)n2)cc1)c1n[nH]c2ccccc2c1=O[EOS],19386.85528612137,42
12.4,Cc1cc(C(=O)Nc2n[nH]c(-c3ccccc3Cl)n2)c(C)n1-c1cccc(C(F)(F)F)c1,[BOS]Cc1cc(C(=O)Nc2n[nH]c(-c3ccccc3Cl)n2)c(C)n1-c1cccc(C(F)(F)F)c1[EOS],23311.88002562523,42
13.0,O=C(COc1ccc2ccccc2c1)Nc1cccc(-c2csc(N3C(=O)C4=CCCCC4=C3Cl)n2)n1,[BOS]O=C(COc1ccc2ccccc2c1)Nc1cccc(-c2csc(N3C(=O)C4=CCCCC4=C3Cl)n2)n1[EOS],28756.75978755951,42
12.3,Cc1ccc(NC(=O)N2CCN(C(=O)c3ccc4c(c3)CC(c3ccccc3)OC4=[NH+])CC2)cc1C,[BOS]Cc1ccc(NC(=O)N2CCN(C(=O)c3ccc4c(c3)C[C@H](c3ccccc3)OC4=[NH+])CC2)cc1C[EOS],33366.04377937317,42
14.0,O=c1[nH]c2cc3c(cc2c2nc(-c4ccccc4F)nn12)N(Cc1ccc(-c2ccccc2)nc1)CCC3,[BOS]O=c1[nH]c2cc3c(cc2c2nc(-c4ccccc4F)nn12)N(Cc1ccc(-c2ccccc2)nc1)CCC3[EOS],38111.31254577637,42
12.0,N#Cc1ccc(Oc2ccc(NC(=O)CC(NC(N)=O)c3cccc(-c4ccccc4)c3)cc2)cc1Oc1ccccc1,[BOS]N#Cc1ccc(Oc2ccc(NC(=O)C[C@H](NC(N)=O)c3cccc(-c4ccccc4)c3)cc2)cc1Oc1ccccc1[EOS],43932.40631580353,42
14.0,CCn1nnc2c(-c3nc(-c4ccc5c(c4)OCC(c4ccc(F)cc4)=C5)no3)ccnc21,[BOS]CCn1nnc2c(-c3nc(-c4ccc5c(c4)OCC(c4ccc(F)cc4)=C5)no3)ccnc21[EOS],48161.06475377083,42
11.4,Cc1cc(C)n(-c2ccc(C(=O)Nc3nc(C)n(-c4ccccc4)n3)cn2)n1,[BOS]Cc1cc(C)n(-c2ccc(C(=O)Nc3nc(C)n(-c4ccccc4)n3)cn2)n1[EOS],52946.81473875046,42
12.0,O=C1Nc2ccc(-c3cnc(F)c(OCc4ccccc4)c3)cc2CC1C1CCOCC1,[BOS]O=C1Nc2ccc(-c3cnc(F)c(OCc4ccccc4)c3)cc2C[C@H]1C1CCOCC1[EOS],57738.81704258919,42
13.0,O=C(c1cnc2c(cnn2-c2ccccc2F)c1)c1c[nH]c2ccc(N3CCC(N4CCOCC4)CC3)cc12,[BOS]O=C(c1cnc2c(cnn2-c2ccccc2F)c1)c1c[nH]c2ccc(N3CCC(N4CCOCC4)CC3)cc12[EOS],5535.00637960434,42
12.8,[NH3+]C(c1nc(-c2cccc(-c3nc(-c4cccnc4)no3)c2)no1)c1cccc2ccccc12,[BOS][NH3+][C@H](c1cccc2ccccc12)c1nc(-c2cccc(-c3nc(-c4cccnc4)no3)c2)no1[EOS],11023.026859998703,42
12.5,Cc1oc(-c2ccc(Cl)cc2)cc1C(=O)Nc1cc(C(=O)N2CC(C)CC(C)C2)ccc1F,[BOS]Cc1oc(-c2ccc(Cl)cc2)cc1C(=O)Nc1cc(C(=O)N2C[C@H](C)C[C@H](C)C2)ccc1F[EOS],15663.278200149536,42
10.9,Cc1[nH]nc2ncc(CNc3ncc(-c4cccc(F)c4)cn3)cc12,[BOS]Cc1[nH]nc2ncc(CNc3ncc(-c4cccc(F)c4)cn3)cc12[EOS],19901.071274280548,42
11.4,Cc1cnc(-c2ccc(-c3ccc4c(c3)c3cc(C)ccc3c3cc5cccc(C)c5cc43)s2)c(C)c1,[BOS]Cc1ccc2c(c1)-c1cc(-c3ccc(-c4ncc(C)cc4C)s3)ccc1-c1cc3c(C)cccc3cc1-2[EOS][EOS][EOS][EOS][EOS],24089.607059955597,42
13.0,Cc1cccc(-c2nnc(-c3ccc(C(=O)NNc4cccc(Cl)c4)cc3)c3ccccc23)c1C,[BOS]Cc1cccc(-c2nnc(-c3ccc(C(=O)NNc4cccc(Cl)c4)cc3)c3ccccc23)c1C[EOS],29009.72976255417,42
13.0,O=C(NC1CCC(c2ccc(F)cc2)C1)c1cc2c([nH]c1=O)CCCC2(O)C(=O)N1CCC(F)(F)CC1,[BOS]O=C(N[C@H]1CC[C@H](c2ccc(F)cc2)C1)c1cc2c([nH]c1=O)CCCC2(O)C(=O)N1CCC(F)(F)CC1[EOS],33625.38535904884,42
11.4,Cc1c(NC(=O)NCCC(C)c2cccc(C(F)(F)F)c2)noc1-c1ccccc1F,[BOS]Cc1c(NC(=O)NCC[C@H](C)c2cccc(C(F)(F)F)c2)noc1-c1ccccc1F[EOS],39051.170313835144,42
11.7,O=C(NC1CCCc2nc(-c3ccc(F)cc3)sc21)c1cc(-c2ccc3c(c2)OC(F)(F)O3)no1,[BOS]O=C(N[C@H]1CCCc2nc(-c3ccc(F)cc3)sc21)c1cc(-c2ccc3c(c2)OC(F)(F)O3)no1[EOS][EOS][EOS][EOS][EOS][EOS][EOS],43742.38867735863,42
12.7,Oc1cccc2cc(CC3[NH2+]Cc4cc(-c5ccc6cc[nH]c6c5)ccc43)c(N3CCCC3)nc12,[BOS]Oc1cccc2cc(C[C@@H]3[NH2+]Cc4cc(-c5ccc6cc[nH]c6c5)ccc43)c(N3CCCC3)nc12[EOS],48537.68526625633,42
11.5,Cc1ccc(C)c(N2CCN(C(=O)c3ccn(CSc4nc5ccccc5o4)c(=O)c3)CC2)c1,[BOS]Cc1ccc(C)c(N2CCN(C(=O)c3ccn(CSc4nc5ccccc5o4)c(=O)c3)CC2)c1[EOS],53616.41251683235,42
13.4,O=S(=O)(c1ccc(-c2nc(-c3ccc(-n4cccn4)nc3)no2)nc1)c1ccc(Cl)c(-c2ccc(Cl)c(Cl)c2)c1,[BOS]O=S(=O)(c1ccc(-c2nc(-c3ccc(-n4cccn4)nc3)no2)nc1)c1ccc(Cl)c(-c2ccc(Cl)c(Cl)c2)c1[EOS],58450.6962518692,42
11.4,O=C(NCC1[NH2+]CCc2ccccc21)Nc1ccc(-c2nnc3n2CCCCCC3)cc1,[BOS]O=C(NC[C@@H]1[NH2+]CCc2ccccc21)Nc1ccc(-c2nnc3n2CCCCCC3)cc1[EOS],5018.97177529335,42
12.4,O=C(NCCc1ccc2c(c1)CCO2)N1CCCC(c2[nH+]c3c4ccccc4ccc3n2CC(F)(F)F)C1,[BOS]O=C(NCCc1ccc2c(c1)CCO2)N1CCC[C@H](c2[nH+]c3c(ccc4ccccc43)n2CC(F)(F)F)C1[EOS],10477.658847332,42
11.6,O=C(NCCc1ccn(-c2ccccc2)n1)Nc1ccc(-c2nc3c(F)cccc3[nH]2)cc1,[BOS]O=C(NCCc1ccn(-c2ccccc2)n1)Nc1ccc(-c2nc3c(F)cccc3[nH]2)cc1[EOS],15901.966751098633,42
12.0,Nc1nc(C2CCCC2)ncc1-c1nnc(CCc2nnnn2-c2ccc(Cl)cc2F)cc1F,[BOS]Nc1nc(C2CCCC2)ncc1-c1nnc(CCc2nnnn2-c2ccc(Cl)cc2F)cc1F[EOS],21310.556963205338,42
13.0,Cc1cc(-c2csc(NC(=O)c3cnc4c(c3)c(C)nn4-c3ccccc3)n2)c(F)cc1F,[BOS]Cc1cc(-c2csc(NC(=O)c3cnc4c(c3)c(C)nn4-c3ccccc3)n2)c(F)cc1F[EOS],25677.69712471962,42
12.0,Cc1cccc(Oc2ccc(NC(=O)Nc3ccc4c(c3)N(C)C(=O)C(C)O4)cc2)c1C,[BOS]Cc1cccc(Oc2ccc(NC(=O)Nc3ccc4c(c3)N(C)C(=O)[C@H](C)O4)cc2)c1C[EOS],30629.53588604927,42
11.8,Cc1occc1C(=O)Nc1ccc(C(=O)N2CCCC(c3ccccc3)CC2)nn1,[BOS]Cc1occc1C(=O)Nc1ccc(C(=O)N2CCC[C@H](c3ccccc3)CC2)nn1[EOS],35447.85263824463,42
12.4,Cc1nc2ccc(NC(=O)CCC(=O)c3ccc4c(c3)-c3ccccc3C4)cc2c(=O)[nH]1,[BOS]Cc1nc2ccc(NC(=O)CCC(=O)c3ccc4c(c3)-c3ccccc3C4)cc2c(=O)[nH]1[EOS],40692.37521982193,42
11.1,Cc1cc(Cl)c2ccccc2c1NC(=O)C(=O)Nc1cc(C2CCCCC2)[nH]n1,[BOS]Cc1cc(Cl)c2ccccc2c1NC(=O)C(=O)Nc1cc(C2CCCCC2)[nH]n1[EOS],44876.94905591011,42
11.8,CCc1ccc(-c2nc(C(=O)Nc3ccn(-c4ncccc4C(F)(F)F)n3)cs2)cc1,[BOS]CCc1ccc(-c2nc(C(=O)Nc3ccn(-c4ncccc4C(F)(F)F)n3)cs2)cc1[EOS],49197.01575112343,42
12.8,O=C(Nc1cc(C2CCCCN2C(=O)c2[nH]nc3ncccc23)[nH]n1)C1Cc2ccccc2C[NH2+]1,[BOS]O=C(Nc1cc([C@H]2CCCCN2C(=O)c2[nH]nc3ncccc23)[nH]n1)[C@@H]1Cc2ccccc2C[NH2+]1[EOS],54550.353997945786,42
12.9,O=C(COc1cccc2ccccc12)Nc1ccc2c(c1)CN(c1ccc(C(F)(F)F)cn1)C2=O,[BOS]O=C(COc1cccc2ccccc12)Nc1ccc2c(c1)CN(c1ccc(C(F)(F)F)cn1)C2=O[EOS],60121.867750406265,42
13.1,Cc1c(-c2nc(-c3ccc(NC(=O)c4cccc(F)c4)cc3)no2)oc2c1ccc1ccccc12,[BOS]Cc1c(-c2nc(-c3ccc(NC(=O)c4cccc(F)c4)cc3)no2)oc2c1ccc1ccccc12[EOS],4798.645401000977,42
12.1,O=C(NC1COc2cc(F)ccc2C1)c1ccc(Nc2ccc3cncnc3c2)c(F)c1,[BOS]O=C(N[C@H]1COc2cc(F)ccc2C1)c1ccc(Nc2ccc3cncnc3c2)c(F)c1[EOS],9440.706223249435,42
11.4,Cc1ccc(NC(=O)C=Cc2cnn(-c3ccccc3)c2)cc1C(=O)c1ccccc1,[BOS]Cc1ccc(NC(=O)C=Cc2cnn(-c3ccccc3)c2)cc1C(=O)c1ccccc1[EOS],14280.951623439789,42
13.7,Cn1cc(-c2ccc3oc(-c4ccc(NC(O)=Nc5cccc(Cl)c5)nc4)cc(=O)c3c2)c2ccccc2c1=O,[BOS]Cn1cc(-c2ccc3oc(-c4ccc(NC(O)=Nc5cccc(Cl)c5)nc4)cc(=O)c3c2)c2ccccc2c1=O[EOS],19417.25129342079,42
11.9,Cc1ccc2c(CCNC(=O)c3ccc(NC(=O)c4cc(Cl)cc(Cl)c4)cc3)c[nH]c2c1,[BOS]Cc1ccc2c(CCNC(=O)c3ccc(NC(=O)c4cc(Cl)cc(Cl)c4)cc3)c[nH]c2c1[EOS],23966.207040786743,42
13.1,O=C(NCC(O)c1ccc2ccccc2c1)c1ccc2c(c1)CCCC(=O)N2Cc1ccc(F)cc1C(F)(F)F,[BOS]O=C1CCCc2cc(C(=O)NC[C@@H](O)c3ccc4ccccc4c3)ccc2N1Cc1ccc(F)cc1C(F)(F)F[EOS],29901.273262023926,42
12.0,CN1CCCC1=NS(=O)(=O)c1ccc(NC(=O)c2cc3c([nH]c2=O)CCCCC3)cc1,[BOS]CN1CCC/C1=N/S(=O)(=O)c1ccc(NC(=O)c2cc3c([nH]c2=O)CCCCC3)cc1[EOS],35211.4032971859,42
13.3,NC(=O)c1cccc2ncn(Cc3ccnc(-c4cc(C(=O)Nc5cc6c(nn5)CCC6)ccn4)c3Cl)c(=O)c12,[BOS]NC(=O)c1cccc2ncn(Cc3ccnc(-c4cc(C(=O)Nc5cc6c(nn5)CCC6)ccn4)c3Cl)c(=O)c12[EOS],40441.14740347862,42
13.0,O=C(Nc1cc(C2CCCCN2C(=O)c2cc3cc(F)ccc3[nH]2)[nH]n1)c1ccc2c(c1)C(=O)CC2,[BOS]O=C(Nc1cc([C@@H]2CCCCN2C(=O)c2cc3cc(F)ccc3[nH]2)[nH]n1)c1ccc2c(c1)C(=O)CC2[EOS],45824.128848314285,42
13.6,Cc1cccc(-c2cccc(C(=O)Nc3n[nH]c(-c4ccc5ccccc5n4)n3)c2)c1,[BOS]Cc1cccc(-c2cccc(C(=O)Nc3n[nH]c(-c4ccc5ccccc5n4)n3)c2)c1[EOS],49879.875391721725,42
12.5,O=C1NCCc2cc(NCc3cc(=O)oc4cc5cc(-c6ccccc6)oc5cc34)ccc21,[BOS]O=C1NCCc2cc(NCc3cc(=O)oc4cc5cc(-c6ccccc6)oc5cc34)ccc21[EOS],54596.71093416214,42
12.5,O=C(NCC1OCC2CCN(C(=O)Cc3ccc4ccccc4c3)CC21)c1c[nH]c(-c2ccc(F)cc2)c1,[BOS]O=C(NC[C@@H]1OC[C@@H]2CCN(C(=O)Cc3ccc4ccccc4c3)C[C@@H]21)c1c[nH]c(-c2ccc(F)cc2)c1[EOS],60735.25185203552,42
11.4,O=C(c1cccc2ncccc12)N1CCC(C2CCCCN2C(=O)c2ccc(C3OCOO3)cc2)CC1,[BOS]O=C(c1cccc2ncccc12)N1CCC([C@@H]2CCCCN2C(=O)c2ccc(C3OCOO3)cc2)CC1[EOS],5440.15157866478,42
12.5,O=C(Nc1cccc(F)c1)C1=NOC(c2[nH]c(-c3ccc4c(c3)-c3ccccc3C4)cc2-c2ccc(F)cc2)C1,[BOS]O=C(Nc1cccc(F)c1)C1=NO[C@H](c2[nH]c(-c3ccc4c(c3)-c3ccccc3C4)cc2-c2ccc(F)cc2)C1[EOS],10570.084357500076,42
11.7,O=C(OC1CCc2[nH]c3ccc(Cl)cc3c2C1)c1ccc(-n2cc[nH]c2=O)cc1,[BOS]O=C(O[C@@H]1CCc2[nH]c3ccc(Cl)cc3c2C1)c1ccc(-n2cc[nH]c2=O)cc1[EOS],15582.013399839401,42
13.1,Cc1ccc(F)cc1-c1nnc(NC(=O)c2ccc3c(c2)nc(C)n3-c2ccccc2)s1,[BOS]Cc1ccc(F)cc1-c1nnc(NC(=O)c2ccc3c(c2)nc(C)n3-c2ccccc2)s1[EOS],19877.978354930878,42
11.9,O=C(Nc1cc(C2CCCCN2C(=O)c2ccc(-c3cccnc3)cc2)[nH]n1)C(O)=C1C=CCC1,[BOS]O=C(Nc1cc([C@@H]2CCCCN2C(=O)c2ccc(-c3cccnc3)cc2)[nH]n1)C(O)=C1C=CCC1[EOS][EOS][EOS],25170.65553879738,42
12.1,Cc1c(NC(=O)C(=O)NC2CCC(c3ccccc3F)C2)n[nH]c1-c1cccc(Cl)c1,[BOS]Cc1c(NC(=O)C(=O)N[C@H]2CC[C@H](c3ccccc3F)C2)n[nH]c1-c1cccc(Cl)c1[EOS],30237.191923856735,42
12.4,O=C(Nc1ccc2nc(-c3ccc(F)cc3)[nH]c2c1)c1nn(-c2cc(F)cc(F)c2)c2c1CCC2,[BOS]O=C(Nc1ccc2nc(-c3ccc(F)cc3)[nH]c2c1)c1nn(-c2cc(F)cc(F)c2)c2c1CCC2[EOS],34861.37224125862,42
12.6,Cc1cccc(NC(=O)c2ccc3c(c2)CC(c2ccccc2)OC3=O)c1F,[BOS]Cc1cccc(NC(=O)c2ccc3c(c2)C[C@H](c2ccccc2)OC3=O)c1F[EOS],40110.8446161747,42
12.1,Cc1oc2cc(O)ccc2c1C(=O)NC1(c2ccc(NC(=O)c3cc(-c4ccccc4)no3)cc2)CCC1,[BOS]Cc1oc2cc(O)ccc2c1C(=O)NC1(c2ccc(NC(=O)c3cc(-c4ccccc4)no3)cc2)CCC1[EOS],46686.71376132965,42
12.7,O=C(c1ccc(CN=C(O)c2cnc(Nc3ccc(F)cc3)nc2Cl)cc1)N1CCc2ccccc2C1,[BOS]O=C(c1ccc(CN=C(O)c2cnc(Nc3ccc(F)cc3)nc2Cl)cc1)N1CCc2ccccc2C1[EOS],53302.327744960785,42
12.7,O=C(NC1CCc2[nH]c(=O)ccc2C1)c1ccc(C(=O)N2CCC3(CC2)Oc2ccccc2NC(=O)C3[O-])cc1,[BOS]O=C(N[C@@H]1CCc2[nH]c(=O)ccc2C1)c1ccc(C(=O)N2CCC3(CC2)Oc2ccccc2NC(=O)[C@@H]3[O-])cc1[EOS],58194.96960711479,42
15.4,c1cc(Oc2ccc(-c3ccc(-c4ccc5c(n4)-c4ccccc4C5)o3)cc2)cc(Oc2cccc3c2oc2ccccc23)c1,[BOS]c1ccc(Oc2ccc(-c3ccc(-c4ccc5c(n4)-c4ccccc4C5)o3)cc2)cc1Oc1cccc2c1oc1ccccc12[EOS],62603.10961818695,42
12.5,COc1ccc2nc(C)c(-c3nc(-c4ccc(C(=O)c5ccccc5)cc4)no3)cc2c1,[BOS]COc1ccc2nc(C)c(-c3nc(-c4ccc(C(=O)c5ccccc5)cc4)no3)cc2c1[EOS],4195.494094371796,42
11.3,Cc1cncc(CCC(=O)Nc2cc(C3CCCCN3C(=O)c3cc(C)n4ccnc4n3)[nH]n2)c1,[BOS]Cc1cncc(CCC(=O)Nc2cc([C@@H]3CCCCN3C(=O)c3cc(C)n4ccnc4n3)[nH]n2)c1[EOS],10368.250146865845,42
12.4,Cc1cc(C(=O)Nc2ccc(S(=O)(=O)NN=C(O)c3cc4c(c(C(C)C)c3)OCO4)cc2)c(C)cc1Br,[BOS]Cc1cc(C(=O)Nc2ccc(S(=O)(=O)NN=C(O)c3cc4c(c(C(C)C)c3)OCO4)cc2)c(C)cc1Br[EOS],16355.729137182236,42
12.9,O=C(NC1CC2CCC(C1)N2C(=O)Cc1ccc2ncccc2c1)c1n[nH]c2ccc(-c3ccccc3)cc12,[BOS]O=C(N[C@H]1C[C@H]2CC[C@@H](C1)N2C(=O)Cc1ccc2ncccc2c1)c1n[nH]c2ccc(-c3ccccc3)cc12[EOS],22121.602363348007,42
11.3,Cc1ccsc1-c1nnc(NC(=O)COc2ccc3c(c2)OC(N)=C(C#N)C3c2ccc3ccccc3c2)o1,[BOS]Cc1ccsc1-c1nnc(NC(=O)COc2ccc3c(c2)OC(N)=C(C#N)C3c2ccc3ccccc3c2)o1[EOS],27789.006294488907,42
11.5,CC(NC(=O)NCCc1nnc(-c2ccccc2)o1)c1ccc(-c2ccc(F)cc2)cc1,[BOS]C[C@H](NC(=O)NCCc1nnc(-c2ccccc2)o1)c1ccc(-c2ccc(F)cc2)cc1[EOS],33344.291533231735,42
12.4,CN1CCc2ccc(NC(=O)c3ccc4c(c3)[nH]c(=O)n4C3CCCC3)cc2CC1=O,[BOS]CN1CCc2ccc(NC(=O)c3ccc4c(c3)[nH]c(=O)n4C3CCCC3)cc2CC1=O[EOS],37271.035556554794,42
11.7,Cc1cc(C)c2cc(NC(=O)C3=Cc4cc(Cl)ccc4OC3)ccc2n1,[BOS]Cc1cc(C)c2cc(NC(=O)C3=Cc4cc(Cl)ccc4OC3)ccc2n1[EOS],41249.38352608681,42
11.9,FC(F)(F)c1cccc(-c2noc(-c3ccc4c(c3)nnn4CC3CC[NH2+]CC3)n2)c1Cl,[BOS]FC(F)(F)c1cccc(-c2noc(-c3ccc4c(c3)nnn4CC3CC[NH2+]CC3)n2)c1Cl[EOS],45239.22050380707,42
12.4,O=C(Nc1ccc(N2CCCC2=O)cn1)c1cnc2ncnn2c1C=CC(O)=NCc1cc(-c2cccc(F)c2)ccn1,[BOS]O=C(Nc1ccc(N2CCCC2=O)cn1)c1cnc2ncnn2c1C=CC(O)=NCc1cc(-c2cccc(F)c2)ccn1[EOS],51419.09928011894,42
11.6,CC(=O)c1sc(NC(=O)c2ccc(F)cc2)nc1-c1ccc(C2CCCN(C)CC2)c(F)c1,[BOS]CC(=O)c1sc(NC(=O)c2ccc(F)cc2)nc1-c1ccc([C@@H]2CCCN(C)CC2)c(F)c1[EOS][EOS][EOS][EOS][EOS],56035.52541446686,42
12.1,O=C(NC1CCC([NH2+]C2CCc3cccc(F)c3C2)CC1)C1CCOc2ccccc2O1,[BOS]O=C(N[C@H]1CC[C@H]([NH2+][C@@H]2CCc3cccc(F)c3C2)CC1)[C@H]1CCOc2ccccc2O1[EOS],60634.15475940704,42
11.7,Cc1cccc(-c2nc(C(=O)NCC(O)c3cccc(OCc4ccccc4)c3)c(C)[nH]2)c1,[BOS]Cc1cccc(-c2nc(C(=O)NC[C@@H](O)c3cccc(OCc4ccccc4)c3)c(C)[nH]2)c1[EOS],5737.143082857132,42
11.6,Cc1cc(NC(=O)C2CCC(C(=O)Nc3cccc(C)c3C)CC2)ccc1N1CC[NH+](C)CC1=O,[BOS]Cc1cc(NC(=O)[C@H]2CC[C@H](C(=O)Nc3cccc(C)c3C)CC2)ccc1N1CC[NH+](C)CC1=O[EOS],10209.570571899414,42
11.7,Cc1cc(CNC(=O)Nc2ncc(Oc3ccccc3)cn2)ccc1Oc1ccc(F)cc1,[BOS]Cc1cc(CNC(=O)Nc2ncc(Oc3ccccc3)cn2)ccc1Oc1ccc(F)cc1[EOS],14968.353500843048,42
12.4,CN1CCCC1=NS(=O)(=O)c1ccc(-c2nc(-c3ccc4c(c3)CCCC4=O)no2)cc1,[BOS]CN1CCC/C1=N\S(=O)(=O)c1ccc(-c2nc(-c3ccc4c(c3)CCCC4=O)no2)cc1[EOS],20172.842345237732,42
12.5,CN1CCOc2cc(-c3ccc(NC(=O)Nc4ccc(C(F)(F)F)c(F)c4)c(C(F)(F)F)c3)ccc21,[BOS]CN1CCOc2cc(-c3ccc(NC(=O)Nc4ccc(C(F)(F)F)c(F)c4)c(C(F)(F)F)c3)ccc21[EOS],24153.39429783821,42
12.4,Cc1ccc(Oc2ccc(OCc3nc(-c4ccc(-c5cnc6[nH]c(=O)[nH]c(=O)c6c5)cc4)no3)cc2)cc1,[BOS]Cc1ccc(Oc2ccc(OCc3nc(-c4ccc(-c5cnc6[nH]c(=O)[nH]c(=O)c6c5)cc4)no3)cc2)cc1[EOS],30502.491535186768,42
11.0,CC(c1cccc(NC(=O)C(=O)NCC2CC[NH+](Cc3ccccc3)C2)c1)[NH+]1CCOCC1,[BOS]C[C@@H](c1cccc(NC(=O)C(=O)NC[C@@H]2CC[NH+](Cc3ccccc3)C2)c1)[NH+]1CCOCC1[EOS],36039.595890522,42
13.7,O=C(NC1(c2ccc(NC(=O)c3[nH]nc4c3CCc3ncccc3-4)cc2)CCC1)c1cnc2ccccc2n1,[BOS]O=C(NC1(c2ccc(NC(=O)c3[nH]nc4c3CCc3ncccc3-4)cc2)CCC1)c1cnc2ccccc2n1[EOS],42101.09022760391,42
12.5,Cc1noc2nc(-c3ccc(F)c(F)c3)cc(-c3nc(-c4cccc(N5CC[NH+](C)CC5)c4)no3)c12,[BOS]Cc1noc2nc(-c3ccc(F)c(F)c3)cc(-c3nc(-c4cccc(N5CC[NH+](C)CC5)c4)no3)c12[EOS],47129.93732738495,42
11.9,O=C(NCc1[nH]c(-c2ccc3c(c2)OCO3)c[nH+]1)Nc1ccc(C(=O)N2CCCCCC2)cc1,[BOS]O=C(NCc1[nH]c(-c2ccc3c(c2)OCO3)c[nH+]1)Nc1ccc(C(=O)N2CCCCCC2)cc1[EOS],52502.92922210693,42
13.6,O=C(c1ccc(F)c(Nc2cc(-c3ccc(F)cc3)cnc2F)c1)N1CCN(C(=O)C23CC4CC(CC(C4)C2)C3)C(F)C1,[BOS]O=C(c1ccc(F)c(Nc2cc(-c3ccc(F)cc3)cnc2F)c1)N1CCN(C(=O)C23CC4CC(CC(C4)C2)C3)[C@@H](F)C1[EOS],57950.66329288483,42
13.4,O=C(NCC1C2Cc3ccccc3C12)C(=O)Nc1cccc(NC(=O)c2cccc(C(F)(F)F)c2)c1,[BOS]O=C(NC[C@@H]1[C@@H]2Cc3ccccc3[C@H]12)C(=O)Nc1cccc(NC(=O)c2cccc(C(F)(F)F)c2)c1[EOS],63172.70981526375,42
13.2,O=C(NCc1ccc2ncccc2c1)c1ccc2nc(NCc3csc(-c4cccc(C(F)(F)F)c4)c3)ccc2c1,[BOS]O=C(NCc1ccc2ncccc2c1)c1ccc2nc(NCc3csc(-c4cccc(C(F)(F)F)c4)c3)ccc2c1[EOS],5749.73902630806,42
12.7,O=C(NCc1cc(-c2n[nH]c3c2CCCC3)on1)c1cc2c(ccc3ccccc32)o1,[BOS]O=C(NCc1noc(-c2n[nH]c3c2CCCC3)c1)c1cc2c(ccc3ccccc32)o1[EOS],11180.611075878143,42
11.8,Cc1cc(OCc2ccccc2)ccc1NC(=O)C(=O)NC1CC(=O)N(c2c(F)cccc2F)C1,[BOS]Cc1cc(OCc2ccccc2)ccc1NC(=O)C(=O)N[C@@H]1CC(=O)N(c2c(F)cccc2F)C1[EOS],16945.76837158203,42
11.6,O=C(C[NH+]=C(O)c1cc(-c2ccccn2)nc2ccccc12)c1ccc2ccccc2c1,[BOS]O=C(C[NH+]=C(O)c1cc(-c2ccccn2)nc2ccccc12)c1ccc2ccccc2c1[EOS],22724.55872297287,42
10.8,CCOc1c(F)cc(C(=O)NC2(c3ccc(NC(=O)c4cnccc4C)cc3)CCC2)cc1Cl,[BOS]CCOc1c(F)cc(C(=O)NC2(c3ccc(NC(=O)c4cnccc4C)cc3)CCC2)cc1Cl[EOS],28381.74501156807,42
11.4,Cc1ccc(C(=O)NCCC(=O)NC2CCC(c3nc(-c4cccnc4)cc(=O)[nH]3)CC2)c(O)c1C,[BOS]Cc1ccc(C(=O)NCCC(=O)NC2CCC(c3nc(-c4cccnc4)cc(=O)[nH]3)CC2)c(O)c1C[EOS],34286.25981736183,42
11.9,CC(C)(CNC(=O)C(=O)Nc1ccc(C(=O)NCc2ccccc2F)cc1)c1cccc(C(F)(F)F)c1,[BOS]CC(C)(CNC(=O)C(=O)Nc1ccc(C(=O)NCc2ccccc2F)cc1)c1cccc(C(F)(F)F)c1[EOS],40384.71148490906,42
12.3,O=C(NCC1(O)CCc2ccccc21)c1ccc([N-]S(=O)(=O)c2ccc3c(c2)CCCC3)cc1,[BOS]O=C(NC[C@@]1(O)CCc2ccccc21)c1ccc([N-]S(=O)(=O)c2ccc3c(c2)CCCC3)cc1[EOS],46343.323013067245,42
12.3,O=C(Nc1ccc(C2(NC(=O)C3Cc4ccccc4O3)CCC2)cc1)c1ccc(-c2ccccc2)cc1,[BOS]O=C(Nc1ccc(C2(NC(=O)[C@H]3Cc4ccccc4O3)CCC2)cc1)c1ccc(-c2ccccc2)cc1[EOS],52164.04209160805,42
13.1,CC(=O)N1CCCc2cc(NC(=O)c3cccc(NC(=O)C4Cc5ccccc5O4)c3)ccc21,[BOS]CC(=O)N1CCCc2cc(NC(=O)c3cccc(NC(=O)[C@@H]4Cc5ccccc5O4)c3)ccc21[EOS],56891.350650548935,42
13.0,O=C(Cc1ccc2c(c1)Cc1ccccc1-2)Oc1ccc(-c2noc(-c3cccnc3)n2)cc1,[BOS]O=C(Cc1ccc2c(c1)Cc1ccccc1-2)Oc1ccc(-c2noc(-c3cccnc3)n2)cc1[EOS],62120.05052399635,42
10.9,Cc1nc(C(C)NC(=O)CCc2c(N)nc3cc(=O)[nH]n3c2C)oc1-c1ccc(Cl)cc1,[BOS]Cc1nc([C@@H](C)NC(=O)CCc2c(N)nc3cc(=O)[nH]n3c2C)oc1-c1ccc(Cl)cc1[EOS][EOS][EOS][EOS][EOS][EOS][EOS][EOS],66498.46542811394,42
12.9,O=C1OC(c2ccccc2)Cc2cc(-c3nc(-c4cc[n+]([O-])cc4)no3)ccc21,[BOS][O-][n+]1ccc(-c2noc(-c3ccc4c(c3)C[C@@H](c3ccccc3)OC4=O)n2)cc1[EOS],3891.0375673770905,42
12.0,Cc1cccc2nc(CCC(O)=NC(C)c3cccc(C(C)(C)N=C(O)c4cc(C5(C)CC5)ccn4)c3)[nH]c12,[BOS]Cc1cccc2nc(CCC(O)=N[C@H](C)c3cccc(C(C)(C)N=C(O)c4cc(C5(C)CC5)ccn4)c3)[nH]c12[EOS],9655.779271364212,42
11.6,Cc1ccc(NC(=O)Nc2cc(CN3C(=O)NCC3(C)C(F)(F)F)ccc2F)c(C)c1C,[BOS]Cc1ccc(NC(=O)Nc2cc(CN3C(=O)NC[C@]3(C)C(F)(F)F)ccc2F)c(C)c1C[EOS],14782.46674156189,42
12.8,O=C1Nc2cc(Cl)ccc2C1Cc1nc(-c2ccc(N3CCc4ccccc4C3)nc2)no1,[BOS]O=C1Nc2cc(Cl)ccc2[C@H]1Cc1nc(-c2ccc(N3CCc4ccccc4C3)nc2)no1[EOS],19425.33026742935,42
12.0,CC(NC(=O)NCCc1nc2ccccc2s1)c1cnn(C)c1-c1ccc(Oc2ccccc2)nn1,[BOS]C[C@H](NC(=O)NCCc1nc2ccccc2s1)c1cnn(C)c1-c1ccc(Oc2ccccc2)nn1[EOS],25158.07815504074,42
13.4,O=C1N=C(O)c2ccccc2C1=CNc1cccc(-c2nc3cc(-c4ccccc4)ccc3[nH]2)c1,[BOS]O=C1N=C(O)c2ccccc2C1=CNc1cccc(-c2nc3cc(-c4ccccc4)ccc3[nH]2)c1[EOS],30795.62492132187,42
14.2,N#Cc1ccc(NC(=O)c2cccc(N=C(O)c3ccc4ccccc4c3)c2)cc1-c1ccc2c(c1)OCC1(C2)OCCO1,[BOS]N#Cc1ccc(NC(=O)c2cccc(N=C(O)c3ccc4ccccc4c3)c2)cc1-c1ccc2c(c1)OCC1(C2)OCCO1[EOS],35940.47716188431,42
11.8,O=C(NCc1cccc(N2C(=O)NC3(CCCC3)C2=O)c1)Nc1cc2c(cn1)CCCC2,[BOS]O=C(NCc1cccc(N2C(=O)NC3(CCCC3)C2=O)c1)Nc1cc2c(cn1)CCCC2[EOS],41558.02928185463,42
11.4,O=C(NCC1(O)CCCc2ccccc21)C(=O)Nc1cc(-c2cccc(F)c2F)on1,[BOS]O=C(NC[C@@]1(O)CCCc2ccccc21)C(=O)Nc1cc(-c2cccc(F)c2F)on1[EOS],46636.09715628624,42
12.3,Fc1cc(F)c(F)c(-c2noc(-c3ccc(COc4ccc5ccccc5c4)o3)n2)c1F,[BOS]Fc1cc(F)c(F)c(-c2noc(-c3ccc(COc4ccc5ccccc5c4)o3)n2)c1F[EOS],51073.40468096733,42
11.1,O=C(Nc1cccc(COc2ccc(F)cc2)c1)NC1Cc2ccccc2C1,[BOS]O=C(Nc1cccc(COc2ccc(F)cc2)c1)NC1Cc2ccccc2C1[EOS][EOS][EOS][EOS],55788.985546827316,42
13.3,CN(Cc1ccccc1)c1ccc(NC(=O)c2cc3c([nH]c2=N)[nH]c2ncc(N4CCC5(CC4)OCCO5)cc23)cc1F,[BOS]CN(Cc1ccccc1)c1ccc(NC(=O)c2cc3c([nH]c2=N)[nH]c2ncc(N4CCC5(CC4)OCCO5)cc23)cc1F[EOS],60605.231573581696,42
13.8,O=C(c1ccc(OC2C=C(c3cc4cc(Cl)ccc4[nH]3)CC(F)C2)cc1Cl)N1CCN(c2ccc(F)cn2)CC1,[BOS]O=C(c1ccc(OC2C=C(c3cc4cc(Cl)ccc4[nH]3)C[C@@H](F)C2)cc1Cl)N1CCN(c2ccc(F)cn2)CC1[EOS],6218.130695581436,42
12.1,Cc1cc(NC(=O)C(=O)Nc2cc(N3CCNC3=O)ccc2F)ccc1C(=O)NCc1ccc(F)cc1,[BOS]Cc1cc(NC(=O)C(=O)Nc2cc(N3CCNC3=O)ccc2F)ccc1C(=O)NCc1ccc(F)cc1[EOS],10887.08141040802,42
12.6,Nc1ncccc1-c1nc(-c2ccc(CNC(=O)CCc3nc4ccccc4c(=O)[nH]3)cc2)n(-c2cccc(O)c2)n1,[BOS]Nc1ncccc1-c1nc(-c2ccc(CNC(=O)CCc3nc4ccccc4c(=O)[nH]3)cc2)n(-c2cccc(O)c2)n1[EOS],16125.671068191528,42
12.9,Cc1ccc(-c2nc(NC(=O)c3cc(C)n(-c4cccc(-c5nn[n-]n5)c4)n3)oc2C)cc1,[BOS]Cc1ccc(-c2nc(NC(=O)c3cc(C)n(-c4cccc(-c5nn[n-]n5)c4)n3)oc2C)cc1[EOS],20561.50556254387,42
12.4,O=S(=O)(c1ccc(-c2cccc(-c3ccc(F)cc3)c2)cc1)N1CCN(c2ccc(F)c(F)c2)CC1,[BOS]O=S(=O)(c1ccc(-c2cccc(-c3ccc(F)cc3)c2)cc1)N1CCN(c2ccc(F)c(F)c2)CC1[EOS],25600.73893713951,42
12.8,O=C(Nc1cc(C2CCCCN2C(=O)c2ccc(-c3ccc(=O)[nH]n3)cc2)[nH]n1)c1[nH]cc2c1CCC2,[BOS]O=C(Nc1cc([C@@H]2CCCCN2C(=O)c2ccc(-c3ccc(=O)[nH]n3)cc2)[nH]n1)c1[nH]cc2c1CCC2[EOS],30816.718448400497,42
14.0,O=C1c2ccc(-c3ccc(F)cc3)cc2CN1CCc1c[nH]c2ccc(-c3cnc4c(c3)CCCC4)cc12,[BOS]O=C1c2ccc(-c3ccc(F)cc3)cc2CN1CCc1c[nH]c2ccc(-c3cnc4c(c3)CCCC4)cc12[EOS],36232.44997501373,42
11.9,CCNC(=O)c1cccc(NC(=O)c2cc(-c3ccc4ccccc4c3)n[nH]2)c1C,[BOS]CCNC(=O)c1cccc(NC(=O)c2cc(-c3ccc4ccccc4c3)n[nH]2)c1C[EOS],41065.685723781586,42
11.6,COc1cccc2c1CC(C(=O)Nc1cc(C3CCCCN3C(=O)c3cc(C)n(C)c3)[nH]n1)CC2,[BOS]COc1cccc2c1C[C@H](C(=O)Nc1cc([C@H]3CCCCN3C(=O)c3cc(C)n(C)c3)[nH]n1)CC2[EOS],45825.14505004883,42
12.4,O=C(Nc1ccc2ccccc2c1)N1CCCC(c2nnc3ccc(C(F)(F)F)cn23)C1,[BOS]O=C(Nc1ccc2ccccc2c1)N1CCC[C@@H](c2nnc3ccc(C(F)(F)F)cn23)C1[EOS],49918.411788225174,42
11.9,Cc1oc2ccc(NC(=O)c3ccccc3F)cc2c1C(=O)Nc1ccc2c(c1)CN(C(=O)c1ccco1)CCO2,[BOS]Cc1oc2ccc(NC(=O)c3ccccc3F)cc2c1C(=O)Nc1ccc2c(c1)CN(C(=O)c1ccco1)CCO2[EOS][EOS][EOS],55039.226105213165,42
12.7,O=C(Nc1ccc2c(c1)Cc1cc(NC(=O)c3ccc4[nH]c(=O)c(=O)[nH]c4c3)ccc1O2)c1ccc(F)cc1,[BOS]O=C(Nc1ccc2c(c1)Cc1cc(NC(=O)c3ccc(F)cc3)ccc1O2)c1ccc2[nH]c(=O)c(=O)[nH]c2c1[EOS],59659.14739775658,42
11.7,Cc1cnc(-c2cccc(NC(=O)COc3ccc(-c4ccccc4)cc3-c3ccccc3)c2)o1,[BOS]Cc1cnc(-c2cccc(NC(=O)COc3ccc(-c4ccccc4)cc3-c3ccccc3)c2)o1[EOS],5201.501732110977,42
12.6,Nc1ccc(Nc2ccc3nc(-c4ccccc4F)nn3c2)c2c1C(=O)c1ccccc1C2=O,[BOS]Nc1ccc(Nc2ccc3nc(-c4ccccc4F)nn3c2)c2c1C(=O)c1ccccc1C2=O[EOS],10156.811977148056,42
13.0,Cc1ccc(-c2nnc(CCC(=O)Nc3cnc4ccc(OCc5ccccc5F)cc4c3)c3ccccc23)cc1C,[BOS]Cc1ccc(-c2nnc(CCC(=O)Nc3cnc4ccc(OCc5ccccc5F)cc4c3)c3ccccc23)cc1C[EOS],16634.83830833435,42
12.5,O=C(c1cc(-c2cc(-c3ccccc3F)n[nH]2)n[nH]1)N1CCCC(F)(c2cccc(Cl)c2)CC1,[BOS]O=C(c1cc(-c2cc(-c3ccccc3F)n[nH]2)n[nH]1)N1CCCC(F)(c2cccc(Cl)c2)CC1[EOS][EOS][EOS][EOS],21806.50052547455,42
12.3,Fc1ccc2c(c1)C=C(c1nnc(-c3ccc4ccccc4c3)o1)CC2,[BOS]Fc1ccc2c(c1)C=C(c1nnc(-c3ccc4ccccc4c3)o1)CC2[EOS],25859.5613052845,42
12.6,O=C(CCc1cn(-c2ccccc2)c2ccccc12)NS(=O)(=O)C1=Cc2ccccc2CC1,[BOS]O=C(CCc1cn(-c2ccccc2)c2ccccc12)NS(=O)(=O)C1=Cc2ccccc2CC1[EOS],31832.444545030594,42
12.7,O=C(NS(=O)(=O)c1ccc2ccccc2n1)c1cncc(-c2ccc3c(c2)CCO3)c1,[BOS]O=C(NS(=O)(=O)c1ccc2ccccc2n1)c1cncc(-c2ccc3c(c2)CCO3)c1[EOS],37045.8145737648,42
11.9,CC1Cc2cc(CNC(=O)C(=O)Nc3ccc(N4CC(C)OC(C)C4)c(C(F)(F)F)c3)ccc2O1,[BOS]C[C@@H]1CN(c2ccc(NC(=O)C(=O)NCc3ccc4c(c3)C[C@@H](C)O4)cc2C(F)(F)F)C[C@@H](C)O1[EOS],42485.66034770012,42
13.1,Cc1nc2cc(F)ccc2cc1-c1nc(-c2ccc(Cn3cnc4ccccc43)cc2)no1,[BOS]Cc1nc2cc(F)ccc2cc1-c1nc(-c2ccc(Cn3cnc4ccccc43)cc2)no1[EOS],47009.62846493721,42
13.3,O=C(CCc1noc(-c2ccccc2)n1)Nc1cccc(C2c3ccccc3-c3ccccc32)c1,[BOS]O=C(CCc1noc(-c2ccccc2)n1)Nc1cccc(C2c3ccccc3-c3ccccc32)c1[EOS],53425.841120004654,42
12.6,O=C(COc1ccc2ccccc2c1)Nc1ccc(-c2ccc(NCc3nnc(-c4cccc(I)c4)s3)cc2)cc1Cl,[BOS]O=C(COc1ccc2ccccc2c1)Nc1ccc(-c2ccc(NCc3nnc(-c4cccc(I)c4)s3)cc2)cc1Cl[EOS],60372.72091841698,42
13.3,O=C(Nc1cc(C2CCCCN2C(=O)c2ccc3c(c2)sc2ccccc23)[nH]n1)c1cccc2ccnn12,[BOS]O=C(Nc1cc([C@@H]2CCCCN2C(=O)c2ccc3c(c2)Sc2ccccc2-3)[nH]n1)c1cccc2ccnn12[EOS],65054.752799510956,42
11.4,CC(C)c1noc(-c2cccc(C(=O)OCc3ccc(C(=O)Nc4ccccc4)cc3)c2)n1,[BOS]CC(C)c1noc(-c2cccc(C(=O)OCc3ccc(C(=O)Nc4ccccc4)cc3)c2)n1[EOS],4702.343527555466,42
13.6,FC(F)(F)c1ccnc(-c2ccc(-c3cnc4c(ccn4CC4C=C(c5ccccc5)C=CC4)c3)cc2Cl)c1,[BOS]FC(F)(F)c1ccnc(-c2ccc(-c3cnc4c(ccn4CC4CC=CC(c5ccccc5)=C4)c3)cc2Cl)c1[EOS],9912.175662755966,42
11.4,CCc1nnc(-c2cccc(NC(=O)C(=O)Nc3cc(OC)c4ccccc4c3)c2)o1,[BOS]CCc1nnc(-c2cccc(NC(=O)C(=O)Nc3cc(OC)c4ccccc4c3)c2)o1[EOS],14980.374643564224,42
13.0,O=C(Cc1ccc(OCc2ccc(C(=O)N3CCCC3)s2)cc1)Nc1ncnc2c1cnn2-c1ccc(Cl)cn1,[BOS]O=C(Cc1ccc(OCc2ccc(C(=O)N3CCCC3)s2)cc1)Nc1ncnc2c1cnn2-c1ccc(Cl)cn1[EOS],21751.34566473961,42
14.9,c1ccc2c(c1)cc(-c1ccc(-c3ccc4nccnc4c3)cc1)c1cc(-c3ccc4[nH]ncc4c3)ccc12,[BOS]c1cnc2cc(-c3ccc(-c4cc5ccccc5c5ccc(-c6ccc7[nH]ncc7c6)cc45)cc3)ccc2n1[EOS],25969.91637802124,42
11.6,Cc1ccc2nc(C(=O)OCc3ccc(C(=O)Nc4ccccc4)cc3)ccc2c1,[BOS]Cc1ccc2nc(C(=O)OCc3ccc(C(=O)Nc4ccccc4)cc3)ccc2c1[EOS],30793.421880483627,42
11.4,Cc1[nH]c(=O)c(C(=O)OCc2cc(Cl)c3c(c2)OCCCO3)cc1-c1ccccc1,[BOS]Cc1[nH]c(=O)c(C(=O)OCc2cc(Cl)c3c(c2)OCCCO3)cc1-c1ccccc1[EOS],35880.2312438488,42
12.4,O=C1CCC(c2ccc(NC(=O)c3cccc(Oc4cccc(C(F)(F)F)c4)c3)cc2)=NN1,[BOS]O=C1CCC(c2ccc(NC(=O)c3cccc(Oc4cccc(C(F)(F)F)c4)c3)cc2)=NN1[EOS],40836.81175136566,42
12.1,Cc1cc(-c2csc(NC(=O)c3nn(-c4ccc(F)cc4C)cc3O)n2)c(F)cc1F,[BOS]Cc1cc(-c2csc(NC(=O)c3nn(-c4ccc(F)cc4C)cc3O)n2)c(F)cc1F[EOS],45651.00961685181,42
11.7,CC1C(=O)Nc2cc(-c3ccc(OCc4cccc(F)c4)c(F)c3)ccc2N1C,[BOS]C[C@@H]1C(=O)Nc2cc(-c3ccc(OCc4cccc(F)c4)c(F)c3)ccc2N1C[EOS],50301.05423116684,42
12.7,COc1ccc(NC(=O)c2cc(-c3nc(-c4cccc5ncccc45)no3)c[nH]c2=O)cc1N1CCCC1=O,[BOS]COc1ccc(NC(=O)c2cc(-c3nc(-c4cccc5ncccc45)no3)c[nH]c2=O)cc1N1CCCC1=O[EOS],55441.8712284565,42
13.6,O=C(Nc1cccc(C(=O)c2ccccc2)c1)c1ccc2c(c1)C(=O)c1ccccc1C2Cc1ccccc1,[BOS]O=C(Nc1cccc(C(=O)c2ccccc2)c1)c1ccc2c(c1)C(=O)c3ccccc3[C@@H]2Cc1ccccc1[EOS],60322.873457193375,42
11.0,Cc1ccc(NC(C)C(=O)Nc2nc(-c3ccc(F)c(F)c3)cs2)cc1C(F)(F)F,[BOS]Cc1ccc(N[C@H](C)C(=O)Nc2nc(-c3ccc(F)c(F)c3)cs2)cc1C(F)(F)F[EOS],4938.24600982666,42
11.3,C[NH+]1CCC(Nc2ccc(-c3nc4cc(F)ccc4o3)cc2)C2CCCCC21,[BOS]C[NH+]1CC[C@H](Nc2ccc(-c3nc4cc(F)ccc4o3)cc2)[C@@H]2CCCC[C@@H]21[EOS],9516.569677114487,42
11.9,CC(NC(=O)Nc1cc(-c2n[nH]c(C3CC3)n2)ccc1F)c1cccc(NC(=O)Cc2ccccc2F)c1,[BOS]C[C@H](NC(=O)Nc1cc(-c2n[nH]c(C3CC3)n2)ccc1F)c1cccc(NC(=O)Cc2ccccc2F)c1[EOS],14925.945980072021,42
11.5,O=C(CC#Cc1ccccc1)Nc1ccc(S(=O)(=O)Nc2ccc(Cl)c(C(F)(F)F)c2)c(Cl)c1,[BOS]O=C(CC#Cc1ccccc1)Nc1ccc(S(=O)(=O)Nc2ccc(Cl)c(C(F)(F)F)c2)c(Cl)c1[EOS],20168.10709118843,42
11.6,Cc1cnc2c(NC(=O)NC(C)c3cccc(NC(=O)Cc4ccccc4F)c3)cccc2c1Cl,[BOS]Cc1cnc2c(NC(=O)N[C@H](C)c3cccc(NC(=O)Cc4ccccc4F)c3)cccc2c1Cl[EOS],25640.331737041473,42
11.3,CC(O)(CNC(=O)c1cccc(NC(=O)C2Cc3ccccc3O2)c1)c1ccc(F)cc1F,[BOS]C[C@](O)(CNC(=O)c1cccc(NC(=O)[C@@H]2Cc3ccccc3O2)c1)c1ccc(F)cc1F[EOS][EOS][EOS][EOS][EOS][EOS][EOS][EOS],31479.19103384018,42
12.1,CC1CC(c2nc(-c3ccc(-c4ccc(OCc5ccccc5)cc4)cc3F)ncc2F)CCN1S(C)(=O)=O,[BOS]C[C@@H]1C[C@@H](c2nc(-c3ccc(-c4ccc(OCc5ccccc5)cc4)cc3F)ncc2F)CCN1S(C)(=O)=O[EOS][EOS][EOS][EOS][EOS][EOS],36592.82752537727,42
12.6,Cc1ccc(OCC(=O)NC(C)C(O)=Nc2cccc3cccnc23)cc1COc1ccc2ccccc2c1,[BOS]Cc1ccc(OCC(=O)N[C@@H](C)C(O)=Nc2cccc3cccnc23)cc1COc1ccc2ccccc2c1[EOS],42712.52482509613,42
12.6,Cn1ccc2c(-c3noc(-c4ccc(-c5ccc(F)c(O)c5)cc4F)n3)cccc2c1=O,[BOS]Cn1ccc2c(-c3noc(-c4ccc(-c5ccc(F)c(O)c5)cc4F)n3)cccc2c1=O[EOS],47001.12459874153,42
12.2,Nc1nc(COC(=O)c2cn[nH]c2-c2cc3ccccc3o2)nc2scc(-c3ccc(F)cc3)c12,[BOS]Nc1nc(COC(=O)c2cn[nH]c2-c2cc3ccccc3o2)nc2scc(-c3ccc(F)cc3)c12[EOS],53142.51965022087,42
12.7,CC(=O)Nc1ccc(NC(=O)c2ccnc(Oc3ccc(N=Cc4c([O-])[nH]c(=O)c5ccccc45)cc3)c2)cc1C,[BOS]CC(=O)Nc1ccc(NC(=O)c2ccnc(Oc3ccc(N=Cc4c([O-])[nH]c(=O)c5ccccc45)cc3)c2)cc1C[EOS],58747.76370763779,42
12.1,O=C(c1cccc(Cc2cccc(F)c2)c1)N1CCCCC1c1cc(NC(=O)C2(F)CCCC=C2F)n[nH]1,[BOS]O=C(c1cccc(Cc2cccc(F)c2)c1)N1CCCC[C@H]1c1cc(NC(=O)[C@]2(F)CCCC=C2F)n[nH]1[EOS],64306.52789950371,42
11.0,C[NH+]1C(C(=O)Nc2ccc(Oc3noc4ccc(Br)cc34)cc2)CC2(C)COc3ccccc3C12,[BOS]C[NH+]1[C@@H](C(=O)Nc2ccc(Oc3noc4ccc(Br)cc34)cc2)C[C@]2(C)COc3ccccc3[C@@H]12[EOS][EOS][EOS][EOS][EOS],5662.493642091751,42
13.2,CC1C(Cc2nc(-c3cccc(Oc4ccc5ccccc5n4)c3)no2)C[NH+]1Cc1ccc2ccccc2c1,[BOS]C[C@H]1[C@@H](Cc2nc(-c3cccc(Oc4ccc5ccccc5n4)c3)no2)C[NH+]1Cc1ccc2ccccc2c1[EOS],12122.722412109375,42
12.8,O=C(c1ccc(C2Nc3ccc(OCc4ccccc4F)cc3C3C=CCC32)o1)N1CCC(Cc2ccccc2)CC1,[BOS]O=C(c1ccc([C@H]2Nc3ccc(OCc4ccccc4F)cc3[C@H]3C=CC[C@H]32)o1)N1CCC(Cc2ccccc2)CC1[EOS],18557.42574453354,42
12.5,Cc1noc(-c2ccc(-c3nnc(C4Cc5ccccc5O4)o3)cc2)c1NC(=O)c1ccccc1Cl,[BOS]Cc1noc(-c2ccc(-c3nnc([C@H]4Cc5ccccc5O4)o3)cc2)c1NC(=O)c1ccccc1Cl[EOS],23448.83895111084,42
11.8,O=C([O-])c1ccc(C=Cc2nc(-c3ccc(Cl)cc3)no2)cc1C(=O)Cc1ccccc1,[BOS]O=C([O-])c1ccc(C=Cc2nc(-c3ccc(Cl)cc3)no2)cc1C(=O)Cc1ccccc1[EOS],27313.868820667267,42
11.6,Cc1sc2nc(CSC(C)C(=O)Nc3n[nH]c(-c4cccc5ccccc45)n3)[nH]c(=O)c2c1C,[BOS]Cc1sc2nc(CS[C@@H](C)C(=O)Nc3n[nH]c(-c4cccc5ccccc45)n3)[nH]c(=O)c2c1C[EOS],33274.95557427406,42
11.5,O=C(NCc1cccc(C(=O)OCc2ccccc2)c1)NC1CCc2cc(F)c(F)c(F)c21,[BOS]O=C(NCc1cccc(C(=O)OCc2ccccc2)c1)N[C@@H]1CCc2cc(F)c(F)c(F)c21[EOS],39390.12361907959,42
12.7,CC(=O)c1ccc(-c2cccc(-c3ccc(CC[NH2+]Cc4ccc5c(c4)CCC(C)(C)O5)cc3)c2)c(F)c1F,[BOS]CC(=O)c1ccc(-c2cccc(-c3ccc(CC[NH2+]Cc4ccc5c(c4)CCC(C)(C)O5)cc3)c2)c(F)c1F[EOS],44935.63743853569,42
12.8,Cc1c2ccc(NCC#Cc3cccc(C(F)(F)F)c3)cc2[n+]([O-])c2[nH+]c3ccccc3nc12,[BOS]Cc1c2ccc(NCC#Cc3cccc(C(F)(F)F)c3)cc2[n+]([O-])c2[nH+]c3ccccc3nc12[EOS],49498.355598926544,42
11.8,Cc1nc(N2CCOCC2)n(C)c1C(O)=NN=Cc1ccc(Oc2cccc(F)c2)c(Cl)c1Cl,[BOS]Cc1nc(N2CCOCC2)n(C)c1C(O)=NN=Cc1ccc(Oc2cccc(F)c2)c(Cl)c1Cl[EOS],54746.052344083786,42
12.2,Cc1ccn(-c2ccc(NC(=O)c3csc(-c4ccc(O)c(Cl)c4)c3)cc2)c1C(=O)Nc1nccs1,[BOS]Cc1ccn(-c2ccc(NC(=O)c3csc(-c4ccc(O)c(Cl)c4)c3)cc2)c1C(=O)Nc1nccs1[EOS],58759.79871845245,42
12.2,O=C(NCC(O)=NCc1cccc(N=C(O)c2cccc(F)c2)c1)c1ccc2c(c1)CCCC2=O,[BOS]O=C(NCC(O)=NCc1cccc(N=C(O)c2cccc(F)c2)c1)c1ccc2c(c1)CCCC2=O[EOS],64514.67439246178,42
13.3,Cc1ccc(-c2cc(C(=O)Nc3ccc(C4(NC(=O)c5noc6c5CCCC6)CCC4)cc3)n[nH]2)cc1,[BOS]Cc1ccc(-c2cc(C(=O)Nc3ccc(C4(NC(=O)c5noc6c5CCcC6)CCC4)cc3)n[nH]2)cc1[EOS],5629.281000852585,42
12.7,O=C(Nc1ccc(OC(=O)c2cnnc(-c3ccccc3)c2)cc1)c1ccc2ccccc2c1,[BOS]O=C(Nc1ccc(OC(=O)c2cnnc(-c3ccccc3)c2)cc1)c1ccc2ccccc2c1[EOS],11245.629095315933,42
10.7,CC1CCN(C(=O)Nc2ccnc3ccc(Oc4ccccc4)cc23)CC1(F)F,[BOS]C[C@H]1CCN(C(=O)Nc2ccnc3ccc(Oc4ccccc4)cc23)CC1(F)F[EOS],15638.609573841095,42
12.3,O=c1c2ccccc2ccn1-c1cc(-c2ccc(OCc3cccc(F)c3)c(F)c2)cc(F)c1O,[BOS]O=c1c2ccccc2ccn1-c1cc(-c2ccc(OCc3cccc(F)c3)c(F)c2)cc(F)c1O[EOS],20728.867355823517,42
13.4,O=C(NCCOc1ccc(-c2nc3c(-c4cccc(Cl)c4)c[nH]c3nc2O)cc1)c1ccc(-c2ccccc2)cc1,[BOS]O=C(NCCOc1ccc(-c2nc3c(-c4cccc(Cl)c4)c[nH]c3nc2O)cc1)c1ccc(-c2ccccc2)cc1[EOS],27857.476724863052,42
12.5,Cn1c(NC(=O)c2ccc(CNC(=O)C34CC5CC(CC(C5)C3)C4)cc2)nc2ccc(F)cc21,[BOS]Cn1c(NC(=O)c2ccc(CNC(=O)C34CC5CC(CC(C5)C3)C4)cc2)nc2ccc(F)cc21[EOS],32640.178242444992,42
12.2,Cn1nc(C2CCOCC2)cc1-c1nc(-c2ccc3ccc4cccnc4c3n2)no1,[BOS]Cn1nc(C2CCOCC2)cc1-c1nc(-c2ccc3ccc4cccnc4c3n2)no1[EOS],37158.852184057236,42
11.5,Cc1oc2c(C)cccc2c1CCNC(=O)C=CC(=O)C(O)=Nc1ccc(-c2ccccc2)cc1,[BOS]Cc1cccc2c(CCNC(=O)C=CC(=O)C(O)=Nc3ccc(-c4ccccc4)cc3)c(C)oc12[EOS][EOS][EOS],42982.19576382637,42
11.5,CC(NC(=O)CCc1ccc2[nH]ccc2c1)c1ccc(NC(=O)c2ccc(F)cc2)cc1,[BOS]C[C@@H](NC(=O)CCc1ccc2[nH]ccc2c1)c1ccc(NC(=O)c2ccc(F)cc2)cc1[EOS],47903.07170534134,42
11.6,Cc1nn(-c2ccccc2)cc1-c1nnc(Sc2ccc(NC(=O)C3COc4ccccc4O3)cc2)n1C,[BOS]Cc1nn(-c2ccccc2)cc1-c1nnc(Sc2ccc(NC(=O)[C@@H]3COc4ccccc4O3)cc2)n1C[EOS],52493.46260213852,42
13.5,CC1CCc2nc(NC(=O)c3cc(-c4ccccc4)no3)nc(-c3ccc4c(c3)CC3(CC4)CC3)c2C1,[BOS]C[C@H]1CCc2nc(NC(=O)c3cc(-c4ccccc4)no3)nc(-c3ccc4c(c3)CC3(CC3)CC4)c2C1[EOS],56689.84201693535,42
11.7,CC1Oc2ccc(NC(=O)NCc3cc(-c4cccc(Br)c4F)on3)cc2NC1=O,[BOS]C[C@H]1Oc2ccc(NC(=O)NCc3noc(-c4cccc(Br)c4F)c3)cc2NC1=O[EOS],60991.72168946266,42
12.8,CC(NC(=O)C(=O)Nc1cccc(NC(=O)c2ccccc2)c1)c1ccc(F)c2ccccc12,[BOS]C[C@@H](NC(=O)C(=O)Nc1cccc(NC(=O)c2ccccc2)c1)c1ccc(F)c2ccccc12[EOS],5955.670277833939,42
12.9,O=C1CCc2ccc(-c3noc(-c4cc(=O)c5ccc(OCc6ccccc6)cc5[nH]4)n3)cc2C1,[BOS]O=C1CCc2ccc(-c3noc(-c4cc(=O)c5ccc(OCc6ccccc6)cc5[nH]4)n3)cc2C1[EOS],10666.823655843735,42
11.9,Cc1nc2cc(C(=O)Nc3cccc(COc4ccc5c(c4)OCO5)c3)cnc2nc1C,[BOS]Cc1nc2ncc(C(=O)Nc3cccc(COc4ccc5c(c4)OCO5)c3)cc2nc1C[EOS],15332.082776069641,42
11.8,Cc1ccc(COc2cccc(NC(=O)c3ccc(S(=O)(=O)N4CCCC(C)C4)cc3)c2)cc1,[BOS]Cc1ccc(COc2cccc(NC(=O)c3ccc(S(=O)(=O)N4CCC[C@@H](C)C4)cc3)c2)cc1[EOS],20330.985377550125,42
13.7,Cc1ccccc1COc1cccc(NC(=O)c2ccc3c(c2)OCC3(C)C(=O)n2ccccc2=O)c1,[BOS]Cc1ccccc1COc1cccc(NC(=O)c2ccc3c(c2)OCC3(C)C(=O)n2ccccc2=O)c1[EOS],26000.42512488365,42
12.0,CC1(c2cccc(NC(=O)C3CC(=O)N(c4ccc5c(c4)OCCO5)C3)c2)COC(=O)N1,[BOS]C[C@@]1(c2cccc(NC(=O)[C@H]3CC(=O)N(c4ccc5c(c4)OCCO5)C3)c2)COC(=O)N1[EOS],31069.98157310486,42
12.0,O=C(OCc1nc2scc(-c3ccccc3)c2c(=O)[nH]1)c1nn(-c2ccc(F)cc2F)ccc1=O,[BOS]O=C(OCc1nc2scc(-c3ccccc3)c2c(=O)[nH]1)c1nn(-c2ccc(F)cc2F)ccc1=O[EOS],37373.97686839104,42
11.9,Cc1ccnc(Oc2cc(NC(=O)NC(C)c3ccc4c(c3)CCCC(=O)N4)ccc2C)c1,[BOS]Cc1ccnc(Oc2cc(NC(=O)N[C@@H](C)c3ccc4c(c3)CCCC(=O)N4)ccc2C)c1[EOS],42748.754642248154,42
13.1,CC1CCCN(c2ccc(-c3nc(CC(=O)N4CCn5c4nc4ccccc45)no3)cn2)C1C(=O)O,[BOS]C[C@H]1CCCN(c2ccc(-c3nc(CC(=O)N4CCn5c4nc4ccccc45)no3)cn2)C1C(=O)O[EOS],47832.22601532936,42
12.0,Cn1ncc2cc(-c3noc(-c4cccc(C(=O)Nc5ccccc5)c4)n3)ccc21,[BOS]Cn1ncc2cc(-c3noc(-c4cccc(C(=O)Nc5ccccc5)c4)n3)ccc21[EOS],51965.07659292221,42
13.7,c1ccc(Cc2cc(-c3cc(-c4nc(-c5ccc6nonc6c5)no4)ccn3)c3ccccc3n2)cc1,[BOS]c1ccc(Cc2cc(-c3cc(-c4nc(-c5ccc6nonc6c5)no4)ccn3)c3ccccc3n2)cc1[EOS],57133.65486931801,42
13.0,CC1Oc2ccc(C(=O)NC3(c4ccc(NC(=O)C5(C(=O)Nc6ccccc6)CC5)cc4)CCC3)cc2NC1=O,[BOS]C[C@H]1Oc2ccc(C(=O)NC3(c4ccc(NC(=O)C5(C(=O)Nc6ccccc6)CC5)cc4)CCC3)cc2NC1=O[EOS],63098.696393966675,42
13.5,Cc1ccc(-c2nnc(C(C)NC(=O)c3ccccc3)o2)cc1NC(=O)Nc1ccc2nccc(C)c2c1,[BOS]Cc1ccc(-c2nnc([C@@H](C)NC(=O)c3ccccc3)o2)cc1NC(=O)Nc1ccc2nccc(C)c2c1[EOS],5501.31360411644,42
12.1,CC(NC(=O)C(=O)Nc1cccc(N=C(O)c2ccccc2)c1)c1ccc(F)c2ccccc12,[BOS]C[C@@H](NC(=O)C(=O)Nc1cccc(N=C(O)c2ccccc2)c1)c1ccc(F)c2ccccc12[EOS],11723.453387975693,42
12.5,O=C(CCc1cnc2ccccc2c1)N=C(O)c1ccn2cc(-c3ccccc3F)nc2c1F,[BOS]O=C(CCc1cnc2ccccc2c1)N=C(O)c1ccn2cc(-c3ccccc3F)nc2c1F[EOS],18467.100644111633,42
11.1,Cc1cc(C)cc(N2CCC(C(=O)NCCc3[nH]c(-c4ccccc4)c[nH+]3)CC2=O)c1,[BOS]Cc1cc(C)cc(N2CC[C@H](C(=O)NCCc3[nH]c(-c4ccccc4)c[nH+]3)CC2=O)c1[EOS],23564.378482818604,42
13.3,O=C(Nc1cnc(-c2cccc(C(F)(F)F)c2)cn1)C1CC12C(=O)Nc1ccccc12,[BOS]O=C(Nc1cnc(-c2cccc(C(F)(F)F)c2)cn1)[C@@H]1C[C@@]12C(=O)Nc1ccccc12[EOS],28228.241428136826,42
11.8,O=C(C=Cc1ccc2[nH]ccc2c1)NC1CCc2[nH+]c(-c3ccc(F)cc3F)[nH]c2C1,[BOS]O=C(C=Cc1ccc2[nH]ccc2c1)N[C@H]1CCc2[nH+]c(-c3ccc(F)cc3F)[nH]c2C1[EOS],33060.78684592247,42
14.0,O=C(Nc1ccc2cnn(-c3nc4ccccc4[nH]3)c2c1)c1cc(-c2ccc(N3CCOCC3)nc2)ccc1F,[BOS]O=C(Nc1ccc2cnn(-c3nc4ccccc4[nH]3)c2c1)c1cc(-c2ccc(N3CCOCC3)nc2)ccc1F[EOS],37838.6121366024,42
12.6,Cc1coc(-c2cccc(NC(=O)Nc3ccc(C)c(NC(=O)c4cc(Cl)ccc4O)c3)c2)n1,[BOS]Cc1coc(-c2cccc(NC(=O)Nc3ccc(C)c(NC(=O)c4cc(Cl)ccc4O)c3)c2)n1[EOS],42856.139573574066,42
12.0,Cn1ncc2cc(C(=O)Nc3ccc(C4(NC(=O)c5cccc6c5CCCC6)CCC4)cc3)ccc21,[BOS]Cn1ncc2cc(C(=O)Nc3ccc(C4(NC(=O)c5cccc6c5CCCC6)CCC4)cc3)ccc21[EOS],48373.27366709709,42
12.4,O=C(Nc1cccc(Cc2nnc(C3CC(c4ccccc4)C3)o2)c1)C1CCCCC1,[BOS]O=C(Nc1cccc(Cc2nnc([C@H]3C[C@@H](c4ccccc4)C3)o2)c1)C1CCCCC1[EOS],53673.02527999878,42
12.2,c1ccc(-c2noc(OCc3ccc(OCC4CCc5ccsc5N4c4cc5ccccc5s4)nn3)n2)cc1,[BOS]c1ccc(-c2noc(OCc3ccc(OCC4CCc5ccsc5N4c4cc5ccccc5s4)nn3)n2)cc1[EOS],60125.724618673325,42
12.0,Cc1nc2cc(=O)[nH]n2c(C)c1CCC(=O)Nc1n[nH]c(-c2ccc(C(C)(C)C)cc2)n1,[BOS]Cc1nc2cc(=O)[nH]n2c(C)c1CCC(=O)Nc1n[nH]c(-c2ccc(C(C)(C)C)cc2)n1[EOS],64745.11174082756,42
12.8,Fc1cc(-c2noc(-c3nccc(OCC4CC(c5ncccc5F)=NO4)c3F)n2)ccc1-c1ccncc1,[BOS]Fc1cc(-c2noc(-c3nccc(OCC4CC(c5ncccc5F)=NO4)c3F)n2)ccc1-c1ccncc1[EOS],5887.162974357605,42
11.1,CNC(=O)c1cc2cc(NC(=O)c3cccc4[nH]c(-c5ccccc5)nc34)ccc2[nH]1,[BOS]CNC(=O)c1cc2cc(NC(=O)c3cccc4[nH]c(-c5ccccc5)nc34)ccc2[nH]1[EOS],10381.306233406067,42
12.2,O=C([O-])c1cc(C(=O)Nc2cc(C3CCCCN3C(=O)C=Cc3ccc4ccccc4c3)[nH]n2)ncn1,[BOS]O=C([O-])c1cc(C(=O)Nc2cc([C@H]3CCCCN3C(=O)C=Cc3ccc4ccccc4c3)[nH]n2)ncn1[EOS],15843.374670743942,42
12.1,Cc1cc(=O)[nH]c2cc(C(=O)Nc3nc(-c4cccc(C(F)(F)F)c4)ns3)ccc12,[BOS]Cc1cc(=O)[nH]c2cc(C(=O)Nc3nc(-c4cccc(C(F)(F)F)c4)ns3)ccc12[EOS],20183.698667526245,42
11.4,O=C1OC(C(=O)NC2CCC3(CCC(=O)N3Cc3cccc(F)c3)CC2)Cc2ccccc21,[BOS]O=C(NC1CCC2(CCC(=O)N2Cc2cccc(F)c2)CC1)[C@H]1Cc2ccccc2C(=O)O1[EOS],25466.62200474739,42
12.7,O=C(NCc1ccc(N2CCc3ccccc3C2)nc1)NNC(=O)c1cc2ccccc2oc1=O,[BOS]O=C(NNC(=O)NCc1ccc(N2CCc3ccccc3C2)nc1)c1cc2ccccc2oc1=O[EOS],30476.56349349022,42
12.2,Cc1c(C(=O)NC2(c3ccc(NC(=O)c4cc(O)ccc4F)cc3)CCC2)cc2nc[nH]c(=O)c2c1C,[BOS]Cc1c(C(=O)NC2(c3ccc(NC(=O)c4cc(O)ccc4F)cc3)CCC2)cc2nc[nH]c(=O)c2c1C[EOS][EOS][EOS][EOS][EOS][EOS][EOS],36264.9452855587,42
12.5,CC(CC(=O)NC1CCc2nc(-c3ccccc3)ncc2C1)c1ccc2ccccc2c1,[BOS]C[C@@H](CC(=O)N[C@@H]1CCc2nc(-c3ccccc3)ncc2C1)c1ccc2ccccc2c1[EOS],41457.44198513031,42
14.0,O=C(c1ccc2nc(-c3ccc4c(c3)C[NH2+]CC4)ccc2c1)N1CCC(F)(F)C2(CCN(c3ncccn3)C2)C1,[BOS]O=C(c1ccc2nc(-c3ccc4c(c3)C[NH2+]CC4)ccc2c1)N1CCC(F)(F)[C@]2(CCN(c3ncccn3)C2)C1[EOS],46249.51353573799,42
12.6,Cc1nc2cc(C(=O)Oc3ccc4c(c3)CCCC(=O)N4)ccc2n1-c1ccccc1,[BOS]Cc1nc2cc(C(=O)Oc3ccc4c(c3)CCCC(=O)N4)ccc2n1-c1ccccc1[EOS],51294.800731897354,42
13.0,O=C(NCc1ccc(-c2ccc3c(c2)CCO3)cc1)Nc1ccc2nc(C(F)(F)C(F)(F)F)[nH]c2c1,[BOS]O=C(NCc1ccc(-c2ccc3c(c2)CCO3)cc1)Nc1ccc2nc(C(F)(F)C(F)(F)F)[nH]c2c1[EOS],56807.5800614357,42
16.3,O=C1CC(c2cccc(Oc3ccc4ccccc4c3)c2)Cc2c1ccc1c2oc2cc3c(cc21)oc1ccccc13,[BOS]O=C1C[C@@H](c2cccc(Oc3ccc4ccccc4c3)c2)Cc2c1ccc1c2oc2cc3c(cc21)oc1ccccc13[EOS],61668.39322257042,42
12.1,CC(=O)Oc1c[nH]c2cc(-c3ccc(F)c(C(=O)Nc4ccc(F)c(Cl)c4)c3)ccc12,[BOS]CC(=O)Oc1c[nH]c2cc(-c3ccc(F)c(C(=O)Nc4ccc(F)c(Cl)c4)c3)ccc12[EOS],4393.22104549408,42
12.7,Cc1c(C(=O)Nc2ccc3c(c2)C[NH+](Cc2ccccc2)C3)nnn1-c1cccc2ncccc12,[BOS]Cc1c(C(=O)Nc2ccc3c(c2)C[NH+](Cc2ccccc2)C3)nnn1-c1cccc2ncccc12[EOS],9310.45620751381,42
12.6,C=CCc1ccc2oc(-c3cccc(NC=C4C(O)=Nc5ncc(C)cc54)c3)cc2c1,[BOS]C=CCc1ccc2oc(-c3cccc(N/C=C4/C(O)=Nc5ncc(C)cc54)c3)cc2c1[EOS],14237.380184173584,42
13.0,O=C(NCc1cccc(Oc2ccc3ccccc3c2)c1)C(=O)Nc1cccc(-c2nnc3n2CCCCC3)c1,[BOS]O=C(NCc1cccc(Oc2ccc3ccccc3c2)c1)C(=O)Nc1cccc(-c2nnc3n2CCCCC3)c1[EOS],20703.75331234932,42
12.1,CC(C)c1ccc(-c2noc(CNc3cc(NC(=O)c4ccccc4)ccc3C3NNNC3c3c(F)cccc3F)n2)cc1,[BOS]CC(C)c1ccc(-c2noc(CNc3cc(NC(=O)c4ccccc4)ccc3C3NNNC3c3c(F)cccc3F)n2)cc1[EOS],26890.503051280975,42
12.6,Cc1ccc(-c2cc(C(O)=Nc3nc4ccc(N5CCCC5)cc4s3)nc(O)n2)cc1C,[BOS]Cc1ccc(-c2cc(C(O)=Nc3nc4ccc(N5CCCC5)cc4s3)nc(O)n2)cc1C[EOS],31798.585019111633,42
13.3,CNC(=O)c1ccc(Nc2ccc(Nc3ccc(F)c(C4=CCC(=N)C(C)=C4C)c3)nn2)cc1O,[BOS]CNC(=O)c1ccc(Nc2ccc(Nc3ccc(F)c(C4=CCC(=N)C(C)=C4C)c3)nn2)cc1O[EOS],37387.38050055504,42
12.7,O=C(Nc1cccc(CN=C(O)N2Cc3ccccc3-n3c(cc4ccccc43)C2)c1)c1ccc2ccccc2n1,[BOS]O=C(Nc1cccc(CN=C(O)N2Cc3ccccc3-n3c(cc4ccccc43)C2)c1)c1ccc2ccccc2n1[EOS],42897.143517017365,42
13.2,O=c1n(Cc2noc(-c3ccc(N4CCc5ccccc5C4)cc3)n2)nc2n1CCc1ccccc1-2,[BOS]O=c1n(Cc2noc(-c3ccc(N4CCc5ccccc5C4)cc3)n2)nc2n1CCc1ccccc1-2[EOS],47434.8998374939,42
13.1,Cc1c(-c2nc(-c3ccc(S(=O)(=O)c4ccccc4)cc3)no2)sc2ccccc2c1=O,[BOS]Cc1c(-c2nc(-c3ccc(S(=O)(=O)c4ccccc4)cc3)no2)sc2ccccc2c1=O[EOS],52161.07161593437,42
12.3,O=C(Nc1nc(CC(=O)N2CCS(=O)(=O)C3CCCCC32)cs1)c1ccc2c(c1)CCC2,[BOS]O=C(Nc1nc(CC(=O)N2CCS(=O)(=O)[C@@H]3CCCC[C@@H]32)cs1)c1ccc2c(c1)CCC2[EOS],57019.745730638504,42
14.2,O=C(Nc1ccc(NS(=O)(=O)C=Cc2ccc3cc(F)ccc3c2)cn1)c1ccc(Cl)c2c1OCC(F)(F)C2(F)F,[BOS]O=C(Nc1ccc(NS(=O)(=O)/C=C/c2ccc3cc(F)ccc3c2)cn1)c1ccc(Cl)c2c1OCC(F)(F)C2(F)F[EOS],62245.3600063324,42
15.3,Fc1ccc(-c2nccc3cc(-c4cc5nc(N6CCC(F)(F)CC6)cnc5[nH]4)ccc23)cc1CN1CCC(N2CCCCC2)CC1,[BOS]Fc1ccc(-c2nccc3cc(-c4cc5nc(N6CCC(F)(F)CC6)cnc5[nH]4)ccc23)cc1CN1CCC(N2CCCCC2)CC1[EOS],4664.775834560394,42
12.7,Cc1cc(NC(=O)c2ccc(-c3cccc(Cl)c3)[nH]c2=O)cc(C(=O)NC2CCC3NNC(c4cccc(Cl)c4)C32)c1C,[BOS]Cc1cc(NC(=O)c2ccc(-c3cccc(Cl)c3)[nH]c2=O)cc(C(=O)NC2CCC3NNC(c4cccc(Cl)c4)C32)c1C[EOS],9325.165717124939,42
12.0,O=C(Cc1ccc2ccccc2c1)NC1CC2CCC(C1)N2C(=O)c1cnc(-c2ccccc2)nc1,[BOS]O=C(Cc1ccc2ccccc2c1)N[C@H]1C[C@H]2CC[C@@H](C1)N2C(=O)c1cnc(-c2ccccc2)nc1[EOS],14906.852018356323,42
12.7,Cc1ccc(C(=O)Nc2cccc(CNC(=O)NCC3CCc4ccccc4C3)c2)cc1,[BOS]Cc1ccc(C(=O)Nc2cccc(CNC(=O)NC[C@@H]3CCc4ccccc4C3)c2)cc1[EOS],20343.741237163544,42
11.6,CC(=O)Nc1cccc(C(C)[NH2+]Cc2ccc(N3CCN(C(=O)O)c4ccccc4C3)nc2)c1,[BOS]CC(=O)Nc1cccc([C@H](C)[NH2+]Cc2ccc(N3CCN(C(=O)O)c4ccccc4C3)nc2)c1[EOS],26212.5484623909,42
11.7,O=C(NC1CCc2n[nH]cc2C1)N1CCCC(c2nc(N3CCCCC3)c3ccccn23)C1,[BOS]O=C(N[C@@H]1CCc2n[nH]cc2C1)N1CCC[C@H](c2nc(N3CCCCC3)c3ccccn23)C1[EOS],30275.375696659088,42
12.5,Cc1cccc(Cn2c3c(ccc2=O)CC(NC(=O)c2cc(=O)c4ccc(F)cc4o2)CC3)n1,[BOS]Cc1cccc(Cn2c3c(ccc2=O)C[C@@H](NC(=O)c2cc(=O)c4ccc(F)cc4o2)CC3)n1[EOS],35509.45742607117,42
12.8,Cc1cn(-c2cccc(NC(=O)c3nnn(-c4ccc5ncccc5c4)c3C)c2)c(=O)[nH]c1=O,[BOS]Cc1cn(-c2cccc(NC(=O)c3nnn(-c4ccc5ncccc5c4)c3C)c2)c(=O)[nH]c1=O[EOS],40476.85066986084,42
13.8,Cc1c(NC(=O)c2cncc(-c3ccc4c(c3)OCO4)c2)n[nH]c1-c1ccc2c(c1)CCCC2,[BOS]Cc1c(NC(=O)c2cncc(-c3ccc4c(c3)OCO4)c2)n[nH]c1-c1ccc2c(c1)CCCC2[EOS],45284.115404844284,42
12.9,O=C(Nc1cccc(NC(=O)c2cccc(C(F)(F)F)c2)c1)C(=O)NC1CC2CC1C1C[CH]CC21,[BOS]O=C(Nc1cccc(NC(=O)C(=O)N[C@@H]2C[C@H]3C[C@H]2[C@H]2C[C@@H]C[C@H]32)c1)c1cccc(C(F)(F)F)c1[EOS],50779.02479863167,42
11.7,Cc1nc(-c2ccc(NC(=O)c3cccc4c3OC(C)C4)nc2)[nH]c(=O)c1C,[BOS]Cc1nc(-c2ccc(NC(=O)c3cccc4c3O[C@@H](C)C4)nc2)[nH]c(=O)c1C[EOS],55149.52562379837,42
12.7,Cn1c(=N)[nH]c2cc(N=C(O)c3ccc(OCc4ncoc4-c4ccccc4)c(F)c3F)ccc2c1=O,[BOS]CN1C(=O)c2ccc(N=C(O)c3ccc(OCc4ncoc4-c4ccccc4)c(F)c3F)cc2NC1=N[EOS],60376.443229198456,42
11.6,O=C(Cn1nnc2ccccc21)Nc1ccc(C2(NC(=O)CCCc3ccccc3F)CCC2)cc1,[BOS]O=C(Cn1nnc2ccccc21)Nc1ccc(C2(NC(=O)CCCc3ccccc3F)CCC2)cc1[EOS],6109.45210981369,42
12.1,O=C(CCn1cnc2sc3c(c2c1=O)CCCCC3)N1CC[NH+](Cc2cccc3ccccc23)CC1,[BOS]O=C(CCn1cnc2sc3c(c2c1=O)CCCCC3)N1CC[NH+](Cc2cccc3ccccc23)CC1[EOS],12149.688002824783,42
12.6,Cc1cc(CCNC(=O)C(=O)Nc2cccc(-c3ccc4c(c3)CCO4)n2)c(C)n1-c1ccccc1,[BOS]Cc1cc(CCNC(=O)C(=O)Nc2cccc(-c3ccc4c(c3)CCO4)n2)c(C)n1-c1ccccc1[EOS],18119.193327188492,42
12.3,Cn1c(SCc2ccnc(-c3cccc(F)c3)c2)nnc1-c1cc(-c2ccccc2)nc2ccccc12,[BOS]Cn1c(SCc2ccnc(-c3cccc(F)c3)c2)nnc1-c1cc(-c2ccccc2)nc2ccccc12[EOS],23354.56823539734,42
12.9,c1ccc(Cc2nc(-c3ccc(CCc4nc(-c5ccnc6ccccc56)no4)cc3)n[nH]2)cc1,[BOS]c1ccc(Cc2nc(-c3ccc(CCc4nc(-c5ccnc6ccccc56)no4)cc3)n[nH]2)cc1[EOS],29644.723490715027,42
12.0,CN(C)c1cc(CNC(=O)Nc2cccc(Oc3ccnc4ccccc34)c2)c2ccccc2n1,[BOS]CN(C)c1cc(CNC(=O)Nc2cccc(Oc3ccnc4ccccc34)c2)c2ccccc2n1[EOS],34635.702295303345,42
11.6,O=C(NCc1ccccc1-c1ccc(C[NH+]2CCCC2)cc1)Nc1cc(-c2nn[n-]n2)ccc1O,[BOS]O=C(NCc1ccccc1-c1ccc(C[NH+]2CCCC2)cc1)Nc1cc(-c2nn[n-]n2)ccc1O[EOS],40590.36459159851,42
11.9,O=C(NC1CCCC(c2ccccc2)C1)c1ccn(-c2cccc(-c3nn[n-]n3)c2)n1,[BOS]O=C(N[C@H]1CCC[C@H](c2ccccc2)C1)c1ccn(-c2cccc(-c3nn[n-]n3)c2)n1[EOS],45018.46028971672,42
13.4,O=C(NCCc1noc(-c2ccc(N3CCc4ccccc4C3)cc2)n1)c1ccc2ccccc2c1,[BOS]O=C(NCCc1noc(-c2ccc(N3CCc4ccccc4C3)cc2)n1)c1ccc2ccccc2c1[EOS],50982.14048361778,42
12.8,O=C(NCc1cccc(-c2cccnc2)c1)Nc1ccc(CC(=O)N2CCCc3ccccc32)cc1,[BOS]O=C(NCc1cccc(-c2cccnc2)c1)Nc1ccc(CC(=O)N2CCCc3ccccc32)cc1[EOS],56756.5113632679,42
12.5,Cn1ccc2cc(-c3noc(-c4c[nH]c5cc(OCc6ccccc6)ccc45)n3)ccc2c1=O,[BOS]Cn1ccc2cc(-c3noc(-c4c[nH]c5cc(OCc6ccccc6)ccc45)n3)ccc2c1=O[EOS][EOS][EOS][EOS][EOS][EOS][EOS][EOS],61475.79239296913,42
11.7,Cn1nc(-c2cc(F)cc(F)c2)cc1NC(=O)c1csc(S(=O)(=O)N2CCc3ccccc3C2)c1,[BOS]Cn1nc(-c2cc(F)cc(F)c2)cc1NC(=O)c1csc(S(=O)(=O)N2CCc3ccccc3C2)c1[EOS],65980.13912940025,42
12.7,O=C(Nc1ccc(C2(NC(=O)C3Cc4ccccc4C[NH2+]3)CCC2)cc1)C1=NOC(c2ccccc2)C1,[BOS]O=C(Nc1ccc(C2(NC(=O)[C@H]3Cc4ccccc4C[NH2+]3)CCC2)cc1)C1=NO[C@@H](c2ccccc2)C1[EOS],6085.520023584366,42
12.6,Cc1nc2ccc(-c3ccccc3Br)cc2cc1-c1cc(N2CC(C)OC(C)C2)nc(Oc2cccc3c2CN(C)C3)n1,[BOS]Cc1nc2ccc(-c3ccccc3Br)cc2cc1-c1cc(N2C[C@@H](C)O[C@@H](C)C2)nc(Oc2cccc3c2CN(C)C3)n1[EOS],11002.917811870575,42
12.7,O=C(Nc1ccc(CC(=O)N2CCc3ccccc32)cc1)N1CCCC2(CCS(=O)(=O)C2)C1,[BOS]O=C(Nc1ccc(CC(=O)N2CCc3ccccc32)cc1)N1CCC[C@@]2(CCS(=O)(=O)C2)C1[EOS],16573.68773007393,42
12.2,Cc1cncc(-c2nc(-c3ccc4c(c3)COC4c3ccc(F)cc3)no2)c1Br,[BOS]Cc1cncc(-c2nc(-c3ccc4c(c3)CO[C@H]4c3ccc(F)cc3)no2)c1Br[EOS],20414.182522058487,42
12.8,c1ccc(C2CCC(c3nc(-c4ccc(-c5cnc6ccc(-c7ccco7)cc6c5)cc4)no3)C[NH2+]2)cc1,[BOS]c1cc(-c2noc([C@H]3CC[C@@H](c4ccccc4)[NH2+]C3)n2)ccc1-c1cnc2ccc(-c3ccco3)cc2c1[EOS],24774.300910949707,42
11.9,O=C(NCC1OCC2CCN(C(=O)Cc3ccc4ncccc4c3)CC21)c1c[nH]c(-c2cccc(F)c2)c1,[BOS]O=C(NC[C@@H]1OC[C@@H]2CCN(C(=O)Cc3ccc4ncccc4c3)C[C@@H]21)c1c[nH]c(-c2cccc(F)c2)c1[EOS][EOS][EOS][EOS][EOS][EOS][EOS][EOS],30995.432505607605,42
12.1,O=C1C(C(O)=Nc2nnc(-c3ccccc3F)s2)CCN1c1cccc2ccccc12,[BOS]O=C1[C@@H](C(O)=Nc2nnc(-c3ccccc3F)s2)CCN1c1cccc2ccccc12[EOS],35870.56344008446,42
12.6,O=C(CSc1ccc2ccccc2n1)Nc1ccc(CC(=O)N2CCN(c3ccc(F)cn3)CC2)cc1,[BOS]O=C(CSc1ccc2ccccc2n1)Nc1ccc(CC(=O)N2CCN(c3ccc(F)cn3)CC2)cc1[EOS],42099.34556531906,42
13.4,Cc1c(-c2noc(-c3ccc4c(c3)CC[NH2+]C4)n2)ccc2c1C(=O)c1cc(-c3cn(C)c4ccccc34)ccc1C2=O,[BOS]Cc1c(-c2noc(-c3ccc4c(c3)CC[NH2+]C4)n2)ccc2c1C(=O)c1cc(-c3cn(C)c4ccccc34)ccc1C2=O[EOS],46631.7848303318,42
13.3,O=C(NCc1ccc2nnc(-c3ccccc3)nc2c1)Nc1ccc2ccccc2c1,[BOS]O=C(NCc1ccc2nnc(-c3ccccc3)nc2c1)Nc1ccc2ccccc2c1[EOS],52940.04675388336,42
13.1,O=C(NC1CCCC1)c1ccc(-c2nnnc3ccc(-c4ccc(-c5ccccc5)c(Cl)c4)cc23)c(F)c1F,[BOS]O=C(NC1CCCC1)c1ccc(-c2nnnc3ccc(-c4ccc(-c5ccccc5)c(Cl)c4)cc23)c(F)c1F[EOS],57649.98627662659,42
14.9,O=C(Nc1ncccn1)c1ccc(OCc2ccc(C(=O)Nc3n[nH]c(-c4cccc5ccccc45)n3)c(Cl)c2)c(F)c1,[BOS]O=C(Nc1n[nH]c(-c2cccc3ccccc23)n1)c1ccc(COc2ccc(C(=O)Nc3ncccn3)cc2F)cc1Cl[EOS],62434.21184563637,42
12.1,O=C(Nc1ccc(Oc2ccc(Cl)nn2)cc1)c1nn(-c2ccccc2F)c2c1CCCC2,[BOS]O=C(Nc1ccc(Oc2ccc(Cl)nn2)cc1)c1nn(-c2ccccc2F)c2c1CCCC2[EOS],4941.8433973789215,42
11.1,O=C(NCc1cc2ccccc2s1)C(=O)NC1CCc2nc(-c3ccccc3)ncc2C1,[BOS]O=C(NCc1cc2ccccc2s1)C(=O)N[C@H]1CCc2nc(-c3ccccc3)ncc2C1[EOS],9866.109205007553,42
11.4,C[NH+]1CCC(Oc2ccc(NC(=O)c3ccc(OCC(=O)Nc4cccc(C(F)(F)F)c4)cc3)nc2)CC1,[BOS]C[NH+]1CCC(Oc2ccc(NC(=O)c3ccc(OCC(=O)Nc4cccc(C(F)(F)F)c4)cc3)nc2)CC1[EOS][EOS][EOS][EOS][EOS][EOS][EOS],15592.007957935333,42
11.2,O=C(NC1CC1)c1cccc(-c2noc(C3COc4ccc(F)cc4C3)n2)c1,[BOS]O=C(NC1CC1)c1cccc(-c2noc([C@@H]3COc4ccc(F)cc4C3)n2)c1[EOS],19924.382143974304,42
11.8,CC1CCCC(OCc2cccc(NC(=O)NCc3cccc(NC(=O)Nc4ccccc4)c3)c2)C1,[BOS]C[C@H]1CCC[C@@H](OCc2cccc(NC(=O)NCc3cccc(NC(=O)Nc4ccccc4)c3)c2)C1[EOS],25453.038309574127,42
12.0,O=C(NCc1ccccc1)c1ccc(NC(=O)c2cc(=O)n3[nH]c(-c4ccc(F)cc4)nc3n2)cc1,[BOS]O=C(NCc1ccccc1)c1ccc(NC(=O)c2cc(=O)n3[nH]c(-c4ccc(F)cc4)nc3n2)cc1[EOS],30456.499022483826,42
13.6,Oc1cccc(-c2noc(-c3ccn(-c4ccc5ccc(-c6ccccc6)cn45)n3)n2)c1OCc1ccc2[nH]ccc2c1,[BOS]Oc1cccc(-c2noc(-c3ccn(-c4ccc5ccc(-c6ccccc6)cn45)n3)n2)c1OCc1ccc2[nH]ccc2c1[EOS],35751.63093543053,42
11.9,Nc1noc2cc(-c3ccc(Nc4cc(F)cc(C(F)(F)F)c4)c(F)c3)ccc12,[BOS]Nc1noc2cc(-c3ccc(Nc4cc(F)cc(C(F)(F)F)c4)c(F)c3)ccc12[EOS],39856.96765303612,42
13.0,Cc1oc2ccc(NC(=O)C(=O)Nc3cccc(Oc4ccnc5ccccc45)c3)cc2c1C,[BOS]Cc1oc2ccc(NC(=O)C(=O)Nc3cccc(Oc4ccnc5ccccc45)c3)cc2c1C[EOS],44732.700694561005,42
12.6,c1cc(Nc2ccc3cnccc3c2)cc(-c2cc3ccnc(NCc4cn[nH]c4)c3c3[nH]ncc23)c1,[BOS]c1cc(Nc2ccc3cnccc3c2)cc(-c2cc3ccnc(NCc4cn[nH]c4)c3c3[nH]ncc23)c1[EOS],49881.73459005356,42
11.8,O=C(NCC1CC(O)C[NH+]1Cc1ccccc1)Nc1ccc(-n2ccc(C(F)(F)F)n2)cc1,[BOS]O=C(NC[C@@H]1C[C@H](O)C[NH+]1Cc1ccccc1)Nc1ccc(-n2ccc(C(F)(F)F)n2)cc1[EOS],55732.6688644886,42
12.0,O=C(Nc1cc(C2CCCCN2C(=O)c2ccc(F)cn2)[nH]n1)c1ccc(-c2ccccc2)c(F)c1,[BOS]O=C(Nc1cc([C@H]2CCCCN2C(=O)c2ccc(F)cn2)[nH]n1)c1ccc(-c2ccccc2)c(F)c1[EOS],60722.38776731491,42
13.2,O=C(Nc1cccc(COc2ccc3c(c2)OCO3)c1)c1ccc2c(c1)CCCc1ccccc1-2,[BOS]O=C(Nc1cccc(COc2ccc3c(c2)OCO3)c1)c1ccc2c(c1)CCCc1ccccc1-2[EOS],5703.8559312820435,42
14.0,CC(Oc1ccc(-c2ccc3oc(-c4ccccc4)nc3c2)cc1)c1nnc(-c2ccc3c(Cl)cccc3c2)o1,[BOS]C[C@@H](Oc1ccc(-c2ccc3oc(-c4ccccc4)nc3c2)cc1)c1nnc(-c2ccc3c(Cl)cccc3c2)o1[EOS],11532.260733604431,42
11.4,Cc1cc(-c2noc(C3(c4c[nH]c5cc(F)ccc45)CC3)n2)ccc1-n1cncn1,[BOS]Cc1cc(-c2noc(C3(c4c[nH]c5cc(F)ccc45)CC3)n2)ccc1-n1cncn1[EOS],15707.915682315826,42
13.1,[NH3+]C(c1ccc2ccccc2c1)c1nc(-c2ccc3oc(-c4ccc(F)cc4)nc3c2)no1,[BOS][NH3+][C@H](c1nc(-c2ccc3oc(-c4ccc(F)cc4)nc3c2)no1)c1ccc2ccccc2c1[EOS],20698.031732082367,42
12.0,Cc1ccc(-c2nnc3n2CCCCC3)cc1NC(=O)C1CC2(COC(c3ccccc3)OC2)C1,[BOS]Cc1ccc(-c2nnc3n2CCCCC3)cc1NC(=O)C1CC2(COC(c3ccccc3)OC2)C1[EOS],26233.791169404984,42
13.2,O=C(Nc1ccc(-c2nc3c(F)cccc3[nH]2)cc1)c1cnnc(-c2ccccc2)c1,[BOS]O=C(Nc1ccc(-c2nc3c(F)cccc3[nH]2)cc1)c1cnnc(-c2ccccc2)c1[EOS],31373.019302368164,42
12.2,O=C(Nc1nccc(-c2ccccc2)n1)c1ccc2nc(C(F)(F)F)ccc2c1,[BOS]O=C(Nc1nccc(-c2ccccc2)n1)c1ccc2nc(C(F)(F)F)ccc2c1[EOS],35375.21336007118,42
12.8,O=C(Nc1ccc(CC(=O)N2CCc3ccccc3C2)cc1)NC1CC2CC1C1CCCC21,[BOS]O=C(Cc1ccc(NC(=O)N[C@@H]2C[C@H]3C[C@H]2[C@H]2CCC[C@H]32)cc1)N1CCc2ccccc2C1[EOS],40530.91900086403,42
11.8,O=C(Nc1cccc(OC2CCCC2)c1)C(=O)Nc1ccc(-c2cccc(F)c2)c(F)c1,[BOS]O=C(Nc1cccc(OC2CCCC2)c1)C(=O)Nc1ccc(-c2cccc(F)c2)c(F)c1[EOS],45390.30735993385,42
14.0,Cc1ccc(-c2nc(-c3cccc(C4CC[NH+](C)CC4)c3)no2)cc1-c1cccc(-c2cc[nH]c(=O)c2)c1,[BOS]Cc1ccc(-c2nc(-c3cccc(C4CC[NH+](C)CC4)c3)no2)cc1-c1cccc(-c2cc[nH]c(=O)c2)c1[EOS],50643.977858781815,42
13.5,O=c1cnncn1-c1ccc(N=C(O)c2ccc(Cl)c(-c3ccc4c(c3)c3ccccc3n4-c3ccccc3)c2)nn1,[BOS]O=c1cnncn1-c1ccc(N=C(O)c2ccc(Cl)c(-c3ccc4c(c3)c3ccccc3n4-c3ccccc3)c2)nn1[EOS],56309.5039536953,42
12.2,O=C(Nc1ccc(C2(NC(=O)c3nc4ccccc4o3)CCC2)cc1)c1c[nH]c(-c2ccc(F)cc2)c1,[BOS]O=C(Nc1ccc(C2(NC(=O)c3nc4ccccc4o3)CCC2)cc1)c1c[nH]c(-c2ccc(F)cc2)c1[EOS],61745.614522218704,42
12.8,Cc1cc(-c2ccc(NC(=O)c3ccc(C(F)(F)F)cc3)nn2)cc(-c2nc(-c3ccccc3)c(C)s2)n1,[BOS]Cc1cc(-c2ccc(NC(=O)c3ccc(C(F)(F)F)cc3)nn2)cc(-c2nc(-c3ccccc3)c(C)s2)n1[EOS],4514.595886707306,42
11.3,CN(C)c1ccc2cc(NC(=O)c3ccn(-c4ccc(Cl)c(Cl)c4)n3)ccc2n1,[BOS]CN(C)c1ccc2cc(NC(=O)c3ccn(-c4ccc(Cl)c(Cl)c4)n3)ccc2n1[EOS],8486.425835371017,42
11.5,CC(OC(=O)C1Cc2ccccc21)c1nnc(-c2ccc3ccccc3c2)o1,[BOS]C[C@H](OC(=O)[C@H]1Cc2ccccc21)c1nnc(-c2ccc3ccccc3c2)o1[EOS],13105.440067052841,42
11.9,CCOc1cc2occ(-c3ccc4c(c3)CCCO4)c2cc1C(C)=CC(O)=NCc1ccc2ccccc2c1,[BOS]CCOc1cc2occ(-c3ccc4c(c3)CCCO4)c2cc1C(C)=CC(O)=NCc1ccc2ccccc2c1[EOS],18547.180560588837,42
11.7,Cc1cc(=O)[nH]c2ccc(NC(=O)c3cc4cc(F)ccc4[nH]c3=O)cc12,[BOS]Cc1cc(=O)[nH]c2ccc(NC(=O)c3cc4cc(F)ccc4[nH]c3=O)cc12[EOS],22623.980930566788,42
11.5,CCc1[nH]nc(C(=O)Nc2ccc(C3(NC(=O)C4Cc5ccccc5C4)CCC3)cc2)c1F,[BOS]CCc1[nH]nc(C(=O)Nc2ccc(C3(NC(=O)C4Cc5ccccc5C4)CCC3)cc2)c1F[EOS],28134.485199928284,42
11.8,O=C(CNC(=O)c1ccc2ccccc2c1)Nc1cccc(-c2noc(C(F)(F)F)n2)c1,[BOS]O=C(CNC(=O)c1ccc2ccccc2c1)Nc1cccc(-c2noc(C(F)(F)F)n2)c1[EOS],33385.47282934189,42
11.6,O=C(CC1CC2(CC[NH+](Cc3ccc4conc4c3)CC2)Oc2ccccc21)NCc1ccccc1,[BOS]O=C(C[C@H]1CC2(CC[NH+](Cc3ccc4conc4c3)CC2)Oc2ccccc21)NCc1ccccc1[EOS],39266.399560928345,42
13.1,c1ccc(COc2cc(-c3noc(Cc4ccc(-n5cnnn5)nc4)n3)ccc2-c2ccccc2)cc1,[BOS]c1ccc(COc2cc(-c3noc(Cc4ccc(-n5cnnn5)nc4)n3)ccc2-c2ccccc2)cc1[EOS],44951.37007021904,42
13.6,Cc1ccc2oc(-c3nc(-c4ccc5c(c4)CN(c4ccccn4)C5=O)no3)cc(=O)c2c1,[BOS]Cc1ccc2oc(-c3nc(-c4ccc5c(c4)CN(c4ccccn4)C5=O)no3)cc(=O)c2c1[EOS],48671.5067255497,42
12.9,O=C(Nc1ncc(-c2ccccc2)cn1)c1nn(-c2ccc(Cl)c(C(F)(F)F)c2)c(=O)[nH]c1=O,[BOS]O=C(Nc1ncc(-c2ccccc2)cn1)c1nn(-c2ccc(Cl)c(C(F)(F)F)c2)c(=O)[nH]c1=O[EOS],52982.55148386955,42
10.6,Cc1ccccc1C(CC(=O)Nc1ccc2oc3c(c2c1)CCCC3)NC(N)=O,[BOS]Cc1ccccc1[C@H](CC(=O)Nc1ccc2oc3c(c2c1)CCCC3)NC(N)=O[EOS],58026.146013498306,42
12.1,O=C(NCC1Cc2ccccc2O1)C(=O)Nc1ccc(Oc2cccc(Cl)c2)c2ccncc12,[BOS]O=C(NC[C@@H]1Cc2ccccc2O1)C(=O)Nc1ccc(Oc2cccc(Cl)c2)c2ccncc12[EOS],5337.450395584106,42
12.0,CNC(=O)c1cc2cc(NC(=O)c3cc4ccccc4c4cccnc34)ccc2[nH]c1=O,[BOS]CNC(=O)c1cc2cc(NC(=O)c3cc4ccccc4c4cccnc34)ccc2[nH]c1=O[EOS],9769.038349866867,42
13.8,O=C(Nc1n[nH]c(-c2ccncc2)n1)c1ccc2c(c1)CC(c1ccccc1)OC2=O,[BOS]O=C(Nc1n[nH]c(-c2ccncc2)n1)c1ccc2c(c1)C[C@H](c1ccccc1)OC2=O[EOS],13851.69544005394,42
12.7,Cc1ccc2ccc(CC(=O)N3CCCCC3C3CCN(C(=O)C4Cc5ccccc5O4)CC3)cc2c1,[BOS]Cc1ccc2ccc(CC(=O)N3CCCC[C@@H]3C3CCN(C(=O)[C@H]4Cc5ccccc5O4)CC3)cc2c1[EOS],19933.983336925507,42
13.3,Clc1ccc(-c2nc(-c3ccc(-n4cnc5ccccc54)nc3)no2)[nH]c1=NCCc1ccc2c(c1)CCO2,[BOS]Clc1ccc(-c2nc(-c3ccc(-n4cnc5ccccc54)nc3)no2)[nH]c1=NCCc1ccc2c(c1)CCO2[EOS],24147.244601488113,42
10.9,CC1CC1(NC(=O)C(=O)Nc1cnn(-c2cnc3ccccc3n2)c1)c1ccc(Cl)cc1,[BOS]C[C@@H]1C[C@@]1(NC(=O)C(=O)Nc1cnn(-c2cnc3ccccc3n2)c1)c1ccc(Cl)cc1[EOS][EOS][EOS][EOS][EOS][EOS][EOS][EOS],28976.769030809402,42
12.9,O=C(c1ccc(CN=C(O)c2cc3cc([N+](=O)[O-])ccc3[nH]2)cc1)N1CCC(Cc2ccc(F)cc2)C2CCCC21,[BOS]O=C(c1ccc(CN=C(O)c2cc3cc([N+](=O)[O-])ccc3[nH]2)cc1)N1CCC(Cc2ccc(F)cc2)C2CCCC21[EOS],34967.25702881813,42
12.9,CC(NC(=O)c1ccc2c(c1)CC(c1ccccc1)OC2=O)C1C[NH+](Cc2ccccc2)CCO1,[BOS]C[C@@H](NC(=O)c1ccc2c(c1)C[C@@H](c1ccccc1)OC2=O)[C@@H]1C[NH+](Cc2ccccc2)CCO1[EOS],40088.562197208405,42
11.5,COc1nc(C(=O)Nc2ccc(-c3cc4ccccc4o3)cc2C)cc2cc[nH]c12,[BOS]COc1nc(C(=O)Nc2ccc(-c3cc4ccccc4o3)cc2C)cc2cc[nH]c12[EOS],44030.638092041016,42
12.7,O=C(Nc1ccc2nnc(-c3ccc(F)cc3F)n2c1)c1ccc2ncn(-c3ccc(Cl)cc3)c2c1,[BOS]O=C(Nc1ccc2nnc(-c3ccc(F)cc3F)n2c1)c1ccc2ncn(-c3ccc(Cl)cc3)c2c1[EOS],49030.30189180374,42
12.3,Cc1cccc(F)c1C(=O)NC1(c2ccc(NC(=O)c3nnc(-c4ccccc4)o3)cc2)CCC1,[BOS]Cc1cccc(F)c1C(=O)NC1(c2ccc(NC(=O)c3nnc(-c4ccccc4)o3)cc2)CCC1[EOS],54561.15447092056,42
11.8,COc1ccc2[nH]cc(C3=CC[NH+](C4CCCN(c5ccn(C)n5)C4=O)CC3)c(=O)c2c1,[BOS]COc1ccc2[nH]cc(C3=CC[NH+]([C@@H]4CCCN(c5ccn(C)n5)C4=O)CC3)c(=O)c2c1[EOS],59228.63993835449,42
11.0,O=C(Nc1ccc2oc(CC(F)(F)F)nc2c1)c1n[nH]c2ccccc2c1=O,[BOS]O=C(Nc1ccc2oc(CC(F)(F)F)nc2c1)c1n[nH]c2ccccc2c1=O[EOS],4609.198136329651,42
11.1,O=C1C2CCC1C[NH+](Cc1cccc(OCc3cccc(-c4nn[n-]n4)c3)c1)C2,[BOS]O=C1[C@H]2CC[C@H]1C[NH+](Cc1cccc(OCc3cccc(-c4nn[n-]n4)c3)c1)C2[EOS],9680.421081066132,42
11.1,O=C(NC1C2COCC1CN(C(=O)C1CC13C(=O)Nc1ccccc13)C2)c1cc(=O)[nH]c2ccccc12,[BOS]O=C(N[C@H]1[C@@H]2COC[C@H]1CN(C(=O)[C@H]1C[C@@]13C(=O)Nc1ccccc13)C2)c1cc(=O)[nH]c2ccccc12[EOS][EOS][EOS][EOS][EOS][EOS],14879.554679393768,42
12.1,Cc1ccc(Oc2ccc(NC(=O)NC(C)c3cc4cccc(F)c4o3)cc2)nc1,[BOS]Cc1ccc(Oc2ccc(NC(=O)N[C@@H](C)c3cc4cccc(F)c4o3)cc2)nc1[EOS],20068.265087604523,42
11.1,O=C(CC[NH2+]C1Cc2ccccc2C1)Nc1ccc(N2CC[NH+](Cc3ccccc3)CC2)cc1,[BOS]O=C(CC[NH2+]C1Cc2ccccc2C1)Nc1ccc(N2CC[NH+](Cc3ccccc3)CC2)cc1[EOS],25220.923011779785,42
13.3,Fc1ccc(Oc2ncnc3c(F)c(F)ccc23)c(F)c1-c1nc(-c2coc3ccccc23)cc(=NC2C3CC4CC(C3)CC2C4)[nH]1,[BOS]Fc1ccc(Oc2ncnc3c(F)c(F)ccc23)c(F)c1-c1nc(-c2coc3ccccc23)cc(=NC2C3C[C@H]4CC(C3)C[C@H]2C4)[nH]1[EOS],31970.303774356842,42
12.0,Cc1cc(C(=O)NNC(=O)COc2ccc3oc4ccccc4c3c2)c2cnn(Cc3cccc4ncccc34)c2n1,[BOS]Cc1cc(C(=O)NNC(=O)COc2ccc3oc4ccccc4c3c2)c2cnn(Cc3cccc4ncccc34)c2n1[EOS],37511.48411273956,42
11.3,CN(C)c1ccc(-c2nnc(-c3cccc(Oc4ccc(S(=O)(=O)N5CCCCC5)cc4)c3)o2)cc1,[BOS]CN(C)c1ccc(-c2nnc(-c3cccc(Oc4ccc(S(=O)(=O)N5CCCCC5)cc4)c3)o2)cc1[EOS][EOS][EOS][EOS][EOS][EOS][EOS],42361.79477787018,42
13.4,CC(c1ccc(C(=O)Nc2ccc3ccccc3c2)cc1)c1c(F)cc(C=Nn2c(C3COc4ccccc4O3)noc2=S)cc1F,[BOS]C[C@@H](c1ccc(C(=O)Nc2ccc3ccccc3c2)cc1)c1c(F)cc(/C=N/n2c([C@H]3COc4ccccc4O3)noc2=S)cc1F[EOS],47410.26977682114,42
14.0,O=C(Nc1cccc(NC(=O)c2ccc(N3CCc4ccccc4C3)cc2)c1)NC1CCCc2cn(Cc3ccccn3)cc21,[BOS]O=C(Nc1cccc(NC(=O)c2ccc(N3CCc4ccccc4C3)cc2)c1)N[C@H]1CCCc2cn(Cc3ccccn3)cc21[EOS],53105.083968639374,42
13.5,O=C(Nc1n[nH]c(-c2cccc3ccccc23)n1)c1ccc(=O)n(-c2cccc(F)c2)c1,[BOS]O=C(Nc1n[nH]c(-c2cccc3ccccc23)n1)c1ccc(=O)n(-c2cccc(F)c2)c1[EOS],57502.67974567413,42
11.2,C1=CSC=c2cccc(NCc3c[nH]cc4cc(-c5cccc6ccccc56)cc3-4)c2=N1,[BOS]c1ccc(-c2cc3c(CNc4cccc(-c4nccs4)c4)c[nH]cc-3c2)c2ccccc12[EOS][EOS],61814.944252729416,42
11.6,O=C(CCNC(=O)N1CCc2ccccc2C1)NC1CCc2[nH]c3ccc(Cl)cc3c2C1,[BOS]O=C(CCNC(=O)N1CCc2ccccc2C1)N[C@@H]1CCc2[nH]c3ccc(Cl)cc3c2C1[EOS],5799.915827989578,42
11.4,O=C(NC1CCc2cc(O)ccc2C1)c1cn(-c2ccc(Br)cc2C(F)(F)F)nn1,[BOS]O=C(N[C@H]1CCc2cc(O)ccc2C1)c1cn(-c2ccc(Br)cc2C(F)(F)F)nn1[EOS],10116.14307308197,42
13.0,Cc1onc(-c2ccccc2)c1-c1ccc(-c2ccc(Cl)c(C(=O)Nc3cccc(Cl)c3)c2O)c(F)c1,[BOS]Cc1onc(-c2ccccc2)c1-c1ccc(-c2ccc(Cl)c(C(=O)Nc3cccc(Cl)c3)c2O)c(F)c1[EOS],15521.515330076218,42
13.1,Fc1cc2c(c(F)c1F)C(Nc1ccc(-c3noc(Cc4[nH]nc5ccccc45)n3)c(F)c1F)CC2,[BOS]Fc1cc2c(c(F)c1F)[C@@H](Nc1ccc(-c3noc(Cc4[nH]nc5ccccc45)n3)c(F)c1F)CC2[EOS],21269.84204363823,42
12.8,Clc1ccc2sc(-c3nnc(-c4ccc(CSc5nc6ccccc6n5-c5ccccn5)cc4)o3)nc2c1,[BOS]Clc1ccc2sc(-c3nnc(-c4ccc(CSc5nc6ccccc6n5-c5ccccn5)cc4)o3)nc2c1[EOS],26364.240611314774,42
13.0,Cc1ccn2cc(Oc3nccc(-c4cn(-c5ccc6cnccc6n5)c5ccccc45)n3)[nH+]c2c1,[BOS]Cc1ccn2cc(Oc3nccc(-c4cn(-c5ccc6cnccc6n5)c5ccccc45)n3)[nH+]c2c1[EOS],31465.205532073975,42
11.3,CNC(=O)Nc1cccc(C(=O)NCc2ccc(OCc3cccc(C(F)(F)F)c3)cc2)c1,[BOS]CNC(=O)Nc1cccc(C(=O)NCc2ccc(OCc3cccc(C(F)(F)F)c3)cc2)c1[EOS],37187.467398643494,42
13.0,O=C(Nc1cccc(C[NH2+]Cc2nc3ccccc3c(=O)[nH]2)c1)c1cccc(Oc2ccccc2)c1,[BOS]O=C(Nc1cccc(C[NH2+]Cc2nc3ccccc3c(=O)[nH]2)c1)c1cccc(Oc2ccccc2)c1[EOS],43156.64558029175,42
10.8,CN1N=C(C(=O)Oc2ccc(-c3ccc4c(c3)OCCCO4)cc2)CCC1=O,[BOS]CN1N=C(C(=O)Oc2ccc(-c3ccc4c(c3)OCCCO4)cc2)CCC1=O[EOS],47593.36374878883,42
14.2,O=C1c2ccccc2N=C2N=NC(C3C=Cc4ccccc43)=CC2N1c1ccc(Oc2cccc3ccccc23)cc1,[BOS]O=C1c2ccccc2N=C2N=NC(C3C=Cc4ccccc43)=CC2N1c1ccc(Oc2cccc3ccccc23)cc1[EOS],52664.75448346138,42
12.1,O=C(Nc1cccc(C(=O)N2CCCC2C2CCCCC2)c1)c1ccc2ncccc2c1,[BOS]O=C(Nc1cccc(C(=O)N2CCC[C@H]2C2CCCCC2)c1)c1ccc2ncccc2c1[EOS],57531.97703433037,42
12.4,O=C(c1ccccc1)c1ccc(NC(=O)c2cnn(-c3ccc(Cl)nn3)c2C(F)(F)F)cc1,[BOS]O=C(Nc1ccc(C(=O)c2ccccc2)cc1)c1cnn(-c2ccc(Cl)nn2)c1C(F)(F)F[EOS],62144.480751276016,42
12.3,O=c1[nH]cnc2cc(-c3nc(-c4ccc5c6c(cccc46)CC5)no3)ccc12,[BOS]O=c1[nH]cnc2cc(-c3nc(-c4ccc5c6c(cccc46)CC5)no3)ccc12[EOS],4004.4687583446503,42
11.9,Oc1ccc(F)c(F)c1-c1nc(-c2ccc(-n3cnc4ccccc43)nc2)no1,[BOS]Oc1ccc(F)c(F)c1-c1nc(-c2ccc(-n3cnc4ccccc43)nc2)no1[EOS],7997.63480091095,42
12.9,O=C(Nc1cccc(C(=O)Nc2cccnc2)c1)c1ccc(N2CCc3ccccc3C2)cc1,[BOS]O=C(Nc1cccnc1)c1cccc(NC(=O)c2ccc(N3CCc4ccccc4C3)cc2)c1[EOS],13269.530979156494,42
12.2,Cc1c(C(=O)Nc2ccc(-n3cnc4ccccc43)nc2)nnn1Cc1ccc(C(F)(F)F)cc1,[BOS]Cc1c(C(=O)Nc2ccc(-n3cnc4ccccc43)nc2)nnn1Cc1ccc(C(F)(F)F)cc1[EOS],17680.274800300598,42
11.5,O=C(CCc1cncc2ccccc12)NC(c1ccccc1)c1ccc2c(c1)CCCO2,[BOS]O=C(CCc1cncc2ccccc12)N[C@H](c1ccccc1)c1ccc2c(c1)CCCO2[EOS],23064.060482263565,42
12.0,CC(=O)c1ccc(-c2ccc(C(=O)Nc3n[nH]c(Cc4cccc(F)c4)n3)o2)cc1,[BOS]CC(=O)c1ccc(-c2ccc(C(=O)Nc3n[nH]c(Cc4cccc(F)c4)n3)o2)cc1[EOS],27517.39930677414,42
11.9,Cc1cnc(C(=O)NC2(c3ccc(NC(=O)c4cc(=O)c(OCc5ccccc5)c[nH]4)cc3)CCC2)c(C)c1,[BOS]Cc1cnc(C(=O)NC2(c3ccc(NC(=O)c4cc(=O)c(OCc5ccccc5)c[nH]4)cc3)CCC2)c(C)c1[EOS],33764.93794584274,42
11.9,O=C(c1ccc(-c2nc3ccccc3[nH]2)cc1)N1CCC(CC(=O)N2CC(N3CCCC3=O)=CC=CN=C2O)CC1,[BOS]O=C(CC1CCN(C(=O)c2ccc(-c3nc4ccccc4[nH]3)cc2)CC1)N1CC(N2CCCC2=O)=CC=CN=C1O[EOS],38940.11650633812,42
12.1,CC1Nc2ccnn2CC1(C)c1nc(-c2ccc3c(c2)CCCC3=NC(=O)C(F)(F)C2(C)CCC2)no1,[BOS]C[C@@H]1Nc2ccnn2C[C@]1(C)c1nc(-c2ccc3c(c2)CCCC3=NC(=O)C(F)(F)C2(C)CCC2)no1[EOS][EOS][EOS][EOS][EOS],43536.29465484619,42
11.5,CCc1noc(-c2ccc(C)c(NC(=O)c3nn(-c4ccc(F)cc4)ccc3=O)c2)n1,[BOS]CCc1noc(-c2ccc(C)c(NC(=O)c3nn(-c4ccc(F)cc4)ccc3=O)c2)n1[EOS],48550.4550011158,42
13.2,O=C(Cc1c[nH]c2ccccc12)NC1(c2ccc(NC(=O)C3Cc4ccccc4C[NH2+]3)cc2)CCC1,[BOS]O=C(Cc1c[nH]c2ccccc12)NC1(c2ccc(NC(=O)[C@@H]3Cc4ccccc4C[NH2+]3)cc2)CCC1[EOS],54637.07040500641,42
12.9,O=C(Nc1ccc2c(c1)OCO2)c1cccc(Nc2cccc(C(=O)N3CCCCC3)c2F)c1,[BOS]O=C(Nc1ccc2c(c1)OCO2)c1cccc(Nc2cccc(C(=O)N3CCCCC3)c2F)c1[EOS],59933.799995183945,42
12.0,COc1ccc(Cn2ccc(NC(=O)Nc3ccc4[nH]c(C(=O)N5CCCC5)cc4c3)n2)cc1,[BOS]COc1ccc(Cn2ccc(NC(=O)Nc3ccc4[nH]c(C(=O)N5CCCC5)cc4c3)n2)cc1[EOS],4944.668564319611,42
12.5,O=C(NCc1ccc2nnc(-c3ccc(F)cc3)n2c1)C1CCc2[nH]c3ccc(F)cc3c2C1,[BOS]O=C(NCc1ccc2nnc(-c3ccc(F)cc3)n2c1)[C@@H]1CCc2[nH]c3ccc(F)cc3c2C1[EOS],10213.629118204117,42
13.0,COc1ccc2c(-c3noc(-c4cn(-c5ccccn5)c(=O)c5cc(C)ccc45)n3)cccc2c1,[BOS]COc1ccc2c(-c3noc(-c4cn(-c5ccccn5)c(=O)c5cc(C)ccc45)n3)cccc2c1[EOS],14563.36725640297,42
14.3,Cc1cccc(C2CC(=Cc3ccc(OCC(O)=Nc4ccc5ccccc5c4)c(F)c3)c3cc4ccccc4nc3N2)c1C,[BOS]Cc1cccc(C2CC(=Cc3ccc(OCC(O)=Nc4ccc5ccccc5c4)c(F)c3)c3cc4ccccc4nc3N2)c1C[EOS],21325.313795804977,42
12.1,Cc1ccc2c(c1)CCC(C(=O)Nc1cnn(-c3ccc(C(F)(F)F)cn3)c(=O)c1Cl)O2,[BOS]Cc1ccc2c(c1)CC[C@H](C(=O)Nc1cnn(-c3ccc(C(F)(F)F)cn3)c(=O)c1Cl)O2[EOS][EOS][EOS][EOS],25428.431255340576,42
12.4,Cc1cc(=O)n(-c2ccc(C(=O)Nc3cc(C4CCCCN4C(=O)c4cc5cn[nH]c5cn4)[nH]n3)cc2)[nH]1,[BOS]Cc1cc(=O)n(-c2ccc(C(=O)Nc3cc([C@H]4CCCCN4C(=O)c4cc5cn[nH]c5cn4)[nH]n3)cc2)[nH]1[EOS],30778.7661485672,42
12.4,Cc1ccc(NC(=O)NC(=O)C(C)OC(=O)C2CC(=O)N(c3ccc(F)c(C)c3)C2)c(C)c1,[BOS]Cc1ccc(NC(=O)NC(=O)[C@@H](C)OC(=O)[C@H]2CC(=O)N(c3ccc(F)c(C)c3)C2)c(C)c1[EOS],36661.39495778084,42
11.2,CS(=O)(=O)N1CCCc2cc(C(=O)Nc3n[nH]c(-c4ccc(Cl)cc4F)n3)ccc21,[BOS]CS(=O)(=O)N1CCCc2cc(C(=O)Nc3n[nH]c(-c4ccc(Cl)cc4F)n3)ccc21[EOS],40711.63917136192,42
11.5,C[NH+]1CCN(C(=O)c2ccc(-c3cccc(-n4ncc5ccccc54)c3)cc2)CC1,[BOS]C[NH+]1CCN(C(=O)c2ccc(-c3cccc(-n4ncc5ccccc54)c3)cc2)CC1[EOS],45227.29151916504,42
14.7,O=c1oc2ccccc2cc1-c1nnc(-c2ccc(COc3ccc4cc5ccccc5cc4c3)cc2Cl)o1,[BOS]O=c1oc2ccccc2cc1-c1nnc(-c2ccc(COc3ccc4cc5ccccc5cc4c3)cc2Cl)o1[EOS],50857.01584100723,42
11.5,CN1C(=O)COc2ccc(-c3nc(Cc4nccc5ccccc45)no3)cc21,[BOS]CN1C(=O)COc2ccc(-c3nc(Cc4nccc5ccccc45)no3)cc21[EOS],54942.47818470001,42
12.7,Clc1nccc2ccc(-c3nc(-c4cccc(-c5ccnc6ccccc56)n4)no3)cc12,[BOS]Clc1nccc2ccc(-c3nc(-c4cccc(-c5ccnc6ccccc56)n4)no3)cc12[EOS],58867.65260004997,42
11.4,O=C(NCC1Cc2ccccc21)N1CCCC(c2[nH]nc(C(F)(F)F)c2-c2ccccn2)C1,[BOS]O=C(NC[C@@H]1Cc2ccccc21)N1CCC[C@H](c2[nH]nc(C(F)(F)F)c2-c2ccccn2)C1[EOS],4812.256896018982,42
14.4,O=C(Nc1ccc(F)c(-c2ccc3[nH]c(-c4cccc5ccsc45)nc3c2)c1)Nc1cc2sc3ccccc3c2cc1Cl,[BOS]Fc1ccc(NC(=O)Nc2cc3sc4ccccc4c3cc2Cl)cc1-c1ccc2[nH]c(-c3cccc4ccsc34)nc2c1[EOS],11203.628980636597,42
12.4,O=C(NCc1cccc(NC(=O)c2cccc(F)c2)c1)NC1CCC(c2ccc(F)cc2)C1,[BOS]O=C(NCc1cccc(NC(=O)c2cccc(F)c2)c1)N[C@@H]1CC[C@H](c2ccc(F)cc2)C1[EOS],17101.128352880478,42
11.8,Cc1ccc(C)c(-n2ncc3c(=O)n(Cc4nnc(-c5cccc(Cl)c5)o4)cnc32)c1,[BOS]Cc1ccc(C)c(-n2ncc3c(=O)n(Cc4nnc(-c5cccc(Cl)c5)o4)cnc32)c1[EOS],22062.53768181801,42
13.3,Clc1ccccc1COc1ncc2ccc(-c3[nH]nc4ncc(-c5nc(C6CNCCO6)n[nH]5)cc34)cc2n1,[BOS]Clc1ccccc1COc1ncc2ccc(-c3[nH]nc4ncc(-c5nc(C6CNCCO6)n[nH]5)cc34)cc2n1[EOS],27927.23730325699,42
13.4,Cc1ccc(COc2ccc(CNc3ccc(C(F)(F)c4cccc(-c5ccccc5)c4)cc3)c(F)c2F)c(F)c1C,[BOS]Cc1ccc(COc2ccc(CNc3ccc(C(F)(F)c4cccc(-c5ccccc5)c4)cc3)c(F)c2F)c(F)c1C[EOS],34959.38964366913,42
12.1,O=C(Cc1noc2ccccc12)NC1(c2ccc(NC(=O)c3cc(Cl)cc4n[nH]nc34)cc2)CCC1,[BOS]O=C(Cc1noc2ccccc12)NC1(c2ccc(NC(=O)c3cc(Cl)cc4n[nH]nc34)cc2)CCC1[EOS],40814.93601226807,42
13.9,O=C(Nc1cccc(CNS(=O)(=O)C2=Cc3ccccc3OCC2)c1)c1ccc2ccccc2c1,[BOS]O=C(Nc1cccc(CNS(=O)(=O)C2=Cc3ccccc3OCC2)c1)c1ccc2ccccc2c1[EOS],47006.990720033646,42
12.4,COc1cc(-c2nc(-c3cccc(-c4nc(-c5ccc(Cl)cc5)no4)c3)no2)ccc1-n1cnnn1,[BOS]COc1cc(-c2nc(-c3cccc(-c4nc(-c5ccc(Cl)cc5)no4)c3)no2)ccc1-n1cnnn1[EOS],51716.27254295349,42
12.4,O=C(NCc1cccc(C[NH+]2CCCC(C(=O)Nc3ccccc3)C2)c1)c1ccn2nnnc2c1,[BOS]O=C(NCc1cccc(C[NH+]2CCC[C@H](C(=O)Nc3ccccc3)C2)c1)c1ccn2nnnc2c1[EOS],57931.64113044739,42
14.0,CC1COc2c(F)c(F)cc3c(=O)c(-c4nc(-c5cccc(-c6nc(-c7cccnc7)no6)c5)no4)cn1c23,[BOS]C[C@@H]1COc2c(F)c(F)cc3c(=O)c(-c4nc(-c5cccc(-c6nc(-c7cccnc7)no6)c5)no4)cn1c23[EOS][EOS][EOS][EOS][EOS][EOS][EOS],62091.812749385834,42
12.0,CC1Cc2ccc(OCc3ccccc3)cc2C[NH+]1Cc1ccc(-c2nc(C3CCOCC3)no2)c2c(=O)n(C)cnc12,[BOS]Cn1cnc2c(C[NH+]3Cc4cc(OCc5ccccc5)ccc4C[C@H]3C)ccc(-c3nc(C4CCOCC4)no3)c2c1=O[EOS],66950.13672161102,42
13.9,Cc1ccc(C(=O)Nc2cccc(-c3cc4c(nc3C)CCCC4)n2)cc1C#Cc1cc2cnccc2c(C)c1F,[BOS]Cc1ccc(C(=O)Nc2cccc(-c3cc4c(nc3C)CCCC4)n2)cc1C#Cc1cc2cnccc2c(C)c1F[EOS][EOS][EOS][EOS][EOS],5086.059960365295,42
12.2,Cc1cccc(NC(=O)CN(C)C(=O)c2ccc(-n3nc(-c4ccc(OC(F)F)cc4)ccc3=O)[nH]c2=N)c1C,[BOS]Cc1cccc(NC(=O)CN(C)C(=O)c2ccc(-n3nc(-c4ccc(OC(F)F)cc4)ccc3=O)[nH]c2=N)c1C[EOS],11052.713391780853,42
12.6,N=C(c1cc(F)c(C23CC(C2)N(C(=O)c2cc4cn[nH]c4cc2F)C3)c(F)c1)c1c(F)ccc(F)c1F,[BOS]N=C(c1cc(F)c(C23CC(C2)N(C(=O)c2cc4cn[nH]c4cc2F)C3)c(F)c1)c1c(F)ccc(F)c1F[EOS],16501.174305438995,42
11.5,[NH3+]C1CC[NH+](Cc2cccc(-c3cccc(C(=O)N4CCC(Cc5ccccc5)CC4)c3)c2)CC1,[BOS][NH3+]C1CC[NH+](Cc2cccc(-c3cccc(C(=O)N4CCC(Cc5ccccc5)CC4)c3)c2)CC1[EOS],21868.68472123146,42
11.6,Cc1ccn2ncc(-c3nc(-c4ccn(-c5cccc(C(F)(F)F)c5)n4)no3)c2n1,[BOS]Cc1ccn2ncc(-c3nc(-c4ccn(-c5cccc(C(F)(F)F)c5)n4)no3)c2n1[EOS],26277.230884552002,42
11.6,O=C(NCC1OCC2CCN(C(=O)Cc3c[nH]c4ccccc34)CC21)c1cnnc2ccccc12,[BOS]O=C(NC[C@@H]1OC[C@@H]2CCN(C(=O)Cc3c[nH]c4ccccc34)C[C@@H]21)c1cnnc2ccccc12[EOS],32305.777554273605,42
12.5,O=C1C([NH2+]C2CCc3ccc(-c4ccccc4)cc32)CCN1c1ccccc1C(F)(F)F,[BOS]O=C1[C@@H]([NH2+][C@@H]2CCc3ccc(-c4ccccc4)cc32)CCN1c1ccccc1C(F)(F)F[EOS],37340.68941259384,42
12.1,O=C(c1ccc(-c2ccc(-n3cnnc3)cn2)cc1)C1CCC(N=c2c(-c3nn[nH]n3)c[nH]c3cc(Cl)ccc23)CC1,[BOS]O=C(c1ccc(-c2ccc(-n3cnnc3)cn2)cc1)[C@H]1CC[C@@H](N=c2c(-c3nn[nH]n3)c[nH]c3cc(Cl)ccc23)CC1[EOS][EOS][EOS][EOS][EOS][EOS],41925.39497756958,42
13.7,O=C(Nc1ccc2ccccc2c1)C(=O)c1ccc(NC(=O)c2cccc(C(=O)c3cccc4ccccc34)n2)cc1,[BOS]O=C(Nc1ccc2ccccc2c1)C(=O)c1ccc(NC(=O)c2cccc(C(=O)c3cccc4ccccc34)n2)cc1[EOS],47660.250886917114,42
12.3,O=C(Nc1ccn(-c2ccc(Cl)cc2Cl)n1)C(=O)N1CC2CCC(=O)c3cccc1c32,[BOS]O=C1CC[C@H]2CN(C(=O)C(=O)Nc3ccn(-c4ccc(Cl)cc4Cl)n3)c3cccc1c32[EOS],52014.611292123795,42
12.4,CC1CCCC(C(=O)Nc2nc(-c3ccc(NC(=O)COc4ccc5c(c4)CCC(=O)N5)cc3)n[nH]2)C1,[BOS]C[C@@H]1CCC[C@H](C(=O)Nc2nc(-c3ccc(NC(=O)COc4ccc5c(c4)CCC(=O)N5)cc3)n[nH]2)C1[EOS],57537.20499062538,42
13.1,Cn1nnc2ccc(-c3ccc(N4CCc5ncnc(-c6cccc(F)c6)c5CC4)nn3)cc21,[BOS]Cn1nnc2ccc(-c3ccc(N4CCc5ncnc(-c6cccc(F)c6)c5CC4)nn3)cc21[EOS],61096.848980903625,42
11.1,CC(NC(=O)NC(c1ccc2c(c1)OCCO2)C1CC1)c1noc(-c2ccc(Cl)cc2)n1,[BOS]C[C@@H](NC(=O)N[C@@H](c1ccc2c(c1)OCCO2)C1CC1)c1noc(-c2ccc(Cl)cc2)n1[EOS],5077.370723962784,42
12.9,CC(=O)N1CCCc2cc(-c3noc(-c4cc5ccc(-c6ccncc6)cc5[nH]4)n3)ccc21,[BOS]CC(=O)N1CCCc2cc(-c3noc(-c4cc5ccc(-c6ccncc6)cc5[nH]4)n3)ccc21[EOS],9140.269432544708,42
13.4,O=C(NC1CCC(n2cnc3c(Nc4ccccn4)ncnc32)CC1)Oc1ccc2ccccc2c1,[BOS]O=C(N[C@H]1CC[C@@H](n2cnc3c(Nc4ccccn4)ncnc32)CC1)Oc1ccc2ccccc2c1[EOS],14037.846037864685,42
13.5,O=c1ccc(-c2nc(-c3ccc4c(c3)COC4c3ccc(F)cc3)no2)nn1-c1ccc(F)cc1F,[BOS]O=c1ccc(-c2nc(-c3ccc4c(c3)CO[C@@H]4c3ccc(F)cc3)no2)nn1-c1ccc(F)cc1F[EOS],18720.178966999054,42
13.8,O=C(Nc1ccc(-c2nc3ncccc3o2)cc1)c1cc(-c2cccc(NCc3ccccc3)c2)nc2ccccc12,[BOS]O=C(Nc1ccc(-c2nc3ncccc3o2)cc1)c1cc(-c2cccc(NCc3ccccc3)c2)nc2ccccc12[EOS],23968.95637655258,42
12.9,O=C(CCN=C(O)CCc1nnc(-c2cc(-c3ccccc3F)nc3c(F)cccc23)o1)N1CCc2ccccc2C1,[BOS]O=C(CCN=C(O)CCc1nnc(-c2cc(-c3ccccc3F)nc3c(F)cccc23)o1)N1CCc2ccccc2C1[EOS],32379.90158176422,42
12.9,Cc1ccc(NC(=O)c2ccccc2)cc1NCc1cc2ccc(C)c(C(=O)Nc3cccc(C)c3CN3CCSCC3)c2o1,[BOS]Cc1ccc2cc(CNc3cc(NC(=O)c4ccccc4)ccc3C)oc2c1C(=O)Nc1cccc(C)c1CN1CCSCC1[EOS],38074.04916191101,42
11.9,O=C(Cc1cccc(F)c1)Nc1cc(C(=O)Nc2ccc(N3CCSCC3)cc2)ccc1[N+](=O)[O-],[BOS]O=C(Cc1cccc(F)c1)Nc1cc(C(=O)Nc2ccc(N3CCSCC3)cc2)ccc1[N+](=O)[O-][EOS],43868.45428919792,42
12.3,Fc1cc(F)cc(-c2ncc(-c3nc(-c4cc(F)c5ccccc5c4)no3)cn2)c1,[BOS]Fc1cc(F)cc(-c2ncc(-c3nc(-c4cc(F)c5ccccc5c4)no3)cn2)c1[EOS],47842.73463964462,42
11.2,CC(NNc1ccccc1)C(=O)Nc1ccc(C2(NC(=O)c3cnc4ccccc4n3)CCC2)cc1,[BOS]C[C@H](NNc1ccccc1)C(=O)Nc1ccc(C2(NC(=O)c3cnc4ccccc4n3)CCC2)cc1[EOS],54585.973457574844,42
11.3,Fc1cc(F)c(F)c(C2CC2c2nnc(-c3cccc(-n4cccn4)c3)o2)c1,[BOS]Fc1cc(F)cc([C@@H]2C[C@@H]2c2nnc(-c3cccc(-n4cccn4)c3)o2)c1F[EOS],58848.933440208435,42
12.9,O=C(Nc1ccc(Cc2ccc([N+](=O)[O-])nc2)cc1)Nc1cccc(CNc2ccc3cc(F)ccc3c2)c1,[BOS]O=C(Nc1cccc(CNc2ccc3cc(F)ccc3c2)c1)Nc1ccc(Cc2ccc([N+](=O)[O-])nc2)cc1[EOS][EOS][EOS][EOS][EOS][EOS][EOS][EOS],63399.37837386131,42
15.1,Cc1ccc(-c2noc(-c3ccc4cnc(-c5cnc6[nH]ncc6c5)cc4c3)n2)cc1N1CCNCc2nc3cc[nH]c3cc21,[BOS]Cc1ccc(-c2noc(-c3ccc4cnc(-c5cnc6[nH]ncc6c5)cc4c3)n2)cc1N1CCNCc2nc3cc[nH]c3cc21[EOS],4734.824584245682,42
13.3,Cc1cc2cc(C(=O)NC3(c4ccc(NC(=O)C5=NOC(c6ccccc6)C5)cc4)CCC3)ccc2[nH]c1=O,[BOS]Cc1cc2cc(C(=O)NC3(c4ccc(NC(=O)C5=NO[C@@H](c6ccccc6)C5)cc4)CCC3)ccc2[nH]c1=O[EOS],10781.550057411194,42
11.6,O=C(COC(=O)c1ccc([N-]S(=O)(=O)c2ccc(Br)cc2)cc1)c1ccc2ccccc2c1,[BOS]O=C(COC(=O)c1ccc([N-]S(=O)(=O)c2ccc(Br)cc2)cc1)c1ccc2ccccc2c1[EOS],16895.352715730667,42
11.7,Nc1c(Cl)ccc(-c2ccc3[nH]c(=O)c4ccccc4c3c2)c1C(F)(F)F,[BOS]Nc1c(Cl)ccc(-c2ccc3[nH]c(=O)c4ccccc4c3c2)c1C(F)(F)F[EOS],20688.681326150894,42
12.0,Cc1ccccc1C1=NOC(C(=O)Nc2cccc(C(=O)Nc3ccc(I)cn3)c2C)C1,[BOS]Cc1ccccc1C1=NO[C@@H](C(=O)Nc2cccc(C(=O)Nc3ccc(I)cn3)c2C)C1[EOS],25598.329346179962,42
12.3,O=C(NCc1nc(-c2ccc(F)cc2)n[nH]1)c1ccc2[nH]c3ccccc3c(=O)c2c1,[BOS]O=C(NCc1nc(-c2ccc(F)cc2)n[nH]1)c1ccc2[nH]c3ccccc3c(=O)c2c1[EOS],31323.870574235916,42
12.9,O=C(Nc1ccc(S(=O)(=O)Nc2cnn(-c3nc4ccccc4[nH]3)c(=O)c2)c(Cl)c1)c1ccc(Cl)cc1Cl,[BOS]O=C(Nc1ccc(S(=O)(=O)Nc2cnn(-c3nc4ccccc4[nH]3)c(=O)c2)c(Cl)c1)c1ccc(Cl)cc1Cl[EOS],36777.58504366875,42
11.6,Cc1cccc(COc2cccc(NC(=O)C(=O)NCc3ccc4ccccc4c3)c2)c1,[BOS]Cc1cccc(COc2cccc(NC(=O)C(=O)NCc3ccc4ccccc4c3)c2)c1[EOS],42241.20451307297,42
13.2,O=C(CCc1ccc2c(c1)NC(=O)C2)Nc1cccc(NC(=O)Nc2cccc3c2CCCC3)c1,[BOS]O=C1Cc2ccc(CCC(=O)Nc3cccc(NC(=O)Nc4cccc5c4CCCC5)c3)cc2N1[EOS],48726.535432100296,42
10.7,CC1Cc2cc(NC(=O)CC3COc4cc(F)ccc4C3)ccc2N(C)C1=O,[BOS]C[C@@H]1Cc2cc(NC(=O)C[C@@H]3COc4cc(F)ccc4C3)ccc2N(C)C1=O[EOS],52904.03753352165,42
12.2,O=C(Nc1cc(C2CCCCN2C(=O)C2CC(=O)N(C3CCCC3)C2)[nH]n1)c1n[nH]c2cccc(F)c12,[BOS]O=C1C[C@H](C(=O)N2CCCC[C@H]2c2cc(NC(=O)c3n[nH]c4cccc(F)c34)n[nH]2)CN1C1CCCC1[EOS],58810.75027394295,42
12.8,O=C(Nc1ccccc1)Nc1cccc(NC(=O)N2CCN(c3cncc4ccccc34)CC2)c1,[BOS]O=C(Nc1ccccc1)Nc1cccc(NC(=O)N2CCN(c3cncc4ccccc34)CC2)c1[EOS],63759.129457473755,42
13.5,O=C(Nc1cc(C2CCCCN2C(=O)c2ccc(-c3nc4ccccc4[nH]3)cc2)[nH]n1)c1[nH]cc2c1CCC2,[BOS]O=C(Nc1cc([C@@H]2CCCCN2C(=O)c2ccc(-c3nc4ccccc4[nH]3)cc2)[nH]n1)c1[nH]cc2c1CCC2[EOS],5359.539408445358,42
12.6,O=C(NCCc1ccc2ccccc2c1)C(=O)Nc1ccn(-c2cccc(C(F)(F)F)c2)n1,[BOS]O=C(NCCc1ccc2ccccc2c1)C(=O)Nc1ccn(-c2cccc(C(F)(F)F)c2)n1[EOS],11312.719731807709,42
12.6,O=C(Nc1cccc(-n2nc3ccccn3c2=O)c1)c1cnc2c(cnn2Cc2ccccc2)c1,[BOS]O=C(Nc1cccc(-n2nc3ccccn3c2=O)c1)c1cnc2c(cnn2Cc2ccccc2)c1[EOS],16331.718215942383,42
12.0,O=C(NN1Cc2ccccc2C1=O)c1cc(-c2ccccc2C(F)(F)F)on1,[BOS]O=C(NN1Cc2ccccc2C1=O)c1cc(-c2ccccc2C(F)(F)F)on1[EOS],20646.299083948135,42
11.3,Cc1ccc2cccc(C(=O)NC(C)c3nc(-c4ccc(F)c(C)c4)no3)c2n1,[BOS]Cc1cc(-c2noc([C@@H](C)NC(=O)c3cccc4ccc(C)nc34)n2)ccc1F[EOS],25986.938539028168,42
13.5,O=c1c2ccccc2ccn1CCc1nnc(-c2cccc(Oc3ccc4c(c3)CCCN4c3ccccn3)c2)o1,[BOS]O=c1c2ccccc2ccn1CCc1nnc(-c2cccc(Oc3ccc4c(c3)CCCN4c3ccccn3)c2)o1[EOS],31758.785826444626,42
11.3,Cc1ccc(CC(=O)Nc2cc(C3CCCCN3C(=O)c3ccn4cncc4c3)[nH]n2)cc1[N+](=O)[O-],[BOS]Cc1ccc(CC(=O)Nc2cc([C@@H]3CCCCN3C(=O)c3ccn4cncc4c3)[nH]n2)cc1[N+](=O)[O-][EOS],37201.99171233177,42
12.3,O=C(NCc1cn(-c2ccccc2)nn1)Nc1ccc2c(c1)CCCN2C(=O)c1ccccc1,[BOS]O=C(NCc1cn(-c2ccccc2)nn1)Nc1ccc2c(c1)CCCN2C(=O)c1ccccc1[EOS],42614.87857627869,42
12.3,Cc1cccc(Oc2cc(CNC(=O)C(=O)Nc3cccc(-c4c(C)oc5ccccc45)c3)ccn2)c1,[BOS]Cc1cccc(Oc2cc(CNC(=O)C(=O)Nc3cccc(-c4c(C)oc5ccccc45)c3)ccn2)c1[EOS],49184.01542162895,42
13.0,O=C(Nc1cc(-c2cccc(F)c2F)[nH]n1)C(=O)Nc1nn(-c2ccc(F)cc2)c2c1CCC2,[BOS]O=C(Nc1cc(-c2cccc(F)c2F)[nH]n1)C(=O)Nc1nn(-c2ccc(F)cc2)c2c1CCC2[EOS],53737.877329826355,42
13.2,O=C(OCc1cc(=O)n2ccc(-c3ccccc3)cc2[nH+]1)c1cccc(C(=O)N2CCc3ccccc32)c1,[BOS]O=C(OCc1cc(=O)n2ccc(-c3ccccc3)cc2[nH+]1)c1cccc(C(=O)N2CCc3ccccc32)c1[EOS],59799.95245051384,42
12.1,Cc1cc(C(=O)Nc2cc(C3CCCCN3C(=O)c3ccc4[nH+]ccn4c3)[nH]n2)cc(=O)[nH]1,[BOS]Cc1cc(C(=O)Nc2cc([C@@H]3CCCCN3C(=O)c3ccc4[nH+]ccn4c3)[nH]n2)cc(=O)[nH]1[EOS],64396.96890616417,42
12.3,O=C(CCc1ccc(F)nc1)NC1(c2ccc(NC(=O)c3cnc4cccc(F)c4c3)cc2)CCC1,[BOS]O=C(CCc1ccc(F)nc1)NC1(c2ccc(NC(=O)c3cnc4cccc(F)c4c3)cc2)CCC1[EOS],6494.125379085541,42
12.4,O=C(Nc1ccc(C2(NC(=O)c3n[nH]c4ccncc34)CCC2)cc1)C1=NOC(c2ccccc2)C1,[BOS]O=C(Nc1ccc(C2(NC(=O)c3n[nH]c4ccncc34)CCC2)cc1)C1=NO[C@@H](c2ccccc2)C1[EOS],12420.869694948196,42
11.6,O=C(NCC1(O)CCc2ccccc21)C(=O)Nc1cccc(OCc2ccc(F)c(F)c2)c1,[BOS]O=C(NC[C@@]1(O)CCc2ccccc21)C(=O)Nc1cccc(OCc2ccc(F)c(F)c2)c1[EOS],17892.244245290756,42
12.5,Oc1ccc2c(-c3nc(-c4ccc(-n5ncc6ccccc65)nc4)no3)coc2c1,[BOS]Oc1ccc2c(-c3nc(-c4ccc(-n5ncc6ccccc65)nc4)no3)coc2c1[EOS],22009.457440137863,42
12.6,Cc1cnn(-c2ccc(NC(=O)c3cc(-c4ccc(Cl)cc4)nc4onc(C)c34)cc2F)c1,[BOS]Cc1cnn(-c2ccc(NC(=O)c3cc(-c4ccc(Cl)cc4)nc4onc(C)c34)cc2F)c1[EOS],26318.699556827545,42
14.1,O=C(NN=C(O)c1cccc(NC(=O)c2ccc3ccccc3n2)c1)c1ccn(-c2ccccc2C(F)(F)F)n1,[BOS]O=C(NN=C(O)c1cccc(NC(=O)c2ccc3ccccc3n2)c1)c1ccn(-c2ccccc2C(F)(F)F)n1[EOS],32181.47897362709,42
13.7,Clc1ccc(-c2nc(-c3cccc(-c4nc(-c5cnc6ccccc6c5)no4)c3)no2)c(Cl)c1Cl,[BOS]Clc1ccc(-c2nc(-c3cccc(-c4nc(-c5cnc6ccccc6c5)no4)c3)no2)c(Cl)c1Cl[EOS],36850.410370111465,42
11.8,O=C(CCC(=O)Nc1ccc2[nH]c(=O)[nH]c2n1)Nc1ccc(NC(=O)c2ccccc2)nc1,[BOS]O=C(CCC(=O)Nc1ccc2[nH]c(=O)[nH]c2n1)Nc1ccc(NC(=O)c2ccccc2)nc1[EOS],42536.10782766342,42
15.0,O=C(Nc1ccc2c(ccc3ccccc32)c1)Nc1ccc2nc(NC(=O)c3n[nH]c4ccccc34)oc2c1,[BOS]O=C(Nc1ccc2c(ccc3ccccc32)c1)Nc1ccc2nc(NC(=O)c3n[nH]c4ccccc34)oc2c1[EOS],46983.40369486809,42
11.5,Cc1ccc(CNC(=O)Cc2noc(-c3cccc(CN4C(=O)c5ccccc5C4=O)c3)n2)cc1,[BOS]Cc1ccc(CNC(=O)Cc2noc(-c3cccc(CN4C(=O)c5ccccc5C4=O)c3)n2)cc1[EOS],52606.222729444504,42
11.8,O=C(CC(=O)Nc1ccc(C2(NC(=O)c3n[nH]c4cccc(F)c34)CCC2)cc1)Nc1ccc(F)cc1,[BOS]O=C(CC(=O)Nc1ccc(C2(NC(=O)c3n[nH]c4cccc(F)c34)CCC2)cc1)Nc1ccc(F)cc1[EOS][EOS][EOS][EOS][EOS][EOS][EOS],59022.489943027496,42
12.9,O=C(Nc1ccc2cc(F)ccc2n1)c1ccc2nc(C(F)(F)C(F)(F)F)nc(F)c2c1,[BOS]O=C(Nc1ccc2cc(F)ccc2n1)c1ccc2nc(C(F)(F)C(F)(F)F)nc(F)c2c1[EOS],62881.87518835068,42
12.1,Cc1cccc(C(=O)Nc2cc(C3CCCCN3C(=O)c3cc(-c4ccccn4)n[nH]3)[nH]n2)c1Cl,[BOS]Cc1cccc(C(=O)Nc2cc([C@@H]3CCCCN3C(=O)c3cc(-c4ccccn4)n[nH]3)[nH]n2)c1Cl[EOS],5337.266255140305,42
11.9,O=C(OCc1nc(-c2ccc(F)c(F)c2)no1)c1cccc2c(=O)c3cccc(F)c3[nH]c12,[BOS]O=C(OCc1nc(-c2ccc(F)c(F)c2)no1)c1cccc2c(=O)c3cccc(F)c3[nH]c12[EOS],10820.004956007004,42
12.7,Cc1cc(C)n(-c2cccc(-c3noc(-c4ccc5nc(C)n(-c6cccc(F)c6)c(=O)c5c4)n3)n2)n1,[BOS]Cc1nc2ccc(-c3nc(-c4cccc(-n5nc(C)cc5C)n4)no3)cc2c(=O)n1-c1cccc(F)c1[EOS],15154.74266910553,42
12.5,O=C(Nc1cccc(Cn2nc3ccccn3c2=O)c1)c1ccc2c(c1)-c1ccccc1C2,[BOS]O=C(Nc1cccc(Cn2nc3ccccn3c2=O)c1)c1ccc2c(c1)-c1ccccc1C2[EOS],20393.668538093567,42
12.8,O=C(Nc1ccc(Oc2ccnc3ccccc23)cc1)c1cc(-c2ccc(F)cc2)nc2ccccc12,[BOS]O=C(Nc1ccc(Oc2ccnc3ccccc23)cc1)c1cc(-c2ccc(F)cc2)nc2ccccc12[EOS],26053.935294866562,42
10.9,CC1CC(CCNC(=O)NCc2cccc(NC(=O)C3CCCC3)c2)CC(C)O1,[BOS]C[C@@H]1CC(CCNC(=O)NCc2cccc(NC(=O)C3CCCC3)c2)C[C@@H](C)O1[EOS],31194.708250761032,42
11.1,Fc1ccc(C2OCc3cc(-c4noc(CCOc5ccccc5Cl)n4)ccc32)cc1,[BOS]Clc1ccccc1OCCc1nc(-c2ccc3c(c2)CO[C@@H]3c2ccc(F)cc2)no1[EOS],36260.35683584213,42
11.6,O=C(CCc1c[nH]c2ncccc12)NC1(c2ccc(NC(=O)C3Cc4ccccc4O3)cc2)CCC1,[BOS]O=C(CCc1c[nH]c2ncccc12)NC1(c2ccc(NC(=O)[C@H]3Cc4ccccc4O3)cc2)CCC1[EOS][EOS][EOS][EOS][EOS],42525.14723157883,42
13.6,O=C(Nc1cccc(C(=O)N2CCc3c([nH]c4ccccc34)C2)c1)c1ccc2c(c1)[nH]c1ccccc12,[BOS]O=C(Nc1cccc(C(=O)N2CCc3c([nH]c4ccccc34)C2)c1)c1ccc2c(c1)[nH]c1ccccc12[EOS],47725.36114525795,42
12.5,O=C1COc2cccc(C(=O)Nc3n[nH]c(-c4ccc5c(c4)CCCC5)n3)c2N1,[BOS]O=C1COc2cccc(C(=O)Nc3n[nH]c(-c4ccc5c(c4)CCCC5)n3)c2N1[EOS],51714.019990205765,42
13.5,FC(F)(F)c1ccc(-n2ccc(-c3nc(-c4ccc5ccn6cccc6c5c4)no3)n2)nc1,[BOS]FC(F)(F)c1ccc(-n2ccc(-c3nc(-c4ccc5ccn6cccc6c5c4)no3)n2)nc1[EOS],56363.14898490906,42
13.5,O=C(NCc1ccc2nnc(-c3ccccc3)nc2c1)c1ccc(NCc2cc3cccc(O)c3nc2Cl)cc1,[BOS]O=C(NCc1ccc2nnc(-c3ccccc3)nc2c1)c1ccc(NCc2cc3cccc(O)c3nc2Cl)cc1[EOS],62410.00919795036,42
12.2,Fc1cccc(Cc2nnc(-c3cc(-c4ccc(C(F)(F)F)cc4)cnc3F)o2)c1,[BOS]Fc1cccc(Cc2nnc(-c3cc(-c4ccc(C(F)(F)F)cc4)cnc3F)o2)c1[EOS],4408.6783010959625,42
11.6,O=C([O-])Cc1cc(=O)n(-c2ccc(C(=O)Nc3ccc4oc5cccc(F)c5c4c3)cc2)[nH]1,[BOS]O=C([O-])Cc1cc(=O)n(-c2ccc(C(=O)Nc3ccc4oc5cccc(F)c5c4c3)cc2)[nH]1[EOS],9301.843881845474,42
13.3,O=C(NC1(c2ccc(NC(=O)c3ncn(-c4ccccc4)n3)cc2)CCC1)c1ccc2c(c1)C(=O)CCC2,[BOS]O=C(Nc1ccc(C2(NC(=O)c3ccc4c(c3)C(=O)CCC4)CCC2)cc1)c1ncn(-c2ccccc2)n1[EOS],15045.97453212738,42
12.3,O=C(Nc1cc(C2CCCCN2C(=O)Cc2noc3ccccc23)[nH]n1)c1c[nH]c(-c2ccc(F)cc2)c1,[BOS]O=C(Nc1cc([C@@H]2CCCCN2C(=O)Cc2noc3ccccc23)[nH]n1)c1c[nH]c(-c2ccc(F)cc2)c1[EOS],20792.556655406952,42
12.3,O=C(CC1c2ccccc2-c2ccccc21)NCc1nnc2n1CCCN(C(=O)OCc1ccccc1)CC2,[BOS]O=C(CC1c2ccccc2-c2ccccc21)NCc1nnc2n1CCCN(C(=O)OCc1ccccc1)CC2[EOS],26241.261791229248,42
12.3,CC1(C)CCCCC1c1cc(Cl)ccc1CN1CC(CCNC(=O)Nc2cccc(-c3ccc4c(n3)OCCC4)c2)CC1=O,[BOS]O=C1C[C@@H](CCNC(=O)Nc2cccc(-c3ccc4c(n3)OCCC4)c2)CN1Cc1ccc(Cl)cc1C1CCCCC1(C)C[EOS],32557.943850278854,42
11.8,Cc1cc(C)n(-c2ccc(C(=O)Nc3cccc(OCC(=O)OCC(O)=[NH+]c4ccccc4Cl)c3)cc2)n1,[BOS]Cc1cc(C)n(-c2ccc(C(=O)Nc3cccc(OCC(=O)OCC(O)=[NH+]c4ccccc4Cl)c3)cc2)n1[EOS][EOS][EOS][EOS][EOS][EOS][EOS],37535.672763347626,42
12.2,O=C(NCc1ccc2oc(=O)[nH]c2c1)Nc1cc(C(=O)Nc2cccc(C(F)(F)F)c2)ccc1F,[BOS]O=C(NCc1ccc2oc(=O)[nH]c2c1)Nc1cc(C(=O)Nc2cccc(C(F)(F)F)c2)ccc1F[EOS],42819.945446014404,42
12.4,Cc1cc(C(=O)Nc2ccc(C3(NC(=O)c4c[nH]c5cc(Cl)ccc45)CCC3)cc2)cc2cn[nH]c12,[BOS]Cc1cc(C(=O)Nc2ccc(C3(NC(=O)c4c[nH]c5cc(Cl)ccc45)CCC3)cc2)cc2cn[nH]c12[EOS],48626.90686249733,42
11.9,Cc1cc(C(=O)NC2(c3ccc(NC(=O)c4cnn5cccc(F)c45)cc3)CCC2)nc2ccccc12,[BOS]Cc1cc(C(=O)NC2(c3ccc(NC(=O)c4cnn5cccc(F)c45)cc3)CCC2)nc2ccccc12[EOS],54198.330105781555,42
11.1,Cc1ccc(CCC2CC[NH+](Cc3nc4cc(-c5ccc(F)cc5)sc4c(=O)[nH]3)CC2)cc1,[BOS]Cc1ccc(CCC2CC[NH+](Cc3nc4cc(-c5ccc(F)cc5)sc4c(=O)[nH]3)CC2)cc1[EOS],59765.92284464836,42
11.7,Cc1cc(C)cc(C(C)NC(=O)c2cncc(-c3ccc4c(c3)CCO4)c2)c1,[BOS]Cc1cc(C)cc([C@H](C)NC(=O)c2cncc(-c3ccc4c(c3)CCO4)c2)c1[EOS],63995.878266096115,42
13.8,c1ccc(N2CCCC(c3nnc4cc(-c5nc(-c6ccc7c(c6)CCCC7)no5)ncn34)C2)cc1,[BOS]c1ccc(N2CCC[C@H](c3nnc4cc(-c5nc(-c6ccc7c(c6)CCCC7)no5)ncn34)C2)cc1[EOS],4710.71177649498,42
12.5,O=C(NCc1cccc(NC(=O)c2cccc(F)c2)c1)NC1CCC(c2cccc(F)c2)C1,[BOS]O=C(NCc1cccc(NC(=O)c2cccc(F)c2)c1)N[C@H]1CC[C@H](c2cccc(F)c2)C1[EOS],10875.927528619766,42
12.7,OC(=Nc1ccc(-c2nc3ccccc3[nH]2)s1)c1cncc(-c2ccc3c(c2)CCO3)c1,[BOS]OC(=Nc1ccc(-c2nc3ccccc3[nH]2)s1)c1cncc(-c2ccc3c(c2)CCO3)c1[EOS],16087.017889738083,42
12.6,c1coc(COc2ccc(-c3nnc(-c4ccc5ccc6cccc7ccc4c5c67)o3)cc2)c1,[BOS]c1coc(COc2ccc(-c3nnc(-c4ccc5ccc6cccc7ccc4c5c67)o3)cc2)c1[EOS],20981.78925871849,42
11.4,O=C(CNc1cccc2ccccc12)Nc1ccc(OCc2ccccn2)c(F)c1,[BOS]O=C(CNc1cccc2ccccc12)Nc1ccc(OCc2ccccn2)c(F)c1[EOS],26100.678727388382,42
13.1,O=C(Nc1[nH]c(-c2ccccc2)c[nH+]1)c1cccc(NS(=O)(=O)c2ccc3[nH]c(=O)[nH]c3c2)c1,[BOS]O=C(Nc1[nH]c(-c2ccccc2)c[nH+]1)c1cccc(NS(=O)(=O)c2ccc3[nH]c(=O)[nH]c3c2)c1[EOS],30835.865878105164,42
13.1,Cc1nc2ccccc2cc1-c1nc(COc2cccc(C(=O)N3CCSc4ccccc43)c2)cc(C(=N)O)c1C,[BOS]Cc1nc2ccccc2cc1-c1nc(COc2cccc(C(=O)N3CCSc4ccccc43)c2)cc(C(=N)O)c1C[EOS],36875.49828457832,42
12.7,O=C(Nc1ccc(S(=O)(=O)NC2COc3ccccc3O2)cc1)NC1(C(F)(F)F)CCCCC1,[BOS]O=C(Nc1ccc(S(=O)(=O)N[C@H]2COc3ccccc3O2)cc1)NC1(C(F)(F)F)CCCCC1[EOS],42183.562007665634,42
12.2,Cc1ccc(-n2nnc(C(C)Nc3ccc4c(c3)CCN4C(=O)c3cccnc3)c2C)cc1,[BOS]Cc1ccc(-n2nnc([C@H](C)Nc3ccc4c(c3)CCN4C(=O)c3cccnc3)c2C)cc1[EOS],47056.37421989441,42
12.8,CC(=O)N1CCc2cc(C(=O)Nc3nc(-c4ccc5[nH]c(=O)c(=O)[nH]c5c4)c(C)s3)ccc21,[BOS]CC(=O)N1CCc2cc(C(=O)Nc3nc(-c4ccc5c(c4)NC(=O)C(=O)N5)c(C)s3)ccc21[EOS],51043.65158081055,42
13.0,CC1CCCC(C=NNC(=O)c2nn(-c3ccc4c(=O)cc(-c5cccc6ccccc56)oc4c3)cc2Br)C1,[BOS]C[C@H]1CCC[C@H](/C=N\NC(=O)c2nn(-c3ccc4c(=O)cc(-c5cccc6ccccc56)oc4c3)cc2Br)C1[EOS],56337.8893737793,42
11.7,CC([NH2+]CCc1nc(N)c2c3c(sc2n1)CCCC3)c1cccc(NC(=O)c2ccccc2)c1,[BOS]C[C@@H]([NH2+]CCc1nc(N)c2c3c(sc2n1)CCCC3)c1cccc(NC(=O)c2ccccc2)c1[EOS],61673.49809718132,42
12.1,Cc1ccc(-c2nc(NC(=O)c3cc4[nH]c(=O)c(C)cn4n3)n[nH]2)c(C)c1C,[BOS]Cc1cn2nc(C(=O)Nc3n[nH]c(-c4ccc(C)c(C)c4C)n3)cc2[nH]c1=O[EOS],3700.720811843872,42
11.4,CC(NC(=O)C(=O)Nc1cnc2c(c1)CCCC2)c1ccc(-c2cccc(C#N)c2)cc1,[BOS]C[C@H](NC(=O)C(=O)Nc1cnc2c(c1)CCCC2)c1ccc(-c2cccc(C#N)c2)cc1[EOS],8712.830820560455,42
12.2,CC(NC(=O)NCCc1ccc(-c2ccccc2)cc1)c1ccc(NC(=O)c2ccc(F)cc2)cc1,[BOS]C[C@@H](NC(=O)NCCc1ccc(-c2ccccc2)cc1)c1ccc(NC(=O)c2ccc(F)cc2)cc1[EOS],14113.145530700684,42
13.8,Cc1cc(-c2noc(-c3ccc4ccc(-c5ccccc5)nc4c3)n2)nc2ccccc12,[BOS]Cc1cc(-c2noc(-c3ccc4ccc(-c5ccccc5)nc4c3)n2)nc2ccccc12[EOS],18050.750258922577,42
12.1,Cc1cc2ccc(NCC(O)c3ccc4ccccc4c3)cc2c(=O)n1-c1ccccc1,[BOS]Cc1cc2ccc(NC[C@@H](O)c3ccc4ccccc4c3)cc2c(=O)n1-c1ccccc1[EOS],23667.03307700157,42
13.4,Cc1cc(-c2noc(-c3cc(-c4ccc5c(c4)OCO5)ccc3F)n2)ccc1N1CCCC(C)C1,[BOS]Cc1cc(-c2noc(-c3cc(-c4ccc5c(c4)OCO5)ccc3F)n2)ccc1N1CCC[C@@H](C)C1[EOS],28199.11727809906,42
13.9,O=C(Nc1cccc(-c2noc(-c3cc4ccccc4cc3F)n2)c1)c1cncc2ccccc12,[BOS]O=C(Nc1cccc(-c2noc(-c3cc4ccccc4cc3F)n2)c1)c1cncc2ccccc12[EOS],33332.890978336334,42
11.6,O=[N+]([O-])c1cccc(-c2nnc(CSc3nnc(Cc4cccc5ccccc45)o3)o2)c1,[BOS]O=[N+]([O-])c1cccc(-c2nnc(CSc3nnc(Cc4cccc5ccccc45)o3)o2)c1[EOS],38889.19865512848,42
13.5,O=[N+]([O-])c1ccc([O-])c(C(F)c2ccc(-c3noc(-c4ccc5ncn(-c6cccc(Cl)c6)c5c4)n3)cc2F)c1,[BOS]Fc1cc(-c2noc(-c3ccc4ncn(-c5cccc(Cl)c5)c4c3)n2)ccc1[C@H](F)c1cc([N+](=O)[O-])ccc1[O-][EOS],43695.98779273033,42
12.2,O=C(Nc1ccc(CNC(=O)c2ccc3c(c2)CC(O)C3S(=O)(=O)c2ccccc2)cc1)Nc1ccccc1Cl,[BOS]O=C(Nc1ccccc1Cl)Nc1ccc(CNC(=O)c2ccc3c(c2)C[C@H](O)C3S(=O)(=O)c2ccccc2)cc1[EOS],49457.36041069031,42
12.2,O=C(Nc1cccc(C[NH2+]C2CCc3cc(F)ccc3C2)c1)c1ccc(-c2nn[n-]n2)cc1,[BOS]O=C(Nc1cccc(C[NH2+][C@@H]2CCc3cc(F)ccc3C2)c1)c1ccc(-c2nn[n-]n2)cc1[EOS],54534.472713947296,42
14.1,Cc1ccc2oc(-c3ccc(N=Cc4cccc(OCc5ccccc5Cc5ccccc5)c4)cc3Cl)cc(=O)c2c1,[BOS]Cc1ccc2oc(-c3ccc(/N=C/c4cccc(OCc5ccccc5Cc5ccccc5)c4)cc3Cl)cc(=O)c2c1[EOS],60369.57143545151,42
12.6,CC1CCN(C(=O)c2ccc(-c3cnc4c(c3)ncn4-c3cccc(C(F)(F)F)c3)c(O)c2)CC1,[BOS]CC1CCN(C(=O)c2ccc(-c3cnc4c(c3)ncn4-c3cccc(C(F)(F)F)c3)c(O)c2)CC1[EOS],4186.646459817886,42
12.8,Cc1ccc2c(C3=CCN(C(=O)c4ccc(NC(=O)c5cccc(Br)c5)cc4)CC3)c[nH]c2c1,[BOS]Cc1ccc2c(C3=CCN(C(=O)c4ccc(NC(=O)c5cccc(Br)c5)cc4)CC3)c[nH]c2c1[EOS],9029.139218568802,42
12.2,O=C(Nc1ccc(-c2cn3cccnc3[nH+]2)cc1)C1CC(=O)N(c2ccc3c(c2)Cc2ccccc2-3)C1,[BOS]O=C(Nc1ccc(-c2cn3cccnc3[nH+]2)cc1)[C@H]1CC(=O)N(c2ccc3c(c2)Cc2ccccc2-3)C1[EOS],13960.892984390259,42
14.4,OC(=Nc1cccc(-c2ccc(Nc3ccc(Br)cc3)nn2)c1)c1cnc2ccc(-c3cccc(Cl)c3F)nc2n1,[BOS]OC(=Nc1cccc(-c2ccc(Nc3ccc(Br)cc3)nn2)c1)c1cnc2ccc(-c3cccc(Cl)c3F)nc2n1[EOS],19761.780724287033,42
13.8,Cc1ccc(-c2nc3cc(NC(=O)c4ccc(-c5cccc(C(F)(F)F)c5)nn4)ccc3oc2=O)cc1C,[BOS]Cc1ccc(-c2nc3cc(NC(=O)c4ccc(-c5cccc(C(F)(F)F)c5)nn4)ccc3oc2=O)cc1C[EOS],24596.360085487366,42
15.4,O=C(Nc1ccc(-c2cc3ccccc3o2)cc1)C1CCCC(C(=O)N2CCc3cc(Cl)cc(Cl)c3C2)C1,[BOS]O=C(Nc1ccc(-c2cc3ccccc3o2)cc1)[C@H]1CCC[C@H](C(=O)N2CCc3cc(Cl)cc(Cl)c3C2)C1[EOS],30087.231409311295,42
12.2,O=C(NC1(c2ccc(NC(=O)C3CCc4ccccc4O3)cc2)CCC1)C1=C2c3ccccc3C(=O)N2CC1,[BOS]O=C(NC1(c2ccc(NC(=O)[C@H]3CCc4ccccc4O3)cc2)CCC1)C1=C2c3ccccc3C(=O)N2CC1[EOS],36081.949348926544,42
12.6,Cc1nn(-c2cccc(F)c2)cc1-c1nnc(-c2csc(-c3ccc4c(c3)OCCC4)n2)s1,[BOS]Cc1nn(-c2cccc(F)c2)cc1-c1nnc(-c2csc(-c3ccc4c(c3)OCCC4)n2)s1[EOS],40724.318972587585,42
11.7,Fc1cc(C(F)(F)F)c(C(F)(F)F)cc1-c1noc(-c2cc(OCC3CCOCC3)ccn2)n1,[BOS]Fc1cc(C(F)(F)F)c(C(F)(F)F)cc1-c1noc(-c2cc(OCC3CCOCC3)ccn2)n1[EOS],45031.737352609634,42
11.6,O=C(c1c[nH]c2ccccc2c1=O)N1CC2OCCN(c3cc(F)ncn3)C2C1,[BOS]O=C(c1c[nH]c2ccccc2c1=O)N1C[C@@H]2OCCN(c3cc(F)ncn3)[C@H]2C1[EOS],49500.096918821335,42
12.8,O=C(NCc1cccc(NC(=O)c2cccc3ccccc23)c1)C(=O)Nc1ccc2c(c1)Oc1ccccc1O2,[BOS]O=C(Nc1cccc(CNC(=O)C(=O)Nc2ccc3c(c2)Oc2ccccc2O3)c1)c1cccc2ccccc12[EOS],55419.19075393677,42
12.6,O=C1c2ccccc2C(=O)N1N=Cc1ccc(C(F)(F)C(=O)c2ccc(F)cc2F)cc1,[BOS]O=C1c2ccccc2C(=O)N1/N=C\c1ccc(C(F)(F)C(=O)c2ccc(F)cc2F)cc1[EOS],59988.060478925705,42
12.8,O=C(c1ccc(F)cc1)N1CCc2cc(OC3CCC(F)(F)c4cc(-c5cccc(Cl)c5)ccc43)[n+]([O-])cc2C1,[BOS]O=C(c1ccc(F)cc1)N1CCc2cc(O[C@H]3CCC(F)(F)c4cc(-c5cccc(Cl)c5)ccc43)[n+]([O-])cc2C1[EOS],5366.490101575851,42
13.3,O=C(Nc1ccc2c(c1)Oc1ccccc1O2)C(=O)Nc1cnn(-c2ccc3ccccc3n2)c1,[BOS]O=C(Nc1cnn(-c2ccc3ccccc3n2)c1)C(=O)Nc1ccc2c(c1)Oc1ccccc1O2[EOS],10315.633913755417,42
10.9,O=C(NC1CCCC1Cc1ccccc1)c1nn(-c2ccc(F)cc2)c2c1CCC2,[BOS]O=C(N[C@@H]1CCC[C@@H]1Cc1ccccc1)c1nn(-c2ccc(F)cc2)c2c1CCC2[EOS],15212.96427321434,42
11.8,Cc1ccc(-c2noc(C(C)NC(=O)c3ccn(-c4ccc5ccc(-c6cnn(C)c6)cn45)n3)n2)cc1F,[BOS]Cc1ccc(-c2noc([C@H](C)NC(=O)c3ccn(-c4ccc5ccc(-c6cnn(C)c6)cn45)n3)n2)cc1F[EOS],20623.15638613701,42
13.4,Fc1cc(-c2noc(-c3cccc(-c4ccccn4)c3)n2)ccc1N1CCCC1=NOCc1nnc(-c2ccc(Cl)cc2Cl)o1,[BOS]Fc1cc(-c2noc(-c3cccc(-c4ccccn4)c3)n2)ccc1N1CCC/C1=N/OCc1nnc(-c2ccc(Cl)cc2Cl)o1[EOS],24958.185118198395,42
12.1,Cc1ccccc1-c1[nH]nc(NC(=O)c2cc3c(C)c(C)ccc3[nH]2)c1C,[BOS]Cc1ccccc1-c1[nH]nc(NC(=O)c2cc3c(C)c(C)ccc3[nH]2)c1C[EOS],29113.987322092056,42
11.6,O=C(NCC(=O)N1Cc2ccccc2C1)C(=O)N1CCC2(C1)OCc1ccccc12,[BOS]O=C(NCC(=O)N1Cc2ccccc2C1)C(=O)N1CC[C@]2(C1)OCc1ccccc12[EOS],34150.75565648079,42
12.4,O=C(c1cccc(Cc2ccc(F)c(F)c2)c1)n1nc2ccccc2c1-c1cc(-c2cccc(F)c2F)cnc1O,[BOS]O=C(c1cccc(Cc2ccc(F)c(F)c2)c1)n1nc2ccccc2c1-c1cc(-c2cccc(F)c2F)cnc1O[EOS],40385.83599257469,42
11.8,Cc1nc(-c2cccc(NC(=O)c3cccc(COc4cccc(F)c4)c3)c2)cc(=O)[nH]1,[BOS]Cc1nc(-c2cccc(NC(=O)c3cccc(COc4cccc(F)c4)c3)c2)cc(=O)[nH]1[EOS],45606.34821009636,42
12.6,O=C(Nc1ccc2c(c1)CN(Cc1ccccc1N1CC(F)(F)C1(F)F)C(=O)C2)C1CCC(c2ccccc2)CC1,[BOS]O=C1Cc2ccc(NC(=O)C3CCC(c4ccccc4)CC3)cc2CN1Cc1ccccc1N1CC(F)(F)C1(F)F[EOS],50120.19419836998,42
14.2,O=C(Nc1cccc2cc(NC(=O)c3ccc4ccc(Cl)cc4n3)ccc12)c1ccc(-c2nc[nH]n2)cc1,[BOS]O=C(Nc1ccc2c(NC(=O)c3ccc(-c4nc[nH]n4)cc3)cccc2c1)c1ccc2ccc(Cl)cc2n1[EOS],55059.02438735962,42
14.1,Cc1ccc(-n2nc3c(cc2=O)CCC3=Cc2csc(-c3ccc4ccccc4c3)n2)cc1C(F)(F)F,[BOS]Cc1ccc(N2N=C3C(=Cc4csc(-c5ccc6ccccc6c5)n4)CCC3=CC2=O)cc1C(F)(F)F[EOS],59710.537447690964,42
11.9,O=C(CC(O)c1ccc(OCc2ccccc2)cc1)Nc1ncc2c(n1)CCC1(CCOC(=O)C2)CC1,[BOS]O=C(C[C@@H](O)c1ccc(OCc2ccccc2)cc1)Nc1ncc2c(n1)CCC1(CC1)CCOC(=O)C2[EOS],6272.918739080429,42
12.8,O=C(c1cc2ccc(OCc3ccccc3)cc2[nH]1)N1CC2COCC(C(=O)N3CCCCO3)C2C1,[BOS]O=C(c1cc2ccc(OCc3ccccc3)cc2[nH]1)N1C[C@@H]2COC[C@H](C(=O)N3CCCCO3)[C@@H]2C1[EOS],11595.96221446991,42
11.4,CN1CC(NC(=O)Cc2ccc(OCc3ccccc3)cc2)Cc2ccccc21,[BOS]CN1C[C@@H](NC(=O)Cc2ccc(OCc3ccccc3)cc2)Cc2ccccc21[EOS],16647.854361772537,42
11.9,Cc1ccccc1-c1nc(C)c(C(=O)Nc2ccc(S(=O)(=O)NCc3ccccc3)cc2)s1,[BOS]Cc1ccccc1-c1nc(C)c(C(=O)Nc2ccc(S(=O)(=O)NCc3ccccc3)cc2)s1[EOS],21762.21428513527,42
11.2,Cc1ncsc1-c1ccc(-c2noc(Cn3nnc(-c4cccc(Oc5ccccc5)c4)n3)n2)cc1,[BOS]Cc1ncsc1-c1ccc(-c2noc(Cn3nnc(-c4cccc(Oc5ccccc5)c4)n3)n2)cc1[EOS][EOS][EOS][EOS],25856.895208597183,42
13.2,Cc1cc(-c2nc(-c3ccc(OCc4ccc5ccccc5c4)cc3)no2)nc(-c2cccnc2)n1,[BOS]Cc1cc(-c2nc(-c3ccc(OCc4ccc5ccccc5c4)cc3)no2)nc(-c2cccnc2)n1[EOS],31163.99540925026,42
10.7,Cc1cc(NC(=O)CC(=O)N2CCC3COC(CNC(=O)C4=Cc5ccccc5NC(=O)C4)C3C2)no1,[BOS]Cc1cc(NC(=O)CC(=O)N2CC[C@H]3CO[C@@H](CNC(=O)C4=Cc5ccccc5NC(=O)C4)[C@H]3C2)no1[EOS],37272.48295164108,42
12.3,CC(=O)Nc1cccc(NC(=O)c2cccc(-c3nc(O)c4cnn(-c5ccccc5)c4n3)c2)c1C,[BOS]CC(=O)Nc1cccc(NC(=O)c2cccc(-c3nc(O)c4cnn(-c5ccccc5)c4n3)c2)c1C[EOS],42783.87312293053,42
11.8,O=C1CC(C(=O)NC2(c3ccc(NC(=O)c4nc(-c5ccccc5)ns4)cc3)CCC2)CCN1,[BOS]O=C1C[C@H](C(=O)NC2(c3ccc(NC(=O)c4nc(-c5ccccc5)ns4)cc3)CCC2)CCN1[EOS],48358.86522293091,42
13.0,O=c1c2cc(-c3nc(-c4ccc(-c5ccc(Cl)cc5Cl)cn4)no3)ccc2[nH]c2nccnc12,[BOS]Clc1ccc(-c2ccc(-c3noc(-c4ccc5[nH]c6nccnc6c(=O)c5c4)n3)nc2)c(Cl)c1[EOS][EOS][EOS],52429.90207529068,42
11.6,Cn1cnc(-c2ccc(-c3nc(CCc4ccc5occ(O)c5c4)n[nH]3)cc2)c1Cc1ccccc1,[BOS]Cn1cnc(-c2ccc(-c3nc(CCc4ccc5occ(O)c5c4)n[nH]3)cc2)c1Cc1ccccc1[EOS],56800.22574138641,42
11.1,O=C(CN=Cc1ccco1)NC1(c2ccc(NC(=O)c3cc(Cl)nc4ccccc34)cc2)CCC1,[BOS]O=C(C/N=C/c1ccco1)NC1(c2ccc(NC(=O)c3cc(Cl)nc4ccccc34)cc2)CCC1[EOS],62676.65307331085,42
