rv,smi,cur_sentence,elapsed_time,seed
12.7,O=C(c1ccccc1)c1cccc(-n2c([O-])c(Cc3cccc4ccccc34)[nH]c2=O)c1,[BOS]O=C(c1ccccc1)c1cccc(-n2c([O-])c(Cc3cccc4ccccc34)[nH]c2=O)c1[EOS],5017.805830478668,42
11.7,COc1ccc2onc(C(=O)[NH+]=C(N)c3cccc4ccccc34)c2c1,[BOS]COc1ccc2onc(C(=O)[NH+]=C(N)c3cccc4ccccc34)c2c1[EOS],9318.411743402481,42
12.0,Cc1cccc(-c2nnc3n2CC(C(=O)N2CCCC(c4cc5ccccc5[nH]4)C2)CC3)c1,[BOS]Cc1cccc(-c2nnc3n2C[C@H](C(=O)N2CCC[C@@H](c4cc5ccccc5[nH]4)C2)CC3)c1[EOS],13857.585213184357,42
11.8,O=C(CSc1nnc(-c2ccc3ccccc3c2)o1)N1Cc2ccnn2CC(C(=O)N2CCOCC2)C1,[BOS]O=C(CSc1nnc(-c2ccc3ccccc3c2)o1)N1Cc2ccnn2C[C@H](C(=O)N2CCOCC2)C1[EOS],19762.11617231369,42
11.5,Cc1ccnc2ccc(C(=O)NCc3ccc(Oc4ccc(C(F)(F)F)cc4)cc3)cc12,[BOS]Cc1ccnc2ccc(C(=O)NCc3ccc(Oc4ccc(C(F)(F)F)cc4)cc3)cc12[EOS],24002.07414007187,42
12.1,Cn1cc[nH+]c1C(NC(=O)Cc1cccc2ccccc12)c1cccc(C(F)(F)F)c1,[BOS]Cn1cc[nH+]c1[C@@H](NC(=O)Cc1cccc2ccccc12)c1cccc(C(F)(F)F)c1[EOS],28910.006665706635,42
12.8,Cc1ccc2oc(C(=O)Oc3ccc4cc(C(=O)NC5c6ccccc6Cc6ccncc65)c(=O)oc4c3)cc2c1,[BOS]Cc1ccc2oc(C(=O)Oc3ccc4cc(C(=O)NC5c6cnccc6Cc6ccccc65)c(=O)oc4c3)cc2c1[EOS][EOS][EOS],33342.882486343384,42
12.8,O=C(c1n[nH]c(=O)c2ccccc12)N1CCC(n2c(=O)oc3ccc(F)cc32)C(F)C1,[BOS]O=C(c1n[nH]c(=O)c2ccccc12)N1CCC(n2c(=O)oc3ccc(F)cc32)C(F)C1[EOS],37167.6635184288,42
12.1,Cc1nn(-c2ccccn2)c(C)c1C[NH2+]C1Cc2ccccc2-c2ccccc21,[BOS]Cc1nn(-c2ccccn2)c(C)c1C[NH2+][C@H]1Cc2ccccc2-c2ccccc21[EOS],41613.91360759735,42
11.5,CC(C)(C(=O)NCc1ccc(F)c(Cl)c1)c1cccc2ccccc12,[BOS]CC(C)(C(=O)NCc1ccc(F)c(Cl)c1)c1cccc2ccccc12[EOS],46025.48928761482,42
11.5,Cc1cccc(NS(=O)(=O)c2ccc3c(c2)C2(CCCCN2)C(=O)N3C2CC2)c1C,[BOS]Cc1cccc(NS(=O)(=O)c2ccc3c(c2)[C@]2(CCCCN2)C(=O)N3C2CC2)c1C[EOS][EOS][EOS][EOS][EOS][EOS][EOS][EOS],51427.23134684563,42
11.8,Cn1c(C2CCCN2C(=O)Cc2ccc3c(c2)CCCC3)nc2ccccc21,[BOS]Cn1c([C@H]2CCCN2C(=O)Cc2ccc3c(c2)CCCC3)nc2ccccc21[EOS],55882.97231245041,42
11.4,O=C(OCc1nc2cc(C(F)(F)F)ccc2o1)c1ccc2c(c1)CC(c1ccccc1)OC2=O,[BOS]O=C(OCc1nc2cc(C(F)(F)F)ccc2o1)c1ccc2c(c1)C[C@@H](c1ccccc1)OC2=O[EOS][EOS][EOS][EOS][EOS],4919.631405115128,42
12.9,Cc1ccccc1Oc1ccc(C2=Nc3ccccc3CCCN=C2c2cccc(CCc3ccccc3)c2O)cc1,[BOS]Cc1ccccc1Oc1ccc(C2=Nc3ccccc3CCCN=C2c2cccc(CCc3ccccc3)c2O)cc1[EOS],9424.349281787872,42
11.7,COc1ccccc1-c1cccc(NC(=O)NC2CCCC2C(=O)NCc2cc(=O)n3c(n2)C[NH2+]CCC3)c1,[BOS]COc1ccccc1-c1cccc(NC(=O)N[C@@H]2CCC[C@@H]2C(=O)NCc2cc(=O)n3c(n2)C[NH2+]CCC3)c1[EOS],14708.775912761688,42
11.3,CC1Sc2ccc(C(=O)NS(=O)(=O)c3ccc4c(c3)CCCC4)cc2NC1=O,[BOS]C[C@H]1Sc2ccc(C(=O)NS(=O)(=O)c3ccc4c(c3)CCCC4)cc2NC1=O[EOS],19290.827197790146,42
12.2,Cc1cccc2cc(C(=O)N3CCCCC3C3CCN(C(=O)Cc4cc5cccnc5cc4F)CC3)[nH]c12,[BOS]Cc1cccc2cc(C(=O)N3CCCC[C@@H]3C3CCN(C(=O)Cc4cc5cccnc5cc4F)CC3)[nH]c12[EOS],24651.551548719406,42
13.0,Cc1cccc2nc(Cc3ccc4ccccc4c3)nc(OC3CCC4C[NH+](Cc5ccccc5)CC43)c12,[BOS]Cc1cccc2nc(Cc3ccc4ccccc4c3)nc(O[C@@H]3CC[C@H]4C[NH+](Cc5ccccc5)C[C@@H]43)c12[EOS],30390.57839488983,42
12.4,O=C(CCc1cncc2ccccc12)NC(c1ccccc1)c1ccc2ccccc2c1,[BOS]O=C(CCc1cncc2ccccc12)N[C@@H](c1ccccc1)c1ccc2ccccc2c1[EOS],35314.401111125946,42
13.0,O=C1Cc2cccc(-c3noc(Cc4ccc(NC(=O)c5cc6ccccc6o5)cc4)n3)c2CN1,[BOS]O=C1Cc2cccc(-c3noc(Cc4ccc(NC(=O)c5cc6ccccc6o5)cc4)n3)c2CN1[EOS][EOS][EOS][EOS][EOS],39727.765625,42
13.4,O=C(c1cc(N2CCc3ccccc32)nc2ccccc12)N1CCOC2CCCCC21,[BOS]O=C(c1cc(N2CCc3ccccc32)nc2ccccc12)N1CCO[C@H]2CCCC[C@@H]21[EOS],44493.255366802216,42
12.1,CN1CC(C(=O)Nc2nc(-c3ccc(Oc4ccccc4)cc3)ns2)c2ccccc2C1=O,[BOS]CN1C[C@@H](C(=O)Nc2nc(-c3ccc(Oc4ccccc4)cc3)ns2)c2ccccc2C1=O[EOS],48766.053924798965,42
11.8,O=C(NCC1OCC2CCN(C(=O)c3cc4c(F)cc(F)cc4[nH]3)CC21)C1CCc2cccc(Cl)c21,[BOS]O=C(NC[C@@H]1OC[C@@H]2CCN(C(=O)c3cc4c(F)cc(F)cc4[nH]3)C[C@@H]21)[C@H]1CCc2cccc(Cl)c21[EOS],54522.582030296326,42
12.3,O=C(c1ccc2ccccc2c1F)N1CCCC2(CC1)CCN(c1ccccn1)C2=O,[BOS]O=C(c1ccc2ccccc2c1F)N1CCC[C@@]2(CCN(c3ccccn3)C2=O)CC1[EOS],58443.11549496651,42
12.8,Cc1[nH]c(-c2ccccc2Cl)nc1C(=O)N1CC(C)CC1c1cccc(Oc2ccc(F)cc2)n1,[BOS]Cc1[nH]c(-c2ccccc2Cl)nc1C(=O)N1C[C@@H](C)C[C@@H]1c1cccc(Oc2ccc(F)cc2)n1[EOS],4727.250618696213,42
13.5,Fc1ccccc1C1=CC(c2c[nH]c3cc4ccccc4cc23)N2NC(C(F)(F)F)=NC2=[NH+]1,[BOS]Fc1ccccc1C1=C[C@H](c2c[nH]c3cc4ccccc4cc23)N2NC(C(F)(F)F)=NC2=[NH+]1[EOS],9113.940216064453,42
12.2,Cc1cc(C)cc(OC(=O)c2nn(-c3cccc(C)c3C)c3ccccc3c2=O)c1,[BOS]Cc1cc(C)cc(OC(=O)c2nn(-c3cccc(C)c3C)c3ccccc3c2=O)c1[EOS],13160.176214694977,42
11.7,O=C(c1ccc2cnccc2c1)N1CCC(C2CCCCN2C(=O)c2ccc3nccn3c2)CC1,[BOS]O=C(c1ccc2cnccc2c1)N1CCC([C@@H]2CCCCN2C(=O)c2ccc3nccn3c2)CC1[EOS][EOS][EOS][EOS][EOS][EOS][EOS][EOS],17619.69519138336,42
13.9,COc1ccc2ccccc2c1CN=C(O)c1c2ccccc2c(=O)n2c3c(ccc12)C(=O)C1=CC(C)N1CC3=O,[BOS]COc1ccc2ccccc2c1CN=C(O)c1c2ccccc2c(=O)n2c3c(ccc12)C(=O)C1=CC(C)N1CC3=O[EOS],22756.210252523422,42
12.9,O=C(CCn1[nH]c(=O)c2ccccc2c1=O)OC1c2ccccc2CCCC(F)(F)C1Cc1cccc2cccnc12,[BOS]O=C(CCn1[nH]c(=O)c2ccccc2c1=O)OC1c2ccccc2CCCC(F)(F)C1Cc1cccc2cccnc12[EOS],28149.625121593475,42
12.3,O=C(c1cc2c(ccc3ccccc32)o1)N1CCCN(C(=O)c2ccccc2F)CC1,[BOS]O=C(c1ccccc1F)N1CCCN(C(=O)c2cc3c(ccc4ccccc43)o2)CC1[EOS],32437.35738635063,42
12.1,Cc1ccccc1-c1ncccc1C(=O)N1CCCC12CN(C(=O)COc1cccc3ccccc13)C2,[BOS]Cc1ccccc1-c1ncccc1C(=O)N1CCCC12CN(C(=O)COc1cccc3ccccc13)C2[EOS],37991.59396314621,42
11.9,Fc1cccc2c1CC([NH2+]Cc1ccccc1N1CC[NH+](Cc3ccccc3)CC1)CC2,[BOS]Fc1cccc2c1C[C@@H]([NH2+]Cc1ccccc1N1CC[NH+](Cc3ccccc3)CC1)CC2[EOS],41955.817247629166,42
12.2,FC(F)c1nnnn1C[NH+](Cc1cccc(C(F)(F)F)c1)C1CCCc2ccccc21,[BOS]FC(F)c1nnnn1C[NH+](Cc1cccc(C(F)(F)F)c1)C1CCCc2ccccc21[EOS],46768.22357225418,42
12.3,Cc1cc(Nc2cc(C)c3ccccc3n2)n(CC2CC[NH+](CC3CCCO3)CC2)n1,[BOS]Cc1cc(Nc2cc(C)c3ccccc3n2)n(CC2CC[NH+](C[C@H]3CCCO3)CC2)n1[EOS],51641.7245426178,42
11.5,CC(C(=O)Nc1n[nH]c2ccc(F)cc12)[NH+]1CCc2ccccc2C1,[BOS]C[C@@H](C(=O)Nc1n[nH]c2ccc(F)cc12)[NH+]1CCc2ccccc2C1[EOS],55184.824867486954,42
11.9,Cc1ccc(F)cc1C(=O)NC1(c2ccc(NC(=O)C3CCc4ccccc43)cc2)CCC1,[BOS]Cc1ccc(F)cc1C(=O)NC1(c2ccc(NC(=O)[C@H]3CCc4ccccc43)cc2)CCC1[EOS],4735.956723690033,42
11.9,CC(=O)N1c2ccccc2CC1c1nc(-c2cc3c(ccc4ccccc43)[nH]2)no1,[BOS]CC(=O)N1c2ccccc2C[C@@H]1c1nc(-c2cc3c(ccc4ccccc43)[nH]2)no1[EOS],9015.84276008606,42
11.7,Cc1ccc(CCNC(=O)Nc2ccc3c(c2)OC2(CCCCC2)O3)c(C)c1,[BOS]Cc1ccc(CCNC(=O)Nc2ccc3c(c2)OC2(CCCCC2)O3)c(C)c1[EOS],13615.851041316986,42
13.3,O=C(NCc1cccc2ccccc12)c1ccccc1-c1nnc(-c2ccc3c(c2)OCO3)c2cnccc12,[BOS]O=C(NCc1cccc2ccccc12)c1ccccc1-c1nnc(-c2ccc3c(c2)OCO3)c2cnccc12[EOS],19352.330592155457,42
12.3,O=C(NCC1C2Cc3ccccc3C12)N1CCCCC1c1cc2ccccc2[nH]1,[BOS]O=C(NC[C@@H]1[C@@H]2Cc3ccccc3[C@H]12)N1CCCC[C@H]1c1cc2ccccc2[nH]1[EOS],24848.125423908234,42
12.2,Cc1cc(F)c2[nH]c(=O)cc(-c3nc(Cc4ccc(-n5nc(C)cc5C)cc4)no3)c2c1,[BOS]Cc1cc(F)c2[nH]c(=O)cc(-c3nc(Cc4ccc(-n5nc(C)cc5C)cc4)no3)c2c1[EOS],29305.20733523369,42
12.7,O=C(Oc1ccc2c(c1)CCC2)c1cc(-c2ccc3c(c2)OCO3)nc2c1cnn2Cc1cccc(F)c1,[BOS]O=C(Oc1ccc2c(c1)CCC2)c1cc(-c2ccc3c(c2)OCO3)nc2c1cnn2Cc1cccc(F)c1[EOS][EOS][EOS][EOS][EOS][EOS][EOS],34277.38409948349,42
11.7,O=C(Cc1ccc2ncnn2c1)N1C2CCC1CC(NC(=O)C1(c3cccc(F)c3)CC1)C2,[BOS]O=C(Cc1ccc2ncnn2c1)N1[C@@H]2CC[C@H]1C[C@@H](NC(=O)C1(c3cccc(F)c3)CC1)C2[EOS],39912.782588243484,42
11.8,c1ccc(C2C[NH+](Cc3ccc4c(c3)CCCO4)Cc3ccccc3O2)nc1,[BOS]c1ccc([C@@H]2C[NH+](Cc3ccc4c(c3)CCCO4)Cc3ccccc3O2)nc1[EOS],44109.453562021255,42
13.5,O=C(NO)c1cc(-c2ccccn2)cc(-c2cc(F)cc3c(-c4nn[nH]n4)nn(Cc4ccccc4F)c23)c1F,[BOS]O=C(NO)c1cc(-c2ccccn2)cc(-c2cc(F)cc3c(-c4nn[nH]n4)nn(Cc4ccccc4F)c23)c1F[EOS],49520.14371418953,42
12.9,O=C(CC1c2ccccc2Oc2ccccc21)Nc1nc2c(C(=O)[O-])cccc2[nH]1,[BOS]O=C(CC1c2ccccc2Oc2ccccc21)Nc1nc2c(C(=O)[O-])cccc2[nH]1[EOS],54268.89721775055,42
11.2,CC(c1noc(-c2ccccc2)n1)[NH+]1CCCn2c(cc3ccccc32)C1,[BOS]C[C@H](c1noc(-c2ccccc2)n1)[NH+]1CCCn2c(cc3ccccc32)C1[EOS],58775.595916986465,42
12.3,Cc1cccc(-n2ncc3c(=O)n(Cc4ccc5c(c4)CCC5)nnc32)c1C,[BOS]Cc1cccc(-n2ncc3c(=O)n(Cc4ccc5c(c4)CCC5)nnc32)c1C[EOS],4247.569733142853,42
11.7,O=C(C#Cc1ccccc1)N1CCC2C1CCN2C(=O)c1ccc(Cc2ccc(F)cc2)cc1,[BOS]O=C(C#Cc1ccccc1)N1CC[C@H]2[C@@H]1CCN2C(=O)c1ccc(Cc2ccc(F)cc2)cc1[EOS],8795.688708782196,42
12.6,NC(=O)C1Cc2ccccc2N(C(=O)C2CC2c2cccc3ccccc23)C1,[BOS]NC(=O)[C@@H]1Cc2ccccc2N(C(=O)[C@@H]2C[C@@H]2c2cccc3ccccc23)C1[EOS],13383.652435064316,42
13.0,Cc1cccc(C2CCCCN2C(=O)c2cc(Oc3ccc(F)cc3)cc(C(=O)C(=N)O)c2F)c1C,[BOS]Cc1cccc([C@H]2CCCCN2C(=O)c2cc(Oc3ccc(F)cc3)cc(C(=O)C(=N)O)c2F)c1C[EOS],18098.764948368073,42
11.8,NC(=O)C1CCc2ncnc(-c3cccc(C(=O)NCc4ccccc4)c3)c2C1,[BOS]NC(=O)[C@H]1CCc2ncnc(-c3cccc(C(=O)NCc4ccccc4)c3)c2C1[EOS],22501.8933699131,42
11.3,N#Cc1cccc(Oc2cccc(Cl)c2N=C(O)C(CC(N)=O)Nc2cc3ccc(F)cc3c(O)n2)c1,[BOS]NC(=O)C[C@H](Nc1cc2ccc(F)cc2c(O)n1)C(O)=Nc1c(Cl)cccc1Oc1cccc(C#N)c1[EOS],27092.157195806503,42
11.4,Cc1cccc(-n2cnc3cc(C(=O)N4CCCc5c(C)cc(F)cc54)ccc32)c1,[BOS]Cc1cccc(-n2cnc3cc(C(=O)N4CCCc5c(C)cc(F)cc54)ccc32)c1[EOS],31851.82393693924,42
12.9,CC(OC(=O)Nc1cccc(-c2ccc3[nH]c(=O)[nH]c3c2)n1)c1cccc2ccccc12,[BOS]C[C@@H](OC(=O)Nc1cccc(-c2ccc3c(c2)NC(=O)N3)n1)c1cccc2ccccc12[EOS],37446.00652337074,42
12.0,O=C(c1n[nH]c2ccc(F)cc12)N1CC2(CCCN2C(=O)C2CC2c2ccc(F)c(F)c2)C1,[BOS]O=C(c1n[nH]c2ccc(F)cc12)N1CC2(CCCN2C(=O)[C@@H]2C[C@@H]2c2ccc(F)c(F)c2)C1[EOS][EOS][EOS][EOS],42669.70051932335,42
14.1,O=C1CCc2c1cccc2-c1noc(CC(c2ccc3ccccc3c2)c2cc3ccccc3c3ccccc23)n1,[BOS]O=C1CCc2c1cccc2-c1noc(C[C@@H](c2ccc3ccccc3c2)c2cc3ccccc3c3ccccc23)n1[EOS],48115.131118535995,42
12.1,NC(=O)Nc1ccc(-c2noc(C3CC(=O)N(c4ccc5c(c4)Cc4ccccc4-5)C3)n2)cc1,[BOS]NC(=O)Nc1ccc(-c2noc([C@H]3CC(=O)N(c4ccc5c(c4)Cc4ccccc4-5)C3)n2)cc1[EOS],52973.23056125641,42
11.9,N#Cc1ccc2[nH]nc(C(=O)N3CCOCC4(C3)CN(C(=O)C3CCc5ccccc53)CCO4)c2c1,[BOS]N#Cc1ccc2[nH]nc(C(=O)N3CCOC[C@]4(C3)CN(C(=O)[C@@H]3CCc5ccccc53)CCO4)c2c1[EOS],57757.83452343941,42
11.8,Cc1cc(F)c2[nH]c(=O)cc(C(=O)N3CCCc4c([nH]c5c(F)cccc45)C3)c2c1,[BOS]Cc1cc(F)c2[nH]c(=O)cc(C(=O)N3CCCc4c([nH]c5c(F)cccc45)C3)c2c1[EOS],3986.8179092407227,42
12.1,Cc1ccccc1C1CC(C)[NH+](C2CCc3cc(F)ccc3C2=O)C1,[BOS]Cc1ccccc1[C@@H]1C[C@H](C)[NH+]([C@H]2CCc3cc(F)ccc3C2=O)C1[EOS],7752.837019920349,42
13.2,Cc1ccc2nc(C(=O)N3CCC(C4CCCCN4C(=O)c4n[nH]c5ccccc45)CC3)ccc2c1,[BOS]Cc1ccc2nc(C(=O)N3CCC([C@@H]4CCCCN4C(=O)c4n[nH]c5ccccc45)CC3)ccc2c1[EOS],12899.58473944664,42
11.3,Cc1ccccc1-c1csc(NC(=O)C2COc3ccc(Cl)cc3C2)n1,[BOS]Cc1ccccc1-c1csc(NC(=O)[C@H]2COc3ccc(Cl)cc3C2)n1[EOS],16962.02799654007,42
12.2,Cc1ccccc1CC1CCCN1C(=O)Cn1c2ccccc2c(=O)c2ccccc21,[BOS]Cc1ccccc1C[C@@H]1CCCN1C(=O)Cn1c2ccccc2c(=O)c2ccccc21[EOS],21545.376331090927,42
12.6,O=C(NCC(O)c1cccc2ccccc12)Nc1cccc(-c2ccc3c(c2)C(=O)c2ccccc2C3=O)c1,[BOS]O=C(NC[C@@H](O)c1cccc2ccccc12)Nc1cccc(-c2ccc3c(c2)C(=O)c2ccccc2C3=O)c1[EOS],26896.498634576797,42
11.6,CC1c2ccccc2CCN1C(=O)NC1C[NH+](Cc2ccccc2)CC1c1ccccc1F,[BOS]C[C@H]1c2ccccc2CCN1C(=O)N[C@@H]1C[NH+](Cc2ccccc2)C[C@H]1c1ccccc1F[EOS],31172.154821634293,42
12.5,O=C(Nc1ccc2cccc(Cl)c2n1)c1ncoc1-c1cccc(C(F)(F)F)c1,[BOS]O=C(Nc1ccc2cccc(Cl)c2n1)c1ncoc1-c1cccc(C(F)(F)F)c1[EOS],34978.36850452423,42
11.1,Cc1cc(Br)cc(C(=O)NC(CC2CCCc3ccccc32)C(=O)[O-])c1C,[BOS]Cc1cc(Br)cc(C(=O)N[C@H](C[C@@H]2CCCc3ccccc32)C(=O)[O-])c1C[EOS],38805.25618004799,42
12.8,O=C(CC1CCc2ccccc2C1)Nc1n[nH]c2cccc(C(F)(F)F)c12,[BOS]O=C(C[C@H]1CCc2ccccc2C1)Nc1n[nH]c2cccc(C(F)(F)F)c12[EOS],43686.374494075775,42
11.5,Cc1cccc(-c2noc(C(C)c3cccc(C(=O)c4ccccc4)c3)n2)c1C,[BOS]Cc1cccc(-c2noc([C@H](C)c3cccc(C(=O)c4ccccc4)c3)n2)c1C[EOS],47629.72007679939,42
13.0,O=C(Nc1ccc2c(c1)CCCN2S(=O)(=O)C1CCc2ccccc2C1)C1=CCCCC=Cc2ccccc2C1=O,[BOS]O=C(Nc1ccc2c(c1)CCCN2S(=O)(=O)C1CCc2ccccc2C1)C1=CCCCC=Cc2ccccc2C1=O[EOS],53099.1274971962,42
13.9,O=C(Nc1cccc2c1C[NH+](C1CC3(CCC3)Oc3ccccc31)C2)c1cccc2ccccc12,[BOS]O=C(Nc1cccc2c1C[NH+]([C@H]1CC3(CCC3)Oc3ccccc31)C2)c1cccc2ccccc12[EOS],5177.423325538635,42
11.3,Cc1cccc(CC2CCCN(C(=O)Cc3c(F)cc(C)c(Br)c3C)C2)c1,[BOS]Cc1cc(F)c(CC(=O)N2CCC[C@H](Cc3cccc(C)c3)C2)c(C)c1Br[EOS],9462.09354019165,42
12.4,O=C(NC(C(=O)[O-])c1ccc2ccccc2c1)c1nn(-c2ccccc2F)c2c1CCCC2,[BOS]O=C(N[C@H](C(=O)[O-])c1ccc2ccccc2c1)c1nn(-c2ccccc2F)c2c1CCCC2[EOS],13983.073129415512,42
12.0,O=C(Nc1cccc(CNC(=O)C(c2ccccc2)c2ccc(Cl)cc2)c1)C1CCCCC1,[BOS]O=C(Nc1cccc(CNC(=O)[C@H](c2ccccc2)c2ccc(Cl)cc2)c1)C1CCCCC1[EOS],19416.730574846268,42
11.3,CC1C[NH+](Cc2ccc3ccccc3c2)CC1CNC(=O)C1CCC(=O)N(C)C1,[BOS]C[C@@H]1C[NH+](Cc2ccc3ccccc3c2)C[C@H]1CNC(=O)[C@@H]1CCC(=O)N(C)C1[EOS],23627.376167535782,42
12.2,CC(=O)Nc1ccc(C)c(-c2nc(C3(c4ccc(C(F)(F)F)cc4)CCC3)no2)c1,[BOS]CC(=O)Nc1ccc(C)c(-c2nc(C3(c4ccc(C(F)(F)F)cc4)CCC3)no2)c1[EOS],27928.850827217102,42
13.2,O=C(C1=NN(c2ccc(F)cc2)C(c2nn(Cc3ccccc3F)c(=O)c3ccccc23)C1)N1CCCC2CCCC21,[BOS]O=C(C1=NN(c2ccc(F)cc2)[C@@H](c2nn(Cc3ccccc3F)c(=O)c3ccccc23)C1)N1CCCC2CCCC21[EOS],34223.666330099106,42
13.1,O=C(C1=C(O)C(=O)N(c2ccccn2)C1c1cccc2ccccc12)c1ccc2ccccc2c1,[BOS]O=C(C1=C(O)C(=O)N(c2ccccn2)[C@@H]1c1cccc2ccccc12)c1ccc2ccccc2c1[EOS],39164.97922921181,42
11.8,O=C(NCC12CCCOC1CCN(C(=O)C1CC1c1ccccc1)C2)c1cn(-c2ccccc2)c2ncccc12,[BOS]O=C(NC[C@@]12CCCO[C@@H]1CCN(C(=O)[C@@H]1C[C@H]1c1ccccc1)C2)c1cn(-c2ccccc2)c2ncccc12[EOS],45577.52660393715,42
13.5,CC1=NN(N2C(=O)c3cc4ccccc4cc3C2=O)C(=O)C1N=Nc1ccc(-c2cc3ccccc3o2)cc1,[BOS]CC1=NN(N2C(=O)c3cc4ccccc4cc3C2=O)C(=O)[C@@H]1N=Nc1ccc(-c2cc3ccccc3o2)cc1[EOS],50657.595983982086,42
11.3,O=C(NCc1cccc(-c2ccccn2)c1)C1(c2ccnc3ccccc23)CC1,[BOS]O=C(NCc1cccc(-c2ccccn2)c1)C1(c2ccnc3ccccc23)CC1[EOS],55354.97083210945,42
13.2,CC(c1ccc2ccccc2c1)[NH+]1CCc2c(cccc2NC(=O)Nc2ccccc2F)C1,[BOS]C[C@H](c1ccc2ccccc2c1)[NH+]1CCc2c(cccc2NC(=O)Nc2ccccc2F)C1[EOS],59429.21103620529,42
14.7,COc1ccc2ccccc2c1CNC(=O)CCn1c(=O)c2ccccc2n2c(=O)n(C)nc12,[BOS]COc1ccc2ccccc2c1CNC(=O)CCn1c(=O)c2ccccc2n2c(=O)n(C)nc12[EOS],5639.174441814423,42
12.2,O=C(NCC1(O)CCc2ccccc21)c1cn[nH]c1-c1cc2ccccc2o1,[BOS]O=C(NC[C@]1(O)CCc2ccccc21)c1cn[nH]c1-c1cc2ccccc2o1[EOS],10536.505895614624,42
13.2,O=C(Cc1c[nH]c2ccccc12)Nc1cccc2c1C(=O)c1ccc(-c3cccc(-c4cccc5[nH]ncc45)c3)cc1C2=O,[BOS]O=C(Cc1c[nH]c2ccccc12)Nc1cccc2c1C(=O)c1ccc(-c3cccc(-c4cccc5[nH]ncc45)c3)cc1C2=O[EOS],16354.559267997742,42
12.1,O=C(NCc1ccc(N2CCc3ccccc3C2)nc1)c1cc2c(ccc3ccccc32)[nH]1,[BOS]O=C(NCc1ccc(N2CCc3ccccc3C2)nc1)c1cc2c(ccc3ccccc32)[nH]1[EOS],21257.44835615158,42
13.0,O=C1CCc2cc(OCc3cccc(N=C4NS(=O)(=O)c5ccccc54)c3)ccc2N1Cc1ccc2ccccc2c1,[BOS]O=C1CCc2cc(OCc3cccc(N=C4NS(=O)(=O)c5ccccc54)c3)ccc2N1Cc1ccc2ccccc2c1[EOS],26824.02299952507,42
12.0,Cc1cc(C(=O)N2CCC(OC3CCN(C(=O)C=Cc4cccc5ccccc45)CC3)CC2)cc2cn[nH]c12,[BOS]Cc1cc(C(=O)N2CCC(OC3CCN(C(=O)C=Cc4cccc5ccccc45)CC3)CC2)cc2cn[nH]c12[EOS],32376.976562976837,42
12.3,Cc1ccccc1C1CN(C(=O)C2CC(=O)N(c3ccc4c(c3)Cc3ccccc3-4)C2)C(C)CO1,[BOS]Cc1ccccc1[C@@H]1CN(C(=O)[C@@H]2CC(=O)N(c3ccc4c(c3)Cc3ccccc3-4)C2)[C@@H](C)CO1[EOS],36928.61105418205,42
12.1,Cc1ccc(CC2CCCN(C(=O)c3ccccc3NS(=O)(=O)c3ccc4c(c3)OCCO4)C2)cc1,[BOS]Cc1ccc(C[C@@H]2CCCN(C(=O)c3ccccc3NS(=O)(=O)c3ccc4c(c3)OCCO4)C2)cc1[EOS][EOS],41888.84000182152,42
12.0,Cc1nnc2[nH]nc(NC(=O)c3c[nH]c4ccc(Oc5ccccc5)cc4c3=O)c2c1C,[BOS]Cc1nnc2[nH]nc(NC(=O)c3c[nH]c4ccc(Oc5ccccc5)cc4c3=O)c2c1C[EOS],45820.15416145325,42
11.8,Fc1cc(F)c2nc(Cl)cnc2c1-c1nc([CH]c2cccc(C(F)(F)F)c2)no1,[BOS]Fc1cc(F)c2nc(Cl)cnc2c1-c1nc([C@@H]c2cccc(C(F)(F)F)c2)no1[EOS],49664.671149492264,42
11.9,Fc1cccc(-c2cnc3ccc(-c4nc(-c5ccc(F)c6ccccc56)no4)cn23)c1,[BOS]Fc1ccc(-c2noc(-c3ccc4ncc(-c5cccc(F)c5)n4c3)n2)c2ccccc12[EOS],53507.61610531807,42
14.3,N=C(O)c1ccc2ncnc(N3CCCc4ccc(C(=O)c5cccc6c5CCC6)cc43)c2c1,[BOS]N=C(O)c1ccc2ncnc(N3CCCc4ccc(C(=O)c5cccc6c5CCC6)cc43)c2c1[EOS],57922.933742284775,42
14.1,O=C(c1[nH]c2cccc3c2c1-c1ccccc1C3=O)c1ccc(F)c2ccc(-c3cccc4[nH]ccc34)nc12,[BOS]O=C(c1ccc(F)c2ccc(-c3cccc4[nH]ccc34)nc12)c1[nH]c2cccc3c2c1-c1ccccc1C3=O[EOS],5960.4283220767975,42
13.1,O=C1c2cccc3c(S(=O)(=O)Nc4cnc5cc6ccccc6cc5c4)ccc(c23)CN1CCc1ccc(F)cc1,[BOS]O=C1c2cccc3c(S(=O)(=O)Nc4cnc5cc6ccccc6cc5c4)ccc(c23)CN1CCc1ccc(F)cc1[EOS],10676.480385541916,42
11.7,O=C(NCc1cc(-c2ccc(Oc3ccc(F)cc3)cc2Cl)no1)C1(c2ccncc2)CC1,[BOS]O=C(NCc1cc(-c2ccc(Oc3ccc(F)cc3)cc2Cl)no1)C1(c2ccncc2)CC1[EOS][EOS][EOS][EOS][EOS][EOS][EOS][EOS],15888.839355945587,42
12.0,Cc1nc(CCC(=O)Nc2cccc(-c3ccc4c(c3)OCCO4)n2)oc1-c1ccccc1,[BOS]Cc1nc(CCC(=O)Nc2cccc(-c3ccc4c(c3)OCCO4)n2)oc1-c1ccccc1[EOS],21454.521923303604,42
11.9,Cc1cccc(F)c1C(=O)NCC1OCC2CCN(C(=O)C3CCc4ccccc4C3)CC21,[BOS]Cc1cccc(F)c1C(=O)NC[C@@H]1OC[C@@H]2CCN(C(=O)[C@H]3CCc4ccccc4C3)C[C@@H]21[EOS],26951.56942820549,42
12.0,Cc1ccc(-c2nnc(C[NH+]3CCc4cc(C)ccc4C3)c3ccccc23)cc1,[BOS]Cc1ccc(-c2nnc(C[NH+]3CCc4cc(C)ccc4C3)c3ccccc23)cc1[EOS],31327.44728088379,42
12.4,O=C(c1cn[nH]c1-c1cc2ccccc2o1)N1CC2C3CCC(C3)C2C1,[BOS]O=C(c1cn[nH]c1-c1cc2ccccc2o1)N1C[C@H]2[C@H]3CC[C@@H](C3)[C@@H]2C1[EOS],35652.19319677353,42
12.4,Fc1cc(F)c2c(c1)CC(n1c(C[NH+]3CCc4cc(F)c(F)c(F)c4C3)c[nH]c1=S)CC2,[BOS]Fc1cc2c(c(F)c1F)C[NH+](Cc1c[nH]c(=S)n1[C@@H]1CCc3c(F)cc(F)cc3C1)CC2[EOS][EOS][EOS][EOS][EOS][EOS][EOS][EOS],40047.16474056244,42
12.6,OC1(c2ccccc2-c2ccccc2)CC2CCCC=C2C1OOCc1ccc2ccccc2c1,[BOS]O[C@]1(c2ccccc2-c2ccccc2)C[C@@H]2CCCC=C2[C@@H]1OOCc1ccc2ccccc2c1[EOS],45136.67045855522,42
13.0,O=C1CC(c2nc(-c3cccc(Oc4cccc5ccccc45)c3)no2)CN1c1cccc2ccccc12,[BOS]O=C1C[C@@H](c2nc(-c3cccc(Oc4cccc5ccccc45)c3)no2)CN1c1cccc2ccccc12[EOS],50778.202655792236,42
12.0,N#Cc1cccc(OCc2cccc(-c3nc(COc4ccc5ccccc5c4)no3)c2)c1,[BOS]N#Cc1cccc(OCc2cccc(-c3nc(COc4ccc5ccccc5c4)no3)c2)c1[EOS],56037.905465364456,42
13.1,O=C(NC(c1cccc2ccccc12)C(F)(F)F)c1cccc2c(=O)c3cccc(F)c3[nH]c12,[BOS]O=C(N[C@@H](c1cccc2ccccc12)C(F)(F)F)c1cccc2c(=O)c3cccc(F)c3[nH]c12[EOS],60527.92489004135,42
12.0,Cc1cccc(-n2c(Sc3cc(C)c4ccccc4n3)nc3ccccc3c2=O)c1,[BOS]Cc1cc(Sc2nc3ccccc3c(=O)n2-c2cccc(C)c2)nc2ccccc12[EOS],4494.4989798069,42
11.8,O=C(NCc1ccc2[nH]ccc2c1)N1CCCCC1c1nc(-c2ccccc2)no1,[BOS]O=C(NCc1ccc2[nH]ccc2c1)N1CCCC[C@@H]1c1nc(-c2ccccc2)no1[EOS],8800.78099656105,42
12.6,O=C(NC1CC2CCC(C1)N2C(=O)c1cccc2c1cnn2-c1ccccn1)c1ccc2c(c1)C(=O)CCC2,[BOS]O=C(N[C@H]1C[C@H]2CC[C@@H](C1)N2C(=O)c1cccc2c1cnn2-c1ccccn1)c1ccc2c(c1)C(=O)CCC2[EOS],14184.904314756393,42
12.5,O=C(Nc1cccc(Cn2nc3ccccn3c2=O)c1)C(=O)N1CCCCC1c1cc2ccccc2[nH]1,[BOS]O=C(Nc1cccc(Cn2nc3ccccn3c2=O)c1)C(=O)N1CCCC[C@@H]1c1cc2ccccc2[nH]1[EOS],19450.38071703911,42
12.1,Cc1cccc(C(=O)NCC2OCC3CCN(C(=O)C(C)(O)Cn4cc5c(n4)-c4ccccc4CC5)CC32)c1F,[BOS]Cc1cccc(C(=O)NC[C@@H]2OC[C@@H]3CCN(C(=O)[C@@](C)(O)Cn4cc5c(n4)-c4ccccc4CC5)C[C@@H]32)c1F[EOS],26666.365077733994,42
12.3,Cc1noc2nc(-c3ccccc3)cc(C(=O)Oc3ccc4oc(=O)oc4c3)c12,[BOS]Cc1noc2nc(-c3ccccc3)cc(C(=O)Oc3ccc4oc(=O)oc4c3)c12[EOS],31705.706439971924,42
12.6,O=C(c1ccccc1)c1cccc(NC(=O)C2CC2c2cccc3ccccc23)c1,[BOS]O=C(c1ccccc1)c1cccc(NC(=O)[C@H]2C[C@@H]2c2cccc3ccccc23)c1[EOS],36620.948925971985,42
12.0,O=C(c1cccc(Nc2nc(-c3ccc(F)cc3)no2)c1)N1CCC2(CC1)OCc1ccccc1O2,[BOS]O=C(c1cccc(Nc2nc(-c3ccc(F)cc3)no2)c1)N1CCC2(CC1)OCc1ccccc1O2[EOS],41635.148936748505,42
11.7,Cc1ccc(-n2c(=O)c3ccccc3n3c(SC(C)C(O)=Nc4cc(F)ccc4C)nnc23)c(F)c1,[BOS]Cc1ccc(-n2c(=O)c3ccccc3n3c(SC(C)C(O)=Nc4cc(F)ccc4C)nnc23)c(F)c1[EOS],47258.111436128616,42
12.9,Cc1ccc(-c2nn(-c3cccc(C(=O)C=Cc4ccccc4)c3)c3cccc(C)c23)cc1C,[BOS]Cc1ccc(-c2nn(-c3cccc(C(=O)C=Cc4ccccc4)c3)c3cccc(C)c23)cc1C[EOS],52466.11363554001,42
13.3,Cc1c(-c2nnc(-c3cccc(Oc4ccccc4)c3)o2)c2ccccc2c2c1ccc1ccccc12,[BOS]Cc1c(-c2nnc(-c3cccc(Oc4ccccc4)c3)o2)c2ccccc2c2c1ccc1ccccc12[EOS],56907.03139281273,42
12.7,O=c1ccc2ccc(OS(=O)(=O)c3ccc4c(=O)[nH]c5ccccc5c4c3)cc2o1,[BOS]O=c1[nH]c2ccccc2c2cc(S(=O)(=O)Oc3ccc4ccc(=O)oc4c3)ccc12[EOS],61051.38562011719,42
11.9,Cc1ccccc1COc1cccc(CC(=O)N2CCCCCC2C2CCCCC2=O)c1,[BOS]Cc1ccccc1COc1cccc(CC(=O)N2CCCCC[C@H]2[C@H]2CCCCC2=O)c1[EOS],5171.193339109421,42
12.1,O=C(Oc1ccc2cncnc2c1)c1ncnc2c(O)c3c(cc12)CCCc1cc(Cl)ccc1-3,[BOS]O=C(Oc1ccc2cncnc2c1)c1ncnc2c(O)c3c(cc12)CCCc1cc(Cl)ccc1-3[EOS][EOS][EOS][EOS][EOS][EOS][EOS],9697.950836896896,42
11.6,O=c1c(Cl)c(NCC(O)c2cc(F)c(F)c(F)c2)cnn1-c1cccc(C(F)(F)F)c1,[BOS]O=c1c(Cl)c(NC[C@@H](O)c2cc(F)c(F)c(F)c2)cnn1-c1cccc(C(F)(F)F)c1[EOS][EOS][EOS][EOS][EOS][EOS],14846.986387491226,42
12.0,O=C(Nc1cc(-c2ccccc2)c(F)cc1F)Oc1ccccc1N1C(=O)c2ccc(Cl)cc2C1=O,[BOS]O=C(Nc1cc(-c2ccccc2)c(F)cc1F)Oc1ccccc1N1C(=O)c2cc(Cl)ccc2C1=O[EOS],19873.12787413597,42
12.9,O=C(c1cccc2ccncc12)N1CCC(OC2CCN(C(=O)C3Cc4ccccc4C[NH2+]3)CC2)CC1,[BOS]O=C(c1cccc2ccncc12)N1CCC(OC2CCN(C(=O)[C@@H]3Cc4ccccc4C[NH2+]3)CC2)CC1[EOS],25380.561088085175,42
13.4,Cc1ccc(C(=O)Nc2n[nH]c3ccc(F)cc23)cc1C(=O)Nc1cccc(-c2ccccc2Cl)c1,[BOS]Cc1ccc(C(=O)Nc2n[nH]c3ccc(F)cc23)cc1C(=O)Nc1cccc(-c2ccccc2Cl)c1[EOS],30422.352675914764,42
12.4,O=c1[nH]c(Br)cc2ccc(Sc3c(F)ccc(C([NH2+]C4CCOCC4F)c4ccc5ccccc5c4)c3Cl)cc12,[BOS]Fc1ccc([C@H]([NH2+][C@@H]2CCOC[C@@H]2F)c2ccc3ccccc3c2)c(Cl)c1Sc1ccc2cc(Br)[nH]c(=O)c2c1[EOS],34865.11857295036,42
11.5,O=C(NCC1CCc2ccccc2C1)c1cn(-c2ccccc2)nc1-c1ccc(Cl)cc1,[BOS]O=C(NC[C@H]1CCc2ccccc2C1)c1cn(-c2ccccc2)nc1-c1ccc(Cl)cc1[EOS],39093.99441027641,42
12.2,Fc1ccc(-c2nnc3ccc(NCc4cc(F)cc5c4OC(F)(F)C5)nn23)cc1,[BOS]Fc1cc2c(c(CNc3ccc4nnc(-c5ccc(F)cc5)n4n3)c1)OC(F)(F)C2[EOS],42863.50685214996,42
12.5,Fc1ccc2nc(NCc3cccc4cc[nH]c34)ncc2c1OCc1cccc(C2CN3CCC4C=CC=NC4C3N2)c1,[BOS]Fc1ccc2nc(NCc3cccc4cc[nH]c34)ncc2c1OCc1cccc(C2CN3CCC4C=CC=NC4C3N2)c1[EOS],47645.88953280449,42
11.2,CC(=O)NC1(c2nc(Cc3cccc4ccccc34)no2)CCCCC1,[BOS]CC(=O)NC1(c2nc(Cc3cccc4ccccc34)no2)CCCCC1[EOS],51238.70620417595,42
13.5,O=C(Nc1cccc(-c2[nH+]cc3n2CCCC3)c1)C(=O)N1CCC2(CCC2)c2cc(F)ccc21,[BOS]O=C(Nc1cccc(-c2[nH+]cc3n2CCCC3)c1)C(=O)N1CCC2(CCC2)c2cc(F)ccc21[EOS],55964.934821367264,42
12.5,Cc1onc(-c2ccccc2Cl)c1-c1nc(C(F)(F)F)nc2cc3c(cc12)OC(F)(F)OC3,[BOS]Cc1onc(-c2ccccc2Cl)c1-c1nc(C(F)(F)F)nc2cc3c(cc12)OC(F)(F)OC3[EOS],4584.177733182907,42
13.9,Oc1oc2ccc(On3cc(-c4cccc5ccccc45)oc3=S)nc2c1-n1nc2c3c(cccc31)CCc1ccccc1-2,[BOS]S=C1oc(-c2cccc3ccccc23)cn1Oc1ccc2oc(O)c(N3N=C4c5ccccc5CCc5cccc3c54)c2n1[EOS],11093.281568527222,42
12.3,Cc1ccc(CCC(=O)N2CCCCC2c2cc(NC(=O)C3Cc4ccccc4C3)n[nH]2)c2ccccc12,[BOS]Cc1ccc(CCC(=O)N2CCCC[C@@H]2c2cc(NC(=O)C3Cc4ccccc4C3)n[nH]2)c2ccccc12[EOS],17075.144892692566,42
12.7,O=C(CN1C(=O)N=C(O)C(=Cc2ccc(OCc3cccc4ccccc34)c(I)c2)C1=O)c1ccc2c(c1)OCCCO2,[BOS]O=C(CN1C(=O)N=C(O)C(=Cc2ccc(OCc3cccc4ccccc34)c(I)c2)C1=O)c1ccc2c(c1)OCCCO2[EOS][EOS][EOS][EOS][EOS],23968.00380706787,42
13.1,O=C(c1cn2ccccc2n1)c1ccc(CC2CCCCCN2Cc2cc(-c3ccccc3)ccc2O)c2ccccc12,[BOS]O=C(c1cn2ccccc2n1)c1ccc(CC2CCCCCN2Cc2cc(-c3ccccc3)ccc2O)c2ccccc12[EOS],30216.869221687317,42
13.9,O=c1c2ccccc2c(-c2ccc(-c3nnc4c5ccccc5ccn34)o2)nn1CCc1cccc2ccccc12,[BOS]O=c1c2ccccc2c(-c2ccc(-c3nnc4c5ccccc5ccn34)o2)nn1CCc1cccc2ccccc12[EOS],36245.83648562431,42
13.3,O=C(NC(Cc1n[nH]nc1-c1nc2cccnc2[nH]1)c1cccc2ccccc12)c1ccc(Cl)cc1,[BOS]O=C(NC(Cc1n[nH]nc1-c1nc2cccnc2[nH]1)c1cccc2ccccc12)c1ccc(Cl)cc1[EOS],42782.6326341629,42
11.9,COc1ccc2ccc(CC(=O)N3CC([NH+](C)C)Cc4cccc(F)c43)cc2c1,[BOS]COc1ccc2ccc(CC(=O)N3C[C@H]([NH+](C)C)Cc4cccc(F)c43)cc2c1[EOS],47134.71317410469,42
12.3,O=C1NCCC12C[NH+](Cc1cc(Br)ccc1C(F)(F)F)CC2c1ccccc1,[BOS]O=C1NCC[C@]12C[NH+](Cc1cc(Br)ccc1C(F)(F)F)C[C@H]2c1ccccc1[EOS],51751.01335811615,42
12.4,Cc1ccc(OCc2cccc(C(=O)Oc3ccc(C(=O)NCc4cccc(C(N)=O)c4)cc3)c2)cn1,[BOS]Cc1ccc(OCc2cccc(C(=O)Oc3ccc(C(=O)NCc4cccc(C(N)=O)c4)cc3)c2)cn1[EOS],57605.041546583176,42
12.0,O=S(=O)(c1cccc2cccnc12)N1CCCC(c2nnc3ccc(C(F)(F)F)cn23)C1,[BOS]O=S(=O)(c1cccc2cccnc12)N1CCC[C@H](c2nnc3ccc(C(F)(F)F)cn23)C1[EOS],61522.7093667984,42
14.6,[N-]=[N+]=Nc1ccc(C2(c3nc4ccccc4[nH]3)CCC(c3ccccc3)CC2)cc1Oc1cccc2ccccc12,[BOS][N-]=[N+]=Nc1ccc(C2(c3nc4ccccc4[nH]3)CCC(c3ccccc3)CC2)cc1Oc1cccc2ccccc12[EOS],66493.274933815,42
12.0,O=C(NCc1cccnc1-n1cnc2ccccc21)NC1C[NH+](Cc2ccccc2)CC1c1ccccc1,[BOS]O=C(NCc1cccnc1-n1cnc2ccccc21)N[C@@H]1C[NH+](Cc2ccccc2)C[C@H]1c1ccccc1[EOS],5402.307150363922,42
11.3,CCC(Nc1nnnn1-c1ccccc1)C(=O)Nc1nc2c(s1)CCCC2(C)C,[BOS]CC[C@H](Nc1nnnn1-c1ccccc1)C(=O)Nc1nc2c(s1)CCCC2(C)C[EOS],10073.04571390152,42
11.9,CC1Cc2cc(-c3noc(-c4cccc(-c5noc(-c6c[nH+]c7ccccn67)n5)c4)n3)ccc2O1,[BOS]C[C@H]1Cc2cc(-c3noc(-c4cccc(-c5noc(-c6c[nH+]c7ccccn67)n5)c4)n3)ccc2O1[EOS],14666.151701688766,42
12.8,NC(=O)c1cc2c([nH]c1=O)CCCC2NS(=O)(=O)C1=Cc2ccccc2CCC1,[BOS]NC(=O)c1cc2c([nH]c1=O)CCC[C@@H]2NS(=O)(=O)C1=Cc2ccccc2CCC1[EOS],19371.69226360321,42
13.1,O=C(c1nncc2ccccc12)N1CCC(c2nnc3cccc(-c4ccc5c(F)nc(O)nc5c4)n23)CC1,[BOS]O=C(c1nncc2ccccc12)N1CCC(c2nnc3cccc(-c4ccc5c(F)nc(O)nc5c4)n23)CC1[EOS],24237.149992465973,42
11.6,O=C(c1n[nH]c2c1CCCC2)N1CCCCC1c1ncc(Cc2ccc(F)cc2)o1,[BOS]O=C(c1n[nH]c2c1CCCC2)N1CCCC[C@H]1c1ncc(Cc2ccc(F)cc2)o1[EOS],29074.69683265686,42
11.6,O=C(Nc1ccc2c(n1)CCC2)NC(COc1cccc(F)c1)c1cccc(C(F)(F)F)c1,[BOS]O=C(Nc1ccc2c(n1)CCC2)N[C@H](COc1cccc(F)c1)c1cccc(C(F)(F)F)c1[EOS],33828.69324398041,42
12.8,Cc1cccc(N2CCC(C(=O)[NH+]=C(N)c3cccc4ccccc34)C2=O)c1C,[BOS]Cc1cccc(N2CC[C@@H](C(=O)[NH+]=C(N)c3cccc4ccccc34)C2=O)c1C[EOS],39134.29740071297,42
11.7,Cc1ccc(CC2CCC[NH+](Cc3nn(-c4ccc(F)cc4)c4c3CCC4)C2)cc1,[BOS]Cc1ccc(C[C@H]2CCC[NH+](Cc3nn(-c4ccc(F)cc4)c4c3CCC4)C2)cc1[EOS],44217.45235276222,42
12.0,O=C(Nc1ccc(F)cc1-c1ccc(F)cc1)N1CCCC1c1cccc2c1OCCO2,[BOS]O=C(Nc1ccc(F)cc1-c1ccc(F)cc1)N1CCC[C@@H]1c1cccc2c1OCCO2[EOS],48915.206379175186,42
12.3,CC1C([NH2+]Cc2ccc3ccc(F)cc3n2)Cc2ccccc2N1S(=O)(=O)c1cc2ccccc2[nH]1,[BOS]C[C@H]1[C@@H]([NH2+]Cc2ccc3ccc(F)cc3n2)Cc2ccccc2N1S(=O)(=O)c1cc2ccccc2[nH]1[EOS],54787.20451045036,42
14.3,Fc1ccccc1CN=c1c2ccccc2n(-c2cccc(Oc3cccc4ccccc34)c2)c2cc(Cl)ccc12,[BOS]Fc1ccccc1C/N=C1/c2ccccc2N(c2cccc(Oc3cccc4ccccc34)c2)c2cc(Cl)ccc21[EOS],59331.23367667198,42
11.8,O=C(c1[nH]c2cc(Cl)ccc2c1-c1nn[n-]n1)N1CCC(c2cccc(F)c2)C1,[BOS]O=C(c1[nH]c2cc(Cl)ccc2c1-c1nn[n-]n1)N1CC[C@@H](c2cccc(F)c2)C1[EOS],4910.1634130477905,42
12.4,O=C(NC1c2ccccc2CCC1F)c1ccc2c(c1)C(=O)N(CCc1ccccc1)C2=O,[BOS]O=C(N[C@H]1c2ccccc2CC[C@@H]1F)c1ccc2c(c1)C(=O)N(CCc1ccccc1)C2=O[EOS],9320.974128246307,42
12.9,Cc1ccc(C(c2ccccc2)c2nnc(-c3ccc(C)c4c3C(=O)CC(C)(C)O4)c3ccccc23)cc1,[BOS]Cc1ccc(-c2nnc([C@@H](c3ccccc3)c3ccc(C)cc3)c3ccccc23)c2c1OC(C)(C)CC2=O[EOS],13835.450722932816,42
13.7,O=C(c1cccc2ccccc12)N1CCCC1c1nc(C(F)(F)c2ccccc2)no1,[BOS]O=C(c1cccc2ccccc12)N1CCC[C@@H]1c1nc(C(F)(F)c2ccccc2)no1[EOS],18955.18091416359,42
12.7,O=C(Cc1noc2ccccc12)Nc1ncc2c(n1)CCCC2=Cc1ccnc2ccc(F)cc12,[BOS]O=C(Cc1noc2ccccc12)Nc1ncc2c(n1)CCCC2=Cc1ccnc2ccc(F)cc12[EOS],23288.460066080093,42
11.9,O=C(Cc1coc2cc3c(cc12)CCC3)N1CCCC2C[NH+](Cc3ccccc3)CC21,[BOS]O=C(Cc1coc2cc3c(cc12)CCC3)N1CCC[C@@H]2C[NH+](Cc3ccccc3)C[C@@H]21[EOS],27996.73865556717,42
11.7,CN1Cc2c(NS(=O)(=O)CCc3cccc4ccccc34)cccc2-n2c1nnc2C(F)(F)F,[BOS]CN1Cc2c(NS(=O)(=O)CCc3cccc4ccccc34)cccc2-n2c1nnc2C(F)(F)F[EOS][EOS][EOS][EOS][EOS][EOS],32116.391108751297,42
13.2,Cc1ccccc1C1CC(C)[NH+](CC(=O)Nc2cccc3c2C(=O)c2ccccc2C3=O)C1,[BOS]Cc1ccccc1[C@H]1C[C@H](C)[NH+](CC(=O)Nc2cccc3c2C(=O)c2ccccc2C3=O)C1[EOS],37400.029376506805,42
11.5,Cc1cc(CC(C)NC(=O)N2CC(c3ccccc3)c3ccccc32)n(-c2ccccc2)n1,[BOS]Cc1cc(C[C@H](C)NC(=O)N2C[C@H](c3ccccc3)c3ccccc32)n(-c2ccccc2)n1[EOS],42538.488713502884,42
13.7,O=c1oc2ccccc2c([O-])c1C(c1cccc(OCc2ccc3ccccc3[nH+]2)c1)C1NNNN1,[BOS]O=c1oc2ccccc2c([O-])c1C(c1cccc(OCc2ccc3ccccc3[nH+]2)c1)C1NNNN1[EOS],49604.88160610199,42
13.8,O=C(CCC1c2ccccc2C=CN1c1ccccc1-c1cccc2ccccc12)N1Cc2ccccc2-c2ccccc2C1=O,[BOS]O=C(CC[C@@H]1c2ccccc2C=CN1c1ccccc1-c1cccc2ccccc12)N1Cc2ccccc2-c2ccccc2C1=O[EOS],56539.807660102844,42
13.1,Cc1cccc(-c2cccc(-c3nc(Cc4ccc(N5CCc6ccccc6C5)c(C(F)(F)F)c4)co3)c2)c1C,[BOS]Cc1cccc(-c2cccc(-c3nc(Cc4ccc(N5CCc6ccccc6C5)c(C(F)(F)F)c4)co3)c2)c1C[EOS][EOS][EOS],60898.49013161659,42
11.2,CC(C)[NH+]1Cc2ccccc2CC1CNC(=O)c1cncc2ccccc12,[BOS]CC(C)[NH+]1Cc2ccccc2C[C@@H]1CNC(=O)c1cncc2ccccc12[EOS],4163.179720878601,42
12.0,CC(Nc1cccc2c1CNC(=O)C2)c1nc(-c2ccco2)nc(-c2ccc3c(c2)OCCO3)c1F,[BOS]C[C@@H](Nc1cccc2c1CNC(=O)C2)c1nc(-c2ccco2)nc(-c2ccc3c(c2)OCCO3)c1F[EOS],8814.579010725021,42
12.4,c1ccc2c(-c3cncc(OCc4cccc5cccnc45)c3)nccc2c1,[BOS]c1cnc2c(COc3cncc(-c4nccc5ccccc45)c3)cccc2c1[EOS],13657.464434623718,42
11.6,[NH3+]C(c1ccccc1)c1nc(-c2ccccc2-c2nc3ccccc3[nH]2)no1,[BOS][NH3+][C@H](c1ccccc1)c1nc(-c2ccccc2-c2nc3ccccc3[nH]2)no1[EOS],18170.16090798378,42
12.0,c1ccc(-c2cc(C[NH2+]C3CCN(c4nc5ccccc5s4)CC3)c3ccccc3n2)cc1,[BOS]c1ccc(-c2cc(C[NH2+]C3CCN(c4nc5ccccc5s4)CC3)c3ccccc3n2)cc1[EOS],22764.112312316895,42
12.1,Cc1c(F)ccc(C(=O)N2CCC(Nc3cccc(C(F)(F)F)c3)C2)c1F,[BOS]Cc1c(F)ccc(C(=O)N2CCC(Nc3cccc(C(F)(F)F)c3)C2)c1F[EOS],27467.81588077545,42
10.9,Cc1nn(-c2cccc3ccc(C(=N)O)cc23)c(=O)c2cc(OC(=O)c3ccc(Cl)cc3)ccc12,[BOS]Cc1nn(-c2cccc3ccc(C(=N)O)cc23)c(=O)c2cc(OC(=O)c3ccc(Cl)cc3)ccc12[EOS][EOS][EOS][EOS][EOS][EOS][EOS][EOS],31996.405589342117,42
11.8,Cn1c(Cc2noc(-c3c4ccccc4nc4ccccc34)n2)nc2ccccc2c1=O,[BOS]Cn1c(Cc2noc(-c3c4ccccc4nc4ccccc34)n2)nc2ccccc2c1=O[EOS],36615.76949548721,42
11.7,Cc1cnn(-c2cccc(C(N)=O)c2)c1Nc1ccc(F)c(C(=O)Nc2cccc(F)c2)c1,[BOS]Cc1cnn(-c2cccc(C(N)=O)c2)c1Nc1ccc(F)c(C(=O)Nc2cccc(F)c2)c1[EOS],41875.69660115242,42
12.8,CC1(c2ccc3ccccc3c2)NC(=O)N(C[NH+]2CCCC3(C2)CC3(F)F)C1=O,[BOS]C[C@]1(c2ccc3ccccc3c2)NC(=O)N(C[NH+]2CCC[C@@]3(C2)CC3(F)F)C1=O[EOS],47109.91809248924,42
11.7,Cc1cccc2c(CC(=O)Nc3nc4c(C(=O)[O-])cccc4[nH]3)coc12,[BOS]Cc1cccc2c(CC(=O)Nc3nc4c(C(=O)[O-])cccc4[nH]3)coc12[EOS],51101.00277853012,42
13.0,O=C(NCCc1cccc(-c2ccccc2)c1)N1CCCC(c2n[nH]c(C3CC3)n2)C1,[BOS]O=C(NCCc1cccc(-c2ccccc2)c1)N1CCC[C@H](c2n[nH]c(C3CC3)n2)C1[EOS],56366.93067288399,42
12.9,c1ccc(-c2c3ccccc3c(C[NH+]3CCC4(C3)OCc3ccccc34)c3ccccc23)cc1,[BOS]c1ccc2c(C[NH+]3CC[C@]4(C3)OCc3ccccc34)c3ccccc3c(-c3ccccc3)c2c1[EOS],4661.772957324982,42
11.8,O=C(c1ccccc1)N1CCC2CC([NH2+]C3(Cc4ccc(C(F)(F)F)cc4)CC[NH2+]C3)CCC2C1,[BOS]O=C(c1ccccc1)N1CC[C@@H]2C[C@H]([NH2+][C@@]3(Cc4ccc(C(F)(F)F)cc4)CC[NH2+]C3)CC[C@@H]2C1[EOS],10128.836364269257,42
13.3,O=C(NC1CCCc2ccccc21)c1nn(C2CCc3ccccc3CC2)c(=O)c2c(F)cccc12,[BOS]O=C(NC1CCCc2ccccc21)c1nn(C2CCc3ccccc3CC2)c(=O)c2c(F)cccc12[EOS],15263.200191497803,42
11.7,c1ccc(C2OCCCC2c2nc(-c3nccc4ccccc34)no2)cc1,[BOS]c1ccc([C@H]2OCCC[C@H]2c2nc(-c3nccc4ccccc34)no2)cc1[EOS],19618.317224502563,42
11.4,CCn1c(C(=O)OC(c2cccc(F)c2)c2cccc(Br)c2)cc2ccccc2c1=O,[BOS]CCn1c(C(=O)O[C@@H](c2cccc(F)c2)c2cccc(Br)c2)cc2ccccc2c1=O[EOS][EOS][EOS][EOS],24433.182778835297,42
13.5,O=C(CN1C(=O)CC(=Cc2cn(Cc3cccc4ccccc34)c3ccccc23)C1=O)N1CCc2ccccc2C1,[BOS]O=C(CN1C(=O)CC(=Cc2cn(Cc3cccc4ccccc34)c3ccccc23)C1=O)N1CCc2ccccc2C1[EOS],32092.44186258316,42
11.8,C=C(C)C1CC=C(C)C(Oc2c(-c3ccc(O)cc3O)oc3c(O)c(O)cc([O-])c3c2=O)C1,[BOS]C=C(C)[C@H]1CC=C(C)[C@@H](Oc2c(-c3ccc(O)cc3O)oc3c(O)c(O)cc([O-])c3c2=O)C1[EOS][EOS],36432.20091843605,42
11.3,O=C1NCCc2c(NC(=O)N(Cc3ccc(F)cc3F)C3CCCC3)cccc21,[BOS]O=C1NCCc2c(NC(=O)N(Cc3ccc(F)cc3F)C3CCCC3)cccc21[EOS][EOS][EOS][EOS][EOS][EOS][EOS][EOS],40643.82811832428,42
12.1,CC(C(=O)NC1(c2ccc(F)cc2)CCCCC1)N1C(=O)C(=O)c2ccccc21,[BOS]C[C@H](C(=O)NC1(c2ccc(F)cc2)CCCCC1)N1C(=O)C(=O)c2ccccc21[EOS],45440.860201358795,42
12.0,O=C(NCc1cc2ccccc2[nH]c1=O)NC1CCCC1c1cccc(C(F)(F)F)c1,[BOS]O=C(NCc1cc2ccccc2[nH]c1=O)N[C@H]1CCC[C@H]1c1cccc(C(F)(F)F)c1[EOS],50222.00189971924,42
13.2,O=S(=O)(c1ccc2ccccc2c1)N1CCC2(CC1)OCCc1cc(-c3cccc(F)c3)ccc12,[BOS]O=S(=O)(c1ccc2ccccc2c1)N1CCC2(CC1)OCCc1cc(-c3cccc(F)c3)ccc12[EOS],54737.95998263359,42
12.7,O=C(Cc1ccc2ccccc2c1)N1CCOCC2(C1)CN(C(=O)C1CCc3ccccc31)CCO2,[BOS]O=C(Cc1ccc2ccccc2c1)N1CCOC[C@@]2(C1)CN(C(=O)[C@H]1CCc3ccccc31)CCO2[EOS],59876.37963104248,42
13.2,Cc1cccc2c(NC3CC4CC3C3CCCC43)c(-c3nn[n-]n3)c[nH+]c12,[BOS]Cc1cccc2c(N[C@@H]3C[C@H]4C[C@H]3[C@@H]3CCC[C@@H]43)c(-c3nn[n-]n3)c[nH+]c12[EOS],3853.5579674243927,42
12.1,Cc1nc(C2CCCCN2C(=O)Cc2[nH]nc3ccccc23)nc2c1CCC(=O)N2C1CCCCC1,[BOS]Cc1nc([C@@H]2CCCCN2C(=O)Cc2[nH]nc3ccccc23)nc2c1CCC(=O)N2C1CCCCC1[EOS],9334.850656986237,42
11.9,Cc1ccccc1C1CN(C(=O)C(=O)Nc2ccccc2N2CC3CCC2C3)CCO1,[BOS]Cc1ccccc1[C@@H]1CN(C(=O)C(=O)Nc2ccccc2N2C[C@H]3CC[C@H]2C3)CCO1[EOS],14050.470780611038,42
13.0,O=C(NC1CC[NH+](C2CCN(C(=O)c3cccc4c3CCCC4)CC2)CC1)C1CNc2ccccc21,[BOS]O=C(NC1CC[NH+](C2CCN(C(=O)c3cccc4c3CCCC4)CC2)CC1)[C@@H]1CNc2ccccc21[EOS],20054.54875421524,42
12.0,Cc1[nH]ccc1C(=O)N1CCCCC1c1cc(NC(=O)Cc2ccc3c(c2)C(=O)c2ccccc2CO3)n[nH]1,[BOS]Cc1[nH]ccc1C(=O)N1CCCC[C@H]1c1cc(NC(=O)Cc2ccc3c(c2)C(=O)c2ccccc2CO3)n[nH]1[EOS],25248.04063796997,42
12.8,O=C(c1ccccc1)N1CCOC2C[NH+](Cc3cccc(-c4ccc(C(F)(F)F)cc4)c3)CCC2C1,[BOS]O=C(c1ccccc1)N1CCO[C@@H]2C[NH+](Cc3cccc(-c4ccc(C(F)(F)F)cc4)c3)CC[C@@H]2C1[EOS],30669.54592680931,42
12.6,CC(F)(F)c1ccnc(-c2cc(C(=O)N3CC=C(c4c[nH]c5cnccc45)C3)cc3c2CCO3)c1,[BOS]CC(F)(F)c1ccnc(-c2cc(C(=O)N3CC=C(c4c[nH]c5cnccc45)C3)cc3c2CCO3)c1[EOS],35061.59252142906,42
13.7,Cc1cc(C)c2oc(Sc3nnc(-c4c[nH]c5ccccc45)n3Cc3ccc4c(c3)OCO4)c(C3CC3)c(=O)c2c1,[BOS]Cc1cc(C)c2oc(Sc3nnc(-c4c[nH]c5ccccc45)n3Cc3ccc4c(c3)OCO4)c(C3CC3)c(=O)c2c1[EOS],40303.657717466354,42
12.1,CN1Cc2c(NC(=O)N3CCNC(=O)C3c3ccc(OC(F)(F)F)cc3)cccc2C1=O,[BOS]CN1Cc2c(NC(=O)N3CCNC(=O)[C@@H]3c3ccc(OC(F)(F)F)cc3)cccc2C1=O[EOS][EOS][EOS][EOS][EOS][EOS][EOS][EOS],44408.601875543594,42
11.4,CC1(C(=O)Nc2ccc(C(=O)N3CCC(Cc4ccccc4)CC3)cc2)Oc2ccccc2NC1=O,[BOS]C[C@@]1(C(=O)Nc2ccc(C(=O)N3CCC(Cc4ccccc4)CC3)cc2)Oc2ccccc2NC1=O[EOS][EOS][EOS][EOS],49313.62894630432,42
12.0,COc1ccc(Cl)cc1-c1ccc(=O)n(Cc2cccc(C(O)Cc3c[nH]c4ccc(Cl)cc34)c2)c1,[BOS]COc1ccc(Cl)cc1-c1ccc(=O)n(Cc2cccc([C@@H](O)Cc3c[nH]c4ccc(Cl)cc34)c2)c1[EOS],54951.31394934654,42
12.4,O=C(NCc1c(O)ccc2c1CCCC2)c1cc(F)ccc1-c1cccc(C(F)(F)F)c1,[BOS]O=C(NCc1c(O)ccc2c1CCCC2)c1cc(F)ccc1-c1cccc(C(F)(F)F)c1[EOS],59692.83489179611,42
12.3,Cn1ncc2c(C(=O)N3C4CCC3CC(NC(=O)Cc3cccc5ncccc35)C4)cc(Br)cc21,[BOS]Cn1ncc2c(C(=O)N3[C@@H]4CC[C@H]3C[C@@H](NC(=O)Cc3cccc5ncccc35)C4)cc(Br)cc21[EOS],6118.919157505035,42
12.9,CC1(c2ccc3ccccc3c2)NC(=O)N(C[NH+]2CC3CC4CC3C2C4O)C1=O,[BOS]C[C@]1(c2ccc3ccccc3c2)NC(=O)N(C[NH+]2C[C@@H]3C[C@H]4C[C@H]3[C@@H]2[C@@H]4O)C1=O[EOS],11251.84063911438,42
12.2,O=C(Nc1ccc(Oc2nncc3ccccc23)cc1)C1CSC2(c3ccc(F)cc3)CCC(=O)N12,[BOS]O=C(Nc1ccc(Oc2nncc3ccccc23)cc1)[C@@H]1CS[C@]2(c3ccc(F)cc3)CCC(=O)N12[EOS],16952.817873477936,42
13.1,CC(c1nc2ccccc2c(=O)[nH]1)[NH+]1CCC2(CCOCC2)Oc2ccccc2C1,[BOS]C[C@@H](c1nc2ccccc2c(=O)[nH]1)[NH+]1Cc2ccccc2OC2(CCOCC2)CC1[EOS],21632.52566576004,42
14.0,O=C1c2cccc(C3CCCN3C(=O)Cc3ccc4cccccc3-4)c2CN1C(=O)c1cnc2n1NCCC2,[BOS]O=C(Cc1ccc2cccccc1-2)N1CCC[C@@H]1c1cccc2c1CN(C(=O)C1=CN=C3CCCNN31)C2=O[EOS],26529.40303516388,42
13.0,O=C(CCc1cnc2ccccc2c1)Nc1cc(C2CCCCN2C(=O)C23CC(F)(C2)C3)[nH]n1,[BOS]O=C(CCc1cnc2ccccc2c1)Nc1cc([C@@H]2CCCCN2C(=O)C23CC(F)(C2)C3)[nH]n1[EOS],32561.955406665802,42
12.8,Cc1cccc2[nH]c(C(=O)N3CCCCC3C3CCN(C(=O)c4cc(-c5ccccc5)no4)CC3)cc12,[BOS]Cc1cccc2[nH]c(C(=O)N3CCCC[C@@H]3C3CCN(C(=O)c4cc(-c5ccccc5)no4)CC3)cc12[EOS],38204.36836028099,42
12.6,O=C(CC1c2ccccc2Oc2ccccc21)N1CCC(O)(C(F)(F)F)Cn2nccc21,[BOS]O=C(C[C@@H]1c2ccccc2Oc2ccccc21)N1CCC(O)(C(F)(F)F)Cn2nccc21[EOS],43341.91080880165,42
13.0,CN1C(=O)CC(c2nc(-c3cccc4ccccc34)no2)c2cccc(Cl)c21,[BOS]CN1C(=O)C[C@H](c2nc(-c3cccc4ccccc34)no2)c2cccc(Cl)c21[EOS],47071.30919504166,42
12.8,O=C(Nc1cc(C2CCCCN2C(=O)Cc2ccc3ccccc3c2)[nH]n1)C1=NOC(c2ccccc2)C1,[BOS]O=C(Nc1cc([C@@H]2CCCCN2C(=O)Cc2ccc3ccccc3c2)[nH]n1)C1=NO[C@@H](c2ccccc2)C1[EOS],53005.19683074951,42
12.9,Cc1ccc2ccc(CC(=O)N3CC(C)OC(c4nc(C5CC5)no4)C3)cc2c1,[BOS]Cc1ccc2ccc(CC(=O)N3C[C@@H](c4nc(C5CC5)no4)O[C@@H](C)C3)cc2c1[EOS],57292.794599056244,42
11.5,Cc1ccc(-c2noc(Cc3noc(C(C)c4ccc5c(c4)OCO5)n3)n2)cc1,[BOS]Cc1ccc(-c2noc(Cc3noc([C@@H](C)c4ccc5c(c4)OCO5)n3)n2)cc1[EOS],61749.841361522675,42
12.3,Cc1ccccc1-c1ccccc1C(=O)N1CC[NH+](C2CCCN(c3cccc(F)c3)C2)CC1,[BOS]Cc1ccccc1-c1ccccc1C(=O)N1CC[NH+]([C@H]2CCCN(c3cccc(F)c3)C2)CC1[EOS],4750.069233417511,42
13.3,O=C(c1ccc2ccccc2c1)c1cc(-c2ccc(OC(=O)C3CCCCC3)cc2)nc2ccccc12,[BOS]O=C(c1ccc2ccccc2c1)c1cc(-c2ccc(OC(=O)C3CCCCC3)cc2)nc2ccccc12[EOS][EOS][EOS],9646.026406049728,42
11.9,O=C(Nc1cc2c(Oc3ccccc3)nccc2cn1)C1CC(F)CN1C(=O)CCc1ccc2ccccc2n1,[BOS]O=C(CCc1ccc2ccccc2n1)N1C[C@@H](F)C[C@H]1C(=O)Nc1cc2c(Oc3ccccc3)nccc2cn1[EOS],14669.433235883713,42
12.5,Nc1nc(Cc2noc(-c3cccc(CNC(=O)c4ccccc4F)c3)n2)nc(Nc2ccccc2)n1,[BOS]Nc1nc(Cc2noc(-c3cccc(CNC(=O)c4ccccc4F)c3)n2)nc(Nc2ccccc2)n1[EOS],20849.797729730606,42
11.7,Cc1ccc(F)c2c1CCCN2S(=O)(=O)c1cc2c(cc1F)CCC(=O)N2,[BOS]Cc1ccc(F)c2c1CCCN2S(=O)(=O)c1cc2c(cc1F)CCC(=O)N2[EOS],24769.92884683609,42
13.5,O=C(NC1CCc2ccccc21)c1cccnc1Nc1ccc2c(c1)CCN2CCC1CCCOc2cccc(F)c21,[BOS]O=C(N[C@@H]1CCc2ccccc21)c1cccnc1Nc1ccc2c(c1)CCN2CC[C@@H]1CCCOc2cccc(F)c21[EOS],30822.09505558014,42
12.8,Cc1cccc2c(C(=O)N3CCC(C4CCCCN4C(=O)c4[nH]nc5c4CCc4ncccc4-5)CC3)[nH]nc12,[BOS]Cc1cccc2c(C(=O)N3CCC([C@@H]4CCCCN4C(=O)c4[nH]nc5c4CCc4ncccc4-5)CC3)[nH]nc12[EOS],37154.356939554214,42
13.6,Cc1cccc2nn(C3CCc4ccccc4C3)c(Cc3cccc4c(Br)nn(F)c(=O)c34)c12,[BOS]Cc1cccc2nn([C@@H]3CCc4ccccc4C3)c(Cc3cccc4c(Br)nn(F)c(=O)c34)c12[EOS],41541.192502737045,42
12.2,CC1C(C(F)(F)F)OC(=O)N1c1ncccc1N=Cc1c(O)ccc2ccccc12,[BOS]C[C@H]1[C@H](C(F)(F)F)OC(=O)N1c1ncccc1/N=C\c1c(O)ccc2ccccc12[EOS],46518.92444944382,42
14.1,O=C1CC(c2c(-c3ccccc3)c3ccccc3oc2=O)Oc2cc(Oc3ccc4ccccc4c3)c(Cl)cc21,[BOS]O=C1C[C@H](c2c(-c3ccccc3)c3ccccc3oc2=O)Oc2cc(Oc3ccc4ccccc4c3)c(Cl)cc21[EOS],52468.400918483734,42
12.1,Cc1cc(F)c2[nH]c(=O)c(CC(=O)N3CC(Cc4cccc(C(F)(F)F)c4)C3)cc2c1,[BOS]Cc1cc(F)c2[nH]c(=O)c(CC(=O)N3CC(Cc4cccc(C(F)(F)F)c4)C3)cc2c1[EOS][EOS][EOS][EOS][EOS][EOS],57090.96237897873,42
12.9,O=C(Nc1ccc2nc(-c3cccc4ccccc34)nn2c1)c1nccc2cc[nH]c12,[BOS]O=C(Nc1ccc2nc(-c3cccc4ccccc34)nn2c1)c1nccc2cc[nH]c12[EOS],61345.237263679504,42
11.1,CC(=O)N1Cc2ccccc2CC1C(=O)OCN1C(=O)c2ccccc2C1=O,[BOS]CC(=O)N1Cc2ccccc2C[C@H]1C(=O)OCN1C(=O)c2ccccc2C1=O[EOS],4576.26233959198,42
12.1,Cc1ccc(F)c2c1CCCN2S(=O)(=O)c1ccc2[nH]c(=O)cc(C)c2c1,[BOS]Cc1ccc(F)c2c1CCCN2S(=O)(=O)c1ccc2[nH]c(=O)cc(C)c2c1[EOS],8491.257451534271,42
14.2,Cn1cc(-c2nc3ccccn3c2N=Nc2n[nH]c3ccccc23)c(-c2ccc3c(c2)CCNC3=O)n1,[BOS]Cn1cc(-c2nc3ccccn3c2/N=N/c2n[nH]c3ccccc23)c(-c2ccc3c(c2)CCNC3=O)n1[EOS],13343.086235284805,42
13.5,O=C1OC(c2ccc3c(c2)OCO3)C(C(=O)Oc2ccc3cccnc3c2)c2ccccc21,[BOS]O=C(Oc1ccc2cccnc2c1)[C@H]1c2ccccc2C(=O)O[C@H]1c1ccc2c(c1)OCO2[EOS],18476.21681714058,42
12.0,Cn1ccc2ccc(-c3ccccc3C(=O)N3CCC(=O)CC3)cc2c1=O,[BOS]Cn1ccc2ccc(-c3ccccc3C(=O)N3CCC(=O)CC3)cc2c1=O[EOS][EOS],21853.832591295242,42
11.5,CC1(c2cccc(NC(=O)c3ccccc3Nc3cccc(C(F)(F)F)c3)c2)COc2ccccc2O1,[BOS]C[C@@]1(c2cccc(NC(=O)c3ccccc3Nc3cccc(C(F)(F)F)c3)c2)COc2ccccc2O1[EOS],26824.348749160767,42
14.0,O=C(Cc1cccc2ccccc12)Nc1ccccc1-c1nn(-c2ccc(F)cc2)c2c1CC[NH2+]CCC2,[BOS]O=C(Cc1cccc2ccccc12)Nc1ccccc1-c1nn(-c2ccc(F)cc2)c2c1CC[NH2+]CCC2[EOS],32578.664907217026,42
12.1,Cc1nc2c(C)cccn2c1C(O)=NC(C)c1cccc(-c2ccc3oc(=N)[nH]c3c2)c1OC1C=C2CCCCC2[NH+]=N1,[BOS]Cc1nc2c(C)cccn2c1C(O)=N[C@@H](C)c1cccc(-c2ccc3oc(=N)[nH]c3c2)c1O[C@H]1C=C2CCCCC2[NH+]=N1[EOS],37418.22520780563,42
11.9,COc1c(C(=O)NCC2OCC3CCN(C(=O)Cc4noc5ccccc45)CC32)cc2ccccc2c1F,[BOS]O=C(NC[C@@H]1OC[C@@H]2CCN(C(=O)Cc3noc4ccccc34)C[C@@H]21)c1cc2ccccc2c(F)c1OC[EOS],43893.10471701622,42
14.7,Cc1cccc(-c2cc(C)nc(-c3ncccc3-c3ccc(C4c5sccc5-c5ccccc5C4(C)Cl)cc3)c2)c1,[BOS]Cc1cccc(-c2cc(C)nc(-c3ncccc3-c3ccc(C4c5sccc5-c5ccccc5[C@]4(C)Cl)cc3)c2)c1[EOS],50005.87518644333,42
12.3,Cc1c(C(=O)Oc2ccc(C(=O)c3ccccc3)cc2)oc2c1c(=O)[nH]c1cc(C(F)(F)F)ccc12,[BOS]Cc1c(C(=O)Oc2ccc(C(=O)c3ccccc3)cc2)oc2c1c(=O)[nH]c1cc(C(F)(F)F)ccc12[EOS],55192.863122701645,42
12.4,C[NH+]1CCCn2nc(C(=O)Nc3cc(C4CCCCN4C(=O)C4Cc5ccccc5C4)[nH]n3)cc2C1,[BOS]C[NH+]1CCCn2nc(C(=O)Nc3cc([C@@H]4CCCCN4C(=O)C4Cc5ccccc5C4)[nH]n3)cc2C1[EOS],60140.10184049606,42
11.9,CC1(c2cccc(C(=O)N3C4C=C(c5ccccc5)CC3CC4)c2)NC(=O)NC1=O,[BOS]C[C@]1(c2cccc(C(=O)N3[C@@H]4CC[C@@H]3C=C(c3ccccc3)C4)c2)NC(=O)NC1=O[EOS],4550.418292284012,42
12.5,O=C(Nc1cc(C2CCCCN2C(=O)C2ON=C(c3ccccc3)O2)[nH]n1)C1Cc2ccccc2C[NH2+]1,[BOS]O=C(Nc1cc([C@@H]2CCCCN2C(=O)[C@H]2ON=C(c3ccccc3)O2)[nH]n1)[C@@H]1Cc2ccccc2C[NH2+]1[EOS],10198.58866071701,42
11.9,Cc1ccc(S(=O)(=O)n2cc(S(=O)(=O)NC3CC3c3c(F)cccc3F)c3ccccc32)cc1,[BOS]Cc1ccc(S(=O)(=O)n2cc(S(=O)(=O)N[C@@H]3C[C@H]3c3c(F)cccc3F)c3ccccc32)cc1[EOS],15913.149757862091,42
12.2,O=C(OC(C(=O)Nc1ccc2c(c1)CCC2)c1ccccc1)c1cnn(-c2ccccn2)c1C(F)(F)F,[BOS]O=C(O[C@H](C(=O)Nc1ccc2c(c1)CCC2)c1ccccc1)c1cnn(-c2ccccn2)c1C(F)(F)F[EOS][EOS][EOS][EOS][EOS][EOS][EOS],21434.46277809143,42
13.2,O=C(NC1CC2CCC(C1)N2C(=O)Cc1cccc2ccccc12)C1COc2ccccc2O1,[BOS]O=C(N[C@H]1C[C@H]2CC[C@@H](C1)N2C(=O)Cc1cccc2ccccc12)[C@H]1COc2ccccc2O1[EOS],27466.393570899963,42
11.8,CC1[NH+]=C(C(=O)N2CCN(C(=O)c3cccc4ccccc34)CC2)NN(c2ccccc2)C1=O,[BOS]C[C@H]1[NH+]=C(C(=O)N2CCN(C(=O)c3cccc4ccccc34)CC2)NN(c2ccccc2)C1=O[EOS],32313.20169568062,42
13.4,Cc1ccccc1-c1ccc(C)c(-c2cc(C(F)(F)F)cn(-c3cc(C(F)(F)F)c(C)cn3)c2=O)c1,[BOS]Cc1ccc(-c2ccccc2C)cc1-c1cc(C(F)(F)F)cn(-c2cc(C(F)(F)F)c(C)cn2)c1=O[EOS],36972.39509129524,42
12.1,CC(NC(=O)c1cc(=O)[nH]c2c(Br)cccc12)c1ccc(-c2ccc(F)cc2)cc1,[BOS]C[C@@H](NC(=O)c1cc(=O)[nH]c2c(Br)cccc12)c1ccc(-c2ccc(F)cc2)cc1[EOS],41249.52185344696,42
11.7,Cc1cccc(NCc2cc(-c3ccccc3F)ccc2O)c1-c1nn[n-]n1,[BOS]Cc1cccc(NCc2cc(-c3ccccc3F)ccc2O)c1-c1nn[n-]n1[EOS],45985.031269311905,42
11.0,OC1CCCC(c2nc(Cc3cccc4ccccc34)no2)C1,[BOS]O[C@H]1CCC[C@H](c2nc(Cc3cccc4ccccc34)no2)C1[EOS],49929.50322556496,42
11.8,Cc1ccccc1C1CN(C(=O)Cc2coc3cc4ccccc4cc23)C(C)CO1,[BOS]Cc1ccccc1[C@H]1CN(C(=O)Cc2coc3cc4ccccc4cc23)[C@H](C)CO1[EOS],54342.58985376358,42
12.6,O=C(NCC1OCC2CCN(C(=O)C3(c4ccc(F)c(F)c4)CC3)CC21)c1cccc2ccccc12,[BOS]O=C(NC[C@@H]1OC[C@@H]2CCN(C(=O)C3(c4ccc(F)c(F)c4)CC3)C[C@@H]21)c1cccc2ccccc12[EOS],60172.0637717247,42
13.8,O=C(Nc1ccc2ccccc2n1)C(F)(F)c1ncccc1-c1nc2cc3c(cc2[nH]1)OC(F)(F)O3,[BOS]O=C(Nc1ccc2ccccc2n1)C(F)(F)c1ncccc1-c1nc2cc3c(cc2[nH]1)OC(F)(F)O3[EOS],4929.2528467178345,42
11.6,CNC(=O)c1cc(Oc2cc(C)ccc2NS(=O)(=O)c2cc3c(cc2F)CCC(=O)N3)ccn1,[BOS]CNC(=O)c1cc(Oc2cc(C)ccc2NS(=O)(=O)c2cc3c(cc2F)CCC(=O)N3)ccn1[EOS][EOS][EOS],10170.065078496933,42
12.9,Cc1cccc(-c2cccc(C(=O)N3CC(=O)Nc4c(F)cccc43)n2)c1F,[BOS]Cc1cccc(-c2cccc(C(=O)N3CC(=O)Nc4c(F)cccc43)n2)c1F[EOS],14029.788427352905,42
12.3,Cc1ccnc2c(S(=O)(=O)N3CC(c4ccc(F)cc4)c4cccnc43)cc(C(C)C)cc12,[BOS]Cc1ccnc2c(S(=O)(=O)N3C[C@H](c4ccc(F)cc4)c4cccnc43)cc(C(C)C)cc12[EOS],18106.205079078674,42
14.6,Cc1ccc2c(c1)c1ccc(-c3ccccc3)nc1n2-c1c(-c2c(F)ccc3ccc(C)nc23)ccc2ccccc12,[BOS]Cc1ccc2ccc(F)c(-c3ccc4ccccc4c3-n3c4ccc(C)cc4c4ccc(-c5ccccc5)nc43)c2n1[EOS],23210.684877872467,42
11.7,FC(F)(F)c1n[nH]c(Cc2nc(-c3ccccc3Oc3ccc4ccccc4c3)no2)n1,[BOS]FC(F)(F)c1n[nH]c(Cc2nc(-c3ccccc3Oc3ccc4ccccc4c3)no2)n1[EOS],28315.329648971558,42
12.4,Brc1c[nH]nc1C1=N[NH+](Cc2cccc3ccccc23)C(c2ccccc2)C1,[BOS]c1ccc(C2CC(c3n[nH]cc3Br)=N[NH+]2Cc2cccc3ccccc23)cc1[EOS],33641.92776322365,42
12.0,[NH3+]CC1CCN(C(=O)c2cccc(-c3ccccc3C(F)(F)F)c2)c2ccccc21,[BOS][NH3+]C[C@H]1CCN(C(=O)c2cccc(-c3ccccc3C(F)(F)F)c2)c2ccccc21[EOS],37992.976893901825,42
13.0,CC(NC(=O)c1cccc2cc(N)ccc12)C1CCN(c2nccc3[nH]c4c(Cl)cccc4c23)CC1,[BOS]C[C@@H](NC(=O)c1cccc2cc(N)ccc12)C1CCN(c2nccc3[nH]c4c(Cl)cccc4c23)CC1[EOS],43246.71307682991,42
11.5,Fc1ccc(C[NH2+]C2CCCc3cc(-c4nn[n-]n4)ccc32)c2[nH]ccc12,[BOS]Fc1ccc(C[NH2+][C@H]2CCCc3cc(-c4nn[n-]n4)ccc32)c2[nH]ccc12[EOS],47409.905524492264,42
11.9,Cc1cccc(C(=O)OC2CCc3ccc(F)cc32)c1NC(=O)c1ccccc1F,[BOS]Cc1cccc(C(=O)O[C@H]2CCc3ccc(F)cc32)c1NC(=O)c1ccccc1F[EOS],52250.58170437813,42
12.3,Cc1nn(-c2ccc(C#N)c(Cc3ccc4cccnc4c3)c2)c2c1C(=O)CC(C)(C)C2,[BOS]Cc1nn(-c2ccc(C#N)c(Cc3ccc4cccnc4c3)c2)c2c1C(=O)CC(C)(C)C2[EOS],57080.42236495018,42
13.6,COc1ccc2ccccc2c1C=COC(=O)c1ccc2c(c1)CC(C)N2S(=O)(=O)c1ccc2ccccc2c1,[BOS]COc1ccc2ccccc2c1C=COC(=O)c1ccc2c(c1)C[C@@H](C)N2S(=O)(=O)c1ccc2ccccc2c1[EOS],5640.760117769241,42
12.4,Fc1ccc(C(NCC2Cc3ccccc3O2)c2nnc(-c3ccccc3)c3ccccc23)cc1F,[BOS]Fc1ccc([C@H](NCC2Cc3ccccc3O2)c2nnc(-c3ccccc3)c3ccccc23)cc1F[EOS],10085.873197317123,42
11.5,Cc1noc(CC(NC(=O)N2CCCC2c2cc3ccccc3[nH]2)c2ccccc2)n1,[BOS]Cc1noc(C[C@@H](NC(=O)N2CCC[C@H]2c2cc3ccccc3[nH]2)c2ccccc2)n1[EOS],14843.490319013596,42
13.6,O=S(=O)(C1c2ccccc2-c2ccccc21)N1CC2CC(C1)c1cc3c(cc12)CCCC3,[BOS]O=S(=O)(C1c2ccccc2-c2ccccc21)N1C[C@H]2C[C@@H](C1)c1cc3c(cc1-2)CCCC3[EOS],19570.403681516647,42
13.1,O=C(Nc1cccc(-c2cccc(F)c2)c1)c1cc(F)ccc1C1=CC=C2C=CC3=CC=CC=CC21c1ccccc13,[BOS]O=C(Nc1cccc(-c2cccc(F)c2)c1)c1cc(F)ccc1-c1ccc2ccc3cccccc1-2c1ccccc1-3[EOS],24244.3150472641,42
11.7,O=C(NCC(O)c1cc2ccccc2s1)C([NH2+]C1c2ccccc2-c2ccccc21)c1ccccc1,[BOS]O=C(NC[C@H](O)c1cc2ccccc2s1)[C@@H]([NH2+]C1c2ccccc2-c2ccccc21)c1ccccc1[EOS][EOS][EOS][EOS][EOS][EOS][EOS],29677.699037075043,42
12.3,Cc1ccc(CC2CCC[NH+](C(C)C(=O)Nc3ccc4c(c3)C(=O)c3ccccc3C4=O)C2)cc1,[BOS]Cc1ccc(C[C@@H]2CCC[NH+]([C@@H](C)C(=O)Nc3ccc4c(c3)C(=O)c3ccccc3C4=O)C2)cc1[EOS],35081.98602294922,42
13.0,O=C(c1ccc2c(c1)CCC2)N1CCCC1c1nc2nc(-c3ccc4sc(-n5ccnn5)nc4c3)ccc2[nH]1,[BOS]O=C(c1ccc2c(c1)CCC2)N1CCC[C@H]1c1nc2nc(-c3ccc4sc(-n5ccnn5)nc4c3)ccc2[nH]1[EOS][EOS][EOS][EOS][EOS],39569.157284259796,42
11.6,CC1Cc2cccc(C(=O)NC(C)c3cccc(NC(=O)Cc4ccccc4F)c3)c2O1,[BOS]C[C@H]1Cc2cccc(C(=O)N[C@@H](C)c3cccc(NC(=O)Cc4ccccc4F)c3)c2O1[EOS],44016.65646147728,42
12.4,O=C(Oc1cc2ccccc2cc1C(=O)NCc1ccc(F)c(F)c1)c1ccc2[nH]c(=O)[nH]c(=O)c2c1,[BOS]O=C(NCc1ccc(F)c(F)c1)c1cc2ccccc2cc1OC(=O)c1ccc2[nH]c(=O)[nH]c(=O)c2c1[EOS],50000.927072286606,42
11.6,O=C(Cc1cncc2ccccc12)NC1CCc2ccccc2NC1=O,[BOS]O=C(Cc1cncc2ccccc12)N[C@H]1CCc2ccccc2NC1=O[EOS],54361.37860369682,42
14.0,SC(c1ccc2ccc3ccccc3c2n1)C(c1ccccc1)c1cccc(-c2cccc3c2[nH]c2ccccc23)c1,[BOS]S[C@H](c1ccc2ccc3ccccc3c2n1)[C@@H](c1ccccc1)c1cccc(-c2cccc3c2[nH]c2ccccc23)c1[EOS],60214.562807798386,42
12.1,Cc1oc(-c2ccnc3ccccc23)nc1CCNC(C)c1cccc2ccccc12,[BOS]Cc1oc(-c2ccnc3ccccc23)nc1CCNC(C)c1cccc2ccccc12[EOS],5279.120637655258,42
13.4,O=C(Nc1ccc(Nc2ccc(F)cc2)c2cccnc12)C1CCN(c2ccc3nnc(C(F)(F)F)n3n2)CC1,[BOS]O=C(Nc1ccc(Nc2ccc(F)cc2)c2cccnc12)C1CCN(c2ccc3nnc(C(F)(F)F)n3n2)CC1[EOS],10428.360906362534,42
11.6,Cc1cc(N2CC(c3nn(CC(=O)NC4CCCCCCC4)c(=O)c4ccccc34)CC2=O)ccc1F,[BOS]Cc1cc(N2C[C@H](c3nn(CC(=O)NC4CCCCCCC4)c(=O)c4ccccc34)CC2=O)ccc1F[EOS][EOS][EOS],15432.667155504227,42
12.4,O=C1Nc2c(cccc2C(=O)N2CCCC3(CCN(C(=O)c4cc5cc[nH]c5cc4F)CC3)C2)C1=O,[BOS]O=C1Nc2c(cccc2C(=O)N2CCCC3(CCN(C(=O)c4cc5cc[nH]c5cc4F)CC3)C2)C1=O[EOS],20576.179213285446,42
12.6,Cc1nc(-c2cccc(-c3nc(-c4ccc5c(c4)COC5c4ccc(F)cc4)no3)c2)oc1C,[BOS]Cc1nc(-c2cccc(-c3nc(-c4ccc5c(c4)CO[C@@H]5c4ccc(F)cc4)no3)c2)oc1C[EOS],24936.45436835289,42
11.8,Cc1ccc(C)c(NS(=O)(=O)c2cc(C(=O)N3Cc4ccc(O)cc4C3)ccc2C)c1,[BOS]Cc1ccc(C)c(NS(=O)(=O)c2cc(C(=O)N3Cc4ccc(O)cc4C3)ccc2C)c1[EOS],30137.557147979736,42
14.0,Fc1ccc(-c2c(F)cc(F)c3nc(-c4ncoc4-c4cccc(C(F)(F)F)c4)cc(-c4ccccc4F)c23)c(F)c1,[BOS]Fc1cc(F)c2nc(-c3ncoc3-c3cccc(C(F)(F)F)c3)cc(-c3ccccc3F)c2c1-c1ccc(F)cc1F[EOS],34904.69298696518,42
12.2,CCC1Cc2c(Br)cccc2CN1c1nc(-c2cccnc2)nc2ccccc12,[BOS]CC[C@H]1Cc2c(Br)cccc2CN1c1nc(-c2cccnc2)nc2ccccc12[EOS],38521.22365784645,42
11.6,Cc1ccc(C(=O)N2CCCC(C(=O)N3CC(c4cccc(F)c4)OCC3(C)Cl)C2)cc1,[BOS]Cc1ccc(C(=O)N2CCC[C@H](C(=O)N3C[C@H](c4cccc(F)c4)OCC3(Cl)C)C2)cc1[EOS],43025.778220415115,42
11.6,O=C(c1ccn(-c2ccc(C(F)(F)F)cc2)n1)N1CC=C(c2c[nH]c3ccccc23)CC1,[BOS]O=C(c1ccn(-c2ccc(C(F)(F)F)cc2)n1)N1CC=C(c2c[nH]c3ccccc23)CC1[EOS][EOS][EOS][EOS][EOS][EOS],47302.02780222893,42
13.0,O=C(NC1CC2CCC(C1)N2C(=O)Cc1ccc2ccccc2c1)c1n[nH]c2cc(-c3ccccc3)ccc12,[BOS]O=C(N[C@H]1C[C@H]2CC[C@@H](C1)N2C(=O)Cc1ccc2ccccc2c1)c1n[nH]c2cc(-c3ccccc3)ccc12[EOS],52882.094859838486,42
12.4,O=C(NCc1cccc2ccccc12)c1ccccc1NS(=O)(=O)c1ccc2c(c1)OCCCO2,[BOS]O=C(NCc1cccc2ccccc12)c1ccccc1NS(=O)(=O)c1ccc2c(c1)OCCCO2[EOS][EOS][EOS][EOS][EOS][EOS][EOS],57949.31863117218,42
11.4,Cn1nc(-c2ccccc2)nc1NC(=O)CCn1nc2ccccn2c1=O,[BOS]Cn1nc(-c2ccccc2)nc1NC(=O)CCn1nc2ccccn2c1=O[EOS],4630.393721342087,42
11.2,O=C(Nc1ncccn1)N1CCCC(CC(=O)N2CCc3ccccc32)C1,[BOS]O=C(Nc1ncccn1)N1CCC[C@H](CC(=O)N2CCc3ccccc32)C1[EOS],8916.850797891617,42
12.3,Cc1ccc2nc(C[NH2+]CC3C4Cc5ccccc5C34)n(-c3ccccc3)c(=O)c2c1,[BOS]Cc1ccc2nc(C[NH2+]C[C@@H]3[C@@H]4Cc5ccccc5[C@H]34)n(-c3ccccc3)c(=O)c2c1[EOS],12965.524520397186,42
12.0,Cc1cc(C(=O)N2CCC([NH+]3CCC(NC(=O)C4CCc5ccccc5C4)CC3)CC2)cc2cn[nH]c12,[BOS]Cc1cc(C(=O)N2CCC([NH+]3CCC(NC(=O)[C@H]4CCc5ccccc5C4)CC3)CC2)cc2cn[nH]c12[EOS],18636.295159339905,42
13.2,FC(F)(F)c1cncc(-c2cccc3ccc(N4CCc5ccc(C6CC6)cc5C4)nc23)c1,[BOS]FC(F)(F)c1cncc(-c2cccc3ccc(N4CCc5ccc(C6CC6)cc5C4)nc23)c1[EOS],22690.208354711533,42
12.4,O=C(NCC1OCC2CCN(C(=O)Cc3ccc4ccccc4c3)CC21)c1ccncc1-c1ccccc1,[BOS]O=C(NC[C@@H]1OC[C@@H]2CCN(C(=O)Cc3ccc4ccccc4c3)C[C@@H]21)c1ccncc1-c1ccccc1[EOS],28701.108952522278,42
11.8,NC(N)=[NH+]c1ccc(C(=O)NC(c2ccccc2)c2cccc3ccccc23)cc1,[BOS]NC(N)=[NH+]c1ccc(C(=O)N[C@H](c2ccccc2)c2cccc3ccccc23)cc1[EOS],33405.227908849716,42
12.7,O=C(NCc1ccccc1)c1cccc(-c2nncc3ccc(F)cc23)c1,[BOS]O=C(NCc1ccccc1)c1cccc(-c2nncc3ccc(F)cc23)c1[EOS],38364.39450311661,42
12.4,O=C(NC1CC2CCC(C1)N2C(=O)C1CC(c2ccccc2)=NO1)c1c[nH]c2ccc(Br)cc2c1=O,[BOS]O=C(N[C@H]1C[C@H]2CC[C@@H](C1)N2C(=O)[C@H]1CC(c2ccccc2)=NO1)c1c[nH]c2ccc(Br)cc2c1=O[EOS],43645.3567841053,42
12.5,Cc1onc(-c2ccccc2)c1-c1ccc(Nc2ccc(-c3nc[nH]n3)c(Cl)c2)cc1,[BOS]Cc1onc(-c2ccccc2)c1-c1ccc(Nc2ccc(-c3nc[nH]n3)c(Cl)c2)cc1[EOS],48518.652562856674,42
12.0,O=C(C1CC(c2cccc(F)c2)=NO1)N1Cc2ccccc2C2(CC2)C1,[BOS]O=C([C@H]1CC(c2cccc(F)c2)=NO1)N1Cc2ccccc2C2(CC2)C1[EOS],52774.92047190666,42
11.4,O=C(NCc1ccnc(Oc2ccccc2)c1)NC(c1cccc(F)c1)c1cccc(Cl)c1,[BOS]O=C(NCc1ccnc(Oc2ccccc2)c1)N[C@@H](c1cccc(F)c1)c1cccc(Cl)c1[EOS],57651.94712495804,42
12.7,Cc1ccc(C2(C)CCN(C(=O)Cc3cc4c(ccc5ccccc54)o3)C2)cc1,[BOS]Cc1ccc([C@@]2(C)CCN(C(=O)Cc3cc4c(ccc5ccccc54)o3)C2)cc1[EOS],4302.35809969902,42
12.2,Cc1ccccc1C1CN(C(=O)NCC2CCCc3ccc(C(=O)[O-])cc32)CCO1,[BOS]Cc1ccccc1[C@@H]1CN(C(=O)NC[C@H]2CCCc3ccc(C(=O)[O-])cc32)CCO1[EOS],8834.924941539764,42
11.9,Cc1ccnc(-c2cccc(NC(=O)NC3CC(=O)N(c4cccc(C(F)(F)F)c4)C3)c2)n1,[BOS]Cc1ccnc(-c2cccc(NC(=O)N[C@@H]3CC(=O)N(c4cccc(C(F)(F)F)c4)C3)c2)n1[EOS],13691.02871465683,42
13.2,O=C(C1Cc2ccccc2C1)N1[CH]c2ccccc2C#CC(c2cccc(F)c2F)CC1,[BOS]O=C(C1Cc2ccccc2C1)N1CC[C@H](c2cccc(F)c2F)C#Cc2ccccc2[C@H]1[EOS],18313.34503340721,42
11.6,CC1Cc2ccccc2N(C(=O)NCc2ccc(-n3ccc(C(F)(F)F)n3)cc2)C1,[BOS]C[C@H]1Cc2ccccc2N(C(=O)NCc2ccc(-n3ccc(C(F)(F)F)n3)cc2)C1[EOS],22802.650164842606,42
11.3,Cc1ccnc2ccc(C(=O)OC3CCN(c4ccccc4C(F)(F)F)C3)cc12,[BOS]Cc1ccnc2ccc(C(=O)O[C@@H]3CCN(c4ccccc4C(F)(F)F)C3)cc12[EOS],27175.912308454514,42
13.0,O=C(c1cc2c(F)cccc2cn1)N1CCC(c2nc3ccc(-c4ccccc4)cn3n2)CC1,[BOS]O=C(c1cc2c(F)cccc2cn1)N1CCC(c2nc3ccc(-c4ccccc4)cn3n2)CC1[EOS],31583.699094057083,42
12.4,O=C(NC(Cc1c[nH]c2cc(F)ccc12)C(=O)NCC1C2Cc3ccccc3C12)c1ccc2ncccc2c1,[BOS]O=C(NC[C@@H]1[C@H]2Cc3ccccc3[C@@H]12)[C@@H](Cc1c[nH]c2cc(F)ccc12)NC(=O)c1ccc2ncccc2c1[EOS][EOS][EOS][EOS][EOS][EOS][EOS][EOS],37074.31679105759,42
11.7,CC1CC(c2ccc(F)cc2)C[NH+]1C(C)c1nnc(-c2ccc3ccccc3c2)o1,[BOS]C[C@@H]1C[C@@H](c2ccc(F)cc2)C[NH+]1[C@H](C)c1nnc(-c2ccc3ccccc3c2)o1[EOS],41491.75862812996,42
11.6,O=C(CC1CCCc2ccccc21)NC(c1ccc2c(c1)OCCO2)c1ccccc1Cl,[BOS]O=C(C[C@@H]1CCCc2ccccc21)N[C@H](c1ccc2c(c1)OCCO2)c1ccccc1Cl[EOS],46126.1439576149,42
12.8,O=C1COc2ccc(S(=O)(=O)NC3c4ccccc4C=C4c5ccccc5CC43)c3c2N1CCO3,[BOS]O=C1COc2ccc(S(=O)(=O)N[C@@H]3[C@H]4Cc5ccccc5C4=Cc4ccccc43)c3c2N1CCO3[EOS],50560.28613734245,42
13.7,O=S(=O)(c1coc2ccccc12)N1Cc2ccccc2C2(CCC2)c2nc(Cc3cccc4ccccc34)ncc21,[BOS]O=S(=O)(c1coc2ccccc12)N1Cc2ccccc2C2(CCC2)c2nc(Cc3cccc4ccccc34)ncc21[EOS],55639.35345506668,42
11.7,CCc1nc(-c2ccccc2NC(=O)C(C)c2ccc3c(c2)[nH]c2ccc(Cl)cc23)n[nH]1,[BOS]CCc1nc(-c2ccccc2NC(=O)[C@H](C)c2ccc3c(c2)[nH]c2ccc(Cl)cc23)n[nH]1[EOS],4839.445730209351,42
11.8,NC(=O)c1cn(CC(=O)Nc2nc3c(C(=O)[O-])cccc3[nH]2)c2cc(Cl)ccc12,[BOS]NC(=O)c1cn(CC(=O)Nc2nc3c(C(=O)[O-])cccc3[nH]2)c2cc(Cl)ccc12[EOS],9132.032595872879,42
13.1,O=C1c2ccccc2C(=O)N1CC1C[NH+](CC(=O)N2CCc3sccc3C2c2ccccc2)CCO1,[BOS]O=C(C[NH+]1CCO[C@@H](CN2C(=O)c3ccccc3C2=O)C1)N1CCc2sccc2[C@H]1c1ccccc1[EOS],15386.062510490417,42
11.9,Cc1cccc(-n2nc(C)cc2NC(=O)N2CC3C4C=CC(C4)C3C2)c1,[BOS]Cc1cccc(-n2nc(C)cc2NC(=O)N2C[C@H]3[C@H](C2)[C@H]2C=C[C@H]3C2)c1[EOS],19678.954049110413,42
13.2,O=C1[N-]C(=Cc2c[nH]c3cc(F)ccc23)C(=O)N1c1ccc2nc(Cc3ccccc3F)[nH]c2c1,[BOS]O=C1[N-]C(=Cc2c[nH]c3cc(F)ccc23)C(=O)N1c1ccc2nc(Cc3ccccc3F)[nH]c2c1[EOS],23652.18872833252,42
12.2,[NH3+]C1(Cc2nc(-c3ccc(Oc4ccc(C(F)(F)F)cn4)cc3)no2)CCCc2c(F)cc(F)cc21,[BOS][NH3+][C@@]1(Cc2nc(-c3ccc(Oc4ccc(C(F)(F)F)cn4)cc3)no2)CCCc2c(F)cc(F)cc21[EOS][EOS][EOS][EOS][EOS][EOS][EOS][EOS],29636.90426135063,42
13.3,O=C(Cc1cccc2ccccc12)Nc1ccc2oc(=O)cc(C[NH+]3CCc4ccccc4C3)c2c1,[BOS]O=C(Cc1cccc2ccccc12)Nc1ccc2oc(=O)cc(C[NH+]3CCc4ccccc4C3)c2c1[EOS],35342.3374710083,42
11.7,CC1CCN(C(=O)Nc2cccc(Oc3cccc(C#N)c3)c2)C(C(=O)OC(C)(C)C)C1,[BOS]C[C@@H]1CCN(C(=O)Nc2cccc(Oc3cccc(C#N)c3)c2)[C@H](C(=O)OC(C)(C)C)C1[EOS],39787.8587975502,42
12.1,O=C(CC(=O)N1CCCCC1c1cc(NC(=O)C2Cc3ccccc3C2)n[nH]1)Nc1ccc(F)cc1,[BOS]O=C(CC(=O)N1CCCC[C@H]1c1cc(NC(=O)C2Cc3ccccc3C2)n[nH]1)Nc1ccc(F)cc1[EOS],45605.525443315506,42
11.2,CN(C)c1cc(CNC(=O)N2CC=C(c3ccc(O)cc3)CC2)c2ccccc2n1,[BOS]CN(C)c1cc(CNC(=O)N2CC=C(c3ccc(O)cc3)CC2)c2ccccc2n1[EOS][EOS][EOS][EOS][EOS],49636.58026981354,42
12.6,Cc1c(C(=O)N2CCCC23CN(C(=O)CCc2ccc(C)c4ccccc24)C3)ccc(F)c1F,[BOS]Cc1c(C(=O)N2CCCC23CN(C(=O)CCc2ccc(C)c4ccccc24)C3)ccc(F)c1F[EOS],55040.57008552551,42
12.5,Cc1ccc(S(=O)(=O)n2ccc3c(-c4cc(C(=O)N5CCOCC5)ccc4F)nc(Cl)nc32)cc1,[BOS]Cc1ccc(S(=O)(=O)n2ccc3c(-c4cc(C(=O)N5CCOCC5)ccc4F)nc(Cl)nc32)cc1[EOS],59619.68216276169,42
12.1,CC1(CCc2ccccc2)NC(=O)N(NC(=O)c2c3ccccc3cc3ccccc23)C1=O,[BOS]C[C@@]1(CCc2ccccc2)NC(=O)N(NC(=O)c2c3ccccc3cc3ccccc23)C1=O[EOS],5065.682615041733,42
13.1,CCc1ccc(C2CCN(C(=O)C(=O)Nc3cc(C)nn3-c3nc(O)c4c(n3)CC(C)CC4)CC2)cc1,[BOS]CCc1ccc(C2CCN(C(=O)C(=O)Nc3cc(C)nn3-c3nc(O)c4c(n3)CC(C)CC4)CC2)cc1[EOS],10081.798952102661,42
11.2,Cc1onc(-c2ccccc2)c1C(=O)N1CCCCC1c1ccc(F)cc1F,[BOS]Cc1onc(-c2ccccc2)c1C(=O)N1CCCC[C@@H]1c1ccc(F)cc1F[EOS],14734.36704659462,42
12.6,O=C(c1cc2cc(F)ccc2[nH]c1=O)N1CCC(n2c(=O)[nH]c3ccccc32)CC1,[BOS]O=C(c1cc2cc(F)ccc2[nH]c1=O)N1CCC(n2c(=O)[nH]c3ccccc32)CC1[EOS],18691.375339746475,42
11.7,Cc1cccc(C2CCCC[NH+]2Cc2c(F)c(F)c(C(F)(F)F)c(F)c2F)c1C,[BOS]Cc1cccc([C@H]2CCCC[NH+]2Cc2c(F)c(F)c(C(F)(F)F)c(F)c2F)c1C[EOS],22979.94457435608,42
13.8,O=C1C2=C(NC3N=NN=C3C2c2ccccc2OCc2cccc3ccccc23)c2ccccc21,[BOS]O=C1C2=C(c3ccccc31)N[C@@H]1N=NN=C1[C@H]2c1ccccc1OCc1cccc2ccccc12[EOS],27583.284947395325,42
12.8,Cc1cc(F)cc(CC(=O)NCC2CCN(C(=O)c3ccc(O)c4ccccc34)C2c2cccnc2)c1,[BOS]Cc1cc(F)cc(CC(=O)NC[C@H]2CCN(C(=O)c3ccc(O)c4ccccc34)[C@H]2c2cccnc2)c1[EOS],33588.678325891495,42
13.1,COc1ccc(F)cc1-c1cc2c(-c3nc4c(-c5ccccc5)cccc4c4ccccc34)cccc2o1,[BOS]COc1ccc(F)cc1-c1cc2c(-c3nc4c(-c5ccccc5)cccc4c4ccccc34)cccc2o1[EOS][EOS],38365.691692113876,42
11.6,Cc1nccc(-c2cccc(NC(=O)NC3CC4(CCOCC4)c4ccccc43)c2)n1,[BOS]Cc1nccc(-c2cccc(NC(=O)N[C@H]3CC4(CCOCC4)c4ccccc43)c2)n1[EOS],42872.54898428917,42
11.4,O=C(c1ccc(F)cc1)C1CCCN(C(=O)Nc2ccc(-n3ncc4ccccc43)cc2)C1,[BOS]O=C(c1ccc(F)cc1)[C@@H]1CCCN(C(=O)Nc2ccc(-n3ncc4ccccc43)cc2)C1[EOS][EOS][EOS][EOS][EOS][EOS][EOS],47188.06148290634,42
11.8,O=C(CCc1cnc2ccccc2c1)NC(c1cccc2ccccc12)C(F)(F)F,[BOS]O=C(CCc1cnc2ccccc2c1)N[C@@H](c1cccc2ccccc12)C(F)(F)F[EOS],52256.932560920715,42
11.8,CC(C)C1CCc2ccccc2C1[NH2+]Cc1cc(=O)n2c([nH]c3ccccc32)c1C#N,[BOS]CC(C)[C@H]1CCc2ccccc2[C@@H]1[NH2+]Cc1cc(=O)n2c([nH]c3ccccc32)c1C#N[EOS],56621.54158425331,42
13.0,O=C(NC1C2COCC1CN(C(=O)c1cccc3ncccc13)C2)c1ccncc1-c1cccc(F)c1,[BOS]O=C(N[C@H]1[C@@H]2COC[C@H]1CN(C(=O)c1cccc3ncccc13)C2)c1ccncc1-c1cccc(F)c1[EOS],5190.384152412415,42
12.5,[NH3+]C(Cc1ccccc1)Cc1cn(-c2cc[nH+]c3cc(C(F)(F)F)ccc23)c2cc(O)ccc12,[BOS][NH3+][C@H](Cc1ccccc1)Cc1cn(-c2cc[nH+]c3cc(C(F)(F)F)ccc23)c2cc(O)ccc12[EOS],10635.931257009506,42
12.8,O=C1NN(c2ccccc2)C(=O)C1=Cc1ccc(OCc2ccc3c4c(cccc24)-c2ccccc2-3)c([O-])c1,[BOS]O=C1NN(c2ccccc2)C(=O)C1=Cc1ccc(OCc2ccc3c4c(cccc24)-c2ccccc2-3)c([O-])c1[EOS],16107.73914361,42
12.2,CS(=O)(=O)N1CC2CN(C(F)(F)c3ccc4ccc(Cl)nc4c3)CC2c2ccccc21,[BOS]CS(=O)(=O)N1C[C@@H]2CN(C(F)(F)c3ccc4ccc(Cl)nc4c3)C[C@@H]2c2ccccc21[EOS],20388.65784549713,42
13.4,NC(=[NH+]C1CCc2ccc(OC3CCc4ccccc4C3)cc21)c1cccc2ccccc12,[BOS]NC(=[NH+][C@@H]1CCc2ccc(OC3CCc4ccccc4C3)cc21)c1cccc2ccccc12[EOS],25518.48353099823,42
12.5,Cc1c(C(=O)NNc2ccc3ccccc3n2)nnn1-c1cccc2cccnc12,[BOS]Cc1c(C(=O)NNc2ccc3ccccc3n2)nnn1-c1cccc2cccnc12[EOS],29623.27326798439,42
12.7,O=C(NCc1ccc2oc(=O)[nH]c2c1)C(=O)Nc1ccc(OCc2cccc(C(F)(F)F)c2)cc1,[BOS]O=C(NCc1ccc2oc(=O)[nH]c2c1)C(=O)Nc1ccc(OCc2cccc(C(F)(F)F)c2)cc1[EOS],34804.60681319237,42
11.5,COc1cc2ccccc2cc1C=C1C(=O)Nc2ccc(C)c(Cl)c2C1=O,[BOS]COc1cc2ccccc2cc1C=C1C(=O)Nc2ccc(C)c(Cl)c2C1=O[EOS],39225.01227068901,42
12.3,CCn1c(N2CCCC(NC(=O)C3(c4cccc(C(F)(F)F)c4)CCCCC3)C2)nc2ccccc21,[BOS]CCn1c(N2CCC[C@H](NC(=O)C3(c4cccc(C(F)(F)F)c4)CCCCC3)C2)nc2ccccc21[EOS],44230.018647909164,42
11.6,Cc1nc2c(C)cccn2c1-c1nc(-c2c[nH]c3ccc(C(=O)C4(C5CCCCC5)CC4)cc23)no1,[BOS]Cc1nc2c(C)cccn2c1-c1nc(-c2c[nH]c3ccc(C(=O)C4(C5CCCCC5)CC4)cc23)no1[EOS][EOS][EOS][EOS][EOS][EOS][EOS][EOS],48378.608474969864,42
14.1,c1ccc(-c2ccc3c(c2)Cc2cc(-c4c(-c5nc6ccccc6c6ccccc56)nc5ncccn45)ccc2-3)cc1,[BOS]c1ccc2c(-c3nc4ncccn4c3-c3ccc4c(c3)Cc3cc(-c5ccccc5)ccc3-4)nc3ccccc3c2c1[EOS],53139.818162441254,42
12.5,O=C1OC(c2ccccc2)Cc2cc(C(=O)N3CCCc4c([nH]c5c(F)cccc45)C3)ccc21,[BOS]O=C(c1ccc2c(c1)C[C@H](c1ccccc1)OC2=O)N1CCCc2c([nH]c3c(F)cccc23)C1[EOS],57104.865006923676,42
12.5,Cc1ccc2nc(C3CCCN(S(=O)(=O)c4cc5c6c(c4)cc(O)n6CCC5)C3)[nH]c(=O)c2c1,[BOS]Cc1ccc2nc([C@H]3CCCN(S(=O)(=O)c4cc5c6c(c4)cc(O)n6CCC5)C3)[nH]c(=O)c2c1[EOS],5225.386338472366,42
11.4,O=C(Cc1noc(-c2ccc3[nH]ccc3c2)n1)Nc1nc(-c2ccccc2Cl)cs1,[BOS]O=C(Cc1noc(-c2ccc3[nH]ccc3c2)n1)Nc1nc(-c2ccccc2Cl)cs1[EOS],10149.98934674263,42
12.0,O=C1NC(CC(=O)N2CCCCC2c2nnc(C3CCC3)o2)c2ccccc21,[BOS]O=C1N[C@@H](CC(=O)N2CCCC[C@H]2c2nnc(C3CCC3)o2)c2ccccc21[EOS],14324.253568172455,42
12.3,Cc1cccc2[nH]c(C(C#N)C(=O)CN3C(=O)c4ccccc4N4C(=O)CCC34C)nc12,[BOS]Cc1cccc2[nH]c([C@H](C#N)C(=O)CN3C(=O)c4ccccc4N4C(=O)CC[C@]34C)nc12[EOS],18689.97309732437,42
11.8,Cc1cnc(C2=CN3CNC4CC4(CC(CCc4nc(-c5cccc(-c6ccccc6)c5)ncc4C)C3=O)O2)[nH]1,[BOS]Cc1cnc(C2=CN3C(=O)C(CCc4nc(-c5cccc(-c6ccccc6)c5)ncc4C)CC4(C[C@@H]4NC3)O2)[nH]1[EOS],23279.258547782898,42
14.5,O=C(c1cccc(C2CC(=O)N(c3ncc4c(n3)CCc3ccccc3-4)C2)n1)N1CC2CC(C1)c1cccc(=O)n1C2,[BOS]O=C(c1cccc(C2CC(=O)N(c3ncc4c(n3)CCc3ccccc3-4)C2)n1)N1C[C@H]2C[C@@H](C1)c1cccc(=O)n1C2[EOS],28538.068113327026,42
11.6,COc1cccc2c1CC(C(=O)N1CCCCC1c1cc(NC(=O)C3CC=C(C)CC3)n[nH]1)CC2,[BOS]COc1cccc2c1C[C@H](C(=O)N1CCCC[C@@H]1c1cc(NC(=O)[C@@H]3CC=C(C)CC3)n[nH]1)CC2[EOS][EOS][EOS][EOS][EOS],33338.00658226013,42
13.5,O=C(c1ccccc1Cl)c1cccc(C2CC(=O)c3cc(O)cc(C(=O)c4cccc5ccccc45)c3O2)c1F,[BOS]O=C1C[C@H](c2cccc(C(=O)c3ccccc3Cl)c2F)Oc2c1cc(O)cc2C(=O)c1cccc2ccccc12[EOS],38525.852336883545,42
12.7,Cc1cccc(C(=O)N2C3CCC2CC(NC(=O)c2ccccc2Oc2cccc4ccccc24)C3)c1F,[BOS]Cc1cccc(C(=O)N2[C@@H]3CC[C@H]2C[C@@H](NC(=O)c2ccccc2Oc2cccc4ccccc24)C3)c1F[EOS],44525.596145391464,42
13.0,Oc1c(C[NH+]2CCc3ccccc3C2Cc2ccccc2)cc(O)c2c1cc(Cc1ccccc1)c1cccnc12,[BOS]Oc1cc(C[NH+]2CCc3ccccc3[C@H]2Cc2ccccc2)c(O)c2cc(Cc3ccccc3)c3cccnc3c12[EOS],49803.26374936104,42
13.0,O=C(Nc1cccc(-c2[nH+]cc3n2CCCC3)c1)C1CC2CCCCC2N1C(=O)c1ccc2ccccc2c1,[BOS]O=C(Nc1cccc(-c2[nH+]cc3n2CCCC3)c1)[C@@H]1C[C@@H]2CCCC[C@H]2N1C(=O)c1ccc2ccccc2c1[EOS],55336.93994641304,42
12.0,O=C(COc1ccc(-c2ccccc2)cc1)Nc1cc2c(cc1F)NC(=O)Cc1ccccc1-2,[BOS]O=C(COc1ccc(-c2ccccc2)cc1)Nc1cc2c(cc1F)NC(=O)Cc1ccccc1-2[EOS],60585.15357542038,42
11.3,CC1Cc2ccccc2CN1C(=O)Cc1cccc2ccccc12,[BOS]C[C@@H]1Cc2ccccc2CN1C(=O)Cc1cccc2ccccc12[EOS],4144.570766925812,42
11.6,COc1nc(C(=O)OC(C)c2nc3sc4ccccc4c3c(=O)[nH]2)cc2ccccc12,[BOS]COc1nc(C(=O)O[C@@H](C)c2nc3sc4ccccc4c3c(=O)[nH]2)cc2ccccc12[EOS],8906.162612915039,42
11.4,Cc1nn(-c2cccc(F)c2)cc1C(=O)NC(C)c1ccc(-c2nn[n-]n2)c(F)c1,[BOS]Cc1nn(-c2cccc(F)c2)cc1C(=O)N[C@H](C)c1ccc(-c2nn[n-]n2)c(F)c1[EOS],13538.402914047241,42
12.2,Cc1cccc(-c2cccc(CNC(=O)c3cc(F)c(F)cc3C(=O)c3ccccc3)c2)c1,[BOS]Cc1cccc(-c2cccc(CNC(=O)c3cc(F)c(F)cc3C(=O)c3ccccc3)c2)c1[EOS],17924.475994110107,42
11.8,O=C1CC(C(=O)N2CCCCC2C2CCN(C(=O)c3n[nH]c4ccccc34)CC2)CN1Cc1ccccc1,[BOS]O=C1C[C@H](C(=O)N2CCCC[C@@H]2C2CCN(C(=O)c3n[nH]c4ccccc34)CC2)CN1Cc1ccccc1[EOS][EOS],23380.799910783768,42
12.3,Cc1ccc(-c2nnc(CC3CCCc4ccccc43)o2)cc1NC(=O)c1ccccc1F,[BOS]Cc1ccc(-c2nnc(C[C@H]3CCCc4ccccc43)o2)cc1NC(=O)c1ccccc1F[EOS],28017.912826538086,42
13.5,O=C(c1ccc(Nc2cccc(C3CCN(C(=O)c4cnc5ccccc5c4)CC3)n2)nc1)N1CCCC1,[BOS]O=C(c1cnc2ccccc2c1)N1CCC(c2cccc(Nc3ccc(C(=O)N4CCCC4)cn3)n2)CC1[EOS],33846.302075862885,42
11.0,CN(C)c1cc(C(=O)NCc2nnc3ccc(C(F)(F)F)cn23)cc(-c2nn[n-]n2)c1,[BOS]CN(C)c1cc(C(=O)NCc2nnc3ccc(C(F)(F)F)cn23)cc(-c2nn[n-]n2)c1[EOS],38397.124809503555,42
12.4,O=c1n2c(c([O-])n1C(Cc1cccc(F)c1)c1cccc(F)c1)-c1ccccc1CCC2,[BOS]O=c1n2c(c([O-])n1[C@H](Cc1cccc(F)c1)c1cccc(F)c1)-c1ccccc1CCC2[EOS],42451.89634490013,42
12.7,Cn1ncc2cccc(-c3ccc4ccccc4c3-c3ccc(-c4oc5ccccc5c4-c4ccccc4)cc3)c21,[BOS]Cn1ncc2cccc(-c3ccc4ccccc4c3-c3ccc(-c4oc5ccccc5c4-c4ccccc4)cc3)c21[EOS][EOS][EOS][EOS][EOS][EOS],46252.24441957474,42
11.8,O=C(NC1CCC(Cc2ccccc2)C1)c1ccc2c(c1)S(=O)(=O)N(c1cccc(F)c1)C2=O,[BOS]O=C(N[C@@H]1CC[C@H](Cc2ccccc2)C1)c1ccc2c(c1)S(=O)(=O)N(c1cccc(F)c1)C2=O[EOS],50793.527245759964,42
12.6,O=C(Nc1nc2ccccc2n1-c1ccccc1F)C1CC2CCCCC2N1C(=O)c1ccc2ccccc2c1,[BOS]O=C(Nc1nc2ccccc2n1-c1ccccc1F)[C@@H]1C[C@@H]2CCCC[C@H]2N1C(=O)c1ccc2ccccc2c1[EOS],56228.22929978371,42
11.6,Cc1nc2cc(F)ccc2cc1C(=O)N1CCC(c2noc3cc(F)ccc23)CC1,[BOS]Cc1nc2cc(F)ccc2cc1C(=O)N1CCC(c2noc3cc(F)ccc23)CC1[EOS],4247.868596792221,42
12.3,O=C(CNC(=O)c1cccc2ccccc12)NC1CCCC1c1cccc(C(F)(F)F)c1,[BOS]O=C(CNC(=O)c1cccc2ccccc12)N[C@H]1CCC[C@H]1c1cccc(C(F)(F)F)c1[EOS],9791.367974042892,42
12.0,O=C(NC12CCCC1CN(C(=O)C13CCCCC1C3)C2)c1n[nH]c2c1CCC2,[BOS]O=C(N[C@]12CCC[C@H]1CN(C(=O)[C@]13CCCC[C@@H]1C3)C2)c1n[nH]c2c1CCC2[EOS],13870.45829820633,42
12.5,Cc1ccc2[nH]c(-c3nc(C4CC(=O)N(c5ccccc5)C4)no3)cc2c1C,[BOS]Cc1ccc2[nH]c(-c3nc([C@@H]4CC(=O)N(c5ccccc5)C4)no3)cc2c1C[EOS],18111.73949599266,42
12.7,CC1(c2cccc(Br)c2)CCN(S(=O)(=O)C2=Cc3cc(F)c(F)cc3CC2)CC1,[BOS]CC1(c2cccc(Br)c2)CCN(S(=O)(=O)C2=Cc3cc(F)c(F)cc3CC2)CC1[EOS],22494.675664901733,42
13.1,CC(C(=O)N1CCCc2c(NC(N)=O)cccc21)c1cc2c(ccc3ccccc32)oc1=O,[BOS]C[C@@H](C(=O)N1CCCc2c(NC(N)=O)cccc21)c1cc2c(ccc3ccccc32)oc1=O[EOS],27283.83145904541,42
12.2,Cc1ccc2c(c1)C(=O)N(c1cccc(C(=O)N3CCCC3c3ccc(C)c(C)c3)c1)C2=O,[BOS]Cc1ccc([C@H]2CCCN2C(=O)c2cccc(N3C(=O)c4ccc(C)cc4C3=O)c2)cc1C[EOS][EOS][EOS][EOS][EOS][EOS][EOS],31545.884576559067,42
11.9,O=C(Cc1cc(F)cc(F)c1)NC1CC[NH+](C2CCN(C(=O)c3cccc4cnccc34)CC2)CC1,[BOS]O=C(Cc1cc(F)cc(F)c1)NC1CC[NH+](C2CCN(C(=O)c3cccc4cnccc34)CC2)CC1[EOS],37612.82827234268,42
12.4,Cc1cccc2c(=O)n(Cc3nc(-c4cccc(NC(=O)c5ccccc5F)c4)no3)cnc12,[BOS]Cc1cccc2c(=O)n(Cc3nc(-c4cccc(NC(=O)c5ccccc5F)c4)no3)cnc12[EOS],42415.174332141876,42
11.4,Cn1nc(-c2ccccc2)nc1[N-]S(=O)(=O)c1cc2ccccc2cc1C(=O)[O-],[BOS]Cn1nc(-c2ccccc2)nc1[N-]S(=O)(=O)c1cc2ccccc2cc1C(=O)[O-][EOS],46777.11305642128,42
11.7,Cc1nc2ccccc2c(-c2ccccc2)c1-c1nc(C2CCc3ccccc32)no1,[BOS]Cc1nc2ccccc2c(-c2ccccc2)c1-c1nc([C@@H]2CCc3ccccc32)no1[EOS],51767.26416373253,42
12.8,Cc1c(-c2nnc(C3CCc4ccccc4C3)o2)c(O)c2ccccc2c1Cc1ccc(O)c(-c2ccccc2CO)c1,[BOS]Cc1c(-c2nnc([C@H]3CCc4ccccc4C3)o2)c(O)c2ccccc2c1Cc1ccc(O)c(-c2ccccc2CO)c1[EOS],55893.7522892952,42
11.6,Cc1cc(N2CC(C(=O)N3CCCc4c(C)c(C)cc(C)c43)CC2=O)ccc1F,[BOS]Cc1cc(N2C[C@@H](C(=O)N3CCCc4c(C)c(C)cc(C)c43)CC2=O)ccc1F[EOS][EOS][EOS][EOS],4360.1968829631805,42
12.6,O=C(Cc1noc(-c2ccc(C(F)(F)F)c3cccnc23)n1)Nc1cccc2ccccc12,[BOS]O=C(Cc1noc(-c2ccc(C(F)(F)F)c3cccnc23)n1)Nc1cccc2ccccc12[EOS],9420.078644275665,42
11.2,O=C(c1ccc(F)cc1)C1CC[NH+](Cc2cc(=O)[nH]c(-c3ccccc3)n2)CC1,[BOS]O=C(c1ccc(F)cc1)C1CC[NH+](Cc2cc(=O)[nH]c(-c3ccccc3)n2)CC1[EOS],14035.363133192062,42
13.0,CC([NH2+]C(C)c1nnc(-c2cccc3ccccc23)o1)C(=O)Nc1ccccc1-c1ccccc1,[BOS]C[C@@H]([NH2+][C@H](C)c1nnc(-c2cccc3ccccc23)o1)C(=O)Nc1ccccc1-c1ccccc1[EOS],19859.21097135544,42
12.5,Cc1cc(C)cc(NS(=O)(=O)c2cccc(C(=O)N3CCCCC3c3cccc(C)c3C)c2)c1,[BOS]Cc1cccc([C@H]2CCCCN2C(=O)c2cccc(S(=O)(=O)Nc3cc(C)cc(C)c3)c2)c1C[EOS],24785.572947502136,42
13.3,O=C(Nn1c([O-])c(Cc2cccc3ccccc23)[nH]c1=O)C1Cc2cc(C(F)(F)F)ccc2N1C(=O)C1CCCN1,[BOS]O=C(Nn1c([O-])c(Cc2cccc3ccccc23)[nH]c1=O)C1Cc2cc(C(F)(F)F)ccc2N1C(=O)C1CCCN1[EOS],30137.079588890076,42
11.8,O=C(NC1c2ccccc2CC12CCOCC2)C1CCN(c2cccc(Br)c2)C1=O,[BOS]O=C(N[C@@H]1c2ccccc2CC12CCOCC2)[C@H]1CCN(c2cccc(Br)c2)C1=O[EOS],34491.43803882599,42
11.7,Cc1onc(-c2cccc(Br)c2)c1-c1nc(CC(=O)N2CCc3ccccc32)no1,[BOS]Cc1onc(-c2cccc(Br)c2)c1-c1nc(CC(=O)N2CCc3ccccc32)no1[EOS],38992.973798036575,42
12.9,Clc1cccc2nc(NC(c3nn[n-]n3)c3cc4ccccc4o3)ccc12,[BOS]Clc1cccc2nc(N[C@H](c3cc4ccccc4o3)c3nn[n-]n3)ccc12[EOS],44052.52861523628,42
13.2,O=C(Nc1cccc2c1CCCC2)N1CCCC([S+]([O-])Cc2ccccc2)C1C1CCC(F)(F)CC1,[BOS]O=C(Nc1cccc2c1CCCC2)N1CCC[C@H]([S+]([O-])Cc2ccccc2)[C@@H]1C1CCC(F)(F)CC1[EOS],48936.00024652481,42
12.6,O=C(NCC1CCN(C(=O)c2cccc3ccccc23)C1c1cccnc1)c1cc2ccc(Cl)cc2nn1,[BOS]O=C(NC[C@@H]1CCN(C(=O)c2cccc3ccccc23)[C@@H]1c1cccnc1)c1cc2ccc(Cl)cc2nn1[EOS][EOS][EOS],55333.5081307888,42
12.5,CN1CCCN(C(=O)C=Cc2ccc(Oc3ccccc3)c(F)c2)c2ccc(F)cc21,[BOS]CN1CCCN(C(=O)C=Cc2ccc(Oc3ccccc3)c(F)c2)c2ccc(F)cc21[EOS],59553.41426897049,42
12.3,O=c1[nH]cnc2cc(Nc3cccc4c(=O)c5ccccc5oc34)ccc12,[BOS]O=c1[nH]cnc2cc(Nc3cccc4c(=O)c5ccccc5oc34)ccc12[EOS],4110.723103046417,42
14.1,O=S(=O)(Nc1ccc(Cl)cc1-c1cccc2ccccc12)c1nccc2ccccc12,[BOS]O=S(=O)(Nc1ccc(Cl)cc1-c1cccc2ccccc12)c1nccc2ccccc12[EOS],9529.711772441864,42
12.1,Cc1ccc(-c2noc(-c3ccccc3NC(=O)c3ccc4ccccc4n3)n2)c(C)c1F,[BOS]Cc1ccc(-c2noc(-c3ccccc3NC(=O)c3ccc4ccccc4n3)n2)c(C)c1F[EOS],14056.979451656342,42
12.0,Cc1c(C(NC(=O)c2cccc(C(F)(F)F)c2[O-])c2ccccc2)oc2ccc(F)cc12,[BOS]Cc1c([C@H](NC(=O)c2cccc(C(F)(F)F)c2[O-])c2ccccc2)oc2ccc(F)cc12[EOS],18224.886399507523,42
11.8,Cc1ccc(-c2noc(C(C)NC(=O)c3c4c(nc5ccccc35)CCCCC4)n2)cc1F,[BOS]Cc1ccc(-c2noc([C@H](C)NC(=O)c3c4c(nc5ccccc35)CCCCC4)n2)cc1F[EOS],23509.145023345947,42
11.4,Cc1cnn(CC2C[NH+](Cc3nc(-c4ccccc4F)no3)CCO2)c1,[BOS]Cc1cnn(C[C@@H]2C[NH+](Cc3nc(-c4ccccc4F)no3)CCO2)c1[EOS],27830.28022289276,42
16.1,COc1ccc2ccccc2c1-c1nc2cccc(-c3c(C)c4ccccc4c4ccccc34)c2o1,[BOS]COc1ccc2ccccc2c1-c1nc2cccc(-c3c(C)c4ccccc4c4ccccc34)c2o1[EOS],32516.83923649788,42
11.9,Cc1cccn2c(NC(=O)C(=O)NCCc3cc(F)cc4c3OCOC4)c(-c3ccccc3)nc12,[BOS]Cc1cccn2c(NC(=O)C(=O)NCCc3cc(F)cc4c3OCOC4)c(-c3ccccc3)nc12[EOS],38344.821363925934,42
11.9,Nc1n[nH]c(CCC(=O)N2CCCCC2c2cc(NC(=O)Cc3ccc4c(c3)CCO4)n[nH]2)n1,[BOS]Nc1n[nH]c(CCC(=O)N2CCCC[C@H]2c2cc(NC(=O)Cc3ccc4c(c3)CCO4)n[nH]2)n1[EOS],43604.59390640259,42
13.1,O=C1CC([NH2+]C(c2ccccc2)c2ccc3ccccc3n2)CN1c1ccc2c(c1)Cc1ccccc1-2,[BOS]O=C1C[C@@H]([NH2+][C@H](c2ccccc2)c2ccc3ccccc3n2)CN1c1ccc2c(c1)Cc1ccccc1-2[EOS],48657.11653828621,42
12.7,O=C1CCc2ccc(C(=O)N3C4CCC3CC(NC(=O)c3cc5cc[nH]c5cc3F)C4)cc2N1,[BOS]O=C1CCc2ccc(C(=O)N3[C@@H]4CC[C@H]3C[C@@H](NC(=O)c3cc5cc[nH]c5cc3F)C4)cc2N1[EOS],53750.04133605957,42
12.6,c1cc(-c2ccn(-c3nccc4c(Oc5ccc(N6CCCCC6)cc5)cccc34)n2)c2cccnc2c1,[BOS]c1ccc2c(-n3ccc(-c4cccc5ncccc45)n3)nccc2c1Oc1ccc(N2CCCCC2)cc1[EOS],57416.31948876381,42
12.7,Cc1nc2cc(F)ccc2c(-c2nnc(Cc3cccc4ccccc34)o2)c1C,[BOS]Cc1nc2cc(F)ccc2c(-c2nnc(Cc3cccc4ccccc34)o2)c1C[EOS],4186.314384222031,42
12.2,O=C(CSc1nnc(-c2ccccc2)n1-c1ccc2c(c1)OCO2)c1ccc(C2CCCCC2)cc1,[BOS]O=C(CSc1nnc(-c2ccccc2)n1-c1ccc2c(c1)OCO2)c1ccc(C2CCCCC2)cc1[EOS],10053.01208615303,42
12.9,O=C(c1cc(Nc2ccc(F)c(F)c2F)ccc1F)N1CCc2ccc(-c3nnn4c3CCOCC4)c(F)c2CN1,[BOS]O=C(c1cc(Nc2ccc(F)c(F)c2F)ccc1F)N1CCc2ccc(-c3nnn4c3CCOCC4)c(F)c2CN1[EOS],14990.253259181976,42
12.3,Cc1cccc(-c2cccc(Cn3c([O-])cc4c3CCCCC4)c2)c1,[BOS]Cc1cccc(-c2cccc(Cn3c([O-])cc4c3CCCCC4)c2)c1[EOS],19335.89109969139,42
12.4,NC(=O)NC(Cc1nc(C2CCc3ccccc32)no1)c1cccc2ccccc12,[BOS]NC(=O)N[C@H](Cc1nc([C@H]2CCc3ccccc32)no1)c1cccc2ccccc12[EOS],25091.071739435196,42
12.1,Cc1onc(-c2ccc(F)cc2)c1-c1nc(C2Cc3ccccc32)no1,[BOS]Cc1onc(-c2ccc(F)cc2)c1-c1nc([C@@H]2Cc3ccccc32)no1[EOS],29530.616747140884,42
12.1,Cc1ccc(-c2nnc(Cc3cccc(F)c3F)o2)cc1NC(=O)c1ccc(CSc2cc(F)cc(F)c2)cc1,[BOS]Cc1ccc(-c2nnc(Cc3cccc(F)c3F)o2)cc1NC(=O)c1ccc(CSc2cc(F)cc(F)c2)cc1[EOS],34649.73088979721,42
11.7,Cc1cnn(Cc2cccc(C(F)(F)F)c2)c1Nc1cc(=O)n2ccccc2n1,[BOS]Cc1cnn(Cc2cccc(C(F)(F)F)c2)c1Nc1cc(=O)n2ccccc2n1[EOS][EOS][EOS][EOS][EOS][EOS][EOS],39747.89580512047,42
11.8,N#CCn1c(C(=O)OCC(=O)N2c3ccccc3-n3cccc3C2c2ccccc2)cc2ccccc2c1=O,[BOS]N#CCn1c(C(=O)OCC(=O)N2c3ccccc3-n3cccc3[C@H]2c2ccccc2)cc2ccccc2c1=O[EOS],44622.66177010536,42
12.3,Cc1ccc(-c2noc(C3COc4ccccc4-c4ccccc43)n2)cc1S(=O)(=O)NCc1ccc(F)cc1,[BOS]Cc1ccc(-c2noc([C@H]3COc4ccccc4-c4ccccc43)n2)cc1S(=O)(=O)NCc1ccc(F)cc1[EOS],49243.47306680679,42
12.3,O=C(C[NH+]1CCC(N2Cc3ccccc3C2=O)C1)Nc1cccc2c1c(=O)[nH]c1ccccc12,[BOS]O=C(C[NH+]1CC[C@H](N2Cc3ccccc3C2=O)C1)Nc1cccc2c1C(=O)Nc1ccccc1-2[EOS],54490.995733976364,42
11.7,CC1Oc2cc(C(=O)Nc3ncc(F)cc3C(=O)c3ccccc3)ccc2-c2ccccc2C1=O,[BOS]C[C@H]1Oc2cc(C(=O)Nc3ncc(F)cc3C(=O)c3ccccc3)ccc2-c2ccccc2C1=O[EOS],58393.78832697868,42
12.3,O=C(NCC(O)c1ccc2ccccc2c1)C1CC2CCCCC2N1C(=O)c1ccc(F)cc1F,[BOS]O=C(NC[C@@H](O)c1ccc2ccccc2c1)[C@@H]1C[C@H]2CCCC[C@H]2N1C(=O)c1ccc(F)cc1F[EOS],6048.318061351776,42
11.1,Clc1ccnc(CNc2c(-c3ccccc3)c[nH]c3nccc2-3)c1Cl,[BOS]Clc1ccnc(CNc2c(-c3ccccc3)c[nH]c3nccc2-3)c1Cl[EOS],9849.352581262589,42
12.6,Cc1cccc(NC(=O)CN2Cc3ccccc3-c3ccccc32)c1C(=N)Nc1nccc(-c2cccnc2)n1,[BOS]Cc1cccc(NC(=O)CN2Cc3ccccc3-c3ccccc32)c1C(=N)Nc1nccc(-c2cccnc2)n1[EOS],14914.156468629837,42
12.5,Cc1onc(-c2cccc(C(F)(F)F)c2)c1-c1nc(-c2ccc(F)c3c2C(=O)CC3)no1,[BOS]Cc1onc(-c2cccc(C(F)(F)F)c2)c1-c1nc(-c2ccc(F)c3c2C(=O)CC3)no1[EOS],19745.583292245865,42
12.1,Cc1cccc(Cn2c3c(ccc2=O)CCN(c2ncnc4ccc5ccccc5c24)CC3)n1,[BOS]Cc1cccc(Cn2c3c(ccc2=O)CCN(c2ncnc4ccc5ccccc5c24)CC3)n1[EOS],24756.190378189087,42
13.0,CN(CC(=O)N1CCc2ccccc2C1)C(=O)c1ccc2[nH]c3c(c2c1)CCCCC3Oc1cccc2ccccc12,[BOS]CN(CC(=O)N1CCc2ccccc2C1)C(=O)c1ccc2[nH]c3c(c2c1)CCCCC3Oc1cccc2ccccc12[EOS],29826.58666729927,42
12.7,CC(=Cc1nc(CC(=O)Nc2cccc3ccccc23)no1)c1ccccc1C(F)(F)F,[BOS]CC(=Cc1nc(CC(=O)Nc2cccc3ccccc23)no1)c1ccccc1C(F)(F)F[EOS],35701.68717980385,42
13.2,O=C1c2ccccc2N2C=Cc3ccccc3C2N1Cc1csc(-c2ccc3c(c2)Oc2ccccc2O3)n1,[BOS]O=C1c2ccccc2N2C=Cc3ccccc3C2N1Cc1csc(-c2ccc3c(c2)Oc2ccccc2O3)n1[EOS],40865.397238731384,42
11.3,CC1Oc2ccccc2C1Nc1cc(-c2nn[n-]n2)[nH+]c2ccccc12,[BOS]C[C@H]1Oc2ccccc2[C@H]1Nc1cc(-c2nn[n-]n2)[nH+]c2ccccc12[EOS],44673.14296793938,42
11.4,Cc1ccc(C(=O)N2CCC(NC(=O)C(NC(=O)Cc3ccc4ccccc4c3)C(C)C)CC2)cc1,[BOS]Cc1ccc(C(=O)N2CCC(NC(=O)[C@@H](NC(=O)Cc3ccc4ccccc4c3)C(C)C)CC2)cc1[EOS],50327.13250827789,42
11.4,O=C1NCC(C(=O)Nc2cccc3c2CC[NH+](CC2CCCO2)C3)c2ccccc21,[BOS]O=C1NC[C@H](C(=O)Nc2cccc3c2CC[NH+](C[C@@H]2CCCO2)C3)c2ccccc21[EOS],54432.77407026291,42
11.8,O=C(CC1COCCN1C(=O)Cc1cnc2ccccc2c1)c1ccc2ccccc2c1,[BOS]O=C(C[C@@H]1COCCN1C(=O)Cc1cnc2ccccc2c1)c1ccc2ccccc2c1[EOS],59361.09105968475,42
12.3,O=C(Nc1cccc(Oc2ccnc3ccccc23)c1)C1CSC2(c3ccc(F)cc3)CCC(=O)N12,[BOS]O=C(Nc1cccc(Oc2ccnc3ccccc23)c1)[C@@H]1CS[C@]2(c3ccc(F)cc3)CCC(=O)N12[EOS],5729.842931270599,42
12.5,O=C(c1cccc2cc[nH]c12)N1CC2(CCCN2C(=O)COc2cccc3ccccc23)C1,[BOS]O=C(c1cccc2cc[nH]c12)N1CC2(CCCN2C(=O)COc2cccc3ccccc23)C1[EOS],10240.167324066162,42
12.3,O=C(c1nn(-c2cc(Cl)ccc2F)c2c1CCC2)N1CCC2CC(O)CCC2C1,[BOS]O=C(c1nn(-c2cc(Cl)ccc2F)c2c1CCC2)N1CC[C@@H]2C[C@H](O)CC[C@H]2C1[EOS],14581.168626070023,42
11.8,O=C(N=c1sccn1Cc1cccc2ccccc12)c1nncc2ccccc12,[BOS]O=C(/N=c1\sccn1Cc1cccc2ccccc12)c1nncc2ccccc12[EOS],19338.278967380524,42
12.2,Cc1cccc(C2CCCN2C(=O)Nc2cc(Cl)ccc2C(F)(F)F)c1C,[BOS]Cc1cccc([C@@H]2CCCN2C(=O)Nc2cc(Cl)ccc2C(F)(F)F)c1C[EOS],23547.84136033058,42
12.7,O=C(NCCc1nnc(-c2cc3ccccc3c3cccnc23)o1)N1CCc2ccccc2C1,[BOS]O=C(NCCc1nnc(-c2cc3ccccc3c3cccnc23)o1)N1CCc2ccccc2C1[EOS],29686.698055267334,42
12.6,O=C(Oc1cccc2c1CNC2=O)C(=Cc1ccco1)n1nnnc1-c1ccccc1,[BOS]O=C1NCc2c(OC(=O)C(=Cc3ccco3)n3nnnc3-c3ccccc3)cccc21[EOS],34667.31647872925,42
11.3,CC1CN(c2ccc(CNC(=O)N3CCC(c4cccc(C(F)(F)F)c4)C3)cn2)CCO1,[BOS]C[C@H]1CN(c2ccc(CNC(=O)N3CC[C@@H](c4cccc(C(F)(F)F)c4)C3)cn2)CCO1[EOS][EOS][EOS][EOS][EOS][EOS][EOS][EOS],39513.30899000168,42
11.9,Cc1ccc(C2CCCCN2C(=O)c2cccc(N3C(=O)c4ccccc4C3=O)c2)cc1C,[BOS]Cc1ccc([C@@H]2CCCCN2C(=O)c2cccc(N3C(=O)c4ccccc4C3=O)c2)cc1C[EOS],43986.18093800545,42
11.7,O=C(c1ccccc1)N1CCCC([NH+]2CCCC3(CC(=O)N(c4ccccn4)C3=O)C2)C1,[BOS]O=C(c1ccccc1)N1CCC[C@@H]([NH+]2CCC[C@]3(CC(=O)N(c4ccccn4)C3=O)C2)C1[EOS][EOS][EOS][EOS][EOS][EOS][EOS][EOS],48435.140097379684,42
13.0,O=C1CCc2c1cccc2-c1noc(C2(Cc3cccc(C(F)(F)F)c3)CCCCC2)n1,[BOS]O=C1CCc2c1cccc2-c1noc(C2(Cc3cccc(C(F)(F)F)c3)CCCCC2)n1[EOS],53159.13646149635,42
11.9,Fc1cccc(-c2ncnc3c2CC[NH+](Cc2cc(Cl)nc4ccccc24)CC3)c1,[BOS]Fc1cccc(-c2ncnc3c2CC[NH+](Cc2cc(Cl)nc4ccccc24)CC3)c1[EOS],57092.3364174366,42
12.9,O=C(Cc1cccc2ccccc12)Nc1nc2ccc(-c3nn[n-]n3)cc2[nH]1,[BOS]O=C(Cc1cccc2ccccc12)Nc1nc2ccc(-c3nn[n-]n3)cc2[nH]1[EOS],5158.084468603134,42
11.6,CC(NC(=O)c1cc(-c2ccc(F)cc2)nc2onc(C3CC3)c12)c1ccc2[nH]c(=O)[nH]c2c1,[BOS]C[C@H](NC(=O)c1cc(-c2ccc(F)cc2)nc2onc(C3CC3)c12)c1ccc2[nH]c(=O)[nH]c2c1[EOS],10082.795409202576,42
13.4,Fc1cc(C2Nc3c(Br)cccc3C3C=C(c4ccc(C(F)(F)F)cc4)N=C32)ccc1OCc1cccc(F)c1F,[BOS]Fc1cc(C2Nc3c(Br)cccc3C3C=C(c4ccc(C(F)(F)F)cc4)N=C32)ccc1OCc1cccc(F)c1F[EOS][EOS],14476.174240589142,42
12.7,Cc1ccccc1-c1noc(CCl)c1-c1nn(C(=O)c2ccc3c(c2)NNC3)ccc1=O,[BOS]Cc1ccccc1-c1noc(CCl)c1-c1nn(C(=O)c2ccc3c(c2)NNC3)ccc1=O[EOS],19391.32967877388,42
12.0,O=C(c1onc2ccccc12)N1CCOCC2(C1)CN(C(=O)C1(F)CCCC=C1F)CCO2,[BOS]O=C(c1onc2ccccc12)N1CCOC[C@@]2(C1)CN(C(=O)[C@]1(F)CCCC=C1F)CCO2[EOS][EOS][EOS][EOS][EOS][EOS][EOS],23812.85297560692,42
12.8,O=C(c1ccnn1-c1ccc2ccc(-c3ccccc3)cn12)N1Cc2ccccc2C(F)(F)C1,[BOS]O=C(c1ccnn1-c1ccc2ccc(-c3ccccc3)cn12)N1Cc2ccccc2C(F)(F)C1[EOS],29780.712960243225,42
12.3,O=C1NC(=Nc2ccc(F)cc2)SC1=Cc1cccc(-c2cc(Cl)cc(Cl)c2)c1OCc1ccc(F)cc1Cl,[BOS]O=C1N/C(=N\c2ccc(F)cc2)SC1=Cc1cccc(-c2cc(Cl)cc(Cl)c2)c1OCc1ccc(F)cc1Cl[EOS][EOS][EOS][EOS],34434.14691567421,42
14.2,Ic1ccc2nc(CN(c3ccccc3)c3ccc4ccccc4c3)cn2c1-c1cccc(-n2c3ccccc3c3ccccc32)c1,[BOS]Ic1ccc2nc(CN(c3ccccc3)c3ccc4ccccc4c3)cn2c1-c1cccc(-n2c3ccccc3c3ccccc32)c1[EOS],40067.9197576046,42
12.3,O=C(NC1COCc2ccccc21)c1cccc(S(=O)(=O)Nc2cccc(C(F)(F)F)c2)c1,[BOS]O=C(N[C@@H]1COCc2ccccc21)c1cccc(S(=O)(=O)Nc2cccc(C(F)(F)F)c2)c1[EOS],44927.151340961456,42
13.2,CC(C=NN1C(=O)NC(C)(c2ccc3ccccc3c2)C1=O)=CC(=O)N1CC=c2ccccc2=N1,[BOS]CC(=CC(=O)N1CC=c2ccccc2=N1)/C=N/N1C(=O)N[C@@](C)(c2ccc3ccccc3c2)C1=O[EOS],49712.026149988174,42
13.0,O=C(Cc1cc2ccccc2c(=O)[nH]1)Nc1c(O)cccc1-c1ccc2cc(F)c3c(c2n1)OC1(CCCC1)C3=O,[BOS]O=C(Cc1cc2ccccc2c(=O)[nH]1)Nc1c(O)cccc1-c1ccc2cc(F)c3c(c2n1)OC1(CCCC1)C3=O[EOS],54597.268931388855,42
12.4,O=C(Nc1nc2ccccc2[nH]1)c1cc(C2OCCC2Nc2nccc(-c3ccc4c(c3)NCO4)n2)ccc1F,[BOS]Fc1ccc([C@@H]2OCC[C@@H]2Nc2nccc(-c3ccc4c(c3)NCO4)n2)cc1C(=O)Nc1nc2ccccc2[nH]1[EOS],58728.899956941605,42
12.9,O=C(Cn1c(=O)[nH]c(=O)c2ccccc21)Nc1n[nH]c(-c2cccc3ccccc23)n1,[BOS]O=C(Cn1c(=O)[nH]c(=O)c2ccccc21)Nc1n[nH]c(-c2cccc3ccccc23)n1[EOS],5375.382580757141,42
12.9,CCc1ccccc1-c1ccc2nonc2c1C(O)=Nc1cccc(-c2cc(C)c3nccc(C4CC4)c3c2)c1,[BOS]CCc1ccccc1-c1ccc2nonc2c1C(O)=Nc1cccc(-c2cc(C)c3nccc(C4CC4)c3c2)c1[EOS],10403.11260676384,42
11.0,O=C1NCCc2c(NC(=O)C3CNc4ccccc43)nc3c(Cl)cc(Cn4cc(Br)cn4)cc3c21,[BOS]O=C1NCCc2c(NC(=O)[C@H]3CNc4ccccc43)nc3c(Cl)cc(Cn4cc(Br)cn4)cc3c21[EOS][EOS][EOS][EOS],14512.739777803421,42
12.0,Cc1cccc(N2CC(C(=O)N3CCc4ccc([N+](=O)[O-])cc43)CCC2=O)c1C,[BOS]Cc1cccc(N2C[C@H](C(=O)N3CCc4ccc([N+](=O)[O-])cc43)CCC2=O)c1C[EOS],18459.985207796097,42
12.6,CC(N=[N+]=[N-])c1cc2cc(Cl)ccc2nc1Cc1ccc(OCc2cccc(F)c2)c2ccccc12,[BOS]C[C@H](N=[N+]=[N-])c1cc2cc(Cl)ccc2nc1Cc1ccc(OCc2cccc(F)c2)c2ccccc12[EOS],23982.664511203766,42
11.8,O=C(NC1CCCc2cc(-c3ccccc3)ccc21)c1cccc2cnccc12,[BOS]O=C(N[C@@H]1CCCc2cc(-c3ccccc3)ccc21)c1cccc2cnccc12[EOS],28547.74678325653,42
13.0,Fc1ccc(Cc2nc3c(ccc4ccccc43)o2)cc1C(=S)Nc1ccc2cc3ccccc3cc2n1,[BOS]Fc1ccc(Cc2nc3c(ccc4ccccc43)o2)cc1C(=S)Nc1ccc2cc3ccccc3cc2n1[EOS],33777.57450556755,42
12.1,Cc1ccc(C(=O)N2CCCCC2c2cc(NC(=O)c3cccc4ccncc34)n[nH]2)c(C)c1C,[BOS]Cc1ccc(C(=O)N2CCCC[C@H]2c2cc(NC(=O)c3cccc4ccncc34)n[nH]2)c(C)c1C[EOS][EOS][EOS][EOS][EOS][EOS],38634.10032224655,42
11.8,CN(C(c1ccccc1)c1ccc(F)cc1)S(=O)(=O)c1cc2c(cc1F)NC(=O)CC2,[BOS]CN([C@H](c1ccccc1)c1ccc(F)cc1)S(=O)(=O)c1cc2c(cc1F)NC(=O)CC2[EOS],43395.43430876732,42
12.5,Cc1ccc(-n2nc(C(=O)NCc3ccc4c(c3)C(=O)NCC4)c3c2CCCC3)c(C)c1,[BOS]Cc1ccc(-n2nc(C(=O)NCc3ccc4c(c3)C(=O)NCC4)c3c2CCCC3)c(C)c1[EOS],48299.41351103783,42
12.9,CC(=O)Nc1cc(C(=O)N2CCC(c3ccc(C)c4ccccc34)CC2)cc(C(F)(F)F)c1,[BOS]CC(=O)Nc1cc(C(=O)N2CCC(c3ccc(C)c4ccccc34)CC2)cc(C(F)(F)F)c1[EOS],52969.491631269455,42
12.3,CC(C)C(=O)Nc1cc2ccccc2cc1-c1nc(CC(=O)Nc2ccccc2Oc2ccccc2)no1,[BOS]CC(C)C(=O)Nc1cc2ccccc2cc1-c1nc(CC(=O)Nc2ccccc2Oc2ccccc2)no1[EOS],58195.48990511894,42
13.6,O=C1CC(c2nc3ccccc3n2Cc2cccc3ccccc23)N1c1ccc(Cl)c2ccccc12,[BOS]O=C1C[C@@H](c2nc3ccccc3n2Cc2cccc3ccccc23)N1c1ccc(Cl)c2ccccc12[EOS],6204.58173251152,42
11.8,Cc1cccc2c1CCC([NH+]1CCn3c(nnc3-c3cncc(Br)c3)C1)C2,[BOS]Cc1cccc2c1CC[C@@H]([NH+]1CCn3c(nnc3-c3cncc(Br)c3)C1)C2[EOS],10017.342391729355,42
13.0,COC(=O)c1cc(Oc2ccc3nnc(-c4cccc(C)c4)n3n2)cc(-c2cnc3cc(F)c(F)cc3c2)c1,[BOS]COC(=O)c1cc(Oc2ccc3nnc(-c4cccc(C)c4)n3n2)cc(-c2cnc3cc(F)c(F)cc3c2)c1[EOS],15143.165744781494,42
11.2,Fc1ccc(C2OCc3cc(-c4noc(CCc5ccc(Cl)c(Cl)n5)n4)ccc32)cc1,[BOS]Clc1ccc(CCc2nc(-c3ccc4c(c3)CO[C@@H]4c3ccc(F)cc3)no2)nc1Cl[EOS][EOS][EOS][EOS][EOS],19494.221240997314,42
13.0,CC(Cn1ncc2ccccc2c1=O)c1nc2ccc(F)cc2n1C1CCN(C(=O)C2COc3ccccc3O2)CC1,[BOS]C[C@H](Cn1ncc2ccccc2c1=O)c1nc2ccc(F)cc2n1C1CCN(C(=O)[C@@H]2COc3ccccc3O2)CC1[EOS],24672.791519641876,42
12.7,O=C(CCc1cnc2[nH]ccc2c1)NC1(O)C=Cc2ccccc2C1c1c(O)ccc2ccccc12,[BOS]O=C(CCc1cnc2[nH]ccc2c1)N[C@]1(O)C=Cc2ccccc2[C@H]1c1c(O)ccc2ccccc12[EOS],31192.903525590897,42
12.5,O=C(Nc1csnc1-c1cccc(C(F)(F)F)c1)c1ccccc1C(=O)c1ccc(F)c(F)c1,[BOS]O=C(Nc1csnc1-c1cccc(C(F)(F)F)c1)c1ccccc1C(=O)c1ccc(F)c(F)c1[EOS],36042.61648964882,42
12.6,Cc1cccc2c(C(=O)N3CCC(C4CCCCN4C(=O)C4CCc5ccccc54)CC3)[nH]nc12,[BOS]Cc1cccc2c(C(=O)N3CCC([C@H]4CCCCN4C(=O)[C@H]4CCc5ccccc54)CC3)[nH]nc12[EOS],41373.229875564575,42
11.5,Nc1c(F)ccc(-c2noc(Cc3cccc(OCc4cccc(Cl)c4)c3)n2)c1F,[BOS]Nc1c(F)ccc(-c2noc(Cc3cccc(OCc4cccc(Cl)c4)c3)n2)c1F[EOS],46155.51361322403,42
12.8,O=C(Cc1ccc2c(c1)C[NH2+]CC2)Nc1n[nH]c(-c2cccc3ccccc23)n1,[BOS]O=C(Cc1ccc2c(c1)C[NH2+]CC2)Nc1n[nH]c(-c2cccc3ccccc23)n1[EOS],50701.4251844883,42
12.1,CC1c2ccccc2CC1NC(=O)C1CC1c1ccc(-c2cncnc2)c(-c2cccc3ccncc23)c1,[BOS]C[C@@H]1c2ccccc2C[C@H]1NC(=O)[C@@H]1C[C@H]1c1ccc(-c2cncnc2)c(-c2cccc3ccncc23)c1[EOS],55194.36862158775,42
12.4,O=c1[nH]c(C[NH+]2CCCc3c([nH]c4c(F)cccc34)C2)nc2c1ccc1ccccc12,[BOS]O=c1[nH]c(C[NH+]2CCCc3c([nH]c4c(F)cccc34)C2)nc2c1ccc1ccccc12[EOS],59070.53973484039,42
12.2,CC(Oc1ccc2ccccc2c1)C(=O)Oc1ccc2oc(=O)oc2c1,[BOS]C[C@H](Oc1ccc2ccccc2c1)C(=O)Oc1ccc2oc(=O)oc2c1[EOS],5356.259139060974,42
12.4,O=C(Nc1cc(C2CCCCN2C(=O)C2ON=C(c3ccccc3)O2)[nH]n1)c1n[nH]c2ccc(F)cc12,[BOS]O=C(Nc1cc([C@H]2CCCCN2C(=O)[C@H]2ON=C(c3ccccc3)O2)[nH]n1)c1n[nH]c2ccc(F)cc12[EOS],10679.978126764297,42
12.9,Cc1ccc(C(=O)C(CC(=O)c2ccccc2)C2C(=O)c3cccc4cccc2c34)cc1,[BOS]Cc1ccc(C(=O)[C@@H](CC(=O)c2ccccc2)[C@@H]2C(=O)c3cccc4cccc2c34)cc1[EOS],16180.784304618835,42
11.7,O=C(OC(C(=O)c1c[nH]c2ncccc12)c1ccccc1)c1cccc(OCc2cn3ccccc3[nH+]2)c1,[BOS]O=C(O[C@H](C(=O)c1c[nH]c2ncccc12)c1ccccc1)c1cccc(OCc2cn3ccccc3[nH+]2)c1[EOS],21710.922233581543,42
11.3,Cc1nc(C(=O)N2C3CCC2CC(NC(=O)c2n[nH]c4cccc(F)c24)C3)c(C(F)(F)F)o1,[BOS]Cc1nc(C(=O)N2[C@@H]3CC[C@H]2C[C@@H](NC(=O)c2n[nH]c4cccc(F)c24)C3)c(C(F)(F)F)o1[EOS][EOS],26242.51646876335,42
12.4,Cc1ccc2c(c1)N=C(C1CCCN(Cc3nc(-c4ccc(C)c(C(F)(F)F)c4)no3)C1)NS2(=O)=O,[BOS]Cc1ccc(-c2noc(CN3CCCC(C4=Nc5cc(C)ccc5S(=O)(=O)N4)C3)n2)cc1C(F)(F)F[EOS][EOS][EOS][EOS][EOS],31554.985139131546,42
12.8,CC(=O)Nc1cc2ccccc2cc1-c1ccc(NCc2cc(C)cc(F)c2)cc1,[BOS]CC(=O)Nc1cc2ccccc2cc1-c1ccc(NCc2cc(C)cc(F)c2)cc1[EOS],36342.792179346085,42
11.1,Cn1cnc2cc(CNC(=O)NC3CCOc4c(-c5ccccc5)cccc43)ccc21,[BOS]Cn1cnc2cc(CNC(=O)N[C@@H]3CCOc4c(-c5ccccc5)cccc43)ccc21[EOS],41018.61430287361,42
11.6,O=C(Nc1ccc2nnc(-c3ccccc3)n2c1)c1cc(F)cc2cccnc12,[BOS]O=C(Nc1ccc2nnc(-c3ccccc3)n2c1)c1cc(F)cc2cccnc12[EOS],45389.30275917053,42
12.0,Cc1cccc(C(=O)NC2CC[NH+](C3CCN(C(=O)CC4CNc5ccccc5O4)CC3)CC2)c1F,[BOS]Cc1cccc(C(=O)NC2CC[NH+](C3CCN(C(=O)C[C@H]4CNc5ccccc5O4)CC3)CC2)c1F[EOS],51253.39958739281,42
12.7,O=C(c1nc(-c2ccccc2)n2c1CCCCC2)N1CCc2ccc(F)cc2C1,[BOS]O=C(c1nc(-c2ccccc2)n2c1CCCCC2)N1CCc2ccc(F)cc2C1[EOS],55620.368990421295,42
13.3,CC(c1nc2ccccc2c(=O)[nH]1)c1nc(-c2cccc3c2ncn3Cc2ccc(C(F)(F)F)cc2)ccc1C1CC1,[BOS]C[C@H](c1nc2ccccc2c(=O)[nH]1)c1nc(-c2cccc3c2ncn3Cc2ccc(C(F)(F)F)cc2)ccc1C1CC1[EOS],60039.16118645668,42
11.7,Cc1ccc(C([NH2+]C(C)c2ccc3c(c2)CCC(=O)N3)c2cccc(S(C)(=O)=O)c2)c(C)c1,[BOS]Cc1ccc([C@@H]([NH2+][C@@H](C)c2ccc3c(c2)CCC(=O)N3)c2cccc(S(C)(=O)=O)c2)c(C)c1[EOS],4678.786031484604,42
12.8,O=C1NCCC12C[NH+](Cc1ccc(-c3cccc4ccccc34)cc1)CC2c1ccc(F)c(F)c1,[BOS]O=C1NCC[C@]12C[NH+](Cc1ccc(-c3cccc4ccccc34)cc1)C[C@H]2c1ccc(F)c(F)c1[EOS],9437.246753692627,42
12.4,O=C(Nc1n[nH]c2ccccc12)C1Cc2ccccc2CN1S(=O)(=O)c1cc(F)ccc1F,[BOS]O=C(Nc1n[nH]c2ccccc12)[C@@H]1Cc2ccccc2CN1S(=O)(=O)c1cc(F)ccc1F[EOS],13694.81450176239,42
11.6,Clc1ccccc1N1CCCC(Nc2nc(-c3cccnc3)cc3ccccc23)C1,[BOS]Clc1ccccc1N1CCC[C@H](Nc2nc(-c3cccnc3)cc3ccccc23)C1[EOS],18242.33753800392,42
13.0,O=C(NCc1ccc(Oc2cccc3ccccc23)cc1)N1CCC2(C1)C(=O)Nc1ccccc12,[BOS]O=C(NCc1ccc(Oc2cccc3ccccc23)cc1)N1CC[C@]2(C1)C(=O)Nc1ccccc12[EOS],24283.439793109894,42
12.8,O=C(OC(c1ccc2ccccc2c1)C(F)(F)F)c1cc2c([nH]c1=O)CCCC2C(=O)N1CCCCC1c1ccccc1,[BOS]O=C(O[C@@H](c1ccc2ccccc2c1)C(F)(F)F)c1cc2c([nH]c1=O)CCC[C@@H]2C(=O)N1CCCC[C@@H]1c1ccccc1[EOS],28920.796058654785,42
12.1,Cc1cccc(C2(C(=O)Nc3cccc(C(=O)[O-])n3)CCCCCC2)c1,[BOS]Cc1cccc(C2(C(=O)Nc3cccc(C(=O)[O-])n3)CCCCCC2)c1[EOS],33629.62985038757,42
12.6,O=C(NCc1ccc(Oc2cccc3ccccc23)cc1)c1ccc2[nH][nH]c(=O)c2c1,[BOS]O=C(NCc1ccc(Oc2cccc3ccccc23)cc1)c1ccc2[nH][nH]c(=O)c2c1[EOS],39258.86915779114,42
11.6,Cc1ccc(C2CCCN2C(=O)c2c(C)c3ccccc3[nH]c2=O)cc1C,[BOS]Cc1ccc([C@H]2CCCN2C(=O)c2c(C)c3ccccc3[nH]c2=O)cc1C[EOS],43438.241683244705,42
12.5,O=C1CCCc2cc(S(=O)(=O)Nc3nc4c(cnn4-c4nncc5ccccc45)c(=O)[nH]3)c(F)cc2N1,[BOS]O=C1CCCc2cc(S(=O)(=O)Nc3nc4c(cnn4-c4nncc5ccccc45)c(=O)[nH]3)c(F)cc2N1[EOS],48445.642870903015,42
11.6,O=C(NCc1ccccc1Oc1ccccc1)Nc1ccnc(-c2ccccc2)c1,[BOS]O=C(NCc1ccccc1Oc1ccccc1)Nc1ccnc(-c2ccccc2)c1[EOS],53451.05190873146,42
11.8,Cc1noc(-c2ccccc2)c1NC(=O)N(Cc1ccc2ccccc2c1)Cc1cccs1,[BOS]Cc1noc(-c2ccccc2)c1NC(=O)N(Cc1cccs1)Cc1ccc2ccccc2c1[EOS],58062.260291576385,42
12.2,O=C(NCC(O)c1ccc2ccccc2c1)c1cncc(C(=O)N2CC3CCCCC3CC2c2ccccc2)c1,[BOS]O=C(NC[C@@H](O)c1ccc2ccccc2c1)c1cncc(C(=O)N2C[C@H]3CCCC[C@H]3C[C@H]2c2ccccc2)c1[EOS],6408.190734863281,42
12.8,Cc1ccc2nc(C3CCCN3C(=O)Nc3cccc(-c4[nH+]cc5n4CCCC5)c3)[nH]c2c1,[BOS]Cc1ccc2nc([C@H]3CCCN3C(=O)Nc3cccc(-c4[nH+]cc5n4CCCC5)c3)[nH]c2c1[EOS],10727.535910129547,42
12.1,Cc1onc(-c2ccccc2Cl)c1C(=O)N1CC2(CCCC2)c2cccc(Cl)c21,[BOS]Cc1onc(-c2ccccc2Cl)c1C(=O)N1CC2(CCCC2)c2cccc(Cl)c21[EOS],15172.92069387436,42
11.7,CC1Cc2cc(C[NH+]3CC(c4ccccc4)C4COCCC43)ccc2O1,[BOS]C[C@H]1Cc2cc(C[NH+]3C[C@H](c4ccccc4)[C@@H]4COCC[C@@H]43)ccc2O1[EOS],19480.070437431335,42
12.0,CC1CN(C(=O)c2cc3c(n(Cc4ccc(-c5ccccc5)cc4)c2=O)CCCCC3)CCN1,[BOS]C[C@H]1CN(C(=O)c2cc3c(n(Cc4ccc(-c5ccccc5)cc4)c2=O)CCCCC3)CCN1[EOS][EOS][EOS][EOS][EOS][EOS],24153.898702144623,42
13.1,O=C(c1cc2ccccc2c(=O)[nH]1)N1CCCC(c2nnc3ccc(C(F)(F)F)cn23)C1,[BOS]O=C(c1cc2ccccc2c(=O)[nH]1)N1CCC[C@H](c2nnc3ccc(C(F)(F)F)cn23)C1[EOS],28316.796623945236,42
12.2,O=C(NCc1cccc(-c2csc(-c3ccnc4ccccc34)n2)c1)c1ccoc1,[BOS]O=C(NCc1cccc(-c2csc(-c3ccnc4ccccc34)n2)c1)c1ccoc1[EOS],33902.836924791336,42
12.4,FC(F)(c1cc(-c2ccccc2)nnc1Cl)n1cc(-c2ccc3ccccc3n2)c2ccccc21,[BOS]FC(F)(c1cc(-c2ccccc2)nnc1Cl)n1cc(-c2ccc3ccccc3n2)c2ccccc21[EOS],38841.3580596447,42
12.0,CC(C)(C)c1ncccc1-c1cccc(-c2cccc3ccccc23)n1,[BOS]CC(C)(C)c1ncccc1-c1cccc(-c2cccc3ccccc23)n1[EOS],43736.08979010582,42
12.7,O=C(Cc1ccc2c(c1)CCO2)NC(c1ccccc1)c1ccc2ccccc2c1,[BOS]O=C(Cc1ccc2c(c1)CCO2)N[C@@H](c1ccccc1)c1ccc2ccccc2c1[EOS],48684.780977487564,42
11.8,Cn1c(CC(=O)OC(C(=O)Nc2ccccc2C(F)(F)F)c2ccccc2)nc2ccccc2c1=O,[BOS]Cn1c(CC(=O)O[C@@H](C(=O)Nc2ccccc2C(F)(F)F)c2ccccc2)nc2ccccc2c1=O[EOS][EOS][EOS][EOS],55202.05957341194,42
12.3,Cc1ccccc1C1=NOC(C(=O)N2CCCCC2c2nc3ccccc3n2C)C1,[BOS]Cc1ccccc1C1=NO[C@H](C(=O)N2CCCC[C@H]2c2nc3ccccc3n2C)C1[EOS],59726.782819747925,42
11.3,Cn1cc2c(n1)C1CCN(CCOc3ccc(-c4nn5cnnnc5c4CCc4ccccc4)cc3-2)CCO1,[BOS]Cn1nc2c(c1)-c1cc(-c3nn4cnnnc4c3CCc3ccccc3)ccc1OCCN1CC[C@@H]2OCC1[EOS][EOS][EOS][EOS],3790.359039068222,42
13.2,FC(F)(F)C(F)(F)C(F)(F)C(F)(F)c1ccccc1Cc1c(Cl)ccc2nc(-c3cccc(COc4ccccc4Cl)c3)n(Cl)c12,[BOS]Clc1ccc2nc(-c3cccc(COc4ccccc4Cl)c3)n(Cl)c2c1Cc1ccccc1C(F)(F)C(F)(F)C(F)(F)C(F)(F)F[EOS],9282.124514579773,42
11.5,Cc1[nH]nc2ncc(C(=O)N3CCCC(c4cccc(C(F)(F)F)c4)C3)cc12,[BOS]Cc1[nH]nc2ncc(C(=O)N3CCC[C@@H](c4cccc(C(F)(F)F)c4)C3)cc12[EOS],13407.898017644882,42
11.9,Cc1ccc(-c2noc(C(C)NC(=O)c3ccc([N-]C4=NS(=O)(=O)c5ccccc54)cc3)n2)cc1F,[BOS]Cc1ccc(-c2noc([C@@H](C)NC(=O)c3ccc([N-]C4=NS(=O)(=O)c5ccccc54)cc3)n2)cc1F[EOS][EOS][EOS][EOS][EOS][EOS],19262.98935174942,42
12.2,Cc1cccc2c1CCN2CC(=O)N1c2ccccc2SCC1S(=O)(=O)c1ccc2ccccc2c1,[BOS]Cc1cccc2c1CCN2CC(=O)N1c2ccccc2SC[C@@H]1S(=O)(=O)c1ccc2ccccc2c1[EOS],23483.488602161407,42
12.6,O=C(c1ccc2ccccc2n1)N1CCCCC1c1nc(-c2ccccc2)c(-c2ccc(Cl)c(Cl)c2)o1,[BOS]O=C(c1ccc2ccccc2n1)N1CCCC[C@@H]1c1nc(-c2ccccc2)c(-c2ccc(Cl)c(Cl)c2)o1[EOS],28368.82377743721,42
12.6,Cc1onc(-c2cccc(Oc3ncnc4oc(-c5ccccc5)c(-c5ccc(F)cc5)c34)c2)c1C,[BOS]Cc1onc(-c2cccc(Oc3ncnc4oc(-c5ccccc5)c(-c5ccc(F)cc5)c34)c2)c1C[EOS],33961.37518453598,42
12.7,O=C(CCCN1C(=O)c2cccc3cccc(c23)C1=O)Nc1nc2c(s1)CCCC2Cc1ccc(O)cc1,[BOS]O=C(CCCN1C(=O)c2cccc3cccc(c23)C1=O)Nc1nc2c(s1)CCC[C@@H]2Cc1ccc(O)cc1[EOS],40105.66890645027,42
12.4,Cc1cccc(-c2cc(C(F)(F)NC3CCc4ccccc43)nc(Cl)n2)c1,[BOS]Cc1cccc(-c2cc(C(F)(F)NC3CCc4ccccc43)nc(Cl)n2)c1[EOS],44627.90976333618,42
11.0,O=C(C[NH+]1CCCC1c1ccc(O)cc1)Nc1ccccc1C(=O)c1ccccc1,[BOS]O=C(C[NH+]1CCC[C@H]1c1ccc(O)cc1)Nc1ccccc1C(=O)c1ccccc1[EOS],49665.338557720184,42
11.7,Cc1cccc2[nH]c(C[NH+]3CCOC(c4cccc(C(F)(F)F)c4)C3)cc(=O)c12,[BOS]Cc1cccc2[nH]c(C[NH+]3CCO[C@@H](c4cccc(C(F)(F)F)c4)C3)cc(=O)c12[EOS],53898.03253078461,42
12.1,Cc1ccc(C)c(Oc2ccc(CNc3cc(-c4ccccc4)nc(C)n3)cn2)c1,[BOS]Cc1ccc(C)c(Oc2ccc(CNc3cc(-c4ccccc4)nc(C)n3)cn2)c1[EOS],58159.64429831505,42
12.3,Cc1ccc(C2CC(C)N(C(=O)Cn3c([O-])cn4c(cc5ccccc54)c3=O)C2)cc1,[BOS]Cc1ccc([C@H]2C[C@H](C)N(C(=O)Cn3c([O-])cn4c(cc5ccccc54)c3=O)C2)cc1[EOS][EOS][EOS][EOS][EOS][EOS][EOS][EOS],4436.76217508316,42
12.2,O=C(NCC(F)(F)c1ccc(Cl)c(-c2n[nH]c3ccc(C(F)(F)F)cc23)c1)Nc1nc(-c2ccccc2)cs1,[BOS]O=C(NCC(F)(F)c1ccc(Cl)c(-c2n[nH]c3ccc(C(F)(F)F)cc23)c1)Nc1nc(-c2ccccc2)cs1[EOS],10238.03953051567,42
11.8,CC(C(=O)NCc1nccnc1-c1ccc(Cl)cc1)c1cccc(C(=O)Cc2cc[nH]c(=N)c2C2OCCO2)c1,[BOS]C[C@@H](C(=O)NCc1nccnc1-c1ccc(Cl)cc1)c1cccc(C(=O)Cc2cc[nH]c(=N)c2C2OCCO2)c1[EOS],15171.196793556213,42
12.4,O=C(C[NH+]1CCN(C(=O)c2cc3ccccc3c(=O)o2)CC1)NC(c1ccccc1)c1ccccc1,[BOS]O=C(C[NH+]1CCN(C(=O)c2cc3ccccc3c(=O)o2)CC1)NC(c1ccccc1)c1ccccc1[EOS],21232.211510896683,42
12.5,Cc1cccc(-c2nnc3n2CC(C(=O)c2ccccc2[N+](=O)[O-])CC3)c1C,[BOS]Cc1cccc(-c2nnc3n2C[C@@H](C(=O)c2ccccc2[N+](=O)[O-])CC3)c1C[EOS],25672.26321029663,42
12.6,Cc1cc(C[NH+]2Cc3ccccc3-c3ccccc3C2)nc(N2CCCCC2)c1,[BOS]Cc1cc(C[NH+]2Cc3ccccc3-c3ccccc3C2)nc(N2CCCCC2)c1[EOS],29686.309873580933,42
11.7,O=C(CNc1ccc(F)cc1)Nc1cc(C2CCCCN2C(=O)C2CCc3[nH]c(=O)[nH]c(=O)c3C2)[nH]n1,[BOS]O=C(CNc1ccc(F)cc1)Nc1cc([C@@H]2CCCCN2C(=O)[C@@H]2CCc3[nH]c(=O)[nH]c(=O)c3C2)[nH]n1[EOS],35728.300060510635,42
12.7,COc1cc2ccccc2cc1C[NH+](C)C(C)c1nc2ccccc2c(=O)n1-c1ccc(Cl)cc1C,[BOS]COc1cc2ccccc2cc1C[NH+](C)[C@@H](C)c1nc2ccccc2c(=O)n1-c1ccc(Cl)cc1C[EOS],41266.22516798973,42
12.4,O=C(c1c[nH]c2ccccc12)C1CCc2n[nH]c(=O)n2CC1c1ccc(F)cc1C(F)(F)F,[BOS]O=C(c1c[nH]c2ccccc12)[C@H]1CCc2n[nH]c(=O)n2C[C@@H]1c1ccc(F)cc1C(F)(F)F[EOS],46288.700635671616,42
11.4,Cc1noc(CC(NC(=O)c2ccc3[nH]c4ccccc4c(=O)c3c2)c2ccccc2)n1,[BOS]Cc1noc(C[C@@H](NC(=O)c2ccc3[nH]c4ccccc4c(=O)c3c2)c2ccccc2)n1[EOS][EOS][EOS],51150.133155584335,42
12.0,Cc1ccc(C(=O)N2CCCCC2c2cc(NC(=O)c3cnn4ccncc34)n[nH]2)c(C)c1F,[BOS]Cc1ccc(C(=O)N2CCCC[C@@H]2c2cc(NC(=O)c3cnn4ccncc34)n[nH]2)c(C)c1F[EOS],56297.79810714722,42
12.4,Cc1ccc(C(=O)N2CCOCC2)cc1NC(=O)c1nn(-c2ccccc2C)c2c1CCC2,[BOS]Cc1ccc(C(=O)N2CCOCC2)cc1NC(=O)c1nn(-c2ccccc2C)c2c1CCC2[EOS],60768.80192041397,42
11.7,Cc1ccc(F)c(-c2csc(NC(=O)C3Cc4ccc(F)cc43)n2)c1,[BOS]Cc1cc(-c2csc(NC(=O)[C@@H]3Cc4ccc(F)cc43)n2)c(F)cc1[EOS],4303.36562204361,42
13.1,Fc1ccc2cnn(C3CC[NH+](Cc4cccc5c(F)cccc45)CC3)c2c1,[BOS]Fc1cccc2c(C[NH+]3CCC(n4ncc5ccc(F)cc54)CC3)cccc12[EOS],9468.525817871094,42
12.1,Cc1ccccc1-c1cccc(C[NH2+]C2CC(=O)N(C)C2c2ccc(F)c(F)c2)c1,[BOS]Cc1ccccc1-c1cccc(C[NH2+][C@H]2CC(=O)N(C)[C@@H]2c2ccc(F)c(F)c2)c1[EOS],14107.804028511047,42
11.9,O=C(c1cnc2c(F)ccc(F)c2c1)N1CCC2C(CCC[NH+]2Cc2ccccc2)C1,[BOS]O=C(c1cnc2c(F)ccc(F)c2c1)N1CC[C@H]2[C@H](CCC[NH+]2Cc2ccccc2)C1[EOS],18270.82379245758,42
12.8,O=C(Nc1ccc(F)cc1-c1ncc(Cc2ccccc2)o1)c1cccc2c1OC(F)(F)C2,[BOS]O=C(Nc1ccc(F)cc1-c1ncc(Cc2ccccc2)o1)c1cccc2c1OC(F)(F)C2[EOS],23645.968337774277,42
12.0,Cc1ccc(C)c(C2=NOC(C(=O)N3CCCc4c(NC(=O)c5ccccc5F)cccc43)C2)c1,[BOS]Cc1ccc(C)c(C2=NO[C@@H](C(=O)N3CCCc4c(NC(=O)c5ccccc5F)cccc43)C2)c1[EOS],27911.909024715424,42
12.1,Cc1cc(C)cc(-n2ncc3c(O)nc(CC(=O)Nc4ccc5c(c4)CCCC5)nc32)c1,[BOS]Cc1cc(C)cc(-n2ncc3c(O)nc(CC(=O)Nc4ccc5c(c4)CCCC5)nc32)c1[EOS][EOS][EOS][EOS][EOS][EOS][EOS],32622.432731866837,42
12.6,O=C(NCc1ccnc2ccccc12)C(=O)N1CC2(CCCC2)c2cc3c(cc2C1Cl)OCCCO3,[BOS]O=C(NCc1ccnc2ccccc12)C(=O)N1CC2(CCCC2)c2cc3c(cc2[C@@H]1Cl)OCCCO3[EOS],37493.60225939751,42
12.4,Cc1nn(-c2ccccc2)c2nc(C(=O)N3CCC(C(=O)c4ccc5c(c4)NC(=O)C(C)O5)CC3)ccc12,[BOS]Cc1nn(-c2ccccc2)c2nc(C(=O)N3CCC(C(=O)c4ccc5c(c4)NC(=O)[C@@H](C)O5)CC3)ccc12[EOS],42292.91884970665,42
13.6,O=C(c1ccc2ccccc2c1O)N(O)Cc1ccc2c3c(cccc13)C(=O)N2Cc1ccc2ccccc2c1,[BOS]O=C(c1ccc2ccccc2c1O)N(O)Cc1ccc2c3c(cccc13)C(=O)N2Cc1ccc2ccccc2c1[EOS],46425.19462490082,42
13.1,O=C1NC(c2ccc(-c3cccc4ncccc34)cc2)Nc2cc3c(cc21)C(=O)c1ccccc1C3=O,[BOS]O=C1N[C@H](c2ccc(-c3cccc4ncccc34)cc2)Nc2cc3c(cc21)C(=O)c1ccccc1C3=O[EOS],50646.415828466415,42
12.1,Cc1ccc(CC(=O)Nc2cc(C3CCCCN3C(=O)c3cc4cnc5[nH]ccc5c4n3C)[nH]n2)cc1C,[BOS]Cc1ccc(CC(=O)Nc2cc([C@H]3CCCCN3C(=O)c3cc4cnc5[nH]ccc5c4n3C)[nH]n2)cc1C[EOS],56461.146793842316,42
12.7,O=C(c1ccc(C(F)(F)OC(F)(F)F)cc1)C1CCCCN1C(=O)c1ccnc2ccc(F)cc12,[BOS]O=C(c1ccnc2ccc(F)cc12)N1CCCC[C@H]1C(=O)c1ccc(C(F)(F)OC(F)(F)F)cc1[EOS],4706.424857616425,42
12.8,O=C(c1ccc(F)c(-c2ccc3c[nH]nc3c2)c1)N1CCCOC1c1c[nH]c2cc(F)ccc12,[BOS]O=C(c1ccc(F)c(-c2ccc3c[nH]nc3c2)c1)N1CCCOC1c1c[nH]c2cc(F)ccc12[EOS],9006.681665420532,42
11.4,Cc1cc(NC(C)Cn2ncc3ccccc3c2=O)n(-c2cccc(C(F)(F)F)c2)n1,[BOS]Cc1cc(N[C@@H](C)Cn2ncc3ccccc3c2=O)n(-c2cccc(C(F)(F)F)c2)n1[EOS],13465.333708047867,42
12.7,C#Cc1ccc2ccc(C3=CCCc4ccccc43)c(C(=O)c3cc(CC)ccn3)c2n1,[BOS]C#Cc1ccc2ccc(C3=CCCc4ccccc43)c(C(=O)c3cc(CC)ccn3)c2n1[EOS],18039.770366191864,42
11.9,Cn1c(=O)c(C[NH2+]C(c2cccc(C(F)(F)F)c2)C2CCCC2)cc2ccccc21,[BOS]Cn1c(=O)c(C[NH2+][C@@H](c2cccc(C(F)(F)F)c2)C2CCCC2)cc2ccccc21[EOS][EOS][EOS][EOS],22628.98812675476,42
11.4,O=C(NCc1cccc2[nH]ncc12)c1n[nH]c2c(C(F)(F)F)cc(-c3ccccc3)cc12,[BOS]O=C(NCc1cccc2[nH]ncc12)c1n[nH]c2c(C(F)(F)F)cc(-c3ccccc3)cc12[EOS],27257.119745016098,42
12.3,O=S(=O)(NC1c2cccc(F)c2CCC1F)c1ccccc1-c1cnoc1-c1ccc(Oc2cnccn2)cc1Cl,[BOS]O=S(=O)(N[C@@H]1c2cccc(F)c2CC[C@H]1F)c1ccccc1-c1cnoc1-c1ccc(Oc2cnccn2)cc1Cl[EOS],32296.46864771843,42
11.5,Cc1cc(F)cc2c1C[NH+](C1CCN(c3ccccc3C(N)=O)C1=O)CC2,[BOS]Cc1cc(F)cc2c1C[NH+]([C@@H]1CCN(c3ccccc3C(N)=O)C1=O)CC2[EOS],36077.45453500748,42
12.5,O=C1c2c(F)cccc2CCN1C1CCCN(C(F)(F)c2cc(-c3cccc(C(F)(F)F)c3)nnc2Cl)C1,[BOS]O=C1c2c(cccc2F)CCN1[C@@H]1CCCN(C(F)(F)c2cc(-c3cccc(C(F)(F)F)c3)nnc2Cl)C1[EOS][EOS][EOS][EOS][EOS],40966.75902748108,42
12.3,Cc1cc(F)cc(-c2noc(Cc3occ4ccc(F)cc34)n2)c1OC1CC2CCC(C2)N1c1ccccn1,[BOS]Cc1cc(F)cc(-c2noc(Cc3occ4ccc(F)cc34)n2)c1OC1CC2CCC(C2)N1c1ccccn1[EOS],45741.082679986954,42
11.8,O=C(NC1CCCC(c2nc3ccccc3[nH]2)C1)C1CSC2(c3ccc(F)cc3)CCC(=O)N12,[BOS]O=C(N[C@@H]1CCC[C@H](c2nc3ccccc3[nH]2)C1)[C@H]1CS[C@@]2(c3ccc(F)cc3)CCC(=O)N12[EOS],50546.65592002869,42
12.6,NC(=[NH+]C1CCN(S(=O)(=O)c2ccc3ccccc3c2)CC1)c1cccc2ccccc12,[BOS]NC(=[NH+]C1CCN(S(=O)(=O)c2ccc3ccccc3c2)CC1)c1cccc2ccccc12[EOS],56301.67553091049,42
12.0,N#Cc1c[nH]c2ccc(NC3C(=O)Nc4c3ccc3ccccc43)cc2c1=O,[BOS]N#Cc1c[nH]c2ccc(N[C@@H]3C(=O)Nc4c3ccc3ccccc43)cc2c1=O[EOS],4212.957513093948,42
12.7,Cc1cc(F)ccc1Cc1ncccc1-c1cc(NC2CCOC2c2ccc(F)c(F)c2)n2ncc(C)c2n1,[BOS]Cc1cnn2c(N[C@H]3CCO[C@@H]3c3ccc(F)c(F)c3)cc(-c3cccnc3Cc3ccc(F)cc3C)nc12[EOS],9274.754020690918,42
13.9,CC1(c2ccc3ccccc3c2)CN(c2c(Cl)ccc3c2ccc2cccnc23)C2CC=CN=C21,[BOS]CC1(c2ccc3ccccc3c2)CN(c2c(Cl)ccc3c2ccc2cccnc23)C2CC=CN=C21[EOS],14056.83737707138,42
12.3,FC(F)(F)c1nc(C2CCCN(C(F)(F)c3nnc(-c4ccc5ccccc5c4)o3)C2)no1,[BOS]FC(F)(F)c1nc([C@@H]2CCCN(C(F)(F)c3nnc(-c4ccc5ccccc5c4)o3)C2)no1[EOS],18590.705246448517,42
11.9,Cc1cccn2c(=O)c(C(=O)Oc3ccc(O)c(-c4nc5cc(Cl)c(Cl)cc5n4C)c3)c(-c3cccnc3)nc12,[BOS]Cc1cccn2c(=O)c(C(=O)Oc3ccc(O)c(-c4nc5cc(Cl)c(Cl)cc5n4C)c3)c(-c3cccnc3)nc12[EOS][EOS][EOS][EOS][EOS][EOS][EOS],23305.623567819595,42
11.7,O=C(NCC1CCc2ccccc2C1)N1CCCC1c1nc2ccc(Cl)cc2[nH]1,[BOS]O=C(NC[C@H]1CCc2ccccc2C1)N1CCC[C@@H]1c1nc2ccc(Cl)cc2[nH]1[EOS],28001.018124818802,42
13.5,O=C(c1ccc2c(c1)Cc1ccccc1C2c1ccc2ccccc2c1)c1ccccc1-c1ccccc1,[BOS]O=C(c1ccccc1-c1ccccc1)c1ccc2c(c1)Cc1ccccc1C2c1ccc2ccccc2c1[EOS],32928.16505599022,42
13.1,Cc1cccc(-c2cccc(C(=O)Nc3cc(C(=O)N4CC(C)CC(C)C4)ccc3C)c2C)c1,[BOS]Cc1cccc(-c2cccc(C(=O)Nc3cc(C(=O)N4C[C@H](C)C[C@H](C)C4)ccc3C)c2C)c1[EOS],37793.78087425232,42
12.9,O=C1NCCN(C(=O)c2cccc(COc3cccc(C(F)(F)F)c3)c2)C1Cc1ccccc1,[BOS]O=C1NCCN(C(=O)c2cccc(COc3cccc(C(F)(F)F)c3)c2)[C@@H]1Cc1ccccc1[EOS],43404.8766143322,42
13.0,Cn1cc(-c2ccnc(-c3ccc(Oc4ccc(C(F)(F)F)cc4)cc3)n2)c2ccccc2c1=O,[BOS]Cn1cc(-c2ccnc(-c3ccc(Oc4ccc(C(F)(F)F)cc4)cc3)n2)c2ccccc2c1=O[EOS][EOS][EOS],47975.05389904976,42
12.3,O=C(c1cnc2cc(Cl)ccc2c1)N1CC2(CCCN2C(=O)c2ccc3c(Cl)ccnc3c2)C1,[BOS]O=C(c1cnc2cc(Cl)ccc2c1)N1CC2(CCCN2C(=O)c2ccc3c(Cl)ccnc3c2)C1[EOS],52605.3314678669,42
12.2,O=C(CC1CC1C(=O)Nc1nc2ccccc2nc1N1CCCC1)C1=C(F)c2cccnc2C12CCC2,[BOS]O=C(Nc1nc2ccccc2nc1N1CCCC1)[C@H]1C[C@H]1CC(=O)C1=C(F)c2cccnc2C12CCC2[EOS],56992.585542440414,42
11.7,O=C(Cc1c[nH]c2ccccc12)NC1CC2CCC(C1)N2C(=O)C1(c2ccc(Cl)cc2)CCOCC1,[BOS]O=C(Cc1c[nH]c2ccccc12)N[C@H]1C[C@H]2CC[C@@H](C1)N2C(=O)C1(c2ccc(Cl)cc2)CCOCC1[EOS],5338.322727918625,42
12.0,Cc1ccc(N2CC(C(=O)N3CCCC(c4ccncc4)C3)CCC2=O)cc1C,[BOS]Cc1ccc(N2C[C@@H](C(=O)N3CCC[C@@H](c4ccncc4)C3)CCC2=O)cc1C[EOS],10052.061497688293,42
11.9,O=C(CCc1ccnc2ccccc12)N1CCC2(CCc3ccccc32)C1,[BOS]O=C(CCc1ccnc2ccccc12)N1CC[C@@]2(CCc3ccccc32)C1[EOS],14601.813601732254,42
12.6,O=S(=O)(C1CCc2ccccc2C1)N1Cc2ccccc2-c2ccccc2C1,[BOS]O=S(=O)([C@H]1CCc2ccccc2C1)N1Cc2ccccc2-c2ccccc2C1[EOS],18682.69522500038,42
11.5,Cc1cccc(C2CCN(C(=O)CCc3cnc4ccccc4c3)C2)c1,[BOS]Cc1cccc([C@H]2CCN(C(=O)CCc3cnc4ccccc4c3)C2)c1[EOS],22892.794744729996,42
11.7,O=C(NCC1CCOc2ccccc21)N1CCCCC1c1nc(-c2ccccc2)no1,[BOS]O=C(NC[C@@H]1CCOc2ccccc21)N1CCCC[C@H]1c1nc(-c2ccccc2)no1[EOS],27525.204174995422,42
11.9,Cc1cc(O)ccc1NC(=O)Cn1c(=O)c2ccncc2n(-c2cccc(C(F)(F)F)c2)c1=O,[BOS]Cc1cc(O)ccc1NC(=O)Cn1c(=O)c2ccncc2n(-c2cccc(C(F)(F)F)c2)c1=O[EOS],32109.144139528275,42
13.3,O=C1CCC(c2ccccc2)=NN1CC1(O)CCc2ccc(-c3cccc(Oc4ccc(F)c(F)c4)c3F)cc2C1=O,[BOS]O=C1CCC(c2ccccc2)=NN1CC1(O)CCc2ccc(-c3cccc(Oc4ccc(F)c(F)c4)c3F)cc2C1=O[EOS],38071.190120220184,42
11.4,Cc1cccc(CCC(=O)N2CCC([NH+]3CCC(NC(=O)C4CCc5nc[nH]c5C4)CC3)CC2)c1F,[BOS]Cc1cccc(CCC(=O)N2CCC([NH+]3CCC(NC(=O)[C@H]4CCc5nc[nH]c5C4)CC3)CC2)c1F[EOS][EOS][EOS][EOS][EOS],44018.52061748505,42
12.1,Cc1cc(N2C(=O)c3ccccc3NC2c2ccc(F)cc2C)ccc1Cl,[BOS]Cc1cc(F)ccc1[C@H]1Nc2ccccc2C(=O)N1c1ccc(Cl)c(C)c1[EOS],47976.233448028564,42
11.5,O=C(NCC12CCCOC1CCN(C(=O)c1cccc(Cl)c1)C2)c1cc(-c2ccccc2)n2ccccc12,[BOS]O=C(NC[C@@]12CCCO[C@@H]1CCN(C(=O)c1cccc(Cl)c1)C2)c1cc(-c2ccccc2)n2ccccc12[EOS],54083.478379011154,42
11.8,O=C(OC(c1ccncc1)c1ccc(F)cc1)C1C2Cc3ccc(Br)cc3C21,[BOS]O=C(O[C@H](c1ccncc1)c1ccc(F)cc1)[C@@H]1[C@@H]2Cc3ccc(Br)cc3[C@H]21[EOS],58384.920088768005,42
11.5,Cc1cccc(N(c2cn3c(Cl)cccc3[nH+]2)C2CCC3(CC[NH2+]CC3)C2)c1,[BOS]Cc1cccc(N(c2cn3c(Cl)cccc3[nH+]2)[C@@H]2CC[C@@]3(CC[NH2+]CC3)C2)c1[EOS],4142.787927150726,42
11.8,Cc1ccc2nc(C)c(C(=O)N3CCCC(c4nc5ccc(C)cc5[nH]4)C3)cc2c1,[BOS]Cc1ccc2nc(C)c(C(=O)N3CCC[C@@H](c4nc5ccc(C)cc5[nH]4)C3)cc2c1[EOS],8351.294372320175,42
13.1,O=C(c1ccc2cnccc2c1)N1CCC(c2cc3c(-c4cn5c(n4)CCNCC5)cncc3o2)CC1,[BOS]O=C(c1ccc2cnccc2c1)N1CCC(c2cc3c(-c4cn5c(n4)CCNCC5)cncc3o2)CC1[EOS],13436.700285673141,42
12.5,Oc1cc(O)c(C=Cc2c(O)ccc3ccccc23)c(OCC(c2ccccc2)c2cccc3ccccc23)c1,[BOS]Oc1cc(O)cc(OC[C@@H](c2ccccc2)c2cccc3ccccc23)c1C=Cc1c(O)ccc2ccccc12[EOS],19269.23075914383,42
12.6,O=C(OCc1cc(=O)n2c([nH]c3ccccc32)c1-c1ccccc1)c1cncc(C(F)(F)F)c1,[BOS]O=C(OCc1cc(=O)n2c([nH]c3ccccc32)c1-c1ccccc1)c1cncc(C(F)(F)F)c1[EOS],24446.473578214645,42
12.1,O=C(NC1C2CCC(C2)C1c1ccccc1)c1ncn2c1CN(CC(=O)N1CCCC1)S(=O)(=O)c1ccccc1-2,[BOS]O=C(N[C@H]1[C@@H]2CC[C@@H](C2)[C@@H]1c1ccccc1)c1ncn2c1CN(CC(=O)N1CCCC1)S(=O)(=O)c1ccccc1-2[EOS][EOS][EOS][EOS][EOS][EOS][EOS][EOS],29187.13795876503,42
12.6,O=C(NCc1noc2ccccc12)c1cc(-c2cccc3ccccc23)n(-c2ccccc2)n1,[BOS]O=C(NCc1noc2ccccc12)c1cc(-c2cccc3ccccc23)n(-c2ccccc2)n1[EOS],34258.06762909889,42
12.0,Cc1nc(NC(=O)C2Cc3ccc(F)cc32)n(C(=O)c2ccccc2)n1,[BOS]Cc1nc(NC(=O)[C@@H]2Cc3ccc(F)cc32)n(C(=O)c2ccccc2)n1[EOS],38270.544209718704,42
12.5,Clc1ccc(-c2cc(CNC(Cc3nc(-c4nccc5ccccc45)no3)c3cccnc3Cl)c3ccccc3n2)cc1,[BOS]Clc1ncccc1[C@@H](Cc1nc(-c2nccc3ccccc23)no1)NCc1cc(-c2ccc(Cl)cc2)nc2ccccc12[EOS],44880.75791192055,42
13.3,c1ccc(-c2cc(CNc3nnc(-c4cccc5ccccc45)c4ccccc34)cc3sc4ccccc4c23)nc1,[BOS]c1ccc(-c2cc(CNc3nnc(-c4cccc5ccccc45)c4ccccc34)cc3sc4ccccc4c23)nc1[EOS],50381.67951107025,42
12.9,O=C(NC1CCCc2cc(-c3nc(C4CCCc5ccccc54)no3)ccc21)c1ccccc1Cl,[BOS]O=C(N[C@H]1CCCc2cc(-c3nc([C@@H]4CCCc5ccccc54)no3)ccc21)c1ccccc1Cl[EOS],55456.299189805984,42
12.4,Cc1ccc(N2N=C(C(=O)N(C)Cc3cccc4ccccc34)CCC2=O)cc1C,[BOS]Cc1ccc(N2N=C(C(=O)N(C)Cc3cccc4ccccc34)CCC2=O)cc1C[EOS],60055.93714427948,42
12.6,O=C(Nc1c(-c2ccccc2)[nH][nH]c1=O)c1cccc(C(=O)N2CCc3ccccc3C2)c1,[BOS]O=C(Nc1c(-c2ccccc2)[nH][nH]c1=O)c1cccc(C(=O)N2CCc3ccccc3C2)c1[EOS],4696.236043453217,42
13.8,O=C(CCc1c[nH]c2ccccc12)N1c2ccccc2-n2cccc2C1c1ccc(F)c(F)c1,[BOS]O=C(CCc1c[nH]c2ccccc12)N1c2ccccc2-n2cccc2[C@H]1c1ccc(F)c(F)c1[EOS],9833.938525438309,42
11.9,Cn1nc(C(=O)N2CCCN2C(=O)OCC2c3ccccc3-c3ccccc32)c2c1CC(C)(C)CC2=O,[BOS]Cn1nc(C(=O)N2CCCN2C(=O)OCC2c3ccccc3-c3ccccc32)c2c1CC(C)(C)CC2=O[EOS][EOS][EOS][EOS][EOS][EOS][EOS][EOS],15346.198938369751,42
11.5,CC(O)(CNC(=O)c1cn(Cc2ccccc2)nc1-c1cccc(Cl)c1)c1ccc(F)cc1F,[BOS]C[C@@](O)(CNC(=O)c1cn(Cc2ccccc2)nc1-c1cccc(Cl)c1)c1ccc(F)cc1F[EOS][EOS][EOS][EOS][EOS][EOS][EOS],20440.161690711975,42
11.7,CC(NC(=O)C1CCc2ccccc2C1)c1ccc(F)c2ccccc12,[BOS]C[C@H](NC(=O)[C@@H]1CCc2ccccc2C1)c1ccc(F)c2ccccc12[EOS],25082.328141212463,42
13.3,O=C(NC1(c2noc(C3CC(=O)N(c4cccc5ccccc45)C3)n2)CCCCC1)c1ccccc1,[BOS]O=C(NC1(c2noc([C@H]3CC(=O)N(c4cccc5ccccc45)C3)n2)CCCCC1)c1ccccc1[EOS],31215.956206321716,42
13.0,O=C1CCc2cc(NC(=O)NCc3cccc(S(=O)(=O)Nc4cccc(C(F)(F)F)c4)c3)ccc2N1,[BOS]O=C(NCc1cccc(S(=O)(=O)Nc2cccc(C(F)(F)F)c2)c1)Nc1ccc2c(c1)CCC(=O)N2[EOS],37317.76405000687,42
12.7,Cc1cccc(-c2cccc(C(=O)N3CCC(C4C(=O)Nc5ccccc54)CC3)c2)c1,[BOS]Cc1cccc(-c2cccc(C(=O)N3CCC([C@@H]4C(=O)Nc5ccccc54)CC3)c2)c1[EOS],42028.84243583679,42
11.8,Cn1nc(-c2ccccc2)c2c(Nc3ccc4ccccc4c3)n(Cc3ccccc3)nc21,[BOS]Cn1nc(-c2ccccc2)c2c(Nc3ccc4ccccc4c3)n(Cc3ccccc3)nc21[EOS][EOS][EOS],46080.92659640312,42
12.5,Cc1cc(=O)[nH]c(-c2cccc(OCc3cccc(C(=O)NCc4ccco4)c3)c2)n1,[BOS]Cc1cc(=O)[nH]c(-c2cccc(OCc3cccc(C(=O)NCc4ccco4)c3)c2)n1[EOS],51190.68039107323,42
12.0,Cc1onc(-c2ccc(F)cc2)c1-c1nc(C(C)(C)c2ccc(Cl)cc2F)no1,[BOS]Cc1onc(-c2ccc(F)cc2)c1-c1nc(C(C)(C)c2ccc(Cl)cc2F)no1[EOS],55793.404799222946,42
12.3,Cc1cccc(-c2nc(C(=O)NCC(c3ccccc3)c3c[nH]c4ccccc34)c(C)[nH]2)c1,[BOS]Cc1cccc(-c2nc(C(=O)NC[C@H](c3ccccc3)c3c[nH]c4ccccc34)c(C)[nH]2)c1[EOS],60518.08341526985,42
12.4,O=C1CCc2ccccc2N1Cc1coc(-c2cccc3ccccc23)[nH+]1,[BOS]O=C1CCc2ccccc2N1Cc1coc(-c2cccc3ccccc23)[nH+]1[EOS],4952.0481061935425,42
13.3,COc1cc2ccccc2cc1C(=O)N=c1sc2ccccc2n1-c1nc(C)c(C)c2ccccc12,[BOS]COc1cc2ccccc2cc1C(=O)N=c1sc2ccccc2n1-c1nc(C)c(C)c2ccccc12[EOS],9562.03796839714,42
12.1,Cc1ccccc1CCc1cc(NC(=O)C2=C(c3ccccc3)CCCC2)n[nH]1,[BOS]Cc1ccccc1CCc1cc(NC(=O)C2=C(c3ccccc3)CCCC2)n[nH]1[EOS],14446.028281450272,42
12.1,O=c1[nH]c(Cc2noc(CC3CCc4ccccc43)n2)nc2sc3c(c12)CCC(c1ccccc1)C3,[BOS]c1ccc2c(c1)CC[C@H]2Cc1nc(Cc2nc3sc4c(c3c(=O)[nH]2)CC[C@H](c2ccccc2)C4)no1[EOS],19070.998293161392,42
12.2,O=C1C(=NC(=O)C2OC(=O)c3ccccc32)C(Cl)C(=O)c2ccccc21,[BOS]O=C1O[C@H](C(=O)N=C2C(=O)c3ccccc3C(=O)C2Cl)c2ccccc21[EOS],23289.69608092308,42
11.4,O=C(NCC1CCN(c2ccccc2)C1)Nc1ccccc1-c1cccc(C(F)(F)F)c1,[BOS]O=C(NC[C@@H]1CCN(c2ccccc2)C1)Nc1ccccc1-c1cccc(C(F)(F)F)c1[EOS],28613.118664741516,42
12.0,CC(NC(=O)c1cccc2cccnc12)c1nc2ccccc2n1CC1CCN(C(=O)c2nccc(Cl)c2O)C1,[BOS]C[C@@H](NC(=O)c1cccc2cccnc12)c1nc2ccccc2n1C[C@H]1CCN(C(=O)c2nccc(Cl)c2O)C1[EOS],34997.318232774734,42
12.2,CN(CC(=O)N1C2CCC1CC(NC(=O)c1cccc3ccncc13)C2)C(=O)c1ccccc1,[BOS]CN(CC(=O)N1[C@@H]2CC[C@H]1C[C@@H](NC(=O)c1cccc3ccncc13)C2)C(=O)c1ccccc1[EOS],40470.27410912514,42
11.7,Cc1ccccc1-n1nc(C(=O)N(C)c2nsc3ccccc23)c2c1CCC2,[BOS]Cc1ccccc1-n1nc(C(=O)N(C)c2nsc3ccccc23)c2c1CCC2[EOS],44700.290405750275,42
13.7,O=C(Cc1n[nH]c(=O)c2ccccc12)Oc1ccc2ccccc2c1C=C1SC(N2CCCCC2)=[NH+]C1=O,[BOS]O=C(Cc1n[nH]c(=O)c2ccccc12)Oc1ccc2ccccc2c1C=C1SC(N2CCCCC2)=[NH+]C1=O[EOS],50253.66249418259,42
12.1,Oc1ccc2c(c1)CC([NH2+]C(c1cccnc1)c1ccc3c(c1)CCC3)CC2,[BOS]Oc1ccc2c(c1)C[C@H]([NH2+][C@H](c1cccnc1)c1ccc3c(c1)CCC3)CC2[EOS],54319.393022060394,42
12.4,CC1CC(c2ccc(F)cc2)C[NH+]1CN1C(=O)C(=O)c2cccc(CC3CCC4CC(O)=NC4C3)c21,[BOS]C[C@H]1C[C@@H](c2ccc(F)cc2)C[NH+]1CN1C(=O)C(=O)c2cccc(c21)CC1CC[C@@H]2CC(O)=N[C@@H]2C1[EOS],58446.60449171066,42
12.8,Cc1cccc(NC(=O)Nc2cccc(-c3nc(C4(NC(=O)c5ccccc5)CCC4)cc(=O)[nH]3)c2)c1Cl,[BOS]Cc1cccc(NC(=O)Nc2cccc(-c3nc(C4(NC(=O)c5ccccc5)CCC4)cc(=O)[nH]3)c2)c1Cl[EOS],5933.914949655533,42
12.7,CC(Nc1ccccc1NC(=O)c1cccc2ccccc12)c1nccc2ccccc12,[BOS]C[C@@H](Nc1ccccc1NC(=O)c1cccc2ccccc12)c1nccc2ccccc12[EOS],11996.455012321472,42
14.1,Fc1ccccc1-c1ccnc(-c2cc3c4ccccc4n(CCc4ccc5ccccc5c4)c3c3c2ccc2cccnc23)c1,[BOS]Fc1ccccc1-c1ccnc(-c2cc3c4ccccc4n(CCc4ccc5ccccc5c4)c3c3c2ccc2cccnc23)c1[EOS],17114.45171523094,42
12.9,O=S(=O)(c1ccc2ccccc2c1)N1CCCC1c1cccc2ccccc12,[BOS]O=S(=O)(c1ccc2ccccc2c1)N1CCC[C@@H]1c1cccc2ccccc12[EOS],22707.832756519318,42
11.8,Cc1ccc2[nH]cc(C(=O)Nc3c(-c4ccc(F)cc4)[nH]c4ccccc34)c(=O)c2c1,[BOS]Cc1ccc2[nH]cc(C(=O)Nc3c(-c4ccc(F)cc4)[nH]c4ccccc34)c(=O)c2c1[EOS],27111.695165157318,42
13.2,Fc1ccc(-c2ncccc2-c2nc(-c3cnccc3C(F)(F)F)no2)c2ccccc12,[BOS]Fc1ccc(-c2ncccc2-c2nc(-c3cnccc3C(F)(F)F)no2)c2ccccc12[EOS],31574.19996190071,42
12.7,Fc1ccccc1-c1cc(-c2ccccc2-c2nc(-c3ccncc3N3c4ccccc4Oc4ccccc43)cs2)on1,[BOS]Fc1ccccc1-c1noc(-c2ccccc2-c2nc(-c3ccncc3N3c4ccccc4Oc4ccccc43)cs2)c1[EOS],36430.886102199554,42
13.5,O=C(Nc1ccc(Cl)cc1-c1cccc2ccccc12)C1CC(=O)N(c2cccc3ccccc23)C1,[BOS]O=C(Nc1ccc(Cl)cc1-c1cccc2ccccc12)[C@@H]1CC(=O)N(c2cccc3ccccc23)C1[EOS],41678.71191382408,42
12.3,Cc1ccc2nc(C3CCCN(S(=O)(=O)c4ccc5c(c4)Cc4ccccc4-5)C3)[nH]c2c1,[BOS]Cc1ccc2nc([C@H]3CCCN(S(=O)(=O)c4ccc5c(c4)Cc4ccccc4-5)C3)[nH]c2c1[EOS],46309.091353178024,42
12.2,Cc1ccc(C2CC2c2nnc(-c3c(C(F)(F)C(F)(F)F)[nH]c4c(F)cccc34)o2)cc1C,[BOS]Cc1ccc([C@@H]2C[C@@H]2c2nnc(-c3c(C(F)(F)C(F)(F)F)[nH]c4c(F)cccc34)o2)cc1C[EOS],50977.1449368,42
12.4,O=C(NCc1nccc2ccccc12)C1(c2cccc(Br)c2)CCC(N2CC(F)CC2C(F)(F)F)C1=O,[BOS]O=C(NCc1nccc2ccccc12)C1(c2cccc(Br)c2)CC[C@@H](N2C[C@H](F)C[C@H]2C(F)(F)F)C1=O[EOS],56177.70489192009,42
14.5,FC1(F)c2ccccc2C(F)(C(F)(F)F)N1c1cc(-c2ccccc2Oc2ccc3ccccc3c2)nc2ccccc12,[BOS]F[C@]1(C(F)(F)F)c2ccccc2C(F)(F)N1c1cc(-c2ccccc2Oc2ccc3ccccc3c2)nc2ccccc12[EOS],60850.294630765915,42
12.9,O=C(CSc1ccc2c3c(cccc13)CC2)Nc1ccccc1-c1nc(-c2cc3ccccc3oc2=O)no1,[BOS]O=C(CSc1ccc2c3c(cccc13)CC2)Nc1ccccc1-c1nc(-c2cc3ccccc3oc2=O)no1[EOS],6140.87503528595,42
10.9,Cc1cccc(C(NC(=O)c2cc(C=O)c(C)cc2C)c2ccccn2)c1,[BOS]Cc1cccc([C@H](NC(=O)c2cc(C=O)c(C)cc2C)c2ccccn2)c1[EOS],10603.572782993317,42
10.5,CCC(CNC(=O)NC1CCCc2c(C)cccc21)[NH+]1CCc2ccccc2C1,[BOS]CC[C@H](CNC(=O)N[C@@H]1CCCc2c(C)cccc21)[NH+]1CCc2ccccc2C1[EOS],15323.411083221436,42
12.4,Cc1cccc(C(=O)N2CCCCC2c2cc(NC(=O)C3=Cc4ccccc4NC(=O)C3)n[nH]2)c1Cl,[BOS]Cc1cccc(C(=O)N2CCCC[C@@H]2c2cc(NC(=O)C3=Cc4ccccc4NC(=O)C3)n[nH]2)c1Cl[EOS],20974.670958518982,42
11.8,O=C(NC(c1c[nH]c2ccccc12)C(F)(F)F)N1Cc2ccccc2N2CCCC2C1,[BOS]O=C(N[C@H](c1c[nH]c2ccccc12)C(F)(F)F)N1Cc2ccccc2N2CCC[C@H]2C1[EOS],25775.40139746666,42
12.5,Cc1ccc(C(=O)N2CCC(C3CCCCN3C(=O)COc3cccc4ccccc34)CC2)c(F)c1F,[BOS]Cc1ccc(C(=O)N2CCC([C@@H]3CCCCN3C(=O)COc3cccc4ccccc34)CC2)c(F)c1F[EOS],31303.785581111908,42
12.4,O=C1CC(CC(=O)N2CCC(F)(c3cccc(Cl)c3)CC2)c2ccccc21,[BOS]O=C(C[C@@H]1CC(=O)c2ccccc21)N1CCC(F)(c2cccc(Cl)c2)CC1[EOS],35904.10549521446,42
12.1,Cc1ccc2nc(NCc3ccc4onc(C)c4c3)n(-c3ccccc3)c(=O)c2c1,[BOS]Cc1ccc2nc(NCc3ccc4onc(C)c4c3)n(-c3ccccc3)c(=O)c2c1[EOS],39855.337812662125,42
13.3,O=C(c1cc(O)cc(-c2cccc(C(F)(F)F)c2F)c1)N1CCCC1Cc1cnc(C2(F)CCC2)o1,[BOS]O=C(c1cc(O)cc(-c2cccc(C(F)(F)F)c2F)c1)N1CCC[C@H]1Cc1cnc(C2(F)CCC2)o1[EOS],44921.21518588066,42
13.1,O=c1[nH]ccc2c1CC[NH+](Cc1ccc3c(c1O)CCCC3c1ccc3c(c1)OCCO3)C21C[NH+]2CCC1CC2,[BOS]O=c1[nH]ccc2c1CC[NH+](Cc1ccc3c(c1O)CCC[C@@H]3c1ccc3c(c1)OCCO3)C21C[NH+]2CCC1CC2[EOS],49928.601517915726,42
11.7,Cc1ccc(F)cc1-c1nnc(-c2ccc3ccccc3c2)o1,[BOS]Cc1ccc(F)cc1-c1nnc(-c2ccc3ccccc3c2)o1[EOS],53873.27194094658,42
11.8,CC(C(=O)NC(c1ccccc1)c1ccc2c(c1)CCCO2)c1ccc(S(C)(=O)=O)cc1,[BOS]C[C@@H](C(=O)N[C@@H](c1ccccc1)c1ccc2c(c1)CCCO2)c1ccc(S(C)(=O)=O)cc1[EOS],58525.56253409386,42
11.9,CN(Cc1ccc(C(N)=O)cc1)C(=O)c1nn(-c2ccc(F)cc2C(F)(F)F)c2c1CCCC2,[BOS]CN(Cc1ccc(C(N)=O)cc1)C(=O)c1nn(-c2ccc(F)cc2C(F)(F)F)c2c1CCCC2[EOS],5010.685967206955,42
12.0,Cc1c(Cl)cccc1C(=O)N1CCC(C2CCCCN2C(=O)C2(C(=O)Nc3ccccc3)CC2)CC1,[BOS]Cc1c(Cl)cccc1C(=O)N1CCC([C@H]2CCCCN2C(=O)C2(C(=O)Nc3ccccc3)CC2)CC1[EOS],10162.063933849335,42
12.6,NC(=O)c1ccc(-c2ncnc3cc4cc(F)ccc4cc23)c2c1oc1c(F)c(F)ccc12,[BOS]NC(=O)c1ccc(-c2ncnc3cc4cc(F)ccc4cc23)c2c1oc1c(F)c(F)ccc12[EOS],14184.058759450912,42
12.9,CC(C)(Cc1ccc2ccccc2c1)c1nc(-c2ccc3nnc(-c4ccc(F)cc4)n3c2)cc(=O)[nH]1,[BOS]CC(C)(Cc1ccc2ccccc2c1)c1nc(-c2ccc3nnc(-c4ccc(F)cc4)n3c2)cc(=O)[nH]1[EOS],19552.06324696541,42
11.7,CCC1CCC(c2nnc(Cc3ccc4c(c3)OC(F)(F)O4)cc2C(F)(F)F)CN1S(=O)(=O)C1CCCCC1,[BOS]CC[C@H]1CC[C@H](c2nnc(Cc3ccc4c(c3)OC(F)(F)O4)cc2C(F)(F)F)CN1S(=O)(=O)C1CCCCC1[EOS],24644.073985099792,42
12.1,Cc1onc(-c2cccc(F)c2)c1C(=O)OC1Cc2ccccc2C1=O,[BOS]Cc1onc(-c2cccc(F)c2)c1C(=O)O[C@H]1Cc2ccccc2C1=O[EOS],29263.218418836594,42
12.6,Cc1cccc(C2CN(C(=O)c3cncc4ccccc34)CC[NH2+]2)c1C,[BOS]Cc1cccc([C@H]2CN(C(=O)c3cncc4ccccc34)CC[NH2+]2)c1C[EOS],33280.63868808746,42
14.2,Cc1nc2c(cnc3ccc(-c4nc(-c5nc(-c6ccccc6C)nc(C)c5F)cc5c(F)cccc45)cc32)s1,[BOS]Cc1ccccc1-c1nc(C)c(F)c(-c2nc(-c3ccc4ncc5sc(C)nc5c4c3)c3cccc(F)c3c2)n1[EOS],37826.208678007126,42
12.8,CC(C(=O)N1CCCc2cccc(C(=O)[O-])c21)c1ccc2ccccc2c1,[BOS]C[C@@H](C(=O)N1CCCc2cccc(C(=O)[O-])c21)c1ccc2ccccc2c1[EOS],41613.66532611847,42
13.5,O=C(Cc1ccc2ccccc2c1)c1c2c(nc3ccccc13)C(=Cc1ccccc1Cl)CCC2,[BOS]O=C(Cc1ccc2ccccc2c1)c1c2c(nc3ccccc13)C(=Cc1ccccc1Cl)CCC2[EOS],46550.264525175095,42
11.7,Cc1c(C(NC(=O)c2ccc3c(c2)NC(=O)CCN3)C(C)C)oc2ccccc12,[BOS]Cc1c([C@@H](NC(=O)c2ccc3c(c2)NC(=O)CCN3)C(C)C)oc2ccccc12[EOS],50548.755410432816,42
12.3,CC1(C(=O)N2CCc3ccccc3CC2)CCCN(C(=O)OCCc2cccc3ccccc23)C1(F)F,[BOS]C[C@@]1(C(=O)N2CCc3ccccc3CC2)CCCN(C(=O)OCCc2cccc3ccccc23)C1(F)F[EOS],54621.57087516785,42
11.9,CC1c2cc(F)cc(F)c2CCN1S(=O)(=O)C1CCc2ccccc2C1,[BOS]C[C@@H]1c2cc(F)cc(F)c2CCN1S(=O)(=O)[C@@H]1CCc2ccccc2C1[EOS],4105.679783582687,42
12.5,O=C(c1cc(=O)c2ccccc2o1)N1CCC2C1CCN2C(=O)C1CCc2ccccc2C1,[BOS]O=C(c1cc(=O)c2ccccc2o1)N1CC[C@H]2[C@@H]1CCN2C(=O)[C@H]1CCc2ccccc2C1[EOS],8545.089668035507,42
11.4,COc1ccc2c(c1)CC([NH+]1CCC3(CC(=O)N(c4ccc5c(c4)OCCO5)C3)C1)C2,[BOS]COc1ccc2c(c1)C[C@@H]([NH+]1CC[C@]3(CC(=O)N(c4ccc5c(c4)OCCO5)C3)C1)C2[EOS],12546.450189352036,42
12.1,O=S(=O)(C1=Cc2ccccc2CC1)N1CCCC1c1nc(-c2ccccc2)cc(N2CCOCC2)n1,[BOS]O=S(=O)(C1=Cc2ccccc2CC1)N1CCCC1c1nc(-c2ccccc2)cc(N2CCOCC2)n1[EOS],17053.000053167343,42
12.2,CC1CC(C)CC(F)(F)C[NH+](Cc2ccccc2Cn2c([O-])c(-c3ccccc3)[nH]c2=O)C1,[BOS]C[C@@H]1C[C@H](C)C[NH+](Cc2ccccc2Cn2c([O-])c(-c3ccccc3)[nH]c2=O)CC(F)(F)C1[EOS],22532.80789375305,42
11.8,O=C(Nc1ccc(F)cc1C(F)(F)F)C12CCCC1CN(C(F)(F)c1nc(Cl)c3ccccc3n1)C2,[BOS]O=C(Nc1ccc(F)cc1C(F)(F)F)[C@@]12CCC[C@@H]1CN(C(F)(F)c1nc(Cl)c3ccccc3n1)C2[EOS][EOS][EOS][EOS][EOS][EOS][EOS][EOS],27492.535429000854,42
13.7,O=C1CC(c2cccc(OC3CCc4c(F)ccc(F)c43)c2)Oc2c1cccc2-c1cccc2ccccc12,[BOS]O=C1C[C@H](c2cccc(O[C@H]3CCc4c(F)ccc(F)c43)c2)Oc2c1cccc2-c1cccc2ccccc12[EOS],32631.53629875183,42
12.2,O=C(CCc1ccc(F)c(F)c1)N1CCOC2(CCN(C(=O)c3cccc4ccccc34)C2)C1,[BOS]O=C(CCc1ccc(F)c(F)c1)N1CCO[C@@]2(CCN(C(=O)c3cccc4ccccc34)C2)C1[EOS],37949.31526470184,42
10.9,O=C(NC12CCCC1N(C(=O)C1CC13CC3)CC2)C(F)=C1CCCC1,[BOS]O=C(N[C@]12CCC[C@@H]1N(C(=O)[C@@H]1CC13CC3)CC2)C(F)=C1CCCC1[EOS],42177.16279840469,42
12.7,c1ccc(COc2ccccc2N2CCN(c3nc4n[nH]cc4cc3Nc3cccc4ccccc34)CC2)cc1,[BOS]c1ccc(COc2ccccc2N2CCN(c3nc4n[nH]cc4cc3Nc3cccc4ccccc34)CC2)cc1[EOS],48637.112392663956,42
12.0,COc1cccc(N(Cc2ccc3c4c(cccc24)CC3)C(=O)c2cccc3ccccc23)c1,[BOS]COc1cccc(N(Cc2ccc3c4c(cccc24)CC3)C(=O)c2cccc3ccccc23)c1[EOS],53371.108129262924,42
11.5,CC1(c2ccc(F)c(Cl)c2)CC(=O)N(CN2CC3(CCOC3)Cc3ccccc32)C1=O,[BOS]C[C@]1(c2ccc(F)c(Cl)c2)CC(=O)N(CN2C[C@@]3(CCOC3)Cc3ccccc32)C1=O[EOS],57860.826539993286,42
12.2,O=C(NC(c1ccccc1)c1cc2ccccc2o1)C(F)(F)c1ccc(F)cc1,[BOS]O=C(N[C@@H](c1ccccc1)c1cc2ccccc2o1)C(F)(F)c1ccc(F)cc1[EOS],4657.667866230011,42
13.2,Cc1cccc(C=Nn2c(C3CCCCC3)nc3ccccc3c2=O)c1Oc1ccc2ccccc2n1,[BOS]Cc1cccc(/C=N\n2c(C3CCCCC3)nc3ccccc3c2=O)c1Oc1ccc2ccccc2n1[EOS],10023.37551021576,42
13.1,c1ccc(-n2nc(N=C3CC4(CC[NH2+]C4)Cc4ccccc43)c3ccccc32)nc1,[BOS]c1ccc(-n2nc(N=C3CC4(CC[NH2+]C4)Cc4ccccc43)c3ccccc23)nc1[EOS],13981.23875951767,42
12.1,Cc1cccc(C2CCCCN2C(=O)c2cccc(CN3C(=O)c4ccccc4C3=O)c2)c1C,[BOS]Cc1cccc([C@@H]2CCCCN2C(=O)c2cccc(CN3C(=O)c4ccccc4C3=O)c2)c1C[EOS],18865.5231256485,42
13.6,O=C(NS(=O)(=O)c1ccc2ccccc2c1F)c1ccc2c(c1)C(=O)N(c1ccccc1Cl)C(=O)C2=C1[NH2+]NNO1,[BOS]O=C(NS(=O)(=O)c1ccc2ccccc2c1F)c1ccc2c(c1)C(=O)N(c1ccccc1Cl)C(=O)/C2=C1[NH2+]NNO1[EOS],23905.80930376053,42
13.4,OC(c1cccc(C(F)(F)F)c1)c1cccc(-c2nc(C(F)(F)c3ccc(F)cc3)ccc2F)c1F,[BOS]O[C@@H](c1cccc(C(F)(F)F)c1)c1cccc(-c2nc(C(F)(F)c3ccc(F)cc3)ccc2F)c1F[EOS],28973.762366771698,42
12.5,O=C(CCc1c[nH]c2ccccc12)N1CCCc2c(F)ccc(-c3ccnc(-c4cccnc4)n3)c2C1,[BOS]O=C(CCc1c[nH]c2ccccc12)N1CCCc2c(F)ccc(-c3ccnc(-c4cccnc4)n3)c2C1[EOS],34254.73084926605,42
11.9,CC(Cc1nc(-c2cccc(NC(=O)c3ccccn3)c2)no1)c1cccc(C(F)(F)F)c1,[BOS]C[C@@H](Cc1nc(-c2cccc(NC(=O)c3ccccn3)c2)no1)c1cccc(C(F)(F)F)c1[EOS],40006.343760252,42
12.7,Cc1cccc(-c2cnccc2C(=O)NC2C3COCC2CN(C(=O)c2ccc(F)cc2F)C3)c1,[BOS]Cc1cccc(-c2cnccc2C(=O)N[C@H]2[C@@H]3COC[C@H]2CN(C(=O)c2ccc(F)cc2F)C3)c1[EOS],45611.038007736206,42
11.7,O=C(CCOc1ccc2ccccc2c1)Nc1cccc2c1COC2=O,[BOS]O=C(CCOc1ccc2ccccc2c1)Nc1cccc2c1COC2=O[EOS],51043.06794476509,42
12.3,Cc1oc2cc(OC(=O)c3cc(F)c(F)c(F)c3)ccc2c(=O)c1Oc1ccccc1Cl,[BOS]Cc1oc2cc(OC(=O)c3cc(F)c(F)c(F)c3)ccc2c(=O)c1Oc1ccccc1Cl[EOS],56323.21379947662,42
11.6,Cc1cccc2c1C(C)CC2CC(=O)N1CCC(NC(=O)Nc2ccc(F)cc2)C1,[BOS]Cc1cccc2c1[C@H](C)C[C@@H]2CC(=O)N1CC[C@H](NC(=O)Nc2ccc(F)cc2)C1[EOS],60190.105038166046,42
11.9,O=C(c1ccc(-c2coc3ccccc23)cc1)N1CCCN(C(=O)c2cccc(F)c2)CC1,[BOS]O=C(c1ccc(-c2coc3ccccc23)cc1)N1CCCN(C(=O)c2cccc(F)c2)CC1[EOS],4590.602871894836,42
11.5,Cc1cc(N2CC(C(=O)N(CCc3ccccc3)c3nc4ccccc4s3)CC2=O)ccc1F,[BOS]Cc1cc(N2C[C@H](C(=O)N(CCc3ccccc3)c3nc4ccccc4s3)CC2=O)ccc1F[EOS],9239.119973421097,42
12.9,O=C(NC(Cc1ccnc2ccccc12)C(=O)COc1ccc2ccccc2c1)c1ccc(-c2ccc(Cl)c(Cl)c2)cc1,[BOS]O=C(COc1ccc2ccccc2c1)[C@H](Cc1ccnc2ccccc12)NC(=O)c1ccc(-c2ccc(Cl)c(Cl)c2)cc1[EOS],15412.012672901154,42
12.1,Cc1ccccc1-c1nc(CNc2ccc3c(c2)N(C(N)=O)CCC3)cc(=O)[nH]1,[BOS]Cc1ccccc1-c1nc(CNc2ccc3c(c2)N(C(N)=O)CCC3)cc(=O)[nH]1[EOS],19826.951964855194,42
12.3,Cc1ccc(N2CC(C(=O)NNC(=O)CN3C(=O)NC(C)(c4ccc5ccccc5c4)C3=O)CC2=O)cc1F,[BOS]Cc1ccc(N2C[C@@H](C(=O)NNC(=O)CN3C(=O)N[C@@](C)(c4ccc5ccccc5c4)C3=O)CC2=O)cc1F[EOS],26735.584068775177,42
12.2,O=C(C(=Cc1ccc(Cl)cc1)N1C(=O)c2ccccc2C1=O)N1CCc2[nH]ccc2C1,[BOS]O=C(N1CCc2[nH]ccc2C1)C(=Cc1ccc(Cl)cc1)N1C(=O)c2ccccc2C1=O[EOS],31567.87242293358,42
11.5,COc1ccc(C2CCN(C(=O)c3nc(-c4ccccc4C)oc3C)C2)cc1F,[BOS]COc1ccc([C@H]2CCN(C(=O)c3nc(-c4ccccc4C)oc3C)C2)cc1F[EOS],36250.042367219925,42
12.3,Cc1ccc(-c2ccccc2C(=O)NC2CC3CCC(C2)N3C(=O)c2n[nH]c3cc(Cl)ccc23)cc1,[BOS]Cc1ccc(-c2ccccc2C(=O)N[C@H]2C[C@H]3CC[C@@H](C2)N3C(=O)c2n[nH]c3cc(Cl)ccc23)cc1[EOS],41330.06962132454,42
12.5,O=C(c1ccc2[nH]ccc2c1)N1CC2(CCCCN2C(=O)C2ON=C(c3ccccc3)O2)C1,[BOS]O=C(c1ccc2[nH]ccc2c1)N1CC2(CCCCN2C(=O)[C@@H]2ON=C(c3ccccc3)O2)C1[EOS],45857.16272830963,42
13.7,c1ccc2c(-c3[nH]c4ccccc4c3CCCc3cnc4ccc(-c5csc6cnccc56)nn34)cccc2c1,[BOS]c1ccc2[nH]c(-c3cccc4ccccc34)c(CCCc3cnc4ccc(-c5csc6cnccc56)nn34)c2c1[EOS],52714.825978040695,42
12.0,Cc1ccc(S(=O)(=O)n2ccc3c(-c4ccc5c(c4)OCCN5)ccnc32)cc1,[BOS]Cc1ccc(S(=O)(=O)n2ccc3c(-c4ccc5c(c4)OCCN5)ccnc32)cc1[EOS],56954.8156208992,42
11.5,Cc1c(NC2CCC[NH2+]C2c2ccccc2)nnc2c(-c3ccccc3F)cccc12,[BOS]Cc1c(N[C@H]2CCC[NH2+][C@H]2c2ccccc2)nnc2c(-c3ccccc3F)cccc12[EOS],60678.312086343765,42
13.7,Cc1cc(C)c2c(c1)COc1ccccc1C#CC(Sc1nnnn1-c1ccc(C)c3ccccc13)O2,[BOS]Cc1ccc(-n2nnnc2S[C@H]2C#Cc3ccccc3OCc3cc(C)cc(C)c3O2)c2ccccc12[EOS],4321.437200546265,42
12.1,O=C(Nc1nc(-c2ccccc2)co1)c1ccccc1C(=O)c1cccc2ccccc12,[BOS]O=C(Nc1nc(-c2ccccc2)co1)c1ccccc1C(=O)c1cccc2ccccc12[EOS],8478.19199514389,42
12.5,CC(c1cccc2ccccc12)N(C)c1ccc2nnc(-c3ccc(F)cc3)n2n1,[BOS]C[C@H](c1cccc2ccccc12)N(C)c1ccc2nnc(-c3ccc(F)cc3)n2n1[EOS],12399.258180141449,42
14.5,c1cc(-c2ccccc2OCc2ccccc2C(=C2CCC2)c2ccc3ccccc3c2)cc(C2c3ccccc3Oc3ccccc32)c1,[BOS]c1ccc(C(=C2CCC2)c2ccc3ccccc3c2)c(COc2ccccc2-c2cccc(C3c4ccccc4Oc4ccccc43)c2)c1[EOS],20087.521800756454,42
11.7,[NH3+]C1CCCC1C(=O)Nc1cc2ccccc2cc1C(=O)NC1CC1C#Cc1ccc2ccccc2c1,[BOS][NH3+][C@H]1CCC[C@@H]1C(=O)Nc1cc2ccccc2cc1C(=O)N[C@@H]1C[C@H]1C#Cc1ccc2ccccc2c1[EOS],25924.18129467964,42
12.5,Cc1[nH]nc(-c2ccccc2)c1NC(=O)c1cc(=O)[nH]c2ccc(S(=O)Oc3cccc(Cl)c3C)cc12,[BOS]Cc1[nH]nc(-c2ccccc2)c1NC(=O)c1cc(=O)[nH]c2ccc(S(=O)Oc3cccc(Cl)c3C)cc12[EOS],31831.961197137833,42
12.8,O=C(CCNC(=O)c1ccc2ccccc2c1)Nc1nc2ccccc2n1-c1ccccc1F,[BOS]O=C(CCNC(=O)c1ccc2ccccc2c1)Nc1nc2ccccc2n1-c1ccccc1F[EOS],37746.01773142815,42
12.0,Cc1cc(F)ccc1C1CC([NH+]2CCC3(CC2)OC(C(=O)NCc2ccco2)c2ccccc23)CC[NH2+]1,[BOS]Cc1cc(F)ccc1[C@@H]1C[C@@H]([NH+]2CCC3(CC2)O[C@@H](C(=O)NCc2ccco2)c2ccccc23)CC[NH2+]1[EOS],43341.2618329525,42
12.9,O=S(=O)(c1ccc2ncccc2c1)n1cnc2cc(-c3nn[nH]n3)c(-c3ccc4ccccc4c3)cc21,[BOS]O=S(=O)(c1ccc2ncccc2c1)n1cnc2cc(-c3nn[nH]n3)c(-c3ccc4ccccc4c3)cc21[EOS][EOS][EOS][EOS][EOS][EOS][EOS][EOS],48037.27482485771,42
12.2,O=C(NC1CC2CCC(C1)N2C(=O)COc1cccc2ccccc12)C1C2Sc3ccccc3C21,[BOS]O=C(N[C@H]1C[C@H]2CC[C@@H](C1)N2C(=O)COc1cccc2ccccc12)[C@@H]1[C@@H]2Sc3ccccc3[C@H]21[EOS][EOS][EOS][EOS][EOS][EOS],52739.12320184708,42
11.5,Cc1ccc(-c2nc(N)nc(C[NH+]3CCCC4CCCCC43)n2)cc1C,[BOS]Cc1ccc(-c2nc(N)nc(C[NH+]3CCC[C@H]4CCCC[C@H]43)n2)cc1C[EOS],57518.515189647675,42
13.1,Cc1cc(-c2cc(-c3cc4ccccc4nc3O)nc(-n3nc(C)cc3C)n2)n(Cc2ccc(C)c(C)c2)n1,[BOS]Cc1ccc(Cn2nc(C)cc2-c2cc(-c3cc4ccccc4nc3O)nc(-n3nc(C)cc3C)n2)cc1C[EOS],62504.74064707756,42
11.6,CC1COc2ccccc2C1OC(=O)C1CCCN(c2ncnc3ccccc23)C1,[BOS]C[C@@H]1COc2ccccc2[C@@H]1OC(=O)[C@@H]1CCCN(c2ncnc3ccccc23)C1[EOS],4214.086260795593,42
12.1,Cc1ccc(CC(=O)Nc2cc(C3CCCCN3C(=O)C3CC34C(=O)Nc3ccccc34)[nH]n2)cc1C,[BOS]Cc1ccc(CC(=O)Nc2cc([C@@H]3CCCCN3C(=O)[C@@H]3C[C@@]34C(=O)Nc3ccccc34)[nH]n2)cc1C[EOS],10451.059984445572,42
13.4,O=C(CCc1cccc2c1Cc1ccccc1-2)Nc1ccccc1-c1nc(-c2cc3ccccc3c3ccccc23)no1,[BOS]O=C(Nc1ccccc1-c1nc(-c2cc3ccccc3c3ccccc23)no1)CCc1cccc2c1Cc1ccccc1-2[EOS],15594.96052479744,42
12.4,CC(Oc1cccc2ccccc12)c1nnc(C2CC(=O)N(Cc3cccc4ccccc34)C2)o1,[BOS]C[C@H](Oc1cccc2ccccc12)c1nnc([C@@H]2CC(=O)N(Cc3cccc4ccccc34)C2)o1[EOS],20809.251550912857,42
11.9,Cc1cccc(C(NC(=O)C2Cc3ccccc32)c2cccc(F)c2)c1,[BOS]Cc1cccc([C@@H](NC(=O)[C@@H]2Cc3ccccc32)c2cccc(F)c2)c1[EOS],24641.700860261917,42
12.5,O=C(CC1CCn2c1nc1c(Cl)cccc1c2=O)c1ccc(F)c2ccccc12,[BOS]O=C(C[C@@H]1CCn2c1nc1c(Cl)cccc1c2=O)c1ccc(F)c2ccccc12[EOS],29219.806931495667,42
14.0,CC(Nc1nc(-c2cnnc3ccccc23)nc2cccc(F)c12)c1ccc2cc3c(cc2n1)NC(=O)CN3,[BOS]C[C@@H](Nc1nc(-c2cnnc3ccccc23)nc2cccc(F)c12)c1ccc2cc3c(cc2n1)NC(=O)CN3[EOS],34943.17376637459,42
12.8,O=C(Cc1n[nH]c(=O)c2ccccc12)N(Cc1ccccc1)Cc1cccc(C(F)(F)F)c1,[BOS]O=C(Cc1n[nH]c(=O)c2ccccc12)N(Cc1cccc(C(F)(F)F)c1)Cc1ccccc1[EOS],39427.600113391876,42
12.1,Cc1cccc2[nH]cc(CC(=O)Nc3ccc(Cc4nnc5n4CCCCC5)cc3)c12,[BOS]Cc1cccc2[nH]cc(CC(=O)Nc3ccc(Cc4nnc5n4CCCCC5)cc3)c12[EOS],44204.592211961746,42
13.5,Cc1nc(-c2cccc(-c3nnc(-c4ccc5ccccc5c4)o3)c2)nc(N2CCc3ccccc3C2)c1C,[BOS]Cc1nc(-c2cccc(-c3nnc(-c4ccc5ccccc5c4)o3)c2)nc(N2CCc3ccccc3C2)c1C[EOS],48460.173286914825,42
12.3,Fc1ccc2c(CC3C[NH2+]C(c4nc(-c5cccc6ccc(Oc7ccccc7)cc56)no4)C3)noc2c1,[BOS]Fc1ccc2c(C[C@@H]3C[NH2+][C@@H](c4nc(-c5cccc6ccc(Oc7ccccc7)cc56)no4)C3)noc2c1[EOS],52921.39180755615,42
12.4,Cc1onc(-c2ccccc2F)c1-c1nc(C(F)(F)c2cccc(C(F)(F)F)c2)no1,[BOS]Cc1onc(-c2ccccc2F)c1-c1nc(C(F)(F)c2cccc(C(F)(F)F)c2)no1[EOS],57065.79403948784,42
12.6,O=C(Cc1noc2ccccc12)N1CCCc2cc(C(Br)c3cnc4ccccc4c3)cc(F)c21,[BOS]O=C(Cc1noc2ccccc12)N1CCCc2cc(C(Br)c3cnc4ccccc4c3)cc(F)c21[EOS],5186.615184783936,42
11.1,O=C(C=Cc1ccc(O)c(O)c1)N(Cc1cccc2ccccc12)C1CCCC1,[BOS]O=C(C=Cc1ccc(O)c(O)c1)N(Cc1cccc2ccccc12)C1CCCC1[EOS][EOS][EOS][EOS][EOS][EOS][EOS][EOS],10548.143167972565,42
12.8,O=C1CC(c2c(Cl)ccc(Cl)c2Cl)Oc2c1ccc(F)c2C(=O)C=Cc1ccc2ccccc2c1,[BOS]O=C1C[C@@H](c2c(Cl)ccc(Cl)c2Cl)Oc2c1ccc(F)c2C(=O)C=Cc1ccc2ccccc2c1[EOS],15340.70510315895,42
11.9,CC(C)(NS(=O)(=O)C1CCc2ccccc2C1)c1cccc(-c2nn[n-]n2)c1,[BOS]CC(C)(NS(=O)(=O)[C@H]1CCc2ccccc2C1)c1cccc(-c2nn[n-]n2)c1[EOS],19927.078315496445,42
12.6,Cn1ccc2cccc(C(=O)NC3CCc4nc(NC(=O)Cc5ccc6ccccc6c5)sc4C3)c21,[BOS]O=C(Cc1ccc2ccccc2c1)Nc1nc2c(s1)C[C@@H](NC(=O)c1cccc3ccn(C)c13)CC2[EOS],25088.027711868286,42
12.9,O=C(c1nn(-c2cc(C(F)(F)F)ccc2F)c2c1CCC2)N1CC2CC=CCC2C1c1ccccc1,[BOS]O=C(c1nn(-c2cc(C(F)(F)F)ccc2F)c2c1CCC2)N1C[C@@H]2CC=CC[C@H]2[C@H]1c1ccccc1[EOS],29884.682896137238,42
12.7,Cc1ccc(C(=O)N2CC=C(c3ccc(O)cc3)CC2)cc1NC(=O)c1cccc2ccccc12,[BOS]Cc1ccc(C(=O)N2CC=C(c3ccc(O)cc3)CC2)cc1NC(=O)c1cccc2ccccc12[EOS],34600.17221546173,42
11.7,Cc1ccc(C2C(C)CCC[NH+]2Cc2cc(C(=O)[O-])cn2-c2ccccc2C)cc1,[BOS]Cc1ccc([C@H]2[C@@H](C)CCC[NH+]2Cc2cc(C(=O)[O-])cn2-c2ccccc2C)cc1[EOS],38727.021270275116,42
13.4,Cc1cccc(Cn2c3c(ccc2=O)CC(Nc2c(-c4cccc5ccccc45)nn4ccccc24)CC3)n1,[BOS]Cc1cccc(Cn2c3c(ccc2=O)C[C@H](Nc2c(-c4cccc5ccccc45)nn4ccccc24)CC3)n1[EOS],45005.84109354019,42
15.0,c1ccc(-c2ccc3cccc(-c4ccccc4-c4cccc(-c5c6ccn(-c7cccc8ccccc78)c6cc6cccnc56)c4)c3c2)cc1,[BOS]c1ccc(-c2ccccc2-c2cccc3ccc(-c4ccccc4)cc23)cc1-c1c2ncccc2cc2c1ccn2-c1cccc2ccccc12[EOS],51284.676629543304,42
13.8,O=C1Nc2ccccc2C(c2ccccc2Cl)=Nc2cc(N3C(=O)Cn4c(cc5ccccc5c4=O)C3=O)ccc21,[BOS]O=C1c2cc3ccccc3c(=O)n2CC(=O)N1c1ccc2c(c1)N=C(c1ccccc1Cl)c1ccccc1NC2=O[EOS],56233.77867937088,42
12.1,FC(F)(F)c1ccccc1OC(c1ccc2ccccc2c1)c1nnc(Cc2cccc(Cl)c2)o1,[BOS]FC(F)(F)c1ccccc1O[C@H](c1ccc2ccccc2c1)c1nnc(Cc2cccc(Cl)c2)o1[EOS][EOS][EOS][EOS][EOS][EOS][EOS][EOS],60709.47682213783,42
11.9,Cc1ccc(C)c(-c2nn(C[NH+]3CCOC(C)(c4ccccc4)C3)c(=O)c3ccccc23)c1,[BOS]Cc1ccc(C)c(-c2nn(C[NH+]3CCO[C@](C)(c4ccccc4)C3)c(=O)c3ccccc23)c1[EOS][EOS][EOS][EOS][EOS][EOS],4307.507960796356,42
11.8,O=C1CN(C(=O)c2cnc3onc(Cc4ccccc4)c3c2)C2CCCCC2N1,[BOS]O=C1CN(C(=O)c2cnc3onc(Cc4ccccc4)c3c2)[C@@H]2CCCC[C@H]2N1[EOS],8952.358983278275,42
12.3,O=C(c1ccccc1NS(=O)(=O)c1ccc2[nH]c(=O)[nH]c(=O)c2c1)C1CCC(Cc2ccc(F)c(F)c2)CC1,[BOS]O=C(c1ccccc1NS(=O)(=O)c1ccc2[nH]c(=O)[nH]c(=O)c2c1)C1CCC(Cc2ccc(F)c(F)c2)CC1[EOS],15145.37948179245,42
11.6,Cc1ccc2c(c1)CCC2NC(=O)c1cc(F)cc2c(=O)c3cccc(F)c3[nH]c12,[BOS]Cc1ccc2c(c1)CC[C@@H]2NC(=O)c1cc(F)cc2c(=O)c3cccc(F)c3[nH]c12[EOS],19216.043248176575,42
13.4,O=C1CCCCc2ccc(C[S+]([O-])Cc3cccc4ccccc34)cc2-c2cnc(Nc3ccc(F)cn3)nc2N1,[BOS]O=C1CCCCc2ccc(C[S@@+]([O-])Cc3cccc4ccccc34)cc2-c2cnc(Nc3ccc(F)cn3)nc2N1[EOS],24520.82842731476,42
12.3,O=C(Nc1cc(-c2ccccc2)cnn1)c1nnc2c(C(F)(F)F)cc(-c3cccc(C(F)(F)F)c3)cn12,[BOS]O=C(Nc1cc(-c2ccccc2)cnn1)c1nnc2c(C(F)(F)F)cc(-c3cccc(C(F)(F)F)c3)cn12[EOS],28669.99186730385,42
12.1,N#Cc1cccc(-c2cncc(C(=O)c3cccc(C4N=c5ccccc5=[NH+]4)c3)c2)c1,[BOS]N#Cc1cccc(-c2cncc(C(=O)c3cccc(C4N=c5ccccc5=[NH+]4)c3)c2)c1[EOS],33371.31199622154,42
11.4,CC1[NH+]=C(C(=O)NCc2ccc3c(c2)C(=O)NCC3)NN(c2ccccc2)C1=O,[BOS]C[C@H]1[NH+]=C(C(=O)NCc2ccc3c(c2)C(=O)NCC3)NN(c2ccccc2)C1=O[EOS],38242.19466280937,42
12.1,Cc1cccc(C(CC(=O)[O-])NC(=O)c2ccc3c(c2)CC(c2ccccc2)OC3=O)c1C,[BOS]Cc1cccc([C@H](CC(=O)[O-])NC(=O)c2ccc3c(c2)C[C@H](c2ccccc2)OC3=O)c1C[EOS],42780.62108063698,42
12.2,CC(=O)N1CCc2ccc(-c3noc(Cc4noc5cc(C)ccc45)n3)cc2C1c1ccccc1,[BOS]CC(=O)N1CCc2ccc(-c3noc(Cc4noc5cc(C)ccc45)n3)cc2C1c1ccccc1[EOS],46934.842141628265,42
13.0,Cc1ccc(Cc2nnc3ccc(NCCC4CCCc5ccccc54)[nH+]n23)cc1F,[BOS]Cc1ccc(Cc2nnc3ccc(NCC[C@H]4CCCc5ccccc54)[nH+]n23)cc1F[EOS],51581.90650391579,42
12.8,O=C(Nc1cccc2ccccc12)C(c1c[nH]c2c(F)cc(F)cc12)C1CCOCC1,[BOS]O=C(Nc1cccc2ccccc12)[C@H](c1c[nH]c2c(F)cc(F)cc12)C1CCOCC1[EOS],56052.77486658096,42
11.4,O=C(C=Cc1cccc(F)c1)N1CCCC1Cc1ccc(F)cc1F,[BOS]O=C(C=Cc1cccc(F)c1)N1CCC[C@H]1Cc1ccc(F)cc1F[EOS],4788.722180604935,42
12.7,O=C(Nc1cc2n(n1)CCCC2)NC(c1ccc2c(c1)OCO2)c1cccc(Cc2ccccc2F)n1,[BOS]O=C(Nc1cc2n(n1)CCCC2)N[C@@H](c1ccc2c(c1)OCO2)c1cccc(Cc2ccccc2F)n1[EOS],9656.758154392242,42
11.5,CC(NC(=O)c1cccc2c1CCC2)c1cccc(NC(=O)c2ccccc2)c1,[BOS]C[C@@H](NC(=O)c1cccc2c1CCC2)c1cccc(NC(=O)c2ccccc2)c1[EOS],14108.315782546997,42
12.7,Cc1c(C(=O)NCc2cn3c(F)cccc3[nH+]2)oc2c(C)c3ccc(C#Cc4ccccc4F)cc3cc12,[BOS]Cc1c(C(=O)NCc2cn3c(F)cccc3[nH+]2)oc2c(C)c3ccc(C#Cc4ccccc4F)cc3cc12[EOS],18825.800372838974,42
12.6,Cc1cccn2ncc(C(=O)N3CCC4=c5ccccc5=[NH+]C4C3c3cccc(F)c3F)c12,[BOS]Cc1cccn2ncc(C(=O)N3CCC4=c5ccccc5=[NH+][C@H]4[C@H]3c3cccc(F)c3F)c12[EOS],23064.550060749054,42
11.9,c1ccc(Cc2nocc2-c2noc(C3CC3c3cccc4ccccc34)n2)cc1,[BOS]c1ccc(Cc2nocc2-c2noc([C@H]3C[C@@H]3c3cccc4ccccc34)n2)cc1[EOS],27927.75133395195,42
11.4,Cc1ccc(C2(c3noc(-c4n[nH]nc4-c4ccccc4)n3)CCOCC2)cc1C,[BOS]Cc1ccc(C2(c3noc(-c4n[nH]nc4-c4ccccc4)n3)CCOCC2)cc1C[EOS],32375.665412425995,42
12.9,O=C(NCc1cccc(Oc2cccc3ccccc23)c1)c1cn[nH]c1-c1cccnc1,[BOS]O=C(NCc1cccc(Oc2cccc3ccccc23)c1)c1cn[nH]c1-c1cccnc1[EOS],38610.06909584999,42
12.2,O=C(c1ccccc1)c1nc[nH]c1C(=O)N1CCC2(COCc3ccc(-c4ccccc4)cc32)C1,[BOS]O=C(c1[nH]cnc1C(=O)c1ccccc1)N1CC[C@@]2(COCc3ccc(-c4ccccc4)cc32)C1[EOS],43548.061504125595,42
12.1,Fc1ccc(-c2nnc3ccc(NC4CCCc5ccccc5C4)nn23)cc1F,[BOS]Fc1ccc(-c2nnc3ccc(N[C@H]4CCCc5ccccc5C4)nn23)cc1F[EOS][EOS][EOS],50637.76061654091,42
12.4,Fc1ccc(C2CC2c2nc(-c3cccc4ccccc34)no2)cc1C(F)(F)F,[BOS]Fc1ccc([C@@H]2C[C@@H]2c2nc(-c3cccc4ccccc34)no2)cc1C(F)(F)F[EOS],55163.349984407425,42
13.4,O=C(Nc1cccnn1)c1ccc2c3c(cccc13)C(=O)N2Cc1ccc(Cl)cc1-c1cccc(Cl)c1,[BOS]O=C(Nc1cccnn1)c1ccc2c3c(cccc13)C(=O)N2Cc1ccc(Cl)cc1-c1cccc(Cl)c1[EOS],59944.08191990852,42
12.8,O=C(OC1c2ccc(F)cc2CC2OCCCC21)c1ccc2c(c1)C(=O)N(CCc1ccccc1)C2=O,[BOS]O=C(OC1[C@@H]2CCCO[C@H]2Cc2cc(F)ccc21)c1ccc2c(c1)C(=O)N(CCc1ccccc1)C2=O[EOS],5447.854384660721,42
12.5,Cc1onc(-c2ccc(F)cc2)c1-c1nc(C(C)(C)c2ccc3c(c2)OCCO3)no1,[BOS]Cc1onc(-c2ccc(F)cc2)c1-c1nc(C(C)(C)c2ccc3c(c2)OCCO3)no1[EOS],10046.243208885193,42
11.5,O=C(NCc1cc(=O)n2[nH]ccc2n1)Nc1ccc(-c2nnc3n2CCCC3)cc1,[BOS]O=C(NCc1cc(=O)n2[nH]ccc2n1)Nc1ccc(-c2nnc3n2CCCC3)cc1[EOS],14904.54953789711,42
12.7,CC1Cc2cc(-c3ccc(CNc4cccc(-c5nn[n-]n5)c4)cc3)ccc2O1,[BOS]C[C@H]1Cc2cc(-c3ccc(CNc4cccc(-c5nn[n-]n5)c4)cc3)ccc2O1[EOS],19566.9375,42
12.4,O=C(NC(Cc1c[nH]c2cc(F)ccc12)C(=O)Nc1cccnn1)c1ccc2ccccc2c1,[BOS]O=C(Nc1cccnn1)[C@@H](Cc1c[nH]c2cc(F)ccc12)NC(=O)c1ccc2ccccc2c1[EOS],24931.60542702675,42
11.2,CC(OC(=O)c1c[nH]c2ccc(F)cc12)c1nccc2ccccc12,[BOS]C[C@@H](OC(=O)c1c[nH]c2ccc(F)cc12)c1nccc2ccccc12[EOS],29602.085579633713,42
11.8,Cc1ccc(CC2CCCN(C(=O)COc3ccc(C(=O)c4ccccc4)cc3)C2)cc1,[BOS]Cc1ccc(C[C@H]2CCCN(C(=O)COc3ccc(C(=O)c4ccccc4)cc3)C2)cc1[EOS],34640.47947692871,42
12.4,Nc1ccc(C2(Cl)COc3cc(Oc4ccc(N(C(=O)O)c5ccc(F)c(F)c5)cc4)cc(F)c32)c(F)c1F,[BOS]Nc1ccc(C2(Cl)COc3cc(Oc4ccc(N(C(=O)O)c5ccc(F)c(F)c5)cc4)cc(F)c32)c(F)c1F[EOS],40423.93491435051,42
12.1,Cc1ccc2[nH+]c(C3CCCN3C(=O)Nc3c(C(F)(F)F)oc4ccccc34)[nH]c2c1,[BOS]Cc1ccc2[nH+]c([C@H]3CCCN3C(=O)Nc3c(C(F)(F)F)oc4ccccc34)[nH]c2c1[EOS],44762.19680070877,42
13.2,O=C(c1cc2ccccc2oc1=O)N1CCC(O)(c2ccccc2C(F)(F)F)CC1,[BOS]O=C(c1cc2ccccc2oc1=O)N1CCC(O)(c2ccccc2C(F)(F)F)CC1[EOS],49110.41300916672,42
12.7,O=C(CCc1ccc2ccccc2n1)Nc1nc2ccccc2nc1-c1ccc2cnccc2c1,[BOS]O=C(CCc1ccc2ccccc2n1)Nc1nc2ccccc2nc1-c1ccc2cnccc2c1[EOS],54909.2485704422,42
12.9,Cc1ccc(C)c(-c2csc(NC(=O)C(C)[NH+]3CC4CCC(=O)c5cccc3c54)n2)c1,[BOS]Cc1ccc(C)c(-c2csc(NC(=O)[C@H](C)[NH+]3C[C@H]4CCC(=O)c5cccc3c54)n2)c1[EOS],59033.12097287178,42
12.7,O=C(CCc1nnc(-c2cc3cc(Oc4ccc(F)cc4)ccc3c3c2CCCC3)o1)OCn1cnc2ccccc2c1=O,[BOS]O=C(CCc1nnc(-c2cc3cc(Oc4ccc(F)cc4)ccc3c3c2CCCC3)o1)OCn1cnc2ccccc2c1=O[EOS],6832.136624336243,42
11.8,Cc1nc2ccncc2cc1C(=O)N1C2CCC1CC(NC(=O)C1COc3ccccc3O1)C2,[BOS]Cc1nc2ccncc2cc1C(=O)N1[C@@H]2CC[C@H]1C[C@@H](NC(=O)[C@@H]1COc3ccccc3O1)C2[EOS],11300.676731824875,42
12.3,O=C(c1nn(-c2cccc(Br)c2)c2c1CCC2)N1CC=C(c2c[nH]c3ccccc23)CC1,[BOS]O=C(c1nn(-c2cccc(Br)c2)c2c1CCC2)N1CC=C(c2c[nH]c3ccccc23)CC1[EOS],15491.380416631699,42
11.9,Brc1cc2[nH]ncc2cc1-c1nnc(Cc2cccc3ncccc23)c2ccccc12,[BOS]Brc1cc2[nH]ncc2cc1-c1nnc(Cc2cccc3ncccc23)c2ccccc12[EOS],20437.648582935333,42
11.5,CC(NC(=O)C[S+]([O-])C1CCc2ccccc2C1)c1cccc2ccccc12,[BOS]C[C@H](NC(=O)C[S+]([O-])[C@@H]1CCc2ccccc2C1)c1cccc2ccccc12[EOS],25310.13770389557,42
11.6,O=S(=O)(NC(Cc1ccccc1F)c1ccccc1)c1c2ccccc2cc2ccccc12,[BOS]O=S(=O)(N[C@H](Cc1ccccc1F)c1ccccc1)c1c2ccccc2cc2ccccc12[EOS][EOS][EOS][EOS],30265.451723575592,42
12.7,Cc1cc2cc(C(=O)N3CCCCC3c3cc(NC(=O)CCc4ccc5ccccc5n4)n[nH]3)ccc2[nH]1,[BOS]Cc1cc2cc(C(=O)N3CCCC[C@@H]3c3cc(NC(=O)CCc4ccc5ccccc5n4)n[nH]3)ccc2[nH]1[EOS],35587.29143810272,42
12.2,CC(Oc1ccc2ccccc2c1)c1nnc(-c2cn3nccc3nc2-c2ccccc2)o1,[BOS]C[C@@H](Oc1ccc2ccccc2c1)c1nnc(-c2cn3nccc3nc2-c2ccccc2)o1[EOS],40491.389347076416,42
11.8,Cc1cc(F)c(-c2noc(CC3CCc4c3[nH]c3c(Br)cc(F)cc43)n2)cc1Cl,[BOS]Cc1cc(F)c(-c2noc(C[C@H]3CCc4c3[nH]c3c(Br)cc(F)cc43)n2)cc1Cl[EOS],44633.952766656876,42
12.7,Cc1ccc(C2c3c(n[nH]c3-c3ccc(F)cc3Cl)C(=O)N2c2cccc(C)c2Br)cc1[N+](=O)[O-],[BOS]Cc1cccc(N2C(=O)c3n[nH]c(-c4ccc(F)cc4Cl)c3C2c2ccc(C)c([N+](=O)[O-])c2)c1Br[EOS],49431.97671723366,42
12.1,O=C1OCc2c(NCc3cn[nH]c3-c3ccc4cc(Br)ccc4c3)nc(Cl)nc21,[BOS]O=C1OCc2c(NCc3cn[nH]c3-c3ccc4cc(Br)ccc4c3)nc(Cl)nc21[EOS],53517.89687252045,42
12.5,CC1(c2nc(-c3cccc4cnccc34)no2)CC2CCC1N2C(F)(F)c1nc(Cl)c2cc(F)ccc2n1,[BOS]C[C@@]1(c2nc(-c3cccc4cnccc34)no2)CC2CC[C@H]1N2C(F)(F)c1nc(Cl)c2cc(F)ccc2n1[EOS],58053.921241045,42
12.7,OC1=Nc2cc(-c3cnc(O)c(Cc4cccc(-c5cccc(CN6CCC(O)CC6)c5)c4)c3)ccc2SCC1,[BOS]OC1=Nc2cc(-c3cnc(O)c(Cc4cccc(-c5cccc(CN6CCC(O)CC6)c5)c4)c3)ccc2SCC1[EOS][EOS][EOS][EOS],5433.475179672241,42
12.0,O=C(NC1C(=O)NCc2ccccc21)c1cn(Cc2ccc(F)cc2)c2ccccc2c1=O,[BOS]O=C(N[C@@H]1C(=O)NCc2ccccc21)c1cn(Cc2ccc(F)cc2)c2ccccc2c1=O[EOS],9691.697746992111,42
12.4,O=C(c1cc(-c2ccccn2)nc2ccccc12)N1CCc2c(F)c(F)c(F)c(F)c2C1,[BOS]O=C(c1cc(-c2ccccn2)nc2ccccc12)N1CCc2c(F)c(F)c(F)c(F)c2C1[EOS],14178.909122943878,42
10.9,FC(F)c1nnc2ccc(N3CCOC(c4ccc(-c5ccnc6[nH]c(-c7cccnc7)cc56)cc4)C3)nn12,[BOS]FC(F)c1nnc2ccc(N3CCO[C@H](c4ccc(-c5ccnc6[nH]c(-c7cccnc7)cc56)cc4)C3)nn12[EOS][EOS][EOS][EOS][EOS][EOS],17985.484338760376,42
12.4,Cc1ccc(CC(=O)Nc2ccc(CC(=O)Nc3ccccc3F)cc2)c2ccccc12,[BOS]Cc1ccc(CC(=O)Nc2ccc(CC(=O)Nc3ccccc3F)cc2)c2ccccc12[EOS],22945.83721804619,42
12.2,Cc1ccccc1-n1nc(C(=O)N2CC([NH+]3Cc4ccccc4C3)C2)c2c1CCC2,[BOS]Cc1ccccc1-n1nc(C(=O)N2CC([NH+]3Cc4ccccc4C3)C2)c2c1CCC2[EOS],26878.30144262314,42
12.2,Cc1ccc(CC(=O)Nc2cc(C3CCCCN3C(=O)C3CC34C(=O)Nc3ccccc34)[nH]n2)cc1O,[BOS]Cc1ccc(CC(=O)Nc2cc([C@@H]3CCCCN3C(=O)[C@H]3C[C@@]34C(=O)Nc3ccccc34)[nH]n2)cc1O[EOS],33036.51414489746,42
11.7,NC(=O)NC(CC(=O)Nc1n[nH]c2ccc(F)cc12)c1cccc(Oc2ccccc2)c1,[BOS]NC(=O)N[C@@H](CC(=O)Nc1n[nH]c2ccc(F)cc12)c1cccc(Oc2ccccc2)c1[EOS][EOS][EOS],37631.4637863636,42
12.8,[NH3+]C(Cc1c[nH]c2cc(Cl)ccc12)c1nc(-c2ccc3c(c2)COC3c2ccc(F)cc2)no1,[BOS][NH3+][C@@H](Cc1c[nH]c2cc(Cl)ccc12)c1nc(-c2ccc3c(c2)CO[C@H]3c2ccc(F)cc2)no1[EOS],43138.45660018921,42
12.3,O=C(NC1C2Cc3ccccc3C21)C1CCCN1c1ncnc2ccccc12,[BOS]O=C(N[C@@H]1[C@H]2Cc3ccccc3[C@@H]21)[C@H]1CCCN1c1ncnc2ccccc12[EOS],47713.825870752335,42
12.9,Cc1cc(N2CC(C(=O)Nc3cccc(C(N)=O)c3)Cc3ccccc32)c(-c2nn[n-]n2)cc1F,[BOS]Cc1cc(N2C[C@@H](C(=O)Nc3cccc(C(N)=O)c3)Cc3ccccc32)c(-c2nn[n-]n2)cc1F[EOS],52410.54288434982,42
13.2,O=C(Oc1ccc2ccccc2c1)N1CCOc2ccc(C[NH+]3CCN(c4cccc[nH+]4)CC3)cc21,[BOS]O=C(Oc1ccc2ccccc2c1)N1CCOc2ccc(C[NH+]3CCN(c4cccc[nH+]4)CC3)cc21[EOS],57438.85778975487,42
12.6,O=C(Nc1cccc(C(=O)N2CCCc3ccccc32)c1)c1cccc(Nc2ncccn2)c1,[BOS]O=C(Nc1cccc(C(=O)N2CCCc3ccccc32)c1)c1cccc(Nc2ncccn2)c1[EOS],5089.06764960289,42
13.0,NC(=O)NC(Cc1ccc2ccccc2c1)C(=O)N1CCCC(c2nnc(N)o2)C1,[BOS]NC(=O)N[C@@H](Cc1ccc2ccccc2c1)C(=O)N1CCC[C@@H](c2nnc(N)o2)C1[EOS],10784.017541408539,42
13.7,O=C(c1cccc2c(=O)c3cccc(F)c3[nH]c12)N1CCC(n2c(=O)[nH]c3ccccc3c2=O)CC1,[BOS]O=C(c1cccc2c(=O)c3cccc(F)c3[nH]c12)N1CCC(n2c(=O)[nH]c3ccccc3c2=O)CC1[EOS],15294.923795938492,42
13.3,O=C(c1ccc(-c2ccc3ccccc3c2)o1)N1CCc2cc(OCc3nccn3-c3ccccc3Cl)[nH]c2C1,[BOS]O=C(c1ccc(-c2ccc3ccccc3c2)o1)N1CCc2cc(OCc3nccn3-c3ccccc3Cl)[nH]c2C1[EOS],20186.91863822937,42
12.6,O=C1CCc2cccc(OC3CCCN(c4cccc5ccncc45)C3)c2N1,[BOS]O=C1CCc2cccc(O[C@H]3CCCN(c4cccc5ccncc45)C3)c2N1[EOS],24529.652803182602,42
12.7,Fc1ccc(C2CC2c2nnc(-c3cccc4c3ccn4-c3cccc(-c4ccccc4)c3)o2)c2ncccc12,[BOS]Fc1ccc([C@H]2C[C@@H]2c2nnc(-c3cccc4c3ccn4-c3cccc(-c4ccccc4)c3)o2)c2ncccc12[EOS],29542.242212295532,42
11.7,N=C(O)C1=CC(c2ccccc2C(F)(F)F)N(C(=O)NCC2(Cc3ccccn3)CC[NH2+]CC2)c2ccccc21,[BOS]O=C(NCC1(Cc2ccccn2)CC[NH2+]CC1)N1c2ccccc2C(C(=N)O)=CC1c1ccccc1C(F)(F)F[EOS],35179.666006565094,42
12.3,Cc1cccc(NC2CCN(C(=O)c3cccc(C(F)(F)F)c3C)CC2)c1,[BOS]Cc1cccc(NC2CCN(C(=O)c3cccc(C(F)(F)F)c3C)CC2)c1[EOS],39971.77966141701,42
12.7,O=C(c1ccccc1NC(=O)N1CC2CCCc3c(-c4ccccc4)ccc1c32)N1CCOCC1,[BOS]O=C(c1ccccc1NC(=O)N1C[C@H]2CCCc3c(-c4ccccc4)ccc1c32)N1CCOCC1[EOS][EOS][EOS][EOS][EOS][EOS][EOS],45446.116045475006,42
12.1,O=C(Nc1c(-c2ccccc2)[nH]c2ccccc12)C1(c2ccccc2)CCC1,[BOS]O=C(Nc1c(-c2ccccc2)[nH]c2ccccc12)C1(c2ccccc2)CCC1[EOS],50432.54700779915,42
14.5,Fc1ncc(-c2cccc3ccccc23)cc1-c1cc2nccnc2c(-c2cccc3ccccc23)n1,[BOS]Fc1ncc(-c2cccc3ccccc23)cc1-c1cc2nccnc2c(-c2cccc3ccccc23)n1[EOS],56267.93030452728,42
12.1,O=C(CC(=O)N1CCCCC1c1cc(NC(=O)C2Cc3ccccc3C2)n[nH]1)Nc1ccc(F)cc1,[BOS]O=C(CC(=O)N1CCCC[C@H]1c1cc(NC(=O)C2Cc3ccccc3C2)n[nH]1)Nc1ccc(F)cc1[EOS],61933.55937623978,42
13.4,O=C(C1CCc2ccccc2C1)N1CCC(c2nc3c(-c4ccccc4F)cnn3c3ccccc23)C(F)C1,[BOS]O=C([C@H]1CCc2ccccc2C1)N1CCC(c2nc3c(-c4ccccc4F)cnn3c3ccccc23)[C@H](F)C1[EOS],5332.522024393082,42
13.9,FC(F)(F)c1cccc(C(Nc2ncnc3[nH]ccc23)c2cnc3ccccc3c2)c1,[BOS]FC(F)(F)c1cccc([C@@H](Nc2ncnc3[nH]ccc23)c2cnc3ccccc3c2)c1[EOS],10045.496849536896,42
13.1,c1cc(-c2nc(-c3ccc4c5c(cccc35)CC4)no2)c2[nH]c(-c3ccc4c(c3)OCO4)nc2c1,[BOS]c1cc2c(c(-c3nc(-c4ccc5c6c(cccc46)CC5)no3)c1)NC(c1ccc3c(c1)OCO3)=N2[EOS][EOS][EOS][EOS][EOS],13698.120156764984,42
13.5,Cc1ccc(-c2n[nH]c3c2CC(C(=O)N2CC(=O)N(C)c4ccccc42)CC3=O)cc1C(F)(F)F,[BOS]Cc1ccc(-c2n[nH]c3c2C[C@H](C(=O)N2CC(=O)N(C)c4ccccc42)CC3=O)cc1C(F)(F)F[EOS],18176.984887123108,42
13.0,O=C(c1cccc2c1CCCC2)N1CCC(OC2CCN(C(=O)C3CCc4ccccc4O3)CC2)CC1,[BOS]O=C(c1cccc2c1CCCC2)N1CCC(OC2CCN(C(=O)[C@@H]3CCc4ccccc4O3)CC2)CC1[EOS],24078.80731487274,42
11.5,CCC1c2ccccc2C[NH+]1CN1C(=O)NC(C)(c2ccc3c(c2)CCC3)C1=O,[BOS]CC[C@H]1c2ccccc2C[NH+]1CN1C(=O)N[C@](C)(c2ccc3c(c2)CCC3)C1=O[EOS],28182.44534754753,42
13.0,O=C1Nc2ccccc2CC1[NH2+]C(c1ccccc1)c1nc(-c2c(F)cccc2F)cc2ccccc12,[BOS]O=C1Nc2ccccc2C[C@H]1[NH2+][C@H](c1ccccc1)c1nc(-c2c(F)cccc2F)cc2ccccc12[EOS],33320.08570623398,42
11.4,NC(=O)c1cn(CC(=O)N2c3ccccc3CCC2c2ccccc2)c2ccccc2c1=O,[BOS]NC(=O)c1cn(CC(=O)N2c3ccccc3CC[C@@H]2c2ccccc2)c2ccccc2c1=O[EOS],38459.65533709526,42
11.9,Cn1c(-c2cccc(S(=O)(=O)N3CCCCCCC3)c2)nnc1-c1nnc(-c2ccccc2F)o1,[BOS]Cn1c(-c2nnc(-c3ccccc3F)o2)nnc1-c1cccc(S(=O)(=O)N2CCCCCCC2)c1[EOS],42957.89230275154,42
12.1,O=C(NC12CCCC1C[NH+](Cc1cc3ccccc3o1)C2)c1cccc2cn[nH]c12,[BOS]O=C(N[C@]12CCC[C@H]1C[NH+](Cc1cc3ccccc3o1)C2)c1cccc2cn[nH]c12[EOS],47376.69320607185,42
11.0,Cc1ccc(C2(C)N=C(O)N(CC3=NS(=O)(=O)c4ccccc4N3)C2=O)cc1C,[BOS]Cc1ccc([C@]2(C)N=C(O)N(CC3=NS(=O)(=O)c4ccccc4N3)C2=O)cc1C[EOS],51642.73520517349,42
11.9,O=c1[nH]cc(Nc2ccc3ccccc3n2)cc1-c1cnc(C(F)(F)F)nc1OC1CCCCO1,[BOS]O=c1[nH]cc(Nc2ccc3ccccc3n2)cc1-c1cnc(C(F)(F)F)nc1OC1CCCCO1[EOS][EOS][EOS][EOS][EOS][EOS][EOS][EOS],55277.091678619385,42
12.0,Cc1sc(NC(=O)Cc2n[nH]c(=O)c3ccccc23)nc1-c1cccc2ccccc12,[BOS]Cc1sc(NC(=O)Cc2n[nH]c(=O)c3ccccc23)nc1-c1cccc2ccccc12[EOS],4431.437380313873,42
11.5,Fc1ccc2cnc(NC3CCCC4C[NH+](Cc5ccccc5)CC43)nc2c1F,[BOS]Fc1ccc2cnc(N[C@@H]3CCC[C@@H]4C[NH+](Cc5ccccc5)C[C@@H]43)nc2c1F[EOS],8485.58178138733,42
13.1,O=c1[nH]c(Cc2cccc3ccccc23)c([O-])n1C1CCc2ccc(-c3ccccc3)cc21,[BOS]O=c1[nH]c(Cc2cccc3ccccc23)c([O-])n1[C@H]1CCc2ccc(-c3ccccc3)cc21[EOS],13153.66907954216,42
12.9,O=S(=O)(NCC1c2ccccc2-c2ccccc21)c1ccc2ccccc2c1-c1nn[n-]n1,[BOS]O=S(=O)(NCC1c2ccccc2-c2ccccc21)c1ccc2ccccc2c1-c1nn[n-]n1[EOS],18049.38127040863,42
12.8,O=S(=O)(c1cccc2ccccc12)N1CCCC(c2nc3cncc(-c4cccc(C(F)(F)F)c4)c3[nH]2)C1,[BOS]O=S(=O)(c1cccc2ccccc12)N1CCC[C@H](c2nc3cncc(-c4cccc(C(F)(F)F)c4)c3[nH]2)C1[EOS][EOS][EOS][EOS],23053.18816804886,42
12.4,Cc1ccc(-c2noc(C(C)[NH+]3Cc4ccccc4-c4ccccc4C3)n2)c(C)c1N1CC(C)OC(C)C1,[BOS]Cc1ccc(-c2noc([C@H](C)[NH+]3Cc4ccccc4-c4ccccc4C3)n2)c(C)c1N1CC(C)O[C@H](C)C1[EOS],27713.355321645737,42
11.7,Clc1cnc2[nH]ccc2c1-c1nc2ccccc2cc1C1=CCCC=C1C=Cc1cccc2ccccc12,[BOS]Clc1cnc2[nH]ccc2c1-c1nc2ccccc2cc1C1=CCCC=C1C=Cc1cccc2ccccc12[EOS],31891.001859664917,42
12.5,Cc1cc([NH+]=c2cc[nH]c(C(=O)N3CCc4[nH]c5ccccc5c4C3c3ccccc3OCc3ccccc3)c2)ccc1F,[BOS]O=C(c1c/c(=[NH+]\c2ccc(F)c(C)c2)cc[nH]1)N1CCc2[nH]c3ccccc3c2C1c1ccccc1OCc1ccccc1[EOS],36924.85087585449,42
12.0,N#CC(Oc1c(-c2ccccc2)oc2cc(O)ccc2c1=O)c1cccc(Oc2ccccc2)c1,[BOS]N#C[C@@H](Oc1c(-c2ccccc2)oc2cc(O)ccc2c1=O)c1cccc(Oc2ccccc2)c1[EOS][EOS][EOS][EOS][EOS][EOS][EOS],41907.95891904831,42
11.7,c1cnc2cc3c(Nc4ccc5cnccc5c4)cccc3cc2c1,[BOS]c1cc2cnccc2cc1Nc1cccc2cc3cccnc3cc12[EOS],45618.43299674988,42
11.0,CC(=O)c1cn(CCc2ccc3ccccc3c2)c(=O)c(O)c1CC=Cc1ccccc1,[BOS]CC(=O)c1cn(CCc2ccc3ccccc3c2)c(=O)c(O)c1CC=Cc1ccccc1[EOS][EOS][EOS][EOS],50100.62879085541,42
13.3,O=C(c1ccccc1)c1cc2c3cc(Cl)ccc3n(Cc3ccc4ccccc4c3)c2cc1OCCc1ccccc1,[BOS]O=C(c1ccccc1)c1cc2c3cc(Cl)ccc3n(Cc3ccc4ccccc4c3)c2cc1OCCc1ccccc1[EOS],55193.94725418091,42
13.1,O=C(CC(c1ccccc1)c1ccc2ccccc2c1)c1cccc2c1Cc1c(F)c(F)cc(-c3ccccc3)c1-2,[BOS]O=C(CC(c1ccccc1)c1ccc2ccccc2c1)c1cccc2c1Cc1c(F)c(F)cc(-c3ccccc3)c1-2[EOS],6045.491723775864,42
14.1,CC(=O)N1N=C(c2cccc3ccccc23)OC1c1ccc(OCc2ccc3ccccc3c2)c(-c2ccccc2)c1C,[BOS]CC(=O)N1N=C(c2cccc3ccccc23)O[C@@H]1c1ccc(OCc2ccc3ccccc3c2)c(-c2ccccc2)c1C[EOS],11772.85615158081,42
12.2,CC1(c2ccc3c(c2)CCC3)NC(=O)N(CN2CCC(C(O)=Nc3ccc4ccccc4c3)CC2)C1=O,[BOS]CC1(c2ccc3c(c2)CCC3)NC(=O)N(CN2CCC(C(O)=Nc3ccc4ccccc4c3)CC2)C1=O[EOS],17343.516778707504,42
11.7,Cn1cc2ccc(CNC(=O)C3CCCN(S(=O)(=O)c4ccc5c(c4)CCCC5)C3)cc2n1,[BOS]Cn1cc2ccc(CNC(=O)[C@H]3CCCN(S(=O)(=O)c4ccc5c(c4)CCCC5)C3)cc2n1[EOS][EOS][EOS][EOS][EOS],22006.77874994278,42
11.4,O=C(CCc1c[nH]c2ccccc12)N1CCC2(CCCN(C(=O)c3ccc(=O)[nH]n3)C2)CC1,[BOS]O=C(CCc1c[nH]c2ccccc12)N1CCC2(CCCN(C(=O)c3ccc(=O)[nH]n3)C2)CC1[EOS][EOS][EOS][EOS][EOS][EOS][EOS],6035.726380586624,42
11.2,Cc1ccc(C(=O)C(=O)N2CCOCC3(CN(C(=O)Cc4c[nH]c5ccc(C)cc45)CCO3)C2)cc1,[BOS]Cc1ccc(C(=O)C(=O)N2CCOC[C@]3(CN(C(=O)Cc4c[nH]c5ccc(C)cc45)CCO3)C2)cc1[EOS][EOS][EOS][EOS][EOS][EOS][EOS][EOS],10831.348456144333,42
11.7,O=C(NCc1cc2ccccc2o1)c1nn(Cc2ccccc2)c2ccccc2c1=O,[BOS]O=C(NCc1cc2ccccc2o1)c1nn(Cc2ccccc2)c2ccccc2c1=O[EOS],15836.009868860245,42
15.0,O=C(Nc1ccccc1C[NH+]1CCC(Nc2nccc3ccccc23)CC1)C1(C2c3ccccc3CCOc3ccccc32)CCOCC1,[BOS]O=C(Nc1ccccc1C[NH+]1CCC(Nc2nccc3ccccc23)CC1)C1(C2c3ccccc3OCCc3ccccc32)CCOCC1[EOS],23653.594685792923,42
13.2,O=C(C=Cc1cccc2ccccc12)c1c(OCc2cccc3ccccc23)ccc2ccccc12,[BOS]O=C(C=Cc1cccc2ccccc12)c1c(OCc2cccc3ccccc23)ccc2ccccc12[EOS],29490.182281017303,42
11.1,Nc1n[nH]c(Cc2nnc(N3CCCC(c4cc5ccccc5[nH]4)C3)n2CC2CC2)n1,[BOS]Nc1n[nH]c(Cc2nnc(N3CCC[C@H](c4cc5ccccc5[nH]4)C3)n2CC2CC2)n1[EOS],33968.17340898514,42
12.4,O=C(CCc1cnc2ccccc2c1)N1CCC2(CCCN(C(=O)C3CC3c3ccc(F)c(F)c3)C2)CC1,[BOS]O=C(CCc1cnc2ccccc2c1)N1CCC2(CCCN(C(=O)[C@@H]3C[C@@H]3c3ccc(F)c(F)c3)C2)CC1[EOS],39879.959923028946,42
13.0,O=C(Nc1n[nH]c2ccc(F)cc12)C1CC1c1cccc2ccccc12,[BOS]O=C(Nc1n[nH]c2ccc(F)cc12)[C@H]1C[C@H]1c1cccc2ccccc12[EOS],43975.04167509079,42
13.8,O=C1OC(c2ccccc2)Cc2cc(C(=O)N3CCCCC3c3nn(-c4ccccn4)c4c3CCN(C3CC3)C4=O)ccc21,[BOS]O=C(c1ccc2c(c1)C[C@@H](c1ccccc1)OC2=O)N1CCCC[C@@H]1c1nn(-c2ccccn2)c2c1CCN(C1CC1)C2=O[EOS],49354.063568115234,42
11.7,CC1(C)N(C(=O)Cc2n[nH]c3cc(Br)ccc23)CCC12C(=O)Oc1ccccc12,[BOS]CC1(C)N(C(=O)Cc2n[nH]c3cc(Br)ccc23)CC[C@@]12C(=O)Oc1ccccc12[EOS][EOS][EOS][EOS],53424.039949417114,42
12.4,O=C(C1C2Cc3ccc(Br)cc3C21)N1CC=C(c2c[nH]c3cc(F)ccc23)CC1,[BOS]O=C([C@@H]1[C@@H]2Cc3ccc(Br)cc3[C@H]21)N1CC=C(c2c[nH]c3cc(F)ccc23)CC1[EOS],57275.75335240364,42
12.5,O=C(NCC1C2Cc3ccccc3C12)Nc1ccn(-c2cccc(F)c2-c2nn[n-]n2)n1,[BOS]O=C(NC[C@@H]1[C@H]2Cc3ccccc3[C@@H]12)Nc1ccn(-c2cccc(F)c2-c2nn[n-]n2)n1[EOS],61605.89126896858,42
12.1,O=C(NCc1cc(-c2ccccc2)ccc1O)Nc1ccc2c(c1)C(=O)CCCC2,[BOS]O=C(NCc1cc(-c2ccccc2)ccc1O)Nc1ccc2c(c1)C(=O)CCCC2[EOS],5214.7920525074005,42
11.6,Cc1cc(F)cc(-c2noc(C3(Cc4ccccc4)CC4CCC3C4)n2)c1F,[BOS]Cc1cc(F)cc(-c2noc([C@@]3(Cc4ccccc4)C[C@H]4CC[C@H]3C4)n2)c1F[EOS],9478.449018716812,42
12.7,CC(=O)Nc1cccc(CC(=O)Nc2ccc3[nH]nc(NC(=O)Cc4noc5ccccc45)c3c2)c1,[BOS]CC(=O)Nc1cccc(CC(=O)Nc2ccc3[nH]nc(NC(=O)Cc4noc5ccccc45)c3c2)c1[EOS],15398.009884357452,42
11.7,O=C(NC(c1ccccc1)c1nn[n-]n1)C(=O)c1ccc2ccccc2c1,[BOS]O=C(N[C@H](c1ccccc1)c1nn[n-]n1)C(=O)c1ccc2ccccc2c1[EOS],19594.502660751343,42
12.3,NC(=O)Nc1cccc(CNC(=O)c2cc(-c3ccc(Cl)cc3)cc3ccccc23)c1,[BOS]NC(=O)Nc1cccc(CNC(=O)c2cc(-c3ccc(Cl)cc3)cc3ccccc23)c1[EOS],24370.615800380707,42
13.5,Cc1ccc2[nH]c(CNc3cccc(-c4ccc5c(c4)C(=O)CC5)c3)nc2c1-c1nc2cc(F)ccc2n1C(=N)O,[BOS]Cc1ccc2[nH]c(CNc3cccc(-c4ccc5c(c4)C(=O)CC5)c3)nc2c1-c1nc2cc(F)ccc2n1C(=N)O[EOS],29624.384351730347,42
11.5,O=C1CCCCN1Cc1ccccc1NCC(O)=NC1N=Cc2ccccc2N1c1ccc(Cl)cc1Cl,[BOS]O=C1CCCCN1Cc1ccccc1NCC(O)=NC1N=Cc2ccccc2N1c1ccc(Cl)cc1Cl[EOS],35005.301631212234,42
11.3,Cc1c(Cl)cncc1NC(=O)C(=Cc1ccco1)n1nnnc1-c1ccccc1,[BOS]Cc1c(Cl)cncc1NC(=O)C(=Cc1ccco1)n1nnnc1-c1ccccc1[EOS],39276.020951509476,42
11.7,Cc1c(NC(=O)NCC(C)[NH+]2CCc3ccccc3C2)cccc1-c1nnc2n1CCCCC2,[BOS]Cc1c(NC(=O)NC[C@@H](C)[NH+]2CCc3ccccc3C2)cccc1-c1nnc2n1CCCCC2[EOS],44962.41606283188,42
13.1,Fc1ccc(-c2cccc(F)c2N2CCC(c3ncccc3F)CC2)cc1-c1cc2cncnc2c2[nH]ccc12,[BOS]Fc1cccc(-c2ccc(F)c(-c3cc4cncnc4c4[nH]ccc34)c2)c1N1CCC(c2ncccc2F)CC1[EOS],50152.56553554535,42
11.5,O=C(CCc1ccc2ccccc2n1)N1CCCC(c2cc(Nc3ccccn3)n[nH]2)C1,[BOS]O=C(CCc1ccc2ccccc2n1)N1CCC[C@H](c2cc(Nc3ccccn3)n[nH]2)C1[EOS],54992.71545338631,42
12.2,Cc1cccc2c(C(=O)N3CCCCC3c3cc(NC(=O)C4CCc5ccccc5C4)n[nH]3)[nH]nc12,[BOS]Cc1cccc2c(C(=O)N3CCCC[C@H]3c3cc(NC(=O)[C@@H]4CCc5ccccc5C4)n[nH]3)[nH]nc12[EOS],60144.4595477581,42
11.5,CCc1cc2c(C)cc(=N)oc2cc1Cn1cc2c(nc1=O)C(=O)c1ccccc1C2=O,[BOS]CCc1cc2c(C)cc(=N)oc2cc1Cn1cc2c(nc1=O)C(=O)c1ccccc1C2=O[EOS],4430.013525724411,42
12.1,Cc1ccccc1-n1nc(-c2nc(C3CCCCCC3)no2)c2c1NCCC2,[BOS]Cc1ccccc1-n1nc(-c2nc(C3CCCCCC3)no2)c2c1NCCC2[EOS],8440.02416062355,42
12.5,O=C(c1cc2ccccc2c(Cl)n1)N1CCC(c2ccnc3ccccc23)CC1,[BOS]O=C(c1cc2ccccc2c(Cl)n1)N1CCC(c2ccnc3ccccc23)CC1[EOS],12390.373194694519,42
11.4,O=C1CCC2(CCCN(c3c(-c4nn[n-]n4)c[nH+]c4ccccc34)C2)CN1,[BOS]O=C1CC[C@@]2(CCCN(c3c(-c4nn[n-]n4)c[nH+]c4ccccc34)C2)CN1[EOS],17012.23037481308,42
11.9,Cc1ccc(-c2cccc(CNC(=O)C3CCN(S(=O)(=O)c4ccc5c(c4)CCC5)CC3)c2)cc1,[BOS]Cc1ccc(-c2cccc(CNC(=O)C3CCN(S(=O)(=O)c4ccc5c(c4)CCC5)CC3)c2)cc1[EOS][EOS][EOS][EOS][EOS][EOS][EOS][EOS],22466.748995542526,42
12.4,Cc1ccc(F)c(-n2nc(C(=O)N3CC(=O)N(C)C3c3ccccc3)c3c2CCC3)c1,[BOS]Cc1ccc(F)c(-n2nc(C(=O)N3CC(=O)N(C)[C@@H]3c3ccccc3)c3c2CCC3)c1[EOS],26745.59266281128,42
13.0,O=C(Nc1cccc(Cl)c1F)C(=O)NC1CN(C(=O)C2CC2c2cccc3ccccc23)CC2CCCOC21,[BOS]O=C(N[C@@H]1CN(C(=O)[C@@H]2C[C@H]2c2cccc3ccccc23)C[C@@H]2CCCO[C@@H]21)C(=O)Nc1cccc(Cl)c1F[EOS],31580.381705522537,42
13.6,Cc1cccc2c1CCC(n1cnc3ccc(-c4ccnc5ccccc45)cc31)C2CC(=O)O,[BOS]Cc1cccc2c1CC[C@H](n1cnc3ccc(-c4ccnc5ccccc45)cc31)C2CC(=O)O[EOS],36643.78052902222,42
14.4,CC1(C)Cc2cc(C(c3ccc4ccccc4c3)c3cccc4cccnc34)ccc2C(O)=NNC12CCOCC2,[BOS]CC1(C)Cc2cc(C(c3ccc4ccccc4c3)c3cccc4cccnc34)ccc2C(O)=NNC12CCOCC2[EOS],41469.75896072388,42
12.0,Cc1cc(NC(=O)C(=O)NNc2c(F)c(F)cc(F)c2F)n(-c2cccc3cccnc23)n1,[BOS]Cc1cc(NC(=O)C(=O)NNc2c(F)c(F)cc(F)c2F)n(-c2cccc3cccnc23)n1[EOS],46360.336532115936,42
11.5,[NH3+]C(CCc1ccc(Br)cc1)c1nc2cc(Cc3cccc4ccccc34)ccc2[nH]1,[BOS][NH3+][C@H](CCc1ccc(Br)cc1)c1nc2cc(Cc3cccc4ccccc34)ccc2[nH]1[EOS],51672.499651908875,42
12.9,O=C([O-])C1=CC=C(c2cc3cc4c(cc3[nH]2)OCC(O)=N4)C1C(=O)NCc1cccc2ncccc12,[BOS]O=C(NCc1cccc2ncccc12)[C@@H]1C(C(=O)[O-])=CC=C1c1cc2cc3c(cc2[nH]1)OCC(O)=N3[EOS],56413.25416111946,42
12.1,Cc1ccc(-c2ccccc2C(=O)N2CCOC3(COCCN(C(=O)c4cc(F)c(C)cc4F)C3)C2)cc1,[BOS]Cc1ccc(-c2ccccc2C(=O)N2CCO[C@@]3(COCCN(C(=O)c4cc(F)c(C)cc4F)C3)C2)cc1[EOS],5175.901876211166,42
13.1,O=C(NC1c2ccccc2CCC1O)c1cc(F)c2ccccc2c1Oc1ccc(Nc2ccc(C(F)(F)F)cn2)nc1F,[BOS]O=C(N[C@H]1c2ccccc2CC[C@H]1O)c1cc(F)c2ccccc2c1Oc1ccc(Nc2ccc(C(F)(F)F)cn2)nc1F[EOS],11077.454087257385,42
14.2,OC(c1ccc2ccccc2c1)C1CC(F)(c2cccc3ccccc23)Oc2ccc3ccccc3c21,[BOS]O[C@@H](c1ccc2ccccc2c1)[C@@H]1C[C@](F)(c2cccc3ccccc23)Oc2ccc3ccccc3c21[EOS],17639.939658880234,42
11.8,COc1cccc2c(-c3nc(-c4cccc(-c5nc(-c6cccnc6)no5)c4)no3)[nH]nc12,[BOS]COc1cccc2c(-c3nc(-c4cccc(-c5nc(-c6cccnc6)no5)c4)no3)[nH]nc12[EOS],22218.418359041214,42
13.9,CC(C)Oc1ccc2ccccc2c1-c1cc2c(N3CCNC(=O)C34CC[NH2+]CC4)cccc2cn1,[BOS]CC(C)Oc1ccc2ccccc2c1-c1cc2c(N3CCNC(=O)C34CC[NH2+]CC4)cccc2cn1[EOS],26771.824345350266,42
12.4,O=c1[nH]c(-c2cc(F)ccc2F)c([O-])n1CCn1c2ccccc2c2ccccc21,[BOS]O=c1[nH]c(-c2cc(F)ccc2F)c([O-])n1CCn1c2ccccc2c2ccccc21[EOS],31297.66950917244,42
11.6,Cc1ccc(N2CC(C(=O)N3CCOc4ccc(C(=O)N(C)C)cc43)CCC2=O)cc1C,[BOS]Cc1ccc(N2C[C@@H](C(=O)N3CCOc4ccc(C(=O)N(C)C)cc43)CCC2=O)cc1C[EOS][EOS][EOS][EOS][EOS][EOS][EOS][EOS],35709.12562465668,42
12.2,Cc1c(-c2nccc3[nH]c(-c4ccc5cn[nH]c5c4)cc23)ccc(F)c1-c1nc2ccccc2o1,[BOS]Cc1c(-c2nccc3[nH]c(-c4ccc5cn[nH]c5c4)cc23)ccc(F)c1-c1nc2ccccc2o1[EOS],40020.208221912384,42
12.9,CN1C(=O)CC2(CCN(C(=O)c3n[nH]c4ccc(-c5ccccc5C(F)(F)F)cc34)CC2)c2ccccc21,[BOS]CN1C(=O)CC2(CCN(C(=O)c3n[nH]c4ccc(-c5ccccc5C(F)(F)F)cc34)CC2)c2ccccc21[EOS],44816.72121477127,42
13.9,c1ccc2c(c1)COCC2Nc1nc2ccccc2cc1-c1nnnn1C1CCCCOCCOCCNCCNCCNC1,[BOS]c1ccc2c(c1)COC[C@@H]2Nc1nc2ccccc2cc1-c1nnnn1C1CCCCOCCOCCNCCNCCNC1[EOS],49705.05411696434,42
11.7,Cn1c(=O)c(CNC(=O)N2CCC(C(=O)NCc3ccc(F)cc3)CC2)cc2ccccc21,[BOS]Cn1c(=O)c(CNC(=O)N2CCC(C(=O)NCc3ccc(F)cc3)CC2)cc2ccccc21[EOS],54866.150943279266,42
12.2,CC(C[NH2+]C1CCc2c(ccc(=O)n2Cc2cccc(C(F)(F)F)c2)C1)c1cccc(Cl)c1,[BOS]C[C@@H](C[NH2+][C@H]1CCc2c(ccc(=O)n2Cc2cccc(C(F)(F)F)c2)C1)c1cccc(Cl)c1[EOS],60241.6131939888,42
12.4,O=S(=O)(c1cccc2ccncc12)N1CCCC(c2cccc(C(F)(F)F)c2)C1,[BOS]O=S(=O)(c1cccc2ccncc12)N1CCC[C@@H](c2cccc(C(F)(F)F)c2)C1[EOS],4329.079576730728,42
13.3,Cc1cccc2[nH]c(C(=O)N3CCCCC3C3CCN(C(=O)c4cnc5ccc(Cl)cc5c4)CC3)cc12,[BOS]Cc1cccc2[nH]c(C(=O)N3CCCC[C@@H]3C3CCN(C(=O)c4cnc5ccc(Cl)cc5c4)CC3)cc12[EOS],10044.997777938843,42
12.6,O=c1c(-c2nc(Cc3cccc4ccccc34)no2)cccn1-c1ccc2ccccc2n1,[BOS]O=c1c(-c2nc(Cc3cccc4ccccc34)no2)cccn1-c1ccc2ccccc2n1[EOS],14725.47675728798,42
12.7,Cc1ccc2nc([N-]S(=O)(=O)c3cc(C(=O)[O-])c4ccccc4c3)ncc2c1,[BOS]Cc1ccc2nc([N-]S(=O)(=O)c3cc(C(=O)[O-])c4ccccc4c3)ncc2c1[EOS],18823.437336206436,42
12.3,FC(F)(F)c1cccc(-c2nc(CNc3cccc(-c4ccc5c(c4)CCO5)c3)co2)c1,[BOS]FC(F)(F)c1cccc(-c2nc(CNc3cccc(-c4ccc5c(c4)CCO5)c3)co2)c1[EOS],23688.236372232437,42
13.8,O=C(Cc1ccc2c(c1)C(=O)c1ccccc1CO2)Nc1[nH]nc2c1ccc1ccccc12,[BOS]O=C(Cc1ccc2c(c1)C(=O)c1ccccc1CO2)Nc1[nH]nc2c1ccc1ccccc12[EOS],30191.61110973358,42
12.6,O=C(CC(=O)Nc1ccc(C2(NC(=O)c3ccnc4ccccc34)CCC2)cc1)Nc1ccc(F)cc1,[BOS]O=C(CC(=O)Nc1ccc(C2(NC(=O)c3ccnc4ccccc34)CCC2)cc1)Nc1ccc(F)cc1[EOS],37406.87102866173,42
12.5,Cc1ccc(F)c(-n2nc(C(=O)OCc3cc(=O)oc4cc5c(cc34)CCC5)c3c2CCC3)c1,[BOS]Cc1ccc(F)c(-n2nc(C(=O)OCc3cc(=O)oc4cc5c(cc34)CCC5)c3c2CCC3)c1[EOS],43054.276425123215,42
11.2,FC1(F)CCC2(CCC[NH+](Cc3c[nH]c4c(OCc5ccccc5)cccc34)C2)C1,[BOS]FC1(F)CC[C@]2(CCC[NH+](Cc3c[nH]c4c(OCc5ccccc5)cccc34)C2)C1[EOS],47803.02032542229,42
12.7,CC(C)(c1nc(-c2ccc(F)c3ccc(=O)[nH]c23)no1)c1cccc2ccccc12,[BOS]CC(C)(c1nc(-c2ccc(F)c3ccc(=O)[nH]c23)no1)c1cccc2ccccc12[EOS],52123.53415679932,42
13.2,O=C(Nc1nc(-c2cccc3ccccc23)cs1)C1CC(=O)N(c2ccc3c(c2)Cc2ccccc2-3)C1,[BOS]O=C(Nc1nc(-c2cccc3ccccc23)cs1)[C@H]1CC(=O)N(c2ccc3c(c2)Cc2ccccc2-3)C1[EOS],57232.02174472809,42
14.9,O=c1c2ccccc2c(-c2ccc3ncn(-c4cccc5cnccc45)c3n2)c2n1-c1ccc(Cl)cc1CC2(Cl)Cl,[BOS]O=c1c2ccccc2c(-c2ccc3ncn(-c4cccc5cnccc45)c3n2)c2n1-c1ccc(Cl)cc1CC2(Cl)Cl[EOS],62449.58028817177,42
12.3,Cc1ccccc1CCNC(=O)c1ccccc1NC(c1ccccc1)c1cc2onc(C)c2cc1C,[BOS]Cc1ccccc1CCNC(=O)c1ccccc1NC(c1ccccc1)c1cc2onc(C)c2cc1C[EOS],6590.01053404808,42
11.5,CC(C)=CC(=O)N1Cc2ccccc2CC1c1nnc(-c2ccc(Cl)cc2)o1,[BOS]CC(C)=CC(=O)N1Cc2ccccc2CC1c1nnc(-c2ccc(Cl)cc2)o1[EOS][EOS][EOS][EOS][EOS][EOS][EOS][EOS],10179.108371973038,42
12.1,Cc1cc(C)cc(-n2ncc3c(=O)n(Nc4nc5ccc(F)cc5[nH]4)cnc32)c1,[BOS]Cc1cc(C)cc(-n2ncc3c(=O)n(Nc4nc5ccc(F)cc5[nH]4)cnc32)c1[EOS],14380.014377117157,42
11.5,CNC(=O)c1ccc(C)c(NC2CCCc3nc(-c4ccccc4Br)sc32)c1,[BOS]CNC(=O)c1ccc(C)c(N[C@@H]2CCCc3nc(-c4ccccc4Br)sc32)c1[EOS],18692.53261065483,42
11.6,Cc1c[nH]c(CNC(=O)c2c[nH]c3ccc(Oc4ccccc4)cc3c2=O)c(C)c1=O,[BOS]Cc1c[nH]c(CNC(=O)c2c[nH]c3ccc(Oc4ccccc4)cc3c2=O)c(C)c1=O[EOS],23470.235002040863,42
12.0,C[NH+](CCc1cccc2ccccc12)C1CCC2(c3ccccc3)CC[NH2+]CC2C1,[BOS]C[NH+](CCc1cccc2ccccc12)[C@H]1CC[C@]2(c3ccccc3)CC[NH2+]C[C@@H]2C1[EOS],28515.16418004036,42
12.5,COC(C)(C(=O)NC1CC2CCC(C1)N2C(=O)C1CCc2ccccc2O1)c1cccc2ccccc12,[BOS]CO[C@@](C)(C(=O)N[C@H]1C[C@H]2CC[C@@H](C1)N2C(=O)[C@H]1CCc2ccccc2O1)c1cccc2ccccc12[EOS],34191.99330019951,42
11.9,CCC1Cc2c(F)cccc2CN1C(=O)c1ccc2noc(-c3ccc(F)cc3)c2c1,[BOS]CC[C@H]1Cc2c(F)cccc2CN1C(=O)c1ccc2noc(-c3ccc(F)cc3)c2c1[EOS],38472.3007478714,42
12.3,Cc1ccc(F)c(-c2csc(NC(=O)c3cc(=O)[nH]c4ccc(S(=O)(=O)N5CCOCC5)cc34)n2)c1F,[BOS]Cc1ccc(F)c(-c2csc(NC(=O)c3cc(=O)[nH]c4ccc(S(=O)(=O)N5CCOCC5)cc34)n2)c1F[EOS][EOS][EOS],42642.96430850029,42
11.5,Cc1nc(-c2ccnc(NC(=O)CNC(=O)Nc3cccc4ccccc34)c2)n[nH]1,[BOS]Cc1nc(-c2ccnc(NC(=O)CNC(=O)Nc3cccc4ccccc34)c2)n[nH]1[EOS],47003.87132406235,42
12.2,Cc1ccc2c(CC(=O)N3CCCn4c(nc(CNC(=O)c5nccn5C)cc4=O)C3)c[nH]c2c1C,[BOS]Cc1ccc2c(CC(=O)N3CCCn4c(nc(CNC(=O)c5nccn5C)cc4=O)C3)c[nH]c2c1C[EOS],52063.63752770424,42
12.3,Cc1cccc2c1C(C)CC2CC(=O)Nc1ccccc1C(=O)N1CC(C)CC(C)C1,[BOS]Cc1cccc2c1[C@@H](C)C[C@@H]2CC(=O)Nc1ccccc1C(=O)N1C[C@@H](C)C[C@H](C)C1[EOS],56529.27371788025,42
12.8,O=C(CC1c2ccccc2Oc2ccccc21)N1CCc2c1cccc2C(F)(F)F,[BOS]O=C(CC1c2ccccc2Oc2ccccc21)N1CCc2c1cccc2C(F)(F)F[EOS],4153.666031599045,42
11.9,Cc1ccc2nc(C(=O)N3CCC(C4CCCCN4C(=O)C4CCc5ccccc5O4)CC3)ccc2c1,[BOS]Cc1ccc2nc(C(=O)N3CCC([C@H]4CCCCN4C(=O)[C@H]4CCc5ccccc5O4)CC3)ccc2c1[EOS][EOS][EOS][EOS],8414.569261312485,42
12.0,O=C(CN1CCCC1c1cc2ccccc2o1)Nc1ccc(CN2C3CCC2C2CC(O)CCC23)cc1,[BOS]O=C(CN1CCC[C@H]1c1cc2ccccc2o1)Nc1ccc(CN2[C@@H]3CC[C@H]2[C@@H]2CCC(O)C[C@@H]23)cc1[EOS],14598.982667207718,42
13.2,CC1Cc2cccc(C(=O)c3cccc(F)c3)c2N1C(=O)Cc1cn(C)c2cc(F)ccc12,[BOS]C[C@H]1Cc2cccc(C(=O)c3cccc(F)c3)c2N1C(=O)Cc1cn(C)c2cc(F)ccc12[EOS],19501.545183181763,42
12.1,Cc1cc(C(=O)NCC2OCC3CCN(C(=O)C4Cc5ccccc5C4)CC32)nc2ccccc12,[BOS]Cc1cc(C(=O)NC[C@@H]2OC[C@@H]3CCN(C(=O)C4Cc5ccccc5C4)C[C@@H]32)nc2ccccc12[EOS],24857.800897359848,42
11.9,NC(=O)c1ccccc1-c1nc(-c2ccc(C(F)(F)F)cc2OC(F)(F)F)nc2ccccc12,[BOS]NC(=O)c1ccccc1-c1nc(-c2ccc(C(F)(F)F)cc2OC(F)(F)F)nc2ccccc12[EOS],28857.908979654312,42
11.5,Fc1ccccc1-c1nnc2n1CC([NH2+]C(Cc1ccc(Cl)cc1)C1CC[NH2+]CC1)CC2,[BOS]Fc1ccccc1-c1nnc2n1C[C@H]([NH2+][C@H](Cc1ccc(Cl)cc1)C1CC[NH2+]CC1)CC2[EOS],33139.225981235504,42
12.5,NC(=O)c1cccc2c1CCCN2C(=O)C1CC1c1cccc2ccccc12,[BOS]NC(=O)c1cccc2c1CCCN2C(=O)[C@@H]1C[C@@H]1c1cccc2ccccc12[EOS],37243.50272655487,42
13.0,Fc1cccc(F)c1-c1c(-c2ccncc2)cnc2ccc(-c3c(OC(F)F)ccc4ccccc34)cc12,[BOS]FC(F)Oc1ccc2ccccc2c1-c1ccc2ncc(-c3ccncc3)c(-c3c(F)cccc3F)c2c1[EOS],41960.39869236946,42
11.8,CC1(C)NC(=O)Nc2cccc(-c3cncc(-c4ccc(C=O)c5ccccc45)c3)c21,[BOS]CC1(C)NC(=O)Nc2cccc(-c3cncc(-c4ccc(C=O)c5ccccc45)c3)c21[EOS],45785.852731227875,42
13.0,O=C1CCc2c(cccc2NC(=O)Nc2cccc(NC(=O)C(=O)N3CCC(c4ccccc4)C3)c2)N1,[BOS]O=C(Nc1cccc(NC(=O)C(=O)N2CCC(c3ccccc3)C2)c1)Nc1cccc2c1CCC(=O)N2[EOS],51734.43886208534,42
14.2,O=C1c2ccccc2C(=O)N1CC1c2ccccc2CC=Cc2ccc([N+](=O)[O-])cc2COC(=O)N1Cl,[BOS]O=C1c2ccccc2C(=O)N1CC1c2ccccc2CC=Cc2ccc([N+](=O)[O-])cc2COC(=O)N1Cl[EOS],56729.600286483765,42
13.3,O=C(OCc1cc(=O)oc2ccc3ccccc3c12)C1CC1c1cccc2ccccc12,[BOS]O=C(OCc1cc(=O)oc2ccc3ccccc3c12)[C@H]1C[C@H]1c1cccc2ccccc12[EOS],5245.466627836227,42
14.0,Clc1cccc(COc2cc(-c3cc4ccccc4c(-c4cccc5ccccc45)n3)cc3c2ccc2ccccc23)c1,[BOS]c1ccc(COc2cc(-c3cc4ccccc4c(-c4cccc5ccccc45)n3)cc3c4ccccc4ccc23)cc1Cl[EOS],11157.157264232635,42
13.0,Cc1ccc(S(=O)(=O)NC(=O)c2c3c(nc4ccccc24)C(=C2CCCCC2=O)CC3)c(C)c1C,[BOS]Cc1ccc(S(=O)(=O)NC(=O)c2c3c(nc4ccccc24)C(=C2CCCCC2=O)CC3)c(C)c1C[EOS][EOS][EOS][EOS][EOS][EOS][EOS],15753.25649523735,42
12.1,O=C(c1ccc2cccnc2n1)N1CCC(C2CCCCN2C(=O)C2ON=C(c3ccccc3)O2)CC1,[BOS]O=C(c1ccc2cccnc2n1)N1CCC([C@@H]2CCCCN2C(=O)[C@H]2ON=C(c3ccccc3)O2)CC1[EOS],19998.60537981987,42
12.0,O=S(=O)(c1cccc2cccnc12)N1CCCC(Cc2cccc(-c3ccnc(F)c3F)c2)(c2ncccc2F)C1,[BOS]O=S(=O)(c1cccc2cccnc12)N1CCCC(c2ncccc2F)(Cc2cccc(-c3ccnc(F)c3F)c2)C1[EOS],24477.617102861404,42
13.5,O=S(=O)(c1c(F)cc(F)cc1F)N1CCc2cccc(OCc3cccc4ccccc34)c2C1Cc1ccccc1,[BOS]O=S(=O)(c1c(F)cc(F)cc1F)N1CCc2cccc(OCc3cccc4ccccc34)c2C1Cc1ccccc1[EOS],29118.902816057205,42
13.6,O=C(c1ccc(CNc2ccc3nnc(-c4cccc5ccccc45)n3n2)c(F)c1)N1CCCCCC1,[BOS]O=C(c1ccc(CNc2ccc3nnc(-c4cccc5ccccc45)n3n2)c(F)c1)N1CCCCCC1[EOS],35023.57634019852,42
12.6,Cc1cc(C(=O)N2C3CCC2CC(NC(=O)c2cnc4c(F)c(F)ccc4c2)C3)cc2cn[nH]c12,[BOS]Cc1cc(C(=O)N2[C@@H]3CC[C@H]2C[C@@H](NC(=O)c2cnc4c(F)c(F)ccc4c2)C3)cc2cn[nH]c12[EOS],40075.163897275925,42
12.3,O=C(NCC1CC2c3ccccc3C1c1ccccc12)N1Cc2ccccc2C[NH2+]1,[BOS]O=C(NC[C@H]1CC2c3ccccc3C1c1ccccc12)N1Cc2ccccc2C[NH2+]1[EOS],44736.867084264755,42
13.2,Cc1c(-c2nnc(-c3cccc4ccccc34)o2)c(=O)oc2cc(OCc3ccccc3)ccc12,[BOS]Cc1c(-c2nnc(-c3cccc4ccccc34)o2)c(=O)oc2cc(OCc3ccccc3)ccc12[EOS],49045.561354637146,42
11.7,O=C(Cc1cc2cccnc2cc1F)NC1C2COCC1CN(C(=O)c1noc3c1CCCC3)C2,[BOS]O=C(Cc1cc2cccnc2cc1F)N[C@H]1[C@@H]2COC[C@H]1CN(C(=O)c1noc3c1CCCC3)C2[EOS][EOS][EOS][EOS][EOS][EOS][EOS][EOS],54115.1162610054,42
11.5,CC(=O)NC1(c2noc(-c3cccc(Nc4ccccc4)c3)n2)CCCCCC1,[BOS]CC(=O)NC1(c2noc(-c3cccc(Nc4ccccc4)c3)n2)CCCCCC1[EOS],58118.610489845276,42
13.1,O=C(NC1CCc2ccccc21)c1c(F)ccc2[nH]c(-c3cccc4cnccc34)nc12,[BOS]O=C(N[C@H]1CCc2ccccc21)c1c(F)ccc2[nH]c(-c3cccc4cnccc34)nc12[EOS],5438.933835983276,42
11.2,Cc1cccc(C(NC(=O)c2cc(O)ccc2C)c2cccc(F)c2)c1,[BOS]Cc1cccc([C@@H](NC(=O)c2cc(O)ccc2C)c2cccc(F)c2)c1[EOS],9929.711082935333,42
11.8,O=C(NC(c1ccccc1)c1ccc2c(c1)CCCO2)c1cc([O-])ccc1C(F)(F)F,[BOS]O=C(N[C@@H](c1ccccc1)c1ccc2c(c1)CCCO2)c1cc([O-])ccc1C(F)(F)F[EOS][EOS][EOS],14747.428835630417,42
13.3,Cn1c(Cc2ccc3ccccc3c2)nnc1N1Cc2ccccc2C2(CCOCC2)C1,[BOS]Cn1c(Cc2ccc3ccccc3c2)nnc1N1Cc2ccccc2C2(CCOCC2)C1[EOS],19138.23918414116,42
12.2,O=C(Nc1cccc(-c2n[nH]c3c2CCCC3)c1)C1(O)CCC[NH+](Cc2ccccc2)C1,[BOS]O=C(Nc1cccc(-c2n[nH]c3c2CCCC3)c1)[C@]1(O)CCC[NH+](Cc2ccccc2)C1[EOS],25049.599529266357,42
11.6,O=C(OCc1ccc2cn[nH]c2c1)c1c[nH]c2ccc(Oc3ccccc3)cc2c1=O,[BOS]O=C(OCc1ccc2cn[nH]c2c1)c1c[nH]c2ccc(Oc3ccccc3)cc2c1=O[EOS],29938.669097185135,42
11.6,Cc1ccc(F)cc1C(C)NS(=O)(=O)c1c(C)nn(-c2cccc(C(F)(F)F)c2)c1C,[BOS]Cc1ccc(F)cc1[C@H](C)NS(=O)(=O)c1c(C)nn(-c2cccc(C(F)(F)F)c2)c1C[EOS],34700.68871808052,42
12.3,O=C(Nc1cccc(CCC(=O)N2CCSc3ccccc32)c1)c1cc(O)cc(-c2ccccc2C(F)(F)F)c1,[BOS]O=C(Nc1cccc(CCC(=O)N2CCSc3ccccc32)c1)c1cc(O)cc(-c2ccccc2C(F)(F)F)c1[EOS],40152.47011446953,42
12.2,CN(Cc1cccc2ccccc12)c1ccc2c([N+](=O)[O-])cn(S(=O)(=O)c3cccc(C(F)(F)F)c3)c2n1,[BOS]CN(Cc1cccc2ccccc12)c1ccc2c([N+](=O)[O-])cn(S(=O)(=O)c3cccc(C(F)(F)F)c3)c2n1[EOS][EOS],44783.736916303635,42
12.6,O=c1[nH]c2c(cc1C[NH2+]C1CCCc3ccc(F)cc31)Cc1ccccc1C2=Cc1ccc2c(c1)OCCO2,[BOS]O=c1[nH]c2c(cc1C[NH2+][C@@H]1CCCc3ccc(F)cc31)Cc1ccccc1C2=Cc1ccc2c(c1)OCCO2[EOS],49843.09264612198,42
12.5,Fc1ccc(-c2noc(C3(c4ccc(F)c5ccccc45)CCC3)n2)c2ccccc12,[BOS]Fc1ccc(C2(c3nc(-c4ccc(F)c5ccccc45)no3)CCC2)c2ccccc12[EOS],53956.435869932175,42
13.2,Cc1cccc2c1CN(S(=O)(=O)c1ccc3c(c1)CCCC3=O)CC(=O)N2C(C)c1ccc(F)cc1F,[BOS]Cc1cccc2c1CN(S(=O)(=O)c1ccc3c(c1)CCCC3=O)CC(=O)N2C(C)c1ccc(F)cc1F[EOS],57717.93994164467,42
12.9,C[NH+](Cc1cccc2ccccc12)C1CCCc2ccccc2N1NNc1ccc(Cl)nc1C(F)(F)F,[BOS]C[NH+](Cc1cccc2ccccc12)[C@H]1CCCc2ccccc2N1NNc1ccc(Cl)nc1C(F)(F)F[EOS],5729.533027648926,42
11.9,O=[N+]([O-])c1cc2ccccc2nc1-c1noc(C(O)c2ccc(F)c(C(F)(F)F)c2)n1,[BOS]O=[N+]([O-])c1cc2ccccc2nc1-c1noc([C@@H](O)c2ccc(F)c(C(F)(F)F)c2)n1[EOS],10026.618384122849,42
11.9,O=C(NCc1ccc(N2CCc3ccccc3C2)nc1)N1CCCC1Cc1ccccc1Cl,[BOS]O=C(NCc1ccc(N2CCc3ccccc3C2)nc1)N1CCC[C@@H]1Cc1ccccc1Cl[EOS],14807.35909152031,42
13.4,Cc1nc2ccc(Cc3nc(-c4cccc5ccccc45)no3)cc2c(=O)n1-c1ncc(Br)cn1,[BOS]Cc1nc2ccc(Cc3nc(-c4cccc5ccccc45)no3)cc2c(=O)n1-c1ncc(Br)cn1[EOS],19866.590225934982,42
11.1,C[NH+]1CCN(C(=O)C2CCN(S(=O)(=O)C=Cc3ccccc3Cl)CC2)C(c2ccccc2)C1,[BOS]C[NH+]1CCN(C(=O)C2CCN(S(=O)(=O)/C=C\c3ccccc3Cl)CC2)[C@@H](c2ccccc2)C1[EOS],24875.408393859863,42
13.0,O=C(c1cccc2c1CCC2)N1CCC(O)(c2cccc(C(F)(F)F)c2F)c2nc(Cl)cc(F)c2C1,[BOS]O=C(c1cccc2c1CCC2)N1CC[C@](O)(c2cccc(C(F)(F)F)c2F)c2nc(Cl)cc(F)c2C1[EOS],28703.099536657333,42
13.1,O=C(OC1CCCc2c(F)cccc21)C1CC(=O)N(c2cccc3ccccc23)C1,[BOS]O=C(O[C@@H]1CCCc2c(F)cccc21)[C@H]1CC(=O)N(c2cccc3ccccc23)C1[EOS],33541.974167346954,42
14.5,O=C1c2cc3ccccc3cc2C(=O)c2c(OC3CCCN(c4cccc5ccccc45)C3=O)cccc21,[BOS]O=C1c2cccc(O[C@@H]3CCCN(c4cccc5ccccc45)C3=O)c2C(=O)c2cc3ccccc3cc21[EOS],39527.032161951065,42
13.1,c1ccc(Oc2ccccc2-c2nc(CN(c3ccccc3)c3cccc4ccccc34)nc3c2ccc2ccc4ccccc4c23)cc1,[BOS]c1ccc(-c2nc(CN(c3ccccc3)c3cccc4ccccc34)nc3c2ccc2ccc4ccccc4c23)c(Oc2ccccc2)c1[EOS],45711.75675702095,42
13.2,O=C(Nc1cncc(-c2ccccc2)c1)c1n[nH]c2ccc(-c3cncc(-c4c5ccccc5cc5ncccc45)n3)cc12,[BOS]O=C(Nc1cncc(-c2ccccc2)c1)c1n[nH]c2ccc(-c3cncc(-c4c5ccccc5cc5ncccc45)n3)cc12[EOS],51418.84959888458,42
11.7,Cc1ccc(C(N)=O)c(NC(=O)c2nn(-c3cc(C(F)(F)F)ccc3Cl)c3c2CCC3)c1,[BOS]Cc1ccc(C(N)=O)c(NC(=O)c2nn(-c3cc(C(F)(F)F)ccc3Cl)c3c2CCC3)c1[EOS],55748.43100857735,42
11.6,O=C(Cc1noc2ccccc12)Nc1nc2cc(F)cc(C(F)(F)F)c2[n-]1,[BOS]O=C(Cc1noc2ccccc12)Nc1nc2cc(F)cc(C(F)(F)F)c2[n-]1[EOS],60010.45079278946,42
12.1,Cc1ccc2c(c1)C1C[NH+](C)CCC1N2C(=O)c1nn(-c2cc(F)cc(C)c2Cl)c2c1CCCC2,[BOS]Cc1cc(F)cc(-n2nc(C(=O)N3c4ccc(C)cc4[C@@H]4C[NH+](C)CC[C@@H]43)c3c2CCCC3)c1Cl[EOS],4264.3786108493805,42
11.2,O=C(NCc1ncoc1-c1ccccc1)C(=O)N1CCC(c2nc3ccccc3[nH]2)CC1,[BOS]O=C(NCc1ncoc1-c1ccccc1)C(=O)N1CCC(c2nc3ccccc3[nH]2)CC1[EOS][EOS][EOS][EOS],9041.692154169083,42
13.2,Fc1ccc2oc(-c3nc(Cc4cccc5ccccc45)no3)cc2c1-c1c(Cl)cnc2[nH]cc(CC(F)(F)F)c12,[BOS]Fc1ccc2oc(-c3nc(Cc4cccc5ccccc45)no3)cc2c1-c1c(Cl)cnc2[nH]cc(CC(F)(F)F)c12[EOS],13852.99020576477,42
13.0,Cc1ccc2nc(-c3ccccc3)nc(NC3CCc4c(ccc(=O)n4Cc4cccc(C)n4)C3)c2c1,[BOS]Cc1cccc(Cn2c3c(ccc2=O)C[C@@H](Nc2nc(-c4ccccc4)nc4ccc(C)cc24)CC3)n1[EOS],19361.240991830826,42
11.2,Cn1cc(C(=O)OCN2C(=O)c3cccc4cccc2c34)c(=O)c2ccccc21,[BOS]Cn1cc(C(=O)OCN2C(=O)c3cccc4cccc2c34)c(=O)c2ccccc21[EOS][EOS][EOS][EOS][EOS],23565.09359574318,42
12.3,O=C(c1cccc(NCc2ccccc2)c1)N1CCCC(c2nnc3ccc(C(F)(F)F)cn23)C1,[BOS]O=C(c1cccc(NCc2ccccc2)c1)N1CCC[C@H](c2nnc3ccc(C(F)(F)F)cn23)C1[EOS],28586.495926856995,42
11.3,Cc1noc(-c2ccccc2)c1NC(=O)c1cc2c([nH]c1=O)CCC(C)(C)C2=O,[BOS]Cc1noc(-c2ccccc2)c1NC(=O)c1cc2c([nH]c1=O)CCC(C)(C)C2=O[EOS][EOS][EOS][EOS],33025.2445333004,42
12.0,CC(c1ccc2c(c1)CCC2)[NH+]1Cc2ccccc2CC1c1nnc(C2CC2)o1,[BOS]C[C@@H](c1ccc2c(c1)CCC2)[NH+]1Cc2ccccc2C[C@@H]1c1nnc(C2CC2)o1[EOS],37180.70497393608,42
12.2,Cc1ccc(C(=O)NCC2CCc3ccccc3C2)cc1S(=O)(=O)Nc1cc(Cl)ccc1F,[BOS]Cc1ccc(C(=O)NC[C@@H]2CCc3ccccc3C2)cc1S(=O)(=O)Nc1cc(Cl)ccc1F[EOS],41967.073429346085,42
12.2,Nc1ccc2c(n1)c(N)nn2-c1cccc(C(=O)N2CCc3ccccc32)n1,[BOS]Nc1nn(-c2cccc(C(=O)N3CCc4ccccc43)n2)c2ccc(N)nc12[EOS],46200.92672729492,42
11.6,Cc1ncc2c(n1)CCCC2NC(=O)c1ccc2c(c1)C(=O)N(Cc1ccccc1)C2=O,[BOS]Cc1ncc2c(n1)CCC[C@H]2NC(=O)c1ccc2c(c1)C(=O)N(Cc1ccccc1)C2=O[EOS],50794.72821235657,42
12.6,OC(CCc1ccc(OC2Cc3ccccc3C2)cc1)c1cccc(Oc2ccccc2)c1Cc1cccc2ccccc12,[BOS]O[C@@H](CCc1ccc(OC2Cc3ccccc3C2)cc1)c1cccc(Oc2ccccc2)c1Cc1cccc2ccccc12[EOS],57081.91138768196,42
12.9,Cc1cc(N2CC(C(=O)N3c4ccccc4NC(=O)CC3C(F)(F)F)CC2=O)ccc1F,[BOS]Cc1cc(N2C[C@@H](C(=O)N3c4ccccc4NC(=O)C[C@H]3C(F)(F)F)CC2=O)ccc1F[EOS],4400.129986524582,42
12.6,Cc1cccn2c([NH2+]C(=O)c3ccc(C4(C)NC(C)Cc5cc(Br)c(F)cc54)cc3)c(-c3ccccc3)nc12,[BOS]Cc1cccn2c([NH2+]C(=O)c3ccc([C@@]4(C)N[C@@H](C)Cc5cc(Br)c(F)cc54)cc3)c(-c3ccccc3)nc12[EOS][EOS],10752.670568466187,42
11.0,Cc1cccc(C(O)CN(Cc2ccccc2)C(=O)c2cc3cccc(F)c3o2)c1,[BOS]Cc1cccc([C@H](O)CN(Cc2ccccc2)C(=O)c2cc3cccc(F)c3o2)c1[EOS][EOS][EOS][EOS][EOS][EOS],15959.610216379166,42
12.5,Nc1c(-c2nnc(-c3cccc(Br)c3)o2)c(Cl)nc2cc(F)c(Cc3cccc(C(F)(F)F)c3)c(Cl)c12,[BOS]Nc1c(-c2nnc(-c3cccc(Br)c3)o2)c(Cl)nc2cc(F)c(Cc3cccc(C(F)(F)F)c3)c(Cl)c12[EOS],20417.495299100876,42
12.1,c1cnc(Oc2ccc(-c3noc(Cc4ccc5ncccc5c4)n3)cc2)c(C2OCCO2)c1,[BOS]c1cnc(Oc2ccc(-c3noc(Cc4ccc5ncccc5c4)n3)cc2)c(C2OCCO2)c1[EOS],25215.78810596466,42
12.5,Cc1ccc(-n2c(N)nnc2C(C)c2cc3c(F)c(Oc4ccc(Cl)cc4)ccc3c(=O)[nH]2)cc1C,[BOS]Cc1ccc(-n2c(N)nnc2[C@H](C)c2cc3c(F)c(Oc4ccc(Cl)cc4)ccc3c(=O)[nH]2)cc1C[EOS],30862.17020893097,42
12.0,O=C(NC1CC[NH+](Cc2cn[nH]c2-c2cccc(C(F)(F)F)c2)CC1)c1cccc(C(F)(F)F)c1,[BOS]O=C(NC1CC[NH+](Cc2cn[nH]c2-c2cccc(C(F)(F)F)c2)CC1)c1cccc(C(F)(F)F)c1[EOS][EOS],36436.349524736404,42
11.4,Cc1ccc(C2(C(=O)Nc3ccc(Oc4ccc(S(N)(=O)=O)cc4)cc3)CCOCC2)cc1C,[BOS]Cc1ccc(C2(C(=O)Nc3ccc(Oc4ccc(S(N)(=O)=O)cc4)cc3)CCOCC2)cc1C[EOS][EOS][EOS][EOS],41566.12264943123,42
11.4,O=C1Nc2ccccc2CC1[NH2+]C1Cc2ccc(C(F)(F)F)cc2C1,[BOS]O=C1Nc2ccccc2C[C@H]1[NH2+][C@@H]1Cc2ccc(C(F)(F)F)cc2C1[EOS],45480.14163517952,42
11.5,N=c1[nH]c(CN2CCN(C(=O)C3CCCN(C(=O)Cc4ccccc4)C3)CC2)nc2ccccc12,[BOS]N=c1[nH]c(CN2CCN(C(=O)C3CCCN(C(=O)Cc4ccccc4)C3)CC2)nc2ccccc12[EOS][EOS][EOS][EOS][EOS],50498.141686439514,42
12.9,O=C1C=CC(=C2N=C(c3c(C(=O)NCc4cccc5ccccc45)n[nH]c3Br)Nc3ccccc3N2)CCC1,[BOS]O=C(NCc1cccc2ccccc12)c1n[nH]c(Br)c1C1=N/C(=C2\C=CC(=O)CCC2)Nc2ccccc2N1[EOS],55670.936645269394,42
12.6,Cc1cccc2c(C(=O)NC3(c4ccc(NC(=O)C5Cc6ccccc6C[NH2+]5)cc4)CCC3)[nH]nc12,[BOS]Cc1cccc2c(C(=O)NC3(c4ccc(NC(=O)[C@@H]5Cc6ccccc6C[NH2+]5)cc4)CCC3)[nH]nc12[EOS],60704.014155864716,42
11.6,Cn1ccc(N2CCCC([NH2+]C(c3ccccc3)c3cc4ccccc4o3)C2=O)n1,[BOS]O=C1[C@H]([NH2+][C@H](c2ccccc2)c2cc3ccccc3o2)CCCN1c1ccn(C)n1[EOS],4565.352054357529,42
12.3,Cc1cccc(-c2nn(Cc3nc(-c4ccc(F)c(F)c4F)no3)c(=O)c3ccccc23)c1,[BOS]Cc1cccc(-c2nn(Cc3nc(-c4ccc(F)c(F)c4F)no3)c(=O)c3ccccc23)c1[EOS][EOS][EOS][EOS][EOS],9579.054435253143,42
13.9,Fc1ccc(Cc2nnc(-c3ccc4cc(OCc5ccccc5)ccc4c3)o2)cc1-c1cc(C2=NCCN2)c2ccccc2n1,[BOS]Fc1ccc(Cc2nnc(-c3ccc4cc(OCc5ccccc5)ccc4c3)o2)cc1-c1cc(C2=NCCN2)c2ccccc2n1[EOS],14998.79250216484,42
13.8,O=C(c1ccc2c(c1)Cc1ccccc1-2)c1cc(F)c(=O)n(-c2ncc3c(n2)CC2(CCOCC2)OC3)c1,[BOS]O=C(c1ccc2c(c1)Cc1ccccc1-2)c1cc(F)c(=O)n(-c2ncc3c(n2)CC2(CCOCC2)OC3)c1[EOS],19568.26062822342,42
11.2,Cc1ccc(S(=O)(=O)N2CCN(c3c(C(=O)O)nnc4ccccc34)CC2)cc1C,[BOS]Cc1ccc(S(=O)(=O)N2CCN(c3c(C(=O)O)nnc4ccccc34)CC2)cc1C[EOS][EOS],24024.190795898438,42
12.1,O=C1Nc2c(cccc2C(=O)N2C3CCC2CC(NC(=O)C2CCc4ccccc4C2)C3)C1=O,[BOS]O=C1Nc2c(cccc2C(=O)N2[C@@H]3CC[C@H]2C[C@@H](NC(=O)[C@@H]2CCc4ccccc4C2)C3)C1=O[EOS],29480.29573249817,42
12.6,Cc1noc(-c2ccc(C(F)(F)F)cc2NC(=O)c2ccc(CSc3nc(=O)[nH]n3C)cc2)n1,[BOS]Cc1noc(-c2ccc(C(F)(F)F)cc2NC(=O)c2ccc(CSc3nc(=O)[nH]n3C)cc2)n1[EOS],34229.41842198372,42
13.9,O=C1c2ccccc2C(=O)c2cc(C(CO)C(=O)Nc3ccc(Cl)cc3-c3cccc4ccccc34)ccc21,[BOS]O=C(Nc1ccc(Cl)cc1-c1cccc2ccccc12)[C@@H](CO)c1ccc2c(c1)C(=O)c1ccccc1C2=O[EOS],39906.02111053467,42
12.1,O=C(Nc1cc(C2CCCCN2C(=O)CC2Cc3ccccc3C2)[nH]n1)c1cc(=O)n2[nH]cnc2n1,[BOS]O=C(Nc1cc([C@H]2CCCCN2C(=O)CC2Cc3ccccc3C2)[nH]n1)c1cc(=O)n2[nH]cnc2n1[EOS],45779.373980760574,42
12.3,FC(F)(F)c1ccc(Oc2cncc(-c3ccnc4ccccc34)n2)nc1,[BOS]FC(F)(F)c1ccc(Oc2cncc(-c3ccnc4ccccc34)n2)nc1[EOS],50129.59853839874,42
13.8,Cc1cccc(-c2ccccc2Oc2ccc(Nc3[nH+]c(-c4c5ccccc5cc5ccccc45)nnc3C)c(C)c2C)c1C,[BOS]Cc1nnc(-c2c3ccccc3cc3ccccc23)[nH+]c1Nc1ccc(Oc2ccccc2-c2cccc(C)c2C)c(C)c1C[EOS],55114.87167215347,42
11.7,[NH3+]C1CC(C(=O)Nc2nccc3cccc(F)c23)(c2ccccc2)C1(F)F,[BOS][NH3+][C@@H]1C[C@](C(=O)Nc2nccc3cccc(F)c23)(c2ccccc2)C1(F)F[EOS],58899.58897423744,42
11.6,Cc1ccc(-c2cnc(CCC(=O)NC(C)c3cccc4ccccc34)o2)cc1,[BOS]Cc1ccc(-c2cnc(CCC(=O)N[C@H](C)c3cccc4ccccc34)o2)cc1[EOS],5279.924533843994,42
11.7,Cc1ccc2ccnc(OC(C)c3ccc4ccccc4c3)c2c1,[BOS]Cc1ccc2ccnc(O[C@H](C)c3ccc4ccccc4c3)c2c1[EOS],9120.081780195236,42
12.2,O=C1Cc2cccc(NS(=O)(=O)c3ccc4c(Cl)cccc4c3)c2C(=O)N1,[BOS]O=C1Cc2cccc(NS(=O)(=O)c3ccc4c(Cl)cccc4c3)c2C(=O)N1[EOS],13467.695669651031,42
14.6,O=C(NC1CC=C(c2ccc(F)cc2)CC1)c1c(F)ccc2c1OC1(CC1)C2[Se]c1cccc2ccccc12,[BOS]O=C(N[C@@H]1CC=C(c2ccc(F)cc2)CC1)c1c(F)ccc2c1OC1(CC1)C2[Se]c1cccc2ccccc12[EOS],18027.207555294037,42
12.5,Oc1cc(F)c(-c2ncnc(-c3ccccc3Oc3c(F)cccc3F)n2)c2c1CC=CC=C2,[BOS]Oc1cc(F)c(-c2ncnc(-c3ccccc3Oc3c(F)cccc3F)n2)c2ccccCc12[EOS],23298.07093834877,42
11.7,O=C(NCC1OCC2CCN(C(=O)C3=C4c5ccccc5C(=O)N4CC3)CC21)c1nnc2ccccc2n1,[BOS]O=C(NC[C@@H]1OC[C@@H]2CCN(C(=O)C3=C4c5ccccc5C(=O)N4CC3)C[C@@H]21)c1nnc2ccccc2n1[EOS][EOS][EOS][EOS][EOS][EOS][EOS],29552.07275867462,42
12.7,Cc1ccc(CN2C(=O)C(=NNc3nc(O)c4ccccc4n3)c3sc4cc5c(cc4c32)OCCO5)cc1C,[BOS]Cc1ccc(CN2C(=O)/C(=N/Nc3nc(O)c4ccccc4n3)c3sc4cc5c(cc4c32)OCCO5)cc1C[EOS],34725.20487737656,42
12.4,O=C(O)c1cccc(-c2nccc(-c3cccc(Sc4nn(-c5ccc(Br)c6ccccc56)cc4Br)c3)n2)c1,[BOS]O=C(O)c1cccc(-c2nccc(-c3cccc(Sc4nn(-c5ccc(Br)c6ccccc56)cc4Br)c3)n2)c1[EOS],40547.25484466553,42
11.9,O=C(NCc1cc(F)ccc1F)c1cccc(COc2ncccc2CNC(=O)c2ccccc2)c1,[BOS]O=C(NCc1cccnc1OCc1cccc(C(=O)NCc2cc(F)ccc2F)c1)c1ccccc1[EOS],46393.88237810135,42
13.1,Cc1ccc(C(=O)c2cn(CC(=O)N3CCCc4ccccc4C3)c3c(C)cccc3c2=O)c(C)c1,[BOS]Cc1ccc(C(=O)c2cn(CC(=O)N3CCCc4ccccc4C3)c3c(C)cccc3c2=O)c(C)c1[EOS],51951.8769967556,42
13.2,O=C(c1ccc2c(c1)C[NH2+]CC2)N1CCC(c2nc(-c3cccnc3)no2)CC=CCOc2ccccc2C1=O,[BOS]O=C(c1ccc2c(c1)C[NH2+]CC2)N1CCC(-c2nc(-c3cccnc3)no2)CC=CCOc2ccccc2C1=O[EOS],56194.05868411064,42
13.5,Clc1cc(COc2ccc3ccccc3c2)ccc1-c1nncn1-c1cncc(-c2cc3ccccc3n3nnnc23)c1Nc1c[nH]nc1I,[BOS]Clc1cc(COc2ccc3ccccc3c2)ccc1-c1nncn1-c1cncc(-c2cc3ccccc3n3nnnc23)c1Nc1c[nH]nc1I[EOS],61820.6069791317,42
13.1,O=C(NCCNc1cccc2cnccc12)NC1CCc2ccccc2Cc2cccc(c2)CC2CC1CCC2O,[BOS]O=C(NCCNc1cccc2cnccc12)NC1CCc2ccccc2Cc2cccc(c2)CC2C[C@H]1CC[C@H]2O[EOS],6298.531220436096,42
13.4,O=C(Cc1cc2cccnc2cc1F)Nc1c(C(=O)c2ccccn2)oc2c1ccc1ccccc12,[BOS]O=C(Cc1cc2cccnc2cc1F)Nc1c(C(=O)c2ccccn2)oc2c1ccc1ccccc12[EOS],11732.365667581558,42
12.0,O=C(c1coc2ccc(F)cc12)N1CC=C(c2c[nH]c3cc(F)ccc23)CC1,[BOS]O=C(c1coc2ccc(F)cc12)N1CC=C(c2c[nH]c3cc(F)ccc23)CC1[EOS],15657.124152898788,42
11.8,O=C(NC(Cn1cnc2ccccc21)c1ccc(F)cc1)C1CC1c1cccc2ccccc12,[BOS]O=C(N[C@H](Cn1cnc2ccccc21)c1ccc(F)cc1)[C@H]1C[C@@H]1c1cccc2ccccc12[EOS],21038.706285476685,42
12.8,O=C(Cc1coc2ccc3ccccc3c12)Nc1ccc(CNC(=O)c2ccc(C(F)(F)F)cc2)cc1,[BOS]O=C(Cc1coc2ccc3ccccc3c12)Nc1ccc(CNC(=O)c2ccc(C(F)(F)F)cc2)cc1[EOS],26801.298349142075,42
12.1,O=C1COc2ccc(S(=O)(=O)N(Cc3cccc4ccccc34)c3ccccc3)cc2N1,[BOS]O=C1COc2ccc(S(=O)(=O)N(Cc3cccc4ccccc34)c3ccccc3)cc2N1[EOS][EOS],31726.929403305054,42
12.0,O=C1OCc2ccc(C(=O)N3CCC4(C3)C(=O)Nc3ccccc34)cc21,[BOS]O=C1OCc2ccc(C(=O)N3CC[C@@]4(C3)C(=O)Nc3ccccc34)cc21[EOS],35676.881642341614,42
11.9,NC(=O)c1cn(CC(=O)N2CCS(=O)(=O)c3ccccc3C2)c2ccccc2c1=O,[BOS]NC(=O)c1cn(CC(=O)N2CCS(=O)(=O)c3ccccc3C2)c2ccccc2c1=O[EOS],40131.56395173073,42
11.7,O=C(Nc1cc(-c2cccc(F)c2)ccn1)C1CCC(F)(F)CN1C(=O)OCc1ccccc1,[BOS]O=C(Nc1cc(-c2cccc(F)c2)ccn1)[C@H]1CCC(F)(F)CN1C(=O)OCc1ccccc1[EOS],44964.64480161667,42
12.2,O=C(NCC1CCN(C(=O)c2cnnc3ccccc23)C1c1cccnc1)c1ccc2c(c1)C(=O)CC2,[BOS]O=C(NC[C@H]1CCN(C(=O)c2cnnc3ccccc23)[C@H]1c1cccnc1)c1ccc2c(c1)C(=O)CC2[EOS],51224.39319205284,42
12.4,Oc1ccc(-c2noc(C3CC3c3cccc4ccccc34)n2)c2ccccc12,[BOS]Oc1ccc(-c2noc([C@H]3C[C@H]3c3cccc4ccccc34)n2)c2ccccc12[EOS],55348.7813167572,42
13.0,Fc1cccc(F)c1C1CN(C2c3ccccc3CCc3c(Cl)cccc32)CC[NH2+]1,[BOS]Fc1cccc(F)c1[C@H]1CN(C2c3ccccc3CCc3c(Cl)cccc32)CC[NH2+]1[EOS],59943.68310904503,42
11.6,Cc1cnc2c(S(=O)(=O)N3CCc4ccc(C)c(C)c4C3)cccc2c1,[BOS]Cc1cnc2c(S(=O)(=O)N3CCc4ccc(C)c(C)c4C3)cccc2c1[EOS],3966.9477064609528,42
11.2,Cc1ncc2c(n1)CCC(n1c([O-])c(Cc3cccc4ccccc34)[nH]c1=O)C2,[BOS]Cc1ncc2c(n1)CC[C@H](n1c([O-])c(Cc3cccc4ccccc34)[nH]c1=O)C2[EOS],7883.9892141819,42
13.3,Cc1noc2nc(-c3ccccc3)nc(-c3cc4nc[nH]c4c4cc(F)c(F)c(Cl)c34)c12,[BOS]Cc1noc2nc(-c3ccccc3)nc(-c3cc4nc[nH]c4-c4cc(F)c(F)c(Cl)c34)c12[EOS],12062.141134262085,42
12.4,Fc1ccc(Cc2noc(-c3cccc4c5c([nH]c34)CCCC5)n2)c2ccccc12,[BOS]Fc1ccc(Cc2noc(-c3cccc4c5c([nH]c34)CCCC5)n2)c2ccccc12[EOS],15984.6974670887,42
10.9,Cc1cc(Br)ccc1NC(=O)CCc1nc(-c2nc3ccccc3cc2C)no1,[BOS]Cc1cc(Br)ccc1NC(=O)CCc1nc(-c2nc3ccccc3cc2C)no1[EOS],20315.664801120758,42
12.4,COc1ccc(C)c2c1N(C(=O)Cn1c([O-])cn3c(cc4ccccc43)c1=O)CCC2,[BOS]COc1ccc(C)c2c1N(C(=O)Cn1c([O-])cn3c(cc4ccccc43)c1=O)CCC2[EOS],24123.4478597641,42
12.9,O=C(Cn1ccc2ccccc21)N1C2CCC1CC(c1ccccc1)C2,[BOS]O=C(Cn1ccc2ccccc21)N1[C@@H]2CC[C@H]1C[C@@H](c1ccccc1)C2[EOS],28803.027971982956,42
13.0,O=c1[nH]c2cc(F)ccc2cc1-c1noc(Cc2ccc3c(c2)OC(F)(F)n2ncnc2-3)c1CC(O)=NCc1cccc(C(F)(F)F)c1,[BOS]O=c1[nH]c2cc(F)ccc2cc1-c1noc(Cc2ccc3c(c2)OC(F)(F)n2ncnc2-3)c1CC(O)=NCc1cccc(C(F)(F)F)c1[EOS],33373.901797533035,42
12.3,O=[N+]([O-])c1ccn(C2CCCCC2[NH2+]Cc2cccc3ccccc23)n1,[BOS]O=[N+]([O-])c1ccn([C@@H]2CCCC[C@@H]2[NH2+]Cc2cccc3ccccc23)n1[EOS],38504.803255558014,42
11.6,Cc1cn(-c2c(F)cccc2F)nc1C(=O)Nc1csnc1-c1cccc(C(F)(F)F)c1,[BOS]Cc1cn(-c2c(F)cccc2F)nc1C(=O)Nc1csnc1-c1cccc(C(F)(F)F)c1[EOS],43313.45976090431,42
11.9,Cc1ccc(N2CC(C(=O)NC3(c4ccc5c(c4)OCCO5)CCCC3)CC2=O)cc1C,[BOS]Cc1ccc(N2C[C@@H](C(=O)NC3(c4ccc5c(c4)OCCO5)CCCC3)CC2=O)cc1C[EOS],47909.76911044121,42
11.4,O=C(NCC1Cc2ccccc2C1)N1CCCC1c1nc2ccc(Cl)cc2[nH]1,[BOS]O=C(NCC1Cc2ccccc2C1)N1CCC[C@H]1c1nc2ccc(Cl)cc2[nH]1[EOS],52262.20146870613,42
12.9,O=S(=O)(c1cccc2c1CCCC2)N1CCC2(CCCc3ccccc32)CC1,[BOS]O=S(=O)(c1cccc2c1CCCC2)N1CCC2(CCCc3ccccc32)CC1[EOS],4565.869929552078,42
12.2,Fc1ccc(Cl)c2c1CC[NH+](Cc1nc(-c3ccc(F)c4ccccc34)no1)C2,[BOS]Fc1ccc(-c2noc(C[NH+]3CCc4c(F)ccc(Cl)c4C3)n2)c2ccccc12[EOS],8770.243581056595,42
11.8,O=C(NCc1cccc(NC(=O)c2ccc(C(F)(F)F)cc2)c1)C(=O)N1CCC2CCCCC2C1,[BOS]O=C(NCc1cccc(NC(=O)c2ccc(C(F)(F)F)cc2)c1)C(=O)N1CC[C@H]2CCCC[C@H]2C1[EOS][EOS][EOS],14433.126694202423,42
11.7,Cc1cccc2c(=O)c(C(=O)NC(C(=O)[O-])c3ccc4ccccc4c3)c[nH]c12,[BOS]Cc1cccc2c(=O)c(C(=O)N[C@@H](C(=O)[O-])c3ccc4ccccc4c3)c[nH]c12[EOS],18719.128263950348,42
14.3,c1ccc(COc2ccc(-c3cc(-c4cccc5ccccc45)ncn3)c(Cc3c4ccccc4cc4ccccc34)n2)nc1,[BOS]c1ccc(COc2ccc(-c3cc(-c4cccc5ccccc45)ncn3)c(Cc3c4ccccc4cc4ccccc34)n2)nc1[EOS],25122.734808921814,42
11.7,Cc1cc2cc(NC(=O)c3nnsc3Sc3ccc(C(F)(F)F)cc3)ccc2[nH]c1=O,[BOS]Cc1cc2cc(NC(=O)c3nnsc3Sc3ccc(C(F)(F)F)cc3)ccc2[nH]c1=O[EOS],30166.853240966797,42
11.6,N#Cc1cccc(OCc2ccccc2C(=O)N2CCCc3cc(F)c(F)c(F)c32)c1,[BOS]N#Cc1cccc(OCc2ccccc2C(=O)N2CCCc3cc(F)c(F)c(F)c32)c1[EOS],35139.3118391037,42
12.8,O=C(c1cccc(Nc2nc3ccccc3[nH]2)c1)N1CCCCC1c1nc(-c2ccccc2)no1,[BOS]O=C(c1cccc(Nc2nc3ccccc3[nH]2)c1)N1CCCC[C@@H]1c1nc(-c2ccccc2)no1[EOS],39716.43133831024,42
12.7,O=S(=O)(NC1CC1c1cccc2ccccc12)c1ccc2ccccc2c1F,[BOS]O=S(=O)(N[C@@H]1C[C@H]1c1cccc2ccccc12)c1ccc2ccccc2c1F[EOS],43822.87957453728,42
11.8,Cc1cc(C)cc(C(=O)c2ccccc2NC(=O)c2cn[nH]c2C(F)(F)F)c1,[BOS]Cc1cc(C)cc(C(=O)c2ccccc2NC(=O)c2cn[nH]c2C(F)(F)F)c1[EOS],48937.454696178436,42
12.8,O=C1Nc2ccccc2C1=CCc1ccc2ccc3cccc4ccc1c2c34,[BOS]O=C1Nc2ccccc2C1=CCc1ccc2ccc3cccc4ccc1c2c34[EOS][EOS][EOS][EOS][EOS],53986.24766230583,42
12.4,CC(O)C1CCC(C(=O)[NH+]=c2ccn(C(=O)c3cccc(-n4nnnc4N)c3)cc2)CC1,[BOS]Nc1nnnn1-c1cccc(C(=O)n2ccc(=[NH+]C(=O)C3CCC([C@H](C)O)CC3)cc2)c1[EOS],58437.45268416405,42
12.9,Cc1ccc2[nH]cc(CC(=O)Nc3cc(C4CCCCN4C(=O)C4CC4c4ccccc4)[nH]n3)c2c1,[BOS]Cc1ccc2[nH]cc(CC(=O)Nc3cc([C@@H]4CCCCN4C(=O)[C@H]4C[C@@H]4c4ccccc4)[nH]n3)c2c1[EOS],6251.588593959808,42
12.3,O=C(NC1C2CCc3ccccc3C21)C1CC1c1ccc2ccccc2c1,[BOS]O=C(N[C@@H]1[C@@H]2CCc3ccccc3[C@H]21)[C@@H]1C[C@@H]1c1ccc2ccccc2c1[EOS],10313.80155324936,42
11.7,O=[N+]([O-])c1ccn(C2CCCCC2N=Nc2nccc3ccncc23)n1,[BOS]O=[N+]([O-])c1ccn([C@H]2CCCC[C@@H]2N=Nc2nccc3ccncc23)n1[EOS],14997.13415980339,42
11.9,O=C(NC1CC2CCC(C1)N2C(=O)c1c[nH]c(-c2ccc(F)cc2)c1)c1cccc2ncccc12,[BOS]O=C(N[C@H]1C[C@H]2CC[C@@H](C1)N2C(=O)c1c[nH]c(-c2ccc(F)cc2)c1)c1cccc2ncccc12[EOS][EOS][EOS],20459.1690158844,42
12.4,Fc1ccc2c(N3CCCC(c4nc(-c5cccc(F)c5OCc5ccccc5Cl)no4)C3)ncnc2c1,[BOS]Fc1cccc(-c2noc([C@H]3CCCN(c4ncnc5cc(F)ccc45)C3)n2)c1OCc1ccccc1Cl[EOS],24931.369033575058,42
13.3,O=C(Nc1ccccc1F)N1CCCC1c1nc2ccccc2n1C(=O)C1CCCCc2nn(Cc3ccc(F)cc3)cc21,[BOS]O=C(Nc1ccccc1F)N1CCC[C@@H]1c1nc2ccccc2n1C(=O)[C@H]1CCCCc2nn(Cc3ccc(F)cc3)cc21[EOS],30772.458139657974,42
13.2,Cc1ccc2c(c1)C(=O)C(=Cc1cn[nH]c1-c1ccccc1F)CN2c1ccc2c(c1)OCc1ccccc1N2,[BOS]Cc1ccc2c(c1)C(=O)C(=Cc1cn[nH]c1-c1ccccc1F)CN2c1ccc2c(c1)OCc1ccccc1N2[EOS],34889.14757466316,42
12.7,O=C1Cc2cccc(C(=O)N3CCCCC3C3CCN(C(=O)Cc4cccc([N+](=O)[O-])c4)CC3)c2N1,[BOS]O=C1Cc2cccc(C(=O)N3CCCC[C@@H]3C3CCN(C(=O)Cc4cccc([N+](=O)[O-])c4)CC3)c2N1[EOS],40697.38150238991,42
11.7,Cc1ccc2noc(C(=O)N3CC(C)C([NH2+]Cc4ccc(C)nc4C)C3)c2c1,[BOS]Cc1ccc(C[NH2+][C@@H]2CN(C(=O)c3onc4ccc(C)cc34)C[C@H]2C)c(C)n1[EOS],45229.66992878914,42
13.1,c1ccc(-c2nc3ccc(C(Nc4ccc5c(c4)CCCC5)C4CCCc5ccccc54)cc3o2)cc1,[BOS]c1ccc2c(c1)CCC[C@H]2[C@@H](Nc1ccc2c(c1)CCCC2)c1ccc2nc(-c3ccccc3)oc2c1[EOS],50453.95806145668,42
11.8,Cc1cccc(C(=O)N2CC(C(N)=O)Cc3ccccc32)c1NC(=O)c1ccccc1F,[BOS]Cc1cccc(C(=O)N2C[C@H](C(N)=O)Cc3ccccc32)c1NC(=O)c1ccccc1F[EOS],55175.86959695816,42
11.9,O=C(NC1CCOC(c2ccc(F)cc2)C1)c1cn[nH]c1-c1cc2ccccc2o1,[BOS]O=C(N[C@H]1CCO[C@@H](c2ccc(F)cc2)C1)c1cn[nH]c1-c1cc2ccccc2o1[EOS],59479.227080345154,42
12.6,Nc1nc2ccc(N(c3ccc4cn[nH]c4c3)c3cccc4ccccc34)cc2c(=O)n1-c1ccccc1C#Cc1ccccc1,[BOS]Nc1nc2ccc(N(c3ccc4cn[nH]c4c3)c3cccc4ccccc34)cc2c(=O)n1-c1ccccc1C#Cc1ccccc1[EOS],5214.502507686615,42
12.4,O=c1c2ccccc2cc([O-])n1-c1ccccc1NS(=O)(=O)c1cccc2cc(F)ncc12,[BOS]O=c1c2ccccc2cc([O-])n1-c1ccccc1NS(=O)(=O)c1cccc2cc(F)ncc12[EOS],10375.815665245056,42
11.6,CC(=O)Nc1cc(C(=O)N2CCC(F)(c3ccccc3C)C2)cc(C(F)(F)F)c1,[BOS]CC(=O)Nc1cc(C(=O)N2CC[C@@](F)(c3ccccc3C)C2)cc(C(F)(F)F)c1[EOS],14522.61938047409,42
12.3,Oc1nc2cc(F)ccc2cc1Cc1ccc(C(F)(F)F)cc1Cn1nnc(C(F)(F)F)c1-c1cccc2ccccc12,[BOS]Oc1nc2cc(F)ccc2cc1Cc1ccc(C(F)(F)F)cc1Cn1nnc(C(F)(F)F)c1-c1cccc2ccccc12[EOS],20621.515869140625,42
12.2,Cc1cc(-c2noc(C3CC(=O)N(c4ccc5ccccc5c4)C3)n2)ccc1Oc1ccccc1,[BOS]Cc1cc(-c2noc(C3CC(=O)N(c4ccc5ccccc5c4)C3)n2)ccc1Oc1ccccc1[EOS],25232.635651111603,42
12.4,O=C(COc1cccc2ccccc12)OCC(=O)N1c2ccccc2CCc2ccccc21,[BOS]O=C(COc1cccc2ccccc12)OCC(=O)N1c2ccccc2CCc2ccccc21[EOS],31292.70031809807,42
13.3,O=C(c1ccc2ccccc2c1)C(c1c[nH]c2ccccc12)n1nnc2ccccc2c1=O,[BOS]O=C(c1ccc2ccccc2c1)C(c1c[nH]c2ccccc12)n1nnc2ccccc2c1=O[EOS][EOS][EOS][EOS],35332.14673256874,42
12.0,Cc1cccc(C(CC(=O)N2Cc3ccccc3C(C)(C)C2)NC(N)=O)c1C,[BOS]Cc1cccc([C@H](CC(=O)N2Cc3ccccc3C(C)(C)C2)NC(N)=O)c1C[EOS],39921.527886390686,42
12.0,Cc1ccc2[nH]c(C(=O)N3CCC4CN(c5cncc(-c6nn[n-]n6)n5)CC43)cc2c1C,[BOS]Cc1ccc2[nH]c(C(=O)N3CC[C@H]4CN(c5cncc(-c6nn[n-]n6)n5)C[C@H]43)cc2c1C[EOS],43436.668555259705,42
12.1,Cc1nn(-c2ccccn2)c(Cl)c1C[NH+]1CC(O)CC1c1ccccc1C(F)(F)F,[BOS]Cc1nn(-c2ccccn2)c(Cl)c1C[NH+]1C[C@@H](O)C[C@H]1c1ccccc1C(F)(F)F[EOS],48264.48104047775,42
12.2,CC1(NC(=O)c2cc3cccc(F)c3o2)Cc2ccccc2-c2ccccc21,[BOS]C[C@@]1(NC(=O)c2cc3cccc(F)c3o2)Cc2ccccc2-c2ccccc21[EOS],52710.230875492096,42
12.8,O=C(c1cccc(C(=O)N2CCC3CN4CCCC(=O)N4C(=O)CCC3C2)c1)c1ccc(F)c(F)c1,[BOS]O=C1CC[C@H]2CN(C(=O)c3cccc(C(=O)c4ccc(F)c(F)c4)c3)CC[C@@H]2CN2CCCC(=O)N12[EOS],56798.32995009422,42
12.8,O=C(C1CC(=O)N(c2ccc3c(c2)CCC3)C1)N1CCCc2c([nH]c3c(F)cccc23)C1,[BOS]O=C([C@@H]1CC(=O)N(c2ccc3c(c2)CCC3)C1)N1CCCc2c([nH]c3c(F)cccc23)C1[EOS],4290.763232946396,42
12.5,OC1CCC(CC2CC2([NH2+]C2CCc3c(F)ccc(F)c32)c2cccc(Cl)c2)CCN(Cc2ccc(F)cc2)CC1,[BOS]Fc1ccc(F)c2c1CC[C@H]2[NH2+]C1(c2cccc(Cl)c2)CC1CC1CCC(O)CCN(Cc2ccc(F)cc2)CC1[EOS],8580.081637859344,42
12.2,COc1ccc2cccc(CC(=O)NC3c4ccccc4CCC3C(C)C)c2c1,[BOS]COc1ccc2cccc(CC(=O)N[C@@H]3c4ccccc4CC[C@@H]3C(C)C)c2c1[EOS],12810.707246541977,42
11.4,Cc1nc(C(NC(=O)c2cccc3c2CCCC3)c2ccc(Cl)cc2)no1,[BOS]Cc1nc([C@H](NC(=O)c2cccc3c2CCCC3)c2ccc(Cl)cc2)no1[EOS],17067.941115617752,42
12.6,Cc1ccc(CCC(=O)N2CCCCC2c2cc(=O)[nH]c(=O)[nH]2)c(C)c1Cc1ccc2c[nH]c(=N)cc2c1,[BOS]Cc1ccc(CCC(=O)N2CCCC[C@H]2c2cc(=O)[nH]c(=O)[nH]2)c(C)c1Cc1ccc2c[nH]c(=N)cc2c1[EOS],22840.239626407623,42
12.4,Fc1ccccc1C[NH+]1CCCC1c1nnc(-c2cc3cc(Cl)ccc3cc2-c2ccccc2F)o1,[BOS]Fc1ccccc1C[NH+]1CCC[C@@H]1c1nnc(-c2cc3cc(Cl)ccc3cc2c2ccccc2F)o1[EOS],28248.367438316345,42
11.7,Cc1cc2cc(C(=O)N3CCCCC3c3cc(NC(=O)C4CC4c4ccc(Cl)cc4)n[nH]3)ccc2[nH]1,[BOS]Cc1cc2cc(C(=O)N3CCCC[C@@H]3c3cc(NC(=O)[C@@H]4C[C@H]4c4ccc(Cl)cc4)n[nH]3)ccc2[nH]1[EOS][EOS][EOS],32885.52202272415,42
12.0,Cc1cccc(C(C)c2nnc(-c3cccc4ccccc34)o2)c1,[BOS]Cc1cccc([C@H](C)c2nnc(-c3cccc4ccccc34)o2)c1[EOS],36568.2951169014,42
12.7,O=C(N=C(O)c1c[nH+]n2c1CCC=C2)c1ccccc1Cc1c(C(=O)NCC2CC2c2ccccc2Cl)ccc2cccnc12,[BOS]O=C(NC[C@@H]1C[C@H]1c1ccccc1Cl)c1ccc2cccnc2c1Cc1ccccc1C(=O)N=C(O)c1c[nH+]n2c1CCC=C2[EOS],42451.70765852928,42
12.0,O=C(c1ccc(=O)n(-c2ccc(F)cc2)n1)N1CCc2c(Br)ccc([N+](=O)[O-])c2C1,[BOS]O=C(c1ccc(=O)n(-c2ccc(F)cc2)n1)N1CCc2c(Br)ccc([N+](=O)[O-])c2C1[EOS][EOS][EOS][EOS][EOS][EOS][EOS],46622.72732305527,42
13.9,CC1c2c(F)cccc2CCN1C(=O)C1CN(S(=O)(=O)c2ccc3c(c2)CCCC3)c2ccccc2O1,[BOS]C[C@H]1c2c(F)cccc2CCN1C(=O)[C@@H]1CN(S(=O)(=O)c2ccc3c(c2)CCCC3)c2ccccc2O1[EOS],51476.976861953735,42
12.0,Cc1cccc(C(C)N=Cc2c(O)ccc3cc([N+](=O)[O-])ccc23)c1CCc1c[nH]c2cc(F)ccc12,[BOS]Cc1cccc([C@H](C)/N=C\c2c(O)ccc3cc([N+](=O)[O-])ccc23)c1CCc1c[nH]c2cc(F)ccc12[EOS],56846.91853380203,42
