rv,smi,cur_sentence,elapsed_time,seed
13.4,O=C(Cn1ccc2ccccc21)Nc1ccc(C2(NC(=O)c3ccnc4ccccc34)CCC2)cc1,[BOS]O=C(Cn1ccc2ccccc21)Nc1ccc(C2(NC(=O)c3ccnc4ccccc34)CCC2)cc1[EOS],5824.148531198502,42
12.6,O=C(NCC1CCCc2ccccc21)C(=O)Nc1cccc(N2C(=O)c3ccccc3C2=O)c1,[BOS]O=C(NC[C@H]1CCCc2ccccc21)C(=O)Nc1cccc(N2C(=O)c3ccccc3C2=O)c1[EOS],10643.76182961464,42
13.8,O=C(c1n[nH]c2ccc(C(F)(F)F)cc12)N1CCc2c(-c3ccncc3)cnn2C12CCCC(F)(F)C2,[BOS]O=C(c1n[nH]c2ccc(C(F)(F)F)cc12)N1CCc2c(-c3ccncc3)cnn2C12CCCC(F)(F)C2[EOS],15525.203510522842,42
13.4,O=C(NN=C1C(c2ccc3ccccc3c2)C(=O)C(=O)N1CCc1c[nH]c2ccccc12)c1ccc(Br)cc1,[BOS]O=C1C(=O)N(CCc2c[nH]c3ccccc23)C(=NNC(=O)c2ccc(Br)cc2)C1c1ccc2ccccc2c1[EOS],21569.216312885284,42
12.1,O=C1CC(C(=O)N2CCCCC2c2cc(NC(=O)CCc3cncc(C(F)(F)F)c3)n[nH]2)CCN1,[BOS]O=C(CCc1cncc(C(F)(F)F)c1)Nc1cc([C@H]2CCCCN2C(=O)[C@@H]2CCNC(=O)C2)[nH]n1[EOS][EOS][EOS],27462.381051301956,42
13.5,C[NH+]1CCC(CNC(=O)c2c3c(nc4ccccc24)CCC3)C1C1c2ccccc2-c2ccccc21,[BOS]C[NH+]1CC[C@H](CNC(=O)c2c3c(nc4ccccc24)CCC3)[C@H]1C1c2ccccc2-c2ccccc21[EOS],32867.732127189636,42
13.0,OC1CC2(CC[NH+](CC(O)c3cc(Cl)cc4c3-c3ccc(Cl)cc3C4)C2)Oc2ccccc21,[BOS]O[C@@H](C[NH+]1CC[C@@]2(C[C@H](O)c3ccccc3O2)C1)c1cc(Cl)cc2c1-c1ccc(Cl)cc1C2[EOS],37683.53739261627,42
13.8,O=C(NCC1OCC2CCN(C(=O)Cc3cccc4ccccc34)CC21)c1cc(=O)[nH]c2ccccc12,[BOS]O=C(NC[C@@H]1OC[C@@H]2CCN(C(=O)Cc3cccc4ccccc34)C[C@@H]21)c1cc(=O)[nH]c2ccccc12[EOS],43943.29077911377,42
14.1,FC(F)(F)c1ccc(C([NH2+]CC2CC3c4ccccc4C2c2ccccc23)c2nnc(-c3ccccc3)o2)cc1,[BOS]FC(F)(F)c1ccc([C@H]([NH2+]C[C@@H]2CC3c4ccccc4C2c2ccccc23)c2nnc(-c3ccccc3)o2)cc1[EOS],48883.60931777954,42
12.5,Cc1cc(NC(=O)C(=O)NC2CCOc3c(F)cccc32)ccc1-n1nnnc1C(C)C,[BOS]Cc1cc(NC(=O)C(=O)N[C@@H]2CCOc3c(F)cccc32)ccc1-n1nnnc1C(C)C[EOS],53388.9456744194,42
12.9,N#Cc1ccc(F)c(C(=O)NCC23CCCOC2CCN(C(=O)Cc2cc4cccnc4cc2F)C3)c1,[BOS]N#Cc1ccc(F)c(C(=O)NC[C@@]23CCCO[C@@H]2CCN(C(=O)Cc2cc4cccnc4cc2F)C3)c1[EOS],58637.2436375618,42
13.4,O=C(NC1CC2CCC(C1)N2C(=O)C1Cc2n[nH]c(C(F)(F)F)c2C1)c1cc(Cl)cc2n[nH]nc12,[BOS]O=C(N[C@H]1C[C@H]2CC[C@@H](C1)N2C(=O)[C@@H]1Cc2n[nH]c(C(F)(F)F)c2C1)c1cc(Cl)cc2n[nH]nc12[EOS][EOS][EOS][EOS][EOS][EOS][EOS][EOS],63487.384221315384,42
13.1,O=C(Nc1ccc(C2(NC(=O)c3[nH]nc4c(F)cccc34)CCC2)cc1)c1cc2cc[nH]c2cc1F,[BOS]O=C(NC1(c2ccc(NC(=O)c3cc4cc[nH]c4cc3F)cc2)CCC1)c1[nH]nc2c(F)cccc12[EOS],5890.122944831848,42
13.1,Cn1nc(-c2cccc(C(=O)N3CCCC3C(O)(c3ccccc3)c3ccccc3)c2)c2ccccc2c1=O,[BOS]Cn1nc(-c2cccc(C(=O)N3CCC[C@H]3C(O)(c3ccccc3)c3ccccc3)c2)c2ccccc2c1=O[EOS][EOS][EOS][EOS][EOS][EOS][EOS],10807.322118282318,42
13.4,Cc1ccc(CC(=O)N2CCC3COC(CNC(=O)c4ccc5c(Cl)c6c(nc5c4)CCCC6)C3C2)cc1C,[BOS]Cc1ccc(CC(=O)N2CC[C@H]3CO[C@@H](CNC(=O)c4ccc5c(Cl)c6c(nc5c4)CCCC6)[C@H]3C2)cc1C[EOS],16596.165380954742,42
16.7,O=S(=O)(c1cn(-c2cccc3ccccc23)nc1-c1nc(-c2ccnc3[nH]ccc23)no1)N1CCc2ccc(Cl)cc2C1,[BOS]O=S(=O)(c1cn(-c2cccc3ccccc23)nc1-c1nc(-c2ccnc3[nH]ccc23)no1)N1CCc2ccc(Cl)cc2C1[EOS],22281.982988357544,42
14.8,O=C(Nc1cc(C2CCCCN2C(=O)c2cccc3c2oc2ccccc23)[nH]n1)C1CNc2ccccc21,[BOS]O=C(Nc1cc([C@H]2CCCCN2C(=O)c2cccc3c2oc2ccccc23)[nH]n1)[C@@H]1CNc2ccccc21[EOS],27863.45901966095,42
13.7,Cc1cccc2[nH]c(C(=O)N3CCC4OCCCC4(CNC(=O)c4cccc5cccnc45)C3)cc12,[BOS]Cc1cccc2[nH]c(C(=O)N3CC[C@H]4OCCC[C@@]4(CNC(=O)c4cccc5cccnc45)C3)cc12[EOS][EOS][EOS][EOS][EOS],34026.98046016693,42
13.4,O=C(Cc1cc(F)cc(F)c1)NC1CC2CCC(C1)N2C(=O)c1ccc(-c2ccccc2)c(F)c1,[BOS]O=C(Cc1cc(F)cc(F)c1)N[C@H]1C[C@H]2CC[C@@H](C1)N2C(=O)c1ccc(-c2ccccc2)c(F)c1[EOS],39225.140989780426,42
13.5,Nc1c(NC(=O)c2c3c(nc4ccccc24)CCN(c2cccc(OC(F)(F)F)c2F)C3=O)c(=O)c1=O,[BOS]Nc1c(NC(=O)c2c3c(nc4ccccc24)CCN(c2cccc(OC(F)(F)F)c2F)C3=O)c(=O)c1=O[EOS],44164.04001426697,42
12.3,CC1CC2(CCC(C(=O)Nc3cc(C4CC4C)nn3-c3ccc(Cl)c(C(F)(F)F)c3)CC2)C[NH2+]1,[BOS]C[C@@H]1C[C@H]1c1cc(NC(=O)C2CCC3(CC2)C[NH2+][C@H](C)C3)n(-c2ccc(Cl)c(C(F)(F)F)c2)n1[EOS][EOS][EOS][EOS][EOS][EOS][EOS],48626.74062824249,42
13.1,O=C(Oc1ccccc1-c1nc2ccccc2[nH]1)C1CC(=O)N(c2ccc3c(c2)Cc2ccccc2-3)C1,[BOS]O=C(Oc1ccccc1-c1nc2ccccc2[nH]1)[C@@H]1CC(=O)N(c2ccc3c(c2)Cc2ccccc2-3)C1[EOS],54189.85828566551,42
13.8,O=C(Nc1ccc2ccccc2c1)C(Cc1ccc(O)cc1)n1c([O-])c(Cc2cccc3ccccc23)[nH]c1=O,[BOS]O=c1[nH]c(Cc2cccc3ccccc23)c([O-])n1[C@H](Cc1ccc(O)cc1)C(=O)Nc1ccc2ccccc2c1[EOS][EOS][EOS][EOS][EOS][EOS][EOS],58839.605353832245,42
14.8,O=Cn1c2ccccc2c2cc(-c3ccccc3CN(Cc3ccccc3)C(=O)c3cc(F)c4ncccc4c3)ccc21,[BOS]O=C(c1cc(F)c2ncccc2c1)N(Cc1ccccc1)Cc1ccccc1-c1ccc2c(c1)c1ccccc1n2C=O[EOS],62987.37660741806,42
13.6,Cc1cccn2ncc(C(=O)N3CCC(C4CCCCN4C(=O)c4ccc5nonc5c4)CC3)c12,[BOS]Cc1cccn2ncc(C(=O)N3CCC([C@@H]4CCCCN4C(=O)c4ccc5nonc5c4)CC3)c12[EOS],5167.523049592972,42
12.5,O=C(NCC1CCN(C(=O)Cc2cccc(F)c2)C1c1cccnc1)c1n[nH]c(=O)c2ncccc12,[BOS]O=C(NC[C@H]1CCN(C(=O)Cc2cccc(F)c2)[C@@H]1c1cccnc1)c1n[nH]c(=O)c2ncccc12[EOS][EOS][EOS][EOS],10527.03695988655,42
13.1,COc1ccc2[nH]cc(C(=O)N3CCC4COC(CNC(=O)c5cccc6ccncc56)C4C3)c2c1,[BOS]COc1ccc2[nH]cc(C(=O)N3CC[C@H]4CO[C@@H](CNC(=O)c5cccc6ccncc56)[C@H]4C3)c2c1[EOS],16317.956284046173,42
14.0,O=C(Nc1cc(C2CCCCN2C(=O)Cc2cc3cccnc3cc2F)[nH]n1)C1CCCC2CCCCC21,[BOS]O=C(Nc1cc([C@H]2CCCCN2C(=O)Cc2cc3cccnc3cc2F)[nH]n1)[C@@H]1CCC[C@H]2CCCC[C@@H]21[EOS],22302.88361144066,42
14.4,Cc1ccc(CCC(=O)N2CCCCC2c2cc(NC(=O)c3ccnc4ccccc34)n[nH]2)c2ccccc12,[BOS]Cc1ccc(CCC(=O)N2CCCC[C@H]2c2cc(NC(=O)c3ccnc4ccccc34)n[nH]2)c2ccccc12[EOS],28552.02099943161,42
13.7,CC(C(=O)Nc1cc(C2CCCCN2C(=O)c2cccc3ccccc23)[nH]n1)N(C(=O)[O-])c1ccccc1,[BOS]C[C@H](C(=O)Nc1cc([C@H]2CCCCN2C(=O)c2cccc3ccccc23)[nH]n1)N(c1ccccc1)C(=O)[O-][EOS][EOS][EOS][EOS][EOS][EOS][EOS][EOS],34034.91040277481,42
12.2,CC(C)n1nc(C(=O)Nc2ncc(Cc3ccc(Cl)cc3C(F)(F)F)s2)c2ccccc2c1=O,[BOS]CC(C)n1nc(C(=O)Nc2ncc(Cc3ccc(Cl)cc3C(F)(F)F)s2)c2ccccc2c1=O[EOS][EOS][EOS][EOS][EOS],38704.47292590141,42
11.7,Cn1ncc2c(=O)c(C(=O)N3CC(C(=O)N4CCCCC4)Oc4ccccc43)c[nH]c21,[BOS]Cn1ncc2c(=O)c(C(=O)N3C[C@@H](C(=O)N4CCCCC4)Oc4ccccc43)c[nH]c21[EOS],43275.84905719757,42
13.1,CC(OC(=O)C1CC(=O)c2ccccc21)c1nc2cc(C(F)(F)F)ccc2n1Cc1ccc2c(c1)OCO2,[BOS]C[C@H](OC(=O)[C@H]1CC(=O)c2ccccc21)c1nc2cc(C(F)(F)F)ccc2n1Cc1ccc2c(c1)OCO2[EOS],48482.78450012207,42
14.0,O=C(Oc1cccc(C=Nn2c(-c3cc4ccccc4o3)nc3ccccc3c2=O)c1O)c1cccc2ccccc12,[BOS]O=C(Oc1cccc(C=Nn2c(-c3cc4ccccc4o3)nc3ccccc3c2=O)c1O)c1cccc2ccccc12[EOS],55136.96338438988,42
14.4,O=C(NCc1cccc(NC(=O)c2ccc3c(=O)[nH]oc3c2)c1)c1ccc(C2=CCc3nc(O)ccc32)c(Cl)c1,[BOS]O=C(NCc1cccc(NC(=O)c2ccc3c(c2)ONC3=O)c1)c1ccc(C2=CCc3nc(O)ccc32)c(Cl)c1[EOS],60685.526107788086,42
13.4,Cc1cccc(-c2ncccc2C(=O)Nc2cc(C3CCCCN3C(=O)c3cc4n(n3)CCCC4)[nH]n2)c1,[BOS]Cc1cccc(-c2ncccc2C(=O)Nc2cc([C@H]3CCCCN3C(=O)c3cc4n(n3)CCCC4)[nH]n2)c1[EOS],65730.57037830353,42
13.3,O=C1NC(c2ccc(Cl)c(S(=O)(=O)[N-]c3ccc(C(=O)N4CCc5ccccc5C4)c(Cl)c3)c2)Nc2ccccc21,[BOS]O=C(c1ccc([N-]S(=O)(=O)c2cc([C@@H]3NC(=O)c4ccccc4N3)ccc2Cl)cc1Cl)N1CCc2ccccc2C1[EOS][EOS],5958.141816854477,42
12.7,COC(=O)Nc1cccc(C(=O)Nc2cc(C3CCCCN3C(=O)c3cnn4c(C)cc(C)nc34)[nH]n2)c1,[BOS]COC(=O)Nc1cccc(C(=O)Nc2cc([C@H]3CCCCN3C(=O)c3cnn4c(C)cc(C)nc34)[nH]n2)c1[EOS],11516.362746238708,42
14.2,O=C(Cc1ccc2nccnc2c1)NCc1ccc2onc(-c3cn(Cc4ccc(F)cc4)c4ccccc34)c2c1,[BOS]O=C(Cc1ccc2nccnc2c1)NCc1ccc2onc(-c3cn(Cc4ccc(F)cc4)c4ccccc34)c2c1[EOS],17955.369653463364,42
13.9,O=c1oc2ccccc2n1C=Cc1cn(Cc2ccccc2)nc1-c1ccc(-c2ccccn2)c(-c2ccn(O)c2)c1,[BOS]O=c1oc2ccccc2n1/C=C/c1cn(Cc2ccccc2)nc1-c1ccc(-c2ccccn2)c(-c2ccn(O)c2)c1[EOS],23056.774248600006,42
13.7,O=C(CC1OCCc2ccccc21)NCC12CCCOC1CCN(C(=O)Cc1n[nH]c3cc(Cl)ccc13)C2,[BOS]O=C(C[C@H]1OCCc2ccccc21)NC[C@@]12CCCO[C@@H]1CCN(C(=O)Cc1n[nH]c3cc(Cl)ccc13)C2[EOS],29145.078640937805,42
13.4,CC(Sc1nc2ccccc2c(=O)n1-c1ccc2c(c1)OCCO2)C(=O)N1CCCc2ccccc21,[BOS]C[C@H](Sc1nc2ccccc2c(=O)n1-c1ccc2c(c1)OCCO2)C(=O)N1CCCc2ccccc21[EOS],35274.19819402695,42
13.2,O=C(Nc1ccc(Cl)c2cccnc12)c1nn(-c2cc(C(F)(F)F)cc(C(F)(F)F)c2)c2c1CCCCC2,[BOS]O=C(Nc1ccc(Cl)c2cccnc12)c1nn(-c2cc(C(F)(F)F)cc(C(F)(F)F)c2)c2c1CCCCC2[EOS][EOS][EOS],39565.2861893177,42
13.8,O=C(Nc1ccc2[nH]nc(-c3ccccc3)c2c1)C1CCN1C(=O)OCC1c2ccccc2-c2ccccc21,[BOS]O=C(Nc1ccc2[nH]nc(-c3ccccc3)c2c1)[C@H]1CCN1C(=O)OCC1c2ccccc2-c2ccccc21[EOS],45479.114897727966,42
13.7,O=C(NC(C(=O)N1Cc2ccc([N+](=O)[O-])cc2C1)c1ccccc1)OCC1c2ccccc2-c2ccccc21,[BOS]O=C(N[C@@H](C(=O)N1Cc2ccc([N+](=O)[O-])cc2C1)c1ccccc1)OCC1c2ccccc2-c2ccccc21[EOS],51169.24245095253,42
12.2,Cc1cccc(C2=CCN(C(=O)NCc3cn(Cc4ccccc4)nc3-c3ccccc3)CC2)c1C,[BOS]Cc1cccc(C2=CCN(C(=O)NCc3cn(Cc4ccccc4)nc3-c3ccccc3)CC2)c1C[EOS][EOS][EOS][EOS][EOS][EOS],55905.664469480515,42
12.9,O=C(c1ccc(-c2c[nH]c3c2COC3O)cc1)c1nc(Nc2n[nH]cc2N=C2C=CC=CC2)ccc1F,[BOS]O=C(c1ccc(-c2c[nH]c3c2COC3O)cc1)c1nc(Nc2n[nH]cc2N=C2C=CC=CC2)ccc1F[EOS][EOS][EOS],60517.23878979683,42
12.0,O=C(NCC1COc2ccccc21)C(=O)N1CC2(CCC2)c2c(F)cccc21,[BOS]O=C(NC[C@H]1COc2ccccc21)C(=O)N1CC2(CCC2)c2c(F)cccc21[EOS][EOS][EOS][EOS][EOS][EOS][EOS],64304.324451208115,42
13.2,O=C(NC1C2COCC1CN(C(=O)C1CCc3ccccc3C1)C2)c1c(Cl)ccc2c1OC(F)(F)O2,[BOS]O=C(N[C@H]1[C@@H]2COC[C@H]1CN(C(=O)[C@@H]1CCc3ccccc3C1)C2)c1c(Cl)ccc2c1OC(F)(F)O2[EOS],4951.764536619186,42
14.7,O=C(NCC12CCCOC1CCN(C(=O)c1cccc3c1oc1ccccc13)C2)c1cccc2ncccc12,[BOS]O=C(NC[C@@]12CCCO[C@@H]1CCN(C(=O)c1cccc3c1oc1ccccc13)C2)c1cccc2ncccc12[EOS],10642.089485406876,42
14.0,O=C1Nc2c(cccc2C(=O)N2CCCCC2c2cc(NC(=O)c3n[nH]c4c3CCCC4)n[nH]2)C1=O,[BOS]O=C1Nc2c(cccc2C(=O)N2CCCC[C@@H]2c2cc(NC(=O)c3n[nH]c4c3CCCC4)n[nH]2)C1=O[EOS],16158.0701212883,42
14.3,O=C(Cc1sc(=Nc2ccc3ccccc3c2)n(Cc2cccc3cc[nH]c23)c1O)Nc1cccc2ccccc12,[BOS]O=C(Cc1s/c(=N\c2ccc3ccccc3c2)n(Cc2cccc3cc[nH]c23)c1O)Nc1cccc2ccccc12[EOS],21904.384077072144,42
14.0,Cc1ccc(-n2c(NC(=O)c3cc4cccnc4[nH]c3=O)nc3cc4c(cc32)OCCO4)cc1C,[BOS]Cc1ccc(-n2c(NC(=O)c3cc4cccnc4[nH]c3=O)nc3cc4c(cc32)OCCO4)cc1C[EOS],26214.01522755623,42
13.2,Cc1ccc(CCC(=O)N2C3CCC2CC(NC(=O)CCc2c[nH]c4ccc(F)cc24)C3)c2ccccc12,[BOS]Cc1ccc(CCC(=O)N2[C@@H]3CC[C@H]2C[C@@H](NC(=O)CCc2c[nH]c4ccc(F)cc24)C3)c2ccccc12[EOS],32285.15794157982,42
13.1,O=C(NC1C2COCC1CN(C(=O)C1CCC3CCC(=O)N3C1)C2)c1cc2ccccc2[nH]c(=O)c1=O,[BOS]O=C(N[C@H]1[C@@H]2COC[C@H]1CN(C(=O)[C@@H]1CC[C@@H]3CCC(=O)N3C1)C2)C1=Cc2ccccc2NC(=O)C1=O[EOS][EOS][EOS][EOS][EOS][EOS],37073.64853453636,42
12.5,NC(=O)CC(NC(=O)c1ccc2c(c1)CCC2)C(=O)Nc1cccc(-c2nnc3n2CCCCC3)c1,[BOS]NC(=O)C[C@H](NC(=O)c1ccc2c(c1)CCC2)C(=O)Nc1cccc(-c2nnc3n2CCCCC3)c1[EOS],41893.719576597214,42
13.3,Cc1c(Cl)ccc(C(=O)N2CCCCC2c2cc(NC(=O)c3[nH]c4ccccc4c3Cl)n[nH]2)c1Cl,[BOS]Cc1c(Cl)ccc(C(=O)N2CCCC[C@@H]2c2cc(NC(=O)c3[nH]c4ccccc4c3Cl)n[nH]2)c1Cl[EOS],46815.690467357635,42
12.9,O=C(Cc1ccc(F)cc1C(F)(F)F)NC1CC2CCC(C1)N2C(=O)CC1OCCc2ccccc21,[BOS]O=C(Cc1ccc(F)cc1C(F)(F)F)N[C@H]1C[C@H]2CC[C@@H](C1)N2C(=O)C[C@@H]1OCCc2ccccc21[EOS],52250.68227696419,42
13.8,O=C(NCCc1nnc2ccccn12)C1CCC(C(F)(F)F)CN1C(=O)OCC1c2ccccc2-c2ccccc21,[BOS]O=C(NCCc1nnc2ccccn12)[C@@H]1CC[C@H](C(F)(F)F)CN1C(=O)OCC1c2ccccc2-c2ccccc21[EOS],57607.28188085556,42
13.7,O=C(c1cccc(-n2nccc2-c2ccccc2)c1)N1CCC(c2c[nH]c3ncccc23)CC1,[BOS]O=C(c1cccc(-n2nccc2-c2ccccc2)c1)N1CCC(c2c[nH]c3ncccc23)CC1[EOS],62053.115204811096,42
13.1,O=C(Cc1[nH]nc2c(Cl)cccc12)NC1(c2ccc(NC(=O)c3cnn4ncccc34)cc2)CCC1,[BOS]O=C(Cc1[nH]nc2c(Cl)cccc12)NC1(c2ccc(NC(=O)c3cnn4ncccc34)cc2)CCC1[EOS],6335.59743309021,42
14.8,O=C(Nc1cc(C2CCCCN2C(=O)c2cccc3c2oc2ccccc23)[nH]n1)c1[nH]nc2ncccc12,[BOS]O=C(Nc1cc([C@@H]2CCCCN2C(=O)c2cccc3c2oc2ccccc23)[nH]n1)c1[nH]nc2ncccc12[EOS],11859.407469034195,42
12.2,Cn1c(C(NC(=O)c2occ3ccccc23)c2ccccc2)nc2ccccc2c1=O,[BOS]Cn1c([C@H](NC(=O)c2occ3ccccc23)c2ccccc2)nc2ccccc2c1=O[EOS],16280.382081270218,42
13.9,Cc1c(C(=O)NCC23CCCOC2CCN(C(=O)Cc2cccc4ncccc24)C3)cn2nc[nH]c(=O)c12,[BOS]Cc1c(C(=O)NC[C@@]23CCCO[C@@H]2CCN(C(=O)Cc2cccc4ncccc24)C3)cn2nc[nH]c(=O)c12[EOS],22614.383706092834,42
11.4,Cc1ncn(-c2ccc(NC(=O)Cc3coc(-c4ccc(OCc5ccncc5)cc4)n3)cc2)c1C,[BOS]Cc1ncn(-c2ccc(NC(=O)Cc3coc(-c4ccc(OCc5ccncc5)cc4)n3)cc2)c1C[EOS][EOS][EOS][EOS],27869.041212797165,42
13.9,O=C1CCc2c1cccc2-c1noc(C(c2cc3ccccc3[nH]2)[NH+]2CCC3(CC[NH2+]CC3)CC2)n1,[BOS]O=C1CCc2c1cccc2-c1noc([C@H](c2cc3ccccc3[nH]2)[NH+]2CCC3(CC[NH2+]CC3)CC2)n1[EOS],33402.00395298004,42
13.5,COc1cccc2c1CC(C(=O)NCC13CCCOC1CCN(C(=O)c1cc(C)c(O)c(C)c1)C3)CC2,[BOS]COc1cccc2c1C[C@H](C(=O)NC[C@@]13CCCO[C@@H]1CCN(C(=O)c1cc(C)c(O)c(C)c1)C3)CC2[EOS],39802.00349736214,42
13.4,Cc1cccc(CC(=O)N2CCCCC2c2cc(NC(=O)c3occc3-c3ccccc3)n[nH]2)c1,[BOS]Cc1cccc(CC(=O)N2CCCC[C@H]2c2cc(NC(=O)c3occc3-c3ccccc3)n[nH]2)c1[EOS],45073.23022937775,42
13.1,O=C1CSc2cc(-c3nnc(-c4nn(Cc5ccccc5)c(=O)c5ccccc45)o3)ccc2N1,[BOS]O=C1CSc2cc(-c3nnc(-c4nn(Cc5ccccc5)c(=O)c5ccccc45)o3)ccc2N1[EOS],49762.79284310341,42
14.9,O=C(NCC(c1ccccc1)c1c[nH]c2ccccc12)c1ccnc2c(Br)cccc12,[BOS]O=C(NC[C@@H](c1ccccc1)c1c[nH]c2ccccc12)c1ccnc2c(Br)cccc12[EOS],55230.83560180664,42
14.3,O=S(=O)(NC1c2cccc(F)c2CC1n1nc(COc2ccc3ccccc3c2)c2cccnc21)c1ccc2ccccc2c1,[BOS]O=S(=O)(N[C@@H]1c2cccc(F)c2C[C@@H]1n1nc(COc2ccc3ccccc3c2)c2cccnc21)c1ccc2ccccc2c1[EOS],61296.712189912796,42
14.6,Nc1noc2ccc(CNC(=O)c3n[nH]c4c5ccc6ccccc6c5c5ccccc5c34)cc12,[BOS]Nc1noc2ccc(CNC(=O)C3=NNc4c3c3ccccc3c3c4ccc4ccccc43)cc12[EOS][EOS][EOS][EOS][EOS][EOS][EOS][EOS],65670.87054848671,42
13.7,Cc1ccc(CCC(=O)NCC2OCC3CCN(C(=O)c4c[nH]c5ccccc45)CC32)c2ccccc12,[BOS]Cc1ccc(CCC(=O)NC[C@@H]2OC[C@@H]3CCN(C(=O)c4c[nH]c5ccccc45)C[C@@H]32)c2ccccc12[EOS],6448.349722862244,42
13.2,Cc1ccc(CC(=O)N2CCCCC2c2cc(NC(=O)C=C3C(=O)Nc4ccccc43)n[nH]2)cc1[N+](=O)[O-],[BOS]Cc1ccc(CC(=O)N2CCCC[C@@H]2c2cc(NC(=O)C=C3C(=O)Nc4ccccc43)n[nH]2)cc1[N+](=O)[O-][EOS][EOS][EOS][EOS][EOS][EOS],12260.928240060806,42
13.4,Cc1occ(C(F)(F)F)c1C(=O)Nc1cc(C2CCCCN2C(=O)c2cc3cc(F)ccc3[nH]2)[nH]n1,[BOS]Cc1occ(C(F)(F)F)c1C(=O)Nc1cc([C@H]2CCCCN2C(=O)c2cc3cc(F)ccc3[nH]2)[nH]n1[EOS],17574.750390052795,42
13.3,Cc1ccn2c(C(=O)Nc3ccc(C4(NC(=O)CCc5ccc(C)c6ccccc56)CCC4)cc3)c[nH+]c2c1,[BOS]Cc1ccn2c(C(=O)Nc3ccc(C4(NC(=O)CCc5ccc(C)c6ccccc56)CCC4)cc3)c[nH+]c2c1[EOS],24877.02879881859,42
11.3,O=C(Nc1sccc1C(=O)Nc1cc(F)c(-n2cccn2)c(F)c1)c1ccc(Cl)cc1O,[BOS]O=C(Nc1sccc1C(=O)Nc1cc(F)c(-n2cccn2)c(F)c1)c1ccc(Cl)cc1O[EOS][EOS][EOS][EOS][EOS][EOS][EOS][EOS],29371.449100971222,42
13.6,CC(C(=O)Nc1cc(C2CCCCN2C(=O)CCn2c([O-])c3ccccc3cc2=O)[nH]n1)c1ccc(O)cc1,[BOS]C[C@H](C(=O)Nc1cc([C@H]2CCCCN2C(=O)CCn2c([O-])c3ccccc3cc2=O)[nH]n1)c1ccc(O)cc1[EOS],35464.91103029251,42
12.6,O=C(NC1CC[NH+](C2CCN(C(=O)C(=O)c3ccccc3)CC2)CC1)C1=NOC(c2ccccc2)C1,[BOS]O=C(NC1CC[NH+](C2CCN(C(=O)C(=O)c3ccccc3)CC2)CC1)C1=NO[C@@H](c2ccccc2)C1[EOS],41146.91672587395,42
13.8,Cc1cccc2[nH]c(C(=O)Nc3cc(C4CCCCN4C(=O)c4ccc5c(c4)n(C)c(=O)n5C)[nH]n3)cc12,[BOS]Cc1cccc2[nH]c(C(=O)Nc3cc([C@@H]4CCCCN4C(=O)c4ccc5c(c4)n(C)c(=O)n5C)[nH]n3)cc12[EOS],46425.15249967575,42
13.3,CC1Oc2ccc(C(=O)N3C4CCC3CC(NC(=O)C=C3C(=O)Nc5ccccc53)C4)cc2NC1=O,[BOS]C[C@@H]1Oc2ccc(C(=O)N3[C@@H]4CC[C@H]3C[C@@H](NC(=O)C=C3C(=O)Nc5ccccc53)C4)cc2NC1=O[EOS],52163.80935359001,42
13.7,O=C(Nc1cc(C2CCCCN2C(=O)c2cnc3c(F)c(F)ccc3c2)[nH]n1)c1n[nH]c2c1CCCC2,[BOS]O=C(Nc1cc([C@@H]2CCCCN2C(=O)c2cnc3c(F)c(F)ccc3c2)[nH]n1)c1n[nH]c2c1CCCC2[EOS],57343.263078927994,42
13.3,O=C(Nc1cccc2c1CCNC2=O)c1cc(C2CC(=O)N(Cc3cc(F)cc(C(F)(F)F)c3)C2)ccc1F,[BOS]O=C(Nc1cccc2c1CCNC2=O)c1cc(C2CC(=O)N(Cc3cc(F)cc(C(F)(F)F)c3)C2)ccc1F[EOS][EOS][EOS],62041.76486873627,42
13.2,O=C(CCN1Cc2ccccc2C1=O)NCC1OCC2CCN(C(=O)c3cccc4ccncc34)CC21,[BOS]O=C(CCN1Cc2ccccc2C1=O)NC[C@@H]1OC[C@@H]2CCN(C(=O)c3cccc4ccncc34)C[C@@H]21[EOS],67755.14834809303,42
13.4,Cc1cccc(C)c1C(=O)Nc1cc(C2CCCCN2C(=O)Cc2ccc3c(c2)CCCO3)[nH]n1,[BOS]Cc1cccc(C)c1C(=O)Nc1cc([C@@H]2CCCCN2C(=O)Cc2ccc3c(c2)CCCO3)[nH]n1[EOS],5222.991844654083,42
13.1,O=C(NC1CC2CCC(C1)N2C(=O)Cc1[nH]nc2c(Cl)cccc12)c1cc(-c2ccccc2Cl)n[nH]1,[BOS]O=C(N[C@H]1C[C@H]2CC[C@@H](C1)N2C(=O)Cc1[nH]nc2c(Cl)cccc12)c1cc(-c2ccccc2Cl)n[nH]1[EOS],10556.551986455917,42
13.1,Fc1ccc(C(c2nc(-c3ccc4ccc5cccnc5c4n3)no2)N2CC[NH2+]C(c3ccccc3)C2)cc1,[BOS]Fc1ccc([C@H](c2nc(-c3ccc4ccc5cccnc5c4n3)no2)N2CC[NH2+][C@@H](c3ccccc3)C2)cc1[EOS],15293.25981092453,42
14.0,O=C(Nc1cc(C2CCCCN2C(=O)c2cnnc3ccccc23)[nH]n1)C1CCCC2CCCCC21,[BOS]O=C(Nc1cc([C@@H]2CCCCN2C(=O)c2cnnc3ccccc23)[nH]n1)[C@@H]1CCC[C@H]2CCCC[C@H]21[EOS],20507.761708498,42
13.6,Cc1nc2cccc(C(=O)N3CCCCC3c3cc(NC(=O)c4cccc5cnccc45)n[nH]3)c2s1,[BOS]Cc1nc2cccc(C(=O)N3CCCC[C@@H]3c3cc(NC(=O)c4cccc5cnccc45)n[nH]3)c2s1[EOS],25636.93291568756,42
11.7,CC1CCC(O)C(C2CCCN2C(=O)c2ncoc2-c2cccc(C(F)(F)F)c2)C1,[BOS]C[C@@H]1CC[C@H](O)[C@@H]([C@H]2CCCN2C(=O)c2ncoc2-c2cccc(C(F)(F)F)c2)C1[EOS],30209.091775417328,42
15.7,Fc1ccc2c(-c3nc(NN[C]4C=CC=C5C=NC=C45)nc(-c4occ5c4SCCC5)n3)c(F)ccc2c1Cl,[BOS]Fc1ccc2c(-c3nc(NN[C]4C=CC=C5C=NC=C54)nc(-c4occ5c4SCCC5)n3)c(F)ccc2c1Cl[EOS],35054.52106976509,42
12.9,O=C(C=CC(=O)N1CCC2OCCCC2(CNC(=O)C2CCCC3CCCCC32)C1)c1ccc(Cl)cc1,[BOS]O=C(C=CC(=O)N1CC[C@H]2OCCC[C@@]2(CNC(=O)[C@@H]2CCC[C@@H]3CCCC[C@H]32)C1)c1ccc(Cl)cc1[EOS],41705.466743946075,42
12.6,NC(=O)C1CC(C(=O)NCC2(c3cccc(C(F)(F)F)c3)CCCCC2)=NN1c1ccc(F)cc1,[BOS]NC(=O)[C@@H]1CC(C(=O)NCC2(c3cccc(C(F)(F)F)c3)CCCCC2)=NN1c1ccc(F)cc1[EOS],47069.599408864975,42
13.8,O=C(Nc1cc(C2CCCCN2C(=O)c2ccc3occ(Cl)c3c2)[nH]n1)c1onc2ccccc12,[BOS]O=C(Nc1cc([C@@H]2CCCCN2C(=O)c2ccc3occ(Cl)c3c2)[nH]n1)c1onc2ccccc12[EOS],52447.49789261818,42
13.4,O=C(NCC12CCCOC1CCN(C(=O)c1cccn3cncc13)C2)c1cccc2cccnc12,[BOS]O=C(NC[C@@]12CCCO[C@@H]1CCN(C(=O)c1cccn3cncc13)C2)c1cccc2cccnc12[EOS],58189.789333343506,42
13.8,Cc1cccc2[nH]c(C(=O)N3CCC4OCCCC4(CNC(=O)C4CC45C(=O)Nc4ccccc45)C3)cc12,[BOS]Cc1cccc2[nH]c(C(=O)N3CC[C@H]4OCCC[C@@]4(CNC(=O)[C@@H]4C[C@@]45C(=O)Nc4ccccc45)C3)cc12[EOS],64275.489740371704,42
12.5,Cc1cccc(C(=O)NCCn2c(C(=O)Nc3ccccn3)nnc2N2CCCC(C(C)(F)F)C2)c1,[BOS]Cc1cccc(C(=O)NCCn2c(C(=O)Nc3ccccn3)nnc2N2CCC[C@H](C(C)(F)F)C2)c1[EOS],5595.129467248917,42
13.2,O=C(NCC1[NH2+]CCc2ccccc21)Nc1nc(C2CC3CCC2CC2(C3)OCCO2)cs1,[BOS]O=C(NC[C@H]1[NH2+]CCc2ccccc21)Nc1nc([C@H]2CC3CCC2CC2(C3)OCCO2)cs1[EOS],10150.231313228607,42
13.4,Cc1cccc(-c2nn(-c3ccc(F)cc3)cc2-c2nc3ccccc3n2Cc2cc(C)ccc2C)c1,[BOS]Cc1cccc(-c2nn(-c3ccc(F)cc3)cc2-c2nc3ccccc3n2Cc2cc(C)ccc2C)c1[EOS],15264.519260406494,42
13.5,O=C(NC1CC2CCC(C1)N2C(=O)CC1Cc2ccccc2C1)c1ncccc1-c1ccccc1,[BOS]O=C(N[C@H]1C[C@H]2CC[C@@H](C1)N2C(=O)CC1Cc2ccccc2C1)c1ncccc1-c1ccccc1[EOS],20398.026990175247,42
13.6,O=C(CC(c1[nH+]c2ccccc2s1)c1c[nH]c2ccccc12)N1c2ccccc2CCC1c1ccccc1,[BOS]O=C(C[C@H](c1[nH+]c2ccccc2s1)c1c[nH]c2ccccc12)N1c2ccccc2CC[C@@H]1c1ccccc1[EOS],26088.348430156708,42
14.3,O=C1c2ccccc2-c2ccc(NC(=O)C(NC(=O)c3cccc4ccccc34)c3ccccc3)cc21,[BOS]O=C(N[C@H](C(=O)Nc1ccc2c(c1)C(=O)c1ccccc1-2)c1ccccc1)c1cccc2ccccc12[EOS],32182.266244649887,42
13.6,Cc1cc(F)c(F)c(C(=O)NCC23CCCOC2CCN(C(=O)c2ccc4c(c2)NC(=O)CC4)C3)c1,[BOS]Cc1cc(F)c(F)c(C(=O)NC[C@@]23CCCO[C@@H]2CCN(C(=O)c2ccc4c(c2)NC(=O)CC4)C3)c1[EOS],37771.555829524994,42
12.8,Cc1cc2nnc(C(=O)NCC34CCCOC3CCN(C(=O)c3n[nH]c5ccc(F)cc35)C4)c(C)n2n1,[BOS]Cc1cc2nnc(C(=O)NC[C@@]34CCCO[C@@H]3CCN(C(=O)c3n[nH]c5ccc(F)cc35)C4)c(C)n2n1[EOS],44476.2285490036,42
12.3,[NH3+]C(Cc1c[nH]c2cc(F)ccc12)C(=O)N1C2CCC1CC(NC(=O)c1[nH]nc3c1CCc1ncccc1-3)C2,[BOS][NH3+][C@H](Cc1c[nH]c2cc(F)ccc12)C(=O)N1[C@@H]2CC[C@H]1C[C@@H](NC(=O)c1[nH]nc3c1CCc1ncccc1-3)C2[EOS][EOS][EOS][EOS][EOS],49893.95607280731,42
13.8,O=C(Nc1cc(C2CCCCN2C(=O)c2cncc3cnccc23)[nH]n1)C1Cc2ccccc2C[NH2+]1,[BOS]O=C(Nc1cc([C@@H]2CCCCN2C(=O)c2cncc3cnccc23)[nH]n1)[C@H]1Cc2ccccc2C[NH2+]1[EOS],55269.239460229874,42
11.9,C[NH+]1CCCC(C(=O)Nc2cc(C3CCCCN3C(=O)Cc3ccc4ccccc4c3)[nH]n2)C1,[BOS]C[NH+]1CCC[C@@H](C(=O)Nc2cc([C@H]3CCCCN3C(=O)Cc3ccc4ccccc4c3)[nH]n2)C1[EOS],60594.99674868584,42
11.7,CC(=O)N1CC(C(=O)Nc2nnc3c(Cl)cc(C(F)(F)F)cn23)Oc2ccccc21,[BOS]CC(=O)N1C[C@H](C(=O)Nc2nnc3c(Cl)cc(C(F)(F)F)cn23)Oc2ccccc21[EOS],63903.95878815651,42
12.8,Fc1ccc2[nH]cc(C(c3nc(-c4ccc(Br)c5ccccc45)no3)C(F)(F)F)c2c1,[BOS]Fc1ccc2[nH]cc([C@@H](c3nc(-c4ccc(Br)c5ccccc45)no3)C(F)(F)F)c2c1[EOS],4526.852670431137,42
13.5,CC1CC(C)CN(C(=O)c2ccccc2NC(=O)c2ccc(COc3cccc4ccccc34)o2)C1,[BOS]C[C@H]1C[C@H](C)CN(C(=O)c2ccccc2NC(=O)c2ccc(COc3cccc4ccccc34)o2)C1[EOS],9590.040481567383,42
14.1,Cc1ccc(-c2cc(-c3nc4ccccc4c(=O)[nH]3)c3ccccc3[nH+]2)cc1-c1ccccc1C(F)(F)F,[BOS]Cc1ccc(-c2cc(-c3nc4ccccc4c(=O)[nH]3)c3ccccc3[nH+]2)cc1-c1ccccc1C(F)(F)F[EOS],14118.109290122986,42
12.7,Cc1ccc2[nH]c(C(=O)Nc3ccc4nnc(-c5ccccc5)n4c3)c(-c3ccccc3)c2c1,[BOS]Cc1ccc2[nH]c(C(=O)Nc3ccc4nnc(-c5ccccc5)n4c3)c(-c3ccccc3)c2c1[EOS],18377.55438065529,42
13.8,CC(NC(=O)C1CCN(C(=O)c2cccc3ccccc23)CC1)c1ccc(-c2ccccc2)cc1,[BOS]C[C@H](NC(=O)C1CCN(C(=O)c2cccc3ccccc23)CC1)c1ccc(-c2ccccc2)cc1[EOS],24131.639943122864,42
13.1,CN1CCOc2cc(-c3nnc(-c4ccc(F)cc4)c(-c4ccc(S(=O)c5ccccc5)cc4)n3)ccc21,[BOS]CN1CCOc2cc(-c3nnc(-c4ccc(F)cc4)c(-c4ccc(S(=O)c5ccccc5)cc4)n3)ccc21[EOS],28068.585169315338,42
13.1,COc1ccc(C(=O)N2CCCCC2C2CCN(C(=O)c3cc4c(F)cc(F)cc4[nH]3)CC2)c(C)c1,[BOS]COc1ccc(C(=O)N2CCCC[C@H]2C2CCN(C(=O)c3cc4c(F)cc(F)cc4[nH]3)CC2)c(C)c1[EOS],33321.612225055695,42
13.8,O=C(Cc1ccccc1F)NC1CC2CCC(C1)N2C(=O)Cc1ccc2c(c1)C(=O)c1ccccc1CO2,[BOS]O=C(Cc1ccccc1F)N[C@H]1C[C@H]2CC[C@@H](C1)N2C(=O)Cc1ccc2c(c1)C(=O)c1ccccc1CO2[EOS],38906.73810625076,42
13.6,Cn1cc(CCc2nc(C3CCc4ccccc4C3)nn2-c2ccccc2F)c2ccccc2c1=O,[BOS]Cn1cc(CCc2nc([C@@H]3CCc4ccccc4C3)nn2-c2ccccc2F)c2ccccc2c1=O[EOS],44114.118196964264,42
14.2,Cc1ccc2c(C3=[NH+]C4(CCCCC4)C(c4ccc(F)cc4)N3)c(-c3cccc(Cl)c3)oc2c1C,[BOS]Cc1ccc2c(C3=[NH+]C4(CCCCC4)[C@H](c4ccc(F)cc4)N3)c(-c3cccc(Cl)c3)oc2c1C[EOS],48352.23634982109,42
12.1,O=C(C=Cc1ccc2c(c1)OCO2)N1CCCC(c2nnc3ccc(C(F)(F)F)cn23)C1,[BOS]O=C(C=Cc1ccc2c(c1)OCO2)N1CCC[C@H](c2nnc3ccc(C(F)(F)F)cn23)C1[EOS],52984.83898854256,42
14.2,O=C1Cc2cc(C(=O)N3CCCCC3c3cc(NC(=O)c4cc(=O)[nH]c5ccccc45)n[nH]3)ccc2N1,[BOS]O=C1Cc2cc(C(=O)N3CCCC[C@H]3c3cc(NC(=O)c4cc(=O)[nH]c5ccccc45)n[nH]3)ccc2N1[EOS],58511.53796195984,42
13.1,Cc1ccc(-c2nn(-c3ccccc3C)cc2C[NH2+]C2CCN(C(=O)c3ccncc3)CC2)cc1C,[BOS]Cc1ccc(-c2nn(-c3ccccc3C)cc2C[NH2+]C2CCN(C(=O)c3ccncc3)CC2)cc1C[EOS],5281.220512390137,42
13.6,O=C(NCC12CCCOC1CCN(C(=O)c1onc3ccccc13)C2)c1ccc(-c2ccccc2)c(F)c1,[BOS]O=C(NC[C@@]12CCCO[C@@H]1CCN(C(=O)c1onc3ccccc13)C2)c1ccc(-c2ccccc2)c(F)c1[EOS][EOS][EOS][EOS][EOS][EOS][EOS][EOS],11065.925847053528,42
13.0,O=C1OC(C(=O)Nc2nc(-c3ccc(Oc4ccccc4)cc3)ns2)Cc2ccccc21,[BOS]O=C1O[C@@H](C(=O)Nc2nc(-c3ccc(Oc4ccccc4)cc3)ns2)Cc2ccccc21[EOS],15095.449998617172,42
13.8,O=C(NCC1OCC2CCN(C(=O)CC3Cc4ccccc4C3)CC21)c1cccc2c1oc1ccccc12,[BOS]O=C(NC[C@@H]1OC[C@@H]2CCN(C(=O)CC3Cc4ccccc4C3)C[C@@H]21)c1cccc2c1oc1ccccc12[EOS],20943.189033031464,42
12.9,CC1c2ccccc2CN1C(=O)C(=O)Nc1cccc(NC(=O)Nc2cccc3c2CCCC3)c1,[BOS]C[C@@H]1c2ccccc2CN1C(=O)C(=O)Nc1cccc(NC(=O)Nc2cccc3c2CCCC3)c1[EOS],26331.128592014313,42
13.4,CC(C(=O)Nc1cc(-c2nnc3n2CCCCC3)ccc1Cl)c1ccc2c(c1)[nH]c1ccc(Cl)cc12,[BOS]C[C@H](C(=O)Nc1cc(-c2nnc3n2CCCCC3)ccc1Cl)c1ccc2c(c1)[nH]c1ccc(Cl)cc12[EOS],31455.81299352646,42
12.7,O=C(NCC1OCC2CCN(C(=O)Cc3noc4ccccc34)CC21)C1CCc2ccccc21,[BOS]O=C(NC[C@@H]1OC[C@@H]2CCN(C(=O)Cc3noc4ccccc34)C[C@@H]21)[C@H]1CCc2ccccc21[EOS],37633.46503615379,42
12.6,Cc1cccnc1CCC(=O)N1CCC([NH+]2CCC(NC(=O)C3CCc4[nH]c(=O)[nH]c(=O)c4C3)CC2)CC1,[BOS]Cc1cccnc1CCC(=O)N1CCC([NH+]2CCC(NC(=O)[C@H]3CCc4[nH]c(=O)[nH]c(=O)c4C3)CC2)CC1[EOS][EOS][EOS][EOS][EOS][EOS][EOS],43931.0575735569,42
13.2,O=C(NCc1cc(=O)oc2cc3c(cc12)OCO3)Nc1cc2c(ccc3ccccc32)c(-c2ccccc2)n1,[BOS]O=C(NCc1cc(=O)oc2cc3c(cc12)OCO3)Nc1cc2c(ccc3ccccc32)c(-c2ccccc2)n1[EOS],48744.0770072937,42
13.1,O=C(NCC1CCCc2ccccc21)c1cc(C2CC2)nc2c1c(=O)[nH]c(=O)n2Cc1ccccc1,[BOS]O=C(NC[C@@H]1CCCc2ccccc21)c1cc(C2CC2)nc2c1c(=O)[nH]c(=O)n2Cc1ccccc1[EOS],53630.669555187225,42
13.7,Cc1cccc2[nH]c(C(=O)N3CCCCC3c3cc(NC(=O)C4(C#Cc5ccccc5)CC4)n[nH]3)cc12,[BOS]Cc1cccc2[nH]c(C(=O)N3CCCC[C@H]3c3cc(NC(=O)C4(C#Cc5ccccc5)CC4)n[nH]3)cc12[EOS],58945.339221954346,42
13.4,Cc1ccc(CC(O)=NN=C2C(=O)N(Cc3ccc(C)cc3)c3c(Cl)cc(C)cc32)cc1,[BOS]Cc1ccc(CC(O)=N/N=C2/C(=O)N(Cc3ccc(C)cc3)c3c(Cl)cc(C)cc32)cc1[EOS],63585.3263297081,42
13.0,Cc1ccc(CCC(=O)N2CC3COCC(C2)C3NC(=O)Cc2c[nH]c3ccccc23)c2ccccc12,[BOS]Cc1ccc(CCC(=O)N2C[C@H]3COC[C@@H](C2)[C@H]3NC(=O)Cc2c[nH]c3ccccc23)c2ccccc12[EOS],5969.207015991211,42
15.0,O=C(Nc1cc(C2CCCCN2C(=O)c2cccc3c2oc2ccccc23)[nH]n1)c1cnn2cccc(F)c12,[BOS]O=C(Nc1cc([C@@H]2CCCCN2C(=O)c2cccc3c2oc2ccccc23)[nH]n1)c1cnn2cccc(F)c12[EOS],11691.186661243439,42
13.4,CC(O)=NC(c1nc(-c2ccc(C(F)(F)F)cc2)cc(-c2ccccc2C2OCCO2)n1)c1c[nH]c2cc(F)ccc12,[BOS]CC(O)=NC(c1c[nH]c2cc(F)ccc12)c1nc(-c2ccccc2C2OCCO2)cc(-c2ccc(C(F)(F)F)cc2)n1[EOS],17529.042497873306,42
13.0,Cc1cc(C)c(CC(=O)NCC2CC3c4ccccc4C2c2ccccc23)c(=O)[nH]1,[BOS]Cc1cc(C)c(CC(=O)NC[C@@H]2CC3c4ccccc4C2c2ccccc23)c(=O)[nH]1[EOS],22173.04510784149,42
12.8,O=C(NCC1CCN(C(=O)c2cc(=O)[nH]c3ccccc23)C1c1cccnc1)c1n[nH]c2ccc(F)cc12,[BOS]O=C(NC[C@H]1CCN(C(=O)c2cc(=O)[nH]c3ccccc23)[C@@H]1c1cccnc1)c1n[nH]c2ccc(F)cc12[EOS][EOS][EOS][EOS][EOS][EOS][EOS][EOS],27791.24607038498,42
12.1,NC(=O)c1cc(C(=O)OCc2nc3ccccc3c3ccccc23)nn1-c1ccccc1,[BOS]NC(=O)c1cc(C(=O)OCc2nc3ccccc3c3ccccc23)nn1-c1ccccc1[EOS],32792.8280813694,42
12.6,Cc1ccc(C(C)C(=O)NCC23CCCOC2CCN(C(=O)C2=C4c5ccccc5C(=O)N4CC2)C3)cc1,[BOS]Cc1ccc([C@@H](C)C(=O)NC[C@@]23CCCO[C@@H]2CCN(C(=O)C2=C4c5ccccc5C(=O)N4CC2)C3)cc1[EOS][EOS][EOS][EOS][EOS],38745.36606049538,42
12.7,Cc1ccc(NC(=O)C(=O)NCC2CCOc3ccccc32)cc1-c1nnc2n1CCCCC2,[BOS]Cc1ccc(NC(=O)C(=O)NC[C@H]2CCOc3ccccc32)cc1-c1nnc2n1CCCCC2[EOS],43622.76831650734,42
13.8,O=C(NCC1OCC2CCN(C(=O)c3c[nH]c4cc(Cl)ccc34)CC21)C1=C2c3ccccc3C(=O)N2CC1,[BOS]O=C(NC[C@@H]1OC[C@@H]2CCN(C(=O)c3c[nH]c4cc(Cl)ccc34)C[C@@H]21)C1=C2c3ccccc3C(=O)N2CC1[EOS],49554.17022252083,42
13.5,Cc1[nH]c(=O)c(C(=O)NCC2CCC[NH+](Cc3ccccc3)C2)cc1-c1ccccc1,[BOS]Cc1[nH]c(=O)c(C(=O)NC[C@@H]2CCC[NH+](Cc3ccccc3)C2)cc1-c1ccccc1[EOS],54630.37614989281,42
13.9,Cc1ccc(C(=O)N2CCCCC2C2CCN(C(=O)c3ccc4c(c3)NC(=O)CNC4=O)CC2)c(C)c1F,[BOS]Cc1ccc(C(=O)N2CCCC[C@H]2C2CCN(C(=O)c3ccc4c(c3)NC(=O)CNC4=O)CC2)c(C)c1F[EOS],59734.48500800133,42
13.3,Cc1cccc(C(=O)N2CCCCC2c2cc(NC(=O)c3cccc4c3NC(=O)C4=O)n[nH]2)c1Cl,[BOS]Cc1cccc(C(=O)N2CCCC[C@H]2c2cc(NC(=O)c3cccc4c3NC(=O)C4=O)n[nH]2)c1Cl[EOS][EOS][EOS][EOS],64298.736679553986,42
13.2,CC(C(=O)N1CCCCC1c1cc(NC(=O)c2cnn3ccccc23)n[nH]1)c1ccc(O)cc1,[BOS]C[C@@H](C(=O)N1CCCC[C@H]1c1cc(NC(=O)c2cnn3ccccc23)n[nH]1)c1ccc(O)cc1[EOS],5256.7623608112335,42
12.9,O=C(COc1cccc2ccccc12)N1CCC2C1CCN2C(=O)c1cccc2c1oc1ccccc12,[BOS]O=C(COc1cccc2ccccc12)N1CC[C@H]2[C@@H]1CCN2C(=O)c1cccc2c1oc1ccccc12[EOS][EOS][EOS][EOS][EOS][EOS],10598.900686740875,42
13.7,Cc1cc(C(=O)N2CCCCC2C2CCN(C(=O)C3CC3c3ccc(F)c(F)c3)CC2)cc2cn[nH]c12,[BOS]Cc1cc(C(=O)N2CCCC[C@H]2C2CCN(C(=O)[C@@H]3C[C@H]3c3ccc(F)c(F)c3)CC2)cc2cn[nH]c12[EOS],16232.647420406342,42
14.0,O=C(Nc1cccc(Oc2ccnc3ccccc23)c1)C1Cc2ccccc2CN1S(=O)(=O)c1ccc(F)cc1,[BOS]O=C(Nc1cccc(Oc2ccnc3ccccc23)c1)[C@H]1Cc2ccccc2CN1S(=O)(=O)c1ccc(F)cc1[EOS],22030.70951986313,42
12.5,Cc1cc2cc(-c3noc(C4(Cc5ccc(Cl)cc5)CCC(F)(F)CC4)n3)ccc2[nH]c1=O,[BOS]Cc1cc2cc(-c3noc(C4(Cc5ccc(Cl)cc5)CCC(F)(F)CC4)n3)ccc2[nH]c1=O[EOS],26567.392461776733,42
12.2,COc1cccc2c(C(=O)Nc3ccn(-c4ccc(Cl)cc4-c4nn[n-]n4)n3)n[nH]c12,[BOS]COc1cccc2c(C(=O)Nc3ccn(-c4ccc(Cl)cc4-c4nn[n-]n4)n3)n[nH]c12[EOS],30295.656284570694,42
14.0,[H]N=c1cc(C)c(-c2ccc(C)cc2)cn1-c1nnc(Cc2cccc(F)c2)c2sc(-c3ccc(C)cc3)cc12,[BOS][H]/N=c1\cc(C)c(-c2ccc(C)cc2)cn1-c1nnc(Cc2cccc(F)c2)c2sc(-c3ccc(C)cc3)cc12[EOS],34887.81320667267,42
13.7,O=C(NC(c1ccccc1)c1nc2ccccc2n1CCOc1ccc2ccccc2c1Br)C(Br)c1cccc(F)c1Br,[BOS]O=C(N[C@@H](c1ccccc1)c1nc2ccccc2n1CCOc1ccc2ccccc2c1Br)[C@@H](Br)c1cccc(F)c1Br[EOS],41765.088681697845,42
13.1,Cc1c(C(=O)Nc2cc(C3CCCCN3C(=O)C3CCc4nc[nH]c4C3)[nH]n2)cc2nc[nH]c(=O)c2c1C,[BOS]Cc1c(C(=O)Nc2cc([C@@H]3CCCCN3C(=O)[C@H]3CCc4nc[nH]c4C3)[nH]n2)cc2nc[nH]c(=O)c2c1C[EOS],47022.94376158714,42
13.8,O=C(NCc1ccccc1CN(Cc1ccc(F)cc1)C(=O)c1cc2ccccc2c2ccccc12)c1cc[n+]([O-])cc1,[BOS]O=C(NCc1ccccc1CN(Cc1ccc(F)cc1)C(=O)c1cc2ccccc2c2ccccc12)c1cc[n+]([O-])cc1[EOS],53551.66231274605,42
11.4,Cc1cc(N2CCCCCC2)ccc1NC(=O)C1(S(=O)(=O)c2ccccc2)CCOCC1,[BOS]Cc1cc(N2CCCCCC2)ccc1NC(=O)C1(S(=O)(=O)c2ccccc2)CCOCC1[EOS][EOS],58191.690286159515,42
13.6,O=C(N1CCC([NH2+]C2c3ccccc3CCc3ccccc32)CC1)C1(C(F)(F)F)CCN(Cc2ccccc2)CC1,[BOS]O=C(N1CCC([NH2+]C2c3ccccc3CCc3ccccc32)CC1)C1(C(F)(F)F)CCN(Cc2ccccc2)CC1[EOS],62322.61396622658,42
14.4,Oc1cc(-c2ccc(-c3ccc4ccccc4c3)[nH]2)c2c(CN3CC4CC4c4ccc(F)cc43)c(O)ccc2n1,[BOS]Oc1ccc2nc(O)cc(-c3ccc(-c4ccc5ccccc5c4)[nH]3)c2c1CN1C[C@@H]2C[C@H]2c2ccc(F)cc21[EOS],5387.999528884888,42
14.0,Cc1cccc(CCC(=O)Nc2cc(C3CCCCN3C(=O)c3c[nH]c4nc(-c5ccccc5)ccc34)[nH]n2)c1,[BOS]Cc1cccc(CCC(=O)Nc2cc([C@H]3CCCCN3C(=O)c3c[nH]c4nc(-c5ccccc5)ccc34)[nH]n2)c1[EOS],11738.13390135765,42
15.1,O=C(NC(C(=O)NC1CCCc2ccc(F)cc21)c1cccc2ccccc12)OCC1c2ccccc2-c2ccccc21,[BOS]O=C(N[C@H](C(=O)N[C@@H]1CCCc2ccc(F)cc21)c1cccc2ccccc12)OCC1c2ccccc2-c2ccccc21[EOS],17917.985899448395,42
14.9,O=C(Nc1cc(C2CCCCN2C(=O)c2cccc3c2oc2ccccc23)[nH]n1)c1[nH]nc2ncccc12,[BOS]O=C(Nc1cc([C@@H]2CCCCN2C(=O)c2cccc3c2oc2ccccc23)[nH]n1)c1[nH]nc2ncccc12[EOS],23612.77736878395,42
13.1,Cc1cccc(C(=O)NC2CC[NH+](C3CCN(C(=O)C4CCc5ccccc5C4)CC3)CC2)c1F,[BOS]Cc1cccc(C(=O)NC2CC[NH+](C3CCN(C(=O)[C@H]4CCc5ccccc5C4)CC3)CC2)c1F[EOS],29454.324843883514,42
12.6,O=C(NCC1COc2ccccc21)c1cccc(NC(=O)c2cccc3ccccc23)c1,[BOS]O=C(NC[C@@H]1COc2ccccc21)c1cccc(NC(=O)c2cccc3ccccc23)c1[EOS],34804.929528951645,42
12.7,O=C(Nc1cccc(NC(=O)C2CC2c2cccc3ccccc23)c1)c1cccc(NC(=O)C2CC2)c1,[BOS]O=C(Nc1cccc(NC(=O)[C@@H]2C[C@@H]2c2cccc3ccccc23)c1)c1cccc(NC(=O)C2CC2)c1[EOS],40058.06779265404,42
12.7,CC1(C)N(S(=O)(=O)c2cccc(S(F)(F)(F)(F)F)c2)CCC12C(=O)Oc1ccccc12,[BOS]CC1(C)N(S(=O)(=O)c2cccc(S(F)(F)(F)(F)F)c2)CC[C@]12C(=O)Oc1ccccc12[EOS],44042.37430167198,42
13.4,CC([NH2+]C(C(=O)N1CCCCC1c1cc(NC(=O)c2n[nH]c3c2CCCC3)n[nH]1)C1CC1)c1ccccc1,[BOS]C[C@H]([NH2+][C@H](C(=O)N1CCCC[C@@H]1c1cc(NC(=O)c2n[nH]c3c2CCCC3)n[nH]1)C1CC1)c1ccccc1[EOS],50404.36750841141,42
13.2,Cc1ccc(-n2[nH]c(C(=O)Nc3nc4ccccc4nc3-c3ccc(NC(=O)C(C)(C)C)nc3)cc2=O)cc1,[BOS]Cc1ccc(-n2[nH]c(C(=O)Nc3nc4ccccc4nc3-c3ccc(NC(=O)C(C)(C)C)nc3)cc2=O)cc1[EOS],55301.186301231384,42
14.5,O=C(NNC(=O)c1cc(-c2ccc(-c3ccccc3)cc2)nc2c(F)c(F)ccc12)c1ccccc1Cl,[BOS]O=C(NNC(=O)c1ccccc1Cl)c1cc(-c2ccc(-c3ccccc3)cc2)nc2c(F)c(F)ccc12[EOS],60244.706587314606,42
13.4,O=C1CC(c2cc(F)ccc2NC(=O)c2cccc(Nn3c(O)c4c(c3O)CC=CC4)c2)C(c2ccccc2)=N1,[BOS]O=C1C[C@H](c2cc(F)ccc2NC(=O)c2cccc(Nn3c(O)c4c(c3O)CC=CC4)c2)C(c2ccccc2)=N1[EOS],65541.50105857849,42
13.3,O=C(Nc1cc(C2CCCCN2C(=O)CCc2c[nH]c3ccc(F)cc23)[nH]n1)C1CNc2ccccc21,[BOS]O=C(Nc1cc([C@H]2CCCCN2C(=O)CCc2c[nH]c3ccc(F)cc23)[nH]n1)[C@@H]1CNc2ccccc21[EOS],5917.66101360321,42
12.6,Cc1c(NC2CCc3cc(F)c(F)c(F)c32)cccc1-c1nc2ccccc2n1CCN1CCCC(C(=N)O)C1,[BOS]Cc1c(N[C@@H]2CCc3cc(F)c(F)c(F)c32)cccc1-c1nc2ccccc2n1CCN1CCC[C@H](C(=N)O)C1[EOS],10398.344853162766,42
12.6,Cc1ccc(C(=O)N2CC(C)CC(C)C2)cc1NC(=O)c1c(F)ccc2ccncc12,[BOS]Cc1ccc(C(=O)N2C[C@H](C)C[C@@H](C)C2)cc1NC(=O)c1c(F)ccc2ccncc12[EOS],15270.219439268112,42
14.6,O=C(NCc1ccc(N2CCc3ccccc3C2)nc1)c1c[nH]c2c(c1=O)CCCN2c1cccc2cnccc12,[BOS]O=C(NCc1ccc(N2CCc3ccccc3C2)nc1)c1c[nH]c2c(c1=O)CCCN2c1cccc2cnccc12[EOS],19966.600265979767,42
13.3,Cc1cc(F)cc2c1C[NH+](CC(=O)c1c(-c3ccccc3)[nH]c3c1ccc1cccnc13)CC2,[BOS]Cc1cc(F)cc2c1C[NH+](CC(=O)c1c(-c3ccccc3)[nH]c3c1ccc1cccnc13)CC2[EOS],24542.02477788925,42
14.8,O=C(c1cccc2c1CCC2)N1CCC(C2CCCCN2C(=O)c2ccc(-c3ccccc3)c(F)c2)CC1,[BOS]O=C(c1cccc2c1CCC2)N1CCC([C@@H]2CCCCN2C(=O)c2ccc(-c3ccccc3)c(F)c2)CC1[EOS],29649.027888774872,42
13.4,O=C(Cc1cccc2ncccc12)NC1(c2ccc(NC(=O)C3CCCC4CCCCC43)cc2)CCC1,[BOS]O=C(Cc1cccc2ncccc12)NC1(c2ccc(NC(=O)[C@@H]3CCC[C@H]4CCCC[C@@H]43)cc2)CCC1[EOS],36118.501844882965,42
13.5,Cc1cc(=O)[nH]c2cc(C(=O)NCC(NC(=O)c3c[nH]c4cc(F)ccc34)c3ccc(F)cc3)ccc12,[BOS]Cc1cc(=O)[nH]c2cc(C(=O)NC[C@@H](NC(=O)c3c[nH]c4cc(F)ccc34)c3ccc(F)cc3)ccc12[EOS],42022.60647106171,42
13.7,Cc1ccc(C(=O)N2CCCCC2c2cc(NC(=O)c3[nH]nc4c(F)cccc34)n[nH]2)c(C)c1F,[BOS]Cc1ccc(C(=O)N2CCCC[C@H]2c2cc(NC(=O)c3[nH]nc4c(F)cccc34)n[nH]2)c(C)c1F[EOS],47011.31007051468,42
12.6,O=C(Cc1cccnc1Cl)Nc1cc(C2CCCCN2C(=O)Cc2ccc3ncccc3c2)[nH]n1,[BOS]O=C(Cc1cccnc1Cl)Nc1cc([C@H]2CCCCN2C(=O)Cc2ccc3ncccc3c2)[nH]n1[EOS],52255.211429834366,42
12.9,CC(C)c1noc2nc(-c3ccc4c(c3)COC4)cc(C(=O)NCc3nc4ccccn4c3C3CC3)c12,[BOS]CC(C)c1noc2nc(-c3ccc4c(c3)COC4)cc(C(=O)NCc3nc4ccccn4c3C3CC3)c12[EOS],57304.45884847641,42
12.1,Cc1ncnc2c1COC2CN=C(O)Nc1cccc(Oc2ccccc2-c2ccccn2)c1,[BOS]Cc1ncnc2c1COC2CN=C(O)Nc1cccc(Oc2ccccc2-c2ccccn2)c1[EOS][EOS][EOS][EOS][EOS],62359.48699712753,42
12.2,CC(C(=O)NC1CCCOc2cc(F)ccc21)c1cccc(C2CCNC2=O)c1,[BOS]C[C@H](C(=O)N[C@@H]1CCCOc2cc(F)ccc21)c1cccc([C@@H]2CCNC2=O)c1[EOS],4192.814990997314,42
13.5,O=C1OC(C(=O)Nc2cc(C3CCCCN3C(=O)c3cccn4nccc34)[nH]n2)Cc2ccccc21,[BOS]O=C(Nc1cc([C@@H]2CCCCN2C(=O)c2cccn3nccc23)[nH]n1)[C@@H]1Cc2ccccc2C(=O)O1[EOS],9419.656062364578,42
13.6,Cc1oc2cc(OC(=O)CN(C(=O)c3ccccc3)c3ccccc3)ccc2c(=O)c1-c1cccc(Cl)c1C,[BOS]Cc1oc2cc(OC(=O)CN(C(=O)c3ccccc3)c3ccccc3)ccc2c(=O)c1-c1cccc(Cl)c1C[EOS][EOS][EOS][EOS][EOS][EOS],14808.895845413208,42
13.3,Cc1nnnn1-c1cc(NC(=O)CCC(=O)N2Cc3ccccc3-c3ccccc3C2)cc2c1CCC2,[BOS]Cc1nnnn1-c1cc(NC(=O)CCC(=O)N2Cc3ccccc3-c3ccccc3C2)cc2c1CCC2[EOS],20258.4316034317,42
13.2,O=C(N1CCCCC1c1[nH]c(-c2cccc(F)c2)c[nH+]1)C1(c2ccc3c(c2)OCCO3)CCCC1,[BOS]O=C(N1CCCC[C@H]1c1[nH]c(-c2cccc(F)c2)c[nH+]1)C1(c2ccc3c(c2)OCCO3)CCCC1[EOS][EOS][EOS][EOS],24930.638607263565,42
13.4,CC(OC(=O)c1ccc2c(c1Cl)C(=O)c1ccccc1C2=O)C(=O)NC(C)c1cccc2ccccc12,[BOS]C[C@@H](OC(=O)c1ccc2c(c1Cl)C(=O)c1ccccc1C2=O)C(=O)N[C@@H](C)c1cccc2ccccc12[EOS],30806.526726961136,42
14.5,O=C1CCc2ccc(C(=O)N3CCCCC3c3cc(NC(=O)c4cc(Cl)nc5ccccc45)n[nH]3)cc21,[BOS]O=C(Nc1cc([C@@H]2CCCCN2C(=O)c2ccc3c(c2)C(=O)CC3)[nH]n1)c1cc(Cl)nc2ccccc12[EOS],36113.8036904335,42
12.0,Cc1cccc(N(C(=O)Cc2c[nH]c3cc(C)c(C)cc23)C2COC3(CCC[NH2+]C3)C2)c1,[BOS]Cc1cccc(N(C(=O)Cc2c[nH]c3cc(C)c(C)cc23)[C@@H]2CO[C@]3(CCC[NH2+]C3)C2)c1[EOS][EOS][EOS][EOS][EOS][EOS][EOS][EOS],40957.211817502975,42
13.5,CC(=O)N1C=Cc2ccccc2C1Cc1nnc(-c2cccc(CN3C(=O)c4ccccc4C3=O)c2)o1,[BOS]CC(=O)N1C=Cc2ccccc2[C@@H]1Cc1nnc(-c2cccc(CN3C(=O)c4ccccc4C3=O)c2)o1[EOS],45754.25612473488,42
12.8,O=C(NC1(c2ccc(NC(=O)c3n[nH]c4ccc(F)cc34)cc2)CCC1)c1ccc2ncncc2c1,[BOS]O=C(Nc1ccc(C2(NC(=O)c3ccc4ncncc4c3)CCC2)cc1)c1n[nH]c2ccc(F)cc12[EOS][EOS][EOS],51482.20819377899,42
13.5,O=C(Cc1ccc2c(c1)Cc1ccccc1-2)N1CCOCC1c1nc(-c2cccc(C(F)(F)F)c2)no1,[BOS]O=C(Cc1ccc2c(c1)Cc1ccccc1-2)N1CCOC[C@@H]1c1nc(-c2cccc(C(F)(F)F)c2)no1[EOS],56454.66453433037,42
12.6,Cc1ncoc1C(=O)Nc1cc(C2CCCCN2C(=O)c2ccc3c(c2)n(C)c(=O)n3C)[nH]n1,[BOS]Cc1ncoc1C(=O)Nc1cc([C@@H]2CCCCN2C(=O)c2ccc3c(c2)n(C)c(=O)n3C)[nH]n1[EOS],61166.07782149315,42
12.6,O=C(NCC1C2Cc3ccccc3C12)C1(c2cc(F)cc(-c3nn[n-]n3)c2)CC1,[BOS]O=C(NC[C@@H]1[C@H]2Cc3ccccc3[C@H]12)C1(c2cc(F)cc(-c3nn[n-]n3)c2)CC1[EOS],4754.020084142685,42
13.3,CC(=O)Nc1cc(C(=O)NCC2OCC3CCN(C(=O)c4cccc5c4CCCC5)CC32)ccc1C,[BOS]CC(=O)Nc1cc(C(=O)NC[C@@H]2OC[C@@H]3CCN(C(=O)c4cccc5c4CCCC5)C[C@@H]32)ccc1C[EOS],10668.88286280632,42
14.0,Cc1ccccc1-c1cccc(-c2ccc3c(c2)CC=C3)c1CCc1ccc2ccc(Br)cc2c1C,[BOS]Cc1ccccc1-c1cccc(-c2ccc3c(c2)CC=C3)c1CCc1ccc2ccc(Br)cc2c1C[EOS],15862.97572350502,42
12.8,N#Cc1cccc(CCC(=O)N2CCCCC2c2cc(NC(=O)c3n[nH]c4ccccc34)n[nH]2)c1,[BOS]N#Cc1cccc(CCC(=O)N2CCCC[C@@H]2c2cc(NC(=O)c3n[nH]c4ccccc34)n[nH]2)c1[EOS],21764.209493398666,42
13.6,O=C(NC1CC2CCC(C1)N2C(=O)c1ccc2ncncc2c1)c1cccc2c1oc1ccccc12,[BOS]O=C(N[C@H]1C[C@H]2CC[C@@H](C1)N2C(=O)c1ccc2ncncc2c1)c1cccc2c1oc1ccccc12[EOS],26780.14067173004,42
13.2,Cc1cc(C)cc(Cn2c(=O)c3[nH]c(-c4ccccc4Cl)nc(=O)c3n2Cc2ccc(Cl)c3cccnc23)c1,[BOS]Cc1cc(C)cc(Cn2c(=O)c3[nH]c(-c4ccccc4Cl)nc(=O)c3n2Cc2ccc(Cl)c3cccnc23)c1[EOS],31754.93847298622,42
12.8,CC(Nc1cccc2[nH]c(=O)[nH]c12)C(=O)N1c2ccccc2SC(Cc2ccccc2)C1CC=C(F)F,[BOS]C[C@H](Nc1cccc2[nH]c(=O)[nH]c12)C(=O)N1c2ccccc2S[C@H](Cc2ccccc2)[C@H]1CC=C(F)F[EOS],36800.65223789215,42
13.8,O=C(C1CCc2c([nH]c3ccccc23)C1)N1CC=C(c2cccc3ccccc23)CC1,[BOS]O=C([C@H]1CCc2c([nH]c3ccccc23)C1)N1CC=C(c2cccc3ccccc23)CC1[EOS],41167.94972681999,42
14.1,Cc1oc2c(F)cccc2c1C(=O)N1CCOC2(COCCN(C(=O)c3cc4cccnn4n3)C2)C1,[BOS]Cc1oc2c(F)cccc2c1C(=O)N1CCO[C@@]2(COCCN(C(=O)c3cc4cccnn4n3)C2)C1[EOS],45959.72611951828,42
13.0,CC1CCc2[nH]c3ccc(C(=O)N4CCCC(c5n[nH]c(C6CCCCC6)n5)C4)cc3c2C1,[BOS]C[C@H]1CCc2[nH]c3ccc(C(=O)N4CCC[C@@H](c5n[nH]c(C6CCCCC6)n5)C4)cc3c2C1[EOS],50340.07727217674,42
13.6,O=C(NC1c2ccccc2CCC1F)c1cccc(COc2cccc(C3=NC(=O)c4ccccc4C3)c2)c1,[BOS]O=C(N[C@@H]1c2ccccc2CC[C@@H]1F)c1cccc(COc2cccc(C3=NC(=O)c4ccccc4C3)c2)c1[EOS],55064.66756391525,42
13.6,CC(=O)N1CCCc2cc(NC(=O)C(Cc3ccccc3)NC(=O)C(c3ccccc3)c3ccccc3)ccc21,[BOS]CC(=O)N1CCCc2cc(NC(=O)[C@H](Cc3ccccc3)NC(=O)C(c3ccccc3)c3ccccc3)ccc21[EOS],60652.634132146835,42
12.8,O=C1CN(C(=O)CCC(=O)N2CC(=O)N3CCCC3C2c2cc(F)ccc2F)c2c1ccc(F)c2F,[BOS]O=C1CN(C(=O)CCC(=O)N2CC(=O)N3CCC[C@@H]3[C@H]2c2cc(F)ccc2F)c2c1ccc(F)c2F[EOS],5061.378155469894,42
14.5,O=C(Nc1cc(C2CCCCN2C(=O)c2cccc3ccccc23)[nH]n1)c1ccncc1-c1ccccc1,[BOS]O=C(Nc1cc([C@H]2CCCCN2C(=O)c2cccc3ccccc23)[nH]n1)c1ccncc1-c1ccccc1[EOS],10230.381824970245,42
12.8,Cc1ccc(CCC(=O)NC2CC3CCC(C2)N3C(=O)Cc2ccc3ncnn3c2)c2ccccc12,[BOS]Cc1ccc(CCC(=O)N[C@H]2C[C@H]3CC[C@@H](C2)N3C(=O)Cc2ccc3ncnn3c2)c2ccccc12[EOS],16136.237647294998,42
12.2,Cc1cccc(N2CCC(C(=O)Nc3cccc4c3c(C)nn4-c3ccccc3)C2=O)c1C,[BOS]Cc1cccc(N2CC[C@@H](C(=O)Nc3cccc4c3c(C)nn4-c3ccccc3)C2=O)c1C[EOS],20620.165307998657,42
13.8,Cn1c(=O)[nH]c2cc(-c3nc(CC(=O)NC4CC5c6ccccc6C4c4ccccc45)no3)ccc2c1=O,[BOS]Cn1c(=O)[nH]c2cc(-c3nc(CC(=O)N[C@@H]4CC5c6ccccc6C4c4ccccc45)no3)ccc2c1=O[EOS],25994.330305337906,42
13.0,O=C1CC(C(=O)N2CCCCC2c2cc(NC(=O)c3n[nH]c4ccc(Br)cc34)n[nH]2)CN1,[BOS]O=C1C[C@@H](C(=O)N2CCCC[C@@H]2c2cc(NC(=O)c3n[nH]c4ccc(Br)cc34)n[nH]2)CN1[EOS],31316.452238559723,42
14.3,O=C1CC(c2ccccc2)c2ccccc2N1Cc1cn(-c2ccccc2)nc1-c1ccc2c(c1)N=C(O)CC2,[BOS]O=C1C[C@@H](c2ccccc2)c2ccccc2N1Cc1cn(-c2ccccc2)nc1-c1ccc2c(c1)N=C(O)CC2[EOS],37301.69066810608,42
13.3,O=C(NCC1OCC2CCN(C(=O)Cc3cc4cccnc4cc3F)CC21)C1Cc2ccccc2C1,[BOS]O=C(NC[C@@H]1OC[C@@H]2CCN(C(=O)Cc3cc4cccnc4cc3F)C[C@@H]21)C1Cc2ccccc2C1[EOS],43532.25654053688,42
13.6,CC(C(=O)N1CCCCC1c1cc(NC(=O)c2n[nH]c3ccccc23)n[nH]1)n1ccccc1=O,[BOS]C[C@H](C(=O)N1CCCC[C@H]1c1cc(NC(=O)c2n[nH]c3ccccc23)n[nH]1)n1ccccc1=O[EOS],48904.92797589302,42
13.4,O=C(C1CCc2[nH]c3ccc(F)cc3c2C1)N1Cc2ccccc2-c2ccccc2C1,[BOS]O=C([C@@H]1CCc2[nH]c3ccc(F)cc3c2C1)N1Cc2ccccc2-c2ccccc2C1[EOS],53497.75919222832,42
13.3,O=C(CCc1cc2c(F)cccc2[nH]c1=O)NC(Cc1ccc(O)cc1)C(=O)Nc1ccc2ccc(Cl)cc2n1,[BOS]O=C(CCc1cc2c(F)cccc2[nH]c1=O)N[C@@H](Cc1ccc(O)cc1)C(=O)Nc1ccc2ccc(Cl)cc2n1[EOS],59378.67316913605,42
12.5,O=C(COc1ccc(C(=O)NCC2Cc3ccccc3CNC2=O)cc1)Nc1cccc(C(F)(F)F)c1,[BOS]O=C(COc1ccc(C(=O)NC[C@H]2Cc3ccccc3CNC2=O)cc1)Nc1cccc(C(F)(F)F)c1[EOS][EOS][EOS],64801.28257513046,42
13.0,O=C1CCCCc2ccc(C(=O)N3CC4CC(C3)c3cc5ccc(O)cc5c(=O)n3C4)cc21,[BOS]O=C1CCCCc2ccc(C(=O)N3C[C@H]4C[C@@H](C3)c3cc5ccc(O)cc5c(=O)n3C4)cc21[EOS],3640.816070795059,42
13.1,O=C1CC(C(=O)N2CCCCC2C2CCN(C(=O)c3cccc(Cc4cccc(F)c4)c3)CC2)CCN1,[BOS]O=C1C[C@H](C(=O)N2CCCC[C@@H]2C2CCN(C(=O)c3cccc(Cc4cccc(F)c4)c3)CC2)CCN1[EOS],8824.913922548294,42
13.0,[NH3+]C(Cc1ccccc1OCc1nc(-c2cccc3occc23)no1)c1cc2ccccc2n1Cc1cccc(Cl)n1,[BOS][NH3+][C@@H](Cc1ccccc1OCc1nc(-c2cccc3occc23)no1)c1cc2ccccc2n1Cc1cccc(Cl)n1[EOS],16581.94354534149,42
13.2,O=C(NC1CC2CCC(C1)N2C(=O)Cc1cc2cccnc2cc1F)c1[nH]nc2c(Cl)cccc12,[BOS]O=C(N[C@H]1C[C@H]2CC[C@@H](C1)N2C(=O)Cc1cc2cccnc2cc1F)c1[nH]nc2c(Cl)cccc12[EOS],21992.31400871277,42
13.3,O=C(NCc1nncn1-c1ccccc1)c1cc(-c2ccccc2)nn1-c1cnc(C2=NN=C(O)CC2)c(F)c1Cl,[BOS]O=C(NCc1nncn1-c1ccccc1)c1cc(-c2ccccc2)nn1-c1cnc(C2=NN=C(O)CC2)c(F)c1Cl[EOS],27289.548690080643,42
13.7,CC1Oc2ccc(C(=O)N3CCCCC3c3cc(NC(=O)Cc4cccc([N+](=O)[O-])c4)n[nH]3)cc2NC1=O,[BOS]C[C@H]1Oc2ccc(C(=O)N3CCCC[C@H]3c3cc(NC(=O)Cc4cccc([N+](=O)[O-])c4)n[nH]3)cc2NC1=O[EOS][EOS][EOS][EOS][EOS][EOS][EOS],32801.443702697754,42
13.0,Cc1onc(-c2cccc(C(F)(F)F)c2)c1-c1nc(-c2ccc3c(c2)CCC(=O)N3C(C)C)no1,[BOS]Cc1onc(-c2cccc(C(F)(F)F)c2)c1-c1nc(-c2ccc3c(c2)CCC(=O)N3C(C)C)no1[EOS],37848.91940951347,42
13.7,O=C1CCc2cc(C(=O)CSc3nc4sc(-c5ccccc5)cc4c(=O)n3-c3cccc4ccccc34)ccc2N1,[BOS]O=C1CCc2cc(C(=O)CSc3nc4sc(-c5ccccc5)cc4c(=O)n3-c3cccc4ccccc34)ccc2N1[EOS],43835.45175433159,42
13.1,O=C(NCC1OCC2CCN(C(=O)CCc3cnc4ccccc4c3)CC21)c1[nH]nc2c(F)cccc12,[BOS]O=C(NC[C@@H]1OC[C@@H]2CCN(C(=O)CCc3cnc4ccccc4c3)C[C@@H]21)c1[nH]nc2c(F)cccc12[EOS][EOS][EOS][EOS],50261.111526966095,42
13.4,O=C(NCC1CCc2ccccc2C1)c1ccccc1C(=O)c1ccc2c(c1)CCNc1c-2cc[nH]c1=O,[BOS]O=C(NC[C@H]1CCc2ccccc2C1)c1ccccc1C(=O)c1ccc2c(c1)CCNc1c-2cc[nH]c1=O[EOS],56016.40754532814,42
14.6,O=C1C(=NN=C(O)c2cccc3ccccc23)c2ccccc2N1c1ccc2c(c1)oc1c3c(ccc12)C=CC3,[BOS]O=C1/C(=N\N=C(O)c2cccc3ccccc23)c2ccccc2N1c1ccc2c(c1)oc1c2ccc2c1CC=C2[EOS],61201.45652651787,42
12.7,O=C(Nc1cccc(NCc2cnnn2-c2ccccc2)c1)Nc1cccc2c1CCCC2,[BOS]O=C(Nc1cccc(NCc2cnnn2-c2ccccc2)c1)Nc1cccc2c1CCCC2[EOS],65936.95035552979,42
14.0,c1ccc2c(-c3nc(-c4ccc5c(c4)OCO5)no3)c(-c3ccc4ccc5ccnn5c4n3)ccc2c1,[BOS]c1ccc2c(-c3nc(-c4ccc5c(c4)OCO5)no3)c(-c3ccc4ccc5ccnn5c4n3)ccc2c1[EOS],4507.098833560944,42
12.6,CC(NC(=O)c1cnnc2ccccc12)c1ccc(-c2ccccc2-c2nn[n-]n2)cc1,[BOS]C[C@@H](NC(=O)c1cnnc2ccccc12)c1ccc(-c2ccccc2-c2nn[n-]n2)cc1[EOS],9099.301543235779,42
13.3,O=C(NC(c1ccccc1)c1ccc2ccccc2c1)C1CCCN(C(=O)c2cccc3[nH]ccc23)C1,[BOS]O=C(N[C@@H](c1ccccc1)c1ccc2ccccc2c1)[C@@H]1CCCN(C(=O)c2cccc3[nH]ccc23)C1[EOS],14308.180675983429,42
13.5,O=C(NC(c1cccc2ccccc12)C(F)(F)F)N1CCCC(c2n[nH]c(C3CCCCC3)n2)C1,[BOS]O=C(N[C@@H](c1cccc2ccccc12)C(F)(F)F)N1CCC[C@@H](c2n[nH]c(C3CCCCC3)n2)C1[EOS],18892.774668693542,42
13.3,O=C(COC(=O)C(Cc1c[nH]c2ccccc12)NC(=O)c1ccc2ccccc2c1)NCc1cccc2ccccc12,[BOS]O=C(COC(=O)[C@H](Cc1c[nH]c2ccccc12)NC(=O)c1ccc2ccccc2c1)NCc1cccc2ccccc12[EOS],25622.20584154129,42
12.8,O=C(NC1CC2CCC1N2C(=O)C1Cc2ccccc21)c1cc2ccccc2[nH]1,[BOS]O=C(N[C@@H]1C[C@H]2CC[C@@H]1N2C(=O)[C@@H]1Cc2ccccc21)c1cc2ccccc2[nH]1[EOS],29818.529151201248,42
14.3,Cc1ccc(CCC(=O)N2CCCCC2c2cc(NC(=O)c3n[nH]c4ccccc34)n[nH]2)c2ccccc12,[BOS]Cc1ccc(CCC(=O)N2CCCC[C@@H]2c2cc(NC(=O)c3n[nH]c4ccccc34)n[nH]2)c2ccccc12[EOS],35904.80976104736,42
13.3,O=C(Nc1ccc2c(c1)S(=O)(=O)C=C2)NC(c1ccccc1)c1nc2ccccc2n1Cc1ccc(F)cc1Cl,[BOS]O=C(Nc1ccc2c(c1)S(=O)(=O)C=C2)N[C@H](c1ccccc1)c1nc2ccccc2n1Cc1ccc(F)cc1Cl[EOS],40556.18153882027,42
12.9,CCn1nc(-c2nnc(C3CCCc4c(O)cccc43)o2)c(=O)c2cc3c(cc21)OCO3,[BOS]CCn1nc(-c2nnc([C@H]3CCCc4c(O)cccc43)o2)c(=O)c2cc3c(cc21)OCO3[EOS][EOS][EOS][EOS][EOS][EOS][EOS],44624.233060359955,42
12.9,O=C(NCc1ccc(-n2cnc3ccccc32)nc1)C1CC(=O)N(c2cccc3ccccc23)C1,[BOS]O=C(NCc1ccc(-n2cnc3ccccc32)nc1)[C@@H]1CC(=O)N(c2cccc3ccccc23)C1[EOS],49860.399235486984,42
12.4,Cc1ccc(Oc2cccc(NC(=O)c3oc4c(C)ccc(C)c4c3C)c2)c(C)c1,[BOS]Cc1ccc(Oc2cccc(NC(=O)c3oc4c(C)ccc(C)c4c3C)c2)c(C)c1[EOS],54510.20483446121,42
12.3,CC(NC(=O)Nc1ccc2oc3ccccc3c2c1)c1cc(F)ccc1N1CCC(O)CC1,[BOS]C[C@@H](NC(=O)Nc1ccc2oc3ccccc3c2c1)c1cc(F)ccc1N1CCC(O)CC1[EOS],59058.56702208519,42
12.9,CCc1ccc(-c2nn(-c3ccccc3C)cc2C(=O)Nc2ccc3c(c2)S(=O)(=O)NC3=O)cc1,[BOS]CCc1ccc(-c2nn(-c3ccccc3C)cc2C(=O)Nc2ccc3c(c2)S(=O)(=O)NC3=O)cc1[EOS],4962.263230800629,42
14.0,O=C(NC1C2COCC1CN(C(=O)c1ncccc1-c1ccccc1)C2)C1CC12C(=O)Nc1ccccc12,[BOS]O=C(N[C@H]1[C@@H]2COC[C@H]1CN(C(=O)c1ncccc1-c1ccccc1)C2)[C@H]1C[C@@]12C(=O)Nc1ccccc12[EOS],9961.602954626083,42
14.0,CC(Nc1ncnc2[nH]nc(-c3nc4c(-c5ccccc5)cnn4[nH]3)c12)c1ccc2ccccc2c1,[BOS]CC(Nc1ncnc2[nH]nc(-c3nc4c(-c5ccccc5)cnn4[nH]3)c12)c1ccc2ccccc2c1[EOS],15686.574004173279,42
12.8,C[NH+]1Cc2c(Nc3cccc(C(=O)N4CC[NH+](Cc5ccccc5Cl)CC4)c3)cccc2C(c2ccccc2)C1,[BOS]C[NH+]1Cc2c(Nc3cccc(C(=O)N4CC[NH+](Cc5ccccc5Cl)CC4)c3)cccc2[C@H](c2ccccc2)C1[EOS][EOS][EOS][EOS][EOS][EOS][EOS][EOS],21822.883565425873,42
11.4,Cc1c(C(NC(=O)C(=O)Nc2cccc3c2OCC(=O)N3)C(C)C)oc2ccccc12,[BOS]Cc1c([C@H](NC(=O)C(=O)Nc2cccc3c2OCC(=O)N3)C(C)C)oc2ccccc12[EOS],26545.94967699051,42
13.9,Cc1cccc2[nH]c(C(=O)N3CCCCC3c3cc(NC(=O)c4ccnc5ncccc45)n[nH]3)cc12,[BOS]Cc1cccc2[nH]c(C(=O)N3CCCC[C@@H]3c3cc(NC(=O)c4ccnc5ncccc45)n[nH]3)cc12[EOS],31838.429079294205,42
13.6,O=C(Nc1ncc2c(n1)-c1ccccc1CC2)C1CCc2nnc(-c3cccc(F)c3)n2C1,[BOS]O=C(Nc1ncc2c(n1)-c1ccccc1CC2)[C@@H]1CCc2nnc(-c3cccc(F)c3)n2C1[EOS],36103.08585190773,42
14.1,O=C1c2cccc([O-])c2C(=O)c2c(OC3Cc4cccc5cccc3c45)cc(OS(=O)(=O)[O-])cc21,[BOS]O=C1c2cccc([O-])c2C(=O)c2c(O[C@H]3Cc4cccc5cccc3c45)cc(OS(=O)(=O)[O-])cc21[EOS],40354.78388905525,42
12.4,O=C(CCCn1c(=O)[nH]c2ccccc21)NC1CC2CCC(C1)N2C(=O)CC1OCCc2ccccc21,[BOS]O=C(CCCn1c(=O)[nH]c2ccccc21)N[C@H]1C[C@H]2CC[C@@H](C1)N2C(=O)C[C@H]1OCCc2ccccc21[EOS][EOS][EOS],45984.30267381668,42
12.4,COc1ccc2[nH]cc(C(=O)N3CCC4COC(CNC(=O)c5cc6cccnc6[nH]c5=O)C4C3)c2n1,[BOS]COc1ccc2[nH]cc(C(=O)N3CC[C@H]4CO[C@@H](CNC(=O)c5cc6cccnc6[nH]c5=O)[C@H]4C3)c2n1[EOS][EOS][EOS],51472.647091150284,42
14.2,O=C(c1cc(Cl)nc2ccccc12)N1CCC(C2CCCCN2C(=O)C2CNc3ccccc32)CC1,[BOS]O=C(c1cc(Cl)nc2ccccc12)N1CCC([C@@H]2CCCCN2C(=O)[C@@H]2CNc3ccccc32)CC1[EOS],56537.02234506607,42
12.9,O=C(CCC(=O)N1CCC(n2nnc3ccccc32)=N1)c1ccc2c(c1)C(=O)c1ccccc1C2=O,[BOS]O=C(CCC(=O)N1CCC(n2nnc3ccccc32)=N1)c1ccc2c(c1)C(=O)c1ccccc1C2=O[EOS][EOS][EOS][EOS][EOS][EOS][EOS][EOS],61781.0848968029,42
12.8,O=C(NCc1ccc(Oc2cccc3ccccc23)cc1)NCC1C2Cc3ccccc3C12,[BOS]O=C(NCc1ccc(Oc2cccc3ccccc23)cc1)NC[C@@H]1[C@@H]2Cc3ccccc3[C@H]12[EOS],5458.285890340805,42
12.0,CC(NC(=O)C1CCN(C(=O)c2ccccc2)C1)c1ccc(F)c2ccccc12,[BOS]C[C@@H](NC(=O)[C@H]1CCN(C(=O)c2ccccc2)C1)c1ccc(F)c2ccccc12[EOS],10341.731833219528,42
14.5,c1ccc2c(c1)CCn1c(COc3ccc4nnc(-c5cc(OC6CCCC6)cc6cccnc56)n4n3)nnc1O2,[BOS]c1cnc2c(-c3nnc4ccc(OCc5nnc6n5CCc5ccccc5O6)nn34)cc(OC3CCCC3)cc2c1[EOS],15891.031669855118,42
13.2,Cc1ccc2c(=O)cc(-c3nc(-c4ccc5nccc(Cl)c5c4)no3)[nH]c2c1C,[BOS]Cc1ccc2c(=O)cc(-c3nc(-c4ccc5nccc(Cl)c5c4)no3)[nH]c2c1C[EOS][EOS][EOS][EOS][EOS],19729.266009569168,42
13.5,O=C(Nc1cc(C2CCCCN2C(=O)c2cccc3cc[nH]c23)[nH]n1)c1cc([N+](=O)[O-])cc2c1OCC2,[BOS]O=C(Nc1cc([C@H]2CCCCN2C(=O)c2cccc3cc[nH]c23)[nH]n1)c1cc([N+](=O)[O-])cc2c1OCC2[EOS],24990.00012755394,42
13.2,Cc1cccc(NC(=O)Nc2cccc(-n3c([O-])c(-c4ccc5ccccc5c4)[nH]c3=O)c2)c1C,[BOS]Cc1cccc(NC(=O)Nc2cccc(-n3c([O-])c(-c4ccc5ccccc5c4)[nH]c3=O)c2)c1C[EOS],29906.889788150787,42
12.4,Cc1cc(-c2nc(-c3ccc(C4CCc5cncn54)c(F)c3)no2)c2ccc(F)cc2n1,[BOS]Cc1cc(-c2nc(-c3ccc([C@H]4CCc5cncn54)c(F)c3)no2)c2ccc(F)cc2n1[EOS][EOS][EOS][EOS][EOS][EOS][EOS],34357.99464035034,42
13.8,O=C(NC(Cc1ccccc1Cl)C(=O)Nc1ccc2ccccc2c1)c1ccc2c(c1)CCC(=O)N2Cc1ccc(F)cc1,[BOS]O=C1CCc2cc(C(=O)N[C@@H](Cc3ccccc3Cl)C(=O)Nc3ccc4ccccc4c3)ccc2N1Cc1ccc(F)cc1[EOS],39559.90734529495,42
13.8,O=C(NN=c1[nH]cnc2c1oc1ccccc12)c1nn(-c2cccc(Cl)c2)c2c1CC(C(F)(F)F)CC21CC1,[BOS]O=C(NN=c1[nH]cnc2c1oc1ccccc12)c1nn(-c2cccc(Cl)c2)c2c1CC(C(F)(F)F)CC21CC1[EOS],44965.86027383804,42
14.3,O=C(NC1CC2CCC(C1)N2C(=O)c1cccc2c1oc1ccccc12)c1ccc2cnccc2c1,[BOS]O=C(N[C@H]1C[C@H]2CC[C@@H](C1)N2C(=O)c1cccc2c1oc1ccccc12)c1ccc2cnccc2c1[EOS],50361.4054608345,42
13.4,O=C1CCCc2cc(NC(=O)C(=O)N3CCc4ccc(-c5ccccc5)cc4C3)ccc2N1,[BOS]O=C1CCCc2cc(NC(=O)C(=O)N3CCc4ccc(-c5ccccc5)cc4C3)ccc2N1[EOS],55149.786236763,42
13.0,CC(OC(=O)c1c2c(nc3ccccc13)CCC2)C(=O)NC1CC[NH+](C(c2ccccc2)c2ccccc2)CC1,[BOS]C[C@H](OC(=O)c1c2c(nc3ccccc13)CCC2)C(=O)NC1CC[NH+](C(c2ccccc2)c2ccccc2)CC1[EOS],60986.677842378616,42
12.5,O=C(Nc1cccc(NC(=O)Nc2cccc3c2CCO3)c1)Nc1cccc2c1CCCC2,[BOS]O=C(Nc1cccc(NC(=O)Nc2cccc3c2CCO3)c1)Nc1cccc2c1CCCC2[EOS],4854.604642629623,42
13.7,Cc1ccc2[nH]c(C(=O)N3CCCCC3c3cc(NC(=O)c4cccc(C)c4Cl)n[nH]3)cc2c1,[BOS]Cc1cccc(C(=O)Nc2cc([C@H]3CCCCN3C(=O)c3cc4cc(C)ccc4[nH]3)[nH]n2)c1Cl[EOS],9901.847581863403,42
14.3,Cc1ccc(Oc2ccc(C(F)(F)c3cc(F)c(F)cc3Cl)cc2-c2ccc(-c3cccc(F)c3)c(F)c2)cc1F,[BOS]Cc1ccc(Oc2ccc(C(F)(F)c3cc(F)c(F)cc3Cl)cc2-c2ccc(-c3cccc(F)c3)c(F)c2)cc1F[EOS],15017.207482099533,42
13.8,O=C(Nc1cc(C2CCCCN2C(=O)C2CCc3[nH]c(=O)[nH]c(=O)c3C2)[nH]n1)c1cnn2ncccc12,[BOS]O=C(Nc1cc([C@H]2CCCCN2C(=O)[C@H]2CCc3[nH]c(=O)[nH]c(=O)c3C2)[nH]n1)c1cnn2ncccc12[EOS][EOS][EOS][EOS][EOS][EOS][EOS][EOS],20325.117312669754,42
14.1,O=C(Nc1cc(C2CCCCN2C(=O)c2cc(F)cc(C(F)(F)F)c2)[nH]n1)c1cccc2c1C(=O)[CH-]C2,[BOS]O=C(Nc1cc([C@@H]2CCCCN2C(=O)c2cc(F)cc(C(F)(F)F)c2)[nH]n1)c1cccc2c1C(=O)[CH-]C2[EOS],25552.37459754944,42
14.1,O=C(Nc1cc(C2CCCCN2C(=O)c2c[nH]c3nc(-c4ccccc4)ccc23)[nH]n1)c1noc2c1CCCC2,[BOS]O=C(Nc1cc([C@@H]2CCCCN2C(=O)c2c[nH]c3nc(-c4ccccc4)ccc23)[nH]n1)c1noc2c1CCCC2[EOS],31012.260703086853,42
13.0,Cc1cccc2c1C(C(=O)NCC1OCC3CCN(C(=O)c4cncc5cnccc45)CC31)CC2,[BOS]O=C(NC[C@@H]1OC[C@@H]2CCN(C(=O)c3cncc4cnccc34)C[C@@H]21)[C@H]1CCc2cccc(C)c21[EOS],36952.27528810501,42
12.9,Nc1cc(C(=O)N2CCC(C(=O)O)(C3CCN(C(CC(=O)O)c4ccccc4)CC3)CC2)c2ccc(O)cc2n1,[BOS]Nc1cc(C(=O)N2CCC(C3CCN([C@@H](CC(=O)O)c4ccccc4)CC3)(C(=O)O)CC2)c2ccc(O)cc2n1[EOS][EOS][EOS][EOS][EOS][EOS][EOS][EOS],42302.38426756859,42
12.4,Cc1ccc2nc(C3CCCN(C(=O)Cn4cnc5sc6c(c5c4=O)CCCC6)C3)[nH]c2c1,[BOS]Cc1ccc2nc([C@@H]3CCCN(C(=O)Cn4cnc5sc6c(c5c4=O)CCCC6)C3)[nH]c2c1[EOS],47090.428686618805,42
12.8,Cc1ccc(-c2nnc(C(C)OC(=O)Cc3c(C)nc4ccccc4c3-c3ccccc3)o2)c(C)c1,[BOS]Cc1ccc(-c2nnc([C@@H](C)OC(=O)Cc3c(C)nc4ccccc4c3-c3ccccc3)o2)c(C)c1[EOS],52481.95482158661,42
14.3,O=C(CSc1nc(OCc2ccc3ccccc3n2)c2c(n1)-c1ccccc1CCC2)c1ccc2c(c1)N=C(O)CO2,[BOS]O=C(CSc1nc2c(c(OCc3ccc4ccccc4n3)n1)CCCc1ccccc1-2)c1ccc2c(c1)N=C(O)CO2[EOS],58645.721991539,42
14.0,O=C(CSCC(=O)N1N=C2c3ccccc3CCC2C1c1ccc2c(c1)OCO2)Oc1cccc2c1CCCC2=O,[BOS]O=C(CSCC(=O)N1N=C2c3ccccc3CC[C@@H]2[C@H]1c1ccc2c(c1)OCO2)Oc1cccc2c1CCCC2=O[EOS],64221.96382546425,42
14.5,O=C(Nc1cc(C2CCCCN2C(=O)Cc2ccc3ccccc3c2)[nH]n1)c1n[nH]c2ccc(F)cc12,[BOS]O=C(Nc1cc([C@H]2CCCCN2C(=O)Cc2ccc3ccccc3c2)[nH]n1)c1n[nH]c2ccc(F)cc12[EOS],5623.937774896622,42
12.2,Cc1c(C(=O)NC(C)c2ccc(-c3ccc(F)cc3)cc2)oc2c(F)cc3c(=O)c(C(=O)O)coc3c12,[BOS]Cc1c(C(=O)NC(C)c2ccc(-c3ccc(F)cc3)cc2)oc2c(F)cc3c(=O)c(C(=O)O)coc3c12[EOS][EOS],10128.874971628189,42
14.5,Cc1cccc2cc(C(=O)NCC34CCCOC3CCN(C(=O)C3CCc5ccccc5C3)C4)[nH]c12,[BOS]Cc1cccc2cc(C(=O)NC[C@@]34CCCO[C@@H]3CCN(C(=O)[C@@H]3CCc5ccccc5C3)C4)[nH]c12[EOS][EOS][EOS][EOS][EOS],15888.939377784729,42
13.2,O=C(CCc1c[nH]c2ccccc12)Nc1cc(C2CCCCN2C(=O)c2ccnc3[nH]ccc23)[nH]n1,[BOS]O=C(CCc1c[nH]c2ccccc12)Nc1cc([C@@H]2CCCCN2C(=O)c2ccnc3[nH]ccc23)[nH]n1[EOS],22075.18706679344,42
13.2,Cc1ccccc1-c1cccc(C(=O)N2CCC3COC(CNC(=O)c4c(C)cc(C(N)=O)cc4C)C3C2)c1,[BOS]Cc1ccccc1-c1cccc(C(=O)N2CC[C@H]3CO[C@@H](CNC(=O)c4c(C)cc(C(N)=O)cc4C)[C@H]3C2)c1[EOS],27773.601640701294,42
13.8,Cc1ccc(C)c(-n2nc(C3=NC(Nc4ccc(C)c(C(N)=O)c4)NC(=O)c4ccccc43)cc2O)c1,[BOS]Cc1ccc(NC2N=C(c3cc(O)n(-c4cc(C)ccc4C)n3)c3ccccc3C(=O)N2)cc1C(N)=O[EOS],33453.686170101166,42
13.8,O=C(Nc1cc(C2CCCCN2C(=O)c2nc3c(=O)[nH]c4ccccc4n3n2)[nH]n1)c1cc[n+]([O-])cc1,[BOS]O=C(Nc1cc([C@H]2CCCCN2C(=O)c2nc3c(=O)[nH]c4ccccc4n3n2)[nH]n1)c1cc[n+]([O-])cc1[EOS],38781.35952281952,42
13.5,O=C(c1cc(=O)c2ccccc2o1)N1CCC(C2CCCCN2C(=O)C2CNc3ccccc32)CC1,[BOS]O=C(c1cc(=O)c2ccccc2o1)N1CCC([C@@H]2CCCCN2C(=O)[C@H]2CNc3ccccc32)CC1[EOS],44014.95787405968,42
14.7,Fc1ccc(-c2ccccc2CNc2nc(-c3cccnc3)nc3c2cnn3-c2ccc3ccccc3c2)cc1Cl,[BOS]Fc1ccc(-c2ccccc2CNc2nc(-c3cccnc3)nc3c2cnn3-c2ccc3ccccc3c2)cc1Cl[EOS],49712.66275858879,42
13.2,Cc1c(NC(=O)C(=O)N2CCCCCC2c2ccc(Cl)cc2)cccc1N1C(=O)CCCC1=O,[BOS]Cc1c(NC(=O)C(=O)N2CCCCC[C@H]2c2ccc(Cl)cc2)cccc1N1C(=O)CCCC1=O[EOS],54828.968453884125,42
12.4,CC(c1cccc(N2CCC(O)(C(F)F)C2=O)c1)c1[nH]c(-c2ccccc2F)nc1-c1cc(F)cc(F)c1Cl,[BOS]C[C@H](c1cccc(N2CCC(O)(C(F)F)C2=O)c1)c1[nH]c(-c2ccccc2F)nc1-c1cc(F)cc(F)c1Cl[EOS],59958.463742733,42
14.2,O=C(CC1c2ccccc2-c2ccccc21)NC1CCN(C(=O)Cc2ccccc2-c2ccccc2)CC1,[BOS]O=C(CC1c2ccccc2-c2ccccc21)NC1CCN(C(=O)Cc2ccccc2-c2ccccc2)CC1[EOS],64109.969341516495,42
13.0,Cc1cccc(-c2cncc(C(=O)N3CCc4ccccc4-c4ccccc4C3)c2)c1,[BOS]Cc1cccc(-c2cncc(C(=O)N3Cc4ccccc4-c4ccccc4CC3)c2)c1[EOS],3886.637079000473,42
15.2,O=C(NC1CC2CCC(C1)N2C(=O)c1cccc2c1oc1ccccc12)c1[nH]nc2c1CC2c1ccccc1,[BOS]O=C(N[C@H]1C[C@H]2CC[C@@H](C1)N2C(=O)c1cccc2c1oc1ccccc12)c1[nH]nc2c1CC2c1ccccc1[EOS],9273.574114084244,42
13.1,CC1COc2c(F)c(F)cc3c(=O)c(C(=O)[NH+]=C(N)c4cccc5ccccc45)cn1c23,[BOS]C[C@H]1COc2c(F)c(F)cc3c(=O)c(C(=O)[NH+]=C(N)c4cccc5ccccc45)cn1c23[EOS],13599.229806661606,42
12.9,CC(NNc1ccccc1)C(=O)N1CCCCC1c1cc(NC(=O)C2(c3cccc(Cl)c3)CC2)n[nH]1,[BOS]C[C@@H](NNc1ccccc1)C(=O)N1CCCC[C@H]1c1cc(NC(=O)C2(c3cccc(Cl)c3)CC2)n[nH]1[EOS],19750.306648015976,42
13.1,CC(C(=O)Nc1cc(C2CCCCN2C(=O)c2cn3c(F)cccc3[nH+]2)[nH]n1)c1ccccc1,[BOS]C[C@@H](C(=O)Nc1cc([C@H]2CCCCN2C(=O)c2cn3c(F)cccc3[nH+]2)[nH]n1)c1ccccc1[EOS],25079.304275035858,42
13.5,Cc1ccc(C)c(C(=O)N2CCCCC2c2cc(NC(=O)c3c(C)oc4cc(O)ccc34)n[nH]2)c1,[BOS]Cc1ccc(C)c(C(=O)N2CCCC[C@@H]2c2cc(NC(=O)c3c(C)oc4cc(O)ccc34)n[nH]2)c1[EOS],29969.41613793373,42
12.6,O=C(NC1C2COCC1CN(C(=O)Cc1cc[nH]n1)C2)c1ccc(C(F)(F)F)c2ncccc12,[BOS]O=C(N[C@H]1[C@@H]2COC[C@H]1CN(C(=O)Cc1cc[nH]n1)C2)c1ccc(C(F)(F)F)c2ncccc12[EOS],34749.35976934433,42
14.4,O=C(Nc1cc(C2CCCCN2C(=O)c2ccc3cnccc3c2)[nH]n1)c1cccc2c1CCCC2,[BOS]O=C(Nc1cc([C@H]2CCCCN2C(=O)c2ccc3cnccc3c2)[nH]n1)c1cccc2c1CCCC2[EOS],39943.83255934715,42
14.8,Cc1cc(-c2ccccc2F)c(C)cc1-c1cc(C(O)=NN=c2ccc3ccccc3o2)c2cnn(C)c2n1,[BOS]Cc1cc(-c2cc(C(O)=N/N=c3/ccc4ccccc4o3)c3cnn(C)c3n2)c(C)cc1-c1ccccc1F[EOS],45292.01218509674,42
14.1,Cc1cc(-c2noc(C3Cc4ccccc4CN3S(=O)(=O)c3cccc4cnccc34)n2)cc2ccoc12,[BOS]Cc1cc(-c2noc([C@@H]3Cc4ccccc4CN3S(=O)(=O)c3cccc4cnccc34)n2)cc2ccoc12[EOS],50276.6295876503,42
12.7,COc1ccc(NC(=O)Cc2cn(S(=O)(=O)c3ccc4c(c3)Cc3cccnc3-4)c3ccc(C)cc23)cc1OC,[BOS]COc1ccc(NC(=O)Cc2cn(S(=O)(=O)c3ccc4c(c3)Cc3cccnc3-4)c3ccc(C)cc23)cc1OC[EOS],55993.06222939491,42
13.0,CC(C)c1ccc(NC(C=O)c2cc(F)c3cnn(-c4ccc5c(c4)CCN(C)C5=O)c3c2F)cc1C(=O)O,[BOS]CC(C)c1ccc(NC(C=O)c2cc(F)c3cnn(-c4ccc5c(c4)CCN(C)C5=O)c3c2F)cc1C(=O)O[EOS],61185.439477443695,42
13.8,CC(c1cc(F)ccc1F)n1c(SCC(=O)N2CCc3ccccc32)nc2ccc(-c3ccccc3Cl)cc2c1=O,[BOS]C[C@H](c1cc(F)ccc1F)n1c(SCC(=O)N2CCc3ccccc32)nc2ccc(-c3ccccc3Cl)cc2c1=O[EOS],5717.094186782837,42
12.4,CC(C)CC(NC(=O)c1nc2c(=O)[nH]c3ccccc3n2n1)C(=O)Nc1ccc2ccccc2c1,[BOS]CC(C)C[C@H](NC(=O)c1nc2c(=O)[nH]c3ccccc3n2n1)C(=O)Nc1ccc2ccccc2c1[EOS],10725.436145305634,42
13.3,Cc1cc2ccccc2nc1-c1noc(-c2ccc3c(c2)C2(CCOCC2)CN3c2ncccn2)n1,[BOS]Cc1cc2ccccc2nc1-c1noc(-c2ccc3c(c2)C2(CCOCC2)CN3c2ncccn2)n1[EOS],14833.307282924652,42
14.0,CC1(c2ccc3ccccc3c2)Oc2ccccc2C(=O)C1c1cccc(-c2cc3ccccc3o2)c1,[BOS]CC1(c2ccc3ccccc3c2)Oc2ccccc2C(=O)[C@@H]1c1cccc(-c2cc3ccccc3o2)c1[EOS],19745.354009389877,42
13.3,Cc1oc2cc(OC(=O)Cn3c(C)c(C)c4ccccc43)ccc2c(=O)c1-c1cccc([N+](=O)[O-])c1,[BOS]Cc1oc2cc(OC(=O)Cn3c(C)c(C)c4ccccc43)ccc2c(=O)c1-c1cccc([N+](=O)[O-])c1[EOS][EOS][EOS][EOS][EOS][EOS][EOS],25278.741453647614,42
13.8,O=C(Nc1ccc2c(=O)[nH]cnc2c1)c1cc(-c2ccc(F)cc2)oc1-c1ccc2c(c1)C[NH2+]CC2,[BOS]O=C(Nc1ccc2c(=O)[nH]cnc2c1)c1cc(-c2ccc(F)cc2)oc1-c1ccc2c(c1)C[NH2+]CC2[EOS],29732.069331407547,42
14.1,Cc1cc(C(=O)N2CCC3OCCCC3(CNC(=O)C3CCc4ccccc4C3)C2)nc2ccccc12,[BOS]Cc1cc(C(=O)N2CC[C@H]3OCCC[C@@]3(CNC(=O)[C@@H]3CCc4ccccc4C3)C2)nc2ccccc12[EOS],35239.63296508789,42
15.2,O=c1c2ccccc2ccn1Cc1nc(Nc2ccc(F)cc2)[nH]c(=Nc2cccc(F)c2-c2cccc3c2CNOC3)n1,[BOS]O=c1c2ccccc2ccn1Cc1nc(Nc2ccc(F)cc2)[nH]c(=Nc2cccc(F)c2-c2cccc3c2CNOC3)n1[EOS],40190.38565707207,42
12.5,Cc1ccc(C(=O)NC2(c3ccc(NC(=O)c4[nH]nc5ncccc45)cc3)CCC2)cc1C(F)(F)F,[BOS]Cc1ccc(C(=O)NC2(c3ccc(NC(=O)c4[nH]nc5ncccc45)cc3)CCC2)cc1C(F)(F)F[EOS],45667.70665550232,42
13.8,CC1CCc2cc(F)cc3c(=O)c(-c4nc(-c5ccccc5-c5ccc(Cn6ccnc6)cc5)no4)cn1c23,[BOS]C[C@H]1CCc2cc(F)cc3c(=O)c(-c4nc(-c5ccccc5-c5ccc(Cn6ccnc6)cc5)no4)cn1c23[EOS],51027.060673475266,42
13.0,CC(NC(=O)CSc1nnc(-c2c[nH]c3ncccc23)n1-c1ccc(F)cc1F)c1cccc2ccccc12,[BOS]C[C@H](NC(=O)CSc1nnc(-c2c[nH]c3ncccc23)n1-c1ccc(F)cc1F)c1cccc2ccccc12[EOS],56825.517991542816,42
13.4,[NH3+]C1CCN(C(c2cc3ccccc3o2)c2nc(-c3ccc(F)c4ccccc34)no2)c2ccccc21,[BOS][NH3+][C@@H]1CCN([C@@H](c2cc3ccccc3o2)c2nc(-c3ccc(F)c4ccccc34)no2)c2ccccc21[EOS],62337.89390397072,42
13.1,Cc1c(F)ccc(C(=O)N2CCCCC2c2cc(NC(=O)C3CCCC4CCCCC43)n[nH]2)c1N,[BOS]Cc1c(F)ccc(C(=O)N2CCCC[C@@H]2c2cc(NC(=O)[C@@H]3CCC[C@@H]4CCCC[C@@H]43)n[nH]2)c1N[EOS],5364.86044549942,42
13.3,O=C(NCc1cc(=O)n2ccccc2n1)c1ccccc1-c1ccc(-c2ccccc2-c2nn[nH]n2)cc1Cl,[BOS]O=C(NCc1cc(=O)n2ccccc2n1)c1ccccc1-c1ccc(-c2ccccc2-c2nn[nH]n2)cc1Cl[EOS],10720.354989767075,42
14.1,Nc1cccc(CC(NC(=O)OCC2c3ccccc3-c3ccccc32)c2nc(-c3cccc4ccccc34)no2)n1,[BOS]O=C(N[C@H](Cc1cccc(N)n1)c1nc(-c2cccc3ccccc23)no1)OCC1c2ccccc2-c2ccccc21[EOS],16142.635731458664,42
12.0,CC(=O)N1CCC(CNC(=O)c2ccc(-c3ccccc3)c(F)c2)C1c1cccnc1,[BOS]CC(=O)N1CC[C@@H](CNC(=O)c2ccc(-c3ccccc3)c(F)c2)[C@H]1c1cccnc1[EOS],20761.744636535645,42
13.5,O=C([O-])c1ccc2c(=O)n3c(nc2c1)CCC(=Cc1cccc(OC2CCCCC2)c1)C3=O,[BOS]O=C([O-])c1ccc2c(=O)n3c(nc2c1)CCC(=Cc1cccc(OC2CCCCC2)c1)C3=O[EOS],24419.941677331924,42
13.2,O=C1CC(C(=O)N2CCCC2c2cccc(C(=O)N3CC[NH+](Cc4ccccc4)CC3)c2)=NN(c2ccccc2)C1,[BOS]O=C(c1cccc([C@@H]2CCCN2C(=O)C2=NN(c3ccccc3)CC(=O)C2)c1)N1CC[NH+](Cc2ccccc2)CC1[EOS][EOS],29554.692669391632,42
12.6,O=C(CCCn1c(=O)[nH]c2ccccc21)N1CC2(CCCN2C(=O)c2cccc3ccncc23)C1,[BOS]O=C(CCCn1c(=O)[nH]c2ccccc21)N1CC2(CCCN2C(=O)c2cccc3ccncc23)C1[EOS],35478.63463664055,42
12.6,COc1c(C(=O)N2CCC(C3CCCCN3C(=O)c3c(C)noc3C)CC2)ccc(F)c1F,[BOS]COc1c(C(=O)N2CCC([C@@H]3CCCCN3C(=O)c3c(C)noc3C)CC2)ccc(F)c1F[EOS],40265.735147714615,42
11.8,CCc1nc2ccc(NC(=O)C(CO)NC(=O)OCC3c4ccccc4-c4ccccc43)cc2c(=O)[nH]1,[BOS]CCc1nc2ccc(NC(=O)[C@H](CO)NC(=O)OCC3c4ccccc4-c4ccccc43)cc2c(=O)[nH]1[EOS],45575.34759283066,42
13.0,CC(C(=O)N1CCCCC1c1cc(NC(=O)C2CC2c2ccccc2)n[nH]1)n1ccccc1=O,[BOS]C[C@H](C(=O)N1CCCC[C@@H]1c1cc(NC(=O)[C@H]2C[C@@H]2c2ccccc2)n[nH]1)n1ccccc1=O[EOS],51005.75818037987,42
12.2,C[NH+]1CCC(CNC(=O)c2cccc3cc(O)ccc23)C1c1ccc(Cl)c(F)c1,[BOS]C[NH+]1CC[C@@H](CNC(=O)c2cccc3cc(O)ccc23)[C@H]1c1ccc(Cl)c(F)c1[EOS],55624.07801437378,42
13.4,Cc1cc(C)cc(CCC(=O)N2CCCCC2c2cc(NC(=O)c3cccc4ccn(C)c34)n[nH]2)c1,[BOS]Cc1cc(C)cc(CCC(=O)N2CCCC[C@@H]2c2cc(NC(=O)c3cccc4ccn(C)c34)n[nH]2)c1[EOS],61281.922439813614,42
12.9,O=C1CCC(C(=O)OCC(=O)N2CC=C(c3cccc4ccccc34)CC2)(c2ccccc2)CN1,[BOS]O=C1CC[C@](C(=O)OCC(=O)N2CC=C(c3cccc4ccccc34)CC2)(c2ccccc2)CN1[EOS],5543.827181100845,42
12.9,O=C(NCc1cc2c([nH]c1=O)CCCC2)c1cccc(NC(=O)C2CCc3ccccc3O2)c1,[BOS]O=C(NCc1cc2c([nH]c1=O)CCCC2)c1cccc(NC(=O)[C@@H]2CCc3ccccc3O2)c1[EOS],10638.595090150833,42
13.1,CC1=CCC(C(=O)NCC23CCCOC2CCN(C(=O)Cc2ccc4ccccc4c2)C3)CC1,[BOS]CC1=CC[C@H](C(=O)NC[C@@]23CCCO[C@@H]2CCN(C(=O)Cc2ccc4ccccc4c2)C3)CC1[EOS],16260.917362213135,42
13.4,CC1Cc2ccccc2N1S(=O)(=O)c1cccc(-c2nc(-c3cccc4[nH]c(=O)ccc34)no2)c1,[BOS]C[C@@H]1Cc2ccccc2N1S(=O)(=O)c1cccc(-c2nc(-c3cccc4[nH]c(=O)ccc34)no2)c1[EOS],21257.44150495529,42
13.8,O=C(NC1CCc2n[nH]c(=O)cc2C1)c1c2c(nc3ccccc13)C(=C1CCCCC1)CCC2,[BOS]O=C(N[C@H]1CCc2n[nH]c(=O)cc2C1)c1c2c(nc3ccccc13)C(=C1CCCCC1)CCC2[EOS],25882.22030234337,42
15.0,Cc1cccc2[nH]c(C(=O)Nc3cc(C4CCCCN4C(=O)C4Cc5ccccc5C4)[nH]n3)cc12,[BOS]Cc1cccc2[nH]c(C(=O)Nc3cc([C@@H]4CCCCN4C(=O)C4Cc5ccccc5C4)[nH]n3)cc12[EOS],31228.884302139282,42
14.0,O=C(CC1Cc2ccccc2C1)NCC12CCCOC1CCN(C(=O)Cc1cccc3ncccc13)C2,[BOS]O=C(CC1Cc2ccccc2C1)NC[C@@]12CCCO[C@@H]1CCN(C(=O)Cc1cccc3ncccc13)C2[EOS],37944.870871305466,42
14.0,NC(=[NH+]c1ncccc1-c1cccc(-c2ccccc2)n1)c1ccc(-c2ccccc2)c([N+](=O)[O-])c1,[BOS]N/C(=[NH+]\c1ncccc1-c1cccc(-c2ccccc2)n1)c1ccc(-c2ccccc2)c([N+](=O)[O-])c1[EOS],43639.97589945793,42
12.2,O=C(C1CCCN1C(=O)c1ccc2ccccc2c1O)N1CCC(C[NH+]2CCCCC2)C1,[BOS]O=C([C@@H]1CCCN1C(=O)c1ccc2ccccc2c1O)N1CC[C@H](C[NH+]2CCCCC2)C1[EOS][EOS][EOS][EOS][EOS],49284.89346122742,42
12.9,CCCc1onc(C)c1C(=O)N1CCCCC1c1cc(NC(=O)c2cnn3ccc(C)cc23)n[nH]1,[BOS]CCCc1onc(C)c1C(=O)N1CCCC[C@H]1c1cc(NC(=O)c2cnn3ccc(C)cc23)n[nH]1[EOS],54779.91172361374,42
13.2,CC(=O)Nc1cc(C(=O)NCC23CCCOC2CCN(C(=O)C2CCc4cccc(C)c42)C3)ccc1C,[BOS]CC(=O)Nc1cc(C(=O)NC[C@@]23CCCO[C@@H]2CCN(C(=O)[C@H]2CCc4cccc(C)c42)C3)ccc1C[EOS],60973.81171178818,42
12.5,CC(NC(=O)C(=O)Nc1ccc2oc3ccccc3c2c1)c1ccc(-c2cccnc2)cc1,[BOS]C[C@@H](NC(=O)C(=O)Nc1ccc2oc3ccccc3c2c1)c1ccc(-c2cccnc2)cc1[EOS],65499.348428964615,42
13.1,O=C(NCc1cc(C(F)(F)F)cc(Cl)c1F)c1cccc(Cc2n[nH]c(=O)c3ccccc23)c1,[BOS]O=C(NCc1cc(C(F)(F)F)cc(Cl)c1F)c1cccc(Cc2n[nH]c(=O)c3ccccc23)c1[EOS],5292.626624107361,42
12.7,O=C(CNC(=O)c1c[nH]c2ccccc2c1=O)Nc1n[nH]c(C(F)(F)F)c1-c1ccccc1,[BOS]O=C(CNC(=O)c1c[nH]c2ccccc2c1=O)Nc1n[nH]c(C(F)(F)F)c1-c1ccccc1[EOS],11130.702412605286,42
13.6,CC(C(=O)N1CCCCC1c1cc(NC(=O)c2n[nH]c3ccccc23)n[nH]1)n1ccccc1=O,[BOS]C[C@@H](C(=O)N1CCCC[C@@H]1c1cc(NC(=O)c2n[nH]c3ccccc23)n[nH]1)n1ccccc1=O[EOS],16388.696071863174,42
12.8,O=C(NCC1CCc2ccccc21)NC1(c2cccc(C(F)(F)F)c2)CC(c2ccccc2)C1,[BOS]O=C(NC[C@H]1CCc2ccccc21)NC1(c2cccc(C(F)(F)F)c2)CC(c2ccccc2)C1[EOS],21034.178606271744,42
13.9,O=C(Nc1cc(C2CCCCN2C(=O)c2ccc3occ(Cl)c3c2)[nH]n1)c1c2ccccc2n2ccsc12,[BOS]O=C(Nc1cc([C@H]2CCCCN2C(=O)c2ccc3occ(Cl)c3c2)[nH]n1)c1c2ccccc2n2ccsc12[EOS],26360.880350351334,42
12.6,Cc1ccc(C)c(-n2nc(C3=NC(Cc4coc(-c5ccc(F)cc5C)n4)NO3)ccc2=O)c1,[BOS]Cc1ccc(C)c(-n2nc(C3=NC(Cc4coc(-c5ccc(F)cc5C)n4)NO3)ccc2=O)c1[EOS],31662.3555457592,42
12.5,COc1cccc(CC2(C(=O)Nc3cc(-c4cccc(F)c4F)[nH]n3)CC3CCC2C3)c1,[BOS]COc1cccc(C[C@]2(C(=O)Nc3cc(-c4cccc(F)c4F)[nH]n3)C[C@H]3CC[C@H]2C3)c1[EOS],36849.60065340996,42
13.4,O=C(Cn1c2ccccc2c(=O)c2ccccc21)Nc1n[nH]c(C(F)(F)F)c1-c1ccccc1,[BOS]O=C(Cn1c2ccccc2c(=O)c2ccccc21)Nc1n[nH]c(C(F)(F)F)c1-c1ccccc1[EOS],41688.6585919857,42
12.8,O=C(Nc1cccc(-c2cc(C(F)(F)F)cc(C(F)(F)F)c2)c1)C1CCc2c([nH]c3ccccc23)C1,[BOS]O=C(Nc1cccc(-c2cc(C(F)(F)F)cc(C(F)(F)F)c2)c1)[C@H]1CCc2c([nH]c3ccccc23)C1[EOS][EOS][EOS][EOS][EOS],46373.03016424179,42
12.0,Cc1nnnn1-c1cc(NC(=O)N2CCc3ccccc3C(F)(F)C2)ccc1F,[BOS]Cc1nnnn1-c1cc(NC(=O)N2CCc3ccccc3C(F)(F)C2)ccc1F[EOS],50680.81351137161,42
13.3,CC(C(=O)N1CCCCC1c1cc(NC(=O)Cc2ccccc2C(F)(F)F)n[nH]1)c1ccc(O)cc1,[BOS]C[C@H](C(=O)N1CCCC[C@H]1c1cc(NC(=O)Cc2ccccc2C(F)(F)F)n[nH]1)c1ccc(O)cc1[EOS][EOS][EOS],56222.378443956375,42
12.8,O=C(C1C[NH2+]CC(c2ccccc2)C1)N1CCc2cc(-c3ccccc3)ccc2C1,[BOS]O=C([C@H]1C[NH2+]C[C@@H](c2ccccc2)C1)N1CCc2cc(-c3ccccc3)ccc2C1[EOS],60646.59484767914,42
13.3,O=C1Nc2ccccc2C1C1CC[NH+](C(c2ccc(F)cc2)c2cnc3ccccc3c2)CC1,[BOS]O=C1Nc2ccccc2[C@@H]1C1CC[NH+]([C@@H](c2ccc(F)cc2)c2cnc3ccccc3c2)CC1[EOS],4878.858478069305,42
13.1,O=C(C1CCCN1C(=O)c1ccc2ccccc2c1O)N1CCCc2c(F)c(F)cc(F)c21,[BOS]O=C([C@@H]1CCCN1C(=O)c1ccc2ccccc2c1O)N1CCCc2c(F)c(F)cc(F)c21[EOS],9673.722130298615,42
13.3,O=C(NC1COc2c(F)cc(F)cc2C1)c1cn(Cc2ccccc2)nc1-c1ccc2c(c1)OCCCO2,[BOS]O=C(N[C@H]1COc2c(F)cc(F)cc2C1)c1cn(Cc2ccccc2)nc1-c1ccc2c(c1)OCCCO2[EOS],14215.70451784134,42
12.3,CC(C)c1ccc(C(=O)N2CCc3c(-c4ccccc4)cccc32)cc1[N+](=O)[O-],[BOS]CC(C)c1ccc(C(=O)N2CCc3c(-c4ccccc4)cccc32)cc1[N+](=O)[O-][EOS],18492.943115472794,42
12.9,CC(NC(=O)c1cc(-c2ccc3c(c2)OCCO3)nc2ccccc12)C(O)c1c(F)cccc1Cl,[BOS]C[C@H](NC(=O)c1cc(-c2ccc3c(c2)OCCO3)nc2ccccc12)[C@@H](O)c1c(F)cccc1Cl[EOS],23500.282427072525,42
13.8,Cc1cc(OCC2c3ccccc3-c3cnccc32)cc(C)c1-c1cncc(Nc2ccc(F)cc2[N+](=O)[O-])c1,[BOS]Cc1cc(OCC2c3ccccc3-c3cnccc32)cc(C)c1-c1cncc(Nc2ccc(F)cc2[N+](=O)[O-])c1[EOS],29237.9138174057,42
12.7,Cc1cccc(C(NC(=O)C(=O)Nc2ccc3cc([N+](=O)[O-])ccc3c2)c2cccc(C)c2)c1,[BOS]Cc1cccc(C(NC(=O)C(=O)Nc2ccc3cc([N+](=O)[O-])ccc3c2)c2cccc(C)c2)c1[EOS],34226.292815208435,42
14.2,O=C1CCc2c1cccc2-c1cccc(N=C2N=C(O)C(=C3Nc4c(cc(F)c(F)c4F)C3=O)O2)c1,[BOS]O=C1CCc2c1cccc2-c1cccc(N=C2N=C(O)/C(=C3/Nc4c(F)c(F)c(F)cc4C3=O)O2)c1[EOS],38899.10636639595,42
13.1,CC1=CCC(C(=O)Nc2cc(C3CCCCN3C(=O)c3ccc4n[nH]c(Br)c4c3)[nH]n2)CC1,[BOS]CC1=CC[C@@H](C(=O)Nc2cc([C@@H]3CCCCN3C(=O)c3ccc4n[nH]c(Br)c4c3)[nH]n2)CC1[EOS],44108.371438741684,42
13.3,O=C(NC1CC2CCC(C1)N2C(=O)C=Cc1cccc(C(F)(F)F)c1)c1cccc2cnccc12,[BOS]O=C(N[C@H]1C[C@H]2CC[C@@H](C1)N2C(=O)C=Cc1cccc(C(F)(F)F)c1)c1cccc2cnccc12[EOS],49306.4792175293,42
11.8,O=C1COc2c(cc(Cl)cc2NC(=O)C2C[NH+](Cc3nc4ccccc4c(=O)[nH]3)CCO2)N1,[BOS]O=C(Nc1cc(Cl)cc2c1OCC(=O)N2)[C@H]1C[NH+](Cc2nc3ccccc3c(=O)[nH]2)CCO1[EOS][EOS][EOS][EOS][EOS][EOS][EOS],53920.116627693176,42
12.6,Cc1cc(=O)n(-c2ccc(C(=O)N3CCC4(C3)CN(C(=O)c3ccccc3Cl)CCO4)cc2)[nH]1,[BOS]Cc1cc(=O)n(-c2ccc(C(=O)N3CC[C@]4(CN(C(=O)c5ccccc5Cl)CCO4)C3)cc2)[nH]1[EOS],59404.1611058712,42
12.8,COc1cc(F)c(F)cc1-c1ccc2oc(C3CCCN3C(=O)Oc3ccc4ncsc4c3)cc2c1C(F)(F)F,[BOS]COc1cc(F)c(F)cc1-c1ccc2oc([C@@H]3CCCN3C(=O)Oc3ccc4ncsc4c3)cc2c1C(F)(F)F[EOS],5360.681276798248,42
13.9,O=C(NC1CC2CCC(C1)N2C(=O)Cc1ccc2ccccc2c1)c1cccc2c1oc1ccccc12,[BOS]O=C(N[C@H]1C[C@H]2CC[C@@H](C1)N2C(=O)Cc1ccc2ccccc2c1)c1cccc2c1oc1ccccc12[EOS],10728.1999938488,42
13.4,O=C1CC(c2noc(-c3coc(=O)c4ccccc34)n2)c2ccccc2N1Cc1ccccc1C(F)(F)F,[BOS]O=C1C[C@H](c2noc(-c3coc(=O)c4ccccc34)n2)c2ccccc2N1Cc1ccccc1C(F)(F)F[EOS],15040.77500987053,42
11.8,C[NH+]1CCC(CNC(=O)c2cc(=O)[nH]c3cc(F)ccc23)C1c1ccc(Cl)c(F)c1,[BOS]C[NH+]1CC[C@@H](CNC(=O)c2cc(=O)[nH]c3cc(F)ccc23)[C@@H]1c1ccc(Cl)c(F)c1[EOS],19665.698099136353,42
13.1,O=C(CC1COCC[NH+]1Cc1nnc(-c2cccc3ccccc23)o1)c1cccc2ccccc12,[BOS]O=C(C[C@@H]1COCC[NH+]1Cc1nnc(-c2cccc3ccccc23)o1)c1cccc2ccccc12[EOS],24925.361186742783,42
13.2,CC(CC(=O)N1CCCCC1C1CCN(C(=O)C2CCc3ccccc32)CC1)c1ccccc1,[BOS]C[C@H](CC(=O)N1CCCC[C@@H]1C1CCN(C(=O)[C@@H]2CCc3ccccc32)CC1)c1ccccc1[EOS],31000.979006767273,42
13.5,Cc1ccc2ccccc2c1C(O)=NN=Cc1c(OC(=O)c2ccc(OCC3CCCc4ccccc43)cc2)ccc2ccccc12,[BOS]Cc1ccc2ccccc2c1C(O)=N/N=C/c1c(OC(=O)c2ccc(OCC3CCCc4ccccc43)cc2)ccc2ccccc12[EOS][EOS][EOS][EOS][EOS],36954.08339738846,42
12.3,Cc1ccc(CC2CC(C(=O)NC(c3ccccc3)C3CC3)N(c3nc(-c4cccc(F)c4)cs3)C2)cc1C,[BOS]Cc1ccc(C[C@@H]2C[C@H](C(=O)N[C@H](c3ccccc3)C3CC3)N(c3nc(-c4cccc(F)c4)cs3)C2)cc1C[EOS][EOS][EOS][EOS],42156.26499390602,42
14.2,O=C(NCC1OCC2CCN(C(=O)C3Cc4ccccc4C3)CC21)C1=Cc2c(ccc3ccccc23)C(=O)C1,[BOS]O=C1CC(C(=O)NC[C@@H]2OC[C@@H]3CCN(C(=O)C4Cc5ccccc5C4)C[C@@H]32)=Cc2c1ccc1ccccc21[EOS],48111.60405921936,42
13.6,O=C(c1cccc(S(=O)(=O)N2CCCc3ccccc32)c1)n1ncc2c1-c1cc(F)ccc1OC2,[BOS]O=C(c1cccc(S(=O)(=O)N2CCCc3ccccc32)c1)n1ncc2c1-c1cc(F)ccc1OC2[EOS],53242.170674324036,42
12.7,O=C(Nc1cc(-c2noc(C3CC3c3cc(F)ccc3F)n2)cc(C(F)(F)F)c1)c1ccccc1F,[BOS]O=C(Nc1cc(-c2noc([C@@H]3C[C@@H]3c3cc(F)ccc3F)n2)cc(C(F)(F)F)c1)c1ccccc1F[EOS],58386.436606645584,42
14.3,Cc1ccc(C(F)(F)F)cc1-c1noc(C2CC3(CC3)CC2C(=O)N2Cc3ccccc3C(F)(F)C2)n1,[BOS]Cc1ccc(C(F)(F)F)cc1-c1noc([C@@H]2CC3(CC3)C[C@@H]2C(=O)N2Cc3ccccc3C(F)(F)C2)n1[EOS],62924.11035704613,42
12.8,CC1CCc2ccccc2C1[NH2+]CC(=O)Nc1ccccc1C(=O)Nc1ccc2c(c1)OCCCO2,[BOS]C[C@H]1CCc2ccccc2[C@@H]1[NH2+]CC(=O)Nc1ccccc1C(=O)Nc1ccc2c(c1)OCCCO2[EOS],4543.579907655716,42
13.3,CC(NC(=O)c1ccc2c(c1)-c1ccccc1C2)c1ccc(-c2cccc(C#N)c2)cc1,[BOS]C[C@H](NC(=O)c1ccc2c(c1)-c1ccccc1C2)c1ccc(-c2cccc(C#N)c2)cc1[EOS],9060.171441316605,42
13.5,Cc1noc2nc(-c3cccc(C(F)(F)F)c3)cc(C(=O)[NH+]=C(N)c3ccc4ccoc4c3)c12,[BOS]Cc1noc2nc(-c3cccc(C(F)(F)F)c3)cc(C(=O)[NH+]=C(N)c3ccc4ccoc4c3)c12[EOS],14217.313209056854,42
13.6,O=C(CCc1cnc2ccccc2c1)NCC1OCC2CCN(C(=O)c3cccc4ccccc34)CC21,[BOS]O=C(CCc1cnc2ccccc2c1)NC[C@@H]1OC[C@@H]2CCN(C(=O)c3cccc4ccccc34)C[C@@H]21[EOS],21201.45240831375,42
12.5,O=C(c1ccc(F)cc1)N1CCC([NH2+]C2CCC3(CCC(=O)N3Cc3cccc(F)c3)CC2)C1,[BOS]O=C1CCC2(CCC([NH2+][C@@H]3CCN(C(=O)c4ccc(F)cc4)C3)CC2)N1Cc1cccc(F)c1[EOS][EOS][EOS][EOS][EOS],26709.508761405945,42
14.1,O=C1CCc2ccc(C(=O)N3CCCCC3c3cc(NC(=O)c4c[nH]c5cccc(Cl)c45)n[nH]3)cc21,[BOS]O=C(Nc1cc([C@H]2CCCCN2C(=O)c2ccc3c(c2)C(=O)CC3)[nH]n1)c1c[nH]c2cccc(Cl)c12[EOS][EOS][EOS][EOS][EOS][EOS][EOS][EOS],32038.883307933807,42
13.9,O=C(CN=C1NS(=O)(=O)c2ccccc21)NC1CC(c2cccc(C(F)(F)F)c2)c2ccccc21,[BOS]O=C(C/N=C1/NS(=O)(=O)c2ccccc21)N[C@@H]1C[C@H](c2cccc(C(F)(F)F)c2)c2ccccc21[EOS],37143.107006549835,42
13.2,O=C(NC1CC2CCC(C1)N2C(=O)CCC1CCc2ccccc21)c1ncccc1-c1ccccc1,[BOS]O=C(N[C@H]1C[C@H]2CC[C@@H](C1)N2C(=O)CC[C@H]1CCc2ccccc21)c1ncccc1-c1ccccc1[EOS],43007.62982797623,42
12.7,Cc1ccn2ncc(C(=O)NCC3OCC4CCN(C(=O)CCC5CNc6ccccc6C5)CC43)c2c1,[BOS]Cc1ccn2ncc(C(=O)NC[C@@H]3OC[C@@H]4CCN(C(=O)CC[C@H]5CNc6ccccc6C5)C[C@@H]43)c2c1[EOS],49009.15701961517,42
13.9,O=C(Nc1ccc2cnccc2c1)c1[nH]c2ccccc2c1CC(=O)N1CCC2C1CCC(=O)N2c1ccccc1,[BOS]O=C(Nc1ccc2cnccc2c1)c1[nH]c2ccccc2c1CC(=O)N1CC[C@H]2[C@@H]1CCC(=O)N2c1ccccc1[EOS],54637.03675842285,42
14.8,O=C1CCCc2cc(C(=O)N3CCCCC3c3cc(NC(=O)C4CCCC5CCCCC54)n[nH]3)ccc21,[BOS]O=C(Nc1cc([C@@H]2CCCCN2C(=O)c2ccc3c(c2)CCCC3=O)[nH]n1)[C@@H]1CCC[C@@H]2CCCC[C@H]21[EOS],59963.810507535934,42
12.0,Cc1cc(C([NH2+]CC(=O)N2c3ccccc3NC(=O)C2(C)C)c2ccccc2Cl)ccc1F,[BOS]Cc1cc([C@@H]([NH2+]CC(=O)N2c3ccccc3NC(=O)C2(C)C)c2ccccc2Cl)ccc1F[EOS],64152.68772983551,42
13.8,O=C1CCc2c(sc3nc(-c4ccsc4)nc(NC(Cc4ccccc4)C(=O)NC4C(=O)NCc5ccccc54)c23)C1,[BOS]O=C1NCc2ccccc2[C@@H]1NC(=O)[C@@H](Cc1ccccc1)Nc1nc(-c2ccsc2)nc2sc3c(c12)CCC(=O)C3[EOS],4859.09917640686,42
15.4,O=S(=O)(c1ccc2oc3ccccc3c2c1)c1cccc2ccc3cc4c(cc3c12)oc1ccccc14,[BOS]O=S(=O)(c1ccc2oc3ccccc3c2c1)c1cccc2ccc3cc4c(cc3c12)oc1ccccc14[EOS][EOS],9975.071750164032,42
12.7,O=C(NCC1OCC2CCN(C(=O)Cc3c[nH]c4ccccc34)CC21)c1[nH]nc2c(F)cccc12,[BOS]O=C(NC[C@@H]1OC[C@@H]2CCN(C(=O)Cc3c[nH]c4ccccc34)C[C@@H]21)c1[nH]nc2c(F)cccc12[EOS][EOS][EOS][EOS][EOS][EOS],15803.482230424881,42
11.7,Cc1ccnc(Oc2cc(NC(=O)C(C)Cc3cncc4ccccc34)ccc2C)c1,[BOS]Cc1ccnc(Oc2cc(NC(=O)[C@H](C)Cc3cncc4ccccc34)ccc2C)c1[EOS],21013.76088643074,42
13.3,Cc1cccc2cc(C(=O)N3CCC4OCCCC4(CNC(=O)C4CCCC5CCCCC54)C3)[nH]c12,[BOS]Cc1cccc2cc(C(=O)N3CC[C@H]4OCCC[C@@]4(CNC(=O)[C@@H]4CCC[C@H]5CCCC[C@@H]54)C3)[nH]c12[EOS],26595.415781259537,42
13.2,O=C(c1ccc2c(=O)n3c(nc2c1)CCCCC3)N(Cc1cccc(C(F)(F)F)c1)c1ccccn1,[BOS]O=C(c1ccc2c(=O)n3c(nc2c1)CCCCC3)N(Cc1cccc(C(F)(F)F)c1)c1ccccn1[EOS],31082.262056350708,42
14.2,O=c1cnc2cccc(-c3ccccc3)c2n1Cc1ccccc1C[NH+]1CCC(=Cc2ccc(F)cc2F)CC1,[BOS]O=c1cnc2cccc(-c3ccccc3)c2n1Cc1ccccc1C[NH+]1CCC(=Cc2ccc(F)cc2F)CC1[EOS],36892.78814649582,42
13.4,c1ccc(-c2cc(NCc3c(OCc4cccnc4)ccc4ccccc34)ccc2-c2ccc(N3CCCC3)cc2)cc1,[BOS]c1ccc(COc2ccc3ccccc3c2CNc2ccc(-c3ccc(N4CCCC4)cc3)c(-c3ccccc3)c2)cn1[EOS],43360.32805776596,42
12.5,Cn1c(C[NH+]2CCN(C(=O)c3ccc4nc(C(F)(F)F)ccc4c3)CC2)cc2ccccc2c1=O,[BOS]Cn1c(C[NH+]2CCN(C(=O)c3ccc4nc(C(F)(F)F)ccc4c3)CC2)cc2ccccc2c1=O[EOS][EOS][EOS][EOS],47987.482194423676,42
13.2,O=C(CCc1ccccc1)Nc1cc(C2CCCCN2C(=O)c2cccc3c2CCCC3)[nH]n1,[BOS]O=C(CCc1ccccc1)Nc1cc([C@@H]2CCCCN2C(=O)c2cccc3c2CCCC3)[nH]n1[EOS],53507.52545237541,42
14.1,CN(Cc1ccccc1NC(=O)NC1c2ccccc2CCC1(C)C)C(=O)c1cc2ccccc2oc1=O,[BOS]CN(Cc1ccccc1NC(=O)N[C@@H]1c2ccccc2CCC1(C)C)C(=O)c1cc2ccccc2oc1=O[EOS],59395.98104596138,42
12.7,Cc1cccn2c(NC(=O)NCC(=O)Nc3cccc4ccccc34)c(-c3ccccc3)nc12,[BOS]Cc1cccn2c(NC(=O)NCC(=O)Nc3cccc4ccccc34)c(-c3ccccc3)nc12[EOS],64447.65952348709,42
13.1,O=C(CCc1c[nH]c2ccccc12)NCC12CCCOC1CCN(C(=O)Cc1ccc3c(c1)CCO3)C2,[BOS]O=C(CCc1c[nH]c2ccccc12)NC[C@@]12CCCO[C@@H]1CCN(C(=O)Cc1ccc3c(c1)CCO3)C2[EOS],6141.686827421188,42
13.0,N#Cc1cc(CC(=O)Nc2cc(C3CCCCN3C(=O)c3ccc4cnccc4c3)[nH]n2)ccc1F,[BOS]N#Cc1cc(CC(=O)Nc2cc([C@H]3CCCCN3C(=O)c3ccc4cnccc4c3)[nH]n2)ccc1F[EOS][EOS][EOS][EOS][EOS][EOS],11529.088185787201,42
12.5,COc1ccc([N+](=O)[O-])cc1C(=O)OCC(O)=Nc1cc(-c2ccc(C)cc2C)nn1-c1cccc(Cl)c1C,[BOS]COc1ccc([N+](=O)[O-])cc1C(=O)OCC(O)=Nc1cc(-c2ccc(C)cc2C)nn1-c1cccc(Cl)c1C[EOS],17463.049431562424,42
13.9,O=C(Nc1cc(C2CCCCN2C(=O)c2cccc(-c3cnccn3)c2)[nH]n1)c1ccc2occ(Cl)c2c1,[BOS]O=C(Nc1cc([C@@H]2CCCCN2C(=O)c2cccc(-c3cnccn3)c2)[nH]n1)c1ccc2occ(Cl)c2c1[EOS][EOS][EOS][EOS][EOS][EOS][EOS][EOS],22990.288103580475,42
13.7,O=C(C1CC(=O)N(c2cccc3ccccc23)C1)N1CCC2(COCc3cnc(-c4ccccc4)nc32)C1,[BOS]O=C([C@H]1CC(=O)N(c2cccc3ccccc23)C1)N1CC[C@]2(COCc3cnc(-c4ccccc4)nc32)C1[EOS],27631.247749328613,42
12.3,O=C(NCC1(c2ccccc2)CC1)C1Cc2ccccc2CN1S(=O)(=O)c1ccc(F)cc1,[BOS]O=C(NCC1(c2ccccc2)CC1)[C@@H]1Cc2ccccc2CN1S(=O)(=O)c1ccc(F)cc1[EOS],32683.202946662903,42
13.3,Cc1ccc(C(=O)NCC23CCCOC2CCN(C(=O)c2ccc4cnccc4c2)C3)c(Cl)c1C,[BOS]Cc1ccc(C(=O)NC[C@@]23CCCO[C@@H]2CCN(C(=O)c2ccc4cnccc4c2)C3)c(Cl)c1C[EOS],38330.76128578186,42
13.6,O=C1Nc2c(cccc2C(=O)N2CCC(C3CCCCN3C(=O)c3ccn[nH]c3=O)CC2)C1=O,[BOS]O=C1Nc2c(cccc2C(=O)N2CCC([C@H]3CCCCN3C(=O)c3ccn[nH]c3=O)CC2)C1=O[EOS],43617.464634895325,42
14.0,Cc1ccccc1C1(CNC(=O)N2CCN(C(=O)c3cccc4ccccc34)CC2)CCOCC1,[BOS]Cc1ccccc1C1(CNC(=O)N2CCN(C(=O)c3cccc4ccccc34)CC2)CCOCC1[EOS],48409.60145115852,42
13.1,CC1CCc2ccccc2C1NC(=O)CN1C(=O)NC(C)(c2cccc3ccccc23)C1=O,[BOS]C[C@@H]1CCc2ccccc2[C@H]1NC(=O)CN1C(=O)N[C@@](C)(c2cccc3ccccc23)C1=O[EOS],52703.866780519485,42
13.0,Cc1ccc(C)c(-c2ccc(F)cc2[NH-])c1-c1ccc(Nc2ccc3nnc(-c4ccc(F)cc4)n3c2)cn1,[BOS]Cc1ccc(C)c(-c2ccc(Nc3ccc4nnc(-c5ccc(F)cc5)n4c3)cn2)c1-c1ccc(F)cc1[NH-][EOS],57149.71114420891,42
14.6,O=c1[nH]c(=O)c2c(=O)[nH]c(C[NH+]3CCC(N4c5ccccc5C4C=Cc4ccc5c(c4)CCCC5)CC3)nc2[nH]1,[BOS]O=c1[nH]c(C[NH+]2CCC(N3c4ccccc4[C@@H]3C=Cc3ccc4c(c3)CCCC4)CC2)nc2[nH]c(=O)[nH]c(=O)c12[EOS],63281.59531879425,42
13.2,O=C(CCc1ccc2ccccc2c1)NC1CC2CCC(C1)N2C(=O)C1CC1c1ccc(F)c(F)c1,[BOS]O=C(CCc1ccc2ccccc2c1)N[C@H]1C[C@H]2CC[C@@H](C1)N2C(=O)[C@H]1C[C@@H]1c1ccc(F)c(F)c1[EOS][EOS][EOS],5557.854928731918,42
13.5,O=C1Nc2ccccc2C1=CC(=O)N1CCC2COC(CNC(=O)c3cc(=O)[nH]c4ccccc34)C2C1,[BOS]O=C(NC[C@@H]1OC[C@@H]2CCN(C(=O)C=C3C(=O)Nc4ccccc43)C[C@@H]21)c1cc(=O)[nH]c2ccccc12[EOS][EOS][EOS][EOS][EOS][EOS][EOS],11342.725137472153,42
12.9,Cc1cc(C)c(C(=O)NC2C3COCC2CN(C(=O)Cc2ccccc2Cc2ccc(F)cc2)C3)c(C)c1,[BOS]Cc1cc(C)c(C(=O)N[C@H]2[C@@H]3COC[C@H]2CN(C(=O)Cc2ccccc2Cc2ccc(F)cc2)C3)c(C)c1[EOS],16363.622965574265,42
12.8,Cc1ccncc1CCC(=O)N1CCCCC1c1cc(NC(=O)c2ccccc2OC(F)(F)F)n[nH]1,[BOS]Cc1ccncc1CCC(=O)N1CCCC[C@@H]1c1cc(NC(=O)c2ccccc2OC(F)(F)F)n[nH]1[EOS],22051.701295375824,42
13.7,Cc1cccc(-n2nnnc2N2CCN(C(=O)CCc3ncc(-c4ccc(C)c(F)c4)c4ncccc34)CC2)c1,[BOS]Cc1ccc(-c2cnc(CCC(=O)N3CCN(c4nnnn4-c4cccc(C)c4)CC3)c3cccnc23)cc1F[EOS],27195.835887670517,42
13.0,Cc1ccc(C(=O)N2CCC(C3CCCCN3C(=O)CC3NC(=O)NC3=O)CC2)c(Cl)c1F,[BOS]Cc1ccc(C(=O)N2CCC([C@@H]3CCCCN3C(=O)C[C@@H]3NC(=O)NC3=O)CC2)c(Cl)c1F[EOS],32423.04327058792,42
13.5,O=C(NCc1cccc(Oc2cccc3ccccc23)c1)C(Cc1c[nH]c2ncccc12)NC(=O)C1Cc2ccccc2C[NH2+]1,[BOS]O=C(NCc1cccc(Oc2cccc3ccccc23)c1)[C@H](Cc1c[nH]c2ncccc12)NC(=O)[C@H]1Cc2ccccc2C[NH2+]1[EOS],39090.90894961357,42
13.5,Cc1cc(C(=O)N2CCC3OCCCC3(CNC(=O)C=C3C(=O)Nc4ccccc43)C2)cc2nccnc12,[BOS]Cc1cc(C(=O)N2CC[C@H]3OCCC[C@@]3(CNC(=O)C=C3C(=O)Nc4ccccc43)C2)cc2nccnc12[EOS],45080.49770402908,42
13.7,O=C(COC(=O)c1c2c(nc3ccccc13)C(=Cc1ccc3c(c1)OCO3)CC2)c1cccc2ccccc12,[BOS]O=C(COC(=O)c1c2c(nc3ccccc13)C(=Cc1ccc3c(c1)OCO3)CC2)c1cccc2ccccc12[EOS],52101.518399477005,42
13.0,Cn1cc2cc(C(=O)NC3CC4CCC(C3)N4C(=O)c3ccc4c(c3)CCCC4=O)ccc2n1,[BOS]Cn1cc2cc(C(=O)N[C@H]3C[C@H]4CC[C@@H](C3)N4C(=O)c3ccc4c(c3)CCCC4=O)ccc2n1[EOS][EOS][EOS][EOS],57498.05919241905,42
13.6,O=C(Nc1cc(C2CCCCN2C(=O)c2cccc(F)c2Cl)[nH]n1)C1Cc2ccccc2C1,[BOS]O=C(Nc1cc([C@@H]2CCCCN2C(=O)c2cccc(F)c2Cl)[nH]n1)C1Cc2ccccc2C1[EOS],62603.66715788841,42
13.2,CC(=O)N1CCc2cc(C(=O)NC(c3ccccc3)C3CCCc4ccccc43)ccc21,[BOS]CC(=O)N1CCc2cc(C(=O)N[C@@H](c3ccccc3)[C@H]3CCCc4ccccc43)ccc21[EOS],66364.61807966232,42
12.3,CC(c1nccc2ccccc12)N1CC[NH+](C(C)c2nc(-c3cccc(C(F)(F)F)c3)no2)CC1,[BOS]C[C@H](c1nccc2ccccc12)N1CC[NH+]([C@@H](C)c2nc(-c3cccc(C(F)(F)F)c3)no2)CC1[EOS],5144.851224660873,42
13.1,O=C(Nc1ccc(Cc2ccc(OC(F)(F)F)c(F)c2)cc1-c1cc(F)c(F)c(F)c1)c1ccc(F)c(F)c1,[BOS]O=C(Nc1ccc(Cc2ccc(OC(F)(F)F)c(F)c2)cc1c1cc(F)c(F)c(F)c1)c1ccc(F)c(F)c1[EOS],10523.931267499924,42
14.9,O=C1CCCc2cc(C(=O)N3CCCCC3c3cc(NC(=O)c4cc(=O)[nH]c5ccccc45)n[nH]3)ccc21,[BOS]O=C(Nc1cc([C@H]2CCCCN2C(=O)c2ccc3c(c2)CCCC3=O)[nH]n1)c1cc(=O)[nH]c2ccccc12[EOS],15760.520169258118,42
11.8,CN1CC(C(=O)Nc2cc(Cl)ccc2NS(=O)(=O)c2ccccc2F)c2ccccc2C1=O,[BOS]CN1C[C@H](C(=O)Nc2cc(Cl)ccc2NS(=O)(=O)c2ccccc2F)c2ccccc2C1=O[EOS][EOS][EOS][EOS][EOS][EOS][EOS][EOS],20044.80445098877,42
12.0,Cc1ccc(-n2[nH]cc3c(=O)nc(SCC(=O)Nc4oc(C)c5c(C)n[nH]c(=O)c45)nc2-3)cc1C,[BOS]Cc1n[nH]c(=O)c2c(NC(=O)CSc3nc4n(-c5ccc(C)c(C)c5)[nH]cc-4c(=O)n3)oc(C)c12[EOS][EOS][EOS][EOS][EOS],24982.86164665222,42
13.7,CC(=O)Nc1cc(C(=O)N2CCC(C3CCCCN3C(=O)c3[nH]nc4c3CCC4C)CC2)ccc1C,[BOS]CC(=O)Nc1cc(C(=O)N2CCC([C@H]3CCCCN3C(=O)c3[nH]nc4c3CC[C@H]4C)CC2)ccc1C[EOS],30416.24989271164,42
13.7,c1cnc2c(-c3noc(CCC4CC5(CC[NH2+]CC5)c5cc(OC6CC7(CC[NH2+]C7)C6)ccc54)n3)cccc2c1,[BOS]c1cnc2c(-c3noc(CCC4CC5(CC[NH2+]CC5)c5cc(OC6CC7(CC[NH2+]C7)C6)ccc54)n3)cccc2c1[EOS][EOS][EOS][EOS],35025.07003426552,42
13.1,O=C(CCn1[nH]c(=O)c2ccccc2c1=O)NC1(O)C=Cc2ccccc2C1c1c(O)ccc2ccccc12,[BOS]O=C(CCn1[nH]c(=O)c2ccccc2c1=O)N[C@]1(O)C=Cc2ccccc2[C@@H]1c1c(O)ccc2ccccc12[EOS][EOS][EOS][EOS][EOS][EOS][EOS][EOS],41288.1280734539,42
12.7,Cc1c(NC(=O)NC2c3cccc(F)c3CCC2C)ncnc1N1CCc2ccccc2C1,[BOS]Cc1c(NC(=O)N[C@@H]2c3cccc(F)c3CC[C@H]2C)ncnc1N1CCc2ccccc2C1[EOS],45548.85306048393,42
12.2,O=C(NC1CC=C(c2ccc(F)cc2)CC1)C1CC(=O)N(c2cccc3ccccc23)C1,[BOS]O=C(N[C@@H]1CC=C(c2ccc(F)cc2)CC1)[C@@H]1CC(=O)N(c2cccc3ccccc23)C1[EOS][EOS][EOS][EOS][EOS][EOS][EOS][EOS],49984.365273714066,42
12.8,O=C(CCc1nnc(-c2ccc(Cl)cc2)o1)N1CCCCCC1C1CC[NH+](Cc2ccccc2)CC1,[BOS]O=C(CCc1nnc(-c2ccc(Cl)cc2)o1)N1CCCCC[C@H]1C1CC[NH+](Cc2ccccc2)CC1[EOS],56165.40194225311,42
13.0,Cc1cccn2ncc(C(=O)N3CCOC4(COCCN(C(=O)Cc5c[nH]c6ccccc56)C4)C3)c12,[BOS]Cc1cccn2ncc(C(=O)N3CCO[C@]4(COCCN(C(=O)Cc5c[nH]c6ccccc56)C4)C3)c12[EOS],60637.55240941048,42
12.9,O=C1CC(C(=O)N2CCCCC2C2CCN(C(=O)c3ccc4c(c3)COC4)CC2)CN1,[BOS]O=C1C[C@@H](C(=O)N2CCCC[C@@H]2C2CCN(C(=O)c3ccc4c(c3)COC4)CC2)CN1[EOS],5082.9551639556885,42
16.1,Fc1ccc(-c2cc(-c3[nH]c4ccccc4c3-c3cc[nH]n3)cc(-c3cccc4ncccc34)c2)c(F)c1F,[BOS]Fc1ccc(-c2cc(-c3cccc4ncccc34)cc(-c3[nH]c4ccccc4c3-c3cc[nH]n3)c2)c(F)c1F[EOS],10062.47263288498,42
13.6,O=C1CC(C(=O)Nc2ccc(C3(NC(=O)c4cccc5cnccc45)CCC3)cc2)=Cc2ccccc2N1,[BOS]O=C(Nc1ccc(C2(NC(=O)c3cccc4cnccc34)CCC2)cc1)C1=Cc2ccccc2NC(=O)C1[EOS],15889.854897022247,42
13.3,O=C(Nc1cccc(-c2ccccc2)n1)C1CCN(c2ccc3nnc(C(F)(F)F)n3n2)CC1,[BOS]O=C(Nc1cccc(-c2ccccc2)n1)C1CCN(c2ccc3nnc(C(F)(F)F)n3n2)CC1[EOS],20438.407377004623,42
13.4,O=C(Nc1cc(-c2cccc(C(F)(F)F)c2)no1)C1Cc2ccccc2CN1C(=O)OCc1ccccc1,[BOS]O=C(Nc1cc(-c2cccc(C(F)(F)F)c2)no1)[C@@H]1Cc2ccccc2CN1C(=O)OCc1ccccc1[EOS],25465.455682992935,42
13.0,O=C(CCCc1ccc2c(c1)-c1ccccc1C2)Nc1nc2ccccc2nc1N1CCOCC(F)(F)C1,[BOS]O=C(CCCc1ccc2c(c1)-c1ccccc1C2)Nc1nc2ccccc2nc1N1CCOCC(F)(F)C1[EOS],31459.144102573395,42
13.9,O=C(NC1CC2CCC(C1)N2C(=O)c1cnnc2ccccc12)c1cccc2cc(C(F)(F)F)ccc12,[BOS]O=C(N[C@H]1C[C@H]2CC[C@@H](C1)N2C(=O)c1cnnc2ccccc12)c1cccc2cc(C(F)(F)F)ccc12[EOS],37095.42920923233,42
14.4,O=C(Nc1cc(C2CCCCN2C(=O)Cc2ccc3ccccc3c2)[nH]n1)c1n[nH]c2ccc(F)cc12,[BOS]O=C(Nc1cc([C@@H]2CCCCN2C(=O)Cc2ccc3ccccc3c2)[nH]n1)c1n[nH]c2ccc(F)cc12[EOS],43230.65553474426,42
13.6,Cc1c(C)c(NC(=O)c2cn3c4c(cc(F)cc4c2=O)CC2(CCCC2O)C3)c2ocnc2c1O,[BOS]Cc1c(C)c(NC(=O)c2cn3c4c(cc(F)cc4c2=O)C[C@]2(CCC[C@H]2O)C3)c2ocnc2c1O[EOS],47615.6353828907,42
12.3,Cc1ccc(C(C)C(=O)N2CCOC3(CCN(C(=O)c4cccc5ccccc45)C3)C2)cc1,[BOS]Cc1ccc([C@@H](C)C(=O)N2CCO[C@]3(CCN(C(=O)c4cccc5ccccc45)C3)C2)cc1[EOS],52045.27847242355,42
13.3,O=C(NCc1ccccc1Cl)c1ccc(F)c(Nc2ccccc2NC(=O)c2cccc(C(F)(F)F)c2Cl)c1,[BOS]O=C(Nc1ccccc1Nc1cc(C(=O)NCc2ccccc2Cl)ccc1F)c1cccc(C(F)(F)F)c1Cl[EOS],58367.56850028038,42
14.3,O=C(NC(Cc1cc2ccccc2[nH]1)c1nc(-c2cc(C(F)(F)F)cc3c2OCC3)no1)c1ccc(F)cc1F,[BOS]O=C(NC(Cc1cc2ccccc2[nH]1)c1nc(-c2cc(C(F)(F)F)cc3c2OCC3)no1)c1ccc(F)cc1F[EOS],63962.29986023903,42
13.4,Cc1ccc(CCC(=O)Nc2cc(C3CCCCN3C(=O)C(=O)c3ccccc3)[nH]n2)c2ccccc12,[BOS]Cc1ccc(CCC(=O)Nc2cc([C@@H]3CCCCN3C(=O)C(=O)c3ccccc3)[nH]n2)c2ccccc12[EOS],6239.4519765377045,42
11.5,Cc1oc2nc(C[NH2+]C(C)(c3ccccc3)c3ccccc3)nc(N)c2c1C,[BOS]Cc1oc2nc(C[NH2+]C(C)(c3ccccc3)c3ccccc3)nc(N)c2c1C[EOS],10807.160127401352,42
14.4,O=C(Nc1ccc2oc(=O)ccc2c1)c1cc(-c2ccc3c(c2)OCCO3)nc2c1cnn2Cc1cccc(F)c1F,[BOS]O=C(Nc1ccc2oc(=O)ccc2c1)c1cc(-c2ccc3c(c2)OCCO3)nc2c1cnn2Cc1cccc(F)c1F[EOS],15210.117642641068,42
12.9,Cc1ccc(CC(=O)N2C3CCC2CC(NC(=O)c2ccc4n[nH]c(Br)c4c2)C3)cc1C,[BOS]Cc1ccc(CC(=O)N2[C@@H]3CC[C@H]2C[C@@H](NC(=O)c2ccc4n[nH]c(Br)c4c2)C3)cc1C[EOS],20510.08739376068,42
12.3,O=C(NC(C(=O)Nc1ccccc1)C1CCCCCC1)c1ccc(=O)n(-c2cccc(F)c2)c1,[BOS]O=C(N[C@H](C(=O)Nc1ccccc1)C1CCCCCC1)c1ccc(=O)n(-c2cccc(F)c2)c1[EOS],25393.0002720356,42
12.9,O=C(Cc1cc2cccnc2cc1F)Nc1cc(C2CCCCN2C(=O)c2ccc3n[nH]nc3c2)[nH]n1,[BOS]O=C(Cc1cc2cccnc2cc1F)Nc1cc([C@@H]2CCCCN2C(=O)c2ccc3n[nH]nc3c2)[nH]n1[EOS][EOS][EOS][EOS][EOS][EOS],30884.25462293625,42
13.3,Cc1cc(C)c(NC(=O)c2ccc(OC3C=CCc4c3oc3ccccc43)c(C(O)(C(F)(F)F)C(F)(F)F)c2)c(C)c1,[BOS]Cc1cc(C)c(NC(=O)c2ccc(O[C@H]3C=CCc4c3oc3ccccc43)c(C(O)(C(F)(F)F)C(F)(F)F)c2)c(C)c1[EOS],36094.25849223137,42
12.6,O=C(CCCC(=O)Nc1cccc2ccncc12)Nc1ccccc1C(=O)NCc1ccc2c(c1)OCO2,[BOS]O=C(CCCC(=O)Nc1cccc2ccncc12)Nc1ccccc1C(=O)NCc1ccc2c(c1)OCO2[EOS],42609.74253344536,42
12.6,COCc1c(C(=O)C=Cc2c3c(nc4ccccc24)CC[NH+](Cc2ccccc2)C3)oc2ccccc12,[BOS]COCc1c(C(=O)C=Cc2c3c(nc4ccccc24)CC[NH+](Cc2ccccc2)C3)oc2ccccc12[EOS][EOS][EOS][EOS],48084.20862054825,42
13.8,NC(=[NH+]C(=O)c1cccc2c1ccn2S(=O)(=O)c1ccccc1)c1cccc2ccccc12,[BOS]NC(=[NH+]C(=O)c1cccc2c1ccn2S(=O)(=O)c1ccccc1)c1cccc2ccccc12[EOS],53002.60685300827,42
13.0,O=c1c2cc(F)ccc2c(F)cn1C(O)(CNc1ncc2ccc(Cl)cc2n1)c1cnn2ccc(Cl)nc12,[BOS]O[C@](CNc1ncc2ccc(Cl)cc2n1)(c1cnn2ccc(Cl)nc12)n1cc(F)c2ccc(F)cc2c1=O[EOS],58522.73862171173,42
13.5,O=C(NCC1OCC2CCN(C(=O)c3ccc4c(c3)CCCC4=O)CC21)c1ccc2c(c1)C(=O)CCC2,[BOS]O=C(NC[C@@H]1OC[C@@H]2CCN(C(=O)c3ccc4c(c3)CCCC4=O)C[C@@H]21)c1ccc2c(c1)C(=O)CCC2[EOS],63794.375519514084,42
11.5,COc1cc(C2(C(=O)N3CCC(C4(C)NC(=O)NC4=O)CC3)CCCC2)ccc1C,[BOS]COc1cc(C2(C(=O)N3CCC([C@@]4(C)NC(=O)NC4=O)CC3)CCCC2)ccc1C[EOS],4379.589900493622,42
13.9,O=C(NCC1CC2c3ccccc3C1c1ccccc12)C(=O)Nc1ccc(F)cc1-c1nn[n-]n1,[BOS]O=C(NC[C@@H]1CC2c3ccccc3C1c1ccccc12)C(=O)Nc1ccc(F)cc1-c1nn[n-]n1[EOS],9383.537118911743,42
12.4,Cc1[nH]c(=O)c(C(=O)N2Cc3ccccc3CC2c2ccccc2)cc1-c1ccccc1,[BOS]Cc1[nH]c(=O)c(C(=O)N2Cc3ccccc3C[C@@H]2c2ccccc2)cc1-c1ccccc1[EOS],13745.257822751999,42
13.5,O=C(NCCC(=O)N1CCCCC1C1CCN(C(=O)c2n[nH]c3ccc(F)cc23)CC1)c1ccccc1,[BOS]O=C(NCCC(=O)N1CCCC[C@@H]1C1CCN(C(=O)c2n[nH]c3ccc(F)cc23)CC1)c1ccccc1[EOS],20398.983454227448,42
13.4,O=C(Cc1ccc2ncccc2c1)NC1(c2ccc(NC(=O)C3(c4ccc(O)cc4)CC3)cc2)CCC1,[BOS]O=C(Cc1ccc2ncccc2c1)NC1(c2ccc(NC(=O)C3(c4ccc(O)cc4)CC3)cc2)CCC1[EOS][EOS][EOS][EOS][EOS][EOS][EOS][EOS],27160.93043065071,42
12.4,O=C(C[NH+]1CCCCC1)N1CCC(C2CCCCN2C(=O)C2CCc3[nH]c(=O)[nH]c(=O)c3C2)CC1,[BOS]O=C(C[NH+]1CCCCC1)N1CCC([C@@H]2CCCCN2C(=O)[C@@H]2CCc3[nH]c(=O)[nH]c(=O)c3C2)CC1[EOS],32627.22727584839,42
13.5,O=C(Nc1cc(C2CCCCN2C(=O)c2nc3c(=O)[nH]c4ccccc4n3n2)[nH]n1)c1c(F)cccc1F,[BOS]O=C(Nc1cc([C@H]2CCCCN2C(=O)c2nc3c(=O)[nH]c4ccccc4n3n2)[nH]n1)c1c(F)cccc1F[EOS][EOS][EOS][EOS][EOS][EOS][EOS][EOS],37502.50097513199,42
13.2,CC(C)C(NC(=O)Cc1ccc2ccccc2c1)c1nc(-c2cn3c4c(cc(F)cc4c2=O)CCC3C)no1,[BOS]CC(C)[C@H](NC(=O)Cc1ccc2ccccc2c1)c1nc(-c2cn3c4c(cc(F)cc4c2=O)CC[C@H]3C)no1[EOS],43904.23360800743,42
12.0,O=C(NCCC(c1ccccc1)C(F)(F)F)NC1(c2cccc(-c3nn[n-]n3)c2)CC1,[BOS]O=C(NCC[C@H](c1ccccc1)C(F)(F)F)NC1(c2cccc(-c3nn[n-]n3)c2)CC1[EOS],48768.826570510864,42
12.9,Cc1cc(C(=O)N2CCC3COC(CNC(=O)c4ccc(-n5cccn5)nc4)C3C2)nc2ccccc12,[BOS]Cc1cc(C(=O)N2CC[C@H]3CO[C@@H](CNC(=O)c4ccc(-n5cccn5)nc4)[C@H]3C2)nc2ccccc12[EOS],54036.26597547531,42
13.5,Cc1c(C(=O)NCC23CCCOC2CCN(C(=O)c2csc4c2CCCC4)C3)ccc2ccccc12,[BOS]Cc1c(C(=O)NC[C@@]23CCCO[C@@H]2CCN(C(=O)c2csc4c2CCCC4)C3)ccc2ccccc12[EOS],60041.10079073906,42
12.2,CC1CC(C)C[NH+](Cc2ccccc2CNC(=O)c2cnn(-c3ccccn3)c2C(F)(F)F)C1,[BOS]C[C@@H]1C[C@H](C)C[NH+](Cc2ccccc2CNC(=O)c2cnn(-c3ccccn3)c2C(F)(F)F)C1[EOS],64810.2217104435,42
13.0,CC(C(=O)N1CCCCC1c1cc(NC(=O)c2c[nH+]c3cccc(F)n23)n[nH]1)n1ccccc1=O,[BOS]C[C@@H](C(=O)N1CCCC[C@@H]1c1cc(NC(=O)c2c[nH+]c3cccc(F)n23)n[nH]1)n1ccccc1=O[EOS][EOS][EOS][EOS][EOS],5176.028191328049,42
13.2,O=C(NCc1cc(=O)oc2cc3c(cc12)OCO3)NC(c1ccccc1)c1ccc2nc(C(F)(F)F)[nH]c2c1,[BOS]O=C(NCc1cc(=O)oc2cc3c(cc12)OCO3)N[C@@H](c1ccccc1)c1ccc2nc(C(F)(F)F)[nH]c2c1[EOS],10508.229722261429,42
12.8,O=C1COc2ccc(C(=O)NCC3OCC4CCN(C(=O)c5cc(=O)c6ccccc6o5)CC43)cc2N1,[BOS]O=C1COc2ccc(C(=O)NC[C@@H]3OC[C@@H]4CCN(C(=O)c5cc(=O)c6ccccc6o5)C[C@@H]43)cc2N1[EOS],16539.555814266205,42
13.0,Cc1ccc(CCC(=O)N2CCCCC2C2CCN(C(=O)C3CCc4[nH]c(=O)[nH]c(=O)c4C3)CC2)cc1F,[BOS]Cc1ccc(CCC(=O)N2CCCC[C@@H]2C2CCN(C(=O)[C@@H]3CCc4[nH]c(=O)[nH]c(=O)c4C3)CC2)cc1F[EOS][EOS][EOS][EOS][EOS][EOS][EOS],22236.88638806343,42
12.9,Cc1ccc(-n2nc(C(=O)Nc3ccccc3Nc3c(F)cccc3F)c3c2CCC3)cc1C(F)(F)F,[BOS]Cc1ccc(-n2nc(C(=O)Nc3ccccc3Nc3c(F)cccc3F)c3c2CCC3)cc1C(F)(F)F[EOS],27527.35977101326,42
13.2,Cc1nc2ccccn2c1C(=O)Nc1ccc(C2(NC(=O)c3ccc(C)c4ncccc34)CCC2)cc1,[BOS]Cc1ccc(C(=O)NC2(c3ccc(NC(=O)c4c(C)nc5ccccn45)cc3)CCC2)c2cccnc12[EOS],33141.87719416618,42
12.9,O=C(NCc1ccccc1)C(c1ccccc1)[NH+]1CCN(C(=O)NCC2Cc3ccccc3CO2)CC1,[BOS]O=C(NC[C@H]1Cc2ccccc2CO1)N1CC[NH+]([C@H](C(=O)NCc2ccccc2)c2ccccc2)CC1[EOS],38856.37803387642,42
13.9,O=C1COc2cc(NC(=O)C(Cc3c[nH]c4ccccc34)NC(=O)c3ccc4ccccc4c3)cc(Cl)c2N1,[BOS]O=C1COc2cc(NC(=O)[C@H](Cc3c[nH]c4ccccc34)NC(=O)c3ccc4ccccc4c3)cc(Cl)c2N1[EOS],44690.026886701584,42
13.9,Cn1cc2cc(C(=O)N3CCCCC3c3cc(NC(=O)c4cccc5ncccc45)n[nH]3)ccc2n1,[BOS]Cn1cc2cc(C(=O)N3CCCC[C@@H]3c3cc(NC(=O)c4cccc5ncccc45)n[nH]3)ccc2n1[EOS],50095.978444337845,42
11.7,N#CC(c1ccc(N2C(C#N)Cc3ccccc3C2(F)F)nn1)c1ccccc1F,[BOS]N#C[C@@H](c1ccc(N2[C@H](C#N)Cc3ccccc3C2(F)F)nn1)c1ccccc1F[EOS],54758.86741876602,42
12.6,Cc1cccc(C2(CNC(=O)C3=NN(c4cc(C)ccc4C)C(=O)CC3)CCC3(CC2)OCCO3)c1,[BOS]Cc1cccc(C2(CNC(=O)C3=NN(c4cc(C)ccc4C)C(=O)CC3)CCC3(CC2)OCCO3)c1[EOS][EOS][EOS][EOS][EOS][EOS][EOS][EOS],59851.34228563309,42
12.8,CC(=O)N(c1nc(CN2CCc3[nH]c4c(F)cccc4c3C2c2cccn(-c3ccccn3)c2=O)cs1)C1CC1,[BOS]CC(=O)N(c1nc(CN2CCc3[nH]c4c(F)cccc4c3C2c2cccn(-c3ccccn3)c2=O)cs1)C1CC1[EOS][EOS][EOS][EOS],64216.747101306915,42
14.1,CN1C(=O)c2ccc(NC(=O)Cn3c(-c4ccc5ccccc5c4)cc4ccccc4c3=O)cc2C1=O,[BOS]CN1C(=O)c2ccc(NC(=O)Cn3c(-c4ccc5ccccc5c4)cc4ccccc4c3=O)cc2C1=O[EOS],5136.763092517853,42
13.2,COc1ccc2c(CC(=O)NCC34CCCOC3CCN(C(=O)c3cccc5ccccc35)C4)c[nH]c2c1,[BOS]COc1ccc2c(CC(=O)NC[C@@]34CCCO[C@@H]3CCN(C(=O)c3cccc5ccccc35)C4)c[nH]c2c1[EOS],12076.932364225388,42
13.5,O=C(NC(c1ccc2c(c1)CCCO2)c1ccc2ccccc2c1)c1ccc(N2CCCC2)nc1,[BOS]O=C(N[C@H](c1ccc2c(c1)CCCO2)c1ccc2ccccc2c1)c1ccc(N2CCCC2)nc1[EOS],17031.035093545914,42
13.5,CC(NC(=O)c1ccccc1)C(=O)N1CCCCC1c1cc(NC(=O)C2CCc3ccccc32)n[nH]1,[BOS]C[C@H](NC(=O)c1ccccc1)C(=O)N1CCCC[C@@H]1c1cc(NC(=O)[C@@H]2CCc3ccccc32)n[nH]1[EOS],22473.67007780075,42
13.0,O=C(NCC1OCC2CCN(C(=O)CC3OCCc4ccccc43)CC21)C1CCc2ccccc2C1,[BOS]O=C(NC[C@@H]1OC[C@@H]2CCN(C(=O)C[C@@H]3OCCc4ccccc43)C[C@@H]21)[C@H]1CCc2ccccc2C1[EOS],28703.849954366684,42
13.5,O=C1CCCc2[nH]c(=O)c(C(=O)Nc3c(-c4ccccc4)ccc4ccccc34)cc21,[BOS]O=C1CCCc2[nH]c(=O)c(C(=O)Nc3c(-c4ccccc4)ccc4ccccc34)cc21[EOS],32917.84295320511,42
14.2,Cc1cc(-c2noc(C(c3cc4ccccc4[nH]3)[NH+]3CCc4ccccc4C3)n2)nc2ccccc12,[BOS]Cc1cc(-c2noc([C@H](c3cc4ccccc4[nH]3)[NH+]3CCc4ccccc4C3)n2)nc2ccccc12[EOS],38267.95342683792,42
13.4,O=C(CCc1c[nH]c2ccccc12)NCC12CCCOC1CCN(C(=O)C1CCCC3CCCCC31)C2,[BOS]O=C(CCc1c[nH]c2ccccc12)NC[C@@]12CCCO[C@@H]1CCN(C(=O)[C@@H]1CCC[C@H]3CCCC[C@@H]31)C2[EOS],45412.49764633179,42
12.5,CC(NC(=O)COC(=O)c1cc(=O)[nH]c2cc(F)ccc12)c1ccc2ccccc2c1,[BOS]C[C@@H](NC(=O)COC(=O)c1cc(=O)[nH]c2cc(F)ccc12)c1ccc2ccccc2c1[EOS],50381.445942640305,42
12.9,Cc1ccccc1NCC(=O)N1CCCCC1c1cc(NC(=O)C2CC2c2ccc(F)c(F)c2)n[nH]1,[BOS]Cc1ccccc1NCC(=O)N1CCCC[C@@H]1c1cc(NC(=O)[C@@H]2C[C@H]2c2ccc(F)c(F)c2)n[nH]1[EOS],56050.06003713608,42
13.8,O=C(NC1CC2CCC(C1)N2C(=O)c1cnnc2ccccc12)c1cccc2cc(C(F)(F)F)ccc12,[BOS]O=C(N[C@H]1C[C@H]2CC[C@@H](C1)N2C(=O)c1cnnc2ccccc12)c1cccc2cc(C(F)(F)F)ccc12[EOS],61037.28326153755,42
12.2,O=C(CC(=O)N1CCC2OCCCC2(CNC(=O)c2ccc(C3OCCO3)cc2)C1)Nc1ccc(F)cc1,[BOS]O=C(CC(=O)N1CC[C@H]2OCCC[C@@]2(CNC(=O)c2ccc(C3OCCO3)cc2)C1)Nc1ccc(F)cc1[EOS][EOS][EOS][EOS][EOS][EOS][EOS][EOS],66414.38936567307,42
12.3,COc1cc(Cl)ccc1CC(=O)NC1(c2ccc(NC(=O)c3c(C)nc4ccc(F)cn34)cc2)CCC1,[BOS]COc1cc(Cl)ccc1CC(=O)NC1(c2ccc(NC(=O)c3c(C)nc4ccc(F)cn34)cc2)CCC1[EOS][EOS][EOS][EOS][EOS][EOS][EOS][EOS],6050.694356203079,42
12.4,Nc1ncnc2cc(C(=O)N3Cc4ccccc4-c4cc(F)ccc4C3)ccc12,[BOS]Nc1ncnc2cc(C(=O)N3Cc4ccccc4-c4cc(F)ccc4C3)ccc12[EOS],10091.102631568909,42
13.6,O=C1CC(c2nc(-c3cccc4ccccc34)no2)CN1c1ccc2c(c1)nc1ccccn12,[BOS]O=C1CC(c2nc(-c3cccc4ccccc34)no2)CN1c1ccc2c(c1)nc1ccccn12[EOS],14713.934957504272,42
12.8,CC1Cc2cc(F)ccc2C(C)N1C(=O)Nc1ccc2c(c1)CCC(=O)N2Cc1ccc(Cl)cc1,[BOS]C[C@@H]1c2ccc(F)cc2C[C@@H](C)N1C(=O)Nc1ccc2c(c1)CCC(=O)N2Cc1ccc(Cl)cc1[EOS][EOS][EOS][EOS],18624.514392852783,42
14.2,O=C(Nc1cc(C2CCCCN2C(=O)Cc2ccc3ncccc3c2)[nH]n1)C1Cc2ccccc2C1,[BOS]O=C(Nc1cc([C@@H]2CCCCN2C(=O)Cc2ccc3ncccc3c2)[nH]n1)C1Cc2ccccc2C1[EOS],24527.248662233353,42
12.2,Cc1cc(C)c(-c2noc(C3CCN(c4ncnc5ccccc45)CC3)n2)cn1,[BOS]Cc1cc(C)c(-c2noc(C3CCN(c4ncnc5ccccc45)CC3)n2)cn1[EOS],28838.41071844101,42
14.2,C1=Cc2cc3oc(-c4ccccc4Oc4cccc(C5Nc6ccccc6-c6nc7ccccc7n65)c4)nc3cc2CC1,[BOS]c1ccc(Oc2cccc([C@@H]3Nc4ccccc4-c4nc5ccccc5n43)c2)c(-c2nc3cc4c(cc3o2)C=CCC4)c1[EOS],34570.187081336975,42
12.3,O=C1CCC(c2cccc(NC(=O)Nc3cc(-c4cc(F)cc(F)c4)[nH]n3)c2)N1,[BOS]O=C1CC[C@H](c2cccc(NC(=O)Nc3cc(-c4cc(F)cc(F)c4)[nH]n3)c2)N1[EOS],39415.81427049637,42
14.0,O=C(Nc1ccc2nc3n(c(=O)c2c1)CCC3)c1cc(-c2ccc3c(c2)OCCO3)nc2ccccc12,[BOS]O=C(Nc1ccc2nc3n(c(=O)c2c1)CCC3)c1cc(-c2ccc3c(c2)OCCO3)nc2ccccc12[EOS][EOS][EOS][EOS][EOS][EOS][EOS],43888.77317619324,42
13.1,O=C1CC(c2nc(Cc3c[nH]c4cc(F)ccc34)no2)CN1c1ccc2c(c1)Cc1ccccc1-2,[BOS]O=C1C[C@@H](c2nc(Cc3c[nH]c4cc(F)ccc34)no2)CN1c1ccc2c(c1)Cc1ccccc1-2[EOS],48826.289910793304,42
12.1,Cc1cc(NC(=O)NCc2cc([N+](=O)[O-])cc(C(F)(F)F)c2)nn1-c1ccc(F)cc1F,[BOS]Cc1cc(NC(=O)NCc2cc([N+](=O)[O-])cc(C(F)(F)F)c2)nn1-c1ccc(F)cc1F[EOS],53709.98793697357,42
14.1,O=C(Nc1ccc2c(c1)Cc1ccccc1-2)c1cccc(COc2ccc(-c3ccccc3F)c3ccccc23)c1,[BOS]O=C(Nc1ccc2c(c1)Cc1ccccc1-2)c1cccc(COc2ccc(-c3ccccc3F)c3ccccc23)c1[EOS][EOS][EOS][EOS][EOS],58094.22887778282,42
12.8,CC(C[NH+]1CCCC(c2nnc3n2CCCCC3)C1)c1cccc2ccccc12,[BOS]C[C@H](C[NH+]1CCC[C@@H](c2nnc3n2CCCCC3)C1)c1cccc2ccccc12[EOS],4421.799267053604,42
13.5,O=C1CCC(c2nc(-c3cccc4ccccc34)no2)C(c2ccccc2)N1Cc1cccc(C(F)(F)F)c1,[BOS]O=C1CC[C@H](c2nc(-c3cccc4ccccc34)no2)[C@@H](c2ccccc2)N1Cc1cccc(C(F)(F)F)c1[EOS],9529.85140323639,42
14.5,Cc1c(C(=O)N2CCOC3(COCCN(C(=O)Cc4ccc5ccccc5c4)C3)C2)ccc2c1OCCO2,[BOS]Cc1c(C(=O)N2CCO[C@]3(COCCN(C(=O)Cc4ccc5ccccc5c4)C3)C2)ccc2c1OCCO2[EOS],14655.342716932297,42
13.0,Cc1cccc2c(C(=O)Nc3cc(C4CCCCN4C(=O)Cc4c[nH]c5ccccc45)[nH]n3)[nH]nc12,[BOS]Cc1cccc2c(C(=O)Nc3cc([C@@H]4CCCCN4C(=O)Cc4c[nH]c5ccccc45)[nH]n3)[nH]nc12[EOS][EOS][EOS][EOS][EOS],19643.36087179184,42
13.1,Cc1cc(C)cc(C(=O)N2CCC(C3CCCCN3C(=O)c3cc(-c4ccccc4Cl)n[nH]3)CC2)c1,[BOS]Cc1cc(C)cc(C(=O)N2CCC([C@@H]3CCCCN3C(=O)c3cc(-c4ccccc4Cl)n[nH]3)CC2)c1[EOS],24630.840635061264,42
15.2,O=C(Nc1n[nH]c2cccc(F)c12)c1c2c(nc3ccccc13)C(=Cc1cccc([N+](=O)[O-])c1)CC2,[BOS]O=C(Nc1n[nH]c2cccc(F)c12)c1c2c(nc3ccccc13)C(=Cc1cccc([N+](=O)[O-])c1)CC2[EOS],29171.449021100998,42
11.9,CN1Cc2c(NC(=O)C(=O)N3CCc4c(Cl)cccc4C3)cccc2C(=O)C1=O,[BOS]CN1Cc2c(NC(=O)C(=O)N3CCc4c(Cl)cccc4C3)cccc2C(=O)C1=O[EOS][EOS][EOS][EOS],33816.64624500275,42
12.9,CC(NC(=O)N1CC=C(c2cccc3ccccc23)CC1)C1C[NH+](Cc2ccccc2)CCO1,[BOS]C[C@@H](NC(=O)N1CC=C(c2cccc3ccccc23)CC1)[C@H]1C[NH+](Cc2ccccc2)CCO1[EOS],38477.8607172966,42
13.6,C[NH+]1Cc2ccccc2CC1C(=O)NCC12CCCOC1CCN(C(=O)Cc1ccc3ccccc3c1)C2,[BOS]C[NH+]1Cc2ccccc2C[C@@H]1C(=O)NC[C@@]12CCCO[C@@H]1CCN(C(=O)Cc1ccc3ccccc3c1)C2[EOS],44237.14549279213,42
12.5,Cc1cc(NC(=O)C(=O)N2CCCC(c3nc4ccccc4[nH]3)C2)c2ccccc2c1C,[BOS]Cc1cc(NC(=O)C(=O)N2CCC[C@H](c3nc4ccccc4[nH]3)C2)c2ccccc2c1C[EOS],48881.2770512104,42
12.6,Cc1oc2ncnc(NC(=O)c3ccc4c(c3)C(=O)N(c3ccc(F)cc3)C4=O)c2c1C,[BOS]Cc1oc2ncnc(NC(=O)c3ccc4c(c3)C(=O)N(c3ccc(F)cc3)C4=O)c2c1C[EOS],52966.12009000778,42
12.9,O=Cc1ccccc1-c1cncc(C(=O)NCC2OCC3CCN(C(=O)c4ccn5cncc5c4)CC32)c1,[BOS]O=Cc1ccccc1-c1cncc(C(=O)NC[C@@H]2OC[C@@H]3CCN(C(=O)c4ccn5cncc5c4)C[C@@H]32)c1[EOS],58924.914179086685,42
13.1,Cc1cc2cccc(C(=O)Nc3cc(C4CCCCN4C(=O)c4cccc5cnccc45)[nH]n3)c2[nH]1,[BOS]Cc1cc2cccc(C(=O)Nc3cc([C@@H]4CCCCN4C(=O)c4cccc5cnccc45)[nH]n3)c2[nH]1[EOS],5367.294622659683,42
13.3,Fc1ccc2nc(-c3c(F)ccc4c(Cc5nc(C6CCc7ccccc7C6)no5)coc34)[nH]c2c1,[BOS]Fc1ccc2c(Cc3nc([C@H]4CCc5ccccc5C4)no3)coc2c1-c1nc2ccc(F)cc2[nH]1[EOS],9646.56963300705,42
14.5,Cc1ccc(C)c(C2CC(n3c(Cc4cccc(Cl)c4)cc4c(=O)n(-c5cc(F)nc(F)c5)cnc43)C2)c1C,[BOS]Cc1ccc(C)c([C@H]2C[C@@H](n3c(Cc4cccc(Cl)c4)cc4c(=O)n(-c5cc(F)nc(F)c5)cnc43)C2)c1C[EOS],15096.863010644913,42
12.3,COc1ccccc1-c1cccc(NC(=O)CC(NC(=O)c2cccc(C)c2)c2ccccc2)c1,[BOS]COc1ccccc1-c1cccc(NC(=O)C[C@H](NC(=O)c2cccc(C)c2)c2ccccc2)c1[EOS],20018.714707374573,42
13.2,CC(NC(=O)NC1(c2cccc(-c3nn[n-]n3)c2)CC1)c1cccc2ccccc12,[BOS]C[C@@H](NC(=O)NC1(c2cccc(-c3nn[n-]n3)c2)CC1)c1cccc2ccccc12[EOS],24682.365812301636,42
14.3,Cc1ccc2cc(C(=O)NCC34CCCOC3CCN(C(=O)c3nccc5[nH]c6ccccc6c35)C4)ccc2n1,[BOS]Cc1ccc2cc(C(=O)NC[C@@]34CCCO[C@@H]3CCN(C(=O)c3nccc5[nH]c6ccccc6c35)C4)ccc2n1[EOS],30918.679451227188,42
12.5,Cc1cc(N=C2CCC(OC(=O)C(c3ccccc3)c3ccccc3)CC2)c2ccccc2c1,[BOS]Cc1cc(N=C2CCC(OC(=O)C(c3ccccc3)c3ccccc3)CC2)c2ccccc2c1[EOS],35779.64776515961,42
12.0,O=C(NC1CC1)c1cc(N2CCCC(c3[nH]ncc3NC(=O)C3CCCC3)C2)nc2ccccc12,[BOS]O=C(NC1CC1)c1cc(N2CCC[C@H](c3[nH]ncc3NC(=O)C3CCCC3)C2)nc2ccccc12[EOS][EOS][EOS][EOS][EOS][EOS],40592.075476169586,42
13.2,NC(=O)NC(=O)c1cccc(NC(=O)c2cc3ccccc3cc2OCc2cccc(-c3csnn3)c2)c1,[BOS]NC(=O)NC(=O)c1cccc(NC(=O)c2cc3ccccc3cc2OCc2cccc(-c3csnn3)c2)c1[EOS],45738.26317238808,42
12.7,N#Cc1cc(CC(=O)NC2(c3ccc(NC(=O)C4CCCC5CCCCC54)cc3)CCC2)ccc1F,[BOS]N#Cc1cc(CC(=O)NC2(c3ccc(NC(=O)[C@@H]4CCC[C@H]5CCCC[C@H]54)cc3)CCC2)ccc1F[EOS],52253.05851459503,42
12.5,COC(C)(C(=O)NC1CC[NH+](C2CCN(C(=O)c3ccc(=O)oc3)CC2)CC1)c1cccc2ccccc12,[BOS]CO[C@@](C)(C(=O)NC1CC[NH+](C2CCN(C(=O)c3ccc(=O)oc3)CC2)CC1)c1cccc2ccccc12[EOS][EOS][EOS][EOS][EOS][EOS],58296.91957473755,42
15.7,O=C(Oc1ccc2ccc3ccccc3c2c1)c1cc(O)c2c(c1Br)C(=O)c1cc3ccccc3cc1C2=O,[BOS]O=C(Oc1ccc2ccc3ccccc3c2c1)c1cc(O)c2c(c1Br)C(=O)c1cc3ccccc3cc1C2=O[EOS],63128.78688287735,42
12.6,Cc1ccc(C(=O)NC2(c3ccc(NC(=O)c4cccc5cn[nH]c45)cc3)CCC2)cc1C(F)(F)F,[BOS]Cc1ccc(C(=O)NC2(c3ccc(NC(=O)c4cccc5cn[nH]c45)cc3)CCC2)cc1C(F)(F)F[EOS],5569.792785406113,42
13.5,Cc1c(C(=O)NCC23CCCOC2CCN(C(=O)c2[nH]nc4c(C)cccc24)C3)ccc2c1OCCO2,[BOS]Cc1c(C(=O)NC[C@@]23CCCO[C@@H]2CCN(C(=O)c2[nH]nc4c(C)cccc24)C3)ccc2c1OCCO2[EOS],11657.403237342834,42
14.2,Cn1ccc2cc(-c3nc(-c4ccccc4-c4ccc5c(c4)CCC5)no3)c3ccccc3c2c1=O,[BOS]Cn1ccc2cc(-c3nc(-c4ccccc4-c4ccc5c(c4)CCC5)no3)c3ccccc3c2c1=O[EOS],16083.238171577454,42
12.5,Cc1ccc(C(=O)Nc2cccc(CNC(=O)c3ccc4c(c3)CC(c3ccccc3)OC4=O)c2)cc1,[BOS]Cc1ccc(C(=O)Nc2cccc(CNC(=O)c3ccc4c(c3)C[C@H](c3ccccc3)OC4=O)c2)cc1[EOS],21436.081267118454,42
13.1,O=C(c1ccc2ncc(-c3ccccc3)nc2n1)c1cc(F)cc(Nc2ccc(N3CCOC3)cn2)c1F,[BOS]O=C(c1ccc2ncc(-c3ccccc3)nc2n1)c1cc(F)cc(Nc2ccc(N3CCOC3)cn2)c1F[EOS],26152.159715652466,42
12.7,O=C(CCC(=O)N1CCCCC1C1CCN(C(=O)Cc2c(F)ccc(F)c2F)CC1)N1CCCC1,[BOS]O=C(Cc1c(F)ccc(F)c1F)N1CCC([C@H]2CCCCN2C(=O)CCC(=O)N2CCCC2)CC1[EOS],31384.50465607643,42
13.6,O=C(NCC1CS(=O)(=O)c2ccccc21)NCC1CC2c3ccccc3C1c1ccccc12,[BOS]O=C(NC[C@H]1CS(=O)(=O)c2ccccc21)NC[C@@H]1CC2c3ccccc3C1c1ccccc12[EOS],36975.18798112869,42
14.3,CC(SC1=NC(=Cc2ccc3ccccc3c2)C(=O)N1c1cccc(Cl)c1)C(=O)Nc1ccc2ccccc2c1,[BOS]C[C@@H](SC1=NC(=Cc2ccc3ccccc3c2)C(=O)N1c1cccc(Cl)c1)C(=O)Nc1ccc2ccccc2c1[EOS],43482.64655256271,42
12.5,CC1CC(c2ccc(F)cc2)CN1C(=O)C1(Cc2ccc(C(F)(F)F)cc2)CCS(=O)(=O)CC1,[BOS]C[C@H]1C[C@H](c2ccc(F)cc2)CN1C(=O)C1(Cc2ccc(C(F)(F)F)cc2)CCS(=O)(=O)CC1[EOS],48486.30701994896,42
13.4,O=C(NC1C2Cc3ccccc3C21)C1CCN(S(=O)(=O)c2ccc3ccccc3c2)CC1,[BOS]O=C(N[C@@H]1[C@@H]2Cc3ccccc3[C@@H]21)C1CCN(S(=O)(=O)c2ccc3ccccc3c2)CC1[EOS],53204.84803676605,42
13.8,CC(C(=O)Nc1cc(C2CCCCN2C(=O)c2cnc3c(F)c(F)ccc3c2)[nH]n1)c1ccc(O)cc1,[BOS]C[C@@H](C(=O)Nc1cc([C@H]2CCCCN2C(=O)c2cnc3c(F)c(F)ccc3c2)[nH]n1)c1ccc(O)cc1[EOS],58899.78043079376,42
13.5,Cc1cc(C(=O)N2CCCCC2C2CCN(C(=O)c3[nH]c(=O)n4c3CCCC4)CC2)cc2cn[nH]c12,[BOS]Cc1cc(C(=O)N2CCCC[C@@H]2C2CCN(C(=O)c3[nH]c(=O)n4c3CCCC4)CC2)cc2cn[nH]c12[EOS],63681.46237063408,42
12.5,Cn1nc2c(c1C(=O)NCC13CCCOC1CCN(C(=O)c1noc4c1CCCC4)C3)CCC2,[BOS]Cn1nc2c(c1C(=O)NC[C@@]13CCCO[C@@H]1CCN(C(=O)c1noc4c1CCCC4)C3)CCC2[EOS],5128.2300436496735,42
13.1,O=C1CSc2ncc(C(=O)N3CCCCC3c3cc(NC(=O)C4(c5ccc(O)cc5)CC4)n[nH]3)cc2N1,[BOS]O=C1CSc2ncc(C(=O)N3CCCC[C@H]3c3cc(NC(=O)C4(c5ccc(O)cc5)CC4)n[nH]3)cc2N1[EOS],10175.180081129074,42
13.8,c1ccc(-c2ccc(CN3c4ccccc4CCC3C3CCN(Cc4cncc5ccccc45)CC3)cc2)cc1,[BOS]c1ccc(-c2ccc(CN3c4ccccc4CC[C@@H]3C3CCN(Cc4cncc5ccccc45)CC3)cc2)cc1[EOS],15633.075046777725,42
13.0,Cc1ccncc1CCC(=O)N1CCCCC1C1CCN(C(=O)C2C3Cc4ccccc4C32)CC1,[BOS]Cc1ccncc1CCC(=O)N1CCCC[C@H]1C1CCN(C(=O)[C@@H]2[C@H]3Cc4ccccc4[C@H]32)CC1[EOS],21215.911911725998,42
14.1,O=C(Nc1cc(C2CCCCN2C(=O)c2cc3ccccc3c(=O)[nH]2)[nH]n1)c1ccc2ncc(O)cc2c1,[BOS]O=C(Nc1cc([C@@H]2CCCCN2C(=O)c2cc3ccccc3c(=O)[nH]2)[nH]n1)c1ccc2ncc(O)cc2c1[EOS],26382.136024713516,42
14.4,O=C(Nc1nc(-c2ccc3c(c2)CCO3)cc2c1CC(c1cccnc1)CO2)c1n[nH]c2c1CCc1ccccc1-2,[BOS]O=C(Nc1nc(-c2ccc3c(c2)CCO3)cc2c1CC(c1cccnc1)CO2)c1n[nH]c2c1CCc1ccccc1-2[EOS],31324.91404056549,42
14.2,O=C(NC1CC2CCC(C1)N2C(=O)c1cccc2c1oc1ccccc12)c1[nH]nc2c(Cl)cccc12,[BOS]O=C(N[C@H]1C[C@H]2CC[C@@H](C1)N2C(=O)c1cccc2c1oc1ccccc12)c1[nH]nc2c(Cl)cccc12[EOS],36630.55510830879,42
13.6,O=C(NCC(=O)N1CCCc2ccccc21)c1cc(-c2ccncc2)nc2ccn(Cc3ccccc3)c12,[BOS]O=C(NCC(=O)N1CCCc2ccccc21)c1cc(-c2ccncc2)nc2ccn(Cc3ccccc3)c12[EOS],42511.770856142044,42
13.2,Cc1nc2ccccc2c(-c2ccccc2)c1CCc1nc(C2CCCO2)n(-c2ccc3c(c2)CC(=O)N3C)n1,[BOS]Cc1nc2ccccc2c(-c2ccccc2)c1CCc1nc([C@@H]2CCCO2)n(-c2ccc3c(c2)CC(=O)N3C)n1[EOS],48368.85483980179,42
12.2,O=C(COc1ccc(C(=O)N2CC(c3nc4ccccc4[nH]3)C2)cc1)Nc1cccc(C(F)(F)F)c1,[BOS]O=C(COc1ccc(C(=O)N2CC(c3nc4ccccc4[nH]3)C2)cc1)Nc1cccc(C(F)(F)F)c1[EOS],54700.85787630081,42
12.9,COc1cc(C)ccc1C(=O)N1CCCCC1C1CCN(C(=O)C2CCc3cccc(OC)c3C2)CC1,[BOS]COc1cc(C)ccc1C(=O)N1CCCC[C@@H]1C1CCN(C(=O)[C@H]2CCc3cccc(OC)c3C2)CC1[EOS],59907.205050230026,42
12.6,COc1ccc(Cl)c(C(=O)N2CCCCC2c2cc(NC(=O)c3onc4ccccc34)n[nH]2)c1,[BOS]COc1ccc(Cl)c(C(=O)N2CCCC[C@H]2c2cc(NC(=O)c3onc4ccccc34)n[nH]2)c1[EOS],64365.58605623245,42
12.6,O=C(NOCC1(c2ccc(F)cc2)CCOC1)c1ccc2[nH]c3c(c2c1)CCNCC3c1ccc(F)cc1F,[BOS]O=C(NOC[C@@]1(-c2ccc(F)cc2)CCOC1)c1ccc2[nH]c3c(c2c1)CCNCC3c1ccc(F)cc1F[EOS],5393.493126153946,42
16.0,Clc1ccccc1CC1N=C(c2cc3ccccc3c3ccccc23)ON=CCCC1=CC1CCCCC12CCCCC2,[BOS]Clc1ccccc1C[C@H]1N=C(c2cc3ccccc3c3ccccc23)ON=CCCC1=C[C@H]1CCCCC12CCCCC2[EOS],11236.08594751358,42
12.7,Cc1nnnn1-c1cc(-n2c(=O)c(C#Cc3ccc4ccccc4c3)nc3ccccc32)cnc1N,[BOS]Cc1nnnn1-c1cc(-n2c(=O)c(C#Cc3ccc4ccccc4c3)nc3ccccc32)cnc1N[EOS][EOS][EOS][EOS][EOS],15721.991858959198,42
12.9,Cc1cc2ncn(C(C(=O)Nc3ccc4ccccc4c3)C(C)(C)[S+]([O-])c3cccc(C(F)(F)F)c3)c2cc1C,[BOS]Cc1cc2ncn([C@H](C(=O)Nc3ccc4ccccc4c3)C(C)(C)[S+]([O-])c3cccc(C(F)(F)F)c3)c2cc1C[EOS][EOS],20767.761100769043,42
13.9,O=C(Cc1ccc2ccccc2c1)NC1(c2ccc(NC(=O)C3(c4ccc(F)cc4)CC3)cc2)CCC1,[BOS]O=C(Cc1ccc2ccccc2c1)NC1(c2ccc(NC(=O)C3(c4ccc(F)cc4)CC3)cc2)CCC1[EOS],27441.586545467377,42
12.0,C[NH+]1CCC(NC(=O)NC2CCOc3c(-c4ccccc4)cccc32)C1c1ccc(F)c(F)c1,[BOS]C[NH+]1CC[C@@H](NC(=O)N[C@H]2CCOc3c(-c4ccccc4)cccc32)[C@@H]1c1ccc(F)c(F)c1[EOS][EOS][EOS][EOS][EOS][EOS][EOS],32170.820229291916,42
12.1,COc1cc(C#N)cc(C(=O)N2CCCCC2c2cc(NC(=O)c3c(C)cccc3F)n[nH]2)c1,[BOS]COc1cc(C#N)cc(C(=O)N2CCCC[C@H]2c2cc(NC(=O)c3c(C)cccc3F)n[nH]2)c1[EOS][EOS][EOS][EOS][EOS][EOS],37768.74102020264,42
12.8,O=C(NS(=O)(=O)C1CCc2ccccc21)c1oc2ccccc2c1CSc1ccc(F)cc1,[BOS]O=C(NS(=O)(=O)[C@H]1CCc2ccccc21)c1oc2ccccc2c1CSc1ccc(F)cc1[EOS],42797.40056657791,42
13.4,CC(C)C1CCc2c(ccc3c2NC(=O)C3=C2C(=O)NOc3cc4c(cc32)CCCC4)C1,[BOS]CC(C)[C@H]1CCc2c(ccc3c2NC(=O)C3=C2C(=O)NOc3cc4c(cc32)CCCC4)C1[EOS],46374.43139863014,42
12.4,O=C(NCC12CCCOC1CCN(C(=O)CNC(=O)c1cccnc1Cl)C2)c1ccc2[nH]ncc2c1,[BOS]O=C(NCC(=O)N1CC[C@H]2OCCC[C@@]2(CNC(=O)c2ccc3[nH]ncc3c2)C1)c1cccnc1Cl[EOS][EOS][EOS][EOS][EOS][EOS],51566.009323596954,42
13.3,O=C(NC(c1cccc2ccccc12)C(F)(F)F)c1nn(-c2ccc(Cl)cc2)c2c1CCCCC2,[BOS]O=C(N[C@H](c1cccc2ccccc12)C(F)(F)F)c1nn(-c2ccc(Cl)cc2)c2c1CCCCC2[EOS],56562.870200634,42
12.1,Cc1cc2cc(NC(=O)NCc3ccccc3C[NH+]3CC(C)CC(C)C3)ccc2[nH]c1=O,[BOS]Cc1cc2cc(NC(=O)NCc3ccccc3C[NH+]3C[C@H](C)C[C@@H](C)C3)ccc2[nH]c1=O[EOS],61290.78534221649,42
13.2,CC1CCc2c1n[nH]c2C(=O)N1CCCCC1c1cc(NC(=O)Cc2cccc(OC(F)(F)F)c2)n[nH]1,[BOS]C[C@@H]1CCc2c1n[nH]c2C(=O)N1CCCC[C@@H]1c1cc(NC(=O)Cc2cccc(OC(F)(F)F)c2)n[nH]1[EOS],5380.7603125572205,42
14.1,O=C(Nc1cc(C2CCCCN2C(=O)CC2CCCc3ccccc32)[nH]n1)C1=C2c3ccccc3C(=O)N2CC1,[BOS]O=C(Nc1cc([C@@H]2CCCCN2C(=O)C[C@H]2CCCc3ccccc32)[nH]n1)C1=C2c3ccccc3C(=O)N2CC1[EOS],11284.535204410553,42
12.5,Cc1cccc(C2=CCN(C(=O)C3=Cc4ccccc4OC(C(F)(F)F)C3)CC2)c1C,[BOS]Cc1cccc(C2=CCN(C(=O)C3=Cc4ccccc4O[C@H](C(F)(F)F)C3)CC2)c1C[EOS],15426.607962846756,42
12.2,O=C1C(Sc2nc(-c3ccccc3)cc(-c3ccccc3)n2)CCCN1Cc1cccc(C(F)(F)F)c1,[BOS]O=C1[C@@H](Sc2nc(-c3ccccc3)cc(-c3ccccc3)n2)CCCN1Cc1cccc(C(F)(F)F)c1[EOS],20259.80552625656,42
14.6,c1ccc(-c2nc3cc(-c4cc5c(ccc6ccccc65)cc4Nc4cc(-c5ccncc5)cs4)ccc3s2)cc1,[BOS]c1ccc2c(c1)ccc1cc(Nc3cc(-c4ccncc4)cs3)c(-c3ccc4sc(-c5ccccc5)nc4c3)cc12[EOS],24653.542411327362,42
13.5,O=C(NCc1c(O)ccc2c1CCCC2)c1cc2c(c3ccccc3n2C(=O)C2CC2)n1Cc1cccc(F)c1Cl,[BOS]O=C(NCc1c(O)ccc2c1CCCC2)c1cc2c(c3ccccc3n2C(=O)C2CC2)n1Cc1cccc(F)c1Cl[EOS][EOS][EOS][EOS],29845.207837820053,42
13.7,O=C(Nc1cc(C2CCCCN2C(=O)c2ccc3occc3c2O)[nH]n1)c1cnc2cccc(Cl)c2c1,[BOS]O=C(Nc1cc([C@H]2CCCCN2C(=O)c2ccc3occc3c2O)[nH]n1)c1cnc2cccc(Cl)c2c1[EOS],35281.80729627609,42
12.6,O=C(NC(COc1ccccc1)c1ccccc1)C1CCN(C(=O)c2cccc3ccccc23)CC1,[BOS]O=C(N[C@@H](COc1ccccc1)c1ccccc1)C1CCN(C(=O)c2cccc3ccccc23)CC1[EOS],40397.297374248505,42
13.1,O=C(c1ccccc1)c1ccccc1-n1cc(C=CS(=O)(=O)c2ccc(F)cc2)c2ccccc21,[BOS]O=C(c1ccccc1)c1ccccc1-n1cc(/C=C/S(=O)(=O)c2ccc(F)cc2)c2ccccc21[EOS],45558.89889860153,42
12.8,O=C(C1CCCc2ccccc21)N1CCCC(c2nnc3ccc(C(F)(F)F)cn23)C1,[BOS]O=C([C@@H]1CCCc2ccccc21)N1CCC[C@H](c2nnc3ccc(C(F)(F)F)cn23)C1[EOS],49468.10367369652,42
12.3,CN(C(=O)Nc1cccc(N2C(=O)CCCC2=O)c1)C1CCCC1c1ccccc1C(F)(F)F,[BOS]CN(C(=O)Nc1cccc(N2C(=O)CCCC2=O)c1)[C@H]1CCC[C@@H]1c1ccccc1C(F)(F)F[EOS],54318.44844889641,42
13.0,CC1Oc2ccccc2OC1C(C)N1C(S)=NC(c2ccccn2)C1c1ccc(-c2cc(Cl)c(O)c(Cl)c2F)o1,[BOS]C[C@H]([C@@H]1Oc2ccccc2O[C@H]1C)N1C(S)=N[C@H](c2ccccn2)[C@H]1c1ccc(-c2cc(Cl)c(O)c(Cl)c2F)o1[EOS],59596.23998975754,42
13.6,O=C(c1cc(=O)[nH]c2ccccc12)N1CCC2COC(CNC(=O)C3(c4cccc(F)c4)CC3)C2C1,[BOS]O=C(c1cc(=O)[nH]c2ccccc12)N1CC[C@H]2CO[C@@H](CNC(=O)C3(c4cccc(F)c4)CC3)[C@H]2C1[EOS],5831.732399702072,42
12.4,CC(=O)c1ccc(-c2nnc(COc3ccc4ccccc4c3C3OC4COC(c5ccccc5)OC4C3O)o2)cc1,[BOS]CC(=O)c1ccc(-c2nnc(COc3ccc4ccccc4c3[C@@H]3O[C@@H]4CO[C@H](c5ccccc5)O[C@H]4[C@H]3O)o2)cc1[EOS][EOS][EOS][EOS][EOS],10265.510111570358,42
14.5,Cc1cc(C)cc(C2=CC(=Cc3c4ccccc4cc4ccccc34)c3ccccc3C[N]2)c1,[BOS]Cc1cc(C)cc(C2=CC(=Cc3c4ccccc4cc4ccccc34)c3ccccc3C[N]2)c1[EOS],14255.240574598312,42
13.9,O=C(NC1CC[NH+](CCc2c[nH]c3ccccc23)CC1)c1oc2c(ccc3ccccc32)c1-c1ccc(F)cc1F,[BOS]O=C(NC1CC[NH+](CCc2c[nH]c3ccccc23)CC1)c1oc2c(ccc3ccccc32)c1-c1ccc(F)cc1F[EOS],20280.845374822617,42
12.8,Cc1c(C(=O)N2CCC3COC(CNC(=O)COc4cccc5ccccc45)C3C2)nc2ccc(Cl)cn12,[BOS]Cc1c(C(=O)N2CC[C@H]3CO[C@@H](CNC(=O)COc4cccc5ccccc45)[C@H]3C2)nc2ccc(Cl)cn12[EOS],26280.99142432213,42
13.1,CC(=O)N1CC[NH+](Cc2ccccc2CNC(=O)NCC2COc3ccccc3C2)CC12CCCCC2,[BOS]CC(=O)N1CC[NH+](Cc2ccccc2CNC(=O)NC[C@H]2COc3ccccc3C2)CC12CCCCC2[EOS],32815.08639240265,42
12.7,O=C(NCc1cccc(N2C(=O)NC3(CCCC3)C2=O)c1)Nc1c2c(cc3c1CCC3)CCC2,[BOS]O=C(NCc1cccc(N2C(=O)NC3(CCCC3)C2=O)c1)Nc1c2c(cc3c1CCC3)CCC2[EOS],38141.66232609749,42
13.5,Cc1cccn2ncc(C(=O)Nc3cc(C4CCCCN4C(=O)C=Cc4c[nH]c5ccccc45)[nH]n3)c12,[BOS]Cc1cccn2ncc(C(=O)Nc3cc([C@H]4CCCCN4C(=O)C=Cc4c[nH]c5ccccc45)[nH]n3)c12[EOS],43341.26367545128,42
13.6,CC(Oc1ccc(Cl)c2ccccc12)C(=O)N(Cc1cccc2ccccc12)C1CCN(C(=O)C2C=CC=C(Cl)C2)CC1,[BOS]C[C@H](Oc1ccc(Cl)c2ccccc12)C(=O)N(Cc1cccc2ccccc12)C1CCN(C(=O)C2C=CC=C(Cl)C2)CC1[EOS],48831.02925300598,42
13.2,NC(=O)N1CCCc2ccc(NC(=O)c3cc(-c4ccncc4)nc4c3cnn4Cc3cccnc3)cc21,[BOS]NC(=O)N1CCCc2ccc(NC(=O)c3cc(-c4ccncc4)nc4c3cnn4Cc3cccnc3)cc21[EOS],53323.49013900757,42
12.7,Cc1cccc2c1C(C)CC2CC(=O)N1CCN(C(=O)C(F)(F)F)C2(CCCCC2)C1,[BOS]Cc1cccc2c1[C@@H](C)C[C@@H]2CC(=O)N1CCN(C(=O)C(F)(F)F)C2(CCCCC2)C1[EOS][EOS][EOS][EOS][EOS][EOS][EOS][EOS],57444.65268325806,42
14.5,Cc1ccc(CCC(=O)N2CCCCC2c2cc(NC(=O)c3cccc4ccn(C)c34)n[nH]2)c2ccccc12,[BOS]Cc1ccc(CCC(=O)N2CCCC[C@H]2c2cc(NC(=O)c3cccc4ccn(C)c34)n[nH]2)c2ccccc12[EOS],63113.39509129524,42
12.5,CCn1c(=O)c(NC2CC(=O)N(c3ccc(-c4nn[n-]n4)c(Cl)c3)C2)nc2ccccc21,[BOS]CCn1c(=O)c(N[C@H]2CC(=O)N(c3ccc(-c4nn[n-]n4)c(Cl)c3)C2)nc2ccccc21[EOS],4288.026656627655,42
13.1,Cc1cc(C)cc(NC2=C(c3ccc4c(c3)OCCO4)C(=O)N(CCc3c[nH]c4cc(F)ccc34)C2=O)c1,[BOS]Cc1cc(C)cc(NC2=C(c3ccc4c(c3)OCCO4)C(=O)N(CCc3c[nH]c4cc(F)ccc34)C2=O)c1[EOS][EOS][EOS][EOS],9140.336626291275,42
12.5,O=C(Nc1ccccc1C(=O)N1C2CCC1C([NH2+]Cc1ccc[nH]1)C2)Oc1ccc2ccccc2c1,[BOS]O=C(Nc1ccccc1C(=O)N1[C@H]2CC[C@H]1[C@H]([NH2+]Cc1ccc[nH]1)C2)Oc1ccc2ccccc2c1[EOS][EOS][EOS][EOS][EOS][EOS][EOS],14203.952914953232,42
12.7,CC(c1ccc(N2CCCOC2=O)cc1)c1nc(-c2ccc3c(c2)COC3c2ccc(F)cc2)no1,[BOS]C[C@H](c1ccc(N2CCCOC2=O)cc1)c1nc(-c2ccc3c(c2)CO[C@H]3c2ccc(F)cc2)no1[EOS],18763.260781288147,42
14.0,Cc1nc2ccncc2cc1C(=O)NCC12CCCOC1CCN(C(=O)Cc1ccc3c(c1)CCCO3)C2,[BOS]Cc1nc2ccncc2cc1C(=O)NC[C@@]12CCCO[C@@H]1CCN(C(=O)Cc1ccc3c(c1)CCCO3)C2[EOS],24952.015627145767,42
13.2,O=C(Nc1cnn(-c2cnc3ccccc3n2)c1)C(OC(c1ccccc1)c1ccccc1)c1ccccc1,[BOS]O=C(Nc1cnn(-c2cnc3ccccc3n2)c1)[C@H](OC(c1ccccc1)c1ccccc1)c1ccccc1[EOS],30253.759122610092,42
13.4,Cc1c(C(=O)NCC23CCCOC2CCN(C(=O)c2ccnc4ccccc24)C3)oc2ccccc12,[BOS]Cc1c(C(=O)NC[C@@]23CCCO[C@@H]2CCN(C(=O)c2ccnc4ccccc24)C3)oc2ccccc12[EOS][EOS][EOS][EOS][EOS],36397.62634944916,42
13.0,Cc1ccc(CC(NC(=O)C2CC(=O)N(Cc3cccc(-c4ccccc4)c3)C2)c2ccccn2)cc1,[BOS]Cc1ccc(C[C@H](NC(=O)[C@H]2CC(=O)N(Cc3cccc(-c4ccccc4)c3)C2)c2ccccn2)cc1[EOS],41879.452905893326,42
14.2,O=C(c1nn(-c2cccc(C(F)(F)F)c2)c(=O)c2c1ccc1ccccc12)N1CC(Cc2c(F)cccc2F)C1,[BOS]O=C(c1nn(-c2cccc(C(F)(F)F)c2)c(=O)c2c1ccc1ccccc12)N1CC(Cc2c(F)cccc2F)C1[EOS],46796.956931352615,42
13.7,O=C(c1cc(F)cc(Cl)c1)c1ccc(Oc2ccc(F)cc2C(=O)Cc2cc3cc(Cl)cnc3[nH]c2=O)c(F)c1,[BOS]O=C(Cc1cc2cc(Cl)cnc2[nH]c1=O)c1cc(F)ccc1Oc1ccc(C(=O)c2cc(F)cc(Cl)c2)cc1F[EOS],52315.631308078766,42
12.8,[NH3+]C(CC(=O)N1CCCCC1C1CCN(C(=O)c2ccc3[nH]ncc3c2)CC1)c1cccnc1,[BOS][NH3+][C@H](CC(=O)N1CCCC[C@H]1C1CCN(C(=O)c2ccc3[nH]ncc3c2)CC1)c1cccnc1[EOS],58365.611941576004,42
12.6,Cc1ccnc(-n2c(SCc3c(C)ncc4ccccc34)nc3ccccc32)c1,[BOS]Cc1ccnc(-n2c(SCc3c(C)ncc4ccccc34)nc3ccccc32)c1[EOS],62912.572994709015,42
13.7,O=C1CCc2c(F)ccc(-c3noc(C4CC(=O)N(c5ccc6c(c5)Cc5ccccc5-6)C4)n3)c21,[BOS]O=C1C[C@@H](c2nc(-c3ccc(F)c4c3C(=O)CC4)no2)CN1c1ccc2c(c1)Cc1ccccc1-2[EOS],4668.519521951675,42
14.4,O=C(NCC1CCc2ccccc2C1)NC1C[NH2+]CCC1C1c2c(F)cc(F)cc2CCc2c(F)ccc(F)c21,[BOS]O=C(NC[C@H]1CCc2ccccc2C1)N[C@@H]1C[NH2+]CC[C@@H]1C1c2c(F)ccc(F)c2CCc2cc(F)cc(F)c21[EOS],10057.674617528915,42
12.5,O=C(C1ON=C(c2ccccc2)O1)N1CCCC12CN(C(=O)C1(c3ccccc3)CCC1)C2,[BOS]O=C([C@@H]1ON=C(c2ccccc2)O1)N1CCCC12CN(C(=O)C1(c3ccccc3)CCC1)C2[EOS][EOS][EOS][EOS][EOS],14854.61619758606,42
13.8,O=C(Nc1cc(C2CCCCN2C(=O)C=Cc2c[nH]c3ccccc23)[nH]n1)c1[nH]nc2c(F)cccc12,[BOS]O=C(Nc1cc([C@H]2CCCCN2C(=O)C=Cc2c[nH]c3ccccc23)[nH]n1)c1[nH]nc2c(F)cccc12[EOS],20557.04889011383,42
13.3,Cc1ccc2[nH]cc(CC(=O)N3CCCCC3C3CCN(C(=O)C4CCc5ccccc54)CC3)c2c1,[BOS]Cc1ccc2[nH]cc(CC(=O)N3CCCC[C@H]3C3CCN(C(=O)[C@@H]4CCc5ccccc54)CC3)c2c1[EOS][EOS][EOS][EOS][EOS],26445.948211193085,42
12.5,OC(=Nc1cccc(-c2cn(Cc3cccc4ncsc34)c3ccccc23)c1)C1(c2ccccc2)CCCC1,[BOS]OC(=Nc1cccc(-c2cn(Cc3cccc4ncsc34)c3ccccc23)c1)C1(c2ccccc2)CCCC1[EOS][EOS][EOS][EOS][EOS][EOS][EOS][EOS],31540.050760507584,42
13.4,O=[N+]([O-])c1ccc2[nH]cc(Cc3noc(-c4cc(C5CC5)nc5c4ccc4ccccc45)n3)c2c1,[BOS]O=[N+]([O-])c1ccc2[nH]cc(Cc3noc(-c4cc(C5CC5)nc5c4ccc4ccccc45)n3)c2c1[EOS],36394.25509929657,42
12.4,Cn1c(SCC(=O)N2CCc3[nH]c4ccc(Cl)cc4c3C2)nc2ccccc2c1=O,[BOS]Cn1c(SCC(=O)N2CCc3[nH]c4ccc(Cl)cc4c3C2)nc2ccccc2c1=O[EOS],41077.017426252365,42
13.3,O=C(NCc1cccc(-c2ccc(F)cc2)c1)c1ccc2c(=O)[nH]c3c(Cl)cccc3c(=O)c2c1,[BOS]O=C(NCc1cccc(-c2ccc(F)cc2)c1)c1ccc2c(c1)c(=O)c1cccc(Cl)c1[nH]c2=O[EOS],46034.53143978119,42
13.9,Cc1cc(-c2nn[n-]n2)ccc1CCc1cnc(N)nc1-c1cc2ccc(Oc3cc(F)cc(F)c3)cc2cn1,[BOS]Cc1cc(-c2nn[n-]n2)ccc1CCc1cnc(N)nc1-c1cc2ccc(Oc3cc(F)cc(F)c3)cc2cn1[EOS],51733.70229077339,42
12.7,Cn1c(CC(=O)N2CCCCC2C2CCN(C(=O)CCc3c[nH]c4ncccc34)CC2)cc2ccccc21,[BOS]Cn1c(CC(=O)N2CCCC[C@@H]2C2CCN(C(=O)CCc3c[nH]c4ncccc34)CC2)cc2ccccc21[EOS],57976.411017894745,42
13.9,O=C1C(=CNn2c(Cc3ccccc3)nc3sc4c(c3c2=S)CCCC4)C=CC=C1c1ccc(F)c(F)c1,[BOS]Fc1ccc(C2=CC=C/C(=C/Nn3c(Cc4ccccc4)nc4sc5c(c4c3=S)CCCC5)C2=O)cc1F[EOS],63213.15213179588,42
11.8,Cc1ccc(Oc2ccccc2NC(=O)C2CC(c3ccc(Cl)cc3Cl)=NO2)cc1C,[BOS]Cc1ccc(Oc2ccccc2NC(=O)[C@@H]2CC(c3ccc(Cl)cc3Cl)=NO2)cc1C[EOS],4741.5844810009,42
13.7,Cc1c(C(=O)NC(Cc2ccc(O)cc2)C(=O)Nc2ccc3ccccc3c2)oc2cc3c(cc12)CCCC3,[BOS]Cc1c(C(=O)N[C@H](Cc2ccc(O)cc2)C(=O)Nc2ccc3ccccc3c2)oc2cc3c(cc12)CCCC3[EOS][EOS][EOS][EOS][EOS][EOS],10303.705379009247,42
12.7,CCn1c(=O)c2ccccc2n2c(CSC(C(=O)c3c[nH]c4ccccc34)c3ccccc3)nnc12,[BOS]CCn1c(=O)c2ccccc2n2c(CS[C@H](C(=O)c3c[nH]c4ccccc34)c3ccccc3)nnc12[EOS],15573.023875951767,42
12.3,O=C(NCc1cc(F)cc2c1OCOC2)N1CCCCC1c1ccccc1C(F)(F)F,[BOS]O=C(NCc1cc(F)cc2c1OCOC2)N1CCCC[C@@H]1c1ccccc1C(F)(F)F[EOS],20278.019333839417,42
13.2,Cc1ccc(-c2nnc(-c3cccc(C(=O)N4CC(C[NH3+])Cc5ccccc54)c3)o2)cc1C,[BOS]Cc1ccc(-c2nnc(-c3cccc(C(=O)N4C[C@@H](C[NH3+])Cc5ccccc54)c3)o2)cc1C[EOS],25225.37872648239,42
13.7,c1ccc2c(-c3nnc4ccc(NCc5nnc6n5CCCCC6)nn34)cccc2c1,[BOS]c1ccc2c(-c3nnc4ccc(NCc5nnc6n5CCCCC6)nn34)cccc2c1[EOS],29620.438192129135,42
13.5,O=C(Nc1cccc(NC(=O)c2ccnc3ccccc23)c1)c1ccc2c(c1)CCCCC2=O,[BOS]O=C(Nc1cccc(NC(=O)c2ccnc3ccccc23)c1)c1ccc2c(c1)CCCCC2=O[EOS],35062.19389081001,42
12.2,CC(Cc1ccccc1)(NC(=O)C1=NN(c2ccccc2)C(C(N)=O)C1)c1ccc(Cl)cc1,[BOS]C[C@](Cc1ccccc1)(NC(=O)C1=NN(c2ccccc2)[C@@H](C(N)=O)C1)c1ccc(Cl)cc1[EOS],39882.4718272686,42
13.6,Cc1cccc(-n2ncc(C(=O)Nc3c(-c4cc5ccccc5o4)c4ccccc4[nH]c3=O)c2C(F)(F)F)c1,[BOS]Cc1cccc(-n2ncc(C(=O)Nc3c(-c4cc5ccccc5o4)c4ccccc4[nH]c3=O)c2C(F)(F)F)c1[EOS][EOS][EOS][EOS],45266.31909155846,42
13.4,Cc1nc(C(=O)N2CCCCC2C2CCN(C(=O)c3ccc4c(c3)NC(=O)CC4)CC2)c(=O)[nH]c1C,[BOS]Cc1nc(C(=O)N2CCCC[C@H]2C2CCN(C(=O)c3ccc4c(c3)NC(=O)CC4)CC2)c(=O)[nH]c1C[EOS][EOS][EOS][EOS][EOS][EOS][EOS],50550.85189580917,42
12.8,O=C(Nc1cccc(NC(=O)c2ccc3n[nH]c(C(F)(F)F)c3c2)c1)Nc1cccc2c1CCCC2,[BOS]O=C(Nc1cccc(NC(=O)c2ccc3n[nH]c(C(F)(F)F)c3c2)c1)Nc1cccc2c1CCCC2[EOS],55824.962453603745,42
13.4,CC(=O)N1CC[NH+](Cc2ccccc2NC(=O)Nc2cccc3c2OCCC3=O)CC12CCCCC2,[BOS]CC(=O)N1CC[NH+](Cc2ccccc2NC(=O)Nc2cccc3c2OCCC3=O)CC12CCCCC2[EOS],61123.57649540901,42
13.6,O=S(=O)(c1cccc(-c2nc(CC3CCc4ccccc43)no2)c1)c1ccc2c(c1)CCCC2,[BOS]O=S(=O)(c1cccc(-c2nc(C[C@@H]3CCc4ccccc43)no2)c1)c1ccc2c(c1)CCCC2[EOS],5022.983504772186,42
12.1,NC(=O)NCC(=O)N1CCC(CNC(=O)Cc2ccc3c(c2)C(=O)c2ccccc2CO3)C1c1cccnc1,[BOS]NC(=O)NCC(=O)N1CC[C@@H](CNC(=O)Cc2ccc3c(c2)C(=O)c2ccccc2CO3)[C@H]1c1cccnc1[EOS][EOS][EOS][EOS][EOS][EOS],10390.512578010559,42
14.4,C=C1CC(C(=O)Nc2cc(C3CCCCN3C(=O)Cc3ccc4c(c3)C(=O)c3ccccc3CO4)[nH]n2)C1,[BOS]C=C1CC(C(=O)Nc2cc([C@H]3CCCCN3C(=O)Cc3ccc4c(c3)C(=O)c3ccccc3CO4)[nH]n2)C1[EOS],15951.346567869186,42
12.8,Cc1cc(C(=O)Nc2c3c(nc4ccccc24)CCOCC3)sc1-c1cccc(Cl)c1,[BOS]Cc1cc(C(=O)Nc2c3c(nc4ccccc24)CCOCC3)sc1-c1cccc(Cl)c1[EOS],20249.789655923843,42
13.4,CC(OC(=O)c1c2ccccc2cc2ccccc12)C(=O)Nc1cccc2c1C(=O)c1ccccc1C2=O,[BOS]C[C@@H](OC(=O)c1c2ccccc2cc2ccccc12)C(=O)Nc1cccc2c1C(=O)c1ccccc1C2=O[EOS],25214.393287181854,42
11.7,O=C(NCC1CCN(C(=O)c2c[nH]c3nc(-c4ccccc4)ccc23)C1c1cccnc1)C1CC1(F)F,[BOS]O=C(NC[C@@H]1CCN(C(=O)c2c[nH]c3nc(-c4ccccc4)ccc23)[C@@H]1c1cccnc1)[C@H]1CC1(F)F[EOS],30199.22353863716,42
12.8,O=C(NC1CC2CCC(C1)N2C(=O)c1cccc2cccnc12)c1cc(Oc2ccccc2)ccc1O,[BOS]O=C(N[C@H]1C[C@H]2CC[C@@H](C1)N2C(=O)c1cccc2cccnc12)c1cc(Oc2ccccc2)ccc1O[EOS],35445.04716587067,42
13.2,O=C1C(n2c([O-])c(-c3ccc4ccccc4c3)[nH]c2=O)CCCN1c1ccc2nnnn2n1,[BOS]O=C1[C@H](n2c([O-])c(-c3ccc4ccccc4c3)[nH]c2=O)CCCN1c1ccc2nnnn2n1[EOS],39964.441497564316,42
14.4,O=C(Nc1cc(C2CCCCN2C(=O)CC2CCCc3ccccc32)[nH]n1)c1c2ccccc2n2ccsc12,[BOS]O=C(Nc1cc([C@@H]2CCCCN2C(=O)C[C@H]2CCCc3ccccc32)[nH]n1)c1c2ccccc2n2ccsc12[EOS],45845.82692909241,42
14.2,Cc1cc(=O)oc2cc(NC(=O)C3CCCN(C(C)CC4C=C=Cc5ccccc54)C3)ccc12,[BOS]Cc1cc(=O)oc2cc(NC(=O)[C@@H]3CCCN([C@@H](C)CC4C=C=C-c5ccccc54)C3)ccc12[EOS],50607.402874708176,42
14.0,Cc1oc2ccccc2c1Cn1c(NCCNC(=O)C2CCOc3c(Cl)cc(Cl)cc32)nc2c(=O)oc3ccccc3c21,[BOS]Cc1oc2ccccc2c1Cn1c(NCCNC(=O)[C@H]2CCOc3c(Cl)cc(Cl)cc32)nc2c1c1ccccc1oc2=O[EOS],56903.27937459946,42
13.3,O=C1CC(CNC(=O)c2cccc(-c3ccc4[nH]c(=O)n(CC(F)(F)F)c4c3)c2F)Oc2ccccc21,[BOS]O=C(NC[C@H]1CC(=O)c2ccccc2O1)c1cccc(-c2ccc3[nH]c(=O)n(CC(F)(F)F)c3c2)c1F[EOS],62005.89849257469,42
13.7,Cc1ccc(C(=O)N2CCCCC2C2CCN(C(=O)Cc3ccc4ccccc4c3)CC2)c(F)c1F,[BOS]Cc1ccc(C(=O)N2CCCC[C@H]2C2CCN(C(=O)Cc3ccc4ccccc4c3)CC2)c(F)c1F[EOS],5192.101092815399,42
13.5,O=C(NC1CCOc2c(-c3ccccc3)cccc21)C1(Cc2ccccc2F)CCS(=O)(=O)CC1,[BOS]O=C(N[C@H]1CCOc2c(-c3ccccc3)cccc21)C1(Cc2ccccc2F)CCS(=O)(=O)CC1[EOS],10026.42035651207,42
12.8,Cc1[nH]ccc1C(=O)Nc1cc(C2CCCCN2C(=O)c2cnc3c(F)c(F)ccc3c2)[nH]n1,[BOS]Cc1[nH]ccc1C(=O)Nc1cc([C@H]2CCCCN2C(=O)c2cnc3c(F)c(F)ccc3c2)[nH]n1[EOS][EOS][EOS][EOS][EOS][EOS][EOS],15041.092766284943,42
13.5,O=C(NCC1OCC2CCN(C(=O)Cc3ccc4ccccc4c3)CC21)c1cc(=O)nc2cccnn12,[BOS]O=C(NC[C@@H]1OC[C@@H]2CCN(C(=O)Cc3ccc4ccccc4c3)C[C@@H]21)c1cc(=O)nc2cccnn12[EOS],21039.703312397003,42
12.3,Cc1cc(C(=O)NCC2CCN(C(=O)c3cc(=O)[nH][nH]3)C2c2cccnc2)nc2ccccc12,[BOS]Cc1cc(C(=O)NC[C@@H]2CCN(C(=O)c3cc(=O)[nH][nH]3)[C@H]2c2cccnc2)nc2ccccc12[EOS],26247.285145521164,42
13.7,Cc1ccc2ccnc(OC(C)C(=O)Nc3cc(C)c(Cl)cc3C3(C)CCC(F)(F)C(Cl)CCC3(F)F)c2c1,[BOS]Cc1cc(NC(=O)[C@H](C)Oc2nccc3ccc(C)cc23)c([C@@]2(C)CCC(F)(F)C(Cl)CCC2(F)F)cc1Cl[EOS],31500.976266145706,42
12.3,O=C(C=Cc1ccnc2ccccc12)Nc1cccc2c1sc(=O)n2Cc1cccc(C(F)(F)F)c1,[BOS]O=C(C=Cc1ccnc2ccccc12)Nc1cccc2c1sc(=O)n2Cc1cccc(C(F)(F)F)c1[EOS],36251.38271975517,42
13.4,O=C(c1cccc2c1OCC2)N1CCCCC1c1cc(NC(=O)C2(c3cccc(F)c3)CCC2)n[nH]1,[BOS]O=C(c1cccc2c1OCC2)N1CCCC[C@@H]1c1cc(NC(=O)C2(c3cccc(F)c3)CCC2)n[nH]1[EOS],41320.17789506912,42
14.4,O=C(NC1(c2ccc(NC(=O)c3cncc4cnccc34)cc2)CCC1)c1[nH]cc2c1CCc1ccccc1-2,[BOS]O=C(NC1(c2ccc(NC(=O)c3cncc4cnccc34)cc2)CCC1)c1[nH]cc2c1CCc1ccccc1-2[EOS],47398.83886861801,42
13.2,O=C(NCC1OCC2CCN(C(=O)Cc3ccc4c(c3)CCC4)CC21)C1=NOC(c2ccccc2)C1,[BOS]O=C(NC[C@@H]1OC[C@@H]2CCN(C(=O)Cc3ccc4c(c3)CCC4)C[C@@H]21)C1=NO[C@@H](c2ccccc2)C1[EOS][EOS],52837.23647022247,42
13.7,O=C(Nc1cc(C2CCCCN2C(=O)CCc2c[nH]c3ccc(F)cc23)[nH]n1)C1Cc2ccccc2C1,[BOS]O=C(Nc1cc([C@H]2CCCCN2C(=O)CCc2c[nH]c3ccc(F)cc23)[nH]n1)C1Cc2ccccc2C1[EOS],58841.27644896507,42
13.5,O=C(Cc1ccc2c(c1)CCC2)NC1(c2ccc(NC(=O)C3CCCC4CCCCC43)cc2)CCC1,[BOS]O=C(Cc1ccc2c(c1)CCC2)NC1(c2ccc(NC(=O)[C@@H]3CCC[C@H]4CCCC[C@@H]43)cc2)CCC1[EOS],64417.80555009842,42
13.6,O=C(C=C1C(=O)Nc2ccccc21)NCC1OCC2CCN(C(=O)c3nc4c(=O)[nH]c5ccccc5n4n3)CC21,[BOS]O=C(C=C1C(=O)Nc2ccccc21)NC[C@@H]1OC[C@@H]2CCN(C(=O)c3nc4c(=O)[nH]c5ccccc5n4n3)C[C@@H]21[EOS][EOS],6140.410263538361,42
13.2,Cn1c(CC(=O)N2CCCCC2c2cc(NC(=O)c3cccc4ccccc34)n[nH]2)cc2ccccc21,[BOS]Cn1c(CC(=O)N2CCCC[C@H]2c2cc(NC(=O)c3cccc4ccccc34)n[nH]2)cc2ccccc21[EOS],11861.685521125793,42
12.6,Cc1c(F)ccc(C(=O)Nc2ccc(C3(NC(=O)Cc4cccc5ncccc45)CCC3)cc2)c1N,[BOS]Cc1c(F)ccc(C(=O)Nc2ccc(C3(NC(=O)Cc4cccc5ncccc45)CCC3)cc2)c1N[EOS],17678.66896033287,42
14.8,Cc1ccc2cc(C(=O)N(Cc3cc4cc(C)c(C)cc4nc3O)c3ccc4ccccc4c3)cc(C)c2n1,[BOS]Cc1ccc2cc(C(=O)N(Cc3cc4cc(C)c(C)cc4nc3O)c3ccc4ccccc4c3)cc(C)c2n1[EOS],23613.246638536453,42
16.2,[NH3+]C(Cc1c2ccccc2cc2ccccc12)c1cn(-c2nc3ccc(F)cc3c3n[nH]nc23)c2ccccc12,[BOS][NH3+][C@@H](Cc1c2ccccc2cc2ccccc12)c1cn(-c2nc3ccc(F)cc3c3n[nH]nc23)c2ccccc12[EOS],29507.824170589447,42
14.0,O=C(CNC(c1cccc2ccccc12)C(F)(F)F)N1c2ccccc2CC1C1(n2ccnn2)CCCCC1,[BOS]O=C(CN[C@@H](c1cccc2ccccc12)C(F)(F)F)N1c2ccccc2C[C@H]1C1(n2ccnn2)CCCCC1[EOS],34920.90146160126,42
12.3,Cc1cc(NC(=O)CC(=O)N2CCC3OCCCC3(CNC(=O)c3[nH]nc4c(F)cccc34)C2)no1,[BOS]Cc1cc(NC(=O)CC(=O)N2CC[C@H]3OCCC[C@@]3(CNC(=O)c3[nH]nc4c(F)cccc34)C2)no1[EOS],41053.43573498726,42
12.6,O=C(NCCN1CCc2ccccc2C1=O)C1CCC(=O)N(Cc2cc3ccccc3[nH]c2=O)C1,[BOS]O=C(NCCN1CCc2ccccc2C1=O)[C@H]1CCC(=O)N(Cc2cc3ccccc3[nH]c2=O)C1[EOS],46442.96852660179,42
13.6,Cc1cccc(-c2cnccc2C(=O)NCC23CCCOC2CCN(C(=O)C2ON=C(c4ccccc4)O2)C3)c1,[BOS]Cc1cccc(-c2cnccc2C(=O)NC[C@@]23CCCO[C@@H]2CCN(C(=O)[C@H]2ON=C(c4ccccc4)O2)C3)c1[EOS],52806.73621535301,42
14.4,O=C1CC(C(=O)Nc2cc(C3CCCCN3C(=O)c3cnnc4ccccc34)[nH]n2)=Cc2ccccc2N1,[BOS]O=C(Nc1cc([C@@H]2CCCCN2C(=O)c2cnnc3ccccc23)[nH]n1)C1=Cc2ccccc2NC(=O)C1[EOS],58033.019812107086,42
14.2,O=C(C1CCCC2CCCCC21)N1CCC(C2CCCCN2C(=O)C2(c3ccccc3F)CC2)CC1,[BOS]O=C([C@@H]1CCC[C@H]2CCCC[C@H]21)N1CCC([C@H]2CCCCN2C(=O)C2(c3ccccc3F)CC2)CC1[EOS],62851.64379167557,42
12.6,Cc1cc2ccccc2nc1C(=O)NC1CC2CCC1N2C(=O)C1CC2CCCCC21,[BOS]Cc1cc2ccccc2nc1C(=O)N[C@@H]1C[C@H]2CC[C@@H]1N2C(=O)[C@@H]1C[C@@H]2CCCC[C@@H]21[EOS],66369.67691516876,42
13.8,O=C(Nc1cc(C2CCCCN2C(=O)c2noc3c2CCCC3)[nH]n1)C1Cc2ccccc2C1,[BOS]O=C(Nc1cc([C@H]2CCCCN2C(=O)c2noc3c2CCCC3)[nH]n1)C1Cc2ccccc2C1[EOS],5101.01190161705,42
12.6,CC(NC(=O)c1cccc(S(=O)(=O)N2CCc3ccccc32)c1)c1ccc2c(c1)CCC(=O)N2C,[BOS]C[C@@H](NC(=O)c1cccc(S(=O)(=O)N2CCc3ccccc32)c1)c1ccc2c(c1)CCC(=O)N2C[EOS],10642.51173901558,42
11.8,CC(NC(=O)Nc1ccc(Cl)c2cccnc12)c1nnc2n1CCCCC2,[BOS]C[C@H](NC(=O)Nc1ccc(Cl)c2cccnc12)c1nnc2n1CCCCC2[EOS],15212.26762008667,42
11.9,Cc1c(C(=O)N2C3CCC2CC(NC(=O)c2ccc4cccnc4n2)C3)oc2ccccc12,[BOS]Cc1c(C(=O)N2[C@@H]3CC[C@H]2C[C@@H](NC(=O)c2ccc4cccnc4n2)C3)oc2ccccc12[EOS][EOS][EOS][EOS][EOS][EOS][EOS][EOS],19476.96158194542,42
12.5,O=C(Cc1cc2ccccc2c(=O)[nH]1)NC(c1ccccc1)c1ccc(F)cc1-c1ncno1,[BOS]O=C(Cc1cc2ccccc2c(=O)[nH]1)N[C@H](c1ccccc1)c1ccc(F)cc1C1=NC=NO1[EOS],23924.659579515457,42
13.8,O=C1CCc2cc(NC(=O)c3cc(-c4ccc5c(c4)OCCO5)nc4ccccc34)c(F)cc2N1,[BOS]O=C1CCc2cc(NC(=O)c3cc(-c4ccc5c(c4)OCCO5)nc4ccccc34)c(F)cc2N1[EOS],28465.782772779465,42
12.9,O=C(NCC1OCC2CCN(C(=O)C3CCc4[nH]c(=O)[nH]c(=O)c4C3)CC21)c1ccc2ncccc2c1,[BOS]O=C(NC[C@@H]1OC[C@@H]2CCN(C(=O)[C@@H]3CCc4[nH]c(=O)[nH]c(=O)c4C3)C[C@@H]21)c1ccc2ncccc2c1[EOS][EOS][EOS][EOS][EOS][EOS][EOS][EOS],34250.50315999985,42
13.8,Cc1ccc(CCC(=O)N2CCCCC2C2CCN(C(=O)c3ccc4c(c3)C(=O)CC4)CC2)c2cccnc12,[BOS]Cc1ccc(CCC(=O)N2CCCC[C@@H]2C2CCN(C(=O)c3ccc4c(c3)C(=O)CC4)CC2)c2cccnc12[EOS],40533.43029117584,42
14.9,O=C(Nc1cc(C2CCCCN2C(=O)c2cccc3c2oc2ccccc23)[nH]n1)c1cnn2cccc(F)c12,[BOS]O=C(Nc1cc([C@H]2CCCCN2C(=O)c2cccc3c2oc2ccccc23)[nH]n1)c1cnn2cccc(F)c12[EOS],46030.76641535759,42
12.8,O=C(NC1CC2CCC1N2C(=O)C12CCCC1OCC2)c1[nH]c2ccccc2c1Cl,[BOS]O=C(N[C@H]1C[C@H]2CC[C@@H]1N2C(=O)[C@]12CCC[C@H]1OCC2)c1[nH]c2ccccc2c1Cl[EOS],50168.20215654373,42
12.9,Cc1c(C(=O)NCc2ccccc2-c2ccc(Cn3ccnn3)cc2)[nH]c2c1ccc1ccccc12,[BOS]Cc1c(C(=O)NCc2ccccc2-c2ccc(Cn3ccnn3)cc2)[nH]c2c1ccc1ccccc12[EOS],55928.896224975586,42
13.0,Cc1c(F)ccc(C(=O)N2CCCCC2c2cc(NC(=O)C(c3ccc(F)cc3)C(C)C)n[nH]2)c1N,[BOS]Cc1c(F)ccc(C(=O)N2CCCC[C@@H]2c2cc(NC(=O)[C@@H](c3ccc(F)cc3)C(C)C)n[nH]2)c1N[EOS],61386.00280332565,42
15.7,c1ccc(OCCn2c(COc3ccc4ccccc4c3)cc3ccc4ccc5ccccc5c4c32)cc1,[BOS]c1ccc(OCCn2c(COc3ccc4ccccc4c3)cc3ccc4ccc5ccccc5c4c32)cc1[EOS][EOS][EOS][EOS][EOS][EOS][EOS],5461.887145996094,42
13.7,CC(=O)Nc1cccc(-c2ccc3c(c2)C2(CC[NH2+]CC2)C(=O)N3)c1C(=O)OCC1c2ccccc2-c2ccccc21,[BOS]CC(=O)Nc1cccc(-c2ccc3c(c2)C2(CC[NH2+]CC2)C(=O)N3)c1C(=O)OCC1c2ccccc2-c2ccccc21[EOS],10409.625022649765,42
12.0,CC(N=C(O)N1CCCC(c2nncn2C2CC2)C1)c1cc2c(ccc3ccccc32)o1,[BOS]C[C@H](N=C(O)N1CCC[C@@H](c2nncn2C2CC2)C1)c1cc2c(ccc3ccccc32)o1[EOS],15026.731289863586,42
12.8,Cc1cc(C(=O)NC2(c3ccc(NC(=O)c4c[nH]c5c(C)cccc45)cc3)CCC2)cc(C)c1C(=O)[O-],[BOS]Cc1cc(C(=O)NC2(c3ccc(NC(=O)c4c[nH]c5c(C)cccc45)cc3)CCC2)cc(C)c1C(=O)[O-][EOS][EOS][EOS][EOS][EOS],20501.456615924835,42
12.4,Cc1cc(F)cc(-n2nc(C(=O)Nc3cc(N4CCCS4(=O)=O)ccc3F)c3c2CCCC3)c1Cl,[BOS]Cc1cc(F)cc(-n2nc(C(=O)Nc3cc(N4CCCS4(=O)=O)ccc3F)c3c2CCCC3)c1Cl[EOS][EOS],25153.220955848694,42
12.7,Cc1cccc(NC(=O)C[NH2+]C2CCCCc3nc(-c4ccc(C(F)(F)F)cc4)nc4cccc2c34)c1C,[BOS]Cc1cccc(NC(=O)C[NH2+][C@@H]2CCCCc3nc(-c4ccc(C(F)(F)F)cc4)nc4cccc2c34)c1C[EOS],30358.406637191772,42
13.5,Cc1ccc(C(C)C(=O)Nc2cc(C3CCCCN3C(=O)c3cnc4c(c3)CC[NH2+]CC4)[nH]n2)cc1,[BOS]Cc1ccc([C@H](C)C(=O)Nc2cc([C@@H]3CCCCN3C(=O)c3cnc4c(c3)CC[NH2+]CC4)[nH]n2)cc1[EOS],35979.24463057518,42
12.5,O=C(NCC1CCN(C(=O)Cc2cccc3ccccc23)C1c1cccnc1)c1ncccc1F,[BOS]O=C(NC[C@@H]1CCN(C(=O)Cc2cccc3ccccc23)[C@@H]1c1cccnc1)c1ncccc1F[EOS],41822.89904356003,42
13.8,CC1Oc2ccc(C(=O)NC3CC4CCC(C3)N4C(=O)c3ccc4c(c3)CCCC4=O)cc2NC1=O,[BOS]C[C@H]1Oc2ccc(C(=O)N[C@H]3C[C@H]4CC[C@@H](C3)N4C(=O)c3ccc4c(c3)CCCC4=O)cc2NC1=O[EOS],47005.74777555466,42
13.1,O=C(Nc1ccc(C2(NC(=O)c3cc(-c4ccncc4)n4ccccc34)CCC2)cc1)c1onc2ccccc12,[BOS]O=C(NC1(c2ccc(NC(=O)c3onc4ccccc34)cc2)CCC1)c1cc(-c2ccncc2)n2ccccc12[EOS][EOS][EOS][EOS],53025.44926571846,42
13.4,O=C(NCCN1C(=O)c2ccccc2C1=O)C1CCN(C(=O)OCC2c3ccccc3-c3ccccc32)CC1,[BOS]O=C(NCCN1C(=O)c2ccccc2C1=O)C1CCN(C(=O)OCC2c3ccccc3-c3ccccc32)CC1[EOS],58921.424052238464,42
13.2,O=C(NCc1cccc(C[NH+]2CCN(c3ccc(F)cc3)CC2)c1)C1CCCc2c(O)cccc21,[BOS]O=C(NCc1cccc(C[NH+]2CCN(c3ccc(F)cc3)CC2)c1)[C@@H]1CCCc2c(O)cccc21[EOS],64868.07541012764,42
13.8,O=C1CC(C(=O)N2CCCCC2c2cc(NC(=O)c3cccc4[nH]cnc34)n[nH]2)=Cc2ccccc2N1,[BOS]O=C1CC(C(=O)N2CCCC[C@H]2c2cc(NC(=O)c3cccc4[nH]cnc34)n[nH]2)=Cc2ccccc2N1[EOS],5574.682810783386,42
13.1,Cn1c(CSc2nnc(-c3ccc4ccccc4c3)n2-c2cccc(C(F)(F)F)c2)nc2ccccc2c1=O,[BOS]Cn1c(CSc2nnc(-c3ccc4ccccc4c3)n2-c2cccc(C(F)(F)F)c2)nc2ccccc2c1=O[EOS],10931.273655891418,42
13.8,O=C(NCc1cccc(-n2cnc3ccccc32)c1)Nc1cc(-c2ccncc2)ccc1C(=O)Nc1cccc2ccoc12,[BOS]O=C(NCc1cccc(-n2cnc3ccccc32)c1)Nc1cc(-c2ccncc2)ccc1C(=O)Nc1cccc2ccoc12[EOS],16725.183442354202,42
13.0,CC([NH2+]Cc1cccc(Oc2cccc3ccccc23)c1)c1ccc2c(c1)C(C)(C)C(=O)N2,[BOS]C[C@H]([NH2+]Cc1cccc(Oc2cccc3ccccc23)c1)c1ccc2c(c1)C(C)(C)C(=O)N2[EOS],22400.581822872162,42
12.4,O=C(NCC1(c2cccc(Cl)c2)CCOCC1)Nc1ccc2c(c1)N(C(=O)Cc1cccc(F)c1)CC2,[BOS]O=C(NCC1(c2cccc(Cl)c2)CCOCC1)Nc1ccc2c(c1)N(C(=O)Cc1cccc(F)c1)CC2[EOS][EOS][EOS][EOS][EOS][EOS][EOS][EOS],27178.006115674973,42
15.0,O=C(c1ccccc1)c1cccc(NC(=C=NSc2cccc3ccccc23)Nc2ccc3ccc4ccccc4c3c2)c1,[BOS]O=C(c1ccccc1)c1cccc(NC(=C=N/Sc2cccc3ccccc23)N/c2ccc3ccc4ccccc4c3c2)c1[EOS],33513.729407310486,42
12.5,CN(Cc1ccn(-c2ccccc2)n1)C(=O)NC(c1ccc2c(c1)OCCO2)c1ccccc1Cl,[BOS]CN(Cc1ccn(-c2ccccc2)n1)C(=O)N[C@@H](c1ccc2c(c1)OCCO2)c1ccccc1Cl[EOS],38710.34116721153,42
12.6,CC(C)(NC(=O)NCc1ccc2ccccc2c1)c1nnc2n1CCCCC2,[BOS]CC(C)(NC(=O)NCc1ccc2ccccc2c1)c1nnc2n1CCCCC2[EOS],43473.1748149395,42
12.8,COc1cc(F)ccc1C(=O)N1CCCCC1c1cc(NC(=O)Cc2ccc3c(c2)CCC3)n[nH]1,[BOS]COc1cc(F)ccc1C(=O)N1CCCC[C@@H]1c1cc(NC(=O)Cc2ccc3c(c2)CCC3)n[nH]1[EOS],48776.775371551514,42
13.4,Cc1ccc(C(=O)C2CCN(c3c(-c4nn[n-]n4)c[nH+]c4c(C)cc(C)cc34)CC2)c(C)c1,[BOS]Cc1ccc(C(=O)C2CCN(c3c(-c4nn[n-]n4)c[nH+]c4c(C)cc(C)cc34)CC2)c(C)c1[EOS],53537.564671278,42
14.0,O=C(NC1CC2CCC(C1)N2C(=O)c1cnnc2ccccc12)c1cccnc1-c1ccc2ccccc2c1,[BOS]O=C(N[C@H]1C[C@H]2CC[C@@H](C1)N2C(=O)c1cnnc2ccccc12)c1cccnc1-c1ccc2ccccc2c1[EOS],58743.2004699707,42
13.5,CC1Oc2c(cccc2C(=O)NCCn2nc(-c3ccc(F)c(F)c3)c3ccccc3c2=O)NC1=O,[BOS]C[C@H]1Oc2c(cccc2C(=O)NCCn2nc(-c3ccc(F)c(F)c3)c3ccccc3c2=O)NC1=O[EOS],62618.404208898544,42
14.9,O=C(Nc1cc(C2CCCCN2C(=O)c2cccc3c2oc2ccccc23)[nH]n1)c1cnn2cccc(F)c12,[BOS]O=C(Nc1cc([C@H]2CCCCN2C(=O)c2cccc3c2oc2ccccc23)[nH]n1)c1cnn2cccc(F)c12[EOS],5421.259668588638,42
12.7,N#Cc1ccc(F)c(C(=O)N2CCC(C3CCCCN3C(=O)c3c[nH]c(=O)[nH]c3=O)CC2)c1,[BOS]N#Cc1ccc(F)c(C(=O)N2CCC([C@@H]3CCCCN3C(=O)c3c[nH]c(=O)[nH]c3=O)CC2)c1[EOS],10350.32335782051,42
12.4,Cc1ccc(C2=NOC(CNC(=O)C3CCCN3C(=O)c3ccc4ccccc4c3O)C2)cc1C,[BOS]Cc1ccc(C2=NO[C@@H](CNC(=O)[C@H]3CCCN3C(=O)c3ccc4ccccc4c3O)C2)cc1C[EOS],15535.136585474014,42
13.8,O=C(NC(Cc1c[nH]c2ccccc12)C(=O)Nc1cccc(N2CCCC2)c1)OCC1c2ccccc2-c2ccccc21,[BOS]O=C(Nc1cccc(N2CCCC2)c1)[C@@H](Cc1c[nH]c2ccccc12)NC(=O)OCC1c2ccccc2-c2ccccc21[EOS],21442.767286777496,42
13.3,O=C(Nc1ccnn1C1CCCc2ccccc21)C1CCN(C(=O)c2cccc3ccccc23)CC1,[BOS]O=C(Nc1ccnn1[C@@H]1CCCc2ccccc21)C1CCN(C(=O)c2cccc3ccccc23)CC1[EOS],26409.70945072174,42
13.7,Fc1ccc(C2CC2c2nnc(-c3ccc(N4CCc5cnccc5C4)c4c3NC=CC=C4)o2)cc1C(F)(F)F,[BOS]Fc1ccc([C@H]2C[C@@H]2c2nnc(-c3ccc(N4CCc5cnccc5C4)c4c3NC=CC=C4)o2)cc1C(F)(F)F[EOS],31097.642963647842,42
12.3,Cc1ccc(Cn2ccccc2=[NH+]C(=O)CN2C(=O)c3cccc([N+](=O)[O-])c3C2=O)cc1C,[BOS]Cc1ccc(Cn2cccc/c2=[NH+]\C(=O)CN2C(=O)c3cccc([N+](=O)[O-])c3C2=O)cc1C[EOS][EOS][EOS][EOS][EOS],35582.00781464577,42
11.7,CC(Nc1ccc(C(=O)N2CCc3ccccc32)cn1)c1ccccc1C(F)(F)F,[BOS]C[C@H](Nc1ccc(C(=O)N2CCc3ccccc32)cn1)c1ccccc1C(F)(F)F[EOS][EOS][EOS][EOS][EOS][EOS],40746.471215963364,42
12.5,Cc1cccc(C(NCc2nc(-c3cccc(C(F)(F)F)c3)no2)c2cccc(C)c2)c1,[BOS]Cc1cccc(C(NCc2nc(-c3cccc(C(F)(F)F)c3)no2)c2cccc(C)c2)c1[EOS],45846.94633221626,42
14.5,O=C(Nc1cc(C2CCCCN2C(=O)Cc2ccc3ccccc3c2)[nH]n1)c1ccnc2ccccc12,[BOS]O=C(Nc1cc([C@H]2CCCCN2C(=O)Cc2ccc3ccccc3c2)[nH]n1)c1ccnc2ccccc12[EOS],51496.75658988953,42
12.8,COC(=O)NC(C(=O)N1CCCCC1c1cc(NC(=O)c2[nH]nc3ncccc23)n[nH]1)c1ccccc1,[BOS]COC(=O)N[C@@H](C(=O)N1CCCC[C@@H]1c1cc(NC(=O)c2[nH]nc3ncccc23)n[nH]1)c1ccccc1[EOS],57108.788217782974,42
12.5,O=C(CC[NH+]1CCCC(c2nnc3n2CCCCC3)C1)Nc1ccccc1-c1ccccc1,[BOS]O=C(CC[NH+]1CCC[C@H](c2nnc3n2CCCCC3)C1)Nc1ccccc1-c1ccccc1[EOS],62090.82325363159,42
12.6,O=C(Nc1cccc(CNC(=O)N(Cc2cc3cc(O)ccc3[nH]c2=O)c2ccccc2)c1)c1cccnc1,[BOS]O=C(Nc1cccc(CNC(=O)N(Cc2cc3cc(O)ccc3[nH]c2=O)c2ccccc2)c1)c1cccnc1[EOS],5665.265762090683,42
13.7,Cc1ccc(Br)cc1-c1noc(-c2cc(-c3ccccc3)nc(-c3c([O-])[nH]c(=N)[nH]c3=N)c2)n1,[BOS]Cc1ccc(Br)cc1-c1noc(-c2cc(-c3ccccc3)nc(-c3c([O-])[nH]c(=N)[nH]c3=N)c2)n1[EOS],9979.810929059982,42
15.5,Clc1cc2c(c(-c3nc(-c4ccc5c(ccc6ccccc65)c4)c4oc5ccccc5c4n3)c1)-c1ccccc1C2,[BOS]Clc1cc(-c2nc(-c3ccc4c(ccc5ccccc54)c3)c3oc4ccccc4c3n2)c2c(c1)Cc1ccccc1-2[EOS],14242.175273656845,42
12.9,CC([NH2+]C1(CNC(=O)C2CC(=O)N(c3ccc4c(c3)Cc3ccccc3-4)C2)CCOCC1)c1ccccc1,[BOS]C[C@@H]([NH2+]C1(CNC(=O)[C@H]2CC(=O)N(c3ccc4c(c3)Cc3ccccc3-4)C2)CCOCC1)c1ccccc1[EOS][EOS][EOS][EOS][EOS][EOS],20031.21585893631,42
13.3,O=C(CNC(=O)OCC1c2ccccc2-c2ccccc21)Nc1nn(-c2ccc(F)cc2)c2c1CCC2,[BOS]O=C(CNC(=O)OCC1c2ccccc2-c2ccccc21)Nc1nn(-c2ccc(F)cc2)c2c1CCC2[EOS][EOS],25631.419120311737,42
13.8,O=C(NCC1OCC2CCN(C(=O)CC3Cc4ccccc4C3)CC21)c1ccc(Cl)c2ccccc12,[BOS]O=C(NC[C@@H]1OC[C@@H]2CCN(C(=O)CC3Cc4ccccc4C3)C[C@@H]21)c1ccc(Cl)c2ccccc12[EOS],31602.173599243164,42
13.1,O=C(CCc1cnc2ccccc2c1)N1CC2(CCCN2C(=O)Cc2ccc3ncccc3c2)C1,[BOS]O=C(CCc1cnc2ccccc2c1)N1CC2(CCCN2C(=O)Cc2ccc3ncccc3c2)C1[EOS],37164.902717113495,42
13.8,O=C(NC1(c2ccc(NC(=O)c3nccc4occc34)cc2)CCC1)c1cnc2c(F)c(F)ccc2c1,[BOS]O=C(NC1(c2ccc(NC(=O)c3nccc4occc34)cc2)CCC1)c1cnc2c(F)c(F)ccc2c1[EOS],42910.78040885925,42
11.7,Cc1cnn(C(C)C(=O)Nc2ccc(C3(NC(=O)C4CCc5[nH]c(=O)[nH]c(=O)c5C4)CCC3)cc2)c1,[BOS]Cc1cnn([C@@H](C)C(=O)Nc2ccc(C3(NC(=O)[C@H]4CCc5[nH]c(=O)[nH]c(=O)c5C4)CCC3)cc2)c1[EOS][EOS][EOS][EOS][EOS],48895.401683568954,42
13.7,CC1Oc2ccc(C(=O)N3CCCCC3c3cc(NC(=O)c4ccc(=O)[nH]c4)n[nH]3)cc2NC1=O,[BOS]C[C@@H]1Oc2ccc(C(=O)N3CCCC[C@H]3c3cc(NC(=O)c4ccc(=O)[nH]c4)n[nH]3)cc2NC1=O[EOS][EOS][EOS][EOS],54409.38643813133,42
13.1,CC(NC(=O)c1ccccc1NC(=O)C(=O)N1CC2(CCCC2)c2c(F)cccc21)c1ccccc1,[BOS]C[C@H](NC(=O)c1ccccc1NC(=O)C(=O)N1CC2(CCCC2)c2c(F)cccc21)c1ccccc1[EOS],60161.301802158356,42
13.3,Cc1cc(C(=O)Nc2cc(C3CCCCN3C(=O)c3cnn4cccnc34)[nH]n2)nc2ccccc12,[BOS]Cc1cc(C(=O)Nc2cc([C@H]3CCCCN3C(=O)c3cnn4cccnc34)[nH]n2)nc2ccccc12[EOS],64630.24369215965,42
12.0,O=C(Nc1nsc2ccccc12)c1ccn(-c2cccc(-c3nn[n-]n3)c2)n1,[BOS]O=C(Nc1nsc2ccccc12)c1ccn(-c2cccc(-c3nn[n-]n3)c2)n1[EOS],3867.6369104385376,42
13.0,O=C(c1ccc2[nH+]c(F)c(F)c(N3CCN(C(=O)C4Cc5ccccc5C4)CC3)c2c1)N1CCCC1,[BOS]O=C(C1Cc2ccccc2C1)N1CCN(c2c(F)c(F)[nH+]c3ccc(C(=O)N4CCCC4)cc23)CC1[EOS],8506.024272441864,42
13.6,O=C(Nc1cc(C2CCCCN2C(=O)c2nccc3occc23)[nH]n1)C1CCc2ccccc2C1,[BOS]O=C(Nc1cc([C@@H]2CCCCN2C(=O)c2nccc3occc23)[nH]n1)[C@@H]1CCc2ccccc2C1[EOS],13757.204567670822,42
12.6,CC1CCc2ccccc2C1[NH2+]C1CCc2[nH]c3ccc(C(=O)[O-])cc3c2C1,[BOS]C[C@@H]1CCc2ccccc2[C@@H]1[NH2+][C@H]1CCc2[nH]c3ccc(C(=O)[O-])cc3c2C1[EOS],17900.435282945633,42
14.3,O=C(Nc1cc(C2CCCCN2C(=O)c2cc(=O)[nH]c3ccccc23)[nH]n1)c1cccc2c1CCCC2,[BOS]O=C(Nc1cc([C@H]2CCCCN2C(=O)c2cc(=O)[nH]c3ccccc23)[nH]n1)c1cccc2c1CCCC2[EOS],23049.05513238907,42
14.0,O=C(C=C1C(=O)Nc2ccccc21)NC1(c2ccc(NC(=O)c3cnnc4ccccc34)cc2)CCC1,[BOS]O=C(C=C1C(=O)Nc2ccccc21)NC1(c2ccc(NC(=O)c3cnnc4ccccc34)cc2)CCC1[EOS],29431.90841126442,42
13.6,Cc1cc(C)n2ncc(C(=O)NCC34CCCOC3CCN(C(=O)Cc3cccc(C)c3C)C4)c2n1,[BOS]Cc1cc(C)n2ncc(C(=O)NC[C@@]34CCCO[C@@H]3CCN(C(=O)Cc3cccc(C)c3C)C4)c2n1[EOS],35417.89717793465,42
12.5,O=C(NCC[NH+]1CCc2ccccc2C1)C1Cc2ccccc2CN1S(=O)(=O)c1ccc(F)cc1,[BOS]O=C(NCC[NH+]1CCc2ccccc2C1)[C@H]1Cc2ccccc2CN1S(=O)(=O)c1ccc(F)cc1[EOS],40539.74865269661,42
16.2,O=C(NC1CC2CCC(C1)N2C(=O)C1CCc2ccccc2C1)c1cc2cccc3c([O-])nc4cccc1c4c23,[BOS]O=C(N[C@H]1C[C@H]2CC[C@@H](C1)N2C(=O)[C@H]1CCc2ccccc2C1)c1cc2cccc3c([O-])nc4cccc1c4c32[EOS],45560.9269630909,42
13.0,Cn1nc(CCNC(=O)Nc2c(F)cccc2-c2ccc(OCc3ccccc3)cc2)c2ccccc2c1=O,[BOS]Cn1nc(CCNC(=O)Nc2c(F)cccc2-c2ccc(OCc3ccccc3)cc2)c2ccccc2c1=O[EOS][EOS][EOS],50845.21257138252,42
12.4,Cn1nc(CCNC(=O)N2CCC(c3c[nH]c4cccc(F)c34)CC2)c2ccccc2c1=O,[BOS]Cn1nc(CCNC(=O)N2CCC(c3c[nH]c4cccc(F)c34)CC2)c2ccccc2c1=O[EOS],55688.73456335068,42
12.8,Cn1c(=O)cc(C(=O)N2CCCCC2c2cc(NC(=O)c3cc(=O)n4[n-]nnc4n3)n[nH]2)[nH]c1=O,[BOS]Cn1c(=O)[nH]c(C(=O)N2CCCC[C@@H]2c2cc(NC(=O)c3cc(=O)n4[n-]nnc4n3)n[nH]2)cc1=O[EOS],60699.11244726181,42
13.3,Cc1ccc(F)cc1C(=O)NC1CC2CCC(C1)N2C(=O)C=Cc1ccc2cc(O)ccc2c1,[BOS]Cc1ccc(F)cc1C(=O)N[C@H]1C[C@H]2CC[C@@H](C1)N2C(=O)C=Cc1ccc2cc(O)ccc2c1[EOS],4867.866247415543,42
12.6,CC1CCc2c(F)cccc2C1NC(=O)NC(c1ccccc1)c1ccc2c(c1)CCCO2,[BOS]C[C@@H]1CCc2c(F)cccc2[C@@H]1NC(=O)N[C@H](c1ccccc1)c1ccc2c(c1)CCCO2[EOS],9263.633920192719,42
13.1,O=C(NCC1OCC2CCN(C(=O)c3cc4cc(F)ccc4s3)CC21)C1=C2c3ccccc3C(=O)N2CC1,[BOS]O=C(NC[C@@H]1OC[C@@H]2CCN(C(=O)c3cc4cc(F)ccc4s3)C[C@@H]21)C1=C2c3ccccc3C(=O)N2CC1[EOS][EOS][EOS][EOS][EOS],14933.710141181946,42
13.8,Cn1cc(-c2ccnc(NCCN3c4ccccc4CCc4ccccc43)n2)c2ccc(F)cc2c1=O,[BOS]Cn1cc(-c2ccnc(NCCN3c4ccccc4CCc4ccccc43)n2)c2ccc(F)cc2c1=O[EOS],20097.607738256454,42
12.9,Cc1cn(CCC(=O)N2CCCC(c3n[nH]c4ccc(C(C)C)cc34)C2)c2cc(F)c(F)cc2c1=O,[BOS]Cc1cn(CCC(=O)N2CCC[C@H](c3n[nH]c4ccc(C(C)C)cc34)C2)c2cc(F)c(F)cc2c1=O[EOS],25218.96456170082,42
14.1,O=C1Nc2c(cccc2C(=O)N2CCC(C3CCCCN3C(=O)c3ccc4cnccc4c3)CC2)C1=O,[BOS]O=C1Nc2c(C(=O)N3CCC([C@H]4CCCCN4C(=O)c4ccc5cnccc5c4)CC3)cccc2C1=O[EOS],30781.395400762558,42
12.9,CC(Nc1ccc(N2CC(=O)Nc3ccccc32)cc1)c1ccc(F)c2ccccc12,[BOS]C[C@@H](Nc1ccc(N2CC(=O)Nc3ccccc32)cc1)c1ccc(F)c2ccccc12[EOS],35988.54397010803,42
14.1,O=C(NC1c2ccccc2-c2ccccc21)C1CCc2ccccc2N1C(=O)C1CC1c1ccc(F)c(F)c1,[BOS]O=C(NC1c2ccccc2-c2ccccc21)[C@@H]1CCc2ccccc2N1C(=O)[C@H]1C[C@@H]1c1ccc(F)c(F)c1[EOS],40370.1911842823,42
13.6,Nc1nc(COC(=O)C2CC(=O)N(c3ccc4c(c3)Cc3ccccc3-4)C2)nc2c(-c3ccc(F)cc3)scc12,[BOS]Nc1nc(COC(=O)[C@H]2CC(=O)N(c3ccc4c(c3)Cc3ccccc3-4)C2)nc2c1csc2-c1ccc(F)cc1[EOS],46894.72307538986,42
12.8,O=C(NCC1CCN(C(=O)c2cc3c(F)cc(F)cc3[nH]2)C1c1cccnc1)c1onc2ccccc12,[BOS]O=C(NC[C@H]1CCN(C(=O)c2cc3c(F)cc(F)cc3[nH]2)[C@H]1c1cccnc1)c1onc2ccccc12[EOS],52511.704065322876,42
12.3,CC1CCC(C(=O)N2CC[NH+](C3c4ccccc4-c4ccccc43)CC2)C(C)C1,[BOS]C[C@@H]1CC[C@H](C(=O)N2CC[NH+](C3c4ccccc4-c4ccccc43)CC2)[C@H](C)C1[EOS],56524.50014877319,42
13.2,O=C(Nc1cccc(-c2nnc3n2CCC3)c1)N1CCCCC1c1nc(-c2ccccc2)no1,[BOS]O=C(Nc1cccc(-c2nnc3n2CCC3)c1)N1CCCC[C@H]1c1nc(-c2ccccc2)no1[EOS],61148.27793073654,42
11.7,Cc1cn(C2CC(NC(=O)Nc3cc(F)cc4c3OCOC4)C(CO)O2)c(=O)[nH]c1=O,[BOS]Cc1cn([C@H]2C[C@@H](NC(=O)Nc3cc(F)cc4c3OCOC4)[C@@H](CO)O2)c(=O)[nH]c1=O[EOS],4704.550104379654,42
13.2,O=C(NCCC(=O)N1CCC2OCCCC2(CNC(=O)c2ccc3c(c2)CCCC3=O)C1)c1ccccc1,[BOS]O=C(NCCC(=O)N1CC[C@H]2OCCC[C@@]2(CNC(=O)c2ccc3c(c2)CCCC3=O)C1)c1ccccc1[EOS],11697.154250621796,42
12.7,Cc1ccc2c(CC(=O)N3CC(CC(=O)N4CCCCC4)c4ccccc43)coc2c1C,[BOS]Cc1ccc2c(CC(=O)N3C[C@@H](CC(=O)N4CCCCC4)c4ccccc43)coc2c1C[EOS][EOS][EOS],15308.160122156143,42
13.5,O=C(c1cccc2c(=O)c3cccc(F)c3[nH]c12)N1C2CCC1C[NH+](C1CCCC1)C2,[BOS]O=C(c1cccc2c(=O)c3cccc(F)c3[nH]c12)N1[C@H]2CC[C@H]1C[NH+](C1CCCC1)C2[EOS],19651.905523061752,42
13.2,Cc1ccc(-n2nc(Cc3ccccc3)nc2C2CCN(S(=O)(=O)c3ccccc3)CC2)c(Cl)c1,[BOS]Cc1ccc(-n2nc(Cc3ccccc3)nc2C2CCN(S(=O)(=O)c3ccccc3)CC2)c(Cl)c1[EOS],24757.16495347023,42
13.8,O=C(NC1C2COCC1CN(C(=O)c1ccc3[nH]ncc3c1)C2)c1c[nH]c2ncc(C(F)(F)F)cc12,[BOS]O=C(N[C@H]1[C@@H]2COC[C@H]1CN(C(=O)c1ccc3[nH]ncc3c1)C2)c1c[nH]c2ncc(C(F)(F)F)cc12[EOS],29594.44833278656,42
13.1,O=C(NCC(c1ccccc1)c1c[nH]c2ccccc12)N1Cc2ccc(O)cc2C2(CC2)C1,[BOS]O=C(NC[C@@H](c1ccccc1)c1c[nH]c2ccccc12)N1Cc2ccc(O)cc2C2(CC2)C1[EOS],34951.12742185593,42
13.6,Fc1cc(F)cc(-c2n[nH]c3ccc(-c4c[nH]c5cnc(Nc6ccc(CN7CCCNCC7)cn6)cc45)cc23)c1,[BOS]Fc1cc(F)cc(-c2n[nH]c3ccc(-c4c[nH]c5cnc(Nc6ccc(CN7CCCNCC7)cn6)cc45)cc23)c1[EOS],40060.362278461456,42
13.0,OC(COc1cccc2[nH]c3ccccc3c12)C[NH+]1CCCC1c1ccc(F)cc1OCc1ccccc1C[NH+]1CCOCC1,[BOS]O[C@H](COc1cccc2[nH]c3ccccc3c12)C[NH+]1CCC[C@@H]1c1ccc(F)cc1OCc1ccccc1C[NH+]1CCOCC1[EOS],46210.677255392075,42
12.8,O=C(CCc1c[nH]c2ncccc12)NCC1OCC2CCN(C(=O)c3cc(=O)c4ccccc4o3)CC21,[BOS]O=C(CCc1c[nH]c2ncccc12)NC[C@@H]1OC[C@@H]2CCN(C(=O)c3cc(=O)c4ccccc4o3)C[C@@H]21[EOS],52946.6672744751,42
14.4,O=C1CC(C(=O)NC(Cc2ccc(F)cc2)c2nnc(-c3ccc4ccccc4c3)o2)(c2cccc(Cl)c2)C1,[BOS]O=C1CC(C(=O)N[C@@H](Cc2ccc(F)cc2)c2nnc(-c3ccc4ccccc4c3)o2)(c2cccc(Cl)c2)C1[EOS],58580.19548201561,42
13.6,O=C(NC1CC2CCC(C1)N2C(=O)c1cccc2cnccc12)c1n[nH]c2ccc(-c3ccccc3)cc12,[BOS]O=C(N[C@H]1C[C@H]2CC[C@@H](C1)N2C(=O)c1cccc2cnccc12)c1n[nH]c2ccc(-c3ccccc3)cc12[EOS],63420.01186275482,42
12.5,O=C1CC(c2ccc(NC(=O)c3cc(F)ccc3-c3ccc(C(F)(F)F)cc3)cc2)CC(=O)N1,[BOS]O=C1CC(c2ccc(NC(=O)c3cc(F)ccc3-c3ccc(C(F)(F)F)cc3)cc2)CC(=O)N1[EOS],4982.35279750824,42
13.4,O=C(NCc1cc2ccccc2s1)c1c2c(nc3ccccc13)C(=Cc1ccc3ccccc3c1)CCC2,[BOS]O=C(NCc1cc2ccccc2s1)c1c2c(nc3ccccc13)C(=Cc1ccc3ccccc3c1)CCC2[EOS],10108.070438623428,42
13.9,Cc1cccn2ncc(C(=O)N3CCCCC3c3cc(NC(=O)c4ccnc5ccccc45)n[nH]3)c12,[BOS]Cc1cccn2ncc(C(=O)N3CCCC[C@@H]3c3cc(NC(=O)c4ccnc5ccccc45)n[nH]3)c12[EOS],15584.641922950745,42
12.7,CC(C)C(NC(=O)Cc1ccc2ccccc2c1)C(=O)N1CCN(c2cncc3ccccc23)CC1,[BOS]CC(C)[C@H](NC(=O)Cc1ccc2ccccc2c1)C(=O)N1CCN(c2cncc3ccccc23)CC1[EOS],20885.211015462875,42
12.1,O=C1OCCN1c1cccc(Cn2nnnc2N2CC=C(c3c[nH]c4ncccc34)CC2)c1,[BOS]O=C1OCCN1c1cccc(Cn2nnnc2N2CC=C(c3c[nH]c4ncccc34)CC2)c1[EOS],25470.629233121872,42
13.0,Cc1ccc(-c2nnc3n2CC(C(=O)OC(C)c2nnc(-c4ccccc4-c4ccccc4F)o2)CC3)c(C)c1,[BOS]Cc1ccc(-c2nnc3n2C[C@@H](C(=O)O[C@H](C)c2nnc(-c4ccccc4-c4ccccc4F)o2)CC3)c(C)c1[EOS][EOS][EOS],30786.84004354477,42
12.3,O=C(NCC1CCN(C(=O)C(F)c2ccccc2)C1c1cccnc1)c1cccc2c1CCCC2,[BOS]O=C(NC[C@@H]1CCN(C(=O)[C@H](F)c2ccccc2)[C@H]1c1cccnc1)c1cccc2c1CCCC2[EOS][EOS][EOS][EOS][EOS][EOS][EOS][EOS],36173.039152145386,42
13.3,Cc1cnc2c(C(=O)N3CCCCC3c3cc(NC(=O)c4cccc5[nH]ncc45)n[nH]3)cnn2c1,[BOS]Cc1cnc2c(C(=O)N3CCCC[C@@H]3c3cc(NC(=O)c4cccc5[nH]ncc45)n[nH]3)cnn2c1[EOS],41468.78788781166,42
13.8,Cn1c(CC(=O)N2CCCCC2c2cc(NC(=O)c3cc(=O)nc4cccnn34)n[nH]2)cc2ccccc21,[BOS]Cn1c(CC(=O)N2CCCC[C@H]2c2cc(NC(=O)c3cc(=O)nc4cccnn34)n[nH]2)cc2ccccc21[EOS],47394.31122803688,42
15.5,Fc1ccc2c(Cl)cn3nc(-c4c5ccccc5cc5cc6c(-c7ccccc7F)cccc6cc45)nc3c2c1,[BOS]Fc1ccc2c(Cl)cn3nc(-c4c5ccccc5cc5cc6c(-c7ccccc7F)cccc6cc45)nc3c2c1[EOS][EOS][EOS][EOS][EOS][EOS][EOS],51263.21480965614,42
12.1,Cc1cccc(-c2nnc(C(C)[NH+]3CCN(C(=O)c4ccc(F)cc4-c4ccc(Cl)c(Cl)c4)CC3)o2)c1,[BOS]Cc1cccc(-c2nnc([C@@H](C)[NH+]3CCN(C(=O)c4ccc(F)cc4-c4ccc(Cl)c(Cl)c4)CC3)o2)c1[EOS][EOS][EOS][EOS][EOS],56159.16831946373,42
13.2,CCc1ccc(C(=O)N2CCCCC2C2CCN(C(=O)c3cnn4ccc(C)cc34)CC2)cc1,[BOS]CCc1ccc(C(=O)N2CCCC[C@H]2C2CCN(C(=O)c3cnn4ccc(C)cc34)CC2)cc1[EOS],61312.04786372185,42
12.7,CC(NC(=O)C1CC1c1cccc2ccccc12)C(=O)Nc1cccc(C2(C)CC(=O)NC2=O)c1,[BOS]C[C@H](NC(=O)[C@H]1C[C@H]1c1cccc2ccccc12)C(=O)Nc1cccc([C@]2(C)CC(=O)NC2=O)c1[EOS],5093.631262779236,42
13.0,Cc1c(C(=O)NCC2CCCC(NC(=O)Cc3ccc4c(c3)OCO4)C2)oc2c1ccc1ccccc12,[BOS]Cc1c(C(=O)NC[C@H]2CCC[C@@H](NC(=O)Cc3ccc4c(c3)OCO4)C2)oc2c1ccc1ccccc12[EOS],10376.16955280304,42
13.6,O=C(C[NH+]1Cc2ccccc2CC1c1nnc(Cc2ccccc2)o1)c1ccc(Cl)c(-c2nc3cccc4c3n2CC4)c1Cl,[BOS]O=C(C[NH+]1Cc2ccccc2C[C@@H]1c1nnc(Cc2ccccc2)o1)c1ccc(Cl)c(-c2nc3cccc4c3n2CC4)c1Cl[EOS],16157.84550666809,42
13.2,CC(=O)N1CCCc2cc(S(=O)(=O)NC3c4cccc(F)c4CCC3C)cc(Cl)c21,[BOS]CC(=O)N1CCCc2cc(S(=O)(=O)N[C@H]3c4cccc(F)c4CC[C@H]3C)cc(Cl)c21[EOS],21089.85733437538,42
13.3,Cc1cc(Cl)ccc1C(=O)N1CCCCC1C1CCN(C(=O)c2ccnc3ccc(F)cc23)CC1,[BOS]Cc1cc(Cl)ccc1C(=O)N1CCCC[C@H]1C1CCN(C(=O)c2ccnc3ccc(F)cc23)CC1[EOS],26016.703543663025,42
11.9,CC(Oc1cc(-c2ccc3c(c2)nnn3C2CC2)cn2cnnc12)C1C[NH+](Cc2ccccc2)CCO1,[BOS]C[C@H](Oc1cc(-c2ccc3c(c2)nnn3C2CC2)cn2cnnc12)[C@@H]1C[NH+](Cc2ccccc2)CCO1[EOS][EOS][EOS],30295.688021183014,42
13.1,Cc1c(F)ccc(C(=O)N2CCCCC2C2CCN(C(=O)c3ccc(F)c(F)c3C)CC2)c1N,[BOS]Cc1c(F)ccc(C(=O)N2CCCC[C@H]2C2CCN(C(=O)c3ccc(F)c(F)c3C)CC2)c1N[EOS],35589.337543964386,42
13.2,Cc1ccc(-c2nnc(SCn3nnc4ccccc4c3=O)n2-c2ccc(Cl)cc2Cl)cc1C1CC(O)=NC(=O)N1,[BOS]Cc1ccc(-c2nnc(SCn3nnc4ccccc4c3=O)n2-c2ccc(Cl)cc2Cl)cc1C1CC(O)=NC(=O)N1[EOS],40559.2501103878,42
12.8,Cc1cncc(C(=O)N2CCC3OCCCC3(CNC(=O)c3n[nH]c4ccc(-c5ccccc5)cc34)C2)c1,[BOS]Cc1cncc(C(=O)N2CC[C@H]3OCCC[C@@]3(CNC(=O)c3n[nH]c4ccc(-c5ccccc5)cc34)C2)c1[EOS][EOS][EOS][EOS][EOS][EOS][EOS][EOS],46201.83430695534,42
14.9,O=C1CCCc2cc(C(=O)N3CCCCC3c3cc(NC(=O)c4cccc5ncccc45)n[nH]3)ccc21,[BOS]O=C(Nc1cc([C@@H]2CCCCN2C(=O)c2ccc3c(c2)CCCC3=O)[nH]n1)c1cccc2ncccc12[EOS],51593.52639698982,42
13.9,Cn1cc2cc(C(=O)N3CCCCC3C3CCN(C(=O)C4CC45C(=O)Nc4ccccc45)CC3)ccc2n1,[BOS]Cn1cc2cc(C(=O)N3CCCC[C@@H]3C3CCN(C(=O)[C@@H]4C[C@@]45C(=O)Nc4ccccc45)CC3)ccc2n1[EOS][EOS][EOS][EOS][EOS][EOS],57545.024978876114,42
14.4,CC1Oc2ccc(C(=O)N3C4CCC3CC(NC(=O)C3=C5c6ccccc6C(=O)N5CC3)C4)cc2NC1=O,[BOS]C[C@@H]1Oc2ccc(C(=O)N3[C@@H]4CC[C@H]3C[C@@H](NC(=O)C3=C5c6ccccc6C(=O)N5CC3)C4)cc2NC1=O[EOS],62669.524923563,42
12.2,COc1cnc2ccccc2c1C(=O)Nc1nn(-c2ccc(-c3nn[n-]n3)cn2)cc1C,[BOS]COc1cnc2ccccc2c1C(=O)Nc1nn(-c2ccc(-c3nn[n-]n3)cn2)cc1C[EOS],4080.784025669098,42
12.3,Cc1cc(C)cc(N2CCC(C(=O)Nc3ccc4ccn(Cc5cccc(F)c5)c4n3)C2=O)c1,[BOS]Cc1cc(C)cc(N2CC[C@@H](C(=O)Nc3ccc4ccn(Cc5cccc(F)c5)c4n3)C2=O)c1[EOS],8698.794246435165,42
14.4,O=C(Nc1cc(C2CCCCN2C(=O)c2cccc3ncccc23)[nH]n1)C1Cc2ccccc2C1,[BOS]O=C(Nc1cc([C@@H]2CCCCN2C(=O)c2cccc3ncccc23)[nH]n1)C1Cc2ccccc2C1[EOS],13926.102000951767,42
12.6,Cc1c(C(=O)Nc2cccc(-c3nnc4n3CCCCC4)c2)nnn1-c1cccc2c1CC[NH+](C)C2,[BOS]Cc1c(C(=O)Nc2cccc(-c3nnc4n3CCCCC4)c2)nnn1-c1cccc2c1CC[NH+](C)C2[EOS],18617.307379722595,42
13.5,O=C(NC1CC2CCC(C1)N2C(=O)c1cc(O)nc2ccccc12)c1cc(F)c2ccccc2c1,[BOS]O=C(N[C@H]1C[C@H]2CC[C@@H](C1)N2C(=O)c1cc(O)nc2ccccc12)c1cc(F)c2ccccc2c1[EOS],23851.176946640015,42
15.1,Oc1cccc2cc(C3=NC(=Cc4c[nH]c5ccccc45)c4nc5ccccc5n4C3c3ccccc3F)ccc12,[BOS]Oc1cccc2cc(C3=NC(=Cc4c[nH]c5ccccc45)c4nc5ccccc5n4[C@@H]3c3ccccc3F)ccc12[EOS],28364.49662423134,42
12.8,Cc1ccc(-c2noc(C(C)OC(=O)c3ccc(CN4C(=O)c5ccccc5C4=O)cc3C)n2)cc1F,[BOS]Cc1ccc(-c2noc([C@@H](C)OC(=O)c3ccc(CN4C(=O)c5ccccc5C4=O)cc3C)n2)cc1F[EOS],34323.81978344917,42
13.8,O=C(Nc1cc(C2CCCCN2C(=O)c2ccc3cn[nH]c3c2)[nH]n1)c1cccc2c1CCCC2,[BOS]O=C(Nc1cc([C@@H]2CCCCN2C(=O)c2ccc3cn[nH]c3c2)[nH]n1)c1cccc2c1CCCC2[EOS],39604.05670428276,42
12.2,O=C(CC[NH+]1CCN(C(c2ccc(F)cc2)c2ccc(F)cc2)CC1)N1CCCc2ccccc21,[BOS]O=C(CC[NH+]1CCN(C(c2ccc(F)cc2)c2ccc(F)cc2)CC1)N1CCCc2ccccc21[EOS][EOS][EOS][EOS][EOS][EOS][EOS],45772.96201968193,42
12.9,Cc1c(Cl)cccc1C(=O)N1CCCCC1c1cc(NC(=O)c2cccc3[nH]ncc23)n[nH]1,[BOS]Cc1c(Cl)cccc1C(=O)N1CCCC[C@H]1c1cc(NC(=O)c2cccc3[nH]ncc23)n[nH]1[EOS],50725.13823366165,42
13.5,Nc1n[nH]c(CCC(=O)N2CCCCC2c2cc(NC(=O)c3c[nH]c4cccc(Cl)c34)n[nH]2)n1,[BOS]Nc1n[nH]c(CCC(=O)N2CCCC[C@H]2c2cc(NC(=O)c3c[nH]c4cccc(Cl)c34)n[nH]2)n1[EOS],56644.621749162674,42
15.0,O=C(Cc1cc(=Nc2ccccc2)[nH]c2ccc3ccccc3c12)c1ccc(-c2cc3ccccc3c3ccccc23)cc1,[BOS]O=C(Cc1c/c(=N\c2ccccc2)[nH]c2ccc3ccccc3c12)c1ccc(-c2cc3ccccc3c3ccccc23)cc1[EOS],62243.533076524734,42
12.8,O=C(Nc1ccc(-c2nn[n-]n2)c(F)c1)N1Cc2ccccc2C2(CCOCC2)C1,[BOS]O=C(Nc1ccc(-c2nn[n-]n2)c(F)c1)N1Cc2ccccc2C2(CCOCC2)C1[EOS],4430.1858959198,42
13.2,Cc1ccc(C(=O)N2CCCCC2c2cc(NC(=O)Cc3c(Cl)ccc(C)c3F)n[nH]2)c(C)c1F,[BOS]Cc1ccc(C(=O)N2CCCC[C@H]2c2cc(NC(=O)Cc3c(Cl)ccc(C)c3F)n[nH]2)c(C)c1F[EOS],9759.200075864792,42
12.0,O=c1c(Cl)c(-c2[nH]c3c(F)cccc3c2Cc2ccc(F)cc2)cnn1-c1ccc2c(Cl)cccc2c1,[BOS]O=c1c(Cl)c(c2[nH]c3c(F)cccc3c2Cc2ccc(F)cc2)cnn1-c1ccc2c(Cl)cccc2c1[EOS][EOS],15213.629952192307,42
12.1,O=C(NCC1CCN(C(=O)c2n[nH]c3ccccc23)C1c1cccnc1)c1cccc2c1OCC2,[BOS]O=C(NC[C@H]1CCN(C(=O)c2n[nH]c3ccccc23)[C@@H]1c1cccnc1)c1cccc2c1OCC2[EOS][EOS][EOS][EOS][EOS][EOS][EOS][EOS],20938.761245012283,42
13.3,COc1cc(C(=O)N2CCCCC2c2cc(NC(=O)c3cccc4cccc(Cl)c34)n[nH]2)ccc1F,[BOS]COc1cc(C(=O)N2CCCC[C@H]2c2cc(NC(=O)c3cccc4cccc(Cl)c34)n[nH]2)ccc1F[EOS],26100.213250398636,42
12.8,N#Cc1cccc(C(=O)N2CCCCC2c2cc(NC(=O)c3cnnc4ccccc34)n[nH]2)c1Cl,[BOS]N#Cc1cccc(C(=O)N2CCCC[C@H]2c2cc(NC(=O)c3cnnc4ccccc34)n[nH]2)c1Cl[EOS],31076.9833881855,42
13.4,CC(=O)N1CCc2ccccc2C1CC(=O)N1CCN(C(=O)c2cccc3ccccc23)CC1,[BOS]CC(=O)N1CCc2ccccc2[C@H]1CC(=O)N1CCN(C(=O)c2cccc3ccccc23)CC1[EOS],35486.01684713364,42
12.6,CCC(Nc1nnnn1-c1ccccc1)C(=O)N1CCC(c2ccc3ccccc3c2)C1,[BOS]CC[C@H](Nc1nnnn1-c1ccccc1)C(=O)N1CC[C@H](c2ccc3ccccc3c2)C1[EOS],40401.81262779236,42
12.5,CC(C(=O)Nc1ccccc1-c1ccccc1)n1cnc2scc(-c3ccc(F)cc3)c2c1=O,[BOS]C[C@H](C(=O)Nc1ccccc1-c1ccccc1)n1cnc2scc(-c3ccc(F)cc3)c2c1=O[EOS],45523.8706278801,42
13.1,O=C(c1cc(Cl)ccc1F)N1CCC(C2CCCCN2C(=O)C2CNc3ccccc32)CC1,[BOS]O=C(c1cc(Cl)ccc1F)N1CCC([C@H]2CCCCN2C(=O)[C@H]2CNc3ccccc32)CC1[EOS],50267.930128097534,42
13.4,Cc1c(C(=O)N2CCCCC2c2cc(NC(=O)C3CNc4ccccc43)n[nH]2)ccc(F)c1F,[BOS]Cc1c(C(=O)N2CCCC[C@@H]2c2cc(NC(=O)[C@H]3CNc4ccccc43)n[nH]2)ccc(F)c1F[EOS],55242.405566215515,42
14.8,Cc1cc(=O)oc2cc(NC(=O)C[NH2+]CC3C[NH+](C(=O)c4cccc5ccccc45)CCC3C)ccc12,[BOS]Cc1cc(=O)oc2cc(NC(=O)C[NH2+]C[C@@H]3C[NH+](C(=O)c4cccc5ccccc45)CC[C@@H]3C)ccc12[EOS],61249.95675301552,42
13.3,O=C1CC(C(=O)N2CCC3COC(CNC(=O)c4ccn5nccc5c4)C3C2)=Cc2ccccc2N1,[BOS]O=C(NC[C@@H]1OC[C@@H]2CCN(C(=O)C3=Cc4ccccc4NC(=O)C3)C[C@@H]21)c1ccn2nccc2c1[EOS],5807.544039487839,42
12.5,O=C(NC1CCOC(c2ccccc2)C1)c1ccccc1-c1ncc(-c2ccc(F)cc2)o1,[BOS]O=C(N[C@@H]1CCO[C@@H](c2ccccc2)C1)c1ccccc1-c1ncc(-c2ccc(F)cc2)o1[EOS],10598.524438858032,42
13.0,O=C(Nc1cccc2ccncc12)NC(Cc1nnc(Cc2cc(F)cc3c2OCOC3)o1)c1ccccc1,[BOS]O=C(Nc1cccc2ccncc12)N[C@H](Cc1nnc(Cc2cc(F)cc3c2OCOC3)o1)c1ccccc1[EOS],15903.054953813553,42
14.0,Cc1cccc(-c2nc(Cc3nnc(-c4cccc5ccccc45)o3)nn2-c2ccc([N+](=O)[O-])cc2Cl)c1C,[BOS]Cc1cccc(-c2nc(Cc3nnc(-c4cccc5ccccc45)o3)nn2-c2ccc([N+](=O)[O-])cc2Cl)c1C[EOS],20751.715074777603,42
14.1,O=C1CCc2cc(NC(=O)C(Cc3c[nH]c4ccccc34)NC(=O)c3ccccc3Cl)c3ccccc3c2C1,[BOS]O=C1CCc2cc(NC(=O)[C@@H](Cc3c[nH]c4ccccc34)NC(=O)c3ccccc3Cl)c3ccccc3c2C1[EOS],26377.13950252533,42
12.4,Cc1cc(C(=O)NC2C3CCc4ccccc4C32)nn1-c1cccc(-c2nn[n-]n2)c1,[BOS]Cc1cc(C(=O)N[C@@H]2[C@H]3CCc4ccccc4[C@@H]32)nn1-c1cccc(-c2nn[n-]n2)c1[EOS],30165.922286748886,42
14.7,O=C1C(=C(O)c2ccc3ccccc3c2)CC(c2cccc3ccccc23)C1C(=O)c1ccc(Cl)c(Cl)c1,[BOS]O=C(c1ccc(Cl)c(Cl)c1)[C@H]1C(=O)C(=C(O)c2ccc3ccccc3c2)C[C@@H]1c1cccc2ccccc12[EOS],35456.429993629456,42
13.6,O=C(CCN1c2ccccc2Cc2ccccc21)NCCc1nc2c(ccc3ccccc32)c(=O)[nH]1,[BOS]O=C(CCN1c2ccccc2Cc2ccccc21)NCCc1nc2c(ccc3ccccc32)c(=O)[nH]1[EOS],40691.012177467346,42
13.0,Cc1c(C(=O)NCC2OCC3CCN(C(=O)c4n[nH]c5ccccc45)CC32)cnc2c1c(=O)n(C)c(=O)n2C,[BOS]Cc1c(C(=O)NC[C@@H]2OC[C@@H]3CCN(C(=O)c4n[nH]c5ccccc45)C[C@@H]32)cnc2c1c(=O)n(C)c(=O)n2C[EOS][EOS],46587.93637919426,42
13.0,O=C(NCC1(c2cccc(-c3ccccc3)c2)CCOCC1)NC1COc2cc(F)cc(F)c21,[BOS]O=C(NCC1(c2cccc(-c3ccccc3)c2)CCOCC1)N[C@H]1COc2cc(F)cc(F)c21[EOS],52079.92334127426,42
14.0,O=C(Nc1cccc(-c2ccc3c(c2)CCCO3)c1)c1nc2c(C(F)(F)F)cc(C3CC3)cc2n1-c1ccn[nH]1,[BOS]O=C(Nc1cccc(-c2ccc3c(c2)CCCO3)c1)c1nc2c(C(F)(F)F)cc(C3CC3)cc2n1-c1ccn[nH]1[EOS],56865.75984144211,42
15.0,Cc1cccc2[nH]c(C(=O)Nc3cc(C4CCCCN4C(=O)C4Cc5ccccc5C4)[nH]n3)cc12,[BOS]Cc1cccc2[nH]c(C(=O)Nc3cc([C@H]4CCCCN4C(=O)C4Cc5ccccc5C4)[nH]n3)cc12[EOS],62044.007410526276,42
13.4,O=C(NC1C2COCC1CN(C(=O)c1cccnn1)C2)c1nc2c(=O)[nH]c3ccccc3n2n1,[BOS]O=C(N[C@H]1[C@@H]2COC[C@H]1CN(C(=O)c1cccnn1)C2)c1nc2c(=O)[nH]c3ccccc3n2n1[EOS],4440.823925018311,42
16.8,c1ccc(-c2cc(COc3cc4c5ccoc5ccc4c4c3ccc3ccccc34)cc(-c3cccc4ccccc34)c2)cc1,[BOS]c1ccc(-c2cc(COc3cc4c(ccc5occc54)c4c5ccccc5ccc34)cc(-c3cccc4ccccc34)c2)cc1[EOS],9948.532990932465,42
14.0,O=C(Nc1cc(C2CCCCN2C(=O)c2cc(=O)[nH]c3ccccc23)[nH]n1)c1cccc2cccnc12,[BOS]O=C(Nc1cc([C@@H]2CCCCN2C(=O)c2cc(=O)[nH]c3ccccc23)[nH]n1)c1cccc2cccnc12[EOS],15210.668721675873,42
13.4,O=C(Nc1cc(C2CCCCN2C(=O)c2[nH]c(=O)n3c2CCCC3)[nH]n1)c1cc(=O)[nH]c2ccccc12,[BOS]O=C(Nc1cc([C@@H]2CCCCN2C(=O)c2[nH]c(=O)n3c2CCCC3)[nH]n1)c1cc(=O)[nH]c2ccccc12[EOS][EOS][EOS][EOS][EOS][EOS][EOS][EOS],20460.201110363007,42
14.5,Cc1cc(C)c(F)c(-n2nc(-c3ccc(N4CCCCC4)cc3)nc2SCc2cccc3ccccc23)c1,[BOS]Cc1cc(C)cc(-n2nc(-c3ccc(N4CCCCC4)cc3)nc2SCc2cccc3ccccc23)c1F[EOS],25327.52005338669,42
14.6,O=C(Nc1n[nH]c2cc(O)ccc12)c1cc(-c2ccc(F)cc2)nc(-c2cc3cccc(Br)c3[nH]2)n1,[BOS]O=C(Nc1n[nH]c2cc(O)ccc12)c1cc(-c2ccc(F)cc2)nc(-c2cc3cccc(Br)c3[nH]2)n1[EOS],30119.602354049683,42
13.2,O=C(Cc1cc2cccnc2cc1F)NC1(c2ccc(NC(=O)c3cc(=O)[nH]c4ccccc34)cc2)CCC1,[BOS]O=C(Cc1cc2cccnc2cc1F)NC1(c2ccc(NC(=O)c3cc(=O)[nH]c4ccccc34)cc2)CCC1[EOS][EOS][EOS][EOS][EOS][EOS][EOS],35892.819479227066,42
12.8,O=C(Cc1nnc(-c2ccccc2)o1)N1CC=C(c2ccc(Cl)c(C(F)(F)F)c2)CC1c1ccccc1Br,[BOS]O=C(Cc1nnc(-c2ccccc2)o1)N1CC=C(c2ccc(Cl)c(C(F)(F)F)c2)CC1c1ccccc1Br[EOS],40646.59093618393,42
12.4,Cc1cccc2c1C(C)CC2CC(=O)Nc1ccc2oc3ccccc3c2c1,[BOS]Cc1cccc2c1[C@H](C)C[C@H]2CC(=O)Nc1ccc2oc3ccccc3c2c1[EOS],44952.741425037384,42
12.5,CN1CC[NH+](CC(=O)Nc2cc(C3CCCCN3C(=O)c3cc(-c4ccccc4Cl)n[nH]3)[nH]n2)CC1=O,[BOS]CN1CC[NH+](CC(=O)Nc2cc([C@H]3CCCCN3C(=O)c3cc(-c4ccccc4Cl)n[nH]3)[nH]n2)CC1=O[EOS],50627.5995182991,42
12.7,O=C(NC1CC2(CCCC2)Oc2ccccc21)NC1(c2cccc(-c3nn[n-]n3)c2)CC1,[BOS]O=C(N[C@@H]1CC2(CCCC2)Oc2ccccc21)NC1(c2cccc(-c3nn[n-]n3)c2)CC1[EOS],54884.86972236633,42
13.3,O=C(Nc1ccnc(N2CCc3ccccc3C2)c1)C1(Cc2ccc(Cl)cc2)CC2CCC1C2,[BOS]O=C(Nc1ccnc(N2CCc3ccccc3C2)c1)[C@]1(Cc2ccc(Cl)cc2)C[C@H]2CC[C@H]1C2[EOS],59187.1485118866,42
13.6,Cc1ccc(-c2nn(-c3ccc(Br)cc3)cc2C[NH+]2CCC3(C2)C(=O)NCC3c2ccccc2)cc1C,[BOS]Cc1ccc(-c2nn(-c3ccc(Br)cc3)cc2C[NH+]2CC[C@@]3(C2)C(=O)NC[C@H]3c2ccccc2)cc1C[EOS],5284.850414991379,42
13.1,Fc1cc(-c2nccc(N3CCCc4ccccc43)n2)c2cc[nH]c2c1OC(F)(F)c1nn[nH]n1,[BOS]Fc1cc(-c2nccc(N3CCCc4ccccc43)n2)c2cc[nH]c2c1OC(F)(F)c1nn[nH]n1[EOS][EOS][EOS][EOS][EOS][EOS][EOS],9485.433809995651,42
13.1,O=C(NCC1OCC2CCN(C(=O)CCc3c[nH]c4ncccc34)CC21)c1[nH]nc2c(F)cccc12,[BOS]O=C(NC[C@@H]1OC[C@@H]2CCN(C(=O)CCc3c[nH]c4ncccc34)C[C@@H]21)c1[nH]nc2c(F)cccc12[EOS][EOS][EOS][EOS][EOS],15325.096972942352,42
12.2,Cn1cc(C[NH+]2CCC3CN(C(F)(F)c4cc(Cl)nc5c4CCC5)CC3C2)cc1C#N,[BOS]Cn1cc(C[NH+]2CC[C@@H]3CN(C(F)(F)c4cc(Cl)nc5c4CCC5)C[C@H]3C2)cc1C#N[EOS],20116.500873804092,42
12.3,NC(=O)c1ccc(C(=O)OC(C(=O)Nc2cccc3ncccc23)c2ccccc2)c(F)c1C1=CC1,[BOS]NC(=O)c1ccc(C(=O)O[C@@H](C(=O)Nc2cccc3ncccc23)c2ccccc2)c(F)c1C1=CC1[EOS],25114.430348157883,42
14.3,O=c1ncc(-c2ccccc2)cn1C=Cc1cccc(-c2cccc(-c3cccc4ccccc34)c2)c1F,[BOS]O=c1ncc(-c2ccccc2)cn1/C=C/c1cccc(-c2cccc(-c3cccc4ccccc34)c2)c1F[EOS],30549.892250299454,42
13.8,Cc1c(C(=O)N2CCC3OCCCC3(CNC(=O)c3ccc4cccnc4n3)C2)cc2ccccc2c1Cl,[BOS]Cc1c(C(=O)N2CC[C@H]3OCCC[C@@]3(CNC(=O)c3ccc4cccnc4n3)C2)cc2ccccc2c1Cl[EOS],36473.53415608406,42
13.4,Cc1ccc2c(CSc3nnc(-c4ccncc4)n3C(C)C3CC4CCC3C4)ccc(O)c2c1C,[BOS]Cc1ccc2c(CSc3nnc(-c4ccncc4)n3[C@H](C)[C@@H]3C[C@@H]4CC[C@@H]3C4)ccc(O)c2c1C[EOS],41854.32085609436,42
15.2,O=C(Nc1cc(C2CCCCN2C(=O)Cc2ccc3ccccc3c2)[nH]n1)C1CCc2cccc(Cl)c21,[BOS]O=C(Nc1cc([C@@H]2CCCCN2C(=O)Cc2ccc3ccccc3c2)[nH]n1)[C@H]1CCc2cccc(Cl)c21[EOS],47586.87411117554,42
13.2,O=C(NCC1OCC2CCN(C(=O)CCc3c[nH]c4ncccc34)CC21)c1cccc2c1oc1ccccc12,[BOS]O=C(NC[C@@H]1OC[C@@H]2CCN(C(=O)CCc3c[nH]c4ncccc34)C[C@@H]21)c1cccc2c1oc1ccccc12[EOS],54102.71764135361,42
13.9,O=C1CCC(C(=O)N2CC=C(c3c[nH]c4ccccc34)CC2)CN1Cc1ccc(-c2ccccc2C(F)(F)F)cc1,[BOS]O=C([C@@H]1CCC(=O)N(Cc2ccc(-c3ccccc3C(F)(F)F)cc2)C1)N1CC=C(c2c[nH]c3ccccc23)CC1[EOS],59789.10772109032,42
12.4,Cc1ccc(-c2noc(C(C)NC(=O)c3cc4ccccc4cc3NC(=O)C(C)(C)C)n2)cc1F,[BOS]Cc1ccc(-c2noc([C@H](C)NC(=O)c3cc4ccccc4cc3NC(=O)C(C)(C)C)n2)cc1F[EOS],64555.410145998,42
13.0,O=C(NCC1(Cc2ccncc2)CCC(F)(F)CC1)c1ccc2c(c1)C(=O)c1ccccc1-2,[BOS]O=C(NCC1(Cc2ccncc2)CCC(F)(F)CC1)c1ccc2c(c1)C(=O)c1ccccc1-2[EOS],5383.0757212638855,42
12.2,CC(c1cc(C(F)(F)F)cc(C(F)(F)F)c1)c1nc(-c2ccc(N3CCCC3)nc2)no1,[BOS]C[C@@H](c1cc(C(F)(F)F)cc(C(F)(F)F)c1)c1nc(-c2ccc(N3CCCC3)nc2)no1[EOS],10021.900242805481,42
14.7,[NH3+]C(CC(=O)Nc1ccc2cccc(-c3nc(-c4cccc5ccncc45)no3)c2n1)c1cccc2ccccc12,[BOS][NH3+][C@@H](CC(=O)Nc1ccc2cccc(-c3nc(-c4cccc5ccncc45)no3)c2n1)c1cccc2ccccc12[EOS],17100.122092962265,42
13.9,Cc1cccc2[nH]c(C(=O)N3CCC4OCCCC4(CNC(=O)c4ccc5c(c4)C(=O)CC5)C3)cc12,[BOS]Cc1cccc2[nH]c(C(=O)N3CC[C@H]4OCCC[C@@]4(CNC(=O)c4ccc5c(c4)C(=O)CC5)C3)cc12[EOS],23310.048170804977,42
13.7,O=c1c(Cl)c(NC(Cc2c[nH]c3ccccc23)C(O)=NC2CCc3ccc(F)cc32)cnn1-c1ccc2ccccc2n1,[BOS]O=c1c(Cl)c(N[C@H](Cc2c[nH]c3ccccc23)C(O)=N[C@@H]2CCc3ccc(F)cc32)cnn1-c1ccc2ccccc2n1[EOS],30401.538767814636,42
12.8,O=C1CN(C(=O)COC(=O)C(=Cc2ccc(F)cc2)n2nnnc2-c2ccccc2)c2ccccc2N1,[BOS]O=C(COC(=O)C(=Cc1ccc(F)cc1)n1nnnc1-c1ccccc1)N1CC(=O)Nc2ccccc21[EOS],36974.25861287117,42
13.9,C[NH+]1Cc2ccccc2CC1C(=O)NCC12CCCOC1CCN(C(=O)c1cccc3c1NC(=O)C3=O)C2,[BOS]C[NH+]1Cc2ccccc2C[C@H]1C(=O)NC[C@@]12CCCO[C@@H]1CCN(C(=O)c1cccc3c1NC(=O)C3=O)C2[EOS],43073.90468668938,42
13.5,Cc1cc2cccc(C(=O)NCC34CCCOC3CCN(C(=O)Cc3cccc5ncccc35)C4)c2[nH]1,[BOS]Cc1cc2cccc(C(=O)NC[C@@]34CCCO[C@@H]3CCN(C(=O)Cc3cccc5ncccc35)C4)c2[nH]1[EOS],48993.76581907272,42
13.7,O=C(c1cccc(NC(=O)N2CCCc3c(F)cc(F)cc32)c1)N1CCc2nc[nH]c2C1,[BOS]O=C(c1cccc(NC(=O)N2CCCc3c(F)cc(F)cc32)c1)N1CCc2nc[nH]c2C1[EOS],53266.75936317444,42
13.4,Cc1ccc2cc(C(=O)N3CCC4COC(CNC(=O)Cc5cccc6ncccc56)C4C3)sc2c1,[BOS]Cc1ccc2cc(C(=O)N3CC[C@H]4CO[C@@H](CNC(=O)Cc5cccc6ncccc56)[C@H]4C3)sc2c1[EOS],58844.652300834656,42
13.5,Cc1ccc(-c2nn(CCC(=O)c3cccc(Cl)c3)c3nc(SCc4ccccc4C(F)(F)F)[nH]c(=N)c23)cc1C,[BOS]Cc1ccc(-c2nn(CCC(=O)c3cccc(Cl)c3)c3nc(SCc4ccccc4C(F)(F)F)[nH]c(=N)c23)cc1C[EOS],63830.97819209099,42
13.4,O=C(Nc1cc(C2CCCCN2C(=O)c2cnn3ccccc23)[nH]n1)c1cccnc1-c1cccc(F)c1,[BOS]O=C(Nc1cc([C@@H]2CCCCN2C(=O)c2cnn3ccccc23)[nH]n1)c1cccnc1-c1cccc(F)c1[EOS],68415.84983754158,42
13.4,O=C(NCc1cccc2cccnc12)C12CC3CC(C1)CC(n1nnc4cc(Br)ccc4c1=O)(C3)C2,[BOS]O=C(NCc1cccc2cccnc12)C12C[C@H]3C[C@@H](C1)CC(n1nnc4cc(Br)ccc4c1=O)(C3)C2[EOS],4773.588068723679,42
12.8,Cc1cccc(C(NC(=O)C2CC(=O)N(Cc3cccc(C(F)(F)F)c3)C2)c2cccc(C)c2)c1,[BOS]Cc1cccc(C(NC(=O)[C@@H]2CC(=O)N(Cc3cccc(C(F)(F)F)c3)C2)c2cccc(C)c2)c1[EOS][EOS][EOS][EOS][EOS][EOS][EOS][EOS],10342.569867610931,42
14.1,Fc1ccc(-n2nnc(-c3nn(Cc4cccc5cccnc45)c4ncccc34)n2)c2ccccc12,[BOS]Fc1ccc(-n2nnc(-c3nn(Cc4cccc5cccnc45)c4ncccc34)n2)c2ccccc12[EOS],15824.525661945343,42
13.0,Cc1ccc(-c2cc(C(=O)NCc3ccc(C4(C)NC(=O)NC4=O)cc3)c3c(C)noc3n2)cc1,[BOS]Cc1ccc(-c2cc(C(=O)NCc3ccc([C@]4(C)NC(=O)NC4=O)cc3)c3c(C)noc3n2)cc1[EOS][EOS][EOS][EOS][EOS][EOS][EOS][EOS],21100.594082832336,42
12.7,O=C(NCC(=O)N1CCC(n2cnc3ccccc32)C1)OCC1c2ccccc2-c2ccccc21,[BOS]O=C(CNC(=O)OCC1c2ccccc2-c2ccccc21)N1CC[C@H](n2cnc3ccccc32)C1[EOS][EOS][EOS][EOS][EOS][EOS][EOS],27188.610812664032,42
13.9,Cc1ccc(CCC(=O)N2CCCCC2c2cc(NC(=O)CC(C)c3ccccc3)n[nH]2)c2ccccc12,[BOS]Cc1ccc(CCC(=O)N2CCCC[C@@H]2c2cc(NC(=O)C[C@H](C)c3ccccc3)n[nH]2)c2ccccc12[EOS],33461.7405629158,42
13.8,Cc1cc2nc(C(=O)N3CCCCC3c3cc(NC(=O)c4cccc5ncccc45)n[nH]3)[nH]c2cc1C,[BOS]Cc1cc2nc(C(=O)N3CCCC[C@@H]3c3cc(NC(=O)c4cccc5ncccc45)n[nH]3)[nH]c2cc1C[EOS][EOS][EOS][EOS],39230.9016623497,42
12.5,O=C1CC(C(=O)NCc2ccccc2CN2C(=O)NC3(CCCCC3)C2=O)C2CCCCC2N1,[BOS]O=C1C[C@H](C(=O)NCc2ccccc2CN2C(=O)NC3(CCCCC3)C2=O)[C@@H]2CCCC[C@H]2N1[EOS],44682.90645813942,42
13.8,O=C(Nc1cc(C2CCCCN2C(=O)c2[nH]c3ccoc3c2-c2ccccc2)[nH]n1)c1ccnc2[nH]ccc12,[BOS]O=C(Nc1cc([C@H]2CCCCN2C(=O)c2[nH]c3ccoc3c2-c2ccccc2)[nH]n1)c1ccnc2[nH]ccc12[EOS],50005.54656791687,42
14.5,O=C(CCC1CNc2ccccc2C1)NC1CC2CCC(C1)N2C(=O)c1ccc(-c2ccccc2)c(F)c1,[BOS]O=C(CC[C@@H]1CNc2ccccc2C1)N[C@H]1C[C@H]2CC[C@@H](C1)N2C(=O)c1ccc(-c2ccccc2)c(F)c1[EOS],56369.53755021095,42
13.1,Cc1cc(C)n2ncc(C(=O)NCC34CCCOC3CCN(C(=O)Cc3ccc(F)c(F)c3)C4)c2n1,[BOS]Cc1cc(C)n2ncc(C(=O)NC[C@@]34CCCO[C@@H]3CCN(C(=O)Cc3ccc(F)c(F)c3)C4)c2n1[EOS],61820.74674010277,42
11.8,CC(Nc1ccccc1)C(=O)NC1C2COCC1CN(C(=O)c1cnc3cccc(Cl)c3c1)C2,[BOS]C[C@@H](Nc1ccccc1)C(=O)N[C@H]1[C@@H]2COC[C@H]1CN(C(=O)c1cnc3cccc(Cl)c3c1)C2[EOS],66662.17598772049,42
12.4,O=C1NC2(C(=O)N1Cc1cccc(-c3ncccn3)c1)c1ccccc1-c1ccccc12,[BOS]O=C1NC2(c3ccccc3-c3ccccc32)C(=O)N1Cc1cccc(-c2ncccn2)c1[EOS],4611.7237095832825,42
13.3,Cc1ccc(-c2nn(Cc3ccccc3)cc2C=NN2C(=O)NC(C)(c3ccccc3)C2=O)cc1C,[BOS]Cc1ccc(-c2nn(Cc3ccccc3)cc2/C=N\N2C(=O)N[C@@](C)(c3ccccc3)C2=O)cc1C[EOS],10116.158054351807,42
14.0,Cc1cc(C(=O)N2CCCCC2C2CCN(C(=O)C3=c4ccccc4=NC3)CC2)nc2ccc(Cl)cc12,[BOS]Cc1cc(C(=O)N2CCCC[C@@H]2C2CCN(C(=O)C3=c4ccccc4=NC3)CC2)nc2ccc(Cl)cc12[EOS],15291.120891332626,42
12.0,Cc1nc(C(C)(C)c2ccccc2)sc1-c1nc(Cc2nc3cccc(C)c3c(=O)[nH]2)no1,[BOS]Cc1nc(C(C)(C)c2ccccc2)sc1-c1nc(Cc2nc3cccc(C)c3c(=O)[nH]2)no1[EOS],19928.522265911102,42
12.1,O=C(NCc1ccc(-c2nn[n-]n2)c(F)c1)NC1CCCc2c1[nH]c1ccccc21,[BOS]O=C(NCc1ccc(-c2nn[n-]n2)c(F)c1)N[C@@H]1CCCc2c1[nH]c1ccccc21[EOS][EOS][EOS][EOS][EOS][EOS][EOS],24919.214765787125,42
14.0,O=C(NC1(c2ccc(NC(=O)c3ccnc4ccccc34)cc2)CCC1)C1=C2c3ccccc3C(=O)N2CC1,[BOS]O=C(NC1(c2ccc(NC(=O)c3ccnc4ccccc34)cc2)CCC1)C1=C2c3ccccc3C(=O)N2CC1[EOS][EOS][EOS][EOS],30807.09139442444,42
13.9,O=C(NC(Cc1c[nH]c2ccccc12)C(=O)NC1CCCc2ccccc21)c1ccc2ccccc2c1,[BOS]O=C(N[C@H](Cc1c[nH]c2ccccc12)C(=O)N[C@@H]1CCCc2ccccc21)c1ccc2ccccc2c1[EOS],36760.66185712814,42
12.9,CN1C(=O)c2ccc(C(=O)N3CCCC(c4nc(-c5cccc(F)c5)no4)C3)cc2C1=O,[BOS]CN1C(=O)c2ccc(C(=O)N3CCC[C@H](c4nc(-c5cccc(F)c5)no4)C3)cc2C1=O[EOS],41027.81046676636,42
14.2,COc1cccc2c1CC(C(=O)N1CCCCC1c1cc(NC(=O)c3cccc4cnccc34)n[nH]1)CC2,[BOS]COc1cccc2c1C[C@H](C(=O)N1CCCC[C@H]1c1cc(NC(=O)c3cccc4cnccc34)n[nH]1)CC2[EOS],46392.73163175583,42
12.4,N#Cc1ccc(F)c(C(=O)N2CCC(C3CCCCN3C(=O)c3cc(F)cc(C(F)(F)F)c3)CC2)c1,[BOS]N#Cc1ccc(F)c(C(=O)N2CCC([C@H]3CCCCN3C(=O)c3cc(F)cc(C(F)(F)F)c3)CC2)c1[EOS],51315.88044857979,42
13.9,Fc1cccc2c1CC[NH2+]C2CCn1nc(-c2cccc(Br)c2)c2cc(-c3ccccc3OC(F)(F)C(F)(F)F)ccc21,[BOS]Fc1cccc2c1CC[NH2+][C@@H]2CCn1nc(-c2cccc(Br)c2)c2cc(-c3ccccc3OC(F)(F)C(F)(F)F)ccc21[EOS],56575.69735908508,42
12.4,O=C(CC[NH+]1CCC(c2c[nH]c3cc(F)ccc23)CC1)N1N=C(c2ccc(Cl)cc2)CC1c1ccco1,[BOS]O=C(CC[NH+]1CCC(c2c[nH]c3cc(F)ccc23)CC1)N1N=C(c2ccc(Cl)cc2)C[C@H]1c1ccco1[EOS],61773.21425628662,42
12.6,Cc1cccc(-c2cccc(CNC(=O)c3cc4c(C(F)(F)F)cc(=O)[nH]c4o3)c2)c1,[BOS]Cc1cccc(-c2cccc(CNC(=O)c3cc4c(C(F)(F)F)cc(=O)[nH]c4o3)c2)c1[EOS],4700.478837251663,42
13.2,O=C(Cc1coc2ccc3ccccc3c12)NC1CCN(C(=O)c2ccccc2O)CC1,[BOS]O=C(Cc1coc2ccc3ccccc3c12)NC1CCN(C(=O)c2ccccc2O)CC1[EOS],9333.672211408615,42
12.5,O=C(NC1CCc2ccccc2C1)C(=O)N1Cc2ccc(O)cc2C2(CC2)C1,[BOS]O=C(N[C@@H]1CCc2ccccc2C1)C(=O)N1Cc2ccc(O)cc2C2(CC2)C1[EOS],13376.144282341003,42
12.1,O=C(COc1cccc(C(=O)NC2CC2c2cccc(F)c2)c1)Nc1ccccc1C(F)(F)F,[BOS]O=C(COc1cccc(C(=O)N[C@H]2C[C@H]2c2cccc(F)c2)c1)Nc1ccccc1C(F)(F)F[EOS][EOS][EOS][EOS][EOS][EOS][EOS],18419.743921518326,42
13.0,CC(C(=O)N1CCCCC1c1cc(NC(=O)c2c(-c3ccncn3)noc2N)n[nH]1)n1ccccc1=O,[BOS]C[C@H](C(=O)N1CCCC[C@H]1c1cc(NC(=O)c2c(-c3ccncn3)noc2N)n[nH]1)n1ccccc1=O[EOS],24298.45205974579,42
13.9,O=C(Nc1cccc(-c2nnc3n2CCC3)c1)C(N=C(O)OCC1c2ccccc2-c2ccccc21)C1CCCCCC1,[BOS]O=C(Nc1cccc(-c2nnc3n2CCC3)c1)[C@@H](N=C(O)OCC1c2ccccc2-c2ccccc21)C1CCCCCC1[EOS],30288.081092596054,42
13.4,CC1(C(=O)Nc2ccc3c(c2)CCC3C(N)=O)COCCN1C(=O)OCC1c2ccccc2-c2ccccc21,[BOS]C[C@@]1(C(=O)Nc2ccc3c(c2)CC[C@H]3C(N)=O)COCCN1C(=O)OCC1c2ccccc2-c2ccccc21[EOS],35211.4660859108,42
13.3,Cn1c(C(NC(=O)c2ccc(-n3cnc4ccccc43)nc2)c2ccc(Br)cc2)nc2ccccc21,[BOS]Cn1c([C@@H](NC(=O)c2ccc(-n3cnc4ccccc43)nc2)c2ccc(Br)cc2)nc2ccccc21[EOS],39989.391964912415,42
13.5,Cc1cccc(CCC(=O)N2CCCCC2c2cc(NC(=O)C3CCc4ccccc43)n[nH]2)c1,[BOS]Cc1cccc(CCC(=O)N2CCCC[C@@H]2c2cc(NC(=O)[C@@H]3CCc4ccccc43)n[nH]2)c1[EOS],45894.29163503647,42
13.1,N#Cc1c(NC(=O)CCc2c(-c3ccc(F)cc3)[nH]c3ccc(F)cc23)ncc2c1CCCC2,[BOS]O=C(CCc1c(-c2ccc(F)cc2)[nH]c2ccc(F)cc12)Nc1ncc2c(c1C#N)CCCC2[EOS],51801.13722753525,42
13.2,O=C(Cc1sc(=Nc2ccccc2F)n(C2CCc3ccccc3C2)c1O)Nc1ccc(F)cc1F,[BOS]O=C(Cc1s/c(=N/c2ccccc2F)n([C@@H]2CCc3ccccc3C2)c1O)Nc1ccc(F)cc1F[EOS],57602.234974861145,42
13.0,CC(NC(=O)NCc1ccccc1NS(=O)(=O)c1ccccc1)c1ccc(F)c2ccccc12,[BOS]C[C@@H](NC(=O)NCc1ccccc1NS(=O)(=O)c1ccccc1)c1ccc(F)c2ccccc12[EOS],62933.495094537735,42
12.9,Cc1cc(C)n(-c2ccc(C(=O)NCc3cccc(Oc4ccc5ccccc5c4)c3)cn2)n1,[BOS]Cc1cc(C)n(-c2ccc(C(=O)NCc3cccc(Oc4ccc5ccccc5c4)c3)cn2)n1[EOS],5427.296847343445,42
13.6,O=C(Cn1c2ccccc2c(=O)c2ccccc21)c1cccc(N2C(=O)c3c(Cl)c(Cl)c(Cl)c(Cl)c3C2=O)c1,[BOS]O=C(Cn1c2ccccc2c(=O)c2ccccc21)c1cccc(N2C(=O)c3c(Cl)c(Cl)c(Cl)c(Cl)c3C2=O)c1[EOS],10272.882954835892,42
13.0,O=S(=O)(NCC1Cc2ccccc2C[NH+]1Cc1cccnc1)C1=Cc2ccccc2CCC1,[BOS]O=S(=O)(NC[C@H]1Cc2ccccc2C[NH+]1Cc1cccnc1)C1=Cc2ccccc2CCC1[EOS],14934.506355047226,42
13.8,O=C(c1c(F)cc(-c2nc3c(ccc4ncccc43)cc2C(F)(F)F)cc1F)N1CCc2nc[nH]c2C1,[BOS]O=C(c1c(F)cc(-c2nc3c(ccc4ncccc43)cc2C(F)(F)F)cc1F)N1CCc2nc[nH]c2C1[EOS],19233.89323091507,42
13.1,Cc1cccc(N2C=C(c3cc4ccccc4nc3O)c3ccc4ccccc4c3C2)c1C,[BOS]Cc1cccc(N2C=C(c3cc4ccccc4nc3O)c3ccc4ccccc4c3C2)c1C[EOS][EOS][EOS][EOS][EOS],24095.995250701904,42
13.7,O=C(NCC1OCC2CCN(C(=O)c3ccc4c(Cl)ccnc4c3)CC21)c1[nH]cc2c1CCc1ccccc1-2,[BOS]O=C(NC[C@@H]1OC[C@@H]2CCN(C(=O)c3ccc4c(Cl)ccnc4c3)C[C@@H]21)c1[nH]cc2c1CCc1ccccc1-2[EOS][EOS][EOS][EOS][EOS][EOS][EOS],29604.68987441063,42
15.3,O=C(Oc1ccc(-c2ccccc2)cc1C=NN=C(O)c1ccc2ccccc2c1)c1cccc2oc3ccccc3c12,[BOS]O=C(Oc1ccc(-c2ccccc2)cc1C=NN=C(O)c1ccc2ccccc2c1)c1cccc2oc3ccccc3c12[EOS],36605.03414058685,42
13.1,Cc1cccc2cc(C(=O)Nc3cc(C4CCCCN4C(=O)Cc4cccc5ncccc45)[nH]n3)[nH]c12,[BOS]Cc1cccc2cc(C(=O)Nc3cc([C@H]4CCCCN4C(=O)Cc4cccc5ncccc45)[nH]n3)[nH]c12[EOS],42063.38989233971,42
12.8,CC(OC(=O)C1(c2ccccc2)CNC(=O)C1)C(=O)N1c2ccccc2CCc2ccccc21,[BOS]C[C@@H](OC(=O)[C@]1(c2ccccc2)CNC(=O)C1)C(=O)N1c2ccccc2CCc2ccccc21[EOS],47158.36350822449,42
12.8,CC1Cc2ccccc2N1C(=O)C1CCCCC1C(=O)NC1CCc2ccc(O)cc2C1,[BOS]C[C@@H]1Cc2ccccc2N1C(=O)[C@H]1CCCC[C@H]1C(=O)N[C@@H]1CCc2ccc(O)cc2C1[EOS],51383.92672300339,42
12.9,FC(F)(F)Oc1cccc(-c2cccc(CN3CCc4nnc(Cc5cccc[nH+]5)n4CC3)c2)c1,[BOS]FC(F)(F)Oc1cccc(-c2cccc(CN3CCc4nnc(Cc5cccc[nH+]5)n4CC3)c2)c1[EOS],56427.60130262375,42
13.4,Cc1cc(F)cc(CC(=O)N2CCCCC2C2CCN(C(=O)COc3cccc4ccccc34)CC2)c1,[BOS]Cc1cc(F)cc(CC(=O)N2CCCC[C@H]2C2CCN(C(=O)COc3cccc4ccccc34)CC2)c1[EOS],61952.692740917206,42
13.1,C[NH+]1CCN(c2ncccn2)CC1c1nnc2ccc(-c3nc(-c4cncc5ccccc45)no3)cn12,[BOS]C[NH+]1CCN(c2ncccn2)C[C@H]1c1nnc2ccc(-c3nc(-c4cncc5ccccc45)no3)cn12[EOS],5601.960227251053,42
13.4,O=C1[NH+]c2ccccc2C1C1CCN(C(=O)c2ccc(=O)n(-c3cccc(F)c3)c2)CC1,[BOS]O=C1[NH+]c2ccccc2[C@@H]1C1CCN(C(=O)c2ccc(=O)n(-c3cccc(F)c3)c2)CC1[EOS],9932.742958545685,42
13.4,O=C(NCc1cc(=O)oc2cc3c(cc12)OCO3)c1c(OCc2ccccc2)ccc2ccccc12,[BOS]O=C(NCc1cc(=O)oc2cc3c(cc12)OCO3)c1c(OCc2ccccc2)ccc2ccccc12[EOS],15506.144155025482,42
14.2,O=C(NC(Cn1ccc2ccccc21)c1ccc(F)c(-c2cc3ccc(F)cc3oc2=O)c1)c1ccc(-n2cccn2)cc1,[BOS]O=C(N[C@H](Cn1ccc2ccccc21)c1ccc(F)c(-c2cc3ccc(F)cc3oc2=O)c1)c1ccc(-n2cccn2)cc1[EOS][EOS][EOS][EOS][EOS],21219.052654743195,42
12.6,Cc1cc(C)n(-c2cccc(C(=O)N3CCCC3c3cccc4ccccc34)c2)n1,[BOS]Cc1cc(C)n(-c2cccc(C(=O)N3CCC[C@@H]3c3cccc4ccccc34)c2)n1[EOS],25726.32372069359,42
14.1,Cc1cccc2cc(C(c3nnnn3Cc3ccc4c(c3)OCO4)N3Cc4ccccc4CC3C)c(=O)[nH]c12,[BOS]Cc1cccc2cc([C@H](c3nnnn3Cc3ccc4c(c3)OCO4)N3Cc4ccccc4CC3C)c(=O)[nH]c12[EOS],32361.992069482803,42
13.7,O=C(Nc1cccc(N2C(=O)CCCC2=O)c1)C1CC(=O)N(c2ccc3c(c2)Cc2ccccc2-3)C1,[BOS]O=C(Nc1cccc(N2C(=O)CCCC2=O)c1)C1CC(=O)N(c2ccc3c(c2)Cc2ccccc2-3)C1[EOS],37314.3752655983,42
14.3,O=C(NC(C(=O)Nc1ccc(N2CCCC2=O)cc1)c1cccc2ccccc12)c1ccc(Br)c2ccccc12,[BOS]O=C(N[C@@H](C(=O)Nc1ccc(N2CCCC2=O)cc1)c1cccc2ccccc12)c1ccc(Br)c2ccccc12[EOS],43199.408458948135,42
12.9,O=C(Nc1cccc(N2C(=O)COCC2=O)c1)N1Cc2ccccc2-c2ccccc2C1,[BOS]O=C1COCC(=O)N1c1cccc(NC(=O)N2Cc3ccccc3-c3ccccc3C2)c1[EOS],47481.485795259476,42
12.1,Cc1cccc(C2(CNC(=O)Cn3ccc(=O)c4cc(Cl)ccc43)CCC3(CC2)OCCO3)c1,[BOS]Cc1cccc(C2(CNC(=O)Cn3ccc(=O)c4cc(Cl)ccc43)CCC3(CC2)OCCO3)c1[EOS],52506.90301704407,42
12.1,O=C(NC(c1ccccc1)c1ccc2nc[nH]c2c1)C1CCc2nnc(-c3ccccc3)n2C1,[BOS]O=C(N[C@H](c1ccccc1)c1ccc2nc[nH]c2c1)[C@@H]1CCc2nnc(-c3ccccc3)n2C1[EOS],57457.72413468361,42
13.4,Cc1cc(Cl)c2ccc(C(=O)N3CCCCC3c3cc(NC(=O)c4ccc(F)nc4)n[nH]3)cc2n1,[BOS]Cc1cc(Cl)c2ccc(C(=O)N3CCCC[C@@H]3c3cc(NC(=O)c4ccc(F)nc4)n[nH]3)cc2n1[EOS][EOS][EOS][EOS],62980.3601129055,42
12.7,Cc1ccc(CC2CCCN(C(=O)CN3c4cccc5cccc(c45)S3(=O)=O)C2)c(C)c1C,[BOS]Cc1ccc(C[C@H]2CCCN(C(=O)CN3c4cccc5cccc(c45)S3(=O)=O)C2)c(C)c1C[EOS],4527.8527710437775,42
12.5,O=C(NCC[NH+]1CCc2ccccc2C1)C1Cc2ccccc2CN1S(=O)(=O)c1ccc(F)cc1,[BOS]O=C(NCC[NH+]1CCc2ccccc2C1)[C@H]1Cc2ccccc2CN1S(=O)(=O)c1ccc(F)cc1[EOS],9612.161956071854,42
13.0,O=C(Cc1cc2ccccc2c(=O)[nH]1)Nc1cccc(C(=O)N2CCc3ccccc32)c1,[BOS]O=C(Cc1cc2ccccc2c(=O)[nH]1)Nc1cccc(C(=O)N2CCc3ccccc32)c1[EOS],15395.83144402504,42
11.8,CNC(=O)c1n[nH]c(C2CCN(C(C(=O)Nc3ccc(F)cc3)c3ccc(F)c(C)c3)CC2)n1,[BOS]CNC(=O)c1n[nH]c(C2CCN([C@@H](C(=O)Nc3ccc(F)cc3)c3ccc(F)c(C)c3)CC2)n1[EOS],20332.34958410263,42
12.4,CC(=O)Nc1cccc(C(C)N(Cc2ccccc2)C(=O)C2CC(c3cccc(F)c3F)=NO2)c1,[BOS]CC(=O)Nc1cccc([C@H](C)N(Cc2ccccc2)C(=O)[C@H]2CC(c3cccc(F)c3F)=NO2)c1[EOS],24961.808083295822,42
13.8,O=C(CC1CS(=O)(=O)c2ccccc2O1)N1CCCCC1c1[nH]c(-c2ccccc2)cc1CCc1ccccc1,[BOS]O=C(C[C@@H]1CS(=O)(=O)c2ccccc2O1)N1CCCC[C@H]1c1[nH]c(-c2ccccc2)cc1CCc1ccccc1[EOS],29654.13547205925,42
13.2,O=C(CC1OCCc2ccccc21)Nc1ccc(C2(NC(=O)Cc3ccc4ncccc4c3)CCC2)cc1,[BOS]O=C(C[C@@H]1OCCc2ccccc21)Nc1ccc(C2(NC(=O)Cc3ccc4ncccc4c3)CCC2)cc1[EOS],35752.49333548546,42
12.0,CC1(CC2CCCN2C(=O)C2CC(c3ccc(Cl)cc3Cl)=NO2)NC(=O)NC1=O,[BOS]C[C@]1(C[C@@H]2CCCN2C(=O)[C@H]2CC(c3ccc(Cl)cc3Cl)=NO2)NC(=O)NC1=O[EOS],40290.294087171555,42
15.2,O=C(C=Cc1cccc2c1ccc1ccccc12)C1CCCN1C(=O)Cc1cc2ccccc2c2ccc(F)cc12,[BOS]O=C(C=Cc1cccc2c1ccc1ccccc12)C1CCCN1C(=O)Cc1cc2ccccc2c2ccc(F)cc12[EOS],46417.90897989273,42
12.9,O=C(Nc1cccnc1)C(=O)N1CCCCC1c1cc(NC(=O)c2cnnn2-c2ccccc2)n[nH]1,[BOS]O=C(Nc1cccnc1)C(=O)N1CCCC[C@@H]1c1cc(NC(=O)c2cnnn2-c2ccccc2)n[nH]1[EOS],51457.89124751091,42
14.8,Cc1cccc(C(C)C)c1NC(=O)c1c2c(nc3ccccc13)C(=CC1C(=O)N(C)c3ccccc31)CCCC2,[BOS]Cc1cccc(C(C)C)c1NC(=O)c1c2c(nc3ccccc13)C(=CC1C(=O)N(C)c3ccccc31)CCCC2[EOS],56168.36672592163,42
13.2,O=C(c1cc2c(ccc3ncccc32)s1)N1CC2(CCCN2C(=O)C2CC2c2ccc(F)c(F)c2)C1,[BOS]O=C(c1cc2c(ccc3ncccc32)s1)N1CC2(CCCN2C(=O)[C@H]2C[C@@H]2c2ccc(F)c(F)c2)C1[EOS],60397.626767873764,42
12.6,Cc1cc(OC(=O)c2cn(C)c(=O)n(Cc3cc(C(F)(F)F)cc(C(F)(F)F)c3)c2=O)c2cn[nH]c2c1,[BOS]Cc1cc(OC(=O)c2cn(C)c(=O)n(Cc3cc(C(F)(F)F)cc(C(F)(F)F)c3)c2=O)c2cn[nH]c2c1[EOS],5288.7711300849915,42
12.2,CCCC1CN(c2cccc(C(F)(F)F)c2)CCN1C(=O)CC1OC(=O)c2ccccc21,[BOS]CCC[C@@H]1CN(c2cccc(C(F)(F)F)c2)CCN1C(=O)C[C@@H]1OC(=O)c2ccccc21[EOS],9883.118593215942,42
13.5,O=C(Nc1ccc(C2(NC(=O)c3[nH]nc4c(F)cccc34)CCC2)cc1)c1ccc2c(c1)CCCC2=O,[BOS]O=C(Nc1ccc(C2(NC(=O)c3[nH]nc4c(F)cccc34)CCC2)cc1)c1ccc2c(c1)CCCC2=O[EOS],15991.959164381027,42
12.7,Cc1csc(C(=O)NC2CC[NH+](C3CCN(C(=O)c4cccc5c4oc4ccccc45)CC3)CC2)c1,[BOS]Cc1csc(C(=O)NC2CC[NH+](C3CCN(C(=O)c4cccc5c4oc4ccccc45)CC3)CC2)c1[EOS],21197.788870334625,42
13.6,CC(Sc1nc2ccccc2c(=O)n1-c1ccc2ccccc2c1)C(=O)N1CCSc2ccccc21,[BOS]C[C@H](Sc1nc2ccccc2c(=O)n1-c1ccc2ccccc2c1)C(=O)N1CCSc2ccccc21[EOS],27030.526068925858,42
12.7,NC(=O)C1CC(C(=O)NCC2(c3cccc(C(F)(F)F)c3)CCCCC2)=NN1c1ccc(F)cc1,[BOS]NC(=O)[C@@H]1CC(C(=O)NCC2(c3cccc(C(F)(F)F)c3)CCCCC2)=NN1c1ccc(F)cc1[EOS],32525.234925746918,42
13.9,O=C(Nc1c(-c2ccccc2)[nH]c2ccccc12)C1CCN(C(=O)c2cccc3ccccc23)CC1,[BOS]O=C(Nc1c(-c2ccccc2)[nH]c2ccccc12)C1CCN(C(=O)c2cccc3ccccc23)CC1[EOS],37466.622007369995,42
12.2,O=C(Cn1cnc2c(NC(=O)c3ccccc3)ncnc21)NCc1ccc2c(c1)CCCC2=O,[BOS]O=C(Cn1cnc2c(NC(=O)c3ccccc3)ncnc21)NCc1ccc2c(c1)CCCC2=O[EOS],43048.80075478554,42
12.6,O=C(NCCCNC(=O)N1CCCCCC1c1ccncc1)c1ccccc1NC(=O)N1CCOCC1C1CCCCCC1=C1CC1,[BOS]O=C(NCCCNC(=O)N1CCCCC[C@H]1c1ccncc1)c1ccccc1NC(=O)N1CCOC[C@@H]1C1CCCCCC1=C1CC1[EOS],49384.2183368206,42
11.8,Cc1cc(CNC(=O)Nc2ccc3c(c2F)CCNC3=O)ccc1-c1ccccc1,[BOS]Cc1cc(CNC(=O)Nc2ccc3c(c2F)CCNC3=O)ccc1-c1ccccc1[EOS],54046.3718085289,42
13.1,Cc1nc2cc(C(=O)N3CCOc4cc(F)c(F)cc43)ccc2c(-c2ccccc2)c1C,[BOS]Cc1nc2cc(C(=O)N3CCOc4cc(F)c(F)cc43)ccc2c(-c2ccccc2)c1C[EOS],58319.81077623367,42
12.6,CC(NC(=O)NC1CCc2ccc(-c3ccccc3)cc21)C(=O)N1c2ccccc2CC1C,[BOS]C[C@H](NC(=O)N[C@H]1CCc2ccc(-c3ccccc3)cc21)C(=O)N1c2ccccc2C[C@H]1C[EOS],62642.52421808243,42
14.0,O=C(Nc1n[nH]cc1C(=O)Nn1cnc2sc3c(c2c1=O)CCCC3)c1ccc2c(c1)CCCC2=O,[BOS]O=C(Nc1n[nH]cc1C(=O)Nn1cnc2sc3c(c2c1=O)CCCC3)c1ccc2c(c1)CCCC2=O[EOS],5259.855858802795,42
13.9,Cc1ccc(C(=O)Nc2cc(C3CCCCN3C(=O)C3Cc4ccccc4C[NH+]3C)[nH]n2)c(=O)n1[O-],[BOS]Cc1ccc(C(=O)Nc2cc([C@H]3CCCCN3C(=O)[C@H]3Cc4ccccc4C[NH+]3C)[nH]n2)c(=O)n1[O-][EOS],10427.205108880997,42
12.3,CC(C)c1ccc(CN=c2[nH]nc(SC(C)c3nnc(-c4ccc5ccccc5c4)o3)s2)cc1[N+](=O)[O-],[BOS]CC(C)c1ccc(CN=c2[nH]nc(S[C@@H](C)c3nnc(-c4ccc5ccccc5c4)o3)s2)cc1[N+](=O)[O-][EOS],16715.911464452744,42
13.4,Cn1cc(C(=O)Nc2cc(C3CCCCN3C(=O)c3ccc4c(c3)NC(=O)CC4)[nH]n2)c2cccnc21,[BOS]Cn1cc(C(=O)Nc2cc([C@H]3CCCCN3C(=O)c3ccc4c(c3)NC(=O)CC4)[nH]n2)c2cccnc21[EOS],22045.589267015457,42
11.7,CC1CCN(c2ccc(CNc3c(C(N)=O)c[nH+]c4ccc(Cl)cc34)cc2F)CC(C)O1,[BOS]C[C@H]1CN(c2ccc(CNc3c(C(N)=O)c[nH+]c4ccc(Cl)cc34)cc2F)CC[C@H](C)O1[EOS],26958.927047491074,42
12.9,O=C(NCC(c1ccccc1Cl)c1c[nH]c2ccccc12)c1ccc2noc(-c3ccc(F)cc3)c2c1,[BOS]O=C(NC[C@H](c1ccccc1Cl)c1c[nH]c2ccccc12)c1ccc2noc(-c3ccc(F)cc3)c2c1[EOS],32631.045427560806,42
12.5,CC(OC(=O)C1=NN(c2ccc(F)cc2)C(C(N)=O)C1)c1nnc(-c2ccc3ccccc3c2)o1,[BOS]C[C@@H](OC(=O)C1=NN(c2ccc(F)cc2)[C@H](C(N)=O)C1)c1nnc(-c2ccc3ccccc3c2)o1[EOS][EOS][EOS][EOS][EOS][EOS][EOS][EOS],38150.83295035362,42
13.8,Cc1cc2cc(C(=O)NCC(c3ccc(C)c(-n4cnc(C)c4C)c3)c3c[nH]c4ccccc34)[nH]c2cc1C,[BOS]Cc1ccc([C@H](CNC(=O)c2cc3cc(C)c(C)cc3[nH]2)c2c[nH]c3ccccc23)cc1-n1cnc(C)c1C[EOS],43084.85939502716,42
12.1,O=C1C([NH2+]Cc2cn(S(=O)(=O)c3ccc(Cl)cc3)c3ccccc23)CCN1c1ccccc1F,[BOS]O=C1[C@H]([NH2+]Cc2cn(S(=O)(=O)c3ccc(Cl)cc3)c3ccccc23)CCN1c1ccccc1F[EOS][EOS][EOS][EOS][EOS][EOS],48719.247948884964,42
12.9,O=C(NCC1OCC2CCN(C(=O)Cc3c[nH]c4ccccc34)CC21)C1CCc2cccc(Cl)c21,[BOS]O=C(NC[C@@H]1OC[C@@H]2CCN(C(=O)Cc3c[nH]c4ccccc34)C[C@@H]21)[C@H]1CCc2cccc(Cl)c21[EOS],54604.95345902443,42
13.2,Cn1c(=O)[nH]c2ncc(-c3cccc(-c4nc(C5CCc6ccccc6C5)no4)c3)cc21,[BOS]Cn1c(=O)[nH]c2ncc(-c3cccc(-c4nc([C@H]5CCc6ccccc6C5)no4)c3)cc21[EOS],59273.46266961098,42
12.7,O=C(NC1CCN(C(=O)NCc2ccccc2)C1)OCC1c2ccccc2-c2ccccc21,[BOS]O=C(N[C@@H]1CCN(C(=O)NCc2ccccc2)C1)OCC1c2ccccc2-c2ccccc21[EOS],63491.538892269135,42
15.0,CN1C(=O)CCc2cc(-c3cc(C(=O)NC4(C)C=Cc5ccccc54)c4ccc(F)cc4n3)cc(F)c21,[BOS]CN1C(=O)CCc2cc(-c3cc(C(=O)N[C@]4(C)C=Cc5ccccc54)c4ccc(F)cc4n3)cc(F)c21[EOS],4809.079533815384,42
12.8,CC(NNc1ccccc1)C(=O)N1CCCCC1c1cc(NC(=O)c2cccn3c(=O)[nH]nc23)n[nH]1,[BOS]C[C@@H](NNc1ccccc1)C(=O)N1CCCC[C@@H]1c1cc(NC(=O)c2cccn3c(=O)[nH]nc23)n[nH]1[EOS],11173.64728474617,42
13.7,O=C(c1c[nH]c2ccccc12)C(OCC(=O)N1Cc2ccccc2-c2c1ccc1ncccc21)c1ccccc1,[BOS]O=C(CO[C@H](C(=O)c1c[nH]c2ccccc12)c1ccccc1)N1Cc2ccccc2-c2c1ccc1ncccc21[EOS],16841.925101280212,42
12.9,O=C1NC(=O)c2cc(NC(=O)N3CCC(C4C(=O)Nc5ccccc54)CC3)ccc21,[BOS]O=C1Nc2ccccc2[C@@H]1C1CCN(C(=O)Nc2ccc3c(c2)C(=O)NC3=O)CC1[EOS],21166.249291181564,42
13.2,O=c1[nH]c2ccc(-c3noc(-c4cccc5c4OCC[NH2+]C5)n3)cc2c2c1CCCC2,[BOS]O=c1[nH]c2ccc(-c3noc(-c4cccc5c4OCC[NH2+]C5)n3)cc2c2c1CCCC2[EOS],24909.819885015488,42
13.7,O=C(CC1CC2(CCOCC2)c2cc(F)ccc21)NC(Cc1ccccc1)c1n[nH]c(=O)c2ccccc12,[BOS]O=C(C[C@@H]1CC2(CCOCC2)c2cc(F)ccc21)N[C@@H](Cc1ccccc1)c1n[nH]c(=O)c2ccccc12[EOS],29912.99605703354,42
12.5,CC(F)(F)C(C)(C)C(=O)N1CCC([NH+]2CCC(NC(=O)c3cc4cc(F)c(F)cc4[nH]3)CC2)CC1,[BOS]CC(F)(F)C(C)(C)C(=O)N1CCC([NH+]2CCC(NC(=O)c3cc4cc(F)c(F)cc4[nH]3)CC2)CC1[EOS],34891.068969488144,42
13.3,Cc1ccc(-c2nnc(C3CCC(=O)N(Cc4ccccc4)C3c3ccccc3)o2)c2ccccc12,[BOS]Cc1ccc(-c2nnc([C@H]3CCC(=O)N(Cc4ccccc4)[C@H]3c3ccccc3)o2)c2ccccc12[EOS],39676.94659924507,42
13.5,O=C(Cc1n[nH]c(=O)c2ccccc12)Nc1cc(C(=O)N(C2CC2)C2CCc3ccccc32)ccc1Cl,[BOS]O=C(Cc1n[nH]c(=O)c2ccccc12)Nc1cc(C(=O)N(C2CC2)[C@H]2CCc3ccccc32)ccc1Cl[EOS],44810.99300956726,42
13.5,CC1CCc2c1n[nH]c2C(=O)N1CCCCC1c1cc(NC(=O)c2cccc3cnccc23)n[nH]1,[BOS]C[C@@H]1CCc2c1n[nH]c2C(=O)N1CCCC[C@H]1c1cc(NC(=O)c2cccc3cnccc23)n[nH]1[EOS],50003.11347413063,42
11.9,CC(c1ccccc1)[NH+]1CCC2(CC(=O)c3ccc4c(c3O2)CCCC4)C1,[BOS]C[C@@H](c1ccccc1)[NH+]1CC[C@]2(CC(=O)c3ccc4c(c3O2)CCCC4)C1[EOS],54020.82825756073,42
12.7,Cc1cc2nc(C(=O)N3CCCCC3c3cc(NC(=O)c4[nH]ccc4C)n[nH]3)[nH]c2cc1C,[BOS]Cc1cc[nH]c1C(=O)Nc1cc([C@H]2CCCCN2C(=O)c2nc3cc(C)c(C)cc3[nH]2)[nH]n1[EOS][EOS][EOS][EOS][EOS][EOS][EOS][EOS],58856.8519551754,42
12.3,Cc1ccc(Nc2ccccc2C(=O)Nc2cc(C)n(-c3cccc(Cl)c3)n2)cc1,[BOS]Cc1ccc(Nc2ccccc2C(=O)Nc2cc(C)n(-c3cccc(Cl)c3)n2)cc1[EOS],4819.803773880005,42
13.1,CCc1cc(C(=O)N2CCCCC2c2cc(NC(=O)C3(c4cccc(Cl)c4)CC3)n[nH]2)nc(C)n1,[BOS]CCc1cc(C(=O)N2CCCC[C@@H]2c2cc(NC(=O)C3(c4cccc(Cl)c4)CC3)n[nH]2)nc(C)n1[EOS],9786.628880023956,42
12.7,CC(NC(=O)CN(Cn1nnc2ccccc2c1=O)c1ccc(F)c(Cl)c1)c1ccc2ccccc2c1,[BOS]C[C@@H](NC(=O)CN(Cn1nnc2ccccc2c1=O)c1ccc(F)c(Cl)c1)c1ccc2ccccc2c1[EOS],15616.596471786499,42
12.3,NC(=O)c1cc(C(=O)Nc2nc(-c3cccc(OC(F)(F)F)c3)ns2)nn1-c1ccccc1,[BOS]NC(=O)c1cc(C(=O)Nc2nc(-c3cccc(OC(F)(F)F)c3)ns2)nn1-c1ccccc1[EOS],20251.2062394619,42
14.1,O=C(O)c1cccc(-c2ccc(N3CCCC3C(=O)Nc3ccc4c(c3)Cc3ccccc3-4)c(Cl)c2)c1O,[BOS]O=C(Nc1ccc2c(c1)Cc1ccccc1-2)[C@@H]1CCCN1c1ccc(-c2cccc(C(=O)O)c2O)cc1Cl[EOS],25314.023672819138,42
12.5,NC(=O)c1cccc(Cc2noc(-c3ccc4c(=O)n(CCc5ccccc5)c(=S)[nH]c4c3)n2)c1,[BOS]NC(=O)c1cccc(Cc2noc(-c3ccc4c(=O)n(CCc5ccccc5)c(=S)[nH]c4c3)n2)c1[EOS][EOS],30753.068078279495,42
11.9,O=C(Cc1ccc2ncc(Br)cc2c1)N1CC2(CCCN2C(=O)C2CC2c2ccc(F)cc2)C1,[BOS]O=C(Cc1ccc2ncc(Br)cc2c1)N1CC2(CCCN2C(=O)[C@H]2C[C@H]2c2ccc(F)cc2)C1[EOS][EOS][EOS][EOS][EOS],36466.831528902054,42
14.4,O=C(NC1CC2CCC(C1)N2C(=O)c1cccc2c1oc1ccccc12)c1cc2c(F)cc(F)cc2[nH]1,[BOS]O=C(N[C@H]1C[C@H]2CC[C@@H](C1)N2C(=O)c1cccc2c1oc1ccccc12)c1cc2c(F)cc(F)cc2[nH]1[EOS],41833.325822114944,42
13.0,O=S(=O)(c1ccccc1F)N1CCCC(c2nc(Cc3ccccc3Cl)nn2-c2ccc(F)cc2F)C1,[BOS]O=S(=O)(c1ccccc1F)N1CCC[C@H](c2nc(Cc3ccccc3Cl)nn2-c2ccc(F)cc2F)C1[EOS],46695.715059280396,42
13.8,Fc1ccc(C[NH2+]CC2CC3c4ccccc4C2c2ccccc23)c2[nH]ccc12,[BOS]Fc1ccc(C[NH2+]C[C@H]2CC3c4ccccc4C2c2ccccc23)c2[nH]ccc12[EOS],51185.35254955292,42
13.5,O=C(Nc1cc(-c2nnc3n2CCCCC3)ccc1F)c1cc(=O)[nH]c2cc(F)ccc12,[BOS]O=C(Nc1cc(-c2nnc3n2CCCCC3)ccc1F)c1cc(=O)[nH]c2cc(F)ccc12[EOS],55906.23646712303,42
14.0,O=C(Nc1cccc(-c2ccc3c(c2)CCO3)c1)C(Cc1ccccc1)N1C(=O)C2CC3CC(C2)CC1C3,[BOS]O=C(Nc1cccc(-c2ccc3c(c2)CCO3)c1)[C@@H](Cc1ccccc1)N1C(=O)[C@@H]2C[C@H]3C[C@@H](C2)C[C@@H]1C3[EOS][EOS][EOS][EOS],60831.65760207176,42
13.0,O=C(CCN1Cc2ccccc2C1=O)NCC1OCC2CCN(C(=O)c3ccnc4ncccc34)CC21,[BOS]O=C(CCN1Cc2ccccc2C1=O)NC[C@@H]1OC[C@@H]2CCN(C(=O)c3ccnc4ncccc34)C[C@@H]21[EOS],6659.005317926407,42
13.2,O=C1CCC(C[NH2+]C2CCc3c(F)cc(F)cc3C2)CC(=O)N1Cc1ccc(-c2ccccc2-c2nn[nH]n2)cc1,[BOS]O=C1CC[C@@H](C[NH2+][C@H]2CCc3c(F)cc(F)cc3C2)CC(=O)N1Cc1ccc(-c2ccccc2-c2nn[nH]n2)cc1[EOS],11846.037513256073,42
13.3,O=C1CC2(CC[NH+](Cc3cn[nH]c3-c3ccccc3F)C2)CN1c1cccc(C(F)(F)F)c1,[BOS]O=C1C[C@@]2(CC[NH+](Cc3cn[nH]c3-c3ccccc3F)C2)CN1c1cccc(C(F)(F)F)c1[EOS],16362.252483129501,42
13.8,O=C(NC1CC2CCC(C1)N2C(=O)c1ccc2cnccc2c1)c1cccc2c1oc1ccccc12,[BOS]O=C(N[C@H]1C[C@H]2CC[C@@H](C1)N2C(=O)c1ccc2cnccc2c1)c1cccc2c1oc1ccccc12[EOS],21523.03917312622,42
13.4,NC1=[NH+]CCN1CC(=O)N1CCCCC1C1CCN(C(=O)c2ccc3c(c2)CC(=O)NC3=O)CC1,[BOS]NC1=[NH+]CCN1CC(=O)N1CCCC[C@@H]1C1CCN(C(=O)c2ccc3c(c2)CC(=O)NC3=O)CC1[EOS],26935.464645385742,42
12.8,CCOc1cccc2cc(-c3nc4cccc5c4n(c3=O)-c3ccccc3SC5=O)c(=N)oc12,[BOS]CCOc1cccc2cc(-c3nc4cccc5c4n(c3=O)-c3ccccc3SC5=O)c(=N)oc12[EOS],31225.59187602997,42
13.3,Cc1cccc2c(C(=O)N3CCCCC3C3CCN(C(=O)c4ccc5c(c4)CNC5=O)CC3)[nH]nc12,[BOS]Cc1cccc2c(C(=O)N3CCCC[C@@H]3C3CCN(C(=O)c4ccc5c(c4)CNC5=O)CC3)[nH]nc12[EOS][EOS],36718.45914173126,42
12.6,Cc1cc(=O)[nH]c2cc(C(=O)Nc3ccccc3-c3[nH]c(-c4ccccc4)c[nH+]3)ccc12,[BOS]Cc1cc(=O)[nH]c2cc(C(=O)Nc3ccccc3-c3[nH]c(-c4ccccc4)c[nH+]3)ccc12[EOS],41040.674765348434,42
13.1,Cc1ccccc1NCC(=O)N1CCCCC1c1cc(NC(=O)c2cc(Cl)nc3ccccc23)n[nH]1,[BOS]Cc1ccccc1NCC(=O)N1CCCC[C@@H]1c1cc(NC(=O)c2cc(Cl)nc3ccccc23)n[nH]1[EOS],46716.404482126236,42
12.5,O=C(NCCn1c(=O)[nH]c2ccccc21)N1CC=C(c2c[nH]c3cc(F)c4c(c23)CCC4)CC1,[BOS]O=C(NCCn1c(=O)[nH]c2ccccc21)N1CC=C(c2c[nH]c3cc(F)c4c(c23)CCC4)CC1[EOS],51521.274347782135,42
15.3,Fc1ccc(C([NH2+]CC2CCC(F)(F)c3ccccc32)c2cnc3ccccc3c2)cc1-n1nnc2ccccc21,[BOS]Fc1ccc([C@@H]([NH2+]C[C@@H]2CCC(F)(F)c3ccccc32)c2cnc3ccccc3c2)cc1-n1nnc2ccccc21[EOS],56957.753091812134,42
16.6,Cn1c2ccccc2c2cc(-c3nc(-c4ccc5c(ccc6cccnc65)c4)c4ccc5ccccc5n34)ccc21,[BOS]Cn1c2ccccc2c2cc(-c3nc(-c4ccc5c(ccc6cccnc65)c4)c4ccc5ccccc5n34)ccc21[EOS],61317.00579333305,42
12.6,Cc1ccc(NC(=O)c2ccccc2)cc1OCc1nc2ccccc2c(=O)n1Cc1cccc(C(C)C)c1,[BOS]Cc1ccc(NC(=O)c2ccccc2)cc1OCc1nc2ccccc2c(=O)n1Cc1cccc(C(C)C)c1[EOS],5017.741303443909,42
13.9,O=C(C(=O)N1CCCCC1c1cc(NC(=O)C2CCc3cccc(Cl)c32)n[nH]1)c1ccccc1,[BOS]O=C(Nc1cc([C@@H]2CCCCN2C(=O)C(=O)c2ccccc2)[nH]n1)[C@@H]1CCc2cccc(Cl)c21[EOS],10393.277264356613,42
13.6,CC([NH2+]C1c2cccc(F)c2CCC1C)C(=O)NC(=O)Nc1ccc2c(c1)OC(F)(F)O2,[BOS]C[C@H]([NH2+][C@H]1c2cccc(F)c2CC[C@H]1C)C(=O)NC(=O)Nc1ccc2c(c1)OC(F)(F)O2[EOS],14977.336745262146,42
11.8,Cc1nc(Cc2ccc(F)cc2)sc1-c1nnc(-c2cc(C)n(-c3ccccc3)c2C)o1,[BOS]Cc1nc(Cc2ccc(F)cc2)sc1-c1nnc(-c2cc(C)n(-c3ccccc3)c2C)o1[EOS],19614.516484498978,42
13.5,O=C(NC1CC2CCC(C1)N2C(=O)Cc1cccc2ccccc12)C1CC1c1ccccc1C(F)(F)F,[BOS]O=C(N[C@H]1C[C@H]2CC[C@@H](C1)N2C(=O)Cc1cccc2ccccc12)[C@H]1C[C@@H]1c1ccccc1C(F)(F)F[EOS],25085.615010261536,42
14.2,O=C(Nc1cc(C2CCCCN2C(=O)Cc2cc3cccnc3cc2F)[nH]n1)c1cccc2[nH]ncc12,[BOS]O=C(Nc1cc([C@@H]2CCCCN2C(=O)Cc2cc3cccnc3cc2F)[nH]n1)c1cccc2[nH]ncc12[EOS],30897.288279771805,42
13.0,O=C1c2ccccc2CCC1[NH2+]Cc1cn(-c2ccccc2)nc1-c1ccc(-c2nn[n-]n2)cc1,[BOS]O=C1c2ccccc2CC[C@@H]1[NH2+]Cc1cn(-c2ccccc2)nc1-c1ccc(-c2nn[n-]n2)cc1[EOS],36041.12698841095,42
13.6,Cc1cc(F)cc(CC(=O)N2CCCCC2C2CCN(C(=O)C3CC34C(=O)Nc3ccccc34)CC2)c1,[BOS]Cc1cc(F)cc(CC(=O)N2CCCC[C@@H]2C2CCN(C(=O)[C@@H]3C[C@@]34C(=O)Nc3ccccc34)CC2)c1[EOS],42138.84755516052,42
13.5,Cc1ccc(C(=O)NCC23CCCOC2CCN(C(=O)c2ccc4occ(Cl)c4c2)C3)c(Cl)c1,[BOS]Cc1ccc(C(=O)NC[C@@]23CCCO[C@@H]2CCN(C(=O)c2ccc4occ(Cl)c4c2)C3)c(Cl)c1[EOS],47636.67696142197,42
14.8,Cc1noc2nc(-c3ccc4ccccc4c3)cc(C3=NC(c4ccc(-c5ccccc5)o4)NO3)c12,[BOS]Cc1noc2nc(-c3ccc4ccccc4c3)cc(C3=NC(c4ccc(-c5ccccc5)o4)NO3)c12[EOS],52411.30438160896,42
12.0,O=C(NC1CC=C(c2ccc(F)cc2)CC1)NC(Cn1cnc2ccccc21)c1ccc(F)cc1,[BOS]O=C(N[C@@H]1CC=C(c2ccc(F)cc2)CC1)N[C@@H](Cn1cnc2ccccc21)c1ccc(F)cc1[EOS][EOS][EOS][EOS][EOS][EOS],56993.09710454941,42
13.1,Cn1nnc2cc(NC(=O)Cc3sc(C4CCCCC4)nc3-c3ccc(-c4cncc(C5CC5)c4)cc3)ccc21,[BOS]Cn1nnc2cc(NC(=O)Cc3sc(C4CCCCC4)nc3-c3ccc(-c4cncc(C5CC5)c4)cc3)ccc21[EOS][EOS][EOS][EOS],61511.86913752556,42
14.6,Cc1ccccc1-c1ncccc1C(=O)Nc1cc(C2CCCCN2C(=O)c2c[nH]c3ncccc23)[nH]n1,[BOS]Cc1ccccc1-c1ncccc1C(=O)Nc1cc([C@H]2CCCCN2C(=O)c2c[nH]c3ncccc23)[nH]n1[EOS],5846.291653394699,42
12.7,C[NH+]1CCCC(C(=O)N2CCCCC2c2cc(NC(=O)c3ccncc3-c3ccccc3)n[nH]2)C1,[BOS]C[NH+]1CCC[C@@H](C(=O)N2CCCC[C@H]2c2cc(NC(=O)c3ccncc3-c3ccccc3)n[nH]2)C1[EOS][EOS][EOS][EOS][EOS][EOS][EOS],10982.906743526459,42
13.2,Cc1cccc(C)c1-n1nnnc1COC(=O)c1c2c(nc3ccccc13)C(=Cc1cccc(F)c1)CC2,[BOS]Cc1cccc(C)c1-n1nnnc1COC(=O)c1c2c(nc3ccccc13)C(=Cc1cccc(F)c1)CC2[EOS],16313.699289798737,42
13.4,CC1Oc2ccc(C(=O)N3CCC4COC(CNC(=O)c5cccc6ccccc56)C4C3)cc2NC1=O,[BOS]C[C@@H]1Oc2ccc(C(=O)N3CC[C@H]4CO[C@@H](CNC(=O)c5cccc6ccccc56)[C@H]4C3)cc2NC1=O[EOS],21799.19752049446,42
12.7,CC(C(=O)Nc1nc(-c2ccccc2C(F)(F)F)cs1)c1cc2ccccc2oc1=O,[BOS]C[C@H](C(=O)Nc1nc(-c2ccccc2C(F)(F)F)cs1)c1cc2ccccc2oc1=O[EOS],26573.415442943573,42
14.5,CC(Oc1ccc2c(c1)Cc1ccccc1-2)c1nc2ccccc2c(=O)n1Cc1ccc2c(c1)oc1ccccc12,[BOS]C[C@H](Oc1ccc2c(c1)Cc1ccccc1-2)c1nc2ccccc2c(=O)n1Cc1ccc2c(c1)oc1ccccc12[EOS],31521.303842782974,42
13.1,[NH3+]C(CC(=O)N1CCCCC1c1cc(NC(=O)c2cccnc2-c2cccc(F)c2)n[nH]1)c1cccnc1,[BOS][NH3+][C@@H](CC(=O)N1CCCC[C@@H]1c1cc(NC(=O)c2cccnc2-c2cccc(F)c2)n[nH]1)c1cccnc1[EOS],37689.903041124344,42
13.6,O=C1Cc2cccc(C(=O)NCC34CCCOC3CCN(C(=O)Cc3cccc5ncccc35)C4)c2N1,[BOS]O=C1Cc2cccc(C(=O)NC[C@@]34CCCO[C@@H]3CCN(C(=O)Cc3cccc5ncccc35)C4)c2N1[EOS],43664.19109416008,42
12.2,CC(=O)NC(C)(C(=O)N1CCC2C1CCN2C(=O)c1c[nH+]c2c(Cl)cccn12)c1ccccc1F,[BOS]CC(=O)N[C@@](C)(C(=O)N1CC[C@H]2[C@@H]1CCN2C(=O)c1c[nH+]c2c(Cl)cccn12)c1ccccc1F[EOS],48828.98480653763,42
12.7,Cc1nc2ccccc2n1Cc1cc(NC(=O)c2cc3ccccc3c(=O)o2)n(-c2cccc(Cl)c2)c1,[BOS]Cc1nc2ccccc2n1Cc1cc(NC(=O)c2cc3ccccc3c(=O)o2)n(-c2cccc(Cl)c2)c1[EOS],53459.91281032562,42
13.9,O=C(CC1CC2(CC[NH+](C3CCC(c4ccccc4)C3)CC2)c2ccccc21)N1CCCC12CC2,[BOS]O=C(C[C@H]1CC2(CC[NH+]([C@@H]3CC[C@@H](c4ccccc4)C3)CC2)c2ccccc21)N1CCCC12CC2[EOS],58752.97263240814,42
13.9,Cc1cccc(C(=O)N2CCCCC2C2CCN(C(=O)c3ccnc4c3ccc3cccnc34)CC2)c1C,[BOS]Cc1cccc(C(=O)N2CCCC[C@@H]2C2CCN(C(=O)c3ccnc4c3ccc3cccnc34)CC2)c1C[EOS],63426.843665361404,42
13.5,CC(c1ccc(CC(=O)N2C3CCC2CC(NC(=O)C2CCc4ccccc4C2O)C3)cc1)C(F)(F)F,[BOS]C[C@@H](c1ccc(CC(=O)N2[C@@H]3CC[C@H]2C[C@@H](NC(=O)[C@H]2CCc4ccccc4[C@@H]2O)C3)cc1)C(F)(F)F[EOS],6264.444198608398,42
13.4,O=C(Cn1cnnn1)Nc1cccc(CNC(=O)NC(c2ccc(F)cc2)c2cccc3ccccc23)c1,[BOS]O=C(Cn1cnnn1)Nc1cccc(CNC(=O)N[C@@H](c2ccc(F)cc2)c2cccc3ccccc23)c1[EOS],12616.56067943573,42
12.9,Cc1cccc(-c2nnc(-c3cccc(C(=O)OC(C)c4nnc(-c5ccc(C)c(C)c5)o4)c3)o2)c1,[BOS]Cc1cccc(-c2nnc(-c3cccc(C(=O)O[C@@H](C)c4nnc(-c5ccc(C)c(C)c5)o4)c3)o2)c1[EOS],18469.947062253952,42
12.9,COc1cccc2c1CC(C(=O)Nc1ccc(C3(NC(=O)Cc4ccc(C)cc4)CCC3)cc1)CC2,[BOS]COc1cccc2c1C[C@H](C(=O)Nc1ccc(C3(NC(=O)Cc4ccc(C)cc4)CCC3)cc1)CC2[EOS],24172.822729825974,42
12.9,O=C(CCc1ccc2c(c1)CCCO2)NC1CC2CCC(C1)N2C(=O)Cc1ccc2cnccc2c1,[BOS]O=C(CCc1ccc2c(c1)CCCO2)N[C@H]1C[C@H]2CC[C@@H](C1)N2C(=O)Cc1ccc2cnccc2c1[EOS],29760.39776325226,42
13.3,Cc1cc(C(=O)N2CCC3OCCCC3(CNC(=O)c3c[nH]c4c(Cl)cccc34)C2)nc2ccccc12,[BOS]Cc1cc(C(=O)N2CC[C@H]3OCCC[C@@]3(CNC(=O)c3c[nH]c4c(Cl)cccc34)C2)nc2ccccc12[EOS],35554.57500767708,42
14.7,N#Cc1cccc(-c2ccc(-c3c4ccccc4c(N)c4c3oc3ccc5ccccc5c34)cc2Cl)c1,[BOS]N#Cc1cccc(-c2ccc(-c3c4ccccc4c(N)c4c3oc3ccc5ccccc5c34)cc2Cl)c1[EOS],40641.950974226,42
12.4,O=C(NCc1cn(-c2cccnc2)nc(-c2cccc([N+](=O)[O-])c2)c1=O)c1ccccc1-c1nc[nH]n1,[BOS]O=C(NCc1cn(-c2cccnc2)nc(-c2cccc([N+](=O)[O-])c2)c1=O)c1ccccc1-c1nc[nH]n1[EOS][EOS][EOS][EOS][EOS][EOS][EOS][EOS],45830.67485284805,42
12.9,Cn1c(=O)c2ccccc2n2c(CSc3nnc(-c4ccccc4)n3-c3ccc(F)cc3F)nnc12,[BOS]Cn1c(=O)c2ccccc2n2c(CSc3nnc(-c4ccccc4)n3-c3ccc(F)cc3F)nnc12[EOS],50874.11437034607,42
13.5,Cc1cccc2cc(C(=O)N3CCC4OCCCC4(CNC(=O)c4ccnc5c(O)cccc45)C3)[nH]c12,[BOS]Cc1cccc2cc(C(=O)N3CC[C@H]4OCCC[C@@]4(CNC(=O)c4ccnc5c(O)cccc45)C3)[nH]c12[EOS],56804.29988002777,42
15.0,Cc1ccc2c3c1cc(-c1ccnc4c1ccc1cc(F)ccc14)cc3c1cccc3ccc[n+]2c31,[BOS]Cc1ccc2c3c(cc(-c4ccnc5c4ccc4cc(F)ccc45)cc13)-c1cccc3ccc[n+]2c13[EOS],60467.583074092865,42
12.5,Cc1ccc(N(CC(=O)Nc2cccc(C)c2C)S(=O)(=O)c2cccc3c(C)cccc23)c(C)c1,[BOS]Cc1ccc(N(CC(=O)Nc2cccc(C)c2C)S(=O)(=O)c2cccc3c(C)cccc23)c(C)c1[EOS],64999.54676413536,42
14.0,O=C(NCC1OCC2CCN(C(=O)Cc3cccc4ccccc34)CC21)c1cccc2c1oc1ccccc12,[BOS]O=C(NC[C@@H]1OC[C@@H]2CCN(C(=O)Cc3cccc4ccccc34)C[C@@H]21)c1cccc2c1oc1ccccc12[EOS],6201.589637517929,42
12.3,O=C(Nc1ccn(-c2ncccc2C(F)(F)F)n1)C(=O)N(Cc1c(F)cccc1F)C1CCCC1,[BOS]O=C(Nc1ccn(-c2ncccc2C(F)(F)F)n1)C(=O)N(Cc1c(F)cccc1F)C1CCCC1[EOS],10986.785296440125,42
13.3,CC(Oc1cccc2ccccc12)C(=O)N1CCCC(c2[nH]ncc2N=C(O)c2ccccc2)C1,[BOS]C[C@H](Oc1cccc2ccccc12)C(=O)N1CCC[C@@H](c2[nH]ncc2N=C(O)c2ccccc2)C1[EOS],16421.962819814682,42
14.8,O=C(OCC(=O)N1N=C(c2ccc3ccccc3c2)CC1c1ccco1)C1c2ccccc2-c2ccccc21,[BOS]O=C(OCC(=O)N1N=C(c2ccc3ccccc3c2)CC1c1ccco1)C1c2ccccc2-c2ccccc21[EOS],22673.89259982109,42
13.1,Cc1cc(C)c(OCC(=O)N2CCCCC2c2cc(NC(=O)C3(c4ccccc4)CCC3)n[nH]2)c(C)c1,[BOS]Cc1cc(C)c(OCC(=O)N2CCCC[C@@H]2c2cc(NC(=O)C3(c4ccccc4)CCC3)n[nH]2)c(C)c1[EOS][EOS][EOS][EOS][EOS][EOS][EOS][EOS],29011.453035354614,42
13.3,Cc1cc(C)c(C(=O)NCC23CCCOC2CCN(C(=O)c2cc(=O)c4ccccc4o2)C3)c(C)c1,[BOS]Cc1cc(C)c(C(=O)NC[C@@]23CCCO[C@@H]2CCN(C(=O)c2cc(=O)c4ccccc4o2)C3)c(C)c1[EOS][EOS][EOS][EOS][EOS][EOS][EOS][EOS],34310.10514521599,42
12.1,Cn1c(-c2noc3ccccc23)nnc1N1CCc2[nH]c3ccccc3c2C1,[BOS]Cn1c(-c2noc3ccccc23)nnc1N1CCc2[nH]c3ccccc3c2C1[EOS],37764.6817483902,42
13.4,[NH3+]C(c1ccc(Br)cc1)C(Cc1c[nH]c2ccccc12)n1cnc2cc(-c3cccc4nccnc34)cc(F)c2c1=O,[BOS][NH3+][C@H](c1ccc(Br)cc1)[C@H](Cc1c[nH]c2ccccc12)n1cnc2cc(-c3cccc4nccnc34)cc(F)c2c1=O[EOS],43991.78657245636,42
14.6,Cc1ccc(-c2cc(-c3cccc4c3CCC4C)nc(-c3cc(C)c(C)c4ccccc34)n2)cc1C,[BOS]Cc1cc(-c2nc(-c3cccc4c3CC[C@@H]4C)cc(-c3ccc(C)c(C)c3)n2)c2ccccc2c1C[EOS],48744.4299864769,42
13.5,CC1Cc2ccccc2N1S(=O)(=O)c1ccc(F)c(-c2nc(-c3nccc4ccccc34)no2)c1,[BOS]C[C@@H]1Cc2ccccc2N1S(=O)(=O)c1ccc(F)c(-c2nc(-c3nccc4ccccc34)no2)c1[EOS],53502.062615156174,42
14.1,O=C(NCC1OCC2CCN(C(=O)c3ccc4c(F)cc(F)cc4c3)CC21)c1ccc(Cl)c2ccccc12,[BOS]O=C(NC[C@@H]1OC[C@@H]2CCN(C(=O)c3ccc4c(F)cc(F)cc4c3)C[C@@H]21)c1ccc(Cl)c2ccccc12[EOS],58873.01829600334,42
13.2,Cc1nc(F)ccc1C(=O)N1CCCCC1C1CCN(C(=O)C2CCCC3CCCCC32)CC1,[BOS]Cc1nc(F)ccc1C(=O)N1CCCC[C@@H]1C1CCN(C(=O)[C@@H]2CCC[C@H]3CCCC[C@H]32)CC1[EOS],63729.544431209564,42
14.6,O=C(Cc1cc(=Nc2cccc(Cl)c2Cl)n(-c2cccc3c2CCCC3)[nH]1)Nc1cccc2ccccc12,[BOS]O=C(Cc1c/c(=N/c2cccc(Cl)c2Cl)n(-c2cccc3c2CCCC3)[nH]1)Nc1cccc2ccccc12[EOS],5796.185951709747,42
13.5,C(=Cc1cccc2ncccc12)CNc1nc(-c2ccnc3ccccc23)nc2c1oc1ccccc12,[BOS]c1ccc2c(-c3nc(N/CC=C/c4cccc5ncccc45)c4oc5ccccc5c4n3)ccnc2c1[EOS][EOS][EOS][EOS],9792.765008687973,42
13.2,O=C(C1Cc2ccccc2N1)N1CC2(CCCN2C(=O)c2cnc3cc(Br)ccc3c2)C1,[BOS]O=C([C@@H]1Cc2ccccc2N1)N1CC2(CCCN2C(=O)c2cnc3cc(Br)ccc3c2)C1[EOS],14545.721683263779,42
12.0,CCC(NC(=O)NCc1cccc2ccccc12)c1nnc2n1CCCCC2,[BOS]CC[C@H](NC(=O)NCc1cccc2ccccc12)c1nnc2n1CCCCC2[EOS],19139.393287420273,42
13.8,O=C1CC(C(=O)NCC2OCC3CCN(C(=O)Cc4ccc5c(c4)CCCO5)CC32)=Cc2ccccc2N1,[BOS]O=C(NC[C@@H]1OC[C@@H]2CCN(C(=O)Cc3ccc4c(c3)CCCO4)C[C@@H]21)C1=Cc2ccccc2NC(=O)C1[EOS],25218.781564950943,42
13.3,O=C(C(=O)N1CCCCC1c1cc(NC(=O)C2(c3ccccc3F)CC2)n[nH]1)c1ccccc1,[BOS]O=C(C(=O)N1CCCC[C@H]1c1cc(NC(=O)C2(c3ccccc3F)CC2)n[nH]1)c1ccccc1[EOS],30367.732454776764,42
13.7,CCC(=O)C1(c2cccc(-c3cc(F)cc4n[nH]cc34)c2)CCCN1C(=O)c1coc(=O)c2cc(Cl)cnc12,[BOS]CCC(=O)C1(c2cccc(-c3cc(F)cc4n[nH]cc34)c2)CCCN1C(=O)c1coc(=O)c2cc(Cl)cnc12[EOS],35421.098326683044,42
12.5,O=C1CC(Cc2ccc(C(=O)N(Cc3ccc(F)cc3F)c3ccc(F)cc3)cc2)C(=O)N1,[BOS]O=C1C[C@@H](Cc2ccc(C(=O)N(Cc3ccc(F)cc3F)c3ccc(F)cc3)cc2)C(=O)N1[EOS],40494.05207967758,42
13.8,OC(=Nc1cccc(Oc2ncc(F)c(-c3cc(F)cc4[nH]ccc34)n2)c1)n1ncc2cnc(Cl)cc21,[BOS]OC(=Nc1cccc(Oc2ncc(F)c(-c3cc(F)cc4[nH]ccc34)n2)c1)n1ncc2cnc(Cl)cc21[EOS][EOS][EOS][EOS][EOS][EOS][EOS][EOS],46772.06099295616,42
14.1,c1ccc2c(c1)OCc1c(-c3noc(C4(c5ccc6ncccc6c5)CC[NH2+]CC4)n3)cccc1-2,[BOS]c1ccc2c(c1-c1noc(C3(c4ccc5ncccc5c4)CC[NH2+]CC3)n1)COc1ccccc1-2[EOS],51397.47358798981,42
13.5,O=C(CC1CC2CCC1C2)Nc1cc(C2CCCCN2C(=O)C2=Cc3ccccc3NC(=O)C2)[nH]n1,[BOS]O=C(C[C@@H]1C[C@@H]2CC[C@H]1C2)Nc1cc([C@H]2CCCCN2C(=O)C2=Cc3ccccc3NC(=O)C2)[nH]n1[EOS],56733.61304140091,42
13.4,O=C(NC1CC2CCC(C1)N2C(=O)CC1Cc2ccccc2C1)c1ccncc1-c1cccc(F)c1,[BOS]O=C(N[C@H]1C[C@H]2CC[C@@H](C1)N2C(=O)CC1Cc2ccccc2C1)c1ccncc1-c1cccc(F)c1[EOS],61607.69707107544,42
12.6,Cn1c(CC(=O)NC2CC[NH+](C3CCN(C(=O)c4c[nH]c5cnccc45)CC3)CC2)cc2ccccc21,[BOS]Cn1c(CC(=O)NC2CC[NH+](C3CCN(C(=O)c4c[nH]c5cnccc45)CC3)CC2)cc2ccccc21[EOS],6514.455824613571,42
13.3,O=C(CN1C(=O)NC2(CCc3ccccc3C2)C1=O)N1Cc2ccccc2C(c2ccccc2)C1,[BOS]O=C(CN1C(=O)N[C@]2(CCc3ccccc3C2)C1=O)N1Cc2ccccc2[C@@H](c2ccccc2)C1[EOS],11162.847237825394,42
14.3,O=C(C1=C(O)C(=O)N(C2CCCCC2)C1c1ccc(-c2ccccc2)cc1)c1ccc2ccccc2c1,[BOS]O=C(C1=C(O)C(=O)N(C2CCCCC2)[C@@H]1c1ccc(-c2ccccc2)cc1)c1ccc2ccccc2c1[EOS],16970.258195400238,42
13.1,CC1=CCC(C(=O)N2CCCCC2c2cc(NC(=O)c3c[nH+]c4cc(C)ccn34)n[nH]2)CC1,[BOS]CC1=CC[C@@H](C(=O)N2CCCC[C@@H]2c2cc(NC(=O)c3c[nH+]c4cc(C)ccn34)n[nH]2)CC1[EOS][EOS][EOS][EOS][EOS][EOS][EOS],21924.37859249115,42
12.8,Cc1cc(F)c(F)c(C(=O)NC2(c3ccc(NC(=O)c4c(C)oc5cc(O)ccc45)cc3)CCC2)c1,[BOS]Cc1cc(F)c(F)c(C(=O)NC2(c3ccc(NC(=O)c4c(C)oc5cc(O)ccc45)cc3)CCC2)c1[EOS][EOS][EOS][EOS][EOS],27513.89866924286,42
13.3,CC1CCc2ccccc2N1C(=O)CSc1nnc(-c2ccc(F)cc2)n1-c1ccc(S(=O)(=O)N=c2cco[nH]2)cc1,[BOS]C[C@H]1CCc2ccccc2N1C(=O)CSc1nnc(-c2ccc(F)cc2)n1-c1ccc(S(=O)(=O)N=c2cco[nH]2)cc1[EOS][EOS][EOS][EOS][EOS][EOS][EOS],32373.414403438568,42
13.5,CC(NC(=O)C[NH+]1CCC(C(=O)NCc2ccc(C(F)(F)F)cc2)CC1)c1cccc2ccccc12,[BOS]C[C@@H](NC(=O)C[NH+]1CCC(C(=O)NCc2ccc(C(F)(F)F)cc2)CC1)c1cccc2ccccc12[EOS],38307.22139596939,42
13.8,O=C(Nc1cc(C2CCCCN2C(=O)c2[nH]cc3c2CCC3)[nH]n1)c1cc(C(F)(F)F)nc2ccccc12,[BOS]O=C(Nc1cc([C@@H]2CCCCN2C(=O)c2[nH]cc3c2CCC3)[nH]n1)c1cc(C(F)(F)F)nc2ccccc12[EOS],43659.44899582863,42
13.5,O=C(Nc1nonc1-c1nc2ccccc2[nH]1)C1CCc2ccccc2C1OCc1cc(F)cc(F)c1F,[BOS]O=C(Nc1nonc1-c1nc2ccccc2[nH]1)[C@H]1CCc2ccccc2[C@H]1OCc1cc(F)cc(F)c1F[EOS],48518.105093717575,42
13.8,O=C(NC1CC2CCC(C1)N2C(=O)Cc1ccc2ncccc2c1)c1cccc2c1oc1ccccc12,[BOS]O=C(N[C@H]1C[C@H]2CC[C@@H](C1)N2C(=O)Cc1ccc2ncccc2c1)c1cccc2c1oc1ccccc12[EOS],54224.042622327805,42
13.7,O=C(NCC1OCC2CCN(C(=O)Cc3ccc4ccccc4c3)CC21)c1[nH]nc2c(F)cccc12,[BOS]O=C(NC[C@@H]1OC[C@@H]2CCN(C(=O)Cc3ccc4ccccc4c3)C[C@@H]21)c1[nH]nc2c(F)cccc12[EOS],59926.85255765915,42
14.1,O=C(c1cc(F)ccc1C(F)(F)F)N1CCC(C2CCCCN2C(=O)C2CNc3ccccc32)CC1,[BOS]O=C(c1cc(F)ccc1C(F)(F)F)N1CCC([C@@H]2CCCCN2C(=O)[C@H]2CNc3ccccc32)CC1[EOS],64330.63164281845,42
12.3,COc1nccnc1C(=O)Nc1cc(C2CCCCN2C(=O)C2Cc3ccccc3C2)[nH]n1,[BOS]COc1nccnc1C(=O)Nc1cc([C@@H]2CCCCN2C(=O)C2Cc3ccccc3C2)[nH]n1[EOS],5124.385524749756,42
13.5,O=C(Nc1ccc(CNC(=O)c2c3c(nc4ccccc24)CCC3)cc1)c1ccc(F)cc1,[BOS]O=C(Nc1ccc(CNC(=O)c2c3c(nc4ccccc24)CCC3)cc1)c1ccc(F)cc1[EOS],10228.21714425087,42
14.2,CC1Oc2ccc(C(=O)N3CCCCC3c3cc(NC(=O)c4ccncc4-c4ccccc4)n[nH]3)cc2NC1=O,[BOS]C[C@@H]1Oc2ccc(C(=O)N3CCCC[C@H]3c3cc(NC(=O)c4ccncc4-c4ccccc4)n[nH]3)cc2NC1=O[EOS],16338.248383283615,42
13.4,CC(OC(=O)c1cccc2c(=O)c3cccc(F)c3[nH]c12)c1ccccc1N(C)C(=O)c1ccccc1F,[BOS]C[C@H](OC(=O)c1cccc2c(=O)c3cccc(F)c3[nH]c12)c1ccccc1N(C)C(=O)c1ccccc1F[EOS],21913.571110486984,42
13.1,O=S1(=O)c2ccccc2CC2(F)CCCC2N(Cc2nc(-c3cccc(F)c3F)no2)c2ccccc21,[BOS]O=S1(=O)c2ccccc2N(Cc2nc(-c3cccc(F)c3F)no2)[C@H]2CCC[C@@]2(F)Cc2ccccc21[EOS],27070.74865603447,42
12.6,O=C(CCCNC(=O)N1CCCC(c2nc(-c3ccc(F)cc3)no2)C1)N1CCc2ccccc2C1,[BOS]O=C(CCCNC(=O)N1CCC[C@@H](c2nc(-c3ccc(F)cc3)no2)C1)N1CCc2ccccc2C1[EOS],33308.656391859055,42
13.3,CC(=Cc1ccccc1)C=C(c1noc(-c2cnn(C)c2C(F)F)n1)c1nc2ccc3cc(C)ccc3c2[nH]1,[BOS]CC(=Cc1ccccc1)C=C(c1noc(-c2cnn(C)c2C(F)F)n1)c1nc2ccc3cc(C)ccc3c2[nH]1[EOS],38226.59723639488,42
12.7,CC(NC(=O)c1cc(O)nc2cc(F)ccc12)c1ccc(F)cc1NC(=O)C(C)n1cc(N)[nH]c1=O,[BOS]C[C@H](NC(=O)c1cc(O)nc2cc(F)ccc12)c1ccc(F)cc1NC(=O)[C@@H](C)n1cc(N)[nH]c1=O[EOS],43310.577516555786,42
13.6,Cc1nc2ccccn2c1C(=O)Nc1cc(C2CCCCN2C(=O)c2ccc3cccnc3n2)[nH]n1,[BOS]Cc1nc2ccccn2c1C(=O)Nc1cc([C@H]2CCCCN2C(=O)c2ccc3cccnc3n2)[nH]n1[EOS],48523.818955898285,42
12.3,O=C(NCC1CCN(C(=O)C(F)(F)c2ccco2)C1c1cccnc1)c1[nH]nc2c(F)cccc12,[BOS]O=C(NC[C@H]1CCN(C(=O)C(F)(F)c2ccco2)[C@@H]1c1cccnc1)c1[nH]nc2c(F)cccc12[EOS][EOS][EOS][EOS],54169.61136674881,42
14.0,CC1Oc2ccc(C(=O)N3CCC4OCCCC4(CNC(=O)c4ccc5c(c4)CCCC5=O)C3)cc2NC1=O,[BOS]C[C@H]1Oc2ccc(C(=O)N3CC[C@H]4OCCC[C@@]4(CNC(=O)c4ccc5c(c4)CCCC5=O)C3)cc2NC1=O[EOS],59853.398737192154,42
12.5,O=C1CC(C(=O)N2CCCCC2C2CCN(C(=O)c3cc(Cl)c(Cl)cc3F)CC2)CN1,[BOS]O=C1C[C@@H](C(=O)N2CCCC[C@H]2C2CCN(C(=O)c3cc(Cl)c(Cl)cc3F)CC2)CN1[EOS],64380.1699860096,42
13.1,O=C(NCc1ccc(-n2cnc3ccccc32)nc1)NC(c1cccc2ccccc12)C(F)(F)F,[BOS]O=C(NCc1ccc(-n2cnc3ccccc32)nc1)N[C@H](c1cccc2ccccc12)C(F)(F)F[EOS],5062.501960039139,42
13.7,O=C(Cc1ccc2ncccc2c1)NC1CC2CCC(C1)N2C(=O)c1n[nH]c2cc(-c3ccccc3)ccc12,[BOS]O=C(Cc1ccc2ncccc2c1)N[C@H]1C[C@H]2CC[C@@H](C1)N2C(=O)c1n[nH]c2cc(-c3ccccc3)ccc12[EOS],11806.052040338516,42
13.4,COc1cc(F)ccc1C(=O)N1CCC(C2CCCCN2C(=O)c2ccc3cc(C)ccc3n2)CC1,[BOS]COc1cc(F)ccc1C(=O)N1CCC([C@@H]2CCCCN2C(=O)c2ccc3cc(C)ccc3n2)CC1[EOS],16873.908178329468,42
12.8,CC(=O)c1ccc(-c2noc(C3CC4(CC[NH2+]CC4)c4cc(C)ccc43)n2)c(Cl)c1,[BOS]CC(=O)c1ccc(-c2noc([C@@H]3CC4(CC[NH2+]CC4)c4cc(C)ccc43)n2)c(Cl)c1[EOS],21213.102993011475,42
13.0,O=C(Cc1noc(-c2ccc(-c3coc4ccccc34)cc2)n1)Nc1ccc2c(c1)OCCCO2,[BOS]O=C(Cc1noc(-c2ccc(-c3coc4ccccc34)cc2)n1)Nc1ccc2c(c1)OCCCO2[EOS],26550.75045108795,42
14.8,O=C1C(NCc2cccc(N3CCCOC3=O)c2Cl)CCc2ccccc2N1Cc1ccc(F)c2ccc(=O)[nH]c12,[BOS]O=C1OCCCN1c1cccc(CN[C@H]2CCc3ccccc3N(Cc3ccc(F)c4ccc(=O)[nH]c34)C2=O)c1Cl[EOS],31756.238656282425,42
12.3,O=C(CNC(=O)C1(c2ccc3ncccc3c2)CC1)Nc1ccc2[nH]c(=O)[nH]c(=O)c2c1,[BOS]O=C(CNC(=O)C1(c2ccc3ncccc3c2)CC1)Nc1ccc2[nH]c(=O)[nH]c(=O)c2c1[EOS],36772.05421471596,42
14.5,O=C(NCC1C2Cc3ccccc3C12)c1cc(-c2ccccc2)nc2c1c(=O)[nH]c(=O)n2Cc1ccccc1,[BOS]O=C(NC[C@H]1[C@H]2Cc3ccccc3[C@H]21)c1cc(-c2ccccc2)nc2c1c(=O)[nH]c(=O)n2Cc1ccccc1[EOS],42211.348943948746,42
12.5,Cc1c(-c2ccccc2)oc2c(-c3nc(-c4cccc(-n5c(C)c[nH]c5=O)c4)no3)cccc2c1=O,[BOS]Cc1c[nH]c(=O)n1-c1cccc(-c2noc(-c3cccc4c(=O)c(C)c(-c5ccccc5)oc34)n2)c1[EOS][EOS][EOS][EOS][EOS],47088.25833463669,42
12.1,O=C(NCC1(O)CCCc2ccccc21)c1ccccc1NS(=O)(=O)c1ccc(F)c(F)c1,[BOS]O=C(NC[C@]1(O)CCCc2ccccc21)c1ccccc1NS(=O)(=O)c1ccc(F)c(F)c1[EOS],52232.72769522667,42
13.8,NC(=O)c1ccc(NC(=O)CC2c3ccccc3C3CC23c2ccc3ccccc3c2)nc1,[BOS]NC(=O)c1ccc(NC(=O)CC2c3ccccc3C3CC32c2ccc3ccccc3c2)nc1[EOS],57433.173342466354,42
13.2,O=NC1CCc2ccc(NC3c4ccccc4CC4(CCNC4=O)c4ccc(F)cc43)cc21,[BOS]O=C1NCC[C@@]12Cc1ccccc1[C@@H](Nc1ccc3c(c1)[C@@H](N=O)CC3)c1cc(F)ccc1-2[EOS],61665.002818107605,42
