rv,smi,cur_sentence,elapsed_time,seed
11.6,O=C(NCc1cccc(-n2cncn2)c1)NC1CCC(c2ccc(F)cc2)C1,[BOS]O=C(NCc1cccc(-n2cncn2)c1)N[C@@H]1CC[C@H](c2ccc(F)cc2)C1[EOS],4725.944940567017,42
12.5,O=C(Nc1ccc(-c2cn3ccccc3[nH+]2)cc1)C(=O)Nc1ccc2c(c1)S(=O)(=O)CC2,[BOS]O=C(Nc1ccc2c(c1)S(=O)(=O)CC2)C(=O)Nc1ccc(-c2cn3ccccc3[nH+]2)cc1[EOS],9066.297094345093,42
12.1,Cc1cccc(NC(=O)NCC2C[NH+](Cc3ccc(F)c(F)c3)CC(C)O2)c1C,[BOS]Cc1cccc(NC(=O)NC[C@H]2C[NH+](Cc3ccc(F)c(F)c3)C[C@H](C)O2)c1C[EOS],14136.314177751541,42
11.0,Cc1onc(-c2ccccc2)c1-c1nnc(COC(=O)Cc2cnn(-c3ccccc3)c2C)o1,[BOS]Cc1c(CC(=O)OCc2nnc(-c3c(-c4ccccc4)noc3C)o2)cnn1-c1ccccc1[EOS][EOS][EOS][EOS][EOS][EOS][EOS],19395.582777261734,42
11.9,O=C1C([NH2+]C2CCOc3c(F)ccc(F)c32)CCN1c1ccc(C(F)(F)F)cc1,[BOS]O=C1[C@H]([NH2+][C@H]2CCOc3c(F)ccc(F)c32)CCN1c1ccc(C(F)(F)F)cc1[EOS],23536.55794286728,42
11.9,O=C(CC[NH+]1CCCC1c1cccc2ccccc12)Nc1cccc(C(=O)N2CCOCC2)c1,[BOS]O=C(CC[NH+]1CCC[C@H]1c1cccc2ccccc12)Nc1cccc(C(=O)N2CCOCC2)c1[EOS],28977.579665660858,42
11.8,O=C(Nc1ccc2ncccc2c1)c1cccc2c1OC(F)(F)C2,[BOS]O=C(Nc1ccc2ncccc2c1)c1cccc2c1OC(F)(F)C2[EOS][EOS][EOS][EOS][EOS][EOS][EOS][EOS],33792.319264650345,42
11.8,O=C(NCC1CC(c2ccc3c(c2)CCO3)=NO1)c1ccnc2[nH]c(=O)[nH]c(=O)c12,[BOS]O=C(NC[C@H]1CC(c2ccc3c(c2)CCO3)=NO1)c1ccnc2[nH]c(=O)[nH]c(=O)c12[EOS],38764.45699620247,42
11.5,CC([NH2+]Cc1ccc2ncccc2c1)c1cccc(S(=O)(=O)NCc2ccc3c(c2)CCO3)c1,[BOS]C[C@H]([NH2+]Cc1ccc2ncccc2c1)c1cccc(S(=O)(=O)NCc2ccc3c(c2)CCO3)c1[EOS],43194.40236854553,42
12.5,CC([NH2+]Cc1cccc(NC(=O)c2cccc(F)c2)c1)c1ccccc1-c1ccncc1,[BOS]C[C@H]([NH2+]Cc1cccc(NC(=O)c2cccc(F)c2)c1)c1ccccc1-c1ccncc1[EOS],48477.57957434654,42
11.1,CC1=CCCN(C(=O)C(=O)Nc2cccc(Cn3cnc4cccnc43)c2)C1,[BOS]CC1=CCCN(C(=O)C(=O)Nc2cccc(Cn3cnc4cccnc43)c2)C1[EOS],52338.7555744648,42
12.4,CNC(=O)c1cccc(CCNC(=O)c2cc(NC(=O)C=C(C)C)ccc2C)c1,[BOS]CNC(=O)c1cccc(CCNC(=O)c2cc(NC(=O)C=C(C)C)ccc2C)c1[EOS],56642.705219984055,42
12.0,CC(Cc1cccc(O)c1)NC(=O)Nc1cccc(C(=O)c2ccccc2)c1,[BOS]C[C@@H](Cc1cccc(O)c1)NC(=O)Nc1cccc(C(=O)c2ccccc2)c1[EOS],4457.112336158752,42
11.9,CCc1cc(-c2noc(-c3cc4c(C(F)(F)F)cc(=O)[nH]c4o3)n2)ccc1F,[BOS]CCc1cc(-c2noc(-c3cc4c(C(F)(F)F)cc(=O)[nH]c4o3)n2)ccc1F[EOS],8092.755125761032,42
11.9,CN(Cc1nccn1Cc1ccccc1)C(=O)CCN1C(=O)CCc2cc(F)ccc21,[BOS]CN(Cc1nccn1Cc1ccccc1)C(=O)CCN1C(=O)CCc2cc(F)ccc21[EOS],13320.074720621109,42
13.0,O=C(NCc1ccc(OCC2CCC3(CC[NH2+]2)CO3)cc1)c1c2c(nc3ccccc13)CCO2,[BOS]O=C(NCc1ccc(OCC2CCC3(CC[NH2+]2)CO3)cc1)c1c2c(nc3ccccc13)CCO2[EOS],18624.354529619217,42
12.2,CC(=O)c1cccc(CNC(=O)Nc2cccc(C(=O)c3ccccc3)c2)c1,[BOS]CC(=O)c1cccc(CNC(=O)Nc2cccc(C(=O)c3ccccc3)c2)c1[EOS],23022.247585773468,42
12.3,O=C(NCc1ccc(-n2cnc3ccccc32)cc1Cl)c1cc[nH]c1CC1C=CC=CC12CNCCN2,[BOS]O=C(NCc1ccc(-n2cnc3ccccc32)cc1Cl)c1cc[nH]c1CC1C=CC=CC12CNCCN2[EOS],27847.26426768303,42
13.1,O=C(Nc1nc2ccc(NC(=O)C(O)c3ccccc3C(F)(F)F)cc2s1)c1ccccc1,[BOS]O=C(Nc1ccc2nc(NC(=O)c3ccccc3)sc2c1)[C@H](O)c1ccccc1C(F)(F)F[EOS][EOS][EOS][EOS][EOS][EOS][EOS][EOS],32199.89361691475,42
11.9,O=C(NCCC1OCCc2ccccc21)NCc1cccnc1Oc1cccc(C(F)(F)F)c1,[BOS]O=C(NCC[C@H]1OCCc2ccccc21)NCc1cccnc1Oc1cccc(C(F)(F)F)c1[EOS],37546.846794843674,42
12.4,CC(NC(=O)Nc1cccc2c1CNC2=O)c1cccc(NC(=O)Cc2ccccc2F)c1,[BOS]C[C@@H](NC(=O)Nc1cccc2c1CNC2=O)c1cccc(NC(=O)Cc2ccccc2F)c1[EOS],42037.193163871765,42
11.8,Cc1nc(-c2cccc(C(=O)OC(C)c3ccc(NC(=O)c4ccccc4)cc3)c2)no1,[BOS]Cc1nc(-c2cccc(C(=O)O[C@H](C)c3ccc(NC(=O)c4ccccc4)cc3)c2)no1[EOS][EOS][EOS][EOS][EOS][EOS][EOS][EOS],46354.22568631172,42
11.3,CC(CC(=O)NCCNc1cncc(-c2nn[n-]n2)n1)c1cccc(C(F)(F)F)c1,[BOS]C[C@H](CC(=O)NCCNc1cncc(-c2nn[n-]n2)n1)c1cccc(C(F)(F)F)c1[EOS],51314.65556931496,42
12.6,Fc1ccc(C[NH+]2CCCC(c3cn4c([nH+]3)CCCC4)C2)c(-c2ccccc2)c1,[BOS]Fc1ccc(C[NH+]2CCC[C@H](c3cn4c([nH+]3)CCCC4)C2)c(-c2ccccc2)c1[EOS],55117.955260038376,42
11.9,O=C(CNC(=O)Nc1ccc(Oc2cc(F)cc(F)c2)nc1)Nc1cccc2ccccc12,[BOS]O=C(CNC(=O)Nc1ccc(Oc2cc(F)cc(F)c2)nc1)Nc1cccc2ccccc12[EOS],5223.836544513702,42
12.7,O=C(Nc1ccc(Oc2ccc3nn(-c4ccccc4)nc3c2)nc1)c1cccc2ccccc12,[BOS]O=C(Nc1ccc(Oc2ccc3nn(-c4ccccc4)nc3c2)nc1)c1cccc2ccccc12[EOS],10358.668841600418,42
12.4,Cc1c(NC(=O)c2cc(C(=O)c3cccc4ccccc34)c[nH]2)n[nH]c1C(F)(F)F,[BOS]Cc1c(NC(=O)c2cc(C(=O)c3cccc4ccccc34)c[nH]2)n[nH]c1C(F)(F)F[EOS][EOS][EOS],15372.964316129684,42
11.3,Cc1cc(CCNC(=O)Nc2cc(F)cc(-c3nn[n-]n3)c2)ccc1OC(C)C,[BOS]Cc1cc(CCNC(=O)Nc2cc(F)cc(-c3nn[n-]n3)c2)ccc1OC(C)C[EOS],19960.414840459824,42
12.7,Cc1cc(-c2nn[n-]n2)cc(NC(=O)c2ccc3c(c2)CCC(=O)N3)c1O,[BOS]Cc1cc(-c2nn[n-]n2)cc(NC(=O)c2ccc3c(c2)CCC(=O)N3)c1O[EOS],23795.904762268066,42
12.5,O=C(NCC1(c2ccc(F)cc2F)CC1)c1ccc(C(=O)c2ccnc3c(O)cccc23)c([N+](=O)[O-])c1,[BOS]O=C(NCC1(c2ccc(F)cc2F)CC1)c1ccc(C(=O)c2ccnc3c(O)cccc23)c([N+](=O)[O-])c1[EOS],28609.159041643143,42
12.0,CC(NC(=O)c1cc2cc([N+](=O)[O-])ccc2[nH]1)c1cccc(NC(=O)Cc2ccccc2F)c1,[BOS]C[C@H](NC(=O)c1cc2cc([N+](=O)[O-])ccc2[nH]1)c1cccc(NC(=O)Cc2ccccc2F)c1[EOS],32954.956646203995,42
11.7,Cc1cc(NCc2ccc3c(c2)OCC(=O)N3)c2ccc(F)cc2[nH+]1,[BOS]Cc1cc(NCc2ccc3c(c2)OCC(=O)N3)c2ccc(F)cc2[nH+]1[EOS],36817.426228284836,42
11.7,Cn1nc(CNC(=O)c2ccc(Oc3ccccc3)cc2)c2ccccc2c1=O,[BOS]Cn1nc(CNC(=O)c2ccc(Oc3ccccc3)cc2)c2ccccc2c1=O[EOS],41044.76872563362,42
11.7,CC(OC(=O)c1cc(=O)c2ccc(F)cc2n1C)c1noc(Cc2ccccc2)n1,[BOS]CC(OC(=O)c1cc(=O)c2ccc(F)cc2n1C)c1noc(Cc2ccccc2)n1[EOS],45668.79275369644,42
11.8,Fc1ccc(N2CCCC(Nc3cc(Cl)[nH+]c4ccccc34)C2)cc1F,[BOS]Fc1ccc(N2CCC[C@H](Nc3cc(Cl)[nH+]c4ccccc34)C2)cc1F[EOS],49717.57889485359,42
11.6,Cc1c(NC(=O)CCCCc2cccc(C(F)(F)F)c2)cccc1-n1cn[nH]c1=O,[BOS]Cc1c(NC(=O)CCCCc2cccc(C(F)(F)F)c2)cccc1-n1cn[nH]c1=O[EOS],54754.23994541168,42
11.5,O=C(NC1CCC(CNC(=O)C2CC23CC3)C1)c1ccc(F)c2ccccc12,[BOS]O=C(N[C@@H]1CC[C@H](CNC(=O)[C@@H]2CC23CC3)C1)c1ccc(F)c2ccccc12[EOS],4394.318671703339,42
11.9,Cn1nnnc1-c1cccc(NC(=O)C2CC(c3cc(F)ccc3F)=NO2)c1,[BOS]Cn1nnnc1-c1cccc(NC(=O)[C@@H]2CC(c3cc(F)ccc3F)=NO2)c1[EOS],8575.998149394989,42
12.2,CC(=O)c1cc(NC(=O)c2cc(Cl)c3ccccc3c2O)cc(C(N)=O)c1,[BOS]CC(=O)c1cc(NC(=O)c2cc(Cl)c3ccccc3c2O)cc(C(N)=O)c1[EOS],12707.854584932327,42
11.0,CC1CN(C(=O)c2ccc(NC(=O)C(=O)NCC(C(C)C)[NH+]3CCc4ccccc4C3)cc2)CC(C)O1,[BOS]CC(C)[C@H](CNC(=O)C(=O)Nc1ccc(C(=O)N2C[C@@H](C)O[C@@H](C)C2)cc1)[NH+]1CCc2ccccc2C1[EOS][EOS][EOS][EOS][EOS][EOS][EOS],17900.88730788231,42
11.6,Cc1nc2c(C(=O)OC(C)C(=O)NC(=O)Nc3ccc(C)c(C)c3)cccc2o1,[BOS]Cc1nc2c(C(=O)O[C@H](C)C(=O)NC(=O)Nc3ccc(C)c(C)c3)cccc2o1[EOS],22419.715034008026,42
12.5,Cn1nnnc1-c1cccc(NC(=O)C(=O)NCc2ccc(-c3ccc4c(c3)CCCO4)o2)c1,[BOS]Cn1nnnc1-c1cccc(NC(=O)C(=O)NCc2ccc(-c3ccc4c(c3)CCCO4)o2)c1[EOS],27225.154661893845,42
12.6,Cc1ccc(NC(=O)NCC(=O)Nc2ccc(F)c(F)c2F)c(C)c1C(=O)N1CCCC1,[BOS]Cc1ccc(NC(=O)NCC(=O)Nc2ccc(F)c(F)c2F)c(C)c1C(=O)N1CCCC1[EOS],32347.05407643318,42
11.8,OC(C[NH2+]Cc1c[nH]c2ccccc12)c1cccc(-c2nnc(-c3ccc4ccccc4c3)o2)c1,[BOS]O[C@@H](C[NH2+]Cc1c[nH]c2ccccc12)c1cccc(-c2nnc(-c3ccc4ccccc4c3)o2)c1[EOS],37398.14946103096,42
11.8,Cc1cccn2cc(COc3ccc(CNc4nc5ccc(Cl)cc5c(=O)[nH]4)cc3)[nH+]c12,[BOS]Cc1cccn2cc(COc3ccc(CNc4nc5ccc(Cl)cc5c(=O)[nH]4)cc3)[nH+]c12[EOS],42601.85234975815,42
12.9,NC(=O)NC(Cc1nc(CC2COc3ccccc3O2)no1)c1cccc(Oc2ccccc2)c1,[BOS]NC(=O)N[C@H](Cc1nc(C[C@@H]2COc3ccccc3O2)no1)c1cccc(Oc2ccccc2)c1[EOS],48594.299865722656,42
12.1,NC(=O)c1cc(NC(=O)CCc2coc3ccc4ccccc4c23)[nH]c(=O)c1,[BOS]NC(=O)c1cc(NC(=O)CCc2coc3ccc4ccccc4c23)[nH]c(=O)c1[EOS],52782.66873836517,42
12.6,Cc1ccc2c(c1)CCC2[NH2+]CC(O)c1ccc2c(c1)CCN2Cc1cccc(F)c1-c1nn[n-]n1,[BOS]Cc1ccc2c(c1)CC[C@@H]2[NH2+]C[C@H](O)c1ccc2c(c1)CCN2Cc1cccc(F)c1-c1nn[n-]n1[EOS],57211.75139474869,42
11.5,CN=S(C)(=O)c1cccc(NC(=O)C(C)c2ccc3cc(OC)ccc3c2)c1,[BOS]CN=S(C)(=O)c1cccc(NC(=O)[C@@H](C)c2ccc3cc(OC)ccc3c2)c1[EOS],4082.6486370563507,42
11.4,O=C(NCc1ccnc(OC2CCCCC2)c1)c1cc2c(ccc3ccccc32)[nH]1,[BOS]O=C(NCc1ccnc(OC2CCCCC2)c1)c1cc2c(ccc3ccccc32)[nH]1[EOS],9021.581090927124,42
11.6,O=S(=O)(Nc1ccnc(-n2ccnc2)c1)c1ccc(F)c2ccccc12,[BOS]O=S(=O)(Nc1ccnc(-n2ccnc2)c1)c1ccc(F)c2ccccc12[EOS],13221.918984413147,42
11.7,CC(=O)N1CCN(c2cccc(NS(=O)(=O)c3c(C)c(C)cc(C)c3C)c2)CC1,[BOS]CC(=O)N1CCN(c2cccc(NS(=O)(=O)c3c(C)c(C)cc(C)c3C)c2)CC1[EOS],17834.803071022034,42
11.2,c1ccc(Cc2noc(SCc3nnc(COc4ccccc4-c4ccccc4)o3)n2)cc1,[BOS]c1ccc(Cc2noc(SCc3nnc(COc4ccccc4-c4ccccc4)o3)n2)cc1[EOS],22880.07945251465,42
11.4,Cn1nc(CNc2nccc(Oc3cccc(-c4nn[n-]n4)c3)n2)[nH]c1=O,[BOS]Cn1nc(CNc2nccc(Oc3cccc(-c4nn[n-]n4)c3)n2)[nH]c1=O[EOS],27067.56347179413,42
12.1,O=C(NCc1[nH]c(-c2ccccc2)c[nH+]1)Nc1cccc(-c2ccc3ccccc3c2)c1,[BOS]O=C(NCc1[nH]c(-c2ccccc2)c[nH+]1)Nc1cccc(-c2ccc3ccccc3c2)c1[EOS],31832.269816875458,42
11.5,Cc1cnccc1C(OC(=O)c1cccc(C(=O)N(C)CC(C)C)c1)c1ccccc1,[BOS]Cc1cnccc1[C@H](OC(=O)c1cccc(C(=O)N(C)CC(C)C)c1)c1ccccc1[EOS],36459.628594875336,42
11.8,O=C(NCC(O)c1ccc2ccccc2c1)c1ccc([N-]S(=O)(=O)c2ccc([O-])c([N+](=O)[O-])c2)cc1,[BOS]O=C(NC[C@H](O)c1ccc2ccccc2c1)c1ccc([N-]S(=O)(=O)c2ccc([O-])c([N+](=O)[O-])c2)cc1[EOS][EOS][EOS][EOS][EOS][EOS][EOS],41638.04094338417,42
12.0,Fc1ccc(Oc2cc(-c3noc(CCc4nnc(-c5cc(F)ccc5Br)o4)n3)ccn2)cc1,[BOS]Fc1ccc(Oc2cc(-c3noc(CCc4nnc(-c5cc(F)ccc5Br)o4)n3)ccn2)cc1[EOS][EOS][EOS][EOS][EOS][EOS][EOS],46622.87511634827,42
11.5,Cc1oc(C(=O)[O-])cc1C(=O)Oc1cccc(N2C(=O)c3ccccc3C2=O)c1,[BOS]Cc1oc(C(=O)[O-])cc1C(=O)Oc1cccc(N2C(=O)c3ccccc3C2=O)c1[EOS],50788.947501420975,42
11.7,CC(COc1cccc(-c2noc(C(F)F)n2)c1)c1cccc(Oc2ccc(C(C)(O)C(F)(F)F)cc2)c1,[BOS]C[C@@H](COc1cccc(-c2noc(C(F)F)n2)c1)c1cccc(Oc2ccc([C@@](C)(O)C(F)(F)F)cc2)c1[EOS][EOS][EOS][EOS],55328.55631017685,42
12.3,O=C(NCCc1ccc2ccccc2n1)c1cccc(C(=O)c2ccc3nc(O)oc3c2)c1,[BOS]O=C(NCCc1ccc2ccccc2n1)c1cccc(C(=O)c2ccc3c(c2)OC(O)=N3)c1[EOS],4795.613573789597,42
11.8,O=C(CCn1nnc2ccccc2c1=O)Nc1ccc(OCc2cccc(-c3nn[n-]n3)c2)c(F)c1,[BOS]O=C(CCn1nnc2ccccc2c1=O)Nc1ccc(OCc2cccc(-c3nn[n-]n3)c2)c(F)c1[EOS],10508.913212299347,42
11.7,CC(NC(=O)Nc1ccccc1-n1ccnn1)C1Oc2ccccc2C1C,[BOS]C[C@H](NC(=O)Nc1ccccc1-n1ccnn1)[C@@H]1Oc2ccccc2[C@@H]1C[EOS],14676.417735338211,42
11.7,Cc1nc2cccc(C(O)=Nc3cnn(-c4cccc(C(F)(F)F)c4)c3)c2cc1[N+](=O)[O-],[BOS]Cc1nc2cccc(C(O)=Nc3cnn(-c4cccc(C(F)(F)F)c4)c3)c2cc1[N+](=O)[O-][EOS],19009.35985684395,42
12.0,O=Cc1cccc(OCc2cccc(-c3nc(C4CCc5ccccc54)no3)c2)c1,[BOS]O=Cc1cccc(OCc2cccc(-c3nc([C@H]4CCc5ccccc54)no3)c2)c1[EOS],23675.188222885132,42
12.5,O=C1CCc2cc(-c3noc(-c4ccc5[nH]c(=O)c(=O)[nH]c5c4)n3)ccc2N1,[BOS]O=C1CCc2cc(-c3noc(-c4ccc5[nH]c(=O)c(=O)[nH]c5c4)n3)ccc2N1[EOS],27194.43089389801,42
10.9,Cc1ccsc1CNC(=O)C(=O)NCc1cccc(C(=O)NC(C)c2cccnc2C(O)=NO)c1,[BOS]Cc1ccsc1CNC(=O)C(=O)NCc1cccc(C(=O)N[C@@H](C)c2cccnc2C(O)=NO)c1[EOS],32013.899441480637,42
13.6,Cc1cc(C)n(-c2ccc(CNC(=O)Nc3ccc(C)c(C(=O)N4CCCCC4)c3)cn2)n1,[BOS]Cc1cc(C)n(-c2ccc(CNC(=O)Nc3ccc(C)c(C(=O)N4CCCCC4)c3)cn2)n1[EOS],36141.37265563011,42
11.9,O=C(NCCCc1cccc(C(F)(F)F)c1)c1cc(-c2ccc(Cl)nc2)ccc1C(F)(F)F,[BOS]O=C(NCCCc1cccc(C(F)(F)F)c1)c1cc(-c2ccc(Cl)nc2)ccc1C(F)(F)F[EOS],41002.2612555027,42
12.3,O=C(NCCCC1CCc2ccccc21)N1Cc2ccccc2C(c2ccccc2)C1,[BOS]O=C(NCCC[C@H]1CCc2ccccc21)N1Cc2ccccc2[C@@H](c2ccccc2)C1[EOS],46152.23368930817,42
11.5,CC1(CNC(=O)Nc2ccc(OC(F)F)c(-c3ccc(F)cc3)c2)CCCCC1O,[BOS]C[C@]1(CNC(=O)Nc2ccc(OC(F)F)c(-c3ccc(F)cc3)c2)CCCC[C@@H]1O[EOS],50567.16268110275,42
11.4,CCC([NH2+]C1Cc2cccc(F)c2C1)c1cccc(-c2nn[n-]n2)c1O,[BOS]CC[C@@H]([NH2+][C@@H]1Cc2cccc(F)c2C1)c1cccc(-c2nn[n-]n2)c1O[EOS],54605.10446882248,42
11.6,Cc1cccc(C(=O)NC2COC3(C2)CN(C(=O)C=C2CCC2)C3)c1F,[BOS]Cc1cccc(C(=O)N[C@H]2COC3(C2)CN(C(=O)C=C2CCC2)C3)c1F[EOS],3875.477233171463,42
11.6,O=C(NCc1ccc(CNC(=O)C2CC3OC2C2CC32)cc1)C1Cc2ccccc2CO1,[BOS]O=C(NCc1ccc(CNC(=O)[C@@H]2C[C@@H]3O[C@H]2[C@H]2C[C@H]23)cc1)[C@@H]1Cc2ccccc2CO1[EOS],8699.28809428215,42
12.9,O=C(CCC1Cc2ccccc2NC1=O)Nc1ccc2nc(-c3cccc(F)c3)[nH]c2c1,[BOS]O=C(CC[C@H]1Cc2ccccc2NC1=O)Nc1ccc2nc(-c3cccc(F)c3)[nH]c2c1[EOS],13616.503981590271,42
11.1,Cc1noc2ncc(NC(=O)C(C)N3C(=O)CCc4ccccc43)cc12,[BOS]Cc1noc2ncc(NC(=O)[C@@H](C)N3C(=O)CCc4ccccc43)cc12[EOS][EOS][EOS],17380.77657032013,42
12.3,O=C(Cc1coc2c(F)c(F)ccc12)N1CC=C(c2cccc3ccccc23)CC1,[BOS]O=C(Cc1coc2c(F)c(F)ccc12)N1CC=C(c2cccc3ccccc23)CC1[EOS],21494.8316218853,42
12.4,CC(C(=O)NCC(O)c1cccc2ccccc12)c1cccc(C(=O)c2ccccc2)c1,[BOS]C[C@H](C(=O)NC[C@@H](O)c1cccc2ccccc12)c1cccc(C(=O)c2ccccc2)c1[EOS],26638.777580022812,42
12.4,Cc1ccc(C(=O)Nc2ccccc2)cc1NC(=O)C(=O)Nc1cn[nH]c1-c1ccccc1,[BOS]Cc1ccc(C(=O)Nc2ccccc2)cc1NC(=O)C(=O)Nc1cn[nH]c1-c1ccccc1[EOS],31416.46286392212,42
11.6,O=C(NCc1ccc(Oc2cccc(F)c2)nc1)c1cccc(N2C(=O)c3ccccc3C2=O)c1,[BOS]O=C(NCc1ccc(Oc2cccc(F)c2)nc1)c1cccc(N2C(=O)c3ccccc3C2=O)c1[EOS],36512.93043732643,42
11.7,C[NH+](Cc1ccc(C[NH2+]C2CCCc3cc(C(=O)[O-])ccc32)cc1)C1CCCCC1,[BOS]C[NH+](Cc1ccc(C[NH2+][C@@H]2CCCc3cc(C(=O)[O-])ccc32)cc1)C1CCCCC1[EOS][EOS][EOS][EOS][EOS][EOS][EOS][EOS],41326.297924518585,42
10.9,Cn1c(CNC(=O)NC2CCc3ccccc3C2)nc2cc(F)ccc21,[BOS]Cn1c(CNC(=O)N[C@H]2CCc3ccccc3C2)nc2cc(F)ccc21[EOS],45776.3391520977,42
11.2,CC(Nc1ccc(NC(=O)c2cccc(CNc3ccncn3)c2)cc1Cl)c1ccccc1,[BOS]C[C@H](Nc1ccc(NC(=O)c2cccc(CNc3ccncn3)c2)cc1Cl)c1ccccc1[EOS],50296.029027462006,42
11.8,O=C(Nc1ccc(OCc2cccc(C(F)(F)F)c2)cc1)c1cc(O)nc2ccc([N+](=O)[O-])cc12,[BOS]O=C(Nc1ccc(OCc2cccc(C(F)(F)F)c2)cc1)c1cc(O)nc2ccc([N+](=O)[O-])cc12[EOS][EOS],55066.17006254196,42
12.1,NC(=O)NC(=O)C1CCC(NC(=O)Nc2ccc3c(c2)C(=O)NC3=O)CC1,[BOS]NC(=O)NC(=O)C1CCC(NC(=O)Nc2ccc3c(c2)C(=O)NC3=O)CC1[EOS],4244.105088233948,42
12.6,O=C(CCn1c2ccccc2c2ccccc21)Nc1ccc(NC(=O)CC2CCCCC2)c(F)c1F,[BOS]O=C(CCn1c2ccccc2c2ccccc21)Nc1ccc(NC(=O)CC2CCCCC2)c(F)c1F[EOS],9314.21635556221,42
12.0,O=C(NCCC(c1ccccc1)c1ccccc1)NC1CCc2ccc(O)cc2C1,[BOS]O=C(NCCC(c1ccccc1)c1ccccc1)N[C@H]1CCc2ccc(O)cc2C1[EOS],14303.324482917786,42
12.2,O=C(CCC1Cc2ccccc2NC1=O)Oc1ccc2c(=O)c(Oc3ccc4ccccc4c3)coc2c1,[BOS]O=C(CC[C@@H]1Cc2ccccc2NC1=O)Oc1ccc2c(=O)c(Oc3ccc4ccccc4c3)coc2c1[EOS],19457.257712841034,42
12.1,CC1CC[NH+](Cc2ccc(CNC(=O)Nc3cccc(C(=O)c4ccccc4)c3)cc2)CC1,[BOS]CC1CC[NH+](Cc2ccc(CNC(=O)Nc3cccc(C(=O)c4ccccc4)c3)cc2)CC1[EOS],24610.978885412216,42
11.7,Cc1ccc(C(F)(F)F)cc1C[NH2+]C(C)c1cccc2c1COC2=O,[BOS]Cc1ccc(C(F)(F)F)cc1C[NH2+][C@@H](C)c1cccc2c1COC2=O[EOS],28839.609885454178,42
11.5,CC(c1nc(-c2ccc(COc3ccccc3)cc2)no1)n1cnc2c(N)ncnc21,[BOS]C[C@H](c1nc(-c2ccc(COc3ccccc3)cc2)no1)n1cnc2c(N)ncnc21[EOS],33340.536704063416,42
12.6,O=C(NCCc1ccc2c(c1)CCO2)NCc1cccc(Oc2ccc3ccccc3c2)c1,[BOS]O=C(NCCc1ccc2c(c1)CCO2)NCc1cccc(Oc2ccc3ccccc3c2)c1[EOS],38406.885518074036,42
12.0,Cn1cc(CC(=O)NCc2ccc(N3CCc4ccccc4C3)nc2)c2ccccc2c1=O,[BOS]Cn1cc(CC(=O)NCc2ccc(N3CCc4ccccc4C3)nc2)c2ccccc2c1=O[EOS],42881.610604047775,42
12.4,O=C(Nc1cccc(-c2nnc3n2CCC3)c1)c1cncc(-c2ccc3c(c2)CCO3)c1,[BOS]O=C(Nc1cccc(-c2nnc3n2CCC3)c1)c1cncc(-c2ccc3c(c2)CCO3)c1[EOS],47453.910232543945,42
12.1,O=C(OCc1cccc(F)c1F)c1cccc(S(=O)(=O)Nc2ccccc2-c2ccccc2)c1,[BOS]O=C(OCc1cccc(F)c1F)c1cccc(S(=O)(=O)Nc2ccccc2-c2ccccc2)c1[EOS],52197.2953145504,42
11.5,Cc1ccc(SCc2ccc3c(c2)CC(C)O3)c(-c2nn[n-]n2)c1,[BOS]Cc1ccc(SCc2ccc3c(c2)C[C@@H](C)O3)c(-c2nn[n-]n2)c1[EOS],55814.21298313141,42
12.1,CCc1cc(=O)[nH]c(-c2cccc(NC(=O)Cn3c(C)nc4cc(F)c(F)cc43)c2)n1,[BOS]CCc1cc(=O)[nH]c(-c2cccc(NC(=O)Cn3c(C)nc4cc(F)c(F)cc43)c2)n1[EOS],4679.222936630249,42
11.9,CC1(NC(=O)C2CC23CCc2c(F)cccc23)CC[NH+](CC2CCC2)CC1,[BOS]CC1(NC(=O)[C@@H]2C[C@]23CCc2c(F)cccc23)CC[NH+](CC2CCC2)CC1[EOS],8309.687885522842,42
12.1,O=C(CCc1ccc(-c2ccccc2F)o1)Nc1cccc(C2(F)CCC(=O)N2)c1,[BOS]O=C(CCc1ccc(-c2ccccc2F)o1)Nc1cccc([C@]2(F)CCC(=O)N2)c1[EOS],13618.842630386353,42
11.5,Cn1cc[nH+]c1C1CC[NH+](Cc2ccc(-c3ccc(C(=O)[O-])cc3)cc2F)C1,[BOS]Cn1cc[nH+]c1[C@@H]1CC[NH+](Cc2ccc(-c3ccc(C(=O)[O-])cc3)cc2F)C1[EOS],18255.641082048416,42
11.4,OC(COc1ccccc1-c1ncn[nH]1)COc1cccc2[nH]c3ccccc3c12,[BOS]O[C@@H](COc1ccccc1-c1ncn[nH]1)COc1cccc2[nH]c3ccccc3c12[EOS],23411.6581761837,42
11.5,c1ccc(C2OCCC2C[NH2+]Cc2ccc(-c3ccc4c(c3)CCCO4)cc2)cc1,[BOS]c1ccc([C@@H]2OCC[C@@H]2C[NH2+]Cc2ccc(-c3ccc4c(c3)CCCO4)cc2)cc1[EOS],27772.003811120987,42
11.9,O=C(NCCCc1c[nH]c2ccc(F)cc12)Nc1ccc(=O)n(Cc2cccc(F)c2)c1,[BOS]O=C(NCCCc1c[nH]c2ccc(F)cc12)Nc1ccc(=O)n(Cc2cccc(F)c2)c1[EOS],32926.37231326103,42
12.6,Cc1cccc(Cn2cccc(C=Nc3ccc(C45CC6CC(CC(C)(C6)C4)C5)cc3)c2=O)c1,[BOS]Cc1cccc(Cn2cccc(/C=N/c3ccc(C45C[C@H]6C[C@@H](CC(C)(C6)C4)C5)cc3)c2=O)c1[EOS],37572.17851257324,42
12.5,O=C(NCC1(c2cc(F)ccc2F)CC1)Nc1ccc(CC(=O)N2CCc3ccccc32)cc1,[BOS]O=C(NCC1(c2cc(F)ccc2F)CC1)Nc1ccc(CC(=O)N2CCc3ccccc32)cc1[EOS],42828.65851902962,42
11.8,Fc1cc(C[NH2+]CCc2ccc(C(F)(F)F)cc2)cc(-c2nn[n-]n2)c1,[BOS]Fc1cc(C[NH2+]CCc2ccc(C(F)(F)F)cc2)cc(-c2nn[n-]n2)c1[EOS],47529.16029906273,42
12.6,O=C(Nc1ccc(F)cc1)c1cccc(COC(=O)c2cccc(Cn3cncn3)c2)c1,[BOS]O=C(Nc1ccc(F)cc1)c1cccc(COC(=O)c2cccc(Cn3cncn3)c2)c1[EOS],52716.750458955765,42
12.1,CC(NC(=O)NC(C)c1ccc(F)c2ccccc12)c1ccccc1,[BOS]C[C@H](NC(=O)N[C@H](C)c1ccccc1)c1ccc(F)c2ccccc12[EOS],56831.70525932312,42
12.3,O=C1OC(COc2ccc3occ(-c4ccc5ccccc5c4)c(=O)c3c2)CC12CCc1c(F)cccc12,[BOS]O=C1O[C@@H](COc2ccc3occ(-c4ccc5ccccc5c4)c(=O)c3c2)CC12CCc1c(F)cccc12[EOS][EOS][EOS][EOS][EOS][EOS][EOS][EOS],4667.5915496349335,42
11.7,Cn1cc(-c2ccc(CNc3ccc(F)c(-c4nnnn4C)c3)c(F)c2)cn1,[BOS]Cn1cc(-c2ccc(CNc3ccc(F)c(-c4nnnn4C)c3)c(F)c2)cn1[EOS],8964.224663972855,42
11.8,Cc1c[nH]c2cccc(C(=O)Nc3cn4cc(C(F)(F)F)ccc4[nH+]3)c12,[BOS]Cc1c[nH]c2cccc(C(=O)Nc3cn4cc(C(F)(F)F)ccc4[nH+]3)c12[EOS],13043.35188961029,42
12.2,O=C(Nc1cccn(Cc2ccc(F)cc2)c1=O)C1(c2cncc(Br)c2)CC1,[BOS]O=C(Nc1cccn(Cc2ccc(F)cc2)c1=O)C1(c2cncc(Br)c2)CC1[EOS],17917.046162843704,42
11.6,CC(OC(=O)c1ccc(COc2ccc3ccccc3c2)cc1)C(=O)Nc1c(F)cccc1F,[BOS]C[C@@H](OC(=O)c1ccc(COc2ccc3ccccc3c2)cc1)C(=O)Nc1c(F)cccc1F[EOS],23058.547363758087,42
11.9,CC(C)(CNC(=O)c1cccc(-c2noc(=O)[nH]2)c1)c1cccc(F)c1,[BOS]CC(C)(CNC(=O)c1cccc(-c2noc(=O)[nH]2)c1)c1cccc(F)c1[EOS],27639.24588894844,42
11.9,O=C(NC1CC[NH2+]CC1)c1cccc(-c2ccc(F)c3ccoc23)c1,[BOS]O=C(NC1CC[NH2+]CC1)c1cccc(-c2ccc(F)c3ccoc23)c1[EOS],31956.953418970108,42
11.7,Cn1cc[nH+]c1C1CCCN(C(=O)NCCc2cccc(OCc3ccccc3)c2)C1,[BOS]O=C(NCCc1cccc(OCc2ccccc2)c1)N1CCC[C@@H](c2[nH+]ccn2C)C1[EOS],37253.1407687664,42
12.2,O=C1Cc2cc(NC(=O)c3cc(C(=O)c4cccc5ccccc45)c[nH]3)ccc2N1,[BOS]O=C1Cc2cc(NC(=O)c3cc(C(=O)c4cccc5ccccc45)c[nH]3)ccc2N1[EOS][EOS][EOS][EOS],40992.4792432785,42
12.8,O=C(OCC1CCN(C(=O)c2ccccc2)C1)c1cccc(N2C(=O)c3ccccc3C2=O)c1,[BOS]O=C(OC[C@@H]1CCN(C(=O)c2ccccc2)C1)c1cccc(N2C(=O)c3ccccc3C2=O)c1[EOS],45892.403891325,42
11.2,CCC(CNC(=O)Nc1cccc2cc(C(=O)[O-])oc12)c1ccccc1,[BOS]CC[C@@H](CNC(=O)Nc1cccc2cc(C(=O)[O-])oc12)c1ccccc1[EOS],50557.284010887146,42
11.6,O=C(OCc1ccc2n[nH]nc2c1)c1nccc(-c2cc(C(F)(F)F)cc(C(F)(F)F)c2)n1,[BOS]O=C(OCc1ccc2n[nH]nc2c1)c1nccc(-c2cc(C(F)(F)F)cc(C(F)(F)F)c2)n1[EOS],54972.116903066635,42
11.7,O=C1CCC(c2cccc(NCc3ccc(Oc4cc(F)cc(F)c4)cc3)c2)N1,[BOS]O=C1CC[C@@H](c2cccc(NCc3ccc(Oc4cc(F)cc(F)c4)cc3)c2)N1[EOS],4405.546475887299,42
11.5,CC1(NC(=O)NCC2(c3cccc(C(F)(F)F)c3)CC2)C2Cc3ccccc3C21,[BOS]C[C@]1(NC(=O)NCC2(c3cccc(C(F)(F)F)c3)CC2)[C@@H]2Cc3ccccc3[C@H]21[EOS],8641.659565210342,42
11.5,Cc1cc(C(=O)[O-])ccc1NC(=O)c1n[nH]c(=O)c2ccccc12,[BOS]Cc1cc(C(=O)[O-])ccc1NC(=O)c1n[nH]c(=O)c2ccccc12[EOS],12666.454518079758,42
12.4,O=C1CCc2c(OC(=O)c3ccc(-n4ccc(C(F)(F)F)n4)cc3)ccc(F)c2N1,[BOS]O=C1CCc2c(OC(=O)c3ccc(-n4ccc(C(F)(F)F)n4)cc3)ccc(F)c2N1[EOS],16829.30200123787,42
12.2,O=C(NCC1CCc2ccccc2C1)Nc1ccc(-c2nc(-c3ccccc3)n[nH]2)cc1,[BOS]O=C(NC[C@H]1CCc2ccccc2C1)Nc1ccc(-c2nc(-c3ccccc3)n[nH]2)cc1[EOS],21298.25122666359,42
12.3,NS(=O)(=O)Nc1cccc(NC(=O)c2cccc(CN3C(=O)c4ccccc4C3=O)c2)c1,[BOS]NS(=O)(=O)Nc1cccc(NC(=O)c2cccc(CN3C(=O)c4ccccc4C3=O)c2)c1[EOS],26259.558700323105,42
11.5,Cc1nn(C)c2cc(NC(=O)NCc3ccc(Cn4cnc5ccccc54)cc3)ccc12,[BOS]Cc1nn(C)c2cc(NC(=O)NCc3ccc(Cn4cnc5ccccc54)cc3)ccc12[EOS],30654.16516184807,42
13.1,FC(F)(F)C(NCCn1c2ccccc2c2ccccc21)c1cnc2ccccc2c1,[BOS]FC(F)(F)[C@@H](NCCn1c2ccccc2c2ccccc21)c1cnc2ccccc2c1[EOS],35158.72577524185,42
11.3,Cc1ccc(CC(C)(O)CNC(=O)c2ccc(CSc3nc4ccccc4[nH]3)cc2)c(C)c1,[BOS]Cc1ccc(C[C@@](C)(O)CNC(=O)c2ccc(CSc3nc4ccccc4[nH]3)cc2)c(C)c1[EOS],40362.16265463829,42
12.4,CC(Oc1ccc2c(c1)CCC2)c1ccc(NC(=O)c2ccc(-c3cccc(C(=O)O)c3)o2)cc1,[BOS]C[C@H](Oc1ccc2c(c1)CCC2)c1ccc(NC(=O)c2ccc(-c3cccc(C(=O)O)c3)o2)cc1[EOS],45597.55184721947,42
11.8,O=C(COC(c1ccccc1)c1ccccc1)NS(=O)(=O)C1Cc2ccccc2C1,[BOS]O=C(COC(c1ccccc1)c1ccccc1)NS(=O)(=O)C1Cc2ccccc2C1[EOS],50571.38805127144,42
12.0,CC(NC(=O)NCc1ccc2ccccc2c1)c1ccc(NC(=O)c2ccc(F)cc2)cc1,[BOS]C[C@H](NC(=O)NCc1ccc2ccccc2c1)c1ccc(NC(=O)c2ccc(F)cc2)cc1[EOS],54975.47429275513,42
11.7,O=C(NCC(O)CCc1cccc2ccccc12)Nc1ccc(C(=O)N2CCCC2)cc1,[BOS]O=C(NC[C@@H](O)CCc1cccc2ccccc12)Nc1ccc(C(=O)N2CCCC2)cc1[EOS],5371.357450246811,42
12.0,O=C(NCC(O)Cc1ccccc1)c1ccc(CN2C(=O)c3ccccc3C2=O)cc1,[BOS]O=C(NC[C@H](O)Cc1ccccc1)c1ccc(CN2C(=O)c3ccccc3C2=O)cc1[EOS],10248.065040588379,42
11.2,O=C1CC(c2nc(COc3ccc4ccccc4c3)no2)CCN1Cc1ccc(F)cc1,[BOS]O=C1C[C@@H](c2nc(COc3ccc4ccccc4c3)no2)CCN1Cc1ccc(F)cc1[EOS],14927.983175992966,42
11.3,Cn1nc(CCNC(=O)Nc2ccc(-c3ccn[nH]3)cc2)c2ccccc2c1=O,[BOS]Cn1nc(CCNC(=O)Nc2ccc(-c3ccn[nH]3)cc2)c2ccccc2c1=O[EOS],19510.629563093185,42
11.4,O=C(CCCc1cccc(C(F)(F)F)c1)NC1CCc2ccc(O)cc2C1,[BOS]O=C(CCCc1cccc(C(F)(F)F)c1)N[C@@H]1CCc2ccc(O)cc2C1[EOS],24424.33052802086,42
12.1,COC(CNC(=O)c1cccc(N2C(=O)c3ccccc3C2=O)c1)c1ccc(Cl)cc1,[BOS]CO[C@H](CNC(=O)c1cccc(N2C(=O)c3ccccc3C2=O)c1)c1ccc(Cl)cc1[EOS][EOS][EOS],28679.684680223465,42
11.7,O=C(CCc1ncc(-c2ccccc2)o1)NCc1ccccc1Oc1cccc(F)c1,[BOS]O=C(CCc1ncc(-c2ccccc2)o1)NCc1ccccc1Oc1cccc(F)c1[EOS],34166.32754230499,42
11.4,O=C(COC(=O)C1CCc2cn[nH]c2C1)Nc1cccc(S(=O)(=O)N2CCOCC2)c1,[BOS]O=C(COC(=O)[C@@H]1CCc2cn[nH]c2C1)Nc1cccc(S(=O)(=O)N2CCOCC2)c1[EOS],39327.30882024765,42
11.6,Cc1cccc(NS(=O)(=O)c2ccc(C)c(NC(=O)NC3CCCOc4cc(F)ccc43)c2)c1,[BOS]Cc1cccc(NS(=O)(=O)c2ccc(C)c(NC(=O)N[C@H]3CCCOc4cc(F)ccc43)c2)c1[EOS],43979.673446416855,42
12.2,Cc1ccn(-c2cccc(C(=O)NC(c3c[nH]c4cccc(F)c34)C(F)(F)F)c2)n1,[BOS]Cc1ccn(-c2cccc(C(=O)N[C@@H](c3c[nH]c4cccc(F)c34)C(F)(F)F)c2)n1[EOS],48507.98527097702,42
11.8,CC(NC(=O)C1CCC(=O)c2ccccc21)c1cccc(-c2nn[n-]n2)c1,[BOS]C[C@H](NC(=O)[C@H]1CCC(=O)c2ccccc21)c1cccc(-c2nn[n-]n2)c1[EOS],52834.28315591812,42
12.3,O=C(Nc1ccc(CNC(=O)C2Cc3ccccc3C[NH2+]2)cc1)c1ccc2ncccc2c1,[BOS]O=C(NCc1ccc(NC(=O)c2ccc3ncccc3c2)cc1)[C@@H]1Cc2ccccc2C[NH2+]1[EOS],57465.58549451828,42
12.7,Cc1cc([N+](=O)[O-])nn1Cc1cccc(C(=O)Nc2ccc3nc(N4CCOCC4)oc3c2)c1,[BOS]Cc1cc([N+](=O)[O-])nn1Cc1cccc(C(=O)Nc2ccc3nc(N4CCOCC4)oc3c2)c1[EOS],4716.629847288132,42
10.8,CS(=O)(=O)Nc1ccc(C(=O)COC(=O)c2cc(Cl)c3ccccc3c2O)cc1F,[BOS]CS(=O)(=O)Nc1ccc(C(=O)COC(=O)c2cc(Cl)c3ccccc3c2O)cc1F[EOS],9291.921198368073,42
12.3,NC(=O)NC(Cc1nc(CC(=O)Nc2ccccc2F)no1)c1cccc(Oc2ccccc2)c1,[BOS]NC(=O)N[C@@H](Cc1nc(CC(=O)Nc2ccccc2F)no1)c1cccc(Oc2ccccc2)c1[EOS][EOS][EOS][EOS][EOS][EOS][EOS][EOS],15140.224825382233,42
12.6,Oc1ccc(CNc2cccc3ccccc23)cc1OC(F)(F)C(F)(F)CC(F)(F)C1CCCCC1n1cnc2ccccc21,[BOS]Oc1ccc(CNc2cccc3ccccc23)cc1OC(F)(F)C(F)(F)CC(F)(F)C1CCCCC1n1cnc2ccccc21[EOS],21188.12933921814,42
12.5,O=C(Nc1nc2cc3c(cc2[nH]1)OCO3)c1ccc(NC(=O)c2cccc(Br)c2)c(F)c1,[BOS]O=C(Nc1ccc(C(=O)Nc2nc3cc4c(cc3[nH]2)OCO4)cc1F)c1cccc(Br)c1[EOS],25720.344665527344,42
11.9,CCc1nnc(-c2cccc(NC(=O)c3ccc(OCc4cn5cc(C)ccc5[nH+]4)cc3)c2)o1,[BOS]CCc1nnc(-c2cccc(NC(=O)c3ccc(OCc4cn5cc(C)ccc5[nH+]4)cc3)c2)o1[EOS][EOS][EOS][EOS][EOS][EOS][EOS],30075.53384065628,42
11.4,COc1ccccc1Oc1ccc(CNC(=O)Nc2ccc3c(c2)NC(=O)C(C)(C)CO3)cc1,[BOS]COc1ccccc1Oc1ccc(CNC(=O)Nc2ccc3c(c2)NC(=O)C(C)(C)CO3)cc1[EOS],35001.87018752098,42
12.0,Cc1cc(-c2noc(-c3nncc4ccc(Cl)cc34)n2)cc(C(=O)[O-])c1F,[BOS]Cc1cc(-c2noc(-c3nncc4ccc(Cl)cc34)n2)cc(C(=O)[O-])c1F[EOS],38702.252299547195,42
11.6,CC(CNC(=O)NC1CCc2nc(-c3ccccc3)ncc2C1)[NH+]1CCc2cccc(F)c2C1,[BOS]C[C@H](CNC(=O)N[C@H]1CCc2nc(-c3ccccc3)ncc2C1)[NH+]1CCc2cccc(F)c2C1[EOS],43703.52467298508,42
12.6,c1nc2ccc(-c3noc(-c4ccc5ccc(OCc6ccc7c(c6)OCO7)cc5c4)n3)cn2n1,[BOS]c1cc2ccc(-c3nc(-c4ccc5ncnn5c4)no3)cc2cc1OCc1ccc2c(c1)OCO2[EOS],47439.13952565193,42
11.8,c1ccc(C2CC2c2nnc(-c3cncc(-c4ccc5c(c4)CCO5)c3)o2)cc1,[BOS]c1ccc([C@H]2C[C@@H]2c2nnc(-c3cncc(-c4ccc5c(c4)CCO5)c3)o2)cc1[EOS],51715.76599788666,42
11.8,O=C(C[S+]([O-])c1ccc2c(c1)OCCCO2)Nc1ccc(OC(F)F)c(Cc2ccccc2)c1,[BOS]O=C(C[S+]([O-])c1ccc2c(c1)OCCCO2)Nc1ccc(OC(F)F)c(Cc2ccccc2)c1[EOS],56395.07984018326,42
12.2,Cn1cc(Nc2cccc(C(=O)NCc3ccccn3)c2)c2ccccc2c1=O,[BOS]Cn1cc(Nc2cccc(C(=O)NCc3ccccn3)c2)c2ccccc2c1=O[EOS],4445.304220914841,42
12.5,CC(=O)c1cc(NC(=O)NC2Cc3cccc(-c4nn[n-]n4)c3C2)ccc1C,[BOS]CC(=O)c1cc(NC(=O)N[C@H]2Cc3cccc(-c4nn[n-]n4)c3C2)ccc1C[EOS],8305.332172870636,42
11.9,Cc1ccc2c(c1)CCC2[NH2+]Cc1cccnc1Oc1cccc(F)c1,[BOS]Cc1ccc2c(c1)CC[C@H]2[NH2+]Cc1cccnc1Oc1cccc(F)c1[EOS],12603.007416725159,42
12.0,O=C(CCc1cccc(C(F)(F)F)c1)Nc1ccc2nc3n(c(=O)c2c1)CCCCC3,[BOS]O=C(CCc1cccc(C(F)(F)F)c1)Nc1ccc2nc3n(c(=O)c2c1)CCCCC3[EOS],17245.265121221542,42
12.7,O=C(Nc1ccc(F)c(-c2nn[n-]n2)c1)NC1CCc2cc(F)ccc21,[BOS]O=C(Nc1ccc(F)c(-c2nn[n-]n2)c1)N[C@H]1CCc2cc(F)ccc21[EOS],21465.46897816658,42
11.7,CC(Cc1ccc(O)c(O)c1)NC(=O)Nc1ccc(=O)n(Cc2cccc(F)c2)c1,[BOS]C[C@H](Cc1ccc(O)c(O)c1)NC(=O)Nc1ccc(=O)n(Cc2cccc(F)c2)c1[EOS],26538.939581155777,42
11.5,O=C(NCC1CC(Nc2cc[nH+]cc2-c2nn[n-]n2)C1)c1cnc2[nH]c(=O)[nH]c2c1,[BOS]O=C(NC[C@H]1C[C@@H](Nc2cc[nH+]cc2-c2nn[n-]n2)C1)c1cnc2[nH]c(=O)[nH]c2c1[EOS],31277.434478759766,42
11.5,Clc1cccc2cccc(NCc3ccc(C[NH+]4CCCCCC4)cc3)c12,[BOS]Clc1cccc2cccc(NCc3ccc(C[NH+]4CCCCCC4)cc3)c12[EOS],35847.89071702957,42
11.9,Fc1ccc(CCc2nnc(C3COc4ccccc4O3)o2)c2cc(Br)ccc12,[BOS]Fc1ccc(CCc2nnc([C@@H]3COc4ccccc4O3)o2)c2cc(Br)ccc12[EOS],40002.88726019859,42
11.5,O=C(NCCc1cnn(-c2ccccc2)c1)c1cccc(-c2ccc(C(F)(F)F)cc2)c1,[BOS]O=C(NCCc1cnn(-c2ccccc2)c1)c1cccc(-c2ccc(C(F)(F)F)cc2)c1[EOS],44950.88453769684,42
12.7,O=C(NCCc1cccc(-c2ccccc2)c1)c1ccc(C(=O)Nc2nccc3ccccc23)cc1,[BOS]O=C(NCCc1cccc(-c2ccccc2)c1)c1ccc(C(=O)Nc2nccc3ccccc23)cc1[EOS],50072.18328952789,42
12.4,Nc1ccc(-c2ccc(NC(=O)c3ccc(OCc4ccncc4C(F)(F)F)cc3)cc2)c(C(F)(F)F)c1,[BOS]Nc1ccc(-c2ccc(NC(=O)c3ccc(OCc4ccncc4C(F)(F)F)cc3)cc2)c(C(F)(F)F)c1[EOS],55411.77813267708,42
12.6,[NH3+]C(Cc1cccc2ccccc12)c1nc(-c2ccc3c(c2)CCC(=O)N3)no1,[BOS][NH3+][C@H](Cc1cccc2ccccc12)c1nc(-c2ccc3c(c2)CCC(=O)N3)no1[EOS],4654.6151077747345,42
12.5,O=C(Nc1cccc2ccccc12)c1ccc(C2CNNC2)cc1,[BOS]O=C(Nc1cccc2ccccc12)c1ccc(C2CNNC2)cc1[EOS],9743.998637199402,42
12.7,Nc1nc2c(c(NCc3cccc(NC(=O)c4ccc(F)cc4)c3)n1)CC(F)(F)C=C2,[BOS]Nc1nc2c(c(NCc3cccc(NC(=O)c4ccc(F)cc4)c3)n1)CC(F)(F)C=C2[EOS],14356.242884159088,42
11.8,CN1CC[NH+](Cc2cccc(NC(=O)CCc3ncc(-c4ccc5ccccc5c4)o3)c2)CC1,[BOS]CN1CC[NH+](Cc2cccc(NC(=O)CCc3ncc(-c4ccc5ccccc5c4)o3)c2)CC1[EOS],19748.8680832386,42
12.4,Oc1cc(F)cc(-c2nc3ccc(OCc4cccc5ccccc45)cc3o2)c1,[BOS]Oc1cc(F)cc(-c2nc3ccc(OCc4cccc5ccccc45)cc3o2)c1[EOS],23789.341118335724,42
12.0,O=C(CC1CCc2ccccc21)Nc1cccc(S(=O)(=O)Nc2cccc(C(F)(F)F)c2)c1,[BOS]O=C(C[C@H]1CCc2ccccc21)Nc1cccc(S(=O)(=O)Nc2cccc(C(F)(F)F)c2)c1[EOS],28349.334958553314,42
12.1,CC(O)c1cc(NC(=O)C(=O)Nc2ccc(F)cc2-c2ccc(F)cc2F)ccc1F,[BOS]C[C@@H](O)c1cc(NC(=O)C(=O)Nc2ccc(F)cc2-c2ccc(F)cc2F)ccc1F[EOS],33471.309129714966,42
12.2,Nc1nnc(CCNC(=O)c2cccc(Oc3ccc(F)cc3-c3nn[n-]n3)c2)o1,[BOS]Nc1nnc(CCNC(=O)c2cccc(Oc3ccc(F)cc3-c3nn[n-]n3)c2)o1[EOS],37977.928716897964,42
11.5,CC1(C(=O)Nc2cccc(CSc3ccccn3)c2)CC(c2ccc3ccccc3c2)=NO1,[BOS]C[C@]1(C(=O)Nc2cccc(CSc3ccccn3)c2)CC(c2ccc3ccccc3c2)=NO1[EOS],42691.783393621445,42
11.0,Cc1ccc(CC(C)C(=O)Oc2ccccc2C(=O)N2CCCCC2)cc1,[BOS]Cc1ccc(C[C@@H](C)C(=O)Oc2ccccc2C(=O)N2CCCCC2)cc1[EOS],47285.95633006096,42
11.9,O=C(NCCc1c[nH]c2cc(F)ccc12)c1cc(=O)[nH]c2cccc(Br)c12,[BOS]O=C(NCCc1c[nH]c2cc(F)ccc12)c1cc(=O)[nH]c2cccc(Br)c12[EOS],51856.50739526749,42
12.9,O=C1CCCc2cc(NC(=O)NCc3cccc(NC(=O)C4Cc5ccccc5C(=O)O4)c3)ccc2N1,[BOS]O=C(NCc1cccc(NC(=O)[C@H]2Cc3ccccc3C(=O)O2)c1)Nc1ccc2c(c1)CCCC(=O)N2[EOS],57035.1624147892,42
12.4,CC(NC(=O)Nc1cc(F)cc(-c2nn[n-]n2)c1)C1CCCc2ccccc21,[BOS]C[C@@H](NC(=O)Nc1cc(F)cc(-c2nn[n-]n2)c1)[C@H]1CCCc2ccccc21[EOS],4323.982785701752,42
11.3,Fc1cc(F)cc(NC(=S)Nc2cc3cccnc3c3ncccc23)c1,[BOS]Fc1cc(F)cc(NC(=S)Nc2cc3cccnc3c3ncccc23)c1[EOS],8375.925971508026,42
11.9,O=C(Nc1cccc2ccc(O)cc12)c1ccc(OCC2CCCCO2)c(F)c1,[BOS]O=C(Nc1cccc2ccc(O)cc12)c1ccc(OC[C@@H]2CCCCO2)c(F)c1[EOS],12589.056424856186,42
12.1,O=C(NCCc1cccc2ccccc12)C12CC3CC(C1)CC(C(F)(F)F)(C3)C2,[BOS]O=C(NCCc1cccc2ccccc12)C12C[C@H]3C[C@@H](C1)CC(C(F)(F)F)(C3)C2[EOS][EOS][EOS],17146.805560350418,42
12.0,Fc1ccc(-c2nc(-c3cc4cn[nH]c4cn3)n[nH]2)c2ccccc12,[BOS]Fc1ccc(-c2nc(-c3cc4cn[nH]c4cn3)n[nH]2)c2ccccc12[EOS],21298.573656082153,42
11.2,O=C(NCC1Cc2ccccc21)Nc1ccc2oc(C(F)(F)F)nc2c1,[BOS]O=C(NC[C@@H]1Cc2ccccc21)Nc1ccc2oc(C(F)(F)F)nc2c1[EOS],25696.646012306213,42
12.2,OC(=Nc1cccc(-c2ncon2)c1)c1cc2nc(O)c(Cc3ccc(Cl)c(Cl)c3)c(O)c2cc1F,[BOS]Oc1nc2cc(C(O)=Nc3cccc(-c4ncon4)c3)c(F)cc2c(O)c1Cc1ccc(Cl)c(Cl)c1[EOS],30017.4970433712,42
11.5,CC(NC(=O)NCC1COC2(CCOCC2)O1)c1ccc(NC(=O)c2ccc(F)cc2)cc1,[BOS]C[C@@H](NC(=O)NC[C@H]1COC2(CCOCC2)O1)c1ccc(NC(=O)c2ccc(F)cc2)cc1[EOS][EOS][EOS][EOS][EOS][EOS][EOS][EOS],34515.19281363487,42
13.0,O=S(=O)(c1cc(-c2nc(-c3cccc4ccccc34)no2)ccc1F)N1CCc2ccccc2C1,[BOS]O=S(=O)(c1cc(-c2nc(-c3cccc4ccccc34)no2)ccc1F)N1CCc2ccccc2C1[EOS],39367.79940342903,42
11.9,c1ccc2[nH]c(-c3noc(CCc4nc(-c5nccc6ccccc56)no4)n3)cc2c1,[BOS]c1ccc2[nH]c(-c3noc(CCc4nc(-c5nccc6ccccc56)no4)n3)cc2c1[EOS],43707.44252347946,42
11.2,CCC1(C)Oc2ccc(NC(=O)C(C)c3c(C)nn(CC(F)(F)F)c3C)cc2O1,[BOS]CC[C@]1(C)Oc2ccc(NC(=O)[C@@H](C)c3c(C)nn(CC(F)(F)F)c3C)cc2O1[EOS],47764.238505363464,42
12.2,CC(Cc1nnc(-c2nn(C)c(=O)c3ccccc23)o1)c1c[nH]c2ccccc12,[BOS]C[C@@H](Cc1nnc(-c2nn(C)c(=O)c3ccccc23)o1)c1c[nH]c2ccccc12[EOS],52255.85780787468,42
12.5,N#CC(C(=O)c1cc(O)nc2ccccc12)c1nc(-c2ccc(OCc3ccccc3)cc2)cs1,[BOS]N#C[C@H](C(=O)c1cc(O)nc2ccccc12)c1nc(-c2ccc(OCc3ccccc3)cc2)cs1[EOS],4344.370690584183,42
11.6,O=C([O-])COc1cccc(C(=O)Oc2cccc(N3C(=O)NC4(CCC4)C3=O)c2)c1,[BOS]O=C([O-])COc1cccc(C(=O)Oc2cccc(N3C(=O)NC4(CCC4)C3=O)c2)c1[EOS],8894.57367181778,42
11.7,CC(Cc1ccccc1F)NC(=O)Nc1cc(F)cc(-c2nn[n-]n2)c1,[BOS]C[C@H](Cc1ccccc1F)NC(=O)Nc1cc(F)cc(-c2nn[n-]n2)c1[EOS],13518.518857002258,42
11.6,Cc1ccc(NC(=O)NCC(C)(O)c2cccc(F)c2)cc1-c1nnc2n1CCCCC2,[BOS]Cc1ccc(NC(=O)NC[C@@](C)(O)c2cccc(F)c2)cc1-c1nnc2n1CCCCC2[EOS],18279.482440710068,42
12.3,O=C(C=Cc1cncc(F)c1)Nc1ccc(CC(=O)N2CCc3ccccc32)cc1,[BOS]O=C(C=Cc1cncc(F)c1)Nc1ccc(CC(=O)N2CCc3ccccc32)cc1[EOS],22903.96301960945,42
12.2,CC1Oc2c(cccc2NC(C)c2nc(N)c3c(CC(=O)NC4CCOC4=O)cccc3n2)NC1=O,[BOS]C[C@H](Nc1cccc2c1O[C@H](C)C(=O)N2)c1nc(N)c2c(CC(=O)N[C@H]3CCOC3=O)cccc2n1[EOS],27211.803099155426,42
11.8,O=C(CCc1cccc(C(F)(F)F)c1)NC1(c2ccc(NC(=O)C3C4C=CSC43)cc2)CCC1,[BOS]O=C(CCc1cccc(C(F)(F)F)c1)NC1(c2ccc(NC(=O)[C@@H]3[C@@H]4C=CS[C@@H]43)cc2)CCC1[EOS][EOS],32037.199565410614,42
11.8,O=S(=O)(Cc1cc(-c2nn[n-]n2)ccc1F)NC1CC(c2cccc(F)c2)C1,[BOS]O=S(=O)(Cc1cc(-c2nn[n-]n2)ccc1F)N[C@H]1C[C@H](c2cccc(F)c2)C1[EOS],36530.87355208397,42
11.2,O=C(NCCCOC1CCCc2ccccc21)c1cn2cc(C(F)(F)F)ccc2[nH+]1,[BOS]O=C(NCCCO[C@@H]1CCCc2ccccc21)c1cn2cc(C(F)(F)F)ccc2[nH+]1[EOS][EOS][EOS][EOS][EOS][EOS][EOS][EOS],41803.061975717545,42
11.8,Cc1ccn2cc(CNC(=O)Nc3cccc(C(=O)N4CCCCC4)c3)[nH+]c2c1,[BOS]Cc1ccn2cc(CNC(=O)Nc3cccc(C(=O)N4CCCCC4)c3)[nH+]c2c1[EOS],46340.29855251312,42
11.9,O=C(CNc1cccc(-c2nnc3n2CCCCC3)c1)Nc1cccc(Oc2ccccc2)c1,[BOS]O=C(CNc1cccc(-c2nnc3n2CCCCC3)c1)Nc1cccc(Oc2ccccc2)c1[EOS],51728.34238624573,42
10.9,Cc1cncc(C[NH2+]C(C)CNC(=O)c2c(F)ccc3ccncc23)c1,[BOS]Cc1cncc(C[NH2+][C@H](C)CNC(=O)c2c(F)ccc3ccncc23)c1[EOS],55685.5077688694,42
12.6,CC(OC(=O)c1ccc(NC(=O)Nc2ccccc2)cc1)c1cnc2ccccc2c1,[BOS]C[C@@H](OC(=O)c1ccc(NC(=O)Nc2ccccc2)cc1)c1cnc2ccccc2c1[EOS],5481.6301946640015,42
12.8,OC(=Nc1ccc(CCN=C(O)C2COC3(CCCCCC3)C2)cc1)c1cccc2ccccc12,[BOS]OC(=Nc1ccc(CCN=C(O)C2COC3(CCCCCC3)C2)cc1)c1cccc2ccccc12[EOS],11663.899567604065,42
11.2,Cc1cc(N2CCCC(OC(=O)Cc3cc(C(N)=O)ccc3C)C2)nc(C)n1,[BOS]Cc1cc(N2CCC[C@H](OC(=O)Cc3cc(C(N)=O)ccc3C)C2)nc(C)n1[EOS][EOS][EOS][EOS][EOS][EOS][EOS],15972.265775442123,42
12.9,O=C(c1cccc(NCc2cc(=O)n3[nH]cc(-c4nn[n-]n4)c3n2)c1)C1CCCC(F)(F)CC1,[BOS]O=C(c1cccc(NCc2cc(=O)n3[nH]cc(-c4nn[n-]n4)c3n2)c1)C1CCCC(F)(F)CC1[EOS],20946.491096019745,42
11.2,Cc1cc(C(=O)OCc2ccccc2-c2nn[n-]n2)cc([N+](=O)[O-])c1F,[BOS]Cc1cc(C(=O)OCc2ccccc2-c2nn[n-]n2)cc([N+](=O)[O-])c1F[EOS],25401.910430431366,42
10.9,Cc1ccc(-n2cc(NC(=O)CCNC(=O)NC34CC5CC(CC(C5)C3)C4)cn2)c(C)c1,[BOS]Cc1ccc(-n2cc(NC(=O)CCNC(=O)NC34CC5CC(CC(C5)C3)C4)cn2)c(C)c1[EOS][EOS][EOS][EOS],30359.02561855316,42
13.0,O=C(NCC1C2Cc3ccccc3C12)c1cccc(CN2C(=O)c3ccccc3C2=O)c1,[BOS]O=C(NC[C@@H]1[C@@H]2Cc3ccccc3[C@H]12)c1cccc(CN2C(=O)c3ccccc3C2=O)c1[EOS],35138.4363424778,42
12.1,O=C(OCc1ccc(OCc2cccc(F)c2)cc1)c1cc(O)cc2ccccc12,[BOS]O=C(OCc1ccc(OCc2cccc(F)c2)cc1)c1cc(O)cc2ccccc12[EOS],40304.09839820862,42
12.0,Cc1ccc(CCN2C(=O)C(=O)c3c2cc(F)c(F)c3F)c(C)c1,[BOS]Cc1ccc(CCN2C(=O)C(=O)c3c(F)c(F)c(F)cc32)c(C)c1[EOS],44731.85524535179,42
11.6,CSc1nnnn1-c1cccc(NC2CCc3c(F)cc(F)cc32)c1,[BOS]CSc1nnnn1-c1cccc(N[C@@H]2CCc3c(F)cc(F)cc32)c1[EOS],49212.704674720764,42
12.6,Fc1ccc(F)c(-n2ccc(-c3nc(Cc4c[nH]c5ccc(Oc6ccccc6)cc45)no3)n2)c1,[BOS]Fc1ccc(F)c(-n2ccc(-c3nc(Cc4c[nH]c5ccc(Oc6ccccc6)cc45)no3)n2)c1[EOS],54354.37593007088,42
11.9,CC(Cc1ccccc1C(F)(F)F)NC(=O)C1CCC(NC(=O)CC2CCCCC2)CC1,[BOS]C[C@H](Cc1ccccc1C(F)(F)F)NC(=O)C1CCC(NC(=O)CC2CCCCC2)CC1[EOS],58533.8868598938,42
11.4,O=C(Nc1ccc2c(n1)CCC2)C12CC1C[NH+](Cc1ccccc1C(F)(F)F)C2,[BOS]O=C(Nc1ccc2c(n1)CCC2)[C@@]12C[C@@H]1C[NH+](Cc1ccccc1C(F)(F)F)C2[EOS],3754.6993951797485,42
11.4,Cc1coc(-c2cc(NC(=O)NCC(c3ccccc3)c3ncn[nH]3)ccc2C)n1,[BOS]Cc1coc(-c2cc(NC(=O)NC[C@H](c3ccccc3)c3ncn[nH]3)ccc2C)n1[EOS],7939.424813508987,42
11.8,O=C(NCC(O)c1cccc(C(F)(F)F)c1)Nc1ccc2c(c1)CCOC2,[BOS]O=C(NC[C@@H](O)c1cccc(C(F)(F)F)c1)Nc1ccc2c(c1)CCOC2[EOS],13036.051919460297,42
11.3,Nc1nc(Cl)cc(N2CCCC(Nc3cccc(-c4nn[n-]n4)c3)C2)n1,[BOS]Nc1nc(Cl)cc(N2CCC[C@H](Nc3cccc(-c4nn[n-]n4)c3)C2)n1[EOS],16768.50431704521,42
12.2,O=C(Nc1cc(-n2nnnc2C2CC2)ccc1F)c1cc(=O)[nH]c2ccccc12,[BOS]O=C(Nc1cc(-n2nnnc2C2CC2)ccc1F)c1cc(=O)[nH]c2ccccc12[EOS],21416.58663058281,42
11.2,CCCC(NC(=O)C(=O)NCc1ccc(Cn2cnc3ccccc32)cc1)c1ccc(F)cc1F,[BOS]CCC[C@H](NC(=O)C(=O)NCc1ccc(Cn2cnc3ccccc32)cc1)c1ccc(F)cc1F[EOS][EOS][EOS][EOS][EOS][EOS][EOS][EOS],26791.299206018448,42
11.6,CC1Cc2cc(CNC(=O)Nc3cccc4ccccc34)ccc2O1,[BOS]C[C@@H]1Cc2cc(CNC(=O)Nc3cccc4ccccc34)ccc2O1[EOS],31052.020758152008,42
13.1,Fc1ccc(COc2cccc(-c3ccc(-c4ncn[nH]4)cc3)c2)c2ccccc12,[BOS]Fc1ccc(COc2cccc(-c3ccc(-c4ncn[nH]4)cc3)c2)c2ccccc12[EOS],35624.724430561066,42
11.9,Cc1cccc(CNC(=O)c2ccc(C(=O)Nc3n[nH]c(CC(=O)c4ccccc4)n3)cc2)c1,[BOS]Cc1cccc(CNC(=O)c2ccc(C(=O)Nc3n[nH]c(CC(=O)c4ccccc4)n3)cc2)c1[EOS],40732.30762577057,42
11.8,Cc1ccc(CC(C)C(=O)Nc2ccc(Cl)c(-c3nnc4n3CCCCC4)c2)cc1,[BOS]Cc1ccc(C[C@@H](C)C(=O)Nc2ccc(Cl)c(-c3nnc4n3CCCCC4)c2)cc1[EOS],45431.378613471985,42
11.4,O=C(NS(=O)(=O)c1cc([N+](=O)[O-])ccc1Br)c1ccc2ccccc2c1O,[BOS]O=C(NS(=O)(=O)c1cc([N+](=O)[O-])ccc1Br)c1ccc2ccccc2c1O[EOS],49675.174376010895,42
12.6,O=S(=O)(Nc1cccc(Oc2ccnc3ccccc23)c1)c1cccc(S(=O)(=O)N2CCCCCC2)c1,[BOS]O=S(=O)(Nc1cccc(Oc2ccnc3ccccc23)c1)c1cccc(S(=O)(=O)N2CCCCCC2)c1[EOS],54700.41369509697,42
12.1,NC(=O)N1CCc2ccc(NC(=O)c3ccc(NC(=O)c4cccc(F)c4)cc3)cc21,[BOS]NC(=O)N1CCc2ccc(NC(=O)c3ccc(NC(=O)c4cccc(F)c4)cc3)cc21[EOS],4397.364972352982,42
11.7,CC(=Cc1cccc(C(F)(F)F)c1)CNc1ccc(C(=O)NCc2ccccn2)c(Cl)c1,[BOS]CC(=Cc1cccc(C(F)(F)F)c1)CNc1ccc(C(=O)NCc2ccccn2)c(Cl)c1[EOS],9110.630692481995,42
12.0,CC(OC(=O)c1cccc(Nc2ccncc2)c1)c1cccc(NC(=O)c2ccccc2)c1,[BOS]C[C@H](OC(=O)c1cccc(Nc2ccncc2)c1)c1cccc(NC(=O)c2ccccc2)c1[EOS],14499.258027076721,42
12.0,[NH3+]C(CCCc1nc(-c2ccc3c(c2)C(=O)CCCC3)no1)C(=O)Nc1ccc2ccccc2c1,[BOS][NH3+][C@@H](CCCc1nc(-c2ccc3c(c2)C(=O)CCCC3)no1)C(=O)Nc1ccc2ccccc2c1[EOS],20512.56496977806,42
11.8,O=C(NCCCc1cccc(C(F)(F)F)c1)Nc1nnc(Cc2ccccc2F)o1,[BOS]O=C(NCCCc1cccc(C(F)(F)F)c1)Nc1nnc(Cc2ccccc2F)o1[EOS],25333.091444969177,42
12.1,O=C1Nc2ccccc2CC1CCC(O)=Nc1ccc(-n2ncc3c(=O)[nH]cnc32)cc1F,[BOS]O=C1Nc2ccccc2C[C@H]1CCC(O)=Nc1ccc(-n2ncc3c(=O)[nH]cnc32)cc1F[EOS],29769.77982401848,42
11.4,Cc1cc(CC(C)NC(=O)c2cccc3[nH]c(=O)oc23)n(-c2ccccc2)n1,[BOS]Cc1cc(C[C@H](C)NC(=O)c2cccc3[nH]c(=O)oc23)n(-c2ccccc2)n1[EOS],34469.31536746025,42
12.2,O=C(NCc1ccnc(Oc2ccc(F)cc2)c1)C1CCc2[nH]c3ccc(F)cc3c2C1,[BOS]O=C(NCc1ccnc(Oc2ccc(F)cc2)c1)[C@@H]1CCc2[nH]c3ccc(F)cc3c2C1[EOS],39650.543496608734,42
12.5,O=C(Nc1cccc2cccnc12)c1ccc([N-]S(=O)(=O)c2ccc3c(c2)CCCC3)cc1Cl,[BOS]O=C(Nc1cccc2cccnc12)c1ccc([N-]S(=O)(=O)c2ccc3c(c2)CCCC3)cc1Cl[EOS],44288.32669901848,42
11.8,CC(Cc1cccc(C(F)(F)F)c1)Nc1ccc2c(c1)S(=O)(=O)NC2=O,[BOS]C[C@H](Cc1cccc(C(F)(F)F)c1)Nc1ccc2c(c1)S(=O)(=O)NC2=O[EOS],48612.32221364975,42
12.4,CC(NC(=O)c1ccc(-c2ccc(C(C)Nc3nc(C(F)(F)F)ccc3F)cc2)cc1)c1ccccc1,[BOS]C[C@@H](Nc1nc(C(F)(F)F)ccc1F)c1ccc(-c2ccc(C(=O)N[C@@H](C)c3ccccc3)cc2)cc1[EOS],53186.899991989136,42
12.0,Cc1ccc2[nH]c3c(c2c1)CC([NH2+]C1CCCc2ccccc2C1)CC3,[BOS]Cc1ccc2[nH]c3c(c2c1)C[C@H]([NH2+][C@@H]1CCCc2ccccc2C1)CC3[EOS],56892.122030973434,42
12.1,O=C(NC1CCc2ccc(O)cc2C1)c1cccc(C(F)(F)F)c1C1CC[NH2+]C1,[BOS]O=C(N[C@@H]1CCc2ccc(O)cc2C1)c1cccc(C(F)(F)F)c1[C@@H]1CC[NH2+]C1[EOS],4050.684058904648,42
11.2,Cc1c(CNC(=O)NC2CCC(c3ccccc3)CC2)cccc1[N+](=O)[O-],[BOS]Cc1c(CNC(=O)NC2CCC(c3ccccc3)CC2)cccc1[N+](=O)[O-][EOS],8452.781127214432,42
12.1,Cc1cccc(Cn2nccc2Cc2ccc(F)c(F)c2C)c1-c1cnnc(O)c1,[BOS]Cc1cccc(Cn2nccc2Cc2ccc(F)c(F)c2C)c1-c1cnnc(O)c1[EOS],13672.87192440033,42
10.5,Cc1ccc(C(=O)N2CCCC(C(=O)OC(C)c3nc(-c4cccc(C(F)(F)F)c4)no3)C2)cc1,[BOS]Cc1ccc(C(=O)N2CCC[C@H](C(=O)O[C@@H](C)c3nc(-c4cccc(C(F)(F)F)c4)no3)C2)cc1[EOS],19369.42635846138,42
11.6,CCn1ncc2ccc(NC(=O)c3cccc(COc4cccc(-c5nn[n-]n5)c4)c3)cc21,[BOS]CCn1ncc2ccc(NC(=O)c3cccc(COc4cccc(-c5nn[n-]n5)c4)c3)cc21[EOS],23820.137217521667,42
11.4,CC(NCc1cccc(N=C(O)C2CCCCC2)c1)C(O)=Nc1ccc2c(c1)OCCO2,[BOS]CC(NCc1cccc(N=C(O)C2CCCCC2)c1)C(O)=Nc1ccc2c(c1)OCCO2[EOS][EOS][EOS],28179.351944446564,42
12.4,O=C(NCc1ccc2nonc2c1)C1CC(Cc2ccccc2-c2cccnc2)C[NH2+]1,[BOS]O=C(NCc1ccc2nonc2c1)[C@@H]1C[C@H](Cc2ccccc2-c2cccnc2)C[NH2+]1[EOS],32669.599623680115,42
11.8,O=C(Oc1ccc(Cl)c2ccccc12)C1C2Cc3ccccc3C21,[BOS]O=C(Oc1ccc(Cl)c2ccccc12)[C@@H]1[C@H]2Cc3ccccc3[C@H]21[EOS],36650.33087205887,42
12.8,O=C(Nc1ccc2nnc(C3CCCOC3)n2c1)NC1CCc2ccc(O)cc2C1,[BOS]O=C(Nc1ccc2nnc([C@H]3CCCOC3)n2c1)N[C@@H]1CCc2ccc(O)cc2C1[EOS],41082.898094415665,42
11.9,O=C([O-])c1cccc(C(=O)Nc2ccc(C(=O)N3CCCCC3)cn2)c1,[BOS]O=C([O-])c1cccc(C(=O)Nc2ccc(C(=O)N3CCCCC3)cn2)c1[EOS],45179.291550159454,42
12.6,OC(CNc1c(-c2nn[n-]n2)nnc2ccccc12)c1ccc2ccccc2c1,[BOS]O[C@@H](CNc1c(-c2nn[n-]n2)nnc2ccccc12)c1ccc2ccccc2c1[EOS],50228.36751508713,42
12.9,O=C(CCc1cccc([N+](=O)[O-])c1)NC1(c2ccc(NC(=O)C3CCc4ccccc4C3O)cc2)CCC1,[BOS]O=C(CCc1cccc([N+](=O)[O-])c1)NC1(c2ccc(NC(=O)[C@@H]3CCc4ccccc4[C@H]3O)cc2)CCC1[EOS],55581.234802007675,42
11.8,Cc1ccccc1CC(=O)Nc1cccc(NC(=O)c2cccc(C(F)(F)F)c2)c1,[BOS]Cc1ccccc1CC(=O)Nc1cccc(NC(=O)c2cccc(C(F)(F)F)c2)c1[EOS],4718.893451929092,42
11.0,CC([NH2+]C1CCCC(C2CC2)C1)c1cccc(NC(=O)Cc2ccccc2F)c1,[BOS]C[C@H]([NH2+][C@H]1CCC[C@H](C2CC2)C1)c1cccc(NC(=O)Cc2ccccc2F)c1[EOS],8927.198610305786,42
11.6,O=C(NC1CCc2[nH]ncc2C1)NC1CCN(c2ccc(Cl)c(F)c2)C1=O,[BOS]O=C(N[C@H]1CCc2[nH]ncc2C1)N[C@@H]1CCN(c2ccc(Cl)c(F)c2)C1=O[EOS],13081.226198911667,42
12.4,O=C(CCC1=NC(=O)C2C=CC=CC2=N1)N=c1ccn(Cc2cccc3ccccc23)[nH]1,[BOS]O=C(CCC1=NC(=O)C2C=CC=CC2=N1)N=c1ccn(Cc2cccc3ccccc23)[nH]1[EOS],17819.940252304077,42
12.3,CCC(NC=C1C(=O)N=C(O)c2ccccc21)c1ccc2c(c1)NCC(c1ccc(F)c(F)c1)CO2,[BOS]CC[C@H](NC=C1C(=O)N=C(O)c2ccccc21)c1ccc2c(c1)NCC(c1ccc(F)c(F)c1)CO2[EOS],22483.61981034279,42
12.5,CC(=O)c1cc(Nc2cccc(CC3COC(=O)N3)c2)cc(C(F)(F)F)c1,[BOS]CC(=O)c1cc(Nc2cccc(C[C@H]3COC(=O)N3)c2)cc(C(F)(F)F)c1[EOS],26703.927473306656,42
12.5,O=C(NC12CCC(C(F)(F)F)(CC1)CC2)c1ccc(C(F)(F)F)c2ncccc12,[BOS]O=C(NC12CCC(C(F)(F)F)(CC1)CC2)c1ccc(C(F)(F)F)c2ncccc12[EOS],30756.91905117035,42
11.9,O=C(Nc1cccc(OCc2ccc(F)cc2)c1)c1ccc(CCn2cnc(-c3ccccc3)cc2=O)cc1,[BOS]O=C(Nc1cccc(OCc2ccc(F)cc2)c1)c1ccc(CCn2cnc(-c3ccccc3)cc2=O)cc1[EOS],35541.554017305374,42
12.0,NS(=O)(=O)c1cc(F)cc(NC(=O)C(=O)Nc2ccc(CC(=O)N3CCCc4ccccc43)cc2)c1,[BOS]NS(=O)(=O)c1cc(F)cc(NC(=O)C(=O)Nc2ccc(CC(=O)N3CCCc4ccccc43)cc2)c1[EOS][EOS][EOS][EOS][EOS][EOS],40213.8909509182,42
12.0,N#Cc1cccc(Oc2cccc(NC(=O)C(=O)NC3CCC(c4cccc(Cl)c4)C3)c2)c1,[BOS]N#Cc1cccc(Oc2cccc(NC(=O)C(=O)N[C@H]3CC[C@@H](c4cccc(Cl)c4)C3)c2)c1[EOS],45250.974427223206,42
11.8,CCc1noc2ncc(-c3nc(-c4cccc(C[NH+]5CCCCC5)c4)no3)cc12,[BOS]CCc1noc2ncc(-c3nc(-c4cccc(C[NH+]5CCCCC5)c4)no3)cc12[EOS],49255.899883270264,42
11.8,CC(CNC(=O)C(=O)Nc1cccc(-c2nnc3n2CCCCC3)c1)c1c(Cl)cccc1Cl,[BOS]C[C@H](CNC(=O)C(=O)Nc1cccc(-c2nnc3n2CCCCC3)c1)c1c(Cl)cccc1Cl[EOS],54498.20942687988,42
11.3,O=C(NCC1CCCC(C(F)(F)F)C1)C(=O)Nc1cccc(C(=O)c2ccccc2)c1,[BOS]O=C(NC[C@H]1CCC[C@H](C(F)(F)F)C1)C(=O)Nc1cccc(C(=O)c2ccccc2)c1[EOS],4548.092974901199,42
12.4,O=C(Nc1cccc2c1OCCC2=O)c1ccc(OCc2cccc(Cl)c2)c(F)c1,[BOS]O=C(Nc1cccc2c1OCCC2=O)c1ccc(OCc2cccc(Cl)c2)c(F)c1[EOS],8935.62975525856,42
11.7,Cc1cc(-c2cccc(NS(=O)(=O)c3ccccc3)c2)nc2[nH]ncc12,[BOS]Cc1cc(-c2cccc(NS(=O)(=O)c3ccccc3)c2)nc2[nH]ncc12[EOS],12948.524383306503,42
12.8,Fc1cc(-c2cccc(OC3CC[NH2+]CCC3(F)F)c2)cc2c1OC(C[NH+]1CCCCO1)CC2,[BOS]Fc1cc(-c2cccc(O[C@@H]3CC[NH2+]CCC3(F)F)c2)cc2c1OC(C[NH+]1CCCCO1)CC2[EOS],16969.98178935051,42
12.7,CC(NC(=O)C1CC1c1cccc(-c2nn[n-]n2)c1)c1ccc(F)c2ccccc12,[BOS]C[C@H](NC(=O)[C@@H]1C[C@H]1c1cccc(-c2nn[n-]n2)c1)c1ccc(F)c2ccccc12[EOS],21682.560554742813,42
12.3,Cc1cccc(CNC(=O)c2ccc(C(=O)Nc3c(F)cc(F)cc3-c3ccccc3)cc2)c1,[BOS]Cc1cccc(CNC(=O)c2ccc(C(=O)Nc3c(F)cc(F)cc3-c3ccccc3)cc2)c1[EOS],26795.33572435379,42
11.2,CC(NC(=O)NCC(O)c1cccc(OCc2ccccc2)c1)c1csc2ccccc12,[BOS]C[C@@H](NC(=O)NC[C@H](O)c1cccc(OCc2ccccc2)c1)c1csc2ccccc12[EOS][EOS][EOS][EOS][EOS][EOS],32771.53770494461,42
11.9,Cc1occc1Cc1nnc(C2CC(Cc3ccc4c(c3)NCCc3cc(F)ccc3-4)C2)o1,[BOS]Cc1occc1Cc1nnc([C@H]2C[C@H](Cc3ccc4c(c3)NCCc3cc(F)ccc3-4)C2)o1[EOS],37409.96527051926,42
11.7,O=S(=O)(Cc1coc(-c2ccc(F)c(F)c2)n1)Cc1nc(-c2cccc3ccccc23)no1,[BOS]O=S(=O)(Cc1nc(-c2cccc3ccccc23)no1)Cc1coc(-c2ccc(F)c(F)c2)n1[EOS],42407.818566560745,42
12.7,O=C(Nc1ccc(C(=O)OCC(=O)c2cccc3ccccc23)cc1)OCC1c2ccccc2-c2ccccc21,[BOS]O=C(Nc1ccc(C(=O)OCC(=O)c2cccc3ccccc23)cc1)OCC1c2ccccc2-c2ccccc21[EOS][EOS][EOS][EOS][EOS][EOS][EOS],47785.33798122406,42
12.3,O=C(C=Cc1cc2ccccc2o1)Oc1ccc2c(c1)C(=O)N(c1ccc(Cl)c(C(F)(F)F)c1)C2=O,[BOS]O=C(C=Cc1cc2ccccc2o1)Oc1ccc2c(c1)C(=O)N(c1ccc(Cl)c(C(F)(F)F)c1)C2=O[EOS],52601.518854141235,42
11.5,CC(Sc1nc(-c2ccc3ccccc3c2)n[nH]1)C(=O)c1ccc2c(c1)NC(=O)CO2,[BOS]C[C@@H](Sc1nc(-c2ccc3ccccc3c2)n[nH]1)C(=O)c1ccc2c(c1)NC(=O)CO2[EOS],57387.27606701851,42
11.9,O=C(Nc1cccc(OCCc2ccccc2)c1)c1cccc(C(=O)N2CCCCC2)c1,[BOS]O=C(Nc1cccc(OCCc2ccccc2)c1)c1cccc(C(=O)N2CCCCC2)c1[EOS],4948.1969084739685,42
12.1,Cc1ccc(NC(=O)c2cc(NCc3ccc(C)cc3-c3nn[n-]n3)cc[nH+]2)cc1,[BOS]Cc1ccc(CNc2cc[nH+]c(C(=O)Nc3ccc(C)cc3)c2)c(-c2nn[n-]n2)c1[EOS][EOS][EOS][EOS][EOS],9417.52278137207,42
12.1,Cc1ccc(C(=O)c2ccc(NC(=O)c3ccnc(OC4CCCCC4)c3)cc2)c2nc[nH]c12,[BOS]Cc1ccc(C(=O)c2ccc(NC(=O)c3ccnc(OC4CCCCC4)c3)cc2)c2nc[nH]c12[EOS],14377.12852025032,42
13.5,O=S(=O)(NCc1ccccc1-c1ccc[nH]1)C1=Cc2ccccc2OCC1,[BOS]O=S(=O)(NCc1ccccc1-c1ccc[nH]1)C1=Cc2ccccc2OCC1[EOS],19090.179436445236,42
11.3,Cc1c(F)cccc1Oc1ccc(C(=O)OC(C)c2nc(Cc3ccc(Cl)cc3)no2)cn1,[BOS]C[C@H](OC(=O)c1ccc(Oc2cccc(F)c2C)nc1)c1nc(Cc2ccc(Cl)cc2)no1[EOS],24155.043476819992,42
11.7,Cc1ccnc2ccc(C(=O)Nc3ccc(C[NH+]4CCOCC4)cn3)cc12,[BOS]Cc1ccnc2ccc(C(=O)Nc3ccc(C[NH+]4CCOCC4)cn3)cc12[EOS],28304.403170585632,42
11.8,CN1C(=O)Nc2ccc(C(=O)NCCc3c[nH]c4ccc(Oc5ccccc5)cc34)cc2NC1=O,[BOS]Cn1c(=O)[nH]c2ccc(C(=O)NCCc3c[nH]c4ccc(Oc5ccccc5)cc34)cc2[nH]c1=O[EOS],32910.2810587883,42
12.0,Cc1ccc(NC(=O)c2ccc(NCC3CS(=O)(=O)c4ccccc43)cc2)c([O-])c1,[BOS]Cc1ccc(NC(=O)c2ccc(NC[C@@H]3CS(=O)(=O)c4ccccc43)cc2)c([O-])c1[EOS],37416.43637061119,42
11.4,Cc1cccc(C(=O)NC2CCN(C(=O)Nc3cccc(N4CCCCCC4)c3)CC2)c1,[BOS]Cc1cccc(C(=O)NC2CCN(C(=O)Nc3cccc(N4CCCCCC4)c3)CC2)c1[EOS][EOS][EOS],41813.10943055153,42
12.9,CC(OC(=O)c1cccc2c1OC(C)C(=O)N2)C(=O)Nc1cccc(Oc2ccccc2)c1,[BOS]C[C@@H]1Oc2c(cccc2C(=O)O[C@@H](C)C(=O)Nc2cccc(Oc3ccccc3)c2)NC1=O[EOS],46263.57051730156,42
11.8,CC(CC(O)c1ccc(F)cc1)[NH2+]Cc1c2ccccc2cc2ccc(=O)[nH]c12,[BOS]C[C@H](C[C@@H](O)c1ccc(F)cc1)[NH2+]Cc1c2ccccc2cc2ccc(=O)[nH]c12[EOS],51360.32592368126,42
11.1,CC1CCc2[nH]c3ccc(C(=O)NC(C(N)=O)c4ccccc4)cc3c2C1,[BOS]C[C@H]1CCc2[nH]c3ccc(C(=O)N[C@@H](C(N)=O)c4ccccc4)cc3c2C1[EOS],55134.57932162285,42
10.9,Cc1noc(CCC(=O)Nc2ccc3ccccc3c2)n1,[BOS]Cc1noc(CCC(=O)Nc2ccc3ccccc3c2)n1[EOS],4138.139251947403,42
12.6,CC(NC(=O)NC1CCc2cn[nH]c2C1)c1ccc(NC(=O)c2ccc(F)cc2)cc1,[BOS]C[C@H](NC(=O)N[C@@H]1CCc2cn[nH]c2C1)c1ccc(NC(=O)c2ccc(F)cc2)cc1[EOS],8666.122908353806,42
12.1,O=C(NCC1CN(Cc2ccccc2)C(=O)CO1)c1ccc2ccc(-c3ccccc3)nc2c1,[BOS]O=C1CO[C@H](CNC(=O)c2ccc3ccc(-c4ccccc4)nc3c2)CN1Cc1ccccc1[EOS],13680.078704357147,42
11.5,COc1nnc(NCc2ccc(C[NH+]3CCCCCC3)cc2)c2ccccc12,[BOS]COc1nnc(NCc2ccc(C[NH+]3CCCCCC3)cc2)c2ccccc12[EOS],17868.2686355114,42
12.2,CC(CC(=O)Nc1cc2c(cc1F)NC(=O)CC2)c1ccccc1C(F)(F)F,[BOS]C[C@H](CC(=O)Nc1cc2c(cc1F)NC(=O)CC2)c1ccccc1C(F)(F)F[EOS],22139.351641893387,42
11.9,O=C(NCC1CC(c2ncn[nH]2)CC1O)Nc1c(F)cc(F)cc1-c1ccccc1,[BOS]O=C(NC[C@@H]1C[C@@H](c2ncn[nH]2)C[C@H]1O)Nc1c(F)cc(F)cc1-c1ccccc1[EOS],26926.70036482811,42
12.7,O=C(CCc1ccc2ccccc2c1)[NH+]=c1cc[nH]cc1Cc1csc(Nc2cccc3nccnc23)n1,[BOS]O=C(CCc1ccc2ccccc2c1)/[NH+]=c1\cc[nH]cc1Cc1csc(Nc2cccc3nccnc23)n1[EOS],31351.126171827316,42
11.3,CC1(C)Cc2cc(C[NH2+]C(c3cccc(F)c3)C3CCCC3)ccc2O1,[BOS]CC1(C)Cc2cc(C[NH2+][C@@H](c3cccc(F)c3)C3CCCC3)ccc2O1[EOS],35618.52925777435,42
11.8,CC([NH2+]Cc1cccc(C(F)F)c1)c1ccc(-c2ccnc3ccccc23)cc1,[BOS]C[C@@H]([NH2+]Cc1cccc(C(F)F)c1)c1ccc(-c2ccnc3ccccc23)cc1[EOS],39955.794557094574,42
12.8,O=c1[nH]cc(-c2nc(-c3ccc4oc5ccccc5c4c3)no2)c2ccccc12,[BOS]O=c1[nH]cc(-c2nc(-c3ccc4oc5ccccc5c4c3)no2)c2ccccc12[EOS],43755.41773867607,42
11.9,N=C(O)Nc1cc(NC(O)=Nc2cccc(-n3cnnn3)c2)ccc1N1CCC2(CC2)C1,[BOS]N=C(O)Nc1cc(NC(O)=Nc2cccc(-n3cnnn3)c2)ccc1N1CCC2(CC2)C1[EOS],48659.529650211334,42
12.7,[O-]c1c(Cl)ccc2c1C(c1cccc(COc3ccccc3C(F)(F)F)c1)C=CC2,[BOS][O-]c1c(Cl)ccc2c1[C@@H](c1cccc(COc3ccccc3C(F)(F)F)c1)C=CC2[EOS],52595.71363925934,42
11.7,CC(=O)N1CCc2cc(NC(=O)c3ccc4cc(C)c(C)nc4c3)ccc21,[BOS]CC(=O)N1CCc2cc(NC(=O)c3ccc4cc(C)c(C)nc4c3)ccc21[EOS],3868.2554273605347,42
12.4,Cc1ccc2occ(CC(=O)Nc3cccc(N4C(=O)c5ccccc5C4=O)c3)c2c1,[BOS]Cc1ccc2occ(CC(=O)Nc3cccc(N4C(=O)c5ccccc5C4=O)c3)c2c1[EOS],8337.138295173645,42
13.2,c1csc(CC2(c3ccc4cc(-c5noc(-c6ccnc(-n7cncn7)c6)n5)ccc4c3)CC3C2CCC32CCC2)c1,[BOS]c1cc2cc(-c3noc(-c4ccnc(-n5cncn5)c4)n3)ccc2cc1C1(Cc2cccs2)C2CCC3(CCC3)C2C1[EOS],12472.917270898819,42
11.2,CC1CCCC(NC(=O)CCc2nnc(-c3ccc4ccccc4c3)o2)C(=O)C1,[BOS]C[C@H]1CCC[C@@H](NC(=O)CCc2nnc(-c3ccc4ccccc4c3)o2)C(=O)C1[EOS],16687.676624298096,42
11.8,Cc1nc2cc(-c3noc(Cc4cccc5ccccc45)n3)ccc2o1,[BOS]Cc1nc2cc(-c3noc(Cc4cccc5ccccc45)n3)ccc2o1[EOS],20684.989163160324,42
11.4,CC(=O)Nc1cc(C(=O)OC(C)c2ccc(Oc3ccccc3)c(F)c2)cc(C(F)(F)F)c1,[BOS]CC(=O)Nc1cc(C(=O)O[C@@H](C)c2ccc(Oc3ccccc3)c(F)c2)cc(C(F)(F)F)c1[EOS][EOS][EOS][EOS],25367.643091201782,42
12.2,O=C(Nc1ccccc1)c1cccc(COC(=O)c2ccnc(NC3CCC3)c2)c1,[BOS]O=C(Nc1ccccc1)c1cccc(COC(=O)c2ccnc(NC3CCC3)c2)c1[EOS],30246.163331985474,42
11.4,O=C(NC1(Cc2ccc(C(F)(F)F)cc2)CCOC1)c1nccc2ccccc12,[BOS]O=C(N[C@]1(Cc2ccc(C(F)(F)F)cc2)CCOC1)c1nccc2ccccc12[EOS],35009.78597187996,42
12.2,O=C(NCC(O)c1ccc2ccccc2c1)C(=O)Nc1ccc(-c2nnc3n2CCCCCC3)cc1,[BOS]O=C(NC[C@H](O)c1ccc2ccccc2c1)C(=O)Nc1ccc(-c2nnc3n2CCCCCC3)cc1[EOS],40706.9642906189,42
13.0,O=C1Cc2ccc(-c3noc(-c4cccc(COc5ccccc5-c5nn[n-]n5)c4)n3)nc2N1,[BOS]O=C1Cc2ccc(-c3noc(-c4cccc(COc5ccccc5-c5nn[n-]n5)c4)n3)nc2N1[EOS],45590.983835697174,42
12.1,O=C(COc1cccc(NCc2cccc3cnccc23)c1)N1CCCCCC1,[BOS]O=C(COc1cccc(NCc2cccc3cnccc23)c1)N1CCCCCC1[EOS],50764.943643808365,42
11.7,Cc1ccn(Cc2nnc(-c3cc4ccccc4cc3OC(F)F)o2)c(=O)c1,[BOS]Cc1ccn(Cc2nnc(-c3cc4ccccc4cc3OC(F)F)o2)c(=O)c1[EOS],54676.520154714584,42
13.0,CC(NC(=O)NCc1cccc(Oc2cccc3ccccc23)c1)c1[nH]nc(-c2ccccc2)[nH+]1,[BOS]C[C@H](NC(=O)NCc1cccc(Oc2cccc3ccccc23)c1)c1[nH]nc(-c2ccccc2)[nH+]1[EOS],5610.232886791229,42
11.9,O=C(NCc1cc(F)ccc1Br)c1cc(-c2ccc3c(c2)CCCN3c2ccc(F)cn2)on1,[BOS]O=C(NCc1cc(F)ccc1Br)c1cc(-c2ccc3c(c2)CCCN3c2ccc(F)cn2)on1[EOS],10042.689770936966,42
11.8,CCC1Oc2cc(C(C)NC(=O)Nc3cccc4c3CN(C)C4=O)ccc2NC1=O,[BOS]CC[C@@H]1Oc2cc([C@@H](C)NC(=O)Nc3cccc4c3CN(C)C4=O)ccc2NC1=O[EOS],14570.196079015732,42
12.0,Cc1cc2[nH]ncc2cc1NC(=O)C1CC(=O)Nc2ccccc21,[BOS]Cc1cc2[nH]ncc2cc1NC(=O)[C@H]1CC(=O)Nc2ccccc21[EOS],18549.670758008957,42
12.3,O=C(Cc1cccc(OCc2cccc(F)c2)c1)Oc1cccc(N2C(=O)C3CC=CCC3C2=O)c1,[BOS]O=C(Cc1cccc(OCc2cccc(F)c2)c1)Oc1cccc(N2C(=O)[C@H]3CC=CC[C@H]3C2=O)c1[EOS],23992.3180539608,42
11.6,O=C(Cc1n[nH]c(=O)c2ccccc12)NC1CCN(c2ccc(Cl)c(F)c2)C1=O,[BOS]O=C(Cc1n[nH]c(=O)c2ccccc12)N[C@H]1CCN(c2ccc(Cl)c(F)c2)C1=O[EOS],28595.71454668045,42
11.7,O=C(COc1cc(C(F)(F)F)nc2ccccc12)c1ccc(-c2ccccc2)cc1,[BOS]O=C(COc1cc(C(F)(F)F)nc2ccccc12)c1ccc(-c2ccccc2)cc1[EOS],33264.97762799263,42
12.2,O=C(Cc1coc2cc(F)ccc12)N1CCCC(c2cc3ccccc3[nH]2)C1,[BOS]O=C(Cc1coc2cc(F)ccc12)N1CCC[C@H](c2cc3ccccc3[nH]2)C1[EOS],37496.80688023567,42
12.1,O=C(NCCc1ccc2ccccc2c1)c1ccc(OCc2nc3ccccc3c(=O)[nH]2)cc1,[BOS]O=C(NCCc1ccc2ccccc2c1)c1ccc(OCc2nc3ccccc3c(=O)[nH]2)cc1[EOS],42377.30973339081,42
11.4,Cc1ccccc1COc1cccc(Nc2ncccc2S(=O)(=O)Nc2cccc(F)c2)c1,[BOS]Cc1ccccc1COc1cccc(Nc2ncccc2S(=O)(=O)Nc2cccc(F)c2)c1[EOS],47398.06632781029,42
12.2,O=C(Nc1ccc(CNC(=O)C2C[CH]c3ccccc32)cc1)c1ccc2nc[nH]c2c1,[BOS]O=C(Nc1ccc(CNC(=O)[C@H]2C[C@H]c3ccccc32)cc1)c1ccc2nc[nH]c2c1[EOS],52035.064170598984,42
11.9,O=C(NC1CCC(CNC(=O)c2cccc3ccccc23)C1)c1[nH]ncc1F,[BOS]O=C(NC[C@H]1CC[C@@H](NC(=O)c2[nH]ncc2F)C1)c1cccc2ccccc12[EOS],56125.35253620148,42
11.2,O=S(=O)(NCCc1cccc2[nH]ccc12)c1ccc2c(c1)Cc1ccccc1-2,[BOS]O=S(=O)(NCCc1cccc2[nH]ccc12)c1ccc2c(c1)Cc1ccccc1-2[EOS],4564.839955091476,42
11.0,Cn1c(C2CC2)nc2cc(CNc3c(C(=O)[O-])nnc4ccccc34)ccc21,[BOS]Cn1c(C2CC2)nc2cc(CNc3c(C(=O)[O-])nnc4ccccc34)ccc21[EOS],8835.575452804565,42
11.4,Nc1nnnn1-c1cccc(C(=O)OCc2ccc3c(c2)CCO3)c1,[BOS]O=C(OCc1ccc2c(c1)CCO2)c1cccc(-n2nnnc2N)c1[EOS],13084.465778112411,42
13.0,O=C(Nc1cccc(NC(=O)C2CC(=O)c3ccccc32)c1)c1cccc(C(F)(F)F)c1,[BOS]O=C(Nc1cccc(NC(=O)[C@H]2CC(=O)c3ccccc32)c1)c1cccc(C(F)(F)F)c1[EOS],17761.35943198204,42
11.5,Cc1ccc2c(C[NH2+]CCCc3ccc4c(c3)CCO4)ccc(O)c2n1,[BOS]Cc1ccc2c(C[NH2+]CCCc3ccc4c(c3)CCO4)ccc(O)c2n1[EOS],22540.59106206894,42
12.1,Cc1ccc(NC(=O)c2ccc(COC(=O)c3ccc(-c4onc(C)c4C)cc3F)o2)cc1Cn1cccn1,[BOS]Cc1noc(-c2ccc(C(=O)OCc3ccc(C(=O)Nc4ccc(C)c(Cn5cccn5)c4)o3)c(F)c2)c1C[EOS][EOS][EOS],27093.43446612358,42
13.3,Nc1n[nH]c2cc(-c3ccc(NC(=O)NCc4cccc5ccccc45)cc3)nc(N3CCCCC3)c12,[BOS]Nc1n[nH]c2cc(-c3ccc(NC(=O)NCc4cccc5ccccc45)cc3)nc(N3CCCCC3)c12[EOS],31234.821187257767,42
12.2,CCc1cc(NCc2nc(-c3ccc4c(c3)OC(F)(F)O4)n[nH]2)c2ccccc2n1,[BOS]CCc1cc(NCc2nc(-c3ccc4c(c3)OC(F)(F)O4)n[nH]2)c2ccccc2n1[EOS],35560.40735578537,42
11.6,CC1CCCC(Oc2ccc(NC(=O)c3ccc4nnnn4c3)nc2)CC1,[BOS]C[C@H]1CCC[C@@H](Oc2ccc(NC(=O)c3ccc4nnnn4c3)nc2)CC1[EOS],39600.8377161026,42
12.1,CC(C)c1nnc2ccc(NC(=O)NC(C)c3ccccc3Oc3ccccc3)cn12,[BOS]CC(C)c1nnc2ccc(NC(=O)N[C@H](C)c3ccccc3Oc3ccccc3)cn12[EOS],43655.82692503929,42
12.4,O=C1NCCOc2ccc(-c3ccc(Cn4ncc(=O)c5ccccc54)cc3)cc21,[BOS]O=C1NCCOc2ccc(-c3ccc(Cn4ncc(=O)c5ccccc54)cc3)cc21[EOS],47683.937798023224,42
11.3,Cn1c(CNc2nnc(C(C)(C)c3ccccc3)o2)cc(=O)c2ccccc21,[BOS]Cn1c(CNc2nnc(C(C)(C)c3ccccc3)o2)cc(=O)c2ccccc21[EOS][EOS][EOS][EOS][EOS][EOS][EOS][EOS],52131.4706094265,42
11.8,Cc1cc(NC(=O)C[NH+]2CCN(C(=O)C3CC(c4ccc(C)c(F)c4)=NO3)CC2)no1,[BOS]Cc1ccc(C2=NO[C@@H](C(=O)N3CC[NH+](CC(=O)Nc4cc(C)on4)CC3)C2)cc1F[EOS],4716.985362529755,42
12.8,CCc1oc2ccccc2c1CC(=O)Nc1cccc(C2CC(=O)NC(=O)N2)c1,[BOS]CCc1oc2ccccc2c1CC(=O)Nc1cccc([C@H]2CC(=O)NC(=O)N2)c1[EOS],9357.461857795715,42
12.9,O=C(COc1cccc(C(F)(F)F)n1)Nc1ccc(N2CCc3ccc4c(c32)CCO4)cc1,[BOS]O=C(COc1cccc(C(F)(F)F)n1)Nc1ccc(N2CCc3ccc4c(c32)CCO4)cc1[EOS],14183.137202739716,42
12.6,O=C(C[NH+]1CCCCCC1)Nc1ccc(NC(=O)Nc2cccc(C3(O)COC(=O)N3)c2)cc1,[BOS]O=C(C[NH+]1CCCCCC1)Nc1ccc(NC(=O)Nc2cccc([C@]3(O)COC(=O)N3)c2)cc1[EOS],19230.170924663544,42
12.4,O=C(Nc1cc(-c2nn[n-]n2)ccc1O)NC1CCN(c2ccc(F)cc2)C1=O,[BOS]O=C(Nc1cc(-c2nn[n-]n2)ccc1O)N[C@@H]1CCN(c2ccc(F)cc2)C1=O[EOS],23569.212106704712,42
12.5,O=S(=O)(NC1CCc2cc(F)ccc2C1)c1ccc(-c2cccc(C(F)(F)F)c2)c(C(F)(F)F)c1,[BOS]O=S(=O)(N[C@H]1CCc2cc(F)ccc2C1)c1ccc(-c2cccc(C(F)(F)F)c2)c(C(F)(F)F)c1[EOS],27798.744789123535,42
12.3,CNC(=O)c1cccc(Oc2ccc(NC(=O)c3cnc4c(F)cccc4c3)cc2)c1,[BOS]CNC(=O)c1cccc(Oc2ccc(NC(=O)c3cnc4c(F)cccc4c3)cc2)c1[EOS],32742.658170938492,42
11.6,CC(OC(=O)c1cc(-c2cnn(C)c2)ccc1F)c1cccc(NC(=O)c2ccccc2)c1,[BOS]C[C@@H](OC(=O)c1cc(-c2cnn(C)c2)ccc1F)c1cccc(NC(=O)c2ccccc2)c1[EOS],37848.79361009598,42
11.6,CC1Oc2ccc(-c3nc(-c4c[nH]c(=O)c5ccccc45)no3)cc2NC1=O,[BOS]C[C@@H]1Oc2ccc(-c3nc(-c4c[nH]c(=O)c5ccccc45)no3)cc2NC1=O[EOS],41707.47046303749,42
12.4,CCC1Oc2cc(C(C)[NH2+]Cc3cc(=O)oc4cc5c(cc34)CCC5)ccc2NC1=O,[BOS]CC[C@H]1Oc2cc([C@@H](C)[NH2+]Cc3cc(=O)oc4cc5c(cc34)CCC5)ccc2NC1=O[EOS],46418.716713666916,42
12.1,O=C1CC(Cc2ccc(C(=O)Nc3ccc4ccnc(Cl)c4c3)cc2)C(=O)N1,[BOS]O=C1C[C@H](Cc2ccc(C(=O)Nc3ccc4ccnc(Cl)c4c3)cc2)C(=O)N1[EOS],50853.641813755035,42
11.7,O=C(Nc1cccc(S(=O)(=O)C2CCCCC2)c1)c1cn2cccc(F)c2[nH+]1,[BOS]O=C(Nc1cccc(S(=O)(=O)C2CCCCC2)c1)c1cn2cccc(F)c2[nH+]1[EOS],55537.51838326454,42
12.2,Cc1cccc2c1OCC(NC(=O)C(=O)Nc1cccc(CS(=O)(=O)c3ccc(F)cc3F)c1)C2,[BOS]Cc1cccc2c1OC[C@@H](NC(=O)C(=O)Nc1cccc(CS(=O)(=O)c3ccc(F)cc3F)c1)C2[EOS],3953.48637509346,42
12.8,Cc1ccc(NC(=O)NC(C)c2cccc([N+](=O)[O-])c2)cc1C(=O)c1ccccc1,[BOS]Cc1ccc(NC(=O)N[C@H](C)c2cccc([N+](=O)[O-])c2)cc1C(=O)c1ccccc1[EOS],8541.035999774933,42
11.2,Cc1cc(F)c(F)c(-c2noc(CC([NH3+])Cc3ccc4ccccc4c3)n2)c1,[BOS]Cc1cc(F)c(F)c(-c2noc(C[C@@H]([NH3+])Cc3ccc4ccccc4c3)n2)c1[EOS],12534.150153398514,42
12.2,O=C(OC1CCc2cc(Cl)ccc21)c1cccc(Oc2cnccn2)c1,[BOS]O=C(O[C@H]1CCc2cc(Cl)ccc21)c1cccc(Oc2cnccn2)c1[EOS],16658.869599580765,42
12.1,c1cc(-c2noc(-c3cccc4cc(C5CCCO5)ncc34)n2)cc(-n2cnnn2)c1,[BOS]c1cc(-c2nc(-c3cccc(-n4cnnn4)c3)no2)c2cnc([C@H]3CCCO3)cc2c1[EOS],20410.168532133102,42
12.3,O=C(NCCc1cc(F)cc2c1OCOC2)Nc1cccc(NC(=O)c2cccc(C(F)(F)F)c2)c1,[BOS]O=C(NCCc1cc(F)cc2c1OCOC2)Nc1cccc(NC(=O)c2cccc(C(F)(F)F)c2)c1[EOS],25414.87394452095,42
11.4,CC([NH2+]C1CCC(CNC(=O)c2cc[nH]c2)C1)c1ccc2ccccc2c1,[BOS]C[C@H]([NH2+][C@@H]1CC[C@H](CNC(=O)c2cc[nH]c2)C1)c1ccc2ccccc2c1[EOS],29904.66259622574,42
13.0,Oc1cc2cc(-c3ccc4c(c3)C(c3cccnn3)=C4)ccc2cc1C=Cc1ccc2ccccc2c1,[BOS]C(=Cc1ccc2ccccc2c1)c1cc2ccc(-c3ccc4c(c3)C(c3cccnn3)=C4)cc2cc1O[EOS],34308.16118645668,42
13.0,Cc1cc(C(=O)Nc2ccc(C(=O)N3CCCCCC3)cc2)nn1-c1cccc(C(F)(F)F)c1,[BOS]Cc1cc(C(=O)Nc2ccc(C(=O)N3CCCCCC3)cc2)nn1-c1cccc(C(F)(F)F)c1[EOS],39022.0121011734,42
12.6,Cc1nc(-c2cccc(C(=O)OC3CCC4CCCCC4C3)c2)no1,[BOS]Cc1nc(-c2cccc(C(=O)O[C@@H]3CC[C@H]4CCCC[C@H]4C3)c2)no1[EOS],43082.24063539505,42
12.5,O=C(Nc1ccccc1)c1ccc(Cl)c(Nc2ncccc2-c2ccnnc2)c1,[BOS]O=C(Nc1ccccc1)c1ccc(Cl)c(Nc2ncccc2-c2ccnnc2)c1[EOS],47738.94744563103,42
11.9,O=C(Oc1ccc2cc(C(F)(F)F)ccc2c1)C1Cc2ccc(O)cc21,[BOS]O=C(Oc1ccc2cc(C(F)(F)F)ccc2c1)[C@@H]1Cc2ccc(O)cc21[EOS],52180.59897994995,42
11.5,Cc1cccc(C(C)CNC(=O)C(=O)Nc2cccc(C(=O)Nc3cccc(F)c3)c2)c1,[BOS]Cc1cccc([C@H](C)CNC(=O)C(=O)Nc2cccc(C(=O)Nc3cccc(F)c3)c2)c1[EOS][EOS][EOS][EOS][EOS][EOS][EOS][EOS],4496.183995962143,42
13.3,CC(NC(=O)Nc1cccc(N2C(=O)c3ccccc3C2=O)c1)C(=O)N1CCc2ccccc2C1,[BOS]C[C@@H](NC(=O)Nc1cccc(N2C(=O)c3ccccc3C2=O)c1)C(=O)N1CCc2ccccc2C1[EOS],9588.850051164627,42
12.7,CC([NH2+]C(C)c1ccc2c(c1)NC(=O)CO2)c1ccc(NC(=O)c2cc3ccccc3o2)cc1,[BOS]C[C@H]([NH2+][C@H](C)c1ccc(NC(=O)c2cc3ccccc3o2)cc1)c1ccc2c(c1)NC(=O)CO2[EOS],14570.254440069199,42
12.1,O=C(Nc1cc(-n2cnnn2)ccc1F)c1cc2c(F)cc(F)cc2[nH]1,[BOS]O=C(Nc1cc(-n2cnnn2)ccc1F)c1cc2c(F)cc(F)cc2[nH]1[EOS],18806.80655479431,42
11.9,Cc1cc(C[NH2+]Cc2ccc(NC(=O)c3ccc(F)cc3)cc2)c2[nH]c(C)c(C)c2c1,[BOS]Cc1cc(C[NH2+]Cc2ccc(NC(=O)c3ccc(F)cc3)cc2)c2[nH]c(C)c(C)c2c1[EOS],23552.09992337227,42
11.0,Cc1ccc(CC(C)NC(=O)c2ccc([O-])c(C(F)(F)F)c2)c(C)c1,[BOS]Cc1ccc(C[C@H](C)NC(=O)c2ccc([O-])c(C(F)(F)F)c2)c(C)c1[EOS],27803.18247270584,42
11.6,Cc1cccc2[nH]c(CCC(=O)Nc3ccc(F)c(C(=O)c4ccccc4)c3)nc12,[BOS]Cc1cccc2[nH]c(CCC(=O)Nc3ccc(F)c(C(=O)c4ccccc4)c3)nc12[EOS],32730.838337183,42
11.9,O=C(Oc1ccc2ccccc2c1)c1occc1COc1cccc(-c2nn[n-]n2)c1,[BOS]O=C(Oc1ccc2ccccc2c1)c1occc1COc1cccc(-c2nn[n-]n2)c1[EOS],37300.28377223015,42
11.4,N#Cc1cc(-c2ccc3nc(C4C[NH2+]CC4O)nn3c2)cc(C(F)(F)F)c1F,[BOS]N#Cc1cc(-c2ccc3nc([C@@H]4C[NH2+]C[C@H]4O)nn3c2)cc(C(F)(F)F)c1F[EOS],41043.283646821976,42
12.6,Nc1cccc(-c2noc(-c3ccc(NC(=O)c4ccc(COc5ccccc5-c5ccccc5)o4)cc3)n2)c1,[BOS]Nc1cccc(-c2noc(-c3ccc(NC(=O)c4ccc(COc5ccccc5-c5ccccc5)o4)cc3)n2)c1[EOS],45857.94704294205,42
12.2,CN1Cc2c(NC(=O)C(=O)Nc3cccc(C[NH+]4CCCCC4)c3)cccc2C1=O,[BOS]CN1Cc2c(NC(=O)C(=O)Nc3cccc(C[NH+]4CCCCC4)c3)cccc2C1=O[EOS],50579.09042930603,42
11.9,CC(CC(=O)NC(c1cccc(C(F)(F)F)c1)c1ncn[nH]1)c1ccccc1C(F)(F)F,[BOS]C[C@@H](CC(=O)N[C@H](c1cccc(C(F)(F)F)c1)c1ncn[nH]1)c1ccccc1C(F)(F)F[EOS],55204.661504268646,42
11.4,CN1CC(C(=O)Nc2nc(C(C)(C)c3ccccc3)cs2)c2ccccc2C1=O,[BOS]CN1C[C@H](C(=O)Nc2nc(C(C)(C)c3ccccc3)cs2)c2ccccc2C1=O[EOS],3781.060578584671,42
11.7,CC(Nc1cccc(NC(=O)c2ccoc2)c1)C(c1ccccc1)c1ccccc1,[BOS]C[C@@H](Nc1cccc(NC(=O)c2ccoc2)c1)C(c1ccccc1)c1ccccc1[EOS],8595.011466741562,42
11.7,CCC(Nc1cccc(-c2nc3cc(C)c(C)cc3[nH]2)c1)c1[nH]c(-c2cccc(F)c2)c[nH+]1,[BOS]CC[C@H](Nc1cccc(-c2nc3cc(C)c(C)cc3[nH]2)c1)c1[nH]c(-c2cccc(F)c2)c[nH+]1[EOS][EOS][EOS][EOS][EOS][EOS],12810.648549079895,42
12.4,Cc1ccc(CC(=O)NNC(=O)c2ccc(OCc3cccc4ccccc34)cc2)cc1,[BOS]Cc1ccc(CC(=O)NNC(=O)c2ccc(OCc3cccc4ccccc34)cc2)cc1[EOS],18172.36646795273,42
12.0,Cc1ccc2[nH]c3c(c2c1)CC(NC(=O)Nc1ccc2c(c1)CCNC2=O)CC3,[BOS]Cc1ccc2[nH]c3c(c2c1)C[C@H](NC(=O)Nc1ccc2c(c1)CCNC2=O)CC3[EOS],22408.58749103546,42
11.7,Nc1cc(NC(=O)Cc2ccccc2Oc2ccccc2COC(=O)C2Cc3ccccc3O2)ccc1F,[BOS]Nc1cc(NC(=O)Cc2ccccc2Oc2ccccc2COC(=O)[C@H]2Cc3ccccc3O2)ccc1F[EOS][EOS][EOS][EOS][EOS][EOS][EOS],27044.809270620346,42
11.2,O=C1C([NH+]2CCCC(Cn3cnc4ccccc43)C2)CCN1c1cccc(OC(F)(F)F)c1,[BOS]O=C1[C@@H]([NH+]2CCC[C@@H](Cn3cnc4ccccc43)C2)CCN1c1cccc(OC(F)(F)F)c1[EOS],31773.43623995781,42
12.2,Cc1nnnn1-c1cccc(NC(=O)c2cccc(-n3ccc(C(F)(F)F)n3)c2)c1,[BOS]Cc1nnnn1-c1cccc(NC(=O)c2cccc(-n3ccc(C(F)(F)F)n3)c2)c1[EOS],36169.68903517723,42
12.6,Fc1ccccc1C(F)(F)c1nc(-c2cccc(Cn3cncc3-c3cc(F)c4nn[nH]c4c3)c2)no1,[BOS]Fc1ccccc1C(F)(F)c1nc(-c2cccc(Cn3cncc3-c3cc(F)c4nn[nH]c4c3)c2)no1[EOS],40429.699467897415,42
12.0,O=[N+]([O-])c1cc(CNc2cccc(OCc3ccc(F)cc3)c2)c2c(n1)CCCC2,[BOS]O=[N+]([O-])c1cc(CNc2cccc(OCc3ccc(F)cc3)c2)c2c(n1)CCCC2[EOS],45128.227400779724,42
11.9,OC(COc1cccc2[nH]c3ccccc3c12)C[NH+]1Cc2cnc(-c3ccccc3)nc2C1,[BOS]O[C@@H](COc1cccc2[nH]c3ccccc3c12)C[NH+]1Cc2cnc(-c3ccccc3)nc2C1[EOS],50571.15600705147,42
11.5,Cc1ccc(CC(CO)[NH2+]C2CCCc3ccc(-c4nn[n-]n4)cc32)cc1C,[BOS]Cc1ccc(C[C@@H](CO)[NH2+][C@H]2CCCc3ccc(-c4nn[n-]n4)cc32)cc1C[EOS],55005.96896672249,42
11.9,O=C(CCc1c[nH]c2ccc(F)cc12)Nc1cnc2c(C(F)(F)F)cccc2c1,[BOS]O=C(CCc1c[nH]c2ccc(F)cc12)Nc1cnc2c(C(F)(F)F)cccc2c1[EOS],5290.627245664597,42
11.9,O=C(NC1Cc2ccccc2C1)c1ccc2c(c1)Cc1cccnc1C2=O,[BOS]O=C(NC1Cc2ccccc2C1)c1ccc2c(c1)Cc1cccnc1C2=O[EOS],9148.80706167221,42
11.3,Clc1ccc(C2CC([NH2+]Cc3nnnn3C3CC3)C2)c2ccccc12,[BOS]Clc1ccc([C@H]2C[C@H]([NH2+]Cc3nnnn3C3CC3)C2)c2ccccc12[EOS],13430.212641716003,42
12.1,O=C(Nc1cccc(C[S+]([O-])c2ccccc2)c1)c1cccc(C2CCCOC2)c1,[BOS]O=C(Nc1cccc(C[S+]([O-])c2ccccc2)c1)c1cccc([C@@H]2CCCOC2)c1[EOS],18289.850916862488,42
12.3,Cc1cccc2c(NCc3cccc4ccccc34)c(C(=O)[O-])c[nH+]c12,[BOS]Cc1cccc2c(NCc3cccc4ccccc34)c(C(=O)[O-])c[nH+]c12[EOS],22484.451144456863,42
12.7,O=C(CCCN1C(=O)c2ccc(Nc3nc4ccccc4c4ccccc34)cc2C1=O)N1CCc2ccsc2C1,[BOS]O=C(CCCN1C(=O)c2ccc(Nc3nc4ccccc4c4ccccc34)cc2C1=O)N1CCc2ccsc2C1[EOS],28374.153747558594,42
11.6,O=C(NC1CCC(CNC(=O)c2ccnc3nc[nH]c23)C1)c1cccc(F)c1,[BOS]O=C(N[C@@H]1CC[C@H](CNC(=O)c2ccnc3nc[nH]c23)C1)c1cccc(F)c1[EOS],32866.27579832077,42
11.8,CC(NC(=O)NCc1cccc2cn[nH]c12)c1ccc2c(c1)CCC(=O)N2,[BOS]C[C@H](NC(=O)NCc1cccc2cn[nH]c12)c1ccc2c(c1)CCC(=O)N2[EOS],37547.80782842636,42
12.2,O=C1OCc2c(NCc3cc(-c4ccc(F)cc4)cs3)ccc3c2N1CCCC3,[BOS]O=C1OCc2c(NCc3cc(-c4ccc(F)cc4)cs3)ccc3c2N1CCCC3[EOS],41450.054614305496,42
11.7,Cn1c(O)cc2cc(CNC(=O)Nc3ccc(C(=O)Nc4ccccc4)cc3)ccc21,[BOS]Cn1c(O)cc2cc(CNC(=O)Nc3ccc(C(=O)Nc4ccccc4)cc3)ccc21[EOS],46165.82662177086,42
12.2,O=C(Nc1ccc(OCc2cccc(-c3nn[n-]n3)c2)c(F)c1)NC1CCC2OCCC2C1,[BOS]O=C(Nc1ccc(OCc2cccc(-c3nn[n-]n3)c2)c(F)c1)N[C@@H]1CC[C@H]2OCC[C@H]2C1[EOS],50888.45429134369,42
11.3,Cc1c(C(C)[NH2+]Cc2ccnc(N3CCCC3)c2)nnn1-c1ccc(F)c(Cl)c1,[BOS]Cc1c([C@H](C)[NH2+]Cc2ccnc(N3CCCC3)c2)nnn1-c1ccc(F)c(Cl)c1[EOS],55436.72496342659,42
12.5,O=C(CCC(=O)c1ccc2c(c1)CCC(=O)N2)Nc1cccc(C2CCC(=O)N2)c1,[BOS]O=C1CC[C@@H](c2cccc(NC(=O)CCC(=O)c3ccc4c(c3)CCC(=O)N4)c2)N1[EOS],4620.831163644791,42
13.7,O=C(Nc1cccc2c(=O)cc(-c3nn[n-]n3)oc12)c1cc2ccc(C(F)(F)F)cc2[nH]1,[BOS]O=C(Nc1cccc2c(=O)cc(-c3nn[n-]n3)oc12)c1cc2ccc(C(F)(F)F)cc2[nH]1[EOS],8716.856057882309,42
12.4,O=C(Cc1ccc2c(c1)NC(=O)C2)Nc1cccc(C(=O)c2ccccc2)c1,[BOS]O=C1Cc2ccc(CC(=O)Nc3cccc(C(=O)c4ccccc4)c3)cc2N1[EOS],12817.48413515091,42
11.9,Cc1cc(OC(C)c2ccccc2)ccc1NC(=O)C1CCCC[NH+]1Cc1cccc(F)c1,[BOS]Cc1cc(O[C@@H](C)c2ccccc2)ccc1NC(=O)[C@H]1CCCC[NH+]1Cc1cccc(F)c1[EOS],17881.207270383835,42
11.7,CC(OC(=O)c1ccc2ccncc2c1)c1cc(C(F)(F)F)cc(C(F)(F)F)c1,[BOS]C[C@H](OC(=O)c1ccc2ccncc2c1)c1cc(C(F)(F)F)cc(C(F)(F)F)c1[EOS],22337.898587703705,42
11.1,C[NH+](CC(=O)Nc1ccc2c(c1)CCC2)Cc1nc2ccccc2c2ccccc12,[BOS]C[NH+](CC(=O)Nc1ccc2c(c1)CCC2)Cc1nc2ccccc2c2ccccc12[EOS],27154.51571726799,42
11.7,Cc1csc(Nc2ccc(C(=O)Nc3cccc(C)c3-c3nn[n-]n3)cc2)n1,[BOS]Cc1csc(Nc2ccc(C(=O)Nc3cccc(C)c3-c3nn[n-]n3)cc2)n1[EOS],31469.10250520706,42
12.6,O=C(Nc1cccc(CNc2ccc3nnc(C(F)(F)F)n3n2)c1)c1cccc(C(F)(F)F)c1,[BOS]O=C(Nc1cccc(CNc2ccc3nnc(C(F)(F)F)n3n2)c1)c1cccc(C(F)(F)F)c1[EOS],36108.30653095245,42
12.3,O=C(NCCc1c[nH]c2ccccc12)c1ccc2c(c1)S(=O)(=O)[N-]c1ncnn1-2,[BOS]O=C(NCCc1c[nH]c2ccccc12)c1ccc2c(c1)S(=O)(=O)[N-]c1ncnn1-2[EOS],41421.39040637016,42
12.1,Cc1ccc(Oc2cccc(NC(=O)c3c[nH]nc3-c3ccc(F)cc3)c2)c(C)c1,[BOS]Cc1ccc(Oc2cccc(NC(=O)c3c[nH]nc3-c3ccc(F)cc3)c2)c(C)c1[EOS],45982.085508823395,42
11.1,O=C([O-])Cc1ccc(NC(=O)NC2C3CCc4ccccc4C32)cc1F,[BOS]O=C([O-])Cc1ccc(NC(=O)N[C@H]2[C@H]3CCc4ccccc4[C@@H]32)cc1F[EOS],50102.809525966644,42
12.4,[O-][S+](Cc1cccc(Nc2cccc(F)c2-c2nn[n-]n2)c1)c1cccc(F)c1,[BOS][O-][S+](Cc1cccc(Nc2cccc(F)c2-c2nn[n-]n2)c1)c1cccc(F)c1[EOS],54707.10422158241,42
13.2,Cc1cc(F)c(COc2ccc(C(F)(F)Oc3ccc(C4CCC(O)CC4)c(F)c3)cc2F)c(C(F)(F)F)c1F,[BOS]Cc1cc(F)c(COc2ccc(C(F)(F)Oc3ccc(C4CCC(O)CC4)c(F)c3)cc2F)c(C(F)(F)F)c1F[EOS],6371.731695175171,42
11.2,Cn1cc2cccc(C3C[NH+](Cc4cc5ccc(N6CCCCSCC6)cc5oc4=O)C3)c2n1,[BOS]Cn1cc2cccc(C3C[NH+](Cc4cc5ccc(N6CCSCCCC6)cc5oc4=O)C3)c2n1[EOS][EOS],10703.060828447342,42
11.7,Cc1ccc(CC(C)c2nc(-c3cccc4c3CCC4=O)no2)cc1,[BOS]Cc1ccc(C[C@@H](C)c2nc(-c3cccc4c3CCC4=O)no2)cc1[EOS],14625.353171825409,42
11.8,NC(=O)c1c(F)c(F)c(Nc2cccc(Cc3ccncc3)c2)c(F)c1F,[BOS]NC(=O)c1c(F)c(F)c(Nc2cccc(Cc3ccncc3)c2)c(F)c1F[EOS],18931.572159528732,42
11.5,CC1C(Nc2cncc(-c3nn[n-]n3)n2)CCN1C(=O)c1ccc2cc[nH]c2c1,[BOS]C[C@H]1[C@H](Nc2cncc(-c3nn[n-]n3)n2)CCN1C(=O)c1ccc2cc[nH]c2c1[EOS],22935.104822397232,42
13.0,O=C(CCC(=O)c1ccc2c(c1)CCC2)Nc1cccc(-c2nc3ccccc3c(=O)[nH]2)c1,[BOS]O=C(CCC(=O)c1ccc2c(c1)CCC2)Nc1cccc(-c2nc3ccccc3c(=O)[nH]2)c1[EOS],27953.410899162292,42
11.8,O=[N+]([O-])c1cc(NCC2CC[NH+](Cc3cccc(C(F)(F)F)c3)C2)cc2ccccc12,[BOS]O=[N+]([O-])c1cc(NC[C@H]2CC[NH+](Cc3cccc(C(F)(F)F)c3)C2)cc2ccccc12[EOS],32520.197702407837,42
12.3,CC(NC(=O)Nc1cccc(C(=O)N2CCCC2)c1)c1ccc(N2CCCC2=O)cc1,[BOS]C[C@@H](NC(=O)Nc1cccc(C(=O)N2CCCC2)c1)c1ccc(N2CCCC2=O)cc1[EOS],37270.630960702896,42
12.1,CC(C)C(NCc1cc([N+](=O)[O-])ccc1C(F)(F)F)c1cccc(-c2nn[n-]n2)c1,[BOS]CC(C)[C@H](NCc1cc([N+](=O)[O-])ccc1C(F)(F)F)c1cccc(-c2nn[n-]n2)c1[EOS],42088.008484601974,42
12.1,O=C(NCC1CCOC1c1ccccc1)N1CCC(c2c[nH]c3ccc(F)cc23)CC1,[BOS]O=C(NC[C@H]1CCO[C@H]1c1ccccc1)N1CCC(c2c[nH]c3ccc(F)cc23)CC1[EOS],46893.81756281853,42
11.5,Oc1c(F)cc(F)cc1-c1nc(-c2cc(C(F)(F)F)ccc2C(F)(F)F)no1,[BOS]Oc1c(F)cc(F)cc1-c1nc(-c2cc(C(F)(F)F)ccc2C(F)(F)F)no1[EOS],50568.507422208786,42
12.5,O=C(Nc1ccc(F)c(-c2nn[n-]n2)c1)NC1CCC(c2cccc(Cl)c2)C1,[BOS]O=C(Nc1ccc(F)c(-c2nn[n-]n2)c1)N[C@@H]1CC[C@H](c2cccc(Cl)c2)C1[EOS],54485.30392098427,42
12.0,Cn1nnnc1-c1cccc(NC(=O)c2cccc(OCc3cn4cc(Cl)ccc4[nH+]3)c2)c1,[BOS]Cn1nnnc1-c1cccc(NC(=O)c2cccc(OCc3cn4cc(Cl)ccc4[nH+]3)c2)c1[EOS],4465.165873527527,42
11.9,O=C(CCc1ccc(=O)[nH]n1)NC1(c2ccc(NC(=O)c3n[nH]c4ccccc34)cc2)CCC1,[BOS]O=C(CCc1ccc(=O)[nH]n1)NC1(c2ccc(NC(=O)c3n[nH]c4ccccc34)cc2)CCC1[EOS][EOS][EOS][EOS][EOS][EOS],9881.51901960373,42
11.5,Cc1cc(C[NH+]2CCOCC2)ccc1-c1nc(-c2ccccc2)c2ccccc2n1,[BOS]Cc1cc(C[NH+]2CCOCC2)ccc1-c1nc(-c2ccccc2)c2ccccc2n1[EOS],14260.388709306717,42
12.1,O=C(NCC1C(=O)Nc2ccccc21)C(=O)Nc1ccc(CC(=O)N2CCc3ccccc32)cc1,[BOS]O=C(NC[C@@H]1C(=O)Nc2ccccc21)C(=O)Nc1ccc(CC(=O)N2CCc3ccccc32)cc1[EOS],19424.6717171669,42
13.1,O=C(CC1CCc2ccccc21)Nc1ccc2c3c(cccc13)C(=O)NC2=O,[BOS]O=C(C[C@@H]1CCc2ccccc21)Nc1ccc2c3c(cccc13)C(=O)NC2=O[EOS],24500.210549116135,42
12.4,O=S(=O)(Nc1cccc(-c2nnco2)c1)C1=Cc2cccc(C(F)(F)F)c2CC1,[BOS]O=S(=O)(Nc1cccc(-c2nnco2)c1)C1=Cc2cccc(C(F)(F)F)c2CC1[EOS],28722.5820915699,42
13.2,CC([NH2+]C1CCCc2ccc(-c3nn[n-]n3)cc21)c1ccc2c(c1)cc(O)n2C,[BOS]C[C@H]([NH2+][C@H]1CCCc2ccc(-c3nn[n-]n3)cc21)c1ccc2c(c1)cc(O)n2C[EOS],33246.50028824806,42
11.8,CC(CCc1cccn1C)NC(=O)Nc1ccc(F)c(C(=O)c2ccccc2)c1,[BOS]C[C@@H](CCc1cccn1C)NC(=O)Nc1ccc(F)c(C(=O)c2ccccc2)c1[EOS],38002.47471857071,42
12.0,NC(=O)c1cc(NC(=O)NCCc2cc(C(F)(F)F)ccn2)cc2ccccc12,[BOS]NC(=O)c1cc(NC(=O)NCCc2cc(C(F)(F)F)ccn2)cc2ccccc12[EOS],42482.99966239929,42
11.9,O=C(NCc1ccnc(-n2cccn2)c1)Nc1ccc(-c2noc(C(F)(F)F)n2)cc1,[BOS]O=C(NCc1ccnc(-n2cccn2)c1)Nc1ccc(-c2noc(C(F)(F)F)n2)cc1[EOS],47245.51956677437,42
12.1,O=S(=O)(Nc1ccccc1)c1cccc(-c2nnc(-c3cccc4ccccc34)o2)c1,[BOS]O=S(=O)(Nc1ccccc1)c1cccc(-c2nnc(-c3cccc4ccccc34)o2)c1[EOS],51981.63757276535,42
11.1,Cc1cc(Cc2noc(Cc3cccc(OCc4cccc(Cl)c4)c3)n2)nn1Cc1ccc(F)c(C(F)(F)F)c1,[BOS]Cc1cc(Cc2noc(Cc3cccc(OCc4cccc(Cl)c4)c3)n2)nn1Cc1ccc(F)c(C(F)(F)F)c1[EOS],56504.917753219604,42
11.5,Cc1cc(C(=O)Nc2cc(C3CCCO3)nn2C)nn1-c1cccc(-c2nn[n-]n2)c1,[BOS]Cc1cc(C(=O)Nc2cc([C@H]3CCCO3)nn2C)nn1-c1cccc(-c2nn[n-]n2)c1[EOS],4304.461123228073,42
12.5,CC(Oc1nccc2c(F)c(F)ccc12)c1ncc(C(F)(F)c2ccc(F)c(C(F)(F)F)c2)cc1F,[BOS]C[C@@H](Oc1nccc2c(F)c(F)ccc12)c1ncc(C(F)(F)c2ccc(F)c(C(F)(F)F)c2)cc1F[EOS],8542.412031412125,42
12.0,O=C(Nc1cc(CCc2ccccc2)[nH]n1)c1cc(=O)[nH]c2c(Br)cccc12,[BOS]O=C(Nc1cc(CCc2ccccc2)[nH]n1)c1cc(=O)[nH]c2c(Br)cccc12[EOS],13035.879689216614,42
10.8,CC(CC(=O)NC(C)(C)Cc1cc(C(F)(F)F)cc(C(F)(F)F)c1)c1c[nH]c2ccccc12,[BOS]C[C@H](CC(=O)NC(C)(C)Cc1cc(C(F)(F)F)cc(C(F)(F)F)c1)c1c[nH]c2ccccc12[EOS][EOS][EOS],17795.76851916313,42
13.2,Cc1cc(C)n(Cc2cccc(Nc3ccc4c(c3)COC4c3cccc4ccccc34)c2)c(=O)c1O,[BOS]Cc1cc(C)n(Cc2cccc(Nc3ccc4c(c3)COC4c3cccc4ccccc34)c2)c(=O)c1O[EOS],22192.247745513916,42
12.3,O=C(NCC(O)c1cccc2ccccc12)NC(c1cccc(C(F)(F)F)c1)c1ncn[nH]1,[BOS]O=C(NC[C@@H](O)c1cccc2ccccc12)N[C@@H](c1cccc(C(F)(F)F)c1)c1ncn[nH]1[EOS],27465.1910572052,42
12.7,O=C(CNc1ccc(CC(=O)N2CCc3ccccc32)cc1)N1CCc2[nH]c3ccccc3c2C1,[BOS]O=C(Cc1ccc(NCC(=O)N2CCc3[nH]c4ccccc4c3C2)cc1)N1CCc2ccccc21[EOS],32928.70260262489,42
13.3,CC(NC(=O)Nc1ccc2c(c1)CCCC(=O)N2)c1cccc(-c2nn[n-]n2)c1,[BOS]C[C@H](NC(=O)Nc1ccc2c(c1)CCCC(=O)N2)c1cccc(-c2nn[n-]n2)c1[EOS],37351.694591999054,42
11.2,N#CCc1ccc(Oc2ccc(C(=O)Nc3nnc(C4CCCc5ccccc54)s3)cc2)cc1,[BOS]N#CCc1ccc(Oc2ccc(C(=O)Nc3nnc([C@H]4CCCc5ccccc54)s3)cc2)cc1[EOS],41805.43778204918,42
11.9,O=C(NCc1cccc(C[NH+]2CCc3ccccc3C2)c1)NCc1ccc2c(c1)OCO2,[BOS]O=C(NCc1ccc2c(c1)OCO2)NCc1cccc(C[NH+]2CCc3ccccc3C2)c1[EOS],46616.380413770676,42
11.5,COC(=O)C(C)c1cccc(NC(C)=C(C)c2ccc(O)c3nc(O)ccc23)c1,[BOS]COC(=O)[C@@H](C)c1cccc(NC(C)=C(C)c2ccc(O)c3nc(O)ccc23)c1[EOS],50960.19079732895,42
12.4,CNC(=O)Cc1cccc(NC(=O)c2cc3ccccc3cc2C)c1,[BOS]CNC(=O)Cc1cccc(NC(=O)c2cc3ccccc3cc2C)c1[EOS],55072.77174067497,42
11.6,CC1(c2nc(C3CCc4ccccc43)no2)CC2CCC(C1)[NH2+]2,[BOS]CC1(c2nc([C@@H]3CCc4ccccc43)no2)C[C@H]2CC[C@@H](C1)[NH2+]2[EOS],3268.5633347034454,42
11.5,O=C(OCc1ccc2cc[nH]c2c1)c1ccc(F)c2ccccc12,[BOS]O=C(OCc1ccc2cc[nH]c2c1)c1ccc(F)c2ccccc12[EOS],7592.307885169983,42
12.4,Cc1c(NCc2nc(N)nc(Nc3ccc(F)cc3)n2)cccc1-n1cn[nH]c1=O,[BOS]Cc1c(NCc2nc(N)nc(Nc3ccc(F)cc3)n2)cccc1-n1cn[nH]c1=O[EOS],12701.542158603668,42
10.8,OCCc1ccccc1-c1nc(-c2cc(F)ccc2C(F)(F)F)no1,[BOS]OCCc1ccccc1-c1nc(-c2cc(F)ccc2C(F)(F)F)no1[EOS],16868.369612455368,42
11.0,O=C(NCC([NH2+]Cc1cc(F)ccc1-c1nn[n-]n1)C1CC1)Nc1cc(Cl)ccn1,[BOS]O=C(NC[C@@H]([NH2+]Cc1cc(F)ccc1-c1nn[n-]n1)C1CC1)Nc1cc(Cl)ccn1[EOS],21749.854222536087,42
11.5,Cc1noc2ccc(-c3noc(C(C)C4CNc5ccccc54)n3)cc12,[BOS]Cc1noc2ccc(-c3noc([C@H](C)[C@H]4CNc5ccccc54)n3)cc12[EOS],25726.98678803444,42
11.8,CC(=O)Nc1ccc(-c2noc(-c3cc(Cl)c4ccccc4n3)n2)cc1C(F)(F)F,[BOS]CC(=O)Nc1ccc(-c2noc(-c3cc(Cl)c4ccccc4n3)n2)cc1C(F)(F)F[EOS],29949.690440654755,42
11.3,CC(=O)c1ccc(F)c(-c2noc(-c3cc([N+](=O)[O-])cc4c3OCC4)n2)c1,[BOS]CC(=O)c1ccc(F)c(-c2noc(-c3cc([N+](=O)[O-])cc4c3OCC4)n2)c1[EOS],33831.17359209061,42
11.9,CC(=O)c1cccc(-c2noc(Cc3[nH]nc4cccc(C(F)(F)F)c34)n2)c1,[BOS]CC(=O)c1cccc(-c2noc(Cc3[nH]nc4cccc(C(F)(F)F)c34)n2)c1[EOS],37806.80602860451,42
12.9,CC(NC(=O)Nc1ccc(F)c(C(=O)c2ccccc2)c1)C1COc2ccccc21,[BOS]C[C@H](NC(=O)Nc1ccc(F)c(C(=O)c2ccccc2)c1)[C@H]1COc2ccccc21[EOS],42621.535293102264,42
12.1,O=C(OCc1ccc(-c2ccccc2-c2nn[n-]n2)cc1)c1ccc(-c2ccccc2)[nH]c1=O,[BOS]O=C(OCc1ccc(-c2ccccc2-c2nn[n-]n2)cc1)c1ccc(-c2ccccc2)[nH]c1=O[EOS][EOS][EOS][EOS][EOS][EOS][EOS][EOS],47312.60157108307,42
11.4,OC(C[NH2+]CC1CCc2ccccc21)c1cccc(-c2nn[n-]n2)c1,[BOS]O[C@H](C[NH2+]C[C@H]1CCc2ccccc21)c1cccc(-c2nn[n-]n2)c1[EOS],52050.852147102356,42
11.6,COc1ccc2c(-c3noc(-c4ccc5c(=O)[nH][nH]c(=O)c5c4)n3)cccc2c1,[BOS]COc1ccc2c(-c3noc(-c4ccc5c(=O)[nH][nH]c(=O)c5c4)n3)cccc2c1[EOS],3803.505857229233,42
12.5,O=C(Nc1nc(Cc2nc(COc3ccc4ccccc4c3)no2)cs1)c1cccc2ccccc12,[BOS]O=C(Nc1nc(Cc2nc(COc3ccc4ccccc4c3)no2)cs1)c1cccc2ccccc12[EOS],9239.385224103928,42
12.7,O=C(NCCc1cc2ccccc2[nH]1)C(=O)Nc1cccc(Oc2ccnc3ccccc23)c1,[BOS]O=C(NCCc1cc2ccccc2[nH]1)C(=O)Nc1cccc(Oc2ccnc3ccccc23)c1[EOS],14233.900868415833,42
12.0,O=C(NCc1ccc2ncccc2c1)Nc1ccc(Cl)c(C(=O)NC2CCCCC2)c1,[BOS]O=C(NCc1ccc2ncccc2c1)Nc1ccc(Cl)c(C(=O)NC2CCCCC2)c1[EOS],18571.793123722076,42
10.8,COC(=O)c1ccoc1COc1cccc(C[NH2+]C2COc3cc(F)cc(F)c32)c1,[BOS]COC(=O)c1ccoc1COc1cccc(C[NH2+][C@@H]2COc3cc(F)cc(F)c32)c1[EOS],23453.627913475037,42
11.6,O=C(Nc1ccc(CS(=O)(=O)Oc2ccc3c(c2)CCCCC3=O)cc1)c1ccc(F)cc1,[BOS]O=C(Nc1ccc(CS(=O)(=O)Oc2ccc3c(c2)CCCCC3=O)cc1)c1ccc(F)cc1[EOS][EOS][EOS][EOS][EOS][EOS],28027.593806028366,42
11.8,CC(C)c1nnc2ccc(NC(=O)Nc3ccc(Cl)c(F)c3N3CCOCC3)cn12,[BOS]CC(C)c1nnc2ccc(NC(=O)Nc3ccc(Cl)c(F)c3N3CCOCC3)cn12[EOS],32383.344202518463,42
11.8,O=C(NCCC1CC2C=CC1C2)Nc1ccc(-c2noc(-c3cccnc3-n3ncnn3)n2)cc1,[BOS]O=C(NCC[C@@H]1C[C@H]2C=C[C@H]1C2)Nc1ccc(-c2noc(-c3cccnc3-n3ncnn3)n2)cc1[EOS],36882.78264904022,42
12.6,CC(CC(=O)Nc1cccc(C(=O)Nc2cccc(C#N)c2)c1)N=C1NS(=O)(=O)c2ccccc21,[BOS]C[C@H](CC(=O)Nc1cccc(C(=O)Nc2cccc(C#N)c2)c1)/N=C1/NS(=O)(=O)c2ccccc21[EOS],42373.47895312309,42
11.5,Cc1c(NC(=O)C2Cc3ccccc3O2)cccc1C(=O)Oc1ccc2c(c1)oc(=O)c1ccc(Cl)cc12,[BOS]Cc1c(NC(=O)[C@H]2Cc3ccccc3O2)cccc1C(=O)Oc1ccc2c(c1)oc(=O)c1ccc(Cl)cc12[EOS],46924.45320391655,42
12.3,Cc1c(NC(=O)c2cc3cccc([N+](=O)[O-])c3[nH]2)cccc1-n1cn[nH]c1=O,[BOS]Cc1c(NC(=O)c2cc3cccc([N+](=O)[O-])c3[nH]2)cccc1-n1cn[nH]c1=O[EOS],51304.45510029793,42
11.8,O=C(NCC1CCN(c2ccccc2)C1)NC1CCCc2cc(OC(F)F)ccc21,[BOS]O=C(NC[C@H]1CCN(c2ccccc2)C1)N[C@H]1CCCc2cc(OC(F)F)ccc21[EOS],55801.103996515274,42
11.6,Cn1c(CNc2ccc3cnn(Cc4ccc(F)cc4)c3c2)nnc1-c1ccc(Cl)cc1,[BOS]Cn1c(CNc2ccc3cnn(Cc4ccc(F)cc4)c3c2)nnc1-c1ccc(Cl)cc1[EOS],4662.356320619583,42
12.0,CC1Oc2ccccc2C1[NH2+]Cc1ccnc(OCc2ccnc(N3CCC4CCOC4C3)c2)c1O,[BOS]C[C@H]1Oc2ccccc2[C@@H]1[NH2+]Cc1ccnc(OCc2ccnc(N3CC[C@H]4CCO[C@@H]4C3)c2)c1O[EOS],8932.44780421257,42
11.9,Cn1ccc2ccc(NC(=O)c3cc(-c4nn[n-]n4)c4ccccc4n3)cc2c1=O,[BOS]Cn1ccc2ccc(NC(=O)c3cc(-c4nn[n-]n4)c4ccccc4n3)cc2c1=O[EOS],12945.170808553696,42
11.6,Oc1cccc(CNc2ccc(Oc3ccc(F)cc3)cn2)c1-c1nn[n-]n1,[BOS]Oc1cccc(CNc2ccc(Oc3ccc(F)cc3)cn2)c1-c1nn[n-]n1[EOS],17876.796367645264,42
11.7,CC(O)(CNC(=O)NCc1cccc(Oc2cccc3ccccc23)c1)c1cccc(Cl)c1,[BOS]C[C@](O)(CNC(=O)NCc1cccc(Oc2cccc3ccccc23)c1)c1cccc(Cl)c1[EOS],23428.053143024445,42
12.6,O=C(Nc1cccc(Nc2cccc(C(F)(F)F)c2)n1)c1cocc1C(F)(F)F,[BOS]O=C(Nc1cccc(Nc2cccc(C(F)(F)F)c2)n1)c1cocc1C(F)(F)F[EOS],27852.593296051025,42
11.6,COCc1ccc(C)c(-c2nnc(-c3cccc(F)c3)c(C(F)(F)F)c2C)c1,[BOS]COCc1ccc(C)c(-c2nnc(-c3cccc(F)c3)c(C(F)(F)F)c2C)c1[EOS],31560.743505001068,42
12.0,Cc1occc1C(=O)Nc1cc(NC(=O)C(=O)Nc2ccc3c(c2)C(=O)CCCC3)ccc1F,[BOS]Cc1occc1C(=O)Nc1cc(NC(=O)C(=O)Nc2ccc3c(c2)C(=O)CCCC3)ccc1F[EOS],36588.696803331375,42
12.2,Cn1nc(C(=O)[NH+]=C(N)Cc2cccc(C(F)(F)F)c2)c2c(Br)cccc2c1=O,[BOS]Cn1nc(C(=O)[NH+]=C(N)Cc2cccc(C(F)(F)F)c2)c2c(Br)cccc2c1=O[EOS],40647.41102910042,42
12.2,COc1cccc2c(-c3noc(-c4ccc(NC(=O)c5ccc(C)c(C)c5)nc4)n3)cccc12,[BOS]COc1cccc2c(-c3noc(-c4ccc(NC(=O)c5ccc(C)c(C)c5)nc4)n3)cccc12[EOS][EOS][EOS][EOS],45258.364433288574,42
11.9,[NH3+]C1(Cc2nc(-c3cccc(Cn4cnc5ccccc54)c3)no2)Cc2ccccc2C1,[BOS][NH3+]C1(Cc2nc(-c3cccc(Cn4cnc5ccccc54)c3)no2)Cc2ccccc2C1[EOS],50452.81669998169,42
11.7,CC(Oc1cccc(N2CCCC2)c1)c1ccc(F)c(-c2ccnc3[nH]ccc23)c1,[BOS]C[C@H](Oc1cccc(N2CCCC2)c1)c1ccc(F)c(-c2ccnc3[nH]ccc23)c1[EOS],54719.94840669632,42
11.6,Cc1cc(NC(C)c2ccc3c(c2)CCC(=O)N3)ccc1-c1nnnn1C1CC1,[BOS]Cc1cc(N[C@@H](C)c2ccc3c(c2)CCC(=O)N3)ccc1-c1nnnn1C1CC1[EOS],4045.7675948143005,42
11.4,[O-][S+](Cc1ccc(OCc2cccc(F)c2)cc1)C1CCCc2ccc(F)cc21,[BOS][O-][S+](Cc1ccc(OCc2cccc(F)c2)cc1)[C@H]1CCCc2ccc(F)cc21[EOS],8924.457656860352,42
11.4,CC(NC(=O)CON=C(N)c1cccc(C(F)(F)F)c1)c1ccc2ccccc2c1,[BOS]C[C@H](NC(=O)CON=C(N)c1cccc(C(F)(F)F)c1)c1ccc2ccccc2c1[EOS],14285.986704349518,42
11.0,OC(C[NH2+]C(c1cc(F)cc(Br)c1)C1CC1)c1cccc2cccnc12,[BOS]O[C@H](C[NH2+][C@@H](c1cc(F)cc(Br)c1)C1CC1)c1cccc2cccnc12[EOS],19146.870428085327,42
12.1,Cc1cccc(COc2cccc(CC(=O)Nc3ccccc3C(=O)N3CC(C)CC(C)C3)c2)c1,[BOS]Cc1cccc(COc2cccc(CC(=O)Nc3ccccc3C(=O)N3C[C@@H](C)C[C@H](C)C3)c2)c1[EOS],24499.06015443802,42
12.8,O=C(NC1CCC(Cc2ccccc2)C1)c1cccc(Oc2ccc3ccccc3n2)c1,[BOS]O=C(N[C@@H]1CC[C@H](Cc2ccccc2)C1)c1cccc(Oc2ccc3ccccc3n2)c1[EOS],29287.867422819138,42
11.3,CC(C)C(Nc1ccc(C#N)c(C(F)(F)F)c1)c1cccc(C(F)(F)F)c1,[BOS]CC(C)[C@@H](Nc1ccc(C#N)c(C(F)(F)F)c1)c1cccc(C(F)(F)F)c1[EOS],33467.834089040756,42
12.6,CC([NH2+]Cc1ccc(F)c(-c2nn[n-]n2)c1)c1noc(C2(c3ccccc3)CCC2=O)c1Cl,[BOS]C[C@@H]([NH2+]Cc1ccc(F)c(-c2nn[n-]n2)c1)c1noc(C2(c3ccccc3)C(=O)CC2)c1Cl[EOS],37992.14117383957,42
12.1,O=C1CC(Oc2ccc(N=C(O)c3ccc4c(c3)OCO4)cc2)CN1Cc1ccc2cc(F)c(F)cc2n1,[BOS]O=C1C[C@@H](Oc2ccc(N=C(O)c3ccc4c(c3)OCO4)cc2)CN1Cc1ccc2cc(F)c(F)cc2n1[EOS],42896.58066248894,42
11.0,CC(NS(=O)(=O)Cc1ccc2c(c1)CCC2)c1ccc(-c2ccc(F)cc2)cc1,[BOS]C[C@H](NS(=O)(=O)Cc1ccc2c(c1)CCC2)c1ccc(-c2ccc(F)cc2)cc1[EOS],47310.96469759941,42
13.1,c1cc(CNc2ccc(Cc3[nH+]cc4n3CCCC4)cc2)cc(-c2ccc3c(c2)CCCC3)c1,[BOS]c1cc(CNc2ccc(Cc3[nH+]cc4n3CCCC4)cc2)cc(-c2ccc3c(c2)CCCC3)c1[EOS],52134.38389968872,42
11.8,CC(NC(=O)NC1CCc2cc(O)ccc2C1)C1Cc2ccccc2C1,[BOS]C[C@@H](NC(=O)N[C@H]1CCc2cc(O)ccc2C1)C1Cc2ccccc2C1[EOS],56169.43341898918,42
11.6,O=C(CCNC(=O)c1cc2ccccc2[nH]1)Nc1cc(-c2ccnn2-c2ccccc2)ccc1Cl,[BOS]O=C(CCNC(=O)c1cc2ccccc2[nH]1)Nc1cc(-c2ccnn2-c2ccccc2)ccc1Cl[EOS],5361.4184448719025,42
11.6,O=C(NCc1cc(OC2CCC2)ccn1)NC1CCCc2cc(OC(F)F)ccc21,[BOS]O=C(NCc1cc(OC2CCC2)ccn1)N[C@H]1CCCc2cc(OC(F)F)ccc21[EOS],10128.524401187897,42
13.0,CC(=O)Nc1cc(NC(=O)c2ccc3c(c2)CN(c2cc(C)ccc2C)C3=O)ccn1,[BOS]CC(=O)Nc1cc(NC(=O)c2ccc3c(c2)CN(c2cc(C)ccc2C)C3=O)ccn1[EOS],14327.958395004272,42
11.7,COc1cnc2c(NC(=O)C=C(C)c3cccc(C(F)(F)F)c3)cccc2c1,[BOS]COc1cnc2c(NC(=O)C=C(C)c3cccc(C(F)(F)F)c3)cccc2c1[EOS],18394.884229660034,42
12.1,O=C1CCc2cc(NC(=O)c3ccccc3CSc3nn[nH]n3)c(F)cc2N1,[BOS]O=C1CCc2cc(NC(=O)c3ccccc3CSc3nn[nH]n3)c(F)cc2N1[EOS],22582.193622112274,42
13.2,CC(C(=O)Nc1cccc(N2C(=O)c3ccccc3C2=O)c1)c1cccc(Oc2ccccc2)c1,[BOS]C[C@@H](C(=O)Nc1cccc(N2C(=O)c3ccccc3C2=O)c1)c1cccc(Oc2ccccc2)c1[EOS],27745.32599377632,42
11.3,Cc1cccc(CNC(=O)C(C)OC(=O)c2c(C)c(=O)[nH]c3ccccc23)c1,[BOS]Cc1cccc(CNC(=O)[C@@H](C)OC(=O)c2c(C)c(=O)[nH]c3ccccc23)c1[EOS],32446.19385957718,42
12.5,O=C(Nc1ccc(F)c(NC(=O)C2CCCCC2)c1)c1cccc(NC(=O)C2CCCO2)c1,[BOS]O=C(Nc1ccc(F)c(NC(=O)C2CCCCC2)c1)c1cccc(NC(=O)[C@@H]2CCCO2)c1[EOS],37440.31615638733,42
12.2,Fc1cccc2[nH]cc(C[NH+]3CCCC(c4nc(-c5cccc(Br)c5)no4)C3)c12,[BOS]Fc1cccc2[nH]cc(C[NH+]3CCC[C@@H](c4nc(-c5cccc(Br)c5)no4)C3)c12[EOS],41542.9568464756,42
11.6,CC1C(c2nc(-c3cccc(-c4noc(-c5ccccc5F)n4)c3)no2)C12Cc1ccccc1C2,[BOS]C[C@@H]1[C@@H](c2nc(-c3cccc(-c4noc(-c5ccccc5F)n4)c3)no2)C12Cc3ccccc3C2[EOS],45867.600155353546,42
13.0,CCNC(=O)c1cc(NC(=O)C(Cc2c[nH]c3cc(F)ccc23)NC(N)=O)nc2ccccc12,[BOS]CCNC(=O)c1cc(NC(=O)[C@H](Cc2c[nH]c3cc(F)ccc23)NC(N)=O)nc2ccccc12[EOS][EOS][EOS][EOS][EOS][EOS],51037.71976494789,42
12.9,[NH3+]C(CC(=O)Nc1ccccc1-c1ccc(F)c(F)c1)Cc1c[nH]c2ccc(F)cc12,[BOS][NH3+][C@@H](CC(=O)Nc1ccccc1-c1ccc(F)c(F)c1)Cc1c[nH]c2ccc(F)cc12[EOS],56355.52490210533,42
13.1,CC(NC(=O)Nc1ccc(CC(=O)N2CCc3ccccc32)cc1)C1Oc2ccccc2C1C,[BOS]C[C@H](NC(=O)Nc1ccc(CC(=O)N2CCc3ccccc32)cc1)[C@@H]1Oc2ccccc2[C@H]1C[EOS],5499.020212888718,42
11.9,CC([NH2+]C1CCc2cc(Br)ccc21)c1ccc(-c2noc(C(F)(F)F)n2)cc1,[BOS]C[C@H]([NH2+][C@H]1CCc2cc(Br)ccc21)c1ccc(-c2noc(C(F)(F)F)n2)cc1[EOS],9509.46729016304,42
12.1,O=C(Cc1coc2cc3c(cc12)CCC3)Nc1ccc(-n2ncc3c(=O)[nH]cnc32)cc1,[BOS]O=C(Cc1coc2cc3c(cc12)CCC3)Nc1ccc(-n2ncc3c(=O)[nH]cnc32)cc1[EOS][EOS][EOS][EOS][EOS][EOS][EOS][EOS],14049.67660522461,42
11.6,CC([NH2+]CC(O)(c1cccc(C(F)(F)F)c1)C(F)(F)F)C1COc2ccccc2C1,[BOS]C[C@H]([NH2+]C[C@@](O)(c1cccc(C(F)(F)F)c1)C(F)(F)F)[C@@H]1COc2ccccc2C1[EOS],19105.26090478897,42
12.6,O=C(Nc1cccc(COc2ccc3c(c2)OCO3)c1)c1ccc(-c2noc3ccccc23)o1,[BOS]O=C(Nc1cccc(COc2ccc3c(c2)OCO3)c1)c1ccc(-c2noc3ccccc23)o1[EOS],24319.530694007874,42
12.6,CC1Oc2c(cccc2C(=O)Nc2ccc3nc(Cc4ccccc4)oc3c2)NC1=O,[BOS]C[C@H]1Oc2c(cccc2C(=O)Nc2ccc3nc(Cc4ccccc4)oc3c2)NC1=O[EOS],28720.024749279022,42
12.4,O=C(CCC(=O)c1ccc2c(c1)CCC(=O)N2)Nc1ccc(OC(F)F)c(Cc2ccccc2)c1,[BOS]O=C1CCc2cc(C(=O)CCC(=O)Nc3ccc(OC(F)F)c(Cc4ccccc4)c3)ccc2N1[EOS],34015.053866147995,42
12.1,O=C(Cc1cc(F)cc2c1OCOC2)NC12CCCC([NH2+]Cc3ccc[nH]3)(CC1)C2,[BOS]O=C(Cc1cc(F)cc2c1OCOC2)N[C@@]12CCC[C@@]([NH2+]Cc3ccc[nH]3)(CC1)C2[EOS],38556.656846284866,42
11.5,Cn1cc2cccc(-c3noc(CCc4ccc(C(=O)OCc5ccccc5[N+](=O)[O-])cc4)n3)c2n1,[BOS]Cn1cc2cccc(-c3noc(CCc4ccc(C(=O)OCc5ccccc5[N+](=O)[O-])cc4)n3)c2n1[EOS][EOS][EOS][EOS],42102.60848379135,42
11.3,CC(CCC(=O)NC(c1cccc2ccccc12)C(F)(F)F)c1ccccc1,[BOS]C[C@H](CCC(=O)N[C@H](c1cccc2ccccc12)C(F)(F)F)c1ccccc1[EOS],47553.56715750694,42
10.9,CC1CC(C)CC(C(=O)NCc2ccc(CN3CCc4ccccc43)cc2)C1,[BOS]C[C@@H]1C[C@H](C)C[C@@H](C(=O)NCc2ccc(CN3CCc4ccccc43)cc2)C1[EOS],51812.87673020363,42
11.6,O=C(NCCC1CCc2ccccc21)Nc1ccccc1Oc1cc(F)cc(F)c1,[BOS]O=C(NCC[C@@H]1CCc2ccccc21)Nc1ccccc1Oc1cc(F)cc(F)c1[EOS],56015.5541870594,42
12.4,CC([NH2+]C1CCCc2c1[nH]c1ccccc21)c1cccc(-c2nn[n-]n2)c1O,[BOS]C[C@H]([NH2+][C@H]1CCCc2c1[nH]c1ccccc21)c1cccc(-c2nn[n-]n2)c1O[EOS],4330.496010303497,42
11.8,Cc1cc(CNC(=O)Nc2ccc(NC(=O)c3cccc(S(C)(=O)=O)c3)c(Cl)c2)cc(=O)[nH]1,[BOS]Cc1cc(CNC(=O)Nc2ccc(NC(=O)c3cccc(S(C)(=O)=O)c3)c(Cl)c2)cc(=O)[nH]1[EOS],9202.604300022125,42
11.3,Cc1nc(Cl)cc(NC(=O)C(O)Cc2cccc3ccccc23)n1,[BOS]Cc1nc(Cl)cc(NC(=O)[C@H](O)Cc2cccc3ccccc23)n1[EOS],13585.066525220871,42
12.0,O=C(COC(=O)Cc1ccc2c(c1)CCO2)Nc1cccc(C(=O)Nc2cccc(C(F)(F)F)c2)c1,[BOS]O=C(COC(=O)Cc1ccc2c(c1)CCO2)Nc1cccc(C(=O)Nc2cccc(C(F)(F)F)c2)c1[EOS],19378.318837165833,42
12.0,CC(Oc1cccc2ccccc12)c1nc(-c2cc(=O)[nH]c3ccncc23)no1,[BOS]C[C@H](Oc1cccc2ccccc12)c1nc(-c2cc(=O)[nH]c3ccncc23)no1[EOS],23759.43600130081,42
14.3,O=C(Nc1n[nH]c(Cc2cccc(F)c2)n1)c1cccc(N2C(=O)c3ccccc3C2=O)c1,[BOS]O=C(Nc1n[nH]c(Cc2cccc(F)c2)n1)c1cccc(N2C(=O)c3ccccc3C2=O)c1[EOS],28147.395431518555,42
11.5,CC(NC(=O)Nc1ccc(C(=O)[O-])cc1F)c1cccc([N+](=O)[O-])c1,[BOS]C[C@@H](NC(=O)Nc1ccc(C(=O)[O-])cc1F)c1cccc([N+](=O)[O-])c1[EOS],32425.834287405014,42
11.6,CC(OC(=O)c1cccc(C(F)(F)F)c1)C(=O)Nc1ccccc1C(=O)c1ccccc1,[BOS]C[C@H](OC(=O)c1cccc(C(F)(F)F)c1)C(=O)Nc1ccccc1C(=O)c1ccccc1[EOS],37219.90670490265,42
12.3,CC(NC(=O)Nc1ccc2c(=O)[nH]ccc2c1)C1(c2ccccc2)CCCC1,[BOS]C[C@H](NC(=O)Nc1ccc2c(=O)[nH]ccc2c1)C1(c2ccccc2)CCCC1[EOS],41644.939059734344,42
11.8,CCn1ccc2c(C[NH2+]C(C)c3cccc(NC(C)=O)c3)cccc2c1=O,[BOS]CCn1ccc2c(C[NH2+][C@@H](C)c3cccc(NC(C)=O)c3)cccc2c1=O[EOS],46048.05984544754,42
12.4,NC(=O)c1cc(Oc2cccc(Nc3nc(C(F)F)nc4ccccc34)c2)ccn1,[BOS]NC(=O)c1cc(Oc2cccc(Nc3nc(C(F)F)nc4ccccc34)c2)ccn1[EOS],50787.90715575218,42
12.3,O=C(NCC1Cc2ccccc2C[NH2+]1)c1c2ccccc2cc2ccccc12,[BOS]O=C(NC[C@H]1Cc2ccccc2C[NH2+]1)c1c2ccccc2cc2ccccc12[EOS],55098.45385146141,42
12.7,O=C1CCc2cc(C(=O)Nc3nc(-c4cccc(Oc5ccccc5)c4)n[nH]3)c(F)cc2N1,[BOS]O=C1CCc2cc(C(=O)Nc3nc(-c4cccc(Oc5ccccc5)c4)n[nH]3)c(F)cc2N1[EOS],4301.3578724861145,42
11.1,Cc1[nH][nH]c(=O)c1CCNC(=O)C1CC(=O)N(c2cc(F)cc(F)c2)C1,[BOS]Cc1[nH][nH]c(=O)c1CCNC(=O)[C@H]1CC(=O)N(c2cc(F)cc(F)c2)C1[EOS],8930.969306468964,42
12.3,O=C(OCc1ncc(-c2cccs2)o1)c1cccc(N2C(=O)c3ccccc3C2=O)c1,[BOS]O=C(OCc1ncc(-c2cccs2)o1)c1cccc(N2C(=O)c3ccccc3C2=O)c1[EOS],13747.43131351471,42
11.4,CC(=O)c1ccc(C=CC(=O)NS(=O)(=O)c2cc([N+](=O)[O-])cc(C)c2C)cc1C,[BOS]CC(=O)c1ccc(C=CC(=O)NS(=O)(=O)c2cc([N+](=O)[O-])cc(C)c2C)cc1C[EOS],17934.168487548828,42
12.5,O=C(C[NH+]1CCCCCC1)Nc1ccc(NC(=O)NC2COc3cc(F)ccc3C2)cc1,[BOS]O=C(C[NH+]1CCCCCC1)Nc1ccc(NC(=O)N[C@H]2COc3cc(F)ccc3C2)cc1[EOS],23579.47207379341,42
11.9,CC(=O)c1cc(NC(=O)NCc2ccc(-n3nc(C)cc3C)nc2)ccc1C,[BOS]CC(=O)c1cc(NC(=O)NCc2ccc(-n3nc(C)cc3C)nc2)ccc1C[EOS],27962.575518131256,42
10.9,CC(OC(=O)CCC1NC(=O)N(Cc2ccccc2)C1=O)c1ccnn1-c1ccccc1,[BOS]C[C@@H](OC(=O)CC[C@H]1NC(=O)N(Cc2ccccc2)C1=O)c1ccnn1-c1ccccc1[EOS][EOS][EOS],33000.50027036667,42
12.1,CC(CCN1C(=O)c2ccccc2C1=O)Nc1ccc2c(c1)CCCC(=O)N2,[BOS]C[C@H](CCN1C(=O)c2ccccc2C1=O)Nc1ccc2c(c1)CCCC(=O)N2[EOS],38027.82243967056,42
11.4,CC(c1ccccc1)c1ccc(OC(=O)c2ccn3cc(C(F)(F)F)[nH+]c3c2)cc1,[BOS]C[C@@H](c1ccccc1)c1ccc(OC(=O)c2ccn3cc(C(F)(F)F)[nH+]c3c2)cc1[EOS],42527.90609526634,42
12.5,Cc1ccc(NC(=O)NC(C)c2noc(-c3ccccc3)n2)c2ccccc12,[BOS]Cc1ccc(NC(=O)N[C@H](C)c2noc(-c3ccccc3)n2)c2ccccc12[EOS],47441.12473964691,42
12.5,O=C(NCc1ccc2oc(=O)[nH]c2c1)Nc1ccc([N+](=O)[O-])c2ccccc12,[BOS]O=C(NCc1ccc2oc(=O)[nH]c2c1)Nc1ccc([N+](=O)[O-])c2ccccc12[EOS],52448.355246543884,42
11.6,CNC(=O)c1cccc(C(=O)OCc2ccc(OCc3cccc(C)c3)cc2)c1,[BOS]CNC(=O)c1cccc(C(=O)OCc2ccc(OCc3cccc(C)c3)cc2)c1[EOS],56762.899718761444,42
11.4,Cn1cc(CCNS(=O)(=O)CC2COc3ccccc3O2)c2ccc(F)cc21,[BOS]Cn1cc(CCNS(=O)(=O)C[C@H]2COc3ccccc3O2)c2ccc(F)cc21[EOS],4667.12824678421,42
11.7,CNC(=O)c1cccc(CCNS(=O)(=O)c2cc3c(cc2Cl)CCCC(=O)N3)c1,[BOS]CNC(=O)c1cccc(CCNS(=O)(=O)c2cc3c(cc2Cl)CCCC(=O)N3)c1[EOS],9269.412101507187,42
13.1,c1cc(-c2cc3cnccc3cn2)cc(-c2cccc3ccccc23)c1,[BOS]c1ccc2c(-c3cccc(-c4cc5cnccc5cn4)c3)cccc2c1[EOS],12948.601029634476,42
11.6,CCc1cccc(-c2noc(CC([NH3+])C(c3ccccc3)c3ccccc3Cl)n2)c1,[BOS]CCc1cccc(-c2noc(C[C@H]([NH3+])[C@H](c3ccccc3)c3ccccc3Cl)n2)c1[EOS],16998.767013311386,42
11.6,Cc1ccc(-n2ncc(C(=O)OC(C)C(=O)NC(C)c3cc4ccccc4o3)c2C(F)(F)F)cc1,[BOS]Cc1ccc(-n2ncc(C(=O)O[C@@H](C)C(=O)N[C@H](C)c3cc4ccccc4o3)c2C(F)(F)F)cc1[EOS],22382.52406024933,42
12.2,O=C(Nc1ccc(C[NH2+]Cc2ccc(O)c3ccccc23)cc1)c1cc2ccccc2o1,[BOS]O=C(Nc1ccc(C[NH2+]Cc2ccc(O)c3ccccc23)cc1)c1cc2ccccc2o1[EOS],27176.737293958664,42
11.5,CCc1cc(NC(=O)c2ccc(-c3ccc(F)c(F)c3)o2)c2ccccc2n1,[BOS]CCc1cc(NC(=O)c2ccc(-c3ccc(F)c(F)c3)o2)c2ccccc2n1[EOS],31067.010387182236,42
11.0,CCCc1nc(C(=O)NCC(O)c2cccc(C(F)(F)F)c2)cn1-c1ccccc1C,[BOS]CCCc1nc(C(=O)NC[C@@H](O)c2cccc(C(F)(F)F)c2)cn1-c1ccccc1C[EOS],36009.3303232193,42
11.5,CC1Cc2cc(NC(=O)c3cccc(CS(=O)(=O)c4ccccc4)c3)ccc2NC1=O,[BOS]C[C@@H]1Cc2cc(NC(=O)c3cccc(CS(=O)(=O)c4ccccc4)c3)ccc2NC1=O[EOS],40333.32432103157,42
11.9,Cc1oc2ccc(NC(=O)c3cccc(C(N)=O)c3)cc2c1-c1nn[n-]n1,[BOS]Cc1oc2ccc(NC(=O)c3cccc(C(N)=O)c3)cc2c1-c1nn[n-]n1[EOS],44129.44182682037,42
12.4,O=C(OCc1ccn(-c2cccc(F)c2)n1)c1cccc(Oc2cccc(Cl)c2-c2nn[n-]n2)c1,[BOS]O=C(OCc1ccn(-c2cccc(F)c2)n1)c1cccc(Oc2cccc(Cl)c2-c3nn[n-]n3)c1[EOS],49312.12888789177,42
11.0,Cc1ccc(N2CCCC([NH2+]C(C)C(=O)NCc3ccc4c(c3)OCO4)C2=O)cc1C,[BOS]Cc1ccc(N2CCC[C@@H]([NH2+][C@@H](C)C(=O)NCc3ccc4c(c3)OCO4)C2=O)cc1C[EOS],53776.72258543968,42
11.9,O=C(Nc1ccc(OCc2cccc(F)c2)c(F)c1)c1cc(O)nc2ccc([N+](=O)[O-])cc12,[BOS]O=C(Nc1ccc(OCc2cccc(F)c2)c(F)c1)c1cc(O)nc2ccc([N+](=O)[O-])cc12[EOS],4906.376106500626,42
11.0,CN1CC(NC(=O)NCC2(c3ccc(F)cc3F)CC2)Cc2ccccc21,[BOS]CN1C[C@@H](NC(=O)NCC2(c3ccc(F)cc3F)CC2)Cc2ccccc21[EOS],8968.951876163483,42
11.0,COC(CNC(=O)NC1(c2ccc3c(c2)OCCO3)CC1)c1ccc(F)cc1,[BOS]CO[C@@H](CNC(=O)NC1(c2ccc3c(c2)OCCO3)CC1)c1ccc(F)cc1[EOS],13045.134375572205,42
11.2,Cn1nc(C(=O)Nc2cccc3c2[nH]c(=O)n3C)cc1-c1ccc(Cl)cc1,[BOS]Cn1nc(C(=O)Nc2cccc3c2[nH]c(=O)n3C)cc1-c1ccc(Cl)cc1[EOS],16923.159187555313,42
12.4,O=C(NOc1cccc(-c2nn[n-]n2)c1)C1=CNc2cc(-c3ccccc3)nn1c2=O,[BOS]O=C(NOc1cccc(-c2nn[n-]n2)c1)c1c[nH]c2cc(-c3ccccc3)nn1c2=O[EOS],21141.305897712708,42
11.7,O=C(CCc1cccc(OCc2ccccc2)c1)N1CCc2[nH]c3ccc(F)cc3c2C1,[BOS]O=C(CCc1cccc(OCc2ccccc2)c1)N1CCc2[nH]c3ccc(F)cc3c2C1[EOS],26401.907286643982,42
11.7,CC(NC(=O)NCc1cccc(S(C)(=O)=O)c1)c1ccc(-c2ccc(F)cc2)cc1,[BOS]C[C@@H](NC(=O)NCc1cccc(S(C)(=O)=O)c1)c1ccc(-c2ccc(F)cc2)cc1[EOS],31145.003452777863,42
12.8,O=C1CCCc2c(OC(=O)C3CCN(C(=O)c4cccc(-c5nn[n-]n5)c4)CC3)cccc21,[BOS]O=C(Oc1cccc2c1CCCC2=O)C1CCN(C(=O)c2cccc(-c3nn[n-]n3)c2)CC1[EOS],35947.61378645897,42
11.3,CC(Oc1ccc(C(=O)NCC2OCCc3ccccc32)cc1)c1ccccc1,[BOS]C[C@H](Oc1ccc(C(=O)NC[C@H]2OCCc3ccccc32)cc1)c1ccccc1[EOS],41058.763676166534,42
12.4,O=C(COc1cccc(C(=O)Nc2cc(CCc3ccccc3)ccn2)c1)Nc1cccc(C(F)(F)F)n1,[BOS]O=C(COc1cccc(C(=O)Nc2cc(CCc3ccccc3)ccn2)c1)Nc1cccc(C(F)(F)F)n1[EOS],47067.81508755684,42
11.5,O=C(NCc1ccnc(-n2cncn2)c1)NC1CCN(c2cccc(Cl)c2)C1,[BOS]O=C(NCc1ccnc(-n2cncn2)c1)N[C@H]1CCN(c2cccc(Cl)c2)C1[EOS],51725.19489169121,42
12.2,O=C(CNc1cccc(C(=O)N2CCc3ccccc32)c1)NC(=O)NC12CC3CC(CC(C3)C1)C2,[BOS]O=C(CNc1cccc(C(=O)N2CCc3ccccc32)c1)NC(=O)NC12CC3CC(CC(C3)C1)C2[EOS],57024.89969372749,42
11.8,COc1ccc2c(c1)CCCC2CNC(=O)c1cncc(C(=O)NC2CCC(C)C2)c1,[BOS]COc1ccc2c(c1)CCC[C@@H]2CNC(=O)c1cncc(C(=O)N[C@H]2CC[C@@H](C)C2)c1[EOS],4829.206524848938,42
11.8,Cn1cc(-c2nc(-c3cc(Cl)cc(C(F)(F)F)c3)no2)c2ccccc2c1=O,[BOS]Cn1cc(-c2nc(-c3cc(Cl)cc(C(F)(F)F)c3)no2)c2ccccc2c1=O[EOS][EOS][EOS][EOS],8997.664252758026,42
11.0,CC(C)c1n[nH]c(CNC(=O)Nc2ccc(NC(=O)c3ccoc3C(F)(F)F)nc2)n1,[BOS]CC(C)c1n[nH]c(CNC(=O)Nc2ccc(NC(=O)c3ccoc3C(F)(F)F)nc2)n1[EOS],13682.740889072418,42
11.3,O=C(Cn1ncc(NCc2nc(-c3ccccc3)no2)c(Cl)c1=O)Nc1ccc2c(c1)CCCC2,[BOS]O=C(Cn1ncc(NCc2nc(-c3ccccc3)no2)c(Cl)c1=O)Nc1ccc2c(c1)CCCC2[EOS],19357.23687171936,42
13.1,O=C(Cc1ccc2ccccc2c1)NC1(c2ccc(NC(=O)C3CNc4ccccc43)cc2)CCC1,[BOS]O=C(Cc1ccc2ccccc2c1)NC1(c2ccc(NC(=O)[C@H]3CNc4ccccc43)cc2)CCC1[EOS],25233.907088518143,42
11.8,O=C(NCCc1ccc([N+](=O)[O-])cc1)Nc1ccc([N+](=O)[O-])c2ccccc12,[BOS]O=C(NCCc1ccc([N+](=O)[O-])cc1)Nc1ccc([N+](=O)[O-])c2ccccc12[EOS],29901.90717434883,42
12.0,O=C(NCCc1cccc(F)c1F)C(=O)Nc1ccc2c3c(cccc13)CC2,[BOS]O=C(NCCc1cccc(F)c1F)C(=O)Nc1ccc2c3c(cccc13)CC2[EOS],34463.510841846466,42
11.7,CC1CC1C(=O)Nc1ccc(-c2nc(-c3cc(F)cc(C4OCCO4)c3)no2)cc1,[BOS]C[C@@H]1C[C@H]1C(=O)Nc1ccc(-c2nc(-c3cc(F)cc(C4OCCO4)c3)no2)cc1[EOS],38649.52428340912,42
11.7,O=C(NCc1ccc2c(c1)OCCCO2)c1ccc(C(=O)N2CCCCC2)cc1,[BOS]O=C(NCc1ccc2c(c1)OCCCO2)c1ccc(C(=O)N2CCCCC2)cc1[EOS],43224.4678478241,42
12.2,CC(CC(=O)Nc1ccc(NC(=O)c2cc(-c3ccccc3C(F)(F)F)n[nH]2)cc1)N1CCc2nc[nH]c2C1,[BOS]C[C@H](CC(=O)Nc1ccc(NC(=O)c2cc(-c3ccccc3C(F)(F)F)n[nH]2)cc1)N1CCc2nc[nH]c2C1[EOS],48829.54849076271,42
11.3,CC(OC(=O)CCNC(=O)c1cc2ccccc2[nH]1)C(=O)Nc1cccc2c1C(=O)c1ccccc1C2=O,[BOS]C[C@H](OC(=O)CCNC(=O)c1cc2ccccc2[nH]1)C(=O)Nc1cccc2c1C(=O)c1ccccc1C2=O[EOS][EOS][EOS][EOS][EOS][EOS][EOS][EOS],54611.34153294563,42
11.4,CCC(NC(=O)NC(C)c1nnnn1-c1ccccc1)c1cccc(C(F)(F)F)c1,[BOS]CC[C@@H](NC(=O)N[C@H](C)c1nnnn1-c1ccccc1)c1cccc(C(F)(F)F)c1[EOS],58735.37003827095,42
12.9,O=C(NCc1ccc(C[NH+]2CCc3ccccc3C2)cc1)C(=O)Nc1cccc(C(=O)N2CCCCC2)c1,[BOS]O=C(NCc1ccc(C[NH+]2CCc3ccccc3C2)cc1)C(=O)Nc1cccc(C(=O)N2CCCCC2)c1[EOS],5214.219586133957,42
11.1,Cc1ccc(CCCNC(=O)C(=O)Nc2cccc(S(=O)(=O)[N-]c3ncccn3)c2)c(C)c1,[BOS]Cc1ccc(CCCNC(=O)C(=O)Nc2cccc(S(=O)(=O)[N-]c3ncccn3)c2)c(C)c1[EOS][EOS][EOS][EOS][EOS][EOS],9688.06873011589,42
12.3,NC(=O)c1ccc(F)c(Nc2cccc(C34CC[NH2+]C3COCC4)c2)c1F,[BOS]NC(=O)c1ccc(F)c(Nc2cccc([C@@]34CC[NH2+][C@@H]3COCC4)c2)c1F[EOS],13789.356216192245,42
11.2,O=C(NCc1cccc2[nH]ncc12)Oc1ccc2ccccc2c1,[BOS]O=C(NCc1cccc2[nH]ncc12)Oc1ccc2ccccc2c1[EOS],18037.588307380676,42
10.8,Cc1nn2c(C[NH2+]C(C)c3ccc(NC(=O)c4ccc(F)cc4)cc3)c(C)cc2s1,[BOS]Cc1nn2c(C[NH2+][C@H](C)c3ccc(NC(=O)c4ccc(F)cc4)cc3)c(C)cc2s1[EOS],22568.8992061615,42
12.8,NC(=O)Nc1cc(NC(=O)c2cc(NC(=O)OCC3c4ccccc4-c4ccccc43)n[nH]2)ccc1F,[BOS]NC(=O)Nc1cc(NC(=O)c2cc(NC(=O)OCC3c4ccccc4-c4ccccc43)n[nH]2)ccc1F[EOS],28714.43136191368,42
11.5,CC(CCc1ccccc1)Nc1ccc2nnc(-c3cccnc3)n2n1,[BOS]C[C@H](CCc1ccccc1)Nc1ccc2nnc(-c3cccnc3)n2n1[EOS],33073.265093803406,42
11.2,Oc1cc(C[NH+]2CCC(C(O)Cc3ccccc3)CC2)ccc1OCc1ccc(F)cc1,[BOS]Oc1cc(C[NH+]2CCC([C@@H](O)Cc3ccccc3)CC2)ccc1OCc1ccc(F)cc1[EOS],37894.91523814201,42
13.0,O=C1CCCc2c1cc1ccccc1c2OCc1cccc(N=C(O)c2ccccc2F)c1,[BOS]O=C1CCCc2c(OCc3cccc(N=C(O)c4ccccc4F)c3)c3ccccc3cc21[EOS],42472.900943517685,42
11.1,CC1(c2cccc(C[NH+]=C(O)CCc3c[nH]c4ccccc34)c2)N=C(O)N=C1O,[BOS]CC1(c2cccc(C[NH+]=C(O)CCc3c[nH]c4ccccc34)c2)N=C(O)N=C1O[EOS][EOS][EOS][EOS][EOS][EOS][EOS],47236.476682662964,42
11.8,O=C(Nc1ccc(C[NH+]2CCc3ccccc3C2)cc1)c1cccc(Cc2cnc(O)nc2O)c1,[BOS]O=C(Nc1ccc(C[NH+]2CCc3ccccc3C2)cc1)c1cccc(Cc2cnc(O)nc2O)c1[EOS],51564.060171842575,42
12.1,O=C1COc2c(cccc2NC(=O)Nc2cccc(COC3CCCCC3)c2)N1,[BOS]O=C(Nc1cccc(COC2CCCCC2)c1)Nc1cccc2c1OCC(=O)N2[EOS],56148.954193115234,42
11.2,Cc1c(NC(=O)Nc2ccc(Oc3ccnc(-c4nn[n-]n4)c3)cc2)ccc(F)c1F,[BOS]Cc1c(NC(=O)Nc2ccc(Oc3ccnc(-c4nn[n-]n4)c3)cc2)ccc(F)c1F[EOS],4797.878588914871,42
11.3,O=C(NCCc1nc(-c2cccc(C[NH+]3CCOCC3)c2)no1)c1cccc2ncccc12,[BOS]O=C(NCCc1nc(-c2cccc(C[NH+]3CCOCC3)c2)no1)c1cccc2ncccc12[EOS][EOS][EOS][EOS],9585.914172172546,42
12.5,NC(=O)c1ccc(Nc2cccc3[nH]c(-c4[nH]nc5ncc(F)cc45)cc23)c(OC(F)(F)F)c1,[BOS]NC(=O)c1ccc(Nc2cccc3[nH]c(-c4[nH]nc5ncc(F)cc45)cc23)c(OC(F)(F)F)c1[EOS],13856.791162967682,42
12.1,NC(=O)c1cc(NC(=O)CCc2cccc(C(F)(F)F)c2)cc2ccccc12,[BOS]NC(=O)c1cc(NC(=O)CCc2cccc(C(F)(F)F)c2)cc2ccccc12[EOS],18210.52966928482,42
11.3,CC(Cc1cc(Br)ccc1F)[NH2+]CC1(c2cccc(F)c2)CCC(c2cc(C(N)=O)n[nH]2)CC1,[BOS]C[C@@H](Cc1cc(Br)ccc1F)[NH2+]CC1(c2cccc(F)c2)CCC(c2cc(C(N)=O)n[nH]2)CC1[EOS][EOS][EOS][EOS][EOS][EOS],22613.031898975372,42
12.0,NC(=[NH+]C(=O)C1CCc2cc(F)ccc21)c1ccc(C(F)(F)F)cc1,[BOS]NC(=[NH+]C(=O)[C@H]1CCc2cc(F)ccc21)c1ccc(C(F)(F)F)cc1[EOS],26024.858931064606,42
11.9,[NH3+]C(Cc1cc2ccccc2o1)c1nc(-c2ccc3c(c2)COC3c2ccc(F)cc2)no1,[BOS][NH3+][C@H](Cc1cc2ccccc2o1)c1nc(-c2ccc3c(c2)COC3c2ccc(F)cc2)no1[EOS],30800.971913814545,42
12.0,CC(=O)c1ccc(F)c(-c2ccc3c(c2)OC(C)(C)C(=O)N3)c1,[BOS]CC(=O)c1ccc(F)c(-c2ccc3c(c2)OC(C)(C)C(=O)N3)c1[EOS],34220.30285167694,42
11.6,Cc1cc(CC(C)[NH+]=C(N)Nc2ccc3c(c2)CCC3)n(-c2ccccc2)n1,[BOS]Cc1cc(C[C@@H](C)[NH+]=C(N)Nc2ccc3c(c2)CCC3)n(-c2ccccc2)n1[EOS],38986.617958307266,42
12.6,Cc1ccc(-n2cc(C(=O)Nc3ccc(C)c(C(=O)N4CCCCC4)c3)nn2)cc1,[BOS]Cc1ccc(-n2cc(C(=O)Nc3ccc(C)c(C(=O)N4CCCCC4)c3)nn2)cc1[EOS],43803.22589612007,42
11.6,O=C1CC([NH2+]Cc2cccc3cccnc23)CN1c1cccc(C(F)(F)F)c1,[BOS]O=C1C[C@H]([NH2+]Cc2cccc3cccnc23)CN1c1cccc(C(F)(F)F)c1[EOS],48778.12357878685,42
11.3,N#Cc1ccc(NCc2nc(-c3ccc(C(=O)N4CCCCC4)cc3)no2)cc1C1CCCC1,[BOS]N#Cc1ccc(NCc2nc(-c3ccc(C(=O)N4CCCCC4)cc3)no2)cc1C1CCCC1[EOS],53273.58087229729,42
11.1,CC(CNc1ccc2nnnn2n1)NC(=O)c1ocnc1-c1ccccc1,[BOS]C[C@H](CNc1ccc2nnnn2n1)NC(=O)c1ocnc1-c1ccccc1[EOS],3970.0285980701447,42
11.0,Cc1nc(C[NH2+]CC2C3Cc4ccccc4C23)oc1-c1ccc(Cl)cc1,[BOS]Cc1nc(C[NH2+]C[C@@H]2[C@H]3Cc4ccccc4[C@@H]23)oc1-c1ccc(Cl)cc1[EOS],8040.872652769089,42
12.2,CC(Nc1cccc(-c2ccon2)c1)c1nc(-c2cccc(C(F)(F)F)c2)no1,[BOS]C[C@H](Nc1cccc(-c2ccon2)c1)c1nc(-c2cccc(C(F)(F)F)c2)no1[EOS],12474.8585460186,42
11.9,O=C1CCCC(C(=O)Oc2ccc(NC(=O)c3cccc4ccccc34)cc2)N1,[BOS]O=C(Nc1ccc(OC(=O)[C@H]2CCCC(=O)N2)cc1)c1cccc2ccccc12[EOS],17288.319316625595,42
11.8,O=C(NCc1ccc(CCNc2ccnc(-c3nn[n-]n3)n2)cc1)C1CC1C1CCCC1,[BOS]O=C(NCc1ccc(CCNc2ccnc(-c3nn[n-]n3)n2)cc1)[C@@H]1C[C@@H]1C1CCCC1[EOS],22230.02818131447,42
11.4,Cc1ccc(NC(=O)NC(C)(C2CC2)C(F)(F)F)cc1C(F)(F)F,[BOS]Cc1ccc(NC(=O)N[C@](C)(C2CC2)C(F)(F)F)cc1C(F)(F)F[EOS],26072.952520132065,42
12.0,O=C(OC(c1ccc2ccccc2c1)C(F)(F)F)c1c[nH]c(=O)c(C(F)(F)F)c1,[BOS]O=C(O[C@@H](c1ccc2ccccc2c1)C(F)(F)F)c1c[nH]c(=O)c(C(F)(F)F)c1[EOS],30574.76189494133,42
11.7,O=C(NCC1Cc2ccccc21)C(=O)Nc1ccc(S(=O)(=O)Nc2cccc(C(F)(F)F)c2)cc1,[BOS]O=C(NC[C@@H]1Cc2ccccc21)C(=O)Nc1ccc(S(=O)(=O)Nc2cccc(C(F)(F)F)c2)cc1[EOS],35690.22005152702,42
12.1,CC([NH2+]Cc1nn(-c2ccccc2)c2c1CCC2)c1ccc2[nH]c(=O)c(=O)[nH]c2c1,[BOS]C[C@H]([NH2+]Cc1nn(-c2ccccc2)c2c1CCC2)c1ccc2[nH]c(=O)c(=O)[nH]c2c1[EOS],40143.23155379295,42
11.0,COc1cc(OC)cc(C(C)NC(=O)c2sc(NC(=O)c3cccc(F)c3)cc2C)c1,[BOS]COc1cc(OC)cc([C@@H](C)NC(=O)c2sc(NC(=O)c3cccc(F)c3)cc2C)c1[EOS],44510.29347538948,42
11.4,Cn1nc(CCNC(=O)Nc2ccc(C(=O)N3CCCC3c3ccccc3)cc2)c2ccccc21,[BOS]Cn1nc(CCNC(=O)Nc2ccc(C(=O)N3CCC[C@@H]3c3ccccc3)cc2)c2ccccc21[EOS],49578.02408313751,42
12.3,OC(COc1cccc(-c2ccccc2)c1)c1cccc(-c2nn[n-]n2)c1,[BOS]O[C@@H](COc1cccc(-c2ccccc2)c1)c1cccc(-c2nn[n-]n2)c1[EOS],54953.14448738098,42
11.4,CC(OC(=O)Cc1cccc(C(F)F)c1)c1ccc([N+](=O)[O-])cc1C(F)(F)F,[BOS]C[C@H](OC(=O)Cc1cccc(C(F)F)c1)c1ccc([N+](=O)[O-])cc1C(F)(F)F[EOS],4741.399536371231,42
12.4,O=C(NCCc1cc2ccccc2o1)Nc1cccc(C(=O)Nc2cccc(C(F)(F)F)c2)c1,[BOS]O=C(NCCc1cc2ccccc2o1)Nc1cccc(C(=O)Nc2cccc(C(F)(F)F)c2)c1[EOS],9562.423837900162,42
12.0,Fc1ccc(-c2nc(-c3cc(Cl)cc(C(F)(F)F)c3)no2)c(C(F)(F)F)c1F,[BOS]Fc1ccc(-c2nc(-c3cc(C(F)(F)F)cc(Cl)c3)no2)c(C(F)(F)F)c1F[EOS],13390.398188829422,42
11.4,Cc1ccc(F)cc1NC(=O)C(C)O[NH+]=C(N)c1ccc(OC2CCc3ccccc32)cc1,[BOS]Cc1ccc(F)cc1NC(=O)[C@@H](C)O[NH+]=C(N)c1ccc(O[C@H]2CCc3ccccc32)cc1[EOS],18324.83629345894,42
10.9,CSc1ccc(CC(=O)[NH+]=C(N)c2cccc3ccccc23)cc1,[BOS]CSc1ccc(CC(=O)[NH+]=C(N)c2cccc3ccccc23)cc1[EOS],22584.47678041458,42
11.5,CCC(=O)c1cccc(NC(=O)c2ccc3c(c2)CN(C(=O)OC(C)(C)C)C3)c1,[BOS]CCC(=O)c1cccc(NC(=O)c2ccc3c(c2)CN(C(=O)OC(C)(C)C)C3)c1[EOS],26623.310398817062,42
11.7,Nc1nc(Cl)cc(NNC(=O)c2cccc(S(=O)(=O)Nc3cccc(C(F)(F)F)c3)c2)n1,[BOS]Nc1nc(Cl)cc(NNC(=O)c2cccc(S(=O)(=O)Nc3cccc(C(F)(F)F)c3)c2)n1[EOS],30657.861048221588,42
11.6,CC(NC(=O)CCCc1ncc(-c2ccccc2)o1)c1ccc(F)c2ccccc12,[BOS]C[C@@H](NC(=O)CCCc1ncc(-c2ccccc2)o1)c1ccc(F)c2ccccc12[EOS],35979.99749183655,42
12.9,CC(NC(=O)Nc1ccccc1-c1ccccc1)c1cccc(NC(=O)Cc2ccccc2F)c1,[BOS]C[C@H](NC(=O)Nc1ccccc1-c1ccccc1)c1cccc(NC(=O)Cc2ccccc2F)c1[EOS],40984.821358680725,42
11.5,CNC(=O)c1cc(Nc2ccc3nnc(-c4ccccc4)n3c2)ccc1F,[BOS]CNC(=O)c1cc(Nc2ccc3nnc(-c4ccccc4)n3c2)ccc1F[EOS],45046.1042869091,42
10.8,Cc1oc(S(N)(=O)=O)cc1-c1nc(Cc2ccc(Oc3ccccc3)cc2F)no1,[BOS]Cc1oc(S(N)(=O)=O)cc1-c1nc(Cc2ccc(Oc3ccccc3)cc2F)no1[EOS],49388.34645986557,42
12.5,OS(=Nc1cccc(-c2cccc3ccccc23)c1)c1ccccc1,[BOS]OS(=Nc1cccc(-c2cccc3ccccc23)c1)c1ccccc1[EOS][EOS][EOS][EOS][EOS][EOS][EOS][EOS],54992.96038079262,42
12.0,CC(CC(=O)Nc1cccnc1-c1ccccc1)c1cnc2ccccc2c1,[BOS]C[C@H](CC(=O)Nc1cccnc1-c1ccccc1)c1cnc2ccccc2c1[EOS],4596.65731883049,42
11.9,Cc1ccc(-c2noc(-c3cccc4[nH]c(=O)[nH]c34)n2)c2ccccc12,[BOS]Cc1ccc(-c2noc(-c3cccc4[nH]c(=O)[nH]c34)n2)c2ccccc12[EOS],8231.19858288765,42
12.1,FC(F)c1cc(Cl)cc(-c2cccc(C#Cc3ccc(CNc4cccc(Cl)c4)cc3)c2)c1,[BOS]Clc1cccc(NCc2ccc(C#Cc3cccc(-c4cc(Cl)cc(C(F)F)c4)c3)cc2)c1[EOS][EOS][EOS][EOS][EOS][EOS][EOS][EOS],12638.477747440338,42
12.0,Cc1c(NC(=O)c2ccc(NC(=O)c3ccccc3)cc2)cccc1-n1cn[nH]c1=O,[BOS]Cc1c(NC(=O)c2ccc(NC(=O)c3ccccc3)cc2)cccc1-n1cn[nH]c1=O[EOS],17597.33579492569,42
11.0,O=C(O)c1cccc2nc(CCCOc3ccccc3-c3ccccc3)[nH]c12,[BOS]O=C(O)c1cccc2nc(CCCOc3ccccc3-c3ccccc3)[nH]c12[EOS],23151.68547821045,42
12.6,O=C(Nc1cccc(C(=O)Oc2ccc3c(c2)C(=O)NC3)c1)c1ccc2nc[nH]c2c1,[BOS]O=C(Oc1ccc2c(c1)C(=O)NC2)c1cccc(NC(=O)c2ccc3nc[nH]c3c2)c1[EOS],27636.338613510132,42
12.0,Fc1ccccc1OCc1cccc(-c2noc(-c3cnnn3-c3ccccc3)n2)c1,[BOS]Fc1ccccc1OCc1cccc(-c2noc(-c3cnnn3-c3ccccc3)n2)c1[EOS],32401.206072807312,42
11.7,CC(CNc1ccc([N+](=O)[O-])c(-c2nn[n-]n2)c1)c1cccc(Cl)c1O,[BOS]C[C@H](CNc1ccc([N+](=O)[O-])c(-c2nn[n-]n2)c1)c1cccc(Cl)c1O[EOS],36652.31489562988,42
12.5,CC(C)c1ccc2occ(C(=O)NC(C)c3ccc4c(c3)NC(=O)CO4)c(=O)c2c1,[BOS]CC(C)c1ccc2occ(C(=O)N[C@H](C)c3ccc4c(c3)NC(=O)CO4)c(=O)c2c1[EOS],40832.656131505966,42
12.6,O=C(NCCc1c[nH]c2ccc(F)cc12)Nc1cccc(C(=O)N2CCCCC2)c1,[BOS]O=C(NCCc1c[nH]c2ccc(F)cc12)Nc1cccc(C(=O)N2CCCCC2)c1[EOS],45894.22472047806,42
12.3,Cc1cc2cc(-c3nc(-c4cccc(OC56CCC(CC5)C6)c4)no3)ccc2[nH]1,[BOS]Cc1cc2cc(-c3nc(-c4cccc(OC56CCC(CC5)C6)c4)no3)ccc2[nH]1[EOS][EOS][EOS][EOS],49775.81010174751,42
12.3,O=C(Nc1ccc(F)c(-c2nn[n-]n2)c1)NC1CCc2cn[nH]c2C1,[BOS]O=C(Nc1ccc(F)c(-c2nn[n-]n2)c1)N[C@H]1CCc2cn[nH]c2C1[EOS],53882.43388938904,42
11.5,CC(Oc1ccc(-c2ccccc2)cc1)c1nc(Cc2nc(N)n(-c3ccccc3)n2)no1,[BOS]C[C@H](Oc1ccc(-c2ccccc2)cc1)c1nc(Cc2nc(N)n(-c3ccccc3)n2)no1[EOS][EOS][EOS][EOS][EOS][EOS][EOS][EOS],5004.582818984985,42
11.9,Cc1cc(-c2nc(-c3cncc4ccccc34)no2)ccc1NC(=O)c1ccc(Br)cc1,[BOS]Cc1cc(-c2nc(-c3cncc4ccccc34)no2)ccc1NC(=O)c1ccc(Br)cc1[EOS],9234.018140077591,42
11.7,O=C([O-])Nc1cccc(NC(=O)NCc2cccc(OC3CCCCC3)c2)c1,[BOS]O=C([O-])Nc1cccc(NC(=O)NCc2cccc(OC3CCCCC3)c2)c1[EOS],13311.655269622803,42
11.9,CC([NH2+]C1CCc2cc(Cl)ccc2C1)c1ccc2[nH]c(=O)c([S+]([O-])c3cccc(F)c3)nc2c1,[BOS]C[C@@H]([NH2+][C@@H]1CCc2cc(Cl)ccc2C1)c1ccc2[nH]c(=O)c([S+]([O-])c3cccc(F)c3)nc2c1[EOS],17497.504841566086,42
12.0,O=C([O-])c1ccc(C(=O)Nc2cccc(OCc3cccc4ccccc34)c2)[nH]1,[BOS]O=C([O-])c1ccc(C(=O)Nc2cccc(OCc3cccc4ccccc34)c2)[nH]1[EOS],21654.555329084396,42
12.5,O=C(Nc1ccc2nc(-c3cc(F)ccc3F)[nH]c2c1)c1coc(=O)c2ccccc12,[BOS]O=C(Nc1ccc2nc(-c3cc(F)ccc3F)[nH]c2c1)c1coc(=O)c2ccccc12[EOS],26236.899729013443,42
11.8,O=C(Nc1ccc(OCC2CCCO2)cc1)c1c2c(nc3ccccc13)CCC2,[BOS]O=C(Nc1ccc(OC[C@H]2CCCO2)cc1)c1c2c(nc3ccccc13)CCC2[EOS],30946.648893117905,42
11.5,Cc1cc(-c2noc(-c3cc(-c4ccccn4)c[nH]3)n2)c(C(F)(F)F)cc1[O-],[BOS]Cc1cc(-c2noc(-c3cc(-c4ccccn4)c[nH]3)n2)c(C(F)(F)F)cc1[O-][EOS],34736.978515625,42
12.2,NC(NC(=O)Cc1cccc(F)c1F)=[NH+]Cc1cc(-c2cnccn2)cc(C(F)(F)F)c1,[BOS]NC(NC(=O)Cc1cccc(F)c1F)=[NH+]Cc1cc(-c2cnccn2)cc(C(F)(F)F)c1[EOS],40018.0288875103,42
12.8,O=C(Nc1ccn(CC2CCS(=O)(=O)C2)n1)c1ccc(O)c(C(=O)NCc2cccc3[nH]ccc23)c1,[BOS]O=C(NCc1cccc2[nH]ccc12)c1cc(C(=O)Nc2ccn(C[C@@H]3CCS(=O)(=O)C3)n2)ccc1O[EOS],44713.97590303421,42
12.2,Cc1ccc(-c2nnco2)cc1NC(C)c1ccc(-c2ccccc2F)cc1,[BOS]Cc1ccc(-c2nnco2)cc1N[C@@H](C)c1ccc(-c2ccccc2F)cc1[EOS],48959.967374801636,42
11.6,O=C(NCCc1cccc([N+](=O)[O-])c1)NC1CCCc2[nH]c(=O)ccc21,[BOS]O=C(NCCc1cccc([N+](=O)[O-])c1)N[C@@H]1CCCc2[nH]c(=O)ccc21[EOS],53411.049132823944,42
11.6,O=C(Cc1cccc(C(F)F)c1)NNC(=O)c1cccc2cccc(Br)c12,[BOS]O=C(Cc1cccc(C(F)F)c1)NNC(=O)c1cccc2cccc(Br)c12[EOS],4755.312480926514,42
12.4,Fc1ccc2c(c1)C([NH2+]C1CCN(c3ccc(-c4nn[n-]n4)cn3)C1)CCC2(F)F,[BOS]Fc1ccc2c(c1)C([NH2+][C@@H]1CCN(c3ccc(-c4nn[n-]n4)cn3)C1)CCC2(F)F[EOS],8791.250500917435,42
12.3,O=C(Nc1cccc(N2CCOC2=O)c1)c1cccc(-c2nnc(-c3cccc(F)c3)o2)c1,[BOS]O=C(Nc1cccc(N2CCOC2=O)c1)c1cccc(-c2nnc(-c3cccc(F)c3)o2)c1[EOS],13414.10624051094,42
12.1,O=C(CCNC(=O)Nc1ccc(C(=O)N2CCCCCC2)cc1)Nc1ccccc1-c1ccccc1,[BOS]O=C(CCNC(=O)Nc1ccc(C(=O)N2CCCCCC2)cc1)Nc1ccccc1-c1ccccc1[EOS],18758.416273355484,42
12.0,O=C(Nc1ccc(CC(=O)N2CCc3ccccc32)cc1)N1CCc2c(F)ccc(F)c2C1,[BOS]O=C(Cc1ccc(NC(=O)N2CCc3c(F)ccc(F)c3C2)cc1)N1CCc2ccccc21[EOS],23320.64243030548,42
12.2,O=[N+]([O-])c1ccc2cc(-c3ccc4cc5ccccc5cc4c3)ccc2n1,[BOS]O=[N+]([O-])c1ccc2cc(-c3ccc4cc5ccccc5cc4c3)ccc2n1[EOS],27581.841962337494,42
12.1,NC(=O)c1cccc(CCNC(=O)N2CCc3[nH]c4ccc(C(=O)[O-])cc4c3C2)c1,[BOS]NC(=O)c1cccc(CCNC(=O)N2CCc3[nH]c4ccc(C(=O)[O-])cc4c3C2)c1[EOS],32562.236104488373,42
13.0,COc1cc(-c2noc(CCCN3C(=O)c4cccc5cccc(c45)C3=O)n2)ccc1OCc1ccccc1F,[BOS]COc1cc(-c2noc(CCCN3C(=O)c4cccc5cccc(c45)C3=O)n2)ccc1OCc1ccccc1F[EOS],38111.17736697197,42
12.8,Fc1ccccc1Cc1noc(COc2cccc(-c3noc4cccc(C(F)(F)F)c34)c2)n1,[BOS]c1ccc(Cc2noc(COc3cccc(-c4noc5cccc(C(F)(F)F)c45)c3)n2)c(F)c1[EOS],43149.657922029495,42
11.8,CCC1Oc2cc(C(C)[NH2+]C3CCc4ccc(O)cc4C3)ccc2NC1=O,[BOS]CC[C@@H]1Oc2cc([C@H](C)[NH2+][C@H]3CCc4ccc(O)cc4C3)ccc2NC1=O[EOS],47528.48129200935,42
11.7,Fc1ccc2c(-c3nc(-c4ccc(OCc5cccnc5)cc4)no3)nccc2c1F,[BOS]Fc1ccc2c(-c3nc(-c4ccc(OCc5cccnc5)cc4)no3)nccc2c1F[EOS][EOS][EOS][EOS][EOS][EOS],51235.81680250168,42
13.2,Cc1cc(F)ncc1Nc1cccc(-c2ccc3c(c2)CCC3=O)c1,[BOS]Cc1cc(F)ncc1Nc1cccc(-c2ccc3c(c2)CCC3=O)c1[EOS],55439.666477680206,42
12.0,Cc1ccc2nc(C)c(-c3nc(Cc4c[nH]c5ccc(F)cc45)no3)cc2c1,[BOS]Cc1ccc2nc(C)c(-c3nc(Cc4c[nH]c5ccc(F)cc45)no3)cc2c1[EOS],4172.031531095505,42
13.6,O=C(Cc1ccc2ccccc2c1)NC1(c2ccc(NC(=O)C3C4CCCC3c3ccccc3N4)cc2)CCC1,[BOS]O=C(Cc1ccc2ccccc2c1)NC1(c2ccc(NC(=O)[C@H]3[C@@H]4CCC[C@H]3c3ccccc3N4)cc2)CCC1[EOS],10160.6855738163,42
12.4,CN1CCCC1=NS(=O)(=O)c1ccc(NS(=O)(=O)C2=Cc3ccccc3CC2)cc1,[BOS]CN1CCC/C1=N/S(=O)(=O)c1ccc(NS(=O)(=O)C2=Cc3ccccc3CC2)cc1[EOS],15207.348128318787,42
11.6,O=C(Nc1cccc(OCc2ccc(Cl)cc2)c1)c1ccc(C(=O)N2CCc3ccccc32)cc1,[BOS]O=C(Nc1cccc(OCc2ccc(Cl)cc2)c1)c1ccc(C(=O)N2CCc3ccccc32)cc1[EOS][EOS][EOS][EOS][EOS][EOS],20003.24215245247,42
12.3,Cc1nnnn1-c1cccc(NC(=O)c2cccc(NS(=O)(=O)C=Cc3ccccc3)c2)c1,[BOS]Cc1nnnn1-c1cccc(NC(=O)c2cccc(NS(=O)(=O)/C=C/c3ccccc3)c2)c1[EOS],24715.826877832413,42
12.8,Cc1nnnn1-c1cc(NC(=O)NCc2cccc(Oc3cccc4ccccc34)c2)ccc1F,[BOS]Cc1nnnn1-c1cc(NC(=O)NCc2cccc(Oc3cccc4ccccc34)c2)ccc1F[EOS],30044.43773150444,42
12.3,CC(NC(=O)Nc1cc(F)cc(-c2nn[n-]n2)c1)c1nnnn1-c1ccccc1,[BOS]C[C@@H](NC(=O)Nc1cc(F)cc(-c2nn[n-]n2)c1)c1nnnn1-c1ccccc1[EOS],34299.204323768616,42
10.7,COCC(CNC(=O)Nc1ccc2ccccc2c1)c1ccc(Cl)cc1,[BOS]COC[C@H](CNC(=O)Nc1ccc2ccccc2c1)c1ccc(Cl)cc1[EOS],38659.25713944435,42
11.3,Cc1cc(F)cc(C(C)[NH2+]C(C)Cc2ccc3c(c2)NC(=O)CO3)c1O,[BOS]Cc1cc(F)cc([C@@H](C)[NH2+][C@H](C)Cc2ccc3c(c2)NC(=O)CO3)c1O[EOS],42925.97680854797,42
11.8,N=[N+]=NCc1ccc(NCc2ccc(Oc3cccc(Nc4cccc(C(F)(F)F)c4)c3)cc2F)cc1C(F)(F)F,[BOS]N=[N+]=NCc1ccc(NCc2ccc(Oc3cccc(Nc4cccc(C(F)(F)F)c4)c3)cc2F)cc1C(F)(F)F[EOS][EOS][EOS][EOS],48233.44026684761,42
12.0,Cc1cc(NC(=O)C(=O)NC2(c3ncon3)CCCC2)c2cccnc2c1C,[BOS]Cc1cc(NC(=O)C(=O)NC2(c3ncon3)CCCC2)c2cccnc2c1C[EOS],53135.19658923149,42
11.3,CC(NC(=O)Cc1ccc2c(c1)CCC2)(C(=O)O)c1cccc(Cl)c1,[BOS]C[C@@](NC(=O)Cc1ccc2c(c1)CCC2)(C(=O)O)c1cccc(Cl)c1[EOS],56954.688148498535,42
11.1,CC(CNC(=O)CCn1[nH]c(=O)c2ccccc2c1=O)c1nc(-c2ccccc2)no1,[BOS]C[C@H](CNC(=O)CCn1[nH]c(=O)c2ccccc2c1=O)c1nc(-c2ccccc2)no1[EOS][EOS][EOS][EOS],4985.236982345581,42
12.3,O=C(NCc1ccc2c(c1)CCC2)C1CCN(C(=O)OCC2c3ccccc3-c3ccccc32)C1,[BOS]O=C(NCc1ccc2c(c1)CCC2)[C@H]1CCN(C(=O)OCC2c3ccccc3-c3ccccc32)C1[EOS],10329.898709774017,42
12.9,O=C(OC1CCc2ccc(OC(F)(F)F)cc21)c1ccc(F)c2ncccc12,[BOS]O=C(O[C@H]1CCc2ccc(OC(F)(F)F)cc21)c1ccc(F)c2ncccc12[EOS],14725.366159200668,42
12.3,CC([NH2+]C1CCc2cc(F)c(F)cc2C1)c1cc(C(F)(F)F)cc(C(F)(F)F)c1,[BOS]C[C@H]([NH2+][C@@H]1CCc2cc(F)c(F)cc2C1)c1cc(C(F)(F)F)cc(C(F)(F)F)c1[EOS],18389.778414726257,42
11.8,Cc1cc(CNC(=O)Nc2cccc3c(=O)[nH]ccc23)cc(NC(=O)OC(C)(C)C)c1,[BOS]Cc1cc(CNC(=O)Nc2cccc3c(=O)[nH]ccc23)cc(NC(=O)OC(C)(C)C)c1[EOS],22827.628486394882,42
12.2,O=C(COc1ccc2c(c1)OCCCO2)Nc1ccc(C(=O)Nc2cccc(C(F)(F)F)c2F)cc1,[BOS]O=C(COc1ccc2c(c1)OCCCO2)Nc1ccc(C(=O)Nc2cccc(C(F)(F)F)c2F)cc1[EOS],27697.214959144592,42
12.0,O=C(NCCn1cc(-c2nn[n-]n2)c(=O)[nH]c1=O)C1CC1c1ccc(C(F)(F)F)cc1,[BOS]O=C(NCCn1cc(-c2nn[n-]n2)c(=O)[nH]c1=O)[C@H]1C[C@H]1c1ccc(C(F)(F)F)cc1[EOS],32386.98524093628,42
11.0,Cc1cc(Oc2ccccc2F)ccc1NC(=O)c1ccc2c(=O)n3c(nc2c1)CCCCC3,[BOS]Cc1cc(Oc2ccccc2F)ccc1NC(=O)c1ccc2c(=O)n3c(nc2c1)CCCCC3[EOS],37284.04024934769,42
11.6,NC(=O)c1cccc(CC[NH2+]Cc2cccc(OCc3ccccc3-c3nn[n-]n3)c2)c1,[BOS]NC(=O)c1cccc(CC[NH2+]Cc2cccc(OCc3ccccc3-c3nn[n-]n3)c2)c1[EOS],42305.258692741394,42
11.5,CC(C)c1cccc(NC(=O)c2ccc(NC(=O)c3cc(-c4ccccc4)on3)cc2Cl)c1Cl,[BOS]CC(C)c1cccc(NC(=O)c2ccc(NC(=O)c3cc(-c4ccccc4)on3)cc2Cl)c1Cl[EOS][EOS][EOS][EOS][EOS][EOS],46810.234552145004,42
12.7,O=C(Nc1cccc(COc2cccc(F)c2)c1)C1(c2cc(F)cc(-c3nn[n-]n3)c2)CC1,[BOS]O=C(Nc1cccc(COc2cccc(F)c2)c1)C1(c2cc(F)cc(-c3nn[n-]n3)c2)CC1[EOS],52058.96622467041,42
12.2,CC(CC(=O)Nc1cccc(C(=O)Nc2cccc(F)c2)c1)N=C1NS(=O)(=O)c2ccccc21,[BOS]C[C@H](CC(=O)Nc1cccc(C(=O)Nc2cccc(F)c2)c1)/N=C1/NS(=O)(=O)c2ccccc21[EOS][EOS][EOS][EOS][EOS][EOS][EOS][EOS],56083.88557600975,42
12.4,O=S(=O)(Nc1cc(-n2cnnn2)c2ccccc2c1)C1=Cc2cc(F)ccc2OC1,[BOS]O=S(=O)(Nc1cc(-n2cnnn2)c2ccccc2c1)C1=Cc2cc(F)ccc2OC1[EOS],4481.3180339336395,42
11.7,Cc1cnnn1-c1ccc(NC(=O)c2cccc3[nH]c(=O)n(C)c23)cc1,[BOS]Cc1cnnn1-c1ccc(NC(=O)c2cccc3[nH]c(=O)n(C)c23)cc1[EOS],8843.977321147919,42
11.2,Cc1nc2cc(C(=O)OCc3cccc(C(=O)Nc4ccccc4)c3)ccc2n1-c1ccccc1,[BOS]Cc1nc2cc(C(=O)OCc3cccc(C(=O)Nc4ccccc4)c3)ccc2n1-c1ccccc1[EOS][EOS][EOS][EOS][EOS][EOS][EOS],13631.887650728226,42
11.6,CC1(C)NC(=O)N(c2cccc(NC(=O)c3cn(-c4cccc(C(F)(F)F)c4)nn3)c2)C1=O,[BOS]CC1(C)NC(=O)N(c2cccc(NC(=O)c3cn(-c4cccc(C(F)(F)F)c4)nn3)c2)C1=O[EOS][EOS][EOS][EOS][EOS][EOS][EOS][EOS],18203.213802576065,42
11.6,Cc1cc(CNC(=O)Nc2cc(-c3ccccc3F)on2)ccc1-c1ccccc1,[BOS]Cc1cc(CNC(=O)Nc2cc(-c3ccccc3F)on2)ccc1-c1ccccc1[EOS],22419.553942918777,42
11.8,CC1CC=C(C(=O)Nc2ccc3c(c2)S(=O)(=O)NC3=O)CC1,[BOS]C[C@@H]1CC=C(C(=O)Nc2ccc3c(c2)S(=O)(=O)NC3=O)CC1[EOS],26100.337834835052,42
12.1,O=C(NC1CCC(C(=O)Nc2cc(C(=O)[O-])c3ccccc3c2)CC1)c1ccccc1,[BOS]O=C([O-])c1cc(NC(=O)C2CCC(NC(=O)c3ccccc3)CC2)cc2ccccc12[EOS],30121.298932552338,42
11.5,CCC1CCC([NH2+]C(C)c2ccc(-c3cccc(-c4nn[n-]n4)c3)cc2)C(=O)N1,[BOS]CC[C@H]1CC[C@@H]([NH2+][C@H](C)c2ccc(-c3cccc(-c4nn[n-]n4)c3)cc2)C(=O)N1[EOS],34431.780653476715,42
12.9,CC(NC(=O)Nc1ccc2ccc(=O)n(C)c2c1)c1cccc(NC(=O)c2ccccc2)c1,[BOS]C[C@H](NC(=O)Nc1ccc2ccc(=O)n(C)c2c1)c1cccc(NC(=O)c2ccccc2)c1[EOS],38813.77609086037,42
11.0,Brc1cccc(-c2nc(Cc3noc(C4CCCC5CCCCC54)n3)co2)c1,[BOS]Brc1cccc(-c2nc(Cc3noc([C@@H]4CCC[C@H]5CCCC[C@@H]54)n3)co2)c1[EOS],42884.7795214653,42
13.5,O=C(Nc1ccc(F)c(-c2nnc3n2CCCCC3)c1)c1ccc2[nH]c3c(c2c1)CCCC3,[BOS]O=C(Nc1ccc(F)c(-c2nnc3n2CCCCC3)c1)c1ccc2[nH]c3c(c2c1)CCCC3[EOS],47454.9625852108,42
12.6,O=C(CCn1c(=O)[nH]c(=O)c2ccccc21)Nc1ccc2nc(Oc3ccccc3Cl)ccc2c1,[BOS]O=C(CCn1c(=O)[nH]c(=O)c2ccccc21)Nc1ccc2nc(Oc3ccccc3Cl)ccc2c1[EOS],52548.073238134384,42
12.3,O=c1[nH]c(CCCc2c[nH]c3ccccc23)c([O-])nc1-c1ccc2nc(-c3ccc(F)cc3)oc2c1,[BOS]O=c1[nH]c(CCCc2c[nH]c3ccccc23)c([O-])nc1-c1ccc2nc(-c3ccc(F)cc3)oc2c1[EOS],5228.839254617691,42
12.7,Fc1ccc(C[NH+]2CCCC(c3cc4ccccc4[nH]3)C2)c(-c2nn[n-]n2)c1,[BOS]Fc1ccc(C[NH+]2CCC[C@H](c3cc4ccccc4[nH]3)C2)c(-c2nn[n-]n2)c1[EOS],9014.104933977127,42
12.5,O=C(COc1cccc(NC(=O)c2cccc3ccccc23)n1)c1ccc(Oc2ccccc2)cc1,[BOS]O=C(Nc1cccc(OCC(=O)c2ccc(Oc3ccccc3)cc2)n1)c1cccc2ccccc12[EOS],14535.641401290894,42
12.4,OC(c1cccc(C(F)(F)F)c1)c1nc2ccc(C(O)c3cccc(-c4ccc(Cl)c(F)c4)c3F)cc2[nH]1,[BOS]O[C@@H](c1cccc(C(F)(F)F)c1)c1nc2ccc([C@@H](O)c3cccc(-c4ccc(Cl)c(F)c4)c3F)cc2[nH]1[EOS],19046.356521844864,42
12.2,Fc1ccc2cc(-c3nc(-c4cnc5cc(Br)ccc5c4)no3)ccc2c1F,[BOS]Fc1ccc2cc(-c3nc(-c4cnc5cc(Br)ccc5c4)no3)ccc2c1F[EOS],22704.12500023842,42
11.9,NC(=O)C(Cc1cc(OC(c2ccccc2)c2ccccn2)ccc1F)c1ccccc1F,[BOS]NC(=O)[C@@H](Cc1cc(O[C@H](c2ccccc2)c2ccccn2)ccc1F)c1ccccc1F[EOS],28107.769376516342,42
12.2,Cc1cccc(Cn2ccc(=NC(=O)C3CCc4nnc(-c5ccccc5)n4C3)[nH]2)c1,[BOS]Cc1cccc(Cn2ccc(=NC(=O)C3CCc4nnc(-c5ccccc5)n4C3)[nH]2)c1[EOS],32714.66130232811,42
12.2,Cc1cc(NC(=O)c2cccc(-c3noc(C4CCC(=O)N4)n3)c2)c2cccc(C)c2n1,[BOS]Cc1cc(NC(=O)c2cccc(-c3noc([C@@H]4CCC(=O)N4)n3)c2)c2cccc(C)c2n1[EOS],36933.280510902405,42
11.8,Cc1c(C(=O)Nc2ccc(=O)n(Cc3cccc(Cl)c3)c2)sc2cc(F)c(F)cc12,[BOS]Cc1c(C(=O)Nc2ccc(=O)n(Cc3cccc(Cl)c3)c2)sc2cc(F)c(F)cc12[EOS],41455.863296985626,42
12.3,CC(=O)N1CC2CCCC(NC(=O)c3ccc4c(N)nc(Cl)nc4c3)C2C1,[BOS]CC(=O)N1C[C@@H]2CCC[C@@H](NC(=O)c3ccc4c(N)nc(Cl)nc4c3)[C@H]2C1[EOS],45710.13962340355,42
11.9,O=C(NCC1(c2cccc(C(F)(F)F)c2)CC1)NC1CCc2cc(O)ccc2C1,[BOS]O=C(NCC1(c2cccc(C(F)(F)F)c2)CC1)N[C@@H]1CCc2cc(O)ccc2C1[EOS],50661.13388419151,42
11.5,CC1CC(NC(=O)CN2C(=O)C(F)(F)Oc3ccccc32)C[NH+]1Cc1ccccc1,[BOS]C[C@@H]1C[C@H](NC(=O)CN2C(=O)C(F)(F)Oc3ccccc32)C[NH+]1Cc1ccccc1[EOS],54994.07706999779,42
10.6,CN1CCC(NC(=O)C(=O)NC2Cc3ccc(-c4nn[n-]n4)cc3C2)C1=O,[BOS]CN1CC[C@H](NC(=O)C(=O)N[C@@H]2Cc3ccc(-c4nn[n-]n4)cc3C2)C1=O[EOS],3961.601090669632,42
12.5,CC(OC(=O)c1cc2nc(-n3cccc3)ccc2[nH]1)C(=O)c1cccc2c1CS(=O)(=O)C2,[BOS]C[C@H](OC(=O)c1cc2nc(-n3cccc3)ccc2[nH]1)C(=O)c1cccc2c1CS(=O)(=O)C2[EOS],8938.31355381012,42
12.2,CC(NC(=O)Nc1ccc(C(N)=O)c(C(F)(F)F)c1)C1(c2ccccc2)CCCC1,[BOS]C[C@H](NC(=O)Nc1ccc(C(N)=O)c(C(F)(F)F)c1)C1(c2ccccc2)CCCC1[EOS],13364.456795930862,42
12.5,O=C(NCC1CCCc2ccccc21)C(=O)Nc1ccc2c(c1)OC1(CCN(c3ccncn3)CC1)O2,[BOS]O=C(NC[C@@H]1CCCc2ccccc21)C(=O)Nc1ccc2c(c1)OC1(CCN(c3ccncn3)CC1)O2[EOS],18039.850915193558,42
12.0,O=C(Nc1cccc(N2CCCS2(=O)=O)c1)C1CC(=O)N(Cc2cccc(C(F)(F)F)c2)C1,[BOS]O=C1C[C@@H](C(=O)Nc2cccc(N3CCCS3(=O)=O)c2)CN1Cc1cccc(C(F)(F)F)c1[EOS],22515.12685728073,42
12.5,O=C(NCc1ccc(C(=O)NCC2CCCO2)cc1)Nc1ccc2c(c1)CCNC2=O,[BOS]O=C(NCc1ccc(C(=O)NC[C@H]2CCCO2)cc1)Nc1ccc2c(c1)CCNC2=O[EOS],28009.241419792175,42
11.8,CC(NC(=O)NCc1cccc(NC(=O)C2CCCCC2)c1)C(=O)N1c2ccccc2CC1C,[BOS]C[C@H](NC(=O)NCc1cccc(NC(=O)C2CCCCC2)c1)C(=O)N1c2ccccc2C[C@H]1C[EOS],32938.84539604187,42
11.7,CC(Cc1ccc(O)c(O)c1)Nc1ccc(-c2nn[n-]n2)c(C(F)(F)F)c1,[BOS]C[C@H](Cc1ccc(O)c(O)c1)Nc1ccc(-c2nn[n-]n2)c(C(F)(F)F)c1[EOS],37666.11569356918,42
11.6,O=C(NCCCc1nc(-c2ccc(Cn3cnc4ccccc43)cc2)no1)c1n[nH]c2ccccc12,[BOS]O=C(NCCCc1nc(-c2ccc(Cn3cnc4ccccc43)cc2)no1)c1n[nH]c2ccccc12[EOS],43082.749217033386,42
11.3,CCC(CNC(=O)CC1C(=O)Nc2ccc(F)cc21)c1cccc(C(F)(F)F)c1,[BOS]CC[C@H](CNC(=O)C[C@@H]1C(=O)Nc2ccc(F)cc21)c1cccc(C(F)(F)F)c1[EOS],47768.19198870659,42
11.1,CC(CO)(NC(=O)c1ccn(-c2cccc(-c3nn[n-]n3)c2)n1)c1ccccc1,[BOS]C[C@](NC(=O)c1ccn(-c2cccc(-c3nn[n-]n3)c2)n1)(CO)c1ccccc1[EOS],52215.699964523315,42
12.9,CC(NC(=O)Nc1cccc(C(=O)N2CCCCC2)c1)c1ccc(NC(=O)c2ccc(F)cc2)cc1,[BOS]C[C@@H](NC(=O)Nc1cccc(C(=O)N2CCCCC2)c1)c1ccc(NC(=O)c2ccc(F)cc2)cc1[EOS],56905.71952986717,42
12.8,CC([NH2+]C1CCc2cc(F)ccc21)C(=O)N1CCc2[nH]c3ccccc3c2C1,[BOS]C[C@@H]([NH2+][C@@H]1CCc2cc(F)ccc21)C(=O)N1CCc2[nH]c3ccccc3c2C1[EOS],4094.5266604423523,42
12.4,O=C(Nc1ccc(-n2ncc3ccccc32)cc1)c1csc(-c2ccc3c(c2)OCCCO3)n1,[BOS]O=C(Nc1ccc(-n2ncc3ccccc32)cc1)c1csc(-c2ccc3c(c2)OCCCO3)n1[EOS],8808.232629060745,42
12.7,O=C(NCC(O)c1cccc2ccccc12)Nc1cccc(C(=O)Nc2cccc(C(F)(F)F)c2)c1,[BOS]O=C(NC[C@H](O)c1cccc2ccccc12)Nc1cccc(C(=O)Nc2cccc(C(F)(F)F)c2)c1[EOS],13840.427578926086,42
11.8,Fc1nc(-c2ccc(Oc3ccc(C(F)(F)F)cc3)cc2Cl)c2cccnc2n1,[BOS]Fc1nc(-c2ccc(Oc3ccc(C(F)(F)F)cc3)cc2Cl)c2cccnc2n1[EOS],17836.34453845024,42
11.6,NC(=O)c1ccc(CCC(=O)Nc2ccnn2Cc2cccc3ccccc23)cc1,[BOS]NC(=O)c1ccc(CCC(=O)Nc2ccnn2Cc2cccc3ccccc23)cc1[EOS],22381.589142799377,42
10.3,Cc1conc1C(=O)NC1CC([NH2+]C(C)c2nc3ccccc3o2)C1,[BOS]Cc1conc1C(=O)N[C@H]1C[C@H]([NH2+][C@@H](C)c2nc3ccccc3o2)C1[EOS],26612.5558655262,42
11.3,CC(=Cc1ccc([N+](=O)[O-])cc1)c1nc(-c2cncc(C)c2)no1,[BOS]Cc1cncc(-c2noc(C(C)=Cc3ccc([N+](=O)[O-])cc3)n2)c1[EOS],30223.731539726257,42
12.6,Cc1cc(-c2noc(C(C)Cc3ccnc4[nH]ccc34)n2)cnc1-c1ccc2c(c1)OCCC1(CC1)CO2,[BOS]Cc1cc(-c2noc([C@H](C)Cc3ccnc4[nH]ccc34)n2)cnc1-c1ccc2c(c1)OCCC1(CC1)CO2[EOS],34858.66161131859,42
11.5,CC([NH2+]C1CCC(c2ccc(O)cc2)CC1)c1cc(C(=O)[O-])cc([N+](=O)[O-])c1Cl,[BOS]C[C@@H]([NH2+]C1CCC(c2ccc(O)cc2)CC1)c1cc(C(=O)[O-])cc([N+](=O)[O-])c1Cl[EOS],39302.90742135048,42
12.3,O=C(Nc1ccc(OCc2cccc(-c3nn[n-]n3)c2)c(F)c1)c1cc2c([nH]1)CCCC2,[BOS]O=C(Nc1ccc(OCc2cccc(-c3nn[n-]n3)c2)c(F)c1)c1cc2c([nH]1)CCCC2[EOS],44126.08836054802,42
12.0,O=C(C[NH2+]C(c1ccc(F)cc1)c1cccnc1)NCC(c1ccccc1)c1c[nH]c2ccccc12,[BOS]O=C(C[NH2+][C@H](c1ccc(F)cc1)c1cccnc1)NC[C@@H](c1ccccc1)c1c[nH]c2ccccc12[EOS],49563.48894453049,42
11.5,Cc1nc2ccccc2nc1C[NH+]1CCCC(C(=O)Nc2ccc(Cl)cn2)C1,[BOS]Cc1nc2ccccc2nc1C[NH+]1CCC[C@@H](C(=O)Nc2ccc(Cl)cn2)C1[EOS],53737.71637225151,42
12.0,CC(NC(=O)C1[NH2+]CCc2ccccc21)c1ccc(C(=O)Nc2ccnc3[nH]ccc23)cc1,[BOS]C[C@@H](NC(=O)[C@H]1[NH2+]CCc2ccccc21)c1ccc(C(=O)Nc2ccnc3[nH]ccc23)cc1[EOS],4279.980514526367,42
12.9,O=C(Nc1ccc(CC(=O)N2CCc3ccccc32)cc1)NC1CCc2cc(O)ccc2C1,[BOS]O=C(Nc1ccc(CC(=O)N2CCc3ccccc32)cc1)N[C@@H]1CCc2cc(O)ccc2C1[EOS],9463.699072599411,42
12.5,CC(Oc1ccc2ccccc2c1)C(O)=NCc1cccc(N2C(=O)C3CCCCCC3C2=O)c1,[BOS]C[C@@H](Oc1ccc2ccccc2c1)C(O)=NCc1cccc(N2C(=O)[C@H]3CCCCC[C@@H]3C2=O)c1[EOS],14710.966505527496,42
12.1,Cc1ccc(Oc2cccc(CC(=O)OCc3nc(N)nc(Nc4ccccc4C)n3)c2)cc1,[BOS]Cc1ccc(Oc2cccc(CC(=O)OCc3nc(N)nc(Nc4ccccc4C)n3)c2)cc1[EOS][EOS],19507.98450088501,42
11.2,CC(Cc1ccccc1F)NC(=O)c1cccc(-n2nccc2-c2ccccc2)c1,[BOS]C[C@@H](Cc1ccccc1F)NC(=O)c1cccc(-n2nccc2-c2ccccc2)c1[EOS],24112.330255270004,42
11.8,CC(c1ccc(NC(=O)c2cc(F)c(F)c(F)c2F)cc1)c1cccnc1,[BOS]C[C@H](c1ccc(NC(=O)c2cc(F)c(F)c(F)c2F)cc1)c1cccnc1[EOS],28746.823153972626,42
11.4,O=C(NCCc1ccc2ccccc2c1)NC(c1ccccc1)C1CCCCC1,[BOS]O=C(NCCc1ccc2ccccc2c1)N[C@@H](c1ccccc1)C1CCCCC1[EOS],33671.959256887436,42
12.0,CC1(c2nnc(-c3cc(F)cc(-c4nn[n-]n4)c3)o2)CCC(F)(F)CC1,[BOS]CC1(c2nnc(-c3cc(F)cc(-c4nn[n-]n4)c3)o2)CCC(F)(F)CC1[EOS],37741.9791097641,42
11.0,O=[N+]([O-])c1ccc(NS(=O)(=O)Cc2ccc(Cl)cc2F)cc1-c1nn[n-]n1,[BOS]O=[N+]([O-])c1ccc(NS(=O)(=O)Cc2ccc(Cl)cc2F)cc1-c1nn[n-]n1[EOS][EOS][EOS][EOS][EOS][EOS][EOS][EOS],41961.59612035751,42
13.0,O=C(NCCc1cccc2ccccc12)c1ccc(NC(=O)C2CC(=O)c3ccccc32)c(C(F)(F)F)c1,[BOS]O=C(NCCc1cccc2ccccc12)c1ccc(NC(=O)[C@H]2CC(=O)c3ccccc32)c(C(F)(F)F)c1[EOS],47633.723195791245,42
12.4,O=C(NCC1CCCC12NC(=O)NC2=O)NC1(c2cccc(-c3nn[n-]n3)c2)CC1,[BOS]O=C(NC[C@@H]1CCC[C@@]12NC(=O)NC2=O)NC1(c2cccc(-c3nn[n-]n3)c2)CC1[EOS],52377.89183831215,42
11.8,Cc1nc2ccc(-c3nc(-c4ccc5c(c4)CCC5N=C(O)c4n[nH]c5c4CCC5)no3)cc2[nH]1,[BOS]Cc1nc2ccc(-c3nc(-c4ccc5c(c4)CCC5N=C(O)c4n[nH]c5c4CCC5)no3)cc2[nH]1[EOS][EOS][EOS],55737.617087841034,42
13.2,O=c1ccc2ccc(OC3c4ccccc4-c4ccccc43)nc2[nH]1,[BOS]O=c1ccc2ccc(O[C@@H]3c4ccccc4-c4ccccc43)nc2[nH]1[EOS],3726.3424229621887,42
12.6,CC(=O)N1CCc2c(NC(=O)NC(C)c3ccc(OCc4cccc(C)c4)cc3)cccc21,[BOS]CC(=O)N1CCc2c(NC(=O)N[C@H](C)c3ccc(OCc4cccc(C)c4)cc3)cccc21[EOS],8770.240415811539,42
11.6,CC1(CNC(=O)NCc2ccc(NC(=O)c3ccc(F)cc3)cc2)CCOC2(CCC2)C1,[BOS]C[C@@]1(CNC(=O)NCc2ccc(NC(=O)c3ccc(F)cc3)cc2)CCOC2(CCC2)C1[EOS],13918.474026679993,42
12.2,O=C(NCC(O)c1ccc2ccccc2c1)c1ccc2c(c1)C(=O)N(c1ccc(Cl)c(Cl)c1)C2=O,[BOS]O=C(NC[C@@H](O)c1ccc2ccccc2c1)c1ccc2c(c1)C(=O)N(c1ccc(Cl)c(Cl)c1)C2=O[EOS],19212.21904373169,42
11.8,O=C(CCn1ccc2ccc(F)cc21)Nc1cc(C(F)(F)c2ccccc2)ccc1O,[BOS]O=C(CCn1ccc2ccc(F)cc21)Nc1cc(C(F)(F)c2ccccc2)ccc1O[EOS],23851.20246577263,42
11.5,Cc1cc2cc[nH]c2cc1NC(=O)NC(C)c1cnn(-c2ccc(F)cc2)c1C,[BOS]Cc1c([C@@H](C)NC(=O)Nc2cc3[nH]ccc3cc2C)cnn1-c1ccc(F)cc1[EOS],28290.62757205963,42
12.0,Cn1nc(C(=O)Oc2cccc(CN3C(=O)c4ccccc4C3=O)c2)c2ccccc2c1=O,[BOS]Cn1nc(C(=O)Oc2cccc(CN3C(=O)c4ccccc4C3=O)c2)c2ccccc2c1=O[EOS],33078.86339497566,42
12.2,Cc1cnc2ccccc2c1NC(=O)NC(C)c1noc(Cc2ccccc2)n1,[BOS]Cc1cnc2ccccc2c1NC(=O)N[C@H](C)c1noc(Cc2ccccc2)n1[EOS],37542.30500507355,42
12.0,O=C(Nc1nc2c(Cl)cccc2[nH]1)c1cccc(NS(=O)(=O)c2ccc3nnn(O)c3c2)c1,[BOS]O=C(Nc1nc2c(Cl)cccc2[nH]1)c1cccc(NS(=O)(=O)c2ccc3nnn(O)c3c2)c1[EOS],41994.66976714134,42
11.8,O=C(OCc1ncnn1-c1ccccc1)c1cccc(Oc2cccc(Cl)c2-c2nn[n-]n2)c1,[BOS]O=C(OCc1ncnn1-c1ccccc1)c1cccc(Oc2cccc(Cl)c2-c2nn[n-]n2)c1[EOS],46890.99490618706,42
10.9,Cc1ccc(NC(=O)c2ccc([N-]S(=O)(=O)c3ccc4c(c3)OCCO4)cc2)c(C)c1O,[BOS]Cc1ccc(NC(=O)c2ccc([N-]S(=O)(=O)c3ccc4c(c3)OCCO4)cc2)c(C)c1O[EOS][EOS][EOS][EOS][EOS][EOS],51050.01122403145,42
11.8,O=C1CCCCc2cc(C(=O)NC(C[NH+]3CCc4ccccc4C3)C(F)(F)F)ccc2N1,[BOS]O=C(N[C@H](C[NH+]1CCc2ccccc2C1)C(F)(F)F)c1ccc2c(c1)CCCCC(=O)N2[EOS],55450.82554912567,42
11.9,CC(NC(O)=NCc1nnnn1-c1ccccc1)c1ccc2c(c1)CCC(O)=N2,[BOS]CC(NC(O)=NCc1nnnn1-c1ccccc1)c1ccc2c(c1)CCC(O)=N2[EOS],4957.966191530228,42
13.0,O=C(Nc1ccccn1)c1cccc(NC(=O)C2CCC(=O)c3ccccc32)c1,[BOS]O=C1CC[C@H](C(=O)Nc2cccc(C(=O)Nc3ccccn3)c2)c2ccccc21[EOS],9493.136441230774,42
11.3,Cn1c(O)cc2cc(NC(=O)NC3CC3c3cc(F)c(F)c(F)c3)ccc21,[BOS]Cn1c(O)cc2cc(NC(=O)N[C@@H]3C[C@H]3c3cc(F)c(F)c(F)c3)ccc21[EOS],13466.751175642014,42
11.9,O=C(NCCc1ccc2[nH]ncc2c1)C1CCc2ccccc2C(c2ccccc2)=N1,[BOS]O=C(NCCc1ccc2[nH]ncc2c1)[C@H]1CCc2ccccc2C(c2ccccc2)=N1[EOS],17917.77367258072,42
12.3,NC(=O)NC(CC(=O)Nc1ccn(Cc2ccccc2)n1)c1cccc(Oc2c(F)cccc2Br)c1,[BOS]NC(=O)N[C@H](CC(=O)Nc1ccn(Cc2ccccc2)n1)c1cccc(Oc2c(F)cccc2Br)c1[EOS],23718.956418275833,42
13.0,O=C(Nc1ccc2c(c1)C(c1ccccc1)CCO2)C(=O)Nc1cc(C2CCCCC2)[nH]n1,[BOS]O=C(Nc1cc(C2CCCCC2)[nH]n1)C(=O)Nc1ccc2c(c1)[C@H](c1ccccc1)CCO2[EOS],27875.280131578445,42
11.6,Cc1ccc(CC(NC(=O)C(=O)Nc2cccc(CS(C)(=O)=O)c2)c2ccccn2)cc1,[BOS]Cc1ccc(C[C@@H](NC(=O)C(=O)Nc2cccc(CS(C)(=O)=O)c2)c2ccccn2)cc1[EOS][EOS][EOS][EOS][EOS][EOS][EOS],32774.70924139023,42
11.9,O=C1CCCN1Cc1cccc(CNC(=O)C2(O)CC[NH+](CCc3coc4cccc(C(F)(F)F)c34)C2)c1,[BOS]O=C1CCCN1Cc1cccc(CNC(=O)[C@@]2(O)CC[NH+](CCc3coc4cccc(C(F)(F)F)c34)C2)c1[EOS],38584.397382736206,42
12.0,Cc1ccc(CC(CO)NC(=O)Nc2ccc(C)c(S(=O)(=O)C3CCCC3)c2)cc1C,[BOS]Cc1ccc(C[C@H](CO)NC(=O)Nc2ccc(C)c(S(=O)(=O)C3CCCC3)c2)cc1C[EOS],43581.66091418266,42
12.0,CC1CCCCC1NC(=O)c1ccc(-c2ccc(N3CCc4ccccc4C3)c(Cl)c2)o1,[BOS]C[C@H]1CCCC[C@H]1NC(=O)c1ccc(-c2ccc(N3CCc4ccccc4C3)c(Cl)c2)o1[EOS],47706.50180745125,42
10.9,CCc1cccc(CC(=O)NC2CCC(CNC(=O)c3cccnn3)C2)c1,[BOS]CCc1cccc(CC(=O)N[C@@H]2CC[C@H](CNC(=O)c3cccnn3)C2)c1[EOS],52247.3844704628,42
12.1,CC(CC(=O)c1cccc(F)c1)c1nc(C2(c3cc(F)cc(F)c3)CCCCC2)no1,[BOS]C[C@@H](CC(=O)c1cccc(F)c1)c1nc(C2(c3cc(F)cc(F)c3)CCCCC2)no1[EOS],56482.55203604698,42
11.4,CC(CNc1ncc2ccccc2n1)CC(C)(C)CC[NH+]1CCCC(c2n[nH]c3c2C[NH2+]CC3)C1,[BOS]C[C@@H](CNc1ncc2ccccc2n1)CC(C)(C)CC[NH+]1CCC[C@H](c2n[nH]c3c2C[NH2+]CC3)C1[EOS],4462.852000951767,42
11.4,CC1CCc2[nH]c3ccc(C(=O)NCc4ccnc(-n5cncn5)c4)cc3c2C1,[BOS]C[C@@H]1CCc2[nH]c3ccc(C(=O)NCc4ccnc(-n5cncn5)c4)cc3c2C1[EOS],8664.694689035416,42
11.9,Fc1ccc2c(c1)CC([NH2+]C1CCN(c3ccc(C(F)(F)F)cn3)C1)CCC2,[BOS]Fc1ccc2c(c1)C[C@H]([NH2+][C@H]1CCN(c3ccc(C(F)(F)F)cn3)C1)CCC2[EOS],12269.919190883636,42
12.9,Cc1ccc2c(c1)CCC(C(=O)Nc1cccc3c(=O)cc(-c4nn[n-]n4)oc13)O2,[BOS]Cc1ccc2c(c1)CC[C@H](C(=O)Nc1cccc3c(=O)cc(-c4nn[n-]n4)oc13)O2[EOS],16073.921359062195,42
11.4,O=S(=O)(NCc1cccc2cnccc12)c1ccc2nc(-c3ccccc3)oc2c1,[BOS]O=S(=O)(NCc1cccc2cnccc12)c1ccc2nc(-c3ccccc3)oc2c1[EOS],20793.66533255577,42
11.8,CC(=O)Nc1cc(NCc2ccc(F)c(-c3nn[n-]n3)c2)c2cccc(F)c2[nH+]1,[BOS]CC(=O)Nc1cc(NCc2ccc(F)c(-c3nn[n-]n3)c2)c2cccc(F)c2[nH+]1[EOS],24979.0261054039,42
11.7,Cc1ccc2oc(CNC(=O)Nc3ccc(C)c(N4CCCC4)c3)cc2c1,[BOS]Cc1ccc2oc(CNC(=O)Nc3ccc(C)c(N4CCCC4)c3)cc2c1[EOS],29182.02044916153,42
12.6,O=C(Nc1ccccc1)Nc1ccc(-c2noc(CN3c4cccc5cccc(c45)S3(=O)=O)n2)cc1,[BOS]O=C(Nc1ccccc1)Nc1ccc(-c2noc(CN3c4cccc5cccc(c45)S3(=O)=O)n2)cc1[EOS],34301.94722914696,42
12.3,O=[N+]([O-])c1cccc2c1CCC2[NH2+]C1CCN(c2ccc(C(F)(F)F)cc2)C1,[BOS]O=[N+]([O-])c1cccc2c1CC[C@H]2[NH2+][C@@H]1CCN(c2ccc(C(F)(F)F)cc2)C1[EOS],39241.11986231804,42
13.2,O=C(Cc1ccc2ccccc2c1)Nc1cccc(CNC(=O)N2CCc3ccccc3C2)c1,[BOS]O=C(Cc1ccc2ccccc2c1)Nc1cccc(CNC(=O)N2CCc3ccccc3C2)c1[EOS],44805.96072459221,42
13.8,O=c1oc2ccc(C[NH2+]CCc3cccc(-c4ccccc4)c3)cc2cc1-c1csc(-c2ccc3ccccc3n2)n1,[BOS]O=c1oc2ccc(C[NH2+]CCc3cccc(-c4ccccc4)c3)cc2cc1-c1csc(-c2ccc3ccccc3n2)n1[EOS],50048.97346687317,42
12.4,Cc1ccc(C(F)(F)F)cc1-c1noc(-c2cc(F)ccc2-c2ccncc2)n1,[BOS]Cc1ccc(C(F)(F)F)cc1-c1noc(-c2cc(F)ccc2-c2ccncc2)n1[EOS],54074.122754096985,42
11.8,O=C(NCC(O)c1ccoc1)Nc1cccc(N2C(=O)c3ccccc3C2=O)c1,[BOS]O=C(NC[C@H](O)c1ccoc1)Nc1cccc(N2C(=O)c3ccccc3C2=O)c1[EOS],4750.4040422439575,42
12.3,Cc1cc(C(=O)NNc2nc3ccccc3cc2C)c2ccc(Br)cc2n1,[BOS]Cc1cc(C(=O)NNc2nc3ccccc3cc2C)c2ccc(Br)cc2n1[EOS],8872.629637241364,42
11.3,O=C(Nc1ccc(-c2ncc(COC(=O)c3c4ccccc4cc4ccccc34)[nH]2)cc1)c1cocn1,[BOS]O=C(OCc1cnc(-c2ccc(NC(=O)c3cocn3)cc2)[nH]1)c1c2ccccc2cc2ccccc12[EOS][EOS][EOS],13762.968428373337,42
11.4,O=C(NC1CCC(NC(=O)c2cc(=O)n3c(nc4ccccc43)[nH]2)CC1)OCc1ccccc1,[BOS]O=C(N[C@H]1CC[C@H](NC(=O)c2cc(=O)n3c(nc4ccccc43)[nH]2)CC1)OCc1ccccc1[EOS][EOS][EOS][EOS][EOS][EOS],18001.39670276642,42
11.4,Cc1ccnc(Oc2cc(NS(=O)(=O)c3cccc(C(=O)NCC(F)(F)F)c3)ccc2C)c1,[BOS]Cc1ccnc(Oc2cc(NS(=O)(=O)c3cccc(C(=O)NCC(F)(F)F)c3)ccc2C)c1[EOS][EOS][EOS][EOS][EOS],22783.110321998596,42
12.0,O=C(NCC1CC(c2ccc3c(c2)CCO3)=NO1)c1cccc2cc(O)ccc12,[BOS]O=C(NC[C@@H]1CC(c2ccc3c(c2)CCO3)=NO1)c1cccc2cc(O)ccc12[EOS],27604.53298187256,42
13.1,CC(Nc1cccc(-c2nc3ccccc3n2C)c1)C(O)=NC(O)=Nc1ccc2c(c1)C(C)(C)CCC2(C)C,[BOS]C[C@H](Nc1cccc(-c2nc3ccccc3n2C)c1)C(O)=NC(O)=Nc1ccc2c(c1)C(C)(C)CCC2(C)C[EOS],33391.14695286751,42
11.6,CC(OC(=O)c1cc2ccccc2oc1=O)c1ccc(NC(=O)c2ccccc2)cc1,[BOS]C[C@@H](OC(=O)c1cc2ccccc2oc1=O)c1ccc(NC(=O)c2ccccc2)cc1[EOS],38168.91246962547,42
12.6,O=C1Cc2cc(NC(=O)NCc3cccc(Oc4cccc5ccccc45)c3)c(F)cc2N1,[BOS]O=C1Cc2cc(NC(=O)NCc3cccc(Oc4cccc5ccccc45)c3)c(F)cc2N1[EOS],42891.00103855133,42
11.7,O=C(CC[NH2+]C1C2CCc3ccccc3C21)N1CCN(c2cccc[nH+]2)CC1,[BOS]O=C(CC[NH2+][C@@H]1[C@@H]2CCc3ccccc3[C@H]21)N1CCN(c2cccc[nH+]2)CC1[EOS],47705.90355968475,42
13.0,O=C(Nc1cccc(NC(=O)C2CC(=O)c3ccccc32)c1)c1cccc(C(F)(F)F)c1,[BOS]O=C(Nc1cccc(NC(=O)[C@@H]2CC(=O)c3ccccc32)c1)c1cccc(C(F)(F)F)c1[EOS],52422.9753139019,42
11.0,Cc1nn(-c2ccc(F)cc2)cc1CNC(=O)NC1CCCc2c(O)cccc21,[BOS]Cc1nn(-c2ccc(F)cc2)cc1CNC(=O)N[C@H]1CCCc2c(O)cccc21[EOS],56732.65300822258,42
11.6,Fc1cccc(COc2cccc(CNc3cnn(-c4cnc5ccccc5n4)c3)c2)c1F,[BOS]Fc1cccc(COc2cccc(CNc3cnn(-c4cnc5ccccc5n4)c3)c2)c1F[EOS],5173.220420360565,42
10.6,CC(C)([NH2+]Cc1ccc2occc2c1)c1ccc2c(c1)OCCO2,[BOS]CC(C)([NH2+]Cc1ccc2occc2c1)c1ccc2c(c1)OCCO2[EOS],9211.945528268814,42
12.2,NC(=O)NC(CC(=O)Nc1cccc(C(=O)c2ccccc2)c1)c1cccc(Oc2ccccc2)c1,[BOS]NC(=O)N[C@@H](CC(=O)Nc1cccc(C(=O)c2ccccc2)c1)c1cccc(Oc2ccccc2)c1[EOS],14945.526497364044,42
11.4,O=C(NCCc1ccc([N+](=O)[O-])cc1)c1ccc(CNC(=O)C23CC4CC(CC(C4)C2)C3)cc1,[BOS]O=C(NCCc1ccc([N+](=O)[O-])cc1)c1ccc(CNC(=O)C23CC4CC(CC(C4)C2)C3)cc1[EOS][EOS],19643.439314365387,42
10.8,O=C(NCCCON1C(=O)c2ccccc2C1=O)C(Cc1ccccc1)c1ccccc1,[BOS]O=C(NCCCON1C(=O)c2ccccc2C1=O)[C@@H](Cc1ccccc1)c1ccccc1[EOS][EOS][EOS][EOS][EOS][EOS],24967.323227405548,42
13.5,CC1CC(=O)CC=C1c1ccc(F)c(C(=O)Nc2cccc(C[NH+]=c3[nH]ncc4ccccc34)c2F)c1,[BOS]C[C@H]1CC(=O)CC=C1c1ccc(F)c(C(=O)Nc2cccc(C[NH+]=c3[nH]ncc4ccccc34)c2F)c1[EOS],29127.97444844246,42
11.5,CCc1occc1-c1nc(-c2cccc(S(=O)(=O)Nc3cccc(C(F)(F)F)c3)c2)no1,[BOS]CCc1occc1-c1nc(-c2cccc(S(=O)(=O)Nc3cccc(C(F)(F)F)c3)c2)no1[EOS],33282.028441905975,42
11.8,CN1C(=O)CCc2cc(NC(=O)C(=O)NCc3ncc(-c4ccccc4)[nH]3)cc(Cl)c21,[BOS]CN1C(=O)CCc2cc(NC(=O)C(=O)NCc3ncc(-c4ccccc4)[nH]3)cc(Cl)c21[EOS],37935.338215112686,42
11.7,Cc1c(CNc2nn(C(C)c3ccccc3)cc2Cl)cccc1C(=O)[O-],[BOS]Cc1c(CNc2nn([C@H](C)c3ccccc3)cc2Cl)cccc1C(=O)[O-][EOS],42552.94528079033,42
12.0,COc1ccc2cccc(CC(=O)Nc3nc4ccccc4nc3Cl)c2c1,[BOS]COc1ccc2cccc(CC(=O)Nc3nc4ccccc4nc3Cl)c2c1[EOS],46889.307960271835,42
11.6,O=C(CC1CCc2ccccc21)Nc1ccnc(Oc2ccccc2)c1,[BOS]O=C(C[C@H]1CCc2ccccc21)Nc1ccnc(Oc2ccccc2)c1[EOS],51311.213822841644,42
12.3,CC(NC(=O)Nc1cccc(C(=O)N2CCCC2)c1)c1cccc2ccccc12,[BOS]C[C@@H](NC(=O)Nc1cccc(C(=O)N2CCCC2)c1)c1cccc2ccccc12[EOS],55883.898945093155,42
12.1,Fc1cccc2c1CC([NH2+]C1CCC(c3ccc4c(c3)NCCC4)C1)CC2,[BOS]Fc1cccc2c1C[C@H]([NH2+][C@H]1CC[C@H](c3ccc4c(c3)NCCC4)C1)CC2[EOS],4285.1824543476105,42
12.0,O=C(NCCc1cc(F)cc2c1OCOC2)NCc1ccc(Oc2cccc3ccccc23)cc1,[BOS]O=C(NCCc1cc(F)cc2c1OCOC2)NCc1ccc(Oc2cccc3ccccc23)cc1[EOS],9109.392450094223,42
11.2,Cc1ccc(CNC(=O)COc2ccccc2OCc2ccccc2)cc1-c1nn[n-]n1,[BOS]Cc1ccc(CNC(=O)COc2ccccc2OCc2ccccc2)cc1-c1nn[n-]n1[EOS],14181.773310184479,42
12.7,CC1(c2cccc(NC(=O)Cc3ccnc4ccccc34)c2)NC(=O)NC1=O,[BOS]C[C@@]1(c2cccc(NC(=O)Cc3ccnc4ccccc34)c2)NC(=O)NC1=O[EOS],18900.318962812424,42
11.3,Cc1coc(-c2cccc(NC(=O)N3CC(F)(F)OC(F)(F)C3)c2)n1,[BOS]Cc1coc(-c2cccc(NC(=O)N3CC(F)(F)OC(F)(F)C3)c2)n1[EOS],23049.381360054016,42
12.8,O=C(OCc1cccc(C(=O)N2CCCCC2)c1)c1cccc(Nn2c(O)c3c(c2O)CC=CC3)c1,[BOS]O=C(OCc1cccc(C(=O)N2CCCCC2)c1)c1cccc(Nn2c(O)c3c(c2O)CC=CC3)c1[EOS],28503.831545829773,42
11.1,O=S(=O)(Cc1cccc(C(F)(F)F)c1)NCc1cccc(-c2nn[n-]n2)c1,[BOS]O=S(=O)(Cc1cccc(C(F)(F)F)c1)NCc1cccc(-c2nn[n-]n2)c1[EOS][EOS][EOS][EOS][EOS][EOS][EOS],33489.47440290451,42
12.6,O=C(NCc1cccc2c1CCCN2)c1cccc(N2C(=O)c3ccccc3C2=O)c1,[BOS]O=C(NCc1cccc2c1CCCN2)c1cccc(N2C(=O)c3ccccc3C2=O)c1[EOS],38592.975815057755,42
11.3,COC(=O)c1cc2cc(NC(=O)c3cccc4c3oc(=O)n4C)c(F)cc2[nH]1,[BOS]COC(=O)c1cc2cc(NC(=O)c3cccc4c3oc(=O)n4C)c(F)cc2[nH]1[EOS],42836.86950969696,42
12.2,CC1CC(c2nc(-c3ccc(-c4nc(-c5ccccc5)n[nH]4)cc3)no2)CC(C)(C)C1C(=O)[O-],[BOS]C[C@@H]1C[C@H](c2nc(-c3ccc(-c4nc(-c5ccccc5)n[nH]4)cc3)no2)CC(C)(C)C1C(=O)[O-][EOS],47168.992658138275,42
12.9,Cc1cn[nH]c1NC(=O)c1ccc2c(c1)CCC2NCC1(c2ccc3c(c2)OCO3)CC(O)C1,[BOS]Cc1cn[nH]c1NC(=O)c1ccc2c(c1)CC[C@H]2NC[C@@]1(c2ccc3c(c2)OCO3)C[C@@H](O)C1[EOS],51483.08419466019,42
11.5,OC(C[NH+]1CCC2(CCc3ccccc3O2)C1)c1cccc(-c2nn[n-]n2)c1,[BOS]O[C@@H](C[NH+]1CC[C@@]2(CCc3ccccc3O2)C1)c1cccc(-c2nn[n-]n2)c1[EOS],55516.61776328087,42
11.8,CC(=O)c1cc(-c2noc(-c3c[nH]c(=O)c4ccccc34)n2)ccn1,[BOS]CC(=O)c1cc(-c2noc(-c3c[nH]c(=O)c4ccccc34)n2)ccn1[EOS],3746.1734285354614,42
10.8,CC(CNC(=O)NCCc1cccc2cccnc12)c1nc(-c2ccccc2)no1,[BOS]C[C@H](CNC(=O)NCCc1cccc2cccnc12)c1nc(-c2ccccc2)no1[EOS],8574.155288934708,42
11.4,CC(C[NH+]1CCCC(Oc2ncnc3ccccc23)C1)c1cc(F)cc(F)c1,[BOS]C[C@@H](C[NH+]1CCC[C@@H](Oc2ncnc3ccccc23)C1)c1cc(F)cc(F)c1[EOS],12851.738181114197,42
12.0,O=C(Nc1cc(F)cc(N2CCCCC2)c1)Nc1ccc2c(c1)C(=O)OC2,[BOS]O=C(Nc1ccc2c(c1)C(=O)OC2)Nc1cc(F)cc(N2CCCCC2)c1[EOS],16697.35068511963,42
11.5,CC(CC(=O)Nc1ccc(NC(=O)c2cccc(S(C)(=O)=O)c2)cc1F)c1ccc(F)cc1F,[BOS]C[C@H](CC(=O)Nc1ccc(NC(=O)c2cccc(S(C)(=O)=O)c2)cc1F)c1ccc(F)cc1F[EOS],21929.670897722244,42
11.5,O=C(NCC1Cc2ccccc2C1)c1ccc(CNC(=O)C23CC4CC(CC(C4)C2)C3)cc1,[BOS]O=C(NCC1Cc2ccccc2C1)c1ccc(CNC(=O)C23CC4CC(CC(C4)C2)C3)cc1[EOS],26947.299534082413,42
12.5,Cc1cccc(Cn2cccc(C(=O)Nc3ccc(CC(=O)N4CCCc5ccccc54)cc3)c2=O)c1,[BOS]Cc1cccc(Cn2cccc(C(=O)Nc3ccc(CC(=O)N4CCCc5ccccc54)cc3)c2=O)c1[EOS],32675.774369955063,42
11.1,Cc1cccc2c1OC(C(=O)NCC1C(c3ccccc3)C1(F)F)C2,[BOS]Cc1cccc2c1O[C@H](C(=O)NC[C@@H]1[C@@H](c3ccccc3)C1(F)F)C2[EOS],36575.085641145706,42
11.3,O=C(CCc1nc2ccccc2c(=O)o1)NCCc1ccc(-c2ccc(Cl)cc2)cc1,[BOS]O=C(CCc1nc2ccccc2c(=O)o1)NCCc1ccc(-c2ccc(Cl)cc2)cc1[EOS],41465.5094268322,42
12.1,Fc1ccc2[nH]cc(Cc3nc(-c4ccc5[nH]ncc5c4)no3)c2c1C(F)(F)F,[BOS]Fc1ccc2[nH]cc(Cc3nc(-c4ccc5[nH]ncc5c4)no3)c2c1C(F)(F)F[EOS],46054.30131006241,42
12.2,Oc1ccc2c(c1)CC(NC(F)(F)c1ccc(-c3cc4c(nn3)-c3ccccc3CC4)cc1)CC2,[BOS]Oc1ccc2c(c1)C[C@@H](NC(F)(F)c1ccc(-c3cc4c(nn3)-c3ccccc3CC4)cc1)CC2[EOS][EOS],49977.48211812973,42
11.8,Cc1cccc2c1CCC2[NH2+]C(C)c1ccc(NC(=O)NC2CC2)cc1,[BOS]Cc1cccc2c1CC[C@@H]2[NH2+][C@@H](C)c1ccc(NC(=O)NC2CC2)cc1[EOS],54062.8006336689,42
12.8,O=C(Nc1ccc(Cn2ccccc2=O)cc1)Nc1ccc(F)c(-c2nn[n-]n2)c1,[BOS]O=C(Nc1ccc(F)c(-c2nn[n-]n2)c1)Nc1ccc(Cn2ccccc2=O)cc1[EOS],4069.056904554367,42
11.9,Cc1cc2cc(NCc3cc(F)ccc3-c3nn[n-]n3)ccc2[nH]c1=O,[BOS]Cc1cc2cc(NCc3cc(F)ccc3-c3nn[n-]n3)ccc2[nH]c1=O[EOS],8156.958940982819,42
11.6,O=C(Nc1cccc2ccncc12)C(=O)N1CCC(Oc2ccc(C(F)(F)F)cn2)CC1,[BOS]O=C(Nc1cccc2ccncc12)C(=O)N1CCC(Oc2ccc(C(F)(F)F)cn2)CC1[EOS],12221.04173207283,42
12.5,CC(NC(=O)NC1(c2ccc3c(c2)OCCO3)CCCC1)C1(c2ccccc2)CCCC1,[BOS]C[C@@H](NC(=O)NC1(c2ccc3c(c2)OCCO3)CCCC1)C1(c2ccccc2)CCCC1[EOS],17042.583873271942,42
11.9,O=C(NCC1CCN(c2cccc(F)n2)C1)c1ccc2c(c1)C(=O)NC2=O,[BOS]O=C(NC[C@H]1CCN(c2cccc(F)n2)C1)c1ccc2c(c1)C(=O)NC2=O[EOS],21428.711508750916,42
11.6,Cc1c(C(=O)OC(c2cncc(F)c2)C2CCCCC2)nnn1-c1cccc2ncccc12,[BOS]Cc1c(C(=O)O[C@@H](c2cncc(F)c2)C2CCCCC2)nnn1-c1cccc2ncccc12[EOS],26256.554894208908,42
12.2,Cc1cc(NC(=O)CNC(=O)COc2cccc3ccc(Cl)nc23)ccc1-c1ccc2ccccc2c1,[BOS]Cc1cc(NC(=O)CNC(=O)COc2cccc3ccc(Cl)nc23)ccc1-c1ccc2ccccc2c1[EOS],31337.393883943558,42
12.4,O=C(Cc1coc2cc3c(cc12)CCC3)Nc1cccc(NS(=O)(=O)Cc2ccccc2)c1,[BOS]O=C(Cc1coc2cc3c(cc12)CCC3)Nc1cccc(NS(=O)(=O)Cc2ccccc2)c1[EOS],36284.79528546333,42
12.1,Fc1ccc(-c2noc(-c3cccc(Oc4cccnn4)c3)n2)cc1C(F)F,[BOS]Fc1ccc(-c2noc(-c3cccc(Oc4cccnn4)c3)n2)cc1C(F)F[EOS],40226.42607855797,42
12.3,O=C(Nc1ccc(NC(=O)c2cc(F)cc3n[nH]nc23)cc1)NC1CCN(c2ccccn2)C1,[BOS]O=C(Nc1ccc(NC(=O)c2cc(F)cc3n[nH]nc23)cc1)N[C@H]1CCN(c2ccccn2)C1[EOS],44720.23997879028,42
14.0,O=C(NCc1ccc2ncccc2c1)Nc1ccc2c(c1)CCCN2C(=O)c1ccc(F)c(F)c1C(F)(F)F,[BOS]O=C(NCc1ccc2ncccc2c1)Nc1ccc2c(c1)CCCN2C(=O)c1ccc(F)c(F)c1C(F)(F)F[EOS],49694.48157310486,42
14.1,Fc1ccc(-c2nnn(Cc3ccc(-c4noc(-c5cccc6c(F)cccc56)n4)cc3F)n2)c(-c2ccccc2)c1,[BOS]Fc1cc(-c2noc(-c3cccc4c(F)cccc34)n2)ccc1Cn1nnc(-c2ccc(F)cc2-c2ccccc2)n1[EOS],54178.74041891098,42
11.5,O=C(Cc1cc(Br)ccc1F)c1ccc(F)c2ccccc12,[BOS]O=C(Cc1cc(Br)ccc1F)c1ccc(F)c2ccccc12[EOS],4213.56348156929,42
11.6,c1coc(COc2ccc(-c3noc(-c4cc(-c5c[nH]c6ncccc56)c[nH]4)n3)cn2)c1,[BOS]c1coc(COc2ccc(-c3noc(-c4cc(-c5c[nH]c6ncccc56)c[nH]4)n3)cn2)c1[EOS],8643.695454120636,42
12.1,NC(=O)C1CCC(NC(=O)C(=O)Nc2cccc(Oc3cccc4ccccc34)c2)CC1,[BOS]NC(=O)[C@H]1CC[C@H](NC(=O)C(=O)Nc2cccc(Oc3cccc4ccccc34)c2)CC1[EOS],12932.618484258652,42
12.5,Cc1[nH]c2c(C(=O)Nc3cccc(NC(=O)Nc4cccc(C(F)(F)F)c4C)c3)cnn2c1C,[BOS]Cc1[nH]c2c(C(=O)Nc3cccc(NC(=O)Nc4cccc(C(F)(F)F)c4C)c3)cnn2c1C[EOS],17560.071734189987,42
12.6,O=C(OCc1cc(=O)oc2cc3c(cc12)CCC3)c1ccc(-c2n[nH]c(C3CC3)n2)cc1,[BOS]O=C(OCc1cc(=O)oc2cc3c(cc12)CCC3)c1ccc(-c2n[nH]c(C3CC3)n2)cc1[EOS],22330.467919826508,42
11.2,Cc1ccccc1C(C)Nc1cccc(C[NH+]2CCCC2C(N)=O)c1,[BOS]Cc1ccccc1[C@@H](C)Nc1cccc(C[NH+]2CCC[C@@H]2C(N)=O)c1[EOS],26489.429184436798,42
12.5,O=C1CCC(c2cccc(NC(=O)Nc3ccc(OC4CCCCC4)cc3)c2)N1,[BOS]O=C1CC[C@H](c2cccc(NC(=O)Nc3ccc(OC4CCCCC4)cc3)c2)N1[EOS][EOS][EOS][EOS][EOS][EOS][EOS][EOS],30754.913093328476,42
11.9,Cc1nnc2ccc(NCCCCCC3CCN(C(=O)c4ccc5cc(F)ccc5c4)CC3)nn12,[BOS]Cc1nnc2ccc(NCCCCCC3CCN(C(=O)c4ccc5cc(F)ccc5c4)CC3)nn12[EOS],35289.46798539162,42
11.9,O=C1NC(=O)C(Cc2ccc(NC(=O)C3CCc4ccccc4C3O)cc2)N1,[BOS]O=C(Nc1ccc(C[C@H]2NC(=O)NC2=O)cc1)[C@@H]1CCc2ccccc2[C@@H]1O[EOS],40238.099009513855,42
12.1,O=C(NCC1CCc2ccccc21)c1ccc2c3c(cccc13)C(=O)NC2=O,[BOS]O=C(NC[C@@H]1CCc2ccccc21)c1ccc2c3c(cccc13)C(=O)NC2=O[EOS],44671.543384075165,42
13.2,O=C1Nc2cc(Nc3ccc4[nH]c5ccccc5c4c3)ccc2C1OCc1c(F)cccc1-c1ccccc1,[BOS]O=C1Nc2cc(Nc3ccc4[nH]c5ccccc5c4c3)ccc2[C@@H]1OCc1c(F)cccc1-c1ccccc1[EOS],48682.32257151604,42
12.5,CC1Oc2c(cccc2C(=O)Nc2ccc(NC(=O)NCc3ccco3)cc2)NC1=O,[BOS]C[C@@H]1Oc2c(cccc2C(=O)Nc2ccc(NC(=O)NCc3ccco3)cc2)NC1=O[EOS],53151.5329079628,42
11.5,O=c1[nH]c2ccccc2cc1CNc1ccc2nc(-c3cccc(F)c3)[nH]c2c1,[BOS]O=c1[nH]c2ccccc2cc1CNc1ccc2nc(-c3cccc(F)c3)[nH]c2c1[EOS],5246.475499629974,42
11.9,O=C(NCCCc1nc(C(c2ccccc2)c2ccccc2)no1)Nc1ccc2[nH]ccc2c1,[BOS]O=C(NCCCc1nc(C(c2ccccc2)c2ccccc2)no1)Nc1ccc2[nH]ccc2c1[EOS],10931.874289035797,42
11.8,CC(NC(=O)NC(C)C(C)c1ccccc1C(F)(F)F)c1ccc2[nH]c(=O)[nH]c2c1,[BOS]C[C@H](NC(=O)N[C@@H](C)c1ccc2[nH]c(=O)[nH]c2c1)[C@H](C)c1ccccc1C(F)(F)F[EOS],15022.75689959526,42
12.3,O=C(Nc1cc(-n2cnnn2)ccc1F)NC1CC(c2cc(F)cc(F)c2)C1,[BOS]O=C(Nc1cc(-n2cnnn2)ccc1F)N[C@H]1C[C@H](c2cc(F)cc(F)c2)C1[EOS],19249.126309156418,42
13.3,O=C1CCc2c(Cc3nnc(-c4ccc(-c5ccc(-c6ccccc6)c(F)c5)cc4F)o3)cccc21,[BOS]O=C1CCc2c1cccc2Cc1nnc(-c2ccc(-c3ccc(-c4ccccc4)c(F)c3)cc2F)o1[EOS],23744.423627138138,42
12.8,CC(NC(=O)Nc1ccc(F)cc1-c1ccc(F)cc1)c1ccc2c(c1)CCC(=O)N2,[BOS]C[C@H](NC(=O)Nc1ccc(F)cc1-c1ccc(F)cc1)c1ccc2c(c1)CCC(=O)N2[EOS],28529.476012945175,42
12.1,Cc1ccc(OCc2ccc(C(=O)NNC(=O)c3n[nH]c(=O)c4ccccc34)cc2)c(C)c1,[BOS]Cc1ccc(OCc2ccc(C(=O)NNC(=O)c3n[nH]c(=O)c4ccccc34)cc2)c(C)c1[EOS],33685.029846191406,42
12.8,O=C(Cc1cccc2ccccc12)NCC(=O)Nc1n[nH]c(-c2ccc3ccccc3n2)n1,[BOS]O=C(Cc1cccc2ccccc12)NCC(=O)Nc1n[nH]c(-c2ccc3ccccc3n2)n1[EOS],38924.16629886627,42
12.3,O=C(Nc1ccc(OCc2cccc(F)c2)c(F)c1)c1cc(S(=O)(=O)N2CCCC2)ccc1[O-],[BOS]O=C(Nc1ccc(OCc2cccc(F)c2)c(F)c1)c1cc(S(=O)(=O)N2CCCC2)ccc1[O-][EOS][EOS][EOS][EOS],43852.63256692886,42
11.5,Cc1ccc(C(O)C(C)NC(=O)Nc2cccc(-c3ncc(C)o3)c2)cc1,[BOS]Cc1cnc(-c2cccc(NC(=O)N[C@H](C)[C@@H](O)c3ccc(C)cc3)c2)o1[EOS],48430.806356430054,42
13.5,O=C(NCC1CCC(C(=O)Nc2ncc3ncccc3n2)CC1)Nc1cccc2ccccc12,[BOS]O=C(NC[C@H]1CC[C@H](C(=O)Nc2ncc3ncccc3n2)CC1)Nc1cccc2ccccc12[EOS],53349.22004723549,42
11.4,CC(NC(=O)NCC1CCCc2ccccc21)c1nnc(-c2cccc(Cl)c2)o1,[BOS]C[C@@H](NC(=O)NC[C@@H]1CCCc2ccccc21)c1nnc(-c2cccc(Cl)c2)o1[EOS],57291.34575867653,42
11.4,CC1CCC[NH+](Cc2ccc(NC(=O)c3nn(-c4ccc(F)c(F)c4)c4c3CCC4)cc2)C1,[BOS]C[C@H]1CCC[NH+](Cc2ccc(NC(=O)c3nn(-c4ccc(F)c(F)c4)c4c3CCC4)cc2)C1[EOS],4825.027177810669,42
12.1,CNC(=O)c1cccc(Oc2cccc(NC(=O)CC3CCc4ccccc43)c2)c1,[BOS]CNC(=O)c1cc(Oc2cccc(NC(=O)C[C@@H]3CCc4ccccc43)c2)ccc1[EOS],9666.498998641968,42
12.0,Cc1nc(-c2cccc(COC(=O)Cc3ccc4c(c3)NC(=O)C4)c2)no1,[BOS]Cc1nc(-c2cccc(COC(=O)Cc3ccc4c(c3)NC(=O)C4)c2)no1[EOS],14539.417083263397,42
14.2,O=C(Nc1ccc2oc(-c3ccc4ccccc4c3)nc2c1)c1ccc2c(c1)NC(=O)c1ccccc1S2(=O)=O,[BOS]O=C(Nc1ccc2oc(-c3ccc4ccccc4c3)nc2c1)c1ccc2c(c1)NC(=O)c1ccccc1S2(=O)=O[EOS],19132.2218914032,42
12.5,O=C(CCn1[nH]c(=O)c2ccccc2c1=O)Nc1cccc(C(=O)Nc2cccc(C(F)(F)F)c2)c1,[BOS]O=C(CCn1[nH]c(=O)c2ccccc2c1=O)Nc1cccc(C(=O)Nc2cccc(C(F)(F)F)c2)c1[EOS],24114.74255990982,42
12.6,NC(=O)NC(CC(=O)Nc1cc2c([nH]c1=O)CCCC2)c1cccc(Oc2c(Cl)cccc2C(F)(F)F)c1,[BOS]NC(=O)N[C@H](CC(=O)Nc1cc2c([nH]c1=O)CCCC2)c1cccc(Oc2c(Cl)cccc2C(F)(F)F)c1[EOS],29384.559218883514,42
12.1,O=C(OCc1ccc(C(F)(F)C(F)(F)F)cc1)c1cc(-c2nn[n-]n2)ccc1F,[BOS]O=C(OCc1ccc(C(F)(F)C(F)(F)F)cc1)c1cc(-c2nn[n-]n2)ccc1F[EOS],33931.780987262726,42
11.7,Cc1ccc(C(C)[NH2+]C2CCOC(c3ccccc3)C2)c(O)c1CC(C)c1ccc2c(c1)C(=O)N(C)C2=O,[BOS]Cc1ccc([C@@H](C)[NH2+][C@H]2CCO[C@H](c3ccccc3)C2)c(O)c1C[C@H](C)c1ccc2c(c1)C(=O)N(C)C2=O[EOS],38378.553359270096,42
12.5,Cc1ccc(NC(=O)Nc2ccc3c(c2)NC(=O)CC3)cc1C(=O)c1ccccc1,[BOS]Cc1ccc(NC(=O)Nc2ccc3c(c2)NC(=O)CC3)cc1C(=O)c1ccccc1[EOS],42654.62993097305,42
12.4,CNC(=O)c1cccc(CCNC(=O)Cc2coc3cc4c(cc23)CCC4)c1,[BOS]CNC(=O)c1cccc(CCNC(=O)Cc2coc3cc4c(cc23)CCC4)c1[EOS],47673.9386715889,42
11.6,O=C(NCC1CCC([NH2+]Cc2cccc3cccnc23)C1)C1CC1c1cccnc1,[BOS]O=C(NC[C@H]1CC[C@@H]([NH2+]Cc2cccc3cccnc23)C1)[C@@H]1C[C@H]1c1cccnc1[EOS],52266.161603689194,42
11.2,CC(SCc1nc2cc(-c3ccc(F)cc3)sc2c(=O)[nH]1)C(=O)Nc1ccc2c(c1)OC(F)(F)O2,[BOS]C[C@H](SCc1nc2cc(-c3ccc(F)cc3)sc2c(=O)[nH]1)C(=O)Nc1ccc2c(c1)OC(F)(F)O2[EOS][EOS][EOS][EOS][EOS][EOS][EOS],57083.55328845978,42
11.5,C[S+]([O-])c1cccc(C(=O)Nc2cccc(-n3c([O-])c(Cc4c[nH]c5cc(F)ccc45)[nH]c3=O)c2)c1,[BOS]C[S+]([O-])c1cccc(C(=O)Nc2cccc(-n3c([O-])c(Cc4c[nH]c5cc(F)ccc45)[nH]c3=O)c2)c1[EOS],4778.174382448196,42
11.1,CC(CC[NH2+]C(C)c1nnc(-c2ccc([N+](=O)[O-])cc2)o1)c1cccc(C(F)(F)F)c1,[BOS]C[C@H](CC[NH2+][C@H](C)c1nnc(-c2ccc([N+](=O)[O-])cc2)o1)c1cccc(C(F)(F)F)c1[EOS],10148.52650809288,42
12.0,O=c1oc2ccccc2n1CCc1nc(-c2ccc3c(c2)CCC3c2ccccc2)no1,[BOS]O=c1oc2ccccc2n1CCc1nc(-c2ccc3c(c2)CC[C@@H]3c2ccccc2)no1[EOS][EOS][EOS][EOS][EOS],14909.277537345886,42
11.6,O=C(CCNC(=O)C12CC3CC(CC(C3)C1)C2)NCc1ccc(Oc2ccccc2C(F)(F)F)nc1,[BOS]O=C(CCNC(=O)C12CC3CC(CC(C3)C1)C2)NCc1ccc(Oc2ccccc2C(F)(F)F)nc1[EOS],20192.805285215378,42
12.2,CC(=O)NCc1cccc(-c2cccc(NC=C(C#N)C(=O)Nc3ccc4ccccc4c3)c2)c1,[BOS]CC(=O)NCc1cccc(-c2cccc(N/C=C(/C#N)C(=O)Nc3ccc4ccccc4c3)c2)c1[EOS],25201.209213733673,42
12.2,O=C(Nc1ccc(-c2ccc3nnnn3c2)cn1)c1ccc(NC(=O)c2cc(=O)[nH]c3cc(F)ccc23)cc1,[BOS]O=C(Nc1ccc(C(=O)Nc2ccc(-c3ccc4nnnn4c3)cn2)cc1)c1cc(=O)[nH]c2cc(F)ccc12[EOS],29955.64778637886,42
12.1,Cc1ccc(S(=O)(=O)Nc2ccc3oc(-c4ccc5c(c4)C(F)(F)C5(Cl)Cl)cc3c2)c2cccnc12,[BOS]Cc1ccc(S(=O)(=O)Nc2ccc3oc(-c4ccc5c(c4)C(F)(F)C5(Cl)Cl)cc3c2)c2cccnc12[EOS],34671.22354865074,42
11.9,Cc1cccc(Oc2cccc(CN=C(O)CN=C(O)N3CCc4ccccc4C3)c2)c1,[BOS]Cc1cccc(Oc2cccc(CN=C(O)CN=C(O)N3CCc4ccccc4C3)c2)c1[EOS],39483.28486442566,42
12.5,O=C(NCCc1cc2ccccc2o1)Nc1cccc(C(=O)Nc2cccc(C3NCCCO3)c2)c1,[BOS]O=C(NCCc1cc2ccccc2o1)Nc1cccc(C(=O)Nc2cccc(C3NCCCO3)c2)c1[EOS],44385.46665930748,42
11.9,Fc1cccc(C2CCC(Nc3ccc4ccn(C5CCC5)c4c3)C2)c1,[BOS]Fc1cccc([C@H]2CC[C@H](Nc3ccc4ccn(C5CCC5)c4c3)C2)c1[EOS],48303.40842795372,42
12.5,O=C(OCC1=NC2(CCCC2)NO1)c1ccc(CN2C(=O)c3ccccc3C2=O)cc1,[BOS]O=C(OCC1=NC2(CCCC2)NO1)c1ccc(CN2C(=O)c3ccccc3C2=O)cc1[EOS],53514.63469290733,42
11.2,Cc1ccc(C)c(NC(=O)c2ccc(Nc3ccc(F)c(C(F)(F)F)c3)cc2)c1,[BOS]Cc1ccc(C)c(NC(=O)c2ccc(Nc3ccc(F)c(C(F)(F)F)c3)cc2)c1[EOS],57506.231085300446,42
12.1,O=C(NCc1cc(F)cc2c1OCOC2)c1cc(Cc2ccccc2)cc(=O)[nH]1,[BOS]O=C(NCc1cc(F)cc2c1OCOC2)c1cc(Cc2ccccc2)cc(=O)[nH]1[EOS],4692.136654853821,42
12.4,CC(OC(=O)c1ccc(F)c(-c2nn[n-]n2)c1)C(=O)c1ccc2c(c1)CCCC2,[BOS]C[C@H](OC(=O)c1ccc(F)c(-c2nn[n-]n2)c1)C(=O)c1ccc2c(c1)CCCC2[EOS],9453.187111616135,42
12.1,O=C(NCC1CCC(NC(=O)C2CC23CCCc2ccccc23)C1)C1CCCC1,[BOS]O=C(NC[C@H]1CC[C@@H](NC(=O)[C@@H]2C[C@@]23CCCc2ccccc23)C1)C1CCCC1[EOS],14022.67403626442,42
11.9,O=C(CCc1ccccc1-c1nn[n-]n1)Nc1cc2c([nH]c1=O)CCCC2=O,[BOS]O=C(CCc1ccccc1-c1nn[n-]n1)Nc1cc2c([nH]c1=O)CCCC2=O[EOS],18625.43058180809,42
11.4,Cc1cc(CNC(=O)Cc2ccc3c(c2)CCO3)c2[nH]c(C)c(C)c2c1,[BOS]Cc1cc(CNC(=O)Cc2ccc3c(c2)CCO3)c2[nH]c(C)c(C)c2c1[EOS],23304.307844638824,42
12.0,Cc1cccc2[nH]c(C(=O)NC3C4COCC3CN(C(=O)CCc3cccc([N+](=O)[O-])c3)C4)cc12,[BOS]Cc1cccc2[nH]c(C(=O)N[C@H]3[C@@H]4COC[C@H]3CN(C(=O)CCc3cccc([N+](=O)[O-])c3)C4)cc12[EOS][EOS][EOS],27230.04465651512,42
13.3,NC(=[NH+]Oc1ccc(NC(=O)OCC2c3ccccc3-c3ccccc32)nn1)C12CC3CC(CC(C3)C1)C2,[BOS]NC(=[NH+]Oc1ccc(NC(=O)OCC2c3ccccc3-c3ccccc32)nn1)C12CC3CC(CC(C3)C1)C2[EOS],32960.579202890396,42
11.7,c1cc(-c2noc(CC3COC4(C[NH2+]CCOC4)C3)n2)ccc1-c1ccc2c(c1)CC[NH2+]C2,[BOS]c1cc(-c2noc(C[C@@H]3CO[C@]4(C[NH2+]CCOC4)C3)n2)ccc1-c1ccc2c(c1)CC[NH2+]C2[EOS],37149.47499895096,42
11.6,CNC(=O)c1ccc(C)c(NCc2cc(=O)oc3cc(O)c(Cl)cc23)c1,[BOS]CNC(=O)c1ccc(C)c(NCc2cc(=O)oc3cc(O)c(Cl)cc23)c1[EOS],41492.55956077576,42
12.2,CNC(=O)c1cccc(CNC(=O)Nc2ccc(-c3cc4ccccc4o3)cc2)c1,[BOS]CNC(=O)c1cccc(CNC(=O)Nc2ccc(-c3cc4ccccc4o3)cc2)c1[EOS],46041.96505403519,42
13.2,O=C(NCCC(=O)N1CCN(c2cccc[nH+]2)CC1)C1c2ccccc2Oc2ccccc21,[BOS]O=C(CCNC(=O)C1c2ccccc2Oc2ccccc21)N1CCN(c2cccc[nH+]2)CC1[EOS],51199.4626789093,42
11.6,O=C(NCCNC(=O)c1cccc(OCc2ccccc2)c1)NCc1cccc2ccccc12,[BOS]O=C(NCCNC(=O)c1cccc(OCc2ccccc2)c1)NCc1cccc2ccccc12[EOS],56513.392390728,42
13.5,O=C(Nc1ccc(F)c(F)c1)c1cccc(-c2nc3ccccc3c(=O)o2)c1,[BOS]O=C(Nc1ccc(F)c(F)c1)c1cccc(-c2nc3ccccc3c(=O)o2)c1[EOS],4387.146257638931,42
11.7,CC(c1ccc(COC(=O)c2cc(F)cc3c(=O)c4cccc(F)c4[nH]c23)cc1)[NH+]1CCCCC1,[BOS]C[C@@H](c1ccc(COC(=O)c2cc(F)cc3c(=O)c4cccc(F)c4[nH]c23)cc1)[NH+]1CCCCC1[EOS],9363.22261428833,42
11.7,O=C(NCC1CC([NH2+]C2CCCc3ccccc32)C1)c1ccc(-c2nn[n-]n2)[nH]1,[BOS]O=C(NCC1CC([NH2+][C@@H]2CCCc3ccccc32)C1)c1ccc(-c2nn[n-]n2)[nH]1[EOS],13743.87344789505,42
11.1,CCc1ccnc(-c2noc(-c3cc(-c4nn[n-]n4)ccc3F)n2)c1,[BOS]CCc1ccnc(-c2noc(-c3cc(-c4nn[n-]n4)ccc3F)n2)c1[EOS],17798.53213739395,42
12.3,O=C(Nc1cccc(C(F)(F)F)c1[O-])c1cc(-c2cccc(C(F)(F)F)c2)n[nH]1,[BOS]O=C(Nc1cccc(C(F)(F)F)c1[O-])c1cc(-c2cccc(C(F)(F)F)c2)n[nH]1[EOS],22201.289026498795,42
11.2,CC(CCc1c[nH]c2ccccc12)[NH2+]C(C)Cc1ccccc1C(F)(F)F,[BOS]C[C@@H](CCc1c[nH]c2ccccc12)[NH2+][C@@H](C)Cc1ccccc1C(F)(F)F[EOS],26939.61503624916,42
12.4,O=C(Nc1ccc(CNC(=O)C2CCCC2)cc1)c1c[nH]c2cccc(-c3nn[n-]n3)c12,[BOS]O=C(Nc1ccc(CNC(=O)C2CCCC2)cc1)c1c[nH]c2cccc(-c3nn[n-]n3)c12[EOS],31992.949835777283,42
11.6,NC(=O)c1cccc(COC(=O)Cc2ccc3[nH]c4ccccc4c3c2)c1,[BOS]NC(=O)c1cccc(COC(=O)Cc2ccc3[nH]c4ccccc4c3c2)c1[EOS],36318.46661901474,42
11.6,Cc1nc2ccc(-c3nc(CC(=O)Nc4cccc5ccccc45)no3)cc2n1Cc1ccccc1Cl,[BOS]Cc1nc2ccc(-c3nc(CC(=O)Nc4cccc5ccccc45)no3)cc2n1Cc1ccccc1Cl[EOS],40952.06646299362,42
12.6,CC(Oc1ccc2ccc(=O)oc2c1)c1cccnc1-c1ccc(F)cc1,[BOS]C[C@H](Oc1ccc2ccc(=O)oc2c1)c1cccnc1-c1ccc(F)cc1[EOS],45880.19588136673,42
11.0,Cc1ccc(CCNC(=O)C=Cc2cccc(F)c2)c2ccccc12,[BOS]Cc1ccc(CCNC(=O)C=Cc2cccc(F)c2)c2ccccc12[EOS],50501.7512691021,42
11.8,CC([NH2+]Cc1cccc2c1OCCO2)c1nc(-c2ccccc2OC2CCCCC2)no1,[BOS]C[C@@H]([NH2+]Cc1cccc2c1OCCO2)c1nc(-c2ccccc2OC2CCCCC2)no1[EOS],54906.137466430664,42
11.3,C#Cc1cccc(NC(=O)C(=O)Nc2ccc3c(c2)CN(c2ccc(C#N)cc2C)C3)c1,[BOS]C#Cc1cccc(NC(=O)C(=O)Nc2ccc3c(c2)CN(c2ccc(C#N)cc2C)C3)c1[EOS],4404.229459762573,42
12.8,CC(NC(=O)Nc1ccc(F)c(C(F)(F)F)c1)c1ccc2c(c1)CCCC(=O)N2,[BOS]C[C@H](NC(=O)Nc1ccc(F)c(C(F)(F)F)c1)c1ccc2c(c1)CCCC(=O)N2[EOS],8601.570773363113,42
12.4,NC(=O)NC(=O)c1cccc(Nc2ccccc2OC(=O)c2ccc3cc(OCc4ccccc4)ccc3c2)c1,[BOS]NC(=O)NC(=O)c1cccc(Nc2ccccc2OC(=O)c2ccc3cc(OCc4ccccc4)ccc3c2)c1[EOS],15306.291093349457,42
11.6,CCn1nc(CNc2cc(C(=O)NCC3CC3)ccc2C)c2ccccc2c1=O,[BOS]CCn1nc(CNc2cc(C(=O)NCC3CC3)ccc2C)c2ccccc2c1=O[EOS],19708.19953751564,42
11.4,CC(NS(=O)(=O)c1cccc(-c2nn[n-]n2)c1)c1nc(-c2cccc(F)c2F)no1,[BOS]C[C@H](NS(=O)(=O)c1cccc(-c2nn[n-]n2)c1)c1nc(-c2cccc(F)c2F)no1[EOS],24353.354885816574,42
12.3,O=C(c1ccc2[nH]c(-c3ccc4nonc4c3)nc2c1)C1CCCN(Cc2c(F)cccc2F)C1=O,[BOS]O=C(c1ccc2[nH]c(-c3ccc4nonc4c3)nc2c1)[C@H]1CCCN(Cc2c(F)cccc2F)C1=O[EOS],29188.32625436783,42
11.2,CC(Oc1cccc(C(C)(C)C)c1)C(=O)Nc1ccc(Cl)c(C(=O)Nc2ccccc2)c1,[BOS]C[C@H](Oc1cccc(C(C)(C)C)c1)C(=O)Nc1ccc(Cl)c(C(=O)Nc2ccccc2)c1[EOS][EOS][EOS][EOS][EOS][EOS][EOS],33833.73989486694,42
11.9,O=C(NCC1CCCOC1)c1ccc(CN2C(=O)c3ccccc3C2=O)cc1,[BOS]O=C(NC[C@@H]1CCCOC1)c1ccc(CN2C(=O)c3ccccc3C2=O)cc1[EOS],38325.25140285492,42
12.0,FC(F)(F)c1cc(-c2cccc([S-])c2)cc(-c2nn[n-]n2)c1,[BOS][S-]c1cccc(-c2cc(-c3nn[n-]n3)cc(C(F)(F)F)c2)c1[EOS],41797.212215185165,42
12.3,O=C(NCc1cccc(-c2cn[nH]n2)c1)C(=O)Nc1ccn(Cc2ccccc2)n1,[BOS]O=C(NCc1cccc(-c2cn[nH]n2)c1)C(=O)Nc1ccn(Cc2ccccc2)n1[EOS],46531.29222488403,42
11.8,OC(C[NH2+]C1CCC(NC(F)(F)c2nc3ccccc3nc2Cl)CC1)c1cc(F)cc2cc(F)ccc12,[BOS]O[C@@H](C[NH2+][C@H]1CC[C@H](NC(F)(F)c2nc3ccccc3nc2Cl)CC1)c1cc(F)cc2cc(F)ccc12[EOS][EOS][EOS][EOS],52971.518010377884,42
12.1,CC(=O)N1CCc2cc(NC(=O)C(=O)Nc3cccc(NC(=O)Nc4ccccc4)c3)ccc21,[BOS]CC(=O)N1CCc2cc(NC(=O)C(=O)Nc3cccc(NC(=O)Nc4ccccc4)c3)ccc21[EOS],57213.38877081871,42
11.1,COc1ccc2nccc(-c3cc(F)c(OCc4ccc(F)cc4)c(F)c3)c2c1,[BOS]COc1ccc2nccc(-c3cc(F)c(OCc4ccc(F)cc4)c(F)c3)c2c1[EOS],3855.505833387375,42
11.8,O=C(NC1CC(Nc2ccnc(-c3nn[n-]n3)n2)C1)c1ccc(F)c2ccccc12,[BOS]O=C(N[C@H]1C[C@@H](Nc2ccnc(-c3nn[n-]n3)n2)C1)c1ccc(F)c2ccccc12[EOS],8079.479220151901,42
11.0,N#CCc1ccc(Oc2ccc(-c3nc(Cc4nccc5ccccc45)no3)cc2)cc1,[BOS]N#CCc1ccc(Oc2ccc(-c3nc(Cc4nccc5ccccc45)no3)cc2)cc1[EOS],12975.647878408432,42
12.3,Cc1cccc(Oc2ccc([NH2+]C(=O)C(C)N3CCc4[nH]c5ccccc5c4C3)cc2)c1C,[BOS]Cc1cccc(Oc2ccc([NH2+]C(=O)[C@@H](C)N3CCc4[nH]c5ccccc5c4C3)cc2)c1C[EOS],17921.41468834877,42
11.1,CC(=Cc1ccc(Cl)cc1)CNc1ccc(Cl)c(S(=O)(=O)N2CCCC2)c1,[BOS]CC(=Cc1ccc(Cl)cc1)CNc1ccc(Cl)c(S(=O)(=O)N2CCCC2)c1[EOS],22186.638994693756,42
11.6,COc1ccc2[nH]cc(C(=O)Nc3ccc(C4(NC(=O)Cc5n[nH]c6cc(Cl)ccc56)CCC4)cc3)c2c1,[BOS]COc1ccc2[nH]cc(C(=O)Nc3ccc(C4(NC(=O)Cc5n[nH]c6cc(Cl)ccc56)CCC4)cc3)c2c1[EOS][EOS][EOS][EOS][EOS][EOS][EOS],27561.153842926025,42
12.5,CN1C(=O)CCc2cc(NC(=O)Nc3cnn(Cc4cc(F)ccc4Cl)c3)cc(Cl)c21,[BOS]CN1C(=O)CCc2cc(NC(=O)Nc3cnn(Cc4cc(F)ccc4Cl)c3)cc(Cl)c21[EOS],31829.651512145996,42
11.2,O=C(COc1cccc(Br)c1)Oc1ccc(N2C(=O)C3C=CCCC3C2=O)c(F)c1F,[BOS]O=C(COc1cccc(Br)c1)Oc1ccc(N2C(=O)[C@H]3CCC=C[C@H]3C2=O)c(F)c1F[EOS],36497.48680686951,42
11.9,CC1(c2ccc(CNC(=O)NC3CC(=O)N(Cc4ccccc4C(F)(F)F)C3)cc2)NC(=O)NC1=O,[BOS]C[C@]1(c2ccc(CNC(=O)N[C@@H]3CC(=O)N(Cc4ccccc4C(F)(F)F)C3)cc2)NC(=O)NC1=O[EOS][EOS][EOS][EOS][EOS][EOS][EOS],42090.27321219444,42
10.9,Cc1coc(-c2ccc(C)c(NCc3[nH]nc(C)c3C(=O)Nn3cnnc3)c2)n1,[BOS]Cc1coc(-c2ccc(C)c(NCc3[nH]nc(C)c3C(=O)Nn3cnnc3)c2)n1[EOS],46422.05988574028,42
12.7,Cc1ccc2cc(-c3nc(-c4ccc(F)c5ccccc45)no3)ccc2c1,[BOS]Cc1ccc2cc(-c3nc(-c4ccc(F)c5ccccc45)no3)ccc2c1[EOS],50241.72334361076,42
12.0,Nc1nc2ccc(-c3nc(-c4ccc(F)cc4C(F)(F)F)no3)cc2c(=O)[nH]1,[BOS]Nc1nc2ccc(-c3nc(-c4ccc(F)cc4C(F)(F)F)no3)cc2c(=O)[nH]1[EOS],53887.9999871254,42
12.1,CC(NC(=O)C(=O)Nc1ccc2c(c1)C(C)(C)NC2=O)c1nc(C2CCCCC2)no1,[BOS]C[C@H](NC(=O)C(=O)Nc1ccc2c(c1)C(C)(C)NC2=O)c1nc(C2CCCCC2)no1[EOS],4694.490788459778,42
11.6,CC1Cc2cn[nH]c2C(C(=O)NCCc2cc(F)cc3c2OCOC3)C1,[BOS]C[C@H]1Cc2cn[nH]c2[C@H](C(=O)NCCc2cc(F)cc3c2OCOC3)C1[EOS][EOS][EOS][EOS][EOS][EOS],8817.835062026978,42
11.8,O=C(NCc1ccc2n[nH]nc2c1)c1ccc2[nH]ncc2c1C(F)(F)F,[BOS]O=C(NCc1ccc2n[nH]nc2c1)c1ccc2[nH]ncc2c1C(F)(F)F[EOS],13379.03543138504,42
13.5,O=C(Nc1cccc(Oc2ccnc3ccccc23)c1)C(O)C(O)c1nc2ccccc2s1,[BOS]O=C(Nc1cccc(Oc2ccnc3ccccc23)c1)[C@@H](O)[C@@H](O)c1nc2ccccc2s1[EOS],18362.975405216217,42
11.5,Fc1cc(C[NH2+]Cc2ccnc(N3CCCCC3)c2)c2ccccc2c1,[BOS]Fc1cc(C[NH2+]Cc2ccnc(N3CCCCC3)c2)c2ccccc2c1[EOS],22905.617994070053,42
11.7,O=[N+]([O-])c1cc2n(n1)CCCC2NCc1ccc(CN2CCCCC2)cc1,[BOS]O=[N+]([O-])c1cc2n(n1)CCC[C@@H]2NCc1ccc(CN2CCCCC2)cc1[EOS],27213.868348121643,42
12.6,O=C(NCc1csc2ccccc12)Nc1ccc(CC(=O)N2CCc3ccccc32)cc1,[BOS]O=C(NCc1csc2ccccc12)Nc1ccc(CC(=O)N2CCc3ccccc32)cc1[EOS],32415.226711034775,42
12.7,CC(OC(=O)c1cccc(C(=O)N2CCc3ccccc32)c1)C(=O)NC(C)c1ccc2ccccc2c1,[BOS]C[C@H](OC(=O)c1cccc(C(=O)N2CCc3ccccc32)c1)C(=O)N[C@@H](C)c1ccc2ccccc2c1[EOS],38337.42191195488,42
11.6,N#CC(NC(=O)COc1ccc([N+](=O)[O-])c2ccccc12)c1cccc(C(F)(F)F)c1,[BOS]N#C[C@@H](NC(=O)COc1ccc([N+](=O)[O-])c2ccccc12)c1cccc(C(F)(F)F)c1[EOS],42688.879568099976,42
11.6,OCc1ccc(-c2cc(Cc3ccccc3)ccc2F)cc1C(F)(F)F,[BOS]OCc1ccc(-c2cc(Cc3ccccc3)ccc2F)cc1C(F)(F)F[EOS],46906.461904764175,42
11.3,Cc1cc(CNC(=O)C(=O)NCc2c(F)cc(F)cc2F)ccc1Oc1cccc(Cl)c1,[BOS]Cc1cc(CNC(=O)C(=O)NCc2c(F)cc(F)cc2F)ccc1Oc1cccc(Cl)c1[EOS],51401.583431482315,42
11.3,CC([NH2+]C(CO)c1ccc(Cl)cc1C(F)(F)F)c1cccc(-c2nn[n-]n2)c1O,[BOS]C[C@H]([NH2+][C@@H](CO)c1ccc(Cl)cc1C(F)(F)F)c1cccc(-c2nn[n-]n2)c1O[EOS],55635.23913002014,42
13.0,O=C(Nc1ccc2ccoc2c1)C1=Cc2ccccc2CC1C(F)(F)F,[BOS]O=C(Nc1ccc2ccoc2c1)C1=Cc2ccccc2C[C@@H]1C(F)(F)F[EOS],3848.58562207222,42
11.1,COc1cccc(C2CC([NH2+]Cc3ccccc3C[NH+]3CC(C)CC(C)C3)C2)c1,[BOS]COc1cccc([C@H]2C[C@H]([NH2+]Cc3ccccc3C[NH+]3C[C@@H](C)C[C@H](C)C3)C2)c1[EOS],8231.342543125153,42
10.5,COc1cc(F)cc(CC(C)NC(=O)NC(c2cccc(Cl)c2)c2ccccn2)c1,[BOS]COc1cc(F)cc(C[C@H](C)NC(=O)N[C@H](c2cccc(Cl)c2)c2ccccn2)c1[EOS][EOS][EOS][EOS][EOS][EOS],12599.321372509003,42
12.1,O=C(NCCc1cc(F)ccc1F)C(=O)Nc1ccc(CC(=O)N2CCc3ccccc32)cc1,[BOS]O=C(NCCc1cc(F)ccc1F)C(=O)Nc1ccc(CC(=O)N2CCc3ccccc32)cc1[EOS],17805.682799100876,42
12.1,O=C(NCc1nnnn1-c1ccccc1)Nc1ccc(CC(=O)N2CCc3ccccc32)cc1,[BOS]O=C(NCc1nnnn1-c1ccccc1)Nc1ccc(CC(=O)N2CCc3ccccc32)cc1[EOS],22867.5642015934,42
11.7,O=C(Nc1ccc2oncc2c1)c1ccc(S(=O)(=O)c2ccccc2)cc1,[BOS]O=C(Nc1ccc2oncc2c1)c1ccc(S(=O)(=O)c2ccccc2)cc1[EOS],27067.918979883194,42
12.6,Fc1ccc(Cc2noc(CCCc3ccc4c(c3)-c3ccccc3C4)n2)cc1F,[BOS]Fc1ccc(Cc2noc(CCCc3ccc4c(c3)-c3ccccc3C4)n2)cc1F[EOS],31774.467012882233,42
11.6,CC(C(=O)NCC1CC(=O)N(Cc2ccccc2)C1)c1cccc(Oc2ccccc2)c1,[BOS]C[C@H](C(=O)NC[C@@H]1CC(=O)N(Cc2ccccc2)C1)c1cccc(Oc2ccccc2)c1[EOS],36663.699125528336,42
14.7,O=C(Nc1cccc(-c2ccon2)c1)Nc1ccc2c(c1)C(=O)OC2=Cc1ccc(Cl)cc1-c1cccc(O)c1,[BOS]O=C(Nc1cccc(-c2ccon2)c1)Nc1ccc2c(c1)C(=O)OC2=Cc1ccc(Cl)cc1-c1cccc(O)c1[EOS],41041.17182826996,42
12.0,CC(Oc1cccc2ccccc12)C(=O)Nc1cccc(C[NH+]2CCCC(=O)C2)c1,[BOS]C[C@H](Oc1cccc2ccccc12)C(=O)Nc1cccc(C[NH+]2CCCC(=O)C2)c1[EOS][EOS][EOS][EOS][EOS][EOS][EOS],45170.53095769882,42
12.8,CNC(=O)c1cccc(C[S+]([O-])Cc2cc(C(F)(F)F)cc3c(F)cc(C(F)(F)F)nc23)c1,[BOS]CNC(=O)c1cccc(C[S+]([O-])Cc2cc(C(F)(F)F)cc3c(F)cc(C(F)(F)F)nc23)c1[EOS],49781.22690701485,42
12.4,O=C(NCC1CCCc2ccccc21)c1cc(Cl)nc(Oc2ccc(Br)cc2)c1,[BOS]O=C(NC[C@H]1CCCc2ccccc21)c1cc(Cl)nc(Oc2ccc(Br)cc2)c1[EOS],53833.89710068703,42
11.5,CC(CC(=O)Nc1cccc(-c2nnnn2C)c1)c1c[nH]c2ccccc12,[BOS]C[C@H](CC(=O)Nc1cccc(-c2nnnn2C)c1)c1c[nH]c2ccccc12[EOS],4629.484705686569,42
11.7,NC(=O)S(=O)(=O)c1ccc([O-])c(Nc2cc3cc[nH]c3cc2C(F)(F)F)c1,[BOS]NC(=O)S(=O)(=O)c1ccc([O-])c(Nc2cc3cc[nH]c3cc2C(F)(F)F)c1[EOS],8757.222234010696,42
12.0,CC(Oc1ccc(-c2cccc([N+](=O)[O-])c2)cc1)c1nnc(-c2ccc3ccccc3c2)o1,[BOS]C[C@H](Oc1ccc(-c2cccc([N+](=O)[O-])c2)cc1)c1nnc(-c2ccc3ccccc3c2)o1[EOS],13417.497007846832,42
12.5,Fc1ccc2c(c1)CC([NH2+]C1CCc3cc(F)cc(F)c3C1)CCC2,[BOS]Fc1ccc2c(c1)C[C@@H]([NH2+][C@@H]1CCc3cc(F)cc(F)c3C1)CCC2[EOS],17313.01323223114,42
12.7,O=C(CCC1Cc2ccccc2NC1=O)Nc1ccc(NC(=O)Nc2ccc3c(c2)CCO3)cc1,[BOS]O=C(CC[C@@H]1Cc2ccccc2NC1=O)Nc1ccc(NC(=O)Nc2ccc3c(c2)CCO3)cc1[EOS],22319.305155277252,42
11.8,CC(NC(N)=NCc1cc(Oc2cccc(Cl)c2)ccn1)c1cccc(S(=O)(=O)N(C)C)c1,[BOS]C[C@@H](NC(N)=NCc1cc(Oc2cccc(Cl)c2)ccn1)c1cccc(S(=O)(=O)N(C)C)c1[EOS],27266.52456188202,42
12.1,CC(CNC(=O)c1ccc(NC(=O)c2ccc(=O)[nH]c2)cc1)c1ccccc1C(F)(F)F,[BOS]C[C@H](CNC(=O)c1ccc(NC(=O)c2ccc(=O)[nH]c2)cc1)c1ccccc1C(F)(F)F[EOS],32483.646222114563,42
13.0,O=C(Nc1n[nH]c(-c2ccc3ccccc3n2)n1)c1ccc2nc(-c3cccnc3)[nH]c2c1,[BOS]O=C(Nc1n[nH]c(-c2ccc3ccccc3n2)n1)c1ccc2nc(-c3cccnc3)[nH]c2c1[EOS],36568.233610868454,42
12.4,O=c1[nH]c2ccc(-c3noc(-c4ccc(-c5ccccc5[SH](=O)=O)c(F)c4F)n3)cc2[nH]1,[BOS]O=S(=O)c1ccccc1-c1ccc(-c2nc(-c3ccc4[nH]c(=O)[nH]c4c3)no2)c(F)c1F[EOS],40879.8215777874,42
11.6,Cc1ccccc1C(C)Nc1cccc(C2(C)CCC(=O)N2)c1,[BOS]Cc1ccccc1[C@@H](C)Nc1cccc([C@@]2(C)CCC(=O)N2)c1[EOS],44610.34214925766,42
12.5,Cc1c(F)cc(-c2cc(C(=O)Nc3ccc(F)c(Cl)c3)ccc2F)cc1C(F)(F)F,[BOS]Cc1c(F)cc(-c2cc(C(=O)Nc3ccc(F)c(Cl)c3)ccc2F)cc1C(F)(F)F[EOS],48590.62454319,42
11.2,CC(NC(=O)c1cccc(Oc2cnccn2)c1)C(O)c1cccc(F)c1,[BOS]C[C@@H](NC(=O)c1cccc(Oc2cnccn2)c1)[C@@H](O)c1cccc(F)c1[EOS],53306.04656934738,42
12.0,O=C(CCc1cccc(F)c1F)Nc1ccc(NCC23CC2CN(C(=O)c2ccno2)C3)cc1[N+](=O)[O-],[BOS]O=C(CCc1cccc(F)c1F)Nc1ccc(NC[C@@]23C[C@H]2CN(C(=O)c2ccno2)C3)cc1[N+](=O)[O-][EOS],5204.313461303711,42
11.9,CC(=O)Nc1ccc(C(C)Nc2ccc3c(c2)C(F)(F)CNC3=O)cc1,[BOS]CC(=O)Nc1ccc([C@H](C)Nc2ccc3c(c2)C(F)(F)CNC3=O)cc1[EOS],9522.69798374176,42
13.6,O=C(Nc1cncc(-c2ccc(F)cc2)c1)C1c2ccccc2Oc2ccccc21,[BOS]O=C(Nc1cncc(-c2ccc(F)cc2)c1)C1c2ccccc2Oc2ccccc21[EOS],13469.353735208511,42
11.2,Cc1ccc(C[NH2+]C2CCC(CNC(=O)c3ccc4onc(C)c4c3)C2)nc1,[BOS]Cc1ccc(C[NH2+][C@@H]2CC[C@H](CNC(=O)c3ccc4onc(C)c4c3)C2)nc1[EOS],18118.000009059906,42
12.3,O=C(NCc1cccc2ccccc12)c1ccc(-c2ccc(F)cc2)cc1F,[BOS]O=C(NCc1cccc2ccccc12)c1ccc(-c2ccc(F)cc2)cc1F[EOS],22556.57054924965,42
11.5,O=C(Cc1ccc2[nH]ncc2c1)Nc1ccc(S(=O)(=O)Nc2cccc(C(F)(F)F)c2)cc1,[BOS]O=C(Cc1ccc2[nH]ncc2c1)Nc1ccc(S(=O)(=O)Nc2cccc(C(F)(F)F)c2)cc1[EOS],27182.086024284363,42
11.7,[NH3+]C(Cc1nc(-c2cccc(-c3nc(-c4cccnc4)no3)c2)no1)c1cccc2ccccc12,[BOS][NH3+][C@@H](Cc1nc(-c2cccc(-c3nc(-c4cccnc4)no3)c2)no1)c1cccc2ccccc12[EOS][EOS][EOS][EOS][EOS],32352.730432510376,42
11.6,O=C(NC1CCc2[nH]ncc2C1)NC(Cc1ccccc1)C(F)(F)F,[BOS]O=C(N[C@H]1CCc2[nH]ncc2C1)N[C@@H](Cc1ccccc1)C(F)(F)F[EOS],36380.57931160927,42
12.2,CC(C(=O)Nc1cccc(-c2n[nH]c(=O)[nH]2)c1)c1ccc(F)c2ccccc12,[BOS]C[C@@H](C(=O)Nc1cccc(-c2n[nH]c(=O)[nH]2)c1)c1ccc(F)c2ccccc12[EOS],40786.834515333176,42
11.3,Cc1nc(-c2ccc(C(=O)Nc3cncc4ccccc34)cc2)n[nH]1,[BOS]Cc1nc(-c2ccc(C(=O)Nc3cncc4ccccc34)cc2)n[nH]1[EOS],44656.26061606407,42
10.7,CSc1cccc(C)c1NC(=O)C=Cc1cc(C(F)(F)F)cc(C(F)(F)F)c1,[BOS]CSc1cccc(C)c1NC(=O)C=Cc1cc(C(F)(F)F)cc(C(F)(F)F)c1[EOS],48961.66570234299,42
12.2,Fc1ccccc1Cn1nnc(-c2ccc(-c3nc(-c4cccc(C(F)(F)F)c4)c[nH]3)cc2)[nH+]1,[BOS]Fc1ccccc1Cn1nnc(-c2ccc(-c3nc(-c4cccc(C(F)(F)F)c4)c[nH]3)cc2)[nH+]1[EOS],53818.07337999344,42
12.5,CC(Nc1ccc2c(c1)CCNC2=O)C(=O)Nc1ccccc1C(=O)c1ccccc1,[BOS]C[C@@H](Nc1ccc2c(c1)CCNC2=O)C(=O)Nc1ccccc1C(=O)c1ccccc1[EOS],4533.560599803925,42
11.7,O=C(CCc1nc(-c2ccc(C(O)C(F)(F)F)cc2)no1)c1cccc2ccccc12,[BOS]O=C(CCc1nc(-c2ccc([C@H](O)C(F)(F)F)cc2)no1)c1cccc2ccccc12[EOS],9716.175265073776,42
11.4,O=C1C([NH2+]Cc2c[nH]c3ccccc23)CCCN1c1cccc(-c2nn[n-]n2)c1,[BOS]O=C1[C@H]([NH2+]Cc2c[nH]c3ccccc23)CCCN1c1cccc(c2nn[n-]n2)c1[EOS],14380.158152341843,42
11.4,CCC(Cc1ccccc1C(F)(F)F)NC(=O)NCc1cccc(-n2cncn2)c1,[BOS]CC[C@@H](Cc1ccccc1C(F)(F)F)NC(=O)NCc1cccc(-n2cncn2)c1[EOS],18989.290157794952,42
11.8,CC(NS(=O)(=O)c1ccc2c(c1)OCCCO2)C(=O)Nc1cccc(CN2CCCC2=O)c1,[BOS]C[C@H](NS(=O)(=O)c1ccc2c(c1)OCCCO2)C(=O)Nc1cccc(CN2CCCC2=O)c1[EOS],24232.05853509903,42
12.5,O=S(=O)(NCc1cccc(Cn2cncn2)c1)c1cnc2ccccc2c1,[BOS]O=S(=O)(NCc1cccc(Cn2cncn2)c1)c1cnc2ccccc2c1[EOS],29089.570770025253,42
11.7,Nc1cc(C[NH2+]C(c2cccc(-c3nn[n-]n3)c2)C(F)(F)F)c2ccccc2c1N=O,[BOS]Nc1cc(C[NH2+][C@@H](c2cccc(-c3nn[n-]n3)c2)C(F)(F)F)c2ccccc2c1N=O[EOS],33469.394484996796,42
11.5,N#CCc1ccc(NC(=O)C2(c3ccc4c(c3)OCCO4)CC2)c(Cl)c1,[BOS]N#CCc1ccc(NC(=O)C2(c3ccc4c(c3)OCCO4)CC2)c(Cl)c1[EOS],37547.57348752022,42
11.8,COC1Cc2ccc(NC(=O)c3cccc(NS(=O)(=O)c4ccc(F)cc4C)c3)cc2C1,[BOS]CO[C@@H]1Cc2ccc(NC(=O)c3cccc(NS(=O)(=O)c4ccc(F)cc4C)c3)cc2C1[EOS][EOS][EOS][EOS][EOS][EOS][EOS][EOS],41699.59726214409,42
13.8,O=C(CCC1Cc2ccccc2NC1=O)Nc1ccc2c(c1)CCCN2C(=O)c1cccc(F)c1-c1cccc(F)c1,[BOS]O=C(CC[C@@H]1Cc2ccccc2NC1=O)Nc1ccc2c(c1)CCCN2C(=O)c1cccc(F)c1-c1cccc(F)c1[EOS],47233.15980672836,42
12.4,N#Cc1ccc(C[NH+]2CCCC(C(=O)Nc3ccc(Br)cn3)C2)c2cc(Cl)ccc12,[BOS]N#Cc1ccc(C[NH+]2CCC[C@@H](C(=O)Nc3ccc(Br)cn3)C2)c2cc(Cl)ccc12[EOS],51557.54892754555,42
11.8,Cc1cc(C(=O)NCc2cccc(F)c2)ccc1NC(=O)c1cc(=O)[nH]c2ccc(F)cc12,[BOS]Cc1cc(C(=O)NCc2cccc(F)c2)ccc1NC(=O)c1cc(=O)[nH]c2ccc(F)cc12[EOS],56487.387655973434,42
12.1,Cc1ccnc(Oc2ccc(C(=O)Nc3cccc(C)c3-c3nn[n-]n3)cc2)c1,[BOS]Cc1ccnc(Oc2ccc(C(=O)Nc3cccc(C)c3-c3nn[n-]n3)cc2)c1[EOS],4442.87121629715,42
11.7,O=C(OCc1ccc(F)cc1-c1nn[n-]n1)c1cn[nH]c1-c1cccc(Cl)c1,[BOS]O=C(OCc1ccc(F)cc1-c1nn[n-]n1)c1cn[nH]c1-c1cccc(Cl)c1[EOS],8892.434394359589,42
12.4,CC(NC(=O)Nc1ccc(-c2nnc3n2CCCCCC3)cc1)c1ccc2c(c1)CCC(=O)N2C,[BOS]C[C@@H](NC(=O)Nc1ccc(-c2nnc3n2CCCCCC3)cc1)c1ccc2c(c1)CCC(=O)N2C[EOS],13805.69279384613,42
12.3,CC1CC(NC(=O)Nc2cc(F)cc(-c3nn[n-]n3)c2)C[NH+]1Cc1ccccc1,[BOS]C[C@H]1C[C@H](NC(=O)Nc2cc(F)cc(-c3nn[n-]n3)c2)C[NH+]1Cc1ccccc1[EOS],18015.757677316666,42
11.3,CCCC(=NNc1nc(SCc2nc(-c3ccccc3F)no2)n[nH]1)c1cccc([N+](=O)[O-])c1,[BOS]CCC/C(=N/Nc1nc(SCc2nc(-c3ccccc3F)no2)n[nH]1)c1cccc([N+](=O)[O-])c1[EOS],23311.310175657272,42
13.2,Cc1c(F)cccc1-c1nnc(-c2cc(COc3ccc(Cc4ccc(F)cc4F)cc3F)ccc2F)o1,[BOS]Cc1c(F)cccc1-c1nnc(-c2cc(COc3ccc(Cc4ccc(F)cc4F)cc3F)ccc2F)o1[EOS],28000.207037210464,42
11.2,Cc1ccccc1C([NH3+])C(=O)NCc1ccc(NC(=O)c2ccccc2)cc1,[BOS]Cc1ccccc1[C@@H]([NH3+])C(=O)NCc1ccc(NC(=O)c2ccccc2)cc1[EOS],32767.09082055092,42
12.2,Cc1ccc(C(O)C(C)NC(=O)Nc2cc(F)cc(-c3nn[n-]n3)c2)cc1C,[BOS]Cc1ccc([C@H](O)[C@H](C)NC(=O)Nc2cc(F)cc(-c3nn[n-]n3)c2)cc1C[EOS],37529.44449305534,42
12.5,O=C(NC1Cc2ccc(-c3nn[n-]n3)cc2C1)C1CC1c1ccc2ccccc2c1,[BOS]O=C(N[C@@H]1Cc2ccc(-c3nn[n-]n3)cc2C1)[C@@H]1C[C@H]1c1ccc2ccccc2c1[EOS],41588.11888599396,42
11.7,Cc1cc(C(=O)Nc2ccc3c(c2)S(=O)(=O)CC3)c2ccc(F)cc2n1,[BOS]Cc1cc(C(=O)Nc2ccc3c(c2)S(=O)(=O)CC3)c2ccc(F)cc2n1[EOS],45456.89380979538,42
11.5,CC1Cc2ccccc2C1Nc1ccc2ncccc2c1[N+](=O)[O-],[BOS]C[C@@H]1Cc2ccccc2[C@@H]1Nc1ccc2ncccc2c1[N+](=O)[O-][EOS],49560.666716337204,42
12.1,O=C(Nc1cc2c3c(c1)CCN3C(=O)CC2)C1C(c2ccccc2)C1(F)F,[BOS]O=C1CCc2cc(NC(=O)[C@H]3[C@@H](c4ccccc4)C3(F)F)cc3c2N1CC3[EOS],53519.164021253586,42
11.4,Cc1ccc(CC(CO)NC(=O)C2CCN(c3ccc4cccc(O)c4n3)CC2)cc1C,[BOS]Cc1ccc(C[C@H](CO)NC(=O)C2CCN(c3ccc4cccc(O)c4n3)CC2)cc1C[EOS],4802.525745868683,42
12.9,O=C(Nc1ccc2cn[nH]c2c1)c1ccc([N-]S(=O)(=O)c2cc(Br)cc3c2OCC3)cc1,[BOS]O=C(Nc1ccc2cn[nH]c2c1)c1ccc([N-]S(=O)(=O)c2cc(Br)cc3c2OCC3)cc1[EOS],9358.015404701233,42
11.5,Cc1[nH]c2ccc(C(=O)OC(C)C(=O)c3ccccc3C(F)(F)F)cc2c1C,[BOS]Cc1[nH]c2ccc(C(=O)O[C@@H](C)C(=O)c3ccccc3C(F)(F)F)cc2c1C[EOS],13454.926507234573,42
12.2,O=C(NC1COc2c(F)cc(F)cc2C1)c1cccc(Nn2c(O)c3c(c2O)CC=CC3)c1,[BOS]O=C(N[C@H]1COc2c(F)cc(F)cc2C1)c1cccc(Nn2c(O)c3c(c2O)CC=CC3)c1[EOS],18087.287714242935,42
13.9,O=C(Nc1ccc2c3c(cccc13)CC2)c1ccc(-c2ccc(CNCC3COc4ccccc4O3)c(F)c2)c(F)c1,[BOS]O=C(Nc1ccc2c3c(cccc13)CC2)c1ccc(-c2ccc(CNC[C@H]3COc4ccccc4O3)c(F)c2)c(F)c1[EOS],22784.371985435486,42
11.1,Clc1ccccc1-c1nc(-c2cccc(CN3CC[NH2+]CC3)c2)no1,[BOS]Clc1ccccc1-c1nc(-c2cccc(CN3CC[NH2+]CC3)c2)no1[EOS],26814.17613530159,42
10.8,CC(C[NH+]=C(O)CCc1cccc(OC2CCCC2)c1)c1nc2ccccc2[nH]1,[BOS]C[C@H](C[NH+]=C(O)CCc1cccc(OC2CCCC2)c1)c1nc2ccccc2[nH]1[EOS],31833.632250070572,42
14.5,CC(Nc1ccc(CC2NC(=O)NC2=O)cc1)C1=C(C(F)(F)F)c2ccccc2CC1,[BOS]C[C@@H](Nc1ccc(C[C@@H]2NC(=O)NC2=O)cc1)c1CCc2ccccc2c1C(F)(F)F[EOS],36882.256009578705,42
11.7,Nc1ccc(C(=O)OCc2nc3cc(C(F)(F)F)ccc3c(=O)[nH]2)cc1-n1ccnn1,[BOS]Nc1ccc(C(=O)OCc2nc3cc(C(F)(F)F)ccc3c(=O)[nH]2)cc1-n1ccnn1[EOS],41175.32697582245,42
12.0,O=C(CC1CCc2ccccc21)NC1CC(c2cccc(C(F)(F)F)c2)C1,[BOS]O=C(C[C@@H]1CCc2ccccc21)N[C@H]1C[C@H](c2cccc(C(F)(F)F)c2)C1[EOS],45388.56807136536,42
11.8,CC(C[NH2+]C1CCCc2ccccc21)c1ccc([S+](F)c2ccc(-n3cnc4ccccc43)cc2)cc1F,[BOS]C[C@@H](C[NH2+][C@H]1CCCc2ccccc21)c1ccc([S+](F)c2ccc(-n3cnc4ccccc43)cc2)cc1F[EOS],49949.0933175087,42
11.3,O=C(NC1CN(C(=O)C2CC23CCC3)C1)c1ccc2cccc(Cl)c2n1,[BOS]O=C(NC1CN(C(=O)[C@@H]2CC23CCC3)C1)c1ccc2cccc(Cl)c2n1[EOS],53718.06070995331,42
12.5,O=C(O)c1cc2cc(NC(=O)C3(c4ccc5c(c4)OC(F)(F)O5)CC3)ccc2o1,[BOS]O=C(Nc1ccc2oc(C(=O)O)cc2c1)C1(c2ccc3c(c2)OC(F)(F)O3)CC1[EOS],4446.364713907242,42
11.3,Oc1cc(NCc2nnc(-c3cccc(Cl)c3)o2)nn1-c1cccc(C(F)(F)F)c1,[BOS]Oc1cc(NCc2nnc(-c3cccc(Cl)c3)o2)nn1-c1cccc(C(F)(F)F)c1[EOS][EOS][EOS],9319.396060466766,42
13.0,O=C(Cc1ccc(NC(=O)NC2CCCc3ccccc32)cc1)NC1CCC2CCCCC2C1,[BOS]O=C(Cc1ccc(NC(=O)N[C@@H]2CCCc3ccccc32)cc1)N[C@@H]1CC[C@H]2CCCC[C@@H]2C1[EOS],14491.762194633484,42
11.1,O=C(NCc1ccc(-n2cnc3ccccc32)cc1Cl)C(=O)NCC1CCCS1(=O)=O,[BOS]O=C(NC[C@@H]1CCCS1(=O)=O)C(=O)NCc1ccc(-n2cnc3ccccc32)cc1Cl[EOS],18810.963711977005,42
12.6,O=S(=O)(Cc1cccc(-c2nn[n-]n2)c1)c1ccc2c(c1)OCC2Cc1cccc2ccccc12,[BOS]O=S(=O)(Cc1cccc(-c2nn[n-]n2)c1)c1ccc2c(c1)OC[C@H]2Cc1cccc2ccccc12[EOS],23162.776365041733,42
12.0,CC(Cc1cncc2ccccc12)c1nc(-c2ccccc2OC2CCCCC2)no1,[BOS]C[C@@H](Cc1cncc2ccccc12)c1nc(-c2ccccc2OC2CCCCC2)no1[EOS],27649.878048181534,42
12.0,CC(C(=O)NCCc1nc(-c2cccc(Cl)c2)no1)c1cccc(C(=O)c2ccccc2)c1,[BOS]C[C@@H](C(=O)NCCc1nc(-c2cccc(Cl)c2)no1)c1cccc(C(=O)c2ccccc2)c1[EOS],32812.507055044174,42
12.2,O=C(OC1CCCc2c(F)cc(F)cc21)c1ccc([13CH2]S(=O)(=O)C=Cc2ccccc2)cc1,[BOS]O=C(O[C@@H]1CCCc2c(F)cc(F)cc21)c1ccc([13CH2]S(=O)(=O)/C=C\c2ccccc2)cc1[EOS],36864.774159908295,42
11.7,FC(F)(F)c1cc(Nc2ccc(C(F)(F)F)c3cn[nH]c23)cc2ncccc12,[BOS]FC(F)(F)c1ccc(Nc2cc(C(F)(F)F)c3cccnc3c2)c2[nH]ncc12[EOS],40925.00780034065,42
11.0,O=C(CNC(=O)c1cccc(Cl)c1)Nc1cc(-c2nc3cc(F)ccc3o2)ccc1Cl,[BOS]O=C(CNC(=O)c1cccc(Cl)c1)Nc1cc(-c2nc3cc(F)ccc3o2)ccc1Cl[EOS][EOS][EOS],45763.03902888298,42
12.0,CC(NC(=O)Nc1ccc([N+](=O)[O-])cc1Cl)c1ccc(NC(=O)c2ccc(F)cc2)cc1,[BOS]C[C@@H](NC(=O)Nc1ccc([N+](=O)[O-])cc1Cl)c1ccc(NC(=O)c2ccc(F)cc2)cc1[EOS],50245.36624121666,42
12.0,CC(OC(=O)c1cccc2c1CNC2=O)c1ccc(S(F)(F)(F)(F)F)cc1,[BOS]C[C@H](OC(=O)c1cccc2c1CNC2=O)c1ccc(S(F)(F)(F)(F)F)cc1[EOS],54754.26193332672,42
11.9,O=c1ccccn1Cc1cccc(OC2CCN(c3ccc(-c4cc(F)c(F)cc4Cl)c(Cl)c3)C(F)(F)N2)c1,[BOS]O=c1ccccn1Cc1cccc(O[C@H]2CCN(c3ccc(-c4cc(F)c(F)cc4Cl)c(Cl)c3)C(F)(F)N2)c1[EOS],5019.635315656662,42
13.1,O=C(Nc1cccc(NC(=O)c2cc(=O)[nH]c3ccc(F)cc23)c1)c1cccc(C(F)(F)F)c1,[BOS]O=C(Nc1cccc(NC(=O)c2cc(=O)[nH]c3ccc(F)cc23)c1)c1cccc(C(F)(F)F)c1[EOS],9788.951086759567,42
13.2,Fc1ccc(-c2nc(-c3cccc(N4CCCC4)c3)no2)c2cc3c(cc12)OCO3,[BOS]Fc1ccc(-c2nc(-c3cccc(N4CCCC4)c3)no2)c2cc3c(cc12)OCO3[EOS],14032.629832983017,42
11.8,CC([NH2+]Cc1cccc2[nH]ncc12)c1ccc(NC(=O)c2cc(Cl)ccc2F)cc1,[BOS]C[C@@H]([NH2+]Cc1cccc2[nH]ncc12)c1ccc(NC(=O)c2cc(Cl)ccc2F)cc1[EOS],18566.01891207695,42
12.2,Cc1c(NC(=O)NCC2(c3ccccc3)CCOCC2)cccc1C(=O)N1CCCCC1,[BOS]Cc1c(NC(=O)NCC2(c3ccccc3)CCOCC2)cccc1C(=O)N1CCCCC1[EOS],23242.120984077454,42
12.4,O=C(NCC1CCC=CO1)c1cccc(Oc2ccc(Cl)cc2-c2nn[n-]n2)c1,[BOS]O=C(NC[C@@H]1CCC=CO1)c1cccc(Oc2ccc(Cl)cc2-c2nn[n-]n2)c1[EOS],28111.451315641403,42
11.5,CC(Oc1ccc2ccccc2c1)c1nnc(CC(C)n2ccc(Nc3ccccc3)cc2=O)o1,[BOS]C[C@H](Cc1nnc([C@H](C)Oc2ccc3ccccc3c2)o1)n1ccc(Nc2ccccc2)cc1=O[EOS],33029.77248215675,42
12.3,O=C(NCc1cccc(Oc2cccc3ccccc23)c1)C(=O)Nc1nc2c(s1)CCCCCC2,[BOS]O=C(NCc1cccc(Oc2cccc3ccccc23)c1)C(=O)Nc1nc2c(s1)CCCCCC2[EOS],38515.15190720558,42
11.6,O=C(Nc1ccc(C(=O)NCCc2noc3ccccc23)c(Cl)c1)c1ccc(N2C=N[CH]C2)cc1,[BOS]O=C(NCCc1noc2ccccc12)c1ccc(NC(=O)c2ccc(N3C[CH]N=C3)cc2)cc1Cl[EOS],43633.64880609512,42
12.9,O=C(NCc1c[nH]c(COc2ccc3c(c2)CCC3)c1)c1cccc(N2C(=O)c3ccccc3C2=O)c1,[BOS]O=C(NCc1c[nH]c(COc2ccc3c(c2)CCC3)c1)c1cccc(N2C(=O)c3ccccc3C2=O)c1[EOS],49212.50352239609,42
12.2,CC(NC(=O)NCC1CCc2ccccc21)c1cccc(NC(=O)c2ccccc2)c1,[BOS]C[C@H](NC(=O)NC[C@@H]1CCc2ccccc21)c1cccc(NC(=O)c2ccccc2)c1[EOS],53858.5816423893,42
11.6,N#CCc1cccc(C(=O)NCC2CC3c4ccccc4C2c2ccccc23)c1,[BOS]N#CCc1cccc(C(=O)NC[C@@H]2CC3c4ccccc4C2c2ccccc23)c1[EOS],57576.532440423965,42
11.6,NC(=O)c1cccc(Oc2ccc(NC(=S)Nc3ccc(C(N)=O)c(C(F)(F)F)c3)cc2)c1,[BOS]NC(=O)c1ccc(NC(=S)Nc2ccc(Oc3cccc(C(N)=O)c3)cc2)cc1C(F)(F)F[EOS],4668.984082937241,42
11.6,Cc1ccc(-c2noc(Cc3ccc(F)cc3Br)n2)c2ccccc12,[BOS]Cc1ccc(-c2noc(Cc3ccc(F)cc3Br)n2)c2ccccc12[EOS],9021.439877033234,42
11.3,OC(CNc1ccc2nc(-c3ccccn3)oc2c1)c1cc(Cl)cc2c1OCOC2,[BOS]O[C@@H](CNc1ccc2nc(-c3ccccn3)oc2c1)c1cc(Cl)cc2c1OCOC2[EOS],14009.937206745148,42
13.3,N=c1[nH]c(NCc2ccc3nnc(-c4ccccc4)n3c2)c(F)cc1-c1ccc(OC(F)(F)F)c(F)c1,[BOS]N=c1[nH]c(NCc2ccc3nnc(-c4ccccc4)n3c2)c(F)cc1-c1ccc(OC(F)(F)F)c(F)c1[EOS],19236.029094696045,42
11.9,O=C(NCc1nc(-c2ccc(F)cc2)n[nH]1)Nc1ccc(F)c(-c2nn[n-]n2)c1,[BOS]O=C(NCc1nc(-c2ccc(F)cc2)n[nH]1)Nc1ccc(F)c(-c2nn[n-]n2)c1[EOS],23987.068030834198,42
11.7,O=C(NOCc1cccnc1)Nc1cccc(N2C(=O)c3ccccc3C2=O)c1,[BOS]O=C(NOCc1cccnc1)Nc1cccc(N2C(=O)c3ccccc3C2=O)c1[EOS],28503.94562935829,42
12.3,O=C(Cc1cc(F)cc2c1OCOC2)Nc1ccc(CNC(=O)c2cc(C(F)(F)F)cc(Cl)n2)cc1,[BOS]O=C(Cc1cc(F)cc2c1OCOC2)Nc1ccc(CNC(=O)c2cc(C(F)(F)F)cc(Cl)n2)cc1[EOS],33329.75164055824,42
12.8,Cc1ccc2ccccc2c1CNc1cc(C(F)(F)F)c(F)cc1-c1nn[n-]n1,[BOS]Cc1ccc2ccccc2c1CNc1cc(C(F)(F)F)c(F)cc1-c1nn[n-]n1[EOS],37552.47343158722,42
12.3,O=c1[nH]c(Cc2c[nH]c3cc(F)ccc23)nc([O-])c1C1CCc2cc(F)ccc2C1,[BOS]O=c1[nH]c(Cc2c[nH]c3cc(F)ccc23)nc([O-])c1[C@H]1CCc2cc(F)ccc2C1[EOS],42522.13083410263,42
12.3,Cc1cc(C)n(Cc2cccc(-c3nnc(-c4c(-c5ccccn5)noc4C)o3)c2)n1,[BOS]Cc1cc(C)n(Cc2cccc(-c3nnc(-c4c(-c5ccccn5)noc4C)o3)c2)n1[EOS],47243.4001660347,42
12.0,CN(C)c1nc2ccc(-c3noc(-c4cc(-c5ccc6c(c5)OCCO6)n[nH]4)n3)cc2[nH]1,[BOS]CN(C)c1nc2ccc(-c3noc(-c4cc(-c5ccc6c(c5)OCCO6)n[nH]4)n3)cc2[nH]1[EOS],51254.188515901566,42
12.1,CNC(=O)c1cccc(Oc2cccc(NC(=O)NCc3cccc(F)c3)c2)c1,[BOS]CNC(=O)c1cc(Oc2cccc(NC(=O)NCc3cccc(F)c3)c2)ccc1[EOS],56123.252205610275,42
12.6,Cc1c(NC(=O)Cc2ccc3c(c2)CCCC3)n[nH]c1NC(=O)c1cc2c(F)cc(Br)cc2[nH]1,[BOS]Cc1c(NC(=O)c2cc3c(F)cc(Br)cc3[nH]2)[nH]nc1NC(=O)Cc1ccc2c(c1)CCCC2[EOS],4334.657044649124,42
11.3,O=C1CCCc2cc(OS(=O)(=O)c3ccc4oc5ccccc5c4c3)ccc2C1,[BOS]O=C1CCCc2cc(OS(=O)(=O)c3ccc4oc5ccccc5c4c3)ccc2C1[EOS],8330.20759010315,42
11.7,CC(NC(=O)NCCc1ccc2ccccc2c1)c1ccc(NC(=O)c2ccc(F)cc2)cc1,[BOS]C[C@H](NC(=O)NCCc1ccc2ccccc2c1)c1ccc(NC(=O)c2ccc(F)cc2)cc1[EOS],13327.718029022217,42
12.3,CC(CNC(=O)Nc1ccc(C(N)=O)c2ccccc12)[NH+]1CCN(c2ccccc2)CC1,[BOS]C[C@H](CNC(=O)Nc1ccc(C(N)=O)c2ccccc12)[NH+]1CCN(c2ccccc2)CC1[EOS],18081.564245939255,42
11.7,Cc1cc2cc(NC(=O)c3ccc(SCc4nnnn4-c4ccccc4)cc3)c(F)cc2nc1F,[BOS]Cc1cc2cc(NC(=O)c3ccc(SCc4nnnn4-c4ccccc4)cc3)c(F)cc2nc1F[EOS][EOS][EOS][EOS][EOS][EOS][EOS][EOS],23347.224329710007,42
11.3,Cc1ccc(C2=NOC(C[NH2+]C3CCc4cc(Br)ccc4NC3=O)C2)c(C)c1,[BOS]Cc1ccc(C2=NO[C@H](C[NH2+][C@@H]3CCc4cc(Br)ccc4NC3=O)C2)c(C)c1[EOS],28044.050753831863,42
11.3,CCCC(NC(=O)C(=O)NC1CCc2cc(O)ccc2C1)c1cccc(C(F)(F)F)c1,[BOS]CCC[C@H](NC(=O)C(=O)N[C@@H]1CCc2cc(O)ccc2C1)c1cccc(C(F)(F)F)c1[EOS],32773.26807498932,42
11.8,CC(NC(=O)c1cccc(NS(=O)(=O)c2ccc3nnn(O)c3c2)c1)c1ccccc1,[BOS]C[C@@H](NC(=O)c1cccc(NS(=O)(=O)c2ccc3nnn(O)c3c2)c1)c1ccccc1[EOS],37330.24960041046,42
11.9,COC(=O)Nc1cc(NC(=O)NCC2(c3cccc(F)c3)CCCCC2)ccc1F,[BOS]COC(=O)Nc1cc(NC(=O)NCC2(c3cccc(F)c3)CCCCC2)ccc1F[EOS],42122.49860930443,42
11.4,Cc1cc(C[NH2+]Cc2cccc(Nc3ncccn3)c2)cc(-c2nn[n-]n2)c1,[BOS]Cc1cc(C[NH2+]Cc2cccc(Nc3ncccn3)c2)cc(-c2nn[n-]n2)c1[EOS],46832.12042570114,42
11.9,O=C(NCC1CCOc2ccccc21)c1cccc(Oc2cccc(Cl)c2-c2nn[n-]n2)c1,[BOS]O=C(NC[C@@H]1CCOc2ccccc21)c1cccc(Oc2cccc(Cl)c2-c2nn[n-]n2)c1[EOS],51833.1153922081,42
13.5,NC(=O)Nc1cc(NC(=O)C(=O)Nc2cccc(N3C(=O)c4ccccc4C3=O)c2)ccc1F,[BOS]NC(=O)Nc1cc(NC(=O)C(=O)Nc2cccc(N3C(=O)c4ccccc4C3=O)c2)ccc1F[EOS],55854.43733167648,42
12.6,Cc1[nH]c(SCc2ccc(C(=O)Nc3cccc(C(F)(F)F)c3)cc2)nc1-c1c[nH]c2ccccc12,[BOS]Cc1[nH]c(SCc2ccc(C(=O)Nc3cccc(C(F)(F)F)c3)cc2)nc1-c1c[nH]c2ccccc12[EOS],5097.2064254283905,42
13.1,Cn1c(CNc2cccc3[nH]c(=O)oc23)nc2ccc(-c3cccc(NCc4ccc(F)c5nc[nH]c45)c3)nc21,[BOS]Cn1c(CNc2cccc3[nH]c(=O)oc23)nc2ccc(-c3cccc(NCc4ccc(F)c5nc[nH]c45)c3)nc21[EOS],9556.027403831482,42
11.4,Cc1cc(C)cc(CC(C)NC(=O)c2nnn(-c3ccc4ccccc4c3)c2C)c1,[BOS]Cc1cc(C)cc(C[C@H](C)NC(=O)c2nnn(-c3ccc4ccccc4c3)c2C)c1[EOS],13924.618005514145,42
10.8,O=C(COC(=O)c1cc2cc(F)ccc2[nH]c1=O)c1cn(-c2ccccc2)nn1,[BOS]O=C(OCC(=O)c1cn(-c2ccccc2)nn1)c1cc2cc(F)ccc2[nH]c1=O[EOS],19171.97667169571,42
12.2,O=C(Cc1n[nH]c(=O)c2ccccc12)Nc1cccc(N2C(=O)c3ccccc3C2=O)c1,[BOS]O=C(Cc1n[nH]c(=O)c2ccccc12)Nc1cccc(N2C(=O)c3ccccc3C2=O)c1[EOS],23568.246888160706,42
12.6,O=C(Nc1ccc(F)c(F)c1)c1cccc(NC(=O)c2ccnc(Cl)c2C(F)(F)F)c1,[BOS]O=C(Nc1cccc(C(=O)Nc2ccc(F)c(F)c2)c1)c1ccnc(Cl)c1C(F)(F)F[EOS],28301.13365292549,42
12.0,O=C(NCC[NH+]1CCc2ccccc2C1)NCc1cccc(-c2ccc3c(c2)CCO3)c1,[BOS]O=C(NCC[NH+]1CCc2ccccc2C1)NCc1cccc(-c2ccc3c(c2)CCO3)c1[EOS],33463.46850299835,42
12.5,O=C(Nc1nccs1)c1ccc(Nc2ccc3cc4ccccc4cc3c2)cc1,[BOS]O=C(Nc1nccs1)c1ccc(Nc2ccc3cc4ccccc4cc3c2)cc1[EOS],37673.58909320831,42
11.9,Fc1cccc(-c2ccc(Cc3nnc(C4COc5ccccc5O4)o3)cc2)c1C(F)(F)F,[BOS]Fc1cccc(-c2ccc(Cc3nnc([C@@H]4COc5ccccc5O4)o3)cc2)c1C(F)(F)F[EOS],42044.68187522888,42
12.3,Cc1ccc(OCc2ccc(C(=O)Nc3ccc(Cn4c(O)cc5ccc(Cl)nc54)cc3)cc2)c(C)c1,[BOS]Cc1ccc(OCc2ccc(C(=O)Nc3ccc(Cn4c(O)cc5ccc(Cl)nc54)cc3)cc2)c(C)c1[EOS],48041.17324590683,42
12.1,O=C(NC1CN(C(=O)C2C=CC=CC=C2)C1)c1cccc2c1CCCC2,[BOS]O=C(NC1CN(C(=O)C2C=CC=CC=C2)C1)c1cccc2c1CCCC2[EOS],51874.69261097908,42
12.7,CC(NC(=O)NCc1ccnc(N2CCCC2)c1)c1ccc(NC(=O)c2ccc(F)cc2)cc1,[BOS]C[C@@H](NC(=O)NCc1ccnc(N2CCCC2)c1)c1ccc(NC(=O)c2ccc(F)cc2)cc1[EOS],56933.984248399734,42
