rv,smi,cur_sentence,elapsed_time,seed
9.3,Cc1cnoc1C(=O)N1CCCCC1c1cc(NC(=O)C2C3CN(C(=O)OC(C)(C)C)CC32)n[nH]1,[BOS]Cc1cnoc1C(=O)N1CCCC[C@@H]1c1cc(NC(=O)[C@H]2[C@@H]3CN(C(=O)OC(C)(C)C)C[C@@H]32)n[nH]1[EOS],4269.04169344902,42
10.3,O=C(c1n[nH]c2ccccc12)N1CCC2(CCCN(C(=O)C3(c4cccc(F)c4)CC3)C2)CC1,[BOS]O=C(c1n[nH]c2ccccc12)N1CCC2(CCCN(C(=O)C3(c4cccc(F)c4)CC3)C2)CC1[EOS],8597.564952373505,42
10.4,CC1Oc2ccc(NC(=O)C3CCN(C(=O)OCC4c5ccccc5-c5ccccc54)CC3)cc2NC1=O,[BOS]C[C@@H]1Oc2ccc(NC(=O)C3CCN(C(=O)OCC4c5ccccc5-c5ccccc54)CC3)cc2NC1=O[EOS],13982.41029715538,42
11.0,O=C(NCc1ccc(N2CCc3ccccc3C2)nc1)NC1c2ccccc2CC12CCOCC2,[BOS]O=C(NCc1ccc(N2CCc3ccccc3C2)nc1)N[C@@H]1c2ccccc2CC12CCOCC2[EOS],18455.06334257126,42
10.2,O=C(NCC1CC(c2ccc3c(c2)CCO3)=NO1)N1CC=C(c2cccc(C(F)(F)F)c2)CC1,[BOS]O=C(NC[C@H]1CC(c2ccc3c(c2)CCO3)=NO1)N1CC=C(c2cccc(C(F)(F)F)c2)CC1[EOS],23062.96887278557,42
10.8,O=C(CC1OCCc2ccccc21)N1CCCCC1c1cc(NC(=O)C2(F)CCCC=C2F)n[nH]1,[BOS]O=C(C[C@@H]1OCCc2ccccc21)N1CCCC[C@@H]1c1cc(NC(=O)[C@@]2(F)CCCC=C2F)n[nH]1[EOS],27997.523678779602,42
9.9,CC(C(=O)N1CCOCC2(CN(C(=O)CCc3cnc4ccccc4c3)CCO2)C1)c1ccc(O)cc1,[BOS]C[C@H](C(=O)N1CCOC[C@@]2(CN(C(=O)CCc3cnc4ccccc4c3)CCO2)C1)c1ccc(O)cc1[EOS],32785.443368673325,42
9.0,O=C1CN(CC(=O)N2CCCCC2c2cc(NC(=O)C3=NOC(c4ccccc4)C3)n[nH]2)C(=O)N1,[BOS]O=C1CN(CC(=O)N2CCCC[C@@H]2c2cc(NC(=O)C3=NO[C@H](c4ccccc4)C3)n[nH]2)C(=O)N1[EOS],37094.315177202225,42
9.8,CC(NC(=O)NC1CC=C(c2ccc(F)cc2)CC1)c1ccc2c(c1)CCC(=O)N2,[BOS]C[C@@H](NC(=O)N[C@H]1CC=C(c2ccc(F)cc2)CC1)c1ccc2c(c1)CCC(=O)N2[EOS],41406.750087976456,42
9.6,O=C(c1ccc(CNC(=O)N2CCCC2c2cccc3ccccc23)cc1)N1CCOCC1,[BOS]O=C(c1ccc(CNC(=O)N2CCC[C@@H]2c2cccc3ccccc23)cc1)N1CCOCC1[EOS],46002.72058343887,42
9.8,Cc1nc(NC(=O)C(=O)NC2CCCCC2c2ccccc2)ccc1-c1ccccc1,[BOS]Cc1nc(NC(=O)C(=O)N[C@@H]2CCCC[C@H]2c2ccccc2)ccc1-c1ccccc1[EOS],49945.41336607933,42
9.6,Cc1cc(=O)c(C(=O)N2CCCC2CC(O)c2ccc(F)cc2)nn1-c1ccccc1C(F)(F)F,[BOS]Cc1cc(=O)c(C(=O)N2CCC[C@H]2C[C@H](O)c2ccc(F)cc2)nn1-c1ccccc1C(F)(F)F[EOS][EOS][EOS],54553.897829294205,42
9.1,Cc1cnc2c(S(=O)(=O)N3CCCC(C(=O)Nc4cccc(C)n4)C3)cccc2c1,[BOS]Cc1cccc(NC(=O)[C@@H]2CCCN(S(=O)(=O)c3cccc4cc(C)cnc34)C2)n1[EOS][EOS],58600.951046705246,42
10.0,CC1Oc2ccc(C(=O)N3CCOC4(CCN(C(=O)CC5Cc6ccccc6C5)C4)C3)cc2NC1=O,[BOS]C[C@@H]1Oc2ccc(C(=O)N3CCO[C@]4(CCN(C(=O)CC5Cc6ccccc6C5)C4)C3)cc2NC1=O[EOS],63080.67252612114,42
9.7,CN1N=C(C(=O)N2CCCCC2C2CCN(C(=O)c3[nH]nc4c3CCc3ncccc3-4)CC2)CCC1=O,[BOS]CN1N=C(C(=O)N2CCCC[C@H]2C2CCN(C(=O)c3[nH]nc4c3CCc3ncccc3-4)CC2)CCC1=O[EOS],67935.26281785965,42
9.8,O=C1CCCc2cc(S(=O)(=O)NC(=O)c3ccc(-c4ccccc4)[nH]c3=O)ccc2N1,[BOS]O=C1CCCc2cc(S(=O)(=O)NC(=O)c3ccc(-c4ccccc4)[nH]c3=O)ccc2N1[EOS],72071.53192448616,42
9.8,O=C(c1ccc2n[nH]c(C(F)(F)F)c2c1)N1CCC2(CCCN(C(=O)c3cncc(F)c3)C2)CC1,[BOS]O=C(c1ccc2n[nH]c(C(F)(F)F)c2c1)N1CCC2(CCCN(C(=O)c3cncc(F)c3)C2)CC1[EOS][EOS][EOS][EOS][EOS][EOS][EOS][EOS],76439.70478630066,42
10.1,O=C(NC1CCCCC1)NC1CCN(C(=O)c2nc(-c3ccccc3)n(-c3ccccc3)n2)CC1,[BOS]O=C(NC1CCCCC1)NC1CCN(C(=O)c2nc(-c3ccccc3)n(-c3ccccc3)n2)CC1[EOS],80654.35493826866,42
9.1,N#Cc1cccc(N2CCOCC3(CCCN(C(=O)c4ccc(-c5ccc(=O)[nH]n5)cc4)C3)C2)c1,[BOS]N#Cc1cccc(N2CCOC[C@@]3(CCCN(C(=O)c4ccc(-c5ccc(=O)[nH]n5)cc4)C3)C2)c1[EOS][EOS],84897.75306677818,42
10.1,Cc1cc(C(=O)N2CCCCC2C2CCN(C(=O)C3Cc4ccccc4N3)CC2)cc2cn[nH]c12,[BOS]Cc1cc(C(=O)N2CCCC[C@@H]2C2CCN(C(=O)[C@@H]3Cc4ccccc4N3)CC2)cc2cn[nH]c12[EOS],89441.3445045948,42
9.4,O=C(c1cnccc1F)N1CCC(C2CCCCN2C(=O)C2CCN(c3ccccc3)CC2)CC1,[BOS]O=C(c1cnccc1F)N1CCC([C@H]2CCCCN2C(=O)C2CCN(c3ccccc3)CC2)CC1[EOS][EOS][EOS][EOS][EOS][EOS][EOS][EOS],93583.33606028557,42
9.9,Cc1ccc(CCC(=O)N2CCC3(C2)CN(C(=O)c2cnnn2C)CCO3)c2ccccc12,[BOS]Cc1ccc(CCC(=O)N2CC[C@]3(C2)CN(C(=O)c2cnnn2C)CCO3)c2ccccc12[EOS][EOS][EOS][EOS][EOS][EOS][EOS][EOS],97817.27424693108,42
9.4,Cc1cccc(COc2cccc(NC(=O)C(=O)NC3CCc4ccc(C)cc43)c2)c1,[BOS]Cc1cccc(COc2cccc(NC(=O)C(=O)N[C@@H]3CCc4ccc(C)cc43)c2)c1[EOS],102047.87012219429,42
10.2,O=C(C1CNc2ccccc21)N1CCC(C2CCCCN2C(=O)C2CC2c2ccccc2)CC1,[BOS]O=C(N1CCC([C@H]2CCCCN2C(=O)[C@@H]2C[C@H]2c2ccccc2)CC1)[C@@H]1CNc2ccccc21[EOS],106208.30924677849,42
11.0,O=C(Nc1ccc(C(=O)N2CCc3ccccc32)cc1)C(=O)N1CCC2(C1)OCc1ccccc12,[BOS]O=C(Nc1ccc(C(=O)N2CCc3ccccc32)cc1)C(=O)N1CC[C@]2(C1)OCc1ccccc12[EOS],4269.253226518631,42
9.4,O=C(Cc1ccccc1)N1CCC(OC2CCN(C(=O)c3ccccc3N3CCCCC3)CC2)CC1,[BOS]O=C(Cc1ccccc1)N1CCC(OC2CCN(C(=O)c3ccccc3N3CCCCC3)CC2)CC1[EOS][EOS][EOS][EOS][EOS][EOS][EOS],8740.352159500122,42
9.7,CC(NC(=O)C1CCN(C(=O)c2ccccc2)C1)c1ccc(-c2ccc(F)cc2)cc1,[BOS]C[C@@H](NC(=O)[C@@H]1CCN(C(=O)c2ccccc2)C1)c1ccc(-c2ccc(F)cc2)cc1[EOS],12971.120047092438,42
9.0,O=C(NC1CC(=O)N(c2ccccc2F)C1)c1cccc(Cc2ccccc2)c1,[BOS]O=C(N[C@@H]1CC(=O)N(c2ccccc2F)C1)c1cccc(Cc2ccccc2)c1[EOS],17076.265543937683,42
10.1,Cc1cccc(C(=O)N2CCCCC2C2CCN(C(=O)c3ncn4nc(N5CCOCC5)ccc34)CC2)c1,[BOS]Cc1cccc(C(=O)N2CCCC[C@H]2C2CCN(C(=O)c3ncn4nc(N5CCOCC5)ccc34)CC2)c1[EOS],21823.372224092484,42
10.9,O=C(CC1Cc2ccccc2C1)N1CCOC2(CCN(C(=O)C3Cc4ccccc4O3)C2)C1,[BOS]O=C(CC1Cc2ccccc2C1)N1CCO[C@]2(CCN(C(=O)[C@H]3Cc4ccccc4O3)C2)C1[EOS],26455.86275935173,42
9.6,O=C(N1CCn2c(Cc3ccccc3)nnc2C1)C1(Cc2ccccc2)CC2CCC1C2,[BOS]O=C(N1CCn2c(Cc3ccccc3)nnc2C1)[C@]1(Cc2ccccc2)C[C@H]2CC[C@H]1C2[EOS],30359.1726770401,42
9.4,O=C(c1ccc(CNC(=O)N2CC(c3ccccc3)C3CCCC32)cc1)N1CCCCC1,[BOS]O=C(c1ccc(CNC(=O)N2C[C@H](c3ccccc3)[C@H]3CCC[C@@H]32)cc1)N1CCCCC1[EOS][EOS][EOS],34789.725710868835,42
9.6,O=C(c1cnc2cc(F)ccc2c1)N1CCC2(CCCN(C(=O)C3CCc4ccccc4C3O)C2)CC1,[BOS]O=C(c1cnc2cc(F)ccc2c1)N1CCC2(CCCN(C(=O)[C@@H]3CCc4ccccc4[C@@H]3O)C2)CC1[EOS][EOS],38742.66605043411,42
9.9,Cc1ccc(N2CC(c3nc(-c4ccc(C(=O)N5CCCC5C)cc4)no3)CC2=O)cc1F,[BOS]Cc1ccc(N2C[C@@H](c3nc(-c4ccc(C(=O)N5CCC[C@H]5C)cc4)no3)CC2=O)cc1F[EOS][EOS][EOS][EOS][EOS][EOS][EOS],43197.29343652725,42
9.5,O=C1NCCn2nc(C(=O)N3CCC4(CCCN(C(=O)COc5cccc6ccccc56)C4)CC3)cc21,[BOS]O=C1NCCn2nc(C(=O)N3CCC4(CCCN(C(=O)COc5cccc6ccccc56)C4)CC3)cc21[EOS],47515.27229785919,42
9.1,O=C(Nc1ccccc1)N1CCC(c2nc(-c3cccc(N4CCCC4=O)c3)no2)CC1,[BOS]O=C(Nc1ccccc1)N1CCC(c2nc(-c3cccc(N4CCCC4=O)c3)no2)CC1[EOS][EOS],51484.5037047863,42
9.6,Cc1ccc2c(c1)CCC2NC(=O)C(=O)Nc1cccc(-c2ccc3c(c2)CCO3)c1,[BOS]Cc1ccc2c(c1)CC[C@@H]2NC(=O)C(=O)Nc1cccc(-c2ccc3c(c2)CCO3)c1[EOS],55479.03767800331,42
10.1,Cc1ccc2oc(C(=O)N3CCC(OC4CCN(C(=O)c5ccc6c(c5)CCCO6)CC4)CC3)cc2n1,[BOS]Cc1ccc2oc(C(=O)N3CCC(OC4CCN(C(=O)c5ccc6c(c5)CCCO6)CC4)CC3)cc2n1[EOS],60713.83665180206,42
9.5,O=C1NCc2cc(C(=O)N3CCCCC3c3cc(NC(=O)c4ccncc4C(F)(F)F)n[nH]3)ccc21,[BOS]O=C(Nc1cc([C@H]2CCCCN2C(=O)c2ccc3c(c2)CNC3=O)[nH]n1)c1ccncc1C(F)(F)F[EOS][EOS],64829.95946955681,42
9.7,CC(C(=O)N1CCC2(CCCN(C(=O)C3CC3c3ccc(F)c(F)c3)C2)CC1)c1ccc(O)cc1,[BOS]C[C@H](C(=O)N1CCC2(CCCN(C(=O)[C@@H]3C[C@@H]3c3ccc(F)c(F)c3)C2)CC1)c1ccc(O)cc1[EOS][EOS][EOS][EOS][EOS][EOS][EOS][EOS],69336.73665761948,42
10.1,Cc1ccc(C2(C(=O)N3CCOCC4(CN(C(=O)c5cc6cccnc6[nH]5)CCO4)C3)CCCCC2)cc1,[BOS]Cc1ccc(C2(C(=O)N3CCOC[C@]4(CN(C(=O)c5cc6cccnc6[nH]5)CCO4)C3)CCCCC2)cc1[EOS][EOS][EOS][EOS][EOS][EOS][EOS],74138.10253453255,42
8.9,O=C(CCc1ccc(F)cc1)N1CCC2(C1)CN(C(=O)c1cc3ccsc3[nH]1)CCO2,[BOS]O=C(CCc1ccc(F)cc1)N1CC[C@@]2(C1)CN(C(=O)c1cc3ccsc3[nH]1)CCO2[EOS][EOS],78356.6058754921,42
9.9,O=C(C1CCN(C2=NS(=O)(=O)c3ccccc32)CC1)N1CCCC1c1cccc2ccccc12,[BOS]O=C(C1CCN(C2=NS(=O)(=O)c3ccccc32)CC1)N1CCC[C@H]1c1cccc2ccccc12[EOS][EOS][EOS][EOS][EOS],82263.15021753311,42
9.6,Cc1cccc2c(C(=O)Nc3nc4c(s3)CC(NC(=O)C35CC(C(F)(F)F)(C3)C5)CC4)[nH]nc12,[BOS]Cc1cccc2c(C(=O)Nc3nc4c(s3)C[C@@H](NC(=O)C35CC(C(F)(F)F)(C3)C5)CC4)[nH]nc12[EOS][EOS][EOS][EOS][EOS],87158.32835555077,42
8.9,O=C(Nc1nc2c(s1)CC(NC(=O)C1CCC=CO1)CC2)c1cccc2[nH]c(C(F)(F)F)nc12,[BOS]O=C(Nc1nc2c(s1)C[C@@H](NC(=O)[C@H]1CCC=CO1)CC2)c1cccc2[nH]c(C(F)(F)F)nc12[EOS][EOS],91142.40796494484,42
9.8,Cc1cccc(C(=O)N2CCC3(CN(C(=O)c4cc(C)c5ccccc5n4)CCO3)C2)c1Cl,[BOS]Cc1cccc(C(=O)N2CC[C@@]3(C2)CN(C(=O)c2cc(C)c4ccccc4n2)CCO3)c1Cl[EOS],95206.48166942596,42
10.3,CC(NC(=O)NCC(=O)N1CCc2ccccc2C1)c1ccc(Cl)c2ccccc12,[BOS]C[C@@H](NC(=O)NCC(=O)N1CCc2ccccc2C1)c1ccc(Cl)c2ccccc12[EOS],99754.01715612411,42
9.3,Cn1cccc(NC(=O)N2CCCC3(CCCc4ccccc43)C2)c1=O,[BOS]Cn1cccc(NC(=O)N2CCC[C@@]3(CCCc4ccccc43)C2)c1=O[EOS],102775.115721941,42
9.2,O=C1CCC(C(=O)NCc2ccc(OCc3cccc(F)c3)cc2)(c2ccccc2)CN1,[BOS]O=C1CC[C@@](C(=O)NCc2ccc(OCc3cccc(F)c3)cc2)(c2ccccc2)CN1[EOS],4886.738621473312,42
9.4,CN1C(=O)COc2ccc(NC(=O)NC3C4CCC3Cc3ccccc3C4)cc21,[BOS]CN1C(=O)COc2ccc(NC(=O)NC3[C@H]4CC[C@H]3Cc3ccccc3C4)cc21[EOS],8750.657130241394,42
9.9,O=C(CN1CCc2c(-c3ccccc3)cccc21)NC(=O)Nc1ccc2c(c1)OCCCO2,[BOS]O=C(CN1CCc2c(-c3ccccc3)cccc21)NC(=O)Nc1ccc2c(c1)OCCCO2[EOS],13033.692229747772,42
9.5,Cc1cccc(C(=O)N2CCCC3(CCN(C(=O)c4cc5ccc(Cl)cc5nn4)CC3)C2)c1F,[BOS]Cc1cccc(C(=O)N2CCCC3(CCN(C(=O)c4cc5ccc(Cl)cc5nn4)CC3)C2)c1F[EOS][EOS][EOS][EOS][EOS],17295.00044775009,42
9.8,O=C(C1Cc2ccccc2O1)N1CCC(C2CCCCN2C(=O)C2CC2c2ccc(F)cc2)CC1,[BOS]O=C([C@@H]1Cc2ccccc2O1)N1CCC([C@@H]2CCCCN2C(=O)[C@@H]2C[C@@H]2c2ccc(F)cc2)CC1[EOS][EOS][EOS][EOS][EOS][EOS],21701.66485285759,42
9.4,O=C(NCC(=O)N1CCOC2(COCCN(C(=O)Cc3c(F)cccc3F)C2)C1)c1cccnc1,[BOS]O=C(NCC(=O)N1CCO[C@]2(COCCN(C(=O)Cc3c(F)cccc3F)C2)C1)c1cccnc1[EOS][EOS][EOS][EOS][EOS],26420.387501716614,42
9.9,CC(C(=O)N1CC=C(c2cccc3ccccc23)CC1)N1C(=O)NC2(CCCC2)C1=O,[BOS]C[C@@H](C(=O)N1CC=C(c2cccc3ccccc23)CC1)N1C(=O)NC2(CCCC2)C1=O[EOS],30239.160793066025,42
9.2,O=C(c1c[nH]c(=O)[nH]c1=O)N1CCOC2(COCCN(C(=O)C3CC3c3ccccc3)C2)C1,[BOS]O=C(c1c[nH]c(=O)[nH]c1=O)N1CCO[C@]2(COCCN(C(=O)[C@@H]3C[C@@H]3c3ccccc3)C2)C1[EOS][EOS][EOS][EOS][EOS][EOS],34009.60939216614,42
9.0,O=C1CCC(C(=O)N2CCC3C2CCN3C(=O)c2cc(C(F)(F)F)nc3ccccc23)CN1,[BOS]O=C1CC[C@@H](C(=O)N2CC[C@H]3[C@@H]2CCN3C(=O)c2cc(C(F)(F)F)nc3ccccc23)CN1[EOS][EOS][EOS][EOS][EOS],38004.62444663048,42
10.4,O=C1OC(c2ccccc2)Cc2cc(C(=O)N3CCN(C(=O)c4ccc(F)cc4F)CC3)ccc21,[BOS]O=C1O[C@H](c2ccccc2)Cc2cc(C(=O)N3CCN(C(=O)c4ccc(F)cc4F)CC3)ccc21[EOS],41922.494602918625,42
10.1,Cc1cc(F)cc(C(=O)Nc2cc(C3CCCCN3C(=O)CC3Cc4ccccc4C3)[nH]n2)c1,[BOS]Cc1cc(F)cc(C(=O)Nc2cc([C@H]3CCCCN3C(=O)CC3Cc4ccccc4C3)[nH]n2)c1[EOS],46357.99927687645,42
10.1,O=C1CSc2cc(C(=O)N3CCOC4(CCN(C(=O)c5ccnn5-c5ccccc5)C4)C3)ccc2N1,[BOS]O=C1CSc2cc(C(=O)N3CCO[C@@]4(CCN(C(=O)c5ccnn5-c5ccccc5)C4)C3)ccc2N1[EOS],50510.75981378555,42
10.5,O=C(Nc1cc(C2CCCCN2C(=O)C2CCCC3CCCCC32)[nH]n1)C1ON=C(c2ccccc2)O1,[BOS]O=C(Nc1cc([C@@H]2CCCCN2C(=O)[C@@H]2CCC[C@@H]3CCCC[C@@H]32)[nH]n1)[C@H]1ON=C(c2ccccc2)O1[EOS],54917.914304971695,42
9.1,CC1CC(=O)Nc2ccccc2N1C(=O)CN(C)C(=O)NCc1ccc(C2CCCCC2)cc1,[BOS]C[C@@H]1CC(=O)Nc2ccccc2N1C(=O)CN(C)C(=O)NCc1ccc(C2CCCCC2)cc1[EOS][EOS][EOS][EOS][EOS][EOS][EOS][EOS],59020.709814071655,42
9.3,Cc1ccc(NC(=O)NC(C)c2ccc3ccccc3c2)cc1S(=O)(=O)C1CCCC1,[BOS]Cc1ccc(NC(=O)N[C@@H](C)c2ccc3ccccc3c2)cc1S(=O)(=O)C1CCCC1[EOS],63143.266258955,42
10.3,O=C(C1CC1c1ccc2ccccc2c1)N1C2C=C(c3ccccc3)CC1CC2,[BOS]O=C([C@H]1C[C@H]1c1ccc2ccccc2c1)N1[C@@H]2CC[C@@H]1C=C(c1ccccc1)C2[EOS],66932.4726126194,42
10.1,O=C(Nc1cnc2c(c1)CCCC2)C(=O)N1CCCC2(CCCc3ccccc32)C1,[BOS]O=C(Nc1cnc2c(c1)CCCC2)C(=O)N1CCC[C@]2(CCCc3ccccc32)C1[EOS],70641.75463986397,42
9.5,O=C(NCC(=O)N1CCc2ccccc21)c1cc(-c2ccc(C(F)(F)F)cc2)ccc1F,[BOS]O=C(NCC(=O)N1CCc2ccccc21)c1cc(-c2ccc(C(F)(F)F)cc2)ccc1F[EOS][EOS][EOS][EOS][EOS][EOS][EOS][EOS],74625.32185769081,42
10.4,O=C(C1Cc2ccccc2O1)N1CCC(C2CCCCN2C(=O)CC2Cc3ccccc3C2)CC1,[BOS]O=C([C@@H]1Cc2ccccc2O1)N1CCC([C@@H]2CCCCN2C(=O)CC2Cc3ccccc3C2)CC1[EOS],79032.41447162628,42
10.2,CN1CCc2cc(C(=O)NC3CCc4nc(NC(=O)C5CCc6ccccc65)sc4C3)ccc21,[BOS]CN1CCc2cc(C(=O)N[C@@H]3CCc4nc(NC(=O)[C@@H]5CCc6ccccc65)sc4C3)ccc21[EOS],83357.43155360222,42
9.0,O=C(NC1(C(=O)N2CCC3(CC(=O)N(c4ccc5c(c4)OCO5)C3)C2)CCCC1)OCc1ccccc1,[BOS]O=C(NC1(C(=O)N2CC[C@@]3(CC(=O)N(c4ccc5c(c4)OCO5)C3)C2)CCCC1)OCc1ccccc1[EOS][EOS][EOS][EOS][EOS],88455.9087793827,42
9.5,O=C(NC1CC(=O)N(c2ccccc2)C1)NC1CCc2ccc(-c3ccccc3)cc21,[BOS]O=C(N[C@@H]1CC(=O)N(c2ccccc2)C1)N[C@H]1CCc2ccc(-c3ccccc3)cc21[EOS],92610.94821023941,42
9.2,Cc1cn(-c2ncccc2F)nc1NC(=O)C1(c2ccnc3ccccc23)CC1,[BOS]Cc1cn(-c2ncccc2F)nc1NC(=O)C1(c2ccnc3ccccc23)CC1[EOS],96528.40790295601,42
9.4,O=C(NCCc1cccc2ccccc12)Nc1cc(N2CCCC2=O)ccc1Cl,[BOS]O=C(NCCc1cccc2ccccc12)Nc1cc(N2CCCC2=O)ccc1Cl[EOS],100540.2203617096,42
9.1,O=C(NC1C2Cc3ccccc3C21)C1CCN(C2=NS(=O)(=O)c3ccccc32)CC1,[BOS]O=C(N[C@@H]1[C@@H]2Cc3ccccc3[C@@H]21)C1CCN(C2=NS(=O)(=O)c3ccccc32)CC1[EOS],3646.2780182361603,42
9.8,CC1CCCc2ccccc2C1NC(=O)Nc1ccc2c(c1)OCC21CC(=O)N(C)CCC1C,[BOS]C[C@@H]1CCCc2ccccc2[C@@H]1NC(=O)Nc1ccc2c(c1)OCC21CC(=O)N(C)CC[C@@H]1C[EOS],7227.859439373016,42
9.1,Cc1nc(NC(=O)C(=O)N2CCOC(c3ccccc3Br)C2)ccc1-c1ccccc1,[BOS]Cc1nc(NC(=O)C(=O)N2CCO[C@H](c3ccccc3Br)C2)ccc1-c1ccccc1[EOS],11134.519124269485,42
9.7,O=S(=O)(c1ccc(C2C=C(c3ccc(Cl)cc3)N=C3NC(O)=NN32)cc1)N1CCCCCC1,[BOS]O=S(=O)(c1ccc([C@H]2C=C(c3ccc(Cl)cc3)N=C3NC(O)=NN32)cc1)N1CCCCCC1[EOS][EOS][EOS],15286.674401283264,42
8.9,CC(C(=O)N1CCCCC1c1cc(NC(=O)c2ccc(=O)[nH]n2)n[nH]1)c1ccc(Cl)cc1,[BOS]C[C@H](C(=O)N1CCCC[C@H]1c1cc(NC(=O)c2ccc(=O)[nH]n2)n[nH]1)c1ccc(Cl)cc1[EOS][EOS][EOS][EOS][EOS][EOS][EOS][EOS],19727.201677560806,42
8.8,CC1CC(c2ccccc2)CCN1C(=O)CNC(=O)c1cc2ccccc2[nH]1,[BOS]C[C@@H]1C[C@@H](c2ccccc2)CCN1C(=O)CNC(=O)c1cc2ccccc2[nH]1[EOS][EOS][EOS],23715.873413562775,42
9.7,Cc1cc(F)cc(CC(=O)N2CCOC3(CCN(C(=O)c4cc(-c5ccccc5Cl)n[nH]4)C3)C2)c1,[BOS]Cc1cc(F)cc(CC(=O)N2CCO[C@]3(CCN(C(=O)c4cc(-c5ccccc5Cl)n[nH]4)C3)C2)c1[EOS],28117.173324108124,42
9.4,O=C(c1cnc2cccc(Cl)c2c1)N1CCC2(C1)CN(C(=O)C1CC1c1ccccc1)CCO2,[BOS]O=C(c1cnc2cccc(Cl)c2c1)N1CC[C@]2(C1)CN(C(=O)[C@H]1C[C@@H]1c1ccccc1)CCO2[EOS][EOS][EOS][EOS][EOS],32260.238045692444,42
9.8,Cc1c(NC(=O)N2CCCCC2c2ccccc2C(F)(F)F)cnn1-c1ccccn1,[BOS]Cc1c(NC(=O)N2CCCC[C@H]2c2ccccc2C(F)(F)F)cnn1-c1ccccn1[EOS],36372.57153439522,42
9.6,O=C(c1c[nH]c2ccc(Oc3ccccc3)cc2c1=O)N1CCc2c(F)cccc2C1,[BOS]O=C(c1c[nH]c2ccc(Oc3ccccc3)cc2c1=O)N1CCc2c(F)cccc2C1[EOS],40374.99551033974,42
9.7,CC(C(=O)N1CCCCC1C1CCN(C(=O)c2[nH]nc3c2CCc2ncccc2-3)CC1)c1ccccc1,[BOS]C[C@@H](C(=O)N1CCCC[C@H]1C1CCN(C(=O)c2[nH]nc3c2CCc2ncccc2-3)CC1)c1ccccc1[EOS][EOS][EOS],44841.72357439995,42
9.0,Cc1c(Br)ccc(C(=O)N2CCCCC2c2cc(NC(=O)C3CCCC3C)n[nH]2)c1F,[BOS]Cc1c(Br)ccc(C(=O)N2CCCC[C@@H]2c2cc(NC(=O)[C@H]3CCC[C@H]3C)n[nH]2)c1F[EOS],48953.17596697807,42
9.6,O=C1N=C2C=C(C(=O)N3CCOc4ccccc43)C=CC2C2=C1CCc1ccccc12,[BOS]O=C1N=C2C=C(C(=O)N3CCOc4ccccc43)C=CC2C2=C1CCc1ccccc12[EOS][EOS],52780.6196808815,42
9.6,O=C(Cc1ccc2c(c1)CCC2)N1CCC2(CCCN(C(=O)c3ccnc(F)c3)C2)CC1,[BOS]O=C(Cc1ccc2c(c1)CCC2)N1CCC2(CCCN(C(=O)c3ccnc(F)c3)C2)CC1[EOS][EOS][EOS][EOS][EOS][EOS][EOS],57106.409093379974,42
9.1,O=C(NCC1CC(c2ccc3c(c2)CCO3)=NO1)NC1(c2cccc(F)c2)CCOCC1,[BOS]O=C(NC[C@H]1CC(c2ccc3c(c2)CCO3)=NO1)NC1(c2cccc(F)c2)CCOCC1[EOS],61593.576867580414,42
9.3,CNC(=O)Nc1ccc(-c2nc(-c3ccccc3C3CC3)nc(N3CCOCC3)n2)cc1,[BOS]CNC(=O)Nc1ccc(-c2nc(-c3ccccc3C3CC3)nc(N3CCOCC3)n2)cc1[EOS],65750.97162532806,42
9.6,CC(NC(=O)N1CC(c2ccccc2)C2CCCC21)c1ccc2c(c1)CCC(=O)N2,[BOS]C[C@H](NC(=O)N1C[C@H](c2ccccc2)[C@H]2CCC[C@H]21)c1ccc2c(c1)CCC(=O)N2[EOS],69615.9668200016,42
10.4,O=C(Cc1ccc2c(c1)C(=O)c1ccccc1CO2)NC1CC2CCC(C1)N2C(=O)c1ccccc1F,[BOS]O=C(Cc1ccc2c(c1)C(=O)c1ccccc1CO2)N[C@H]1C[C@H]2CC[C@@H](C1)N2C(=O)c1ccccc1F[EOS],74363.24334669113,42
10.0,Cc1ccc(-c2cc(C(=O)N3CCOC4(CCN(C(=O)C5(c6ccc(F)c(F)c6)CC5)C4)C3)c[nH]2)cc1,[BOS]Cc1ccc(-c2cc(C(=O)N3CCO[C@]4(CCN(C(=O)C5(c6ccc(F)c(F)c6)CC5)C4)C3)c[nH]2)cc1[EOS],78823.10005259514,42
10.3,O=C(NCCc1cccc2ccccc12)N1CCC(c2nc(-c3ccccn3)no2)CC1,[BOS]O=C(NCCc1cccc2ccccc12)N1CCC(c2nc(-c3ccccn3)no2)CC1[EOS],83070.77170443535,42
10.6,O=C(Nc1cc(C2CCCCN2C(=O)c2noc3c2CCCC3)[nH]n1)C1CCc2ccccc2C1,[BOS]O=C(Nc1cc([C@H]2CCCCN2C(=O)c2noc3c2CCCC3)[nH]n1)[C@@H]1CCc2ccccc2C1[EOS],87279.36105918884,42
9.7,O=C(Cc1ccc2c(c1)OCC2)Nc1cc(S(=O)(=O)N2CCCc3ccccc32)ccc1Cl,[BOS]O=C(Cc1ccc2c(c1)OCC2)Nc1cc(S(=O)(=O)N2CCCc3ccccc32)ccc1Cl[EOS][EOS][EOS][EOS][EOS][EOS][EOS],91944.73220872879,42
10.5,O=C(CC(=O)N1CCOC2(CCN(C(=O)C3=C4c5ccccc5C(=O)N4CC3)C2)C1)Nc1ccc(F)cc1,[BOS]O=C(CC(=O)N1CCO[C@]2(CCN(C(=O)C3=C4c5ccccc5C(=O)N4CC3)C2)C1)Nc1ccc(F)cc1[EOS][EOS],96910.29729008675,42
9.7,O=C(c1cc(O)ccc1F)N1CCC(C2CCCCN2C(=O)C2CC2c2ccc(F)c(F)c2)CC1,[BOS]O=C(c1cc(O)ccc1F)N1CCC([C@@H]2CCCCN2C(=O)[C@H]2C[C@H]2c2ccc(F)c(F)c2)CC1[EOS][EOS][EOS][EOS],101084.72420787811,42
9.7,COc1cccc(N2CC(C(=O)N3CCCCC3c3cc(NC(=O)C4CCC(O)CC4)n[nH]3)CC2=O)c1,[BOS]COc1cccc(N2C[C@H](C(=O)N3CCCC[C@@H]3c3cc(NC(=O)[C@H]4CC[C@H](O)CC4)n[nH]3)CC2=O)c1[EOS],4912.623716831207,42
10.3,O=C(C1Cc2ccccc2O1)N1CCCCC1c1cc(NC(=O)C2(c3ccccc3)CCCC2)n[nH]1,[BOS]O=C([C@@H]1Cc2ccccc2O1)N1CCCC[C@@H]1c1cc(NC(=O)C2(c3ccccc3)CCCC2)n[nH]1[EOS],9356.524161815643,42
10.3,O=C1CCc2ccc(C(=O)N3CCC(C4CCCCN4C(=O)c4ccc5ncccc5c4)CC3)nc2N1,[BOS]O=C1CCc2ccc(C(=O)N3CCC([C@@H]4CCCCN4C(=O)c4ccc5ncccc5c4)CC3)nc2N1[EOS],14345.558866739273,42
9.8,O=C1CC(C(=O)N2CCCC2c2cccc3ccccc23)CN1c1ccc2c(c1)OCCO2,[BOS]O=C1C[C@H](C(=O)N2CCC[C@@H]2c2cccc3ccccc23)CN1c1ccc2c(c1)OCCO2[EOS],18307.15806913376,42
9.7,Cc1cc(F)c(F)c(C(=O)N2CCCCC2c2cc(NC(=O)C3CCc4nc[nH]c4C3)n[nH]2)c1,[BOS]Cc1cc(F)c(F)c(C(=O)N2CCCC[C@@H]2c2cc(NC(=O)[C@H]3CCc4nc[nH]c4C3)n[nH]2)c1[EOS],22910.16714477539,42
9.4,Cc1ccc(C(=O)N2CCC3COC(CNC(=O)C4CCCC5CCCCC54)C3C2)nc1C,[BOS]Cc1ccc(C(=O)N2CC[C@H]3CO[C@@H](CNC(=O)[C@@H]4CCC[C@@H]5CCCC[C@H]54)[C@H]3C2)nc1C[EOS],27217.243641853333,42
10.5,Cc1ccc(CCC(=O)N2CCC3(C2)CN(C(=O)C2CNc4ccccc42)CCO3)c2ccccc12,[BOS]Cc1ccc(CCC(=O)N2CC[C@@]3(C2)CN(C(=O)[C@H]2CNc4ccccc42)CCO3)c2ccccc12[EOS],31971.811504364014,42
9.7,CC(NC(=O)C(=O)Nc1cccc(N2CCCCC2=O)c1)c1cccc2ccccc12,[BOS]C[C@H](NC(=O)C(=O)Nc1cccc(N2CCCCC2=O)c1)c1cccc2ccccc12[EOS],36518.873658418655,42
9.2,Cc1cccc(C2(C(=O)N3CCCC(C(=O)Nc4ccc(Cl)cn4)C3)CC2)c1,[BOS]Cc1cccc(C2(C(=O)N3CCC[C@H](C(=O)Nc4ccc(Cl)cn4)C3)CC2)c1[EOS][EOS][EOS][EOS][EOS],40490.21264028549,42
9.4,Cc1ccccc1C1=NOC(C(=O)N2CCC(c3nc(-c4ccccn4)no3)CC2)C1,[BOS]Cc1ccccc1C1=NO[C@@H](C(=O)N2CCC(c3nc(-c4ccccn4)no3)CC2)C1[EOS],44390.8111538887,42
10.0,O=C(NC1CCCC1c1ccccc1)C(=O)N1CCC(c2nc(-c3ccccn3)no2)CC1,[BOS]O=C(N[C@H]1CCC[C@@H]1c1ccccc1)C(=O)N1CCC(c2nc(-c3ccccn3)no2)CC1[EOS],48624.31472206116,42
9.6,CC1(C(=O)NC2CCc3nc(NC(=O)Cc4cc5cccnc5cc4F)sc3C2)CC1(F)F,[BOS]C[C@@]1(C(=O)N[C@H]2CCc3nc(NC(=O)Cc4cc5cccnc5cc4F)sc3C2)CC1(F)F[EOS][EOS][EOS][EOS][EOS][EOS][EOS][EOS],52942.25676941872,42
9.3,O=C1CC(c2ccccc2)c2cc(-c3cccc4c3CCC43OCCO3)ccc2N1,[BOS]O=C1C[C@@H](c2ccccc2)c2cc(-c3cccc4c3CCC43OCCO3)ccc2N1[EOS],56744.90647530556,42
10.3,O=C(c1ccc2c(n1)OCCO2)N1CCC(OC2CCN(C(=O)C3CCc4ccccc4C3)CC2)CC1,[BOS]O=C(c1ccc2c(n1)OCCO2)N1CCC(OC2CCN(C(=O)[C@@H]3CCc4ccccc4C3)CC2)CC1[EOS],61560.317697286606,42
10.1,CC1(C)CCC(c2noc(CCC(=O)N3CCC(c4ccccc4)=N3)n2)c2ccccc21,[BOS]CC1(C)CC[C@H](c2noc(CCC(=O)N3CCC(c4ccccc4)=N3)n2)c2ccccc21[EOS],66184.83442950249,42
10.5,Cc1ccc(CCC(=O)N2CC3COCC(C2)C3NC(=O)c2ccc(F)cc2)c2ccccc12,[BOS]Cc1ccc(CCC(=O)N2C[C@H]3COC[C@@H](C2)[C@H]3NC(=O)c2ccc(F)cc2)c2ccccc12[EOS],71143.84765553474,42
9.2,Cc1ncccc1CCC(=O)N1CCOC2(CCN(C(=O)C3CC3c3ccc(Cl)cc3)C2)C1,[BOS]Cc1ncccc1CCC(=O)N1CCO[C@]2(CCN(C(=O)[C@@H]3C[C@H]3c3ccc(Cl)cc3)C2)C1[EOS],75778.48818063736,42
9.3,O=C(C1CC1c1cccc(F)c1)N(Cc1ccccc1)c1ccccn1,[BOS]O=C([C@@H]1C[C@@H]1c1cccc(F)c1)N(Cc1ccccc1)c1ccccn1[EOS],79701.59293985367,42
9.1,CC1(CNC(=O)N2CCCN(C(=O)c3cccc(F)c3)CC2)Cc2ccccc2C1,[BOS]CC1(CNC(=O)N2CCCN(C(=O)c3cccc(F)c3)CC2)Cc2ccccc2C1[EOS],83394.72352313995,42
9.1,O=C(Cc1cc(F)cc(F)c1)N1CCOCC2(C1)CN(C(=O)c1cc(=O)c3ccccc3o1)CCO2,[BOS]O=C(Cc1cc(F)cc(F)c1)N1CCOC[C@]2(C1)CN(C(=O)c1cc(=O)c3ccccc3o1)CCO2[EOS][EOS][EOS][EOS][EOS][EOS][EOS][EOS],87967.91560101509,42
9.6,O=C(NCC1CCc2ccccc2C1)N1CCn2c(Cc3ccccc3)nnc2C1,[BOS]O=C(NC[C@H]1CCc2ccccc2C1)N1CCn2c(Cc3ccccc3)nnc2C1[EOS],91895.31585264206,42
9.8,Cc1cc(C)cc(C(=O)Nc2cc(C3CCCCN3C(=O)C3Cc4ccccc4O3)[nH]n2)c1,[BOS]Cc1cc(C)cc(C(=O)Nc2cc([C@@H]3CCCCN3C(=O)[C@@H]3Cc4ccccc4O3)[nH]n2)c1[EOS][EOS][EOS][EOS][EOS][EOS][EOS][EOS],96184.35873532295,42
9.4,O=C(NCC1COC2(CCCCC2)O1)N1CC2CCCC2(c2nc(-c3ccccc3)no2)C1,[BOS]O=C(NC[C@H]1COC2(CCCCC2)O1)N1C[C@H]2CCC[C@@]2(c2nc(-c3ccccc3)no2)C1[EOS],100516.13812088966,42
9.2,CC1CC(C)CN(S(=O)(=O)c2cccc(C(=O)Nc3ccnc(Oc4ccccc4)c3)c2)C1,[BOS]C[C@@H]1C[C@H](C)CN(S(=O)(=O)c2cccc(C(=O)Nc3ccnc(Oc4ccccc4)c3)c2)C1[EOS][EOS][EOS][EOS][EOS],104383.9696199894,42
9.7,O=C1COc2ccc(C(=O)N3CCOC4(CCN(C(=O)C5CCc6cccc(Cl)c65)C4)C3)cc2N1,[BOS]O=C1COc2ccc(C(=O)N3CCO[C@]4(CCN(C(=O)[C@H]5CCc6cccc(Cl)c65)C4)C3)cc2N1[EOS],4192.992770910263,42
9.1,Cn1c(O)cc2cc(CNC(=O)C3(Cc4ccccc4)CC4CCC3C4)ccc21,[BOS]Cn1c(O)cc2cc(CNC(=O)[C@@]3(Cc4ccccc4)C[C@H]4CC[C@H]3C4)ccc21[EOS],8357.494210004807,42
8.9,CN1CCC(C(=O)NC(c2ccc(F)cc2)c2ccc(F)cc2)c2ccccc21,[BOS]CN1CC[C@H](C(=O)NC(c2ccc(F)cc2)c2ccc(F)cc2)c2ccccc21[EOS][EOS][EOS][EOS][EOS][EOS][EOS],12400.921489715576,42
10.0,Cc1ccn2c(=O)c(C(=O)Nc3cc(C4CCCCN4C(=O)C4CC4(F)F)[nH]n3)cnc2c1,[BOS]Cc1ccn2c(=O)c(C(=O)Nc3cc([C@H]4CCCCN4C(=O)[C@H]4CC4(F)F)[nH]n3)cnc2c1[EOS],16814.334352731705,42
9.6,O=C(NC1CC2CCC(C1)N2C(=O)C1CC1c1ccc(Br)cc1)c1n[nH]c2ccccc12,[BOS]O=C(N[C@H]1C[C@H]2CC[C@@H](C1)N2C(=O)[C@H]1C[C@H]1c1ccc(Br)cc1)c1n[nH]c2ccccc12[EOS],21066.183826446533,42
10.5,O=C(C1CCC(c2ccccc2)CC1)N1CC2Cc3cnc(-c4ccccc4)n3CC2C1,[BOS]O=C(C1CCC(c2ccccc2)CC1)N1C[C@H]2Cc3cnc(-c4ccccc4)n3C[C@H]2C1[EOS],24858.797041893005,42
9.6,O=C(Nc1cccc(C(=O)N2CCCc3ccccc32)c1)c1n[nH]c2ccccc2c1=O,[BOS]O=C(Nc1cccc(C(=O)N2CCCc3ccccc32)c1)c1n[nH]c2ccccc2c1=O[EOS][EOS][EOS][EOS],29009.82710456848,42
9.5,CC1CN(c2ccc(NC(=O)C(=O)NC3CCCCC3c3ccccc3)cn2)CC(C)O1,[BOS]C[C@@H]1CN(c2ccc(NC(=O)C(=O)N[C@@H]3CCCC[C@@H]3c3ccccc3)cn2)C[C@@H](C)O1[EOS],33436.27875375748,42
9.3,CC(NC(=O)N1CCC(c2noc3cc(F)ccc23)CC1)c1ccc2c(c1)NC(=O)CO2,[BOS]C[C@@H](NC(=O)N1CCC(c2noc3cc(F)ccc23)CC1)c1ccc2c(c1)NC(=O)CO2[EOS][EOS][EOS][EOS][EOS][EOS][EOS],37451.70498871803,42
9.2,CC1CCCC(CNC(=O)C(=O)Nc2ccc(C(=O)N3CCc4ccccc43)cc2)C1,[BOS]C[C@@H]1CCC[C@H](CNC(=O)C(=O)Nc2ccc(C(=O)N3CCc4ccccc43)cc2)C1[EOS],41612.45913004875,42
10.2,O=C(c1c[nH]c(-c2ccc(F)cc2)c1)N1CCC2(CCCN(C(=O)c3n[nH]c4c3CCCC4)C2)CC1,[BOS]O=C(c1c[nH]c(-c2ccc(F)cc2)c1)N1CCC2(CCCN(C(=O)c3n[nH]c4c3CCCC4)C2)CC1[EOS][EOS][EOS][EOS][EOS][EOS][EOS][EOS],45824.75164294243,42
9.4,CC(=O)N1CCN(c2cccc(NC(=O)NCC3CS(=O)(=O)c4ccccc43)c2)CC1=O,[BOS]CC(=O)N1CCN(c2cccc(NC(=O)NC[C@@H]3CS(=O)(=O)c4ccccc43)c2)CC1=O[EOS][EOS][EOS][EOS][EOS][EOS],49886.27546143532,42
10.1,O=C(NCc1cccnc1)c1ccc(C(=O)NCC2CCCC2c2ccccc2)c(F)c1,[BOS]O=C(NC[C@H]1CCC[C@H]1c1ccccc1)c1ccc(C(=O)NCc2cccnc2)cc1F[EOS],54045.700219869614,42
9.6,O=C(c1cc(-c2ccccc2F)on1)N1CC=C(c2c[nH]c3cc(F)ccc23)CC1,[BOS]O=C(c1cc(-c2ccccc2F)on1)N1CC=C(c2c[nH]c3cc(F)ccc23)CC1[EOS],57996.8369269371,42
9.8,CC1CC(c2ccccc2)N(C(=O)C2CC23CCCc2ccccc23)C1,[BOS]C[C@@H]1C[C@H](c2ccccc2)N(C(=O)[C@H]2C[C@]23CCCc2ccccc23)C1[EOS],61911.5216794014,42
8.8,O=C1NCCN(C(=O)Nc2ccc(Oc3ccc(F)cc3)nc2)C1c1ccccc1C(F)(F)F,[BOS]O=C1NCCN(C(=O)Nc2ccc(Oc3ccc(F)cc3)nc2)[C@H]1c1ccccc1C(F)(F)F[EOS][EOS][EOS][EOS][EOS][EOS][EOS],66343.28610301018,42
9.3,CN1CCCCCC1=NS(=O)(=O)c1ccc(NC(=O)c2n[nH]nc2-c2ccccc2)cc1,[BOS]CN1CCCCC/C1=N\S(=O)(=O)c1ccc(NC(=O)c2n[nH]nc2-c2ccccc2)cc1[EOS][EOS][EOS][EOS][EOS][EOS][EOS][EOS],70993.85102748871,42
9.5,O=C1NCCN(C(=O)C2CC(=O)N(c3cccc4ccccc34)C2)C1CC1CCCCC1,[BOS]O=C1NCCN(C(=O)[C@H]2CC(=O)N(c3cccc4ccccc34)C2)[C@@H]1CC1CCCCC1[EOS],75692.49578738213,42
9.6,O=C(CC1COc2ccccc2O1)N1CCC2(CCCN(C(=O)C3CCCCC3(F)F)C2)CC1,[BOS]O=C(C[C@H]1COc2ccccc2O1)N1CCC2(CCCN(C(=O)[C@H]3CCCCC3(F)F)C2)CC1[EOS],80269.0929992199,42
9.8,Cc1ccc(C(C)C(=O)N2CCC3(CN(C(=O)c4ccc5cn[nH]c5c4)CCO3)C2)cc1,[BOS]Cc1ccc([C@H](C)C(=O)N2CC[C@@]3(CN(C(=O)c4ccc5cn[nH]c5c4)CCO3)C2)cc1[EOS],84407.5689663887,42
9.9,Cc1cc(C)nc(C(=O)Nc2cc(C3CCCCN3C(=O)C3CC3c3ccccc3)[nH]n2)c1,[BOS]Cc1cc(C)nc(C(=O)Nc2cc([C@@H]3CCCCN3C(=O)[C@@H]3C[C@@H]3c3ccccc3)[nH]n2)c1[EOS],88704.05294299126,42
9.0,O=C(NC(c1ccc2c(c1)OCCO2)C1CC1)N1CCC(F)(c2cc(F)cc(F)c2)C1,[BOS]O=C(N[C@H](c1ccc2c(c1)OCCO2)C1CC1)N1CC[C@](F)(c2cc(F)cc(F)c2)C1[EOS][EOS][EOS][EOS][EOS][EOS][EOS],92848.59949064255,42
9.2,CC(NC(=O)C(=O)Nc1ccn(C(C)c2ccccc2)n1)c1ccc2c(c1)CCC(=O)N2,[BOS]C[C@H](NC(=O)C(=O)Nc1ccn([C@H](C)c2ccccc2)n1)c1ccc2c(c1)CCC(=O)N2[EOS][EOS][EOS][EOS][EOS][EOS],97201.15518903732,42
9.3,O=C(C1CCC2CCCCC2C1)N1CCCC(c2nnc3n2CCCCC3)C1,[BOS]O=C([C@@H]1CC[C@@H]2CCCC[C@@H]2C1)N1CCC[C@H](c2nnc3n2CCCCC3)C1[EOS],100953.16959929466,42
9.7,Cc1ccc(-c2cccnc2)cc1NC(=O)C(=O)N1CCN(C(=O)c2ccc(F)cc2F)CC1,[BOS]Cc1ccc(-c2cccnc2)cc1NC(=O)C(=O)N1CCN(C(=O)c2ccc(F)cc2F)CC1[EOS],4429.433256626129,42
9.3,O=C(C1CCC2CCC(=O)N2C1)N1CCOC2(COCCN(C(=O)C3(c4ccccc4)CC3)C2)C1,[BOS]O=C([C@@H]1CC[C@H]2CCC(=O)N2C1)N1CCO[C@@]2(COCCN(C(=O)C3(c4ccccc4)CC3)C2)C1[EOS],8811.229587554932,42
9.0,CC1(C)C(=O)Nc2ccc(C(=O)N=CC(=O)N3CCCc4ccccc43)cc21,[BOS]CC1(C)C(=O)Nc2ccc(C(=O)N=CC(=O)N3CCCc4ccccc43)cc21[EOS],12697.46959233284,42
9.4,C=C(C)c1cccc(C(C)(C)NC(=O)N2CCC3(CCCN(C(=O)c4ccccc4)C3)C2)c1,[BOS]C=C(C)c1cccc(C(C)(C)NC(=O)N2CC[C@@]3(CCCN(C(=O)c4ccccc4)C3)C2)c1[EOS][EOS][EOS],16743.434160470963,42
10.2,O=C(Cc1ccc2c(c1)CCC2)N1CCC2(CCCN(C(=O)c3ccnc(C(F)(F)F)c3)C2)CC1,[BOS]O=C(Cc1ccc2c(c1)CCC2)N1CCC2(CCCN(C(=O)c3ccnc(C(F)(F)F)c3)C2)CC1[EOS][EOS][EOS][EOS][EOS][EOS][EOS][EOS],21039.110175848007,42
9.8,O=C(CC1Cc2ccccc2C1)N1CCC2(C1)CN(C(=O)c1ccncc1-c1ccccc1)CCO2,[BOS]O=C(CC1Cc2ccccc2C1)N1CC[C@@]2(C1)CN(C(=O)c1ccncc1-c1ccccc1)CCO2[EOS][EOS][EOS][EOS],25500.337293863297,42
9.5,CC1CCc2c(F)cccc2C1NC(=O)c1csc(S(=O)(=O)N2CCc3ccccc3C2)c1,[BOS]C[C@@H]1CCc2c(F)cccc2[C@H]1NC(=O)c1csc(S(=O)(=O)N2CCc3ccccc3C2)c1[EOS],29583.236762046814,42
8.8,CC(NC(=O)Nc1ccc2c(c1)CCNC2=O)C(=O)Nc1cccc(N2CCCC2)c1,[BOS]C[C@H](NC(=O)Nc1ccc2c(c1)CCNC2=O)C(=O)Nc1cccc(N2CCCC2)c1[EOS][EOS][EOS],33676.8247320652,42
9.8,Cc1ccc(F)c(C(=O)N2CCOCC3(CN(C(=O)c4ccc5c(c4)NC(=O)CO5)CCO3)C2)c1F,[BOS]Cc1ccc(F)c(C(=O)N2CCOC[C@]3(CN(C(=O)c4ccc5c(c4)NC(=O)CO5)CCO3)C2)c1F[EOS][EOS][EOS][EOS][EOS][EOS],37793.83705353737,42
9.2,O=C(NC1CCCN(C(=O)Nc2cc3c([nH]c2=O)CCCC3)C1)c1cc2ccccc2o1,[BOS]O=C(N[C@H]1CCCN(C(=O)Nc2cc3c([nH]c2=O)CCCC3)C1)c1cc2ccccc2o1[EOS],41788.530594825745,42
9.1,O=c1[nH]c(NCC2CCCC2c2ccccc2)nc2c1cnn2-c1ccccc1,[BOS]O=c1[nH]c(NC[C@H]2CCC[C@@H]2c2ccccc2)nc2c1cnn2-c1ccccc1[EOS],45727.12728738785,42
9.4,CC(NC(=O)N1CCC(c2ccccc2)C1)c1ccc(-c2cccc(C#N)c2)cc1,[BOS]C[C@H](NC(=O)N1CC[C@@H](c2ccccc2)C1)c1ccc(-c2cccc(C#N)c2)cc1[EOS],49735.52537178993,42
9.9,CC(C#N)c1cccc(C(=O)N2CCCCC2c2cc(NC(=O)c3ccc4c(c3)CCCC4=O)n[nH]2)c1,[BOS]C[C@H](C#N)c1cccc(C(=O)N2CCCC[C@@H]2c2cc(NC(=O)c3ccc4c(c3)CCCC4=O)n[nH]2)c1[EOS],54297.428748846054,42
9.5,O=C(Nc1ncn(CC(=O)N2CCCCCC2)n1)C1CC12CCCc1ccccc12,[BOS]O=C(Nc1ncn(CC(=O)N2CCCCCC2)n1)[C@H]1C[C@]12CCCc1ccccc12[EOS],58556.88355207443,42
9.6,Cc1nc(NC(=O)C(=O)NCC2CCC(C)(C)c3ccccc32)ccc1-c1cnn(C)c1,[BOS]Cc1nc(NC(=O)C(=O)NC[C@H]2CCC(C)(C)c3ccccc32)ccc1-c1cnn(C)c1[EOS],62627.14277982712,42
10.1,O=C(NC1CCC2(CCC(=O)N2Cc2cccc(F)c2)CC1)NC1CCCc2ccccc21,[BOS]O=C(NC1CCC2(CCC(=O)N2Cc2cccc(F)c2)CC1)N[C@@H]1CCCc2ccccc21[EOS],67035.90108299255,42
8.7,CC1CN(C(=O)C2CC2c2cccc(C(F)(F)F)c2)CCN1C(=O)Cc1cccc(Cl)c1,[BOS]C[C@@H]1CN(C(=O)[C@@H]2C[C@H]2c2cccc(C(F)(F)F)c2)CCN1C(=O)Cc1cccc(Cl)c1[EOS][EOS][EOS][EOS][EOS][EOS][EOS],70976.14064264297,42
9.1,CC1C(Cc2ccccc2)CCN1c1nnc(CC2OCCC2c2ccccc2)n1C,[BOS]C[C@@H]1[C@@H](Cc2ccccc2)CCN1c1nnc(C[C@@H]2OCC[C@@H]2c2ccccc2)n1C[EOS],75000.45715498924,42
9.5,Cc1[nH]c(=O)c(C(=O)NCc2cc(-c3ccc(F)cc3F)on2)cc1-c1ccccc1,[BOS]Cc1[nH]c(=O)c(C(=O)NCc2cc(-c3ccc(F)cc3F)on2)cc1-c1ccccc1[EOS],79222.11123394966,42
9.7,O=C(C1CN(C(=O)C2CC2c2ccc3ccccc3c2)c2ccccc2O1)N1CCCCC1,[BOS]O=C([C@@H]1CN(C(=O)[C@@H]2C[C@H]2c2ccc3ccccc3c2)c2ccccc2O1)N1CCCCC1[EOS],83511.72533941269,42
8.8,O=C1CCC(C(=O)N2CSCC2c2nnc(-c3ccc(OCc4ccccc4)cc3)o2)N1,[BOS]O=C1CC[C@@H](C(=O)N2CSC[C@@H]2c2nnc(-c3ccc(OCc4ccccc4)cc3)o2)N1[EOS][EOS],87600.19047665596,42
9.6,O=C(c1ccccc1)N1CCCC(Nc2ccc3nnc(-c4cccnc4)n3c2)CC1,[BOS]O=C(c1ccccc1)N1CCC[C@H](Nc2ccc3nnc(-c4cccnc4)n3c2)CC1[EOS],91268.32690429688,42
9.2,O=C(NC1(c2ccc3c(c2)OCCO3)CCCC1)C1=NN(c2ccccc2)C(c2ccccc2)C1,[BOS]O=C(NC1(c2ccc3c(c2)OCCO3)CCCC1)C1=NN(c2ccccc2)[C@H](c2ccccc2)C1[EOS][EOS][EOS][EOS],95369.34039759636,42
9.4,O=S(=O)(c1cc2ccccc2o1)N1CCC(c2c[nH]c3ccccc23)CC1,[BOS]O=S(=O)(c1cc2ccccc2o1)N1CCC(c2c[nH]c3ccccc23)CC1[EOS],98989.18909525871,42
9.8,O=C(c1cn[nH]c1-c1ccc2c(c1)OCO2)N1CCC(N2CCc3ccccc32)CC1,[BOS]O=C(c1cn[nH]c1-c1ccc2c(c1)OCO2)N1CCC(N2CCc3ccccc32)CC1[EOS],4064.2142329216003,42
9.4,Cc1cccc(CNC(=O)N2CCC(c3nc(-c4ccccc4)no3)CC2)c1Br,[BOS]Cc1cccc(CNC(=O)N2CCC(c3nc(-c4ccccc4)no3)CC2)c1Br[EOS],8064.865332603455,42
9.6,Cc1ccc2oc(C(=O)NCC3OCC4CCN(C(=O)C5CCc6cccc(Cl)c65)CC43)cc2n1,[BOS]Cc1ccc2oc(C(=O)NC[C@@H]3OC[C@@H]4CCN(C(=O)[C@@H]5CCc6cccc(Cl)c65)C[C@@H]43)cc2n1[EOS],12854.994683742523,42
8.7,CC(NC(=O)NC(c1ccc2c(c1)CCCC2)c1cccs1)c1nnc2n1CCC2,[BOS]C[C@@H](NC(=O)N[C@H](c1ccc2c(c1)CCCC2)c1cccs1)c1nnc2n1CCC2[EOS][EOS][EOS][EOS][EOS][EOS],16830.587269306183,42
9.7,Cn1nnc2cc(-c3cccc(N4C(=O)CC5CC(C(=O)N6CC(O)=NC6=O)=CC54)n3)ccc2c1=O,[BOS]Cn1nnc2cc(-c3cccc(N4C(=O)CC5CC(C(=O)N6CC(O)=NC6=O)=CC54)n3)ccc2c1=O[EOS][EOS][EOS][EOS],20533.878170251846,42
10.8,Cc1ccc(CCC(=O)N2CC3COCC(C2)C3NC(=O)c2ccc3c(c2)C(=O)CC3)c2ccccc12,[BOS]Cc1ccc(CCC(=O)N2C[C@H]3COC[C@@H](C2)[C@H]3NC(=O)c2ccc3c(c2)C(=O)CC3)c2ccccc12[EOS],25064.697704315186,42
9.6,Cc1ccc(Cn2cccc(NC(=O)C(=O)NCC3C(c4ccccc4)C3(C)C)c2=O)cc1,[BOS]Cc1ccc(Cn2cccc(NC(=O)C(=O)NC[C@@H]3[C@@H](c4ccccc4)C3(C)C)c2=O)cc1[EOS],29909.700661182404,42
9.3,Cc1cnc(C(=O)N2CCCCC2c2cc(NC(=O)CC3OCCc4ccccc43)n[nH]2)cn1,[BOS]Cc1cnc(C(=O)N2CCCC[C@@H]2c2cc(NC(=O)C[C@@H]3OCCc4ccccc43)n[nH]2)cn1[EOS],34182.328177928925,42
9.8,O=C(c1ccc(N2C(=O)c3ccccc3C2=O)cc1)N1CCOC2(CCN(C(=O)C3CCC=CO3)C2)C1,[BOS]O=C(c1ccc(N2C(=O)c3ccccc3C2=O)cc1)N1CCO[C@@]2(CCN(C(=O)[C@H]3CCC=CO3)C2)C1[EOS][EOS][EOS][EOS][EOS],38317.898423194885,42
9.5,O=c1cc(-c2nc(C3CCCc4ccccc43)no2)oc2cc(F)cc(F)c12,[BOS]O=c1cc(-c2nc([C@@H]3CCCc4ccccc43)no2)oc2cc(F)cc(F)c12[EOS],41700.12523841858,42
9.3,CC1CCC(C(=O)N2CCCCC2C2CCN(C(=O)c3nc4ccccc4n(C)c3=O)CC2)CC1,[BOS]Cn1c(=O)c(C(=O)N2CCC([C@@H]3CCCCN3C(=O)[C@H]3CC[C@H](C)CC3)CC2)nc2ccccc21[EOS][EOS][EOS],46357.14898777008,42
9.0,O=C(c1cc(F)ccc1F)C1CCN(C(=O)NCC2CCCc3ccccc32)CC1,[BOS]O=C(c1cc(F)ccc1F)C1CCN(C(=O)NC[C@@H]2CCCc3ccccc32)CC1[EOS][EOS][EOS][EOS][EOS][EOS][EOS],50214.32839989662,42
10.8,O=C(Nc1ccc(C(=O)N2CCc3ccccc32)cc1)C(=O)N1CCc2ccc(O)cc2CC1,[BOS]O=C(Nc1ccc(C(=O)N2CCc3ccccc32)cc1)C(=O)N1CCc2ccc(O)cc2CC1[EOS],54597.42047333717,42
9.1,O=C(Nc1nc2c(s1)CC(NC(=O)C1CCC3CCC(=O)N3C1)CC2)c1ccnc2ccccc12,[BOS]O=C(Nc1nc2c(s1)C[C@H](NC(=O)[C@H]1CC[C@@H]3CCC(=O)N3C1)CC2)c1ccnc2ccccc12[EOS][EOS][EOS],58316.66318774223,42
9.3,Cc1ccc(C(=O)Nc2cc(C3CCCCN3C(=O)Cc3cccc(C(F)(F)F)c3)[nH]n2)c(=O)[nH]1,[BOS]Cc1ccc(C(=O)Nc2cc([C@@H]3CCCCN3C(=O)Cc3cccc(C(F)(F)F)c3)[nH]n2)c(=O)[nH]1[EOS],62395.23958659172,42
9.4,CC1Cc2ccccc2N1S(=O)(=O)c1cccc(C(=O)Nc2ncnn2C(C)(C)C)c1,[BOS]C[C@H]1Cc2ccccc2N1S(=O)(=O)c1cccc(C(=O)Nc2ncnn2C(C)(C)C)c1[EOS],66400.76164674759,42
9.4,O=C(NCC(=O)N1CCCc2ccccc21)NC1(c2ccc(C(F)(F)F)cc2)CCCC1,[BOS]O=C(NCC(=O)N1CCCc2ccccc21)NC1(c2ccc(C(F)(F)F)cc2)CCCC1[EOS],70683.99904298782,42
9.1,O=C(NC1CC1c1ccc2ccccc2c1)C1CN(C(=O)O)c2ccccc2O1,[BOS]O=C(N[C@@H]1C[C@H]1c1ccc2ccccc2c1)[C@@H]1CN(C(=O)O)c2ccccc2O1[EOS],74712.09234523773,42
9.4,Cc1ncccc1C(=O)N1CCC2COC(CNC(=O)C3CCCC4CCCCC43)C2C1,[BOS]Cc1ncccc1C(=O)N1CC[C@H]2CO[C@@H](CNC(=O)[C@@H]3CCC[C@H]4CCCC[C@@H]43)[C@H]2C1[EOS],79549.03015470505,42
9.5,O=C(NC1CCCC1c1ccccc1)N1CCCCC1c1nc(-c2ccccc2)no1,[BOS]O=C(N[C@@H]1CCC[C@@H]1c1ccccc1)N1CCCC[C@H]1c1nc(-c2ccccc2)no1[EOS],83660.84018206596,42
10.2,O=C(Nc1ccc2c(c1)OCO2)C1CCN(C(=O)Nc2ccccc2N2CCc3ccccc32)CC1,[BOS]O=C(Nc1ccc2c(c1)OCO2)C1CCN(C(=O)Nc2ccccc2N2CCc3ccccc32)CC1[EOS],87891.53750443459,42
9.5,Cc1cccc2cc(C(=O)N3CCC(C4CCCCN4C(=O)C4ON=C(c5ccccc5)O4)CC3)[nH]c12,[BOS]Cc1cccc2cc(C(=O)N3CCC([C@H]4CCCCN4C(=O)[C@@H]4ON=C(c5ccccc5)O4)CC3)[nH]c12[EOS],92655.79276180267,42
9.5,O=C(Cc1ccc(Cl)c(F)c1)N1CCCCC1c1cc(NC(=O)C2(F)CCCC=C2F)n[nH]1,[BOS]O=C(Cc1ccc(Cl)c(F)c1)N1CCCC[C@@H]1c1cc(NC(=O)[C@]2(F)CCCC=C2F)n[nH]1[EOS][EOS][EOS][EOS][EOS][EOS][EOS],97007.03095817566,42
10.2,Cc1cc(C(=O)N2CCCCC2C2CCN(C(=O)C3Cc4ccccc4N3)CC2)cc2cn[nH]c12,[BOS]Cc1cc(C(=O)N2CCCC[C@H]2C2CCN(C(=O)[C@@H]3Cc4ccccc4N3)CC2)cc2cn[nH]c12[EOS],101522.21694111824,42
9.6,O=C(c1cccnc1)N1CCCCC1c1cc(NC(=O)C2(c3ccc(C(F)(F)F)cc3)CC2)n[nH]1,[BOS]O=C(c1cccnc1)N1CCCC[C@H]1c1cc(NC(=O)C2(c3ccc(C(F)(F)F)cc3)CC2)n[nH]1[EOS][EOS],3987.1585178375244,42
9.2,O=C(NCC(=O)N1CCc2ccccc2C1)NC1CCCOc2cc(F)ccc21,[BOS]O=C(NCC(=O)N1CCc2ccccc2C1)N[C@H]1CCCOc2cc(F)ccc21[EOS],8253.007459402084,42
9.5,O=C(C1CC1c1ccc2ccccc2c1)N1CCC(OCc2ccc(F)cc2)CC1,[BOS]O=C([C@H]1C[C@@H]1c1ccc2ccccc2c1)N1CCC(OCc2ccc(F)cc2)CC1[EOS][EOS][EOS][EOS][EOS][EOS][EOS][EOS],12041.143966674805,42
9.8,O=C(NC1C2COCC1CN(C(=O)C(=O)C1Cc3ccccc3C1)C2)c1ccc2c(c1)CCCC2=O,[BOS]O=C(N[C@H]1[C@@H]2COC[C@H]1CN(C(=O)C(=O)C1Cc3ccccc3C1)C2)c1ccc2c(c1)CCCC2=O[EOS],16360.032964468002,42
8.8,CC(NC(=O)NCc1cccc(C(F)(F)F)c1)c1nc(-c2cccc(F)c2)no1,[BOS]C[C@H](NC(=O)NCc1cccc(C(F)(F)F)c1)c1nc(-c2cccc(F)c2)no1[EOS][EOS][EOS][EOS],20363.420129060745,42
9.5,Cn1c(=O)c(C(=O)N2CCCCC2C2CCN(C(=O)C3CCc4ccccc43)CC2)nc2ccccc21,[BOS]Cn1c(=O)c(C(=O)N2CCCC[C@H]2C2CCN(C(=O)[C@@H]3CCc4ccccc43)CC2)nc2ccccc21[EOS],24902.565945386887,42
8.9,Cc1[nH]ncc1C1CCN(C(=O)C2c3ccccc3Oc3ccccc32)CC1,[BOS]Cc1[nH]ncc1C1CCN(C(=O)C2c3ccccc3Oc3ccccc32)CC1[EOS],28371.951469182968,42
10.0,Cc1ccc(C(C)C(=O)N2CCOC3(COCCN(C(=O)c4ccc5c(C)cccc5c4)C3)C2)cc1,[BOS]Cc1ccc([C@H](C)C(=O)N2CCO[C@]3(COCCN(C(=O)c4ccc5c(C)cccc5c4)C3)C2)cc1[EOS],32615.407552719116,42
9.0,Cc1nc(NC(=O)NC2CCN(c3ncccc3F)C2)sc1Cc1ccc(F)cc1F,[BOS]Cc1nc(NC(=O)N[C@H]2CCN(c3ncccc3F)C2)sc1Cc1ccc(F)cc1F[EOS][EOS][EOS][EOS][EOS][EOS][EOS],36220.11631941795,42
8.8,O=C(Nc1ccc(C(=O)N2CCCC2)cc1)C(=O)Nc1cc(C2CC3CCC2C3)[nH]n1,[BOS]O=C(Nc1cc([C@@H]2C[C@H]3CC[C@H]2C3)[nH]n1)C(=O)Nc1ccc(C(=O)N2CCCC2)cc1[EOS],39957.306038856506,42
9.5,CC1C(Cc2ccccc2)CCN1C(=O)C1CCN(c2ccc3nnc(C(F)(F)F)n3n2)CC1,[BOS]C[C@H]1[C@@H](Cc2ccccc2)CCN1C(=O)C1CCN(c2ccc3nnc(C(F)(F)F)n3n2)CC1[EOS],43860.323773145676,42
9.5,CC1CN(C(=O)c2ccc(CNC(=O)N3CCC(c4cccc(F)c4)C3)cc2)CC(C)O1,[BOS]C[C@@H]1CN(C(=O)c2ccc(CNC(=O)N3CC[C@H](c4cccc(F)c4)C3)cc2)C[C@@H](C)O1[EOS][EOS][EOS][EOS][EOS][EOS][EOS],48050.33704972267,42
9.5,Cc1cc(F)cc(CC(=O)N2CCOCC3(C2)CN(C(=O)C2CCc4[nH]c(=O)[nH]c(=O)c4C2)CCO3)c1,[BOS]Cc1cc(F)cc(CC(=O)N2CCOC[C@@]3(C2)CN(C(=O)[C@@H]2CCc4[nH]c(=O)[nH]c(=O)c4C2)CCO3)c1[EOS][EOS][EOS][EOS],52150.87920880318,42
9.4,O=C(NC1CCc2nc(NC(=O)C3ON=C(c4ccccc4)O3)sc2C1)c1ccccc1C1CC1,[BOS]O=C(N[C@H]1CCc2nc(NC(=O)[C@@H]3ON=C(c4ccccc4)O3)sc2C1)c1ccccc1C1CC1[EOS][EOS][EOS][EOS][EOS],56095.76967072487,42
8.9,O=C1CN(C(=O)c2ccc(CNC(=O)Nc3c4c(cc5c3CCC5)CCC4)cc2)CCN1,[BOS]O=C1CN(C(=O)c2ccc(CNC(=O)Nc3c4c(cc5c3CCC5)CCC4)cc2)CCN1[EOS][EOS][EOS][EOS][EOS][EOS][EOS][EOS],60203.65518069267,42
9.3,CC1CCc2c1n[nH]c2C(=O)Nc1nc2c(s1)CC(NC(=O)c1cc3n(n1)CCCO3)CC2,[BOS]C[C@@H]1CCc2c1n[nH]c2C(=O)Nc1nc2c(s1)C[C@@H](NC(=O)c1cc3n(n1)CCCO3)CC2[EOS][EOS][EOS][EOS][EOS][EOS],64006.51893782616,42
9.3,O=C(c1nc(-c2ccccc2)n(-c2cccc(C(F)(F)F)c2)n1)N1CC2C3CCC(O3)C2C1,[BOS]O=C(c1nc(-c2ccccc2)n(-c2cccc(C(F)(F)F)c2)n1)N1C[C@@H]2[C@@H](C1)[C@H]1CC[C@H]2O1[EOS],67939.41649127007,42
10.6,O=C(c1n[nH]c2ccc(F)cc12)N1CCOCC2(C1)CN(C(=O)C1CCCC3CCCCC31)CCO2,[BOS]O=C(c1n[nH]c2ccc(F)cc12)N1CCOC[C@]2(C1)CN(C(=O)[C@@H]1CCC[C@H]3CCCC[C@@H]31)CCO2[EOS],72262.90504693985,42
9.4,COc1cccc2c1CC(C(=O)Nc1nc3c(s1)CC(NC(=O)c1noc4c1CCCC4)CC3)CC2,[BOS]COc1cccc2c1C[C@@H](C(=O)Nc1nc3c(s1)C[C@@H](NC(=O)c1noc4c1CCCC4)CC3)CC2[EOS][EOS][EOS],76266.20314335823,42
9.1,Cc1cccc(C)c1C(C)NC(=O)NCc1ccc(C2(C)NC(=O)NC2=O)cc1,[BOS]Cc1cccc(C)c1[C@@H](C)NC(=O)NCc1ccc([C@@]2(C)NC(=O)NC2=O)cc1[EOS],80371.03339982033,42
9.8,CC1CC(C)CN(S(=O)(=O)c2ccc(C(=O)NCc3cc4ccccc4n(C)c3=O)cc2)C1,[BOS]C[C@@H]1C[C@H](C)CN(S(=O)(=O)c2ccc(C(=O)NCc3cc4ccccc4n(C)c3=O)cc2)C1[EOS],84967.96020293236,42
9.9,Cc1nc(C2=NC(c3ccc4c(c3)NC(=O)C(C)(C)O4)NO2)nn(-c2ccccc2)c1=O,[BOS]Cc1nc(C2=NC(c3ccc4c(c3)NC(=O)C(C)(C)O4)NO2)nn(-c2ccccc2)c1=O[EOS][EOS][EOS],89072.190969944,42
9.4,CC(=O)N1CCCCCC1C1CCN(C(=O)C2CC23CCCc2ccccc23)CC1,[BOS]CC(=O)N1CCCCC[C@@H]1C1CCN(C(=O)[C@H]2C[C@]23CCCc2ccccc23)CC1[EOS],93183.75122117996,42
10.0,Cc1ccc(-c2csc(NC(=O)C(=O)N3CCN(C(=O)c4cccc(C(F)(F)F)c4)CC3)n2)cc1C,[BOS]Cc1ccc(-c2csc(NC(=O)C(=O)N3CCN(C(=O)c4cccc(C(F)(F)F)c4)CC3)n2)cc1C[EOS],97355.44826292992,42
9.6,CN(C)C(=O)c1cccc(C(=O)N2CCC3(CN(C(=O)c4ccc5c(c4)C(=O)CC5)CCO3)C2)c1,[BOS]CN(C)C(=O)c1cccc(C(=O)N2CC[C@]3(C2)CN(C(=O)c2ccc4c(c2)C(=O)CC4)CCO3)c1[EOS],4247.799517869949,42
9.0,O=C(NN1CCc2ccccc2C1=O)C1CC(=O)N(c2ccc3c(c2)Cc2ccccc2-3)C1,[BOS]O=C(NN1CCc2ccccc2C1=O)[C@@H]1CC(=O)N(c2ccc3c(c2)Cc2ccccc2-3)C1[EOS][EOS][EOS][EOS][EOS][EOS],8160.4683175086975,42
8.9,Cn1nc(-c2ccccc2)c2c1CC1CN(C(=O)CN3CC(c4ccccc4)CC3=O)CC21,[BOS]Cn1nc(-c2ccccc2)c2c1C[C@@H]1CN(C(=O)CN3C[C@@H](c4ccccc4)CC3=O)C[C@H]21[EOS][EOS][EOS][EOS][EOS][EOS][EOS],12271.315792322159,42
10.2,O=C1CC(c2ccccc2)c2cc(-c3cc(C(=O)N4CCNCC(F)(F)C4)ccc3F)ccc2N1,[BOS]O=C(c1ccc(F)c(-c2ccc3c(c2)[C@H](c2ccccc2)CC(=O)N3)c1)N1CCNCC(F)(F)C1[EOS][EOS][EOS][EOS][EOS][EOS][EOS],16425.629580020905,42
9.4,Cc1ccc2cccc(Nc3ccc(C(=O)N4CCC(=O)CC4)cc3)c2c1,[BOS]Cc1ccc2cccc(Nc3ccc(C(=O)N4CCC(=O)CC4)cc3)c2c1[EOS],20315.565712928772,42
9.4,O=C(Nc1cc(C2CCCCN2C(=O)CC2CCCC2)[nH]n1)c1c[nH]c2ncccc12,[BOS]O=C(Nc1cc([C@@H]2CCCCN2C(=O)CC2CCCC2)[nH]n1)c1c[nH]c2ncccc12[EOS][EOS][EOS][EOS][EOS][EOS],24328.202785015106,42
10.3,O=C(Nc1cccc(-c2ccccc2)c1)C(=O)N1CCN(C(=O)c2cccc(C(F)(F)F)c2)CC1,[BOS]O=C(Nc1cccc(-c2ccccc2)c1)C(=O)N1CCN(C(=O)c2cccc(C(F)(F)F)c2)CC1[EOS],28849.56795144081,42
9.9,O=C(Nc1ccc(CC(=O)N2CCCc3ccccc32)cc1)NC1CC(=O)N(C2CCCCC2)C1,[BOS]O=C(Nc1ccc(CC(=O)N2CCCc3ccccc32)cc1)N[C@H]1CC(=O)N(C2CCCCC2)C1[EOS],33447.481310606,42
9.3,O=C(NC1CCc2nnnn2CC1)N1CCCC1c1cccc2ccccc12,[BOS]O=C(N[C@H]1CCc2nnnn2CC1)N1CCC[C@@H]1c1cccc2ccccc12[EOS],37479.959919691086,42
9.6,Cc1cncc(C(=O)N2CCCCC2c2cc(NC(=O)c3ccc4c(c3)NC(=O)CC4)n[nH]2)c1,[BOS]Cc1cncc(C(=O)N2CCCC[C@@H]2c2cc(NC(=O)c3ccc4c(c3)NC(=O)CC4)n[nH]2)c1[EOS],41952.883246421814,42
9.1,CN(Cc1ccccc1)C(=O)N1CCN(C(=O)NCc2nnc(-c3ccccc3)s2)CC1,[BOS]CN(Cc1ccccc1)C(=O)N1CCN(C(=O)NCc2nnc(-c3ccccc3)s2)CC1[EOS],46260.28594183922,42
9.4,CC1Cc2cc(S(=O)(=O)N3CCCC(C(=O)Nc4ccccc4)C3)ccc2N1C(=O)C1CC1,[BOS]C[C@H]1Cc2cc(S(=O)(=O)N3CCC[C@H](C(=O)Nc4ccccc4)C3)ccc2N1C(=O)C1CC1[EOS],50469.8065905571,42
8.9,O=C(c1ccc(-n2cnnc2)cc1)N1CCOC2(COCCN(C(=O)C(O)Cc3ccccc3)C2)C1,[BOS]O=C(c1ccc(-n2cnnc2)cc1)N1CCO[C@@]2(COCCN(C(=O)[C@H](O)Cc3ccccc3)C2)C1[EOS][EOS],54869.00545477867,42
9.2,Cc1ccc(C2(C(=O)NC3CC4CCC(C3)N4C(=O)C3(C)CCCC3)CCCCC2)cc1,[BOS]Cc1ccc(C2(C(=O)N[C@H]3C[C@H]4CC[C@@H](C3)N4C(=O)C3(C)CCCC3)CCCCC2)cc1[EOS][EOS][EOS][EOS][EOS][EOS][EOS],59350.00984430313,42
9.7,CC1Cc2ccccc2N1C1CCN(C(=O)c2ccc3c(=O)n4c(nc3c2)CCC4)CC1,[BOS]C[C@@H]1Cc2ccccc2N1C1CCN(C(=O)c2ccc3c(=O)n4c(nc3c2)CCC4)CC1[EOS],63258.05489730835,42
8.9,Cc1cc2cc(NC(=O)C(=O)N3CCc4ccc(F)cc4C(C)C3)ccc2[nH]c1=O,[BOS]Cc1cc2cc(NC(=O)C(=O)N3CCc4ccc(F)cc4[C@@H](C)C3)ccc2[nH]c1=O[EOS][EOS][EOS][EOS],67320.94711852074,42
9.8,O=C(c1ccc(F)cn1)N1CCC(C2CCCCN2C(=O)C2CCN(c3ccc(F)cn3)CC2)CC1,[BOS]O=C(c1ccc(F)cn1)N1CCC([C@@H]2CCCCN2C(=O)C2CCN(c3ccc(F)cn3)CC2)CC1[EOS],71693.75651407242,42
9.5,CC1CCc2ccccc2C1NC(=O)c1ccc(S(=O)(=O)N2CCCCCC2)cc1,[BOS]C[C@@H]1CCc2ccccc2[C@@H]1NC(=O)c1ccc(S(=O)(=O)N2CCCCCC2)cc1[EOS],75643.81402254105,42
9.2,Cc1cc(=O)[nH]c(N2CCC(NC(=O)C3CC3c3cccc4ccccc34)CC2)n1,[BOS]Cc1cc(=O)[nH]c(N2CCC(NC(=O)[C@H]3C[C@H]3c3cccc4ccccc34)CC2)n1[EOS],79745.12872838974,42
10.6,Cc1c(C(=O)N2CCOCC3(C2)CN(C(=O)C2CCCC4CCCCC42)CCO3)ccc(F)c1F,[BOS]Cc1c(C(=O)N2CCOC[C@]3(C2)CN(C(=O)[C@@H]2CCC[C@@H]4CCCC[C@@H]42)CCO3)ccc(F)c1F[EOS],83932.63224172592,42
9.2,O=C1NCCCc2c(NC(=O)N3CCCC3c3ccccc3C(F)(F)F)cccc21,[BOS]O=C1NCCCc2c(NC(=O)N3CCC[C@H]3c3ccccc3C(F)(F)F)cccc21[EOS],87981.80793809891,42
10.0,CNC(=O)c1ccc2c(c1)C1(CCN(C(=O)CC3CCc4cc(F)ccc4C3)CC1)C(=O)N2,[BOS]CNC(=O)c1ccc2c(c1)C1(CCN(C(=O)C[C@H]3CCc4cc(F)ccc4C3)CC1)C(=O)N2[EOS],92027.02642154694,42
9.2,CC(C(=O)N1CCCC2(CCN(C(=O)c3cnc4c(c3)NC(=O)CS4)CC2)C1)n1ccccc1=O,[BOS]C[C@H](C(=O)N1CCCC2(CCN(C(=O)c3cnc4c(c3)NC(=O)CS4)CC2)C1)n1ccccc1=O[EOS][EOS][EOS][EOS][EOS][EOS][EOS][EOS],96346.30431723595,42
9.1,Cc1cccc(CC(=O)N2CCCCC2C2CCN(C(=O)c3[nH]nc4c3CCc3ncccc3-4)CC2)c1,[BOS]Cc1cccc(CC(=O)N2CCCC[C@@H]2C2CCN(C(=O)c3[nH]nc4c3CCc3ncccc3-4)CC2)c1[EOS][EOS][EOS],100384.30987858772,42
9.2,Cc1ccc(-n2cc(NC(=O)C(=O)N3CCC(C(=O)Nc4cccc(F)c4)CC3)cn2)c(C)c1,[BOS]Cc1ccc(-n2cc(NC(=O)C(=O)N3CCC(C(=O)Nc4cccc(F)c4)CC3)cn2)c(C)c1[EOS],4367.2180025577545,42
10.5,O=C(c1ccc2c(n1)OCCO2)N1CCCC2(CCN(C(=O)c3cnnc4ccccc34)CC2)C1,[BOS]O=C(c1ccc2c(n1)OCCO2)N1CCCC2(CCN(C(=O)c3cnnc4ccccc34)CC2)C1[EOS],8535.060145139694,42
10.8,O=C(NCc1ccc(N2CCc3ccccc3C2)nc1)C1CC12CCCc1ccccc12,[BOS]O=C(NCc1ccc(N2CCc3ccccc3C2)nc1)[C@@H]1C[C@@]12CCCc1ccccc12[EOS],12874.862822532654,42
9.2,Cc1cccc(-c2ccc(CN=C(O)NC3CS(=O)(=O)c4ccccc43)cc2)c1,[BOS]Cc1cccc(-c2ccc(CN=C(O)NC3CS(=O)(=O)c4ccccc43)cc2)c1[EOS],17108.450159072876,42
9.9,CC(NC(=O)N1CCN(C(=O)c2ccc3c(c2)OCO3)CC1)c1nc(-c2cccc(F)c2)no1,[BOS]C[C@H](NC(=O)N1CCN(C(=O)c2ccc3c(c2)OCO3)CC1)c1nc(-c2cccc(F)c2)no1[EOS],21336.549588680267,42
9.6,O=C(NCc1ccnc(N2CCCCC2)c1)c1ccc(N2CCc3ccccc3C2)cc1,[BOS]O=C(NCc1ccnc(N2CCCCC2)c1)c1ccc(N2CCc3ccccc3C2)cc1[EOS],25672.961569309235,42
9.1,CC(Nc1ccccn1)C(=O)N1CCC2(CN(C(=O)c3cnnc4ccccc34)CCO2)C1,[BOS]C[C@@H](Nc1ccccn1)C(=O)N1CC[C@]2(CN(C(=O)c3cnnc4ccccc34)CCO2)C1[EOS][EOS][EOS][EOS][EOS][EOS][EOS][EOS],30200.834453821182,42
9.1,O=C(NCc1cnn2ccccc12)N1CCc2cc(-c3ccccc3)oc2C1,[BOS]O=C(NCc1cnn2ccccc12)N1CCc2cc(-c3ccccc3)oc2C1[EOS],34235.69950604439,42
8.8,CC1Oc2ccc(C(=O)N3CCN(C(=O)C4COc5ccccc5O4)CC3)cc2N(C)C1=O,[BOS]C[C@H]1Oc2ccc(C(=O)N3CCN(C(=O)[C@H]4COc5ccccc5O4)CC3)cc2N(C)C1=O[EOS][EOS][EOS][EOS][EOS][EOS][EOS],38328.7110683918,42
9.2,N#Cc1ccc(OC2CCN(C(=O)NCC3CCCCC3c3ccccc3)CC2)c(F)c1,[BOS]N#Cc1ccc(OC2CCN(C(=O)NC[C@@H]3CCCC[C@H]3c3ccccc3)CC2)c(F)c1[EOS],42327.63997673988,42
9.7,CCc1ccc(C2CN(C(=O)C(=O)Nc3ccc(-c4nnc5n4CCCCCC5)cc3)CCO2)cc1,[BOS]CCc1ccc([C@H]2CN(C(=O)C(=O)Nc3ccc(-c4nnc5n4CCCCCC5)cc3)CCO2)cc1[EOS],46414.03209018707,42
9.7,CC(C)c1cccc2c1CCN(C(=O)NCc1ccc(C(=O)N3CCCC3)cc1)C2,[BOS]CC(C)c1cccc2c1CCN(C(=O)NCc1ccc(C(=O)N3CCCC3)cc1)C2[EOS],50241.61814117432,42
10.4,O=C(COc1cccc2ccccc12)N1CCC2(CCCN(C(=O)c3cnn4c3OCCC4)C2)CC1,[BOS]O=C(COc1cccc2ccccc12)N1CCC2(CCCN(C(=O)c3cnn4c3OCCC4)C2)CC1[EOS],54740.128769636154,42
9.2,O=C1CN(C(=O)C2CC2c2ccccc2C(F)(F)F)c2ccc(S(=O)(=O)N3CCCCC3)cc2N1,[BOS]O=C1CN(C(=O)[C@@H]2C[C@H]2c2ccccc2C(F)(F)F)c2ccc(S(=O)(=O)N3CCCCC3)cc2N1[EOS][EOS][EOS][EOS][EOS][EOS][EOS][EOS],59003.206334114075,42
10.4,Cc1cccc(C)c1N1CC(C(=O)N2CCCCC2c2cc(NC(=O)C3CCC(O)CC3)n[nH]2)CC1=O,[BOS]Cc1cccc(C)c1N1C[C@H](C(=O)N2CCCC[C@@H]2c2cc(NC(=O)C3CCC(O)CC3)n[nH]2)CC1=O[EOS],64114.04813337326,42
10.2,O=C1Cc2cccc(C(=O)N3CCOCC4(C3)CN(C(=O)C3CCCC5CCCCC53)CCO4)c2N1,[BOS]O=C1Cc2cccc(C(=O)N3CCOC[C@]4(C3)CN(C(=O)[C@@H]3CCC[C@@H]5CCCC[C@@H]53)CCO4)c2N1[EOS],68582.70699429512,42
9.7,CC(NC(=O)NCc1cnc(N2CCOCC2)c(F)c1)c1ccc(F)c2ccccc12,[BOS]C[C@@H](NC(=O)NCc1cnc(N2CCOCC2)c(F)c1)c1ccc(F)c2ccccc12[EOS],73105.2085878849,42
9.3,CC(NC(=O)NC1c2cccc(F)c2CCC1C)C(=O)Nc1cccc(N2CCCC2)c1,[BOS]C[C@H](NC(=O)N[C@@H]1c2cccc(F)c2CC[C@H]1C)C(=O)Nc1cccc(N2CCCC2)c1[EOS],77215.21192765236,42
9.6,N#Cc1ccc(F)c(C(=O)N2CCCCC2C2CCN(C(=O)C3Cc4ccccc4N3)CC2)c1,[BOS]N#Cc1ccc(F)c(C(=O)N2CCCC[C@@H]2C2CCN(C(=O)[C@@H]3Cc4ccccc4N3)CC2)c1[EOS],81475.95364427567,42
9.5,Cc1ccc2c(C3=CCN(C(=O)C4CC(c5cccc(F)c5)=NO4)CC3)c[nH]c2c1C,[BOS]Cc1ccc2c(C3=CCN(C(=O)[C@H]4CC(c5cccc(F)c5)=NO4)CC3)c[nH]c2c1C[EOS],85397.04432535172,42
9.6,Cc1cccc(N2N=C(C(=O)N3CCC(NC(=O)c4ccc(F)cc4)CC3)CCC2=O)c1,[BOS]Cc1cccc(N2N=C(C(=O)N3CCC(NC(=O)c4ccc(F)cc4)CC3)CCC2=O)c1[EOS],89561.48299312592,42
8.8,Cn1nc(C(=O)NCC23CCCOC2CCN(C(=O)c2ccnc4ccccc24)C3)c2c1CCC2,[BOS]Cn1nc(C(=O)NC[C@@]23CCCO[C@@H]2CCN(C(=O)c2ccnc4ccccc24)C3)c2c1CCC2[EOS][EOS][EOS][EOS][EOS][EOS],94127.06824707985,42
9.0,O=C(NCc1cnn(Cc2ccccc2)c1)c1ccc(F)c2ccccc12,[BOS]O=C(NCc1cnn(Cc2ccccc2)c1)c1ccc(F)c2ccccc12[EOS][EOS][EOS][EOS][EOS],98398.68003559113,42
10.5,CC1Cc2ccccc2N1S(=O)(=O)c1cccc(C(=O)NC2CC(=O)N(c3c(F)cccc3F)C2)c1,[BOS]C[C@@H]1Cc2ccccc2N1S(=O)(=O)c1cccc(C(=O)N[C@H]2CC(=O)N(c3c(F)cccc3F)C2)c1[EOS],102750.28055691719,42
9.1,O=C(NCC1CCN(C(=O)C2CCc3ccccc3O2)C1c1cccnc1)c1cc2c(s1)CCCC2,[BOS]O=C(NC[C@@H]1CCN(C(=O)[C@@H]2CCc3ccccc3O2)[C@H]1c1cccnc1)c1cc2c(s1)CCCC2[EOS][EOS][EOS][EOS][EOS],4654.357222318649,42
9.2,CC1C(Cc2ccccc2)CCN1C(=O)Nc1ccc2c(c1)CCCCC2=O,[BOS]C[C@H]1[C@@H](Cc2ccccc2)CCN1C(=O)Nc1ccc2c(c1)CCCCC2=O[EOS],8639.149283885956,42
10.0,O=C(Nc1cc(C2CCCCN2C(=O)C2CC2c2ccccc2)[nH]n1)C1CNc2ccccc21,[BOS]O=C(Nc1cc([C@H]2CCCCN2C(=O)[C@@H]2C[C@H]2c2ccccc2)[nH]n1)[C@H]1CNc2ccccc21[EOS],12821.74562907219,42
9.6,O=C(c1ccc2occc2c1)N1CCOC2(COCCN(C(=O)C3CC3c3ccc(F)cc3)C2)C1,[BOS]O=C(c1ccc2occc2c1)N1CCO[C@]2(COCCN(C(=O)[C@@H]3C[C@H]3c3ccc(F)cc3)C2)C1[EOS][EOS][EOS][EOS],16970.727813482285,42
8.6,CC1Oc2ccc(-c3c(F)cccc3OCc3ccccc3)cc2NC1=O,[BOS]C[C@H]1Oc2ccc(-c3c(F)cccc3OCc3ccccc3)cc2NC1=O[EOS],20753.9456782341,42
9.8,O=C(NC(c1cccc2ccccc12)C(F)(F)F)N1CCN(c2ncc(F)cn2)CC1,[BOS]O=C(N[C@@H](c1cccc2ccccc12)C(F)(F)F)N1CCN(c2ncc(F)cn2)CC1[EOS][EOS][EOS],24730.24659872055,42
9.4,O=C(c1c(F)cncc1F)N1CCOCC2(C1)CN(C(=O)C1CCCC3CCCCC31)CCO2,[BOS]O=C(c1c(F)cncc1F)N1CCOC[C@]2(C1)CN(C(=O)[C@@H]1CCC[C@H]3CCCC[C@H]31)CCO2[EOS][EOS][EOS][EOS][EOS][EOS][EOS],28879.87873029709,42
9.2,COc1ccc2[nH]cc(C(=O)N3CCCCC3C3CCN(C(=O)c4ccc(NC(C)=O)cc4)CC3)c2c1,[BOS]COc1ccc2[nH]cc(C(=O)N3CCCC[C@@H]3C3CCN(C(=O)c4ccc(NC(C)=O)cc4)CC3)c2c1[EOS],33374.73471689224,42
9.6,FC(F)(F)C1CC(C(F)(F)F)CN(Cc2ccc(-n3cnc4ccccc43)cc2)C1,[BOS]FC(F)(F)[C@H]1C[C@H](C(F)(F)F)CN(Cc2ccc(-n3cnc4ccccc43)cc2)C1[EOS],36979.67530298233,42
10.2,O=C(Nc1cc(C2CCCCN2C(=O)C2CCCC3CCCCC32)[nH]n1)C1=NOC(c2ccccc2)C1,[BOS]O=C(Nc1cc([C@@H]2CCCCN2C(=O)[C@@H]2CCC[C@H]3CCCC[C@H]32)[nH]n1)C1=NO[C@H](c2ccccc2)C1[EOS],41451.16279768944,42
9.5,Cc1ccc(C(=O)N2CCN(C(=O)c3nn(-c4cccc(C(C)C)c4)cc3O)CC2)cc1F,[BOS]Cc1ccc(C(=O)N2CCN(C(=O)c3nn(-c4cccc(C(C)C)c4)cc3O)CC2)cc1F[EOS][EOS][EOS][EOS][EOS],45650.87792015076,42
10.3,O=C(Cc1ccc2c(c1)C(=O)c1ccccc1CO2)Nc1cc(C2CCCCN2C(=O)C2=CCCC2)[nH]n1,[BOS]O=C(Cc1ccc2c(c1)C(=O)c1ccccc1CO2)Nc1cc([C@@H]2CCCCN2C(=O)C2=CCCC2)[nH]n1[EOS][EOS][EOS][EOS][EOS][EOS][EOS],50507.60969519615,42
9.2,O=c1cc(-c2nccc(N3Cc4ccccc4C3)n2)cnn1Cc1cccc(F)c1,[BOS]O=c1cc(-c2nccc(N3Cc4ccccc4C3)n2)cnn1Cc1cccc(F)c1[EOS][EOS][EOS][EOS][EOS][EOS][EOS],54397.14253735542,42
10.1,O=C(NC1CCc2ccccc2NC1=O)NC1c2ccccc2Oc2ccccc21,[BOS]O=C(NC1c2ccccc2Oc2ccccc21)N[C@H]1CCc2ccccc2NC1=O[EOS],58227.85093140602,42
9.5,O=C(NCC(=O)N1CCC(c2ccccc2)CC1)c1ccc2c3c(cccc13)CC2,[BOS]O=C(NCC(=O)N1CCC(c2ccccc2)CC1)c1ccc2c3c(cccc13)CC2[EOS],62563.15983724594,42
9.6,COc1cccc(CC(=O)N2CCCC3(CCN(C(=O)C4C5CCCC4c4ccccc4N5)CC3)C2)c1,[BOS]COc1cccc(CC(=O)N2CCCC3(CCN(C(=O)[C@@H]4[C@@H]5CCC[C@H]4c4ccccc4N5)CC3)C2)c1[EOS][EOS],66920.64357590675,42
9.2,CC(=O)Nc1ccc2c(c1)CN(C(=O)C1CC13CCCc1ccccc13)CC2,[BOS]CC(=O)Nc1ccc2c(c1)CN(C(=O)[C@@H]1C[C@]13CCCc1ccccc13)CC2[EOS],70593.99437737465,42
9.9,O=C(Nc1ccc(CC(=O)N2CCCc3ccccc32)cc1)NC1CCOC2(CCS(=O)(=O)C2)C1,[BOS]O=C(Nc1ccc(CC(=O)N2CCCc3ccccc32)cc1)N[C@@H]1CCO[C@@]2(CCS(=O)(=O)C2)C1[EOS][EOS],74982.26218318939,42
10.5,O=C(c1n[nH]c2ccccc12)N1CCOCC2(C1)CN(C(=O)C1CCCC3CCCCC31)CCO2,[BOS]O=C(c1n[nH]c2ccccc12)N1CCOC[C@]2(C1)CN(C(=O)[C@@H]1CCC[C@@H]3CCCC[C@@H]31)CCO2[EOS],79350.9520008564,42
9.6,CCc1nc(-c2ccc(C(=O)NC3C4CCC3Cc3ccccc3C4)cc2)n[nH]1,[BOS]CCc1nc(-c2ccc(C(=O)NC3[C@H]4CC[C@H]3Cc3ccccc3C4)cc2)n[nH]1[EOS],83163.47363591194,42
9.5,CC1CCc2c(F)cccc2C1NC(=O)NCc1ccc(C(=O)N2CCNC(=O)C2)cc1,[BOS]C[C@@H]1CCc2c(F)cccc2[C@H]1NC(=O)NCc1ccc(C(=O)N2CCNC(=O)C2)cc1[EOS],87171.73125052452,42
9.8,Cc1cnn(C2CCCc3ccccc32)c1NC(=O)c1ccc(S(=O)(=O)N2CCCC(C)C2)cc1,[BOS]Cc1cnn([C@@H]2CCCc3ccccc32)c1NC(=O)c1ccc(S(=O)(=O)N2CCC[C@H](C)C2)cc1[EOS][EOS][EOS],91874.80505084991,42
9.1,O=C(c1ccc(Cl)c(F)c1)N1CCC2(CCCN(C(=O)c3cc(=O)n4[nH]cnc4n3)C2)CC1,[BOS]O=C(c1ccc(Cl)c(F)c1)N1CCC2(CCCN(C(=O)c3cc(=O)n4[nH]cnc4n3)C2)CC1[EOS][EOS][EOS],95807.60094118118,42
9.7,O=C(C1=NN(c2ccccc2Cl)C(=O)CC1)N1CCCC2(CCCc3ccccc32)C1,[BOS]O=C1CCC(C(=O)N2CCC[C@]3(CCCc4ccccc43)C2)=NN1c1ccccc1Cl[EOS],99800.78007292747,42
9.6,O=C(Cc1ccccc1Cc1ccc(F)cc1)N1CCC2(C1)CN(C(=O)c1ccc(=O)[nH]c1)CCO2,[BOS]O=C(Cc1ccccc1Cc1ccc(F)cc1)N1CC[C@]2(C1)CN(C(=O)c1ccc(=O)[nH]c1)CCO2[EOS][EOS],4898.933773756027,42
9.6,Cc1ccc(-c2ccccc2C(=O)N2C3CCC2CC(NC(=O)C2Cc4n[nH]c(C(F)(F)F)c4C2)C3)cc1,[BOS]Cc1ccc(-c2ccccc2C(=O)N2[C@@H]3CC[C@H]2C[C@@H](NC(=O)[C@H]2Cc4n[nH]c(C(F)(F)F)c4C2)C3)cc1[EOS][EOS][EOS][EOS],9483.408574581146,42
10.3,O=C(C1CC12CCCc1ccccc12)N1CCC(c2nc(-c3ccccn3)no2)CC1,[BOS]O=C([C@H]1C[C@@]12CCCc1ccccc12)N1CCC(c2nc(-c3ccccn3)no2)CC1[EOS],13093.428055047989,42
9.8,CC1CCCC1C(=O)N1CCOC2(COCCN(C(=O)c3cccc(Cc4ccc(F)cc4)c3)C2)C1,[BOS]C[C@@H]1CCC[C@@H]1C(=O)N1CCO[C@@]2(COCCN(C(=O)c3cccc(Cc4ccc(F)cc4)c3)C2)C1[EOS],17103.917026758194,42
10.1,O=C(NCC1CCCCC1c1ccccc1)C(=O)Nc1ccn(Cc2ccccc2)n1,[BOS]O=C(NC[C@@H]1CCCC[C@@H]1c1ccccc1)C(=O)Nc1ccn(Cc2ccccc2)n1[EOS],21495.220672607422,42
10.6,O=C(c1cccc2ccccc12)N1CCOCC2(C1)CN(C(=O)C1CCCC3CCCCC31)CCO2,[BOS]O=C(c1cccc2ccccc12)N1CCOC[C@]2(C1)CN(C(=O)[C@@H]1CCC[C@H]3CCCC[C@@H]31)CCO2[EOS],25695.500651359558,42
9.4,Cc1cc(F)cc(CC(=O)N2CCOC3(COCCN(C(=O)C4CC4c4ccccc4)C3)C2)c1,[BOS]Cc1cc(F)cc(CC(=O)N2CCO[C@]3(COCCN(C(=O)[C@H]4C[C@H]4c4ccccc4)C3)C2)c1[EOS][EOS][EOS][EOS][EOS],30368.168035030365,42
9.4,O=C(CC1CCc2ccccc2C1)NC1c2ccccc2CC12CCOCC2,[BOS]O=C(C[C@@H]1CCc2ccccc2C1)N[C@@H]1c2ccccc2CC12CCOCC2[EOS],34328.40203166008,42
9.7,Cc1ccc(C)c(C2CCCN2C(=O)Nc2cnn(-c3cnc4ccccc4n3)c2)c1,[BOS]Cc1ccc(C)c([C@H]2CCCN2C(=O)Nc2cnn(-c3cnc4ccccc4n3)c2)c1[EOS],38167.75314283371,42
10.1,Cc1cccc(C)c1N1CC(C(=O)N2CCC3(CCN(C(=O)c4ccccc4)C3)CC2)CC1=O,[BOS]Cc1cccc(C)c1N1C[C@H](C(=O)N2CCC3(CC2)CCN(C(=O)c2ccccc2)C3)CC1=O[EOS],42714.584156274796,42
8.9,N#Cc1cccc(N2CCOCC3(CCCN(C(=O)CNS(=O)(=O)c4cccc5cccc(F)c45)C3)C2)c1,[BOS]N#Cc1cccc(N2CCOC[C@@]3(CCCN(C(=O)CNS(=O)(=O)c4cccc5cccc(F)c45)C3)C2)c1[EOS][EOS][EOS][EOS][EOS],46763.33687257767,42
9.0,Cc1cc(C(=O)N2CCCC3(CCN(C(=O)CC4CNc5ccccc5O4)CC3)C2)cc(=O)[nH]1,[BOS]Cc1cc(C(=O)N2CCCC3(CCN(C(=O)C[C@@H]4CNc5ccccc5O4)CC3)C2)cc(=O)[nH]1[EOS][EOS][EOS][EOS],50839.85656905174,42
9.0,Cc1cc(NC(=O)C2CCN(C(=O)NC3c4ccccc4CCCC3C)CC2)no1,[BOS]Cc1cc(NC(=O)C2CCN(C(=O)N[C@H]3c4ccccc4CCC[C@@H]3C)CC2)no1[EOS],54804.4363360405,42
8.9,Cc1cccc(C(C)NC(=O)NC(C)c2ccc(N3CCCCC3=O)cc2)c1C,[BOS]Cc1cccc([C@@H](C)NC(=O)N[C@H](C)c2ccc(N3CCCCC3=O)cc2)c1C[EOS],58869.46425771713,42
9.1,Cc1cc(C)cc(C(=O)N2CCC3(CN(C(=O)CCn4c(=O)oc5ccccc54)CCO3)C2)c1,[BOS]Cc1cc(C)cc(C(=O)N2CC[C@@]3(CN(C(=O)CCn4c(=O)oc5ccccc54)CCO3)C2)c1[EOS][EOS],62994.23873877525,42
8.8,COC(C)(C(=O)Nc1cc(C2CCCCN2C(=O)C2(C)CC2)[nH]n1)c1cccc2ccccc12,[BOS]CO[C@](C)(C(=O)Nc1cc([C@H]2CCCCN2C(=O)C2(C)CC2)[nH]n1)c1cccc2ccccc12[EOS][EOS][EOS][EOS][EOS],66793.75737071037,42
8.9,Cc1nc2c([nH]1)CC(C(=O)N1CC=C(c3c(C)[nH]c4ccccc34)CC1)CC2,[BOS]Cc1nc2c([nH]1)C[C@@H](C(=O)N1CC=C(c3c(C)[nH]c4ccccc34)CC1)CC2[EOS],70664.3073759079,42
9.0,O=C(NCc1ccc2c(c1)CCO2)c1ccc(Cn2nc3ccccn3c2=O)cc1,[BOS]O=C(NCc1ccc2c(c1)CCO2)c1ccc(Cn2nc3ccccn3c2=O)cc1[EOS][EOS][EOS][EOS][EOS][EOS][EOS],74645.46897172928,42
9.5,Cc1cccc(N2CCCC3(CN(C(=O)c4cc(-c5cccc(Cl)c5)no4)CCO3)C2)c1,[BOS]Cc1cccc(N2CCC[C@@]3(CN(C(=O)c4cc(-c5cccc(Cl)c5)no4)CCO3)C2)c1[EOS],78701.75695347786,42
10.1,Cc1cc(Cl)c2ccc(C(=O)N3CCC(OC4CCN(C(=O)c5ccc(O)cc5)CC4)CC3)cc2n1,[BOS]Cc1cc(Cl)c2ccc(C(=O)N3CCC(OC4CCN(C(=O)c5ccc(O)cc5)CC4)CC3)cc2n1[EOS],83052.66386985779,42
9.6,Cc1cccc(CC(=O)N2CCOC3(CCN(C(=O)c4[nH]nc5c4CCc4ncccc4-5)C3)C2)c1,[BOS]Cc1cccc(CC(=O)N2CCO[C@@]3(CCN(C(=O)c4[nH]nc5c4CCc4ncccc4-5)C3)C2)c1[EOS],87351.42579078674,42
9.3,O=C(NCc1cc(F)cc2c1OCOC2)N1CCC(c2nc(-c3ccccn3)no2)CC1,[BOS]O=C(NCc1cc(F)cc2c1OCOC2)N1CCC(c2nc(-c3ccccn3)no2)CC1[EOS][EOS][EOS],91233.55959796906,42
9.9,O=C(c1nc2ccccc2[nH]1)N1CCC2(CCCN(C(=O)C3C4CCCC3c3ccccc3N4)C2)CC1,[BOS]O=C(c1nc2ccccc2[nH]1)N1CCC2(CCCN(C(=O)[C@H]3[C@@H]4CCC[C@H]3c3ccccc3N4)C2)CC1[EOS][EOS],95182.06946992874,42
8.7,CC(C)(C)NC(=O)c1cccc(NC(=O)C(=O)N2CCCc3ccccc3CC2)c1,[BOS]CC(C)(C)NC(=O)c1cccc(NC(=O)C(=O)N2CCCc3ccccc3CC2)c1[EOS],99355.65062355995,42
9.6,Cc1cccc(N2CCCC3(CN(C(=O)c4cc(-c5ccc(C(F)(F)F)cc5)n[nH]4)CCO3)C2)c1,[BOS]Cc1cccc(N2CCC[C@]3(CN(C(=O)c4cc(-c5ccc(C(F)(F)F)cc5)n[nH]4)CCO3)C2)c1[EOS][EOS][EOS][EOS][EOS][EOS][EOS][EOS],4103.331232070923,42
9.2,O=C(NCC12CCCOC1CCN(C(=O)C1CCCC3CCCCC31)C2)c1ncn(-c2ccccc2)n1,[BOS]O=C(NC[C@@]12CCCO[C@@H]1CCN(C(=O)[C@@H]1CCC[C@H]3CCCC[C@@H]31)C2)c1ncn(-c2ccccc2)n1[EOS][EOS][EOS],9033.27915430069,42
9.7,Cc1cccc(C(=O)N2CCCCC2C2CCN(C(=O)c3ccc4c(c3)SCC(=O)N4)CC2)c1F,[BOS]Cc1cccc(C(=O)N2CCCC[C@H]2C2CCN(C(=O)c3ccc4c(c3)SCC(=O)N4)CC2)c1F[EOS],13526.350337982178,42
9.6,CC1CC1(C)C(=O)N1CCCCC1C1CCN(C(=O)c2n[nH]c3ccc(-c4ccccc4)cc23)CC1,[BOS]C[C@@H]1C[C@@]1(C)C(=O)N1CCCC[C@H]1C1CCN(C(=O)c2n[nH]c3ccc(-c4ccccc4)cc23)CC1[EOS],17843.194753408432,42
10.1,O=C(CC1CCc2cc(F)ccc2C1)Nc1cccc(N2C(=S)NCC2c2ccccc2)c1,[BOS]O=C(C[C@@H]1CCc2cc(F)ccc2C1)Nc1cccc(N2C(=S)NC[C@H]2c2ccccc2)c1[EOS],22074.560611724854,42
9.3,Cc1ccc2[nH]cc(CC(=O)N3CCOCC4(C3)CN(C(=O)C(F)c3ccccc3)CCO4)c2c1,[BOS]Cc1ccc2[nH]cc(CC(=O)N3CCOC[C@@]4(C3)CN(C(=O)[C@@H](F)c3ccccc3)CCO4)c2c1[EOS][EOS][EOS][EOS],26606.529459238052,42
8.8,O=C(NCC1(c2cccc(C(F)(F)F)c2)CCCC1)N1CCN(c2cccc(F)c2F)CC1,[BOS]O=C(NCC1(c2cccc(C(F)(F)F)c2)CCCC1)N1CCN(c2cccc(F)c2F)CC1[EOS][EOS][EOS][EOS][EOS][EOS][EOS],30929.5429315567,42
10.8,Cc1ccc(CCC(=O)N2CCOC3(CCN(C(=O)c4ccc5c(c4)CCN5C)C3)C2)c2ccccc12,[BOS]Cc1ccc(CCC(=O)N2CCO[C@@]3(CCN(C(=O)c4ccc5c(c4)CCN5C)C3)C2)c2ccccc12[EOS][EOS][EOS][EOS][EOS][EOS][EOS][EOS],35580.5201280117,42
9.4,O=C(NC1CC2CCC(C1)N2C(=O)C1CC1c1ccc(F)cc1)C1ON=C(c2ccccc2)O1,[BOS]O=C(N[C@H]1C[C@H]2CC[C@@H](C1)N2C(=O)[C@@H]1C[C@@H]1c1ccc(F)cc1)[C@H]1ON=C(c2ccccc2)O1[EOS][EOS][EOS][EOS],39937.60150885582,42
10.1,CC1(C)Cc2cccc(C(=O)N3CCCCC3c3cc(NC(=O)c4ccc5c(c4)C(=O)CC5)n[nH]3)c2O1,[BOS]CC1(C)Cc2cccc(C(=O)N3CCCC[C@H]3c3cc(NC(=O)c4ccc5c(c4)C(=O)CC5)n[nH]3)c2O1[EOS],44562.73075389862,42
10.0,CC(NC(=O)N1CCCC(NC(=O)c2cc3ccccc3o2)C1)c1ccc2c(c1)CCCC2,[BOS]C[C@@H](NC(=O)N1CCC[C@H](NC(=O)c2cc3ccccc3o2)C1)c1ccc2c(c1)CCCC2[EOS][EOS][EOS][EOS][EOS][EOS][EOS][EOS],48814.582349061966,42
9.2,O=C(c1ccc2sccc2c1O)N1CCC2(CCCN(C(=O)C3COc4ccccc4O3)C2)CC1,[BOS]O=C(c1ccc2sccc2c1O)N1CCC2(CCCN(C(=O)[C@@H]3COc4ccccc4O3)C2)CC1[EOS][EOS][EOS][EOS][EOS][EOS],53099.59333276749,42
9.8,O=C(NCC1CCCc2ccccc21)N1CCCC(c2n[nH]c(C3CCCCC3)n2)C1,[BOS]O=C(NC[C@H]1CCCc2ccccc21)N1CCC[C@@H](c2n[nH]c(C3CCCCC3)n2)C1[EOS],57310.97852110863,42
10.0,O=C(c1ccc(N2CCN=C2Nc2ccccc2Cl)nc1)N1CCC(N2CCCCC2=O)CC1,[BOS]O=C(c1ccc(N2CCN=C2Nc2ccccc2Cl)nc1)N1CCC(N2CCCCC2=O)CC1[EOS],61365.46495509148,42
9.4,CCc1ccc(C2CCN(C(=O)CNC(=O)c3cccc4ccccc34)C2)cc1,[BOS]CCc1ccc([C@@H]2CCN(C(=O)CNC(=O)c3cccc4ccccc34)C2)cc1[EOS],65377.04052877426,42
9.9,Cc1ccc(C(C)C(=O)N2CCOC3(COCCN(C(=O)c4ccc5nc(C)ccc5c4)C3)C2)cc1,[BOS]Cc1ccc2cc(C(=O)N3CCOC[C@]4(C3)CN(C(=O)[C@H](C)c3ccc(C)cc3)CCO4)ccc2n1[EOS],69475.34885001183,42
9.4,Cc1cc(=O)[nH]c(N2CCCC(NC(=O)c3nn(-c4ccccc4C(F)(F)F)c(C)cc3=O)C2)n1,[BOS]Cc1cc(=O)[nH]c(N2CCC[C@@H](NC(=O)c3nn(-c4ccccc4C(F)(F)F)c(C)cc3=O)C2)n1[EOS][EOS][EOS][EOS][EOS][EOS][EOS][EOS],73617.15268945694,42
10.2,CC(NC(=O)N1CCCC(c2cccc(C(F)(F)F)c2)C1)c1ccc2c(c1)NC(=O)CO2,[BOS]C[C@H](NC(=O)N1CCC[C@H](c2cccc(C(F)(F)F)c2)C1)c1ccc2c(c1)NC(=O)CO2[EOS],77701.74515366554,42
10.4,O=C(c1ccc2c(c1)CCCO2)N1CCC(OC2CCN(C(=O)c3cccc4cccnc34)CC2)CC1,[BOS]O=C(c1ccc2c(c1)CCCO2)N1CCC(OC2CCN(C(=O)c3cccc4cccnc34)CC2)CC1[EOS],82398.44233202934,42
9.4,O=C(NCc1cccc(N2C(=O)NC3(CCCC3)C2=O)c1)NCc1cccc2ncccc12,[BOS]O=C(NCc1cccc(N2C(=O)NC3(CCCC3)C2=O)c1)NCc1cccc2ncccc12[EOS],86548.69735360146,42
10.3,O=C(CC1OCCc2ccccc21)Nc1cc(C2CCCCN2C(=O)Cc2ccc3c(c2)OCO3)[nH]n1,[BOS]O=C(C[C@H]1OCCc2ccccc21)Nc1cc([C@H]2CCCCN2C(=O)Cc2ccc3c(c2)OCO3)[nH]n1[EOS],91493.24886488914,42
8.8,c1cc2cc(CNc3ccc(Cc4nnc5n4CCCCC5)cc3)ccc2cn1,[BOS]c1cc2cc(CNc3ccc(Cc4nnc5n4CCCCC5)cc3)ccc2cn1[EOS],95333.88148593903,42
10.7,O=C(Cc1ccc2c(c1)CCC2)N1CCC2(CCCN(C(=O)c3cc(=O)n4[nH]cnc4n3)C2)CC1,[BOS]O=C(Cc1ccc2c(c1)CCC2)N1CCC2(CCCN(C(=O)c3cc(=O)n4[nH]cnc4n3)C2)CC1[EOS],100016.10549473763,42
9.6,N#CCc1ccc(C(=O)N2CCCCC2c2cc(NC(=O)C3CCc4ccccc4C3)n[nH]2)cc1,[BOS]N#CCc1ccc(C(=O)N2CCCC[C@@H]2c2cc(NC(=O)[C@H]3CCc4ccccc4C3)n[nH]2)cc1[EOS],103963.33161067963,42
9.0,CC(Oc1ccc(-c2ccccc2)cc1)C(=O)N1CCC(c2nc(C3CC3)no2)C1,[BOS]C[C@H](Oc1ccc(-c2ccccc2)cc1)C(=O)N1CC[C@H](c2nc(C3CC3)no2)C1[EOS][EOS][EOS],4168.894259929657,42
9.8,CC1Cc2ccccc2N1C1CCN(C(=O)c2ccc3c(=O)n4c(nc3c2)CCC4)CC1,[BOS]C[C@H]1Cc2ccccc2N1C1CCN(C(=O)c2ccc3c(=O)n4c(nc3c2)CCC4)CC1[EOS],8112.6808989048,42
9.3,CC1Cc2cc(F)ccc2C(C)N1C(=O)C1CC12CCCc1ccccc12,[BOS]C[C@@H]1Cc2cc(F)ccc2[C@H](C)N1C(=O)[C@@H]1C[C@@]12CCCc1ccccc12[EOS],11734.637821912766,42
9.5,Cc1cccc(C(=O)N2CCCCC2C2CCN(C(=O)c3ncn(-c4cccc(F)c4)n3)CC2)c1F,[BOS]Cc1cccc(C(=O)N2CCCC[C@@H]2C2CCN(C(=O)c3ncn(-c4cccc(F)c4)n3)CC2)c1F[EOS][EOS],16056.67756652832,42
9.4,CC1N(C(=O)C2CCN(c3ccc(C(F)(F)F)cn3)CC2)c2ccccc2C1(C)C,[BOS]C[C@H]1N(C(=O)C2CCN(c3ccc(C(F)(F)F)cn3)CC2)c2ccccc2C1(C)C[EOS][EOS],19581.341336488724,42
9.4,O=C(c1cc(C(F)(F)F)c[nH]1)N1CCC(C2CCCCN2C(=O)C2CC2c2ccc(F)cc2)CC1,[BOS]O=C(c1cc(C(F)(F)F)c[nH]1)N1CCC([C@@H]2CCCCN2C(=O)[C@@H]2C[C@@H]2c2ccc(F)cc2)CC1[EOS][EOS],23459.455265283585,42
9.5,O=C(NCc1nc2c(s1)CC(c1ccccc1)CC2)c1ccnc2ccccc12,[BOS]O=C(NCc1nc2c(s1)C[C@H](c1ccccc1)CC2)c1ccnc2ccccc12[EOS],27600.349817276,42
9.2,O=C(c1ccc(-c2ncc[nH]2)cc1)N1CCOC2(COCCN(C(=O)C3CCc4ccccc43)C2)C1,[BOS]O=C(c1ccc(-c2ncc[nH]2)cc1)N1CCO[C@]2(COCCN(C(=O)[C@H]3CCc4ccccc43)C2)C1[EOS][EOS],31659.407773256302,42
9.1,CN1C(=O)CCN(C(=O)c2cccc(NC(=O)c3ccc4nc[nH]c4c3)c2)c2ccccc21,[BOS]CN1C(=O)CCN(C(=O)c2cccc(NC(=O)c3ccc4nc[nH]c4c3)c2)c2ccccc21[EOS][EOS][EOS][EOS][EOS][EOS][EOS],35646.64825940132,42
10.0,O=C1CC(C(=O)N2CCOC3(CCN(C(=O)c4ccccc4C(F)(F)F)C3)C2)=Cc2ccccc2N1,[BOS]O=C1CC(C(=O)N2CCO[C@@]3(CCN(C(=O)c4ccccc4C(F)(F)F)C3)C2)=Cc2ccccc2N1[EOS][EOS][EOS][EOS][EOS][EOS][EOS],40038.06366109848,42
9.3,O=C(NCC1CCc2ccccc21)C(=O)Nc1cccc(Oc2ccccc2)c1,[BOS]O=C(NCC1CCc2ccccc21)C(=O)Nc1cccc(Oc2ccccc2)c1[EOS],44128.09080648422,42
9.1,CC1(c2ccccc2)CN(C(=O)C(=O)Nc2ccc(Oc3cccc(F)c3)nc2)CCO1,[BOS]C[C@]1(c2ccccc2)CN(C(=O)C(=O)Nc2ccc(Oc3cccc(F)c3)nc2)CCO1[EOS],48173.567299842834,42
9.4,Cc1ccc(C(=O)N2CCC3OCCCC3(CNC(=O)c3ccc(F)c(C(F)(F)F)c3)C2)c(O)c1,[BOS]Cc1ccc(C(=O)N2CC[C@H]3OCCC[C@@]3(CNC(=O)c3ccc(F)c(C(F)(F)F)c3)C2)c(O)c1[EOS][EOS][EOS][EOS][EOS][EOS][EOS][EOS],52676.56957602501,42
9.4,O=C1CCN(C(=O)c2ccc(Nc3cc(OCc4ccccc4)cc(F)c3F)cc2)CC1,[BOS]O=C1CCN(C(=O)c2ccc(Nc3cc(OCc4ccccc4)cc(F)c3F)cc2)CC1[EOS],56949.79393172264,42
9.6,CC1COc2ccccc2CN1C(=O)c1cccc(S(=O)(=O)NCc2ccc3c(c2)OCO3)c1,[BOS]C[C@H]1COc2ccccc2CN1C(=O)c1cccc(S(=O)(=O)NCc2ccc3c(c2)OCO3)c1[EOS],60992.342126607895,42
10.0,CC1Oc2ccc(C(=O)N3CCCCC3C3CCN(C(=O)c4cc5cccnn5c4)CC3)cc2NC1=O,[BOS]C[C@@H]1Oc2ccc(C(=O)N3CCCC[C@@H]3C3CCN(C(=O)c4cc5cccnn5c4)CC3)cc2NC1=O[EOS],65674.43830347061,42
10.1,COc1ccc(C2CC2C(=O)N2CCCC3(CCN(C(=O)c4cccc5c4NC(=O)C5=O)CC3)C2)cc1,[BOS]COc1ccc([C@@H]2C[C@H]2C(=O)N2CCCC3(CCN(C(=O)c4cccc5c4NC(=O)C5=O)CC3)C2)cc1[EOS][EOS][EOS][EOS][EOS][EOS],69929.94333863258,42
9.6,CC(C)C1c2ccccc2CCN1C(=O)c1cccc(S(=O)(=O)NCc2ccc3c(c2)OCO3)c1,[BOS]CC(C)[C@@H]1c2ccccc2CCN1C(=O)c1cccc(S(=O)(=O)NCc2ccc3c(c2)OCO3)c1[EOS][EOS][EOS],73634.56964755058,42
9.0,O=C(c1cc(F)cc(F)c1)N1CCC(C2CCCCN2C(=O)c2cc(=O)nc3cccnn23)CC1,[BOS]O=C(c1cc(F)cc(F)c1)N1CCC([C@H]2CCCCN2C(=O)c2cc(=O)nc3cccnn23)CC1[EOS][EOS][EOS],77569.5642592907,42
9.4,Cc1ccccc1C1=NOC(C(=O)N2CCC(c3nc(-c4ccccc4)no3)CC2)C1,[BOS]Cc1ccccc1C1=NO[C@H](C(=O)N2CCC(c3nc(-c4ccccc4)no3)CC2)C1[EOS],81517.2510869503,42
9.8,O=C(c1ccc(CNC(=O)N2CCc3ccccc32)cc1)N1CCN(c2ccccc2F)CC1,[BOS]O=C(c1ccc(CNC(=O)N2CCc3ccccc32)cc1)N1CCN(c2ccccc2F)CC1[EOS],85822.9716963768,42
8.6,O=C(Nc1ccc(NC(=O)N2CC(C(F)(F)F)CC(C(F)(F)F)C2)cc1)c1ccco1,[BOS]O=C(Nc1ccc(NC(=O)N2C[C@@H](C(F)(F)F)C[C@H](C(F)(F)F)C2)cc1)c1ccco1[EOS][EOS][EOS][EOS][EOS][EOS],89765.2716896534,42
9.7,Cc1cccc(Cn2cccc(C(=O)N3CCN(C(=O)c4cccc(Cl)c4)CC3)c2=O)c1,[BOS]Cc1cccc(Cn2cccc(C(=O)N3CCN(C(=O)c4cccc(Cl)c4)CC3)c2=O)c1[EOS][EOS][EOS][EOS][EOS][EOS][EOS][EOS],94054.40474271774,42
9.5,O=C(NCC1CCOc2ccccc21)C(=O)N1CCC(c2c[nH]c3cc(F)ccc23)CC1,[BOS]O=C(NC[C@@H]1CCOc2ccccc21)C(=O)N1CCC(c2c[nH]c3cc(F)ccc23)CC1[EOS],98466.76747012138,42
10.3,O=C(Nc1cc(C2CCCCN2C(=O)C2CCC(F)(F)CC2)[nH]n1)c1ccc2cccnc2n1,[BOS]O=C(Nc1cc([C@H]2CCCCN2C(=O)C2CCC(F)(F)CC2)[nH]n1)c1ccc2cccnc2n1[EOS],4208.128065109253,42
9.2,O=C(NCc1ccc(CNc2ccc3nnnn3n2)cc1)C1CC2OC1C1CC21,[BOS]O=C(NCc1ccc(CNc2ccc3nnnn3n2)cc1)[C@@H]1C[C@@H]2O[C@H]1[C@H]1C[C@H]12[EOS],8197.889658689499,42
9.0,NC(=O)C1C2CCCC2CN1C(=O)c1cc(-c2ccc3c(c2)OCCO3)nc2ccccc12,[BOS]NC(=O)[C@@H]1[C@H]2CCC[C@H]2CN1C(=O)c1cc(-c2ccc3c(c2)OCCO3)nc2ccccc12[EOS][EOS][EOS][EOS][EOS][EOS][EOS],12077.015664100647,42
9.7,O=C(Nc1ccc(CN2CCc3ccccc32)cc1)C(=O)NC1C2CCc3ccccc3C21,[BOS]O=C(Nc1ccc(CN2CCc3ccccc32)cc1)C(=O)N[C@@H]1[C@H]2CCc3ccccc3[C@@H]21[EOS],16332.702463150024,42
9.4,O=C(NC1CCC(C(=O)N2CCSCC2)CC1)N1CCC(c2c[nH]c3ncccc23)CC1,[BOS]O=C(NC1CCC(C(=O)N2CCSCC2)CC1)N1CCC(c2c[nH]c3ncccc23)CC1[EOS],20466.477814912796,42
8.6,O=C(Cc1coc2ccc3ccccc3c12)Nc1ccc2c(c1)NC(=O)CO2,[BOS]O=C(Cc1coc2ccc3ccccc3c12)Nc1ccc2c(c1)NC(=O)CO2[EOS],24491.288789987564,42
8.9,Cc1ccccc1C1CCN(C(=O)CN2C(=O)NC3(CCc4ccccc43)C2=O)CC1,[BOS]Cc1ccccc1C1CCN(C(=O)CN2C(=O)N[C@@]3(CCc4ccccc43)C2=O)CC1[EOS],28538.473544836044,42
9.6,O=C(NCC1CCN(c2nc3ccccc3o2)CC1)NC1(C(F)(F)F)CCc2ccccc21,[BOS]O=C(NCC1CCN(c2nc3ccccc3o2)CC1)N[C@@]1(C(F)(F)F)CCc2ccccc21[EOS],32968.60148739815,42
9.6,CC1(C(=O)N2CCCCC2c2cc(NC(=O)CCC3CNc4ccccc4C3)n[nH]2)CC=CCC1,[BOS]C[C@]1(C(=O)N2CCCC[C@@H]2c2cc(NC(=O)CC[C@H]3CNc4ccccc4C3)n[nH]2)CC=CCC1[EOS][EOS][EOS][EOS][EOS][EOS][EOS],37361.12217378616,42
11.0,O=C(c1cccc(NC(=O)N2CCCC2c2cccc3ccccc23)c1)N1CCCC(CO)C1,[BOS]O=C(c1cccc(NC(=O)N2CCC[C@H]2c2cccc3ccccc23)c1)N1CCC[C@H](CO)C1[EOS],41872.348143577576,42
9.5,N#Cc1ccc(F)c(C(=O)N2CCCCC2C2CCN(C(=O)C3CCc4ccccc4O3)CC2)c1,[BOS]N#Cc1ccc(F)c(C(=O)N2CCCC[C@H]2C2CCN(C(=O)[C@H]3CCc4ccccc4O3)CC2)c1[EOS][EOS][EOS][EOS][EOS],46199.00355887413,42
9.2,Cc1cc(C)cc(Oc2ccc(NC(=O)C(=O)N3CCC4(O)CCCCC4C3)cc2)c1,[BOS]Cc1cc(C)cc(Oc2ccc(NC(=O)C(=O)N3CC[C@@]4(O)CCCC[C@H]4C3)cc2)c1[EOS][EOS],50629.28774380684,42
9.9,O=C(NC1CCCOc2cc(F)ccc21)c1c2c(nc3ccccc13)CCC2,[BOS]O=C(N[C@H]1CCCOc2cc(F)ccc21)c1c2c(nc3ccccc13)CCC2[EOS],54637.190056324005,42
10.1,O=C(c1cc(F)c2ccccc2c1)N1CC2COc3ccccc3CC2(C(=O)O)C1,[BOS]O=C(c1cc(F)c2ccccc2c1)N1C[C@@H]2COc3ccccc3C[C@@]2(C(=O)O)C1[EOS],58260.56394672394,42
10.8,Cc1ccc(CCC(=O)N2CCOC3(CCN(C(=O)c4ccc5c(c4)CCCO5)C3)C2)c2ccccc12,[BOS]Cc1ccc(CCC(=O)N2CCO[C@]3(CCN(C(=O)c4ccc5c(c4)CCCO5)C3)C2)c2ccccc12[EOS][EOS][EOS][EOS][EOS][EOS][EOS][EOS],62534.77306628227,42
10.2,C1=c2c(C3CCCCC3)cccc2=NC1=C1N=c2ncnc(-c3ccc4c(c3)CCO4)c2=N1,[BOS]C1=c2c(C3CCCCC3)cccc2=NC1=C1N=c2ncnc(-c3ccc4c(c3)CCO4)c2=N1[EOS],66178.17790913582,42
9.9,O=C1Nc2ccccc2C1C1CCN(C(=O)C2CCCC2c2ccccc2)CC1,[BOS]O=C1Nc2ccccc2[C@@H]1C1CCN(C(=O)[C@@H]2CCC[C@@H]2c2ccccc2)CC1[EOS],70249.71051597595,42
8.8,O=C1NCCN(C(=O)c2cc(=Nc3c(F)cccc3F)cc[nH]2)c2ccccc21,[BOS]O=C1NCCN(C(=O)c2c/c(=N\c3c(F)cccc3F)cc[nH]2)c2ccccc21[EOS][EOS][EOS][EOS][EOS],73917.84518027306,42
9.0,O=C(NC1CCN(C(=O)C2COc3ccccc3O2)CC1)N1CCC(=Cc2ccc(F)c(F)c2)CC1,[BOS]O=C(NC1CCN(C(=O)[C@@H]2COc3ccccc3O2)CC1)N1CCC(=Cc2ccc(F)c(F)c2)CC1[EOS][EOS],78059.93023252487,42
9.5,Cc1cccc(-c2cccc(CNC(=O)C3CCc4cc(C)ccc4O3)c2)c1,[BOS]Cc1ccc2c(c1)CC[C@@H](C(=O)NCc1cccc(-c3cccc(C)c3)c1)O2[EOS],82090.92336368561,42
9.2,O=C(Nc1nc(Cc2ccc(F)cc2)no1)NC1c2ccccc2CC12CCOCC2,[BOS]O=C(Nc1nc(Cc2ccc(F)cc2)no1)N[C@@H]1c2ccccc2CC12CCOCC2[EOS][EOS][EOS][EOS][EOS][EOS][EOS],85713.24123454094,42
8.8,Cc1cccn(Cc2c(F)cccc2NC(=O)C2CC(c3ccc(Cl)cc3Cl)=NO2)c1=O,[BOS]Cc1cccn(Cc2c(F)cccc2NC(=O)[C@@H]2CC(c3ccc(Cl)cc3Cl)=NO2)c1=O[EOS][EOS],89898.78572535515,42
9.4,Cc1ccc(NC(=O)N2CCC(n3ncc4ccccc43)C2)cc1C(=O)N1CCCCC1,[BOS]Cc1ccc(NC(=O)N2CC[C@H](n3ncc4ccccc43)C2)cc1C(=O)N1CCCCC1[EOS][EOS][EOS],93929.5042898655,42
10.1,Cc1ccc(F)cc1C(=O)N1CCCCC1c1cc(NC(=O)C2CC(=O)N(c3c(C)cccc3C)C2)n[nH]1,[BOS]Cc1ccc(F)cc1C(=O)N1CCCC[C@H]1c1cc(NC(=O)[C@H]2CC(=O)N(c3c(C)cccc3C)C2)n[nH]1[EOS],98442.18993973732,42
9.0,O=C1CCC(C(=O)Nc2ccc3nnc(-c4ccccc4)n3c2)c2ccccc21,[BOS]O=C1CC[C@H](C(=O)Nc2ccc3nnc(-c4ccccc4)n3c2)c2ccccc21[EOS][EOS][EOS][EOS][EOS][EOS][EOS],3900.6863248348236,42
9.2,Cc1cc(C)cc(N2CCC(C(=O)NCC3C4Cc5ccccc5C34)C2=O)c1,[BOS]Cc1cc(C)cc(N2CC[C@H](C(=O)NC[C@@H]3[C@H]4Cc5ccccc5[C@H]34)C2=O)c1[EOS],7937.711334466934,42
9.4,Cc1ccc(C(=O)NCC(=O)N2CCOC3(CCN(C(=O)C4CC(c5ccccc5)N=N4)C3)C2)cc1,[BOS]Cc1ccc(C(=O)NCC(=O)N2CCO[C@@]3(CCN(C(=O)[C@H]4CC(c5ccccc5)N=N4)C3)C2)cc1[EOS][EOS][EOS][EOS][EOS][EOS][EOS],12509.18938422203,42
9.5,Cc1nc(CNC(=O)C(=O)NC2CCCc3ccc(F)cc32)oc1-c1ccc(Cl)cc1,[BOS]Cc1nc(CNC(=O)C(=O)N[C@@H]2CCCc3ccc(F)cc32)oc1-c1ccc(Cl)cc1[EOS],16563.117141008377,42
9.8,O=C(C1CCCc2ccccc21)N1CCCC1c1cccc2ccccc12,[BOS]O=C([C@H]1CCCc2ccccc21)N1CCC[C@@H]1c1cccc2ccccc12[EOS],20212.26404118538,42
9.2,O=C1NCCN1c1ccc(CNC(=O)N2CCSCC2c2cccc(C(F)(F)F)c2)cc1,[BOS]O=C1NCCN1c1ccc(CNC(=O)N2CCSC[C@@H]2c2cccc(C(F)(F)F)c2)cc1[EOS],24243.32163143158,42
9.2,O=C(c1cc2nc(C(F)(F)F)ccc2[nH]1)N1CCC2(CCCN(C(=O)c3cc(O)ccc3F)C2)CC1,[BOS]O=C(c1cc2nc(C(F)(F)F)ccc2[nH]1)N1CCC2(CCCN(C(=O)c3cc(O)ccc3F)C2)CC1[EOS][EOS][EOS][EOS][EOS][EOS][EOS],28418.662590503693,42
9.4,CC1CC(C)CN(S(=O)(=O)c2ccc(NC(=O)CC3c4ccccc4Oc4ccccc43)cc2)C1,[BOS]C[C@@H]1C[C@@H](C)CN(S(=O)(=O)c2ccc(NC(=O)CC3c4ccccc4Oc4ccccc43)cc2)C1[EOS],32967.26986575127,42
9.2,Cc1nc(C(=O)N2CCCCC2C2CCN(C(=O)c3ccc(-c4cccnc4)cc3)CC2)c(=O)[nH]c1C,[BOS]Cc1nc(C(=O)N2CCCC[C@@H]2C2CCN(C(=O)c3ccc(-c4cccnc4)cc3)CC2)c(=O)[nH]c1C[EOS][EOS][EOS][EOS][EOS][EOS][EOS][EOS],37232.39068698883,42
10.2,CC(NC(=O)N1CCC2(CCc3ccccc3O2)C1)c1ccc(-c2cccc(C#N)c2)cc1,[BOS]C[C@@H](NC(=O)N1CC[C@]2(CCc3ccccc3O2)C1)c1ccc(-c2cccc(C#N)c2)cc1[EOS],41079.04891228676,42
9.4,O=C(NCc1cc(Cl)c2c(c1)OCCCO2)N1CC(c2ccccc2)C2COCCC21,[BOS]O=C(NCc1cc(Cl)c2c(c1)OCCCO2)N1C[C@H](c2ccccc2)[C@@H]2COCC[C@@H]21[EOS],45193.56929183006,42
10.1,O=C(c1cccc2ccccc12)N1CCOCC2(C1)CN(C(=O)C1CC1c1ccc(F)cc1)CCO2,[BOS]O=C(c1cccc2ccccc12)N1CCOC[C@]2(C1)CN(C(=O)[C@@H]1C[C@@H]1c1ccc(F)cc1)CCO2[EOS][EOS][EOS],49451.05289769173,42
10.2,O=C1Cc2cccc(C(=O)N3CCCCC3C3CCN(C(=O)Cc4ccc5ccccc5c4)CC3)c2N1,[BOS]O=C1Cc2cccc(C(=O)N3CCCC[C@H]3C3CCN(C(=O)Cc4ccc5ccccc5c4)CC3)c2N1[EOS],54251.58051633835,42
9.5,O=C(CCc1cccc(O)c1)N1CCC2(C1)CN(C(=O)c1ccc3ncccc3c1)CCO2,[BOS]O=C(CCc1cccc(O)c1)N1CC[C@@]2(C1)CN(C(=O)c1ccc3ncccc3c1)CCO2[EOS][EOS][EOS][EOS][EOS][EOS][EOS][EOS],58787.10127234459,42
9.3,O=C(NC1C2CCc3ccccc3C21)c1cccc(S(=O)(=O)N2CCCc3ccccc32)c1,[BOS]O=C(N[C@@H]1[C@@H]2CCc3ccccc3[C@H]21)c1cccc(S(=O)(=O)N2CCCc3ccccc32)c1[EOS][EOS][EOS][EOS][EOS][EOS][EOS],62680.71679353714,42
9.4,O=C(NCC1C2Cc3ccccc3C12)Nc1cc(-c2nnc3n2CCCCC3)ccc1F,[BOS]O=C(NC[C@@H]1[C@H]2Cc3ccccc3[C@@H]12)Nc1cc(-c2nnc3n2CCCCC3)ccc1F[EOS],66822.095900774,42
8.8,Cc1ccc(C)c(Oc2ccc(CNC(=O)N3CC4CCC3C(O)C4)cn2)c1,[BOS]Cc1ccc(C)c(Oc2ccc(CNC(=O)N3C[C@H]4CC[C@H]3[C@H](O)C4)cn2)c1[EOS][EOS][EOS][EOS][EOS][EOS][EOS][EOS],71109.64174747467,42
9.4,CC1(c2ccc(C(=O)NCC3(c4cccc(F)c4)CCCCC3)cc2)NC(=O)NC1=O,[BOS]C[C@]1(c2ccc(C(=O)NCC3(c4cccc(F)c4)CCCCC3)cc2)NC(=O)NC1=O[EOS],75666.91603469849,42
9.4,Cc1nc(CNC(=O)N2CCc3ccc(C(C)(C)C)cc3C2)nc2ccccc12,[BOS]Cc1nc(CNC(=O)N2CCc3ccc(C(C)(C)C)cc3C2)nc2ccccc12[EOS],79340.23273205757,42
9.9,O=C(c1cccc(-c2cnccn2)c1)N1CCC2(CCCN(C(=O)C3CCC(F)(F)CC3)C2)CC1,[BOS]O=C(c1cccc(-c2cnccn2)c1)N1CCC2(CCCN(C(=O)C3CCC(F)(F)CC3)C2)CC1[EOS],83330.0144534111,42
9.0,Cc1cc(C)n2ncc(C(=O)Nc3cc(C4CCCCN4C(=O)C4(C)CC=CCC4)[nH]n3)c2n1,[BOS]Cc1cc(C)n2ncc(C(=O)Nc3cc([C@H]4CCCCN4C(=O)[C@@]4(C)CC=CCC4)[nH]n3)c2n1[EOS][EOS][EOS][EOS],87506.64419293404,42
10.3,Cc1ccc(C(=O)Nc2cc(C3CCCCN3C(=O)C3=C4c5ccccc5C(=O)N4CC3)[nH]n2)c(F)c1F,[BOS]Cc1ccc(C(=O)Nc2cc([C@@H]3CCCCN3C(=O)C3=C4c5ccccc5C(=O)N4CC3)[nH]n2)c(F)c1F[EOS],92206.83106589317,42
9.5,NC(=O)C1CCN(c2cccc(NC(=O)c3c4c(nc5ccccc35)CCC4)c2)CC1,[BOS]NC(=O)C1CCN(c2cccc(NC(=O)c3c4c(nc5ccccc35)CCC4)c2)CC1[EOS],96356.42769265175,42
8.6,N#CC1(NC(=O)c2cc(-c3ccncc3)nc3ccccc23)CCc2ccccc2C1,[BOS]N#C[C@@]1(NC(=O)c2cc(-c3ccncc3)nc3ccccc23)CCc2ccccc2C1[EOS][EOS][EOS][EOS][EOS],100191.81329202652,42
9.6,CC(C(=O)N1CCC2(CCCN(C(=O)c3ncccc3-c3ccccc3)C2)CC1)c1ccc(O)cc1,[BOS]C[C@@H](C(=O)N1CCC2(CCCN(C(=O)c3ncccc3-c3ccccc3)C2)CC1)c1ccc(O)cc1[EOS],4328.152735948563,42
9.3,O=C(c1cc(F)cc(C(F)(F)F)c1)N1CCC2(C1)CN(C(=O)c1cccnc1OCC1CC1)CCO2,[BOS]O=C(c1cc(F)cc(C(F)(F)F)c1)N1CC[C@@]2(C1)CN(C(=O)c1cccnc1OCC1CC1)CCO2[EOS][EOS][EOS][EOS][EOS][EOS][EOS],8300.87486243248,42
9.6,Cc1occc1C(=O)N1CCC(OC2CCN(C(=O)COc3cccc4ccccc34)CC2)CC1,[BOS]Cc1occc1C(=O)N1CCC(OC2CCN(C(=O)COc3cccc4ccccc34)CC2)CC1[EOS][EOS][EOS][EOS][EOS][EOS][EOS][EOS],12183.583688020706,42
9.5,Cc1cc(C#N)cc(C(=O)N2CCCCC2c2cc(NC(=O)Cc3ccc4c(c3)CCCO4)n[nH]2)c1,[BOS]Cc1cc(C#N)cc(C(=O)N2CCCC[C@@H]2c2cc(NC(=O)Cc3ccc4c(c3)CCCO4)n[nH]2)c1[EOS][EOS],16717.942411899567,42
9.7,O=C(NCC1CCCc2ccccc21)c1ccc(NC2=NS(=O)(=O)c3ccccc32)cc1,[BOS]O=C(NC[C@H]1CCCc2ccccc21)c1ccc(NC2=NS(=O)(=O)c3ccccc32)cc1[EOS],20980.627893924713,42
10.2,Cc1ccc(CCC(=O)N2CCOCC3(C2)CN(C(=O)c2ccc(O)c(F)c2)CCO3)c2ccccc12,[BOS]Cc1ccc(CCC(=O)N2CCOC[C@@]3(C2)CN(C(=O)c2ccc(O)c(F)c2)CCO3)c2ccccc12[EOS],25917.65060901642,42
9.7,Cc1nc(CNC(=O)NC2CCCN(Cc3cccc(C(F)(F)F)c3)C2=O)nc2ccccc12,[BOS]Cc1nc(CNC(=O)N[C@H]2CCCN(Cc3cccc(C(F)(F)F)c3)C2=O)nc2ccccc12[EOS][EOS][EOS][EOS][EOS][EOS][EOS],30788.98668694496,42
8.6,CCC1CCN(C(=O)CCC(=O)c2ccc3c(c2)CCC(=O)N3)c2ccccc21,[BOS]CC[C@@H]1CCN(C(=O)CCC(=O)c2ccc3c(c2)CCC(=O)N3)c2ccccc21[EOS][EOS][EOS][EOS][EOS],34887.20650935173,42
9.9,Cc1ccccc1C(=O)N1CCCCC1C1CCN(C(=O)c2[nH]nc3c2CCc2ncccc2-3)CC1,[BOS]Cc1ccccc1C(=O)N1CCCC[C@H]1C1CCN(C(=O)c2[nH]nc3c2CCc2ncccc2-3)CC1[EOS],39271.717881441116,42
9.9,O=C(Nc1cccc(NC(=O)N2CCCC(C3CCCCO3)C2)c1)Nc1cccc2c1CCCC2=O,[BOS]O=C(Nc1cccc(NC(=O)N2CCC[C@H]([C@H]3CCCCO3)C2)c1)Nc1cccc2c1CCCC2=O[EOS][EOS][EOS][EOS][EOS][EOS],43358.58913350105,42
9.9,Cc1ccc2c(C3=CCN(C(=O)Nc4cccc(N5CCS(=O)(=O)CC5)c4)CC3)c[nH]c2c1,[BOS]Cc1ccc2c(C3=CCN(C(=O)Nc4cccc(N5CCS(=O)(=O)CC5)c4)CC3)c[nH]c2c1[EOS],47638.80348658562,42
9.5,O=C(Nc1cccc(N2CCCC2=O)c1)C(=O)N1CCN(C(=O)Cc2c[nH]c3ccccc23)CC1,[BOS]O=C(Nc1cccc(N2CCCC2=O)c1)C(=O)N1CCN(C(=O)Cc2c[nH]c3ccccc23)CC1[EOS],52227.291286706924,42
9.8,O=C(NC1CC=C(c2ccc(F)cc2)CC1)NC1CC(=O)N(C2Cc3ccccc3C2)C1,[BOS]O=C(N[C@@H]1CC(=O)N(C2Cc3ccccc3C2)C1)N[C@@H]1CC=C(c2ccc(F)cc2)CC1[EOS],56674.7819006443,42
10.1,Cc1cc(C(=O)N2CCC(C)CC2)ccc1NC(=O)C(=O)NCc1cccc2ccccc12,[BOS]Cc1cc(C(=O)N2CCC(C)CC2)ccc1NC(=O)C(=O)NCc1cccc2ccccc12[EOS],61285.996789216995,42
9.5,O=C1C=CC=CC1=C1N=C(N2CCCC(C(=O)NC3CCCOc4cc(F)ccc43)C2)c2ccccc2N1,[BOS]O=C(N[C@@H]1CCCOc2cc(F)ccc21)[C@@H]1CCCN(C2=N/C(=C3\C=CC=CC3=O)Nc3ccccc32)C1[EOS][EOS][EOS][EOS][EOS],65336.70351147652,42
9.5,O=C(c1c[nH]c2ncc(C(F)(F)F)cc12)N1CCC2(C1)CN(C(=O)C1CCCCC1(F)F)CCO2,[BOS]O=C(c1c[nH]c2ncc(C(F)(F)F)cc12)N1CC[C@]2(C1)CN(C(=O)[C@H]1CCCCC1(F)F)CCO2[EOS][EOS][EOS][EOS][EOS][EOS][EOS][EOS],69622.51331043243,42
9.3,CC(C(=O)NCC1OCC2CCN(C(=O)C3CC34C(=O)Nc3ccccc34)CC21)c1ccc(O)cc1,[BOS]C[C@@H](C(=O)NC[C@@H]1OC[C@@H]2CCN(C(=O)[C@H]3C[C@@]34C(=O)Nc3ccccc34)C[C@@H]21)c1ccc(O)cc1[EOS][EOS][EOS][EOS][EOS][EOS][EOS][EOS],74852.43829774857,42
9.5,O=C(Cc1ccc2c(c1)CCC2)NC1C2COCC1CN(C(=O)c1cccnc1-c1cccc(F)c1)C2,[BOS]O=C(Cc1ccc2c(c1)CCC2)N[C@H]1[C@@H]2COC[C@H]1CN(C(=O)c1cccnc1-c1cccc(F)c1)C2[EOS],79512.45407700539,42
10.5,O=C(C1CC(=O)N(c2cccc3ccccc23)C1)N1CC=C(c2c[nH]c3ncccc23)CC1,[BOS]O=C([C@H]1CC(=O)N(c2cccc3ccccc23)C1)N1CC=C(c2c[nH]c3ncccc23)CC1[EOS],83496.98134040833,42
9.4,CC(O)(C(=O)N1CCCCC1c1cc(NC(=O)CC2Cc3ccccc3C2)n[nH]1)C(F)(F)F,[BOS]C[C@](O)(C(=O)N1CCCC[C@@H]1c1cc(NC(=O)CC2Cc3ccccc3C2)n[nH]1)C(F)(F)F[EOS],88214.92941403389,42
9.5,O=C1CCC(C(=O)N2CC(c3ccccc3)c3ccccc32)CN1c1ccc2c(c1)OCCO2,[BOS]O=C1CC[C@H](C(=O)N2C[C@H](c3ccccc3)c3ccccc32)CN1c1ccc3c(c1)OCCO3[EOS],91938.17602396011,42
9.7,CCC1CCc2[nH]c(=O)c(C(=O)N3CCCC(c4nc(-c5ccc(F)cc5)no4)C3)cc2C1,[BOS]CC[C@H]1CCc2[nH]c(=O)c(C(=O)N3CCC[C@@H](c4nc(-c5ccc(F)cc5)no4)C3)cc2C1[EOS],95972.97277069092,42
10.0,Cc1ccc(C)c(CC(=O)N2CCOC3(CCN(C(=O)c4cc5cc(C(F)(F)F)ccc5[nH]4)C3)C2)c1,[BOS]Cc1ccc(C)c(CC(=O)N2CCO[C@@]3(CCN(C(=O)c4cc5cc(C(F)(F)F)ccc5[nH]4)C3)C2)c1[EOS][EOS][EOS][EOS][EOS],100166.89790415764,42
8.7,Cc1nnc(CC(=O)N2CCOCC3(C2)CN(C(=O)c2cc4cccc(C)c4[nH]2)CCO3)s1,[BOS]Cc1nnc(CC(=O)N2CCOC[C@@]3(C2)CN(C(=O)c2cc4cccc(C)c4[nH]2)CCO3)s1[EOS][EOS][EOS][EOS][EOS][EOS],103915.38816976547,42
9.5,O=C(NCC1CCCc2ccccc21)N1CCCCC1c1nc(-c2ccccc2)no1,[BOS]O=C(NC[C@@H]1CCCc2ccccc21)N1CCCC[C@@H]1c1nc(-c2ccccc2)no1[EOS],4271.009283542633,42
9.8,O=C(NC1CC2CCC(C1)N2C(=O)c1ccc(-c2ccc(=O)[nH]n2)cc1)C1CCCC2CCCCC21,[BOS]O=C(N[C@H]1C[C@H]2CC[C@@H](C1)N2C(=O)c1ccc(-c2ccc(=O)[nH]n2)cc1)[C@@H]1CCC[C@@H]2CCCC[C@@H]21[EOS],8405.460158348083,42
9.1,Cc1cc(C)cc(CCC(=O)N2CCC3(C2)CN(C(=O)Cc2ccc4ncccc4c2)CCO3)c1,[BOS]Cc1cc(C)cc(CCC(=O)N2CC[C@@]3(C2)CN(C(=O)Cc2ccc4ncccc4c2)CCO3)c1[EOS][EOS][EOS][EOS],12677.693701267242,42
10.8,O=C(c1cc2cccnc2[nH]c1=O)N1CCOCC2(C1)CN(C(=O)C1CCCC3CCCCC31)CCO2,[BOS]O=C(c1cc2cccnc2[nH]c1=O)N1CCOC[C@]2(C1)CN(C(=O)[C@@H]1CCC[C@@H]3CCCC[C@@H]31)CCO2[EOS],17061.425930261612,42
11.1,O=C(COc1cccc2ccccc12)N1CCOC2(CCN(C(=O)C3Cc4ccccc4N3)C2)C1,[BOS]O=C(COc1cccc2ccccc12)N1CCO[C@]2(CCN(C(=O)[C@@H]3Cc4ccccc4N3)C2)C1[EOS],22005.370131015778,42
10.6,O=C(C1Cc2ccccc2C1)N1CCOCC2(C1)CN(C(=O)C1CCCC3CCCCC31)CCO2,[BOS]O=C(C1Cc2ccccc2C1)N1CCOC[C@]2(C1)CN(C(=O)[C@@H]1CCC[C@@H]3CCCC[C@H]31)CCO2[EOS],26217.696863651276,42
9.4,Cc1oncc1C(=O)N1CCC(OC2CCN(C(=O)c3cccc4c3OC(C)(C)CC4)CC2)CC1,[BOS]Cc1oncc1C(=O)N1CCC(OC2CCN(C(=O)c3cccc4c3OC(C)(C)CC4)CC2)CC1[EOS],30837.41055727005,42
9.7,O=C(NC1CC1c1cccc2ccccc12)N1C2CCC1CC(O)(Cc1ccc(F)cc1F)C2,[BOS]O=C(N[C@@H]1C[C@H]1c1cccc2ccccc12)N1[C@H]2CC[C@H]1CC(O)(Cc1ccc(F)cc1F)C2[EOS],35421.3983066082,42
10.4,Cc1cc(Cl)c2ccc(C(=O)N3CCC4OCCCC4(CNC(=O)c4cccc(F)n4)C3)cc2n1,[BOS]Cc1cc(Cl)c2ccc(C(=O)N3CC[C@H]4OCCC[C@@]4(CNC(=O)c4cccc(F)n4)C3)cc2n1[EOS],40221.45232081413,42
9.5,CC1CCCN(c2nnc(C(=O)Nc3ccccn3)n2CCc2ccc(F)c(F)c2)CC1,[BOS]C[C@@H]1CCCN(c2nnc(C(=O)Nc3ccccn3)n2CCc2ccc(F)c(F)c2)CC1[EOS],44807.28881788254,42
8.7,Cn1ncc2c(C(=O)N3CCOC4(COCCN(C(=O)C5CC5c5ccc(F)cc5)C4)C3)cccc21,[BOS]Cn1ncc2c(C(=O)N3CCO[C@]4(COCCN(C(=O)[C@H]5C[C@H]5c5ccc(F)cc5)C4)C3)cccc21[EOS],48921.871816158295,42
10.2,O=C(Cc1ccc(F)cc1)N1CCOC2(CCN(C(=O)c3ccc(Cc4cccc(F)c4)cc3)C2)C1,[BOS]O=C(Cc1ccc(F)cc1)N1CCO[C@]2(CCN(C(=O)c3ccc(Cc4cccc(F)c4)cc3)C2)C1[EOS],53470.1456823349,42
10.6,O=C(c1[nH]nc2ncccc12)N1CCOCC2(C1)CN(C(=O)C1CCCC3CCCCC31)CCO2,[BOS]O=C(c1[nH]nc2ncccc12)N1CCOC[C@]2(C1)CN(C(=O)[C@@H]1CCC[C@@H]3CCCC[C@@H]31)CCO2[EOS],57936.1220035553,42
10.0,CC1CN(c2ccc(-c3nc(C4(c5ccc(F)cc5F)CCCC4)no3)cn2)CC(C)O1,[BOS]C[C@H]1CN(c2ccc(-c3nc(C4(c5ccc(F)cc5F)CCCC4)no3)cn2)C[C@H](C)O1[EOS][EOS][EOS][EOS][EOS][EOS][EOS][EOS],61895.67907810211,42
9.7,O=C1CC(C(=O)N2CCCCC2C2CC(NC(=O)c3ccc(=O)n(-c4ccccc4)n3)N=N2)CCN1,[BOS]O=C1C[C@H](C(=O)N2CCCC[C@@H]2C2CC(NC(=O)c3ccc(=O)n(-c4ccccc4)n3)N=N2)CCN1[EOS][EOS][EOS][EOS][EOS][EOS][EOS],67041.97879529,42
9.4,O=C(c1cc(=O)[nH]c2ccccc12)N1CCC2(C1)CN(C(=O)C1CNc3ccccc31)CCO2,[BOS]O=C(c1cc(=O)[nH]c2ccccc12)N1CC[C@]2(C1)CN(C(=O)[C@@H]1CNc3ccccc31)CCO2[EOS][EOS][EOS][EOS],71221.52822375298,42
9.4,Cc1[nH]nc(NC(=O)C2CC(=O)N(Cc3cccc(C(F)(F)F)c3)C2)c1-c1ccc(F)cc1,[BOS]Cc1[nH]nc(NC(=O)[C@H]2CC(=O)N(Cc3cccc(C(F)(F)F)c3)C2)c1-c1ccc(F)cc1[EOS][EOS][EOS],75912.93975043297,42
9.8,O=C(c1cccc(NC(=O)N2CCCC2C2CCCOC2)c1)N1CCc2ccccc2C1,[BOS]O=C(c1cccc(NC(=O)N2CCC[C@H]2[C@H]2CCCOC2)c1)N1CCc2ccccc2C1[EOS][EOS][EOS][EOS][EOS],80040.32716703415,42
9.2,Cc1cc(C(=O)N2CCOCC3(C2)CN(C(=O)c2ccc4c(c2)CCCC4=O)CCO3)cc2cn[nH]c12,[BOS]Cc1cc(C(=O)N2CCOC[C@@]3(CN(C(=O)c4ccc5c(c4)CCCC5=O)CCO3)C2)cc2cn[nH]c12[EOS][EOS][EOS][EOS][EOS][EOS][EOS],84302.10803937912,42
9.7,Cc1c(C(=O)N2CCCCC2C2CCN(C(=O)C3CNc4ccccc43)CC2)cn2nc[nH]c(=O)c12,[BOS]Cc1c(C(=O)N2CCCC[C@@H]2C2CCN(C(=O)[C@@H]3CNc4ccccc43)CC2)cn2nc[nH]c(=O)c12[EOS],88940.75913357735,42
9.3,O=C(NC1CC(=O)N(c2cccc(C(F)(F)F)c2)C1)C1=NOC(c2ccccc2)C1,[BOS]O=C(N[C@@H]1CC(=O)N(c2cccc(C(F)(F)F)c2)C1)C1=NO[C@@H](c2ccccc2)C1[EOS][EOS][EOS][EOS][EOS][EOS][EOS][EOS],93178.28994822502,42
9.5,CC(NC(=O)N1CCC(n2ncc3ccccc32)C1)c1ccc(F)c2ccccc12,[BOS]C[C@@H](NC(=O)N1CC[C@H](n2ncc3ccccc32)C1)c1ccc(F)c2ccccc12[EOS],97335.06613469124,42
9.3,Cc1ccccc1C1(C2N=C(O)C3CNN(c4ccc(F)cc4)C3N2)CCCCCCC1,[BOS]Cc1ccccc1C1(C2N=C(O)C3CNN(c4ccc(F)cc4)C3N2)CCCCCCC1[EOS],101462.56211996078,42
9.1,CC(C)C1CCc2ccccc2C1NC(=O)N1CCN(c2ccc(F)cn2)CC1,[BOS]CC(C)[C@@H]1CCc2ccccc2[C@H]1NC(=O)N1CCN(c2ccc(F)cn2)CC1[EOS],105144.50845360756,42
9.2,Cc1cc(C)c(C(=O)N2CCC3COC(CNC(=O)Cc4ccc5c(c4)CCCO5)C3C2)c(C)c1,[BOS]Cc1cc(C)c(C(=O)N2CC[C@H]3CO[C@@H](CNC(=O)Cc4ccc5c(c4)CCCO5)[C@H]3C2)c(C)c1[EOS][EOS],4758.784843683243,42
9.4,O=C(NCC1C2Cc3ccccc3C12)N1CCc2cc(-c3cccc(F)c3)ccc2C1,[BOS]O=C(NC[C@@H]1[C@H]2Cc3ccccc3[C@@H]12)N1CCc2cc(-c3cccc(F)c3)ccc2C1[EOS],8808.132465362549,42
9.0,O=C(NC1CC2CCC(C1)N2C(=O)C1CC(c2ccccc2)N=N1)C1Cc2ccccc2C1,[BOS]O=C(N[C@H]1C[C@H]2CC[C@@H](C1)N2C(=O)[C@@H]1CC(c2ccccc2)N=N1)C1Cc2ccccc2C1[EOS][EOS][EOS][EOS][EOS][EOS][EOS],12797.64706659317,42
8.7,CC(C)C(=O)N1CCN(c2ccccc2N(C)Cc2ccccc2)CC2(CCCC(=O)N2)C1,[BOS]CC(C)C(=O)N1CCN(c2ccccc2N(C)Cc2ccccc2)C[C@@]2(CCCC(=O)N2)C1[EOS][EOS][EOS][EOS][EOS][EOS][EOS][EOS],16771.3484518528,42
8.9,O=C(CNC(=O)N1CC2CC2(c2ccccc2)C1)Nc1ccc(F)c(F)c1F,[BOS]O=C(CNC(=O)N1C[C@H]2C[C@]2(c2ccccc2)C1)Nc1ccc(F)c(F)c1F[EOS][EOS][EOS][EOS][EOS][EOS][EOS],20436.929166555405,42
8.9,O=C1CCC(c2nnc(N3CCN(c4ccccc4F)CC3)n2CCc2ccccc2)CCN1,[BOS]O=C1CC[C@@H](c2nnc(N3CCN(c4ccccc4F)CC3)n2CCc2ccccc2)CCN1[EOS][EOS][EOS][EOS],24147.909477949142,42
9.4,Cc1ccc(N2CCC(NC(=O)c3ccccc3C(=O)c3ccc(C)c(C)c3)CC2)nc1,[BOS]Cc1ccc(N2CCC(NC(=O)c3ccccc3C(=O)c3ccc(C)c(C)c3)CC2)nc1[EOS],28132.234592676163,42
10.2,O=C(c1cc2c(F)cc(F)cc2[nH]1)N1CCC2(CCCN(C(=O)C3CCc4ccccc4C3O)C2)CC1,[BOS]O=C(c1cc2c(F)cc(F)cc2[nH]1)N1CCC2(CCCN(C(=O)[C@@H]3CCc4ccccc4[C@@H]3O)C2)CC1[EOS][EOS][EOS][EOS][EOS][EOS][EOS][EOS],32170.19315624237,42
8.8,Cc1cc(C)c(CC(C(=O)N2CCC(C(=O)Nc3ccc4c(c3)OCO4)CC2)C(F)(F)F)c(C)c1,[BOS]Cc1cc(C)c(C[C@@H](C(=O)N2CCC(C(=O)Nc3ccc4c(c3)OCO4)CC2)C(F)(F)F)c(C)c1[EOS][EOS][EOS][EOS][EOS][EOS],36391.93257308006,42
9.7,O=C1NCC2(CCN(C(=O)C3CC3c3cccc4ccccc34)CC2)Oc2ccccc21,[BOS]O=C1NCC2(CCN(C(=O)[C@H]3C[C@@H]3c3cccc4ccccc34)CC2)Oc2ccccc21[EOS],40402.4533932209,42
9.3,Cc1ccc(Oc2ccc(NC(=O)N3CCOC(c4cccc(F)c4)C3)cn2)cc1C,[BOS]Cc1ccc(Oc2ccc(NC(=O)N3CCO[C@@H](c4cccc(F)c4)C3)cn2)cc1C[EOS],44443.64196372032,42
8.9,O=C(Nc1ccc(S(=O)(=O)NC2=NCCCCC2)cc1)NC1CCOC2(CCS(=O)(=O)C2)C1,[BOS]O=C(Nc1ccc(S(=O)(=O)NC2=NCCCCC2)cc1)N[C@@H]1CCO[C@]2(CCS(=O)(=O)C2)C1[EOS][EOS],48432.38600254059,42
9.2,O=C(c1cccc2ccc(=O)[nH]c12)N1CC2Oc3c(F)ccc(F)c3OC2C1,[BOS]O=C(c1cccc2ccc(=O)[nH]c12)N1C[C@@H]2Oc3c(F)ccc(F)c3O[C@@H]2C1[EOS],51963.099288225174,42
9.0,Cc1cc(C)n2nc(NC(=O)NC(c3cccc4ccccc34)C(F)(F)F)nc2n1,[BOS]Cc1cc(C)n2nc(NC(=O)N[C@@H](c3cccc4ccccc34)C(F)(F)F)nc2n1[EOS],55975.92327952385,42
9.0,O=C(NCC1(c2cccc(C(F)(F)F)c2)CC1)C1CCN(c2nc3ccccc3o2)CC1,[BOS]O=C(NCC1(c2cccc(C(F)(F)F)c2)CC1)C1CCN(c2nc3ccccc3o2)CC1[EOS][EOS][EOS][EOS][EOS][EOS][EOS][EOS],60284.178619623184,42
9.8,Cc1c(C(=O)NCC23CCCOC2CCN(C(=O)C2CC2c2ccc(F)c(F)c2)C3)oc2ccccc12,[BOS]Cc1c(C(=O)NC[C@@]23CCCO[C@@H]2CCN(C(=O)[C@@H]2C[C@H]2c2ccc(F)c(F)c2)C3)oc2ccccc12[EOS][EOS][EOS][EOS][EOS][EOS][EOS][EOS],65287.023497104645,42
9.2,O=C1CCN(C(=O)c2ccc(Nc3ccc4nc(C(F)(F)F)ccc4c3)cc2)CC1,[BOS]O=C1CCN(C(=O)c2ccc(Nc3ccc4nc(C(F)(F)F)ccc4c3)cc2)CC1[EOS],69235.98952198029,42
9.1,O=C(Nc1nc2c(s1)CC(NC(=O)C1(c3cccc(F)c3)CC1)CC2)c1ccc2c(c1)OCO2,[BOS]O=C(Nc1nc2c(s1)C[C@H](NC(=O)C1(c3cccc(F)c3)CC1)CC2)c1ccc2c(c1)OCO2[EOS],73166.33057832718,42
9.2,O=C1CCC(N2Cc3c(Nc4ccc(OCc5ccccc5)cc4F)cccc3C2=O)C(=O)N1,[BOS]O=C1CC[C@H](N2Cc3c(Nc4ccc(OCc5ccccc5)cc4F)cccc3C2=O)C(=O)N1[EOS][EOS][EOS][EOS][EOS][EOS][EOS][EOS],77901.77111625671,42
10.5,O=C1CCc2ccc(C(=O)N3CCCCC3C3CCN(C(=O)C4Cc5ccccc5C4)CC3)cc2N1,[BOS]O=C1CCc2ccc(C(=O)N3CCCC[C@@H]3C3CCN(C(=O)C4Cc5ccccc5C4)CC3)cc2N1[EOS],82870.58238005638,42
8.7,CC1CCCC(CNC(=O)C2(Cc3ccccc3)CC3CCC2C3)C1C,[BOS]C[C@@H]1[C@@H](CNC(=O)[C@]2(Cc3ccccc3)C[C@H]3CC[C@H]2C3)CCC[C@H]1C[EOS][EOS][EOS][EOS][EOS][EOS],86433.68012094498,42
10.2,O=C1Nc2ccccc2CCC1NC(=O)C1(C(F)(F)F)CCNCCc2ccccc21,[BOS]O=C1Nc2ccccc2CC[C@@H]1NC(=O)[C@]1(C(F)(F)F)CCNCCc2ccccc21[EOS],90206.63093328476,42
9.3,Cc1nc(C(=O)N2CCCCC2C2CCN(C(=O)C3CCc4[nH]c(=O)[nH]c(=O)c4C3)CC2)ccc1F,[BOS]Cc1nc(C(=O)N2CCCC[C@@H]2C2CCN(C(=O)[C@@H]3CCc4[nH]c(=O)[nH]c(=O)c4C3)CC2)ccc1F[EOS],94338.27190303802,42
9.5,Cc1c(C(=O)N2CCC3(CC(=O)c4ccccc4O3)C2)nnn1-c1ccc2c(c1)OCCO2,[BOS]Cc1c(C(=O)N2CC[C@]3(CC(=O)c4ccccc4O3)C2)nnn1-c1ccc2c(c1)OCCO2[EOS][EOS][EOS][EOS][EOS],98294.65982437134,42
8.9,N#CC(NC(=O)C1c2ccccc2-c2ccccc21)c1ccc(F)cc1,[BOS]N#C[C@@H](NC(=O)C1c2ccccc2-c2ccccc21)c1ccc(F)cc1[EOS],3434.7671298980713,42
9.4,O=C(CN1C(=O)C2(CCCCc3ccccc32)N=C1O)N1CCN(Cc2cc(=O)c3ccccc3[nH]2)CC1,[BOS]O=C(CN1C(=O)C2(CCCCc3ccccc32)N=C1O)N1CCN(Cc2cc(=O)c3ccccc3[nH]2)CC1[EOS][EOS][EOS][EOS][EOS][EOS][EOS],7884.296233415604,42
9.3,O=C(c1ccc(F)c2ccccc12)N1CCN(c2cccc3cnccc23)CC1O,[BOS]O=C(c1ccc(F)c2ccccc12)N1CCN(c2cccc3cnccc23)C[C@H]1O[EOS],11441.770354032516,42
9.6,Cc1cc(N2N=C(c3ccc4c(c3)OCO4)CC2=O)ccc1C(=O)N1CCCC1C(=O)OC(C)(C)C,[BOS]Cc1cc(N2N=C(c3ccc4c(c3)OCO4)CC2=O)ccc1C(=O)N1CCC[C@H]1C(=O)OC(C)(C)C[EOS][EOS][EOS][EOS][EOS][EOS][EOS],15246.993129253387,42
9.7,COc1ccc(C2CC2C(=O)N2CCCC3(CCN(C(=O)c4ccc5c(c4)NC(=O)CC5)CC3)C2)cc1,[BOS]COc1ccc([C@H]2C[C@@H]2C(=O)N2CCCC3(CCN(C(=O)c4ccc5c(c4)NC(=O)CC5)CC3)C2)cc1[EOS][EOS][EOS][EOS][EOS],19867.64671945572,42
9.0,CC1Cc2cc(F)ccc2C(C)N1C(=O)c1ccc2c(=O)n(C)c(=O)n(C)c2n1,[BOS]C[C@@H]1Cc2cc(F)ccc2[C@@H](C)N1C(=O)c1ccc2c(=O)n(C)c(=O)n(C)c2n1[EOS],23411.834255695343,42
9.5,COc1ccc2cc(C(=O)N3CCC(C4C(=O)Nc5ccccc54)CC3)ccc2c1,[BOS]COc1ccc2cc(C(=O)N3CCC([C@@H]4C(=O)Nc5ccccc54)CC3)ccc2c1[EOS],27332.71700692177,42
10.0,O=C1Cc2cccc(C(=O)N3CCC4(CN(C(=O)Cc5ccc6c(c5)CCCO6)CCO4)C3)c2N1,[BOS]O=C1Cc2cccc(C(=O)N3CC[C@]4(CN(C(=O)Cc5ccc6c(c5)CCCO6)CCO4)C3)c2N1[EOS],31982.1590051651,42
9.4,CC1CCc2cc(F)cc3c(=O)c(C(=O)N4CCCC5(CCCCN5c5ccc(F)cn5)C4)cn1c23,[BOS]C[C@@H]1CCc2cc(F)cc3c(=O)c(C(=O)N4CCC[C@]5(CCCCN5c5ccc(F)cn5)C4)cn1c23[EOS],35900.1730966568,42
9.7,O=C(Cc1cccc2ncccc12)N1CCC2(CCCN(C(=O)CC3OCCc4ccccc43)C2)CC1,[BOS]O=C(Cc1cccc2ncccc12)N1CCC2(CCCN(C(=O)C[C@H]3OCCc4ccccc43)C2)CC1[EOS][EOS][EOS][EOS],40263.0953066349,42
9.3,Cc1ccc(C(C)C(=O)N2CCC(C3CCCCN3C(=O)c3cnnc4ccccc34)CC2)cc1,[BOS]Cc1ccc([C@@H](C)C(=O)N2CCC([C@@H]3CCCCN3C(=O)c3cnnc4ccccc34)CC2)cc1[EOS],44960.895493745804,42
11.7,O=C(NCc1ccc(N2CCc3ccccc3C2)nc1)N1CC2(CCCC2)c2cccc(F)c21,[BOS]O=C(NCc1ccc(N2CCc3ccccc3C2)nc1)N1CC2(CCCC2)c2cccc(F)c21[EOS],49263.00923371315,42
9.3,CC1Cc2ccccc2N1C1CCN(C(=O)c2sccc2NC(=O)c2ccncc2)CC1,[BOS]C[C@@H]1Cc2ccccc2N1C1CCN(C(=O)c2sccc2NC(=O)c2ccncc2)CC1[EOS],53564.20898580551,42
9.4,O=C(NCC(=O)N1CCCc2ccccc21)NC1CCOC(c2ccc(F)cc2)C1,[BOS]O=C(NCC(=O)N1CCCc2ccccc21)N[C@H]1CCO[C@@H](c2ccc(F)cc2)C1[EOS],57722.43407917023,42
9.2,Cc1ccc(C2C(C)CCCN2S(=O)(=O)c2ccc3c(c2)CCCC(=O)N3)cc1,[BOS]Cc1ccc([C@@H]2[C@H](C)CCCN2S(=O)(=O)c2ccc3c(c2)CCCC(=O)N3)cc1[EOS],61653.993030786514,42
9.5,O=C1NCC(c2ccccc2)C12CCN(S(=O)(=O)c1ccc3oc4ccccc4c3c1)C2,[BOS]O=C1NC[C@H](c2ccccc2)[C@]12CCN(S(=O)(=O)c1ccc3oc4ccccc4c3c1)C2[EOS][EOS][EOS][EOS][EOS][EOS][EOS][EOS],65738.84480571747,42
8.3,CNC(=O)C1CN(C(=O)CC2CS(=O)(=O)c3ccccc3O2)c2ccccc2O1,[BOS]CNC(=O)[C@H]1CN(C(=O)C[C@H]2CS(=O)(=O)c3ccccc3O2)c2ccccc2O1[EOS][EOS][EOS][EOS],69613.88507056236,42
10.1,O=C(CC1CC2(CCN(C(=O)NC3c4ccccc4-c4ccccc43)C2)c2ccccc21)N1CCOCC1,[BOS]O=C(C[C@@H]1C[C@@]2(CCN(C(=O)NC3c4ccccc4-c4ccccc43)C2)c2ccccc21)N1CCOCC1[EOS][EOS][EOS][EOS][EOS][EOS][EOS][EOS],74179.37673187256,42
9.6,O=C(NCc1cc(-c2ccc(F)cc2F)on1)N1CCOC2(CCc3ccccc32)C1,[BOS]O=C(NCc1cc(-c2ccc(F)cc2F)on1)N1CCO[C@]2(CCc3ccccc32)C1[EOS],78338.33808875084,42
9.8,CN1N=C(C(=O)N2CCCCC2c2cc(NC(=O)Cc3ccc4c(c3)CCC4)n[nH]2)CCC1=O,[BOS]CN1N=C(C(=O)N2CCCC[C@H]2c2cc(NC(=O)Cc3ccc4c(c3)CCC4)n[nH]2)CCC1=O[EOS],82980.89101409912,42
9.6,Cc1cccc(F)c1C(=O)N1CCC2(CN(C(=O)c3cnc4c(F)c(F)ccc4c3)CCO2)C1,[BOS]Cc1cccc(F)c1C(=O)N1CC[C@]2(C1)CN(C(=O)c1cnc3c(F)c(F)ccc3c1)CCO2[EOS][EOS][EOS],87075.5614259243,42
10.2,Cc1ccc(C(C)C(=O)N2CCOC3(COCCN(C(=O)c4ccc5c(c4)NC(=O)CC5)C3)C2)cc1,[BOS]Cc1ccc([C@@H](C)C(=O)N2CCO[C@@]3(COCCN(C(=O)c4ccc5c(c4)NC(=O)CC5)C3)C2)cc1[EOS][EOS][EOS][EOS][EOS][EOS],91339.6786248684,42
9.8,O=C(NCC1CCOC1c1ccccc1)c1ccc(NC2=NS(=O)(=O)c3ccccc32)cc1,[BOS]O=C(NC[C@@H]1CCO[C@H]1c1ccccc1)c1ccc(NC2=NS(=O)(=O)c3ccccc32)cc1[EOS],95824.72548484802,42
9.6,Cc1cc(=O)[nH]c2cc(C(=O)N3CCC(C(=O)c4ccc5c(c4)NC(=O)C(C)O5)CC3)ccc12,[BOS]Cc1cc(=O)[nH]c2cc(C(=O)N3CCC(C(=O)c4ccc5c(c4)NC(=O)[C@@H](C)O5)CC3)ccc12[EOS][EOS][EOS][EOS][EOS][EOS][EOS],99914.42163825035,42
10.4,O=C(c1n[nH]c2ccccc12)N1CCOCC2(C1)CN(C(=O)C1CCCC3CCCCC31)CCO2,[BOS]O=C(c1n[nH]c2ccccc12)N1CCOC[C@]2(C1)CN(C(=O)[C@@H]1CCC[C@@H]3CCCC[C@H]31)CCO2[EOS],4359.400948524475,42
9.5,CC1Oc2ccc(NC(=O)C(=O)N3CCC(F)(c4cccc(C(F)(F)F)c4)C3)cc2NC1=O,[BOS]C[C@H]1Oc2ccc(NC(=O)C(=O)N3CC[C@](F)(c4cccc(C(F)(F)F)c4)C3)cc2NC1=O[EOS],8495.729019880295,42
9.1,Cc1ccc(C2=NOC(CNC(=O)C3(C)Cc4ccccc4C(=O)O3)C2)cc1C,[BOS]Cc1ccc(C2=NO[C@H](CNC(=O)[C@]3(C)Cc4ccccc4C(=O)O3)C2)cc1C[EOS],12813.220356225967,42
9.4,CN1CC(CNC(=O)Nc2ccc3c(c2)N(C(=O)Cc2ccccc2)CC3)Cc2ccccc21,[BOS]CN1C[C@H](CNC(=O)Nc2ccc3c(c2)N(C(=O)Cc2ccccc2)CC3)Cc2ccccc21[EOS][EOS][EOS][EOS][EOS][EOS][EOS],17002.458639383316,42
9.1,CC1COc2c(F)c(F)cc3c(=O)c(C(=O)N4CCC5C4CCN5C(=O)C4(C)CC=CCC4)cn1c23,[BOS]C[C@H]1COc2c(F)c(F)cc3c(=O)c(C(=O)N4CC[C@H]5[C@@H]4CCN5C(=O)[C@]4(C)CC=CCC4)cn1c23[EOS][EOS][EOS][EOS][EOS],21404.352521181107,42
8.8,Cn1ncc(C(=O)N2CCOC3(CCN(C(=O)c4cccc5c4NC(=O)C5=O)C3)C2)c1C(F)(F)F,[BOS]Cn1ncc(C(=O)N2CCO[C@@]3(CCN(C(=O)c4cccc5c4NC(=O)C5=O)C3)C2)c1C(F)(F)F[EOS][EOS][EOS][EOS][EOS][EOS],25574.28545498848,42
10.0,O=C(c1ccnc2ncccc12)N1CCOCC2(C1)CN(C(=O)C1CCCC3CCCCC31)CCO2,[BOS]O=C(c1ccnc2ncccc12)N1CCOC[C@]2(C1)CN(C(=O)[C@@H]1CCC[C@@H]3CCCC[C@@H]31)CCO2[EOS][EOS][EOS][EOS][EOS],30065.074095010757,42
9.0,CC1CCCC(OCc2cccc(NC(=O)C(=O)NCc3ccc(-n4cncn4)nc3)c2)C1,[BOS]C[C@@H]1CCC[C@H](OCc2cccc(NC(=O)C(=O)NCc3ccc(-n4cncn4)nc3)c2)C1[EOS],34544.92499780655,42
9.5,Cc1c[nH]c(C)c1CCC(=O)N1CCOC2(CCN(C(=O)c3ccc4c(C)cccc4c3)C2)C1,[BOS]Cc1c[nH]c(C)c1CCC(=O)N1CCO[C@]2(CCN(C(=O)c3ccc4c(C)cccc4c3)C2)C1[EOS][EOS][EOS][EOS][EOS],39097.519414663315,42
9.5,CN1CCCN(C(=O)C2CCCN(C(=O)N3CCc4sccc4C3)C2)c2cc(F)ccc21,[BOS]CN1CCCN(C(=O)[C@H]2CCCN(C(=O)N3CCc4sccc4C3)C2)c2cc(F)ccc21[EOS],42841.3108317852,42
9.6,O=C(NCc1cc2c([nH]c1=O)CCCC2)N1CCc2ccccc2C1Cc1ccccc1,[BOS]O=C(NCc1cc2c([nH]c1=O)CCCC2)N1CCc2ccccc2[C@@H]1Cc1ccccc1[EOS],46925.9196202755,42
9.2,Cc1cccc(CN2CCC3(CCN(c4ccc(-c5ccc6c(c5)OCCCO6)nn4)C3)C2=O)c1,[BOS]Cc1cccc(CN2CC[C@]3(CCN(c4ccc(-c5ccc6c(c5)OCCCO6)nn4)C3)C2=O)c1[EOS][EOS][EOS][EOS],50976.73140478134,42
10.3,O=C(C1CC1c1ccc2ccccc2c1)N1CC2(CCOCC2)C2CCCC21,[BOS]O=C([C@@H]1C[C@H]1c1ccc2ccccc2c1)N1CC2(CCOCC2)[C@H]2CCC[C@H]21[EOS],54723.024668455124,42
9.9,CCc1ccc2ccccc2c1CNC(=O)c1ccc(N2CC3CC2(C(=O)N2CCCC2)C3)nn1,[BOS]CCc1ccc2ccccc2c1CNC(=O)c1ccc(N2CC3CC2(C(=O)N2CCCC2)C3)nn1[EOS][EOS][EOS][EOS][EOS][EOS],58787.15510773659,42
9.1,CC(Cc1nc(-c2cc3c(cc2F)NC(=O)CC3)no1)c1cccc(C(F)(F)F)c1,[BOS]C[C@H](Cc1nc(-c2cc3c(cc2F)NC(=O)CC3)no1)c1cccc(C(F)(F)F)c1[EOS],62951.1329472065,42
9.7,O=C(NCc1ccc(C(=O)N2CCCCC2)cc1)N1CCC(c2cccc(C(F)(F)F)c2)C1,[BOS]O=C(NCc1ccc(C(=O)N2CCCCC2)cc1)N1CC[C@H](c2cccc(C(F)(F)F)c2)C1[EOS],67497.84533596039,42
9.3,O=C(CC1CC2(CCN(C(=O)Cc3cc4ccccc4o3)CC2)Oc2ccccc21)NC1CC1,[BOS]O=C(C[C@@H]1CC2(CCN(C(=O)Cc3cc4ccccc4o3)CC2)Oc2ccccc21)NC1CC1[EOS][EOS][EOS][EOS][EOS][EOS][EOS],71996.8894393444,42
10.1,Cc1cc(Cl)c2ccc(C(=O)N3CCC4(CN(C(=O)CCc5ccccn5)CCO4)C3)cc2n1,[BOS]Cc1cc(Cl)c2ccc(C(=O)N3CC[C@]4(CN(C(=O)CCc5ccccn5)CCO4)C3)cc2n1[EOS],76404.06641316414,42
8.9,CC1CN(c2cc(F)cc(NC(=O)N3CCc4c(cccc4S(=O)(=O)N(C)C)C3)c2)CC(C)O1,[BOS]C[C@@H]1CN(c2cc(F)cc(NC(=O)N3CCc4c(cccc4S(=O)(=O)N(C)C)C3)c2)C[C@H](C)O1[EOS][EOS][EOS][EOS][EOS][EOS][EOS][EOS],80780.21584677696,42
9.7,CC(=O)Nc1cc(C(=O)N2CCCCC2C2CCN(C(=O)c3c[nH]c(-c4ccc(C)cc4)c3)CC2)ccn1,[BOS]CC(=O)Nc1cc(C(=O)N2CCCC[C@@H]2C2CCN(C(=O)c3c[nH]c(-c4ccc(C)cc4)c3)CC2)ccn1[EOS][EOS][EOS][EOS][EOS],85325.60605216026,42
9.5,CCc1ccc(C2CN(C(=O)NCc3c(CC)ccc4ccccc34)CCO2)cc1,[BOS]CCc1ccc([C@H]2CN(C(=O)NCc3c(CC)ccc4ccccc34)CCO2)cc1[EOS],89214.64123511314,42
9.9,Cc1ncc(-c2ccccc2)cc1NC(=O)C(=O)NC1c2ccccc2CC12CCOCC2,[BOS]Cc1ncc(-c2ccccc2)cc1NC(=O)C(=O)N[C@H]1c2ccccc2CC12CCOCC2[EOS],93307.43140745163,42
9.1,COC(C(=O)N1CCCCC1C1CCN(C(=O)c2ccc3nc(C)ccc3c2)CC1)c1ccccc1,[BOS]CO[C@@H](C(=O)N1CCCC[C@H]1C1CCN(C(=O)c2ccc3nc(C)ccc3c2)CC1)c1ccccc1[EOS][EOS][EOS][EOS][EOS],97699.54875397682,42
9.8,CC1Oc2ccc(C(=O)N3CCCCC3C3CCN(C(=O)c4cccn5cncc45)CC3)cc2NC1=O,[BOS]C[C@H]1Oc2ccc(C(=O)N3CCCC[C@@H]3C3CCN(C(=O)c4cccn5cncc45)CC3)cc2NC1=O[EOS],102264.28035283089,42
9.8,O=C(C1CC1c1cccc(F)c1)N1CCCC1c1ccc2c(c1)OCCCO2,[BOS]O=C([C@H]1C[C@@H]1c1cccc(F)c1)N1CCC[C@H]1c1ccc2c(c1)OCCCO2[EOS],3791.9464576244354,42
9.0,CC1CN(c2ccc(C(=O)N3CCC(Cc4ccc(F)cc4)C3)cc2)CC(C)O1,[BOS]C[C@@H]1CN(c2ccc(C(=O)N3CC[C@H](Cc4ccc(F)cc4)C3)cc2)C[C@@H](C)O1[EOS],7825.4767026901245,42
9.5,CC1CCC(C(=O)N2CCCCC2c2cc(NC(=O)Cc3ccc4ccccc4c3)n[nH]2)O1,[BOS]C[C@@H]1CC[C@H](C(=O)N2CCCC[C@@H]2c2cc(NC(=O)Cc3ccc4ccccc4c3)n[nH]2)O1[EOS],12113.646856307983,42
9.6,O=C(NCC1CCCOC1c1ccccc1)C(=O)Nc1ccc(CN2CCc3ccccc32)cc1,[BOS]O=C(NC[C@@H]1CCCO[C@H]1c1ccccc1)C(=O)Nc1ccc(CN2CCc3ccccc32)cc1[EOS],16651.490239858627,42
10.0,O=C1CC(C(=O)N2CCCCC2c2cc(NC(=O)Cc3ccc4ccccc4c3)n[nH]2)CCN1,[BOS]O=C1C[C@H](C(=O)N2CCCC[C@@H]2c2cc(NC(=O)Cc3ccc4ccccc4c3)n[nH]2)CCN1[EOS],21402.083827495575,42
9.3,O=C(c1ccc(N2CCOCC2)cc1)N1CCC2C1CCN2C(=O)C1(c2cccc(F)c2)CC1,[BOS]O=C(c1ccc(N2CCOCC2)cc1)N1CC[C@H]2[C@@H]1CCN2C(=O)C1(c2cccc(F)c2)CC1[EOS][EOS][EOS][EOS][EOS],25473.814099788666,42
9.1,O=C1c2cccc(F)c2CN1C1CCN(C(=O)C2(Cc3ccc(F)cc3)CCOCC2)CC1,[BOS]O=C1c2cccc(F)c2CN1C1CCN(C(=O)C2(Cc3ccc(F)cc3)CCOCC2)CC1[EOS][EOS][EOS][EOS][EOS][EOS][EOS][EOS],29401.410280942917,42
9.5,Cn1[nH]c(C(=O)N2CCCCC2C2CCN(C(=O)c3ccc4c(c3)CCCC4=O)CC2)cc1=O,[BOS]Cn1[nH]c(C(=O)N2CCCC[C@@H]2C2CCN(C(=O)c3ccc4c(c3)CCCC4=O)CC2)cc1=O[EOS],33858.419719457626,42
9.5,Cc1cccc(C(=O)N2CCOCC3(CN(C(=O)c4ccc5c(c4)c(O)nc(=O)n5C)CCO3)C2)c1F,[BOS]Cc1cccc(C(=O)N2CCOC[C@@]3(CN(C(=O)c4ccc5c(c4)c(O)nc(=O)n5C)CCO3)C2)c1F[EOS][EOS][EOS][EOS][EOS],38057.45194172859,42
9.4,O=C(c1c[nH]c(=O)cn1)N1CCC(OC2CCN(C(=O)c3cc(=O)c4ccccc4o3)CC2)CC1,[BOS]O=C(c1cc(=O)c2ccccc2o1)N1CCC(OC2CCN(C(=O)c3c[nH]c(=O)cn3)CC2)CC1[EOS][EOS],41965.83540773392,42
9.6,CC(=O)Nc1cc(C(=O)N2CCCCC2C2CCN(C(=O)C3CCc4ccccc43)CC2)ccc1C,[BOS]CC(=O)Nc1cc(C(=O)N2CCCC[C@@H]2C2CCN(C(=O)[C@H]3CCc4ccccc43)CC2)ccc1C[EOS][EOS][EOS][EOS],46373.47089648247,42
9.8,Cc1cc(F)c(F)c(C(=O)N2CCCCC2c2cc(NC(=O)c3ccc4c(c3)CCN4C)n[nH]2)c1,[BOS]Cc1cc(F)c(F)c(C(=O)N2CCCC[C@@H]2c2cc(NC(=O)c3ccc4c(c3)CCN4C)n[nH]2)c1[EOS],51056.7311270237,42
9.5,CC(NC(=O)N1CCN(C(=O)Cc2c[nH]c3ccccc23)CC1)(c1ccc(F)cc1)C(F)(F)F,[BOS]C[C@@](NC(=O)N1CCN(C(=O)Cc2c[nH]c3ccccc23)CC1)(c1ccc(F)cc1)C(F)(F)F[EOS][EOS][EOS],55251.49655485153,42
8.8,CCC1CC1(NC(=O)C(=O)Nc1ccc2c(c1)OCC(=O)N2C)c1cccc(C)c1,[BOS]CC[C@@H]1C[C@]1(NC(=O)C(=O)Nc1ccc2c(c1)OCC(=O)N2C)c1cccc(C)c1[EOS][EOS],59332.39033126831,42
10.1,Cc1ccc(C)c(C(=O)N2CCCCC2C2CCN(C(=O)c3ccc4c(c3)NC(=O)C(C)O4)CC2)c1,[BOS]Cc1ccc(C)c(C(=O)N2CCCC[C@H]2C2CCN(C(=O)c3ccc4c(c3)NC(=O)[C@H](C)O4)CC2)c1[EOS],63780.23226356506,42
8.7,Cc1cccc(C)c1C(=O)N1CCC(C2CCCCN2C(=O)CC2COc3ccccc3O2)CC1,[BOS]Cc1cccc(C)c1C(=O)N1CCC([C@@H]2CCCCN2C(=O)C[C@H]2COc3ccccc3O2)CC1[EOS][EOS][EOS][EOS][EOS][EOS][EOS][EOS],67999.02974104881,42
9.6,O=C(CC1CCOCC1)N1CCCC2(CCN(C(=O)c3cccc(Cc4ccc(F)cc4)c3)CC2)C1,[BOS]O=C(CC1CCOCC1)N1CCCC2(CCN(C(=O)c3cccc(Cc4ccc(F)cc4)c3)CC2)C1[EOS],72068.62450027466,42
9.9,O=C(c1cnc2c(F)c(F)ccc2c1)N1CCC2(CCCN(C(=O)c3ncc(F)cc3F)C2)CC1,[BOS]O=C(c1ncc(F)cc1F)N1CCCC2(CCN(C(=O)c3cnc4c(F)c(F)ccc4c3)CC2)C1[EOS],76224.61835217476,42
9.8,O=C(Nc1cc(C2CCCCN2C(=O)C2CC2(F)F)[nH]n1)c1ccc(-c2ccc(=O)[nH]n2)cc1,[BOS]O=C(Nc1cc([C@H]2CCCCN2C(=O)[C@@H]2CC2(F)F)[nH]n1)c1ccc(-c2ccc(=O)[nH]n2)cc1[EOS],80271.0432510376,42
8.9,O=C(NC1CCN(c2ccc(F)cc2)C1=O)c1ccccc1C(=O)c1ccc(F)c(F)c1,[BOS]O=C(N[C@H]1CCN(c2ccc(F)cc2)C1=O)c1ccccc1C(=O)c1ccc(F)c(F)c1[EOS][EOS][EOS][EOS][EOS][EOS][EOS][EOS],84537.23008823395,42
9.5,CC12CCC(=O)N1c1ccccc1C(=O)N2CC(=O)Nc1ccc(C(=O)NCc2ccc(F)cc2)cc1,[BOS]C[C@]12CCC(=O)N1c1ccccc1C(=O)N2CC(=O)Nc1ccc(C(=O)NCc2ccc(F)cc2)cc1[EOS][EOS][EOS][EOS][EOS][EOS][EOS][EOS],89172.25972557068,42
9.3,Cc1cc(C)cc(CCC(=O)N2CCCCC2C2CCN(C(=O)C3CCc4nc[nH]c4C3)CC2)c1,[BOS]Cc1cc(C)cc(CCC(=O)N2CCCC[C@H]2C2CCN(C(=O)[C@H]3CCc4nc[nH]c4C3)CC2)c1[EOS][EOS][EOS][EOS][EOS][EOS],93891.23982596397,42
8.7,Cc1nc(C(=O)N2CCC(OC3CCN(C(=O)c4cc(C)c5[nH]ncc5c4)CC3)CC2)c(=O)[nH]c1C,[BOS]Cc1cc(C(=O)N2CCC(OC3CCN(C(=O)c4nc(C)c(C)[nH]c4=O)CC3)CC2)cc2cn[nH]c12[EOS][EOS][EOS][EOS][EOS][EOS][EOS][EOS],98158.63988852501,42
9.8,O=C(c1ccc(NC(=O)N2CCCC2C2CCCOC2)cc1)N1CCc2ccccc2C1,[BOS]O=C(c1ccc(NC(=O)N2CCC[C@H]2[C@@H]2CCCOC2)cc1)N1CCc2ccccc2C1[EOS],102122.85932350159,42
9.1,O=C1Nc2cc(Cl)ccc2C1C1CCN(c2ncc(C(=O)N3CCCCC3)cc2Cl)CC1,[BOS]O=C(c1cnc(N2CCC([C@@H]3C(=O)Nc4cc(Cl)ccc43)CC2)c(Cl)c1)N1CCCCC1[EOS][EOS][EOS][EOS][EOS][EOS][EOS],4083.3845212459564,42
9.4,O=C(CC1CCCC1)N1CCCC2(CCN(C(=O)C3ON=C(c4ccccc4)O3)CC2)C1,[BOS]O=C(CC1CCCC1)N1CCCC2(CCN(C(=O)[C@@H]3ON=C(c4ccccc4)O3)CC2)C1[EOS],8007.255584478378,42
9.7,O=C(NCc1cccc2ccccc12)N1CCC(n2c(=O)[nH]c3ccccc32)CC1,[BOS]O=C(NCc1cccc2ccccc12)N1CCC(n2c(=O)[nH]c3ccccc32)CC1[EOS],12113.54799079895,42
9.8,O=C(Cc1ccc2c(c1)CCC2)N1CCOCC2(C1)CN(C(=O)c1cnc3c(F)c(F)ccc3c1)CCO2,[BOS]O=C(Cc1ccc2c(c1)CCC2)N1CCOC[C@]2(C1)CN(C(=O)c1cnc3c(F)c(F)ccc3c1)CCO2[EOS][EOS][EOS][EOS][EOS],16848.131480693817,42
9.6,CC1(C(=O)N2CCC3(CN(C(=O)c4cccc(C(F)c5cccc(F)c5)c4)CCO3)C2)CCCCC1,[BOS]CC1(C(=O)N2CC[C@]3(CN(C(=O)c4cccc([C@@H](F)c5cccc(F)c5)c4)CCO3)C2)CCCCC1[EOS][EOS][EOS][EOS][EOS][EOS][EOS],21257.616035223007,42
9.0,Cn1nc(-c2ccc(F)cc2F)cc1NC(=O)C(=O)N1CCOC(Cc2ccccc2)C1,[BOS]Cn1nc(-c2ccc(F)cc2F)cc1NC(=O)C(=O)N1CCO[C@H](Cc2ccccc2)C1[EOS][EOS],25280.508264303207,42
9.1,O=C(N1CCOC2(CCCN(c3cnccn3)C2)C1)C1(O)c2ccccc2-c2ccccc21,[BOS]O=C(N1CCO[C@]2(CCCN(c3cnccn3)C2)C1)C1(O)c2ccccc2-c2ccccc21[EOS][EOS][EOS][EOS][EOS][EOS][EOS][EOS],29312.959075689316,42
9.1,CC1C(c2ccccc2)c2ccccc2CCN1C(=O)c1ccnc(-n2cncn2)c1,[BOS]C[C@@H]1[C@H](c2ccccc2)c2ccccc2CCN1C(=O)c1ccnc(-n2cncn2)c1[EOS][EOS][EOS][EOS][EOS][EOS],33293.379172086716,42
9.3,O=C(Cc1ccc(F)cc1F)N1CCOCC2(C1)CN(C(=O)c1ccc3cc(O)ccc3n1)CCO2,[BOS]O=C(Cc1ccc(F)cc1F)N1CCOC[C@@]2(C1)CN(C(=O)c1ccc3cc(O)ccc3n1)CCO2[EOS][EOS][EOS],37559.04028129578,42
9.6,CC1CCCN(S(=O)(=O)c2ccc(C(=O)N3CCN(C(=O)c4c(F)cccc4F)CC3)cc2)C1,[BOS]C[C@H]1CCCN(S(=O)(=O)c2ccc(C(=O)N3CCN(C(=O)c4c(F)cccc4F)CC3)cc2)C1[EOS],42003.69980216026,42
9.8,O=C(NS(=O)(=O)c1ccc(Nc2cccc3cnccc23)cc1)c1ccccc1,[BOS]O=C(NS(=O)(=O)c1ccc(Nc2cccc3cnccc23)cc1)c1ccccc1[EOS],46200.39157295227,42
9.3,O=C(C1C2Cc3ccccc3C21)N1CCC(c2nc(-c3ccccn3)no2)CC1,[BOS]O=C([C@@H]1[C@H]2Cc3ccccc3[C@@H]21)N1CCC(c2nc(-c3ccccn3)no2)CC1[EOS][EOS][EOS][EOS][EOS][EOS],50005.204751729965,42
9.7,Cc1nc(C(=O)N2CCC3(CCCN(C(=O)C4(c5cccc(F)c5)CC4)C3)CC2)c(=O)[nH]c1C,[BOS]Cc1nc(C(=O)N2CCC3(CCCN(C(=O)C4(c5cccc(F)c5)CC4)C3)CC2)c(=O)[nH]c1C[EOS][EOS][EOS][EOS][EOS][EOS][EOS][EOS],54203.94108533859,42
8.9,CC(C)(C)c1ncccc1C(=O)NC1CCc2nc(NC(=O)C3ON=C(c4ccccc4)O3)sc2C1,[BOS]CC(C)(C)c1ncccc1C(=O)N[C@@H]1CCc2nc(NC(=O)[C@@H]3ON=C(c4ccccc4)O3)sc2C1[EOS][EOS],58814.514746665955,42
10.6,O=C(NC1CCCCC1)NC1CCN(C(=O)C2CC(=O)N(c3cccc4ccccc34)C2)CC1,[BOS]O=C(NC1CCCCC1)NC1CCN(C(=O)[C@@H]2CC(=O)N(c3cccc4ccccc34)C2)CC1[EOS],63107.9477956295,42
9.9,O=C(NCC1OCCc2ccccc21)C(=O)Nc1cccc(-c2ccc3c(c2)CCO3)c1,[BOS]O=C(NC[C@H]1OCCc2ccccc21)C(=O)Nc1cccc(-c2ccc3c(c2)CCO3)c1[EOS],67543.72587299347,42
9.9,CC(=O)N1CCCc2ccc(S(=O)(=O)Nc3nnc(Cc4ccc(C)cc4)o3)cc21,[BOS]CC(=O)N1CCCc2ccc(S(=O)(=O)Nc3nnc(Cc4ccc(C)cc4)o3)cc21[EOS],71536.02975869179,42
8.8,Cc1ccc(NC(=O)C2CSCN2C(=O)C2=NN(c3ccccc3)C(=O)CC2)c(C)c1,[BOS]Cc1ccc(NC(=O)[C@@H]2CSCN2C(=O)C2=NN(c3ccccc3)C(=O)CC2)c(C)c1[EOS][EOS][EOS][EOS][EOS][EOS][EOS][EOS],76266.23973727226,42
9.8,Cc1ccc(F)cc1C(=O)N1CCCCC1c1cc(NC(=O)C2ON=C(c3ccccc3)O2)n[nH]1,[BOS]Cc1ccc(F)cc1C(=O)N1CCCC[C@H]1c1cc(NC(=O)[C@@H]2ON=C(c3ccccc3)O2)n[nH]1[EOS],80695.8000421524,42
9.5,O=C1CC(C(=O)N2CCOCC3(C2)CN(C(=O)C2(c4ccccc4)CCCC2)CCO3)CCN1,[BOS]O=C1C[C@H](C(=O)N2CCOC[C@@]3(C2)CN(C(=O)C2(c4ccccc4)CCCC2)CCO3)CCN1[EOS],84920.9634335041,42
9.5,O=C(Nc1ccc(C(=O)N2CCOCC2)cn1)c1cc2cccc3c2n(c1=O)CCC3,[BOS]O=C(Nc1ccc(C(=O)N2CCOCC2)cn1)c1cc2cccc3c2n(c1=O)CCC3[EOS],88977.61277413368,42
9.3,CC1(C(=O)N2CCOC3(COCCN(C(=O)c4cnc5c(F)c(F)ccc5c4)C3)C2)CCCCC1,[BOS]CC1(C(=O)N2CCO[C@@]3(COCCN(C(=O)c4cnc5c(F)c(F)ccc5c4)C3)C2)CCCCC1[EOS][EOS],92956.87611365318,42
10.0,Cc1cccc2[nH]c(C(=O)N3CCOC4(COCCN(C(=O)C5ON=C(c6ccccc6)O5)C4)C3)cc12,[BOS]Cc1cccc2[nH]c(C(=O)N3CCO[C@]4(COCCN(C(=O)[C@H]5ON=C(c6ccccc6)O5)C4)C3)cc12[EOS][EOS][EOS][EOS][EOS][EOS][EOS],97356.43916893005,42
9.8,Cc1ccc(C(=O)NCC(=O)N2CCC(C3CCCCN3C(=O)Cc3ccc(F)cc3Cl)CC2)cc1,[BOS]Cc1ccc(C(=O)NCC(=O)N2CCC([C@H]3CCCCN3C(=O)Cc3ccc(F)cc3Cl)CC2)cc1[EOS],101902.61156201363,42
9.7,O=C(NC1CC=C(c2ccc(F)cc2)CC1)NC1CC(=O)N(c2ccccc2F)C1,[BOS]O=C(N[C@H]1CC=C(c2ccc(F)cc2)CC1)N[C@H]1CC(=O)N(c2ccccc2F)C1[EOS],4105.057652711868,42
9.4,CC(C)c1ccc(C(=O)NC2CCc3nc(NC(=O)C4CNC(=O)C4)sc3C2)cc1,[BOS]CC(C)c1ccc(C(=O)N[C@H]2CCc3nc(NC(=O)[C@@H]4CNC(=O)C4)sc3C2)cc1[EOS],8113.6758069992065,42
9.4,Cc1cc(C(NC(=O)Nc2n[nH]nc2C(=O)N2CCCC2)c2ccccc2Cl)ccc1F,[BOS]Cc1cc([C@H](NC(=O)Nc2n[nH]nc2C(=O)N2CCCC2)c2ccccc2Cl)ccc1F[EOS],12278.59771823883,42
8.7,O=C(CC1C(=O)Nc2c(F)cccc21)Nc1nc2c(Cl)cccc2n1CC(F)(F)F,[BOS]O=C(C[C@@H]1C(=O)Nc2c(F)cccc21)Nc1nc2c(Cl)cccc2n1CC(F)(F)F[EOS][EOS][EOS],16321.523220300674,42
9.5,O=C(NCc1ccc(Oc2ccccc2)cc1)N1Cc2ccc(O)cc2C2(CC2)C1,[BOS]O=C(NCc1ccc(Oc2ccccc2)cc1)N1Cc2ccc(O)cc2C2(CC2)C1[EOS][EOS][EOS][EOS][EOS][EOS],20652.56067276001,42
9.8,O=C(NC1C2COCC1CN(C(=O)Cc1ccc3ccccc3c1)C2)C1CC1c1ccc(F)c(F)c1,[BOS]O=C(N[C@H]1[C@@H]2COC[C@H]1CN(C(=O)Cc1ccc3ccccc3c1)C2)[C@@H]1C[C@H]1c1ccc(F)c(F)c1[EOS],25009.80484032631,42
9.8,O=C(c1c[nH]c(-c2ccc(F)cc2)c1)N1CCC2(CCCN(C(=O)C3CCc4ccoc4C3)C2)CC1,[BOS]O=C(c1c[nH]c(-c2ccc(F)cc2)c1)N1CCC2(CCCN(C(=O)[C@H]3CCc4ccoc4C3)C2)CC1[EOS][EOS][EOS][EOS][EOS][EOS][EOS][EOS],29475.210353136063,42
9.4,O=C(CCc1cccc(O)c1)N1CCOC2(CCN(C(=O)c3cnc4c(F)c(F)ccc4c3)C2)C1,[BOS]O=C(CCc1cccc(O)c1)N1CCO[C@]2(CCN(C(=O)c3cnc4c(F)c(F)ccc4c3)C2)C1[EOS][EOS],34091.86596727371,42
10.0,Cc1cccc(N2CCCC3(CN(C(=O)c4cc5cccc6c5n(c4=O)CCC6)CCO3)C2)c1,[BOS]Cc1cccc(N2CCC[C@@]3(CN(C(=O)c4cc5cccc6c5n(c4=O)CCC6)CCO3)C2)c1[EOS],37828.21018218994,42
8.8,CC1CCC(=O)CN1C(=O)NCc1ccc(Cn2cnc3ccccc32)cc1,[BOS]C[C@@H]1CCC(=O)CN1C(=O)NCc1ccc(Cn2cnc3ccccc32)cc1[EOS],41487.57979941368,42
9.7,O=C1NCCc2ccc(CNC(=O)N3CCC(c4ccc(C(F)(F)F)cc4)C3)cc21,[BOS]O=C1NCCc2ccc(CNC(=O)N3CC[C@H](c4ccc(C(F)(F)F)cc4)C3)cc21[EOS],45346.593673706055,42
9.0,CN(C(=O)Nc1cccc(N2C(=O)COCC2=O)c1)C1CCOC(c2ccc(F)cc2)C1,[BOS]CN(C(=O)Nc1cccc(N2C(=O)COCC2=O)c1)[C@@H]1CCO[C@H](c2ccc(F)cc2)C1[EOS][EOS][EOS][EOS][EOS][EOS][EOS][EOS],49358.99499440193,42
9.2,O=C(NC1COc2c(F)cc(F)cc2C1)N(C1CC1)C1CCCc2ccccc21,[BOS]O=C(N[C@@H]1COc2c(F)cc(F)cc2C1)N(C1CC1)[C@@H]1CCCc2ccccc21[EOS][EOS][EOS][EOS][EOS][EOS][EOS],53041.71343970299,42
9.3,O=C(NCc1cc(F)cc2c1OCOC2)N1CCC(F)(c2cccc(C(F)(F)F)c2)C1,[BOS]O=C(NCc1cc(F)cc2c1OCOC2)N1CC[C@](F)(c2cccc(C(F)(F)F)c2)C1[EOS],57148.72340321541,42
9.5,CC1Oc2cc(C(=O)N3CCC(c4ccc(F)cc4)C(COc4ccc5c(c4)OCO5)C3)ccc2NC1=O,[BOS]C[C@@H]1Oc2cc(C(=O)N3CC[C@@H](c4ccc(F)cc4)[C@H](COc4ccc5c(c4)OCO5)C3)ccc2NC1=O[EOS][EOS][EOS][EOS][EOS][EOS][EOS],61634.2822573185,42
9.8,O=C(NC1CC1c1cccc2ccccc12)c1ccc2c(c1)C(=O)N(C1CCCCC1)C2=O,[BOS]O=C(N[C@@H]1C[C@H]1c1cccc2ccccc12)c1ccc2c(c1)C(=O)N(C1CCCCC1)C2=O[EOS],65724.04237031937,42
9.8,Cc1c(C(=O)N2CCCCC2C2CCN(C(=O)C3CCc4ccccc43)CC2)cn2nc[nH]c(=O)c12,[BOS]Cc1c(C(=O)N2CCCC[C@H]2C2CCN(C(=O)[C@H]3CCc4ccccc43)CC2)cn2nc[nH]c(=O)c12[EOS][EOS],70159.58778619766,42
9.5,CC(=O)N(C)c1ccc(NC(=O)C(=O)N2Cc3ccccc3C(c3ccccc3)C2)cn1,[BOS]CC(=O)N(C)c1ccc(NC(=O)C(=O)N2Cc3ccccc3[C@@H](c3ccccc3)C2)cn1[EOS][EOS][EOS][EOS][EOS][EOS][EOS][EOS],74251.6263256073,42
9.7,O=C(NCC1CCc2ccccc21)C(=O)Nc1cccn(Cc2ccc(F)cc2)c1=O,[BOS]O=C(NC[C@H]1CCc2ccccc21)C(=O)Nc1cccn(Cc2ccc(F)cc2)c1=O[EOS],78422.74050498009,42
9.3,CCC(C(=O)Nc1ccc(C(=O)N2CC(=O)Nc3ccccc32)cc1)C1CCC(C)CC1,[BOS]CC[C@H](C(=O)Nc1ccc(C(=O)N2CC(=O)Nc3ccccc32)cc1)C1CCC(C)CC1[EOS][EOS][EOS][EOS][EOS][EOS][EOS][EOS],82722.74678230286,42
9.3,O=C(NC1CC2CCC(C1)N2C(=O)c1cnc2c(F)c(F)ccc2c1)C1CC1c1ccc(F)c(F)c1,[BOS]O=C(N[C@H]1C[C@H]2CC[C@@H](C1)N2C(=O)c1cnc2c(F)c(F)ccc2c1)[C@H]1C[C@@H]1c1ccc(F)c(F)c1[EOS][EOS][EOS][EOS][EOS][EOS][EOS],86949.7491364479,42
10.6,O=C(NCc1ccc(N2CCc3ccccc3C2)nc1)NC1(c2ccc(F)cc2F)CCCCC1,[BOS]O=C(NCc1ccc(N2CCc3ccccc3C2)nc1)NC1(c2ccc(F)cc2F)CCCCC1[EOS],91246.69262433052,42
9.0,CC1c2ccccc2CCN1C(=O)Nc1cccc(NC(=O)c2ccccc2)c1,[BOS]C[C@@H]1c2ccccc2CCN1C(=O)Nc1cccc(NC(=O)c2ccccc2)c1[EOS],95042.1498594284,42
9.6,Cc1cc(N2CCC(NC(=O)N3Cc4ccccc4C(c4ccccc4)C3)CC2)nc(C)n1,[BOS]Cc1cc(N2CCC(NC(=O)N3Cc4ccccc4[C@H](c4ccccc4)C3)CC2)nc(C)n1[EOS],99139.26858401299,42
9.2,Cc1ccc(F)cc1C(=O)N1CCOCC2(C1)CN(C(=O)c1n[nH]c3ccccc13)CCO2,[BOS]Cc1ccc(F)cc1C(=O)N1CCOC[C@@]2(C1)CN(C(=O)c1n[nH]c3ccccc13)CCO2[EOS][EOS][EOS][EOS][EOS][EOS][EOS][EOS],4156.727592468262,42
9.1,CC1COc2ccccc2N1C(=O)C1CCN(S(=O)(=O)c2ccc3ccccc3c2)CC1,[BOS]C[C@H]1COc2ccccc2N1C(=O)C1CCN(S(=O)(=O)c2ccc3ccccc3c2)CC1[EOS][EOS],8026.916613340378,42
10.3,O=C(c1cccc2c1OCCC2)N1CCC(OC2CCN(C(=O)C3CCc4ccccc4C3)CC2)CC1,[BOS]O=C(c1cccc2c1OCCC2)N1CCC(OC2CCN(C(=O)[C@@H]3CCc4ccccc4C3)CC2)CC1[EOS],12979.113854408264,42
9.0,O=C(N1CCCC(c2cc3ccccc3[nH]2)C1)C1(c2ccnc3ccccc23)CC1,[BOS]O=C(N1CCC[C@H](c2cc3ccccc3[nH]2)C1)C1(c2ccnc3ccccc23)CC1[EOS][EOS][EOS][EOS][EOS][EOS],16806.854155302048,42
9.3,O=C(Nc1ccc(Cc2nnc3n2CCCCC3)cc1)C(=O)N1CCOC(c2ccc(F)c(F)c2)C1,[BOS]O=C(Nc1ccc(Cc2nnc3n2CCCCC3)cc1)C(=O)N1CCO[C@H](c2ccc(F)c(F)c2)C1[EOS][EOS][EOS],21318.91721010208,42
9.7,OC1=NCCC2(CN(Cc3cc4ccccc4nc3N3CCCCC3)CCC2(F)F)c2ccccc21,[BOS]FC1(F)CCN(Cc2cc3ccccc3nc2N2CCCCC2)C[C@@]12CCN=C(O)c1ccccc12[EOS][EOS][EOS][EOS][EOS][EOS][EOS][EOS],25467.975550174713,42
9.2,O=C(c1cc(-c2ccccc2)no1)N1CCC2(C1)CN(C(=O)C1(c3ccc(F)c(F)c3)CC1)CCO2,[BOS]O=C(c1cc(-c2ccccc2)no1)N1CC[C@]2(C1)CN(C(=O)C1(c3ccc(F)c(F)c3)CC1)CCO2[EOS][EOS][EOS][EOS],29436.57699084282,42
10.8,O=C(Nc1cccc(-c2ccc3c(c2)OCCO3)n1)C1CC12CCCc1ccccc12,[BOS]O=C(Nc1cccc(-c2ccc3c(c2)OCCO3)n1)[C@@H]1C[C@]12CCCc1ccccc12[EOS],33318.52116250992,42
10.4,O=C(CC1Cc2ccccc2C1)N1CCC2(C1)CN(C(=O)c1cc(=O)c3ccccc3o1)CCO2,[BOS]O=C(CC1Cc2ccccc2C1)N1CC[C@]2(C1)CN(C(=O)c1cc(=O)c3ccccc3o1)CCO2[EOS],37969.054615974426,42
9.9,Cc1onc(C(=O)Nc2cc(C3CCCCN3C(=O)C3CC3c3ccc(Cl)cc3)[nH]n2)c1C,[BOS]Cc1onc(C(=O)Nc2cc([C@@H]3CCCCN3C(=O)[C@@H]3C[C@@H]3c3ccc(Cl)cc3)[nH]n2)c1C[EOS],42650.67034316063,42
10.2,O=C(C1CC1c1ccccc1)N1CCCCC1C1CCN(C(=O)C2(C(=O)Nc3ccccc3)CC2)CC1,[BOS]O=C([C@@H]1C[C@H]1c1ccccc1)N1CCCC[C@H]1C1CCN(C(=O)C2(C(=O)Nc3ccccc3)CC2)CC1[EOS],47390.82984161377,42
9.9,Cc1ccc(CCC(=O)NC2CC3CCC(C2)N3C(=O)C2CCc3ccccc3O2)c2ccccc12,[BOS]Cc1ccc(CCC(=O)N[C@H]2C[C@H]3CC[C@@H](C2)N3C(=O)[C@H]2CCc3ccccc3O2)c2ccccc12[EOS][EOS][EOS][EOS][EOS],52174.06808543205,42
9.8,O=C1CCC(C(=O)N2CCOCC3(CN(C(=O)c4ccc(Cc5ccc(F)cc5)cc4)CCO3)C2)CN1,[BOS]O=C1CC[C@@H](C(=O)N2CCOC[C@]3(CN(C(=O)c4ccc(Cc5ccc(F)cc5)cc4)CCO3)C2)CN1[EOS][EOS][EOS][EOS][EOS][EOS][EOS],56501.800731658936,42
9.5,CC(c1ccc(CC(=O)Nc2nc3c(s2)CC(NC(=O)C2CC4CCC2O4)CC3)cc1)C(F)(F)F,[BOS]C[C@H](c1ccc(CC(=O)Nc2nc3c(s2)C[C@@H](NC(=O)[C@@H]2C[C@H]4CC[C@@H]2O4)CC3)cc1)C(F)(F)F[EOS][EOS][EOS][EOS][EOS][EOS][EOS][EOS],61202.18467473984,42
9.6,CC(=O)N1Cc2ccc(NC(=O)N3CCC(F)(c4cccc(C(F)(F)F)c4)C3)cc2C1,[BOS]CC(=O)N1Cc2ccc(NC(=O)N3CC[C@@](F)(c4cccc(C(F)(F)F)c4)C3)cc2C1[EOS],64927.745916843414,42
8.9,Cc1ccc(CCNC(=O)N2CCc3ccc(-c4ccccc4)cc3C2)c(C)c1,[BOS]Cc1ccc(CCNC(=O)N2CCc3ccc(-c4ccccc4)cc3C2)c(C)c1[EOS],68866.11269688606,42
9.8,Cc1cc(C)cc(CCC(=O)Nc2cc(C3CCCCN3C(=O)Cc3ccc(C)nc3)[nH]n2)c1,[BOS]Cc1cc(C)cc(CCC(=O)Nc2cc([C@@H]3CCCCN3C(=O)Cc3ccc(C)nc3)[nH]n2)c1[EOS],73432.48596549034,42
9.6,CC(=O)N1CC2(CC2)c2ccc(Nc3ccc(C(=O)NCc4ccccc4)cc3)cc21,[BOS]CC(=O)N1CC2(CC2)c2ccc(Nc3ccc(C(=O)NCc4ccccc4)cc3)cc21[EOS],77566.84148550034,42
9.8,O=C(c1ccc(-c2ccc(=O)[nH]n2)cc1)N1CCC2(CCCN(C(=O)c3noc4c3CCCC4)C2)CC1,[BOS]O=C(c1ccc(-c2ccc(=O)[nH]n2)cc1)N1CCC2(CCCN(C(=O)c3noc4c3CCCC4)C2)CC1[EOS][EOS][EOS][EOS][EOS][EOS],81637.9698998928,42
9.3,Cc1ccc(N2CC(C(=O)N3CCC4(CCc5ccccc5C4)CC3)CC2=O)cc1C,[BOS]Cc1ccc(N2C[C@H](C(=O)N3CCC4(CCc5ccccc5C4)CC3)CC2=O)cc1C[EOS],85481.60646080971,42
9.0,O=C(NC1CS(=O)(=O)c2ccccc21)c1cc(Oc2ccc3ccccc3c2)ccn1,[BOS]O=C(NC1CS(=O)(=O)c2ccccc21)c1cc(Oc2ccc3ccccc3c2)ccn1[EOS][EOS][EOS],89453.71035051346,42
9.3,Cc1ccc(-c2nnn(CC(=O)N3CCN(C(=O)c4ccc(C)c(F)c4)CC3)n2)cc1,[BOS]Cc1ccc(-c2nnn(CC(=O)N3CCN(C(=O)c4ccc(C)c(F)c4)CC3)n2)cc1[EOS],93761.05889582634,42
9.9,CN1Cc2cc(-c3csc(NC(=O)C4CC4c4cc(F)ccc4F)n3)ccc2NC1=O,[BOS]CN1Cc2cc(-c3csc(NC(=O)[C@H]4C[C@H]4c4cc(F)ccc4F)n3)ccc2NC1=O[EOS],97944.37172198296,42
9.7,O=C(CN1C(=O)CCCc2ccccc21)N1CCC(n2cnc3ccccc3c2=O)CC1,[BOS]O=C(CN1C(=O)CCCc2ccccc21)N1CCC(n2cnc3ccccc3c2=O)CC1[EOS],101800.28726267815,42
9.1,O=C(NCC1CC1)C1=CC2(CCN(C(=O)c3ccc4c(c3)OCCC4)CC2)c2ccccc21,[BOS]O=C(NCC1CC1)C1=CC2(CCN(C(=O)c3ccc4c(c3)OCCC4)CC2)c2ccccc21[EOS][EOS][EOS][EOS][EOS],4044.1861453056335,42
10.2,CC1(C)Cc2cccc(C(=O)N3CCC4C3CCN4C(=O)CCc3nc(-c4ccc(F)cc4)no3)c2O1,[BOS]CC1(C)Cc2cccc(C(=O)N3CC[C@H]4[C@@H]3CCN4C(=O)CCc3nc(-c4ccc(F)cc4)no3)c2O1[EOS][EOS][EOS][EOS][EOS][EOS][EOS],8599.922952413559,42
9.4,O=C(NC1C2COCC1CN(C(=O)C1CCc3ccccc3C1)C2)c1[nH]cnc1-c1cccnc1,[BOS]O=C(N[C@H]1[C@@H]2COC[C@H]1CN(C(=O)[C@@H]1CCc3ccccc3C1)C2)c1[nH]cnc1-c1cccnc1[EOS][EOS][EOS][EOS][EOS][EOS][EOS],12432.106218099594,42
10.8,CC1(C)Cc2cccc(C(=O)NC3CCc4nc(NC(=O)Cc5ccc6c(c5)OCO6)sc4C3)c2O1,[BOS]CC1(C)Cc2cccc(C(=O)N[C@@H]3CCc4nc(NC(=O)Cc5ccc6c(c5)OCO6)sc4C3)c2O1[EOS],16833.859654664993,42
9.0,COC(C(=O)N1CCCCC1C1CCN(C(=O)c2cc(-c3ccncc3)n[nH]2)CC1)c1ccccc1,[BOS]CO[C@H](C(=O)N1CCCC[C@H]1C1CCN(C(=O)c2cc(-c3ccncc3)n[nH]2)CC1)c1ccccc1[EOS][EOS][EOS][EOS],21218.929947137833,42
9.8,O=C1CCCc2cc(C(=O)N3CCC4C3CCN4C(=O)COc3cccc4ccccc34)ccc2N1,[BOS]O=C1CCCc2cc(C(=O)N3CC[C@H]4[C@@H]3CCN4C(=O)COc3cccc4ccccc34)ccc2N1[EOS][EOS][EOS][EOS][EOS][EOS],25174.12730407715,42
9.4,Cc1ncccc1C(=O)NC1CCc2nc(NC(=O)CC3OCCc4ccccc43)sc2C1,[BOS]Cc1ncccc1C(=O)N[C@H]1CCc2nc(NC(=O)C[C@H]3OCCc4ccccc43)sc2C1[EOS],29189.00381040573,42
9.4,O=C(CC1OC2(CCN(C(=O)NCCc3ccc(F)cc3)CC2)c2ccccc21)NCc1ccco1,[BOS]O=C(C[C@H]1OC2(CCN(C(=O)NCCc3ccc(F)cc3)CC2)c2ccccc21)NCc1ccco1[EOS][EOS][EOS][EOS][EOS],33908.7653298378,42
9.9,O=C(C1CC1c1ccc(F)cc1)N1CCOC2(CCN(C(=O)C3CC34C(=O)Nc3ccccc34)C2)C1,[BOS]O=C([C@H]1C[C@H]1c1ccc(F)cc1)N1CCO[C@@]2(CCN(C(=O)[C@H]3C[C@@]34C(=O)Nc3ccccc34)C2)C1[EOS][EOS][EOS][EOS][EOS][EOS],38016.427783966064,42
10.1,O=C(Nc1ccc(S(=O)(=O)N2CCCCCC2)cc1)N1C2CCC1CC(c1ccccc1)C2,[BOS]O=C(Nc1ccc(S(=O)(=O)N2CCCCCC2)cc1)N1[C@@H]2CC[C@H]1C[C@@H](c1ccccc1)C2[EOS],42300.47862648964,42
9.3,Cc1cccc(C2(c3noc(-c4cc(=O)[nH]c5cc(F)ccc45)n3)CC2)c1,[BOS]Cc1cccc(C2(c3noc(-c4cc(=O)[nH]c5cc(F)ccc45)n3)CC2)c1[EOS],46116.74846768379,42
9.0,CC1(c2cccc(NC(=O)NC3c4ccccc4CC34CCOCC4)c2)COC(=O)N1,[BOS]C[C@]1(c2cccc(NC(=O)N[C@@H]3c4ccccc4CC34CCOCC4)c2)COC(=O)N1[EOS][EOS][EOS][EOS],50116.72634720802,42
9.3,CC(Oc1ccccc1)C(=O)N1CCC2(C1)CN(C(=O)C1CCc3ccccc3O1)CCO2,[BOS]C[C@@H](Oc1ccccc1)C(=O)N1CC[C@@]2(CN(C(=O)[C@@H]3CCc4ccccc4O3)CCO2)C1[EOS][EOS][EOS][EOS][EOS][EOS][EOS][EOS],54497.977491378784,42
9.3,Cc1cc(C)cc(C(=O)N2CCC(CNC(=O)C3=Cc4ccccc4NC(=O)C3)C2c2cccnc2)c1,[BOS]Cc1cc(C)cc(C(=O)N2CC[C@H](CNC(=O)C3=Cc4ccccc4NC(=O)C3)[C@H]2c2cccnc2)c1[EOS][EOS][EOS][EOS][EOS][EOS][EOS][EOS],59553.94080066681,42
9.2,CC(Oc1ccccc1)C(=O)N1CCC2(CN(C(=O)Cn3ccc4c(F)cccc43)CCO2)C1,[BOS]C[C@H](Oc1ccccc1)C(=O)N1CC[C@@]2(CN(C(=O)Cn3ccc4c(F)cccc43)CCO2)C1[EOS][EOS][EOS][EOS][EOS],63921.858339071274,42
9.5,O=C(c1cc(=O)nc2cccnn12)N1CCOC2(COCCN(C(=O)C3CC3c3ccc(F)cc3)C2)C1,[BOS]O=C(c1cc(=O)nc2cccnn12)N1CCO[C@]2(COCCN(C(=O)[C@H]3C[C@H]3c3ccc(F)cc3)C2)C1[EOS][EOS][EOS][EOS][EOS][EOS][EOS],68087.60562992096,42
9.9,O=C(NCC1CCc2ccccc21)C(=O)Nc1cccc(-c2ccc3c(c2)CCO3)c1,[BOS]O=C(NC[C@@H]1CCc2ccccc21)C(=O)Nc1cccc(-c2ccc3c(c2)CCO3)c1[EOS],72262.50704741478,42
9.4,CC(=O)Nc1cc(C(=O)N2CCCCC2C2CCN(C(=O)c3cccc4[nH]cnc34)CC2)ccc1C,[BOS]CC(=O)Nc1cc(C(=O)N2CCCC[C@@H]2C2CCN(C(=O)c3cccc4[nH]cnc34)CC2)ccc1C[EOS][EOS][EOS][EOS],76468.20896863937,42
9.4,CN1CC(CNC(=O)Nc2ccc(CC(=O)N3CCc4ccccc43)cc2)Cc2ccccc21,[BOS]CN1C[C@@H](CNC(=O)Nc2ccc(CC(=O)N3CCc4ccccc43)cc2)Cc2ccccc21[EOS],81151.00302815437,42
9.2,O=C(NCCC(c1ccccc1)c1ccccc1)Nc1cc(F)c(N2CCOCC2)cc1F,[BOS]O=C(NCCC(c1ccccc1)c1ccccc1)Nc1cc(F)c(N2CCOCC2)cc1F[EOS][EOS][EOS][EOS][EOS],85435.67550873756,42
10.7,O=C(C1CCN(S(=O)(=O)c2ccc3c(c2)CCCC3)CC1)N1CC2(CC2)c2ccccc21,[BOS]O=C(C1CCN(S(=O)(=O)c2ccc3c(c2)CCCC3)CC1)N1CC2(CC2)c2ccccc21[EOS],89900.60345840454,42
9.5,O=C(Nc1cccc(OCc2ccc(F)cc2)c1)N1CCOC2(CCc3ccccc32)C1,[BOS]O=C(Nc1cccc(OCc2ccc(F)cc2)c1)N1CCO[C@]2(CCc3ccccc32)C1[EOS],94271.65996098518,42
10.3,Cc1ccc(C2(C)NC(=O)N(CC(=O)N3CC=C(c4cccc5ccccc45)CC3)C2=O)c(C)c1,[BOS]Cc1ccc([C@@]2(C)NC(=O)N(CC(=O)N3CC=C(c4cccc5ccccc45)CC3)C2=O)c(C)c1[EOS][EOS][EOS][EOS][EOS][EOS][EOS][EOS],98584.36005067825,42
9.3,O=C(C1CC1c1c(F)cccc1F)N1CCCC1c1ccc2c(c1)OCCCO2,[BOS]O=C([C@@H]1C[C@@H]1c1c(F)cccc1F)N1CCC[C@H]1c1ccc2c(c1)OCCCO2[EOS],102086.01055026054,42
9.6,CC(C(=O)N1CCOC2(CCN(C(=O)Cc3cc4cccnc4cc3F)C2)C1)c1ccc(O)cc1,[BOS]C[C@@H](C(=O)N1CCO[C@]2(CCN(C(=O)Cc3cc4cccnc4cc3F)C2)C1)c1ccc(O)cc1[EOS],4439.390745162964,42
10.2,Cc1c(C(=O)Nc2cc(C3CCCCN3C(=O)C3CCCCC3(F)F)[nH]n2)ccc2c1OCCO2,[BOS]Cc1c(C(=O)Nc2cc([C@H]3CCCCN3C(=O)[C@H]3CCCCC3(F)F)[nH]n2)ccc2c1OCCO2[EOS],8760.53651213646,42
9.4,CC(=O)N1CCCCCC1C1CCN(C(=O)NCC2CCN(c3ccc(F)cc3)C2)CC1,[BOS]CC(=O)N1CCCCC[C@@H]1C1CCN(C(=O)NC[C@H]2CCN(c3ccc(F)cc3)C2)CC1[EOS],12970.850287914276,42
10.2,O=C(Cc1ccc2ccccc2c1)N1CCCCC1c1cc(NC(=O)C2(F)CCCC=C2F)n[nH]1,[BOS]O=C(Cc1ccc2ccccc2c1)N1CCCC[C@H]1c1cc(NC(=O)[C@]2(F)CCCC=C2F)n[nH]1[EOS],17467.174949884415,42
9.7,O=C1CC(C(=O)N2CCCC3(CCCc4ccccc43)C2)CN1Cc1cccc(C(F)(F)F)c1,[BOS]O=C1C[C@H](C(=O)N2CCC[C@]3(CCCc4ccccc43)C2)CN1Cc1cccc(C(F)(F)F)c1[EOS],21439.3677649498,42
9.4,Cc1ccc(NC(=O)C2CCN(C(=O)NC3CCCC3c3ccccc3C(F)(F)F)CC2)nc1,[BOS]Cc1ccc(NC(=O)C2CCN(C(=O)N[C@@H]3CCC[C@@H]3c3ccccc3C(F)(F)F)CC2)nc1[EOS],25600.189890146255,42
9.4,O=C(NCC1CC(c2ccc3c(c2)CCO3)=NO1)N1CCOC2(CCc3ccccc32)C1,[BOS]O=C(NC[C@@H]1CC(c2ccc3c(c2)CCO3)=NO1)N1CCO[C@]2(CCc3ccccc32)C1[EOS],30124.864669799805,42
9.1,CC1(c2ccc(C(=O)N3Cc4ccccc4C(c4ccccc4)C3)cc2)NC(=O)NC1=O,[BOS]C[C@]1(c2ccc(C(=O)N3Cc4ccccc4[C@@H](c4ccccc4)C3)cc2)NC(=O)NC1=O[EOS][EOS][EOS][EOS][EOS][EOS][EOS][EOS],34147.12569642067,42
9.7,CC(C)c1ccc(C(=O)N2CCOCC3(C2)CN(C(=O)C2CCCC4CCCCC42)CCO3)cc1,[BOS]CC(C)c1ccc(C(=O)N2CCOC[C@]3(C2)CN(C(=O)[C@@H]2CCC[C@H]4CCCC[C@@H]42)CCO3)cc1[EOS],38367.402650117874,42
9.0,CC1COc2ccccc2CN1C(=O)C1Cc2ccccc2CN1S(=O)(=O)c1ccc(F)cc1,[BOS]C[C@@H]1COc2ccccc2CN1C(=O)[C@H]1Cc2ccccc2CN1S(=O)(=O)c1ccc(F)cc1[EOS],42438.70839333534,42
9.7,N#Cc1cc(CC(=O)N2CCOC3(CCN(C(=O)c4ccc5ncccc5c4)C3)C2)ccc1F,[BOS]N#Cc1cc(CC(=O)N2CCO[C@]3(CCN(C(=O)c4ccc5ncccc5c4)C3)C2)ccc1F[EOS],46596.45956778526,42
9.3,CC1CN(c2ccc(C(=O)N3CCCCc4ccccc43)cc2)CC(C)O1,[BOS]C[C@@H]1CN(c2ccc(C(=O)N3CCCCc4ccccc43)cc2)C[C@H](C)O1[EOS],50699.019834041595,42
9.5,Cc1oncc1C(=O)N1CCCCC1c1cc(NC(=O)Cc2ccc3c(c2)CCCO3)n[nH]1,[BOS]Cc1oncc1C(=O)N1CCCC[C@H]1c1cc(NC(=O)Cc2ccc3c(c2)CCCO3)n[nH]1[EOS],55015.15184187889,42
10.4,O=C(C1CC1c1ccccc1)N1CCOCC2(C1)CN(C(=O)C1CCCC3CCCCC31)CCO2,[BOS]O=C([C@@H]1C[C@@H]1c1ccccc1)N1CCOC[C@@]2(C1)CN(C(=O)[C@@H]1CCC[C@@H]3CCCC[C@H]31)CCO2[EOS],59248.86780118942,42
10.2,Cc1ccc(CCC(=O)N2CCC3(C2)CN(C(=O)C2CCc4ccccc4C2)CCO3)c2ccccc12,[BOS]Cc1ccc(CCC(=O)N2CC[C@@]3(C2)CN(C(=O)[C@H]2CCc4ccccc4C2)CCO3)c2ccccc12[EOS][EOS],63587.57132649422,42
9.6,CC(NC(=O)N1CCc2nnc(N3CCCC3)cc2C1)c1ccc(F)c2ccccc12,[BOS]C[C@H](NC(=O)N1CCc2nnc(N3CCCC3)cc2C1)c1ccc(F)c2ccccc12[EOS],67446.94437503815,42
10.3,CC1CCCN(C(=O)C2CCN(C(=O)CN3C(=O)NC(C)(c4ccc5ccccc5c4)C3=O)CC2)C1,[BOS]C[C@@H]1CCCN(C(=O)C2CCN(C(=O)CN3C(=O)N[C@](C)(c4ccc5ccccc5c4)C3=O)CC2)C1[EOS],72286.59899187088,42
9.7,O=C(Nc1nc2c(s1)CC(c1ccccc1)CC2)C1CCCN1C(=O)Nc1ccc2c(c1)OCCO2,[BOS]O=C(Nc1nc2c(s1)C[C@@H](c1ccccc1)CC2)[C@@H]1CCCN1C(=O)Nc1ccc2c(c1)OCCO2[EOS],75904.2259786129,42
9.2,CC(Oc1ccc(C(=O)N2CCOC(c3ccc(F)c(F)c3)C2)cc1)c1ccccc1,[BOS]C[C@@H](Oc1ccc(C(=O)N2CCO[C@H](c3ccc(F)c(F)c3)C2)cc1)c1ccccc1[EOS],80155.74712204933,42
9.8,Cc1ccc(NC(=O)C2CCN(C(=O)NC(C)c3ccc4c(c3)CCCC4)CC2)nc1C,[BOS]Cc1ccc(NC(=O)C2CCN(C(=O)N[C@@H](C)c3ccc4c(c3)CCCC4)CC2)nc1C[EOS],84434.35721445084,42
9.6,Cc1cc(C2CN(C(=O)C(=O)Nc3ccn(-c4ccccc4)n3)CCO2)ccc1F,[BOS]Cc1cc([C@H]2CN(C(=O)C(=O)Nc3ccn(-c4ccccc4)n3)CCO2)ccc1F[EOS],88393.75152897835,42
9.7,CC(C)c1ccccc1Cn1nc2c(cc1=O)CN(C(=O)OCc1ccccc1)CC2,[BOS]CC(C)c1ccccc1Cn1nc2c(cc1=O)CN(C(=O)OCc1ccccc1)CC2[EOS],92291.26189470291,42
9.1,CC(NC(=O)NC(c1cccc2ccccc12)C(F)(F)F)c1cccc(N2CCOC2=O)c1,[BOS]C[C@H](NC(=O)N[C@@H](c1cccc2ccccc12)C(F)(F)F)c1cccc(N2CCOC2=O)c1[EOS][EOS][EOS][EOS][EOS][EOS][EOS][EOS],96448.64743566513,42
10.3,CC(NC(=O)c1ccc(N2CCCc3ccccc32)cc1)c1ccc2c(c1)CCC(=O)N2,[BOS]C[C@H](NC(=O)c1ccc(N2CCCc3ccccc32)cc1)c1ccc2c(c1)CCC(=O)N2[EOS],100647.11893701553,42
9.1,Cc1c(NC(=O)N2CC3(CCCC3)OCC2C)nnn1Cc1ccc(C(F)(F)F)cc1,[BOS]Cc1c(NC(=O)N2CC3(CCCC3)OC[C@H]2C)nnn1Cc1ccc(C(F)(F)F)cc1[EOS],3865.5959861278534,42
9.0,O=C(Nc1cnc2ccnn2c1)N1C2CCC1CC(c1ccccc1)C2,[BOS]O=C(Nc1cnc2ccnn2c1)N1[C@@H]2CC[C@H]1C[C@@H](c1ccccc1)C2[EOS],7480.942667961121,42
9.4,CC1CC(C)(C)c2ccccc2N1C(=O)CN1C(=O)C(C)(c2ccc3c(c2)OCCO3)N=C1O,[BOS]C[C@@H]1CC(C)(C)c2ccccc2N1C(=O)CN1C(=O)[C@@](C)(c2ccc3c(c2)OCCO3)N=C1O[EOS],11236.739212751389,42
10.0,O=C(NC1CCOC2(CCCCC2)C1)c1ccc(C(=O)NC2CCOC3(CCCCC3)C2)nc1,[BOS]O=C(N[C@H]1CCOC2(CCCCC2)C1)c1ccc(C(=O)N[C@@H]2CCOC3(CCCCC3)C2)nc1[EOS],15239.406750440598,42
9.9,O=C(NCC1CCCCC1c1ccccc1)c1ccc2c(=O)n3c(nc2c1)CCCCC3,[BOS]O=C(NC[C@H]1CCCC[C@H]1c1ccccc1)c1ccc2c(=O)n3c(nc2c1)CCCCC3[EOS],19612.569684267044,42
9.6,O=S(=O)(NC1CCCC1c1cccc(C(F)(F)F)c1)C1=Cc2ccccc2OCC1,[BOS]O=S(=O)(N[C@H]1CCC[C@@H]1c1cccc(C(F)(F)F)c1)C1=Cc2ccccc2OCC1[EOS],23638.878931760788,42
9.5,CC1Cc2cc(-c3ccc(CNC(=O)C4CC(C)(C)Oc5ccccc54)cc3)ccc2O1,[BOS]C[C@H]1Cc2cc(-c3ccc(CNC(=O)[C@@H]4CC(C)(C)Oc5ccccc54)cc3)ccc2O1[EOS],28024.385860204697,42
10.0,O=C(C1CC12CCCc1ccccc12)N1CCCN(S(=O)(=O)c2ccc3c(c2)OCCO3)CC1,[BOS]O=C([C@@H]1C[C@@]12CCCc1ccccc12)N1CCCN(S(=O)(=O)c2ccc3c(c2)OCCO3)CC1[EOS],32015.28389263153,42
10.0,O=S(=O)(c1ccc(N2CC3CCCN3c3ccccc32)nc1)N1CCC(Cc2ccccc2)CC1,[BOS]O=S(=O)(c1ccc(N2C[C@@H]3CCCN3c3ccccc32)nc1)N1CCC(Cc2ccccc2)CC1[EOS],35909.68500471115,42
10.1,CC(=O)N1CCCc2cc(S(=O)(=O)Nc3nc(-c4ccc5c(c4)CCC5)c(C)s3)ccc21,[BOS]CC(=O)N1CCCc2cc(S(=O)(=O)Nc3nc(-c4ccc5c(c4)CCC5)c(C)s3)ccc21[EOS],40246.103415966034,42
10.1,O=C(Nc1ccc(CC(=O)N2CCCc3ccccc32)cc1)N1CCC2(CCc3ccccc3O2)C1,[BOS]O=C(Nc1ccc(CC(=O)N2CCCc3ccccc32)cc1)N1CC[C@@]2(CCc3ccccc3O2)C1[EOS],44803.90852046013,42
9.1,O=C1NCCc2cc(-c3ncnc4nc(SCc5ccc(F)cc5)[nH]c34)ccc21,[BOS]O=C1NCCc2cc(-c3ncnc4nc(SCc5ccc(F)cc5)[nH]c34)ccc21[EOS],48749.74142241478,42
9.9,O=C(C1Cc2ccccc2N1)N1CCOCC2(C1)CN(C(=O)C1CCCC3CCCCC31)CCO2,[BOS]O=C([C@@H]1Cc2ccccc2N1)N1CCOC[C@]2(C1)CN(C(=O)[C@@H]1CCC[C@@H]3CCCC[C@@H]31)CCO2[EOS][EOS][EOS][EOS][EOS][EOS],53047.85390639305,42
8.9,O=C(C(O)C1CCN(C(=O)C2(c3ccccc3)CCCC2)C1)N1CCc2ccccc2C1,[BOS]O=C([C@H](O)[C@@H]1CCN(C(=O)C2(c3ccccc3)CCCC2)C1)N1CCc2ccccc2C1[EOS],57675.09944367409,42
9.3,CC1Oc2ccccc2C1NC(=O)C(=O)Nc1cccc(-c2ccc(F)c(F)c2)c1,[BOS]C[C@H]1Oc2ccccc2[C@@H]1NC(=O)C(=O)Nc1cccc(-c2ccc(F)c(F)c2)c1[EOS],61520.215346336365,42
9.9,Cc1cccc(C(=O)N2CCCCC2c2cc(NC(=O)Cc3ccc4c(c3)CCCO4)n[nH]2)c1F,[BOS]Cc1cccc(C(=O)N2CCCC[C@H]2c2cc(NC(=O)Cc3ccc4c(c3)CCCO4)n[nH]2)c1F[EOS],65910.02539038658,42
9.7,CC1(C(=O)N2CCOCC3(CN(C(=O)c4cc5occ(-c6cccnc6)c5[nH]4)CCO3)C2)CCCCC1,[BOS]CC1(C(=O)N2CCOC[C@]3(CN(C(=O)c4cc5occ(-c6cccnc6)c5[nH]4)CCO3)C2)CCCCC1[EOS][EOS][EOS][EOS][EOS][EOS][EOS],70095.0211648941,42
9.7,O=C(NC1CC2CCC(C1)N2C(=O)C1CC1c1ccc(F)c(F)c1)c1noc2c1CCCC2,[BOS]O=C(N[C@H]1C[C@H]2CC[C@@H](C1)N2C(=O)[C@H]1C[C@H]1c1ccc(F)c(F)c1)c1noc2c1CCCC2[EOS][EOS][EOS][EOS][EOS][EOS],74623.66858696938,42
10.0,Cc1ccc(CC2CCN(C(=O)NCc3cccc(N4C(=O)NC(C)(C5CC5)C4=O)c3)CC2)cc1,[BOS]Cc1ccc(CC2CCN(C(=O)NCc3cccc(N4C(=O)N[C@](C)(C5CC5)C4=O)c3)CC2)cc1[EOS],79389.22552251816,42
9.9,CC1CCCN(C(=O)C2CCN(c3ccc4nnc(C(F)(F)F)n4n3)CC2)c2ccccc21,[BOS]C[C@@H]1CCCN(C(=O)C2CCN(c3ccc4nnc(C(F)(F)F)n4n3)CC2)c2ccccc21[EOS],83334.85028553009,42
10.8,Cc1cc(Cl)c2ccc(C(=O)N3CCC4OCCCC4(CNC(=O)c4ccc(F)c(C)c4)C3)cc2n1,[BOS]Cc1cc(Cl)c2ccc(C(=O)N3CC[C@H]4OCCC[C@@]4(CNC(=O)c4ccc(F)c(C)c4)C3)cc2n1[EOS],88072.06998491287,42
9.9,O=C1CCc2ccc(C(=O)N3CCOC4(CCN(C(=O)c5cccc6ccncc56)C4)C3)nc2N1,[BOS]O=C1CCc2ccc(C(=O)N3CCO[C@]4(CCN(C(=O)c5cccc6ccncc56)C4)C3)nc2N1[EOS][EOS][EOS],92686.99578595161,42
9.3,CC1CCN(c2ccc(C(=O)N3CCN(CC(=O)N=C4CC(C)(C)CC(C)(C)C4)CC3)cn2)CC1,[BOS]CC1CCN(c2ccc(C(=O)N3CCN(CC(=O)N=C4CC(C)(C)CC(C)(C)C4)CC3)cn2)CC1[EOS][EOS][EOS][EOS][EOS][EOS][EOS],96815.84515690804,42
9.6,CC(NC(=O)NCc1cc(=O)n2ccccc2n1)c1ccc(Cl)c2ccccc12,[BOS]C[C@@H](NC(=O)NCc1cc(=O)n2ccccc2n1)c1ccc(Cl)c2ccccc12[EOS],100983.4628071785,42
9.0,CC1COc2ccccc2CN1C(=O)C1CCN(S(=O)(=O)c2ccc3c(c2)OCCCO3)CC1,[BOS]C[C@@H]1COc2ccccc2CN1C(=O)C1CCN(S(=O)(=O)c2ccc3c(c2)OCCCO3)CC1[EOS][EOS][EOS][EOS][EOS][EOS],3738.1942903995514,42
10.4,O=C(c1ccc(N2CCCc3ccccc32)cc1)N1CCC(NS(=O)(=O)c2ccc(F)cc2)CC1,[BOS]O=C(c1ccc(N2CCCc3ccccc32)cc1)N1CCC(NS(=O)(=O)c2ccc(F)cc2)CC1[EOS],8177.954357147217,42
9.7,O=C(C1ON=C(c2ccccc2)O1)N1CCC2(CCCN(C(=O)C3(c4ccccc4)CC3)C2)CC1,[BOS]O=C([C@H]1ON=C(c2ccccc2)O1)N1CCC2(CCCN(C(=O)C3(c4ccccc4)CC3)C2)CC1[EOS],12766.780443906784,42
9.8,O=C1NCC2(CCN(C(=O)C3CC3c3ccc4ccccc4c3)CC2)Oc2ccccc21,[BOS]O=C1NCC2(CCN(C(=O)[C@@H]3C[C@@H]3c3ccc4ccccc4c3)CC2)Oc2ccccc21[EOS],16613.35716700554,42
10.2,Cc1cccc(C)c1N1CC(C(=O)N2CCCCC2c2cc(NC(=O)C34CCC(CC3)CC4)n[nH]2)CC1=O,[BOS]Cc1cccc(C)c1N1C[C@@H](C(=O)N2CCCC[C@H]2c2cc(NC(=O)C34CCC(CC3)CC4)n[nH]2)CC1=O[EOS],21785.98220062256,42
9.9,Cc1cccc(CNC(=O)c2ccc(C(=O)NCC3CCCOC3c3ccccc3)cc2)c1,[BOS]Cc1cccc(CNC(=O)c2ccc(C(=O)NC[C@@H]3CCCO[C@@H]3c3ccccc3)cc2)c1[EOS],26280.02620768547,42
9.3,CC1Cc2cc(-c3ccc(CNC(=O)C4CC(=O)c5ccccc54)cc3)ccc2O1,[BOS]C[C@H]1Cc2cc(-c3ccc(CNC(=O)[C@H]4CC(=O)c5ccccc54)cc3)ccc2O1[EOS],30792.68430995941,42
9.6,Cc1ccc(-n2cc(NC(=O)C(=O)N3CCCC4(C3)OCc3ccccc34)cn2)c(C)c1,[BOS]Cc1ccc(-n2cc(NC(=O)C(=O)N3CCC[C@]4(C3)OCc3ccccc34)cn2)c(C)c1[EOS],35049.03201532364,42
8.8,O=c1[nH]c(NC2C3CCc4ccccc4C32)nc2c1cnn2-c1ccccc1Cl,[BOS]O=c1[nH]c(N[C@@H]2[C@@H]3CCc4ccccc4[C@@H]32)nc2c1cnn2-c1ccccc1Cl[EOS],38630.04088187218,42
10.3,O=c1[nH]c2c(cc1-c1noc(Cc3ccc4c(c3)CCCO4)n1)CC(c1ccccc1)CC2,[BOS]O=c1[nH]c2c(cc1-c1noc(Cc3ccc4c(c3)CCCO4)n1)C[C@H](c1ccccc1)CC2[EOS],42669.32785630226,42
9.2,Cc1occc1-c1cc(NC(=O)NC2CC2c2cccc3ccccc23)no1,[BOS]Cc1occc1-c1cc(NC(=O)N[C@@H]2C[C@H]2c2cccc3ccccc23)no1[EOS],46567.085147857666,42
8.9,Cc1cccc(C(C)CNC(=O)C(=O)N2CCC3(CC2)OCc2ccccc23)c1,[BOS]Cc1cccc([C@@H](C)CNC(=O)C(=O)N2CCC3(CC2)OCc2ccccc23)c1[EOS][EOS][EOS][EOS][EOS][EOS],50508.30923128128,42
9.8,O=C(CC1CCc2ccccc2C1)NC1CC(=O)N(c2ccc(Oc3ccccc3)cc2)C1,[BOS]O=C(C[C@@H]1CCc2ccccc2C1)N[C@@H]1CC(=O)N(c2ccc(Oc3ccccc3)cc2)C1[EOS],54691.7379693985,42
9.3,Cc1c(NC(=O)N2CCCC(c3cccc(C(F)(F)F)c3)C2)nnn1Cc1ccccc1F,[BOS]Cc1c(NC(=O)N2CCC[C@@H](c3cccc(C(F)(F)F)c3)C2)nnn1Cc1ccccc1F[EOS],58500.9423866272,42
9.7,O=C(c1ccc2ncncc2c1)N1CCCCC1C1CCN(C(=O)C23CCC(CC2)CC3)CC1,[BOS]O=C(c1ccc2ncncc2c1)N1CCCC[C@@H]1C1CCN(C(=O)C23CCC(CC2)CC3)CC1[EOS][EOS][EOS][EOS][EOS][EOS][EOS],62816.15157866478,42
10.0,O=C(CCC1CNc2ccccc2C1)N1CCC2(CCCN(C(=O)C3CCc4ccccc4C3O)C2)CC1,[BOS]O=C(CC[C@@H]1CNc2ccccc2C1)N1CCC2(CCCN(C(=O)[C@H]3CCc4ccccc4[C@@H]3O)C2)CC1[EOS],67901.08058905602,42
9.1,O=S(=O)(NC1CCc2ccc(C(F)(F)F)cc21)c1cccc(-c2ccccc2)c1,[BOS]O=S(=O)(N[C@@H]1CCc2ccc(C(F)(F)F)cc21)c1cccc(-c2ccccc2)c1[EOS][EOS][EOS],71808.01516675949,42
9.2,O=C(NCC1Cc2ccccc2C1)N1CC(c2ccccc2)c2ccccc21,[BOS]O=C(NCC1Cc2ccccc2C1)N1C[C@H](c2ccccc2)c2ccccc21[EOS],75744.14415717125,42
9.7,CC1c2ccccc2OCCN1C(=O)Nc1ccc(C(=O)NCc2ccc(F)cc2)cc1,[BOS]C[C@@H]1c2ccccc2OCCN1C(=O)Nc1ccc(C(=O)NCc2ccc(F)cc2)cc1[EOS],79446.34349155426,42
10.0,O=C(c1ccc(N2CCOCC2)cn1)N1CCCC2(CCN(C(=O)C3CCc4ccccc43)CC2)C1,[BOS]O=C(c1ccc(N2CCOCC2)cn1)N1CCCC2(CCN(C(=O)[C@H]3CCc4ccccc43)CC2)C1[EOS],83786.15688180923,42
9.4,O=C(Nc1c2c(cc3c1CCC3)CCC2)C(=O)N1CCc2c(ncn2-c2ccccc2)C1,[BOS]O=C(Nc1c2c(cc3c1CCC3)CCC2)C(=O)N1CCc2c(ncn2-c2ccccc2)C1[EOS],87818.70488834381,42
9.9,CC1(C)Cc2cccc(C(=O)N3CCCCC3C3CCN(C(=O)C4Cc5ccccc5C4)CC3)c2O1,[BOS]CC1(C)Cc2cccc(C(=O)N3CCCC[C@H]3C3CCN(C(=O)C4Cc5ccccc5C4)CC3)c2O1[EOS][EOS][EOS],92445.3183863163,42
9.2,O=C(Nc1cccc(CNC(=O)N2CCC(C(F)(F)F)C3(CCOCC3)C2)c1)c1ccc(F)cc1,[BOS]O=C(Nc1cccc(CNC(=O)N2CC[C@H](C(F)(F)F)C3(CCOCC3)C2)c1)c1ccc(F)cc1[EOS][EOS],96931.01747918129,42
9.3,CC(NC(=O)c1ccc2c(c1)SC1=NS(=O)(=O)CCN12)c1cccc2ccccc12,[BOS]C[C@@H](NC(=O)c1ccc2c(c1)SC1=NS(=O)(=O)CCN12)c1cccc2ccccc12[EOS],100856.80853748322,42
9.1,c1ccc2c(c1)CCC(c1nc(C3CCCc4ccccc43)no1)CN2,[BOS]c1ccc2c(c1)CC[C@H](c1nc([C@@H]3CCCc4ccccc43)no1)CN2[EOS],3360.87891292572,42
10.3,Cc1ccc(CCC(=O)N2CCOCC3(C2)CN(C(=O)C2=NN(C)C(=O)CC2)CCO3)c2ccccc12,[BOS]Cc1ccc(CCC(=O)N2CCOC[C@]3(C2)CN(C(=O)C2=NN(C)C(=O)CC2)CCO3)c2ccccc12[EOS][EOS][EOS][EOS][EOS][EOS],8164.493933439255,42
9.3,O=C(Cc1noc(C2(O)CCc3ccccc3C2)n1)Nc1nnc(C2CCCCC2)s1,[BOS]O=C(Cc1noc([C@@]2(O)CCc3ccccc3C2)n1)Nc1nnc(C2CCCCC2)s1[EOS],12285.389181137085,42
9.5,CC1Oc2ccc(NC(=O)C(=O)NCCc3cn(C)c4cc(F)ccc34)cc2NC1=O,[BOS]C[C@H]1Oc2ccc(NC(=O)C(=O)NCCc3cn(C)c4cc(F)ccc34)cc2NC1=O[EOS],16407.270532131195,42
8.8,CC1(C)CC(=O)Nc2ccc(Nc3ccc(C(=O)NCc4ccco4)cc3)cc21,[BOS]CC1(C)CC(=O)Nc2ccc(Nc3ccc(C(=O)NCc4ccco4)cc3)cc21[EOS][EOS][EOS][EOS][EOS][EOS],20217.67822265625,42
9.0,O=C(Nc1cc2c([nH]c1=O)CCCC2)C1(c2ccccc2C(F)(F)F)CCOCC1,[BOS]O=C(Nc1cc2c([nH]c1=O)CCCC2)C1(c2ccccc2C(F)(F)F)CCOCC1[EOS],23990.542374134064,42
9.3,O=C(Nc1cccc2c1CN(c1ccccn1)C2)NC1CCN(c2ccc(C(F)(F)F)cc2)C1=O,[BOS]O=C(Nc1cccc2c1CN(c1ccccn1)C2)N[C@H]1CCN(c2ccc(C(F)(F)F)cc2)C1=O[EOS][EOS][EOS][EOS],27986.684183359146,42
9.4,O=C(NC1CCc2ccccc2OC1)C(=O)N1CCC(c2nc(-c3ccccn3)no2)CC1,[BOS]O=C(N[C@@H]1CCc2ccccc2OC1)C(=O)N1CCC(c2nc(-c3ccccn3)no2)CC1[EOS],31853.764486551285,42
8.9,O=C(NCC1CCN(C(=O)C2(c3ccccc3)CC2)C1c1cccnc1)c1ccncc1C(F)(F)F,[BOS]O=C(NC[C@@H]1CCN(C(=O)C2(c3ccccc3)CC2)[C@H]1c1cccnc1)c1ccncc1C(F)(F)F[EOS][EOS][EOS],35993.63787865639,42
9.2,Cc1ccc(S(=O)(=O)c2ccc3c(c2)SC2CS(=O)(=O)CC32)cc1N1CCCC1C(=O)O,[BOS]Cc1ccc(S(=O)(=O)c2ccc3c(c2)SC2CS(=O)(=O)CC32)cc1N1CCCC1C(=O)O[EOS][EOS],40131.80201292038,42
8.8,Cc1cc(S(=O)(=O)N2CC=C(c3c(C)[nH]c4ccccc34)CC2)ccc1C(F)(F)F,[BOS]Cc1cc(S(=O)(=O)N2CC=C(c3c(C)[nH]c4ccccc34)CC2)ccc1C(F)(F)F[EOS][EOS][EOS][EOS][EOS][EOS][EOS][EOS],44023.6283223629,42
9.3,CC1Oc2ccc(NC(=O)C(=O)N3CCC(C)(c4cccc(Cl)c4)CC3)cc2NC1=O,[BOS]C[C@H]1Oc2ccc(NC(=O)C(=O)N3CCC(C)(c4cccc(Cl)c4)CC3)cc2NC1=O[EOS],48188.3616604805,42
9.5,O=C1CC(C(=O)N2CCOC3(CCN(C(=O)CCc4cccc(O)c4)C3)C2)=Cc2ccccc2N1,[BOS]O=C(CCc1cccc(O)c1)N1CC[C@@]2(C1)CN(C(=O)C1=Cc3ccccc3NC(=O)C1)CCO2[EOS][EOS],52978.19859242439,42
10.8,O=C(Cc1ccc2c(c1)CCC2)N1CCOC2(CCN(C(=O)c3cnc4c(F)c(F)ccc4c3)C2)C1,[BOS]O=C(Cc1ccc2c(c1)CCC2)N1CCO[C@]2(CCN(C(=O)c3cnc4c(F)c(F)ccc4c3)C2)C1[EOS],57546.8955578804,42
9.4,Cc1cc2nccc(NC(=O)C3CCN(S(=O)(=O)c4ccc5c(c4)OCCO5)CC3)n2n1,[BOS]Cc1cc2nccc(NC(=O)C3CCN(S(=O)(=O)c4ccc5c(c4)OCCO5)CC3)n2n1[EOS][EOS][EOS][EOS][EOS][EOS],61685.59878826141,42
9.0,Cc1cccc2c1N(C(=O)c1sc3nc4n(c(=O)c3c1C)CCCCC4)CCC2C,[BOS]Cc1cccc2c1N(C(=O)c1sc3nc4n(c(=O)c3c1C)CCCCC4)CC[C@H]2C[EOS][EOS][EOS][EOS][EOS],65439.235884428024,42
9.6,CC1Oc2ccc(C(=O)Nc3cc(C4CCCCN4C(=O)C4CCCC4C)[nH]n3)cc2NC1=O,[BOS]C[C@@H]1CCC[C@@H]1C(=O)N1CCCC[C@@H]1c1cc(NC(=O)c2ccc3c(c2)NC(=O)[C@H](C)O3)n[nH]1[EOS][EOS][EOS][EOS],69754.1826031208,42
9.7,O=C1CCc2ccc(C(=O)N3CCC4OCCCC4(CNC(=O)C4Cc5ccccc5O4)C3)cc21,[BOS]O=C(NC[C@@]12CCCO[C@@H]1CCN(C(=O)c1ccc3c(c1)C(=O)CC3)C2)[C@@H]1Cc2ccccc2O1[EOS][EOS][EOS],74680.58929228783,42
9.7,CC(NC(=O)NC1CCCN(c2cccc(F)c2)C1)c1ccc2c(c1)CCC(=O)N2,[BOS]C[C@@H](NC(=O)N[C@@H]1CCCN(c2cccc(F)c2)C1)c1ccc2c(c1)CCC(=O)N2[EOS],78828.69944548607,42
9.8,O=C(NCC12CCCOC1CCN(C(=O)c1cc3cccnn3n1)C2)C1=C2c3ccccc3C(=O)N2CC1,[BOS]O=C(NC[C@@]12CCCO[C@@H]1CCN(C(=O)c1cc3cccnn3n1)C2)C1=C2c3ccccc3C(=O)N2CC1[EOS][EOS][EOS][EOS][EOS][EOS][EOS],83716.25164604187,42
10.3,O=C(c1ccn2nccc2c1)N1CCOCC2(C1)CN(C(=O)C1CCCC3CCCCC31)CCO2,[BOS]O=C(c1ccn2nccc2c1)N1CCOC[C@]2(C1)CN(C(=O)[C@@H]1CCC[C@H]3CCCC[C@@H]31)CCO2[EOS],87838.6041162014,42
9.6,O=C(NCC1CCCCC1c1ccccc1)c1ccc(N2CCCS2(=O)=O)cc1Cl,[BOS]O=C(NC[C@@H]1CCCC[C@H]1c1ccccc1)c1ccc(N2CCCS2(=O)=O)cc1Cl[EOS],91930.66131186485,42
9.9,Cc1cc(F)cc(C(=O)N2CCCCC2C2CCN(C(=O)c3ccc4c(c3)NC(=O)C(C)O4)CC2)c1,[BOS]Cc1cc(F)cc(C(=O)N2CCCC[C@H]2C2CCN(C(=O)c3ccc4c(c3)NC(=O)[C@H](C)O4)CC2)c1[EOS],96389.5444431305,42
10.0,Cc1cc(C(=O)N2CCCCC2C2CCN(C(=O)c3ccc4c(c3)NC(=O)CC4)CC2)nc2ccccc12,[BOS]Cc1cc(C(=O)N2CCCC[C@H]2C2CCN(C(=O)c3ccc4c(c3)NC(=O)CC4)CC2)nc2ccccc12[EOS][EOS][EOS][EOS][EOS][EOS],100721.85967803001,42
9.6,CC1(C(=O)Nc2ccc(-c3csc(N4CCOCC4)n3)cc2)CCc2ccccc2C1,[BOS]C[C@@]1(C(=O)Nc2ccc(-c3csc(N4CCOCC4)n3)cc2)CCc2ccccc2C1[EOS][EOS][EOS][EOS],3811.5107414722443,42
8.5,N#CC(c1ccccc1)c1ccc(NC(=O)NCc2ccc3c(c2)CCS3(=O)=O)cc1Cl,[BOS]N#C[C@@H](c1ccccc1)c1ccc(NC(=O)NCc2ccc3c(c2)CCS3(=O)=O)cc1Cl[EOS],7829.381138563156,42
10.0,Cc1cc(F)cc(CC(=O)N2CCOCC3(C2)CN(C(=O)C2CCCC4CCCCC42)CCO3)c1,[BOS]Cc1cc(F)cc(CC(=O)N2CCOC[C@]3(C2)CN(C(=O)[C@@H]2CCC[C@H]4CCCC[C@H]42)CCO3)c1[EOS],12335.872555971146,42
10.3,O=C(c1nnc(-c2ccccc2)o1)N1CCOCC2(C1)CN(C(=O)C1CCCC3CCCCC31)CCO2,[BOS]O=C(c1nnc(-c2ccccc2)o1)N1CCOC[C@]2(C1)CN(C(=O)[C@@H]1CCC[C@@H]3CCCC[C@@H]31)CCO2[EOS],16734.86060166359,42
10.2,O=C1CCc2ccc(C(=O)N3CCCCC3C3CCN(C(=O)c4cc(-c5ccccc5)no4)CC3)cc21,[BOS]O=C1CCc2ccc(C(=O)N3CCCC[C@H]3C3CCN(C(=O)c4cc(-c5ccccc5)no4)CC3)cc21[EOS],21778.76812148094,42
10.2,Cc1cccc(C)c1N1CC(C(=O)N2CCC3(CCN(C(=O)c4ccccc4)C3)CC2)CC1=O,[BOS]Cc1cccc(C)c1N1C[C@@H](C(=O)N2CCC3(CCN(C(=O)c4ccccc4)C3)CC2)CC1=O[EOS],26221.372039556503,42
8.9,Cc1cc(C(=O)NCC23CCCOC2CCN(C(=O)C2CNC(=O)C2)C3)nc2ccccc12,[BOS]Cc1cc(C(=O)NC[C@@]23CCCO[C@@H]2CCN(C(=O)[C@@H]2CNC(=O)C2)C3)nc2ccccc12[EOS][EOS][EOS][EOS][EOS][EOS][EOS],31054.90825366974,42
9.2,Cc1cc(F)c(F)c(C(=O)N2CCC(C3CCCCN3C(=O)c3[nH]nc4ncccc34)CC2)c1,[BOS]Cc1cc(F)c(F)c(C(=O)N2CCC([C@@H]3CCCCN3C(=O)c3[nH]nc4ncccc34)CC2)c1[EOS][EOS][EOS][EOS][EOS],35466.41095280647,42
9.9,CC1Cc2ccccc2N1C(=O)C1CCCCC1C(=O)NCc1ccc(C2(C)NC(=O)NC2=O)cc1,[BOS]C[C@@H]1Cc2ccccc2N1C(=O)[C@@H]1CCCC[C@@H]1C(=O)NCc1ccc([C@@]2(C)NC(=O)NC2=O)cc1[EOS],40127.03989028931,42
10.1,C=C(C)c1cccc(C(C)(C)NC(=O)N2CC3c4nc(N5CCOCC5)ncc4CS(=O)(=O)C3C2)c1,[BOS]C=C(C)c1cccc(C(C)(C)NC(=O)N2C[C@@H]3c4nc(N5CCOCC5)ncc4CS(=O)(=O)[C@@H]3C2)c1[EOS][EOS][EOS][EOS][EOS],44124.41260099411,42
8.9,NC(=O)CC(NC(=O)C1(O)c2ccccc2-c2ccccc21)c1ccccc1Cl,[BOS]NC(=O)C[C@H](NC(=O)C1(O)c2ccccc2-c2ccccc21)c1ccccc1Cl[EOS][EOS][EOS][EOS][EOS][EOS][EOS],48235.47841119766,42
9.2,Cc1ccc2c(CC(=O)N3CCC(c4ccccc4)CC3C)c[nH]c2c1C,[BOS]Cc1ccc2c(CC(=O)N3CC[C@H](c4ccccc4)C[C@H]3C)c[nH]c2c1C[EOS],51883.59554314613,42
9.6,CC1(c2ccccc2)CCCN(C(=O)CN2C(=O)NC3(CCCCc4ccccc43)C2=O)CC1,[BOS]C[C@]1(c2ccccc2)CCCN(C(=O)CN2C(=O)N[C@]3(CCCCc4ccccc43)C2=O)CC1[EOS],55804.47901582718,42
8.8,O=C1CC(c2ccccc2)Oc2cc(OC3COCc4ccccc43)ccc21,[BOS]O=C1C[C@@H](c2ccccc2)Oc2cc(O[C@@H]3COCc4ccccc43)ccc21[EOS][EOS][EOS][EOS],59765.870003700256,42
10.1,O=C1CCc2ccc(C(=O)N3CCCCC3C3CCN(C(=O)c4cc5cc(F)ccc5[nH]4)CC3)cc2N1,[BOS]O=C1CCc2ccc(C(=O)N3CCCC[C@H]3C3CCN(C(=O)c4cc5cc(F)ccc5[nH]4)CC3)cc2N1[EOS],64793.03369832039,42
9.4,O=C(NC1CC2CCC(C1)N2C(=O)c1cccc(Cc2cccc(F)c2)c1)c1noc2c1CCCC2,[BOS]O=C(N[C@H]1C[C@H]2CC[C@@H](C1)N2C(=O)c1cccc(Cc2cccc(F)c2)c1)c1noc2c1CCCC2[EOS][EOS][EOS],69013.08482432365,42
10.3,O=C(Nc1cc(C2CCCCN2C(=O)C2Cc3ccccc3N2)[nH]n1)C1CCCC2CCCCC21,[BOS]O=C(Nc1cc([C@@H]2CCCCN2C(=O)[C@@H]2Cc3ccccc3N2)[nH]n1)[C@@H]1CCC[C@@H]2CCCC[C@@H]21[EOS],73197.15453028679,42
9.5,Cn1ccc2ccc(NC(=O)C(=O)N3CCC(F)(c4ccccc4F)C3)cc2c1=O,[BOS]Cn1ccc2ccc(NC(=O)C(=O)N3CC[C@@](F)(c4ccccc4F)C3)cc2c1=O[EOS],77197.91866898537,42
10.0,O=C(c1cc2ccc(Cl)cc2[nH]1)N1CCCC2(CCN(C(=O)C3COc4ccccc4O3)CC2)C1,[BOS]O=C(c1cc2ccc(Cl)cc2[nH]1)N1CCCC2(CCN(C(=O)[C@H]3COc4ccccc4O3)CC2)C1[EOS],81167.00094628334,42
9.2,COc1cccc2c1CC(C(=O)NCC1CCN(C(=O)c3ccc(O)cc3)C1c1cccnc1)CC2,[BOS]COc1cccc2c1C[C@H](C(=O)NC[C@H]1CCN(C(=O)c3ccc(O)cc3)[C@H]1c1cccnc1)CC2[EOS][EOS][EOS][EOS][EOS],85969.26547765732,42
10.4,Cc1ccc(CCC(=O)N2CC3COCC(C2)C3NC(=O)c2cncc(F)c2)c2ccccc12,[BOS]Cc1ccc(CCC(=O)N2C[C@H]3COC[C@@H](C2)[C@H]3NC(=O)c2cncc(F)c2)c2ccccc12[EOS],91178.51008272171,42
9.3,Cn1c(C2CC2c2ccccc2)nnc1N1CCCN(C(=O)c2cccc(Cl)c2)CC1,[BOS]Cn1c([C@@H]2C[C@H]2c2ccccc2)nnc1N1CCCN(C(=O)c2cccc(Cl)c2)CC1[EOS],94680.54971528053,42
9.2,O=C(N1CCc2ccccc2CC1)C1(c2cc(C(F)(F)F)ccc2Cl)CC1,[BOS]O=C(N1CCc2ccccc2CC1)C1(c2cc(C(F)(F)F)ccc2Cl)CC1[EOS],98488.42397117615,42
10.2,Cc1nc2cc(C(=O)N3CCOC4(CCN(C(=O)c5cccc6c5NC(=O)C6)C4)C3)ccc2n1C,[BOS]Cc1nc2cc(C(=O)N3CCO[C@@]4(CCN(C(=O)c5cccc6c5NC(=O)C6)C4)C3)ccc2n1C[EOS],102447.49122905731,42
9.4,Cc1cc(NC(=O)C2CCCN(C(=O)c3ccc4[nH]ncc4c3)C2)c2cccnc2c1C,[BOS]Cc1cc(NC(=O)[C@H]2CCCN(C(=O)c3ccc4[nH]ncc4c3)C2)c2cccnc2c1C[EOS][EOS][EOS],3998.767459154129,42
9.9,O=C(C1CC1c1ccc(F)c(F)c1)N1CCCCC1C1CCN(C(=O)C23CCC(CC2)CC3)CC1,[BOS]O=C([C@@H]1C[C@@H]1c1ccc(F)c(F)c1)N1CCCC[C@H]1C1CCN(C(=O)C23CCC(CC2)CC3)CC1[EOS][EOS],8232.056745290756,42
9.3,O=C(NCC1(O)CCCc2ccccc21)c1ccc2c(c1)oc1ccccc12,[BOS]O=C(NC[C@]1(O)CCCc2ccccc21)c1ccc2c(c1)oc1ccccc12[EOS],12289.61378622055,42
9.3,O=S1(=O)CCC(c2nc(-c3ccc(S(=O)(=O)N4CCCCC4)cc3)no2)c2ccccc21,[BOS]O=S(=O)(c1ccc(-c2noc([C@@H]3CCS(=O)(=O)c4ccccc43)n2)cc1)N1CCCCC1[EOS],16365.276744127274,42
9.0,Cc1nccc(-c2cccc(NC(=O)C(=O)NCC3COc4ccccc4C3)c2)n1,[BOS]Cc1nccc(-c2cccc(NC(=O)C(=O)NC[C@H]3COc4ccccc4C3)c2)n1[EOS],20498.06663584709,42
9.4,Cc1ccc(C(=O)NCc2ccc(Cn3cnc4ccccc43)cc2)c2c1CCC2,[BOS]Cc1ccc(C(=O)NCc2ccc(Cn3cnc4ccccc43)cc2)c2c1CCC2[EOS],24738.303470611572,42
8.9,O=C(NCC1(c2cccc(F)c2F)CCCC1)N1CCN(C(=O)c2ccccc2C(F)(F)F)CC1,[BOS]O=C(NCC1(c2cccc(F)c2F)CCCC1)N1CCN(C(=O)c2ccccc2C(F)(F)F)CC1[EOS][EOS][EOS][EOS],29042.93528819084,42
10.2,O=C1CC(C(=O)N2CCOC3(CCN(C(=O)c4cccc5ccoc45)C3)C2)=Cc2ccccc2N1,[BOS]O=C1CC(C(=O)N2CCO[C@@]3(CCN(C(=O)c4cccc5ccoc45)C3)C2)=Cc2ccccc2N1[EOS],33419.35909152031,42
9.5,O=C(Nc1cc(C2CCCCN2C(=O)C2CCCCC2(F)F)[nH]n1)c1csc2c1CCCO2,[BOS]O=C(Nc1cc([C@@H]2CCCCN2C(=O)[C@@H]2CCCCC2(F)F)[nH]n1)c1csc2c1CCCO2[EOS][EOS],37409.226091861725,42
9.4,CC1CN(c2ccc(CNC(=O)c3ccc4c(c3)C(=O)N(Cc3ccccc3)C4=O)cn2)CC(C)O1,[BOS]C[C@@H]1CN(c2ccc(CNC(=O)c3ccc4c(c3)C(=O)N(Cc3ccccc3)C4=O)cn2)C[C@H](C)O1[EOS][EOS][EOS][EOS][EOS][EOS][EOS][EOS],41908.72392654419,42
9.4,Cc1cccc(C)c1N1CC(C(=O)N2CCCCC2c2cc(NC(=O)c3cnnn3C)n[nH]2)CC1=O,[BOS]Cc1cccc(C)c1N1C[C@H](C(=O)N2CCCC[C@H]2c2cc(NC(=O)c3cnnn3C)n[nH]2)CC1=O[EOS][EOS][EOS][EOS],46388.38211750984,42
9.2,Cn1cccc(C(=O)N2CCCCC2C2CCN(C(=O)c3ccc4c(c3)CC(=O)N4)CC2)c1=O,[BOS]Cn1cccc(C(=O)N2CCCC[C@@H]2C2CCN(C(=O)c3ccc4c(c3)CC(=O)N4)CC2)c1=O[EOS][EOS][EOS],50943.74987602234,42
10.0,O=C(c1cnc2c(F)c(F)ccc2c1)N1CCC2C1CCN2C(=O)C1CC(c2ccccc2)=NO1,[BOS]O=C(c1cnc2c(F)c(F)ccc2c1)N1CC[C@H]2[C@@H]1CCN2C(=O)[C@@H]1CC(c2ccccc2)=NO1[EOS],55250.5741546154,42
9.0,CN(C)c1cccc(C(=O)Nc2cc(C3CCCCN3C(=O)C3(C)CC=CCC3)[nH]n2)c1,[BOS]CN(C)c1cccc(C(=O)Nc2cc([C@@H]3CCCCN3C(=O)[C@]3(C)CC=CCC3)[nH]n2)c1[EOS][EOS][EOS][EOS][EOS][EOS][EOS][EOS],59669.07768654823,42
9.6,O=C(Cc1ccccn1)N1CCC2(CCCN(C(=O)C3C4CCCC3c3ccccc3N4)C2)CC1,[BOS]O=C(Cc1ccccn1)N1CCC2(CCCN(C(=O)[C@H]3[C@@H]4CCC[C@H]3c3ccccc3N4)C2)CC1[EOS],63872.26730799675,42
10.3,O=C(c1cnc2c(F)c(F)ccc2c1)N1CCC2(CCCN(C(=O)C3CNc4ccccc43)C2)CC1,[BOS]O=C(c1cnc2c(F)c(F)ccc2c1)N1CCC2(CCCN(C(=O)[C@H]3CNc4ccccc43)C2)CC1[EOS],67890.31829404831,42
9.5,Nc1nc2cc(C(=O)N3CCCC4(CCN(C(=O)C5CC5c5ccccc5)CC4)C3)ccc2s1,[BOS]Nc1nc2cc(C(=O)N3CCCC4(CCN(C(=O)[C@H]5C[C@H]5c5ccccc5)CC4)C3)ccc2s1[EOS][EOS][EOS][EOS][EOS],72129.65277910233,42
9.3,CC(=O)Nc1cccc(C(=O)N2CCCCC2C2CCN(C(=O)c3ccc4nn(C)cc4c3)CC2)c1,[BOS]CC(=O)Nc1cccc(C(=O)N2CCCC[C@@H]2C2CCN(C(=O)c3ccc4nn(C)cc4c3)CC2)c1[EOS][EOS],76663.41646194458,42
9.7,Cc1ccc(C(=O)N2CCCCC2C2CCN(C(=O)c3ccc4c(c3)CCCC4=O)CC2)c(=O)[nH]1,[BOS]Cc1ccc(C(=O)N2CCCC[C@@H]2C2CCN(C(=O)c3ccc4c(c3)CCCC4=O)CC2)c(=O)[nH]1[EOS],81219.94508290291,42
9.7,O=C(NC(=O)C1(O)CCN(CCc2ccc3c(c2)CCCC3)CC1)c1ccccc1,[BOS]O=C(NC(=O)c1ccccc1)C1(O)CCN(CCc2ccc3c(c2)CCCC3)CC1[EOS],85195.59523797035,42
9.1,CC1CN(C(=O)NCc2ccc(OCc3ccccn3)cc2)c2ccccc21,[BOS]C[C@@H]1CN(C(=O)NCc2ccc(OCc3ccccn3)cc2)c2ccccc21[EOS],89282.2170290947,42
9.8,CC(=O)N1CC(=O)N(c2cccnc2)CC12CCN(C(=O)Oc1ccc3ccccc3c1)C2,[BOS]CC(=O)N1CC(=O)N(c2cccnc2)C[C@@]12CCN(C(=O)Oc1ccc3ccccc3c1)C2[EOS],93413.42621517181,42
10.5,O=C(C1Cc2ccccc2O1)N1CCC(OC2CCN(C(=O)C3(c4ccccc4)CCCC3)CC2)CC1,[BOS]O=C(N1CCC(OC2CCN(C(=O)[C@@H]3Cc4ccccc4O3)CC2)CC1)C1(c2ccccc2)CCCC1[EOS],98405.79977989197,42
9.7,CN1C(=O)c2ccc(C(=O)NC(c3cccc4ccccc34)C(F)(F)F)cc2C1=O,[BOS]CN1C(=O)c2ccc(C(=O)N[C@@H](c3cccc4ccccc34)C(F)(F)F)cc2C1=O[EOS],102168.12842774391,42
9.9,Cc1cc(-c2csc(NC(=O)C(=O)N3CC4CCC3c3ccccc34)n2)c(F)cc1F,[BOS]Cc1cc(-c2csc(NC(=O)C(=O)N3C[C@H]4CC[C@H]3c3ccccc34)n2)c(F)cc1F[EOS],4064.1384727954865,42
9.8,O=C(NC1CCC(c2ccc(F)cc2)C1)N1CCCCCC1c1noc(-c2ccccc2)n1,[BOS]O=C(N[C@@H]1CC[C@H](c2ccc(F)cc2)C1)N1CCCCC[C@H]1c1noc(-c2ccccc2)n1[EOS],8083.084998369217,42
10.5,O=C1CCc2ccc(C(=O)N3CCCCC3C3CCN(C(=O)C4Cc5ccccc5C4)CC3)cc2N1,[BOS]O=C1CCc2ccc(C(=O)N3CCCC[C@H]3C3CCN(C(=O)C4Cc5ccccc5C4)CC3)cc2N1[EOS],13160.477825164795,42
9.4,Fc1ccc2c(c1)C(c1ccc3ccccc3c1)N=CCN=C2N1CC2CNCC2C1,[BOS]Fc1ccc2c(c1)C(c1ccc3ccccc3c1)N=CCN=C2N1C[C@H]2CNC[C@H]2C1[EOS],16492.541130542755,42
9.8,Nc1nc2cc(C(=O)N3CCCCC3C3CCN(C(=O)C4Cc5ccccc5C4)CC3)ccc2s1,[BOS]Nc1nc2cc(C(=O)N3CCCC[C@H]3C3CCN(C(=O)C4Cc5ccccc5C4)CC3)ccc2s1[EOS],21342.220325231552,42
9.4,CCC1(c2ccc(NC(=O)C3(c4ccccc4C)CCCC3)cc2)CCC(=O)NC1=O,[BOS]CC[C@]1(c2ccc(NC(=O)C3(c4ccccc4C)CCCC3)cc2)CCC(=O)NC1=O[EOS][EOS][EOS],25276.203565359116,42
10.6,O=C(NCc1ccc(N2CCc3ccccc3C2)nc1)NC1CC(C(F)(F)F)CC(C(F)(F)F)C1,[BOS]O=C(NCc1ccc(N2CCc3ccccc3C2)nc1)NC1C[C@H](C(F)(F)F)C[C@@H](C(F)(F)F)C1[EOS],29695.43319249153,42
9.4,O=C1CC(Cc2ccc(C(=O)Nc3nc4ccccc4n3C3CCCC3)cc2)C(=O)N1,[BOS]O=C1C[C@H](Cc2ccc(C(=O)Nc3nc4ccccc4n3C3CCCC3)cc2)C(=O)N1[EOS][EOS][EOS],34065.3860347271,42
9.1,O=C1C(NC(=O)C23CCC(=O)N2c2ccccc2C(=O)N3Cc2ccccc2)CCN1c1ccccc1F,[BOS]O=C1[C@H](NC(=O)[C@@]23CCC(=O)N2c2ccccc2C(=O)N3Cc2ccccc2)CCN1c1ccccc1F[EOS],38217.82082366943,42
8.7,Cc1ccc(C2(C)NC(=O)N(CC(=O)N(C)C3CCCc4ccccc43)C2=O)cc1C,[BOS]Cc1ccc([C@@]2(C)NC(=O)N(CC(=O)N(C)[C@H]3CCCc4ccccc43)C2=O)cc1C[EOS],42205.59138298035,42
9.7,O=C(c1cccc2cccnc12)N1CCC(OC2CCN(C(=O)C3ON=C(c4ccccc4)O3)CC2)CC1,[BOS]O=C(c1cccc2cccnc12)N1CCC(OC2CCN(C(=O)[C@@H]3ON=C(c4ccccc4)O3)CC2)CC1[EOS][EOS][EOS][EOS][EOS][EOS][EOS][EOS],46313.69469666481,42
9.6,CC(NC(=O)N1CCc2cc(C(C)(C)C)ccc2C1)c1noc(-c2ccccc2)n1,[BOS]C[C@H](NC(=O)N1CCc2cc(C(C)(C)C)ccc2C1)c1noc(-c2ccccc2)n1[EOS],50200.883365154266,42
9.4,Cc1cccc(C2(CC(=O)N3CCC4(CC3)C(=O)NCN4c3ccc(F)cc3)CCOCC2)c1,[BOS]Cc1cccc(C2(CC(=O)N3CCC4(CC3)C(=O)NCN4c3ccc(F)cc3)CCOCC2)c1[EOS][EOS][EOS][EOS][EOS],54622.70758628845,42
9.7,O=C(NCC1CCN(c2ccc(F)c(F)c2)C1)N1CCC(O)(c2ccccc2C(F)(F)F)CC1,[BOS]O=C(NC[C@@H]1CCN(c2ccc(F)c(F)c2)C1)N1CCC(O)(c2ccccc2C(F)(F)F)CC1[EOS],59444.6908955574,42
10.0,CC(c1ccc(CC(=O)N2CCOC3(CCN(C(=O)c4c[nH]c5ncccc45)C3)C2)cc1)C(F)(F)F,[BOS]C[C@H](c1ccc(CC(=O)N2CCO[C@]3(CCN(C(=O)c4c[nH]c5ncccc45)C3)C2)cc1)C(F)(F)F[EOS][EOS][EOS][EOS][EOS][EOS][EOS],64002.230092048645,42
9.4,CC1(C)CCC(CC(=O)N2CCC3(C2)CN(C(=O)c2nnc(-c4ccccc4)o2)CCO3)CC1,[BOS]CC1(C)CCC(CC(=O)N2CC[C@@]3(C2)CN(C(=O)c2nnc(-c4ccccc4)o2)CCO3)CC1[EOS],68199.28033971786,42
9.9,O=C(NCC1CCCc2ccccc21)c1ccc2c(=O)n3c(nc2c1)CCCCCC3,[BOS]O=C(NC[C@H]1CCCc2ccccc21)c1ccc2c(=O)n3c(nc2c1)CCCCCC3[EOS],72162.09817433357,42
9.5,CC(C#N)c1cccc(C(=O)N2CCC3(CN(C(=O)c4cnc5c(c4)NC(=O)CS5)CCO3)C2)c1,[BOS]C[C@H](C#N)c1cccc(C(=O)N2CC[C@]3(CN(C(=O)c4cnc5c(c4)NC(=O)CS5)CCO3)C2)c1[EOS][EOS][EOS][EOS][EOS][EOS],76725.71073651314,42
9.7,O=C(c1cc2n(n1)CCCO2)N1CCC2(CCCN(C(=O)C3CCc4[nH]c(=O)[nH]c(=O)c4C3)C2)CC1,[BOS]O=C(c1cc2n(n1)CCCO2)N1CCC2(CCCN(C(=O)[C@H]3CCc4[nH]c(=O)[nH]c(=O)c4C3)C2)CC1[EOS][EOS][EOS][EOS][EOS],80771.5859503746,42
8.8,O=C(c1ccc(-c2ncc[nH]2)cc1)N1CCC(C2CCCCN2C(=O)c2ccc3c(c2)OCCO3)CC1,[BOS]O=C(c1ccc(-c2ncc[nH]2)cc1)N1CCC([C@@H]2CCCCN2C(=O)c2ccc3c(c2)OCCO3)CC1[EOS],84591.89881443977,42
9.4,CC(Oc1ccc(C(=O)Nc2nncn2Cc2ccccc2)cn1)c1ccccc1,[BOS]C[C@@H](Oc1ccc(C(=O)Nc2nncn2Cc2ccccc2)cn1)c1ccccc1[EOS][EOS],88714.0994963646,42
8.7,OC1c2ccccc2CC1Cc1nnc(-c2cccc(Oc3ccccc3)c2)o1,[BOS]O[C@@H]1c2ccccc2C[C@H]1Cc1nnc(-c2cccc(Oc3ccccc3)c2)o1[EOS],92606.46894216537,42
8.9,O=c1[nH]ccc2ccc(-c3nnc(Cc4ccccc4)c4ccccc34)cc12,[BOS]O=c1[nH]ccc2ccc(-c3nnc(Cc4ccccc4)c4ccccc34)cc12[EOS],95885.57862758636,42
9.2,CC1(C(=O)Nc2nc3cc(Cl)c(F)cc3[nH]2)CCc2ccccc2C1,[BOS]C[C@@]1(C(=O)Nc2nc3cc(Cl)c(F)cc3[nH]2)CCc2ccccc2C1[EOS],99551.39144802094,42
9.2,O=C(CN1c2cccc3cccc(c23)S1(=O)=O)Nc1ccc(F)c(NC(=O)C2CCCCC2)c1,[BOS]O=C(CN1c2cccc3cccc(c23)S1(=O)=O)Nc1ccc(F)c(NC(=O)C2CCCCC2)c1[EOS][EOS][EOS],4278.206675291061,42
8.8,CCC1CCN(C(=O)CNC(=O)c2cc(-c3ccccc3)on2)c2ccccc21,[BOS]CC[C@@H]1CCN(C(=O)CNC(=O)c2cc(-c3ccccc3)on2)c2ccccc21[EOS],8056.645828485489,42
10.1,O=C1CCC(c2cccc(NC(=O)N3CCCC(Cc4csc5ccccc45)C3)c2)N1,[BOS]O=C1CC[C@@H](c2cccc(NC(=O)N3CCC[C@@H](Cc4csc5ccccc45)C3)c2)N1[EOS],11991.469782114029,42
9.4,CC1CCc2c(F)cccc2C1NC(=O)c1csc(S(=O)(=O)N2CCc3ccccc3C2)c1,[BOS]C[C@@H]1CCc2c(F)cccc2[C@@H]1NC(=O)c1csc(S(=O)(=O)N2CCc3ccccc3C2)c1[EOS][EOS][EOS][EOS][EOS][EOS][EOS],15807.953062057495,42
9.0,Cc1cc(C)c2c(NC(=O)C3Oc4ccccc4C34CCN(C(=O)OC(C)(C)C)CC4)nn(C)c2n1,[BOS]Cc1cc(C)c2c(NC(=O)[C@@H]3Oc4ccccc4C34CCN(C(=O)OC(C)(C)C)CC4)nn(C)c2n1[EOS][EOS][EOS][EOS][EOS][EOS][EOS],20263.39745259285,42
9.9,Cc1ccccc1C(=O)N1CCCCC1C1CCN(C(=O)c2ccc3c(c2)NC(=O)C(C)O3)CC1,[BOS]Cc1ccccc1C(=O)N1CCCC[C@H]1C1CCN(C(=O)c2ccc3c(c2)NC(=O)[C@H](C)O3)CC1[EOS],24727.418434381485,42
9.4,O=C(NCc1cccc(N2C(=O)NC3(CCCC3)C2=O)c1)NC1CCCc2ccc(F)cc21,[BOS]O=C(NCc1cccc(N2C(=O)NC3(CCCC3)C2=O)c1)N[C@@H]1CCCc2ccc(F)cc21[EOS][EOS][EOS][EOS][EOS][EOS][EOS],28910.12538576126,42
9.0,Cn1ccc(N2CCCC(NC(=O)C(=O)Nc3ccc(=O)n(Cc4ccccc4)c3)C2=O)n1,[BOS]Cn1ccc(N2CCC[C@@H](NC(=O)C(=O)Nc3ccc(=O)n(Cc4ccccc4)c3)C2=O)n1[EOS][EOS][EOS][EOS][EOS][EOS],32959.08673453331,42
10.1,O=C(c1ccc(NS(=O)(=O)C2=Cc3ccccc3OCC2)cc1)N1CCCC1c1ccccc1,[BOS]O=C(c1ccc(NS(=O)(=O)C2=Cc3ccccc3OCC2)cc1)N1CCC[C@@H]1c1ccccc1[EOS],37064.14310336113,42
9.6,Cc1cc(C)nc(C(=O)N2CCCCC2C2CCN(C(=O)C3=Cc4ccccc4NC(=O)C3)CC2)c1,[BOS]Cc1cc(C)nc(C(=O)N2CCCC[C@@H]2C2CCN(C(=O)C3=Cc4ccccc4NC(=O)C3)CC2)c1[EOS],41382.669246673584,42
10.1,O=C(NC1CC=C(c2ccc(F)cc2)CC1)N1CCn2c(cc3cc(Cl)ccc32)C1,[BOS]O=C(N[C@@H]1CC=C(c2ccc(F)cc2)CC1)N1CCn2c(cc3cc(Cl)ccc32)C1[EOS],45345.5752928257,42
8.8,CC1CCCC1C(=O)NCC12CCCOC1CCN(C(=O)c1nn(-c3ccccc3)c3c1COC3)C2,[BOS]C[C@@H]1CCC[C@H]1C(=O)NC[C@@]12CCCO[C@@H]1CCN(C(=O)c1nn(-c3ccccc3)c3c1COC3)C2[EOS][EOS][EOS][EOS],49141.09085202217,42
9.7,O=C(NC(c1cccc2ccccc12)C(F)(F)F)C1=Cc2cc(F)ccc2OC1,[BOS]O=C(N[C@@H](c1cccc2ccccc12)C(F)(F)F)C1=Cc2cc(F)ccc2OC1[EOS],53083.24792289734,42
9.0,Cc1cnc(C(=O)N2CCC(C3CCCCN3C(=O)C3CC3c3ccccc3)CC2)cn1,[BOS]Cc1cnc(C(=O)N2CCC([C@H]3CCCCN3C(=O)[C@@H]3C[C@H]3c3ccccc3)CC2)cn1[EOS],57479.57414364815,42
9.3,O=C(NC1C2COCC1CN(C(=O)C1CCCc3c1[nH]c1ccc(Cl)cc31)C2)c1ccc(F)c(F)c1,[BOS]O=C(N[C@H]1[C@@H]2COC[C@H]1CN(C(=O)[C@@H]1CCCc3c1[nH]c1ccc(Cl)cc31)C2)c1ccc(F)c(F)c1[EOS],61311.71193695068,42
10.2,O=C(c1ccc(N2CCc3ccccc3C2)cc1)N1CCOC2(CCc3ccccc32)C1,[BOS]O=C(c1ccc(N2CCc3ccccc3C2)cc1)N1CCO[C@]2(CCc3ccccc32)C1[EOS],65202.6750831604,42
9.4,O=C(Nc1ccc(CCC(=O)N2CCCC2)cc1)C1CC12CCCc1ccccc12,[BOS]O=C(Nc1ccc(CCC(=O)N2CCCC2)cc1)[C@@H]1C[C@]12CCCc1ccccc12[EOS],69502.14841413498,42
8.9,Cc1ccc(NC(=O)N2CCC(c3ccccc3)C(C)C2)cc1-c1ncco1,[BOS]Cc1ccc(NC(=O)N2CC[C@@H](c3ccccc3)[C@@H](C)C2)cc1-c1ncco1[EOS],73296.82807064056,42
9.6,Cc1cccc(C2=NOC(C(=O)NCc3ccc(CN4CCc5ccccc54)cc3)C2)c1C,[BOS]Cc1cccc(C2=NO[C@@H](C(=O)NCc3ccc(CN4CCc5ccccc54)cc3)C2)c1C[EOS],77717.01896238327,42
8.8,CC1CCC(c2ccccc2)N(C(=O)c2cc(C3CC3)nc3c2c(=O)[nH]c(=O)n3C)C1,[BOS]C[C@H]1CC[C@H](c2ccccc2)N(C(=O)c2cc(C3CC3)nc3c2c(=O)[nH]c(=O)n3C)C1[EOS][EOS][EOS][EOS][EOS][EOS][EOS],81601.23538422585,42
9.7,CC1Cc2ccccc2N1S(=O)(=O)c1cccc(C(=O)NCc2ccc3c(c2)COC3)c1,[BOS]C[C@H]1Cc2ccccc2N1S(=O)(=O)c1cccc(C(=O)NCc2ccc3c(c2)COC3)c1[EOS][EOS][EOS][EOS][EOS][EOS][EOS][EOS],85996.60242390633,42
9.6,O=C1CCC(c2cccc(NC(=O)NCC3(c4cccc(C(F)(F)F)c4)CCOCC3)c2)N1,[BOS]O=C1CC[C@H](c2cccc(NC(=O)NCC3(c4cccc(C(F)(F)F)c4)CCOCC3)c2)N1[EOS],90307.50514888763,42
9.3,Cc1cc(F)c(F)c(C(=O)N2CCCCC2c2cc(NC(=O)c3cn(C)cc3C(F)(F)F)n[nH]2)c1,[BOS]Cc1cc(F)c(F)c(C(=O)N2CCCC[C@@H]2c2cc(NC(=O)c3cn(C)cc3C(F)(F)F)n[nH]2)c1[EOS][EOS][EOS][EOS][EOS][EOS][EOS][EOS],94775.96672177315,42
9.6,O=C(NCC1OCC2CCN(C(=O)C3C4Sc5ccccc5C43)CC21)c1ccc2[nH]ncc2c1,[BOS]O=C(NC[C@@H]1OC[C@@H]2CCN(C(=O)[C@@H]3[C@H]4Sc5ccccc5[C@@H]43)C[C@@H]21)c1ccc2[nH]ncc2c1[EOS][EOS][EOS][EOS][EOS][EOS][EOS],99711.10258674622,42
9.4,CC1c2cc(Cl)cc(Cl)c2CCN1C(=O)NCCc1ccn(-c2ccc(F)cc2)n1,[BOS]C[C@@H]1c2cc(Cl)cc(Cl)c2CCN1C(=O)NCCc1ccn(-c2ccc(F)cc2)n1[EOS],3692.661523580551,42
9.3,NC(=O)c1ccc(-c2noc(C3CC34CCCc3ccccc34)n2)cn1,[BOS]NC(=O)c1ccc(-c2noc([C@@H]3C[C@@]34CCCc3ccccc34)n2)cn1[EOS],7201.030558824539,42
8.9,O=C(c1sc(N2CCOCC2)nc1-c1ccccc1)N1CCCC(C2CCCCO2)C1,[BOS]O=C(c1sc(N2CCOCC2)nc1-c1ccccc1)N1CCC[C@H]([C@H]2CCCCO2)C1[EOS][EOS][EOS][EOS][EOS][EOS],11079.48730134964,42
9.2,O=C(c1ccn[nH]c1=O)N1CCC(OC2CCN(C(=O)c3c[nH]c4cc(Cl)ccc34)CC2)CC1,[BOS]O=C(c1ccn[nH]c1=O)N1CCC(OC2CCN(C(=O)c3c[nH]c4cc(Cl)ccc34)CC2)CC1[EOS][EOS][EOS][EOS][EOS][EOS],15532.776596784592,42
10.0,Cc1cnn(C2CCCc3ccccc32)c1NC(=O)C1CCN(C(=O)CCc2ccccc2)CC1,[BOS]Cc1cnn(C2CCCc3ccccc32)c1NC(=O)C1CCN(C(=O)CCc2ccccc2)CC1[EOS][EOS][EOS][EOS][EOS][EOS][EOS][EOS],19586.434216737747,42
9.5,Cc1ccc(C(=O)N2CCCCC2C2CCN(C(=O)CCN3Cc4ccccc4C3=O)CC2)cc1F,[BOS]Cc1ccc(C(=O)N2CCCC[C@@H]2C2CCN(C(=O)CCN3Cc4ccccc4C3=O)CC2)cc1F[EOS][EOS][EOS][EOS][EOS][EOS],24078.719509124756,42
9.2,O=C(NCc1ccc2c(c1)OCCCO2)N1Cc2ccccc2CC1c1ccccc1,[BOS]O=C(NCc1ccc2c(c1)OCCCO2)N1Cc2ccccc2C[C@@H]1c1ccccc1[EOS],28114.357617855072,42
9.7,CC(C(=O)Nc1cc(C2CCCCN2C(=O)C2CC2c2ccccc2)[nH]n1)n1ccccc1=O,[BOS]C[C@@H](C(=O)Nc1cc([C@@H]2CCCCN2C(=O)[C@@H]2C[C@H]2c2ccccc2)[nH]n1)n1ccccc1=O[EOS][EOS][EOS][EOS][EOS][EOS][EOS][EOS],32569.434248924255,42
8.9,COc1cccc(C2=CCN(C(=O)c3ccc(-c4ccc(F)cc4)cc3F)C2)c1,[BOS]COc1cccc(C2=CCN(C(=O)c3ccc(-c4ccc(F)cc4)cc3F)C2)c1[EOS],36326.68725299835,42
9.4,CC1CCCC1C(=O)N1CCCCC1c1cc(NC(=O)C2CC(c3ccccc3)=NO2)n[nH]1,[BOS]C[C@@H]1CCC[C@@H]1C(=O)N1CCCC[C@H]1c1cc(NC(=O)[C@@H]2CC(c3ccccc3)=NO2)n[nH]1[EOS],40526.16097545624,42
9.2,O=C(N1CCC2C1CCN2C(=O)C1(c2ccc(F)cc2)CC1)C1(c2ccccc2)CCCC1,[BOS]O=C(N1CC[C@H]2[C@@H]1CCN2C(=O)C1(c2ccccc2)CCCC1)C1(c2ccc(F)cc2)CC1[EOS][EOS][EOS][EOS][EOS][EOS],44497.71003842354,42
10.5,O=C(Cc1ccc(F)c(F)c1)N1CCOC2(CCN(C(=O)c3ccc(Cc4ccc(F)cc4)cc3)C2)C1,[BOS]O=C(Cc1ccc(F)c(F)c1)N1CCO[C@]2(CCN(C(=O)c3ccc(Cc4ccc(F)cc4)cc3)C2)C1[EOS],48881.734654188156,42
9.8,O=C(C1CC1c1ccc2ccccc2c1)N1CCC2C1C2C(F)(F)F,[BOS]O=C([C@@H]1C[C@@H]1c1ccc2ccccc2c1)N1CC[C@@H]2[C@H]1[C@H]2C(F)(F)F[EOS],52617.77792954445,42
9.5,O=C1CSc2cc(C(=O)N3CCC4C3CCN4C(=O)Cc3ccc4ccccc4c3)ccc2N1,[BOS]O=C1CSc2cc(C(=O)N3CC[C@H]4[C@@H]3CCN4C(=O)Cc3ccc4ccccc4c3)ccc2N1[EOS][EOS][EOS][EOS][EOS][EOS][EOS][EOS],57087.74560236931,42
9.1,O=C(NC1COc2c(F)cc(F)cc2C1)C(Cc1ccccc1)N1C(=O)c2ccccc2C1=O,[BOS]O=C(N[C@H]1COc2c(F)cc(F)cc2C1)[C@H](Cc1ccccc1)N1C(=O)c2ccccc2C1=O[EOS][EOS][EOS][EOS][EOS][EOS],60929.701279878616,42
10.9,O=C(Cc1cccc(F)c1)N1CCOC2(CCN(C(=O)c3ccc4c(Br)cccc4c3)C2)C1,[BOS]O=C(Cc1cccc(F)c1)N1CCO[C@]2(CCN(C(=O)c3ccc4c(Br)cccc4c3)C2)C1[EOS],65083.13699269295,42
9.2,Cc1cc(C)cc(C2=CCN(C(=O)NCc3ccc(C)c4ccccc34)CC2)c1,[BOS]Cc1cc(C)cc(C2=CCN(C(=O)NCc3ccc(C)c4ccccc34)CC2)c1[EOS],68832.10601520538,42
9.2,Cc1cc2c(cc1C)OC(C(=O)N1CCCC(c3nc4c(s3)CCCC4)C1)C2,[BOS]Cc1cc2c(cc1C)O[C@@H](C(=O)N1CCC[C@H](c3nc4c(s3)CCCC4)C1)C2[EOS],72527.40780258179,42
10.1,O=C(Nc1cccc(F)c1)C1CCc2ccccc2N1C(=O)C1CCN(C(=O)COc2ccccc2)CC1,[BOS]O=C(Nc1cccc(F)c1)[C@H]1CCc2ccccc2N1C(=O)C1CCN(C(=O)COc2ccccc2)CC1[EOS],76568.41215610504,42
9.5,CC1Oc2ccc(NC(=O)N3CCc4ccccc4C(c4ccccc4)C3C)cc2NC1=O,[BOS]C[C@H]1[C@@H](c2ccccc2)c2ccccc2CCN1C(=O)Nc1ccc2c(c1)NC(=O)[C@H](C)O2[EOS][EOS][EOS][EOS][EOS][EOS][EOS][EOS],80494.16043901443,42
10.0,O=C1NC2(Cc3ccccc3C2)C(=O)N1c1ccc2c(c1)Cc1ccccc1-2,[BOS]O=C1NC2(Cc3ccccc3C2)C(=O)N1c1ccc2c(c1)Cc1ccccc1-2[EOS],84155.7366206646,42
9.3,CC1CC(CCNC(=O)N2CC3CCCC3(c3nc(-c4ccccc4)no3)C2)CC(C)(C)C1,[BOS]C[C@@H]1C[C@H](CCNC(=O)N2C[C@H]3CCC[C@@]3(c3nc(-c4ccccc4)no3)C2)CC(C)(C)C1[EOS][EOS][EOS][EOS][EOS][EOS],88627.88537406921,42
9.8,CC(c1ccc(CC(=O)N2CC3COCC(C2)C3NC(=O)c2ccc3nonc3c2)cc1)C(F)(F)F,[BOS]C[C@@H](c1ccc(CC(=O)N2C[C@H]3COC[C@@H](C2)[C@H]3NC(=O)c2ccc3nonc3c2)cc1)C(F)(F)F[EOS],93340.90383839607,42
8.9,Cc1nc(C(=O)N2CCC3COC(CNC(=O)C4C5Sc6ccccc6C54)C3C2)ccc1F,[BOS]Cc1nc(C(=O)N2CC[C@H]3CO[C@@H](CNC(=O)[C@@H]4[C@H]5Sc6ccccc6[C@@H]54)[C@H]3C2)ccc1F[EOS][EOS][EOS][EOS][EOS][EOS][EOS][EOS],97828.74688434601,42
9.4,O=C(NC1CC(=O)N(C2CC2c2ccccc2)C1)c1ccc(Oc2ccc(F)cc2F)cc1,[BOS]O=C(N[C@@H]1CC(=O)N([C@@H]2C[C@H]2c2ccccc2)C1)c1ccc(Oc2ccc(F)cc2F)cc1[EOS][EOS][EOS][EOS][EOS][EOS][EOS][EOS],4178.101086616516,42
9.3,Cc1ccc2cccc(C(=O)NCc3ccc(S(=O)(=O)N4CCCCC4)cc3)c2n1,[BOS]Cc1ccc2cccc(C(=O)NCc3ccc(S(=O)(=O)N4CCCCC4)cc3)c2n1[EOS],8481.571303129196,42
9.0,O=C(OC1CCCN(Cc2cccc(C(F)(F)F)c2)C1=O)c1coc(-c2cccnc2)n1,[BOS]O=C(O[C@H]1CCCN(Cc2cccc(C(F)(F)F)c2)C1=O)c1coc(-c2cccnc2)n1[EOS][EOS][EOS][EOS][EOS][EOS][EOS][EOS],12658.924473285675,42
9.5,CC(=O)N1c2ccc(S(=O)(=O)Nc3cccn(Cc4ccc(C)cc4)c3=O)cc2CC1C,[BOS]CC(=O)N1c2ccc(S(=O)(=O)Nc3cccn(Cc4ccc(C)cc4)c3=O)cc2C[C@H]1C[EOS][EOS][EOS][EOS][EOS][EOS][EOS],16911.194478988647,42
9.5,O=S(=O)(c1ccc(N2CCCC3(CCCc4ccccc43)C2)nc1)N1CCOCC1,[BOS]O=S(=O)(c1ccc(N2CCC[C@]3(CCCc4ccccc43)C2)nc1)N1CCOCC1[EOS][EOS][EOS][EOS][EOS],21128.497538089752,42
9.1,CC1Cc2ccccc2N1C(=O)C1CCCCC1C(=O)N1CCC(N2CCCS2(=O)=O)CC1,[BOS]C[C@@H]1Cc2ccccc2N1C(=O)[C@@H]1CCCC[C@@H]1C(=O)N1CCC(N2CCCS2(=O)=O)CC1[EOS][EOS][EOS][EOS][EOS][EOS][EOS][EOS],25218.55840563774,42
9.7,Cc1c(F)cccc1C(=O)N1CCCCC1c1cc(NC(=O)C2CCN(c3ccccn3)CC2)n[nH]1,[BOS]Cc1c(F)cccc1C(=O)N1CCCC[C@H]1c1cc(NC(=O)C2CCN(c3ccccn3)CC2)n[nH]1[EOS][EOS][EOS][EOS][EOS],29581.01731109619,42
9.4,Cc1ccc(F)c(C(=O)N2CCOCC3(C2)CN(C(=O)c2[nH]nc4c2CCc2ncccc2-4)CCO3)c1,[BOS]Cc1ccc(F)c(C(=O)N2CCOC[C@]3(C2)CN(C(=O)c2[nH]nc4c2CCc2ncccc2-4)CCO3)c1[EOS][EOS][EOS][EOS][EOS][EOS][EOS],33792.45295572281,42
9.8,Cc1cccc2c1CCC2NC(=O)C(=O)Nc1cccc(C(=O)N2CCc3ccccc32)c1,[BOS]Cc1cccc2c1CC[C@H]2NC(=O)C(=O)Nc1cccc(C(=O)N2CCc3ccccc32)c1[EOS],37941.69198489189,42
9.3,CC1Cc2cc(C(=O)NCc3csc(NC(=O)C4CCc5cccc(O)c54)n3)ccc2O1,[BOS]C[C@@H]1Cc2cc(C(=O)NCc3csc(NC(=O)[C@H]4CCc5cccc(O)c54)n3)ccc2O1[EOS],42036.919450998306,42
9.0,Cc1ccnc2c(S(=O)(=O)N3CCC(C(=O)N(Cc4ccccc4)C4CC4)CC3)cccc12,[BOS]Cc1ccnc2c(S(=O)(=O)N3CCC(C(=O)N(Cc4ccccc4)C4CC4)CC3)cccc12[EOS],46489.39637756348,42
9.0,Cc1ccc(OC(C)(C)C(=O)N2CCC3(CN(C(=O)c4n[nH]c5cccc(F)c45)CCO3)C2)nc1,[BOS]Cc1ccc(OC(C)(C)C(=O)N2CC[C@@]3(CN(C(=O)c4n[nH]c5cccc(F)c45)CCO3)C2)nc1[EOS][EOS][EOS][EOS][EOS][EOS][EOS][EOS],51241.79669213295,42
9.0,CC(Nc1ccccc1)C(=O)N1CCC2(CN(C(=O)c3cc4cc(F)c(F)cc4[nH]3)CCO2)C1,[BOS]C[C@@H](Nc1ccccc1)C(=O)N1CC[C@]2(CN(C(=O)c3cc4cc(F)c(F)cc4[nH]3)CCO2)C1[EOS][EOS][EOS],55888.77301836014,42
9.8,O=C(c1ccc(F)nc1F)N1CCC(C2CCCCN2C(=O)C2ON=C(c3ccccc3)O2)CC1,[BOS]O=C(c1ccc(F)nc1F)N1CCC([C@@H]2CCCCN2C(=O)[C@@H]2ON=C(c3ccccc3)O2)CC1[EOS][EOS][EOS][EOS][EOS],59867.261546611786,42
9.8,CC(NC(=O)N1CC2CC(C1)c1cccc(=O)n1C2)c1ccc(F)c2ccccc12,[BOS]C[C@@H](NC(=O)N1C[C@@H]2C[C@H](C1)c1cccc(=O)n1C2)c1ccc(F)c2ccccc12[EOS],63772.31450462341,42
9.3,O=C(Nc1ccc2c(c1)OCCCO2)C(=O)N1CCc2ccccc2C1Cc1ccccc1,[BOS]O=C(Nc1ccc2c(c1)OCCCO2)C(=O)N1CCc2ccccc2[C@H]1Cc1ccccc1[EOS][EOS][EOS][EOS],67685.66830253601,42
9.5,CC(Nc1ccccc1)C(=O)N1CCC2(CN(C(=O)c3ccc4c(c3)CCCC4=O)CCO2)C1,[BOS]C[C@@H](Nc1ccccc1)C(=O)N1CC[C@]2(CN(C(=O)c3ccc4c(c3)CCCC4=O)CCO2)C1[EOS],72122.70057606697,42
8.9,O=C1CCC(c2cccc(NC(=O)NCc3ccc(OC4CCCCC4)nc3)c2)N1,[BOS]O=C(NCc1ccc(OC2CCCCC2)nc1)Nc1cccc([C@@H]2CCC(=O)N2)c1[EOS][EOS][EOS][EOS][EOS][EOS][EOS],76293.4130282402,42
9.2,CC(NC(=O)Nc1cccc(C(=O)N2CCCC2)c1)c1ccc2c(c1)CCC(=O)N2,[BOS]C[C@H](NC(=O)Nc1cccc(C(=O)N2CCCC2)c1)c1ccc2c(c1)CCC(=O)N2[EOS][EOS],80608.57109618187,42
10.7,O=C(Nc1nnc(C2CCCc3ccccc32)s1)C1CCCN(C(=O)Nc2ccccc2F)C1,[BOS]O=C(Nc1nnc([C@@H]2CCCc3ccccc32)s1)[C@@H]1CCCN(C(=O)Nc2ccccc2F)C1[EOS],84548.24222898483,42
9.5,CC(=O)Nc1ccc2cc(-c3nnc(C4CC4c4ccc(C)cc4)o3)ccc2c1,[BOS]CC(=O)Nc1ccc2cc(-c3nnc([C@H]4C[C@@H]4c4ccc(C)cc4)o3)ccc2c1[EOS],88365.98954629898,42
10.3,O=C(Cc1ccc2ccccc2c1)N1CCN(c2ccnc(-c3ccccc3)n2)CC1,[BOS]O=C(Cc1ccc2ccccc2c1)N1CCN(c2ccnc(-c3ccccc3)n2)CC1[EOS],92194.53853869438,42
9.0,COc1ccc2nc(C(=O)N3CCOCC4(C3)CN(C(=O)C3(C)CC3(F)F)CCO4)ccc2c1,[BOS]COc1ccc2nc(C(=O)N3CCOC[C@@]4(C3)CN(C(=O)[C@@]3(C)CC3(F)F)CCO4)ccc2c1[EOS][EOS][EOS],96304.25451564789,42
9.2,CC1CN(c2ccc(CNC(=O)c3cccc(CS(=O)(=O)c4ccccc4)c3)cn2)CC(C)O1,[BOS]C[C@@H]1CN(c2ccc(CNC(=O)c3cccc(CS(=O)(=O)c4ccccc4)c3)cn2)C[C@H](C)O1[EOS][EOS][EOS][EOS],100509.37832474709,42
9.7,CC1Cc2ccccc2N1S(=O)(=O)c1cccc(C(=O)N2CCC(c3nc(N)n(C)n3)CC2)c1,[BOS]C[C@@H]1Cc2ccccc2N1S(=O)(=O)c1cccc(C(=O)N2CCC(c3nc(N)n(C)n3)CC2)c1[EOS][EOS],4519.565716981888,42
9.7,O=C(NCc1ccc(N2CCCC2)nc1)N1CCn2c(cc3ccc(Cl)cc32)C1,[BOS]O=C(NCc1ccc(N2CCCC2)nc1)N1CCn2c(cc3ccc(Cl)cc32)C1[EOS],8553.04513335228,42
9.9,O=C(c1cc2cccnc2[nH]c1=O)N1CCCCC1C1CCN(C(=O)C2(F)CCCC=C2F)CC1,[BOS]O=C(c1cc2cccnc2[nH]c1=O)N1CCCC[C@H]1C1CCN(C(=O)[C@]2(F)CCCC=C2F)CC1[EOS][EOS][EOS][EOS][EOS][EOS],13531.391053915024,42
9.7,CC(NC(=O)NCC1CCCCC1c1ccccc1)c1ccc2c(c1)CCC(=O)N2,[BOS]C[C@H](NC(=O)NC[C@@H]1CCCC[C@@H]1c1ccccc1)c1ccc2c(c1)CCC(=O)N2[EOS],17992.59735608101,42
9.2,NC(=O)C1(Cc2ccccc2-c2ccccc2-c2ccccc2)CCN(C(=O)C2CCCO2)C1,[BOS]NC(=O)[C@]1(Cc2ccccc2-c2ccccc2-c2ccccc2)CCN(C(=O)[C@H]2CCCO2)C1[EOS][EOS][EOS][EOS][EOS][EOS][EOS],22121.01459646225,42
9.2,O=C(Cc1noc(C2CCC(c3ccccc3)C2)n1)Nc1cccc2cccnc12,[BOS]O=C(Cc1noc([C@H]2CC[C@@H](c3ccccc3)C2)n1)Nc1cccc2cccnc12[EOS],26319.86451125145,42
9.3,Cc1cn(-c2ccc(C#N)cn2)nc1NC(=O)C(=O)NCC1(c2ccc(F)cc2)CCCCC1,[BOS]Cc1cn(-c2ccc(C#N)cn2)nc1NC(=O)C(=O)NCC1(c2ccc(F)cc2)CCCCC1[EOS],30025.89871764183,42
9.8,O=C(NC1CCc2ccccc2NC1=O)NC1CCc2ccc(-c3ccccc3)cc21,[BOS]O=C(N[C@@H]1CCc2ccccc2NC1=O)N[C@@H]1CCc2ccc(-c3ccccc3)cc21[EOS],33930.30084896088,42
10.1,Cc1nc2ccncc2cc1C(=O)N1CCCCC1C1CCN(C(=O)C2Cc3ccccc3O2)CC1,[BOS]Cc1nc2ccncc2cc1C(=O)N1CCCC[C@H]1C1CCN(C(=O)[C@@H]2Cc3ccccc3O2)CC1[EOS],38531.76727056503,42
10.4,Cc1ccc(C(=O)N2CCCCC2C2CCN(C(=O)c3[nH]nc4c3CCc3ncccc3-4)CC2)c(F)c1,[BOS]Cc1ccc(C(=O)N2CCCC[C@H]2C2CCN(C(=O)c3[nH]nc4c3CCc3ncccc3-4)CC2)c(F)c1[EOS],42963.55598163605,42
9.4,Cc1ccc(C)c(C2=NOC(C(=O)Nc3ncn(Cc4ccccc4)n3)C2)c1,[BOS]Cc1ccc(C)c(C2=NO[C@@H](C(=O)Nc3ncn(Cc4ccccc4)n3)C2)c1[EOS],46887.30153822899,42
10.7,O=C(C1CCc2ccccc2C1)N1CCOC2(CCN(C(=O)C3Cc4ccccc4N3)C2)C1,[BOS]O=C([C@@H]1CCc2ccccc2C1)N1CCO[C@]2(CCN(C(=O)[C@@H]3Cc4ccccc4N3)C2)C1[EOS],51120.16560292244,42
9.3,O=C(NCc1nc2c(s1)CC(c1ccccc1)CC2)NC1CCCOc2cc(F)ccc21,[BOS]O=C(NCc1nc2c(s1)C[C@H](c1ccccc1)CC2)N[C@@H]1CCCOc2cc(F)ccc21[EOS][EOS][EOS][EOS],55340.451486587524,42
9.0,O=C(NCc1ccc(-c2cnco2)cc1)N1CCOC2(CCc3ccccc32)C1,[BOS]O=C(NCc1ccc(-c2cnco2)cc1)N1CCO[C@]2(CCc3ccccc32)C1[EOS][EOS][EOS][EOS][EOS][EOS][EOS][EOS],59595.73877930641,42
9.4,O=C(c1cc(=O)c(OCc2ccccc2)c[nH]1)N1CCC(C2CCCCN2C(=O)C2CCC=CO2)CC1,[BOS]O=C(c1cc(=O)c(OCc2ccccc2)c[nH]1)N1CCC([C@@H]2CCCCN2C(=O)[C@@H]2CCC=CO2)CC1[EOS][EOS],64059.08559370041,42
9.5,CC(C(=O)N1CCCCC1C1CCN(C(=O)C2COc3ccccc3O2)CC1)c1ccc(Cl)cc1,[BOS]C[C@H](C(=O)N1CCCC[C@@H]1C1CCN(C(=O)[C@@H]2COc3ccccc3O2)CC1)c1ccc(Cl)cc1[EOS][EOS][EOS][EOS][EOS][EOS],68834.54934000969,42
8.9,Cc1cnnn1-c1ccc(NC(=O)C(=O)N(C)C2CCCc3ccccc32)cc1,[BOS]Cc1cnnn1-c1ccc(NC(=O)C(=O)N(C)[C@@H]2CCCc3ccccc32)cc1[EOS][EOS][EOS][EOS][EOS][EOS][EOS],72738.73375320435,42
9.5,Cc1cc(=O)c(C(=O)NCC2Cc3ccccc3C2)nn1-c1cccc(C(F)(F)F)c1,[BOS]Cc1cc(=O)c(C(=O)NCC2Cc3ccccc3C2)nn1-c1cccc(C(F)(F)F)c1[EOS],77073.15567994118,42
9.6,Cc1ccc2cc(C(=O)N3C4CCC3CC(NC(=O)C3CCN(c5ccccn5)CC3)C4)cc(C)c2n1,[BOS]Cc1ccc2cc(C(=O)N3[C@@H]4CC[C@H]3C[C@@H](NC(=O)C3CCN(c5ccccn5)CC3)C4)cc(C)c2n1[EOS][EOS][EOS][EOS][EOS][EOS][EOS][EOS],81604.42123270035,42
9.4,O=C(NC1CCc2ccccc2NC1=O)C1CCCN(C(=O)c2cccc3ccccc23)C1,[BOS]O=C(N[C@H]1CCc2ccccc2NC1=O)[C@@H]1CCCN(C(=O)c2cccc3ccccc23)C1[EOS][EOS][EOS],85656.59544849396,42
9.3,CC(NC(=O)c1ccc2c(=O)n3c(nc2c1)CCC3)c1ccc(F)c2ccccc12,[BOS]C[C@@H](NC(=O)c1ccc2c(=O)n3c(nc2c1)CCC3)c1ccc(F)c2ccccc12[EOS][EOS][EOS],89776.83690714836,42
9.7,O=C(CNc1ccc(F)cc1)N1CCOC2(CCN(C(=O)c3cc4cc(C(F)(F)F)ccc4[nH]3)C2)C1,[BOS]O=C(CNc1ccc(F)cc1)N1CCO[C@@]2(CCN(C(=O)c3cc4cc(C(F)(F)F)ccc4[nH]3)C2)C1[EOS],94325.2250585556,42
9.2,Cc1cc(C)cc(C(=O)N2CCCC(C(=O)Nc3ccc(-c4nnc5n4CCCCCC5)cc3)C2)c1,[BOS]Cc1cc(C)cc(C(=O)N2CCC[C@@H](C(=O)Nc3ccc(-c4nnc5n4CCCCCC5)cc3)C2)c1[EOS][EOS],98441.02897119522,42
9.9,O=C(NCC1OCCc2ccccc21)N1CCC(c2nc(-c3ccccc3)no2)CC1,[BOS]O=C(NC[C@@H]1OCCc2ccccc21)N1CCC(c2nc(-c3ccccc3)no2)CC1[EOS],102269.88455557823,42
10.3,O=C(CCc1ncc(-c2ccc(F)cc2F)o1)N1C2CCC1CC(c1ccccc1)C2,[BOS]O=C(CCc1ncc(-c2ccc(F)cc2F)o1)N1[C@@H]2CC[C@H]1C[C@@H](c1ccccc1)C2[EOS],4783.998660087585,42
9.2,O=C1CC(C(=O)N2CCCCC2C2CCN(C(=O)c3[nH]nc4c3CCc3ncccc3-4)CC2)CCN1,[BOS]O=C1C[C@@H](C(=O)N2CCCC[C@H]2C2CCN(C(=O)c3[nH]nc4c3CCc3ncccc3-4)CC2)CCN1[EOS][EOS][EOS],9245.804540157318,42
8.9,COc1nc(NC(=O)C2CCCN(c3ncnc4ccccc34)C2)cc2ccccc12,[BOS]COc1nc(NC(=O)[C@@H]2CCCN(c3ncnc4ccccc34)C2)cc2ccccc12[EOS][EOS][EOS][EOS][EOS][EOS][EOS],13191.36929655075,42
9.1,O=C(Nc1ccc(Cl)c(-c2nnc3n2CCCCC3)c1)C1CC(c2cccc(F)c2)=NO1,[BOS]O=C(Nc1ccc(Cl)c(-c2nnc3n2CCCCC3)c1)[C@@H]1CC(c2cccc(F)c2)=NO1[EOS][EOS][EOS][EOS][EOS][EOS][EOS][EOS],16904.653637886047,42
9.2,O=C1N(CCc2cc(Cl)c3c(c2)OCCCO3)C(O)=NC12CCc1ccccc1C2,[BOS]O=C1N(CCc2cc(Cl)c3c(c2)OCCCO3)C(O)=N[C@]12CCc1ccccc1C2[EOS][EOS][EOS][EOS][EOS],21064.98720884323,42
9.8,O=C1CC(C(=O)N2CCCCC2C2CCN(C(=O)c3n[nH]c4cc(-c5ccccc5)ccc34)CC2)CN1,[BOS]O=C1C[C@H](C(=O)N2CCCC[C@@H]2C2CCN(C(=O)c3n[nH]c4cc(-c5ccccc5)ccc34)CC2)CN1[EOS],26022.749726057053,42
9.0,Cc1cccc(C2CCCN2C(=O)Nc2ccc(-n3ncn(C)c3=O)cc2)c1C,[BOS]Cc1cccc([C@@H]2CCCN2C(=O)Nc2ccc(-n3ncn(C)c3=O)cc2)c1C[EOS],30074.928008794785,42
10.2,Cc1cc2cc(C(=O)N3CCC4COC(CNC(=O)C5CCCC6CCCCC65)C4C3)ccc2[nH]1,[BOS]Cc1cc2cc(C(=O)N3CC[C@H]4CO[C@@H](CNC(=O)[C@@H]5CCC[C@@H]6CCCC[C@H]65)[C@H]4C3)ccc2[nH]1[EOS],34792.31903839111,42
9.6,CN1C(=O)CCc2cc(C(=O)NC3CC3c3cccc4ccccc34)ccc21,[BOS]CN1C(=O)CCc2cc(C(=O)N[C@@H]3C[C@H]3c3cccc4ccccc34)ccc21[EOS],38546.6111266613,42
9.5,O=C(NCc1ccc2c(n1)CCCC2)N1CCC(c2ccc(C(F)(F)F)cc2)C1,[BOS]O=C(NCc1ccc2c(n1)CCCC2)N1CC[C@H](c2ccc(C(F)(F)F)cc2)C1[EOS],42561.64084148407,42
10.0,CC1CN(c2ccc(NC(=O)N3CCC(C)(c4cccc(F)c4)C3)cn2)CC(C)O1,[BOS]C[C@@H]1CN(c2ccc(NC(=O)N3CC[C@@](C)(c4cccc(F)c4)C3)cn2)C[C@H](C)O1[EOS],46097.82987785339,42
9.0,NC(=O)C1(c2ccccc2)CCN(S(=O)(=O)c2cccc(-c3ccccc3)c2)CC1,[BOS]NC(=O)C1(c2ccccc2)CCN(S(=O)(=O)c2cccc(-c3ccccc3)c2)CC1[EOS],50065.817663669586,42
9.0,O=C(C1CC(=O)N(c2ccc3c(c2)OCCO3)C1)N1CCC(O)(c2ccccc2)CC1,[BOS]O=C([C@@H]1CC(=O)N(c2ccc3c(c2)OCCO3)C1)N1CCC(O)(c2ccccc2)CC1[EOS][EOS][EOS][EOS][EOS][EOS][EOS][EOS],54079.57076263428,42
9.3,CC1CCCC(OCc2cccc(NC(=O)C(=O)N3CCN(C(=O)c4ccc(F)cc4F)CC3)c2)C1,[BOS]C[C@@H]1CCC[C@H](OCc2cccc(NC(=O)C(=O)N3CCN(C(=O)c4ccc(F)cc4F)CC3)c2)C1[EOS][EOS],58327.873937129974,42
10.4,Cc1cccc(C)c1C(=O)N1CCCCC1c1cc(NC(=O)C2CC(=O)N(c3c(C)cccc3C)C2)n[nH]1,[BOS]Cc1cccc(C)c1C(=O)N1CCCC[C@H]1c1cc(NC(=O)[C@@H]2CC(=O)N(c3c(C)cccc3C)C2)n[nH]1[EOS][EOS][EOS][EOS][EOS][EOS],62737.786675453186,42
9.3,CC(=O)N1CCCCCC1C1CCN(C(=O)Nc2nn(-c3ccc(Cl)cc3)c3c2CCC3)CC1,[BOS]CC(=O)N1CCCCC[C@H]1C1CCN(C(=O)Nc2nn(-c3ccc(Cl)cc3)c3c2CCC3)CC1[EOS][EOS][EOS][EOS][EOS][EOS],66692.01477360725,42
10.6,O=C(C1Cc2ccccc2C1)N1CCOCC2(C1)CN(C(=O)C1CCCC3CCCCC31)CCO2,[BOS]O=C(C1Cc2ccccc2C1)N1CCOC[C@]2(C1)CN(C(=O)[C@@H]1CCC[C@@H]3CCCC[C@H]31)CCO2[EOS],70906.49812555313,42
9.1,Cc1cccc(N2CC(C(=O)N3CCCC(c4cc5ccccc5[nH]4)C3)CC2=O)c1C,[BOS]Cc1cccc(N2C[C@@H](C(=O)N3CCC[C@@H](c4cc5ccccc5[nH]4)C3)CC2=O)c1C[EOS],75078.65149617195,42
9.4,O=C(Cc1ccc(F)cc1)N1CCOC2(COCCN(C(=O)C3CCc4ccccc4O3)C2)C1,[BOS]O=C(Cc1ccc(F)cc1)N1CCO[C@@]2(COCCN(C(=O)[C@H]3CCc4ccccc4O3)C2)C1[EOS][EOS][EOS][EOS][EOS][EOS][EOS],79413.31484866142,42
10.3,Cc1ccc2nc(C(=O)N3CCCC4(CCN(C(=O)c5ccc6c(n5)NC(=O)CC6)CC4)C3)sc2c1,[BOS]Cc1ccc2nc(C(=O)N3CCCC4(CCN(C(=O)c5ccc6c(n5)NC(=O)CC6)CC4)C3)sc2c1[EOS][EOS][EOS][EOS][EOS][EOS],83402.62182283401,42
9.6,O=C(NC1CC(=O)N(c2cccc(C(F)(F)F)c2)C1)c1cncc(-c2ccc3c(c2)CCO3)c1,[BOS]O=C(N[C@H]1CC(=O)N(c2cccc(C(F)(F)F)c2)C1)c1cncc(-c2ccc3c(c2)CCO3)c1[EOS][EOS][EOS][EOS][EOS][EOS][EOS][EOS],87782.58322405815,42
8.6,CN(C(=O)C1CC1c1ccccc1F)c1nc2ccc(Cl)cc2s1,[BOS]CN(C(=O)[C@@H]1C[C@H]1c1ccccc1F)c1nc2ccc(Cl)cc2s1[EOS],91679.94933462143,42
9.7,Cc1cccc(Cl)c1C(=O)N1CCC2(CN(C(=O)c3ccc4n[nH]c(C(F)(F)F)c4c3)CCO2)C1,[BOS]Cc1cccc(Cl)c1C(=O)N1CC[C@@]2(CN(C(=O)c3ccc4n[nH]c(C(F)(F)F)c4c3)CCO2)C1[EOS][EOS][EOS][EOS][EOS][EOS][EOS][EOS],95745.59459400177,42
9.5,CC1c2ccccc2OCCN1C(=O)C1CCCCC1C(=O)N1c2ccccc2CC1C,[BOS]C[C@@H]1c2ccccc2OCCN1C(=O)[C@@H]1CCCC[C@@H]1C(=O)N1c2ccccc2C[C@@H]1C[EOS],99463.11163973808,42
10.5,CC(=O)N1CCC2(c3ccccc3)CCN(c3ccc(-c4ccc5c(c4)OCCCO5)nn3)CC12,[BOS]CC(=O)N1CC[C@@]2(c3ccccc3)CCN(c3ccc(-c4ccc5c(c4)OCCCO5)nn3)C[C@@H]12[EOS],3855.236762046814,42
9.9,O=C(NC1COc2ccccc2C1)c1ccc(C(=O)NC2CCc3cc(F)ccc32)cc1,[BOS]O=C(N[C@@H]1CCc2cc(F)ccc21)c1ccc(C(=O)N[C@@H]2COc3ccccc3C2)cc1[EOS],7909.786756277084,42
9.5,O=C(NCC1OCCc2ccccc21)C(=O)Nc1nc2c(s1)CC(c1ccccc1)CC2,[BOS]O=C(NC[C@H]1OCCc2ccccc21)C(=O)Nc1nc2c(s1)C[C@H](c1ccccc1)CC2[EOS],12001.031277656555,42
9.5,O=C1CC2(CCN(C(=O)Nc3cccc(C(=O)N4CCCCC4)c3)C2)Oc2ccccc21,[BOS]O=C1C[C@]2(CCN(C(=O)Nc3cccc(C(=O)N4CCCCC4)c3)C2)Oc2ccccc21[EOS][EOS][EOS][EOS][EOS][EOS][EOS][EOS],15942.892457008362,42
10.5,CC1CCCN(S(=O)(=O)c2ccc(C(=O)N3Cc4ccccc4-c4ccccc4C3)cc2)C1,[BOS]C[C@H]1CCCN(S(=O)(=O)c2ccc(C(=O)N3Cc4ccccc4-c4ccccc4C3)cc2)C1[EOS],20312.52174305916,42
9.2,O=C1CC(C(=O)N2CCCC(c3nc(-c4cccc(F)c4)no3)C2)c2ccccc2N1,[BOS]O=C1C[C@H](C(=O)N2CCC[C@@H](c3nc(-c4cccc(F)c4)no3)C2)c2ccccc2N1[EOS],24611.04028916359,42
8.6,CNc1ccc(C(=O)N2CCOC3(COCCN(C(=O)Cc4c(F)ccc(F)c4F)C3)C2)cc1,[BOS]CNc1ccc(C(=O)N2CCO[C@]3(COCCN(C(=O)Cc4c(F)ccc(F)c4F)C3)C2)cc1[EOS][EOS][EOS][EOS][EOS],28664.120247602463,42
10.0,O=C(NCC1OCC2CCN(C(=O)C3CC3c3ccccc3)CC21)c1cc(=O)c2ccccc2o1,[BOS]O=C(NC[C@@H]1OC[C@@H]2CCN(C(=O)[C@@H]3C[C@@H]3c3ccccc3)C[C@@H]21)c1cc(=O)c2ccccc2o1[EOS],34001.02590274811,42
9.4,O=C(NCC1CCc2ccccc2C1)NC1CCOC(c2ccc(F)cc2)C1,[BOS]O=C(NC[C@@H]1CCc2ccccc2C1)N[C@H]1CCO[C@H](c2ccc(F)cc2)C1[EOS],38182.42485952377,42
10.2,O=C(CC1CCc2ccccc2C1)N1CCN(S(=O)(=O)c2ccc(C3CCCCC3)cc2)CC1,[BOS]O=C(C[C@@H]1CCc2ccccc2C1)N1CCN(S(=O)(=O)c2ccc(C3CCCCC3)cc2)CC1[EOS],42418.511689424515,42
10.1,CCC1Oc2cc(C(C)NC(=O)N3CCCC(c4cccc(C(F)(F)F)c4)C3)ccc2NC1=O,[BOS]CC[C@@H]1Oc2cc([C@@H](C)NC(=O)N3CCC[C@H](c4cccc(C(F)(F)F)c4)C3)ccc2NC1=O[EOS],46836.998821020126,42
9.7,O=C(c1cc(Br)c2ccccc2c1)N1CCC2(CCCN(C(=O)c3ccnnc3)C2)CC1,[BOS]O=C(c1ccnnc1)N1CCCC2(CCN(C(=O)c3cc(Br)c4ccccc4c3)CC2)C1[EOS],50668.42426943779,42
10.2,O=C(NCC1CCCCC1c1ccccc1)C(=O)Nc1ccn(Cc2ccccn2)n1,[BOS]O=C(NC[C@H]1CCCC[C@@H]1c1ccccc1)C(=O)Nc1ccn(Cc2ccccn2)n1[EOS],55191.41026687622,42
9.3,CC(NC(=O)N1CCC(F)(c2cccc(C(F)(F)F)c2)C1)c1ccc(N2CCNC2=O)cc1,[BOS]C[C@H](NC(=O)N1CC[C@@](F)(c2cccc(C(F)(F)F)c2)C1)c1ccc(N2CCNC2=O)cc1[EOS][EOS][EOS][EOS],59285.87320137024,42
9.5,Cc1ccnc(C(=O)N2CCCCC2c2cc(NC(=O)C3(c4ccc(C(F)(F)F)cc4)CC3)n[nH]2)c1,[BOS]Cc1ccnc(C(=O)N2CCCC[C@H]2c2cc(NC(=O)C3(c4ccc(C(F)(F)F)cc4)CC3)n[nH]2)c1[EOS][EOS][EOS][EOS][EOS][EOS][EOS],63584.484400987625,42
9.3,O=C(NCC(=O)N1Cc2ccccc2C1)c1nn(-c2ccc(F)cc2)c2c1CCCCC2,[BOS]O=C(NCC(=O)N1Cc2ccccc2C1)c1nn(-c2ccc(F)cc2)c2c1CCCCC2[EOS],67741.84945201874,42
9.8,CC1Oc2ccc(C(=O)N3CCC(C4CCCCN4C(=O)c4cc5cccnn5c4)CC3)cc2NC1=O,[BOS]C[C@H]1Oc2ccc(C(=O)N3CCC([C@H]4CCCCN4C(=O)c4cc5cccnn5c4)CC3)cc2NC1=O[EOS][EOS][EOS],72571.66912150383,42
10.9,O=C1CCCc2cc(NC(=O)C(=O)N3CCCC4(CCCc5ccccc54)C3)ccc2N1,[BOS]O=C1CCCc2cc(NC(=O)C(=O)N3CCC[C@]4(CCCc5ccccc54)C3)ccc2N1[EOS],76270.17327404022,42
10.5,O=C(c1n[nH]c2ccc(F)cc12)N1CCC2(CCCN(C(=O)C3(c4cccc(F)c4)CC3)C2)CC1,[BOS]O=C(c1n[nH]c2ccc(F)cc12)N1CCC2(CCCN(C(=O)C3(c4cccc(F)c4)CC3)C2)CC1[EOS],80717.55931997299,42
9.0,O=C(NC1CC2CCC(C1)N2C(=O)c1ccccc1CSc1ccccc1)C1CCC2CCC(=O)N2C1,[BOS]O=C(N[C@H]1C[C@H]2CC[C@@H](C1)N2C(=O)c1ccccc1CSc1ccccc1)[C@H]1CC[C@@H]2CCC(=O)N2C1[EOS][EOS][EOS],84714.65915584564,42
9.2,O=C(Nc1cccc(N2C(=O)CCCC2=O)c1)N1CCc2c(cccc2C(F)(F)F)C1,[BOS]O=C(Nc1cccc(N2C(=O)CCCC2=O)c1)N1CCc2c(cccc2C(F)(F)F)C1[EOS],88806.63755393028,42
9.0,Cc1ccccc1CCc1cc(NC(=O)c2cccc(N3CCCC3=O)c2)n[nH]1,[BOS]Cc1ccccc1CCc1cc(NC(=O)c2cccc(N3CCCC3=O)c2)n[nH]1[EOS][EOS],92623.81914186478,42
10.5,O=C(c1ccc(S(=O)(=O)N2Cc3ccccc3C2)cc1)N1Cc2ccccc2C2(CC2)C1,[BOS]O=C(c1ccc(S(=O)(=O)N2Cc3ccccc3C2)cc1)N1Cc2ccccc2C2(CC2)C1[EOS],96999.82776904106,42
9.6,CN1CCc2ccc(NC(=O)NCc3ccc(N4CCc5ccccc5C4)nc3)cc2C1=O,[BOS]CN1CCc2ccc(NC(=O)NCc3ccc(N4CCc5ccccc5C4)nc3)cc2C1=O[EOS],101185.13333272934,42
9.4,O=C(Cc1ccc2c(c1)OCCO2)N1CC=C(c2cccc3ccccc23)CC1,[BOS]O=C(Cc1ccc2c(c1)OCCO2)N1CC=C(c2cccc3ccccc23)CC1[EOS],4093.8823182582855,42
9.7,CC(NC(=O)N1CCC(n2cnc3ccccc3c2=O)CC1)c1noc(-c2ccccc2)n1,[BOS]C[C@@H](NC(=O)N1CCC(n2cnc3ccccc3c2=O)CC1)c1noc(-c2ccccc2)n1[EOS],8057.564449310303,42
9.6,O=C(Cc1ccc2ccccc2c1)Nc1ccc(=O)n(Cc2cccc(Cl)c2)c1,[BOS]O=C(Cc1ccc2ccccc2c1)Nc1ccc(=O)n(Cc2cccc(Cl)c2)c1[EOS],12103.91451716423,42
9.3,O=C(CC1CCc2cc(F)ccc2C1)N1CCC2C1CC(=O)N2Cc1cccnc1,[BOS]O=C1C[C@@H]2[C@H](CCN2C(=O)C[C@H]2CCc3cc(F)ccc3C2)N1Cc1cccnc1[EOS],16165.652883052826,42
9.5,O=C(Nc1cnc2c(c1)COCC2)c1cc(C(F)(F)F)nc2c(C(F)(F)F)cccc12,[BOS]O=C(Nc1cnc2c(c1)COCC2)c1cc(C(F)(F)F)nc2c(C(F)(F)F)cccc12[EOS],19892.53055691719,42
9.1,O=C(NC1CCc2nnnn2CC1)C1(c2cccc(C(F)(F)F)c2)CCCCC1,[BOS]O=C(N[C@@H]1CCc2nnnn2CC1)C1(c2cccc(C(F)(F)F)c2)CCCCC1[EOS][EOS][EOS][EOS][EOS][EOS][EOS],23578.7358853817,42
9.6,O=C(Nc1ncn(C2CCCCC2)n1)C(=O)N1Cc2ccccc2-c2ccccc2C1,[BOS]O=C(Nc1ncn(C2CCCCC2)n1)C(=O)N1Cc2ccccc2-c2ccccc2C1[EOS],27542.39016008377,42
9.1,N#Cc1ccc(N2CCOC3(CCc4ccccc43)C2)nc1N1CCOC(c2ccccc2F)C1,[BOS]N#Cc1ccc(N2CCO[C@@]3(CCc4ccccc43)C2)nc1N1CCO[C@@H](c2ccccc2F)C1[EOS],31887.807368278503,42
9.2,O=C1CC(C(=O)N2CCC3(CN(C(=O)c4cccc(Cc5ccc(F)cc5)c4)CCO3)C2)CCN1,[BOS]O=C1C[C@@H](C(=O)N2CC[C@]3(CN(C(=O)c4cccc(Cc5ccc(F)cc5)c4)CCO3)C2)CCN1[EOS],36160.2959625721,42
9.8,CC1CN(S(=O)(=O)C2c3ccccc3-c3ccccc32)CCC12CCC(C(=O)Nc1cccnc1)O2,[BOS]C[C@@H]1CN(S(=O)(=O)C2c3ccccc3-c3ccccc32)CC[C@]12CC[C@H](C(=O)Nc1cccnc1)O2[EOS],40263.681461811066,42
10.4,O=C(C1CC12CCCc1ccccc12)N1CCN(S(=O)(=O)c2ccc3[nH]c(=O)[nH]c3c2)CC1,[BOS]O=C([C@H]1C[C@]12CCCc1ccccc12)N1CCN(S(=O)(=O)c2ccc3[nH]c(=O)[nH]c3c2)CC1[EOS],44230.52961349487,42
9.5,Cc1ccc2[nH]cc(CC(=O)N3CCC(C4CCCCN4C(=O)C4ON=C(c5ccccc5)O4)CC3)c2c1,[BOS]Cc1ccc2[nH]cc(CC(=O)N3CCC([C@@H]4CCCCN4C(=O)[C@@H]4ON=C(c5ccccc5)O4)CC3)c2c1[EOS][EOS][EOS][EOS][EOS][EOS][EOS][EOS],48844.88899111748,42
9.6,N#Cc1ccc2[nH]nc(C(=O)N3CCCCC3C3CCN(C(=O)C4CCc5ccccc54)CC3)c2c1,[BOS]N#Cc1ccc2[nH]nc(C(=O)N3CCCC[C@H]3C3CCN(C(=O)[C@@H]4CCc5ccccc54)CC3)c2c1[EOS][EOS][EOS][EOS],53571.963287353516,42
10.5,CC1(C)Cc2cccc(C(=O)N3CCCCC3c3cc(NC(=O)C4ON=C(c5ccccc5)O4)n[nH]3)c2O1,[BOS]CC1(C)Cc2cccc(C(=O)N3CCCC[C@H]3c3cc(NC(=O)[C@H]4ON=C(c5ccccc5)O4)n[nH]3)c2O1[EOS],58288.455560445786,42
9.2,O=C(c1ccc2ncoc2c1)N1CCC2C1CCN2C(=O)C1(c2ccc(F)c(F)c2)CC1,[BOS]O=C(c1ccc2ncoc2c1)N1CC[C@H]2[C@@H]1CCN2C(=O)C1(c2ccc(F)c(F)c2)CC1[EOS],62430.01660990715,42
9.6,CC1CC(=O)NN=C1c1ccc(NC(=O)Cc2ccc3c(c2)C(=O)c2ccccc2CO3)cc1,[BOS]C[C@H]1CC(=O)NN=C1c1ccc(NC(=O)Cc2ccc3c(c2)C(=O)c2ccccc2CO3)cc1[EOS],66476.62002539635,42
9.2,CC1CC(C)CN(S(=O)(=O)c2ccc(C(=O)NCC3(O)CCc4ccccc43)cc2)C1,[BOS]C[C@@H]1C[C@@H](C)CN(S(=O)(=O)c2ccc(C(=O)NC[C@]3(O)CCc4ccccc43)cc2)C1[EOS][EOS][EOS][EOS][EOS][EOS][EOS],70661.97312355042,42
8.8,Cc1cc(C(=O)N2CCC3(C2)CN(C(=O)C2CC2c2ccccc2)CCO3)ccc1O,[BOS]Cc1cc(C(=O)N2CC[C@]3(C2)CN(C(=O)[C@H]2C[C@H]2c2ccccc2)CCO3)ccc1O[EOS][EOS],74380.61673045158,42
9.4,O=C1CC2(CCN(C(=O)Nc3ccnc(Oc4ccccc4Cl)c3)C2)Oc2ccccc21,[BOS]O=C1C[C@]2(CCN(C(=O)Nc3ccnc(Oc4ccccc4Cl)c3)C2)Oc2ccccc21[EOS],77932.82425832748,42
9.3,O=C(Nc1ccc2c(c1)OC1(CCCC1)O2)C1CCCN(C(=O)c2cccc3ccccc23)C1,[BOS]O=C(Nc1ccc2c(c1)OC1(CCCC1)O2)[C@H]1CCCN(C(=O)c2cccc3ccccc23)C1[EOS][EOS][EOS][EOS][EOS],82311.64844822884,42
9.1,Cc1nc(CNC(=O)NC2(c3cccc(C(F)(F)F)c3)CC2)nc2ccccc12,[BOS]Cc1nc(CNC(=O)NC2(c3cccc(C(F)(F)F)c3)CC2)nc2ccccc12[EOS][EOS][EOS][EOS][EOS],86557.34730362892,42
9.7,CC1CN(C(=O)c2ccc(CNC(=O)N3CCC(C(=O)c4cc(F)ccc4F)CC3)cc2)CC(C)O1,[BOS]C[C@@H]1CN(C(=O)c2ccc(CNC(=O)N3CCC(C(=O)c4cc(F)ccc4F)CC3)cc2)C[C@H](C)O1[EOS],91126.31653761864,42
9.8,CCc1cc(C(=O)Nc2cc(C3CCCCN3C(=O)C(C)Cc3ccccc3)[nH]n2)cc(C)n1,[BOS]CCc1cc(C(=O)Nc2cc([C@@H]3CCCCN3C(=O)[C@@H](C)Cc3ccccc3)[nH]n2)cc(C)n1[EOS],95498.09929299355,42
9.4,Cc1cc(C(=O)N2CCCCC2c2cc(NC(=O)Cc3ccc4c(c3)CCCO4)n[nH]2)ccc1F,[BOS]Cc1cc(C(=O)N2CCCC[C@@H]2c2cc(NC(=O)Cc3ccc4c(c3)CCCO4)n[nH]2)ccc1F[EOS][EOS][EOS][EOS][EOS][EOS],99625.5253379345,42
10.0,O=C(c1cccc(-c2ccccc2)n1)N1CCOC2(COCCN(C(=O)C3CC3c3ccccc3)C2)C1,[BOS]O=C(c1cccc(-c2ccccc2)n1)N1CCO[C@]2(COCCN(C(=O)[C@@H]3C[C@@H]3c3ccccc3)C2)C1[EOS],4159.770275592804,42
9.4,O=C(c1ccc2cccnc2n1)N1CCOCC2(C1)CN(C(=O)C1CCC3CCC(=O)N3C1)CCO2,[BOS]O=C(c1ccc2cccnc2n1)N1CCOC[C@]2(C1)CN(C(=O)[C@@H]1CC[C@H]3CCC(=O)N3C1)CCO2[EOS],8348.81312084198,42
10.5,CC1(c2ccc3ccccc3c2)NC(=O)N(CC(=O)N2CCN(C(=O)N3CCCCC3)CC2)C1=O,[BOS]C[C@]1(c2ccc3ccccc3c2)NC(=O)N(CC(=O)N2CCN(C(=O)N3CCCCC3)CC2)C1=O[EOS],13385.882610559464,42
9.3,Cc1cc(C2CN(C(=O)NCc3ccc(-n4ccnc4C)c(F)c3)CCO2)ccc1F,[BOS]Cc1cc([C@@H]2CN(C(=O)NCc3ccc(-n4ccnc4C)c(F)c3)CCO2)ccc1F[EOS],17438.221989393234,42
9.6,Cc1cccc(Cl)c1C(=O)N1CCC2(CN(C(=O)C3=NOC(c4ccccc4)C3)CCO2)C1,[BOS]Cc1cccc(Cl)c1C(=O)N1CC[C@@]2(CN(C(=O)C3=NO[C@H](c4ccccc4)C3)CCO2)C1[EOS],21473.936932325363,42
9.8,O=C(CNC(=O)N1CCc2ccccc2C1)N1CCN(C(=O)c2cccc3ccccc23)CC1,[BOS]O=C(CNC(=O)N1CCc2ccccc2C1)N1CCN(C(=O)c2cccc3ccccc23)CC1[EOS],25767.36708712578,42
10.3,O=C(NCc1ccc(C(=O)N2CC3CCCN3c3ccccc32)cc1)C1CCCC1,[BOS]O=C(NCc1ccc(C(=O)N2C[C@@H]3CCCN3c3ccccc32)cc1)C1CCCC1[EOS],29710.062416791916,42
9.8,O=C(NCC12CCCOC1CCN(C(=O)C1CCc3ccccc3C1O)C2)c1cccc2ccccc12,[BOS]O=C(NC[C@@]12CCCO[C@@H]1CCN(C(=O)[C@H]1CCc3ccccc3[C@H]1O)C2)c1cccc2ccccc12[EOS][EOS][EOS][EOS][EOS][EOS],34966.7523856163,42
9.6,CC1CCc2ccccc2N1S(=O)(=O)NC(=O)c1cc(-c2ccc3c(c2)CCO3)no1,[BOS]C[C@H]1CCc2ccccc2N1S(=O)(=O)NC(=O)c1cc(-c2ccc3c(c2)CCO3)no1[EOS],39184.069768190384,42
9.5,O=C(NCc1ccc(N2CCCC2=O)cc1)N1CCOC2(CCc3ccccc32)C1,[BOS]O=C(NCc1ccc(N2CCCC2=O)cc1)N1CCO[C@@]2(CCc3ccccc32)C1[EOS][EOS][EOS][EOS][EOS][EOS][EOS],43463.47430872917,42
9.1,N#Cc1cccc(C2CN(C(=O)NCc3ccc(C(=O)OCc4ccccc4)cc3)CCO2)c1,[BOS]N#Cc1cccc([C@@H]2CN(C(=O)NCc3ccc(C(=O)OCc4ccccc4)cc3)CCO2)c1[EOS][EOS][EOS][EOS][EOS][EOS][EOS][EOS],47543.02994275093,42
8.9,CC(=O)Nc1cc(NS(=O)(=O)c2ccc3c(c2)Cc2ccccc2-3)ccc1C,[BOS]CC(=O)Nc1cc(NS(=O)(=O)c2ccc3c(c2)Cc2ccccc2-3)ccc1C[EOS],51606.120510816574,42
9.8,Cc1cc(F)c(F)c(C(=O)N2CCCCC2c2cc(NC(=O)c3noc4c3CCCC4)n[nH]2)c1,[BOS]Cc1cc(F)c(F)c(C(=O)N2CCCC[C@H]2c2cc(NC(=O)c3noc4c3CCCC4)n[nH]2)c1[EOS],56131.6628909111,42
10.6,CC1(C)Cc2cccc(C(=O)N3CCCCC3c3cc(NC(=O)C4ON=C(c5ccccc5)O4)n[nH]3)c2O1,[BOS]CC1(C)Cc2cccc(C(=O)N3CCCC[C@H]3c3cc(NC(=O)[C@@H]4ON=C(c5ccccc5)O4)n[nH]3)c2O1[EOS],61016.47277665138,42
8.8,CC1CCN(C(=O)CN2CCC(C(F)(F)F)c3ccccc32)c2ccccc2S1(=O)=O,[BOS]C[C@@H]1CCN(C(=O)CN2CC[C@H](C(F)(F)F)c3ccccc32)c2ccccc2S1(=O)=O[EOS],65110.68456339836,42
10.0,Cc1c(C(=O)N2CCCCC2c2cc(NC(=O)C3CCN(c4ccccn4)CC3)n[nH]2)ccc(F)c1F,[BOS]Cc1c(C(=O)N2CCCC[C@H]2c2cc(NC(=O)C3CCN(c4ccccn4)CC3)n[nH]2)ccc(F)c1F[EOS],69535.29665279388,42
9.1,O=C(NCc1ccc(OC2CCCCC2)nc1)C1CC12CCCc1ccccc12,[BOS]O=C(NCc1ccc(OC2CCCCC2)nc1)[C@H]1C[C@]12CCCc1ccccc12[EOS],73856.45448541641,42
9.3,CCC1c2ccccc2CCN1C(=O)NCc1ccc(-c2ccc3c(c2)CC(C)O3)cc1,[BOS]CC[C@@H]1c2ccccc2CCN1C(=O)NCc1ccc(-c2ccc3c(c2)C[C@H](C)O3)cc1[EOS],77617.51076340675,42
9.5,CCN1C(=O)C2(CCOCC2)c2cc(NC(=O)CCc3nc(-c4cccc(C)c4)no3)ccc21,[BOS]CCN1C(=O)C2(CCOCC2)c2cc(NC(=O)CCc3nc(-c4cccc(C)c4)no3)ccc21[EOS],81944.4952557087,42
10.2,CC(=O)N1CCCc2cc(NC(=O)C(=O)N3CCCC(C(=O)Nc4ccc(C)cn4)C3)ccc21,[BOS]CC(=O)N1CCCc2cc(NC(=O)C(=O)N3CCC[C@H](C(=O)Nc4ccc(C)cn4)C3)ccc21[EOS],86328.85294389725,42
9.9,O=C(C(O)c1ccccc1)N1CCOCC2(C1)CN(C(=O)C1CCCC3CCCCC31)CCO2,[BOS]O=C([C@@H](O)c1ccccc1)N1CCOC[C@]2(C1)CN(C(=O)[C@@H]1CCC[C@@H]3CCCC[C@H]31)CCO2[EOS],90508.02059864998,42
9.6,O=C1Nc2ccccc2C1C1CCN(C(=O)NC2CC2c2cccc3ccccc23)CC1,[BOS]O=C1Nc2ccccc2[C@@H]1C1CCN(C(=O)N[C@@H]2C[C@H]2c2cccc3ccccc23)CC1[EOS],94576.57493019104,42
9.0,CC(NC(=O)N1CCCC(c2nc3ccccc3o2)C1)c1ccc2c(c1)CCC(=O)N2,[BOS]C[C@@H](NC(=O)N1CCC[C@H](c2nc3ccccc3o2)C1)c1ccc2c(c1)CCC(=O)N2[EOS][EOS],98689.81419086456,42
9.4,O=C(c1ccc(Cc2cccc(F)c2)cc1)N1CCC2(C1)CN(C(=O)C1CC1c1ccccc1)CCO2,[BOS]O=C(c1ccc(Cc2cccc(F)c2)cc1)N1CC[C@]2(C1)CN(C(=O)[C@@H]1C[C@H]1c1ccccc1)CCO2[EOS][EOS][EOS][EOS][EOS][EOS][EOS][EOS],102619.82369565964,42
10.1,O=C1CCC(c2cccc(NC(=O)NC3CC3c3cccc4ccccc34)c2)N1,[BOS]O=C1CC[C@H](c2cccc(NC(=O)N[C@@H]3C[C@H]3c3cccc4ccccc34)c2)N1[EOS],4062.8656623363495,42
9.1,Cc1cc(=O)[nH]c2cc(C(=O)NCC(C)c3nc(-c4ccccc4)no3)ccc12,[BOS]Cc1cc(=O)[nH]c2cc(C(=O)NC[C@H](C)c3nc(-c4ccccc4)no3)ccc12[EOS],8147.536018610001,42
10.1,CC(NC(=O)N1CC2CCCC2(c2nc(CC3CC3)no2)C1)c1ccc(F)c2ccccc12,[BOS]C[C@@H](NC(=O)N1C[C@H]2CCC[C@@]2(c2nc(CC3CC3)no2)C1)c1ccc(F)c2ccccc12[EOS],12233.696372270584,42
10.0,O=C1COc2ccc(C(=O)N3CCCCC3C3CCN(C(=O)c4ccc5occc5c4)CC3)cc2N1,[BOS]O=C1COc2ccc(C(=O)N3CCCC[C@H]3C3CCN(C(=O)c4ccc5occc5c4)CC3)cc2N1[EOS][EOS][EOS][EOS],17182.467767953873,42
9.5,O=C(c1ccc2cn[nH]c2c1)N1CCCCC1C1CCN(C(=O)C2(F)CCCC=C2F)CC1,[BOS]O=C(c1ccc2cn[nH]c2c1)N1CCCC[C@H]1C1CCN(C(=O)[C@]2(F)CCCC=C2F)CC1[EOS],21648.867662906647,42
10.0,O=C(NCC1CCCCC1c1ccccc1)NC1CCN(C(=O)CCc2ccccc2)C1,[BOS]O=C(NC[C@@H]1CCCC[C@H]1c1ccccc1)N[C@H]1CCN(C(=O)CCc2ccccc2)C1[EOS],26016.486878871918,42
9.8,O=C(c1ccc(-c2ccccc2)cc1)N1CCC2(C1)CN(C(=O)C1CC1c1ccccc1)CCO2,[BOS]O=C(c1ccc(-c2ccccc2)cc1)N1CC[C@]2(C1)CN(C(=O)[C@@H]1C[C@H]1c1ccccc1)CCO2[EOS][EOS][EOS],29970.813539743423,42
9.4,CCc1ccc(C2CCN(C(=O)Cn3nc(-c4ccccc4)ccc3=O)C2)cc1,[BOS]CCc1ccc([C@@H]2CCN(C(=O)Cn3nc(-c4ccccc4)ccc3=O)C2)cc1[EOS],33972.33841085434,42
10.5,O=C(CN1C(=O)C2(CCCc3ccccc32)N=C1O)N1CCN(c2ccc3ccccc3n2)CC1,[BOS]O=C(CN1C(=O)[C@]2(CCCc3ccccc32)N=C1O)N1CCN(c2ccc3ccccc3n2)CC1[EOS],38730.84448313713,42
10.6,O=C(Cc1ccc2c(c1)CCO2)N1CCOC2(CCN(C(=O)c3cnc4c(F)c(F)ccc4c3)C2)C1,[BOS]O=C(Cc1ccc2c(c1)CCO2)N1CCO[C@@]2(CCN(C(=O)c3cnc4c(F)c(F)ccc4c3)C2)C1[EOS],43605.42729830742,42
9.8,Cc1c(C(=O)Nc2cc(C3CCCCN3C(=O)CC3CC4CCC3C4)[nH]n2)ccc2c1CCCO2,[BOS]Cc1c(C(=O)Nc2cc([C@@H]3CCCCN3C(=O)C[C@@H]3C[C@@H]4CC[C@H]3C4)[nH]n2)ccc2c1CCCO2[EOS][EOS][EOS][EOS][EOS][EOS],48178.846581697464,42
8.9,CC(Cc1ccccc1C(F)(F)F)NC(=O)Nc1ncn(Cc2ccccc2)n1,[BOS]C[C@@H](Cc1ccccc1C(F)(F)F)NC(=O)Nc1ncn(Cc2ccccc2)n1[EOS],52378.92937326431,42
10.1,O=C1COc2ccc(C(=O)N3CCCCC3C3CCN(C(=O)c4cc(-c5ccccc5)n[nH]4)CC3)cc2N1,[BOS]O=C1COc2ccc(C(=O)N3CCCC[C@H]3C3CCN(C(=O)c4cc(-c5ccccc5)n[nH]4)CC3)cc2N1[EOS][EOS][EOS][EOS][EOS][EOS][EOS],57538.859120845795,42
10.1,O=C(C1Cc2ccccc2C1)N1CCCCC1c1cc(NC(=O)C2(F)CCCCC2(F)F)n[nH]1,[BOS]O=C(C1Cc2ccccc2C1)N1CCCC[C@H]1c1cc(NC(=O)[C@]2(F)CCCCC2(F)F)n[nH]1[EOS],61909.17842006683,42
9.4,O=C(NC1CCC2CCCCC2C1)c1ccc(N2C(=O)c3ccccc3C2=O)cc1,[BOS]O=C(N[C@@H]1CC[C@@H]2CCCC[C@H]2C1)c1ccc(N2C(=O)c3ccccc3C2=O)cc1[EOS],65781.6521832943,42
9.2,CC(=O)N1CCC(NC(=O)Nc2cc(-c3ccccc3)cnc2C)c2ccccc2C1,[BOS]CC(=O)N1CC[C@H](NC(=O)Nc2cc(-c3ccccc3)cnc2C)c2ccccc2C1[EOS][EOS][EOS][EOS][EOS],69906.61712813377,42
9.1,CC1(C)CC1(CNC(=O)N1CCN(C(=O)Cc2c[nH]c3ccccc23)CC1)c1ccccc1,[BOS]CC1(C)C[C@@]1(CNC(=O)N1CCN(C(=O)Cc2c[nH]c3ccccc23)CC1)c1ccccc1[EOS][EOS][EOS][EOS][EOS][EOS][EOS][EOS],73941.6037080288,42
9.7,CCC1CCN(C(=O)C2CCCN(C(=O)c3ccc4[nH]ncc4c3)C2)c2ccccc21,[BOS]CC[C@@H]1CCN(C(=O)[C@H]2CCCN(C(=O)c3ccc4[nH]ncc4c3)C2)c2ccccc21[EOS],77729.9231441021,42
9.8,O=C(NC1C2COCC1CN(C(=O)C1(c3ccccc3)CCCC1)C2)c1cc(=O)nc2cccnn12,[BOS]O=C(N[C@H]1[C@@H]2COC[C@H]1CN(C(=O)C1(c3ccccc3)CCCC1)C2)c1cc(=O)nc2cccnn12[EOS][EOS],82031.14185786247,42
9.6,O=C(c1cccc(N2CCCC2=O)c1)N1CC2CCCC2(c2nc(-c3ccccc3)no2)C1,[BOS]O=C1CCCN1c1cccc(C(=O)N2C[C@H]3CCC[C@@]3(c3nc(-c4ccccc4)no3)C2)c1[EOS],86149.16210460663,42
8.7,CN1C(=O)CCc2cc(NC(=O)C(=O)NC3c4ccccc4CC34CCOCC4)ccc21,[BOS]CN1C(=O)CCc2cc(NC(=O)C(=O)N[C@@H]3c4ccccc4CC34CCOCC4)ccc21[EOS][EOS],89916.76035571098,42
9.2,Cc1cccc(N2CCCC3(CN(C(=O)c4cn(-c5cccc(Cl)c5)nn4)CCO3)C2)c1,[BOS]Cc1cccc(N2CCC[C@@]3(CN(C(=O)c4cn(-c5cccc(Cl)c5)nn4)CCO3)C2)c1[EOS][EOS][EOS][EOS][EOS][EOS][EOS],93901.81197142601,42
9.3,O=C(NC1CC=C(c2ccc(F)cc2)CC1)NC1CCN(C(=O)Nc2ccccc2)C1,[BOS]O=C(N[C@@H]1CC=C(c2ccc(F)cc2)CC1)N[C@@H]1CCN(C(=O)Nc2ccccc2)C1[EOS],98074.83086848259,42
9.3,Cc1nccc(-c2cccc(NC(=O)C(=O)N3CCCC4(C3)OCc3ccccc34)c2)n1,[BOS]Cc1nccc(-c2cccc(NC(=O)C(=O)N3CCC[C@]4(C3)OCc3ccccc34)c2)n1[EOS],102037.4773132801,42
9.5,O=C(Nc1ccc(N2CCCCC2)nc1)C(=O)N1Cc2ccccc2C(c2ccccc2)C1,[BOS]O=C(Nc1ccc(N2CCCCC2)nc1)C(=O)N1Cc2ccccc2[C@@H](c2ccccc2)C1[EOS],3891.375729084015,42
9.9,O=C(NCC1CCN(C(=O)C2CCC(F)(F)CC2)C1c1cccnc1)C1=NOC(c2ccccc2)C1,[BOS]O=C(NC[C@@H]1CCN(C(=O)C2CCC(F)(F)CC2)[C@H]1c1cccnc1)C1=NO[C@H](c2ccccc2)C1[EOS][EOS],8497.162620306015,42
9.2,Cc1ccc(Cn2cccc(NC(=O)NCC(=O)N3CCCc4ccccc43)c2=O)cc1,[BOS]Cc1ccc(Cn2cccc(NC(=O)NCC(=O)N3CCCc4ccccc43)c2=O)cc1[EOS],12788.81352853775,42
9.6,Cc1c(C(C)NC(=O)N2CCCC(c3ccc(F)cc3)CC2)cnn1-c1ccc(F)cc1,[BOS]Cc1c([C@@H](C)NC(=O)N2CCC[C@H](c3ccc(F)cc3)CC2)cnn1-c1ccc(F)cc1[EOS],17071.427945137024,42
9.5,Cc1cc(C)c(C)c(S(=O)(=O)NC(=O)c2ccc(CNC(=O)C3CCCC3)cc2)c1C,[BOS]Cc1cc(C)c(C)c(S(=O)(=O)NC(=O)c2ccc(CNC(=O)C3CCCC3)cc2)c1C[EOS],21477.795794725418,42
9.7,Cc1cccc2c1CCCC2NC(=O)C(=O)Nc1cccc(N2C(=O)CCCC2=O)c1,[BOS]Cc1cccc2c1CCC[C@H]2NC(=O)C(=O)Nc1cccc(N2C(=O)CCCC2=O)c1[EOS],25559.295177459717,42
9.7,Cc1cc(F)cc(C2(F)CCN(C(=O)C(=O)Nc3ncn(Cc4ncccc4C)n3)C2)c1,[BOS]Cc1cc(F)cc([C@@]2(F)CCN(C(=O)C(=O)Nc3ncn(Cc4ncccc4C)n3)C2)c1[EOS],29710.341643810272,42
9.1,CC1CN(c2ccc(C(=O)NCc3cn(-c4ccc(F)cc4)nc3N)cc2)CC(C)O1,[BOS]C[C@H]1CN(c2ccc(C(=O)NCc3cn(-c4ccc(F)cc4)nc3N)cc2)C[C@H](C)O1[EOS][EOS],33749.718945503235,42
9.9,Cc1cccc(C2(NC(=O)c3ccc4c(=O)n5c(nc4c3)CCC5)Cc3ccccc3C2)c1,[BOS]Cc1cccc(C2(NC(=O)c3ccc4c(=O)n5c(nc4c3)CCC5)Cc3ccccc3C2)c1[EOS],37711.538444042206,42
10.4,O=C(NC1C2COCC1CN(C(=O)Cc1ccc3ccccc3c1)C2)C1CCCC2CCCCC21,[BOS]O=C(N[C@H]1[C@@H]2COC[C@H]1CN(C(=O)Cc1ccc3ccccc3c1)C2)[C@@H]1CCC[C@H]2CCCC[C@@H]21[EOS],42048.72365760803,42
9.1,CC1CCC(C(=O)N2CCCCC2c2cc(NC(=O)Cc3ccc(F)c(C(F)(F)F)c3)n[nH]2)O1,[BOS]C[C@@H]1CC[C@H](C(=O)N2CCCC[C@@H]2c2cc(NC(=O)Cc3ccc(F)c(C(F)(F)F)c3)n[nH]2)O1[EOS][EOS][EOS],46346.02025294304,42
9.9,O=C(Nc1ccc2c(c1)CCC2=O)C(=O)N1CCN(C(=O)c2ccc3c(c2)OCO3)CC1,[BOS]O=C(Nc1ccc2c(c1)CCC2=O)C(=O)N1CCN(C(=O)c2ccc3c(c2)OCO3)CC1[EOS],50176.48554801941,42
9.0,Cc1nc(CNC(=O)N2CCc3cc(Br)ccc3C2)oc1-c1ccc(Cl)cc1,[BOS]Cc1nc(CNC(=O)N2CCc3cc(Br)ccc3C2)oc1-c1ccc(Cl)cc1[EOS],53980.40616106987,42
9.7,CC(NC(=O)Nc1cccc(-c2ccc3c(c2)CCO3)c1)c1ccc2c(c1)CCC(=O)N2,[BOS]C[C@@H](NC(=O)Nc1cccc(-c2ccc3c(c2)CCO3)c1)c1ccc2c(c1)CCC(=O)N2[EOS],58214.37410259247,42
9.2,CC1CN(C(=O)c2ccc(CNc3ccc(S(=O)(=O)N4CCCCC4)cn3)cc2)CC(C)O1,[BOS]C[C@H]1CN(C(=O)c2ccc(CNc3ccc(S(=O)(=O)N4CCCCC4)cn3)cc2)C[C@H](C)O1[EOS],62557.05767703056,42
9.1,CC1CC1(C)C(=O)N1CCCCC1c1cc(NC(=O)Cc2ccc3c(c2)CCCO3)n[nH]1,[BOS]C[C@@H]1C[C@@]1(C)C(=O)N1CCCC[C@@H]1c1cc(NC(=O)Cc2ccc3c(c2)CCCO3)n[nH]1[EOS],66950.58825111389,42
9.3,O=C(NCc1nc2c(s1)CC(c1ccccc1)CC2)Nc1ccc2c(c1)C(=O)NC2=O,[BOS]O=C(NCc1nc2c(s1)C[C@H](c1ccccc1)CC2)Nc1ccc2c(c1)C(=O)NC2=O[EOS],71294.85923051834,42
9.7,O=C(CCC(=O)N1CCC(c2ccccc2)=N1)N1CCC(c2noc3cc(F)ccc23)CC1,[BOS]O=C(CCC(=O)N1CCC(c2noc3cc(F)ccc23)CC1)N1CCC(c2ccccc2)=N1[EOS],76025.8240454197,42
9.0,O=C(C(F)c1ccccc1)N1CCOCC2(C1)CN(C(=O)C1(c3cccc(F)c3)CC1)CCO2,[BOS]O=C([C@H](F)c1ccccc1)N1CCOC[C@]2(C1)CN(C(=O)C1(c3cccc(F)c3)CC1)CCO2[EOS][EOS][EOS],79949.89299798012,42
9.9,CC1Cc2ccccc2N1S(=O)(=O)c1cccc(C(=O)NC2C3CCc4ccccc4C32)c1,[BOS]C[C@@H]1Cc2ccccc2N1S(=O)(=O)c1cccc(C(=O)N[C@@H]2[C@H]3CCc4ccccc4[C@H]32)c1[EOS][EOS][EOS][EOS][EOS][EOS][EOS],84487.68777823448,42
9.2,CC1CCCC1C(=O)N1CCCCC1c1cc(NC(=O)CCN2C(=O)c3ccccc3C2=O)n[nH]1,[BOS]C[C@@H]1CCC[C@H]1C(=O)N1CCCC[C@@H]1c1cc(NC(=O)CCN2C(=O)c3ccccc3C2=O)n[nH]1[EOS][EOS][EOS][EOS][EOS][EOS],88678.94475650787,42
10.0,CC1CCc2c(F)cccc2C1NC(=O)C(=O)Nc1ccc2c(c1)N(C)C(=O)C(C)(C)CO2,[BOS]C[C@@H]1CCc2c(F)cccc2[C@H]1NC(=O)C(=O)Nc1ccc2c(c1)N(C)C(=O)C(C)(C)CO2[EOS],92772.67747068405,42
10.7,O=C(Nc1nnc(C2CCCc3ccccc32)s1)C1CCCN(C(=O)c2ccc(F)cc2)C1,[BOS]O=C(Nc1nnc([C@H]2CCCc3ccccc32)s1)[C@@H]1CCCN(C(=O)c2ccc(F)cc2)C1[EOS],96561.92636179924,42
9.7,CCc1ccc(C(=O)N2CCOC3(COCCN(C(=O)C4CC4c4ccc(F)c(F)c4)C3)C2)cc1,[BOS]CCc1ccc(C(=O)N2CCO[C@]3(COCCN(C(=O)[C@@H]4C[C@H]4c4ccc(F)c(F)c4)C3)C2)cc1[EOS],100521.28927063942,42
8.7,O=C1CSc2ncc(C(=O)NCC3CCN(C(=O)C4(F)CCCC=C4F)C3c3cccnc3)cc2N1,[BOS]O=C1CSc2ncc(C(=O)NC[C@@H]3CCN(C(=O)[C@]4(F)CCCC=C4F)[C@@H]3c3cccnc3)cc2N1[EOS][EOS][EOS],3912.738055706024,42
9.2,O=C1CC(C2N=NC(C3=c4cc(Cl)ccc4=NC3)O2)CN1c1cccc(C(F)(F)F)c1,[BOS]O=C1C[C@H]([C@@H]2N=NC(C3=c4cc(Cl)ccc4=NC3)O2)CN1c1cccc(C(F)(F)F)c1[EOS][EOS][EOS][EOS][EOS][EOS],7921.318848609924,42
9.5,CC1CCc2ccccc2N1C(=O)C1CC(=O)N(c2ccc3c(c2)CCC3)C1,[BOS]C[C@H]1CCc2ccccc2N1C(=O)[C@H]1CC(=O)N(c2ccc3c(c2)CCC3)C1[EOS],12036.666378974915,42
9.8,O=C(c1ccc2ncncc2c1)N1CCOCC2(C1)CN(C(=O)c1noc3c1CCCC3)CCO2,[BOS]O=C(c1ccc2ncncc2c1)N1CCOC[C@]2(C1)CN(C(=O)c1noc3c1CCCC3)CCO2[EOS],16216.066432714462,42
9.8,Cc1cccc(Cl)c1C(=O)N1CCCCC1c1cc(NC(=O)c2ccc3c(n2)NC(=O)CC3)n[nH]1,[BOS]Cc1cccc(Cl)c1C(=O)N1CCCC[C@H]1c1cc(NC(=O)c2ccc3c(n2)NC(=O)CC3)n[nH]1[EOS],20506.021166324615,42
9.2,NC(=O)C1(c2ccccc2)CCN(C(=O)COc2ccc3oc4c(c3c2)CCCC4)C1,[BOS]NC(=O)[C@]1(c2ccccc2)CCN(C(=O)COc2ccc3oc4c(c3c2)CCCC4)C1[EOS][EOS],24407.632469415665,42
10.0,Cc1c(C(=O)N2CCC3(CC(C(=O)NCc4ccc(F)cc4)=NO3)C2)nc2ccccc2c1C,[BOS]Cc1c(C(=O)N2CC[C@]3(CC(C(=O)NCc4ccc(F)cc4)=NO3)C2)nc2ccccc2c1C[EOS][EOS][EOS][EOS],29097.954051733017,42
9.9,Cc1ccc(CCC(=O)NC2C3COCC2CN(C(=O)c2ccc4c(c2)CCCC4=O)C3)c2ccccc12,[BOS]Cc1ccc(CCC(=O)N[C@H]2[C@@H]3COC[C@H]2CN(C(=O)c2ccc4c(c2)CCCC4=O)C3)c2ccccc12[EOS],34383.519662857056,42
9.5,N#Cc1ccc(CC(=O)N2CCOC3(COCCN(C(=O)Cc4cc5cccnc5cc4F)C3)C2)cc1,[BOS]N#Cc1ccc(CC(=O)N2CCO[C@]3(COCCN(C(=O)Cc4cc5cccnc5cc4F)C3)C2)cc1[EOS],38535.27930831909,42
9.2,Cc1cc(NC(=O)C(=O)N2CCC3(CCc4ccccc4O3)C2)nc(-c2ccccc2)n1,[BOS]Cc1cc(NC(=O)C(=O)N2CC[C@]3(CCc4ccccc4O3)C2)nc(-c2ccccc2)n1[EOS][EOS][EOS][EOS][EOS][EOS][EOS][EOS],42524.10292840004,42
9.8,O=C1NCCCN1c1ccc(-c2noc(C3(c4cccc(F)c4)CCCC3)n2)cn1,[BOS]O=C1NCCCN1c1ccc(-c2noc(C3(c4cccc(F)c4)CCCC3)n2)cn1[EOS],46412.93201255798,42
9.3,O=C(NC1COc2ccccc2C1)C1CC(=O)N(c2ccc3c(c2)Cc2ccccc2-3)C1,[BOS]O=C(N[C@H]1COc2ccccc2C1)[C@@H]1CC(=O)N(c2ccc3c(c2)Cc2ccccc2-3)C1[EOS],50504.05796408653,42
9.2,CC1CCCC1C(=O)Nc1cc(C2CCCCN2C(=O)CCc2cnc3ccccc3c2)[nH]n1,[BOS]C[C@@H]1CCC[C@@H]1C(=O)Nc1cc([C@@H]2CCCCN2C(=O)CCc2cnc3ccccc3c2)[nH]n1[EOS][EOS][EOS],54657.76727056503,42
9.0,O=C(c1cccc2ccnn12)N1CCC2(C1)CN(C(=O)C1COc3ccccc3O1)CCO2,[BOS]O=C(c1cccc2ccnn12)N1CC[C@@]2(C1)CN(C(=O)[C@@H]1COc3ccccc3O1)CCO2[EOS][EOS][EOS][EOS][EOS][EOS][EOS][EOS],58657.64611053467,42
9.9,O=C(C1CCC(F)(F)C1)N1CCC(C2CCCCN2C(=O)CC2Cc3ccccc3C2)CC1,[BOS]O=C([C@@H]1CCC(F)(F)C1)N1CCC([C@@H]2CCCCN2C(=O)CC2Cc3ccccc3C2)CC1[EOS],62688.979160785675,42
9.1,O=C(NCC1OCC2CCN(C(=O)C3CC3c3ccccc3)CC21)C1CCC2CCC(=O)N2C1,[BOS]O=C(NC[C@@H]1OC[C@@H]2CCN(C(=O)[C@@H]3C[C@@H]3c3ccccc3)C[C@@H]21)[C@@H]1CC[C@@H]2CCC(=O)N2C1[EOS][EOS][EOS][EOS][EOS][EOS],67168.89747619629,42
9.9,Cc1ccc(F)cc1C(=O)N1CCOCC2(C1)CN(C(=O)C1CC13C(=O)Nc1ccccc13)CCO2,[BOS]Cc1ccc(F)cc1C(=O)N1CCOC[C@@]2(C1)CN(C(=O)[C@H]1C[C@@]13C(=O)Nc1ccccc13)CCO2[EOS],71359.36896586418,42
10.4,O=C(NCC1CCCC1c1ccccc1)N1CCC(c2cc(=O)[nH]c(N3CCCC3)n2)C1,[BOS]O=C(NC[C@@H]1CCC[C@@H]1c1ccccc1)N1CC[C@@H](c2cc(=O)[nH]c(N3CCCC3)n2)C1[EOS],75432.15905117989,42
9.2,O=C1CN(C(=O)c2ccc(NS(=O)(=O)c3cc(C(F)(F)F)ccc3Cl)cc2)c2ccccc2N1,[BOS]O=C1CN(C(=O)c2ccc(NS(=O)(=O)c3cc(C(F)(F)F)ccc3Cl)cc2)c2ccccc2N1[EOS],79729.03229141235,42
10.0,O=C(NCc1ccc2ncccc2c1)N1CC=C(c2cccc3ccccc23)CC1,[BOS]O=C(NCc1ccc2ncccc2c1)N1CC=C(c2cccc3ccccc23)CC1[EOS],83495.36896085739,42
9.5,Cc1cccc(C(=O)N2CCCCC2c2cc(NC(=O)c3cccc4c3NC(=O)C4)n[nH]2)c1F,[BOS]Cc1cccc(C(=O)N2CCCC[C@H]2c2cc(NC(=O)c3cccc4c3NC(=O)C4)n[nH]2)c1F[EOS][EOS][EOS][EOS][EOS][EOS],87794.44581484795,42
9.8,CC(=O)N1CC(=O)N(c2cccnc2)CC12CCN(C(=O)Cc1ccc3c(c1)CCCC3)C2,[BOS]CC(=O)N1CC(=O)N(c2cccnc2)C[C@]12CCN(C(=O)Cc1ccc3c(c1)CCCC3)C2[EOS],91907.06666564941,42
9.2,CC1(C(=O)N2CCC(C3CCCCN3C(=O)c3cccc4c3NC(=O)C4=O)CC2)CC=CCC1,[BOS]C[C@]1(C(=O)N2CCC([C@H]3CCCCN3C(=O)c3cccc4c3NC(=O)C4=O)CC2)CC=CCC1[EOS][EOS][EOS][EOS],96141.78588151932,42
10.4,CC1CC(C)(C)N(C(=O)COc2ccc(C(=O)N3CCC(C)S(=O)(=O)CC3)cc2)c2ccccc21,[BOS]C[C@H]1CC(C)(C)N(C(=O)COc2ccc(C(=O)N3CC[C@@H](C)S(=O)(=O)CC3)cc2)c2ccccc21[EOS][EOS][EOS][EOS][EOS][EOS],100291.02275061607,42
