SMILES,DS,QED,SA,SIM
c1coc(CCCC2=Nc3ccccc3-c3ncnc4[nH]cc2c34)c1,8.9,0.5914836427586339,0.7864345122196893,0.6851851851851852
OCCCCC1=Nc2ccccc2-c2ncnc3[nH]cc1c23,7.0,0.7249797842530725,0.7900985355920039,1.0
OCC1=Nc2ccccc2-c2ncnc3[nH]cc1c23,7.9,0.6937547195203551,0.7799306729417204,0.7608695652173914
OCCCCC1=Nc2ccccc2-c2ncnc3[nH]cc1c23,7.6,0.7249797842530725,0.7900985355920039,1.0
OCC1=Nc2ccccc2-c2ncnc3[nH]cc1c23,7.9,0.6937547195203551,0.7799306729417204,0.7608695652173914
OCc1ccc(CCCCCC2=Nc3ccccc3-c3ncnc4[nH]cc2c34)cc1,8.3,0.4133402515172268,0.8039202289562962,0.7843137254901961
FC(F)(CCC1=Nc2ccccc2-c2ncnc3[nH]cc1c23)COC1=Nc2ccccc2-c2ncnc3[nH]cc1c23,9.4,0.2552776390643571,0.6912538431624884,0.5932203389830508
OCCCCC1=Nc2ccccc2-c2ncnc3[nH]cc1c23,7.7,0.7249797842530725,0.7900985355920039,1.0
Cc1ccc(CCCC2=Nc3ccccc3-c3ncnc4[nH]cc2c34)nc1,9.4,0.5736913558838368,0.7862243803085958,0.6727272727272727
CCCC1=Nc2ccccc2-c2ncnc3[nH]cc1c23,7.7,0.7620289695176204,0.7951249869527405,0.7291666666666666
OCCCCC1=Nc2ccccc2-c2ncnc3[nH]cc1c23,7.5,0.7249797842530725,0.7900985355920039,1.0
CCCC1=Nc2ccccc2-c2ncnc3[nH]cc1c23,8.1,0.7620289695176204,0.7951249869527405,0.7291666666666666
OCCCCC1=Nc2ccccc2-c2ncnc3[nH]cc1c23,7.9,0.7249797842530725,0.7900985355920039,1.0
OCCCCC1=Nc2ccccc2-c2ncnc3[nH]cc1c23,7.0,0.7249797842530725,0.7900985355920039,1.0
OCCCCC1=Nc2ccccc2-c2ncnc3[nH]cc1c23,7.7,0.7249797842530725,0.7900985355920039,1.0
OCCC1(CCCCC2=Nc3ccccc3-c3ncnc4[nH]cc2c34)CCC1,8.6,0.5601640903675174,0.7588839021669379,0.7321428571428571
OCc1ccccc1CCCCCC1=Nc2ccccc2-c2ncnc3[nH]cc1c23,9.9,0.4133402515172268,0.7945402808145504,0.7843137254901961
CCCC1=Nc2ccccc2-c2ncnc3[nH]cc1c23,7.8,0.7620289695176204,0.7951249869527405,0.7291666666666666
OCCCCCO,3.5,0.4979883001019883,0.9041460072553096,0.1590909090909091
CCC1=Nc2ccccc2-c2ncnc3[nH]cc1c23,7.9,0.7164951218238267,0.7901471564582037,0.6875
CCC[C@@H](COC)CC1=Nc2ccccc2-c2ncnc3[nH]cc1c23,7.6,0.7210593131503632,0.716719934734328,0.5409836065573771
OCCCCC1=Nc2ccccc2-c2ncnc3[nH]cc1c23,7.6,0.7249797842530725,0.7900985355920039,1.0
Fc1ccccc1CCCC1=Nc2ccccc2-c2ncnc3[nH]cc1c23,9.7,0.5448355731980018,0.8032057264624421,0.6981132075471698
CCCc1cccc(C2=Nc3ccccc3-c3ncnc4[nH]cc2c34)c1C,10.2,0.4745467532924073,0.7985646042618578,0.5254237288135594
OCCCCC1=Nc2ccccc2-c2ncnc3[nH]cc1c23,7.7,0.7249797842530725,0.7900985355920039,1.0
OCCCCC1=Nc2ccccc2-c2ncnc3[nH]cc1c23,7.0,0.7249797842530725,0.7900985355920039,1.0
OCC1=Nc2ccccc2-c2ncnc3[nH]cc1c23,7.9,0.6937547195203551,0.7799306729417204,0.7608695652173914
OCCCCC1=Nc2ccccc2-c2ncnc3[nH]cc1c23,7.6,0.7249797842530725,0.7900985355920039,1.0
c1c[nH+]cc(CC2=Nc3ccccc3-c3ncnc4[nH]cc2c34)c1,9.5,0.6176888329064587,0.6968841756250408,0.5789473684210527
OCCCCC1=Nc2ccccc2-c2ncnc3[nH]cc1c23,7.0,0.7249797842530725,0.7900985355920039,1.0
OCCCCC1=Nc2ccccc2-c2ncnc3[nH]cc1c23,7.7,0.7249797842530725,0.7900985355920039,1.0
OCCCCCO,3.7,0.4979883001019883,0.9041460072553096,0.1590909090909091
Cc1ccccc1,4.8,0.4588062796575454,1.0,0.1020408163265306
OCCCCCO,3.7,0.4979883001019883,0.9041460072553096,0.1590909090909091
c1ccc(C2=Nc3ccccc3-c3ncnc4[nH]cc2c34)cc1,9.1,0.5059191386391907,0.8278699397550441,0.58
CCC1=Nc2ccccc2-c2ncnc3[nH]cc1c23,7.9,0.7164951218238267,0.7901471564582037,0.6875
OCCCCCO,3.5,0.4979883001019883,0.9041460072553096,0.1590909090909091
OCC1=Nc2ccccc2-c2ncnc3[nH]cc1c23,7.9,0.6937547195203551,0.7799306729417204,0.7608695652173914
CCCCCCCC1=Nc2ccccc2-c2ncnc3[nH]cc1c23,7.8,0.6169190876524799,0.8027623596866754,0.7755102040816326
OCCCCCC1(C2=Nc3ccccc3-c3ncnc4[nH]cc2c34)CC1,8.5,0.6500273829964288,0.7654615232129895,0.6428571428571429
OCC1=Nc2ccccc2-c2ncnc3[nH]cc1c23,7.9,0.6937547195203551,0.7799306729417204,0.7608695652173914
OCC1=Nc2ccccc2-c2ncnc3[nH]cc1c23,7.9,0.6937547195203551,0.7799306729417204,0.7608695652173914
Cn1nc(CCO)c(O)c1CCCCC1=Nc2ccccc2-c2ncnc3[nH]cc1c23,8.1,0.3995970624898608,0.7403534346424687,0.6949152542372882
OCCc1cc(Br)sc1CCCCC1=Nc2ccccc2-c2ncnc3[nH]cc1c23,9.4,0.326341639804476,0.746425554248981,0.6949152542372882
OCCCCCO,3.5,0.4979883001019883,0.9041460072553096,0.1590909090909091
OCCCCC1=Nc2ccccc2-c2ncnc3[nH]cc1c23,7.8,0.7249797842530725,0.7900985355920039,1.0
OCCCCCO,3.5,0.4979883001019883,0.9041460072553096,0.1590909090909091
OCCCCC1=Nc2ccccc2-c2ncnc3[nH]cc1c23,7.1,0.7249797842530725,0.7900985355920039,1.0
OCCCCC1=Nc2ccccc2-c2ncnc3[nH]cc1c23,7.5,0.7249797842530725,0.7900985355920039,1.0
OCCCCC1=Nc2ccccc2-c2ncnc3[nH]cc1c23,7.0,0.7249797842530725,0.7900985355920039,1.0
OCCCCCO,3.7,0.4979883001019883,0.9041460072553096,0.1590909090909091
OCCCCC1=Nc2ccccc2-c2ncnc3[nH]cc1c23,7.7,0.7249797842530725,0.7900985355920039,1.0
CCCCc1ccc(C2=Nc3ccccc3-c3ncnc4[nH]cc2c34)cc1CCO,9.1,0.4247972771783836,0.7880727570461838,0.5555555555555556
OCCc1cccc(C2=Nc3ccccc3-c3ncnc4[nH]cc2c34)c1,9.7,0.5264413548038658,0.8060290688252721,0.5964912280701754
OCCCCC1=Nc2ccccc2-c2ncnc3[nH]cc1c23,7.7,0.7249797842530725,0.7900985355920039,1.0
OCCCCCO,3.7,0.4979883001019883,0.9041460072553096,0.1590909090909091
OCC1=Nc2ccccc2-c2ncnc3[nH]cc1c23,7.9,0.6937547195203551,0.7799306729417204,0.7608695652173914
c1ccc2c(c1)N=C(CCC1CC1)c1c[nH]c3ncnc-2c13,8.7,0.7829630669861743,0.7856452811541342,0.6730769230769231
Cc1nc(C2=Nc3ccccc3-c3ncnc4[nH]cc2c34)cs1,8.5,0.51010712004887,0.7856726546871707,0.5172413793103449
OCCCCC1=Nc2ccccc2-c2ncnc3[nH]cc1c23,7.1,0.7249797842530725,0.7900985355920039,1.0
c1ccc(CCC2=Nc3ccccc3-c3ncnc4[nH]cc2c34)cc1,9.8,0.5940684088530985,0.8168767686299456,0.7142857142857143
OCCCCC1=Nc2ccccc2-c2ncnc3[nH]cc1c23,7.8,0.7249797842530725,0.7900985355920039,1.0
OCCCCCO,3.7,0.4979883001019883,0.9041460072553096,0.1590909090909091
OCC1=Nc2ccccc2-c2ncnc3[nH]cc1c23,7.9,0.6937547195203551,0.7799306729417204,0.7608695652173914
OCCCCCO,3.7,0.4979883001019883,0.9041460072553096,0.1590909090909091
OCCCCC1=Nc2ccccc2-c2ncnc3[nH]cc1c23,7.8,0.7249797842530725,0.7900985355920039,1.0
OCCCCC1=Nc2ccccc2-c2ncnc3[nH]cc1c23,7.6,0.7249797842530725,0.7900985355920039,1.0
OCCCCC1=Nc2ccccc2-c2ncnc3[nH]cc1c23,7.7,0.7249797842530725,0.7900985355920039,1.0
O=C(CCC1=Nc2ccccc2-c2ncnc3[nH]cc1c23)C1=Nc2ccccc2-c2ncnc3[nH]cc1c23,10.3,0.3356442067919375,0.7195836067349864,0.6666666666666666
c1cc(CCC2=Nc3ccccc3-c3ncnc4[nH]cc2c34)cc(C2=Nc3ccccc3-c3ncnc4[nH]cc2c34)c1,10.9,0.2469576509703816,0.7309651417324855,0.6140350877192983
CCCCCCCC1=Nc2ccccc2-c2ncnc3[nH]cc1c23,8.2,0.6169190876524799,0.8027623596866754,0.7755102040816326
OCCCCC1=Nc2ccccc2-c2ncnc3[nH]cc1c23,7.7,0.7249797842530725,0.7900985355920039,1.0
Oc1cccc(CCCC2=Nc3ccccc3-c3ncnc4[nH]cc2c34)c1,9.8,0.5533272191281015,0.7976280341547497,0.6909090909090909
OCCCCC1=Nc2ccccc2-c2ncnc3[nH]cc1c23,7.7,0.7249797842530725,0.7900985355920039,1.0
OCCCCCO,3.7,0.4979883001019883,0.9041460072553096,0.1590909090909091
c1ccc(CCC2=Nc3ccccc3-c3ncnc4[nH]cc2c34)cc1,9.8,0.5940684088530985,0.8168767686299456,0.7142857142857143
OCCCCC1=Nc2ccccc2-c2ncnc3[nH]cc1c23,7.6,0.7249797842530725,0.7900985355920039,1.0
CCCCCCCO,4.2,0.5441914935658748,0.9372549407653198,0.1428571428571428
OCCCCC1=Nc2ccccc2-c2ncnc3[nH]cc1c23,7.0,0.7249797842530725,0.7900985355920039,1.0
CC[C@@H]1COCC[NH+]1CCCCCCCO,5.6,0.5995814068891454,0.5881813476094049,0.1044776119402985
OCCCCC1=Nc2ccccc2-c2ncnc3[nH]cc1c23,7.7,0.7249797842530725,0.7900985355920039,1.0
OCCCCCO,3.7,0.4979883001019883,0.9041460072553096,0.1590909090909091
O=C1CCCCN1CCCC1=Nc2ccccc2-c2ncnc3[nH]cc1c23,9.3,0.7687024958150498,0.7857003418470574,0.6065573770491803
OCCCCC1=Nc2ccccc2-c2ncnc3[nH]cc1c23,7.6,0.7249797842530725,0.7900985355920039,1.0
OCCCCC1=Nc2ccccc2-c2ncnc3[nH]cc1c23,7.5,0.7249797842530725,0.7900985355920039,1.0
COc1ccc(C2=Nc3ccccc3-c3ncnc4[nH]cc2c34)cn1,9.3,0.5381395583598954,0.7989300659272429,0.4833333333333333
OCCCCC1=Nc2ccccc2-c2ncnc3[nH]cc1c23,7.7,0.7249797842530725,0.7900985355920039,1.0
OCCCCCO,3.7,0.4979883001019883,0.9041460072553096,0.1590909090909091
C1=Nc2ccccc2-c2ncnc3[nH]cc1c23,7.9,0.4950098495314455,0.7872883285134424,0.4807692307692308
OCCCCC1=Nc2ccccc2-c2ncnc3[nH]cc1c23,7.0,0.7249797842530725,0.7900985355920039,1.0
OCCCCC1=Nc2ccccc2-c2ncnc3[nH]cc1c23,7.5,0.7249797842530725,0.7900985355920039,1.0
c1ccc2c(c1)N=C(CCCc1cc3ccccc3s1)c1c[nH]c3ncnc-2c13,10.9,0.3889620254639988,0.7842822648353958,0.6379310344827587
OCC1=Nc2ccccc2-c2ncnc3[nH]cc1c23,7.9,0.6937547195203551,0.7799306729417204,0.7608695652173914
OCCCCCO,3.7,0.4979883001019883,0.9041460072553096,0.1590909090909091
Fc1ccccc1CCCC1=Nc2ccccc2-c2ncnc3[nH]cc1c23,9.7,0.5448355731980018,0.8032057264624421,0.6981132075471698
O=C(CCCC1=Nc2ccccc2-c2ncnc3[nH]cc1c23)N1CCOCC1,9.4,0.7595079528893657,0.7907736442497154,0.6229508196721312
c1ccc(OCCCC2=Nc3ccccc3-c3ncnc4[nH]cc2c34)cc1,9.4,0.5175470654211363,0.8151989197198021,0.7254901960784313
OCCCCC1=Nc2ccccc2-c2ncnc3[nH]cc1c23,7.8,0.7249797842530725,0.7900985355920039,1.0
OCCCCC1=Nc2ccccc2-c2ncnc3[nH]cc1c23,7.7,0.7249797842530725,0.7900985355920039,1.0
OCCCCC1=Nc2ccccc2-c2ncnc3[nH]cc1c23,7.6,0.7249797842530725,0.7900985355920039,1.0
CCCCCCCCO,4.4,0.5470483699238978,0.9363430077441688,0.1428571428571428
c1ccc2c(c1)N=C(COc1ccc(C3=Nc4ccccc4-c4ncnc5[nH]cc3c45)cc1)c1c[nH]c3ncnc-2c13,10.6,0.2602618565960646,0.7338344946018385,0.5789473684210527
CCO,2.2,0.4068079656553945,0.8910825512627797,0.0652173913043478
Clc1ccc(C2=Nc3ccccc3-c3ncnc4[nH]cc2c34)cc1,9.6,0.4814596304876003,0.8221300736628402,0.5370370370370371
CCCCCC1=Nc2ccccc2-c2ncnc3[nH]cc1c23,7.2,0.7115777345076426,0.799874156893779,0.7916666666666666
OC1=Nc2ccccc2-c2ncnc3[nH]cc1c23,7.9,0.629552056179388,0.7866477296390213,0.625
CCCCCO,3.5,0.513281356352027,0.9370609219852984,0.1458333333333333
c1ccc2c(c1)N=C(CCC1CC1)c1c[nH]c3ncnc-2c13,8.7,0.7829630669861743,0.7856452811541342,0.6730769230769231
OCCCC1=Nc2ccccc2-c2ncnc3[nH]cc1c23,7.4,0.7732710184457906,0.7867160245287663,0.9318181818181818
O=C(CCCCCO)N1CCOCC1,5.4,0.6548936629807195,0.9003145503077113,0.1129032258064516
OCCO,3.1,0.407527890666417,0.8581350461189423,0.0909090909090909
OCCC1=Nc2ccccc2-c2ncnc3[nH]cc1c23,7.5,0.7461835887409485,0.7811195110726883,0.8444444444444444
O=C1CCCCN1CCCO,5.0,0.643123697719409,0.886708151219249,0.1147540983606557
OC1=Nc2ccccc2-c2ncnc3[nH]cc1c23,8.0,0.629552056179388,0.7866477296390213,0.625
OCCCCC1=Nc2ccccc2-c2ncnc3[nH]cc1c23,7.7,0.7249797842530725,0.7900985355920039,1.0
Clc1ccc(CCCCCC2=Nc3ccccc3-c3ncnc4[nH]cc2c34)cc1,10.3,0.374560619093974,0.8102930846491024,0.7169811320754716
OCCCCCC1(CCC2=Nc3ccccc3-c3ncnc4[nH]cc2c34)CC1,8.3,0.5340626509409672,0.7601015381894519,0.7454545454545455
N#Cc1cccc(CCCCC2=Nc3ccccc3-c3ncnc4[nH]cc2c34)c1,10.0,0.4766391982743481,0.7943156248995498,0.6551724137931034
Brc1ccnc(CCCC2=Nc3ccccc3-c3ncnc4[nH]cc2c34)c1,9.6,0.4930343569250219,0.7735188033855188,0.6607142857142857
OC1=Nc2ccccc2-c2ncnc3[nH]cc1c23,7.9,0.629552056179388,0.7866477296390213,0.625
Cc1ncc(Cl)c(CCCCCC2=Nc3ccccc3-c3ncnc4[nH]cc2c34)n1,9.8,0.4138110350222602,0.7637038759273028,0.6333333333333333
OCC1=Nc2ccccc2-c2ncnc3[nH]cc1c23,7.9,0.6937547195203551,0.7799306729417204,0.7608695652173914
OCCC1=Nc2ccccc2-c2ncnc3[nH]cc1c23,7.8,0.7461835887409485,0.7811195110726883,0.8444444444444444
OCO,2.6,0.3419937935086324,0.8383774230576514,0.0681818181818181
CCCCC1=Nc2ccccc2-c2ncnc3[nH]cc1c23,7.4,0.7771225728745924,0.7970877366875754,0.7708333333333334
OCCC1=Nc2ccccc2-c2ncnc3[nH]cc1c23,7.7,0.7461835887409485,0.7811195110726883,0.8444444444444444
COC(C)COC1=Nc2ccccc2-c2ncnc3[nH]cc1c23,7.9,0.8068149771912106,0.7176099863463489,0.5084745762711864
CC1=Nc2ccccc2-c2ncnc3[nH]cc1c23,8.5,0.6494730919307405,0.8028149284779182,0.5918367346938775
c1ccc(C2=Nc3ccccc3-c3ncnc4[nH]cc2c34)cc1,9.1,0.5059191386391907,0.8278699397550441,0.58
CCCCCCCC,4.2,0.4806106052751371,0.9661374582478373,0.0408163265306122
c1ccc2c(c1)N=C(C1(CCC3CC3)CC1)c1c[nH]c3ncnc-2c13,9.4,0.7300496796541742,0.7569003134139289,0.4918032786885246
CCC1=Nc2ccccc2-c2ncnc3[nH]cc1c23,7.9,0.7164951218238267,0.7901471564582037,0.6875
c1c[nH+]cc(CC2=Nc3ccccc3-c3ncnc4[nH]cc2c34)c1,9.5,0.6176888329064587,0.6968841756250408,0.5789473684210527
Brc1ccc(C2=Nc3ccccc3-c3ncnc4[nH]cc2c34)o1,9.1,0.4768731886595945,0.777257722560474,0.5087719298245614
CCCCCCCCO,4.4,0.5470483699238978,0.9363430077441688,0.1428571428571428
c1ccc(CCC2=Nc3ccccc3-c3ncnc4[nH]cc2c34)cc1,9.8,0.5940684088530985,0.8168767686299456,0.7142857142857143
c1cc(CC2=Nc3ccccc3-c3ncnc4[nH]cc2c34)cc(C2=Nc3ccccc3-c3ncnc4[nH]cc2c34)c1,10.7,0.2652498792539298,0.7322097753308374,0.5892857142857143
OCCCCC1=Nc2ccccc2-c2ncnc3[nH]cc1c23,7.5,0.7249797842530725,0.7900985355920039,1.0
CCCN(C)C(=O)N1CCOCC1,5.2,0.6381556731321972,0.8713737884605577,0.0294117647058823
OC1=Nc2ccccc2-c2ncnc3[nH]cc1c23,8.0,0.629552056179388,0.7866477296390213,0.625
OCCCCC1=Nc2ccccc2-c2ncnc3[nH]cc1c23,7.6,0.7249797842530725,0.7900985355920039,1.0
OCCCCO,3.1,0.4690628122836084,0.8973474604468369,0.1627906976744186
OCCO,3.1,0.407527890666417,0.8581350461189423,0.0909090909090909
OCCO,2.9,0.407527890666417,0.8581350461189423,0.0909090909090909
OC1=Nc2ccccc2-c2ncnc3[nH]cc1c23,7.9,0.629552056179388,0.7866477296390213,0.625
CCCCCO,3.5,0.513281356352027,0.9370609219852984,0.1458333333333333
OCc1ccc(CCCC2=Nc3ccccc3-c3ncnc4[nH]cc2c34)cc1,9.6,0.5416166596290458,0.8036867119049516,0.7647058823529411
CCCCCCCN1CCCCC1=O,5.6,0.5994196651122412,0.906569550307711,0.044776119402985
CCN1CCCCC1=O,4.8,0.5146576277364958,0.889579930821092,0.032258064516129
c1ccc(CC2=Nc3ccccc3-c3ncnc4[nH]cc2c34)cc1,9.1,0.5998428242594298,0.81702541494128,0.66
CCCCCCC,4.0,0.4763098736533006,0.9710318372148234,0.0408163265306122
O=C(O)OC1=Nc2ccccc2-c2ncnc3[nH]cc1c23,8.2,0.6164539091792366,0.7737571261030252,0.5454545454545454
c1csc(C2=Nc3ccccc3-c3ncnc4[nH]cc2c34)c1,8.7,0.5050602816144233,0.7964138771734994,0.5272727272727272
CCCCC1=Nc2ccccc2-c2ncnc3[nH]cc1c23,7.4,0.7771225728745924,0.7970877366875754,0.7708333333333334
CCC1=Nc2ccccc2-c2ncnc3[nH]cc1c23,7.9,0.7164951218238267,0.7901471564582037,0.6875
OCCCCCCC1=Nc2ccccc2-c2ncnc3[nH]cc1c23,7.4,0.6740887491641353,0.7938128472273038,0.9772727272727272
NC(O)=NCCCCCCCC1=Nc2ccccc2-c2ncnc3[nH]cc1c23,8.2,0.3093733610040887,0.7560499434427351,0.7358490566037735
O=C([O-])C1=Nc2ccccc2-c2ncnc3[nH]cc1c23,8.3,0.7024652355580373,0.7523336413608689,0.5660377358490566
CCO,2.3,0.4068079656553945,0.8910825512627797,0.0652173913043478
CCCC(=O)C(=O)CC1=Nc2ccccc2-c2ncnc3[nH]cc1c23,8.3,0.7254165114626238,0.7598366147837918,0.5964912280701754
c1ccc2c(c1)N=C(CCn1c(CC3=Nc4ccccc4-c4ncnc5[nH]cc3c45)cc3ccccc31)c1c[nH]c3ncnc-2c13,12.9,0.2120771138926769,0.7038682787371653,0.5932203389830508
CCCCCO,3.5,0.513281356352027,0.9370609219852984,0.1458333333333333
CCCO,2.7,0.4637839830239684,0.8928427384266348,0.0851063829787234
Clc1ccc(CCC2=Nc3ccccc3-c3ncnc4[nH]cc2c34)cc1,10.2,0.5366680888169889,0.8108702276664308,0.660377358490566
c1ccc2c(c1)N=C(C1CC1)c1c[nH]c3ncnc-2c13,8.7,0.7279860937107758,0.7944167731326621,0.5471698113207547
O[C@@H]1C[C@@H]1CCC1(C2=Nc3ccccc3-c3ncnc4[nH]cc2c34)CC1,9.1,0.7510723976782252,0.6644345474531494,0.492063492063492
CCC1=Nc2ccccc2-c2ncnc3[nH]cc1c23,8.1,0.7164951218238267,0.7901471564582037,0.6875
OCCC1=Nc2ccccc2-c2ncnc3[nH]cc1c23,7.7,0.7461835887409485,0.7811195110726883,0.8444444444444444
CCC1=Nc2ccccc2-c2ncnc3[nH]cc1c23,7.9,0.7164951218238267,0.7901471564582037,0.6875
CCC1=Nc2ccccc2-c2ncnc3[nH]cc1c23,8.1,0.7164951218238267,0.7901471564582037,0.6875
OCC1=Nc2ccccc2-c2ncnc3[nH]cc1c23,7.9,0.6937547195203551,0.7799306729417204,0.7608695652173914
OCC1=Nc2ccccc2-c2ncnc3[nH]cc1c23,7.9,0.6937547195203551,0.7799306729417204,0.7608695652173914
OCCCC1=Nc2ccccc2-c2ncnc3[nH]cc1c23,7.5,0.7732710184457906,0.7867160245287663,0.9318181818181818
CN(C)CC1=Nc2ccccc2-c2ncnc3[nH]cc1c23,8.0,0.7830539254645347,0.7817894085746518,0.6470588235294118
O=C(CCCCO)N1CCOCC1,5.2,0.6305656476807843,0.9003631970999665,0.1147540983606557
c1ccc2c(c1)N=C(Cc1ccsn1)c1c[nH]c3ncnc-2c13,8.5,0.6119204258634627,0.7390014893648547,0.6111111111111112
Brc1ccc(CC2=Nc3ccccc3-c3ncnc4[nH]cc2c34)cc1,9.9,0.5208617581274424,0.8054479453451224,0.6111111111111112
OCO,2.6,0.3419937935086324,0.8383774230576514,0.0681818181818181
c1ccc2c(c1)N=C(CCC1(CC3=Nc4ccccc4-c4ncnc5[nH]cc3c45)CC1)c1c[nH]c3ncnc-2c13,11.9,0.253082065822964,0.6998530802759972,0.6363636363636364
CC1=Nc2ccccc2-c2ncnc3[nH]cc1c23,8.5,0.6494730919307405,0.8028149284779182,0.5918367346938775
CCCCC1CCN(CCC2=Nc3ccccc3-c3ncnc4[nH]cc2c34)CC1,9.6,0.6200239185368311,0.7889478252573314,0.5625
OCC1=Nc2ccccc2-c2ncnc3[nH]cc1c23,8.0,0.6937547195203551,0.7799306729417204,0.7608695652173914
N#CC1(C2=Nc3ccccc3-c3ncnc4[nH]cc2c34)CC1,8.5,0.7442427352398102,0.7564755030476253,0.5
C[NH+](CO)CC1=Nc2ccccc2-c2ncnc3[nH]cc1c23,7.9,0.6163926348998833,0.6444449267916281,0.660377358490566
OCCC1=Nc2ccccc2-c2ncnc3[nH]cc1c23,7.5,0.7461835887409485,0.7811195110726883,0.8444444444444444
O=C([O-])C(=O)CC1=Nc2ccccc2-c2ncnc3[nH]cc1c23,8.3,0.7182837758365745,0.7351692404543448,0.6415094339622641
OCCCCCO,3.5,0.4979883001019883,0.9041460072553096,0.1590909090909091
CCCC1=Nc2ccccc2-c2ncnc3[nH]cc1c23,7.6,0.7620289695176204,0.7951249869527405,0.7291666666666666
CCO,2.3,0.4068079656553945,0.8910825512627797,0.0652173913043478
O=CC1=Nc2ccccc2-c2ncnc3[nH]cc1c23,8.4,0.6712594076213102,0.7651284751395226,0.5576923076923077
OCCCCO,3.3,0.4690628122836084,0.8973474604468369,0.1627906976744186
CCCCCCCO,4.2,0.5441914935658748,0.9372549407653198,0.1428571428571428
CCC1=Nc2ccccc2-c2ncnc3[nH]cc1c23,8.0,0.7164951218238267,0.7901471564582037,0.6875
CCCCCC,3.6,0.4629542813199688,0.9767743835237598,0.0416666666666666
OCO,2.6,0.3419937935086324,0.8383774230576514,0.0681818181818181
CCCC1=Nc2ccccc2-c2ncnc3[nH]cc1c23,7.7,0.7620289695176204,0.7951249869527405,0.7291666666666666
OCC1CC1,3.3,0.4747364180706974,0.8953566097260135,0.0588235294117647
c1ccc2c(c1)N=C(CCCCC1CC1)c1c[nH]c3ncnc-2c13,8.6,0.6711601033035359,0.7919723271839669,0.7307692307692307
OC1=Nc2ccccc2-c2ncnc3[nH]cc1c23,8.0,0.629552056179388,0.7866477296390213,0.625
CCCC1=Nc2ccccc2-c2ncnc3[nH]cc1c23,7.8,0.7620289695176204,0.7951249869527405,0.7291666666666666
OCC(CC1=Nc2ccccc2-c2ncnc3[nH]cc1c23)CC1=Nc2ccccc2-c2ncnc3[nH]cc1c23,8.0,0.281299393005762,0.7039584958579365,0.6862745098039216
CN(CC1=Nc2ccccc2-c2ncnc3[nH]cc1c23)c1cc(OC2=Nc3ccccc3-c3ncnc4[nH]cc2c34)ccc1Cl,10.4,0.2172446910367393,0.7023482645887751,0.4714285714285714
NCOC(=O)CC1=Nc2ccccc2-c2ncnc3[nH]cc1c23,7.9,0.5675934429488938,0.7616249340145161,0.6071428571428571
CN(CO)CC1=Nc2ccccc2-c2ncnc3[nH]cc1c23,7.8,0.7234754056676684,0.7519312722783946,0.660377358490566
Cc1ccn2nccc2c1,5.7,0.5323234365454219,0.8239581635023081,0.081967213114754
O=C([O-])CCCCO,3.9,0.4752540826519126,0.7664160463264253,0.1346153846153846
OCCC1=Nc2ccccc2-c2ncnc3[nH]cc1c23,7.6,0.7461835887409485,0.7811195110726883,0.8444444444444444
CCCCC1=Nc2ccccc2-c2ncnc3[nH]cc1c23,7.2,0.7771225728745924,0.7970877366875754,0.7708333333333334
C=CCCOCC(OC)C1=Nc2ccccc2-c2ncnc3[nH]cc1c23,6.4,0.5222516127338136,0.6991643983739964,0.4411764705882353
CCCCCC1=Nc2ccccc2-c2ncnc3[nH]cc1c23,7.5,0.7115777345076426,0.799874156893779,0.7916666666666666
CC1(C#N)CC1,3.6,0.4309820200110837,0.7435061783955548,0.0
OCC1=Nc2ccccc2-c2ncnc3[nH]cc1c23,7.9,0.6937547195203551,0.7799306729417204,0.7608695652173914
OCc1ccc[nH+]c1,4.5,0.5418771890092903,0.6114964731459825,0.125
c1ccc2c(c1)N=C(CC1CC1)c1c[nH]c3ncnc-2c13,8.4,0.7710947521793878,0.7824068433873274,0.6346153846153846
CCCC(=O)c1ccc(Cl)cc1C1=Nc2ccccc2-c2ncnc3[nH]cc1c23,8.0,0.3906078765720236,0.7903964495013045,0.4626865671641791
Clc1ccc(CCCC2=Nc3ccccc3-c3ncnc4[nH]cc2c34)c(Cl)c1,10.4,0.426284178862439,0.7960341835928288,0.6491228070175439
OCCCC1=Nc2ccccc2-c2ncnc3[nH]cc1c23,7.6,0.7732710184457906,0.7867160245287663,0.9318181818181818
OCCC1=Nc2ccccc2-c2ncnc3[nH]cc1c23,7.6,0.7461835887409485,0.7811195110726883,0.8444444444444444
CC1=Nc2ccccc2-c2ncnc3[nH]cc1c23,8.4,0.6494730919307405,0.8028149284779182,0.5918367346938775
c1ccc2c(c1)N=C(CC1CC1)c1c[nH]c3ncnc-2c13,8.4,0.7710947521793878,0.7824068433873274,0.6346153846153846
c1ccc2c(c1)N=C(C1CC1)c1c[nH]c3ncnc-2c13,8.7,0.7279860937107758,0.7944167731326621,0.5471698113207547
O=C(CCCc1ccsn1)CC1=Nc2ccccc2-c2ncnc3[nH]cc1c23,9.0,0.5279405342652813,0.7377308268261751,0.5901639344262295
CCCCC1=Nc2ccccc2-c2ncnc3[nH]cc1c23,7.4,0.7771225728745924,0.7970877366875754,0.7708333333333334
Cc1ccc(C2=Nc3ccccc3-c3ncnc4[nH]cc2c34)cc1C1=Nc2ccccc2-c2ncnc3[nH]cc1c23,5.0,0.2561351860063312,0.731029674038021,0.5
c1ccc(C2=Nc3ccccc3-c3ncnc4[nH]cc2c34)cc1,9.2,0.5059191386391907,0.8278699397550441,0.58
CC(=O)C1=Nc2ccccc2-c2ncnc3[nH]cc1c23,8.2,0.7324259024714487,0.7873506174881898,0.5660377358490566
c1ccc2c(c1)N=C(C1CC1)c1c[nH]c3ncnc-2c13,8.7,0.7279860937107758,0.7944167731326621,0.5471698113207547
OCC1=Nc2ccccc2-c2ncnc3[nH]cc1c23,8.0,0.6937547195203551,0.7799306729417204,0.7608695652173914
OO,2.7,0.292487473410359,0.7697180944757086,0.0227272727272727
OCCC1=Nc2ccccc2-c2ncnc3[nH]cc1c23,7.6,0.7461835887409485,0.7811195110726883,0.8444444444444444
OCCC1=Nc2ccccc2-c2ncnc3[nH]cc1c23,7.6,0.7461835887409485,0.7811195110726883,0.8444444444444444
OCCO,2.9,0.407527890666417,0.8581350461189423,0.0909090909090909
c1csc(CC2=Nc3ccccc3-c3ncnc4[nH]cc2c34)c1,8.4,0.5970377290346592,0.7845901181273963,0.6
O=C([O-])CO,3.0,0.3819786157444406,0.7084583848739425,0.06
c1coc(C2=Nc3ccccc3-c3ncnc4[nH]cc2c34)c1,8.7,0.5106251742039196,0.7913218025814248,0.5272727272727272
OCCCCC1=Nc2ccccc2-c2ncnc3[nH]cc1c23,7.8,0.7249797842530725,0.7900985355920039,1.0
OCO,2.6,0.3419937935086324,0.8383774230576514,0.0681818181818181
CCC1=Nc2ccccc2-c2ncnc3[nH]cc1c23,7.9,0.7164951218238267,0.7901471564582037,0.6875
CCCCC1=Nc2ccccc2-c2ncnc3[nH]cc1c23,7.5,0.7771225728745924,0.7970877366875754,0.7708333333333334
O=C(O)c1ccc[nH+]c1,5.1,0.5809453689295743,0.6513713154364766,0.0847457627118644
CC(=O)[O-],2.7,0.3497740223042638,0.7704816273155236,0.02
CCCCCC1=Nc2ccccc2-c2ncnc3[nH]cc1c23,7.8,0.7115777345076426,0.799874156893779,0.7916666666666666
OCCC1=Nc2ccccc2-c2ncnc3[nH]cc1c23,7.6,0.7461835887409485,0.7811195110726883,0.8444444444444444
O=C(O)O,2.9,0.4217263084106903,0.931287396546293,0.0212765957446808
O=C(O)C1=Nc2ccccc2-c2ncnc3[nH]cc1c23,8.1,0.7040139043324053,0.7896774079391182,0.5769230769230769
c1ccc2c(c1)N=C(CC1CC1)c1c[nH]c3ncnc-2c13,8.5,0.7710947521793878,0.7824068433873274,0.6346153846153846
OCC1=Nc2ccccc2-c2ncnc3[nH]cc1c23,7.9,0.6937547195203551,0.7799306729417204,0.7608695652173914
CCc1ccsn1,3.9,0.5399038613461696,0.7539397724374957,0.1272727272727272
OCCC1=Nc2ccccc2-c2ncnc3[nH]cc1c23,7.5,0.7461835887409485,0.7811195110726883,0.8444444444444444
c1c[nH+]cc(CCC2=Nc3ccccc3-c3ncnc4[nH]cc2c34)c1,9.5,0.6258189694232029,0.7002117429889201,0.625
CCCCCC1=Nc2ccccc2-c2ncnc3[nH]cc1c23,7.8,0.7115777345076426,0.799874156893779,0.7916666666666666
Fc1cccc(F)c1C1=Nc2ccccc2-c2ncnc3[nH]cc1c23,10.2,0.4949750058492392,0.8010198076183546,0.5370370370370371
OCC1=Nc2ccccc2-c2ncnc3[nH]cc1c23,7.9,0.6937547195203551,0.7799306729417204,0.7608695652173914
c1ccc2c(c1)N=C(CC1CC1)c1c[nH]c3ncnc-2c13,8.5,0.7710947521793878,0.7824068433873274,0.6346153846153846
CCC1=Nc2ccccc2-c2ncnc3[nH]cc1c23,8.0,0.7164951218238267,0.7901471564582037,0.6875
OCCCC1=Nc2ccccc2-c2ncnc3[nH]cc1c23,7.5,0.7732710184457906,0.7867160245287663,0.9318181818181818
CC1=Nc2ccccc2-c2ncnc3[nH]cc1c23,8.5,0.6494730919307405,0.8028149284779182,0.5918367346938775
c1ccc2c(c1)N=C(CCC1CC1)c1c[nH]c3ncnc-2c13,8.7,0.7829630669861743,0.7856452811541342,0.6730769230769231
OCCc1ccsn1,4.0,0.6365621884785778,0.7510998176275879,0.2075471698113207
C1=Nc2ccccc2-c2ncnc3[nH]cc1c23,8.1,0.4950098495314455,0.7872883285134424,0.4807692307692308
CCCC1=Nc2ccccc2-c2ncnc3[nH]cc1c23,7.7,0.7620289695176204,0.7951249869527405,0.7291666666666666
C1=CCC(CC2=Nc3ccccc3-c3ncnc4[nH]cc2c34)CC1,9.0,0.6903640283246076,0.7098280651810094,0.559322033898305
C=CC(=O)CC1=Nc2ccccc2-c2ncnc3[nH]cc1c23,7.5,0.7521845910421938,0.7612622818937793,0.6181818181818182
CCC(=O)C1=Nc2ccccc2-c2ncnc3[nH]cc1c23,8.0,0.7816042569955555,0.7830933177802003,0.5636363636363636
CCC1=Nc2ccccc2-c2ncnc3[nH]cc1c23,8.1,0.7164951218238267,0.7901471564582037,0.6875
CC1=Nc2ccccc2-c2ncnc3[nH]cc1c23,8.5,0.6494730919307405,0.8028149284779182,0.5918367346938775
c1c[nH+]cc(Cc2ccsn2)c1,5.5,0.6833744424658558,0.6150188863393001,0.125
O=C([O-])C1=Nc2ccccc2-c2ncnc3[nH]cc1c23,8.3,0.7024652355580373,0.7523336413608689,0.5660377358490566
OCCCCC1=Nc2ccccc2-c2ncnc3[nH]cc1c23,7.0,0.7249797842530725,0.7900985355920039,1.0
CCCC1=Nc2ccccc2-c2ncnc3[nH]cc1c23,7.6,0.7620289695176204,0.7951249869527405,0.7291666666666666
CCCCCC1=Nc2ccccc2-c2ncnc3[nH]cc1c23,8.0,0.7115777345076426,0.799874156893779,0.7916666666666666
c1ccc(CC2=Nc3ccccc3-c3ncnc4[nH]cc2c34)cc1,9.7,0.5998428242594298,0.81702541494128,0.66
OCO,2.5,0.3419937935086324,0.8383774230576514,0.0681818181818181
c1ccc2c(c1)N=C(CCCCCC1(C3=Nc4ccccc4-c4ncnc5[nH]cc3c45)CC1)c1c[nH]c3ncnc-2c13,9.5,0.1979552047389745,0.7057925712807153,0.6785714285714286
OCCCCC1=Nc2ccccc2-c2ncnc3[nH]cc1c23,7.0,0.7249797842530725,0.7900985355920039,1.0
CO,1.8,0.3852844044738431,0.8109950175526317,0.0222222222222222
CCO,2.3,0.4068079656553945,0.8910825512627797,0.0652173913043478
CCO,2.3,0.4068079656553945,0.8910825512627797,0.0652173913043478
CCC1=Nc2ccccc2-c2ncnc3[nH]cc1c23,8.1,0.7164951218238267,0.7901471564582037,0.6875
O=C([O-])C1=Nc2ccccc2-c2ncnc3[nH]cc1c23,8.4,0.7024652355580373,0.7523336413608689,0.5660377358490566
OCCO,2.9,0.407527890666417,0.8581350461189423,0.0909090909090909
NC(=O)C1=Nc2ccccc2-c2ncnc3[nH]cc1c23,8.2,0.6964640802128033,0.7863779384430971,0.5769230769230769
CC1(CCC2=Nc3ccccc3-c3ncnc4[nH]cc2c34)CN(CC2=Nc3ccccc3-c3ncnc4[nH]cc2c34)C1,9.5,0.2646846532940844,0.691087937037539,0.5833333333333334
OCCCO,2.9,0.4590493065582775,0.8504039470041201,0.1363636363636363
OCCCC1=Nc2ccccc2-c2ncnc3[nH]cc1c23,7.4,0.7732710184457906,0.7867160245287663,0.9318181818181818
CCN(C)CC1=Nc2ccccc2-c2ncnc3[nH]cc1c23,7.6,0.8067182579957817,0.7734048299707023,0.6226415094339622
O=C(CCc1ccc(CC2=Nc3ccccc3-c3ncnc4[nH]cc2c34)cc1)N1CCOCC1,9.3,0.4953656922336998,0.7948499810145199,0.5147058823529411
c1ccc2c(c1)N=C(CCCCCC1(CC3=Nc4ccccc4-c4ncnc5[nH]cc3c45)CC1)c1c[nH]c3ncnc-2c13,10.9,0.1820740956759076,0.6996661183544194,0.6785714285714286
CO,1.8,0.3852844044738431,0.8109950175526317,0.0222222222222222
CCCCCCCC(=O)[O-],4.6,0.5221678857678401,0.8257780475773647,0.0517241379310344
CCCCC1=Nc2ccccc2-c2ncnc3[nH]cc1c23,7.4,0.7771225728745924,0.7970877366875754,0.7708333333333334
CCCCC1=Nc2ccccc2-c2ncnc3[nH]cc1c23,7.4,0.7771225728745924,0.7970877366875754,0.7708333333333334
OC1=Nc2ccccc2-c2ncnc3[nH]cc1c23,7.9,0.629552056179388,0.7866477296390213,0.625
CCC1=Nc2ccccc2-c2ncnc3[nH]cc1c23,7.9,0.7164951218238267,0.7901471564582037,0.6875
O=C(CC1=Nc2ccccc2-c2ncnc3[nH]cc1c23)Cc1ccsn1,8.9,0.6018041530044923,0.7355265713227745,0.5862068965517241
OC1=Nc2ccccc2-c2ncnc3[nH]cc1c23,8.1,0.629552056179388,0.7866477296390213,0.625
CC1=Nc2ccccc2-c2ncnc3[nH]cc1c23,8.5,0.6494730919307405,0.8028149284779182,0.5918367346938775
CCCCCC1=Nc2ccccc2-c2ncnc3[nH]cc1c23,7.6,0.7115777345076426,0.799874156893779,0.7916666666666666
COC1=Nc2ccccc2-c2ncnc3[nH]cc1c23,8.3,0.6667638467842323,0.7854977059087533,0.5576923076923077
CCCCOC1=Nc2ccccc2-c2ncnc3[nH]cc1c23,7.9,0.7460506722139547,0.7945295415091638,0.5636363636363636
CCCCCCCC1CC1,4.8,0.4927311136576065,0.930351266950584,0.0344827586206896
OCCCCC1=Nc2ccccc2-c2ncnc3[nH]cc1c23,7.8,0.7249797842530725,0.7900985355920039,1.0
c1ccc2c(c1)N=C(CC1CC1)c1c[nH]c3ncnc-2c13,8.5,0.7710947521793878,0.7824068433873274,0.6346153846153846
c1ccc2c(c1)N=C(Cc1nc(C3=Nc4ccccc4-c4ncnc5[nH]cc3c45)cs1)c1c[nH]c3ncnc-2c13,11.4,0.2798822660835465,0.7126102737687791,0.5862068965517241
CCCCC(=O)N1CCOCC1,5.0,0.634556155074268,0.914209107555992,0.0461538461538461
Fc1ccc(CCCC2=Nc3ccccc3-c3ncnc4[nH]cc2c34)cc1,9.8,0.5448355731980018,0.8094668803085958,0.6981132075471698
c1ccc2c(c1)N=C(CCC1CC1)c1c[nH]c3ncnc-2c13,8.7,0.7829630669861743,0.7856452811541342,0.6730769230769231
Oc1ccc[nH+]c1,4.1,0.4917649355189566,0.5590905416682648,0.0909090909090909
CCC,2.2,0.3854706587740357,0.916115884596113,0.0217391304347826
CN(CC1=Nc2ccccc2-c2ncnc3[nH]cc1c23)C1CC1,8.0,0.808357807451539,0.7753519144967203,0.5789473684210527
CO,1.8,0.3852844044738431,0.8109950175526317,0.0222222222222222
c1ccc2c(c1)N=C(COc1ccc(CC3=Nc4ccccc4-c4ncnc5[nH]cc3c45)cc1)c1c[nH]c3ncnc-2c13,11.0,0.2422667977102279,0.7262338443904955,0.5789473684210527
CO,1.8,0.3852844044738431,0.8109950175526317,0.0222222222222222
[O-]CC1=Nc2ccccc2-c2ncnc3[nH]cc1c23,8.4,0.7081047287987494,0.7460622663483139,0.6875
c1coc(C2=Nc3ccccc3-c3ncnc4[nH]cc2c34)c1,8.7,0.5106251742039196,0.7913218025814248,0.5272727272727272
CCCCC1=Nc2ccccc2-c2ncnc3[nH]cc1c23,7.4,0.7771225728745924,0.7970877366875754,0.7708333333333334
NC1=Nc2ccccc2-c2ncnc3[nH]cc1c23,8.8,0.6247927057905962,0.7947922869684843,0.6041666666666666
CCC1=Nc2ccccc2-c2ncnc3[nH]cc1c23,8.0,0.7164951218238267,0.7901471564582037,0.6875
CCCCC1CCN(CCCC2CC=CCC2)CC1,6.9,0.5825917847135849,0.8004235856967122,0.0410958904109589
CC1=Nc2ccccc2-c2ncnc3[nH]cc1c23,8.4,0.6494730919307405,0.8028149284779182,0.5918367346938775
CC(=O)C(=O)[O-],3.4,0.3589653619490149,0.7654081113344107,0.0192307692307692
O=CCCC1=Nc2ccccc2-c2ncnc3[nH]cc1c23,7.5,0.7472756662526858,0.767561185819089,0.6862745098039216
OCCCC1=Nc2ccccc2-c2ncnc3[nH]cc1c23,7.5,0.7732710184457906,0.7867160245287663,0.9318181818181818
CC[C@H](C=O)c1ccc[nH+]c1,5.6,0.5953720789630873,0.5600370352610188,0.0757575757575757
OCCC1CC1,3.7,0.5261523732951082,0.8885868835237599,0.0769230769230769
c1ccc2c(c1)N=C(CC1CC1)c1c[nH]c3ncnc-2c13,8.4,0.7710947521793878,0.7824068433873274,0.6346153846153846
CCCCC1=Nc2ccccc2-c2ncnc3[nH]cc1c23,7.4,0.7771225728745924,0.7970877366875754,0.7708333333333334
OC1=Nc2ccccc2-c2ncnc3[nH]cc1c23,8.0,0.629552056179388,0.7866477296390213,0.625
CCCCCCCCC,4.4,0.4777243799437154,0.9708198566408136,0.0408163265306122
COC(=O)Cc1ccsn1,4.5,0.5975184480445482,0.7902298383791554,0.1475409836065573
OO,2.7,0.292487473410359,0.7697180944757086,0.0227272727272727
c1ccc(C2=Nc3ccccc3-c3ncnc4[nH]cc2c34)c(CCCCC2CC2)c1,9.5,0.3482544307816554,0.7972474545397016,0.55
CC(=O)C(=O)CC1=Nc2ccccc2-c2ncnc3[nH]cc1c23,7.9,0.753270507945032,0.7633044385895429,0.6296296296296297
O=C([O-])C1=Nc2ccccc2-c2ncnc3[nH]cc1c23,8.4,0.7024652355580373,0.7523336413608689,0.5660377358490566
CCC1=Nc2ccccc2-c2ncnc3[nH]cc1c23,7.9,0.7164951218238267,0.7901471564582037,0.6875
O=C([O-])CO,3.0,0.3819786157444406,0.7084583848739425,0.06
c1c[nH+]cc(CC2=Nc3ccccc3-c3ncnc4[nH]cc2c34)c1,9.5,0.6176888329064587,0.6968841756250408,0.5789473684210527
O=C(CO)CC1=Nc2ccccc2-c2ncnc3[nH]cc1c23,8.0,0.7721566019859916,0.7660661280476252,0.6862745098039216
c1ccc2c(c1)N=C(C1CC1)c1c[nH]c3ncnc-2c13,8.7,0.7279860937107758,0.7944167731326621,0.5471698113207547
c1c[nH+]cc(CCC2=Nc3ccccc3-c3ncnc4[nH]cc2c34)c1,9.5,0.6258189694232029,0.7002117429889201,0.625
c1ccc2c(c1)N=C(CC1CC1)c1c[nH]c3ncnc-2c13,8.5,0.7710947521793878,0.7824068433873274,0.6346153846153846
CCCCCCCCCCOC1=Nc2ccccc2-c2ncnc3[nH]cc1c23,7.6,0.4539362557564754,0.8004763319234873,0.543859649122807
CCCCN(C)CC1=Nc2ccccc2-c2ncnc3[nH]cc1c23,7.9,0.7781476851508169,0.7817726676885327,0.5964912280701754
CC1=Nc2ccccc2-c2ncnc3[nH]cc1c23,8.5,0.6494730919307405,0.8028149284779182,0.5918367346938775
CC1=Nc2ccccc2-c2ncnc3[nH]cc1c23,8.5,0.6494730919307405,0.8028149284779182,0.5918367346938775
OCO,2.5,0.3419937935086324,0.8383774230576514,0.0681818181818181
CC1=Nc2ccccc2-c2ncnc3[nH]cc1c23,8.5,0.6494730919307405,0.8028149284779182,0.5918367346938775
CCC(=O)CC1=Nc2ccccc2-c2ncnc3[nH]cc1c23,7.5,0.8029382043582857,0.7764368011245484,0.6415094339622641
OC1=Nc2ccccc2-c2ncnc3[nH]cc1c23,8.0,0.629552056179388,0.7866477296390213,0.625
CCCC,2.8,0.4310243576713091,0.9326974392813356,0.0212765957446808
CC1=Nc2ccccc2-c2ncnc3[nH]cc1c23,8.5,0.6494730919307405,0.8028149284779182,0.5918367346938775
Fc1ccccc1CC1=Nc2ccccc2-c2ncnc3[nH]cc1c23,9.7,0.5912254915779123,0.8041333923305695,0.6111111111111112
OCc1ccc[nH+]c1,4.5,0.5418771890092903,0.6114964731459825,0.125
C1=Nc2ccccc2-c2ncnc3[nH]cc1c23,8.0,0.4950098495314455,0.7872883285134424,0.4807692307692308
CN(C)C1=Nc2ccccc2-c2ncnc3[nH]cc1c23,8.7,0.6778766376129134,0.7861957103263862,0.5686274509803921
c1ccc2c(c1)N=C(Cc1ccsn1)c1c[nH]c3ncnc-2c13,9.1,0.6119204258634627,0.7390014893648547,0.6111111111111112
CCC1=Nc2ccccc2-c2ncnc3[nH]cc1c23,8.1,0.7164951218238267,0.7901471564582037,0.6875
CCC1=Nc2ccccc2-c2ncnc3[nH]cc1c23,8.0,0.7164951218238267,0.7901471564582037,0.6875
OC1=Nc2ccccc2-c2ncnc3[nH]cc1c23,7.9,0.629552056179388,0.7866477296390213,0.625
OC1=Nc2ccccc2-c2ncnc3[nH]cc1c23,8.0,0.629552056179388,0.7866477296390213,0.625
CCCC1=Nc2ccccc2-c2ncnc3[nH]cc1c23,7.6,0.7620289695176204,0.7951249869527405,0.7291666666666666
CN(C)CC(=O)C1=Nc2ccccc2-c2ncnc3[nH]cc1c23,7.6,0.8046706387487516,0.7737491938342981,0.5344827586206896
CCCC(=O)C1=Nc2ccccc2-c2ncnc3[nH]cc1c23,7.8,0.8029382043582857,0.7843017049707023,0.543859649122807
CCC1=Nc2ccccc2-c2ncnc3[nH]cc1c23,8.1,0.7164951218238267,0.7901471564582037,0.6875
CCCCCCO,3.9,0.5339278817039772,0.9375889222350664,0.1428571428571428
CCCCCCC1=Nc2ccccc2-c2ncnc3[nH]cc1c23,7.4,0.6720595709170122,0.8015407542346823,0.7755102040816326
OCCCCC1=Nc2ccccc2-c2ncnc3[nH]cc1c23,7.9,0.7249797842530725,0.7900985355920039,1.0
OCCO,2.9,0.407527890666417,0.8581350461189423,0.0909090909090909
CC(=O)N1CCOCC1,4.2,0.4555211172674374,0.9118710077441688,0.0166666666666666
CCCCCC1=Nc2ccccc2-c2ncnc3[nH]cc1c23,7.3,0.7115777345076426,0.799874156893779,0.7916666666666666
CCCCC1=Nc2ccccc2-c2ncnc3[nH]cc1c23,7.4,0.7771225728745924,0.7970877366875754,0.7708333333333334
OCCCCC1=Nc2ccccc2-c2ncnc3[nH]cc1c23,8.0,0.7249797842530725,0.7900985355920039,1.0
c1ccc2c(c1)N=C(OC1=Nc3ccccc3-c3ncnc4[nH]cc1c34)c1c[nH]c3ncnc-2c13,12.0,0.3325481859550027,0.7260543837437987,0.58
Fc1ccc(CC2=Nc3ccccc3-c3ncnc4[nH]cc2c34)s1,9.2,0.5865465679174956,0.7553476251254619,0.5789473684210527
O=C(O)C1=Nc2ccccc2-c2ncnc3[nH]cc1c23,8.2,0.7040139043324053,0.7896774079391182,0.5769230769230769
Clc1ccc(C2=Nc3ccccc3-c3ncnc4[nH]cc2c34)c(Cl)c1,10.0,0.4315891509846418,0.8099747075129804,0.5087719298245614
c1ccc2c(c1)N=C(CCc1ccsn1)c1c[nH]c3ncnc-2c13,9.2,0.6130881418622357,0.7434091756250408,0.660377358490566
OCCCC1=Nc2ccccc2-c2ncnc3[nH]cc1c23,7.5,0.7732710184457906,0.7867160245287663,0.9318181818181818
c1cc(CCC2=Nc3ccccc3-c3ncnc4[nH]cc2c34)cc(OC2=Nc3ccccc3-c3ncnc4[nH]cc2c34)c1,11.0,0.2389400827828945,0.7235842319873949,0.5737704918032787
CCO,2.3,0.4068079656553945,0.8910825512627797,0.0652173913043478
c1cc(CC2=Nc3ccccc3-c3ncnc4[nH]cc2c34)cc(C2=Nc3ccccc3-c3ncnc4[nH]cc2c34)c1,10.7,0.2652498792539298,0.7322097753308374,0.5892857142857143
c1ccc2c(c1)N=C(CC1CC1)c1c[nH]c3ncnc-2c13,8.5,0.7710947521793878,0.7824068433873274,0.6346153846153846
[CH2]CCCC,3.2,0.4668401082861131,0.7832134144597414,0.0384615384615384
NC1=Nc2ccccc2-c2ncnc3[nH]cc1c23,8.5,0.6247927057905962,0.7947922869684843,0.6041666666666666
Cn1ccc(C(=O)C2=Nc3ccccc3-c3ncnc4[nH]cc2c34)c1,8.8,0.5740593447763619,0.7642823998206728,0.4761904761904761
C(CCC1CC1)CC1CC1,4.9,0.510880962869715,0.9029908273901444,0.0384615384615384
OC1=Nc2ccccc2-c2ncnc3[nH]cc1c23,8.0,0.629552056179388,0.7866477296390213,0.625
Cc1ccc[nH+]c1,4.3,0.4514177732989792,0.5806128493605723,0.0714285714285714
CC(=O)C1=Nc2ccccc2-c2ncnc3[nH]cc1c23,8.2,0.7324259024714487,0.7873506174881898,0.5660377358490566
Fc1ccccc1CC1=Nc2ccccc2-c2ncnc3[nH]cc1c23,9.7,0.5912254915779123,0.8041333923305695,0.6111111111111112
CN(CCCF)CC1=Nc2ccccc2-c2ncnc3[nH]cc1c23,7.7,0.7831838674228927,0.7592269534028185,0.5862068965517241
c1ccc2c(c1)N=C(CN1CCOc3ccccc31)c1c[nH]c3ncnc-2c13,10.7,0.5823762919428359,0.7856588686638555,0.5238095238095238
CCCC1=Nc2ccccc2-c2ncnc3[nH]cc1c23,7.8,0.7620289695176204,0.7951249869527405,0.7291666666666666
OCCC1=Nc2ccccc2-c2ncnc3[nH]cc1c23,7.7,0.7461835887409485,0.7811195110726883,0.8444444444444444
COCCC1=Nc2ccccc2-c2ncnc3[nH]cc1c23,7.2,0.800352306476546,0.7850840146032082,0.6862745098039216
OCCCC1=Nc2ccccc2-c2ncnc3[nH]cc1c23,7.5,0.7732710184457906,0.7867160245287663,0.9318181818181818
CCC(=O)C1CC1,4.1,0.5095344128763949,0.8703401143178373,0.0357142857142857
CCC1=Nc2ccccc2-c2ncnc3[nH]cc1c23,8.0,0.7164951218238267,0.7901471564582037,0.6875
c1ccc2c(c1)N=C(c1ccsn1)c1c[nH]c3ncnc-2c13,9.6,0.5146117531500755,0.7517894016490239,0.5272727272727272
O=C([O-])CC1=Nc2ccccc2-c2ncnc3[nH]cc1c23,8.3,0.7610651320510493,0.742665070617527,0.6666666666666666
Clc1ccccc1CCCC1=Nc2ccccc2-c2ncnc3[nH]cc1c23,9.7,0.4965588122128125,0.8037676495393651,0.6981132075471698
CCO,2.2,0.4068079656553945,0.8910825512627797,0.0652173913043478
CCC1=Nc2ccccc2-c2ncnc3[nH]cc1c23,7.9,0.7164951218238267,0.7901471564582037,0.6875
O=C(O)C1=Nc2ccccc2-c2ncnc3[nH]cc1c23,8.2,0.7040139043324053,0.7896774079391182,0.5769230769230769
CC(=O)N(C)CC1=Nc2ccccc2-c2ncnc3[nH]cc1c23,8.2,0.7903276189722639,0.7735773989625032,0.6071428571428571
O=C(c1cccs1)C(COC1=Nc2ccccc2-c2ncnc3[nH]cc1c23)C1CC1,9.4,0.4659430033457191,0.697575484985991,0.4246575342465753
O=C(O)CC1=Nc2ccccc2-c2ncnc3[nH]cc1c23,8.3,0.7531301175652064,0.7851215649428737,0.6666666666666666
c1ccc2c(c1)N=C(CC1CC1)c1c[nH]c3ncnc-2c13,8.4,0.7710947521793878,0.7824068433873274,0.6346153846153846
O=C([O-])OC1=Nc2ccccc2-c2ncnc3[nH]cc1c23,8.3,0.6258916711311925,0.7396343013867577,0.5357142857142857
OC1CC1,2.9,0.4198105601545082,0.9284581230420194,0.0416666666666666
OCN(C1=Nc2ccccc2-c2ncnc3[nH]cc1c23)c1ccc(C2=Nc3ccccc3-c3ncnc4[nH]cc2c34)cc1,6.8,0.2312929448514633,0.7108950847005732,0.5245901639344263
NC(=O)c1cccc(CCC2=Nc3ccccc3-c3ncnc4[nH]cc2c34)c1,10.3,0.5740904598170732,0.8007201122982698,0.6101694915254238
CCCC1CCN(CC2=Nc3ccccc3-c3ncnc4[nH]cc2c34)CC1,8.3,0.7421521068726274,0.7906374572316728,0.5238095238095238
CC(=O)OC1=Nc2ccccc2-c2ncnc3[nH]cc1c23,7.8,0.6407751751804236,0.7792343013867578,0.5357142857142857
OCCO,2.9,0.407527890666417,0.8581350461189423,0.0909090909090909
Clc1ccccc1C1=Nc2ccccc2-c2ncnc3[nH]cc1c23,8.8,0.4814596304876004,0.8180626847137609,0.5576923076923077
OCCCCCCC1CC1,4.8,0.5642667096481135,0.9076578603571772,0.1320754716981132
Clc1ccc(C2=Nc3ccccc3-c3ncnc4[nH]cc2c34)cc1CC1=Nc2ccccc2-c2ncnc3[nH]cc1c23,9.2,0.2340905430555397,0.7241581097422536,0.55
OCC1=Nc2ccccc2-c2ncnc3[nH]cc1c23,7.9,0.6937547195203551,0.7799306729417204,0.7608695652173914
O=C(CC1=Nc2ccccc2-c2ncnc3[nH]cc1c23)C(=O)C(=O)c1cc2ccccc2o1,10.1,0.2513841151996999,0.7526338475198668,0.5151515151515151
O=C([O-])CC1=Nc2ccccc2-c2ncnc3[nH]cc1c23,8.2,0.7610651320510493,0.742665070617527,0.6666666666666666
c1ccc2c(c1)N=C(CC1CC1)c1c[nH]c3ncnc-2c13,8.5,0.7710947521793878,0.7824068433873274,0.6346153846153846
CC,1.6,0.3727855551576051,0.805825786783401,0.0
COc1ccccc1OC1=Nc2ccccc2-c2ncnc3[nH]cc1c23,8.8,0.5950411347999875,0.8101109869071901,0.5
O=C(CO)C1=Nc2ccccc2-c2ncnc3[nH]cc1c23,8.2,0.744798695275823,0.7734022711219406,0.6037735849056604
Fc1ccc(CCC2=Nc3ccccc3-c3ncnc4[nH]cc2c34)o1,9.1,0.6035444619253656,0.7510861989833759,0.625
OCCC1CC1,3.7,0.5261523732951082,0.8885868835237599,0.0769230769230769
OCC1=Nc2ccccc2-c2ncnc3[nH]cc1c23,7.9,0.6937547195203551,0.7799306729417204,0.7608695652173914
OC1CC1,2.9,0.4198105601545082,0.9284581230420194,0.0416666666666666
OCc1ccc[nH+]c1,4.6,0.5418771890092903,0.6114964731459825,0.125
COc1cccc(CCC2=Nc3ccccc3-c3ncnc4[nH]cc2c34)c1,9.8,0.5776254998996425,0.8090988033855189,0.5932203389830508
CCC1=Nc2ccccc2-c2ncnc3[nH]cc1c23,8.1,0.7164951218238267,0.7901471564582037,0.6875
CCO,2.2,0.4068079656553945,0.8910825512627797,0.0652173913043478
OCCC1=Nc2ccccc2-c2ncnc3[nH]cc1c23,7.4,0.7461835887409485,0.7811195110726883,0.8444444444444444
O=C(CC1=Nc2ccccc2-c2ncnc3[nH]cc1c23)C1CCC1,8.9,0.7982157575372897,0.7779471731830382,0.5862068965517241
OCC1=Nc2ccccc2-c2ncnc3[nH]cc1c23,7.9,0.6937547195203551,0.7799306729417204,0.7608695652173914
CC(O)COC1=Nc2ccccc2-c2ncnc3[nH]cc1c23,8.0,0.7599674646292122,0.7238091094839358,0.543859649122807
c1ccc2c(c1)N=C(CC1CC1)c1c[nH]c3ncnc-2c13,8.4,0.7710947521793878,0.7824068433873274,0.6346153846153846
OO,2.7,0.292487473410359,0.7697180944757086,0.0227272727272727
CCCCC,3.2,0.4687855098011332,0.922264302033706,0.0416666666666666
CCCC1=Nc2ccccc2-c2ncnc3[nH]cc1c23,7.7,0.7620289695176204,0.7951249869527405,0.7291666666666666
CC,1.6,0.3727855551576051,0.805825786783401,0.0
CCCCCO,3.5,0.513281356352027,0.9370609219852984,0.1458333333333333
c1ccc2c(c1)N=C(CCC1CC1)c1c[nH]c3ncnc-2c13,8.8,0.7829630669861743,0.7856452811541342,0.6730769230769231
c1c[nH+]cc(C2=Nc3ccccc3-c3ncnc4[nH]cc2c34)c1,8.9,0.5167661916440511,0.7050264614941746,0.5087719298245614
OCC1CC1,3.3,0.4747364180706974,0.8953566097260135,0.0588235294117647
O=C(O)CC1CC1,4.2,0.5586731332111877,0.9106418237195468,0.0357142857142857
CCCCC1=Nc2ccccc2-c2ncnc3[nH]cc1c23,7.3,0.7771225728745924,0.7970877366875754,0.7708333333333334
c1ccc2c(c1)N=C(Cc1ccc(C3=Nc4ccccc4-c4ncnc5[nH]cc3c45)cc1)c1c[nH]c3ncnc-2c13,10.7,0.2652498792539299,0.7363554914033829,0.6
O=C([O-])C(=O)CC1=Nc2ccccc2-c2ncnc3[nH]cc1c23,8.3,0.7182837758365745,0.7351692404543448,0.6415094339622641
CCC(=O)O,3.3,0.4908446664452931,0.9284024408179986,0.0392156862745098
c1csc(CCCC2=Nc3ccccc3-c3ncnc4[nH]cc2c34)c1,8.4,0.5568793614168246,0.788097896835074,0.6851851851851852
c1ccc2c(c1)N=C(C1CC1)c1c[nH]c3ncnc-2c13,8.7,0.7279860937107758,0.7944167731326621,0.5471698113207547
CCCCCCCO,4.2,0.5441914935658748,0.9372549407653198,0.1428571428571428
CO,1.8,0.3852844044738431,0.8109950175526317,0.0222222222222222
OC1=Nc2ccccc2-c2ncnc3[nH]cc1c23,8.0,0.629552056179388,0.7866477296390213,0.625
CCC1=Nc2ccccc2-c2ncnc3[nH]cc1c23,8.1,0.7164951218238267,0.7901471564582037,0.6875
OC1=Nc2ccccc2-c2ncnc3[nH]cc1c23,8.0,0.629552056179388,0.7866477296390213,0.625
OCC1CC1,3.3,0.4747364180706974,0.8953566097260135,0.0588235294117647
CCCCC1=Nc2ccccc2-c2ncnc3[nH]cc1c23,7.4,0.7771225728745924,0.7970877366875754,0.7708333333333334
CCCC1=Nc2ccccc2-c2ncnc3[nH]cc1c23,7.8,0.7620289695176204,0.7951249869527405,0.7291666666666666
[O-]C1=Nc2ccccc2-c2ncnc3[nH]cc1c23,8.2,0.6389823608707527,0.7567240721644204,0.5918367346938775
Fc1ccc(CC2=Nc3ccccc3-c3ncnc4[nH]cc2c34)cc1F,10.2,0.5775118280702441,0.7977941143061069,0.5892857142857143
O=CC(=O)C1=Nc2ccccc2-c2ncnc3[nH]cc1c23,8.0,0.5709442401711281,0.76650567591387,0.5454545454545454
[O-]CCC1CC1,3.7,0.4676701726272822,0.7172522681391444,0.0181818181818181
O=C(C[O-])C1=Nc2ccccc2-c2ncnc3[nH]cc1c23,8.2,0.7553101300794621,0.7416867604031512,0.5636363636363636
O=C(CO)C1=Nc2ccccc2-c2ncnc3[nH]cc1c23,7.7,0.744798695275823,0.7734022711219406,0.6037735849056604
CCC1=Nc2ccccc2-c2ncnc3[nH]cc1c23,7.9,0.7164951218238267,0.7901471564582037,0.6875
c1ccc2c(c1)N=C(CC1CCC1)c1c[nH]c3ncnc-2c13,8.7,0.7660775604364196,0.7844272929884537,0.6111111111111112
Oc1ccsn1,3.6,0.5251481323065107,0.6818553789988732,0.1132075471698113
OC1CC1,2.9,0.4198105601545082,0.9284581230420194,0.0416666666666666
CCC1=Nc2ccccc2-c2ncnc3[nH]cc1c23,7.9,0.7164951218238267,0.7901471564582037,0.6875
CCCCO,3.1,0.5128217987135145,0.9023187399035284,0.125
CC(C)CN(C)CC1=Nc2ccccc2-c2ncnc3[nH]cc1c23,7.8,0.7983967766723584,0.7733413569702655,0.5789473684210527
O=C([O-])Cc1ccsn1,4.4,0.5556004698500342,0.6598857769749382,0.135593220338983
c1ccc2c(c1)N=C(C1CC1)c1c[nH]c3ncnc-2c13,8.7,0.7279860937107758,0.7944167731326621,0.5471698113207547
CCCC1=Nc2ccccc2-c2ncnc3[nH]cc1c23,7.7,0.7620289695176204,0.7951249869527405,0.7291666666666666
C1=Nc2ccccc2-c2ncnc3[nH]cc1c23,8.1,0.4950098495314455,0.7872883285134424,0.4807692307692308
O=C(O)Cc1ccsn1,4.5,0.6648306092762433,0.7767620846672458,0.1379310344827586
OCCCC1=Nc2ccccc2-c2ncnc3[nH]cc1c23,7.4,0.7732710184457906,0.7867160245287663,0.9318181818181818
O=C(O)CC1=Nc2ccccc2-c2ncnc3[nH]cc1c23,8.2,0.7531301175652064,0.7851215649428737,0.6666666666666666
O=C([O-])CC(=O)C1=Nc2ccccc2-c2ncnc3[nH]cc1c23,8.4,0.7182837758365745,0.735332643717748,0.5636363636363636
CC(=O)C1=Nc2ccccc2-c2ncnc3[nH]cc1c23,8.1,0.7324259024714487,0.7873506174881898,0.5660377358490566
CCC(=O)Cc1ccccc1C1=Nc2ccccc2-c2ncnc3[nH]cc1c23,7.3,0.5040299322924933,0.7907649528235982,0.5166666666666667
CCC1=Nc2ccccc2-c2ncnc3[nH]cc1c23,7.9,0.7164951218238267,0.7901471564582037,0.6875
c1ccc2c(c1)N=C(C1(CCCCC3CC3)CC1)c1c[nH]c3ncnc-2c13,9.1,0.5666505015009874,0.7654824231518287,0.492063492063492
COC(CC(=O)OC1=Nc2ccccc2-c2ncnc3[nH]cc1c23)C1=Nc2ccccc2-c2ncnc3[nH]cc1c23,10.4,0.2982854409273843,0.6499990059401849,0.4626865671641791
CCC(=O)C1CC1,4.1,0.5095344128763949,0.8703401143178373,0.0357142857142857
OCCC1=Nc2ccccc2-c2ncnc3[nH]cc1c23,7.3,0.7461835887409485,0.7811195110726883,0.8444444444444444
CCCO,2.8,0.4637839830239684,0.8928427384266348,0.0851063829787234
CO,1.8,0.3852844044738431,0.8109950175526317,0.0222222222222222
O=C(CCO)N1CCOCC1,4.7,0.5751614477751609,0.8877255209462963,0.0655737704918032
CCCO,2.7,0.4637839830239684,0.8928427384266348,0.0851063829787234
OCC1=Nc2ccccc2-c2ncnc3[nH]cc1c23,7.9,0.6937547195203551,0.7799306729417204,0.7608695652173914
CCCC1=Nc2ccccc2-c2ncnc3[nH]cc1c23,7.8,0.7620289695176204,0.7951249869527405,0.7291666666666666
OCC1=Nc2ccccc2-c2ncnc3[nH]cc1c23,8.0,0.6937547195203551,0.7799306729417204,0.7608695652173914
CCCC,2.8,0.4310243576713091,0.9326974392813356,0.0212765957446808
CC(C)(C)OOC1=Nc2ccccc2-c2ncnc3[nH]cc1c23,8.2,0.5485029571756951,0.7557303127154172,0.5087719298245614
CCCC1=Nc2ccccc2-c2ncnc3[nH]cc1c23,7.7,0.7620289695176204,0.7951249869527405,0.7291666666666666
OCCCCC1=Nc2ccccc2-c2ncnc3[nH]cc1c23,7.0,0.7249797842530725,0.7900985355920039,1.0
CC(C)=O,2.8,0.3982369618339747,0.9272297042386004,0.0208333333333333
CC1=Nc2ccccc2-c2ncnc3[nH]cc1c23,8.5,0.6494730919307405,0.8028149284779182,0.5918367346938775
CC(CN(C)C)c1ccccc1,6.0,0.6608513971956365,0.8685821426396356,0.1034482758620689
c1csc(C2=Nc3ccccc3-c3ncnc4[nH]cc2c34)c1,8.7,0.5050602816144233,0.7964138771734994,0.5272727272727272
O=C(O)CCC1=Nc2ccccc2-c2ncnc3[nH]cc1c23,7.7,0.7760577824287787,0.7919062722783945,0.7058823529411765
OC1=Nc2ccccc2-c2ncnc3[nH]cc1c23,8.0,0.629552056179388,0.7866477296390213,0.625
Brc1csc(C2=Nc3ccccc3-c3ncnc4[nH]cc2c34)c1,9.1,0.4476299066093539,0.7727206184880758,0.5
CO,1.8,0.3852844044738431,0.8109950175526317,0.0222222222222222
CCC1=Nc2ccccc2-c2ncnc3[nH]cc1c23,8.0,0.7164951218238267,0.7901471564582037,0.6875
c1ccc2c(c1)N=C(C1CCC1)c1c[nH]c3ncnc-2c13,8.3,0.73221438178842,0.795666644876161,0.5272727272727272
CC1CC1,2.9,0.3934207493755274,0.9587811999650964,0.0
CC(=O)C1=Nc2ccccc2-c2ncnc3[nH]cc1c23,8.2,0.7324259024714487,0.7873506174881898,0.5660377358490566
NC(=O)C(=O)C(=O)[O-],4.3,0.3028080685734503,0.707318687544856,0.037037037037037
NC(=O)[O-],2.7,0.3613824811265216,0.7538931657770621,0.0408163265306122
CCCO,2.7,0.4637839830239684,0.8928427384266348,0.0851063829787234
c1ccc2c(c1)N=C(C1CC1)c1c[nH]c3ncnc-2c13,8.7,0.7279860937107758,0.7944167731326621,0.5471698113207547
c1ccc2c(c1)N=C(c1cccc3ccccc13)c1c[nH]c3ncnc-2c13,8.8,0.4413476141975346,0.8193404201946358,0.5370370370370371
CC1=Nc2ccccc2-c2ncnc3[nH]cc1c23,8.4,0.6494730919307405,0.8028149284779182,0.5918367346938775
[O-]CC1=Nc2ccccc2-c2ncnc3[nH]cc1c23,8.4,0.7081047287987494,0.7460622663483139,0.6875
c1ccc(C2=Nc3ccccc3-c3ncnc4[nH]cc2c34)cc1,9.1,0.5059191386391907,0.8278699397550441,0.58
Clc1ccc(C2=Nc3ccccc3-c3ncnc4[nH]cc2c34)cc1,9.6,0.4814596304876003,0.8221300736628402,0.5370370370370371
CCCCC1=Nc2ccccc2-c2ncnc3[nH]cc1c23,7.3,0.7771225728745924,0.7970877366875754,0.7708333333333334
O=C(O)Cc1ccsn1,4.5,0.6648306092762433,0.7767620846672458,0.1379310344827586
CCO,2.2,0.4068079656553945,0.8910825512627797,0.0652173913043478
OCCC1=Nc2ccccc2-c2ncnc3[nH]cc1c23,7.6,0.7461835887409485,0.7811195110726883,0.8444444444444444
CC,1.6,0.3727855551576051,0.805825786783401,0.0
Fc1ccccc1CC1(C2=Nc3ccccc3-c3ncnc4[nH]cc2c34)CC1,10.9,0.5388509194795251,0.7803283674577445,0.4761904761904761
CCO,2.3,0.4068079656553945,0.8910825512627797,0.0652173913043478
CC(=O)O,2.8,0.4298828832001217,0.9427854734693698,0.0204081632653061
CSCC1=Nc2ccccc2-c2ncnc3[nH]cc1c23,7.4,0.7821945116046518,0.7694538005120626,0.6470588235294118
OCC1=Nc2ccccc2-c2ncnc3[nH]cc1c23,8.0,0.6937547195203551,0.7799306729417204,0.7608695652173914
CC1=Nc2ccccc2-c2ncnc3[nH]cc1c23,8.5,0.6494730919307405,0.8028149284779182,0.5918367346938775
OCCCCC1=Nc2ccccc2-c2ncnc3[nH]cc1c23,7.0,0.7249797842530725,0.7900985355920039,1.0
CCO,2.3,0.4068079656553945,0.8910825512627797,0.0652173913043478
CCO,2.2,0.4068079656553945,0.8910825512627797,0.0652173913043478
C1=Nc2ccccc2-c2ncnc3[nH]cc1c23,8.1,0.4950098495314455,0.7872883285134424,0.4807692307692308
CC(O)CCc1ccc[nH+]c1,5.6,0.683118359013689,0.6157536605711925,0.1129032258064516
c1ccc2c(c1)N=C(C1CC1)c1c[nH]c3ncnc-2c13,8.7,0.7279860937107758,0.7944167731326621,0.5471698113207547
Clc1ccccc1CCCCCCC1=Nc2ccccc2-c2ncnc3[nH]cc1c23,9.5,0.3339589013874623,0.8039027700107473,0.7169811320754716
CCCC1CCN(CC)CC1,5.2,0.6050739768563639,0.908794999854485,0.0161290322580645
NC1=Nc2ccccc2-c2ncnc3[nH]cc1c23,8.4,0.6247927057905962,0.7947922869684843,0.6041666666666666
O=C(CC[C@H]1CN(O)C[C@@H]1O)C1=Nc2ccccc2-c2ncnc3[nH]cc1c23,8.3,0.6413447687772069,0.6516940873788063,0.4492753623188406
Cc1ccc(C2=Nc3ccccc3-c3ncnc4[nH]cc2c34)cc1,10.1,0.4982034538553195,0.823658784388734,0.5370370370370371
OCC1=Nc2ccccc2-c2ncnc3[nH]cc1c23,7.9,0.6937547195203551,0.7799306729417204,0.7608695652173914
CCCN(C)CC1=Nc2ccccc2-c2ncnc3[nH]cc1c23,7.5,0.8034358563609341,0.7767395149559627,0.5892857142857143
CC1=Nc2ccccc2-c2ncnc3[nH]cc1c23,8.5,0.6494730919307405,0.8028149284779182,0.5918367346938775
OC1=Nc2ccccc2-c2ncnc3[nH]cc1c23,8.0,0.629552056179388,0.7866477296390213,0.625
CC1=Nc2ccccc2-c2ncnc3[nH]cc1c23,8.5,0.6494730919307405,0.8028149284779182,0.5918367346938775
CCO,2.2,0.4068079656553945,0.8910825512627797,0.0652173913043478
CCCC1CC1,3.9,0.480823156308253,0.92219938352376,0.0181818181818181
CCCCC1=Nc2ccccc2-c2ncnc3[nH]cc1c23,7.5,0.7771225728745924,0.7970877366875754,0.7708333333333334
c1ccc2c(c1)N=C(C1CC1)c1c[nH]c3ncnc-2c13,8.7,0.7279860937107758,0.7944167731326621,0.5471698113207547
CCCF,2.5,0.429990770687244,0.8243316273155236,0.02
OC1=Nc2ccccc2-c2ncnc3[nH]cc1c23,7.9,0.629552056179388,0.7866477296390213,0.625
CCCC1CC1,3.9,0.480823156308253,0.92219938352376,0.0181818181818181
CCCCCC1=Nc2ccccc2-c2ncnc3[nH]cc1c23,7.4,0.7115777345076426,0.799874156893779,0.7916666666666666
O=C([O-])C1=Nc2ccccc2-c2ncnc3[nH]cc1c23,8.3,0.7024652355580373,0.7523336413608689,0.5660377358490566
O=CC1=Nc2ccccc2-c2ncnc3[nH]cc1c23,8.3,0.6712594076213102,0.7651284751395226,0.5576923076923077
O=C(O)O,2.9,0.4217263084106903,0.931287396546293,0.0212765957446808
O=C([O-])C1=Nc2ccccc2-c2ncnc3[nH]cc1c23,8.4,0.7024652355580373,0.7523336413608689,0.5660377358490566
Brc1ccc(CCC2=Nc3ccccc3-c3ncnc4[nH]cc2c34)cc1,10.3,0.4943587488504337,0.80551098690719,0.660377358490566
c1ccc2c(c1)N=C(CCC1CC1)c1c[nH]c3ncnc-2c13,8.7,0.7829630669861743,0.7856452811541342,0.6730769230769231
c1ccc2c(c1)N=C(CCCCCC1CCC1)c1c[nH]c3ncnc-2c13,8.9,0.5736736258200259,0.7933945033907066,0.6909090909090909
CCCC1(C2=Nc3ccccc3-c3ncnc4[nH]cc2c34)CC1,8.3,0.7659617441471436,0.7661413519249637,0.5172413793103449
COCC(=O)OC1=Nc2ccccc2-c2ncnc3[nH]cc1c23,7.9,0.7330538687991854,0.7734155195483852,0.5423728813559322
CN(C)C(=O)[O-],3.1,0.376628062536306,0.7614649160681385,0.0188679245283018
OC1CC1,2.8,0.4198105601545082,0.9284581230420194,0.0416666666666666
O=C([O-])CC1CC1,4.0,0.4694962017084607,0.7460016527793758,0.0350877192982456
c1ccc2c(c1)N=C(CCC1CC1)c1c[nH]c3ncnc-2c13,8.7,0.7829630669861743,0.7856452811541342,0.6730769230769231
OCCC1=Nc2ccccc2-c2ncnc3[nH]cc1c23,7.5,0.7461835887409485,0.7811195110726883,0.8444444444444444
CCC1=Nc2ccccc2-c2ncnc3[nH]cc1c23,7.9,0.7164951218238267,0.7901471564582037,0.6875
C[O-],1.3,0.3343868702191581,0.6740873252449393,0.0
c1cc(CCCC2CC2)ns1,5.0,0.671625560103004,0.7904374626336411,0.1475409836065573
OCC1=Nc2ccccc2-c2ncnc3[nH]cc1c23,7.9,0.6937547195203551,0.7799306729417204,0.7608695652173914
O=C(OC1=Nc2ccccc2-c2ncnc3[nH]cc1c23)N1CCCC1,9.4,0.6843145235296106,0.7854922280894052,0.4838709677419355
CCC(=O)OC1=Nc2ccccc2-c2ncnc3[nH]cc1c23,7.8,0.6991193705861367,0.7753976184322408,0.5344827586206896
O=C([O-])CCO,3.3,0.4303509870304232,0.6957184860878624,0.0769230769230769
c1ccc(CC2=Nc3ccccc3-c3ncnc4[nH]cc2c34)cc1,9.1,0.5998428242594298,0.81702541494128,0.66
C1=Nc2ccccc2-c2ncnc3[nH]cc1c23,8.1,0.4950098495314455,0.7872883285134424,0.4807692307692308
OCC1=Nc2ccccc2-c2ncnc3[nH]cc1c23,8.0,0.6937547195203551,0.7799306729417204,0.7608695652173914
c1ccc2c(c1)N=C(CC1CC1)c1c[nH]c3ncnc-2c13,8.4,0.7710947521793878,0.7824068433873274,0.6346153846153846
C1=CC(OC2=Nc3ccccc3-c3ncnc4[nH]cc2c34)=CC1,8.9,0.7415331397254455,0.7348309208029817,0.4754098360655737
O=C([O-])[O-],2.5,0.3115551865739392,0.6397085503924466,0.0208333333333333
COC(=O)C1=Nc2ccccc2-c2ncnc3[nH]cc1c23,8.1,0.6920695001842926,0.7921493076919278,0.5454545454545454
NO,2.5,0.3484044488507222,0.714902709860324,0.0454545454545454
O=C([O-])OC1=Nc2ccccc2-c2ncnc3[nH]cc1c23,8.3,0.6258916711311925,0.7396343013867577,0.5357142857142857
OCCC1=Nc2ccccc2-c2ncnc3[nH]cc1c23,7.7,0.7461835887409485,0.7811195110726883,0.8444444444444444
CC1=Nc2ccccc2-c2ncnc3[nH]cc1c23,8.5,0.6494730919307405,0.8028149284779182,0.5918367346938775
O=C(O)CC(=O)N1CCOCC1,5.0,0.5616701031125143,0.8837657783361921,0.0483870967741935
CN(C)O,2.4,0.3964122449830158,0.8260412427001389,0.0425531914893617
CCC(=O)C(=O)[O-],3.8,0.406706301388445,0.7253407679126087,0.037037037037037
OCCC1CC1,3.7,0.5261523732951082,0.8885868835237599,0.0769230769230769
C1=CCC(CC2=Nc3ccccc3-c3ncnc4[nH]cc2c34)CC1,9.0,0.6903640283246076,0.7098280651810094,0.559322033898305
O=C(C1=Nc2ccccc2-c2ncnc3[nH]cc1c23)N1CCCCC1,7.8,0.744485901501192,0.8013951386923157,0.5254237288135594
CCC1=Nc2ccccc2-c2ncnc3[nH]cc1c23,8.1,0.7164951218238267,0.7901471564582037,0.6875
CC(=O)N(C)C1CC1,4.1,0.48803262150995,0.8756117239821032,0.0169491525423728
CC1=Nc2ccccc2-c2ncnc3[nH]cc1c23,8.5,0.6494730919307405,0.8028149284779182,0.5918367346938775
CCCCN(C)CCC(=O)C1=Nc2ccccc2-c2ncnc3[nH]cc1c23,8.1,0.6953855339105854,0.7774460962849273,0.4923076923076923
CCC(=O)O,3.3,0.4908446664452931,0.9284024408179986,0.0392156862745098
CN(CC1=Nc2ccccc2-c2ncnc3[nH]cc1c23)Cc1ccccc1CCC(=O)O,8.2,0.462582875783289,0.7825620672220671,0.546875
CC1=Nc2ccccc2-c2ncnc3[nH]cc1c23,8.5,0.6494730919307405,0.8028149284779182,0.5918367346938775
c1c[nH+]cc(C2=Nc3ccccc3-c3ncnc4[nH]cc2c34)c1,8.9,0.5167661916440511,0.7050264614941746,0.5087719298245614
O=C(CCCN1CCC1)C1=Nc2ccccc2-c2ncnc3[nH]cc1c23,8.4,0.7709062608102704,0.7879570697716941,0.5
O=COc1ccc(C2=Nc3ccccc3-c3ncnc4[nH]cc2c34)c(Cl)c1,8.7,0.4774077627893175,0.7781340297730553,0.4461538461538462
N#CCOOC1=Nc2ccccc2-c2ncnc3[nH]cc1c23,8.1,0.4442674364467303,0.7326161687280988,0.5084745762711864
CC1=Nc2ccccc2-c2ncnc3[nH]cc1c23,8.5,0.6494730919307405,0.8028149284779182,0.5918367346938775
N#CCCCC1=Nc2ccccc2-c2ncnc3[nH]cc1c23,7.8,0.7449864943004318,0.7746928551186314,0.7254901960784313
CCCC1=Nc2ccccc2-c2ncnc3[nH]cc1c23,7.7,0.7620289695176204,0.7951249869527405,0.7291666666666666
OCC1=Nc2ccccc2-c2ncnc3[nH]cc1c23,8.0,0.6937547195203551,0.7799306729417204,0.7608695652173914
CN(C=O)CC(=O)C1=Nc2ccccc2-c2ncnc3[nH]cc1c23,7.7,0.7411868773512473,0.7420260838376012,0.5
OCCCC1=Nc2ccccc2-c2ncnc3[nH]cc1c23,7.5,0.7732710184457906,0.7867160245287663,0.9318181818181818
OCC1=Nc2ccccc2-c2ncnc3[nH]cc1c23,7.9,0.6937547195203551,0.7799306729417204,0.7608695652173914
CC(C)CN(C)CC1=Nc2ccccc2-c2ncnc3[nH]cc1c23,8.3,0.7983967766723584,0.7733413569702655,0.5789473684210527
O=C([O-])O,2.9,0.3859178578026133,0.7655200888539851,0.0204081632653061
OCCCCC1=Nc2ccccc2-c2ncnc3[nH]cc1c23,7.6,0.7249797842530725,0.7900985355920039,1.0
N#CCC1=Nc2ccccc2-c2ncnc3[nH]cc1c23,7.1,0.7292932012100998,0.7655302020765997,0.66
O=C(CC1CC1)C1=Nc2ccccc2-c2ncnc3[nH]cc1c23,8.1,0.8053979456809663,0.7793268857940797,0.5344827586206896
O=C([O-])C(=O)C1=Nc2ccccc2-c2ncnc3[nH]cc1c23,8.4,0.6858980401309905,0.7451403840000064,0.5454545454545454
CCC(=O)CC1=Nc2ccccc2-c2ncnc3[nH]cc1c23,7.4,0.8029382043582857,0.7764368011245484,0.6415094339622641
CCCC1CCN(c2ccc(C3=Nc4ccccc4-c4ncnc5[nH]cc3c45)cn2)CC1,8.5,0.4140106871427374,0.7891391496303208,0.4166666666666667
CC(=O)OO,3.3,0.3266082586902731,0.8271143289298867,0.0192307692307692
CCCCCC1=Nc2ccccc2-c2ncnc3[nH]cc1c23,7.4,0.7115777345076426,0.799874156893779,0.7916666666666666
N#Cc1cccc(C(=O)C2=Nc3ccccc3-c3ncnc4[nH]cc2c34)c1,9.7,0.5566659660113416,0.7899560356153145,0.4615384615384615
CC1=Nc2ccccc2-c2ncnc3[nH]cc1c23,8.5,0.6494730919307405,0.8028149284779182,0.5918367346938775
CCCCO,3.2,0.5128217987135145,0.9023187399035284,0.125
CC(CO)CC1=Nc2ccccc2-c2ncnc3[nH]cc1c23,7.8,0.778726844265426,0.7221232921762435,0.660377358490566
OO,2.7,0.292487473410359,0.7697180944757086,0.0227272727272727
N#CCC1=Nc2ccccc2-c2ncnc3[nH]cc1c23,7.2,0.7292932012100998,0.7655302020765997,0.66
c1ccc2c(c1)N=C(Cc1ccsn1)c1c[nH]c3ncnc-2c13,9.1,0.6119204258634627,0.7390014893648547,0.6111111111111112
Clc1ccc(C2=Nc3ccccc3-c3ncnc4[nH]cc2c34)cc1,9.6,0.4814596304876003,0.8221300736628402,0.5370370370370371
CCCCNC1=Nc2ccccc2-c2ncnc3[nH]cc1c23,8.4,0.7267357324264612,0.8007906065979211,0.5535714285714286
[O-]CO,2.5,0.3307571348530144,0.6569774230576514,0.0652173913043478
[O-]COC1=Nc2ccccc2-c2ncnc3[nH]cc1c23,8.2,0.6727605975436,0.7386290286737314,0.5660377358490566
COCCC(=O)C1=Nc2ccccc2-c2ncnc3[nH]cc1c23,7.9,0.8032736804434281,0.7795356113968351,0.5254237288135594
c1ccc(CC2=Nc3ccccc3-c3ncnc4[nH]cc2c34)cc1,9.1,0.5998428242594298,0.81702541494128,0.66
CCC1CC1,3.4,0.4410497751190364,0.92167495292128,0.0188679245283018
NN1CCCCC1,3.9,0.4448402438862314,0.8299636185913416,0.0188679245283018
OCCCCC1=Nc2ccccc2-c2ncnc3[nH]cc1c23,7.6,0.7249797842530725,0.7900985355920039,1.0
Fc1ccccc1CCCCC1=Nc2ccccc2-c2ncnc3[nH]cc1c23,9.9,0.4642046494361563,0.8043866192265458,0.7307692307692307
N#CCC1=Nc2ccccc2-c2ncnc3[nH]cc1c23,7.1,0.7292932012100998,0.7655302020765997,0.66
CC(C#N)CC(=O)C1=Nc2ccccc2-c2ncnc3[nH]cc1c23,7.9,0.8026637093013375,0.7086397522861748,0.492063492063492
[O-]c1ccc[nH+]c1,3.9,0.4306579922398938,0.4407097724374956,0.0714285714285714
c1ccc2c(c1)N=C(c1ccncc1)c1c[nH]c3ncnc-2c13,10.0,0.5146725863397894,0.8063575651731044,0.5471698113207547
CC1=Nc2ccccc2-c2ncnc3[nH]cc1c23,8.5,0.6494730919307405,0.8028149284779182,0.5918367346938775
OC1=Nc2ccccc2-c2ncnc3[nH]cc1c23,8.0,0.629552056179388,0.7866477296390213,0.625
CCC1(C2=Nc3ccccc3-c3ncnc4[nH]cc2c34)CC1,8.4,0.7660775604364197,0.7670680511245485,0.5263157894736842
CC(=O)OC1=Nc2ccccc2-c2ncnc3[nH]cc1c23,8.1,0.6407751751804236,0.7792343013867578,0.5357142857142857
c1ccc(CC2=Nc3ccccc3-c3ncnc4[nH]cc2c34)cc1,9.1,0.5998428242594298,0.81702541494128,0.66
c1ccc2c(c1)N=C(c1ccoc1)c1c[nH]c3ncnc-2c13,8.6,0.5106251742039196,0.77957331773294,0.5178571428571429
CN1CCC(C(=O)N2CCOCC2)C1,5.8,0.5846060263943136,0.8354768586670986,0.0142857142857142
O=C([O-])CO,3.2,0.3819786157444406,0.7084583848739425,0.06
Fc1ccc(C2=Nc3ccccc3-c3ncnc4[nH]cc2c34)cc1F,10.0,0.4949750058492392,0.8079810299576591,0.5087719298245614
OC1=Nc2ccccc2-c2ncnc3[nH]cc1c23,8.0,0.629552056179388,0.7866477296390213,0.625
CC1=Nc2ccccc2-c2ncnc3[nH]cc1c23,8.5,0.6494730919307405,0.8028149284779182,0.5918367346938775
O=C([O-])C1=Nc2ccccc2-c2ncnc3[nH]cc1c23,8.4,0.7024652355580373,0.7523336413608689,0.5660377358490566
CCC1=Nc2ccccc2-c2ncnc3[nH]cc1c23,7.9,0.7164951218238267,0.7901471564582037,0.6875
CCC1CC1,3.4,0.4410497751190364,0.92167495292128,0.0188679245283018
CC1CC1,2.9,0.3934207493755274,0.9587811999650964,0.0
CCCC(=O)[O-],3.6,0.456754615595673,0.7307061783955547,0.0363636363636363
CCCC1(C2=Nc3ccccc3-c3ncnc4[nH]cc2c34)CCCCC1,8.0,0.6516120072824862,0.7693685293647324,0.4918032786885246
OC1=Nc2ccccc2-c2ncnc3[nH]cc1c23,8.0,0.629552056179388,0.7866477296390213,0.625
[O-]CC1=Nc2ccccc2-c2ncnc3[nH]cc1c23,8.4,0.7081047287987494,0.7460622663483139,0.6875
CC1=Nc2ccccc2-c2ncnc3[nH]cc1c23,8.5,0.6494730919307405,0.8028149284779182,0.5918367346938775
CCCCC1=Nc2ccccc2-c2ncnc3[nH]cc1c23,7.4,0.7771225728745924,0.7970877366875754,0.7708333333333334
O=C(O)CC1CC1CC(=O)CC1=Nc2ccccc2-c2ncnc3[nH]cc1c23,9.3,0.6861482956324699,0.6741013048526905,0.5573770491803278
Cc1ccc2[nH]c(C3=Nc4ccccc4-c4ncnc5[nH]cc3c45)nc2c1,10.5,0.4638819173979442,0.7867626495393653,0.453125
FC1(F)CCN(CCC2=Nc3ccccc3-c3ncnc4[nH]cc2c34)C1,9.3,0.7793510330429959,0.7559376365733134,0.5737704918032787
O=C1Cc2ccc(cc2)CN1CC1=Nc2ccccc2-c2ncnc3[nH]cc1c23,8.9,0.577754761804659,0.662521299486507,0.5409836065573771
N#Cc1cccc(C2=Nc3ccccc3-c3ncnc4[nH]cc2c34)c1,9.6,0.5070595316658354,0.8026560534532305,0.4833333333333333
CC(C)C(=O)CC1=Nc2ccccc2-c2ncnc3[nH]cc1c23,8.3,0.8021030370952955,0.7727948814799858,0.6181818181818182
O=C(CCCCCC1=Nc2ccccc2-c2ncnc3[nH]cc1c23)N1CCCC1,9.0,0.6266535545986447,0.797571438853038,0.6610169491525424
OCC1=Nc2ccccc2-c2ncnc3[nH]cc1c23,7.9,0.6937547195203551,0.7799306729417204,0.7608695652173914
O=C([O-])CC1CC1,4.1,0.4694962017084607,0.7460016527793758,0.0350877192982456
OCCCCO,3.7,0.4690628122836084,0.8973474604468369,0.1627906976744186
CCCC1CCN(C(C)=O)CC1,5.5,0.6192033680054357,0.905451559221973,0.0307692307692307
c1ccc2c(c1)N=C(CC1CC1)c1c[nH]c3ncnc-2c13,8.4,0.7710947521793878,0.7824068433873274,0.6346153846153846
c1coc(CC2=Nc3ccccc3-c3ncnc4[nH]cc2c34)c1,8.6,0.6103123013222259,0.7816752909256126,0.6
CCCO,2.7,0.4637839830239684,0.8928427384266348,0.0851063829787234
CCOC,2.3,0.4315009980580737,0.8949213709052672,0.02
C=CCC1=Nc2ccccc2-c2ncnc3[nH]cc1c23,7.7,0.715115263607095,0.7672691851274471,0.6470588235294118
OCCCC1=Nc2ccccc2-c2ncnc3[nH]cc1c23,7.5,0.7732710184457906,0.7867160245287663,0.9318181818181818
O=C(O)C1=Nc2ccccc2-c2ncnc3[nH]cc1c23,8.2,0.7040139043324053,0.7896774079391182,0.5769230769230769
FC(F)OC1=Nc2ccccc2-c2ncnc3[nH]cc1c23,8.2,0.7464739866062636,0.7689828511976027,0.5272727272727272
CC1=Nc2ccccc2-c2ncnc3[nH]cc1c23,8.5,0.6494730919307405,0.8028149284779182,0.5918367346938775
NC1=Nc2ccccc2-c2ncnc3[nH]cc1c23,8.4,0.6247927057905962,0.7947922869684843,0.6041666666666666
CC(C)OC1=Nc2ccccc2-c2ncnc3[nH]cc1c23,8.3,0.7412485356635955,0.7795679709958372,0.5272727272727272
CC1=Nc2ccccc2-c2ncnc3[nH]cc1c23,8.5,0.6494730919307405,0.8028149284779182,0.5918367346938775
OCO,2.6,0.3419937935086324,0.8383774230576514,0.0681818181818181
c1ccc2c(c1)N=C(CCCC1=Nc3ccccc3-c3ncnc4[nH]cc1c34)c1c[nH]c3ncnc-2c13,12.3,0.3084886243303468,0.7258664055527664,0.8409090909090909
c1ccc2c(c1)N=C(c1ccsn1)c1c[nH]c3ncnc-2c13,9.7,0.5146117531500755,0.7517894016490239,0.5272727272727272
OCCCC1=Nc2ccccc2-c2ncnc3[nH]cc1c23,7.5,0.7732710184457906,0.7867160245287663,0.9318181818181818
CC(=O)O,2.8,0.4298828832001217,0.9427854734693698,0.0204081632653061
[O-]C1CC1,2.7,0.3676358332441106,0.6819025674864637,0.0
C[O-],1.4,0.3343868702191581,0.6740873252449393,0.0
CC1=Nc2ccccc2-c2ncnc3[nH]cc1c23,8.5,0.6494730919307405,0.8028149284779182,0.5918367346938775
OCC1=Nc2ccccc2-c2ncnc3[nH]cc1c23,7.9,0.6937547195203551,0.7799306729417204,0.7608695652173914
COC,1.8,0.3800398096193344,0.8936825512627795,0.0
c1ccc2c(c1)N=C(CC1CC1)c1c[nH]c3ncnc-2c13,8.5,0.7710947521793878,0.7824068433873274,0.6346153846153846
CC1=Nc2ccccc2-c2ncnc3[nH]cc1c23,8.5,0.6494730919307405,0.8028149284779182,0.5918367346938775
Nc1cccc(C2=Nc3ccccc3-c3ncnc4[nH]cc2c34)c1,9.3,0.4632839285487772,0.8060819696541726,0.5178571428571429
COCCc1ccsn1,3.9,0.6365323371560758,0.7727005698743464,0.135593220338983
OO,2.7,0.292487473410359,0.7697180944757086,0.0227272727272727
CCc1ccc[nH+]c1,4.7,0.5105201788338362,0.6267332624436414,0.0862068965517241
CC1=Nc2ccccc2-c2ncnc3[nH]cc1c23,8.5,0.6494730919307405,0.8028149284779182,0.5918367346938775
O=C(O)C1=Nc2ccccc2-c2ncnc3[nH]cc1c23,8.2,0.7040139043324053,0.7896774079391182,0.5769230769230769
[O-]O,2.3,0.2699922764697395,0.6466001457577598,0.0222222222222222
CC1=Nc2ccccc2-c2ncnc3[nH]cc1c23,8.5,0.6494730919307405,0.8028149284779182,0.5918367346938775
OCCCC1=Nc2ccccc2-c2ncnc3[nH]cc1c23,7.5,0.7732710184457906,0.7867160245287663,0.9318181818181818
CC1=Nc2ccccc2-c2ncnc3[nH]cc1c23,8.5,0.6494730919307405,0.8028149284779182,0.5918367346938775
[O-]CO,2.5,0.3307571348530144,0.6569774230576514,0.0652173913043478
c1ccc2c(c1)N=C(CC1CC1)c1c[nH]c3ncnc-2c13,8.4,0.7710947521793878,0.7824068433873274,0.6346153846153846
CCO,2.2,0.4068079656553945,0.8910825512627797,0.0652173913043478
O=C(CNCCC(=O)C1=Nc2ccccc2-c2ncnc3[nH]cc1c23)CC1=Nc2ccccc2-c2ncnc3[nH]cc1c23,9.6,0.2272162938826033,0.698503140424377,0.5396825396825397
CC(C)(C)C1=Nc2ccccc2-c2ncnc3[nH]cc1c23,8.1,0.671573777857153,0.7853275464477076,0.5576923076923077
CCCCCN,3.5,0.5130177383287362,0.9322089989083752,0.0576923076923076
CCCC1=Nc2ccccc2-c2ncnc3[nH]cc1c23,7.9,0.7620289695176204,0.7951249869527405,0.7291666666666666
c1ccc2c(c1)N=C(Cc1ccc3ccccc3c1)c1c[nH]c3ncnc-2c13,11.2,0.4546701810680354,0.8108207734257602,0.6
C1=Nc2ccccc2-c2ncnc3[nH]cc1c23,8.1,0.4950098495314455,0.7872883285134424,0.4807692307692308
CCCCO,3.2,0.5128217987135145,0.9023187399035284,0.125
CCC1=Nc2ccccc2-c2ncnc3[nH]cc1c23,7.9,0.7164951218238267,0.7901471564582037,0.6875
CCCC1CC1,3.9,0.480823156308253,0.92219938352376,0.0181818181818181
CC1=Nc2ccccc2-c2ncnc3[nH]cc1c23,8.4,0.6494730919307405,0.8028149284779182,0.5918367346938775
N#CCCO,2.9,0.4684958659524145,0.7938725860573744,0.0784313725490196
CCO,2.2,0.4068079656553945,0.8910825512627797,0.0652173913043478
c1ccc2c(c1)N=C(CC1CC1)c1c[nH]c3ncnc-2c13,8.4,0.7710947521793878,0.7824068433873274,0.6346153846153846
CO,1.8,0.3852844044738431,0.8109950175526317,0.0222222222222222
O=C([O-])C(=O)CC1=Nc2ccccc2-c2ncnc3[nH]cc1c23,8.3,0.7182837758365745,0.7351692404543448,0.6415094339622641
c1c[nH+]cc(CC2=Nc3ccccc3-c3ncnc4[nH]cc2c34)c1,9.5,0.6176888329064587,0.6968841756250408,0.5789473684210527
CCC1=Nc2ccccc2-c2ncnc3[nH]cc1c23,7.8,0.7164951218238267,0.7901471564582037,0.6875
C1=Nc2ccccc2-c2ncnc3[nH]cc1c23,8.0,0.4950098495314455,0.7872883285134424,0.4807692307692308
CCCC1=Nc2ccccc2-c2ncnc3[nH]cc1c23,7.7,0.7620289695176204,0.7951249869527405,0.7291666666666666
[O-]O,2.3,0.2699922764697395,0.6466001457577598,0.0222222222222222
CCC1CC1,3.4,0.4410497751190364,0.92167495292128,0.0188679245283018
O=C([O-])C(=O)C1=Nc2ccccc2-c2ncnc3[nH]cc1c23,8.4,0.6858980401309905,0.7451403840000064,0.5454545454545454
OCC1CC1,3.3,0.4747364180706974,0.8953566097260135,0.0588235294117647
OCO,2.6,0.3419937935086324,0.8383774230576514,0.0681818181818181
c1ccc(CCC2=Nc3ccccc3-c3ncnc4[nH]cc2c34)cc1,9.8,0.5940684088530985,0.8168767686299456,0.7142857142857143
O=C([O-])C1=Nc2ccccc2-c2ncnc3[nH]cc1c23,8.4,0.7024652355580373,0.7523336413608689,0.5660377358490566
CCCC1CC1,3.8,0.480823156308253,0.92219938352376,0.0181818181818181
CCC(=O)O,3.3,0.4908446664452931,0.9284024408179986,0.0392156862745098
c1ccc2c(c1)N=C(C1CC1)c1c[nH]c3ncnc-2c13,9.0,0.7279860937107758,0.7944167731326621,0.5471698113207547
O=C([O-])OC1=Nc2ccccc2-c2ncnc3[nH]cc1c23,8.4,0.6258916711311925,0.7396343013867577,0.5357142857142857
OCCC1=Nc2ccccc2-c2ncnc3[nH]cc1c23,7.5,0.7461835887409485,0.7811195110726883,0.8444444444444444
OC1CCN(C2=Nc3ccccc3-c3ncnc4[nH]cc2c34)CC1,8.9,0.6671521329909731,0.7954377659705324,0.5172413793103449
COCCC1=Nc2ccccc2-c2ncnc3[nH]cc1c23,7.2,0.800352306476546,0.7850840146032082,0.6862745098039216
O=C([O-])CCC1=Nc2ccccc2-c2ncnc3[nH]cc1c23,8.1,0.7924389825672372,0.7425190126630099,0.6923076923076923
O=C(OC1=Nc2ccccc2-c2ncnc3[nH]cc1c23)C1CCCC1,9.5,0.6882440283621385,0.784221957819135,0.4838709677419355
C[C@@H](CO)C1=Nc2ccccc2-c2ncnc3[nH]cc1c23,8.1,0.7564983448049416,0.7229477194561074,0.5925925925925926
NC1=Nc2ccccc2-c2ncnc3[nH]cc1c23,8.5,0.6247927057905962,0.7947922869684843,0.6041666666666666
c1ccc2c(c1)N=C(C1CC1)c1c[nH]c3ncnc-2c13,8.7,0.7279860937107758,0.7944167731326621,0.5471698113207547
C1CC1CCC1CC1,4.6,0.5235131850327532,0.8930577379681169,0.0196078431372549
CCCN(C)CCC1=Nc2ccccc2-c2ncnc3[nH]cc1c23,7.7,0.7781476851508169,0.7781939863698513,0.6363636363636364
O=C(CC(=O)C1=Nc2ccccc2-c2ncnc3[nH]cc1c23)OC1=Nc2ccccc2-c2ncnc3[nH]cc1c23,11.3,0.2536996828083502,0.7050646696835988,0.5166666666666667
OC1=Nc2ccccc2-c2ncnc3[nH]cc1c23,8.0,0.629552056179388,0.7866477296390213,0.625
COC1=Nc2ccccc2-c2ncnc3[nH]cc1c23,8.3,0.6667638467842323,0.7854977059087533,0.5576923076923077
OCOC1=Nc2ccccc2-c2ncnc3[nH]cc1c23,8.1,0.6595932097289668,0.7674206844755567,0.6274509803921569
O=CCCC1=Nc2ccccc2-c2ncnc3[nH]cc1c23,7.5,0.7472756662526858,0.767561185819089,0.6862745098039216
c1ccc2c(c1)N=C(CC1COC1)c1c[nH]c3ncnc-2c13,8.9,0.7884865199303941,0.7645430326334242,0.6
C1=Nc2ccccc2-c2ncnc3[nH]cc1c23,8.0,0.4950098495314455,0.7872883285134424,0.4807692307692308
CCCCC1=Nc2ccccc2-c2ncnc3[nH]cc1c23,7.4,0.7771225728745924,0.7970877366875754,0.7708333333333334
CC,1.6,0.3727855551576051,0.805825786783401,0.0
CCCC1=Nc2ccccc2-c2ncnc3[nH]cc1c23,7.2,0.7620289695176204,0.7951249869527405,0.7291666666666666
c1ccc2c(c1)N=C(N1CCCCC1)c1c[nH]c3ncnc-2c13,9.9,0.691236752435689,0.810853663277898,0.5178571428571429
Fc1cccc(Cl)c1C1=Nc2ccccc2-c2ncnc3[nH]cc1c23,9.6,0.4681589187790613,0.7978050552474377,0.4915254237288136
OCc1cc(CC2CCN(CC3=Nc4ccccc4-c4ncnc5[nH]cc3c45)CC2)c(Cl)s1,9.4,0.4127621353089434,0.7428597974934329,0.4729729729729729
c1ccc2c(c1)N=C(C1CC1)c1c[nH]c3ncnc-2c13,8.7,0.7279860937107758,0.7944167731326621,0.5471698113207547
CC(O)CC1=Nc2ccccc2-c2ncnc3[nH]cc1c23,7.7,0.7565948867665439,0.7266339741849851,0.6538461538461539
CC1CC1,2.9,0.3934207493755274,0.9587811999650964,0.0
c1ccc2c(c1)N=C(CC1CC1)c1c[nH]c3ncnc-2c13,8.5,0.7710947521793878,0.7824068433873274,0.6346153846153846
CC1=Nc2ccccc2-c2ncnc3[nH]cc1c23,8.4,0.6494730919307405,0.8028149284779182,0.5918367346938775
OCCCO,3.1,0.4590493065582775,0.8504039470041201,0.1363636363636363
CN([O-])C1=Nc2ccccc2-c2ncnc3[nH]cc1c23,8.7,0.6322595989615475,0.7466132169576859,0.5370370370370371
c1ccc2c(c1)N=C(C1CC1)c1c[nH]c3ncnc-2c13,9.1,0.7279860937107758,0.7944167731326621,0.5471698113207547
CCCC1=Nc2ccccc2-c2ncnc3[nH]cc1c23,7.4,0.7620289695176204,0.7951249869527405,0.7291666666666666
CC(CNC1CCCC1)CN(C)CC1=Nc2ccccc2-c2ncnc3[nH]cc1c23,9.5,0.6226187183516965,0.7156606248461308,0.4782608695652174
c1ccc2c(c1)N=C(CCC1CCC1)c1c[nH]c3ncnc-2c13,8.9,0.7659617441471435,0.7871192610220125,0.6481481481481481
OOC1=Nc2ccccc2-c2ncnc3[nH]cc1c23,8.3,0.4753226891069133,0.760996057557105,0.5882352941176471
O=C(C1=Nc2ccccc2-c2ncnc3[nH]cc1c23)N1CCC(F)(CF)C1,8.4,0.7567349538540534,0.6886432567153207,0.4705882352941176
O=C(C1=Nc2ccccc2-c2ncnc3[nH]cc1c23)N1CCCC1,8.5,0.7496099673584963,0.799861167920695,0.5344827586206896
CCCCC1=Nc2ccccc2-c2ncnc3[nH]cc1c23,7.1,0.7771225728745924,0.7970877366875754,0.7708333333333334
c1ccc2c(c1)N=C(CC1CC1)c1c[nH]c3ncnc-2c13,8.5,0.7710947521793878,0.7824068433873274,0.6346153846153846
CO,1.8,0.3852844044738431,0.8109950175526317,0.0222222222222222
CCOC,2.3,0.4315009980580737,0.8949213709052672,0.02
CC(=O)C1=Nc2ccccc2-c2ncnc3[nH]cc1c23,8.2,0.7324259024714487,0.7873506174881898,0.5660377358490566
OCC1=Nc2ccccc2-c2ncnc3[nH]cc1c23,7.9,0.6937547195203551,0.7799306729417204,0.7608695652173914
OCC1=Nc2ccccc2-c2ncnc3[nH]cc1c23,7.9,0.6937547195203551,0.7799306729417204,0.7608695652173914
CC(=O)C1=Nc2ccccc2-c2ncnc3[nH]cc1c23,8.1,0.7324259024714487,0.7873506174881898,0.5660377358490566
CCC1=Nc2ccccc2-c2ncnc3[nH]cc1c23,7.9,0.7164951218238267,0.7901471564582037,0.6875
c1ccc2c(c1)N=C(C1CC1)c1c[nH]c3ncnc-2c13,8.7,0.7279860937107758,0.7944167731326621,0.5471698113207547
c1ccc2c(c1)N=C(Cc1cccc3ccccc13)c1c[nH]c3ncnc-2c13,11.4,0.4546701810680354,0.8102892715942586,0.5892857142857143
OCC1=Nc2ccccc2-c2ncnc3[nH]cc1c23,8.0,0.6937547195203551,0.7799306729417204,0.7608695652173914
CC1=Nc2ccccc2-c2ncnc3[nH]cc1c23,8.5,0.6494730919307405,0.8028149284779182,0.5918367346938775
c1ccc2c(c1)N=C(C1CC1)c1c[nH]c3ncnc-2c13,8.7,0.7279860937107758,0.7944167731326621,0.5471698113207547
CC1=Nc2ccccc2-c2ncnc3[nH]cc1c23,8.5,0.6494730919307405,0.8028149284779182,0.5918367346938775
CCCCCC1=Nc2ccccc2-c2ncnc3[nH]cc1c23,7.7,0.7115777345076426,0.799874156893779,0.7916666666666666
CCCCN(C)CCC(=O)CO,4.8,0.6148810930289369,0.8492793564247703,0.0634920634920634
CCC(=O)c1ccc(CC2=Nc3ccccc3-c3ncnc4[nH]cc2c34)cc1,9.7,0.5225480430258973,0.8022189865947053,0.5666666666666667
CC(=O)C(=O)C1=Nc2ccccc2-c2ncnc3[nH]cc1c23,8.0,0.7328390921535625,0.7747569896166119,0.5454545454545454
FCC1=Nc2ccccc2-c2ncnc3[nH]cc1c23,8.2,0.7233229878023404,0.7675331454691929,0.6875
c1c[nH+]cc(CC2=Nc3ccccc3-c3ncnc4[nH]cc2c34)c1,9.5,0.6176888329064587,0.6968841756250408,0.5789473684210527
O=CCC(=O)C(=Nc1ccccc1-c1ncnc2[nH]ccc12)NC(=O)O,8.5,0.2784148222672531,0.7447872754834788,0.2533333333333333
O=C([O-])OC1=Nc2ccccc2-c2ncnc3[nH]cc1c23,8.2,0.6258916711311925,0.7396343013867577,0.5357142857142857
c1ccc2c(c1)N=C(OCC1CC1)c1c[nH]c3ncnc-2c13,8.7,0.7859690027132638,0.7838348669529507,0.5263157894736842
c1ccc2c(c1)N=C(C1CC1)c1c[nH]c3ncnc-2c13,9.0,0.7279860937107758,0.7944167731326621,0.5471698113207547
CCc1ccc(CN(C)CC2=Nc3ccccc3-c3ncnc4[nH]cc2c34)cc1OC,9.7,0.4966547136941334,0.784474973104007,0.4782608695652174
CCC1=Nc2ccccc2-c2ncnc3[nH]cc1c23,8.1,0.7164951218238267,0.7901471564582037,0.6875
O=C(OC1=Nc2ccccc2-c2ncnc3[nH]cc1c23)C1CCCC1,9.4,0.6882440283621385,0.784221957819135,0.4838709677419355
O=C(O)CC1=Nc2ccccc2-c2ncnc3[nH]cc1c23,8.2,0.7531301175652064,0.7851215649428737,0.6666666666666666
c1ccc2c(c1)N=C(CC1CCCC1)c1c[nH]c3ncnc-2c13,9.1,0.7494428908410188,0.788502492709336,0.6111111111111112
CC(=O)C1=Nc2ccccc2-c2ncnc3[nH]cc1c23,8.1,0.7324259024714487,0.7873506174881898,0.5660377358490566
CCC1=Nc2ccccc2-c2ncnc3[nH]cc1c23,7.9,0.7164951218238267,0.7901471564582037,0.6875
CC(=O)CC1CC1,4.1,0.5095344128763949,0.8773606271383502,0.0350877192982456
CN(C)CCC1=Nc2ccccc2-c2ncnc3[nH]cc1c23,7.5,0.8067182579957817,0.7826180511245483,0.6862745098039216
OCCCC1=Nc2ccccc2-c2ncnc3[nH]cc1c23,7.4,0.7732710184457906,0.7867160245287663,0.9318181818181818
c1ccc2c(c1)N=C(C1CCC1)c1c[nH]c3ncnc-2c13,8.3,0.73221438178842,0.795666644876161,0.5272727272727272
c1ccc(C2=Nc3ccccc3-c3ncnc4[nH]cc2c34)cc1,9.1,0.5059191386391907,0.8278699397550441,0.58
OCCC1=Nc2ccccc2-c2ncnc3[nH]cc1c23,7.3,0.7461835887409485,0.7811195110726883,0.8444444444444444
OCCC1=Nc2ccccc2-c2ncnc3[nH]cc1c23,7.6,0.7461835887409485,0.7811195110726883,0.8444444444444444
O=C([O-])OC1=Nc2ccccc2-c2ncnc3[nH]cc1c23,8.3,0.6258916711311925,0.7396343013867577,0.5357142857142857
Clc1cc(CC2=Nc3ccccc3-c3ncnc4[nH]cc2c34)ccc1Br,9.7,0.4482732202101988,0.788357069771694,0.559322033898305
OC1=Nc2ccccc2-c2ncnc3[nH]cc1c23,8.0,0.629552056179388,0.7866477296390213,0.625
CCCC,2.7,0.4310243576713091,0.9326974392813356,0.0212765957446808
FC1=Nc2ccccc2-c2ncnc3[nH]cc1c23,8.3,0.6541429566827346,0.778252083775451,0.5918367346938775
c1c[nH+]cc(CC2=Nc3ccccc3-c3ncnc4[nH]cc2c34)c1,9.5,0.6176888329064587,0.6968841756250408,0.5789473684210527
O=C([O-])C1=Nc2ccccc2-c2ncnc3[nH]cc1c23,8.4,0.7024652355580373,0.7523336413608689,0.5660377358490566
c1ccc2c(c1)N=C(CC1CC1)c1c[nH]c3ncnc-2c13,8.5,0.7710947521793878,0.7824068433873274,0.6346153846153846
c1ccc2c(c1)N=C(CC1CC1)c1c[nH]c3ncnc-2c13,8.5,0.7710947521793878,0.7824068433873274,0.6346153846153846
OC1=Nc2ccccc2-c2ncnc3[nH]cc1c23,8.0,0.629552056179388,0.7866477296390213,0.625
c1ccc2c(c1)N=C(Cc1ccsn1)c1c[nH]c3ncnc-2c13,9.1,0.6119204258634627,0.7390014893648547,0.6111111111111112
OCC1=Nc2ccccc2-c2ncnc3[nH]cc1c23,7.9,0.6937547195203551,0.7799306729417204,0.7608695652173914
CC(C)C(=O)CO,3.9,0.5405783571000348,0.833027645740663,0.0555555555555555
O=C(C1=Nc2ccccc2-c2ncnc3[nH]cc1c23)C1CC1,8.5,0.7874893456979508,0.78207838766301,0.5263157894736842
OCC1=Nc2ccccc2-c2ncnc3[nH]cc1c23,7.9,0.6937547195203551,0.7799306729417204,0.7608695652173914
OCC1=Nc2ccccc2-c2ncnc3[nH]cc1c23,8.0,0.6937547195203551,0.7799306729417204,0.7608695652173914
C1=Nc2ccccc2-c2ncnc3[nH]cc1c23,8.0,0.4950098495314455,0.7872883285134424,0.4807692307692308
OF,1.8,0.3961652337794519,0.7207386072962214,0.0222222222222222
C[C@H]1CCCC[NH2+]1,4.3,0.4451377522754944,0.5180513115661137,0.0
CC(C)(C)OC(=O)C1=Nc2ccccc2-c2ncnc3[nH]cc1c23,8.2,0.6968362539516073,0.7841776773847189,0.5084745762711864
CCC(=O)CC1=Nc2ccccc2-c2ncnc3[nH]cc1c23,7.5,0.8029382043582857,0.7764368011245484,0.6415094339622641
[O-]CC1=Nc2ccccc2-c2ncnc3[nH]cc1c23,8.4,0.7081047287987494,0.7460622663483139,0.6875
C[C@@H](SC1=Nc2ccccc2-c2ncnc3[nH]cc1c23)C(=O)CO,7.5,0.7660047301768417,0.7033690722415816,0.5245901639344263
O=C(O)N1CCCCC1,5.1,0.5326253301940864,0.9255768538980148,0.0175438596491228
CC(=O)CC(=O)O,3.9,0.5009964994211065,0.8610674647451878,0.0566037735849056
CC(=O)CC1=Nc2ccccc2-c2ncnc3[nH]cc1c23,7.9,0.7816042569955555,0.7777715018911713,0.6538461538461539
O=C(Cc1ccsn1)C1=Nc2ccccc2-c2ncnc3[nH]cc1c23,8.5,0.6171597423964879,0.7391986729958501,0.5081967213114754
CCCO,2.7,0.4637839830239684,0.8928427384266348,0.0851063829787234
c1ccc(CC2=Nc3ccccc3-c3ncnc4[nH]cc2c34)cc1,9.1,0.5998428242594298,0.81702541494128,0.66
CCCCCC(C)CNC1CCCC1,5.2,0.6131307792339326,0.841734550974791,0.044776119402985
O=C([O-])CCC1=Nc2ccccc2-c2ncnc3[nH]cc1c23,8.0,0.7924389825672372,0.7425190126630099,0.6923076923076923
CC(O)C1=Nc2ccccc2-c2ncnc3[nH]cc1c23,7.9,0.7085526120543325,0.7269088674921398,0.5660377358490566
CCCO,2.7,0.4637839830239684,0.8928427384266348,0.0851063829787234
O=C(CO)C1CCC1,4.4,0.5619964370489604,0.8625156800260589,0.0526315789473684
CC1=Nc2ccccc2-c2ncnc3[nH]cc1c23,8.4,0.6494730919307405,0.8028149284779182,0.5918367346938775
CCCCCO,3.6,0.513281356352027,0.9370609219852984,0.1458333333333333
c1ccc2c(c1)N=C(C1CCC1)c1c[nH]c3ncnc-2c13,8.3,0.73221438178842,0.795666644876161,0.5272727272727272
CC(C1=Nc2ccccc2-c2ncnc3[nH]cc1c23)C1CC(CCCC(=O)N2CCOCC2)CCO1,7.1,0.5519158530705265,0.6458792807374469,0.3809523809523809
CC[O-],2.0,0.3552683406056698,0.6897287051089334,0.0208333333333333
Cc1cccc(C2=Nc3ccccc3-c3ncnc4[nH]cc2c34)c1,9.9,0.4982034538553195,0.8170260649954513,0.5087719298245614
O=C(CC1=Nc2ccccc2-c2ncnc3[nH]cc1c23)CC1=Nc2ccccc2-c2ncnc3[nH]cc1c23,9.9,0.3356442067919375,0.7156312581985671,0.6938775510204082
c1ccc2c(c1)N=C(c1ccsn1)c1c[nH]c3ncnc-2c13,9.6,0.5146117531500755,0.7517894016490239,0.5272727272727272
OCCC1CC1,3.7,0.5261523732951082,0.8885868835237599,0.0769230769230769
O=C(CO)OC1=Nc2ccccc2-c2ncnc3[nH]cc1c23,8.6,0.6631445984999242,0.7652483395860867,0.5714285714285714
c1c[nH+]cc(C2=Nc3ccccc3-c3ncnc4[nH]cc2c34)c1,8.9,0.5167661916440511,0.7050264614941746,0.5087719298245614
OCC1=Nc2ccccc2-c2ncnc3[nH]cc1c23,8.0,0.6937547195203551,0.7799306729417204,0.7608695652173914
c1ccc(C2=Nc3ccccc3-c3ncnc4[nH]cc2c34)cc1,9.1,0.5059191386391907,0.8278699397550441,0.58
CC1=Nc2ccccc2-c2ncnc3[nH]cc1c23,8.5,0.6494730919307405,0.8028149284779182,0.5918367346938775
COCC(=O)CCCC1CC1,4.6,0.5856406443853687,0.8664553472490257,0.0625
CCC1=Nc2ccccc2-c2ncnc3[nH]cc1c23,7.9,0.7164951218238267,0.7901471564582037,0.6875
c1ccc2c(c1)N=C(N1CCCC1)c1c[nH]c3ncnc-2c13,9.6,0.6915214259645605,0.8090243666839889,0.5272727272727272
OOC1=Nc2ccccc2-c2ncnc3[nH]cc1c23,8.2,0.4753226891069133,0.760996057557105,0.5882352941176471
c1ccc2c(c1)N=C(c1ccc3ncccc3c1)c1c[nH]c3ncnc-2c13,9.5,0.4704464332755055,0.8084851495393652,0.4754098360655737
CCCC,2.8,0.4310243576713091,0.9326974392813356,0.0212765957446808
c1ccc2c(c1)N=C(N1CCCCC1)c1c[nH]c3ncnc-2c13,9.9,0.691236752435689,0.810853663277898,0.5178571428571429
CCCC1=Nc2ccccc2-c2ncnc3[nH]cc1c23,7.7,0.7620289695176204,0.7951249869527405,0.7291666666666666
c1coc(C2=Nc3ccccc3-c3ncnc4[nH]cc2c34)c1,8.6,0.5106251742039196,0.7913218025814248,0.5272727272727272
c1ccc2c(c1)N=C(CC1CC1)c1c[nH]c3ncnc-2c13,8.3,0.7710947521793878,0.7824068433873274,0.6346153846153846
CCN1CCC(F)(C(=O)N2CCCCC2)C1,6.3,0.7136277004963241,0.7695734179360686,0.0277777777777777
CN1CCC(C2=Nc3ccccc3-c3ncnc4[nH]cc2c34)CC1,9.2,0.748148713936618,0.7915705937061771,0.4833333333333333
CCCCC1=Nc2ccccc2-c2ncnc3[nH]cc1c23,7.5,0.7771225728745924,0.7970877366875754,0.7708333333333334
O=C(O)CC1CC1,4.2,0.5586731332111877,0.9106418237195468,0.0357142857142857
O=CCCCCC1=Nc2ccccc2-c2ncnc3[nH]cc1c23,7.2,0.575125153025516,0.7769362293478044,0.7450980392156863
CCCCCCCC1=Nc2ccccc2-c2ncnc3[nH]cc1c23,7.9,0.6169190876524799,0.8027623596866754,0.7755102040816326
[O-]CCCCC1=Nc2ccccc2-c2ncnc3[nH]cc1c23,7.2,0.7504665033305624,0.7429484764204065,0.7916666666666666
CC,1.6,0.3727855551576051,0.805825786783401,0.0
c1ccc2c(c1)N=C(CCC1CC1)c1c[nH]c3ncnc-2c13,8.6,0.7829630669861743,0.7856452811541342,0.6730769230769231
O=C(O)COC1=Nc2ccccc2-c2ncnc3[nH]cc1c23,8.3,0.7535978848479855,0.7861233395860867,0.5818181818181818
CCCCCO,3.5,0.513281356352027,0.9370609219852984,0.1458333333333333
OC1=Nc2ccccc2-c2ncnc3[nH]cc1c23,8.0,0.629552056179388,0.7866477296390213,0.625
C[O-],1.4,0.3343868702191581,0.6740873252449393,0.0
OCCC1CC=CCC1,4.7,0.5584852498951597,0.7689486178787043,0.0847457627118644
c1ccc2c(c1)N=C(C1=Nc3ccccc3-c3ncnc4[nH]cc1c34)c1c[nH]c3ncnc-2c13,11.0,0.3708434965388763,0.7391054207825111,0.6304347826086957
CCCCCOC(=O)C1=Nc2ccccc2-c2ncnc3[nH]cc1c23,7.9,0.5684149755415093,0.7969074788512311,0.5161290322580645
CO,1.8,0.3852844044738431,0.8109950175526317,0.0222222222222222
OCCCC1CC1,4.1,0.5640766618041295,0.8973694890366859,0.1153846153846153
CC(=O)c1ccc(N)c(OC2=Nc3ccccc3-c3ncnc4[nH]cc2c34)c1,10.2,0.4118665011086475,0.7873478796528663,0.4477611940298507
CC1=Nc2ccccc2-c2ncnc3[nH]cc1c23,8.4,0.6494730919307405,0.8028149284779182,0.5918367346938775
OO,2.7,0.292487473410359,0.7697180944757086,0.0227272727272727
CC(=O)[O-],2.7,0.3497740223042638,0.7704816273155236,0.02
CC1=Nc2ccccc2-c2ncnc3[nH]cc1c23,8.5,0.6494730919307405,0.8028149284779182,0.5918367346938775
O=C(C1=Nc2ccccc2-c2ncnc3[nH]cc1c23)C1CC1,8.4,0.7874893456979508,0.78207838766301,0.5263157894736842
O=C(O)C1=Nc2ccccc2-c2ncnc3[nH]cc1c23,8.2,0.7040139043324053,0.7896774079391182,0.5769230769230769
O=C([O-])CC1CC1,4.1,0.4694962017084607,0.7460016527793758,0.0350877192982456
CC,1.6,0.3727855551576051,0.805825786783401,0.0
O=C(CC1CC1)C1=Nc2ccccc2-c2ncnc3[nH]cc1c23,7.9,0.8053979456809663,0.7793268857940797,0.5344827586206896
CCC(C)CC1=Nc2ccccc2-c2ncnc3[nH]cc1c23,7.7,0.7720168127922438,0.7298723306377819,0.6111111111111112
CC(=O)CCCCC1=Nc2ccccc2-c2ncnc3[nH]cc1c23,7.8,0.7163266732369579,0.7894818984577634,0.75
CC(=O)CC1CC1CC(=O)O,5.2,0.6621053294492882,0.7353346237112528,0.0327868852459016
CO,1.8,0.3852844044738431,0.8109950175526317,0.0222222222222222
O=C([O-])Cc1ccc[nH+]c1,5.3,0.5134056401852177,0.5589353328846499,0.0983606557377049
O=C(O)C1=Nc2ccccc2-c2ncnc3[nH]cc1c23,8.2,0.7040139043324053,0.7896774079391182,0.5769230769230769
CC(O)C1=Nc2ccccc2-c2ncnc3[nH]cc1c23,8.7,0.7085526120543325,0.7269088674921398,0.5660377358490566
CCC1=Nc2ccccc2-c2ncnc3[nH]cc1c23,7.8,0.7164951218238267,0.7901471564582037,0.6875
O=C([O-])CCC1=Nc2ccccc2-c2ncnc3[nH]cc1c23,7.8,0.7924389825672372,0.7425190126630099,0.6923076923076923
CCc1nc(C2CCCC2)ns1,5.8,0.7025169253025593,0.8069110597214735,0.0454545454545454
Clc1c(CCC2=Nc3ccccc3-c3ncnc4[nH]cc2c34)sc2ccccc12,10.5,0.3631121263090163,0.7772916535220901,0.5833333333333334
CCC,2.2,0.3854706587740357,0.916115884596113,0.0217391304347826
CCCCNC1=Nc2ccccc2-c2ncnc3[nH]cc1c23,7.9,0.7267357324264612,0.8007906065979211,0.5535714285714286
CCCCCO,3.5,0.513281356352027,0.9370609219852984,0.1458333333333333
NO,2.4,0.3484044488507222,0.714902709860324,0.0454545454545454
OC1=Nc2ccccc2-c2ncnc3[nH]cc1c23,8.0,0.629552056179388,0.7866477296390213,0.625
c1ccc2c(c1)N=C(CCN1CCCC1)c1c[nH]c3ncnc-2c13,8.9,0.8035414390932606,0.7963147311805963,0.6481481481481481
c1ccc2c(c1)N=C(C1CC1)c1c[nH]c3ncnc-2c13,8.7,0.7279860937107758,0.7944167731326621,0.5471698113207547
CC,1.6,0.3727855551576051,0.805825786783401,0.0
O=C([O-])C(=O)CC1=Nc2ccccc2-c2ncnc3[nH]cc1c23,8.3,0.7182837758365745,0.7351692404543448,0.6415094339622641
C1=Nc2ccccc2-c2ncnc3[nH]cc1c23,8.0,0.4950098495314455,0.7872883285134424,0.4807692307692308
c1ccc2c(c1)N=C(C1CC1)c1c[nH]c3ncnc-2c13,8.7,0.7279860937107758,0.7944167731326621,0.5471698113207547
CCCC1=Nc2ccccc2-c2ncnc3[nH]cc1c23,7.2,0.7620289695176204,0.7951249869527405,0.7291666666666666
C[C@H]1CCC[C@H](CC2=Nc3ccccc3-c3ncnc4[nH]cc2c34)C1,9.7,0.6951355822954082,0.7009756525192284,0.5409836065573771
C1=CCC(CC2=Nc3ccccc3-c3ncnc4[nH]cc2c34)CC1,9.0,0.6903640283246076,0.7098280651810094,0.559322033898305
c1ccc2c(c1)N=C(C1CC1)c1c[nH]c3ncnc-2c13,8.7,0.7279860937107758,0.7944167731326621,0.5471698113207547
O=C(CO)C1=Nc2ccccc2-c2ncnc3[nH]cc1c23,7.7,0.744798695275823,0.7734022711219406,0.6037735849056604
FCCCC1=Nc2ccccc2-c2ncnc3[nH]cc1c23,7.5,0.7927877591464306,0.7725175133625134,0.7708333333333334
CC1=Nc2ccccc2-c2ncnc3[nH]cc1c23,8.4,0.6494730919307405,0.8028149284779182,0.5918367346938775
CCCC1=Nc2ccccc2-c2ncnc3[nH]cc1c23,7.7,0.7620289695176204,0.7951249869527405,0.7291666666666666
Clc1ccccc1C1=Nc2ccccc2-c2ncnc3[nH]cc1c23,8.8,0.4814596304876004,0.8180626847137609,0.5576923076923077
C1=Nc2ccccc2-c2ncnc3[nH]cc1c23,8.0,0.4950098495314455,0.7872883285134424,0.4807692307692308
OCO,2.5,0.3419937935086324,0.8383774230576514,0.0681818181818181
c1ccc2c(c1)N=C(C1CC1)c1c[nH]c3ncnc-2c13,9.0,0.7279860937107758,0.7944167731326621,0.5471698113207547
CCC1=Nc2ccccc2-c2ncnc3[nH]cc1c23,8.1,0.7164951218238267,0.7901471564582037,0.6875
CC1=Nc2ccccc2-c2ncnc3[nH]cc1c23,8.5,0.6494730919307405,0.8028149284779182,0.5918367346938775
[O-]C1=Nc2ccccc2-c2ncnc3[nH]cc1c23,8.2,0.6389823608707527,0.7567240721644204,0.5918367346938775
COC(=O)CC1=Nc2ccccc2-c2ncnc3[nH]cc1c23,7.7,0.7361787727819744,0.789014685739933,0.6296296296296297
CC1=Nc2ccccc2-c2ncnc3[nH]cc1c23,8.5,0.6494730919307405,0.8028149284779182,0.5918367346938775
CCC1=Nc2ccccc2-c2ncnc3[nH]cc1c23,8.0,0.7164951218238267,0.7901471564582037,0.6875
O=C([O-])CC(=O)O,3.8,0.4185381631634748,0.7330185959669073,0.0566037735849056
O=C(CC1=Nc2ccccc2-c2ncnc3[nH]cc1c23)CC1CC1,8.8,0.7951197204536035,0.7746915687874338,0.5964912280701754
c1ccc2c(c1)N=C(c1ccc3cc[nH]c3c1)c1c[nH]c3ncnc-2c13,10.2,0.4612908258355551,0.7908292020254051,0.4833333333333333
C1=Nc2ccccc2-c2ncnc3[nH]cc1c23,8.0,0.4950098495314455,0.7872883285134424,0.4807692307692308
CCC,2.2,0.3854706587740357,0.916115884596113,0.0217391304347826
NC1=Nc2ccccc2-c2ncnc3[nH]cc1c23,8.3,0.6247927057905962,0.7947922869684843,0.6041666666666666
CC(=O)C1=Nc2ccccc2-c2ncnc3[nH]cc1c23,8.1,0.7324259024714487,0.7873506174881898,0.5660377358490566
CCCCCCO,3.9,0.5339278817039772,0.9375889222350664,0.1428571428571428
OCCCO,2.9,0.4590493065582775,0.8504039470041201,0.1363636363636363
OCC1CC1,3.3,0.4747364180706974,0.8953566097260135,0.0588235294117647
CCc1ccc[nH+]c1,4.7,0.5105201788338362,0.6267332624436414,0.0862068965517241
O=C(CC1=Nc2ccccc2-c2ncnc3[nH]cc1c23)Cc1ccccc1,10.0,0.5963757125694082,0.8030622649239805,0.6296296296296297
O=C(CCCNC1CCCC1)N1CCOCC1,6.2,0.7331831899323007,0.8877819695390835,0.0555555555555555
CCC(=O)CC1=Nc2ccccc2-c2ncnc3[nH]cc1c23,7.4,0.8029382043582857,0.7764368011245484,0.6415094339622641
O=C(O)C1=Nc2ccccc2-c2ncnc3[nH]cc1c23,8.2,0.7040139043324053,0.7896774079391182,0.5769230769230769
O=C(CO)CO,3.4,0.4353852085134311,0.7908456655750419,0.0612244897959183
CCCC1=Nc2ccccc2-c2ncnc3[nH]cc1c23,7.8,0.7620289695176204,0.7951249869527405,0.7291666666666666
CC(=O)CCC#N,3.7,0.5127971491084182,0.8233683194460427,0.0344827586206896
O=C(C1=Nc2ccccc2-c2ncnc3[nH]cc1c23)c1ccc(CCCC2(C3=Nc4ccccc4-c4ncnc5[nH]cc3c45)CC2)cc1,11.5,0.173350565742606,0.7021900453911921,0.4714285714285714
OCC1=Nc2ccccc2-c2ncnc3[nH]cc1c23,7.9,0.6937547195203551,0.7799306729417204,0.7608695652173914
c1ccc2c(c1)N=C(OC1CCCC1)c1c[nH]c3ncnc-2c13,8.6,0.7394196169213811,0.7851004860203731,0.5
c1cc(CN2CCCCC2)ns1,5.3,0.6962588603466954,0.8311846983051121,0.1129032258064516
O=C(O)C1=Nc2ccccc2-c2ncnc3[nH]cc1c23,8.2,0.7040139043324053,0.7896774079391182,0.5769230769230769
CC(=O)C(C)=O,3.5,0.4259416894382318,0.8982471645888486,0.0204081632653061
C=CCC1=Nc2ccccc2-c2ncnc3[nH]cc1c23,7.7,0.715115263607095,0.7672691851274471,0.6470588235294118
CC1=Nc2ccccc2-c2ncnc3[nH]cc1c23,8.5,0.6494730919307405,0.8028149284779182,0.5918367346938775
O=CCCC(=O)C(=O)CCCCOC1=Nc2ccccc2-c2ncnc3[nH]cc1c23,8.0,0.3323558486141497,0.749876360052373,0.4923076923076923
OCCO,3.0,0.407527890666417,0.8581350461189423,0.0909090909090909
c1ccc2c(c1)N=C(c1cccc3ccccc13)c1c[nH]c3ncnc-2c13,8.8,0.4413476141975346,0.8193404201946358,0.5370370370370371
OCCCCc1ccsn1,4.7,0.6710863798244316,0.7843894632370562,0.2884615384615384
CCCCCO,3.6,0.513281356352027,0.9370609219852984,0.1458333333333333
c1ccc2c(c1)N=C(C1CC1)c1c[nH]c3ncnc-2c13,8.7,0.7279860937107758,0.7944167731326621,0.5471698113207547
CC(=O)CCC1=Nc2ccccc2-c2ncnc3[nH]cc1c23,7.5,0.8029382043582857,0.7845654068937792,0.6923076923076923
O=C(C1=Nc2ccccc2-c2ncnc3[nH]cc1c23)N1CCCC1,9.6,0.7496099673584963,0.799861167920695,0.5344827586206896
CC(O)CO,3.3,0.4358349966110497,0.8221502736529105,0.06
OCC1=Nc2ccccc2-c2ncnc3[nH]cc1c23,8.0,0.6937547195203551,0.7799306729417204,0.7608695652173914
CO,1.8,0.3852844044738431,0.8109950175526317,0.0222222222222222
CC,1.6,0.3727855551576051,0.805825786783401,0.0
OCC1=Nc2ccccc2-c2ncnc3[nH]cc1c23,7.9,0.6937547195203551,0.7799306729417204,0.7608695652173914
c1ccc2c(c1)N=C(CC1CC1)c1c[nH]c3ncnc-2c13,8.5,0.7710947521793878,0.7824068433873274,0.6346153846153846
O=C(CO)C1=Nc2ccccc2-c2ncnc3[nH]cc1c23,8.2,0.744798695275823,0.7734022711219406,0.6037735849056604
c1ccc2c(c1)N=C(c1ccsn1)c1c[nH]c3ncnc-2c13,9.6,0.5146117531500755,0.7517894016490239,0.5272727272727272
FC(F)CC1=Nc2ccccc2-c2ncnc3[nH]cc1c23,7.9,0.7794637916440821,0.7625407326604022,0.6470588235294118
CCC1=Nc2ccccc2-c2ncnc3[nH]cc1c23,8.1,0.7164951218238267,0.7901471564582037,0.6875
NC(=O)OC1=Nc2ccccc2-c2ncnc3[nH]cc1c23,8.4,0.6567632526294007,0.7709288789403517,0.5454545454545454
O=C(O)OC1=Nc2ccccc2-c2ncnc3[nH]cc1c23,8.3,0.6164539091792366,0.7737571261030252,0.5454545454545454
OCC1=Nc2ccccc2-c2ncnc3[nH]cc1c23,8.0,0.6937547195203551,0.7799306729417204,0.7608695652173914
c1ccc(CC2=Nc3ccccc3-c3ncnc4[nH]cc2c34)cc1,9.1,0.5998428242594298,0.81702541494128,0.66
OC1CCN(CC2=Nc3ccccc3-c3ncnc4[nH]cc2c34)CC1,8.5,0.7553162960001436,0.7863446189417961,0.5964912280701754
OCC1=Nc2ccccc2-c2ncnc3[nH]cc1c23,8.0,0.6937547195203551,0.7799306729417204,0.7608695652173914
COc1ccc(C2=Nc3ccccc3-c3ncnc4[nH]cc2c34)s1,8.9,0.5273633366455769,0.767380127834021,0.4833333333333333
CCCCC1=Nc2ccccc2-c2ncnc3[nH]cc1c23,7.3,0.7771225728745924,0.7970877366875754,0.7708333333333334
FCC1=Nc2ccccc2-c2ncnc3[nH]cc1c23,8.2,0.7233229878023404,0.7675331454691929,0.6875
FC(F)(F)C1=Nc2ccccc2-c2ncnc3[nH]cc1c23,8.7,0.6865400782482401,0.778328315678477,0.5576923076923077
CC1=Nc2ccccc2-c2ncnc3[nH]cc1c23,8.5,0.6494730919307405,0.8028149284779182,0.5918367346938775
O=C1CCCN1C1=Nc2ccccc2-c2ncnc3[nH]cc1c23,8.7,0.6934890896538839,0.7924154148681661,0.4754098360655737
COC(=O)CC1Nc2ccccc2-c2ccnc3[nH]cc1c23,7.7,0.711669858205952,0.7677824267916282,1.0
O=C(O)OC(=O)OCC1Nc2ccccc2-c2ccnc3[nH]cc1c23,8.4,0.4832315745832287,0.7277529402371964,0.6491228070175439
CC(=O)CC1Nc2ccccc2-c2ccnc3[nH]cc1c23,8.7,0.7509697575665712,0.7603699136553508,0.7959183673469388
COC(=O)CC1Nc2ccccc2-c2ccnc3[nH]cc1c23,8.1,0.711669858205952,0.7677824267916282,1.0
O=C(CC1Nc2ccccc2-c2ccnc3[nH]cc1c23)OC(=O)c1cc(Cl)cc(Br)c1,10.0,0.2730171930371435,0.7358877712357946,0.640625
CC(=O)CC1Nc2ccccc2-c2ccnc3[nH]cc1c23,8.6,0.7509697575665712,0.7603699136553508,0.7959183673469388
COC(=O)CC1Nc2ccccc2-c2ccnc3[nH]cc1c23,7.7,0.711669858205952,0.7677824267916282,1.0
CN(CC(F)(F)F)OC(=O)CC1Nc2ccccc2-c2ccnc3[nH]cc1c23,9.1,0.658321456577203,0.7022745210210173,0.711864406779661
COC(=O)CC1Nc2ccccc2-c2ccnc3[nH]cc1c23,7.9,0.711669858205952,0.7677824267916282,1.0
CC(=O)CC1Nc2ccccc2-c2ccnc3[nH]cc1c23,8.7,0.7509697575665712,0.7603699136553508,0.7959183673469388
COC,1.9,0.3800398096193344,0.8936825512627795,0.0652173913043478
COC(=O)CC1Nc2ccccc2-c2ccnc3[nH]cc1c23,8.1,0.711669858205952,0.7677824267916282,1.0
CC(=O)CC1Nc2ccccc2-c2ccnc3[nH]cc1c23,8.5,0.7509697575665712,0.7603699136553508,0.7959183673469388
CC1Nc2ccccc2-c2ccnc3[nH]cc1c23,8.4,0.6231806317439508,0.7695458725412244,0.6
CC(=O)CC1Nc2ccccc2-c2ccnc3[nH]cc1c23,8.6,0.7509697575665712,0.7603699136553508,0.7959183673469388
CC(C)(C)OC(=O)CC1Nc2ccccc2-c2ccnc3[nH]cc1c23,8.9,0.680014387426318,0.7610269621464297,0.8076923076923077
O=C(Cc1ccccc1)OC(=O)CC1Nc2ccccc2-c2ccnc3[nH]cc1c23,9.3,0.3938931569603515,0.761230380090886,0.7454545454545455
COC,1.8,0.3800398096193344,0.8936825512627795,0.0652173913043478
COC(=O)CC1Nc2ccccc2-c2ccnc3[nH]cc1c23,8.0,0.711669858205952,0.7677824267916282,1.0
COC,1.9,0.3800398096193344,0.8936825512627795,0.0652173913043478
CC(=O)CC1Nc2ccccc2-c2ccnc3[nH]cc1c23,8.7,0.7509697575665712,0.7603699136553508,0.7959183673469388
COC,1.9,0.3800398096193344,0.8936825512627795,0.0652173913043478
CCOC(=O)OC(=O)CC1Nc2ccccc2-c2ccnc3[nH]cc1c23,8.8,0.5507965253065634,0.7429396642309466,0.7636363636363637
O=C(CC1Nc2ccccc2-c2ccnc3[nH]cc1c23)Oc1ccccc1,9.2,0.4131289376657999,0.7773607271295219,0.7884615384615384
CC(=O)CC1Nc2ccccc2-c2ccnc3[nH]cc1c23,8.7,0.7509697575665712,0.7603699136553508,0.7959183673469388
COC(=O)CC1Nc2ccccc2-c2ccnc3[nH]cc1c23,8.0,0.711669858205952,0.7677824267916282,1.0
COC(=O)CC1Nc2ccccc2-c2ccnc3[nH]cc1c23,8.5,0.711669858205952,0.7677824267916282,1.0
COC(=O)CC1Nc2ccccc2-c2ccnc3[nH]cc1c23,8.5,0.711669858205952,0.7677824267916282,1.0
CC(=O)CC(=O)OC(=O)CC1Nc2ccccc2-c2ccnc3[nH]cc1c23,9.0,0.5454428668296754,0.7348575577988525,0.7924528301886793
CC(=O)CC1Nc2ccccc2-c2ccnc3[nH]cc1c23,8.7,0.7509697575665712,0.7603699136553508,0.7959183673469388
O=COONC(=O)CC1Nc2ccccc2-c2ccnc3[nH]cc1c23,8.9,0.2850700760738984,0.6971271001716305,0.6842105263157895
COC(=O)CC1Nc2ccccc2-c2ccnc3[nH]cc1c23,8.1,0.711669858205952,0.7677824267916282,1.0
c1ccc2c(c1)NC(CC1CC1)c1c[nH]c3nccc-2c13,7.4,0.7227787541828189,0.757090814277732,0.6226415094339622
COOC(C)=O,3.2,0.3383867135397289,0.7830907937801701,0.1153846153846153
CC(=O)CC1Nc2ccccc2-c2ccnc3[nH]cc1c23,8.6,0.7509697575665712,0.7603699136553508,0.7959183673469388
COC(=O)CC1Nc2ccccc2-c2ccnc3[nH]cc1c23,8.1,0.711669858205952,0.7677824267916282,1.0
COC,1.8,0.3800398096193344,0.8936825512627795,0.0652173913043478
COCOOC(=O)CC1Nc2ccccc2-c2ccnc3[nH]cc1c23,8.3,0.321368009964313,0.7156735701400182,0.7962962962962963
CC(=O)CC1Nc2ccccc2-c2ccnc3[nH]cc1c23,8.2,0.7509697575665712,0.7603699136553508,0.7959183673469388
CC(=O)CC1Nc2ccccc2-c2ccnc3[nH]cc1c23,8.6,0.7509697575665712,0.7603699136553508,0.7959183673469388
COC(=O)CC1Nc2ccccc2-c2ccnc3[nH]cc1c23,7.9,0.711669858205952,0.7677824267916282,1.0
N#CNOOC(=O)CC1Nc2ccccc2-c2ccnc3[nH]cc1c23,8.3,0.2207321505965156,0.6812371107090383,0.7192982456140351
COC(=O)CC1Nc2ccccc2-c2ccnc3[nH]cc1c23,7.9,0.711669858205952,0.7677824267916282,1.0
CC(=O)CC1Nc2ccccc2-c2ccnc3[nH]cc1c23,8.7,0.7509697575665712,0.7603699136553508,0.7959183673469388
COC(=O)CC1Nc2ccccc2-c2ccnc3[nH]cc1c23,7.8,0.711669858205952,0.7677824267916282,1.0
CC1Nc2ccccc2-c2ccnc3[nH]cc1c23,8.6,0.6231806317439508,0.7695458725412244,0.6
COC(=O)CC1Nc2ccccc2-c2ccnc3[nH]cc1c23,8.2,0.711669858205952,0.7677824267916282,1.0
CC(C)C1Nc2ccccc2-c2ccnc3[nH]cc1c23,8.2,0.6848268076495935,0.7634812812852431,0.5660377358490566
CC(=O)CC1Nc2ccccc2-c2ccnc3[nH]cc1c23,8.3,0.7509697575665712,0.7603699136553508,0.7959183673469388
COC(=O)CC1Nc2ccccc2-c2ccnc3[nH]cc1c23,8.0,0.711669858205952,0.7677824267916282,1.0
CCCCCC(=O)OC(=O)CC1Nc2ccccc2-c2ccnc3[nH]cc1c23,8.3,0.3682860008983011,0.7508796372050364,0.7368421052631579
COC(=O)CC1Nc2ccccc2-c2ccnc3[nH]cc1c23,7.9,0.711669858205952,0.7677824267916282,1.0
COOCC(=O)CC1Nc2ccccc2-c2ccnc3[nH]cc1c23,8.0,0.5567165573817142,0.7222311298940741,0.7592592592592593
CC(=O)CC1Nc2ccccc2-c2ccnc3[nH]cc1c23,8.6,0.7509697575665712,0.7603699136553508,0.7959183673469388
COC(=O)CC1Nc2ccccc2-c2ccnc3[nH]cc1c23,7.9,0.711669858205952,0.7677824267916282,1.0
CS(=O)(=O)C(=O)CC1Nc2ccccc2-c2ccnc3[nH]cc1c23,9.0,0.7474971586242827,0.7261665015812103,0.7692307692307693
CC(=O)CC1Nc2ccccc2-c2ccnc3[nH]cc1c23,8.3,0.7509697575665712,0.7603699136553508,0.7959183673469388
O=CCC1Nc2ccccc2-c2ccnc3[nH]cc1c23,8.3,0.6974516191296128,0.7405764348166913,0.6862745098039216
COC(=O)CC1Nc2ccccc2-c2ccnc3[nH]cc1c23,7.9,0.711669858205952,0.7677824267916282,1.0
O=C(CC1Nc2ccccc2-c2ccnc3[nH]cc1c23)OC(=O)CC1Nc2ccccc2-c2ccnc3[nH]cc1c23,10.4,0.1537060604394228,0.6584081065813324,0.8541666666666666
COC(=O)CC1Nc2ccccc2-c2ccnc3[nH]cc1c23,8.6,0.711669858205952,0.7677824267916282,1.0
CC(=O)CC1Nc2ccccc2-c2ccnc3[nH]cc1c23,8.6,0.7509697575665712,0.7603699136553508,0.7959183673469388
COC(=O)CC1Nc2ccccc2-c2ccnc3[nH]cc1c23,7.9,0.711669858205952,0.7677824267916282,1.0
COC,1.8,0.3800398096193344,0.8936825512627795,0.0652173913043478
COOC(=O)CC1Nc2ccccc2-c2ccnc3[nH]cc1c23,8.3,0.5737843032163442,0.7309994237745925,0.86
O=C(CC1Nc2ccccc2-c2ccnc3[nH]cc1c23)NCCO,8.3,0.5926127661750998,0.7636906903336346,0.6909090909090909
COC,1.9,0.3800398096193344,0.8936825512627795,0.0652173913043478
COC,1.9,0.3800398096193344,0.8936825512627795,0.0652173913043478
CC(=O)CC1Nc2ccccc2-c2ccnc3[nH]cc1c23,8.7,0.7509697575665712,0.7603699136553508,0.7959183673469388
COC(=O)CC1Nc2ccccc2-c2ccnc3[nH]cc1c23,8.2,0.711669858205952,0.7677824267916282,1.0
CC(=O)CC1Nc2ccccc2-c2ccnc3[nH]cc1c23,8.6,0.7509697575665712,0.7603699136553508,0.7959183673469388
COC(=O)CC1Nc2ccccc2-c2ccnc3[nH]cc1c23,8.1,0.711669858205952,0.7677824267916282,1.0
CC1Nc2ccccc2-c2ccnc3[nH]cc1c23,8.5,0.6231806317439508,0.7695458725412244,0.6
O=C(O)CC(=O)OC(=O)CC1Nc2ccccc2-c2ccnc3[nH]cc1c23,8.0,0.4798126030749758,0.7364219933632881,0.7735849056603774
COC,1.8,0.3800398096193344,0.8936825512627795,0.0652173913043478
COC(=O)CC1Nc2ccccc2-c2ccnc3[nH]cc1c23,8.3,0.711669858205952,0.7677824267916282,1.0
O=CCC1Nc2ccccc2-c2ccnc3[nH]cc1c23,8.1,0.6974516191296128,0.7405764348166913,0.6862745098039216
COC(=O)CC1Nc2ccccc2-c2ccnc3[nH]cc1c23,7.9,0.711669858205952,0.7677824267916282,1.0
Clc1cccc(CC2Nc3ccccc3-c3ccnc4[nH]cc2c34)c1,9.9,0.4966769696025092,0.780238756823013,0.559322033898305
COC(=O)CC1Nc2ccccc2-c2ccnc3[nH]cc1c23,8.5,0.711669858205952,0.7677824267916282,1.0
COC(=O)CC1Nc2ccccc2-c2ccnc3[nH]cc1c23,7.6,0.711669858205952,0.7677824267916282,1.0
COc1ccc(C2Nc3ccccc3-c3ccnc4[nH]cc2c34)cc1,9.6,0.5582562908791163,0.7973499834342397,0.5614035087719298
COC(=O)CC1Nc2ccccc2-c2ccnc3[nH]cc1c23,8.0,0.711669858205952,0.7677824267916282,1.0
COC,1.7,0.3800398096193344,0.8936825512627795,0.0652173913043478
COC,1.9,0.3800398096193344,0.8936825512627795,0.0652173913043478
O=C(Cc1ccccc1)OC(=O)CC1Nc2ccccc2-c2ccnc3[nH]cc1c23,9.3,0.3938931569603515,0.761230380090886,0.7454545454545455
COC(=O)CC1Nc2ccccc2-c2ccnc3[nH]cc1c23,8.0,0.711669858205952,0.7677824267916282,1.0
COC(=O)CC1Nc2ccccc2-c2ccnc3[nH]cc1c23,8.0,0.711669858205952,0.7677824267916282,1.0
COC(=O)CC1Nc2ccccc2-c2ccnc3[nH]cc1c23,8.2,0.711669858205952,0.7677824267916282,1.0
C#CCOC1Nc2ccccc2-c2ccnc3[nH]cc1c23,7.6,0.7054424319743824,0.7159456529874095,0.543859649122807
CC(=O)CC1Nc2ccccc2-c2ccnc3[nH]cc1c23,8.7,0.7509697575665712,0.7603699136553508,0.7959183673469388
CC(CO)NC(=O)CC1Nc2ccccc2-c2ccnc3[nH]cc1c23,9.1,0.5893863896289717,0.7282658234593994,0.6842105263157895
CC(=O)CC1Nc2ccccc2-c2ccnc3[nH]cc1c23,8.7,0.7509697575665712,0.7603699136553508,0.7959183673469388
CCCc1cccc(CC(=O)OC(=O)CC2Nc3ccccc3-c3ccnc4[nH]cc2c34)c1,9.3,0.3124462358878611,0.7469364443407929,0.6666666666666666
O=C(CC1Nc2ccccc2-c2ccnc3[nH]cc1c23)OC(=O)C1CCCC1,9.4,0.5252444709827201,0.7427543343537173,0.7192982456140351
CC(C)(O)OC(=O)CC1Nc2ccccc2-c2ccnc3[nH]cc1c23,8.8,0.5037947001177893,0.7306971679969172,0.7924528301886793
COC(=O)CC1Nc2ccccc2-c2ccnc3[nH]cc1c23,7.9,0.711669858205952,0.7677824267916282,1.0
O=CCC1Nc2ccccc2-c2ccnc3[nH]cc1c23,8.1,0.6974516191296128,0.7405764348166913,0.6862745098039216
COC(=O)CC1Nc2ccccc2-c2ccnc3[nH]cc1c23,8.4,0.711669858205952,0.7677824267916282,1.0
COC(=O)CC1Nc2ccccc2-c2ccnc3[nH]cc1c23,7.9,0.711669858205952,0.7677824267916282,1.0
CC(C)=O,2.8,0.3982369618339747,0.9272297042386004,0.0851063829787234
CC1Nc2ccccc2-c2ccnc3[nH]cc1c23,8.6,0.6231806317439508,0.7695458725412244,0.6
CCC(C)=O,3.3,0.4510508050249618,0.9060485946641524,0.1
CCCOC(=O)CC(C)=O,4.3,0.4349568888728784,0.882937065767152,0.1403508771929824
COCC(=O)OC,3.3,0.4551864133446848,0.90408968696741,0.2
CCCC(CC1(C)C(=O)OC1(C)C)C(C)(C)O,6.4,0.7539809575707642,0.651104617292409,0.0694444444444444
COC(=O)CC1Nc2ccccc2-c2ccnc3[nH]cc1c23,8.1,0.711669858205952,0.7677824267916282,1.0
O=C(CC1Nc2ccccc2-c2ccnc3[nH]cc1c23)OCC1Nc2ccccc2-c2ccnc3[nH]cc1c23,10.0,0.2053894720911781,0.6692798943360785,0.803921568627451
CC(C)COC1Nc2ccccc2-c2ccnc3[nH]cc1c23,8.4,0.7555182455996171,0.738342282560859,0.5614035087719298
CC1Nc2ccccc2-c2ccnc3[nH]cc1c23,8.6,0.6231806317439508,0.7695458725412244,0.6
c1ccc(C2Nc3ccccc3-c3ccnc4[nH]cc2c34)cc1,9.4,0.5323079821719929,0.800543808872514,0.5471698113207547
CC(=O)CC1Nc2ccccc2-c2ccnc3[nH]cc1c23,8.2,0.7509697575665712,0.7603699136553508,0.7959183673469388
O=C(CC1Nc2ccccc2-c2ccnc3[nH]cc1c23)OC(=O)c1ccco1,9.1,0.4150972387718506,0.7395625895131921,0.7068965517241379
Brn1ccc(CC2Nc3ccccc3-c3ccnc4[nH]cc2c34)c1,9.0,0.5205395800533876,0.7031581783385873,0.55
CC(=O)C(=O)CC1Nc2ccccc2-c2ccnc3[nH]cc1c23,8.6,0.7284159371261512,0.741191898464082,0.7647058823529411
O=C(Cc1cccc(O)c1)C(=O)CC1Nc2ccccc2-c2ccnc3[nH]cc1c23,10.0,0.439409711434504,0.7362102068732991,0.6333333333333333
O=C(CC1Nc2ccccc2-c2ccnc3[nH]cc1c23)OCc1ccccc1,9.2,0.5057411392076067,0.7825636541846358,0.7592592592592593
CC1Nc2ccccc2-c2ccnc3[nH]cc1c23,8.6,0.6231806317439508,0.7695458725412244,0.6
CCC1Nc2ccccc2-c2ccnc3[nH]cc1c23,8.5,0.6811323512409708,0.7686156186637452,0.6938775510204082
CC1Nc2ccccc2-c2ccnc3[nH]cc1c23,8.4,0.6231806317439508,0.7695458725412244,0.6
Clc1ccc(C2Nc3ccccc3-c3ccnc4[nH]cc2c34)cc1Cl,9.7,0.4304311552681669,0.7835077113412825,0.4833333333333333
CC(=O)CC1Nc2ccccc2-c2ccnc3[nH]cc1c23,8.5,0.7509697575665712,0.7603699136553508,0.7959183673469388
CC1Nc2ccccc2-c2ccnc3[nH]cc1c23,8.6,0.6231806317439508,0.7695458725412244,0.6
CC(=O)C1Nc2ccccc2-c2ccnc3[nH]cc1c23,8.6,0.7079770911936271,0.755194809136702,0.6346153846153846
Clc1ccc(CCC2Nc3ccccc3-c3ccnc4[nH]cc2c34)cc1,10.0,0.4718558644097194,0.7824969815802638,0.5689655172413793
COCC(C)=O,3.2,0.4823930541974598,0.85835438352376,0.1346153846153846
CC(=O)CC1Nc2ccccc2-c2ccnc3[nH]cc1c23,8.7,0.7509697575665712,0.7603699136553508,0.7959183673469388
CC1Nc2ccccc2-c2ccnc3[nH]cc1c23,8.4,0.6231806317439508,0.7695458725412244,0.6
CCC1Nc2ccccc2-c2ccnc3[nH]cc1c23,8.6,0.6811323512409708,0.7686156186637452,0.6938775510204082
CCC1Nc2ccccc2-c2ccnc3[nH]cc1c23,8.6,0.6811323512409708,0.7686156186637452,0.6938775510204082
COC(C)=O,3.0,0.382966590732514,0.9181870562026138,0.1458333333333333
CCC(F)(F)F,3.8,0.4340813746165561,0.8625276379616297,0.0384615384615384
O=C(CC1Nc2ccccc2-c2ccnc3[nH]cc1c23)c1ccccc1,9.3,0.5181751230889999,0.7835221564054388,0.7307692307692307
CC1Nc2ccccc2-c2ccnc3[nH]cc1c23,8.6,0.6231806317439508,0.7695458725412244,0.6
O=C(C1CC1)C1Nc2ccccc2-c2ccnc3[nH]cc1c23,8.4,0.7563790672640919,0.7477896383300897,0.5714285714285714
COC(=O)CCNOC(=O)CC1Nc2ccccc2-c2ccnc3[nH]cc1c23,7.7,0.3429550574712666,0.7269835308422635,0.8
CC1(CC2Nc3ccccc3-c3ccnc4[nH]cc2c34)CCC(C2Nc3ccccc3-c3ccnc4[nH]cc2c34)C1,10.5,0.1825173188252564,0.6049871260821644,0.5230769230769231
COC,1.7,0.3800398096193344,0.8936825512627795,0.0652173913043478
CC1Nc2ccccc2-c2ccnc3[nH]cc1c23,8.4,0.6231806317439508,0.7695458725412244,0.6
COOC,2.4,0.3187444544547157,0.8055042768881732,0.0638297872340425
CC(=O)CC1Nc2ccccc2-c2ccnc3[nH]cc1c23,8.0,0.7509697575665712,0.7603699136553508,0.7959183673469388
CC(=O)C1Nc2ccccc2-c2ccnc3[nH]cc1c23,8.3,0.7079770911936271,0.755194809136702,0.6346153846153846
O=C(OC1Nc2ccccc2-c2ccnc3[nH]cc1c23)c1cccc(Cl)c1,9.9,0.4744931014297095,0.7592992300506514,0.5238095238095238
O=CCC1Nc2ccccc2-c2ccnc3[nH]cc1c23,8.4,0.6974516191296128,0.7405764348166913,0.6862745098039216
N#Cc1ccc(C2Nc3ccccc3-c3ccnc4[nH]cc2c34)cc1,9.1,0.5373933846885675,0.780247280731537,0.4833333333333333
CC(=O)C(=O)CC1Nc2ccccc2-c2ccnc3[nH]cc1c23,8.8,0.7284159371261512,0.741191898464082,0.7647058823529411
COC(=O)CC1Nc2ccccc2-c2ccnc3[nH]cc1c23,8.3,0.711669858205952,0.7677824267916282,1.0
CCC(C)=O,3.3,0.4510508050249618,0.9060485946641524,0.1
O=CCC1Nc2ccccc2-c2ccnc3[nH]cc1c23,8.3,0.6974516191296128,0.7405764348166913,0.6862745098039216
COC(C)=O,3.0,0.382966590732514,0.9181870562026138,0.1458333333333333
O=CCC1Nc2ccccc2-c2ccnc3[nH]cc1c23,8.4,0.6974516191296128,0.7405764348166913,0.6862745098039216
COC(=O)CC1Nc2ccccc2-c2ccnc3[nH]cc1c23,8.0,0.711669858205952,0.7677824267916282,1.0
COCC1Nc2ccccc2-c2ccnc3[nH]cc1c23,8.4,0.7467968225892367,0.7589761740604981,0.72
CC(=O)CC1Nc2ccccc2-c2ccnc3[nH]cc1c23,8.7,0.7509697575665712,0.7603699136553508,0.7959183673469388
O=C(CC1CC1)C1Nc2ccccc2-c2ccnc3[nH]cc1c23,8.6,0.7666719701093011,0.7523385741764294,0.5964912280701754
Oc1cccc(CC2Nc3ccccc3-c3ccnc4[nH]cc2c34)c1,9.7,0.5022821656610171,0.7724884449727011,0.5862068965517241
CC(=O)CC1Nc2ccccc2-c2ccnc3[nH]cc1c23,8.6,0.7509697575665712,0.7603699136553508,0.7959183673469388
CCC(F)(F)F,3.8,0.4340813746165561,0.8625276379616297,0.0384615384615384
CC(C)=O,2.7,0.3982369618339747,0.9272297042386004,0.0851063829787234
CC1Nc2ccccc2-c2ccnc3[nH]cc1c23,8.2,0.6231806317439508,0.7695458725412244,0.6
COC(=O)CC1Nc2ccccc2-c2ccnc3[nH]cc1c23,8.1,0.711669858205952,0.7677824267916282,1.0
COCC(=O)OC,3.1,0.4551864133446848,0.90408968696741,0.2
CC(=O)C1Nc2ccccc2-c2ccnc3[nH]cc1c23,8.5,0.7079770911936271,0.755194809136702,0.6346153846153846
CC(C)(CC1Nc2ccccc2-c2ccnc3[nH]cc1c23)OC(=O)C(=O)C1Nc2ccccc2-c2ccnc3[nH]cc1c23,10.0,0.134920922667327,0.6361221532052405,0.6129032258064516
Cc1cccc(C(=O)CC2Nc3ccccc3-c3ccnc4[nH]cc2c34)c1,10.3,0.49283948021759,0.7743185095053737,0.6724137931034483
CC(=O)OC(C)(C)C(C)=O,4.2,0.5410209604607866,0.8278884464377635,0.0892857142857142
CC(C)OC(=O)CCC1Nc2ccccc2-c2ccnc3[nH]cc1c23,8.5,0.6923072258462507,0.7593082821175384,0.6842105263157895
COC(=O)C1Nc2ccccc2-c2ccnc3[nH]cc1c23,8.4,0.6721063220567792,0.7662233814989825,0.6730769230769231
CC1Nc2ccccc2-c2ccnc3[nH]cc1c23,8.6,0.6231806317439508,0.7695458725412244,0.6
CC(=O)CCC1Nc2ccccc2-c2ccnc3[nH]cc1c23,8.3,0.7645791387453474,0.7607449267916281,0.6981132075471698
COC(=O)C(C)=O,3.6,0.3383947503427681,0.8590104511705271,0.1372549019607843
CC(C)=O,2.8,0.3982369618339747,0.9272297042386004,0.0851063829787234
CC(=O)CC(C)C,4.2,0.5150193170931499,0.8743208584103461,0.1132075471698113
c1ccc2c(c1)NC(Cc1ccc(CC3Nc4ccccc4-c4ccnc5[nH]cc3c45)cc1)c1c[nH]c3nccc-2c13,9.6,0.1800619528437181,0.6842557427678907,0.6470588235294118
CCC1Nc2ccccc2-c2ccnc3[nH]cc1c23,8.5,0.6811323512409708,0.7686156186637452,0.6938775510204082
O=C(CC1Nc2ccccc2-c2ccnc3[nH]cc1c23)OCO,8.0,0.5111264137323561,0.7452432814094947,0.803921568627451
CC(=O)CC1Nc2ccccc2-c2ccnc3[nH]cc1c23,8.5,0.7509697575665712,0.7603699136553508,0.7959183673469388
COC,1.8,0.3800398096193344,0.8936825512627795,0.0652173913043478
CC(=O)CCC=O,3.6,0.4852877970057935,0.8253375502152733,0.109090909090909
COC(=O)CCC(C)=O,4.2,0.5231690070940209,0.907085776974938,0.1923076923076923
CC1Nc2ccccc2-c2ccnc3[nH]cc1c23,8.4,0.6231806317439508,0.7695458725412244,0.6
COC(=O)CC=O,3.4,0.274070544326744,0.8189418237195467,0.2156862745098039
COC(C)=O,3.0,0.382966590732514,0.9181870562026138,0.1458333333333333
CC(=O)CC(C)=O,3.8,0.4748220028701909,0.869717238500844,0.1224489795918367
O=C(CC1Nc2ccccc2-c2ccnc3[nH]cc1c23)c1ccccc1,9.6,0.5181751230889999,0.7835221564054388,0.7307692307692307
O=CCC1Nc2ccccc2-c2ccnc3[nH]cc1c23,8.3,0.6974516191296128,0.7405764348166913,0.6862745098039216
CC(=O)C1Nc2ccccc2-c2ccnc3[nH]cc1c23,8.4,0.7079770911936271,0.755194809136702,0.6346153846153846
O=C(c1ccccc1)C1Nc2ccccc2-c2ccnc3[nH]cc1c23,9.2,0.5304148278745382,0.781297176781433,0.5818181818181818
CC(=O)CCC(C)=O,4.1,0.5469153902097886,0.8877132624436415,0.1
O=CCC1Nc2ccccc2-c2ccnc3[nH]cc1c23,8.0,0.6974516191296128,0.7405764348166913,0.6862745098039216
FC(F)CCC1Nc2ccccc2-c2ccnc3[nH]cc1c23,8.4,0.7329539102651972,0.733358628714705,0.6111111111111112
COC(=O)CCC(C)=O,4.1,0.5231690070940209,0.907085776974938,0.1923076923076923
O=CCC1Nc2ccccc2-c2ccnc3[nH]cc1c23,8.0,0.6974516191296128,0.7405764348166913,0.6862745098039216
COCC1Nc2ccccc2-c2ccnc3[nH]cc1c23,8.3,0.7467968225892367,0.7589761740604981,0.72
CC(=O)CCC(C)=O,4.1,0.5469153902097886,0.8877132624436415,0.1
CC(=O)CC(C)=O,3.8,0.4748220028701909,0.869717238500844,0.1224489795918367
CCC(=O)OC,3.4,0.4378508777786624,0.8949800245494008,0.2040816326530612
CCC(C)=O,3.3,0.4510508050249618,0.9060485946641524,0.1
CC(=O)CC1Nc2ccccc2-c2ccnc3[nH]cc1c23,8.7,0.7509697575665712,0.7603699136553508,0.7959183673469388
CCC(=O)OC,3.4,0.4378508777786624,0.8949800245494008,0.2040816326530612
[N-]=[N+]c1ccccc1C1Nc2ccccc2-c2ccnc3[nH]cc1c23,9.5,0.5226998834478455,0.728522124806381,0.4915254237288136
Oc1ccc(C2Nc3ccccc3-c3ccnc4[nH]cc2c34)cc1,9.5,0.4863419569473745,0.7867440938315452,0.5357142857142857
CC[C@H](COC)NC,3.4,0.5828663499847174,0.8015953143927725,0.0862068965517241
c1ccc2c(c1)NC(COCC1Nc3ccccc3-c3ccnc4[nH]cc1c34)c1c[nH]c3nccc-2c13,11.3,0.2317025899373873,0.6701349304676901,0.68
COC(=O)CC(C)=O,3.8,0.3804020841804368,0.886378647059026,0.2
O=C(CC1Nc2ccccc2-c2ccnc3[nH]cc1c23)C1CC1,8.5,0.7666719701093012,0.7510366223968656,0.7169811320754716
c1ccc2c(c1)NC(CC1CC1)c1c[nH]c3nccc-2c13,7.2,0.7227787541828189,0.757090814277732,0.6226415094339622
COC(=O)CC=O,3.4,0.274070544326744,0.8189418237195467,0.2156862745098039
C=CCC(=O)CC1Nc2ccccc2-c2ccnc3[nH]cc1c23,8.2,0.7090295133686315,0.7284729025346383,0.6909090909090909
O=CCC(=O)CC1Nc2ccccc2-c2ccnc3[nH]cc1c23,8.4,0.5729461804653607,0.7257495959904363,0.7169811320754716
COC(=O)CC1Nc2ccccc2-c2ccnc3[nH]cc1c23,8.1,0.711669858205952,0.7677824267916282,1.0
COC(=O)C(F)(F)F,4.0,0.4491127109804482,0.8547162583950585,0.1320754716981132
COC(=O)CC1Nc2ccccc2-c2ccnc3[nH]cc1c23,8.1,0.711669858205952,0.7677824267916282,1.0
Cc1cccc(C2Nc3ccccc3-c3ccnc4[nH]cc2c34)n1,9.6,0.5458314211170261,0.7634589367351203,0.5084745762711864
c1ccc2c(c1)NC(CCOCC1Nc3ccccc3-c3ccnc4[nH]cc1c34)c1c[nH]c3nccc-2c13,10.2,0.1960154927713604,0.6679556666958298,0.6181818181818182
CC(=O)CCC1Nc2ccccc2-c2ccnc3[nH]cc1c23,8.0,0.7645791387453474,0.7607449267916281,0.6981132075471698
COC(C)=O,3.0,0.382966590732514,0.9181870562026138,0.1458333333333333
COC(=O)C(C)=O,3.6,0.3383947503427681,0.8590104511705271,0.1372549019607843
N#CCC(=O)CC1Nc2ccccc2-c2ccnc3[nH]cc1c23,8.0,0.7746119075538942,0.7310586660248793,0.6909090909090909
COC(=O)CCC(C)=O,4.1,0.5231690070940209,0.907085776974938,0.1923076923076923
CCC(C)=O,3.3,0.4510508050249618,0.9060485946641524,0.1
CC1Nc2ccccc2-c2ccnc3[nH]cc1c23,8.6,0.6231806317439508,0.7695458725412244,0.6
O=CCC(=O)N1CCC1C1Nc2ccccc2-c2ccnc3[nH]cc1c23,8.7,0.5645812520183239,0.6945620994099646,0.5151515151515151
CC1Nc2ccccc2-c2ccnc3[nH]cc1c23,8.3,0.6231806317439508,0.7695458725412244,0.6
COC(C)=O,2.9,0.382966590732514,0.9181870562026138,0.1458333333333333
CC,1.6,0.3727855551576051,0.805825786783401,0.0217391304347826
O[C@H]1CCC[C@@H]1C1Nc2ccccc2-c2ccnc3[nH]cc1c23,8.0,0.6395951714499694,0.7056989456140906,0.5
O=C(CC1Nc2ccccc2-c2ccnc3[nH]cc1c23)OCc1ccco1,8.5,0.527235244346797,0.7554697655910602,0.7068965517241379
CCC(=O)C(C)=O,3.9,0.4748220028701909,0.8345715371433778,0.0943396226415094
Cc1onc(N)c1CC1Nc2ccccc2-c2ccnc3[nH]cc1c23,9.8,0.5191165468919057,0.7319852666626736,0.5483870967741935
CC1Nc2ccccc2-c2ccnc3[nH]cc1c23,8.4,0.6231806317439508,0.7695458725412244,0.6
CC(=O)CC1Nc2ccccc2-c2ccnc3[nH]cc1c23,8.7,0.7509697575665712,0.7603699136553508,0.7959183673469388
CC1Nc2ccccc2-c2ccnc3[nH]cc1c23,8.6,0.6231806317439508,0.7695458725412244,0.6
CC1Nc2ccccc2-c2ccnc3[nH]cc1c23,8.6,0.6231806317439508,0.7695458725412244,0.6
COC(=O)CC1Nc2ccccc2-c2ccnc3[nH]cc1c23,8.2,0.711669858205952,0.7677824267916282,1.0
COC(=O)CCC=O,3.7,0.3887867206920583,0.8577772184875975,0.2075471698113207
COC(C)=O,2.9,0.382966590732514,0.9181870562026138,0.1458333333333333
CC(=O)OC(=O)CC1Nc2ccccc2-c2ccnc3[nH]cc1c23,8.8,0.5592619690747703,0.7469282695659963,0.8235294117647058
CCC=O,2.6,0.4032599029179279,0.8193008580847544,0.08
CCC(=O)C(C)=O,3.9,0.4748220028701909,0.8345715371433778,0.0943396226415094
COCC1Nc2ccccc2-c2ccnc3[nH]cc1c23,8.0,0.7467968225892367,0.7589761740604981,0.72
O=CC1Nc2ccccc2-c2ccnc3[nH]cc1c23,8.4,0.6518406824284508,0.7367120472351737,0.5961538461538461
CCC(C)=O,3.3,0.4510508050249618,0.9060485946641524,0.1
CC(=O)CCC=O,3.7,0.4852877970057935,0.8253375502152733,0.109090909090909
CC(F)CCCCCC1Nc2ccccc2-c2ccnc3[nH]cc1c23,8.1,0.541164068740518,0.7225505734886699,0.5666666666666667
CC(=O)CC1Nc2ccccc2-c2ccnc3[nH]cc1c23,8.7,0.7509697575665712,0.7603699136553508,0.7959183673469388
COC1Nc2ccccc2-c2ccnc3[nH]cc1c23,8.3,0.697319046236027,0.7458796296527562,0.64
COC(=O)CC1Nc2ccccc2-c2ccnc3[nH]cc1c23,8.3,0.711669858205952,0.7677824267916282,1.0
FC(F)(F)CC1Nc2ccccc2-c2ccnc3[nH]cc1c23,8.9,0.6867944576672145,0.744881312628014,0.6226415094339622
CC(=O)CCC1Nc2ccccc2-c2ccnc3[nH]cc1c23,8.4,0.7645791387453474,0.7607449267916281,0.6981132075471698
CCC(C)=O,3.3,0.4510508050249618,0.9060485946641524,0.1
c1ccc2c(c1)NCc1c[nH]c3nccc-2c13,8.1,0.6118603980597437,0.8168337282117835,0.4444444444444444
CC(=O)CC1Nc2ccccc2-c2ccnc3[nH]cc1c23,8.6,0.7509697575665712,0.7603699136553508,0.7959183673469388
O=C(CC1Nc2ccccc2-c2ccnc3[nH]cc1c23)c1ccccc1,9.8,0.5181751230889999,0.7835221564054388,0.7307692307692307
CC,1.6,0.3727855551576051,0.805825786783401,0.0217391304347826
Cc1nc2ccccc2n1N,5.8,0.5660454573512086,0.8771602604003905,0.1147540983606557
COC1Nc2ccccc2-c2ccnc3[nH]cc1c23,8.3,0.697319046236027,0.7458796296527562,0.64
CC,1.6,0.3727855551576051,0.805825786783401,0.0217391304347826
CC(=O)C1Nc2ccccc2-c2ccnc3[nH]cc1c23,8.4,0.7079770911936271,0.755194809136702,0.6346153846153846
c1ccc2c(c1)NC(C1CC1)c1c[nH]c3nccc-2c13,6.5,0.691857113615473,0.7696244139561956,0.5370370370370371
CC1Nc2ccccc2-c2ccnc3[nH]cc1c23,8.2,0.6231806317439508,0.7695458725412244,0.6
CCC(C)=O,3.3,0.4510508050249618,0.9060485946641524,0.1
CC,1.6,0.3727855551576051,0.805825786783401,0.0217391304347826
CC(=O)C1CC1,3.7,0.4626298374115389,0.8902189989083753,0.0943396226415094
CC(C)=O,2.8,0.3982369618339747,0.9272297042386004,0.0851063829787234
CC(=O)CC1Nc2ccccc2-c2ccnc3[nH]cc1c23,8.7,0.7509697575665712,0.7603699136553508,0.7959183673469388
CC(=O)CC1Nc2ccccc2-c2ccnc3[nH]cc1c23,8.7,0.7509697575665712,0.7603699136553508,0.7959183673469388
C[C@@H]1CN(C2Nc3ccccc3-c3ccnc4[nH]cc2c34)CCO1,9.3,0.7216348033904316,0.7137950593939429,0.46875
CC(=O)C1Nc2ccccc2-c2ccnc3[nH]cc1c23,8.6,0.7079770911936271,0.755194809136702,0.6346153846153846
C=CCN(C)OCC1Nc2ccccc2-c2ccnc3[nH]cc1c23,8.1,0.5552300662931751,0.7011539870369314,0.5833333333333334
COCC(=O)OC,3.3,0.4551864133446848,0.90408968696741,0.2
O=CCC1Nc2ccccc2-c2ccnc3[nH]cc1c23,8.3,0.6974516191296128,0.7405764348166913,0.6862745098039216
Brc1ccc(C2Nc3ccccc3-c3ccnc4[nH]cc2c34)cc1,9.8,0.4601338401725952,0.7886550364100933,0.5087719298245614
CCC(=O)OC,3.4,0.4378508777786624,0.8949800245494008,0.2040816326530612
c1ccc2c(c1)NCc1c[nH]c3nccc-2c13,8.2,0.6118603980597437,0.8168337282117835,0.4444444444444444
CC(=O)CC1Nc2ccccc2-c2ccnc3[nH]cc1c23,8.6,0.7509697575665712,0.7603699136553508,0.7959183673469388
Cn1c(C2Nc3ccccc3-c3ccnc4[nH]cc2c34)nc2ccccc21,9.9,0.4627796846186754,0.764195150206445,0.4761904761904761
CC1Nc2ccccc2-c2ccnc3[nH]cc1c23,8.3,0.6231806317439508,0.7695458725412244,0.6
COC(=O)C1Nc2ccccc2-c2ccnc3[nH]cc1c23,8.4,0.6721063220567792,0.7662233814989825,0.6730769230769231
CCC1Nc2ccccc2-c2ccnc3[nH]cc1c23,8.3,0.6811323512409708,0.7686156186637452,0.6938775510204082
COC(=O)CC(=O)OC(C)(C)C,4.4,0.4605543628635212,0.8834323051427189,0.1851851851851851
CC1Nc2ccccc2-c2ccnc3[nH]cc1c23,8.3,0.6231806317439508,0.7695458725412244,0.6
CC(F)(F)F,3.3,0.4175407165966272,0.8607737694893272,0.02
O=CC1Nc2ccccc2-c2ccnc3[nH]cc1c23,8.3,0.6518406824284508,0.7367120472351737,0.5961538461538461
CC(=O)C(C)=O,3.5,0.4259416894382318,0.8982471645888486,0.0833333333333333
O=C(O)OC(=O)CC1Nc2ccccc2-c2ccnc3[nH]cc1c23,8.5,0.493529990994962,0.7396167868458181,0.803921568627451
c1ccc2c(c1)NC(c1ccc3ccccc3n1)c1c[nH]c3nccc-2c13,8.3,0.4324888052974012,0.7721534692947639,0.4833333333333333
COC,1.9,0.3800398096193344,0.8936825512627795,0.0652173913043478
CC(=O)C(=O)CC1Nc2ccccc2-c2ccnc3[nH]cc1c23,8.5,0.7284159371261512,0.741191898464082,0.7647058823529411
Clc1ccc(OCC2Nc3ccccc3-c3ccnc4[nH]cc2c34)cc1,9.6,0.5112829792615996,0.7799675110507933,0.5964912280701754
COC(=O)C(=O)S(C)(=O)=O,3.8,0.3309913275270917,0.7878480618223789,0.1272727272727272
COC(=O)C=O,3.0,0.2430327647473278,0.8216528450622216,0.1568627450980392
NCC(=O)C1Nc2ccccc2-c2ccnc3[nH]cc1c23,8.2,0.6708561564989485,0.7418168241219334,0.6
CC1Nc2ccccc2-c2ccnc3[nH]cc1c23,8.6,0.6231806317439508,0.7695458725412244,0.6
COC(C)=O,3.0,0.382966590732514,0.9181870562026138,0.1458333333333333
CC(=O)NC(=O)CC(=O)CC1Nc2ccccc2-c2ccnc3[nH]cc1c23,9.6,0.6192242972911184,0.7340795358208304,0.6964285714285714
COC1(CC(=O)C2Nc3ccccc3-c3ccnc4[nH]cc2c34)CC1,8.4,0.7612273279377756,0.7128384103226666,0.5901639344262295
CC1Nc2ccccc2-c2ccnc3[nH]cc1c23,8.3,0.6231806317439508,0.7695458725412244,0.6
CC(=O)CC1Nc2ccccc2-c2ccnc3[nH]cc1c23,8.6,0.7509697575665712,0.7603699136553508,0.7959183673469388
CC(C)=O,2.8,0.3982369618339747,0.9272297042386004,0.0851063829787234
CC(=O)C1Nc2ccccc2-c2ccnc3[nH]cc1c23,8.6,0.7079770911936271,0.755194809136702,0.6346153846153846
COC(=O)CC(=O)CC(=O)NC(C)=O,5.4,0.4733674751047807,0.8394696785128394,0.175438596491228
O=CCC1Nc2ccccc2-c2ccnc3[nH]cc1c23,8.4,0.6974516191296128,0.7405764348166913,0.6862745098039216
CC(=O)CCC1Nc2ccccc2-c2ccnc3[nH]cc1c23,8.4,0.7645791387453474,0.7607449267916281,0.6981132075471698
CC1Nc2ccccc2-c2ccnc3[nH]cc1c23,8.5,0.6231806317439508,0.7695458725412244,0.6
O=C(CCC(F)(F)F)C(=O)CC1Nc2ccccc2-c2ccnc3[nH]cc1c23,8.9,0.629279765684933,0.7192499835331887,0.6666666666666666
COC1Nc2ccccc2-c2ccnc3[nH]cc1c23,8.3,0.697319046236027,0.7458796296527562,0.64
CC(C)CC(=O)CC1Nc2ccccc2-c2ccnc3[nH]cc1c23,8.5,0.7324524044936086,0.7499494512828302,0.7358490566037735
c1ccc2c(c1)NC(C1CC1)c1c[nH]c3nccc-2c13,7.5,0.691857113615473,0.7696244139561956,0.5370370370370371
O=C(CC1Nc2ccccc2-c2ccnc3[nH]cc1c23)c1ccccc1F,9.7,0.5011085793041782,0.7719005932444196,0.6785714285714286
COC1Nc2ccccc2-c2ccnc3[nH]cc1c23,8.0,0.697319046236027,0.7458796296527562,0.64
CC1Nc2ccccc2-c2ccnc3[nH]cc1c23,8.3,0.6231806317439508,0.7695458725412244,0.6
CC(=O)COC1Nc2ccccc2-c2ccnc3[nH]cc1c23,8.2,0.7775381701474611,0.7339009364070129,0.625
c1cncc(C2Nc3ccccc3-c3ccnc4[nH]cc2c34)c1,8.5,0.5550751170145861,0.7780936416484339,0.5087719298245614
O=CC1Nc2ccccc2-c2ccnc3[nH]cc1c23,8.0,0.6518406824284508,0.7367120472351737,0.5961538461538461
CC(=O)CC(C)=O,3.8,0.4748220028701909,0.869717238500844,0.1224489795918367
CC(=O)CC1Nc2ccccc2-c2ccnc3[nH]cc1c23,8.6,0.7509697575665712,0.7603699136553508,0.7959183673469388
COC(=O)CC1Nc2ccccc2-c2ccnc3[nH]cc1c23,8.2,0.711669858205952,0.7677824267916282,1.0
CC(=O)CC1Nc2ccccc2-c2ccnc3[nH]cc1c23,8.7,0.7509697575665712,0.7603699136553508,0.7959183673469388
c1ccc2c(c1)NC(CC1Nc3ccccc3-c3ccnc4[nH]cc1c34)c1c[nH]c3nccc-2c13,7.2,0.2319918217610886,0.6741070844828985,0.6875
CC1Nc2ccccc2-c2ccnc3[nH]cc1c23,8.4,0.6231806317439508,0.7695458725412244,0.6
CC(=O)CC1Nc2ccccc2-c2ccnc3[nH]cc1c23,8.4,0.7509697575665712,0.7603699136553508,0.7959183673469388
CC(=O)C1Nc2ccccc2-c2ccnc3[nH]cc1c23,8.6,0.7079770911936271,0.755194809136702,0.6346153846153846
O=CC1Nc2ccccc2-c2ccnc3[nH]cc1c23,8.1,0.6518406824284508,0.7367120472351737,0.5961538461538461
CC(=O)C(=O)CC1Nc2ccccc2-c2ccnc3[nH]cc1c23,8.6,0.7284159371261512,0.741191898464082,0.7647058823529411
c1ccc2c(c1)NC(C1CC1)c1c[nH]c3nccc-2c13,7.5,0.691857113615473,0.7696244139561956,0.5370370370370371
CCC(=O)N(CC)S(=O)(=O)C(C)=O,4.9,0.644481342982177,0.7624338311956005,0.0806451612903225
CC(C)=O,2.8,0.3982369618339747,0.9272297042386004,0.0851063829787234
N#CCC1Nc2ccccc2-c2ccnc3[nH]cc1c23,8.1,0.7020962187542448,0.7417279341648008,0.6346153846153846
CCC1Nc2ccccc2-c2ccnc3[nH]cc1c23,8.6,0.6811323512409708,0.7686156186637452,0.6938775510204082
CC,1.6,0.3727855551576051,0.805825786783401,0.0217391304347826
c1ccc2c(c1)NCc1c[nH]c3nccc-2c13,8.2,0.6118603980597437,0.8168337282117835,0.4444444444444444
CC,1.6,0.3727855551576051,0.805825786783401,0.0217391304347826
CCC1CC1,3.4,0.4410497751190364,0.92167495292128,0.0566037735849056
O=CCCCCNC1Nc2ccccc2-c2ccnc3[nH]cc1c23,8.2,0.4791831996586334,0.7297421436690317,0.5245901639344263
CC(=O)C=O,2.8,0.3166057628389017,0.8258150282305858,0.1
O=C(c1cccs1)C1Nc2ccccc2-c2ccnc3[nH]cc1c23,6.2,0.5260802812669486,0.7528381350016426,0.5333333333333333
CC(=O)C1Nc2ccccc2-c2ccnc3[nH]cc1c23,8.8,0.7079770911936271,0.755194809136702,0.6346153846153846
CCC1Nc2ccccc2-c2ccnc3[nH]cc1c23,8.6,0.6811323512409708,0.7686156186637452,0.6938775510204082
CC,1.6,0.3727855551576051,0.805825786783401,0.0217391304347826
NC(=O)CCC1Nc2ccccc2-c2ccnc3[nH]cc1c23,8.7,0.6936101643303824,0.7628848306377819,0.6666666666666666
COC1Nc2ccccc2-c2ccnc3[nH]cc1c23,8.0,0.697319046236027,0.7458796296527562,0.64
CC(=O)CC1Nc2ccccc2-c2ccnc3[nH]cc1c23,8.7,0.7509697575665712,0.7603699136553508,0.7959183673469388
c1ccc2c(c1)NC(O[C@@H]1CCOC1)c1c[nH]c3nccc-2c13,7.1,0.7609959005759263,0.6956332249821194,0.4761904761904761
CCC(C)=O,3.3,0.4510508050249618,0.9060485946641524,0.1
O=CC(=O)C1Nc2ccccc2-c2ccnc3[nH]cc1c23,8.4,0.5571064036740939,0.7335900902001175,0.6226415094339622
CC(=O)CC(C)=O,3.8,0.4748220028701909,0.869717238500844,0.1224489795918367
CC(=O)C1Nc2ccccc2-c2ccnc3[nH]cc1c23,8.2,0.7079770911936271,0.755194809136702,0.6346153846153846
COC,1.8,0.3800398096193344,0.8936825512627795,0.0652173913043478
COCC=O,2.5,0.4249887065644824,0.7714216984834101,0.1153846153846153
COCC1Nc2ccccc2-c2ccnc3[nH]cc1c23,8.4,0.7467968225892367,0.7589761740604981,0.72
CC(=O)CC1Nc2ccccc2-c2ccnc3[nH]cc1c23,8.7,0.7509697575665712,0.7603699136553508,0.7959183673469388
O=CCC1Nc2ccccc2-c2ccnc3[nH]cc1c23,7.9,0.6974516191296128,0.7405764348166913,0.6862745098039216
CC(=O)CC(=O)C1Nc2ccccc2-c2ccnc3[nH]cc1c23,8.3,0.7284159371261512,0.7422995907717742,0.6181818181818182
O=C(c1cc(F)cc(F)c1)C1Nc2ccccc2-c2ccnc3[nH]cc1c23,9.7,0.5015578394515884,0.7543404953740978,0.5333333333333333
CC1Nc2ccccc2-c2ccnc3[nH]cc1c23,8.6,0.6231806317439508,0.7695458725412244,0.6
CC(C)=O,2.8,0.3982369618339747,0.9272297042386004,0.0851063829787234
CCC1Nc2ccccc2-c2ccnc3[nH]cc1c23,8.5,0.6811323512409708,0.7686156186637452,0.6938775510204082
Fc1ccc(CC2Nc3ccccc3-c3ccnc4[nH]cc2c34)cc1I,10.1,0.3820241615387688,0.7528605522201502,0.532258064516129
COC(=O)C1Nc2ccccc2-c2ccnc3[nH]cc1c23,8.2,0.6721063220567792,0.7662233814989825,0.6730769230769231
Cc1cc(C2Nc3ccccc3-c3ccnc4[nH]cc2c34)ccc1CC1Nc2ccccc2-c2ccnc3[nH]cc1c23,10.6,0.1803345111106124,0.674350778246921,0.5396825396825397
CC(=O)CC1Nc2ccccc2-c2ccnc3[nH]cc1c23,8.3,0.7509697575665712,0.7603699136553508,0.7959183673469388
COC(=O)C(=O)OC,3.5,0.3125087619762163,0.8733363393667184,0.1458333333333333
c1ccc2c(c1)NCc1c[nH]c3nccc-2c13,8.1,0.6118603980597437,0.8168337282117835,0.4444444444444444
CCC1Nc2ccccc2-c2ccnc3[nH]cc1c23,8.5,0.6811323512409708,0.7686156186637452,0.6938775510204082
O=CCC1Nc2ccccc2-c2ccnc3[nH]cc1c23,8.0,0.6974516191296128,0.7405764348166913,0.6862745098039216
c1ccc(CC2Nc3ccccc3-c3ccnc4[nH]cc2c34)cc1,9.7,0.5503243699723379,0.7927611848391289,0.6346153846153846
CCC1Nc2ccccc2-c2ccnc3[nH]cc1c23,8.3,0.6811323512409708,0.7686156186637452,0.6938775510204082
O=CC1Nc2ccccc2-c2ccnc3[nH]cc1c23,8.4,0.6518406824284508,0.7367120472351737,0.5961538461538461
COC(C)=O,3.0,0.382966590732514,0.9181870562026138,0.1458333333333333
COC(=O)CC1Nc2ccccc2-c2ccnc3[nH]cc1c23,7.9,0.711669858205952,0.7677824267916282,1.0
COC(=O)CC1Nc2ccccc2-c2ccnc3[nH]cc1c23,8.0,0.711669858205952,0.7677824267916282,1.0
CC1Nc2ccccc2-c2ccnc3[nH]cc1c23,8.3,0.6231806317439508,0.7695458725412244,0.6
CCCC(=O)NC1Nc2ccccc2-c2ccnc3[nH]cc1c23,8.3,0.6925752848759269,0.7495778393888287,0.5862068965517241
CC1Nc2ccccc2-c2ccnc3[nH]cc1c23,8.4,0.6231806317439508,0.7695458725412244,0.6
COC(=O)C1Nc2ccccc2-c2ccnc3[nH]cc1c23,8.3,0.6721063220567792,0.7662233814989825,0.6730769230769231
COC,1.9,0.3800398096193344,0.8936825512627795,0.0652173913043478
CC(=O)CCC1Nc2ccccc2-c2ccnc3[nH]cc1c23,8.4,0.7645791387453474,0.7607449267916281,0.6981132075471698
O=C(OC1CN(C2Nc3ccccc3-c3ccnc4[nH]cc2c34)CCO1)c1ccccc1,10.1,0.4789234442406811,0.7125352319001705,0.4714285714285714
CCC1Nc2ccccc2-c2ccnc3[nH]cc1c23,8.2,0.6811323512409708,0.7686156186637452,0.6938775510204082
CC(=O)CC(C)=O,3.8,0.4748220028701909,0.869717238500844,0.1224489795918367
CCC1Nc2ccccc2-c2ccnc3[nH]cc1c23,8.5,0.6811323512409708,0.7686156186637452,0.6938775510204082
CC1Nc2ccccc2-c2ccnc3[nH]cc1c23,8.5,0.6231806317439508,0.7695458725412244,0.6
CC(=O)C1Nc2ccccc2-c2ccnc3[nH]cc1c23,8.6,0.7079770911936271,0.755194809136702,0.6346153846153846
CC(COC(=O)CC1Nc2ccccc2-c2ccnc3[nH]cc1c23)C(N)=O,8.9,0.6030865914236194,0.7148636977643121,0.7241379310344828
CC,1.6,0.3727855551576051,0.805825786783401,0.0217391304347826
COC,1.7,0.3800398096193344,0.8936825512627795,0.0652173913043478
CN(C)CC(=O)CC1Nc2ccccc2-c2ccnc3[nH]cc1c23,8.6,0.774713634613975,0.7418905884065761,0.7222222222222222
CC(=O)CC1Nc2ccccc2-c2ccnc3[nH]cc1c23,8.7,0.7509697575665712,0.7603699136553508,0.7959183673469388
CC(=O)C=O,2.9,0.3166057628389017,0.8258150282305858,0.1
O=CCCC1Nc2ccccc2-c2ccnc3[nH]cc1c23,8.4,0.717986654881242,0.7428017323918759,0.660377358490566
CC(C)CC1Nc2ccccc2-c2ccnc3[nH]cc1c23,8.2,0.7098083021719735,0.7645984130248337,0.6538461538461539
CCC(C)=O,3.3,0.4510508050249618,0.9060485946641524,0.1
COC(=O)CC1Nc2ccccc2-c2ccnc3[nH]cc1c23,8.3,0.711669858205952,0.7677824267916282,1.0
CC(=O)CC(=O)C1Nc2ccccc2-c2ccnc3[nH]cc1c23,8.4,0.7284159371261512,0.7422995907717742,0.6181818181818182
CCCC(=O)OC(C)C,4.5,0.5437660106866277,0.9065887870083827,0.1228070175438596
CCC(C)=O,3.3,0.4510508050249618,0.9060485946641524,0.1
CC(C)=O,2.7,0.3982369618339747,0.9272297042386004,0.0851063829787234
O=C(CC1Nc2ccccc2-c2ccnc3[nH]cc1c23)C1CC1,8.7,0.7666719701093012,0.7510366223968656,0.7169811320754716
CC(C)(C)OC(=O)C(=O)CC1Nc2ccccc2-c2ccnc3[nH]cc1c23,8.7,0.5427496162917164,0.7386720327975379,0.7142857142857143
CCC1Nc2ccccc2-c2ccnc3[nH]cc1c23,8.3,0.6811323512409708,0.7686156186637452,0.6938775510204082
O=C(c1ccc(CC2Nc3ccccc3-c3ccnc4[nH]cc2c34)cc1F)C1CC1,9.6,0.4362671356216999,0.755110648959948,0.5373134328358209
CC(=O)CC(C)C,4.2,0.5150193170931499,0.8743208584103461,0.1132075471698113
COC,1.8,0.3800398096193344,0.8936825512627795,0.0652173913043478
COCC(C)=O,3.1,0.4823930541974598,0.85835438352376,0.1346153846153846
COC(C)C1Nc2ccccc2-c2ccnc3[nH]cc1c23,7.8,0.7511509209634122,0.7178156468145019,0.5818181818181818
CC(=O)CC1Nc2ccccc2-c2ccnc3[nH]cc1c23,8.4,0.7509697575665712,0.7603699136553508,0.7959183673469388
CC(=O)C1Nc2ccccc2-c2ccnc3[nH]cc1c23,8.3,0.7079770911936271,0.755194809136702,0.6346153846153846
CCOCC1Nc2ccccc2-c2ccnc3[nH]cc1c23,7.6,0.7676780846925618,0.7587957770568884,0.660377358490566
CC(C#N)C1Nc2ccccc2-c2ccnc3[nH]cc1c23,8.3,0.7079114654765387,0.7032353189456494,0.5172413793103449
OC1CCN(C2Nc3ccccc3-c3ccnc4[nH]cc2c34)CC1,9.0,0.6445083535718016,0.7501001068326285,0.5172413793103449
COCC1Nc2ccccc2-c2ccnc3[nH]cc1c23,8.1,0.7467968225892367,0.7589761740604981,0.72
CC(=O)CC=O,3.2,0.3541944918606197,0.7723041271135034,0.1132075471698113
c1csc(C2Nc3ccccc3-c3ccnc4[nH]cc2c34)c1,8.8,0.5297547349129317,0.7685882834349848,0.5
c1ccc2c(c1)NC(CCC1CC1)c1c[nH]c3nccc-2c13,7.1,0.720642361187159,0.7561478853715098,0.6111111111111112
CC(=O)C1Nc2ccccc2-c2ccnc3[nH]cc1c23,8.7,0.7079770911936271,0.755194809136702,0.6346153846153846
CCC(C)=O,3.3,0.4510508050249618,0.9060485946641524,0.1
N#CC(=O)CC1Nc2ccccc2-c2ccnc3[nH]cc1c23,8.5,0.7095059935967599,0.7290038210223975,0.7169811320754716
COC1Nc2ccccc2-c2ccnc3[nH]cc1c23,8.0,0.697319046236027,0.7458796296527562,0.64
COC,1.9,0.3800398096193344,0.8936825512627795,0.0652173913043478
CC(C)=O,2.8,0.3982369618339747,0.9272297042386004,0.0851063829787234
CC(C)CCC1Nc2ccccc2-c2ccnc3[nH]cc1c23,8.2,0.7017640279371289,0.7569201671762436,0.6415094339622641
Cc1cc(Cl)ccc1C1Nc2ccccc2-c2ccnc3[nH]cc1c23,10.0,0.4638181154290688,0.7797814731958665,0.4918032786885246
COC(=O)CC1Nc2ccccc2-c2ccnc3[nH]cc1c23,8.5,0.711669858205952,0.7677824267916282,1.0
Clc1ccn(C2Nc3ccccc3-c3ccnc4[nH]cc2c34)n1,8.9,0.5557547726962532,0.7236515241325311,0.4833333333333333
c1ccc2c(c1)NC(CCCCC1Nc3ccccc3-c3ccnc4[nH]cc1c34)c1c[nH]c3nccc-2c13,9.9,0.18248378935727,0.6775436558996086,0.66
CC(=O)C1Nc2ccccc2-c2ccnc3[nH]cc1c23,8.6,0.7079770911936271,0.755194809136702,0.6346153846153846
O=C(CC1CC1)C1Nc2ccccc2-c2ccnc3[nH]cc1c23,8.3,0.7666719701093011,0.7523385741764294,0.5964912280701754
COC(C)=O,3.0,0.382966590732514,0.9181870562026138,0.1458333333333333
CNCCC1Nc2ccccc2-c2ccnc3[nH]cc1c23,8.1,0.6887154079984715,0.7546627745754988,0.6415094339622641
CC(=O)CC1Nc2ccccc2-c2ccnc3[nH]cc1c23,8.4,0.7509697575665712,0.7603699136553508,0.7959183673469388
CC(C)=O,2.8,0.3982369618339747,0.9272297042386004,0.0851063829787234
COC(C)=O,3.0,0.382966590732514,0.9181870562026138,0.1458333333333333
CC(=O)CC1Nc2ccccc2-c2ccnc3[nH]cc1c23,8.1,0.7509697575665712,0.7603699136553508,0.7959183673469388
COC(=O)C1Nc2ccccc2-c2ccnc3[nH]cc1c23,8.4,0.6721063220567792,0.7662233814989825,0.6730769230769231
CC(=O)CC(=O)CCCC1Nc2ccccc2-c2ccnc3[nH]cc1c23,8.6,0.647553873959381,0.7450235616668439,0.6379310344827587
CCC(C)=O,3.3,0.4510508050249618,0.9060485946641524,0.1
c1ccc2c(c1)NC(C1CCCC1)c1c[nH]c3nccc-2c13,5.7,0.6695480656730078,0.771307397654099,0.5178571428571429
N#CCC1Nc2ccccc2-c2ccnc3[nH]cc1c23,8.3,0.7020962187542448,0.7417279341648008,0.6346153846153846
O=C(CCC1Nc2ccccc2-c2ccnc3[nH]cc1c23)CC1Nc2ccccc2-c2ccnc3[nH]cc1c23,10.5,0.1974737061411449,0.6662785680761316,0.7169811320754716
O=C(CC1Nc2ccccc2-c2ccnc3[nH]cc1c23)c1ccccc1,9.7,0.5181751230889999,0.7835221564054388,0.7307692307692307
CC1Nc2ccccc2-c2ccnc3[nH]cc1c23,8.4,0.6231806317439508,0.7695458725412244,0.6
CC(CC1Nc2ccccc2-c2ccnc3[nH]cc1c23)[C@H]1CCCCC1N,9.8,0.5981834101704855,0.6541645451721878,0.53125
CCCN1CCN(C2Nc3ccccc3-c3ccnc4[nH]cc2c34)CC1,8.2,0.7586706056019898,0.7605715070547894,0.5
CC1Nc2ccccc2-c2ccnc3[nH]cc1c23,8.5,0.6231806317439508,0.7695458725412244,0.6
CC1Nc2ccccc2-c2ccnc3[nH]cc1c23,8.2,0.6231806317439508,0.7695458725412244,0.6
CC(C)=O,2.8,0.3982369618339747,0.9272297042386004,0.0851063829787234
COC(=O)CC1Nc2ccccc2-c2ccnc3[nH]cc1c23,8.5,0.711669858205952,0.7677824267916282,1.0
CC(C)(C)COC(=O)CC1Nc2ccccc2-c2ccnc3[nH]cc1c23,8.1,0.6740750036457136,0.7491708104540928,0.7777777777777778
CC(=O)C=O,2.9,0.3166057628389017,0.8258150282305858,0.1
CC(=O)CCC(=O)OCC(C)C(N)=O,5.3,0.6135824969758853,0.8077971150773551,0.109375
C=CCCN(C)CC1Nc2ccccc2-c2ccnc3[nH]cc1c23,8.1,0.69283721160374,0.7283216793446236,0.5573770491803278
O=C(O)C(=O)CC1Nc2ccccc2-c2ccnc3[nH]cc1c23,8.6,0.6466767645939635,0.7473424812146646,0.7450980392156863
O=C(CC1Nc2ccccc2-c2ccnc3[nH]cc1c23)c1nnc2ncccn12,10.1,0.4646189170776614,0.7118405271766474,0.6031746031746031
O=C(O)c1ccc(C2Nc3ccccc3-c3ccnc4[nH]cc2c34)cc1Cl,9.2,0.455361889203642,0.7773065703247881,0.5
CC(=O)CC1Nc2ccccc2-c2ccnc3[nH]cc1c23,8.7,0.7509697575665712,0.7603699136553508,0.7959183673469388
COC(=O)CC1Nc2ccccc2-c2ccnc3[nH]cc1c23,8.5,0.711669858205952,0.7677824267916282,1.0
CC(=O)CC1Nc2ccccc2-c2ccnc3[nH]cc1c23,8.5,0.7509697575665712,0.7603699136553508,0.7959183673469388
c1ccc2c(c1)NCc1c[nH]c3nccc-2c13,8.2,0.6118603980597437,0.8168337282117835,0.4444444444444444
O=C(CC1Nc2ccccc2-c2ccnc3[nH]cc1c23)C1CC1,8.5,0.7666719701093012,0.7510366223968656,0.7169811320754716
CC1Nc2ccccc2-c2ccnc3[nH]cc1c23,8.6,0.6231806317439508,0.7695458725412244,0.6
COC(=O)C(C)=O,3.6,0.3383947503427681,0.8590104511705271,0.1372549019607843
CC1Nc2ccccc2-c2ccnc3[nH]cc1c23,8.5,0.6231806317439508,0.7695458725412244,0.6
Cc1ccc(CC2Nc3ccccc3-c3ccnc4[nH]cc2c34)c(C)c1,10.6,0.5020827288079672,0.7723716858233892,0.576271186440678
CN,1.8,0.3846582089034356,0.7782360431936574,0.0212765957446808
CCC(=O)OC,3.4,0.4378508777786624,0.8949800245494008,0.2040816326530612
CC(=O)C#N,2.8,0.3783097675411865,0.8141702729858307,0.0769230769230769
COC(=O)CC1Nc2ccccc2-c2ccnc3[nH]cc1c23,8.3,0.711669858205952,0.7677824267916282,1.0
CC(=O)CC1Nc2ccccc2-c2ccnc3[nH]cc1c23,8.6,0.7509697575665712,0.7603699136553508,0.7959183673469388
O=C(CC1Nc2ccccc2-c2ccnc3[nH]cc1c23)OCc1ccccc1,9.2,0.5057411392076067,0.7825636541846358,0.7592592592592593
CCC(=O)OC,3.4,0.4378508777786624,0.8949800245494008,0.2040816326530612
COC(=O)CC1Nc2ccccc2-c2ccnc3[nH]cc1c23,8.1,0.711669858205952,0.7677824267916282,1.0
CC(C)CC(F)CC1Nc2ccccc2-c2ccnc3[nH]cc1c23,8.4,0.6680746480480334,0.7002948317179651,0.5862068965517241
CC1Nc2ccccc2-c2ccnc3[nH]cc1c23,8.4,0.6231806317439508,0.7695458725412244,0.6
Clc1cc(C2Nc3ccccc3-c3ccnc4[nH]cc2c34)ccc1CC1Nc2ccccc2-c2ccnc3[nH]cc1c23,8.6,0.1730114256226854,0.6751925013238441,0.515625
COC,1.7,0.3800398096193344,0.8936825512627795,0.0652173913043478
COC(=O)CCC(C)=O,4.2,0.5231690070940209,0.907085776974938,0.1923076923076923
O=CNC(=O)CNC(=O)CC(=O)CC1Nc2ccccc2-c2ccnc3[nH]cc1c23,9.4,0.3472055399149551,0.7142480618277538,0.6229508196721312
CC(=O)CC1Nc2ccccc2-c2ccnc3[nH]cc1c23,8.3,0.7509697575665712,0.7603699136553508,0.7959183673469388
COC1Nc2ccccc2-c2ccnc3[nH]cc1c23,8.1,0.697319046236027,0.7458796296527562,0.64
C=CCC(=O)C(=O)CCC(F)(F)F,5.4,0.4953952176013413,0.7728891342259036,0.0625
O=C(CC1Nc2ccccc2-c2ccnc3[nH]cc1c23)Oc1ccc(O)cc1,9.7,0.367025987999385,0.7661428897008093,0.7454545454545455
CC,1.6,0.3727855551576051,0.805825786783401,0.0217391304347826
CC(=O)CC(C)C1Nc2ccccc2-c2ccnc3[nH]cc1c23,8.8,0.7577153320956096,0.7177410287725319,0.5862068965517241
O=CCC(=O)CC1Nc2ccccc2-c2ccnc3[nH]cc1c23,8.0,0.5729461804653607,0.7257495959904363,0.7169811320754716
COC1Nc2ccccc2-c2ccnc3[nH]cc1c23,8.1,0.697319046236027,0.7458796296527562,0.64
CCC1Nc2ccccc2-c2ccnc3[nH]cc1c23,8.5,0.6811323512409708,0.7686156186637452,0.6938775510204082
COC(=O)CC1Nc2ccccc2-c2ccnc3[nH]cc1c23,8.5,0.711669858205952,0.7677824267916282,1.0
O=CNC1Nc2ccccc2-c2ccnc3[nH]cc1c23,8.6,0.6223993648094639,0.7239182861856612,0.5740740740740741
CC(C)(C)C1Nc2ccccc2-c2ccnc3[nH]cc1c23,9.1,0.6226636255566177,0.7564065214737618,0.5660377358490566
CCCN=C(O)CC1Nc2ccccc2-c2ccnc3[nH]cc1c23,8.4,0.4908707786994358,0.7224834375863818,0.6607142857142857
CN(C)CC1Nc2ccccc2-c2ccnc3[nH]cc1c23,8.3,0.7559548635868751,0.7552599514863721,0.6538461538461539
O=C(CC1Nc2ccccc2-c2ccnc3[nH]cc1c23)C1CC1,8.2,0.7666719701093012,0.7510366223968656,0.7169811320754716
O=C(Nc1ccccc1Br)C1Nc2ccccc2-c2ccnc3[nH]cc1c23,9.2,0.4236598456035749,0.7735046828257244,0.5245901639344263
COC(C)=O,2.9,0.382966590732514,0.9181870562026138,0.1458333333333333
C=CC,2.2,0.3570688167166915,0.7770235769038052,0.02
c1ccc(C2Nc3ccccc3-c3ccnc4[nH]cc2c34)nc1,8.7,0.5550751170145861,0.7712129281590246,0.5272727272727272
CC(=O)C1Nc2ccccc2-c2ccnc3[nH]cc1c23,8.5,0.7079770911936271,0.755194809136702,0.6346153846153846
Cc1ccc(C2Nc3ccccc3-c3ccnc4[nH]cc2c34)cc1,9.7,0.5160429550613372,0.7959958814805158,0.5357142857142857
CC(=O)C1Nc2ccccc2-c2ccnc3[nH]cc1c23,8.7,0.7079770911936271,0.755194809136702,0.6346153846153846
CCC1Nc2ccccc2-c2ccnc3[nH]cc1c23,8.6,0.6811323512409708,0.7686156186637452,0.6938775510204082
COC(C)=O,3.0,0.382966590732514,0.9181870562026138,0.1458333333333333
O=CCC1Nc2ccccc2-c2ccnc3[nH]cc1c23,8.4,0.6974516191296128,0.7405764348166913,0.6862745098039216
CCC(C)=O,3.3,0.4510508050249618,0.9060485946641524,0.1
COC(=O)CC(C)=O,3.8,0.3804020841804368,0.886378647059026,0.2
N#CC1Nc2ccccc2-c2ccnc3[nH]cc1c23,7.9,0.6397247232686378,0.7329288054769321,0.5370370370370371
COC(C)=O,3.0,0.382966590732514,0.9181870562026138,0.1458333333333333
CCC(=O)C(C)=O,3.9,0.4748220028701909,0.8345715371433778,0.0943396226415094
c1ccc(C2Nc3ccccc3-c3ccnc4[nH]cc2c34)cc1,9.4,0.5323079821719929,0.800543808872514,0.5471698113207547
CCNC(=O)C(=O)C1Nc2ccccc2-c2ccnc3[nH]cc1c23,8.9,0.646800017883632,0.7417160064667766,0.5862068965517241
OCCCCC1Nc2ccccc2-c2ccnc3[nH]cc1c23,8.3,0.6401027751043211,0.7650551043064211,0.6296296296296297
CCCC1Nc2ccccc2-c2ccnc3[nH]cc1c23,8.4,0.7145032431531244,0.7692400593277733,0.6666666666666666
O=CCC1Nc2ccccc2-c2ccnc3[nH]cc1c23,8.4,0.6974516191296128,0.7405764348166913,0.6862745098039216
COC1Nc2ccccc2-c2ccnc3[nH]cc1c23,8.3,0.697319046236027,0.7458796296527562,0.64
CC1Nc2ccccc2-c2ccnc3[nH]cc1c23,8.5,0.6231806317439508,0.7695458725412244,0.6
CC1Nc2ccccc2-c2ccnc3[nH]cc1c23,8.4,0.6231806317439508,0.7695458725412244,0.6
CC1Nc2ccccc2-c2ccnc3[nH]cc1c23,8.6,0.6231806317439508,0.7695458725412244,0.6
CON1CCN(C2Nc3ccccc3-c3ccnc4[nH]cc2c34)CC1,8.6,0.7541423582648594,0.7303832474675036,0.5423728813559322
O=C([N-]c1ccccc1)C1Nc2ccccc2-c2ccnc3[nH]cc1c23,9.4,0.5438242153748541,0.690008869692152,0.5517241379310345
CCC1(OC)CC1,3.8,0.5115395887396084,0.7976939604716835,0.0714285714285714
O=CC(CC(F)CC1Nc2ccccc2-c2ccnc3[nH]cc1c23)c1ccc(Cl)cc1,9.9,0.3433186188788936,0.6627093334125256,0.5223880597014925
CC(=O)CC1Nc2ccccc2-c2ccnc3[nH]cc1c23,8.6,0.7509697575665712,0.7603699136553508,0.7959183673469388
CC1Nc2ccccc2-c2ccnc3[nH]cc1c23,8.6,0.6231806317439508,0.7695458725412244,0.6
Cc1cccc(CC2Nc3ccccc3-c3ccnc4[nH]cc2c34)c1C,10.3,0.5020827288079672,0.7688646008031462,0.5862068965517241
CC(=O)CC1Nc2ccccc2-c2ccnc3[nH]cc1c23,8.5,0.7509697575665712,0.7603699136553508,0.7959183673469388
CCCCC(=O)NC1Nc2ccccc2-c2ccnc3[nH]cc1c23,8.5,0.6812501409528682,0.75322519582814,0.5666666666666667
CCC1Nc2ccccc2-c2ccnc3[nH]cc1c23,8.1,0.6811323512409708,0.7686156186637452,0.6938775510204082
CC,1.6,0.3727855551576051,0.805825786783401,0.0217391304347826
Fc1ccc(C2Nc3ccccc3-c3ccnc4[nH]cc2c34)cc1Cl,9.9,0.4735692792391124,0.7805536544392804,0.4603174603174603
COC(=O)CC1Nc2ccccc2-c2ccnc3[nH]cc1c23,8.5,0.711669858205952,0.7677824267916282,1.0
O=C(CCC(F)OC(=O)C1Nc2ccccc2-c2ccnc3[nH]cc1c23)C(=O)CC1Nc2ccccc2-c2ccnc3[nH]cc1c23,9.8,0.1116706371574474,0.6012941181052357,0.6
CC#N,2.0,0.3869805798690774,0.7375979358781642,0.02
CC1Nc2ccccc2-c2ccnc3[nH]cc1c23,8.2,0.6231806317439508,0.7695458725412244,0.6
COC1Nc2ccccc2-c2ccnc3[nH]cc1c23,8.4,0.697319046236027,0.7458796296527562,0.64
CC(=O)CC(C)=O,3.8,0.4748220028701909,0.869717238500844,0.1224489795918367
CCC1Nc2ccccc2-c2ccnc3[nH]cc1c23,8.3,0.6811323512409708,0.7686156186637452,0.6938775510204082
CC(=O)C1Nc2ccccc2-c2ccnc3[nH]cc1c23,8.2,0.7079770911936271,0.755194809136702,0.6346153846153846
c1ccc2c(c1)NC(CCC(C1CC1)C1Nc3ccccc3-c3ccnc4[nH]cc1c34)c1c[nH]c3nccc-2c13,10.3,0.1838684637354305,0.630166281351592,0.5409836065573771
CC,1.6,0.3727855551576051,0.805825786783401,0.0217391304347826
c1ccc2c(c1)NC(C1CC1)c1c[nH]c3nccc-2c13,7.0,0.691857113615473,0.7696244139561956,0.5370370370370371
CC(=O)CC(C)=O,3.8,0.4748220028701909,0.869717238500844,0.1224489795918367
CC(=O)CC1Nc2ccccc2-c2ccnc3[nH]cc1c23,8.2,0.7509697575665712,0.7603699136553508,0.7959183673469388
CC1Nc2ccccc2-c2ccnc3[nH]cc1c23,8.4,0.6231806317439508,0.7695458725412244,0.6
CCC1Nc2ccccc2-c2ccnc3[nH]cc1c23,8.5,0.6811323512409708,0.7686156186637452,0.6938775510204082
CC(=O)C1Nc2ccccc2-c2ccnc3[nH]cc1c23,8.6,0.7079770911936271,0.755194809136702,0.6346153846153846
O=C(O)CC(=O)CC1Nc2ccccc2-c2ccnc3[nH]cc1c23,8.2,0.6417185323367393,0.7459090945381256,0.7307692307692307
CCOC,2.3,0.4315009980580737,0.8949213709052672,0.0816326530612244
CCN(C)CC1Nc2ccccc2-c2ccnc3[nH]cc1c23,7.8,0.7742173491104012,0.7455675229454743,0.6296296296296297
COC(=O)C(C)=O,3.6,0.3383947503427681,0.8590104511705271,0.1372549019607843
COCC(C)C,3.2,0.4938965665853844,0.8800579732673496,0.0754716981132075
c1ccc(C2Nc3ccccc3-c3ccnc4[nH]cc2c34)cc1,9.4,0.5323079821719929,0.800543808872514,0.5471698113207547
COc1ccc(C2Nc3ccccc3-c3ccnc4[nH]cc2c34)cc1F,9.6,0.5435980923925663,0.7836146008031462,0.5079365079365079
CC(C)COC1Nc2ccccc2-c2ccnc3[nH]cc1c23,8.3,0.7555182455996171,0.738342282560859,0.5614035087719298
COC,1.8,0.3800398096193344,0.8936825512627795,0.0652173913043478
c1ccc2c(c1)NC(C1CCCCCC1)c1c[nH]c3nccc-2c13,8.8,0.5679194134550194,0.7737968685998129,0.5087719298245614
CCC(C)=O,3.3,0.4510508050249618,0.9060485946641524,0.1
CN(CC1Nc2ccccc2-c2ccnc3[nH]cc1c23)OC(=O)CC1CC1,8.4,0.6740873930868545,0.7083174184510209,0.6557377049180327
CCC(=O)NC(C)=O,4.6,0.5248541721753496,0.8846840316744107,0.109090909090909
CCCC1Nc2ccccc2-c2ccnc3[nH]cc1c23,8.1,0.7145032431531244,0.7692400593277733,0.6666666666666666
COC(=O)CCC(=O)OC,4.1,0.5301974190717502,0.9213394326310572,0.2083333333333333
COCC(C)=O,3.1,0.4823930541974598,0.85835438352376,0.1346153846153846
CC(=O)C(=O)CC1Nc2ccccc2-c2ccnc3[nH]cc1c23,8.8,0.7284159371261512,0.741191898464082,0.7647058823529411
COC(C)=O,2.9,0.382966590732514,0.9181870562026138,0.1458333333333333
CCC1Nc2ccccc2-c2ccnc3[nH]cc1c23,8.6,0.6811323512409708,0.7686156186637452,0.6938775510204082
O=CCC1Nc2ccccc2-c2ccnc3[nH]cc1c23,8.1,0.6974516191296128,0.7405764348166913,0.6862745098039216
CC(=O)CC(C)=O,3.8,0.4748220028701909,0.869717238500844,0.1224489795918367
CCC,2.2,0.3854706587740357,0.916115884596113,0.0425531914893617
CC1Nc2ccccc2-c2ccnc3[nH]cc1c23,8.6,0.6231806317439508,0.7695458725412244,0.6
O=C(c1ccccc1)C1Nc2ccccc2-c2ccnc3[nH]cc1c23,9.2,0.5304148278745382,0.781297176781433,0.5818181818181818
Fc1cccc(Br)c1,4.9,0.5678956661095027,0.9467913044016834,0.0689655172413793
O=CCC(=O)CC1Nc2ccccc2-c2ccnc3[nH]cc1c23,8.7,0.5729461804653607,0.7257495959904363,0.7169811320754716
CC(C)C1Nc2ccccc2-c2ccnc3[nH]cc1c23,8.5,0.6848268076495935,0.7634812812852431,0.5660377358490566
O=C([O-])C1Nc2ccccc2-c2ccnc3[nH]cc1c23,8.6,0.6966596516684814,0.7250338011791422,0.6037735849056604
CC(=O)CC1Nc2ccccc2-c2ccnc3[nH]cc1c23,8.7,0.7509697575665712,0.7603699136553508,0.7959183673469388
CC(C)=O,2.8,0.3982369618339747,0.9272297042386004,0.0851063829787234
CC1Nc2ccccc2-c2ccnc3[nH]cc1c23,8.6,0.6231806317439508,0.7695458725412244,0.6
COC(C)=O,3.0,0.382966590732514,0.9181870562026138,0.1458333333333333
C#CCCC(C)C(=O)NC1Nc2ccccc2-c2ccnc3[nH]cc1c23,8.7,0.630277125586803,0.6800911628377649,0.5230769230769231
O=C(CC1Nc2ccccc2-c2ccnc3[nH]cc1c23)C1CC1,8.3,0.7666719701093012,0.7510366223968656,0.7169811320754716
CC(F)CC1Nc2ccccc2-c2ccnc3[nH]cc1c23,8.6,0.7285096355609904,0.7072116115055488,0.6296296296296297
O=C(CC1Nc2ccccc2-c2ccnc3[nH]cc1c23)Oc1ccccc1,9.1,0.4131289376657999,0.7773607271295219,0.7884615384615384
O=Cc1ccc(C(C2Nc3ccccc3-c3ccnc4[nH]cc2c34)C2Nc3ccccc3-c3ccnc4[nH]cc2c34)cc1,6.5,0.1641229974874183,0.6529519108975481,0.5081967213114754
O=S(=O)(Br)NC1Nc2ccccc2-c2ccnc3[nH]cc1c23,8.7,0.597931673807067,0.7078691026158039,0.5263157894736842
COC(=O)C(C)CC(F)(F)F,5.1,0.5898774379213182,0.7925605900813477,0.135593220338983
CCC(=O)C1CC1,4.1,0.5095344128763949,0.8703401143178373,0.1111111111111111
O=CC1Nc2ccccc2-c2ccnc3[nH]cc1c23,8.0,0.6518406824284508,0.7367120472351737,0.5961538461538461
CCNC(=O)C1Nc2ccccc2-c2ccnc3[nH]cc1c23,8.1,0.6799751911054834,0.7654547825608591,0.6071428571428571
O=C(C1Nc2ccccc2-c2ccnc3[nH]cc1c23)C(F)(F)F,8.5,0.7170057262060198,0.7377898220789285,0.5714285714285714
FC(F)C(F)(F)C1Nc2ccccc2-c2ccnc3[nH]cc1c23,8.8,0.6774766187073273,0.7176854433807037,0.5
O=C(c1ccccc1Cl)C1Nc2ccccc2-c2ccnc3[nH]cc1c23,9.5,0.4814888773054014,0.7712042769165066,0.5423728813559322
CCC1Nc2ccccc2-c2ccnc3[nH]cc1c23,8.3,0.6811323512409708,0.7686156186637452,0.6938775510204082
CCC1Nc2ccccc2-c2ccnc3[nH]cc1c23,8.5,0.6811323512409708,0.7686156186637452,0.6938775510204082
COC(=O)CC1Nc2ccccc2-c2ccnc3[nH]cc1c23,8.0,0.711669858205952,0.7677824267916282,1.0
CC,1.6,0.3727855551576051,0.805825786783401,0.0217391304347826
CC(=O)CC1Nc2ccccc2-c2ccnc3[nH]cc1c23,8.6,0.7509697575665712,0.7603699136553508,0.7959183673469388
CC(=O)CC1Nc2ccccc2-c2ccnc3[nH]cc1c23,8.2,0.7509697575665712,0.7603699136553508,0.7959183673469388
CC(C)C(=O)CC1Nc2ccccc2-c2ccnc3[nH]cc1c23,8.6,0.7577153320956096,0.7484033203755039,0.75
c1ccc2c(c1)NC(C1CC1)c1c[nH]c3nccc-2c13,7.1,0.691857113615473,0.7696244139561956,0.5370370370370371
COC(=O)C1Nc2ccccc2-c2ccnc3[nH]cc1c23,8.2,0.6721063220567792,0.7662233814989825,0.6730769230769231
CC1Nc2ccccc2-c2ccnc3[nH]cc1c23,8.3,0.6231806317439508,0.7695458725412244,0.6
O=CCCC=O,3.1,0.3620014734523953,0.7661378450622214,0.06
CCC(=O)C1Nc2ccccc2-c2ccnc3[nH]cc1c23,8.3,0.7509697575665712,0.7513772276528287,0.6296296296296297
CCC1Nc2ccccc2-c2ccnc3[nH]cc1c23,8.6,0.6811323512409708,0.7686156186637452,0.6938775510204082
O=CCC(=O)CC1Nc2ccccc2-c2ccnc3[nH]cc1c23,8.4,0.5729461804653607,0.7257495959904363,0.7169811320754716
CC(=O)COC(C)=O,3.8,0.4817488941140886,0.8859663393667184,0.1111111111111111
CC(=O)CCC1Nc2ccccc2-c2ccnc3[nH]cc1c23,8.5,0.7645791387453474,0.7607449267916281,0.6981132075471698
CCCC(=O)C1CC1,4.4,0.5434001536544061,0.8821134822238612,0.1052631578947368
CC(C)OC(=O)CC1Nc2ccccc2-c2ccnc3[nH]cc1c23,8.6,0.7145516283190636,0.7595884702348926,0.8076923076923077
COC(=O)CCC(C)=O,4.2,0.5231690070940209,0.907085776974938,0.1923076923076923
c1ccc2c(c1)NC(CCOCc1ccc(CC3Nc4ccccc4-c4ccnc5[nH]cc3c45)cc1)c1c[nH]c3nccc-2c13,9.5,0.140120139427115,0.667441774187631,0.5573770491803278
COC(=O)CC1Nc2ccccc2-c2ccnc3[nH]cc1c23,8.2,0.711669858205952,0.7677824267916282,1.0
O=C(CC1Nc2ccccc2-c2ccnc3[nH]cc1c23)c1cccc(F)c1,10.2,0.5011085793041782,0.771912667246367,0.6440677966101694
CC(=O)C1Nc2ccccc2-c2ccnc3[nH]cc1c23,8.4,0.7079770911936271,0.755194809136702,0.6346153846153846
CCC(C)c1ccc(NC2Nc3ccccc3-c3ccnc4[nH]cc2c34)cc1,9.5,0.3972281981665998,0.7265907635421491,0.484375
CC(SC1Nc2ccccc2-c2ccnc3[nH]cc1c23)C(=O)O,8.5,0.6813617764414118,0.6992317047632078,0.559322033898305
CC,1.6,0.3727855551576051,0.805825786783401,0.0217391304347826
CC#N,2.0,0.3869805798690774,0.7375979358781642,0.02
COC(=O)C1Nc2ccccc2-c2ccnc3[nH]cc1c23,8.5,0.6721063220567792,0.7662233814989825,0.6730769230769231
Fc1ccc(C2Nc3ccccc3-c3ccnc4[nH]cc2c34)cc1Br,9.5,0.4383584955458965,0.7736206723528738,0.4603174603174603
CCC1Nc2ccccc2-c2ccnc3[nH]cc1c23,8.5,0.6811323512409708,0.7686156186637452,0.6938775510204082
CC1Nc2ccccc2-c2ccnc3[nH]cc1c23,8.3,0.6231806317439508,0.7695458725412244,0.6
CC,1.6,0.3727855551576051,0.805825786783401,0.0217391304347826
CCC1Nc2ccccc2-c2ccnc3[nH]cc1c23,8.5,0.6811323512409708,0.7686156186637452,0.6938775510204082
CC(=O)C(=O)O,3.5,0.4459283845851701,0.9064874012752392,0.08
CC(=O)C1Nc2ccccc2-c2ccnc3[nH]cc1c23,8.5,0.7079770911936271,0.755194809136702,0.6346153846153846
CC1Nc2ccccc2-c2ccnc3[nH]cc1c23,8.6,0.6231806317439508,0.7695458725412244,0.6
O=CCC1Nc2ccccc2-c2ccnc3[nH]cc1c23,8.1,0.6974516191296128,0.7405764348166913,0.6862745098039216
CN1CCN(CC2Nc3ccccc3-c3ccnc4[nH]cc2c34)C1=O,9.0,0.7574383404174116,0.7300023372633057,0.5737704918032787
c1ccc2c(c1)NC(CC1CC1)c1c[nH]c3nccc-2c13,7.4,0.7227787541828189,0.757090814277732,0.6226415094339622
CC(=O)O,2.8,0.4298828832001217,0.9427854734693698,0.0833333333333333
CC(COC(=O)CC1CC1)C(N)=O,5.3,0.6321022362210881,0.8050094200979745,0.140625
O=C([O-])C1Nc2ccccc2-c2ccnc3[nH]cc1c23,8.6,0.6966596516684814,0.7250338011791422,0.6037735849056604
CC(C)COCC1Nc2ccccc2-c2ccnc3[nH]cc1c23,8.2,0.7522674120286158,0.7544223858871066,0.625
CC1Nc2ccccc2-c2ccnc3[nH]cc1c23,8.6,0.6231806317439508,0.7695458725412244,0.6
O=CC1Nc2ccccc2-c2ccnc3[nH]cc1c23,8.4,0.6518406824284508,0.7367120472351737,0.5961538461538461
O=CN1CCCC(CCC2Nc3ccccc3-c3ccnc4[nH]cc2c34)CC1,10.3,0.6488405573497613,0.7002113381482659,0.5555555555555556
CCC1(OC)CC1,3.8,0.5115395887396084,0.7976939604716835,0.0714285714285714
COC(=O)CC1Nc2ccccc2-c2ccnc3[nH]cc1c23,8.0,0.711669858205952,0.7677824267916282,1.0
CC(=O)CC1Nc2ccccc2-c2ccnc3[nH]cc1c23,8.6,0.7509697575665712,0.7603699136553508,0.7959183673469388
O=C(F)C1Nc2ccccc2-c2ccnc3[nH]cc1c23,8.4,0.6655917342707925,0.7386128462719805,0.6037735849056604
COC(=O)CC1Nc2ccccc2-c2ccnc3[nH]cc1c23,7.9,0.711669858205952,0.7677824267916282,1.0
O=CC1Nc2ccccc2-c2ccnc3[nH]cc1c23,8.4,0.6518406824284508,0.7367120472351737,0.5961538461538461
CCC(=O)CC(C)C,4.5,0.5481896504339717,0.87292480090518,0.109090909090909
COC(=O)CC1Nc2ccccc2-c2ccnc3[nH]cc1c23,8.2,0.711669858205952,0.7677824267916282,1.0
CC(=O)C1Nc2ccccc2-c2ccnc3[nH]cc1c23,8.4,0.7079770911936271,0.755194809136702,0.6346153846153846
CC(C)=O,2.8,0.3982369618339747,0.9272297042386004,0.0851063829787234
COCC1Nc2ccccc2-c2ccnc3[nH]cc1c23,8.2,0.7467968225892367,0.7589761740604981,0.72
CC(=O)C1Nc2ccccc2-c2ccnc3[nH]cc1c23,8.6,0.7079770911936271,0.755194809136702,0.6346153846153846
CCC1Nc2ccccc2-c2ccnc3[nH]cc1c23,8.5,0.6811323512409708,0.7686156186637452,0.6938775510204082
CC1(C2Nc3ccccc3-c3ccnc4[nH]cc2c34)CC1,8.7,0.6863345875043085,0.7459502415242033,0.5454545454545454
CCC(C)=O,3.3,0.4510508050249618,0.9060485946641524,0.1
N#CCC#CC1Nc2ccccc2-c2ccnc3[nH]cc1c23,6.0,0.619692223342625,0.6869000747206224,0.5
CC(=O)C1Nc2ccccc2-c2ccnc3[nH]cc1c23,8.3,0.7079770911936271,0.755194809136702,0.6346153846153846
CC1Nc2ccccc2-c2ccnc3[nH]cc1c23,8.6,0.6231806317439508,0.7695458725412244,0.6
O=CC1Nc2ccccc2-c2ccnc3[nH]cc1c23,8.4,0.6518406824284508,0.7367120472351737,0.5961538461538461
N#CC1Nc2ccccc2-c2ccnc3[nH]cc1c23,8.1,0.6397247232686378,0.7329288054769321,0.5370370370370371
COCC(=O)CC1Nc2ccccc2-c2ccnc3[nH]cc1c23,8.2,0.7758384970064012,0.7472735913980136,0.7884615384615384
Fc1ccc(C2Nc3ccccc3-c3ccnc4[nH]cc2c34)cc1,9.8,0.5251913550246311,0.7939076907979589,0.5087719298245614
O=C(CC(=O)c1cccc(F)c1)CC1Nc2ccccc2-c2ccnc3[nH]cc1c23,10.1,0.3630148665417751,0.7520390309228129,0.6129032258064516
CC1Nc2ccccc2-c2ccnc3[nH]cc1c23,8.3,0.6231806317439508,0.7695458725412244,0.6
CCCCCCCCCCCCC1Nc2ccccc2-c2ccnc3[nH]cc1c23,8.0,0.3260164463208692,0.7735092212732485,0.6181818181818182
c1ccc2c(c1)NC(CN1CCCC1)c1c[nH]c3nccc-2c13,7.3,0.7567863691648087,0.764370564725357,0.6
CF,1.3,0.3673293108901918,0.703430914988529,0.0212765957446808
CC1Nc2ccccc2-c2ccnc3[nH]cc1c23,8.3,0.6231806317439508,0.7695458725412244,0.6
O=C(CC1Nc2ccccc2-c2ccnc3[nH]cc1c23)c1ccc(Cl)cc1,9.7,0.4578551285502956,0.7785132514722677,0.6785714285714286
O=C1CC(CCC2Nc3ccccc3-c3ccnc4[nH]cc2c34)CO1,9.3,0.7099812388737258,0.6955107876543636,0.5483870967741935
CCC1Nc2ccccc2-c2ccnc3[nH]cc1c23,8.3,0.6811323512409708,0.7686156186637452,0.6938775510204082
CC1Nc2ccccc2-c2ccnc3[nH]cc1c23,8.4,0.6231806317439508,0.7695458725412244,0.6
c1ccc2c(c1)NC(N1CCNCC1)c1c[nH]c3nccc-2c13,6.7,0.6466105817647662,0.746159416453339,0.5
COC(=O)OCC1Nc2ccccc2-c2ccnc3[nH]cc1c23,8.1,0.7087633249148221,0.7491137750949137,0.7358490566037735
CC(=O)CCC(C)=O,4.1,0.5469153902097886,0.8877132624436415,0.1
CCNCN(C(=O)C1Nc2ccccc2-c2ccnc3[nH]cc1c23)C(C)C,7.4,0.6067869407457773,0.7117059094472042,0.546875
CC1Nc2ccccc2-c2ccnc3[nH]cc1c23,8.4,0.6231806317439508,0.7695458725412244,0.6
CCCCC1Nc2ccccc2-c2ccnc3[nH]cc1c23,8.1,0.7154985565524649,0.7721081840047792,0.6415094339622641
c1ccc2c(c1)NC(CC1CCC1)c1c[nH]c3nccc-2c13,7.3,0.7051008729319136,0.758142204898137,0.6
CCCC1Nc2ccccc2-c2ccnc3[nH]cc1c23,8.1,0.7145032431531244,0.7692400593277733,0.6666666666666666
CC(=O)CCCC(C)=O,4.3,0.5720799551239023,0.8858964793160753,0.0961538461538461
O=CC1Nc2ccccc2-c2ccnc3[nH]cc1c23,8.0,0.6518406824284508,0.7367120472351737,0.5961538461538461
CC(=O)CC1Nc2ccccc2-c2ccnc3[nH]cc1c23,8.7,0.7509697575665712,0.7603699136553508,0.7959183673469388
CCC1Nc2ccccc2-c2ccnc3[nH]cc1c23,8.4,0.6811323512409708,0.7686156186637452,0.6938775510204082
CCNC(=O)C(C)=O,3.9,0.5025728742293369,0.8631409547513338,0.109090909090909
COC,1.8,0.3800398096193344,0.8936825512627795,0.0652173913043478
CC(=O)CCC(C)=O,4.1,0.5469153902097886,0.8877132624436415,0.1
CC(=O)CC1Nc2ccccc2-c2ccnc3[nH]cc1c23,8.5,0.7509697575665712,0.7603699136553508,0.7959183673469388
CC(F)CCC1Nc2ccccc2-c2ccnc3[nH]cc1c23,8.6,0.7259428808267415,0.7070287234753696,0.6181818181818182
CC(=O)CC1Nc2ccccc2-c2ccnc3[nH]cc1c23,8.6,0.7509697575665712,0.7603699136553508,0.7959183673469388
CCC(=O)NC1Nc2ccccc2-c2ccnc3[nH]cc1c23,8.6,0.6791475523883266,0.7459728114070128,0.6071428571428571
CC1Nc2ccccc2-c2ccnc3[nH]cc1c23,8.6,0.6231806317439508,0.7695458725412244,0.6
COc1ccc(C(=O)CC(=O)CC2Nc3ccccc3-c3ccnc4[nH]cc2c34)cc1,9.7,0.3468822458977111,0.7601980506941639,0.6949152542372882
CCCCCC1Nc2ccccc2-c2ccnc3[nH]cc1c23,8.2,0.6422281930702755,0.7748307256081962,0.6296296296296297
COCCC1Nc2ccccc2-c2ccnc3[nH]cc1c23,8.0,0.7676780846925618,0.7610493750717767,0.6923076923076923
c1ccc2c(c1)NC(CC1CC1)c1c[nH]c3nccc-2c13,7.4,0.7227787541828189,0.757090814277732,0.6226415094339622
CC(=O)C(=O)CC1Nc2ccccc2-c2ccnc3[nH]cc1c23,8.6,0.7284159371261512,0.741191898464082,0.7647058823529411
CC(=O)NC(=O)OC(=O)CC1Nc2ccccc2-c2ccnc3[nH]cc1c23,9.4,0.4759442123936784,0.730983032324327,0.7636363636363637
c1ccc2c(c1)NCc1c[nH]c3nccc-2c13,8.1,0.6118603980597437,0.8168337282117835,0.4444444444444444
Cc1ccccc1CC1Nc2ccccc2-c2ccnc3[nH]cc1c23,9.9,0.5284328650550113,0.7800217090059651,0.6181818181818182
OCc1ccc(C2Nc3ccccc3-c3ccnc4[nH]cc2c34)cc1,9.7,0.5160046991086024,0.7870768025610586,0.5344827586206896
NS(=O)(=O)C=CCC1Nc2ccccc2-c2ccnc3[nH]cc1c23,9.2,0.6821662648979185,0.7111964969907455,0.576271186440678
N#CCC1Nc2ccccc2-c2ccnc3[nH]cc1c23,8.2,0.7020962187542448,0.7417279341648008,0.6346153846153846
c1ccc2c(c1)NC(Cc1ccc(CC3Nc4ccccc4-c4ccnc5[nH]cc3c45)cc1)c1c[nH]c3nccc-2c13,10.4,0.1800619528437181,0.6842557427678907,0.6470588235294118
CC(=O)CCC1Nc2ccccc2-c2ccnc3[nH]cc1c23,8.2,0.7645791387453474,0.7607449267916281,0.6981132075471698
COC(=O)CC1Nc2ccccc2-c2ccnc3[nH]cc1c23,8.5,0.711669858205952,0.7677824267916282,1.0
c1ccc2c(c1)NC(c1cc3ccccc3[nH]1)c1c[nH]c3nccc-2c13,9.8,0.3926434698748792,0.7615048634419919,0.4833333333333333
CC(=O)C(C)CCC1Nc2ccccc2-c2ccnc3[nH]cc1c23,8.0,0.7324524044936086,0.7122654002798381,0.6607142857142857
C=CCC(=O)N1CCC(O)CC1,5.1,0.6130191401392678,0.8438711396415532,0.09375
O=C(CC1Nc2ccccc2-c2ccnc3[nH]cc1c23)c1ccccc1,9.4,0.5181751230889999,0.7835221564054388,0.7307692307692307
O=CC1Nc2ccccc2-c2ccnc3[nH]cc1c23,8.0,0.6518406824284508,0.7367120472351737,0.5961538461538461
CC,1.6,0.3727855551576051,0.805825786783401,0.0217391304347826
CC(C)CC1Nc2ccccc2-c2ccnc3[nH]cc1c23,8.5,0.7098083021719735,0.7645984130248337,0.6538461538461539
c1ccc2c(c1)NC(Cc1ccc(CC3Nc4ccccc4-c4ccnc5[nH]cc3c45)cc1)c1c[nH]c3nccc-2c13,9.6,0.1800619528437181,0.6842557427678907,0.6470588235294118
CC1Nc2ccccc2-c2ccnc3[nH]cc1c23,8.6,0.6231806317439508,0.7695458725412244,0.6
CC(C)=O,2.8,0.3982369618339747,0.9272297042386004,0.0851063829787234
c1coc(CC2Nc3ccccc3-c3ccnc4[nH]cc2c34)c1,8.8,0.571590923299719,0.75766621689927,0.5892857142857143
CC(C)CC1Nc2ccccc2-c2ccnc3[nH]cc1c23,8.7,0.7098083021719735,0.7645984130248337,0.6538461538461539
CC1Nc2ccccc2-c2ccnc3[nH]cc1c23,8.6,0.6231806317439508,0.7695458725412244,0.6
N#CC(=O)CC1Nc2ccccc2-c2ccnc3[nH]cc1c23,7.9,0.7095059935967599,0.7290038210223975,0.7169811320754716
CC(=O)C1Nc2ccccc2-c2ccnc3[nH]cc1c23,8.3,0.7079770911936271,0.755194809136702,0.6346153846153846
c1ccc2c(c1)NC(CCC1Nc3ccccc3-c3ccnc4[nH]cc1c34)c1c[nH]c3nccc-2c13,10.1,0.2215934488115873,0.6713060540628759,0.6875
C=COC,2.3,0.4046276570774477,0.7634888922727885,0.0588235294117647
CC(C)=O,2.8,0.3982369618339747,0.9272297042386004,0.0851063829787234
COC(=O)CC1Nc2ccccc2-c2ccnc3[nH]cc1c23,8.2,0.711669858205952,0.7677824267916282,1.0
O=C(CC(=O)[C@@H]1CCCC1=O)OC1Nc2ccccc2-c2ccnc3[nH]cc1c23,9.6,0.522923156541154,0.6796080147092687,0.5223880597014925
CNCC(F)C(F)(F)C1Nc2ccccc2-c2ccnc3[nH]cc1c23,8.9,0.6717637567743258,0.6731513838301709,0.492063492063492
COC(=O)CC1Nc2ccccc2-c2ccnc3[nH]cc1c23,8.1,0.711669858205952,0.7677824267916282,1.0
O=C(CC1Nc2ccccc2-c2ccnc3[nH]cc1c23)OC1Nc2ccccc2-c2ccnc3[nH]cc1c23,10.4,0.2134478989717377,0.6618798602634796,0.7884615384615384
CC(=O)OC(=O)C1Nc2ccccc2-c2ccnc3[nH]cc1c23,8.1,0.5332672008246108,0.7434156746878582,0.6071428571428571
COC1Nc2ccccc2-c2ccnc3[nH]cc1c23,8.3,0.697319046236027,0.7458796296527562,0.64
O=CC1Nc2ccccc2-c2ccnc3[nH]cc1c23,8.0,0.6518406824284508,0.7367120472351737,0.5961538461538461
O=C(O)C1Nc2ccccc2-c2ccnc3[nH]cc1c23,8.3,0.6318823113143063,0.7696449417626966,0.6153846153846154
CC1Nc2ccccc2-c2ccnc3[nH]cc1c23,8.6,0.6231806317439508,0.7695458725412244,0.6
CCC1Nc2ccccc2-c2ccnc3[nH]cc1c23,8.4,0.6811323512409708,0.7686156186637452,0.6938775510204082
CC(=O)C=O,2.9,0.3166057628389017,0.8258150282305858,0.1
COC(=O)N(C)C,3.3,0.4414104324643629,0.8610701796773144,0.1346153846153846
CC(=O)C(=O)C1Nc2ccccc2-c2ccnc3[nH]cc1c23,8.5,0.7119000544170476,0.7419633639100652,0.6111111111111112
COC(=O)CC=O,3.2,0.274070544326744,0.8189418237195467,0.2156862745098039
O=CCC1Nc2ccccc2-c2ccnc3[nH]cc1c23,8.3,0.6974516191296128,0.7405764348166913,0.6862745098039216
CC,1.6,0.3727855551576051,0.805825786783401,0.0217391304347826
COC,1.9,0.3800398096193344,0.8936825512627795,0.0652173913043478
COC,1.9,0.3800398096193344,0.8936825512627795,0.0652173913043478
CC(C)CC(=O)C[O-],4.1,0.5175377515133711,0.7381148009051799,0.1071428571428571
COC1Nc2ccccc2-c2ccnc3[nH]cc1c23,8.3,0.697319046236027,0.7458796296527562,0.64
Cc1ccc(C(=O)OCC(=O)C2CC2)cc1,6.8,0.7269806466955608,0.9171379316435032,0.1538461538461538
COCC1Nc2ccccc2-c2ccnc3[nH]cc1c23,8.4,0.7467968225892367,0.7589761740604981,0.72
CC(=O)C(=O)C1Nc2ccccc2-c2ccnc3[nH]cc1c23,8.5,0.7119000544170476,0.7419633639100652,0.6111111111111112
O=C(CC1Nc2ccccc2-c2ccnc3[nH]cc1c23)SC(F)F,8.4,0.7300342614067922,0.7099514579717936,0.6785714285714286
COC(=O)OCC(=O)C1Nc2ccccc2-c2ccnc3[nH]cc1c23,8.8,0.7136214552054403,0.7374817863910426,0.631578947368421
CC(=O)CC1Nc2ccccc2-c2ccnc3[nH]cc1c23,8.6,0.7509697575665712,0.7603699136553508,0.7959183673469388
c1ccc2c(c1)NC(CCc1ccc3ccccc3c1)c1c[nH]c3nccc-2c13,11.1,0.3786610250305386,0.7793968366784261,0.55
O=C(CC1Nc2ccccc2-c2ccnc3[nH]cc1c23)C1CC1,8.2,0.7666719701093012,0.7510366223968656,0.7169811320754716
O=C(CC1Nc2ccccc2-c2ccnc3[nH]cc1c23)C1CC1,8.6,0.7666719701093012,0.7510366223968656,0.7169811320754716
CCC1Nc2ccccc2-c2ccnc3[nH]cc1c23,8.6,0.6811323512409708,0.7686156186637452,0.6938775510204082
CC(=O)C1Nc2ccccc2-c2ccnc3[nH]cc1c23,8.3,0.7079770911936271,0.755194809136702,0.6346153846153846
CC(C)=O,2.8,0.3982369618339747,0.9272297042386004,0.0851063829787234
c1coc(CCCC2Nc3ccccc3-c3ccnc4[nH]cc2c34)c1,8.9,0.5331089169233264,0.7589576923739485,0.55
CC,1.6,0.3727855551576051,0.805825786783401,0.0217391304347826
CC,1.6,0.3727855551576051,0.805825786783401,0.0217391304347826
COCC1Nc2ccccc2-c2ccnc3[nH]cc1c23,8.0,0.7467968225892367,0.7589761740604981,0.72
C=CCC(=O)C1CC1,4.5,0.503506281634416,0.8020915042018832,0.0847457627118644
O=C(C(F)CC1Nc2ccccc2-c2ccnc3[nH]cc1c23)C1Nc2ccccc2-c2ccnc3[nH]cc1c23,11.2,0.2097595736733812,0.6274390726735859,0.6101694915254238
CC(C)=O,2.8,0.3982369618339747,0.9272297042386004,0.0851063829787234
CC1CCN(C2Nc3ccccc3-c3ccnc4[nH]cc2c34)CC1,7.7,0.6993496734362024,0.7571479941565722,0.5084745762711864
CCC1Nc2ccccc2-c2ccnc3[nH]cc1c23,8.3,0.6811323512409708,0.7686156186637452,0.6938775510204082
c1ccc2c(c1)NC(CCC1CC1)c1c[nH]c3nccc-2c13,7.2,0.720642361187159,0.7561478853715098,0.6111111111111112
CC(=O)CC1Nc2ccccc2-c2ccnc3[nH]cc1c23,8.7,0.7509697575665712,0.7603699136553508,0.7959183673469388
Cc1ccc(Br)cc1CC(=O)CC1Nc2ccccc2-c2ccnc3[nH]cc1c23,10.7,0.4062494566100753,0.7514352413771755,0.6190476190476191
O=C(CC1Nc2ccccc2-c2ccnc3[nH]cc1c23)C1CCCCCC1,10.0,0.5962210905573635,0.7564401502064448,0.6785714285714286
O=CCC1Nc2ccccc2-c2ccnc3[nH]cc1c23,7.9,0.6974516191296128,0.7405764348166913,0.6862745098039216
CCC(C)=O,3.3,0.4510508050249618,0.9060485946641524,0.1
COC(=O)CC(C)=O,3.8,0.3804020841804368,0.886378647059026,0.2
Clc1ccccc1C1Nc2ccccc2-c2ccnc3[nH]cc1c23,9.7,0.4901220426164084,0.7900845055325202,0.5178571428571429
COC(=O)CC1Nc2ccccc2-c2ccnc3[nH]cc1c23,8.0,0.711669858205952,0.7677824267916282,1.0
CC(C)CC1Nc2ccccc2-c2ccnc3[nH]cc1c23,8.2,0.7098083021719735,0.7645984130248337,0.6538461538461539
CCC(=O)C(=O)C(C)=O,4.1,0.4004941425918593,0.7943382245273857,0.0909090909090909
CC1Nc2ccccc2-c2ccnc3[nH]cc1c23,8.6,0.6231806317439508,0.7695458725412244,0.6
CC1Nc2ccccc2-c2ccnc3[nH]cc1c23,8.4,0.6231806317439508,0.7695458725412244,0.6
CC(C)C(=O)C1Nc2ccccc2-c2ccnc3[nH]cc1c23,8.6,0.7520248267969959,0.7462283211750226,0.6
CC(=O)CCC1Nc2ccccc2-c2ccnc3[nH]cc1c23,8.5,0.7645791387453474,0.7607449267916281,0.6981132075471698
CC(C)(C)OC(=O)CCC1Nc2ccccc2-c2ccnc3[nH]cc1c23,8.6,0.6654495352026302,0.759414053697336,0.6842105263157895
CC,1.6,0.3727855551576051,0.805825786783401,0.0217391304347826
CCC(C)=O,3.3,0.4510508050249618,0.9060485946641524,0.1
CC,1.6,0.3727855551576051,0.805825786783401,0.0217391304347826
O=C(CC(=O)C1Nc2ccccc2-c2ccnc3[nH]cc1c23)Cc1ccccc1,9.2,0.5003940504806894,0.7560293180847817,0.55
CC(=O)C1Nc2ccccc2-c2ccnc3[nH]cc1c23,8.6,0.7079770911936271,0.755194809136702,0.6346153846153846
CCNC(=O)C1Nc2ccccc2-c2ccnc3[nH]cc1c23,8.1,0.6799751911054834,0.7654547825608591,0.6071428571428571
CC(C)CCC(=O)C1Nc2ccccc2-c2ccnc3[nH]cc1c23,8.6,0.7324524044936086,0.7479276006696752,0.576271186440678
CCN(CC)CCC(C)C1Nc2ccccc2-c2ccnc3[nH]cc1c23,8.3,0.6538955127380782,0.7094493166839188,0.492063492063492
CC(=O)CC1Nc2ccccc2-c2ccnc3[nH]cc1c23,8.1,0.7509697575665712,0.7603699136553508,0.7959183673469388
CCOC,2.3,0.4315009980580737,0.8949213709052672,0.0816326530612244
CC(N)=O,2.7,0.4010309227553837,0.9072547042386004,0.0816326530612244
CC1Nc2ccccc2-c2ccnc3[nH]cc1c23,8.4,0.6231806317439508,0.7695458725412244,0.6
CC,1.6,0.3727855551576051,0.805825786783401,0.0217391304347826
CCCC1Nc2ccccc2-c2ccnc3[nH]cc1c23,8.5,0.7145032431531244,0.7692400593277733,0.6666666666666666
COC,1.9,0.3800398096193344,0.8936825512627795,0.0652173913043478
COC(=O)C1Nc2ccccc2-c2ccnc3[nH]cc1c23,8.3,0.6721063220567792,0.7662233814989825,0.6730769230769231
CCC(C)=O,3.3,0.4510508050249618,0.9060485946641524,0.1
CC(C)N1CCC(O)CC1,5.2,0.5880032435413938,0.8881900133893303,0.0677966101694915
CC1Nc2ccccc2-c2ccnc3[nH]cc1c23,8.4,0.6231806317439508,0.7695458725412244,0.6
O=C(NCC1Nc2ccccc2-c2ccnc3[nH]cc1c23)C1Nc2ccccc2-c2ccnc3[nH]cc1c23,11.3,0.2210581384470328,0.6715517458999669,0.6428571428571429
CC1Nc2ccccc2-c2ccnc3[nH]cc1c23,8.4,0.6231806317439508,0.7695458725412244,0.6
CCC1Nc2ccccc2-c2ccnc3[nH]cc1c23,8.4,0.6811323512409708,0.7686156186637452,0.6938775510204082
O=C(O)CC1Nc2ccccc2-c2ccnc3[nH]cc1c23,8.6,0.6729631713265855,0.770129056152198,0.7755102040816326
CCC1Nc2ccccc2-c2ccnc3[nH]cc1c23,8.6,0.6811323512409708,0.7686156186637452,0.6938775510204082
COC(=O)CC(C)=O,3.8,0.3804020841804368,0.886378647059026,0.2
CC(=O)CC1Nc2ccccc2-c2ccnc3[nH]cc1c23,8.6,0.7509697575665712,0.7603699136553508,0.7959183673469388
O=C(O)CC1Nc2ccccc2-c2ccnc3[nH]cc1c23,8.3,0.6729631713265855,0.770129056152198,0.7755102040816326
O=C(O)C(=O)C1Nc2ccccc2-c2ccnc3[nH]cc1c23,8.6,0.6303452198648537,0.7453159890626906,0.5925925925925926
CCCCCC1Nc2ccccc2-c2ccnc3[nH]cc1c23,8.0,0.6422281930702755,0.7748307256081962,0.6296296296296297
O=C(CC1Nc2ccccc2-c2ccnc3[nH]cc1c23)SCCCO,8.4,0.6093331063502724,0.7279235174529792,0.6666666666666666
c1ccc2c(c1)NC(CC1CC1)c1c[nH]c3nccc-2c13,7.0,0.7227787541828189,0.757090814277732,0.6226415094339622
CCNC1Nc2ccccc2-c2ccnc3[nH]cc1c23,8.3,0.6656019086396742,0.740647621257369,0.5740740740740741
CC1Nc2ccccc2-c2ccnc3[nH]cc1c23,8.4,0.6231806317439508,0.7695458725412244,0.6
CC(=O)C1Nc2ccccc2-c2ccnc3[nH]cc1c23,8.3,0.7079770911936271,0.755194809136702,0.6346153846153846
CCCCC(=O)NCC(C)=O,4.9,0.6436102413523949,0.9024333843843042,0.0983606557377049
NCC(=O)C1Nc2ccccc2-c2ccnc3[nH]cc1c23,8.2,0.6708561564989485,0.7418168241219334,0.6
CC1Nc2ccccc2-c2ccnc3[nH]cc1c23,8.4,0.6231806317439508,0.7695458725412244,0.6
COC,1.9,0.3800398096193344,0.8936825512627795,0.0652173913043478
NCC(=O)C1Nc2ccccc2-c2ccnc3[nH]cc1c23,8.2,0.6708561564989485,0.7418168241219334,0.6
COOC1Nc2ccccc2-c2ccnc3[nH]cc1c23,8.2,0.5525530033964453,0.7220789120005243,0.6037735849056604
O=C(CCC1Nc2ccccc2-c2ccnc3[nH]cc1c23)c1ccc(Cl)o1,9.1,0.4535427636850846,0.7361629106738258,0.5714285714285714
c1ccc2c(c1)NCc1c[nH]c3nccc-2c13,8.1,0.6118603980597437,0.8168337282117835,0.4444444444444444
COC(=O)CC1Nc2ccccc2-c2ccnc3[nH]cc1c23,8.5,0.711669858205952,0.7677824267916282,1.0
CCC(=O)CC1Nc2ccccc2-c2ccnc3[nH]cc1c23,8.3,0.7645791387453474,0.7520795421762434,0.7647058823529411
CCCCCO,3.5,0.513281356352027,0.9370609219852984,0.0555555555555555
CC1Nc2ccccc2-c2ccnc3[nH]cc1c23,8.6,0.6231806317439508,0.7695458725412244,0.6
CCCCCCCC1Nc2ccccc2-c2ccnc3[nH]cc1c23,7.7,0.5423330265898699,0.7759215586202775,0.6181818181818182
CCC1Nc2ccccc2-c2ccnc3[nH]cc1c23,8.4,0.6811323512409708,0.7686156186637452,0.6938775510204082
COC(=O)CC(C)=O,3.8,0.3804020841804368,0.886378647059026,0.2
CC1Nc2ccccc2-c2ccnc3[nH]cc1c23,8.4,0.6231806317439508,0.7695458725412244,0.6
CCC(C)C,3.4,0.4444408351269941,0.9241423009578588,0.0392156862745098
COC(=O)OCC(=O)OC(=O)CC1Nc2ccccc2-c2ccnc3[nH]cc1c23,8.2,0.5110950770240782,0.7281085919222128,0.7678571428571429
CC(=O)C(=O)CC1Nc2ccccc2-c2ccnc3[nH]cc1c23,8.8,0.7284159371261512,0.741191898464082,0.7647058823529411
CC(=O)C1Nc2ccccc2-c2ccnc3[nH]cc1c23,8.6,0.7079770911936271,0.755194809136702,0.6346153846153846
CC1Nc2ccccc2-c2ccnc3[nH]cc1c23,8.5,0.6231806317439508,0.7695458725412244,0.6
COC(=O)CC(=O)OC,3.5,0.3828226837287652,0.89261821844651,0.2127659574468085
CC1Nc2ccccc2-c2ccnc3[nH]cc1c23,8.3,0.6231806317439508,0.7695458725412244,0.6
CC(=O)C(=O)CC1Nc2ccccc2-c2ccnc3[nH]cc1c23,8.6,0.7284159371261512,0.741191898464082,0.7647058823529411
CC(=O)CC1Nc2ccccc2-c2ccnc3[nH]cc1c23,8.6,0.7509697575665712,0.7603699136553508,0.7959183673469388
CCC(F)C(F)CNCC1Nc2ccccc2-c2ccnc3[nH]cc1c23,8.3,0.6145928048986085,0.6526047931031544,0.5833333333333334
c1ccc2c(c1)NC(c1cc3ccccc3s1)c1c[nH]c3nccc-2c13,10.1,0.390268799357909,0.7612007214301576,0.4677419354838709
CCC1Nc2ccccc2-c2ccnc3[nH]cc1c23,8.3,0.6811323512409708,0.7686156186637452,0.6938775510204082
c1ccc2c(c1)NC(CC1CCNCC1)c1c[nH]c3nccc-2c13,9.2,0.6669797769889324,0.7438385352664795,0.5789473684210527
CC(C)CC(=O)OC(=O)CC1Nc2ccccc2-c2ccnc3[nH]cc1c23,9.0,0.5359474484850058,0.7405654499067446,0.7777777777777778
COCC(F)F,3.0,0.4958518259223463,0.8053748963442727,0.074074074074074
CCC1Nc2ccccc2-c2ccnc3[nH]cc1c23,8.5,0.6811323512409708,0.7686156186637452,0.6938775510204082
C=CCC(O)C(=O)C1Nc2ccccc2-c2ccnc3[nH]cc1c23,8.2,0.6453554399517685,0.684967295486081,0.532258064516129
CC(=O)C1Nc2ccccc2-c2ccnc3[nH]cc1c23,8.6,0.7079770911936271,0.755194809136702,0.6346153846153846
CC#N,2.0,0.3869805798690774,0.7375979358781642,0.02
COC(=O)CC(=O)OC,3.8,0.3828226837287652,0.89261821844651,0.2127659574468085
CCC1Nc2ccccc2-c2ccnc3[nH]cc1c23,8.6,0.6811323512409708,0.7686156186637452,0.6938775510204082
CCC(=O)C1Nc2ccccc2-c2ccnc3[nH]cc1c23,8.5,0.7509697575665712,0.7513772276528287,0.6296296296296297
COC1Nc2ccccc2-c2ccnc3[nH]cc1c23,8.1,0.697319046236027,0.7458796296527562,0.64
N#CCC1Nc2ccccc2-c2ccnc3[nH]cc1c23,8.4,0.7020962187542448,0.7417279341648008,0.6346153846153846
CC(=O)C(=O)CC=O,3.9,0.2881609177618762,0.7616263393667183,0.109090909090909
COc1cc(CC2Nc3ccccc3-c3ccnc4[nH]cc2c34)ccc1C1Nc2ccccc2-c2ccnc3[nH]cc1c23,9.9,0.1750922506092985,0.6763671753206251,0.5806451612903226
O=CC(=O)C1Nc2ccccc2-c2ccnc3[nH]cc1c23,8.4,0.5571064036740939,0.7335900902001175,0.6226415094339622
CC,1.6,0.3727855551576051,0.805825786783401,0.0217391304347826
c1csc(C2Nc3ccccc3-c3ccnc4[nH]cc2c34)c1,8.8,0.5297547349129317,0.7685882834349848,0.5
CC=O,2.1,0.355007613393232,0.7732261410063693,0.0625
CCN(CC)CCC(=O)C1CC1,4.8,0.6028821766975833,0.8624481064247702,0.0967741935483871
Clc1ccc(C2Nc3ccccc3-c3ccnc4[nH]cc2c34)cc1,9.7,0.4901220426164084,0.7944671707546218,0.5087719298245614
CCC1Nc2ccccc2-c2ccnc3[nH]cc1c23,8.6,0.6811323512409708,0.7686156186637452,0.6938775510204082
CC1(C=O)CC1,3.5,0.4327718744057479,0.7475041271135036,0.0545454545454545
CCC(F)CCC(=O)C(=O)CC1Nc2ccccc2-c2ccnc3[nH]cc1c23,8.8,0.5809041117265228,0.6799530712344569,0.65
Fc1cccc(CCC2Nc3ccccc3-c3ccnc4[nH]cc2c34)c1,10.0,0.5178358826750856,0.7765633152465976,0.5409836065573771
COCC1Nc2ccccc2-c2ccnc3[nH]cc1c23,8.0,0.7467968225892367,0.7589761740604981,0.72
CC1Nc2ccccc2-c2ccnc3[nH]cc1c23,8.6,0.6231806317439508,0.7695458725412244,0.6
COCC(=O)C(C)F,3.6,0.5435921789868815,0.7415409554184136,0.1228070175438596
c1ccc2c(c1)NC(COc1ccccc1C1Nc3ccccc3-c3ccnc4[nH]cc1c34)c1c[nH]c3nccc-2c13,11.1,0.1806060374770622,0.678302775316518,0.5862068965517241
CCCCCCCCCN(CC)CC,5.0,0.4792130160163921,0.9161331893609658,0.0338983050847457
CC1Nc2ccccc2-c2ccnc3[nH]cc1c23,8.4,0.6231806317439508,0.7695458725412244,0.6
CCC(C)=O,3.3,0.4510508050249618,0.9060485946641524,0.1
CC(=O)C1Nc2ccccc2-c2ccnc3[nH]cc1c23,8.5,0.7079770911936271,0.755194809136702,0.6346153846153846
COC1Nc2ccccc2-c2ccnc3[nH]cc1c23,8.1,0.697319046236027,0.7458796296527562,0.64
CC(=O)CC1Nc2ccccc2-c2ccnc3[nH]cc1c23,8.7,0.7509697575665712,0.7603699136553508,0.7959183673469388
CCCC(C)=O,3.7,0.4957688321065222,0.8807215630109394,0.0943396226415094
O=C(O)C(=O)C(=O)CC1Nc2ccccc2-c2ccnc3[nH]cc1c23,9.1,0.4980999454976563,0.7316076772060178,0.7169811320754716
c1coc(C2Nc3ccccc3-c3ccnc4[nH]cc2c34)c1,8.6,0.547357288074638,0.7663717333184348,0.5087719298245614
CC(C)CCC1Nc2ccccc2-c2ccnc3[nH]cc1c23,8.2,0.7017640279371289,0.7569201671762436,0.6415094339622641
O=C(CCC1CC1)CC1Nc2ccccc2-c2ccnc3[nH]cc1c23,8.4,0.7027105802688549,0.7498870580219992,0.6666666666666666
CC(=O)C(C)=O,3.5,0.4259416894382318,0.8982471645888486,0.0833333333333333
FC1Nc2ccccc2-c2ccnc3[nH]cc1c23,8.4,0.5880591585697107,0.744239921888104,0.5686274509803921
CC=O,2.1,0.355007613393232,0.7732261410063693,0.0625
COC(=O)OCC(=O)C(C)=O,4.1,0.426512395874801,0.8298417208753993,0.1403508771929824
CCC(=O)C(=O)C(=O)C1Nc2ccccc2-c2ccnc3[nH]cc1c23,8.5,0.5656722040541087,0.7211470054833744,0.5862068965517241
CN(C)OC(=O)C1Nc2ccccc2-c2ccnc3[nH]cc1c23,8.2,0.7123711682736843,0.7276555348277183,0.5964912280701754
CC,1.6,0.3727855551576051,0.805825786783401,0.0217391304347826
CCC1Nc2ccccc2-c2ccnc3[nH]cc1c23,8.5,0.6811323512409708,0.7686156186637452,0.6938775510204082
CC,1.6,0.3727855551576051,0.805825786783401,0.0217391304347826
CC(=O)C=O,2.8,0.3166057628389017,0.8258150282305858,0.1
CC1Nc2ccccc2-c2ccnc3[nH]cc1c23,8.6,0.6231806317439508,0.7695458725412244,0.6
CC1Nc2ccccc2-c2ccnc3[nH]cc1c23,8.4,0.6231806317439508,0.7695458725412244,0.6
CCC1Nc2ccccc2-c2ccnc3[nH]cc1c23,8.5,0.6811323512409708,0.7686156186637452,0.6938775510204082
CC1Nc2ccccc2-c2ccnc3[nH]cc1c23,8.3,0.6231806317439508,0.7695458725412244,0.6
COC(=O)CC1Nc2ccccc2-c2ccnc3[nH]cc1c23,7.9,0.711669858205952,0.7677824267916282,1.0
CC1Nc2ccccc2-c2ccnc3[nH]cc1c23,8.8,0.6231806317439508,0.7695458725412244,0.6
CCC(=O)OC,3.4,0.4378508777786624,0.8949800245494008,0.2040816326530612
c1ccc2c(c1)NC(CC1CC1)c1c[nH]c3nccc-2c13,7.4,0.7227787541828189,0.757090814277732,0.6226415094339622
CC(=O)CC1Nc2ccccc2-c2ccnc3[nH]cc1c23,8.3,0.7509697575665712,0.7603699136553508,0.7959183673469388
O=C(C1CC1)C1Nc2ccccc2-c2ccnc3[nH]cc1c23,8.3,0.7563790672640919,0.7477896383300897,0.5714285714285714
CC(=O)CC1(CC2Nc3ccccc3-c3ccnc4[nH]cc2c34)CC1,8.6,0.7185714904110231,0.7162681111773674,0.6271186440677966
CCC(=O)CC(C)=O,4.1,0.511617667997256,0.8515086470590261,0.1111111111111111
O=CCC1Nc2ccccc2-c2ccnc3[nH]cc1c23,8.3,0.6974516191296128,0.7405764348166913,0.6862745098039216
CC(C)CC1Nc2ccccc2-c2ccnc3[nH]cc1c23,8.5,0.7098083021719735,0.7645984130248337,0.6538461538461539
COC(=O)C(C)=O,3.5,0.3383947503427681,0.8590104511705271,0.1372549019607843
Fc1ccc(C2Nc3ccccc3-c3ccnc4[nH]cc2c34)cc1CC1Nc2ccccc2-c2ccnc3[nH]cc1c23,11.3,0.1796852971493658,0.6736674551699979,0.515625
CC(C)COC1Nc2ccccc2-c2ccnc3[nH]cc1c23,8.3,0.7555182455996171,0.738342282560859,0.5614035087719298
CONCCNC(=O)CC1Nc2ccccc2-c2ccnc3[nH]cc1c23,8.8,0.4042273448054722,0.7373143983739965,0.7192982456140351
CC,1.6,0.3727855551576051,0.805825786783401,0.0217391304347826
CC(C)CC1Nc2ccccc2-c2ccnc3[nH]cc1c23,8.6,0.7098083021719735,0.7645984130248337,0.6538461538461539
CC1Nc2ccccc2-c2ccnc3[nH]cc1c23,8.3,0.6231806317439508,0.7695458725412244,0.6
CC(=O)CC1Nc2ccccc2-c2ccnc3[nH]cc1c23,8.7,0.7509697575665712,0.7603699136553508,0.7959183673469388
CCNC1Nc2ccccc2-c2ccnc3[nH]cc1c23,8.3,0.6656019086396742,0.740647621257369,0.5740740740740741
CC,1.6,0.3727855551576051,0.805825786783401,0.0217391304347826
Cc1ccc(CC2Nc3ccccc3-c3ccnc4[nH]cc2c34)cc1,9.7,0.5284328650550113,0.7876310645153206,0.6181818181818182
CC(=O)C1Nc2ccccc2-c2ccnc3[nH]cc1c23,8.6,0.7079770911936271,0.755194809136702,0.6346153846153846
CC(=O)CC1Nc2ccccc2-c2ccnc3[nH]cc1c23,8.2,0.7509697575665712,0.7603699136553508,0.7959183673469388
CC(=O)C(CC(=O)C1CC1)C1Nc2ccccc2-c2ccnc3[nH]cc1c23,8.9,0.7132524297885636,0.693143817644432,0.5396825396825397
c1ccc2c(c1)NC(NCCNC1Nc3ccccc3-c3ccnc4[nH]cc1c34)c1c[nH]c3nccc-2c13,11.1,0.175412598970901,0.6485163954407693,0.5660377358490566
CCC1Nc2ccccc2-c2ccnc3[nH]cc1c23,8.6,0.6811323512409708,0.7686156186637452,0.6938775510204082
CCC1Nc2ccccc2-c2ccnc3[nH]cc1c23,8.5,0.6811323512409708,0.7686156186637452,0.6938775510204082
CC(=O)CC(=O)NOc1cc(C2Nc3ccccc3-c3ccnc4[nH]cc2c34)ccc1C,9.3,0.3238279131048154,0.7302698702410726,0.5
CCC(=O)CC1Nc2ccccc2-c2ccnc3[nH]cc1c23,8.6,0.7645791387453474,0.7520795421762434,0.7647058823529411
COCC1Nc2ccccc2-c2ccnc3[nH]cc1c23,8.3,0.7467968225892367,0.7589761740604981,0.72
CCC1Nc2ccccc2-c2ccnc3[nH]cc1c23,8.2,0.6811323512409708,0.7686156186637452,0.6938775510204082
O=CC1Nc2ccccc2-c2ccnc3[nH]cc1c23,8.0,0.6518406824284508,0.7367120472351737,0.5961538461538461
c1ccc2c(c1)NCc1c[nH]c3nccc-2c13,8.2,0.6118603980597437,0.8168337282117835,0.4444444444444444
COC,1.8,0.3800398096193344,0.8936825512627795,0.0652173913043478
O=C(C1CCC1)C1Nc2ccccc2-c2ccnc3[nH]cc1c23,9.1,0.7501377999566462,0.7495089530512858,0.5517241379310345
CNCC1Nc2ccccc2-c2ccnc3[nH]cc1c23,8.6,0.6667965808935049,0.7516249354685818,0.6666666666666666
CC(=O)C1Nc2ccccc2-c2ccnc3[nH]cc1c23,8.6,0.7079770911936271,0.755194809136702,0.6346153846153846
CCC(=O)CC1Nc2ccccc2-c2ccnc3[nH]cc1c23,8.1,0.7645791387453474,0.7520795421762434,0.7647058823529411
CCCCC(=O)NCCCCCC1Nc2ccccc2-c2ccnc3[nH]cc1c23,8.4,0.4187658519992204,0.7679158339218858,0.578125
CCC1Nc2ccccc2-c2ccnc3[nH]cc1c23,8.5,0.6811323512409708,0.7686156186637452,0.6938775510204082
CC(=O)CC1Nc2ccccc2-c2ccnc3[nH]cc1c23,8.7,0.7509697575665712,0.7603699136553508,0.7959183673469388
CC(=O)CC1Nc2ccccc2-c2ccnc3[nH]cc1c23,8.3,0.7509697575665712,0.7603699136553508,0.7959183673469388
CC(=O)C1Nc2ccccc2-c2ccnc3[nH]cc1c23,8.5,0.7079770911936271,0.755194809136702,0.6346153846153846
CC(=O)CC1Nc2ccccc2-c2ccnc3[nH]cc1c23,8.3,0.7509697575665712,0.7603699136553508,0.7959183673469388
CCC1Nc2ccccc2-c2ccnc3[nH]cc1c23,8.1,0.6811323512409708,0.7686156186637452,0.6938775510204082
CC(=O)C(=O)CC1Nc2ccccc2-c2ccnc3[nH]cc1c23,8.6,0.7284159371261512,0.741191898464082,0.7647058823529411
CCC1Nc2ccccc2-c2ccnc3[nH]cc1c23,8.6,0.6811323512409708,0.7686156186637452,0.6938775510204082
O=COC(=O)C(=O)C(=O)C1Nc2ccccc2-c2ccnc3[nH]cc1c23,8.7,0.3172786909652291,0.6988419123251945,0.576271186440678
NC1Nc2ccccc2-c2ccnc3[nH]cc1c23,8.5,0.5617591326806993,0.7532407927153898,0.5686274509803921
CC(=O)C1Nc2ccccc2-c2ccnc3[nH]cc1c23,8.6,0.7079770911936271,0.755194809136702,0.6346153846153846
CC(=O)C(=O)C1Nc2ccccc2-c2ccnc3[nH]cc1c23,8.5,0.7119000544170476,0.7419633639100652,0.6111111111111112
COC(=O)CC(C)=O,3.9,0.3804020841804368,0.886378647059026,0.2
COC(=O)CCC(C)=O,4.2,0.5231690070940209,0.907085776974938,0.1923076923076923
CC(=O)C(=O)C1Nc2ccccc2-c2ccnc3[nH]cc1c23,8.3,0.7119000544170476,0.7419633639100652,0.6111111111111112
O=CCC1Nc2ccccc2-c2ccnc3[nH]cc1c23,8.2,0.6974516191296128,0.7405764348166913,0.6862745098039216
COC(=O)F,2.9,0.3989053365073778,0.8240499932655511,0.1428571428571428
CCC,2.2,0.3854706587740357,0.916115884596113,0.0425531914893617
COC(C)=O,3.0,0.382966590732514,0.9181870562026138,0.1458333333333333
CC(=O)C1Nc2ccccc2-c2ccnc3[nH]cc1c23,8.6,0.7079770911936271,0.755194809136702,0.6346153846153846
CCC1Nc2ccccc2-c2ccnc3[nH]cc1c23,8.6,0.6811323512409708,0.7686156186637452,0.6938775510204082
COC1Nc2ccccc2-c2ccnc3[nH]cc1c23,8.3,0.697319046236027,0.7458796296527562,0.64
CC,1.6,0.3727855551576051,0.805825786783401,0.0217391304347826
CCC(C)=O,3.3,0.4510508050249618,0.9060485946641524,0.1
COF,2.1,0.38867716365784,0.7632030640832925,0.0625
CC,1.6,0.3727855551576051,0.805825786783401,0.0217391304347826
CCC(C)C,3.4,0.4444408351269941,0.9241423009578588,0.0392156862745098
NOC1Nc2ccccc2-c2ccnc3[nH]cc1c23,8.4,0.5816280152759837,0.7245601241582507,0.5660377358490566
CCC(C)=O,3.3,0.4510508050249618,0.9060485946641524,0.1
c1csc(CC2Nc3ccccc3-c3ccnc4[nH]cc2c34)c1,8.9,0.5459678555678223,0.7595799292738519,0.5789473684210527
CCCCC1Nc2ccccc2-c2ccnc3[nH]cc1c23,8.1,0.7154985565524649,0.7721081840047792,0.6415094339622641
CC(=O)CC1Nc2ccccc2-c2ccnc3[nH]cc1c23,8.7,0.7509697575665712,0.7603699136553508,0.7959183673469388
O=C(O)CC(=O)CC1Nc2ccccc2-c2ccnc3[nH]cc1c23,8.9,0.6417185323367393,0.7459090945381256,0.7307692307692307
CC1Nc2ccccc2-c2ccnc3[nH]cc1c23,8.3,0.6231806317439508,0.7695458725412244,0.6
CC(=O)C1Nc2ccccc2-c2ccnc3[nH]cc1c23,8.5,0.7079770911936271,0.755194809136702,0.6346153846153846
O=C(O)C(=O)CC1Nc2ccccc2-c2ccnc3[nH]cc1c23,8.6,0.6466767645939635,0.7473424812146646,0.7450980392156863
CCC1Nc2ccccc2-c2ccnc3[nH]cc1c23,8.5,0.6811323512409708,0.7686156186637452,0.6938775510204082
CC(=O)C1Nc2ccccc2-c2ccnc3[nH]cc1c23,8.5,0.7079770911936271,0.755194809136702,0.6346153846153846
COCC(=O)OC,3.1,0.4551864133446848,0.90408968696741,0.2
O=CCC1Nc2ccccc2-c2ccnc3[nH]cc1c23,8.4,0.6974516191296128,0.7405764348166913,0.6862745098039216
CC(C)CC1Nc2ccccc2-c2ccnc3[nH]cc1c23,8.7,0.7098083021719735,0.7645984130248337,0.6538461538461539
CC1Nc2ccccc2-c2ccnc3[nH]cc1c23,8.4,0.6231806317439508,0.7695458725412244,0.6
CCC1Nc2ccccc2-c2ccnc3[nH]cc1c23,8.2,0.6811323512409708,0.7686156186637452,0.6938775510204082
CC(=O)C(C)=O,3.5,0.4259416894382318,0.8982471645888486,0.0833333333333333
CC,1.6,0.3727855551576051,0.805825786783401,0.0217391304347826
CC(C)CCC1Nc2ccccc2-c2ccnc3[nH]cc1c23,8.4,0.7017640279371289,0.7569201671762436,0.6415094339622641
CC1Nc2ccccc2-c2ccnc3[nH]cc1c23,8.3,0.6231806317439508,0.7695458725412244,0.6
CC1Nc2ccccc2-c2ccnc3[nH]cc1c23,8.4,0.6231806317439508,0.7695458725412244,0.6
CC(=O)C1Nc2ccccc2-c2ccnc3[nH]cc1c23,8.7,0.7079770911936271,0.755194809136702,0.6346153846153846
COC(=O)C(C)=O,3.6,0.3383947503427681,0.8590104511705271,0.1372549019607843
CC(=O)CC(=O)C=O,3.8,0.2881609177618762,0.7846748009051799,0.1296296296296296
COC(=O)CC1Nc2ccccc2-c2ccnc3[nH]cc1c23,8.0,0.711669858205952,0.7677824267916282,1.0
NC(=O)C(=O)C1Nc2ccccc2-c2ccnc3[nH]cc1c23,8.8,0.6262318863568146,0.7399443162910175,0.5818181818181818
CC(=O)CCC1Nc2ccccc2-c2ccnc3[nH]cc1c23,8.2,0.7645791387453474,0.7607449267916281,0.6981132075471698
COC(=O)CC1Nc2ccccc2-c2ccnc3[nH]cc1c23,8.0,0.711669858205952,0.7677824267916282,1.0
CC1Nc2ccccc2-c2ccnc3[nH]cc1c23,8.6,0.6231806317439508,0.7695458725412244,0.6
CCC(C)=O,3.3,0.4510508050249618,0.9060485946641524,0.1
CCC(C)=O,3.3,0.4510508050249618,0.9060485946641524,0.1
CCC(=O)CC1Nc2ccccc2-c2ccnc3[nH]cc1c23,8.3,0.7645791387453474,0.7520795421762434,0.7647058823529411
CC1Nc2ccccc2-c2ccnc3[nH]cc1c23,8.6,0.6231806317439508,0.7695458725412244,0.6
CC(C)=O,2.7,0.3982369618339747,0.9272297042386004,0.0851063829787234
CC1Nc2ccccc2-c2ccnc3[nH]cc1c23,8.6,0.6231806317439508,0.7695458725412244,0.6
CC(=O)CCC1Nc2ccccc2-c2ccnc3[nH]cc1c23,8.3,0.7645791387453474,0.7607449267916281,0.6981132075471698
CC(=O)CC1Nc2ccccc2-c2ccnc3[nH]cc1c23,8.2,0.7509697575665712,0.7603699136553508,0.7959183673469388
C[S+]([O-])c1cccc(C2Nc3ccccc3-c3ccnc4[nH]cc2c34)c1,9.6,0.5186814637161631,0.6818914516366852,0.46875
O=CC(CC(F)(F)F)SC1Nc2ccccc2-c2ccnc3[nH]cc1c23,8.7,0.6347176631587986,0.6548981427407448,0.4923076923076923
CCCC,2.8,0.4310243576713091,0.9326974392813356,0.0416666666666666
CC1Nc2ccccc2-c2ccnc3[nH]cc1c23,8.3,0.6231806317439508,0.7695458725412244,0.6
OF,1.9,0.3961652337794519,0.7207386072962214,0.04
O=C1NC(c2nc3cnc(O)cc3[nH]2)c2c[nH]c3nccc(c23)-c2ccccc21,8.6,0.3552035921567739,0.7116642502114785,0.5757575757575758
OF,1.9,0.3961652337794519,0.7207386072962214,0.04
O=C1NC(c2ccc(C(O)C3CNC3)cc2F)c2c[nH]c3nccc(c23)-c2ccccc21,7.6,0.4024005717220616,0.7061549942659513,0.6984126984126984
OF,1.9,0.3961652337794519,0.7207386072962214,0.04
O=C1NC(c2ccc(-c3cc(O)ccc3OC(F)(F)F)cc2F)c2c[nH]c3nccc(c23)-c2ccccc21,8.6,0.2384976700578015,0.7374795655998827,0.7384615384615385
O=NCc1ccc(O)cc1-c1ccc(C2NC(=O)c3ccccc3-c3ccnc4[nH]cc2c34)c(F)c1,8.9,0.2820795098782797,0.7231371331461739,0.75
O=C1NC(c2ccc(-c3cc(O)ccc3C3NC(=O)c4ccccc4-c4ccnc5[nH]cc3c45)cc2F)c2c[nH]c3nccc(c23)-c2ccccc21,6.2,0.1289281786615198,0.6480296897788737,0.8571428571428571
O=C1NC(c2ccc(O)cc2-c2ccc(Cl)cc2)c2c[nH]c3nccc(c23)-c2ccccc21,6.4,0.3037135078843974,0.7660141686997675,0.7166666666666667
O=C(O)c1ccc(C2NC(=O)c3ccccc3-c3ccnc4[nH]cc2c34)c(O)c1,8.9,0.4217327870661191,0.7681984899759663,0.6666666666666666
O=C1NC(c2ccccc2F)c2c[nH]c3nccc(c23)-c2ccccc21,6.0,0.5440664494084936,0.785898811329462,0.7692307692307693
O=C1NC(c2ccc(OCCO)cc2O)c2c[nH]c3nccc(c23)-c2ccccc21,8.0,0.4202583889351126,0.7613157771650764,0.6507936507936508
CCCCc1ccc(F)cc1F,6.2,0.6524453180864257,0.9304827946532084,0.106060606060606
O=C1NC(c2ccc(O)cc2CCc2ccccc2)c2c[nH]c3nccc(c23)-c2ccccc21,7.1,0.3392160131930873,0.7641934348423001,0.7049180327868853
CCc1noc(-c2ccc(F)cc2F)n1,6.8,0.7641757167371219,0.8777530966896746,0.1408450704225352
O=c1[nH]c(=Cc2ccc(O)cc2)c2c[nH]c3nccc(c4ccccc14)c32,9.3,0.4320690804425408,0.8139227347389757,0.323943661971831
O=C1NC(c2ccc(O)cc2-n2ncnn2)c2c[nH]c3nccc(c23)-c2ccccc21,7.7,0.4121576173586256,0.7152497779412755,0.6825396825396826
O=C1NC(c2ccc(C(F)(F)F)cc2F)c2c[nH]c3nccc(c23)-c2ccccc21,6.8,0.4221159926876979,0.7625883459485578,0.7543859649122807
O=C1NC(C(F)C(=O)O)c2c[nH]c3nccc(c23)-c2ccccc21,9.1,0.6742127882515961,0.7106540454368975,0.5573770491803278
[CH+]CNc1ccc(O)cc1F,5.4,0.4998557982976928,0.7659153472490259,0.2333333333333333
O=C1NC(c2ccc(O)cc2CCc2ccccc2)c2c[nH]c3nccc(c23)-c2ccccc21,7.4,0.3392160131930873,0.7641934348423001,0.7049180327868853
O=C1NC(c2ccc(O)cc2CN2CCOCC2)c2c[nH]c3nccc(c23)-c2ccccc21,5.9,0.4529298904318158,0.7478824627124556,0.6515151515151515
O=C1NC(c2ccc(O)cc2-c2ccc(C3NC(=O)c4ccccc4-c4ccnc5[nH]cc3c45)c(-n3cccn3)c2)c2c[nH]c3nccc(c23)-c2ccccc21,9.6,0.1237432918538912,0.6250489135929492,0.6323529411764706
O=C1NC(C(F)C(=O)O)c2c[nH]c3nccc(c23)-c2ccccc21,9.1,0.6742127882515961,0.7106540454368975,0.5573770491803278
COc1ccccc1C1NC(=O)c2ccccc2-c2ccnc3[nH]cc1c23,8.7,0.5694917317673214,0.7892963089211479,0.6101694915254238
O=C1NC(c2ccc(F)cc2CC(F)(F)F)c2c[nH]c3nccc(c23)-c2ccccc21,8.0,0.4280599652644591,0.7428379224890356,0.6349206349206349
O=C1NC(c2cc(Br)ccc2F)c2c[nH]c3nccc(c23)-c2ccccc21,6.2,0.4555432156244954,0.7707347754529932,0.6896551724137931
CC(C)[C@@H](C)c1ccc(O)cc1F,6.5,0.74366297300607,0.8126460716816849,0.2166666666666666
OF,1.9,0.3961652337794519,0.7207386072962214,0.04
O=C1NC(Cc2ccc(O)cc2)c2c[nH]c3nccc(c23)-c2ccccc21,7.5,0.5091727515950379,0.777664955464478,0.6
CC(=O)c1cc(C2NC(=O)c3ccccc3-c3ccnc4[nH]cc2c34)cs1,9.8,0.5137642582537465,0.7384521324549655,0.5692307692307692
O=C1NC(c2ccc(O)cc2-c2ccccc2)c2c[nH]c3nccc(c23)-c2ccccc21,9.5,0.3581049309126494,0.7717793415283423,0.7678571428571429
[NH3+]c1ccn(-c2ccc(F)cc2F)c1,6.9,0.7170137957085656,0.7637398954753639,0.1176470588235294
O=C1NC(c2ccc(O)cc2C2(C3NC(=O)c4ccccc4-c4ccnc5[nH]cc3c45)COC2)c2c[nH]c3nccc(c23)-c2ccccc21,9.9,0.1580959077717727,0.6306742207155505,0.6615384615384615
O=C1NC(C(F)F)c2c[nH]c3nccc(c23)-c2ccccc21,8.9,0.7242140372166255,0.7465352808819823,0.5789473684210527
O=C1NC(c2ccccc2F)c2c[nH]c3nccc(c23)-c2ccccc21,9.1,0.5440664494084936,0.785898811329462,0.7692307692307693
C[NH+]1CCN(c2ccc(O)cc2O)CC1,6.3,0.5804882780723267,0.6952179318545099,0.1492537313432835
OF,1.9,0.3961652337794519,0.7207386072962214,0.04
O=C1NC(c2ccc(F)cc2-c2ccc(F)c(F)c2)c2c[nH]c3nccc(c23)-c2ccccc21,6.7,0.335637454502834,0.759984665611531,0.6612903225806451
O=C1NC(c2ccc(O)cc2-c2cccc(F)c2)c2c[nH]c3nccc(c23)-c2ccccc21,8.5,0.3390138887734544,0.760862085366434,0.7627118644067796
NC1CCN(c2ccc(O)cc2F)CC1,6.7,0.7374011720458532,0.8763274556640338,0.234375
O=C1NC(c2ccc(-c3ccccc3F)cc2O)c2c[nH]c3nccc(c23)-c2ccccc21,11.6,0.3390138887734543,0.7677207392125877,0.7288135593220338
O=C1NC(c2ccc(O)cc2)c2c[nH]c3nccc(c23)-c2ccccc21,6.6,0.4930778135197747,0.7836311999934298,0.7222222222222222
OF,1.9,0.3961652337794519,0.7207386072962214,0.04
C[C@@H]1CCN(C(=O)c2ccc(O)cc2F)C1,7.2,0.7907859407234225,0.8459487015413522,0.2318840579710145
O=C1NC(c2ccc(CF)cc2F)c2c[nH]c3nccc(c23)-c2ccccc21,6.6,0.5348610949024892,0.7567231319818646,0.7543859649122807
O=C1NC(c2ccc(O)cc2-c2ccc(O)cc2)c2c[nH]c3nccc(c23)-c2ccccc21,8.0,0.3097778710523636,0.7603023097254084,0.7678571428571429
O=C1NC(c2ccc(O)cc2OCC(F)(F)F)c2c[nH]c3nccc(c23)-c2ccccc21,7.5,0.4315921638684382,0.7463624425517053,0.7096774193548387
O=C1NC(c2ccc(Cl)cc2)c2c[nH]c3nccc(c23)-c2ccccc21,8.9,0.5165040504403592,0.7908461797505146,0.603448275862069
O=C1NC(c2ccc(O)cc2)c2c[nH]c3nccc(c23)-c2ccccc21,8.3,0.4930778135197747,0.7836311999934298,0.7222222222222222
O=C1NC(c2ccc(O)cc2F)c2c[nH]c3nccc(c23)-c2ccccc21,9.1,0.4821753448006555,0.7669268859066423,1.0
O=C1NCc2c[nH]c3nccc(c23)-c2ccccc21,8.6,0.6426959361410728,0.8267163872274347,0.4736842105263157
O=C1NC(c2ccc(F)c(F)c2)c2c[nH]c3nccc(c23)-c2ccccc21,5.8,0.5298237406555086,0.7780416788060504,0.6842105263157895
O=C1NC(c2ccc(O)c(O)c2)c2c[nH]c3nccc(c23)-c2ccccc21,9.7,0.3920968467209527,0.7700229411334667,0.6551724137931034
O=C1NC(c2ccc(N3CCCC3)cc2O)c2c[nH]c3nccc(c23)-c2ccccc21,8.9,0.4584224200276034,0.7625894229116901,0.6349206349206349
OF,1.9,0.3961652337794519,0.7207386072962214,0.04
O=C1NC(c2ccc(CF)cc2F)c2c[nH]c3nccc(c23)-c2ccccc21,7.5,0.5348610949024892,0.7567231319818646,0.7543859649122807
CCOc1ccc(O)cc1F,5.4,0.7084521214432814,0.9233661164797952,0.2333333333333333
OF,1.9,0.3961652337794519,0.7207386072962214,0.04
O=C1NC(c2ccc(OCC(F)F)cc2F)c2c[nH]c3nccc(c23)-c2ccccc21,9.2,0.4934257630170166,0.7498656450473761,0.6935483870967742
O=C1NC(c2ccc(O)cc2-c2ccc(Cl)c(Cl)c2)c2c[nH]c3nccc(c23)-c2ccccc21,8.2,0.258609914228519,0.7559769733038386,0.6935483870967742
CC1(c2ccc(O)cc2F)CCCNCC1,6.8,0.7665689578321973,0.7702650418676925,0.2205882352941176
N#CCc1ccc(O)cc1-c1ccc(C2NC(=O)c3ccccc3-c3ccnc4[nH]cc2c34)c(F)c1,9.3,0.3149024379824114,0.7334247071106706,0.7384615384615385
O=C1NC(c2ccc(O)cc2)c2c[nH]c3nccc(c23)-c2ccccc21,9.1,0.4930778135197747,0.7836311999934298,0.7222222222222222
O=C1NC(c2c[nH]c3ccc(O)cc23)c2c[nH]c3nccc(c23)-c2ccccc21,6.3,0.3501719056110822,0.7554356529264107,0.7368421052631579
O=C1NC(c2ccc(-c3cc(O)ccc3C3NC(=O)c4ccccc4-c4ccnc5[nH]cc3c45)cc2F)c2c[nH]c3nccc(c23)-c2ccccc21,9.7,0.1289281786615198,0.6480296897788737,0.8571428571428571
O=C1NC(c2ccc(OC(F)(F)F)cc2F)c2c[nH]c3nccc(c23)-c2ccccc21,9.6,0.4376414528361542,0.7565178175939307,0.7166666666666667
O=C1NC(c2ccc(-c3ccc(Cl)c(F)c3)cc2F)c2c[nH]c3nccc(c23)-c2ccccc21,10.4,0.3021940119467559,0.7625914160039957,0.7288135593220338
O=C1NC(c2ccc(OCC(F)(F)F)cc2F)c2c[nH]c3nccc(c23)-c2ccccc21,9.6,0.432750236687684,0.7532520452566926,0.6935483870967742
O=C1NC(c2ccc(F)cc2)c2c[nH]c3nccc(c23)-c2ccccc21,9.0,0.5440664494084936,0.7903235076857373,0.6607142857142857
OF,1.9,0.3961652337794519,0.7207386072962214,0.04
OF,1.9,0.3961652337794519,0.7207386072962214,0.04
O=C1NC(c2ccc(-c3cc(O)ccc3C3NC(=O)c4ccccc4-c4ccnc5[nH]cc3c45)cc2F)c2c[nH]c3nccc(c23)-c2ccccc21,10.6,0.1289281786615198,0.6480296897788737,0.8571428571428571
O=C1NC(c2ccc(O)cc2-c2ccc(C3NC(=O)c4ccccc4-c4ccnc5[nH]cc3c45)c(-c3ccccc3)c2)c2c[nH]c3nccc(c23)-c2ccccc21,9.7,0.1225376405405573,0.6457992560135515,0.7288135593220338
O=C1NC(C(=O)c2cc(O)ccc2C2NC(=O)c3ccccc3-c3ccnc4[nH]cc2c34)c2c[nH]c3nccc(c23)-c2ccccc21,6.1,0.1540857524951351,0.6525089624428609,0.7166666666666667
Oc1cccc(F)c1,5.0,0.5392148187981868,0.9340948009051798,0.2222222222222222
O=C1NC(c2ccc(N3CCNC3=O)cc2F)c2c[nH]c3nccc(c23)-c2ccccc21,8.4,0.4553730311256954,0.7455278412555654,0.6935483870967742
O=C1NC(c2ccc(OC(F)F)cc2F)c2c[nH]c3nccc(c23)-c2ccccc21,7.4,0.5107224492447142,0.7581768632588809,0.7166666666666667
O=C1NC(c2ccc(-c3cc(O)ccc3C3NC(=O)c4ccccc4-c4ccnc5[nH]cc3c45)cc2F)c2c[nH]c3nccc(c23)-c2ccccc21,7.2,0.1289281786615198,0.6480296897788737,0.8571428571428571
Cc1ccc(F)cc1F,5.4,0.5024152947188044,0.955733212872374,0.1186440677966101
O=C1NC(c2ccc(OCC(F)(F)F)cc2F)c2c[nH]c3nccc(c23)-c2ccccc21,9.8,0.432750236687684,0.7532520452566926,0.6935483870967742
OF,1.9,0.3961652337794519,0.7207386072962214,0.04
N#Cc1ccc(-c2cc(O)ccc2C2NC(=O)c3ccccc3-c3ccnc4[nH]cc2c34)cc1,8.4,0.3448911905492816,0.7542565381834034,0.6825396825396826
OF,1.9,0.3961652337794519,0.7207386072962214,0.04
O=C1NC(c2ccc(-c3cc(O)ccc3N3CCNOCC3)cc2F)c2c[nH]c3nccc(c23)-c2ccccc21,10.6,0.261787648148792,0.6994810469539391,0.6575342465753424
O=C1NC(c2ccc(OCC(F)F)cc2F)c2c[nH]c3nccc(c23)-c2ccccc21,9.1,0.4934257630170166,0.7498656450473761,0.6935483870967742
CCNCc1ccc(O)cc1F,6.0,0.7205418094433884,0.8935112328816466,0.2258064516129032
O=C1NC(c2ccc(-c3cccc(O)c3)cc2F)c2c[nH]c3nccc(c23)-c2ccccc21,9.3,0.3390138887734544,0.7662968610074596,0.8392857142857143
CC1ON=C1c1ccc(O)cc1F,6.5,0.7153007362734755,0.7385533617772102,0.2539682539682539
O=C1NC(c2cc(F)ccc2F)c2c[nH]c3nccc(c23)-c2ccccc21,6.8,0.5298237406555086,0.7740312251571352,0.7142857142857143
O=C1NC(C(=O)c2cc(O)ccc2C2NC(=O)c3ccccc3-c3ccnc4[nH]cc2c34)c2c[nH]c3nccc(c23)-c2ccccc21,6.0,0.1540857524951351,0.6525089624428609,0.7166666666666667
O=C1NC(c2ccc(Cl)cc2)c2c[nH]c3nccc(c23)-c2ccccc21,8.4,0.5165040504403592,0.7908461797505146,0.603448275862069
O=C1NC(c2ccc(-n3nccc3/C=N\Cl)cc2F)c2c[nH]c3nccc(c23)-c2ccccc21,10.9,0.3651928036646186,0.6985440284708938,0.6142857142857143
O=C1NC(Cc2ccc(O)cc2)c2c[nH]c3nccc(c23)-c2ccccc21,9.0,0.5091727515950379,0.777664955464478,0.6
O=C1NC(SCc2cc(O)ccc2C2NC(=O)c3ccccc3-c3ccnc4[nH]cc2c34)c2c[nH]c3nccc(c23)-c2ccccc21,9.3,0.1416925208976578,0.6393624725210617,0.6825396825396826
O=C1NC(c2ccc(-c3nccs3)cc2F)c2c[nH]c3nccc(c23)-c2ccccc21,9.8,0.4010668143540991,0.751310640155984,0.6935483870967742
C[C@H]1CCCN(c2ccc(O)cc2O)C1,6.6,0.7424657681519482,0.833560569884227,0.1571428571428571
O=C1NC(c2ccc(-c3cc(O)ccc3-c3c[nH]c4ccccc34)cc2F)c2c[nH]c3nccc(c23)-c2ccccc21,9.0,0.1814262051120719,0.734103190584443,0.7384615384615385
O=C1NC(c2ccc(-c3cc(O)ccc3-c3cccs3)cc2F)c2c[nH]c3nccc(c23)-c2ccccc21,10.6,0.2304462136986671,0.7395778292481465,0.7272727272727273
O=C1NC(c2ccc(O)cc2-c2ccc(O)cc2)c2c[nH]c3nccc(c23)-c2ccccc21,7.9,0.3097778710523636,0.7603023097254084,0.7678571428571429
O=C(O)C(F)F,3.5,0.5105149761883968,0.8434152119261267,0.0535714285714285
O=C1NC(c2ccccc2F)c2c[nH]c3nccc(c23)-c2ccccc21,6.1,0.5440664494084936,0.785898811329462,0.7692307692307693
O=C(O)C(F)F,3.5,0.5105149761883968,0.8434152119261267,0.0535714285714285
OF,1.9,0.3961652337794519,0.7207386072962214,0.04
CN1CCCC(Nc2ccc(O)cc2F)CC1,7.3,0.7767213227029154,0.832911277898471,0.2285714285714285
O=CC(F)C1NC(=O)c2ccccc2-c2ccnc3[nH]cc1c23,8.4,0.7144025314861469,0.7011575788890821,0.5409836065573771
[2H]C(C)CCC(F)C(=O)O,4.6,0.6352650796570793,0.6098372277629437,0.0441176470588235
O=C1NC(c2ccc(O)cc2C(=O)C(F)c2ccccc2F)c2c[nH]c3nccc(c23)-c2ccccc21,8.1,0.2747309663875562,0.6943081322616467,0.7076923076923077
O=C1NC(C(F)F)c2c[nH]c3nccc(c23)-c2ccccc21,8.9,0.7242140372166255,0.7465352808819823,0.5789473684210527
O=C(O)F,2.8,0.4193386325990585,0.8471700888539851,0.0566037735849056
O=C1NC(C(F)F)c2c[nH]c3nccc(c23)-c2ccccc21,8.9,0.7242140372166255,0.7465352808819823,0.5789473684210527
OF,1.9,0.3961652337794519,0.7207386072962214,0.04
O=C1NC(C(F)C(=O)C(F)c2ccccc2)c2c[nH]c3nccc(c23)-c2ccccc21,9.6,0.5083526500118346,0.6809768470973427,0.5151515151515151
O=C1NC(C(F)C2(F)CCOC2)c2c[nH]c3nccc(c23)-c2ccccc21,8.6,0.7267944258188139,0.6456567879543926,0.4857142857142857
CC(F)C(=O)c1ccc(C2NC(=O)c3ccccc3-c3ccnc4[nH]cc2c34)c(F)c1,8.4,0.4729230228147004,0.7166497567601896,0.7096774193548387
O=C1NC(c2ccccc2C(F)C2NC(=O)c3ccccc3-c3ccnc4[nH]cc2c34)c2c[nH]c3nccc(c23)-c2ccccc21,7.6,0.1721953641741893,0.6338645292971393,0.5967741935483871
O=C1NC(C(O)F)c2c[nH]c3nccc(c23)-c2ccccc21,6.7,0.6446914292950124,0.716839433945455,0.5862068965517241
NC(=O)CCCOc1ccc(C2NC(=O)c3ccccc3-c3ccnc4[nH]cc2c34)c(F)c1,8.9,0.3925006656235413,0.7589565826673788,0.676923076923077
O=C(O)CF,3.0,0.4804334336540837,0.8369562869718445,0.0535714285714285
O=C1NC(C(F)C(=O)c2cccc(Cl)c2)c2c[nH]c3nccc(c23)-c2ccccc21,9.9,0.4641793596198649,0.7172424298442323,0.5217391304347826
FF,1.6,0.3741821364263268,0.6703027098603241,0.02
CC(C)(C)C(F)C(=O)O,4.3,0.5889922065639269,0.7427082684845087,0.0483870967741935
O=C1NC(CCOC(=O)C(F)C2NC(=O)c3ccccc3-c3ccnc4[nH]cc2c34)c2c[nH]c3nccc(c23)-c2ccccc21,10.1,0.1976338094707505,0.6243177502915189,0.4788732394366197
CCN(CC)C1NC(=O)c2ccccc2-c2ccnc3[nH]cc1c23,7.4,0.7780997668296472,0.7415817812716821,0.5245901639344263
O=C1NC(C(O)F)c2c[nH]c3nccc(c23)-c2ccccc21,8.5,0.6446914292950124,0.716839433945455,0.5862068965517241
O=C1NC(C(F)F)c2c[nH]c3nccc(c23)-c2ccccc21,8.9,0.7242140372166255,0.7465352808819823,0.5789473684210527
O=C1NC(C(F)F)c2c[nH]c3nccc(c23)-c2ccccc21,8.9,0.7242140372166255,0.7465352808819823,0.5789473684210527
[CH2+]COC(=O)c1ccc(O)cc1C(=O)O,6.3,0.5744487877802158,0.8164450380816162,0.1470588235294117
O=C1NC(C(O)F)c2c[nH]c3nccc(c23)-c2ccccc21,8.5,0.6446914292950124,0.716839433945455,0.5862068965517241
O=C1NC(C(O)C(=O)CC(F)F)c2c[nH]c3nccc(c23)-c2ccccc21,7.9,0.6569847422277826,0.6827029322140729,0.5151515151515151
O=Cc1ccc(C2NC(=O)c3ccccc3-c3ccnc4[nH]cc2c34)c(O)c1,8.1,0.4707607508798259,0.7569945469866128,0.6666666666666666
O=C1NC(c2ccc(CF)cc2F)c2c[nH]c3nccc(c23)-c2ccccc21,5.5,0.5348610949024892,0.7567231319818646,0.7543859649122807
OF,1.9,0.3961652337794519,0.7207386072962214,0.04
COCCC1(C(F)C(=O)O)CC1,4.3,0.6847801454297903,0.7004805109380039,0.0704225352112676
O=C1NC(C(F)C(=O)CC(F)F)c2c[nH]c3nccc(c23)-c2ccccc21,8.0,0.7341414257918739,0.6775027297849231,0.5230769230769231
O=C1NC(C(F)F)c2c[nH]c3nccc(c23)-c2ccccc21,8.9,0.7242140372166255,0.7465352808819823,0.5789473684210527
O=C1NC(C(F)F)c2c[nH]c3nccc(c23)-c2ccccc21,8.9,0.7242140372166255,0.7465352808819823,0.5789473684210527
OF,1.9,0.3961652337794519,0.7207386072962214,0.04
O=C1NC(O)c2c[nH]c3nccc(c23)-c2ccccc21,8.3,0.5811638986819464,0.76614785953458,0.6111111111111112
O=C1NC(c2ccc(O)cc2C(=O)O)c2c[nH]c3nccc(c23)-c2ccccc21,6.2,0.421732787066119,0.7613829200037698,0.7543859649122807
O=C1NC(F)c2c[nH]c3nccc(c23)-c2ccccc21,8.5,0.6151531449738892,0.749910459004076,0.6111111111111112
OF,1.9,0.3961652337794519,0.7207386072962214,0.04
O=C1NC(Cc2nnc(C(F)F)o2)c2c[nH]c3nccc(c23)-c2ccccc21,9.1,0.5654376082198082,0.7180955916209909,0.4714285714285714
OC(F)F,2.9,0.4296420188967676,0.8036027811616775,0.0377358490566037
CC(=O)C1NC(=O)c2ccccc2-c2ccnc3[nH]cc1c23,8.0,0.7233648052819527,0.7559745971212986,0.5689655172413793
O=C1NC(c2ccc(O)cc2F)c2c[nH]c3nccc(c23)-c2ccccc21,6.5,0.4821753448006555,0.7669268859066423,1.0
CC(=O)c1ccc(O)cc1C(=O)O,6.3,0.6722826595912237,0.9029769307431116,0.1612903225806451
O=C(O)F,2.8,0.4193386325990585,0.8471700888539851,0.0566037735849056
O=C1NC(C(=O)C2NC(=O)c3ccccc3-c3ccnc4[nH]cc2c34)c2c[nH]c3nccc(c23)-c2ccccc21,6.2,0.2626036186374978,0.661936829584426,0.5892857142857143
C=CCc1cc(F)ccc1C1NC(=O)c2ccccc2-c2ccnc3[nH]cc1c23,8.1,0.4929684736429341,0.750883409875344,0.625
OC(F)F,2.9,0.4296420188967676,0.8036027811616775,0.0377358490566037
CC1NC(=O)c2ccccc2-c2ccnc3[nH]cc1c23,9.1,0.6546468154720095,0.7743542255823254,0.5818181818181818
O=C1NC(C(F)C2(F)CCC2)c2c[nH]c3nccc(c23)-c2ccccc21,8.6,0.7237523826739547,0.6815451281877302,0.5230769230769231
O=C1NC(c2cccc(OF)c2)c2c[nH]c3nccc(c23)-c2ccccc21,9.2,0.559888842433155,0.7537751794177399,0.6229508196721312
O=C1NC(C(F)F)c2c[nH]c3nccc(c23)-c2ccccc21,8.9,0.7242140372166255,0.7465352808819823,0.5789473684210527
O=C1NC(C(F)C(F)CCCBr)c2c[nH]c3nccc(c23)-c2ccccc21,6.4,0.5636394543651776,0.658036759265133,0.4852941176470588
O=CC(=O)C(F)C1NC(=O)c2ccccc2-c2ccnc3[nH]cc1c23,8.3,0.5655559900390427,0.6905832364845589,0.53125
Cc1ccc(OC(F)C(=O)O)cc1,6.2,0.7779527830542039,0.8364463043901529,0.1044776119402985
O=C1NC(C(F)F)c2c[nH]c3nccc(c23)-c2ccccc21,7.4,0.7242140372166255,0.7465352808819823,0.5789473684210527
CCOC(=O)c1ccc(O)cc1O,5.9,0.6757852319546559,0.9154680619648312,0.1515151515151515
OO,2.7,0.292487473410359,0.7697180944757086,0.02
O=C1NC(C(F)C(=O)Cc2cccnc2)c2c[nH]c3nccc(c23)-c2ccccc21,8.7,0.548348540556506,0.7056554066295426,0.4788732394366197
O=C1NC(C(O)C(=O)C2CCCC2)c2c[nH]c3nccc(c23)-c2ccccc21,8.5,0.6553670857755945,0.7116179240359765,0.5230769230769231
COc1ccc(C2NC(=O)c3ccccc3-c3ccnc4[nH]cc2c34)o1,9.3,0.5808762207081096,0.7369226979691381,0.546875
O=C1NC(C(F)c2ccc(F)cc2)c2c[nH]c3nccc(c23)-c2ccccc21,9.8,0.5254416384093887,0.7264940873788065,0.5396825396825397
O=C1NC(C(C(=O)O)c2ccccc2)c2c[nH]c3nccc(c23)-c2ccccc21,8.1,0.500249150251404,0.735371934123188,0.532258064516129
O=C1NC(O)c2c[nH]c3nccc(c23)-c2ccccc21,8.2,0.5811638986819464,0.76614785953458,0.6111111111111112
O=C1NC(C(CCCO)C(=O)O)c2c[nH]c3nccc(c23)-c2ccccc21,6.3,0.5544057409461177,0.7131354260360403,0.4852941176470588
O=C1NC(F)c2c[nH]c3nccc(c23)-c2ccccc21,8.5,0.6151531449738892,0.749910459004076,0.6111111111111112
O=C1NC(C(O)F)c2c[nH]c3nccc(c23)-c2ccccc21,8.6,0.6446914292950124,0.716839433945455,0.5862068965517241
O=C(O)OCC1NC(=O)c2ccccc2-c2ccnc3[nH]cc1c23,8.3,0.6290044113281522,0.7506288269795972,0.5238095238095238
O=C1NC(C2CCN(C(=O)O)C2)c2c[nH]c3nccc(c23)-c2ccccc21,8.4,0.619635657201622,0.7212647198191804,0.5
C[NH+]1CC(C(F)C(=O)O)c2ccccc21,7.0,0.7393874418027946,0.5575881538623046,0.1549295774647887
O=C(O)O,2.9,0.4217263084106903,0.931287396546293,0.0384615384615384
O=C(OC1NC(=O)c2ccccc2-c2ccnc3[nH]cc1c23)c1ccc(C2NC(=O)c3ccccc3-c3ccnc4[nH]cc2c34)c(F)c1,7.2,0.1671513580696061,0.6530406123016789,0.7213114754098361
O=C1NC(F)c2c[nH]c3nccc(c23)-c2ccccc21,8.5,0.6151531449738892,0.749910459004076,0.6111111111111112
O=C1NC(C2(C(=O)O)CCCC2)c2c[nH]c3nccc(c23)-c2ccccc21,8.4,0.6490481442466758,0.7351152488257742,0.53125
OF,1.9,0.3961652337794519,0.7207386072962214,0.04
O=C1NC(C(C(=O)O)c2ccccc2)c2c[nH]c3nccc(c23)-c2ccccc21,8.2,0.500249150251404,0.735371934123188,0.532258064516129
O=C1NC(C(O)F)c2c[nH]c3nccc(c23)-c2ccccc21,8.6,0.6446914292950124,0.716839433945455,0.5862068965517241
O=C1NC(C(F)C2CC2)c2c[nH]c3nccc(c23)-c2ccccc21,9.1,0.7548096480351643,0.7047782207926586,0.5573770491803278
FF,1.6,0.3741821364263268,0.6703027098603241,0.02
FC(F)F,2.6,0.401096477329913,0.8070008580847543,0.0192307692307692
O=C1NC(F)c2c[nH]c3nccc(c23)-c2ccccc21,8.5,0.6151531449738892,0.749910459004076,0.6111111111111112
O=C1NC(c2ccc(-c3ccco3)cc2F)c2c[nH]c3nccc(c23)-c2ccccc21,9.4,0.4066048654146282,0.7603689664450797,0.7049180327868853
O=C(O)O,2.9,0.4217263084106903,0.931287396546293,0.0384615384615384
O=C1NC(F)c2c[nH]c3nccc(c23)-c2ccccc21,8.5,0.6151531449738892,0.749910459004076,0.6111111111111112
O=C(O)C(=O)CF,3.6,0.4874975093459906,0.7895118086365905,0.0508474576271186
O=C1NC(C(F)F)c2c[nH]c3nccc(c23)-c2ccccc21,8.8,0.7242140372166255,0.7465352808819823,0.5789473684210527
O=C1NC(c2ccc(-c3cc(O)ccc3-c3ccco3)cc2F)c2c[nH]c3nccc(c23)-c2ccccc21,8.5,0.2477707790609767,0.738142209012526,0.7384615384615385
CCCCC(F)C(=O)F,4.7,0.5400909418812646,0.7429774833276368,0.0454545454545454
[NH3+]CCCc1ccc(F)cc1F,6.0,0.7077340444664977,0.7967732375436513,0.123076923076923
O=C(O)F,2.8,0.4193386325990585,0.8471700888539851,0.0566037735849056
O=C1NC(C(F)F)c2c[nH]c3nccc(c23)-c2ccccc21,8.8,0.7242140372166255,0.7465352808819823,0.5789473684210527
O=C1NC(C(C(=O)c2ccccc2Cl)C(F)F)c2c[nH]c3nccc(c23)-c2ccccc21,6.1,0.4060392291113727,0.7023107019362073,0.4857142857142857
O=C1NC(C(O)C(=O)O)c2c[nH]c3nccc(c23)-c2ccccc21,8.5,0.5697303102684513,0.7253020092378024,0.5409836065573771
CC(C)(C)OCC1NC(=O)c2ccccc2-c2ccnc3[nH]cc1c23,7.9,0.7477821275091248,0.7497077855483798,0.5
O=C1NC(OCF)c2c[nH]c3nccc(c23)-c2ccccc21,8.3,0.7639840475235883,0.7280588690993205,0.5689655172413793
CCOC(=O)C1NC(=O)c2ccccc2-c2ccnc3[nH]cc1c23,8.3,0.7105936848866271,0.766921803568226,0.515625
O=C(O)F,2.8,0.4193386325990585,0.8471700888539851,0.0566037735849056
FC(F)F,2.6,0.401096477329913,0.8070008580847543,0.0192307692307692
FF,1.6,0.3741821364263268,0.6703027098603241,0.02
O=C1NC(c2ccc(O)cc2C(=O)F)c2c[nH]c3nccc(c23)-c2ccccc21,6.4,0.4550733517853709,0.7412314834884781,0.7719298245614035
FF,1.5,0.3741821364263268,0.6703027098603241,0.02
OO,2.7,0.292487473410359,0.7697180944757086,0.02
O=C1NC(C(F)F)c2c[nH]c3nccc(c23)-c2ccccc21,8.9,0.7242140372166255,0.7465352808819823,0.5789473684210527
FF,1.6,0.3741821364263268,0.6703027098603241,0.02
O=C(O)F,2.8,0.4193386325990585,0.8471700888539851,0.0566037735849056
O=C1NC(C(F)C2CC2)c2c[nH]c3nccc(c23)-c2ccccc21,9.0,0.7548096480351643,0.7047782207926586,0.5573770491803278
Cn1cc(C(F)C(=O)C2NC(=O)c3ccccc3-c3ccnc4[nH]cc2c34)cn1,8.4,0.5633291544380772,0.6820217068404306,0.4861111111111111
O=C1NC(C(C2CCC2)C2NC(=O)c3ccccc3-c3ccnc4[nH]cc2c34)c2c[nH]c3nccc(c23)-c2ccccc21,5.9,0.1974735375623033,0.6523474923993796,0.532258064516129
O=C1NC(C(F)F)c2c[nH]c3nccc(c23)-c2ccccc21,8.8,0.7242140372166255,0.7465352808819823,0.5789473684210527
O=C1NC(C(F)F)c2c[nH]c3nccc(c23)-c2ccccc21,8.9,0.7242140372166255,0.7465352808819823,0.5789473684210527
O=C1NC(C(F)F)c2c[nH]c3nccc(c23)-c2ccccc21,8.9,0.7242140372166255,0.7465352808819823,0.5789473684210527
O=C1NC(C(F)c2ccccc2)c2c[nH]c3nccc(c23)-c2ccccc21,9.1,0.5450505301734133,0.732907780264091,0.5409836065573771
O=C1NC(C(F)F)c2c[nH]c3nccc(c23)-c2ccccc21,8.9,0.7242140372166255,0.7465352808819823,0.5789473684210527
FF,1.6,0.3741821364263268,0.6703027098603241,0.02
OF,1.9,0.3961652337794519,0.7207386072962214,0.04
OC(F)F,2.9,0.4296420188967676,0.8036027811616775,0.0377358490566037
CCCCC(F)C(F)F,4.6,0.5628444797232344,0.7486597575751284,0.015625
FC1CC1,2.7,0.3926710350089752,0.8610735076574039,0.0566037735849056
FC(F)F,2.6,0.401096477329913,0.8070008580847543,0.0192307692307692
O=C(F)CC1NC(=O)c2ccccc2-c2ccnc3[nH]cc1c23,8.7,0.7147523497706583,0.7415925977647813,0.5666666666666667
FF,1.5,0.3741821364263268,0.6703027098603241,0.02
CC(F)C1NC(=O)c2ccccc2-c2ccnc3[nH]cc1c23,9.0,0.7228514942401073,0.7219612898673109,0.559322033898305
N=CCc1cc(C(=O)O)ccc1C1NC(=O)c2ccccc2-c2ccnc3[nH]cc1c23,8.3,0.3808801686823069,0.7253992664821212,0.582089552238806
O=C1NC(C(F)F)c2c[nH]c3nccc(c23)-c2ccccc21,8.9,0.7242140372166255,0.7465352808819823,0.5789473684210527
O=C1NC(C(=O)O)c2c[nH]c3nccc(c23)-c2ccccc21,8.6,0.639982221440822,0.7692778938245951,0.5789473684210527
O=C1NC(C(Oc2ccccc2)C2NC(=O)c3ccccc3-c3ccnc4[nH]cc2c34)c2c[nH]c3nccc(c23)-c2ccccc21,5.9,0.1833524820499268,0.6612314934678146,0.532258064516129
O=C1NC(C(F)F)c2c[nH]c3nccc(c23)-c2ccccc21,8.7,0.7242140372166255,0.7465352808819823,0.5789473684210527
O=C1NC(C(F)F)c2c[nH]c3nccc(c23)-c2ccccc21,8.8,0.7242140372166255,0.7465352808819823,0.5789473684210527
O=C1NC(c2cccc(CF)c2)c2c[nH]c3nccc(c23)-c2ccccc21,6.1,0.5536085079514195,0.7656822874995315,0.6229508196721312
O=C1NC(C(C(=O)O)C2CC2)c2c[nH]c3nccc(c23)-c2ccccc21,7.6,0.6782336255396818,0.7088769369195389,0.53125
O=C1NC(O)c2c[nH]c3nccc(c23)-c2ccccc21,8.3,0.5811638986819464,0.76614785953458,0.6111111111111112
O=C1NC(C(F)F)c2c[nH]c3nccc(c23)-c2ccccc21,8.8,0.7242140372166255,0.7465352808819823,0.5789473684210527
O=C1NC(C2C(=O)c3ccc2cc3)c2c[nH]c3nccc(c23)-c2ccccc21,7.6,0.5354469022112764,0.6481961239792743,0.5079365079365079
CF,1.4,0.3673293108901918,0.703430914988529,0.0196078431372549
O=C1NC(c2ccccc2C(F)C2NC(=O)c3ccccc3-c3ccnc4[nH]cc2c34)c2c[nH]c3nccc(c23)-c2ccccc21,7.7,0.1721953641741893,0.6338645292971393,0.5967741935483871
O=C1NC(F)c2c[nH]c3nccc(c23)-c2ccccc21,8.5,0.6151531449738892,0.749910459004076,0.6111111111111112
FC(F)F,2.6,0.401096477329913,0.8070008580847543,0.0192307692307692
FC(F)F,2.6,0.401096477329913,0.8070008580847543,0.0192307692307692
O=C1NC(C(F)F)c2c[nH]c3nccc(c23)-c2ccccc21,8.9,0.7242140372166255,0.7465352808819823,0.5789473684210527
COc1ccc(C(C2NC(=O)c3ccccc3-c3ccnc4[nH]cc2c34)C2NC(=O)c3ccccc3-c3ccnc4[nH]cc2c34)cc1,6.9,0.1724968721953013,0.659413977537784,0.4776119402985074
O=C1NC(F)c2c[nH]c3nccc(c23)-c2ccccc21,8.5,0.6151531449738892,0.749910459004076,0.6111111111111112
C=CCc1ccc(C(F)F)cc1F,6.5,0.6336201331891148,0.8393722377890069,0.1014492753623188
O=C1NC(CC2CCN(C(C(=O)O)C3NC(=O)c4ccccc4-c4ccnc5[nH]cc3c45)C2)c2c[nH]c3nccc(c23)-c2ccccc21,9.3,0.1738326144339723,0.599358936536525,0.4358974358974359
O=C1NC(C(C(=O)F)c2ccc(F)cc2)c2c[nH]c3nccc(c23)-c2ccccc21,8.9,0.4970517356754993,0.7147238251930694,0.5303030303030303
O=C1NC(C(O)F)c2c[nH]c3nccc(c23)-c2ccccc21,8.6,0.6446914292950124,0.716839433945455,0.5862068965517241
O=C1NC(C(O)F)c2c[nH]c3nccc(c23)-c2ccccc21,8.6,0.6446914292950124,0.716839433945455,0.5862068965517241
FC(F)F,2.6,0.401096477329913,0.8070008580847543,0.0192307692307692
FF,1.8,0.3741821364263268,0.6703027098603241,0.02
O=C1NC(C(F)C(=O)CF)c2c[nH]c3nccc(c23)-c2ccccc21,9.0,0.7691368779193889,0.6928709937976681,0.53125
OF,1.9,0.3961652337794519,0.7207386072962214,0.04
O=C1NC(C(O)F)c2c[nH]c3nccc(c23)-c2ccccc21,8.6,0.6446914292950124,0.716839433945455,0.5862068965517241
O=C1NC(c2ccc(CO)cc2F)c2c[nH]c3nccc(c23)-c2ccccc21,9.0,0.501413072496018,0.7678249363503357,0.7719298245614035
FC(F)F,2.6,0.401096477329913,0.8070008580847543,0.0192307692307692
OF,1.9,0.3961652337794519,0.7207386072962214,0.04
CC1NC(=O)c2ccccc2-c2ccnc3[nH]cc1c23,8.6,0.6546468154720095,0.7743542255823254,0.5818181818181818
O=C1NC(C(c2ccc(Cl)cc2)C(F)F)c2c[nH]c3nccc(c23)-c2ccccc21,5.8,0.4426789291702229,0.7098417142807258,0.4925373134328358
O=C1NC(F)c2c[nH]c3nccc(c23)-c2ccccc21,8.5,0.6151531449738892,0.749910459004076,0.6111111111111112
O=C1NC(C(F)F)c2c[nH]c3nccc(c23)-c2ccccc21,8.9,0.7242140372166255,0.7465352808819823,0.5789473684210527
OF,1.9,0.3961652337794519,0.7207386072962214,0.04
OC(F)F,2.9,0.4296420188967676,0.8036027811616775,0.0377358490566037
CC(c1ccc(C2NC(=O)c3ccccc3-c3ccnc4[nH]cc2c34)cc1)C(F)CF,8.4,0.4623682435136079,0.6858478929054672,0.5294117647058824
FC1CC1,2.7,0.3926710350089752,0.8610735076574039,0.0566037735849056
CCN(CC)C1NC(=O)c2ccccc2-c2ccnc3[nH]cc1c23,7.6,0.7780997668296472,0.7415817812716821,0.5245901639344263
FF,1.6,0.3741821364263268,0.6703027098603241,0.02
O=C1NC(c2ccc(O)cc2F)c2c[nH]c3nccc(c23)-c2ccccc21,9.3,0.4821753448006555,0.7669268859066423,1.0
O=C1NC(c2ccc(O)cc2C(F)c2ccc(Cl)cc2)c2c[nH]c3nccc(c23)-c2ccccc21,9.1,0.2746050479577682,0.7065510361747707,0.676923076923077
CC(C)(C)C(=O)C1NC(=O)c2ccccc2-c2ccnc3[nH]cc1c23,7.7,0.713905577285617,0.7451459561102123,0.5409836065573771
O=C1NC(C(F)F)c2c[nH]c3nccc(c23)-c2ccccc21,8.8,0.7242140372166255,0.7465352808819823,0.5789473684210527
O=C1NC(C2C(=O)Nc3cccc(c3)C2C2NC(=O)c3ccccc3-c3ccnc4[nH]cc2c34)c2c[nH]c3nccc(c23)-c2ccccc21,7.7,0.1485316265225068,0.520973430047873,0.5074626865671642
O=C1NC(F)c2c[nH]c3nccc(c23)-c2ccccc21,8.5,0.6151531449738892,0.749910459004076,0.6111111111111112
O=C1NC(C(F)F)c2c[nH]c3nccc(c23)-c2ccccc21,8.8,0.7242140372166255,0.7465352808819823,0.5789473684210527
O=C1NC(C(F)F)c2c[nH]c3nccc(c23)-c2ccccc21,8.8,0.7242140372166255,0.7465352808819823,0.5789473684210527
O=C1NC(C(F)F)c2c[nH]c3nccc(c23)-c2ccccc21,6.5,0.7242140372166255,0.7465352808819823,0.5789473684210527
O=C1NC(C(F)F)c2c[nH]c3nccc(c23)-c2ccccc21,8.8,0.7242140372166255,0.7465352808819823,0.5789473684210527
FC(F)F,2.6,0.401096477329913,0.8070008580847543,0.0192307692307692
O=C1NC(C(F)C2CO2)c2c[nH]c3nccc(c23)-c2ccccc21,8.9,0.7125161823677352,0.6742036994415489,0.5396825396825397
O=C1NC(C(F)F)c2c[nH]c3nccc(c23)-c2ccccc21,8.3,0.7242140372166255,0.7465352808819823,0.5789473684210527
OC(F)F,2.9,0.4296420188967676,0.8036027811616775,0.0377358490566037
O=C1NC(CC2CC2)c2c[nH]c3nccc(c23)-c2ccccc21,8.7,0.7559593365499664,0.7598292745208608,0.55
O=C1NC(C(F)C(C2=CC(F)C=C2F)C2NC(=O)c3ccccc3-c3ccnc4[nH]cc2c34)c2c[nH]c3nccc(c23)-c2ccccc21,7.0,0.1638332819221131,0.5469097615180512,0.4857142857142857
OF,1.9,0.3961652337794519,0.7207386072962214,0.04
O=C1NC(F)c2c[nH]c3nccc(c23)-c2ccccc21,8.4,0.6151531449738892,0.749910459004076,0.6111111111111112
O=C(O)F,2.8,0.4193386325990585,0.8471700888539851,0.0566037735849056
O=C1NC(C(F)F)c2c[nH]c3nccc(c23)-c2ccccc21,8.5,0.7242140372166255,0.7465352808819823,0.5789473684210527
O=C1NC(C(F)F)c2c[nH]c3nccc(c23)-c2ccccc21,8.9,0.7242140372166255,0.7465352808819823,0.5789473684210527
O=C1NC(C(F)F)c2c[nH]c3nccc(c23)-c2ccccc21,6.4,0.7242140372166255,0.7465352808819823,0.5789473684210527
O=C1NC(c2ccccc2C(F)C2NC(=O)c3ccccc3-c3ccnc4[nH]cc2c34)c2c[nH]c3nccc(c23)-c2ccccc21,8.4,0.1721953641741893,0.6338645292971393,0.5967741935483871
O=C1NC(F)c2c[nH]c3nccc(c23)-c2ccccc21,8.5,0.6151531449738892,0.749910459004076,0.6111111111111112
CS(=O)(=O)C(F)C1NC(=O)c2ccccc2-c2ccnc3[nH]cc1c23,7.9,0.7346545481872538,0.7006116964752722,0.5238095238095238
O=C1NC(C(F)C(=O)c2cncs2)c2c[nH]c3nccc(c23)-c2ccccc21,9.4,0.5206811084469656,0.6771109914623773,0.4788732394366197
OF,1.9,0.3961652337794519,0.7207386072962214,0.04
O=C1NC(C2CC2)c2c[nH]c3nccc(c23)-c2ccccc21,8.6,0.720829112136743,0.7689336287147052,0.5789473684210527
O=C1NC(O)c2c[nH]c3nccc(c23)-c2ccccc21,8.3,0.5811638986819464,0.76614785953458,0.6111111111111112
CC(F)C1NC(=O)c2ccccc2-c2ccnc3[nH]cc1c23,8.3,0.7228514942401073,0.7219612898673109,0.559322033898305
O=C1NC(c2ccc(Oc3ccccc3)cc2C2NC(=O)c3ccccc3-c3ccnc4[nH]cc2c34)c2c[nH]c3nccc(c23)-c2ccccc21,4.8,0.1509113443385565,0.6653044737926089,0.6229508196721312
O=C1NC(C2CN(C(=O)F)C2)c2c[nH]c3nccc(c23)-c2ccccc21,9.0,0.5230058840590145,0.721499500682783,0.546875
O=C1NC(C(F)F)c2c[nH]c3nccc(c23)-c2ccccc21,8.9,0.7242140372166255,0.7465352808819823,0.5789473684210527
O=C1NC(CF)c2c[nH]c3nccc(c23)-c2ccccc21,8.4,0.7201156938840251,0.7498296866692221,0.5789473684210527
O=C1NC(C(F)F)c2c[nH]c3nccc(c23)-c2ccccc21,8.9,0.7242140372166255,0.7465352808819823,0.5789473684210527
O=C1NC(C(F)F)c2c[nH]c3nccc(c23)-c2ccccc21,8.9,0.7242140372166255,0.7465352808819823,0.5789473684210527
O=C1NC(C(F)F)c2c[nH]c3nccc(c23)-c2ccccc21,8.8,0.7242140372166255,0.7465352808819823,0.5789473684210527
CC(F)C1NC(=O)c2ccccc2-c2ccnc3[nH]cc1c23,9.0,0.7228514942401073,0.7219612898673109,0.559322033898305
O=C1NC(F)c2c[nH]c3nccc(c23)-c2ccccc21,8.5,0.6151531449738892,0.749910459004076,0.6111111111111112
CC(F)C(F)F,3.6,0.4670051911708845,0.735667401942319,0.0178571428571428
O=C1NC(C(F)F)c2c[nH]c3nccc(c23)-c2ccccc21,8.9,0.7242140372166255,0.7465352808819823,0.5789473684210527
O=C1NC(C(F)F)c2c[nH]c3nccc(c23)-c2ccccc21,8.9,0.7242140372166255,0.7465352808819823,0.5789473684210527
O=C1NC(c2ccc(O)cc2)c2c[nH]c3nccc(c23)-c2ccccc21,9.2,0.4930778135197747,0.7836311999934298,0.7222222222222222
O=C1NC(C(F)c2ccco2)c2c[nH]c3nccc(c23)-c2ccccc21,8.7,0.5672545533971516,0.707445702648831,0.515625
FC(F)C1CC1,3.7,0.4610916461178551,0.8039338707032471,0.0526315789473684
O=C1NC(C(F)C(CC(F)F)C2NC(=O)c3ccccc3-c3ccnc4[nH]cc2c34)c2c[nH]c3nccc(c23)-c2ccccc21,6.6,0.1758746235086194,0.593647747838588,0.5076923076923077
O=C1NC(F)c2c[nH]c3nccc(c23)-c2ccccc21,8.5,0.6151531449738892,0.749910459004076,0.6111111111111112
O=C1NC(CC(O)(O)C(F)F)c2c[nH]c3nccc(c23)-c2ccccc21,7.4,0.5397108464716233,0.7128114506728153,0.53125
FC(F)C(F)F,3.5,0.4400506788221621,0.7785026689576144,0.0188679245283018
O=C1NC(C(F)F)c2c[nH]c3nccc(c23)-c2ccccc21,8.9,0.7242140372166255,0.7465352808819823,0.5789473684210527
O=C(O)CC1NC(=O)c2ccccc2-c2ccnc3[nH]cc1c23,8.0,0.6775650583111017,0.772017539489723,0.55
FC(F)F,2.6,0.401096477329913,0.8070008580847543,0.0192307692307692
O=C1NC(C(F)F)c2c[nH]c3nccc(c23)-c2ccccc21,8.9,0.7242140372166255,0.7465352808819823,0.5789473684210527
FF,1.5,0.3741821364263268,0.6703027098603241,0.02
O=C1NC(C(F)CCCF)c2c[nH]c3nccc(c23)-c2ccccc21,8.3,0.7504368471940766,0.693606849100425,0.5076923076923077
O=C1NC(C(F)c2sccc2F)c2c[nH]c3nccc(c23)-c2ccccc21,8.5,0.5174705725667776,0.6868373036456102,0.5303030303030303
O=C1NC(C(F)F)c2c[nH]c3nccc(c23)-c2ccccc21,8.9,0.7242140372166255,0.7465352808819823,0.5789473684210527
O=C(O)F,2.8,0.4193386325990585,0.8471700888539851,0.0566037735849056
O=C1NC(C(F)C(CCc2ccccc2)C2NC(=O)c3ccccc3-c3ccnc4[nH]cc2c34)c2c[nH]c3nccc(c23)-c2ccccc21,7.5,0.1487319437922887,0.6078883453038895,0.4782608695652174
COC(=O)C1NC(=O)c2ccccc2-c2ccnc3[nH]cc1c23,7.9,0.6749607201449633,0.7655371199093035,0.55
FC(F)F,2.6,0.401096477329913,0.8070008580847543,0.0192307692307692
O=C1NC(F)c2c[nH]c3nccc(c23)-c2ccccc21,8.5,0.6151531449738892,0.749910459004076,0.6111111111111112
CC(F)C1NC(=O)c2ccccc2-c2ccnc3[nH]cc1c23,8.3,0.7228514942401073,0.7219612898673109,0.559322033898305
FC(F)F,2.6,0.401096477329913,0.8070008580847543,0.0192307692307692
O=C(F)CF,3.0,0.417791429573332,0.7529464967620546,0.0535714285714285
O=C1NC(C(F)c2ccc(Cl)cc2)c2c[nH]c3nccc(c23)-c2ccccc21,9.2,0.4817285031167876,0.7269844957358813,0.5076923076923077
O=C1NC(C(F)c2ccccc2)c2c[nH]c3nccc(c23)-c2ccccc21,9.1,0.5450505301734133,0.732907780264091,0.5409836065573771
O=C1NC(c2ccc(C3CO3)cc2)c2c[nH]c3nccc(c23)-c2ccccc21,7.5,0.5233944609350248,0.7395879492832375,0.5833333333333334
FF,1.6,0.3741821364263268,0.6703027098603241,0.02
O=C1NC(COC(F)C2NC(=O)c3ccccc3-c3ccnc4[nH]cc2c34)c2c[nH]c3nccc(c23)-c2ccccc21,10.8,0.2320882645498827,0.628558988624881,0.4925373134328358
O=C1NC(C(F)F)c2c[nH]c3nccc(c23)-c2ccccc21,8.9,0.7242140372166255,0.7465352808819823,0.5789473684210527
O=C1NC(C(F)C(F)c2ccc(Cl)cc2)c2c[nH]c3nccc(c23)-c2ccccc21,9.6,0.4426789291702229,0.6881760052497532,0.4925373134328358
O=C1NC(CF)c2c[nH]c3nccc(c23)-c2ccccc21,8.3,0.7201156938840251,0.7498296866692221,0.5789473684210527
O=C1NC(C(F)=C2C=CC=N2)c2c[nH]c3nccc(c23)-c2ccccc21,6.6,0.7041144283853008,0.6938672323820937,0.5151515151515151
O=C1NC(C(F)F)c2c[nH]c3nccc(c23)-c2ccccc21,8.9,0.7242140372166255,0.7465352808819823,0.5789473684210527
O=C1NC(C(C(=O)O)C2CC2)c2c[nH]c3nccc(c23)-c2ccccc21,7.6,0.6782336255396818,0.7088769369195389,0.53125
O=C1NC(C(F)F)c2c[nH]c3nccc(c23)-c2ccccc21,8.8,0.7242140372166255,0.7465352808819823,0.5789473684210527
O=C(CC(F)C1NC(=O)c2ccccc2-c2ccnc3[nH]cc1c23)NCCC1NC(=O)c2ccccc2-c2ccnc3[nH]cc1c23,9.5,0.1737214999533687,0.6234910182200462,0.4861111111111111
O=C1NC(C(F)CC(=O)C2CCC2)c2c[nH]c3nccc(c23)-c2ccccc21,8.7,0.718419020380263,0.7003371096959953,0.5072463768115942
O=C1NC(C(F)F)c2c[nH]c3nccc(c23)-c2ccccc21,8.9,0.7242140372166255,0.7465352808819823,0.5789473684210527
O=C1NC(C#CC(F)F)c2c[nH]c3nccc(c23)-c2ccccc21,7.6,0.6238473767517646,0.6926979462661078,0.532258064516129
OC(F)F,2.9,0.4296420188967676,0.8036027811616775,0.0377358490566037
FC(F)C1CC1,3.7,0.4610916461178551,0.8039338707032471,0.0526315789473684
CCC(O)CC1NC(=O)c2ccccc2-c2ccnc3[nH]cc1c23,8.2,0.6931257540134884,0.7225213646053675,0.5396825396825397
O=C1NC(F)c2c[nH]c3nccc(c23)-c2ccccc21,8.5,0.6151531449738892,0.749910459004076,0.6111111111111112
O=C1NC(C(F)C(=O)c2ccc(F)cc2)c2c[nH]c3nccc(c23)-c2ccccc21,9.5,0.4989017993358523,0.7226354531000463,0.5303030303030303
FCF,2.0,0.3834948242297383,0.7623953717756,0.0192307692307692
FC(F)C1CO1,3.2,0.434437780187287,0.6861815636780191,0.0508474576271186
O=C1NC(F)c2c[nH]c3nccc(c23)-c2ccccc21,8.3,0.6151531449738892,0.749910459004076,0.6111111111111112
CC(F)F,2.7,0.3991545211934837,0.8289720119309083,0.0185185185185185
O=C1NC(C(F)F)c2c[nH]c3nccc(c23)-c2ccccc21,8.3,0.7242140372166255,0.7465352808819823,0.5789473684210527
O=C1NC(C(O)F)c2c[nH]c3nccc(c23)-c2ccccc21,8.6,0.6446914292950124,0.716839433945455,0.5862068965517241
FC(F)F,2.6,0.401096477329913,0.8070008580847543,0.0192307692307692
Cc1cnc(OC(F)C(F)F)[nH]1,4.9,0.7675442339150268,0.6522958955533884,0.0869565217391304
O=C1NC(C(F)F)c2c[nH]c3nccc(c23)-c2ccccc21,8.8,0.7242140372166255,0.7465352808819823,0.5789473684210527
O=C(F)CF,2.9,0.417791429573332,0.7529464967620546,0.0535714285714285
FF,1.5,0.3741821364263268,0.6703027098603241,0.02
FC(F)C1CC1,3.7,0.4610916461178551,0.8039338707032471,0.0526315789473684
O=C1NC(C(F)F)c2c[nH]c3nccc(c23)-c2ccccc21,8.9,0.7242140372166255,0.7465352808819823,0.5789473684210527
O=C1NC(C(F)F)c2c[nH]c3nccc(c23)-c2ccccc21,8.7,0.7242140372166255,0.7465352808819823,0.5789473684210527
O=C1NC(C(F)CF)c2c[nH]c3nccc(c23)-c2ccccc21,7.8,0.7622894431148199,0.7007941756256789,0.5409836065573771
FF,1.6,0.3741821364263268,0.6703027098603241,0.02
O=C1NC(C(F)C(Cc2ccccc2Cl)C2NC(=O)c3ccccc3-c3ccnc4[nH]cc2c34)c2c[nH]c3nccc(c23)-c2ccccc21,8.5,0.1495222542863681,0.6027393404625769,0.4647887323943662
FF,1.6,0.3741821364263268,0.6703027098603241,0.02
O=C1NC(C(F)F)c2c[nH]c3nccc(c23)-c2ccccc21,8.8,0.7242140372166255,0.7465352808819823,0.5789473684210527
O=C1NC(F)c2c[nH]c3nccc(c23)-c2ccccc21,8.5,0.6151531449738892,0.749910459004076,0.6111111111111112
O=C1NC(C(F)C2CC2)c2c[nH]c3nccc(c23)-c2ccccc21,6.1,0.7548096480351643,0.7047782207926586,0.5573770491803278
COc1ccc(C(C2NC(=O)c3ccccc3-c3ccnc4[nH]cc2c34)C2NC(=O)c3ccccc3-c3ccnc4[nH]cc2c34)cc1,6.5,0.1724968721953013,0.659413977537784,0.4776119402985074
O=C1NC(C(F)C(F)c2ccc(OF)cc2)c2c[nH]c3nccc(c23)-c2ccccc21,9.7,0.466520174281186,0.658504418402442,0.4782608695652174
O=C(F)CC1NC(=O)c2ccccc2-c2ccnc3[nH]cc1c23,8.6,0.7147523497706583,0.7415925977647813,0.5666666666666667
FCC(F)F,3.0,0.4477503593408206,0.7579982450138026,0.0178571428571428
Cc1ccccc1C(F)C1NC(=O)c2ccccc2-c2ccnc3[nH]cc1c23,9.8,0.5189501221752925,0.7245182089362614,0.5076923076923077
O=C1NC(C(F)C(=O)C(C(F)F)C2NC(=O)c3ccccc3-c3ccnc4[nH]cc2c34)c2c[nH]c3nccc(c23)-c2ccccc21,10.0,0.1925945578813548,0.5878521678035404,0.5230769230769231
O=C1NC(c2c(O)oc(O)c2C(F)F)c2c[nH]c3nccc(c23)-c2ccccc21,6.3,0.4085040183060263,0.6996049322554031,0.59375
O=C1NC(c2ccccc2)c2c[nH]c3nccc(c23)-c2ccccc21,9.2,0.5542571457303744,0.7968738919581482,0.6481481481481481
FF,1.6,0.3741821364263268,0.6703027098603241,0.02
CC(F)C(F)C1NC(=O)c2ccccc2-c2ccnc3[nH]cc1c23,8.9,0.753689668714238,0.6799005746464803,0.5409836065573771
FCC(F)F,3.0,0.4477503593408206,0.7579982450138026,0.0178571428571428
FC(F)C(F)F,3.4,0.4400506788221621,0.7785026689576144,0.0188679245283018
O=C1NC(F)c2c[nH]c3nccc(c23)-c2ccccc21,8.5,0.6151531449738892,0.749910459004076,0.6111111111111112
O=C1NC(C(F)F)c2c[nH]c3nccc(c23)-c2ccccc21,8.9,0.7242140372166255,0.7465352808819823,0.5789473684210527
O=C1NC(C(F)F)c2c[nH]c3nccc(c23)-c2ccccc21,8.9,0.7242140372166255,0.7465352808819823,0.5789473684210527
O=C1NC(C(F)C2CC2)c2c[nH]c3nccc(c23)-c2ccccc21,9.1,0.7548096480351643,0.7047782207926586,0.5573770491803278
O=C1NC(C(F)F)c2c[nH]c3nccc(c23)-c2ccccc21,8.9,0.7242140372166255,0.7465352808819823,0.5789473684210527
O=C1NC(F)c2c[nH]c3nccc(c23)-c2ccccc21,8.5,0.6151531449738892,0.749910459004076,0.6111111111111112
O=C1NC(CC(=O)C(F)C(=O)CC2CC2)c2c[nH]c3nccc(c23)-c2ccccc21,7.6,0.6121721453546465,0.6848899622024348,0.5147058823529411
CCOC(C)C(F)C1NC(=O)c2ccccc2-c2ccnc3[nH]cc1c23,7.8,0.7500831880198201,0.6789620377323993,0.5074626865671642
O=C1NC(C(F)F)c2c[nH]c3nccc(c23)-c2ccccc21,8.8,0.7242140372166255,0.7465352808819823,0.5789473684210527
O=C1NC(C(F)C2CC2)c2c[nH]c3nccc(c23)-c2ccccc21,9.1,0.7548096480351643,0.7047782207926586,0.5573770491803278
O=C1NC(C(F)C(F)(F)F)c2c[nH]c3nccc(c23)-c2ccccc21,6.3,0.6545469191202189,0.6986011470247228,0.55
O=CC(F)C1NC(=O)c2ccccc2-c2ccnc3[nH]cc1c23,8.1,0.7144025314861469,0.7011575788890821,0.5409836065573771
O=C1NC(C(c2ccc(F)cc2)C2NC(=O)c3ccccc3-c3ccnc4[nH]cc2c34)c2c[nH]c3nccc(c23)-c2ccccc21,5.8,0.1744488814951721,0.6589274688323195,0.5483870967741935
O=C1NC(C(F)F)c2c[nH]c3nccc(c23)-c2ccccc21,8.9,0.7242140372166255,0.7465352808819823,0.5789473684210527
O=C1NC(C(F)F)c2c[nH]c3nccc(c23)-c2ccccc21,6.5,0.7242140372166255,0.7465352808819823,0.5789473684210527
CC1NC(=O)c2ccccc2-c2ccnc3[nH]cc1c23,8.6,0.6546468154720095,0.7743542255823254,0.5818181818181818
O=C1NC(C(F)C(F)CN2CCCCC2)c2c[nH]c3nccc(c23)-c2ccccc21,9.0,0.6785262490194718,0.6746581120496626,0.4857142857142857
O=C1NC(C(F)(F)F)c2c[nH]c3nccc(c23)-c2ccccc21,9.2,0.6656969774249647,0.7527981061025972,0.5789473684210527
OF,1.9,0.3961652337794519,0.7207386072962214,0.04
O=C1NC(C(=O)CF)c2c[nH]c3nccc(c23)-c2ccccc21,8.1,0.7636959556126431,0.7348674229396064,0.5666666666666667
O=C1NC(C(F)F)c2c[nH]c3nccc(c23)-c2ccccc21,8.8,0.7242140372166255,0.7465352808819823,0.5789473684210527
O=C1NC(C(F)C(=O)c2ccc3ccccc3c2)c2c[nH]c3nccc(c23)-c2ccccc21,10.0,0.37334059037535,0.7207461224347909,0.5072463768115942
O=C1NC(C(F)C(F)c2ccccc2)c2c[nH]c3nccc(c23)-c2ccccc21,9.7,0.5143681215765042,0.6936967438757572,0.5238095238095238
C1CC1C1CC1,4.0,0.4522296979782371,0.9060916912160676,0.0377358490566037
O=C1NC(C(F)F)c2c[nH]c3nccc(c23)-c2ccccc21,8.8,0.7242140372166255,0.7465352808819823,0.5789473684210527
O=C1NC(C(F)F)c2c[nH]c3nccc(c23)-c2ccccc21,8.8,0.7242140372166255,0.7465352808819823,0.5789473684210527
O=C1NC(F)c2c[nH]c3nccc(c23)-c2ccccc21,8.5,0.6151531449738892,0.749910459004076,0.6111111111111112
O=C1NC(F)c2c[nH]c3nccc(c23)-c2ccccc21,8.5,0.6151531449738892,0.749910459004076,0.6111111111111112
O=C1NC(C(F)F)c2c[nH]c3nccc(c23)-c2ccccc21,8.9,0.7242140372166255,0.7465352808819823,0.5789473684210527
O=C(C(F)F)C(F)Cc1ncns1,5.3,0.7507281084363964,0.6408805901044387,0.0985915492957746
O=C1NC(C(F)F)c2c[nH]c3nccc(c23)-c2ccccc21,8.9,0.7242140372166255,0.7465352808819823,0.5789473684210527
O=C1NC(C(F)C(F)C2CC2)c2c[nH]c3nccc(c23)-c2ccccc21,8.6,0.7447326859800322,0.6660944701648316,0.5483870967741935
FC1CC1,2.7,0.3926710350089752,0.8610735076574039,0.0566037735849056
FF,1.6,0.3741821364263268,0.6703027098603241,0.02
O=C1NC(C(F)F)c2c[nH]c3nccc(c23)-c2ccccc21,8.3,0.7242140372166255,0.7465352808819823,0.5789473684210527
O=C1NC(F)c2c[nH]c3nccc(c23)-c2ccccc21,8.5,0.6151531449738892,0.749910459004076,0.6111111111111112
CF,1.3,0.3673293108901918,0.703430914988529,0.0196078431372549
O=C1NC(c2nc(CF)c(Br)o2)c2c[nH]c3nccc(c23)-c2ccccc21,5.4,0.5003496493286831,0.7031160377804093,0.5454545454545454
O=C1NC(C(F)F)c2c[nH]c3nccc(c23)-c2ccccc21,8.9,0.7242140372166255,0.7465352808819823,0.5789473684210527
NCCCC(F)C(F)C1NC(=O)c2ccccc2-c2ccnc3[nH]cc1c23,7.6,0.6433421263367999,0.6670313646597386,0.5074626865671642
O=C1NC(C(F)F)c2c[nH]c3nccc(c23)-c2ccccc21,8.4,0.7242140372166255,0.7465352808819823,0.5789473684210527
O=C1NC(CF)c2c[nH]c3nccc(c23)-c2ccccc21,8.5,0.7201156938840251,0.7498296866692221,0.5789473684210527
CC1NC(=O)c2ccccc2-c2ccnc3[nH]cc1c23,9.2,0.6546468154720095,0.7743542255823254,0.5818181818181818
O=C1NC(C(F)=Cc2ccccc2)c2c[nH]c3nccc(c23)-c2ccccc21,8.0,0.520896360389765,0.7436147471116912,0.5396825396825397
FC(F)C(F)F,3.3,0.4400506788221621,0.7785026689576144,0.0188679245283018
O=C1NC(C(F)F)c2c[nH]c3nccc(c23)-c2ccccc21,8.9,0.7242140372166255,0.7465352808819823,0.5789473684210527
O=C1NC(c2ccccc2)c2c[nH]c3nccc(c23)-c2ccccc21,8.1,0.5542571457303744,0.7968738919581482,0.6481481481481481
O=C1NC(OC2CCCC2)c2c[nH]c3nccc(c23)-c2ccccc21,7.7,0.7465038283484494,0.7458842869685431,0.5666666666666667
O=C1NC(C(F)c2c(F)cccc2F)c2c[nH]c3nccc(c23)-c2ccccc21,9.3,0.5033851758044139,0.7118689728274556,0.5901639344262295
O=C1NC(CF)c2c[nH]c3nccc(c23)-c2ccccc21,8.5,0.7201156938840251,0.7498296866692221,0.5789473684210527
CC(F)C1NC(=O)c2ccccc2-c2ccnc3[nH]cc1c23,8.3,0.7228514942401073,0.7219612898673109,0.559322033898305
FC(F)F,2.6,0.401096477329913,0.8070008580847543,0.0192307692307692
O=C1NC(C(F)CC(c2cccc3ccccc23)C2NC(=O)c3ccccc3-c3ccnc4[nH]cc2c34)c2c[nH]c3nccc(c23)-c2ccccc21,11.4,0.1453818243855409,0.5973660058258294,0.4722222222222222
O=C1NC(F)c2c[nH]c3nccc(c23)-c2ccccc21,8.5,0.6151531449738892,0.749910459004076,0.6111111111111112
O=C1NC(C(F)F)c2c[nH]c3nccc(c23)-c2ccccc21,8.9,0.7242140372166255,0.7465352808819823,0.5789473684210527
O=C1NC(F)c2c[nH]c3nccc(c23)-c2ccccc21,8.5,0.6151531449738892,0.749910459004076,0.6111111111111112
O=C1NC(Cc2nccn2C(F)C2NC(=O)c3ccccc3-c3ccnc4[nH]cc2c34)c2c[nH]c3nccc(c23)-c2ccccc21,10.8,0.1960592241858023,0.6104420791546893,0.4583333333333333
O=C1NC(C(F)Oc2ccccc2)c2c[nH]c3nccc(c23)-c2ccccc21,9.0,0.5597139986908025,0.7305905759248883,0.5396825396825397
FF,1.5,0.3741821364263268,0.6703027098603241,0.02
O=C1NC(C(F)F)c2c[nH]c3nccc(c23)-c2ccccc21,8.9,0.7242140372166255,0.7465352808819823,0.5789473684210527
Cc1ccc(C2NC(=O)c3ccccc3-c3ccnc4[nH]cc2c34)o1,9.4,0.5550406540370353,0.7603629273581425,0.5737704918032787
FF,1.5,0.3741821364263268,0.6703027098603241,0.02
CC(C1NC(=O)c2ccccc2-c2ccnc3[nH]cc1c23)C(CC1CCCCCC1)C(F)C1NC(=O)c2ccccc2-c2ccnc3[nH]cc1c23,9.5,0.1314859326888924,0.5750684890944014,0.4657534246575342
CF,1.3,0.3673293108901918,0.703430914988529,0.0196078431372549
O=C1NC(C(F)F)c2c[nH]c3nccc(c23)-c2ccccc21,6.4,0.7242140372166255,0.7465352808819823,0.5789473684210527
O=C1NC(C(F)F)c2c[nH]c3nccc(c23)-c2ccccc21,8.9,0.7242140372166255,0.7465352808819823,0.5789473684210527
FC(F)F,2.6,0.401096477329913,0.8070008580847543,0.0192307692307692
O=C1NC(c2cnn(C(F)C3NC(=O)c4ccccc4-c4ccnc5[nH]cc3c45)c2)c2c[nH]c3nccc(c23)-c2ccccc21,9.6,0.2066455572595374,0.6158744523680685,0.5294117647058824
O=C1NC(C(F)OF)c2c[nH]c3nccc(c23)-c2ccccc21,8.8,0.7628768529213933,0.6905941756256788,0.5409836065573771
O=C1NC(C(F)F)c2c[nH]c3nccc(c23)-c2ccccc21,7.6,0.7242140372166255,0.7465352808819823,0.5789473684210527
O=C1NC(C(F)C(F)c2ccccc2)c2c[nH]c3nccc(c23)-c2ccccc21,8.3,0.5143681215765042,0.6936967438757572,0.5238095238095238
O=C1NC(C(F)C(F)C2CCCCCC2)c2c[nH]c3nccc(c23)-c2ccccc21,10.0,0.5484728375063223,0.6724874666031552,0.53125
O=C1NC(C(F)F)c2c[nH]c3nccc(c23)-c2ccccc21,8.9,0.7242140372166255,0.7465352808819823,0.5789473684210527
O=C1NC(C(F)OF)c2c[nH]c3nccc(c23)-c2ccccc21,8.8,0.7628768529213933,0.6905941756256788,0.5409836065573771
O=C1NC(C(F)F)c2c[nH]c3nccc(c23)-c2ccccc21,6.4,0.7242140372166255,0.7465352808819823,0.5789473684210527
O=C1NC(C(O)F)c2c[nH]c3nccc(c23)-c2ccccc21,6.6,0.6446914292950124,0.716839433945455,0.5862068965517241
O=C1NC(C(F)C2CC2)c2c[nH]c3nccc(c23)-c2ccccc21,9.1,0.7548096480351643,0.7047782207926586,0.5573770491803278
O=C1NC(C(F)C2CCC2)c2c[nH]c3nccc(c23)-c2ccccc21,8.8,0.738903112255722,0.7057835585021344,0.5396825396825397
FF,1.6,0.3741821364263268,0.6703027098603241,0.02
CC(F)C1NC(=O)c2ccccc2-c2ccnc3[nH]cc1c23,8.3,0.7228514942401073,0.7219612898673109,0.559322033898305
FF,1.6,0.3741821364263268,0.6703027098603241,0.02
O=CC(C1CO1)C1NC(=O)c2ccccc2-c2ccnc3[nH]cc1c23,8.3,0.5682451501029662,0.662065205861541,0.5
FC(F)C(F)F,3.5,0.4400506788221621,0.7785026689576144,0.0188679245283018
O=C1NC(C(F)F)c2c[nH]c3nccc(c23)-c2ccccc21,8.9,0.7242140372166255,0.7465352808819823,0.5789473684210527
FC(F)F,2.6,0.401096477329913,0.8070008580847543,0.0192307692307692
O=C1NC(C(F)F)c2c[nH]c3nccc(c23)-c2ccccc21,8.9,0.7242140372166255,0.7465352808819823,0.5789473684210527
O=C1NC(F)c2c[nH]c3nccc(c23)-c2ccccc21,8.5,0.6151531449738892,0.749910459004076,0.6111111111111112
O=C1NC(F)c2c[nH]c3nccc(c23)-c2ccccc21,8.5,0.6151531449738892,0.749910459004076,0.6111111111111112
O=C1NC(C(=O)O)c2c[nH]c3nccc(c23)-c2ccccc21,8.5,0.639982221440822,0.7692778938245951,0.5789473684210527
O=C1NC(C(F)C(F)CF)c2c[nH]c3nccc(c23)-c2ccccc21,9.1,0.7610787607885836,0.6610793355112342,0.5238095238095238
FF,1.6,0.3741821364263268,0.6703027098603241,0.02
OF,1.9,0.3961652337794519,0.7207386072962214,0.04
CC(F)C(=O)CF,3.7,0.5128638110809275,0.693961492561589,0.0483870967741935
O=C1NC(C(F)OCC(F)(F)F)c2c[nH]c3nccc(c23)-c2ccccc21,8.6,0.6788452169690361,0.6919156852505101,0.4925373134328358
CCC(C)C(NC(=O)c1ccccc1-c1ccnc2[nH]ccc12)C(F)CF,8.3,0.6333925281445918,0.7008334099828366,0.2289156626506024
O=CCCC(=O)C(F)C1NC(=O)c2ccccc2-c2ccnc3[nH]cc1c23,8.0,0.6802457496959882,0.6849112502118646,0.4927536231884058
CC(F)F,2.7,0.3991545211934837,0.8289720119309083,0.0185185185185185
O=C1NC(F)c2c[nH]c3nccc(c23)-c2ccccc21,8.5,0.6151531449738892,0.749910459004076,0.6111111111111112
O=C1NC(C(F)c2ccc(F)cc2)c2c[nH]c3nccc(c23)-c2ccccc21,7.5,0.5254416384093887,0.7264940873788065,0.5396825396825397
O=C1NC(C(Cc2ccccc2)C2NC(=O)c3ccccc3-c3ccnc4[nH]cc2c34)c2c[nH]c3nccc(c23)-c2ccccc21,5.9,0.1758907476386484,0.6632000455040138,0.5161290322580645
O=C1NC(C(F)c2ccccc2F)c2c[nH]c3nccc(c23)-c2ccccc21,8.9,0.5254416384093887,0.7237913333427188,0.5737704918032787
CC(F)C1NC(=O)c2ccccc2-c2ccnc3[nH]cc1c23,8.1,0.7228514942401073,0.7219612898673109,0.559322033898305
FC(F)C(F)F,3.5,0.4400506788221621,0.7785026689576144,0.0188679245283018
O=C1NC(F)c2c[nH]c3nccc(c23)-c2ccccc21,8.5,0.6151531449738892,0.749910459004076,0.6111111111111112
O=C1NC(C(F)CF)c2c[nH]c3nccc(c23)-c2ccccc21,8.9,0.7622894431148199,0.7007941756256789,0.5409836065573771
O=C1NC(C(F)F)c2c[nH]c3nccc(c23)-c2ccccc21,8.9,0.7242140372166255,0.7465352808819823,0.5789473684210527
O=C1NC(C(F)F)c2c[nH]c3nccc(c23)-c2ccccc21,8.9,0.7242140372166255,0.7465352808819823,0.5789473684210527
O=C1NC(C(F)CC2CCC2)c2c[nH]c3nccc(c23)-c2ccccc21,8.8,0.7290769559258934,0.7095914705300727,0.5151515151515151
N#CC(F)CC(F)C1NC(=O)c2ccccc2-c2ccnc3[nH]cc1c23,8.0,0.7555056288308294,0.6470219129922746,0.4925373134328358
FC(F)F,2.6,0.401096477329913,0.8070008580847543,0.0192307692307692
C=CCc1ccc(C(F)C2CC2)cc1F,6.7,0.6565064287552946,0.761129353945694,0.125
O=C1NC(C(F)F)c2c[nH]c3nccc(c23)-c2ccccc21,8.9,0.7242140372166255,0.7465352808819823,0.5789473684210527
O=C1NC(C(F)F)c2c[nH]c3nccc(c23)-c2ccccc21,8.9,0.7242140372166255,0.7465352808819823,0.5789473684210527
O=C1NC(C(F)CF)c2c[nH]c3nccc(c23)-c2ccccc21,8.8,0.7622894431148199,0.7007941756256789,0.5409836065573771
O=C1NC(C(F)C2CO2)c2c[nH]c3nccc(c23)-c2ccccc21,8.9,0.7125161823677352,0.6742036994415489,0.5396825396825397
O=C1NC(C(Cc2ccccc2)C(C2CC2)C2NC(=O)c3ccccc3-c3ccnc4[nH]cc2c34)c2c[nH]c3nccc(c23)-c2ccccc21,6.8,0.1457993207742192,0.6051887354654244,0.4852941176470588
O=C1NC(C(F)CF)c2c[nH]c3nccc(c23)-c2ccccc21,8.9,0.7622894431148199,0.7007941756256789,0.5409836065573771
FF,1.5,0.3741821364263268,0.6703027098603241,0.02
O=C1NC(CF)c2c[nH]c3nccc(c23)-c2ccccc21,8.5,0.7201156938840251,0.7498296866692221,0.5789473684210527
O=C1NC(C(F)C2CO2)c2c[nH]c3nccc(c23)-c2ccccc21,9.0,0.7125161823677352,0.6742036994415489,0.5396825396825397
O=C1NC(C(F)C(F)c2ccccc2)c2c[nH]c3nccc(c23)-c2ccccc21,9.6,0.5143681215765042,0.6936967438757572,0.5238095238095238
O=C1NC(C(F)OF)c2c[nH]c3nccc(c23)-c2ccccc21,8.7,0.7628768529213933,0.6905941756256788,0.5409836065573771
O=C1NC(C(F)F)c2c[nH]c3nccc(c23)-c2ccccc21,8.9,0.7242140372166255,0.7465352808819823,0.5789473684210527
O=C1NC(C(F)CF)c2c[nH]c3nccc(c23)-c2ccccc21,8.8,0.7622894431148199,0.7007941756256789,0.5409836065573771
O=C1NC(C(F)C(=O)NF)c2c[nH]c3nccc(c23)-c2ccccc21,9.1,0.6249509744530771,0.6821836698540064,0.5483870967741935
FC(F)CC1CCC1,4.7,0.5246752936270986,0.830097365007744,0.0655737704918032
O=C1NC(NCCF)c2c[nH]c3nccc(c23)-c2ccccc21,8.6,0.6960635620086235,0.7242972423739036,0.5409836065573771
CF,1.3,0.3673293108901918,0.703430914988529,0.0196078431372549
O=C1NC(CF)c2c[nH]c3nccc(c23)-c2ccccc21,8.4,0.7201156938840251,0.7498296866692221,0.5789473684210527
O=C1NC(C(F)F)c2c[nH]c3nccc(c23)-c2ccccc21,8.9,0.7242140372166255,0.7465352808819823,0.5789473684210527
O=C1NC(C(F)F)c2c[nH]c3nccc(c23)-c2ccccc21,8.8,0.7242140372166255,0.7465352808819823,0.5789473684210527
[CH]c1ccccc1C(F)C(F)C1NC(=O)c2ccccc2-c2ccnc3[nH]cc1c23,11.2,0.5004826035917398,0.6419250213499321,0.4925373134328358
O=C1NC(C(F)CF)c2c[nH]c3nccc(c23)-c2ccccc21,8.7,0.7622894431148199,0.7007941756256789,0.5409836065573771
CCC(F)C(F)C1NC(=O)c2ccccc2-c2ccnc3[nH]cc1c23,7.9,0.7534101740849127,0.6738099963996417,0.515625
FOC(F)F,3.2,0.4640517379650578,0.7276318114473691,0.0178571428571428
FOF,2.3,0.3965919746273347,0.6551210128012411,0.0192307692307692
O=C1NC(C(F)CF)c2c[nH]c3nccc(c23)-c2ccccc21,8.7,0.7622894431148199,0.7007941756256789,0.5409836065573771
O=C1NC(c2ccc(O)cc2C(F)F)c2c[nH]c3nccc(c23)-c2ccccc21,8.1,0.4632603770568129,0.7402943194476994,0.7857142857142857
Cc1ccc(C2NC(=O)c3ccccc3-c3ccnc4[nH]cc2c34)cc1,8.4,0.5408596819007101,0.7922743174023366,0.603448275862069
FC(F)F,2.6,0.401096477329913,0.8070008580847543,0.0192307692307692
O=C1NC(C(F)F)c2c[nH]c3nccc(c23)-c2ccccc21,8.9,0.7242140372166255,0.7465352808819823,0.5789473684210527
O=C1NC(C(F)C2CC2)c2c[nH]c3nccc(c23)-c2ccccc21,9.1,0.7548096480351643,0.7047782207926586,0.5573770491803278
FC(F)F,2.6,0.401096477329913,0.8070008580847543,0.0192307692307692
O=C1NC(C(=O)F)c2c[nH]c3nccc(c23)-c2ccccc21,8.6,0.6773200327696145,0.7407086630553645,0.5964912280701754
O=C1NC(F)c2c[nH]c3nccc(c23)-c2ccccc21,8.5,0.6151531449738892,0.749910459004076,0.6111111111111112
O=C1NC(C(F)C(F)Cc2ccccc2)c2c[nH]c3nccc(c23)-c2ccccc21,9.8,0.5074705483378532,0.6935330899453303,0.5
O=C1NC(C(F)F)c2c[nH]c3nccc(c23)-c2ccccc21,8.9,0.7242140372166255,0.7465352808819823,0.5789473684210527
O=C1NC(C(F)F)c2c[nH]c3nccc(c23)-c2ccccc21,8.9,0.7242140372166255,0.7465352808819823,0.5789473684210527
O=C1NC(C(F)C2CC2)c2c[nH]c3nccc(c23)-c2ccccc21,6.1,0.7548096480351643,0.7047782207926586,0.5573770491803278
CC(c1ccccc1)C(F)C1NC(=O)c2ccccc2-c2ccnc3[nH]cc1c23,9.5,0.511977279409293,0.702888135817149,0.5076923076923077
FC(F)C(F)F,3.5,0.4400506788221621,0.7785026689576144,0.0188679245283018
O=C1NC(F)c2c[nH]c3nccc(c23)-c2ccccc21,8.5,0.6151531449738892,0.749910459004076,0.6111111111111112
C[C@@H](C1CC[NH2+]1)C(F)C(F)CC1CCC1,6.4,0.7247142546029814,0.5270204220299209,0.04
O=C1NC(CF)c2c[nH]c3nccc(c23)-c2ccccc21,8.5,0.7201156938840251,0.7498296866692221,0.5789473684210527
FOC(F)F,3.2,0.4640517379650578,0.7276318114473691,0.0178571428571428
FC(F)(F)F,3.2,0.3931671530217094,0.879023273436574,0.0192307692307692
O=C1NC(C(F)F)c2c[nH]c3nccc(c23)-c2ccccc21,8.9,0.7242140372166255,0.7465352808819823,0.5789473684210527
O=C1NC(C(F)F)c2c[nH]c3nccc(c23)-c2ccccc21,8.9,0.7242140372166255,0.7465352808819823,0.5789473684210527
O=C1NC(c2ccc([O-])c(F)c2)c2c[nH]c3nccc(c23)-c2ccccc21,5.9,0.5479106999036348,0.7260479904431312,0.65
CCF,2.0,0.3823971549961085,0.8068799871602155,0.0185185185185185
FC(F)F,2.6,0.401096477329913,0.8070008580847543,0.0192307692307692
O=C1NC(C(C(=O)O)C2NC(=O)c3ccccc3-c3ccnc4[nH]cc2c34)c2c[nH]c3nccc(c23)-c2ccccc21,5.6,0.2129823696539058,0.657590681399506,0.55
O=C1NC(F)c2c[nH]c3nccc(c23)-c2ccccc21,8.5,0.6151531449738892,0.749910459004076,0.6111111111111112
FC(F)F,2.6,0.401096477329913,0.8070008580847543,0.0192307692307692
O=C1NC(C(Cc2c(F)cccc2F)C(C2CCC2)C2NC(=O)c3ccccc3-c3ccnc4[nH]cc2c34)c2c[nH]c3nccc(c23)-c2ccccc21,5.6,0.1388277777549884,0.585526020782289,0.5285714285714286
O=C1NC(C(O)F)c2c[nH]c3nccc(c23)-c2ccccc21,8.4,0.6446914292950124,0.716839433945455,0.5862068965517241
O=C1NC(CF)c2c[nH]c3nccc(c23)-c2ccccc21,8.4,0.7201156938840251,0.7498296866692221,0.5789473684210527
O=C1NC(C(F)F)c2c[nH]c3nccc(c23)-c2ccccc21,8.8,0.7242140372166255,0.7465352808819823,0.5789473684210527
O=C1NC(C(c2ccc(Cl)c(Cl)c2)C2NC(=O)c3ccccc3-c3ccnc4[nH]cc2c34)c2c[nH]c3nccc(c23)-c2ccccc21,8.0,0.1538912032121027,0.6513052566595933,0.5
O=C1NC(C(c2ccc(Br)o2)C2NC(=O)c3ccccc3-c3ccnc4[nH]cc2c34)c2c[nH]c3nccc(c23)-c2ccccc21,5.4,0.1603806319106092,0.6407406682565249,0.4848484848484848
O=C1NC(C(F)CF)c2c[nH]c3nccc(c23)-c2ccccc21,8.9,0.7622894431148199,0.7007941756256789,0.5409836065573771
CC1NC(=O)c2ccccc2-c2ccnc3[nH]cc1c23,8.7,0.6546468154720095,0.7743542255823254,0.5818181818181818
O=CCC(F)C1NC(=O)c2ccccc2-c2ccnc3[nH]cc1c23,8.8,0.7277868620443395,0.6948321784292248,0.515625
OC(F)F,2.9,0.4296420188967676,0.8036027811616775,0.0377358490566037
O=C1NC(C(F)C2CO2)c2c[nH]c3nccc(c23)-c2ccccc21,9.1,0.7125161823677352,0.6742036994415489,0.5396825396825397
O=C1NC(F)c2c[nH]c3nccc(c23)-c2ccccc21,8.6,0.6151531449738892,0.749910459004076,0.6111111111111112
NCCCC(F)C(F)C1NC(=O)c2ccccc2-c2ccnc3[nH]cc1c23,8.1,0.6433421263367999,0.6670313646597386,0.5074626865671642
O=C1NC(CCF)c2c[nH]c3nccc(c23)-c2ccccc21,8.4,0.7612203892816717,0.7476276190993204,0.5689655172413793
O=C1NC(C(F)C(F)CCCO)c2c[nH]c3nccc(c23)-c2ccccc21,8.5,0.6427044055956362,0.667643952072326,0.5074626865671642
O=C1NC(C(F)C(=O)C(Cc2cccc(CCO)c2)C2NC(=O)c3ccccc3-c3ccnc4[nH]cc2c34)c2c[nH]c3nccc(c23)-c2ccccc21,10.2,0.1244853998949107,0.5861967500530183,0.48
CC(F)C1NC(=O)c2ccccc2-c2ccnc3[nH]cc1c23,8.2,0.7228514942401073,0.7219612898673109,0.559322033898305
O=C1NC(C(F)C(F)c2ccc(F)cc2)c2c[nH]c3nccc(c23)-c2ccccc21,9.6,0.4903350925526183,0.6877141090064617,0.5230769230769231
O=C1NC(C(F)F)c2c[nH]c3nccc(c23)-c2ccccc21,8.9,0.7242140372166255,0.7465352808819823,0.5789473684210527
FOC(F)CC1CC1,4.5,0.555748730203057,0.6693960469935052,0.046875
O=C1NC(C(F)C(F)C2CC2)c2c[nH]c3nccc(c23)-c2ccccc21,8.5,0.7447326859800322,0.6660944701648316,0.5483870967741935
CC(=[Br+])C(F)C1NC(=O)c2ccccc2-c2ccnc3[nH]cc1c23,7.6,0.7102650905759555,0.669105402902961,0.5483870967741935
CC(F)C1NC(=O)c2ccccc2-c2ccnc3[nH]cc1c23,9.1,0.7228514942401073,0.7219612898673109,0.559322033898305
O=C1NC(C(F)C(F)c2cccc(F)c2)c2c[nH]c3nccc(c23)-c2ccccc21,10.0,0.4903350925526183,0.6826439837828481,0.5454545454545454
O=C1NC(C(F)F)c2c[nH]c3nccc(c23)-c2ccccc21,8.9,0.7242140372166255,0.7465352808819823,0.5789473684210527
O=C1NC(C(F)OF)c2c[nH]c3nccc(c23)-c2ccccc21,8.7,0.7628768529213933,0.6905941756256788,0.5409836065573771
CC[NH+](CC)C(F)C1NC(=O)c2ccccc2-c2ccnc3[nH]cc1c23,8.0,0.6301173850732273,0.6411808870234892,0.515625
O=C1NC(C(F)F)c2c[nH]c3nccc(c23)-c2ccccc21,8.8,0.7242140372166255,0.7465352808819823,0.5789473684210527
O=C1NC(O)c2c[nH]c3nccc(c23)-c2ccccc21,8.3,0.5811638986819464,0.76614785953458,0.6111111111111112
O=C1NC(C(F)(F)F)c2c[nH]c3nccc(c23)-c2ccccc21,9.2,0.6656969774249647,0.7527981061025972,0.5789473684210527
O=C1NC(C(F)F)c2c[nH]c3nccc(c23)-c2ccccc21,8.9,0.7242140372166255,0.7465352808819823,0.5789473684210527
O=C1NC(C(F)F)c2c[nH]c3nccc(c23)-c2ccccc21,8.9,0.7242140372166255,0.7465352808819823,0.5789473684210527
O=C1NC(C(F)F)c2c[nH]c3nccc(c23)-c2ccccc21,8.9,0.7242140372166255,0.7465352808819823,0.5789473684210527
O=C1NC(c2ccc(O)cc2C(F)c2ccc(F)cc2)c2c[nH]c3nccc(c23)-c2ccccc21,8.1,0.3061210311783312,0.706157738383453,0.7142857142857143
O=C1NC(C(F)F)c2c[nH]c3nccc(c23)-c2ccccc21,8.8,0.7242140372166255,0.7465352808819823,0.5789473684210527
FOC(F)C(F)F,3.9,0.4983278985227967,0.5990791396204124,0.0169491525423728
CCC(C(=O)C#N)C(F)C1NC(=O)c2ccccc2-c2ccnc3[nH]cc1c23,8.3,0.6812430904005201,0.6532609481730047,0.4722222222222222
O=C1NC(c2ccc(O)cc2-c2ccncc2Cl)c2c[nH]c3nccc(c23)-c2ccccc21,7.6,0.3303416525512442,0.7460055148536137,0.7049180327868853
FF,1.8,0.3741821364263268,0.6703027098603241,0.02
O=C1NCc2c[nH]c3nccc(c23)-c2ccccc21,8.6,0.6426959361410728,0.8267163872274347,0.4736842105263157
O=C1NC(C(F)Cc2ccccc2)c2c[nH]c3nccc(c23)-c2ccccc21,9.7,0.5531358713344264,0.7321751913095037,0.515625
O=C1NC(C(F)F)c2c[nH]c3nccc(c23)-c2ccccc21,8.9,0.7242140372166255,0.7465352808819823,0.5789473684210527
O=C1NC(C(F)N2CCCC(F)C2)c2c[nH]c3nccc(c23)-c2ccccc21,6.2,0.6639860870583676,0.6638974346432465,0.4788732394366197
O=C1NC(F)c2c[nH]c3nccc(c23)-c2ccccc21,8.5,0.6151531449738892,0.749910459004076,0.6111111111111112
FOC(F)C(F)F,3.9,0.4983278985227967,0.5990791396204124,0.0169491525423728
O=C(O)CC1NC(=O)c2ccccc2-c2ccnc3[nH]cc1c23,8.5,0.6775650583111017,0.772017539489723,0.55
FOC(F)C(F)F,3.9,0.4983278985227967,0.5990791396204124,0.0169491525423728
FC(F)F,2.6,0.401096477329913,0.8070008580847543,0.0192307692307692
O=C1NC(C(F)Oc2ccccc2)c2c[nH]c3nccc(c23)-c2ccccc21,8.9,0.5597139986908025,0.7305905759248883,0.5396825396825397
O=C1NC(C(F)C(F)(F)CCCO)c2c[nH]c3nccc(c23)-c2ccccc21,8.6,0.6218198160871268,0.6830065376414676,0.4927536231884058
O=C1NC(C(F)c2cc(F)cc(CF)c2)c2c[nH]c3nccc(c23)-c2ccccc21,8.1,0.4820748883038451,0.6933354531000463,0.5
O=C1NC(C(O)CF)c2c[nH]c3nccc(c23)-c2ccccc21,8.3,0.6795852867756952,0.7080221476536508,0.5573770491803278
O=C1NC(C(F)C(F)C2CCCC2)c2c[nH]c3nccc(c23)-c2ccccc21,8.9,0.6792695753772086,0.6694222209680327,0.5396825396825397
O=C1NC(F)c2c[nH]c3nccc(c23)-c2ccccc21,8.5,0.6151531449738892,0.749910459004076,0.6111111111111112
O=C1NC(CF)c2c[nH]c3nccc(c23)-c2ccccc21,8.5,0.7201156938840251,0.7498296866692221,0.5789473684210527
O=C1NC(CC(=O)C(F)c2ccc(F)cc2)c2c[nH]c3nccc(c23)-c2ccccc21,10.2,0.4997983284291767,0.7102258489264501,0.5072463768115942
O=C1NC(F)c2c[nH]c3nccc(c23)-c2ccccc21,8.5,0.6151531449738892,0.749910459004076,0.6111111111111112
FC(F)C(F)C1CO1,3.9,0.5023923796111756,0.6130592232560009,0.0491803278688524
FC(F)C(F)F,3.5,0.4400506788221621,0.7785026689576144,0.0188679245283018
CC(C(F)F)C1CCCCCC1,6.3,0.560339539287073,0.7841513734088663,0.064516129032258
CC1NC(=O)c2ccccc2-c2ccnc3[nH]cc1c23,9.2,0.6546468154720095,0.7743542255823254,0.5818181818181818
O=C(F)CC1NC(=O)c2ccccc2-c2ccnc3[nH]cc1c23,8.8,0.7147523497706583,0.7415925977647813,0.5666666666666667
FC(CC1CC1)c1ccccc1Br,6.4,0.7435334211574636,0.7950529344267829,0.1176470588235294
O=C1NC(C(F)F)c2c[nH]c3nccc(c23)-c2ccccc21,8.9,0.7242140372166255,0.7465352808819823,0.5789473684210527
O=C1NC(C(F)F)c2c[nH]c3nccc(c23)-c2ccccc21,8.7,0.7242140372166255,0.7465352808819823,0.5789473684210527
O=C1NC(F)c2c[nH]c3nccc(c23)-c2ccccc21,8.6,0.6151531449738892,0.749910459004076,0.6111111111111112
FF,1.5,0.3741821364263268,0.6703027098603241,0.02
FCC(F)F,3.0,0.4477503593408206,0.7579982450138026,0.0178571428571428
O=C1NC(F)c2c[nH]c3nccc(c23)-c2ccccc21,8.5,0.6151531449738892,0.749910459004076,0.6111111111111112
O=C1NC(C(C(F)F)C2CC2)c2c[nH]c3nccc(c23)-c2ccccc21,7.9,0.7372814081175887,0.6937998059424079,0.5483870967741935
O=C1NC(C(F)F)c2c[nH]c3nccc(c23)-c2ccccc21,8.9,0.7242140372166255,0.7465352808819823,0.5789473684210527
FC(F)F,2.6,0.401096477329913,0.8070008580847543,0.0192307692307692
O=C1NC(C(=O)OCC2CC2)c2c[nH]c3nccc(c23)-c2ccccc21,8.0,0.7135925566778792,0.7534820232053057,0.5151515151515151
NC(=O)C(OC1NC(=O)c2ccccc2-c2ccnc3[nH]cc1c23)C1NC(=O)c2ccccc2-c2ccnc3[nH]cc1c23,9.5,0.2159739717953812,0.6247137321885788,0.5151515151515151
C=Cc1ccc(C(F)C2NC(=O)c3ccccc3-c3ccnc4[nH]cc2c34)cc1,9.9,0.4997621815593524,0.709595011046265,0.4852941176470588
O=C(O)CC(F)C(F)C1NC(=O)c2ccccc2-c2ccnc3[nH]cc1c23,8.4,0.6564932085475128,0.6702655962176542,0.5151515151515151
FF,1.6,0.3741821364263268,0.6703027098603241,0.02
O=C1NC(C(F)C(F)CC(F)F)c2c[nH]c3nccc(c23)-c2ccccc21,7.6,0.6645919200007597,0.6538757176751441,0.515625
O=C1NC(C(CF)C2CC2)c2c[nH]c3nccc(c23)-c2ccccc21,5.8,0.7596565781921074,0.7002245841431599,0.53125
O=C1NC(C(F)F)c2c[nH]c3nccc(c23)-c2ccccc21,8.9,0.7242140372166255,0.7465352808819823,0.5789473684210527
CC(F)C1NC(=O)c2ccccc2-c2ccnc3[nH]cc1c23,8.2,0.7228514942401073,0.7219612898673109,0.559322033898305
O=C1NC(F)c2c[nH]c3nccc(c23)-c2ccccc21,8.5,0.6151531449738892,0.749910459004076,0.6111111111111112
Cc1cc(C(F)C(F)C2NC(=O)c3ccccc3-c3ccnc4[nH]cc2c34)ccc1O,10.2,0.4335070955300435,0.6716743916875839,0.5142857142857142
O=C1NC(C(F)F)c2c[nH]c3nccc(c23)-c2ccccc21,8.9,0.7242140372166255,0.7465352808819823,0.5789473684210527
FF,1.6,0.3741821364263268,0.6703027098603241,0.02
O=C1NC(C(F)F)c2c[nH]c3nccc(c23)-c2ccccc21,8.9,0.7242140372166255,0.7465352808819823,0.5789473684210527
O=C(F)CC1NC(=O)c2ccccc2-c2ccnc3[nH]cc1c23,7.9,0.7147523497706583,0.7415925977647813,0.5666666666666667
O=C1NC(C(F)C(F)C2CCCCC2)c2c[nH]c3nccc(c23)-c2ccccc21,10.0,0.6346291548896004,0.6711443629233762,0.53125
O=C1NC(C(O)F)c2c[nH]c3nccc(c23)-c2ccccc21,8.6,0.6446914292950124,0.716839433945455,0.5862068965517241
FC1CC1,2.7,0.3926710350089752,0.8610735076574039,0.0566037735849056
O=C1NC(C(F)OF)c2c[nH]c3nccc(c23)-c2ccccc21,8.7,0.7628768529213933,0.6905941756256788,0.5409836065573771
O=C1NC(C(F)OF)c2c[nH]c3nccc(c23)-c2ccccc21,8.7,0.7628768529213933,0.6905941756256788,0.5409836065573771
CC(F)F,2.7,0.3991545211934837,0.8289720119309083,0.0185185185185185
O=C1NC(CF)c2c[nH]c3nccc(c23)-c2ccccc21,8.4,0.7201156938840251,0.7498296866692221,0.5789473684210527
O=C1NC(CF)c2c[nH]c3nccc(c23)-c2ccccc21,8.5,0.7201156938840251,0.7498296866692221,0.5789473684210527
FOC(F)F,3.2,0.4640517379650578,0.7276318114473691,0.0178571428571428
O=C1NC(C(F)F)c2c[nH]c3nccc(c23)-c2ccccc21,8.9,0.7242140372166255,0.7465352808819823,0.5789473684210527
O=C1NC(c2ccccc2Cl)c2c[nH]c3nccc(c23)-c2ccccc21,7.6,0.5165040504403592,0.786751847766709,0.6428571428571429
FF,1.6,0.3741821364263268,0.6703027098603241,0.02
FF,1.6,0.3741821364263268,0.6703027098603241,0.02
O=C1NC(c2ccccc2F)c2c[nH]c3nccc(c23)-c2ccccc21,5.7,0.5440664494084936,0.785898811329462,0.7692307692307693
O=CF,2.1,0.280968216092754,0.7163312692114975,0.0377358490566037
CC(F)(F)F,3.3,0.4175407165966272,0.8607737694893272,0.0185185185185185
O=C1NC(CC2CO2)c2c[nH]c3nccc(c23)-c2ccccc21,9.1,0.7152395024456392,0.7137040980415714,0.532258064516129
O=C1NC(C(F)F)c2c[nH]c3nccc(c23)-c2ccccc21,8.9,0.7242140372166255,0.7465352808819823,0.5789473684210527
O=C1NC(CNC(F)C2CC2)c2c[nH]c3nccc(c23)-c2ccccc21,8.4,0.6324336618829932,0.6839161884787904,0.5151515151515151
O=C1NC(C(c2ccco2)C2NC(=O)c3ccccc3-c3ccnc4[nH]cc2c34)c2c[nH]c3nccc(c23)-c2ccccc21,4.8,0.1930033796407217,0.6501180469243129,0.5079365079365079
O=C1NC(C(F)C(c2ccccc2Cl)C2CO2)c2c[nH]c3nccc(c23)-c2ccccc21,9.9,0.4228971079176294,0.6502364575356755,0.4722222222222222
C=C(CF)CCC1CCC1,4.9,0.5289877102618223,0.7906880190873361,0.0923076923076923
O=C1NC(C(F)c2ccco2)c2c[nH]c3nccc(c23)-c2ccccc21,8.5,0.5672545533971516,0.707445702648831,0.515625
O=C1NC(COC(F)C2NC(=O)c3ccccc3-c3ccnc4[nH]cc2c34)c2c[nH]c3nccc(c23)-c2ccccc21,10.7,0.2320882645498827,0.628558988624881,0.4925373134328358
FC(F)F,2.6,0.401096477329913,0.8070008580847543,0.0192307692307692
O=C1NC(C(CF)c2ccccc2)c2c[nH]c3nccc(c23)-c2ccccc21,8.0,0.5450841248826293,0.7226984558498415,0.515625
O=C1NC(C(F)C2CCOC2)c2c[nH]c3nccc(c23)-c2ccccc21,9.3,0.7436679326317732,0.6736640346686067,0.5
O=C1NC(C(F)CC(F)C(c2ccccc2Cl)C2NC(=O)c3ccccc3-c3ccnc4[nH]cc2c34)c2c[nH]c3nccc(c23)-c2ccccc21,10.1,0.1393321221696104,0.5704961963318403,0.4583333333333333
CCCCC(F)C(F)C1NC(=O)c2ccccc2-c2ccnc3[nH]cc1c23,8.1,0.6733084198861368,0.6767700259983999,0.4852941176470588
FF,1.6,0.3741821364263268,0.6703027098603241,0.02
Cc1cc(C(F)C2NC(=O)c3ccccc3-c3ccnc4[nH]cc2c34)ccc1F,11.0,0.4967452075995699,0.712961836590199,0.5373134328358209
O=C1NC(c2ccc(Cl)cc2)c2c[nH]c3nccc(c23)-c2ccccc21,8.9,0.5165040504403592,0.7908461797505146,0.603448275862069
O=C1NC(F)c2c[nH]c3nccc(c23)-c2ccccc21,8.5,0.6151531449738892,0.749910459004076,0.6111111111111112
COc1ccc(C(C2NC(=O)c3ccccc3-c3ccnc4[nH]cc2c34)C2NC(=O)c3ccccc3-c3ccnc4[nH]cc2c34)cc1,8.4,0.1724968721953013,0.659413977537784,0.4776119402985074
O=C1NC(C(F)CC(Cc2ccccn2)C2NC(=O)c3ccccc3-c3ccnc4[nH]cc2c34)c2c[nH]c3nccc(c23)-c2ccccc21,10.3,0.1542119707154375,0.5939314008594451,0.4927536231884058
O=C1NC(C(F)CF)c2c[nH]c3nccc(c23)-c2ccccc21,8.9,0.7622894431148199,0.7007941756256789,0.5409836065573771
CC(C(F)c1ccccc1F)C1NC(=O)c2ccccc2-c2ccnc3[nH]cc1c23,9.3,0.4745263675121,0.6907332503302539,0.5303030303030303
CF,1.3,0.3673293108901918,0.703430914988529,0.0196078431372549
FF,1.6,0.3741821364263268,0.6703027098603241,0.02
O=C1NC(C(F)F)c2c[nH]c3nccc(c23)-c2ccccc21,8.9,0.7242140372166255,0.7465352808819823,0.5789473684210527
O=C1NC(C(F)c2ccccc2)c2c[nH]c3nccc(c23)-c2ccccc21,9.4,0.5450505301734133,0.732907780264091,0.5409836065573771
FF,1.5,0.3741821364263268,0.6703027098603241,0.02
FC(F)C1CC1,3.7,0.4610916461178551,0.8039338707032471,0.0526315789473684
O=C1NC(C(=O)CO)c2c[nH]c3nccc(c23)-c2ccccc21,8.0,0.6695630425346364,0.7468823413545249,0.55
O=C1NC(Oc2ccc(OC3NC(=O)c4ccccc4-c4ccnc5[nH]cc3c45)cc2)c2c[nH]c3nccc(c23)-c2ccccc21,9.9,0.183366732384525,0.6603371279904271,0.5689655172413793
O=C1NC(F)c2c[nH]c3nccc(c23)-c2ccccc21,8.5,0.6151531449738892,0.749910459004076,0.6111111111111112
O=C1NC(CCCF)c2c[nH]c3nccc(c23)-c2ccccc21,8.7,0.7736115588747018,0.7522184823279792,0.5409836065573771
O=C1NC(C2CC2)c2c[nH]c3nccc(c23)-c2ccccc21,9.1,0.720829112136743,0.7689336287147052,0.5789473684210527
O=C1NC(c2ccccc2)c2c[nH]c3nccc(c23)-c2ccccc21,6.4,0.5542571457303744,0.7968738919581482,0.6481481481481481
O=C1NC(C(F)F)c2c[nH]c3nccc(c23)-c2ccccc21,8.9,0.7242140372166255,0.7465352808819823,0.5789473684210527
O=C1NC(C(C(=O)F)c2ccc(F)c(F)c2)c2c[nH]c3nccc(c23)-c2ccccc21,9.2,0.4760335454344038,0.7030576238930567,0.5522388059701493
FC(F)F,2.6,0.401096477329913,0.8070008580847543,0.0192307692307692
FC(F)C1CO1,3.2,0.434437780187287,0.6861815636780191,0.0508474576271186
O=C1NC(CF)c2c[nH]c3nccc(c23)-c2ccccc21,8.4,0.7201156938840251,0.7498296866692221,0.5789473684210527
O=C1NC(F)c2c[nH]c3nccc(c23)-c2ccccc21,8.5,0.6151531449738892,0.749910459004076,0.6111111111111112
O=C1NC(C(F)F)c2c[nH]c3nccc(c23)-c2ccccc21,8.8,0.7242140372166255,0.7465352808819823,0.5789473684210527
O=C1NC(CC(F)(F)C2NC(=O)c3ccccc3-c3ccnc4[nH]cc2c34)c2c[nH]c3nccc(c23)-c2ccccc21,11.2,0.2103698675963818,0.6511237204915614,0.515625
O=C1NC(C(F)CF)c2c[nH]c3nccc(c23)-c2ccccc21,8.8,0.7622894431148199,0.7007941756256789,0.5409836065573771
O=C1NC(CC(F)CN2CCCCC2)c2c[nH]c3nccc(c23)-c2ccccc21,9.1,0.698569143770278,0.7067325632979348,0.4927536231884058
O=C1NC(F)c2c[nH]c3nccc(c23)-c2ccccc21,8.5,0.6151531449738892,0.749910459004076,0.6111111111111112
CCCCCCCCCCCC(C)C1NC(=O)c2ccccc2-c2ccnc3[nH]cc1c23,7.8,0.3075314488239754,0.7291981686465029,0.4705882352941176
CCCCCC1NC(=O)c2ccccc2-c2ccnc3[nH]cc1c23,7.7,0.690745749464496,0.7756168441797883,0.5079365079365079
O=C1NC(C(F)Cc2ccccc2[O-])c2c[nH]c3nccc(c23)-c2ccccc21,9.2,0.5637448934167137,0.674323033024287,0.4852941176470588
O=C1NC(C(F)C(OF)C(F)F)c2c[nH]c3nccc(c23)-c2ccccc21,9.1,0.6762456185917535,0.6395870537075328,0.5076923076923077
O=CCC1NC(=O)c2ccccc2-c2ccnc3[nH]cc1c23,8.6,0.7126105645801106,0.7453482921762435,0.5333333333333333
O=C1NC(Cc2ccccc2)c2c[nH]c3nccc(c23)-c2ccccc21,9.4,0.5732631156069086,0.7911792992625816,0.5333333333333333
O=C1NC(C(F)c2ccccc2)c2c[nH]c3nccc(c23)-c2ccccc21,8.9,0.5450505301734133,0.732907780264091,0.5409836065573771
O=C1NC(C(c2ccco2)C2CCOC2)c2c[nH]c3nccc(c23)-c2ccccc21,5.3,0.5341582967643418,0.6682876633068777,0.4520547945205479
NC(=O)OC(C1CCOC1)C1NC(=O)c2ccccc2-c2ccnc3[nH]cc1c23,8.4,0.632689476184765,0.6639196376486509,0.4533333333333333
O=C1NC(C(F)F)c2c[nH]c3nccc(c23)-c2ccccc21,8.9,0.7242140372166255,0.7465352808819823,0.5789473684210527
CC(F)C1NC(=O)c2ccccc2-c2ccnc3[nH]cc1c23,8.2,0.7228514942401073,0.7219612898673109,0.559322033898305
O=C1NC(F)c2c[nH]c3nccc(c23)-c2ccccc21,8.6,0.6151531449738892,0.749910459004076,0.6111111111111112
CC(C)OC(CC(=O)C1CCC1)C(F)F,6.1,0.6876461961438297,0.729109062417335,0.0675675675675675
O=C1NC(F)c2c[nH]c3nccc(c23)-c2ccccc21,8.5,0.6151531449738892,0.749910459004076,0.6111111111111112
O=C1NC(c2ccccc2)c2c[nH]c3nccc(c23)-c2ccccc21,6.5,0.5542571457303744,0.7968738919581482,0.6481481481481481
FF,1.6,0.3741821364263268,0.6703027098603241,0.02
O=C1NC(N2CCC(NC(F)F)CC2)c2c[nH]c3nccc(c23)-c2ccccc21,7.6,0.5935270887028634,0.7177793805713147,0.5074626865671642
O=C1NC(C(F)c2coc3ccccc23)c2c[nH]c3nccc(c23)-c2ccccc21,9.6,0.4148300405171392,0.7037635430333686,0.4782608695652174
O=C1NC(C(F)c2ccccc2)c2c[nH]c3nccc(c23)-c2ccccc21,9.3,0.5450505301734133,0.732907780264091,0.5409836065573771
O=C1NC(C(F)F)c2c[nH]c3nccc(c23)-c2ccccc21,8.9,0.7242140372166255,0.7465352808819823,0.5789473684210527
O=C1NC(F)c2c[nH]c3nccc(c23)-c2ccccc21,8.5,0.6151531449738892,0.749910459004076,0.6111111111111112
FC(F)F,2.6,0.401096477329913,0.8070008580847543,0.0192307692307692
O=C1NC(C(=O)O)c2c[nH]c3nccc(c23)-c2ccccc21,8.6,0.639982221440822,0.7692778938245951,0.5789473684210527
Cc1ccc(C2NC(=O)c3ccccc3-c3ccnc4[nH]cc2c34)cc1,8.4,0.5408596819007101,0.7922743174023366,0.603448275862069
O=C1NC(F)c2c[nH]c3nccc(c23)-c2ccccc21,8.5,0.6151531449738892,0.749910459004076,0.6111111111111112
O=C1NC(C(F)=Cc2ccccc2)c2c[nH]c3nccc(c23)-c2ccccc21,8.6,0.520896360389765,0.7436147471116912,0.5396825396825397
O=C1NC(C(F)CF)c2c[nH]c3nccc(c23)-c2ccccc21,6.0,0.7622894431148199,0.7007941756256789,0.5409836065573771
O=C1NC(C(CF)C(F)F)c2c[nH]c3nccc(c23)-c2ccccc21,8.4,0.7571481781199974,0.6816666601031938,0.5238095238095238
O=C1NC(CF)c2c[nH]c3nccc(c23)-c2ccccc21,8.4,0.7201156938840251,0.7498296866692221,0.5789473684210527
FC(F)F,2.6,0.401096477329913,0.8070008580847543,0.0192307692307692
O=C1NC(C(F)c2ccc(Cl)cc2)c2c[nH]c3nccc(c23)-c2ccccc21,9.1,0.4817285031167876,0.7269844957358813,0.5076923076923077
FC1CO1,2.6,0.3678183324305127,0.6933321408031161,0.0545454545454545
O=C1NC(C(F)OF)c2c[nH]c3nccc(c23)-c2ccccc21,6.4,0.7628768529213933,0.6905941756256788,0.5409836065573771
O=C1NC(c2ccc(OC(CF)C3NC(=O)c4ccccc4-c4ccnc5[nH]cc3c45)cc2)c2c[nH]c3nccc(c23)-c2ccccc21,10.6,0.1656912208706705,0.6296551157647927,0.5362318840579711
O=C1NC(C(c2ccco2)C2NC(=O)c3ccccc3-c3ccnc4[nH]cc2c34)c2c[nH]c3nccc(c23)-c2ccccc21,6.9,0.1930033796407217,0.6501180469243129,0.5079365079365079
O=C1NC(c2ccc(Br)s2)c2c[nH]c3nccc(c23)-c2ccccc21,6.1,0.4697406813907195,0.752051863079955,0.5737704918032787
O=C(F)CC1NC(=O)c2ccccc2-c2ccnc3[nH]cc1c23,8.3,0.7147523497706583,0.7415925977647813,0.5666666666666667
FF,1.6,0.3741821364263268,0.6703027098603241,0.02
COc1ccc(C2NC(=O)c3ccccc3-c3ccnc4[nH]cc2c34)cc1,8.1,0.5694917317673214,0.7931670002551304,0.5737704918032787
CF,1.4,0.3673293108901918,0.703430914988529,0.0196078431372549
Cc1cccc(C2NC(=O)c3ccccc3-c3ccnc4[nH]cc2c34)c1,10.2,0.5408596819007101,0.7867004307626604,0.6271186440677966
O=C1NC(C(F)F)c2c[nH]c3nccc(c23)-c2ccccc21,6.5,0.7242140372166255,0.7465352808819823,0.5789473684210527
O=C1NC(F)c2c[nH]c3nccc(c23)-c2ccccc21,8.5,0.6151531449738892,0.749910459004076,0.6111111111111112
O=C1NC(C2CO2)c2c[nH]c3nccc(c23)-c2ccccc21,6.6,0.676385363892753,0.7238522811676772,0.559322033898305
O=C1NC(C(F)F)c2c[nH]c3nccc(c23)-c2ccccc21,6.4,0.7242140372166255,0.7465352808819823,0.5789473684210527
FC(F)OC(F)[NH+]1CC[C@H]2CCCC[C@H]2C1,6.4,0.7368796644272536,0.5323655533540457,0.0555555555555555
FC(F)C(F)C1CCCCC1,5.9,0.5906598155338555,0.7427091940699516,0.0655737704918032
O=C1NC(C(F)C2CC2)c2c[nH]c3nccc(c23)-c2ccccc21,9.1,0.7548096480351643,0.7047782207926586,0.5573770491803278
FC(F)C(F)F,3.4,0.4400506788221621,0.7785026689576144,0.0188679245283018
O=C1NC(C(c2ccccc2)C2CO2)c2c[nH]c3nccc(c23)-c2ccccc21,5.8,0.5227514558837613,0.6961877802903231,0.5
O=C1NC(C(F)F)c2c[nH]c3nccc(c23)-c2ccccc21,8.9,0.7242140372166255,0.7465352808819823,0.5789473684210527
O=C1NC(F)c2c[nH]c3nccc(c23)-c2ccccc21,8.5,0.6151531449738892,0.749910459004076,0.6111111111111112
O=C1NC(F)c2c[nH]c3nccc(c23)-c2ccccc21,8.5,0.6151531449738892,0.749910459004076,0.6111111111111112
COc1ccc(COF)c(C2NC(=O)c3ccccc3-c3ccnc4[nH]cc2c34)c1,7.9,0.5270876351046159,0.7349421255293557,0.582089552238806
FF,1.6,0.3741821364263268,0.6703027098603241,0.02
FC(F)C(F)C(F)C1CCCC1,5.8,0.5909603509311278,0.6743371441602066,0.064516129032258
FC1CO1,2.6,0.3678183324305127,0.6933321408031161,0.0545454545454545
O=C1NC(C(F)CF)c2c[nH]c3nccc(c23)-c2ccccc21,8.7,0.7622894431148199,0.7007941756256789,0.5409836065573771
CF,1.3,0.3673293108901918,0.703430914988529,0.0196078431372549
O=C1NC(C(CC(F)F)C2NC(=O)c3ccccc3-c3ccnc4[nH]cc2c34)c2c[nH]c3nccc(c23)-c2ccccc21,6.8,0.1974093978718902,0.6448261532052404,0.532258064516129
O=C1NC(C(CF)C(F)C(F)(F)F)c2c[nH]c3nccc(c23)-c2ccccc21,8.3,0.6418895482495427,0.6511962439061583,0.4925373134328358
O=C1NC(C2CO2)c2c[nH]c3nccc(c23)-c2ccccc21,8.8,0.676385363892753,0.7238522811676772,0.559322033898305
O=C(CF)C(F)CCF,4.1,0.5734166228316399,0.6549219649329879,0.046875
O=C1NC(F)c2c[nH]c3nccc(c23)-c2ccccc21,8.5,0.6151531449738892,0.749910459004076,0.6111111111111112
O=C1NC(C(c2ccc3ccccc3c2)C(F)F)c2c[nH]c3nccc(c23)-c2ccccc21,7.3,0.3508158391322486,0.7099233660245344,0.5
FC(F)C(F)F,3.5,0.4400506788221621,0.7785026689576144,0.0188679245283018
CF,1.4,0.3673293108901918,0.703430914988529,0.0196078431372549
O=C1NC(C(F)OF)c2c[nH]c3nccc(c23)-c2ccccc21,8.7,0.7628768529213933,0.6905941756256788,0.5409836065573771
O=C(CF)C(F)F,3.6,0.5157076888916571,0.7484086412157761,0.05
O=CCC(c1ccc(C2CCC2)cc1)C(F)C1NC(=O)c2ccccc2-c2ccnc3[nH]cc1c23,8.0,0.3420101614738758,0.6668229137110414,0.4358974358974359
O=C1NC(CC(F)C2NC(=O)c3ccccc3-c3ccnc4[nH]cc2c34)c2c[nH]c3nccc(c23)-c2ccccc21,8.8,0.2272232426980588,0.6353921343885741,0.515625
FF,1.6,0.3741821364263268,0.6703027098603241,0.02
O=C1NC(C(=O)O)c2c[nH]c3nccc(c23)-c2ccccc21,8.5,0.639982221440822,0.7692778938245951,0.5789473684210527
O=C1NC(C(F)F)c2c[nH]c3nccc(c23)-c2ccccc21,8.8,0.7242140372166255,0.7465352808819823,0.5789473684210527
O=C(F)CC1NC(=O)c2ccccc2-c2ccnc3[nH]cc1c23,8.2,0.7147523497706583,0.7415925977647813,0.5666666666666667
O=C1NC(C(F)F)c2c[nH]c3nccc(c23)-c2ccccc21,8.9,0.7242140372166255,0.7465352808819823,0.5789473684210527
O=C1NC(C(F)F)c2c[nH]c3nccc(c23)-c2ccccc21,8.9,0.7242140372166255,0.7465352808819823,0.5789473684210527
FC(F)F,2.6,0.401096477329913,0.8070008580847543,0.0192307692307692
O=C1NC(C(F)C(CC(O)C(F)(F)F)OF)c2c[nH]c3nccc(c23)-c2ccccc21,8.5,0.5238930633146089,0.6138205419062177,0.4657534246575342
O=C1NC(C(F)C(F)Cc2cccc(F)c2)c2c[nH]c3nccc(c23)-c2ccccc21,10.0,0.4833020320925638,0.6825574866824766,0.5217391304347826
O=C1NC(F)c2c[nH]c3nccc(c23)-c2ccccc21,8.6,0.6151531449738892,0.749910459004076,0.6111111111111112
CC(C(=O)O)C1NC(=O)c2ccccc2-c2ccnc3[nH]cc1c23,7.7,0.6761026109673481,0.7288920544866713,0.532258064516129
FC(F)F,2.6,0.401096477329913,0.8070008580847543,0.0192307692307692
O=C1NC(N2CCCCC2)c2c[nH]c3nccc(c23)-c2ccccc21,8.7,0.717298339072909,0.7637915634758197,0.55
O=C1NC(C(F)C(c2ccc(F)c(F)c2)C2NC(=O)c3ccccc3-c3ccnc4[nH]cc2c34)c2c[nH]c3nccc(c23)-c2ccccc21,7.0,0.1579269915862202,0.5998421914577354,0.5373134328358209
O=C1NC(C(F)CC(c2ccccc2)C2NC(=O)c3ccccc3-c3ccnc4[nH]cc2c34)c2c[nH]c3nccc(c23)-c2ccccc21,7.2,0.1568198438793108,0.6077340990336025,0.4925373134328358
O=C1NC(F)c2c[nH]c3nccc(c23)-c2ccccc21,8.6,0.6151531449738892,0.749910459004076,0.6111111111111112
O=C1NC(C(F)OF)c2c[nH]c3nccc(c23)-c2ccccc21,8.7,0.7628768529213933,0.6905941756256788,0.5409836065573771
N#CCC(F)C(F)C1NC(=O)c2ccccc2-c2ccnc3[nH]cc1c23,8.3,0.7555056288308294,0.6564408319111935,0.5
CC(F)C1NC(=O)c2ccccc2-c2ccnc3[nH]cc1c23,9.0,0.7228514942401073,0.7219612898673109,0.559322033898305
FC(F)F,2.6,0.401096477329913,0.8070008580847543,0.0192307692307692
O=C1NC(C(F)C(c2ccc(Cl)cc2)C2CCCC2)c2c[nH]c3nccc(c23)-c2ccccc21,9.1,0.3356289527621654,0.6772491262630707,0.4788732394366197
O=C1NC(C(F)c2ccc(O)cc2)c2c[nH]c3nccc(c23)-c2ccccc21,9.1,0.4863462096177512,0.7202148850996042,0.6065573770491803
O=C1NC(F)c2c[nH]c3nccc(c23)-c2ccccc21,8.5,0.6151531449738892,0.749910459004076,0.6111111111111112
O=C1NC(C(F)F)c2c[nH]c3nccc(c23)-c2ccccc21,8.9,0.7242140372166255,0.7465352808819823,0.5789473684210527
O=C1NC(C(F)C(CCCF)C2NC(=O)c3ccccc3-c3ccnc4[nH]cc2c34)c2c[nH]c3nccc(c23)-c2ccccc21,11.1,0.1688937240844488,0.5944620700753648,0.4852941176470588
O=C1NCc2c[nH]c3nccc(c23)-c2ccccc21,8.4,0.6426959361410728,0.8267163872274347,0.4736842105263157
FC(F)F,2.6,0.401096477329913,0.8070008580847543,0.0192307692307692
CN1CCC(C(F)C2NC(=O)c3ccccc3-c3ccnc4[nH]cc2c34)CC1=O,8.2,0.7029563161765857,0.6643234396699228,0.4722222222222222
O=C1NC(F)c2c[nH]c3nccc(c23)-c2ccccc21,8.5,0.6151531449738892,0.749910459004076,0.6111111111111112
FC(F)C1CC1,3.7,0.4610916461178551,0.8039338707032471,0.0526315789473684
O=C1NC(C(F)F)c2c[nH]c3nccc(c23)-c2ccccc21,8.9,0.7242140372166255,0.7465352808819823,0.5789473684210527
COC(=O)CC1NC(=O)c2ccccc2-c2ccnc3[nH]cc1c23,8.1,0.7105936848866271,0.7691837879606452,0.5238095238095238
O=C1NC(C(F)F)c2c[nH]c3nccc(c23)-c2ccccc21,8.9,0.7242140372166255,0.7465352808819823,0.5789473684210527
FC(F)F,2.6,0.401096477329913,0.8070008580847543,0.0192307692307692
O=C1NC(C(F)F)c2c[nH]c3nccc(c23)-c2ccccc21,8.8,0.7242140372166255,0.7465352808819823,0.5789473684210527
O=C1NC(C(F)C(C2CC2)C2NC(=O)c3ccccc3-c3ccnc4[nH]cc2c34)c2c[nH]c3nccc(c23)-c2ccccc21,11.5,0.1923565376970632,0.6059110480928024,0.5396825396825397
O=C1NCc2c[nH]c3nccc(c23)-c2ccccc21,8.5,0.6426959361410728,0.8267163872274347,0.4736842105263157
O=CCF,2.4,0.3951353327041007,0.7150085503924467,0.0357142857142857
O=C1NC(C(F)F)c2c[nH]c3nccc(c23)-c2ccccc21,8.9,0.7242140372166255,0.7465352808819823,0.5789473684210527
O=C1NC(C(O)F)c2c[nH]c3nccc(c23)-c2ccccc21,8.6,0.6446914292950124,0.716839433945455,0.5862068965517241
O=C1NC(C(F)F)c2c[nH]c3nccc(c23)-c2ccccc21,8.6,0.7242140372166255,0.7465352808819823,0.5789473684210527
O=C1NC(CC2CC2)c2c[nH]c3nccc(c23)-c2ccccc21,8.6,0.7559593365499664,0.7598292745208608,0.55
N#CCC(C1CO1)C1NC(=O)c2ccccc2-c2ccnc3[nH]cc1c23,8.1,0.7143540274852808,0.6610205879749496,0.4927536231884058
FCCC(F)[C@@H](c1ccccc1)C1CCCC1,6.5,0.69962199295183,0.7391216885932014,0.1285714285714285
O=C(F)CC1NC(=O)c2ccccc2-c2ccnc3[nH]cc1c23,8.4,0.7147523497706583,0.7415925977647813,0.5666666666666667
COC(F)C1NC(=O)c2ccccc2-c2ccnc3[nH]cc1c23,9.0,0.7644098672340908,0.7068722642037674,0.532258064516129
C=C(C(=O)OC1NC(=O)c2ccccc2-c2ccnc3[nH]cc1c23)C(F)CC1CO1,8.8,0.384673799085143,0.635877667882606,0.4666666666666667
O=C1NC(C(F)F)c2c[nH]c3nccc(c23)-c2ccccc21,8.8,0.7242140372166255,0.7465352808819823,0.5789473684210527
O=C1NC(C(F)F)c2c[nH]c3nccc(c23)-c2ccccc21,8.9,0.7242140372166255,0.7465352808819823,0.5789473684210527
O=C1NC(C(=O)O)c2c[nH]c3nccc(c23)-c2ccccc21,8.6,0.639982221440822,0.7692778938245951,0.5789473684210527
CC(CCCC1NC(=O)c2ccccc2-c2ccnc3[nH]cc1c23)C(F)C1NC(=O)c2ccccc2-c2ccnc3[nH]cc1c23,10.4,0.1624580199789358,0.6083975956185239,0.4583333333333333
O=C1NC(C(F)F)c2c[nH]c3nccc(c23)-c2ccccc21,8.8,0.7242140372166255,0.7465352808819823,0.5789473684210527
O=C1NC(CC2CC2)c2c[nH]c3nccc(c23)-c2ccccc21,7.3,0.7559593365499664,0.7598292745208608,0.55
O=C1NC(C(c2cc[nH]c2)C(F)F)c2c[nH]c3nccc(c23)-c2ccccc21,6.4,0.4946122715080642,0.6685354928868786,0.5
O=C1NC(C(CC(F)F)C(F)F)c2c[nH]c3nccc(c23)-c2ccccc21,6.8,0.6555901442254498,0.6761413937525345,0.515625
O=C1NC(C(F)CF)c2c[nH]c3nccc(c23)-c2ccccc21,6.1,0.7622894431148199,0.7007941756256789,0.5409836065573771
O=C1NC(F)c2c[nH]c3nccc(c23)-c2ccccc21,8.5,0.6151531449738892,0.749910459004076,0.6111111111111112
O=C1NC(C(F)C(F)c2ccccc2F)c2c[nH]c3nccc(c23)-c2ccccc21,9.8,0.4903350925526183,0.6835529283266761,0.546875
O=C1NC(C(=O)NF)c2c[nH]c3nccc(c23)-c2ccccc21,6.9,0.600932616853293,0.7314867702589536,0.5964912280701754
CN(C)CC1NC(=O)c2ccccc2-c2ccnc3[nH]cc1c23,8.4,0.764774577956086,0.7582748821470656,0.5245901639344263
FC(F)C(F)F,3.5,0.4400506788221621,0.7785026689576144,0.0188679245283018
O=C1NC(CC(CC2CC(O)O2)C2NC(=O)c3ccccc3-c3ccnc4[nH]cc2c34)c2c[nH]c3nccc(c23)-c2ccccc21,10.3,0.1732240383555146,0.580404877332031,0.4861111111111111
O=C(O)CC(C1NC(=O)c2ccccc2-c2ccnc3[nH]cc1c23)C(F)C1NC(=O)c2ccccc2-c2ccnc3[nH]cc1c23,8.6,0.1769123938248138,0.6049757951758661,0.5074626865671642
O=C1NC(C(F)C2CC2)c2c[nH]c3nccc(c23)-c2ccccc21,9.1,0.7548096480351643,0.7047782207926586,0.5573770491803278
O=C1NC(CF)c2c[nH]c3nccc(c23)-c2ccccc21,8.5,0.7201156938840251,0.7498296866692221,0.5789473684210527
O=C1NC(F)c2c[nH]c3nccc(c23)-c2ccccc21,8.5,0.6151531449738892,0.749910459004076,0.6111111111111112
O=C1NC(F)c2c[nH]c3nccc(c23)-c2ccccc21,8.3,0.6151531449738892,0.749910459004076,0.6111111111111112
O=C1NC(C(F)F)c2c[nH]c3nccc(c23)-c2ccccc21,8.9,0.7242140372166255,0.7465352808819823,0.5789473684210527
O=C1NC(C2CC2)c2c[nH]c3nccc(c23)-c2ccccc21,9.3,0.720829112136743,0.7689336287147052,0.5789473684210527
O=C1NC(F)c2c[nH]c3nccc(c23)-c2ccccc21,8.5,0.6151531449738892,0.749910459004076,0.6111111111111112
O=C1NC(Cc2ccc(C(F)C3NC(=O)c4ccccc4-c4ccnc5[nH]cc3c45)c(Cl)c2)c2c[nH]c3nccc(c23)-c2ccccc21,10.0,0.1544395006307203,0.6242302572190833,0.4533333333333333
O=C1NC(F)c2c[nH]c3nccc(c23)-c2ccccc21,8.5,0.6151531449738892,0.749910459004076,0.6111111111111112
CC(F)C1NC(=O)c2ccccc2-c2ccnc3[nH]cc1c23,8.2,0.7228514942401073,0.7219612898673109,0.559322033898305
C1CC1CC1CO1,3.9,0.4724143446916264,0.7752596111612555,0.032258064516129
O=C1NC(C[C@@H]2CCCN(F)C2)c2c[nH]c3nccc(c23)-c2ccccc21,9.2,0.6758493085055342,0.6832437101569827,0.4857142857142857
O=C1NC(C(CF)c2ccccc2)c2c[nH]c3nccc(c23)-c2ccccc21,8.8,0.5450841248826293,0.7226984558498415,0.515625
O=C1NC(C(F)CF)c2c[nH]c3nccc(c23)-c2ccccc21,6.1,0.7622894431148199,0.7007941756256789,0.5409836065573771
O=C1NC(C(F)C2CC2)c2c[nH]c3nccc(c23)-c2ccccc21,9.1,0.7548096480351643,0.7047782207926586,0.5573770491803278
FC(F)F,2.6,0.401096477329913,0.8070008580847543,0.0192307692307692
CC(F)OF,3.2,0.461503295888842,0.6683880358906726,0.0172413793103448
CC(F)C1NC(=O)c2ccccc2-c2ccnc3[nH]cc1c23,9.1,0.7228514942401073,0.7219612898673109,0.559322033898305
O=C1NC(F)c2c[nH]c3nccc(c23)-c2ccccc21,8.5,0.6151531449738892,0.749910459004076,0.6111111111111112
FC(F)F,2.6,0.401096477329913,0.8070008580847543,0.0192307692307692
O=C1NC(C(F)C2CCCCNCC2)c2c[nH]c3nccc(c23)-c2ccccc21,9.6,0.6141047367474453,0.6750685042722235,0.4927536231884058
CF,1.3,0.3673293108901918,0.703430914988529,0.0196078431372549
O=C1NC(CC2CO2)c2c[nH]c3nccc(c23)-c2ccccc21,6.0,0.7152395024456392,0.7137040980415714,0.532258064516129
O=C1NC(C(CF)c2ccccc2Cl)c2c[nH]c3nccc(c23)-c2ccccc21,8.2,0.4777282617696212,0.7095169890682429,0.4852941176470588
O=C1NC(C(F)F)c2c[nH]c3nccc(c23)-c2ccccc21,8.7,0.7242140372166255,0.7465352808819823,0.5789473684210527
O=C1NC(C(F)F)c2c[nH]c3nccc(c23)-c2ccccc21,8.9,0.7242140372166255,0.7465352808819823,0.5789473684210527
CCN(CC)C(F)C1NC(=O)c2ccccc2-c2ccnc3[nH]cc1c23,8.0,0.7047485203131539,0.7005559389985411,0.5076923076923077
O=C1NC(C(F)C(=O)C(CC(F)F)C2NC(=O)c3ccccc3-c3ccnc4[nH]cc2c34)c2c[nH]c3nccc(c23)-c2ccccc21,10.2,0.1727475828792083,0.5843786168263365,0.5
Cc1nn(C(F)CC2CCC2)c2[nH]ccc12,6.8,0.8469563324868199,0.7078469222095729,0.1139240506329113
CC(F)CF,2.9,0.4451940077266241,0.7393992247018616,0.0172413793103448
O=C1NC(F)c2c[nH]c3nccc(c23)-c2ccccc21,8.5,0.6151531449738892,0.749910459004076,0.6111111111111112
FC(F)F,2.6,0.401096477329913,0.8070008580847543,0.0192307692307692
O=C1NC(C(CC(F)F)C2NC(=O)c3ccccc3-c3ccnc4[nH]cc2c34)c2c[nH]c3nccc(c23)-c2ccccc21,7.8,0.1974093978718902,0.6448261532052404,0.532258064516129
O=C1NC(c2cc3ccccc3[nH]2)c2c[nH]c3nccc(c23)-c2ccccc21,7.0,0.4083604650402209,0.7591061935729584,0.6
CC1([NH2+]C(F)C(F)F)CCC1,4.9,0.6065486676622408,0.5663338094545671,0.0461538461538461
O=C1NC(C(F)F)c2c[nH]c3nccc(c23)-c2ccccc21,8.9,0.7242140372166255,0.7465352808819823,0.5789473684210527
FC(F)F,2.6,0.401096477329913,0.8070008580847543,0.0192307692307692
O=C(F)CC1NC(=O)c2ccccc2-c2ccnc3[nH]cc1c23,8.3,0.7147523497706583,0.7415925977647813,0.5666666666666667
O=C1NC(CCCO)c2c[nH]c3nccc(c23)-c2ccccc21,6.3,0.6960097015260924,0.7657319151638001,0.5409836065573771
O=C1NC(C(C2CC2)C2NC(=O)c3ccccc3-c3ccnc4[nH]cc2c34)c2c[nH]c3nccc(c23)-c2ccccc21,6.1,0.2140976523236657,0.6538866491662456,0.55
O=C1NC(C(F)CF)c2c[nH]c3nccc(c23)-c2ccccc21,6.1,0.7622894431148199,0.7007941756256789,0.5409836065573771
O=C1NC(C(C2CC2)C2NC(=O)c3ccccc3-c3ccnc4[nH]cc2c34)c2c[nH]c3nccc(c23)-c2ccccc21,6.2,0.2140976523236657,0.6538866491662456,0.55
O=C1NC(F)c2c[nH]c3nccc(c23)-c2ccccc21,8.5,0.6151531449738892,0.749910459004076,0.6111111111111112
FC(F)F,2.6,0.401096477329913,0.8070008580847543,0.0192307692307692
O=C1NC(F)c2c[nH]c3nccc(c23)-c2ccccc21,8.5,0.6151531449738892,0.749910459004076,0.6111111111111112
O=C1NC(C(F)F)c2c[nH]c3nccc(c23)-c2ccccc21,8.8,0.7242140372166255,0.7465352808819823,0.5789473684210527
O=C1NC(C(F)c2cccs2)c2c[nH]c3nccc(c23)-c2ccccc21,8.6,0.5380676265605355,0.7097248524464018,0.5
FOC(F)F,3.2,0.4640517379650578,0.7276318114473691,0.0178571428571428
O=C1NC(C(F)C(F)c2ccccc2)c2c[nH]c3nccc(c23)-c2ccccc21,8.4,0.5143681215765042,0.6936967438757572,0.5238095238095238
FF,1.5,0.3741821364263268,0.6703027098603241,0.02
O=CCC1NC(=O)c2ccccc2-c2ccnc3[nH]cc1c23,8.0,0.7126105645801106,0.7453482921762435,0.5333333333333333
O=C1NC(F)c2c[nH]c3nccc(c23)-c2ccccc21,8.5,0.6151531449738892,0.749910459004076,0.6111111111111112
O=C1NC(C(F)C(c2ccc(F)cc2)C2NC(=O)c3ccccc3-c3ccnc4[nH]cc2c34)c2c[nH]c3nccc(c23)-c2ccccc21,8.7,0.1622769482424023,0.6078795958771843,0.5151515151515151
O=C1NC(CF)c2c[nH]c3nccc(c23)-c2ccccc21,8.5,0.7201156938840251,0.7498296866692221,0.5789473684210527
CC(C1NC(=O)c2ccccc2-c2ccnc3[nH]cc1c23)C(C1CCCO1)C1NC(=O)c2ccccc2-c2ccnc3[nH]cc1c23,7.1,0.1825405281794462,0.5872508313227612,0.4647887323943662
O=C1NC(C2CC2)c2c[nH]c3nccc(c23)-c2ccccc21,9.2,0.720829112136743,0.7689336287147052,0.5789473684210527
O=C1NC(F)c2c[nH]c3nccc(c23)-c2ccccc21,8.6,0.6151531449738892,0.749910459004076,0.6111111111111112
O=C1NC(F)c2c[nH]c3nccc(c23)-c2ccccc21,8.5,0.6151531449738892,0.749910459004076,0.6111111111111112
FF,1.6,0.3741821364263268,0.6703027098603241,0.02
CC(F)F,2.7,0.3991545211934837,0.8289720119309083,0.0185185185185185
Cc1c(C2NC(=O)c3ccccc3-c3ccnc4[nH]cc2c34)ccc(=S)n1CF,10.1,0.4705954070705515,0.7073706864541871,0.5757575757575758
O=C(CC(F)C1NC(=O)c2ccccc2-c2ccnc3[nH]cc1c23)NF,8.8,0.6308430660000726,0.6737120720546741,0.5230769230769231
O=C1NC(F)c2c[nH]c3nccc(c23)-c2ccccc21,8.5,0.6151531449738892,0.749910459004076,0.6111111111111112
O=C1NC(C(F)F)c2c[nH]c3nccc(c23)-c2ccccc21,8.9,0.7242140372166255,0.7465352808819823,0.5789473684210527
O=C1NC(C(F)Nc2cccnc2)c2c[nH]c3nccc(c23)-c2ccccc21,9.4,0.4769654685725388,0.7054147785515299,0.5151515151515151
O=C1NC(C(F)CF)c2c[nH]c3nccc(c23)-c2ccccc21,6.9,0.7622894431148199,0.7007941756256789,0.5409836065573771
O=C1NC(N2CCC(F)C2)c2c[nH]c3nccc(c23)-c2ccccc21,8.7,0.7180275346164098,0.708177338504476,0.5396825396825397
O=C1NC(F)c2c[nH]c3nccc(c23)-c2ccccc21,8.5,0.6151531449738892,0.749910459004076,0.6111111111111112
O=C1NC(F)c2c[nH]c3nccc(c23)-c2ccccc21,8.5,0.6151531449738892,0.749910459004076,0.6111111111111112
O=CCC(C(F)OF)C1NC(=O)c2ccccc2-c2ccnc3[nH]cc1c23,7.0,0.6733878588745816,0.6348573386857126,0.4714285714285714
COC(C1NC(=O)c2ccccc2-c2ccnc3[nH]cc1c23)C(F)C(C)(C)C,6.5,0.7060050786137961,0.6695534431172036,0.4925373134328358
O=C1NC(c2ccc(F)cc2Cl)c2c[nH]c3nccc(c23)-c2ccccc21,7.9,0.4976255860529222,0.7760144598711392,0.6896551724137931
O=C1NC(C(F)F)c2c[nH]c3nccc(c23)-c2ccccc21,8.9,0.7242140372166255,0.7465352808819823,0.5789473684210527
O=C1NC(c2ccc(C(F)CF)cc2)c2c[nH]c3nccc(c23)-c2ccccc21,9.2,0.5155785142934689,0.7152884176396717,0.5625
O=C1NC(C(F)C2CC2)c2c[nH]c3nccc(c23)-c2ccccc21,9.1,0.7548096480351643,0.7047782207926586,0.5573770491803278
O=C1NC(C(F)F)c2c[nH]c3nccc(c23)-c2ccccc21,8.8,0.7242140372166255,0.7465352808819823,0.5789473684210527
FC(F)F,2.6,0.401096477329913,0.8070008580847543,0.0192307692307692
O=C1NC(C(F)F)c2c[nH]c3nccc(c23)-c2ccccc21,8.9,0.7242140372166255,0.7465352808819823,0.5789473684210527
O=C1NC(C(F)F)c2c[nH]c3nccc(c23)-c2ccccc21,8.9,0.7242140372166255,0.7465352808819823,0.5789473684210527
FCC1CCCCNCC1,5.3,0.5922705774973889,0.7875455912250909,0.0769230769230769
O=C1NC(C(=O)C(F)=C(F)F)c2c[nH]c3nccc(c23)-c2ccccc21,6.4,0.6875488647013054,0.7054327362365664,0.5573770491803278
O=C1NC(F)c2c[nH]c3nccc(c23)-c2ccccc21,8.5,0.6151531449738892,0.749910459004076,0.6111111111111112
O=C1NC(CF)c2c[nH]c3nccc(c23)-c2ccccc21,8.5,0.7201156938840251,0.7498296866692221,0.5789473684210527
O=C1NC(C(F)F)c2c[nH]c3nccc(c23)-c2ccccc21,8.6,0.7242140372166255,0.7465352808819823,0.5789473684210527
O=C1NC(C(F)C(F)c2ccc(F)c(F)c2)c2c[nH]c3nccc(c23)-c2ccccc21,9.4,0.4354742583067693,0.6765327832959755,0.5454545454545454
FOC(F)F,3.2,0.4640517379650578,0.7276318114473691,0.0178571428571428
O=C1NC(C2CCCN2C(=O)C2CCC2)c2c[nH]c3nccc(c23)-c2ccccc21,7.7,0.6867197917682969,0.7241510741803826,0.4857142857142857
O=C1NC(F)c2c[nH]c3nccc(c23)-c2ccccc21,8.5,0.6151531449738892,0.749910459004076,0.6111111111111112
O=C1NC(C(C2CC2)C2CO2)c2c[nH]c3nccc(c23)-c2ccccc21,5.0,0.7145321926708101,0.6698134084877699,0.5
FF,1.5,0.3741821364263268,0.6703027098603241,0.02
O=C1NC(C(F)C2CO2)c2c[nH]c3nccc(c23)-c2ccccc21,8.9,0.7125161823677352,0.6742036994415489,0.5396825396825397
FOC(F)F,3.2,0.4640517379650578,0.7276318114473691,0.0178571428571428
O=C1NC(C(F)F)c2c[nH]c3nccc(c23)-c2ccccc21,8.9,0.7242140372166255,0.7465352808819823,0.5789473684210527
O=C1NC(C(F)CCCOCl)c2c[nH]c3nccc(c23)-c2ccccc21,8.0,0.6549780847942358,0.6777947525813546,0.4782608695652174
O=C1NC(C(F)CF)c2c[nH]c3nccc(c23)-c2ccccc21,6.1,0.7622894431148199,0.7007941756256789,0.5409836065573771
O=C1NC(C(F)C(F)CC(F)F)c2c[nH]c3nccc(c23)-c2ccccc21,8.2,0.6645919200007597,0.6538757176751441,0.515625
O=C(CC(F)C1NC(=O)c2ccccc2-c2ccnc3[nH]cc1c23)c1cccs1,8.8,0.4839727198334176,0.7014918974931513,0.4722222222222222
FOC(F)F,3.2,0.4640517379650578,0.7276318114473691,0.0178571428571428
O=C1NC(C(F)OF)c2c[nH]c3nccc(c23)-c2ccccc21,8.7,0.7628768529213933,0.6905941756256788,0.5409836065573771
FC(F)F,2.6,0.401096477329913,0.8070008580847543,0.0192307692307692
O=C1NC(C(CF)C(F)c2ccccc2)c2c[nH]c3nccc(c23)-c2ccccc21,8.3,0.4851102508050126,0.6802724356570898,0.4925373134328358
O=C1NC(C(F)CF)c2c[nH]c3nccc(c23)-c2ccccc21,8.7,0.7622894431148199,0.7007941756256789,0.5409836065573771
FC(F)C(F)F,3.4,0.4400506788221621,0.7785026689576144,0.0188679245283018
O=C1NC(C(F)F)c2c[nH]c3nccc(c23)-c2ccccc21,8.9,0.7242140372166255,0.7465352808819823,0.5789473684210527
FN1CCCCC1,4.2,0.4182482786389532,0.7682090032067264,0.0344827586206896
FC(F)C1CC1,3.6,0.4610916461178551,0.8039338707032471,0.0526315789473684
CF,1.4,0.3673293108901918,0.703430914988529,0.0196078431372549
O=C1NC(C(F)F)c2c[nH]c3nccc(c23)-c2ccccc21,8.9,0.7242140372166255,0.7465352808819823,0.5789473684210527
FF,1.5,0.3741821364263268,0.6703027098603241,0.02
O=C1NC(C(F)F)c2c[nH]c3nccc(c23)-c2ccccc21,8.9,0.7242140372166255,0.7465352808819823,0.5789473684210527
FF,1.6,0.3741821364263268,0.6703027098603241,0.02
O=C1NC(CCF)c2c[nH]c3nccc(c23)-c2ccccc21,8.5,0.7612203892816717,0.7476276190993204,0.5689655172413793
CC(C1NC(=O)c2ccccc2-c2ccnc3[nH]cc1c23)C(F)[C@@H](N)CCO,8.0,0.5445528531414038,0.6446338965125639,0.4788732394366197
O=C1NC(C(F)F)c2c[nH]c3nccc(c23)-c2ccccc21,8.9,0.7242140372166255,0.7465352808819823,0.5789473684210527
O=C1NC(F)c2c[nH]c3nccc(c23)-c2ccccc21,8.5,0.6151531449738892,0.749910459004076,0.6111111111111112
N=C(O)CC(OC1NC(=O)c2ccccc2-c2ccnc3[nH]cc1c23)C1NC(=O)c2ccccc2-c2ccnc3[nH]cc1c23,11.1,0.1187004112837614,0.6075627087478881,0.4857142857142857
FC(F)F,2.6,0.401096477329913,0.8070008580847543,0.0192307692307692
FF,1.6,0.3741821364263268,0.6703027098603241,0.02
O=C1NC(F)c2c[nH]c3nccc(c23)-c2ccccc21,8.5,0.6151531449738892,0.749910459004076,0.6111111111111112
FC(F)F,2.6,0.401096477329913,0.8070008580847543,0.0192307692307692
O=C1NC(C(F)F)c2c[nH]c3nccc(c23)-c2ccccc21,8.8,0.7242140372166255,0.7465352808819823,0.5789473684210527
O=C(F)CC1NC(=O)c2ccccc2-c2ccnc3[nH]cc1c23,8.2,0.7147523497706583,0.7415925977647813,0.5666666666666667
O=C1NC(F)c2c[nH]c3nccc(c23)-c2ccccc21,8.5,0.6151531449738892,0.749910459004076,0.6111111111111112
O=C1NC(c2ccc(I)s2)c2c[nH]c3nccc(c23)-c2ccccc21,7.1,0.4064651777907854,0.7326021265151499,0.5737704918032787
O=C1NC(C(F)C(C(F)F)C2CCCC2)c2c[nH]c3nccc(c23)-c2ccccc21,8.9,0.5997406735131621,0.6549940732282863,0.5151515151515151
O=C1NC(F)c2c[nH]c3nccc(c23)-c2ccccc21,8.4,0.6151531449738892,0.749910459004076,0.6111111111111112
O=C1NC(C(F)n2nnc(C=c3[nH]c(=O)c4ccccc4c4ccnc5[nH]cc3c54)n2)c2c[nH]c3nccc(c23)-c2ccccc21,11.8,0.2341553251178625,0.6131493491741998,0.3837209302325581
CC(F)F,2.7,0.3991545211934837,0.8289720119309083,0.0185185185185185
O=C1NC(C(F)F)c2c[nH]c3nccc(c23)-c2ccccc21,8.9,0.7242140372166255,0.7465352808819823,0.5789473684210527
FC(F)F,2.6,0.401096477329913,0.8070008580847543,0.0192307692307692
O=C1NC(C(F)C2CC2)c2c[nH]c3nccc(c23)-c2ccccc21,9.1,0.7548096480351643,0.7047782207926586,0.5573770491803278
FF,1.6,0.3741821364263268,0.6703027098603241,0.02
FOC(F)F,3.2,0.4640517379650578,0.7276318114473691,0.0178571428571428
FC(F)F,2.6,0.401096477329913,0.8070008580847543,0.0192307692307692
COC(CF)C1NC(=O)c2ccccc2-c2ccnc3[nH]cc1c23,8.1,0.7777676986688878,0.700304642197341,0.5076923076923077
O=C1NC(C(F)C(c2cc(Cl)cs2)C2NC(=O)c3ccccc3-c3ccnc4[nH]cc2c34)c2c[nH]c3nccc(c23)-c2ccccc21,7.1,0.1539849825533272,0.5849243709802661,0.4722222222222222
O=C1NC(C(F)C2CC2)c2c[nH]c3nccc(c23)-c2ccccc21,9.1,0.7548096480351643,0.7047782207926586,0.5573770491803278
O=C1NC(C(F)F)c2c[nH]c3nccc(c23)-c2ccccc21,8.9,0.7242140372166255,0.7465352808819823,0.5789473684210527
O=C1NC(C(F)F)c2c[nH]c3nccc(c23)-c2ccccc21,6.4,0.7242140372166255,0.7465352808819823,0.5789473684210527
O=C1NC(C(F)F)c2c[nH]c3nccc(c23)-c2ccccc21,8.9,0.7242140372166255,0.7465352808819823,0.5789473684210527
O=C1NC(C(c2ccccc2)C2NC(=O)c3ccccc3-c3ccnc4[nH]cc2c34)c2c[nH]c3nccc(c23)-c2ccccc21,5.9,0.1817284654081065,0.6679442402954138,0.5333333333333333
FF,1.8,0.3741821364263268,0.6703027098603241,0.02
O=C1NC(c2ccc(C(F)F)cc2)c2c[nH]c3nccc(c23)-c2ccccc21,5.9,0.5179675244540881,0.7665747939001933,0.6
O=C1NC(C(F)C2CO2)c2c[nH]c3nccc(c23)-c2ccccc21,8.9,0.7125161823677352,0.6742036994415489,0.5396825396825397
O=C1NC(NF)c2c[nH]c3nccc(c23)-c2ccccc21,8.4,0.6003806882897398,0.7265199767070532,0.5892857142857143
O=C1NC(C(=O)C(F)C(F)CF)c2c[nH]c3nccc(c23)-c2ccccc21,8.6,0.7373990244649595,0.6473222763795976,0.5151515151515151
O=C1NC(c2ccc(C(F)C3NC(=O)c4ccccc4-c4ccnc5[nH]cc3c45)cc2)c2c[nH]c3nccc(c23)-c2ccccc21,11.4,0.1721953641741893,0.6388824210350311,0.5625
O=C1NC(c2ccc(F)o2)c2c[nH]c3nccc(c23)-c2ccccc21,8.3,0.556546112274851,0.7313960148186271,0.6271186440677966
O=C1NC(C(F)F)c2c[nH]c3nccc(c23)-c2ccccc21,6.5,0.7242140372166255,0.7465352808819823,0.5789473684210527
CC(F)C(On1cncn1)C1NC(=O)c2ccccc2-c2ccnc3[nH]cc1c23,8.4,0.5560393747425157,0.6355784288574422,0.44
O=C1NC(C(F)C2CC2)c2c[nH]c3nccc(c23)-c2ccccc21,6.1,0.7548096480351643,0.7047782207926586,0.5573770491803278
FF,1.5,0.3741821364263268,0.6703027098603241,0.02
O=C1NC(C(F)(F)F)c2c[nH]c3nccc(c23)-c2ccccc21,9.1,0.6656969774249647,0.7527981061025972,0.5789473684210527
O=C1NC(C(C2CC2)C(F)c2ccc(F)cc2)c2c[nH]c3nccc(c23)-c2ccccc21,6.5,0.424957657606886,0.682470272245945,0.5147058823529411
O=C1NC(C(F)F)c2c[nH]c3nccc(c23)-c2ccccc21,8.8,0.7242140372166255,0.7465352808819823,0.5789473684210527
CC(C(F)C(=O)O)C1NC(=O)c2ccccc2-c2ccnc3[nH]cc1c23,8.0,0.6742766611387971,0.6786432953862597,0.5230769230769231
O=C1NC(C(F)C2(F)CC2)c2c[nH]c3nccc(c23)-c2ccccc21,9.0,0.7448821266940117,0.6811635181746998,0.5396825396825397
O=C1NC(C(F)C(F)c2ccccc2F)c2c[nH]c3nccc(c23)-c2ccccc21,9.7,0.4903350925526183,0.6835529283266761,0.546875
O=C1NC(C(F)F)c2c[nH]c3nccc(c23)-c2ccccc21,8.8,0.7242140372166255,0.7465352808819823,0.5789473684210527
O=C1NC(CCNC(F)C2NC(=O)c3ccccc3-c3ccnc4[nH]cc2c34)c2c[nH]c3nccc(c23)-c2ccccc21,10.1,0.179141978448065,0.6250169907966376,0.5074626865671642
COC(=O)C1NC(=O)c2ccccc2-c2ccnc3[nH]cc1c23,8.4,0.6749607201449633,0.7655371199093035,0.55
O=C1NC(C(C(=O)O)C(C2CC2)C2NC(=O)c3ccccc3-c3ccnc4[nH]cc2c34)c2c[nH]c3nccc(c23)-c2ccccc21,6.2,0.1675590254624475,0.6024082100069512,0.5151515151515151
CC(F)C(F)CN1CCCCC1,5.3,0.6382607464669536,0.7463033009201135,0.0294117647058823
FC(F)CC1CCC1,4.7,0.5246752936270986,0.830097365007744,0.0655737704918032
O=C1NC(O)c2c[nH]c3nccc(c23)-c2ccccc21,8.2,0.5811638986819464,0.76614785953458,0.6111111111111112
O=C1NC(C(c2cccc(F)c2)C2NC(=O)c3ccccc3-c3ccnc4[nH]cc2c34)c2c[nH]c3nccc(c23)-c2ccccc21,6.1,0.1744488814951721,0.655839947464798,0.5714285714285714
FF,1.5,0.3741821364263268,0.6703027098603241,0.02
O=C1NC(C(F)C2CC2)c2c[nH]c3nccc(c23)-c2ccccc21,9.1,0.7548096480351643,0.7047782207926586,0.5573770491803278
CS(=O)(=O)C(OCC(=O)F)C1NC(=O)c2ccccc2-c2ccnc3[nH]cc1c23,7.8,0.6123839711573065,0.6702183864363069,0.4722222222222222
