SMILES,DS,QED,SA,SIM
CCN(C)C,3.0,0.4383084129119297,0.9051450981606556,0.1136363636363636
Cc1ccc2c(c1)CNC(=O)c1cccn1-2,7.6,0.7119436489699199,0.8303377948238011,0.6521739130434783
CCN(C)C,3.0,0.4383084129119297,0.9051450981606556,0.1136363636363636
Cc1ccc2c(c1)CNC(=O)c1cccn1-2,7.6,0.7119436489699199,0.8303377948238011,0.6521739130434783
CCN(C)C,2.9,0.4383084129119297,0.9051450981606556,0.1136363636363636
NC(=O)c1ccc2c(c1)CNC(=O)c1cccn1-2,8.4,0.7749949788864974,0.8273904428636434,0.5686274509803921
C=CCCc1ccc2c(c1)CNC(=O)c1cccn1-2,7.9,0.837337031748821,0.806524973641021,0.6470588235294118
CN(C(=O)c1ccc2c(c1)CNC(=O)c1cccn1-2)C(F)(F)F,9.0,0.8189949037061035,0.7818362401213445,0.5714285714285714
CN(C)CC(=O)Nc1ccc2c(c1)CNC(=O)c1cccn1-2,8.0,0.8952085599134443,0.8262475563975014,0.6181818181818182
CNCN(C)Cc1ccc2c(c1)CNC(=O)c1cccn1-2,7.2,0.8328572240704065,0.778919084909246,0.7755102040816326
CN(C)Cc1ccc2c(c1)CNC(=O)c1cccn1-2,7.1,0.8879035012540928,0.8211991202351676,1.0
Cc1ccc2c(c1)CNC(=O)c1cccn1-2,7.6,0.7119436489699199,0.8303377948238011,0.6521739130434783
Cc1ccc2c(c1)CNC(=O)c1cccn1-2,7.6,0.7119436489699199,0.8303377948238011,0.6521739130434783
CN(C)Cc1ccc2c(c1)CNC(=O)c1cccn1-2,7.2,0.8879035012540928,0.8211991202351676,1.0
Cc1ccc2c(c1)CNC(=O)c1cccn1-2,7.6,0.7119436489699199,0.8303377948238011,0.6521739130434783
CN(C)Cc1ccc2c(c1)CNC(=O)c1cccn1-2,7.3,0.8879035012540928,0.8211991202351676,1.0
CN(C)Cc1ccc2c(c1)CNC(=O)c1cccn1-2,7.1,0.8879035012540928,0.8211991202351676,1.0
CN(Cc1ccc2c(c1)CNC(=O)c1cccn1-2)CC1CCOC1,7.7,0.937219007183893,0.7529511298940741,0.6666666666666666
Cc1ccc2c(c1)CNC(=O)c1cccn1-2,7.6,0.7119436489699199,0.8303377948238011,0.6521739130434783
CN(C)Cc1ccc2c(c1)CNC(=O)c1cccn1-2,7.3,0.8879035012540928,0.8211991202351676,1.0
CN(C)Cc1ccc2c(c1)CNC(=O)c1cccn1-2,7.1,0.8879035012540928,0.8211991202351676,1.0
CN(c1cccc(Cl)c1)c1ccc2c(c1)CNC(=O)c1cccn1-2,9.8,0.7626732502585313,0.8148401306603437,0.5818181818181818
Cc1ccc2c(c1)CNC(=O)c1cccn1-2,7.6,0.7119436489699199,0.8303377948238011,0.6521739130434783
CC1CCCCC1N(C)C,5.1,0.5404480070029071,0.7910095354552512,0.074074074074074
CN(CCCO)CN(C)Cc1ccc2c(c1)CNC(=O)c1cccn1-2,7.6,0.7474518569282955,0.7768233428444637,0.7037037037037037
CN(C)Cc1ccc2c(c1)CNC(=O)c1cccn1-2,7.3,0.8879035012540928,0.8211991202351676,1.0
CN(C)Cc1ccc2c(c1)CNC(=O)c1cccn1-2,7.1,0.8879035012540928,0.8211991202351676,1.0
Cc1ccc2c(c1)CNC(=O)c1cccn1-2,7.6,0.7119436489699199,0.8303377948238011,0.6521739130434783
CCN(C)C,3.0,0.4383084129119297,0.9051450981606556,0.1136363636363636
Cc1ccc2c(c1)CNC(=O)c1cccn1-2,7.6,0.7119436489699199,0.8303377948238011,0.6521739130434783
CN(C)Cc1ccc2c(c1)CNC(=O)c1cccn1-2,7.2,0.8879035012540928,0.8211991202351676,1.0
CN(C)Cc1ccc2c(c1)CNC(=O)c1cccn1-2,7.4,0.8879035012540928,0.8211991202351676,1.0
Cc1ccc2c(c1)CNC(=O)c1cccn1-2,7.6,0.7119436489699199,0.8303377948238011,0.6521739130434783
CN(C)Cc1ccc2c(c1)CNC(=O)c1cccn1-2,7.1,0.8879035012540928,0.8211991202351676,1.0
CN(CC(=O)[O-])c1ccc2c(c1)CNC(=O)c1cccn1-2,8.1,0.8540419523948816,0.7559926616150263,0.6415094339622641
CCN(C)C,2.9,0.4383084129119297,0.9051450981606556,0.1136363636363636
CN(C)Cc1ccc2c(c1)CNC(=O)c1cccn1-2,7.2,0.8879035012540928,0.8211991202351676,1.0
CN(c1ccc2c(c1)CNC(=O)c1cccn1-2)C(Cl)I,7.3,0.476919292265179,0.7049035813989225,0.5925925925925926
CN(C)Cc1ccc2c(c1)CNC(=O)c1cccn1-2,7.4,0.8879035012540928,0.8211991202351676,1.0
CCN(C)C,2.9,0.4383084129119297,0.9051450981606556,0.1136363636363636
CN(C)Cc1ccc2c(c1)CNC(=O)c1cccn1-2,7.2,0.8879035012540928,0.8211991202351676,1.0
CN(C)Cc1ccc2c(c1)CNC(=O)c1cccn1-2,7.3,0.8879035012540928,0.8211991202351676,1.0
CN(C)Cc1ccc2c(c1)CNC(=O)c1cccn1-2,7.1,0.8879035012540928,0.8211991202351676,1.0
CN(CC(N)=O)Cc1ccc2c(c1)CNC(=O)c1cccn1-2,7.6,0.8689096126895012,0.8116569856778982,0.7450980392156863
CN(C)Cc1ccc2c(c1)CNC(=O)c1cccn1-2,7.3,0.8879035012540928,0.8211991202351676,1.0
CCN(C)C,3.0,0.4383084129119297,0.9051450981606556,0.1136363636363636
CCN(C)C,2.9,0.4383084129119297,0.9051450981606556,0.1136363636363636
CN(C)Cc1ccc2c(c1)CNC(=O)c1cccn1-2,7.3,0.8879035012540928,0.8211991202351676,1.0
CN(C)Cc1ccc2c(c1)CNC(=O)c1cccn1-2,7.3,0.8879035012540928,0.8211991202351676,1.0
CN(C)Cc1ccc2c(c1)CNC(=O)c1cccn1-2,7.3,0.8879035012540928,0.8211991202351676,1.0
CN(C)Cc1ccc2c(c1)CNC(=O)c1cccn1-2,7.3,0.8879035012540928,0.8211991202351676,1.0
CCN(C)C,2.6,0.4383084129119297,0.9051450981606556,0.1136363636363636
O=C1NCc2ccccc2-n2cccc21,6.8,0.6867479623439439,0.8424090240956021,0.5777777777777777
CN(c1ccc2c(c1)CNC(=O)c1cccn1-2)c1ccccc1-c1ccc2c(c1)CNC(=O)c1cccn1-2,12.6,0.3589882816659474,0.7544857010689393,0.5517241379310345
CN(C)CN(Cc1ccc2c(c1)CNC(=O)c1cccn1-2)c1ccccc1,9.0,0.7103180473143933,0.7980348536813769,0.75
CN(C)C(=O)c1ccc2c(c1)CNC(=O)c1cccn1-2,7.8,0.8509929436986344,0.8270798994131615,0.6274509803921569
CN(C)Cc1ccc2c(c1)CNC(=O)c1cccn1-2,7.3,0.8879035012540928,0.8211991202351676,1.0
CN(C)CN(C)C,3.0,0.4550820644502251,0.793200496419396,0.1136363636363636
CN(C)Cc1ccc2c(c1)CNC(=O)c1cccn1-2,7.3,0.8879035012540928,0.8211991202351676,1.0
CN(C)Cc1ccc2c(c1)CNC(=O)c1cccn1-2,7.3,0.8879035012540928,0.8211991202351676,1.0
Cc1ccc2c(c1)CNC(=O)c1cccn1-2,7.6,0.7119436489699199,0.8303377948238011,0.6521739130434783
O=C1NCc2cc(CNc3ccc4c(c3)CNC(=O)c3cccn3-4)ccc2-n2cccc21,10.2,0.4727476797959654,0.7735484406975964,0.6470588235294118
CC(=O)N(C)Cc1ccc2c(c1)CNC(=O)c1cccn1-2,8.5,0.9117431590104528,0.8154878376254564,0.7755102040816326
CCN(C)C,3.0,0.4383084129119297,0.9051450981606556,0.1136363636363636
CCN(C)C,2.9,0.4383084129119297,0.9051450981606556,0.1136363636363636
CN(C)Cc1ccc2c(c1)CNC(=O)c1cccn1-2,7.3,0.8879035012540928,0.8211991202351676,1.0
CN(C)Cc1ccc2c(c1)CNC(=O)c1cccn1-2,7.2,0.8879035012540928,0.8211991202351676,1.0
CCN(C)C,3.0,0.4383084129119297,0.9051450981606556,0.1136363636363636
Cc1ccc2c(c1)CNC(=O)c1cccn1-2,7.6,0.7119436489699199,0.8303377948238011,0.6521739130434783
O=C1NCc2ccccc2-n2cccc21,6.9,0.6867479623439439,0.8424090240956021,0.5777777777777777
CN(C)Cc1ccc2c(c1)CNC(=O)c1cccn1-2,7.3,0.8879035012540928,0.8211991202351676,1.0
CN(CCCO)Cc1ccc2c(c1)CNC(=O)c1cccn1-2,7.3,0.8802196244961805,0.812649785709408,0.7450980392156863
CCN(C)C,2.9,0.4383084129119297,0.9051450981606556,0.1136363636363636
CCN(C)C,2.7,0.4383084129119297,0.9051450981606556,0.1136363636363636
CCC(C)(C)CN(C)c1ccc2c(c1)CNC(=O)c1cccn1-2,7.8,0.9366255556596904,0.7810088820627364,0.6
CCN(C)C,2.6,0.4383084129119297,0.9051450981606556,0.1136363636363636
CN(C)Cc1ccc2c(c1)CNC(=O)c1cccn1-2,7.1,0.8879035012540928,0.8211991202351676,1.0
CN(C)C(=O)CC(=O)c1ccc2c(c1)CNC(=O)c1cccn1-2,8.1,0.6874646316789575,0.8052096032165826,0.6
CCN(C)C,3.0,0.4383084129119297,0.9051450981606556,0.1136363636363636
CN(C)CN(C)C,3.1,0.4550820644502251,0.793200496419396,0.1136363636363636
CN(C)Cc1ccc2c(c1)CNC(=O)c1cccn1-2,7.3,0.8879035012540928,0.8211991202351676,1.0
CN(C)Cc1ccc2c(c1)CNC(=O)c1cccn1-2,7.1,0.8879035012540928,0.8211991202351676,1.0
CCN(C)C,3.0,0.4383084129119297,0.9051450981606556,0.1136363636363636
CN(C)Cc1ccc2c(c1)CNC(=O)c1cccn1-2,7.1,0.8879035012540928,0.8211991202351676,1.0
CN(C)Cc1ccc2c(c1)CNC(=O)c1cccn1-2,7.3,0.8879035012540928,0.8211991202351676,1.0
CNCN(C)Cc1ccc2c(c1)CNC(=O)c1cccn1-2,7.5,0.8328572240704065,0.778919084909246,0.7755102040816326
CCN(C)C,3.0,0.4383084129119297,0.9051450981606556,0.1136363636363636
Cc1ccc2c(c1)CNC(=O)c1cccn1-2,7.6,0.7119436489699199,0.8303377948238011,0.6521739130434783
CN(C)Cc1ccc2c(c1)CNC(=O)c1cccn1-2,7.3,0.8879035012540928,0.8211991202351676,1.0
CN(C)Cc1ccc2c(c1)CNC(=O)c1cccn1-2,7.5,0.8879035012540928,0.8211991202351676,1.0
O=C1NCc2cc(Cn3c(=O)c3=O)ccc2-n2cccc21,8.5,0.680355771027954,0.8195976159826925,0.6875
Cc1ccc(Cc2ccc3c(c2)CNC(=O)c2cccn2-3)cc1,9.8,0.7705453499127267,0.8451425000305893,0.6938775510204082
CCN(C)C,2.9,0.4383084129119297,0.9051450981606556,0.1136363636363636
CN(C)Cc1ccc2c(c1)CNC(=O)c1cccn1-2,7.3,0.8879035012540928,0.8211991202351676,1.0
O=C1NCc2cc(CNc3ccc4c(c3)CNC(=O)c3cccn3-4)ccc2-n2cccc21,10.5,0.4727476797959654,0.7735484406975964,0.6470588235294118
CCCOCc1ccc2c(c1)CNC(=O)c1cccn1-2,7.8,0.8679213308010925,0.8216988933502587,0.6538461538461539
CN(C)Cc1ccc2c(c1)CNC(=O)c1cccn1-2,7.1,0.8879035012540928,0.8211991202351676,1.0
Cc1ccc2c(c1)CNC(=O)c1cccn1-2,7.6,0.7119436489699199,0.8303377948238011,0.6521739130434783
CN(C)Cc1ccc2c(c1)CNC(=O)c1cccn1-2,7.3,0.8879035012540928,0.8211991202351676,1.0
CN(C)Cc1ccc2c(c1)CNC(=O)c1cccn1-2,7.3,0.8879035012540928,0.8211991202351676,1.0
CC(N)=O,3.4,0.4010309227553837,0.9072547042386004,0.0425531914893617
O=Cc1ccc2c(c1)CNC(=O)c1cccn1-2,7.7,0.7496062106214338,0.8084251155359438,0.5918367346938775
O=C1NCc2cc(CCO)ccc2-n2cccc21,7.4,0.8325405555115643,0.8187949329436992,0.6875
CNCN(C)CCC1CC1Cc1ccc2c(c1)CNC(=O)c1cccn1-2,8.2,0.7525456470575742,0.6713012141198162,0.5901639344262295
C=CCCc1ccc2c(c1)CNC(=O)c1cccn1-2,7.9,0.837337031748821,0.806524973641021,0.6470588235294118
O=C1NCc2cc(CNCN(Cc3ccc4c(c3)CNC(=O)c3cccn3-4)c3ccccc3)ccc2-n2cccc21,11.2,0.2644935037857759,0.7438277783182418,0.631578947368421
NC(=O)c1ccc2c(c1)CNC(=O)c1cccn1-2,8.3,0.7749949788864974,0.8273904428636434,0.5686274509803921
CN(C)c1ccc2c(c1)CNC(=O)c1cccn1-2,7.3,0.8261028624191696,0.8154239270265394,0.6808510638297872
O=C1NCc2cc(Cn3cncn3)ccc2-n2cccc21,8.5,0.7700452157594785,0.8075678855709499,0.6
CC(N)=O,3.4,0.4010309227553837,0.9072547042386004,0.0425531914893617
CN(CC(N)COc1ccc2c(c1)CNC(=O)c1cccn1-2)c1ccc2c(c1)CNC(=O)c1cccn1-2,10.4,0.3805523785907035,0.6934837349936235,0.5409836065573771
O=C1NCc2cc(Nc3ccccc3)ccc2-n2cccc21,8.8,0.7585901529189539,0.8498294231659685,0.5576923076923077
CN(C)C(=O)c1ccc2c(c1)CNC(=O)c1cccn1-2,7.8,0.8509929436986344,0.8270798994131615,0.6274509803921569
O=C1NCc2ccccc2-n2cccc21,6.7,0.6867479623439439,0.8424090240956021,0.5777777777777777
Cc1ccc2c(c1)CNC(=O)c1cccn1-2,7.6,0.7119436489699199,0.8303377948238011,0.6521739130434783
C=CCCc1ccc2c(c1)CNC(=O)c1cccn1-2,7.9,0.837337031748821,0.806524973641021,0.6470588235294118
CNCc1ccc2c(c1)CNC(=O)c1cccn1-2,7.4,0.8354106133093315,0.819998187381569,0.7083333333333334
C=CCCC,3.6,0.4356038269849662,0.8300477339863686,0.0392156862745098
Cc1ccc2c(c1)CNC(=O)c1cccn1-2,7.6,0.7119436489699199,0.8303377948238011,0.6521739130434783
CN(F)CC(N)=O,3.6,0.4724201203824966,0.7442294556954141,0.0943396226415094
CN(CCCO)c1cccc(Cl)c1,5.4,0.8036294830436594,0.8962695149562843,0.1666666666666666
CN(C(N)=O)c1ccc2c(c1)CNC(=O)c1cccn1-2,7.9,0.8170530041789308,0.7957557235889854,0.6037735849056604
CN(C)CN(C)c1ccccc1,5.3,0.6265939269726165,0.868070207240621,0.2
CN(C=O)CCC(=O)Nc1ccc2c(c1)CNC(=O)c1cccn1-2,8.0,0.8082871676842901,0.7920842384706918,0.5409836065573771
CCC(=O)[O-],3.8,0.4051790062235931,0.7368150282305859,0.0612244897959183
O=CN(Cc1ccc2c(c1)CNC(=O)c1cccn1-2)C(=O)c1ccc2c(c1)CNC(=O)c1cccn1-2,11.4,0.4390571631505717,0.7362219253785022,0.6428571428571429
C=CCCC,3.6,0.4356038269849662,0.8300477339863686,0.0392156862745098
Cc1ccc2c(c1)CNC(=O)c1cccn1-2,7.6,0.7119436489699199,0.8303377948238011,0.6521739130434783
CCN(C)C(=O)c1ccc2c(c1)CNC(=O)c1cccn1-2,7.9,0.9136229592990452,0.819515999294296,0.6111111111111112
CN(C)c1ccc2c(c1)CNC(=O)c1cccn1-2,7.3,0.8261028624191696,0.8154239270265394,0.6808510638297872
CN(C(=O)c1ccc2c(c1)CNC(=O)c1cccn1-2)C(F)(F)c1ccc(Br)cc1F,9.6,0.5664222963315199,0.766950213023941,0.4705882352941176
CN(C)C(=O)c1ccc2c(c1)CNC(=O)c1cccn1-2,7.7,0.8509929436986344,0.8270798994131615,0.6274509803921569
CF,1.5,0.3673293108901918,0.703430914988529,0.0232558139534883
CN(C)c1ccc2c(c1)CNC(=O)c1cccn1-2,7.3,0.8261028624191696,0.8154239270265394,0.6808510638297872
CN(CNOc1ccc2c(c1)CNC(=O)c1cccn1-2)c1ccc(F)cc1,9.8,0.5385667658058707,0.7707441238983396,0.532258064516129
O=C1NCc2cc(CNc3ccc4c(c3)CNC(=O)c3cccn3-4)ccc2-n2cccc21,10.2,0.4727476797959654,0.7735484406975964,0.6470588235294118
O=C1NCc2cc(Cn3c(=O)c3=O)ccc2-n2cccc21,8.4,0.680355771027954,0.8195976159826925,0.6875
C[C@H]1CC[C@@H](C)[NH+](Cc2ccc3c(c2)CNC(=O)c2cccn2-3)C1,8.9,0.8702992094015963,0.5919047027860305,0.5862068965517241
CC(=O)N(C)CN(C)CC(N)=O,4.9,0.545185330876152,0.7880076897581036,0.1052631578947368
Cc1cccc(Cl)c1,5.7,0.5015016660067645,0.9647982974086764,0.1153846153846153
CN(C)N(C)c1ccc2c(c1)CNC(=O)c1cccn1-2,7.1,0.8433193009182136,0.7644864928197549,0.6530612244897959
CN(C)C(=O)c1ccc2c(c1)CNC(=O)c1cccn1-2,7.8,0.8509929436986344,0.8270798994131615,0.6274509803921569
CC,1.7,0.3727855551576051,0.805825786783401,0.0238095238095238
Cc1ccc2c(c1)CNC(=O)c1cccn1-2,7.6,0.7119436489699199,0.8303377948238011,0.6521739130434783
O=C1NCc2cc(NCl)ccc2-n2cccc21,7.4,0.7598415130073659,0.7808941893193033,0.58
CN(C)C(=O)c1ccc2c(c1)CNC(=O)c1cccn1-2,7.8,0.8509929436986344,0.8270798994131615,0.6274509803921569
O=C1NCc2cc(Cc3ccccc3Cl)ccc2-n2cccc21,9.5,0.7608997141392118,0.8383670694909797,0.6226415094339622
C=CCCc1ccc2c(c1)CNC(=O)c1cccn1-2,7.8,0.837337031748821,0.806524973641021,0.6470588235294118
CC(=O)N(CC(F)F)c1ccc2c(c1)CNC(=O)c1cccn1-2,8.2,0.9439361929072192,0.7728475839858134,0.5423728813559322
CN(C)CC(=O)C(=O)N(C)C,4.2,0.5050914791228529,0.804280874314553,0.1153846153846153
O=C1NCc2cc(CCCF)ccc2-n2cccc21,7.5,0.9018397372510792,0.8060972813333288,0.66
O=C([O-])c1ccc2c(c1)CNC(=O)c1cccn1-2,8.3,0.7681733833914559,0.7694966268757099,0.5686274509803921
O=C1NCc2cc(CONC(F)(F)F)ccc2-n2cccc21,8.0,0.6751843563346164,0.7622006581344739,0.6
CC(C)[C@H](Cc1ccc2c(c1)CNC(=O)c1cccn1-2)N(C)N(C)C,7.9,0.8510080248081235,0.7159145530205484,0.6666666666666666
CN(C(=O)c1ccccc1)C(=O)c1ccc2c(c1)CNC(=O)c1cccn1-2,11.0,0.7152244481200318,0.8234619727161883,0.5818181818181818
Cc1ccc(N(C)Cc2ccc3c(c2)CNC(=O)c2cccn2-3)cc1,9.6,0.795046416690995,0.8300573412795182,0.76
CN(C)CC(=O)N(C)CC1CCOC1,5.1,0.6422832281338744,0.7915024457116332,0.109375
CCc1ccc2c(c1)CNC(=O)c1cccn1-2,7.8,0.7949267772648932,0.8288238596489735,0.7555555555555555
Cc1ccc(-c2ccc3c(c2)CNC(=O)c2cccn2-3)cc1,9.7,0.7276590994947095,0.8516495415091637,0.6
CCN(C)CC1CCOC1,4.4,0.583543344576047,0.7937197291561253,0.1016949152542373
CN(Cc1ccc2c(c1)CNC(=O)c1cccn1-2)C(=O)C(F)(F)NC(=O)c1ccc2c(c1)CNC(=O)c1cccn1-2,11.7,0.326762233930678,0.7251520269536189,0.6229508196721312
CN(C)CCc1ccc2c(c1)CNC(=O)c1cccn1-2,7.6,0.9226790687180594,0.8212459732516036,0.7872340425531915
CN(C)CN(CCN)c1cccc(Oc2ccc3c(c2)CNC(=O)c2cccn2-3)c1,9.3,0.5914372481114205,0.7754115316436795,0.5230769230769231
Cc1ccc2c(c1)CNC(=O)c1cccn1-2,7.6,0.7119436489699199,0.8303377948238011,0.6521739130434783
CCn1c(=O)c1=O,4.0,0.4280215607449057,0.8951652023017489,0.125
C[C@H]1CCC[C@H](c2ccc3c(c2)CNC(=O)c2cccn2-3)C1,9.0,0.84673836766259,0.7334691080907542,0.5172413793103449
CCCN,3.2,0.4632709184547627,0.8880495760334723,0.0425531914893617
CNCNc1ccc2c(c1)CNC(=O)c1cccn1-2,7.2,0.7257054918275483,0.7868975610536084,0.5961538461538461
Cc1ccc2c(c1)CNC(=O)c1cccn1-2,7.6,0.7119436489699199,0.8303377948238011,0.6521739130434783
O=C1NCc2cc(-c3cccc4ccccc34)ccc2-n2cccc21,11.3,0.547807623829376,0.8483356792328564,0.5178571428571429
CCCCN(Cc1ccc2c(c1)CNC(=O)c1cccn1-2)C(=O)OCc1ccc2c(c1)CNC(=O)c1cccn1-2,9.9,0.3573729596318785,0.7520457423806268,0.6065573770491803
Cc1ccc(-c2ccc3c(c2)CNC(=O)c2cccn2-3)cc1,9.9,0.7276590994947095,0.8516495415091637,0.6
CC,1.7,0.3727855551576051,0.805825786783401,0.0238095238095238
CN1CN(c2ccc3c(c2)CNC(=O)c2cccn2-3)CCC1=O,9.0,0.8647833015841884,0.781472037657142,0.5172413793103449
O=C1NCc2cc(-c3ccc(Cl)cc3)ccc2-n2cccc21,9.5,0.7230084609125746,0.8499536280476252,0.5686274509803921
O=C1NCc2cc(-c3cccc(Cl)c3)ccc2-n2cccc21,9.6,0.7230084609125746,0.8440055511245484,0.5471698113207547
O=C1NCc2cc(Nc3ccc(Br)s3)ccc2-n2cccc21,8.4,0.7031599787537307,0.7844776665091638,0.4915254237288136
O=C1NCc2cc(Cl)ccc2-n2cccc21,7.4,0.743588071038977,0.8288264235863431,0.6170212765957447
CN(C)C(=O)c1ccc2c(c1)CNC(=O)c1cccn1-2,7.8,0.8509929436986344,0.8270798994131615,0.6274509803921569
Cc1ccc2c(c1)CNC(=O)c1cccn1-2,7.6,0.7119436489699199,0.8303377948238011,0.6521739130434783
CCC(C)(C)CN(C)C,3.7,0.5629730515155975,0.8412983643875255,0.0980392156862745
CCCOCc1ccc2c(c1)CNC(=O)c1cccn1-2,7.7,0.8679213308010925,0.8216988933502587,0.6538461538461539
CCc1ccc2c(c1)CNC(=O)c1cccn1-2,7.8,0.7949267772648932,0.8288238596489735,0.7555555555555555
Cc1ccc2c(c1)CNC(=O)c1cccn1-2,7.6,0.7119436489699199,0.8303377948238011,0.6521739130434783
O=Cc1ccc2c(c1)CNC(=O)c1cccn1-2,7.6,0.7496062106214338,0.8084251155359438,0.5918367346938775
O=C1NCc2ccccc2-n2cccc21,7.1,0.6867479623439439,0.8424090240956021,0.5777777777777777
CC,1.7,0.3727855551576051,0.805825786783401,0.0238095238095238
CN(C=O)Cc1ccc2c(c1)CNC(=O)c1cccn1-2,7.3,0.8541216423899304,0.7825946912003217,0.7916666666666666
CCC1CC(CN(C)C(N)=O)C1,5.3,0.6839888129083556,0.8222816517101299,0.1
CN(CNCc1ccc2c(c1)CNC(=O)c1cccn1-2)CN(C)Cc1ccc2c(c1)CNC(=O)c1cccn1-2,10.1,0.3094463135347975,0.7196211105852901,0.7037037037037037
CCCCN(C)CNC,3.7,0.5560860702868409,0.810028084667246,0.0909090909090909
CCCOCN(C)C,3.6,0.4010128688170168,0.8256028595132386,0.0961538461538461
Cc1ccc2c(c1)CNC(=O)c1cccn1-2,7.6,0.7119436489699199,0.8303377948238011,0.6521739130434783
CC(=O)NCC(=O)CC(=O)c1ccc2c(c1)CNC(=O)c1cccn1-2,8.3,0.6271531184505394,0.7964281532453303,0.5166666666666667
CN(C)CC(=O)[O-],3.5,0.4170586480836482,0.7277652023017489,0.12
Cc1ccc2c(c1)CNC(=O)c1cccn1-2,7.6,0.7119436489699199,0.8303377948238011,0.6521739130434783
O=C1NCc2ccccc2-n2cccc21,7.0,0.6867479623439439,0.8424090240956021,0.5777777777777777
Cc1ccc2c(c1)CNC(=O)c1cccn1-2,7.6,0.7119436489699199,0.8303377948238011,0.6521739130434783
C=CCCc1ccc2c(c1)CNC(=O)c1cccn1-2,7.9,0.837337031748821,0.806524973641021,0.6470588235294118
CCn1cccc1-c1ccc2c(c1)CNC(=O)c1cccn1-2,8.5,0.7734075008340175,0.8002223780476252,0.5961538461538461
CC(=O)c1ccc2c(c1)CNC(=O)c1cccn1-2,8.3,0.7741391654251827,0.8304474564383041,0.6
O=C1NCc2cc(CC3CC3CCNC3CCC3)ccc2-n2cccc21,9.0,0.8391984304981263,0.7061851763330416,0.532258064516129
O=C1NCc2cc(N3CCCC3)ccc2-n2cccc21,8.1,0.8606810448606338,0.8305419361052828,0.5686274509803921
Cc1ccc2c(c1)CNC(=O)c1cccn1-2,7.6,0.7119436489699199,0.8303377948238011,0.6521739130434783
CNCN(C)N(C)C(=O)c1ccccc1,6.1,0.5852402310013809,0.8243628617213911,0.1694915254237288
CCN(C)C,2.9,0.4383084129119297,0.9051450981606556,0.1136363636363636
O=C1NCc2cc(-c3ccc(Cl)cc3)ccc2-n2cccc21,9.5,0.7230084609125746,0.8499536280476252,0.5686274509803921
CC(C)N(C)C(=O)c1ccc2c(c1)CNC(=O)c1cccn1-2,8.4,0.9236487173499696,0.8155146108660364,0.5818181818181818
CCCOc1ccc2c(c1)CNC(=O)c1cccn1-2,7.2,0.9165663901125128,0.8340055330815803,0.5961538461538461
O=C1NCc2cc(Cc3ccco3)ccc2-n2cccc21,8.7,0.7831721719157357,0.8139301684493618,0.6226415094339622
Nc1ccc2c(c1)CNC(=O)c1cccn1-2,7.0,0.6479288649430625,0.8149779286030652,0.6170212765957447
CCCC(=O)Nc1ccc2c(c1)CNC(=O)c1cccn1-2,8.2,0.9085461612646074,0.8370244695246307,0.543859649122807
O=C1NCc2cc(C[O-])ccc2-n2cccc21,7.5,0.7744175297233341,0.7611387733067444,0.717391304347826
Cc1nnc(Cc2ccc3c(c2)CNC(=O)c2cccn2-3)o1,8.8,0.7843274667043658,0.7988608395860868,0.6071428571428571
C=CCCc1ccc2c(c1)CNC(=O)c1cccn1-2,7.8,0.837337031748821,0.806524973641021,0.6470588235294118
CC,1.7,0.3727855551576051,0.805825786783401,0.0238095238095238
CN(C)C(F)(F)F,3.9,0.4245066484497682,0.8294223365400596,0.0638297872340425
O=C1NCc2cc(COCCc3ccccc3Cl)ccc2-n2cccc21,9.5,0.6897003303235607,0.8268682033749329,0.55
CNN(C(Cc1ccc2c(c1)CNC(=O)c1cccn1-2)C(C)C)N(C)C(N)=O,9.0,0.6601104674857549,0.6877102979023638,0.5625
Nc1ccc2c(c1)CNC(=O)c1cccn1-2,7.0,0.6479288649430625,0.8149779286030652,0.6170212765957447
OCCCONC(F)(F)F,4.8,0.3543662837967534,0.7470855864772111,0.0166666666666666
CN(C)c1ccc2c(c1)CNC(=O)c1cccn1-2,7.4,0.8261028624191696,0.8154239270265394,0.6808510638297872
CN(c1ccccc1)c1ccc2c(c1)CNC(=O)c1cccn1-2,9.1,0.7866434397234612,0.8260235562877651,0.6274509803921569
CCc1ccc2c(c1)CNC(=O)c1cccn1-2,7.7,0.7949267772648932,0.8288238596489735,0.7555555555555555
CC(=O)N(C)CCCN(C)C=O,5.0,0.5451565566488443,0.7966841330997081,0.0847457627118644
C=CCc1ccc2c(c1)CNC(=O)c1cccn1-2,7.5,0.8010808306251092,0.8040813234762436,0.673469387755102
CNC(=O)c1nc(-c2ccc3c(c2)CNC(=O)c2cccn2-3)ccc1Cl,9.6,0.7318626940447069,0.8105812463774497,0.4615384615384615
CCC(=O)c1ccc2c(c1)CNC(=O)c1cccn1-2,7.9,0.8360242406303395,0.8227959863320338,0.5961538461538461
O=C1NCc2cc(N3CCCCCC3)ccc2-n2cccc21,8.5,0.8775183264410159,0.8335212574854951,0.5576923076923077
O=C1NCc2cc(N3CCCCC3)ccc2-n2cccc21,8.3,0.8723825083917198,0.8322743371838531,0.5576923076923077
O=C1NCc2cc(-c3cccc(Cl)c3)ccc2-n2cccc21,9.6,0.7230084609125746,0.8440055511245484,0.5471698113207547
CC(=O)c1ccc2c(c1)CNC(=O)c1cccn1-2,8.4,0.7741391654251827,0.8304474564383041,0.6
Cc1ccc2c(c1)CNC(=O)c1cccn1-2,7.6,0.7119436489699199,0.8303377948238011,0.6521739130434783
CC(=O)c1ccc2c(c1)CNC(=O)c1cccn1-2,8.4,0.7741391654251827,0.8304474564383041,0.6
C=Cc1ccc2c(c1)CNC(=O)c1cccn1-2,7.7,0.7923490004118104,0.8010307670273096,0.58
O=C1NCc2cc(-c3ccccn3)ccc2-n2cccc21,9.1,0.7420077809058084,0.83479518085631,0.5370370370370371
O=C1NCc2cc(CCl)ccc2-n2cccc21,7.3,0.7709514609583561,0.8112772348452059,0.717391304347826
CN,1.9,0.3846582089034356,0.7782360431936574,0.0232558139534883
C=CCCc1ccc2c(c1)CNC(=O)c1cccn1-2,7.9,0.837337031748821,0.806524973641021,0.6470588235294118
O=C1NCc2cc(-c3cc(Cl)c(Cl)cn3)ccc2-n2cccc21,9.3,0.7227959321575893,0.8076359071210114,0.5
O=C(Nc1ccc2c(c1)CNC(=O)c1cccn1-2)c1ccccc1,10.2,0.7630633920867415,0.8607007995566646,0.5087719298245614
CN(CCO)CCCO,3.4,0.5206026319121415,0.8616492385133997,0.0961538461538461
CN(C=O)c1ccc(Br)s1,5.2,0.6986426615778151,0.7423039735032906,0.1206896551724138
CNCN(C)F,3.3,0.380140160324997,0.6540928450622214,0.0784313725490196
O=C1CN(c2ccc3c(c2)CNC(=O)c2cccn2-3)c2cccc1c2,10.2,0.7464302919109916,0.7202622700113255,0.5087719298245614
Cc1ccc2c(c1)CNC(=O)c1cccn1-2,7.6,0.7119436489699199,0.8303377948238011,0.6521739130434783
Cc1ccc2c(c1)CNC(=O)c1cccn1-2,7.6,0.7119436489699199,0.8303377948238011,0.6521739130434783
CCn1cccc1C,4.9,0.5180532496926971,0.8518843113946905,0.1764705882352941
O=C1NCc2cc(N3CCCC3)ccc2-n2cccc21,8.4,0.8606810448606338,0.8305419361052828,0.5686274509803921
C=CCc1ccc(Br)s1,5.0,0.6469732317092944,0.809418084667246,0.0677966101694915
CN(C)CCC(=O)N(CC(N)=O)Cc1ccc2c(c1)CNC(=O)c1cccn1-2,8.1,0.7264539355092531,0.7949131656489217,0.6610169491525424
CCCc1ccc2c(c1)CNC(=O)c1cccn1-2,7.6,0.8599845896757723,0.8294970039496165,0.723404255319149
NC(=O)c1ccc2c(c1)CNC(=O)c1cccn1-2,8.4,0.7749949788864974,0.8273904428636434,0.5686274509803921
Cc1ccc2c(c1)CNC(=O)c1cccn1-2,7.6,0.7119436489699199,0.8303377948238011,0.6521739130434783
C=CNC,2.8,0.4575914336389829,0.7159008580847543,0.0204081632653061
C[C@H](Cc1ccc2c(c1)CNC(=O)c1cccn1-2)c1ccc[nH]1,9.3,0.7653717061373285,0.7282246820983581,0.6181818181818182
O=C1NCc2cc(Cc3ccc(Cl)cc3)ccc2-n2cccc21,9.2,0.7608997141392118,0.8435225229927019,0.66
O=C1NCc2cc(Cn3c(=O)c3=O)ccc2-n2cccc21,8.0,0.680355771027954,0.8195976159826925,0.6875
CCNC(=O)c1ccc2c(c1)CNC(=O)c1cccn1-2,8.2,0.866873171949832,0.8343301837779195,0.5636363636363636
CC(=O)c1ccc2c(c1)CNC(=O)c1cccn1-2,8.4,0.7741391654251827,0.8304474564383041,0.6
Cc1ccc2c(c1)CNC(=O)c1cccn1-2,7.6,0.7119436489699199,0.8303377948238011,0.6521739130434783
C=CCCC,3.6,0.4356038269849662,0.8300477339863686,0.0392156862745098
CC(=O)CCC(=O)c1ccc(CN(C)CCC2CC2Cc2ccc3c(c2)CNC(=O)c2cccn2-3)cc1,9.0,0.3797338203053358,0.6999143731905292,0.5285714285714286
CCc1ccc2c(c1)CNC(=O)c1cccn1-2,7.8,0.7949267772648932,0.8288238596489735,0.7555555555555555
CCC(C)(C)CNc1ccc2c(c1)CNC(=O)c1cccn1-2,7.8,0.9059786002529006,0.793973610988072,0.5535714285714286
O=C(NC(F)(F)CCc1ccc2c(c1)CNC(=O)c1cccn1-2)c1ccc2c(c1)CNC(=O)c1cccn1-2,11.2,0.3537510980812187,0.7339069971709693,0.5409836065573771
CC(=O)N(C)N,4.4,0.2425350675304815,0.823410478198316,0.0816326530612244
CCl,1.5,0.3573626606013345,0.7727334790910932,0.0232558139534883
CN(Cc1ccc2c(c1)CNC(=O)c1cccn1-2)c1ccc(Cl)cc1,9.6,0.7737371369305894,0.8285498626470397,0.7450980392156863
CCC(C)(C)CN(C)CN(C)C,4.1,0.5841826527038023,0.7672589718093855,0.1111111111111111
CC,1.7,0.3727855551576051,0.805825786783401,0.0238095238095238
CCNC(=O)NCN(C)Cc1ccc2c(c1)CNC(=O)c1cccn1-2,8.3,0.7200831654104892,0.7821262680882339,0.6785714285714286
Cc1ccc2c(c1)CNC(=O)c1cccn1-2,7.6,0.7119436489699199,0.8303377948238011,0.6521739130434783
C=CCCN(C)CCC(C=C)COC,4.5,0.5260062954254989,0.702368437614467,0.0769230769230769
O=C1NCc2cc(NCCCn3cnnc3)ccc2-n2cccc21,7.4,0.7025367976278342,0.7827593261005433,0.4918032786885246
O=C1NCc2cc(-c3ccccc3)ccc2-n2cccc21,9.8,0.7248435192283111,0.8565974141069302,0.5918367346938775
N#CCc1ccc2c(c1)CNC(=O)c1cccn1-2,7.6,0.8215683973265134,0.8013842820561252,0.673469387755102
CNCc1ccc2c(c1)CNC(=O)c1cccn1-2,7.3,0.8354106133093315,0.819998187381569,0.7083333333333334
CN(C)CCc1ccc2c(c1)CNC(=O)c1cccn1-2,7.7,0.9226790687180594,0.8212459732516036,0.7872340425531915
CNC(=O)CN(C)c1ccc2c(c1)CNC(=O)c1cccn1-2,8.0,0.8847025871224132,0.8007349013106525,0.5892857142857143
CN(Cc1ccccc1)c1ccc2c(c1)CNC(=O)c1cccn1-2,9.6,0.8041259632567539,0.8346983819742471,0.6862745098039216
O=C1NCc2cc(NC3CCCC(SCCO)C3)ccc2-n2cccc21,8.5,0.7552730795809254,0.7018716135800049,0.4347826086956521
C=CCCc1ccc2c(c1)CNC(=O)c1cccn1-2,7.8,0.837337031748821,0.806524973641021,0.6470588235294118
O=C1NCc2cc(-c3ccc([C@H]4CCCC45CCCC5)cc3)ccc2-n2cccc21,10.5,0.5484144494775803,0.6942204204373876,0.4677419354838709
Cc1ccc2c(c1)CNC(=O)c1cccn1-2,7.6,0.7119436489699199,0.8303377948238011,0.6521739130434783
CN(C)c1ccc2c(c1)CNC(=O)c1cccn1-2,7.2,0.8261028624191696,0.8154239270265394,0.6808510638297872
CN(C=O)C(=O)Cc1ccc2c(c1)CNC(=O)c1cccn1-2,8.6,0.8548527022634652,0.7792726184322406,0.6666666666666666
CC(=O)Nc1ccc2c(c1)CNC(=O)c1cccn1-2,7.7,0.8139563843849477,0.8350569549930024,0.5769230769230769
CC(=O)c1ccc2c(c1)CNC(=O)c1cccn1-2,8.3,0.7741391654251827,0.8304474564383041,0.6
CNC,2.4,0.3986709398154768,0.8648825512627797,0.0227272727272727
Brc1ccc(Nc2ccccc2)s1,6.2,0.844042322273267,0.8772402077138192,0.0666666666666666
CN(C(=O)O)c1ccc2c(c1)CNC(=O)c1cccn1-2,8.3,0.8306175883357612,0.8001886906219526,0.6153846153846154
CCCC(=O)NCC1CCOC1,5.4,0.6832831924321365,0.8285429543769178,0.0597014925373134
CN(CCc1ccc2c(c1)CNC(=O)c1cccn1-2)CCC1CC1,8.0,0.8871918216551462,0.8058414684529855,0.6545454545454545
CC(=O)N(C)CCn1cncn1,4.9,0.6253554182302793,0.8314175265879403,0.1111111111111111
CN(C)C(=O)Cc1ccc2c(c1)CNC(=O)c1cccn1-2,8.3,0.904296021337606,0.8184375116802153,0.72
CN(C=O)CCC(=O)C(C)(CN(C)c1ccc2c(c1)CNC(=O)c1cccn1-2)N(C)C,8.0,0.6167337317130146,0.6699226057469541,0.4925373134328358
O=C1NCc2cc(-c3ccccc3)ccc2-n2cccc21,9.8,0.7248435192283111,0.8565974141069302,0.5918367346938775
CN(C)Cc1ccc2c(c1)CNC(=O)c1cccn1-2,7.3,0.8879035012540928,0.8211991202351676,1.0
O=C1NCc2ccccc2-n2cccc21,7.0,0.6867479623439439,0.8424090240956021,0.5777777777777777
CC(C)=O,3.1,0.3982369618339747,0.9272297042386004,0.0444444444444444
CC(C)=O,3.1,0.3982369618339747,0.9272297042386004,0.0444444444444444
C=CCC1CC1,4.2,0.44664570356579,0.8313474604468367,0.0377358490566037
CN1CCC(=O)N(C)C1,4.2,0.4484169760698896,0.8048498795390407,0.1111111111111111
O=C1NCc2cc(-c3ccccc3)ccc2-n2cccc21,9.8,0.7248435192283111,0.8565974141069302,0.5918367346938775
NC(=O)c1ccc2c(c1)CNC(=O)c1cccn1-2,8.4,0.7749949788864974,0.8273904428636434,0.5686274509803921
Cc1ccc2c(c1)CNC(=O)c1cccn1-2,7.6,0.7119436489699199,0.8303377948238011,0.6521739130434783
CN(C)C(=O)N(C)C(=O)O,5.4,0.5334831033383832,0.8102499848993019,0.0769230769230769
Cc1ccc2c(c1)CNC(=O)c1cccn1-2,7.6,0.7119436489699199,0.8303377948238011,0.6521739130434783
Clc1ccc(CC2CC2)cc1,6.3,0.6327221242982187,0.9488878038247084,0.1296296296296296
CN(C)C(=O)c1ccc2c(c1)CNC(=O)c1cccn1-2,7.8,0.8509929436986344,0.8270798994131615,0.6274509803921569
CN(CC(=O)CC1CC1c1ccccc1)c1ccc2c(c1)CNC(=O)c1cccn1-2,9.8,0.6835697182996616,0.7072207470362624,0.5
CN(C(=O)c1ccc2c(c1)CNC(=O)c1cccn1-2)c1ccc[nH]1,9.2,0.7606181743187512,0.773639684729463,0.5517241379310345
CC(=O)N(C)C,3.8,0.4099068828368629,0.8908874012752394,0.0851063829787234
O=C1NCc2cc([NH+]3Cc4ccc3cc4)ccc2-n2cccc21,9.3,0.7095817904461493,0.5407948605105015,0.5370370370370371
O=C1NCc2cc(CNCc3ccc4c(c3)CNC(=O)c3cccn3-4)ccc2-n2cccc21,10.2,0.4591879379201269,0.7721059513395868,0.7021276595744681
C=CCc1ccc2c(c1)CNC(=O)c1cccn1-2,7.6,0.8010808306251092,0.8040813234762436,0.673469387755102
CCCl,2.3,0.3719855472548231,0.8465184486986771,0.0444444444444444
O=C1NCc2cc(C(=O)N3CCOCC3)ccc2-n2cccc21,8.8,0.8603825320546923,0.83109565732106,0.5
O=CCOCc1ccc2c(c1)CNC(=O)c1cccn1-2,7.6,0.6751838174456255,0.7912577792919033,0.6226415094339622
CNCN(C)NC(=O)c1ccccc1,6.4,0.5384807597896696,0.8459509408402555,0.15
O=C1NCc2cc(-c3ccc4ccccc4c3)ccc2-n2cccc21,11.3,0.547807623829376,0.8482755960727731,0.5576923076923077
CN1CN(c2ccc3c(c2)CNC(=O)c2cccn2-3)CCC1=O,9.0,0.8647833015841884,0.781472037657142,0.5172413793103449
N#CCn1cncn1,4.5,0.5002902040039926,0.7790228945506649,0.0508474576271186
O=C1NCc2cc(-c3ccc(Cl)cc3)ccc2-n2cccc21,9.5,0.7230084609125746,0.8499536280476252,0.5686274509803921
CC(CN(C)N(C)C)c1cccc(-c2ccc3c(c2)CNC(=O)c2cccn2-3)c1,9.9,0.6741676194381012,0.7302056827244463,0.55
CN(CCCNC=O)c1ccc2c(c1)CNC(=O)c1cccn1-2,7.8,0.6238839906408575,0.7799489607340652,0.559322033898305
CCc1ccc2c(c1)CNC(=O)c1cccn1-2,7.9,0.7949267772648932,0.8288238596489735,0.7555555555555555
Cc1ccc2c(c1)CNC(=O)c1cccn1-2,7.6,0.7119436489699199,0.8303377948238011,0.6521739130434783
CNC(=O)c1ccc2c(c1)CNC(=O)c1cccn1-2,7.8,0.8006040066258869,0.8307509720870194,0.5660377358490566
C=CCCC=O,4.0,0.284608459946855,0.7766176527545291,0.0384615384615384
O=C1NCc2cc(CCNCC3CCOC3)ccc2-n2cccc21,7.6,0.8256171287934598,0.7548559031489882,0.5238095238095238
C=CCOc1ccc2c(c1)CNC(=O)c1cccn1-2,7.3,0.8539046511656286,0.8142290295850769,0.5555555555555556
N#Cc1ccc2c(c1)CNC(=O)c1cccn1-2,7.2,0.7369313440376677,0.8111981139660851,0.58
CN(C)CCC(=O)N(CC(N)=O)CC(=O)N(C)C,5.5,0.5919237325186594,0.8450573718425929,0.0967741935483871
CNC(C)=O,3.4,0.4207171469569102,0.8985115317270894,0.0408163265306122
CCCOc1ccc2c(c1)CNC(=O)c1cccn1-2,7.2,0.9165663901125128,0.8340055330815803,0.5961538461538461
Cc1ccc2c(c1)CNC(=O)c1cccn1-2,7.6,0.7119436489699199,0.8303377948238011,0.6521739130434783
CCO,2.5,0.4068079656553945,0.8910825512627797,0.0444444444444444
CCc1ccc2c(c1)CNC(=O)c1cccn1-2,7.8,0.7949267772648932,0.8288238596489735,0.7555555555555555
O=C1NCc2cc(-c3ccc(Cl)cc3)ccc2-n2cccc21,9.4,0.7230084609125746,0.8499536280476252,0.5686274509803921
C=CCCCc1ccc2c(c1)CNC(=O)c1cccn1-2,7.8,0.6687886678298386,0.8089678588675001,0.6226415094339622
CN1CCCC1,3.6,0.4185231772324535,0.922124157279416,0.0851063829787234
CN(C)CC(=O)Nc1ccc2c(c1)CNC(=O)c1cccn1-2,8.0,0.8952085599134443,0.8262475563975014,0.6181818181818182
CCCCOCNCc1ccc2c(c1)CNC(=O)c1cccn1-2,7.7,0.6100646894157664,0.7981668398698546,0.5862068965517241
CN(CC(C=O)(c1ccccc1)N(C)C)c1ccc2c(c1)CNC(=O)c1cccn1-2,9.2,0.6444811791417472,0.7037928708354357,0.532258064516129
CC[C@@H](O)c1ccc2c(c1)CNC(=O)c1cccn1-2,8.1,0.8648051961644256,0.7632292633523899,0.5849056603773585
CN(C=O)CCC(=O)NCc1ccc2c(c1)CNC(=O)c1cccn1-2,8.2,0.7637205748212059,0.7889338520535643,0.6
O=C1NCc2ccccc2-n2cccc21,6.7,0.6867479623439439,0.8424090240956021,0.5777777777777777
CN(C(N)=O)N(N)C(CCc1ccc2c(c1)CNC(=O)c1cccn1-2)Cc1ccc2c(c1)CNC(=O)c1cccn1-2,11.3,0.2056632538774976,0.6598627254374708,0.5714285714285714
CCC[C@H](CN)c1ccc2c(c1)CNC(=O)c1cccn1-2,8.1,0.9056488075274386,0.748082931730172,0.543859649122807
O=C1NCc2cc(-c3cccc(F)c3)ccc2-n2cccc21,10.1,0.7312345899701416,0.8428091568937792,0.5471698113207547
O=C(Nc1ccc2c(c1)CNC(=O)c1cccn1-2)Oc1ccccc1Br,9.6,0.6661376030877629,0.8244745353587386,0.453125
Cc1ccc(Cl)cc1,5.4,0.5015016660067645,0.9962374582478372,0.08
CN(C)C(=O)c1ccc2c(c1)CNC(=O)c1cccn1-2,7.8,0.8509929436986344,0.8270798994131615,0.6274509803921569
CN(CCO)Cc1ccc2c(c1)CNC(=O)c1cccn1-2,7.2,0.8856262330045608,0.8126870336271949,0.7755102040816326
CN(C=O)CCC(=O)c1ccccc1,6.5,0.5200725940491284,0.8722243136213206,0.1694915254237288
O=C1NCc2cc(-c3ccccc3)ccc2-n2cccc21,9.7,0.7248435192283111,0.8565974141069302,0.5918367346938775
NC1CCCC(C(=O)Cc2ccc3c(c2)CNC(=O)c2cccn2-3)C1,9.5,0.9024130238922234,0.7186000114935874,0.5573770491803278
CCc1ccccc1Cl,5.9,0.5628991883514108,0.9564353154364768,0.1346153846153846
CCCOCC,3.6,0.474106795831282,0.9166234219852984,0.0392156862745098
CCCOc1ccc2c(c1)CNC(=O)c1cccn1-2,7.3,0.9165663901125128,0.8340055330815803,0.5961538461538461
COC(=O)c1ccc2c(c1)CNC(=O)c1cccn1-2,8.1,0.7866065865856456,0.836000829636877,0.5660377358490566
CC(=O)c1cccc(Cl)c1,6.5,0.5685292666854166,0.9582578196571364,0.125
CCCc1ccc2c(c1)CNC(=O)c1cccn1-2,7.6,0.8599845896757723,0.8294970039496165,0.723404255319149
CF,1.5,0.3673293108901918,0.703430914988529,0.0232558139534883
O=c1c(=O)n1-c1ccccc1,5.6,0.5353848306939256,0.9427738087874872,0.14
CC(C)=O,3.1,0.3982369618339747,0.9272297042386004,0.0444444444444444
CC(=O)c1ccc2c(c1)CNC(=O)c1cccn1-2,8.3,0.7741391654251827,0.8304474564383041,0.6
CCn1cccc1-c1ccc2c(c1)CNC(=O)c1cccn1-2,8.5,0.7734075008340175,0.8002223780476252,0.5961538461538461
O=C1NCc2cc(CC3CCCC3)ccc2-n2cccc21,9.1,0.8978689948694304,0.8249738409059376,0.6470588235294118
Cc1ncsc1CN(C)CCCO,4.6,0.7772358330741326,0.8312943012810707,0.125
CN(C(=O)c1ccc2c(c1)CNC(=O)c1cccn1-2)C(F)(C#N)OC(F)F,8.6,0.65261780674174,0.6848231543644491,0.4776119402985074
O=C1NCc2cc(Cc3ccco3)ccc2-n2cccc21,8.1,0.7831721719157357,0.8139301684493618,0.6226415094339622
CCC,2.5,0.3854706587740357,0.916115884596113,0.0465116279069767
O=C1NCc2cc(C(=O)N(C(=O)c3ccccc3)C3CC3CCCCCO)ccc2-n2cccc21,9.3,0.3845229902861715,0.6966287208663169,0.4366197183098591
CC,1.7,0.3727855551576051,0.805825786783401,0.0238095238095238
O=C1NCc2cc(-c3ccccc3)ccc2-n2cccc21,9.8,0.7248435192283111,0.8565974141069302,0.5918367346938775
CCc1ccc2c(c1)CNC(=O)c1cccn1-2,7.8,0.7949267772648932,0.8288238596489735,0.7555555555555555
CNc1cccc(Cl)c1,5.3,0.6334389825044998,0.9348734692826304,0.109090909090909
C=CCC(=O)N(C)C,4.2,0.4813723337577931,0.8220871085974876,0.0925925925925925
CCNC(=O)Nc1ccc2c(c1)CNC(=O)c1cccn1-2,8.1,0.7871057005669886,0.8304426746528358,0.543859649122807
CCC1CC1CCN(C)CNC,4.7,0.6081772303059911,0.6738613428781555,0.0983606557377049
O=Cc1ccc2c(c1)CNC(=O)c1cccn1-2,7.6,0.7496062106214338,0.8084251155359438,0.5918367346938775
O=C1NCc2cc(Cc3ccccc3F)ccc2-n2cccc21,9.5,0.7728562293736362,0.8376398593876504,0.6226415094339622
CC,1.7,0.3727855551576051,0.805825786783401,0.0238095238095238
CC(=O)Cc1ccc2c(c1)CNC(=O)c1cccn1-2,7.8,0.888837071874148,0.8166874393234868,0.6938775510204082
NC(=O)c1ccc2c(c1)CNC(=O)c1cccn1-2,8.4,0.7749949788864974,0.8273904428636434,0.5686274509803921
O=C(NC(=O)c1ccc2c(c1)CNC(=O)c1cccn1-2)c1ccccc1,10.2,0.6995027623153762,0.8472800738202769,0.5178571428571429
Cc1ccc2c(c1)CNC(=O)c1cccn1-2,7.6,0.7119436489699199,0.8303377948238011,0.6521739130434783
Cc1ccc(Oc2ccccc2)cc1,6.6,0.6895968599236015,0.9792971957110884,0.0925925925925925
CCn1cccc1C,4.8,0.5180532496926971,0.8518843113946905,0.1764705882352941
CCc1ccc(Cl)cc1,5.8,0.5628991883514108,0.9812507000518612,0.14
CCC1CC1,3.7,0.4410497751190364,0.92167495292128,0.0612244897959183
CN(C)Cc1ccc2c(c1)CNC(=O)c1cccn1-2,7.2,0.8879035012540928,0.8211991202351676,1.0
CC1CCCC(Cn2cccc2)C1,7.0,0.6528142490319072,0.759598071360187,0.1166666666666666
CC(=O)c1ccc2c(c1)CNC(=O)c1cccn1-2,8.4,0.7741391654251827,0.8304474564383041,0.6
O=C1NCc2cc(OC3CCCCC3)ccc2-n2cccc21,9.0,0.9223227474813762,0.8240410207991046,0.5178571428571429
CCc1ccc2c(c1)CNC(=O)c1cccn1-2,7.8,0.7949267772648932,0.8288238596489735,0.7555555555555555
CC(=O)NCc1ccc2c(c1)CNC(=O)c1cccn1-2,8.2,0.8642732196195267,0.828685109553898,0.6538461538461539
CCNc1ccccc1,5.2,0.6315618337185989,0.9644851852589618,0.1153846153846153
Clc1ccc(-c2ccco2)cc1,6.4,0.650509970702341,0.9357027080731218,0.0689655172413793
Nc1ccc2c(c1)CNC(=O)c1cccn1-2,7.0,0.6479288649430625,0.8149779286030652,0.6170212765957447
O=CCCNc1ccc2c(c1)CNC(=O)c1cccn1-2,7.5,0.6559600159831435,0.7941540657640519,0.5357142857142857
C=Cc1ccc2c(c1)CNC(=O)c1cccn1-2,7.8,0.7923490004118104,0.8010307670273096,0.58
CN1CCCC1,3.6,0.4185231772324535,0.922124157279416,0.0851063829787234
CC,1.7,0.3727855551576051,0.805825786783401,0.0238095238095238
O=C1NCc2cc(CCO)ccc2-n2cccc21,7.5,0.8325405555115643,0.8187949329436992,0.6875
O=C1NCc2cc(N3CCCCCC3)ccc2-n2cccc21,8.6,0.8775183264410159,0.8335212574854951,0.5576923076923077
Cc1ccc2c(c1)CNC(=O)c1cccn1-2,7.6,0.7119436489699199,0.8303377948238011,0.6521739130434783
CC(N)Oc1ccc2c(c1)CNC(=O)c1cccn1-2,7.5,0.799021122354239,0.7496913716144982,0.5555555555555556
O=C1NCc2cc(CC3(C(=O)c4ccc5c(c4)CNC(=O)c4cccn4-5)CC3)ccc2-n2cccc21,11.3,0.4374738779776523,0.740857132479094,0.5789473684210527
CN(C)C(=O)NCC(=O)CC=O,4.8,0.4552488347841134,0.7858136616356882,0.0833333333333333
O=C1NCc2cc(-c3ccco3)ccc2-n2cccc21,8.7,0.7341331719713781,0.8205012581391811,0.5370370370370371
CNC(=O)Cc1ccc2c(c1)CNC(=O)c1cccn1-2,7.9,0.854342661305277,0.8210241109034254,0.6538461538461539
CCCCNc1ccc2c(c1)CNC(=O)c1cccn1-2,7.6,0.8382776454730639,0.8279047288940252,0.5636363636363636
O=C1NCc2cc(-c3cccc(Nc4ccc[nH]4)c3)ccc2-n2cccc21,10.4,0.5086045022725353,0.7981699572316729,0.4754098360655737
C=Cc1ccc2c(c1)CNC(=O)c1cccn1-2,7.7,0.7923490004118104,0.8010307670273096,0.58
O=C1NCc2cc(Cc3cccc4ccccc34)ccc2-n2cccc21,11.4,0.5749752560316307,0.8419383595345626,0.6
CN(C=O)Nc1ccc2c(c1)CNC(=O)c1cccn1-2,7.7,0.6489163048696501,0.750843814007339,0.5925925925925926
CN(C=O)c1ccc2c(c1)CNC(=O)c1cccn1-2,8.0,0.8226215555284894,0.7766019692380167,0.6274509803921569
CN(C)C(=O)c1ccc2c(c1)CNC(=O)c1cccn1-2,7.8,0.8509929436986344,0.8270798994131615,0.6274509803921569
CC(=O)N(C)C,3.9,0.4099068828368629,0.8908874012752394,0.0851063829787234
CC(CN(CCc1ccc2c(c1)CNC(=O)c1cccn1-2)C1CCCCCCC1=O)c1ccccc1,11.1,0.4717307626304299,0.7033707264275484,0.4929577464788732
CCn1cccc1C,4.8,0.5180532496926971,0.8518843113946905,0.1764705882352941
Cc1ccccc1Cc1ccc2c(c1)CNC(=O)c1cccn1-2,10.6,0.7705453499127267,0.8393771728204862,0.6666666666666666
Brc1ccco1,4.2,0.54669005287924,0.7830146550169726,0.0769230769230769
Cc1ccc2c(c1)CNC(=O)c1cccn1-2,7.6,0.7119436489699199,0.8303377948238011,0.6521739130434783
CC(=O)c1ccc2c(c1)CNC(=O)c1cccn1-2,8.4,0.7741391654251827,0.8304474564383041,0.6
CN(C)C(=O)CC(=O)[O-],4.2,0.4148238272382926,0.7488885741777352,0.0943396226415094
O=C1NCc2cc(C3CCCCC3)ccc2-n2cccc21,9.9,0.8474067768104725,0.8251480344543247,0.5471698113207547
O=C1NCc2cc(-c3ccc[nH]3)ccc2-n2cccc21,8.6,0.6965123925632981,0.7979630573569126,0.5576923076923077
CC(F)(C#N)OC(F)F,3.9,0.5793326868774188,0.6440804629567033,0.0169491525423728
CNCN(C)CCC1CC1CO,4.8,0.5583669874410265,0.6678702006870132,0.0967741935483871
O=C1NCc2cc(Cn3c(=O)c3=O)ccc2-n2cccc21,8.4,0.680355771027954,0.8195976159826925,0.6875
O=C1NCc2cc(C(=O)N3CCOCC3)ccc2-n2cccc21,8.8,0.8603825320546923,0.83109565732106,0.5
CCCOCC,3.4,0.474106795831282,0.9166234219852984,0.0392156862745098
CN(CCc1cc(O)ccc1N)c1ccc2c(c1)CNC(=O)c1cccn1-2,10.0,0.492169130166898,0.7912589757131914,0.5238095238095238
O=C1NCc2cc(Cc3ccc(Cc4ccc5c(c4)CNC(=O)c4cccn4-5)c(I)c3)ccc2-n2cccc21,11.4,0.2581798215846455,0.7455719376188372,0.6226415094339622
CN(C)Cc1ccc2c(c1)CNC(=O)c1cccn1-2,7.3,0.8879035012540928,0.8211991202351676,1.0
CC(=O)N(C)c1ccccc1,6.4,0.5944047579099423,0.9327425267362054,0.1509433962264151
CCCC(=O)c1ccc2c(c1)CNC(=O)c1cccn1-2,8.1,0.8700853036656965,0.825404677705045,0.5740740740740741
CC(N)=O,3.3,0.4010309227553837,0.9072547042386004,0.0425531914893617
Cc1ccccc1,5.3,0.4588062796575454,1.0,0.1063829787234042
CC(=O)c1ccc2c(c1)CNC(=O)c1cccn1-2,8.3,0.7741391654251827,0.8304474564383041,0.6
CCNc1ccc2c(c1)CNC(=O)c1cccn1-2,7.1,0.8459229757826413,0.8203937495117464,0.6078431372549019
CCC(=O)c1ccc2c(c1)CNC(=O)c1cccn1-2,8.1,0.8360242406303395,0.8227959863320338,0.5961538461538461
CC(=O)C(C)(CN(C)c1ccc2c(c1)CNC(=O)c1cccn1-2)N(C)C,8.5,0.8930324628651444,0.7046812142490037,0.559322033898305
O=CN(Cc1cccs1)c1ccc2c(c1)CNC(=O)c1cccn1-2,8.2,0.7443493115011213,0.7705959643918294,0.55
CN(C(=O)O)c1ccc2c(c1)CNC(=O)c1cccn1-2,8.3,0.8306175883357612,0.8001886906219526,0.6153846153846154
O=C1NCc2cc(-c3ccccc3)ccc2-n2cccc21,9.8,0.7248435192283111,0.8565974141069302,0.5918367346938775
O=CCO,3.1,0.401210923420449,0.775555558939455,0.0416666666666666
CC(=O)N(C)CCCNC=O,4.7,0.4369881649712727,0.8187792729784688,0.081967213114754
O=C1NCc2cc(C3CN(c4ccc5c(c4)CNC(=O)c4cccn4-5)C(=O)NC3=O)ccc2-n2cccc21,11.0,0.3874446948651553,0.6817980711683885,0.4754098360655737
CCC(C)(CNc1ccc2c(c1)CNC(=O)c1cccn1-2)C(C)N(C)C(=O)c1ccc2c(c1)CNC(=O)c1cccn1-2,9.7,0.3018548778409052,0.6419740315113037,0.4714285714285714
NC(=O)c1ccc2c(c1)CNC(=O)c1cccn1-2,8.3,0.7749949788864974,0.8273904428636434,0.5686274509803921
COC(=O)c1ccc2c(c1)CNC(=O)c1cccn1-2,8.0,0.7866065865856456,0.836000829636877,0.5660377358490566
CC(=O)c1ccc2c(c1)CNC(=O)c1cccn1-2,8.3,0.7741391654251827,0.8304474564383041,0.6
O=C1NCc2cc(N(CC3CC3)C(=O)O)ccc2-n2cccc21,8.1,0.914737263286836,0.7937733717077068,0.5344827586206896
O=C1NCc2cc(N3CCOCC3)ccc2-n2cccc21,8.3,0.8636706260436354,0.8242775629903049,0.5370370370370371
CCCOCC=O,3.3,0.3837817784295385,0.8117371003727182,0.0545454545454545
O=C1NCc2cc(CNc3ccccc3)ccc2-n2cccc21,8.8,0.7793572488493689,0.8487984465423745,0.6346153846153846
C[NH+](C)Cc1ccc2c(c1)CNC(=O)c1cccn1-2,7.3,0.8001214363681739,0.7078991202351675,0.7083333333333334
O=C1NCc2cc(C3CC3)ccc2-n2cccc21,8.2,0.813728434214047,0.8196771814644092,0.58
NCc1ccc2c(c1)CNC(=O)c1cccn1-2,7.5,0.7681448913402795,0.8176386163208732,0.717391304347826
O=C1NCc2cc(-c3ccccc3)ccc2-n2cccc21,9.8,0.7248435192283111,0.8565974141069302,0.5918367346938775
CCCc1ccccc1Cl,6.1,0.6134622638131896,0.955962255961573,0.109090909090909
O=C(Br)Nc1ccc2c(c1)CNC(=O)c1cccn1-2,7.7,0.6266674912250214,0.7856045333405807,0.5370370370370371
CCN(C)C(=O)C(=O)N(C)C,4.4,0.4850051182095657,0.8288689085025871,0.0943396226415094
O=C1NCc2cc(-c3ccccc3)ccc2-n2cccc21,9.8,0.7248435192283111,0.8565974141069302,0.5918367346938775
CCc1ccc(Cl)cc1,5.8,0.5628991883514108,0.9812507000518612,0.14
Cc1ccc2c(c1)CNC(=O)c1cccn1-2,7.6,0.7119436489699199,0.8303377948238011,0.6521739130434783
CCn1c(=O)c1=O,4.3,0.4280215607449057,0.8951652023017489,0.125
COCCCN(C)C(=O)c1ccc2c(c1)CNC(=O)c1cccn1-2,7.4,0.8523277286002332,0.8187177226335878,0.5409836065573771
O=C1NCc2cc(CCc3ccccc3)ccc2-n2cccc21,9.8,0.789107342578331,0.8514712972211075,0.6875
CNCN(C)c1ccccc1,5.4,0.6532651129824997,0.8590858187130456,0.1698113207547169
N#CC(F)(NCC1CCOC1)OC(F)F,5.0,0.5587508164948355,0.6403911114643321,0.0266666666666666
O=C1NCc2cc(-c3ccccc3)ccc2-n2cccc21,9.7,0.7248435192283111,0.8565974141069302,0.5918367346938775
Cc1ccccc1,5.2,0.4588062796575454,1.0,0.1063829787234042
O=C1CC(=O)N(c2ccc3c(c2)CNC(=O)c2cccn2-3)N1,9.6,0.7512032129604137,0.7707565012161235,0.5272727272727272
Cc1ccc2c(c1)CNC(=O)c1cccn1-2,7.6,0.7119436489699199,0.8303377948238011,0.6521739130434783
CC(=O)c1ccc2c(c1)CNC(=O)c1cccn1-2,8.4,0.7741391654251827,0.8304474564383041,0.6
C=CCC1CC1,4.0,0.44664570356579,0.8313474604468367,0.0377358490566037
CC,1.7,0.3727855551576051,0.805825786783401,0.0238095238095238
CC(=O)N(Cc1ccc2c(c1)CNC(=O)c1cccn1-2)c1ccc(Cl)cc1,9.5,0.7492804570692161,0.8216955391497547,0.6491228070175439
CC(C)CN(C)C(=O)CN,4.3,0.608497278817041,0.8501223438736607,0.087719298245614
C=CCCC(=O)CC(=O)c1ccc2c(c1)CNC(=O)c1cccn1-2,7.6,0.5050104635950812,0.7910539217286104,0.4838709677419355
Cc1ccc(-c2ccc3c(c2)CNC(=O)c2cccn2-3)cc1,9.9,0.7276590994947095,0.8516495415091637,0.6
O=C1NCc2cc(CF)ccc2-n2cccc21,7.4,0.8001510767035491,0.8018285692251117,0.717391304347826
CCCOc1ccc2c(c1)CNC(=O)c1cccn1-2,7.2,0.9165663901125128,0.8340055330815803,0.5961538461538461
CN(C)CCc1ccco1,4.6,0.6287375027607138,0.8811298383791555,0.1636363636363636
O=C1NCc2cc([C@@H]3CC[C@H](O)C3)ccc2-n2cccc21,9.2,0.8432971770552399,0.725454991076797,0.5087719298245614
O=C1NCc2ccccc2-n2cccc21,6.9,0.6867479623439439,0.8424090240956021,0.5777777777777777
O=C1NCc2cc(Sc3ccccc3)ccc2-n2cccc21,9.1,0.7795569183955122,0.8290014941718857,0.5576923076923077
C=Cc1ccc2c(c1)CNC(=O)c1cccn1-2,7.7,0.7923490004118104,0.8010307670273096,0.58
O=C1NCc2cc(CC3CC3)ccc2-n2cccc21,7.8,0.875666995195161,0.820977001613049,0.673469387755102
NCCCc1ccc2c(c1)CNC(=O)c1cccn1-2,7.9,0.87505739745479,0.8198681904242378,0.66
[CH2-]COC(F)(C=O)N(C)C=O,4.2,0.2421547310922217,0.5580222709930287,0.1
CC=O,2.5,0.355007613393232,0.7732261410063693,0.0444444444444444
CNN(NC(N)=O)C(Cc1ccc2c(c1)CNC(=O)c1cccn1-2)c1ccc2c(c1)CNC(=O)c1cccn1-2,10.8,0.2459192069479978,0.6587091293404765,0.546875
O=C1NCc2cc([O-])ccc2-n2cccc21,7.2,0.7031249866437966,0.7376036811114264,0.6170212765957447
NCCC(=O)c1ccc2c(c1)CNC(=O)c1cccn1-2,8.0,0.8232578028436854,0.812362302536354,0.5555555555555556
Cc1cccc(F)c1,5.6,0.4796017536231644,0.9625773183876974,0.1153846153846153
Cc1ccc2c(c1)CNC(=O)c1cccn1-2,7.6,0.7119436489699199,0.8303377948238011,0.6521739130434783
CN(CCc1ccccc1)C(=O)Cc1ccc2c(c1)CNC(=O)c1cccn1-2,9.0,0.7475823711288985,0.8313505387221922,0.6206896551724138
Cc1ccccc1,5.3,0.4588062796575454,1.0,0.1063829787234042
O=C1NCc2cc(COCOc3ccc4c(c3)CNC(=O)c3cccn3-4)ccc2-n2cccc21,10.1,0.3579225186442299,0.760859741867528,0.6111111111111112
Cc1ccccc1Br,5.7,0.5624635581750883,0.9574010946114736,0.0980392156862745
COCl,2.4,0.4061744574075714,0.7625851153653438,0.0217391304347826
O=C(NCc1cc2ccc1[nH]c2=O)c1ccc[nH]1,7.1,0.6444471875506872,0.7418644440519166,0.1428571428571428
CC(=O)c1ccc2c(c1)CNC(=O)c1cccn1-2,8.3,0.7741391654251827,0.8304474564383041,0.6
O=C1NCc2cc(CC(c3ccc[nH]3)c3ccc(O)o3)ccc2-n2cccc21,9.5,0.5097567416588187,0.6882717827589706,0.515625
Cc1ccc(-c2ccc3c(c2)CNC(=O)c2cccn2-3)cc1,9.8,0.7276590994947095,0.8516495415091637,0.6
CN(C=O)CCC(=O)F,4.3,0.3983452105571096,0.718903837175607,0.1071428571428571
O=C(Nc1ccc2c(c1)CNC(=O)c1cccn1-2)c1cccc(-c2ccc3c(c2)CNC(=O)c2cccn2-3)n1,11.2,0.3371890626315991,0.7649923154865834,0.4393939393939394
O=CN[O-],3.3,0.3188716926461377,0.6067435931274895,0.0416666666666666
CCc1ccc2c(c1)CNC(=O)c1cccn1-2,7.9,0.7949267772648932,0.8288238596489735,0.7555555555555555
O=C1NCc2cc(C3CC3)ccc2-n2cccc21,7.8,0.813728434214047,0.8196771814644092,0.58
O=C(O)c1ccc2c(c1)CNC(=O)c1cccn1-2,8.1,0.7939803539954232,0.8330181955031608,0.58
CCCc1ccccc1Cl,6.1,0.6134622638131896,0.955962255961573,0.109090909090909
CCc1ccc2c(c1)CNC(=O)c1cccn1-2,7.8,0.7949267772648932,0.8288238596489735,0.7555555555555555
CC(C)(C)CC(=O)N(C=O)C(=O)c1ccccc1,7.1,0.7696494283124463,0.8362059783085907,0.125
CC(=O)C1CCCCC1,6.0,0.5258376678255964,0.9094759308210918,0.0555555555555555
O=C1NCc2cc(C(=O)C3CCCCC3)ccc2-n2cccc21,9.6,0.863518179938179,0.8266437629467777,0.5087719298245614
CC(=O)N(C)C(C)C,4.1,0.4963284345646879,0.8610263798525484,0.0769230769230769
CN(C)c1ccc2c(c1)CNC(=O)c1cccn1-2,7.3,0.8261028624191696,0.8154239270265394,0.6808510638297872
CCNC(C)=O,4.0,0.4840386825774435,0.8968169476263239,0.0576923076923076
O=C1NCc2cc(NCCC3CC3)ccc2-n2cccc21,7.8,0.9048236767639554,0.8168100895330377,0.5263157894736842
CCCCOC,3.7,0.474106795831282,0.9464416912160676,0.0384615384615384
C=CN(C)C(=O)c1ccc2c(c1)CNC(=O)c1cccn1-2,8.0,0.9142426893886252,0.7736395977297589,0.5714285714285714
CCNC(=O)O,4.3,0.4842096088385924,0.8667933578827343,0.0576923076923076
O=C1NCc2ccccc2-n2cccc21,7.0,0.6867479623439439,0.8424090240956021,0.5777777777777777
CN(C(N)=O)c1ccc2c(c1)CNC(=O)c1cccn1-2,7.9,0.8170530041789308,0.7957557235889854,0.6037735849056604
O=C1NCc2ccccc2-n2cccc21,7.0,0.6867479623439439,0.8424090240956021,0.5777777777777777
CC(N)OCN(C)C,3.8,0.5226607136835516,0.6903478784953366,0.0943396226415094
CCC,2.5,0.3854706587740357,0.916115884596113,0.0465116279069767
O=C1NCc2cc(CCc3cnc(-c4ccc5c(c4)CNC(=O)c4cccn4-5)o3)ccc2-n2cccc21,11.3,0.3958151845430536,0.74297759973919,0.5409836065573771
O=C1NCc2cc(-c3ncccn3)ccc2-n2cccc21,8.9,0.7407515623384783,0.8205708632384439,0.5686274509803921
CN(C)Cc1ccc2c(c1)CNC(=O)c1cccn1-2,7.3,0.8879035012540928,0.8211991202351676,1.0
O=CNC(=O)Nc1ccc(-c2ccc3c(c2)CNC(=O)c2cccn2-3)cc1,10.7,0.627162063535983,0.8112938280403513,0.4677419354838709
CN(O)C=O,3.3,0.2582289203597207,0.7445702729858306,0.0833333333333333
CNCNCc1ccc2c(c1)CNC(=O)c1cccn1-2,7.5,0.5733812481683138,0.7884949145704179,0.6666666666666666
CN(CC1CC1)c1ccc(Cl)cc1,5.8,0.7163212762294993,0.9090135320503016,0.1578947368421052
O=C1NCc2cc(Br)ccc2-n2cccc21,7.2,0.7882961632876027,0.8203618750913595,0.6170212765957447
C=Cc1ccc2c(c1)CNC(=O)c1cccn1-2,7.7,0.7923490004118104,0.8010307670273096,0.58
C[C@H](C=O)CCc1ccc2c(c1)CNC(=O)c1cccn1-2,8.5,0.8759068833820134,0.7465621624994028,0.6296296296296297
CCC(C)(C)CNC,3.9,0.5893332548891843,0.8153009547513338,0.037037037037037
CC(=O)C(CN(C)c1ccc2c(c1)CNC(=O)c1cccn1-2)(c1ccc(CCCN(C)C=O)s1)N(C)C,8.4,0.3920676792922546,0.6513114164130118,0.4230769230769231
CN(C(=O)c1ccc2c(c1)CNC(=O)c1cccn1-2)C(F)F,8.6,0.8630644735428316,0.7844956953553175,0.5714285714285714
Cc1ccc2c(c1)CNC(=O)c1cccn1-2,7.6,0.7119436489699199,0.8303377948238011,0.6521739130434783
N#Cc1ccc2c(c1)CNC(=O)c1cccn1-2,7.2,0.7369313440376677,0.8111981139660851,0.58
CCc1ccc(-c2ccc3c(c2)CNC(=O)c2cccn2-3)cc1,9.9,0.7638709411482081,0.8484596068044126,0.66
C=Cc1ccc2c(c1)CNC(=O)c1cccn1-2,7.7,0.7923490004118104,0.8010307670273096,0.58
O=C1NCc2cc(Cc3ccccc3)ccc2-n2cccc21,9.8,0.7709746888566265,0.8505517900298738,0.6875
CN(C)C(=O)Cl,3.9,0.3328698464971609,0.8437856261273102,0.0833333333333333
NCc1ccc2c(c1)CNC(=O)c1cccn1-2,7.5,0.7681448913402795,0.8176386163208732,0.717391304347826
O=C1NCc2cc(Cc3ccc(F)cc3)ccc2-n2cccc21,9.7,0.7728562293736362,0.8429296412475815,0.66
O=C1NCc2cc(C3(C(F)F)CCCC3)ccc2-n2cccc21,9.1,0.8982586065413166,0.7606680749531793,0.5087719298245614
CC(=O)CONC(F)(F)F,4.6,0.4816089831943168,0.7249888054121223,0.0508474576271186
CN(C(=O)C1CCOC1)C(N)O,4.9,0.5109597205878283,0.7032400287755913,0.0769230769230769
Cc1ccc2c(c1)CNC(=O)c1cccn1-2,7.6,0.7119436489699199,0.8303377948238011,0.6521739130434783
CC1(C)CCCN1c1ccc2c(c1)CNC(=O)c1cccn1-2,8.4,0.8775257442730487,0.7864524719120942,0.5263157894736842
CCNc1ccc2c(c1)CNC(=O)c1cccn1-2,7.2,0.8459229757826413,0.8203937495117464,0.6078431372549019
O=Cc1ccc2c(c1)CNC(=O)c1cccn1-2,7.6,0.7496062106214338,0.8084251155359438,0.5918367346938775
CN(C)C,2.3,0.3844627806876072,0.9033450888539852,0.0714285714285714
O=C1NCc2cc(-c3ccccc3)ccc2-n2cccc21,9.5,0.7248435192283111,0.8565974141069302,0.5918367346938775
CN(C)C,2.3,0.3844627806876072,0.9033450888539852,0.0714285714285714
NCc1ccc2c(c1)CNC(=O)c1cccn1-2,7.5,0.7681448913402795,0.8176386163208732,0.717391304347826
Cc1ccc2c(c1)CNC(=O)c1cccn1-2,7.6,0.7119436489699199,0.8303377948238011,0.6521739130434783
CC(N)=O,3.3,0.4010309227553837,0.9072547042386004,0.0425531914893617
Cc1ccc2c(c1)CNC(=O)c1cccn1-2,7.6,0.7119436489699199,0.8303377948238011,0.6521739130434783
NC(=O)C(Oc1ccc2c(c1)CNC(=O)c1cccn1-2)c1ccccc1,10.0,0.7593243792291391,0.7742736129488953,0.4754098360655737
CCNC(=O)C(=O)CCN(C)C=O,4.8,0.4346610989144632,0.7803864330055552,0.0967741935483871
C=CCCNc1ccc2c(c1)CNC(=O)c1cccn1-2,7.4,0.660634941843121,0.7982527395041049,0.5263157894736842
CCc1ccc2c(c1)CNC(=O)c1cccn1-2,7.8,0.7949267772648932,0.8288238596489735,0.7555555555555555
CCc1ccc2c(c1)CNC(=O)c1cccn1-2,7.7,0.7949267772648932,0.8288238596489735,0.7555555555555555
CCCCNc1ccc2c(c1)CNC(=O)c1cccn1-2,7.4,0.8382776454730639,0.8279047288940252,0.5636363636363636
CNC(=O)Cc1ccc2c(c1)CNC(=O)c1cccn1-2,7.8,0.854342661305277,0.8210241109034254,0.6538461538461539
COc1ccc2c(c1)CNC(=O)c1cccn1-2,7.3,0.8073535720733661,0.837557611611297,0.6122448979591837
CN(C)C(F)(F)F,3.9,0.4245066484497682,0.8294223365400596,0.0638297872340425
CCC(=O)C(CN(C)c1ccc2c(c1)CNC(=O)c1cccn1-2)(c1ccccc1)N(C)C,9.0,0.6224147596955291,0.711669208776933,0.5076923076923077
O=C1NCc2cc(Nc3ccc(Cl)s3)ccc2-n2cccc21,8.6,0.7405703876799942,0.7916632434322407,0.4915254237288136
CC(N)OCOCCCCc1ccc2c(c1)CNC(=O)c1cccn1-2,7.5,0.5695431858346892,0.7347490940833503,0.5483870967741935
Fc1ccccc1,4.9,0.4618403302914614,1.0,0.0833333333333333
CNC(F)(F)F,4.0,0.4411531612835372,0.8095986438787894,0.0204081632653061
O=C1NCc2cc(CCO)ccc2-n2cccc21,7.3,0.8325405555115643,0.8187949329436992,0.6875
CN(NC(=O)c1ccc2c(c1)CNC(=O)c1cccn1-2)c1ccccc1,9.6,0.7163174023661605,0.8178630481792513,0.5423728813559322
CN(C)c1ccc2c(c1)CNC(=O)c1cccn1-2,7.4,0.8261028624191696,0.8154239270265394,0.6808510638297872
O=C1NCc2cc(Nc3ccccc3)ccc2-n2cccc21,9.1,0.7585901529189539,0.8498294231659685,0.5576923076923077
O=CCN(Cc1ccc2c(c1)CNC(=O)c1cccn1-2)C(=O)Cc1ccc2c(c1)CNC(=O)c1cccn1-2,10.8,0.3914502767147386,0.7429303781936163,0.6428571428571429
CC(=O)c1ccc2c(c1)CNC(=O)c1cccn1-2,8.4,0.7741391654251827,0.8304474564383041,0.6
CN(Cl)c1ccc2c(c1)CNC(=O)c1cccn1-2,7.5,0.8001971271274234,0.7648830522150764,0.6530612244897959
CC(=O)NCc1ccc2c(c1)CNC(=O)c1cccn1-2,8.2,0.8642732196195267,0.828685109553898,0.6538461538461539
CCN(C)CN(C)C=O,3.7,0.3943353907598328,0.7262035027274466,0.1132075471698113
CCC(=O)N(C)C,4.2,0.4702758105811192,0.8813959715325181,0.1
CN(C)C(=O)O,4.2,0.4610377122831501,0.8847797089675468,0.0851063829787234
CN(C)C,2.2,0.3844627806876072,0.9033450888539852,0.0714285714285714
CCCN(C)C,3.3,0.4845702325749548,0.899348229677606,0.1063829787234042
CN(c1ccc(-c2ccc3c(c2)CNC(=O)c2cccn2-3)cc1)S(N)(=O)=O,9.6,0.7251611556564528,0.8044851495393652,0.5614035087719298
O=C1NCc2cc(-c3ccccc3)ccc2-n2cccc21,9.7,0.7248435192283111,0.8565974141069302,0.5918367346938775
O=C(COCCc1ccccc1Cl)N1CCOCC1,7.5,0.7731382815627341,0.8906656729417202,0.1111111111111111
CCNC,2.9,0.4555245536226073,0.853958977742874,0.0425531914893617
O=C1NCc2cc(-c3ccc(Cl)cc3)ccc2-n2cccc21,9.3,0.7230084609125746,0.8499536280476252,0.5686274509803921
NC(c1ccc2c(c1)CNC(=O)c1cccn1-2)C(F)(F)F,9.0,0.8476724424625489,0.7419195983968386,0.5272727272727272
CN(C(=O)O)c1ccc2c(c1)CNC(=O)c1cccn1-2,7.7,0.8306175883357612,0.8001886906219526,0.6153846153846154
CC(=O)N(C(=O)c1ccccc1)C1(c2ccccc2)ON1C,8.2,0.815973532485071,0.747270231199203,0.1212121212121212
O=C1NCc2cc(-c3ccc(-c4ccccc4)cc3)ccc2-n2cccc21,10.2,0.5389183622422874,0.8591932264624421,0.5918367346938775
C[C@H]1CCC[C@H](c2ccc3c(c2)CNC(=O)c2cccn2-3)C1,8.8,0.84673836766259,0.7334691080907542,0.5172413793103449
COc1ccccc1Br,5.4,0.655546971817452,0.960256853898015,0.0925925925925925
CCC(C)(C)CN(C)C(C)=O,4.3,0.6124330348068309,0.8149800196136981,0.087719298245614
CN(Cc1nc(CF)no1)c1ccc2c(c1)CNC(=O)c1cccn1-2,8.4,0.787299867476323,0.761993025040202,0.5396825396825397
O=CCCc1ccc2c(c1)CNC(=O)c1cccn1-2,7.8,0.8497987429444326,0.8021895890256364,0.66
CN(C)C(=O)O,4.2,0.4610377122831501,0.8847797089675468,0.0851063829787234
O=C1NCc2cc(Sc3cccc(Cl)c3)ccc2-n2cccc21,9.6,0.7435467659499753,0.8167578846459741,0.5178571428571429
O=C1NCc2cc(F)ccc2-n2cccc21,7.1,0.7161557739992203,0.82713712592748,0.6170212765957447
Cc1ccc2c(c1)CNC(=O)c1cccn1-2,7.6,0.7119436489699199,0.8303377948238011,0.6521739130434783
CCF,2.3,0.3823971549961085,0.8068799871602155,0.0444444444444444
CN(C)CC(=O)CC1CC1c1ccccc1,6.5,0.7540496968241097,0.7778328823548526,0.1774193548387097
O=C1NCc2cc(Cc3ccc(Nc4ccc5c(c4)CNC(=O)c4cccn4-5)cc3)ccc2-n2cccc21,11.2,0.3223425770578857,0.7720756129588511,0.6226415094339622
O=CCOc1ccc2c(c1)CNC(=O)c1cccn1-2,7.2,0.8419147939033539,0.8023051135011607,0.5660377358490566
CN(C)C(=O)c1ccc2c(c1)CNC(=O)c1cccn1-2,7.8,0.8509929436986344,0.8270798994131615,0.6274509803921569
NC(=O)c1ccc2c(c1)CNC(=O)c1cccn1-2,8.3,0.7749949788864974,0.8273904428636434,0.5686274509803921
O=C1NCc2cc(CC3CC3)ccc2-n2cccc21,7.8,0.875666995195161,0.820977001613049,0.673469387755102
NCCCCc1ccc2c(c1)CNC(=O)c1cccn1-2,7.9,0.8340183917168251,0.8235036678860678,0.6470588235294118
C=CCc1ccc2c(c1)CNC(=O)c1cccn1-2,7.6,0.8010808306251092,0.8040813234762436,0.673469387755102
CN(C)CCC(=O)OC(=O)c1ccc2c(c1)CNC(=O)c1cccn1-2,7.8,0.6707344175172103,0.800719581816759,0.576271186440678
O=C1NCc2cc([N+](=O)[O-])ccc2-n2cccc21,8.0,0.6104129161202814,0.8193789798168862,0.5686274509803921
CCCc1ccc2c(c1)CNC(=O)c1cccn1-2,7.5,0.8599845896757723,0.8294970039496165,0.723404255319149
O=C1NCc2cc(CNC(c3ccc4c(c3)CNC(=O)c3cccn3-4)C3CC3)ccc2-n2cccc21,11.0,0.4066285758909309,0.7045229347804369,0.559322033898305
O=C1NCc2cc(Cc3cccc(Cl)c3)ccc2-n2cccc21,10.1,0.7608997141392118,0.8374180453807616,0.6346153846153846
O=C1NCc2cc(CCCO)ccc2-n2cccc21,7.5,0.8769295289515571,0.8221028757389232,0.66
O=C(Nc1ccc2c(c1)CNC(=O)c1cccn1-2)NC(F)(F)c1cc2ccccc2[nH]1,11.4,0.3757203195153786,0.7718462321071762,0.4347826086956521
O=C1NCc2cc(-c3cccc(-c4ccccc4)c3)ccc2-n2cccc21,11.3,0.5389183622422874,0.8541907264624421,0.5686274509803921
COC(=O)c1ccc2c(c1)CNC(=O)c1cccn1-2,8.0,0.7866065865856456,0.836000829636877,0.5660377358490566
CCCCO,3.7,0.5128217987135145,0.9023187399035284,0.04
CCl,1.5,0.3573626606013345,0.7727334790910932,0.0232558139534883
NC(=O)CNCCOCc1ccc2c(c1)CNC(=O)c1cccn1-2,7.3,0.637259002520803,0.8033166078063859,0.532258064516129
Fc1ccccc1,4.9,0.4618403302914614,1.0,0.0833333333333333
CN(C)CCC(=O)NCN(C)Cc1ccc2c(c1)CNC(=O)c1cccn1-2,8.2,0.7193448942662409,0.7774094410373409,0.6842105263157895
O=C1NCc2cc(-c3noc(C4CCCCC4)n3)ccc2-n2cccc21,9.1,0.764006062009398,0.8094422556384588,0.4461538461538462
C[C@@H](CO)c1ccc2c(c1)CNC(=O)c1cccn1-2,8.1,0.8607609981551384,0.757097354520481,0.5849056603773585
CC[C@H](C)C(=O)NC1CCC(CN(C)CC2CCOC2)C1,6.9,0.7835160155541301,0.7107931042334745,0.0909090909090909
Cc1ccc(-c2ccc3c(c2)CNC(=O)c2cccn2-3)cc1,9.9,0.7276590994947095,0.8516495415091637,0.6
COCCc1ccc2c(c1)CNC(=O)c1cccn1-2,7.6,0.9112519773613188,0.824177840773888,0.68
O=C(Cl)CC(=O)c1ccc2c(c1)CNC(=O)c1cccn1-2,8.4,0.5359058625438359,0.7929199106371905,0.5454545454545454
CCC(=O)C(C(=O)CN(C)c1ccc2c(c1)CNC(=O)c1cccn1-2)(c1ccccc1)N(C)O,9.3,0.3965606712897704,0.6904333295791422,0.4925373134328358
CC1(C)CCCN1c1ccc2c(c1)CNC(=O)c1cccn1-2,8.5,0.8775257442730487,0.7864524719120942,0.5263157894736842
Cc1ccc2c(c1)CNC(=O)c1cccn1-2,7.6,0.7119436489699199,0.8303377948238011,0.6521739130434783
O=C1NCc2cc(CC3(O)CCNCC3)ccc2-n2cccc21,9.0,0.7848178624467169,0.7794435333256526,0.6
Cc1ccc2c(c1)CNC(=O)c1cccn1-2,7.6,0.7119436489699199,0.8303377948238011,0.6521739130434783
C=CN(C)CCCOC,3.8,0.5152743932618734,0.7896966744108356,0.0689655172413793
CN(C=O)Nc1ccc[nH]1,4.7,0.4709392938462842,0.6829210471703643,0.175438596491228
O=C1NCc2cc(-c3cccc4ccccc34)ccc2-n2cccc21,11.3,0.547807623829376,0.8483356792328564,0.5178571428571429
O=CC(Oc1ccc2c(c1)CNC(=O)c1cccn1-2)c1ccccc1,9.5,0.7471740026799581,0.7543005459039802,0.4833333333333333
CN(C)Cc1ccc2c(c1)CNC(=O)c1cccn1-2,7.2,0.8879035012540928,0.8211991202351676,1.0
O=C1NCc2cc(CN(CC(F)Cc3ccccc3)c3ccc4c(c3)CNC(=O)c3cccn3-4)ccc2-n2cccc21,12.3,0.2828286311709056,0.6898058797651809,0.6
O=C(Cc1ccc2c(c1)CNC(=O)c1cccn1-2)NCCCc1ccc2c(c1)CNC(=O)c1cccn1-2,9.8,0.3603659140079052,0.7677151543015152,0.5689655172413793
CN(C)c1ccc2c(c1)CNC(=O)c1cccn1-2,7.3,0.8261028624191696,0.8154239270265394,0.6808510638297872
CCCc1ccc2c(c1)CNC(=O)c1cccn1-2,7.5,0.8599845896757723,0.8294970039496165,0.723404255319149
OCO,2.7,0.3419937935086324,0.8383774230576514,0.0227272727272727
O=C1NCc2cc(NN3CCCC3)ccc2-n2cccc21,8.1,0.8870325471029525,0.7965835183252925,0.5370370370370371
O=C(O)C(=O)c1ccc2c(c1)CNC(=O)c1cccn1-2,8.5,0.6287972796794564,0.8122752290834911,0.5576923076923077
O=Cc1ccc2c(c1)CNC(=O)c1cccn1-2,7.6,0.7496062106214338,0.8084251155359438,0.5918367346938775
Nc1ccccc1,5.1,0.4800754634455598,0.9707366955144184,0.0833333333333333
CCCc1ccc2c(c1)CNC(=O)c1cccn1-2,7.5,0.8599845896757723,0.8294970039496165,0.723404255319149
CN(CCO)CC(=O)CN(C)c1ccc2c(c1)CNC(=O)c1cccn1-2,7.7,0.761722101146417,0.7705389315652719,0.559322033898305
CN(C)C,2.3,0.3844627806876072,0.9033450888539852,0.0714285714285714
CC[C@@H](O)c1ccc2c(c1)CNC(=O)c1cccn1-2,8.0,0.8648051961644256,0.7632292633523899,0.5849056603773585
CNCn1c(=O)c1=O,4.0,0.4642585422494779,0.7957748009051799,0.1176470588235294
CN(C[NH3+])C(=O)c1nc(-c2ccc3c(c2)CNC(=O)c2cccn2-3)ccc1-c1ccc2c(c1)CNC(=O)c1cccn1-2,10.7,0.2931163324051122,0.7084914386678736,0.4925373134328358
CC(C)CNc1ccc2c(c1)CNC(=O)c1cccn1-2,7.9,0.8997066521997675,0.8196122350599706,0.5740740740740741
Cc1ccc2c(c1)CNC(=O)c1cccn1-2,7.6,0.7119436489699199,0.8303377948238011,0.6521739130434783
Cc1ccc2c(c1)CNC(=O)c1cccn1-2,7.6,0.7119436489699199,0.8303377948238011,0.6521739130434783
CNc1ccc2c(c1)CNC(=O)c1cccn1-2,7.3,0.7794582115566376,0.8150464656144367,0.6122448979591837
C=CC(=O)N(C)c1ccc2c(c1)CNC(=O)c1cccn1-2,7.9,0.8543768345166234,0.7824870553568775,0.5714285714285714
NC(=O)CCC(=O)N(c1ccc(-c2ccc3c(c2)CNC(=O)c2cccn2-3)cc1)c1ccccn1,11.2,0.4522031563623466,0.7900883503052901,0.4366197183098591
O=CN(CC(=O)Nc1ccccc1)c1ccc2c(c1)CNC(=O)c1cccn1-2,9.9,0.6725474744038057,0.797257091428745,0.484375
O=C1NCc2cc(CC3CC3)ccc2-n2cccc21,7.7,0.875666995195161,0.820977001613049,0.673469387755102
CC(=O)c1ccc2c(c1)CNC(=O)c1cccn1-2,8.4,0.7741391654251827,0.8304474564383041,0.6
O=C(O)c1ccc2c(c1)CNC(=O)c1cccn1-2,8.1,0.7939803539954232,0.8330181955031608,0.58
CN(C)C=O,3.1,0.3902682398861675,0.8151520911676489,0.0869565217391304
Cc1ccc2c(c1)CNC(=O)c1cccn1-2,7.6,0.7119436489699199,0.8303377948238011,0.6521739130434783
O=C1NCc2cc([C@@H]3CC[C@H](O)C3)ccc2-n2cccc21,9.1,0.8432971770552399,0.725454991076797,0.5087719298245614
C=CCCC(N)=O,4.8,0.5123440901550967,0.840672592950316,0.0357142857142857
O=CC(=O)Nc1ccc2c(c1)CNC(=O)c1cccn1-2,8.1,0.6264573082549283,0.8046057573271772,0.5272727272727272
C=CCCCN,4.1,0.3998365175457749,0.8291724604468368,0.0185185185185185
Cc1ccc2c(c1)CNC(=O)c1cccn1-2,7.6,0.7119436489699199,0.8303377948238011,0.6521739130434783
O=C1NCc2cc(C(F)(F)F)ccc2-n2cccc21,8.5,0.7812501234836917,0.8198362970346085,0.58
CC(=O)N1CCOCC1,4.8,0.4555211172674374,0.9118710077441688,0.0727272727272727
CC(OCC(=O)N(C)CN)c1cccc(-c2ccc3c(c2)CNC(=O)c2cccn2-3)c1,9.8,0.6026390485187885,0.7267741113002244,0.4782608695652174
CN(CSC1CCCCC1)C(=O)c1ccc2c(c1)CNC(=O)c1cccn1-2,8.3,0.8169471049774921,0.7745656229121461,0.515625
CCl,1.5,0.3573626606013345,0.7727334790910932,0.0232558139534883
CNCc1ccc2c(c1)CNC(=O)c1cccn1-2,7.3,0.8354106133093315,0.819998187381569,0.7083333333333334
CC(=O)NN(C)NC(=O)c1ccc2c(c1)CNC(=O)c1cccn1-2,8.5,0.7089392036296879,0.7682676652283064,0.5614035087719298
O=C1NCc2cc(-c3cccc4ccccc34)ccc2-n2cccc21,11.4,0.547807623829376,0.8483356792328564,0.5178571428571429
CC(=O)NC=O,3.9,0.4287944812117297,0.7789389989083753,0.0377358490566037
CNc1ccc2c(c1)CNC(=O)c1cccn1-2,7.3,0.7794582115566376,0.8150464656144367,0.6122448979591837
O=C1NCc2cc(-c3cccs3)ccc2-n2cccc21,8.6,0.7275650665974487,0.8225184680479164,0.5660377358490566
CNc1ccc2c(c1)CNC(=O)c1cccn1-2,7.3,0.7794582115566376,0.8150464656144367,0.6122448979591837
CCC,2.5,0.3854706587740357,0.916115884596113,0.0465116279069767
CCCc1ccc2c(c1)CNC(=O)c1cccn1-2,7.6,0.8599845896757723,0.8294970039496165,0.723404255319149
O=C1NCc2cc([O-])ccc2-n2cccc21,7.2,0.7031249866437966,0.7376036811114264,0.6170212765957447
Cc1ccc2c(c1)CNC(=O)c1cccn1-2,7.6,0.7119436489699199,0.8303377948238011,0.6521739130434783
CNOC,3.2,0.4226239885245327,0.8022170974009936,0.0208333333333333
CCN(C)c1ccc2c(c1)CNC(=O)c1cccn1-2,7.3,0.8927161529586877,0.8036717698078173,0.673469387755102
O=C(O)c1ccc2c(c1)CNC(=O)c1cccn1-2,8.1,0.7939803539954232,0.8330181955031608,0.58
CCC(=O)c1ccc2c(c1)CNC(=O)c1cccn1-2,7.9,0.8360242406303395,0.8227959863320338,0.5961538461538461
O=C1NCc2cc(O)ccc2-n2cccc21,7.1,0.6965665983209474,0.8182852864625969,0.6170212765957447
CCCc1ccc2c(c1)CNC(=O)c1cccn1-2,7.6,0.8599845896757723,0.8294970039496165,0.723404255319149
O=C1NCc2cc(-c3ccccc3)ccc2-n2cccc21,9.8,0.7248435192283111,0.8565974141069302,0.5918367346938775
O=C([O-])NN1CCCC1,4.7,0.4901696547634634,0.7544685462057072,0.0535714285714285
O=C1NCc2cc(CC3CCC3)ccc2-n2cccc21,8.5,0.89025277792695,0.8220251532972084,0.6470588235294118
CN(C=O)c1ccc2c(c1)CNC(=O)c1cccn1-2,8.0,0.8226215555284894,0.7766019692380167,0.6274509803921569
CCCOCc1ccc2c(c1)CNC(=O)c1cccn1-2,7.7,0.8679213308010925,0.8216988933502587,0.6538461538461539
O=C(Cc1ccc2c(c1)CNC(=O)c1cccn1-2)NCc1ccc2c(c1)CNC(=O)c1cccn1-2,11.0,0.4322930819349986,0.7726012529530208,0.6111111111111112
Cc1ccc2c(c1)CNC(=O)c1cccn1-2,7.6,0.7119436489699199,0.8303377948238011,0.6521739130434783
CCCC(=O)c1ccc2c(c1)CNC(=O)c1cccn1-2,8.3,0.8700853036656965,0.825404677705045,0.5740740740740741
CCCOCN,4.0,0.3991902287722782,0.7962666912160675,0.0377358490566037
CCNc1ccc2c(c1)CNC(=O)c1cccn1-2,7.1,0.8459229757826413,0.8203937495117464,0.6078431372549019
NC(=O)c1ccc2c(c1)CNC(=O)c1cccn1-2,8.3,0.7749949788864974,0.8273904428636434,0.5686274509803921
CNc1ccc(Cl)s1,4.7,0.6436710540187802,0.8047913044016836,0.0714285714285714
CC1(C)CN(c2ccc3c(c2)CNC(=O)c2cccn2-3)C1,8.4,0.8720292007474677,0.7949801453177641,0.5660377358490566
CN(CC(=O)[O-])c1ccc(Cl)cc1,5.7,0.7117073049140713,0.8319339960307653,0.175438596491228
CN(Cc1ccc2c(c1)CNC(=O)c1cccn1-2)S(=O)(=O)CCCc1ccc2c(c1)CNC(=O)c1cccn1-2,10.4,0.3736489074866259,0.7455127825195507,0.6909090909090909
CN,1.9,0.3846582089034356,0.7782360431936574,0.0232558139534883
CNC=O,2.9,0.3999167569393753,0.7561931657770621,0.0416666666666666
CC[C@@H](O)OCC=O,4.3,0.4149168655177723,0.6883074023048604,0.0517241379310344
O=C(Cc1ccc2c(c1)CNC(=O)c1cccn1-2)Nc1ccc2c(c1)CNC(=O)c1cccn1-2,10.3,0.4468453813553289,0.776422302862089,0.6
C=CCCC,3.6,0.4356038269849662,0.8300477339863686,0.0392156862745098
N#CCN(Cc1ccc2c(c1)CNC(=O)c1cccn1-2)c1ccc(Cl)cc1,8.9,0.7022116155817589,0.8052305144308838,0.6101694915254238
NC(=O)CN(Cc1ccc2c(c1)CNC(=O)c1cccn1-2)CN1CCC1=O,8.3,0.7123387786971053,0.7774917429459585,0.5806451612903226
O=C1NCc2cc(-c3ccccc3)ccc2-n2cccc21,9.7,0.7248435192283111,0.8565974141069302,0.5918367346938775
CC(=O)N(C)C1CCCCCN1C,5.5,0.6129506791957633,0.7709306999945483,0.0967741935483871
CCCCc1ccc2c(c1)CNC(=O)c1cccn1-2,7.9,0.897054470456761,0.8337946239906713,0.6938775510204082
Nc1ccc2c(c1)CNC(=O)c1cccn1-2,7.0,0.6479288649430625,0.8149779286030652,0.6170212765957447
CCc1ccc2c(c1)CNC(=O)c1cccn1-2,7.7,0.7949267772648932,0.8288238596489735,0.7555555555555555
CCC(N)=O,3.9,0.4617454409001604,0.9026779652935232,0.0612244897959183
Cc1c(-c2ccccc2)nnn1-c1ccc2c(c1)CNC(=O)c1cccn1-2,10.4,0.6001048769094964,0.8162703491498813,0.4838709677419355
CC,1.7,0.3727855551576051,0.805825786783401,0.0238095238095238
O=CCCOc1ccc2c(c1)CNC(=O)c1cccn1-2,7.4,0.6790495779148615,0.8045874875147151,0.5454545454545454
O=C1NCc2cc(CC3CC3)ccc2-n2cccc21,7.9,0.875666995195161,0.820977001613049,0.673469387755102
Nc1ccc2c(c1)CNC(=O)c1cccn1-2,7.0,0.6479288649430625,0.8149779286030652,0.6170212765957447
CNCC(=O)Cc1ccc2c(c1)CNC(=O)c1cccn1-2,7.5,0.881423680603069,0.7962816490118103,0.6296296296296297
O=[N+]([O-])c1ccc(Cl)cc1,6.3,0.4636021031419894,0.9523250561243732,0.0727272727272727
ClCCNCC1CCOC1,4.3,0.490367246978662,0.7732294108537381,0.03125
O=CN(C=O)c1ccc2c(c1)CNC(=O)c1cccn1-2,8.5,0.8392256608134158,0.7498794415377036,0.5882352941176471
O=C1NCc2cc(-c3ccccc3)ccc2-n2cccc21,9.7,0.7248435192283111,0.8565974141069302,0.5918367346938775
O=C1NCc2cc(NCc3cccc(-c4ccc5c(c4)CNC(=O)c4cccn4-5)c3O)ccc2-n2cccc21,10.3,0.2778466764561202,0.7568480509791612,0.4615384615384615
O=CNc1ccc2c(c1)CNC(=O)c1cccn1-2,7.5,0.7780630145586738,0.7998573589792021,0.5576923076923077
O=C1NCc2cc(Nc3ccc(N4CNCCC4=O)s3)ccc2-n2cccc21,9.9,0.6394642131766172,0.7385171104220974,0.4477611940298507
CN(C=O)C(=O)NCc1ccc2c(c1)CNC(=O)c1cccn1-2,9.2,0.8300458918198733,0.7811818924177659,0.631578947368421
CCN(C)Cc1ccc2c(c1)CNC(=O)c1cccn1-2,7.6,0.9269643953794838,0.8159212768953282,0.8260869565217391
O=C1NCc2cc(Cc3nc(CF)no3)ccc2-n2cccc21,8.5,0.8041766484861297,0.7757289523842059,0.55
CC(=O)N(C)c1ccc(Cl)cc1,5.6,0.6545951940547425,0.9206240679632316,0.125
O=C1NCc2cc([C@H](O)CO)ccc2-n2cccc21,7.5,0.7436938156425724,0.7561306878538144,0.5660377358490566
O=C(CO)CCC(CCc1ccc2c(c1)CNC(=O)c1cccn1-2)c1ccc[nH]1,9.1,0.5513836650596837,0.7062149117068458,0.5
O=Cc1ccc2c(c1)CNC(=O)c1cccn1-2,7.6,0.7496062106214338,0.8084251155359438,0.5918367346938775
CNCl,2.6,0.4019819945052081,0.7369620384422668,0.0217391304347826
N#CC(F)(F)OC(F)F,4.5,0.5461559940103724,0.6990997629889242,0.0
CC1(Cl)CCCN1c1ccc2c(c1)CNC(=O)c1cccn1-2,8.5,0.6475480321580461,0.7071218498685512,0.5084745762711864
O=CCF,2.8,0.3951353327041007,0.7150085503924467,0.0416666666666666
Cc1ccc(Cc2ccc3c(c2)CNC(=O)c2cccn2-3)cc1,9.9,0.7705453499127267,0.8451425000305893,0.6938775510204082
CCc1ccc2c(c1)CNC(=O)c1cccn1-2,7.8,0.7949267772648932,0.8288238596489735,0.7555555555555555
O=C1NCc2cc(O)ccc2-n2cccc21,7.0,0.6965665983209474,0.8182852864625969,0.6170212765957447
CN(C)C(=O)c1ccc2c(c1)CNC(=O)c1cccn1-2,7.8,0.8509929436986344,0.8270798994131615,0.6274509803921569
O=C(CC(=O)N1CC1=O)c1ccc2c(c1)CNC(=O)c1cccn1-2,9.1,0.5105384697613502,0.7868166893385246,0.5172413793103449
CCc1ccc2c(c1)CNC(=O)c1cccn1-2,7.6,0.7949267772648932,0.8288238596489735,0.7555555555555555
Cc1ccc2c(c1)CNC(=O)c1cccn1-2,7.6,0.7119436489699199,0.8303377948238011,0.6521739130434783
CNC=O,2.9,0.3999167569393753,0.7561931657770621,0.0416666666666666
O=C1NCc2cc(CCCn3cnnc3)ccc2-n2cccc21,8.6,0.8009576389297125,0.7853167723342297,0.6
O=C1NCc2cc(NCC3CC3)ccc2-n2cccc21,7.5,0.8973956879569733,0.8194381506446885,0.5454545454545454
CCc1ccc2c(c1)CNC(=O)c1cccn1-2,7.8,0.7949267772648932,0.8288238596489735,0.7555555555555555
O=C1NCc2cc(-c3ccccc3)ccc2-n2cccc21,9.8,0.7248435192283111,0.8565974141069302,0.5918367346938775
O=CCc1ccc2c(c1)CNC(=O)c1cccn1-2,7.7,0.807891146701982,0.7966860572040542,0.7021276595744681
CC1(CNN)CC=C(Cc2ccc3c(c2)CNC(=O)c2cccn2-3)C1,9.5,0.4561545299722659,0.6756448205790768,0.5483870967741935
O=C1NCc2cc(CC(F)(F)F)ccc2-n2cccc21,8.6,0.8559816156573992,0.8022288005120625,0.673469387755102
COC(=O)Cc1ccc2c(c1)CNC(=O)c1cccn1-2,8.0,0.8398835984373179,0.825928564344721,0.6538461538461539
O=C1NCc2cc(Oc3ccccc3)ccc2-n2cccc21,9.1,0.7845167413734855,0.8521148669529508,0.5576923076923077
O=C1NCc2cc(-c3ccc(N4CCCC4)cc3)ccc2-n2cccc21,9.8,0.7638846998764859,0.8422254724216756,0.5272727272727272
CC,1.7,0.3727855551576051,0.805825786783401,0.0238095238095238
CCS(=O)(=O)N(C)c1ccc(-c2ccc3c(c2)CNC(=O)c2cccn2-3)cc1,9.5,0.7375602263796311,0.8103552798476085,0.5789473684210527
C=CCCNc1ccc2c(c1)CNC(=O)c1cccn1-2,7.5,0.660634941843121,0.7982527395041049,0.5263157894736842
CC(=O)Nc1ccccc1N(C(=O)O)c1ccc2c(c1)CNC(=O)c1cccn1-2,10.3,0.6367074957722236,0.796280091062995,0.492063492063492
O=CC(=O)c1ccc2c(c1)CNC(=O)c1cccn1-2,8.0,0.4954932191274125,0.8006777527138002,0.5576923076923077
CCCOCc1ccc2c(c1)CNC(=O)c1cccn1-2,7.2,0.8679213308010925,0.8216988933502587,0.6538461538461539
CN(C)C(=O)N1CCOCC1,5.0,0.4968612288396244,0.8829368857105643,0.1272727272727272
C=CCCCc1ccc2c(c1)CNC(=O)c1cccn1-2,8.0,0.6687886678298386,0.8089678588675001,0.6226415094339622
O=C(O)c1ccc2c(c1)CNC(=O)c1cccn1-2,8.1,0.7939803539954232,0.8330181955031608,0.58
O=C(Nc1ccc2c(c1)CNC(=O)c1cccn1-2)c1ccccc1,10.2,0.7630633920867415,0.8607007995566646,0.5087719298245614
Cc1ccc2c(c1)CNC(=O)c1cccn1-2,7.6,0.7119436489699199,0.8303377948238011,0.6521739130434783
O=C1NCc2cc(CCO)ccc2-n2cccc21,7.4,0.8325405555115643,0.8187949329436992,0.6875
C=CCC,3.2,0.3999866892053459,0.8089145332984296,0.0416666666666666
CCC1CC1,3.7,0.4410497751190364,0.92167495292128,0.0612244897959183
NC(=O)c1ccc2c(c1)CNC(=O)c1cccn1-2,8.4,0.7749949788864974,0.8273904428636434,0.5686274509803921
Cc1cccc(-c2ccc3c(c2)CNC(=O)c2cccn2-3)c1,10.0,0.7276590994947095,0.8457466568937791,0.5769230769230769
O=C1NCc2cc(CC3CC3)ccc2-n2cccc21,7.8,0.875666995195161,0.820977001613049,0.673469387755102
CC(=O)C(N)=O,4.3,0.4194401487056992,0.8781252710977243,0.0408163265306122
O=CCC(O)c1ccc2c(c1)CNC(=O)c1cccn1-2,8.0,0.8268029992018253,0.7378178767526917,0.5357142857142857
C=CCn1c(=O)c1=O,4.8,0.3725617283295802,0.8470009547513337,0.0961538461538461
O=C(O)c1ccc2c(c1)CNC(=O)c1cccn1-2,8.1,0.7939803539954232,0.8330181955031608,0.58
CN(C)C(=O)c1ccc2c(c1)CNC(=O)c1cccn1-2,7.8,0.8509929436986344,0.8270798994131615,0.6274509803921569
CCCCCN(C)c1ccc2c(c1)CNC(=O)c1cccn1-2,7.7,0.8594083616109643,0.8140263424859648,0.6111111111111112
CN(C)C(=O)c1ccc(Cl)s1,5.0,0.6628469578626183,0.8755840475142779,0.1206896551724138
O=C1NCc2cc(C[C@H]3CCCN3C(=O)c3ccc4c(c3)CNC(=O)c3cccn3-4)ccc2-n2cccc21,12.1,0.4460581038844423,0.7110535049238222,0.5238095238095238
Cc1ccccc1N(Cc1ccc2c(c1)CNC(=O)c1cccn1-2)c1ccc2c(c1)CNC(=O)c1cccn1-2,14.2,0.3380447457582946,0.7522753114380005,0.6607142857142857
N#CCCN(NC(=O)c1ccc2c(c1)CNC(=O)c1cccn1-2)c1ccccc1,9.8,0.6610586370591702,0.7906611015159566,0.4558823529411764
O=C1NCc2cc(C3CC3)ccc2-n2cccc21,8.2,0.813728434214047,0.8196771814644092,0.58
CCNc1ccc2c(c1)CNC(=O)c1cccn1-2,7.1,0.8459229757826413,0.8203937495117464,0.6078431372549019
O=C1NCc2cc(CC3CC3)ccc2-n2cccc21,8.0,0.875666995195161,0.820977001613049,0.673469387755102
Cc1ccccc1Br,5.7,0.5624635581750883,0.9574010946114736,0.0980392156862745
CC(C)Cl,3.0,0.3865418338776509,0.8571162427001389,0.0222222222222222
CC(=O)CC1CCN(N(c2ccc3c(c2)CNC(=O)c2cccn2-3)N2CN(c3ccc4c(c3)CNC(=O)c3cccn3-4)CCC2=O)CC1,10.4,0.32788593514608,0.6678906401050201,0.4102564102564102
CN(C=O)Nc1ccc2c(c1)CNC(=O)c1cccn1-2,7.7,0.6489163048696501,0.750843814007339,0.5925925925925926
O=C1NCc2cc(Cl)ccc2-n2cccc21,7.3,0.743588071038977,0.8288264235863431,0.6170212765957447
C=CC(=O)N(C)c1ccc2c(c1)CNC(=O)c1cccn1-2,8.0,0.8543768345166234,0.7824870553568775,0.5714285714285714
CCn1cccc1-c1ccc2c(c1)CNC(=O)c1cccn1-2,8.3,0.7734075008340175,0.8002223780476252,0.5961538461538461
CN(C)CN(C=O)C(=O)NC(N)=O,5.8,0.4270677018972891,0.7308704862072556,0.0983606557377049
NC(=O)c1ccccc1Br,6.8,0.7335677023431018,0.93064813304745,0.109090909090909
CO,1.9,0.3852844044738431,0.8109950175526317,0.0232558139534883
O=C1NCc2cc(Cc3ccc(Br)cc3)ccc2-n2cccc21,9.2,0.7279582121313163,0.8373633955529777,0.66
CCNC(=O)c1ccc2c(c1)CNC(=O)c1cccn1-2,8.1,0.866873171949832,0.8343301837779195,0.5636363636363636
O=C(c1ccccc1)c1ccc2c(c1)CNC(=O)c1cccn1-2,9.9,0.7399616831073714,0.8499734988824839,0.5471698113207547
CNC,2.4,0.3986709398154768,0.8648825512627797,0.0227272727272727
O=C(c1ccc2c(c1)CNC(=O)c1cccn1-2)c1ccccc1F,10.0,0.7377925038947742,0.838427867561124,0.5087719298245614
O=C1NCc2cc([C@H](O)CO)ccc2-n2cccc21,7.8,0.7436938156425724,0.7561306878538144,0.5660377358490566
Cc1ccc2c(c1)CNC(=O)c1cccn1-2,7.6,0.7119436489699199,0.8303377948238011,0.6521739130434783
Cc1ccc(Cc2ccc3c(c2)CNC(=O)c2cccn2-3)cc1,9.8,0.7705453499127267,0.8451425000305893,0.6938775510204082
C[C@@H]1CN(C)CN1c1ccc2c(c1)CNC(=O)c1cccn1-2,8.2,0.8724648162444406,0.7224673932140946,0.5172413793103449
CC(=O)N(C)C(F)F,4.8,0.4695035365908554,0.7750531005003215,0.0754716981132075
O=C1NCc2cc(Oc3ccccc3)ccc2-n2cccc21,9.2,0.7845167413734855,0.8521148669529508,0.5576923076923077
O=C1NCc2cc(-c3ccccc3)ccc2-n2cccc21,9.7,0.7248435192283111,0.8565974141069302,0.5918367346938775
Cc1ccc2c(c1)CNC(=O)c1cccn1-2,7.6,0.7119436489699199,0.8303377948238011,0.6521739130434783
O=C1NCc2cc(NCc3ccccc3F)ccc2-n2cccc21,9.6,0.7757499712917472,0.8375043160401812,0.5084745762711864
CCCOCc1ccc2c(c1)CNC(=O)c1cccn1-2,7.6,0.8679213308010925,0.8216988933502587,0.6538461538461539
O=C1NCc2cc(CNCc3ccc(OCc4ccc5c(c4)CNC(=O)c4cccn4-5)cc3)ccc2-n2cccc21,10.5,0.2795003722407396,0.7697734871548597,0.5789473684210527
CN(C)c1ccc2c(c1)CNC(=O)c1cccn1-2,7.3,0.8261028624191696,0.8154239270265394,0.6808510638297872
CC(=O)c1ccc2c(c1)CNC(=O)c1cccn1-2,8.3,0.7741391654251827,0.8304474564383041,0.6
O=C1NCc2cc(CNCC(F)(F)F)ccc2-n2cccc21,8.3,0.9142168392050306,0.8051393678118932,0.6111111111111112
CC(=O)N1CCOCC1,5.0,0.4555211172674374,0.9118710077441688,0.0727272727272727
O=C1NCc2cc(-n3cncn3)ccc2-n2cccc21,8.4,0.7209822317340459,0.8025255084651265,0.5178571428571429
O=C1NCc2cc(-c3ccccc3)ccc2-n2cccc21,9.6,0.7248435192283111,0.8565974141069302,0.5918367346938775
CNC(=O)CCN(NC(=O)O)[C@H](C)C(=O)Nc1ccc2c(c1)CNC(=O)c1cccn1-2,8.8,0.4100229609422113,0.7119299171223094,0.4507042253521127
CN1CCC(=O)N(C)C1,4.5,0.4484169760698896,0.8048498795390407,0.1111111111111111
C=CC,2.5,0.3570688167166915,0.7770235769038052,0.0217391304347826
CCC(=O)Nc1ccc2c(c1)CNC(=O)c1cccn1-2,8.0,0.876285466574407,0.8344977951139517,0.5636363636363636
C=CCCC,3.6,0.4356038269849662,0.8300477339863686,0.0392156862745098
CCOC(=O)c1ccc2c(c1)CNC(=O)c1cccn1-2,7.9,0.8477605244771612,0.8384629773001867,0.5636363636363636
O=Cc1ccc(-c2ccc3c(c2)CNC(=O)c2cccn2-3)cc1,9.7,0.7390734716111477,0.8321946240259971,0.5471698113207547
COO,2.7,0.3106153430492369,0.7970646025448309,0.0217391304347826
CN(CNc1ccc(Cl)o1)c1ccc2c(c1)CNC(=O)c1cccn1-2,8.5,0.7025391906814871,0.7393722985444755,0.532258064516129
O=C1NCc2cc(Cc3ccccc3)ccc2-n2cccc21,9.7,0.7709746888566265,0.8505517900298738,0.6875
O=C1NCc2cc(-c3ccc4ccccc4c3)ccc2-n2cccc21,11.4,0.547807623829376,0.8482755960727731,0.5576923076923077
CC(C)CCCc1c(-c2ccccc2)nnn1N(C)C,7.2,0.8099360962267422,0.8186645147977768,0.1304347826086956
CCc1ccc2c(c1)CNC(=O)c1cccn1-2,7.7,0.7949267772648932,0.8288238596489735,0.7555555555555555
NBr,2.1,0.4296299057541052,0.6409898893475034,0.0
CCNc1ccc2c(c1)CNC(=O)c1cccn1-2,7.1,0.8459229757826413,0.8203937495117464,0.6078431372549019
CN(C(=O)NCSC1CCCCC1)c1ccc2c(c1)CNC(=O)c1cccn1-2,9.3,0.7681189365672834,0.7582614598997801,0.4925373134328358
O=C1NCc2ccccc2-n2cccc21,6.9,0.6867479623439439,0.8424090240956021,0.5777777777777777
CC(C)Cc1ccc2c(c1)CNC(=O)c1cccn1-2,7.8,0.878107380552333,0.8253381515741989,0.7083333333333334
Cc1ccc2c(c1)CNC(=O)c1cccn1-2,7.6,0.7119436489699199,0.8303377948238011,0.6521739130434783
CCl,1.5,0.3573626606013345,0.7727334790910932,0.0232558139534883
O=C1NCc2cc(Cl)ccc2-n2cccc21,7.2,0.743588071038977,0.8288264235863431,0.6170212765957447
CNc1ccccc1,5.1,0.5759031939735615,0.965567376156016,0.1
O=C1NCc2cc(Cl)ccc2-n2cccc21,7.3,0.743588071038977,0.8288264235863431,0.6170212765957447
CC(=O)Nc1ccc2c(c1)CNC(=O)c1cccn1-2,7.7,0.8139563843849477,0.8350569549930024,0.5769230769230769
O=C(Cc1ccc2c(c1)CNC(=O)c1cccn1-2)NCc1ccc2c(c1)CNC(=O)c1cccn1-2,10.9,0.4322930819349986,0.7726012529530208,0.6111111111111112
Clc1ccccc1CCOCc1ccccc1,7.1,0.7221004721339731,0.9385287387698528,0.0967741935483871
O=C1NCc2cc(-c3ccc(Cl)s3)ccc2-n2cccc21,8.5,0.7205577323535863,0.8133021450185358,0.5178571428571429
CC(=O)c1ccc2c(c1)CNC(=O)c1cccn1-2,8.3,0.7741391654251827,0.8304474564383041,0.6
CN(C)OCc1ccc2c(c1)CNC(=O)c1cccn1-2,7.5,0.8645571295501888,0.7858527208899301,0.7346938775510204
Cc1ccc2c(c1)CNC(=O)c1cccn1-2,7.6,0.7119436489699199,0.8303377948238011,0.6521739130434783
O=CCc1ccccc1,5.6,0.5393954805413781,0.9215703923595536,0.14
CC1[C@H](c2ccc3c(c2)CNC(=O)c2cccn2-3)CC(=O)N1C,8.5,0.8764088325919784,0.6966084449461021,0.5263157894736842
O=C1NCc2cc(N3CCOCC3)ccc2-n2cccc21,7.8,0.8636706260436354,0.8242775629903049,0.5370370370370371
O=C1NCc2cc(C(c3ccc4c(c3)CNC(=O)c3cccn3-4)c3c[nH]c4ccccc34)ccc2-n2cccc21,13.2,0.2896409840178137,0.7473457648596091,0.4754098360655737
CN(c1ccc2c(c1)CNC(=O)c1cccn1-2)c1ccc(F)c(-c2ccc3c(c2)CNC(=O)c2cccn2-3)c1,11.1,0.3399996154591372,0.7480073597343712,0.5423728813559322
COCc1ccc2c(c1)CNC(=O)c1cccn1-2,7.2,0.8732204314903816,0.823908838269143,0.7083333333333334
COCCCCc1ccc2c(c1)CNC(=O)c1cccn1-2,7.8,0.8578710766070448,0.829423204287136,0.6415094339622641
CCC(Cc1ccccc1)C(O)CS,6.1,0.7156552949858412,0.779662069305475,0.1147540983606557
CC(=O)NCC(=O)CC(=O)C=O,5.0,0.3215202475406405,0.7901744556803533,0.0677966101694915
CC(=O)C=O,3.7,0.3166057628389017,0.8258150282305858,0.0625
CN(C)Nc1ccccc1,5.1,0.6207682873631174,0.89358533288465,0.1372549019607843
CNc1ccc2c(c1)CNC(=O)c1cccn1-2,7.2,0.7794582115566376,0.8150464656144367,0.6122448979591837
O=C(CCCCl)NCc1ccc2c(c1)CNC(=O)c1cccn1-2,8.6,0.8261037063471697,0.8201904525755571,0.559322033898305
O=CC(Oc1ccc2c(c1)CNC(=O)c1cccn1-2)c1nc(Cc2cc(Cl)ccc2F)no1,10.0,0.4337697207741493,0.7076812790236539,0.375
O=C1NCc2cc(CC3CCNC3)ccc2-n2cccc21,8.1,0.8825561353092609,0.7537104172553994,0.6
O=c1c(=O)n1CC1CC1,4.1,0.4994063101304245,0.8721024993829649,0.1153846153846153
C[C@@H]1CCCN(c2ccc3c(c2)CNC(=O)c2cccn2-3)CC1,8.7,0.8769559255888906,0.7779658990903212,0.5084745762711864
Cc1ccccc1OC(N)=O,6.6,0.6600050748461179,0.9227184241721028,0.1034482758620689
CCC(C)(CNc1ccc2c(c1)CNC(=O)c1cccn1-2)c1cccnc1,9.0,0.7255229991792138,0.7303911857094035,0.4626865671641791
NC(=O)F,3.3,0.3126568300612963,0.8581316273155236,0.0208333333333333
CN(C=O)NC(C=O)(CN(C)c1ccc2c(c1)CNC(=O)c1cccn1-2)c1ccccc1,9.2,0.4199509114195822,0.6712659083167095,0.4925373134328358
O=CCCCc1ccc2c(c1)CNC(=O)c1cccn1-2,7.9,0.6826745177427141,0.8041585750478715,0.6346153846153846
NC(=O)Nc1ccc2c(c1)CNC(=O)c1cccn1-2,8.5,0.7155705836063689,0.8237401458761932,0.5370370370370371
CCNCC(C)(C)CC,4.3,0.6121530095830405,0.8334061783127308,0.0363636363636363
CCC(C)(C)CNc1ccc2c(c1)CNC(=O)c1cccn1-2,7.9,0.9059786002529006,0.793973610988072,0.5535714285714286
C=Cc1ccc2c(c1)CNC(=O)c1cccn1-2,7.7,0.7923490004118104,0.8010307670273096,0.58
NC(=O)C(=O)Cc1ccc2c(c1)CNC(=O)c1cccn1-2,8.8,0.7940763657945972,0.7974899236750002,0.6346153846153846
Cc1cn(Cc2ccc3c(c2)CNC(=O)c2cccn2-3)cn1,8.4,0.7875254326843695,0.7981757434322407,0.6181818181818182
NC(=O)Oc1ccc2c(c1)CNC(=O)c1cccn1-2,8.0,0.8037786075373224,0.8103831658192132,0.5370370370370371
CN(C)C(=O)c1ccc2c(c1)CNC(=O)c1cccn1-2,7.8,0.8509929436986344,0.8270798994131615,0.6274509803921569
CN(CCN)c1ccc2c(c1)CNC(=O)c1cccn1-2,7.2,0.8781070378947383,0.7948856493649639,0.6346153846153846
O=Cc1ccc2c(c1)CNC(=O)c1cccn1-2,7.6,0.7496062106214338,0.8084251155359438,0.5918367346938775
O=C1NCc2cc(C(=O)N3CCOCC3)ccc2-n2cccc21,8.8,0.8603825320546923,0.83109565732106,0.5
Cc1cccnc1NCCCCCO,5.8,0.6804088659611371,0.8920799349230959,0.1076923076923077
O=C(O)c1ccc2c(c1)CNC(=O)c1cccn1-2,8.1,0.7939803539954232,0.8330181955031608,0.58
O=C1NCc2cc([C@H](O)Cc3ccccc3)ccc2-n2cccc21,9.3,0.7798431937658535,0.790456184839129,0.5636363636363636
CN(CN(CC#N)c1ccc(Cl)cc1)C1CC1,6.1,0.5938434557400789,0.8162324638107693,0.1363636363636363
CC(=O)N(C)c1ccc2c(c1)CNC(=O)c1cccn1-2,7.9,0.8564183400045083,0.8050455587538207,0.6153846153846154
CC(=O)Cc1ccc2c(c1)CNC(=O)c1cccn1-2,7.9,0.888837071874148,0.8166874393234868,0.6938775510204082
CN(Cc1ccccc1)c1ccc2c(c1)CNC(=O)c1cccn1-2,9.4,0.8041259632567539,0.8346983819742471,0.6862745098039216
Cc1ccc2c(c1)CNC(=O)c1cccn1-2,7.6,0.7119436489699199,0.8303377948238011,0.6521739130434783
O=C1NCc2cc(Cl)ccc2-n2cccc21,7.1,0.743588071038977,0.8288264235863431,0.6170212765957447
O=CN1CCC(=O)Cc2cccc1c2O,6.9,0.6919334099396723,0.7090142955972724,0.15625
CN(C)C(=O)C=O,4.0,0.3224546769838552,0.7942982339759571,0.1
C=CC,2.5,0.3570688167166915,0.7770235769038052,0.0217391304347826
NC(=O)c1ccc2c(c1)CNC(=O)c1cccn1-2,8.3,0.7749949788864974,0.8273904428636434,0.5686274509803921
CN(CO)c1ccc2c(c1)CNC(=O)c1cccn1-2,7.4,0.792273136165721,0.7772333082693557,0.66
O=C(CCCc1ccccc1)CNCc1ccc2c(c1)CNC(=O)c1cccn1-2,8.1,0.6226896151782875,0.8218914893634034,0.5238095238095238
CN(C)Cn1cncn1,4.3,0.5498722244986497,0.802408853898015,0.1272727272727272
O=C1NCc2cc(CN3CCOCC3)ccc2-n2cccc21,8.4,0.914720323850577,0.8297449261245483,0.6226415094339622
CN(CC(=O)CC1CC1c1ccccc1)NC(=O)c1ccc2c(c1)CNC(=O)c1cccn1-2,9.9,0.5511780448077992,0.6947457816790553,0.4647887323943662
CNCCc1ccc2c(c1)CNC(=O)c1cccn1-2,7.9,0.8724257292322822,0.817926931682979,0.68
O=C1NCc2cc(NC(=O)N3CCOCC3)ccc2-n2cccc21,9.4,0.8354048322315655,0.8260357446116097,0.4754098360655737
O=CN(F)c1ccc2c(c1)CNC(=O)c1cccn1-2,8.1,0.6571013029387525,0.7424558153918628,0.5769230769230769
CC(=O)c1ccc2c(c1)CNC(=O)c1cccn1-2,8.4,0.7741391654251827,0.8304474564383041,0.6
CN(C)c1ccc2c(c1)CNC(=O)c1cccn1-2,7.3,0.8261028624191696,0.8154239270265394,0.6808510638297872
CCCc1ccc2c(c1)CNC(=O)c1cccn1-2,7.6,0.8599845896757723,0.8294970039496165,0.723404255319149
CCc1ccc2c(c1)CNC(=O)c1cccn1-2,7.8,0.7949267772648932,0.8288238596489735,0.7555555555555555
O=CN(C=O)C=O,4.1,0.417525870576781,0.6602452425229656,0.0425531914893617
CC,1.7,0.3727855551576051,0.805825786783401,0.0238095238095238
COC(=O)Cc1ccc2c(c1)CNC(=O)c1cccn1-2,7.9,0.8398835984373179,0.825928564344721,0.6538461538461539
NN1CN2CC(=O)NC(=O)CCN(C=O)C1C2,7.3,0.2935697515120879,0.4934573157261361,0.0845070422535211
NC(=O)c1ccc2c(c1)CNC(=O)c1cccn1-2,8.4,0.7749949788864974,0.8273904428636434,0.5686274509803921
CC(=O)c1ccc2c(c1)CNC(=O)c1cccn1-2,8.3,0.7741391654251827,0.8304474564383041,0.6
O=Cc1ccc2c(c1)CNC(=O)c1cccn1-2,7.6,0.7496062106214338,0.8084251155359438,0.5918367346938775
O=C(Cc1ccc2c(c1)CNC(=O)c1cccn1-2)c1ccc(Cl)cc1,10.2,0.7303615974296235,0.8388434523906295,0.5892857142857143
Cc1ccc2c(c1)CNC(=O)c1cccn1-2,7.6,0.7119436489699199,0.8303377948238011,0.6521739130434783
CC1CC1CCC(=O)CC(=O)c1ccc2c(c1)CNC(=O)c1cccn1-2,8.1,0.6419269091219121,0.7096848713028157,0.484375
O=C1CC(=O)N(c2ccccc2CCc2ccc3c(c2)CNC(=O)c2cccn2-3)N1,11.1,0.6593446660217591,0.7777080134564403,0.5409836065573771
C=CCCCc1ccc2c(c1)CNC(=O)c1cccn1-2,8.1,0.6687886678298386,0.8089678588675001,0.6226415094339622
Cc1ccccc1,5.3,0.4588062796575454,1.0,0.1063829787234042
CCOC(=O)c1ccc2c(c1)CNC(=O)c1cccn1-2,7.9,0.8477605244771612,0.8384629773001867,0.5636363636363636
CO,1.9,0.3852844044738431,0.8109950175526317,0.0232558139534883
CN(C)c1ccc2c(c1)CNC(=O)c1cccn1-2,7.3,0.8261028624191696,0.8154239270265394,0.6808510638297872
CC(C)(C)OCc1ccc2c(c1)CNC(=O)c1cccn1-2,7.6,0.9208223180367696,0.807755894991819,0.6666666666666666
C=CN(C)Oc1ccc2c(c1)CNC(=O)c1cccn1-2,7.3,0.867870638025961,0.7444538005120626,0.6111111111111112
O=C1NCc2cc(C3CC3CCc3c(F)cccc3F)ccc2-n2cccc21,10.7,0.6993892590206742,0.7143330237510761,0.46875
CN(Cc1ccc2c(c1)CNC(=O)c1cccn1-2)N1COc2ccc1cc2,9.3,0.7802955992585552,0.6699161541686673,0.6666666666666666
Cc1ccc2c(c1)CNC(=O)c1cccn1-2,7.6,0.7119436489699199,0.8303377948238011,0.6521739130434783
O=C1NCc2cc(CC3CC3)ccc2-n2cccc21,7.8,0.875666995195161,0.820977001613049,0.673469387755102
N#CCCc1ccc2c(c1)CNC(=O)c1cccn1-2,8.0,0.8889115328756659,0.8031411974172448,0.6470588235294118
O=C1NCc2cc(Cc3nc(CF)no3)ccc2-n2cccc21,8.4,0.8041766484861297,0.7757289523842059,0.55
COC(=O)C(C)(C)N(C)c1ccc2c(c1)CNC(=O)c1cccn1-2,8.0,0.8771776434765906,0.7749552517711168,0.5423728813559322
CN1C[C@@H](c2ccc3c(c2)CNC(=O)c2cccn2-3)CC1=O,9.4,0.8697917820682758,0.744375085521787,0.5263157894736842
CNC(CN(C)c1ccc2c(c1)CNC(=O)c1cccn1-2)(C(=O)c1ccc2c(c1)CNC(=O)c1cccn1-2)c1ccccc1,11.8,0.2493425680845756,0.6717378716180584,0.4852941176470588
O=C(Oc1ccc2c(c1)CNC(=O)c1cccn1-2)c1ccccc1,9.7,0.5836142722400097,0.84921530505117,0.5087719298245614
COCC(C)=O,3.4,0.4823930541974598,0.85835438352376,0.0576923076923076
O=C1NCc2cc(OC(c3ccccc3)C3CC3)ccc2-n2cccc21,9.7,0.7687445599919284,0.7700010380501099,0.4754098360655737
O=C1NCc2cc(CCCc3cc(ONc4ccccc4)ccc3Cl)ccc2-n2cccc21,9.7,0.3367538097383741,0.7956352138296742,0.4782608695652174
CNC,2.4,0.3986709398154768,0.8648825512627797,0.0227272727272727
CC(=O)N(C)C,3.9,0.4099068828368629,0.8908874012752394,0.0851063829787234
NC(=O)C=O,3.5,0.3085748155624879,0.8086569862725439,0.0625
CNCCC1CC1Cc1ccc2c(c1)CNC(=O)c1cccn1-2,8.4,0.8912761619780387,0.7033477260553487,0.5964912280701754
CNNC(=O)c1ccc2c(c1)CNC(=O)c1cccn1-2,8.0,0.6989441626363225,0.8089301837779195,0.5454545454545454
C=CN(C)C,2.9,0.43937608437247,0.7845716715872294,0.0638297872340425
Cc1ccc2c(c1)CNC(=O)c1cccn1-2,7.6,0.7119436489699199,0.8303377948238011,0.6521739130434783
CC(=O)CCN(C)C=O,4.0,0.5029664837163148,0.7828603589147376,0.109090909090909
CCc1ccc2c(c1)CNC(=O)c1cccn1-2,7.7,0.7949267772648932,0.8288238596489735,0.7555555555555555
Cc1ccc2c(c1)CNC(=O)c1cccn1-2,7.6,0.7119436489699199,0.8303377948238011,0.6521739130434783
CN(C)CCC(=O)N(CC(=O)OO)Cc1ccc2c(c1)CNC(=O)c1cccn1-2,8.3,0.5312177250219694,0.7749963952345836,0.639344262295082
O=C1NCc2cc(NCCCc3ccccc3)ccc2-n2cccc21,9.2,0.6992808167041394,0.8447377582349352,0.5344827586206896
O=C1NCc2cc(CC3CCNC3)ccc2-n2cccc21,8.4,0.8825561353092609,0.7537104172553994,0.6
Cc1ccc2c(c1)CNC(=O)c1cccn1-2,7.6,0.7119436489699199,0.8303377948238011,0.6521739130434783
O=C1NCc2ccccc2-n2cccc21,7.0,0.6867479623439439,0.8424090240956021,0.5777777777777777
CN(C(=O)c1ccc2c(c1)CNC(=O)c1cccn1-2)C1CCCC1,8.7,0.9237353060844884,0.81915049855332,0.5517241379310345
CN(C)C,2.2,0.3844627806876072,0.9033450888539852,0.0714285714285714
O=C(Cc1ccc2c(c1)CNC(=O)c1cccn1-2)c1cccc(F)c1,10.0,0.7474476891153168,0.8316011446983218,0.5689655172413793
CCCOCCC(N)=O,4.4,0.5450020513145174,0.8849729564621176,0.0517241379310344
C=CCCNC,3.9,0.3942546752552963,0.8111301527545292,0.037037037037037
O=C(NCNc1ccc2c(c1)CNC(=O)c1cccn1-2)c1ccc2c(c1)CNC(=O)c1cccn1-2,10.8,0.3467281472699104,0.7554682212788129,0.5
Cc1ccc(-c2ccc3c(c2)CNC(=O)c2cccn2-3)cc1,9.9,0.7276590994947095,0.8516495415091637,0.6
CCC[NH+](C)Cc1ccc2c(c1)CNC(=O)c1cccn1-2,7.6,0.8682147244417365,0.6500013932686336,0.6415094339622641
O=C1NCc2cc(C3CC3)ccc2-n2cccc21,8.1,0.813728434214047,0.8196771814644092,0.58
O=C(c1ccccc1)c1ccc2c(c1)CNC(=O)c1cccn1-2,10.0,0.7399616831073714,0.8499734988824839,0.5471698113207547
O=C1NCc2cc(CCc3ccc(F)cc3)ccc2-n2cccc21,10.0,0.7852178148482617,0.8438871731830384,0.66
CCC,2.5,0.3854706587740357,0.916115884596113,0.0465116279069767
O=Cc1ccc2c(c1)CNC(=O)c1cccn1-2,7.7,0.7496062106214338,0.8084251155359438,0.5918367346938775
O=C1NCc2cc(CCn3cnnc3)ccc2-n2cccc21,8.9,0.7966738436668693,0.7814869379588679,0.6226415094339622
O=C1NCc2cc(C(=O)C3CCCCC3)ccc2-n2cccc21,9.6,0.863518179938179,0.8266437629467777,0.5087719298245614
O=C([O-])CCc1ccc2c(c1)CNC(=O)c1cccn1-2,8.3,0.8762909247553432,0.7738286992974877,0.6346153846153846
C=CCCc1ccc2c(c1)CNC(=O)c1cccn1-2,7.9,0.837337031748821,0.806524973641021,0.6470588235294118
Nc1ccc(CCCc2ccc3c(c2)CNC(=O)c2cccn2-3)cc1F,10.6,0.7069548965593795,0.8185604840766872,0.5892857142857143
CC1[C@H](C(=O)O)CC(=O)N1C,5.1,0.5796409003376761,0.7319439454240226,0.1016949152542373
Nc1ccc(Cl)cc1,5.3,0.5297860823199099,0.9585283673387464,0.0588235294117647
O=C(NN(c1ccccc1)N(CC1CC1)c1ccc2c(c1)CNC(=O)c1cccn1-2)c1ccc(O)cc1Cl,11.8,0.2921938275894198,0.7466602787517737,0.3974358974358974
C=CCCC,3.6,0.4356038269849662,0.8300477339863686,0.0392156862745098
CNCN(C)c1ccccc1,5.5,0.6532651129824997,0.8590858187130456,0.1698113207547169
O=C1NCc2cc(C3CC3)ccc2-n2cccc21,8.2,0.813728434214047,0.8196771814644092,0.58
CC(=O)c1ccc2c(c1)CNC(=O)c1cccn1-2,8.4,0.7741391654251827,0.8304474564383041,0.6
O=C1NCCc2c(O)[nH]c3cccc1c23,7.8,0.5998092824668133,0.8098089021245498,0.6428571428571429
COC,2.3,0.3800398096193344,0.8936825512627795,0.081081081081081
COOc1[nH]c2cccc3c2c1CCNC3=O,7.7,0.6072527708094086,0.7691158533695387,0.8048780487804879
COC,2.3,0.3800398096193344,0.8936825512627795,0.081081081081081
COc1[nH]c2cccc3c2c1CCNC3=O,7.8,0.7578932450471935,0.8062678951582493,1.0
COC,2.3,0.3800398096193344,0.8936825512627795,0.081081081081081
Cc1[nH]c2cccc3c2c1CCNC3=O,8.1,0.6683819860767128,0.8337563082068397,0.6829268292682927
Cc1[nH]c2cccc3c2c1CCNC3=O,8.1,0.6683819860767128,0.8337563082068397,0.6829268292682927
COc1[nH]c2cccc3c2c1CCNC3=O,7.9,0.7578932450471935,0.8062678951582493,1.0
O=C1NCCc2c(O)[nH]c3cccc1c23,8.6,0.5998092824668133,0.8098089021245498,0.6428571428571429
COc1[nH]c2cccc3c2c1CCNC3=O,7.8,0.7578932450471935,0.8062678951582493,1.0
O=C1NCCc2c(-c3cccs3)[nH]c3cccc1c23,9.0,0.6992180478691161,0.8253314971175444,0.5510204081632653
COOc1[nH]c2cccc3c2c1CCNC3=O,7.8,0.6072527708094086,0.7691158533695387,0.8048780487804879
Cc1[nH]c2cccc3c2c1CCNC3=O,8.1,0.6683819860767128,0.8337563082068397,0.6829268292682927
Cc1[nH]c2cccc3c2c1CCNC3=O,7.6,0.6683819860767128,0.8337563082068397,0.6829268292682927
O=C1NCCc2c(-c3ccccc3)[nH]c3cccc1c23,8.8,0.6950359942741043,0.8591609713073688,0.6
O=C(O)Nc1[nH]c2cccc3c2c1CCNC3=O,8.7,0.6134915856719703,0.7997762648847596,0.5625
COOc1[nH]c2cccc3c2c1CCNC3=O,7.8,0.6072527708094086,0.7691158533695387,0.8048780487804879
O=C1NCCc2c(O)[nH]c3cccc1c23,8.0,0.5998092824668133,0.8098089021245498,0.6428571428571429
Cc1[nH]c2cccc3c2c1CCNC3=O,8.1,0.6683819860767128,0.8337563082068397,0.6829268292682927
COOc1[nH]c2cccc3c2c1CCNC3=O,7.6,0.6072527708094086,0.7691158533695387,0.8048780487804879
COc1[nH]c2cccc3c2c1CCNC3=O,7.8,0.7578932450471935,0.8062678951582493,1.0
COC,2.3,0.3800398096193344,0.8936825512627795,0.081081081081081
COc1[nH]c2cccc3c2c1CCNC3=O,7.9,0.7578932450471935,0.8062678951582493,1.0
COc1[nH]c2cccc3c2c1CCNC3=O,7.9,0.7578932450471935,0.8062678951582493,1.0
O=C1NCCc2c(-c3ccc(Cl)s3)[nH]c3cccc1c23,9.1,0.7046887945721148,0.812968389371479,0.5294117647058824
O=C1NCCc2c(-c3ccncc3)[nH]c3cccc1c23,9.4,0.7084364901548231,0.8340024315420494,0.574468085106383
COc1[nH]c2cccc3c2c1CCNC3=O,7.8,0.7578932450471935,0.8062678951582493,1.0
COOc1[nH]c2cccc3c2c1CCNC3=O,7.9,0.6072527708094086,0.7691158533695387,0.8048780487804879
Cc1[nH]c2cccc3c2c1CCNC3=O,8.1,0.6683819860767128,0.8337563082068397,0.6829268292682927
COOc1[nH]c2cccc3c2c1CCNC3=O,8.1,0.6072527708094086,0.7691158533695387,0.8048780487804879
COC,2.3,0.3800398096193344,0.8936825512627795,0.081081081081081
COc1[nH]c2cccc3c2c1CCNC3=O,7.5,0.7578932450471935,0.8062678951582493,1.0
COOc1[nH]c2cccc3c2c1CCNC3=O,7.7,0.6072527708094086,0.7691158533695387,0.8048780487804879
COc1[nH]c2cccc3c2c1CCNC3=O,8.1,0.7578932450471935,0.8062678951582493,1.0
Cc1[nH]c2cccc3c2c1CCNC3=O,8.1,0.6683819860767128,0.8337563082068397,0.6829268292682927
Cc1[nH]c2cccc3c2c1CCNC3=O,8.1,0.6683819860767128,0.8337563082068397,0.6829268292682927
Cc1cc(Oc2[nH]c3cccc4c3c2CCNC4=O)ccc1Cl,10.1,0.7409301439762065,0.8163277486128528,0.6153846153846154
COOc1[nH]c2cccc3c2c1CCNC3=O,8.1,0.6072527708094086,0.7691158533695387,0.8048780487804879
O=C1NCCc2c(Oc3ccco3)[nH]c3cccc1c23,8.9,0.75060913663116,0.7665304628327926,0.6595744680851063
COc1[nH]c2cccc3c2c1CCNC3=O,7.8,0.7578932450471935,0.8062678951582493,1.0
COc1[nH]c2cccc3c2c1CCNC3=O,7.9,0.7578932450471935,0.8062678951582493,1.0
COc1[nH]c2cccc3c2c1CCNC3=O,7.8,0.7578932450471935,0.8062678951582493,1.0
COc1[nH]c2cccc3c2c1CCNC3=O,7.9,0.7578932450471935,0.8062678951582493,1.0
CCOC(=O)c1[nH]c2cccc3c2c1CCNC3=O,7.9,0.8041609038136314,0.8338429948790422,0.58
COC,2.3,0.3800398096193344,0.8936825512627795,0.081081081081081
COOc1[nH]c2cccc3c2c1CCNC3=O,7.7,0.6072527708094086,0.7691158533695387,0.8048780487804879
Cc1[nH]c2cccc3c2c1CCNC3=O,8.2,0.6683819860767128,0.8337563082068397,0.6829268292682927
COc1[nH]c2cccc3c2c1CCNC3=O,7.8,0.7578932450471935,0.8062678951582493,1.0
Cc1[nH]c2cccc3c2c1CCNC3=O,8.1,0.6683819860767128,0.8337563082068397,0.6829268292682927
COc1[nH]c2cccc3c2c1CCNC3=O,8.0,0.7578932450471935,0.8062678951582493,1.0
COOc1[nH]c2cccc3c2c1CCNC3=O,7.6,0.6072527708094086,0.7691158533695387,0.8048780487804879
Cc1[nH]c2cccc3c2c1CCNC3=O,8.1,0.6683819860767128,0.8337563082068397,0.6829268292682927
Cc1[nH]c2cccc3c2c1CCNC3=O,8.1,0.6683819860767128,0.8337563082068397,0.6829268292682927
O=C1NCCc2c(OCC3CC3)[nH]c3cccc1c23,7.8,0.8845407944006951,0.7961627358787832,0.6595744680851063
COc1[nH]c2cccc3c2c1CCNC3=O,7.8,0.7578932450471935,0.8062678951582493,1.0
O=C1NCCc2c(Oc3ccccc3)[nH]c3cccc1c23,9.5,0.7557330040586815,0.8341855034369549,0.7045454545454546
COc1[nH]c2cccc3c2c1CCNC3=O,7.6,0.7578932450471935,0.8062678951582493,1.0
COOc1[nH]c2cccc3c2c1CCNC3=O,7.8,0.6072527708094086,0.7691158533695387,0.8048780487804879
COc1[nH]c2cccc3c2c1CCNC3=O,7.6,0.7578932450471935,0.8062678951582493,1.0
COc1[nH]c2cccc3c2c1CCNC3=O,7.9,0.7578932450471935,0.8062678951582493,1.0
O=C1NCCc2c(CO)[nH]c3cccc1c23,7.6,0.6640289852651396,0.8056618750913596,0.6
O=C1NCCc2c(CCc3ccc(O)cc3)[nH]c3cccc1c23,9.5,0.6963424922331861,0.8290152899272599,0.5192307692307693
COOc1[nH]c2cccc3c2c1CCNC3=O,8.1,0.6072527708094086,0.7691158533695387,0.8048780487804879
COOc1[nH]c2cccc3c2c1CCNC3=O,7.8,0.6072527708094086,0.7691158533695387,0.8048780487804879
COC,2.3,0.3800398096193344,0.8936825512627795,0.081081081081081
COc1[nH]c2cccc3c2c1CCNC3=O,7.9,0.7578932450471935,0.8062678951582493,1.0
COc1[nH]c2cccc3c2c1CCNC3=O,8.1,0.7578932450471935,0.8062678951582493,1.0
COc1[nH]c2cccc3c2c1CCNC3=O,7.9,0.7578932450471935,0.8062678951582493,1.0
Cc1[nH]c2cccc3c2c1CCNC3=O,8.1,0.6683819860767128,0.8337563082068397,0.6829268292682927
COOc1[nH]c2cccc3c2c1CCNC3=O,8.1,0.6072527708094086,0.7691158533695387,0.8048780487804879
O=C1NCCc2c(Oc3ccco3)[nH]c3cccc1c23,8.9,0.75060913663116,0.7665304628327926,0.6595744680851063
COOc1[nH]c2cccc3c2c1CCNC3=O,7.9,0.6072527708094086,0.7691158533695387,0.8048780487804879
COC,2.3,0.3800398096193344,0.8936825512627795,0.081081081081081
COc1[nH]c2cccc3c2c1CCNC3=O,7.8,0.7578932450471935,0.8062678951582493,1.0
COC,2.3,0.3800398096193344,0.8936825512627795,0.081081081081081
COC,2.3,0.3800398096193344,0.8936825512627795,0.081081081081081
COC,2.3,0.3800398096193344,0.8936825512627795,0.081081081081081
COc1[nH]c2cccc3c2c1CCNC3=O,7.8,0.7578932450471935,0.8062678951582493,1.0
COOc1[nH]c2cccc3c2c1CCNC3=O,7.7,0.6072527708094086,0.7691158533695387,0.8048780487804879
COOc1[nH]c2cccc3c2c1CCNC3=O,7.8,0.6072527708094086,0.7691158533695387,0.8048780487804879
COc1[nH]c2cccc3c2c1CCNC3=O,7.8,0.7578932450471935,0.8062678951582493,1.0
Cc1[nH]c2cccc3c2c1CCNC3=O,7.8,0.6683819860767128,0.8337563082068397,0.6829268292682927
Cc1[nH]c2cccc3c2c1CCNC3=O,8.0,0.6683819860767128,0.8337563082068397,0.6829268292682927
COC,2.3,0.3800398096193344,0.8936825512627795,0.081081081081081
Cc1[nH]c2cccc3c2c1CCNC3=O,8.0,0.6683819860767128,0.8337563082068397,0.6829268292682927
COOc1[nH]c2cccc3c2c1CCNC3=O,7.8,0.6072527708094086,0.7691158533695387,0.8048780487804879
COC,2.2,0.3800398096193344,0.8936825512627795,0.081081081081081
COC,2.2,0.3800398096193344,0.8936825512627795,0.081081081081081
COc1[nH]c2cccc3c2c1CCNC3=O,7.8,0.7578932450471935,0.8062678951582493,1.0
COc1[nH]c2cccc3c2c1CCNC3=O,7.8,0.7578932450471935,0.8062678951582493,1.0
Cc1[nH]c2cccc3c2c1CCNC3=O,8.1,0.6683819860767128,0.8337563082068397,0.6829268292682927
COC,2.3,0.3800398096193344,0.8936825512627795,0.081081081081081
COC,2.3,0.3800398096193344,0.8936825512627795,0.081081081081081
COc1[nH]c2cccc3c2c1CCNC3=O,8.1,0.7578932450471935,0.8062678951582493,1.0
COC[C@@H](O)c1[nH]c2cccc3c2c1CCNC3=O,7.9,0.7742431109440202,0.7394361009592275,0.6
COc1[nH]c2cccc3c2c1CCNC3=O,7.8,0.7578932450471935,0.8062678951582493,1.0
O=Cc1[nH]c2cccc3c2c1CCNC3=O,8.2,0.7019810804186123,0.7946916409776473,0.6136363636363636
COc1[nH]c2cccc3c2c1CCNC3=O,7.9,0.7578932450471935,0.8062678951582493,1.0
O=C1NCCc2c(OC3CC3)[nH]c3cccc1c23,8.3,0.8458401474918888,0.7941822110502079,0.7380952380952381
O=C1NCCc2c(OO)[nH]c3cccc1c23,7.6,0.4986590753169355,0.7733799352920285,0.7560975609756098
O=NCCCCCNC(=O)Oc1[nH]c2cccc3c2c1CCNC3=O,7.7,0.5287905786612417,0.7720539224760995,0.5254237288135594
COOc1[nH]c2cccc3c2c1CCNC3=O,7.7,0.6072527708094086,0.7691158533695387,0.8048780487804879
O=C1NCCc2c(Oc3[nH]cc4ccc(-c5[nH]c6cccc7c6c5CCNC7=O)cc34)[nH]c3cccc1c23,14.1,0.2306821481963407,0.7227925085632467,0.5344827586206896
O=C1NCCc2c(OC(=O)N3CCc4ccccc4C3)[nH]c3cccc1c23,10.7,0.6996562119276344,0.8046769703767556,0.5535714285714286
CC,1.7,0.3727855551576051,0.805825786783401,0.027027027027027
COc1[nH]c2cccc3c2c1CCNC3=O,8.1,0.7578932450471935,0.8062678951582493,1.0
Cc1[nH]c2cccc3c2c1CCNC3=O,8.1,0.6683819860767128,0.8337563082068397,0.6829268292682927
COc1[nH]c2cccc3c2c1CCNC3=O,8.0,0.7578932450471935,0.8062678951582493,1.0
COc1[nH]c2cccc3c2c1CCNC3=O,7.9,0.7578932450471935,0.8062678951582493,1.0
COOOOc1[nH]c2cccc3c2c1CCNC3=O,7.4,0.493270615048438,0.732601057557105,0.75
O=C1NCCc2c(Oc3ccccc3)[nH]c3cccc1c23,9.5,0.7557330040586815,0.8341855034369549,0.7045454545454546
O=C1NCCc2c(-c3[nH]c4cccc5c4c3CCNC5=O)[nH]c3cccc1c23,11.6,0.4150109329467134,0.780507729559058,0.675
COC,2.3,0.3800398096193344,0.8936825512627795,0.081081081081081
CC(=O)c1[nH]c2cccc3c2c1CCNC3=O,8.2,0.7289765150195879,0.8210046746672887,0.6222222222222222
COc1[nH]c2cccc3c2c1CCNC3=O,7.8,0.7578932450471935,0.8062678951582493,1.0
COc1[nH]c2cccc3c2c1CCNC3=O,7.9,0.7578932450471935,0.8062678951582493,1.0
CCOC(=O)OCC,3.6,0.5105361098562152,0.9096761195864989,0.0652173913043478
COc1[nH]c2cccc3c2c1CCNC3=O,7.8,0.7578932450471935,0.8062678951582493,1.0
Cc1ccco1,4.2,0.4628605847396023,0.8063295871436694,0.108695652173913
COc1[nH]c2cccc3c2c1CCNC3=O,7.9,0.7578932450471935,0.8062678951582493,1.0
O=Cc1[nH]c2cccc3c2c1CCNC3=O,7.6,0.7019810804186123,0.7946916409776473,0.6136363636363636
CC,1.7,0.3727855551576051,0.805825786783401,0.027027027027027
CC,1.7,0.3727855551576051,0.805825786783401,0.027027027027027
CN(C)C(=O)c1[nH]c2cccc3c2c1CCNC3=O,7.9,0.8046900842250888,0.8198383289649424,0.5833333333333334
CC(=O)O,3.4,0.4298828832001217,0.9427854734693698,0.048780487804878
Cc1[nH]c2cccc3c2c1CCNC3=O,8.1,0.6683819860767128,0.8337563082068397,0.6829268292682927
CCCOOc1[nH]c2cccc3c2c1CCNC3=O,7.8,0.5028729663187179,0.7683509876270349,0.6808510638297872
COC[C@@H](O)c1[nH]c2cccc3c2c1CCNC3=O,8.0,0.7742431109440202,0.7394361009592275,0.6
COC,2.3,0.3800398096193344,0.8936825512627795,0.081081081081081
CCOC(=O)c1[nH]c2cccc3c2c1CCNC3=O,7.7,0.8041609038136314,0.8338429948790422,0.58
CC,1.7,0.3727855551576051,0.805825786783401,0.027027027027027
O=C1NCCc2c(Oc3ccncc3)[nH]c3cccc1c23,9.1,0.7574797154802044,0.8072199947520914,0.6739130434782609
Cc1[nH]c2cccc3c2c1CCNC3=O,8.0,0.6683819860767128,0.8337563082068397,0.6829268292682927
COC[C@@H](O)c1[nH]c2cccc3c2c1CCNC3=O,7.3,0.7742431109440202,0.7394361009592275,0.6
Cc1cccc(-c2[nH]c3cccc4c3c2CCNC4=O)c1OO,10.0,0.5022104097133905,0.8045254176105219,0.5686274509803921
Cc1[nH]c2cccc3c2c1CCNC3=O,8.1,0.6683819860767128,0.8337563082068397,0.6829268292682927
COc1[nH]c2cccc3c2c1CCNC3=O,7.8,0.7578932450471935,0.8062678951582493,1.0
O=C1NCCc2c(Cl)[nH]c3cccc1c23,8.2,0.7019020490581281,0.8128360935377879,0.6428571428571429
COC[C@@H](O)c1[nH]c2cccc3c2c1CCNC3=O,7.6,0.7742431109440202,0.7394361009592275,0.6
O=C1NCCc2c(CCc3ccc(O)cc3)[nH]c3cccc1c23,9.5,0.6963424922331861,0.8290152899272599,0.5192307692307693
Cc1ccc(Oc2[nH]c3cccc4c3c2CCNC4=O)cc1C,10.3,0.7550405967166388,0.8221319444170487,0.6530612244897959
Cc1[nH]c2cccc3c2c1CCNC3=O,8.1,0.6683819860767128,0.8337563082068397,0.6829268292682927
Cc1[nH]c2cccc3c2c1CCNC3=O,8.1,0.6683819860767128,0.8337563082068397,0.6829268292682927
COOC,3.0,0.3187444544547157,0.8055042768881732,0.0789473684210526
O=C1NCCc2c(-c3ccncc3)[nH]c3cccc1c23,9.5,0.7084364901548231,0.8340024315420494,0.574468085106383
O=C(c1ccccc1)c1[nH]c2cccc3c2c1CCNC3=O,10.3,0.7127798144309248,0.8476243011245485,0.5510204081632653
CCOC(=O)[C@H](O)COC,4.2,0.5488269785090097,0.8055034569667762,0.0754716981132075
O=C1NCCc2c(-c3[nH]c4cccc5c4c3CCNC5=O)[nH]c3cccc1c23,11.5,0.4150109329467134,0.780507729559058,0.675
O=C1NCCc2c(-c3[nH]c4cccc5c4c3CCNC5=O)[nH]c3cccc1c23,11.5,0.4150109329467134,0.780507729559058,0.675
COCCc1ccc(O)cc1,6.2,0.7121395399334229,0.9360659675964202,0.1176470588235294
O=C1NCCc2c(OOC3CC3)[nH]c3cccc1c23,8.0,0.652815648445787,0.7581146239906713,0.6888888888888889
O=C1NCCc2c(-c3ccccc3)[nH]c3cccc1c23,9.5,0.6950359942741043,0.8591609713073688,0.6
Cc1[nH]c2cccc3c2c1CCNC3=O,8.1,0.6683819860767128,0.8337563082068397,0.6829268292682927
Cc1[nH]c2cccc3c2c1CCNC3=O,7.9,0.6683819860767128,0.8337563082068397,0.6829268292682927
CCOc1[nH]c2cccc3c2c1CCNC3=O,7.6,0.8268716770063448,0.8071277842957554,0.7441860465116279
CO,1.9,0.3852844044738431,0.8109950175526317,0.0263157894736842
COc1[nH]c2cccc3c2c1CCNC3=O,7.8,0.7578932450471935,0.8062678951582493,1.0
O=C1NCCc2c(OCc3ccccc3Cl)[nH]c3cccc1c23,9.5,0.7710031380507082,0.8225783209261118,0.6078431372549019
O=C1NCCc2c(-c3[nH]c4cccc5c4c3CCNC5=O)[nH]c3cccc1c23,11.3,0.4150109329467134,0.780507729559058,0.675
Cc1[nH]c2cccc3c2c1CCNC3=O,8.1,0.6683819860767128,0.8337563082068397,0.6829268292682927
CC,1.7,0.3727855551576051,0.805825786783401,0.027027027027027
O=C1NCCc2c(-c3[nH]c4cccc5c4c3CCNC5=O)[nH]c3cccc1c23,11.5,0.4150109329467134,0.780507729559058,0.675
Cc1[nH]c2cccc3c2c1CCNC3=O,8.1,0.6683819860767128,0.8337563082068397,0.6829268292682927
O=C1NCCc2c(OC3CC3)[nH]c3cccc1c23,8.4,0.8458401474918888,0.7941822110502079,0.7380952380952381
O=COc1[nH]c2cccc3c2c1CCNC3=O,7.8,0.7555639606797085,0.7698386163208731,0.7209302325581395
Cc1ccncc1,5.1,0.4719983679006756,0.9353359262836493,0.1136363636363636
COOOc1[nH]c2cccc3c2c1CCNC3=O,8.1,0.634490348553026,0.7509674181507998,0.7674418604651163
COc1[nH]c2cccc3c2c1CCNC3=O,7.4,0.7578932450471935,0.8062678951582493,1.0
COc1[nH]c2cccc3c2c1CCNC3=O,7.6,0.7578932450471935,0.8062678951582493,1.0
CC,1.7,0.3727855551576051,0.805825786783401,0.027027027027027
CC,1.7,0.3727855551576051,0.805825786783401,0.027027027027027
COc1[nH]c2cccc3c2c1CCNC3=O,7.9,0.7578932450471935,0.8062678951582493,1.0
CC,1.7,0.3727855551576051,0.805825786783401,0.027027027027027
O=C1NCCc2c(Oc3ccc(O)cc3)[nH]c3cccc1c23,9.6,0.6799876621393647,0.8212286280476254,0.6595744680851063
COOOc1[nH]c2cccc3c2c1CCNC3=O,7.4,0.634490348553026,0.7509674181507998,0.7674418604651163
COC=O,3.0,0.3912258247330485,0.7834376102215064,0.0975609756097561
CC,1.7,0.3727855551576051,0.805825786783401,0.027027027027027
O=C1NCCc2c(CCCO)[nH]c3cccc1c23,8.0,0.7633414504009026,0.8087026252513917,0.5510204081632653
COC,2.3,0.3800398096193344,0.8936825512627795,0.081081081081081
O=C1NCCc2c(Cl)[nH]c3cccc1c23,8.2,0.7019020490581281,0.8128360935377879,0.6428571428571429
Cc1cc(C(F)(F)F)ccc1Oc1[nH]c2cccc3c2c1CCNC3=O,11.1,0.7031956194046475,0.8064999431564205,0.6226415094339622
COc1[nH]c2cccc3c2c1CCNC3=O,7.8,0.7578932450471935,0.8062678951582493,1.0
COC[C@@H](O)c1[nH]c2cccc3c2c1CCNC3=O,7.3,0.7742431109440202,0.7394361009592275,0.6
NC1(Oc2[nH]c3cccc4c3c2CCNC4=O)CCCC1,8.7,0.7388443389379743,0.7412569999996204,0.6458333333333334
COc1[nH]c2cccc3c2c1CCNC3=O,8.1,0.7578932450471935,0.8062678951582493,1.0
COc1[nH]c2cccc3c2c1CCNC3=O,7.9,0.7578932450471935,0.8062678951582493,1.0
Cc1[nH]c2cccc3c2c1CCNC3=O,8.1,0.6683819860767128,0.8337563082068397,0.6829268292682927
CC,1.7,0.3727855551576051,0.805825786783401,0.027027027027027
O=C1NCCc2c(Oc3ccc(O)cc3)[nH]c3cccc1c23,8.5,0.6799876621393647,0.8212286280476254,0.6595744680851063
CNc1[nH]c2cccc3c2c1CCNC3=O,8.1,0.6747859892562701,0.7959023433187843,0.6363636363636364
COOc1[nH]c2cccc3c2c1CCNC3=O,7.8,0.6072527708094086,0.7691158533695387,0.8048780487804879
O=C1NCCc2c(-c3[nH]c4cccc5c4c3CCNC5=O)[nH]c3cccc1c23,11.6,0.4150109329467134,0.780507729559058,0.675
COOc1[nH]c2cccc3c2c1CCNC3=O,8.3,0.6072527708094086,0.7691158533695387,0.8048780487804879
O=C(O)c1[nH]c2cccc3c2c1CCNC3=O,8.2,0.6869006436572186,0.8277764695390835,0.6
COC(=O)c1[nH]c2cccc3c2c1CCNC3=O,8.0,0.7412849537557017,0.8298830522150763,0.6521739130434783
O=C1NCCc2c(-c3ccco3)[nH]c3cccc1c23,9.0,0.6992297511849237,0.8195963322823796,0.5510204081632653
Cc1c(O)cnn1-c1[nH]c2cccc3c2c1CCNC3=O,8.4,0.6344006810426314,0.7671657515759127,0.509090909090909
COOc1[nH]c2cccc3c2c1CCNC3=O,7.9,0.6072527708094086,0.7691158533695387,0.8048780487804879
COc1[nH]c2cccc3c2c1CCNC3=O,8.1,0.7578932450471935,0.8062678951582493,1.0
O=C1NCCc2c(CCOc3ccco3)[nH]c3cccc1c23,8.6,0.7775328279336076,0.7753342752369744,0.509090909090909
O=C1NCCc2c(O)[nH]c3cccc1c23,8.5,0.5998092824668133,0.8098089021245498,0.6428571428571429
O=C1NCCc2c(Oc3ccncc3)[nH]c3cccc1c23,9.1,0.7574797154802044,0.8072199947520914,0.6739130434782609
Cc1[nH]c2cccc3c2c1CCNC3=O,8.1,0.6683819860767128,0.8337563082068397,0.6829268292682927
O=C1NCCc2c(-c3[nH]c4cccc5c4c3CCNC5=O)[nH]c3cccc1c23,11.5,0.4150109329467134,0.780507729559058,0.675
Cc1[nH]c2cccc3c2c1CCNC3=O,8.1,0.6683819860767128,0.8337563082068397,0.6829268292682927
COOc1[nH]c2cccc3c2c1CCNC3=O,7.7,0.6072527708094086,0.7691158533695387,0.8048780487804879
Cc1[nH]c2cccc3c2c1CCNC3=O,8.1,0.6683819860767128,0.8337563082068397,0.6829268292682927
COC[C@H](C)O,3.7,0.5173841339875317,0.8027354098318654,0.0638297872340425
O=C(CCO)N1CCc2ccccc2C1,7.1,0.7806903838790287,0.8973330523928862,0.1186440677966101
COC,2.3,0.3800398096193344,0.8936825512627795,0.081081081081081
O=C1NCCc2c(Oc3ccncc3)[nH]c3cccc1c23,9.1,0.7574797154802044,0.8072199947520914,0.6739130434782609
O=C1NCCc2c(-c3[nH]c4cccc5c4c3CCNC5=O)[nH]c3cccc1c23,11.6,0.4150109329467134,0.780507729559058,0.675
CCOC,2.8,0.4315009980580737,0.8949213709052672,0.073170731707317
CC1CC1,3.2,0.3934207493755274,0.9587811999650964,0.048780487804878
O=C1NCCc2c(OO)[nH]c3cccc1c23,7.8,0.4986590753169355,0.7733799352920285,0.7560975609756098
COOC1CC1,3.9,0.3656369543000537,0.759503229677606,0.1136363636363636
O=C1NCCc2c(-c3ccccc3)[nH]c3cccc1c23,9.5,0.6950359942741043,0.8591609713073688,0.6
NC(=O)c1ccc(Oc2[nH]c3cccc4c3c2CCNC4=O)cc1,10.9,0.6904481859808768,0.8247315464908898,0.6078431372549019
COOOC,3.4,0.3467084215394863,0.7187199233354811,0.075
O=C1NCCc2c(Oc3ccccc3Cl)[nH]c3cccc1c23,9.6,0.7537618498950502,0.8238822338168562,0.6458333333333334
O=C1NCCc2c(Cc3ccc(O)cc3)[nH]c3cccc1c23,9.7,0.6797297625447596,0.8271038684322407,0.5294117647058824
COO,2.7,0.3106153430492369,0.7970646025448309,0.0769230769230769
COc1[nH]c2cccc3c2c1CCNC3=O,7.9,0.7578932450471935,0.8062678951582493,1.0
O=C1NCCc2c(Oc3ccc(Cl)s3)[nH]c3cccc1c23,9.4,0.7511102137500378,0.7725825989907931,0.62
Cc1[nH]c2cccc3c2c1CCNC3=O,8.0,0.6683819860767128,0.8337563082068397,0.6829268292682927
O=C(Oc1ccccc1)c1[nH]c2cccc3c2c1CCNC3=O,9.9,0.5646359098074331,0.8435429592728396,0.5490196078431373
Oc1ccc(Oc2ccncc2)cc1,7.2,0.7851904542406094,0.9224986966491746,0.0980392156862745
C[C@]1(c2[nH]c3cccc4c3c2CCNC4=O)CCC1=O,7.9,0.8314111772923534,0.7388902114355526,0.5714285714285714
COc1[nH]c2cccc3c2c1CCNC3=O,8.1,0.7578932450471935,0.8062678951582493,1.0
O=C1NCCc2c(Cc3cccs3)[nH]c3cccc1c23,9.2,0.7450632438851332,0.8054037353230142,0.5192307692307693
O=C1NCCc2c(NC3CCNCC3)[nH]c3cccc1c23,9.1,0.6771789204554924,0.7890716076553174,0.5294117647058824
Cc1[nH]c2cccc3c2c1CCNC3=O,8.0,0.6683819860767128,0.8337563082068397,0.6829268292682927
COc1[nH]c2cccc3c2c1CCNC3=O,7.7,0.7578932450471935,0.8062678951582493,1.0
COOc1[nH]c2cccc3c2c1CCNC3=O,7.8,0.6072527708094086,0.7691158533695387,0.8048780487804879
C[C@H]1CSC1Nc1[nH]c2cccc3c2c1CCNC3=O,8.6,0.7954675976502726,0.6573820955419288,0.5185185185185185
Cc1[nH]c2cccc3c2c1CCNC3=O,8.1,0.6683819860767128,0.8337563082068397,0.6829268292682927
O=C1NCCc2c(-c3ccco3)[nH]c3cccc1c23,8.9,0.6992297511849237,0.8195963322823796,0.5510204081632653
COc1[nH]c2cccc3c2c1CCNC3=O,7.8,0.7578932450471935,0.8062678951582493,1.0
O=C1NCCc2c(-c3[nH]c4cccc5c4c3CCNC5=O)[nH]c3cccc1c23,11.4,0.4150109329467134,0.780507729559058,0.675
COOO,3.4,0.3452623991336481,0.7663162427001389,0.073170731707317
COOc1[nH]c2cccc3c2c1CCNC3=O,8.3,0.6072527708094086,0.7691158533695387,0.8048780487804879
COCOc1[nH]c2cccc3c2c1CCNC3=O,7.7,0.805332776329344,0.7905609092750601,0.75
COc1[nH]c2cccc3c2c1CCNC3=O,7.2,0.7578932450471935,0.8062678951582493,1.0
CCCO,3.2,0.4637839830239684,0.8928427384266348,0.0232558139534883
CNc1ccnc(OOOc2[nH]c3cccc4c3c2CCNC4=O)c1,9.3,0.4865247497156278,0.7393293966594504,0.5614035087719298
COC(=O)c1[nH]c2cccc3c2c1CCNC3=O,8.0,0.7412849537557017,0.8298830522150763,0.6521739130434783
Cc1[nH]c2cccc3c2c1CCNC3=O,8.1,0.6683819860767128,0.8337563082068397,0.6829268292682927
O=C1NCCc2c(OOC3CC3)[nH]c3cccc1c23,8.4,0.652815648445787,0.7581146239906713,0.6888888888888889
CC,1.7,0.3727855551576051,0.805825786783401,0.027027027027027
CC(=O)c1[nH]c2cccc3c2c1CCNC3=O,8.3,0.7289765150195879,0.8210046746672887,0.6222222222222222
O=C1NCCc2c(-c3ccncc3)[nH]c3cccc1c23,9.5,0.7084364901548231,0.8340024315420494,0.574468085106383
CNC(=O)c1[nH]c2cccc3c2c1CCNC3=O,8.4,0.6931801367688154,0.8224194021396615,0.5833333333333334
COOc1[nH]c2cccc3c2c1CCNC3=O,8.0,0.6072527708094086,0.7691158533695387,0.8048780487804879
O=C1NCCc2c(-c3ccco3)[nH]c3cccc1c23,9.0,0.6992297511849237,0.8195963322823796,0.5510204081632653
COc1ccc(O)cc1,5.6,0.6127725486570803,0.972616853898015,0.1555555555555555
O=C1NCCc2c(-c3[nH]c4cccc5c4c3CCNC5=O)[nH]c3cccc1c23,11.5,0.4150109329467134,0.780507729559058,0.675
CCOC(=O)c1[nH]c2cccc3c2c1CCNC3=O,7.3,0.8041609038136314,0.8338429948790422,0.58
COOc1[nH]c2cccc3c2c1CCNC3=O,8.1,0.6072527708094086,0.7691158533695387,0.8048780487804879
COC,2.3,0.3800398096193344,0.8936825512627795,0.081081081081081
COC,2.3,0.3800398096193344,0.8936825512627795,0.081081081081081
O=C1NCCc2c(-c3[nH]c4cccc5c4c3CCNC5=O)[nH]c3cccc1c23,11.4,0.4150109329467134,0.780507729559058,0.675
CC=O,2.5,0.355007613393232,0.7732261410063693,0.05
O=C1NCCc2c(-c3cccs3)[nH]c3cccc1c23,8.8,0.6992180478691161,0.8253314971175444,0.5510204081632653
COC[C@@H](O)c1[nH]c2cccc3c2c1CCNC3=O,7.7,0.7742431109440202,0.7394361009592275,0.6
COOC(=O)N1CCc2ccccc2C1,6.9,0.5198112230116968,0.8530772384393978,0.175438596491228
Cc1[nH]c2cccc3c2c1CCNC3=O,8.1,0.6683819860767128,0.8337563082068397,0.6829268292682927
COc1ccc(C)c(C)c1,6.2,0.5753074009416118,0.9725672213665384,0.1489361702127659
O=C1NCCc2c(-c3cnn(-c4[nH]c5cccc6c5c4CCNC6=O)c3)[nH]c3cccc1c23,13.4,0.3415612754309935,0.7463321210461689,0.4821428571428571
Cc1ccc(-c2[nH]c3cccc4c3c2CCNC4=O)s1,9.1,0.7047914755192899,0.8149866917587468,0.5918367346938775
COc1[nH]c2cccc3c2c1CCNC3=O,7.7,0.7578932450471935,0.8062678951582493,1.0
COc1[nH]c2cccc3c2c1CCNC3=O,7.8,0.7578932450471935,0.8062678951582493,1.0
COc1[nH]c2cccc3c2c1CCNC3=O,7.9,0.7578932450471935,0.8062678951582493,1.0
O=C1NCCc2c(-c3ccc4ccccc4c3)[nH]c3cccc1c23,10.9,0.5413674934979585,0.8504093802717241,0.5294117647058824
Cc1ccc(Cl)s1,4.3,0.5093732124941377,0.8681630113038923,0.1063829787234042
COc1[nH]c2cccc3c2c1CCNC3=O,7.8,0.7578932450471935,0.8062678951582493,1.0
COOc1[nH]c2cccc3c2c1CCNC3=O,7.7,0.6072527708094086,0.7691158533695387,0.8048780487804879
COC,2.3,0.3800398096193344,0.8936825512627795,0.081081081081081
COc1[nH]c2cccc3c2c1CCNC3=O,7.8,0.7578932450471935,0.8062678951582493,1.0
COc1[nH]c2cccc3c2c1CCNC3=O,7.9,0.7578932450471935,0.8062678951582493,1.0
O=C1NCCc2c(-c3[nH]c4cccc5c4c3CCNC5=O)[nH]c3cccc1c23,11.5,0.4150109329467134,0.780507729559058,0.675
O=C1NCCc2c(OO)[nH]c3cccc1c23,8.6,0.4986590753169355,0.7733799352920285,0.7560975609756098
COOC,3.0,0.3187444544547157,0.8055042768881732,0.0789473684210526
O=C1NCCc2c(OO)[nH]c3cccc1c23,7.7,0.4986590753169355,0.7733799352920285,0.7560975609756098
CC,1.7,0.3727855551576051,0.805825786783401,0.027027027027027
COc1[nH]c2cccc3c2c1CCNC3=O,8.1,0.7578932450471935,0.8062678951582493,1.0
Cc1[nH]c2cccc3c2c1CCNC3=O,8.1,0.6683819860767128,0.8337563082068397,0.6829268292682927
CNC(C)c1[nH]c2cccc3c2c1CCNC3=O,8.2,0.7521204867331589,0.7457607904387173,0.5833333333333334
COc1[nH]c2cccc3c2c1CCNC3=O,7.8,0.7578932450471935,0.8062678951582493,1.0
COOCc1[nH]c2cccc3c2c1CCNC3=O,7.8,0.6374032948382035,0.7786629802809772,0.6382978723404256
O=C1NCCc2c(CCCO)[nH]c3cccc1c23,8.0,0.7633414504009026,0.8087026252513917,0.5510204081632653
COOc1[nH]c2cccc3c2c1CCNC3=O,7.7,0.6072527708094086,0.7691158533695387,0.8048780487804879
O=C1NCCc2c(-c3ccccc3Cl)[nH]c3cccc1c23,9.7,0.7051631639440175,0.849375284993315,0.574468085106383
CC(=O)c1[nH]c2cccc3c2c1CCNC3=O,7.7,0.7289765150195879,0.8210046746672887,0.6222222222222222
COc1[nH]c2cccc3c2c1CCNC3=O,7.8,0.7578932450471935,0.8062678951582493,1.0
O=C1NCCc2c(C(F)F)[nH]c3cccc1c23,8.2,0.7841231843812945,0.7900723028724168,0.6
O=C1NCCc2c(-c3[nH]c4cccc5c4c3CCNC5=O)[nH]c3cccc1c23,11.5,0.4150109329467134,0.780507729559058,0.675
O=C1NCCc2c(N3CCCCC3)[nH]c3cccc1c23,9.2,0.8350991136747234,0.8200613624416582,0.5625
Cc1[nH]c2cccc3c2c1CCNC3=O,8.0,0.6683819860767128,0.8337563082068397,0.6829268292682927
O=C1NCCc2c(-c3[nH]c4cccc5c4c3CCNC5=O)[nH]c3cccc1c23,11.4,0.4150109329467134,0.780507729559058,0.675
C[C@]1(Oc2[nH]c3cccc4c3c2CCNC4=O)CCC1=O,8.9,0.8851647015736398,0.6977385727558132,0.6666666666666666
COOc1ccccc1,5.0,0.4403279635854492,0.8888774929512695,0.1555555555555555
COc1[nH]c2cccc3c2c1CCNC3=O,7.8,0.7578932450471935,0.8062678951582493,1.0
CC[SiH2]c1ccc(Oc2ccncc2)cc1,0.0,0.7491350201328518,0.8145486964106509,0.1071428571428571
O=C1NCCc2c[nH]c3cccc1c23,7.5,0.6423190753154233,0.83873809627394,0.4888888888888889
Cc1cc(ON)ccc1Cl,6.3,0.6323940201899556,0.8720737740730912,0.0943396226415094
COOc1[nH]c2cccc3c2c1CCNC3=O,7.5,0.6072527708094086,0.7691158533695387,0.8048780487804879
COc1ccccc1,5.1,0.5316253154127668,1.0,0.1904761904761904
CNC1CCNCC1,4.2,0.4995133646308862,0.8403265734804306,0.0833333333333333
O=C1NCCc2c(C(c3[nH]c4cccc5c4c3CCNC5=O)N3CCOCC3)[nH]c3cccc1c23,12.6,0.370509840762914,0.7437484084246196,0.5094339622641509
Cc1cc(Oc2[nH]c3cccc4c3c2CCNC4=O)ccc1N,10.1,0.6362704785284903,0.8078249514100558,0.6153846153846154
O=C1NCCc2c(Oc3ccc(C(F)F)cc3Oc3[nH]c4cccc5c4c3CCNC5=O)[nH]c3cccc1c23,13.7,0.2332163363338928,0.7286796538119751,0.5849056603773585
O=C1NCCc2c(CCO)[nH]c3cccc1c23,7.9,0.7199487689063643,0.8053306100414382,0.574468085106383
Clc1ccccc1COOc1ccco1,6.6,0.5889706735784193,0.8255446884312665,0.1
CC,1.7,0.3727855551576051,0.805825786783401,0.027027027027027
Cc1ccco1,4.2,0.4628605847396023,0.8063295871436694,0.108695652173913
CC,1.7,0.3727855551576051,0.805825786783401,0.027027027027027
O=C1NCCc2c(O)[nH]c3cccc1c23,8.7,0.5998092824668133,0.8098089021245498,0.6428571428571429
O=C(c1ccc(F)c(F)c1)c1[nH]c2cccc3c2c1CCNC3=O,10.3,0.711353311601926,0.8271120665249904,0.4909090909090909
COC1CC1,3.2,0.4447968349984857,0.8889009884242386,0.119047619047619
O=C1NCCc2c(OOc3ccc4ncoc4c3)[nH]c3cccc1c23,10.0,0.443703041269949,0.7555820409792182,0.5344827586206896
CCOC,2.8,0.4315009980580737,0.8949213709052672,0.073170731707317
O=C1NCCc2c(CCCC3CCNCC3)[nH]c3cccc1c23,9.2,0.813027719097286,0.7974925641894333,0.4909090909090909
O=C1NCCc2c(-c3ccccc3)[nH]c3cccc1c23,9.5,0.6950359942741043,0.8591609713073688,0.6
COc1ccc(O)cc1,5.6,0.6127725486570803,0.972616853898015,0.1555555555555555
O=C1NCCc2c(-c3[nH]c4cccc5c4c3CCNC5=O)[nH]c3cccc1c23,11.4,0.4150109329467134,0.780507729559058,0.675
COC(=O)c1[nH]c2cccc3c2c1CCNC3=O,8.0,0.7412849537557017,0.8298830522150763,0.6521739130434783
COOc1[nH]c2cccc3c2c1CCNC3=O,7.6,0.6072527708094086,0.7691158533695387,0.8048780487804879
COC1CC1,3.2,0.4447968349984857,0.8889009884242386,0.119047619047619
O=C1NCCc2c(OOc3ccncc3)[nH]c3cccc1c23,9.0,0.5736064317053842,0.7748812574854952,0.6595744680851063
COc1[nH]c2cccc3c2c1CCNC3=O,7.9,0.7578932450471935,0.8062678951582493,1.0
COC(C)c1[nH]c2cccc3c2c1CCNC3=O,8.1,0.8501958705162412,0.7425559638927142,0.6521739130434783
NC(=O)OOc1[nH]c2cccc3c2c1CCNC3=O,8.5,0.5497457416474857,0.7528333082693555,0.6595744680851063
Cc1ccc(-c2[nH]c3cccc4c3c2CCNC4=O)c(C)c1,10.0,0.7043282217243763,0.8425152313748536,0.56
CNC(=O)Oc1[nH]c2cccc3c2c1CCNC3=O,8.3,0.718548083273459,0.7904145048505522,0.6808510638297872
CC,1.7,0.3727855551576051,0.805825786783401,0.027027027027027
Cc1[nH]c2cccc3c2c1CCNC3=O,8.1,0.6683819860767128,0.8337563082068397,0.6829268292682927
Cc1[nH]c2cccc3c2c1CCNC3=O,8.0,0.6683819860767128,0.8337563082068397,0.6829268292682927
CCc1noc(-c2[nH]c3cccc4c3c2CCNC4=O)n1,9.0,0.753279212097422,0.7978090807057993,0.5
COC(=O)N1CCc2ccccc2C1,6.9,0.62556664524568,0.9114057041538652,0.1818181818181818
O=C1NCCc2c(OO)[nH]c3cccc1c23,8.2,0.4986590753169355,0.7733799352920285,0.7560975609756098
COC,2.3,0.3800398096193344,0.8936825512627795,0.081081081081081
O=C1NCCc2c(-c3[nH]c4cccc5c4c3CCNC5=O)[nH]c3cccc1c23,11.4,0.4150109329467134,0.780507729559058,0.675
O=C1NCCc2c(-c3ccncc3)[nH]c3cccc1c23,9.5,0.7084364901548231,0.8340024315420494,0.574468085106383
O=C1NCCc2c(Cc3[nH]c4cccc5c4c3CCNC5=O)[nH]c3cccc1c23,11.9,0.4281115705431427,0.7604665119878377,0.627906976744186
O=C1NCCc2c(Oc3ccccc3Cl)[nH]c3cccc1c23,9.6,0.7537618498950502,0.8238822338168562,0.6458333333333334
O=C1NCCc2c(OC3CC3)[nH]c3cccc1c23,8.4,0.8458401474918888,0.7941822110502079,0.7380952380952381
O=C1NCCc2c(-c3[nH]c4cccc5c4c3CCNC5=O)[nH]c3cccc1c23,11.6,0.4150109329467134,0.780507729559058,0.675
O=C1NCCc2c(CCC3(c4[nH]c5cccc6c5c4CCNC6=O)CCC3)[nH]c3cccc1c23,12.2,0.3724198503596531,0.7412954963352826,0.5
O=C(Oc1ccccc1)N1CCc2ccccc2C1,8.4,0.7804474659400981,0.9181004531615002,0.135593220338983
Cc1ccc(C)s1,4.4,0.4830395759177518,0.8738771813443782,0.119047619047619
O=C1NCCc2c(CCCO)[nH]c3cccc1c23,8.0,0.7633414504009026,0.8087026252513917,0.5510204081632653
CCCCO,3.6,0.5128217987135145,0.9023187399035284,0.0217391304347826
COC,2.3,0.3800398096193344,0.8936825512627795,0.081081081081081
O=C1NCCc2c(OCl)[nH]c3cccc1c23,7.3,0.7956837261108762,0.7683645506766439,0.7560975609756098
CC(C)[C@H](O)C(=O)Nc1[nH]c2cccc3c2c1CCNC3=O,8.6,0.6901720793025166,0.7463569066150835,0.5185185185185185
COOc1[nH]c2cccc3c2c1CCNC3=O,7.7,0.6072527708094086,0.7691158533695387,0.8048780487804879
O=C1NCCc2c(-c3ccc(Cl)s3)[nH]c3cccc1c23,8.0,0.7046887945721148,0.812968389371479,0.5294117647058824
O=C1NCCc2c(ONC3CCNCC3)[nH]c3cccc1c23,9.5,0.6399837687429937,0.7542720267162645,0.62
Cc1[nH]c2cccc3c2c1CCNC3=O,8.1,0.6683819860767128,0.8337563082068397,0.6829268292682927
CNc1cc(OCCF)ccc1Oc1[nH]c2cccc3c2c1CCNC3=O,9.9,0.6201611108301135,0.7849778517089904,0.5161290322580645
Cc1[nH]c2cccc3c2c1CCNC3=O,8.1,0.6683819860767128,0.8337563082068397,0.6829268292682927
COc1ccco1,4.4,0.527659799582626,0.810564387822111,0.2
CC[NH+](CC)c1[nH]c2cccc3c2c1CCNC3=O,8.1,0.755899863205412,0.6971823111183585,0.5957446808510638
COOc1[nH]c2cccc3c2c1CCNC3=O,7.8,0.6072527708094086,0.7691158533695387,0.8048780487804879
COc1[nH]c2cccc3c2c1CCNC3=O,7.8,0.7578932450471935,0.8062678951582493,1.0
Cc1ccc(-c2[nH]c3cccc4c3c2CCNC4=O)s1,9.1,0.7047914755192899,0.8149866917587468,0.5918367346938775
CC(=O)Oc1[nH]c2cccc3c2c1CCNC3=O,8.1,0.7443097717717878,0.7963334292889829,0.7441860465116279
COc1[nH]c2cccc3c2c1CCNC3=O,7.8,0.7578932450471935,0.8062678951582493,1.0
C[C@]1(C2CC2)CCC1=O,4.5,0.5202878199608046,0.778141418667659,0.12
COOc1[nH]c2cccc3c2c1CCNC3=O,7.8,0.6072527708094086,0.7691158533695387,0.8048780487804879
COC,2.3,0.3800398096193344,0.8936825512627795,0.081081081081081
COC,2.3,0.3800398096193344,0.8936825512627795,0.081081081081081
O=C1NCCc2c(-c3ccncc3)[nH]c3cccc1c23,9.3,0.7084364901548231,0.8340024315420494,0.574468085106383
O=C1NCCc2c(Oc3ccc(-c4[nH]c5cccc6c5c4CCNC6=O)cc3)[nH]c3cccc1c23,13.2,0.3133015267405726,0.7714679005829467,0.6326530612244898
NC(=O)c1[nH]c2cccc3c2c1CCNC3=O,8.3,0.6664740319069161,0.8189806362057502,0.5869565217391305
COc1ccc(Oc2[nH]c3cccc4c3c2CCNC4=O)cc1,10.2,0.7804210682516477,0.83416752873323,0.7727272727272727
Cc1[nH]c2cccc3c2c1CCNC3=O,8.1,0.6683819860767128,0.8337563082068397,0.6829268292682927
O=C1NCCc2c(Oc3ccc(Cl)cc3)[nH]c3cccc1c23,9.8,0.7537618498950502,0.8297964165091637,0.6595744680851063
O=C1NCCc2c(-c3cc4ccccc4o3)[nH]c3cccc1c23,9.9,0.5605937531918203,0.8259041026509717,0.5
O=C1NCCc2c(CCCCCO)[nH]c3cccc1c23,8.1,0.7302428454058083,0.815135763376784,0.5294117647058824
COc1[nH]c2cccc3c2c1CCNC3=O,7.9,0.7578932450471935,0.8062678951582493,1.0
O=C1NCCc2c(C3CC3)[nH]c3cccc1c23,8.8,0.7697977057077745,0.8242210339032907,0.6
CNCCCOc1[nH]c2cccc3c2c1CCNC3=O,7.8,0.7222436957692512,0.7964171957375267,0.6530612244897959
CNC(C)Oc1[nH]c2cccc3c2c1CCNC3=O,7.4,0.7298952811236947,0.7198936508167773,0.6808510638297872
CCCc1[nH]c2cccc3c2c1CCNC3=O,8.3,0.8141895734628026,0.8183500762894761,0.6086956521739131
COOc1[nH]c2cccc3c2c1CCNC3=O,8.1,0.6072527708094086,0.7691158533695387,0.8048780487804879
COc1[nH]c2cccc3c2c1CCNC3=O,7.8,0.7578932450471935,0.8062678951582493,1.0
O=C1NCCc2c(-c3ccccc3)[nH]c3cccc1c23,9.1,0.6950359942741043,0.8591609713073688,0.6
O=C1NCCc2c(-c3[nH]c4cccc5c4c3CCNC5=O)[nH]c3cccc1c23,11.5,0.4150109329467134,0.780507729559058,0.675
Cc1cc(-c2ccc(O)cc2)ccc1OCCC[NH3+],7.3,0.808940706040219,0.8436509720870193,0.0967741935483871
CCc1[nH]c2cccc3c2c1CCNC3=O,8.1,0.7490749012299804,0.8158826108773128,0.6363636363636364
O=C1NCCc2c(OOC3CC3)[nH]c3cccc1c23,8.3,0.652815648445787,0.7581146239906713,0.6888888888888889
CC,1.7,0.3727855551576051,0.805825786783401,0.027027027027027
O=C1NCCc2c(OOc3ccccc3Cl)[nH]c3cccc1c23,9.4,0.571275208562941,0.7933790097894872,0.6326530612244898
O=C1NCCc2c(-c3[nH]c4cccc5c4c3CCNC5=O)[nH]c3cccc1c23,11.5,0.4150109329467134,0.780507729559058,0.675
COOc1[nH]c2cccc3c2c1CCNC3=O,7.9,0.6072527708094086,0.7691158533695387,0.8048780487804879
NC(=O)c1[nH]c2cccc3c2c1CCNC3=O,8.6,0.6664740319069161,0.8189806362057502,0.5869565217391305
O=C1NCCc2c(Oc3ccncc3)[nH]c3cccc1c23,9.1,0.7574797154802044,0.8072199947520914,0.6739130434782609
O=C1NCCc2c(-c3[nH]c4cccc5c4c3CCNC5=O)[nH]c3cccc1c23,11.6,0.4150109329467134,0.780507729559058,0.675
NCl,2.1,0.388046987274966,0.664502709860324,0.0
COC,2.3,0.3800398096193344,0.8936825512627795,0.081081081081081
CC[NH+](COC)c1[nH]c2cccc3c2c1CCNC3=O,7.9,0.7149192503263518,0.642483193891693,0.5882352941176471
Cc1[nH]c2cccc3c2c1CCNC3=O,8.1,0.6683819860767128,0.8337563082068397,0.6829268292682927
Cc1[nH]c2cccc3c2c1CCNC3=O,8.0,0.6683819860767128,0.8337563082068397,0.6829268292682927
NOC[C@@H](O)c1[nH]c2cccc3c2c1CCNC3=O,7.9,0.5998779959443631,0.7100879528110793,0.5384615384615384
Cc1[nH]c2cccc3c2c1CCNC3=O,8.1,0.6683819860767128,0.8337563082068397,0.6829268292682927
Cc1ccc(C)s1,4.4,0.4830395759177518,0.8738771813443782,0.119047619047619
COc1ccc(N)c(C)c1,5.9,0.5963360245749295,0.9375945717938888,0.14
COC(O)c1[nH]c2cccc3c2c1CCNC3=O,7.8,0.6943367973225235,0.7284283620827594,0.6382978723404256
COC(C)c1[nH]c2cccc3c2c1CCNC3=O,8.2,0.8501958705162412,0.7425559638927142,0.6521739130434783
O=C1NCCc2c(-c3ccc(O)cc3)[nH]c3cccc1c23,9.7,0.6405599755772678,0.8434123593943238,0.5625
O=C(O)c1[nH]c2cccc3c2c1CCNC3=O,8.0,0.6869006436572186,0.8277764695390835,0.6
COc1[nH]c2cccc3c2c1CCNC3=O,7.9,0.7578932450471935,0.8062678951582493,1.0
NC(=O)c1[nH]c2cccc3c2c1CCNC3=O,8.6,0.6664740319069161,0.8189806362057502,0.5869565217391305
COC1CCNCC1,4.0,0.5333138416146164,0.8535807540824375,0.1555555555555555
CCCCc1[nH]c2cccc3c2c1CCNC3=O,8.1,0.8537330615798809,0.8210688974407405,0.5833333333333334
COOc1ccc(Cl)s1,4.3,0.4936101014852627,0.7543903923595534,0.1176470588235294
O=C1NCCc2c(-c3ccc(F)cc3)[nH]c3cccc1c23,9.8,0.7057770535110043,0.8517503165191663,0.5625
COOc1[nH]c2cccc3c2c1CCNC3=O,7.7,0.6072527708094086,0.7691158533695387,0.8048780487804879
Cc1[nH]c2cccc3c2c1CCNC3=O,8.1,0.6683819860767128,0.8337563082068397,0.6829268292682927
O=C(COC(F)F)c1[nH]c2cccc3c2c1CCNC3=O,8.1,0.8457194044244059,0.7818098715237615,0.5185185185185185
O=C1NCCc2c(-c3[nH]c4cccc5c4c3CCNC5=O)[nH]c3cccc1c23,11.4,0.4150109329467134,0.780507729559058,0.675
COc1[nH]c2cccc3c2c1CCNC3=O,7.7,0.7578932450471935,0.8062678951582493,1.0
C[NH+]1C(O)C1c1[nH]c2cccc3c2c1CCNC3=O,9.0,0.5130499657940768,0.6209948469899582,0.56
O=C1NCCc2c(-c3[nH]c4cccc5c4c3CCNC5=O)[nH]c3cccc1c23,11.4,0.4150109329467134,0.780507729559058,0.675
c1ccc(Oc2ccncc2)cc1,6.9,0.6926800626255551,0.944825695100926,0.125
COc1[nH]c2cccc3c2c1CCNC3=O,7.8,0.7578932450471935,0.8062678951582493,1.0
NC(=O)c1[nH]c2cccc3c2c1CCNC3=O,8.3,0.6664740319069161,0.8189806362057502,0.5869565217391305
Cc1ccc(-c2[nH]c3cccc4c3c2CCNC4=O)s1,9.1,0.7047914755192899,0.8149866917587468,0.5918367346938775
COOC(=O)c1[nH]c2cccc3c2c1CCNC3=O,7.6,0.6271470722564877,0.7826321686682162,0.625
O=C1NCCc2c(O)[nH]c3cccc1c23,7.9,0.5998092824668133,0.8098089021245498,0.6428571428571429
CCc1[nH]c2cccc3c2c1CCNC3=O,8.3,0.7490749012299804,0.8158826108773128,0.6363636363636364
CN(O)C(=O)c1[nH]c2cccc3c2c1CCNC3=O,8.6,0.525461157878173,0.7934447150317057,0.5833333333333334
O=C1NCCc2c(OC3CC3)[nH]c3cccc1c23,8.4,0.8458401474918888,0.7941822110502079,0.7380952380952381
COc1[nH]c2cccc3c2c1CCNC3=O,7.8,0.7578932450471935,0.8062678951582493,1.0
CCO,2.6,0.4068079656553945,0.8910825512627797,0.024390243902439
CCOC(=O)OC,4.1,0.46116392343507,0.8969965245742478,0.0833333333333333
COc1[nH]c2cccc3c2c1CCNC3=O,7.9,0.7578932450471935,0.8062678951582493,1.0
Cc1[nH]c2cccc3c2c1CCNC3=O,8.1,0.6683819860767128,0.8337563082068397,0.6829268292682927
O=C1NCCc2c(-c3[nH]c4cccc5c4c3CCNC5=O)[nH]c3cccc1c23,11.4,0.4150109329467134,0.780507729559058,0.675
CC,1.7,0.3727855551576051,0.805825786783401,0.027027027027027
Cc1[nH]c2cccc3c2c1CCNC3=O,8.1,0.6683819860767128,0.8337563082068397,0.6829268292682927
Cc1cc(C(F)C2CC2)ccc1Oc1[nH]c2cccc3c2c1CCNC3=O,10.9,0.6862771839065482,0.727467148208443,0.5689655172413793
COc1[nH]c2cccc3c2c1CCNC3=O,7.7,0.7578932450471935,0.8062678951582493,1.0
CC1CC1,3.2,0.3934207493755274,0.9587811999650964,0.048780487804878
CCC,2.5,0.3854706587740357,0.916115884596113,0.0256410256410256
O=C1NCCc2c(Oc3ccco3)[nH]c3cccc1c23,8.8,0.75060913663116,0.7665304628327926,0.6595744680851063
O=C(O)Cc1[nH]c2cccc3c2c1CCNC3=O,8.1,0.7389161877158864,0.8097991909782739,0.5625
Cc1ccc(-c2[nH]c3cccc4c3c2CCNC4=O)c(C=O)c1O,10.0,0.6349370738966083,0.7950799398281578,0.5
CCO,2.5,0.4068079656553945,0.8910825512627797,0.024390243902439
CC[NH+](O)Cc1[nH]c2cccc3c2c1CCNC3=O,8.9,0.5974800270170599,0.651197639420766,0.5490196078431373
COc1[nH]c2cccc3c2c1CCNC3=O,7.9,0.7578932450471935,0.8062678951582493,1.0
O=C1NCCc2c(-c3[nH]c4cccc5c4c3CCNC5=O)[nH]c3cccc1c23,11.5,0.4150109329467134,0.780507729559058,0.675
O=C1NCCc2c(Oc3ccc(Cl)c(Oc4[nH]c5cccc6c5c4CCNC6=O)c3)[nH]c3cccc1c23,12.5,0.2562738620056172,0.7458284021647629,0.5961538461538461
CNC(C)OOc1[nH]c2cccc3c2c1CCNC3=O,8.0,0.4468612904932727,0.6916696986150398,0.6530612244897959
CC,1.7,0.3727855551576051,0.805825786783401,0.027027027027027
O=COc1[nH]c2cccc3c2c1CCNC3=O,7.8,0.7555639606797085,0.7698386163208731,0.7209302325581395
O=C1NCCc2c(-c3ccco3)[nH]c3cccc1c23,9.0,0.6992297511849237,0.8195963322823796,0.5510204081632653
COc1[nH]c2cccc3c2c1CCNC3=O,7.8,0.7578932450471935,0.8062678951582493,1.0
Cc1cc(O)ccc1C(=O)N(C)C,6.5,0.7075549613914488,0.9054298719195828,0.0892857142857142
COOc1[nH]c2cccc3c2c1CCNC3=O,7.6,0.6072527708094086,0.7691158533695387,0.8048780487804879
CO,1.9,0.3852844044738431,0.8109950175526317,0.0263157894736842
O=C1NCCc2c(Oc3ccc(Cl)s3)[nH]c3cccc1c23,9.4,0.7511102137500378,0.7725825989907931,0.62
COc1[nH]c2cccc3c2c1CCNC3=O,7.7,0.7578932450471935,0.8062678951582493,1.0
Cc1[nH]c2cccc3c2c1CCNC3=O,8.1,0.6683819860767128,0.8337563082068397,0.6829268292682927
NC(=O)Oc1[nH]c2cccc3c2c1CCNC3=O,8.2,0.6961466401346739,0.7899427807218637,0.6888888888888889
COOc1[nH]c2cccc3c2c1CCNC3=O,7.6,0.6072527708094086,0.7691158533695387,0.8048780487804879
COOc1[nH]c2cccc3c2c1CCNC3=O,7.7,0.6072527708094086,0.7691158533695387,0.8048780487804879
O=C1NCCc2c(O)[nH]c3cccc1c23,8.7,0.5998092824668133,0.8098089021245498,0.6428571428571429
Clc1ccccc1-c1ccco1,6.7,0.650509970702341,0.929872817963232,0.1153846153846153
CC,1.7,0.3727855551576051,0.805825786783401,0.027027027027027
Cc1ccncc1,5.1,0.4719983679006756,0.9353359262836493,0.1136363636363636
COc1[nH]c2cccc3c2c1CCNC3=O,7.9,0.7578932450471935,0.8062678951582493,1.0
COCCc1[nH]c2cccc3c2c1CCNC3=O,7.4,0.8620897592990927,0.8101094299851191,0.6382978723404256
COc1[nH]c2cccc3c2c1CCNC3=O,7.9,0.7578932450471935,0.8062678951582493,1.0
O=C1NCCc2c(C3CCNCC3)[nH]c3cccc1c23,9.1,0.7405736958082261,0.8077737483608239,0.5625
COC,2.3,0.3800398096193344,0.8936825512627795,0.081081081081081
O=C1NCCc2c(N3CCCC3)[nH]c3cccc1c23,9.0,0.819061084644784,0.8172081454691928,0.574468085106383
CC,1.7,0.3727855551576051,0.805825786783401,0.027027027027027
Cc1c(O)cnn1-c1[nH]c2cccc3c2c1CCNC3=O,8.4,0.6344006810426314,0.7671657515759127,0.509090909090909
CCl,1.5,0.3573626606013345,0.7727334790910932,0.0263157894736842
COO,2.7,0.3106153430492369,0.7970646025448309,0.0769230769230769
C=CCOC(=O)c1[nH]c2cccc3c2c1CCNC3=O,7.7,0.6595837452755666,0.8104254604310908,0.5185185185185185
CCOC(=O)c1[nH]c2cccc3c2c1CCNC3=O,8.1,0.8041609038136314,0.8338429948790422,0.58
Nc1[nH]c2cccc3c2c1CCNC3=O,7.8,0.5955278102198911,0.8057799218025463,0.6428571428571429
O=C1NCCc2c(-c3ccccc3)[nH]c3cccc1c23,9.5,0.6950359942741043,0.8591609713073688,0.6
O=C1NCCc2c(Nc3ccc(OOc4[nH]c5cccc6c5c4CCNC6=O)cc3)[nH]c3cccc1c23,11.4,0.1843337103622231,0.7370728714399664,0.5849056603773585
Cc1[nH]c2cccc3c2c1CCNC3=O,8.1,0.6683819860767128,0.8337563082068397,0.6829268292682927
O=C1NCCc2c(OOO)[nH]c3cccc1c23,8.3,0.5388367219917064,0.7609726822549391,0.7209302325581395
COc1ccco1,4.4,0.527659799582626,0.810564387822111,0.2
O=C(OCO)c1[nH]c2cccc3c2c1CCNC3=O,8.2,0.5432247755565753,0.8028264706625181,0.56
CC(=O)OOc1[nH]c2cccc3c2c1CCNC3=O,8.0,0.6298828608018945,0.7689125105485579,0.6956521739130435
CC1CCNCC1,5.0,0.4775701903927597,0.8550405416682647,0.0888888888888888
COOc1ccco1,4.3,0.4275895709329642,0.7420222256543438,0.1666666666666666
COC(=O)c1[nH]c2cccc3c2c1CCNC3=O,7.5,0.7412849537557017,0.8298830522150763,0.6521739130434783
c1cc(OOC2CC2)ccn1,5.6,0.4848698041834621,0.8088590972490258,0.1372549019607843
CNC(=O)Cc1[nH]c2cccc3c2c1CCNC3=O,8.2,0.7421423635838089,0.8047498324858798,0.5490196078431373
CCl,1.5,0.3573626606013345,0.7727334790910932,0.0263157894736842
COC(=O)c1[nH]c2cccc3c2c1CCNC3=O,7.1,0.7412849537557017,0.8298830522150763,0.6521739130434783
Cc1[nH]c2cccc3c2c1CCNC3=O,8.1,0.6683819860767128,0.8337563082068397,0.6829268292682927
O=C1NCCc2c(-c3cccs3)[nH]c3cccc1c23,8.8,0.6992180478691161,0.8253314971175444,0.5510204081632653
COOc1[nH]c2cccc3c2c1CCNC3=O,7.8,0.6072527708094086,0.7691158533695387,0.8048780487804879
O=C1NCCc2c(-c3[nH]c4cccc5c4c3CCNC5=O)[nH]c3cccc1c23,11.4,0.4150109329467134,0.780507729559058,0.675
Cc1[nH]c2cccc3c2c1CCNC3=O,8.1,0.6683819860767128,0.8337563082068397,0.6829268292682927
O=C(Oc1ccc(F)c(C(F)(F)F)c1)c1[nH]c2cccc3c2c1CCNC3=O,10.5,0.3956503706248805,0.8082628697909335,0.4516129032258064
Cc1[nH]c2cccc3c2c1CCNC3=O,8.1,0.6683819860767128,0.8337563082068397,0.6829268292682927
COc1[nH]c2cccc3c2c1CCNC3=O,7.9,0.7578932450471935,0.8062678951582493,1.0
CC(=O)c1[nH]c2cccc3c2c1CCNC3=O,8.4,0.7289765150195879,0.8210046746672887,0.6222222222222222
COc1[nH]c2cccc3c2c1CCNC3=O,7.7,0.7578932450471935,0.8062678951582493,1.0
O=C1NCCc2c(-c3[nH]c4cccc5c4c3CCNC5=O)[nH]c3cccc1c23,11.6,0.4150109329467134,0.780507729559058,0.675
C[C@@H](O)CCc1[nH]c2cccc3c2c1CCNC3=O,8.0,0.7852144573669301,0.7470606023837288,0.5490196078431373
Cc1ccccc1,5.3,0.4588062796575454,1.0,0.119047619047619
CNC(=O)Oc1[nH]c2cccc3c2c1CCNC3=O,8.7,0.718548083273459,0.7904145048505522,0.6808510638297872
Cc1ccc(N)c(C=O)c1O,6.4,0.4662308403181335,0.8194689281508825,0.0909090909090909
CNC(=O)C1CCNCC1,4.9,0.5289917609926955,0.8661754427747598,0.0961538461538461
CCCO,3.2,0.4637839830239684,0.8928427384266348,0.0232558139534883
C[C@H]1C[C@@H](Oc2ccc3cc2N3)C1,5.8,0.7572934107539202,0.7273260740592423,0.1636363636363636
COOc1ccc(C)cc1C,6.0,0.477660726166529,0.8675773985310771,0.14
Oc1ccc(COc2ccc(Cl)cc2)cc1,7.3,0.8790052487262412,0.9545023433187844,0.0714285714285714
O=C1NCCc2c(N3CCCC3CO)[nH]c3cccc1c23,8.9,0.7813502819627519,0.7477295605658171,0.4736842105263157
C[C@]1(c2[nH]c3cccc4c3c2CCNC4=O)CCC1=O,9.5,0.8314111772923534,0.7388902114355526,0.5714285714285714
CNc1[nH]c2cccc3c2c1CCNC3=O,7.7,0.6747859892562701,0.7959023433187843,0.6363636363636364
COc1[nH]c2cccc3c2c1CCNC3=O,7.9,0.7578932450471935,0.8062678951582493,1.0
Cc1ccc(-c2[nH]c3cccc4c3c2CCNC4=O)cc1-c1[nH]c2cccc3c2c1CCNC3=O,12.6,0.3029871926312487,0.7759118110224025,0.5490196078431373
O=C1NCCc2c(Oc3ccncc3)[nH]c3cccc1c23,9.1,0.7574797154802044,0.8072199947520914,0.6739130434782609
CCCc1[nH]c2cccc3c2c1CCNC3=O,8.1,0.8141895734628026,0.8183500762894761,0.6086956521739131
COOC,3.0,0.3187444544547157,0.8055042768881732,0.0789473684210526
Cc1[nH]c2cccc3c2c1CCNC3=O,8.1,0.6683819860767128,0.8337563082068397,0.6829268292682927
COOC(=O)OC,4.1,0.2742970577343389,0.7673982339759571,0.0869565217391304
COOc1[nH]c2cccc3c2c1CCNC3=O,7.6,0.6072527708094086,0.7691158533695387,0.8048780487804879
c1ccc(Oc2ccco2)cc1,6.2,0.673134847695933,0.8846718777922915,0.1176470588235294
COc1ccc(Oc2[nH]c3cccc4c3c2CCNC4=O)c(NOC(=O)c2[nH]c3cccc4c3c2CCNC4=O)c1,13.2,0.1987872523837097,0.7295985519296571,0.5396825396825397
COO,2.7,0.3106153430492369,0.7970646025448309,0.0769230769230769
c1cc(Oc2ccncc2)ccn1,6.3,0.6965202718104505,0.901957450524989,0.1111111111111111
COc1[nH]c2cccc3c2c1CCNC3=O,7.8,0.7578932450471935,0.8062678951582493,1.0
O=C1NCCc2c(O)[nH]c3cccc1c23,7.9,0.5998092824668133,0.8098089021245498,0.6428571428571429
CC,1.7,0.3727855551576051,0.805825786783401,0.027027027027027
O=C1NCCc2c(Oc3ccc4c(c3)N4CC(F)(F)F)[nH]c3cccc1c23,10.0,0.674783558822284,0.7770351994894151,0.5254237288135594
Cc1ccncc1,5.1,0.4719983679006756,0.9353359262836493,0.1136363636363636
Cc1[nH]c2cccc3c2c1CCNC3=O,8.1,0.6683819860767128,0.8337563082068397,0.6829268292682927
O=C1NCCc2c(OCc3ccccc3F)[nH]c3cccc1c23,9.5,0.7804946971769324,0.8213199971603253,0.6078431372549019
COc1[nH]c2cccc3c2c1CCNC3=O,7.9,0.7578932450471935,0.8062678951582493,1.0
CC[NH+](CC)OC,3.5,0.4752690511925582,0.5365828493605725,0.0666666666666666
CCc1ccc(-c2[nH]c3cccc4c3c2CCNC4=O)s1,9.1,0.7430888681270317,0.8119069369479178,0.5283018867924528
O=C1NCCc2c(-c3[nH]c4cccc5c4c3CCNC5=O)[nH]c3cccc1c23,11.4,0.4150109329467134,0.780507729559058,0.675
COc1ccccc1,5.0,0.5316253154127668,1.0,0.1904761904761904
CO,1.9,0.3852844044738431,0.8109950175526317,0.0263157894736842
COc1[nH]c2cccc3c2c1CCNC3=O,7.7,0.7578932450471935,0.8062678951582493,1.0
NNC(=O)Cc1[nH]c2cccc3c2c1CCNC3=O,8.8,0.3459875039318204,0.7946814564175038,0.5192307692307693
CC(=O)N(C)C,3.9,0.4099068828368629,0.8908874012752394,0.0454545454545454
COC(=O)c1[nH]c2cccc3c2c1CCNC3=O,8.1,0.7412849537557017,0.8298830522150763,0.6521739130434783
COc1[nH]c2cccc3c2c1CCNC3=O,7.5,0.7578932450471935,0.8062678951582493,1.0
COc1[nH]c2cccc3c2c1CCNC3=O,7.7,0.7578932450471935,0.8062678951582493,1.0
NC(=O)c1[nH]c2cccc3c2c1CCNC3=O,8.5,0.6664740319069161,0.8189806362057502,0.5869565217391305
Cc1c(-c2ccc(Cl)cc2)cnn1-c1[nH]c2cccc3c2c1CCNC3=O,10.7,0.5484836442400507,0.8051295282375899,0.4666666666666667
COC,2.3,0.3800398096193344,0.8936825512627795,0.081081081081081
COC(=O)c1[nH]c2cccc3c2c1CCNC3=O,8.1,0.7412849537557017,0.8298830522150763,0.6521739130434783
Cc1ccc(Oc2[nH]c3cccc4c3c2CCNC4=O)cc1,10.5,0.7585737926738194,0.8314923299707022,0.6956521739130435
CC(=O)c1[nH]c2cccc3c2c1CCNC3=O,8.4,0.7289765150195879,0.8210046746672887,0.6222222222222222
COC(=O)Oc1[nH]c2cccc3c2c1CCNC3=O,7.6,0.7630390085301825,0.7937210575571049,0.7333333333333333
NC1CCNCC1,4.0,0.4382562348149441,0.8130659262836494,0.0652173913043478
NOc1[nH]c2cccc3c2c1CCNC3=O,8.4,0.6151577276231288,0.772183279773634,0.7560975609756098
Cc1[nH]c2cccc3c2c1CCNC3=O,8.1,0.6683819860767128,0.8337563082068397,0.6829268292682927
O=C1NCCc2c(Cl)[nH]c3cccc1c23,8.2,0.7019020490581281,0.8128360935377879,0.6428571428571429
O=C1NCCc2c(-c3ccccc3Cl)[nH]c3cccc1c23,9.8,0.7051631639440175,0.849375284993315,0.574468085106383
Cc1[nH]c2cccc3c2c1CCNC3=O,8.1,0.6683819860767128,0.8337563082068397,0.6829268292682927
CCCCCCO,4.0,0.5339278817039772,0.9375889222350664,0.0208333333333333
O=C(Oc1ccco1)c1[nH]c2cccc3c2c1CCNC3=O,9.1,0.7104220974696374,0.7839243011245485,0.5185185185185185
COc1[nH]c2cccc3c2c1CCNC3=O,7.7,0.7578932450471935,0.8062678951582493,1.0
CC,1.7,0.3727855551576051,0.805825786783401,0.027027027027027
Cc1ccccc1Oc1[nH]c2cccc3c2c1CCNC3=O,10.1,0.7585737926738194,0.8256485799707021,0.6808510638297872
COc1[nH]c2cccc3c2c1CCNC3=O,7.8,0.7578932450471935,0.8062678951582493,1.0
CC(=O)c1[nH]c2cccc3c2c1CCNC3=O,8.4,0.7289765150195879,0.8210046746672887,0.6222222222222222
CN(C)C(=O)c1[nH]c2cccc3c2c1CCNC3=O,8.8,0.8046900842250888,0.8198383289649424,0.5833333333333334
CC[NH+](CC)Oc1[nH]c2cccc3c2c1CCNC3=O,8.0,0.7178729869819331,0.6882233011868263,0.7111111111111111
CC(=O)OOc1[nH]c2cccc3c2c1CCNC3=O,8.0,0.6298828608018945,0.7689125105485579,0.6956521739130435
Cc1cc(-c2[nH]c3cccc4c3c2CCNC4=O)ccc1N,9.8,0.6030887943256935,0.827859553719176,0.5283018867924528
CF,1.5,0.3673293108901918,0.703430914988529,0.0263157894736842
O=C1NCCc2c(-c3[nH]c4cccc5c4c3CCNC5=O)[nH]c3cccc1c23,11.4,0.4150109329467134,0.780507729559058,0.675
Fc1ccc(C2CC2)cc1,6.2,0.5564497806374945,0.9537639043132214,0.0816326530612244
CC1(Oc2[nH]c3cccc4c3c2CCNC4=O)CC1,7.7,0.8664391656695113,0.7667390062750535,0.7111111111111111
COCCCc1[nH]c2cccc3c2c1CCNC3=O,7.6,0.8244578413855297,0.8151736449696924,0.6122448979591837
Cc1cc(Oc2ccc(C)c(O)c2C=O)ccc1N,7.9,0.6538674146018248,0.8484479806340279,0.0909090909090909
Cc1[nH]c2cccc3c2c1CCNC3=O,8.0,0.6683819860767128,0.8337563082068397,0.6829268292682927
O=C1NCCc2c(N3CCCCC3)[nH]c3cccc1c23,9.0,0.8350991136747234,0.8200613624416582,0.5625
O=C1NCCc2c(-c3[nH]c4cccc5c4c3CCNC5=O)[nH]c3cccc1c23,11.3,0.4150109329467134,0.780507729559058,0.675
O=C1NCCc2c(Nc3ccc(Oc4[nH]c5cccc6c5c4CCNC6=O)cc3)[nH]c3cccc1c23,12.3,0.2570634355614679,0.758088510172518,0.5961538461538461
O=C1NCCc2c(O)[nH]c3cccc1c23,7.9,0.5998092824668133,0.8098089021245498,0.6428571428571429
CC,1.7,0.3727855551576051,0.805825786783401,0.027027027027027
O=C1NCCc2c(OOO)[nH]c3cccc1c23,7.6,0.5388367219917064,0.7609726822549391,0.7209302325581395
Cc1ccc(Oc2[nH]c3cccc4c3c2CCNC4=O)s1,9.2,0.7590020090368382,0.7716406065569973,0.6875
Cc1ccncc1,5.1,0.4719983679006756,0.9353359262836493,0.1136363636363636
C=Cc1ccc(OOc2[nH]c3cccc4c3c2CCNC4=O)cc1,10.2,0.5713631914367764,0.7779456347214998,0.62
O=C(c1ccc(F)cc1)c1[nH]c2cccc3c2c1CCNC3=O,10.2,0.715141674211075,0.8416643453494497,0.5192307692307693
O=C(Cc1[nH]c2cccc3c2c1CCNC3=O)NCO,8.3,0.5957216138883918,0.7878311284472852,0.5094339622641509
O=C(F)c1[nH]c2cccc3c2c1CCNC3=O,8.3,0.7328247965263507,0.7949626874878015,0.5869565217391305
O=C1NCCc2c(O)[nH]c3cccc1c23,7.9,0.5998092824668133,0.8098089021245498,0.6428571428571429
COc1[nH]c2cccc3c2c1CCNC3=O,7.7,0.7578932450471935,0.8062678951582493,1.0
CCCCO,3.7,0.5128217987135145,0.9023187399035284,0.0217391304347826
CN1CCCCC1,4.5,0.4393487053263223,0.9269320801298032,0.0444444444444444
COC(=O)c1[nH]c2cccc3c2c1CCNC3=O,7.9,0.7412849537557017,0.8298830522150763,0.6521739130434783
O=C1NCCc2c(-c3[nH]c4cccc5c4c3CCNC5=O)[nH]c3cccc1c23,11.5,0.4150109329467134,0.780507729559058,0.675
O=C1NCCc2c(-c3ccccc3Cl)[nH]c3cccc1c23,9.8,0.7051631639440175,0.849375284993315,0.574468085106383
Cc1[nH]c2cccc3c2c1CCNC3=O,8.0,0.6683819860767128,0.8337563082068397,0.6829268292682927
Cc1[nH]c2cccc3c2c1CCNC3=O,8.1,0.6683819860767128,0.8337563082068397,0.6829268292682927
COC(C)c1[nH]c2cccc3c2c1CCNC3=O,8.2,0.8501958705162412,0.7425559638927142,0.6521739130434783
O=C1NCCc2c(Oc3ccncc3)[nH]c3cccc1c23,9.1,0.7574797154802044,0.8072199947520914,0.6739130434782609
COOc1[nH]c2cccc3c2c1CCNC3=O,7.9,0.6072527708094086,0.7691158533695387,0.8048780487804879
COOc1[nH]c2cccc3c2c1CCNC3=O,8.1,0.6072527708094086,0.7691158533695387,0.8048780487804879
O=C1NCCc2c(Oc3ccccc3)[nH]c3cccc1c23,9.5,0.7557330040586815,0.8341855034369549,0.7045454545454546
COOc1ccncc1,5.0,0.4365213139122899,0.8245751260873642,0.1489361702127659
CC(C(=O)c1[nH]c2cccc3c2c1CCNC3=O)c1[nH]c2cccc3c2c1CCNC3=O,11.7,0.3779977040436028,0.7019294020136481,0.5384615384615384
Cc1ccc(-c2[nH]c3cccc4c3c2CCNC4=O)s1,9.1,0.7047914755192899,0.8149866917587468,0.5918367346938775
O=C1NCCc2c(CCCO)[nH]c3cccc1c23,8.0,0.7633414504009026,0.8087026252513917,0.5510204081632653
Cc1[nH]c2cccc3c2c1CCNC3=O,8.1,0.6683819860767128,0.8337563082068397,0.6829268292682927
COc1ccc(-c2[nH]c3cccc4c3c2CCNC4=O)cc1,9.9,0.7621714763506164,0.8562514645860868,0.6595744680851063
CCc1[nH]c2cccc3c2c1CCNC3=O,8.3,0.7490749012299804,0.8158826108773128,0.6363636363636364
COc1[nH]c2cccc3c2c1CCNC3=O,7.9,0.7578932450471935,0.8062678951582493,1.0
Cc1[nH]c2cccc3c2c1CCNC3=O,8.1,0.6683819860767128,0.8337563082068397,0.6829268292682927
O=C1NCCc2c(-c3[nH]c4cccc5c4c3CCNC5=O)[nH]c3cccc1c23,11.5,0.4150109329467134,0.780507729559058,0.675
Cc1[nH]c2cccc3c2c1CCNC3=O,8.1,0.6683819860767128,0.8337563082068397,0.6829268292682927
O=C(F)c1[nH]c2cccc3c2c1CCNC3=O,8.2,0.7328247965263507,0.7949626874878015,0.5869565217391305
CNC(Cl)c1[nH]c2cccc3c2c1CCNC3=O,7.5,0.572671992583269,0.7172386184930158,0.5714285714285714
CNc1ccccc1Oc1[nH]c2cccc3c2c1CCNC3=O,10.0,0.695414275289276,0.8109911797091198,0.64
C[NH+](Cc1[nH]c2cccc3c2c1CCNC3=O)Oc1[nH]c2cccc3c2c1CCNC3=O,12.0,0.3147585113329924,0.6425634078395192,0.6530612244897959
CC1CC1,3.2,0.3934207493755274,0.9587811999650964,0.048780487804878
CCc1[nH]c2cccc3c2c1CCNC3=O,8.2,0.7490749012299804,0.8158826108773128,0.6363636363636364
CC,1.7,0.3727855551576051,0.805825786783401,0.027027027027027
COc1ccc(C)s1,4.4,0.562220000252826,0.8293150806254597,0.1739130434782608
Cc1[nH]c2cccc3c2c1CCNC3=O,8.1,0.6683819860767128,0.8337563082068397,0.6829268292682927
Cc1[nH]c2cccc3c2c1CCNC3=O,8.0,0.6683819860767128,0.8337563082068397,0.6829268292682927
COc1[nH]c2cccc3c2c1CCNC3=O,7.8,0.7578932450471935,0.8062678951582493,1.0
O=C1NCCc2c(CCCCCO)[nH]c3cccc1c23,8.1,0.7302428454058083,0.815135763376784,0.5294117647058824
CNO,2.8,0.3641310880413028,0.8030799871602154,0.024390243902439
CCCNC(=O)c1[nH]c2cccc3c2c1CCNC3=O,8.5,0.7928387509610956,0.833238955707744,0.5283018867924528
c1coc(-c2cccs2)c1,5.2,0.6086616408990877,0.8853194720787891,0.074074074074074
O=C(Cc1[nH]c2cccc3c2c1CCNC3=O)Nc1ccc(O)cc1,10.2,0.5534543722240594,0.8299626831598602,0.4736842105263157
COC(=O)c1[nH]c2cccc3c2c1CCNC3=O,7.9,0.7412849537557017,0.8298830522150763,0.6521739130434783
CC1(C)CCC1=O,3.8,0.4469777880825775,0.8451290032067263,0.1363636363636363
CNC(=O)OC,3.5,0.4523374247932051,0.8600066912160675,0.0888888888888888
O=C(OCC(F)(F)F)c1[nH]c2cccc3c2c1CCNC3=O,8.7,0.8349835945550114,0.8071042703868433,0.5185185185185185
COC(C)=O,3.4,0.382966590732514,0.9181870562026138,0.0952380952380952
COOC(C)=O,3.4,0.3383867135397289,0.7830907937801701,0.0888888888888888
O=COOc1[nH]c2cccc3c2c1CCNC3=O,8.0,0.4791618946342678,0.7429703767306814,0.6888888888888889
COc1[nH]c2cccc3c2c1CCNC3=O,7.9,0.7578932450471935,0.8062678951582493,1.0
Cc1ccc(C(=O)c2[nH]c3cccc4c3c2CCNC4=O)cc1F,10.4,0.7121314583358628,0.8284616140363025,0.4912280701754385
NC(=O)c1[nH]c2cccc3c2c1CCNC3=O,8.3,0.6664740319069161,0.8189806362057502,0.5869565217391305
CCc1[nH]c2cccc3c2c1CCNC3=O,8.3,0.7490749012299804,0.8158826108773128,0.6363636363636364
O=C1NCCc2c(OC3CCCC3)[nH]c3cccc1c23,9.1,0.8812972682789963,0.8018663168093245,0.7045454545454546
O=C1NCCc2c(-c3[nH]c4cccc5c4c3CCNC5=O)[nH]c3cccc1c23,11.5,0.4150109329467134,0.780507729559058,0.675
C[C@]1(c2[nH]c3cccc4c3c2CCNC4=O)CCC1=O,9.0,0.8314111772923534,0.7388902114355526,0.5714285714285714
COCCc1[nH]c2cccc3c2c1CCNC3=O,7.7,0.8620897592990927,0.8101094299851191,0.6382978723404256
O=C1NCCc2c(Oc3ccncc3)[nH]c3cccc1c23,9.2,0.7574797154802044,0.8072199947520914,0.6739130434782609
O=C1NCCc2c(Cc3ccccc3F)[nH]c3cccc1c23,9.8,0.748860719709472,0.8274697338168561,0.5192307692307693
O=C1NCCc2c(Oc3ccncc3)[nH]c3cccc1c23,9.1,0.7574797154802044,0.8072199947520914,0.6739130434782609
O=C1NCCc2c(OCn3cccc3)[nH]c3cccc1c23,8.4,0.7735650786612275,0.7626984066627615,0.6458333333333334
O=C(OC1CC1)c1[nH]c2cccc3c2c1CCNC3=O,8.3,0.8169582288996061,0.8138948261530881,0.56
O=C1NCCc2c(-c3[nH]c4cccc5c4c3CCNC5=O)[nH]c3cccc1c23,11.4,0.4150109329467134,0.780507729559058,0.675
O=C1NCCc2c(-c3[nH]c4cccc5c4c3CCNC5=O)[nH]c3cccc1c23,11.4,0.4150109329467134,0.780507729559058,0.675
CC[C@@H](C)c1[nH]c2cccc3c2c1CCNC3=O,8.6,0.8351528666196153,0.7519948779198635,0.5833333333333334
CCc1[nH]c2cccc3c2c1CCNC3=O,8.3,0.7490749012299804,0.8158826108773128,0.6363636363636364
COC,2.3,0.3800398096193344,0.8936825512627795,0.081081081081081
COC,2.3,0.3800398096193344,0.8936825512627795,0.081081081081081
Cc1ccc(Cl)s1,4.3,0.5093732124941377,0.8681630113038923,0.1063829787234042
Cc1[nH]c2cccc3c2c1CCNC3=O,8.1,0.6683819860767128,0.8337563082068397,0.6829268292682927
CC(=O)c1[nH]c2cccc3c2c1CCNC3=O,8.1,0.7289765150195879,0.8210046746672887,0.6222222222222222
COC,2.3,0.3800398096193344,0.8936825512627795,0.081081081081081
CC[NH+](C)Cc1[nH]c2cccc3c2c1CCNC3=O,7.9,0.7370813843993685,0.6527247049478314,0.56
O=C1NCCc2c(OOC3CC(Oc4[nH]c5cccc6c5c4CCNC6=O)C3)[nH]c3cccc1c23,12.0,0.2630053991489667,0.7062614339484959,0.6595744680851063
NOc1[nH]c2cccc3c2c1CCNC3=O,7.8,0.6151577276231288,0.772183279773634,0.7560975609756098
COC(C)Oc1[nH]c2cccc3c2c1CCNC3=O,7.9,0.8274385279391622,0.7309483516714781,0.75
Cc1cc(C2CCNCC2)ccc1N,7.7,0.6650413258445109,0.8676891656923265,0.1228070175438596
Clc1ccccc1,5.0,0.4833833263681997,1.0,0.0930232558139534
CC(=O)O,3.4,0.4298828832001217,0.9427854734693698,0.048780487804878
O=C1NCCc2c(F)[nH]c3cccc1c23,8.6,0.6721376503093878,0.7960747339671259,0.6428571428571429
OOCc1ccccc1F,6.0,0.5037151631096294,0.90314522299454,0.0961538461538461
O=C1NCCc2c(N3CCCCC3)[nH]c3cccc1c23,9.2,0.8350991136747234,0.8200613624416582,0.5625
O=C1NCCc2c(-c3ccccc3)[nH]c3cccc1c23,9.4,0.6950359942741043,0.8591609713073688,0.6
Cc1[nH]c2cccc3c2c1CCNC3=O,8.2,0.6683819860767128,0.8337563082068397,0.6829268292682927
Cc1[nH]c2cccc3c2c1CCNC3=O,8.1,0.6683819860767128,0.8337563082068397,0.6829268292682927
COC(=O)Oc1ccc(C)s1,5.0,0.6090181610443098,0.8167691934028719,0.1509433962264151
O=C(c1ccccc1)c1[nH]c2cccc3c2c1CCNC3=O,10.4,0.7127798144309248,0.8476243011245485,0.5510204081632653
Cc1ccccc1,5.3,0.4588062796575454,1.0,0.119047619047619
CC,1.7,0.3727855551576051,0.805825786783401,0.027027027027027
CN(C(=O)CO)C(=O)CCCc1[nH]c2cccc3c2c1CCNC3=O,9.7,0.7454411213514732,0.7751395818167589,0.4827586206896552
O=C1NCCc2c(OF)[nH]c3cccc1c23,7.3,0.7683254174620012,0.7676324436532326,0.7560975609756098
CN1CCCCC1,4.5,0.4393487053263223,0.9269320801298032,0.0444444444444444
CC(C)=O,3.1,0.3982369618339747,0.9272297042386004,0.05
COc1[nH]c2cccc3c2c1CCNC3=O,8.1,0.7578932450471935,0.8062678951582493,1.0
CCC1CCCN1c1[nH]c2cccc3c2c1CCNC3=O,8.1,0.8900766348978152,0.7510924861648084,0.5
CNc1[nH]c2cccc3c2c1CCNC3=O,7.8,0.6747859892562701,0.7959023433187843,0.6363636363636364
CCC,2.5,0.3854706587740357,0.916115884596113,0.0256410256410256
Cc1cc(C2CC2)ccc1-c1[nH]c2cccc3c2c1CCNC3=O,10.4,0.7269391924574151,0.8276229623214361,0.509090909090909
O=C1NCCc2c(OO)[nH]c3cccc1c23,7.8,0.4986590753169355,0.7733799352920285,0.7560975609756098
O=C1NCCc2c(C3CC3)[nH]c3cccc1c23,8.8,0.7697977057077745,0.8242210339032907,0.6
COC,2.3,0.3800398096193344,0.8936825512627795,0.081081081081081
O=C1NCCc2c(C3CCNCC3)[nH]c3cccc1c23,9.1,0.7405736958082261,0.8077737483608239,0.5625
COc1[nH]c2cccc3c2c1CCNC3=O,7.9,0.7578932450471935,0.8062678951582493,1.0
O=C(O)C(=O)c1[nH]c2cccc3c2c1CCNC3=O,8.3,0.5455933157080827,0.8061097368023878,0.574468085106383
O=C1NCCc2c(-c3ccccc3Cl)[nH]c3cccc1c23,9.8,0.7051631639440175,0.849375284993315,0.574468085106383
NOc1[nH]c2cccc3c2c1CCNC3=O,8.6,0.6151577276231288,0.772183279773634,0.7560975609756098
Cc1[nH]c2cccc3c2c1CCNC3=O,8.1,0.6683819860767128,0.8337563082068397,0.6829268292682927
CCC(=O)Nc1[nH]c2cccc3c2c1CCNC3=O,8.2,0.7671335660584581,0.8124076672437146,0.5490196078431373
O=C1NCCc2c(OCCO)[nH]c3cccc1c23,7.8,0.7504358546514697,0.7951656430028707,0.6739130434782609
COc1ccc(C)s1,4.5,0.562220000252826,0.8293150806254597,0.1739130434782608
CC1CC1,3.2,0.3934207493755274,0.9587811999650964,0.048780487804878
O=C1NCCc2c(OCC3CC3)[nH]c3cccc1c23,8.3,0.8845407944006951,0.7961627358787832,0.6595744680851063
CC,1.7,0.3727855551576051,0.805825786783401,0.027027027027027
CC,1.7,0.3727855551576051,0.805825786783401,0.027027027027027
O=C1NCCc2c(-c3[nH]c4cccc5c4c3CCNC5=O)[nH]c3cccc1c23,11.6,0.4150109329467134,0.780507729559058,0.675
O=C1NCCc2c(-c3[nH]c4cccc5c4c3CCNC5=O)[nH]c3cccc1c23,11.3,0.4150109329467134,0.780507729559058,0.675
NC1(Oc2[nH]c3cccc4c3c2CCNC4=O)CCCC1,8.7,0.7388443389379743,0.7412569999996204,0.6458333333333334
CONc1[nH]c2cccc3c2c1CCNC3=O,8.2,0.684831759355338,0.7769039224433222,0.6666666666666666
O=C1NCCc2c(-c3ccncc3)[nH]c3cccc1c23,9.5,0.7084364901548231,0.8340024315420494,0.574468085106383
O=C1NCCc2c(OOc3cccs3)[nH]c3cccc1c23,9.0,0.5772778570003005,0.748285503436955,0.6326530612244898
COC(=O)c1[nH]c2cccc3c2c1CCNC3=O,7.9,0.7412849537557017,0.8298830522150763,0.6521739130434783
CC1CCNCC1,5.0,0.4775701903927597,0.8550405416682647,0.0888888888888888
C[NH2+]CCC(=O)c1[nH]c2cccc3c2c1CCNC3=O,8.1,0.6961901269633753,0.7166699948440463,0.5576923076923077
COC(C)Oc1[nH]c2cccc3c2c1CCNC3=O,8.2,0.8274385279391622,0.7309483516714781,0.75
COOOC,3.4,0.3467084215394863,0.7187199233354811,0.075
Cc1cc([C@@]2(C)CCC2=O)ccc1N,7.5,0.6880677354716702,0.773089490246046,0.1403508771929824
O=C1NCCc2c(-c3cccs3)[nH]c3cccc1c23,8.8,0.6992180478691161,0.8253314971175444,0.5510204081632653
Cc1ccc(-c2[nH]c3cccc4c3c2CCNC4=O)s1,8.3,0.7047914755192899,0.8149866917587468,0.5918367346938775
CC(=O)OC(=O)c1[nH]c2cccc3c2c1CCNC3=O,8.4,0.6019314477830425,0.8006661631494251,0.5918367346938775
O=C1NCCc2c(N3CCCC3)[nH]c3cccc1c23,8.9,0.819061084644784,0.8172081454691928,0.574468085106383
CCc1noc(C(=O)c2[nH]c3cccc4c3c2CCNC4=O)n1,9.3,0.7160317544949406,0.7816328768179811,0.4666666666666667
Cc1cc(-c2[nH]c3cccc4c3c2CCNC4=O)ccc1C(F)F,10.4,0.7216270177961217,0.8079398945792892,0.5
Cc1ccc(Oc2[nH]c3cccc4c3c2CCNC4=O)cc1C,10.3,0.7550405967166388,0.8221319444170487,0.6530612244897959
CCCN(Cc1[nH]c2cccc3c2c1CCNC3=O)OO,8.1,0.5814706461599339,0.7473193413195026,0.5272727272727272
FC(F)OCOC1CC1,4.5,0.5458939231161295,0.7762088538980151,0.0784313725490196
COc1[nH]c2cccc3c2c1CCNC3=O,7.9,0.7578932450471935,0.8062678951582493,1.0
CC,1.7,0.3727855551576051,0.805825786783401,0.027027027027027
O=C1NCCc2c(-c3ccc(N4CCCCC4)s3)[nH]c3cccc1c23,10.6,0.7277832090436785,0.8015720617692388,0.4736842105263157
COOc1[nH]c2cccc3c2c1CCNC3=O,7.7,0.6072527708094086,0.7691158533695387,0.8048780487804879
COc1ccccc1C(C)OC,5.7,0.6860805733810298,0.8620077836652764,0.1632653061224489
C[C@@H](O)F,3.3,0.4290469538238886,0.7960597049056803,0.0232558139534883
CC(C[C@@H]1CCCC[C@H]1O)c1[nH]c2cccc3c2c1CCNC3=O,9.6,0.8080733399089721,0.6809727072453392,0.4827586206896552
O=C1NCCc2c(Cc3ccco3)[nH]c3cccc1c23,8.8,0.7487989773646765,0.7997171642669516,0.5192307692307693
COc1[nH]c2cccc3c2c1CCNC3=O,8.1,0.7578932450471935,0.8062678951582493,1.0
O=CCCc1ccc(O)cc1,6.1,0.663157416744486,0.8970545532043607,0.0754716981132075
CCCCCc1[nH]c2cccc3c2c1CCNC3=O,7.9,0.8107132324795738,0.8242505680466155,0.5714285714285714
Cc1[nH]c2cccc3c2c1CCNC3=O,8.1,0.6683819860767128,0.8337563082068397,0.6829268292682927
Fc1ccc(Cl)cc1,5.3,0.5062680369802974,0.9894982974086765,0.0652173913043478
O=C1NCCc2c(F)[nH]c3cccc1c23,8.4,0.6721376503093878,0.7960747339671259,0.6428571428571429
CC(C)=O,3.1,0.3982369618339747,0.9272297042386004,0.05
O=C1NCCc2c(OOC3CC3)[nH]c3cccc1c23,8.1,0.652815648445787,0.7581146239906713,0.6888888888888889
FCl,1.7,0.3885761943930933,0.6703386072962214,0.0
CNC(OC)c1[nH]c2cccc3c2c1CCNC3=O,7.5,0.7282679584339149,0.7172104599335865,0.6122448979591837
CC,1.7,0.3727855551576051,0.805825786783401,0.027027027027027
COc1ccccc1,5.0,0.5316253154127668,1.0,0.1904761904761904
C[C@H]1C[C@H](C(=O)c2[nH]c3cccc4c3c2CCNC4=O)O1,8.9,0.8262401581970791,0.7057674881379464,0.5283018867924528
Cc1[nH]c2cccc3c2c1CCNC3=O,7.9,0.6683819860767128,0.8337563082068397,0.6829268292682927
O=C1NCCc2c(-c3[nH]c4cccc5c4c3CCNC5=O)[nH]c3cccc1c23,11.5,0.4150109329467134,0.780507729559058,0.675
CNc1[nH]c2cccc3c2c1CCNC3=O,8.4,0.6747859892562701,0.7959023433187843,0.6363636363636364
CC(Oc1[nH]c2cccc3c2c1CCNC3=O)C1CC1,8.2,0.9004896305943012,0.7346648403154447,0.6808510638297872
O=Cc1[nH]c2cccc3c2c1CCNC3=O,8.2,0.7019810804186123,0.7946916409776473,0.6136363636363636
O=C1NCCc2c(O)[nH]c3cccc1c23,8.7,0.5998092824668133,0.8098089021245498,0.6428571428571429
O=C1NCCc2c(O)[nH]c3cccc1c23,8.7,0.5998092824668133,0.8098089021245498,0.6428571428571429
Cc1ccc(O)cc1,5.9,0.5359354364287862,0.9713129827233616,0.0888888888888888
O=C1NCCc2c(OCc3ccoc3)[nH]c3cccc1c23,8.9,0.7756695622451583,0.781938108896012,0.5961538461538461
CC1CC1,3.2,0.3934207493755274,0.9587811999650964,0.048780487804878
O=C1NCCc2c(-c3[nH]c4cccc5c4c3CCNC5=O)[nH]c3cccc1c23,11.6,0.4150109329467134,0.780507729559058,0.675
COOC,3.0,0.3187444544547157,0.8055042768881732,0.0789473684210526
O=C1NCCc2c(-c3ccccc3)[nH]c3cccc1c23,9.5,0.6950359942741043,0.8591609713073688,0.6
COc1ccc(C)s1,4.6,0.562220000252826,0.8293150806254597,0.1739130434782608
COc1[nH]c2cccc3c2c1CCNC3=O,7.8,0.7578932450471935,0.8062678951582493,1.0
CC(=O)c1ccc(O)cc1,6.2,0.5951083320007401,0.9533786173779344,0.1041666666666666
COC,2.3,0.3800398096193344,0.8936825512627795,0.081081081081081
O=C1NCCc2c(O)[nH]c3cccc1c23,8.7,0.5998092824668133,0.8098089021245498,0.6428571428571429
CC(=O)N(C)C(=O)CO,5.0,0.4954037909026518,0.7979515112406725,0.0392156862745098
COc1[nH]c2cccc3c2c1CCNC3=O,7.9,0.7578932450471935,0.8062678951582493,1.0
O=C1NCCc2c(-c3[nH]c4cccc5c4c3CCNC5=O)[nH]c3cccc1c23,11.6,0.4150109329467134,0.780507729559058,0.675
Cn1nccc1Cc1[nH]c2cccc3c2c1CCNC3=O,9.3,0.7513219947114278,0.7813982358129873,0.5185185185185185
Cc1[nH]c2cccc3c2c1CCNC3=O,8.1,0.6683819860767128,0.8337563082068397,0.6829268292682927
O=C1NCCc2c(OOCn3cccc3)[nH]c3cccc1c23,8.8,0.5729354144402157,0.739960310739933,0.62
NC1(C(=O)c2[nH]c3cccc4c3c2CCNC4=O)CCCC1,8.5,0.7398217256968513,0.7817301275897497,0.5094339622641509
CNC(=O)CCl,3.7,0.4687968292870131,0.8446169476263239,0.0408163265306122
O=C(O)Oc1[nH]c2cccc3c2c1CCNC3=O,8.1,0.6649299993894432,0.7897822980672634,0.7045454545454546
Cc1[nH]c2cccc3c2c1CCNC3=O,8.1,0.6683819860767128,0.8337563082068397,0.6829268292682927
CCc1noc(O)n1,5.8,0.5714036792409316,0.7765829127932917,0.037037037037037
O=C(OC1CC1)c1ccccc1,6.0,0.6215782317107357,0.947300057782236,0.18
CCCC(=O)O,4.3,0.5434407472889116,0.9173154091647856,0.0425531914893617
Cc1ccc(O)cc1,5.9,0.5359354364287862,0.9713129827233616,0.0888888888888888
Cc1ccc(-c2[nH]c3cccc4c3c2CCNC4=O)c(C)c1,10.2,0.7043282217243763,0.8425152313748536,0.56
O=C1NCCc2c(CCO)[nH]c3cccc1c23,7.9,0.7199487689063643,0.8053306100414382,0.574468085106383
O=C1NCCc2c(-c3[nH]c4cccc5c4c3CCNC5=O)[nH]c3cccc1c23,11.5,0.4150109329467134,0.780507729559058,0.675
O=C1NCCc2c(CCO)[nH]c3cccc1c23,7.7,0.7199487689063643,0.8053306100414382,0.574468085106383
Cc1c(O)cnn1-c1ccc(F)cc1,6.1,0.7502036702220122,0.873100053266291,0.0677966101694915
Cc1[nH]c2cccc3c2c1CCNC3=O,8.1,0.6683819860767128,0.8337563082068397,0.6829268292682927
Cc1ccc(C(=O)Oc2[nH]c3cccc4c3c2CCNC4=O)o1,9.5,0.7125077767732135,0.794739869824974,0.6153846153846154
O=C(CO)OOc1[nH]c2cccc3c2c1CCNC3=O,7.9,0.5520773265541714,0.7550821405930342,0.6326530612244898
Cc1[nH]c2cccc3c2c1CCNC3=O,8.1,0.6683819860767128,0.8337563082068397,0.6829268292682927
CC,1.7,0.3727855551576051,0.805825786783401,0.027027027027027
CCOC(=O)c1[nH]c2cccc3c2c1CCNC3=O,8.0,0.8041609038136314,0.8338429948790422,0.58
COCc1[nH]c2cccc3c2c1CCNC3=O,7.7,0.822958004990115,0.8088998408106691,0.6666666666666666
Fc1ccncc1,4.7,0.4739719611862986,0.8977505416682648,0.0888888888888888
CC(=O)N(C)C(=O)CO,4.7,0.4954037909026518,0.7979515112406725,0.0392156862745098
O=C1NCCc2c(CCO)[nH]c3cccc1c23,7.8,0.7199487689063643,0.8053306100414382,0.574468085106383
Cc1cc(C(F)C2CC2)ccc1Oc1ccncc1,7.8,0.7979764339135457,0.7988617419848685,0.125
O=C1NCCc2c(C3CC3)[nH]c3cccc1c23,8.7,0.7697977057077745,0.8242210339032907,0.6
CN,1.9,0.3846582089034356,0.7782360431936574,0.0263157894736842
CC(C)=O,3.1,0.3982369618339747,0.9272297042386004,0.05
C=C(C#N)CCOC(=O)Oc1[nH]c2cccc3c2c1CCNC3=O,8.3,0.6634353541639144,0.7437172701449,0.5254237288135594
O=C1NCCc2c(-c3cccc(F)c3)[nH]c3cccc1c23,9.2,0.7057770535110043,0.8439102156364425,0.54
O=C1NCCc2c(CC(F)(F)F)[nH]c3cccc1c23,9.0,0.8199152537840114,0.7905152520418655,0.5625
COc1[nH]c2cccc3c2c1CCNC3=O,7.8,0.7578932450471935,0.8062678951582493,1.0
Cc1[nH]c2cccc3c2c1CCNC3=O,8.1,0.6683819860767128,0.8337563082068397,0.6829268292682927
CCO[NH+](CC)CC,3.6,0.5073271692051363,0.5535918705022496,0.0425531914893617
CN(C)C(=O)c1[nH]c2cccc3c2c1CCNC3=O,8.9,0.8046900842250888,0.8198383289649424,0.5833333333333334
O=C1NCCc2c(OOc3ccncc3)[nH]c3cccc1c23,9.1,0.5736064317053842,0.7748812574854952,0.6595744680851063
O=C1NCCc2c(O)[nH]c3cccc1c23,7.8,0.5998092824668133,0.8098089021245498,0.6428571428571429
CCc1ccc(C)s1,4.9,0.5423163801809415,0.8928003953107743,0.1020408163265306
O=C1NCCc2c(NC3CCNCC3)[nH]c3cccc1c23,9.0,0.6771789204554924,0.7890716076553174,0.5294117647058824
Cc1[nH]c2cccc3c2c1CCNC3=O,8.1,0.6683819860767128,0.8337563082068397,0.6829268292682927
O=C1NCCc2c(Oc3ccncc3)[nH]c3cccc1c23,9.1,0.7574797154802044,0.8072199947520914,0.6739130434782609
Cc1ccc(O)cc1,5.9,0.5359354364287862,0.9713129827233616,0.0888888888888888
O=C1NCCc2c(O)[nH]c3cccc1c23,7.9,0.5998092824668133,0.8098089021245498,0.6428571428571429
Cc1ccc(C(N)=O)cc1,6.9,0.6150947811524279,0.9713176487169656,0.1020408163265306
O=C(c1cccc(-c2[nH]c3cccc4c3c2CCNC4=O)c1)c1[nH]c2cccc3c2c1CCNC3=O,13.8,0.295615496533012,0.7729674029778261,0.4821428571428571
COc1[nH]c2cccc3c2c1CCNC3=O,8.1,0.7578932450471935,0.8062678951582493,1.0
COC(=O)NC1CCNCC1,5.0,0.5685151491162729,0.865666463874336,0.1346153846153846
COC,2.3,0.3800398096193344,0.8936825512627795,0.081081081081081
COC1CC1,3.5,0.4447968349984857,0.8889009884242386,0.119047619047619
O=C1NCCc2c(CO)[nH]c3cccc1c23,8.0,0.6640289852651396,0.8056618750913596,0.6
Cc1[nH]c2cccc3c2c1CCNC3=O,8.1,0.6683819860767128,0.8337563082068397,0.6829268292682927
O=C1NCCc2c(-c3[nH]c4cccc5c4c3CCNC5=O)[nH]c3cccc1c23,11.4,0.4150109329467134,0.780507729559058,0.675
O=C1NCCc2c(OC3CC3)[nH]c3cccc1c23,8.2,0.8458401474918888,0.7941822110502079,0.7380952380952381
O=C1NCCc2c(N3CCN(O)CC3)[nH]c3cccc1c23,8.9,0.7301666514084422,0.777659017654097,0.54
COc1ccc(C)cc1,5.5,0.5532379862472909,0.9988919308210916,0.1590909090909091
CC(c1[nH]c2cccc3c2c1CCNC3=O)C1(C)CCC1=O,9.7,0.8947642774228833,0.6744025990957171,0.5384615384615384
CC(=O)c1[nH]c2cccc3c2c1CCNC3=O,8.3,0.7289765150195879,0.8210046746672887,0.6222222222222222
C[C@@H]1C[C@@H](O)C[NH+](Cc2[nH]c3cccc4c3c2CCNC4=O)C1,10.2,0.6413181940266396,0.5755033676626302,0.5
CO,1.9,0.3852844044738431,0.8109950175526317,0.0263157894736842
Cc1[nH]c2cccc3c2c1CCNC3=O,8.1,0.6683819860767128,0.8337563082068397,0.6829268292682927
CCCc1[nH]c2cccc3c2c1CCNC3=O,8.2,0.8141895734628026,0.8183500762894761,0.6086956521739131
O=C1NCCc2c(Cc3ccccc3)[nH]c3cccc1c23,9.8,0.7421347492622251,0.8424944364394362,0.5625
O=C1NCCc2c(-c3ccc(Br)c(F)c3)[nH]c3cccc1c23,9.9,0.6773265011799222,0.8259999688595909,0.5
O=C1NCCc2c(Oc3ccccc3)[nH]c3cccc1c23,9.5,0.7557330040586815,0.8341855034369549,0.7045454545454546
O=C1NCCc2c([C@@]3(Cl)CCC3=O)[nH]c3cccc1c23,9.4,0.7907592991559942,0.7132100494922329,0.54
O=C1NCCc2c(-c3[nH]c4cccc5c4c3CCNC5=O)[nH]c3cccc1c23,11.5,0.4150109329467134,0.780507729559058,0.675
CC(C)Cc1[nH]c2cccc3c2c1[CH-]CNC3=O,9.0,0.7800053726152116,0.7211515288364941,0.3818181818181818
O=C1NCCc2c(-c3[nH]c4cccc5c4c3CCNC5=O)[nH]c3cccc1c23,11.6,0.4150109329467134,0.780507729559058,0.675
COOc1[nH]c2cccc3c2c1CCNC3=O,8.0,0.6072527708094086,0.7691158533695387,0.8048780487804879
COC(=O)c1[nH]c2cccc3c2c1CCNC3=O,8.0,0.7412849537557017,0.8298830522150763,0.6521739130434783
COF,2.5,0.38867716365784,0.7632030640832925,0.0769230769230769
COc1ccc(Cl)s1,4.4,0.5945339931736284,0.8319269687373476,0.1458333333333333
COOC,3.0,0.3187444544547157,0.8055042768881732,0.0789473684210526
Cc1[nH]c2cccc3c2c1CCNC3=O,8.1,0.6683819860767128,0.8337563082068397,0.6829268292682927
CCOc1ccc(Oc2[nH]c3cccc4c3c2CCNC4=O)c(NOc2ccc(C)c(C)c2)c1,11.9,0.3116064552328303,0.7774376319774183,0.4776119402985074
CCO,2.5,0.4068079656553945,0.8910825512627797,0.024390243902439
CNOC,3.2,0.4226239885245327,0.8022170974009936,0.073170731707317
CC,1.7,0.3727855551576051,0.805825786783401,0.027027027027027
O=C1NCCc2c(-c3[nH]c4cccc5c4c3CCNC5=O)[nH]c3cccc1c23,11.5,0.4150109329467134,0.780507729559058,0.675
Cc1ccc(Oc2[nH]c3cccc4c3c2CCNC4=O)s1,9.3,0.7590020090368382,0.7716406065569973,0.6875
Cc1ccncc1,5.1,0.4719983679006756,0.9353359262836493,0.1136363636363636
NCc1[nH]c2cccc3c2c1CCNC3=O,7.7,0.6614156797006067,0.7978896342886842,0.6
O=C1NCCc2c(C(F)(F)F)[nH]c3cccc1c23,8.6,0.744918938515914,0.8024965424111549,0.6
CCCc1ccc(O)cc1,6.3,0.6612373528142192,0.9524237944231112,0.08
CCF,2.3,0.3823971549961085,0.8068799871602155,0.024390243902439
CC(=O)OC(=O)c1[nH]c2cccc3c2c1CCNC3=O,8.3,0.6019314477830425,0.8006661631494251,0.5918367346938775
CC(=O)Oc1[nH]c2cccc3c2c1CCNC3=O,8.3,0.7443097717717878,0.7963334292889829,0.7441860465116279
COOc1[nH]c2cccc3c2c1CCNC3=O,7.7,0.6072527708094086,0.7691158533695387,0.8048780487804879
COc1[nH]c2cccc3c2c1CCNC3=O,7.8,0.7578932450471935,0.8062678951582493,1.0
O=C1NCCc2c(-n3cncn3)[nH]c3cccc1c23,8.6,0.679892594754408,0.7837254531615004,0.5192307692307693
CC(=O)O,3.4,0.4298828832001217,0.9427854734693698,0.048780487804878
O=C1NCCc2c(-c3ccccc3)[nH]c3cccc1c23,9.6,0.6950359942741043,0.8591609713073688,0.6
O=CC(=O)Oc1[nH]c2cccc3c2c1CCNC3=O,8.0,0.4677073248352152,0.7701660718021192,0.6595744680851063
Cc1[nH]c2cccc3c2c1CCNC3=O,7.8,0.6683819860767128,0.8337563082068397,0.6829268292682927
CCOC(C)=O,3.8,0.4378508777786624,0.9159666912160676,0.0638297872340425
Cc1c(O)cnn1-c1[nH]c2cccc3c2c1CCNC3=O,8.5,0.6344006810426314,0.7671657515759127,0.509090909090909
CC[C@@H]1CCCN(COC(C)Oc2[nH]c3cccc4c3c2CCNC4=O)C1,9.6,0.7650500149031633,0.6828268499966952,0.4923076923076923
CCl,1.5,0.3573626606013345,0.7727334790910932,0.0263157894736842
O=C1NCCc2c(OON3CCCCC3)[nH]c3cccc1c23,9.0,0.6733211849839469,0.7529853994973296,0.6326530612244898
CF,1.5,0.3673293108901918,0.703430914988529,0.0263157894736842
COC,2.3,0.3800398096193344,0.8936825512627795,0.081081081081081
CC,1.7,0.3727855551576051,0.805825786783401,0.027027027027027
CC(O)CCOc1ccc(Oc2[nH]c3cccc4c3c2CCNC4=O)cc1,9.9,0.6243366125538032,0.7644752093780425,0.5714285714285714
CCN(CC)c1[nH]c2cccc3c2c1CCNC3=O,8.1,0.8860495758778187,0.7926709151069625,0.5957446808510638
COc1[nH]c2cccc3c2c1CCNC3=O,7.8,0.7578932450471935,0.8062678951582493,1.0
Cc1[nH]c2cccc3c2c1CCNC3=O,8.1,0.6683819860767128,0.8337563082068397,0.6829268292682927
O=C1NCCc2c(-c3[nH]c4cccc5c4c3CCNC5=O)[nH]c3cccc1c23,11.5,0.4150109329467134,0.780507729559058,0.675
O=C1NCCc2c(CCOCCc3ccccc3)[nH]c3cccc1c23,7.3,0.679991673621558,0.8288747644719415,0.5283018867924528
Cc1cnn(CCCc2[nH]c3cccc4c3c2CCNC4=O)c1,8.3,0.7779535183183558,0.7958288375736434,0.4745762711864407
COc1[nH]c2cccc3c2c1CCNC3=O,7.9,0.7578932450471935,0.8062678951582493,1.0
O=C1NCCc2c(OOC3CC3)[nH]c3cccc1c23,8.2,0.652815648445787,0.7581146239906713,0.6888888888888889
CC,1.7,0.3727855551576051,0.805825786783401,0.027027027027027
Cc1ccc(Oc2[nH]c3cccc4c3c2CCNC4=O)s1,9.3,0.7590020090368382,0.7716406065569973,0.6875
O=C1NCCc2c(Cc3ccncc3)[nH]c3cccc1c23,9.3,0.7555879332419022,0.817516520806682,0.54
O=C1NCCc2c(O)[nH]c3cccc1c23,7.9,0.5998092824668133,0.8098089021245498,0.6428571428571429
CN1CCCC1,3.7,0.4185231772324535,0.922124157279416,0.0454545454545454
Nc1[nH]c2cccc3c2c1CCNC3=O,7.8,0.5955278102198911,0.8057799218025463,0.6428571428571429
COOc1ccccc1,5.1,0.4403279635854492,0.8888774929512695,0.1555555555555555
O=C(c1ccncc1)c1[nH]c2cccc3c2c1CCNC3=O,9.7,0.7098183740473444,0.823363483816856,0.5294117647058824
Cn1nccc1C(F)c1[nH]c2cccc3c2c1CCNC3=O,8.8,0.7619529651637734,0.7152285653752668,0.5
CNOCCc1[nH]c2cccc3c2c1CCNC3=O,8.3,0.5697397000157,0.7710488897249371,0.5686274509803921
CC1CC2CCC1C2C(F)(F)COC=O,5.8,0.6774664045942984,0.5261067956002542,0.078125
COc1[nH]c2cccc3c2c1CCNC3=O,7.8,0.7578932450471935,0.8062678951582493,1.0
c1cc(C2CCNCC2)ccn1,5.9,0.6773440168307495,0.8719248692452831,0.16
Cc1ccccc1Oc1ccc(Cl)s1,7.1,0.7298536943032904,0.877373781076942,0.1052631578947368
Cc1[nH]c2cccc3c2c1CCNC3=O,8.1,0.6683819860767128,0.8337563082068397,0.6829268292682927
O=C1NCCc2c(-c3ccc(F)cc3)[nH]c3cccc1c23,9.8,0.7057770535110043,0.8517503165191663,0.5625
Cc1[nH]c2cccc3c2c1CCNC3=O,8.1,0.6683819860767128,0.8337563082068397,0.6829268292682927
COC1CC1,3.1,0.4447968349984857,0.8889009884242386,0.119047619047619
CNc1[nH]c2cccc3c2c1CCNC3=O,8.1,0.6747859892562701,0.7959023433187843,0.6363636363636364
CCc1ccc(-c2[nH]c3cccc4c3c2CCNC4=O)s1,9.1,0.7430888681270317,0.8119069369479178,0.5283018867924528
ONC1CCNCC1,4.6,0.4126681662715341,0.7827927942162167,0.0612244897959183
O=C1NCCc2c(-c3[nH]c4cccc5c4c3CCNC5=O)[nH]c3cccc1c23,11.5,0.4150109329467134,0.780507729559058,0.675
O=C1NCCc2c(-c3cccs3)[nH]c3cccc1c23,8.9,0.6992180478691161,0.8253314971175444,0.5510204081632653
COc1ccc(C)cc1,5.5,0.5532379862472909,0.9988919308210916,0.1590909090909091
CC(=O)c1[nH]c2cccc3c2c1CCNC3=O,8.3,0.7289765150195879,0.8210046746672887,0.6222222222222222
COOc1[nH]c2cccc3c2c1CCNC3=O,7.7,0.6072527708094086,0.7691158533695387,0.8048780487804879
C[C@@H](CC(=O)C(=O)C=O)c1[nH]c2cccc3c2c1CCNC3=O,8.8,0.4937149344253981,0.6957451327298162,0.4912280701754385
COc1[nH]c2cccc3c2c1CCNC3=O,7.8,0.7578932450471935,0.8062678951582493,1.0
CCc1noc(C(=O)c2[nH]c3cccc4c3c2CCNC4=O)n1,9.3,0.7160317544949406,0.7816328768179811,0.4666666666666667
CCN(CC)c1[nH]c2cccc3c2c1CCNC3=O,8.1,0.8860495758778187,0.7926709151069625,0.5957446808510638
Cc1[nH]c2cccc3c2c1CCNC3=O,8.1,0.6683819860767128,0.8337563082068397,0.6829268292682927
COC,2.3,0.3800398096193344,0.8936825512627795,0.081081081081081
Cn1nccc1Cc1[nH]c2cccc3c2c1CCNC3=O,9.3,0.7513219947114278,0.7813982358129873,0.5185185185185185
CC(=O)N(C)C,3.9,0.4099068828368629,0.8908874012752394,0.0454545454545454
Cc1[nH]c2cccc3c2c1CCNC3=O,8.1,0.6683819860767128,0.8337563082068397,0.6829268292682927
O=C1NCCc2c(C3CCCC3)[nH]c3cccc1c23,8.5,0.8066001029763672,0.8279977059087531,0.574468085106383
O=C1NCCc2c(-c3[nH]c4cccc5c4c3CCNC5=O)[nH]c3cccc1c23,11.6,0.4150109329467134,0.780507729559058,0.675
O=C1NCCc2c(C(=O)N3CCOC3=O)[nH]c3cccc1c23,9.6,0.8229465709581473,0.793052471912094,0.4909090909090909
Cc1[nH]c2cccc3c2c1CCNC3=O,8.1,0.6683819860767128,0.8337563082068397,0.6829268292682927
O=C1NCCc2c(-c3ccccc3)[nH]c3cccc1c23,9.5,0.6950359942741043,0.8591609713073688,0.6
O=C1NCCc2c(C(F)(F)F)[nH]c3cccc1c23,8.4,0.744918938515914,0.8024965424111549,0.6
O=C1NCCc2c(N3CCCCC3)[nH]c3cccc1c23,9.2,0.8350991136747234,0.8200613624416582,0.5625
COc1[nH]c2cccc3c2c1CCNC3=O,8.1,0.7578932450471935,0.8062678951582493,1.0
O=C1NCCc2c(-c3ccco3)[nH]c3cccc1c23,9.0,0.6992297511849237,0.8195963322823796,0.5510204081632653
O=C(OC(=O)N1CCc2ccccc2C1)c1[nH]c2cccc3c2c1CCNC3=O,11.0,0.4945538877869534,0.8016266692815245,0.4590163934426229
COCC[C@H](C#N)Oc1[nH]c2cccc3c2c1CCNC3=O,8.0,0.8804004263132191,0.7120705678172691,0.6226415094339622
O=C1NCCc2c(-c3ccncc3)[nH]c3cccc1c23,8.4,0.7084364901548231,0.8340024315420494,0.574468085106383
CC(O)Cc1[nH]c2cccc3c2c1CCNC3=O,7.4,0.7468463497496108,0.7463749684176011,0.5714285714285714
O=C1NCCc2c(Oc3ccc(F)c(F)c3)[nH]c3cccc1c23,10.0,0.7601637982417615,0.8148480283331325,0.62
COC(C)C(=O)c1[nH]c2cccc3c2c1CCNC3=O,8.1,0.8348968044674017,0.7576975374428786,0.6
COc1[nH]c2cccc3c2c1CCNC3=O,8.1,0.7578932450471935,0.8062678951582493,1.0
CC1(Oc2[nH]c3cccc4c3c2CCNC4=O)CCCC1,8.6,0.8896791477464204,0.7662307704914234,0.6808510638297872
Cc1[nH]c2cccc3c2c1CCNC3=O,8.0,0.6683819860767128,0.8337563082068397,0.6829268292682927
OC1CCCCC1Cc1ccc(Oc2cccc(F)c2)cc1,8.8,0.8856297599624317,0.8165313677061385,0.1029411764705882
O=C1NCCc2c(OCc3cccs3)[nH]c3cccc1c23,8.5,0.7804400895641378,0.7982807887967565,0.6078431372549019
COOc1[nH]c2cccc3c2c1CCNC3=O,7.8,0.6072527708094086,0.7691158533695387,0.8048780487804879
CC,1.7,0.3727855551576051,0.805825786783401,0.027027027027027
O=C1NCCc2c(CC3CCCC3)[nH]c3cccc1c23,9.2,0.8629167253845026,0.8136691851274469,0.54
O=C1NCCc2c(-c3[nH]c4cccc5c4c3CCNC5=O)[nH]c3cccc1c23,11.5,0.4150109329467134,0.780507729559058,0.675
CC,1.7,0.3727855551576051,0.805825786783401,0.027027027027027
CCc1noc(C)n1,5.2,0.5423267954553673,0.8497290666394457,0.0377358490566037
CCCCCc1[nH]c2cccc3c2c1CCNC3=O,8.2,0.8107132324795738,0.8242505680466155,0.5714285714285714
CC(=O)c1[nH]c2cccc3c2c1CCNC3=O,8.3,0.7289765150195879,0.8210046746672887,0.6222222222222222
COCCc1[nH]c2cccc3c2c1CCNC3=O,7.9,0.8620897592990927,0.8101094299851191,0.6382978723404256
O=C1NCCc2c(C3CC3)[nH]c3cccc1c23,7.6,0.7697977057077745,0.8242210339032907,0.6
CC,1.7,0.3727855551576051,0.805825786783401,0.027027027027027
O=C1NCCc2c(O)[nH]c3cccc1c23,7.8,0.5998092824668133,0.8098089021245498,0.6428571428571429
O=C1NCCc2c(-c3[nH]c4cccc5c4c3CCNC5=O)[nH]c3cccc1c23,11.5,0.4150109329467134,0.780507729559058,0.675
CCc1ccnn1C,4.9,0.5266543818413374,0.834052842863222,0.0980392156862745
O=C(OOCC1CC1)c1[nH]c2cccc3c2c1CCNC3=O,8.1,0.6678463617315801,0.778109614769237,0.5
CCC,2.5,0.3854706587740357,0.916115884596113,0.0256410256410256
O=C1NCCc2c(Cc3ccccc3)[nH]c3cccc1c23,9.6,0.7421347492622251,0.8424944364394362,0.5625
CCOCc1[nH]c2cccc3c2c1CCNC3=O,7.5,0.8671712363146116,0.8044416785058294,0.6041666666666666
O=C1NCCc2c(Cl)[nH]c3cccc1c23,8.1,0.7019020490581281,0.8128360935377879,0.6428571428571429
O=Cc1ccc(-c2c(C(F)(F)F)cnn2-c2[nH]c3cccc4c3c2CCNC4=O)cc1,11.8,0.4854377925913453,0.768150579164613,0.4242424242424242
O=C1NCCc2c(OC(CO)c3[nH]c4cccc5c4c3CCNC5=O)[nH]c3cccc1c23,11.3,0.3413757298003643,0.6861887180132165,0.6078431372549019
COOC(=O)c1ccc(C)o1,5.5,0.478049733603073,0.8195379113515899,0.1296296296296296
CCO,2.5,0.4068079656553945,0.8910825512627797,0.024390243902439
O=C1NCCc2c(-c3ccncc3)[nH]c3cccc1c23,9.5,0.7084364901548231,0.8340024315420494,0.574468085106383
O=C1NCCc2c(CO)[nH]c3cccc1c23,8.0,0.6640289852651396,0.8056618750913596,0.6
O=C(Cc1[nH]c2cccc3c2c1CCNC3=O)Nc1ccccc1,9.8,0.6941151676902282,0.8429188215346866,0.4909090909090909
COc1ccco1,4.3,0.527659799582626,0.810564387822111,0.2
CC1(C(NC(=O)COC2CC2)c2[nH]c3cccc4c3c2CCNC4=O)CCC1=O,9.1,0.697753765980074,0.6645374214813583,0.4328358208955223
O=CCc1[nH]c2cccc3c2c1CCNC3=O,8.1,0.7584450339152999,0.7809852411246408,0.574468085106383
Cc1[nH]c2cccc3c2c1CCNC3=O,8.1,0.6683819860767128,0.8337563082068397,0.6829268292682927
Cc1[nH]c2cccc3c2c1CCNC3=O,7.6,0.6683819860767128,0.8337563082068397,0.6829268292682927
O=C1NCCc2c(OCl)[nH]c3cccc1c23,8.1,0.7956837261108762,0.7683645506766439,0.7560975609756098
CCC(=O)Nc1[nH]c2cccc3c2c1CCNC3=O,8.2,0.7671335660584581,0.8124076672437146,0.5490196078431373
O=C1NCCc2c(-c3ccc(Cl)cc3)[nH]c3cccc1c23,9.8,0.7051631639440175,0.8524015145015116,0.5625
O=C1NCCc2c(-c3[nH]c4cccc5c4c3CCNC5=O)[nH]c3cccc1c23,11.5,0.4150109329467134,0.780507729559058,0.675
O=C(O)c1ccn(-c2[nH]c3cccc4c3c2CCNC4=O)c(=O)c1,10.3,0.6610011663487301,0.7914826547602846,0.4736842105263157
O=C1NCCc2c(C3CCNCC3)[nH]c3cccc1c23,9.1,0.7405736958082261,0.8077737483608239,0.5625
O=C1NCCc2c(-c3ccncc3)[nH]c3cccc1c23,8.8,0.7084364901548231,0.8340024315420494,0.574468085106383
CNc1[nH]c2cccc3c2c1CCNC3=O,7.9,0.6747859892562701,0.7959023433187843,0.6363636363636364
NOC(=O)c1[nH]c2cccc3c2c1CCNC3=O,7.8,0.6365429509821815,0.7913798847942619,0.5833333333333334
CC1(c2[nH]c3cccc4c3c2CCNC4=O)CCC1=O,9.5,0.8314111772923534,0.7388902114355526,0.5714285714285714
COOC(C)C1CC1,4.1,0.4092056307535757,0.7113696733671316,0.0833333333333333
CF,1.6,0.3673293108901918,0.703430914988529,0.0263157894736842
O=C1NCCc2c(-c3ccccc3Cl)[nH]c3cccc1c23,9.8,0.7051631639440175,0.849375284993315,0.574468085106383
NC(=O)Oc1[nH]c2cccc3c2c1CCNC3=O,8.2,0.6961466401346739,0.7899427807218637,0.6888888888888889
COC(C)OC,3.2,0.4627484837849362,0.8163400245494008,0.0714285714285714
CCOc1[nH]c2cccc3c2c1CCNC3=O,7.8,0.8268716770063448,0.8071277842957554,0.7441860465116279
O=C1NCCc2c(Cc3ccccc3-c3ccccc3Cl)[nH]c3cccc1c23,11.0,0.4884539249955064,0.827661575712904,0.5
O=C1NCCc2c(O)[nH]c3cccc1c23,7.8,0.5998092824668133,0.8098089021245498,0.6428571428571429
COc1ccc(Cl)s1,4.7,0.5945339931736284,0.8319269687373476,0.1458333333333333
CCc1ccccc1,5.7,0.5147578217927745,1.0,0.1111111111111111
O=C1NCCc2c(-c3[nH]c4cccc5c4c3CCNC5=O)[nH]c3cccc1c23,11.5,0.4150109329467134,0.780507729559058,0.675
O=C1NCCc2c(O)[nH]c3cccc1c23,8.7,0.5998092824668133,0.8098089021245498,0.6428571428571429
Cc1[nH]c2cccc3c2c1CCNC3=O,8.1,0.6683819860767128,0.8337563082068397,0.6829268292682927
COc1[nH]c2cccc3c2c1CCNC3=O,7.8,0.7578932450471935,0.8062678951582493,1.0
CF,1.5,0.3673293108901918,0.703430914988529,0.0263157894736842
Cc1[nH]c2cccc3c2c1CCNC3=O,8.0,0.6683819860767128,0.8337563082068397,0.6829268292682927
O=C1NCCc2c(-c3cn[nH]c3)[nH]c3cccc1c23,8.7,0.6179732943805525,0.7912273762384235,0.56
CC(=O)Oc1[nH]c2cccc3c2c1CCNC3=O,8.1,0.7443097717717878,0.7963334292889829,0.7441860465116279
O=C1NCCn2cc(C=NO)c3cccc1c32,7.8,0.4379966453435926,0.7873811594919877,1.0
O=C1NCCn2cc(C=NO)c3cccc1c32,7.9,0.4379966453435926,0.7873811594919877,1.0
O=C1NCCn2cc(-c3nccs3)c3cccc1c32,8.8,0.7375485201279797,0.8058045740406212,0.5185185185185185
OC=NO,3.4,0.178586857009443,0.6506136785975748,0.1162790697674418
O=C1NCCn2cc(C=NO)c3cccc1c32,7.6,0.4379966453435926,0.7873811594919877,1.0
O=C1NCCn2cc(C=NO)c3cccc1c32,7.3,0.4379966453435926,0.7873811594919877,1.0
O=C(O)c1cn2c3c(cccc13)C(=O)NCC2,8.5,0.7696926168682571,0.8350457003083144,0.6041666666666666
O=C1NCCn2cc(C=NO)c3cccc1c32,7.4,0.4379966453435926,0.7873811594919877,1.0
O=C1NCCn2cc(C=NO)c3cccc1c32,7.4,0.4379966453435926,0.7873811594919877,1.0
N=Cc1cn2c3c(cccc13)C(=O)NCC2,8.4,0.6907155491056897,0.7685949854592525,0.7111111111111111
O=C1NCCn2cc(C=NO)c3cccc1c32,7.7,0.4379966453435926,0.7873811594919877,1.0
O=C1NCCn2cc(C=NC=NO)c3cccc1c32,8.0,0.3665421150250271,0.7257800785361259,0.8260869565217391
O=C1NCCn2cc(C=NO)c3cccc1c32,7.6,0.4379966453435926,0.7873811594919877,1.0
O=C1NCCn2cc(C=NO)c3cccc1c32,7.9,0.4379966453435926,0.7873811594919877,1.0
O=C1NCCn2cc(CCCO)c3cccc1c32,6.9,0.8549830325983624,0.8217706725886695,0.5576923076923077
O=C1NCCn2cc(C=NOc3ccccc3)c3cccc1c32,9.3,0.5973674503960492,0.804455686361379,0.6862745098039216
O=C1NCCn2cc(C=NO)c3cccc1c32,7.4,0.4379966453435926,0.7873811594919877,1.0
OC=NO,3.5,0.178586857009443,0.6506136785975748,0.1162790697674418
O=C1NCCn2cc(C=NO)c3cccc1c32,7.9,0.4379966453435926,0.7873811594919877,1.0
O=C1NCCn2cc(C=NO)c3cccc1c32,8.2,0.4379966453435926,0.7873811594919877,1.0
O=C1NCCn2cc(C=NO)c3cccc1c32,7.3,0.4379966453435926,0.7873811594919877,1.0
O=C1NCCn2cc(C=NC=NO)c3cccc1c32,8.3,0.3665421150250271,0.7257800785361259,0.8260869565217391
O=C1NCCn2cc(O)c3cccc1c32,8.0,0.6715099638465978,0.8093945908544247,0.6444444444444445
O=C1NCCn2cc(C=NC=NO)c3cccc1c32,8.4,0.3665421150250271,0.7257800785361259,0.8260869565217391
OC=NO,3.5,0.178586857009443,0.6506136785975748,0.1162790697674418
O=C1NCCn2cc(C=NO)c3cccc1c32,8.2,0.4379966453435926,0.7873811594919877,1.0
O=C1NCCn2cc(C=NO)c3cccc1c32,7.6,0.4379966453435926,0.7873811594919877,1.0
O=C1NCCn2cc(O)c3cccc1c32,7.1,0.6715099638465978,0.8093945908544247,0.6444444444444445
O=C1NCCn2cc(C=NO)c3cccc1c32,8.2,0.4379966453435926,0.7873811594919877,1.0
O=C1NCCn2cc(-c3ccc(F)c(Cl)c3)c3cccc1c32,9.5,0.7271898577548694,0.8368248772844995,0.4912280701754385
O=C1NCCn2cc(C=NC=NO)c3cccc1c32,8.3,0.3665421150250271,0.7257800785361259,0.8260869565217391
O=C1NCCn2cc(-c3ccc(Cl)o3)c3cccc1c32,9.2,0.7459690991925403,0.8023023416261209,0.5185185185185185
N=Cc1cn2c3c(cccc13)C(=O)NCC2,7.8,0.6907155491056897,0.7685949854592525,0.7111111111111111
O=C1NCCn2cc(C=NO)c3cccc1c32,7.3,0.4379966453435926,0.7873811594919877,1.0
O=C1NCCn2cc(C=NC=NO)c3cccc1c32,7.3,0.3665421150250271,0.7257800785361259,0.8260869565217391
OC=NO,3.5,0.178586857009443,0.6506136785975748,0.1162790697674418
N=Cc1cn2c3c(cccc13)C(=O)NCC2,8.4,0.6907155491056897,0.7685949854592525,0.7111111111111111
O=C1NCCn2cc(C=NO)c3cccc1c32,7.8,0.4379966453435926,0.7873811594919877,1.0
N=Cc1cn2c3c(cccc13)C(=O)NCC2,8.3,0.6907155491056897,0.7685949854592525,0.7111111111111111
OC=NO,3.4,0.178586857009443,0.6506136785975748,0.1162790697674418
CN(C=N)Cc1cn2c3c(cccc13)C(=O)NCC2,8.4,0.6442784765192894,0.7555825960186434,0.5178571428571429
O=C1NCCn2cc(O)c3cccc1c32,7.4,0.6715099638465978,0.8093945908544247,0.6444444444444445
O=C1NCCn2cc(C=NO)c3cccc1c32,7.4,0.4379966453435926,0.7873811594919877,1.0
O=C1NCCn2cc(O)c3cccc1c32,7.3,0.6715099638465978,0.8093945908544247,0.6444444444444445
O=C1NCCn2cc(C=NO)c3cccc1c32,7.6,0.4379966453435926,0.7873811594919877,1.0
O=C1NCCn2cc(C=NC=NO)c3cccc1c32,7.4,0.3665421150250271,0.7257800785361259,0.8260869565217391
O=C1NCCn2cc(C=NO)c3cccc1c32,8.1,0.4379966453435926,0.7873811594919877,1.0
O=C1NCCn2cc(C=NO)c3cccc1c32,7.6,0.4379966453435926,0.7873811594919877,1.0
COc1ccccc1C=Nc1cn2c3c(cccc13)C(=O)NCC2,9.1,0.7540741002455306,0.8119748654907306,0.5517241379310345
O=C1NCCn2cc(C=NO)c3cccc1c32,8.2,0.4379966453435926,0.7873811594919877,1.0
CCCOc1cn2c3c(cccc13)C(=O)NCC2,7.4,0.8988491067962591,0.8235712643046459,0.5185185185185185
CCOCc1cn2c3c(cccc13)C(=O)NCC2,8.1,0.8960382948150403,0.8169603175590837,0.5283018867924528
O=C1NCCn2cc(-c3ccc(Br)s3)c3cccc1c32,8.1,0.7123351289190305,0.8079384158966779,0.5185185185185185
O=C1NCCn2cc(C=NO)c3cccc1c32,7.5,0.4379966453435926,0.7873811594919877,1.0
O=C1NCCn2cc(C=NO)c3cccc1c32,7.8,0.4379966453435926,0.7873811594919877,1.0
O=C1NCCn2cc(C=NO)c3cccc1c32,8.2,0.4379966453435926,0.7873811594919877,1.0
O=C1NCCn2cc(C=NO)c3cccc1c32,7.5,0.4379966453435926,0.7873811594919877,1.0
O=C1NCCn2cc(C=NC=NO)c3cccc1c32,8.3,0.3665421150250271,0.7257800785361259,0.8260869565217391
O=C1NCCn2cc(C=NO)c3cccc1c32,7.4,0.4379966453435926,0.7873811594919877,1.0
O=C1NCCn2cc(C=NO)c3cccc1c32,7.3,0.4379966453435926,0.7873811594919877,1.0
OC=NO,3.5,0.178586857009443,0.6506136785975748,0.1162790697674418
OC=NO,3.6,0.178586857009443,0.6506136785975748,0.1162790697674418
O=C1NCCn2cc(C=NO)c3cccc1c32,8.1,0.4379966453435926,0.7873811594919877,1.0
OC=NO,3.6,0.178586857009443,0.6506136785975748,0.1162790697674418
O=C1NCCn2cc(O)c3cccc1c32,8.0,0.6715099638465978,0.8093945908544247,0.6444444444444445
O=C1NCCn2cc(C=NO)c3cccc1c32,7.5,0.4379966453435926,0.7873811594919877,1.0
O=C1NCCn2cc(C=NC=NO)c3cccc1c32,8.3,0.3665421150250271,0.7257800785361259,0.8260869565217391
OC=NO,3.5,0.178586857009443,0.6506136785975748,0.1162790697674418
N=Cc1cn2c3c(cccc13)C(=O)NCC2,8.4,0.6907155491056897,0.7685949854592525,0.7111111111111111
CCc1ccc(-c2cn3c4c(cccc24)C(=O)NCC3)cc1,9.5,0.768288657312824,0.8522033876630098,0.5185185185185185
N=Cc1cn2c3c(cccc13)C(=O)NCC2,8.4,0.6907155491056897,0.7685949854592525,0.7111111111111111
O=C1NCCn2cc(O)c3cccc1c32,8.0,0.6715099638465978,0.8093945908544247,0.6444444444444445
OC=NO,3.5,0.178586857009443,0.6506136785975748,0.1162790697674418
OC=NO,3.5,0.178586857009443,0.6506136785975748,0.1162790697674418
O=C1NCCn2cc(Cc3ccccc3Cl)c3cccc1c32,9.7,0.7703215678445983,0.8400911280476253,0.509090909090909
O=C1NCCn2cc(C=NO)c3cccc1c32,7.7,0.4379966453435926,0.7873811594919877,1.0
O=C1NCCn2cc(-c3ccco3)c3cccc1c32,8.1,0.7233663248435428,0.8205834201944676,0.5384615384615384
OC=NO,3.3,0.178586857009443,0.6506136785975748,0.1162790697674418
O=C1NCCn2cc(C=NC=NO)c3cccc1c32,8.3,0.3665421150250271,0.7257800785361259,0.8260869565217391
OC=NO,3.4,0.178586857009443,0.6506136785975748,0.1162790697674418
O=C1NCCn2cc(C=NO)c3cccc1c32,7.4,0.4379966453435926,0.7873811594919877,1.0
Cc1ccccc1-c1cn2c3c(cccc13)C(=O)NCC2,9.2,0.726258663956364,0.8486443896591411,0.56
O=C1NCCn2cc(C=NO)c3cccc1c32,8.0,0.4379966453435926,0.7873811594919877,1.0
O=C1NCCn2cc(O)c3cccc1c32,7.5,0.6715099638465978,0.8093945908544247,0.6444444444444445
O=C1NCCn2cc(O)c3cccc1c32,8.0,0.6715099638465978,0.8093945908544247,0.6444444444444445
O=C1NCCn2cc(C=NO)c3cccc1c32,7.4,0.4379966453435926,0.7873811594919877,1.0
N=Cc1cn2c3c(cccc13)C(=O)NCC2,7.8,0.6907155491056897,0.7685949854592525,0.7111111111111111
O=C1NCCn2cc(C=NC=NO)c3cccc1c32,7.8,0.3665421150250271,0.7257800785361259,0.8260869565217391
OC=NO,3.4,0.178586857009443,0.6506136785975748,0.1162790697674418
OC=NO,3.5,0.178586857009443,0.6506136785975748,0.1162790697674418
OC=NO,3.5,0.178586857009443,0.6506136785975748,0.1162790697674418
O=C1NCCn2cc(C=NO)c3cccc1c32,7.8,0.4379966453435926,0.7873811594919877,1.0
O=C1NCCn2cc(O)c3cccc1c32,7.2,0.6715099638465978,0.8093945908544247,0.6444444444444445
O=C1NCCn2cc(C=NO)c3cccc1c32,7.7,0.4379966453435926,0.7873811594919877,1.0
O=C(O)c1cn2c3c(cccc13)C(=O)NCC2,8.4,0.7696926168682571,0.8350457003083144,0.6041666666666666
O=C1NCCn2cc(C=NC=NO)c3cccc1c32,8.3,0.3665421150250271,0.7257800785361259,0.8260869565217391
O=C1NCCn2cc(C=NO)c3cccc1c32,7.7,0.4379966453435926,0.7873811594919877,1.0
O=C1NCCn2cc(C=NC=NO)c3cccc1c32,7.8,0.3665421150250271,0.7257800785361259,0.8260869565217391
OC=NO,3.3,0.178586857009443,0.6506136785975748,0.1162790697674418
O=C1NCCn2cc(C=NO)c3cccc1c32,8.2,0.4379966453435926,0.7873811594919877,1.0
Cc1ccccc1N(C)C=N,6.4,0.5039833824468583,0.8124276549413335,0.087719298245614
N=CN=Cc1cn2c3c(cccc13)C(=O)NCC2,7.7,0.6043967744603733,0.7346813234762436,0.7446808510638298
N=Cc1cn2c3c(cccc13)C(=O)NCC2,8.3,0.6907155491056897,0.7685949854592525,0.7111111111111111
CN(Cl)Cc1cn2c3c(cccc13)C(=O)NCC2,8.0,0.8415021566180837,0.7758251336630403,0.5185185185185185
CC=N,2.6,0.3854297884975674,0.6914569102371385,0.0222222222222222
CCc1ccc(N(C)C=N)cc1,6.5,0.5355232175369798,0.8310459648163787,0.0677966101694915
O=C1NCCn2cc(-c3ccc(F)c(Cl)c3)c3cccc1c32,9.4,0.7271898577548694,0.8368248772844995,0.4912280701754385
O=C1NCCn2cc(C=NO)c3cccc1c32,7.5,0.4379966453435926,0.7873811594919877,1.0
N=CC(=O)c1cn2c3c(cccc13)C(=O)NCC2,8.1,0.6123490263439447,0.7766209104352875,0.5882352941176471
Cc1ccccc1N(C)C=N,6.7,0.5039833824468583,0.8124276549413335,0.087719298245614
O=C1NCCn2cc(O)c3cccc1c32,7.2,0.6715099638465978,0.8093945908544247,0.6444444444444445
COc1ccccc1-c1cn2c3c(cccc13)C(=O)NCC2,9.0,0.7885917870535378,0.8496863203553175,0.5283018867924528
O=C1NCCn2cc(C=NF)c3cccc1c32,8.2,0.7457067679521352,0.7514307670273096,0.7777777777777778
N=CCl,2.6,0.4028663922062712,0.6211030640832925,0.0222222222222222
COc1ccccc1C(=O)O,6.4,0.6961288347721591,0.9691702190438976,0.1071428571428571
C[NH+](C)Cc1cn2c3c(cccc13)C(=O)NCC2,8.2,0.7683627347669384,0.7068266419586661,0.5384615384615384
CCc1ccc(O)cc1,6.1,0.6032549150365025,0.959317161590323,0.0769230769230769
N=Cc1cn2c3c(cccc13)C(=O)NCC2,7.9,0.6907155491056897,0.7685949854592525,0.7111111111111111
O=C1NCCn2cc(O)c3cccc1c32,7.2,0.6715099638465978,0.8093945908544247,0.6444444444444445
O=C1NCCn2cc(-c3ccccc3Br)c3cccc1c32,8.8,0.7174893038284856,0.8352976052959631,0.56
O=C1NCCn2cc(Cc3ccccc3-c3ccco3)c3cccc1c32,10.3,0.6053748640184103,0.820668229664433,0.4745762711864407
Cc1cn2c3c(cccc13)C(=O)NCC2,8.2,0.6895726690202818,0.830006039870525,0.6086956521739131
N=CCc1ccccc1Cl,6.1,0.6318426578620532,0.8264353328846499,0.0909090909090909
N=CC(=O)c1cn2c3c(cccc13)C(=O)NCC2,8.2,0.6123490263439447,0.7766209104352875,0.5882352941176471
N=CO,2.9,0.2953113488247186,0.6249312692114974,0.0454545454545454
CC[NH+](CC)c1cn2c3c(cccc13)C(=O)NCC2,7.6,0.8447432043191173,0.6910045333405807,0.5384615384615384
Cn1cc(-c2cn3c4c(cccc24)C(=O)NCC3)c(-c2ccco2)n1,9.9,0.6134746733478872,0.7888533165751512,0.4444444444444444
CN=Cc1ccccc1OC,5.6,0.5868157747359496,0.887683833601383,0.1454545454545454
CO,1.9,0.3852844044738431,0.8109950175526317,0.0238095238095238
CCc1ccc(-c2cn3c4c(cccc24)C(=O)NCC3)cc1,9.7,0.768288657312824,0.8522033876630098,0.5185185185185185
O=C1NCCn2cc(-c3ccccc3)c3cccc1c32,9.2,0.7182489113972954,0.8604052998601721,0.5833333333333334
CCOc1ccccc1C=N,6.1,0.6556079393958327,0.8708610048172639,0.1034482758620689
O=C1NCCn2cc(Cl)c3cccc1c32,7.4,0.7244958760024373,0.8138618538240132,0.6086956521739131
O=C1NCCn2cc(C=NF)c3cccc1c32,7.4,0.7457067679521352,0.7514307670273096,0.7777777777777778
N=Cc1cn2c3c(cccc13)C(=O)NCC2,7.8,0.6907155491056897,0.7685949854592525,0.7111111111111111
Cc1cn2c3c(cccc13)C(=O)NCC2,8.0,0.6895726690202818,0.830006039870525,0.6086956521739131
CC=N,2.6,0.3854297884975674,0.6914569102371385,0.0222222222222222
CN(C=N)c1cn2c3c(cccc13)C(=O)NCC2,7.8,0.6178647443888805,0.7392109556841563,0.5471698113207547
O=C1NCCn2cc(C=Nc3cccs3)c3cccc1c32,7.9,0.7250873280734915,0.7671433198141262,0.6730769230769231
CS(=O)(=O)Nc1cn2c3c(cccc13)C(=O)NCC2,8.0,0.8512278853410129,0.8071524073393981,0.5283018867924528
O=C(O)c1cn2c3c(cccc13)C(=O)NCC2,8.3,0.7696926168682571,0.8350457003083144,0.6041666666666666
O=C1NCCn2cc(Oc3ccccc3)c3cccc1c32,8.9,0.7820668675283504,0.8461090766379475,0.5384615384615384
O=C(O)c1cn2c3c(cccc13)C(=O)NCC2,8.5,0.7696926168682571,0.8350457003083144,0.6041666666666666
O=C1NCCn2cc(CCC3CC3)c3cccc1c32,7.4,0.8974930879962532,0.8227761624522097,0.5185185185185185
N=Cc1cn2c3c(cccc13)C(=O)NCC2,7.8,0.6907155491056897,0.7685949854592525,0.7111111111111111
CC=N,2.7,0.3854297884975674,0.6914569102371385,0.0222222222222222
N=CC=N,3.3,0.4054240969465395,0.5575350461189424,0.0227272727272727
O=C(O)Cc1ccccc1Cl,6.7,0.7370308543728599,0.9457820139156924,0.1071428571428571
N=CC(=O)O,3.8,0.4191724815185736,0.7604779652935229,0.0638297872340425
O=C1NCCn2cc(-c3ccccc3)c3cccc1c32,9.1,0.7182489113972954,0.8604052998601721,0.5833333333333334
O=C1NCCn2cc(-c3ccc4n[nH]nc4c3)c3cccc1c32,10.3,0.5664341623029719,0.8047778583070804,0.5178571428571429
CN(Cc1cn2c3c(cccc13)C(=O)NCC2)C(=O)OC(N)=O,8.7,0.8069063977174651,0.780007439755044,0.4754098360655737
N=CF,2.7,0.3859859895317074,0.612164602544831,0.0222222222222222
CN(C=N)C=N,3.9,0.3632193753421636,0.5566487424981188,0.0204081632653061
O=C1NCCn2cc(N=Cc3ccccc3O)c3cccc1c32,9.5,0.7149522278592546,0.7983167824645734,0.6111111111111112
O=C1NCCn2cc(-c3ccc(O)c(Cl)c3)c3cccc1c32,9.7,0.7232349666468063,0.8296805549401773,0.5178571428571429
O=C1NCCn2cc(-c3cccs3)c3cccc1c32,8.6,0.7226349183983547,0.8240383652494125,0.5384615384615384
N=Cc1ccc(F)c(Cl)c1,6.5,0.6060012506937565,0.842465796865114,0.0689655172413793
O=C1NCCn2cc(Cc3ccccc3)c3cccc1c32,9.5,0.7668411923180533,0.8545405902855902,0.5384615384615384
CCc1ccc(-c2cn3c4c(cccc24)C(=O)NCC3)cc1,9.5,0.768288657312824,0.8522033876630098,0.5185185185185185
O=C(O)c1cn2c3c(cccc13)C(=O)NCC2,8.2,0.7696926168682571,0.8350457003083144,0.6041666666666666
N=Cc1cn2c3c(cccc13)C(=O)NCC2,8.4,0.6907155491056897,0.7685949854592525,0.7111111111111111
O=C1NCCn2cc(C(=O)C3CCC(c4cn5c6c(cccc46)C(=O)NCC5)CC3)c3cccc1c32,13.0,0.4303543437115661,0.7624372930877161,0.4915254237288136
COc1ccccc1O,5.8,0.6127725486570803,0.964578084667246,0.0943396226415094
O=C1NCCn2cc(-c3ccccc3)c3cccc1c32,9.2,0.7182489113972954,0.8604052998601721,0.5833333333333334
O=C1NCCn2cc(SCC3CC3)c3cccc1c32,7.9,0.8717682863157604,0.7968474911235385,0.509090909090909
O=C1NCCn2cc(C3CC3)c3cccc1c32,8.6,0.7947839421812752,0.823376135944107,0.5714285714285714
N=CC=NO,3.6,0.2573435621626839,0.5721234736313391,0.1063829787234042
N=Cc1cn2c3c(cccc13)C(=O)NCC2,8.3,0.6907155491056897,0.7685949854592525,0.7111111111111111
CN(C=N)c1cn2c3c(cccc13)C(=O)NCC2,8.7,0.6178647443888805,0.7392109556841563,0.5471698113207547
N=Cc1cn2c3c(cccc13)C(=O)NCC2,7.8,0.6907155491056897,0.7685949854592525,0.7111111111111111
O=C1NCCn2cc(-c3ccc(CC=NO)cc3)c3cccc1c32,9.0,0.4425257318885094,0.7995179424138075,0.6
Cc1cn2c3c(cccc13)C(=O)NCC2,8.1,0.6895726690202818,0.830006039870525,0.6086956521739131
CC1CCN(c2ccccc2Cl)C1,6.9,0.6655333501485919,0.8734887279125763,0.1166666666666666
O=C1NCCn2cc(F)c3cccc1c32,7.6,0.6932582713550682,0.8061505836987897,0.6086956521739131
N=Cc1ccccc1-c1cn2c3c(cccc13)C(=O)NCC2,9.3,0.6998994603198672,0.7987353588168562,0.5882352941176471
O=C(O)Cc1cn2c3c(cccc13)C(=O)NCC2,8.9,0.8278436534603039,0.8264390099827987,0.5686274509803921
O=C1NCCn2cc(C=NO)c3cccc1c32,8.2,0.4379966453435926,0.7873811594919877,1.0
COc1ccccc1C=N,5.9,0.6148622033368153,0.8717468713461882,0.109090909090909
CCOC(=O)c1cn2c3c(cccc13)C(=O)NCC2,7.7,0.8315216957070072,0.8413210575571048,0.5272727272727272
CC=N,2.6,0.3854297884975674,0.6914569102371385,0.0222222222222222
O=C1NCCn2cc(-c3ccc(-c4ccco4)cc3)c3cccc1c32,10.1,0.5958158723414164,0.837038589835767,0.5
Cc1cn2c3c(cccc13)C(=O)NCC2,8.1,0.6895726690202818,0.830006039870525,0.6086956521739131
O=C1NCCn2cc(O)c3cccc1c32,7.2,0.6715099638465978,0.8093945908544247,0.6444444444444445
O=C1NCCn2cc(-c3ccccc3)c3cccc1c32,9.2,0.7182489113972954,0.8604052998601721,0.5833333333333334
O=C1NCCn2cc(-c3ccccc3)c3cccc1c32,9.2,0.7182489113972954,0.8604052998601721,0.5833333333333334
N=Cc1cn2c3c(cccc13)C(=O)NCC2,7.8,0.6907155491056897,0.7685949854592525,0.7111111111111111
COc1ccccc1-c1nccs1,5.9,0.7278137841928597,0.9072976975923618,0.1147540983606557
Oc1nccs1,4.2,0.5251481323065107,0.7394101301300948,0.0769230769230769
N=Cc1ccccc1Cc1cn2c3c(cccc13)C(=O)NCC2,10.4,0.7180741199649875,0.794725737688454,0.5357142857142857
N=Cc1ccccc1-c1cn2c3c(cccc13)C(=O)NCC2,9.3,0.6998994603198672,0.7987353588168562,0.5882352941176471
O=C1NCCn2cc(Cc3nc(Cl)cs3)c3cccc1c32,8.9,0.78925930844906,0.7840315271118522,0.4590163934426229
Cc1cn2c3c(cccc13)C(=O)NCC2,8.0,0.6895726690202818,0.830006039870525,0.6086956521739131
N=CC=N,3.3,0.4054240969465395,0.5575350461189424,0.0227272727272727
CO,1.9,0.3852844044738431,0.8109950175526317,0.0238095238095238
O=C1NCCn2cc(C=NO)c3cccc1c32,8.2,0.4379966453435926,0.7873811594919877,1.0
N=Cc1cn2c3c(cccc13)C(=O)NCC2,7.8,0.6907155491056897,0.7685949854592525,0.7111111111111111
Cc1cn2c3c(cccc13)C(=O)NCC2,7.6,0.6895726690202818,0.830006039870525,0.6086956521739131
O=C1NCCn2ccc3cccc1c32,8.0,0.662338111397925,0.8229410981501126,0.4791666666666667
C[NH+](C)Cc1cn2c3c(cccc13)C(=O)NCC2,7.6,0.7683627347669384,0.7068266419586661,0.5384615384615384
N=Cc1ccccc1CF,6.3,0.6037603286338631,0.8059996185989358,0.109090909090909
CCC(=O)c1cn2c3c(cccc13)C(=O)NCC2,7.9,0.8185294220873928,0.8253717399978817,0.5576923076923077
N=CC=N,3.2,0.4054240969465395,0.5575350461189424,0.0227272727272727
O=C1NCCn2cc(C3CCOCC3)c3cccc1c32,8.9,0.863605123077864,0.8105197718288812,0.5283018867924528
N=Cc1cn2c3c(cccc13)C(=O)NCC2,8.4,0.6907155491056897,0.7685949854592525,0.7111111111111111
Cc1ccccc1C=Nc1cn2c3c(cccc13)C(=O)NCC2,9.8,0.7242361310421613,0.8064481257481554,0.5818181818181818
N=CCl,2.5,0.4028663922062712,0.6211030640832925,0.0222222222222222
N=CN(c1ccccc1)c1cn2c3c(cccc13)C(=O)NCC2,9.1,0.5766681360156678,0.7753870465288674,0.5178571428571429
N=Cc1ccccc1-c1cn2c3c(cccc13)C(=O)NCC2,9.5,0.6998994603198672,0.7987353588168562,0.5882352941176471
O=C1NCCn2cc(-c3ccc(CN=Cc4ccccc4)cc3)c3cccc1c32,10.9,0.5147088616016177,0.8238964835757573,0.5166666666666667
N=Cc1nc(Cl)cs1,4.6,0.6030180769694079,0.6669724232828024,0.0517241379310344
N=CO,2.9,0.2953113488247186,0.6249312692114974,0.0454545454545454
Cc1csc(Cc2cn3c4c(cccc24)C(=O)NCC3)n1,8.9,0.7903629529055028,0.8053089546023945,0.4590163934426229
O=C1NCCn2cc(Oc3ccc(F)c(Cl)c3)c3cccc1c32,9.5,0.7723124330604817,0.8249676087527129,0.4590163934426229
O=C1NCCn2cc(C3CC3)c3cccc1c32,7.5,0.7947839421812752,0.823376135944107,0.5714285714285714
O=C1NCCn2cc(C3CC3)c3cccc1c32,8.1,0.7947839421812752,0.823376135944107,0.5714285714285714
O=C1NCCn2cc(-c3ccc(Cl)c(Cl)c3)c3cccc1c32,9.3,0.7063045744823736,0.8402478321074545,0.5185185185185185
O=C1NCCn2cc(-c3ccc(Br)cc3)c3cccc1c32,8.8,0.7174893038284857,0.846840102143378,0.5490196078431373
N=Cc1cn2c3c(cccc13)C(=O)NCC2,8.1,0.6907155491056897,0.7685949854592525,0.7111111111111111
N=CN(C=N)c1cn2c3c(cccc13)C(=O)NCC2,8.1,0.5718390485043172,0.7009307441667915,0.5686274509803921
O=C1NCCn2cc(-c3ccc(CCCO)cc3)c3cccc1c32,8.6,0.7763379852138228,0.8420915687874339,0.5178571428571429
O=C1NCCn2cc(Oc3ccccc3)c3cccc1c32,9.0,0.7820668675283504,0.8461090766379475,0.5384615384615384
O=C1NCCn2cc(-c3ccccc3)c3cccc1c32,9.1,0.7182489113972954,0.8604052998601721,0.5833333333333334
N=Cc1cn2c3c(cccc13)C(=O)NCC2,8.5,0.6907155491056897,0.7685949854592525,0.7111111111111111
CN(Cl)C(=O)OC(N)=O,5.1,0.400526619699235,0.7197263364154975,0.0545454545454545
Cc1cn2c3c(cccc13)C(=O)NCC2,8.2,0.6895726690202818,0.830006039870525,0.6086956521739131
CCNCc1ccc(-c2ccc(-c3cn4c5c(cccc35)C(=O)NCC4)cc2Cl)cc1,9.4,0.4408206695883347,0.8285640329330669,0.4117647058823529
O=C(O)C(=O)c1cn2c3c(cccc13)C(=O)NCC2,8.0,0.6112041341157416,0.8196110430433168,0.58
CO,1.9,0.3852844044738431,0.8109950175526317,0.0238095238095238
O=C1NCCn2ccc3cccc1c32,7.2,0.662338111397925,0.8229410981501126,0.4791666666666667
O=C1NCCn2cc(Cc3ccccc3Cl)c3cccc1c32,9.3,0.7703215678445983,0.8400911280476253,0.509090909090909
O=C1NCCn2cc(-c3ccc(F)c(Cl)c3)c3cccc1c32,9.8,0.7271898577548694,0.8368248772844995,0.4912280701754385
N=Cc1ccco1,4.7,0.5238556266854986,0.7656105416682648,0.0943396226415094
N=COc1ccccc1,5.5,0.4682380209414294,0.855958558040027,0.0961538461538461
O=C1NCCn2cc(Cc3ccccc3)c3cccc1c32,9.5,0.7668411923180533,0.8545405902855902,0.5384615384615384
O=C1NCCn2cc(-c3nc(Cl)cs3)c3cccc1c32,7.6,0.7504074496224137,0.7913458429523809,0.5
O=C(O)C=Nc1cn2c3c(cccc13)C(=O)NCC2,7.5,0.791994885760852,0.7664957014317487,0.5961538461538461
O=C1CSN(c2cn3c4c(cccc24)C(=O)NCC3)C1,8.4,0.8060858520474551,0.7195795299550335,0.509090909090909
Cc1cn2c3c(cccc13)C(=O)NCC2,8.1,0.6895726690202818,0.830006039870525,0.6086956521739131
N=Cc1cn2c3c(cccc13)C(=O)NCC2,7.8,0.6907155491056897,0.7685949854592525,0.7111111111111111
O=C(O)Cl,3.3,0.4391677440809671,0.8552816273155235,0.0444444444444444
O=C1NCCn2cc(-c3ccccc3)c3cccc1c32,9.2,0.7182489113972954,0.8604052998601721,0.5833333333333334
CCCCc1cn2c3c(cccc13)C(=O)NCC2,8.4,0.8818896875739994,0.8341369447780187,0.5283018867924528
O=C(O)c1ccccc1-c1cn2c3c(cccc13)C(=O)NCC2,9.2,0.7644874146837054,0.8438340423191466,0.5576923076923077
N=CO,2.9,0.2953113488247186,0.6249312692114974,0.0454545454545454
CCC(=O)O,3.9,0.4908446664452931,0.9284024408179986,0.0416666666666666
Cc1nc(-c2ccccc2C=N)cs1,6.8,0.7462256248793033,0.8320607041538651,0.1475409836065573
Nc1ccccc1Cc1cn2c3c(cccc13)C(=O)NCC2,9.5,0.7128636309068778,0.8291310318937791,0.509090909090909
O=C1NCCn2cc(-c3cn(Cl)nc3-c3ccco3)c3cccc1c32,9.6,0.6000838130353744,0.7532963091989657,0.4516129032258064
O=C1NCCn2cc(-c3nc(Cl)cs3)c3cccc1c32,8.5,0.7504074496224137,0.7913458429523809,0.5
CCc1cn2c3c(cccc13)C(=O)NCC2,8.3,0.7730987565180782,0.827460202850557,0.5833333333333334
O=C1NCCn2cc(C3CC3)c3cccc1c32,7.9,0.7947839421812752,0.823376135944107,0.5714285714285714
O=C1NCCn2cc(-c3ccccc3)c3cccc1c32,9.1,0.7182489113972954,0.8604052998601721,0.5833333333333334
O=C1NCCn2cc(CC=Cc3ccccc3)c3cccc1c32,9.7,0.7872050707352821,0.824232609438302,0.5178571428571429
O=C1NCCn2cc(Cc3ccc(F)c(Cl)c3)c3cccc1c32,10.1,0.7631503080107301,0.8314764665615709,0.4590163934426229
N=CO,2.9,0.2953113488247186,0.6249312692114974,0.0454545454545454
CCc1ccc(-c2cn3c4c(cccc24)C(=O)NCC3)cc1,9.7,0.768288657312824,0.8522033876630098,0.5185185185185185
N=Cc1cn2c3c(cccc13)C(=O)NCC2,8.4,0.6907155491056897,0.7685949854592525,0.7111111111111111
O=C1NCCn2ccc3cccc1c32,7.9,0.662338111397925,0.8229410981501126,0.4791666666666667
CCOCc1cn2c3c(cccc13)C(=O)NCC2,7.5,0.8960382948150403,0.8169603175590837,0.5283018867924528
O=C1NCCn2cc(N=Cc3ccccc3C(F)(F)F)c3cccc1c32,9.9,0.6882141011119249,0.7933421611383642,0.5517241379310345
O=C1NCCn2cc(Cc3cccs3)c3cccc1c32,7.8,0.769931171767687,0.8203179465355306,0.5
CN(c1cscn1)c1cn2c3c(cccc13)C(=O)NCC2,8.3,0.7909671215751202,0.7520582610336681,0.4590163934426229
O=C1NCCn2cc(N=CO)c3cccc1c32,7.3,0.5758425148978316,0.7493469365720506,0.6326530612244898
CCc1ccc(-c2nccs2)cc1,6.5,0.7054576747597938,0.9101519486045072,0.0655737704918032
O=C(c1ccccc1)c1cn2c3c(cccc13)C(=O)NCC2,9.9,0.7375877236136454,0.8563807915091639,0.5882352941176471
O=C1NCCn2cc(C3CC3)c3cccc1c32,7.2,0.7947839421812752,0.823376135944107,0.5714285714285714
O=C1NCCn2cc(-c3ccccc3)c3cccc1c32,9.2,0.7182489113972954,0.8604052998601721,0.5833333333333334
CCc1ccc(-c2cn3c4c(cccc24)C(=O)NCC3)cc1,9.7,0.768288657312824,0.8522033876630098,0.5185185185185185
c1ccc(-c2nccs2)cc1,6.0,0.6263545777465895,0.923692736526415,0.0892857142857142
O=C(O)Cc1cn2c3c(cccc13)C(=O)NCC2,7.8,0.8278436534603039,0.8264390099827987,0.5686274509803921
CCc1ccc(-c2ccco2)cc1,6.8,0.675218363162427,0.9315377785640216,0.0666666666666666
N#Cc1ncnn1-c1cn2c3c(cccc13)C(=O)NCC2,8.4,0.7139396261403037,0.7424179079441348,0.4745762711864407
O=C1NCCn2cc(Oc3ccccc3)c3cccc1c32,9.0,0.7820668675283504,0.8461090766379475,0.5384615384615384
O=C1NCCn2cc(O)c3cccc1c32,7.2,0.6715099638465978,0.8093945908544247,0.6444444444444445
CCO,2.5,0.4068079656553945,0.8910825512627797,0.0222222222222222
N=Cc1cn2c3c(cccc13)C(=O)NCC2,7.8,0.6907155491056897,0.7685949854592525,0.7111111111111111
CO,1.9,0.3852844044738431,0.8109950175526317,0.0238095238095238
O=C1NCCn2cc(Cl)c3cccc1c32,7.5,0.7244958760024373,0.8138618538240132,0.6086956521739131
Oc1ccccc1,5.2,0.514729544768675,0.9803820801298032,0.108695652173913
Brc1ccccc1Cc1ccccc1-c1ccco1,9.5,0.6393072402348017,0.8934251784362258,0.0952380952380952
O=C(O)C1CC1,4.2,0.5036005279684653,0.9272323322417084,0.0612244897959183
CC[C@@H]1CN(c2cn3c4c(cccc24)C(=O)NCC3)CCCO1,9.4,0.9258566595279112,0.7454189415702295,0.4444444444444444
N=CCc1ccccc1C=N,6.5,0.6115489508558436,0.7508242802515073,0.1111111111111111
O=C(O)c1cccs1,5.2,0.6210414168332357,0.889201793912173,0.1132075471698113
O=COC(=O)c1cn2c3c(cccc13)C(=O)NCC2,7.1,0.4883486278441513,0.7886860148220622,0.5769230769230769
O=C1NCCn2cc(C3CC3)c3cccc1c32,7.0,0.7947839421812752,0.823376135944107,0.5714285714285714
O=C1NCCn2cc(N=Cc3ccc(-c4nc(Cl)cs4)cc3Cl)c3cccc1c32,8.2,0.4231020352543952,0.765351760856616,0.4571428571428571
CC(=O)O,3.4,0.4298828832001217,0.9427854734693698,0.0444444444444444
O=C1NCCn2cc(-c3ccc(F)c(Cl)c3)c3cccc1c32,9.7,0.7271898577548694,0.8368248772844995,0.4912280701754385
N=Cc1ccccc1Cc1cn2c3c(cccc13)C(=O)NCC2,9.8,0.7180741199649875,0.794725737688454,0.5357142857142857
N=CO,2.8,0.2953113488247186,0.6249312692114974,0.0454545454545454
CN(Cl)Cc1cn2c3c(cccc13)C(=O)NCC2,8.2,0.8415021566180837,0.7758251336630403,0.5185185185185185
Clc1ccco1,4.3,0.4879553265074538,0.7842246097681039,0.0784313725490196
CC(C)Sc1cn2c3c(cccc13)C(=O)NCC2,7.9,0.8424459066591207,0.793836295050672,0.5384615384615384
N=Cc1cn2c3c(cccc13)C(=O)NCC2,7.8,0.6907155491056897,0.7685949854592525,0.7111111111111111
COc1ccccc1C=NC=N,5.7,0.5334648005829683,0.8119896505424171,0.1379310344827586
N=Cc1ccc(-c2cn3c4c(cccc24)C(=O)NCC3)cc1Cl,9.8,0.694032902384732,0.7940685411536454,0.5172413793103449
N=CC(=O)O,3.8,0.4191724815185736,0.7604779652935229,0.0638297872340425
COCc1cn2c3c(cccc13)C(=O)NCC2,7.8,0.8498582792612517,0.8192800605908889,0.5490196078431373
O=C1NCCn2cc(-c3ccccc3-c3ccccc3)c3cccc1c32,10.3,0.5637302739462949,0.8581877101839134,0.56
O=C1NCCn2cc(N=COO)c3cccc1c32,7.5,0.3644321417041918,0.733198187381569,0.5961538461538461
O=C1NCCn2cc(Cc3ccccc3Cl)c3cccc1c32,9.7,0.7703215678445983,0.8400911280476253,0.509090909090909
CC=N,2.6,0.3854297884975674,0.6914569102371385,0.0222222222222222
O=C1NCCn2cc(-c3ccccc3)c3cccc1c32,9.1,0.7182489113972954,0.8604052998601721,0.5833333333333334
CCN(CC)C1CN(c2cn3c4c(cccc24)C(=O)NCC3)CCCO1,9.3,0.9131403921163352,0.7075932026924849,0.4242424242424242
CN(Cc1cn2c3c(cccc13)C(=O)NCC2)C(=O)CCc1cn2c3c(cccc13)C(=O)NCC2,11.2,0.471138529303149,0.7652757075025483,0.4833333333333333
Fc1ccccc1,4.9,0.4618403302914614,1.0,0.0851063829787234
O=C1NCCn2cc(-c3ccccc3CCCO)c3cccc1c32,9.2,0.7763379852138228,0.8297487116445768,0.5178571428571429
O=Cc1ccccc1-c1cn2c3c(cccc13)C(=O)NCC2,8.9,0.7378059567698807,0.824916608816856,0.6
O=C1NCCn2cc(C=NO)c3cccc1c32,8.2,0.4379966453435926,0.7873811594919877,1.0
CCCl,2.3,0.3719855472548231,0.8465184486986771,0.0
Cc1cn2c3c(cccc13)C(=O)NCC2,8.2,0.6895726690202818,0.830006039870525,0.6086956521739131
CN(Cl)c1cn2c3c(cccc13)C(=O)NCC2,8.2,0.785036009941727,0.7594184567185707,0.56
O=C1NCCn2cc(Cc3ccc(F)c(Cl)c3)c3cccc1c32,10.1,0.7631503080107301,0.8314764665615709,0.4590163934426229
CCSCc1cn2c3c(cccc13)C(=O)NCC2,7.8,0.9202271655881707,0.8003638678549417,0.5185185185185185
Cc1cn(Cl)nc1-c1ccco1,6.0,0.678513246498102,0.766835804388571,0.0967741935483871
O=C(CCc1cn2c3c(cccc13)C(=O)NCC2)Nc1cn2c3c(cccc13)C(=O)NCC2,12.5,0.4542490651888924,0.7729617321352517,0.4915254237288136
CCc1cn2c3c(cccc13)C(=O)NCC2,8.3,0.7730987565180782,0.827460202850557,0.5833333333333334
O=C1NCCn2cc(Cc3ccccc3Cl)c3cccc1c32,9.7,0.7703215678445983,0.8400911280476253,0.509090909090909
N=Cc1ccccc1-c1cn2c3c(cccc13)C(=O)NCC2,9.5,0.6998994603198672,0.7987353588168562,0.5882352941176471
O=CCc1ccc(-c2cn3c4c(cccc24)C(=O)NCC3)cc1Cl,9.9,0.7436073756173011,0.802508581050533,0.4754098360655737
CC[C@@H](C)c1cn2c3c(cccc13)C(=O)NCC2,8.4,0.8628706895687699,0.7689885430782346,0.5384615384615384
O=C1NCCn2cc(C3CC3)c3cccc1c32,8.5,0.7947839421812752,0.823376135944107,0.5714285714285714
O=C1NCCn2cc(-c3ccc(CCF)cc3)c3cccc1c32,9.1,0.7884346525908447,0.8281335448067088,0.5
Cc1ccccc1,5.3,0.4588062796575454,1.0,0.0851063829787234
C=C[C@@H](O)c1cn2c3c(cccc13)C(=O)NCC2,7.7,0.7859221412666386,0.7283641086890942,0.5882352941176471
CCc1ccc(-c2cn3c4c(cccc24)C(=O)NCC3)cc1,9.7,0.768288657312824,0.8522033876630098,0.5185185185185185
CCOc1cn2c3c(cccc13)C(=O)NCC2,7.5,0.8542359987860386,0.8253729962266816,0.5384615384615384
O=C1NCCn2cc(Cc3nccs3)c3cccc1c32,8.8,0.784928550803607,0.7993813102904197,0.4827586206896552
O=C1NCCn2cc(Cl)c3cccc1c32,7.7,0.7244958760024373,0.8138618538240132,0.6086956521739131
Clc1ccccc1CCC=Cc1ccccc1,7.7,0.7089494106892847,0.9144668926160064,0.0806451612903225
O=Cc1ccccc1C=NCSc1cn2c3c(cccc13)C(=O)NCC2,9.9,0.4294286692866378,0.7536888511482123,0.5333333333333333
O=C1NCCn2cc(Cc3cccs3)c3cccc1c32,8.7,0.769931171767687,0.8203179465355306,0.5
Cc1cn(Cl)nc1-c1ccco1,5.9,0.678513246498102,0.766835804388571,0.0967741935483871
Fc1ccc(Cl)cc1Cl,5.7,0.5176652627994291,0.95353064876981,0.0566037735849056
O=C1NCCn2cc(Cc3ccccc3)c3cccc1c32,9.1,0.7668411923180533,0.8545405902855902,0.5384615384615384
O=C1NCCn2cc(-c3ccccc3)c3cccc1c32,8.9,0.7182489113972954,0.8604052998601721,0.5833333333333334
O=C1NCCn2cc(Cl)c3cccc1c32,6.8,0.7244958760024373,0.8138618538240132,0.6086956521739131
CCCc1cn2c3c(cccc13)C(=O)NCC2,8.3,0.8406860643739852,0.8301280982674979,0.5490196078431373
O=C1NCCn2cc(-c3ccccc3)c3cccc1c32,8.9,0.7182489113972954,0.8604052998601721,0.5833333333333334
O=C(O)c1cn2c3c(cccc13)C(=O)NCC2,8.3,0.7696926168682571,0.8350457003083144,0.6041666666666666
O=C(O)c1ccccc1Cc1cn2c3c(cccc13)C(=O)NCC2,10.2,0.7792062194845459,0.835641691418426,0.5087719298245614
O=C1NCCn2cc(Oc3ccco3)c3cccc1c32,8.3,0.7771359971763924,0.7782976075524797,0.5
O=C1NCCn2cc(-c3ccc(F)c(Cl)c3)c3cccc1c32,9.7,0.7271898577548694,0.8368248772844995,0.4912280701754385
COc1ccccc1Nc1cn2c3c(cccc13)C(=O)NCC2,9.1,0.7813917432851925,0.8350150603061349,0.4827586206896552
O=C1NCCn2cc(-c3cn(Cl)nc3-c3ccco3)c3cccc1c32,9.9,0.6000838130353744,0.7532963091989657,0.4516129032258064
CCN(Cc1cn2c3c(cccc13)C(=O)NCC2)c1ccccc1,9.1,0.7999795388547611,0.8324509094467746,0.4745762711864407
OCc1nc(Cl)cs1,4.6,0.652963058341498,0.7823675281779072,0.0517241379310344
CCC,2.5,0.3854706587740357,0.916115884596113,0.0
N=CC1(Oc2cn3c4c(cccc24)C(=O)NCC3)CCC1,8.3,0.84897368991981,0.7258611361912973,0.5087719298245614
CCOC(=O)c1cn2c3c(cccc13)C(=O)NCC2,7.5,0.8315216957070072,0.8413210575571048,0.5272727272727272
CCc1ccc(C)cc1,6.1,0.5339790665494062,0.9855922385133996,0.0576923076923076
O=C1NCCn2cc(Cc3ccccc3O)c3cccc1c32,9.0,0.7627429115886165,0.8314805511245483,0.5370370370370371
N=CCc1cn2c3c(cccc13)C(=O)NCC2,8.3,0.7517286251628008,0.7614527450492875,0.58
O=C1NCCn2cc(Cc3nc(Cl)cs3)c3cccc1c32,8.9,0.78925930844906,0.7840315271118522,0.4590163934426229
O=C1NCCn2ccc3cccc1c32,7.6,0.662338111397925,0.8229410981501126,0.4791666666666667
NCCCc1cn2c3c(cccc13)C(=O)NCC2,7.5,0.8526776429158691,0.8194070631212139,0.5283018867924528
O=C1NCCn2cc(N=Cc3ccccc3C(O)(F)c3ccc(-c4cn5c6c(cccc46)C(=O)NCC5)cc3)c3cccc1c32,12.6,0.2236248821000266,0.6760063344747036,0.4852941176470588
O=C1NCCn2cc(-c3ccc(C=NO)cc3)c3cccc1c32,9.2,0.4341734972231078,0.8198366446918983,0.7
Cc1ccccc1C=N,6.4,0.5465304180175831,0.8578334692826305,0.1153846153846153
O=C1NCCn2cc(Cc3ccccc3-c3ccco3)c3cccc1c32,10.2,0.6053748640184103,0.820668229664433,0.4745762711864407
N=Cc1ccccc1,5.8,0.5252977620344897,0.8752603527446448,0.1020408163265306
O=C1NCCn2cc(F)c3cccc1c32,7.7,0.6932582713550682,0.8061505836987897,0.6086956521739131
O=C(Cc1cn2c3c(cccc13)C(=O)NCC2)c1ccccc1,9.7,0.7565031994167646,0.8465691360811061,0.5272727272727272
Nc1cn2c3c(cccc13)C(=O)NCC2,7.8,0.6667536120674636,0.8056976319993263,0.6086956521739131
N=Cc1cn2c3c(cccc13)C(=O)NCC2,7.9,0.6907155491056897,0.7685949854592525,0.7111111111111111
Cc1ccccc1-c1cn2c3c(cccc13)C(=O)NCC2,9.1,0.726258663956364,0.8486443896591411,0.56
N#Cc1ncnn1C=N,5.0,0.4054225688050469,0.6351023923595535,0.0847457627118644
N=Cc1ccc(F)cc1Cl,6.3,0.6060012506937565,0.838956964956282,0.087719298245614
O=C1NCCn2cc(Cl)c3cccc1c32,7.5,0.7244958760024373,0.8138618538240132,0.6086956521739131
Cc1cn2c3c(cccc13)C(=O)NCC2,8.1,0.6895726690202818,0.830006039870525,0.6086956521739131
Nc1ccccc1-c1cn2c3c(cccc13)C(=O)NCC2,9.3,0.6716979177045209,0.8343578827234537,0.56
O=C1NCCn2cc(CNC3CCCCCC3)c3cccc1c32,9.3,0.8551879280279551,0.8298803469948631,0.4827586206896552
c1ccc(-c2ccccc2)cc1,7.2,0.5905018880213778,1.0,0.0888888888888888
Clc1ccccc1,5.0,0.4833833263681997,1.0,0.0851063829787234
O=C1NCCn2cc(-c3ccccc3)c3cccc1c32,9.0,0.7182489113972954,0.8604052998601721,0.5833333333333334
O=C1NCCn2cc(-c3ccc(O)c(-c4cccs4)c3)c3cccc1c32,10.3,0.5534781456137609,0.8170623329295889,0.4677419354838709
O=C1NCCn2cc(-c3nccs3)c3cccc1c32,8.8,0.7375485201279797,0.8058045740406212,0.5185185185185185
O=C1NCCn2cc(-c3ccc(-c4ccccc4)o3)c3cccc1c32,10.3,0.5958158723414164,0.8361895253867024,0.509090909090909
N=Cc1ccc(F)c(Cl)c1,6.5,0.6060012506937565,0.842465796865114,0.0689655172413793
O=C1NCCn2cc(OBr)c3cccc1c32,6.6,0.8692303821076801,0.7645143834525636,0.5833333333333334
O=C1NCCn2cc(-c3ccc(O)c(O)c3)c3cccc1c32,9.3,0.6035226577240855,0.8271921544517767,0.5471698113207547
O=C(Nc1cscn1)c1cn2c3c(cccc13)C(=O)NCC2,8.9,0.7605774328860616,0.7944269453553177,0.4677419354838709
CCOc1cc(O)ccc1F,5.9,0.7084521214432814,0.9178558600695386,0.0655737704918032
CCN(C)C(=O)c1cn2c3c(cccc13)C(=O)NCC2,8.1,0.8991093007462693,0.8206065477648098,0.5178571428571429
N=CN(c1ccccc1)c1cn2c3c(cccc13)C(=O)NCC2,9.5,0.5766681360156678,0.7753870465288674,0.5178571428571429
O=C(O)c1cn2c3c(cccc13)C(=O)NCC2,8.3,0.7696926168682571,0.8350457003083144,0.6041666666666666
O=C1NCCn2cc(-c3ccco3)c3cccc1c32,9.0,0.7233663248435428,0.8205834201944676,0.5384615384615384
O=C1NCCn2cc(Cc3ccc4cccnc4c3)c3cccc1c32,11.0,0.6121668497584066,0.8276620825592597,0.4444444444444444
c1ccc(-c2ccco2)cc1,6.4,0.5993231935996743,0.9483188437525224,0.074074074074074
O=C1NCCn2cc(OCc3ccccc3)c3cccc1c32,9.0,0.8062491614824261,0.8513214941718856,0.509090909090909
O=Cc1cn2c3c(cccc13)C(=O)NCC2,7.9,0.7249575862785282,0.8063839486699548,0.7272727272727273
N=Cc1cn2c3c(cccc13)C(=O)NCC2,8.4,0.6907155491056897,0.7685949854592525,0.7111111111111111
O=C1NCCn2cc(-c3nccs3)c3cccc1c32,8.8,0.7375485201279797,0.8058045740406212,0.5185185185185185
O=C1NCCn2cc(Cc3ccccc3Cl)c3cccc1c32,9.6,0.7703215678445983,0.8400911280476253,0.509090909090909
CCN=Cc1ccccc1C(F)(F)F,7.3,0.6516032945565232,0.8446341859352415,0.135593220338983
CCc1ccc(-c2cn3c4c(cccc24)C(=O)NCC3)cc1,9.5,0.768288657312824,0.8522033876630098,0.5185185185185185
N=Cc1ccc(-c2cn3c4c(cccc24)C(=O)NCC3)cc1,9.6,0.6998994603198672,0.80787838766301,0.5471698113207547
N=Cc1cn2c3c(cccc13)C(=O)NCC2,8.4,0.6907155491056897,0.7685949854592525,0.7111111111111111
O=C1NCCn2cc(-c3ccc(Cc4ccccc4)cc3)c3cccc1c32,10.9,0.5724219221087797,0.8584097649239806,0.509090909090909
O=C1NCCn2cc(CO)c3cccc1c32,7.4,0.7430345266484654,0.8196555205763095,0.6170212765957447
O=C1NCCn2cc(-c3ccc(O)c(-c4ccccc4)c3)c3cccc1c32,11.0,0.5596506747443556,0.8416156266571841,0.5087719298245614
OCC1CCOCC1,4.9,0.5372066929677293,0.8705305868583572,0.037037037037037
O=C1NCCn2cc(C=Cn3cccn3)c3cccc1c32,8.5,0.7810688881280751,0.7467673892930343,0.6037735849056604
O=C1NCCn2cc(-c3ccccc3)c3cccc1c32,9.2,0.7182489113972954,0.8604052998601721,0.5833333333333334
NCOc1cn2c3c(cccc13)C(=O)NCC2,7.0,0.7466403510121004,0.7893952882204022,0.5490196078431373
CN(c1cscn1)c1cn(Cl)nc1-c1ccco1,6.8,0.7378888438817651,0.715957063121214,0.0789473684210526
N=CC(=O)c1cn2c3c(cccc13)C(=O)NCC2,8.1,0.6123490263439447,0.7766209104352875,0.5882352941176471
CCc1cn2c3c(cccc13)C(=O)NCC2,7.7,0.7730987565180782,0.827460202850557,0.5833333333333334
CCCCl,3.0,0.4184360364601417,0.8480444478283441,0.0
O=C1NCCn2cc(N3CCCCCC3)c3cccc1c32,9.1,0.8735375884549699,0.824588232965491,0.56
O=C1NCCn2cc(Oc3ccccc3)c3cccc1c32,8.9,0.7820668675283504,0.8461090766379475,0.5384615384615384
COc1ccccc1-c1ccc(F)c(Cl)c1,7.9,0.7610541458222138,0.9412699984655696,0.09375
N=CO,2.9,0.2953113488247186,0.6249312692114974,0.0454545454545454
O=Cc1cn2c3c(cccc13)C(=O)NCC2,7.9,0.7249575862785282,0.8063839486699548,0.7272727272727273
CN(F)Cc1cn2c3c(cccc13)C(=O)NCC2,7.5,0.820101676427084,0.7709756615665092,0.5185185185185185
CN(CC(=O)[O-])c1ccc(-c2cn3c4c(cccc24)C(=O)NCC3)cc1,9.5,0.7694791226090548,0.7859585852547885,0.4677419354838709
O=C1NCCn2cc(Oc3ccccc3)c3cccc1c32,8.2,0.7820668675283504,0.8461090766379475,0.5384615384615384
Cc1ccccc1,5.3,0.4588062796575454,1.0,0.0851063829787234
O=C1NCCn2ccc3cccc1c32,7.2,0.662338111397925,0.8229410981501126,0.4791666666666667
Nc1ccccc1,5.1,0.4800754634455598,0.9707366955144184,0.0851063829787234
O=C1NCCn2cc(N(c3ccccc3)c3cccc4ccccc34)c3cccc1c32,11.6,0.40064964122342,0.8218207144640964,0.5087719298245614
N=CN,3.0,0.2806732350482354,0.6126235769038053,0.0222222222222222
CCc1ccc(C=O)cc1,6.2,0.5656655350954055,0.9338237944231116,0.0925925925925925
Cc1cn2c3c(cccc13)C(=O)NCC2,8.1,0.6895726690202818,0.830006039870525,0.6086956521739131
N=CO,2.8,0.2953113488247186,0.6249312692114974,0.0454545454545454
N#Cc1ncnn1-c1cn2c3c(cccc13)C(=O)NCC2,8.4,0.7139396261403037,0.7424179079441348,0.4745762711864407
O=C1NCCn2cc(-n3ncnc3-c3ccc(F)cc3)c3cccc1c32,10.3,0.6063721744970859,0.7983659766542852,0.4516129032258064
Cc1cn[nH]c1-c1ccccc1-c1ccccc1,8.7,0.7115312513995528,0.8947751606985277,0.1166666666666666
Cc1cccc(Oc2cn3c4c(cccc24)C(=O)NCC3)c1,9.7,0.7854631881468997,0.836004108816856,0.4912280701754385
Cc1cn2c3c(cccc13)C(=O)NCC2,8.1,0.6895726690202818,0.830006039870525,0.6086956521739131
O=C1NCCn2cc(Cc3ccccc3-c3ccccc3)c3cccc1c32,10.5,0.5724219221087797,0.8482641880009035,0.509090909090909
Fc1ccc(Cl)cc1Cl,5.6,0.5176652627994291,0.95353064876981,0.0566037735849056
CCc1ccc(C)cc1,6.1,0.5339790665494062,0.9855922385133996,0.0576923076923076
O=C1NCCn2cc(Cc3ccccc3Cl)c3cccc1c32,9.6,0.7703215678445983,0.8400911280476253,0.509090909090909
O=C1NCCn2cc(C(=O)[N+](=O)[O-])c3cccc1c32,7.2,0.6050288129222925,0.7793100270781499,0.5471698113207547
Cc1cn2c3c(cccc13)C(=O)NCC2,8.0,0.6895726690202818,0.830006039870525,0.6086956521739131
O=C1NCCn2cc(O)c3cccc1c32,8.0,0.6715099638465978,0.8093945908544247,0.6444444444444445
c1ccc(Oc2ccccc2)cc1,7.2,0.6700363845267113,0.9938510710363656,0.0833333333333333
N=Cc1nccs1,4.1,0.5432538208680353,0.7027466955144185,0.0727272727272727
O=C1NCCn2cc(-c3ccc(Br)cc3)c3cccc1c32,8.8,0.7174893038284857,0.846840102143378,0.5490196078431373
COCc1cn2c3c(cccc13)C(=O)NCC2,7.3,0.8498582792612517,0.8192800605908889,0.5490196078431373
CCCc1cn2c3c(cccc13)C(=O)NCC2,8.5,0.8406860643739852,0.8301280982674979,0.5490196078431373
CCC=N,3.2,0.4347671695180762,0.7044820546659509,0.0208333333333333
O=C1NCCn2cc(-c3ccc(F)c(C4CC4)c3)c3cccc1c32,10.2,0.7586668861169605,0.8239765855098418,0.4666666666666667
O=C1NCCn2cc(-c3ccccc3)c3cccc1c32,9.2,0.7182489113972954,0.8604052998601721,0.5833333333333334
Clc1csc(Cl)n1,4.2,0.5587255855012717,0.7508577481459976,0.037037037037037
COC(=O)c1cn2c3c(cccc13)C(=O)NCC2,7.7,0.7659407654061342,0.838178678157761,0.5576923076923077
O=C1NCCn2cc(Cc3ccc(Nc4cn5c6c(cccc46)C(=O)NCC5)cc3)c3cccc1c32,11.9,0.3601198075125073,0.7714320515368143,0.4666666666666667
O=C1NCCn2cc(-c3cn(Cl)nc3Cl)c3cccc1c32,9.1,0.7491585517100084,0.7442052387553999,0.5185185185185185
O=C1NCCn2cc(Cc3ccccc3)c3cccc1c32,9.2,0.7668411923180533,0.8545405902855902,0.5384615384615384
N#Cc1ncnn1Cc1cn2c3c(cccc13)C(=O)NCC2,7.9,0.7595970180300028,0.7626543492014713,0.4516129032258064
O=C1NCCn2cc(Cc3ccccc3O)c3cccc1c32,9.4,0.7627429115886165,0.8314805511245483,0.5370370370370371
FCl,1.7,0.3885761943930933,0.6703386072962214,0.0
Nc1ccccc1Cl,5.7,0.5297860823199099,0.9449024932128722,0.0784313725490196
CCCC1CC1,4.2,0.480823156308253,0.92219938352376,0.0192307692307692
O=C1NCCn2cc(-c3ccccc3)c3cccc1c32,9.2,0.7182489113972954,0.8604052998601721,0.5833333333333334
O=C1NCCn2cc(C3CC3)c3cccc1c32,8.0,0.7947839421812752,0.823376135944107,0.5714285714285714
Clc1csc(-c2ccccc2)n1,6.3,0.679309743765056,0.8961822685126823,0.0677966101694915
O=C1NCCn2cc(-c3ccccc3OCC3CCC3)c3cccc1c32,9.5,0.7681079079048386,0.8314609159255402,0.4590163934426229
O=C1NCCn2cc(-c3ccc(CNC4CCCCCC4)cc3)c3cccc1c32,10.6,0.627897184327817,0.8367945157761151,0.4444444444444444
O=C1NCCn2cc(OC3(F)CCC3)c3cccc1c32,8.6,0.9144330957209575,0.7491701297968127,0.509090909090909
CC(C)Nc1cn2c3c(cccc13)C(=O)NCC2,7.6,0.8490921658139982,0.8014610310989375,0.5384615384615384
O=C1NCCn2cc(Cl)c3cccc1c32,7.4,0.7244958760024373,0.8138618538240132,0.6086956521739131
Cc1ccccc1C=NC(=O)O,6.5,0.6442078055238321,0.8518417690121827,0.1818181818181818
O=C1NCCn2cc(CCO)c3cccc1c32,7.8,0.8056911030091184,0.8185064342172625,0.58
C[C@H](CCO)c1cn2c3c(cccc13)C(=O)NCC2,8.1,0.8827389794469163,0.7514591778823045,0.5272727272727272
NCC(=O)O,3.7,0.421170887936547,0.8831660771816348,0.0416666666666666
O=C(O)Cc1ccccc1,6.2,0.6651802326447549,0.9765825856319026,0.1176470588235294
O=C1CSN(c2cn3c4c(cccc24)C(=O)NCC3)C1,8.4,0.8060858520474551,0.7195795299550335,0.509090909090909
COCc1cn2c3c(cccc13)C(=O)NCC2,7.4,0.8498582792612517,0.8192800605908889,0.5490196078431373
N=Cc1ccccc1-c1cn2c3c(cccc13)C(=O)NCC2,9.4,0.6998994603198672,0.7987353588168562,0.5882352941176471
O=C(c1ccc(Cc2cn3c4c(cccc24)C(=O)NCC3)cc1)c1cn2c3c(cccc13)C(=O)NCC2,11.1,0.3764467546504112,0.7791845275208884,0.5172413793103449
O=C1NCCn2cc(-c3ccco3)c3cccc1c32,8.9,0.7233663248435428,0.8205834201944676,0.5384615384615384
O=C1NCCn2cc(O)c3cccc1c32,7.3,0.6715099638465978,0.8093945908544247,0.6444444444444445
O=C1NCCn2cc(OCc3ccccc3)c3cccc1c32,8.9,0.8062491614824261,0.8513214941718856,0.509090909090909
N=Cc1ccccc1Cc1cccc(-c2cn3c4c(cccc24)C(=O)NCC3)c1,11.8,0.4987482276908007,0.8042169192276568,0.46875
O=C1NCCn2cc(-c3ccccc3)c3cccc1c32,9.3,0.7182489113972954,0.8604052998601721,0.5833333333333334
O=C1NCCn2cc(-c3ccc(Br)cc3)c3cccc1c32,8.9,0.7174893038284857,0.846840102143378,0.5490196078431373
N=Cc1cn2c3c(cccc13)C(=O)NCC2,7.8,0.6907155491056897,0.7685949854592525,0.7111111111111111
O=C1NCCn2cc(-c3ccccc3)c3cccc1c32,9.1,0.7182489113972954,0.8604052998601721,0.5833333333333334
O=Cc1ccccc1Cc1ccc(-c2cn3c4c(cccc24)C(=O)NCC3)cc1,11.1,0.5317708638162558,0.8273045210376115,0.5
O=C1NCCn2cc(Cc3nc(Cc4cccc(Cl)c4)cs3)c3cccc1c32,10.3,0.5337095478635469,0.8078126076078382,0.4202898550724637
O=C1NCCn2cc(-c3ccccc3)c3cccc1c32,9.2,0.7182489113972954,0.8604052998601721,0.5833333333333334
Cc1ccccc1-c1cn2c3c(cccc13)C(=O)NCC2,9.2,0.726258663956364,0.8486443896591411,0.56
N=COc1cn2c3c(cccc13)C(=O)NCC2,8.1,0.6029543901617219,0.7535321799001511,0.5686274509803921
N=CC(=O)N(Cc1cn2c3c(cccc13)C(=O)NCC2)c1ccccc1,9.5,0.7123381362807982,0.7905814071536104,0.4838709677419355
O=C(O)c1cn2c3c(cccc13)C(=O)NCC2,8.4,0.7696926168682571,0.8350457003083144,0.6041666666666666
O=C(O)c1cn2c3c(cccc13)C(=O)NCC2,8.2,0.7696926168682571,0.8350457003083144,0.6041666666666666
O=C(O)c1ccccc1Cc1ccccc1Cl,7.9,0.8980319047729889,0.9321367259493398,0.1
O=CCc1ccc(O)cc1Cl,6.2,0.687525638131883,0.8431763728900514,0.1016949152542373
N=Cc1ccccc1-c1cn(Cl)nc1-c1ccco1,7.9,0.7365844740172083,0.760283015599063,0.1492537313432835
CCNCc1ccccc1CCc1ccccc1,7.1,0.8121391283103353,0.9305385859525188,0.064516129032258
O=C1NCCn2cc(N3CCCOC(c4ccccc4)C3)c3cccc1c32,9.3,0.7613913325997596,0.7619657271295218,0.4444444444444444
O=C1NCCn2cc(-c3ccccc3Cc3ccccc3)c3cccc1c32,10.7,0.5724219221087797,0.8492024572316728,0.509090909090909
CCCC,3.2,0.4310243576713091,0.9326974392813356,0.0227272727272727
O=C1NCCn2cc(Cl)c3cccc1c32,7.4,0.7244958760024373,0.8138618538240132,0.6086956521739131
Cc1ccc(Cc2ccc(C3CN(c4cn5c6c(cccc46)C(=O)NCC5)CCCO3)cc2Cl)cc1,10.6,0.3797140523993355,0.7424887955862978,0.345679012345679
N=Cc1ccc(-c2cn3c4c(cccc24)C(=O)NCC3)o1,8.8,0.7078229755186104,0.7726549823451435,0.5178571428571429
CC(=O)Nc1cn2c3c(cccc13)C(=O)NCC2,8.8,0.7935961523314317,0.8214293568907927,0.5576923076923077
Fc1ccc(-c2ccccc2)cc1Cl,8.1,0.6578164505015718,0.9604749349230958,0.0689655172413793
CC=N,2.6,0.3854297884975674,0.6914569102371385,0.0222222222222222
O=C1NCCn2cc(CCO)c3cccc1c32,7.2,0.8056911030091184,0.8185064342172625,0.58
O=C1NCCn2cc(-c3nccs3)c3cccc1c32,7.5,0.7375485201279797,0.8058045740406212,0.5185185185185185
O=C1NCCn2cc(-c3ccccc3CCCl)c3cccc1c32,9.2,0.7298520418264135,0.8223429592728397,0.509090909090909
O=C1NCCn2cc(N=Cc3ccccc3)c3cccc1c32,8.9,0.7238142533056856,0.8168684764204064,0.5961538461538461
O=C1NCCn2cc(O)c3cccc1c32,7.2,0.6715099638465978,0.8093945908544247,0.6444444444444445
Brc1ccccc1,5.1,0.5420450088370231,0.9866074647451876,0.0851063829787234
O=C1NCCn2cc(Br)c3cccc1c32,7.5,0.7776241796952045,0.8089058609796482,0.6222222222222222
N=CCc1ccccc1-c1ccco1,7.1,0.7325765307968705,0.8224232745103378,0.1166666666666666
COC(=O)c1cn2c3c(cccc13)C(=O)NCC2,8.0,0.7659407654061342,0.838178678157761,0.5576923076923077
O=C1NCCn2cc(-c3ccccc3-c3nccs3)c3cccc1c32,9.5,0.5924584284693953,0.8146562613534386,0.4912280701754385
c1coc(-n2cccn2)c1,5.2,0.5908295217224505,0.8152092156685325,0.1228070175438596
N=Cc1cn2c3c(cccc13)C(=O)NCC2,8.4,0.6907155491056897,0.7685949854592525,0.7111111111111111
c1ccc(C2CC2)cc1,5.8,0.5312966219394869,0.9708798598151748,0.1
OCNC1CCCCCC1,4.9,0.4501650476317944,0.8675661210619897,0.0566037735849056
O=C1NCCn2cc(Cc3nccs3)c3cccc1c32,8.8,0.784928550803607,0.7993813102904197,0.4827586206896552
O=C1NCCn2cc(Cc3ccc(F)c(O)c3)c3cccc1c32,9.8,0.7645504416297336,0.8180976786827829,0.4833333333333333
FC1(Oc2ccccc2)CCC1,5.8,0.6559558461515385,0.8339249446600644,0.087719298245614
O=C1NCCn2cc(Oc3ccc(N4CCNC4=O)cc3)c3cccc1c32,10.8,0.7522101161687923,0.8093221505130751,0.4827586206896552
O=C1NCCn2cc(-c3nncs3)c3cccc1c32,8.1,0.7344243287000047,0.7821957828318301,0.509090909090909
CC,1.7,0.3727855551576051,0.805825786783401,0.0
O=C1NCCn2cc(Cc3ccccc3Cl)c3cccc1c32,9.3,0.7703215678445983,0.8400911280476253,0.509090909090909
Cc1ccccc1-c1cn2c3c(cccc13)C(=O)NCC2,9.7,0.726258663956364,0.8486443896591411,0.56
O=C(O)c1cn2c3c(cccc13)C(=O)NCC2,8.3,0.7696926168682571,0.8350457003083144,0.6041666666666666
O=C1NCCn2cc(-n3ccnn3)c3cccc1c32,8.1,0.7023411042613747,0.7723941344801817,0.5185185185185185
O=C1CSN(c2cn3c4c(cccc24)C(=O)NCC3)C1,8.5,0.8060858520474551,0.7195795299550335,0.509090909090909
O=C1NCCn2cc(-c3ccc(CF)cc3)c3cccc1c32,9.0,0.770651775378914,0.8300473780476252,0.5185185185185185
O=C([O-])Nc1cn2c3c(cccc13)C(=O)NCC2,8.1,0.7477114025039019,0.7597669134518787,0.5576923076923077
O=C1NCCn2cc(-c3ccccc3-c3ccccc3)c3cccc1c32,10.8,0.5637302739462949,0.8581877101839134,0.56
N#Cc1ccccc1-c1cn2c3c(cccc13)C(=O)NCC2,9.2,0.7478134585645018,0.8294432915091637,0.5283018867924528
O=CCc1ccc(-c2cn3c4c(cccc24)C(=O)NCC3)cc1,9.5,0.7565006791463064,0.8233328559433334,0.5370370370370371
CCCOC(=O)c1cn2c3c(cccc13)C(=O)NCC2,7.9,0.8687270395905387,0.8345566345201596,0.5087719298245614
O=C1CSN(C(=O)O)C1,4.9,0.4970131040579522,0.6688216744108355,0.109090909090909
O=C1CSN(c2cn3c4c(cccc24)C(=O)NCC3)C1,8.3,0.8060858520474551,0.7195795299550335,0.509090909090909
CC(=O)c1cn2c3c(cccc13)C(=O)NCC2,7.7,0.7533835450092939,0.8321210208211348,0.5918367346938775
OCc1ccccc1Cl,6.0,0.6345311514904848,0.9410383923595532,0.1153846153846153
Nc1ccccc1Cc1cn2c3c(cccc13)C(=O)NCC2,9.3,0.7128636309068778,0.8291310318937791,0.509090909090909
Nc1ccccc1-c1cn2c3c(cccc13)C(=O)NCC2,9.3,0.6716979177045209,0.8343578827234537,0.56
O=C1NCCn2cc(-c3ccc(O)c(O)c3)c3cccc1c32,9.2,0.6035226577240855,0.8271921544517767,0.5471698113207547
CCC(O)(c1ccccc1)c1cn2c3c(cccc13)C(=O)NCC2,9.3,0.7792188416839263,0.7611744234121502,0.5
O=C1NCCn2cc(C3CC3)c3cccc1c32,7.4,0.7947839421812752,0.823376135944107,0.5714285714285714
O=C1NCCn2cc(OOc3ccccc3)c3cccc1c32,8.7,0.596727269607789,0.8076322634026548,0.5283018867924528
O=C1NCCn2cc(Cc3ccccc3Cl)c3cccc1c32,9.7,0.7703215678445983,0.8400911280476253,0.509090909090909
N=Cc1cn2c3c(cccc13)C(=O)NCC2,7.8,0.6907155491056897,0.7685949854592525,0.7111111111111111
O=C1NCCn2cc(-c3ccccc3)c3cccc1c32,9.0,0.7182489113972954,0.8604052998601721,0.5833333333333334
CCCc1ccccc1,5.7,0.5624916701881997,0.9910650669157666,0.0769230769230769
O=C1NCCn2cc(-c3ccc(CN=Cc4ccccc4OF)cc3)c3cccc1c32,10.8,0.4716495845046342,0.786653040165151,0.4848484848484848
O=C1NCCn2cc(C3CCOCC3)c3cccc1c32,8.9,0.863605123077864,0.8105197718288812,0.5283018867924528
O=C1NCCn2cc(-c3ccc(F)c(Cl)c3)c3cccc1c32,9.8,0.7271898577548694,0.8368248772844995,0.4912280701754385
O=C1NCCn2cc(C(=O)N3C4CCC3C4)c3cccc1c32,9.4,0.8713701124167945,0.6579603092877292,0.5178571428571429
O=C1NCCn2cc(-c3nccs3)c3cccc1c32,8.1,0.7375485201279797,0.8058045740406212,0.5185185185185185
O=C(O)c1ccccc1,6.5,0.6106035394285075,0.993898084667246,0.125
O=C1NCCn2cc(Cc3cccs3)c3cccc1c32,8.9,0.769931171767687,0.8203179465355306,0.5
OCl,2.0,0.4153721919811907,0.7362155303731445,0.0238095238095238
COc1ccc(-c2cn3c4c(cccc24)C(=O)NCC3)cc1,9.2,0.7885917870535378,0.8573985799707022,0.5185185185185185
O=C1NCCn2cc(Cc3ccc(F)c(Cl)c3)c3cccc1c32,10.1,0.7631503080107301,0.8314764665615709,0.4590163934426229
N=CCc1ccc(F)c(Cl)c1,6.5,0.6620061581335827,0.8238968857105642,0.0666666666666666
O=C1NCCn2cc(-c3ccc(COCC4CCC4)o3)c3cccc1c32,9.0,0.7576295476994664,0.80326111835469,0.417910447761194
O=C1NCCn2cc(-c3ccc(Br)cc3)c3cccc1c32,9.0,0.7174893038284857,0.846840102143378,0.5490196078431373
O=C1NCCn2cc([C@H]3C[C@H]4C[C@@H]3C4)c3cccc1c32,9.7,0.8457775056347916,0.6653435285697512,0.5185185185185185
Oc1ccccc1Cc1nccs1,6.7,0.7904811495673438,0.8727572117624022,0.0967741935483871
O=C1NCCn2cc(-c3ccc(CCl)cc3)c3cccc1c32,9.1,0.7179299008862242,0.8371447338168561,0.5185185185185185
O=C1NCCn2cc(Br)c3cccc1c32,7.9,0.7776241796952045,0.8089058609796482,0.6222222222222222
O=C1NCCn2cc(OC3(F)CCC3)c3cccc1c32,7.5,0.9144330957209575,0.7491701297968127,0.509090909090909
N=CCc1cn2c3c(cccc13)C(=O)NCC2,7.7,0.7517286251628008,0.7614527450492875,0.58
O=C1NCCn2cc(CCCl)c3cccc1c32,6.8,0.8124140814450403,0.8085855550963833,0.5490196078431373
N=CC1(Oc2cn3c4c(cccc24)C(=O)NCC3)CCC1,8.3,0.84897368991981,0.7258611361912973,0.5087719298245614
Oc1ccc(Cc2ccccc2O)cc1O,7.7,0.6753427822508588,0.9030337591493304,0.0847457627118644
O=C1NCCn2cc(Cl)c3cccc1c32,7.4,0.7244958760024373,0.8138618538240132,0.6086956521739131
ClCc1ccccc1Cl,5.6,0.5548481540537996,0.9234020846672458,0.0754716981132075
N=Cc1cn2c3c(cccc13)C(=O)NCC2,7.8,0.6907155491056897,0.7685949854592525,0.7111111111111111
O=C1NCCn2cc(-c3nc(Cl)cs3)c3cccc1c32,8.4,0.7504074496224137,0.7913458429523809,0.5
O=C1NCCn2cc(-c3ccc(-n4cccn4)c(-c4cn5c6c(cccc46)C(=O)NCC5)c3)c3cccc1c32,12.3,0.3634276113023159,0.7540335863895936,0.4833333333333333
Cc1ccccc1-c1cn2c3c(cccc13)C(=O)NCC2,9.2,0.726258663956364,0.8486443896591411,0.56
O=C1NCCn2cc(OCl)c3cccc1c32,7.0,0.8221668456942576,0.7787160556933664,0.5714285714285714
CC(C)CCCC(=O)Nc1cn2c3c(cccc13)C(=O)NCC2,8.2,0.8904326898459085,0.8233880462639198,0.4677419354838709
O=C1NCCn2cc(-c3ccccc3)c3cccc1c32,9.2,0.7182489113972954,0.8604052998601721,0.5833333333333334
O=COc1cn2c3c(cccc13)C(=O)NCC2,7.4,0.7802481841287908,0.7814467795861793,0.58
O=C(O)c1cc(-c2cn3c4c(cccc24)C(=O)NCC3)ccc1Cl,10.5,0.7506839348562699,0.8353256411856239,0.4915254237288136
CCc1cn2c3c(cccc13)C(=O)NCC2,8.2,0.7730987565180782,0.827460202850557,0.5833333333333334
O=C1NCCn2cc(-c3ccc(-c4ccc(Br)cc4)cc3)c3cccc1c32,10.4,0.460515706838144,0.8519383140963271,0.5384615384615384
O=C1NCCn2cc(Cc3ccccc3-c3ccccc3)c3cccc1c32,11.0,0.5724219221087797,0.8482641880009035,0.509090909090909
CCNCc1cn(-c2ccco2)nc1-c1ccco1,6.7,0.7632357309474663,0.8064771015131489,0.0821917808219178
O=C1NCCn2cc(Br)c3cccc1c32,7.1,0.7776241796952045,0.8089058609796482,0.6222222222222222
O=C1NCCn2cc(O)c3cccc1c32,8.0,0.6715099638465978,0.8093945908544247,0.6444444444444445
O=C1NCCn2cc(Cc3ccccc3-c3ccccc3)c3cccc1c32,11.1,0.5724219221087797,0.8482641880009035,0.509090909090909
O=C1NCCn2cc(Cl)c3cccc1c32,7.3,0.7244958760024373,0.8138618538240132,0.6086956521739131
O=C1NCCn2cc(Cc3ccccc3)c3cccc1c32,9.5,0.7668411923180533,0.8545405902855902,0.5384615384615384
Cc1cn2c3c(cccc13)C(=O)NCC2,8.1,0.6895726690202818,0.830006039870525,0.6086956521739131
CCc1cn2c3c(cccc13)C(=O)NCC2,8.3,0.7730987565180782,0.827460202850557,0.5833333333333334
O=C1NCCn2cc(Cc3ccccc3-c3ccccc3)c3cccc1c32,11.2,0.5724219221087797,0.8482641880009035,0.509090909090909
O=C1NCCn2cc(CO)c3cccc1c32,7.6,0.7430345266484654,0.8196555205763095,0.6170212765957447
O=C1NCCn2cc(CNc3ccc(Oc4cn5c6c(cccc46)C(=O)NCC5)cc3)c3cccc1c32,12.7,0.3381092885250801,0.7720851509036218,0.4444444444444444
O=C1NCCn2cc(N3CCCO[C@H](CCl)C3)c3cccc1c32,9.1,0.8572115363669001,0.7295886315817106,0.4444444444444444
O=CCc1ccccc1Nc1cn2c3c(cccc13)C(=O)NCC2,9.0,0.7269282560308992,0.7989594808753461,0.4915254237288136
Cc1ccccc1Cc1cn2c3c(cccc13)C(=O)NCC2,10.2,0.7718650381718843,0.8411485799707022,0.509090909090909
ClC1CCOCC1,3.8,0.4394514025854338,0.8124059262836494,0.0192307692307692
Cc1ccc(-c2cn3c4c(cccc24)C(=O)NCC3)cc1,9.6,0.726258663956364,0.8553843644384601,0.5490196078431373
O=C1NCCn2cc(-c3ccccc3)c3cccc1c32,9.3,0.7182489113972954,0.8604052998601721,0.5833333333333334
Cc1cn2c3c(cccc13)C(=O)NCC2,8.2,0.6895726690202818,0.830006039870525,0.6086956521739131
CCc1ccc(-c2ccc(F)c(Cl)c2)cc1,7.7,0.7061291980455656,0.9428522206877918,0.0476190476190476
O=C1NCCn2cc(N=Cc3ccccc3N3CC3)c3cccc1c32,8.8,0.5928219517114675,0.8002263408111892,0.5714285714285714
Cc1ccc(F)c(Nc2cn3c4c(cccc24)C(=O)NCC3)c1,9.6,0.7598958833079854,0.8207424339275382,0.4915254237288136
O=C1NCCn2cc(Cc3ccccc3Cl)c3cccc1c32,9.6,0.7703215678445983,0.8400911280476253,0.509090909090909
OCl,2.0,0.4153721919811907,0.7362155303731445,0.0238095238095238
O=C1NCCn2cc(-c3ccccc3Cl)c3cccc1c32,9.2,0.7296818930318758,0.8463614136187879,0.56
O=C(O)c1cn2c3c(cccc13)C(=O)NCC2,8.2,0.7696926168682571,0.8350457003083144,0.6041666666666666
O=C1NCCn2cc(-c3ccc(-n4cc(-c5cn6c7c(cccc57)C(=O)NCC6)c(Cc5ccccc5)n4)cc3)c3cccc1c32,9.9,0.2463521201535342,0.7474798991712921,0.417910447761194
O=C1NCCn2cc(-c3ccccc3-c3ccccc3)c3cccc1c32,10.9,0.5637302739462949,0.8581877101839134,0.56
N=Cc1ccccc1Cc1cn2c3c(cccc13)C(=O)NCC2,9.6,0.7180741199649875,0.794725737688454,0.5357142857142857
O=C1NCCn2cc(Cl)c3cccc1c32,6.8,0.7244958760024373,0.8138618538240132,0.6086956521739131
O=C1NCCn2cc(C3(CN=Cc4ccccc4O)CC3)c3cccc1c32,10.7,0.7024724164957522,0.7573510272513967,0.532258064516129
CCc1cn2c3c(cccc13)C(=O)NCC2,8.3,0.7730987565180782,0.827460202850557,0.5833333333333334
O=C1NCCn2cc(-c3ccccc3)c3cccc1c32,9.1,0.7182489113972954,0.8604052998601721,0.5833333333333334
CC(=O)NC=N,4.2,0.3346953458889047,0.6779102809596574,0.0576923076923076
CCc1ccc(-c2cn3c4c(cccc24)C(=O)NCC3)cc1,9.6,0.768288657312824,0.8522033876630098,0.5185185185185185
O=CCc1ccc(-c2cn3c4c(cccc24)C(=O)NCC3)cc1,9.2,0.7565006791463064,0.8233328559433334,0.5370370370370371
N=Cc1ccccc1-c1cn2c3c(cccc13)C(=O)NCC2,9.6,0.6998994603198672,0.7987353588168562,0.5882352941176471
O=C1NCCn2cc(NCc3nccs3)c3cccc1c32,8.2,0.7806501428490662,0.7879448086478731,0.4590163934426229
Cc1cn2c3c(cccc13)C(=O)NCC2,8.0,0.6895726690202818,0.830006039870525,0.6086956521739131
O=C1NCCn2cc(-c3ccc(O)c(O)c3)c3cccc1c32,9.2,0.6035226577240855,0.8271921544517767,0.5471698113207547
O=C1NCCn2cc(Cc3nccs3)c3cccc1c32,8.7,0.784928550803607,0.7993813102904197,0.4827586206896552
Fc1ccc(-c2ccccc2)cc1Cl,8.0,0.6578164505015718,0.9604749349230958,0.0689655172413793
O=C1NCCn2cc(Oc3ccccc3)c3cccc1c32,8.9,0.7820668675283504,0.8461090766379475,0.5384615384615384
CN1CC(=O)CS1,3.8,0.4211338866787977,0.6465978291176575,0.0943396226415094
O=C1NCCn2cc(-c3ccccc3)c3cccc1c32,9.2,0.7182489113972954,0.8604052998601721,0.5833333333333334
CC,1.7,0.3727855551576051,0.805825786783401,0.0
N=CCc1cn2c3c(cccc13)C(=O)NCC2,8.3,0.7517286251628008,0.7614527450492875,0.58
O=C(O)c1ccccc1-c1cn2c3c(cccc13)C(=O)NCC2,8.7,0.7644874146837054,0.8438340423191466,0.5576923076923077
O=C(c1cccc(Cc2cn3c4c(cccc24)C(=O)NCC3)c1)c1cn2c3c(cccc13)C(=O)NCC2,12.4,0.3764467546504112,0.7746086015949625,0.5
O=C1NCCn2cc(-c3ccc(Oc4ccccc4)cc3)c3cccc1c32,10.3,0.5717706591049436,0.8586911110778266,0.509090909090909
Cc1cn2c3c(cccc13)C(=O)NCC2,8.1,0.6895726690202818,0.830006039870525,0.6086956521739131
CN(CC=O)C1(Cc2cn3c4c(cccc24)C(=O)NCC3)CCCC1,8.6,0.8511115053855387,0.7474543498265268,0.4603174603174603
O=C1NCCn2cc(-c3ccccc3Cl)c3cccc1c32,9.2,0.7296818930318758,0.8463614136187879,0.56
O=C(c1ccc(Br)cc1)c1cn2c3c(cccc13)C(=O)NCC2,9.8,0.704529740432598,0.8445049047900091,0.5555555555555556
CCC(O)NC(=O)Cc1cn2c3c(cccc13)C(=O)NCC2,8.2,0.7295150071091315,0.747604480141504,0.4754098360655737
Cc1ccccc1C,5.9,0.475757685340321,0.9962507449611238,0.0869565217391304
Cc1ccc(-c2ccccc2NCc2cn3c4c(cccc24)C(=O)NCC3)cc1,10.4,0.5240972941780381,0.842233389815892,0.4444444444444444
O=C1NCCn2cc(-c3cccs3)c3cccc1c32,8.7,0.7226349183983547,0.8240383652494125,0.5384615384615384
N=Cc1ccccc1Cc1cn2c3c(cccc13)C(=O)NCC2,10.1,0.7180741199649875,0.794725737688454,0.5357142857142857
O=C1NCCn2cc(-c3ccc(Br)cc3)c3cccc1c32,9.1,0.7174893038284857,0.846840102143378,0.5490196078431373
O=C(O)F,3.3,0.4193386325990585,0.8471700888539851,0.0444444444444444
Cc1cccc(-c2cn3c4c(cccc24)C(=O)NCC3)c1,9.9,0.726258663956364,0.8485788158886491,0.5283018867924528
O=C1NCCn2cc(N3CCN(CCO)CC3)c3cccc1c32,8.7,0.8660272645169379,0.8143310189743322,0.5178571428571429
N=CC1(Oc2cn3c4c(cccc24)C(=O)NCC3)CCC1,7.7,0.84897368991981,0.7258611361912973,0.5087719298245614
O=C1NCCn2ccc3cccc1c32,7.8,0.662338111397925,0.8229410981501126,0.4791666666666667
O=C1NCCn2cc(-c3ccccc3)c3cccc1c32,9.0,0.7182489113972954,0.8604052998601721,0.5833333333333334
CCOC(=O)c1cn2c3c(cccc13)C(=O)NCC2,7.8,0.8315216957070072,0.8413210575571048,0.5272727272727272
O=C1NCCn2cc(-c3cn(-c4ccc(F)c(-c5ccc(F)c(F)c5)c4)nc3-c3ccco3)c3cccc1c32,13.4,0.2833410167156133,0.774247931551934,0.358974358974359
N=Cc1ccccc1N1CC(=O)CS1,6.5,0.5916254397865643,0.7146341656923265,0.1639344262295081
O=C1NCCn2cc(-c3nc(Cl)cs3)c3cccc1c32,8.5,0.7504074496224137,0.7913458429523809,0.5
O=C1NCCn2cc(-c3ccccc3)c3cccc1c32,9.1,0.7182489113972954,0.8604052998601721,0.5833333333333334
CC(=O)c1cn2c3c(cccc13)C(=O)NCC2,8.3,0.7533835450092939,0.8321210208211348,0.5918367346938775
N=Cc1cn2c3c(cccc13)C(=O)NCC2,7.8,0.6907155491056897,0.7685949854592525,0.7111111111111111
O=C1NCCn2cc(O)c3cccc1c32,7.4,0.6715099638465978,0.8093945908544247,0.6444444444444445
COc1ccc(C=N)cc1,5.8,0.6148622033368154,0.8833040142033313,0.0727272727272727
CCSCc1ccccc1C=N,6.3,0.7058233695758456,0.8168394242980733,0.1186440677966101
CCOC(=O)c1cn2c3c(cccc13)C(=O)NCC2,7.6,0.8315216957070072,0.8413210575571048,0.5272727272727272
O=C1NCCn2cc(-c3cnc4n3CCC4)c3cccc1c32,9.7,0.7472705460494,0.7839771154736608,0.4745762711864407
N=CC1(c2ccccc2)CCC1,6.6,0.6414814205405401,0.8140263021261277,0.1071428571428571
O=C1NCCn2cc(Cc3ccccc3Cl)c3cccc1c32,9.7,0.7703215678445983,0.8400911280476253,0.509090909090909
O=C1NCCn2cc(-c3ccccc3-c3ccccc3)c3cccc1c32,10.8,0.5637302739462949,0.8581877101839134,0.56
O=C1NCCn2cc(-c3ccco3)c3cccc1c32,8.7,0.7233663248435428,0.8205834201944676,0.5384615384615384
C#CCN(Cc1cn2c3c(cccc13)C(=O)NCC2)c1ccccc1,8.8,0.7472320539015648,0.8043283429186706,0.4590163934426229
O=C1NCCn2cc(Oc3nccs3)c3cccc1c32,7.4,0.7871868807577047,0.7818871773047612,0.4827586206896552
N=CCl,2.6,0.4028663922062712,0.6211030640832925,0.0222222222222222
O=C(Nc1cscn1)c1cn2c3c(cccc13)C(=O)NCC2,8.9,0.7605774328860616,0.7944269453553177,0.4677419354838709
CCCCOC(=O)c1cn2c3c(cccc13)C(=O)NCC2,7.7,0.6929636157597308,0.837626520806682,0.4915254237288136
O=C1NCCn2cc(-c3cccc(Cl)c3)c3cccc1c32,9.4,0.7296818930318758,0.8467520819668333,0.5283018867924528
N=Cc1ccc(F)c(Cl)c1,6.4,0.6060012506937565,0.842465796865114,0.0689655172413793
Fc1ccc(Cc2nc(Cl)cs2)cc1Cl,7.3,0.7906719504728487,0.8511505325871107,0.0434782608695652
COC(=O)c1cn2c3c(cccc13)C(=O)NCC2,8.1,0.7659407654061342,0.838178678157761,0.5576923076923077
CCC(O)(C=N)c1ccccc1,5.9,0.6568894476712537,0.7517686228261158,0.1228070175438596
O=C1NCCn2cc(CNCl)c3cccc1c32,8.1,0.7950396173756066,0.7814596524276235,0.5384615384615384
CC(Nc1cscn1)Nc1cn2c3c(cccc13)C(=O)NCC2,8.3,0.6444616648702912,0.6828802504106428,0.4307692307692308
O=C1NCCn2cc(-c3ccc(-c4ccc(F)cc4)cc3)c3cccc1c32,10.4,0.5468627428503342,0.8566590541158013,0.5384615384615384
O=C1NCCn2cc(C3CC3)c3cccc1c32,8.6,0.7947839421812752,0.823376135944107,0.5714285714285714
O=C1NCCn2cc(-c3nc(Cl)cs3)c3cccc1c32,8.5,0.7504074496224137,0.7913458429523809,0.5
CC=N,2.6,0.3854297884975674,0.6914569102371385,0.0222222222222222
O=C1NCCn2cc(-c3ccco3)c3cccc1c32,8.7,0.7233663248435428,0.8205834201944676,0.5384615384615384
Cn1cccn1,3.9,0.4432156698587248,0.7756490441572441,0.1
O=C1NCCn2cc(CN3CCCC3)c3cccc1c32,8.4,0.9049074796592226,0.8364871773047613,0.5384615384615384
O=C1NCCn2cc(-c3ccc4ccsc4c3)c3cccc1c32,9.9,0.5586796588803113,0.8144597587595691,0.5
CCc1cn2c3c(cccc13)C(=O)NCC2,8.2,0.7730987565180782,0.827460202850557,0.5833333333333334
CCCCCl,3.2,0.4574501894338695,0.8712098641638835,0.0
Oc1ccccc1,5.2,0.514729544768675,0.9803820801298032,0.108695652173913
O=C1NCCn2cc(-c3ccc4ccccn34)c3cccc1c32,9.5,0.5753821390632053,0.7924794420174874,0.5
OCCCc1ccc(Cl)cc1,5.9,0.7381345605922983,0.950072915487239,0.0714285714285714
CCCc1ccccc1,5.7,0.5624916701881997,0.9910650669157666,0.0769230769230769
Oc1ccccc1,5.2,0.514729544768675,0.9803820801298032,0.108695652173913
Cc1ccccc1C=Nc1cn2c3c(cccc13)C(=O)NCC2,9.8,0.7242361310421613,0.8064481257481554,0.5818181818181818
Cc1cn2c3c(cccc13)C(=O)NCC2,8.1,0.6895726690202818,0.830006039870525,0.6086956521739131
CCc1ccccc1N1CC[NH+](C)[C@H](c2ccccc2)C1,7.7,0.9071094330055576,0.6974728977602775,0.1194029850746268
NC1(Cc2cn3c4c(cccc24)C(=O)NCC3)CC1,8.0,0.8522537453999558,0.7864900034260507,0.5185185185185185
Cc1cn2c3c(cccc13)C(=O)NCC2,7.7,0.6895726690202818,0.830006039870525,0.6086956521739131
O=C1NCCn2cc(OC3CC3)c3cccc1c32,7.0,0.874002497246483,0.8133638678549419,0.5490196078431373
CCN(C(C)=O)C1CN(c2cn3c4c(cccc24)C(=O)NCC3)CCCO1,9.9,0.8948397308010485,0.7063055098468047,0.4142857142857143
O=C(O)C(=O)N1CCCOC(c2ccccc2)C1,6.9,0.7556836263457102,0.8251975928519902,0.1587301587301587
O=C(O)c1cn2c3c(cccc13)C(=O)NCC2,8.3,0.7696926168682571,0.8350457003083144,0.6041666666666666
O=C1NCCn2cc(OCc3ccccc3)c3cccc1c32,8.9,0.8062491614824261,0.8513214941718856,0.509090909090909
O=C1NCCn2cc(CO)c3cccc1c32,8.1,0.7430345266484654,0.8196555205763095,0.6170212765957447
CCCCO,3.6,0.5128217987135145,0.9023187399035284,0.02
C[C@@H](Nc1ccccc1O)c1ccc(N2CCNC2=O)cc1,8.9,0.7598251335312267,0.8240539622006635,0.208955223880597
N=CC(=O)Nc1ccccc1-c1cn2c3c(cccc13)C(=O)NCC2,9.0,0.6439890316167773,0.796157554954732,0.5172413793103449
COc1ccc(C)cc1,5.5,0.5532379862472909,0.9988919308210916,0.0576923076923076
N#CCOC(=O)c1cn2c3c(cccc13)C(=O)NCC2,8.0,0.8262331719253131,0.808503193224613,0.5
c1ccc(-c2ccccc2)cc1,7.2,0.5905018880213778,1.0,0.0888888888888888
N=Cc1cn2c3c(cccc13)C(=O)NCC2,8.3,0.6907155491056897,0.7685949854592525,0.7111111111111111
O=C1NCCn2cc(-c3ccc(F)c(Cl)c3)c3cccc1c32,9.5,0.7271898577548694,0.8368248772844995,0.4912280701754385
OCl,2.0,0.4153721919811907,0.7362155303731445,0.0238095238095238
O=C1NCCn2cc(-c3cccc4ccccc34)c3cccc1c32,11.1,0.5612433157497796,0.8510514171081272,0.5714285714285714
N=Cc1cn2c3c(cccc13)C(=O)NCC2,8.3,0.6907155491056897,0.7685949854592525,0.7111111111111111
Nc1ccccc1Cc1cn2c3c(cccc13)C(=O)NCC2,9.5,0.7128636309068778,0.8291310318937791,0.509090909090909
O=C1NCCn2cc(Cc3ccccc3)c3cccc1c32,8.8,0.7668411923180533,0.8545405902855902,0.5384615384615384
N=CCc1ccccc1-c1ccco1,7.2,0.7325765307968705,0.8224232745103378,0.1166666666666666
O=C1NCCn2ccc3cccc1c32,8.0,0.662338111397925,0.8229410981501126,0.4791666666666667
O=C1NCCn2cc(C3(Oc4ccc(Br)cc4)CC3)c3cccc1c32,9.5,0.7195799480968403,0.7838037088008859,0.4666666666666667
O=C(O)Cc1cn2c3c(cccc13)C(=O)NCC2,7.9,0.8278436534603039,0.8264390099827987,0.5686274509803921
O=C1NCCn2cc(-c3ccc(Br)cc3)c3cccc1c32,8.9,0.7174893038284857,0.846840102143378,0.5490196078431373
Oc1ccccc1,5.2,0.514729544768675,0.9803820801298032,0.108695652173913
O=C1NCCn2cc(OCC3CCCCC3)c3cccc1c32,8.9,0.9440982733773644,0.8214393639943709,0.4827586206896552
O=C1NCCn2cc(N=Cc3ccccc3C(F)(c3ccccn3)c3ccccc3O)c3cccc1c32,10.7,0.3195686982497599,0.7067055538289938,0.4647887323943662
CC(=O)c1cn2c3c(cccc13)C(=O)NCC2,8.1,0.7533835450092939,0.8321210208211348,0.5918367346938775
CN(c1ccc(N2CCNC2=O)cc1)c1cscn1,7.7,0.9348920611253598,0.8106270715431189,0.1764705882352941
O=C1NCCn2cc(-c3nccs3)c3cccc1c32,8.2,0.7375485201279797,0.8058045740406212,0.5185185185185185
O=C1NCCn2cc(O)c3cccc1c32,8.0,0.6715099638465978,0.8093945908544247,0.6444444444444445
CNC(=O)c1cn2c3c(cccc13)C(=O)NCC2,8.7,0.7757825098822435,0.831850473029556,0.5576923076923077
Cc1cn2c3c(cccc13)C(=O)NCC2,8.2,0.6895726690202818,0.830006039870525,0.6086956521739131
Nc1cn2c3c(cccc13)C(=O)NCC2,8.0,0.6667536120674636,0.8056976319993263,0.6086956521739131
Cc1csc(-c2cn3c4c(cccc24)C(=O)NCC3)n1,8.5,0.7462184354683897,0.8115004848621952,0.5
CCc1cn2c3c(cccc13)C(=O)NCC2,8.3,0.7730987565180782,0.827460202850557,0.5833333333333334
O=C1NCCn2ccc3cccc1c32,7.9,0.662338111397925,0.8229410981501126,0.4791666666666667
FCNC1CCCCCC1,4.7,0.4638283077964367,0.8415830971893106,0.0178571428571428
O=C1NCCn2ccc3cccc1c32,8.0,0.662338111397925,0.8229410981501126,0.4791666666666667
O=C1NCCn2ccc3cccc1c32,7.2,0.662338111397925,0.8229410981501126,0.4791666666666667
Cc1ccccc1Cc1cn2c3c(cccc13)C(=O)NCC2,10.2,0.7718650381718843,0.8411485799707022,0.509090909090909
N=Cc1ccccc1-c1cn2c3c(cccc13)C(=O)NCC2,9.5,0.6998994603198672,0.7987353588168562,0.5882352941176471
O=C1NCCn2cc(-c3ccc(CN4CCOCC4=O)c(O)c3)c3cccc1c32,10.4,0.7164185363304084,0.7939521271569822,0.4202898550724637
N=CCc1cn2c3c(cccc13)C(=O)NCC2,7.7,0.7517286251628008,0.7614527450492875,0.58
CC(C)Cc1ccccc1-c1cn2c3c(cccc13)C(=O)NCC2,9.6,0.7694051987206779,0.8320617583080582,0.5
O=C1CSN(Cl)C1,3.7,0.3617678754415783,0.6062375052310177,0.0943396226415094
NBr,2.1,0.4296299057541052,0.6409898893475034,0.0
O=C(O)c1cn2c3c(cccc13)C(=O)NCC2,8.2,0.7696926168682571,0.8350457003083144,0.6041666666666666
CCc1ccccc1,5.7,0.5147578217927745,1.0,0.08
N=Cc1ccc(F)c(O)c1,6.6,0.5690964135184944,0.8107643723636895,0.087719298245614
O=C1NCCn2cc(CC=NO)c3cccc1c32,8.0,0.4752360699116778,0.7652789566123381,0.66
O=C1NCCn2cc(Cc3ccccc3O)c3cccc1c32,9.0,0.7627429115886165,0.8314805511245483,0.5370370370370371
CCF,2.3,0.3823971549961085,0.8068799871602155,0.0
Brc1ccccc1-c1ccco1,7.0,0.7176519518978797,0.9123879827983964,0.1071428571428571
O=C(CCc1ccc(-c2cn3c4c(cccc24)C(=O)NCC3)cc1)NC1CCCCCC1,10.7,0.5711679772502956,0.8329296190936684,0.4264705882352941
O=C1NCCn2cc(OCC3CCC3)c3cccc1c32,8.2,0.9311538145990964,0.8162890790266513,0.4912280701754385
O=C1CSN(Cc2cn3c4c(cccc24)C(=O)NCC3)C1,8.4,0.8524508695535297,0.7310814640601497,0.4827586206896552
C#CCN(CC)c1ccccc1,5.4,0.6106946412154621,0.8702457591397023,0.0847457627118644
O=C1NCCn2cc(-c3ccc(F)cc3)c3cccc1c32,9.7,0.7295011842204014,0.8529538474145004,0.5490196078431373
O=C1NCCn2cc(CCc3ccccc3)c3cccc1c32,9.7,0.7896042491753712,0.8541643344085722,0.5283018867924528
O=C1NCCn2cc(Oc3ccccc3)c3cccc1c32,9.0,0.7820668675283504,0.8461090766379475,0.5384615384615384
CN,1.8,0.3846582089034356,0.7782360431936574,0.0
CN(c1cscn1)c1cn2c3c(cccc13)C(=O)NCC2,8.2,0.7909671215751202,0.7520582610336681,0.4590163934426229
N=Cc1ccccc1C(=O)c1ccccc1,8.4,0.6124540582834703,0.8903872931515602,0.1607142857142857
COCC1(Cc2cn3c4c(cccc24)C(=O)NCC3)CCCC1,8.7,0.9423223191890934,0.7854405482510257,0.4590163934426229
Nc1ccccc1-c1ccccc1,7.5,0.6524355721249985,0.9619458757300134,0.1176470588235294
CCCc1cn2c3c(cccc13)C(=O)NCC2,7.6,0.8406860643739852,0.8301280982674979,0.5490196078431373
CCc1ccc(Cl)c(Cl)c1,6.1,0.6116114910568041,0.9488874492867664,0.0535714285714285
COc1ccccc1-c1ccc(Br)cc1,7.5,0.7912788869848125,0.9579026409438705,0.1034482758620689
O=C1NCCn2cc(Cc3ccccc3Cl)c3cccc1c32,9.7,0.7703215678445983,0.8400911280476253,0.509090909090909
Cc1ccccc1C1(c2ccc(O)cc2)CCCC1,8.8,0.8302945189183416,0.8739076309836784,0.0952380952380952
O=C(NC(F)(F)F)c1cn2c3c(cccc13)C(=O)NCC2,9.3,0.7859483158859631,0.8011613483928891,0.5272727272727272
O=C1NCCn2cc(-c3cscn3)c3cccc1c32,8.8,0.7375485201279797,0.7939411125021597,0.5185185185185185
Fc1ccc(CCc2ccccc2Cl)cc1Cl,8.2,0.7416109610800162,0.925553072103186,0.0625
N=CC1(c2ccc(F)c(Cl)c2)CCC1,7.2,0.7238734635880522,0.7881001778380757,0.0769230769230769
O=C1NCCn2cc(Cc3ccccc3-c3ccc(CCCCO)cc3)c3cccc1c32,9.5,0.4122474972841427,0.8277690626288565,0.453125
O=C1NCCn2cc(Cc3ccccc3F)c3cccc1c32,9.5,0.7739417417470816,0.8393298299707023,0.509090909090909
Cc1ccccc1Cc1cn2c3c(cccc13)C(=O)NCC2,10.2,0.7718650381718843,0.8411485799707022,0.509090909090909
O=C1NCCn2cc(-c3ccccc3)c3cccc1c32,9.2,0.7182489113972954,0.8604052998601721,0.5833333333333334
O=C(O)c1ccccc1,6.5,0.6106035394285075,0.993898084667246,0.125
Clc1ccccc1,5.0,0.4833833263681997,1.0,0.0851063829787234
c1ccc(CN2CCCC2)cc1,6.0,0.6429083474418472,0.9726265786469924,0.1320754716981132
O=C1NCCn2cc(-c3ccc(-c4ccc(F)cc4)cc3)c3cccc1c32,9.8,0.5468627428503342,0.8566590541158013,0.5384615384615384
CN(CC1(C)CCCC1)C(=O)c1cn2c3c(cccc13)C(=O)NCC2,9.5,0.9343653982574164,0.7862278932236618,0.4603174603174603
O=C1NCCn2cc(CC=CN3CCCCCC3)c3cccc1c32,9.6,0.9407005439361968,0.778334190672591,0.5178571428571429
O=C1NCCn2cc(Cc3nc(-c4nccs4)no3)c3cccc1c32,9.9,0.612759749957049,0.7772618746590517,0.4117647058823529
CC[C@@H](C)Nc1cn2c3c(cccc13)C(=O)NCC2,7.7,0.8874700460480812,0.7551375254606519,0.5
O=C1NCCn2cc(Cc3cccc(F)c3)c3cccc1c32,9.2,0.7739417417470816,0.840269733816856,0.4912280701754385
Clc1ccccc1-c1ccccc1,7.6,0.6346172430604238,0.9790823129769772,0.1176470588235294
COCC(O)c1ccccc1C=N,6.1,0.6856028556063556,0.7603097720336205,0.1129032258064516
O=C1NCCn2cc(Cc3ccccc3Cl)c3cccc1c32,9.7,0.7703215678445983,0.8400911280476253,0.509090909090909
Clc1ccccc1,5.0,0.4833833263681997,1.0,0.0851063829787234
Fc1ccc(Cc2ccccc2)cc1Cl,7.8,0.7158608471724035,0.9489362724286644,0.0655737704918032
Nc1ccccc1Cc1cn2c3c(cccc13)C(=O)NCC2,9.4,0.7128636309068778,0.8291310318937791,0.509090909090909
N=CC(=O)C1CC1c1cc(-c2cn3c4c(cccc24)C(=O)NCC3)ccc1Cl,10.0,0.6587419568244421,0.6881611481575338,0.4347826086956521
CC(Nc1cscn1)c1cn2c3c(cccc13)C(=O)NCC2,9.0,0.7813823513301837,0.7222675229454745,0.4375
O=C1NCCn2cc(-c3ccccc3)c3cccc1c32,9.1,0.7182489113972954,0.8604052998601721,0.5833333333333334
N=Cc1cn2c3c(cccc13)C(=O)NCC2,7.8,0.6907155491056897,0.7685949854592525,0.7111111111111111
O=C1NCCn2cc(Cl)c3cccc1c32,7.7,0.7244958760024373,0.8138618538240132,0.6086956521739131
O=C1NCCn2cc(-c3ccc(F)c(COCO)c3)c3cccc1c32,8.7,0.7179214488052379,0.8000560592282364,0.453125
OC1(F)CCC1,3.5,0.4667304236884695,0.787106251655628,0.0408163265306122
N=CCl,2.6,0.4028663922062712,0.6211030640832925,0.0222222222222222
N=Cc1cn2c3c(cccc13)C(=O)NCC2,7.8,0.6907155491056897,0.7685949854592525,0.7111111111111111
CN(CC(=O)O)C1CN(c2cn3c4c(cccc24)C(=O)NCC3)CCCO1,9.7,0.8312019772421562,0.7048006147419095,0.4202898550724637
Oc1ccccc1,5.2,0.514729544768675,0.9803820801298032,0.108695652173913
Cc1cn2c3c(cccc13)C(=O)NCC2,8.1,0.6895726690202818,0.830006039870525,0.6086956521739131
O=C1NCCn2cc(C3CCCCCC3)c3cccc1c32,9.6,0.7926122304037191,0.8313785555461359,0.5384615384615384
O=C1NCCn2cc(Cc3ccccc3)c3cccc1c32,9.5,0.7668411923180533,0.8545405902855902,0.5384615384615384
O=C(Cc1ccccc1Cl)c1ccc(Br)cc1,7.3,0.7614445445978122,0.9312908926160066,0.0952380952380952
O=C1NCCn2cc(Cc3ccc(Br)cc3)c3cccc1c32,9.4,0.7467246717135452,0.840893531893779,0.509090909090909
CC(O)Nc1cn2c3c(cccc13)C(=O)NCC2,7.8,0.6949202981996412,0.7333644103482195,0.5471698113207547
O=C1NCCn2cc(-c3ccccc3O)c3cccc1c32,8.9,0.7188510727838283,0.836981337956745,0.5918367346938775
O=C1NCCn2cc(-c3ccccc3Cc3nccs3)c3cccc1c32,10.1,0.5985923131134251,0.8084192786154818,0.4516129032258064
Cc1cn2c3c(cccc13)C(=O)NCC2,8.2,0.6895726690202818,0.830006039870525,0.6086956521739131
O=C1NCCn2cc(Cc3ccccc3)c3cccc1c32,9.0,0.7668411923180533,0.8545405902855902,0.5384615384615384
CCOC(=O)Oc1cn2c3c(cccc13)C(=O)NCC2,7.5,0.8493443346409622,0.8116918571922245,0.5087719298245614
CCc1ccccc1-c1cn2c3c(cccc13)C(=O)NCC2,9.5,0.768288657312824,0.8411817530476253,0.5384615384615384
O=C1NCCn2cc(-c3cscn3)c3cccc1c32,8.7,0.7375485201279797,0.7939411125021597,0.5185185185185185
CNC(=O)c1ccccc1C=N,6.5,0.6271500929512684,0.851154123324537,0.1379310344827586
N#CC(=O)NC(F)(F)F,5.0,0.3821726242261983,0.7383186441078052,0.0357142857142857
ClC[C@@H]1CN(Cl)CCCO1,4.6,0.4515653522852697,0.6778856632220595,0.0666666666666666
FCCC1CCC1,4.6,0.5007872314811926,0.8477824445022729,0.0377358490566037
CF,1.5,0.3673293108901918,0.703430914988529,0.0
N=CCNC1CCCCCC1,5.1,0.4727880423953717,0.8196913087874873,0.0344827586206896
O=C1NCCn2cc(CO)c3cccc1c32,8.2,0.7430345266484654,0.8196555205763095,0.6170212765957447
Cc1cn2c3c(cccc13)C(=O)NCC2,7.7,0.6895726690202818,0.830006039870525,0.6086956521739131
COc1ccc(-c2cccs2)cc1,6.4,0.7046457643886925,0.9439644992117948,0.0847457627118644
Fc1ccccc1-c1ccccc1,7.5,0.6172445494970528,0.979797292734062,0.1176470588235294
N#Cc1ccccc1,5.5,0.4884445703746373,0.957366038363374,0.1020408163265306
N=CCc1cn2c3c(cccc13)C(=O)NCC2,7.9,0.7517286251628008,0.7614527450492875,0.58
Cc1cn2c3c(cccc13)C(=O)NCC2,7.7,0.6895726690202818,0.830006039870525,0.6086956521739131
CC(C)c1cn2c3c(cccc13)C(=O)NCC2,8.5,0.7991403430769151,0.8220251874878013,0.5714285714285714
COc1ccc(-c2cn3c4c(cccc24)C(=O)NCC3)cc1,9.2,0.7885917870535378,0.8573985799707022,0.5185185185185185
O=C1NCCn2cc(Cc3ccccc3F)c3cccc1c32,9.5,0.7739417417470816,0.8393298299707023,0.509090909090909
O=C1NCCn2cc(-c3ccc(F)cc3)c3cccc1c32,9.7,0.7295011842204014,0.8529538474145004,0.5490196078431373
O=C1NCCn2cc(-c3ccccc3)c3cccc1c32,9.0,0.7182489113972954,0.8604052998601721,0.5833333333333334
CC(=O)NC(F)(F)F,4.9,0.4751690562274478,0.8145373110266374,0.0576923076923076
O=C1NCCn2cc(-c3cscn3)c3cccc1c32,8.2,0.7375485201279797,0.7939411125021597,0.5185185185185185
O=C1NCCn2cc(O)c3cccc1c32,7.2,0.6715099638465978,0.8093945908544247,0.6444444444444445
O=C1NCCn2cc(C3CCCCC3)c3cccc1c32,8.9,0.8443733178553949,0.8296006062486987,0.5384615384615384
O=C1NCCn2cc(CCc3ccccc3)c3cccc1c32,9.7,0.7896042491753712,0.8541643344085722,0.5283018867924528
CCF,2.3,0.3823971549961085,0.8068799871602155,0.0
O=C1COCCN1c1cc2ccc1Oc1ccccc1Cc1ccc-2c(O)c1,10.0,0.5452953812622605,0.6544399997279134,0.1375
CCCc1ccccc1Cl,6.0,0.6134622638131896,0.955962255961573,0.0714285714285714
Cc1ncnn1-c1cn2c3c(cccc13)C(=O)NCC2,8.4,0.7218927288550284,0.772810564437792,0.5
O=C1NCCn2cc(-c3ccccc3Cl)c3cccc1c32,9.3,0.7296818930318758,0.8463614136187879,0.56
O=C1NCCn2cc(Br)c3cccc1c32,7.9,0.7776241796952045,0.8089058609796482,0.6222222222222222
O=C(O)c1cn2c3c(cccc13)C(=O)NCC2,8.3,0.7696926168682571,0.8350457003083144,0.6041666666666666
NC(O)c1ccc(-c2cn3c4c(cccc24)C(=O)NCC3)cc1CCO,9.3,0.5357043978335297,0.7353171722004546,0.4461538461538462
CN(C=N)Cc1cn2c3c(cccc13)C(=O)NCC2,8.5,0.6442784765192894,0.7555825960186434,0.5178571428571429
O=C1NCCn2cc(Cc3ccccc3-c3cccs3)c3cccc1c32,10.2,0.565626319582152,0.8226816162778194,0.4666666666666667
Oc1ccccc1-c1cscn1,6.4,0.7256216062587041,0.8616956751060888,0.1607142857142857
Cc1cn2c3c(cccc13)C(=O)NCC2,8.1,0.6895726690202818,0.830006039870525,0.6086956521739131
N=COc1cn2c3c(cccc13)C(=O)NCC2,8.2,0.6029543901617219,0.7535321799001511,0.5686274509803921
O=C1NCCn2cc(C=Cn3cccn3)c3cccc1c32,8.6,0.7810688881280751,0.7467673892930343,0.6037735849056604
O=C1NCCn2cc(Cl)c3cccc1c32,7.5,0.7244958760024373,0.8138618538240132,0.6086956521739131
CCOc1cn2c3c(cccc13)C(=O)NCC2,7.1,0.8542359987860386,0.8253729962266816,0.5384615384615384
O=CC(=O)c1cn2c3c(cccc13)C(=O)NCC2,8.2,0.4801241912219811,0.800756053723372,0.6326530612244898
O=C1NCCn2cc(-c3ccc(CC4CCOCC4)o3)c3cccc1c32,10.4,0.7849400700228591,0.792599098795302,0.4375
N=Cc1ccccc1F,6.0,0.5506195052255443,0.8520623923595537,0.1153846153846153
O=C1NCCn2cc(C3CCC(F)(F)C3)c3cccc1c32,9.5,0.8588933006618673,0.7291031881404285,0.4827586206896552
N#CCl,2.4,0.4045732429978623,0.6777466538268822,0.0
CCc1cccc(C)c1,6.3,0.5339790665494062,0.9697657769749382,0.0925925925925925
N#CCOc1cn2c3c(cccc13)C(=O)NCC2,7.3,0.8609614255594953,0.7964242228845274,0.509090909090909
CCC(=O)c1cn2c3c(cccc13)C(=O)NCC2,7.7,0.8185294220873928,0.8253717399978817,0.5576923076923077
CC(=O)c1cn2c3c(cccc13)C(=O)NCC2,8.5,0.7533835450092939,0.8321210208211348,0.5918367346938775
N=CC(=O)O,3.8,0.4191724815185736,0.7604779652935229,0.0638297872340425
N=Cc1ccccc1Nc1cscn1,6.6,0.7534082647726618,0.7799591094071483,0.0923076923076923
O=C1NCCn2cc(N3CCN(Oc4ccccc4)CC3)c3cccc1c32,10.1,0.7778368494069345,0.7978455341547497,0.4827586206896552
Cc1ccccc1C(C)Nc1cscn1,7.1,0.8506564352585786,0.8002268276574616,0.0588235294117647
O=C1NCCn2cc(-c3ccc(-c4ccc(-c5cn6c7c(cccc57)C(=O)NCC6)cc4CO)c(Cl)c3)c3cccc1c32,10.2,0.2287923845831007,0.7532663462390347,0.4754098360655737
O=C1NCCn2cc(CO)c3cccc1c32,7.3,0.7430345266484654,0.8196555205763095,0.6170212765957447
N=Cc1ccc(-c2cccs2)cc1Cl,7.3,0.7397942035027922,0.8390814733846342,0.09375
O=CC1CCN(c2cn3c4c(cccc24)C(=O)NCC3)CC1,8.6,0.860057638929437,0.7824550703553176,0.5272727272727272
CC[C@@H](C)c1ccc(F)c(Cl)c1,6.7,0.6553164606936421,0.8630007032456961,0.0476190476190476
Cc1ccccc1Cc1cn2c3c(cccc13)C(=O)NCC2,10.2,0.7718650381718843,0.8411485799707022,0.509090909090909
O=C(Cl)c1ccccc1-c1cn2c3c(cccc13)C(=O)NCC2,9.3,0.7341897184376203,0.8223200563051607,0.5471698113207547
CCc1ccccc1,5.7,0.5147578217927745,1.0,0.08
Cc1ccccc1-c1cn2c3c(cccc13)C(=O)NCC2,9.2,0.726258663956364,0.8486443896591411,0.56
Cc1ccccc1C=O,6.3,0.5163635148900696,0.9248574692826304,0.1372549019607843
O=C1NCCn2cc(N=Cc3ccccc3-c3cccc(F)c3)c3cccc1c32,11.7,0.5005268560585869,0.806587054974263,0.5245901639344263
O=C1NCCn2cc(-c3cccc(F)c3)c3cccc1c32,9.1,0.7295011842204014,0.8454968486755345,0.5283018867924528
N=C[C@@H]1CN(c2cn3c4c(cccc24)C(=O)NCC3)CCCO1,9.6,0.8281315360547893,0.6914423629249942,0.4918032786885246
O=C1NCCn2cc(-c3ccc(Cc4ccccc4)cc3)c3cccc1c32,10.9,0.5724219221087797,0.8584097649239806,0.509090909090909
O=CCC(F)NC(=O)c1cn2c3c(cccc13)C(=O)NCC2,8.3,0.6529720635116945,0.7250421972630922,0.4918032786885246
O=C(O)c1ccccc1,6.5,0.6106035394285075,0.993898084667246,0.125
O=C1NCCn2cc(F)c3cccc1c32,7.8,0.6932582713550682,0.8061505836987897,0.6086956521739131
Cc1ccccc1,5.2,0.4588062796575454,1.0,0.0851063829787234
O=CCc1ccc(-c2ccccc2)cc1Cl,7.7,0.7343744157913233,0.8999000021816607,0.0967741935483871
O=C1NCCn2cc(-c3ccccc3-c3ccco3)c3cccc1c32,9.8,0.5958158723414164,0.8282851594823365,0.509090909090909
O=C1NCCn2cc(Nc3cscn3)c3cccc1c32,8.2,0.7601581724041299,0.7644736179827274,0.4745762711864407
CN(c1cscn1)c1cn2c3c(cccc13)C(=O)NCC2,8.3,0.7909671215751202,0.7520582610336681,0.4590163934426229
N=Cc1cn2c3c(cccc13)C(=O)NCC2,7.8,0.6907155491056897,0.7685949854592525,0.7111111111111111
O=C1NCCn2cc(Cc3ccccc3)c3cccc1c32,9.6,0.7668411923180533,0.8545405902855902,0.5384615384615384
Cc1cn2c3c(cccc13)C(=O)NCC2,8.0,0.6895726690202818,0.830006039870525,0.6086956521739131
FC1(OCc2ccccc2)CCC1,6.2,0.6942443058218488,0.8460721368089062,0.0833333333333333
O=C1NCCn2cc(-c3ccc(CCl)cc3)c3cccc1c32,9.0,0.7179299008862242,0.8371447338168561,0.5185185185185185
N=CN,3.0,0.2806732350482354,0.6126235769038053,0.0222222222222222
O=C1NCCn2cc(-c3ccc(C4CCCC4)c(-c4cn(Cl)nc4-c4ccco4)c3)c3cccc1c32,12.5,0.2961748184832266,0.7490352445701959,0.3636363636363636
O=C1NCCn2cc(N3CCCOCC3)c3cccc1c32,8.6,0.865697982181355,0.8087981585238035,0.509090909090909
O=C1NCCn2cc(C3CC3)c3cccc1c32,8.7,0.7947839421812752,0.823376135944107,0.5714285714285714
O=C1NCCn2cc(-c3nccs3)c3cccc1c32,8.2,0.7375485201279797,0.8058045740406212,0.5185185185185185
Cc1cn2c3c(cccc13)C(=O)NCC2,8.2,0.6895726690202818,0.830006039870525,0.6086956521739131
O=C1NCCn2cc(Cl)c3cccc1c32,7.5,0.7244958760024373,0.8138618538240132,0.6086956521739131
CCc1cn2c3c(cccc13)C(=O)NCC2,8.3,0.7730987565180782,0.827460202850557,0.5833333333333334
O=C1NCCn2cc(Cc3cccs3)c3cccc1c32,8.4,0.769931171767687,0.8203179465355306,0.5
O=C1NCCn2cc(-c3ccc(F)cc3)c3cccc1c32,9.5,0.7295011842204014,0.8529538474145004,0.5490196078431373
O=C(OCOc1cn2c3c(cccc13)C(=O)NCC2)c1cn2c3c(cccc13)C(=O)NCC2,11.0,0.371352123417447,0.7623675013660208,0.4915254237288136
O=C(Cc1ccccc1)c1cn2c3c(cccc13)C(=O)NCC2,9.6,0.7565031994167646,0.8512380224186491,0.5272727272727272
Cc1ccccc1-c1ccccc1Cl,7.5,0.6464346155180369,0.9614499349230958,0.1132075471698113
O=C1NCCn2cc(Cc3cc(Cl)ccc3Cl)c3cccc1c32,9.8,0.7389854449150762,0.8299533896384941,0.4827586206896552
Cc1ccccc1-c1ccccc1OC(F)(F)F,9.0,0.7608227836914412,0.9181500808726932,0.1016949152542373
Cc1cn2c3c(cccc13)C(=O)NCC2,8.0,0.6895726690202818,0.830006039870525,0.6086956521739131
O=CCCc1ccccc1Cc1cn2c3c(cccc13)C(=O)NCC2,9.4,0.7300208921990093,0.8076714409165631,0.5
O=C(Br)c1cn2c3c(cccc13)C(=O)NCC2,8.1,0.8166741224355183,0.7946213413339552,0.5918367346938775
CCC(=O)Nc1ccccc1-c1cn2c3c(cccc13)C(=O)NCC2,9.5,0.771478633920655,0.8382047771769544,0.4915254237288136
O=C1NCCn2cc(-c3cccc(F)c3)c3cccc1c32,9.1,0.7295011842204014,0.8454968486755345,0.5283018867924528
C[C@H](C(=O)Nc1cn2c3c(cccc13)C(=O)NCC2)c1ccccc1,9.5,0.7733800709790104,0.7854435385277948,0.4915254237288136
CCc1ccc(-c2ccccc2C)cc1,7.5,0.6741169489045492,0.9627491525717772,0.1052631578947368
O=C1NCCn2ccc3cccc1c32,7.7,0.662338111397925,0.8229410981501126,0.4791666666666667
Cc1ccccc1,5.3,0.4588062796575454,1.0,0.0851063829787234
O=C1NCCn2cc(N(Cl)c3cscn3)c3cccc1c32,8.5,0.7385275984370154,0.7306459028999986,0.4590163934426229
O=C1NCCn2cc(Cc3ccc4cccnc4c3)c3cccc1c32,10.9,0.6121668497584066,0.8276620825592597,0.4444444444444444
O=C1NCCn2cc(-c3cnc4n3CCC4)c3cccc1c32,9.4,0.7472705460494,0.7839771154736608,0.4745762711864407
Cc1ncnn1-c1cscn1,5.2,0.635199012808094,0.747014866479795,0.064516129032258
O=C1NCCn2cc(N=Cc3ccccc3O)c3cccc1c32,8.6,0.7149522278592546,0.7983167824645734,0.6111111111111112
N=Cc1cn2c3c(cccc13)C(=O)NCC2,8.0,0.6907155491056897,0.7685949854592525,0.7111111111111111
O=C1NCCn2cc(Nc3cn4c5c(cccc35)C(=O)NCC4)c3cccc1c32,11.1,0.4964172300141171,0.7586806296348966,0.5957446808510638
O=C1NCCn2cc(C3CCC(F)(F)C3)c3cccc1c32,9.7,0.8588933006618673,0.7291031881404285,0.4827586206896552
O=C(Oc1ccc(Cl)cc1)c1cn2c3c(cccc13)C(=O)NCC2,9.8,0.5751336371943098,0.847209807360455,0.5
CCc1cn2c3c(cccc13)C(=O)NCC2,8.3,0.7730987565180782,0.827460202850557,0.5833333333333334
O=C1NCCn2cc(Cc3ccccc3)c3cccc1c32,9.5,0.7668411923180533,0.8545405902855902,0.5384615384615384
O=C(O)C(=O)c1cn2c3c(cccc13)C(=O)NCC2,8.8,0.6112041341157416,0.8196110430433168,0.58
O=C1NCCn2cc(Cl)c3cccc1c32,7.8,0.7244958760024373,0.8138618538240132,0.6086956521739131
N=C[C@@H]1CN(c2cn3c4c(cccc24)C(=O)NCC3)CCCO1,9.7,0.8281315360547893,0.6914423629249942,0.4918032786885246
O=C1NCCn2cc(CCO)c3cccc1c32,7.3,0.8056911030091184,0.8185064342172625,0.58
N=Cc1cn2c3c(cccc13)C(=O)NCC2,8.0,0.6907155491056897,0.7685949854592525,0.7111111111111111
C[NH+](C)Cc1cn2c3c(cccc13)C(=O)NCC2,7.6,0.7683627347669384,0.7068266419586661,0.5384615384615384
OCCF,2.9,0.4528643106806505,0.8045555589394551,0.0212765957446808
Cc1ccccc1C=Nc1cn2c3c(cccc13)C(=O)NCC2,9.6,0.7242361310421613,0.8064481257481554,0.5818181818181818
O=C1NCCn2cc(Cc3ccccc3)c3cccc1c32,9.6,0.7668411923180533,0.8545405902855902,0.5384615384615384
CCOCc1cn2c3c(cccc13)C(=O)NCC2,7.6,0.8960382948150403,0.8169603175590837,0.5283018867924528
O=C1NCCn2cc(CNC3CCCCCC3)c3cccc1c32,9.4,0.8551879280279551,0.8298803469948631,0.4827586206896552
N=CCc1ccccc1C=N,6.4,0.6115489508558436,0.7508242802515073,0.1111111111111111
Cc1cn2c3c(cccc13)C(=O)NCC2,8.2,0.6895726690202818,0.830006039870525,0.6086956521739131
O=C1NCCn2cc(CCc3ccccc3C3CCCC3C(=O)O)c3cccc1c32,10.2,0.6738314772180296,0.7265098717046974,0.4328358208955223
C[C@H](Cc1cn2c3c(cccc13)C(=O)NCC2)c1ccccc1-c1ccccc1,11.4,0.5054146846264818,0.7837237977227907,0.4590163934426229
CCN(C(=O)N(C)c1cn2c3c(cccc13)C(=O)NCC2)C1CNCCCO1,9.9,0.8412775343077727,0.6853440341661002,0.4027777777777778
CNC(=O)c1cn2c3c(cccc13)C(=O)NCC2,8.9,0.7757825098822435,0.831850473029556,0.5576923076923077
O=C1NCCn2cc(N3CCCOC(CC4(C(=O)O)CCC4)C3)c3cccc1c32,10.0,0.8286699328749633,0.71376401360896,0.4084507042253521
CC(=O)Oc1cn2c3c(cccc13)C(=O)NCC2,7.9,0.7692842647601076,0.8166543945981835,0.5576923076923077
CN(C)C1CN(c2cn3c4c(cccc24)C(=O)NCC3)CCCO1,9.5,0.907625193924026,0.7096497857309908,0.4444444444444444
Oc1ccccc1-c1nc(Cl)cs1,6.8,0.786187378171313,0.8552846108213801,0.1186440677966101
C[C@H]1CCC[NH+](Cc2cn3c4c(cccc24)C(=O)NCC3)C1,9.3,0.8589704728929665,0.6064604542446003,0.4444444444444444
O=C1NCCn2cc(-c3ccco3)c3cccc1c32,8.8,0.7233663248435428,0.8205834201944676,0.5384615384615384
FC1(F)CCC1,4.3,0.4271047643171001,0.8413579000072764,0.0208333333333333
O=C1NCCn2cc(Cc3ccccc3-c3ccc(Br)cc3)c3cccc1c32,10.9,0.4629084501253194,0.8368880297466751,0.4745762711864407
N#Cc1ncnn1C=N,5.0,0.4054225688050469,0.6351023923595535,0.0847457627118644
CF,1.5,0.3673293108901918,0.703430914988529,0.0
Brc1ccc(CN2CCCOC(c3ccccc3)C2)cc1,8.3,0.8161643846417238,0.8549679854936131,0.1142857142857142
O=C1NCCn2ccc3cccc1c32,8.0,0.662338111397925,0.8229410981501126,0.4791666666666667
O=C1NCCn2cc(Nc3cc(-c4cn5c6c(cccc46)C(=O)NCC5)ccc3O)c3cccc1c32,13.6,0.2927651749620139,0.7587613956518187,0.4833333333333333
Cln1cc(Br)c(-c2ccco2)n1,5.7,0.7756614644836572,0.7531036776917384,0.0967741935483871
CCCc1ccccc1,5.7,0.5624916701881997,0.9910650669157666,0.0769230769230769
O=C1NCCn2cc(F)c3cccc1c32,7.6,0.6932582713550682,0.8061505836987897,0.6086956521739131
O=C1NCCn2cc(COCC3CCC3)c3cccc1c32,7.3,0.9377774619919952,0.8134088284989898,0.4827586206896552
O=C1NCCn2cc(-c3ccccc3F)c3cccc1c32,9.1,0.7295011842204014,0.8449636834800742,0.56
O=C(O)c1ccccc1Cc1ccccc1,9.0,0.8487726130244938,0.9536377948238012,0.1052631578947368
O=C1NCCn2cc(C(=O)N3CCCC3)c3cccc1c32,9.2,0.8643981791458178,0.8424481727612848,0.5576923076923077
COCCOc1cn2c3c(cccc13)C(=O)NCC2,7.4,0.8456201676222729,0.8211154631515105,0.509090909090909
O=C1NCCn2ccc3cccc1c32,7.2,0.662338111397925,0.8229410981501126,0.4791666666666667
O=C1NCCn2cc(Cc3ccccc3-c3ccco3)c3cccc1c32,10.2,0.6053748640184103,0.820668229664433,0.4745762711864407
CCc1ccc(-c2ccccc2C)cc1,7.5,0.6741169489045492,0.9627491525717772,0.1052631578947368
O=C1NCCn2cc(CCC3CCOCC3)c3cccc1c32,9.2,0.946594086520608,0.8124329734618263,0.4745762711864407
Cc1cn2c3c(cccc13)C(=O)NCC2,8.3,0.6895726690202818,0.830006039870525,0.6086956521739131
CCC=N,3.2,0.4347671695180762,0.7044820546659509,0.0208333333333333
O=C1NCCn2cc(-c3ccccc3CCCl)c3cccc1c32,8.7,0.7298520418264135,0.8223429592728397,0.509090909090909
O=C(O)C(=O)c1cn2c3c(cccc13)C(=O)NCC2,8.0,0.6112041341157416,0.8196110430433168,0.58
Clc1ccccc1,5.0,0.4833833263681997,1.0,0.0851063829787234
O=C1NCCn2cc(-c3ccccc3F)c3cccc1c32,9.4,0.7295011842204014,0.8449636834800742,0.56
O=CC1CC1c1cc(-c2cn3c4c(cccc24)C(=O)NCC3)ccc1[C]CC1CCC1,10.1,0.5832625753284953,0.6553234980189309,0.3866666666666666
N=Cc1cn2c3c(cccc13)C(=O)NCC2,7.9,0.6907155491056897,0.7685949854592525,0.7111111111111111
N#Cc1ncnn1O,5.0,0.4517180630923657,0.6788731225835015,0.0892857142857142
O=C1NCCn2cc(-c3ccco3)c3cccc1c32,8.2,0.7233663248435428,0.8205834201944676,0.5384615384615384
CCc1ccc(-c2ccccc2)cc1,7.6,0.6600721960270077,0.9811414733846344,0.074074074074074
O=C1NCCn2cc(-c3ccc(-c4ccccc4)cc3)c3cccc1c32,10.3,0.5637302739462949,0.8639017960979992,0.56
Oc1ccccc1C=NCCCc1ccccc1,7.7,0.6288274441207431,0.8880593406695001,0.1475409836065573
C=CCc1cn2c3c(cccc13)C(=O)NCC2,7.6,0.7818073269134613,0.8038866539974823,0.5686274509803921
Cln1cc(Cc2ccccc2)c(-c2ccco2)n1,8.3,0.716619175290403,0.8227313290584698,0.088235294117647
O=C1NCCn2cc(C(F)(F)F)c3cccc1c32,8.5,0.769216295065375,0.8100023885650008,0.5714285714285714
N=Cc1ccccc1CCO,6.3,0.6233630262497984,0.836513610276321,0.1454545454545454
Cc1ccccc1-c1cn2c3c(cccc13)C(=O)NCC2,9.2,0.726258663956364,0.8486443896591411,0.56
O=C1NCCn2cc(-c3ccc(Br)cc3)c3cccc1c32,9.0,0.7174893038284857,0.846840102143378,0.5490196078431373
c1cnn(-c2nccs2)c1,5.0,0.6151989005653912,0.8189651131044301,0.1228070175438596
N=Cc1ccccc1Cc1cn2c3c(cccc13)C(=O)NCC2,10.1,0.7180741199649875,0.794725737688454,0.5357142857142857
O=C1NCCn2cc(-c3ccc(Oc4ccc(O)cc4O)cc3)c3cccc1c32,10.4,0.4913672334125448,0.8291697095745647,0.4603174603174603
O=C1NCCn2cc(N3CCN(c4ccccc4O)CC3)c3cccc1c32,8.3,0.7350534666601867,0.8213671359074274,0.5370370370370371
O=C1NCCn2ccc3cccc1c32,8.0,0.662338111397925,0.8229410981501126,0.4791666666666667
CCCCCc1cn2c3c(cccc13)C(=O)NCC2,8.0,0.8378693360354286,0.8366058128018601,0.5185185185185185
N=Cc1ccccc1C1CCC(c2cn3c4c(cccc24)C(=O)NCC3)C1,11.0,0.6693303303084939,0.7035097276837597,0.5
N=Cc1ccccc1-c1cn2c3c(cccc13)C(=O)NCC2,8.9,0.6998994603198672,0.7987353588168562,0.5882352941176471
O=C1NCCn2cc(-c3ccccc3)c3cccc1c32,8.5,0.7182489113972954,0.8604052998601721,0.5833333333333334
O=C1NCCn2cc(-c3ccc4ccccc4c3)c3cccc1c32,11.0,0.5612433157497796,0.8517725438686907,0.5185185185185185
