SMILES,DS,QED,SA,SIM
NC(=O)c1ccc(C(=O)C(=O)C(=O)Nc2ccc(N3C(=O)Cc4ccccc43)cc2)cc1,11.6,0.35481960304464455,0.8457604901611353,0.17405359280609445
O=C(NCc1cccc(-c2ccc(F)c(O)c2)c1)c1ccccc1Cl,10.2,0.7070877705662709,0.9042031911651571,0.32606901947573813
CNC(=O)C1(NC(C)=O)CCN(c2c3c(nn2C)CCCC3)CC1,8.5,0.8451756861691658,0.7797941864682605,0.28010181181309135
Cc1ncc(CNC(=O)C(=O)N[C@H](CC(C)(C)CCC(=O)N(C)C)C(F)(F)F)s1,7.9,0.6125103003366156,0.7182503850054771,0.17377462481945485
Cc1cc(=O)n(S(=O)(=O)c2ccc(N3C(=N)SCC3=O)cc2)cn1,8.8,0.861888995690591,0.7912862541021192,0.300080402534812
Cn1ccc2c1CCN(C1=Cc3ccccc3OC=C1)C2,9.4,0.7958220847279832,0.7505802925188408,0.2807443353795992
CC(C)C(=O)Nc1ccc(N2CC(=O)N(c3ccc4c(c3)NC(=O)CC4)[C@@H](C)C2)cc1,8.9,0.7943019841163617,0.7761190232847918,0.27433043164697546
CCc1nc(N)sc1C(=O)N(C)C(=O)CC(O)=NCNC(=O)c1ccccc1Cl,9.7,0.4483266161550793,0.7512886644593423,0.16335901177597198
O=C(CNc1cccc(F)c1)c1ccccc1-c1ccc(F)c(O)c1,9.2,0.66632785361576,0.8761416527036184,0.26854688997830867
C[C@H](NC(=O)N1CCOCC1)C(C)(C)CN(C)C(=O)NC=O,7.7,0.7113009322670178,0.7217338446534274,0.19764743327199713
Cc1ccc(NN2CC[C@@H]2c2ccccc2)c(NN2C(=N)SCC2=O)c1,9.7,0.7530492183220893,0.7143698180771004,0.260908482051489
C[C@H](NC(=O)N(C)CC(=O)N1CC[C@@H]1c1ccccc1)C(=O)NC(=O)CC(C)(C)C,9.2,0.7415875559310148,0.752365142359968,0.25665452846159253
COc1ccc(-c2nc(Oc3cccc(F)c3C(N)=O)cc(C(F)F)n2)cc1,9.3,0.6852681455359211,0.8398782544063182,0.2676269434509284
Cc1cc(C(=O)N2C(=O)Cc3ccccc32)ccc1O,8.4,0.8072311085079238,0.8709812730395351,0.2952949349806456
O=C(NCc1ccc(N2C(=O)CCCc3sccc32)cc1)c1ccccc1O,9.7,0.6920411656530322,0.8588618397668267,0.2882683581326641
CS[C@@H](C)C(=O)NCC(=O)N[C@@H](NC(=O)C(=O)N1CC[C@H](O)C1)C(=O)N1CCCCC1,8.9,0.2556963540646374,0.6907111132013645,0.0785924794440946
O=C(CCc1ccc(-c2ccc(Oc3ccnc4c3OCO4)cc2)cc1)NC1CCCC1,9.4,0.5536187480980849,0.8391328338408474,0.2183430444107151
CCC(=O)Nc1nc(N2CCC(NC(C)=O)(C(=O)C(=O)n3ccccc3=O)CC2)cs1,10.0,0.6353651297746243,0.7586128860437805,0.24099808739495446
CCOCCN(/C([O-])=C/NC(=O)Nc1ccc(C)c(C(=O)NC)c1)N1C(=O)CSC1=S,7.3,0.2765408716860337,0.7239878539486527,0.07307746476068736
CCC(NC([O-])=Cc1ccc2c(c1)NC(=O)CC2)c1ccc(C(=O)NN)cc1,10.2,0.2628866439888337,0.7437432649353308,0.09971528716315504
C[C@@H]1CS(=O)(=O)[C@H](CNC(=O)N(C)CC(=O)NN2CC[C@@H]2c2ccccc2)CN1NC=O,8.7,0.429965135496268,0.612522592714924,0.11456306141347099
O=C1NCc2cc(-c3cccc(C4=Cc5ccccc5OC=C4)c3)ccc21,11.5,0.7020246310599155,0.806615726462442,0.32560186197172986
Cc1noc(C)c1CNC(=O)C(=O)Nc1ccc(N2C(=O)CCCc3sccc32)cc1,9.2,0.6057483684025857,0.8205976071366412,0.22865480435351973
O=C(NCc1cccc(S(=O)(=O)C(=O)Nc2ccc(C(F)(F)F)cn2)c1)Oc1ccccc1,10.2,0.5609294322703077,0.8287137039858651,0.2370734528206217
CCC(=O)Nc1nc([C@H]2NC(=O)N(CC)C(C)=C2C(=O)NNC(=O)c2cc(C)[nH]c2C)cs1,9.4,0.40820660950126725,0.7202311665630153,0.13818146760312056
Cn1ccnc(NC(=O)c2cccc(-c3ccc(-c4ccnc5c4OCO5)cc3F)c2)c1=O,10.9,0.5165938389035796,0.8087375536602178,0.2276949164433978
Cc1noc(C)c1CNC(=O)S(=O)(=O)N1CCC(NC(=O)C(=O)N2CC[C@H](O)C2)CC1,9.3,0.48523214743992643,0.72165201751166,0.16282847254511526
CC(C)(N[C@H](SCCCS(C)(=O)=O)C(N)=O)C(=O)C1=Cc2ccccc2OC=C1,8.8,0.4232709166861721,0.6700836602578729,0.1247958470588612
NC(=O)c1c(F)cccc1Oc1cccc2c1CCNC2,9.2,0.9100832316305973,0.8486401105502718,0.3552732417784318
O=C(CNc1cccc(F)c1)c1cccc(C(=O)C2Cc3ccccc3C2)c1,10.1,0.6362438270776984,0.8655704817421354,0.27811050733409715
CC1(NC(=O)N2CCOCC2)CCC(NC(=O)c2ccc(F)cc2Cl)CC1,9.7,0.8233363451167619,0.8319539754502964,0.33221430354451453
O=C(Nc1cccc(F)c1-c1ccc2c(c1)CNC2=O)c1ccc(O)c(-c2ccnc3c2OCO3)c1,11.8,0.39482246733993887,0.7862294697572005,0.1831484248954968
C[C@H](NC(=O)N1CCOCC1)C1=CC=CC=CNN(c2ccc(NC(=O)C3Cc4ccccc4C3)cc2)CC1,0.0,0.5433110180752172,0.6674417905049537,0.0
NCC(=O)NC(=Nc1ccccc1F)C1CCC(=NNC(=O)C(=O)CNc2cccc(F)c2)CC1,9.0,0.19732975993380195,0.7462923768617917,0.06626956300495371
Cc1ccc(C(=O)c2cc(NC(=O)C(=O)N3CC[C@H](O)C3)cc(C(F)(F)F)c2)c(F)c1F,10.7,0.42246947409575836,0.7681765592042835,0.17362416363415167
CC(=O)N[C@H](CNc1ccc(I)cc1)Cc1nc(O)cc(CNC(=O)N2CCCC2)n1,9.1,0.3832415791311875,0.7470942161953293,0.13027449306438604
CCc1cc(=O)[nH]c(Nc2ccc(C(=O)Nc3nccn(C)c3=O)cc2I)n1,10.2,0.46906428758683516,0.7921739151558251,0.18950605151029495
C[C@H]1CC[C@H]([C@H](C)C(C)(C)C)[C@@H](C(=O)C(C)(C)CNC(=O)c2ccccc2O)C1,0.0,0.6657382770268965,0.6736263056440817,0.0
Cc1cc(=O)n(N2CCN([C@H](C)N3C(=O)Cc4ccccc43)C(C)(C)C2)cn1,9.4,0.8067806577836147,0.6801213714442067,0.2578931206904321
Cc1ccc(-c2ccc([C@H](NC(=O)NCc3cnc(C)s3)C(=O)N3CCCCC3)cc2)cc1,11.1,0.5425530741970344,0.799214234489241,0.24065695762461276
Cn1c(-c2ccc(-c3ccccc3)cc2)cc2c1CCN(c1ccc3c(c1)CNC3=O)C2,9.0,0.49772708804615634,0.8221742999447321,0.18414828908004538
CC[C@@H](C)CCCCCNC(=O)N/C=C(\[O-])C(=O)c1ccc(C)c(F)c1F,8.0,0.28137593563904045,0.7152860142738844,0.08050570860633371
C[C@H](C=O)NC(=O)N(C)[C@H](C)C(=O)Nc1nccn(C)c1=O,7.2,0.7007343702158979,0.7128940169103828,0.17983776238933633
Cc1cc(C)cc(C(C)(C)CC(=O)N[C@H](Cc2ccc3c(c2)NC(=O)CC3)C(F)(F)F)c1,9.7,0.6451801512371839,0.7428714309991551,0.23245366256788177
COc1ccc(F)c(C(=O)CCC(=O)N2CCCC2)c1,7.9,0.7776127921681226,0.9014746796329417,0.27689430586580305
Cc1ccc(NC(=O)CNC(=O)NC(=O)c2ccc(C(N)=O)cc2)cc1,9.5,0.6418271633420279,0.9100287746749781,0.2774385638293998
COc1cccc(NC(=O)CCC(=O)C2(NC(C)=O)CCN(NC(=O)N3CCOCC3)CC2)c1,9.4,0.5096511812467508,0.7897442482777846,0.1891722218382721
Cc1cccc(C)c1C(=O)c1ccc(-c2ccc3c(c2)CNC3=O)cc1,10.5,0.7157523249165685,0.8676294792256825,0.32602910388401524
CNC(=O)CNC(=O)CSNC(=O)C(=O)C1Cc2ccccc2C1,8.5,0.4588345818817472,0.7945836238965038,0.1549475390572702
CCc1cc(=O)[nH]c(NC=C(C)NS(=O)(=O)c2cc([C@H]3CCCN(C(=O)NC)C3)ccc2F)n1,10.2,0.46803777306416305,0.6937390027637405,0.16559498955006013
NC(=O)CNC(=O)C(=O)NN=C1CCC(NC(=O)N2CCOCC2)CC1,8.2,0.33502080977056486,0.8115083730826584,0.11146759883715582
CCc1ccc(C(C)c2ccc(N3C(=O)CCCc4sccc43)cc2)c(C(=O)NCc2c(C)noc2C)c1,10.4,0.28081004253381225,0.74271603283635,0.10845230280108627
O=C1Cc2ccccc2N1c1ccc(N2CCc3cc(F)ccc32)cc1,11.0,0.6702490068759885,0.8663617256421394,0.3193729474138564
Cc1ccc(NNC(=O)CN(CC(=O)NN=C(O)NC(C)(C)C)S(C)(=O)=O)cc1C(N)=O,9.4,0.15179112633369624,0.7743493057899509,0.05524349605173904
FC(F)c1cc(Nc2ccc(C(F)(F)F)cn2)ncn1,8.6,0.8778988242720769,0.8221609333791954,0.31036287021369247
O=C(CNS(=O)(=O)c1cccs1)NC(=O)NS(=O)(=O)N1CCc2cc(F)ccc21,9.5,0.563723990789693,0.8067040685489236,0.21601025753162365
O=C(Nc1ccc2[nH]c(=O)[nH]c2c1)C(=O)N1CC[C@H](O)C1,8.7,0.5237238530274932,0.7944860912260435,0.18099972284004034
Cc1ccc(Cn2nc(C(N)=O)ccc2=O)c(C#N)c1C(=O)C1Cc2ccccc2C1,10.5,0.6443309626483636,0.7990362816804881,0.27029300369723297
CC[C@@H](O)C(C)C(=O)NN=C1CCC(C(=O)C2Cc3ccccc3C2)CC1,9.9,0.7556188540643892,0.7017258067080001,0.26246743871639355
CC(C)CN(C)S(=O)(=O)c1cccc(S(=O)(=O)N2CCCC2)c1,7.0,0.7744604975712501,0.8759756469510739,0.23744298738930922
CCC(=O)NN/N=C1\C(=O)N(C2=Cc3ccccc3OC=C2)N=C1C,9.5,0.8135205285807515,0.7225113168422967,0.279194449481982
Cc1cc(=O)c(O)c(Cc2ccc(CCOOc3cccc(F)c3C(N)=O)cc2)n1C,9.2,0.32751581262309226,0.79171395938904,0.11927746675619974
CC1CCN(C(=O)NCN2CCc3ccccc3C2)CC1,8.4,0.906633094748002,0.8621056759138699,0.32827768552051617
CC(=O)N1CCC(Cc2ccc(CNC(=O)c3ccccc3Cl)cc2)CC1,9.2,0.8442038713145779,0.8985948398490555,0.3489547315701828
Cc1cc(=O)c(O)c(Cc2cc(F)ccc2Oc2ccc(CNC(=O)N3CCC(C)CC3)cc2)n1C,11.2,0.5136321367400726,0.8129890763539548,0.23384329720305105
O=C(NCc1cccc(OC2CN(C(=O)c3cccs3)C2)c1)c1ccccc1O,9.3,0.6561067610180895,0.8672160796703324,0.2645786449079179
CCC(=O)Nc1nc(-c2ccc(N3C(=O)Cc4ccccc43)cc2)cs1,10.1,0.7481542994172945,0.8684199712561745,0.32810462827355086
CC1CCN(C(=O)NC[NH+]=C(N)C2=Cc3ccccc3OC=C2)CC1,10.7,0.43233838796027096,0.7227019993991765,0.16716172230680898
CNC(=O)CN(C)C(=O)NC(=O)C(=O)CNC(=O)NNC(=O)c1ccc(F)cc1Cl,9.5,0.2758685659533666,0.8050829493538763,0.10549611238808634
O=C(NC(=O)C(=O)N1CC[C@H](O)C1)Nc1ccc(C2CN(C(=O)c3cccs3)C2)cc1,9.0,0.6180380801913062,0.7770224715606537,0.21610326446498263
Cc1ncc(CNC(=O)N2CCNCC2NC(=O)C(=O)N2CC[C@H](O)C2)s1,8.4,0.4657413418015228,0.6905668998254089,0.13508273290192957
CNC(=O)N1CCC[C@H](c2cnc([C@H](C)NC(=O)N3CCOCC3)[nH]c2=O)C1,9.4,0.6874708153630528,0.7263872581867452,0.2347039191078378
CC(=O)NNC(=O)NC(=O)N[C@@H](C(=O)CNc1cccc(F)c1)C1CCC1,8.8,0.47182601585816364,0.7639472707885655,0.1585980867248301
Cc1cccc(NC(=O)NC(=O)C(=O)c2ccc(O)c(C)c2)c1,9.5,0.5992591216484151,0.8770115758966804,0.24963966365748508
CCc1nc(N)sc1C(=O)c1ccc(Sc2ccc3c(c2)CNC3=O)cc1,10.2,0.6398905158445168,0.8024895451437606,0.26188777899095506
CN(CC(N)=O)C(=O)NCNC(=O)c1ccc(F)cc1Cl,8.2,0.6800480745397929,0.8442266856418468,0.23538704013879802
C[C@H](NC(=O)N1CCOCC1)c1ccc(-c2ccnc3c2OCO3)cc1,10.7,0.9161098815151074,0.7837749246897859,0.3841428150647585
CNC(=O)N1CCC[C@H](c2ccc(C(F)(F)F)cn2)C1,7.3,0.8626771240321294,0.7935518431371842,0.24987134295991323
C[C@H](CC(=O)C[S@@+]([O-])CNC(=O)c1ccc(F)cc1Cl)C(=O)NC(=O)N[C@H](C)C(=O)O,8.4,0.36176251457248315,0.6504599025182166,0.09883104418469617
CCOC(=O)C1(NC2=NC(=O)[C@H]3OCC(=O)[C@H]3S2)CCCC1,7.3,0.7510390342580158,0.6608159985994388,0.1811489924347846
Cc1noc(C)c1CNC(=O)c1ccc(C(=O)Nc2ccccn2)cc1,9.5,0.7373289531446663,0.8866024521986555,0.31051588751918613
Cc1cc(C(=O)[C@@H](C)NC(=O)N(C)[C@H](C)c2ccc(C3=CCCCC3)cc[nH]c(N(C)C)n2)nc(=O)[nH]1,11.9,0.4876231423447271,0.5985295086081711,0.17365481966526927
CCC(=O)Nc1nc(C(=O)N(CC(=O)Nc2cccc(C)c2)C(C)(C)C)cs1,9.4,0.7709966818180165,0.8457225760091419,0.3064631709255678
CC1=NN([C@H](C)NC(=O)N2CCOCC2)C(=O)/C1=N\NN1C(=N)c2occc2C1=O,9.8,0.5633998969136554,0.6499935086290147,0.17944107512050475
O=CNC(=O)NCC(=O)N[C@@H]1CC(=O)NCCN1N1C(=O)Cc2ccccc21,9.7,0.43944098404210985,0.6930334304660029,0.1477054369391588
O=C(c1cccs1)N1CC([C@H]2CNCc3ccccc32)C1,8.2,0.9243494327579934,0.7940208594308866,0.3009206197153113
Cc1cc(C(=O)c2cn(Nc3ccc(C)c(C(N)=O)c3)c(=O)s2)ccc1O,10.4,0.5856015819164986,0.7940830705372862,0.24180847718546755
Cc1ccc(Nc2ccccc2[S@+]([O-])C(=O)Nc2ccccn2)cc1C(N)=O,10.6,0.5714329248077603,0.7391274908360125,0.22385174546394918
Fc1ccc2c(c1)CCN2c1cncc(C(F)(F)F)c1,8.7,0.736584009324259,0.852453251061513,0.27313799354134893
Cc1c(CCC(=O)NC2CCCC2)c(=O)n(C(=O)Nc2ccccn2)c(=O)n1-c1ccccc1,10.8,0.5857907212224107,0.8205896768397722,0.259574662056763
COC(=O)c1ccc(C)c(-c2nn(Nc3ccc(C(F)(F)F)cn3)c3c2COC3)c1,10.3,0.6464877797270068,0.7759398815883086,0.25834236039357605
CC(C)C(=O)NC(=O)[C@H](NC(=O)N1C(=O)Cc2ccccc21)C1CCC1,9.4,0.8580949961489973,0.7669063496769559,0.3092968955511639
CC(=O)c1cc(C(=O)c2ccc(CNC(=O)Oc3ccccc3)cc2)ccc1C1CN(C(=O)c2cccs2)C1,9.0,0.2902339287356666,0.8288968892911573,0.10825830031308548
CCNc1cc(C2=CC=CC=CN(CNC(=O)Oc3ccccc3)C(=O)[C@@]23[C@@H](C=C(Cl)Br)C3(C)C)nc(C)n1,0.0,0.3769883800410837,0.523704939594994,0.0
O=C(NC(=O)c1ccc2c(c1)CNC2=O)Nc1ccccn1,10.2,0.7769689064168654,0.8588500299096522,0.34032288194264726
CSC(=S)NC(=O)NC(=O)CNC(=O)Nc1nnc2cccc(C)n12,9.0,0.5739683359548796,0.7708025568127773,0.19908731739761834
CCN(OC(=O)CN(C)C(=O)N[C@@H](C)C(=O)Nc1ccccn1)C(C)=O,8.1,0.703047417474494,0.7553825360258184,0.21508324516910562
Cc1ccc(Nc2cccc(C(=O)CNc3cccc(F)c3)c2)cc1C(N)=O,10.6,0.5369727141456766,0.8774563509284261,0.24972016270027106
N[C@H](CNC(=O)c1ccccc1O)C(=O)N1CCCC1,6.7,0.7255243596922226,0.8400228121681533,0.2041680993299285
CNC(=O)N1CCC[C@H]([C@@H]2CC(=O)NCCN2c2ccc3c(ccn3C)c2C)C1,0.0,0.8165614495450553,0.7088186597552796,0.0
CN(C)c1cccc(Cn2nc(C(N)=O)ccc2=O)n1,8.6,0.8357894589386208,0.8409743599526218,0.3022373272730035
C[C@H](NC(=O)N1CCOCC1)Oc1ccc(-c2ccc(N3C(=O)CCCc4sccc43)cc2)cc1,9.6,0.4993110712851038,0.7663651148569031,0.18367420151747132
CCN1C(=O)N[C@H](c2c3c(nn2C)CCCC3)C(C(=O)NNC=O)=C1C,8.9,0.5227606533809331,0.7006675360258183,0.16299523142637107
N=C1SCC(=O)N1c1cccc(N2CCc3[nH]c(=O)ccc3C2)c1,9.7,0.8756127531259129,0.7861426947629077,0.33385293611591926
CCc1nc(N)sc1C(=O)C(=O)N[C@@H](C=O)C1CCC1,7.0,0.4620255348853215,0.711437504882846,0.1150458028058414
CCn1c(CNC(=O)Oc2ccccc2)cc(=O)c2cc(Cl)c(C(=O)c3ccc(C)c(F)c3F)cc12,10.0,0.33346290017094815,0.805194457922881,0.1342512395702692
CNC(=O)N1CCC[C@H](c2csc(NS(=O)(=O)c3ccc(Nc4ccc(C(F)(F)F)cn4)c(C)c3)n2)C1,9.7,0.3980745901142445,0.7474506247774628,0.14430743402812837
CC(=O)N1CCC(Cn2c(=O)[nH]c3cc(-c4ccc(-c5ccccc5)cc4)ccc23)CC1,9.5,0.5044226167824455,0.8627233575446479,0.2067091574467041
Cc1ccc(-c2ccc(-c3ccc4c(c3)CC(=O)N4C(=O)NCc3c(C)noc3C)cc2)cc1,10.4,0.4297597214863826,0.8333321034852916,0.18622893780374017
CC(C)N[C@]1(Nc2ccc(C(F)(F)F)cn2)N=C(Cn2nc(C(N)=O)ccc2=O)Oc2[nH]c(=O)ccc21,12.0,0.33779170449624357,0.6543124165740919,0.1326127838805712
CCc1nc(N)sc1C(=O)C(=O)CC(C)(C)CC1CC[C@@H](C)CC(=O)[NH+]1[C@H](C)C(=O)N(C)C(C)=O,9.3,0.38495864529337204,0.5368294364291636,0.09609556665963948
C[C@H](NC(=O)N1CCOCC1)C(=O)C[S@@+]([O-])CC(=O)CS(=O)(=O)N(C)C1CCCCCC1=O,7.6,0.3057356100439161,0.6144680903070181,0.0713886150481638
CC(C)(C(=O)c1c(C2=C(C(N)=O)OCCOC2)cc(O)c([O-])c1C#N)c1ccc2c(c1)NC(=O)CC2,10.5,0.5299029760977462,0.6897293965398197,0.1918820714624903
CC(N=C(N)CC1CCN(c2ccnc3c2OCO3)CC1)C(=O)Nc1nccn(C)c1=O,10.2,0.49818018530757385,0.6923793487224574,0.1759141328473425
COc1ccccc1C(=O)NCN1C(=O)CN(CNC(=O)c2ccccc2Cl)C[C@@H]1C,10.2,0.6808498204181681,0.7762875467153838,0.269552970754755
Cc1noc(C)c1CNC(=O)NC(=O)N/C=C(\[O-])NC(=O)NC(=O)CNC=O,8.9,0.2144143444895071,0.7158314828917329,0.06830061948528632
CC(=O)N1CCC(CC2(I)C[C@](N)(C3=NO[C@H](C)C3)C2(C)C(=O)OC(C)C=O)CC1,8.2,0.2427278825581835,0.5352807555626604,0.05327030139246636
CC(=O)N1CCOC[C@]1(C(=O)OCNC(=O)N1CCOCC1)C1=NO[C@H](C)C1,8.8,0.4917769261059015,0.6351337041458494,0.1374314043040844
Cc1cccc(C)c1NCC(=O)c1ccccc1-c1ccc(F)c(O)c1,8.5,0.6294047248255203,0.8676504173397712,0.2320938906724568
C[C@H](C=O)NC(=O)N(C)[C@H](C)C(=O)Nc1cc(C(=O)N2C(=O)Cc3ccccc32)ccc1O,8.8,0.3465910094333111,0.7178012292723976,0.10946471915543644
C[C@H](NC1=Cc2ccccc2OC=C1)C(C)(C)CN(C)C(=O)NC=O,9.1,0.7793524289726352,0.6668003947150856,0.23645099080380677
CCNC(=O)N(C)CC(=O)C(=O)NCc1cnc(C)s1,6.3,0.7388770267432352,0.8037976751559371,0.18708090544153824
CNC(=O)N1CCC[C@H](c2ccc(N3C(=O)Cc4ccccc43)cc2)C1,9.2,0.9030546386722317,0.8080543308976131,0.3356699174354869
CCNC(=O)N(C)[C@H](C)NC(=O)C(=O)N1CC[C@H](O)C1,7.0,0.44325661402175054,0.7215567714840739,0.1119421839733738
O=C(NCc1cc(-c2ccc3c(c2)CNC3=O)ccc1Cl)Oc1ccccc1,10.5,0.6845917914170303,0.8572105577155446,0.30809063844724005
C/C(=C\C(=O)Nc1ccccc1)C(=O)c1cc(C)[nH]c(=O)n1,8.3,0.6651154750993039,0.8176770320514084,0.22569760377502446
CCc1cc(=O)[nH]c(Nc2c(C)cc(Br)cc2CNC(=O)Oc2ccccc2)n1,9.8,0.5089879375571753,0.8113628302750023,0.2023572078601907
COc1ccc(C)c(OC)c1-c1nc(CCC(=O)NC2CCCC2)cc(C(F)F)n1,8.7,0.6866764596990172,0.8142763284747553,0.24322780810738515
CCCC(C(=O)NC1(C#N)CC1)C(C)(C)CN(C)C(=O)NOc1cccc(F)c1C(N)=O,8.0,0.4732218406159978,0.6838481429146905,0.12944475075676873
Cc1ncc(CNC(=O)c2ccc(OC(=O)c3ccc(C)c(F)c3F)cc2)s1,9.9,0.5133773412608117,0.8528121794556279,0.2167181523954654
O=C(C=CNCC(=O)c1cccc(C(=O)C2Cc3ccccc3C2)c1)CNc1cccc(F)c1,10.3,0.3496419979819045,0.8008724828408406,0.14420960734003802
O=C(C1=Cc2ccccc2OC=C1)C1Cc2ccccc2C1,10.2,0.8357920534551837,0.8048542752369744,0.3430723117905722
Cc1cc(C(=O)N2C(=O)Cc3ccccc32)ccc1NC(=O)c1ccc(F)cc1Cl,11.0,0.6181483956647656,0.864066072064499,0.29376658090726426
CCNC(=O)N(C)CC(=O)NC(=O)C(=O)N1CC[C@H](O)C1,7.4,0.5150841762430218,0.7722391038913441,0.14717421279549325
CNC(=O)C(=O)NC(=O)NC(=O)NS(=O)(=O)c1ccc2c(c1)NC(=O)CC2,10.2,0.3782011194163363,0.8027340431115463,0.15483340598617804
Cc1cc(C(=O)[C@H]2CC(=O)Nc3nc(-c4ccc5c(c4)NC(=O)CC5)[nH]c(=O)c32)nc(=O)[nH]1,0.0,0.4357683424505745,0.6941126333399659,0.0
CCNc1cc(N2C(=O)CN(c3cccc(F)c3[SH](=O)=O)C[C@@H]2C)nc(C)n1,9.1,0.72659394509675,0.6814489592410253,0.22528719289304
Cc1cc(C)nc(-n2nc(Cc3c(O)c(=O)cc(C)n3C)c3c2COC3)c1,9.3,0.7685532327934292,0.7360289444111601,0.2630400024653805
CC=C1C(=O)NCC1=CCC(=O)NC1Cc2ccccc2C1,9.4,0.8335618581176333,0.7695179175775397,0.30147716905845057
CCc1nc(N)sc1C(=O)C(=O)N[C@@H](c1ccccc1-c1ccc(F)c(O)c1)C1CCC1,10.1,0.3570238124923773,0.7394305782189766,0.13331713367513695
O=C(Nc1ccc(N2C(=O)CCCc3sccc32)cc1)C(=O)c1ccc2c(c1)CNC2=O,11.6,0.4715220697521525,0.8085803378014176,0.22113281517579106
Nc1ccc(N2CCc3cc(F)ccc32)c(NC(=O)c2ccc(F)cc2Cl)c1,9.6,0.598877310485519,0.8634061075009678,0.24819567720813623
C[C@H](NC(=O)N1CCOCC1)c1ccc(-c2ccc(-c3ccc(C4CN(C(=O)c5cccs5)C4)cc3)cc2)cc1,10.3,0.30067584146091764,0.7885533292546033,0.12210595194237449
Cc1noc(C)c1CNC(=O)C=C1Oc2cc(OC(=O)[C@H](C)OC3CN(C(=O)c4cccs4)C3)ccc2N=C1O,8.9,0.23737543157529192,0.6851682780988625,0.07237574149336062
Cc1cc(=O)n(-c2ccc(Nc3nc(=S)n(C)c(=NCCOc4c5c(nn4C)CCCC5)[nH]3)o2)cn1,9.3,0.2863374684392331,0.6662150718138444,0.08870448675114571
CN(CC(=O)NS(=O)(=O)N[SH](=O)=O)C(=O)NCC1=Cc2ccccc2OC=C1,9.5,0.4090969513067489,0.7039109166159033,0.13678470974007495
CC(c1ccccc1)[C@@H](C)N(C)C(=O)N[C@H](C)NC(=O)C(=O)N1CC[C@H](O)C1,8.8,0.5129282758149792,0.6808273931558272,0.15365487319557122
Cc1cccc(NC(=O)[C@H](C)NC(=O)N(C)CC(=O)c2c(C)sc(C)c2S(=O)(=O)NC(C)C)c1,8.7,0.448765308322452,0.7540807339875993,0.14720629379326516
Cc1noc(C)c1CNC(=O)Nc1ccc(NC(=O)N2CCOCC2)cc1,10.1,0.7628494194868399,0.8684100246642402,0.33454537201179235
Cc1ccc(Nn2c(=O)c3c(C)c(-c4ccc(F)c(O)c4)cnc3n(C)c2=O)cc1C(N)=O,11.8,0.4376151324336115,0.7875340718788413,0.2033357280251319
CNC(=O)CNC(=O)CSNC(=O)C(=O)c1cccc(F)c1,7.0,0.3602009811311159,0.8166072338168561,0.10294995438685935
CCc1nc(N)sc1C(=O)C(=O)N(C)CC(C)(C)[C@H](C)NC(=O)N1CCOCC1,8.7,0.503394005745827,0.7083457654684691,0.155111000364536
C[C@H](C=O)NC(=O)N(C)[C@H](C)C(=O)Nc1c([C@H](C)NC(=O)N2CCOCC2)c1=O,8.2,0.5233250098178143,0.6717149180093159,0.14412533858541898
CC(=O)N1CCC(CC2CN(N3C(=N)SCC3=O)C2)CC1,8.0,0.8440232741481815,0.7423109505149049,0.25061108755585554
Cn1nc2c(c1-c1ccc(Sc3ccc(C(=O)Nc4nccn(C)c4=O)cc3)cc1)CCCC2,8.9,0.4646800576151685,0.809566988335346,0.16740438747843814
Cc1cc(=O)n(-c2ccc(PCNC(=O)c3ccccc3Cl)cc2)cn1,9.5,0.6867909404925177,0.7496059455892279,0.24454072187575418
CNC(=O)N1CCC[C@H](c2ccc(C(=O)Nc3nccn(C)c3=O)c(C(=O)NCC#N)c2)C1,9.4,0.5727268330975752,0.7512458785659882,0.20222157626709086
Cc1c(Br)ccc(C(=O)CNc2cccc(F)c2)c1-c1ccc(F)c(O)c1,9.0,0.5086856565424809,0.8375025854368009,0.19171149863802492
CCC(=O)Nc1nc(S(=O)(=O)c2cccc(Nc3ccc(C)c(C(N)=O)c3)c2)cs1,10.8,0.5112368556480738,0.8319405744697244,0.2296720890240952
Cc1cccc(C)c1C(=O)c1ccc(Cl)c(C(=O)NCNc2ccc(C(F)(F)F)cn2)c1,10.6,0.38060490891532417,0.8290785515441966,0.16724222429488778
Cc1cc(C(=O)c2c(C)nn(Nc3ccc(C(F)(F)F)cn3)c2C(C)C)ccc1O,10.8,0.5793333207936502,0.7833000362484631,0.24504757803590874
CCCCC(C[C@@H](NC(=O)N1C(=N)SCC1=O)C(F)(F)F)N1CCNCCS1(=O)=O,8.4,0.5126701174396133,0.6066599191880783,0.13062689304674455
Cc1ccc(Nc2ccc(Oc3cccc(F)c3C(N)=O)cc2)cc1C(N)=O,10.2,0.6041342004884628,0.876841173538468,0.2701621680788242
Cc1ncc(CNC(=O)c2ccc(Oc3ccc(N4CCc5cc(F)ccc54)cc3)cc2)s1,8.9,0.38383687811101885,0.8521218282890979,0.14554872314162975
C[C@H](NC(=O)N1CCc2c(ccn2C)C1)Oc1ccc(-c2ccc(N3C(=O)CCCc4sccc43)cc2)cc1,10.9,0.30454704357550216,0.7257975714293612,0.12046653001413478
O=C(CNc1cc(F)cc2c1C(=O)NC2)c1cccc(C(=O)C2Cc3ccccc3C2)c1,11.2,0.5830527600856303,0.8099341839552638,0.2644512424079788
O=C1C[C@@H](NCC(=O)NC2Cc3ccccc3C2)N(N2C(=O)Cc3ccccc32)CCN1,10.8,0.6391028100544892,0.7165556328188408,0.24729446798724275
CC(C)[C@H](O)N(C)C(=O)[C@H](C)c1cc(O)nc(N2C(=O)CCCc3sccc32)n1,9.0,0.7233278676739091,0.6478168453301244,0.21086278981914489
CS(=O)(=O)N(CNc1ccc(C(F)(F)F)cn1)CC(=O)NCNC(=O)CNC(=O)COC(F)(F)F,8.2,0.20629651830677762,0.756649416238186,0.06399859746100535
Cc1cc(C(=O)NC(=O)C(=O)C2Cc3ccccc3C2)nc(=O)[nH]1,10.3,0.7899560409832638,0.8010297777426578,0.3258808306466762
CCNc1cc(C2=NC(C3CC(=O)N(c4csc(NC(=O)CC)n4)C(Cl)=C3OC)CC2)nc(C)n1,8.9,0.505692656877981,0.6309234424106848,0.14197874158627116
COc1ccc(S(=O)(=O)NC(=O)N2CCOCC2)cc1Oc1cccc(F)c1C(N)=O,9.7,0.6753513305704297,0.8404034048273223,0.275270265468035
O=C(NC[C@@H]1[NH+]=NC2=C1CNCC2)Oc1ccccc1,8.0,0.7217369249696076,0.6691892118701461,0.1931914255991978
COc1cc(C(=O)c2c(C)cccc2C)c(=O)sc1NC(=O)C(=O)N1CC[C@H](O)C1,9.2,0.5614544784450339,0.7469488646551024,0.1929137812058187
CNC(=O)N(C)CC(=O)NCNC(=O)c1ccccc1Cl,7.5,0.6880332405857561,0.8589964128444687,0.22163178209284493
CCc1nc(N)sc1C(=O)c1ccc(C2=Cc3ccccc3OC=C2)cc1,10.3,0.6552567267549845,0.7940169049634282,0.2679467328392467
CCOC(=O)C1(NC2=CC=CC2S(=O)(=O)N2CCCC2)CCCC1,7.1,0.7349501176140801,0.7035970445676357,0.18357359938355558
CC=CNCC(=O)[C@H](NC(=O)NC(=O)NNC(C)=O)C1CCC1,7.4,0.43590061774403327,0.7066494441442084,0.11397070381544712
C[C@H](NC=CNC(=O)NC(=O)c1ccc2c(c1)CNC2=O)C(C)(C)CN(C)C(=O)NC=O,0.0,0.3717157643418352,0.6604107767109146,0.0
CCC(=O)Nc1nc(-c2ccc(F)c(C(=O)c3sc(N)nc3CC)c2)cs1,8.7,0.6021188981315425,0.8193700726162881,0.2146108192992714
Cc1cc(C(=O)NC(=O)CN(C)S(C)(=O)=O)nc(=O)[nH]1,7.3,0.6765634373265207,0.8120916703345478,0.20054250914560873
CC(C)(C)C(=O)NNC(=O)NC(=O)N/C=C(\[O-])Nc1ccc(C(F)(F)F)cn1,7.9,0.3718073670141603,0.7375873806923675,0.1083249666734496
CCC(=O)Nc1nc(-c2ccc(C(=O)c3sc(N)nc3CC)cc2-c2ccccc2)cs1,10.4,0.34550850472870887,0.8258679871086321,0.14837909493119028
Cc1cccc(NC(=O)CC[NH+]=C(O)CCC(=O)N2CCN(N3CC[C@@H]3c3ccccc3)CC2)c1,9.4,0.37673953668937255,0.7043132862351269,0.12471105073598383
CC(=O)c1cc(-c2cc(O)nc(C3=NO[C@H](C)C3)n2)on1,8.3,0.8527027704734268,0.6966720103916236,0.24653247364947525
CCc1cc(=O)[nH]c(NOc2cc(N3C(=N)SCC3=O)cc([N+](=O)[O-])c2)n1,9.4,0.4967943058915062,0.7218392008214164,0.1685446342265569
CCCN(C(=O)c1ccccc1)C(=O)[C@@H](C)c1ccc(C(=O)NCc2cnc(C)s2)nc1N(C)C,8.3,0.4836881464750117,0.7381952061321129,0.14817835246117406
O=C(NCn1c(=O)[nH]c2cc(-c3ccc(-c4ccccc4)cc3)ccc12)N1CCCC1,10.2,0.5207039472867818,0.8547161001820572,0.22697756405892444
CC(=NC(=O)C1Cc2ccccc2C1)Nc1ccc(C)c(C(N)=O)c1,10.0,0.6679859840669108,0.823483318080495,0.2750376572953422
Cc1c(F)cc(C(=O)C2CN(C(=O)c3cccs3)C2)cc1N1CCc2cc(F)ccc21,10.3,0.5394789235769059,0.8134527273038302,0.22600290987888286
Cc1noc(C)c1CNC(=O)c1ccc(-c2cc(Br)cc(-c3ccc4c(c3)NC(=O)CC4)c2)cc1,10.1,0.32183434662035965,0.8280794972969123,0.13458473410094515
Cc1cc(=O)c(O)c(CNCC(=O)N2CCCCC2)n1C,8.3,0.8476406961754399,0.82996081788891,0.2919560546715827
CCN1C(=O)N[C@H]([C@@H](CC=O)C(N)=O)C(C2CN(C(=O)c3cccs3)C2)=C1C,0.0,0.6649133042080637,0.6706794275097605,0.0
CC1CCN(C(=O)NCN2C(=O)Cc3ccccc32)CC1,8.6,0.9039392806794373,0.846443956704118,0.3290075947841882
O=C(NCN1CCc2ccccc2C1)c1ccccc1Cl,8.8,0.9445699041554678,0.8916602786881447,0.3705836041510674
Cc1cccc(NC(=O)C(=O)c2c(Cl)ccc(Cl)c2C2=Cc3ccccc3OC=C2)c1,10.6,0.3614227540811769,0.8004409637799978,0.15332771613264196
O=C1CCCc2sccc2N1C(=O)c1ccc(Nc2ccc(C(F)(F)F)cn2)cc1,10.9,0.5631394665310898,0.8224470783131523,0.25241806286757057
C[C@@H](COCC(=O)N1CCCCC1)C(=O)Nc1ccc(S(N)(=O)=O)cc1,8.5,0.7261540179103452,0.8190040744873569,0.2527573172339236
C[C@@H](NC(=O)C(=O)c1ccc2c(c1)CNC2=O)NC(=O)N1CCOCC1,10.0,0.3843236043850685,0.7503478047297172,0.14418818642807424
CCNC(=O)N(C)CC(=O)N1CCc2ccccc2C1,8.2,0.9018750062284822,0.8754189104021725,0.323702558461311
Cn1cc(Nc2ccc(C(F)(F)F)cn2)cc(C(=O)NCCOc2ccccc2[N+](=O)[O-])c1=O,9.3,0.28951693642671106,0.8243352705090994,0.11097644527941955
CCC(=O)Nc1nc([C@@H](C)NC(=O)N(C)[C@H](C)C(OC)C(=O)NCCCOC)cs1,7.7,0.423223783304582,0.6927415190641041,0.11287610432193224
CCc1cc(=O)[nH]c(Nc2ccc(CCC(=O)Nc3ccc(C)c(C(N)=O)c3)cc2[N+](=O)[O-])n1,9.8,0.27808123561157877,0.8132493457955151,0.11081319764017124
Cc1ccc(Nc2ccc(C(=O)Nc3ccccn3)c(C=O)c2)cc1C(N)=O,9.6,0.5728941318995288,0.8553714434308607,0.2352178946572655
NC(=O)c1ccc(C(=O)N2C(=O)c3cccc(N4C(=O)Cc5ccccc54)cc([N+](=O)[O-])cc(c3)C2=O)cc1,10.7,0.3116420890692438,0.6832872536773852,0.11392347093616755
Cc1ccc(C(=O)[C@H](C)NC(=O)N(C)CC=O)c(F)c1F,7.9,0.6641935213768705,0.7499068711241115,0.19674289774747067
Cc1noc(C)c1CNC(=O)[C@@H](N)C(=O)N1CCCC1,7.3,0.7472926339926976,0.7781230319483731,0.21224224769200556
O=C1Cc2ccccc2N1Cc1cccc(OC(F)(F)C(F)(F)OC2=Cc3ccccc3OC=C2)c1,10.2,0.3594969491526985,0.7570803444053307,0.1388057177793672
C[C@H](C(=O)C(C)(C)NC(=O)C1Cc2ccccc2C1)c1ccc(N)c(O)c1,9.8,0.5602479097769385,0.7602258570671518,0.20869832421632423
Cc1ncc(CNC(=O)N/C([O-])=C/N2C[C@H](C(=O)NCC(F)(F)F)OC(C)(C)C2)s1,7.9,0.5455793653934301,0.6533041584729978,0.14078956093449188
CC1CCN(C(=O)NCN2CC(=O)N(COC(=O)Cc3ccccc3)[C@@H](C)C2)CC1,9.2,0.713568533463228,0.7600614681205035,0.2494837356883816
COc1ccc(CCC(C)c2ccc3c(c2)NC(=O)CC3)cc1CNC(=O)c1ccccc1O,11.0,0.44563286081826103,0.7894727702903571,0.19349825503943532
CC(C)OC(=O)c1ccc(C(=O)N[C@H](CC(=O)c2ccc(C(N)=O)cc2)C(F)(F)F)c(C(=O)NC=O)c1,9.8,0.24518912877622212,0.7468712492446892,0.08973110834605386
Cc1cc(C(=O)c2ccc(N3C(=O)CCCc4sccc43)cc2)nc(=O)[nH]1,9.7,0.7074309609818192,0.8082603743145901,0.27731738046257426
O=C1CCc2ccc(N3CCc4ccccc4C3)cc2N1,9.6,0.8688846553261713,0.8684616820970046,0.36220465407016456
Cc1ccc(C[C@H](C)CS(=O)(=O)[C@H](NC(=O)NC(=O)C(=O)N2CC[C@H](O)C2)C2CCC2)cc1,9.9,0.5024048694566525,0.6771863809053087,0.16840975897179453
Cc1c(Nc2ccc(N3CCc4[nH]c(=O)ccc4C3)cc2)cccc1Oc1cccc(F)c1C(N)=O,10.0,0.3568554255400475,0.8108377753239265,0.14467592967858262
C/C(=C\C(=O)NC(=O)c1ccc(C(N)=O)cc1)C(=O)NC(=O)C1(C)CCOCC1,10.8,0.610953354862269,0.789414078286022,0.2604393969323495
CCc1cc(=O)[nH]c(Nc2ccc(C(=O)NCc3cnc(C)s3)cc2C=O)n1,8.8,0.5277126809637065,0.7893404794581246,0.18327979146753076
Cc1noc(C)c1CNC(=O)c1nc(O)cc([C@@H]2CCCOCC2)n1,9.0,0.8708281794885987,0.7427309708138186,0.2910559766236187
CC(=O)NC1(C(=O)N[C@@H](C(=O)[O-])[C@H](C)O)CCN(C(=O)NCc2c(C)noc2C)CC1,0.0,0.38081273752027367,0.6865469827269938,0.0
Cc1cccc2nnc(-c3ccc(OC(=O)NCCC(=O)NC4CCCC4)cc3)n12,9.6,0.6537403081292359,0.8432033273379612,0.26459328145416755
C1=CC(c2cccc3c2CCNC3)=Cc2ccccc2O1,10.2,0.8548956842148622,0.7924676807578419,0.3455133720814165
CCN(C)C(=O)[C@@H](C)N(C)C(=O)N[C@H](C)N1C(=O)CCCc2sccc21,8.1,0.8516364869370844,0.6899041005667026,0.23795673933469677
CCc1nc(N)sc1C(=O)N=COc1cccc(F)c1C(N)=O,8.7,0.636543045064268,0.7580005868856914,0.20988750075547327
CS(=O)(=O)N(CC(=O)NN1CCNC(=O)C1)CC1CN(C(=O)c2cccs2)C1,8.5,0.54713155349764,0.7755562712612581,0.18034080569600394
Cc1noc(C)c1CNC(=O)c1ccc(CN(C)c2ccc(N3CCc4cc(F)ccc43)cc2)cc1,10.7,0.3651279385597558,0.8351916214777726,0.16314921035311902
Cc1cc(C(=O)c2cc(N3CC[C@@H]3c3ccccc3)cc(Br)c2C(C)(C)C)ccc1O,10.5,0.4130714251405342,0.7648794698951178,0.16587367266241412
CCN1C(=O)N[C@H](c2ccc3c(c2)CNC3=O)C(c2ccc(OC)cc2Cl)=C1C,9.8,0.7949027827000952,0.756733280991882,0.29474940150288786
Cc1cccc2nnc(-c3ccc([C@H](C)NC(=O)N4CCOCC4)cc3)n12,10.6,0.7746979439904629,0.7995339864983583,0.32828058781011166
CS/C(=C/C(=O)N(C)c1ccc(Cl)cc1C)N=C([O-])[C@H](C)NC1(C(=O)NCc2c(C)noc2C)CCCCC1,9.1,0.24782007295696498,0.6531424815023334,0.07364712692482664
O=C1CCc2ccc(-c3ccc(OCc4cc(C(=O)Nc5ccccn5)no4)cc3)cc2N1,11.1,0.4587426254200863,0.8384791472158754,0.21347859957136214
NC(=O)c1c(F)cccc1ONC(=O)Cc1ccc(N2CCc3[nH]c(=O)ccc3C2)cc1,10.7,0.5098495971320346,0.7986323150883448,0.2178425647958629
CC(=O)N1CCC(C[C@@H]2CC(=O)N[C@](C)(C3=NO[C@H](C)C3)O2)CC1,8.8,0.8445137358816964,0.6192830052536258,0.23011692190730487
N=C1SCC(=O)N1N1C=C(CNC(=O)c2ccccc2O)CC1,8.9,0.7680953143525225,0.7485963302875884,0.25587203346774856
Cc1cccc(C)c1C(=O)C(=O)c1cc(Cl)c(F)c(N2C(=O)Cc3ccccc32)c1,10.5,0.41936600213879116,0.8180332528756556,0.18010405080940362
Cc1ccc(C(=O)CC(C)(C)CC(=O)C=O)c(F)c1F,7.6,0.45758804380501517,0.7910913744765595,0.13755770271674483
Cc1cccc(NC(=O)[C@](C)(O)CC(=O)N(CC(=O)C2Cc3ccccc3C2)C(C)C)c1,9.9,0.6648365765113606,0.7595043564070808,0.24994840669877819
Cc1ccc(Nc2cc(C)c(CNC(=O)c3ccccc3Cl)s2)cc1C(N)=O,10.6,0.5427138379702382,0.8470699703826495,0.24364979516752297
Cc1cc(=O)n(-c2cc(C(=O)C3Cc4ccccc4C3)c(F)cc2OC(F)F)cn1,10.4,0.5948480860481836,0.7980285262769531,0.24684698556320303
CCOS(=O)(=O)N[C@H](NC(=O)N/C=C(\[O-])c1ccc2c(c1)NC(=O)CC2)NC(=O)N[C@H](N)S,9.2,0.10868482469998948,0.5864931950843634,0.02932173864392115
CC1=NN(C(=O)NCc2cnc(C)s2)C(=O)/C1=N\NS(=O)(=O)N[SH](=O)=O,7.9,0.30715036774158033,0.6798737441499473,0.08248527086073307
Cc1cc(CCC(=O)NC2CCCC2)cc(S(C)(=O)=O)c1CNC(=O)N1CCC(C)CC1,9.0,0.6483263666035308,0.8252981142848268,0.24077813750956228
CCN1C(=O)N[C@H](c2ccc3c(c2)CNC3=O)C(N2CCOCC2)=C1C,9.6,0.8624112299688573,0.7328801659634484,0.3033811609671926
CC(C)[C@@H](C/N=C/c1ccc(OCNC(=O)Oc2ccccc2)cc1)C(=O)NC(=O)CNc1cccc(F)c1,8.5,0.23427162777123578,0.7440427943241416,0.07408094953705455
CCOCCC(COc1ccco1)C(=O)C(C)(C)c1ccc(F)c(O)c1,7.5,0.6431500735425163,0.7140006556839381,0.17220359032969862
Cc1ccc(C(=O)C(=O)c2cc(C)[nH]c(=O)n2)c(C(=O)C2Cc3ccccc3C2)c1,10.5,0.524435760884902,0.7974444603428873,0.2195594059697704
Cc1cc(=O)c(O)c(Cc2ccc(N3CCc4[nH]c(=O)ccc4C3)cc2)n1C,9.9,0.7338272951866323,0.7974251922137233,0.28966032409835907
C[C@@H]1CC(c2ccc(NC(=O)NC(=O)NC(=O)N3CCc4cc(F)ccc43)c(F)c2)=NO1,9.5,0.6596074959759082,0.7416411745888989,0.23236623708952708
CCNc1cc(-c2c([O-])cccc2Nc2ccc(C(F)(F)F)cn2)nc(C)n1,9.8,0.6840525758852359,0.7805017258067125,0.26161306585026745
NC(=O)c1c(F)cccc1ON/C([O-])=C/C1=CC=CC=CC[NH2+]C1,8.6,0.5055055306946383,0.589123967644559,0.1280563322809103
O=C(NCN1CCc2ccccc2C1)Oc1ccccc1,8.2,0.940900985651622,0.883269374404697,0.34073830023904106
Cc1cc(=O)c(O)c(Cc2ccc(CNC(=O)N3CCC(C)CC3)cc2[N+](=O)[O-])n1C,8.8,0.5608478252060272,0.8040801616409604,0.19842530837696312
CCc1cc(=O)[nH]c(Nc2nc(O)cc(-c3ccc(-c4ccccc4)cc3)n2)n1,9.3,0.48123432256803633,0.8262691601240151,0.18489752198198045
O=CS(=O)(=O)NC(=O)CONc1ccc(C(F)(F)F)cn1,7.5,0.5615029450902497,0.7610640482792096,0.16025238919165657
CN(CC(C)(C)c1ccc2c(c1)CNC2=O)C(=O)NOC(=O)C=C(N)N,9.4,0.44175615852048306,0.7235491287653318,0.15022717330338123
CC(C)(NC(C)(C)c1ccc(O)c(C#N)c1)C(=O)c1ccc(F)c(O)c1,8.9,0.7119589157085445,0.7801799266630864,0.24717794431685713
CC1CCN(C(=O)N[C@@H](C(=O)N2CCCC2)N2C(=O)CCCc3sccc32)CC1,9.5,0.8203925140337164,0.7434781934050674,0.2897233735029937
Cc1noc(C)c1CNC(=O)S(=O)(=O)N1CC[NH+](c2cccc(C(=O)C3Cc4ccccc4C3)c2)CC1,11.0,0.4777827960278306,0.6850398022461631,0.1800151276591382
CCC(=O)Nc1nc(N[C@H](CNC(=O)C#N)C(=O)N2CCCCC2)cs1,8.6,0.6056821481968586,0.7399322093661768,0.19271040393825006
CN1C(=O)C(CNC(=O)N2CCCC2)C(=O)N(C(=O)C2Cc3ccccc3C2)c2ccccc21,11.7,0.5625510343622517,0.7509306608534023,0.24712553969848527
Cn1nc2c(c1C(=O)N(C1CC1)N1C(=O)Cc3ccccc31)CCCC2,8.7,0.8540839817664357,0.7661673170635203,0.28465148629275955
CC(C)[C@@H](C)NC(=O)N[C@@]1(CN2CCN(CNC(=O)Oc3ccccc3)CC2=O)CCN(C#N)C1,8.7,0.47099621808196834,0.6654859227874509,0.13634698847656
O=C(NC[C@@H]1[NH+]=NC2=C1CNCC2)c1ccccc1O,8.8,0.5862087091483266,0.6671892388449248,0.17208934268281267
Cc1noc(C)c1CNC(=O)c1cccc(NC(=O)CNC(=O)Oc2ccccc2)c1,8.2,0.5380401314967546,0.8705533763674106,0.19204098776922274
Cc1cccc(C)c1C(=O)NC[C@H](C)NC(=O)[C@H](NC(=O)C[SH](=O)=O)C(=O)[O-],7.9,0.2549857291693891,0.6545258986772845,0.06592343159611845
Cc1ccc(N[NH+]2CCN(N3CCc4[nH]c(=O)ccc4C3)CC2)cc1C(N)=O,11.1,0.558789531703161,0.6802398027297895,0.21096153885134244
C[C@@H]1[C@H](C(=O)CC(C)(C)CN2C(=N)SCC2=O)C(=O)N(C)C(=O)[C@H]2CC=C[C@H]1c1ccc(C#N)cc12,9.8,0.37085944465772813,0.45972001999112755,0.08354084054285514
CCNc1cc(-c2ccccc2C(=O)Nc2cccc(C)c2)nc(C)n1,9.6,0.7163701777737078,0.8799072339034372,0.30256286475637284
O=C(NCc1ccc(Nc2ccc(C(F)(F)F)cn2)cc1)c1ccccc1Cl,9.9,0.5949730246255746,0.8900641406071021,0.26213425615464625
Cc1cccc2nnc(-c3ccc(CC(=O)C4Cc5ccccc5C4)cc3)n12,11.4,0.5422109514627524,0.8403403749624351,0.25971579992874044
Cc1cc(=O)n(-c2nc([SH](C)c3c4c(nn3C)CCCC4)cs2)cn1,9.9,0.7149772670830251,0.636356756295942,0.22521540418061417
CCc1nc(N)sc1C(=O)c1cc(C)cnc1[C@H](C)NC(=O)N1CCOCC1,8.8,0.7415228181274149,0.7368448428446012,0.24041039633106362
Cc1c(C(=O)N2C(=O)Cc3ccccc32)c2cc(F)ccc2n1CNC(=O)N1CCCC1,10.2,0.6406203471340112,0.8018894579454877,0.2619904184851926
Cn1ccc2c1CCN(C1=Cc3ccccc3OC=C1)C2,9.4,0.7958220847279832,0.7505802925188408,0.2807443353795992
CC1CCN(C(=O)NCc2cccc(N3C(=O)CCCc4sccc43)c2)CC1,9.8,0.8167724814742096,0.8370175852559054,0.33498993577203817
O=CNC(=O)CNC(=O)[C@@H]1OCCN(CCC(=O)NC2CCCC2)C1=O,8.0,0.33681668301505074,0.7407419037813505,0.09979769240075535
CCc1cc(=O)[nH]c(N[C@H](NCCCCCCCNC(C)=O)C(=O)N2CCCCC2)n1,8.4,0.2774351229036587,0.7338849504610637,0.08551429379989049
O=C1NCc2cc(-c3nc(-c4ccc(OC(F)(F)F)cc4)cc(C(F)F)n3)ccc21,11.0,0.6096346677000432,0.8127761453245722,0.2725230833982072
Cc1cc(=O)n(-c2cc(N3C(=O)CCCc4sccc43)ccc2[O-])cn1,9.5,0.6984979124438798,0.7550438243400275,0.2505133541749475
COc1cc(C)c(OC)c(-c2cc(NC(=O)N3CCOCC3)cn(C)c2=O)c1,9.2,0.8701488507782642,0.8347119822169691,0.3341088891461935
NC(=O)c1ccc(=O)n(CNC(=O)NS(=O)(=O)C(=O)C(=O)NC(=O)O)n1,8.9,0.3158000019696248,0.7488476032320417,0.10523630318615428
O=C(COc1ccc(F)c(O)c1)NS(=O)(=O)c1cc(F)cc(Cl)c1,8.5,0.8329937893243936,0.8532789060655404,0.3020798124584958
CC1C(=O)N(C)C(=O)/C1=N/[C@@H](C)NCC(=O)C(=O)c1ccc(C(N)=O)cc1,9.4,0.3774338043823413,0.6788346573602718,0.12042111921881316
C[C@@H](CCC(=O)NC1CCCC1)NC(=O)N(C)CC(=O)N=C1CCC(=O)N1,8.2,0.6026147006914636,0.7202243296936245,0.17794728523630374
CCNc1cc(-c2cc(CNC(=O)c3ccccc3O)cc(S(C)(=O)=O)c2)nc(C)n1,10.2,0.5163590309986168,0.838652957600131,0.22085347455056917
O=C1CCCc2sccc2N1c1cccc(-c2ccc(N3CCc4[nH]c(=O)ccc4C3)cc2)c1,10.1,0.42255340754043896,0.8038603572521436,0.17153533623750178
NC(=O)Nc1ccn(N[C@@H](C(=O)N2CCCCC2)N2C(=O)Cc3ccccc32)n1,10.1,0.6894867751516354,0.7154895001705912,0.2491268768043756
CCNC(=O)N(C)[C@H](C)CNC(=O)N1CCC(C)CC1,7.1,0.8209955423277872,0.794731521976863,0.23162721809608575
CC1CCN(C(=O)NCCC(=O)N2C(=O)Cc3ccccc32)CC1,9.6,0.9211055851846086,0.849125641185624,0.37542449789737925
CNC(=O)c1cc([C@@H](NCNC(=O)CNC(C)=O)C(=O)N2CCCC2)ccc1C,9.6,0.4489997906199258,0.7730007999852343,0.16659705472435454
Cc1cc(=O)c(O)c(CN2CCc3ccccc3C2)n1C,9.1,0.9166662823803886,0.840393443883605,0.3505139519434443
CC[S+]([O-])C(C)CN=C(C)NC(=O)CS(=O)(=O)NC(=O)NN1C(=O)Cc2ccccc21,8.8,0.27058797255607925,0.6035747068101397,0.0718608247288297
Cc1ccc(Nc2ccc(CC(=O)Nc3cccc(NC(=O)c4ccc(F)cc4Cl)c3)cc2)cc1C(N)=O,10.5,0.22146746430305875,0.8643585645866625,0.10049933226251088
O=CCC(CCC(=O)NC1CCCC1)c1ccccc1,7.6,0.7754226465740313,0.8186977269085853,0.24123796809456755
COC(=O)CN1C(=O)CS[C@H]1NC(=O)NS(=O)(=O)Nc1ccc(C)c(C(N)=O)c1,9.6,0.38939330543617007,0.7269938917012105,0.1358815461702909
Cc1cc(-c2nc(O)cc(C3=Cc4ccccc4OC=C3)n2)ccc1Cl,10.9,0.6753655098839979,0.7867077661279692,0.28956683392239074
Cn1nc2c(c1-c1ccc(N3CCc4cc(F)ccc43)cc1)CCCC2,10.9,0.6639000346289824,0.8368159766542852,0.3027813749539818
Cc1ccc(Nc2c(C)cc(C(=O)Nc3nccn(C)c3=O)cc2[N+](=O)[O-])cc1C(N)=O,9.9,0.3944857761971038,0.8248263551773451,0.1610642211502317
CCN(C=O)CCN(/C(C)=C/C(=O)NNc1ccc(C)c(C(N)=O)c1)c1cccc(C(=O)OC)c1,9.3,0.1831167255472061,0.7606827857584508,0.0647715895223197
CCNc1cc([C@@H]2OCCN(c3ccc(OC(F)(F)F)cc3OCCOCCO)C2=O)nc(C)n1,7.5,0.4494344037947334,0.7199228825793766,0.121334291816343
CCc1cc(=O)[nH]c(NOc2cc3c(cc2O)CCOC32CC(C(=O)C3Cc4ccccc4C3)C2)n1,11.6,0.45538187298317556,0.6600365960059428,0.17432984676944294
CCCCNC(=O)CC(=O)N(C=O)CCN(CC(=O)Nc1ccnc2c1OCO2)S(C)(=O)=O,8.2,0.20878889234116452,0.7465447396725859,0.06390680220453851
C[C@H](NC(=O)N(C)CC(=O)N1C(=O)CCCc2sccc21)SNCC(=O)[O-],8.1,0.4734851662582955,0.6513543393956343,0.12490468016113067
C[NH+](C)c1cccc(-n2c(=O)[nH]c3cc(N4C(=O)CCCc5sccc54)ccc23)c1,9.2,0.5358987844981608,0.730021191751014,0.17996003588594287
O=C1CCc2ccc(-c3ccccc3N3CCc4[nH]c(=O)ccc4C3)cc2N1,11.8,0.7247435148706526,0.819324427495268,0.3503420385873604
C[C@H]1CN(NC(=O)C(=O)N2CC[C@H](O)C2)CC(=O)N1C(=O)NNC=O,8.6,0.23271953490903438,0.6380281412070113,0.0638470932806457
CC1=NN(C(=O)NNC(=S)Nc2ccccc2)C(=O)/C1=N\NNc1ccc(C(F)(F)F)cn1,10.4,0.3328475692833745,0.7620406270627877,0.13189455261477426
O=C(Nc1ccccc1)N(CCCc1ccc(Cl)cc1)C(=O)c1ccccc1,10.1,0.5890716022712584,0.8943484494534365,0.2660518134247175
CCC(=O)Nc1nc([C@@H]2CC[C@@H](C)[C@H]3C(C(=O)NC(=O)C(=O)Nc4nccn(C)c4=O)[C@H]23)cs1,11.2,0.5377549280681659,0.6196260765057237,0.18659590667227735
C=c1c(-c2ccc(F)c(O)c2)c(OC2=NO[C@H](C)C2)oc(=O)/c1=C1\C(=O)C=CC=C1C,11.6,0.7960986259119679,0.6378703464604132,0.29452846966973295
CNC(=O)N1CCC[C@H](c2cccc(OC(=O)c3c(C)cc(C(=O)Nc4ccccn4)c(C)c3C)c2)C1,10.6,0.37944204673419923,0.7667846958408282,0.15420368782898128
COc1c(C)cccc1N1CCNC(=O)C[C@H]1N1CCc2cc(F)ccc21,8.8,0.9037338707407268,0.7566343809756757,0.3008702918560509
O=C1NCc2cc(NCC(=O)N3CCCCC3)ccc21,8.8,0.8737335281261491,0.8601662673555638,0.33068468732273804
CC(C)C[C@H](C)N(C(=O)C1CCOCC1)S(=O)(=O)[C@H](C)NC(=O)N(C)CC(=O)C1=Cc2ccccc2OC=C1,10.3,0.46354368530056966,0.633804358254371,0.15130494411216874
Cc1cc(=O)n(CN(C)[C@H](C)C(=O)Oc2cc3c(cc2[C@H](C)NC(=O)N2CCOCC2)c(=O)[nH]c(=O)n3C)cn1,10.8,0.3038146560252141,0.6716421203620243,0.11018954867571029
O=C(Nn1c(=O)[nH]c2ccccc12)C(=O)N1CC[C@H](O)C1,8.2,0.5849926361266389,0.7648519321647657,0.18344742669788397
O=CN[C@H](CC1CN(C(=O)c2cccs2)C1)C(F)(F)F,7.1,0.8446237593981957,0.737083658729,0.22100822164346592
CC(C)(NC(=O)C(=O)N1CC[C@H](O)C1)C(=O)C1=CC=C(F)C(Cl)=CC2=CC=CC=CCC(=O)N12,11.2,0.5906500134228729,0.5727827804225315,0.18945592788917684
Cc1cc(C(=O)c2ccc(OC3=Cc4ccccc4OC=C3)cc2)ccc1O,11.0,0.6368213005135881,0.8211231882948419,0.2875998051584818
Fc1ccc2c(c1)CCN2c1ccc(C2=Cc3ccccc3OC=C2)cc1C(F)(F)F,10.0,0.4122400272772044,0.7946047455038919,0.16378394098056023
O=C1C(=O)N(C2CN(C(=O)c3cccs3)C2)c2cnc(N3C(=O)Cc4ccccc43)nc21,10.3,0.5698837332279584,0.7741452483089702,0.22720398384600543
C[C@@H]1CC(c2ccc(-c3ccc4c(c3)CNC4=O)cc2)=NO1,10.3,0.9243005078491632,0.7798119940993204,0.37120202041902833
CC(=O)NC(=O)C(=O)N(C)C(=O)CC(=O)C[S@@+]([O-])CCNC(=O)N1CCCC1,8.2,0.2801269598151754,0.6624244957045617,0.07608081363641603
N[C@H](C(=O)N1CCCCC1)N1CC[C@@H]1c1ccccc1,7.1,0.9122058207325662,0.7693974801573134,0.24915634524904695
CCc1ccc(C[C@@H](NC(=O)N2C(=O)CCCc3sccc32)C(F)(F)F)cc1,10.3,0.7824048068297805,0.754508748170045,0.3040206047521322
O=CN(CC([O-])=NCCCN1CCN(C(=O)Nc2ccccn2)C(=O)C1)C(=O)c1ccccc1,9.5,0.24166285172938506,0.7538680273552362,0.08653640122617941
NC(=O)c1c(F)cccc1On1c(=O)[nH]c2ccccc12,7.8,0.7627658925348884,0.8296247346267602,0.2467956859588743
Cn1ccnc(NC(=O)c2ccc(-c3ccc(F)c(O)c3)ccccn2C=O)c1=O,10.8,0.6454965966677074,0.7571823364678426,0.2639296554733235
COc1ccc(C(=O)NCc2c(C)noc2C)c(C=C[C@@H](C)CNc2ccc(C)c(C(N)=O)c2)c1,9.8,0.3990129506031519,0.7506924305571722,0.1467726408389138
O=C1CCCc2sccc2N1c1ccc(N2CC[C@@H]2c2ccccc2)cc1,10.1,0.5869338120097493,0.7929636117449065,0.23503566349036065
CCNC(=O)N(C)CC(=O)C(=O)Nc1cccc(C)c1,7.4,0.7927980299865408,0.8596660512243132,0.25217037418706933
O=c1ccc2c([nH]1)CCN(N1CCC3=C(C[NH+]=N3)C1)C2,8.4,0.7000433410215525,0.6243862646580859,0.1835809276556698
CNC(=O)N1CCC[C@H](c2ccc3[nH]nc(N4C(=N)SCC4=O)c3c2)C1,9.5,0.7505330954467573,0.7244163405996229,0.2582567582886625
O=CNN=C1CCC(c2ccc3c(c2)CNC3=O)CC1,9.2,0.648456035734108,0.7660323151009218,0.22849960801549982
O=C(Nc1ccc(N2C(=O)CCCc3sccc32)cc1)N1CCOCC1,9.1,0.8771233022488565,0.8485837904194672,0.3386622405018464
CC[C@H](C)N(CC)C(=O)[C@@H](NC=O)C(C)(C)CN(C)C(=O)NC(=O)c1ccc(C)c(F)c1F,8.8,0.5160874566887774,0.6729779575570328,0.15281881231021555
CCNC(=O)CCN(/C=C(\[O-])NC(=O)c1ccc(O)c(C)c1)C(C)=O,8.4,0.5971919529684561,0.7708331130616334,0.19334083952485326
Cc1[nH]c(=O)c(Cn2nc(C(N)=O)ccc2=O)cc1C1=CC=CC=CC(=O)C(c2ccccc2)C1=O,10.7,0.5308075960244792,0.6644473259744815,0.1886911229651933
CS(=O)(=O)N(CCNC(=O)NNC=O)CC(=O)NN1CCc2[nH]c(=O)ccc2C1,8.8,0.2052389465875039,0.74250291470277,0.06705182706276903
O=C1CCc2ccc(-c3ccc(NC(=O)C(=O)N4CC[C@H](O)C4)cc3)cc2N1,9.8,0.6927773559811807,0.799542688012254,0.2714134840036556
CC1CCN(C(=O)NCN2CCc3c(cc(C(=O)[C@@H](C)NC(=O)c4ccccc4)n3C)C2)CC1,10.3,0.6426308642276977,0.7462987681756335,0.24699123051785835
O=C(c1cccs1)N1CC(N2CCc3ccccc3C2)C1,8.5,0.8507443369506918,0.8678522080702381,0.3137861493135111
O=C1C[C@@H](CN2CCCC2)N(N2C(=O)CCCc3sccc32)CCN1,8.4,0.8877896798787371,0.7135705142917569,0.2660702261506736
Cc1ccc(C(=O)c2c(O)c([C@H](C)NC(=O)N3CCOCC3)c(O)c(O)c2F)c(F)c1F,10.5,0.320540451549294,0.7268955216371994,0.12232469483574243
CNC(=O)c1cc(-c2ccc(PN3CCc4[nH]c(=O)ccc4C3)cc2)ccc1C,10.9,0.6562329850864561,0.7169897782058087,0.2564292266235183
CNC(=O)N1CCC[C@H](C(=O)c2cccc(-c3ccc(F)c(O)c3)c2-c2ccc(Cl)cc2)C1,11.0,0.48062608880726065,0.7847688781704044,0.20744921809298672
CC(=O)N1CCC(CC(=O)N2CCCN2CNC(=O)N2CCC(C)CC2)CC1,8.8,0.785042600993143,0.7885899439177155,0.2723937483036881
Cc1[nH]c(=O)c(CNC(=O)N2CCCC2)cc1NCc1cccc([N+](=O)[O-])c1,10.0,0.5211507550595219,0.8369040627103153,0.21807659209693114
O=C(Nc1ccc2c(c1)C(=O)Nc1ccc(CNC(=O)N3CCCC3)cc1CO2)c1ccc(F)cc1Cl,11.8,0.439286965183193,0.8282311409703319,0.21466037518837153
CCc1nc(N)sc1C(=O)c1ccc2[nH]c(=O)[nH]c2c1,8.4,0.6376511394272549,0.8164222071054691,0.218648871258097
Cc1cccc(NC(=O)c2ccc(F)c(Nc3ccc(C(F)(F)F)cn3)c2Cl)c1,10.5,0.4912989206785824,0.8525344531643084,0.21989585975748835
Cc1nc2sccc2c(C)c1-c1ccc2c(c1)CC(=O)N2NC(=O)C(=O)N1CC[C@H](O)C1,11.0,0.5823230300836539,0.718417413905138,0.23009305293155644
CNC(=O)N1CCC[C@H](NC(=S)N[C@@H](C)c2ccc(F)c(O)c2)C1,8.6,0.6235910767256773,0.7539456881079521,0.20216613547916543
O=C1Cc2ccccc2N1C(=O)NN=C1CCCCC1,9.1,0.7979681751157027,0.8125869570107364,0.2950304316999491
Cc1cccc(NC(=O)[C@]2(C)c3cc(Cl)c(C(=O)c4ccc(O)c(C)c4)cc3[C@H](C(F)(F)F)NC(=O)C2(C)C)c1,11.3,0.3089979461840603,0.674720793651352,0.11779534680956003
CCNC(=O)C(=O)[C@H](NC(=O)N1CC[C@@H]1c1ccccc1)C1CCC1,8.3,0.7757891106062877,0.7654576305412064,0.24644098317780896
CNC(=O)c1cc(C[C@@H](NC(N)=O)C(=O)C=O)ccc1C,7.9,0.49230727610565045,0.7899195983968388,0.15360885050254075
CC1CCN(C(=O)NCN2CCO[C@@]23CNC(N2C(=O)Cc4ccccc42)c2ccccc23)CC1,11.0,0.7140807177295453,0.614177078685854,0.24121460503856657
O=CNN=C1CCC(CCC(=O)NC2CCCC2)CC1,7.2,0.5772703559368519,0.8015723681513198,0.16658062785786878
COC(=O)c1cc(C(=O)CNc2cccc(F)c2)ccc1N1CCc2[nH]c(=O)ccc2C1,10.1,0.45662882043477887,0.8201229321635773,0.18911834239831007
CCc1nc(N)sc1C(=O)/C([O-])=C/NC(=O)NOCC(C)O,7.0,0.22309433714030932,0.6355453179259176,0.049625296498858405
CC(=O)CNC(=O)NNC(=O)C1=C(C)C(=NNC(=O)C(=O)N2CC[C@H](O)C2)NS1(=O)=O,8.6,0.18011875233383712,0.6660134785594712,0.05158345222212982
C[C@H](NC(=O)N(C)CC=O)c1ccc2c(c1)NC(=O)CC2,8.6,0.8239179220117923,0.7694153543650084,0.27259209297092535
COc1cc(NC(=O)c2ccc(F)cc2Cl)cc(Cn2nc(C(N)=O)ccc2=O)c1C,10.3,0.6060086990434728,0.8393275824554401,0.26194950540228906
Cc1cc(=O)c(O)c(CC(=O)NC(=O)c2cncc(-c3ccc4c(c3)CNC4=O)c2)n1C,10.1,0.5680407355671389,0.7858026950972727,0.22541581017151596
Cc1noc(CCC(=O)NC2CCCC2)c1C(=O)Nc1nccn(C)c1=O,8.3,0.7881045201858546,0.814527254802523,0.26640203369964416
O=C(NN1CCc2ccccc2C1)C(=O)N1CC[C@H](O)C1,8.5,0.6944305501803116,0.774636008653249,0.22862063661338644
CCC(=O)Nc1nc(-c2ccc(OC(=O)c3ccc(C)c(C(=O)c4ccc(C(N)=O)cc4)c3)cc2)cs1,10.8,0.19347566064517288,0.8520913815642811,0.08902382920823199
C[C@H](NC(=O)N1CCOCC1)[C@@H](N)C(=O)N1CCCCC1,7.4,0.752329722478651,0.7688629249045698,0.21402221943950417
CCC(=O)Nc1nc([C@@H]2NC(=S)Oc3ccc(C(=O)NCc4c(C)noc4C)cc32)cs1,10.3,0.4684170900790035,0.7187512600589842,0.17338781746963494
CCN(C=O)C(=O)CCC(C)(C)CN(C)C(=O)NN1C(=O)Cc2ccccc21,9.0,0.689377918965977,0.7470780415961864,0.23175859752934047
CNC(=O)N1CCC[C@H](N2CCc3ccccc3C2)C1,8.3,0.847359021607478,0.818056878102219,0.28767296847690516
CNC(=O)N1CCC[C@H](NC(=O)N/C=C(\[O-])N2CCCC(C)(C(=O)[O-])C2)C1,8.5,0.4861204100739389,0.6338565157571302,0.13095550048135504
CCN1C(=O)NCC(NC(=O)c2ccc(F)cc2Cl)=C1C,8.8,0.9006404458418468,0.8183880457729439,0.3243122847432961
C[C@@H]1CC(N2C(=O)C(O)=C(c3ccccc3)[C@H]2c2ccc3c(c2)NC(=O)CC3)=NO1,10.8,0.8023366831311308,0.6951884047995096,0.3011985857833527
CNC(=O)N1CCC[C@H]([C@@H](C)NC(=O)N(C)[C@H](C)CC(=O)NCC(N)=O)C1,0.0,0.46781532871621606,0.7032460055743796,0.0
O=C1NCc2cc(-c3cc(C(F)(F)F)cnc3-c3cccc([N+](=O)[O-])c3)ccc21,10.6,0.5158422028688757,0.8253101654150206,0.22563680130221306
CCc1cc(=O)[nH]c(Nc2cc3c(N)c(N4C(=N)SCC4=O)sc3cc2C)n1,10.3,0.518991671892529,0.7227563609151939,0.19317883404300334
O=c1[nH]c2ccc(N3CCc4cc(F)ccc43)cc2[nH]1,8.8,0.7133096082027018,0.8561660021035744,0.26871303162746873
Cc1ncc(CNC(=O)NC(=O)N(C)CC(C)(C)C(=O)CCC(=O)[O-])s1,7.0,0.6689623529957057,0.738592189762306,0.17293162920867505
C[C@@H](NN1C(=N)SCC1=O)C(=O)c1ccc2cc(N3CCc4[nH]c(=O)ccc4C3)[nH]c2c1,9.5,0.44084960901837633,0.6703156124587213,0.14036647844388686
CN(CC(=O)NNC=O)C(=O)CN(CC(=O)NN1CCc2cc(F)ccc21)S(C)(=O)=O,8.9,0.2641662235403895,0.7698091122981463,0.09049411688903751
Cc1ccc(Nc2cc(Br)ccc2C2=Cc3ccccc3OC=C2)cc1C(N)=O,10.2,0.5121769217913206,0.8064835495498505,0.21066175356072797
CCC(=O)Nc1nc([C@@H]2CS(=O)(=O)C[C@H]2NC(=O)C(=O)N2CC[C@H](O)C2)cs1,8.9,0.5238126642842286,0.6705372516163968,0.15629997740059898
CC(=O)N1CCC(CC(=O)Nc2cc(C(=O)c3cc(C)[nH]c(=O)n3)cc([N+](=O)[O-])c2)CC1,9.9,0.39323564964095437,0.8079245305651754,0.15726384018064163
CCNC(=O)N(C)CC(=O)C(=O)NCc1cnc(C)s1,6.6,0.7388770267432352,0.8037976751559371,0.19598951998637337
CNC(=O)N1CCC[C@H](S[S+]([O-])c2c(N[C@H](C)CC3=NO[C@H](C)C3)cc(S(N)(=O)=O)cc2[N+](=O)[O-])C1,9.6,0.17496232295119427,0.5597647963452831,0.04701011955593899
O=C1Cc2ccccc2N1c1ccc(-c2ccnc3c2OCO3)cc1,10.4,0.7188325536247753,0.8326943070914842,0.3112552430807999
Cn1ccnc(NC(=O)c2ccccc2S(=O)(=O)N2CCc3cc(F)ccc32)c1=O,10.0,0.6842815017139443,0.8382303577787845,0.28679276400154174
CCN1C(=O)N[C@H](c2cc(C(C)C)ccc2OC)C(Nc2ccc(C)c(C(N)=O)c2)=C1C,10.9,0.588245498903756,0.7546309358621084,0.24192999698815576
Cc1cccc(NC(=O)C[C@@H](NC(N)=O)C(=O)NS(N)(=O)=O)c1,8.5,0.42979796146371313,0.8052968508887065,0.14709885157617336
Cc1cccc(C)c1C(=O)N1CC=C(S(=O)(=O)c2ccc(Cl)c(-c3ccc4c(c3)NC(=O)CC4)c2)CC1,13.0,0.4643042467850487,0.7829958194341032,0.23630638471582566
CNC(=O)c1cc(NC[C@H](C)NC(=O)c2ccc(C(=O)COCOC)cc2OCO)ccc1C,7.8,0.19621579744136988,0.7633357294413181,0.05841362625844902
C[C@@H]1N[C@@H](c2ccc(C(=O)Nc3ccccn3)cc2)N=C1C1CN(C(=O)c2cccs2)C1,9.0,0.6283300254131686,0.7156429541321719,0.2023469800004802
Cc1cccc(C)c1C(=O)N1CCN([C@H]2NC(=O)CS2)CC1=O,8.8,0.8084258182157351,0.7227011423452008,0.2570701154233808
C[C@H](NC(=O)CN(C)C(=O)NCN1CC[C@@H]1c1ccccc1)[NH2+][C@@H](C)C(=O)N1CCOCC1,8.8,0.42164875608070496,0.6456775802436048,0.11978962535712284
CN(CCOCNC(=O)N1CCCC1)c1ccc(CNC(=O)c2ccccc2O)cc1,9.6,0.42322008550074075,0.8428483064373405,0.17122095951099156
COc1ccc(N(CNC([O-])=Cc2ccnc3c2OCO3)CC(=O)O)cc1,8.4,0.5078049316303296,0.7421480866023021,0.15828391251819804
C[C@H](NC(=O)N1CCOCC1)C(=O)NNC(=O)CCc1ccc2c(c1)NC(=O)CC2,10.4,0.5045975256538396,0.782185088030006,0.20523810321210134
CC(C)(C)c1c(S(=O)(=O)NC(=O)N2CCOCC2)c(O)n(-c2ccc(-c3ccc4c(c3)CNC4=O)cc2)c1O,8.7,0.387299163101333,0.7618322015264697,0.12834978372255876
COC(=O)[C@@H]1c2cc(C(=O)c3ccc(O)c(C)c3)ccc2N(c2c3c(nn2C)CCCC3)CC1C,11.6,0.4408096205256237,0.6936584502599783,0.17734736457542608
Cn1ccnc(NC(=O)C(=O)[C@H](C#N)c2ccnc3c2OCO3)c1=O,8.9,0.7497693294742058,0.70095826380252,0.23387286831107543
CNC(=O)c1cc(-c2ccc(-n3c(C(C)(C)C)c(CNC(=O)N4CCCC4)ccc3=O)cc2)ccc1C,10.1,0.5291465907942836,0.8174277562985832,0.21843225078533798
Cc1cc(=O)c(O)c(Cc2c(C(C)C)n(C(=O)CNC(=O)N3CCCC3)c3ccccc3c2=O)n1C,10.2,0.5686482260004765,0.7668863506967738,0.22240516706252686
COC(=O)C(C(C)C)[C@@H](NCNC(=O)N1CCC(C)CC1)C(=O)N1CCCCC1,8.4,0.4933362745503562,0.7235650293612834,0.1499235679116062
CCc1nc(N)sc1C(=O)c1c(Cl)cc(Br)cc1C(=O)c1cc(C)[nH]c(=O)n1,9.1,0.5378872665598962,0.7604266245921377,0.1861058283271611
CN(C)c1nc(-c2ccc([N+](=O)[O-])cc2C(=O)O)ccc1C(=O)c1ccc(C(N)=O)cc1,10.9,0.32639967991769653,0.8393342243196972,0.14930734007824492
CCC(=O)Nc1nc(-c2cc(N3CCOCC3)cn(C)c2=O)cs1,8.7,0.9099214650039733,0.8264450981991985,0.32712005850696374
CC(C)[NH+](C)CN1CCC2=C(C1)[C@H](C(=O)Nc1nccn(C)c1=O)[NH+]=N2,8.7,0.5389180270806483,0.5365099064275085,0.1257736642222942
Cc1cc(C(=O)c2ccc(-c3ccc(F)c(O)c3)c(-c3ccccc3)c2)nc(=O)[nH]1,11.8,0.4946929829763471,0.8357031869104373,0.2439157364251828
CNC(=O)c1cc(C(=O)C(=O)N(c2ccc(F)c(O)c2)c2cc(C)c(C)cc2Br)ccc1C,10.8,0.36621795260435874,0.7990630087846322,0.15802085830265286
C[C@@H]1CC(C(=O)CN(C)C(=O)N[C@@H](C)C(=O)NS(=O)(=O)c2cc(F)ccc2F)=NO1,8.4,0.6276942558420969,0.6947016024739283,0.1831452862668176
CC(=O)NC1(CCC(=O)NC2CCCC2)CCNCC1,7.0,0.7061394546560886,0.8099633821584862,0.20018148533907806
CNC(=O)N1CCC[C@H](c2cccc(C3=C(C)CN(N4C(=O)CCCc5sccc54)CC3)c2)C1,9.8,0.6731813143507682,0.7003903171028968,0.23102994037068095
CCOCCC(N1CCc2[nH]c(=O)ccc2C1)n1cc(Nc2ccc(C)c(C(N)=O)c2)cnc1=S,10.5,0.3080202744509341,0.6942560605125546,0.11226859470660823
CN(CC(C)(C)C(=O)C1Cc2ccccc2C1)C(=O)NSC(=O)NC(=O)NC1=NS(=O)(=O)c2ccccc21,9.9,0.48854148352540133,0.7227471880504263,0.17478053181466388
Cc1ncc(CNC(=O)C(=O)[C@@H](C[C@H]2CCCCC[C@@H](C(=O)[O-])CC2)NC(N)=O)s1,8.8,0.5108651683171902,0.6403825227174882,0.14394561511240087
Cc1cc(C(=O)C(=O)CC(=O)NC(=O)C(=O)N2CC[C@H](O)C2)nc(=O)[nH]1,8.9,0.29825632279838554,0.7033029755862581,0.09334522889362644
Cc1ccc(NC(=O)NC(=O)NC(=O)CCN2C(=N)SCC2=O)cc1C(N)=O,9.5,0.4713512663858388,0.8065798634585346,0.1805866590391862
CNC(=O)c1cc(-c2ccc(S(=O)(=O)N(CCNC(C)C)CNC(=O)Oc3ccccc3)cc2)ccc1C,8.7,0.32028142962074135,0.8167588806345716,0.11379282534610849
CNC(=O)N1CCC[C@H](c2ccc(N3C(=O)CCCc4sccc43)c(C(=O)NCCC(=O)[O-])c2)C1,9.3,0.6332961482925357,0.7172785935350876,0.2112261433003831
CCc1nc(N)sc1C(=O)c1cc(F)cc(N2C(=N)SCC2=O)c1,8.5,0.8125944646985019,0.7696988415147066,0.26581753269237257
Cc1ccc(C(=O)C[C@@H](NC=O)C(F)(F)F)c(F)c1F,7.3,0.5152586344436442,0.734113682835947,0.13806432101672225
O=C(NCc1cccc(-c2ccc(F)c(O)c2)c1)c1ccccc1O,10.2,0.6774802012578556,0.8968757805476056,0.30988394799743096
Cc1cccc(NC(=O)c2c(C)nc3c(cnc[nH]c2=O)N(N2C(=N)SCC2=O)C[C@H]3CC(C)(C)C)c1,12.1,0.5548200952926041,0.618107952686119,0.20747792149230954
CC1CCN(C(=O)NCc2cc(Cl)sc2CNC(=O)N2CCCC2)CC1,8.1,0.8125329926383215,0.8189483981446012,0.2694961500681209
O=CS(=O)(=O)NC(=O)CONC(=O)c1ccc(F)cc1Cl,7.3,0.5463806769471031,0.7959854768506379,0.1587425455438257
CCC(=O)Nc1nc(C(=O)CNC(=O)NC(=O)CC(C)C)cs1,7.5,0.6509746802689161,0.8367232896309746,0.2042571284779048
CCCCN(NC(=O)NS(=O)(=O)C(=O)Nc1nccn(C)c1=O)S(=O)(=O)[C@H]1CCN(C=O)C1,8.5,0.27735970954039174,0.644252862519992,0.07594315939812214
Cc1cccc(NC(=O)c2c(C)c(C)c(C)c(C3=Cc4ccccc4OC=C3)c2C)c1,9.7,0.5093497863402414,0.8006023294258462,0.19777651333672883
Cc1nnc(OCC(F)F)n1[C@@H]1OCCN(CNC(=O)N2CCCC2)C1=O,8.4,0.7546854450507985,0.6872388344169713,0.21783264115542889
COc1c(NC(=O)N2CCOCC2)cc(Br)cc1C(=O)c1ccc(C)c(F)c1F,10.4,0.6842204292864525,0.8273715685489237,0.2943743555022141
CC(=O)N1CCC(Cc2ccc(C3=NO[C@H](C)C3)cc2)CC1,9.1,0.8608699328709575,0.7969323504790518,0.312155070072116
O=C(Nc1ccccn1)c1ccc(Oc2ccc(C(=O)C3Cc4ccccc4C3)cc2)cc1,9.2,0.3939901048816128,0.8720843811571919,0.15805260372695965
O=C(Nc1ccc(C2=Cc3ccccc3OC=C2)cc1)c1ccc(F)cc1Cl,9.4,0.5786927449394992,0.8437543373926578,0.2294890213733718
Cc1cc(C(=O)n2ccc(=O)cc[nH]c(C(=O)Nc3nccn(C)c3=O)c2)nc(=O)[nH]1,10.3,0.5214055207988952,0.6956413661384094,0.18679629313233598
Cc1cccc(NC(=O)c2ccc(-c3ccc(F)c(O)c3)cc2)c1,9.6,0.7305430486479365,0.9166779036290629,0.32144288176578
Cc1cc(C(=O)C2=C(O)/C(=N\N)C=C2N2CCc3[nH]c(=O)ccc3C2)nc(=O)[nH]1,10.2,0.32479166058562764,0.6975378957094175,0.11554279064912168
N[C@H](C(=O)N1CCCCC1)N1C(=O)CCCc2sccc21,7.5,0.9043506984036359,0.7581744701917105,0.25712085436113
CCc1nc(N)sc1C(=O)c1cccc(C(=O)N(CC)C(=O)[C@H](C)NC(=O)N2CCOCC2)c1,9.6,0.5699151264871406,0.7404188718308435,0.20254843919661172
Cc1ccc(NCc2cccc(CNC(=O)c3ccccc3O)c2)cc1C(N)=O,10.5,0.4973486834377703,0.8881442561661844,0.23190162266621156
CCc1cc(=O)[nH]c(Nc2ccc(C(=O)c3c(C)cccc3C)nc2)n1,9.3,0.6907227363312362,0.8137758124925636,0.2613734570237429
CC(C)[C@@H](NC(=O)NC([O-])=CC(=O)CNc1cccc(F)c1)C(=O)[O-],8.4,0.4097556047438548,0.6957504271615489,0.11973680755359783
NC(=O)c1c(F)cccc1Oc1ccc(CNC(=O)c2ccccc2O)cc1,9.7,0.6102538667560301,0.8895445690394292,0.26328128626044695
CCNc1cc(-c2cc3cc(C(=O)N4CCC(C(=O)C5Cc6ccccc6C5)CC4)[nH]c3cc2C)nc(C)n1,9.6,0.3491812196894489,0.7841787165854845,0.13143383074167653
O=C1CCc2ccc(-c3ccc(N4CCc5cc(F)ccc54)cc3)cc2N1,11.0,0.6934487610945044,0.859567525391361,0.3278363195578396
Cc1c(CC(=O)Nc2ccc(C(F)(F)F)cn2)cc(-c2ccc(F)c(O)c2)cc1C(F)(F)F,12.0,0.4500218442753478,0.8153093354916331,0.2201442064877118
FC(F)(F)c1ccc(NOc2cccc(C3=Cc4ccccc4OC=C3)c2)nc1,10.7,0.5534108402145127,0.7789752040800592,0.23063492737497607
Cc1cc(=O)n(-c2ccc[nH]c(=O)oc(NC(=O)C(=O)N3CC[C@H](O)C3)c2)cn1,10.0,0.5728652655663351,0.6651193595317062,0.1905118892657208
C[C@@H](C(=O)O)C(CCN1C(=N)SCC1=O)c1ccc2c(c1)NC(=O)CC2,9.2,0.7063611053923159,0.690496444889047,0.22436032275739412
CNC(=O)N1CCC[C@H](c2cccc(N3C(=O)N([C@H](C)NC(=O)N4CCOCC4)C(C)(C)C3=O)c2)C1,10.7,0.6151132556186594,0.696048111042933,0.22905940451319756
Fc1ccc2c(c1)CCN2N1CCc2ccccc2C1,8.8,0.7836025660944324,0.8368788331065866,0.28854337649827166
Cc1cnc(O)c(Cc2c(O)c(=O)cc(C)n2C)c1CNC(=O)N1CCC(C)CC1,9.5,0.7117769717045827,0.7611756182094109,0.2573489563206176
CNC(=O)c1cc(-c2cccccnc(C(=N)CNC(=O)c3ccccc3O)cc2)ccc1C,10.9,0.4207721989524586,0.7920441207397361,0.18163222976130883
Cc1cc(=O)c(O)c(CC(=O)N[C@@H](C)CNC=O)n1C,6.9,0.593789210045379,0.7310279956639029,0.14975640494288234
Cc1cccc(-c2cc(-n3cnc(C)cc3=O)c(=O)n(C)c2)c1,9.6,0.729195990363926,0.8270749878319672,0.28948788713153445
O=C(NCC(NNc1ccc(C(F)(F)F)cn1)c1ccccc1)N1CCc2cc(F)ccc21,11.1,0.37028263779483583,0.7621129923495216,0.15661945105321748
N=C1SCC(=O)N1Oc1ccc(N2CCc3cc(F)ccc32)cc1,9.1,0.9287651507129455,0.7924793725778463,0.33489238687866957
Cc1cccc2nnc(-c3ccc(-c4cc(NC(=O)N5CCOCC5)ccc4F)cc3F)n12,11.0,0.49952216526574394,0.8279148815954406,0.22745900887065756
CCNC(=O)N(C)[C@H](C)Nc1ccc(C)c(C(N)=O)c1,7.9,0.7134300301728227,0.7845557169991711,0.22109161549613682
NC(=O)c1c(F)cccc1Oc1ccc(NC(=O)C(=O)N2CC[C@H](O)C2)cc1,9.8,0.6818031215019654,0.8081693004382896,0.269996052353034
Cc1cccc(NC(=O)c2ccc(N3CCc4[nH]c(=O)ccc4C3)c(Br)c2)c1,10.2,0.6425219420464477,0.8451096104220972,0.2769307487465666
Cc1cc(C(=O)N2CCN(N3C(=N)SCC3=O)CC2)ccc1O,9.0,0.8383145408382635,0.7933122474473517,0.2992703366070889
CC(=O)N1CCC(CN/N=C2\C(=O)N(C(=O)NNC3CCCCC3)N=C2C)CC1,9.5,0.5888067713104309,0.75316939687913,0.2106488393924569
CN(CC(=O)NN(CCCC=O)c1nnc(C(C)(C)C)s1)C(=O)NCOc1cccc(F)c1C(N)=O,8.2,0.16355144726113896,0.7286088472478416,0.04885766289640839
C/C(=C\C(=O)NS(=O)(=O)C[SH](=O)=O)N1C(=O)CCCc2sccc21,7.2,0.5509794192885774,0.6909506220418717,0.13705184609629625
Cn1ccc2c1CCN(CNC(=O)Oc1ccccc1)C2,7.7,0.9394581627421582,0.8204670882720035,0.2967558837852935
O=C(N=CC(=O)N1CCCN(NC(=O)N2CCOCC2)CC1)C1CN(C(=O)c2cccs2)C1,9.4,0.6076918530975923,0.7628904384909527,0.2178930830101909
Cc1cc(C(=O)C2CCN(C(=O)[C@H](C)NC(=O)N3CCOCC3)CC2)nc(=O)[nH]1,9.7,0.6758803483179205,0.7600480008399351,0.2491452311598267
C[C@@H]1CC(CCCC(=O)Nc2ccnc3c2OCO3)=NO1,7.8,0.8978123112041797,0.7162523852820847,0.2507934816798899
O=C1C[C@@H](N[SH](=O)=O)N(Nc2ccc(C(F)(F)F)cn2)CCN1,8.3,0.5540324870106385,0.6516164849886683,0.14982193122849197
Cn1ccnc(NC(=O)c2cccc(-c3ccc4c(c3)NC(=O)CC4)c2)c1=O,10.9,0.7368990066167606,0.8466730719605587,0.34003233738300875
Cc1cccc(NC(=O)N(C(=O)Cc2c(O)c(=O)cc(C)n2C)c2ccccc2Cl)c1,10.8,0.6378228553508575,0.8051248675233131,0.2773046026355583
Oc1ccc(/C=C\Nc2ccnn2-c2ccccc2)c(O)c1,8.2,0.6895189271736164,0.8245509838168561,0.23310283900215292
Cc1cc(C(=O)c2ccc(-c3ccc(-c4ccco4)o3)c(N(C)C)n2)ccc1O,10.2,0.489326933060634,0.8100545751155277,0.20215457563503825
CCNCCN(C(=O)c1ccc(C)c(S(=O)(=O)CCSSC)c1)S(=O)(=O)[C@@H](C)C(=O)NC(=O)Nc1ccccn1,8.1,0.20635554641872142,0.6942070975363056,0.05801766140064288
COc1c(N)cc(N2C(=O)Cc3ccccc32)cccccc1Oc1cccc(F)c1C(N)=O,11.3,0.5773389587939445,0.7827040566371719,0.2553153329830263
CNC(=O)N1CCC[C@H](S(=O)(=O)NC(=O)COC(=O)CCC(=O)N(C)C(=O)COC)C1,7.1,0.373578476367613,0.7332312728134102,0.09724139471156536
O=C(c1ccc(C2CN(C(=O)c3cccs3)C2)cc1)C1Cc2ccccc2C1,10.7,0.6144219279530319,0.8549839670222872,0.2810466801019193
O=C(O)C[C@H]1OCC[C@@H]1c1cc(O)nc(-c2ccc(F)c(O)c2)n1,8.7,0.783926885395719,0.6992963126078302,0.23846577343544478
CC(O)=NC(=O)c1ccc(NC(=O)CNC=O)c(CC(C)(C)CC(=O)N2CCc3[nH]c(=O)ccc3C2)c1,10.5,0.2286271148756842,0.7388396557260165,0.08868235889330106
Cc1cc(=O)n([C@@H](C(=O)O)N(C)c2ccc(F)c(O)c2)cn1,7.6,0.8784348222945166,0.7310016412635968,0.2440121727993473
CC1=COC[C@H](C(=O)NCc2c(C)noc2C)OC(C(=O)c2ccc(O)c(C)c2)=CC(OC(C)(C)C)=C1,0.0,0.5365006226635018,0.6223427898349922,0.0
CCNc1cc(-c2ccccc2-c2cn(C)nc2C(=O)c2ccc(C)c(F)c2F)nc(C)n1,10.7,0.41641706662823386,0.796988787597905,0.17755565719090496
Cc1cccc2nnc(-c3ccc(CCC(=O)NC4CCCC4)cc3)n12,9.8,0.7647672241798791,0.8630924948729086,0.32343177724207606
Cn1ccc2c1CCN(c1c3c(nn1C)CCCC3)C2,8.1,0.793778784961612,0.7701447819444233,0.24758645864882983
CC(=O)N1CCC(CN2CCN(C(=O)NC(=O)n3cnc(C)cc3=O)CC2)CC1,9.0,0.7494192112110108,0.8019525205907091,0.270449381434397
O=C(NCn1nc(-c2ccc(C(=O)O)cc2O)c2c1COC2)Oc1ccccc1,9.4,0.6068815520717221,0.7965793790215836,0.22721178504780523
CCNCCN(C(=O)C1NC(=O)N(C)C1=O)C(CC(=O)C(=O)c1ccc(C(N)=O)cc1)c1ccccc1,9.8,0.12507817085790032,0.6943665516816644,0.04255654811273264
CCc1cc(=O)[nH]c(NCNC(=O)N(C)CC(=O)N[C@H](C)N2CCC[C@@H](S(=O)(=O)CC(=O)OC)CC2=O)n1,8.1,0.18864998788090329,0.6321861699517292,0.048301074886446686
NC(=O)c1c(F)cccc1Oc1sccc1Oc1ccc(C(=O)C2Cc3ccccc3C2)c(O)c1,10.6,0.3162680910827788,0.7932971896046046,0.13297413154331822
C[C@@H](CCNC(=O)NC=O)CNC(=O)c1ccccc1Cl,7.6,0.6676720576272307,0.8038697310228334,0.20395411580298023
Cc1cc(C(=O)C2CC(N3C(=O)Cc4ccccc43)=NO2)nc(=O)[nH]1,9.8,0.8210804245802217,0.6939953261767655,0.279214728766215
C[C@@H]1CC(c2ccc(C(=O)Nc3ccccn3)cc2)=NO1,8.9,0.9405090460346843,0.818482397892425,0.34255659416090356
Cc1cccc(C)c1C(=O)c1ccc(C(=O)N2C(=O)CCCc3sccc32)cc1,11.4,0.45125423707188744,0.8372283086990175,0.21534760836726827
Cc1ccc(C(=O)C(=O)NN=C2CCC(C3CC[NH+](C)CC3)CC2)c(F)c1F,10.0,0.46802177998220923,0.6904366370493161,0.16156969191837575
CCC(=O)Nc1nc(CN(CC(=O)NN2CCCN(C(=O)C(C)(C)CC)CC2)S(C)(=O)=O)cs1,7.9,0.47835825141404736,0.7810073405297354,0.14757251577414918
NC(=O)c1ccc(=O)n(CC(=O)NN=C2CCCCC2)n1,7.9,0.7449042849932278,0.829541814157399,0.24408205451902645
CCc1cc(=O)[nH]c(Nc2ccccc2-c2ccccc2N2C(=O)Cc3ccccc32)n1,10.9,0.47632562286167496,0.8144207934420837,0.21142157298075104
Cc1cccc2nnc(NCC(=O)N3CCCCC3)n12,8.7,0.9193991447839527,0.8318816519709483,0.33270160653184494
O=C(NC1=Cc2ccccc2OC=C1)c1ccc2c(c1)CNC2=O,10.3,0.8942245807366436,0.8005287116445768,0.3686640125420788
CC(=O)N1CCC(Cc2ccc(Cl)c(Cl)c2Oc2ccc(C)cc2C(=O)CNc2cccc(F)c2)CC1,10.3,0.30248969950675525,0.8125850206175352,0.1265862783357987
CCCc1cc(N2CCO[C@@H](CNC(=O)N3CCCC3)C2=O)oc1C,8.3,0.8830443981707384,0.7288843835982173,0.267109467817973
CC(C)OCCOc1ccc(C2CCC(=NNC(=O)Oc3cccc(F)c3C(N)=O)CC2)o1,8.4,0.4273420575197141,0.754617827048403,0.13544157263780654
CCN1C(=O)N[C@H](Cn2nc(C(N)=O)ccc2=O)C=C1C,8.1,0.7901903604773799,0.7106393015007524,0.22742383195802054
CC(=O)N([C@H](C)NC(=O)N1CCOCC1)C(C)(C)C(=O)CNC(=O)Oc1ccccc1,8.3,0.6260269267620204,0.7451202528057776,0.19358311690183844
Cc1cc(=O)n(-c2nc(SC3CN(C(=O)c4cccs4)C3)cs2)cn1,8.4,0.6851078849368076,0.768459529193326,0.22112062673617336
Cc1ccc(C(CP(C)C)c2ccc3c(c2)[nH]c(=O)n3Cc2c(O)c(=O)cc(C)n2C)cc1,10.8,0.4192564287836925,0.7072239795619821,0.1601144280115278
CC[C@H](C(=O)NNC(=O)[C@H](Nc1ccc(C)c(C(=O)NC)c1)C(=O)N1CCCCC1)C(C)C,9.8,0.35005368945996035,0.7257964429476114,0.12449318409885624
Cc1ccc(C(=O)c2ccc(CNC(=O)c3ccccc3Cl)cc2)c(F)c1F,10.6,0.6074372287961388,0.8898889052938921,0.2864923748011203
Cc1ccc(C(=O)c2cc(C)c(C(=O)NCc3c(C)noc3C)c([O-])c2)c(F)c1F,10.6,0.646957965822549,0.7831376430860699,0.2685282823609155
Cc1ccc(NC(=O)CC(c2ccccc2)c2ccc(-c3ccc(F)cc3)cc2)cc1C(N)=O,11.3,0.35769004107643276,0.8339373222332598,0.16853445740030357
CC(=NCNC(=O)c1ccccc1Cl)c1ccc(F)c(O)c1,9.0,0.8483087809744486,0.8366026310425811,0.3193638111448868
CCc1nc(N)sc1C(=O)c1cc(CNC(=O)CCc2ccc(O)cc2)c(=O)[nH]c1C,9.0,0.39706121001252037,0.8060252295142634,0.14401860881919878
Cc1ncc(CNC(=O)C(=O)CN[C@H](C)c2ccc(NC(=O)CCC(C)C)cc2)s1,8.0,0.474768378341371,0.7798764602155808,0.148104272929264
O=C1CCc2ccc(-c3ccc(-c4ccnc5c4OCO5)c(F)c3F)cc2N1,10.8,0.7198928390264726,0.797030120868441,0.30983918931086113
Cc1cccc(NC(=O)c2c(F)cc3c(c2F)C(=O)C[C@](C)(Oc2cccc(F)c2C(N)=O)O3)c1,10.9,0.553654163090076,0.7273139082204023,0.21946080337194887
O=c1ccc2c([nH]1)CCN([C@@H]1[NH+]=NC3=C1CNCC3)C2,8.7,0.6044068759543522,0.6061991206054788,0.15938004876077333
CC(=O)N1CCC(C[C@@H](C)C(=O)c2ccnc3c2OCO3)CC1,9.1,0.7967014769264071,0.7388736090611772,0.267841071498448
CCC(=O)OC1(CCOC(C)(C)C)CC=CC(NC(=O)N2CCOCC2)=CC=C(C(=O)c2cc(C)[nH]c(=O)n2)C1,10.7,0.3670156778976743,0.5933709646386283,0.11651039905492903
Cc1ccc(C(=O)[C@@H]2[NH+](c3ccc(Br)cc3)[C@]2(C)C(=O)CNc2cccc(F)c2)c(F)c1F,10.4,0.3605221622433187,0.630378113787811,0.11817794591909613
C=C(C)CNC(=O)C(=O)C(=O)CC(C)(C)CCNC(=O)Oc1ccccc1,7.0,0.3719839823916569,0.794858173775403,0.10348607812113693
Cc1cc(C(=O)C(=O)C(C)(C)Nc2cccc(CC(C)C)c2)ccc1O,8.6,0.5663224522999352,0.831702974919178,0.20253518938679355
C[C@@H]1CC(c2ccc(S(=O)(=O)c3ccc(N4C(=O)Cc5ccccc54)cc3)cc2)=NO1,11.1,0.6175508809984872,0.7811413580983702,0.26772896630229176
Cc1noc(C)c1CNC(=O)c1ccccc1N1CCN(c2ccc3c(c2)NC(=O)CC3)CC1,11.7,0.6075996310792852,0.8321473651014369,0.29578327274295085
Cc1ccc(NNC(=O)[C@H](C)S(=O)(=O)S(=O)(=O)N[SH](=O)=O)cc1C(N)=O,9.1,0.17153847617109672,0.6753457507215703,0.052710740340168594
Cc1cc(=O)c(O)c(Cc2ccc(C)n2N2C(=O)Cc3ccccc32)n1C,10.5,0.777245736172896,0.756217662359878,0.3085776506861212
CN1C[C@H](C(=O)CC(C)(C)CCCC(=O)NC2CCCC2)S[C@@H](C(C)(C)C)C1,7.7,0.6319945788618604,0.6699371198174529,0.16300770174263915
O=C(CNc1cccc(F)c1)COc1cc(O)ccc1Oc1ccc(N2CCc3cc(F)ccc32)cc1O,10.2,0.2532993840316978,0.8117123606148647,0.10485918288687693
CC(=O)NNC(=O)c1nn(N2C(=O)CCCc3sccc32)c2c1COC2,9.0,0.7585817655336988,0.734074177770381,0.25058487861258927
NC(=O)c1ccc(C(=O)N2CCO[C@@H]([C@@H]3CCCCN3)C2=O)cc1,9.7,0.7755625867546379,0.7530755386495672,0.2832677481966998
CC[C@H](NC(=O)NCC[C@H](C)CNC(=O)c1ccccc1Cl)NC(=O)C(=O)N(C=O)CCO,8.7,0.16252741480055982,0.6904678959390643,0.048815683526444754
Cn1ccnc(NC(=O)c2ccc(NNC(=O)c3cccc(C(=O)c4ccc(C(N)=O)cc4)n3)cc2)c1=O,11.2,0.20304506110407997,0.8233970980158501,0.09362455988454822
Cc1ccc(Nc2ccc(C)c(C(N)=O)c2)c(C(=O)c2ccc(O)c(C)c2)c1,10.7,0.577553015897444,0.8721484790534658,0.26948591164741836
CSc1ccc(-c2ccc(-c3ccc4c(c3)CC(=O)N4CNC(=O)c3ccccc3O)cc2)cc1,9.0,0.3462130021561599,0.8368557531994257,0.13037865420907244
CN(C(=O)C(N)=O)C(=O)C1CCC(=NNC(=O)Nc2ccc(C(F)(F)F)cn2)CC1,9.3,0.489548906686032,0.7712968073785675,0.17557819158391122
CSCCC(C)(C)/N=C1\NS(=O)(=O)C(CC2CCN(C(C)=O)CC2)=C1C,7.5,0.7421824147270721,0.7016577001939034,0.19528425234065824
O=C[C@H]1CN(C(=O)C2Cc3ccccc3C2)Cc2ccccc21,9.5,0.8001157804438093,0.7813303078159242,0.2969484867857064
NC(=O)c1ccc(=O)n(CS(=O)(=O)c2cccc(C(=O)Nc3ccccn3)c2)n1,10.1,0.5933601210167749,0.838408740913596,0.2512265475448567
Cc1cc(=O)n(N2Cc3ccccc3[C@@H](c3cccc(C#N)c3)C2)cn1,10.6,0.7183117941259113,0.7448974078206901,0.2835863545292529
CC1CCN(C(=O)NCc2cn(C(=O)c3ccc(C(N)=O)cc3)c(=O)n2C)CC1,10.0,0.7941511816441987,0.8192423377796929,0.3253011353003495
CCOC(=O)NCCN(C)C(=O)CN(C=O)C[C@@H](NC(=O)NC(=O)N1CCOCC1)C(F)(F)F,8.5,0.3383488375434392,0.7061585786550092,0.10154437203893109
Cc1cc(=O)n([C@@H]2CC(=O)NCCN2c2cc(CC(C)C)c(C)cc2Br)cn1,9.0,0.7810225587326027,0.7173774307694969,0.2521295804504759
CC(=O)NC1CCN(Nc2ccc(C)c(C(N)=O)c2)CC1,8.7,0.7723975111297429,0.8448133377828094,0.28385129797060393
Cc1noc(C)c1CNC(=O)N=C(O)[C@@]1(CCC(=O)NC2CCCC2)C[C@H]1O,9.0,0.41391455695279017,0.6817516027029884,0.12698411066309792
CCc1nc(N)sc1C(=O)c1ccc(CC2CCN(C(C)=O)CC2)cc1N,9.9,0.6075037448708306,0.8133015597957753,0.24457145292618454
CC(C)NC(=O)[C@H](O)Cc1cc(N2CCc3[nH]c(=O)ccc3C2)cn(C)c1=O,9.2,0.673851695651692,0.7190437644358304,0.22288327555991563
CCC(=O)Nc1nc(C(=O)Nc2ccc(C(=O)c3ccc(O)c(C)c3)cc2)cs1,8.7,0.5336188852851521,0.8716298235346787,0.20232638864490302
CCOc1c(C)cc(C)c([C@H](NC(=O)n2cnc(C)cc2=O)C2CCC2)c1C,8.7,0.8476696183035528,0.7294647224252093,0.26898011102847663
Cc1cccc(C)c1C(=O)NS(=O)(=O)C(=O)Nc1nccn(C)c1=O,9.5,0.8069225816393455,0.797685237057041,0.30574335964028887
Cc1cccc2nnc(-c3ccc(-c4ccc(NC(=O)c5ccc(F)cc5Cl)cc4)cc3)n12,10.1,0.3393599629818315,0.8627270273444283,0.14785138109183052
CCc1nc(N)sc1C(=O)Cc1ccc(C(=O)c2cc(C)[nH]c(=O)n2)cc1,8.6,0.6317001706279287,0.8003278162060317,0.21739390376391995
Cn1nc2c(c1C(=O)NN=C1CCCCC1)CCCC2,8.3,0.8415218018047205,0.8063768774351394,0.28161224497564635
Cc1cc(C(=O)NCC(=O)NC(=O)N2CCOCC2)ccc1N1C(=O)CCCc2sccc21,9.5,0.7133126835463399,0.8139158067397252,0.2757738224359913
O=C(c1cccs1)N1CC(c2cccc(-c3ccccc3)c2C2=Cc3ccccc3OC=C2)C1,12.1,0.3243203616956625,0.7984626649444512,0.15666940867863652
CN(C)C(=O)c1c(N2C(=N)SCC2=O)cc2c(sc(C(=O)Nc3nccn(C)c3=O)nc1O)OC(C)(C)CC2,11.4,0.4956172253102552,0.6413223887226038,0.18117474101198386
O=C(c1ccc(NC(=O)N2CCOCC2)cc1F)C1Cc2ccccc2C1,11.0,0.8461126349251209,0.8587670035827577,0.39963748670348687
O=C(CNc1cccc(F)c1)NC(=O)N/C=C(\[O-])[C@H](CCCO)[C@H]1CC(n2cc([SH](=O)=O)ccc2=O)=NO1,8.4,0.19050521772986412,0.5771265831015031,0.04617716265600664
CNC(=O)c1cc([C@H]2O[C@](C)(CNC(=O)N3CCC(C)CC3)C(=O)NCC(=O)NC2=O)ccc1C,10.8,0.45203018528880606,0.635577945955839,0.15514222500498423
CNC(=O)c1cc(-c2cc(C(C)(C)C)c(C(=O)c3ccc(C)c(F)c3F)cc2F)ccc1C,11.2,0.4730485211387122,0.8172831627879324,0.21650417124470445
O=C1Cc2ccccc2N1[C@H]1CNCc2ccccc21,8.9,0.8576177693489425,0.7990557046993509,0.3049515451171631
Cn1ccnc(NC(=O)[C@@H]2OCCN(N(C=O)C(=O)CSc3ccc(C#N)cc3)C2=O)c1=O,0.0,0.3205369767509631,0.6843970491345499,0.0
Cc1ccc(N[C@H]2C[C@H](O)CN2Oc2cccc(F)c2C(N)=O)cc1C(N)=O,10.1,0.5867524102773827,0.7054233309747165,0.20902396405623397
COc1ccoc(=O)ccc(-c2cc(C(F)F)nc(N3CC[C@@H]3c3ccccc3)n2)cc1,10.5,0.5520365696963302,0.7193346535168482,0.20847699316034804
CC(C)(C=O)CN(NC(=O)NS(=O)(=O)NC(=O)C(=O)N1CC[C@H](O)C1)S(=O)(=O)N1CC[C@@H](S(C)(=O)=O)C1,8.1,0.11478358092381553,0.6149766448228066,0.028588634698296447
C[C@@H]1CC([C@@H]2C=CC([C@H](C)NC(=O)N3CCOCC3)C=C2S(C)(=O)=O)=NO1,8.9,0.7216598766657629,0.5879584822056187,0.18881619036012773
Nc1cc(CNC(=O)c2ccccc2O)ccc1CNC(=O)Oc1ccccc1,9.4,0.4820460468194277,0.87893822980935,0.19913368856668956
O=C(CNc1cccc(F)c1)c1nnc(Cc2cc(-c3ccnc4c3OCO4)ccc2Cl)o1,10.2,0.39623956195810617,0.7814239116224311,0.1579118449068796
C[C@@H](NC(=O)N/C=C(\[O-])C1=CC=CC=C[C@H](CC(=O)NNC=O)NC1=O)NC(=O)N1CCOCC1,10.3,0.09427814784880435,0.5391417476303548,0.02617708197819704
CCc1cc(=O)[nH]c(Nc2ccc3c(c2)[nH]c(=O)n3-c2cccc(C=O)c2[O-])n1,9.6,0.4429146849712106,0.7518286839335391,0.1598380630544368
C[C@@H]1CC(CN2CCN(NC(=O)N3CCOCC3)CC2)=NO1,7.5,0.7766166113034065,0.7278814652531668,0.21198181386580223
Cc1ccc(C(O)=N[C@H](CCN(C)S(=O)(=O)C2=NO[C@H](C)C2)C(=O)NCc2c(C)noc2C)c(C)c1,9.5,0.38235018441391466,0.6486401141826504,0.11780364195609955
C/C(=C\C(=O)NC1=CC=C(CC(C)C)C=CC(=O)N(C)C1=O)C(=O)c1c(C)cccc1C,10.1,0.4173200388074292,0.6905708346962334,0.14553546900502898
CC(=O)NC1(CNC(=O)Oc2ccccc2)CCN(C(=O)NNC(=O)NCC(C)CC(=O)[O-])CC1,8.5,0.30228880684228615,0.7068326367427392,0.09080872761921363
O=C(NCN1C(=O)Cc2cc(-c3ccc(-c4ccccc4)cc3)ccc21)N1CCCC1,10.7,0.6781696533965309,0.854800292912404,0.310139295826697
Cc1cc(O)c(C)c(-c2ccnc3c2OCO3)c1ON1CCc2[nH]c(=O)ccc2C1,10.0,0.6890682613701175,0.7213671667062912,0.2485356096858959
CC(C)N(SC#N)C(=O)C(C#N)S(=O)(=O)NC(=O)CON1C(=O)Cc2ccccc21,8.2,0.43013488925641286,0.6445543009231404,0.11367057006740103
Cc1cc(C(=O)c2cc(C(=O)c3ccc(CNC(=O)c4ccccc4Cl)cc3)c(C)cc2Br)nc(=O)[nH]1,10.9,0.2933249447966204,0.8189699519669925,0.1309222521931909
Cc1ccc(C(=O)c2ccc(F)c(C=NCc3c(O)c(=O)cc(C)n3C)c2)c(F)c1F,10.3,0.49376835670188035,0.7735224822615163,0.19669957634318758
N#CNNC(=S)NN[C@@H](C(=O)N1CCCC1)N1CCc2[nH]c(=O)ccc2C1,7.9,0.17909509871462065,0.6589067086480033,0.046612750001470776
Cc1ccc(NC(C)(C)CN(C)C(=O)NC=O)cc1C(N)=O,8.9,0.6839587780329569,0.7863715574242831,0.2393413496256247
COC(=O)/C(C#N)=C/NC(=O)NCC(=O)C(=O)c1c(C)cccc1C,8.0,0.26019673142310845,0.7803153174244348,0.08121419802928932
CC(C1=CC(=O)CC(C)([C@H](Nc2ccc3c(c2)NC(=O)CC3)C(=O)N2CCCCC2)C1=O)[C@@H](C)O,10.6,0.5754994696456515,0.6256369494450584,0.19082847827606783
CC1CCN(C(=O)NCc2cccc(N(C)C)n2)CC1,7.6,0.9193540870748564,0.8624392400725021,0.30129707528146743
Cc1ccc(C(=O)N/C([O-])=C/[C@H](CCCO)C(=O)Nc2ccccc2)c(F)c1F,0.0,0.588533370092568,0.735280607677542,0.0
Cn1ccnc(NC(=O)[C@@H]2[NH+]=NC3=C2CNCC3)c1=O,8.7,0.5740882283689748,0.6230616014490479,0.15559616395916973
CC[C@H](C)NC(=O)[C@H](NC[C@H](C)NC(=O)N1CCc2[nH]c(=O)ccc2C1)NC(=O)[C@@H](C)OC(=O)OC,8.8,0.21622778531835476,0.6414979203641216,0.06103225682693231
Cc1ncc(CNC(=O)C2=N[C@]3(C)N(CNC(=O)N4CCCC4)NC(=O)[C@]3(C)N=C2C(C)(C)C)s1,10.0,0.5627829422006906,0.6199703811861949,0.1744543776006252
Cc1noc(C)c1CNC(=O)C(=O)c1ccc(N2CC[C@@H]2c2ccccc2)cc1,9.5,0.513397998972745,0.7948728180575233,0.19384090425856562
CCOC(=O)c1ccc(NC(=O)[C@H](C)S(=O)(=O)CNC(=O)Oc2ccccc2)c(C(=O)N[SH](=O)=O)c1,8.7,0.2446887426848316,0.7225778589039326,0.07691090048738888
O=C(NCN1C(=O)Cc2ccccc21)c1ccccc1O,9.0,0.8993498551307778,0.8678203669605282,0.3512133545874703
C[C@@H](NCC(=O)S(=O)(=O)N1CCCC1=O)C1CN(C(=O)c2cccs2)C1,7.4,0.7367705731607787,0.7151416692869234,0.19495127490152256
Cn1c(NC(=O)c2ccc(F)cc2Cl)cc2c1CCNC2,9.3,0.8959051295782803,0.8167420749135922,0.34025138772273533
C[C@@H](CCN(C)C(=O)C(F)(F)F)C(CC(=O)c1ccc(F)c(O)c1)c1ccccc1,9.3,0.48178858890228504,0.7326490929772519,0.1641366172897129
CCNc1cc(N2CCN(C(=O)Nc3nccn(C)c3=O)CC2)nc(C)n1,9.0,0.8116679554434721,0.822444461280256,0.30039831645891896
CCC(=C(C)N1C(=O)CCCc2sccc21)c1cccc(C(=O)Nc2cccc(C)c2)c1OC,10.1,0.426009432006418,0.7904819085341948,0.1700601381773308
CCc1nc(N)sc1C(=O)N1CCc2ccccc2C1,8.2,0.9228515640476466,0.8539007640748155,0.3230896988238488
O=CNC(=O)CNC(=O)N1CCN(N2CCc3[nH]c(=O)ccc3C2)CC1=O,9.6,0.506471666458652,0.7221798863814705,0.1755665522585008
N=C1SCC(=O)N1CN1CCC(C(=O)CN2C(=O)Cc3ccccc32)CC1,9.5,0.8251629197799529,0.7946328018870175,0.3114582234050577
Cc1cc(=O)c(O)c(Cc2cc(N)ccc2N2C(=N)SCC2=O)n1C,9.0,0.7213628859350987,0.7556746238335657,0.24530203236442547
Cc1cccc(NC(=O)c2cc(C)c(C(=O)c3ccc(O)c(C)c3)ccoc(=O)c(C)c2Br)c1,12.2,0.41316576768446617,0.7741055092839875,0.19509867717737692
COc1c(C2=Cc3ccccc3OC=C2)c(O)c(C)n1NC(=O)c1ccc(F)cc1Cl,10.6,0.5892922697614985,0.7547190403011778,0.2357175510343895
CN(C(=O)CNc1cccc(F)c1)C(=O)N1C(=N)SCC1=O,8.7,0.8746058652118344,0.7754885158681382,0.295037359906472
CCc1cc(=O)[nH]c(Nc2cnn(C(=O)Cc3ccc(CNC(=O)c4ccccc4Cl)c(C(C)=O)c3)c2)n1,10.2,0.2773473073530522,0.7761295207333198,0.10978129069362656
Cc1noc(C)c1CNC(=O)[C@H]1CNCc2ccccc21,7.8,0.902059825728999,0.786194726601967,0.2765859244463751
CCCCCC[C@@H](C1=NO[C@H](C)C1)N(C(=O)NCC)C1CN(C(=O)c2cccs2)C1,8.2,0.5633549983802018,0.6784679303127559,0.15670950291076818
CC(O)=Nc1nc(N2C(=O)Cc3ccccc32)nc2sc3c(c12)CC[C@H](CNC(=O)N1CCC(C)CC1)C3,9.8,0.3601819851203547,0.6962184022134902,0.12287500983142247
Cn1ccnc(NC(=O)[C@@H](N)C(=O)N2CCCCC2)c1=O,8.2,0.6987424549995396,0.7729983782376875,0.2214519816533904
CC(C)CN(C)C(=O)NNc1ccc(C(F)(F)F)cn1,7.9,0.8382897849977773,0.8257394318618447,0.2734225276658628
CCN1C(=O)N[C@H](c2ccc(C)c(C(=O)NC)c2)C(c2cncc(N)c2C)=C1C,9.7,0.7427024294616669,0.746279960160502,0.26881801064283395
Cc1cc(Nc2cc(C(=O)c3c(C)cccc3C)cc(C(F)(F)F)c2)ccc1Nc1ccc(C(F)(F)F)cn1,10.1,0.18859644897735722,0.8163286921939884,0.07774812973578872
O=C(c1ccc2c(Cl)cccc2c1)[C@@H](NN1C(=O)Cc2ccccc21)C(=O)N1CCCCC1,11.5,0.45746474056703307,0.753650347849565,0.19824186499292187
O=C(CCc1ccc(CNC(=O)c2ccccc2Cl)cc1)NC1CCCC1,9.4,0.7487963980843833,0.9082111850423237,0.3196306741080314
Cc1noc(C)c1CNC(=O)c1ccc(N=CC2CN(C(=O)c3cccs3)C2)cc1,8.0,0.6129122837741977,0.8058689787656408,0.19757079847921175
COc1ccc(NC(=O)NS(=O)(=O)c2ccnc3c2OCO3)cc1F,8.6,0.838198293690893,0.8197187026958797,0.29544733169966547
CC(F)(c1ccc(C(=O)CNc2cccc(F)c2)cc1)c1cccc(-c2ccc3c(c2)CNC3=O)c1,11.8,0.30565398069246874,0.7606321150500057,0.13716923794646402
CC(=O)N1CCC(Cc2c(Br)cc(NC(=O)c3ccc(F)cc3Cl)cc2C(C)(C)C)CC1,8.9,0.4912152207267861,0.8285945249386183,0.18112311789502478
Cc1ccc(NC(=O)c2cc(NC(=O)N3CCOCC3)c(=O)n(C)c2)c(C)c1,10.5,0.8478024522819437,0.8622283530256476,0.38377463886413693
CCc1cc(=O)[nH]c(Nc2cc(NC(=O)Nc3ccc(-c4ccc5c(c4)CNC5=O)cc3)ccc2F)n1,9.9,0.26167570892630493,0.8021870190545121,0.10390686416677151
Cc1cc(C(=O)c2cccc3c2CCNC3)ccc1O,9.1,0.8222055591070082,0.8552459732516036,0.3199505370931652
Cc1cc(C(=O)[C@H](NC(=O)c2ccc3c(c2)CCCCC3)C2CCC2)nc(=O)[nH]1,10.9,0.6029916097166855,0.7610069960452718,0.2500900542852938
CNS(=O)(=O)N1CC[C@H](NC(=O)[C@H](C)S(=O)(=O)N2C(=O)Cc3ccccc32)C1,9.1,0.591648173898389,0.699552099574538,0.188319368628327
CC(=O)N1CCC(CN(Nc2ccc(ON3C(=O)Cc4ccccc43)cc2)C(C)C)CC1,9.0,0.6678844631113385,0.7762715374044902,0.23330686454460509
CN(CCN1C(=N)SCC1=O)c1cccc(CNC(=O)Oc2ccccc2)c1,8.3,0.7490205702991882,0.8237548027297896,0.2560588562328554
O=C(NCc1ccc(C2CN(C(=O)c3cccs3)C2)cc1)N1CCCC1,9.4,0.8990616072049341,0.8713820225382258,0.3682102771861706
Cc1cc(=O)c(O)c(Cc2ccc(-c3ccnc4c3OCO4)cc2)n1C,10.3,0.7862321948803778,0.7951209553171584,0.321952092355612
N[C@@H](CN[C@@H](NC(=O)C(=O)N1CC[C@H](O)C1)C(=O)N1CCCCC1)C(=O)N1CCOCC1,9.6,0.24150387182220082,0.6829057906405941,0.07916370841416227
CCNc1cc(NC(=O)N/C=C(\[O-])N(C(=O)N[C@@H](C=O)C(=O)NN)c2ccc(OCC)cc2)nc(C)n1,8.5,0.05728082912637437,0.662792657901392,0.016135258017972682
C[C@@H]1CC(C2(NNC(=O)[C@@H](C)N(CC(N)=O)C(=O)O)CCCCC2)=NO1,8.1,0.47560230968713846,0.6372795254235358,0.12275210375414163
C[C@H](NC(=O)N1CCOCC1)NC(=O)N(C)[C@H](C)CCC(=O)NCC(N)=O,7.9,0.38652018860209314,0.7231330913843907,0.1104046878521922
CC(C(N)=O)N(C)C(=O)[C@H](C)N1CC[NH+]([C@@H](C)C(=O)N2CCCO2)CC1,8.3,0.5366334840898397,0.561905613615975,0.12513800737321767
CC(=O)N1CCC(COCC(=O)NS(=O)(=O)OCN(C=CC(=O)NC(=O)N(C)C)C(=O)N(C)C=O)CC1,8.8,0.17290852744918783,0.7006203861067469,0.05330302527554358
Cc1cc(CNC(=O)N2CCCC2)ccc1N1C(=N)SCC1=O,8.2,0.8916349286234524,0.8307286379798963,0.30368973463057164
Cc1ccc(Nc2nc(O)c3c(=O)n(-c4ccc5c(c4)NC(=O)CC5)cnc3n2)cc1C(N)=O,9.6,0.36071657575629573,0.7847420046880408,0.1358733354159365
O=C1CCc2ccc(-c3cccc(N4CC[C@@H]4c4ccccc4)c3)cc2N1,11.1,0.7019007314934452,0.8095395732833679,0.31536011235657047
Cc1noc(C)c1CNC(=O)c1ccc(C(=O)Nc2nccn(C)c2=O)cc1,9.2,0.692301983513681,0.8555305226508941,0.2724513197823467
Cc1cc(C(=O)n2c(=O)c3ccc([C@H](C)NC(=O)N4CCOCC4)cc3c3ccccc23)ccc1O,11.3,0.4280268191910443,0.7788487180168084,0.18835299876312278
NC(=O)c1ccc(=O)n(Cn2c(=O)[nH]c3ccccc23)n1,8.2,0.6738306507467439,0.8397731049005545,0.2320045916794492
Cc1ccc(NN2CCC[NH+](C(=O)Cc3c4c(nn3C)CCCC4)CC2)cc1C(N)=O,11.0,0.6440696764765541,0.642528481929595,0.22760821131585116
O=C(CNc1cccc(F)c1)c1ccc(-c2ccnc3c2OCO3)cc1,9.9,0.7071121155240008,0.8419009968972,0.29468260551398345
CC(=O)NC(=O)[C@@H](C)N(C)C(=O)C(=CNC(=O)NC(=O)C(=O)N1CC[C@H](O)C1)CNC(=O)N1CCC(C)CC1,10.7,0.18889508777609623,0.6475519026725696,0.06544086481977852
CCNC(=O)N(C)CC(=O)C1=Cc2ccccc2OC=C1,8.5,0.9228530528880017,0.7862461166345829,0.30837559234946327
Cc1cc(=O)n(-c2cccc(C3CN(C(=O)c4cccs4)C3)c2)cn1,8.8,0.7290541344518031,0.8366118585541061,0.2683715471405224
CCN(C)C(=O)CN1C(=O)CN(C(=O)c2ccc(C(N)=O)cc2)C[C@@H]1C,9.3,0.7939630095263535,0.79287088767417,0.29272222260678116
CCNC(=O)CNC(=O)CN(C)C(=O)NC(=O)/C=C(\C)[C@H](C)NC(=O)N1CCOCC1,7.8,0.3478329542974237,0.7391092594853724,0.10026375733739752
Cc1sc2ccc(N3CCc4cc(F)ccc43)c(-c3ccccc3NC(=O)C(=O)N3CC[C@H](O)C3)c2c(=O)c1C,11.1,0.34963418109997163,0.7249651904785183,0.14067729893791261
CSCCN(C(=O)S(=O)(=O)NC(=O)CONC(=O)N1CCOCC1)S(C)(=O)=O,7.2,0.4096402690400225,0.7279312642682512,0.10734838521749643
Cc1ccc(C2(N[C@H](C(=O)C3Cc4ccccc4C3)C(=O)N3CCCCC3)OCCO2)cc1,9.4,0.6881563356464089,0.724761444340793,0.2344121144850187
Cc1cc(C(=O)c2cccc(S(=O)(=O)C(=O)NCc3c(C)noc3C)c2)nc(=O)[nH]1,9.5,0.5790107356636571,0.7765949427872721,0.2135869843395687
Cc1noc(C)c1CNC(=O)C(=O)Nc1ccc(C2CN(C(=O)c3cccs3)C2)cc1,8.3,0.5963024812345188,0.837153699894458,0.20716668379501507
CN(C)c1ncccc1NC(=O)c1ccc(F)cc1Cl,7.6,0.9450817983043319,0.8899986956169575,0.31962619574202994
CCN1C(=O)CCC(NC(=O)/C=C(\C)Nc2ccc(C)c(C(N)=O)c2)C1=O,9.8,0.5091787770490639,0.7761492387206704,0.19364737288788295
CCOc1ccc([C@H]2CN(c3csc(NC(=O)CC)n3)Cc3ccccc32)c(CS(C)(=O)=O)c1,9.9,0.4878317690142522,0.7409676784320438,0.17892644880918432
CCC(=O)NCCC(=O)CN(C)C(=O)N[C@@H](C)c1ccnc2c1OCO2,7.9,0.7120231830931613,0.7320500146582971,0.20588844974005646
N=C1SCC(=O)N1c1ccc(OC(=O)Nc2ccccn2)cc1,8.8,0.9029821455699094,0.8347799630650674,0.33166821693599635
CC(=O)NC(=O)[C@H](NC(=O)CCO)NC(=O)N(C)CC(C)(C)c1ccnc2c1OCO2,8.8,0.3854001377462222,0.6792544975806108,0.11518530185021571
CC1=NN(N2C(=N)SCC2=O)C(=O)/C1=N\NN1CCCC1=O,8.0,0.6527451751727398,0.669231887032493,0.17473515413288315
CCN1C(=O)N[C@H](C(=O)CNc2cccc(F)c2)C=C1C,7.6,0.8733090890254366,0.7393930731978997,0.2453731026507468
CC1CCN(C(=O)NCNC(=O)NS(=O)(=O)[S+]([O-])CC(=O)N(C)[C@H](C)C(=O)NC(C)(C)C)CC1,8.5,0.1864857316768934,0.6405147052728003,0.05076491272160835
CCc1nc(N)sc1C(=O)[C@@H](NC(=O)c1ccc(OC)cc1)C(=O)N1CCCCC1,9.2,0.5144890837573257,0.7751229958085016,0.18344446715986473
Cc1[nH]c(=O)c(-c2cc([N+](=O)[O-])ccc2Cl)cc1-c1ccc2c(c1)NC(=O)CC2,11.4,0.4915616459320788,0.8186015234397119,0.22936407396798328
C[C@@H]1CC(c2ccc(C(=O)C3Cc4ccccc4C3)cc2)=NO1,9.7,0.8091112170971757,0.7943202044864177,0.3117062928971882
CC1=NN(c2ccc3c(c2)CNC3=O)C(=O)/C1=N\NNC(=O)C(=O)N[C@H](C)c1cccc2ccccc12,11.5,0.31305697727301224,0.721027715001155,0.1297905852682889
NC(=O)c1ccc(C(=O)c2ccc(N3CCc4cc(F)ccc43)cc2)cc1,10.9,0.7190100200636618,0.8878843503385657,0.3479267707803732
CCc1nc(N)sc1C(=O)/C([O-])=C/NC(=O)NS(=O)(=O)C(C)C,7.6,0.3570765891360911,0.7035189141140186,0.09545985101293294
COc1cc([NH3+])c(CC2CCN(C(C)=O)CC2)cc1C(=O)CCC(=O)C1Cc2ccccc2C1,9.1,0.6082221531655535,0.7699894405854768,0.21308770913777558
Cc1ccc(C(=O)c2cc(C(=O)C3Cc4ccccc4C3)ccc2O)c(F)c1F,11.2,0.6487064576730287,0.8381033278081829,0.3044625029299971
O=C(NCc1cccc(N2CC[C@@H]2c2ccccc2)c1)c1ccccc1O,10.3,0.7159430134060402,0.8378729398851207,0.30893267787785655
Cc1cc(=O)c(O)c(Cc2ccccc2[C@@]2(C(=O)N(C)C(=O)N3C(=O)Cc4ccccc43)NCCCS2)n1C,12.5,0.5174545136737891,0.6616319491811864,0.21397777405912
CCC(=O)Nc1nc(N2CCc3c(cc(N4CC(C)(C)c5cc(C)ccc54)n3C)C2)cs1,9.6,0.5999024201156231,0.7475919431525883,0.2152714636589659
CC(=O)N1CCC(Cc2ccc3[nH]c(=O)[nH]c3c2)CC1,9.1,0.8733409504970752,0.8577228963285266,0.34083346094191014
Cn1ccnc(NC(=O)c2ccc(F)cc2ON2CCc3cc(F)ccc32)c1=O,10.1,0.731383994634677,0.8027778396558654,0.29650512590171
CCC(=O)Nc1nc(-c2cccc(CNC(=O)c3ccccc3O)c2)cs1,9.9,0.605695675929908,0.8854737609279767,0.265482175931017
Cc1nn(-c2nn(N3CCc4[nH]c(=O)ccc4C3)c3c2COC3)c(C)cc1=O,9.4,0.6936127344403864,0.6966551873451742,0.22710818744458602
Cc1cc(=O)c(O)c(Cc2cc(Br)ccc2N2CC[C@@H]2c2ccccc2)n1C,9.6,0.641043638656885,0.7641890292975511,0.235141687662036
CC(=O)N1CCC(CC(=O)C(C)(C)c2cccc(N)c2C(=O)CCO)CC1,7.9,0.5634194510615241,0.7943877838913145,0.1767915440063599
C[C@H](CC=O)S(=O)(=O)NC[C@H](C)NC(=O)C(=O)C1Cc2ccccc2C1,8.0,0.47520602321011224,0.6954060693021923,0.1321844610837082
CC1=C(NC(=O)NCCC[SH](=O)=O)S(=O)(=O)NC1=NN1CCc2cc(F)ccc21,9.3,0.35845570420552836,0.6673032993181544,0.11122738344522909
Cc1cccc(NC(=O)C2=CC=C(Br)C=CC[NH+](CNC(=O)Oc3ccccc3)CCO2)c1,9.8,0.5734977585637598,0.6190980408243372,0.17397515598454652
C[C@@H](CCC(=O)C1Cc2ccccc2C1)NC(=O)N1CCOCC1,9.3,0.9001234165606742,0.7960952706808236,0.33321155765315325
CNC(=O)c1cc(-c2cc3c(n2C)CCNC3)ccc1C,8.7,0.885361268521661,0.8193884895159389,0.3155728521330975
CCC(=O)N(CCc1ccc(C(=O)NCc2c(C)noc2C)c(N)c1)N1CCc2cc(F)ccc21,9.3,0.4775886951473498,0.7786623481603345,0.1729243556904935
[N-]c1ccc(NC(=O)N2CCOCC2)cc1C1=CC[C@H](Nc2ccc(C(F)(F)F)cn2)[C@H](c2ccccc2)C1,10.9,0.3729807059388887,0.682005529046196,0.13863432250444213
Cc1cc(=O)c(O)c(Cc2ccc(N3C(=O)CCCc4sccc43)c(F)c2)n1C,9.2,0.7016323237578369,0.7858596430978315,0.25363688266574846
CC1=NN=C(C(=O)c2ccc(C(N)=O)cc2)SC(CNC(=O)c2ccccc2Cl)=N1,9.3,0.6678285277655481,0.7856596618080888,0.2439789599005846
N=C1SCC(=O)N1n1c(=O)[nH]c2cc(-c3ccc(-c4ccccc4)cc3)ccc12,9.4,0.5486445913833125,0.805432346937202,0.20769116740996385
CC1=C(C2=Cc3ccccc3OC=C2)S(=O)(=O)N/C1=N\[C@H]1CCCN1C(=O)NCC(=O)NC(=O)N[C@@H]1CCSC1,12.1,0.4110857830139238,0.5941197770912602,0.14776168723061922
CC1=C(C=O)S(=O)(=O)NC1=NC(=O)NCc1c(C)noc1C,7.9,0.7683670695537221,0.6988388505052525,0.21210108006293998
C[C@@H](C(=O)Nc1ccc2c(c1)NC(=O)CC2)S(=O)(=O)[SH2](=O)c1ccc([N+](=O)[O-])cc1,10.2,0.38084011161977255,0.6960134049928135,0.13518560965162374
CC(F)(F)Nc1cc(Br)c(N2C(=N)SCC2=O)cc1Oc1cccc(F)c1C(N)=O,9.1,0.5028804192966615,0.7452168453652723,0.17051350664722167
Cc1cccc2nnc(-c3ccc(C4=NO[C@H](C)C4)cc3)n12,9.4,0.728435070559506,0.7729074267916283,0.2646160517063352
Cc1ccc(NC(=O)N2CCOCC2)c(NN2C(=O)CCCc3sccc32)c1,9.7,0.8253792508776856,0.8070208141258008,0.3230576439778389
CCc1nc(N)sc1C(=O)[C@H]1CN(C(C)(C)C=O)Cc2ccccc21,7.7,0.6573476406146425,0.701961821693904,0.177651684707437
Cc1ccc(C(=O)c2cccc(Oc3cccc(N4CC[C@@H]4c4ccccc4)c3)c2)c(F)c1F,10.9,0.2869227456721788,0.7963501287198511,0.12452757616953751
CCCC(=O)NC(=O)NCC(=O)Nc1ccc(C(=O)[NH+]=CN)cc1C,8.8,0.32276610740756373,0.7829234926118461,0.11118851396763445
CC(C)c1ccc(-c2ccc(N3C(=O)Cc4cc(N5CCc6[nH]c(=O)ccc6C5)ccc43)cc2)cc1,10.6,0.39690263929161657,0.8141291738992122,0.17125890945779743
Cc1cc(C(=O)c2cc3c(cc2F)CCCC(=O)N3Cc2ccnc3c2OCO3)ccc1O,11.8,0.6057512584448735,0.7869380653321966,0.2812463468019598
O=[N+]([O-])c1cccc(-c2cc(C(F)F)nc(C3=Cc4ccccc4OC=C3)n2)c1,11.1,0.43586796749925827,0.7828472196147254,0.18937600469413327
Cc1ccc(C(=O)C=C([O-])NS(=O)(=O)[C@@H](C)[C@@H](C)O)c(F)c1F,8.2,0.4381569936067396,0.6514752747525406,0.11703386359582611
Cc1cc(=O)n(-c2ccc(S(=O)(=O)c3ccc(N4C(=O)Cc5ccccc54)cc3)cc2)cn1,10.6,0.4672341131870967,0.8353624515842424,0.20686421215555412
CCC(=O)Nc1nc(-c2ccc(ON3CCc4[nH]c(=O)ccc4C3)cc2)cs1,9.3,0.691559822248281,0.799116350688004,0.25697609406843336
CCCc1nc2c(Nc3ccc(C)c(C(N)=O)c3)c(C)nn2c(NC)c1C(=O)c1c(C)cccc1C,10.1,0.3022715133114296,0.776574151784575,0.11854180324952397
Cc1[nH]c(=O)c(-c2ccc(-c3ccccc3)cc2)cc1-c1ccc2c(c1)CNC2=O,9.8,0.5193948871199797,0.8472517800346897,0.2156285389001266
CC(C)[C@H](C)CC(=O)NNC(=O)C(=O)NN=C1CCC(C2=Cc3ccccc3OC=C2)CC1,0.0,0.46943524933028175,0.6978552305277244,0.0
N=C1SCC(=O)N1CC(=O)NC1CN(C(=O)c2cccs2)C1,7.2,0.8199594498152177,0.8045519374738548,0.23749198703957858
CC1=NN(OCC(=O)NC=O)C(=O)/C1=N\NCNC(=O)c1ccccc1Cl,9.0,0.2323887641115748,0.7329577649239805,0.0766490171114997
CCNc1cc(-c2cc(I)ccc2C(=O)Nc2ccccn2)nc(C)n1,9.5,0.5612814592958375,0.8350078576040608,0.22262035369876162
CCC(=O)Nc1nc(-c2ccc(OC)c(COCNc3ccc(C(F)(F)F)cn3)c2)cs1,9.1,0.3344647091628683,0.8176281824688275,0.12442783637502446
NC(=O)c1ccc(=O)n(Cc2ccc(C(F)(F)F)cn2)n1,8.3,0.9072168792951028,0.8468117974598532,0.318820411840349
Cc1cccc2nnc(C(=O)C(C)(C)C3=CC=C4C(=O)OCCN4CCC3=O)n12,10.4,0.5795415917717579,0.7170976298024849,0.21610570895237322
CNC(=O)N1CCC[C@H](c2ccc(N3C(=N)SCC3=O)cc2[N+](=O)[O-])C1,8.8,0.6175389749054816,0.7377427497010322,0.20045735661350375
Cc1cc(=O)n(Cc2ccc(N3C(=O)CCCc4sccc43)cc2)cn1,9.0,0.7116596188966263,0.8307370994613026,0.2660409214226637
Cc1cccc(C)c1C(=O)c1cc(C(F)(F)c2c3c(nn2C)CCCC3)ccc1F,11.0,0.5360959056058441,0.7956679145994742,0.2346048711812952
Cc1cccc2nnc(N3CCCO[C@H](CCC(=O)NC4CCCC4)C3)n12,10.0,0.8741837849202103,0.7675742057079054,0.3355004621764304
Cc1ccc(NN2C(=O)CN([C@]3(C)COCCN3C(=O)C[C@H]3CCCCN3)C[C@@H]2C)cc1C(N)=O,11.1,0.5499361617828736,0.6270612819905695,0.1913882394144008
C[C@H](NC(=O)N(C)CC(=O)C1=Cc2ccccc2OC=C1)C(=O)NNC=O,9.5,0.4717317943986879,0.7094134578987528,0.15896011964594942
O=C([C@@H](NN1C(=O)CCCc2sccc21)c1ccc(F)cc1)N1CCCCC1,9.7,0.8475588336643597,0.7599747939001933,0.3123998247171946
Cc1cc(C(=O)S(=O)(=O)NC(=O)NC(=O)NC(=O)NNC=O)ccc1O,9.8,0.2669650590644998,0.7528445866407899,0.09848176777408425
CCNc1cc(N(C)C(=O)C2CN(C(=O)c3cccs3)C2)nc(C)n1,8.5,0.8835054323614037,0.808606124259823,0.3036233589553079
CCc1cc(=O)[nH]c(NN2CCc3ccccc3C2)n1,8.2,0.8912065272591926,0.798339211652646,0.2917088977206364
CCNC(=O)N(C)[C@H](C)Cn1nc(C(N)=O)ccc1=O,7.5,0.7498026592245087,0.7644700856493889,0.21495063866906242
Cn1c(C(=O)C2Cc3ccccc3C2)cc2c1CCNC2,9.4,0.8563168100817815,0.7964585132404777,0.3205497823076652
CCc1nc(N)sc1C(=O)c1ccc(C(=O)Nc2ccccn2)c(C)c1,9.2,0.6738250135395073,0.8444535785621107,0.2617464142437258
CCc1cc(=O)[nH]c(NN2CCc3ccccc3[C@H]2c2c3c(nn2C)CCCC3)n1,11.2,0.6990589936616886,0.6951359363162699,0.2721269757356232
Cc1cc(=O)n(C2=CC=C(N3CCOCC3)C(=O)N(S)N2C(=O)[C@H](C)O)cn1,8.3,0.6430037228071271,0.663408200000266,0.1770281860714927
C[C@@H](C(=O)NC(=O)N[SH](=O)=O)S(=O)(=O)C(=O)C1Cc2ccccc2C1,9.2,0.5661601989453469,0.6774973846816409,0.17644314488430257
CNC(=O)c1cc(-c2c([O-])nn(C(=O)c3cccc(NC(=O)c4ccc(F)cc4Cl)c3)c2C)ccc1C,10.8,0.40683701360663255,0.8010835471287314,0.17599163650016103
CCC(=O)Nc1nc(N2C(=O)CN([C@H](CC(C)C)C(=O)NC=O)C[C@@H]2C)cs1,8.6,0.6245521035325221,0.6679731522061167,0.1793891360448393
Cc1noc(C)c1CNC(=O)[C@@H](C)N(C)C(=O)N[C@H](C)[SH](=O)=O,7.8,0.6182490086299592,0.668913592875096,0.1612865146051116
Cc1cc(C(=O)C2Cc3ccccc3C2)c(C)cc1ON1CC[C@@H]1c1ccccc1,10.6,0.5217689583702807,0.7571527356089313,0.20938116091851675
O=C1CCCc2sccc2N1c1cccc(-c2ccccc2Nc2ccc(C(F)(F)F)cn2)c1,11.6,0.3282632428862202,0.8194895943008093,0.15602482080728403
Cc1cccc(NC(=O)c2cc(N)c(CNC(=O)c3ccccc3Cl)cc2-c2ccc(F)cc2)c1,10.3,0.28219796047107953,0.8669138220832371,0.12599027593548007
CC1CCN(C(=O)NCn2c(=O)[nH]c3ccccc23)CC1,8.1,0.8832062676460668,0.848117802857964,0.30337049847047787
CCNc1cc(-c2ccc(CNC(=O)c3ccccc3O)cc2)nc(C)n1,9.4,0.6244688625919247,0.877843191497407,0.25764729748437193
Cc1cc(C(=O)C2=CC=C(C(=O)c3c(C)cccc3C)N=C(O)[C@H](C)C=C2)ccc1O,0.0,0.6586501926680184,0.6525236018891472,0.0
CC(=O)N1CCC(C[C@@H](C)CCNC(=O)NN(CC(C)(C)C)C(=O)c2cccc([N+](=O)[O-])c2)CC1,8.8,0.42216751448325385,0.7373622348060975,0.13696776805443936
CCCCNC(=O)[C@@H](C)S(=O)(=O)[C@@H]1OCCN(N2CCc3[nH]c(=O)ccc3C2)C1=O,8.7,0.5497082057806131,0.6472813267556705,0.15477989769327713
C[C@@H]1N(c2ccc3c(c2)NC(=O)CC3)c2ccccc2C(=O)[NH+]1CNC(=O)N1CCCC1,11.9,0.6884334113433619,0.6670747267074228,0.2732457351882385
Cc1cc(C(=O)CN[C@H](C)c2c3c(nn2C)CCCC3)ccc1N1CCOCC1,7.9,0.7609900392037043,0.7552292592067357,0.22701516771074975
O=C(CCn1c(-c2ccco2)ccc1C1(NC2=Cc3ccccc3OC=C2)CCCCC1)c1ccccc1,11.7,0.24966405958335622,0.7455580110916915,0.1088913382268661
C[C@H](NC(=O)N1CCOCC1)c1c(Cl)cc(C2=Cc3ccccc3OC=C2)cc1Cl,11.4,0.6749106798217156,0.7323543230084337,0.2817360397868368
O=C(NN1CCC2=C(C[NH+]=N2)C1)C(=O)N1CC[C@H](O)C1,7.9,0.4492074180693018,0.6002834637972261,0.1065124550284094
Cc1cc(C(=O)[C@H]2CNCc3ccccc32)ccc1O,8.9,0.8225638884388051,0.8047028969956064,0.2945541970758514
Cc1cc(C2=Cc3ccccc3OC=C2)cc(-c2ccc3c(c2)CNC3=O)c1,11.9,0.6645301549633508,0.7941640147372941,0.31400883178891603
CCNC(=O)N(C)[C@H](C)CNC(=O)c1ccccc1O,7.9,0.7565014198392247,0.8205839436292849,0.24520530278886563
N=C1SCC(=O)N1[C@@H](NN1CCN(C(=O)c2ccccc2)CC1)C(=O)N1CCCCC1,9.9,0.6969231003327603,0.7351235534311272,0.2536006700625041
C[C@H](NC(=O)[C@@H](C)O)C(=O)NNC(=O)C(=O)CNC(=O)NC1=Cc2ccccc2OC=C1,10.2,0.2264572211507972,0.6831191627062068,0.0788956063236665
CCN1C(=O)NCC(CCC(=O)NC2CCCC2)=C1C,6.9,0.8097134817169228,0.8128598444681064,0.22707333331019067
Cc1cccc(NC(=O)Cc2cc(Cl)cc(Br)c2N2C(=O)CCCc3sccc32)c1,10.2,0.43293165202124995,0.813782462928537,0.1796792148914023
CCC(=O)Nc1nc(-c2ccccc2-c2ccc(F)c(O)c2)cs1,8.7,0.7240853489384788,0.8713656864344925,0.27446026029499737
CNC(=O)NC(=O)CNC(=O)C(=O)NN=C1CCC(C(=O)c2ccc(C(N)=O)cc2)CC1,9.1,0.2168098443919863,0.8133890410546862,0.08023959189665213
CC1CCN(C(=O)NCN2C(=O)Cc3ccccc32)CC1,8.5,0.9039392806794373,0.846443956704118,0.3251819250773953
CCN1C(=O)N[C@H](C(=O)Nc2nccn(C)c2=O)C(C(=O)NC(=O)CCCCC(=O)NNC[C@H](O)CO)=C1C,9.8,0.1016443639388327,0.6587312806530795,0.03280859779401153
Cc1cc(C(=O)N=C(O)COc2cccc(C(=O)CNC(=O)N3CCCC3)c2)nc(=O)[nH]1,9.4,0.33172596435880064,0.7826092081098532,0.12201754330986964
NC(=O)c1ccc(C(=O)C(=CC(=O)C(=O)Nc2ccccn2)N2CCOCC2)cc1,10.3,0.3931699315754694,0.8173214674534238,0.16549330609841983
CC(C)(CC(=O)NC(=O)N1CCOCC1)CC1=CC=CC([N+](=O)[O-])=CC(=O)NC1=O,9.8,0.3769992008070832,0.6924265382010686,0.12791168324451488
CCc1cc(=O)[nH]c(Nc2nc(-c3ccnc4c3OCO4)c(C#N)n2N2C(=O)CCC[C@@]23CC[C@H]3C)n1,10.0,0.5364289616442859,0.541014838298828,0.14510801397139578
C[C@H](NC(=O)N1CCOCC1)c1cccc(N2C(=O)Cc3ccccc32)c1,10.4,0.9095122047453607,0.8100986807784373,0.3831332113523744
O=C(Nc1ccc(Nc2ccc(C(F)(F)F)cn2)cc1Cl)c1ccc(F)cc1Cl,8.7,0.4495328091012045,0.8693181070104623,0.16999234963142526
Cc1ncc(CNC(=O)c2ccc(N3CCC(C)CC3)cc2)s1,8.5,0.9316809269026416,0.8780067695918738,0.3476594183910642
CCNc1cc(-c2ccc(C(=O)c3ccc(O)c(C)c3)cc2)nc(C)n1,9.8,0.6788955087523972,0.8669387208171158,0.2883947939238813
NC(=O)c1c(F)cccc1On1c(=O)[nH]c2ccccc12,8.6,0.7627658925348884,0.8296247346267602,0.2721080640059383
CNC(=O)N1CCC[C@H]([C@H]2[C@@H](c3cc(O)ccc3Oc3cccc(F)c3C(N)=O)C2(Cl)Cl)C1,0.0,0.5353312120872474,0.6792511484454608,0.0
Cc1cc(=O)n(C(=S)N(C)CC(=O)c2ccc(C)c(F)c2F)cn1,8.7,0.6260507835353424,0.7685343091720492,0.2092965552974652
Cc1cccc2nnc(-c3cccc(NC(=O)NCn4nc(C(N)=O)ccc4=O)c3)n12,11.1,0.44234817015186073,0.8095372924513266,0.19874402369197247
CS(=O)(=O)c1cccc(NC(=O)NS(=O)(=O)N2CCc3cc(F)ccc32)c1,10.3,0.7915965356285145,0.8424816152358309,0.3434563468949704
CN(CC(C)(C)NC(=O)CNS(C)(=O)=O)C(=O)NC(=O)C1Cc2ccccc2C1,9.9,0.5688658639111932,0.791106593203756,0.22276660011640428
Cc1nn(NC(=O)C(=O)N2CC[C@H](O)C2)c2cc(Br)c(Nc3ccc(C(F)(F)F)cn3)cc12,9.9,0.45212343484953565,0.7067220353523456,0.15816516908314193
O=CNS(=O)(=O)CNC(=O)N/C=C(\[O-])N1CCc2[nH]c(=O)ccc2C1,9.3,0.31075222896995913,0.6769911855753192,0.09782508175840376
CNS(=O)(=O)c1cconc(OCC(=O)NS(=O)(=O)NC(=O)c2ccc(F)cc2Cl)c(C)cc1C,9.8,0.4371275295978184,0.7281822933813407,0.15597117823130308
Cn1nc2c(c1-c1cccc(-c3cccc(C(=O)C4Cc5ccccc5C4)c3)c1)CCCC2,11.9,0.35833863983899344,0.8244521844878818,0.1757826792689963
Cc1cc(C(=O)c2ccc([C@H](C)NC(=O)N3CCOCC3)cc2F)nc(=O)[nH]1,9.3,0.7736582460494157,0.7707416870260607,0.2772751577099137
Cc1cc(CNC(=O)N2CCCC2)c(C(O)=NN2CCc3[nH]c(=O)ccc3C2)[nH]1,9.4,0.46217610363927675,0.7393771547398411,0.16060955267385058
Cc1[nH]c(=O)c(C(=O)Nc2nccn(C)c2=O)cc1-c1ccc(OC(F)(F)F)c(Cl)n1,9.7,0.583689034213954,0.788646291785326,0.22325723330846764
CC(=Cc1ccc2c(c1)CNC2=O)Cc1c(O)c(=O)cc(C)n1C,9.6,0.9097967657086128,0.7707930140088791,0.33660719576451437
Cc1nc(C(=O)NCc2c(C)noc2C)c(C)c([C@H](C)NC(=O)N2CCOCC2)c1C,9.8,0.7562031845231438,0.7489314745252347,0.27750873935254217
COc1cccc(Oc2ccc(-c3cc(N4CC[C@@H]4c4ccccc4)c(=O)[nH]c3C)cc2)c1,10.6,0.3950324377721251,0.795985162289511,0.16665317831752308
CC(C)N(C)C(=O)CS(=O)(=O)S(=O)(=O)[C@@H](C)C(=O)NC(=O)Nc1ccccn1,9.2,0.5546361428458183,0.7299512733652571,0.18623438501336187
Cc1noc(C)c1CNC(=O)c1ccc(Oc2cccc(F)c2C(N)=O)cc1,9.3,0.6793455681490795,0.8653910749191387,0.2733733100298695
Oc1cc(-c2ccc(Oc3ccc(Cl)cc3)cc2)nc(-c2ccc(F)c(O)c2)n1,9.7,0.44556948436207716,0.8578739109956336,0.1853875815424514
CCNC(=O)N(C)CC(=O)c1ccc2c(c1)NC(=O)CC2,8.4,0.8227093465090667,0.8427114810188835,0.291188776974788
CCCN(C(=O)C1=CN(C)C(=O)N(C)C1)[C@@H]1CC(=O)NCCN1C1=NO[C@H](C)C1,9.3,0.727810140404646,0.5937473370535911,0.20094292972682434
CC(=O)NC[C@@H](O)C[C@@H](O)S(=O)(=O)NC(=O)COC(=O)Nc1cccc(C)c1,8.3,0.34722957044699976,0.7289963020036878,0.10504856521290962
CCNc1cc(-c2cc(C(=O)NCc3cnc(C)s3)ccc2OC)nc(C)n1,8.5,0.6333427046985329,0.8367005573549113,0.22521523245762
Cc1cc(=O)c(O)c(Cc2ccc(N3CCc4cc(F)ccc43)cc2)n1C,10.4,0.7684058009450551,0.82966025075394,0.3315081897362854
CNC(=O)c1cc(-c2ccc(NC(=O)CN(C)c3ccccc3N3CCc4[nH]c(=O)ccc4C3)cc2)ccc1C,10.5,0.3270495041176678,0.8043253412451623,0.13810345710183974
C/C(=C\C(=O)Nc1cc(C(=O)[O-])ccc1C(C)(C)C)C(=O)c1ccc(O)c(C)c1,10.1,0.5985112854519842,0.7843473652522204,0.23706757865808162
Cc1cc(C(=O)n2c(=O)[nH]c3cc(-c4ccc(-c5ccccc5)cc4)ccc23)nc(=O)[nH]1,8.9,0.4624655076536629,0.825121809373324,0.1698077175193347
C[C@]12C(=O)N(CNC(=O)Oc3ccccc3)C(=O)[C@H]1[C@H]2CNC(=O)N1CCCC1,9.7,0.7213804206722608,0.6931821186635712,0.24252328405654774
CNC(=O)N[C@]1(CC(C)(C)CC(=O)C(=O)c2ccc(C(N)=O)cc2)CCCC[C@@H]1NS(=O)(=O)c1ccccc1,9.0,0.24543192096740066,0.6846145667374768,0.07561182070648964
Cc1noc(C)c1CNC(=O)c1ccc([C@H](C)NC(=O)N2CCOCC2)cc1,9.9,0.822058962334733,0.8133341120628869,0.3309612551159598
Cc1ccc(N=C(O)CN(C)S(=O)(=O)CNC(=O)NS(=O)(=O)Oc2cccc(F)c2C(N)=O)cc1,9.8,0.2531204357859797,0.7499063843672887,0.09301014909677091
Cc1cc(C(=O)N2CCc3ccccc3C2)ccc1O,8.4,0.8627266279157783,0.9060986048305512,0.3283204654399542
Cc1cc(=O)n(C(=O)NC(c2ccc(O)cc2)c2nnc3cccc(C)n23)cn1,10.2,0.5526385502480223,0.7384315739064351,0.20812373477511903
CCOc1cc(Cc2c(O)c(=O)cc(C)n2C)c(C)cc1C1=NO[C@H](C)C1,8.8,0.8771035354861181,0.7211745057158007,0.2783196718129443
CC(=O)N1CCC(CN2N=C(C)/C(=N/Nc3ccc([N+](=O)[O-])cc3)C2=O)CC1,10.0,0.6113405445663638,0.8090561636765352,0.24730441784339308
CC(NC(=O)C(=O)N1CC[C@H](O)C1)(C1(O)CCCCC1)S(=O)(=O)Nc1ccc(C(F)(F)F)cn1,10.3,0.4330800081272839,0.6667120973287172,0.14870093547278487
Cc1cccc(NC(=O)[C@H]2N[C@@H](C(=O)C3Cc4ccccc4C3)C(=O)Nc3ccc(Cl)cc32)c1,11.1,0.49493478107901745,0.7169155107687062,0.19692866386282615
Cn1ccnc(NC(=O)[C@@H](NC2=CC=CN=CN(CCCO)C(=O)CO2)C(=O)N2CCCC2)c1=O,9.0,0.39090832491404515,0.6066492701928435,0.1067149125096356
CCC(=O)Nc1nc(S(=O)(=O)NC(=O)CO[SH](=O)=O)cs1,7.3,0.5174157837420116,0.7323167955319568,0.13830297807827613
Cc1noc(C)c1CNC(=O)n1c(=O)[nH]c2ccccc12,8.9,0.7493936269271387,0.8365300801287159,0.2789661882976822
C[C@H](NC(=O)N1CCOCC1)N1CCN(CCC(C)(C)C(=O)C2Cc3ccccc3C2)CC1,10.2,0.6826371148137395,0.7410033360483762,0.25797655348758386
C[C@@H](CNCCC(=O)NCC(=O)NCC(=O)[O-])NC(=O)C(=O)CNc1cccc(F)c1,7.2,0.15408560517371125,0.73513165552071,0.0407783541683739
O=C(NCc1ccc(C2CN(C(=O)c3cccs3)C2)cc1)c1ccccc1O,8.8,0.6967312528633942,0.8772171104220973,0.2689212136061415
CNC(=O)c1cc(-c2cc(C)cc(CNC(=O)Oc3ccccc3)c2)ccc1C,9.6,0.670217043321717,0.8780517608566161,0.2824729224214793
CC(=O)C(=Nc1ccc(NC(=O)N2CCOCC2)cc1)c1cccc(Oc2cccc(F)c2C(N)=O)c1,8.6,0.46483095066036134,0.8119283004146612,0.16228604361241333
CS(=O)(=O)N(CC(=O)N[SH](=O)=O)CN1CCc2cc(F)ccc21,7.6,0.6302266610327385,0.7389607586136049,0.17697085318340325
Cc1ncc(CNC(=O)C2(Nc3ccc(NC(=O)[C@@H](C)N4CCC(O)CC4)cc3)CCCCC2)s1,9.9,0.44165862141510154,0.7617911902716846,0.16654356521627295
Cc1cc(C(=O)c2c(C)ccc(N3CCc4cc(F)ccc43)c2C(F)(F)F)ccc1O,10.7,0.40452376166281706,0.816673102817431,0.17674456644629516
CC(=O)N1CCC(Cc2ccc(-c3nnc4cccc(C)n34)cc2F)CC1,10.7,0.7110046261196394,0.8325512834054989,0.3166920804809867
CCC(=O)Nc1nc(N2NCC(=O)N[C@H]2c2c3c(nn2C)CCCC3)cs1,9.7,0.7269238001275938,0.6767478674891623,0.23859290380828155
C[C@@H](NC(=O)[C@H](C)S(C)(=O)=O)n1nc(N2C(=O)CCCc3sccc32)c2c1COC2,9.1,0.7433452669232705,0.6318101497399152,0.2136921534034782
CC1=NN([C@H]2CCCN2C(=O)C(C)C)C(=O)/C1=N\NN1C(=O)CCCc2sccc21,8.8,0.7399090198772026,0.6716092595447657,0.21864908954689743
Cn1ccc2c1CCN(C1=Cc3ccccc3OC=C1)C2,9.4,0.7958220847279832,0.7505802925188408,0.2807443353795992
CC1CCN(C(=O)NCc2ccc(Oc3cc(Cl)ccc3N3C(=O)CCCc4sccc43)cc2)CC1,9.6,0.38643739618841616,0.8158192626566088,0.15132627437825927
C=CC=C1CC(=O)N(c2cc(ON3C(=N)SCC3=O)on2)C1=C,8.7,0.9028976351016847,0.6304557570627364,0.24761810025836128
COc1cc(NC(=O)C2=CC=CC2)cc(Cn2nc(C(N)=O)ccc2=O)c1C,9.5,0.7883163070562221,0.7982058678185469,0.2988883834449288
Cc1cc(C(=O)c2ccc(-c3ccc(F)c(-c4ccnc5c4OCO5)c3)c(-c3ccccc3)c2)nc(=O)[nH]1,13.3,0.3138782325395142,0.7854154131586513,0.16393899312486732
O=CCNC(=O)NCc1cccc(NCCCOC(O)=NCCOc2cccc(OCF)c2)c1,7.5,0.13456935648227708,0.7876545864515155,0.03974781406091045
N#Cc1cc(CSCC(=O)Nc2nc(Cl)ccc2C(=O)NCn2nc(C(N)=O)ccc2=O)c[nH]c1=O,10.2,0.27939812325661995,0.7578129194613425,0.10798306881333078
C[C@@H](CCNC(=O)NN1CCc2cc(F)ccc21)c1cccc([O-])c1,9.8,0.8777874622794071,0.7287279372276864,0.31343744088848696
C[C@@H]1CC(S(=O)(=O)Nc2cccc(-c3c4c(nn3C)CCCC4)c2)=NO1,9.5,0.895076400725654,0.7182822449655275,0.30538580610122124
CCc1nc(N)sc1C(=O)c1ccc(-c2ccc3c(c2)CNC3=O)cc1,10.3,0.6956121058592787,0.8254157578119611,0.29569713465302044
CNC(=O)c1cc(OCC(=O)NS(=O)(=O)CNC(=O)N(C=O)C(C)C)ccc1C,8.1,0.4573716015323252,0.7751175950224503,0.14357929420357743
CC1CCN(C(=O)NCc2cccc3c2CCNC3)CC1,9.2,0.876222594481483,0.8484171513237059,0.34196504766630537
CC1CCN(C(=O)NCOCC(=O)N[C@@H](Oc2cccc(F)c2C(N)=O)c2ccc(F)cc2)CC1,10.0,0.36848570811033,0.742182066252846,0.1367417421149839
Cc1cc(C(=O)c2ccc(Br)c(C)c2Nc2ccc(C)c(C(N)=O)c2)ccc1O,10.7,0.46599356412454446,0.8415704560854377,0.20980903271684673
Cc1ccc(NC(=O)NC(=O)c2ccc(-c3ccc4c(c3)CNC4=O)cc2)cc1C(N)=O,9.8,0.5088180502010805,0.8516343363149813,0.21233019201915923
Cc1cc(=O)n(-c2cccc(CNC(=O)Oc3ccccc3)c2)cn1,8.1,0.7955612034122779,0.8719329823051594,0.2809388013425073
COc1cccc(C(=O)CNC(=O)Oc2ccccc2)c(C)cc(CNC(=O)N2CCCC2)c(C)c1,9.3,0.5468613320384599,0.7992218703546666,0.2032345445266364
CCc1nc(N)sc1C(=O)c1ccc([C@H]2CCCN(C(=O)NC)C2)cc1,9.5,0.8075949082857973,0.7782367404515296,0.29853751378905563
Cc1cc(=O)n([C@H](NC(=O)C(=O)c2cnc(-c3ccccc3)s2)C2CCC2)cn1,9.4,0.4998720543054171,0.7350852324430205,0.1727008256585078
CCN(CCN(C)C(=O)C(=O)N[C@@H](C)CNNc1ccc(C)c(C(N)=O)c1)C(C)=O,8.3,0.3066971150907144,0.73399160386711,0.09342193957384239
CNC(=O)c1cc(-c2cc(=O)nc(CNC(=O)c3ccccc3Cl)[nH]2)ccc1C,10.0,0.6010904152927322,0.8528617323665875,0.25632350644775553
Cc1noc(C)c1CNC(=O)c1ccc(N2CC[C@@H]2c2ccccc2)cc1,9.7,0.7408232954403394,0.8186174184510209,0.29412866401624804
Cc1ccc(NN2CCC3=C(C[NH+]=N3)C2)cc1C(N)=O,9.4,0.7196962924334698,0.6855930717671233,0.23190683217837002
CC(C)CNC(=O)C(=O)[SH2](=O)C(=O)CN(C)C(=O)N[C@@H](C)C1=Cc2ccccc2OC=C1,9.6,0.6082949295856785,0.6429678058886334,0.18773474698026457
CC(C)[C@@H](NC(=O)Cc1ncc(C(=O)CNc2cccc(F)c2)cn1)c1ccc2c(c1)CNC2=O,10.1,0.4098337304609507,0.7470569929134869,0.15461542290770056
CNC(=O)NCNC(=O)N(C)CC(=O)Nc1nnc2cccc(C)n12,9.5,0.5410057633173694,0.7856924118852411,0.2019054584367039
CCC(=O)Nc1nc(-c2c(CN(CC)Nc3ccc(C(F)(F)F)cn3)cccc2Oc2ccc(N)cc2)cs1,10.5,0.14579376596148141,0.7737991686334368,0.05922792481878939
O=C(NCc1cc(C(F)(F)F)cnc1-c1ccc(Br)cc1)N1CCCC1,9.7,0.7611765003908832,0.8581235469498871,0.31679398700960854
CNC(=O)c1cc(-c2ccc(-c3ccc4c(c3)CNC4=O)cc2C)ccc1C,10.7,0.7244336947166123,0.8520351240540349,0.3302249798265335
O=C1Cc2ccccc2N1NCC1=Cc2ccccc2OC=C1,10.0,0.9472870699934864,0.7704599850039128,0.364923390870791
Cc1cc(C2(C)C=CC(C)(Nc3ccc(C(F)(F)F)cn3)C=C2)cc(S(=O)(=O)C(=O)c2cc(C)[nH]c(=O)n2)c1,10.5,0.43668249987303126,0.6804997175185139,0.15601021684966004
Cc1ccc(C(=O)c2ccc(-c3ccc4c(c3)CC(=O)N4CNC(=O)N3CCCC3)cc2)c(F)c1F,11.2,0.5225990474695609,0.8123887776815535,0.23775001677915075
CCc1cc(=O)[nH]c(N[C@H](NCCCCCCCNC(C)=O)C(=O)N2C=CN=CC2)n1,8.4,0.2734748938561827,0.6676034819295951,0.07668057237065988
Cc1cc(C(=O)c2ccc(CNC(=O)N3CCC(C)CC3)c(-c3ccccc3)c2)nc(=O)[nH]1,11.0,0.5833518154306168,0.8263765268706581,0.26513753594858547
CCC(=O)Nc1nc([C@H]2CC[C@@]3(C2)CN(C(=O)C[C@H](C)C2CN(C(=O)c4cccs4)C2)C[C@@H](C)O3)cs1,9.9,0.5499329612965315,0.5825714111500797,0.15858573454372896
CCc1cc(=O)[nH]c(NC(=O)CC(C)(C)CCNS(=O)(=O)c2cccc(F)c2)n1,8.5,0.5697780373368371,0.8003046333006275,0.19379830137428367
NC(=O)c1c(F)cccc1Oc1ccc(NC(=O)c2ccc(F)cc2Cl)cc1O,9.7,0.5686442521290997,0.8673056070104622,0.23919634890893202
C/C(=C\C(=O)Nc1ccc(-c2ccc(F)cc2)cc1)N1CCc2cc(F)ccc21,10.4,0.5936868718003736,0.8557189527009162,0.2641751362480354
Cn1nc2c(c1C(=O)CCc1ccccc1)CCCC2,8.1,0.798545732042354,0.858002341626121,0.2774874137350933
CCOc1ccc(C=NNC(=O)c2ccc(F)cc2Cl)c(N2C(=O)CCCc3sccc32)c1,10.3,0.35914208957721283,0.8075806185236859,0.1493686382819071
Cn1nc2c(c1-c1ccc(N3C(=N)SCC3=O)cc1)CCCC2,9.6,0.9226685079474019,0.7945608488459531,0.35189581098149597
Cc1ccc(-c2ccc(-c3ccc4c(c3)CC(=O)N4N3C(=O)CCCc4sccc43)cc2)cc1,10.1,0.344287825985491,0.8086358226756089,0.14059375204850205
Cc1cc(C(=O)c2ccc(N3C(=O)Cc4ccccc43)cc2)nc(=O)[nH]1,10.1,0.739569383855063,0.8363797910759944,0.3123732478112242
CC1=NN(C(=O)NCC(=O)NC=O)C(=O)/C1=N\NC1=Cc2ccccc2OC=C1,10.8,0.4753426718396231,0.7087457571042708,0.18192443499194794
CCC(=O)NCC(=O)[C@@H](CC(=O)c1ccc(C)c(F)c1F)NC(N)=O,8.2,0.602338017961364,0.771488526872783,0.19052571676415866
CCc1nc(N)sc1C(=O)N[C@@H](C(=O)N1CCCCC1)c1cc(Br)ccc1OC,9.1,0.6580534839834153,0.7733566428152439,0.23155406509066145
Cc1ccc(Nc2ccc(-c3ccc4c(c3)NC(=O)CC4)cc2)cc1C(N)=O,11.1,0.6358541948494699,0.8676555719605589,0.30619485148917874
Cc1ncc(CNC(=O)[N+](C)C(=O)c2c3c(nn2C)CCCC3)s1,9.0,0.8596035085843059,0.7309716835979965,0.2827556207534767
Cc1cccc(NC(=O)NC(=O)CNS(=O)(=O)c2ccc(Nc3ccc(C)c(C(N)=O)c3)c(Cl)c2)c1,11.5,0.30034735432816934,0.8440672364776594,0.14577018277691367
COc1cccc(C(C)C)c1-c1cccc(C(F)(F)F)c1,7.7,0.7254939779751549,0.8896468851791517,0.24849188122290405
CC1CCN(C(=O)NCC2(C)C(C(C)C)CCN2Cn2nc(C(N)=O)ccc2=O)CC1,9.9,0.7067793859792842,0.6777152627248131,0.2371026127424292
CCc1nc(N)sc1C(=O)c1cc(C(F)(F)F)cnc1-c1ccc(O)c(OC)c1,8.9,0.5935501160312859,0.8043091123658661,0.2124420063015523
O=C(CNc1cccc(F)c1)c1ccc(CNCc2ccc(-c3ccccc3)cc2)cc1,9.6,0.32015156800098116,0.8929029415159272,0.13721485286352597
C[C@@H](C(=O)NCCC(=O)NC1CCCC1)S(=O)(=O)N1CCOCCC1=O,8.1,0.6063880740038906,0.7604527924360747,0.18675744919135762
Cc1cc(N2CC=CC=CC=C(Nc3ccc(C)c(C(N)=O)c3)C2)nc(CNC(=O)c2ccccc2Cl)[nH+]1,11.8,0.42566706375224206,0.6642973718676891,0.1668340119273378
Cc1ncc(CNC(=O)C(=O)NN=C2CCCCC2)s1,7.3,0.6543875508515522,0.8189698598912797,0.19561214350495507
O=C1Cc2ccccc2N1c1ccc(N2C(=O)CCCc3sccc32)cc1,10.4,0.6353490593072171,0.8373439616133671,0.27664296313036824
CCN(C)C(=O)N[C@H](C)[C@H](C)NC(=O)N1CCOCC1,0.0,0.7885942247619646,0.7467451174497782,0.0
CNC(=O)c1cc(-c2ccc(C(=O)N3[C@H](C)C(CC=O)=N[C@H]3c3ccc4c(c3)NC(=O)CC4)cc2)ccc1C,10.2,0.4655610466619081,0.684609465110132,0.1625510245569743
Cn1c(-c2ccc(Cl)cc2)cc2c1CCN(N1CCc3[nH]c(=O)ccc3C1)C2,11.2,0.7244056332192954,0.7628170154553356,0.3094498081423702
CNC(=O)N1CCC[C@H](N2C=CC=CC=C(C(=O)c3ccc(C)c(F)c3F)N[C@H](C)C2=O)C1,0.0,0.6826495907411668,0.6136886724115352,0.0
Cn1nc2c(c1-c1ccc(C(=O)Nc3nccn(C)c3=O)cc1Cl)CCCC2,10.6,0.7361890641837218,0.8176508981533532,0.3190311942564633
Fc1ccc(C2=CC=CCC2c2ccccc2)cc1-c1ccnc2c1OCO2,10.6,0.5879364617616093,0.743451142599835,0.23166407816456952
O=C1CCc2ccc(N3CCN(c4ccccc4F)CC3)cc2N1,9.9,0.92175318273228,0.877489370985236,0.40037016715709695
Cc1c(Cn2nc(C(N)=O)ccc2=O)cc(NC(=O)C2=CC=CC2)cc1ON1C(=O)CCCc2sccc21,11.1,0.4803126090141628,0.7325176561008941,0.1952697939356716
O=C([C@H](NN1CCc2[nH]c(=O)ccc2C1)c1cccc(-c2ccc(F)cc2)c1)N1CCCC1,12.0,0.6304419591223359,0.7508366045972034,0.28401533998981415
NC(=O)c1c(F)cccc1Oc1ccc(F)c(N2CCc3[nH]c(=O)ccc3C2)c1,11.2,0.7081474330550543,0.8200390028828823,0.32519676834206207
C[C@H](NC(=O)N(C)CC(=O)NC(=O)OCC(C)(C)C)N1C(=O)CCCc2sccc21,8.3,0.7348612234132293,0.7210215373903767,0.2198880691657016
Cc1cc(C(=O)c2ccc3c(c2)[C](c2ccc(F)c(O)c2)C(C)(C)O3)nc(=O)[nH]1,10.6,0.6664206113890492,0.7644484916258468,0.2700054425173086
CC(=O)N1CCC(Cc2ccc3[nH]c(=O)[nH]c3c2)CC1,9.1,0.8733409504970752,0.8577228963285266,0.34083346094191014
CCc1cc(=O)[nH]c(N[C@H](C)NC(=O)N(C)CC(=O)C(=O)NCC(=O)NC(=O)NC)n1,9.2,0.18573973465275953,0.6911189465854213,0.059049394886044576
CCNc1cc(-c2cccc(Cc3c(O)c(=O)cc(C)n3C)c2)nc(C)n1,10.2,0.726739340604169,0.8123592008214165,0.3010904288687299
CN(C)C1CCCC(CNC(=O)c2ccccc2O)=C1CN1CCc2[nH]c(=O)ccc2C1,11.0,0.6049167545632248,0.7260155279278675,0.24154842630414755
Cc1ncc(CNC(=O)c2cc(Br)ccc2C2=NO[C@H](C)C2)s1,8.0,0.8611343673025035,0.7552089936765618,0.26013456758033054
O=C1Cc2cc(C3CN(C(=O)c4cccs4)C3)ccc2N1,9.0,0.9257456665850842,0.8442888284989896,0.3517185259481116
CCN1C(=O)N[C@H](n2cnc(C)cc2=O)C(CC(=O)CC(=O)n2ccc(=O)c(O)c2)=C1C,10.0,0.6346471326470287,0.661902377064584,0.2100372228481453
O=C(NCNCC(=O)N1CCCCC1)c1ccccc1Cl,8.1,0.6417801575189033,0.8791565208066819,0.2285112102148687
O=CCCC(=O)NNC([O-])=CNC(=O)c1ccc(F)cc1Cl,8.0,0.3696397556813585,0.7682092850989073,0.11358427698244446
CC(=O)CCNC(=O)N1C(=O)CN(N2C(=O)Cc3ccccc32)C[C@@H]1C,9.1,0.8562174509976253,0.7184748009830834,0.2799026515302116
CNC(=O)N1CCC[C@H](CS(=O)(=O)[C@@H](C(=O)Nc2ccccn2)C([O-])=NCNC(=O)N(C)COC)C1,0.0,0.19300576719501056,0.6290028942597162,0.0
Cc1cccc(NC(=O)c2cccc(N(C)CCC(=O)NC3CCCC3)c2)c1,8.9,0.7602484798357984,0.8830957642682511,0.29876063448879486
Cc1ccc(NCn2c(=O)[nH]c3ccccc32)cc1C(N)=O,9.6,0.6851412260152336,0.8580341568937792,0.28217979562423257
CN1C2=CC=NCC2CC1NC(=O)c1ccc(F)cc1Cl,8.4,0.9119593376007777,0.6785406302500717,0.25989661475318926
C=CC=C1CC(=O)N(c2cc(OC3=Cc4ccccc4OC=C3)on2)C1=C,10.4,0.8103140716312982,0.672824991748438,0.28350377045066516
Cn1nc2c(c1-c1cc(C(F)(F)F)cnc1-c1ccc(O)cc1Cl)CCCC2,9.6,0.6179359091617194,0.800637820481269,0.23747657256400817
Cn1nc2c(c1N1CCN=C1N1C(=O)Cc3ccccc31)CCCC2,9.4,0.8015429533539357,0.775399154299071,0.29211239223756014
COc1cc(NC(=O)C(=O)N2CC[C@H](O)C2)ccc1NC(=O)c1ccc(F)cc1Cl,8.3,0.6384083785159019,0.8135307697614567,0.21553641673242513
Cc1cc(C(=O)[C@H]2C[C@H]3[C@@H](C)[C@H](C2)[C@@](NC(=O)C(=O)N2CC[C@H](O)C2)(C(N)=O)[C@H]3C)ccc1O,11.3,0.3758308045819126,0.5189193234102241,0.11018961475915694
CN(C)c1ncccc1CNC(=O)c1ccccc1Cl,7.7,0.9411933230106961,0.9009103939186558,0.32645337624406234
CCOCCN(C(=O)C1=N[C@@H]2CCN(c3csc(NC(=O)CC)n3)C[C@H]2O1)C(=O)c1c(C)cccc1C,8.9,0.39356921160872804,0.6521968394180606,0.11422464517704428
CCC(=O)Nc1nc(-c2ccccc2Nc2ccc(C)c(C(N)=O)c2)cs1,10.3,0.5934707952818413,0.8669122750454381,0.26496086541506536
COc1cccc(C2CN(C(=O)c3cccs3)C2)c1-c1ccc(Cn2nc(C(N)=O)ccc2=O)cc1,9.9,0.4187125445219155,0.8195142678776323,0.16985474766565375
CC1CCN(C(=O)NC[C@@H](C)CCNC(=O)NCNC(=O)CNC(=O)CNC(=O)CO)CC1,8.2,0.1624473750783629,0.7556153574148983,0.05032656986618918
CNC(=O)c1cc(-c2cccc(-c3ccc4c(c3)CNC4=O)c2)ccc1C,11.3,0.7469294111937227,0.8617938408480565,0.36369002885498386
CCC(=O)Nc1nc(Oc2ccc(N3C(=O)CCCc4sccc43)cc2)cs1,9.4,0.6122550405302722,0.8143607951324486,0.23434035576613857
CNC(=O)c1cc([C@@H](C)CCNC(=O)Nc2ccc(OC)cccc(C(C)=O)cc2)ccc1C,9.7,0.4798277196084198,0.7707823422196909,0.1793737257871298
C[C@@H](CNC(=O)N(C)CC(N)=O)NC(=O)N1CCOCC1,7.1,0.5752284785918323,0.7881378170203204,0.1609425576788768
O=C1CCc2ccc(-c3ccccc3Nc3ccc(C(F)(F)F)cn3)cc2N1,11.0,0.6371045243621499,0.8465098027297895,0.296623373879833
Cc1cccc(C)c1C(=O)C(=O)NCN1[C@@H](C)CCS1(=O)=O,8.5,0.6609849685743691,0.7243390597772865,0.20348032303223307
C[C@H](C(=O)NCC(C)(C)C)[NH+](C)N[C@H](C(=O)N1CCCCC1)N1C(=O)Cc2ccccc21,8.1,0.5344090857010236,0.630830860570664,0.13653430608897116
CCNc1cc([C@H]2CNCc3ccccc32)nc(C)n1,8.0,0.8975062793137775,0.7661353926910787,0.27504453029790793
Cc1cc(C(=O)Oc2ccc(C3=Cc4ccccc4OC=C3)cc2)ccc1O,10.8,0.49760847945217085,0.831897737202724,0.2235380587573405
Cn1c(C(F)(F)F)cc(NC2(c3ccnc4c3OCO4)CCCCC2)c1N,9.0,0.8387371447953356,0.7258483074341019,0.2739581716193125
Cc1cc(C(=O)[C@@H]2CC(=O)NCCN2C(=O)C(C)(C)C=O)ccc1O,9.1,0.47727904716480546,0.7348852147620083,0.1595891183600872
C[C@@H](CC(=O)[NH+]CN1CCc2cc(F)ccc21)NC(=O)N1CCOCC1,9.1,0.7613862295379278,0.7105333884166707,0.24615060359315646
COc1cc(C)ccc1C(=O)Nc1nn(N2CCc3[nH]c(=O)ccc3C2)c2c1COC2,10.5,0.6669742034400528,0.7455846936456376,0.26107502249923237
O=C([C@H](NN1CCc2[nH]c(=O)ccc2C1)c1ccc(-c2ccccc2)cc1)N1CCCCC1,12.0,0.6328988410351449,0.7611094254404492,0.2890231639573112
Cc1ncc(CNC(=O)c2ccc(C)c(-c3ccc(F)c(O)c3)c2)s1,9.3,0.7363195914161996,0.8578565048936819,0.2937202962973259
Cc1ccc(Nc2onc(C)c2NC(=O)c2ccc(F)cc2Cl)cc1C(N)=O,10.9,0.5925757061867655,0.83856426326925,0.27081748171691955
NC(=O)c1ccc(C(=O)c2ncccc2N2CC[C@@H]2c2ccccc2)cc1,9.2,0.7105119602281349,0.8138184046443148,0.26598474657864013
CC1CCN(C(=O)NCC2(C)CCCc3sc(NC(=O)C(=O)N4CC[C@H](O)C4)nc32)CC1,10.7,0.590605414322812,0.6846507244777683,0.21633175726618403
CNC(=O)c1cc(-c2nnc(C3CN(C(=O)c4cccs4)C3)nc2O)ccc1C,8.1,0.6839941422376776,0.805315483553672,0.22308658472862583
Cc1cc(C(=O)c2ccccc2Cc2c(O)c(=O)cc(C)n2C)nc(=O)[nH]1,10.3,0.6836392454376896,0.7882768335310492,0.27753194453065655
Cc1ccc(C2=NO[C@H](C)C2)cc1N=C(O)c1cccc(C(=O)Nc2ccccn2)c1,0.0,0.46330982279435556,0.7604046251683787,0.0
NC(=O)N[C@H](Cc1ccc2c(c1)CNC2=O)C(=O)c1ccccc1C(=O)NC=O,9.6,0.3932475498049414,0.7532424927677605,0.1421811670511463
CC(C)(C)C(CNC(=O)Oc1ccccc1)N1C(=O)N(CNC(=O)N2CCCC2)S(=O)(=O)c2ccccc21,10.7,0.5732045627351956,0.7154259640302435,0.21939570338152836
Cc1cc(C(=O)c2ccc([C@H](C)NC(=O)N3C=C(C(N)=O)CC3)cc2F)nc(=O)[nH]1,10.4,0.6343216006049643,0.7150736301335264,0.2358650578006844
CN1C(=O)N[C@@](N)(CCC(=O)NC2CCCC2)C1C(=O)N=C1CCC(=O)N1,9.1,0.501504167446263,0.6283052641978785,0.14336945733276593
C[C@@H]1CC(c2ccc(C3=CCCc4sccc43)cc2)=NO1,9.7,0.7906918780783484,0.742059548769047,0.2845691222571522
CNC(=O)[C@@H]1CCCCN1N1N=C(C)/C(=N/N[C@H](C)NC(=O)N2CCOCC2)C1=O,8.7,0.38691935565671476,0.6512847801296058,0.10961768905239588
CC(=O)NC(=O)NC(=O)N(CNC([O-])=CCNC(=O)N1CCCC1)c1cccc(C)c1,9.7,0.3769375289079645,0.7526012581368037,0.13758657437012925
C=C(C(=O)NNCn1nc(C(N)=O)ccc1=O)C1=NO[C@H](C)C1,7.8,0.4366180124930314,0.6636228341950177,0.11300237633537624
CCNc1cc(-c2cc(F)c(Oc3cccc(Nc4ccc(C(F)(F)F)cn4)c3OC)c(F)c2)nc(C)n1,10.0,0.2344027033883441,0.7908439314328299,0.09268797774306078
N[C@@H](CNC(=O)c1ccccc1O)C(=O)N1CCCCC1,8.8,0.7507812229826749,0.8391651003525102,0.2772129361438962
Cn1ccnc(NC(=O)N2C(=O)Cc3cc(O)ccc32)c1=O,8.3,0.8024731146266149,0.8088059097311058,0.2693536739667883
CCC(=O)Nc1nc(C(=O)N(C)ONc2nc(CC)cc(=O)[nH]2)cs1,8.5,0.6271769931181089,0.745840460937638,0.1988039404955942
CO[C@H](NC(=O)COC(=O)CO)C(=O)NC/C(C)=C/C(=O)NN1CCc2[nH]c(=O)ccc2C1,7.9,0.14125763979270953,0.6676020015400039,0.03725003380807977
O=C(NCc1ccc(C(=O)C2Cc3ccccc3C2)cc1)c1ccccc1Cl,10.4,0.6327161222375072,0.8921858663575198,0.2935401984719572
NC(=O)c1c(F)cccc1Oc1ccc(-c2ccnc3c2OCO3)cc1,10.4,0.7767661297063743,0.8355785353587384,0.33750553458769056
CCCC1(/C([O-])=C/NC(=O)NCC2CCN(C(C)=O)CC2)N=C([O-])NC1=O,8.3,0.4623356258915278,0.6350680608093556,0.12185005459187512
Cc1ccc(-c2ncc(C(F)(F)F)cc2Cn2nc(C(N)=O)ccc2=O)cc1,9.5,0.7441228900721241,0.8402879395929264,0.2970068077987534
Cc1cc(CNC(=O)c2ccccc2O)cn1C(=O)c1ccc(C(N)=O)cc1,10.1,0.6323143121968984,0.8477821991794937,0.27071273317431255
CCc1cc(=O)[nH]c(NCC2=NC(=S)NC2n2cnc(C)cc2=O)n1,8.9,0.6500146919925234,0.6589406813849377,0.1906029002030393
Cc1ccc(C(C)(C)c2ccc3c(c2)NC(=O)CC3)cc1C(=O)c1c(C)cccc1C,11.7,0.5310188136602686,0.8298291651135479,0.2577831157975831
CCC(=O)Nc1nc([C@@H](C(=O)OC)[C@@H](CC(=O)[O-])C(=O)C(=O)CNc2cccc(F)c2)cs1,8.4,0.3342224531489665,0.6719807164518847,0.09432823827896658
O=C(CNC(=O)Oc1ccccc1)NN1CC[C@@H]1c1ccccc1,8.0,0.8844537873691172,0.8096887123116565,0.28645289927762724
CCc1nc(N)sc1C(=O)c1cc(-c2cc(C)ccc2-c2ccccc2)cn(C)c1=O,10.5,0.45969194976307937,0.8188674045805764,0.19762404574976572
CS(=O)(=O)N(CC(=O)CC(=O)[O-])CC(=O)Nc1ccnc2c1OCO2,7.5,0.4966899916212599,0.7337535831095836,0.13666802289253818
Cc1ncc(CNC(=O)c2c(C3=NO[C@H](C)C3)c(C)nn2C)s1,7.8,0.926866268358077,0.7228771038836626,0.2613040574656763
N=C1SCC(=O)N1Oc1ccc(N2CCc3cc(-c4ccc5c(c4)NC(=O)CC5)ccc32)cc1,10.6,0.5755238857328204,0.772684462924249,0.23569013321019683
C[C@H](NC(=O)N1CCOCC1)C(=O)NNC(=O)CCc1cc(C(=O)c2ccc3[nH]c(=O)[nH]c3c2)sc1N,10.3,0.186431415974411,0.728439577497633,0.069939071270613
O=C1CCCc2cc(F)c(C(=O)N3C(=O)Cc4ccccc43)cc2N1Cc1ccnc2c1OCO2,11.1,0.5408999370281871,0.7702067052177043,0.2312156408847737
CCC(=O)Nc1nc(NC(=O)NS(=O)(=O)OS(=O)(=O)O)cs1,7.7,0.4847905310785717,0.7773187722783946,0.14508216046562172
Cc1cc(=O)c(O)c(CS(=O)(=O)[C@@H](C)C(=O)Nc2cn(C)nc2C(N)=O)n1C,8.9,0.5577080860989087,0.7258241922272171,0.18013511938564078
CCNc1cc(NC(=S)NCCCNc2ccc(F)c(C3CN(C(=O)c4cccs4)C3)c2)nc(C)n1,9.3,0.2270977541590256,0.7913264850722022,0.08356443741840056
Cc1cc(C(=O)[C@H](Nc2ccc(-c3ccc(F)cc3)cc2)C(=O)N2CCCCC2)ccc1O,11.4,0.40426307554045926,0.7996789497963304,0.18426998286308857
Cc1cccc(C)c1C(=O)C1=CC(O)=CC=CC(=O)[C@H](N2CC[C@@H]2c2ccccc2)CO1,10.7,0.7085806962160244,0.6342812351476659,0.2404500999707657
O=CCC(C(=O)C1Cc2ccccc2C1)c1ccccc1,8.8,0.7860300043776196,0.8016518808684654,0.27725386982848144
CCC[NH+](C)C(=O)N[C@@H](C(=O)Nc1nccn(C)c1=O)C1CCC1,7.5,0.6536264955848636,0.6414484171737579,0.1572253803809029
O=CC[C@@H](NC(=O)CNC(=O)Oc1ccccc1)C(F)(F)F,6.8,0.776848401336678,0.7884562088429102,0.2082537214236215
COc1nc(C(=O)c2ccc(C)c(F)c2F)ccc(N(C)C(=O)C(=O)c2ccc(O)c(C)c2)cco1,11.2,0.39566872233036576,0.7244472466590345,0.16051902522954564
CC1(C)C=C(C(=O)/C([O-])=C/NC(=O)NNC(=O)N2CCOCC2)N(CCCC(=O)[O-])C=C1C(F)(F)F,8.5,0.22460690138605272,0.6364826403178055,0.06075731729181322
CNC(=O)c1cc(-c2ccc(CNC(=O)Oc3ccccc3)cc2)ccc1C,9.8,0.6992377856601562,0.8971149950374819,0.30737538428014016
Cc1ccc(NS(=O)(=O)c2cc(C(=O)Nc3ccccn3)ccc2F)cc1C(N)=O,10.5,0.5554739725265275,0.8705376087607343,0.2538695164803363
O=C(NCc1cc(-c2ccc3c(c2)CNC3=O)nn1C(F)(F)F)Oc1ccccc1,10.0,0.6812526160801448,0.7958018294443738,0.27107103909517244
CC(=O)CO[C@H](C(=O)[O-])N1CCO[C@@H](C2=Cc3ccccc3OC=C2)C1=O,9.2,0.6856846206749119,0.6160691265460567,0.19431739765881828
CNC(=O)CNC(=O)NCC(=O)CN(C)C(=O)N[C@@H](C)N1CCc2[nH]c(=O)ccc2C1,8.8,0.32891941708633454,0.7089823342537414,0.10260714468718975
CCNC(=O)N(C)CC(=O)C(=O)C1CN(C(=O)c2cccs2)C1,6.6,0.7710941815803519,0.8084240340478479,0.2057124527383239
CC1=CC=C(C(=O)NCc2cccc(-c3ccc(F)c(O)c3)c2)C1O,10.6,0.8017595320614135,0.7724940879783442,0.3282578842037946
C=CC=CC(=C)N(C(C)=O)c1ccc2[nH]c(=O)n(CNc3ccc(C)c(C(N)=O)c3)c2c1,10.2,0.47436943526318287,0.7459100200756653,0.1804568266400258
C[C@H]([C@H](C)NC(=O)N(C)CC(=O)C1=NO[C@H](C)C1)[C@H](C)S(=O)(=O)Cc1ccccc1,0.0,0.6385941597627076,0.6375542236155716,0.0
CC(CNC(=O)C=O)NC(=O)CS(=O)(=O)[C@@H](C)C(=O)NN1C(=O)Cc2ccccc21,8.3,0.3038685961695485,0.6895220274501865,0.08695249756134667
CC(=O)NC1(C(=O)C2Cc3ccccc3C2)CCN(NC(=O)NC(=O)NCC(=O)NC[C@H](O)CO)CC1,8.4,0.2020000248610989,0.7025342692882918,0.05960301474204373
CCc1nc(N)sc1C(=O)c1ccc(C(=O)c2ccc(O)c(C)c2)cc1F,10.2,0.650864453607915,0.8284849416391571,0.2750080134198012
O=C(CNc1cccc(F)c1)c1ccc(C(F)(F)F)cn1,8.1,0.6932512619677706,0.8693475552894407,0.24408389736616543
O=C(Nc1ccccn1)c1ccc(-c2ccc3c(c2)CNC3=O)cc1,10.5,0.7747285419096349,0.8778992596731491,0.35707014702981654
NC(=O)c1c(F)cccc1Oc1cccncc(=NS(=O)(=O)N2CCc3cc(F)ccc32)c(Br)n[nH]1,10.1,0.47581836263324623,0.685589183647082,0.16473904101501935
CC(=O)N(NNC(=O)/C=C(\C)CCC(=O)NC1CCCC1)C(=O)CSC(=O)C(C)(C)C,8.3,0.359344052753307,0.7408240246949863,0.11047744357552863
CONC1(CNC(=O)c2ccccc2O)CCCCC1,7.9,0.7202427655991869,0.8270413848575416,0.23528987684643704
Cc1cccc(NC(=O)c2cccc(Cn3nc(C(N)=O)ccc3=O)c2)c1,9.8,0.72315573638896,0.8859900078389603,0.3139472907105015
CC(C)[C@@H](C(=O)NC=O)C(C)C[S@+]([O-])CC(=O)C(=O)Nc1ccccn1,7.5,0.34533430923022307,0.6109181410885025,0.07911412284337874
CC(=O)c1cc(N2C(=O)Cc3ccccc32)ccc1N1CCc2cc(F)ccc21,10.6,0.5986505916095043,0.8395602872699617,0.2663797292129842
NC(=O)c1c(F)cccc1OC(=O)NC(=O)Nc1cccc(Nc2ccc(C(F)(F)F)cn2)c1,10.8,0.4024153539165304,0.8276943539788211,0.1798615348511947
CCc1ccc(-c2ccccc2)c(NC2(C(=O)Nc3cccc(C)c3)CCCCC2)c1,10.6,0.45850246556011415,0.8538748021638364,0.20749696209804006
Cc1ccc(Nc2ccc(NC(=O)c3ccc(F)cc3Cl)cc2)cc1C(N)=O,10.0,0.5731204108220563,0.8962537968126296,0.25683067211504107
CCC(=O)Nc1nc(-c2nc(SSCc3c(O)c(=O)cc(C)n3C)n[nH]2)cs1,8.7,0.48082393901106285,0.7431863411913281,0.1554436760360128
CN/C(=C\CN1CCNC(=O)C[C@H]1C1=NO[C@H](C)C1)C(=O)NCC1=NCCCS1,7.9,0.5024222503662273,0.6011675826513668,0.11930578804055526
NC(=O)c1ccc(C(=O)c2ccc(NS(=O)(=O)c3ccc(C(=O)CNc4cccc(F)c4)cc3)cc2)cc1,10.0,0.2619146483359678,0.8613273640115366,0.11279712682361387
CNC(=O)c1cc(-c2ccc(-c3ccc4c(c3)CNC4=O)cc2)ccc1C,10.4,0.7469294111937227,0.8669912434454591,0.3367422546679517
CN[C@H](CC(=O)C(=O)CN(C)C(=O)N[C@@H](C)N1CC[C@@H]1c1ccccc1)C(=O)O,7.7,0.4892578192307621,0.6711170202238815,0.12641446115890267
Cc1cccc(C)c1-c1ccc(C(=O)c2ccc(C(N)=O)cc2)cc1C(=O)Nc1ccccn1,11.3,0.40675955070577186,0.860599536739323,0.19778225070945057
O=C1CCc2ccc(N3CCN(NCn4c(=O)[nH]c5ccccc54)CC3)cc2N1,10.5,0.6266161108985434,0.799722982576073,0.26308763519745126
Cc1cc(=O)n(-c2cccc(CNC(=O)ONC(=O)N3CCCC3)c2)cn1,9.3,0.7954291504195643,0.8158829517371673,0.30177434366107714
CNC(=O)NCc1cccc(N2C(=O)CCCc3sccc32)c1,8.2,0.9083607030643077,0.8431088674939718,0.31399725509099635
CC1=CC=CNC(=O)[C@@H](C)NC(c2ccc(CNC(=O)c3ccccc3Cl)nc2N(C)C)=C1,10.5,0.6272653235501702,0.6655033039822317,0.21915975128046394
C[C@@H]1CC(C2(N[SH2](=O)c3c4c(nn3C)CCCC4)CCC2)=NO1,7.8,0.9036471813231273,0.5929013013688695,0.20895170001606928
O=C[C@H]1CN(C2CN(C(=O)c3cccs3)C2)Cc2ccccc21,8.2,0.8132534950250119,0.761985138557322,0.2540717016064326
CNC(=O)N1CCC[C@H](C2=CC=CC=CCN(C(=O)C(=O)C3Cc4ccccc4C3)CC2)C1,0.0,0.7232060353404431,0.66004492341543,0.0
Cc1ncc(CNC(=O)c2sc(N)c(-c3ccnc4c3OCO4)c2Cl)s1,9.3,0.6852614225000387,0.7593966309928342,0.24197912525208726
Cc1noc(C)c1CNC(=O)c1cc([C@H](C)NC(=O)N2CCOCC2)ccc1N(C)C,9.4,0.7314758261808015,0.7801351049577298,0.2682054861028528
CCN(c1ccc(NC(=O)c2ccc(O)c(C)c2)cc1)N1CC[C@@H]1c1ccccc1,9.6,0.6003839728610589,0.78714358955584,0.22684242984463196
CC(=O)N1CCC(Cc2ccc3[nH]c(=O)[nH]c3c2)CC1,9.0,0.8733409504970752,0.8577228963285266,0.33708803829419687
COc1cc(F)c(C(=O)NC(=O)CNc2cccc(F)c2)cc1Nc1ccc(C(F)(F)F)cn1,10.3,0.4316497668968957,0.8310761870393775,0.18474792884069072
CCNC(=O)[C@@H](N)CC(=O)N(C)CC(=O)CN(C)C(=O)N[C@@H](C)N1CCc2cc(F)ccc21,8.6,0.44920479917809214,0.6924130663990662,0.13374516714923418
C/C(NC(=S)c1ccccc1)=[NH+]\Cc1cc(NC(=O)c2ccc(F)cc2Cl)c(C)[nH]c1=O,10.0,0.2616171913176055,0.7553176475605398,0.09880204075370473
CCc1[nH]c(CCC(=O)NC2CCCC2)c(N)c1CNC(=O)Oc1ccccc1,8.0,0.5459459339815982,0.8152546338871998,0.17803398101214926
CNC(=O)N1CCC[C@H]([C@H]2CCCN2C(=O)CCCC2(NS(=O)(=O)CCC(=O)NCc3cnc(C)s3)CC2)C1,0.0,0.3449000211897894,0.6777346348028246,0.0
CN(C=O)NS(=O)(=O)C1=CC=CC=C[C@@H]1NS(=O)(=O)NC(=O)NC1=Cc2ccccc2OC=C1,10.6,0.2916770362165037,0.615313491522462,0.09512059224218926
Cc1noc(C)c1CNC(=O)NC(=O)c1ccc2c(c1)CNC2=O,9.9,0.7826399701191405,0.8333459660319805,0.3228438816673169
C[C@@H]1CC(Oc2ccc(N3C(=O)CCCc4sccc43)cc2)=NO1,8.3,0.8196438509571038,0.7444629980259424,0.2532307252177775
CCN(CCC(=O)NCC=O)[C@@H]1CC(=O)NCCN1C(=O)Nc1ccccn1,7.9,0.527828266651678,0.7252614733092355,0.15121133499879214
CCc1nc(N)sc1C(=O)c1c(N)sc(=O)n1C(=O)NCc1cnc(C)s1,8.6,0.5296629797363429,0.7318032368574525,0.16667190569628618
Cn1c(CNC(=O)Oc2ccccc2)cc2c1CCNC2,8.8,0.906151349069662,0.8245230781837312,0.3287427878395137
CNC(=O)c1cc(OC(=O)c2cnc(Cl)c(-c3ccc4c(c3)CNC4=O)c2COC)ccc1C,10.4,0.31714496627357314,0.7900130050254227,0.13028529687392537
CCN1C(=O)N[C@H](C[C@H](O)C(C)(C)C)C(N2CCc3[nH]c(=O)ccc3C2)=C1C,8.7,0.7375949304648637,0.6583757837850642,0.2112423686004021
CONc1cc(OC(F)(F)c2cc(O)c(O)c(CCC(=O)NC3CCCC3)c2)ccc1-c1ccc(F)c(O)c1,9.6,0.16339535183026108,0.769545244209237,0.060355255644898784
Cc1ccc(-c2ccc(C(=O)CN[C@H](C)c3nnc4cccc(C)n34)cc2)cc1,9.4,0.495708969481553,0.799658360226198,0.18630697619196745
CCC(=O)Nc1nc(-c2ccc(Cl)cc2Nc2ccc(C)c(C(N)=O)c2)cs1,10.6,0.5303927258734211,0.8553679979960618,0.24045091096347182
Cc1ncc(CNC(=O)c2ccc(-c3ccc4c(c3)NC(=O)CC4)cc2)s1,10.4,0.7235573944573167,0.8550577333657952,0.3217153397456616
O=c1[nH]c2ccccc2n1CNN1CC=C(N2CCN(c3ccccc3F)CC2)CC1,9.9,0.6611431696259313,0.7829546462513723,0.25623433266551116
C[C@@H]1CC(C=Cc2cccc(CNC(=O)c3ccccc3O)c2)=NO1,9.7,0.8777106418262639,0.7774123419465983,0.3309363965225997
O=C1CCCc2sccc2N1c1cccc(CNC(=O)N2CC[C@@H]2c2ccccc2)c1,10.5,0.6008361099321639,0.7855872251094923,0.24780481548227498
O=C(CNC(=O)N1CCCC1)N=C(C1=Cc2ccccc2OC=C1)N1CCCCCC1,10.8,0.5968494397925389,0.7682525329800285,0.24760679072129768
CCc1cc(=O)[nH]c(Nc2ccc(CN(C)C(=O)Nc3cccc(C)c3)cc2)n1,9.3,0.5912895952914969,0.8420680835583045,0.2315263347958105
COCC1=C(OC)CN(CCC(=O)NC2CCCC2)CCCCC(N2CCc3[nH]c(=O)ccc3C2)S1,9.0,0.5464307370279622,0.6482628438724252,0.15940383460427343
CCC(=O)Nc1nc(-c2nc(CNC(=O)N3CCC(C)CC3)cs2)cs1,8.5,0.8130647489552703,0.8368562983525015,0.2891778013559357
CCNc1cc(CN(CC(=O)NC(F)F)S(C)(=O)=O)nc(C)n1,7.1,0.6537231556716342,0.7803892335759772,0.18110627191103681
CCN1C(=O)N[C@H](C(=O)CCN2CCS(=O)(=O)CC2)C(C(=O)NCc2c(C)noc2C)=C1C,8.4,0.5393862070755499,0.7008730469048954,0.15877732685283652
O=CCNC(=O)NC(=O)CCC(=O)N[C@@H](CNC(=O)Oc1ccccc1)C1CCC1,7.8,0.4152700618577203,0.7723576111931172,0.12508742726081426
Cc1cc(=O)c(O)c(Cc2cccc(NC(=O)C(=O)N3CC[C@H](O)C3)c2)n1C,10.6,0.6672671357541697,0.7642953128873788,0.27029424647937006
NC(=O)c1ccc(C(=O)c2ccccc2C2=Cc3ccccc3OC=C2)cc1,11.0,0.69216783653511,0.8365471199187733,0.31846705558462
CCc1cc(=O)[nH]c(NOCC(=O)NS(=O)(=O)C=O)n1,7.2,0.3991339002177488,0.7069657663240282,0.10158264130800203
Cc1cc(-c2ncc(C(F)(F)F)cc2-c2nnc3cccc(C)n23)ccc1F,10.5,0.44305889730788117,0.8179808185088822,0.1902671817204603
O=C(NCc1ccc(O)c(-c2ccnc3c2OCO3)c1)c1ccccc1O,10.3,0.6581118481573464,0.8332107905650061,0.28239813504094063
CCC(C[S@+]([O-])CC(=O)NC(=O)c1ccc(F)cc1Cl)C(=O)[C@@H](C)SC(=O)[C@H](C)CC,8.3,0.47237248987530095,0.6026579868209172,0.11814180731780069
Cc1ncc(CNC(=O)Oc2ccc(C(=O)C3Cc4ccccc4C3)cc2)s1,9.8,0.6561198268631953,0.8440126469843007,0.2713489815867464
C[C@@H]1CC(c2ccc(C3=CC=C4C(=O)NCC43)cc2)=NO1,9.2,0.9031582284164281,0.6795974879242119,0.2823406690857476
N=C1SCC(=O)N1c1cccc(N2C(=O)CCCc3sccc32)c1,8.9,0.8898328419560876,0.7913663290995857,0.3133617685947132
CC1=CNN(c2cccc(CNC(=O)ONC(=O)N3CCCC3)c2)C=N1,8.2,0.7164819323284545,0.7555824327946359,0.22195807620767544
CCC(=O)N[C@@H](C)CC[C@@H](NC(N)=O)C(=O)Nc1ccc(C)c(C(N)=O)c1,9.0,0.4304581386045689,0.7777340163346308,0.15065187165038726
Cn1ccc2c1CCN(c1c3c(nn1C)CCCC3)C2,8.2,0.793778784961612,0.7701447819444233,0.25064308159511167
CN(C(=O)c1ccc(N2C(=O)CCCc3sccc32)cn1)N1C(=O)Cc2ccccc21,8.9,0.632323827642358,0.7734280817182392,0.21763036724198273
CN(CC(=O)NC=O)C(=O)NCNc1ccc(C(F)(F)F)cn1,8.3,0.515902211578729,0.7811423963307266,0.16724213227734588
Cn1ccnc(NC(=O)C(=O)CC(c2ccccc2)c2ccc(Oc3ccc(O)cc3)cc2)c1=O,11.4,0.37746561265671896,0.7812287287332228,0.16808557900829993
COC(=O)CC(=O)N[C@H](CCCCC(=O)NNC(=O)CN(C)C(=O)NCCNC(=O)N1CCCC1)C(=O)OC,7.3,0.07178579006420523,0.7537434879724988,0.01974944620329729
Cc1ncc(CNC(=O)c2ccc(NC(=O)c3ccc(F)cc3Cl)cc2)s1,9.4,0.661743513501852,0.8839887932640617,0.27493770947688656
Cc1noc(C)c1CNC(=O)NC(=O)NCC(=O)/N=C\C(=O)N[SH](=O)=O,8.1,0.2740498188806758,0.7058058320620353,0.0783375139788178
Cn1c(N2CC[C@@H]2c2ccccc2)nnc1S(=O)(=O)c1cccc(N2C(=N)SCC2=O)c1,11.0,0.6124527892080192,0.7167343783082563,0.24143128301389194
O=C(CCc1cc(F)cc(-c2ccc(F)c(O)c2)c1)NC1CCCC1,9.5,0.8473616211980112,0.8687453363439219,0.3496671918909836
O=C1Cc2cc(CNC(=O)Oc3ccccc3)ccc2N1,9.0,0.9083962105280688,0.8853778070614108,0.36192323016910677
N[C@@H](C(=O)N1CCCCC1)N1CCc2[nH]c(=O)ccc2C1,8.2,0.8048945847594984,0.7507775471147874,0.24776168063300172
Cc1ccc(NCN(CC(N)=O)S(C)(=O)=O)cc1C(N)=O,7.8,0.5666509266850541,0.8226857515759127,0.18180850096542167
CC(=O)NC1(C(=O)c2ccc(C)c(F)c2F)CCN(NC(=O)NC2C[C@@H](C)C[C@@H](C)C2)CC1,10.8,0.5823642083771906,0.6603280903070181,0.20765778061366907
Cc1cccc2nnc([C@@H](C)N(C)C(=O)N[C@H](C)CCNS(=O)(=O)N[SH](=O)=O)n12,9.2,0.37664620134911875,0.6380950392232161,0.11055459340664497
Cc1cccc2nnc(-c3cc(C(C)(C)[C@@H]4CSC[C@H](C5=NO[C@H](C)C5)C(=O)N4)on3)n12,11.4,0.6457255066919996,0.5794477686625721,0.21327359629207715
FC(F)c1ccnc(Nc2ccc(C(F)(F)F)cn2)n1,8.2,0.8778988242720769,0.8265463879246499,0.29750588188780663
CCC(=O)Nc1nc(-c2ccc(C(F)(F)F)cn2)cs1,8.2,0.9425434998810776,0.8644627515610135,0.334065436422989
Cc1cc(=O)n(N2CCN(NC(=O)NC(=O)CNC=O)C(=O)C2)cn1,8.6,0.4740728590094454,0.7174730138919301,0.14625782767188447
CCSc1ccc(C(C)C)cc1C(=O)N(C)C1=C(C)N(CC)C(=O)N[C@@H]1Oc1cccc(F)c1C(N)=O,8.9,0.4500214370530784,0.6968666307520707,0.13955419055939577
CNC(=O)N1CCC[C@H](N2CCC3=CC(c4ccc(-c5ccccc5)cc4)CC=C3C2)C1,10.7,0.7304698762055835,0.7250767583021002,0.2833610004839172
NC(=O)c1ccc(=O)n(CC2C=C(NC(=O)c3ccc(F)cc3Cl)C=CN2)n1,10.1,0.6859031741878774,0.7201233438307945,0.2494371181068667
C=C1C(=CF)CC(=O)N1c1cc(ON2C(=N)SCC2=O)on1,9.0,0.9059451200133004,0.6290187722783946,0.2564354192140661
COS(=O)(=O)N1CC[NH+](CC(=O)N=C(O)[C@@H](O)C(C)C)CC1,6.8,0.36600791920829595,0.5527555368712037,0.06878638731957189
CO[C@@H](C(=O)NCCC(=O)NC1CCCC1)n1cnc(C)cc1=O,6.7,0.743565794756301,0.7674478955165114,0.19116708146186814
CCC(=O)Nc1nc(-c2ccc(C(F)(F)F)cn2)cs1,7.9,0.9425434998810776,0.8644627515610135,0.3218435302123919
C[C@@H](C=O)NC(=O)N(C)CC(=O)N1C(=O)CCCc2sccc21,8.0,0.83578357917901,0.72374273651492,0.24195691789170046
Cc1ncc(CNC(=O)c2ccc(F)c(NCNC(=O)Oc3ccccc3)c2)s1,8.7,0.5131510151080715,0.8369636236925752,0.18682759890127307
CCN(NC(=O)C(=O)Nc1ccc([C@H](C)NC(=O)N2CCOCC2)cc1)C(=O)NCCC(=O)NC1CCCC1,8.9,0.24395540167712082,0.7508611273424745,0.08151359942643326
CCC(=O)Nc1nc(S(=O)(=O)NC(=O)CONC(=O)N[C@H](C)C(=O)NCC(=O)NC)cs1,7.9,0.18382734737185166,0.7314869348751241,0.05311458463572788
CCN(C)S(=O)(=O)CCNC1(NCNC(=O)Oc2ccccc2)CCCCC1,7.5,0.5073855508513648,0.7589712486888938,0.14440914191113596
CN(C)C1=C(Nc2nccc(C(F)F)n2)C(CNC(=O)c2ccccc2O)CCC1,10.0,0.638572622437827,0.7179218969074028,0.22922263420684974
O=C1Cc2cc(N3CCc4[nH]c(=O)ccc4C3)ccc2N1c1ccc(C2=CCc3[nH]c(=O)ccc32)cc1,11.0,0.4587661962331382,0.7567633024496634,0.19094758194251302
CCc1cc(=O)[nH]c(Nc2ccc3c(c2)[nH]c(=O)n3C(=O)C(=O)N2CC[C@H](O)C2)n1,9.8,0.4400491489008572,0.7155700654055716,0.15429413914771972
CCC(=O)Nc1nc(-c2cccc([C@H](C)NC(=O)N3CCOCC3)c2)cs1,9.4,0.8234770756032181,0.8125734419147366,0.31449373278057074
CNC(=O)N1CCC[C@H](C2(NC(=O)NC(=O)NNC(C)=O)CCCCC2)C1,9.8,0.45201417336796923,0.7302360220013167,0.16173774560573528
Cc1ccc(C(=O)c2cc(F)c(F)cc2CNC(=O)N2CCCC2)c(F)c1F,10.0,0.6274381259425805,0.8359247028296897,0.2622455144862845
CNC(=O)N1CCC[C@H](c2cc(NC(=O)C(C)NS(=O)(=O)NCC(=O)c3ccc(C)c(F)c3F)ccc2O)C1,9.9,0.23086244274844003,0.6961082037300027,0.0795490939635169
O=C(NCc1ccc(-c2ccc(F)c(O)c2)cc1)c1ccccc1O,10.0,0.6774802012578555,0.9020261597458722,0.305552432122242
Cc1cccc(C)c1C(=O)Cc1ccc(N2CC[C@@H]2c2ccccc2)c(Cl)c1,9.6,0.47472149072676956,0.8160209572430234,0.18594368893761287
CCN(CC(=O)NC[C@H](C#N)C(=O)[O-])C(=O)[C@H](C)c1ccc(Cl)cc1,7.5,0.7121697436135538,0.7137005664113065,0.19060348102424562
Cc1cc(=O)c(O)c(Cc2cccc(C(=O)C3Cc4ccccc4C3)c2)n1C,10.7,0.7112511891950768,0.8232290870530614,0.31325462692336
Cc1ccc(C(=O)C2=CC=CC=CN(C(=O)c3ccc(N4C(=N)SCC4=O)cc3)CCC2)c(F)c1F,9.9,0.5619307972642662,0.6939317579045077,0.1930211048533055
NC(=O)c1ccc(=O)n(Cc2cccc(-c3ccc(NC(=O)c4ccc(F)cc4Cl)cc3F)c2)n1,10.0,0.4177496491744931,0.8496584235135527,0.17747225417046975
O=CCC(NC(=O)C(=O)N1CC[C@H](O)C1)c1ccccc1,7.5,0.6046752329900261,0.7617434985681942,0.17272778530326016
CO[C@H](C(=O)NC(=O)C(=O)N[C@@H](C)NC[C@H](C)NC(=O)C(=O)c1c(C)cccc1C)C(C)C,8.9,0.22328592623742555,0.6687969379344865,0.06645315996939784
CC(=O)N1CCC(Cc2ccc(-c3cc(C)ccc3N3CCc4cc(F)ccc43)cc2)CC1,10.2,0.4736006987693917,0.8469513188424043,0.20456953557798446
C[C@@H]1CCCN(C(=O)c2ccc(N3Cc4ccccc4[C@@H](Cn4nc(C(N)=O)ccc4=O)C3)cc2)C1,10.2,0.5986887592706296,0.7357311446501025,0.2246417227351383
Cc1cc(C(=O)N2C(=O)Cc3ccccc32)ccc1O,8.4,0.8072311085079238,0.8709812730395351,0.2952949349806456
Cc1cc(C(=O)c2cccc(C(=O)c3ccc(C(N)=O)cc3)c2)ccc1O,10.4,0.6833169590740885,0.8919007392829548,0.31691446850063526
c1ccc([C@H]2CCN2c2cccc(-c3cccc(-c4ccnc5c4OCO5)c3)c2)cc1,11.9,0.41037492540031073,0.7800928232334525,0.1904776678131488
COP(c1ccc(F)cc1)c1cc(CNC(=O)c2ccccc2O)cc(C)c1C(=O)NCc1cnc(C)s1,10.6,0.26693638268073583,0.7258041295959424,0.10268407031121286
N=C1SCC(=O)N1Oc1ccc(N2CCc3cc(N4CCc5cc(F)ccc54)ccc32)cc1,10.3,0.5926593056933733,0.7767751936737131,0.23708696918568667
N=C1SCC(=O)N1Oc1cc(C(N)=O)nn1CC1C=C(NC(=O)c2ccc(F)cc2Cl)C=CN1,10.0,0.4426171457038386,0.6383322769475633,0.14126840521658135
CC1CCN(C(=O)NCc2cccc(NC3=Cc4ccccc4OC=C3)c2)CC1,10.9,0.7747574927049782,0.8121459690014124,0.3429228151864242
O=C(NC(=NC1=Cc2ccccc2OC=C1)N=c1cc[nH]cc1)c1ccc(F)cc1Cl,10.6,0.4616508676544784,0.7118185628475968,0.17416417829011316
Cc1ncc(CNC(=O)N2CCC3=C(C2)[C@H](C/C=C\c2cccs2)[NH+]=N3)s1,8.2,0.8100447409330069,0.6393763478695412,0.21234861370815658
Cc1nn(C2CN(C(=O)c3cccs3)C2)cc1Cc1c(O)c(=O)cc(C)n1C,10.0,0.731021858102423,0.7732519755569623,0.28263204797651
CC(=O)N[C@H](CN(CC(=O)Nc1c2c(nn1C)CCCC2)S(C)(=O)=O)C(C)C,8.6,0.6499314545548279,0.7410345469866129,0.2070973142293065
Cc1ccc(Nc2ccc(S(C)(=O)=O)c(C(=O)c3ccc(C)c(F)c3F)c2)cc1C(N)=O,11.3,0.5420934808582568,0.8328496891275434,0.2550875486611399
CC(C)CNCC(=O)N=C(C1=Cc2ccccc2OC=C1)N1CCCCCC1,8.7,0.6181588100761856,0.7594392376775577,0.20421251413724717
CC1CN(C(=O)N[C@@H](C)C2C=C[C@@H](C3=NO[C@H](C)C3)C(S(C)(=O)=O)=C2)C1,8.4,0.7539070133001777,0.5713908863400103,0.1809257505499662
COC1=CCCC=C1C(=O)Nc1nn(N2CCc3[nH]c(=O)ccc3C2)c2c1COC2,11.1,0.7934167954276954,0.6835417888764226,0.3009951122975412
C[C@H](NC(=O)N1CCOCC1)c1ccc(Cl)cc1C(=O)NN1CCc2cc(F)ccc21,11.2,0.75547149238103,0.7680700903212034,0.3249428321373875
CNC(=O)N1CCC[C@H](C2(NC(C)=O)CCN(CC(=O)Nc3cccc(C)c3C)CC2)C1,9.9,0.6507871248060478,0.7588786335344477,0.2444648797773397
Cc1noc(C)c1CNC(=O)c1ccc(-c2ccc(F)c(O)c2)cc1,9.7,0.7586573604034113,0.8751481532453302,0.3220097301329658
CC[C@H](C)[C@H](C)CNC(=O)C(=O)NC(=O)CN(CC(=O)c1cc(C)[nH]c(=O)n1)S(C)(=O)=O,0.0,0.2863546276593961,0.6787702116572556,0.0
Cc1cc(C(=O)c2ccc(CNC(=O)c3ccccc3Cl)c(C)c2)nc(=O)[nH]1,10.6,0.648715541441922,0.8500427514477382,0.29226105018972637
CNC(=O)OC[C@H]1CCOc2ccc(O)cc2-c2ccccc21,9.2,0.8925906517001904,0.7893058844780678,0.3240824447558539
Cc1c(CNC(=O)c2ccccc2Cl)cccc1N1C(=N)SCC1=O,9.7,0.8595939420588183,0.8389521092892864,0.34976170314893107
CC1=NN(Cn2nc(C(N)=O)ccc2=O)C(=O)/C1=N\N,7.9,0.47599475507081285,0.7546315782898403,0.14188426594432552
CCOc1cc(SC(=O)CC(=O)N2CCC[C@@H](O)C2)ccc1/C=C(\[O-])NN1C(=O)Cc2ccccc21,9.0,0.31341399367546335,0.6863891403395836,0.09680578276018366
CCc1nc(N)sc1C(=O)c1cc([C@H](CO)NC=O)c(=O)n(C)c1,7.6,0.4762299001536075,0.6983862440107268,0.12638511627647492
CCNC(=O)N(C)CC(=O)CCC(=O)NC1CCCC1,6.6,0.7329413980517436,0.8516731012113632,0.2059947362500238
Cc1cccc(NC(=O)N2CCN([C@@H](CN3CCOCC3)N=C(O)CNC(=O)c3ccco3)CC2=O)c1,9.2,0.3553621784778733,0.7121914028855978,0.11641950867441384
COc1ccccc(/C(C)=N/NC=O)cc(NC([O-])=COc2cccc(F)c2C(N)=O)cc1,10.5,0.23026598824639233,0.7255273166930782,0.08770873890349458
C=C(CCS(=O)(=O)[C@H]1CCCN(C(=O)NC)C1)C(=O)C(=O)c1ccc(C(N)=O)cc1,9.5,0.34943786206080074,0.7359326485014879,0.12215229737372377
CC(=O)N1CCC(CN2CCc3c(cccc3-c3ccccc3C)C2)CC1,11.2,0.8136188527299288,0.8621804158115545,0.3928322948249335
CCc1nc(N)sc1C(=O)Cc1ccc(CC2CCN(C(C)=O)CC2)c(C)c1,10.0,0.7493046126661194,0.8149962031242668,0.3053402071531933
NS(=O)(=O)[C@@H]1OCCN(N2CCc3cc(F)ccc32)C1=O,8.1,0.7997268642212706,0.705534717760234,0.2285152023106206
CCNc1cc(Sc2cccc(/N=N/c3c(CNC(=O)Oc4ccccc4)cc(N)c(O)c3N)c2)nc(C)n1,9.7,0.07388366573822651,0.7474762378705059,0.026784747985454396
Cc1cccc(C)c1C(=O)c1cccc(Cc2cccc(NC(=O)c3ccc(F)cc3Cl)c2)c1,11.1,0.3028381553654891,0.8708312675085538,0.14636511875121905
C[C@@H](NC(=O)NCC(=O)NC=O)NC(=O)N(C)CC(=O)C(=O)C1Cc2ccccc2C1,9.7,0.22571333104407706,0.7106768138917504,0.07779847701525983
C[C@H](NC(=O)N(C)CC=O)C1=Cc2ccccc2OC=C1,8.2,0.8632791142464274,0.7045546701047918,0.24937320593396187
Cc1ccc2c(c1N(C)CNC(=O)c1ccc(F)cc1Cl)CNC2=O,9.2,0.8231167236728161,0.8022919659543604,0.3037747698448728
C[C@@H]1CC(C=CC2=C(C(=O)NCc3cccc(-c4ccc(F)c(O)c4)c3)C(O)=CC2)=NO1,9.8,0.6158437404421855,0.6962762210808684,0.21011070266198212
Cc1ncn(-c2cccc(CNC(=O)Oc3ccccc3)c2)c1N1CCN(c2ccccc2F)CC1,9.6,0.4194675536179595,0.830994655725079,0.16731614174716675
CC1=C(C(=O)OCCc2c(O)c(=O)cc(C)n2C)C(C)=C1C(=O)c1ccc(C)c(F)c1F,10.4,0.544753305127347,0.7488628933788326,0.21213167885278048
COc1c(F)c(O)c(C)n1NC(=O)c1ccc(F)cc1Cl,8.2,0.9149545288852011,0.8032030592682207,0.3013066534436819
CCNC(=O)N(C)CC(=O)CCC(=O)NC=CC(F)(F)F,6.3,0.7412677835885405,0.7577456117157728,0.17693310918795552
COC1=CCCC=C1C(=O)Nn1c(C(=O)C2Cc3ccccc3C2)cc2c1CCNC2,11.1,0.7338305851438853,0.7246359987450328,0.2951268327313421
Cn1nc2c(c1OC(=O)C(=O)Nc1ccccn1)CCCC2,8.8,0.6658468719264352,0.803904730764353,0.23552207813477535
O=C(c1cccs1)N1CC([Se]c2cccc(N3CCc4cc(F)ccc43)c2)C1,11.3,0.556041802933678,0.7899936536319738,0.24818726494150278
C[C@H]1C(CNC(=O)c2ccccc2Cl)=Cc2ccccc2N1NC(=O)C(=O)N1CC[C@H](O)C1,11.0,0.5955079840783644,0.705027791169282,0.2309173232511427
CC[C@H](CN1CCN(CNC(=O)N2CCCC2)CC1=O)N[C@H](c1cccc(C)c1C)[C@H](O)c1ccc(F)cc1,0.0,0.4303648641265188,0.6771377713661975,0.0
CCCN(C(=O)[C@@H](NC(=O)CNC(N)=O)N1CCN(N2CC[C@@H]2c2ccccc2)C(=O)C1)c1ccccc1,9.7,0.42836326737936975,0.6803998562294934,0.1413572781863758
Cc1cc(C(=O)c2nc(-c3ccc4c(c3)CNC4=O)cs2)nc(=O)[nH]1,10.1,0.6978897152398024,0.7806616960405633,0.2751319632179268
CC1=C(C(=O)NS(=O)(=O)N2CCCC2)S(=O)(=O)NC1=NC(=O)NCc1cnc(C)s1,8.1,0.5252934651977453,0.7124080759955272,0.1515604392841924
Cc1cc(C(=O)c2ccc(Br)cc2-c2ccc3c(c2)NC(=O)CC3)ccc1O,10.8,0.5518449612542904,0.8460442769264789,0.25211804645874974
CC(=O)n1cc(CNC(=O)N2CCCC2)ccc(F)ccc1-n1cnc(C)cc1=O,10.3,0.8376344474887121,0.7566618236473297,0.32641009442211566
O=C(NN1CCc2cc(F)ccc21)NS(=O)(=O)S(=O)(=O)N[SH](=O)=O,8.7,0.3280606260655814,0.7014850303258954,0.10010638392759076
Cc1noc(C)c1CNC(=O)c1cccc(Nc2ccc(C(F)(F)F)cn2)c1,10.2,0.67592337219581,0.8549048816252532,0.29470359715234845
O=C1CCCc2sccc2N1c1ncc(C(F)(F)F)cc1-c1ccc(-c2ccc(Cl)cc2)cc1,11.5,0.28532126926410867,0.8178198116534124,0.1341712973469144
CC(=O)NC(C(=O)CN(C)C(=O)N[C@@H](C)NC(=O)N1CCOCC1)[C@@H](C)[C@H](C)C=O,0.0,0.33700663712216195,0.6402242948406427,0.0
Cn1nc2c(c1[C@H]1CNCc3ccccc31)CCCC2,8.2,0.8602403282676616,0.7497219367723627,0.26442582844939494
Cc1c(Cn2nc(C(N)=O)ccc2=O)cc(NC(=O)C2=CC=CC2)cc1N1CCc2cc(F)ccc21,11.3,0.5564442439227825,0.7693963191596834,0.2418912764968568
Cc1cc(C(=O)c2ccc(CNC(=O)N3CCC(C)CC3)c(CC3=CC=CC(C)C3)c2)nc(=O)[nH]1,11.5,0.6099261793521469,0.7119451048015989,0.2496845256660592
CNC(=O)NCC1=CC=CN(C2=CCN(NCn3c(=O)[nH]c4ccccc43)CC2)C1,9.3,0.5722605713291956,0.7063948392743007,0.18797249015280457
CCC(=O)NCCCC(=O)[C@@H](OCCO)[C@@H](C)CCNC(=O)Nc1ccc(C)c(C(=O)NC)c1,7.8,0.2428614433798033,0.724571535599656,0.06862849069738468
CCOC(NC[C@H](C)NC(=O)Nc1nc(CC)cc(=O)[nH]1)C(=O)NCCNC=O,7.5,0.13263228430077462,0.6607059908997449,0.03286160430908999
CNC(=O)N1CCC[C@H](S(=O)(=O)c2cccc(-c3ccnc4c3OCO4)c2)C1,10.9,0.8424331646656427,0.7458699957045617,0.34244836339624607
COc1cc2c(cc1C1=NO[C@H](C)C1)SCCN2CNC(=O)N1CCC(C)CC1,9.6,0.8104522116094356,0.7072149867322222,0.2751186960386242
C[C@@H]1CC(c2cccc(N=C(NCCO)N[C@@H](Cn3nc(C(N)=O)ccc3=O)C(F)(F)F)c2)=NO1,9.4,0.3093655864455423,0.6514068601711276,0.09471574669640044
CCC(=O)Nc1nc(-c2ccccc2-c2ccc(F)c(C(=O)c3sc(N)nc3CC)c2)cs1,9.5,0.3260091167053633,0.8147974796538622,0.1261749181519631
CNC(=O)N1CCC[C@H](c2cccc(N3C(=O)N(C)C(C)(C)C3=O)c2)C1,8.9,0.8251979904524614,0.7732764471850816,0.2839572457752
Cc1ncc(CNC(=O)c2ccc(NC(=O)N3CCc4[nH]c(=O)ccc4C3)cc2)s1,8.8,0.5996022116891109,0.8278036604451108,0.2183952784847813
CCCN(C)C(=O)CS(=O)(=O)NC(=O)NCNC(=O)N1CCCC1,7.0,0.5126903277366354,0.798389438609919,0.14326429002983568
Cc1ncc(CNC(=O)NC(=O)c2sc(N3C(=O)Cc4ccccc43)cccccc2C)s1,10.0,0.5631884141362155,0.757598589730864,0.2133353741511793
CC1=NN(NC(=O)NC=O)C(=O)/C1=N\NC1CN(C(=O)c2cccs2)C1,8.2,0.4516467360382439,0.7120678772390804,0.13185728436301175
CCNc1cc(Nc2ccc(-c3c(O)c(N4CCc5cc(F)ccc54)n(C)c3O)cc2)nc(C)n1,10.0,0.30448255116289336,0.7788985928680078,0.11858051532681942
CNC(=O)c1cc(-c2cc(Nc3ccc(C(F)(F)F)cn3)oc2C)ccc1C,10.9,0.6530131883595681,0.8076341933391803,0.28743069989324116
CCc1cc(=O)[nH]c(NC2=CC(CNC(=O)c3ccccc3O)=CC=COCCO2)n1,10.9,0.5601319624737959,0.6801370365771946,0.2076267387117573
O=C(c1cccs1)N1CC([C@@H]2[NH+]=NC3=C2CNCC3)C1,7.4,0.8039354657205016,0.6405332706751634,0.19053054290979402
Cc1cccc(C)c1C(=O)[C@H]1CNCc2ccccc21,7.5,0.8434573967240302,0.8055514799915581,0.25479313284032595
O=C(NCc1ccc(C2=Cc3ccccc3OC=C2)cc1)c1ccccc1Cl,10.8,0.6216119095477404,0.8505685175515532,0.28551070101406234
CCCc1ccc(NC(=O)N2CCOCC2)cc1-c1ccc(C)c(C(=O)NC)c1,9.0,0.8081087276500786,0.8606549503500494,0.312976249592904
CCS(=O)(=O)c1cccc(OC)c1NS(=O)(=O)NC(=O)CCC(C)C,7.0,0.6601292857603607,0.8159313700285471,0.18851706738424606
NC(=O)c1ccc(=O)n(Cn2c([O-])c(CNC(=O)NC(=O)c3ccc(F)cc3Cl)c(=O)[nH]c2=O)n1,10.8,0.2983059766612663,0.7659177806977221,0.12337803987116233
Cc1cc(=O)c(O)c(C[C@H](C)NC(=O)N(C)CC(=O)C(C)(C)OC(=O)NCC(=O)N(C)C)n1C,9.3,0.4537018710396316,0.6950479523248176,0.14663521874089602
C[C@](O)(CO)CNC(=O)N[C@H]1CN(CCC(=O)NC2CCCC2)Cc2ccccc21,8.5,0.43280074819196207,0.7362590119761907,0.13542771677970727
O=C1CCc2ccc([C@@H]3CCOc4ccc(CNC(=O)c5ccccc5Cl)cc43)cc2N1,12.0,0.5876145634626313,0.7866803640016367,0.27735890320646733
CC(=O)N[C@@H](C)NC(=O)N(C)[C@H](C)C(=O)c1cc(C)[nH]c(=O)n1,7.9,0.509961686273024,0.6818369262084293,0.13734572991772406
Cn1ccnc(NC(=O)c2c(CNC(=O)Oc3ccccc3)cc(O)c(F)c2F)c1=O,10.6,0.5710222750597755,0.8094860524122959,0.24498432065714174
COC(=O)c1cc[nH]cnc(C(=O)N[C@@H](Cc2c(O)c(=O)cc(C)n2C)C2CCC2)cc1,9.7,0.5912159828780222,0.6778672242070276,0.19437147955187192
CCC(C)(COc1ccc(OC)cc1)OC[C@H](C)N1C[C@@H](C)C[C@@H](O)C1,7.6,0.7272294195742265,0.6888374492215732,0.19035828618379025
Cn1nc2c(c1-c1cc(F)c(F)cc1CCCNC(=O)c1ccccc1O)CCCC2,10.0,0.5785366250527345,0.818357746996781,0.23672496451663863
Cc1cccc(NC(=O)c2ccc(-c3ccnc4c3OCO4)cc2)c1,10.5,0.7862502613440909,0.8683595336457519,0.35844265289154287
Cc1cc(-c2ccc(F)c(O)c2)cc(C)c1CNC(=O)c1ccccc1Cl,10.8,0.6334233731023936,0.8737489444111599,0.2988646219513293
CCc1cc(=O)[nH]c(Nc2nc(Cl)c(CNC(=O)c3ccccc3Cl)cc2C)n1,10.5,0.5113510689435667,0.8093035177417062,0.2172650649209304
Cc1ccccc1-c1ccc(C(=O)c2c(C)cccc2C)cc1,10.5,0.5828307231046859,0.9193660344296004,0.28131325458835804
Cc1ccc(Nc2ccc(C)c(C(N)=O)c2)c(C(=O)C=CC(=O)N2CCC[C@@H](C)C2)c1,10.5,0.543543126052995,0.7866322427037047,0.22447348783295626
Cc1ccc2c(c1)CC(=O)N2c1ccc(-c2ccc(C(C)C)cc2)cc1,10.5,0.5713974512073109,0.8863935124897157,0.2659035717467426
CCc1ccc(F)c(NC2CCCC2C(=O)Nc2cccc(C)c2)c1,9.2,0.8113132286531615,0.7977320988897593,0.29771687818523623
CC1CCN(NC2=CC(Cn3nc(C(N)=O)ccc3=O)NC=C2)CC1,8.6,0.6915329080224321,0.6718960845732985,0.1997944488991594
CCc1sccc1N(C(C)=O)c1cccc(-c2cccc(N3C(=N)SCC3=O)c2)c1,9.0,0.5609510957152747,0.7818351326117947,0.19735707343827752
CC1CCN(C(=O)NCc2ccc(N3C(=O)CCCc4sccc43)cc2-c2ccccc2)CC1,11.1,0.4794653880365333,0.824862240702027,0.21949855634475932
Cc1ccc(C(=O)c2ccc(C)c(F)c2F)cc1OCCNC(=O)N1CCC(C)CC1,9.8,0.536902714054682,0.8440751400688252,0.2220612544488287
COCCOCCOc1cc([N+](=O)[O-])ccc1CC(C)(C)CC(=O)c1ccnc2c1OCO2,8.4,0.19104355885304986,0.7718077360641185,0.06192853659216194
CC(C[S@+]([O-])CC(=O)N1CCc2cc(F)ccc21)c1ccccc1,8.9,0.780809884447409,0.7141015567491148,0.24812201153400107
Cc1cc(NC(=O)C(=O)N2CC[C@H](O)C2)cnc1CCC(=O)NC1CCCC1,8.5,0.6494913511030778,0.7799442386451653,0.21529099087065165
CCc1cc(=O)[nH]c(Nc2cc(CCC(=O)NC3CCCC3)ccc2C#N)n1,9.6,0.6848932481999805,0.8113649950374818,0.26673523532495136
Cc1ccc(-c2cc(CNC(=O)c3ccccc3O)c(C)cc2Cn2nc(C(N)=O)ccc2=O)cc1C,11.7,0.36014934758528905,0.8245305195547444,0.17371816527885334
Cc1cc(=O)n(-c2cc(C(F)(F)F)cnc2-c2ccc(-c3ccc(F)cc3)cc2)cn1,11.2,0.4115775416042971,0.8345933108582069,0.19235992334855054
O=C(C[C@@H](NC(=O)c1ccc2c(c1)CNC2=O)C(F)(F)F)C(=O)OCCS,8.1,0.3579592040758931,0.7213144652749379,0.10457146651068931
CCNC(=O)N(C)CC(=O)NC(=O)C(=O)N1CC[C@H](O)C1,7.4,0.5150841762430218,0.7722391038913441,0.14717421279549325
Cc1ccc(C(=O)c2ccnc3cc(-c4ccc5c(c4)NC(=O)CC5)oc23)c(F)c1F,11.8,0.4645460346870222,0.7959379917520256,0.21815240437584163
CCCCCCC=C(c1ccc(F)c(OC)c1)c1cc(Nc2nc(CC)cc(=O)[nH]2)c(C)[nH]c1=O,8.6,0.3092933592746147,0.7673449227286234,0.1020539162154139
Cc1cccc(C2CN(C(=O)c3cccs3)C2)c1Nc1ccc(C(F)(F)F)cn1,9.2,0.6137208082061546,0.8254661008376226,0.23303863237431044
Cc1ccc(Nc2c(Cl)cc(Cl)cc2C2=Cc3ccccc3OC=C2)cc1C(N)=O,10.3,0.4840073612925891,0.7996697027475412,0.19932870170722025
CCC(=O)Nc1nc(N=C(O)[C@@H]2CSN(c3ccnc4c3OCO4)C(=O)N2)cs1,9.3,0.369066883411723,0.6250980265839368,0.10727688593164064
O=C1SC[C@H](C(=O)CNc2cccc(F)c2)c2c(CNC(=O)N3CCCC3)cccc21,9.2,0.7133600818279273,0.7470136139324236,0.2451292586702483
COc1ccc(OC)c(OCC(=O)Nc2cc(CCC(=O)NC3CCCC3)c(C)[nH]c2=O)c1,8.8,0.5048270035260454,0.8437007054603137,0.18740607556454997
O=C(CO)N[C@@H]1OCCN(Nc2ccc(C(F)(F)F)cn2)C1=O,8.4,0.6997457991393888,0.7135891345613181,0.20971901967273368
Cc1[nH]c(=O)c(-c2ccccc3c(c(/N=C/N(C)C)cccc[nH]2)S3)cc1N1C(=N)SCC1=O,10.0,0.2796073480764757,0.6627079027910181,0.09264899962435971
Cc1cccc(NC(=O)c2cccc(OC3=Cc4ccccc4OC=C3)c2)c1,10.5,0.6535946914244412,0.8383628890337297,0.2876735052238444
NC(=O)CNC(=O)NC(=O)NC(=O)NS(=O)(=O)CNC(=O)c1ccccc1O,9.6,0.2639921506262412,0.8008391617041486,0.10147932124991728
CC(=O)N1CCC(Cc2cccc(N3CC[C@@H]3c3ccccc3)c2)CC1,9.5,0.8154440190665029,0.8188915238800695,0.317186092820822
CCNc1cc([C@@H](C)CC[C@H]2N[C@H](C)C(c3nc(-c4ccnc5c4OCO5)c(C)s3)=C2C=O)nc(C)n1,9.7,0.38886470363102943,0.5858329171334363,0.11048772569372164
C[C@@H]1CC(c2cc(Br)ccc2N2CCc3[nH]c(=O)ccc3C2)=NO1,9.1,0.8598070416196507,0.7279282695659963,0.28477442264491715
CCc1nc(N)sc1C(=O)C(=O)CN(C)C(=O)N[C@@H](C)S(=O)(=O)CC(=O)NC(=O)CCC=O,7.7,0.18140972429008584,0.6650526578686445,0.04644910243140075
Cc1cc(=O)n(C2=C(C=CC3=NO[C@H](C)C3)CCC(CNC(=O)Oc3ccccc3)=C2)cn1,10.0,0.7239732308614327,0.6774741535175812,0.24523657587361877
O=C1CCc2ccc(N3CCN(c4ccccc4C(=O)NF)CC3)cc2N1,10.0,0.817463997155575,0.8327731179811797,0.3403810208743032
O=C(CCC1=CC=CC1C(=O)Nc1ccccn1)NC1CC=CCC1,8.4,0.7835263926349252,0.702081869589829,0.23104186333792315
CCNc1cc(-c2ccc(Cn3nc(C(N)=O)ccc3=O)cc2)nc(C)n1,10.2,0.6860621975978405,0.8460636920494865,0.29603068109635877
CCNc1cc(NC[C@H](C)NC(=O)c2ccccc2C(=O)N[C@H](C(=O)O)[C@H](O)c2ccccc2)nc(C)n1,0.0,0.2101694776907571,0.7190415234781651,0.0
CC1CN(C(=O)N[C@@H](C)C2C=C[C@@H](C3=CC=CCC3)C(S(C)(=O)=O)=C2)C1,8.9,0.7670872623626107,0.6004527642118581,0.2049668518494147
CC(C)C1=C[C@H](N2C(=O)Cc3ccccc32)c2ccccc21,9.1,0.8036027351785056,0.7692222161689176,0.2812578299774033
COC1=CCCC=C1C(=O)NC(=O)NC(=O)N(C)CC(C)(C)NC(=O)CNS(C)(=O)=O,8.7,0.38212835914037213,0.7312621901146387,0.12155466905230723
O=C(O)NC(=O)NC(=O)C(=O)N[C@H](NC(=O)C(=O)N1CC[C@H](O)C1)C(=O)N1CCCC1,10.1,0.18674246620846394,0.6884490657844986,0.0649241515837727
C[C@@H](CNC(=O)c1ccccc1Cl)NC(=O)N(C)CC=O,7.4,0.7772699729782959,0.8017993554818591,0.2305893884466779
NS(=O)(=O)CCc1nn(C(=O)C2Cc3ccccc3C2)c2c1COC2,9.7,0.8672633099478123,0.7586673298433801,0.3191127047201807
C[C@H](NC(=O)N1CCOCC1)[C@@H](N)C(=O)N1CCCCC1,7.3,0.752329722478651,0.7688629249045698,0.21113002728491628
O=C(NCc1cc(C(F)(F)F)cnc1-c1ccc(O)c(Cl)c1)c1ccccc1Cl,9.6,0.5454816816190696,0.8560696454720005,0.22414574870165163
Cc1c[nH]c(Nc2ccc(C(F)(F)F)cn2)c1CNC(=O)N1CCCC1,9.1,0.7698996849523112,0.8045973088044709,0.281853942625728
COc1cc(-c2ccc3c(c2)CNC3=O)ccc1C1CN(C(=O)c2cccs2)C1,9.3,0.717379453036471,0.8309185819872924,0.277179021806706
CS[C@@H](C)C(=O)NC(=O)S(=O)(=O)[C@@H](C)C(=O)Nc1nnc2cccc(C)n12,9.0,0.7323850399528105,0.6722793154799298,0.22156529099724742
CNC(=O)c1cc(-c2ccc(Br)cc2C(=O)Nc2ccccn2)ccc1C,9.8,0.6511277088688588,0.8760687527782315,0.27951199350596345
Cc1noc(C)c1CNC(=O)c1ccc(OC(C)C(=O)c2ccccn2)cc1,8.9,0.6333399597152909,0.8096754947308518,0.2281959311208067
CCNc1cc(-c2ccc(-c3ccc4c(c3)NC(=O)CC4)cc2)nc(C)n1,10.0,0.7236717186755294,0.8489699621626392,0.30718777581106815
CN(C)C(=O)[C@H](C#N)C(C)(C)C(=O)NC(C)(C)CN(C)C(=O)NC1=Cc2ccccc2OC=C1,9.3,0.639909216314366,0.6573333553832977,0.19559465761978773
CC1CCN(C(=O)NCCNc2cc(CNC(=O)Oc3ccccc3)cc(N3CCNCC3)c2)CC1,9.4,0.42088840658977783,0.8234808095712327,0.1628989571249173
O=C(CCOc1ccc(Nc2ccc(C(F)(F)F)cn2)cc1)NC1CCCC1,9.5,0.7175368039971186,0.8702688411913281,0.2966137133901832
Cc1cccc(C)c1C(=O)C[C@@H](NC(N)=O)C(=O)C(=O)N(C)C(C)COC=O,8.7,0.33862914232304603,0.6985959610473468,0.10290575373711608
Cc1ccc(C(=O)C(=O)c2ccc(Nc3ccc(C(F)(F)F)cn3)cc2)c(F)c1F,10.5,0.33665586740441616,0.8385786200855835,0.148214016684148
CNC(=O)c1cc(-c2cc(OC)c(-c3ccc(F)c(O)c3)cc2C#N)ccc1C,10.2,0.6911510178782215,0.8399973377796928,0.2960881576609298
O=C(CNc1cccc(F)c1)c1cccc(Br)c1C(=O)C1Cc2ccccc2C1,10.3,0.504171695360534,0.8353476830067551,0.21689670864185995
NC(=O)c1c(F)cccc1ON1NCc2cc(CNC(=O)N3CCCC3)ccccccc21,10.8,0.6485328599119992,0.752061359995314,0.263377712498617
Cc1cccc(C)c1C(=O)c1ccc(C)c(N2C(=N)SCC2=O)c1C(O)=NC(C)(C)C,10.0,0.40151270757922736,0.7542114204317796,0.1514127347523694
O=C(NCc1ccc(C2=Cc3ccccc3OC=C2)cc1)c1ccccc1O,9.6,0.6964782450638461,0.8442240522607464,0.2822321694524416
Fc1ccc2c(c1)CCN2c1ccc(-c2ccccc2Cl)cc1,10.6,0.5723133837879152,0.9017459443474666,0.2735230745450597
Cc1cc(C(=O)c2ccc3c(c2)NC(=O)CC3)ccc1O,9.5,0.8317753606355116,0.8703149562695243,0.34385560489334244
COc1c(C)cccc1N1C=C(CCC(=O)NC2CCCC2)C(=O)C[C@H]1N1CCc2cc(F)ccc21,10.5,0.5885092218537787,0.7240896206512004,0.2237200450809638
CNC(=O)c1cc(NC(=O)N(C)CC(C)(C)C(=O)N(CC(=O)O)C(C)(C)C)ccc1C,8.1,0.6093350326560651,0.795603691052725,0.19633962643290373
O=C(NCC=CC1=CCc2[nH]c(=O)ccc21)c1ccccc1O,9.5,0.807770741373511,0.7859620143471187,0.3015666315347803
CC(=O)c1ccc(=O)n(C[C@H]2CN(C3C=CC(C(=O)N4CCC[C@@H](C)C4)=CC3)Cc3ccccc32)n1,11.2,0.6044200413638885,0.6517192105639861,0.2205908052357661
Cc1cccc(NCc2ccc(N3C(=N)SCC3=O)c(C)c2)c1,8.9,0.8952894662716134,0.8423118332461684,0.33558024567144573
Cc1ccc(NC(=O)[C@@H](CN2CCSC[C@@H]2C(O)=Nc2ccc(F)cc2)NC(N)=O)cc1C(N)=O,10.8,0.2734349259918699,0.7083546793622458,0.10459201103680164
CN(CC(N)=O)C(=O)NCN1CCc2[nH]c(=O)ccc2C1,8.2,0.6482638788348455,0.788186547331881,0.20949067605171195
CCc1cc(=O)[nH]c(Nc2ccc(N3CCc4[nH]c(=O)ccc4C3)cn2)n1,9.7,0.6507596830429926,0.7734368260679647,0.24411092933609693
CC(C)(C(=O)C(=O)CNc1cccc(F)c1)c1ccc(F)c(C(F)(F)F)c1,9.5,0.5879071189183218,0.8174537392829547,0.22827876453765417
Cc1ccc(-c2ccc(F)c(O)c2)cc1C(=O)CNC(=O)c1ccccc1O,9.8,0.5883209234769257,0.8673679979960619,0.250042463371934
CCOc1cccc(S(=O)(=O)N(C)CC(=O)NC(C)=O)c1,7.1,0.8186080072562948,0.8801080043231655,0.25576452815420186
N=C1SCC(=O)N1c1cccc(Oc2cccc(F)c2C(N)=O)c1C(F)(F)F,9.1,0.7464842374839448,0.7857191347135952,0.26686976186471645
Cn1ccnc(NC(=O)n2c(=O)[nH]c3cc(CCNC(=O)NNC=O)ccc23)c1=O,9.3,0.2557552464558158,0.7746316398300669,0.09212398927010336
CCc1nc(N)sc1C(=O)c1ccc(-c2cc(C)sc2C(=O)CNc2cccc(F)c2)cc1,9.4,0.30331834848265443,0.8015653870153179,0.1142708600134626
CC(=O)NC1(CC(C)C)CCN(C(=O)NCc2c(C)noc2C)CC1,8.0,0.8540407168611635,0.7915970220236108,0.27042243526168275
Cc1ncc(CNC(=O)c2ccc(ON3CCc4[nH]c(=O)ccc4C3)cc2)s1,9.3,0.6916505280413582,0.7929106526823061,0.25501393830206076
Cc1cccc2nnc([C@H](C)NC(=O)N(C)CC(=O)S(=O)(=O)NC(=O)[C@@H]3C=C(Cl)C=N[C@H]3C)n12,9.8,0.6067150016938228,0.5892544656097144,0.17517966680924035
CC(C)(C(=O)Nc1ccccn1)c1ccc(NC(=O)c2ccc(F)cc2Cl)cc1,10.5,0.617240019524845,0.8726828149876701,0.28279374782504274
CCc1cc(=O)[nH]c(N[C@H](C)NC(=O)N(C)CC(=O)C(=O)C(=O)NN=C(C)NS(C)(=O)=O)n1,0.0,0.06089711477822274,0.642016760432747,0.0
Cn1ccnc(NC(=O)N2C(=O)Cc3ccccc32)c1=O,9.3,0.8429155956337414,0.8267835351482726,0.32406256223519964
CCN(C(C)=O)c1cccc(-c2cc(C3=NO[C@H](C)C3)cn(C)c2=O)c1,9.8,0.8488454657663103,0.742738903547186,0.30893056975689215
CC(C)C(=NC(=O)N1CCO[C@@H](CCC(=O)NC2CCCC2)C1=O)C(N)=O,8.5,0.6566807241256798,0.7063420732833678,0.19713252026976627
O=C(NCc1ccccc1Nc1ccc(C(F)(F)F)cn1)c1ccccc1O,10.1,0.6035502180063602,0.873011170792107,0.26608757163904984
CC(C)CNC(=O)CNC(=O)CS(=O)(=O)[C@H](C)NC(=O)N(C)CC(=O)Cn1nc(C(N)=O)ccc1=O,8.6,0.20692933007965617,0.7103790982660743,0.06320925648991926
CCc1cc(=O)[nH]c(NN2CCC3=C(C2)[C@H](N2CCNCC2)[NH+]=N3)n1,9.7,0.5240516466470507,0.5932409041758454,0.15078110325549246
CN(C)S(=O)(=O)N1CCC[C@@H](NC([O-])=CN2CCc3cc(F)ccc32)CC1,9.5,0.7363870084695883,0.7216058681551629,0.2524060636088183
Cc1noc(C)c1CNC(=O)c1cc(C2=NO[C@H](C)C2)cc([N+](=O)[O-])c1,9.3,0.6478716255307223,0.7577485189318014,0.22827955058728722
CC(=O)Nn1c(C(=O)C2Cc3ccccc3C2)cc2c1CCNC2,9.9,0.84713368319118,0.7718905208498642,0.32367775767421236
CN(CC(C)(C)NC(=O)CNS(C)(=O)=O)C(=O)NC(=O)C1=CC2=C(CCNC2)C1,7.9,0.42067170915243557,0.7099367707185489,0.11796687431769144
C=NC(=O)c1cc(-c2ccc(Br)cc2C(=O)Nc2ccc(NC(=O)CC)[nH]2)ccc1C,9.3,0.4221691595185953,0.7815767500867143,0.15343028385277327
O=C(CS(=O)(=O)Cc1cccc[n+]1[O-])NCS(=O)(=O)NC(=O)NN1CCc2cc(F)ccc21,10.0,0.3073416710718913,0.735327833501834,0.11299844256706355
Cc1cc(C(=O)c2ccc(CNC(=O)C=CC(=O)C(CC=O)c3ccccc3)c(C)c2)nc(=O)[nH]1,9.0,0.26602017014800505,0.7326238244946042,0.08770172150094156
C[C@@H]1CC(c2ccc(C3CCC4=C(F)C=CC4C3)cc2)=NO1,9.0,0.7623316400391648,0.6575706005356312,0.22557909345653981
O=C1NCC2C1=CC=C2c1ccc(C2=NOCC=C2)cc1,9.3,0.899780227536035,0.6608798961635881,0.27651069845499004
CCC(=O)Nc1nc(-c2cc(C(=O)c3cc(C)[nH]c(=O)n3)ccc2Br)cs1,9.9,0.5825312792374484,0.8108283290265447,0.2338047675561489
O=C1CCc2ccc(Oc3cccc(N4CCc5cc(F)ccc54)c3)cc2N1,11.2,0.6853405360479405,0.8500047276828853,0.3262239095995445
O=C1CCc2ccc(-c3cccc(NN4CC[C@@H]4c4ccccc4)c3)cc2N1,10.9,0.679213133091612,0.7814468793931622,0.28926909589702454
CNC(=O)N1CCC[C@H](c2ccc(C(=O)c3ccc(C(N)=O)cc3)cc2)C1,10.5,0.815648726584149,0.8300617089108984,0.35544535732620436
Cc1cc(=O)c(O)c(Cc2cccc(-c3ccc4c(c3)NC(=O)CC4)c2O[C@@H]2CCC[C@@H](C)[C@@H]2C)n1C,12.2,0.46780387218659997,0.6641194302357185,0.18951336104576286
CCc1cc(=O)[nH]c(N[C@H]2C[C@@H](C(=O)CO)N(NC(=O)N3CCOCC3)C2)n1,9.2,0.46705224931025885,0.6559666155382542,0.14093051429940653
CS(=O)(=O)N(CC(N)=O)CN1CCc2[nH]c(=O)ccc2C1,7.8,0.6813832776313068,0.774950528903848,0.2059349492407813
CNC(=O)N1CCC[C@H](c2ccccc2C2=NO[C@H](C)C2)C1,8.5,0.9128813286329378,0.7364128161188374,0.2857094417503772
Cc1nc(N)sc1C(=O)[C@H]1CN(C(C)(C)C=O)Cc2ccccc21,7.9,0.6822448529897146,0.7119548328577773,0.19186237050995658
C[C@@H](c1ccc(N2C(=N)SCC2=O)cc1)C1CN(C(=O)c2cccs2)C1,9.1,0.873887910307882,0.7487610818635424,0.297721632003068
CC(=O)NC(=O)NC(=O)Nc1nc(-c2ccc(Cl)cc2Nc2ccc(C)c(C(N)=O)c2)cs1,11.2,0.36683798426004727,0.8191318909828146,0.1682736673695036
Cn1ccnc(NC(=O)c2ccc(Oc3cccc(F)c3C(N)=O)cc2F)c1=O,10.1,0.6811407551271083,0.8428071454720006,0.28990549922412717
Cc1cccc(NC(=O)C(O)=Nc2cc(N)sc2N2C(=N)SCC2=O)c1,9.5,0.47328800521299336,0.7312204413416445,0.16438698542543698
CCOc1ccc(N[C@@H](CNC(=O)N2CCCC2)C(=O)N2CCCCC2)cc1,8.5,0.7531967368109044,0.818523321915388,0.26201636540487394
CC(C)N(C)C(=O)CC(=O)CC(C)(C)CCNC(=O)c1ccccc1Cl,8.1,0.6639805464132242,0.8272764706987608,0.22246467063499356
CNC(=O)CN(CCO)c1cc(O)nc(CNC(=O)c2ccccc2Cl)n1,8.2,0.5078325536275874,0.8104634059496215,0.1687476774366944
COc1cc2c(cc1C=C1SCC(=O)N1C)OCCO2,7.7,0.8341075186357312,0.8081369314162461,0.2595181398738771
Cc1ccc(-c2cnn(C)c2)cc1-c1nc(CNC(=O)Oc2ccccc2)cc(C(F)F)n1,9.6,0.4440376521289197,0.8135174434009362,0.17339154025616305
CCNCCN(Cc1ccc2[nH]nc(CC)c2c1)[C@H](NC(=O)C1=NO[C@H](C)C1)C1CCC1,9.3,0.3689093730875332,0.656082806754466,0.11254632007398414
Cc1noc(C)c1CNC(=O)c1ccc(C(=O)Nc2nccn(C)c2=O)cc1,9.6,0.692301983513681,0.8555305226508941,0.28429702933810086
Cc1cccc(NC(=O)S(=O)(=O)c2cccc(-c3ccc4c(c3)CNC4=O)c2)c1,11.1,0.689730939201627,0.8318217420948899,0.31842192124001023
CCNc1cc(-c2ccc(C[C@@H](NC(=O)NC(=O)NCc3c(C)noc3C)C(C)C)cc2)nc(C)n1,9.1,0.34973726671702465,0.7522199970514991,0.11970111141109922
O=C(NC[C@H]1CC(=O)c2cc(-c3ccc(Br)c(N4CCc5cc(F)ccc54)c3)ccc2C1)c1ccccc1Cl,9.9,0.25349448789477863,0.7621562447250921,0.09563519144143542
CNC(=O)N1CCC[C@H](c2ccc(CC(O)=Nc3c4c(nn3C)CCCC4)c(F)c2)C1,0.0,0.5753301471602558,0.7161641462652594,0.0
C[C@H](NC(=O)N1CCOCC1)S(=O)(=O)Cc1nc(C(=O)CNc2cccc(F)c2)cccccs1,11.1,0.5119539973295978,0.6900690060125793,0.1960723902640782
CCc1nc(N)sc1C(=O)S(=O)(=O)NC(=O)COS(=O)(=O)NS(=O)(=O)NC(=O)N[SH](=O)=O,8.0,0.15668619097031422,0.6419312202610219,0.04023270310705013
CSc1ccc([C@H](O[C@@H](C)C(CC(=O)Nc2ccc(C(F)(F)F)cn2)c2ccccc2)C(C)C)cc1,9.8,0.28016058157995977,0.699625074641656,0.09604361022176927
COc1cc(OC(=O)NCc2cnc(C)s2)cc(OC2=Cc3ccccc3OC=C2)c1,9.5,0.5809275095900176,0.7764995884886223,0.2142677367657252
O=c1ccc2c([nH]1)CCN(c1ccc(-c3ccccc3)cc1)C2,8.8,0.7848528688324723,0.8761441478998404,0.30256346911558757
CC(=O)n1cc(CNC(=O)c2ccc(C(N)=O)cc2)ccc(F)ccc1-n1cnc(C)cc1=O,11.3,0.5998733244848272,0.7659370387702871,0.2595978367531558
CC1=CC=C(N(C)C)C(CN2CCc3[nH]c(=O)ccc3C2)C1C(N)=O,8.6,0.8500403795663088,0.6493705243141004,0.23735620179586628
Cc1cccc(NC(=O)c2ccc(C(=O)N(C)C[C@H](F)[C@H](F)CCC(=O)NC3CCCC3)cc2)c1,0.0,0.5058272045474964,0.751581370197184,0.0
Cn1ccnc(NC(=O)Oc2ccc(NC(=O)c3ccc(F)cc3Cl)cc2)c1=O,9.8,0.6779146496871495,0.8623975348357232,0.28646964213241816
COC(=O)c1ccc(C2=NC(N3CCNC(=O)C[C@H]3NC(=O)N3CCOCC3)=NN=CN[C@@H](C(=O)[O-])C2)cc1,0.0,0.35736685232698207,0.57358311411086,0.0
CCc1nc(N)sc1C(=O)c1ccc(C(=O)Oc2ccc([C@H]3CCCN(C(=O)NC)C3)cc2)cc1,9.6,0.3019301282541159,0.7717152679717622,0.11184196312049932
CCC(=O)N[C@@H](C)CC[C@@H](NC(N)=O)C(=O)NC1=CC(=O)N(C(=O)NCCC(C)=O)[C@H]1C,7.1,0.28531491640234735,0.6605865146224945,0.06690869109959242
CCC(=O)Nc1nc(-c2cccc(CNC(=O)C(=O)Nc3ccccn3)c2)cs1,9.5,0.5419981003578122,0.8624055143320563,0.2220255214903863
COc1cccc(C(=O)CC(=O)N2CCC(C)CC2)c(C)cc(CNC(=O)N2CCCC2)c(C)c1,9.7,0.4767650963772387,0.789845017587226,0.18263670992753198
Cc1ccc(C(=O)NC(=O)NCC(=O)C=O)c(F)c1F,8.0,0.6210607253711199,0.8200329006572004,0.20371609124413775
O=C(c1ccc(N2C(=O)CCCc3sccc32)cc1)C1Cc2ccccc2C1,11.1,0.568470580825624,0.8371236770262248,0.2641135015105989
CCNC(=O)N(C)[C@H](C)C(=O)Nc1nccn(C)c1=O,7.0,0.7963501124571403,0.780335687971595,0.21749714450467486
Cc1cc(=O)n(NC(=O)NCC[C@H](C)c2c(C(=O)S)cccc2[N+](=O)[O-])cn1,8.3,0.3659856575808401,0.7116610787005132,0.10808996536310242
Cc1ncc(CNC(=O)N2C(=O)Cc3ccccc32)s1,8.9,0.9211604132012314,0.8315604131976225,0.3408702375511944
CCNc1cc([C@@H]2OCCCC(=O)N[C@@H](Cc3c(O)c(=O)cc(C)n3C)[C@H]2[C@H]2CCCO2)nc(C)n1,9.5,0.5525566747306746,0.5515960832084864,0.14477434632776923
CCOC(=O)[C@H](C)S(=O)(=O)C1(NC(C)=O)CCN(N2C(=O)Cc3ccccc32)CC1,8.8,0.6546497860816274,0.686035919064108,0.19760983777023766
O=C(Nc1ccc(N2CC[C@@H]2c2ccccc2)cc1)c1ccc(F)cc1Cl,10.1,0.6308376616788441,0.842864164013151,0.2685137814611697
Cn1nc2c(c1-c1cc(O)nc(-c3cccc(Cl)c3)n1)CCCC2,9.6,0.7706712048291543,0.8081333302144128,0.29894644188429037
Cc1cc(N2C(=N)SCC2=O)nc(C(=O)Nc2ccccn2)n1,9.2,0.8816394765127593,0.7886985788082986,0.31985998898757656
O=C1CCCc2cc(F)c(C(=O)N3C(=O)CCCc4sccc43)cc2N1Cc1ccnc2c1OCO2,10.8,0.4888378729125551,0.7490529904672596,0.19772935410175393
C[C@@H]1CC(c2ccc(C3=CC=C(c4cccc(CC(=O)NCNC(=O)N5CCCC5)c4)C3)cc2)=NO1,9.3,0.5682370458157208,0.7269441802016822,0.19208062524529168
C[C@@H]1CC(C2=c3[nH]c(=O)n(Oc4cccc(F)c4C(N)=O)c3=CC2)=NO1,9.7,0.7852454405774226,0.6498470671111715,0.247490381563004
CC(C)C[C@@H](NC(=O)CNC(=O)Oc1ccccc1)C(F)(F)F,6.9,0.8416410945016936,0.8051881538216276,0.23379940647647027
CN(CCN=C(O)C(=O)Nc1ccccn1)CNC(=O)c1ccccc1O,8.9,0.326669328823145,0.7916541778794461,0.11508106683182319
Cc1c(CNC(=O)N2CCCC2)cccc1-c1c2c(nn1C)CCCC2,9.7,0.9178178854727904,0.8287323815125848,0.36890331998101455
Cc1cc(=O)c(C(=O)C2Cc3ccccc3C2)c(C(=O)c2c(C)cccc2C)[nH]1,10.5,0.6869041029919567,0.8102509061557613,0.29219645274295525
CNC(=O)c1cc(-c2ccc(CNC(=O)N3CCC(C)CC3)cc2)ccc1C,9.1,0.844534157326806,0.8820783567706854,0.33895011228785277
Cc1cc(=O)n(-c2ccc([O-])c(C3CN(C(=O)c4cccs4)C3)c2)cn1,9.4,0.7093991546391138,0.7747781307222792,0.2583246669546111
Cc1cc(C(=O)N/C([O-])=C/[C@@H]2CSC(=O)N2)nc(=O)[nH]1,0.0,0.6032813016759094,0.6304304445357857,0.0
CNC(=O)N1CCC[C@H](c2ccc(C(=O)Nc3cccc(C)c3)cc2)C1,9.5,0.8842302927790624,0.8435749684582508,0.35430940713694054
O=CNc1nc(-c2cccc(CNC(=O)c3ccccc3O)c2)cs1,9.9,0.5941832319041045,0.8691205891427661,0.25562635588276783
CC=C=CNC(=O)[C@@H](CC[C@H](C)NC(=O)CC)NC(N)=O,6.3,0.48965472146886957,0.6777714926080526,0.10454031360124884
Cc1cc(=O)n(C(=S)N(C)CC(=O)c2ccc(C)c(Cl)c2F)cn1,8.6,0.6162384907426585,0.76211916494128,0.2019482805068719
CCc1nc(N)sc1C(=O)N1C(=O)N(C(=O)c2c(C)cccc2C)Cc2ccccc21,11.2,0.6618902388071694,0.7899933869382347,0.2928177904605143
Cc1ccc(Nc2[nH]c(=O)c(C)c(Cn3nc(C(N)=O)ccc3=O)c2C)cc1C(N)=O,11.0,0.4593414223617534,0.7909023357413696,0.19981181211677057
Cc1cc(=O)n(OCC(=O)NS(=O)(=O)NC(=O)CSc2ccc([N+](=O)[O-])cc2C)cn1,9.1,0.2740160811672667,0.7627455591845932,0.09509706982025146
CN(C)C1=CCCC(CNC(=O)c2ccccc2O)=C1CN1CCc2[nH]c(=O)ccc2C1,11.1,0.6498692072746716,0.7603991789936703,0.2742588064740348
CC1=CC=C(N(C)C)C(CN2CCc3[nH]c(=O)ccc3C2)C1NC(=O)c1ccccc1O,10.0,0.671912206030768,0.671374827041871,0.22555247055561442
Cc1cccc(NCc2ccc(Cn3cnc(C)cc3=O)cc2)c1,9.3,0.7825043132769663,0.8876619812734986,0.32298868802149805
Cc1cccc2nnc(-c3ccc(N=CN4C(=O)CCCc5sccc54)cc3)n12,11.4,0.36602609271610126,0.7647488649290142,0.15955328219525314
CC(=O)N1CCC(Cc2cccc(Cc3c(O)c(=O)cc(C)n3C)c2)CC1,10.5,0.9026183391678325,0.8257836110778266,0.3913179015601187
CSC1=C(CCC(=O)NC2CCCC2)CC(=O)C=CC=CC=C1C(=O)c1ccc(C)c(F)c1F,10.5,0.48689880416410103,0.698829604882786,0.17863613193924738
Cc1ncc(CNC(=O)Nc2ccc(Br)cc2C(=O)Nc2nccn(C)c2=O)s1,10.0,0.5225470453262474,0.8266972499354384,0.21599410266654878
Cc1cccc(C)c1C(=O)n1c(=O)[nH]c2ccccc12,8.4,0.7357895004460938,0.8668466576549196,0.2678830010636974
O=c1ccc2c([nH]1)CCN(c1[nH]c(=O)[nH]c1-c1ccnc3c1OCO3)C2,9.6,0.6258664128593312,0.7258793369781719,0.21806567846555427
CNC(=O)c1cc(C2(NC=O)CCCCC2)ccc1C,7.5,0.8274159644247219,0.8173930862263481,0.25362153328277764
CNC(=O)c1cc([S+]([O-])c2ccc(C3=NO[C@H](C)C3)c(C(=O)NCC(C)C)c2)ccc1C,8.9,0.6245531554473456,0.6545020298390738,0.1819032320522954
CNS(=O)(=O)NS(=O)(=O)c1ccc(-c2ccccc2)cc1,8.8,0.8602809596089561,0.8777836295599977,0.3322618389934392
C=C1C(=O)N=C(N2C(=N)SCC2=O)N=C1Cc1c(O)c(=O)cc(C)n1C,9.0,0.7228276304006747,0.6774919859081892,0.22036946705525864
O=C(NCc1cccc(-c2ccc(F)c(O)c2)c1)C1=CC=C2C(=O)NCC12,10.8,0.7797095604053745,0.749404211145506,0.3155315191406275
Cc1ccc2c(c1N(C)CNC(=O)c1ccc(F)cc1Cl)CCC(O)C2,9.4,0.8033482075631485,0.7557993736326558,0.28536993388001786
Cc1ccc(C(=O)c2cc(F)c(F)cc2CNC(=O)N2CCCC2)c(F)c1-c1ccc2c(c1)NC(=O)CC2,12.5,0.43548786866800104,0.7941726551689773,0.21615784809621577
CS(=O)(=O)N(CC(=O)Nc1ccc2c(c1)CNC2=O)CC(=O)N[C@@H](C=O)CC(=O)[O-],9.3,0.321383987854294,0.711351261986768,0.10630686098425886
Cc1cc(C(=O)c2c(C)cc(C(=O)c3c(C)cccc3C)cc2C)ccc1O,10.1,0.6242654249677232,0.8618029403816114,0.2716868583019588
CCOC(=O)CNCC(C)(C[C@@H](NC(=O)NC(=O)c1ccc(F)cc1Cl)C(F)(F)F)C(N)=O,8.2,0.2867715609112895,0.6993334013914664,0.08222506175691718
CCOCCN(C(=O)c1ccc(C(C)(C)C)cc1)[C@H](C)NC(=O)N(C)CC(=O)C(=O)Nc1ccccn1,9.4,0.27176879928820263,0.7351283641869526,0.09389892784316067
CNC(=O)c1cc(-c2ccc(OC(=O)c3cccc(NC(=O)C(=O)N4CC[C@H](O)C4)c3)cc2COC)ccc1C,10.0,0.23612491097061167,0.768300283593368,0.09070741803108985
CCCCC[C@@H](NC(C)(C)C(=O)Nc1ccc(C)c(C(N)=O)c1)c1cccc(OC)c1,9.4,0.45375268120715984,0.7934869496383568,0.16922201052360866
NC(=O)c1c(F)cccc1OOc1ccc(C(=O)Nc2nccnc2-c2ccnc3c2OCO3)cc1,10.6,0.2950010505354012,0.7718488484554253,0.12067899720891179
CCc1cc(=O)[nH]c(NC[C@@H](NC(N)=O)C(=O)OC(C=O)C(=O)NC(=O)c2ccc(F)c(Cl)c2)n1,9.5,0.16051045745302583,0.6721000977853852,0.0512425697211339
CN(C)c1nc(-c2ccc3c(c2)CNC3=O)ccc1-c1ccc(Br)cc1,9.8,0.6949571457656843,0.8318587931549963,0.28327204415983076
c1ccc2c(c1)CNC[C@@H]2c1c2c(nn1[C@H]1CNCc3ccccc31)CCCC2,10.3,0.708102602827276,0.6949709489015131,0.25343702997034917
CC1=C(c2ccc(C(=O)NCc3c(C)noc3C)cc2)C=C(O)C1F,10.1,0.8863316056427517,0.747559815004941,0.33460587502940053
CC(F)(F)c1cnc(N2C(=O)CCCc3sccc32)c(-c2ccc(-c3ccc(Cl)cc3)cc2)c1,9.2,0.285942991437832,0.8061409853251015,0.10603476783767042
CC(=O)N1CCC(Cc2ccc(C(F)(F)F)cn2)CC1,8.5,0.8372440902131351,0.8604742200924821,0.3061814561101045
N=C1SCC(=O)N1c1cn(N2C(=O)CCCc3sccc32)c2ccccc12,9.3,0.7153009268589837,0.7419251889870969,0.24677539553426117
CCS(=O)(=O)N1CCN(C(=O)CN[C@H](C)C2=Cc3ccccc3OC=C2)CCOCCOC[C@@H]1C,11.0,0.6278667690980303,0.6269795970824901,0.21651280965081235
Cc1cccc(C)c1C(=O)[C@@H](C)N(C)C(=O)N[C@H](C)NC(=O)NC(=O)C/N=C\c1ccco1,8.8,0.3193303500054148,0.682174562605731,0.0958491784103387
CC(=O)NC1(c2ccc(F)c(O)c2)CCN([C@H](SC(=O)[C@H](C)C(C)C)C(=O)O)CC1,8.8,0.598398322391126,0.6625356409354666,0.17444249506644957
C[C@@H]1CC(C2=CC=CC=COCc3ccc(-c4ccc5c(c4)CNC5=O)nc3CCCC2)=NO1,11.1,0.6584452236716759,0.6229858970478417,0.227662159020911
NC(=O)c1ccc(=O)n(CN2CCc3ccccc3C2)n1,8.7,0.8819677443581929,0.8576170336271949,0.3290298938920335
CN(C)c1nc(SC(=O)CNCCS)ccc1N1C(=N)SCC1=O,6.7,0.3702752238686911,0.6998025711184364,0.08680505048439617
Cc1cccc(NC(=O)c2ccc(NC(=O)c3c(C)cccc3C)cc2)c1,8.6,0.6802138832135609,0.9187497244381504,0.2687269166374292
Cn1cc(-c2ccnc3c2OCO3)c(CCC(=O)NC2CCCC2)c1Cl,8.7,0.8686751366740058,0.7795428430510464,0.29456872629281566
CC1=CC(=O)N(c2cccc(Cc3cc(F)cc(-c4ccc(F)c(O)c4)c3)c2)C=[SH]1,11.0,0.43555126800422195,0.7486170330642835,0.179333603900389
O=C(c1cccs1)C1CCN(C(=O)NCc2cccc(N3C(=O)CCCc4sccc43)c2)CC1,10.0,0.46949769774667877,0.8139374543772406,0.19107088046995344
O=C(CCc1cc(F)cc(-c2ccc(F)c(O)c2)c1)c1ccc(F)cc1Cl,10.2,0.5468046819178094,0.8602679187701343,0.23990324810047162
Cc1ccc(Nc2cc(C(F)(F)F)cnc2-c2ccc(C(F)(F)F)c(C)c2)cc1C(N)=O,10.8,0.45938968333554386,0.8218237499504417,0.2038701702135758
O=c1ccc2c([nH]1)CCN(c1ccc(C3=CCCC=C3)cc1)C2,9.7,0.9186667799723169,0.8030416592120577,0.35779793219720435
CC(=O)c1cc(Br)c(N2CCNC(=O)C[C@H]2n2cnc(C)cc2=O)cc1CC(C)C,9.6,0.6718012400388645,0.7091702530228322,0.2286822985821187
Cc1cc(C(=O)NCC(=O)NC(=O)N2CCOCC2)ccc1C(=O)NCC=CC1=CCc2[nH]c(=O)ccc21,9.1,0.42716272158785473,0.7633240663573044,0.14835893146560594
Cc1ccc(-c2ccc(-c3cc(C(=O)Nc4ccccn4)c(=O)n(C)c3)cc2)cc1,11.5,0.5458879393397702,0.8757512454182768,0.27488567457298174
C[C@@H]1C[C@@H](NS(=O)(=O)NC2=NS(=O)(=O)C=C2)COC[C@@H](S(=O)(=O)NC(=O)COCNC(=O)c2ccccc2O)C1,9.0,0.1470415618609038,0.5912459510936148,0.039121977641733294
COc1ccc(C(=O)c2ccc(C)c(F)c2F)cc1C(=O)Nc1ccccn1,10.1,0.673075779551286,0.8669161242288033,0.29466762429104504
CCC(=O)Nc1nc(N(CC[NH+](CC)Nc2ccc(C(F)(F)F)cn2)C2=N[C@H](C(=O)NC)CCS(=O)(=O)C2)cs1,10.7,0.2929499186217755,0.5646417007816048,0.08849528105752114
Cc1ccc(Nc2ccc(F)c(C(=O)CNc3cccc(F)c3)c2)cc1C(N)=O,10.5,0.517566919419522,0.8641783515498734,0.23481681680137212
NC(=O)N(Cc1nc(CNC(=O)N2CCCC2)cc(C(F)F)n1)C(=O)CO,8.4,0.6338981398688989,0.7716876443418601,0.20545197216940939
Cc1cccc(NC(=O)c2ccc(Cc3c(O)c(=O)cc(C)n3C)cc2)c1,9.7,0.7455235291596146,0.8640139700521856,0.31240923093530976
COCCOCC(=O)N1CCC[C@@H]1C(=O)C(C)(C)N1C(=O)CCCc2sccc21,7.8,0.6016099266150529,0.7263549334135343,0.1704231118930852
Cc1ccc(C(=O)c2cccccc3c(cc2)[nH]c(=O)n3CNC(=O)N2CCC(C)CC2)c(F)c1F,10.6,0.5170140341722278,0.7663922301055739,0.21000483548192053
CC(C)N(CCc1ccc(C(=O)c2ccc(C(N)=O)cc2)cc1)C1=NO[C@H](C)C1,9.8,0.7308847843709081,0.7625668992255002,0.27310078641732266
Cn1cc(C(=O)Nc2ccccn2)cc(-c2ccc(-c3ccccc3)cc2)c1=O,11.6,0.5710009438780772,0.8802885740434291,0.2915344518650531
CCNC1=CC(CNC(=O)c2ccccc2O)NC(C)=N1,8.3,0.6500062913986493,0.7158318539379079,0.19309751158692767
O=c1c2ccccc2on1Cc1cccc(C2=C[SH]=C3CCCCC3=N2)c1,10.8,0.5360514550932446,0.7122880341547497,0.20618444006324657
Cn1cc(-c2ccnc3c2OCO3)c(-c2cc(O)nc(-c3cccc(Cl)c3)n2)c1Cl,10.8,0.48454231203778747,0.7599612633073646,0.19884602929433845
CNC(=O)N1CCC[C@H](C[S@+]([O-])CC(=O)c2ccccc[nH]c(=NC=O)[nH]c2=O)C1,0.0,0.32296044292051085,0.5614982972802021,0.0
CCCCc1cc2c(N)c(C(=O)c3sc(N)nc3CC)sc2nc1CC1CCN(C(C)=O)CC1,9.6,0.4280026598005854,0.7648530050254227,0.15713237784352868
Cc1ncc(CNC(=O)c2cccc(-c3cc(F)cc(N)c3NC(=O)C(=O)N3CC[C@H](O)C3)c2)s1,10.3,0.31532780721169085,0.7519481573046516,0.12211173424356989
CCc1nc(N)sc1C(=O)N1CCN([C@@H]2CCCCCC(=O)NC(=O)N2C2CCC2)CC1=O,9.4,0.6355911910192742,0.6542068156879173,0.1954298019033248
CCC(=O)Nc1nc(-c2ccc(Cl)cc2C(=O)N2CCN(C(=O)NCc3c(C)noc3C)CC2)cs1,10.5,0.4950381528350204,0.8194384289815253,0.2129679752786488
CCNc1cc(C(=O)Nc2ccc(-c3ccccn3)cc2)nc(C)n1,9.5,0.746464471460777,0.8746601190572962,0.31012878415296435
Cc1onc(-c2ccc(-c3ccccc3)cc2)c1CNC(=O)c1ccc(Oc2cccc(F)c2C(N)=O)cc1,10.6,0.2499949820049712,0.8461818759261439,0.11211684810789722
COc1c(C2=Cc3ccccc3OC=C2)c(O)c(C)n1NC(=O)c1ccc(C(N)=O)cc1Cl,10.0,0.5244228795001167,0.7518897909423866,0.19715410461637356
CC1=CC=C(c2cc(C(=O)Nc3ccccn3)cn(C)c2=O)C1,9.6,0.9480398296810619,0.8059336083940973,0.36674743720136815
Cc1noc(C(N)=O)c1CNC(=O)c1ccccc1N1CCN(c2ccc3c(c2)NC(=O)CC3)CC1,12.1,0.48439130017045334,0.8080116364142924,0.2367932533049227
O=C1Cc2cc(-c3ccc(-c4ccccc4)cc3)ccc2N1O,10.3,0.7169355038734955,0.8829480109375931,0.32600364021455663
O=C(c1ccc2c(c1)CNC2=O)c1ccc2c(c1)CNC2=O,10.1,0.8216614944670587,0.8294917881514104,0.3441885384618236
CCNC(=O)N[C@@H](C)C(=O)N[C@H](C)NC(=O)N(C)CC(=O)N1C(=O)CCCc2sccc21,8.2,0.43929476964188147,0.6941146855741432,0.1250175898707795
CC(C)[C@](C)(NN=C(C[S@+]([O-])CC(=O)Oc1cccc(F)c1C(N)=O)C(=O)N(C)c1ccccc1)OC=O,0.0,0.07269108141655727,0.6059881116993019,0.0
C[C@@H](CC(=O)[NH+]CN1CCc2cc(C3=Cc4ccccc4OC=C3)ccc21)NC(=O)N1CCOCC1,11.3,0.6509245856951642,0.6705434476009499,0.2466073669384443
CCc1cc(=O)[nH]c(Nc2cc(CCC(=O)NC3=CCCC3)ccc2C#N)n1,9.3,0.6866689213019382,0.7745705719605588,0.24732119569097774
Cc1onc(-c2ccccc2O)c1CNC(=O)c1ccc(-c2ccc(F)c(O)c2)cc1,10.8,0.4328263648820135,0.8493619428009769,0.1985181707727026
O=C(NCC(=O)N1CCCC1)C1Cc2ccccc2C1,9.0,0.8967924610929836,0.8895185219974735,0.3589710770384584
CCN1C(=O)N[C@H](C(=O)NNC=O)C(c2ccc3c(c2)CNC3=O)=C1C,9.6,0.43272263885521944,0.7034596300429123,0.146113395571337
Cc1cc(=O)c(O)c(Cc2ccc(S(=O)(=O)C(S)=Nc3cccc(C(=O)C4Cc5ccccc5C4)c3)cc2)n1C,10.7,0.14678135028532546,0.7546087444647499,0.0592579323905628
CCc1cc(=O)[nH]c(NN/C([O-])=C/C[S@@+]([O-])Cc2ccc([N+](=O)[O-])cc2)n1,9.2,0.2378197898098564,0.6308257655910602,0.06901051145057353
CCc1nc(N)sc1C(=O)c1ccc(Nc2ccc(C(F)(F)F)cn2)cc1C,9.2,0.5839964492101639,0.8178609665659534,0.2197088341941703
CC1CCN(C(=O)NCN2C(=O)Cc3ccccc32)CC1,8.7,0.9039392806794373,0.846443956704118,0.332833264490981
Cn1c(C2CC(N3C(=O)Cc4ccccc43)=NO2)cc2c1CCNC2,10.8,0.8668667036090358,0.6771475427427578,0.31697819544656153
C[C@@H]1CC(c2ccc(NC(=O)c3ccc4c(c3)CNC4=O)cc2)=NO1,9.6,0.9049036632259728,0.78758221374147,0.3420892945470131
CN(CNC(=O)c1ccc(F)cc1Cl)c1c(F)ccc2c1CNC2=O,9.4,0.8188942328022705,0.7975312078718633,0.3069540421048659
Cc1cc(C(=O)CCN2CCc3[nH]c(=O)ccc3C2)nc(=O)[nH]1,9.1,0.7958495772701121,0.7849369220035649,0.28423473148990924
COC(=O)c1ccc(C2(NC(C)=O)CCN(C3=NO[C@H](C)C3)CC2)cc1,9.6,0.8354411059692795,0.7336685634230786,0.29420970049971323
CCNC(=O)[C@H](C)N(C)C(=O)[C@H](NC(=O)C(=O)c1sc(N)nc1CC)C1CCC1,7.9,0.3960329607790634,0.6957596797109336,0.10883978754891249
CC(C)(C)c1cccc(C(=O)CNc2cccc(F)c2)c1NC(=O)c1ccc(F)cc1Cl,9.6,0.41815841019365757,0.8469294256700708,0.16999231784852364
O=C(Nc1cc(Br)cc(-c2ccnc3c2OCO3)c1)c1ccc(F)cc1Cl,10.5,0.5905527727768106,0.8285858488400645,0.2568949270209669
Cc1noc(C)c1CNC(=O)N1CCO[C@@H](N2CCCC(S(C)(=O)=O)C2)C1=O,9.4,0.7411625949644152,0.6830648894162752,0.2379432086053585
O=C(c1cccs1)N1CC(Oc2c3ccccc3c(O)n2C2=Cc3ccccc3OC=C2)C1,11.7,0.4575969729461447,0.7530543603403799,0.20158830651705703
CCc1nc(N)sc1C(=O)c1ncc(C(F)(F)F)cc1-c1ccc(O)cc1OC,8.6,0.5935501160312859,0.7900111571565185,0.20163182201839266
NC(=O)c1c(F)cccc1Oc1ccc(N2CC[C@@H]2c2ccccc2)cc1,10.2,0.7176181248613028,0.8234515407389894,0.3013711127954248
COc1nc(CCC(=O)NC2CCCC2)cc(N2C(=N)SCC2=O)n1,8.1,0.7926472748002007,0.7815045996158612,0.2508802839073804
CCc1nc(N)sc1C(=O)N1CCN(N2C(=O)CCCc3sccc32)CC1,8.9,0.8478081977373789,0.7708859487401644,0.2908357249537984
CCc1ccc(-c2ccc(-c3ccc(CNC(=O)N4CCCC4)nc3N(C)C)cc2)cc1,9.7,0.5757590176266046,0.8514121103766684,0.23775097712894447
O=C(CN[C@@H]1CC(Oc2ccc(N3C(=O)CCCc4sccc43)cc2)=NO1)NN1CC[C@@H]1c1ccccc1,9.7,0.47329851876176826,0.6619040737712107,0.1519399355739727
O=C(CNC(=O)Oc1ccccc1)NN1CC[C@@H]1C1=CCc2cc(F)ccc21,8.7,0.8354967653204998,0.7496883741471067,0.2724675620452571
O=C1NCc2cc(-c3ccc(-c4ccccc4)cc3)ccc21,10.4,0.7484423658944593,0.9024857545269153,0.3512384581181688
CC1CCN(C(=O)NCC(=O)CNC(=O)NC(N)C(=O)OC=O)CC1,7.3,0.18237156852756087,0.7259777014237224,0.0483251576255073
CNC(=O)CN1CCc2cc(C3=Cc4ccccc4OC=C3)ccc21,10.0,0.9380732562072028,0.8046491016120323,0.3774099014266998
CCC(=O)Nc1nc(C2=CC(c3cc(C)cc(CNC(=O)Oc4ccccc4)c3)=CC2)cs1,10.6,0.4568499127699824,0.80311552936872,0.19445872755424853
CCc1cc(=O)[nH]c(NN2CC=C(N3C(=N)SCC3=O)C2)n1,8.5,0.7400681178072201,0.6781976804669801,0.21331280437587874
Cc1ccc(-c2cccc(CNC(=O)c3ccccc3O)c2)cc1O,10.0,0.6756690519402079,0.9029875898650486,0.30506038437894534
CC1CCN(C(=O)NCN2CCN(c3ccc4c(c3)NC(=O)CC4)CC2)CC1,10.5,0.8361495926377107,0.8293043848760385,0.3640468248830526
CN(C)c1nc(C2=CCNC2)ccc1-c1ccc(Br)cc1,8.6,0.9228419113146168,0.8019526746528359,0.3182324817960116
O=C1NCc2cc(CCC3CN(C(=O)c4cccs4)C3)ccc21,9.6,0.9389915365315119,0.8326004758855804,0.3752663040809612
CCN(C)C(=O)NC1=C(C)C(=NC(=O)c2c(C)cccc2C)NS1(=O)=O,9.9,0.8338278338930402,0.7334356680231756,0.3027217418119914
N=C1SCC(=O)N1c1ccc2c(c1)OC[C@H](NC(=O)c1ccc(F)cc1Cl)O2,10.6,0.7944352684308068,0.7355911714591868,0.3097211719693607
CC(C)(NS(=O)(=O)N[SH](=O)=O)C(=O)c1ccc2c(c1)NC(=O)CC2,8.3,0.389897233942896,0.7292518572489723,0.11799831202547399
CCc1nc(N)sc1C(=O)Oc1c(N2CCc3cc(F)ccc32)ccc(F)c1O,9.4,0.48898316084930604,0.7908981996030546,0.18176587372940572
CN(CC(=O)NNC(=O)C(=O)N/[N+]([O-])=C\c1ccc(Cl)cc1)C(=O)NCCn1nc(C(N)=O)ccc1=O,0.0,0.07923293900470198,0.7561355683942065,0.0
CC(=O)NC1CCN(CNC(=O)Oc2ccccc2)CC1,8.0,0.8778336400362731,0.8741454951656564,0.3069417287770314
CCC(=O)Nc1nc([C@H]2c3ccccc3N[C@H](c3ccc(F)c(O)c3)N2c2ccc(F)cc2)cs1,10.9,0.309443415446034,0.7188076119554258,0.12122450395819145
Cc1cccc(NC(=O)NC2(c3ccc(F)c(F)c3F)CCCCC2)c1,9.8,0.7060401742510787,0.8387930938413517,0.2901885948468112
CC(=O)Nn1c(C(=O)c2ccn(C)c(=O)c2C2=CC=C(C)C2)cc2c1CCNC2,9.5,0.7784677657881808,0.7012138691187242,0.259289387165456
CC1=CC=C(N(C)C)C(CN2CC=CC(N3C(=O)N(C)C(C)(C)C3=O)C2)C1C(N)=O,8.5,0.534918404701562,0.5720314122264973,0.1300458054486363
CNC(=O)c1cc([C@H]2NC(=O)N(CN(C)C)C(C)=C2c2cncc(N)c2C)ccc1C,9.5,0.6873188962126101,0.7255898455659586,0.23688801558479963
CC(C)C[C@@H](C(=O)C1CCC(=NNC(=O)CNC(=O)N2CCC(C)CC2)CC1)N1CCOCC1,8.1,0.5227553485457879,0.7328609476628131,0.15515832695308343
CCc1nc(N)sc1C(=O)N=C1NS(=O)(=O)C(CCCC2CN(C(=O)NC(N)=O)CC(=O)N2)=C1C,10.3,0.33292454005242716,0.6219000485712795,0.1066285806290253
Cc1cc(C(=O)c2ccc(C(=O)NCc3c(C)noc3C)cc2)ccc1O,10.4,0.6764652185272668,0.8748240213342372,0.3077297718376789
O=C(CCN1Cc2ccccc2[C@@H]([NH+]2CCCOCC2)C1)NC1CCCC1,8.8,0.8190014025172307,0.6573857257363402,0.23689592580406293
CNC(=O)c1cc(S(=O)(=O)c2ccc(Nc3ccc(C(F)(F)F)cn3)cc2)ccc1C,9.4,0.6049454870865848,0.8551543697857567,0.24314123507920507
C[C@H](NC(=O)N1CCOCC1)c1ccc(-c2ccc(F)c(O)c2)cc1,10.3,0.8980052798574139,0.827757623034837,0.38281531870266583
NC(=O)c1c(F)cccc1Oc1nc(-c2cccc(Br)c2)cc(C(F)F)n1,10.0,0.6166185445530639,0.8242527392829548,0.2541247622202658
CCC(=O)Nc1nc(C(C)(C)CN(C)C(=O)NNC([O-])=NCCC(=O)N(C)C)cs1,8.3,0.29749988842895986,0.7167935262769531,0.08849708754900763
CCc1sccc1N(C(C)=O)c1cccc(CC(CC=O)C(=O)C2Cc3ccccc3C2)c1,9.7,0.38426385561025284,0.7223272313020587,0.13461865975251788
Cc1cc(C(=O)C2C=NC(N3C(=O)Cc4ccccc43)=NO2)c(N2C(=O)Cc3ccccc32)[nH]1,12.6,0.615182627971925,0.6686502857057224,0.2591454851714136
O=C1Cc2cc(-c3ccc(C4=CCCC=C4)cc3)ccc2N1C1Cc2ccccc2C1,10.1,0.5140377972952288,0.8120081726580762,0.2107884606917351
Cc1ccc(C(=O)NC(=O)N(C)CC(C)C)c(F)c1F,8.0,0.9274358483029114,0.843918889269459,0.3130722523873886
CNC(=O)N1CCC[C@H](c2cc(C(F)(F)F)cnc2-c2ccc(-c3ccc(Cl)cc3)cc2)C1,11.6,0.4650879917952526,0.7873020460777658,0.21237554197702888
Cc1cccc(NC(=O)c2cc(NC(=O)N3CCOCC3)c[nH]2)c1,9.6,0.8086424104396231,0.8605520593114027,0.33402186794417
Cc1cc(C(=O)c2cc(N3CC[C@@H]3c3ccccc3)ccc2N)ccc1O,9.3,0.533512492965947,0.8093011142424089,0.20077409858410764
CC(=O)Nn1c(C(=O)c2ccn(Nc3cccc(C)c3)c(=O)c2C2=CC=C(C)C2)cc2c1CCNC2,10.8,0.46629424235612854,0.7003494111657165,0.17634720495460243
O=C(CNC(=O)Oc1ccccc1)NN1CC[C@@H]1c1nc1=O,7.1,0.7986600156576412,0.7624218498685512,0.21616512552657943
CCC1C(F)=C(OC)N(NC(=O)c2ccc(F)cc2Cl)C1C,8.1,0.9160932394577893,0.7025323210959693,0.26065196949192554
C[C@H](NC(=O)N(C)CC(=O)c1cc(O)cc(C(=O)NC(=O)NC(C)(C)C)c1)C(=O)C1Cc2ccccc2C1,10.7,0.41168434782302593,0.7363545040558894,0.1621829087163061
CC(=O)N1CCC(C[N-]c2nc(-c3ccc4c(c3)CNC4=O)n[nH]2)CC1,10.4,0.8764965473714803,0.7252946379228411,0.33057348790253743
CC(C)(C(=O)C(=O)C1Cc2ccccc2C1)c1ccc(Cc2cccc(F)c2F)cc1,9.9,0.5034264801171455,0.8231938413621857,0.2051367011154831
C[C@@H](C=O)NC(=O)CNC(=O)CSC(=O)N[C@@H](NC(=O)C(=O)N1CC[C@H](O)C1)C1CCC1,7.9,0.1469977971875007,0.6399428551852446,0.037157725065053736
O=C(CNc1cccc(F)c1)c1ccc(CNC(=O)c2ccccc2O)cc1,9.1,0.5472673579927539,0.8947928796528666,0.22280937551525037
CCC(C)CC(=O)N(C)C1CCOc2ccc(C3=C(C)N(CC)C(=O)N[C@@H]3C(=O)CNc3cccc(F)c3)cc21,10.2,0.41518398302319043,0.6501587678264314,0.13766710848005004
C[C@H](NC(=O)N1CCOCC1)c1ccc([N+](=O)[O-])c(C(=O)Nc2nccn(C)c2=O)c1,10.1,0.5316623257011344,0.7776506684639908,0.20879101930419658
Cc1cc(CNC(=O)Oc2ccccc2)ccc1C(=O)Nc1nccn(C)c1=O,9.5,0.6949255063241507,0.8625937871230326,0.2847332515275565
CC(=O)NC1CCN(C(=O)c2ccc(O)c(C)c2)CC1,8.9,0.8584731189684629,0.8959030312812932,0.34225335795302175
O=C(NCc1cccc(N2C(=O)CCCc3sccc32)c1)C1=CCNC1,9.6,0.8734981489508895,0.7952716446704796,0.33344078857574083
Cc1noc(C)c1CNN1CCN(c2ccc3c(c2)NC(=O)CC3)CC1,9.9,0.8739485568594619,0.8083036635638668,0.3496758310365495
O=C(NCN1C(=O)Cc2cc(-c3nc3=O)ccc21)N1CCCC1,9.0,0.9012580761168251,0.8238555018852216,0.3341278910823013
O=C1NCc2cc(COc3ccccc3C(=O)CNc3cccc(F)c3)ccc21,9.7,0.5998659811000494,0.8514631161679714,0.2477204224120437
C[C@@H](CCNC(=O)NC(=O)C1Cc2ccccc2C1)C(=O)NNC(=O)NC(=O)C(=O)N(C)C,10.5,0.2849221299083925,0.7377569785288273,0.11035672708053718
Cc1cc(C(=O)C[S@+]([O-])CC(=O)N(CCC(C)(C)C)c2cccc(Cl)c2)nc(=O)[nH]1,8.7,0.48980170984852944,0.6738861147882875,0.14358069850092123
COc1cc(-c2cc(Oc3cccc(F)c3C(N)=O)c(C)[nH]c2=O)ccc1C,9.9,0.7034756888105088,0.836068359173346,0.29113611360676
Cc1cccc(NC(=O)n2c(=O)[nH]c3ccccc23)c1,9.3,0.7115188940173623,0.8827002242637495,0.2920469176024147
CCC(=O)Nc1nc(C(=O)NN=C2CCC(C3CCCCCC3)CC2)cs1,8.8,0.562583649656082,0.8178743014131322,0.2024539921575241
CC1=NN(Nc2ccc(C)c(C(N)=O)c2)C(=O)/C1=N\NC(=O)NCCCN(C)C=O,10.0,0.24797145263893663,0.7422427851887732,0.09202751082701514
Cc1ccc(C(=O)C(=O)OC(=O)Nc2ccccn2)c(F)c1F,8.8,0.40655400045136125,0.8264657883508928,0.14784130789570715
Cc1ccc(NN2C(=O)CCCc3sccc32)c(N2CCc3[nH]c(=O)ccc3C2)c1,10.9,0.6719918152358523,0.7706952813609497,0.28225600200792056
C[C@H](O)CNC(=O)OCCO/C=C(\[O-])NNC(=O)C(=O)N1CC[C@H](O)C1,6.6,0.12472047541866543,0.6605787670270027,0.02718794029877759
Cc1cccc(C)c1C(=O)c1cccc(-c2nnc3cccc(C)n23)c1,10.5,0.5135506357260385,0.8547018284980317,0.23043965037522016
CNC(=O)c1ccc(N2CCc3[nH]c(=O)ccc3C2)cc1,8.8,0.8727934733926125,0.8564570336271949,0.3289044480440458
CC(=O)Nc1ccc(-c2ccc(N3C(=O)Cc4cc(C)ccc43)cc2)cc1,9.2,0.7298085994326878,0.8873271075813233,0.29788631866638837
Cc1ncc(CNC(=O)c2ccc(CN3CCc4[nH]c(=O)ccc4C3)cc2)s1,8.5,0.6973766505421457,0.8339032452748987,0.24715647712806452
CCNc1cc(-c2ccc3c(c2)N(CN(C)C)C(=O)C[C@@H]3Cc2c(O)c(=O)cc(C)n2C)nc(C)n1,9.8,0.5242701614091445,0.6952222177197199,0.1785972895065791
O=C1Cc2cc(C(=O)CNc3cccc(F)c3)ccc2N1,9.0,0.8484874858755862,0.8697565208066818,0.33208988564842123
Cc1cc(=O)n(OCC[NH2+]Cc2ccc(N3CCc4[nH]c(=O)ccc4C3)cc2)cn1,9.0,0.5364866298106064,0.709002973668642,0.1711667771411345
C[C@H](NC(=O)N1CCOCC1)c1cc2c(n1C)CCNC2,8.0,0.846488530977154,0.7380601112173516,0.24990376772688438
CC1=NN(C(=O)C2Cc3ccccc3C2)C(=O)/C1=N\NNC(=O)N(C)C(=O)CS(=O)(=O)Cc1ccccc1O,10.8,0.3270027134351073,0.7223529992472674,0.127554151038396
CCNc1cc(-c2ccc([C@](C)(O)N3CCc4[nH]c(=O)ccc4C3)cc2)nc(C)n1,10.2,0.6043465114177513,0.7273478029621325,0.2241807547268407
CNC(=O)c1cc(-c2ccc(S(=O)(=O)c3nnc4cccc(C)n34)cc2)ccc1C,10.8,0.5472037078577565,0.8272618596102864,0.24444760875194788
CNC(=O)N1CCC[C@H](N2N=C(C)/C(=N/NNC(=O)CN(CC=O)S(=O)(=O)c3ccc(Cl)cc3)C2=O)C1,9.1,0.2730785002735194,0.6874913004353286,0.08542128743965682
Cc1ncc(CNC(=O)c2ccc(-c3ccc4c(c3)CNC4=O)cc2Cl)s1,10.5,0.6998940621737724,0.8351868478410633,0.30688471569503484
CCc1nc(N)sc1C(=O)c1nc(N)sc1C1=NO[C@H](C)C1,7.9,0.8249316781813056,0.6696035648748564,0.21818899103291803
CNC(=O)c1cc(COc2c(C)cc(C)cc2NNC(=O)c2ccc(F)cc2Cl)ccc1C,9.8,0.4205000743429214,0.8372042493936342,0.17250178006401415
CC1=C(C(=O)Nc2nccn(C)c2=O)S(=O)(=O)N/C1=N\C=O,7.9,0.6469169616251975,0.7023827879237661,0.1794814189292839
O=C(NCC(=O)[C@@H]1C=C[C@@H](C(=O)O)C[C@H]1C(=O)[O-])NN1CCc2cc(F)ccc21,9.9,0.5491453320567294,0.616085800652314,0.16746871757945223
CCc1nc(N)sc1C(=O)c1cc(C)c2ccc(-c3nnc4cccc(C)n34)cc2c1,10.8,0.40804991533018536,0.7939823973464313,0.1749516030058692
Cc1cc(N2CCN(c3ccc(F)c(O)c3)C(=O)C2)cc(Cl)c1C,9.7,0.9004562411083097,0.8368508228666879,0.3654705599685628
CCNc1cc(N2N=C(C)/C(=N/N[C@@H](C)N=CSC)C2=O)nc(C)n1,7.8,0.4335406959695584,0.6425205730874379,0.10863793840812407
O=C1CCc2ccc(N3CCN(NCNCC(=O)N4CCCC4)CC3)cc2N1,9.5,0.4842303728100764,0.7981142961631854,0.1835738120086717
CN(C)c1nc(-c2ccc3c(c2)CNC3=O)cc(-c2nc2=O)c1-c1ccc(Br)cc1,10.1,0.5008722862460373,0.7994155226139495,0.20220456563847092
O=C1Cc2cc(-c3nc3=O)ccc2N1Cn1c(C2CC(N3C(=O)Cc4ccccc43)=NO2)cc2c1CCNC2,12.9,0.4425997107850256,0.653929634056999,0.1866817481552636
CNC(=O)c1cc(C(=O)NN=C2CCCCC2)ccc1C,8.8,0.8380327073936873,0.8639864034663951,0.31858150053324225
O=C(NN1CCC2=C(C[NH+]=N2)C1)C(=O)N1CC[C@H](O)C1,7.7,0.4492074180693018,0.6002834637972261,0.10381593717958892
O=C(NCC=CCN1CCc2[nH]c(=O)ccc2C1)N1CCCC1,8.7,0.8173417536130756,0.8003089753463184,0.2845447844837019
O=C(Nc1ccc(N2CCc3[nH]c(=O)ccc3C2)cc1)N1CCCC1,9.8,0.8841841810679287,0.8525245494518635,0.36935647309272646
C[C@@H]1CC(OC2=NCc3cc(-c4ccc(-c5ccccc5)cc4)ccc32)=NO1,9.2,0.6060820740103421,0.7526689368537739,0.20984240913408744
CCC(=O)Nc1nc(C(=O)NN=C2CCC(NC(=O)NC(C)=O)CC2)cs1,9.1,0.5580532839886809,0.8085555085137239,0.20530376085001578
CC1=NN(C(=O)c2ccc(C)c(F)c2F)C(=O)/C1=N\NN1C(=O)C(=O)NC12CCCC2,9.8,0.41395322894286757,0.665994460950574,0.1350883732085918
CCNc1cc(-c2cc([C@@H](Cc3cccs3)C(=O)NNC(C)=O)c(=O)n(C)c2)nc(C)n1,9.5,0.47094534464149623,0.7228947095932203,0.1617108516207244
Cc1cccc(C(=O)CCc2c(O)c(=O)cc(C)n2C)c1N1CCCC1,9.2,0.8382119696057432,0.8149001421963453,0.3142071644823034
CN(CC(=O)NOc1cccc(F)c1C(N)=O)C(=O)NCC=O,7.1,0.44471561245768976,0.7908118752389152,0.12484866753966933
CCNc1cc(-c2ccccc2[C@H](C)NC(=O)N2CCOCC2)nc(C)n1,9.3,0.8469788198938671,0.7922897256310204,0.31203946682548384
CCN1C(=O)NCC(CNC(=O)N2CCC(C)CC2)=C1C,7.7,0.8325951767219597,0.8024616136448783,0.2572283825747199
CC1CCN(C(=O)NCC(=O)CN(C)C(=O)N[C@@H](C)C=O)CC1,6.8,0.6824262984117452,0.7502836873203869,0.1740845286289007
Cc1ccc(Nc2cc([N+](=O)[O-])c(N=C(O)NC(=O)N3CCOCC3)s2)cc1C(N)=O,10.0,0.23511873919188941,0.7574141382799164,0.08904112861924267
NC(=O)c1ccc(C(=O)N=C(S)c2ccc(F)c(O)c2)cc1,8.9,0.45974785240216737,0.8242144133040354,0.168624208863772
N=C1SCC(=O)N1c1cccc(CCC(=O)NC2CCCC2)c1,8.1,0.8710645524849833,0.8375394036245078,0.2954681087517223
COCCN(C(N)=O)C1CCC(=NNC(=O)C2CN(C(=O)c3cccs3)C2)CC1,7.4,0.6446167710136564,0.787009500647689,0.18770822353389588
Cc1cccc(NC(=O)c2cc(-c3cccc(F)c3)c(CNC(=O)c3ccccc3O)cc2N(C)C)c1,10.2,0.3034921683701435,0.8459264407358784,0.1309333453880904
CCc1nc(N)sc1C(=O)c1cccccc(C(=O)Nc2ccccn2)c(C)[nH]1,9.7,0.5546734571778448,0.7656557765330765,0.2059741342402276
FC(F)(F)c1ccc(C2=Cc3ccccc3OC=C2)nc1,9.3,0.7681776947536129,0.8004829310630923,0.2859346066932526
CCC(=O)Nc1nc(-c2ccc(CNC(=O)c3ccccc3Cl)cc2)cs1,9.7,0.6283161412001577,0.8972945401487559,0.2734355518483246
Cc1ccc(Nc2nn(C)c(NC(=O)N3CCOCC3)c2C)cc1C(N)=O,10.5,0.7562788684927848,0.8229206367188523,0.32673768119847524
Cn1c(C2C=C3CCC(N4CCN(c5ccccc5F)CC4)CC3=NO2)cc2c1CCNC2,8.9,0.778761733735175,0.6523581928815261,0.2260740608006195
O=C1CCc2ccc(N3CCN(CNC(=O)N4C=C(F)CC4)CC3)cc2N1,10.5,0.8490081783195584,0.7723149325768406,0.3442433893479294
C1=CC(N2CCC[C@H](N3CCc4ccccc4C3)C2)=Cc2ccccc2O1,10.8,0.7884206770120858,0.7533851881931495,0.32075160846810513
CNCc1cc([SH](C)(C)=O)ccc1C[S@+]([O-])CC(=O)c1ccc(F)c(O)c1,8.3,0.3500165730364436,0.6044670469398485,0.08780299597758813
Cc1cccc(C)c1C(=O)c1cccc(N2CCc3cc(F)ccc32)c1,10.2,0.5950502301303677,0.8737538035500069,0.265162974958655
C[NH+](C)[C@@H]1C[C@H](CN(CC(=O)NNC(=O)c2ccc(F)cc2Cl)S(C)(=O)=O)CN=C1NCCS(N)(=O)=O,9.3,0.1853458033100683,0.6148946608274204,0.05299518736089055
CCc1cc(=O)[nH]c(Nc2ccc(NC(=O)N3CCOCC3)cc2)n1,8.8,0.7877756725845383,0.8414812729034499,0.2916753293206758
CCNC(=O)NNC(=O)NS(=O)(=O)C(=O)NCc1cnc(C)s1,7.6,0.4558165812630172,0.7698696916160864,0.13334936092317398
CC1=C(C2CCN(Nc3ccc(C)c(C(N)=O)c3)CC2)C(C(=O)NCc2cnc(C)s2)=S=C1Br,9.8,0.3504401085661448,0.7231564868067993,0.12417728849597445
Cc1cccc(NC(=O)c2ccc(CNC(=O)c3ccccc3O)cc2)c1,9.7,0.6459625462960399,0.9224282064824221,0.28898922542181715
COc1c(F)c(O)c(C)n1NC(=O)c1ccc(N2C(=O)Cc3cc(C)ccc32)cc1,10.6,0.6902154409009186,0.7960369600118928,0.2912016107038588
O=C(NCC=CC1=CCc2[nH]c(=O)ccc21)C1=Cc2ccccc2C1,10.5,0.9051336098318629,0.7517774472390077,0.3572409931700536
Cc1ncc(C=NC(=O)c2ccc(NC(=O)c3ccc(C(=O)c4ccc(F)cc4Cl)cc3Cl)cc2)s1,8.9,0.219443423235427,0.8132742248688063,0.07941811757078544
Cc1cc(CNC(=O)N2CCC(C)CC2)c2c(n1)N(C)[C@H](NC(=O)c1ccc(F)cc1Cl)[C@H]2C,10.4,0.668299761418688,0.7031110512887256,0.2443422528700911
CC1=C(c2ccc3c(c2)NC(=O)CC3)S(=O)(=O)NC1=N,9.3,0.7248798401749672,0.7436996746379366,0.25067819909972106
Cc1ccc(C(=O)c2cccc(CNC(=O)N3CCC(C)CC3)c2)c(F)c1F,10.6,0.7897620256298615,0.8602926528284089,0.3600960281100933
O=C1CCCc2sccc2N1c1ccc2[nH]c(=O)[nH]c2c1,8.4,0.7251135968482851,0.820649938208952,0.2499270599481668
O=C(NCc1ccc(N2CC[C@@H]2c2ccccc2)cc1S)c1ccccc1O,9.6,0.5598688653858959,0.79453623739497,0.21352132883438432
COc1cc(-c2ccc3c(c2)NC(=O)CC3)ccc1Cc1c(O)c(=O)cc(C)n1C,10.8,0.6969233805337084,0.8093501379985649,0.304589718473067
CCc1nc(N)sc1C(=O)C1=CC=C(C(=O)c2c(C)cccc2C)N(CC)[C@H](c2ccccc2)[C@@H](C)C=C1,0.0,0.3345762761783072,0.6131595590951431,0.0
CC1CCN(C(=O)NC[C@@H]2[NH+]=NC3=C2CNCC3)CC1,8.2,0.6425243155407425,0.6437120505160123,0.16957626431188275
CC1CCN(C(=O)NC/C(F)=N/N(Cc2ccnc3c2OCO3)c2cccc(Br)c2)CC1,9.8,0.4670631434201162,0.7361766588716517,0.168482082358505
Cc1cc(C(=O)N2N=C(C#N)C(=Cc3ccc(-c4ccc5c(c4)CNC5=O)c(Br)c3)C2=O)ccc1O,9.5,0.37792887000272457,0.7574142096365138,0.13596813077666883
Cc1ccc(Nc2ccccc2Oc2ccc(F)c(O)c2)cc1C(N)=O,9.8,0.6321984839131335,0.8782925669709621,0.27207506234289613
O=C(CSC1CN(C(=O)c2cccs2)C1)NCC(=O)c1ccc2c(c1)NC(=O)CC2,9.3,0.6398843133080273,0.8072890692633785,0.24020579945290316
Cn1c(C2CC(N3CC(c4ccc5c(c4)CC(=O)N5)C3)=NO2)cc2c1CCNC2,11.5,0.8220184275754725,0.6590240692160035,0.3114947092390139
Cn1c(C2CC(c3ccc4c(c3)NC(=O)CC4)=NO2)cc2c1CCNC2,10.8,0.874048270910707,0.6990907141634702,0.32996107615912873
c1ccc2c(c1)CCN([C@H]1CCCN(N3CCc4ccccc4C3)C1)C2,10.5,0.823408848696429,0.7767616681757199,0.33578602622464576
CC(C)C(C)(C)CNC(=O)[C@H](C)S(=O)(=O)Cn1nc(C(N)=O)ccc1=O,7.6,0.6389705759204152,0.7185094705837977,0.1744604358848167
CCNc1cc(C2=[NH+][C@@H](CNC(=O)N3CCCC3)[NH+]=CC=CC(C(C)C)=C2)nc(C)n1,10.4,0.4949823076628125,0.565820370708563,0.1456369578642953
N=C1SCC(=O)N1N1C(=O)[C@H]2CCc3nc(O)sc3[C@H]2[C@@H](C2CN(C(=O)c3cccs3)C2)C1=O,10.0,0.5922779771518959,0.5948008606105947,0.1761437252653249
CNC(=O)[C@@H](C)S(=O)(=O)C1CCC(=NNC(=O)CNC(=O)Oc2ccccc2)CC1,9.3,0.5359231393899767,0.7405635779171562,0.18455159828178475
O=C1CCc2ccc(-c3ccc4c(c3)OCCC4)cc2N1,9.9,0.8664061638920867,0.8559410865635058,0.3670883534969202
COC1=CCCC=C1C(=O)Nc1ccc(C(=O)c2ccc(C(N)=O)cc2)cc1,9.2,0.7564703287254808,0.8438055232750672,0.2936243671232426
CCC1=NOC(C)=C(CNC(=O)c2ccc(Oc3cccc(F)c3C(N)=O)cc2)C1F,10.3,0.6976646328520949,0.7294744609505741,0.26209819396664197
Cc1cccc(-c2ccccc2)c1[C@H](NN1CC[C@@H]1c1ccccc1)C(=O)N1CCCCC1,10.0,0.5377070537291879,0.7455345608434611,0.20043959608221074
Cc1cc([C@@H](C)N(C)[C@H](NC(=O)Nc2ccc(C(F)(F)F)cn2)C2CCC2)cc(C)n1,9.9,0.6230391175893347,0.7005571243925572,0.21605487383821803
CC(=O)NCCC(=O)N(C)CC[C@@H](C)N(C)C(=O)N[C@H](C)N1CCc2[nH]c(=O)ccc2C1,9.1,0.5080392010032901,0.6810467810648595,0.1574293004366145
Cc1cc(=O)n(N[C@H](C(=O)S[C@@H](C)C(=O)[O-])C(=O)N2CCCCC2)cn1,8.1,0.6142472424314381,0.6499282794863743,0.16168274464834934
COc1cc(N2CCN(CN3C(=O)CCCc4sccc43)CC2)ccc1CNC(=O)N1CCCC1,8.8,0.6616574356781088,0.8130017054417087,0.23668859439477566
CC(=O)N1CCC(CN2CCCN(C(=O)Nc3ccccn3)C(=O)C2)CC1,9.4,0.8657228442460343,0.8322511835053992,0.33863446500436856
CCc1cc(=O)[nH]c(NN2N=C(C)/C(=N/NN=C(N)[C@@H]3CCCOC3C)C2=O)n1,9.8,0.2928976708133043,0.5878117387629928,0.08436265768859556
Cc1cc(C(=O)c2ccc(-c3ccc(C(F)(F)F)cc3)c(N(C)C)n2)nc(=O)[nH]1,10.3,0.6765268861998334,0.7961326761438604,0.27738165760267636
CC(=O)c1c(C(=O)CNc2cccc(F)c2)nc(C)c(C(=O)Nc2nccn(C)c2=O)c1O,10.0,0.461536070027469,0.7884063795711492,0.18193899100592661
CNC(=O)c1cc(N=C(C)c2c([O-])c(C)cc(C)c2CNC(=O)c2ccccc2O)ccc1C,10.6,0.48732083698617135,0.7789293134142609,0.20118189703203374
O=C(C1Cc2ccccc2C1)[C@@H](Nc1ccc(-c2ccccc2)cc1)C(=O)N1CCCC1,11.2,0.5816662542495079,0.7990387523303062,0.2602733717181749
Cc1ncc(CNC(=O)N[C@@H](C(=O)N2CCCC2)c2ccccc[nH]/c(=N\C(C)C)s2)s1,9.0,0.5975543719480843,0.6649683096600361,0.17880962428992694
C[C@H](NC(=O)N(C)CC(=O)N(C=O)C(=O)OC(=O)N1CCOCC1)N1C(=O)Cc2ccccc21,9.3,0.4673848280053417,0.6917250911434459,0.15033534292924236
O=C1NCc2cc(-c3n[nH]c([N-]CC4C=NC=CC4)n3)ccc21,9.1,0.9066644847450113,0.6088596689289114,0.25117430429520954
Cc1ccc2c(c1N(C)CNC(=O)c1ccc(F)cc1Cl)CCCC2,9.6,0.8145943803188861,0.8231940873112643,0.32187325316903537
O=C1CCCc2sccc2N1C(=O)N1CCN(N2C(=O)CCCc3sccc32)CC1,9.2,0.6753993495461991,0.7518652194688189,0.23359226888079923
C[C@@H](O)[C@H](NC(=O)NC=O)NC(=O)NS(=O)(=O)CNC(=O)c1ccccc1O,0.0,0.18335750294651407,0.6755698404652262,0.0
CCc1nc(N)sc1C(=O)c1cccc(CCC(=O)NC2CCCC2)c1,8.5,0.7294954164894603,0.8445903939865972,0.26185304902030626
CCCCC(C(=O)CNC(=O)Nn1cnc(C)cc1=O)S(=O)(=O)SN1CCCCC1,7.9,0.3965255236024456,0.6683843378800849,0.10468742257050195
COC[C@H]1CN(C(=O)C#Cc2ccccc2)C(=O)[C@@H](C)N1,7.9,0.7996381405257437,0.690054841462588,0.21795869726373265
CCC(=O)Nc1nc(C(=O)c2ccc(C(=O)c3ccc(C)c(F)c3F)c(OC)c2)cs1,10.3,0.5406854492425641,0.8311762702382453,0.23144353126286513
C1=CC(NC2(c3ccc(-c4ccccc4)cc3)CCCCC2)=Cc2ccccc2O1,11.7,0.5126449541443269,0.8035946801231069,0.24099587339626607
O=CNC(=O)C(NC1CCCCC1)N1CCNC(=O)C[C@H]1N1CC[C@@H]1c1ccccc1,9.8,0.5645730562860729,0.6511072821304745,0.18012283783883498
Cc1ccc(C(=O)c2ccc(Cl)c(C3=NO[C@H](C)C3)c2)c(F)c1F,9.8,0.755155730203745,0.7672000543029984,0.2838842034375715
CNC(=O)c1cc(-c2ccc(-c3ccc(F)cc3)cc2C)ccc1C,10.5,0.7066196430692715,0.9026477136848907,0.33486001776218854
COC1=CCCC=C1C(=O)Nc1nn(N2CCC3=C(COC=N3)C2)c2c1COC2,9.8,0.8326909245728393,0.6316031635715481,0.2577058088963861
COC1=CCCN1NC(=O)c1ccc(N2C(=O)Cc3cc(C)ccc32)cc1,10.1,0.9069485130972046,0.7989688658230814,0.3659349305589478
NC(=O)c1ccc(=O)n(CN2CCc3ccccc3C2)n1,9.0,0.8819677443581929,0.8576170336271949,0.3403757523021037
CC(C)(CC(=O)N=C(O)CSC(=O)C(CCC(F)F)C(N)=O)CN1C(=O)CCCc2sccc21,7.7,0.26136981582126384,0.6398065719660458,0.06438205846225983
O=C1Cc2ccccc2N1c1ccccc1Nc1ccc(C(F)(F)F)cn1,10.2,0.7015019511882926,0.8475804542346699,0.30323546464168694
CC(O)=N[C@H](COc1c(O)nc(O)c(CNC(=O)c2ccccc2O)c1O)N1C(=N)SCC1=O,9.7,0.2058597154382393,0.6564853273154186,0.06554478309520777
O=CNN=C1CCC(N2CCc3cc(F)ccc32)CC1,8.9,0.6789021635568558,0.788458840299861,0.2382024535870218
O=C(CS(=O)(=O)c1cccs1)NOCC(=O)NS(=O)(=O)N1CCc2[nH]c(=O)ccc2C1,8.5,0.3822229148004829,0.7501865890849254,0.12186386450781574
CN(C)S(=O)(=O)c1cc(S(=O)(=O)N2C(=O)Cc3ccccc32)ccc1NC(=O)N1CCOCC1,9.6,0.6388363194626713,0.8081207042243201,0.2478032910567584
CN(CC(=O)NC(=O)Nc1ccccn1)C(=O)NCC(C)(C)NC(=O)CSCC/N=C/c1ccccc1O,9.6,0.2011804818335346,0.771176152042409,0.07446988312628303
CNC(=O)c1cc(-c2ccc3[nH]c(=O)[nH]c3c2)ccc1C,8.7,0.6730303834520488,0.8737997020322362,0.25582078060578317
CC1CCN(C(=O)NC[C@@H]2CC(=O)N(Oc3cccc(F)c3C(N)=O)c3ccccc3C(C)(C)C2)CC1,10.5,0.6227807875936819,0.7230984216407936,0.23642419738203094
Cc1cc(S(=O)(=O)N(C)[C@H](C)NC(=O)N2CCOCC2)ccc1C(=O)NCc1c(C)noc1C,9.1,0.5588798641282873,0.7535721759506543,0.19162612346430255
CC[C@@H](O)C[C@@H](CC)C(=O)NC[C@@H](C)[C@H](NC(=O)NC(=O)c1ccc(F)cc1Cl)C1CCC1,0.0,0.38086386641964515,0.6749645984373448,0.0
O=C1CCc2ccc(-c3c(S)cccc3C3=Cc4ccccc4OC=C3)cc2N1,11.2,0.5226760930678472,0.7747124848385164,0.22675726910271654
CCc1nc(N)sc1C(=O)C(=O)CN(C)C(=O)N[C@@H](C)C=O,6.8,0.4210609815948791,0.694845457295607,0.0994745855039145
Cc1cc(C)c(CNC(=O)c2ccccc2Cl)c(N2CC[C@@H]2c2ccccc2)n1,9.8,0.6314266957089604,0.8088831980389877,0.25026771802660475
O=C(c1ccccc1)c1ccc(C[C@H](O)C(O)=NN2CCc3[nH]c(=O)ccc3C2)cc1,0.0,0.32453648501830945,0.739282758271231,0.0
O=C(CNc1cccc(F)c1)c1ccc(CNC(=O)N2CCCC2)cc1,9.1,0.7806931915283231,0.8901295097177129,0.3161877117558535
CCC(C(=O)CN(C)C(=O)N[C@@H](C)c1ccc(F)c(O)c1)[C@H]1SC[C@H](OC)[C@]1(C)O,8.8,0.5726060758644541,0.6071787185256233,0.1529766582798807
CC(=O)N1CCC(Cc2ccc(-c3ccc(NC(=O)c4ccc(F)cc4Cl)cc3)cc2)CC1,9.6,0.48838374172140275,0.8796834008477449,0.2062190740013905
CCc1cc(=O)[nH]c(N[NH+]2CCN(C(=O)CC([O-])=NCc3c(O)c(=O)cc(C)n3C)CC2)n1,9.9,0.26182939128690685,0.6103313837976917,0.07910233387800734
CC(=O)N1CCC(Cc2ccc(Cn3nc(C(N)=O)ccc3=O)cc2)CC1,10.6,0.856967340428129,0.8602430442762073,0.3907161027008447
CC(=O)n1cc(CNC(=O)CN2CCc3[nH]c(=O)ccc3C2)ccc(F)ccc1-n1cnc(C)cc1=O,11.9,0.5425712683491011,0.7172747845982246,0.23155775033240072
CNC(=O)C1=CC=CC(C(=O)c2cc3c(n2NC(C)=O)CCNC3)C1,8.8,0.7009237487398982,0.6550611209453773,0.20202507448058923
CC(=O)NC1(CC(C)c2ccccc2)CCN(C(=O)NCc2c(C)noc2C)CC1,10.5,0.7578639999517723,0.7534995525850586,0.2998013470640913
Cc1ccc(C(=O)c2ccc(C#N)cc2NC(=O)[C@@H](CCC(=O)NC2CCCC2)N(C)C)c(F)c1F,9.5,0.509521559162258,0.7563342612317635,0.1830500907145553
CNC(=O)N1CCC[C@H](N2CCC3=CC=C(CNC(=O)N4CCC(C)CC4)C3C2)C1,9.4,0.7439184306532804,0.6872438609712447,0.2402890860290199
CN(CNC(=O)c1ccc(F)cc1Cl)c1c(C(=O)C2Cc3ccccc3C2)ccc2c1CCC(O)C2,11.7,0.37375675237504247,0.7291644042913182,0.15943012002181225
Cc1noc(C)c1CNC(=O)c1ccccc1N1CC=C(F)CC1,8.5,0.9350265869470661,0.8172892158462572,0.3247795370675822
CCOc1ccc([N-]C(=O)C(=O)N2CC[NH2+]CC2)cc1,7.1,0.7913925484602424,0.6388295090140867,0.17947554417544354
NS(=O)(=O)CCC[S+]([O-])NS(=O)(=O)N1CCCCCCC1,7.0,0.5858995514123319,0.6914225673577025,0.14178646021793423
CN(C=O)C(=O)NCC(C)(C)CN(C)C(=O)NN1CCc2cc(F)ccc21,8.9,0.7350528829298166,0.7517184477480058,0.24588600141507078
CC1CCN(C(=O)NCN2C(=O)CC(=O)N3C(Oc4cccc(F)c4C(N)=O)=CC(Cl)=CC=COCCC23)CC1,9.9,0.5184306021621099,0.5923499271175906,0.15201070305609593
COc1ccc(CNC(=O)c2ccccc2Cl)cc1C(=O)c1cc(C)[nH]c(=O)n1,10.1,0.6071679468999889,0.8508188073903291,0.260877903775877
CCc1cc(=O)[nH]c(NC(CC)C(=O)NC(=O)C(=O)N2CC[C@H](O)C2)n1,8.8,0.47760969776942164,0.687702494004251,0.14451948733932507
N=C1SCC(=O)N1c1ncc(C(F)(F)F)cc1-c1cccc(C(F)(F)F)c1,10.4,0.7306004186955584,0.7975133897922628,0.3029850805787215
CC1=CC=C(NC(=O)N2CCOCC2)n2c(cccccn(-c3nnc4cccc(C)n34)c2=O)C=C1,10.2,0.6019258754199394,0.6748528136195466,0.20716779901495294
FC(F)(F)c1cnc(N2CC[C@@H]2c2ccccc2)c(/N=C\c2ccc(Br)s2)c1,9.3,0.40427844207448355,0.7438490341661002,0.1398357898321453
C[C@@H]1CCCC(=O)NC(=O)[C@H]([C@@H](C)N(C)C(=O)N[C@H](C)CNC(=O)Oc2ccccc2)C1,0.0,0.5810408458385421,0.6320483067889519,0.0
Oc1cc(N2CCC[C@@H](O)CC2)nc(N2CCc3cc(F)ccc32)n1,9.0,0.8713801657801602,0.768317042801299,0.3012733044575633
CC(=NC(=O)CNC(=O)NC(=O)c1ccc(F)cc1Cl)C1=NO[C@H](C)C1,9.1,0.7765693354572974,0.7212476281168259,0.2548449500264101
CCC(=O)Nc1nc(-c2ccccc2Cc2c(O)c(=O)cc(C)n2C)cs1,9.6,0.7066135580601239,0.8183122264624421,0.2775506466934695
Cc1cccc(NC(=O)Cc2cccc(-c3coc(C4CN(C(=O)c5cccs5)C4)c3)c2)c1,10.3,0.4025754224866664,0.8242071892877484,0.17087986208369252
CCC(C)[C@@](C)(C(=O)Nc1ccc(C(=O)c2ccc(C(N)=O)cc2)cc1)C1=CCc2[nH]c(=O)ccc21,8.9,0.4127009049466147,0.7047811879660099,0.12943440615800048
Cc1cccc2nnc(-c3ccc(N4CC[C@@H]4c4ccccc4)cc3)n12,10.7,0.5439174996973806,0.8045904880737704,0.23413250290605842
Cn1nc2c(c1-c1cccc(Sc3ccnc4c3OCO4)c1)CCCC2,10.0,0.6947273617246875,0.7704828150790184,0.2676377466870284
Cc1cccc(NC(=O)c2cccc(CNC(=O)N3CCC(C)CC3)c2)c1,9.3,0.8533752356592623,0.9002182164724322,0.35722412867151904
CC(=O)NC1CCN(Nc2ccc(C)c(C(N)=O)c2)CC1,8.7,0.7723975111297429,0.8448133377828094,0.28385129797060393
C[C@@H]1CC(c2cccc(S)c2[C@H](NC=O)N2C(=O)CCCc3sccc32)=NO1,8.6,0.5782835845188493,0.635686917388303,0.15807114296418956
C[C@@H](CCNC(=O)NC(=O)C1Cc2ccccc2C1)C(=O)NC(=O)NS(N)(=O)=O,10.3,0.40158702424939036,0.7482608754477464,0.15475330704165166
CCCN(CC(=O)NC)C(=O)CNC(=O)C(=O)NC(=O)NCC[C@H](C)CNC(=O)c1ccccc1O,7.8,0.1977367393590341,0.761685708197496,0.058739166858586336
Cc1ccc(C(=O)NCC(=O)N2CCCC2)c(F)c1F,8.4,0.9156671422203176,0.8821016326798947,0.33923882208042777
CC(=O)N1CCC(CN2CCOC[C@H]2NC(=O)C(=O)N2CC[C@H](O)C2)CC1,9.0,0.5831160539433335,0.7117911913233849,0.18677559182225245
C[C@@H](C=O)NC(=O)N(C)CC(=O)CCC(=O)NC1CCCC1,7.1,0.6424699443762856,0.7650487729454745,0.1744898991227957
CN(CC(=O)NCNC(=O)c1ccccc1Cl)S(C)(=O)=O,7.7,0.718178686641638,0.8651547076198687,0.23921423358920302
CCc1nc(N)sc1C(=O)c1cc(Br)ccc1-c1ccc(C)c(C(=O)NC)c1,9.0,0.5469520842583281,0.8251946328996199,0.20310386597245486
COc1cc(O)ccc1C(=O)CC(c1ccccc1)C1CN(C(=O)c2cccs2)C1,9.2,0.5667807151680156,0.7900831875775172,0.20598980048480886
O=C(NCc1cccc(-c2ccc(F)c(O)c2)c1)c1ccc(F)cc1Cl,10.3,0.6815343056191139,0.8908400906801295,0.3126761125489655
O=C(NCc1cccc(NC2=Cc3ccccc3OC=C2)c1)c1ccc(F)cc1Cl,10.1,0.5506788811431547,0.8235396668605076,0.22902048067349406
O=C(CCCc1cccs1)Nc1cccc(CNC(=O)c2ccccc2N2CC=C(F)CC2)c1,8.8,0.41542871574383,0.8249049757447621,0.15078325446111038
O=C(NCC=CC1=CCCc2[nH]c(=O)ccc21)c1ccccc1O,10.0,0.8081714781282285,0.7877248575276791,0.3183083812332463
COc1cc(-c2ccc3c(c2)NC(=O)CC3)ccc1Cc1c(O)c(=O)cc(C(C)=O)n1C,11.3,0.6021517689659744,0.7941990650194852,0.2701990301306224
Cc1ccc(Nc2ccc(C)c(C(=O)c3ccc(C(N)=O)cc3)c2)c(C(=O)c2ccc(O)c(C)c2)c1,11.4,0.2986708539771523,0.8543198425382654,0.14544144905610212
CC(C)CN1C(=O)CS(=O)(=O)C=CC=CC=C1C(=O)CC(C)(C)CCNC(=O)N1CCCC1,9.0,0.5762796458164589,0.6743978332296819,0.17488878501284477
O=C(NCN1CCN(c2ccc(N3C(=O)Cc4ccccc43)cc2)N1)N1CCCC1,8.8,0.8148004922374353,0.7824718829203098,0.2805257291607854
CCNc1cc(N(C)Cc2[nH]c(=O)c(C#N)c(N3CCc4[nH]c(=O)ccc4C3)c2C)nc(C)n1,9.8,0.5083808125818791,0.7297916285072041,0.1817959099468132
CCOc1cc(OC(=O)c2ccc(O)c(C)c2)cc(C)c1CNC(=O)N1CCCC1,9.2,0.5543820760108664,0.8471376837861107,0.2160334559900152
Cc1ccc(Nc2cccc(S(=O)(=O)c3cccc([C@H](C)NC(=O)N4CCOCC4)c3)c2)cc1C(N)=O,11.5,0.4329648709520991,0.7867667964325443,0.19586937107991745
CC(=O)NC(=O)C(=C1SCC(=O)N1NC(=O)[C@H](C)S(=O)(=O)Nc1ccc(C(F)(F)F)cn1)N1CCC1=O,10.2,0.3017331248185603,0.6631933937668337,0.10205478168074925
Cc1ccc(-c2cc(C(F)F)nc(C(=O)NCc3c(C)noc3C)n2)cc1,10.1,0.7340283933382123,0.8225468931291088,0.30490525107649347
CCc1nc(N)sc1C(=O)c1ccc(CNC(=O)N2CCCC2)cc1[SH](=O)=O,9.2,0.4818578596469727,0.7620589250177578,0.16891387796560764
CS(=O)(=O)N(CC(=O)[O-])CC(=O)Nc1ccc2c(c1)OCCC2,8.2,0.7065788015516086,0.7993646894497939,0.23157379915238474
NC(=O)c1c(F)cccc1Oc1ccc(CCC(=O)NC2CCCC2)cc1,9.6,0.7795069386363224,0.882083351337567,0.3300432445551429
CC[C@@H](C(=O)NC=O)C(=O)C(=O)CC(C(=O)CNc1cccc(F)c1)c1ccccc1,8.8,0.3064932821233925,0.7046457520439755,0.0950264432824363
CCc1cc(=O)[nH]c(Nc2c(C(C)=O)ccc(C(=O)c3cc(C)[nH]c(=O)n3)c2O)n1,9.3,0.35299558271873693,0.7528964437253582,0.12358264027905938
CNC(=O)c1cc(-c2cc(-c3ccc(F)c(O)c3)c(O)cc2C)ccc1C,10.0,0.6378229154079083,0.8502693491235647,0.2711606375699883
C[C@@H]1CC(N/C([O-])=C/n2cccc(C(=O)NC(=O)/C=C/c3ccccc3)c2=O)=NO1,10.1,0.5537691000496754,0.6805485269440329,0.19031770637949433
CC(C)CNC(=O)CS(=O)(=O)NC(C)(C)C(=O)C(=O)C1Cc2ccccc2C1,8.6,0.5928545688999282,0.7904920847810717,0.20151814298092569
Cc1ccc(-c2ccc(-c3ccc4c(c3)CNC4=O)cc2C)cc1C(=O)C(=O)N1CCCC1,10.6,0.47488874328793795,0.8283853648411981,0.20849716897980497
O=C1NCc2cc(-c3ccc(-c4ccc5c(c4)CNC5=O)cc3)ccc21,10.4,0.749967003691028,0.8498346464753264,0.33142093059396077
COC1=CCCC=C1C(=O)Nc1ccc(-c2ccc(CCC(N)=O)cc2)cc1,9.0,0.76732761346213,0.8423115334990204,0.2908480044561436
CCC1(CCN(NC(=O)N/C=C(\[O-])Cc2c(O)c(=O)cc(C)n2C)C(=O)c2cc(C)c(C)c(NC)c2)CC1,8.8,0.29391827343835025,0.676589618561092,0.08749930310606678
CC(=O)NC1(C(=O)Nc2nccn(C)c2=O)CCNCC1,8.1,0.6612080594867789,0.7973449027695467,0.21352040474028017
O=C1Cc2ccccc2N1Oc1ccc(-c2ccc(F)c(O)c2)cc1,10.4,0.7844661517344456,0.8384806318778089,0.34203503078838654
CS(=O)(=O)N(CNc1ccc(C(F)(F)F)cn1)CC(=O)NC(=O)NS(=O)(=O)NCNC=O,8.6,0.12953674076190846,0.7300940246005521,0.040666820170495055
Cc1c(CNC(=O)c2cccc(C(=O)CNc3cccc(F)c3)c2)nnn1CCC(=O)NC1CCCC1,9.2,0.34326891135607757,0.8173498637569792,0.1290625670472924
CCc1nc(N)sc1C(=O)c1ccc(Cn2cnc(C)cc2=O)cc1,8.5,0.7107127977733968,0.829293427970605,0.25049051725643384
CC1=C(CN(C)[SH](=O)=O)S(=O)(=O)NC1=NN1CCc2[nH]c(=O)ccc2C1,8.5,0.538156560624288,0.6181517011225522,0.14138151720357034
O=C1CCc2ccc(C(=O)C(=O)NCN3C(=O)Cc4cc(-c5ccc(-c6ccccc6)cc5)ccc43)cc2N1,11.4,0.28619356151169917,0.806742962185018,0.13160424569617016
CC1CC=CN(C(=O)NCN2CCN(c3ccc4c(c3)NC(=O)CC4)CC2)C1,10.8,0.8398965722575006,0.7207379467966795,0.32688647874563753
O=C1CCc2ccc(-c3ccc(C(=O)NCc4cccc(-c5ccc(F)c(O)c5)c4)c(Cl)c3)cc2N1,10.8,0.2992761300508147,0.8387834063918876,0.13555503998053414
O=C(CCC(O)=Nc1ccc2c(c1)CNC2=O)NC1CCCC1,8.5,0.5752232117717823,0.8076417346268391,0.19744406583501814
Cc1cc(C(=O)c2cccc(-c3ccc(-c4ccccc4)cc3)c2)nc(=O)[nH]1,11.2,0.5351418797778569,0.8719066640783176,0.2612925118751983
Cc1c(C2=CCC(NC(=O)C(=O)N3CC[C@H](O)C3)=N2)cnn1CNC(=O)N1CCC(C)CC1,9.1,0.5669856713733865,0.6880582081952181,0.17750421102847846
Cc1cc(=O)n(-c2ccc(ON3C(=N)SCC3=O)cc2)cn1,8.1,0.9230339005025218,0.7692877549086676,0.287581864193981
Cc1cc(C(=O)c2ccc(Sc3ccccc3NC(=O)c3ccc(F)cc3Cl)cc2)nc(=O)[nH]1,9.9,0.3456747283967088,0.8304317482777844,0.14209433817377395
Cc1noc(C)c1CNC(=O)[C@@H]1CC(=O)NCCN1[C@@H]1CCCCCN(C)C(=O)C[NH2+]C1,9.9,0.5452042610302186,0.5946021781363011,0.1604689223631914
O=C(Nc1ccc(N2C(=O)Cc3ccccc32)cc1)c1ccc(F)cc1Cl,10.3,0.6983371316052309,0.887842392296608,0.3193068544202788
O=c1ccc2c([nH]1)CCN(C1=CC=C(c3ccccc3)C1)C2,9.3,0.9222894309186506,0.7891371154736608,0.3384329618333495
CN1C(=O)N(c2cccc([C@H]3CC=CCC3)c2)C(=O)C1(C)C,8.3,0.6169574985332559,0.7601253807638855,0.19462049719740607
Cc1cc(CNC(=O)N2CCCC2)ccc1-c1cc(C(=O)Nc2ccccn2)cn(C)c1=O,10.2,0.6297644612572976,0.8396670342356334,0.2696841532999674
COC(=O)NCCCCN(C)CCNC(=O)NCC[C@H](C)C(=O)C1Cc2ccccc2C1,7.8,0.4041109842755065,0.7605823711700954,0.1198702793480969
Fc1ccccc1N1CCC(Cc2ccc(C3=Cc4ccccc4OC=C3)cc2)CC1,11.1,0.471788826711742,0.8280886074406849,0.21682903864737954
CCc1nc(N)sc1C(=O)c1ccc(NC(=O)C(=O)N2CC[C@H](O)C2)cc1,9.0,0.5309410345838409,0.7769264835397782,0.1856259679347879
O=C1Cc2ccccc2N1c1ccc(C2=Cc3ccccc3OC=C2)cc1,11.0,0.6224048584460597,0.8226511110778267,0.28161212658748874
COC(=O)[C@@H]1OCCC[C@@H]1NC(=O)OCC(=O)CN[C@H](C)CNC(=O)N1CCC(C)CC1,8.1,0.42503499236381637,0.6829955399923658,0.11757028667069622
CC(=O)NC(=O)[C@@H](C(=O)[O-])C1(NC(C)=O)CCN(C(=O)Nc2cccc(C)c2)CC1,9.5,0.551677865562176,0.7123592391947453,0.186671591681415
Cc1cccc(C)c1C(=O)c1cc(F)cc(N2C(=O)CCCc3sccc32)c1,10.4,0.5325432910689798,0.8270364872478032,0.2290250210315982
CCNc1cc(-c2cc(-c3cc(C)ccc3C(=O)c3ccc(C)c(F)c3F)c(C)o2)nc(C)n1,10.3,0.3286668815169477,0.7937874800017342,0.13435920265427373
Cc1cc(C(=O)C2=CC=CC=CC(NC(=O)c3ccc(N4C(=O)Cc5ccccc54)cc3)CC2)nc(=O)[nH]1,9.6,0.505972977631088,0.6561147049271472,0.15934862924137502
CC(C)NS(=O)(=O)[C@@H](C)CNC(=O)CN(CNC(=O)c1ccc(F)cc1Cl)S(C)(=O)=O,7.7,0.3719935519357281,0.7422957335051801,0.10630975219993151
CNC(=O)NCC1=C(c2nc2=O)C=C2CC(=O)N(CNC(=O)N3CCCC3)C21,10.0,0.617649925121711,0.6802345864343446,0.21007342068818552
O=C1CCc2ccc(N3CCN(C4=CCCC=C4C(=O)NF)CC3)cc2N1,10.1,0.8017113075366159,0.7632687787306867,0.3090202113520176
Fc1ccccc1N1CCC[C@H](N2CCc3ccccc3C2)C1,9.3,0.831056502410389,0.8359282209651102,0.32303716636535257
O=C(NCc1ccccc1C1=Cc2ccccc2OC=C1)c1ccccc1Cl,10.8,0.6216119095477404,0.8404475044183448,0.28211337617190496
Cc1ncc(CNC(=O)C(=O)NN=C2CCC([C@H](C)NC(=O)NCCO)CC2)s1,8.4,0.3179615811880039,0.7336299571552246,0.09797177929726437
CCN(Oc1cccc(F)c1C(N)=O)c1ccc(NNC(=O)c2ccc(F)cc2Cl)cc1,9.2,0.43556057999982706,0.8042379587100645,0.16113540180667102
C[C@H]1[NH2+]CCOC[C@H](C(=O)[O-])N(C(=O)NN2CC[C@@H]2c2ccccc2)C1=O,8.8,0.6291478280083889,0.5285652325122645,0.14632009391816975
COc1ccc(NC(=O)c2ccc(F)cc2Cl)nc1CNC(=O)c1ccccc1Cl,10.3,0.5722443657362273,0.8699114933099202,0.25636800462893167
CCc1cc(=O)[nH]c(NC(=O)CN(C)c2ccc3oc(=O)sc3c2Nc2ccc(C(F)(F)F)cn2)n1,11.2,0.3357926512586351,0.7369758425382655,0.13858380036451473
CCN(c1cccc(-c2c3c(nn2C)CCCC3)c1)c1ccc2c(c1)NC(=O)CC2,11.3,0.6697997926305695,0.7940418772937525,0.3004947328845092
Cc1noc(C)c1CNC(=O)c1cc2cc(C(=O)CNc3cccc(F)c3)ccc2[nH]c1=O,9.4,0.3727305955428203,0.8314983894967075,0.14566469825770179
CNc1cccc(-c2ccc(N3Cc4ccccc4[C@@H](CNC(=O)N4CCCC4)C3)cc2)c1,10.8,0.5656545720580102,0.7878535967330743,0.2406526141163821
O=C(NCN1CCc2ccccc2C1)c1ccccc1O,8.7,0.9065777474249281,0.8831316532152569,0.34827296461042
CNC(=O)c1cc(CC(C)(C)CC(=O)C2=CC=CC=COC(C)CC2=O)ccc1C,8.8,0.7128927846931641,0.6504371204816568,0.20402444923870744
Cc1ccc(Nc2cccc(C(=O)NCC(F)(F)F)c2C2CN(C(=O)c3cccs3)C2)cc1C(N)=O,11.2,0.43218570884576774,0.8062088060192293,0.19512187761198757
CC1=NNC(=O)/C1=N\NC(=O)CNc1cccc(F)c1,8.2,0.6867571662063847,0.8079252290834911,0.22748786074112923
CNC(=O)c1cc([C@@H]2[NH+]=NC3=C2CNCC3)ccc1C,8.2,0.7186026881016122,0.6513779307337981,0.19191359211810297
Cn1nc2c(c1NC(=O)CNCNC(=O)c1ccccc1Cl)CCCC2,9.1,0.530956615968089,0.8260155499117532,0.19955318160876487
CC1CCN(C(=O)NC[C@H]2CCCN2NC(=O)C(=O)N2CC[C@H](O)C2)CC1,8.6,0.5727510746519321,0.714075806708,0.1758647048402295
CC(=O)Nc1ccc(Nc2ccc(C)c(C(N)=O)c2)cc1C1=NO[C@H](C)C1,10.0,0.7546066907439036,0.776562996360291,0.2929998164188046
CC1=NN(C(=O)CNc2cccc(F)c2)C(=O)/C1=N\NC(=O)NN[SH](=O)=O,9.7,0.29404609689058453,0.7243044842586998,0.10329476967995997
C[C@H](NC(=O)N1CCOCC1)N1CCC2=C(C[NH+]=N2)C1,7.8,0.6730040980594694,0.6279367189510255,0.1648155542186624
CCC(=O)Nc1nc(N/C([O-])=C/c2c(OC)ccc(C)c2Cl)cs1,9.1,0.7663081079524301,0.7650179557338208,0.26673895530464914
Cn1nc2c(c1-c1ccc(OCCNC(=O)C(=O)N3CC[C@H](O)C3)cc1)CCCC2,9.1,0.5653886300240806,0.7678548596810635,0.19753206526344613
Cc1ccc(=O)[nH]c1CCNC1=CCC=C1C(=O)Nc1ccc(C(=O)c2ccc(C(N)=O)cc2)cc1,10.6,0.34798949833135095,0.7897109496272551,0.14564989210940854
CN1C(=O)N(c2cccc(-c3ccc(-c4ccccc4)cc3)c2)C(=O)C1(C)C,11.4,0.5948463895446321,0.876860635251698,0.29731050831757255
NC(=O)CCc1ccc(-c2ccc(-c3ccc(C4=CCCC=C4)cc3)cc2)cc1,9.0,0.5464978182054209,0.8616726658339916,0.2119060043484863
Cc1cccc2nnc(CN(CC(=O)NC(=O)NCC(=O)CNC(=O)C(=O)Nc3ccc(O)cc3)S(C)(=O)=O)n12,9.1,0.14150979947454545,0.7713446910181961,0.04966453881104176
CCCC(=O)c1c(C(=O)c2cc(C)[nH]c(=O)n2)ccc2sc(=O)n(CNC(=O)N3CCC(C)CC3)c12,10.6,0.46837550645797843,0.7478204579228809,0.18563821643121134
CCCCCCC1(N2CCN(CNC(=O)N3CCCC3)CC2=O)NC(=O)NC1=O,8.5,0.39735500840787674,0.7130895476400184,0.12042362385917912
O=C1Cc2cc(-c3ccc(-c4ccccc4)cc3)ccc2N1c1ccccc1O,9.5,0.47939443279337723,0.8798880504493763,0.2003613806117534
C[C@@H]1CC(c2ccc(NC(=O)C(=O)NCN3CCN(c4ccc5c(c4)NC(=O)CC5)CC3)cc2)=NO1,10.0,0.551927716544352,0.743439647939073,0.2051624736377748
Cc1noc(C)c1CNN1CC=CN(C(=O)NCN2CCN(c3ccc4c(c3)NC(=O)CC4)CC2)C1,10.9,0.5575678652971395,0.72996097863294,0.22181651761058568
C[C@H](NC(=O)N1CCOCC1)c1ccc(S(=O)(=O)c2ccc(N3CCc4[nH]c(=O)ccc4C3)cc2)cc1,9.6,0.5331192865527324,0.7650275422179633,0.19576845000020687
CN(CC(=O)NC=O)C(=O)NCCNC(=O)N1CCCC1,7.2,0.41821059080274,0.8251929133796264,0.124237589699062
O=C(OCC[C@@H]1OCCN(c2ccc(F)c(O)c2)C1=O)N1CCCOCC1,8.8,0.8493609528020172,0.7581522630935579,0.28333576856206605
Cc1scc(C(=O)c2ccc(C(N)=O)cc2)c1NC(=O)c1ccc(F)cc1Cl,10.3,0.6026748714287579,0.8523860414910283,0.26456149870108575
O=C(Nc1ccc2c(c1)CC(=O)N2N1CCCN(c2ccccc2Cl)CC1)c1ccc(F)cc1Cl,9.5,0.5078430622957932,0.8206394972969123,0.19795913579036853
CCC(=O)Nc1nc(-n2c(=O)[nH]c3ccccc23)cs1,7.9,0.7744304989175873,0.8352581190005915,0.2555054979199245
CC1CCN(C(=O)NCc2ccc(F)cc2-c2ccc(-c3ccnc4c3OCO4)cc2)CC1,12.1,0.5953020711242036,0.8188050013660207,0.29489896946182936
O=C(c1cccs1)N1CC(n2c(=O)[nH]c3ccccc23)C1,7.8,0.7874616985082487,0.8607275464477075,0.2643380905146342
C[C@@H]1CC(c2ccc(NC(=O)c3ccc(F)cc3Cl)cc2)=NO1,8.9,0.913357882569874,0.8203162126114729,0.3334128141499063
O=CNCC(=O)NCN1CCNC(=O)C[C@H]1CNC(=O)c1ccccc1Cl,9.0,0.42432203149257053,0.7450145429189955,0.14225673795430366
CCc1cccc(Oc2ccc(-c3cccc4c3CCN(C(=O)c3ccc(O)c(C)c3)C4)cc2)c1,11.1,0.34942373393626586,0.8569105894522817,0.16618081828784825
CCNC(=O)C[C@@H](C(=O)NCC)N1N=C(C)/C(=N/NN2C(=O)CCCc3sccc32)C1=O,8.9,0.48536049430301587,0.6757159714774035,0.14594479787649822
CNC(=O)N1CCC[C@H](S(=O)(=O)[C@@H](C)C(=O)NS(=O)(=O)NC(=O)NC(N)=O)C1,8.2,0.301825326419189,0.6727916065347731,0.08325687396432388
O=CNN=C1CCC(c2ccc3c(c2)NC(=O)CC3)CC1,9.4,0.6607001177157901,0.7774174035305155,0.24141069191265027
Cc1cccc2nnc(-c3ccc(-c4ccc(-c5ccc(F)c(O)c5)c(Cl)c4)cc3)n12,10.3,0.3541126345499383,0.8413658518133129,0.1534382133790721
CN(CC(C)(C)C(=O)N1CCCCC1)C(=O)NN1C(=O)CCCc2sccc21,8.9,0.8353617999380637,0.7702366370493162,0.28632468725917226
Cc1cccc(NC(=O)c2ccc(-c3c4c(nn3C)CCCC4)cc2)c1,10.5,0.7581279006624881,0.871220791768995,0.34676081468560294
Cc1cc(=O)n(CCSC(=O)Nc2ccccn2)cn1,7.8,0.9304400313309867,0.8133164185957334,0.29512944006008585
CN1C=CC=CC=C(NC(=O)N/C=C(\[O-])C(=O)Nc2ccccn2)NC(=O)C1,10.6,0.40818297245586854,0.6494684840200438,0.14050404745156536
Cc1cc(=O)n(Cc2ccc(C(C)C3=C[C@H](N4C(=O)Cc5ccccc54)c4ccccc43)cc2)cn1,11.5,0.38835169169329153,0.7083519394452998,0.15817656254873855
CN1C(=O)N(c2cccc(-c3ccc(C4=CC=CC4)cc3)c2)C(=O)C1(C)C,11.1,0.7342918969919211,0.8197163236284339,0.33406063512116324
CCc1nc(N2CCc3[nH]c(=O)ccc3C2)sc1C(=O)c1ccc(C(=O)c2ccc(O)c(C)c2)cc1F,10.5,0.36334100531657776,0.7779647543453458,0.14839991037096875
Cc1noc(C)c1CNC(=O)c1ccc(NC(=O)CNC(=O)N2CCCC2)c(C=O)c1,8.3,0.5769120968153476,0.833168023501885,0.19947585524675812
CC(=O)NCN1CCN(c2ccc3c(c2)NC(=O)CC3)CC1,9.3,0.8662021092232063,0.8446983815580038,0.3402309766897818
O=C1CCc2ccc(C3=NOC(C(=O)NCc4cccc(-c5ccc(F)c(O)c5)c4)C3)cc2N1,11.3,0.5389746104240163,0.7639845086256596,0.23264906289217163
O=C(NCc1cccc(-c2cccc(N3C(=O)CCC4SC=CC43)c2)c1)C1=CCNC1,10.0,0.7591558709024046,0.6798310043587449,0.2580488490902097
CCc1cc(=O)[nH]c(Nc2ccc(C(=O)c3sc(N)nc3CC)cc2)n1,8.7,0.5757736053630491,0.7997874036411411,0.20031596745950922
C[C@@H](C[C@@H](SCC(=O)NNC=O)C(=O)[O-])NC(=O)N(C)CC(=O)C(=O)Nc1nccn(C)c1=O,8.0,0.11882218262612876,0.6310792479038947,0.029994485458398622
Cc1cccc(-c2cc(C3=Cc4ccccc4OC=C3)c(=O)[nH]c2C)c1Br,10.7,0.56374402184391,0.7765822524364681,0.23421957722040831
COC(=O)[C@@H]1CCCN(C(=O)N2CCN(c3nn(CCC(=O)NC4CCCC4)c4c3COC4)CC2)C1,8.4,0.5872271741979059,0.7305087307793099,0.18016932263502186
Cc1ccc(NO[C@@H](C)C(=O)Nc2ccc(CNC(=O)Oc3ccccc3)cc2)cc1C(N)=O,9.4,0.3582106064642082,0.7961465245858899,0.13403842082095313
Cc1cc2ccc(C(=O)CNc3cccc(F)c3)cc2oc1=NCNC(=O)N1CCCC1,9.9,0.5750967987992618,0.7924442174000796,0.22558740566361718
O=c1ccc2c([nH]1)CCN(N1CCC3=C(C[NH+]=N3)C1)C2,8.9,0.7000433410215525,0.6243862646580859,0.19450836382565015
O=C(NCc1ccc(N2C(=O)CCCc3sccc32)cc1)c1ccccc1Cl,10.1,0.631277380310594,0.8652846317896186,0.2758484808674795
O=C1CCc2ccc(-c3cccc(N4C(=O)CCCc5sccc54)c3)cc2N1,11.5,0.6474728276866514,0.8263141085459247,0.30763416114012254
CCN1C(=O)N[C@H](NCC[C@H](C)COC)C(c2ccnc3c2OCO3)=C1C,8.0,0.7233731726540806,0.6611697338335062,0.19130897921039897
CCc1nc(N)sc1C(=O)c1cccccsc(-c2ccc(N3CCc4[nH]c(=O)ccc4C3)s2)nc1=O,9.5,0.3530348655919521,0.6917249297361054,0.11599643335809452
CCc1nc(N)sc1C(=O)NC(=O)CN(C)S(C)(=O)=O,6.5,0.7492341432614303,0.812618889269459,0.19787359062245394
CCNC(=O)N(C)CC(=O)C(=O)CNc1cccc(F)c1,7.0,0.736681031440983,0.8248031604827953,0.2126658950500869
CC1=C(Cn2nc(C(N)=O)ccc2=O)N(Cc2c(O)c(=O)cc(C)n2C)CCC1=O,9.5,0.6917181563584597,0.7447366934184536,0.24469524895835634
CCN(C)C(=O)CNC(=O)CC[C@@H](NC(N)=O)C(=O)Cc1c(O)c(=O)cc(C)n1C,8.9,0.37389937741698176,0.7333757129226112,0.12202288150115226
Cc1ccc(C(=O)c2ccc(-c3cccc(=O)[nH]3)nc2N(C)C)c(F)c1F,9.6,0.7167566604727786,0.8060641516183671,0.2773208877315861
CC(=O)NC(=O)CCC(=O)NC(=O)CN(CNC(=O)C(=O)N1CC[C@H](O)C1)S(C)(=O)=O,8.5,0.20448135744490065,0.7297487573858461,0.0634185070141946
Cc1cccc(C)c1C(=O)C(=O)N[C@H](C)NC(=O)N1CCOCC1,8.7,0.4885821799032711,0.780654832857777,0.16591510739550921
O=C(NCc1ccc(ON2CCc3cc(F)ccc32)cc1)Oc1ccccc1,9.5,0.7116963524665928,0.8471645775890766,0.28638887140929764
CCc1cc(=O)[nH]c(N[C@H](N)C(=O)N2CCCCC2)n1,8.2,0.675124831069861,0.7380637462340872,0.20429691641798153
O=C(NCN(C(=O)Nc1ccc(C(F)(F)F)cn1)c1cccnc1Cl)c1ccccc1O,10.9,0.3848806208025174,0.8061854090125709,0.1691054016829659
C=C(C)C(=O)C(=O)NC[C@H](N=C(O)C(=O)CN(C)C(=O)N[C@@H](C)C1=Cc2ccccc2OC=C1)C(=O)NC,0.0,0.14415678701929546,0.5995766105790631,0.0
COC1=C(F)C(O)=C(NCC=CC2=CCc3[nH]c(=O)ccc32)N(NC(=O)c2ccc(F)cc2Cl)S1,9.9,0.40763941898563827,0.6701742790865511,0.13522877960425053
Cc1cc(C(=O)c2cc(-c3ccc(-c4ccc5c(c4)CNC5=O)cc3C)ccc2C)ccc1O,13.4,0.3701646745117158,0.8339129982777845,0.20681903949765204
CC(=O)NC1(CC(C)c2ccccc2)CC=C(c2ccc(CCC(N)=O)cc2)CC1F,9.7,0.6478438737374588,0.6871775385407308,0.21591412287909548
COC(C)(CCN1C(=O)OC[C@@H]1c1ccc2c(c1)CNC2=O)OCNC(=O)N1CCCC1,9.4,0.5910750448328204,0.6614736774222598,0.18376087426290363
CC(C)Cc1cc(C(=O)C2Cc3ccccc3C2)cc(N2C(=O)Cc3ccccc32)c1,10.9,0.5067522636118065,0.8309409598513423,0.22948926072117704
CC1=NN(CC(=O)N[C@H](C)CNS(C)(=O)=O)C(=O)/C1=N\NC(=O)c1ccc(C(N)=O)cc1,7.7,0.30894923057676715,0.747847936664033,0.08895311217899872
CCc1cc(=O)[nH]c(NN2Cc3ccccc3[C@@H](c3cc(Oc4ccc(O)c(OC)c4)ccc3OC)C2)n1,10.5,0.3070988996414675,0.7257004064477879,0.11700244305197775
O=C1CCc2ccc(N3CCN(CN4CCN(c5ccc6c(c5)NC(=O)CC6)CC4)CC3)cc2N1,10.6,0.7091484530837575,0.8109440768338801,0.3047922609408164
O=C1NCc2cc(C(=O)C3CCC4=NC(C5=CCNC5)=NCC4C3)ccc21,11.0,0.8060157871733122,0.6322460470605855,0.28028016241981407
Cc1cc(=O)n(-c2cccc(N3C=CCC(C)C3)c2)cn1,8.7,0.8492261192931488,0.7355701112173516,0.2717294276924565
Cc1cc(=O)c(O)c(Cc2ccc(-c3ccc(C(=O)C4Cc5ccccc5C4)cc3)cc2)n1C,9.5,0.4232489877111749,0.8277828568556327,0.1664201716991852
CC[NH2+][C@H](C)[C@H](NC(=O)c1ccccc1)N1Cc2ccccc2[C@@H](CCC(=O)NC2CCCC2)C1,0.0,0.4919752041765827,0.6663242084559005,0.0
O=C(CNNc1ccc(C(F)(F)F)cn1)N1CCCCC1,8.5,0.835688802038771,0.8374575899070731,0.29743792027878024
O=C(Nc1ccc(C2CN(C(=O)c3cccs3)C2)cc1)C(=O)N1CC[C@H](O)C1,8.5,0.7660921514276883,0.7961296329976485,0.25921118192736436
CCNCCN(C(=O)c1ccc(C#N)c(OC)c1)N1CCN(c2ccccn2)C(=O)C1,8.8,0.6395287441923669,0.7817135162275503,0.21996843587453008
Cc1cc(=O)n(-c2ccc([C@H](C)NC(=O)N3CCOCC3)c(C(C)C(C)(C)C)c2)cn1,9.5,0.8069460749301146,0.7159152627248131,0.2744098803382161
O=C(NOc1cccc(N2C(=O)Cc3ccccc32)c1)N1CCOCC1,9.8,0.8593961951140728,0.827954235763597,0.3486549527724695
O=C(NCc1ccc(-c2nc(N3C(=O)Cc4ccccc43)ccccc[nH]2)[nH]1)c1ccccc1Cl,10.0,0.35769200695310965,0.7465521435145202,0.13351786725442732
CC(=O)c1cccc(CC2CCN(C(C)=O)CC2)c1-c1ccc(F)c(O)c1,8.8,0.8219044641580923,0.8417452521034677,0.3044070393705964
CC(=O)NS(=O)(=O)c1c(C)ccc(C)c1C(=O)C[S@@+]([O-])CNc1ccc(C)c(C(N)=O)c1,9.4,0.3632582009047978,0.6936175546793967,0.11842226456354676
CC[C@@H]1NC(=O)[C@@](C)(NC(=O)N2CCN(C(=O)c3ccc(C(N)=O)cc3)C(=O)C2)NC1=O,9.5,0.4125866925139015,0.696303898659908,0.1364607182029975
Cn1c(Nc2ccc(C(F)(F)F)cn2)cc2c1CCNC2,8.7,0.8952171055015615,0.782961892384257,0.3049005823729429
CC(=O)NC1(NC(=O)CCCCCC=O)CCN(Cn2nc(C(N)=O)ccc2=O)CC1,8.3,0.24052234547294343,0.7545509898004891,0.07531684514598404
CCNc1cc(N2CC(=O)N(C=O)[C@@H](C)C2)nc(C)n1,7.4,0.8031518083546408,0.7198575774029184,0.21391731856810958
Cc1cc(=O)c(O)c(Cc2nn[nH]c2CNC(=O)N2CCC(C)CC2)n1C,10.0,0.7396383980253778,0.746249457231673,0.27597737653707116
Cn1ccnc(NC(=O)c2ccccc2S(=O)(=O)CCC(=O)NC2CCCC2)c1=O,9.6,0.6779777312833158,0.8398581966066234,0.2733144742728267
CNC(=O)C1(N)CC[NH+](C2(C(=O)N[C@H](CCn3nc(C(N)=O)ccc3=O)C(F)(F)F)CCC2)CC1,9.7,0.27113269777587257,0.6096904766873964,0.0801739065199681
Cc1[nH]c(=O)c(N(C(C)(C)C)S(=O)(=O)NC=O)cc1NC(=O)N1CCOCC1,8.3,0.5844905600853882,0.7449105463195331,0.18068817070920384
O=C(Nc1ccc(-c2ccccc2)cc1)c1ccc(F)cc1Cl,9.1,0.6861345679214038,0.9411708721559767,0.2938252907166631
C=Cc1nc(N)sc1C(=O)c1ccc(C(=O)c2ccc(O)c(NC(=O)c3ccccc3O)c2)cc1F,9.6,0.21263764659694973,0.7987046117690346,0.081520641106895
CCc1nc(N)sc1C(=O)C1=C(c2ccc3c(c2)NC(=O)CC3)C(C(=O)c2ccc(O)c(C)c2)C=C1F,11.7,0.38699155390759865,0.6832358376228699,0.15467780161491498
O=CCC(=O)N[C@H](CC[C@H]1CN(N2C(=O)CCCc3sccc32)Cc2ccccc21)C(=O)O,9.1,0.4548331050746012,0.6738516529858001,0.13945296805766874
Cc1noc(C)c1CNC(=O)c1ccc(S(=O)(=O)N(C)CCC(=O)NC2CCCC2)cc1,9.4,0.5896848108108808,0.8462144496348701,0.23452990959003484
O=C1NCc2cc(NCC(=O)N3CCCCC3)ccc21,8.7,0.8737335281261491,0.8601662673555638,0.32692690678497954
Cc1ccc(Nc2ccc(Oc3cccc(F)c3C(N)=O)cc2)cc1C(N)=O,10.4,0.6041342004884628,0.876841173538468,0.27545946549213446
Cc1ccc(O)c(C(=O)c2ccc(C(N)=O)cc2)c1N1C(=N)SCC1=O,9.4,0.7114717411687711,0.8076039221409703,0.2700560632703715
CN(C)c1cccc(C(=O)CNc2cccc(F)c2)n1,7.7,0.8504694889732207,0.8614117675450296,0.282052703909723
Cc1noc(C)c1CNC(=O)c1cccc(Cl)c1Cn1nc(C(N)=O)ccc1=O,8.8,0.6274326095710465,0.8239736839335391,0.22747470184044727
Cc1ncc(CNC(=O)N2CCN(NC(=O)CCC(=O)O)C(=O)C2)s1,7.4,0.6307726246027575,0.8011820439922646,0.18698456924923298
O=C(CC[NH2+]c1ccc(OC2CN(C(=O)c3cccs3)C2)cc1)NC1CCCC1,8.2,0.6510930554583303,0.759934727889583,0.2028631718115146
CC(C)C(C)(C)NC(=O)C(=O)NCC(=O)NCOCC(=O)NS(=O)(=O)c1c2c(nn1C)CCCC2,8.8,0.17192613291289935,0.7331407542527225,0.05546026409418742
CC(=NC(=O)NCc1cnc(C)s1)c1ccc(-c2c3c(nn2C)CCCC3)cc1,10.0,0.6496033791495216,0.7791393419502212,0.2530657746795991
C[C@H](N[SH](=O)=O)N1C(=O)CN(N2CCc3[nH]c(=O)ccc3C2)C[C@@H]1C,8.8,0.566515795054952,0.578568517625137,0.14421800965271458
CCSc1cc(-c2ccc(-c3c4c(nn3C)CCCC4)nc2N(C)C)ccc1Cl,8.9,0.47829873583595406,0.7832224925639331,0.16670337599186827
COCC(=O)N/C(N)=C1/NC=CC=CC=C(N2CCN(Cn3nc(C(N)=O)ccc3=O)C(=O)C2)N1,10.0,0.27360616060030485,0.6573324587175243,0.0899251051338301
Cc1cccc2nnc(C(=O)NN=C3CCCCC3)n12,9.3,0.8500015895546373,0.7929421294245292,0.31341096275259533
CCC(=O)N[C@H](CC1=C(C)N(CC)C(=O)N[C@@H]1c1c2c(nn1C)CCCC2)C[C@H](C)N,7.9,0.5895218141913288,0.6372269503054367,0.14838537917928918
O=C(c1cc(Oc2ccnc3c2OCO3)ccc1O)C1Cc2ccccc2C1,11.0,0.6969622658571807,0.8064782736491141,0.3091467087318907
O=C1CCC[C@H]1NC1(N2CCc3[nH]c(=O)ccc3C2)CCCCC1,9.2,0.8912701446232496,0.6874197013226456,0.2818312620427645
Cn1ccc2c1CCN(Nc1ccc(C(F)(F)F)cn1)C2,8.9,0.9248425201649176,0.775910262658051,0.3193296872186303
CCCNC(=O)[C@@H](CC(C)C)c1c[nH]c2ccc(Cl)cc12,7.8,0.8118807452922174,0.8058829936223029,0.2551695453373554
CN(C(=O)[IH](C)=O)N1CCN(C(=O)CNc2cccc(F)c2)CC1=O,0.0,0.3039335773517085,0.6928372036861659,0.0
O=C1CCCc2sccc2N1c1ccc(ON2CC[C@@H]2c2ccccc2)cc1,10.0,0.5904637835702202,0.7584615225812994,0.22392203015789203
CCNC(=O)N(C)CC(=O)c1ccc(C)c(C(=O)NC)c1,7.3,0.8000957817916883,0.8650736636638248,0.25263175307132535
COC1=C/C(=C/C(=O)[C@@H](Cc2ccc3c(c2)NC(=O)CC3)NC(N)=O)C=CC1=O,10.0,0.6260460994083697,0.7303287225873236,0.22860972403084565
CCC(=O)NNC(=O)C(=O)NC1(NC(C)=O)CCN(N2CCc3[nH]c(=O)ccc3C2)CC1,9.5,0.2081768142177892,0.705290854129252,0.06974197147704629
Cc1cccc(C)c1C(=O)C(=O)NN=C1CCC(N2CCCCCC2)CC1,9.6,0.49908150797066225,0.8192679667221822,0.1962631162866072
O=C(NCc1ccc(F)cc1-c1ccc(-c2ccnc3c2OCO3)cc1)c1ccc(-c2ccccc2)cc1,11.7,0.2749829894456004,0.8376798712006094,0.13475341338097221
N=C1SCC(=O)N1c1ccc(Nc2nccc(C(F)OF)n2)nc1,8.7,0.8517333315312074,0.6825766825766856,0.2528973906663035
O=C1NCc2cc(-c3ccc(CCCNC(=O)N4CCCC4)cc3)ccc21,10.2,0.800643596277551,0.8626241953037275,0.35223381436164247
Cc1cc(C(=O)c2cc(F)cc(Cl)c2N2C(=O)Cc3ccccc32)ccc1O,10.5,0.6385375475011191,0.8308958086469492,0.2785430402382506
C1=CC(N2CCC3=C(C[NH+]=N3)C2)=Cc2ccccc2O1,9.0,0.8351087279337246,0.6467181594864216,0.24303599077515534
Cc1ccc(N(CCOC(=O)Nc2nccn(C)c2=O)c2ccc(CNC(=O)Oc3ccccc3)cc2)cc1,11.0,0.3223983502819201,0.8175133319701001,0.1449607222583498
CC(=O)NCCS(=O)(=O)CC(=O)N[C@@H](C)CN[C@H](C)NC(=O)N1CCOCC1,7.0,0.2990300259039801,0.7143166744733231,0.07476074678499095
O=C1CCc2ccc(C(=O)CCc3ccccc3)cc2N1,9.1,0.8719694730621159,0.8949858776793176,0.3550821656919218
CC1=NN(C(=O)NNC=O)C(=O)/C1=N\NC(=O)NCc1cnc(C)s1,8.2,0.3959775512814072,0.7346984319521308,0.11927887526602467
Cc1cc(=O)n(CNCNC(=O)c2ccccc2O)cn1,8.1,0.5390256968611669,0.8219561557480117,0.17943747330476612
CCC(=O)Nc1nc(-c2c(Cl)cc([O-])c(C(=O)NN3C(=O)CCCc4sccc43)c2[O-])cs1,9.3,0.547410356877168,0.7109703929490754,0.18097453878800948
CCc1nc(N)sc1C(=O)N1CCC(NC(C)=O)(S(=O)(=O)CC=O)CC1,7.7,0.6368291030709637,0.723885172721376,0.17748159092915156
Cc1ccc(N[C@H]2C(c3ccccn3)=NC(NC(=O)N3CCOCC3)=C2C(C)C)cc1C(N)=O,10.4,0.6093062515858277,0.7230155950987104,0.22907971948559974
CCO[C@H](CNC(=O)CNCCOC)[C@H](NC(=O)CNC(=O)N1CCC(C)CC1)C1CCC1,0.0,0.2745715894510389,0.7113264875406993,0.0
CNC(=O)N1CCC[C@H](C(=O)Nc2c(C(=O)[O-])cnn2NCc2ccc3c(c2)CNC3=O)C1,10.8,0.44539090668742326,0.6927630882613883,0.16661720520017237
Cc1cc(-c2c(F)c(O)c(C)n2NC(=O)c2ccc(Cl)cc2Cl)ccc1N1C(=N)SCC1=O,9.8,0.4452598170376402,0.7599800547848243,0.16581040427141588
O=C(NN1C(C(=O)C2Cc3ccccc3C2)=CCC2=C1CCNC2)c1ccccn1,11.4,0.825180841586192,0.7481224073958344,0.3518816783142981
O=C(NCC=CC1=CCc2[nH]c(=O)ccc21)c1ccc(N2CCc3[nH]c(=O)ccc3C2)cc1,9.4,0.5679849139939039,0.7559976295711491,0.20181576684743527
Cc1cc(=O)c(O)c(CNCC(=O)N2CCCCC2)n1C,8.2,0.8476406961754399,0.82996081788891,0.28843851184421415
Cn1cc(NC(=O)c2cn[nH]c2N)cc(N2C(=N)SCC2=O)c1=O,8.5,0.6115082643425604,0.7577384685543336,0.1969294176857814
O=C(COc1ccc(F)c(O)c1)NS(=O)(=O)/C(=N\O)c1ccc(O)cc1Cl,9.0,0.2548310096732176,0.7847641800978477,0.08999201176636917
CCNc1cc(NC(=O)NC(=O)c2ccc(-c3ccc4c(c3)NC(=O)CC4)c(O)c2)nc(C)n1,9.6,0.39204228476665826,0.8062400816111176,0.1517184977593342
CCC(=O)Nc1nc(N2Cc3ccccc3[C@@H](NC(C)(CNC(N)=O)CC(C)O)C2)cs1,8.6,0.39014349507065005,0.6458973550312596,0.10835684016597717
Cc1ccc(Nc2ccccc2Oc2cccc(F)c2C(N)=O)cc1C(N)=O,10.1,0.6041342004884628,0.8716928500670676,0.2659428288386226
Cc1cccc(-c2ccc(-c3ccc(-c4ccc(F)c(O)c4)cc3)cc2)c1,9.5,0.4268452777582381,0.9075415597957753,0.18400541885488186
CC(=O)N1CCC(C[C@H]2C(=O)c3cccc(Cl)c3O[C@]23C(Cl)=CC(=O)N[C@@H]3Oc2cccc(F)c2C(N)=O)CC1,11.2,0.5454498720000047,0.5702607366154794,0.1741872416443833
CCNc1cc(NC(=O)/C=C(\C)NCCOc2cccc(F)c2)nc(C)n1,7.4,0.46272653160009697,0.8221853519685148,0.14076538121205445
Cc1ccc(Nn2ncc(NC(=O)N3CCOCC3)c2C)cc1C(N)=O,10.6,0.7629016183309053,0.8128689631774952,0.3286736951745104
C#CC/C(C)=N\O[C@@H](C)NCC(=O)CNC(=O)c1ccccc1O,7.5,0.2716849599104268,0.7099464412493854,0.07233066391102105
O=c1ccc2c([nH]1)CCN([C@@H]1[NH+]=NC3=C1CNCC3)C2,8.6,0.6044068759543522,0.6061991206054788,0.1575480941773162
CCc1cc(=O)[nH]c(NN2N=C(C)/C(=N/N[C@H](CNC(=O)CNC(=O)CN(C)C)C(=O)NC)C2=O)n1,8.3,0.15739662019935982,0.655569538652755,0.04282153832118286
Cc1cc(C(=O)c2cc(C(F)F)nc(-c3ccc([N+](=O)[O-])cc3C)n2)nc(=O)[nH]1,10.3,0.3948384093550371,0.7747414395323706,0.15753730398789234
CCc1cc(=O)[nH]c(NOc2ccc(C(=O)c3ccc(C)c(F)c3F)cc2)n1,10.5,0.5007592897977438,0.7886423569704208,0.20733299295498653
O=c1[nH]c2ccc(N3CC[C@@H]3c3ccccc3)cc2[nH]1,8.6,0.7482765939701765,0.8119993813616715,0.2612680564982169
C=C(CC)C(=O)NCC[C@@H](C)N(CC(C)(C)CC(=O)Cc1c(O)c(=O)cc(C)n1C)[C@@H](C)CC,8.1,0.3984518531925811,0.6414249904931979,0.1035086753391496
CN1CCC(C(=O)NC(=O)NCC(=O)C(=O)CNc2cccc(F)c2)C1=O,8.0,0.441200218090772,0.7448863560276506,0.13145760909289597
CC(C)N(CNC(=O)N1CCOCC1)C(=O)COCn1nc(C(N)=O)ccc1=O,9.0,0.49810061389767085,0.7770761839335392,0.17417795591814986
Cc1noc(C)c1CNC(=O)C1CCC(=NNC(=O)CC(=O)[O-])CC1,8.4,0.5347105425015535,0.7704812636132234,0.17303347087064186
CCNc1cc(-c2ccc(N(C)CCc3nnc4cccc(C)n34)c(OC)n2)nc(C)n1,10.0,0.453239493637283,0.7734351891373729,0.17527568674293953
O=C(NCc1cccc(-c2ccc(ON3C(=O)CCCc4sccc43)cc2)c1)Oc1ccccc1,9.3,0.34544580469986436,0.8216578931146868,0.13198479651487413
C/C(=C\C(=O)NC(=O)CNc1cccc(F)c1)OC[C@@H](O)CNS(=O)(=O)N(C)C,8.0,0.2747424330328119,0.7349706175394748,0.08077104626816942
Cc1nc(C(=O)NCc2c(C)noc2C)c(Nc2ccc(C(F)(F)F)cn2)[nH]1,9.4,0.611983365493513,0.7868877397927265,0.22633423741405015
CCN(C=O)C(=O)C[C@@H]1CC(=O)NCCN1N1CCc2[nH]c(=O)ccc2C1,9.2,0.6552127538778995,0.6521645429189955,0.19656100202783922
CCc1cc(=O)[nH]c(N[C@@H](C)CCNC(=O)N[C@H](C)C(=O)NCCNCc2ccccc2F)n1,8.8,0.24110981701567435,0.7187098160402116,0.07624671658244274
c1ccc(-c2ccc(NN3CC[C@@H]3c3ccccc3)cc2)cc1,9.8,0.7184782723363544,0.8375674432091917,0.29486926468543767
O=C(C1=CCC2=C(CCNC2)N1NCC=CC1=CCc2[nH]c(=O)ccc21)C1Cc2ccccc2C1,12.4,0.6096533461544466,0.6689758916210348,0.25286290231051933
O=C(CNC(=O)OCCC1=CC=CC1)NN1CC[C@@H]1c1ccccc1,7.0,0.7992008159047589,0.7401795764624627,0.20704324249869366
Cc1cccc2nnc(-c3ccc(C(=O)Nc4nccn(C)c4=O)cc3)n12,10.7,0.603380767124581,0.8414541805083962,0.2716287388804078
CCc1nc(N)sc1C(=O)c1ccc(N2C=CC=CC=C3C=CC(F)=CC=C(c4ccc(F)c(O)c4)[C@@H]3C2)cc1,12.1,0.3230496221435476,0.6066938446036133,0.11857529143988815
CCC(=O)Nc1nc(-c2ccccc2C2=NO[C@H](C)C2)cs1,8.3,0.9359597051419702,0.7776112271579286,0.3020423015776156
Cn1nc2c(c1NCC(=O)N1CCCCC1)CCCC2,8.2,0.9143374368189132,0.8374545962680305,0.3139435964916108
Cc1ccc(Nc2nc(C)c(N3C(=O)Cc4ccccc43)nc2C#N)cc1C(N)=O,11.6,0.6958038679362923,0.7993820061304331,0.3226035932580524
CCNc1cc(-c2cc(C(=O)NCc3c(C)noc3C)ccc2OCC)nc(C)n1,9.0,0.5829787438473362,0.8340724823209091,0.21881093760948292
CC(C)(NCCS(=O)(=O)N1CCOCC1)C(=O)N1CCc2[nH]c(=O)ccc2C1,9.0,0.6385002295083761,0.7832326922761406,0.2250424141995506
CCC(=O)NCC(=O)NN[C@@H](C(=O)N1CCCC1)c1ccc(C)c(C(=O)NC)c1,9.9,0.4613145385618027,0.7781654153698495,0.17769461466046735
Cc1ncc(CNC(=O)c2ccc(C(=O)C3Cc4ccccc4C3)cc2)s1,9.9,0.6854148138046839,0.8608776544703317,0.29207885713746073
CN(CC(C)(C)N1C(=O)CCCc2sccc21)C(N)=O,7.3,0.9286907431254444,0.7622708945291566,0.2583885820786606
CNC(=O)N1CCC[C@H](c2ccc(-c3ccnc4c3OCO4)c(-c3cccc4c3OCCO4)c2)C1,10.9,0.6059985757389222,0.7311034651036485,0.24146097392097804
O=C(NC(=O)c1ccc(F)cc1Cl)C(=O)N1CC[C@H](O)C1,8.5,0.7313649957005302,0.8034546861161369,0.24973791904918216
Cc1ccc(Nc2ccc(CC(=O)C(=O)N3CC(CCc4ccc5c(c4)CNC5=O)C3)cc2)cc1C(N)=O,10.7,0.3815975210398728,0.7979920656650233,0.16291380982598425
O=C(Nc1ccc(N2C(=O)CCCc3sccc32)cc1)C1CN(C(=O)c2cccs2)C1,8.2,0.6340358837763831,0.8302156357372539,0.215818466775153
CS(=O)(=O)NC(=O)C(=O)S(=O)(=O)NC(=O)NC(=O)C1Cc2ccccc2C1,10.8,0.4707733001338822,0.7782099358641514,0.19783464824002142
CN(C)/C=C(/O)C(=O)Nn1nc(CNC(=O)Oc2ccccc2)c2c1COC2,8.3,0.5039718603432483,0.7381977335963915,0.15439281731722335
Cc1cc(CNC(=O)N2CCCC2)ccc1-c1ccc(N2CCc3[nH]c(=O)ccc3C2)cc1,10.6,0.6357907120993643,0.8316178218788414,0.2802294901984416
COC1=C(F)C(O)=C(C(=O)c2cc3c(n2NC(C)=O)CCNC3)CN1NC(=O)c1ccc(F)cc1Cl,11.2,0.43033093048288,0.6960151774256003,0.1677294410017886
O=C(c1cc2c(n1N1CCCC1)CCNC2)C1Cc2ccccc2C1,10.1,0.8757784025119427,0.7687286106257878,0.3399841368624342
Cc1cccc(NC(=O)C(=S)NS(=O)(=O)c2ccc(N3C(=N)SCC3=O)c(OCCCO)c2)c1,8.9,0.3039145365388363,0.7811226682177738,0.10564056749266586
CCc1cc(=O)[nH]c(NC2CCC(=NNC(=O)NC(=O)SCCO)CC2)n1,8.8,0.4534330505788384,0.7261954734260048,0.14488365268612274
O=C1CCCC([C@H](NNc2ccc(C(F)(F)F)cn2)C(=O)N2CCCCC2)=CC=CC=CN1,0.0,0.5801641385562181,0.6484556771409878,0.0
CN(CC(=O)NCCC(=O)NC1CCCC1)S(C)(=O)=O,6.4,0.6590702613056537,0.8748808660391278,0.18451454751735188
CCNc1cc(-c2ccc(Br)cc2C(=O)c2c(C)cccc2C)nc(C)n1,9.1,0.5503220836254439,0.8401005341547498,0.21035827376695507
CC(C)C[C@H](C(=O)[O-])C(=O)NC(=O)[C@@H](/C=C(\[O-])Nc1c2c(nn1C)CCCC2)CO,8.8,0.32396780190570473,0.606094487089313,0.08639624344097574
COc1cc(-c2cc(N3C(=O)CCCc4sccc43)c(=O)n(C)c2)ccc1C(N)=O,10.4,0.6970602344039877,0.8000657057641326,0.29000087396723984
CCC(=O)Nc1nc(-c2cccc(C3=CCc4[nH]c(=O)ccc43)c2)cs1,10.7,0.7395633480557001,0.8098203815125847,0.32041870788122745
NC(=O)c1c(F)cccc1Oc1ccc(C(=O)C2Cc3ccccc3C2)c(Cl)c1,10.6,0.6047843972892891,0.8492048565414189,0.2722004990894258
CN(CC(C)(C)C(=O)C1Cc2ccccc2C1)C(=O)NCCC(=O)NS(=O)(=O)c1cc(Cl)ccc1Cl,10.0,0.489391388061453,0.7904149696968213,0.19341113958223935
CCc1nc(N)sc1C(=O)c1ccc([C@H]2CCCN(C(=O)NC)C2)c(OC)c1N,8.8,0.5074733534011496,0.7347506076775419,0.16406119610832806
Cc1cccc2nnc(C(=S)Nn3c(S)nnc3CNC(=O)N3CCCC3)n12,8.9,0.43185081078054227,0.7427761488836357,0.14274197454511187
Cc1c(Cc2ccc3c(c2)NC(=O)CC3)cc(C(=O)c2ccc(C(N)=O)cc2)n1C,11.1,0.6432704689938922,0.8232631416615683,0.29391738131932227
Cn1nc2c(c1-c1ccc(C3CN(C(=O)c4cccs4)C3)cc1)CCCC2,10.1,0.6837042033033593,0.8270628615709232,0.28556050920033305
O=C1Cc2ccccc2N1[C@H]1CNCc2ccc3c(c21)CCCC3,9.6,0.8748346956764883,0.7605326095411875,0.3193633507296049
CCC(=O)Nc1nc(-c2cccc(-c3ccccn3)c2)cs1,9.1,0.7847291527886815,0.8912139645860869,0.3182095186193023
C[C@H](NC(=O)N1CCOCC1)c1ccc(-c2cc2=O)cc1,8.6,0.9338576066175128,0.8353111238205676,0.33542650815498587
C=C(C#N)[C@@H](C=CC(=O)OC)OCOC(CCCC)c1cc(NC(=O)C(=O)N2CC[C@H](O)C2)cn(C)c1=O,7.9,0.13349534048770634,0.6075915737182008,0.032038704384334156
Cc1ccc(N[C@H]2CNCc3ccccc32)cc1C(N)=O,9.6,0.8087353663062296,0.8043924189096592,0.3122594868292115
Cc1cc(C(=O)c2ccc(CNC(=O)N3CCCC3)c([N+](=O)[O-])c2)ccc1O,10.2,0.4677977903725681,0.8597421597317622,0.20511459613245547
CC(=O)NC(=O)COCC(=O)NCCC(=O)CNC(=O)NC1CN(C(=O)c2cccs2)C1,7.9,0.3117817646456485,0.8062425375581826,0.09929182983144892
CC1=CC=C(c2ccc(F)c(O)c2)OC(C(F)(F)F)OC(CNC(=O)N2CCC(C)CC2)C=C1,10.1,0.5846411470902233,0.6032385151309282,0.1781024190148502
C[C@]1(C(=O)CNC(=O)c2ccccc2O)OC(NC(=O)N2CCOCC2)=CC=C(Cl)C=CNC1=O,0.0,0.43924834870534374,0.6319674044395492,0.0
C[C@H](NC(=O)N1CCOCC1)c1cccc2cccc(N3C(=N)SCC3=O)c12,9.1,0.8323931224006308,0.7530123033968695,0.2851950294059281
COc1ccc(C(=O)Nc2cccc(C)c2)cc1CNC(=O)N1CCC(C)CC1,9.7,0.7971600045748639,0.8874200535395427,0.3430966503606128
CC1CCN(C(=O)NCNCC(=O)N2CCCCC2)CC1,7.6,0.6004472630169251,0.8463898541400153,0.19312073911819333
CC/N=c1\scc(C)n1CCCC1CCC(=NNC(=O)Oc2cccc(F)c2C(N)=O)CC1,8.5,0.5599898815388245,0.7571913588929026,0.18020828723167964
C[C@@H](CCC(=O)NC1CCCC1)NC(=O)N(C)CC=O,6.5,0.6855967135231033,0.7843663885917296,0.17477168092035442
Cc1cc(=O)n(-c2ccc(S(=O)(=O)C3CN(C(=O)c4cccs4)C3)cc2)cn1,9.7,0.6493170419457469,0.8237985699881722,0.25942962855257035
CCc1nc(N)sc1C(=O)c1ccc(N2CCc3cc(F)ccc32)cc1,9.8,0.696568665822295,0.8372712671674704,0.28577629545607175
CC[N-]S(=O)(=O)[C@H](C)C(=O)CC(C)(C)CC(=O)C(=O)CNc1cccc(F)c1,7.1,0.5275173263601877,0.6639378595299256,0.12433474720762892
Cc1ccc(C(=O)c2ccc(N3CC[C@@H]3c3ccccc3)cc2)c(F)c1F,10.4,0.5741668663543438,0.8167434718847666,0.24385246073107064
Cc1cc(C(=O)c2cccc3c2CCNC3)ccc1O,9.0,0.8222055591070082,0.8552459732516036,0.31643459712510846
CNC(=O)N1CCC[C@H](c2ccc(OCc3ccc(CNC(=O)N4CCCC4)cc3)cc2)C1,9.2,0.696231354547978,0.8130042328023315,0.26037795759831517
CCc1nc(N)sc1C(=O)c1ccc(C)c(NC(=O)Oc2ccc(F)c(O)c2)c1,9.2,0.5359266605467108,0.8225356070104621,0.20277663008110416
O=C(Nc1nn(N2CCc3[nH]c(=O)ccc3C2)c2c1COC2)C1=CCCC=C1N1CCc2[nH]c(=O)ccc2C1,11.5,0.47009076279355066,0.6631091845824001,0.17923986387755617
CCCCCNC(=O)CCC1=CC(N2C(=N)SCC2=O)=C(c2ccc(F)cc2)C1,8.3,0.5848662229584257,0.7724495094494865,0.18748854521239114
Cc1ccc2c(c1)CC(=O)N2c1ccc(N2CCc3[nH]c(=O)ccc3C2)cc1,10.9,0.7504923321094139,0.8245894750944619,0.3372722026171035
Cc1ccc(Nc2ccc(SCC(O)=NCNC(=O)c3ccccc3Cl)c(C=S)c2)cc1C(N)=O,10.3,0.12359474414276589,0.7683727092278385,0.04890791662769876
Cn1nc2c(c1-c1ccc(C3=Cc4ccccc4OC=C3)cc1)CCCC2,10.7,0.6149052900202361,0.7945826495393652,0.26139729488962726
C=NC(=O)NC(C)(CO)COc1ccccccc(/C(C)=C/C(=O)NNc2nc(CC)cc(=O)[nH]2)cc1,9.0,0.18740090345603663,0.6422245014714282,0.054159053308806764
CCC(=O)NC(=O)N1CCN(c2csc(NC(=O)CC)n2)C[C@@H]1[C@H](C)NC(=O)N1CCOCC1,0.0,0.5367727616351282,0.6954992897244221,0.0
CCc1cc(=O)[nH]c(Nc2ccc(-c3ccc(N(C)C)c(C(=O)Nc4cccc(C)c4)c3)cc2)n1,10.1,0.33998805497105367,0.8287326255020405,0.14228839268492416
CC(=O)N1C(=O)N(C[NH+]2CCC[C@H]2C2CN(C(=O)c3cccs3)C2)[C@@H]1NC(=O)C(=O)N1CC[C@H](O)C1,10.3,0.3893334839960911,0.5539627649481089,0.1110732704398978
CCc1nc(N)sc1C(=O)c1ncc(C(F)(F)F)cc1-c1cccc(Cl)c1Cl,8.9,0.5065490272536057,0.7912035476690608,0.17834860740695727
Cc1noc(C)c1CNC(=O)c1ccc(C(=O)Nc2ccc3c(c2)CNC3=O)cc1,9.5,0.6051269777887576,0.8527963995801205,0.24512380127484967
C[C@@H]1CCN(C(=O)[C@H]([C@@H]2C[C@@H](O)NC2=O)C(C)(C)C(=O)N2C(=N)SCC2=O)C1,9.1,0.5973900939634844,0.5813754687293764,0.15802511538099964
CCC(=O)N(CC(=O)N(C)CC(=O)O)S(=O)(=O)[C@@H](C)C(=O)NC(=O)c1ccc(O)c(C)c1,9.5,0.42621036202725077,0.7311933339957569,0.14803003340726592
Cc1cc(F)cc(CNC(=O)c2ccccc2O)c1C(C)(C)C(=O)NCc1c(C)noc1C,10.5,0.5022026834716977,0.8070935590583286,0.21279538936520326
Cc1noc(C)c1CNC(=O)c1cccc(Oc2nnc3cccc(C)n23)c1,10.1,0.572997975100867,0.8201278796528665,0.23731546525425432
CC(=O)N1CCC(Cc2ccc(C(=O)NCc3c(C)noc3C)cc2OCCC(=O)O)CC1,9.5,0.5936210544935577,0.8296530016447277,0.23393725760754208
CNC(=O)N1CCC[C@H](c2ccc(C)c(N(C)C(=O)C(=O)c3ccc(C)c(F)c3F)c2)C1,10.0,0.5748104740215726,0.7500376555791728,0.21556475016874665
CC1CCN(C(=O)NCc2cncc(C(F)(F)F)c2)CC1,8.3,0.9122849469212903,0.8636640009127827,0.3269816819006771
Cn1nc2c(c1-c1cccc3c1CCNC3)CCCC2,9.1,0.8604971131800172,0.8110720534455697,0.31755594805976006
O=C(NC(=O)C(NCCC1=Cc2ccccc2OC=C1)c1ccccc1)Nc1ccccn1,9.8,0.5051741769705725,0.7497246514515515,0.1855833515382776
CCc1cc(=O)[nH]c(N[C@@H]2NC(=O)C(C3=NO[C@H](C)C3)NN(CC[S+]([O-])C(C)C)C2=O)n1,8.7,0.3618485189397957,0.5016093900379559,0.07895537746911496
Cc1ccc(C(=O)NC(=O)N/C=C(\[O-])C[S@+]([O-])CC2=CC=C=C[CH]2)c(F)c1F,8.7,0.4245778478061145,0.5551504577425237,0.1025314951522515
O=C(Nc1ccc(N2CCc3[nH]c(=O)ccc3C2)cc1)N1C=Cc2ccccc2C1,9.6,0.6867012216945538,0.8011886661370932,0.26408507320520247
CN1C(=O)N(c2ccc(NC(=O)N3CCCC3)cc2)C(=O)C1(C)C,8.7,0.8468395499410208,0.861409097924963,0.3173217523688162
O=C(NCC=Cc1ccc2c(c1)CNC2=O)C1=Cc2ccccc2C1,10.4,0.905450042554063,0.8015582691568162,0.3774009038371522
CCCCCC1(S(=O)(=O)NC(=O)NNc2ccc(C)c(C(N)=O)c2)C[S+]([O-])CCN1C(=O)C(=O)NC(C)(C)C,10.1,0.12104962273419531,0.6029409686066356,0.03685781727431589
O=C(Nc1ccc(N2CCc3cc(F)ccc32)c(-c2ccncc2)c1)C(=O)N1CC[C@H](O)C1,11.2,0.6041847195729467,0.7751394166754759,0.26226333901264554
C[C@H](NC(=O)NCC(=O)NNC(=O)O)c1cc(C2=Cc3ccccc3OC=C2)cn(C)c1=O,11.3,0.43292757153491396,0.7061303267265233,0.17272235745833106
Cc1cc(CNC(=O)c2ccccc2Cl)ccc1-c1ccnc2c1OCO2,10.3,0.7297339227483216,0.8482888970738818,0.31879797001006904
CC(=O)N1CCC(Cc2ccc3c(c2)CC(=O)N3)CC1,9.4,0.8946883447136196,0.8599512364094982,0.36161252367169294
CNCCC[C@H](NC[C@H](C)NC(=O)CNC(=O)Oc1ccccc1)NC(=O)[C@H](C)N(C)S(N)(=O)=O,7.2,0.12469323666737962,0.6751245836513148,0.03030604901611183
CC(=O)N1CCC(Cc2c([O-])oc(NCCNC(=O)N3CCCC3)c2S(C)(=O)=O)CC1,9.3,0.5799870630529435,0.7599170005339414,0.2049450436262125
CCc1nc(N)sc1C(=O)S(=O)(=O)c1cccc(NC(=O)C(=O)N2CC[C@H](O)C2)c1,9.4,0.5631996222488824,0.73494117234741,0.1945417376013697
CC(C)N(C(=O)CNC(=O)C(=O)N1CC[C@H](O)C1)C(=O)C1CCN(C2=NO[C@H](C)C2)CC1,10.1,0.5400456213852735,0.6625814004684443,0.18070121298782438
CNC(=O)N1CCC[C@H](c2ccc(NN3C(=O)CCCc4sccc43)cc2)C1,9.0,0.8224299785509935,0.7586122108042769,0.28075744091712745
Cc1sc(NC(=O)c2cccs2)c(-c2ccc(-c3ccnc4c3OCO4)cc2)c1C,9.6,0.41928228225781145,0.8077835218560866,0.1625708729347549
CS(=O)(=O)N(CC(=O)NC(=O)CC(=O)O)Cc1ccc2c(c1)NC(=O)CC2,8.9,0.5224569781470274,0.8129511137121787,0.18900573210183977
CCc1nc(N)sc1C(=O)c1ccc(N2CCc3cc(F)ccc32)cc1,9.6,0.696568665822295,0.8372712671674704,0.27994412616104986
CCCCCC1(NC([O-])=CCCC(=O)NC2CCCC2)OCCN1C(=O)N(CCC(C)C)c1ccccc1,8.1,0.26616302251888474,0.6799723006426179,0.07329831052110439
O=C1CCCc2sccc2N1c1ccc(N2CCc3[nH]c(=O)ccc3C2)cc1,10.6,0.7183733500261897,0.8062578233676884,0.30697289078545925
C[C@H](NC(=O)N1CCOCC1)C(=O)NN1C(=O)Cc2ccccc21,9.4,0.8174133355639006,0.784082338685283,0.3012320991160962
N[C@@H](C(=O)N1CCCCC1)c1ccc2c(c1)CNC2=O,8.6,0.841828930729798,0.7938076203424352,0.2873475947023562
O=C1CCc2ccc(C(=O)Nc3ccc(N4CC[C@@H]4c4ccccc4)cc3)cc2N1,9.0,0.6663227296642811,0.8146905199510258,0.244281064988421
Cn1ccnc(NC(=O)[C@@H]2OCCN(N3CCCNCC3)C2=O)c1=O,0.0,0.6165258883151055,0.7056813500120851,0.0
CCc1cc(=O)[nH]c(NN2N=C(C)/C(=N/N[C@H](N=CN(C)C)C(=O)NC)C2=O)n1,0.0,0.2326055679314437,0.6091342931692654,0.0
C=CC=C(NN=C(Br)C(C=N)=NS(=O)(=O)N1CCc2cc(F)ccc21)Oc1csc(NC(=O)CC)n1,9.3,0.15538185172936791,0.6597627656151885,0.047669549503870284
CC1=NN=C(C(=O)c2ccc(C(N)=O)cc2)SC(CNBr)=N1,8.7,0.5972171707550484,0.7216296171712064,0.18747177526051592
O=C(CCn1c(=O)[nH]c2ccccc12)NC1CCCC1,7.7,0.8913351388693483,0.8864545962680306,0.3041993303063858
CCc1cc(=O)[nH]c(N[C@H]2NC(=O)N(CC)C(C)=C2CN(C)C(=O)NCC(N)=O)n1,9.3,0.3807309473758896,0.6764528764217157,0.11975914319026121
Cc1noc(C)c1CNC(=O)C(=O)NCC(=O)Oc1ccc(-c2ccc(F)c(O)c2)cc1,9.9,0.30344868907676814,0.832231908580419,0.12500714242495953
O=C1CC2=CCCC=C2N1c1ccc(C(=O)N2COC3=CCCN32)cc1,10.1,0.8237918782686129,0.7036516041846494,0.2927295507122874
COc1cc(CCC=CCNC(=O)c2ccccc2O)ccc1Cc1c(O)c(=O)cc(C)n1C,9.0,0.421854015035541,0.7972211021914146,0.15133991527372842
Cc1cccc(NCc2ccc(C3=CC=C(N4CCc5[nH]c(=O)ccc5C4)C3)c(C)c2)c1,9.6,0.5828686915852735,0.778972819910239,0.2179386567943545
NC(=O)c1c(F)cccc1On1c(=O)[nH]c2c1=CCCC=2,8.6,0.8061530377019027,0.7362581114194592,0.2552207866129891
C#CC1=NCC(OC(F)(F)F)=C1CNC(=O)c1nc(-c2ccc(C)cc2)cc(C(F)F)n1,9.5,0.5334258131069004,0.7261953347609799,0.18400138503667388
CC1C=C(Nc2ccc(CC(=O)Nc3cccc(NC(=O)c4ccc(F)cc4Cl)c3)cc2)C=CC1,10.2,0.34137270020567767,0.7802924210409152,0.13584897066758903
CCc1nc(N)sc1C(=O)C(=O)CN[C@H](C)C(F)C(C)(C)C,6.8,0.5925365163857415,0.660460306640012,0.13305792876456063
CC(CCNC(=O)CN(COc1cccc(F)c1C(N)=O)S(C)(=O)=O)C(=O)N(NC=O)c1cccs1,7.9,0.17622870801343457,0.6853640441472606,0.04770842390747904
NC(=O)c1c(F)cccc1Oc1ccc(C(=O)Nc2ccccn2)cc1,9.4,0.7367823021100304,0.8916978783940814,0.308783991346016
Cc1cc(C(=O)c2cc(CC(C)(C)C)c(=O)[nH]c2C)ccc1O,9.6,0.8518202856444377,0.8280310999063681,0.3385601702614658
Cc1cc(=O)c(O)c(Cn2c(=O)c3c(=O)[nH]c(-c4ccnc5c4OCO5)nc3n(C)c2=O)n1C,11.5,0.3986861134341517,0.7369256142079535,0.16893615518572036
Cc1ncc(CNC(=O)c2cccc([C@H](C)Nc3cccc(-c4ccc5c(c4)NC(=O)CC5)c3)c2)s1,11.2,0.28842214718473114,0.7766895000100792,0.12544809384169567
CS(=O)(=O)N(CCNC(=O)c1ccccc1Cl)CC(=O)NN,7.5,0.34226507677612694,0.8602344176499721,0.11041057462591294
Cc1ccc(N[C@H](NC(=O)c2cccc(N)c2)C2CCC2)cc1C(N)=O,9.4,0.4729897468488436,0.7802498009830833,0.1734535732475491
CCc1nc(N)sc1C(=O)c1cccc(C(=O)c2cc(C)[nH]c(=O)n2)c1,9.2,0.6660833089847551,0.7975497148459181,0.2443678944464318
Cc1cc(C(=O)NCC(=O)N2CCCCC2)nc(=O)[nH]1,8.1,0.8015257738606478,0.8534134158966781,0.2770333036828557
Cc1cc(C(=O)N2C(=O)Cc3ccccc32)ccc1O,8.4,0.8072311085079238,0.8709812730395351,0.2952949349806456
Cc1ccc(Nc2cc(C)c(N3CCc4cc(F)ccc43)s2)cc1C(N)=O,10.9,0.6655106491000001,0.806724218365276,0.292601539223886
NC(=O)c1ccc(C(=O)c2ccc(OC(=O)C3Cc4ccccc4C3)cc2)cc1,10.4,0.41459104119784645,0.878972150105921,0.18949526902608826
CNc1ccc(OCC(=O)NS(=O)(=O)c2ccc3c(c2)CNC3=O)cc1,8.9,0.6899841569441748,0.8467865606485172,0.2599998434665224
CCNc1cc(-c2ccncc2C(=O)c2ccc(C(N)=O)cc2)nc(C)n1,9.4,0.6529879805875931,0.8417815058146688,0.25834640662161484
CNC(=O)N1CCC[C@H](CN(C)CCN(C(=O)C(=O)Nc2ccccn2)c2ccccc2)C1,9.2,0.6268121735941163,0.7684547272104056,0.2215713178208569
CNC(=O)C[C@H](O)C(=O)N(Cc1ccccc1)C1CCCC1,7.6,0.8356338935146848,0.8091645297692958,0.25694281647193634
CCc1nc(N)sc1C(=O)c1cccc(-n2cnc(C)cc2=O)c1,8.5,0.7363777678075635,0.815209111841395,0.25512829308151497
CCC(=O)Nc1nc(C(=O)CN[C@H](C)c2cccccoc(=O)c(C(=O)C(C)C(N)=O)c2)cs1,9.5,0.3405908021138657,0.6569548447861736,0.10628256933069868
O=c1ccc2c([nH]1)CC=C2C1C=CC=C1c1ccccc1,9.8,0.8908997371916311,0.7279332460395186,0.3177726134189325
CONC(=O)c1ccc(N2CCc3[nH]c(=O)ccc3C2)cc1,9.1,0.8360207079611974,0.836729150788773,0.31828291814146165
CCC1(C)C(=O)N(c2cccc(-c3ccc(C4=CC=CC4)cc3)c2)C(=O)N1C,11.0,0.6866398684865378,0.7591245697065091,0.28668485708949737
Cc1ccc(C(=O)c2cccc(-c3c4c(nn3C)CCCC4)c2)c(F)c1F,10.6,0.6252373402000532,0.8244977001466525,0.2732185769915996
O=C(c1cccs1)N1CC(c2ccc(-c3ccc(Nc4ccc(C(F)(F)F)cn4)cn3)cc2F)C1,8.7,0.32613224175145433,0.8155292066986216,0.11569711025156687
Cc1ccc(Nc2cc3c(C)cn(CNC(=O)N4CCC(C)CC4)c3cc2F)cc1C(N)=O,11.3,0.5277026483617833,0.8043173829156307,0.23980883339471826
Cc1cccc2nnc(-c3coc(-c4ccc(-c5ccc6c(c5)NC(=O)CC6)c(Cl)c4)c3)n12,10.5,0.35354920173028453,0.7880062834173029,0.1462644710418338
CC1=NN(NC(=O)C(=O)N2CC[C@H](O)C2)C(=O)/C1=N\N,7.8,0.26942566346110763,0.6724218353671766,0.07065540265661953
O=C1CCCc2sccc2N1C1=C(c2ccccc2)C(N2CCc3cc(F)ccc32)=C1,11.7,0.5163588159847218,0.7825059564796059,0.23637150177544886
NC(=O)c1ccc(C(=O)C(=O)c2ccc(N3C(=O)Cc4ccccc43)cc2)cc1,11.1,0.5398871780434679,0.8684971642337267,0.26023421814098
CN(CC(=O)NN1C(=O)CCCc2sccc21)C(=O)NCCN([O-])CC(C)(C)C,7.6,0.650502164051313,0.7380791221029646,0.18244638514424724
CC(=Nc1cc(F)c(-c2ccc3c(c2)CNC3=O)c(F)c1)C1=CCc2[nH]c(=O)ccc21,10.4,0.6240119629471452,0.7356955092345433,0.23872305540140043
Cc1cc(=O)n(COC(=O)c2sc3ccccc3c2N2C(=N)SCC2=O)cn1,9.2,0.6581006329745293,0.7619560588154761,0.23066413171841152
COC(C)(C)CNC(=O)C1(NC(C)=O)CCN(C2=Cc3ccccc3OC=C2)CC1,10.0,0.7489284248919562,0.7445770610754879,0.2788174627809735
CCNc1cc(-c2ccc(-c3ccc(F)c(O)c3)cc2OCO)nc(C)n1,9.4,0.5741432185537781,0.8233122750454379,0.22216860495062796
Cc1cccc2nnc(C(=O)[C@@H](COS(=O)(=O)c3ccccc3)NC(N)=O)n12,8.6,0.43516483672146056,0.7483430676966721,0.14003061321231947
CCc1nc(N)sc1C(=O)c1cc(N2C=CC=CC=C(C3CN(C(=O)c4cccs4)C3)CCC2=O)ccc1Cl,10.7,0.3549730643487154,0.6875510574124046,0.13057322657404624
C[C@H](NC(=O)N1CCOCC1)N1CCC(N(C)C(=O)CCNc2ccc(C(F)(F)F)cn2)CC1,10.0,0.614503023880939,0.7462963255305595,0.22930067437488122
C[C@H](C(=O)NNC=O)C(=O)[C@H](C)NC(=O)N(C)CC(=O)N1C(=N)SCC1=O,8.0,0.20811830104769471,0.6410287918251808,0.05336392923092521
CSC1=C(C(C)C)S/C(=N\C(=O)NC(=O)[C@H](CC(C)C)C(C)(C)C(=O)c2nnc3cccc(C)n23)C1=O,9.4,0.4568762251372003,0.6179202002936403,0.1326871328167051
CCC(=O)NNC(=O)N1CCNC(=O)C[C@H]1C(=O)c1ccc(C)c(F)c1F,9.5,0.5307925213124866,0.7373446022612394,0.18590407524243804
CC(=O)NN1CCN(N2CCc3cc(F)ccc32)CC1=O,8.6,0.8515850820645336,0.7709965729579206,0.28232474733715335
Cc1cccc(NC(=O)C2CCCC2NC2=C(CN3CCc4[nH]c(=O)ccc4C3)CC=C2F)c1,11.0,0.6076560842280856,0.6827009240299662,0.22816605360721978
O=C1CCCc2sccc2N1c1cccc(CCc2ccccc2)c1,9.9,0.6071032297721981,0.8681564692536463,0.26089499523360077
CNC(=O)c1cc(-c2ccc(-c3ccc(CC(=O)N4CCCCC4)cc3)cc2C)ccc1C,8.9,0.5652887676196201,0.8711374106677121,0.2191376660201456
CCc1nc(N)sc1C(=O)C1(NC(C)=O)CCNCC1,7.1,0.7116672888305933,0.7645041501624122,0.19314577152526635
CCc1ccc(-c2cc(C(F)F)nc(N3CCc4cc(F)ccc43)n2)c(C)c1,10.7,0.5713651654650169,0.8214214921163523,0.2510924203163757
CCC(=O)Nc1nc(N2CCc3c(cccc3-c3cccccnc4c5ccc(O)cc5ccn4c3=O)C2)cs1,11.7,0.2978461879688688,0.7343431170530119,0.12795195937411857
CCC(=O)N[C@H]1CCCC[C@@H]1NC(=O)[C@H](C)S(=O)(=O)NC(=O)c1ccc(F)cc1Cl,9.4,0.5720123178472579,0.7207287935180453,0.193764901428172
Cc1cc(C(=O)c2c(C)cc(Cc3c(O)c(=O)cc(C)n3C)cc2S(C)(=O)=O)nc(=O)[nH]1,9.0,0.5509722736813731,0.7517653368177466,0.18639083560559272
Cc1cccc2nnc(-c3ccc(-c4ccnc5c4OCO5)cc3)n12,9.9,0.5628408799261838,0.8152810014781786,0.2271423707482438
Cc1cc(C(=O)c2ccc(NS(=O)(=O)N3CCc4[nH]c(=O)ccc4C3)cc2)ccc1O,11.1,0.5273323808088116,0.8200628068794271,0.24000734816228916
CNC(=O)CCNC(=O)NCCOC(=O)CCCCC(C)(C)CC(=O)c1c2c(nn1C)CCCC2,7.7,0.20808424155747005,0.7745818985657466,0.06205364045157145
COc1cc(OC(=O)N2CCc3[nH]c(=O)ccc3C2)ccc1C(=O)NCc1c(C)noc1C,10.0,0.6088264041769975,0.8094242786613063,0.24639943651546156
COc1nc2ccc(C)cc2c(=O)n1-c1nc(C(F)F)cc(N2C(=O)CCCc3sccc32)n1,11.1,0.42484952190125996,0.7588822290470153,0.17893796746544272
Cn1nc2c(c1-c1cc3c(n1C)CCN(c1ccc(OC(F)F)cc1)C3)CCCC2,8.8,0.6343738640785759,0.782784161339565,0.21849423779413438
Cn1cc(N2C(=O)Cc3ccccc32)cc(-c2nc3cc(F)c(F)cc3cc2Cl)c1=O,11.3,0.45438179854581023,0.7930021525911867,0.2035840455549716
O=C(C(=O)c1c(F)cccc1On1c(=O)[nH]c2c1=CCCC=2)c1cccs1,8.9,0.5356937945758071,0.725219415273631,0.17288051550825087
NC(=O)C1=CCc2ccc(-c3ccccc3N3CCc4[nH]c(=O)ccc4C3)cc2N1,11.9,0.6326439839463267,0.7797147331735049,0.2935026919062373
Cc1nc2c(cc1CCC1CN(C(=O)c3cccs3)C1)CNC2=O,9.4,0.9287637679370038,0.7914480393756692,0.34548208369314337
CCCC[C@H](Nc1ccc(C)c(C(N)=O)c1)c1ccsc1C(=O)N1C(=N)SCC1=O,10.0,0.5289937534162765,0.7147765528939867,0.18905616578466886
CNC(=O)c1cc(-c2ccc(-c3c4c(nn3C)CCCC4)c(C)c2)ccc1C,10.6,0.7287149909463858,0.8374855622234606,0.3234527904635009
Cc1noc(C)c1CNC(=O)NC(=O)N1CCc2cc(F)ccc21,9.7,0.8839264064304565,0.8317742094303731,0.3565851861331119
CC1=NN(c2ccc(F)c(O)c2)C(=O)/C1=N\N[S+]([O-])c1cc(F)ccc1F,9.5,0.6112427349090777,0.6751950878363826,0.19603634374098555
C[C@H](NC(=O)N1CCOCC1)N1CCN([C@H]2Cc3ccccc3CC[C@@H]2CNC(=O)Oc2ccccc2)CC1,10.1,0.5535924382461048,0.6982123708018498,0.19519516982672372
Cc1cccc(C)c1C(=O)c1ccc(C(=O)N2CC[C@@H]2c2ccccc2)cc1,10.1,0.5985771870657616,0.8402346110891771,0.25398736134043215
Cc1cc(C(=O)[C@H]2CC[C@@H]3CC=C(CNC(=O)N4CCCC4)N3C2=O)nc(=O)[nH]1,9.2,0.5779998693505843,0.6615683783293884,0.17589776067079765
CCOC(=O)CCC(=O)N1CC[NH+](CCOCNC(=O)N(C)CC(=O)NC(=O)c2ccc(C)c(F)c2F)CC1,8.1,0.17438816938757612,0.6988855577583304,0.04936033607670058
Cc1cc(C(=O)C2=NC[C@H](CNC(=O)Oc3ccccc3)O2)ccc1-c1ccnc2c1OCO2,10.0,0.5617107165755217,0.7156478357747011,0.20099352932436435
C[C@H](NC(=O)N(C)CC(=O)CNC(=O)N1CCCC1)C(=O)CN1CCCC1=O,7.7,0.5786719385729255,0.7517296785217444,0.1674768750858973
O=C(NCc1ccc(C(=O)Nc2ccc(N3C(=O)Cc4ccccc43)cc2)cc1)Oc1ccccc1,9.4,0.3866950205685604,0.8691005897910128,0.15795612910933035
Cc1ccc([N+](=O)[O-])cc1/C([O-])=C/NC(=O)NC(=O)Nc1ccccn1,10.2,0.4290002697704318,0.7799221507433539,0.17063927466510545
CCC(=O)Nc1nc(NNC(=O)C2CN(C(=O)c3cccs3)C2)cs1,8.4,0.6638737471435415,0.8139290323662094,0.2269453689828664
O=C(NCc1ccc2c(c1)CNC2=O)NC(=O)N1CCOCC1,9.9,0.7241295068265534,0.8352797299648343,0.29940109596621783
Cc1ncc(CNC(=O)C2CCC(=NNC=O)CC2)s1,7.2,0.6350818297755012,0.7783361216996469,0.17795056620577643
CCCN(Nc1ccc(S(=O)(=O)N2C(=N)SCC2=O)cc1)C(=O)C1Cc2ccccc2C1,10.0,0.5997798048555418,0.7621969004175456,0.2285751540969672
CCCCCCCCn1c(NC[C@H](C)NC(=O)NC(=O)N2CCOCC2)cccc1=O,7.9,0.46374906359070084,0.756069740670854,0.13849752052692216
C[C@H](C[C@@H](NC(=O)c1c2c(nn1C)CCCC2)C(F)(F)F)C(=O)N(C)C,8.6,0.8580976447313449,0.6903438807864829,0.25472445700775825
O=C(CNc1cccc(F)c1)c1ccc(ON2CCc3cc(F)ccc32)cc1,9.4,0.6340647627322651,0.835069247174234,0.24885935251503472
O=C(C1=CCC2=C(CCNC2)N1NC(=O)c1ccccn1)c1ccc2c(c1)CNC2=O,11.8,0.6569716833877479,0.7358618107108447,0.2852298197888414
COC1=CCCN1NC(=O)C=Cc1ccc(-c2ccc3c(c2)CNC3=O)cc1,8.7,0.788724173789162,0.7769053345436547,0.2665523478736464
O=C(NCn1nc2c(c1NCC(=O)N1CCCCC1)CCCC2)c1ccccc1O,9.9,0.6772819290798124,0.812565131051489,0.2724161613334638
CC(C)(C)C(=O)N1CCC(O)(N2CCN(N3C(=N)SCC3=O)C(=O)C2)CC1,7.7,0.6743922870491194,0.6961671305720311,0.18075355119163455
Cc1cc(=O)n(-c2cc(-c3cccc(N(C)C)c3)c(C)[nH]c2=O)cn1,9.1,0.7963847535732913,0.811026637080336,0.29387960807323227
Cc1cc(=O)c(O)c(Cc2ccc(Cl)ccc(=O)n3c(C)c(Oc4cccc(F)c4C(N)=O)sc3n2)n1C,10.0,0.3793566138881688,0.6977836144712395,0.13235441460622843
C[C@H](O)C(=O)Nc1ncc(C(F)(F)F)cc1C1=CCCC=C1,8.6,0.9010188308913465,0.7318787729454743,0.28355771923201556
CCNC(=O)[C@@H](Cc1c(O)c(=O)cc(C)n1C)S[C@@H](C)C(=O)N1CCc2[nH]c(=O)ccc2C1,10.2,0.5463487193168081,0.6653979814091496,0.18540506083922786
CC[C@@H](c1cccc(N2C(=O)CCCc3sccc32)c1)N(C)C(=O)Nc1ccc(C)c(C(N)=O)c1,11.1,0.45897694515314413,0.7536961949812606,0.1919906933160563
C[C@@H](CO)[NH2+][C@H](C)C(=O)N[C@@H](C(=O)Nc1nccn(C)c1=O)C1CCC1,7.6,0.4373480855235078,0.6326366026269642,0.1051393146565796
Cc1cc(C(=O)NC(=O)[C@H](C)S(=O)(=O)C=O)nc(=O)[nH]1,7.1,0.6324934106263412,0.6977104283980773,0.15666052321290827
Cn1ccnc(NC(=O)C(=O)Oc2ccc3c(c2)NC(=O)CC3)c1=O,9.5,0.45731136348520884,0.8105696917068688,0.17607429718427042
NC(=O)c1ccc(=O)n(CNCC(=O)N2CCCCC2)n1,8.0,0.7158794038052066,0.833265673349055,0.23860709337938626
CC1CCN(C(=O)NCc2ccc(C3=Cc4ccccc4OC=C3)cc2[N+](=O)[O-])CC1,9.3,0.5592784465404446,0.7989808907070033,0.2077865479871028
Cc1cc(NC(=O)N2CCOCC2)cc(Nc2ccc(C)c(C(N)=O)c2)c1,10.7,0.7727501000523923,0.867484339822766,0.35863650655968027
Cc1ccc(Nc2ccc(C)c(C(N)=O)c2)c(C(=O)c2c(C)cccc2C)c1,10.5,0.6195661045030407,0.8724727547777417,0.2837911366304081
Cn1ccnc(NC(=O)c2ccc(C(=O)c3ccc(C(N)=O)cc3)c([N+](=O)[O-])c2)c1=O,10.8,0.34309238439220824,0.8498133743106435,0.15744482831553852
CC(=O)N1CCC(Cc2cccc(Nc3ccc(C)c(C(N)=O)c3)c2)CC1,9.8,0.8493177384812344,0.8727246232235757,0.363198046623436
Cc1ccc(C(=O)C2(NCC(=O)N(C)CC(=O)N[C@@H](C)C(C)C)CCCCC2)c(F)c1F,8.8,0.5645835653730559,0.7386652890790599,0.18349684431125288
CC1CCN(C(=O)NCC(C)(C)CN(C)C(N)=O)CC1,7.1,0.8195452556733523,0.8208360936905821,0.2388128758256952
O=C1CC=CC=CC=C(c2cc(C(F)F)nc(CNC(=O)Oc3ccccc3)n2)CN1,9.4,0.76027633383974,0.7066236398615506,0.25249773824966326
Cc1c(-c2ccc(F)c(O)c2)ccc([Si](C)(C)C)c1Cc1c(O)c(=O)cc(C)n1C,0.0,0.6108997738740275,0.7605208339692608,0.0
CCC(=O)Nc1nc(C2=C(C(=O)Nc3cccc(C)c3)CC(c3ccccn3)=C2)cs1,10.8,0.5715188072475486,0.8047452813725177,0.24836061420798167
O=c1ccc2c([nH]1)CCN(c1ccc(NC(F)(F)c3ccc(Nc4nccc(C(F)F)n4)nc3)cc1)C2,11.2,0.23819673419483584,0.7481748274725092,0.0997991682860124
Cc1ccc2c(c1)CC(=O)N2c1ccc(C(=O)Nc2ccc(C(N)=O)cc2)cc1,9.5,0.7190604654874995,0.8837875957534265,0.301860941997405
Cc1noc(C)c1CNC(=O)c1ccc(Cc2c(O)c(=O)cc(C)n2C)nc1,9.8,0.6975395600040241,0.798505522010509,0.27292470333715707
Cc1cccc(NC(=O)C(C)(C)CN(C)C(=O)NC(=O)C2CCCC2)c1,9.3,0.846388042477782,0.8360058723034841,0.3290271987978776
O=S(=O)(N=c1cncccc(F)[nH]nc1Br)N1CCc2cc(F)ccc21,9.8,0.7691234465482834,0.6842523358150703,0.2578745122670921
NC(=O)c1ccc(C(=O)c2cccc(-c3ncccc3NC(=O)c3ccc(F)cc3F)c2)cc1,12.0,0.41296177520763244,0.8641075495598359,0.21410603258192823
NC(=O)C1=C(N2Cc3ccccc3[C@@H](C=O)C2)C(=O)C=C1,7.9,0.825952598859919,0.7023507587618975,0.22914283163169696
CC1=CS(=O)(=O)NC1=NCNC(=O)c1ccccc1O,8.4,0.7456603151707748,0.7367413529596151,0.23073069156782808
NC(=O)c1ccc(=O)n(Cc2ccc(C3CN(C(=O)c4cccs4)C3)cc2)n1,9.9,0.7119182692461065,0.846678940996586,0.29836927210930086
CCN(C)c1nc2ccccc2n1-c1ccc(N2CCc3cc(F)ccc32)c(N(C)C)n1,10.8,0.4559374628459602,0.789071199281075,0.19427424512671754
CC1=C(N2CCc3cc(F)ccc32)S(=O)(=O)N/C1=N\CC(=O)NC[C@@H](C(C)C)[NH+]1CCC(C#CC(=O)NO)CC1,10.1,0.17155145216078935,0.5447011510817354,0.04718935809817124
Cn1c(-c2ccc3c(c2)CNC3=O)cc2c1CCNC2,9.2,0.8238128539279127,0.7864500869842111,0.29802833768994635
Cc1nc2ccc(SC(=O)C3Cc4ccccc4C3)cc2n1Nc1ccc(C(F)(F)F)cn1,10.4,0.3914152403032032,0.7710050047757319,0.156927216794018
CNC(=O)c1cc(NC(=O)CN(C)C(=O)NC)ccc1C,7.5,0.75726857949103,0.8780291581693194,0.2493389600094695
O=C(CC(c1ccccc1)c1ccc2c(c1)CNC2=O)c1ccc(-c2ccccn2)cc1,11.4,0.42681898680587915,0.8019490632959365,0.19510363939956046
Cn1nc2c(c1N1C(=O)Cc3ccccc31)CCCC2,8.1,0.7959805863306197,0.8200723681513199,0.2643684821960241
Cc1cc(=O)c(O)c(CS(=O)(=O)NC(=O)c2ccc(I)c(Cn3nc(C(N)=O)ccc3=O)c2)n1C,10.0,0.31047828394629934,0.7610487738926569,0.11814455865881365
O=C1CCc2ccc(N3CCO[C@@H](c4c(Br)cccc4[N+](=O)[O-])C3=O)cc2N1,10.7,0.5758216084840976,0.7452020770093327,0.2295703503666243
CCCCCCN(C(=O)O[C@@H](C)N(C)C(=O)N[C@H](C)CNC(=O)N1CCCC1)C(C)(C)C,7.4,0.38470734080532754,0.6982716427842681,0.09939318393646225
O=C(CNc1cccc(F)c1)c1ccc(-c2ccc(C(=O)C3Cc4ccccc4C3)cc2)cc1,9.5,0.33286992266936016,0.8624824427222288,0.13636987040599885
CN(CC(=O)NC(=O)[C@H](O)CO)C(=O)NCCNC(=O)Oc1ccccc1,7.6,0.3392792070242284,0.7857119277532225,0.10129877352308464
Cc1cc(C(=O)C2(C)C3CCN(C(=O)c4ccc(C)c(F)c4F)CC3C(=O)N2C)ccc1O,11.4,0.7177924175747459,0.6746299245526726,0.27601921937237084
Cc1cc(=O)c(O)c(Cc2ccc(C(F)(F)F)cn2)n1C,8.3,0.9260059791239577,0.8049923449825062,0.3093525057101688
CC1=C(N2C(=O)Cc3ccccc32)S(=O)(=O)N/C1=N\[C@@H]1CSC(SC(=S)SCSC(=O)N(C)C(=O)CO)=[NH+]1,9.4,0.310401364905909,0.5318814744317917,0.07759546574694388
C[C@H](NC(=O)N1CCOCC1)[C@H]1C[C@@H]2CC(C)(c3ccc4c(c3)CNC4=O)CN2C1,11.3,0.7928426927206288,0.6432494200642562,0.2881475152965212
CC(C)N(CCSC(=O)CNC(=O)NN1C(=N)SCC1=O)S(=O)(=O)NC(N)=O,6.7,0.2795411262681243,0.6960576509626378,0.06518320779870965
Oc1cc(-c2ccc(NC3=Cc4ccccc4OC=C3)cc2)ccc1F,10.6,0.6530951976275204,0.8186578794882932,0.28337061068467884
Cc1cc(C(=O)N2C(=O)CN(N3CCCCNCC3)C[C@@H]2C)ccc1O,9.4,0.7658563009912172,0.7282799438235001,0.26214615841549593
O=C(NCc1ccc(Nc2ccc(C(F)(F)F)cn2)cc1)c1ccccc1O,9.7,0.6035502180063603,0.8834787462546192,0.2586135381043912
O=C1NC(O)c2cc(C3=CCc4[nH]c(=O)ccc4C3)ccc21,10.6,0.7409896934160415,0.6995006044473058,0.2747110513698848
CNC(=O)c1cc(C2=CC=CC2c2ccc(C3=CC=CC3)cc2)ccc1C,10.3,0.7795014922586746,0.746313670916504,0.2996025993888191
CNC(=O)c1cc(C2=NCC(c3ccc(F)cc3)C=C2C)ccc1C,9.6,0.9033292410470777,0.7659189231431793,0.33210094058233114
COc1ccc(C(=O)c2ccc(O)c(C)c2)c([O-])c1CNC(=O)c1ccccc1O,10.0,0.5416983571535683,0.8256137904104099,0.22361681695432475
NC(=O)c1ccc(=O)n(CC(=O)CCC(=O)NC(=O)C2Cc3ccccc3C2)n1,9.8,0.6609749092488547,0.8183373259088478,0.26504121546650006
C=C([C@@H](C)N(C)c1ccc(ON2CC[C@@H]2c2ccccc2)nc1)N1CCc2cc(F)ccc21,9.8,0.48964985010225365,0.681218008399703,0.1634435648929365
CCN(C)C(=O)NN1CCC2=C(C1)[C@H](C(=O)NCc1cnc(C)s1)[NH+]=N2,8.2,0.6436598969636321,0.6183248331807182,0.16317626835021398
Cc1noc(C)c1CNC(=O)n1c(=O)[nH]c2ccc(CCc3ccc4c(c3)CNC4=O)cc21,11.9,0.4360357692148446,0.7850280816988087,0.20366869245798236
CC1CCN(C(=O)NC[C@H]2COCC[NH2+][C@H](C)C(=O)N2C(=O)NN2CC[C@@H]2c2ccccc2)CC1,10.7,0.5785551604622292,0.5643865762212286,0.17469288990009452
CCC(=O)Nc1nc(OC2=CCC(NC(C)=O)(C(=O)NCC(C)(C)OC)CC2)cs1,7.8,0.544605069845761,0.6791347933605434,0.14424549811339402
Cc1noc(C)c1CNC(=O)C(C)(C)C(=O)NC(=O)c1ccc(S(C)(=O)=O)cc1,9.7,0.6709959228916581,0.8244710415758968,0.2683101031082377
CNC(=O)N1CCC[C@H](C(CC=O)c2ccccc2)C1,7.3,0.8571636953226623,0.7603900717157851,0.23789924877187682
COCNC(=O)C(=O)C(=O)N/N=C1\C(=O)N(C(=O)c2ccc(O)c(C)c2)N=C1C,8.9,0.17662165455363338,0.7563034373852155,0.059442906182731785
C[C@@H]1CC([C@H](NC(=O)N2CCCC[C@@H]2C(=O)NCC(=O)O)C2CCC2)=NO1,8.4,0.6368694675113608,0.6848256636940376,0.18318071342547312
COc1cc(C(C)(C)C)c(C(=O)N[C@@H](C)CCCCN2CCOCC2)c(C)c1C,8.7,0.6589384681798311,0.7842174479891292,0.2247867040955661
CCc1nc(N)sc1C(=O)c1cc(C(C)(C)O)c(CNC(=O)c2ccccc2Cl)cc1C=O,9.7,0.3252675440713688,0.7827301402549097,0.12347940453980598
NC(=O)c1c(F)cccc1Oc1cc2c(cc1NC(=O)N1CCOCC1)OCCCO2,10.1,0.7699323974055067,0.8300588509490086,0.3227400465549093
CCc1nc(N)sc1C(=O)c1cc(CC[NH+]2CCN(C(=O)COC(=O)c3ccccc3)CC2)c(C)[nH]c1=O,10.1,0.26835826392861706,0.704745480474513,0.09550775819409811
O=C(CCc1ccc(NC(=O)C(=O)N2CC[C@H](O)C2)cc1)NC1CCCC1,8.6,0.6757961965818077,0.8198229923642872,0.2382343018473437
O=C(NCN1CCN(N2CC[C@@H]2c2ccccc2)C(=O)C1)Nc1ccc(Cl)cc1Cl,9.6,0.7341691143213357,0.7509387595021724,0.2646317011071707
O=C(CNC(=O)Oc1ccccc1)Nc1ccc2c(c1)CNC2=O,9.0,0.7962495376927325,0.8730095843950146,0.3128100650891347
CCO[C@@H](CC(=O)N[C@@H](C)CNC(=O)c1sc(N)nc1CC)C(=O)NCc1cc(Cl)cc(Br)c1OC,8.1,0.27501807628234093,0.6972883088451307,0.07766559017166563
CC1CCN(C(=O)NCc2cc(CNC(=O)c3ccccc3Cl)ccc2Br)CC1,10.2,0.6369430363116749,0.8737283086990176,0.28382273254565055
CCCCCC1[C@H]2C[C@H](N3CC[C@@H]3c3ccccc3)[NH+](C2)C(=O)NC[C@H](N2C(=N)SCC2=O)CC1(F)F,9.3,0.46818903302805526,0.38818870262450805,0.08451174739109543
CCc1cc(=O)[nH]c(NC2=NC(C)=C(NC(=O)c3ccc(F)cc3Cl)NC(=O)[C@H](c3cccc(C)c3)C(S)=N2)n1,10.0,0.2890248079245799,0.6258787955464591,0.09044724933344138
Cc1noc(C)c1CNC(=O)NC(=O)N1CCC2=CC(F)=C(N)C21,8.9,0.7551125471817208,0.6981219657249099,0.2345864918230108
CCc1cc(=O)[nH]c(NC2=C(C)/C(=N/N[C@@H](C)N=CSC)C(=O)C2)n1,8.3,0.3864470219146714,0.5861013980595674,0.09399631302536025
CSC=N[C@H](C)N/N=c1/c(C)c1C(=O)C1Cc2ccccc2C1,0.0,0.3839625424206143,0.6549114788836624,0.0
CC(=O)NC1(c2ccc3c(c2)CNC3=O)CCNCC1,9.0,0.7405620233116664,0.7880276196753554,0.2626124978035159
CC1=C(c2ccc3c(c2)CNC3=O)[C@@H](c2ccccc2)n2c(sc(=CNC(=O)N3CCOCC3)c2=O)=N1,10.0,0.5527878760713849,0.7128410319023224,0.19702494000090956
Cc1ccc2c(c1)CC(=O)N2c1ccc(C(=O)Nc2ccc(C(=O)C(=O)N3CCCCC3)cc2)cc1,8.9,0.42410403368164723,0.8491750419408047,0.16026165946205037
C=C(C=CC1=CCc2[nH]c(=O)ccc21)NC(=O)c1c(O)cn(C)c(=O)c1C1=CC=C(C)C1,11.3,0.6358580545452508,0.6683465153219917,0.24011003597202774
O=C1NCc2cc(C3=C(C(=O)c4cc5c(n4N4CCCC4)CCNC5)C(c4ccccc4)C=C3)ccc21,12.3,0.5288506854724077,0.6693300774704899,0.21769503722070452
NC(=O)c1ccc(=O)n(Cc2ccc(C(=O)CNc3cccc(F)c3)cc2)n1,9.6,0.6082590714082766,0.8644771883188841,0.2523965240738315
Cc1cc(=O)n(-c2nc(Sc3ccc(C4CN(C(=O)c5cccs5)C4)cc3)cs2)cn1,8.9,0.43471079314959166,0.7838135614070898,0.15162583565750357
Cc1ccc(Nc2csc(C(=O)C(=O)c3ccc(C)c(F)c3F)c2)cc1C(N)=O,10.3,0.45740716593172603,0.803192072443763,0.1892036919209956
Cc1cccc(NC(=O)c2cc(-c3ccc(Oc4c(F)ccc(F)c4F)cc3)c(=O)n(C)c2)c1,9.2,0.3786776787457322,0.8444411831630748,0.1470946724556467
O=C(Cc1ccccc1)NCc1ccc(-c2nc3ccccc3[nH]c2=O)cc1,9.8,0.5657719487795451,0.8984959096716284,0.24908845307483
CCNc1cc(-c2ccc(Oc3cc(Br)ccc3-c3ccccn3)cc2)nc(C)n1,9.1,0.35524733943892184,0.8497368375059539,0.13734937158999128
C[C@@H]1CC(Sc2ccc(N3C(=O)CCCc4sccc43)cc2)=NO1,8.0,0.7615086579385457,0.7207458551687994,0.21954168355374476
CCC(=O)Nc1nc([C@]2(C(=O)Nc3ccc4c(c3)CNC4=O)C(=O)N[C@H]3C(=O)N(C)C(=O)[C@H]23)cs1,11.9,0.3263432748205987,0.6393509403439981,0.1241454883807363
CCc1nc(N)sc1C(=O)c1cccc(C(=O)N(CC)C(=O)[C@H](C)NC(=O)N2C=CC=CC2)c1,9.5,0.5857794012192435,0.694770426658994,0.19331654714374333
CC(C)CNC(=O)CS(=O)(=O)NC(C)(C)C(=O)C(=O)C1CC2=CCCC=C2C1,8.7,0.5618763890055203,0.7261273668323537,0.1774773129327246
O=C(CNc1cccc(F)c1)c1ccccc1OCC1=CCCC=C1,7.5,0.7393241149551886,0.8346307665224642,0.2313984947900968
C[C@H]1C(=O)N(C)C(=O)C1(NC(C)(C)C(=O)CCC(=O)NC1CCCC1)C(C)(C)C,8.7,0.6308713363319268,0.671902337053591,0.18438950748877148
COc1cc(C(=O)NCc2cnc(C)s2)ccc1-c1c2c(nn1C)CCCC2,10.1,0.7144339956236648,0.8217955719605587,0.2964949405011166
Cn1ccnc(NC(=O)N2CCCC[C@@H]2CCC(=O)NC2CCCC2)c1=O,8.7,0.8226597016635208,0.7842325827738775,0.2806430960221131
Cc1cc(-c2ccc(F)c(O)c2)ccc1N1CCc2cc(F)ccc21,10.6,0.6821438837798617,0.8644859647296206,0.3125430211305373
Cc1nc(N)c(-c2ncc(C(F)(F)F)cc2C(=O)C2Cc3ccccc3C2)c(C)c1[N+](=O)[O-],11.2,0.3406480343959255,0.7754889436737132,0.14793451924060488
Cc1cccc(NC(=O)c2cc(F)ccc2-c2ccc(C(=O)NCc3c(C)noc3C)cc2)c1,10.6,0.39542315349516,0.8662203700726564,0.1815375028886134
CC1CCN(C(=O)NCOc2cc(C(=O)Nc3nccn(C)c3=O)ncn2)CC1,9.2,0.7014353860393071,0.7937564512881357,0.2561136769020226
CCNc1cc(-c2ccc(-c3csc(NC(=O)CC)n3)c(N)c2)nc(C)n1,8.6,0.557716943461906,0.8296153114826849,0.19895692178080765
Cn1ccnc(NC(=O)N2C(=O)N[C@](CC3CCCC3)(Cn3nc(C(N)=O)ccc3=O)C2=O)c1=O,10.3,0.4584940315032835,0.6842656264334609,0.16157182842653758
CNC(=O)c1cc(S(=O)(=O)Cn2cnc(C)cc2=O)ccc1C,8.3,0.8845116490062278,0.833640411219064,0.30600633174432573
O=C(NCC=CC1=CCc2[nH]c(=O)ccc21)NN1C(C(=O)C2Cc3ccccc3C2)=CCC2=C1CCNC2,11.2,0.47930216890763805,0.6707224301056682,0.1800280806714031
COC1=NC(C)=CC(=O)C1Cc1c(O)c(=O)cc(C)n1C,7.9,0.883734150545738,0.6697819610342015,0.2338041309922404
CC(=O)Nn1c(C(=O)C2CC3=CCC4NC(=O)CCC4=C3C2)cc2c1CCNC2,11.3,0.6809805893929181,0.6032502517894575,0.2321029672884812
Cc1ccc(C(=O)c2c(C)cccc2C)cc1CNC(=O)c1ccccc1Cl,9.8,0.5895180800109718,0.8888908776804799,0.2567684493392374
C[C@@H](CCNC(=O)N[C@H](C)C(=O)NCCNCc1ccccc1F)NC1CN(C(=O)c2cccs2)C1,8.4,0.2590016814325636,0.7348459739523007,0.0799370639959902
Cc1ccc(Nc2ccccc2Oc2ccccc2Cl)cc1C(N)=O,9.9,0.6558769494527134,0.9006653796808666,0.2924092025428645
CC1=C(CNC(=O)c2ccc(Cc3c(O)c(=O)cc(C)n3C)nc2)[C@@H](O)C=NO1,9.9,0.6828668746238159,0.671641953831388,0.22702781073014122
CC(=O)N1CCC(C[C@@](O)(NC(=O)c2ccc3c(c2)CNC3=O)[S+](=O)[O-])CC1,10.2,0.35737670243599867,0.6666001541515398,0.12149595611634291
CCc1nc(N)sc1C(=O)c1ccc(CC2CCN(C(C)=O)CC2)cc1,9.7,0.8181826621711102,0.8403589526400873,0.3334700556494404
CN1CC[C@@H](S(=O)(=O)Cn2nc(C(N)=O)ccc2=O)[C@H](C2CN(C(=O)c3cccs3)C2)C1,9.1,0.6094369729913672,0.6783200368320806,0.18809395603468285
CC(=O)N1CCC(CS(=O)(=O)n2cc(CC(=O)N(C)C)c3cc(C(=O)NCc4c(C)noc4C)ccc23)CC1,10.8,0.4488212232893886,0.7787692385635067,0.18874520764859815
CNC(=O)N/C=N/C(=O)CNC(=O)N(C)CC(=O)Nc1nnc2cccc(C)n12,9.6,0.3608453400600582,0.7357644531643082,0.1274386436669652
C[C@H](C(=O)C1Cc2ccccc2C1)N(C)C(=O)N[C@H](C)N(CCOCCOC[C@@H](C)O)C(=O)C[SH](=O)=O,9.0,0.16242126374578703,0.6046494158822121,0.04419356501283338
C[C@@H]1CC(c2cccc(NC(=O)c3ccc(-c4c5c(nn4C)CCCC5)cc3)c2)=NO1,10.2,0.6709627066638,0.7684447173608304,0.26295485121578
CCNc1cc(C2=NN[C@@H](NC(=O)[C@H]3CCCN(C(=O)NC)C3)C2)nc(C)n1,9.2,0.5791966985785495,0.6825677839900557,0.1818568632398337
N=C1SCC(=O)N1c1ccnc(NC(=O)N2CCOCC2)c1,8.0,0.8451661995138475,0.8054969163565386,0.27231150700687173
CC/C(=N\C(=O)N[C@@H](C)C(=O)OC)N1CCCNCC1,6.6,0.44408315648274366,0.7283683466336878,0.10674051777021772
Cc1noc(C)c1CNC(=O)c1ccc(-c2nc(CCC(=O)NC3CCCC3)cs2)cc1,8.6,0.5300010191796202,0.8429835150589428,0.19211631251712907
CCNc1cc(N(CCN(CC)CNC(=O)Oc2ccccc2)c2cccc(COC(C)=O)c2)nc(C)n1,9.1,0.2489025266827047,0.7774592515424897,0.08804776530630543
COC(=O)/C(=N\c1ccc(CNC(=O)N2CCCC2)cc1)c1cccc(Cn2nc(C(N)=O)ccc2=O)c1,9.1,0.34544795601296757,0.8050579694912076,0.12653806166487286
CCc1nc(N)sc1C(=O)c1ccc(C(=O)c2ccc(C(N)=O)cc2)cc1C,10.4,0.6241145999197669,0.8433404870454739,0.27369737754763424
Cc1cc(C(=O)Oc2cc(Cl)cc(N3CCc4[nH]c(=O)ccc4C3)c2)ccc1O,10.7,0.5062846930458185,0.8209795282112127,0.2223724121139633
Cc1cccc2nnc(-c3ccc(CC4=CC=C(C(F)(F)F)C4)c(F)c3)n12,11.0,0.5905421845395844,0.7703535705919966,0.25020945424489666
NC(=O)c1ccc(C(=O)c2cccc(-c3ncccc3C(=O)c3cccs3)c2)cc1,10.5,0.4762393646784137,0.8642101005166669,0.2160747063398309
CC(=O)N1C=C(c2cccc(C(=O)c3ccc(C(N)=O)cc3)c2)C(NC(=O)c2ccc(F)cc2F)=CC1,12.3,0.5007795458095773,0.7925693545062009,0.24409505064390616
CCN(CN1C(=O)Cc2ccccc21)S(=O)(=O)C(=O)c1c(C)cccc1C,9.1,0.7917288609809952,0.7969092659634816,0.287075909778143
Cc1ccc(C2=CC=CC2c2ccc(C3=CC=CC3)cc2)cc1N1CCc2[nH]c(=O)ccc2C1,11.5,0.5106638088424243,0.7076823579192231,0.2077979667987305
COc1ccc(C(=O)Nc2cccc(C)c2)cc1CNC(=O)N1CC=C(N2C(=O)N(C)C(C)(C)C2=O)C1,9.5,0.5852910605741548,0.7899924460729246,0.21962837038860658
CC1=CC=C(C(=O)NNC=Cc2ccc3c(c2)CNC3=O)C1,9.3,0.7418276503265452,0.7454656587252811,0.2571482726752571
CC1CCN(C(=O)NCN2C(=O)CC(=O)N3C(Oc4cccc(F)c4N)=CC(Cl)=CC=COCCC23)CC1,9.6,0.4401642295790229,0.5904771568625907,0.12475532296052837
Cc1ccc(Nc2ccccc2OC2=C(c3ccc4c(c3)NC(=O)CC4)S(=O)(=O)NC2=N)cc1C(N)=O,12.7,0.3364395078360872,0.7569234821559969,0.16170844201689952
Cc1ncc(NC(=O)c2ccc(C(=O)C3Cc4ccccc4C3)cc2)s1,10.2,0.7040436042278624,0.8494093045895078,0.3049908060166184
Cc1ccc(NCN(CC(=O)NC(=O)NNC(=O)C(N)=O)S(C)(=O)=O)cc1C(N)=O,9.4,0.14490128982972417,0.78798013289818,0.05366428868005756
Cc1noc(C)c1CNC(=O)c1ccc(Oc2ccc(NC(=O)C(=O)N3CC[C@H](O)C3)c(C(N)=O)c2)cc1,8.9,0.3390969464757607,0.7708197231013612,0.11631526340219851
Cc1ncc(CNC(=O)OCC(=O)NS(=O)(=O)[NH+]2CCC[C@H]([SH](=O)=O)C2)s1,7.5,0.3446485806847408,0.5615920666926811,0.07258196576604108
CNC(=O)N1CCC[C@H](C(=O)Nc2c(C(=O)N3CC[C@H](O)C3)cnn2NCc2ccc3c(c2)CNC3=O)C1,11.9,0.35724371013695083,0.680932049961687,0.14473892166828622
Cc1ccc(NC(=O)NC(=O)c2onc(C)c2CNC(=O)n2c(=O)[nH]c3ccccc32)cc1C(N)=O,12.7,0.2803176291391387,0.7907584579228809,0.14075634545313123
CCC(=O)Nc1nc(OC2=CC=C([C@H]3CCCN(C(=O)NC)C3)C2)cs1,8.3,0.826906937610457,0.6982820370653193,0.23962691825610108
CC1=CS(=O)(=O)NC1=Nc1ccc2c(c1)NC(=O)CC2,8.8,0.8203143389822417,0.7253535257867879,0.26180787513506004
Cn1nc2c(c1CNn1c(N3C(=N)SCC3=O)c[nH]c1=S)CCCC2,8.7,0.7078147505507026,0.6857147837978764,0.21113118180962792
Cc1ccc(Nc2cccc(-c3ccc(-c4ccc(F)cc4)cc3)c2)cc1C(N)=O,11.4,0.4152106869387122,0.8981070593717652,0.21255507996776674
CCC(=O)n1c(-c2ccc(C)c(C(=O)NC)c2)cc(O)c1C(=O)C1Cc2ccccc2C1,10.5,0.5946811308321329,0.7926825568085951,0.24748151361876694
O=C1Cc2cc(CCCNS(=O)(=O)NC(=O)c3ccc(F)cc3Cl)ccc2N1,9.6,0.5911190283224041,0.8291798323155883,0.2352691088558038
CCc1nc(N)sc1C(=O)N1CCc2ccccc2C1,8.6,0.9228515640476466,0.8539007640748155,0.3388501719372073
Cc1noc(C)c1CNC(=O)SCC(=O)NCc1ccnc2c1OCO2,8.4,0.7799053390467171,0.7707479823441855,0.2524663959256804
COc1cc([C@H](C)NC(=O)N2CCOCC2)cc(Br)c1C(=O)Nc1cccc(C)c1,9.6,0.6807595269378094,0.8006704317059378,0.2616307316741884
CCc1nc(N)sc1C(=O)c1ccc(OC2(C(=O)NCc3c(C)noc3C)CCCCC2)cc1,9.5,0.4528445390846868,0.7778049854572716,0.1673067515651556
Cc1cc(C)c([C@@H](NN2C(=O)Cc3ccccc32)C(=O)N2CCCCC2)c(C)c1,10.0,0.8634308540101077,0.7601657202478985,0.3281752685114258
CC(=O)N1CCC(C[C@@]2(C)CCOC(=O)N2C(=O)c2ccc(O)c(C)c2)CC1,9.5,0.8597564535262602,0.7443150931071592,0.30396660975904266
COC(=O)N(C(=O)Cc1ccccc1)C(=O)[C@@H]1CNC(=O)N1,8.6,0.81961983111261,0.7511425308269373,0.26473006513088526
Cc1ccc([O-])c(N2C(=O)CCCc3sccc32)c1Oc1cccc(Nc2ccc(C(F)(F)F)cn2)c1,12.0,0.3018792758553046,0.7583885201948812,0.1373650663760441
CN(C)c1ncccc1C(=O)C1Cc2ccccc2C1,8.5,0.8008966057105463,0.8561447586767049,0.29141545826894527
CNC(=O)CC[NH+](C[C@H](C)NC(=O)N(C)CC(=O)c1c2c(nn1C)CCCC2)C(=O)C(N)=O,8.0,0.2342150031109133,0.6043795313947447,0.05662190153031698
Cc1cccc2nnc([C@H](C)NC(=O)N(C)CC(=O)C(=O)NCC(=O)NCCc3ccc(F)cc3)n12,9.3,0.3563965843250786,0.7443549201284223,0.12335778124259143
CCOc1ccc(Oc2ccc(NC3(n4cnc(C)cc4=O)CCCCC3)c([C@@H](C)OC(N)=O)c2)cc1,9.7,0.3861942169364491,0.7127165062099462,0.13349479161151453
Cc1cc(C(=O)c2ccc(Br)c(C)c2Nc2ccc(N3CCCC3)c(C(N)=O)c2)ccc1O,9.9,0.3854206714452027,0.828049489939042,0.1579779582490708
NC(=O)C(=O)Nc1cc2c(cc1Oc1cccc(F)c1C(N)=O)OCCCO2,9.5,0.6727880860699624,0.8296782544063181,0.26514388129704974
CNC=CN=C(C=O)NC(=O)c1c(CNC(=O)On2nc(C(N)=O)ccc2=O)cc(O)c(F)c1F,9.8,0.1676321360680872,0.6637909790782888,0.05452362286555406
Fc1cc(-c2ccc(Nc3ccc(C(F)(F)F)cn3)cn2)ccc1C1C=C[NH2+]C1,9.3,0.6440002414063933,0.6971981192623428,0.20878302705755994
CCCC(=O)C(=CC=CC=CO)C(=O)CC(=O)N[C@@H](C)C(=O)NN1C(=O)Cc2ccccc21,9.0,0.15431233856221413,0.680070471531551,0.047224469182113586
CCc1nc(N)sc1C(=O)c1ccc(OC2(C(=O)O)CCCCC2)cc1,8.5,0.7477699290738655,0.8073576881511515,0.2565800655125613
O=C1CCc2ccc(N3CCc4ccccc4C3)cc2N1,9.6,0.8688846553261713,0.8684616820970046,0.36220465407016456
Cc1ccc(C(=O)[C@H]2CNCc3ccccc32)c(F)c1F,8.4,0.8583022380658717,0.7794136010044007,0.28096842401084415
CNC(=O)N1CCC[C@H](c2cc(Cl)c(Cl)cc2C(=O)c2ccc(C)c(F)c2F)C1,10.2,0.6551071771186201,0.7726425697028583,0.25814348330745523
CCc1cc(=O)[nH]c(NNC(=O)C(C)c2ccc(-c3ccc(C4CN(C(=O)c5cccs5)C4)cc3)cc2)n1,8.3,0.29164012127100203,0.7423569160272332,0.08984794032186799
Cc1cc(=O)c(O)c(Cc2ccc(-c3c4c(nn3C)CCCC4)cc2)n1C,10.6,0.7768871689915378,0.7997116677579886,0.32928143879422267
COC[C@H](C)NC(=O)N(C)CCCNC[C@H](C)NC(=O)C(=O)CNc1cccc(F)c1,6.5,0.2539033408704794,0.7252204210958539,0.05984416352971329
Cc1cc(=O)n(NC[C@H](C)NC(=O)[C@H]2CCCCCNC(=O)C(=O)N2)cn1,10.3,0.4743954647880972,0.6340153161470098,0.15489860515196155
CCC(=O)N=C(c1ccc(C2CN(C(=O)c3cccs3)C2)cc1)N1CC[C@@H]1c1ccccc1,8.7,0.3948176678063934,0.7571345583758808,0.13003459374081114
NC(=O)c1ccc(C(=O)c2cc(=O)c3ccccc3n2-c2ccnc3c2OCO3)cc1,11.0,0.5142964795046009,0.8062979175004347,0.22807189922130058
CCc1cc(=O)[nH]c(NN2CCC[C@H]2CCC(=O)NC2CCCC2)n1,8.1,0.7014348303193522,0.7315200342542904,0.20781102059645773
CCC(=O)Nc1nc(-c2nc3ccccc3c(C(F)(F)F)c2N2C(=O)CCCc3sccc32)cs1,10.4,0.324166345860155,0.7753574895269045,0.13069929813992484
O=C(NCc1ccc(-c2ccc(-c3ccc(N4CCc5cc(F)ccc54)cc3)cc2)cc1)Oc1ccccc1,10.7,0.24864625289672582,0.8597467636471186,0.11436845400320447
CC(C)CCNC(=O)C(=O)NC(=O)CN(C)C(=O)N[C@@H](C)Oc1cccc(F)c1C(N)=O,8.3,0.30631984664341616,0.7482083239101658,0.09511428950055811
C[C@H](NC(=O)N1CCOCC1)[C@H](C(=O)N1CCCCC1)c1cccc(F)c1,0.0,0.8762239405147919,0.7663450164456308,0.0
Cc1ccc2c(c1)CCN2Oc1ccc(CNC(=O)Oc2ccccc2)cc1,9.4,0.7068228737124784,0.8489600747748178,0.28203026786816376
CN(C)c1ncccc1NC(=O)c1ccc(F)cc1N1CCc2[nH]c(=O)ccc2C1,9.6,0.6951937216171643,0.8135878927927903,0.27148857362557743
CC(=O)N1CCC(C[NH+]2C(=O)C([C@H](C)NC(=O)N3CCOCC3)=C(C(C)(C)C)C2=O)CC1,8.7,0.5873915183280253,0.6385574795617648,0.1631612126448833
Cc1cc(C(=O)Sc2ccc(C(=O)CNc3cccc(F)c3)cc2)nc(=O)[nH]1,9.5,0.4890050882465676,0.8135932545311528,0.1889793395836888
CC(=O)N1CCC(CC(=O)Oc2c(C(=O)c3ccc(O)c(C)c3)cc[nH]c2=O)CC1,9.3,0.5742489757600757,0.8112032250721337,0.2166121688258885
CC(C)NC(=O)NCNC(=O)CN(Cc1ccc2c(c1)NC(=O)CC2)S(C)(=O)=O,8.9,0.4384623405052594,0.8046471844203938,0.15699933205406016
CCc1nc(N)sc1C(=O)[C@@H]1CC[C@@H](C(C)(C)C(=O)N2C(=N)SCC2=O)OC1=O,8.8,0.4026278974240316,0.6113557887301195,0.10830551414954416
Cc1cc(C(=O)c2ccc3c(c2)CC(=O)N3)ccc1O,9.2,0.8211343494090685,0.8711884158966777,0.32906685722601625
O=C(NCc1cc(C2CN(C(=O)c3cccs3)C2)on1)c1ccccc1Cl,10.1,0.7088384688542803,0.8432575771117927,0.3018553719538951
CC(C)(N[C@H](CNC(=O)Oc1ccccc1)C(=O)N1CCCC1)N1CCOCC1,8.8,0.7153602731139764,0.765790704989868,0.2410391490626665
CCc1cc(=O)[nH]c(Nc2cccc(Nc3ccc(C)c(C(N)=O)c3)c2)n1,10.7,0.5369633535776694,0.8341400078389601,0.23962789953994362
CC(=O)n1cc(CNC(=O)N2CCCC2)ccc(F)ccc1-n1cnc([C@H]2CNCc3ccccc32)cc1=O,11.4,0.5379076501812432,0.6654880311064574,0.2040435287306435
O=C1CCc2ccc(C(=O)Cc3ccc(N4CCc5[nH]c(=O)ccc5C4)cc3)cc2N1,12.6,0.6435750113885276,0.8173659132749472,0.33140285447504664
O=C1CCc2ccc(N3CCc4[nH]c(=O)ccc4C3)cc2N1,9.8,0.8432220258699438,0.8172108395860869,0.33765418806214237
CCC1=C2CCN(C(=O)NC(=O)NCc3c(C)noc3C)C2=[SH]C(N)=N1,8.9,0.46841178616902124,0.683998432794636,0.14257485280075527
Cc1cc(=O)c(O)c(C(=O)[C@@H](COS(=O)(=O)c2ccccc2)NC(N)=O)n1C,8.3,0.4295701055444961,0.7470794700635361,0.13318304782420756
Cc1noc(C)c1CNC(=O)C1=C2CC(=O)N(c3cccc(ONC(=O)N4CCOCC4)c3)C2=CC1,11.1,0.5913659602118784,0.7338634661379668,0.2408599396909883
CCc1cc(=O)[nH]c(NS(=O)(=O)[C@@H](C)C(=O)NCC(=O)NS(N)(=O)=O)n1,8.6,0.295297495614923,0.7087076943968591,0.08999023112972003
Cc1cccc(NC(=O)C=Nn2cc(C(=O)O)cc2C(=O)CNc2cccc(F)c2)c1,9.2,0.38043069914991146,0.7982866795584721,0.1396986694281858
N=C1SCC(=O)N1c1cc(C(F)F)nc(N2CC(=O)NC(=O)C2)n1,9.5,0.7253989608746642,0.7345524545683195,0.2531007039446016
CNC(=O)[C@H](C)OC[C@H]1CN(C(=O)CNc2cccc(F)c2)Cc2ccccc21,9.3,0.7506822464241152,0.7461060893988066,0.26044119679618266
CC1=NN(SCCNC(=O)C[S+](C)[O-])C(=O)/C1=N\NCNC(=O)N1CCCC1,7.1,0.14136541806605826,0.6135848822923329,0.03079258760851542
CCN(Oc1cccc(F)c1C(N)=O)C(=O)N(CC[C@H](C)CO)c1c2c(nn1C)CCCC2,8.8,0.5576321050840178,0.6855487471021342,0.1682049560330806
CNC(=O)N1CCC[C@H](Oc2ccc(OC(C)N3C(=O)CCCc4sccc43)cc2)C1,8.7,0.7576093527462897,0.7212414064026819,0.23769236725917334
Cc1cc(N2CCc3[nH]c(=O)ccc3C2)c(C(F)(F)F)cc1N1C(=O)Cc2ccccc21,11.5,0.6405025574721546,0.7890683534089984,0.29060517156781307
CCC(=O)Nc1nc(C(=O)C[S@@+]([O-])Cc2ccccc2N(C)C)cs1,8.1,0.562932809516529,0.714395489475398,0.1628734472985103
C[NH2+][C@H](c1sccc1C(C)(C)C)c1cc(-c2ccc(F)c(O)c2)cn(C)c1=O,9.0,0.7025652950416305,0.6753303094697439,0.2135086371554248
Cc1ccc(Nc2nc(C)c(N3C(=O)Cc4ccccc43)nc2N)cc1C(N)=O,11.3,0.6305323315118991,0.8110626820342038,0.2889417028065062
Cc1cc(C(=O)C2=CC=C(NC(=O)N3CCOCC3)C2)ccc1O,9.8,0.8333805597664795,0.7938202113213707,0.324161622711825
CC1CCN(Nc2ccc(-c3ccc4c(c3)NC(=O)CC4)cc2)CC1,10.1,0.8789567345691975,0.8413487854897982,0.37345213646957603
CC1CCN(C(=O)NCN2Cc3ccccc3C[C@H]2c2ccc3c(c2)NC(=O)CC3)CC1,12.4,0.7685268982669176,0.7533786270289319,0.35897487845970305
O=C(NCc1ccc(-c2ccc(N3C(=O)Cc4ccccc43)cc2)cc1)c1ccccc1Cl,9.3,0.39404325372314886,0.8815937834173029,0.1615345285391326
Cc1cc(C(=O)c2ccc(C)c(S(=O)(=O)N3C(=N)SCC3=O)c2)ccc1O,10.4,0.756426193039352,0.8050356237227161,0.3166540166990899
C=C(C1=COC(C(=O)NC(=O)C2Cc3ccccc3C2)=CC=C1)N1C(=N)SCC1=O,10.3,0.7277054937503472,0.6949153136072699,0.2604322510726767
NC(=O)c1ccc(=O)n(CN2CCN(CNC(=O)c3ccccc3O)CC2)n1,9.6,0.5803091178785308,0.8336602457677643,0.23221470807930744
CC(=O)NC1(CNC(=O)N2CCC(C)CC2)CCN(CC(=O)NCC(=O)NCC2CC2)CC1,8.6,0.3837908570248698,0.8033446404407142,0.13257602105766336
CC(=O)c1cccccc(C(=O)Nc2ccccn2)c(C)[nH]1,8.7,0.8530945479061242,0.821478921828849,0.30484764740291653
CCNc1cc(C2=NN[C@@H](NC(=O)[C@H]3CC=C(Nc4ccc(C(F)(F)F)cn4)C3)C2)nc(C)n1,10.5,0.487132222534903,0.6375975488337339,0.16306201329924616
N=C1NS(=O)(=O)C(c2ccc3c(c2)NC(=O)CC3)=C1C(N)=O,8.9,0.5918555068162642,0.7438149261245485,0.1959027772351313
O=C1CCc2ccc(C3CCC4CC=CC=C4C3)cc2N1,10.0,0.8136459400691125,0.7115142434056421,0.2894603377241735
CNC(=O)c1cc(-c2ccc(C=CCNC(=O)N3CCCC3)cc2C)ccc1C,9.1,0.8043476091380584,0.84547652633504,0.3094259452556727
O=C(N[C@H](NC(=O)N1CCOCC1)c1ccc(-c2ccc(F)c(O)c2)cc1)c1ccccc1O,12.0,0.4320042103008849,0.7831915648978115,0.203005232104796
Cc1noc(C)c1CNC(=O)c1ccc2c(c1)[C@H](c1csc(NN3C(=O)CCCc4sccc43)n1)NC(=S)O2,11.1,0.2764021550961931,0.6659203930767403,0.10215431663174784
NC(=O)C1=CCc2ccc(-c3ccccc3N3CC=C(C4CN(C(=O)c5cccs5)C4)C3)cc2N1,11.1,0.5326046344800339,0.7578865224301948,0.22402790021223423
CC(=O)NC1(c2cc3c(cc2F)C(=O)NC3)CCNCC1,8.7,0.7540938636442378,0.7686894021626142,0.25215382313034546
Cc1ccc(C(=O)c2ccc(-c3ccc(-c4ccccc4)cc3)nc2N(C)C)c(F)c1F,9.7,0.34989839511711407,0.8511946781953232,0.1444483511388944
Cc1ccc(C(=O)c2cc(-c3cc(F)cc(F)c3F)c(C)[nH]c2=O)c(F)c1F,10.1,0.4022187985719819,0.8103386488836358,0.16459638608416166
Cc1cc(C(=O)c2cc(Br)oc2NC(=O)c2ccc(F)cc2Cl)nc(=O)[nH]1,10.1,0.5848219383376786,0.7809577067119223,0.23064420589850243
Cc1ccc(NC(=O)NN2CCc3cc(F)ccc32)cc1C(N)=O,10.6,0.8079301662175605,0.8486497547805452,0.36339436084337906
NS(=O)(=O)Nc1ccc(CCC(=O)C2CCCCC2)cc1,8.0,0.8450648903578463,0.874902439972262,0.2957397338035887
COC(=NC(=O)CC(=O)CCC(=O)Nc1cccc(C)c1)N([O-])C=O,7.2,0.2587685909354367,0.760809239218181,0.0708744725291341
CCc1cc(=O)[nH]c(Nc2cccc([N+](=O)[O-])c2-c2ccc3c(c2)CNC3=O)n1,9.9,0.4528246568446159,0.7857440685489236,0.17612312266313757
Cc1cccc(NC(=O)c2c([O-])[nH]c(-c3ccnc4c3OCO4)c2C#N)c1,10.1,0.7377818802010548,0.7547656690198846,0.2812104793723523
CNC(=O)c1cc(C2=CC=C(NC(=O)C(=O)c3ccc(O)c(C)c3)[C@@H](c3cc(F)ccc3OC)N=C2)ccc1C,11.4,0.2984447754384944,0.7068105065910911,0.12023802466277361
CCNc1cc(-c2cccc(CC3CCN(C(C)=O)CC3)c2)nc(C)n1,9.6,0.8915979260849359,0.8527321819283851,0.3649412375583506
CCc1cc(=O)[nH]c(Nc2ccc(-c3ccnc4c3OCO4)cc2)n1,9.9,0.7614069529313571,0.7955220204739921,0.29982941881145503
CCc1cc(=O)[nH]c(NC(=O)NN=C2CCC(c3ccc4c(c3OCCO)[C@@](C)(CC)OC(=O)N4)CC2)n1,10.8,0.3267048896103886,0.6593029074535984,0.11631464114369552
CCc1nc(N)sc1C(=O)c1cc2oc(=O)cc(C)c2cc1-c1ccc2c(c1)NC(=O)CC2,11.3,0.3432918479247729,0.7811541380492302,0.15151257387422695
CCN(C(=O)CS(=O)(=O)C[C@@H]1CCCO1)S(=O)(=O)S(=O)(=O)[C@@H](C)C(=O)NN1CCc2cc(F)ccc21,9.1,0.37031422859928587,0.6371229865385711,0.10735074681372138
O=c1ccc2c([nH]1)CCN(N1N=CCc3[nH]c(=O)ccc31)C2,9.2,0.7969993812869018,0.7047017049707023,0.25835753851259824
CC1=CC(c2ccc(F)cc2)CN=C1NC(=O)c1ccccn1,10.4,0.9265464237895852,0.760526863499047,0.3664249916968951
CC1=CC=C(C2=C(NC(=O)N3CCCC3)CN(C)C2=O)C1,8.2,0.8416507295320118,0.7577871857349741,0.26149477645857894
Cc1ccc(Nc2ccc(C3=NO[C@H](C)C3)c([N+](=O)[O-])c2)cc1C(N)=O,10.1,0.6305763634022867,0.7714816385899209,0.24567143347730316
Cc1cccc(=O)n1CN(C)c1ccc([SH](=O)=O)cc1,7.7,0.8609259760044886,0.7562996746379366,0.25068044368272396
O=C(CC[C@@H](OC(=O)N1CC[C@@H]1c1ccccc1)[C@@H]1CCc2ccccc21)NC1CCCC1,9.7,0.6102740339643186,0.717502431658679,0.21236845512356164
O=C1CCCc2sccc2N1N1CCc2ccccc2C1,8.7,0.8054665313634112,0.8045145356950195,0.2818841466365049
CNC(=O)N1CCC[C@H](c2cccc(C(=O)c3ccc(O)c(C)c3)c2)C1,10.0,0.8314447391039407,0.8109438005147541,0.33712747832347395
Cc1cc(=O)c(O)c(Cc2ccc(O)cc2ONC(=O)N2CCOCC2)n1C,9.9,0.6734726560320559,0.7716737179171663,0.2572520684559237
CCN(C)C(=O)N[C@H](C)C(=O)c1ccc(C)c(F)c1F,7.5,0.8636314709524125,0.7786358721850595,0.2521704163618116
O=C1Cc2ccccc2N1c1ccc(N2C(=O)CCCc3sccc32)cc1,10.4,0.6353490593072171,0.8373439616133671,0.27664296313036824
CCc1nc(N)sc1C(=O)NC(=O)C[C@H](C)NC(=O)N1CCOCC1,8.3,0.6879349895503247,0.7658927024073934,0.21865702111432955
Cc1noc(C)c1CNC(=O)C(=O)CN[C@H](C)[C@@H](C)Oc1ccc(I)cc1,7.9,0.41914553972719126,0.7205299045305189,0.11929272381099026
CCN(C)c1cc(CCNC(=O)c2ccccc2O)c(C(=O)[O-])cc1[C@H](C)NC(=O)N1CCOCC1,9.3,0.47520256689404716,0.7311772278207298,0.16156764241442123
CCNC(=O)N(C)CC(=O)C(=O)NCc1c(C)noc1C,7.0,0.7264491800429058,0.8101511361912974,0.20598677000894877
CNC(=O)N1CCC[C@H](C2CCN(S(=O)(=O)Nc3ccnc4c3OCO4)CC2)C1,10.0,0.7502566655984326,0.7309749496608597,0.27420941418426936
CCN1C(=O)CCC=CC(C(F)(F)F)=CC=C1[C@H](C)NC(=O)CNC(=O)N1CCCC1,9.3,0.687120001211045,0.6614302082239888,0.2113340953462884
CCOCCC1([C@H]2CCCN(C(=O)NC)C2)CN(N2CC[C@@H]2c2ccccc2)C[C@H]1O,8.9,0.6508203610815008,0.6282453152776071,0.18194930510684643
Cc1cccc2nnc([C@@H](C)CCNC(=O)N[C@H](C)[C@H](C)[NH2+]CCO)n12,0.0,0.5089607396660379,0.6151663401117016,0.0
CC1=NN(C(=O)Nc2nccn(C)c2=O)C(=O)/C1=N\NN1CCN(C)C(=O)C1,9.3,0.5782584674696931,0.7233199076248946,0.19449362549217358
CCc1nc(N)sc1C(=O)c1ccc(OC2(C(=O)O)CCCCC2)cc1,8.4,0.7477699290738655,0.8073576881511515,0.2535614765065312
CN1CCCCC[C@@H](N2CCNC(=O)C[C@H]2NOc2cccc(N3C(=O)Cc4ccccc43)c2)C[NH2+]CC1=O,11.8,0.4911300048096481,0.5738686377556758,0.16628802302442025
CCC(=O)NC(=O)Nc1ccc2c(c1)CC(=O)N2N1CCCN(c2ccccc2Cl)CC1,9.4,0.737529009714749,0.8134679871086321,0.28197943231443345
O=C(NCc1ccc(NS(=O)(=O)CNC(=O)c2ccccc2O)c(Cl)c1)Oc1ccccc1,9.3,0.3825986800463131,0.8434227898275596,0.1500519874406865
CCC(=O)N[C@H](C)CC(CC(=O)NC(=O)c1ccc(F)cc1Cl)c1ccccc1,9.1,0.6737045482851481,0.7726906062843601,0.23685715502129684
CC(=O)CNC(=O)NCC[C@H]1CN(C(=O)NCc2cnc(C)s2)Cc2ccccc21,9.2,0.6291899687240632,0.754844635541318,0.21847270940877359
N=C1SCC(=O)N1NC(=O)c1ccc(N2C(=O)Cc3ccccc32)cc1,10.1,0.8694866161630291,0.8137459033421067,0.35730829181629514
O=C(c1cccs1)N1CC(N2C(=O)Cc3ccccc32)C1,8.2,0.8522654295069643,0.8506747259348872,0.2972502708745424
Cc1cc(C(=O)C(=O)N(C)C(=O)c2ccc(O)c(C)c2)nc(=O)[nH]1,9.2,0.6273295914463828,0.7880662803258954,0.22741355692797666
Cc1cccc(C2CN(C(=O)c3cccs3)C2)c1-c1ccc2c(c1)NC(=O)CC2,10.8,0.6809526033306789,0.8247708526082379,0.30328012398681536
CNC(=O)c1ccc(N2CCC3=C(CC(C(=O)NOC)=N3)C2Br)cc1,9.0,0.45281982344866506,0.6997580440223002,0.14258894127793253
Cc1cccc(NCC2=CC=C(C(=O)C3=CCC4=C(CCNC4)N3NC(=O)c3ccccn3)C2)c1,10.2,0.574237185278648,0.7114276481264749,0.2083493871966732
O=C1CCc2ccc(C(=O)C3=CCC4=C(CCNC4)N3NC(=O)c3ccccn3)cc2N1,12.2,0.6448992298666403,0.7428480887274433,0.29222791780022267
Cc1ccc(Nc2csc(CCC(=O)NC3CCCC3)n2)cc1C(N)=O,9.5,0.6946126031460697,0.837971682967886,0.27648120373278273
CSCC(=O)NCNC(=O)C(=O)N1CCC[C@@H](NS(C)(=O)=O)C1,7.1,0.37175030928404845,0.7513194193303127,0.09915264541004017
C[C@H](NC1CN(C(=O)c2cccs2)C1)[C@H](O)COCCC(=O)NC1CCCC1,0.0,0.5080510650547035,0.7321666155382542,0.0
O=C(NCc1ccc(NC(=O)N2CCOCC2)c(F)c1)N1CCCC1,9.1,0.8755836367927293,0.8786357600829372,0.35004018787445074
CCNc1cc(-c2ccnc(N3C(=N)SCC3=O)c2)nc(C)n1,8.9,0.8939877465731795,0.7848278095775293,0.31222376799482005
O=C(c1cccs1)N1CC([C@@H](NN2CCc3[nH]c(=O)ccc3C2)C(=O)N2CCCC2)C1,9.8,0.7245633086696424,0.7128950313913693,0.2531034155127488
CN(C)C1=NC=C(N2Cc3ccccc3[C@@H](C=O)C2)C1NC(=O)c1ccc(F)cc1Cl,10.0,0.7414648071770832,0.6647564423160132,0.24644675366078325
Cc1cccc2nnc(-c3ccc(CC4CCN(N(C)C)CC4)c(F)c3)n12,9.8,0.7063413828030279,0.7954304042846199,0.27530425172612527
CNC(=O)N1CCC[C@H](c2cccccc([C@H](C)OCN3CC[C@@H]3c3ccccc3)cn2C)C1,9.7,0.6458888882682031,0.6427485915924723,0.2013449240309134
CC1CCN(C(=O)NC[C@H]2CN(CNC(=O)N3CCCC3)S(=O)(=O)C2)CC1,8.6,0.7140631299027506,0.7282430854291169,0.22360496087196707
CCc1cc(=O)[nH]c(NC2CC(C)(O)CC3(CCC(=O)N3NC(=O)N3CCOCC3)C2)n1,9.3,0.521536080274789,0.5628560477179302,0.13650062765188256
CCOc1cc(OC(=O)C2=CN=C(C)SC2)cc(C)c1CNC(=O)N1CCCC1,9.0,0.5644536506954192,0.7681059822449838,0.1951021016096274
Cc1noc(C)c1CC(=O)NC(=O)N1CCc2cc(F)ccc21,9.6,0.9217357094817932,0.840345420524275,0.37179666355042484
Nc1ccccc1N1CCCN(N2C(=O)Cc3cc(NC(=O)c4ccc(F)cc4Cl)ccc32)CC1,11.4,0.5286121640023043,0.8136456511430663,0.24515870337762616
FC(F)(F)c1ccc(Nc2ccc(-c3ccc(C4=Cc5ccccc5OC=C4)cc3)cc2)nc1,10.2,0.33825973490253364,0.8189567239965102,0.14128024302141057
CN(C)c1nc(N2C(=O)CCCc3sccc32)ccc1NCCCC(=O)O,8.0,0.7064408729761664,0.795017335774183,0.22465309628619995
Cc1cc(C(=O)c2ccc(C3=NO[C@H](C)C3)cc2Nc2ccc(C)c(C(N)=O)c2)ccc1O,11.7,0.48207533259747215,0.7660863467934127,0.21604712830085782
Cc1nc(-c2ccc(-c3ccc4c(c3)NC(=O)CC4)cc2)c(N)nc1N1C(=O)Cc2ccccc21,12.0,0.4561012790457197,0.8010060959260061,0.21920394292516188
O=C(NCc1ccc(C2CN(C(=O)C3=CC=CC3)C2)cc1)N1CCCC1,9.4,0.9068420298830605,0.829366227666431,0.35348895210433695
Cc1cccc(NC(=O)c2cccc(/N=C\c3cc(C4=Cc5ccccc5C4)cc([N+](=O)[O-])c3)c2)c1,12.4,0.18578704583485556,0.8155460378045378,0.09394109124573644
CCc1cc(=O)[nH]c(N[C@@H]2CN[C@H](C)[C@@H](O)[C@H]2NC(=O)N2CCOCC2)n1,9.0,0.44682934251427253,0.62833045251601,0.12634041734074086
CCCCCN(c1ccc2c(c1)NC(=O)CC2)S(=O)(=O)C(=O)NCc1c(C)noc1C,9.7,0.5969770576061667,0.7729481275464639,0.22379466494946879
CC1CCN(C(=O)NCn2c(=O)[nH]c3ccccc23)CC1,8.3,0.8832062676460668,0.848117802857964,0.3108611280623415
O=C1CCc2ccc([C@H]3CNCc4ccccc43)cc2N1,9.2,0.8419204036613024,0.7864081840047792,0.3045628240311335
Cn1c([O-])nc(NCC2CN(C(=O)c3cccs3)C2)c1NC(=O)N1CCOCC1,8.3,0.7336570786186162,0.7588934118885109,0.23105852227285123
CC(=O)c1cc([C@H](C)NC(=O)N2CCOCC2)c(F)cc1Cc1c(O)c(=O)cc(C)n1C,10.2,0.6888197056205193,0.7356371250751941,0.2584278874482884
CNn1cc(C(=O)Nc2ccccn2)cc(C2=CC=CC2)c1=O,9.3,0.9057160224341706,0.7771911518762563,0.32732023261800336
CC1=CC(C2=CCc3ccc(N4CCc5[nH]c(=O)ccc5C4)cc3N2)CN=C1NC(=O)c1ccccn1,9.8,0.5187027491716804,0.6686685167919567,0.16995169699282356
COc1c(F)c(O)c(C)n1NC(=O)c1ccc(NC(=O)N2CCCC2)cc1Cl,9.4,0.7200743237645432,0.8075412862462732,0.27330018043469523
Cc1cc(C(=O)c2c(Cl)cccc2-c2ccc3c(c2)CNC3=O)ccc1O,10.1,0.6604665480590023,0.8400349471102153,0.2801815657922393
Cc1cccc(C)c1C(=O)c1c(C)cc(Br)cc1CNC(=O)N1CCCC1,9.4,0.7025421286921517,0.8432439187701344,0.27843475751875657
C[C@H](NC(=O)N1CCOCC1)C(=O)N[C@H](CC(C)(C)CS(=O)(=O)NC(C)(C)C)C(F)(F)F,7.9,0.4799248546431326,0.6859338817221303,0.1300327037997158
O=C1CCc2ccc(C=C([O-])Nc3ccc(Cl)c(Cl)c3Cl)cc2N1,9.7,0.6142134568033788,0.7828001566175143,0.23319109923840084
Cc1ccc(-c2c(NC(=O)C(=O)N3CC[C@H](O)C3)cccc2C(=O)Nc2cccc(C)c2)cc1,9.5,0.5197974289473756,0.8054550181756337,0.1988698876007166
CC(=O)C(=O)c1cc(CC(C)(C)CC(=O)C2=CC=CC=COC(C)CC2=O)ccc1C,8.6,0.36252265733688843,0.6349401759033682,0.09897748592192937
CC1=NC=C(C(=O)Oc2cc(C)c(CNC(=O)N3CCCC3)c(OOC3(C(=O)O)CCCCC3)c2)CS1,10.1,0.21938735602603995,0.7086781905245514,0.07851489241871226
O=C1CCc2ccc(OC(=O)C(=O)Nc3ccccc3)cc2N1,9.1,0.5053343644447943,0.8676983779834823,0.19950740280746815
COC(C)(C)CNC(=O)C1(NC(C)=O)CCN(C=Cc2ccc(C)c(C)c2)CC1,9.8,0.7370854549059984,0.7706923645567133,0.2783524047397137
NC(=O)C1=CCc2ccc(-c3ccc4c(c3)CNC4=O)cc2N1,10.2,0.7924401984037828,0.792704904790009,0.32036732833399767
NC(=O)C1=CCc2ccc(Nc3nc(Oc4ccc(N5C(=O)CCCc6sccc65)cc4)cs3)cc2N1,10.2,0.27932619995784547,0.7531645845009454,0.10729308667905413
C[NH+](CC(=O)NCNC(=O)c1ccccc1Cl)c1ccnc2c1OCO2,9.5,0.6213696222115872,0.673355633738916,0.1987412994814372
COCON(c1cc(N2C(=O)Cc3ccccc32)ccc1N)N1C(=O)CCCc2sccc21,9.5,0.3345609935663492,0.7435294564942259,0.11815907801251402
Cc1ccc(NC[C@@H](NC(N)=O)C(=O)O)cc1C(N)=O,7.2,0.4817823006528577,0.8207539753445994,0.14235290586413996
CC(=O)c1ccc(C(=O)c2ccc(C(N)=O)cc2)cc1N=COc1cccc(F)c1C(N)=O,10.6,0.3097632219466321,0.8063707751755447,0.1323855249830494
COc1c(/N=C\c2ccc(C(=O)c3c(C)cccc3C)cc2)cc([N+](=O)[O-])cc1C(=O)CNc1cccc(F)c1,9.9,0.10473075445172231,0.7961128653438705,0.041271863003012055
CNC(=O)CSC(=O)NN1N=C(C)/C(=N/NC(=O)CNc2cccc(F)c2)C1=O,8.5,0.4556652213109099,0.7571490685489236,0.1466277616014202
O=C1C=CCN(c2ccc(NC(=O)N3CCCC3)cc2)C1,8.8,0.9065335050506674,0.8449674665822181,0.33703618041920685
COC1=C(c2ccccc2)CC=C1Cc1c(O)c(=O)cc(C)n1C,9.4,0.9387847351625705,0.77587363537756,0.34233781289454546
O=C(C1=Cc2ccccc2C1)c1ccc(-c2ccccc2)cc1,10.2,0.60887241452202,0.8887301207505192,0.27597285978470565
Cc1cccc(NC(=O)c2ccccc2-n2cnc(C)cc2=O)c1,8.6,0.8065830167610358,0.8807360484254428,0.3054662977309506
C[C@H](CCCNC(=O)C(C)(C)N)NCC(=O)NC(=O)c1ccc(F)cc1Cl,7.8,0.4671396488149727,0.790518569009864,0.14402020101650323
Cc1cc(C(=O)c2ccc(N3C(=O)Cc4ccccc43)cc2)nc(=O)[nH]1,10.1,0.739569383855063,0.8363797910759944,0.3123732478112242
NC(=O)c1ccc(C(=O)n2cc([O-])c(C(=O)Nc3ccccn3)n2)cc1,9.7,0.6965556476443312,0.8090702276664311,0.2733277816646396
Cc1cc(=O)n(-c2cccc([C@H](C)NC(=O)N3CCOCC3)c2)cn1,9.4,0.9199925266676766,0.7988165612796908,0.3454054752811732
O=C(CCN1CCc2cc(F)ccc21)CNc1cccc(F)c1,8.2,0.886354272238317,0.8597599164450208,0.31244126876652406
COc1ccc(Oc2ccc(C3=NO[C@H](C)C3)cc2)cc1OCCOC(=O)NCc1c(C)noc1C,9.0,0.39481529085786615,0.7614697550798785,0.13528795627409865
CC1=NN(C2=Cc3ccccc3OC=C2)C(=O)/C1=N\Nc1cccc([NH+](C)C)c1,11.0,0.7904916593365952,0.6840507413941508,0.2974050230992997
CCNC(=O)c1cccc(NCCN2CCO[C@@H](CNC(=O)c3ccccc3O)C2=O)c1,9.6,0.4653630431259301,0.7840263478771491,0.17513130582672923
Cc1ccc(C(=O)C(=O)C[S@@+]([O-])CC(=O)C(=O)CNS(C)(=O)=O)c(F)c1F,7.9,0.30304829982515963,0.6616064688877636,0.07919699264215684
Cc1cccc(NC(=O)c2c(C)c(C)c(C)c(-c3ccnc4c3OCO4)c2C)c1,11.2,0.6637891463609876,0.8113373259088478,0.30159187014647065
CC(=O)N1CCC(Cc2ncc(C(=O)c3cc(C)[nH]c(=O)n3)cc2C(F)(F)F)CC1,10.6,0.7642627731077942,0.7819576069523753,0.3167391772453432
CCc1nc(N)sc1C(=O)c1ccc(NC(=O)c2ccc(F)cc2Cl)cc1,9.5,0.6111674273283795,0.8598012521034677,0.24960419664935296
COc1ccc(Oc2ccc(-c3cc(N4CC[C@@H]4c4ccccc4)c(=O)[nH]c3C)cc2)c(C)c1,8.9,0.36720024177267047,0.7900824678093331,0.12910272057397118
CCC(=O)N(CC(=O)NCc1cnc(C)s1)C1=Cc2ccccc2OC=C1,8.8,0.8311605983166134,0.7693860486402642,0.2813726821506907
NC(=O)c1ccc(=O)n(Cc2ccc3c(c2)CC(=O)N3)n1,8.6,0.8191746394948337,0.8457491153308018,0.2979109774612992
CC(C)n1cccccc(CCC(=O)NC2CCCC2)c(=O)n1-c1ccc(C(=O)CNc2cccc(F)c2)cc1,10.1,0.3175381312809338,0.7528016981875456,0.12071683845613132
CCC(=O)Nc1nc(-c2cccc(CNc3ccc(OC(=O)Nc4nccn(C)c4=O)cc3)c2)cs1,8.9,0.3229123543344165,0.8269877379826271,0.11883482807756035
CC(=O)NC1(OCCOCCOCC(=O)NNC=O)CCN(C(=O)c2c(C)cccc2C)CC1,7.7,0.15949618057847215,0.7609705758756253,0.04672818164813363
Cc1cc(C(=O)C2=CC=C(Nc3ccc4c(c3)NC(=O)CC4)C2)ccc1O,10.8,0.7176569972604938,0.786502132556348,0.3047969297462564
CC1=C(NCC(=O)CCN2CCc3cc(F)ccc32)CC=C1O,8.6,0.8472124246540049,0.7687558569148075,0.2800587908066174
Cc1ccc(Nc2nc(C)c(N3C(=O)Cc4ccccc43)nc2-n2c(=O)[nH]c3ccccc32)cc1C(N)=O,13.5,0.3321565093522396,0.782440305673544,0.17542753247859103
CNC(N)=NCC(=O)NCC(=O)C(=O)CNC(=O)Nc1nnc2cccc(C)n12,8.6,0.18922479646623105,0.7354365685489238,0.0598400190489222
Cc1cc(C(=O)Oc2cc(C)c(CNC(=O)N3CCCC3)c(ONC(=O)N3CCOCC3)c2)ccc1O,11.7,0.3083075220580015,0.7916192894256502,0.14277637619864078
Cc1ncc(CNN2CCCN(N3C(=O)Cc4cc(NC(=O)c5ccc(F)cc5Cl)ccc43)C2)s1,9.4,0.5179076057720369,0.7556805742199892,0.18394517695367496
CCc1nc(C)sc1C(=O)c1ccc(OC2(C(=O)O)CCCCC2)cc1,8.1,0.7590575386857995,0.813410796686452,0.25005736689567576
O=C(CCc1ccc(NC(=O)c2ccc(F)cc2Cl)cc1)NC1CCCC1,9.1,0.7515833179660893,0.9017480866023023,0.3083711625986495
Cc1ccc(C(=O)c2ccc(C(=O)CNc3cccc(F)c3)cc2)c(F)c1F,9.7,0.6136576080165429,0.8692825936568114,0.25871931040021984
Cc1noc(C)c1CNC(=O)c1cccc(C(=O)Nc2ccccn2)c1,9.8,0.7373289531446663,0.8808332214294248,0.3182372801552849
COCC(=O)Nc1ncccc1NC1(C(=O)NCc2c(C)noc2C)CCCCC1,8.2,0.6064631416133083,0.8000916032000303,0.1989426875745987
C[C@H](NC(=O)N1CCOCC1)C1CCN(c2ccnc3c2OCO3)CC1,9.6,0.8772978663676888,0.7507170299529439,0.3161291753393308
CC[C@@]1(C)NC(=O)N(CN(CCOC(C)C)NC(C)(C)C(=O)[C@H]2CCCN(C(=O)NC)C2)C1=O,8.5,0.2995252644746343,0.6538129757145454,0.08322923939883492
Cc1cccc(NC(=O)c2cc(C)cc(C(=O)c3ccc(C(N)=O)cc3)c2)c1,10.4,0.6660628742816268,0.9007526133806772,0.31197809483621086
O=C(NCC=CC1=C(C(=O)Nc2ccccn2)Cc2[nH]c(=O)ccc21)C1=Cc2ccccc2C1,12.0,0.5370172494003114,0.7517073067470929,0.24220787413406394
O=c1ccc2c([nH]1)CC=C(C1=CC=CC1C1=CCc3[nH]c(=O)ccc31)C2,10.7,0.881284630306725,0.6441975967545633,0.3037309708816744
O=C(C1=CC=C(c2ccccc2)C1)c1ccc(N2CCc3cc(F)ccc32)cc1,11.4,0.5078115304478513,0.8346203581416839,0.24158300960419152
Cc1[nH]c(=O)c(N2CCNCCCNC2=O)cc1NC(=O)c1ccc(F)cc1Cl,10.8,0.6093642999609907,0.757514857440125,0.24926535583958784
O=C(CNc1cccc(F)c1)C(=O)NC1=Cc2ccccc2C1,9.3,0.834422403939169,0.8109256507107551,0.3146443568601314
O=C(Nc1cccc(NC(=O)N2CCOCC2)c1)c1ccc(F)cc1Cl,10.7,0.8582033300700161,0.8960866517828551,0.41142813349636537
CCOc1cc(OC(=O)C2=CN=C(C)SC2)cc(C)c1CNC(=O)N1C=C[C@H](O)C1,9.1,0.5306776599135878,0.6560237284092343,0.15840239735319978
CN1C(=O)Cc2cc(NC(=O)c3ccc(F)cc3Cl)ccc21,9.1,0.9237358294542116,0.8848028832493908,0.37188247699414356
Cc1ncc(CNC(=O)c2ccc(C(=O)C3CC4=CCCC=C4C3)cc2)s1,9.0,0.7724354790301027,0.7989885025965643,0.2777251800342247
Cc1noc(C)c1CNC(=O)c1ccc(Oc2cccc(F)c2C(N)=O)cc1,10.3,0.6793455681490795,0.8653910749191387,0.30276828960297375
O=C(c1cccs1)N1CC(c2cccc(N3C(=O)CCCc4sccc43)c2)C1,9.0,0.6084151205132347,0.8211564266614135,0.22482179382933945
Cc1cc(C(=O)NC(=O)C2CCc3cc(N4CCc5cc(F)ccc54)ccc32)nc(=O)[nH]1,11.2,0.6208847275232393,0.7457654856624405,0.2592992642025859
COc1ccc(C2CN(C(=O)c3cccs3)C2)cc1C(=O)N1CCC(C)(N2CC[C@@H]2c2ccccc2)CC1,10.1,0.42692054268214363,0.7453365391224529,0.16069073728030914
Cn1ccnc(NC(=O)NCc2cc(N)c(N)cc2CNC(=O)Oc2ccccc2)c1=O,9.9,0.3647622915444722,0.813752114092759,0.14692891251338863
Cc1cc(C(=O)c2ccc(Nc3ccc(C(F)(F)F)cn3)cc2)ccc1O,10.4,0.6265051725143491,0.8734621751803908,0.2845588567879977
CC(=O)N(C)C(=O)CO[C@H](C)C[C@@H](NC(=O)N1CCc2[nH]c(=O)ccc2C1)C(F)(F)F,9.7,0.6816280054354941,0.6608730253590607,0.21847773762898434
CC(=O)N1CC[C@H](C(=O)NCC(=O)NC(=O)N[C@H](CNC(=O)c2ccc(F)cc2Cl)C(F)(F)F)C1,9.5,0.3945002220167103,0.7367662895331673,0.13806087077774962
Fc1ccc2c(c1)CCN2Nc1ccccc1C1=Cc2ccccc2OC=C1,10.6,0.643566903059827,0.786206637762227,0.2681675826457493
O=C(NCC=CC1=CCN(c2ccc(NC(=O)N3CCCC3)cc2)C1)c1ccccc1O,8.3,0.6490747344378996,0.8102014386033741,0.2182407326951161
CN1C(=O)N(C2=NCc3cc(-c4ccc(-c5ccccc5)cc4)ccc32)C(=O)C1(C)C,10.1,0.5623160733095697,0.819476802940837,0.2327065138889756
CNC(=O)c1cc(C2=CC=C3CC(C(=O)c4cc5c(n4NC(C)=O)CCNC5)CC32)ccc1C,10.9,0.6005856433436988,0.6322948244747594,0.20696222069733516
Cc1noc(C)c1CNC(=O)N1C(=O)CN(N2CCc3cc(F)ccc32)C1=O,10.7,0.8077484534087361,0.7686060650572057,0.33214959277683476
C[C@H](NC(=O)N1CCOCC1)c1ccc(S(C)(=O)=O)c(CNC(=O)c2ccccc2Cl)c1,9.9,0.6624669396726273,0.8021782013823303,0.26305118638021324
NC(=O)c1ccc(C(=O)c2cc(N)cc(C3=Cc4ccccc4OC=C3)c2)cc1,10.8,0.5256508016101173,0.8144381371309439,0.23117943220815496
CNC(=O)N1CCC[C@H](c2oc(Nc3ccc4c(c3)CNC4=O)c(C)c2O)C1,10.7,0.6510177009956546,0.7109977926860611,0.2476365993979935
Cc1ccc(NN(C)C(=S)N[C@H]2c3ccccc3C[C@H]2C2=NO[C@H](C)C2)cc1C(N)=O,10.3,0.4910560067421692,0.6482634801852931,0.16394184308673426
Cc1cccc(C)c1C(=O)n1c(=O)[nH]c2ccccc12,8.5,0.7357895004460938,0.8668466576549196,0.2710720844096937
CCCC1(CNC(=O)c2ccccc2O)CC(CC2CCN(C(C)=O)CC2)=CCN1C(=O)N[S+](C)[O-],10.5,0.36047399310695805,0.6284039571967789,0.11892472396084183
CN(C)c1ncccc1N1CCc2[nH]c(=O)ccc2C1,7.7,0.8959386375273448,0.807001168933115,0.2783640581941102
Cc1cc(=O)c(O)c(Cn2cc(Br)c(=O)c(CNC(=O)c3ccccc3O)c2N2CCCC2)n1C,9.8,0.44042475352084215,0.766658980246952,0.165451240280804
CC(=O)NC1(C2=c3c([nH]c(=O)n3Oc3cccc(F)c3C(N)=O)=CC2)CCNCC1,8.9,0.4898365191842942,0.7032233980718249,0.15328670317660203
Cc1ccc(NC(=O)NC(=O)c2ccc(Cl)cc2)cc1C(N)=O,9.4,0.8054469474476088,0.9104633463484506,0.34466506384726847
Cc1noc(C)c1CNC(=O)n1c(=O)[nH]c2ccc(CCNC(=O)c3ccccc3O)cc21,10.9,0.3559784846537076,0.8154570330037382,0.15820541160533916
CCc1cc(=O)[nH]c(Nc2ccc([C@@H]3N=C(O)N(Nc4ccc(C(F)(F)F)cn4)C3(C)C)c(F)c2)n1,10.5,0.3586318692912822,0.6694565611540634,0.12604644041639756
Cc1c(N2C(=N)SCC2=O)nc(-c2ccc3c(c2)NC(=O)CC3)n1C,10.1,0.864633246851343,0.7618470543442314,0.3326527375619011
C[C@H](NC(=O)N1CCOCC1)[C@H]1C[C@@H]2CC(C)(C)CN2C1,7.6,0.8402593845167147,0.6938676564302811,0.22155094777270207
CC(C)CNC(=O)CS(=O)(=O)NC(C)(C)C(=O)C(=O)c1ncccc1NC(=O)c1ccc(F)cc1Cl,9.2,0.2920639900171809,0.7856954707433937,0.10555774289692167
C[C@H](NC(=O)N1CCOCC1)Oc1ccccc1C(=O)CNc1cccc(F)c1,8.7,0.5509492575633252,0.793680232329998,0.1902157276140314
CCNc1cc([C@@H](NCN(C)CC(C)(C)C)C(=O)N2CCCCC2)nc(C)n1,8.0,0.6651557591513961,0.7216107974028634,0.19199343110333836
Cc1ccc(Nc2cccc(-c3cc(Cl)cc(Oc4cccc(F)c4C(N)=O)c3)c2)cc1C(N)=O,10.8,0.28747174210173093,0.8438052053031916,0.1309878822760293
CC(C)N(CC(=O)N=S(C)(C)=O)OCC(=O)NS(=O)(=O)CNC(=O)c1ccccc1O,7.8,0.37206730599350374,0.7295730719157645,0.10586561208331027
O=C(Nc1ccc2c(c1)CC(=O)N2N1CCCN(C2CC3=CCCC=C3C2)CC1)c1ccc(F)cc1Cl,10.4,0.5900524088756937,0.7573661354767953,0.23238057057225817
O=C(c1ccc(-c2ccc(OC3(C(=O)O)CCCCC3)cc2)cc1)C1Cc2ccccc2C1,9.1,0.46931170422358104,0.8354731103403797,0.1784042757073029
CN1C(=O)Cc2cc(NC(=O)c3ccc(OC4(C(=O)O)CCCCC4)cc3)ccc21,8.8,0.7877392922604466,0.8335935036525187,0.2889279169040621
Cc1cc(=O)n(-c2cccc([S@@+]([O-])c3ccnc4c3OCO4)c2)cn1,9.3,0.66607948385873,0.6652082821175384,0.2060329389833021
Cc1cc(C(=O)NC(=O)N/C=C(\[O-])c2cccccc(=O)[nH][nH]c2=O)nc(=O)[nH]1,10.3,0.38251922143652956,0.6800121461390805,0.13396062410487988
CCC(=O)Nc1nc(-c2ccc(N3CC[C@@H]3c3ccccc3)cc2)cs1,9.9,0.6849882423769247,0.8237761392646848,0.27931710002474774
O=C(CCC(=O)c1ccnc2c1OCO2)Oc1c(-c2ccccc2)ccc(-c2ccc3c(c2)CNC3=O)c1O,11.2,0.20404778351755612,0.7695360186860388,0.08793238661189408
Cc1ccc(OC=O)c(N=CC(=O)C(C)(C)n2cnc(C)cc2=O)c1,8.6,0.5926630886095096,0.737811275417276,0.18802760899888143
CC(=O)NC1(Cc2c(O)c(=O)cc(C)n2C)CCN(CCN(C(C)C)S(=O)(=O)c2ccc(C)cc2C)CC1,9.0,0.5002448570719118,0.7516077181086033,0.16919455298372282
O=C1NCc2cc(C3=CC=CC3C3=CCc4[nH]c(=O)ccc43)ccc21,11.4,0.8903470885546937,0.6862232013307453,0.348256792760001
Cc1ccc(-c2ccc(-c3ccc4c(c3)CNC4=O)cc2C)cc1C(=O)NC1=CCCC=C1,9.8,0.5415763672016687,0.8012888087209465,0.21263995023215707
COC1=C2CC(C(=O)c3cc4c(n3NC(C)=O)CCNC4)CC2CC=C1Cc1c(O)c(=O)cc(C)n1C,11.2,0.5192350504164623,0.5890023802924215,0.171265181150869
CC(=Nc1c(C)[nH]c([O-])c1N1C(=N)SCC1=O)C1CN(C(=O)c2cccs2)C1,9.6,0.7442867314021545,0.6871546728596597,0.24549125060660779
Cc1ncc(CNC(=O)c2ccc(C(=O)C3Cc4ccccc4C3)cc2)s1,9.3,0.6854148138046839,0.8608776544703317,0.27437710822003886
Cc1ccc(C(=O)N2C(=O)CN(C(=O)N[C@@H](C)C(=O)NCC(C)C)C[C@@H]2C)c(F)c1F,9.1,0.6853823588395414,0.7200902522403193,0.2245594058243128
Cc1cccc(NC(=O)c2ccc(CNC(=O)c3ccccc3O)cc2)c1,9.4,0.6459625462960399,0.9224282064824221,0.28005141432629704
Cc1ncc(CNC(=O)c2c(F)cc(-c3ccc(F)c(O)c3)cc2F)s1,9.7,0.7162790299684965,0.8339704413416444,0.2897174362920971
N[C@H](CCC(=O)NC1CCCC1)C(=O)N1CCCCC1,6.9,0.7939130606844442,0.8362224651467537,0.22904133816762384
CCCN1C=CC=CC=C(C[C@@H](NC(=O)CC2CCN(C(C)=O)CC2)C(F)(F)F)C(C)(C)C1=O,9.3,0.5855493782153709,0.6361241980511861,0.17320418981602992
N[C@H](C(=O)N1CCCCC1)c1ccc2c(c1)NC(=O)CC2,8.7,0.8669196871426007,0.8019734445506848,0.30243225692625075
CCC(=O)Nc1nc(-c2cc3c(cc2OCCO)N(N2C(=O)CCCc4sccc42)C(=O)NNS3(=O)=O)cs1,9.6,0.32438335572311777,0.7041184693327374,0.1096340697162137
CC(=O)N1CCC(Cc2ccc(Nc3cccc(CNC(=O)Oc4ccccc4)c3)cc2)CC1,9.5,0.49011472608171575,0.8669191171589036,0.20182266717963596
O=C(NN=C1CCCCC1)NC(=O)C(=O)N1CC[C@H](O)C1,8.2,0.45643125878913765,0.7497570169105283,0.14030714099592909
Cc1ccc(NC(=O)N2CCOCC2)c(-c2ccc3c(c2)CNC3=O)c1,9.6,0.8739759067200755,0.8477112533074566,0.35562202139817406
Cc1cc(=O)c(O)c(Cc2cc(C(=O)C3=CC=C(Nc4ccc5c(c4)NC(=O)CC5)C3)ccn2)n1C,10.4,0.461089649092264,0.7284400597328359,0.1746556091940198
CCNC(=O)N(C)CC(=O)NC(=O)C(=O)N1C=C[SH]=CC1,6.7,0.34871218476147486,0.6706466152736187,0.07834398654900888
O=C(C1=CC=C(NC(=O)N2CCOCC2)C1)c1ccc(O)c(C(=O)N2CCCC2)c1,10.0,0.7392807733630296,0.7934539287814254,0.29329261704873316
Cc1ccc(-c2cc(C(F)F)nc(C(=O)NCc3ccccc3-c3ccc4c(c3)NC(=O)CC4)n2)cc1,11.2,0.3482370546427455,0.8090302701430461,0.15777121829920587
CCC(=O)NC1=CCC(NC(C)=O)(C(=O)NCC(C)(C)OC)CC1,7.3,0.6444699166737807,0.6935320983006675,0.1631406093648846
Cc1noc(C)c1CNC(=O)c1cc([C@H](C)NC(=O)N2CCOCC2)ccc1O,9.7,0.7045427257113032,0.7916932050184727,0.2705241189665537
CC(C)S(=O)(=O)NC(=O)CONc1ccc(C(F)(F)F)cn1,7.5,0.7571303507642531,0.7992951648513389,0.22693898569802462
Cc1ncc(CNC(=O)C(=O)c2ccc(S(=O)(=O)c3nnc4cccc(C)n34)cc2)s1,9.4,0.34888329292936615,0.7913572365876499,0.1297629197345659
Cc1cccc(-c2ccc(C(=O)C(C)(C)C3=Cc4ccccc4OC=C3)cc2)c1,11.2,0.46214483441203774,0.813649073182844,0.2105732810695323
CC[C@@H](NC(=O)CN(C)C(=O)N[C@@H](C)NC(=O)c1ccc(F)cc1Cl)C(=O)NC1CCNCC1,9.4,0.3235295728378122,0.7239235620678115,0.11007901997742246
NC(=O)c1ccc(=O)n(CC(=O)N2CCN(C3CN(C(=O)c4cccs4)C3)CC2)n1,9.9,0.6542857631618025,0.8262085629069897,0.2675853675556459
Cc1nc(N2CCCC2)c(C(=O)c2ccc(OC3(C(=O)O)CCCCC3)cc2)s1,8.4,0.7037285591441959,0.8053662186879412,0.2380388676374832
Cc1nc(C(=O)CNc2cccc(F)c2)c(C(=O)Cc2ccccc2)c(O)c1C(=O)Nc1nccn(C)c1=O,10.5,0.28038976161217255,0.7878674742727516,0.1159777359789937
CN1CCCN(N2C(=O)Cc3cc(NC(=O)c4ccc(F)cc4Cl)ccc32)C1,10.1,0.8565984732416333,0.8054401873451743,0.3484191115575024
C[C@H](N1CCC[C@H](C(=O)N(C)CN)C1)N(C)C(=O)N[C@H](C)Oc1cccc(F)c1C(N)=O,8.8,0.4978436376931425,0.6544043237354062,0.14334805278224444
Cc1cc(C(=O)Nc2cccc(Nc3ccc(C)c(C(N)=O)c3)c2)ccc1O,10.7,0.5386499400749953,0.8888766764970478,0.2561544521631197
CC1CCN(C(=O)n2c(C(=O)C3Cc4ccccc4C3)cc3c2CCNC3)CC1,11.6,0.7982755019841192,0.7760191601240152,0.3592967090664298
CONC(=O)C1=CC=CC(c2ccc(-c3ccccc3)cc2)C1=N,9.6,0.8456419862142571,0.7610861290977691,0.3089310652273718
O=C1CCc2ccc(-c3ccc4c(c3)CNC4=O)cc2N1,10.1,0.8416280210231737,0.8423384627991157,0.35801250500604764
CNC(=O)c1cc(C2CCC(=NNC(=O)C=O)CC2)ccc1C,8.7,0.5032786574186081,0.7985576801396594,0.17482521115242264
Cc1cccc(C)c1C(=O)[C@H](C)NC(=O)c1ccc(C(N)=O)cc1,9.4,0.8276703868416718,0.8427692025906084,0.3278415026054156
CC[C@@H](SN1CCO[C@@H](CCC(=O)NC2CCCC2)C1=O)C(=O)N(C)C,7.8,0.6418002000040743,0.68404836796597,0.17121872795547788
CN1C(=O)CN(CNC(=O)c2ccccc2Cl)C=CC=CC=C1C(=O)c1ccc(C(N)=O)cc1,9.1,0.6197120910892614,0.7282422364617334,0.20534173622563562
CC(=O)N1CCC(NS(=O)(=O)c2cc(Cl)cc(Cl)c2)CC1,7.8,0.9086583646942384,0.8714058595381261,0.30880598709202745
Cc1cc(C(=O)C(=O)C(C)(C)NC(C)(C(=O)N(C)CCC(F)(F)F)C(F)(F)F)ccc1O,9.2,0.34488467638653586,0.6939284110561352,0.11008962672195839
NC(=O)c1ccc(C(=O)C2=[NH+]C(=O)CC(CCC(=O)NC3CCCC3)=N2)cc1,9.8,0.5555061423043676,0.7591823489810066,0.2066479244141235
Cc1cccc2nnc(-c3ccc(N4C(=O)Cc5ccccc54)cc3)n12,10.8,0.5555249951888401,0.8490038309052973,0.25468713850264496
CCC(=O)Nc1nc(CN(O)C(=O)C(=O)NC(=O)C(=O)NNC(=O)Nc2nccn(C)c2=O)cs1,9.8,0.14447369842882152,0.7489148657179648,0.053017265224713325
CCc1nc(N)sc1C(=O)c1cc(N2C=CC=CC=C(C3CN(C)C3)CCC2=O)ccc1Cl,10.1,0.6155967951183389,0.6891233033151519,0.21423215896589606
CCc1nc(N)sc1C(=O)C1=C(C)C(C(F)(F)F)C=C1c1cccc(Cl)c1Cl,8.9,0.5545383394489204,0.6894171110891771,0.17012715788712357
C#Cc1[nH]c(-n2cnc(C)cc2=O)cc1-c1cc(F)cc(F)c1F,9.1,0.5804608264741835,0.7389060676219327,0.19515224214787025
CCC(=O)Nc1nc(-c2cccc(C(=O)NC(=O)C(=O)c3ccc(C(N)=O)cc3)c2)cs1,10.7,0.3717492938373473,0.8504109924179295,0.16913473195804238
Cc1cc(=O)c(O)c(Cc2ccc(-c3ccc(N4C(=O)Cc5ccccc54)cc3)cc2)n1C,10.2,0.4960931659046498,0.829019898392753,0.20974826405572208
CN(C(=O)c1ccc(C(N)=O)cc1)C(=O)c1ccc(N2C(=O)CCCc3sccc32)cc1,9.7,0.6155062101453261,0.8294526269132719,0.24760862279993948
Cc1cccc(NC(=O)S(=O)(=O)c2nc(C(=O)c3ccc(C(N)=O)cc3)cs2)c1,10.2,0.5985741164159182,0.8192704147027698,0.2501009729390708
CC(C)(CN(CCCC(F)(F)F)C(=O)NC=O)C(=O)c1ccc2c(c1)CNC2=O,9.7,0.5059959382417162,0.7498744433023753,0.18402520991360094
NC(=O)c1c(F)cccc1OC(=O)N[C@H](CC(=O)OC=O)C(F)(F)F,7.1,0.3353552935434009,0.7339039114881678,0.08737208939276643
NC(=O)c1ccc(=O)n(CN[C@@H](CNC(=O)Oc2ccccc2)c2ccc(Cl)cc2)n1,9.4,0.4905585456475385,0.7769454399715531,0.17913449578756804
C[C@H](NC(=O)Oc1ccc(C(N)=O)cc1)c1nc(N)sc1C(=O)c1ccc(OC2(C(=O)O)CCCCC2)cc1,9.1,0.28408181779215336,0.7308985688000996,0.09447392229111909
Cc1cccc(NNCc2ccc(-c3nc4ccccc4[nH]c3=O)cc2)c1,9.9,0.47257299293003757,0.8661404562579631,0.20261072091724888
CN1CCCN(N2C(=O)CC3=CC(NC(=O)c4ccc(F)cc4Cl)=C(C(F)(F)F)C32)C1,9.4,0.707355607088074,0.6681448681903931,0.22212952886495047
CC1=C(CN2CC(C)(C#N)C2=O)S(=O)(=O)NC1=NCNC(=O)N1CCCC1,9.2,0.6327804076447974,0.617104443345738,0.17962613656107665
Cc1ccc(-c2c(CNC(=O)N3CCC(C)CC3)c(C)c(C)[nH]c2=O)nc1Cc1c(O)c(=O)cc(C)n1C,12.1,0.4757118329253322,0.7494907439816745,0.2157076774259564
Cc1cccc(NC(=O)c2cc(-c3ccc(-c4ccccc4)cc3)cn(C)c2=O)c1,11.3,0.5119278091985859,0.8911891702841088,0.2577668535316529
O=C(Nc1ccccn1)c1ccc(N2CCc3cc(F)ccc32)cc1,10.2,0.7824023212009856,0.8899171732664048,0.35509936364053
CNC(=O)c1cc(S(=O)(=O)NC(=O)NNC(=O)CC[C@H]2CCCC(=O)N2)ccc1C,8.8,0.38627128112898257,0.7672404218783668,0.13039969390487505
Cc1cccc(NCC2=CC=C(C(=O)C3Cc4ccccc4C3)N(N3CCCC3)C2)c1,11.1,0.7548941452241716,0.768215846589496,0.32185651289665673
CNC(=O)c1cc(-c2ccc(C(=O)Nc3ccc(N4CCc5[nH]c(=O)ccc5C4)cc3)cc2C)ccc1C,10.0,0.36132476944426484,0.8255884538216919,0.14915277886648495
O=C1CCc2ccc(Nn3c(C(=O)C4Cc5ccccc5C4)cc4c3CCNC4)cc2N1,10.4,0.5585427975454342,0.7592261821051252,0.2205113641758227
Fc1ccc2c(c1)CCN2c1cncc(C(F)(F)F)c1,8.5,0.736584009324259,0.852453251061513,0.2668589592070651
CCc1nc(N)sc1C(=O)c1cc2oc(=O)cc(C)c2cc1N,9.3,0.43359462665636395,0.7996567529418572,0.16122799512895516
CCCN1C=CC=CC=C(C[C@@H](NC(=O)CC2CCN(C(C)=O)CC2)C(F)(F)F)C(C)(Cl)C1=O,8.4,0.5260323106943134,0.5999390879623522,0.13254668478100354
COc1nc2ccc(C)cc2c(=O)n1-c1nc(C)cc(C(F)F)n1,8.8,0.7374670266788758,0.8122503566662219,0.26356345639777784
CCC(=O)Nc1nc(CN(CC(=O)NC(=O)CS(=O)(=O)CC(F)(F)F)S(C)(=O)=O)cs1,8.6,0.44217211492788,0.7771822095712435,0.14776876955488902
Cc1ncc(CNC(=O)n2c(=O)[nH]c3ccccc23)s1,8.8,0.7549571714761482,0.8316008990275819,0.27624214751182946
COc1ccc(NC(=O)N2CCOCC2)cc1S(=O)(=O)N1CCCN(N2C(=O)CCCc3sccc32)CC1,10.3,0.5953422479053265,0.7852402364087957,0.2407556440570011
CC1CCN(C(=O)NCn2c(=O)[nH]c3ccccc23)CC1,8.3,0.8832062676460668,0.848117802857964,0.3108611280623415
Cc1cccc2nnc(C3=CC=CC=C[C@H](N4CCc5cc(F)ccc54)C3)n12,10.2,0.6637303081670526,0.7127010510516537,0.24125105700520316
COC(OC)=C(C#N)C(=O)NC(=O)C(=O)CC(NC(=O)c1ccc(F)cc1Cl)c1ccccc1,9.7,0.24004910726881126,0.7337668823195541,0.0854279412464505
Cc1cc(C(=O)c2c(O)cc(O)cc2-c2cc(F)c(C(=O)Nc3ccccn3)cc2C=O)nc(=O)[nH]1,10.6,0.2377754877036283,0.767198150230573,0.09668308459828988
CCN1C(=O)N[C@H](N2CCc3cc(F)ccc32)C(C(=O)NCC(=O)NNC(=O)CC(C)C)=C1C,9.3,0.4416814784589622,0.7358105547761298,0.15112216057014205
CCCC(=O)Oc1cc(C)c(CNC(=O)N2CCCC2)c(OCC)c1,7.8,0.6056051669399275,0.8531349664321435,0.2014985480696868
O=C1CN(c2nc(C(F)F)cc3c2CCCC3)CC(=O)N1,8.6,0.8369234684987664,0.7875071335837356,0.28340577673376116
O=C1CN(c2cc(-c3ccc(Nc4ccc(C(F)(F)F)cn4)cn3)ccc2C2C=C[NH2+]C2)CC(=O)N1,9.7,0.4704049356202864,0.6715399567228959,0.15320941940271163
CCc1nn(N/N=C2\C(=O)N(Cn3nc(C(N)=O)ccc3=O)N=C2C)c(=O)c2ccccc12,11.3,0.4727572710160512,0.7443747407751623,0.19882834265011265
CN(C(=O)CC(C)(C)C)C1(NCNC(=O)N2CCCC2)CCCCC1,8.1,0.747908949702596,0.7541064587079835,0.228421202645974
O=c1ccc2c([nH]1)CC=C2C1C=CC=C1C1=CC=CCC1,9.8,0.8766754756768201,0.6570337423174342,0.2822426306051104
O=C(C1=CC=C(C2Cc3ccccc3C2)CN1N1CCCC1)C1Cc2ccccc2C1,11.9,0.7403285392049022,0.756843624163093,0.33338619613650794
CC1=C(c2ccc3c(c2)CNC3=O)CC(c2cc(C(=O)Nc3ccccn3)cn(C)c2=O)C1,11.8,0.6480114495105902,0.7307100463593419,0.27937000102482795
O=C(NCc1ccc(-c2ccc(-c3ccnc4c3OCO4)cc2F)cc1)N1CCCC1,10.0,0.6719837288958045,0.8329947138760555,0.27987944699046274
Oc1cc(-c2ccc(C3=Cc4ccccc4OC=C3)cc2)ccc1F,10.4,0.6581993424790363,0.8304067412326854,0.28421804895614666
Cc1ncc(CNC(=O)CC(=O)NC2=NO[C@H](C)C2)s1,8.0,0.7997673714052871,0.7216200649154061,0.2308512729882828
C[C@@H](O)C1=CC[C@@H](Cl)NC(=O)[C@H](C(=O)C(C)(C)NC(=O)c2ccc(C(N)=O)cc2)N=N1,0.0,0.28879722115547624,0.5716802454172637,0.0
CNC(=O)N1CCC[C@H](NC(=O)c2ccc(C3=Cc4ccccc4C3)cc2)C1,10.6,0.8645531556909741,0.7979803019723679,0.365645085772207
Cc1cc(=O)c(O)c(CN[C@H](COCCOc2cccc(O)c2)C(=O)N2CCCCC2)n1C,9.0,0.46337006361254157,0.7543371163838037,0.15729175692182895
CC(C)(C)Oc1ccc(N[C@H](C(=O)Nc2ccccn2)C(=O)N2CCCC2)cc1,9.4,0.7322375686683998,0.7948886095537144,0.27356223232625393
CC1=CC=CC2=CC=C(CNC(=O)Oc3ccccc3)CN12,9.3,0.9289610716324637,0.7715791088168561,0.3332966344357135
CC(=O)C1=C(N2Cc3ccccc3[C@@H](C=O)C2)C(=O)C=C1,7.5,0.7923101295741241,0.7051296375102676,0.20950550792336822
C[C@H](NC(=O)N1C=CC=CC1)Oc1ccccc1C(=O)CNc1cccc(F)c1,8.8,0.5503372475151627,0.7419819932197106,0.17966974425591384
Cc1nc(C(=O)NCc2c(C)noc2C)c(NC=CC=C(C=N)C(F)(F)C(N)=O)[nH]1,9.7,0.30650181573698104,0.6790856013006947,0.10094837037215872
Cc1cc(=O)c(O)c(Cc2ccc(N3C(=O)CCCc4sccc43)cn2)n1C,9.7,0.7370498234386097,0.77155080078237,0.2758056200229234
CC1=NN(Cn2nc(C(N)=O)ccc2=O)C(=O)/C1=N\Nn1nc(N)c2ccccc2c1=O,10.3,0.39777365336031434,0.7403810874913954,0.15166960637592247
CCOCC(=O)NCC(=N)N(C)C(=O)C1(NC(C)=O)CCN(C(=O)NCc2cnc(C)s2)CC1,8.2,0.2835344452267014,0.744178941205824,0.08651014893011681
CC(=O)C(=O)Nc1ccc(C2CN(C(=O)c3cccs3)C2)cc1,8.6,0.87712033310808,0.8677658532165824,0.32728808192025277
CCN(C)C(=O)N[C@H](C)C(=O)C1=CC=C(OC(F)(F)F)C1F,7.5,0.7896392658642557,0.6519272432122115,0.19304525614762455
Cc1nc2c(cc1CCc1ccc(-c3ccc4c(c3)CNC4=O)cc1)CNC2=O,11.7,0.7259860110573083,0.8031858267906818,0.3411144795997769
CCc1cc(=O)[nH]c(NNC(=O)CN[C@H](C)c2cc(F)ccc2C(=O)NCc2c(C)noc2C)n1,9.2,0.27248547837095033,0.7251492108902411,0.09089260962508246
CCOc1cc(OC(=O)c2ccc(O)c(C)c2)cc(F)c1CNC(=O)N1CCCC1,9.0,0.5529930808223151,0.8433061819546089,0.2098541176360124
CC1=NC=C(CNC(=O)CC(=O)NC2=NO[C@H](C)C2)SC1,8.5,0.7506115882528287,0.6386939139118323,0.20374969757972974
CCc1nc(N)sc1C(=O)c1ccc(C)c(C(=O)[C@H](C)NC(=O)c2ccc(C(N)=O)cc2)c1C,10.0,0.4238447258433256,0.7591619231366146,0.1608833885912651
O=C(CNc1cccc(F)c1)NCC(=O)N1CCCCC1,7.5,0.8616456721084522,0.8993888284989898,0.29060793435706705
CCc1nc(N)sc1C(=O)NC(=O)NS(=O)(=O)c1cccccoc(C)cc1=O,9.7,0.6467713356421112,0.7311142347466755,0.22933890910532265
COC(=O)[C@H](C)NC(=O)NC(=O)CNC(=O)CO[C@@H](C)CCNC(=O)NCNC(=O)c1ccccc1Cl,8.3,0.14335222030459066,0.726191095086231,0.04320195892610384
Cc1cc(=O)n(-c2cc(Br)cc([C@H](C)NC(=O)N3CCOCC3)c2C)cn1,9.5,0.8047580927196649,0.7518062784115733,0.28738553868685435
CCc1cc(=O)[nH]c(Nc2ccc(S(C)(=O)=O)ccc(O)c(C(=O)NCc3c(O)c(=O)cc(C)n3C)s2)n1,9.0,0.2879080913413954,0.6930474092089887,0.08979028055750653
O=C(C1=CC=CC1C1=CCc2[nH]c(=O)ccc21)C1Cc2ccccc2C1,10.9,0.9299915498793255,0.694729782989381,0.352120591058144
O=C1NCc2cc(-c3ccc(CCC4=CC=CC4C4=CCc5[nH]c(=O)ccc54)cc3)ccc21,11.0,0.5979932144539184,0.6994079186997673,0.23003265423478927
Cc1ccc2c(c1)CC(=O)N2c1ccc(C(=O)NN2CCC=C2OC(=O)c2ccccn2)cc1,9.7,0.5918941796391852,0.7841638486179205,0.225108878671999
CCc1nc(N)sc1C(=O)N(CC)NC(=O)Cc1cc(-c2c3c(nn2C)CCCC3)ccc1OC,9.5,0.4850906780209734,0.7546639180190472,0.17388820504316632
Cc1ccc(Nc2c(C)cccc2S(=O)(=O)N2C(=O)CCCc3sccc32)cc1C(N)=O,10.8,0.5800391518325992,0.7978568005423894,0.24990561821005858
Cn1ccnc(NC(=O)c2cccc(Cl)cc3nc(c2)OC(C(=O)Nc2ccccn2)=CC=CC=C3)c1=O,10.9,0.5217194521585625,0.6211600863850594,0.17661885848451034
C[C@@H]1CC(N2CCN(c3c4c(nn3C)CCCC4)C[C@@H]2C)=NO1,9.0,0.7939058588318888,0.6614384646699679,0.2363039425612156
CC(C)NNC(=O)CS(=O)(=O)C(=O)CN[C@H](C)NC(=O)N1CCOCC1,7.6,0.271844402282601,0.6935522063554888,0.07164454829562505
Cc1ccc(NC(=O)C(=O)N2CC[C@H](O)C2)cc1C(=O)c1ccc(C(N)=O)cc1,10.3,0.5221076116242652,0.8145648384467729,0.21902460869199328
CC(C)C(=NC(=O)N1C=NC(C)[C@@H](CCC(=O)NC2CCCC2)C1=O)C(N)=O,8.8,0.6617606243425175,0.6374650550401249,0.18561368004075177
Cc1cc(=O)c2ccccc2n1-c1ccnc2c1OCO2,8.5,0.6866630826403846,0.816047416140856,0.23814859459790036
CC(=O)N1CCC(Cc2ccc(CC(=O)CCNC(=O)[C@H](C)S(=O)(=O)N3CCOCCC3=O)cc2)CC1,8.4,0.4743486212392291,0.7368226934854538,0.14679454807609207
Cc1cccc(C)c1C(=O)C1CCC(CNC(=O)c2ccccc2Cl)CC1,10.0,0.7046474876304224,0.8752347446810655,0.30836598196318354
Cc1ccc(C(=O)NNC(=O)NCC[C@H](C)c2ccc3c(c2)NC(=O)CC3)cc1,9.7,0.5867360758060615,0.7971253825368289,0.22683557615440633
Cc1cc(C(=O)c2cccc(C(=O)c3ccc(C)c(F)c3F)c2)ccc1O,10.5,0.67819818579464,0.8651279769821925,0.30803231784649276
CC=Cc1c(N)nn(N/N=C2/CC(C(N)=O)=NN(Cn3nc(C(N)=O)ccc3=O)C2=O)c(=O)c1C,10.4,0.30262428940596037,0.6616028009406371,0.10411288030189973
CC1=C(c2cc(F)cc(F)c2F)C=C(C(=O)c2ccc(C)c(F)c2F)C1=O,11.4,0.33101237388649446,0.7789913461205616,0.1469777915883497
C#Cc1[nH]c(-n2cnc(C)cc2=O)cc1-c1cc(F)cc(F)c1N1C(=O)Cc2ccccc21,10.5,0.4875426815524847,0.7326479345752848,0.18752849779477992
CCc1cc(=O)[nH]c(Nc2ccc([C@H](C)NC(=O)N3CCOCC3)cc2)n1,9.3,0.7480988865557817,0.7812843310256257,0.27178224122754346
CC(C)CCS(=O)(=O)CCNC(=O)C[SH2](=O)C(=O)[C@@H](CCNC(=O)c1ccccc1Cl)NC(N)=O,7.8,0.2465067591554674,0.695456761466447,0.06685956903672181
Cn1cc(-c2ccc(Cc3ccccc3F)cc2)cc(Oc2cccc(F)c2C(N)=O)c1=O,10.3,0.4618575767545812,0.8432533936323566,0.20057342902115538
CCN(C(C)=O)C(=O)N1CC(=O)N(NC(=O)c2ccc(F)cc2Cl)[C@@H](C)C1,9.7,0.8377491951530474,0.7365467741380688,0.2992651116049691
CN(C=O)C(=O)CNC(=O)CC(C)(C)CN(C)C(=O)NC(=O)C1Cc2ccccc2C1,9.7,0.5897278689653902,0.7655942771333112,0.21897375654977408
NC(=O)c1c(F)cccc1Oc1ccc(Cc2cccc(OCC(=O)C3CN(C(=O)c4cccs4)C3)c2)cc1,10.3,0.299949528002361,0.8189009086951766,0.12649890463756874
O=C(CNc1cccc(F)c1)c1ccc(-c2ccc(C3=Cc4ccccc4OC=C3)cc2)cc1,9.7,0.3168424056355197,0.8284465110982973,0.1273061879756178
CCNC(=O)N(C)CC(=O)[C@H]1CCCN(C(=O)NC)C1,6.9,0.7771252332735735,0.7753939151392562,0.20788947112761888
CC1=CCN(c2c3c(nn2C)CCCC3)CC1C(=O)[C@H](C)NC(=O)c1ccc(C(N)=O)cc1,11.0,0.6569713671381096,0.6916219724905321,0.24990670804542353
CC1CCN(C(=O)NCc2ccc(C(=O)C3Cc4ccccc4C3)cc2)CC1,10.8,0.8122067839987329,0.869156046794367,0.38120459628234876
CCc1nc(N)sc1C(=O)c1ccc(ONCc2ccc(-c3ccnc4c3OCO4)c(C)c2)cc1,9.1,0.27136239020563313,0.7619730418513676,0.09408072578861504
CC1=CS(=O)(=O)NC1=NCNC(=O)Oc1ccccc1,7.5,0.8678774790923613,0.7409700093032714,0.2411516939089375
Cc1cc(-c2ccc3c(c2)CNC3=O)ccc1-c1ccc(C)c(-c2ccc(F)c(O)c2)c1,11.5,0.40096490650239136,0.834866972738387,0.19248260565793954
C=C1Cc2ccc(Nc3nc(-c4cccc(-c5ccccn5)c4)cs3)cc2NC1=O,10.8,0.4257120898096419,0.814465589214016,0.18723303795366367
CC1=C2CCN(c3ccc(C(=O)c4ccc(C(N)=O)cc4)cc3)C2=CC1,10.4,0.8574917825071349,0.821366069662273,0.36624362068610267
O=C(NCc1ccc(Nc2ccc(C(=O)CNc3cccc(F)c3)cc2)cc1)Oc1ccccc1,9.1,0.2562252322821029,0.87208782912195,0.10167016249716077
CCC(=O)Nc1nc(NC(C)(C)C(=O)C[C@@]2(C#N)CCCn3ccnc32)cs1,8.3,0.7383578216855221,0.6664251189787236,0.20420498265374282
CC=CNc1nc(C)c(N2C(=O)Cc3ccccc32)nc1N,8.6,0.9086782664476664,0.7679416010625135,0.300059092398208
CC1CCN(Nc2ccc(C3=CC=CC(=O)C3)cc2)CC1,9.0,0.9179915088447496,0.8078153858760388,0.3337054492267568
Cc1cccc(Oc2cc3c(cc2NC(=O)N2CCOCC2)OCCCO3)c1C(N)=O,9.9,0.7759335568252878,0.8295985225133994,0.31863809949385863
CCOc1ccc(F)c(N[C@H](C(=O)N2CCCCC2)C2=Cc3ccccc3OC=C2)c1,10.4,0.7112831016978437,0.7457799310360442,0.27583954451628717
CC(C)COC(=O)CN1CC(=O)N(CCC(=O)NC2CCCC2)[C@@H](C)C1,7.0,0.6516515314437707,0.7793498009830834,0.17775257196935848
Cc1cc(C(=O)c2ccccc2C2=NO[C@H](C)C2)ccc1O,10.1,0.8823343634405914,0.7912784255509335,0.35257693368594195
Cc1noc(C)c1CNC(=O)[C@@H]1CN(CNC(=O)N2CCC(C)CC2)C[C@H]1C,9.3,0.7997060471730454,0.7206077260668039,0.2679675756214868
CCC(=O)Nc1nc([C@@H]2[NH+]=NC3=C2CN(N(C)C(=O)C2=C(N)C=CCC2=O)CC3)cs1,9.0,0.5559530502388117,0.5784834795182134,0.14472434472791038
O=C(CCn1c(=O)[nH]c2ccccc21)Sc1ccc(N2C(=O)CCc3sccc32)cc1,10.2,0.44787291721458045,0.7949573662664002,0.18158033609238572
Cc1ccc(NN(C)C(=S)N[C@H]2c3ccccc3C[C@H]2C2=CC[C@H](C)C2)cc1C(N)=O,10.3,0.3672747732583386,0.6598314731119067,0.12480481915808392
CNC(=O)c1cc([N+](=O)[O-])ccc1-c1nc(C(=O)c2cc(C)[nH]c(=O)n2)cc(C(F)F)n1,10.2,0.3313347009841169,0.7652997415610763,0.12932088412701417
Cc1cc(C(=O)C(CC=O)c2ccccc2)ccc1O,8.2,0.6686096899687657,0.8199134715088126,0.22476285771455584
C[C@@H](C(=O)NC(=O)NS(=O)(=O)N[SH](=O)=O)S(=O)(=O)C(=O)C1Cc2ccccc2C1,9.9,0.34007848820844716,0.6643169763089105,0.11183035693219885
CCC(=O)Nc1nc(-c2ccc(CC3CCN(C(C)=O)CC3)cc2C(=O)OC)cs1,9.9,0.7067869258707371,0.8417276105260376,0.2944864247807885
NC(=O)CNC(=O)[C@H](N)CC(=O)N[C@H](COc1cccc(F)c1C(N)=O)C(F)(F)F,7.7,0.2828958149711422,0.7244962397670149,0.07890842736408082
CC1=C(c2ccccc2Oc2ccccc2Nc2ccc(C)c(C(N)=O)c2)S(=O)(=O)NC1=N,12.0,0.43390422347405727,0.7869003260594434,0.20486362495818314
CCc1nc(C)[nH]c1C(=O)c1ccc(OC2(C(=O)O)CCCCC2)cc1,8.5,0.770418747651924,0.7975458862544182,0.2611388287253059
CCOc1cc(OC(=O)c2ccc(C)c(C)c2)cc(C)c1CNC(=O)N1CCCC1,9.8,0.5609719753560242,0.8570160720644989,0.23557337944036255
CCC(=O)N[C@@H](CNC(=O)CC(C)C)C(=O)CNC(=O)NN1CC[C@@H]1c1ccccc1,8.3,0.4207058503575619,0.7235876125090918,0.12633327985896672
CC(C)C[C@H]1C[C@@H](CNC(=O)N2CCC(C)CC2)C(=O)C(=O)N1C1CN(C(=O)c2cccs2)C1,9.6,0.6237819293510876,0.6927143246111479,0.20740928538963713
N=C1SCC(=O)N1C1=CCc2ccc(C(=O)CCc3ccccc3)cc2N1,9.2,0.7771193894865558,0.7882804158115546,0.2817904779206545
O=C1CCc2c(-c3ccc4c(c3)CNC4=O)ccc(-c3ccc4c(c3)CNC4=O)c2N1,11.9,0.6063536601190948,0.7841072807963148,0.2828905601839413
CN1CCC(=O)N(c2cc(-c3ccc(C4=CC=CC4)cc3)cc3c2NC(=O)CC3)C1=O,11.1,0.8123728921645726,0.7703732848297347,0.34733585726111676
CNC(=O)c1cc(-c2cc(Br)ccc2CNC(=O)N2CCCC2)ccc1C,9.0,0.767892106709376,0.8668215867863288,0.29953145448833324
Cc1ccc(Nc2cc3c(n2C)CCN(c2cc4c(cc2F)OCCO4)C3)cc1C(N)=O,9.4,0.6525944432256982,0.7899132956462486,0.24228172286335475
O=C(NCc1ccc(Cl)c(N2CC[C@@H]2c2ccccc2)c1[N+](=O)[O-])c1ccccc1O,10.9,0.4248255441312716,0.7836108245869376,0.18142935274355362
CN(CCC(=O)NNC(=O)N1CCOCC1)C(=O)CCN1CCc2cc(F)ccc21,9.1,0.65275583052896,0.8212773045574961,0.24392256480911137
Cn1ccnc(NC(=O)c2ccc(-c3ccnc4c3OCO4)c([O-])c2Cl)c1=O,10.4,0.7092259172823795,0.7522707618339766,0.27743555897533656
O=C(CCc1ccccc1)N1CCc2[nH]c(=O)ccc2C1,9.2,0.9344030184563253,0.8706055498104652,0.3742083686687546
NC(=O)c1ccc(=O)n(Cc2csc(=O)n2CCCC(=O)c2ccc3c(c2)CNC3=O)n1,9.9,0.47557918155483303,0.7783922850329302,0.18324264709305585
CC(=O)N1C=C(C2=CC=C(C(=O)c3ccc(O)c(C)c3)C2)C(NC(=O)c2ccc(F)cc2F)=CC1,11.0,0.6234919543440556,0.7386615179154689,0.2533022323721243
C[C@H](NC(=O)N1CCOCC1)[C@H]1C[C@@H]2C=C(c3cccc(C(=O)c4ccc(C(N)=O)cc4)c3)CN2C1,9.5,0.6083298737524083,0.6876052449179816,0.19868813562041351
CN(C)c1ncccc1NC(=O)c1ccnc(-c2ccc(C(F)(F)F)cn2)c1Cl,9.7,0.6698468874567881,0.8188675300873852,0.26603019514020443
CC(C)C(C)[C@@H](N[C@H](C)NC(=O)N1CCOCC1)C(=O)N1CCCC1,8.0,0.7042074450874533,0.7055079316140496,0.19872957520434542
C[C@@H]1CC(Oc2ccc(C3=Cc4ccccc4OC=C3)cc2)=NO1,9.6,0.8097036271926925,0.7287027070493132,0.28321594802062217
CC[NH+](CC(=O)n1ccnn1)C(=O)CC(=O)N[C@@H](C)CNC(=O)Nc1nccn(C)c1=O,8.6,0.29673891988086876,0.6049439878810318,0.07718948298746438
CCNc1cc(-c2cc(C)cc(C(=O)c3sc(N)nc3CC)c2)nc(C)n1,9.1,0.6263471682292017,0.8054521238983394,0.22954415891130403
COC(=O)N1CC(NC([O-])=CC(=O)c2ccc(C(N)=O)cc2)C1,8.3,0.41628020775798136,0.8032396668021905,0.13876470178098504
O=C(CNC(=O)Oc1ccccc1)NC(C(=O)Nc1ccccn1)c1cccc(O)c1,9.4,0.4643741976004604,0.811950174001568,0.17721289395546022
Cc1cccc(C)c1C(=O)c1ccc(-c2ccnc3c2OCO3)cc1,10.4,0.6705167301343596,0.8451554182025952,0.29467924068364154
CC(C)(C)NC(=O)[C@H](CN(CC(=O)NC1=CCc2[nH]c(=O)ccc21)S(C)(=O)=O)NS(=O)(=O)c1cccnc1,9.9,0.2906602512505763,0.6936508446085404,0.09980028074317596
Cc1cc(=O)n(-c2cc(Br)cc([C@H](C)N(C)CC(C)(C)N3C(=O)CCCc4sccc43)c2C)cn1,9.3,0.38379547455311885,0.6768957992460434,0.12080213819001127
C#Cc1[nH]c(-n2cnc(C)cc2=O)cc1-c1cc(F)cc(F)c1N(C)C,8.6,0.7361435320926454,0.7269354497682728,0.23010539672618202
CCC1=C(C(=O)c2cc3oc(=O)cc(C)c3cc2-c2ccc3c(c2)NC(=O)CC3)[SH]=CC=N1,12.0,0.25417595940241267,0.706083728179987,0.10768170541714833
Cn1nc2c(c1C(=O)N[C@H](CCNC(=O)C(=O)NCCC1CCCCC1)C(F)(F)F)CCCC2,9.4,0.49239603507181867,0.7290446656115309,0.16871999028656753
C/C(=C\C(=O)NC(=O)CNc1cccc(F)c1)C(=O)NNC(=O)[C@@H](C=O)OCC(=O)O,8.1,0.1276111166468283,0.713606145932259,0.036880951237024305
CS(=O)(=O)[C@H](C=O)CC(=O)S(=O)(=O)NC(=O)CONC(=O)c1ccc(F)cc1Cl,8.2,0.35968063951809964,0.6933319639528456,0.1022450145190888
CS(=O)(=O)C1=CC[C@@H](NC([O-])=CN2CCc3cc(F)ccc32)CC1,0.0,0.8308378634579735,0.6692146004533657,0.0
Cc1ccc(C(=O)N2[C@H](C)C(CC=O)=N[C@H]2c2ccc3c(c2)NC(=O)CC3)cc1C(N)=O,0.0,0.7051613697466005,0.6784270828759245,0.0
CNC(=O)N1CCC[C@H](c2ccccc2C2=CCCC=C2)C1,10.0,0.8805992311986183,0.7662730517916282,0.3373897301479634
Cc1cc(C2=NO[C@H](C)C2)cc(Cl)c1OC(=O)Nc1ccccn1,9.2,0.905762342541467,0.7649540581422966,0.3187186266342013
O=C1NCc2cc(-c3ccc(N4C(=O)Cc5ccccc54)cc3)ccc21,11.4,0.7709331710203561,0.854818203374933,0.3756343936590436
C[C@H](C1=Cc2ccccc2OC=C1)N(C)C(=O)N[C@H](C)C(=O)CNC(=O)COC(=O)C(C)(C)O,9.7,0.4615679816397099,0.6627176157233658,0.1483562776589597
CS(=O)(=O)NC(=O)N/C=C(\[O-])C1=Cc2ccccc2OC=C1,9.1,0.785361824033665,0.7085158719000844,0.253180799468075
Cc1cc(=O)n(OCC(=O)NS(=O)(=O)c2nc[nH]c2C(=O)c2ccccc2C=O)cn1,9.0,0.33440234595780066,0.7420195050062134,0.11165987844923571
N=C1NS(=O)(=O)C(c2ccc3c(c2)NC(=O)CC3)=C1N1CCc2cc(F)ccc21,11.4,0.7046223697420341,0.7467829053219067,0.2999339660455349
CCC(=O)Nc1nc(NNC(=O)C2CN(C(=O)c3cc3=O)C2)cs1,8.9,0.628628838332484,0.8108879001483807,0.226837645816224
C[C@@H]1CC(c2ccccc2C(=O)c2ccc(O)c(NOc3cccc(N4C(=O)Cc5ccccc54)c3)c2)=NO1,10.5,0.1828808717925262,0.7259707504627172,0.06970223596376052
CCc1cc(=O)[nH]c(Nc2nc(C3=CC(F)=CCC3)c(C(=O)NC(=O)Nc3ccccn3)s2)n1,10.2,0.41798158442694244,0.7364849980134439,0.15699695485192977
CCN(C(C)=O)C(=O)N1CC(=O)N(NC(=O)C(C)=O)[C@@H](C)C1,7.4,0.6815535832443758,0.6971280576958117,0.1757981465100258
O=C(NCc1ccccc1Nc1ccc(C2CN(C(=O)c3cccs3)C2)[nH]1)c1ccccc1O,10.5,0.31356635535012817,0.8072446963416253,0.13289050808647132
Cc1noc(C)c1CNC(=O)c1cc([C@H](C)NC(=O)N2C=C(OC(F)(F)F)CC2)ccc1N(C)C,9.1,0.5990602872046114,0.7116757570733039,0.19398319096014616
Cc1cc(=O)n(-c2ccc(O)cc2NC(=O)C(=O)N2CC[C@H](O)C2)cn1,8.3,0.6375445637748948,0.7618442454275277,0.20156950770293544
Cc1ccc(-c2ccc(-c3ccc(F)cc3)cc2C)cc1C(=O)CNC(=O)C1=Cc2ccccc2C1,11.6,0.31494649045940615,0.8322888582216112,0.15203334386831038
O=C(NCC=CC1CCC2=CC=NCC2C1)C1=Cc2ccccc2C1,10.3,0.8388808502868742,0.6484945714381474,0.2801649839096444
Cc1cc(-c2ccc(C3=CC=CC3)cc2)cc2c1NC(=O)CC2,10.3,0.8403724066296748,0.8194775172521739,0.35466314107634195
Cc1cccc(C)c1C(=O)NC(=O)c1ccnc2c1OCO2,9.2,0.857989642132048,0.8256880030476252,0.3258786069538764
CCc1nc(N)sc1C(=O)C(=O)c1c(C)n[nH]c1-c1ccccc1C(=O)NCc1c(C)noc1C,9.1,0.24871682817827712,0.7646193291763732,0.08652903091403003
Cc1cc(C(=O)c2cncc(C(F)(F)F)c2)nc(=O)[nH]1,8.8,0.851428573440259,0.8119566495149115,0.30418216038839796
Cc1cc(CC(=O)Nc2ccc(CNC(=O)N3CCC(C)CC3)cc2)oc1-c1nnc2cccc(C)n12,11.0,0.39831961807650856,0.7949141598382565,0.1741464475027107
Cc1ccc(C(=O)c2ccc(-c3nnc4cccc(C)n34)c(C)c2C)c(F)c1F,11.1,0.45450652656799423,0.8125263762412315,0.20496069026070612
C[C@@H]1CC(N2C(=O)N(c3c4c(nn3C)CCCC4)C(C)(C)C2=O)=NO1,9.3,0.7289704171720134,0.6683533490071706,0.2265525661344923
Cc1ccc([C@H](C#N)NC(=O)N2CCN(c3ccc4c(c3)CNC4=O)C(=O)C2)cc1,9.6,0.8159362528746203,0.7584515133693723,0.2970470811867315
CCCC(=O)NNC(=O)C1CCC(=NNC(=O)C(=O)c2ccc(O)c(C)c2)CC1,9.3,0.3245698773085774,0.8065227223950774,0.12172443619027279
CCc1nc(N)sc1C(=O)c1ccc(Oc2ccnc3c2OCO3)cc1[N+](=O)[O-],8.9,0.3651153469296949,0.7715176145151524,0.12535335006130138
Cc1cc(C(=O)c2ccc(CC(=O)Nc3ccc(C4CN(C(=O)c5cccs5)C4)cc3)cc2)ccc1O,9.1,0.32546968666236475,0.8481508645172254,0.12560156523316
CC1=CCN(c2c3c(nn2C)CCCC3)CC1C(=O)[C@H](C)NC(=O)F,9.0,0.5151027840406132,0.6382880271011682,0.14795277290082093
Cc1cc(=O)n(-c2ccc(S(=O)(=O)NC(=O)N3CCOCC3)cc2)cn1,9.6,0.8208862797573391,0.8414002592786543,0.3315330857405352
C[C@@H]1CC(N2CCN(C3=C(c4ccc5c(c4)NC(=O)CC5)S(=O)(=O)NC3=N)C[C@@H]2C)=NO1,11.8,0.6127245619473706,0.6095196133666572,0.2203459064780653
CC(=O)N[C@@H](C)C(O)C(=O)N[C@@H](C)CNN1C(=O)Cc2ccccc21,7.9,0.5294478070225851,0.6893737654392184,0.14417003419062496
CNC(=O)N1CCC[C@H](c2ccc(C(=O)Nc3ccccn3)cc2)C1,9.4,0.9035676187452816,0.8313914017756578,0.35307262409943446
C[C@@H]1CC([C@@H]2Cc3ccccc3[C@@H]2NC(=S)N(C)NC(=O)CCn2c(=O)[nH]c3ccccc32)=NO1,10.7,0.3737911462886938,0.6455551909387641,0.1290970059252852
COc1nc2ccc(C)cc2c(=O)n1-c1nc(C(F)F)cc(N2C=CC=CC=C(C3CN(C)C3)CCC2=O)n1,10.9,0.4863315845014763,0.6659649061324919,0.17651447357187652
Cc1ccc(C(=O)c2sc(N)nc2Oc2cccc(F)c2C(N)=O)cc1NC(=O)Oc1ccc(F)c(O)c1,11.7,0.243670085492374,0.7900452100284482,0.11261857456422644
C=C(CCCC(=O)NNC(=O)NS(=O)(=O)N1C(=O)CCCc2sccc21)C(=O)NC[C@@H](C)NC=O,9.1,0.15169990519160872,0.6741656710409152,0.046533245113056565
O=C(NN=C1CCCCC1)NC(=O)C(=O)N1CC[C@H](O)C1,8.5,0.45643125878913765,0.7497570169105283,0.145440329081146
Cc1cccc2nnc(-c3ccc(Nc4ccc(C(F)(F)F)cn4)cc3)n12,10.8,0.5602093324456404,0.845219415273631,0.2556898943762891
O=C1CCc2ccc(C(=O)C(=O)N3CCOCC3)cc2N1,9.1,0.6389403226993473,0.849252161832323,0.24689275990208956
CN1C(=O)N(c2cccc(-c3ccccc3)c2)C(=O)C1(C)C,9.5,0.7949783136911315,0.8802992262506518,0.3324139273534667
O=C(Nc1ccc(N2CCc3nc(NC(=O)N4CCCC4)ccc3C2)cc1)N1CCCC1,9.1,0.7678329170942918,0.8420129251493148,0.29416898444956563
Fc1ccc2c(c1)CCN2[C@H]1CNCc2ccccc21,9.6,0.8549361577487998,0.8063683513747095,0.3309088608261736
Cc1ccc(NC(=O)NN=C2CCC(CC(=O)NCCNC=O)CC2)cc1C(N)=O,10.5,0.23142001894966113,0.7995625922110191,0.09714326487647996
Cn1ccnc(NC(=O)NC2(C(=CC(C=CC=O)=NN)c3nncs3)CCCCC2)c1=O,9.0,0.18768901117295023,0.6800270741754115,0.05743512410526786
O=CCNC(=O)NC(=O)CCC(=O)N[C@@H](CNC(=O)OF)C1CCC1,7.5,0.41535574507820594,0.7278892398852608,0.1133748665876068
O=C(CNc1cccc(-c2cccc3c2CCNC3)c1)c1ccc2c(c1)CC(O)N2,10.3,0.493774171187354,0.7487828276433335,0.19041075436123883
CCNc1cc(-c2ccnc(C(C)(C)N3C(=O)CCCc4sccc43)c2)nc(C)n1,9.5,0.6314107527979871,0.7660373045574961,0.229749990792445
Cc1ccc(Nc2ccc(NC(=O)c3ccc(F)cc3Cl)cc2)cc1C(N)=O,10.0,0.5731204108220563,0.8962537968126296,0.25683067211504107
Cn1nc2c(c1N1CCN(C(=O)NC(=O)c3cc(-c4ccc5c(c4)CNC5=O)ccc3Cl)CC1)CCCC2,10.4,0.5373767826847746,0.7840824382436582,0.2191008029719655
Cc1cccc(C)c1C(=O)[C@@]1(CCc2ccccc2)NC(=O)N(NC(=O)N2CCOCC2)C1=O,11.1,0.38771904572825183,0.7369114284320438,0.1585716006789428
Cc1cc(=O)n(-c2ccc(C3=Cc4ccccc4OC=C3)cc2C(F)(F)F)cn1,10.9,0.6119511921395717,0.7788009165789423,0.2597405413902319
Cc1ccc(C(=O)c2ccc(Oc3ccc(Oc4cccc(F)c4C(N)=O)cc3)cc2)c(F)c1F,10.7,0.3157865840429228,0.8511780467474617,0.14380297517016888
N=C1SCC(=O)N1S[C@H](C(=O)C=O)[C@@H]1CCN(c2ccc3c(c2)NC(=O)CC3)C1,0.0,0.39978097772334437,0.6325197854588444,0.0
O=C(NCc1cc(F)cc(F)c1N1C(=O)Cc2ccccc21)Oc1ccccc1,9.2,0.710185594021238,0.8395189527009163,0.2742585624133544
Cc1cc(=O)n(-c2ccc3c(n2)CCN(c2cccnc2N(C)C)C3)cn1,8.6,0.7095649517454784,0.7884405940948097,0.2405634192043158
Cc1ccc(C(=O)c2c(C)cccc2C)cc1CNC(=O)C1=CC=CC(F)C1Cl,9.9,0.561437744006396,0.7179711832074371,0.19953258007398522
Cc1cc(=O)c(O)c(Cc2cc(=S)cc(C)n2-c2ccc3c(c2)CNC3=O)n1C,9.5,0.6545607147172585,0.735179260856616,0.2285792446550159
Cc1cccc2nnc(NC(C)(C)C(=O)c3ccc(-c4ccccc4)cc3)n12,10.9,0.5138080887918942,0.8292961488836357,0.23222399276870656
Cc1cccc(NC(=O)N2CCc3ccccc3C2)c1,9.3,0.8402618065013441,0.9169248880452189,0.35826248772753705
Cc1cccc(Nc2ccccc2-c2nc(C(=O)c3ccc(O)c(C)c3)cc(C(F)F)n2)c1,11.3,0.33702418127906214,0.8244772149723073,0.15699584847299503
CC1=CC=CCC1C(=O)NC(=O)c1ccnc2c1OCO2,8.4,0.8353107844859231,0.7029393419865824,0.2466125815443489
Cc1cccc(NC(=O)c2cc(C(=O)c3ccc(C(N)=O)cc3)cnc2C)c1,10.0,0.6700474577593595,0.8852447238343262,0.29657798835003824
Cc1noc(C)c1CNC(=O)NC(=O)N1CCC2=CC(F)=C(NCc3c(C)noc3C)C21,10.0,0.6474230561588123,0.6833168357816386,0.22119753707325887
C[C@H]1CCCCCN(C(=O)Nc2ccccn2)CCN1NC(=O)C(=O)N1CC[C@H](O)C1,10.6,0.595345901989624,0.6774444427419548,0.21375629959039566
CC1(c2ccc3c(c2)CNC3=O)C=Cc2cc(F)ccc21,10.0,0.8513416093491922,0.7328113932686335,0.31193641544737116
CCC(=O)Nc1nc(-c2ccc(C(F)(F)C(=O)Oc3ccccc3)cn2)cs1,9.1,0.49154671314879805,0.8310417452809093,0.18586560646393357
O=C(C1=CCc2[nH]c(=O)ccc2C1)N1CCc2ccccc2C1,9.7,0.8757461900210441,0.8019250488250785,0.3406071610026361
CN(CC(C)(C)C(C)(C)CC(C)(C)C)C(=O)NCNC(=O)N1CCCC1,7.7,0.6988865781520175,0.7652853860374715,0.20591635863162758
O=C1NCc2cc(-c3ccc(-c4ccc5ccccc5c4)cc3)ccc21,11.0,0.5207243163550764,0.8862098880060911,0.25380907094349436
Cc1cccc(NCC2=CC=C(c3cccc(N4C(=O)N(C)C(C)(C)C4=O)c3)N(N3CCCC3)C2)c1,10.8,0.5914016478267401,0.7521572543029715,0.24020660139459143
CC(=O)Nn1c(C(=O)C2=CCc3[nH]c(=O)ccc32)cc2c1C=CNC2,10.1,0.7330933484488483,0.6823813060080606,0.25262584425287543
O=C1CCC(C(=O)C[S@@+]([O-])CN2C(=O)Cc3ccccc32)CC1,8.2,0.7671128979363738,0.692596685984254,0.217832938863469
Cc1ccc(C(=O)c2ccc(C(F)(F)F)cn2)c(F)c1F,8.5,0.6214294586982093,0.8527071801473414,0.2252063785894915
CC(=O)NC1(Nc2ccc(C(F)(F)F)cn2)CCNCC1,8.2,0.7440343700934302,0.7672557781011117,0.23405451451960216
CCOc1c(C(=O)Cn2nc(C(N)=O)ccc2=O)n[nH]c1-n1cnc(C)cc1=O,9.6,0.48676461409421623,0.7593057993181546,0.1774095333046089
Cc1cccc(NC(=O)C(=O)c2cc(F)cc(F)c2-c2ccc(F)c(O)c2)c1,10.3,0.5093227780702059,0.8451728546778414,0.22168987994143297
CCCn1ccc(F)ccc(NC(=O)NCC[C@H](C)N2C(=N)SCC2=O)cc1,8.0,0.6453545318503304,0.6880816482454087,0.17762264399128783
Cc1cc(=O)c(O)c(Cc2c(F)cccc2-c2ccc(F)c(O)c2)n1C,9.8,0.7522729438691589,0.8070223403424873,0.29747952515143444
CCc1nc(N)sc1C(=O)C[C@@H](NC(N)=O)C(=O)[SH](=O)=O,7.1,0.3841295300282222,0.6639614165786569,0.0905417513520674
Cc1ncc(CNC(=O)S(=O)(=O)Nn2c(N)cc(C3=NO[C@H](C)C3)c2C)s1,8.2,0.6785279057202924,0.652288019229314,0.18146420568178276
Cc1cc(C(=O)c2ccc(N(C)CNC(=O)c3ccccc3Cl)c(Br)c2)ccc1O,10.1,0.37164027887051176,0.8349985911518374,0.1567111501824374
O=C1NCc2cc(-c3ccc(C(=O)N4CCc5cc(F)ccc54)cc3)ccc21,11.5,0.7408055464581033,0.8568865311248514,0.36500211959195705
C[NH2+][C@H](C)[C@@H](C)NC(=O)NCC[C@H](C)N1C(=O)Cc2ccccc21,7.6,0.6840818459859378,0.654477257767281,0.1701320840467173
O=C(C#Cc1cccc(N2C(=O)Cc3ccccc32)c1)Nc1ccc(C(F)(F)F)cn1,9.3,0.6275625226674425,0.8132302994443334,0.23731407907643182
CC(=O)NC1CCN(Cn2nc(C(N)=O)ccc2=O)CC1,7.9,0.7319150646053577,0.8474244783663638,0.2449958830235131
CN1C(=O)[C@H]2CC(=O)NC(=O)C2=C(CCC(=O)NC2CCCC2)[C@@H]1C(=O)c1ccc(C(N)=O)cc1,10.9,0.38344652600154855,0.70039195136859,0.1463667590224936
Cc1cc(C(=O)NC(=O)CN(C)S(C)(=O)=O)nc(=O)[nH]1,7.5,0.6765634373265207,0.8120916703345478,0.2060368244646665
Cc1cc(C(=O)C2=NC(C)C(NS(=O)(=O)N3CCc4[nH]c(=O)ccc4C3)C=C2)ccc1O,11.2,0.5825124835326022,0.6487119575518103,0.21161437555484858
CC1CCN(Cc2ccc(C3CN(C(=O)c4cccs4)C3)cc2)CC1,8.2,0.8206372615338672,0.8750323412795183,0.2944144991634888
Cc1cccc(-c2ccccc2)c1[C@H](NN1CC[C@@H]1C1=CCOCC1)C(=O)N1CCCCC1,10.9,0.6581589941926873,0.6907573998601146,0.2477723665600835
CCC(=O)Nc1nc(CNC(=O)N(C(=O)NC(=O)OC)C(=O)c2ccc(C(N)=O)cc2)cs1,9.7,0.4809371339419934,0.8040130462378158,0.18753966910314945
Cc1cc(C(=O)c2ccc([C@]3(CNC(=O)c4ccccc4Cl)Oc4ccc(O)cc4O[C@@H]3C)cc2)ccc1O,11.5,0.26640224137546953,0.7168449895856566,0.10980723936802655
C[C@@H](NC(=O)c1ccc(F)cc1Cl)NC(=O)N(C)CC=O,7.7,0.6365170466225211,0.7662110819133221,0.18776696975533202
CS(=O)(=O)c1ccc([C@H](O)NC(=O)N2CCOCC2)cc1CNC(=O)c1ccccc1Cl,9.4,0.5392352628145362,0.7790305782189767,0.1974379565356409
Cc1ncc(CNC(=O)C2=CCC(C(=O)C3CC4=CCCC=C4C3)C=C2)s1,10.0,0.8329332538662179,0.6610140653938217,0.2752902981699064
O=C(C1=CCN(C(=O)NCn2c(=O)[nH]c3ccccc32)C1)C1CC2=CCCC=C2C1,11.5,0.8214986922165701,0.7243867048799593,0.3421725701628253
O=C(C1Cc2ccccc2C1)[C@H]1CC=CC=C1c1ccc(N2C(=O)CCCc3sccc32)cc1,11.4,0.4302743807842345,0.7233091271499925,0.1773961904760275
C[C@@H]1CC(N2CCC(NC(=O)N3CCOCC3)CC2)=NO1,8.0,0.7699544657105115,0.7458581860387051,0.22971073645089704
Cc1cc(=O)n(-c2cccc(C(=O)c3sc(N)nc3SC3=NO[C@H](C)C3)c2)cn1,8.9,0.6368880821110342,0.6859833562704125,0.19441810774014323
Cc1cc(=O)n(NC(=O)CCn2c(=O)[nH]c3ccccc32)cn1,8.8,0.725537277976197,0.8202673362047482,0.26185919334202284
CCc1nn(NCc2c(O)c(=O)cc(C)n2C)c(=O)c2ccccc12,9.9,0.749628105751301,0.7845943070914841,0.2911362023830807
CNC(=O)c1cc(-n2c(=O)c(=O)[nH]c3ccc(-c4nnc5cccc(C)n45)cc23)ccc1C,11.2,0.4182401723298309,0.8068077360641185,0.18896606767835866
NC(=O)c1ccc(=O)n(Cc2ccc(NN3C=CC=CC=C4CCNCCC4(N4CCOCC4)NC3=O)cn2)n1,9.7,0.4048956042259011,0.5921626402665107,0.11628556426489615
C[C@H](N(C)C(=O)C[NH+](C)C)n1nc(CNC(=O)Oc2ccccc2)c2c1COC2,8.4,0.6964424581529408,0.6479528441447785,0.18952998604821913
Cc1ccc(-c2ccc(-c3ccc(F)cc3)cc2C)cc1C(=O)NNc1ccc(N2CC=CC(=O)C2)cc1,10.8,0.2946343848150284,0.8129753105090073,0.12934645946007914
CC(=O)Nc1ccc(N2CCc3[nH]c(=O)ccc3C2)cc1,8.7,0.8843635063738536,0.860526520806682,0.3310429393017062
CNn1cc(C(=O)Nc2nc(=O)cc[nH]2)cc(C2=CC=CC2)c1=O,9.7,0.7665694706994113,0.724002790506891,0.26917424141332563
O=C(CNc1cccc(F)c1)c1ccc2[nH]c(=O)[nH]c2c1,8.4,0.6435399056784916,0.8689406233707846,0.2348631460577827
CC(=O)NC1(C(=O)CNc2cccc(F)c2)CCN(NC(=O)CCS(=O)(=O)c2cnn(C)c2)CC1,8.4,0.4188404632930121,0.7543221047513136,0.1326950603270041
O=C(C(=O)N1CCOCC1)C1=CC=C(F)C(Cl)=CC2=CC=CC=CCC(=O)N21,9.7,0.6631979482607172,0.6462719893754478,0.20787403482550196
CC1=CCCCC1CNC(=O)c1cc([C@H](C)NC(=O)N2CCOCC2)ccc1N(C)C,10.0,0.6818964054393686,0.7285224900613713,0.2483884336272936
CCC(=O)Nc1nc(ON(C)c2ncccc2C(=O)C2Cc3ccccc3C2)cs1,10.0,0.45898917717125987,0.7752963259191713,0.17792631134877068
NC(=O)c1ccc(C(=O)NCC(=O)N2CCCCC2)cc1,8.7,0.8463793036821566,0.9175444217193287,0.33781691480722975
Cn1cc(SCCN[SH](=O)=O)cc(N2C(=O)CCCc3sccc32)c1=O,8.3,0.4271603668754963,0.7031007861490441,0.12463976775117835
CCc1nc(N)sc1C(=O)c1ccc(-c2ccc3c(c2)CNC3=O)cc1,10.4,0.6956121058592787,0.8254157578119611,0.29856798062052553
Cc1cccc(NC(=O)N2CCNC(=O)C[C@H]2C(=O)N[C@@H](C)CS(C)(=O)=O)c1,8.7,0.6425009792888726,0.7539676866190723,0.2107248649971401
NC(=O)c1ccc(=O)n(Cc2ccc(C(F)(F)F)cn2)n1,8.2,0.9072168792951028,0.8468117974598532,0.31497920205913993
C[C@H](NC(=O)N(C)CC(=O)CNC(=O)c1ccccc1Cl)C(=O)NC(N)=O,8.8,0.5046236075431123,0.7953713467876415,0.17659978967505754
CCNc1cc(C(=O)NC(=O)c2cccc(C(=O)c3ccc(C)c(F)c3F)c2)nc(C)n1,10.7,0.45052373347266084,0.8225565235721687,0.19826096125573398
Cc1cccc(C)c1C(=O)[NH+](C=O)CC[C@H](C)c1ccc(F)c(O)c1,8.4,0.7919268900601346,0.6623894534242059,0.22031688834072277
CCOCCN(C(=O)CN(C)C(=O)N[C@@H](C)CCC(=O)NC1CCCC1)C1=NC(=O)CCN1,7.8,0.3820614251177358,0.7119361795693325,0.10608130703006283
O=C(c1c(O)nc2ccccc2c1N1CCc2cc(F)ccc21)C1Cc2ccccc2C1,10.6,0.449344120418557,0.8096368397613557,0.19281694341914407
N=C1SCC(=O)N1c1cc(N2CC[C@@H]2c2ccccc2)ccc1F,9.3,0.9238279985467713,0.7665441001122617,0.3292920293391142
CCNC(=O)NC(=O)NC(=O)N[C@@H](C)CNCNC(=O)c1ccccc1Cl,8.0,0.2967309877378147,0.7707672292085239,0.09148420849559358
O=C(NCC=Nc1ccc(N2CCc3[nH]c(=O)ccc3C2)cc1)Oc1ccccc1,9.1,0.6404042119575015,0.8026883164867432,0.2338904653390698
CC(=O)N1CCC(CC2=CC(=O)c3ccccc3C2)CC1,10.2,0.8364362004436129,0.8342834438836051,0.35589068568645754
CC(=O)NC(C)(C)CN(C)C(=O)NC1=Cc2ccccc2OC=C1,9.1,0.8914159810094762,0.7609261142419793,0.3086272728642479
CNC(=O)N1CCC[C@H](C2CCN(S(=O)(=O)Nc3cc3=O)CC2)C1,7.9,0.8127177443619122,0.7665627582657026,0.24608466654477132
O=C(NCc1c(Cl)cccc1Nc1ccc(C(F)(F)F)cn1)N1CCCC1,9.5,0.777167805845572,0.84601025075394,0.31230866689311826
Cc1ncc(C(=O)c2ccc(CN)cc2)cc1C(=O)NNc1ccc(NC(=O)N2CCOCC2)cc1,9.7,0.2962236024702184,0.8337459157272126,0.11978298107024982
Cc1cccc(C)c1C(=O)[C@H](C)NC(=O)c1ccc(N2C(=O)Cc3ccccc32)cc1,10.7,0.6265394876020061,0.807703638669407,0.2707411497898202
Cc1noc(C)c1CNC(=O)C=CN1CCN(C2=NO[C@H](C)C2)[C@@H](C)C1,9.4,0.8195191584521454,0.6433845551805819,0.24781500553466826
C[C@@H]1CC(N2C(=O)CN(c3cc(N)ncn3)C[C@@H]2C)=NO1,8.1,0.7942857177748293,0.6529820904847523,0.21005501111608993
CCCN(C(C)=O)C(=O)N1CCN(C(=O)Nc2ccccn2)CC1=O,8.9,0.8829404005375061,0.8055236270468912,0.316497062488707
Cc1cc(C(=O)N2CCc3c(ccn3C)C2)ccc1O,8.5,0.8634500228828043,0.8380408884241505,0.3075327303217873
O=C([C@H](NF)c1cccc(-c2ccc(F)cc2)c1)N1CCCC1,9.4,0.8737123906191655,0.8138669567391401,0.33421025287669454
CC(C)[C@H]1C[C@@H]2CC(C)(c3ccc4c(c3)CNC4=O)CN2C1,9.5,0.9102483116319998,0.6592018505356312,0.2850177514505054
NC(=O)c1ccc(N2Cc3ccccc3[C@@H](C=O)C2)cc1,8.6,0.8755784568465443,0.797449085576326,0.3002385730979212
C[C@@H]1CC(N2CCN(C(=O)NNC(=O)C3CCC(C=O)CC3)C(=O)C2)=NO1,8.3,0.5146252052809195,0.6837683890728417,0.14603204575035414
CNC(=O)c1cc(-c2ccc(-c3ccc4c(c3)CNC4=O)cc2F)ccc1C,10.6,0.7260386558895324,0.8508927676762355,0.3274239519153824
O=C1NCc2cc(-c3ccc(N4CCc5[nH]c(=O)ccc5C4)cc3)ccc21,11.1,0.7412111706387341,0.8221706412628316,0.3382181452287482
O=C(NN1C(C(=O)C2Cc3ccccc3C2)=CCC2=C1CCNC2)C(=O)C1Cc2ccccc2C1,12.1,0.6615807802489154,0.7232731986543784,0.28949470649482995
CCc1nc(C(N)=O)sc1C(=O)c1cccc(-n2cnc(C)cc2=O)c1,9.4,0.6919895084513995,0.7999473644185675,0.26017093624076865
CCc1nc(N)sc1C(=O)c1cc(N2C(=O)CN(N3CCCCNCC3)C[C@@H]2C)ccc1Cl,9.5,0.6220592079461852,0.6992249575748707,0.20660567856048376
O=C1Cc2ccccc2N1c1ccc(-c2ccc3c(c2)CN=CC3)cc1,11.0,0.6663872380659792,0.8202064914026946,0.300616326147296
Cn1nc2c(c1NCC(=O)N1CCCCC1)CCCC2,8.2,0.9143374368189132,0.8374545962680305,0.3139435964916108
CCc1nc(N)sc1C(=O)c1cccncc(C)ccc1NC(=O)N1CCOCC1,9.6,0.7251514709682363,0.775689341423671,0.26999628813492355
C[C@H](NC(=O)N1CCOCC1)c1ccccc1Oc1cccc(F)c1C(N)=O,10.5,0.8249373433023925,0.8095843554903455,0.35062459288362735
CC1=NN(C(=O)NC(=O)NC(=O)N2CCOCC2)C(=O)/C1=N\NC1=NO[C@H](C)C1,9.3,0.4748034604864343,0.6613152373071717,0.1460075648628215
CCCCS(=O)(=O)NC(=O)N[C@@H]1CCCCC(=O)N(/C([O-])=C/NC(=O)NC(=O)Nc2nccn(C)c2=O)CC1,9.6,0.25070207613821593,0.6272774785748769,0.07548468777286411
Cc1cc(NC(=O)N2CCOCC2)c(C(C)(C)C)n1-c1ccc2c(c1)CNC2=O,10.5,0.8186124406408688,0.790195255633444,0.3396034250683876
CC(=O)N(C)c1ccc(N2C(=N)SCC2=O)cc1Cn1nc(C(N)=O)ccc1=O,9.2,0.7244721586716908,0.7713675349559342,0.2570637794622418
Cc1noc(C)c1CNC(=O)NC(=O)CCc1ccc(CCC(=O)NC2CCCC2)cc1,9.4,0.5539686007837824,0.8506728898981505,0.2214856531545403
Cc1cc(=O)n(NC(=O)CN(CS(=O)(=O)C(CCCO)CCCO)S(C)(=O)=O)cn1,7.1,0.30041079113375063,0.729455833969261,0.0777934234838416
O=C(c1cccs1)N1CC(c2ccc(N3CCc4cc(F)ccc43)cc2)C1,9.9,0.6522717126403019,0.8562435321823632,0.27645920041101685
CCC(=O)Nc1nc([C@@H]2CS/C(=N/C(=O)/N=C/c3ccc(C4=CCCC=C4)cc3)S2)cs1,8.9,0.5027127052197858,0.6489787924549036,0.14518119855144718
CC(=O)N(C(C)=O)c1nc(O)cc(C(=O)C2Cc3ccccc3C2)n1,10.5,0.8540238693661951,0.7799376738696336,0.3496948298038724
CCc1cc(=O)[nH]c(NN2CCC(C(=O)c3ccc(C)c(F)c3F)(C(F)(F)F)CC2)n1,9.8,0.5424035694407282,0.7285343870234209,0.19362822947109007
CC1=C(c2ccc(Oc3ccccc3Nc3ccc(C)c(C(N)=O)c3)c(Cl)c2)S(=O)(=O)NC1=N,12.0,0.38373922130580534,0.7831873163356131,0.18032381454432697
Cn1nc2c(c1C1=CC=CC(c3c4c(nn3C)CCCC4)C1)CCCC2,10.1,0.8210292730898945,0.6846486089003122,0.2838688575921525
CCc1nc(C)[nH]c1C(=O)c1ccc(C(=O)NCc2cnc(C)s2)cc1,8.4,0.654138737620872,0.8222898272449347,0.22591448441204437
O=C(C(=O)N1CCOCC1)C1=CC=C(F)C(C(=O)N2CCOCC2)=CC2=CC=CC=CCC(=O)N21,10.7,0.5597183123845252,0.6546844210409151,0.19604478971986156
CC1=CN(C(=O)c2cccs2)CC1CNC(=O)c1cc([C@H](C)NC(=O)N2CCOCC2)ccc1N(C)C,9.7,0.5785403921937593,0.6906604488855161,0.193793858980908
O=C(c1cccs1)N1CC(c2ccc(N3CCOCC3)cc2)C1,8.2,0.8684715367920484,0.8748049569766285,0.31149471420530567
CCc1cc(=O)[nH]c(Nc2ccc(NC(=O)c3cccc(C(=O)c4cc(C)[nH]c(=O)n4)ccncc3)cc2F)n1,10.0,0.2579536318347687,0.7354425219965577,0.09485503477736691
CC(=O)N1CCC(CN2CCN(C(=O)c3c(O)cccc3C(=O)NCc3cnc(C)s3)CC2)CC1,9.4,0.6306919963670904,0.8158710870405022,0.24184478139196836
CCNC(=O)N(C)CC(=O)Nc1ccc(C)c(C(N)=O)c1,8.4,0.743365721886343,0.8843220153121766,0.2760973627828592
CCc1cc(=O)[nH]c(Nc2cc(C(F)F)nc([C@H]3CCC[C@H](C)C3)n2)n1,9.2,0.8355905583996204,0.6861327111342174,0.2637299670071276
CC(=O)NNC(=O)NNC(=O)NC(=O)NCC(=O)c1nnc2cccc(C)n12,9.7,0.2709096358976185,0.7662351923401791,0.10067654102987751
CC(=O)N1CCC(C[C@H]2CCCN(c3ccc([C@H](C)NC(=O)N4CCOCC4)cc3C)C2)CC1,9.0,0.7074691450260109,0.7456362086275483,0.23738157495817555
CCNc1cc(C2=CC=C(Cl)C=C[C@H](C)CN2C(=O)NCc2cnc(C)s2)nc(C)n1,9.7,0.6678122700661725,0.6263717029969641,0.2028748738085542
Cc1ccc(NC(=O)CNC(=O)NCC(=O)c2ccc3c(c2)CNC3=O)c(C)c1,10.3,0.5577492624572525,0.8467914569629786,0.24323311494674488
CCC(=O)Nc1nc(-c2cccc(C3=CC=CC3)c2)cs1,9.0,0.9021048767691074,0.8401303921812091,0.3410485757588752
C[C@H](NC(=O)N1CC=C(c2ccc3c(c2)CNC3=O)C1)c1ccc(-c2ccc(F)c(O)c2)cc1,8.5,0.5351689304946543,0.7522153555401591,0.1710889721135853
CC(=O)n1cc(CNC(=O)N2CCCC2)ccc(F)ccc1-n1cnc(C2=CCc3[nH]c(=O)ccc32)cc1=O,11.7,0.5372645563185379,0.6902515261328733,0.2169458927625435
CNC(=O)CNC(=O)C(CS(=O)(=O)CC(=O)NC)S(=O)(=O)NC(=O)COC(=O)c1ccc(C)c(F)c1F,8.9,0.19054410044234765,0.7137047211565117,0.06051653971302972
Cn1nc2c(c1-c1nn(-c3ccc4c(c3)CNC4=O)c(=S)sc1=O)CCCC2,10.6,0.6556385978783299,0.7514809565759435,0.26113095797191044
CCOCC(=O)N/N=C\c1cccccc(C[C@@H](NC(N)=O)C(=O)N2CC[C@@H]2c2ccccc2)[nH]c1C,9.7,0.2900614845091019,0.6748744084142471,0.09494121028949164
O=C(NCn1cc(CN2CCc3cc(F)ccc32)cn1)Oc1ccccc1,9.3,0.752495392597714,0.8314312060145355,0.29092639058137293
CNC(=O)c1cc(-c2nccc(Nc3ccc(C)c(C(N)=O)c3)c2C(=O)N2CCCCC2)ccc1C,13.1,0.48387303509768387,0.8257464259350668,0.2617094612165639
CC#CC(=O)N[C@@H](Cn1nc(C(N)=O)ccc1=O)C1CCC1,7.3,0.7248306037496686,0.7228739011506025,0.19124581106514235
Cc1cc(=O)c(O)c(N(CCC(=O)NNC(=O)N2CCOCC2)C(=O)CCN2CCc3cc(F)ccc32)n1C,10.5,0.43862445556775925,0.7580653571238454,0.1745656523904435
CC(F)(F)CCCN(CC(C)(C)C(=O)c1ccc2c(c1)CNC2=O)C(=O)NC=O,9.5,0.4842759715216959,0.7406095517836376,0.1703632198489277
CCC(=O)N[C@H](C)CC(CC(=O)Nc1c(F)cc(F)cc1CNC(=O)Oc1ccccc1)c1ccccc1,9.7,0.3017403011497104,0.7388048992307978,0.10811969820061945
CCc1cc(=O)[nH]c(Nc2nc[nH]cnc(Nc3ccc(C)c(C(N)=O)c3)nc2N)n1,11.9,0.34064571302576657,0.7042346731521655,0.1427372408121653
Cc1ccc(NN2C[C@@H](O)CC[C@@H]2SNC(=O)N2CCOCC2)cc1C(N)=O,10.0,0.5332726356460188,0.6732768394915163,0.1795200573575312
CC1=CC=C[C@H]2[C@@H](CCC(=O)NC3CCCC3)CC(=O)N2CCCC(c2c3c(nn2C)CCCC3)=C1,0.0,0.629172395388662,0.606400875023622,0.0
CCC(=O)Nc1ccccc1C(=O)c1ccc(O)c(C)c1,9.1,0.8461550361785977,0.9081380062178227,0.34963362411541254
CCc1nc(N)sc1C(=O)C1CCN(C(=O)NCn2c(=O)[nH]c3ccccc32)CC1,10.3,0.537166326253175,0.7929556755982201,0.21936377987849065
O=C(c1ccc(C2CC3=CCCC=C3C2)cc1)C1Cc2ccccc2C1,11.0,0.6445772874572853,0.8140314664276695,0.28858840699415295
CN1C(=O)CC=CC(C(=O)CNC(=O)N2CCCC2)=CC=C1c1ccccn1,9.7,0.8675989807482084,0.7140771110891772,0.30047329827194874
N=C1SCC(=O)N1c1cc(C(F)F)nc(C(=O)NN[SH](=O)=O)n1,8.6,0.3937607732160701,0.6559014534026867,0.11105535328151601
O=COCC(=O)NNC(=O)C(=O)NS(=O)(=O)NC(=O)NN1CCc2[nH]c(=O)ccc2C1,9.3,0.13604128416110303,0.7228595281567975,0.04572751339252099
Cc1noc(C)c1CNC(=O)C1=CC=C(OCCCONc2ccc(C(F)(F)F)cn2)C(F)=C(F)C(F)=C1,9.5,0.22833673332156554,0.7050044774277154,0.07646474919263792
Cc1cc(C(=O)c2ccc(C(N)=O)cc2)cc(C(=O)C2Cc3ccccc3C2)c1C,11.0,0.6546274525663375,0.8535832881817151,0.30732847942257674
CC1CCN(C(=O)NCC(=O)CN(C)C(=O)N[C@@H](C)CS(=O)(=O)NC(=O)CCNC(=O)NCC=O)CC1,7.3,0.16881374763963053,0.7101560153674552,0.04375769590249762
Cc1cccc(NC(=O)c2nn(Cc3ccc4c(c3)CNC4=O)c(=O)c3ccccc23)c1,11.2,0.5259943871989246,0.8496950535204812,0.2502835042301792
CCc1cc(=O)[nH]c(NC2=N[C@H](C(=O)NCc3c(C)noc3C)CO2)n1,9.3,0.7031287180384553,0.6916554970374096,0.2261401219746165
C/C(=N\Nc1cccc(N2CC[C@@H]2c2ccccc2)c1)c1cc([N+](=O)[O-])ccc1C(=O)NCc1c(C)noc1C,10.0,0.15393303654734372,0.7478697143818778,0.05756092803829855
COc1ccc(C=NC(=O)CNc2cccc(F)c2)cc1N1C(=O)Cc2ccccc21,8.3,0.6129664244592915,0.8110215130060526,0.20630851714955725
Cc1ncc(CNC(=O)c2ccc(Cl)cc2-c2c3c(nn2C)CCCC3)s1,9.0,0.7092136265447007,0.8127600746142902,0.259389234012574
COC1=C(CCCn2cnc(C)cc2=O)CC=C1Cc1c(O)c(=O)cc(C)n1C,9.4,0.7758458929823223,0.7303411839335392,0.2663171377744211
Cc1cc(-c2ccc3c(c2)NC(=O)CC3)ccc1N1C(=N)SCC1=O,10.4,0.8687265356518955,0.811420742627779,0.36654941996354173
COC(=O)NCc1ccc(F)ccc(-n2cnc(C)cc2=O)n(C(C)=O)c1,8.5,0.8879466889985841,0.7546520524933472,0.28478858632691767
CNC(=O)N1CCC[C@H](c2cc(Cl)c(Oc3ccc(C(=O)Nc4cccc(C)c4)cc3)cc2N)C1,9.7,0.39230534832737657,0.7898242034806976,0.1502783457429856
Cc1ccc(C(=O)c2cc(CN(C)C=O)c(=O)n(C)c2)c(F)c1F,8.8,0.6186792329492062,0.793104741864357,0.2158980706718082
Cn1ccnc(NC(=O)c2ccc3cc(-c4ccnc5c4OCO5)ccc3c2)c1=O,10.3,0.5681081712285745,0.8142245474971124,0.23822232360371903
CN(CC(N)=O)C(=O)NCNC(=O)c1ccc(F)cc1Cl,8.2,0.6800480745397929,0.8442266856418468,0.23538704013879802
CCC(=O)N(CC)CCc1c(C(=O)[C@@H](CC(=O)c2cc(C)[nH]c(=O)n2)NC(N)=O)cccc1S(C)(=O)=O,9.3,0.33337583257753134,0.7062539998274399,0.10948332706971328
Cc1ncc(NC(=O)c2ccc(C(=O)C3Cc4ccc5c(c4C3)CCCC5)cc2)s1,9.8,0.5963027861550461,0.7626989778724149,0.22285176749643415
CNC(=O)c1ccc(Cl)cc1-c1c2c(nn1C)CCCC2,9.5,0.926896801264779,0.8360169119409715,0.3680781657036388
CC1CCN(C(=O)n2nc3c(c2-c2cccc(Sc4ccnc5c4OCO5)c2)CCCC3)CC1,10.5,0.5038995938168954,0.7498205110982973,0.1983629817634547
Cc1c(-c2ccnc3c2OCO3)nc(ONC(=O)c2cccc(O)c2)n1C,10.0,0.6777594106789687,0.7512519827061984,0.2545840505351799
CC(C)(C(=O)N1CCC(C(F)(F)F)CC1)C1=Cc2ccccc2OC=C1,10.7,0.753198906555186,0.7681069798031831,0.3095174754582626
CN(C)CCNC(=O)C(=O)N[C@H](C(=O)[O-])C(=O)N[C@@H](CNC(=O)Oc1ccccc1)C1CCC1,8.1,0.2093924218754883,0.6996719491645859,0.05933493160133604
CC(=O)N1C=C(C2=CC=C(C(=O)C3=CC=CC3)C2)C(NC(=O)c2ccc(F)cc2F)=CC1,10.2,0.7609242293693883,0.7009109175115626,0.2720034508796791
Cc1cccc(NC(=O)c2c(F)cc3c(c2F)C(=O)C(CC(N)=O)O3)c1,9.6,0.8742711929556688,0.7626881481601628,0.320062213029665
Cc1cc(C(=O)c2cccc(N3CCOCC3)c2)ccc1O,8.9,0.8851206743130132,0.8926470995067217,0.3515946791743305
CC(=O)NC(=O)CN(Cc1ccc2c(c1)NC(=O)CC2)S(C)(=O)=O,9.0,0.7733551786591998,0.8268024563613984,0.28773538260985554
Cc1cc(=O)n(C(=O)N2C(=O)CN(N3CCCCNCC3)C[C@@H]2C)cn1,8.9,0.7303245726891427,0.6762544432966298,0.21977893061173662
Cc1ncc(CNC(=O)CN(C2=Cc3ccccc3OC=C2)C(C)(C)N2C(=O)CCCc3sccc32)s1,10.4,0.43430453397807245,0.7077272222475455,0.1598319535497443
CC(=O)NC(=O)NCC(=O)CN(C)C(=O)N[C@@H](C)C(=O)C1Cc2ccccc2C1,9.7,0.6094668529580067,0.7486560068985741,0.22129629492920214
CC(=O)N1CCC(Cc2[nH]nc([O-])c2-c2ccc(F)cc2Cl)CC1,9.6,0.9246936587167317,0.7868306962271583,0.34923713053676364
CC1=NNC(=O)/C1=N\Nc1ccc2c(c1)NC(=O)CC2,9.2,0.6956304697817275,0.7786254604310909,0.24915237361889905
CNC(=O)c1cc(-c2ccc(NC(=O)c3ccc(CNC(=O)Oc4ccccc4)cc3O)cc2)ccc1C,9.5,0.2709012387708735,0.8587424424256808,0.11050133593316515
O=C(N[C@H](NC(=O)N1CCOCC1)c1ccc(-c2ccc(F)c(O)c2)cc1)C1=Cc2ccccc2C1,12.3,0.4748705715877774,0.7507693816668838,0.21925874552269453
CNC(=O)c1cc(-c2ccc(C3=CC=CC3)cc2)cc2c1NC(=O)CC2,10.5,0.8858964529081099,0.8050878686920719,0.37444285575566977
CCC(=O)NC1=C(N2C(=O)N(C)C(C)(C)C2=O)C=C(c2ccccc2)C1,9.3,0.84638948442921,0.7779402168321946,0.30617479485422733
CC(=O)N1CCC(CN2CCN(CNC(=O)N3CCC(C)CC3)CC2)CC1,7.9,0.7990102400619626,0.8394208138750295,0.2649288012728817
Cc1ccc(Nc2ccc(N3CCc4ccccc4C3)cc2)cc1C(N)=O,11.0,0.7274927771236607,0.8844034927346315,0.3538684341650603
O=C1NCc2cc(-c3ccc(N4C(=O)Cc5ccccc54)cc3)ccc21,11.4,0.7709331710203561,0.854818203374933,0.3756343936590436
CC(C)[C@]1(CNC(=O)N2CCCC2)C(=O)N[NH+]1CCN(C)N1CC[C@@H]1c1ccccc1,9.1,0.5598641591675704,0.5973097063728986,0.15215759491709652
CN(C(=O)N1CCc2[nH]c(=O)ccc2C1)c1ccc(C2=CCN(CCN3C(=O)CCCc4sccc43)CC2)cc1,11.4,0.5008162439438926,0.7539629837599374,0.2152302384716477
N[C@H](Nc1ccc(C(F)(F)F)cn1)C(=O)N1CCCC1,7.9,0.8252039108254567,0.7814136613190025,0.2547061156706875
O=C(NCc1ccc2c(c1)CNC2=O)NC(=O)N1C=CC=CC1,10.2,0.7670409513246489,0.7730331099182144,0.3024035065389307
Cc1ccc(Nc2ccc(-c3ccc4c(c3)N=C(Br)CC4)cc2)cc1C(N)=O,9.7,0.5389686964544551,0.8290784565759434,0.21672095747461576
NC(=O)c1c(F)cccc1Oc1cc2c(cc1NC(=O)Cl)OCCCO2,8.9,0.6225970931626151,0.8202266027981485,0.2272484608933645
Cc1cc(C)c(-c2ccc(CCC(=O)NC3CCCC3)c(N(C)C)n2)c(Cl)n1,9.3,0.7264698035798322,0.819666025609474,0.2768901167308929
Cc1cc(C(=O)[C@H](NC(=O)c2ccc(-c3ccccc3)cc2)C2CCC2)nc(=O)[nH]1,10.5,0.618315338713658,0.7887579387087388,0.25604309431878475
CCC(=O)Nc1nc(-c2ccccc2C2=NO[C@H](C3=NO[C@H](C)C3)C2)cs1,9.6,0.8492091238843857,0.6922290196219419,0.28216665565463833
O=C(CCn1c(=O)[nH]c2ccccc21)NC1C=CC[C@H](c2ccccc2)C1,9.7,0.6846393853397196,0.752246826028453,0.24978363522899938
Cc1cc(=O)n(-c2cc(=O)n(-c3cccc([S@@+]([O-])c4ccnc5c4OCO5)c3)cn2)cn1,9.6,0.4281133052665713,0.6475278969969255,0.13306334795311955
CCc1cc(=O)[nH]c(Nc2c(F)cc(C(=O)C(=O)c3c(C)cccc3C)cc2OC)n1,10.7,0.441450191660712,0.7887167227269332,0.18627584440139006
Cc1cc(=O)n(-c2ccc(C(=O)c3ccc(C(=O)NCc4cnc(C)s4)cc3)cc2)cn1,9.0,0.4597907824120544,0.8423526870241014,0.1742877004651686
Cc1onc(N2CCOCC2)c1CC(=O)NC(=O)N1CCc2cc(F)ccc21,10.7,0.8627943144252058,0.8092840334990203,0.37356142962905803
CC(=O)c1ncc(CNC(=O)c2ccc(C(=O)C3Cc4ccccc4C3)cc2)s1,8.9,0.6329230949760085,0.8407816033033261,0.23680679207992614
C[C@@H]1CC([C@H]2CN(C(=O)c3cc(Nc4ccc(C(F)(F)F)cn4)ccc3F)CCO2)=NO1,10.4,0.7104743757001822,0.7048708954179393,0.2604122088730702
CC(C)=C(O)c1cc(Cc2c(O)c(=O)cc(C)n2C)ccc1C(=O)CNc1cccc(F)c1,9.5,0.3574946072439978,0.7766144137591833,0.13187684579276174
CC1CCN(C(=O)NCN2C[C@H](c3ccnc4c3OCO4)Cc3ccccc32)CC1,11.0,0.8436754248408119,0.7297919185524245,0.33863912881155944
CC(=O)NC1(C(=O)NCCc2c(C)noc2C)CCN(C=Cc2ccc(C)c(C)c2)CC1,10.3,0.6931737396093556,0.7790293156677135,0.2781013719634537
Cc1[nH]c(=O)c(C(=O)Nc2nccn(C)c2=O)cc1C1=CC=CCN1,8.9,0.7557204698881167,0.7679009004980776,0.25824170106160227
CC(=O)N(C(=O)N1CC(=O)N(NC(=O)c2ccc(F)cc2Cl)[C@@H](C)C1)c1nccn(C)c1=O,9.1,0.6991213862342998,0.7116469852511934,0.22637507021141492
CCC(=O)Nc1nc(C(=O)C(C)(C)C2(C(=O)O)CNC2)cs1,7.4,0.6818307582558939,0.7714726184322406,0.19462509134774636
CO[C@@H](c1cc(F)cc(Cl)c1)c1cc(Cc2c(O)c(=O)cc(C)n2C)ccc1NC(=O)c1ccc(F)cc1Cl,10.8,0.2624860294101566,0.7308300444067187,0.10358964532618274
Cc1cccc(C)c1C(=O)n1c(C)cc(N(Cc2ccccc2)CN2CCc3cc(F)ccc32)c1C,11.2,0.3115832228690541,0.7890905876363049,0.13768573752155916
C[C@H](NC(=O)N1CCOCC1)N1CCN(C2CCCCC2)C(=O)C1,8.6,0.8285818996261468,0.7690883587521725,0.27401865810834913
CCc1nc(N)sc1C(=O)C1CCC(=NNC(=O)C(=O)NNS(=O)(=O)c2ccc(O)cc2)CC1,9.9,0.20620793805321722,0.7668143212455969,0.07827098402659727
NC(=O)c1c(F)cccc1OCONc1ccc(C(F)(F)F)cn1,8.9,0.3638318649276582,0.8133958112116763,0.13169299513828286
CN(C)C(=O)CNC(=O)C(=O)N[C@@H]1CC(=O)NCCN1N1CCc2[nH]c(=O)ccc2C1,8.6,0.3729976482111782,0.6786043357269604,0.10884066315558796
Cc1cc(C(=O)c2ccc(C(=O)Nc3nccn(C)c3=O)cc2)nc(=O)[nH]1,10.1,0.6539209477289539,0.8288857649239806,0.2737230113038548
CC1=CS(=O)(=O)NC1=N[C@H](C)NC(=O)N1CCOCC1,7.6,0.7252194991842765,0.6635386962840373,0.18286025638322898
O=C(NNc1ccc(OCc2ccc(N3CCc4cc(F)ccc43)cc2)cc1)C(=O)N1CC[C@H](O)C1,10.1,0.36321541178509215,0.777515831371026,0.14261489509473202
CCc1nc(N)sc1C(=O)C1CCC(=NNC(=O)c2cc(CC(=O)NNC=O)cc(C(=O)O)c2)CC1,9.3,0.1785558279739393,0.7557843040767271,0.0627516068656193
C[C@H](NC(=O)N1CCOCC1)N1CCC2=C(C[NH+]=N2)C1,7.7,0.6730040980594694,0.6279367189510255,0.16270253429278211
O=C(NCOc1ccc(N[C@@H](CNC(=O)N2CCCC2)C(=O)N2CCCCC2)cc1)Oc1ccccc1,9.1,0.4468806479371076,0.7778102546836946,0.15815269951625513
CCC(=O)Nc1nc(-c2ccc(Br)cc2C(=O)Nc2nccn(C)c2=O)cs1,9.2,0.6056897048161496,0.8331650394161803,0.232134163922076
COc1cc(-c2cc(N3C(=O)CCCc4sccc43)c(=O)n(C)c2)ccc1C1CCCC1,11.4,0.5082579145822146,0.795139869573993,0.23035759518918553
CCC(=O)Nc1nc([C@]2(C)C=CC(N)=CC=C(C(=O)c3cc(C)[nH]c(=O)n3)N(C)[C@H]2C)cs1,10.0,0.5743555063091099,0.5707268709651184,0.16390006046869232
CCC(=O)Nc1nc(-c2cccc(C3=CCC(=O)N=C3)c2)cs1,9.5,0.9342567323089475,0.8052948814799858,0.357367278145391
Cc1ccc2c(c1)CC(=O)N2C1=CC(=O)CN1c1ccc(NC(=O)N2CCCC2)cc1,10.9,0.8319979054139335,0.8033976582091642,0.3642917170202437
O=C1NCc2cc(-c3ccc(-c4ccc(N5CCc6[nH]c(=O)ccc6C5)cc4)cc3)ccc21,10.1,0.49950832876448625,0.8226209394442656,0.20750753538758077
Cc1cc(=O)n(-c2ccc3c(c2)Oc2ccc(Br)cc2[C@H]3c2ccc3c(c2)NC(=O)CC3)cn1,13.0,0.3390852700874462,0.7439812119223629,0.163977495620042
Cc1cccc2nnc([C@H](NC(=O)C(C)(C)/N=C/c3ccccc3OC(=O)O)C3CCC3)n12,10.1,0.3203123459728375,0.7100055775626435,0.11484889386245933
O=C(CCn1c(=O)[nH]c2ccccc21)Nn1ccccc1=O,8.1,0.7409714915473619,0.8366947185543407,0.25108660809868905
Cc1cc(=O)n(C2=CN=C(N(C)C)C2N2CCc3[nH]c(=O)ccc3C2)cn1,10.1,0.833444680182918,0.666148146157862,0.2803748024576364
CCc1nc(N)sc1CC(C)(C)N1C(=O)CCCc2sccc21,8.0,0.9060357036391261,0.7517372474473518,0.27244031437708055
O=C(NC(=O)N1CCc2cc(F)ccc21)C(=O)c1ccc(OC2(C(=O)O)CCCCC2)cc1,11.0,0.528428253570014,0.8013002091823979,0.23288631856794778
Cc1cc(C(=O)C2=C(CNC(=O)N3CCC(C)CC3)C=CC2C(=O)C2Cc3ccccc3C2)ccc1O,11.9,0.5608669550327658,0.7173427333161733,0.2393886315572045
O=C1CCc2cc(=O)n(-c3ccc(S(=O)(=O)NC(=O)N4CCOCC4)cc3)cc2N1,10.3,0.725285860356993,0.8085783000326092,0.30202196012265015
COC(=O)Nc1ccc(NC2(C(=O)NCc3cnc(C)s3)CCCCC2)c(OC)c1,8.2,0.6096447882186224,0.8152783905303469,0.203782390910978
O=C(NN1C(=O)Cc2ccccc21)c1ccc(O)c(N2CCCC2)c1,9.5,0.9007617292208138,0.8458855464077235,0.3619221305649291
CC(=O)C[C@@H](C)NC(=O)c1ccc(C2=CC(I)=CCC2)cc1,8.2,0.7384654182396398,0.7671102483553105,0.2322586000589235
CNc1nc(C(=O)c2cc(C)[nH]c(=O)n2)nc(C)c1C(=O)CNC(=O)Oc1ccccc1,9.0,0.4660870238540721,0.7739836804041008,0.1623346875500259
CC1(C)OC(=O)N(C(=O)C2Cc3ccccc3C2)C1Oc1cccc(F)c1C(N)=O,10.6,0.8326322760538475,0.7365615389922257,0.32504100265235547
CS(=O)(=O)N(CC(=O)NNC=O)CC(=O)NN1C(=O)Cc2ccccc21,8.5,0.3383955502389835,0.7847276491182185,0.11285804645971899
CCc1nc(N)sc1C(=O)c1ccnn1Nc1ccc(C(F)(F)F)cn1,9.2,0.6584434676334892,0.7531834755296786,0.2281272201203222
CCCN(CCNC(=O)Oc1ccccc1)C(=O)NCCCc1c2c(nn1C)CCCC2,9.2,0.5530039581920984,0.8076047525171369,0.20543996740649428
Cc1cc(=O)n(-c2c(C(=O)Nc3nccn(C)c3=O)c(C)cc(O)c2C(=O)O)cn1,9.3,0.5632721502055559,0.7852778140262411,0.20568118210910497
CN(C)c1nc(N2C(=O)CCCc3sccc32)ccc1/N=C\c1ccc(F)cc1,10.0,0.5645037902204618,0.7861778961670888,0.22190020108693514
O=C1CCc2ccc(NC3(c4ccccc4Cl)CCCCC3)cc2N1,9.7,0.7640333373077176,0.8274963091989657,0.30663386186264574
O=C(N[C@H]1CCCN(C(=O)NC(=O)N2CCCC2)C1)c1ccc(C2=Cc3ccccc3C2)cc1,10.2,0.7319508001695788,0.776511083637949,0.2898676335947652
O=C1NCc2cc(-c3ccc(Nc4ccccn4)cc3)ccc21,10.3,0.7746592784507544,0.8732206184880759,0.3483709539368416
O=C(Nc1ccc2c(c1)CNC2=O)c1ccc(N2CCc3[nH]c(=O)ccc3C2)cc1,10.0,0.6294550296984767,0.8252065103618338,0.2597151942435922
CC1=C(NC(=N)NC=O)S(=O)(=O)NC1=NC(=O)Nc1cccc(C)c1,9.7,0.2977299711001434,0.7017137641050588,0.10132679107317241
Cc1ccc(C(=O)c2cccc(C)c2OC(=O)C(=O)NCc2c(C)noc2C)c(F)c1F,10.0,0.2804207743068035,0.8030155682631099,0.11259112371637955
Cc1ccc(N[C@H](Nc2cc(NC(=O)NCC(C)C)ccc2[O-])C(=O)N2CCCCC2)cc1C(N)=O,11.1,0.33746096029448314,0.730396150897653,0.13679650349491046
CC(=O)N1CCC(CC(=O)C2CCN(CNC(=O)N3CCC(C)CC3)CC2)CC1,8.7,0.7604674580818627,0.8222264325264095,0.27199525362331833
CNC(=O)N1CCC[C@H](c2ccc(Cl)c(N3CCc4[nH]c(=O)ccc4C3)c2)C1,10.3,0.8133904690728688,0.7573194187814847,0.3172381445995421
Cc1ccc(NNc2ccc(NC(=O)c3ccc(F)cc3Cl)cc2)cc1C(N)=O,10.2,0.44548903665524764,0.8754839545888097,0.19890943680381665
Cc1ccc(Nc2nn(NCc3c(O)c(=O)cc(C)n3C)c(=O)c3ccccc23)cc1C(N)=O,12.2,0.3444106740657017,0.7801840430131909,0.16390926441118125
Cc1ccc(C(=O)C(=O)Nn2ccccc2=O)cc1CNC(=O)c1ccccc1Cl,10.9,0.47021576210877897,0.8329942771927041,0.21346943619091827
Cc1ccc(N2C(=N)SCC2=O)c(C(=O)c2ccc(C(=O)c3ccc(C(N)=O)cc3)c(COC(N)=O)c2)c1,10.7,0.3749516682037879,0.7921411807244189,0.15890284158356338
CCc1nc(F)sc1C(=O)c1cccc(CCC(=O)NC2CCCC2)c1,8.1,0.7434876650029788,0.8246567141529173,0.24831444840800546
CCS(=O)(=O)c1ccccc1C(=O)Nc1nccn(C)c1=O,7.7,0.899003219648852,0.8607033876630099,0.2979034199186122
O=C(NC(=O)c1ccc(F)cc1Cl)C(=O)N1CC=C(F)CC1,8.9,0.7997015181608843,0.8021256953553176,0.2854502056675186
COCCNC(=O)CNS(=O)(=O)NNC(C)(C)C(=O)CNC(=O)Oc1ccccc1,7.9,0.18690264654757346,0.7891788077028443,0.058262345064773464
CN1CCCN(N2C(=O)Cc3cc(NC(=O)C4=CC=COC4Cl)ccc32)C1,9.3,0.8028383992515736,0.6682559593972541,0.2494732183007595
Cc1cc(CNC(=O)C2Cc3ccccc3C2)ccc1-c1ccnc2c1OCO2,11.6,0.7406191784414075,0.8233555617615933,0.35367989343588013
O=C(c1ccc(CNC(=O)N2CCC(C(F)(F)F)CC2)cc1)C1Cc2ccccc2C1,10.8,0.7108559769892083,0.8433046001436342,0.32371278233468226
O=C(CO[SH](=O)=O)NS(=O)(=O)C(=O)CNc1cccc(F)c1,7.0,0.5394962690028375,0.7296662299055132,0.13777827302798687
CCNc1cc(CC(=O)CNC(=O)c2cccc(N3C(=O)CCCc4sccc43)c2)nc(C)n1,9.2,0.5111502878441817,0.7929727061815645,0.18645098442795172
COn1c(NC(=O)N2CCOCC2)cc2ccc(C(=O)c3cc(C)[nH]c(=O)n3)c(O)c2c1=O,9.3,0.472956119227409,0.7488601922801793,0.16469277482889708
COc1ccc(CS(=O)(=O)c2ccccc2C(F)(F)F)cc1,7.9,0.85863225322106,0.8945597979194202,0.3033986684967685
CCC(=O)N[C@H](C)C(C)(C)[SH2](=O)NC[C@H](C)NC(=O)n1cnc(C)cc1=O,7.8,0.5618560628544021,0.6097577192357985,0.13361246785571324
CC(=O)N1C=C(C2=CC=C(C(=O)C3=CC=CC3)C2)C(F)=CC1,8.9,0.8012772420302856,0.6574731147101563,0.23443411860848695
O=C(c1cccs1)[C@H]1CN(C2CN(C(=O)c3cccs3)C2)Cc2ccccc21,8.8,0.6100578147635136,0.7686940721528048,0.206337043386851
CC(=O)N1CCC(Cc2ccc(C(F)(F)NC(=O)c3ccc(F)cc3F)cn2)CC1,10.3,0.5901473865928566,0.8068451157116149,0.24522113125754658
CCc1cc(=O)[nH]c(Nc2ccc(CC(C)C(=O)OC)nc2N(C)C)n1,8.0,0.7281581243373336,0.7242415609445616,0.21094495063381388
Cn1ccnc(NC(=O)N(C(=O)CC(=NN2C(=N)SCC2=O)C(F)(F)F)c2ccccc2)c1=O,9.9,0.6094007252923598,0.716996972636759,0.21628454520284723
COc1ccc(Br)c(C(=O)c2c(C)cccc2C)c1CN(C)Cc1c(O)c(=O)cc(C)n1C,9.7,0.46611806698679636,0.7842006060188587,0.17728208424458156
O=C(NCN[C@H](C(=O)N1CCCCC1)C1=CC=C(Cl)C=CCNCC1)c1ccccc1O,0.0,0.4916265727566564,0.6522005398044735,0.0
CN(Cc1ccc(Oc2ccccc2)cc1)C(=O)Cc1ccc(N2C(=O)Cc3ccccc32)cc1,10.2,0.34355153682617157,0.8659112077041521,0.15171741434250155
Cn1ccnc(NC(=O)[C@H]2CNCc3ccccc32)c1=O,8.4,0.8467731011163271,0.7790395983968388,0.27706130618330194
O=C(Cc1ccc(O)cc1)NCc1cccc(-c2nc(O)cc(CCC(=O)NC3CCCC3)n2)c1,10.1,0.37678219344819125,0.8340787539610405,0.15870434132511743
CCC(=O)Nc1nc(-c2c(F)c(F)c(NS(=O)(=O)NC(=O)C(=O)N3CC[C@H](O)C3)c(F)c2F)cs1,8.9,0.24302494020266804,0.7088160086022899,0.07665568580684308
CSc1ccc(-c2ccc(N3CCc4[nH]c(=O)ccc4C3)c(N(C)C)n2)c(C)c1,9.9,0.661440720994667,0.7881438809316629,0.25804867614123217
O=C1CCc2cc(-c3ccc(C4=CC=CC4)cc3)cc(C3=CCc4[nH]c(=O)ccc43)c2N1,10.3,0.6096462531158732,0.7502616976534067,0.23555802990783803
O=c1ccc2c([nH]1)CCN(c1ccc(N3CCCC3)cc1)C2,8.9,0.9252133329541173,0.8554791273079803,0.35221780911893674
O=C1NCc2cc(-c3ccc(C4=CCCC=C4)cc3)ccc21,10.3,0.8747983853320541,0.8260093048227731,0.37213467715603044
C/C(=C\C(=O)Nc1cc([N+](=O)[O-])ccc1Cl)c1nnc2cccc(C)n12,9.6,0.4281688481195539,0.8055360396322429,0.16555461033989988
O=C(CN(Cc1ccccc1Cl)c1ccccc1-c1ccnc2c1OCO2)Nc1ccccn1,10.3,0.39957539128110586,0.8086394341752204,0.16640289543268633
C[C@H](O)CNC(=O)CNC(=O)C(=O)CN(C)C(=O)N[C@@H](C)C(=O)C1Cc2ccccc2C1,9.0,0.3458125101475994,0.7104756051143731,0.11056110858145618
COC(=O)c1cc(CNC(=O)N2CCCC2)ccc1C1=CCCC=C1,8.9,0.8534319814644046,0.8298541361513132,0.3151597065852109
Cc1cc(=O)c(O)c(CC(=O)NC2=Cc3ccccc3OC=C2)n1C,10.6,0.8969889973578118,0.7674017796189568,0.36482600502163454
Cc1ccc(NNCC(=O)N2CCCCC2)cc1C(N)=O,8.9,0.7066420023419883,0.8552017880817798,0.2689230692517682
Cc1cc(C(=O)N2CCc3c(cccc3-c3ccc(-c4ccccc4)cc3)C2)ccc1O,9.7,0.42737803360122584,0.8770247636654087,0.18178824267372756
CC(=O)N(C)C(=O)NCCN(C)C(=O)c1ccccc1,7.9,0.8903712016057945,0.8695196124778745,0.30580711276178335
COc1cccc(-c2nn(Cc3c(O)c(=O)cc(C)n3C)c3c2COC3)c1,9.5,0.7658217426283287,0.7812114653288389,0.2841776447261967
O=C(NCc1cccc2c1CCN(CCC1CCCC1)C2)N1CCCC1,8.9,0.8685163591128613,0.8515403575365608,0.32911164527956643
CCc1nc(C(=O)c2ccc(F)cc2Cl)sc1C(=O)c1cccc(-n2cnc(C)cc2=O)c1,10.9,0.36885447575561964,0.7940994899390422,0.15963439732730236
Cc1ccc(C(=O)C(=O)Nn2ccccc2=O)cc1CNC(=O)c1ccccc1C,11.0,0.48767677873395515,0.8334125922110192,0.2235397825791819
CNC(=O)N1CCC[C@H](C2=CC(=O)N(C(=O)n3cnc(C)cc3=O)[C@@H](C)C2)C1,9.3,0.7774704812286428,0.66093002428141,0.2389419165769848
O=C(CNN1CCc2[nH]c(=O)ccc2C1)N1CCCCC1,8.5,0.8371957817590308,0.7970015145015117,0.2835796800483954
O=C(c1ccc(CNC(=O)N2CCC(C(F)(F)F)CC2)cc1)C1Cc2ccc3c(c2C1)CCCC3,10.2,0.5707069061176189,0.7582827287332229,0.22070616693965928
O=C1Cc2ccccc2N1c1cccc(-n2c(=O)[nH]c3ccccc32)c1,10.3,0.6061801682968896,0.8584961385976049,0.2680077168953229
O=C(c1cc(=O)n(-c2ccc(S(=O)(=O)NC(=O)N3CCOCC3)cc2)cn1)C1Cc2ccccc2C1,9.5,0.5182540242838668,0.8004240337257189,0.19704091389064268
Cc1cccc(NC(=O)NCC(=O)Cc2ccc3c(c2)CC(=O)N3)c1,9.2,0.78289557922762,0.8577241012409965,0.30889386724693746
Cc1ccc(-c2ccc(-c3ccc(F)cc3)cc2C)cc1C(=O)c1ccc(-c2ccc3c(c2)CNC3=O)cc1,11.8,0.24372230145748972,0.838736134167902,0.1206070335516258
O=C1CCc2cc(-c3ccc(C4=CC=CC4)cc3)cc(-c3ccc4c(c3)CNC4=O)c2N1,11.9,0.590730175546506,0.780436329404634,0.27431123747388175
O=C1NCc2cc(-c3ccc(Nc4ccc5c(n4)CC(F)CC5)cc3)ccc21,11.1,0.707501784557242,0.7577487058358937,0.29754025170178366
COC(=O)[C@H](NC(=O)CC(C)(C)CC=O)N1CCN(C(=O)c2ccc(C)c(F)c2F)CC1=O,9.0,0.4538566709894619,0.7056353662522149,0.14411579321684698
CCNc1cc(C=NNc2cc(Nc3ccc(C)c(C(N)=O)c3)ccc2[N+](=O)[O-])nc(C)n1,10.2,0.21872766662735071,0.797946981577838,0.08901187150015764
Cc1cccc(-c2nc(O)cc(-c3ccc4c(c3)NC(=O)CC4)n2)c1,10.9,0.7504792186657903,0.8412825549547319,0.3440939656131749
Fc1ccc2c(c1)CCN2N1CCc2ccccc2C1,8.7,0.7836025660944324,0.8368788331065866,0.2852644744926094
O=C(CNC(=O)[C@H](NC(=O)NC(=O)c1ccc(F)cc1Cl)C1CCC1)NNC(=O)N[SH](=O)=O,10.3,0.18308564315556253,0.7185308227619972,0.06774962907342502
CNCC(C=O)=C(SCC(=O)NC(=O)C(F)(F)F)C1(NCn2nc(C(N)=O)ccc2=O)CCCCC1,9.2,0.23012354762143147,0.6962226620045135,0.07369992530086111
Cc1ccc(Nc2ccc(-c3cc(C(=O)N(C)C)cc(Br)c3O)c(N(C)C)n2)cc1C(N)=O,10.9,0.4580720140226298,0.8048056189834222,0.20091911727753367
CCc1nc(N)sc1C(=O)C1=NC(=O)CC(N2C(=N)SCC2=O)=N1,8.6,0.7563281134867457,0.6783606130764781,0.2206171771832933
Cc1noc(C)c1CNC(=O)[C@@H](C)N(C)C(=O)N[C@H](C)SC(=O)C[SH](=O)=O,7.7,0.39910211551348046,0.6289494852162967,0.09664080198886132
CCc1cc(=O)[nH]c(Nc2nc(-c3ccc([N+](=O)[O-])cc3)cc(C(F)F)n2)n1,9.0,0.4894193525202389,0.7944370315266338,0.17496578591453957
C[C@@H](CNC(=O)C=Cc1ccc(CNC(=O)N2CCCC2)cc1)NC(=O)N(C)CC=O,7.5,0.40642909855816073,0.7694700400840843,0.11727563053458231
N[C@@H](C(=O)N1C=C(C(=O)C2=CC=C(NC(=O)N3CCOCC3)C2)CC1)c1ccc2c(c1)CNC2=O,11.5,0.5762850202858644,0.6565401133486074,0.21755368371026187
CC=CNc1nc(C)c(Nc2ccc(C3=CC=CC(=O)C3)cc2)nc1N,10.6,0.7577155156276274,0.7576644064606097,0.3042698604994206
CNC(=O)c1cc(-c2cc(C(=O)Nc3ccc(C)c(C(N)=O)c3)cc([N+](=O)[O-])c2[O-])ccc1C,11.5,0.3766047906598593,0.81180382882405,0.1757942963314133
Cc1cc(C(=O)OCC(=O)Nc2cc([C@H](C)NC(=O)N3CCOCC3)ccc2C)nc(=O)[nH]1,9.7,0.554729990082908,0.7758176176964228,0.20872911019487772
CCC(=O)Nc1nc(-c2ccc(-c3ccc(CNC(=O)Oc4ccccc4)cc3)cc2)cs1,9.3,0.35062203134769543,0.8768530782890979,0.14296146348898953
CCS(=O)(=O)CS(=O)(=O)NC(=O)COCNC(=O)Oc1ccccc1,7.7,0.4245263587412695,0.7962033568652398,0.1301335850844167
CC(OC(=O)c1ccc(C2=Cc3ccccc3C2)c(CCO)c1)N1CCc2cc(F)ccc21,10.5,0.5436108717920417,0.7432380401572573,0.21211694645341994
CO[C@@H]1[C@@H](C(=O)NC(=O)C(=O)N[C@@H](C)CNc2ccc(F)c(O)c2)OC[C@]1(C)O,9.1,0.38327396256430657,0.6419060797161634,0.11194177847895478
COC(=O)c1cc(C)nn1NC(=O)NCC[C@H](C)NC(=O)N1CCOCC1,8.6,0.5969444801463555,0.7454122271295219,0.1913369771999849
CC(C)S(=O)(=O)N1CCCC(N[C@H](NC(=O)N2CCOCC2)C(=O)N2CCCC2)C1,9.2,0.5465450917361379,0.7139203112651369,0.17948723532584032
Cc1cc(=O)c(O)c(CNC(=O)NS(=O)(=O)C=O)n1C,8.2,0.5928668852115756,0.7582351614588081,0.18430833255711165
Cc1cc(C(=O)c2ccc(S(=O)(=O)NC(=O)N3CCOCC3)cc2C)ccc1O,10.6,0.734300288779551,0.8488077223950776,0.3303382705066998
CON(C)C(=O)C(=O)O[C@@H](C)[C@H]1CN(C(=O)CNc2cccc(F)c2)Cc2ccccc21,0.0,0.4188921838783306,0.7119605314498226,0.0
CCC(=O)N[C@H](C)CC(CC(=O)NC(=O)c1ccc(F)cc1Cl)C1=NC(C)=CC1=O,8.5,0.6544120195226025,0.6957074025688949,0.19349369668257224
CCC(=O)N[C@H](C)CC(CC(=O)NC(=O)C1=C(SC2=NO[C@H](C)C2)C(F)C=C1Cl)c1ccccc1,9.7,0.4910572072529793,0.5883110176449,0.14011376718061846
Cc1cc(=O)c(O)c(Cc2nc(N)sc2CC(C)(C)N2C(=O)CCCc3sccc32)n1C,10.6,0.5884403346258611,0.711264215879861,0.22182437319586545
CCCCCCC1(NC(=O)c2ccc(F)c(O)c2)N(CCC)S(=O)(=O)C1(C(=O)O)C(=O)O,7.9,0.27919008847589377,0.6832780071680842,0.07535195667358148
CCC(=O)Nc1nc(C(=O)CC(C)(C)CC2=CC=CC=CNC(=O)C2=O)cs1,8.9,0.5392189808874904,0.6897764317684979,0.16551354233739646
CC1=CC=C(C(=O)C2CC3=CCCC=C3C2)CC1CNC(=O)NC(=O)N1CCc2cc(F)ccc21,11.9,0.6340923485370573,0.661539497963992,0.24958889467883805
Cc1ncc(NC(=O)c2ccc(NC(=O)N3CCOCC3)cc2)s1,8.1,0.8945994962325785,0.8617215130460737,0.31221273074283606
CN1C(=O)Cc2cc(C(=O)N3CC=C(C(=O)C4CC5=CCCC=C5C4)C3)ccc21,12.1,0.7989573382722633,0.7391845690123158,0.357299046128756
O=C(c1cccs1)N1CC(N2CCc3ccccc3C2)C1,7.6,0.8507443369506918,0.8678522080702381,0.2805617335038453
CCNC(=O)Nc1ccc(Br)cc1C(=O)Nc1nccn(C)c1=O,8.2,0.7371629889357267,0.858374132889998,0.25943227298478444
CC(C)C(=NC(=O)c1ccc(Nc2ccc(NC(=O)c3ccc(F)cc3Cl)cc2)cc1C(N)=O)C(N)=O,8.4,0.32368756292922995,0.8088411281809544,0.10996096170268527
CC(C)C(=NC(=O)N1CCO[C@@H](NC(=O)CCC(=O)CN(C)C(=O)N[C@@H](C)C=O)C1=O)C(N)=O,7.6,0.24847608329884965,0.612558147124332,0.057838298692296716
CO[C@@H](C)C(=O)NC1CCN(C2(NC(C)=O)CCN(C(=O)c3ccc(C)c(F)c3F)CC2)CC1,10.6,0.6497726814494136,0.7160767251648809,0.2466021597319667
O=C1C=CCN(c2ccc(-c3ccc4c(c3)CNC4=O)cc2)C1,10.4,0.9273605043925053,0.8124517996861579,0.3917865695908081
CNC(=O)c1cc(-c2ccc(-c3ccc(F)cc3)cc2C)ccc1N1CCc2[nH]c(=O)ccc2C1,10.0,0.4400519394991882,0.8255722665276816,0.1816473385411235
O=C1NCc2cc(C=CCNN3C(C(=O)C4Cc5ccccc5C4)=CCC4=C3CCNC4)ccc21,10.3,0.6095649250899174,0.7042574450190932,0.2210846779092963
CCN1C(=O)N[C@H](S(=O)(=O)CCCS)C(C(=O)C2Cc3ccccc3C2)=C1C,9.3,0.6609770181276413,0.7074089992010651,0.21742520726318926
CCc1cc(=O)[nH]c(Nc2cc3c(n2C)CCNC3)n1,8.3,0.7814856785179333,0.7333590636699572,0.237840486269798
CCc1cc(=O)[nH]c(Nc2cccc3c2CCNC3)n1,8.8,0.7940395603133884,0.7985723681513197,0.2790031429175299
CN(CC(C)(C)C(=O)Nc1nccn(C)c1=O)C(N)=O,7.0,0.7927435969814074,0.789527765009104,0.21906257812250296
COc1c(C(=O)NC(=O)N2C(=O)Cc3ccccc32)cccc1C(=O)c1cc(C)[nH]c(=O)n1,11.1,0.5823689283718432,0.787805677230012,0.25463041914760143
C[C@@H]1CC(c2cc(N3CCc4cc(F)ccc43)cs2)=NO1,8.7,0.8342676495231438,0.731830443289651,0.2655859717411408
N=C1SCC(=O)N1C(=NC(=O)C(F)(F)F)c1cc(N2CCc3cc(F)ccc32)cc([N+](=O)[O-])c1,10.0,0.22761327656614638,0.730218312587131,0.08310369136827969
Cc1cccc(C)c1C(=O)c1ccc(-c2c3c(nn2C)CCCC3)cc1,10.4,0.6389253872619062,0.8487269844231877,0.2819820729451518
O=CC(NNS(=O)(=O)c1ccc(F)cc1)NC(=O)NS(=O)(=O)C(=O)C1CC2=CCCC=C2C1,10.0,0.23620862337249002,0.6500004799846363,0.07676785928431434
Cc1cccc(NC(=O)c2ccc(S(=O)(=O)c3cccc(NC(=O)C(=O)N4CC[C@H](O)C4)c3)cc2)c1,9.2,0.4549386806812145,0.8048982468610956,0.1684424993944203
CNC(=O)c1cc(C2(NC(C)=O)CCN(C(=O)C(=O)c3cc(C)ccc3C)CC2)ccc1C,10.8,0.5420431675950027,0.8122484308532003,0.23774780466021922
O=C(CCc1ccccc1)NC(=O)c1ccc(F)cc1Cl,8.5,0.9411096302692469,0.9221029614846482,0.3688149902900228
Cc1cc(=O)n(-c2cc3c(cc2O)C(=O)N2CCCC2[C@H]3c2ccc(C(=O)c3c(C)cccc3C)cc2)cn1,0.0,0.3895523473353524,0.6964007937814607,0.0
CCNc1cc(N(S)c2cccc(-c3ccc4c(c3)NC(=O)CC4)c2)nc(C)n1,10.2,0.5344845864720743,0.7842058850456799,0.21376443867057968
ONC1CCc2ccc(-c3ccc4ccccc4c3)cc2N1,10.2,0.620638977405045,0.788320429750208,0.24952381654771413
O=C1CCc2ccc(C(=O)CCc3ccc(NC(=O)N4CCCC4)cc3)cc2N1,11.3,0.7560006282469505,0.8654708084756635,0.36967750833940377
CN1C(=O)N(c2cccc(-c3ccc(C4=CC=CC4)cc3)c2)C(=O)C1(C)c1ccc2c(c1)CNC2=O,10.8,0.5239557242211309,0.723090516842388,0.20458840433197606
O=C(NCc1cc(F)ccc1N1C(=O)Cc2ccccc21)Oc1ccccc1,9.2,0.7371225924719794,0.8625759898143099,0.2924791549153636
O=C1CCc2ccc(N/N=C3\C(=O)NN=C3c3ccc(-c4ccc5c(c4)CN=CC5)cc3)cc2N1,12.1,0.5151110420587521,0.7451654360571811,0.23222498128551528
CC1=CN(NC(=O)CCn2c(=O)[nH]c3ccccc32)C(=O)CN1C,8.4,0.8487262182547402,0.7738075044935189,0.2758353011172873
Cc1cc(C(=O)CN(CC(=O)NC(c2ccccc2)N(C)C(=O)N(C)C(C)C)S(C)(=O)=O)nc(=O)[nH]1,8.9,0.34587514549605874,0.694440695769448,0.10688445062600073
C[C@H](NC(=O)N1CCOCC1)c1ccccc1Cn1nc(C(N)=O)ccc1=O,10.0,0.7763694262521023,0.7903664392293914,0.30680816947671985
CC1=CC(C(=O)c2ccc3c(c2)CC(=O)N3)=C(OC2=NO[C@H](C)C2)C1O,10.0,0.8101958684533578,0.6363487279940698,0.2577835551581725
COc1cc(O)ccc1C(=O)CC(c1ccc(O)c(C)c1)C1CN(C(=O)c2cccs2)C1,9.7,0.5126567583208028,0.7660181322379912,0.19046162065672104
CCNC(=O)C(=O)c1ccc(S(=O)(=O)c2nnc3cccc(C)n23)cc1,8.6,0.5319792180097946,0.8152623216835249,0.18649212331568202
O=C(COS(=O)(=O)N[SH](=O)=O)NS(=O)(=O)C1=Cc2ccccc2OC=C1,8.9,0.45433509792742693,0.6836509427260192,0.13821994501516363
Cc1cc(C(=O)c2ccccc2NC(=O)CNC(=O)N2CCC(C)CC2)ccc1O,9.9,0.6599724686066433,0.8677821892806161,0.2834926150678408
CC1=CN(C(=O)N[C@@H](C)c2ccccc2Oc2cccc(F)c2C(N)=O)CC1,9.4,0.8152653851265692,0.761322949353477,0.29171971632986826
Cc1cccc(C)c1C(=O)[C@H](C)NONC(=O)N1CCOCC1,8.1,0.6320540808708218,0.7478581134990471,0.19143814288251793
CC(=O)NC(=O)C(=Cc1ccc2c(c1)NC(=O)CC2)Oc1cccc(F)c1C(N)=O,10.7,0.5114222766100297,0.7916894159896499,0.21661486786901796
CCCc1cc(CCC(=O)NC2CCCC2)ccc1C(=O)C1Cc2ccccc2C1,9.9,0.6137132148191783,0.8460063335271742,0.2570066070196423
Cn1ccnc(NC(=O)NC(=O)Cc2ccc(C3=Cc4ccccc4OC=C3)c(OCCO)c2)c1=O,9.9,0.46556427412537144,0.7742873645696322,0.1784378647509023
CCS(=O)(=O)C(C)C(C)c1cc(C)cc(N2CCOCC2)c1,7.5,0.8350006362272688,0.7382849895010106,0.23117566348139487
Cc1cccc(C)c1C(=O)[C@@H](C)NC(=O)N(C)[C@H](C)C(=O)CNNC(=O)CNC(=O)CNC(=O)C(C)(C)C,9.1,0.19158982842042502,0.6895321012437381,0.06010883832028662
CC/C(CN(C#N)N1CCC2=C(C)CC=C12)=N/c1cc(F)ccc1N1CCCC1,8.2,0.3910889066415574,0.6883617701244567,0.11037636734124652
Cc1ccc(NC2(C(=O)N(C)C(=O)N3C(=O)CCCc4sccc43)CC2)cc1C(N)=O,11.3,0.7587401613908719,0.7592175372065711,0.3254675927416552
C/C(=C\C(=O)Nc1ccc(Cl)cc1Cl)N1CCc2cc(F)ccc21,9.3,0.7734729222216572,0.8426107191892709,0.3030575074989772
O=C(NC[C@H](NN1CCc2[nH]c(=O)ccc2C1)c1ccc(-c2ccccc2)cc1)Oc1ccccc1,11.2,0.36428019234538495,0.7556415151937343,0.15414853243940171
O=C(c1cccs1)N1CC([C@@H](NN2CCc3[nH]c(=O)ccc3C2)C(=O)n2cccc2)C1,9.6,0.632655876733126,0.6852511247362265,0.20809351252913186
NC(=O)c1ccc(C(=O)c2cccc(C3=C(C(F)(F)F)CCC=C3C(=O)c3cccs3)c2)cc1,10.9,0.4390691664426016,0.7912808592764349,0.18934772988094695
CC(=O)Nc1cc2c(cc1Oc1cccc(F)c1C(N)=O)OCCCO2,8.8,0.8732731454543358,0.8478839262965676,0.3257910758507574
Cc1cccc(NC(=O)Nc2cc(C3=NO[C@H](C)C3)ccc2C(=O)c2ccc(O)c(C)c2)c1,11.2,0.4599569547792016,0.7807897218428609,0.2011126111577756
O=C(Nc1ccc(ON2CCCCC2)cc1)c1ccc(F)cc1Cl,9.2,0.8833812352519453,0.8729618697907784,0.3547327420372678
CCc1nc(N)sc1C(=O)c1ccc(NC(=O)CC(=O)Nc2ccccn2)c(C)c1,9.0,0.3955736338877927,0.8320510537494806,0.14811185651033215
CNC(=O)N1CCC[C@H](c2cc(C)c(CNC(=O)N3CCC(C)CC3)cc2OC)C1,9.5,0.7893720595446184,0.7824946075301136,0.2933977054660867
Cn1cc(-c2ccccc2)cc(CNC(=O)c2cnoc2[O-])c1=O,9.7,0.7727605890691177,0.8017801660725018,0.3004982950174889
NC(=O)c1ccc(=O)n(Cc2ccc(Oc3ccc(N4CCc5[nH]c(=O)ccc5C4)cc3)cc2)n1,9.0,0.44713168732637254,0.8195472992771103,0.1649005050462957
Cn1nc2c(c1Nc1ccc(N3CC[C@@H]3c3ccccc3)cc1)CCCC2,10.2,0.7128134744944048,0.7877232271295218,0.2863648625397712
C[C@H](NC(=O)N1CCOCC1)C1=CC=C(c2ccc(-c3ccc4c(c3)CNC4=O)cc2)C1,9.9,0.7779234445746034,0.7422368569710327,0.2858147089702408
O=C1C=CCN(C2=C3CCC(=O)NC3=CC2c2ccc3c(c2)CNC3=O)C1,10.7,0.8371569587322794,0.6565069648021057,0.29403566511155527
C[C@H](NC(=O)N1CCOCC1)c1ccc(-c2ccc(F)c(C3=CC=CC3)c2)cc1,10.2,0.8008458991709047,0.7864055710475054,0.3211927350958596
CC(C)(C(=O)C(=O)NCC(=O)N1CCCCCC1)N1C(=O)CCCc2sccc21,8.4,0.7421022889976524,0.7874347618062836,0.245429998452561
Cc1cc(=O)n(CCc2cc3c(nc2C)C(=O)NC3)cn1,8.9,0.9016195147646849,0.7843788415367994,0.3147090153716522
CC(=O)C(=O)NC1=C(C(=O)NC(=O)C(=O)N2CC[C@H](O)C2)C(Cl)=CC1F,8.4,0.5130844493817931,0.6405630558143537,0.1380384359704671
Cc1noc(C)c1CNC(=O)c1cc([C@H](C)NC(=O)N2CCc3[nH]c(=O)ccc3C2)ccc1N(C)C,9.3,0.4862450197987344,0.7409369201284224,0.16752875263981798
Cc1cc(C(=O)c2ccc(N(C)C(=O)c3c(C)cccc3C)cc2C)nc(=O)[nH]1,10.3,0.6923630722464152,0.8165585768254573,0.2911578275338176
CC1=CCN(C(=O)N[C@@H](C)c2ccccc2Oc2cccc(F)c2C(N)=O)C=N1,9.2,0.8056895655876168,0.731874211666146,0.2712451712045552
CC(=O)N1CCC(CC2=C(c3ccc(F)cc3Cl)CC=NN2)CC1,8.7,0.9012210210016771,0.7748098040815515,0.3037495739816711
CC1=CC(F)C(CNC(=O)c2ccc(C(=O)C3CC4=CCCC=C4C3)cc2)S1,10.4,0.7103856087668097,0.6618413404652261,0.24448453304778414
Cc1cc(=O)c(O)c(Cc2ccc(C(F)(F)Cn3c(=O)[nH]c4ccccc43)cn2)n1C,9.6,0.5133402799993836,0.7647889146663207,0.18844653868571218
Cc1nc(C(=O)NCc2c(C)noc2C)c(NC2=COCC=N2)[nH]1,8.2,0.7656843349079284,0.7004082203711444,0.21987955697535944
CC1(C)OC(=O)N(C(=O)C2CC3=CCCC=C3C2)C1Oc1cccc(F)c1C(N)=O,10.4,0.8136961670375437,0.6784006492795288,0.2870462441779575
CC1CCN(C(=O)NCN2CCc3ccccc3C2)CC1,8.5,0.906633094748002,0.8621056759138699,0.3321857532052842
C[C@@H](CCNC(=O)N1CCCC1)CNC(=O)c1ccccc1O,9.0,0.7494254821857718,0.8318177510730115,0.2805234386348592
C[C@H](NC(=O)N(C)N(CC=O)C(=O)N[C@@H](C)C1=Cc2ccccc2OC=C1)C1=Cc2ccccc2OC=C1,10.7,0.4365410697883605,0.602090312069949,0.14061787468301948
CCOc1cc(N(C(=O)Oc2cccc(F)c2C(N)=O)C(C)C)ccc1C(=O)Nc1cccc(C)c1,10.2,0.4425202307593998,0.8298886816991047,0.18729369077435196
COC(=O)C(=O)N(/C=C/C=O)CCCNC([O-])=CN1C(=O)CCCc2sccc21,7.6,0.16009493423522797,0.6759109251491136,0.04111976774203538
CCc1cc(=O)[nH]c(Nc2ccc(OC)c(NC(=O)c3ccc(F)cc3Cl)c2)n1,10.0,0.5611404075083573,0.841724790296312,0.23616289591837952
CCN(C(=O)c1ccc([C@@H](Nc2ccc(F)c(O)c2)C(=O)N2CCCC2)cc1Cl)C(=O)C(F)(F)F,10.3,0.5525036258158551,0.7444028825793766,0.2118119252218331
CC(=O)OC[C@H](C=O)C(=O)N[C@@H](C)CCNC(=O)NC(=O)c1c(C)cccc1C,8.2,0.3193377555241681,0.7299104238386008,0.09556606215774832
CC(O)CC[C@H](C)NC(=O)Nc1nc(C(F)F)cc(N2C(=O)CCCc3sccc32)n1,9.7,0.5838769953294048,0.6851847502550669,0.1940308524138617
Cc1cccc(NC(=O)c2ccc(C(=O)c3ccc(O)c(C)c3)cc2)c1,10.4,0.6846471184166427,0.9139667503218577,0.3253872450069712
O=C(CNc1cccc(F)c1)C1=CC=C(Cl)C=CN(c2ccc(F)c(O)c2)C(=O)CO1,10.1,0.7180800064268313,0.6975001019762151,0.25293474324344706
Cc1cc(C(=O)C(=O)c2cccc(N3CC[C@@H]3c3ccccc3)c2)ccc1O,10.6,0.5208635612947313,0.8090696110891772,0.22334988585264362
O=C(NCc1ccccc1Cl)NCC1CCC(=NNC(=O)C2=Cc3ccccc3OC=C2)CC1,10.0,0.5209999002878585,0.7786989151387014,0.20285102857076348
CC1=C(Nc2ccc(C(F)(F)F)cn2)S(=O)(=O)N/C1=N\S(C)(=O)=O,8.7,0.8039344141239712,0.7222871976030627,0.2525921177399045
CNC(=O)/C(N)=C\C(=O)c1cccc2c1CCN(C(=O)Nc1ccccn1)C2,9.0,0.5488748350581,0.7989073733237526,0.1973250687418986
CC1=C2CCC(=O)NC2=CC1C(=O)CCc1ccccc1,8.7,0.922013664153148,0.7419219060891462,0.2975670287897025
O=C1NCc2cc(-c3ccc(-c4ccccn4)cc3)ccc21,9.9,0.7808606338791519,0.8820632693198147,0.34094039938328086
O=C(C1Cc2ccccc2C1)N1CCc2[nH]c(=O)ccc2C1,9.9,0.8696874966947821,0.8352245415091638,0.3595602486381601
O=C(C1Cc2ccccc2C1)[C@@H](Nc1ccc(-c2ccccc2)cc1)C(=O)N1CCCC1,10.9,0.5816662542495079,0.7990387523303062,0.2533017635471524
COc1cc(OC(=O)NCc2c(C)noc2C)ccc1C(=O)c1c(C)cccc1C,9.4,0.606709345402332,0.8422110100582321,0.24015932658344144
O=C(NS(=O)(=O)c1cccc(Cl)c1)N1CCN=C(O)C1,8.0,0.8499681538731583,0.8087405137987757,0.27496147259038994
CNC(=O)N1CCC[C@H](c2ccc(N3CCc4[nH]c(=O)ccc4C3)cc2)C1,10.1,0.8578729654213422,0.7750481876817901,0.3357709079910622
Cc1ccc(C(=O)c2cc(Cl)cc(Cl)c2C(=O)Nc2ccccn2)c(F)c1F,9.9,0.5696893238631695,0.8407193082242951,0.2370796630592001
CCc1cc(=O)[nH]c(NN2CCN(c3cc(C)nn3C(=O)C(F)(F)N3C(=N)SCC3=O)CC2)n1,9.3,0.49424658153751566,0.6786558924403595,0.15597186001870691
COc1c(C(=O)Nc2nccn(C)c2=O)cccccn(C)c1C(=O)NN1C(=O)Cc2ccccc21,11.2,0.5632477239488434,0.7408053298770895,0.2336638729277679
Cc1ncc(CNC(=O)c2cccccc(C(=O)c3c(C)cccc3C)ccc2)s1,9.4,0.5702194971038843,0.8282142283014993,0.22196403335549042
Cc1cc(=O)n(-c2ccc(S(=O)(=O)NCC3=NO[C@H](C)C3)cc2)cn1,8.9,0.8541693516235735,0.7481602418244981,0.2843797191580466
Cc1ccc(C(=O)C(=O)N2C(=O)CCCc3sccc32)cc1CNC(=O)c1ccccc1C,10.6,0.4526182002177326,0.8150689436737133,0.19552497031965124
C=C(CC(C[C@@H](C)NC(=O)CC)c1ccccc1)N(C)c1ncccc1N1CCc2[nH]c(=O)ccc2C1,10.4,0.4203607492146063,0.6739368985896584,0.14731424219954883
CC1=C(CNC(=O)c2ccc(Oc3cccc(F)c3C(N)=O)cc2)CC=NO1,9.6,0.799771327034468,0.7946584930900623,0.30506163722776786
CCC(=O)Nc1nc(OCC(=O)n2cnc(C)cc2=O)cs1,7.9,0.8831245575210186,0.789011206074107,0.2752340930361118
O=C(c1ccc(CNC(=O)N2CCC(C(F)(F)C3Cc4ccccc4C3)CC2)cc1)C1Cc2ccccc2C1,9.5,0.3843550574418811,0.7959000758677952,0.14530640420462784
Cc1noc(C)c1C/C(=C\C(=O)Nc1ccc(Cl)cc1Cl)N1CCc2cc(F)ccc21,10.2,0.48455316555670036,0.8015782799121415,0.19808771941619072
Cc1cc(C(=O)c2ccccc2NC(=O)c2ccc(C(=O)C3CC4=CCCC=C4C3)cc2)ccc1O,11.2,0.4012296066060272,0.8112459904098114,0.18227770937199347
COc1c(C(=O)C(C)(C)C(=O)c2ccc(C)c(F)c2F)ccc(C(F)(F)F)c1O,9.7,0.4186553821502352,0.7802416070104621,0.15842638885395213
C[C@@H]1CN(C)C(=O)CN1[C@@H](C)CCNC(=O)Nc1ccnc2c1OCO2,8.7,0.8060179873149226,0.685471172672679,0.2403384113076141
C[C@@H]1CC(c2ccc(-c3ccnc4c3OCO4)cc2)=NO1,9.6,0.849351284646356,0.7512903179998165,0.30629251043304645
CCc1cc(=O)[nH]c(N[C@@H]2CN(c3c4c(nn3C)CCCC4)C2=O)n1,9.4,0.8003987354088233,0.6925938093836995,0.2605450683158656
Cc1cccc(C)c1C(=O)c1ccc(-c2cc(Cl)cc(-c3cccc(F)c3)c2)nc1N(C)C,11.6,0.2982988039285517,0.8355979849223196,0.14456957009111282
O=C1CCc2ccc(-c3ccc(NC(=O)N4CCCC4)cc3)cc2N1,10.0,0.8751001761048335,0.8809772364908519,0.385471667398747
CNC(=O)c1cc(-c2ccc(-c3ccc(F)cc3)cc2C)ccc1C1=CCc2[nH]c(=O)ccc21,10.9,0.43107874377624195,0.8078447125257358,0.18979335269382105
Cc1ccc(-c2ccc(-c3ccc(F)cc3)cc2C#N)cc1C(=O)C(=O)C1Cc2ccccc2C1,10.5,0.25260368976708564,0.8248379588353738,0.10938748372742764
COC(COC(=O)CCCCS)c1cc(CNC(=O)c2ccccc2Cl)c(C)[nH]c1=O,7.2,0.2668861632631842,0.7498655164067459,0.07204634302937858
O=C1CCCc2sccc2N1c1cc(F)cc(Nc2ccccn2)c1,9.5,0.7184250019320901,0.830735929852285,0.28349019445436263
CC(C)C(=NC(=O)N1CCO[C@@H](CCC(=O)NC2=CC(F)=CC2)C1=O)C(N)=O,8.4,0.6477846106464944,0.6388572325466669,0.1738135911304546
Cc1ccc(C(=O)N2CCC[C@H](C3CCN(S(=O)(=O)Nc4ccnc5c4OCO5)CC3)C2)cc1C(N)=O,10.7,0.5832891604192604,0.7334832461366861,0.22889056234905378
C[C@H](NC(=O)N(C)CC=O)c1c2c(nn1C)CCCC2,7.7,0.8415339399844524,0.7157177172630583,0.23188578895214804
CCNc1cc(CNn2cnc(C)cc2=O)nc(C)n1,7.4,0.8396332611303285,0.783197207105469,0.24331141729074818
COc1cc(NC(=O)C(=O)N2CC[C@H](O)C2)ccc1-c1ccc(O)c(Cc2c(O)c(=O)cc(C)n2C)c1O,9.8,0.31524618815650757,0.7221346499741981,0.1115485959126489
Cc1noc(C)c1CNC(=O)c1ccc(-c2ccccc2)cc1,9.1,0.7953406984452225,0.9125156274007319,0.3302211714797807
CCNc1cc(-c2c(C)cc(C)cc2Nc2ccc(C)c(C(N)=O)c2)nc(C)n1,10.0,0.5704530558610963,0.8305063762412315,0.23688245011946793
Cn1nc2c(c1C(=O)NC(=O)CNc1cccc(F)c1)CCCC2,8.7,0.8963061440480983,0.8342704375657145,0.32527634775971265
CCNC(=O)N(C)CC(=O)CCC(=O)NC1CCCC1,6.6,0.7329413980517436,0.8516731012113632,0.2059947362500238
CCN(CCC(=O)NC(=O)NCNC(=O)N1CCC(C)CC1)C(=O)Nc1cc(OC)ccc1C,9.3,0.42810431075481725,0.8192071199362678,0.16307833624227602
NC(=O)c1c(F)cccc1Oc1cc2c(cc1NN1CC[C@@H]1C1=CCOCC1)OCCCO2,9.6,0.6425573456816683,0.6920023097254082,0.21343256032451619
Cc1cc(C(=O)c2cccc([C@H]3CCCN(C(=O)NC(=O)NC(=O)N4CCOCC4)C3)c2)ccc1O,11.0,0.5630595167055563,0.7595885370213333,0.2352314550026719
Cc1cc2c(cc1Oc1cccc(F)c1C(N)=O)OCCCO2,8.9,0.9435390591065049,0.856301892417766,0.35953965543792543
O=C(NCc1nc(C2=CCc3[nH]c(=O)ccc3C2)cc(C(F)F)n1)Oc1ccccc1,10.6,0.6527424168633822,0.7611276495661217,0.26331475980524793
Cc1cc(=O)n(-c2cccc([C@H](C)c3ccc(-c4ccc5c(c4)CN=CC5)cc3)c2)cn1,11.1,0.4392948540433874,0.74241899096607,0.18100816746289064
C#Cc1[nH]c(-n2cnc(C)cc2=O)cc1-c1cc(F)cc(C(=O)c2ccccc2Cl)c1N(C)C,9.4,0.33861157904581735,0.738576841703862,0.11754261518952819
Cc1cccc2nnc(C(=O)C[S@@+]([O-])Cc3ccc(-c4cccc(C#N)c4)cc3)n12,9.1,0.354087114833271,0.7111557541354462,0.11457404557639911
CC[C@@H](CN(C)c1c2c(nn1C)CCCC2)C(=O)N(C)CC(=O)C1Cc2ccccc2C1,8.6,0.6376832306979936,0.7111032258709502,0.19498719904625558
C[C@@H](C(=O)O)C(=O)N(C)C[C@H](NC(=O)N[C@H](C(=O)N1CCCCC1)C1CN(C(=O)c2cccs2)C1)C(C)(C)C,9.3,0.39341001002716214,0.668600155648582,0.12231080718110993
COc1cc(C=NN2C(=N)SCC2=O)c(S)cc1Nc1ccc(C(F)(F)F)cn1,8.6,0.48232955691420837,0.7432638762412314,0.15415419852204115
CCOc1ccc(O[P@](=O)(OC)ON[C@@H](C(=O)NCc2cnc(C)s2)C(=O)N2CCCCC2)cc1,8.3,0.24337536153983536,0.6962603578761716,0.0703228357744469
O=C(c1ccc(C2Cc3ccccc3C2)cc1)C1Cc2ccccc2C1,10.9,0.6024265075116357,0.8732634344596375,0.28671198732272896
Cc1ccc(C(=O)c2ccc(O)c(C)c2)c(C2=NO[C@H](C)C2)c1,8.9,0.8783867124743379,0.779576863499047,0.3047226314212427
Cn1nc2c(c1-c1cccc(Sc3ccnc4c3OCO4)c1)C=CCC2,10.1,0.6934836126801189,0.7403051927013959,0.25926170735780996
O=C(NNC(=O)C(=O)C(=O)c1ccnc2c1OCO2)NC(=O)C(=O)N1CC[C@H](O)C1,9.7,0.16920192314237353,0.6888853573425501,0.056531952734185625
CCN(C)C(=O)[C@H](OC)C(=O)NN=C1CCC(C2=NO[C@H](C)C2)CC1,0.0,0.5760505052559114,0.6354893648938105,0.0
Cc1ccc(Nc2ccc(C)c(C(N)=O)c2)c(C(=O)c2nnc3cccc(C)n23)c1,10.4,0.4979644518541718,0.8213536178520447,0.21268255012790988
CCC(=O)NC1=CC(=NNC(=O)c2csc(NC(=O)CC)n2)CC1,8.2,0.6794674889317404,0.7834075044935188,0.21824297125428185
Fc1ccc2c(c1)CCN2c1ccc(-c2ccc(C3=CC=CC3F)cc2)cc1,10.2,0.5093426149889182,0.7760357602448994,0.2015867225585056
Cc1ccc(NN2c3ccc(NC(=O)N4CCOCC4)cc3[C@H](C)C[C@@H]2C)cc1C(N)=O,10.1,0.677470962964079,0.7218240578111018,0.24695249396564273
COC1=C(c2ccccc2)CC=C1Cc1c(O)c(=O)cc(C)n1NCC=Cc1ccc2c(c1)CNC2=O,11.4,0.4336056070432285,0.7180720698527704,0.17747524317709992
CCC(=O)Nc1nc(-c2cccc(-c3ccc(-c4ccc(F)cc4)cc3C)c2)cs1,10.7,0.38278395756238365,0.8783235173324093,0.17987136131176765
O=C1C=CCN(C2=C(c3ccc4c(c3)CNC4=O)C(c3ccc4c(c3)CNC4=O)C=C2)C1,11.3,0.7958349618691384,0.667720397086831,0.30023830876648694
O=C1CCc2ccc(NC3(c4ccc(Br)s4)CCCCC3)cc2N1,9.3,0.6912694457761633,0.7924010193368844,0.2547096152633059
O=C(Nc1nc(C(=O)Nc2ccccn2)n[nH]1)C(=O)N1CC[C@H](O)C1,9.8,0.5194483172239155,0.7517353045082931,0.19133894307307386
Oc1cc(-c2ccc(C3=Cc4ccccc4OC=C3)cc2)ccc1F,10.6,0.6581993424790363,0.8304067412326854,0.2896837806668418
COc1[nH]c(C)cc(CCC(=O)c2ccc(C(N)=O)cc2)c(F)ccc1C(=O)Nc1nccn(C)c1=O,11.4,0.39929300925295874,0.7474107574489034,0.17010845757918938
O=C(C(S)=Nc1ccc(Oc2ccnc3c2OCO3)cc1)C1Cc2ccccc2C1,10.4,0.3740754828942934,0.7652530018014286,0.14885644081629204
CC(=O)N1CCC(Cc2ccc(C(=O)NCc3cnc(C)s3)cc2C)CC1,8.7,0.8569158873938858,0.8477499268673002,0.3160059156782735
CCC(=O)Nc1nc(COc2cccc(-c3ccnc4c3OCO4)c2)cs1,10.4,0.6959367139591429,0.8227739518762687,0.2977512722079732
CC(=O)N1CCC(Cc2ccc(C(=O)c3cc(C)c(NC(=O)c4ccc(F)cc4Cl)c([N+](=O)[O-])c3)cc2)CC1,9.4,0.22056392215338896,0.8302990106432786,0.0860729829833532
Cn1c(CNC(=O)c2ccccc2O)cc2c1CCNC2,8.7,0.7962959370281659,0.8255542131143743,0.2859626775792654
Cc1cc(=O)n(-c2cccc([C@H](C)NC(=O)N3C=CC(=O)CC3)c2)cn1,9.8,0.9167423488755513,0.7418611872376203,0.3332468279906324
Cc1ccc2c(c1)C(=O)C(c1ccc3c(c1)CNC3=O)=N2,9.6,0.8698259790626381,0.8157944695246309,0.3406076271207108
CNc1nc(-c2ccccc2C2=NO[C@H](C3=NO[C@H](C)C3)C2)cs1,9.8,0.9230918858799472,0.6779263208085847,0.3066362601217968
C[C@H](NC(=O)N(C)COC(=O)N1CC[C@@H]1c1ccccc1)C(=O)C1Cc2ccccc2C1,10.0,0.7042281026904766,0.722993880296309,0.2545763042889476
Cc1cccc2nnc(C(=O)NN=C3C=C[C@@H](C)CC3)n12,9.2,0.8579544505227912,0.6950360086532491,0.27430224897292
Cc1ncc(CNC(=O)C(=O)C2=CCC(S(=O)(=O)c3nnc4cccc(C)n34)C=C2)s1,9.8,0.5590622173922815,0.6770820648409366,0.18548019025799406
Cc1cccc(C)c1C(=O)c1ccc(C(=O)c2ccc(C(=O)CNc3cccc(F)c3)c(OCCO)c2)cc1,8.7,0.24884602444307916,0.8344096581439262,0.09032319389092076
CC1=C(C(=O)NS(=O)(=O)c2ccc(C)c(C)c2)S(=O)(=O)NC1=NC(=O)c1cc(C)[nH]c(=O)n1,11.2,0.5288112697963773,0.7250118341166036,0.21470088002529686
Cc1cc(=O)n(-c2ccc(N3CCc4[nH]c(=O)ccc4C3)cc2)cn1,10.0,0.7755723638467588,0.8193169566641336,0.31771979440986725
O=C(C1=CC=CC1)C1=CC=C(C2=CN(C(=O)F)CC=C2F)C1,9.1,0.5864528385840226,0.6360808070178485,0.16972928465421708
NC(=O)c1ccc(C(=O)c2cccc(C3=CN(C(=O)C=O)CC=C3NC(=O)c3ccc(F)cc3F)c2)cc1,11.6,0.28425857174808533,0.7740900852789838,0.12762421038653934
Cc1cccc(C)c1C(=O)N1CCN([C@H]2N=C3C(=O)NCC3S2)CC1=O,10.1,0.7673312905747517,0.6493664308391698,0.2516309866230289
Cc1c(Oc2cccc(F)c2C(N)=O)cccc1N1CCc2cc(F)ccc21,10.0,0.703350835695268,0.8485455427492636,0.29841260830909466
Fc1ccc2c(c1)CCN2N1CCc2ccccc2C1,8.6,0.7836025660944324,0.8368788331065866,0.2819855724869472
NC(=O)c1ccc(=O)n(Cc2cccc(CNC(=O)c3ccccc3O)c2)n1,10.1,0.5902050302352548,0.8729992915321265,0.2602005294933078
CC[C@@]1(CC(=O)N[C@@H](Nc2ccc(C(F)(F)F)cn2)C2CCC2)C(=O)c2ccccc2-c2ccccc21,11.5,0.36546202013967005,0.6955418098322617,0.14616161607491782
CC1=C(C(=O)NNC=O)S(=O)(=O)NC1=NOc1cccc(F)c1C(N)=O,9.7,0.3466730685874696,0.7069502276664309,0.11886409331040994
CCC(=O)Nc1nc(C=Nc2nn[n+](C)n2C(c2ccccc2)[C@H]2CCCN(C(=O)NC)C2)cs1,10.2,0.3840324611117279,0.6398765350323489,0.12532401388362002
CC1=CC=C(c2cc(C(=O)Nc3nccc4c3CNC4=O)cn(C)c2=O)C1,10.3,0.8734564595827098,0.7590626799037377,0.34144922350989243
O=C(NCC=CCCc1ccc(-c2ccc3c(c2)CNC3=O)cc1)C1=Cc2ccccc2C1,11.1,0.5229077138709797,0.8003018276282469,0.23225861949597862
Cc1cc(-c2cc3c(cc2-c2cc2=O)CCC(=O)N3)ccc1N1C(=N)SCC1=O,10.4,0.7007214773228877,0.778402283173805,0.28363046286486987
CC(C(=O)CNC(=O)c1ccccc1Cl)C(=O)C(c1ccccc1)N1C(=O)CCCc2sccc21,10.0,0.43310836812581377,0.7235079103237241,0.15667866518321288
CC1=C(F)CN(c2ccc(S(=O)(=O)NC(=O)N3CCOCC3)cc2)C=N1,9.5,0.8547841098637916,0.7865895111227006,0.31937300216927594
CC1=CN(C(=O)N[C@@H](C)c2ccccc2Oc2cccc(C(=O)C3CC4=CCCC=C4C3)c2C(N)=O)CC1,12.0,0.4323622842023596,0.6833099074802248,0.1772624594497518
Cc1cc(=O)n(C2=C(C(=O)NCc3c(C)noc3C)C(S(=O)(=O)NC(=O)N3CCOCC3)C=C2)cn1,10.7,0.5348744583288468,0.6842329201284224,0.19579861120058342
Cc1ccc(NNC(=O)CCn2c(=O)[nH]c3ccccc32)cc1C(N)=O,10.0,0.4984890484271539,0.855142092787611,0.21313948405185057
Cc1cc(=O)c(O)c(CN2C(=O)Cc3ccccc32)n1C,8.1,0.9084754491347196,0.8226252741223319,0.30267062047803217
CC1=CCN(NC(=O)CCN2c3ccccc3NC2O)C=N1,8.3,0.7685631117158409,0.6723614103081117,0.21445215374718227
Cc1cc(=O)n(-c2ccc3cccc(NC(=O)c4ccc(F)cc4Cl)c3n2)cn1,10.7,0.5525267950152059,0.8434089841211563,0.2493132436426688
Cc1ccc(C(=NNCO)NC(=O)N/C=C(\[O-])C(=O)Nc2ccccn2)cc1,9.7,0.11568081515664,0.7288534297989231,0.04089246406109337
Cn1ccnc(NC(=O)c2cc(C(=O)CNc3cccc(F)c3)ccc2[O-])c1=O,9.9,0.6118578559525398,0.7993367561082779,0.24209483451935226
Cc1cccc(C)c1C(=O)C(C)(C)C(=O)S(=O)(=O)CCCC(=O)N(C=O)C(C)(C)C,8.5,0.3515796996396824,0.7357804743289011,0.10994132822025168
C[C@@H]1C(=O)NC(C2=CCCC=C2)=CC=CC(F)=C[C@]1(C)C(=O)c1ccc(C(N)=O)cc1,11.1,0.7115354444793509,0.5960803144284078,0.23539341066707561
Cc1ccc(C(=O)N2CCNC(=O)C[C@H]2c2cc(NC(=O)CO)ccc2O)c(F)c1F,10.0,0.5466216091060384,0.758703239231117,0.2073617927312384
CCC(=O)N(C(=O)OCC(=O)NS(=O)(=O)N1CCC(C)CC1)C(C)C,7.4,0.734507913724407,0.79602857282575,0.2163350359277658
CC1CCN(C(=O)NCc2ccc(N3C(=O)Cc4ccccc43)cc2)CC1,9.5,0.9005114398236754,0.8705681870147104,0.37237939048781915
NC(=O)c1ccc(C(=O)N2CCC3=C(C[NH+]=N3)C2)cc1,8.9,0.7541299182434148,0.7473577141422919,0.25080414127979683
CC(=O)N1CCC(Cc2cccc([C@H](C)NC(=O)N3CCOCC3)c2)CC1,9.5,0.8824128782376128,0.8129172980585929,0.3407311290557875
CCc1cc(=O)[nH]c(Nc2ccccc2C2=Cc3ccccc3OC=C2)n1,11.0,0.7202090427342986,0.7774306217886348,0.3079519101508978
C[C@H](NC(=O)N1CCOCC1)N1CCN(CNC(=O)c2ccccc2O)[C@@H](c2ccco2)C1,10.5,0.6017348861990567,0.7045958221648853,0.22258944060502694
Cc1ncc(CNC(=O)c2cccc(CCNC(=O)c3ccccc3Cl)c2)s1,9.4,0.6144002686811624,0.8806938411913282,0.2543163103472846
CC=CC1=C(C)CC(C(=O)c2cccnc2C(=O)c2cc(C3=CC=CCN3)c(C)[nH]c2=O)C1,10.1,0.6525447615337546,0.6566059335881049,0.21637470498922362
Cc1c(CC(=O)NC2=CCC(C(F)(F)F)C=N2)cc(-c2ccc(F)c(O)c2)cc1C(F)(F)F,11.3,0.5606496778062917,0.6894224390109169,0.21838632459170262
O=C(C1=CCc2ccc(-c3ccccc3N3CCc4[nH]c(=O)ccc4C3)cc2N1)c1ccc2c(c1)CNC2=O,13.9,0.34673651872582306,0.751084083367825,0.18099765483444819
COC(=O)CNC(=O)[C@H](C)CNC(=O)N(C)CC(C)(C)C(=O)c1ccc(O)c(C)c1,8.7,0.40965269115824055,0.757179802503916,0.1349286235470815
Cc1ncc(CNC(=O)[C@@H](N)C(=O)N2CCCCC2)s1,7.0,0.787615984501702,0.7750862737066149,0.2136646184887169
CCc1cc(=O)[nH]c(Nc2nc3c(NC(=O)c4ccc(F)cc4Cl)ncc(Br)c3[nH]2)n1,11.1,0.32178876358374653,0.7639303577193917,0.13643243392740978
CN1CCC(=O)N(c2cc(-c3ccc(C4=CC=CC4)cc3)cc3c2N=C(N2CC=CC(=O)C2)CC3)C1=O,9.9,0.6108690194308424,0.7068249420907421,0.21372984234569564
O=C1CCc2ccc(-c3ccc(-c4ccc5c(c4)CNC5=O)cc3)cc2N1,10.5,0.7262994309521837,0.8484623647292386,0.32352480966077485
c1ccc(-c2cc3ccc(-c4ccc5c(c4)OCCC5)cc3[nH]2)cc1,10.8,0.49282888908122846,0.8704634352966125,0.23165434501365206
O=C(CCc1ccc(-c2ccc(C3=Cc4ccccc4OC=C3)cc2)cc1)NC1CCCC1,9.5,0.4627592995791995,0.8337250922870046,0.18326166888046042
O=C(O)C1(OC2=CC=C(N3CCOCC3)C2)CCCCC1,7.2,0.8615577574562544,0.7529503165191662,0.2335356670234427
CN1NC2=C(Cl)C=CCC2C1C1C=CC=C(c2c3c(nn2C)CCCC3)C1,10.4,0.8353109070532432,0.579773158763071,0.2518312384283825
Cc1cccc(C)c1-c1ccc2c(c1)CCN2C(=O)NC(=O)Cc1c(N2CCOCC2)noc1C,12.9,0.6162648174765565,0.7979171896046048,0.3171647478324422
O=CCN(CN1C(=O)CCCc2sccc21)C(=O)Nc1ccccn1,9.1,0.8327114502214483,0.784222084869262,0.2971289728621628
CC(=O)N1CCCN1c1ccccc1C(=O)C(C)(C)NNC(=O)N1CCOCC1,8.8,0.5662166828987351,0.7643143439525324,0.19041771431087934
O=C1NCc2cc(N3C(=O)Cc4ccccc43)ccc21,9.0,0.8576212686255476,0.8466545962680306,0.3267490450225677
CC(=O)c1ccc(C(=O)N2CC[C@@H]2c2ccccc2)cc1,8.0,0.8066412885163206,0.869602931730172,0.2805830517393584
Cc1cc(=O)n(-c2cccc([C@@H](NC(=O)N3C=CC(=O)CC3)N3C(=O)Cc4ccccc43)c2)cn1,11.6,0.632635314474397,0.6955174979639921,0.2552051800071996
CNC(=O)N1C=CC(=O)[C@H](C2=CC(=O)N(C(=O)n3cnc(C)cc3=O)[C@@H](C)C2)C1,10.5,0.730459741256116,0.6070739047264246,0.2328075998691472
Cc1cc(C(=O)c2ccc(C3=NNN(C4CN(C(=O)c5cccs5)C4)C3)cc2)nc(=O)[nH]1,10.6,0.5714393794614253,0.7552018839809906,0.22872261085360424
CCc1cc(=O)[nH]c(N[C@@H]2c3c(cc(C)c(O)c3O)O[C@]2(CC)CCC(=O)NC2CCCC2)n1,10.5,0.37195678409683897,0.6493297350685516,0.12679936503913924
Cc1ccc(C(=O)c2ccc([C@H](C)NC(=O)N3CCOCC3)c(C(=O)NCC#N)c2)c(F)c1F,10.4,0.49823903680633064,0.7559365477719237,0.1958512906732647
Cn1ccnc(NC(=O)c2ccc(NC(=O)CNC(=O)N3CCCC3)cc2)c1=O,8.7,0.6861892911450478,0.8655178021324134,0.25835043549661724
Nc1sc(-c2ccc(F)c(O)c2)cc1CCC(=O)NC1CCCC1,8.7,0.7684655098125751,0.8278204375657143,0.2767258827454344
CCNc1cc(-c2cc(OC)cc(ON3CCc4cc(F)ccc43)c2)nc(C)n1,9.6,0.669252218092699,0.7979276644710738,0.2563271324759006
Cc1cccc(-c2cc(O)nc(-c3ccc(C)c(-c4ccccc4)c3)n2)c1,10.8,0.5066838647547166,0.8765926446083986,0.23984388845230026
CNC(=O)N1CCC[C@H](c2ccc3c(c2)[nH]c(=O)n3-c2ccc(Cl)cc2)C1,9.5,0.7095922385435321,0.7944030123443072,0.267758550621683
Cc1cc(=O)n(C2=CC=CC=CC3=CC=CC=CN([C@H](C)NC(=O)N4CCOCC4)C(=O)[C@@]23C#N)cn1,0.0,0.6797751113740548,0.5540112582310971,0.0
COC1=C(c2ccccc2)CC=C1CNc1ccccn1,8.5,0.9008551266934326,0.8265862478538284,0.3164696450891991
CN1C(=O)N(c2cccc(C3=NC(c4cccc(C5=CCC(=O)N=C5)c4)=CSC3)c2)C(=O)C1(C)C,11.8,0.584900844499709,0.7181803333497484,0.24783792725281675
O=C1CCc2ccc(-c3ccc(-c4ccc5c(c4)CNC5=O)cc3)cc2N1,10.5,0.7262994309521837,0.8484623647292386,0.32352480966077485
O=C(NCNC(=O)N1CCc2[nH]c(=O)ccc2C1)c1ccccc1Cl,10.1,0.723570183413402,0.8270445779473887,0.3022045224630081
Cc1cccc(C(=O)NCc2c(C)noc2C)ccn(-c2ccc(CNC(=O)N3CCC(C)CC3)cc2C)c1,9.5,0.4287959084846908,0.7617153930767403,0.15514471089102924
O=C(C1Cc2ccccc2C1)n1nc(S(=O)(=O)NCc2ccccc2F)c2c1COC2,10.5,0.6573974531765583,0.778272852677617,0.2686081603940281
CCc1cc(=O)[nH]c(N[C@@H]2C(=O)Nc3ccc(C4CN(C(=O)c5cccs5)C4)cc32)n1,10.4,0.5712905664098255,0.7227746357757491,0.21471545215067117
CCNc1cc(-c2ccc(C(=O)NCc3c(C)noc3C)c([N+](=O)[O-])c2)nc(C)n1,9.4,0.4470135592090156,0.82333019448826,0.1729786875019506
N=C1SCC(=O)N1c1ncc(C(F)(F)F)cc1-c1ccc(Oc2ccc(Cl)cc2)cc1,9.7,0.4979297579072108,0.8177478643506915,0.19748278312076004
CC1=C(Cn2nc(C(N)=O)ccc2=O)NC(=O)[C@@H](N2CCCC2=O)[C@H](c2ccc(F)c(O)c2)SC1,10.2,0.5548246879392371,0.6598595167928563,0.18671423874904947
Cc1cccc(NC(=O)C2=CCN(Cn3nc(C(N)=O)ccc3=O)C2)c1,9.6,0.8126947906423468,0.817633135990983,0.3189533713326899
Cc1cc(C(=O)c2ccc(C(=O)Nc3ccc4c(c3)NC(=O)CC4)cc2)ccc1O,10.5,0.5754920738301395,0.8693690692633784,0.2626653795119339
CC=CNC1=C(C(=O)c2ccc(O)c(C)c2)C2=C(CNCC2)CC1N,8.8,0.6323389262109101,0.6643202418244979,0.1848332412852091
COc1cc(O)ccc1C(=O)CC(C1=CCc2[nH]c(=O)ccc2C1)c1ccccc1,10.2,0.4799217085460168,0.7402257004681831,0.18117769526796487
CCCN(C(C)=O)c1[nH]c(=O)[nH]c1N1CCc2[nH]c(=O)ccc2C1,8.1,0.7673479501358315,0.743834829407411,0.23116595329209214
CC(C)N(C(=O)CNC(=O)C(=O)N1CC[C@H](O)C1)C1=Cc2ccccc2OC=C1,9.8,0.7326255136587745,0.7139266333185676,0.25629002456035066
C[C@@H](C(=O)NCNC(=O)Oc1ccccc1)S(=O)(=O)C=O,7.1,0.5562268592643381,0.7557861301107389,0.14923793362660087
O=C(NCC1N=C(C(F)F)C=CC1=O)Oc1ccccc1,7.5,0.9230402066577837,0.7216819191269561,0.24980303541454935
CNc1nc(-c2ccccc2C2=NO[C@H](c3ccc(F)cc3Cl)C2)cs1,9.9,0.6416008689648659,0.7651269462822287,0.24299852623354054
CCC(=O)Nc1nc(-c2ccccc2C2=Cc3[nH]c(=O)ccc3C2)cs1,10.2,0.7370724426171401,0.7994314584356614,0.30051183786481944
Cc1ccc(N2NC(c3cc(Cl)ccc3C(=O)c3c(C)cccc3C)=CC2C)c(CNC(=O)N2CCCC2)c1,12.0,0.3463548344750302,0.7311980504193976,0.15195238783288512
CCN(CCCNC(=O)N1CCCC1)C(=O)NC(=O)c1ccc(F)cc1Cl,8.9,0.7227440464430914,0.8552718162060317,0.27507346289779827
C[C@H](NC(=O)N1C=C(c2ccc(C(N)=O)cc2)CC1)c1ccccc1Oc1cccc(F)c1C(N)=O,10.6,0.4571944922483772,0.7608255888260612,0.18435799244963896
Cc1ncc(NC(=O)C2=CCC(C(=O)C3CC4=CCCC=C4C3)C=C2)s1,10.5,0.8522777828832826,0.6430469462822287,0.2877286784753237
O=C(NS(=O)(=O)c1ccc(N2C=NC(c3ccnc4c3OCO4)=C(F)C2)cc1)N1CCOCC1,10.2,0.6890815232159956,0.7390677732647022,0.2597317529501585
C[C@@H](C(=O)NC(=O)c1ccc(C(N)=O)cc1)S(=O)(=O)[C@@]1(C(F)(F)F)N=C([O-])OC1=O,9.9,0.5010027293979603,0.6532528697323108,0.16200432800785428
Cc1cc(C(=O)C2=CCc3[nH]c(=O)ccc3C2)ccc1O,9.4,0.8297375828673897,0.7889509406241526,0.30767245584298586
O=C(c1cccs1)N1CC([C@@H](NN2CCC3=C(CCC=N3)C2)C(=O)N2CCCC2)C1,9.5,0.7818684198697858,0.6753299239378437,0.25080909174703064
CC(=O)N1CCC(Cc2ccc(-c3ccccc3)cc2F)CC1,9.8,0.8276494419129983,0.8968435994287037,0.36371333122970156
CCC(=O)Nc1nc([C@@H]2CC(=O)NCCN2NC(=O)NCc2cccc(N)c2)cs1,10.0,0.4372775750373586,0.7360978482110012,0.16093954102796215
Cn1c(CNC(=O)c2ccccc2O)cc2c1CCNC2,8.6,0.7962959370281659,0.8255542131143743,0.28267575025076813
Cc1ccc(Nc2ccc(-c3ccnc4c3OCO4)c3c2NCCC3)cc1C(N)=O,11.3,0.6104480174013897,0.7822806040842034,0.26981102875534135
CCc1nc(N)sc1C(=O)c1cc(C(=O)Nc2ccccn2)ccc1C(=O)OC,9.2,0.4727234764286273,0.8327920267635486,0.18109295733550526
O=C(c1ccc(OC2CN(C(=O)c3cccs3)C2)cc1)C1Cc2ccccc2C1,10.6,0.5985750349481518,0.8501719073767625,0.26971258996009073
Cc1cc(C(=O)C2=CC(C(=O)[C@H]3CC[C@@H]4CC=C(CNC(=O)N5CCCC5)N4C3=O)=NC2=O)nc(=O)[nH]1,10.6,0.321245253814596,0.6070943246251612,0.10336387031391367
CNC(=O)N1CCC[C@H](CN(C)c2ccc(C3CCCC3)c(OC)c2)C1,9.1,0.8686520424514483,0.7906695630528454,0.312501612536772
CC(=O)N1CCC(CC(=O)N2CCC[C@H](C3CCN(S(=O)(=O)Nc4ccnc5c4OCO5)CC3)C2)CC1,9.3,0.59186726303396,0.7231710835822596,0.19902989982448782
CC1=NN(C(=O)c2ccc(C)c(F)c2F)C(=O)/C1=N\N,8.4,0.4715839248103356,0.7711623636470407,0.15274046512816844
O=C(NCc1ccc2c(c1)CNC2=O)C(=O)N1CC[C@H](O)C1,9.5,0.6191411116279113,0.7817359937891468,0.22990232379222708
O=C1NCc2cc(-c3cc4c(n3Cc3ccc(NC(=O)N5CCOCC5)c(F)c3)CCNC4)ccc21,11.6,0.5257714897605353,0.7818046190950422,0.2384093359842955
NC(=O)C(NCc1ccc(-c2ccc(-c3ccc(N4CCc5cc(F)ccc54)cc3)cc2)cc1)OO,9.1,0.181152438507914,0.774362576933156,0.06382633944082458
O=C1CCc2ccc(-c3ccc4c(c3)CC(=S)N4c3ccc(N4CCc5[nH]c(=O)ccc5C4)cc3)cc2N1,10.3,0.3502030421494513,0.769633448816687,0.13880690718452257
C1=C(c2ccc(-c3ccccn3)cc2)CCc2ccccc21,10.2,0.6268110842801655,0.8820956953553176,0.28198275321471195
O=C1CCC2=CN(c3ccc(N4CCC4)cc3)CC=C2N1,8.3,0.9038892632453142,0.7923172774271107,0.29720933826230156
O=C(CSC(=O)C(=S)N1CCCC1)Nc1cc(O)nc(N2C(=O)Cc3ccccc32)n1,8.7,0.6653518931115925,0.7591437609827951,0.2197175162534843
CSC(C)(c1ccc(N2CCc3[nH]c(=O)ccc3C2)cc1)c1cc(C(=O)c2ccc(C)c(F)c2F)ccc1F,11.0,0.2788903948918062,0.7099234100139316,0.10889495108894767
NC(=O)c1ccc(=O)n(Cc2cccc(N3C(=O)Cc4ccccc43)c2)n1,10.7,0.7640869329173475,0.8506304042846199,0.34772623351100196
O=C(NCc1ccc(-c2ccc(F)c(O)c2)cc1)Oc1ccccc1,9.7,0.7374775790142658,0.8999120421342194,0.3218775027670801
CNC(=O)N1CCC[C@H](C=Nc2ccc(NC(=O)N3CCOCC3)cc2)C1,0.0,0.7973715771374361,0.7643988780170958,0.0
Cn1ccc2c1CCN(NC(=O)c1ccc(F)cc1Cl)C2,8.4,0.9254957688171781,0.8053824921235009,0.3130587972706884
C[C@H](NC(=O)N1CCOCC1)c1cccc(C(=O)NCC(=O)NC(=O)N2CCN(c3ccc(F)cc3Cl)CC2)c1,10.0,0.4867430137418656,0.7755737677419627,0.18875255654492834
Cc1ncc(CNC(=O)C2CCC(=NNC(=O)C(=O)C3=C(Cl)C(=O)NC3=O)CC2)s1,8.7,0.24743569717319805,0.7494758849423842,0.08066948332576998
CC(=O)N1C(C(C)(C)C(=O)C(=O)Nc2ccccn2)=C(C)S1(=O)=O,8.9,0.8108900361077668,0.7470737665896316,0.26957862973643915
O=C(C[C@H]1CN(NC(=O)C(=O)N2CC[C@H](O)C2)Cc2ccccc21)NNC(=O)NC(=S)NC[C@H]1COCCO1,9.3,0.13660819597214333,0.635055227423654,0.04034049326687643
Cc1cc(=O)c(O)c(Cc2ccc(N3CC[C@@H]3c3ccccc3)cc2C(F)(F)F)n1C,10.0,0.6389758186682227,0.7533519207001268,0.24068683013732076
CN(CNC(=O)c1ccccc1O)C(=O)c1cccn1CNC(=O)c1ccccc1Cl,9.8,0.49120838370229997,0.8175369006017965,0.19677467998518222
CNC(=O)N1CCC[C@H](c2ccccc2C(=O)NCc2cnc(C)s2)C1,8.3,0.866559896681288,0.7920552179385003,0.2848407644464047
CCc1cc(=O)[nH]c(Nn2c([O-])c(NC(=O)C(=O)N3CC[C@H](O)C3)c(=O)n(-c3ccccc3)c2=S)n1,10.7,0.2589897182000334,0.6711846124361147,0.09299900379473997
O=C(NC(=O)c1ccc(-c2ccc(-c3ccc4c(c3)CNC4=O)cc2)cc1Cl)C(=O)N1CC=C(F)CC1,10.8,0.5074545808828204,0.7808491795355403,0.213972566292307
CCc1nc(N)sc1C(=O)c1cccc(CCC(=O)Nc2cc2=O)c1,8.1,0.6333569176515229,0.8371153773255978,0.214728090116161
CNC(=O)N1CCC[C@H](c2c(F)cccc2On2c(=O)[nH]c3ccccc32)C1,9.7,0.7288358324809041,0.7491173033968693,0.26480201372184703
NC(=O)CCC(=O)NC[C@@H]1CC(=O)NCCN1C(=O)c1ccc(C(N)=O)cc1,9.4,0.4447311414240656,0.7881454627375286,0.16474103068818596
COCCNS(=O)(=O)Nc1ccc(N2CCc3cc(F)ccc32)cc1C1=NO[C@H](C)C1,9.2,0.606125312618585,0.732561698712812,0.2042511267765642
O=CNS(=O)(=O)C(=O)C[S@@+]([O-])CC1CN(C(=O)c2cccs2)C1,7.6,0.48787882624797574,0.6430345558067392,0.11921471884307454
C[C@H](NC(=O)N1CCOCC1)N1CC(=O)N(C2CCOCC2)[C@@H](C)C1,8.1,0.7773240309395687,0.7071986210999436,0.22263760554546672
Cn1nc2c(c1C1C=CC=C(C(=O)N3CCOCC3)C1)CCCC2,9.7,0.8359017700676835,0.7137008002237446,0.28934312466978884
Cc1onc(O)c1CC(=O)NC(=O)N1CCc2cc(F)ccc21,9.6,0.877618745836769,0.8084043147550442,0.34054597480529014
N=C1NS(=O)(=O)C(c2ccc3cccnc3c2)=C1N1CCc2cc(F)ccc21,11.0,0.6996418898726601,0.7654080719605588,0.29453135249465096
CCc1cc(=O)[nH]c(NCN(CC(=O)N[C@]2(N)NC(=O)[C@@H](C)OC2=O)S(C)(=O)=O)n1,9.4,0.19946366457839498,0.6112371793970052,0.057302215632671585
C[C@H](CNC(=O)NC(=O)NCC(=O)[O-])NCC(=O)C1=Cc2ccccc2OC=C1,9.5,0.449174151127209,0.6853862724448734,0.14623245363184229
CN1CCC(=O)N(C2=C(N3CCc4[nH]c(=O)ccc4C3)CCC3=C2NC(=O)CC3)C1=O,9.6,0.743346523411974,0.7121657889548229,0.2541052623900063
O=C(c1ccc(N2C(=O)Cc3ccccc32)cc1)N1CCCC1,9.5,0.8549661567980479,0.8962637399846651,0.36398070349476364
CN1C(=O)N(c2cccc(-c3ccc(C4=CC=CC4)cc3)c2)C(=O)C1(C)CCNC(=O)N1CCCC1,11.7,0.5834528502944607,0.7364249455205059,0.25135650159275097
CC(=O)N1CCC(Cc2ccc(C(=O)Nc3cccc(C)c3)cc2)CC1,9.5,0.9042867564119451,0.9054835332797365,0.38893796446463125
Cc1cc(=O)n(-c2cccc(C(=O)c3sc(N)nc3N)c2)cn1,8.7,0.7021155067763536,0.818758641678121,0.25006546530376844
C#Cc1cc(=O)n(NC(=O)CCc2cc(=O)n(-c3cccc(C(=O)c4sc(N)nc4CC)c3)cn2)cn1,8.8,0.2628683187033596,0.7260339851145766,0.08397458651497026
CCc1nc(N)sc1C(=O)c1cccc(-n2cnc(N3C(=O)Cc4ccccc43)cc2=O)c1,9.7,0.4605443751179629,0.7843220260523276,0.17518932222906905
Cc1cc(C(=O)c2ccc3c(c2)[C@@H]2C=C(CNC(=O)N4CCCC4)CC[C@@H]2[C@@H](c2ccc(Cl)cc2)N3)ccc1O,10.1,0.23426926160890862,0.688798574991456,0.08148898844806102
CC(=O)N1CCC(CC2CCN(C(=O)[C@@H]3C[C@@H]([C@H](C)NC(=O)N4CCOCC4)N(C(C)=O)C3)CC2)CC1,9.7,0.593765880844877,0.680341619584831,0.19592236589868545
CC1CCN(C(=O)NCc2cccc(SC3=Cc4ccccc4OC=C3)c2)CC1,10.1,0.7114673134812192,0.7970545662864803,0.2863745268417591
COC(=O)[C@H](CCC(=O)C1Cc2ccccc2C1)CC(N)=O,7.7,0.77169486526311,0.7859657338534188,0.23351240261866266
CC1=NN(N2C(=O)N[C@@H](C)C2=O)C(=O)/C1=N\NN1CCc2[nH]c(=O)ccc2C1,10.5,0.4337843000418018,0.6378896160201435,0.14527091280934662
CCOc1cc(F)ccc1[C@H](NC(=O)C(=O)NCc1cnc(C)s1)C1CCC1,8.6,0.6931633522788134,0.7706115095112679,0.22968865261211086
CCc1nc(N)sc1C(=O)C(C)Nc1ccc(N2C(=O)CCCc3sccc32)cc1,9.3,0.5247474610321963,0.7415811061295534,0.18095140320478284
O=C(CCc1ccc(ON2CCc3cc(F)ccc32)cc1)NC1CCCC1,9.0,0.8318956846461236,0.8402627542131723,0.314554931639462
CSc1c(C(=O)CNc2cccc(F)c2)cc(O)cc1C1CN(C(=O)c2cccs2)C1,9.4,0.39296713777151115,0.7969246990102847,0.1471876524550625
C[C@H](NC(=O)N(C)CC(=O)[C@H]1CCCCN1C(=O)/C=C/S(C)(=O)=O)Oc1cccc(F)c1C(N)=O,9.9,0.36603025830675034,0.6764702175200739,0.12256624138556964
CCc1cc(=O)[nH]c(NN2CCCN(Cc3c(O)c(=O)cc(C)n3C)C(O)=Nc3ccccc3CC2)n1,11.3,0.4128499259465721,0.6701799621130173,0.1563263174670182
CCC(=O)Nc1nc(N2CCN(NC(=O)CCCC(=O)c3ccc4c(c3)OCCO4)CC2=O)cs1,9.6,0.4992152994083106,0.7791596511430663,0.1867048408954851
Cc1ccc(C(=O)C2([Si](C)(C)c3ccccc3-c3ccc4c(c3)NC(=O)CC4)CCCCC2)c(F)c1F,0.0,0.28452475505123576,0.7510687484281863,0.0
CC(C)NC(=O)CN(C)C(=O)NC(=O)CN(CCNC(=O)c1ccccc1Cl)S(C)(=O)=O,8.0,0.42230996837073637,0.8267056083109594,0.13965040771908466
NC(=O)c1ccc(=O)n(Cc2cc(C(F)F)ncn2)n1,7.6,0.8566551769879935,0.8039158984141603,0.26169791217098887
CNC(=O)c1cc(CNC(=O)N(C)CC(=O)NC=O)ccc1C,8.5,0.6291759982852471,0.8340193194076496,0.22301659859793335
C1=CCC(c2ccc(-c3ccc(C4=Cc5ccccc5C4)cc3)cc2)=C1,10.4,0.49491198376919354,0.8396800895993697,0.2160952242150615
CC1=C2CCN(c3ccc(C(=O)c4ccc(C(=O)N5CCc6[nH]c(=O)ccc6C5)cc4)cc3)C2=CC1,10.8,0.5568638479281408,0.7782569845500998,0.2340269167105009
O=C1CCc2ccc(C3=CC=C4CCC(=O)NC43)cc2N1,9.8,0.8280272482690774,0.7211116538823369,0.29257904824488784
COc1cccc(C(=O)N2CCC[C@H]2c2cc(CNC(=O)N3CCC(C)CC3)cn(C)c2=O)c1,9.5,0.7328649038412521,0.7777543771499925,0.2707447212405175
CCc1nc(N)sc1C(=O)C(=O)NN=C1CCCCC1,7.5,0.5032527074040934,0.782653251061513,0.1477021378332458
CCc1cc(=O)[nH]c(N[c-]2c(C(=O)Nc3c(O)c(=O)cc(C)n3C)cc3ccccc23)n1,10.8,0.35901096417168876,0.6801200676123982,0.13185210306206227
Cc1ccc2c(c1)C(=O)C(C1=CC=CN(c3ccc(-n4cnc(C)cc4=O)cc3)C1)=N2,9.4,0.6550022652948233,0.7637316253656032,0.23511559400513074
CN(C)c1cc(C2=CCc3[nH]c(=O)ccc3C2)nc(CNC(=O)Oc2ccccc2)n1,10.6,0.6621412348432772,0.7665750134382046,0.26901789077892657
CCC(=O)N(CC(=O)c1c(O)c(=O)cc(C)n1C)C1=Cc2ccccc2OC=C1,9.6,0.78804571523116,0.7360752223950775,0.27842924404620667
CCc1cc(=O)[nH]c(Nc2ccc(CNC(=O)c3ccccc3O)cc2)n1,9.2,0.5379431454858168,0.853374460228676,0.2111707930498305
NC(=O)c1ccc(=O)n(CC(=O)Nc2cccc(C(=O)Nc3ccccn3)n2)n1,9.8,0.5315925088119359,0.8462617045714378,0.22043452749585202
CCc1nc(N)sc1C(=O)CN(C=O)C(=O)c1cccc(C(=O)C(=O)Nc2cccc(C)c2)n1,9.8,0.269309553903776,0.7650486911310305,0.10095711164435112
Cc1ccc(CNC(=O)N2CCC(C)CC2)c(C#N)c1N1C(=O)Cc2ccccc21,9.6,0.8421054177051578,0.8124700647384917,0.3284090127549812
COc1c(C(=O)N(CCCC=O)C(=O)NC(=O)CC(=O)Nc2nccn(C)c2=O)cnn1C=O,9.0,0.2372708269104607,0.7184136806599185,0.07670637363328493
Cc1cc(C(=O)c2nc(-c3nc(C)c(-c4ccccc4)nc3C)cc(C(F)F)n2)ccc1O,11.4,0.4130758848610791,0.792526914688206,0.18660304123979946
CCCCC[C@H]1C(=O)NC(=O)N1[C@@H]1OCCN(N2CC[C@@H]2c2ccccc2)C1=O,8.4,0.5594793767727158,0.657144755703287,0.15441675411554012
CCc1cc(=O)[nH]c(NNC(=O)C(=O)Nc2ccccn2)n1,8.7,0.45744176476323767,0.8072760923776501,0.16063758315155516
C[C@H](NC(=O)N1CCOCC1)c1cccc(N2CCc3cc(F)ccc32)c1,10.1,0.8987552730458317,0.8109343809756757,0.36805993325300324
Cc1noc(C)c1CNC(=O)c1cc([C@H](C)NC(N)=O)ccc1N(C)C,8.9,0.7300406086792737,0.7888111074543899,0.25625954275344376
O=c1ccc2c([nH]1)CCN(c1ccccc1C1=CCOC1)C2,8.0,0.9245242271323257,0.7854907249411165,0.2904820821583184
NC(=O)C1=C(F)C=CCC1On1c(=O)[nH]c2ccccc21,8.4,0.8751760168339972,0.7023786596745442,0.2581760822269311
NC(=O)N[C@H](CC(=O)NC=O)C(=O)C(=O)c1ccc(C(N)=O)cc1,8.7,0.24814116700216873,0.7645239252237445,0.08252378866765293
CC(=O)N1CCC(CC2=CCN(N[C@@H](C(=O)N3CCCCC3)c3ccc(-c4ccccc4)cc3)C2)CC1,11.1,0.5550371269518017,0.7433732176466576,0.22899285291141205
O=C1NCc2cc(COc3ccccc3C(=O)CS(=O)(=O)c3ccc(-c4ccccc4)cc3)ccc21,11.3,0.35227673870029386,0.8437266591063131,0.16793228084082362
Cc1cc(C(=O)c2cccc(C(=O)C3=C(N4Cc5ccccc5[C@@H](C=O)C4)C(=O)C=C3)c2)ccc1O,11.1,0.42037538408912756,0.7178663650756322,0.16748420866355077
CCNc1cc(S(=O)(=O)NCCC(=O)Nc2nccn(C)c2=O)nc(C)n1,7.8,0.5122640634632765,0.7926953366495523,0.15836704035379093
Cc1cc(CNC(=O)Oc2ccccc2)ccc1C(=O)NC1=NC=C(Br)CC1=O,9.1,0.7347796716895718,0.807134124834102,0.26984491500104835
CNC(=O)C(=O)Nc1nc(-c2ccc(Br)cc2C(=O)Nc2nccn(C)c2=O)cs1,10.1,0.47494547997727754,0.8166087857764899,0.1958615491157098
CC=CNS(=O)(=O)N1CCC([C@H]2CCCN(C(=O)CC3CCN(C(C)=O)CC3)C2)CC1,8.8,0.6642794643545444,0.7320610215164449,0.21396896542902527
O=C(NCN1CCC2=C(C[NH+]=N2)C1)Oc1ccccc1,7.9,0.8286674633410233,0.717373226848438,0.23481322160369753
CCCCNC(=S)CC(C)=C(N)NC(=O)C(=O)CN(C)C(=O)N[C@@H](C)CCC(=O)NC1CCCC1,7.7,0.1361314010137841,0.6931191578830204,0.036326783582362264
Cc1ccc(N2C(=O)Cc3ccccc32)c(CNC(=O)Oc2ccccc2)c1,9.7,0.7332966832469086,0.864677604249258,0.30752163134782395
CN(C)c1cc(F)c(N2C(=O)Cc3ccccc32)c(CNC(=O)Oc2ccccc2)c1,9.2,0.6659251117896118,0.8227757539897882,0.2520372365385786
CN(C(=O)N1C(=O)CCCc2sccc21)C(=O)C1(N2C(=O)CCCc3sccc32)CC1,10.9,0.68394065682138,0.724872886455024,0.270194670750362
CC=NC1=C(CN2CCN(c3nnc4cccc(C)n34)CC2=O)NC(=O)CC1,10.5,0.7942099866693679,0.7291796104220973,0.30403890755327717
CNC(=O)c1cc(-c2cccc(C(=O)c3ccc(C)c(F)c3F)c2)ccc1C,11.0,0.6596068774352808,0.8672525749575618,0.3146251696035053
CCNC(=O)CNC1(N2C(=O)CCCc3sccc32)CCCCC1,7.9,0.8591932193077377,0.7675036758108453,0.2604764118499248
C[C@H](OCC(N)=O)C(=O)C(=O)CC(CNC(=O)Oc1ccccc1)c1ccccc1,8.5,0.5438568583004071,0.7423620695068952,0.1715889487084486
Cc1ccc(C(=O)c2cc(=O)c(O)c(Cc3nn[nH]c3CNC(=O)N3CCC(C)CC3)n2C)c(F)c1F,11.3,0.43325565052446724,0.7249404098738296,0.17745775881231837
NC(=O)C(=O)Nc1cc2c(cc1Oc1cccc(F)c1C(=O)c1ccccn1)OCCCO2,9.9,0.4506257735361526,0.8131819278526548,0.18138816395579008
CC=CNc1nc(C)c([C@@H]2CC(c3ccc(Br)cc3C(=O)NCc3cnc(C)s3)=NO2)nc1N,9.0,0.39715011663382943,0.6751918771499924,0.12066863974215018
CC(=O)N1CCC(Cc2ccc(C(=O)NC[C@@H](C)C(=O)c3c(C)cccc3C)cc2C)CC1,8.8,0.6265906994367552,0.7865893219119398,0.21686260348996556
Cn1nc2c(c1C1=CC=CC(C3=CCc4cc(F)ccc43)C1)CCCC2,11.2,0.7449934282015437,0.6947787708436322,0.2898591462661732
O=C(CCCl)C1=CCN(C(=O)NCn2c(=O)[nH]c3ccccc32)C1,8.3,0.8013645900954147,0.7698525642625469,0.25602702260657634
O=C([O-])CNC(=O)c1cn(-c2ccc3c(c2)NC(=O)CC3)c2ccc(C(=O)CNc3cccc(F)c3)cc12,11.7,0.3102165184212263,0.7779310464142843,0.1411763305623961
CCNc1cc(-c2ccc(N3C(=O)CC(C)(C)[C@H](C)C3=O)nc2N(C)C)nc(C)n1,9.4,0.7565107249452798,0.7086420502108896,0.25196479623192225
CNC(=O)N1CCC[C@H](N2CCc3c(ccn3C)C2)C1,7.4,0.836762808158809,0.7504610616379818,0.2323444249795143
CC[C@@H](NC(=O)CNC(=O)CCNC)[C@H](C)NC(=O)N(C)CC(=O)C(=O)c1ccc(C(N)=O)cc1,0.0,0.16695715514394294,0.7154459949341493,0.0
Cc1ccc(Nc2ccc(C)c(-c3ccc4c(c3)NC(=O)CC4)c2C(F)(F)F)cc1C(N)=O,11.6,0.47268011638935453,0.8093547143133301,0.22188821072590062
C[C@H](NC(=O)N(C)CC(=O)N1CC[C@@H]1c1ccccc1)C(=O)C1Cc2ccccc2C1,9.4,0.7826781045939561,0.7475334980189309,0.27498670763447497
O=C(NCc1ccc(N2C(=O)Cc3ccccc32)cc1)N1CCC(N2CCc3[nH]c(=O)ccc3C2)CC1,10.1,0.5788929696747747,0.8031494847858457,0.23479348312192394
CCC(=O)Nc1nc(N2CC=C(C(=O)c3ccc(O)c(C)c3)C2=O)cs1,10.1,0.6217161330586279,0.7822296293758326,0.24559401407141032
NC(=O)c1ccc(C(=O)C(=O)N2CCN(C(=O)C(=O)NC(=O)N3CCOCC3)CC2)cc1,10.3,0.4103331994989043,0.8294595663159419,0.1752827208162179
Cc1cccc(NC(=O)c2ccc(OC(=O)c3cc(C)[nH]c(=O)n3)cc2)c1,9.8,0.5482103333771389,0.8701622750454379,0.23374565593848587
Cc1ncc(CNC(=O)c2cc(C(F)(F)F)cnc2-c2ccc(C(F)(F)F)cc2)s1,10.1,0.5413337940773573,0.8289848114551897,0.22662253407485794
CC(=O)c1cccc(C)c1-c1nc(CNC(=O)Oc2ccccc2)cc(C(F)F)n1,9.2,0.5848536064744078,0.8247752295736563,0.2218914730715788
Cc1cc(=O)n(C[C@@H](OCNC(=O)N2CCCC2)c2ccsc2)cn1,8.1,0.7989475078943996,0.736355931690188,0.23826544330158944
O=C(Nc1ccccn1)N1CCO[C@@H](c2cccc(Oc3ccccc3)c2)C1=O,11.2,0.7293144434680923,0.7940307660485827,0.32429493949286836
CCc1nc(N)sc1C(=O)N=C1NS(=O)(=O)C(NCC(C)(C)S(C)(=O)=O)=C1C,8.1,0.5623073252274621,0.6656079428773132,0.15158186991384562
NC(=O)c1ccc(C(=O)c2ccc(N3C(=O)CCCc4sccc43)cc2)cc1,10.6,0.681797544929716,0.858226918114405,0.3101226130543888
COc1ccc(Oc2ccc(-n3c(=O)[nH]c4cc(C5=NO[C@H](C)C5)ccc34)cc2)cc1,10.3,0.5154202108600766,0.7842765122326253,0.20817946213338578
NC(=O)c1c(F)cccc1OC(=O)NN=C1CCC(CC(F)(F)F)CC1,8.6,0.6228655480065874,0.7820221236577635,0.20945069460030832
N=C1SCC(=O)N1[C@@H]1CCCN1NC(=O)N1CCOCC1,7.2,0.7415299644082285,0.6936603676276081,0.1851731811785876
CC(=O)N(C)C(=O)C1(N2C(=O)CCCc3sccc32)CC1,7.5,0.8389713010184102,0.7578981672304337,0.2384455542752946
CCc1nn(NCc2c(O)c(=O)cc(-c3ccccc3-c3csc(NC)n3)n2C)c(=O)c2ccccc12,10.5,0.3014456451545864,0.7546780440044049,0.1194345651759273
CCc1nn(NCc2c(O)c(=O)cc(CC)n2C)c(=O)c2ccccc12,9.6,0.727489270572632,0.7699924498886531,0.2688773979436465
CCc1nc(N)sc1C(=O)c1sc(N)nc1CNC(=O)c1ccccc1Cl,9.1,0.524955390662788,0.7995386880009038,0.19097357566083495
COc1cc(N(Oc2cccc(F)c2C(N)=O)C(=O)S)cc(-c2ccc3c(c2)NC(=O)CC3)c1OC,10.6,0.3206173809586984,0.7628278425382654,0.12962520844840633
CC1(CNC(=O)c2ccccc2Cl)CSC(N2CCc3cc(F)ccc32)=N1,10.1,0.837464230723201,0.755489126230421,0.31951103555874294
CCC(=O)Nc1nc(N2CCC(c3ccc4c(c3)CNC4=O)(c3cc(Br)cc(C)c3OC)CC2)cs1,11.0,0.4155753756476992,0.756742925494525,0.17296604904211935
Cc1cc(=O)c(O)c(Cc2cccc(CNC(=O)N3CCCC3)c2)n1C,10.1,0.8836533611557964,0.8381222824609514,0.3740078338378747
Cn1nc2c(c1C(=O)/C=C/N1CCc3cc(F)ccc31)CCCC2,10.0,0.6423993562968275,0.7797420258665867,0.25045288774713975
Cc1cc(C(=O)c2ccccc2C(=O)Cc2c(C)noc2C)ccc1O,10.1,0.7052451773631849,0.859816167837371,0.3062225089220314
O=C(c1ccc(CNC(=O)N2CCC(C(=O)N3CCc4cc(F)ccc43)CC2)cc1)C1Cc2ccccc2C1,10.2,0.48033452639140434,0.8268095380869921,0.20254403562538467
O=C(CCc1ccccc1)C(=O)C1Cc2ccccc2C1,8.3,0.7872157467031894,0.880098361916392,0.2875233249965306
Cc1cccc(C=Nc2cc(C)ccc2N2CCc3[nH]c(=O)ccc3C2)c1,10.6,0.7104162052714321,0.8143066485531718,0.30660321877199426
Cc1noc(C)c1CNC(=O)c1ncccc1CCN(CCC(=O)NC1CCCC1)c1ccccc1,9.5,0.4203922739423466,0.8168439667986205,0.16311257401281537
NC(=O)C1=C([C@@H](NF)C(=O)N2CCCC2)C=C(c2ccc(F)cc2)CC1,9.4,0.7901377852515191,0.7287558131596436,0.2706342269735914
Nc1nc(C(F)(F)F)c(C(=O)N2CCc3ccccc3C2)s1,8.3,0.8759384310503516,0.8372679526062634,0.3043589983614883
CN(C)c1ncccc1NC(=O)C(=O)c1ccc(F)cc1Cl,8.0,0.694540257227048,0.8619244133040355,0.2394564814905829
C[C@@H](CCNC(=O)N1CCCC1)CNC(=O)c1cc(=O)n(CCSC(=O)Nc2ccccn2)cn1,8.3,0.45344584612391053,0.7359025748870689,0.13848216577978906
Cc1ccc2c(c1)CCN2c1ccc(C2C=CC(C3=CC=CC3F)=C2)cc1,11.5,0.6425382485822195,0.6814643528054735,0.2517734742406357
O=C(Nc1ccc(Oc2cccc(N3CCc4cc(F)ccc43)c2)cc1F)N1CCOCC1,9.9,0.583822443919318,0.8479617321352515,0.245054249948604
CC(=O)N1CCC(C[C@H]2CN(c3ccc(-c4ccc(Cl)cc4)cc3)Cc3ccccc32)CC1,11.6,0.43084119462997533,0.796749425110024,0.1990980349983863
Cc1cc(=O)n(-c2cc(C(F)(F)F)ccc2OS(=O)(=O)c2c3c(nn2C)CCCC3)cn1,10.5,0.5466340947317971,0.7639175375581827,0.21923127008625193
Cn1nc2c(c1CCC(=O)NC[C@@H]1C(=O)NCCN1C(=O)c1ccc(C(N)=O)cc1)CCCC2,10.7,0.5305961685193452,0.7450913963807617,0.21150831246225302
Cc1cc(=O)n(-c2ccc(S(=O)(=O)NCC3=NO[C@H](c4cc(C)[nH]c(=O)n4)C3)cc2)cn1,9.7,0.5552854459632206,0.7077651062128304,0.1906106563806899
O=C(NCc1ccc2c(c1)CNC2=O)OC1C=CC=CC1,8.8,0.8922448500545218,0.7428445668709875,0.2916316652399131
CNC(=O)c1cc(-c2ccc(Cc3cc(C(=O)Nc4cccc(C)c4)ccc3F)cc2)ccc1C,9.3,0.3497359179653133,0.87304311501253,0.14198055889227476
CC1=C([C@H](C)NC(=O)N2CCOCC2)S(=O)(=O)N/C1=N\N1CCN(C(=O)CC(C)C)CC1,9.5,0.5886389920341358,0.6844828529105772,0.1913838158859176
CCC(=Nc1ccccc1N1C(=O)Cc2ccccc21)OC(=O)NCc1c(C)noc1C,9.4,0.4578249612824828,0.7691919093402466,0.1655129703728738
Cc1ccc(C(=O)c2c(C)cccc2C)cc1CNC(=O)c1ccccc1C,9.7,0.6357424971338017,0.8893413707771268,0.27421517037319065
Cc1cc(=O)n(-c2cccc([C@@H](NC(=O)N3C=CC(=O)CC3)N3C(=O)CC4=C[SH]=CC=C43)c2)cn1,10.7,0.5067780450829782,0.5980562671947615,0.16214875547714266
CN(C(=O)c1ccc(-c2ccc3c(c2)CN=CC3)cc1)C(=O)C1(N2C(=O)CCCc3sccc32)CC1,11.4,0.4742427875431625,0.7358809418661223,0.19892215062717233
CCc1nc(N)sc1C(=O)[C@@H]1CN(C)CCN1C(=O)NCc1c(C)noc1C,8.4,0.7242469711796949,0.7251174907095569,0.2205689414862432
CC(=O)NC(=O)CNC(=O)NCC(=O)NC(=O)[C@@H](CN1CCc2[nH]c(=O)ccc2C1)NC(N)=O,9.6,0.19682486043290806,0.7279959972906045,0.06877810106997069
CCNc1cc(-c2c(N)cc(Cc3c(O)c(=O)cc(C)n3C)cc2N)nc(C)n1,8.8,0.48834153867385677,0.7650775641672295,0.16439242815171937
Cc1cccc2nnc(-c3cc4c(c(C#N)n3)Nc3c(cccc3[C@H](C)NC(=O)N3CCOCC3)O4)n12,10.3,0.38441969611278665,0.69252284354862,0.13710300185008356
Cc1cccc(C)c1C(=O)NC(=O)NS(=O)(=O)S(=O)(=O)CC(N)=O,9.3,0.5459975632857708,0.7901872015417764,0.20061973326035665
CCc1nc(N)sc1C(=O)C1CCC(=NNC(=O)N2CCC(C(=O)O)CC2)CC1,9.1,0.4932200868523918,0.770318332556521,0.1728710960738202
NC(=O)C1=CCN(C(=O)NCn2c(=O)[nH]c3ccccc32)C1,8.7,0.7244270215694742,0.784278821906186,0.24714645539957877
CCC(=O)Nc1ccccc1C(=O)c1ccc(O)c(NC(=O)N2CCOCC2)c1,9.3,0.5311246415540407,0.8705688340273476,0.21500696036321582
Cn1nc2c(c1C1=CC=CC(C3=CCc4cc(F)ccc43)C1)C=NOC2,11.5,0.8229637543693806,0.6282403093051705,0.29728592706537926
CCOc1ccc(C(C)(C)C(=O)[C@@H](C)CCNC(=O)Nc2ccc3c(c2)CNC3=O)cc1,9.3,0.5519474034298657,0.7650286767496595,0.19634885013183268
CCc1cc(=O)[nH]c(Nc2ccc(C#CC(=O)c3ccc(O)c(C)c3)cc2)n1,10.4,0.4816409621563848,0.7986797199644536,0.20003197176480517
COC(=O)N[C@@H]1CN(C)C(=O)N1[C@@H](C)CCNC(=O)NN1C(=O)Cc2ccccc21,9.0,0.6249038861334638,0.6793482405647531,0.19103731000508045
Cc1ccc(NC(=O)NNC(=O)N2CCOCC2)cc1C(N)=O,10.2,0.5793036527772016,0.862089891678121,0.25470002986843315
CCc1nc(N)sc1C(=O)c1nc(C)c(C(=O)c2cc(C)[nH]c(=O)n2)c(=NCC(F)(F)F)[nH]1,10.3,0.4511885888534687,0.6836758004873116,0.1588603606223949
C[C@@H](C=O)[C@@H](CC(=O)O)C(=O)NC(=O)N/C=C(\[O-])c1ccc(F)c(O)c1,8.1,0.38843550975197466,0.6449485630607303,0.10146097416180083
CC1CCN(C(=O)NCc2[nH]nnc2CC2=CCC[C@H](N3CCc4c(ccn4C)C3)C2)CC1,10.4,0.684433990269179,0.6609728225459212,0.2352439785251851
Cc1cccc(NC(=O)C2=CCN(CC(=O)N3CCOCC3)C2)c1,9.0,0.8963554374485423,0.8463574104819711,0.3413866801096722
Cc1cccc(-c2cc(C(=O)NCC(=O)N3CCCCC3)nc(=O)[nH]2)c1,10.0,0.869480182749294,0.854419707915911,0.37145050189166234
Cn1nc2c(c1Oc1ccc(NC(=O)N3CCOCC3)cc1)CCCC2,9.9,0.9180120812963034,0.8385244786785767,0.3810389229353609
CC1C=CC=CC=C(CN(CC(=O)NC2=NO[C@H](C)C2)S(C)(=O)=O)N(CC(=O)O)C1=O,9.5,0.5524326584006157,0.5732281507006626,0.150418226801777
CC=CNC(=O)c1ccc(CNC(=O)Oc2ccccc2)cc1O,7.8,0.7881165218012491,0.8484292610951262,0.26077783611699096
CC(C)S(=O)(=O)N1CCCC(N[C@H](NC(=O)N2C=CC=CC2)C(=O)N2CCCC2)C1,9.4,0.5969158875378492,0.6628375273823531,0.18595937794689046
CCc1ccc(N2C[C@@H](c3cc(C)[nH]c(=O)n3)ON=N2)c(CNC(=O)N2CCCC2)c1,10.3,0.7642997508301271,0.6847415309592172,0.2695241074700123
Cc1cccc(C)c1C(=O)c1cccc(C(=O)CNc2cccc(F)c2)c1,8.5,0.6307749111390444,0.8797003317256,0.23582948189361133
CC(=O)N1CCC(CCNC(=O)c2c3c(nn2C)CCCC3)CC1,9.0,0.9120140530539017,0.8287724737648094,0.34013346428598856
Cc1cccc(NC(=O)[C@H](C)S(=O)(=O)c2ccc3c(c2)NC(=O)CC3)c1OCCCO,10.0,0.535641573078399,0.7702628330435974,0.20629239778764838
Cc1cc(=O)c(O)c(CNn2nc(N3C(=O)CCCc4sccc43)c3ccccc3c2=O)n1C,11.8,0.467835144856719,0.7446128380213742,0.20553007241336235
CC1=CCN(c2cc(Br)cc([C@H](C)NC(=O)N3CCOCC3)c2C)C=N1,9.0,0.8115271831177304,0.702144643507378,0.2564142591090355
CC1=C(CNc2c(F)cccc2Oc2ccc(C(=O)NCc3c(C)noc3C)cc2)CC=NO1,8.4,0.472865129694011,0.7643945935725242,0.15181133042337044
CCNCC[NH+](CNC(=O)c1ccc2c(c1)CNC2=O)c1ccc2c(c1)c(=O)c(C(=O)OC)cn2CC,9.1,0.18115413788615814,0.6650102875568045,0.054813561224139454
CCc1cc(=O)[nH]c(Nc2ccc(Cn3nc(C(N)=O)ccc3=O)cc2OC)n1,9.2,0.5351136762790257,0.810015198653387,0.19938709696491763
CC=CC(=O)c1cc(C(C)(C)c2ccc3c(c2)NC(=O)CC3)ccc1C,10.2,0.6271785817511178,0.8164975780937813,0.261165794446361
C[C@@H](CCNC(=O)NN1CCc2cc(F)ccc21)C1=CCc2cc(F)ccc21,9.6,0.8125256308409698,0.7336880726276386,0.2861473747450883
CC1=CCCCC1CNC(=O)c1ccc([C@H](C)NC(=O)N2CCOCC2)cc1,9.3,0.7644934664046662,0.7592886481575339,0.2699191129437248
Cc1ccc(C(=O)N2C(=O)Cc3cc(-c4ccc(-c5ccccc5)cc4)ccc32)c(F)c1F,10.3,0.3496129940862768,0.8465138427462718,0.15241540313547194
CNC(=O)N1CCC[C@H](c2ccc3[nH]c(=O)[nH]c3c2)C1,8.4,0.7339332791774863,0.7921633558350129,0.24418592074473786
CN(C)c1ccccc1-c1ccc2c(c1)NC(C(N)=O)=CC2,8.6,0.9145722468827798,0.8157396159508511,0.32080270977553027
Cc1ccc(Nc2cccc(Cl)c2CNC(=O)N2CCCC2)nc1,8.9,0.8777621128600944,0.8596981016748363,0.3358016378558229
N=C1SCC(=O)N1Oc1c(F)cccc1On1c(=O)[nH]c2ccccc21,9.1,0.728555310854366,0.7376483981446014,0.2445250343952166
CCc1nc(N)sc1C(=O)NC(=O)N=C(O)C1=NO[C@H](C)C1,8.2,0.5643798839663956,0.6636274908941924,0.15356058258618754
Cc1noc(C)c1CNC(=O)c1cc(Cl)ccc1Cc1c(O)c(=O)cc(C)n1C,10.4,0.6665834301768184,0.805144555403841,0.27908193015522653
CCC(=O)Nc1nc(-c2cccc(-c3ccc4c(c3)CNC4=O)c2)cs1,10.6,0.7339537266741084,0.8514710481792513,0.3312183849521236
CC[C@H](C(=O)[O-])c1cc(N2C(=O)CCCc3sccc32)c(=O)[nH]c1C,8.3,0.9032659691509264,0.690059926487661,0.25867267403250405
COc1ccc(Nc2ccc(C)c(C(N)=O)c2)cc1C(=O)Nc1nccn(C)c1=O,10.4,0.5745689323086274,0.8531031323937278,0.2548866090828771
O=C(NCc1ccccc1N1CCc2[nH]c(=O)ccc2C1)c1ccccc1O,10.5,0.6542905640209106,0.8472253725303595,0.29102407259400037
C[C@@H]1CC(Oc2ccc(C3=CCc4[nH]c(=O)ccc4C3)cc2)=NO1,10.1,0.9240297771372443,0.704829151872096,0.32889797768272394
CCC(=O)Nc1nc(N2CC=C(c3ccc4c(c3)CC(=O)N4)C2=O)cs1,10.1,0.8669635140587143,0.7746910176872208,0.33917256773693644
COC=C[C@H]1CCN1C(=O)OCN(C)C(=O)N[C@@H](C)C(=O)C1Cc2ccccc2C1,9.4,0.5454951195913588,0.6676671977120233,0.17117832299567934
CCO[C@@](C)(NC(=O)CC(=O)CNc1cccc(F)c1)OCC(=CC(=O)NCN)C(C)(C)C,7.6,0.198702960439151,0.6695494917334752,0.05055575714382875
Cn1nc2c(c1-c1ccc(C(=O)Nc3ccccn3)cc1)CCCC2,10.2,0.7968330386463128,0.8587378265856886,0.34897804259699045
O=C1CCCc2sccc2N1S(=O)(=O)c1ccccc1Nc1ccc(C(F)(F)F)cn1,10.6,0.5865860355874374,0.801909844898879,0.24930623191341825
CNNC(=O)NCC[C@@H](NC(N)=O)C(=O)NC(=O)c1ccc(F)cc1Cl,8.7,0.35046708373576807,0.7769464920697744,0.11844796451307656
Cc1noc(C)c1CNC(=O)NC(=O)N1CCc2c1ccc(-c1ccnc3c1OCO3)c2C,9.6,0.6291786695906659,0.7606799638592014,0.22972973166969993
Cc1cc(C(=O)NC2C=CC=C(C(=O)Nc3cnc(C)s3)C2)cc(C(=O)c2ccc(C(N)=O)cc2)c1,11.3,0.4257308838413719,0.7273213999456348,0.17494839807611348
Cc1noc(C)c1CC(=O)NC(=O)N1C2=CCC(CNC(=O)N3CCC(C(F)(F)F)CC3)=C2CC1F,10.2,0.4723386718235475,0.664819575917078,0.16015019770039302
CCCCNC(=O)C1(C(=O)CN(C)C(=O)N[C@@H](C)Nc2ccc(C)c(C(N)=O)c2)CCC(=O)N1CCNC,8.2,0.1328464660493208,0.6576862446343283,0.03582223028125703
CNC(=O)N1CCC[C@H](N2CCc3ccccc3C2)C1,8.7,0.847359021607478,0.818056878102219,0.3015367259938644
CCNC(=O)N(C)[C@H](C)c1ccc(C)c(C(=O)NC)c1,8.0,0.8848138379652174,0.8174628287553397,0.2893209691619662
CCCS(=O)(=O)NC[NH+]1CCO[C@H]([C@H](CCCNC)C[C@@H](NC(=O)CNC(=O)c2ccccc2Cl)C(F)(F)F)C1,0.0,0.17436510980296568,0.5730900050364311,0.0
CC(=O)NC1(c2ccc(F)c(O)c2)CCN(C(=O)CC(=O)NC(=O)N2CCCCC2)CC1,10.1,0.6047887238055611,0.7952256855899262,0.2428764814002936
C[C@H](NC(=O)N(C)CC=O)N1C(=O)Cc2ccccc21,7.4,0.8248229956403983,0.7399414934868348,0.2258186809248833
CCc1cc(C(=O)c2ccc(C)c(F)c2F)ccc1C(=O)CNc1cccc(F)c1,9.6,0.5223835264071479,0.8416239850350625,0.21103224250149724
CCC[NH+](CCN=C(c1cccc(C2=NO[C@H](C)C2)c1)N(C)C)C(=O)CC(=O)c1ccc(O)c(C)c1,8.8,0.22962495877079406,0.6070974956583175,0.06133808446057314
CCc1ccc(-n2c(CCNC)ccc2Nc2nc(CC)cc(=O)[nH]2)c(CNC(=O)N2CCCC2)c1,9.9,0.3473286393221123,0.7579831076614919,0.13031827449954
Cc1cc(C(=O)C2=CC=C3C2Oc2ccc(Br)cc2[C@H]3c2ccc3c(c2)NC(=O)CC3)nc(=O)[nH]1,13.4,0.49033644525407055,0.6558857658015796,0.21547514558024658
CC1=C([C@@H]2OCCN(N3CC[C@@H]3c3ccccc3)C2=O)S(=O)(=O)NC1=NC(=O)c1cc(C)[nH]c(=O)n1,0.0,0.597250254726789,0.6019716403650958,0.0
C[C@H](NC(=O)CS(=O)(=O)CC(F)(F)F)NC(=O)N(C)[C@H](C)C(=O)c1ccc(C(N)=O)cc1,8.8,0.3439661793204925,0.703869562908414,0.10652722268918059
Cc1cc(CNC(=O)N2CCC(C)CC2)ccc1N1CCc2[nH]c(=O)ccc2C1,9.5,0.8401171912282932,0.8260904077518894,0.32965605770404754
CCc1nc(N)sc1C(=O)n1cc(C(N)=[NH2+])c(N2CCOCC2)c1C,8.2,0.4913935577124701,0.7193407953857985,0.14492656738746168
O=C(CCn1c(=O)[nH]c2ccccc21)NC(=O)C1Cc2ccccc2C1,10.8,0.7529582103408452,0.8525898174100206,0.3466608316588136
O=C1Cc2ccccc2N1c1ccc(-c2ccc(-c3ccc4c(c3)CN=CC4)cc2)cc1,10.1,0.38341463033936385,0.8222606071201997,0.15920970709441418
CC1=CCN(C(=O)N[C@@H](C)c2cc(Br)cc(-n3cnc(C)cc3=O)c2C)C1,9.1,0.755080229770208,0.7098345888758836,0.24387183933259568
Cc1cc(=O)n([SH2](=O)c2cc(Cl)c(Cl)cc2S(=O)(=O)N2CCc3cc(F)ccc32)cn1,10.6,0.5454774801415977,0.7249695734056663,0.2095909253227455
CCC(=O)Nc1nc(-c2ccc(-c3ccc(C(=O)N(CC)CC)cc3)nc2N(C)C)cs1,8.4,0.5337814209601207,0.8318882612165468,0.18649952922392923
C[C@H](NC(=O)N(C)CC=O)C(=O)CNc1cccc(F)c1,7.1,0.7366363359687446,0.7739537414467712,0.202393469149571
CCNc1cc(-c2cc(C3=NO[C@H](C)C3)cc(S(C)(=O)=O)c2)nc(C)n1,9.5,0.8648568042731591,0.743979501837784,0.3056319738419773
CC[C@@H](CC1CCN(C(C)=O)CC1)Oc1ccc(N2C(=O)Cc3ccccc32)cc1,9.2,0.6978414633492928,0.7906103158527986,0.25379150348673124
CCCC[C@H](Nc1ccc(C)c(C(N)=O)c1)c1ccsc1C(=O)C(N)=O,8.7,0.4623145059229852,0.7623152337506287,0.15330678493230926
C[C@@H](CCNC(=O)N1CCCC1)CNC(=O)C1=Cc2ccccc2OC1,8.2,0.8213093081088889,0.7889929975642799,0.2656829901022335
CCC(=O)NC(=O)CCc1ccc(NC(=O)C(=O)N2CC[C@H](O)C2)cc1,8.5,0.6482858209386522,0.8106111257694083,0.223340772130856
N=C1SCC(=O)N1C(=O)OC(=O)c1cccc(S(=O)(=O)N(OCNC(=O)N2CCCC2)C(=O)C2CCCCC2)c1,10.7,0.20513021419062535,0.7262557224867279,0.07970269067231536
Cc1ccc(C(=O)c2c(Cl)cc(Cl)cc2CNC(=O)Oc2ccccc2)c(F)c1F,9.7,0.47831470444649515,0.835281631003552,0.19377083093457945
Cc1ncc(CNC(=O)NC(=O)c2ccc3c(c2)NC(=O)CC3)s1,9.7,0.7923896044161846,0.8378055054390176,0.32197616092077447
Cc1ncc(CNC(=O)c2ccc(CC3=COCC3)cc2)s1,8.3,0.9216156469347225,0.8188632434322408,0.313191028806451
Cc1cc(CNC(=O)c2cccc(N3C(=O)Cc4ccccc43)c2)ccc1-c1ccnc2c1OCO2,12.3,0.44061235760267103,0.8123652051756282,0.2201319611963888
Cc1ncc(NC(=O)c2ccc(NC(=O)C(=O)NN3C(=O)Cc4ccccc43)cc2)s1,9.2,0.5431350501086759,0.8125318728709069,0.20300468816385267
CCCC1(/N=C2\NS(=O)(=O)C(C(=O)C3Cc4ccccc4C3)=C2C)CC(C(=O)NC(=O)NC=O)C1,11.1,0.4829370867094879,0.6735592280661431,0.18053413588734782
CCNC(=O)N(C)CC(=O)CNC(=O)Oc1ccccc1,6.5,0.8189500294316365,0.8587865473318809,0.22857356216920466
C[C@H]1CN(CNC(=O)C(=O)NNC=O)CC(=O)N1CNC(=O)Oc1ccccc1,8.6,0.2350826883974693,0.71969130568324,0.0727503957912094
Cc1ccc(C)c(C(=O)C2Cc3ccccc3C2)c1ONC(=O)c1ccc(F)cc1Cl,10.1,0.4281771607949951,0.8124760694788965,0.1756812668048923
CC(C)O[C@H](c1cc(C(F)(F)F)cnc1-c1c2c(nn1C)CCCC2)[C@@H](C)O,8.5,0.8204643046320139,0.680864245323526,0.23741554407497126
CCc1cc(=O)[nH]c(NN2CCN(c3ccc(=O)n(-c4ccc(F)cc4)c3)CC2=O)n1,11.0,0.6400625246179791,0.763453900842935,0.2687620271616353
CCc1nc(N)sc1C(=O)C(=O)Oc1cc(CCC(=O)NC2CCCC2)ccc1NC(=O)[NH+](C)C,8.9,0.17687248141617834,0.734033920770346,0.05777452844958241
O=C1CS[C@@H](N2CCN(C(=O)C3=CC=CC4=CC=C(CNC(=O)Oc5ccccc5)CN43)C(NO)C2)N1,10.8,0.4025433748467081,0.593468688668738,0.12900431995338463
Cc1ccc2c(c1)CCN2n1ccnc(NC(=O)c2ccc(C(=O)c3cc(C)[nH]c(=O)n3)cc2)c1=O,9.8,0.41739964792703865,0.7739525785865308,0.15829329156897842
Cc1cccc(NC(=O)c2c(F)cc3c(c2N2CCCCC2)C(=O)C(CC(N)=O)O3)c1,10.2,0.7660992714044395,0.7545982452122895,0.2948295545887038
CNC(=O)N1CCC[C@H](CC(=O)NN2CCc3[nH]c(=O)ccc3C2)C1,9.1,0.7278145449294537,0.7354661820814241,0.24355375800328047
Cc1cccc(NC(=O)OC(F)(F)Oc2cccc(F)c2C(N)=O)c1,8.5,0.8052827356861958,0.8373644428380904,0.2865839299503769
COC(Cc1cc(N2CCc3[nH]c(=O)ccc3C2)ccc1OC)=C(C)CNC(=O)c1ccccc1O,9.1,0.4183645753360444,0.7753365906528961,0.14758988038840284
Cc1cc(-c2ccc(F)c(O)c2)c2c(c1N1CCc3cc(F)ccc31)CCC(=O)N2,11.5,0.6131920844710169,0.7924776665484463,0.2794160935423523
O=C1Cc2ccccc2N1c1ccc(F)cc1CNc1ccc(C(F)(F)F)cn1,10.7,0.6209848481770901,0.8369810291492991,0.27806760746265935
O=C1C=CN(C(=O)NC(=O)CCn2c(=O)[nH]c3ccccc32)CC1,8.6,0.8669928296485626,0.8004738312308728,0.2984221809593466
O=C(c1ccc(-c2ccnc3c2OCO3)cc1)N1CCc2cc(F)ccc21,10.8,0.6954717219214183,0.8366520434049932,0.3142086321290097
CCNc1cc(C2=CC(N3CCc4ccccc4C3)CC2Nc2ccc(C)c(C(N)=O)c2)nc(C)n1,12.2,0.4642191933492376,0.6941111297135826,0.19655402232552407
CCCC[C@H]1C(=O)NC(=O)N1[C@@H]1OCCN(N2CC[C@@H]2c2ccccc2)C1=O,8.7,0.7519787387815524,0.6541544194485646,0.2139809436578099
Cc1cccc2nnc(N[C@@H](C(=O)N3CCCCC3)c3ccc(-c4cccc(F)c4)cc3)n12,12.3,0.47104976625256123,0.7733524699818186,0.22403681263270256
CCC(=O)Nc1nc([N+]2(CS(C)(=O)=O)CC(=O)N(C(=O)c3ccc(C)c(F)c3F)C2=O)cs1,9.1,0.36473609587358596,0.6601547718466204,0.10955593474082266
Cn1nc2c(c1-n1c(=O)[nH]c3cc(-c4ccc(C(F)(F)F)cc4)ccc13)CCCC2,11.7,0.5225309182566285,0.8109475308018399,0.24789091738778107
CN(CC(=O)NC(=O)NC(=O)CNC(=O)CCC(N)=O)C(=O)NCC1=Cc2ccccc2OC=C1,10.4,0.30638929383384894,0.7694956178361669,0.12259791385767353
CCc1cc(=O)[nH]c(Nc2ccc(C(=O)c3sc([C@H](C)NC(=O)N4CCOCC4)nc3CC)cc2)n1,10.3,0.3960247655792575,0.7280829563275173,0.14849452428245677
Cc1cc(CNC(=O)Oc2ccccc2)ccc1C(=O)Nc1ccccc1,9.2,0.7020527943745043,0.913899547961456,0.29513863645501076
CCCCNC(=O)NC[C@H](Nc1ccc(OCC)cc1)C(=O)O,7.0,0.4938904777409326,0.8355105173452009,0.14442774099921823
CCc1nc(N)sc1C(=O)c1c(C=O)cc(-c2ccnc3c2OCO3)cc1C(F)(F)F,10.3,0.4610886998447422,0.7404964280831366,0.1758387856612325
O=C1C[C@@H](N2CCOCC2)N(N2C(=O)CCCc3sccc32)CCN1,8.6,0.8414825629675723,0.698355972668996,0.252691380710444
CCc1nc(N)sc1C(=O)[C@H](Nc1ccc(-c2ccccc2)cc1)C(=O)N1CCCCC1,10.5,0.40635137134530747,0.7758787331173269,0.16552167827993997
CNC(=O)c1cc(-c2ccc(Nc3ccc(C(F)(F)F)cn3)cc2)ccc1C,9.9,0.6507521257385591,0.8737654338934977,0.28145933318401867
CCc1cc(=O)[nH]c(NN2CCC[C@H]2CCC(=O)N2CCC(C)CC2)n1,8.7,0.8114496908236697,0.7276437834270657,0.2568441505448711
COC=C[C@H]1CCN1C(=O)OCN(C)C(=O)N[C@@H](C)C(=O)C1CC2=C[C@@H](C)ON=C2C1,8.4,0.4849787352029505,0.549947554428579,0.11201940513738577
Cc1cc(C(=O)c2cccc(C(=O)c3sc(N)nc3N3C(=O)CCCc4sccc43)c2)nc(=O)[nH]1,10.9,0.3947837813364247,0.7498889580583731,0.1613439791523703
Cc1ccc(-c2cccc(-c3ccccc3N3CCc4cc(F)ccc43)c2)c(Cc2c(O)c(=O)cc(C)n2C)c1,10.9,0.2564642984173938,0.7980986205973889,0.11155267252567252
CC1=NN(Nc2ccc(C(F)(F)F)cn2)C(=O)/C1=N\NCC(=O)NCC(=O)NCC(N)=O,9.1,0.27399390954588315,0.7439596885106784,0.09274739273780808
CCN1C(=O)N[C@H](CNC(=O)c2ccccc2Cl)C=C1C,8.3,0.8969616621030087,0.7645633649750879,0.2846003710519165
CCNCCC(/C=C(\[O-])NN1CC[C@@H]1c1ccccc1)c1[nH]c(=O)n(-c2cccc(C)c2)c(=O)c1C,9.4,0.2989992538525068,0.6523395047080913,0.09167304182812959
CCN(Cc1cccc([NH2+]C(=O)N2CCc3cc(F)ccc32)c1)C1=NO[C@H](C)C1,9.4,0.8065721712755118,0.6580505752400998,0.24945968220183826
CCNc1cc(Oc2ccc(C(=O)NCc3c(C)noc3C)cc2C)nc(C)n1,8.6,0.6262202028483193,0.8313642964691516,0.22386536090157777
CCc1nc(N)sc1C(=O)C(=O)[C@@H](CCS(=O)(=O)NCC#N)NC(N)=O,6.7,0.2147380714064297,0.6983951558697424,0.050240629665105556
CCC1=NC(=N)C(N2CCc3cc(F)ccc32)=C1c1ccc2c(c1)NC(=O)CC2,11.3,0.8219337062772284,0.7587172844896093,0.3523426499562835
O=C(Nc1ccc(Nc2nc(CN3CCc4cc(F)ccc43)cc(=O)[nH]2)cc1)N1CCOCC1,10.0,0.5364471079012981,0.812543825783612,0.21794339269233742
C/C(=C\C(=O)Nc1c2c(nn1C)CCCC2)N1CCc2cc(F)ccc21,10.1,0.8603125706255068,0.7906804147766179,0.3435173115907556
CCNC(=O)NC(=O)C1CCC(=NNC(=O)C(=O)Nc2ccccn2)CC1,8.6,0.44914361359201516,0.8157964855717537,0.15755620603870638
Cc1ccc(C(=O)c2c(C)cccc2N2CCOCC2)cc1CNC(=O)c1ccccc1C,9.8,0.5666580164687945,0.8576297183600199,0.23813154998458413
CCC(=O)Nc1nc(C2=CCc3cc(F)ccc3C2C2=NO[C@H](C)C2)cs1,10.5,0.841655356054665,0.6751300314306459,0.29831907366815263
Cc1cc(=O)n(NC(=O)CCC(=O)Oc2ccccc2)cn1,8.1,0.6571863733216604,0.8442832884074267,0.2247148463076477
Cc1cc(=O)n(-c2ccc(S(=O)(=O)NCC(=O)N3CCCCC3)cc2)cn1,9.3,0.8149219742285247,0.8526230037903773,0.3230918680075018
Cc1cc(C(=O)c2ccc(C3=NNN(C4C=CCC4)C3)cc2)nc(=O)[nH]1,10.1,0.645599397064484,0.6888723821796645,0.22459147526773093
COn1c(C)cc2ccc(C(=O)c3cc(C)[nH]c(=O)n3)c(O)c2c1=O,9.6,0.6777948936813437,0.7612793749647874,0.24767581104770778
Cc1ccc(NN2CCC(N3C(=O)Cc4ccccc43)CC2)cc1C(N)=O,10.7,0.8735800514526282,0.8255904442446599,0.38585234837769566
Cc1ccc(C)c(-c2ccc([C@H](NC3=Cc4ccccc4OC=C3)C(=O)N3CCCCC3)cc2)c1,12.2,0.46483859911353786,0.7514815552792259,0.2130837563835514
Cc1cc(=O)c(O)c(Cc2cc(C(F)F)nc(NC(=O)C(C)C)n2)n1C,8.4,0.846368319343912,0.7650057906541678,0.27194019943621806
CC[C@H](NCNC(C)=O)c1c(-c2nc(O)cc(C(=O)CNc3cccc(F)c3)n2)n[nH]c1SO,9.1,0.13393934526353954,0.6619983498220573,0.040343769621023026
CCc1cc(=O)[nH]c(NC(=O)NN=C2CCC(CNNC(N)=S)CC2)n1,8.0,0.3076263519171671,0.7382051064862412,0.09083653754999449
CN(CNC(=O)Oc1ccccc1)c1ccc(C2CN(C(=O)c3cccs3)C2)cc1,8.0,0.6070785674015664,0.8290580432715865,0.20132134768082424
CNC(=O)[C@H](C)c1cc(F)ccc1C(=O)NS(=O)(=O)NCCCc1ccc2c(c1)CC(=O)N2,9.7,0.40582690869833643,0.743624655808812,0.14636470421989597
CCNC(=O)[C@@H](Cc1c(O)c(=O)cc(C)n1C)S[C@@H](C)O,6.5,0.6658703019051423,0.6705700340665941,0.14511661808555099
Cc1ccc(N2C(=N)SCC2=O)c(C(=O)c2ccc(F)c(COC(N)=O)c2)c1,9.7,0.7479591585713101,0.8056495779545647,0.29225759550866026
Cc1cc(C(=O)c2cccc(N3C(=O)CCCc4sccc43)c2)ccc1O,10.4,0.6540304787558617,0.8419568778110934,0.28634603914102164
CC(CNC(=O)Oc1ccccc1)[C@H](C)N(C)C(=O)Nc1nc(NC(=O)N2CCOCC2)nn1C,8.5,0.5405177386270935,0.7037757187058182,0.1616713854895987
CCc1nc(N)sc1C(=O)c1cc(-c2ccc(C)cc2)cn(C)c1=O,9.5,0.7307835540915826,0.824258521138307,0.2861184214946688
Cc1ncc(CNC(=O)c2ncc(C(F)(F)F)cc2[C@H]2CCO[C@H](C)C2)s1,9.0,0.8416026578368214,0.7105752129158273,0.2691098945023165
Cc1ccc(C(=O)c2cccc(F)cc(CNC(=O)c3ccccc3Cl)c(OC(F)(F)F)o2)c(F)c1F,10.9,0.2728811380582757,0.7529496893963966,0.1119788436379971
CN(C)c1nc(-c2cccc(=O)[nH]2)ccc1C(=O)C1=CC=CC(=O)C1,9.2,0.8656803767631897,0.7600206807178578,0.30265009504655943
CC=CNc1nc(C)c(Nc2ccc(C3=C(C(=O)CN(C)C(=O)NCC)CC(=O)C3)cc2)nc1N,8.6,0.4303757606632767,0.7230186947592439,0.13380297991423498
Cc1cccc(NC(=O)C(=O)C2=CC=C(NC(=O)N3CCOCC3)C2)c1,9.9,0.8058467691099002,0.8009080655042686,0.3194775425856342
Cc1cc(=O)c(O)c(CNCC(=O)N2CCCCC2)n1C,8.2,0.8476406961754399,0.82996081788891,0.28843851184421415
CC1CCN(C(=O)NC[C@@H]2[NH+]=NC3=C2CNCC3)CC1,8.2,0.6425243155407425,0.6437120505160123,0.16957626431188275
COc1ccc(CC2CCN(C(C)=O)CC2)cc1CNC(=O)Oc1ccccc1,9.6,0.8067972229490314,0.8720123725340952,0.337697837058098
Cc1noc(C)c1CNC(=O)C(=O)NN=C1CCC(C(NC(=O)CCC(=O)[O-])C(C)C)CC1,9.1,0.3490492953452527,0.6859961238279726,0.10894814095243648
C[C@@H](CCNC(=O)NCCCNC(=O)c1cccc(F)c1)N1CCc2[nH]c(=O)ccc2C1,9.6,0.4433484012260385,0.7713173030757966,0.16414190071518442
C=C1c2ccccc2CC1C(=O)c1ccc(C(=O)Nc2ccc3c(c2)CC(=O)N3C)cc1,10.6,0.6286273422024222,0.7785117240394483,0.2593786906568623
CC1CCN(C(=O)c2cc(=O)n(-c3ccc(S(=O)(=O)NC(=O)N4CCOCC4)cc3)cn2)CC1,8.9,0.6731644809223392,0.8163011393034255,0.2445296950583995
Cc1ccc(Nc2ccccc2Oc2ccccc2-c2c(N3CCOCC3)noc2C)cc1C(N)=O,12.7,0.3605021686942127,0.8226117182779105,0.18831135085461176
O=C(NCNc1ccc(ON2C(=O)CCCc3sccc32)cc1)c1ccccc1Cl,9.8,0.5355109170670453,0.8074224254811971,0.21186792652966766
CC(=O)N1CCC(Cc2c(O)ccc(C#N)c2C2=Cc3ccccc3OC=C2)CC1,9.8,0.8225794423879235,0.7700970414826777,0.3103983375340312
Cc1cc(C(=O)c2cccc(C(=O)Oc3ccccc3)c2)ccc1O,9.3,0.44273989006543185,0.9063995075248538,0.18660413651736563
CS(=O)(=O)N(CC(=O)NN1C(=O)Cc2ccccc21)Cc1ccc2c(c1)NC(=O)CC2,9.9,0.6912288414880626,0.7990389342003819,0.27339778461163716
Cc1ccc(N2C(=O)Cc3ccccc32)c(CNC(=O)Oc2ccccc2)c1,9.6,0.7332966832469086,0.864677604249258,0.30435130525145465
O=C(C(=O)C1Cc2ccccc2C1)c1ccc2ccccc2c1CNC(=O)N1CCCC1,11.5,0.4883176259296653,0.8236611573792216,0.23126975004159359
CN(CC(=O)Nc1ccc2c(c1)NC(=O)CC2)S(C)(=O)=O,8.1,0.8411694215037486,0.8571964128444688,0.29202420133652546
Cc1cccc2nnc(-c3ccc(-c4ccnc5c4OCO5)cc3)n12,10.3,0.5628408799261838,0.8152810014781786,0.2363198402734254
N=C1SCC(=O)N1OC(F)(F)c1ccc(Nc2cccc(Cl)c2CNC(=O)N2CCCC2)nc1,9.2,0.5126772620205616,0.745287677764964,0.175762341184934
NC(=O)c1ccc(=O)n(Cc2cc(C(F)n3c(=O)[nH]c4ccccc43)ncn2)n1,10.4,0.4990379827016752,0.7303077465143147,0.1895146783773932
CC1CCN(C(=O)n2ccnc(NC(=O)c3ccccc3S(=O)(=O)CCC(=O)NC3CCCC3)c2=O)CC1,9.6,0.5449320437398795,0.7941275077929889,0.20771785238961143
Cc1ncc(CNC(=O)C(C)(C)SC(=O)c2ccc(-c3ccc(F)c(O)c3)cc2)s1,9.9,0.563490868060781,0.7976037811425694,0.22247401126727084
Cc1ccc(C(=O)c2cc(C)[nH]c(=O)n2)c(N2CC[C@@H]2c2ccccc2)c1,9.2,0.7234152101092601,0.7773632521045469,0.2586839441621171
Cc1cccc(C)c1C(=O)c1ccc(NC(=O)c2ccc(F)cc2Cl)cc1,9.7,0.5995057599644418,0.9014521238983395,0.26210648419547855
COc1cc(C(=O)C(=O)c2c(C)cccc2C)cc(F)c1NNC(=O)N1CCCC1,10.3,0.42883719955437105,0.816897571689372,0.18041277448750873
CCC1=C(C)C(N2C[C@@H](c3cc(C)[nH]c(=O)n3)ON=N2)C(CNC(=O)N2CCCC2)=C1,10.0,0.7493632188445338,0.5948871693476021,0.2228932820358162
Cc1cc(=O)n(-c2ccc(CNc3c4c(nn3C)CCCC4)cc2)cn1,10.1,0.786555211314117,0.8193471507433538,0.32545319450274196
Cc1cc(C(=O)c2ccc(Nc3ccc(C)c(C(N)=O)c3)s2)nc(=O)[nH]1,10.2,0.598162233176972,0.7995268515980547,0.24390585118879143
O=C(NCN1CCN(N2C(=O)Cc3ccccc32)CC1)N1CCCC1,9.2,0.8848341789288516,0.8091511037195137,0.3293436941449538
COCOC1CCOCCOCCOCCOCCOCCOCC1,9.0,0.681461176848316,0.7684047334256445,0.2356370972712253
CO[C@@H](CNC(=O)c1ccccc1)c1ncc(C(F)(F)F)cc1N1CCc2[nH]c(=O)ccc2C1,10.8,0.5738924310486596,0.7379051784320436,0.22867822623623066
Cc1ccc(C(=O)c2cc(C)[nH]c(=O)n2)c(/N=C/c2ccc(S)cc2-c2ccc3c(c2)NC(=O)CC3)c1,10.5,0.19557655768899604,0.748458117264478,0.07684995262821111
C[C@H](NC(=O)N1CCOCC1)S(=O)(=O)c1ccc(N2C(=O)Cc3ccccc32)cc1,9.2,0.8027659993121015,0.778628526944033,0.2875259934615626
Cc1cc(C(=O)c2ccc(C(=O)NCc3c(C)noc3C)cc2O)ccc1O,10.4,0.5861816721516918,0.8539263012312881,0.26028909251803417
O=C(NCc1cccc(-c2ccc(OCC[S+]([O-])CCc3ccccc3)cc2)c1)c1ccccc1Cl,9.7,0.23715459632031943,0.7792086490661513,0.0896245626200135
O=C(CNN1C(=O)Cc2ccccc21)N1CCCCC1,8.4,0.8967666797651214,0.8422476997163064,0.3172258627500493
Cc1ccc(Nc2cc3nc(ncn[nH]2)C=C(Cl)C=CC=C(CNC(=O)c2ccccc2Cl)OC3)cc1C(N)=O,10.5,0.31785827710983766,0.5965197507677866,0.09954458862654518
O=C(NCn1c(=O)[nH]c2ccccc21)N1C=CCN(C(=O)NCn2c(=O)[nH]c3ccccc32)C1,9.7,0.3604325574572978,0.7423065487749063,0.12976245217923632
C/C(=C\C(=O)Nc1c2c(nn1C)CCCC2)N1CCc2cc(-c3c(C)noc3C)ccc21,10.5,0.6167799518062684,0.7689729744290043,0.2490007349070382
O=C(NOc1cccc(N2C(=O)Cc3ccccc32)c1)N1C=C(N2CCOCC2)CC1,10.2,0.7703392475876643,0.7696209184407218,0.3023632916120699
CC(=O)NC1(Nc2ccc(C)c(C(N)=O)c2)CCNCC1,8.5,0.614421747105794,0.784177794016231,0.20477175335243353
N=C1C(=O)N(c2ccc(F)cc2CCN2C(=O)Cc3ccccc32)c2ccccc21,10.1,0.7206735353593942,0.8132465942554864,0.2959730755915495
O=C1CC(c2ccccc2)C(n2c(=O)[nH]c3ccccc32)C1,8.8,0.7890573760131637,0.7701123773215234,0.26737165474121555
C[C@H](NC(=O)N1CCOCC1)c1cccc(N2CC(N3C(=O)Cc4ccccc43)=CC2=O)c1,10.9,0.7828995868814749,0.744332453112723,0.317591975674212
CCCCCN(C1=C(C)N(CC)C(=O)N[C@@H]1C(=O)NCc1c(C)noc1C)c1ccc(OC)cc1,8.6,0.4634887361763977,0.725507022151145,0.14459366309709248
Cc1cc(=O)c(O)c(Cc2ccc(-c3ccc(N4C(=O)Cc5ccccc54)cc3)cc2)n1C,9.8,0.4960931659046498,0.829019898392753,0.20152284193588987
Cc1cccc(NC(=O)c2ccccc2N(C)c2ccc(CNC(=O)c3ccccc3Cl)cc2C)c1,11.2,0.29148479795555987,0.8639486570179036,0.1410236238515109
CCC(=O)N(C)CC(=O)NCNc1ccc(C(F)(F)F)cn1,7.8,0.7787960082249878,0.8266013016134662,0.25106397969515726
O=C1CCc2ccc(-c3nccc(C(F)F)n3)cc2N1,9.0,0.9163146435712832,0.8249490771652338,0.3401608138232041
C[C@H](NC(=O)N1CCOCC1)N1CCc2ccccc2C1,8.5,0.8956775671249103,0.7984370006667001,0.30393539686035564
Cc1cc(=O)n(C(=O)NC(=O)c2ccc(C(=O)CNc3cccc(F)c3)cc2)cn1,9.7,0.627522354390259,0.8310592955077224,0.2529315185911342
CCc1cc(=O)[nH]c(NC(=O)CC(C)(C)CS(=O)(=O)c2cccc(Nc3ccccc3)c2)n1,8.8,0.4378718960719806,0.8010036705410487,0.15432427823138706
CC1CCN(C(=O)NCc2cccc(C(=O)Nc3ccccn3)c2)CC1,9.3,0.8867059595305573,0.8890480738202768,0.3665707647950051
O=C(O)c1cc(N2CCc3[nH]c(=O)ccc3C2)ccc1Nc1ccc(C(F)(F)F)cn1,9.9,0.5826823030904197,0.8103091375602405,0.23371563327196224
O=CN[C@@H](NC(=O)NS(=O)(=O)C1=Cc2ccccc2OC=C1)C(=O)[O-],9.4,0.4039086144035642,0.6522989454397234,0.12383050671784845
O=C(Cc1ccc2c(c1)NC(=O)CC2)NC1=Cc2ccccc2OC=C1,10.5,0.8969193854136978,0.8009317661279692,0.377144894402748
Cc1cccc(C)c1C(=O)C(=O)C=Cc1ccc2c(c1)CNC2=O,9.8,0.5351347021155259,0.8147475733798564,0.21363985299018876
CCc1cc(=O)[nH]c(Nc2ccccc2C2=CCN(C3CCCCC3)C(=O)C2)n1,11.3,0.8054389538264374,0.7744741051789601,0.3524422613681695
Cn1nc2c(c1-n1c(=O)sc(=O)n1C(=O)NC(=O)N1CCOCC1)CCCC2,9.2,0.6906694311133285,0.7366222710842201,0.23403074306096727
CCC(=O)Nc1nc(N2CC=C(C3CCC4=CC=CC4C3)C2=O)cs1,9.7,0.89610178222813,0.6427425328611088,0.2793419236671711
Cn1ccnc(NC(=O)N(C(=O)CNC(=O)C(=O)N2CC[C@H](O)C2)C2=Cc3ccccc3OC=C2)c1=O,11.8,0.47816437276744334,0.6824133940656802,0.19252040579949573
CCC(=O)Nc1cc(C(=O)[C@H](NC(=O)c2ccc(-c3ccccc3)cc2)C2CCC2)nc(=O)[nH]1,10.9,0.4457810806600591,0.7646144733038385,0.18576361307775036
CNC(=O)N1CCC[C@H](N=C(O)CSc2cc(NC(=O)c3ccc(F)cc3Cl)cc(C(F)(F)F)c2)C1,0.0,0.1901428717790016,0.7322194205169228,0.0
Cc1cccc(NC(=O)c2cc(C)cc(C(=O)C3=CC(F)=CC3)c2)c1,10.4,0.8060227687028901,0.8291637576409348,0.347528931173756
CNC(=O)c1ccc(Cl)cc1-c1c2c(nn1C(=O)c1ccccc1C1=NO[C@H](C)C1)CCCC2,11.5,0.5938470943557497,0.7229736426139098,0.24686808325318593
Cn1nc2c(c1C1=CC=CC(C3=CCc4cc(N5CCc6cc(F)ccc65)ccc43)C1)C=NOC2,12.9,0.49820259910633247,0.6402483493456201,0.20573783765780496
Cc1ccc(Nc2ccc(Oc3cccc(F)c3Nc3ccc(C(F)(F)F)cn3)cc2)cc1C(N)=O,10.0,0.2416270429189249,0.8314915896822106,0.1004554270134343
Cc1ccc(C(=O)[C@@H](C)CCNC(=O)Nc2cccccnn(C=O)c2C(C)(C)C)c(F)c1F,10.4,0.440012151300595,0.6746394154424905,0.15436176108133356
Cc1cccc(C)c1C(=O)c1ccc(C2CN(C(=O)c3cccs3)C2)cc1,10.5,0.6123039363268856,0.8684398054098106,0.2791682834405753
O=C(N/C=C(\[O-])N1CCc2cc(F)ccc21)Nc1ccc(Br)c([N+](=O)[O-])c1,10.2,0.4352655355962958,0.7796919187701344,0.17308024051802895
CC1=C(NCC(=O)CCN2CCC3=CC(F)=C(O)C32)CC=C1O,7.6,0.7007986775168978,0.6295333538836625,0.1676469339046902
C[C@H](NC(=O)N1CCOCC1)C1=C(N2C(=O)Cc3ccccc32)Cc2cccc(N3C(=N)SCC3=O)c21,11.5,0.6487882147502961,0.6948503288652783,0.25921615502031703
CC1CCN(C(=O)c2ccc(C(=O)Nc3ccc(ON4CCCCC4)cc3)c(Cl)c2)CC1,9.4,0.668890265768994,0.8493196354602807,0.2670077692423506
NC(=O)c1ccc(C(=O)CN(C=O)C(=O)CN2CCc3cc(F)ccc32)cc1,9.9,0.5710987185910074,0.8192749013491191,0.23160398893545664
CC1(c2ccc3c(c2)CNC3=O)C=CC2=CC(F)=CCC21,9.6,0.8375923684905232,0.6454676098241701,0.25950659716634084
CC1=NN=C(C(=O)c2ccc(C(=O)c3ccc(C(N)=O)cc3)cc2)SC(CNC(=O)c2ccccc2Cl)=N1,12.3,0.408379732197006,0.7837329714881724,0.1968373065213367
CC(=O)N1C=C(c2cccc(C(=O)c3ccc(C(N)=O)cc3)c2)C(NCC2CCN(C(C)=O)CC2)=CC1,12.6,0.5678718211541892,0.7776483342270029,0.2782108827382561
Cc1cc(=O)c(O)c(CN2CCc3ccccc3C2)n1C,9.2,0.9166662823803886,0.840393443883605,0.35436575361315253
Cc1ncc(CNC(=O)CC(=O)NCCNC(=O)c2cc(Br)ccc2Oc2cccc(F)c2C(N)=O)s1,9.9,0.1985841152104579,0.8096525509214361,0.07958814704904868
Cc1cc(Cn2nc(C(N)=O)ccc2=O)cc(C(=O)c2ccc(C)c(F)c2F)c1,10.4,0.6695113840674228,0.831566366504133,0.28950643747069194
CCC(=O)Nc1nc([C@@H]2OCCN(C3CCCCC3)C2=O)cs1,8.0,0.916833481615209,0.7610434136155971,0.2791000330262046
Cc1cc(=O)n(-c2cc(NC(=O)N3CCOCC3)ccc2[SiH3])cn1,0.0,0.7380773261901609,0.7997550529503299,0.0
CCCCCc1cc(C(F)F)nc(N2CCc3cc(F)ccc32)n1,8.8,0.6972280151316901,0.8196331072489722,0.2514473123815051
Cc1nc2c(cc1CCC1(S)CN(C(=O)C3=NC=CC=[SH]3)C1)CNC2=O,9.9,0.5371999979125865,0.6162742318813942,0.16387594545973158
N=C1SCC(=O)N1Oc1ccccc1N1CCc2[nH]c(=O)ccc2C1,9.2,0.8743893911325835,0.7563690934162705,0.3042261110893282
Cc1noc(C)c1CNC(=O)c1cc([C@H](C)N2CCCC2)ccc1N(C)C,8.7,0.8438871058135091,0.7887822784115731,0.28955478940989166
CC(=O)N(C)C(=O)NCCN(C)CN1CCc2ccccc2C1,8.3,0.8839084803120975,0.8167252282165826,0.29959279745177025
CCC(=O)NC1=CC(=NNC(=O)c2csc(-c3cc(=O)n(CCSC(=O)Nc4ccccn4)cn3)n2)CC1,8.9,0.34154254435391934,0.7238417889846603,0.11001413101218359
Cc1ncc(CNC(=O)c2ccc(C(=O)C(=O)c3ccc(C(N)=O)cc3)cc2)s1,10.1,0.4607265402286294,0.8647257399639285,0.20119305970221224
Cc1cc(=O)c(O)c(Cc2ccc(S(=O)(=O)CCNC(=O)Oc3ccccc3)cc2)n1C,7.9,0.5647332656952254,0.8253539483384136,0.18411140808684226
CCNCCN(c1ccc(S(C)(=O)=O)cc1)c1cc(NC(=O)C(=O)N2CC[C@H](O)C2)c(C)[nH]c1=O,8.9,0.2966006198598524,0.7254038120665562,0.09574407303690002
CC1=C(CNC(=O)c2ccc(Oc3nc3=O)cc2)CC=NO1,8.0,0.9036728295261092,0.7736840328243003,0.27966289564060265
O=C(CCn1c(=O)[nH]c2ccccc21)Nc1ccc(F)cc1CNC(=O)Oc1ccccc1,10.2,0.4000753267807371,0.8550572297735781,0.17446452331512702
CCc1nc(N)sc1Cc1c(CN2C(=O)Cc3ccccc32)n(C)c(C)cc1=O,9.3,0.7037277343647055,0.770074837779693,0.25199420471011674
CNC(=O)c1cc(C2(NC(C)=O)CCN(C(=O)C(=O)[S@+]([O-])CC(=O)C3CCC(=O)CC3)CC2)ccc1C,9.9,0.4087017862568466,0.6695367419478058,0.1354522268873355
CCc1cc(C(=O)c2ccc(C3=NNN(C4C=CCC4)C3)cc2)nc(=O)[nH]1,9.5,0.6245032599414102,0.6855876354135455,0.203372063813359
C[C@H](NC(=O)N1C=C(C(=O)N2CCc3cc(F)ccc32)CC1)N1CCN(C2CCCCC2)C(=O)C1,11.6,0.7147632771826048,0.7051724210409152,0.29233818337235773
COc1cc(CNC(=O)c2ccccc2O)ccc1C(=O)Nc1nccn(C)c1=O,9.7,0.5703519115040504,0.8641677204161472,0.23904665993173194
CC1CCN(C(=O)NCN2CCN(CNC(=O)CNC(=O)N(C)C)C(=O)C2)CC1,8.1,0.5115852981228157,0.7857604147027697,0.1628033077835736
CNC(=O)N1CCC[C@H]([C@@H]2CCCN2c2ccc3c(c2)CNC3=O)C1,10.3,0.863371120618145,0.7345807807243566,0.32662115339684794
Cc1cc([C@H](C)NC(=O)N2CCOCC2)ccc1C1=NO[C@H](C)C1,9.0,0.9258843809498896,0.7469128689663094,0.3111997316878698
Cc1cccc(C)c1C(=O)c1ccc(Oc2cccc(F)c2C(N)=O)s1,9.9,0.6669690797146495,0.8306535609997641,0.27424001936514597
O=C1C[C@@H](c2ccc(Cl)c(Cl)c2)N(c2ccc3c(c2)CNC3=O)CCN1,10.8,0.82743228557595,0.7626277751110576,0.3407523352220758
CCc1cc(=O)[nH]c(NC(=O)NCN2C(=O)Cc3ccccc32)n1,9.3,0.7784096635443948,0.7964598040815515,0.2882869837766161
Cc1cc(=O)c(O)c(Cc2ccc(C(=O)NCn3nc(C(N)=O)ccc3=O)c(OC(C)(C)C)c2)n1C,9.9,0.4442448188612381,0.7691678108174089,0.16914091332128509
CC(=O)N1CCC(CC2=C(c3ccc(C(=O)NN4C(=O)Cc5ccccc54)cc3Cl)CC=NN2)CC1,11.7,0.6438181588676973,0.7504594332776233,0.2826482552230516
Cc1cc(CNC(=O)C(=O)c2ccc(C(N)=O)cc2)ccc1N1CCc2[nH]c(=O)ccc2C1,11.6,0.39520166847643207,0.8219470247324394,0.18840420463262952
CC(=O)N1CCC(Cc2ccc(C(=O)NCc3cnc(N4CCOCC4)s3)cc2C)CC1,9.3,0.723329692656419,0.8275841839552639,0.27835653924386855
CCOC(=O)NCCNC(=O)[C@@H](NC=O)C(=O)CNC(=O)NNc1ccc(C)c(C(N)=O)c1,9.3,0.07676375629769684,0.7307550981869466,0.026084410415792868
Cc1ccc(C(=O)c2ccc(F)c(Cn3nc(C(N)=O)ccc3=O)c2)c(F)c1F,10.3,0.6642288621400679,0.8322280997076383,0.28468681071054475
COc1cc(CNC(=O)c2ccccc2Cl)c(C(C)C)cc1N1CC[C@@H]1c1ccccc1,10.0,0.4572650042486628,0.7989463816894905,0.18266511030884933
O=C1CCCc2sccc2N1c1cc(Br)ccc1N1CCc2cc(F)ccc21,10.1,0.4481881185581493,0.813976749548403,0.18423142750473923
Cc1noc(N2CCC[C@@H](O)CC2)c1CNC(=O)c1cccc(Oc2nnc3cccc(C)n23)c1,10.5,0.43473367028839927,0.7375320219548527,0.16833075150132012
CCc1cc(-c2ccccc2Cn2nc(C(N)=O)ccc2=O)ccc1C(=O)CNc1cccc(F)c1,10.4,0.3486614451249381,0.8252123070933184,0.1496142520735411
Cc1ccc(N2C(=N)SCC2=O)c(C(=O)C2=CC=C[SH]=C2)c1,8.9,0.5088176192350923,0.6770659186803797,0.15330386561963627
Cc1cc(=O)n(-c2cc([Se]c3ccc(C(=O)c4ccc(O)c(C)c4)c(F)c3)ccc2F)cn1,11.5,0.3306492974690457,0.7641994899390421,0.14529216407286472
CNC(=O)N1CCC[C@H](C2CCN(C(=O)CS(=O)(=O)N3C(=O)Cc4ccccc43)CC2)C1,10.7,0.7235261705219307,0.7424146788624031,0.28737870050207215
Cc1noc(C)c1CNC(=O)c1cccc(N(C)c2ccc(C3=Cc4ccccc4OC=C3)cc2)c1,10.2,0.34630970394614546,0.7943118662069047,0.140289732685782
Cc1cc(C(=O)Oc2ccc(ON3CCc4cc(F)ccc43)cc2)ccc1O,10.0,0.5373207733677631,0.8360624950374819,0.22461687320866067
COC(=O)c1cc(-c2ccc(C)cc2)cc(C(F)(F)F)c1,8.8,0.7639542742693817,0.9095278568390707,0.30572858527168245
NC(=O)c1c(F)cccc1OC(=O)N[C@H](CCNC(=O)CNC(=O)CO)C(F)(F)F,7.3,0.3287207800702227,0.7520852577132636,0.09023750919710874
CC(C)(Cc1sc(N)nc1CN1C(=O)Cc2ccccc21)N1C(=O)CCCc2sccc21,10.3,0.5975103400190332,0.7504668036766796,0.2309320126444927
O=C1Cc2ccccc2N1c1ccc(C2Cc3ccc(=O)[nH]c3CS2)cc1,10.9,0.7338841889331509,0.7470774189503593,0.29880622659377765
CC1=C2CC(=O)N(NC(=O)CN(Cc3ccc4c(c3)NC(=O)CC4)S(C)(=O)=O)C2=CC1,10.6,0.6840867294146786,0.7385103815715086,0.267758730331061
Cn1nc2c(c1-c1ccc(C(=O)C3Cc4ccccc4C3)cc1)CCCC2,10.9,0.6447636036751716,0.8365024815744186,0.29394376320421456
CCc1cc(=O)[nH]c(Nc2ccc3[nH]c(=O)[nH]c3c2)n1,8.4,0.5747013397165661,0.8091906426173257,0.1953180374872802
CC(=O)NC[C@@H](C)NC(=O)C(=O)NC(=O)C(=O)N[C@H](CCNC(=O)c1ccccc1O)C(F)(F)F,9.5,0.2419211856184858,0.7048899841638625,0.08100071483227071
Cc1cc(C(=O)Oc2ccccc2C(=O)NCc2c(C)noc2C)nc(=O)[nH]1,9.3,0.5089030551608615,0.82747312620119,0.19581317492409206
O=C(c1cccccn(-c2ccc(-c3ccnc4c3OCO4)cc2)nn1)C1Cc2ccccc2C1,11.5,0.4063096755244668,0.748205426958075,0.17480178494546383
Cc1ccc(C(=O)c2c(C)cc(C(=O)Nc3nccn(C)c3=O)cc2[N+](=O)[O-])c(F)c1F,9.8,0.3679183644106587,0.8074940540649317,0.14557502690502183
CNC(=O)N1CCC[C@H](c2cc(-c3ccnc4c3OCO4)ccc2O)C1,10.2,0.8652908393776444,0.7520338180771005,0.3318712665789976
Cc1ccc(Nc2cccc(Cl)c2CNC(=O)c2cccs2)nc1,8.4,0.6905815012071892,0.8589531741386044,0.24913441243459342
CC1=CC(=O)N(c2ccc(ON3C(=N)SCC3=O)cc2)C1,8.6,0.9235106292919215,0.7368771466215452,0.29262096727653847
Cc1cc(=O)n(-c2ccc(C3=Cc4ccccc4OC=C3)cc2C(F)(F)NC2CCCC2)cn1,11.5,0.5050333692714872,0.7429338643165077,0.21574367576894976
Cc1cccc(C)c1C(=O)c1cc(F)cc(-n2c(=O)cc(C)c3sccc32)c1,10.4,0.44186347039002144,0.8202918638737737,0.18847764504606165
CC1=CCCCC1CNC(=O)C1=NC=C(C(=O)c2cc(C)[nH]c(=O)n2)C1,9.4,0.621780937495077,0.6663960660574306,0.19474561422722367
Cc1noc(C)c1CNC(=O)c1ccc(S(=O)(=O)N(C)CCCNC(=O)NN2CCc3cc(F)ccc32)cc1,9.3,0.32553155956662794,0.7967952089234218,0.12061262396246727
CCC(=O)Nc1nc(N2CC=C(C3=CC[C@H](c4ccccc4)C3)C2=O)cs1,10.9,0.8438612602037557,0.7214690949796204,0.33180680172972327
CNC(=O)N1CCC[C@H]([C@@H]2CCCN2c2cccc3nnc(C(=O)NN=C4C=C[C@@H](C)CC4)n23)C1,0.0,0.6574150451440528,0.6205823958130979,0.0
O=C(O)CNC(=O)[C@H]1CCC=C1C1=C(S)Cc2[nH]c(=O)ccc2C1,9.1,0.6156188895884984,0.6727774018310924,0.18844938706024889
CC1=C(NC(=O)C(=O)N2CC[C@H](O)C2)S(=O)(=O)N/C1=N\C(=O)C=O,8.1,0.34939944105808424,0.6413477233006676,0.09075504709827688
Cc1cc(C(=O)c2ccc3c(c2)CC(=O)N3)nc(=O)[nH]1,8.5,0.7888192530430218,0.8166650642483262,0.27378547853584584
NC(=O)c1c(F)cccc1Oc1ccccc1NC(=O)c1ccc(NC(=O)N2CCOCC2)cc1,10.7,0.496926099416477,0.8624853434507584,0.22929644047580322
O=C(CC1=CCOCC1)NC(=O)N1CCc2cc(F)ccc21,9.3,0.8518792160895647,0.7970563791160014,0.3157330299905447
O=C(Nc1ccc2c(c1)CC(F)CC2)c1ccc(F)cc1Cl,9.9,0.8629478510505068,0.8160322717047797,0.3485756811514739
CC(=O)N1CCC(Cc2ccc(C(=O)NCc3cnc(C)s3)cc2)CC1,8.4,0.877974817725801,0.8655078576040608,0.31915552347847304
COCCOC(CCC(=O)[O-])C[C@@H](NC(N)=O)C(=O)Nc1ccc(C)c(C(N)=O)c1,8.7,0.2934940928024156,0.7112798622080212,0.0908090504810061
Cn1nc2c(c1C(CC(=O)C1CCCCC1)c1ccccc1)CCCC2,9.3,0.7628673346919855,0.7667791757019317,0.2720021155202484
CCNc1cc(-c2c(C)cc(C)cc2NC2=CC=CC2)nc(C)n1,8.9,0.8339650647617859,0.7808199850770267,0.28977358229281636
Cc1cccc(NC(=O)c2ccc(CC3C=CC=CC3)cc2)c1,9.4,0.8528958837044553,0.8208623399628817,0.3290517520959041
CC(=O)N1CCC(Cc2ccc(C(=O)NNC[C@@H]3C(=O)NCCN3C(=O)c3ccc(C(N)=O)cc3)cc2)CC1,9.8,0.3610521367571369,0.7594356727970201,0.1343559774725494
CNC(=O)c1cc(-c2ccc(NC(=O)c3ccc(F)cc3Cl)cc2C)ccc1C,10.0,0.6066592956572717,0.8842850300873852,0.26822986675654126
COC(=O)c1cc(Br)cc([C@@H](C)CCNC(=O)NN2C(=O)CCCc3sccc32)c1,9.7,0.5841498221038519,0.7400944243799304,0.2096781227756707
C[C@H](CCC(=O)NC1CCCC1)NCC(=O)C1=CC=C([N+](=O)[O-])C=CC(=O)NC1=O,0.0,0.2157064914400446,0.6562596119484623,0.0
NC(=O)c1ccc(C(=O)[C@H](NC(=O)N2CCCC2=O)C2CCC2)cc1,9.3,0.7888533031652205,0.7872318328421759,0.288769850737878
Cn1nc2c(c1C(CC=O)c1ccccc1)CCCC2,8.2,0.7988945179258196,0.7592542255823254,0.24869125579719065
C[C@H](C(=O)N1CCN(NC(=O)C(=O)N2CC[C@H](O)C2)CC1)N1CCO[C@H]1c1ccc2c(c1)CNC2=O,11.1,0.42188345409973643,0.6455376176280814,0.15114961013131867
Cn1nc2c(c1-c1ccc(C(=O)NC(=O)COC(=O)C3=Cc4ccccc4OC=C3)cc[nH]cn1)CCCC2,10.4,0.48725174465066984,0.6940163597207157,0.1758435546868133
Cc1cc(=O)c(O)c(Cc2ccc(-c3ccc(N4CCc5[nH]c(=O)ccc5C4)cc3)cc2)n1C,9.6,0.4912165564846374,0.8016900733504779,0.18902564985558631
Cc1ccc(NS(=O)(=O)NC(=O)COc2c(C)n(C)c(=O)n(C)c2=O)cc1C(N)=O,10.3,0.47842351537929834,0.8036554980393679,0.198011159590836
CCNc1cc(N2CCC[C@@H](CNC(=O)c3ccccc3O)C2)nc(C)n1,9.7,0.7250161005529252,0.8006431721844669,0.2815324074562806
CC1=NN(Cc2c(O)c(=O)cc(C)n2C)C(=O)/C1=N\N,7.4,0.5564042065779389,0.72903725479363,0.1500865762681071
CC(=O)NCc1cc(C)ccc1N1C(=O)Cc2ccccc21,8.7,0.9460077313573083,0.8686428417573028,0.3574581371794072
CC1=NC2=C(C1)CN(C1C(n3cnc(C)cc3=O)=CN=C1N(C)C)CC2,8.7,0.8093492970945178,0.6192892167423621,0.21803126213686067
Cc1ccc(N2C(=O)Cc3ccccc32)c(CNC(=O)OC=Cn2cnc(C)cc2=O)c1,9.6,0.6261666779994581,0.763827243237119,0.22957592038237
O=C1NCc2cc(CN3C[C@@]4(CCCOC4)c4cc(N5CC[C@@H]5c5ccccc5)ccc43)ccc21,12.6,0.5922819657496975,0.6532031925041625,0.24373469666091635
CCN(C=O)CCC1(C(=O)CN[C@H](C)C2=NO[C@H](C)C2)NC(=O)N(C)C1=O,7.4,0.2986428305704758,0.5674601139925975,0.06270312103107985
CCc1cc(=O)[nH]c(NC(=O)Nc2ccc(N3C(=O)Cc4ccccc43)cc2)n1,9.3,0.6368039184174176,0.8284260889381729,0.24530841549309576
C[C@@H]1CC(c2cc(CN3CCc4ccccc4C3)ccc2O)=NO1,9.7,0.9410170731283043,0.7827135474764917,0.3572252035989371
c1ccc(NCc2ccc(-c3ccccc3)cc2)cc1,8.9,0.6974987967265517,0.9608307235889855,0.2982293317347426
CN1C(=O)Cc2cc(C(=O)N3CC=C(C(=O)C4CC5=CCCC=C5C4)C3)c3c(c21)CCCC3,11.7,0.7084782517545277,0.7039589301784365,0.29176266141348667
Cc1cccc(C)c1C(=O)NC(=O)C1=CCNC2=C1OCO2,8.9,0.8042611462245626,0.7553827921295111,0.270348638455194
Cc1ncc(NC(=O)C(=O)C2=CCN(C(=O)c3ccc4c(c3)CC(=O)N4C)C2)s1,10.2,0.7714459414156851,0.7593137741519624,0.2987424599585844
CNC(=O)NC[C@H](O)C(C)NC(=O)[C@H](C)S(=O)(=O)Nc1ccc(C(F)(F)F)cn1,9.2,0.38410215493457633,0.6858672277778202,0.12118381688669373
O=C(CCN1C(=O)Cc2cc(-c3ccc(-c4ccccc4)cc3)ccc21)NC1CCCC1,9.7,0.5791989587715584,0.8704543326779566,0.2445206279254531
CC1CCN(NC2=CC=C(Nc3ccc4c(c3)NC(=O)CC4)CC2)CC1,9.7,0.77179884712458,0.7527643572210868,0.2817765915839595
O=C(NC1CC[C@@H]1C1=CCOCC1)C1=CC=C(NC(=O)N2CCOCC2)C1,8.8,0.73190557718312,0.6537214122017736,0.21052343290638154
Cc1cc(C(=O)c2cc3c(cc2Oc2cccc(F)c2C(N)=O)OCCCO3)ccc1O,10.9,0.5815137677876588,0.8290485243491695,0.26274620643483093
CC(=O)N1CCC(Cc2ccc(N3C(=N)SCC3=O)cc2)CC1,8.8,0.9253777919815395,0.8322377504059316,0.33885910602470287
Cc1cccc(NC(=O)c2ccc3c(c2)CC(=O)N3)c1,9.0,0.8776983822548201,0.9039566345201595,0.3570305740860851
Cn1nc2c(c1-c1nc(C(=O)NC(=O)C3Cc4ccccc4C3)cs1)CCCC2,10.8,0.6783486504694186,0.7942830795379346,0.290952461751436
O=C(CNc1cccc(F)c1)C1=CCC(F)=C1OCc1ccc2c(c1)CNC2=O,10.4,0.7476252449453733,0.7702221964451239,0.2994355303054176
NC(=O)c1ccc2c(n1)CCN(N[C@@H](C(=O)N1CCCC1)C1CN(C(=O)c3cccs3)C1)C2,10.4,0.650735175040869,0.7155381969321731,0.24212545439112446
Cc1cc(C(=O)C2=Cc3ccccc3[C@H]2C=O)ccc1O,8.5,0.6922334203363432,0.7667969126080513,0.2255910410451582
CCC(=O)NC(=O)CCc1ccc(NC(O)C(=O)N2C=C(CC)N=C(N)S2)cc1,8.5,0.36966992667235754,0.6913267615236958,0.10861415312661878
Cc1cc2c(n1Cc1ccc(NC(=O)N3CCOCC3)c(F)c1)CCNC2,9.7,0.8704109141908499,0.8220123684742764,0.3470119405031421
O=C(C1=Cc2ccccc2OC1)c1ccc(C2=CC=CC2F)cc1,10.2,0.7709137246950303,0.7452757452786894,0.2930170833660062
CN(C(=O)Nc1ccccn1)C(=O)c1cccc(CNC(=O)Oc2ccccc2)c1,9.5,0.6756990695103047,0.859994894792159,0.2760214313424702
CC(C)CNC(=O)Cc1cc(C(=O)Nc2nccn(C)c2=O)ccc1C1=NO[C@H](C)C1,9.6,0.7027207562674416,0.7474315271401984,0.25211311104484274
CC(=O)NC(=O)C(CCCC(N)=O)Oc1cccc(F)c1C(N)=O,7.8,0.610494609506538,0.778687386762206,0.18539993632253318
CCNc1cc(-c2c(C)cc(C)cc2Nc2ccc(-c3ccc4c(c3)CNC4=O)c(C(N)=O)c2)nc(C)n1,11.2,0.2714599401200306,0.7862421016103863,0.11952261094088137
Cc1cccc(Cc2c(O)c(=O)cc(C)n2C)c1C(=O)c1ccc(C2CN(C(=O)c3cccs3)C2)cc1,9.0,0.3754730141981115,0.7917381371798378,0.1337743371701302
CCC(=O)Nc1nc(-c2ccc(N3C(=O)Cc4ccccc43)cc2)cs1,10.1,0.7481542994172945,0.8684199712561745,0.32810462827355086
O=c1[nH]c2ccccc2n1Cc1cc(-c2ccc(F)c(O)c2)ccc1N1CCc2cc(F)ccc21,12.1,0.35382343100175384,0.821116530046341,0.17577081208751688
O=C1Cc2ccccc2N1c1ccc(F)cc1CNOc1ccccc1,8.9,0.7050919652596076,0.83714087543971,0.2626662807530054
Cc1cc(C(=O)c2ccc(C(=O)Oc3ccc(C(=O)NCc4cnc(C)s4)cc3)cc2)nc(=O)[nH]1,9.8,0.231940445870323,0.8232395408089557,0.09356184761512149
Cc1cc(C(=O)c2ccc(CNC(=O)N3CCC(C)CC3)cc2)ccc1O,10.4,0.8071539972637143,0.882151343871349,0.3702566313666047
CC1=NN(C[S@@+]([O-])CC(C)C)C(=O)/C1=N\Nc1ccc(F)c(O)c1,8.3,0.6015428400925821,0.6540065990403124,0.16326638961579007
Cc1ccc(C(=O)c2cc(F)ccc2NC(=O)N2CCOCC2)c(F)c1F,9.6,0.8319771583491811,0.8548067905650062,0.34136626778489154
C[C@H](NC(=O)N1CCOCC1)N1CCC(C(=O)Nc2nccn(C)c2=O)CC1,9.5,0.7357983137940977,0.7672540731144937,0.2681585202934164
Cc1cc(-c2ccnc3c2OCO3)c(C)cc1CNC(=O)C1Cc2ccccc2C1,11.5,0.7155509091499075,0.8072600912636906,0.33214052302889835
CC1=CC=C(C(=O)c2ccc(O)c(C)c2)C1C(=O)Cc1c(C)noc1C,9.0,0.8288140104532631,0.7313202174992746,0.2727577990760069
CN1C(=O)Cc2cc(C(=O)N3CC=C(C(=O)C(=O)Nc4cnc(F)s4)C3)ccc21,9.5,0.7625789266577465,0.7413033278081829,0.26851859062269534
Cc1ccc([C@@H](C)CCNC(=O)N[C@H]2CC[C@@H](CC(=O)O)N(C=O)C[C@@H](C)C2)cc1C(N)=O,10.2,0.4186540409438614,0.669130310528001,0.14286839529448989
O=C(NCN1CCC[C@H]1c1cccc(N2C(=O)CCCc3sccc32)c1)c1ccccc1O,10.5,0.5621714214418682,0.7577630469048956,0.22364618282718923
CCOC(=O)CCNC(=O)C1(NC(C)=O)CCN(C2CN(C(=O)c3cccs3)C2)CC1,7.7,0.5622208192842323,0.8075676266520095,0.1748020630832306
CC=CC=CCOC(=O)NCc1ccc(C(=O)NC)c(C)c1,7.0,0.7939730675553603,0.8330061619379153,0.23148456019022734
C[C@@H](CCNC(=O)NN1CCc2cc(F)ccc21)C1=CCc2c1ccc1c2SCC1,10.7,0.731679088824378,0.6871896940527864,0.2689992461188145
CC(=O)N1CCC(Cc2cccc(Nc3ccc(N)c(C(N)=O)c3)c2)CC1,10.0,0.7081962621924687,0.8650345422519157,0.30630711474508987
Cn1nc2c(c1-c1ccc(CS(=O)(=O)C(=O)Nc3ccccn3)cc1)CCCC2,10.6,0.7103203112526305,0.7988414735535575,0.3007396617921187
Cc1nc2c(cc1CCc1ccc(C3=CCCC3)cc1)CNC2=O,9.9,0.9260447597300031,0.8057159643918295,0.3693338780946504
Cc1ccc(C(=O)C(=O)C(=O)Nc2ccc(C3CN(C(=O)c4cccs4)C3)cc2)c(F)c1F,9.0,0.3372443415864153,0.8121503187089343,0.12325189477598636
O=C1NCc2cc(C3=CC(c4ccc(N5CCOCC5)cc4)CC3)ccc21,11.0,0.9068566294485352,0.7645005348218294,0.38131080802106976
CCCOc1ccc([C@H](CCC(=O)N(C)c2ccccc2)C(=O)CN[C@H](C)Nc2ccc(C)c(C(N)=O)c2)cc1,9.3,0.23146805159134487,0.7147175624199664,0.07692694094933124
CCCN/C=N\C(=O)C(=O)NC(=O)NCC[C@H](C)CCC(=O)NC1CCCC1,7.1,0.19136703979326838,0.7217791623712285,0.049034283299043614
CC(=O)N1CCC(Cn2c(=O)[nH]c3cc([C@@H]4CCOC4)ccc23)CC1,8.6,0.9278657371972828,0.7761048633141195,0.30965207779078135
O=C(NCC(=O)C(=O)N1C(=O)CCCc2sccc21)Oc1ccccc1,8.8,0.8315695501507878,0.8068710592672625,0.2952265376652096
NC(=O)c1ccc(C(=O)n2c(=O)[nH]c3ccccc23)cc1,8.7,0.7359280353611293,0.8847389458392766,0.28323032448525426
CCC(C)(C(=O)CCC(=O)NC=O)[C@@H](C)N(C)C(=O)N[C@H](C)n1cnc(C)cc1=O,8.5,0.5448819395283904,0.6185884302401293,0.14324950704660225
CC(=O)N1CCC(=O)N(C(=O)C(C)(C)N2C(=N)SCC2=O)NC(C(=O)[O-])=CC=N1,8.8,0.5259239956506271,0.5824180752100094,0.1347753621515821
NC(=O)c1c(F)cccc1Oc1ccc(C(=O)Nc2ccc(Oc3nc3=O)cc2)cc1,8.6,0.4737072407474052,0.8666933992755366,0.17654034366026555
CN(c1ccccc1C1=Cc2[nH]c(=O)ccc2C1)c1ncccc1N1CCc2[nH]c(=O)ccc2C1,11.8,0.47979355525104495,0.7360113585337147,0.20834876878546507
C[C@@H]1CC(C2C(c3ccc(-c4ccc5c(c4)CN=CC5)cc3)=CCc3cc(F)ccc32)=NO1,11.3,0.460904702599979,0.6548322610813676,0.17052562672881744
C[C@H](NC(=O)N1CCOCC1)c1ccc2[nH]c(=O)[nH]c2c1,8.6,0.7691522932652546,0.8064624189096593,0.2667257401427418
O=C(CCC[S@+]([O-])CC(=O)c1cc[nH]cccc([N+](=O)[O-])c1)NC1CCCC1,8.6,0.28145078076204316,0.6568315421360037,0.07949227265622548
CC(=O)C1=NC(CCNC(=O)c2c(O)c(=O)cc(C)n2C)=NC=NN[C@@H](C(C)=O)C1,10.3,0.5853708095599132,0.5899367707260227,0.1778458590105622
CC1CCN(C(=O)C(=O)Nc2ccc3c(c2)CC(=O)N3N2CCCN(C)C2)CC1,8.6,0.7586064065614274,0.7819172392806311,0.2550619936612179
Cc1cccc(NC(=O)C2=C3CCCCC3CC(C(=O)c3ccc(C(N)=O)cc3)=C2)c1,10.9,0.6931658544770567,0.7625148455659587,0.288059343690602
Cc1onc(-c2ccc3c(c2)CC(=O)N3C)c1CC(=O)NC(=O)N1CCc2cc(F)ccc21,10.6,0.6642301281849435,0.7982671239880224,0.2810235292689669
Cc1c(N(C(=O)CC(C)C)c2ccccc2NC(=O)N2CCOCC2)c(=O)[nH]n1NC(=O)c1ccc(F)cc1Cl,11.3,0.39004682507241684,0.7552155371090424,0.16643172370952924
CCC(=O)NCc1ccc(-c2cc(O)nc(C(=O)c3ccc(C(N)=O)cc3)n2)cc1,9.7,0.5167466452906202,0.8443070977055247,0.21160203726217902
CCNc1cc(-c2ccc(C(=O)N3CCN(CNC(=O)N4CCC(C)CC4)CC3)cc2)nc(C)n1,9.8,0.6615794723405916,0.8237405742199891,0.2670352286746182
CCNc1cc(-c2ccc(N3C(=N)SCC3=O)cc2)nc(C)n1,8.2,0.9021159655448278,0.8156588154946891,0.3016857243570082
CCCC[C@H]1C(=O)NC(=O)N1N1CC(N2CCc3ccccc3C2)C1,8.8,0.8286353714248912,0.739660764963331,0.26967999198967596
CC=CNC(=O)c1ccc(CNC(=O)Oc2ccc([C@H](C)NC(=O)N3CCOCC3)cc2C)cc1O,8.3,0.4652961811703358,0.7510633649113622,0.14502876993673267
NC(=O)c1ccc(C(=O)N2CCNC(=O)[C@H]2CNC(=O)C(=O)NCc2ccc3c(c2)CNC3=O)cc1,10.9,0.3030386421249728,0.7557734943858481,0.12482057255353957
O=C(NCc1ccc(CS(=O)(=O)N2CCc3[nH]c(=O)ccc3C2)cc1)Oc1ccccc1,10.0,0.5963400188579595,0.832147394657605,0.24812139651135903
CCC(=O)Nc1nc(ONS(=O)(=O)c2ccc(F)c(-n3cnc(C)cc3=O)c2)cs1,9.3,0.5210108440120483,0.7689554030146734,0.1862948581425194
CC1CCN(C(=O)NCc2ccc(C(=O)CNc3cccc(F)c3)cc2)CC1,9.5,0.739689490201261,0.8779782642682511,0.308479864984576
Cc1cc(=O)n(-c2cccc(Br)c2C(=O)C(=O)NC[C@H](O)C(=O)c2c(C)cccc2C)cn1,9.8,0.371126138560309,0.7347542434860921,0.1336163875361393
CCc1cc(C(=O)c2ccc(C)c(F)c2F)ccc1C(=O)CNc1cccc(C(=O)c2ccc(F)cc2Cl)c1,11.1,0.22116467294149147,0.8160309194751876,0.1001648523358103
Cc1noc(C)c1CNC(=O)NC(=O)CCc1ccc(CCC(=O)NC2=CC[C@H](O)C2)cc1,9.2,0.45957562345435404,0.7518987375583281,0.15895499230043877
C[C@H](C(=O)N1CCN(NC(=O)C(=O)N2CC=CCC2)CC1)N1CCO[C@H]1c1ccc2c(c1)CNC2=O,10.2,0.4312449073647765,0.6476183739256813,0.1424338840923669
CC1CN([C@H](C)NC(=O)N2CCOCC2)CC1c1ccc2c(c1)NC(=O)CC2,10.3,0.8333242955143628,0.6856828809870261,0.2942690449285577
Cc1cc(CNC(=O)c2ccccc2Cl)ccc1N1C(=O)Cc2ccccc21,10.6,0.695237598903975,0.8787646104220974,0.3238036048083724
Nc1cc(=O)n(-c2ccc(N3CCc4[nH]c(=O)ccc4C3)cc2)cn1,9.5,0.7299311443048375,0.8063639652111423,0.27958033163005874
CCC(=O)Nc1nc(-c2ccccc2C2=NO[C@H](C)C2)cs1,8.0,0.9359597051419702,0.7776112271579286,0.2911251099543282
C[C@H](NC(=O)N1CCOCC1)C(=O)N1C(=O)OC(C)(C)C1Oc1cccc(F)c1C(N)=O,9.2,0.6737775598897567,0.6982478420728169,0.21641331452585094
O=C(c1cccs1)N1CC(c2cccc(OCc3ccnc4c3OCO4)c2)C1,9.6,0.6605331348166305,0.8117097933489263,0.25735738289382026
Cc1ccc(C(=O)c2cc([N+](=O)[O-])c(C(=O)N(C)CN3CCc4ccccc4C3)cc2Cl)c(F)c1F,9.4,0.2583452418599147,0.7931837865942095,0.09631017087791069
CCc1cc(=O)[nH]c(NC(=O)N(C)c2ccc(C(=O)C3Cc4ccccc4C3)cc2)n1,10.4,0.6214872545122779,0.8040199847590189,0.25983784990846087
Cc1cc(=O)c(O)c(CS(=O)(=O)NC(=O)CCC(=O)NCN2CCc3[nH]c(=O)ccc3C2)n1C,8.9,0.3606462623947988,0.7431518113464362,0.1192666408035375
Cc1cccc(NC(=O)[C@H]2C[C@@H]3C[C@@H]3N2NC(=O)N2CCOCC2)c1,9.2,0.868143295580474,0.7171889238102591,0.28640646770040784
CC1CCN(C(=O)CC[C@@H]2CCC=C2c2cc(Br)cc(NC(=O)c3ccc(F)cc3Cl)c2)CC1,10.7,0.4116700629035013,0.7627168771499925,0.16798342206473618
CCC(c1ccc(O)c(C)c1)C1CN(C(=O)c2cccs2)C1,8.5,0.9252037915719237,0.7854555194776308,0.30885023051101457
C[C@H](NC(=O)N(C)Cc1ccc(C2=Cc3ccccc3OC=C2)cc1)C(=O)C1Cc2ccccc2C1,10.8,0.4983116434705718,0.7377147958680673,0.19851041106444997
O=C(CC(=O)NN=C1CCC(N2CCc3[nH]c(=O)ccc3C2)CC1)NO,9.4,0.3421774791518153,0.7659236580198612,0.1231784584662674
Cc1cccc(C(=O)CC(C)(C)Cc2ccnc3c2OCO3)c1,8.9,0.7842232229562498,0.801173845080488,0.2795931150470858
O=C(Nc1cc(N2CCc3[nH]c(=O)ccc3C2)cc(-c2ccc(F)cc2)c1[O-])c1ccc(F)cc1Cl,12.6,0.4134958272752409,0.7843127595820063,0.20431533362051
Cc1ncc(CNC(=O)c2cc(C(F)(F)F)cnc2-c2ccc(F)cc2)s1,9.8,0.6571189510223183,0.843227508513724,0.2715093801751736
O=C(NCN(C(=O)N1C(=O)Cc2ccccc21)c1ccccc1)Oc1ccccc1,9.9,0.6717037576782152,0.8254752990444157,0.27446505581814784
Cc1ncc(CNC(=O)[C@H]2CCCN(C(=O)N3C(=O)CCCc4sccc43)C2)s1,9.6,0.8065094353102125,0.7433430682892194,0.28776633515889555
CNC(=O)c1cc(CN(C)c2ccc(F)c(C(=O)c3ccc(C)c(F)c3F)c2)ccc1C,9.6,0.5522261020445698,0.8309911650800861,0.22026960572431273
CC(=O)N1CCC(Cc2[nH]nc(-c3[nH]nc([O-])c3-c3ccc(F)cc3Cl)c2-c2ccc(F)cc2Cl)CC1,11.9,0.34141888608508497,0.7447539555287779,0.15129247421293726
C/C(=C\C(=O)Nc1cccc(C)c1-c1ccc2c(c1)NC(=O)CC2)N1CCc2cc(F)ccc21,11.6,0.5043057528631442,0.7983750852457993,0.23352258609059462
C[C@@H]1CC(c2ccc(C(=O)Nc3ccc4c(c3)CC(=O)N4N3CCCN(C)C3)c(Cl)c2)=NO1,9.0,0.7442224593681385,0.7146980987325006,0.23935246953499542
COC(=O)c1cccccc([C@@H](C)CCNC(=O)NCCC(=O)NC2CCCC2)c(=O)n(C)c1C,8.2,0.46401304677751454,0.7307206469260757,0.13901620462659597
CC(=O)N1CCC(Cc2ccc(C)c(C(=O)NCc3c(C)noc3C)c2C)CC1,9.7,0.835764346859222,0.8259034916258469,0.334776435740002
CN(C)c1ncccc1-c1ccc2c(c1)NC(=O)CC2,8.8,0.9095871867480031,0.8435174982178655,0.3375911915977489
CCc1cc(=O)[nH]c(NC(=O)Nc2cccc(Oc3ccc(N4C(=O)Cc5ccccc54)cc3)c2)n1,10.5,0.35879008899734227,0.817726807035307,0.15403094378264792
CC(=O)N1CCC(C[C@H]2CCCN(C3=CC=C(C)C3C)C2)CC1,9.1,0.7898908606957351,0.7052032378455102,0.2534502845907802
Cc1cccc(NC(=O)c2ccc(CC3CCN(C(=O)C4=CCN(C5CCCCC5)C(=O)C4)CC3)cc2)c1,11.2,0.5530243390808721,0.8107996089628471,0.2510994740092765
CC=Cn1oc2cc(CC(=O)c3cc(C)[nH]c(=O)n3)ccc2c1=O,9.0,0.7388197495266838,0.7318162300962743,0.24330612771868113
Cc1ccc(C(=O)N2CCNC(=O)C[C@H]2CNC(=O)COC=O)c(F)c1F,9.1,0.6674817780376389,0.7343628633041581,0.22302909252399727
Cc1nc2c(cc1CCc1ccc(C3=CC=C(N(C)C)C3)cc1)CNC2=O,10.7,0.8862492499191974,0.766973461227677,0.3636553652757132
CC(=O)NC(=O)c1cc([C@H](C)NC(N)=O)ccc1N(C)C,8.2,0.7615320752633263,0.8026881298653703,0.2506218305035017
O=C1NCc2cc(CCC3CN(C(=O)CNC(=O)n4c(=O)[nH]c5ccccc54)C3)ccc21,11.5,0.561011373551684,0.7944478687654369,0.25627421679100076
Cc1ncc(CNC(=O)OC(=O)c2ccc(C3=Cc4ccccc4OC=C3)cc2)s1,9.4,0.4783813104068988,0.7896569082398178,0.17754584007174343
O=C(NCC(=O)C(=O)CC(C1=Cc2ccccc2OC=C1)c1ccccc1)NCc1cccc(O)c1,10.0,0.38989659084288664,0.723244825453866,0.1409953458946105
Cc1ccc(C(=O)c2ccc(Cn3nc(C(N)=O)ccc3=O)c([N+](=O)[O-])c2)c(F)c1F,10.5,0.36253162346612344,0.8211783430673771,0.1562941368804047
Cc1ccc(Nc2cc(-c3ccc4c(c3)NC(=O)CC4)cc(C)c2C)cc1C(N)=O,11.7,0.5767397608284371,0.8399907973392242,0.2834068135599747
COc1cc(C(=O)NCc2cnc(C)s2)c(C)cc1Oc1ccc2c(c1)CNC2=O,10.6,0.6305574768506347,0.8218506982226546,0.27465877438818104
Cc1cc(=O)n(-c2ccc(-c3ccnc4c3OCO4)cc2)cn1,10.5,0.7267280906322265,0.8167790097894871,0.3116275313827172
CCc1cc(=O)[nH]c(Nc2cc(F)c(C(=O)Nc3cccc(C)c3)c(F)c2)n1,10.0,0.6223849739647432,0.8285086291597697,0.2578256607945842
CNC(=O)c1cc(-c2ccc(C(=O)c3cc(C)[nH]c(=O)n3)cc2)ccc1C,10.0,0.6989659951286568,0.8492119187701344,0.2967851269391415
Cc1cccc(C)c1C(=O)n1c(=O)[nH]c2ccccc12,8.5,0.7357895004460938,0.8668466576549196,0.2710720844096937
CCc1nc(N)sc1C(=O)CCOc1ccc(Cc2c(O)c(=O)cc(C)n2C)cc1,9.5,0.5345391512084443,0.7910616124678707,0.20085536636902548
Cc1cc(=O)n(N2CCC[C@@H](NC(=O)N3CCOCC3)C2)cn1,8.3,0.8084916321458996,0.7469131105852941,0.25060729493703426
CNC(=O)N1CCC[C@H](c2ccccc2NC(=O)N2CCOCC2)C1,8.8,0.8608652912610547,0.8095495214337777,0.3066417572061081
Cn1nc2c(c1-c1ccc(-c3ccc4c(c3)NC(=O)CC4)cc1)CCCC2,11.3,0.7330067298422726,0.8307562303572814,0.34405669785631077
Cc1cc(C(=O)c2ccc(C(=O)N3C(=O)Cc4ccccc43)cc2)ccc1O,11.0,0.5631696824814406,0.8641932545311529,0.26767809241630175
Cc1cc(C)c(N2CCc3cc(F)ccc32)c2c1NC(=O)CC2,10.4,0.8625332789546231,0.8156999989266416,0.36585556525308893
CC1=CC=C(NCc2cc(F)ccc2N2C(=O)Cc3ccccc32)NC1C1=NO[C@H](C)C1,10.8,0.7479576178135547,0.6525369340652822,0.26355778419896775
CC1=C(Cc2ccc(N3C(=O)Cc4ccccc43)c(CNc3ccc(C(F)(F)F)cn3)c2)CC=NO1,12.4,0.4479152527591681,0.7490610762948003,0.20801984641879678
Cn1nc2c(c1-n1nc(-c3ccc4c(c3)CNC4=O)c(=O)[nH]c1=N)CCCC2,11.0,0.6040735399425333,0.7414684565759434,0.24634581142575618
O=C[C@H]1CN(C2=CN=C(C(F)(F)F)C2NC(=O)c2ccc(F)cc2Cl)Cc2c(S)cccc21,10.0,0.37073796735962755,0.6297761273657573,0.11674096067559939
Cc1cc(C(=O)c2cccc(N3C=CCc4ccccc43)c2)ccc1O,10.4,0.6706848982578077,0.834783868692072,0.29113600570132075
Cc1cccc(NC(C)[C@H]2C[C@@H]3CC(C)(c4ccc5c(c4)CNC5=O)CN3C2)c1,10.7,0.8277801724948266,0.6577915933684054,0.29131115866391777
NC(=O)CC(=O)N[C@@H](CNC(=O)c1ccccc1O)C1CCC1,8.2,0.5392917052185111,0.7982851052572888,0.17650849962254417
Cc1cc(C)c(-c2cc(NCn3cnc(C)cc3=O)nc(C)n2)c(NC2=CC=CC2)c1,10.2,0.6269690056272185,0.7458400896541237,0.23848549587735435
CCc1nc(N)sc1C(=O)c1cccc(C)c1-c1nc(CNC(=O)Oc2ccccc2)cc(C(F)F)n1,9.0,0.29224471780896005,0.7757490738719733,0.10201885613292463
CC1C=CC(c2ccc(-c3ccnc4c3OCO4)cc2)=N1,9.4,0.8467817071366461,0.725507191448948,0.2887427225140753
CC1CCN(C(=O)NCc2ccc(C(=O)CNC3=CCOC3)cc2)CC1,8.3,0.7667496256581217,0.8094043815125848,0.2575533602102894
Cc1cc(Cc2ccc(S(=O)(=O)NC(=O)N3CCOCC3)cc2)ccc1-c1ccnc2c1OCOC2,9.4,0.5626916342578051,0.7943685230116382,0.21008272553569748
O=C(NOc1cccc(N2C(=O)Cc3ccccc32)c1)N1C=CC=CC1,9.9,0.8668362932024309,0.7772046406218964,0.33348604891952405
Cn1ccnc(NC(=O)c2cc(O)nc(-c3cccc(Oc4ccc(F)cc4F)c3)n2)c1=O,9.9,0.47798681710385565,0.8170350313494781,0.19331332717805755
O=C1CCc2ccc(Oc3cccc(N4CCC5=CC(F)=COC54)c3)cc2N1,11.1,0.8435059607445758,0.7134760979559689,0.3340108445184255
O=C(Nc1ccc(Cn2c(C3=Cc4ccccc4OC=C3)cc3c2CCNC3)cc1F)N1CCOCC1,11.1,0.5482482905605237,0.7563246710165364,0.2301328079364294
Cc1ncc(-n2c(-c3ccc4c(c3)CNC4=O)cc3c2CCNC3)s1,9.6,0.7471438936535384,0.7474554240567107,0.26805924281384996
O=C(Nc1nc(O)cc(-c2ccc(-c3ccncc3)cc2)n1)c1ccc(F)cc1Cl,10.3,0.4870537799403996,0.8552546443449318,0.2145258287799873
CC(=O)c1c(C)cc(S(=O)(=O)[C@@H](C)C(=O)Nc2ccc3c(c2)NC(=O)CC3)cc1C,10.0,0.7110260653719412,0.7689242914264641,0.2733626067509333
CC1CCN(C(=O)NCOc2ccc(OCN3CCc4ccccc4C3)cc2)CC1,9.4,0.7364373525673052,0.8390439108923378,0.2904145399198775
Cn1ccnc(NC(=O)c2cc(O)nc(-c3ccc(Oc4ccc([N+](=O)[O-])cc4)cc3)n2)c1=O,9.3,0.3252367248140415,0.8212219726367588,0.12419756829745321
Cc1cccc2nnc(-c3ccc(C(=O)C4Cc5ccccc5C4)cc3)n12,11.2,0.5159424889585434,0.8486150424312834,0.2451884720094075
CC1=NN(N2CCc3[nH]c(=O)ccc3C2)C(=O)/C1=N\NC(=O)N(C)C,9.3,0.7030334914349295,0.7169713416511274,0.2343855124945967
CCOc1cc(C(=O)CNc2cccc(F)c2)ccc1OC(=O)C1Cc2ccccc2C1,9.4,0.31290067596371507,0.8502801705773374,0.12504502286213015
N#Cc1c(-c2ccc3c(c2)CNC3=O)n[nH]c1NC(=O)Nc1ccc(F)cc1Cl,9.9,0.5261044466594527,0.7932770891868225,0.206586569006856
CC(=O)N1CCC(Cc2cccc(NC3=NOC(C)C(C(N)=O)=C3)c2)CC1,9.4,0.8474995212157878,0.7268210206517891,0.2895108194956219
Cc1ncc(CNC(=O)Nc2ccc(Br)cc2C(=O)NC2=NC=C(Br)CC2=O)s1,9.4,0.5459231784260257,0.7705529004577555,0.1977114636247467
CC1=C(F)C=C2CCN(NC(=O)NCC[C@H](C)C3=CCc4c3ccc3c4SCC3)C21,10.5,0.7141134713219531,0.5913138073039819,0.22168920667658465
O=C(CCc1ccc(CNC(=O)c2ccccc2Cl)cc1)NC1CCCC1,8.0,0.7487963980843833,0.9082111850423237,0.27202610562385654
CC1CCN(C(=O)NCc2ccc(S(=O)(=O)NC(=O)N3CCOCC3)cc2)CC1,9.1,0.7587717569248422,0.8567714606689988,0.29579276385517017
CC(=O)N1CCC(Cc2[nH]nc([O-])c2-c2ccc(-c3ccnc4c3OCO4)c(C)c2)CC1,10.9,0.6783261006857285,0.7457069264301802,0.2756786970545494
Cc1cccc(NC(=O)C2=C(C(=O)Nc3cccc(C)c3)CC(C(=O)C3=CC(F)=CC3)=C2)c1,10.8,0.6408381874920666,0.7610662968581631,0.26336898696953753
O=C1C=CN(c2ccc(F)cc2CCN2C(=O)Cc3ccccc32)CC1,9.7,0.8498805062421758,0.8076599712561746,0.33291101564272835
CCC(=O)Nc1nc(-c2cc(=O)n(C3=CN=C(N(C)C)C3N3CCc4[nH]c(=O)ccc4C3)cn2)cs1,10.4,0.5378796177403392,0.663637707458739,0.1856177421311104
O=C(NCC1=C(C2Cc3ccc(=O)[nH]c3CS2)CC=C1N1C(=O)Cc2ccccc21)Oc1ccccc1,11.0,0.5266281253187511,0.6826894569628971,0.19773790789238574
Cc1cccc(C)c1C(=O)N1CC=C(NC(=O)[C@@H](C)C[C@H]2C=CC=C(Cl)C=C(N3C(=N)SCC3=O)C(=O)N2)CC1,0.0,0.4721882607677949,0.556738213765197,0.0
CCCOc1c(CCCSc2cc(NCC)nc(C)n2)ccc(C)c1N1CCc2[nH]c(=O)ccc2C1,8.3,0.2072538561700122,0.7577533839871078,0.0651746340057397
CCCN1CCN([C@H](C)NC(=O)N2C=C(C(=O)N3CCc4cc(F)ccc43)CC2)CC1=O,11.0,0.7545268490959295,0.70573228570001,0.2928716768089733
CC=CC=CCOC(=O)NCc1cc(C(F)c2ccnc3c2OCO3)nc(-c2c(C)cccc2C(C)=O)n1,10.3,0.304028851837853,0.667119166739484,0.10445408926595773
CCc1ccc(N2C[C@@H](c3cc(C)[nH]c(=O)n3)ON=N2)c(N2CCc3cc(F)ccc32)c1,9.9,0.6604314697118736,0.6773870943213403,0.22144703836191665
Cc1cc(=O)n(Cc2ccc(C(=O)NCc3c(C)noc3C)cc2)cn1,8.9,0.7596485951599625,0.8578230200794972,0.28998160318417354
CC[C@@](C)(NC(=O)Cn1nc(C(N)=O)ccc1=O)C(=O)N1CCC[C@@H](CNC(=O)c2ccccc2O)C1,10.2,0.36532212722437163,0.7234645908973507,0.13479178789224627
CCc1cc(=O)[nH]c(N[C@H](NC(=O)c2cc(C)ccc2C(N)=O)C2CCC2)n1,9.3,0.5408517188509978,0.7246349732270392,0.18224283292636678
Cc1ncc(CNC(=O)N[C@H](C(=O)N2CCCCC2)c2ccc(S(=O)(=O)c3ccc(F)cc3)cc2)s1,10.3,0.4495094455281114,0.7801185521042895,0.18059538876833503
N=C1SCC(=O)N1c1ccc(N2CCc3[nH]c(=O)ccc3C2)cc1,9.4,0.8756127531259129,0.7933462622099534,0.3264921292728306
CC(OCC(=O)NS(=O)(=O)Nc1ccc(C(F)(F)F)cn1)C(=O)N[SH](=O)=O,8.6,0.3759581992932306,0.6838146626658167,0.11054686356724379
CCC(=O)Nc1nc([C@H]2CN(c3ccc(-c4ccccc4)cc3)Cc3ccccc32)cs1,11.2,0.3962352649546046,0.7908893251617302,0.17549181513092688
CNC(=O)c1cc(-c2cccc(C(=O)NC3CC(C)(NC(=O)N4CCOCC4)C3)c2)ccc1C,9.8,0.6335629516032306,0.8250931669687426,0.25614674648406316
C[C@@]12CCCC[C@@H]1CNc1sc(C(=O)c3ccc(C(N)=O)cc3)c(-c3ccc4c(c3)CNC4=O)c12,11.6,0.4594023841806241,0.6775956119554257,0.18054764299273793
Cc1ncc(CNC(=O)C(O)=N[C@@H](c2ccc(-c3ccc(F)cc3Cl)cc2)C(C)(C)C)s1,8.2,0.33839924432412805,0.7333973634000875,0.10175425656119798
CCC(=O)Nc1nc(N[C@@H](C(=O)N2CCCC2)c2c(C)cc(C)cc2C)cs1,9.6,0.762332035577819,0.7598977028051535,0.27806129405297336
CCNc1cc(N(S)C2=C[C@@H](CC(=O)O)CC(c3ccc4c(c3)NC(=O)CC4)=C2)nc(C)n1,10.8,0.45373605315648247,0.6710307474838864,0.16441425517139074
O=C(NCN1C=CN(C(=O)c2cccs2)C1)c1ccccc1O,8.8,0.9001004220846273,0.7897501262352306,0.31277594566491623
O=C1NCc2cc(C3CC=CC=C3NC(=O)N3CCOCC3)ccc21,10.3,0.8644776691486636,0.7227389020683638,0.3217676953535085
C=CC=CC=Cc1ccc(C(=O)N[C@@H](C)C2CCC2)cc1,7.6,0.7711689307851064,0.7908699243420799,0.23175983929909233
Cc1noc(C)c1CNC(=O)N1CCN(C(=O)c2cc(Cl)ccc2-c2csc(NC(=O)CC=O)n2)CC1,10.7,0.34370009774524685,0.7953762928068845,0.14625343662635834
CNC(=O)c1cc(C2=CN=C(NC(=O)c3ccc(C(=O)NCc4c(C)noc4C)cc3)C2=O)ccc1C,9.3,0.47588694956511185,0.7963662178370448,0.17622583491657712
CCc1cc(CNC(=O)c2ccc(C)c(C(=O)NC)c2)ccc1-c1c2c(nn1C)CCCC2,9.5,0.6003489555130754,0.8238347004975347,0.23492944343058306
C[C@H](NC(=O)N1CCOCC1)c1ccc(Nc2ccc(C(F)(F)F)cn2)cc1C(=O)NCCCC(F)(F)F,10.4,0.3188559985592741,0.7526827931131105,0.12479866027016147
CC(=O)c1c[nH]c(=S(C)c2ccc(Cc3c(O)c(=O)cc(C)n3C)cc2)nc1-c1ccc2c(c1)CNC2=O,9.7,0.26355802847713733,0.6663099988633349,0.0851715045826867
CC1=C([C@@H](NC=O)C(=O)N(C)C)S(=O)(=O)NC1=NCCC(=O)NC1CCCC1,9.0,0.4494992007366391,0.6630157345709584,0.13411126924445768
Cc1ccc(S(=O)(=O)N(C)CC[C@]2(c3cc([C@H](C)NC(=O)N4CCOCC4)c(C)[nH]c3=O)CNCC2=O)cc1,10.3,0.44164733064010375,0.6680652563559232,0.1519503571389399
CNC(=O)c1cc(NC(=O)c2nnc3cccc(C)n23)ccc1C,9.4,0.7709830890144841,0.8416965974900745,0.3049989060905629
Cc1cc(C(=O)[C@@H]2CC(=O)NCCN2C(=O)CNC=O)nc(=O)[nH]1,8.6,0.4089278243926554,0.6982823386852829,0.12278524335526687
CCN1C(=O)N[C@H](C2=Cc3ccccc3OC=C2)C(C[C@H]2CN(C(C)=O)CC(=O)O2)=C1C,11.2,0.7321771974291903,0.6423437159307599,0.263373276161204
CCOc1ccc(NC(=O)[C@H](C)S(=O)(=O)C2CN(C(=O)c3cccs3)C2)cc1O,8.6,0.6846747746544795,0.7698776232568991,0.22665978893242575
Cc1cc(C(=O)C(=O)NC(=O)Cc2c(C)noc2C)ccc1O,8.9,0.6510845844696542,0.836818823129734,0.24245372690154454
Cc1onc(N2CCOCC2)c1CC(=O)NC(=O)N1CCc2cc(C(=O)c3ccc(C(N)=O)cc3)ccc21,10.6,0.47187027848713353,0.7979019865852247,0.19954830328616577
CCC(=O)Nc1ccccc1C(=O)c1ccc(C2=C(CC3CCN(C(C)=O)CC3)NN=CC2)c(Cl)c1,9.9,0.5010987741179268,0.7770222618444497,0.19273562692193327
CNC(=O)N1CCC[C@H](c2cc(C)c(C(=O)NCc3cnc(C)s3)cc2C(=O)OC)C1,8.7,0.6907641419629109,0.7631111335802702,0.229301466223315
C[C@@H]1CC(CN2C=C(C(=O)N3c4ccc(F)cc4CC3Cl)CC2)=NO1,9.7,0.6122216791210879,0.6297099970479391,0.18697822419973192
CC(=O)N1CCC(C[C@H]2CCCN(c3ccc(C[C@H]4CCCN(C5=CC=C(C)C5C)C4)cc3C)C2)CC1,10.1,0.4378453261004497,0.6702015922319229,0.14818954052543257
CCc1cc(=O)[nH]c(NC2=C(c3ccc(C(=O)N4CCc5cc(F)ccc54)cc3)C=C3CNC(=O)C32)n1,10.8,0.5020695697854038,0.6916114319131739,0.18750800920282976
CC(=O)N(CC(=O)c1c(O)c(=O)cc(C)n1C)C1=Cc2ccccc2OC=C1,9.7,0.8229726044186828,0.737630397135384,0.2944190603790137
CC(=O)NC(=O)CN(C)Cc1ccc2c(c1)NC(=O)CC2,8.6,0.8535319806658531,0.849079120276178,0.31162795880667893
Cc1ccc(N2C(=O)Cc3ccccc32)c(CNN2C=CC(=O)CC2)c1,9.0,0.9237243692243648,0.7803736122818155,0.3243825552439616
O=C1NCc2cc(-c3nc(-c4cc(F)cc(F)c4F)cc(C(F)F)n3)ccc21,10.9,0.5316838535187097,0.7964271695936949,0.2307788692842332
COC[C@H](CC(=O)N[C@@H]1CC(=O)NCCN1Oc1cccc(F)c1C(N)=O)OC,8.4,0.49969264068775865,0.6700750293612834,0.14062925556979622
COc1cc(C(C)(C)C)ccc1-c1cc(C(=O)C2Cc3ccccc3C2)c(=O)[nH]c1C,10.4,0.5919050292213941,0.8213103815715085,0.25279162761003743
CCCS(=O)(=O)c1ccccc1C(=O)NC/N=C1\NS(=O)(=O)C(c2c(O)c(=O)cc(C)n2C)=C1C,8.6,0.48869788135126035,0.7099057297028043,0.1491796532078988
CCc1[nH]ncc1N[C@H](NC(=O)N1CCOCC1)C(=O)N1CCCC1,8.2,0.6662086330740361,0.7381249487842049,0.2016155373986209
COc1c(O[C@H](C)NC(=O)N2CCOCC2)cccc1C1=Cc2ccccc2OC=C1,10.8,0.7402744456833129,0.7339402729163861,0.293391303496832
CC(=O)c1ccc(N(C(=O)CN(C)C(=O)N[C@@H](C)C(=O)Nc2ccccn2)C(=O)Nc2ccccc2)cc1,10.7,0.3914298271606316,0.7741381556122465,0.1621161089806172
Cc1ccccc1C(=O)N[C@@H](C(=O)N1CCCC1)N1C(=O)CCCc2sccc21,10.4,0.8405193149797765,0.7668270349249933,0.3351571257336268
CCc1ccc(C2=C(N3CCc4cc(F)ccc43)C(=N)N=C2Cc2ccc3c(c2)NC(=O)CC3)cc1NC=O,12.2,0.3687144614211555,0.7312865462558142,0.16447791427882216
CC=CC=CC(C(=O)NCC(=O)NC(=O)N1CCc2cc(F)ccc21)=C(C)NCC(C)=O,9.5,0.4223391487324245,0.7482425375581826,0.1501057552699132
CN1C(=O)Cc2cc(C(=O)N3CC=C(c4ccc(Cl)cc4-c4c5c(nn4C)CCCC5)C3)ccc21,10.4,0.5398978402996961,0.7746453434507585,0.21747926092218606
C[C@H](NC(=O)N1CCOCC1)N1CCC(N(C)C(=O)CNS(=O)(=O)NC(=O)c2ccc(F)cc2Cl)CC1,9.7,0.41523162646884637,0.7309732008878175,0.1472087476882468
O[C@@H]1CCCN(c2cc(-c3ccccc3)nc(N3CCc4cc(F)ccc43)n2)CC1,9.4,0.7043095343405277,0.7959209395314455,0.2634701119578358
CCNc1cc(-c2cccc(CC3CCN(C)CC3)c2)nc(C)n1,8.4,0.908834530138317,0.8548579678955721,0.32630826462669493
Cc1ccc(C(=O)NC(=O)NCC(=O)C2(S(C)(=O)=O)CCC2)c(F)c1F,9.3,0.7890083090414162,0.7939202276664309,0.29128049020036306
Cc1cc(=O)c(O)c(Cc2nc(O)cc(CNCC(=O)O)n2)n1C,8.5,0.5628195394740544,0.7653534622785582,0.18307125034915872
O=C(c1ccc(C(=O)N2CCc3[nH]c(=O)ccc3C2)o1)C1Cc2ccccc2C1,12.4,0.6996121162933752,0.8026986473035025,0.34817817361921644
Cc1cc(=O)c(O)c(CNCC(=O)N2CCCCC2)n1C,8.1,0.8476406961754399,0.82996081788891,0.2849209690168457
C[NH2+]C(=O)CNC(=O)[C@H](C)S(=O)(=O)C(=O)Nc1nccn(C)c1=O,7.6,0.502426412240779,0.6508200676230119,0.1242558928042498
CC(=O)NC1(c2ccc(C)c(CC3C=CC=CC3)c2)CCN(C(=O)C(=O)c2cc(C)ccc2C)CC1,9.9,0.4569845096945925,0.7169900975846295,0.162188417259292
O=C1N=NC(=O)N1N1CC(N2CCc3ccccc3C2)C1,8.6,0.8282477681466698,0.7627554951656565,0.27165273070040213
CNC(=O)N1CCC=C(c2ccc(C3=NO[C@H](C)C3)cc2)C1,9.1,0.9124218330987193,0.7464380891847906,0.3098852163810548
CN(NC(=O)NS(=O)(=O)C1=Cc2ccccc2OC=C1)C(=O)OCC(N)=O,9.1,0.6059290188940054,0.7388410746952903,0.20369678761646293
CCc1nn(C(=O)CNC(=O)NCNC(=O)N2CCCC2)c(N)c1C#N,8.3,0.5217820366522944,0.779384543905747,0.168767574681601
O=C(CNc1cccc(F)c1)Nc1ccc(CNC(=O)N2CCCC2)cc1,8.9,0.7311923175420728,0.8976930390857161,0.2920918828922597
Cc1ccc2c(c1)CCN2c1ccc(-c2ccc(F)c(O)c2)cc1C,10.9,0.6682879018687984,0.8665596375356878,0.31561567049703665
NC(=O)c1c(F)cccc1Oc1ccc(C(=O)NCC2=C(C3Cc4ccc(=O)[nH]c4CS3)ON=CC2)cc1,10.1,0.4234292961564233,0.6737536174569622,0.144069945111436
CC(=O)N(CC(=O)c1c(O)c(=O)cc(C)n1C)c1cc1=O,7.4,0.7912081970057108,0.7642202245103857,0.22372320320155983
N=C1SCC(=O)N1c1ccc(CNC(=O)c2ccccc2O)cc1,8.8,0.7955470664759194,0.8556224737648093,0.29950269756636394
NC(=O)c1c(F)cccc1O[C@@H](N[C@H]1CCCN1)C(=O)N1CCCCC1,8.4,0.653066251542828,0.7112673735099756,0.19509198133440642
CC(=O)NC1(NC(=O)N2CCOCC2)CCN(CC(=O)N(C)c2ccccc2)CC1,8.5,0.6853142920328945,0.7947611054624735,0.23148098633825062
Cc1cc(C(=O)c2cccc(C3CN(C(=O)c4cccs4)C3)c2-c2ccc3c(c2)NC(=O)CC3)ccc1O,10.9,0.32525223682056725,0.7971310464142844,0.14130141745752417
CCC1=NC(=N)C(N2CCc3cc(F)ccc32)=C1c1ccc2cccnc2c1,10.8,0.7061010223264012,0.7774489242872444,0.2964370393327234
CN1CCCN(N2C(=O)Cc3cc(NCn4c(=O)[nH]c5ccccc54)ccc32)C1,9.7,0.7081406850979722,0.767795900050755,0.2636981446185176
O=C(Nc1cc(C2=Cc3ccccc3OC=C2)ccc1O)C(=O)N1CC[C@H](O)C1,11.0,0.5383563298714559,0.7431267568897755,0.22003684640765148
CCCCN(OCC(=O)NS(=O)(=O)C(=O)c1c(C)cccc1C)C(=O)[C@H](C#N)[C@H](C#N)OC,0.0,0.48471243148884663,0.6306111865373549,0.0
COC1(C2CCC3=CC=NCC3C2)C=CC2=CC(F)=CCC21,9.2,0.7497276526656718,0.5305935793036224,0.18298831221615958
Cn1ccc2c1CCN(CNC(=O)c1ccc(F)cc1NN1CCc3[nH]c(=O)ccc3C1)C2,10.8,0.5536945272880307,0.7428769868585986,0.22211653791878733
Cc1cc(C(=O)C2=CCc3nc(NC(=O)NNC(=O)N4CCOCC4)ccc3C2)ccc1O,9.9,0.4172217860753952,0.7670421569852244,0.158413215872587
Cc1cccc(NC(=O)c2ccc(Nn3cnc(C)cc3=O)cc2)c1,8.9,0.7689357489329456,0.8644712301684072,0.29580166059623536
CC1=C(CCNC(=O)[NH+](C)C)S(=O)(=O)NC1=NC(=O)CNc1cccc(F)c1,8.5,0.5073420856073505,0.6627264221629879,0.1428973272130888
O=C1Cc2cc(Cn3nc(C(=O)F)ccc3=O)ccc2N1,9.0,0.850249745842856,0.8184789719148957,0.31316019203176293
Cn1nc2c(c1-c1ccc(OCCNC(=O)C(=O)N3CCc4cc(F)ccc43)cc1)CCCC2,11.0,0.46682968147805287,0.8090723258549691,0.20773443689437046
C[C@H](NC(=O)N(C)CC=O)C(=O)NCC(=O)N1CCCCC1,7.3,0.6363381694297511,0.7915303114070128,0.18384354653424825
COc1cc(Cl)c(C(=O)CNc2cccc(F)c2)cc1Oc1cccc(Cl)c1C(=O)c1ccc(C(N)=O)cc1,10.4,0.21038665727939596,0.8277099583941347,0.09055234829857316
C#CCCc1cc(O)ccc1-c1ccc(-c2c(C)noc2C)nc1N(C)C,8.4,0.6843507266088311,0.7807140726162882,0.22439854200485257
C[C@H](CNC(=O)NC(=O)C#N)NC(=O)N(C)[C@H](C)N1CCc2[nH]c(=O)ccc2C1,8.5,0.4848865329340696,0.6565837391957525,0.13530666047379422
CC1(C)OC(=O)N(C(=O)O)C1Oc1cccc(F)c1C(N)=O,7.7,0.8733127861065636,0.7346998339534319,0.24702476219263197
Cc1ncc(-c2ccccc2C2=Cc3[nH]c(=O)ccc3C2)s1,9.5,0.7801193968432806,0.7790615607399329,0.28868649156240506
Cc1nc(C2=CCc3cc(F)ccc3C2C2=NO[C@H](C)C2)cs1,9.6,0.8144788973003668,0.665303732735236,0.2601004082918462
NC(=O)c1c(F)cccc1Oc1cc(N2C(=O)Cc3ccccc32)ccc1Cl,10.1,0.700516806985025,0.8509073733237528,0.3010178326813889
CCCN1CCN([C@H](C)NC(=O)N2C=C(C(=O)NCc3ccc4c(c3)CNC4=O)CC2)CC1=O,9.7,0.5464400870187525,0.6967607874064028,0.1846579422712805
CCc1cc(=O)[nH]c(Nc2ccccc2C2=CCN(c3[nH]c(=O)[nH]c3C)C(=O)C2)n1,11.5,0.5167414714975493,0.7345196574986725,0.2182451419793505
CCc1cc(=O)[nH]c(NNC(=O)[C@H]2CNCc3ccccc32)n1,9.5,0.621691397966088,0.7324573996295832,0.21629717074500254
C[C@H](NC(=O)N1CCOCC1)C1=CC=C(S(=O)(=O)NC(=O)C(=O)N2CC[C@H](O)C2)C=CN(S(=O)(=O)N(C)C)CC1,0.0,0.29702000017352875,0.5729813858010295,0.0
O=C1CC(N2CCN(C3=Cc4ccccc4OC=C3)CC2=O)CC(O)=N1,10.7,0.8754376151318978,0.6805538180771005,0.31874359013448345
CC1=C([C@@H](CC=O)c2ccccc2)S(=O)(=O)NC1=NC(=O)c1cc(C)[nH]c(=O)n1,9.8,0.7050351354280908,0.6614242615236958,0.2285003984614041
O=C1NCc2cc(-n3c(=O)[nH]c4ccccc34)ccc21,8.9,0.7008944392497448,0.8453002196102057,0.26364746942251466
CN(CCC(=O)NC1CCCC1)c1cnn(-c2ccc3c(c2)NC(=O)CC3)c1,9.1,0.8062474275539271,0.807920529225516,0.29637965100201624
CCN(OC)C(=O)C(C)CC[C@@H](NC(N)=O)C(=O)C(=O)c1ccc(O)c(C)c1,7.9,0.31113810270568504,0.6996722604236462,0.08598940635148443
Cc1cccc(NC(=O)OCc2ccc(F)c(O)c2)c1,8.5,0.8995653936832985,0.9017749543582164,0.3447623552781697
CCNc1cc(-c2ccc(N3CCc4[nH]c(=O)ccc4C3)c(OCC)c2)nc(C)n1,8.6,0.6527801768498028,0.8076473098189925,0.22670294610644104
CCNc1cc(C(=O)OC(=O)CCC[C@@H](C#N)C[C@@H](O)Nc2ccc(C)c(C(N)=O)c2)nc(C)n1,7.1,0.19919243016175492,0.6731029132374772,0.04759733678803913
CC(=O)N1CCC(Cc2ccc(C(=O)NCc3cnc(N4CCc5cc(F)ccc54)s3)cc2C)CC1,10.2,0.5101982173285907,0.8102739217018206,0.2108341583040586
O=C(NS(=O)(=O)c1ccc(S(=O)(=O)NC(=O)N2CCOCC2)cc1)N1CCOCC1,9.6,0.5869789526751512,0.8420671071750826,0.23725232095287566
CN1C(=O)Cc2cc(C(=O)N3CC=C(C(=O)c4ccc(F)cc4Cl)C3)ccc21,11.0,0.7455469603492435,0.808043145925056,0.3313387612015061
O=C(CNc1cccc(F)c1)c1ccc(S(=O)(=O)c2ccc(F)c(O)c2)cc1,9.8,0.4832458260248459,0.8645459072662788,0.20471621853571342
NC(=O)c1ccc(=O)n(CN2C(=O)c3ccccc3N[C@H]2CCNC(=O)Oc2ccccc2)n1,9.4,0.480106165692559,0.7466537377764796,0.16848233967762502
CC=CC=CCOC(=O)N=CC=COC(=O)NCc1ccc(C(=O)Nc2ccccc2)c(C)c1,8.1,0.2983544357975527,0.7640039512251806,0.09231730696503034
Cc1cc(CNC(=O)Oc2ccccc2Cl)ccc1C(=O)Nc1c(C)c1=O,9.4,0.7014903621592586,0.8679978314520471,0.28617929317521146
CNC(=O)N1CCC[C@H](Oc2cc(-c3cc(N4C(=O)CCCc5sccc54)c(=O)n(C)c3)ccc2C(N)=O)C1,10.4,0.5044689326133599,0.7136260224473695,0.1872011220711539
Cn1c(-c2ccc3c(c2)NC(=O)CC3)cc2c1CCNC2,9.5,0.8417085540439325,0.7975909218155093,0.3188860732219523
Cc1cc(=O)c(O)c(Cc2ccc(CNC(=O)N3CCCC3)cc2)n1C,10.3,0.8836533611557964,0.8440299747686437,0.38410241092208536
Cc1cc([C@@H]2CC(c3ccc(-c4ccnc5c4OCO5)cc3)=NO2)ccc1O,11.7,0.7374879963920971,0.7505194375432108,0.3237969596045337
Cc1cccc(Nn2c(C)cc(=O)c(O)c2CC(=O)NC2=Cc3ccccc3OC=C2)c1,10.8,0.5758128403148153,0.7598874292049973,0.23627858702222843
CC[C@H]1CCCN(c2ccc([C@H](C)NC(=O)N3CCOCC3)cc2C)C1,9.2,0.8909495362436815,0.7807883714309735,0.31999579721820715
COC[C@@H](C)CCN[C@H]1N=C2NC(=O)CC2C(C)=C1c1ccnc2c1OCO2,8.3,0.7411173163375249,0.6028559579101029,0.1854166007107357
c1cc(-c2ccc(NNC3CCCC3)c3c2CCCN3)c2c(n1)OCO2,9.9,0.7293702923053494,0.753874566916924,0.27217758805071396
Cc1cc(-c2ccccc2)nc(N2CCc3cc(F)ccc32)n1,9.8,0.7071711575792566,0.8753236710983278,0.3033117903360932
O=C([O-])NC(=O)NS(=O)(=O)N1CC[C@@H]1c1ccccc1,8.1,0.7661071009708398,0.7379938011791424,0.22897982808010023
O=C(c1ccc(N2C(=O)Cc3ccccc32)cc1)C1Cc2ccccc2C1,11.3,0.650051140431945,0.8649262400943799,0.3176691531510193
CCC(=O)Nc1nc(C2=CCc3cc(F)ccc3C2C2=NO[C@H](CN3C(=O)Cc4ccccc43)C2)cs1,12.7,0.4948769875650194,0.6689868770224404,0.2102270436175861
CCC(=O)N(CC(=O)NCc1cnc(C)s1)C1=CC=C(Oc2cccc(F)c2C(N)=O)C1,9.6,0.5997279838566347,0.7534749509313262,0.21690240634009011
CNC(=O)N1CCC[C@H](N2CCCC(C3CN(C(=O)c4cccs4)C3)C2)C1,9.7,0.8618936291224907,0.7485989624995769,0.3129281481248545
Cc1cc(=O)c(O)c(CC(=O)NN=C2CCC(C(=O)[C@@H]3CCOC3)CC2)n1C,9.5,0.7357820390123941,0.7045870519175794,0.2462506864177829
C[C@H](NC(=O)N1CCOCC1)S(=O)(=O)NC(=O)Cc1ccc(C(=O)Nc2nccn(C)c2=O)cc1,10.0,0.44753496942628784,0.7512757771075288,0.16811109096926427
Cc1ccc(C(=O)c2ccc(NC(=O)c3ccc(F)cc3Cl)cc2)c(F)c1F,10.2,0.5804684179761898,0.8832313961363829,0.2614708449233156
C/C(=C\C(=O)NC(=O)Nc1ccccn1)C(=NCCNC(=O)CCCC#N)[SH](=O)=O,8.2,0.14400855468784296,0.7252180536170829,0.04281941753131995
Cc1cc(C(=O)c2cccc(OC(=O)[O-])c2N2C(=O)Cc3ccccc32)ccc1O,10.1,0.4085357718433683,0.7966050830535099,0.16434804459210617
Cc1ccc(Nc2c(C)cc(C)c(C3=NO[C@H](C)C3)c2C)cc1C(N)=O,10.6,0.8631435915323408,0.75435077004532,0.34508990745401535
CCNc1cc(N2CCc3ccccc3C2)nc(C)n1,8.1,0.9290585028810717,0.8617004848621951,0.32423091577117563
Cc1cc(C(=O)n2c(O)nc3ccc(C4=Cc5ccccc5OC=C4)cc3c2=O)nc(=O)[nH]1,12.6,0.49047405873609917,0.7404789818624748,0.2288070109350033
O=C(CC1=CC=CC(F)C1)NC(=O)N1CCc2cc(F)ccc21,9.9,0.9109990053281642,0.7316293487061477,0.32992423642539564
CC(=O)N[C@@H](C)c1ccccc1Oc1cccc(F)c1C(N)=O,9.3,0.8895995150731669,0.8301185606907442,0.3433899771053304
CN1C(=O)Cc2cc(C(=O)N3CC=C(C(=O)c4c5c(nn4C)CCCC5)C3)ccc21,11.7,0.7343942235574131,0.7649433679059123,0.3286354445821132
CNC(=O)N1CCC[C@H](C(=O)CCc2ccccc2)C1,7.8,0.915093576088884,0.8357331264153096,0.2982618659698583
O=C(CNc1cccc(F)c1)c1ccc(C2=Cc3ccccc3OC=C2)cc1,10.5,0.5962496287649335,0.8309673918479885,0.2601185994251923
CCNC1=CC(=NNC(=O)c2nnc3cccc(C)n23)CC1,8.1,0.8359903587532708,0.7364007014603238,0.2493276740729904
CC1=CS(=O)(=O)NC1=NCNC(=O)C1=C(C(=O)N[C@@H](C)C2CCC2)CC=C1O,9.2,0.513772637513346,0.6151539936802702,0.14538267331259108
CC1=CCc2[nH]c(=O)ccc2C1CNC(=O)c1ccc(C(=O)c2ccc(O)c(C)c2)cc1,10.9,0.42678601191166105,0.7497447643324886,0.1743894149670055
CC1CCN([C@@H](C)N(C)C(=O)N[C@H](C)N/C(Cl)=C\Cc2ccccc2)CC1,9.1,0.5449511945034905,0.688797161633776,0.17078918038133772
CNC(=O)N1CCC[C@H](C(=O)CCc2ccccc2)C1,7.5,0.915093576088884,0.8357331264153096,0.2867902557402484
Cc1cc(C(=O)c2cc[nH]c(=O)c2OC(=O)CC2CCN(NC(=O)c3ccccc3O)CC2)ccc1O,10.9,0.2828798221621838,0.7851530679548134,0.12104665832706711
Cc1cc(=O)c(O)c(Cc2c(F)cccc2C2=C(c3ccc(F)c(O)c3)C(F)C(O)=C2)n1C,10.6,0.5337313082151117,0.6789056964775452,0.19204720953389545
Cc1c(-c2ccnc3c2OCO3)nc(ONC(=O)F)n1C,7.8,0.5240501120968772,0.6990920097245438,0.14288010596424958
CN(CC(=O)N[C@@H]1c2c(N)cc(Cl)cc2NS(=O)(=O)C1(C)C)C(=O)NCc1ccc2c(c1)NC(=O)CC2,11.5,0.36000149860771125,0.6817586764489482,0.14112463349599785
CNC(=O)c1cc(-c2cc(Cc3c(O)c(=O)cc(C)n3C)ccc2C)ccc1C,10.3,0.7145541300532645,0.8263873986365575,0.3041067422906587
CNC(=O)c1cc(N/N=C2\C(=O)N(C(=O)N3C[C@@H](C)O[C@H](C)C3)N=C2C)ccc1C,10.5,0.7286632873169485,0.7103415790217704,0.27173991079615545
CCNc1cc([C@@H](C)N(C)C(=O)N[C@H](C)NC(N)=O)nc(C)n1,8.1,0.5795942163209071,0.7005665436947681,0.16444794833373333
COc1ccc(N(CC(C)(C)CC(C)(C)C)C(=O)C[S@@+]([O-])CNc2ccc(C)c(C(N)=O)c2)c(C)c1,9.7,0.4084557151483172,0.6837254714104737,0.13544671454919138
Cc1noc(C)c1CNC(=O)c1ccc(Br)c([C@H](C)NC(=O)N2CCOCC2)c1,9.2,0.7077965083654956,0.7873627206879884,0.25635458887925294
CC(=O)N1CCC(Cc2cc(NC(=O)[C@@H](O)C(C)(C)C)c(C)[nH]c2=O)CC1,8.5,0.7447456575383928,0.7519704920867868,0.23801137239592324
C/C(=C\C(=O)NCC[C@@H]1CN[N-]C1=O)C(=O)c1ccc(C(N)=O)cc1,9.4,0.48841281243091916,0.6803390792189875,0.15617457185136358
NC(=O)c1ccc(C(=O)c2ccc(C(=O)C3Cc4ccccc4C3)cc2)cc1,11.1,0.6980252824386565,0.885464418114405,0.34303248555174687
O=C(c1ccc(CNC(=O)N2C=CC=CC2)cc1)C1Cc2ccccc2C1,10.7,0.8434662572351534,0.8174728807954507,0.3688882732683409
CC1CCN(C(=O)NCn2c(=O)[nH]c3c(NC(=O)c4ccc(F)cc4Cl)cc4c(c32)N(C)C(=O)C4)CC1,10.9,0.4810841618210917,0.7650193918475003,0.20058109853259062
CN1CCCN(N2C(=O)Cc3cc(NC(=O)c4ccc(N5CCc6cc(F)ccc65)cc4Cl)ccc32)C1,9.5,0.5351320027789646,0.7810518956873133,0.19853378597639296
O=C(N[C@H](NN1CCc2[nH]c(=O)ccc2C1)c1cccc(-c2ccc(F)cc2)c1)Oc1ccccc1,11.2,0.3502637026946715,0.7427034476009499,0.1456795533540517
CC1(C(=O)N2CCc3ccccc3C2)C=Cc2cc(F)ccc21,9.9,0.7865486211638967,0.7676187049908884,0.2988658698251486
CCC(=O)NC=C[C@@H](NN1CCC2=C(CCC=N2)C1)C(=O)N1CCCC1,8.8,0.7504321304156859,0.6320444847437671,0.20869485524964984
CCc1cc(=O)[nH]c(Nc2nc(O)cc(-c3ccc(-c4ccc(OC)cc4)cc3)n2)n1,9.5,0.4374316092734356,0.822052627958516,0.17080610687879147
Cc1ccc(NN2CCCC(CNC(=O)c3ccccc3Cl)C2)cc1C(N)=O,10.2,0.6943213376035665,0.7989119114786613,0.28289780937269593
O=C(NCc1cc(N2C(=O)Cc3ccccc32)ccc1N1C(=O)Cc2ccccc21)Oc1ccccc1,11.9,0.40625879579657637,0.8216222768086376,0.1986058096816715
O=C1Cc2ccccc2N1c1ccc(N2C(=O)Cc3ccccc32)cc1,10.6,0.70372543668427,0.872116022993545,0.32527702143385506
Cc1noc(C)c1CNC(=O)c1ccc(OC2=CCc3cc(F)ccc32)cc1,10.6,0.7174648557141176,0.8298823027297895,0.3155680348914959
CNC(=O)c1cc(-n2cc(CNC(=O)N3CCCC3)cn2)ccc1C,9.1,0.8905732250330204,0.859849995065482,0.34842051933329227
C[C@H](CO)Nc1ccc(-c2cc(C(F)F)nc(CNC(=O)c3ccccc3O)n2)cc1Cl,9.4,0.4001452441908998,0.7680717191005669,0.14444991542994165
O=C(N[C@@H]1[NH+]=NC2=C1CNCC2)C(=O)N1CC[C@H](O)C1,7.7,0.3796887156592085,0.5900140933082277,0.08624835192397785
CCNC(=O)N(C)[C@H](C)c1ccc2c(c1)NC(=O)CC2,8.8,0.8887893672712398,0.7929400948854359,0.3100929590955783
Cc1cc(-c2cc(C(=O)Nc3nccn(C)c3=O)c(=O)n(C)c2)cc(C)c1F,10.8,0.7521513059453004,0.8157721711508421,0.3313354160978671
CCC(=O)NNC(=O)NC(=O)/C=C(\C)C(=O)NCc1c(C)noc1C,8.1,0.43829584225633766,0.7887738708113464,0.14001510476310555
CC1=C(C(=O)c2cc(C)[nH]c(=O)n2)C(=O)N[C@@H]1NC(=O)N1CCOCC1,8.8,0.47070138903323755,0.6965842026924851,0.14426858678582374
Cc1noc(C)c1CNC(=O)c1ccc(-c2ccc(N3CCc4cc(F)ccc43)cc2)cc1,9.9,0.4302482727360251,0.85670548888289,0.182455048133491
NC(=O)c1c(F)cccc1O[C@@H](N)C(=O)N1CCCCC1,7.5,0.7945821210053481,0.790204744285433,0.235455960653553
Cc1cccc(C)c1C(=O)Oc1ccc(N2C(=O)CCCc3sccc32)cc1,10.0,0.4321264801886805,0.8448794181144049,0.18254738456681915
COC(=O)C(=O)N1CC(=O)N([C@@H](C)NC(=O)N(C)[C@H](C)C(=O)CNc2cccc(F)c2)CCC[C@H]1CO,8.9,0.32258112372337516,0.6518478621883812,0.09357184806722647
CC(O)=NNS(=O)(=O)c1cccc(C[C@H](NC(=O)NC(=O)c2ccc(F)cc2Cl)C2CCC2)c1,10.4,0.2445664361219091,0.7539141114345251,0.09587868543528999
CC(C)CC(C)Oc1cc(NC(=O)c2ccc(F)cc2Cl)c(CCC(F)(F)F)cc1-c1ccc2c(c1)CNC2=O,9.2,0.2540273106223622,0.7330069294475138,0.08565373831934947
Cc1ccc(C(=O)N2C(=O)C=C(OC(C)(C)C)[C@@H]2C)c(F)c1F,8.1,0.7843023217829608,0.7273527609349445,0.2310381059583921
CCc1nc(N)sc1C(=O)C1CCC(=NNC(=O)C(=O)NNS(=O)(=O)C=CC(=O)NC)CC1,9.3,0.13415189302192762,0.7156393710241404,0.04464203499991818
CN[C@@H](C)c1ccc(C(=O)c2ccc(C)c(F)c2F)cc1C(=O)NCC#N,8.6,0.604047717430225,0.7683313251274143,0.19956677676454251
O=C(Nc1ccc(N2CCc3ccccc3C2)cc1F)N1CCOCC1,10.0,0.8994108468880534,0.872208081917443,0.39223670480998607
CC1CCN(Nc2ccc(CCC(=O)NC3CCCC3)cc2)CC1,8.1,0.8355273981395968,0.8626106896665546,0.2918976203835223
CCc1cc2c(n1Cc1ccc(NC(=O)N3CCOCC3)c(F)c1)CCNC2,9.1,0.8495976820394348,0.8076067590450793,0.3121940778702562
Cn1cc(-c2ccc([NH+](C)C(C)(C)C)cc2)cc(N2C(=O)CCCc3sccc32)c1=O,8.5,0.6731070430791022,0.6641311693584453,0.18998833124000006
Cc1cccc(NC(=O)c2c(N3C(=O)Cc4ccccc43)ccc(Br)c2C)c1,10.5,0.5875661791897958,0.8477934492731198,0.2615207478090611
CNC(=O)c1cc(-c2c(C(=O)OC)c(CNC(=O)N3CCC(C)CC3)n(C)c2N)ccc1C,9.5,0.5991820738027113,0.8033786872634567,0.22865080124462347
Cn1ccc2c1CCN(c1ccc3c(c1)CNC3=O)C2,9.1,0.8556507389301404,0.7934575140399139,0.3089097412300557
Cc1cc(=O)n(Nc2ccc(C(=O)Nc3cc(F)ccc3NC(=O)N3CCOCC3)cc2)cn1,11.0,0.5323172836755763,0.822454387386957,0.2407936769924868
Cc1ncc(CNC(=O)c2ccc(CC3=Cc4ccccc4OC3)cc2)s1,8.7,0.7180021123809391,0.8351924523631236,0.26085642609298265
C[C@H](NC(=O)N1CC=CCC1)c1cccc(N2CC(N3C(=O)Cc4ccccc43)=CC2=O)c1,10.6,0.7365049835853077,0.719028161614747,0.2806709469147449
CCC(=O)Nc1nc(-c2nc3c(C)cc2NC(=O)N[C@@H]3c2ccc(-c3ccc4c(c3)NC(=O)CC4)cc2)cs1,10.8,0.2617857371637481,0.6445489912517374,0.09111621571901261
Cc1[nH]c(C(=O)NC(=O)c2ccnc3c2OCO3)cccccc1C(=O)Nc1ccccn1,11.1,0.5255924883792853,0.7513787689021965,0.21918006545878146
Cc1onc(C(N)=O)c1CC(=O)NC(=O)N1CCc2cc(F)ccc21,9.8,0.861343516832589,0.8164607507927104,0.34459405547734895
Cc1cc(=O)n(-c2ccc(S(=O)(=O)NC(=O)C(=O)NCn3c(=O)[nH]c4ccccc43)cc2)cn1,9.3,0.3303701802699173,0.7959757580618602,0.1222794944268421
CC[C@@H](C)ONC(=O)[C@H](C=O)N[C@@H](C)NC(=O)N(C)[C@H](C)Oc1cccc(F)c1C(N)=O,7.1,0.1561705422788108,0.6002593632999882,0.033278704747444966
Cc1ccc(C(=O)c2ccc(C(N)=O)cc2)cc1NC(=O)N1CCOCC1,10.4,0.8088328909736043,0.8887640969077862,0.37380804962564407
COc1c(N2CC[C@@H]2c2ccccc2)cc(C)c(C(=O)c2c(C)cccc2C)c1CN(C)C,9.9,0.4288934429238336,0.76319086184358,0.16202714039032992
O=C(O)C=NN1CCNC(=O)C[C@H]1N1CCc2cc(F)ccc21,8.6,0.7879509791316811,0.7038979877594022,0.23849395672545162
C[C@@]1(N(CNC(=O)N2CCCC2)C(=O)c2ccccc2N2C(=N)SCC2=O)NCC(F)(F)[C@@]1(C)O,9.6,0.445783489548533,0.6232673363144001,0.13336429828984914
Cc1ncc(CNC(=O)c2ccc(N3C(=O)Cc4ccccc43)cc2)s1,9.6,0.770286482902922,0.8617178174100206,0.31860940167722257
CC(=O)N1CCCC[C@@H](C(=O)N[C@@H](C(=O)Nc2nccn(C)c2=O)C2CCC2)C1(C)C,9.9,0.732225537698944,0.6955715932570262,0.2521110655209649
O=C(Nc1ccc(C2CCCCC2)cc1)NS(=O)(=O)c1ccnc2c1OCO2,10.8,0.8106134434842912,0.8189729508779376,0.3584900612690944
CC(=O)N1CCC(CN2CCN(CNC(=O)c3ccccc3O)CC2)CC1,9.3,0.8028031782831104,0.8560777569319724,0.31957680401694555
Cc1cccc2nnc(C(=O)NC(=O)c3nnc4cccc(C)n34)n12,10.7,0.546870369267982,0.7648593125086023,0.22377920864825426
CC(C)N(C(=O)C(=O)N[C@@H](C)C1CCC1)C1=Cc2ccccc2OC=C1,8.8,0.842423110363474,0.710450655683938,0.26334002249325433
CNC(=O)c1cc(-c2ccc3c(c2)N(C2CN(C(=O)c4cccs4)C2)C(=O)C3)ccc1C,9.7,0.6683812953477434,0.8188837380243831,0.26545338817657055
CC(N[C@@H](C)NCC(=O)c1ccc2c(c1)CNC2=O)c1c(C2CCCCC2)[nH]c2ccc(F)cc12,10.5,0.2702075645717998,0.6871011504169642,0.09747146244604114
C=C1CCCN(C(=O)[C@H]2CC[C@H](NC(=O)C(=O)N3CC[C@H](O)C3)O2)C[C@@H]1Nc1ccc(C(F)(F)F)cn1,9.4,0.3996796193686176,0.6152485024574931,0.11557407502128174
CC(=O)c1cccc(CC2CCN(C(C)=O)CC2)c1C(F)(F)F,8.4,0.7938132111305369,0.8378123715168306,0.2793279421626396
NC(=O)c1ccc(C(=O)c2ccc(C(=O)c3cc(O)nc(N4CCc5cc(F)ccc54)n3)cc2)cc1,11.7,0.40236963835224365,0.8185792754191102,0.19268229650262197
CCNc1cc(-c2ccc(-c3csc(O)n3)c(N)c2)nc(C)n1,8.4,0.6362204710188214,0.7962261527727955,0.21276165874093708
CN[C@@H](C(=N)O)C(=O)NCC(=O)NC(=O)C[S@@+]([O-])CC(=O)c1ccc(C)c(F)c1F,8.5,0.13389961681120136,0.6261314880630225,0.03563147568815306
Cc1cccc(NC(=O)C(=O)C(C)(C)C(=O)N(C(C)(C)C)S(C)(=O)=O)c1,8.8,0.6208611548095407,0.794582115778319,0.21706307479697956
O=C(NCNC(=O)N1CCc2[nH]c(=O)ccc2C1)NC(=O)N1CCc2[nH]c(=O)ccc2C1,9.7,0.39924941978434636,0.7537112669057581,0.14594561120856855
CCC(=O)Nc1nc(-c2ccccc2-c2ccc(C(F)(F)F)cn2)cs1,8.7,0.6764973964757639,0.8604251275610567,0.25320278101596105
Cc1ccc2c(c1)CCN2c1ccc(F)cc1CCN1C(=O)Cc2ccccc21,10.3,0.6327141285035532,0.8445812480361032,0.27520492147532727
Cn1nc2c(c1NC(=O)Oc1cccc(N3C(=O)Cc4ccccc43)c1)CCCC2,10.0,0.714667606386219,0.8183817535094909,0.29243546444539226
Cc1cccc(-c2cccc(C)c2C(=O)NC(=O)c2ccnc3c2OCO3)c1,10.4,0.7080901844390624,0.8255746104220972,0.3039822646442348
C[C@H](NC(=O)N1CCOCC1)c1ccccc1Oc1cccc(Cl)c1C(N)=O,9.3,0.8001117382085958,0.8091000322186805,0.3010272514208505
Cc1cc(C(=O)N2C(=O)Cc3cc(-c4ccc(-c5ccccc5)cc4)ccc32)ccc1O,8.7,0.42938605281307274,0.862416792650916,0.16108473797709782
CCC(=O)Nc1nc(-c2ccc(NC(=O)C(=O)N3CC[C@H](O)C3)cc2)cs1,8.6,0.6903548140246262,0.8082090773319511,0.23991894172804093
CCc1nc(N)sc1C(=O)c1ccc(C(F)(F)F)cn1,8.0,0.8849913733210363,0.8163367064949684,0.2889803771893415
CCC(=O)Nc1nc(-c2ccc3c(c2)CC(=O)N3c2ccc(C(C)(C)C)cc2)cs1,8.8,0.5919538379129563,0.8444750464234733,0.2199517076909227
Cc1ccc(Nc2cccc(CC=Cc3c4c(nn3C)CCCC4)c2)cc1C(N)=O,9.3,0.6295271539601295,0.8020424797653253,0.23478199663343235
CC(=O)N1CCC(CC2=CCCC(=O)N2c2cc(F)cc(Nc3ccccn3)c2)CC1,11.0,0.7634276667957542,0.7934038811996567,0.33313856061802233
C=C(Cl)C(=CC=CF)C(=O)Nc1ccc(Nc2ccc(C)c(C(C)=O)c2)cc1,9.0,0.3392297689261268,0.7958513761563631,0.12148941529487839
CCC(=O)Nc1nc(N2CCN(C(=S)NN3CCc4[nH]c(=O)ccc4C3)CC[C@H]2C(=O)NN)cs1,9.7,0.1566968363349721,0.6776642967207908,0.051501107925756184
CCNc1cc(-c2cc(Cl)cc(N3CC[NH+](N4C(=O)CCCc5sccc54)CC3)c2OC)nc(C)n1,8.9,0.5100650458792638,0.6919040934717979,0.15704766146543064
N=C1SCC(=O)N1c1ccc(C(F)(F)c2ccc(C(=O)c3ccc(C(N)=O)cc3)cc2)cc1,9.5,0.5333045415049936,0.8151606939524199,0.20649622756706418
Cc1ncc(CNC(=O)c2ccc3c(c2)CC(=O)N3)s1,8.2,0.9050924589391394,0.8520583889061244,0.3161885651736539
Cc1ccc(C(=O)C(CC=O)c2ccccc2)c(F)c1F,7.7,0.6187214919523647,0.7917195983968388,0.18859376348428736
Cc1ccccc1C(=O)NCN1CCN(Cn2nc(C(N)=O)ccc2=O)CC1,9.9,0.7014831750809866,0.840690430772633,0.2919164453561015
Cc1cc(=O)c(O)c(CC2=CCc3cc(F)ccc3C2C2=C(c3ccc(F)c(O)c3)C(F)C(O)=C2)n1C,11.3,0.41103011587255117,0.6197546361462194,0.14392686824786824
NC(=O)NCC(=O)Oc1ccc(-c2ccc(F)c(O)c2)cc1,9.1,0.5915236581631781,0.8742434885457337,0.23529674644380946
Cc1noc(C)c1CNC(=O)c1ccc(Oc2nc2=O)cc1,8.2,0.7693889467388976,0.8634629084700717,0.2723789152553164
CCC(=O)Nc1nc(-c2ccccc2-c2sc(N)nc2CC)cs1,8.5,0.7069462849261207,0.8272098040815514,0.24853698158621468
Cc1noc(C)c1CNC(=O)C1=c2[nH]c(=O)n(CCC(=O)NC(=O)N3C=CC(=O)CC3)c2=CC1,9.6,0.4824682989764759,0.703220778304775,0.16285523170253677
CC(C)CNC(=O)CNC(=O)CNS(=O)(=O)CS(=O)(=O)[C@@H](C)C(=O)NCCC(=O)NC1CCCC1,7.4,0.15927515640520581,0.7487916223502441,0.04412764402295488
COc1cccc(-c2ccc(N3C(=O)Cc4ccccc43)nc2N(C)C)c1OC,9.3,0.6588822388105227,0.8264945375920756,0.2532215956514005
O=C(N1CCC(Cc2ccc(-c3ccccc3)cc2F)CC1)N1CCc2[nH]c(=O)ccc2C1,10.4,0.6399750980353023,0.823171347519867,0.27394076519101695
CN(C)c1ncccc1NC(=O)c1ccc(N2CCc3c(ccn3C)C2)cc1Cl,9.5,0.7083526868025927,0.8119352505376666,0.27318984520834383
O=C([C@H](NN1C=CC=CC1)c1cccc(-c2ccc(F)cc2)c1)N1CCCC1,10.5,0.8540271482431666,0.7572198127777325,0.33951029558239054
O=C1CCCc2sccc2N1C(=O)N1CCc2ccccc2C1,9.4,0.7420690776098817,0.8240017422808764,0.2873891200363536
CCN(CC)C(=O)C1=C(C)C(F)=C(F)C1C(=O)c1ccc(Cn2nc(C(N)=O)ccc2=O)c([N+](=O)[O-])c1,9.5,0.30503882536049665,0.7069191124925526,0.10242794345731618
CC1CCN([C@@H](c2cccc(F)c2C(N)=O)N(C=N)C(=O)N[C@H](C)N/C(Cl)=C\Cc2ccccc2)CC1,9.4,0.15684352679728214,0.6395412899264767,0.04714471837893932
Cc1cc(N2CCOCC2)ccc1N1CCc2[nH]c(=O)ccc2C1,9.0,0.9183754255393888,0.8354460742819393,0.34526391479274954
C[C@H](NC(=O)N1CCOCC1)c1ccccc1OC1=NC(=O)CC(F)=C1C(N)=O,8.8,0.7806956755852846,0.7328968137554147,0.2517545241855979
Cc1onc(NC(=O)N2CCC(C)CC2)c1CNC(=O)NC(=O)N1CCc2cc(F)ccc21,11.7,0.6515048700006458,0.7928419792402972,0.30217614021036265
Cc1ccc(Nc2ccc(NC(=O)C(=O)N3CC[C@H](O)C3)cc2)cc1C(N)=O,10.3,0.5945812792576894,0.8147852767696507,0.2494948771737452
CNC(=O)N1CCC[C@H](C(C)(CNC(=O)NC(=O)OC)CC(=O)c2ccc(C(N)=O)cc2)C1,10.3,0.4500096479538492,0.7113025967937651,0.16484791105348778
CC(C)(C)C(=O)NON[C@H](C(=O)N1CCCCC1)C1CN(C(=O)c2cccs2)C1,8.6,0.6824729594129738,0.7245675307544651,0.21263403121367683
C[C@H](NC(=O)N1CCOCC1)C(=O)C(C)(C)[C@@H]1CCCCCC(=O)NC1=O,8.9,0.7129810854192647,0.6696943126820063,0.21247832319003077
CNC(=O)c1cc(-c2nc(C)oc2CNC(=O)N2CCC(C)CC2)ccc1C,8.9,0.8469494352586204,0.8196650394161801,0.30892560479447206
CCc1cccc([C@H]2CN(Nc3nc(CC)cc(=O)[nH]3)Cc3ccccc32)c1,10.7,0.7116982893487779,0.737924841383574,0.2809712182951519
COc1c(OC(=O)c2cc(C)[nH]c(=O)n2)cc(Br)cc1S(=O)(=O)C(=O)Nc1cccc(C)c1,10.1,0.3731464318372445,0.7821797129044826,0.14739312230752294
CCC(=O)Nc1nc(N2CCc3ccc(-c4ccc5c(c4)NC(=O)CC5)cc3[C@H]2c2ccccc2)cs1,10.2,0.3368517844118965,0.7497150979885379,0.1287968629645692
C[C@@H](C(=O)NN1C(=N)SCC1=O)S(=O)(=O)CN(C)C(=O)C[C@@H]1CON(CS(=O)(=O)C(F)(F)F)C1,7.8,0.35636188278366926,0.5728018271396976,0.07960864765675713
Cc1cc(C(=O)c2ccc(N3C(=O)Cc4ccccc43)cc2)nc(=O)[nH]1,9.8,0.739569383855063,0.8363797910759944,0.30309483450990077
Cc1cc(C(=O)[C@@H](NC(=O)CC(=O)C(C)C)C(=O)N2CCCC2)nc(=O)[nH]1,8.6,0.5082821489300786,0.7270050869819982,0.15889519439455277
C/C(=C/[C@@H](C)N(C)C(=O)N[C@H](C)C(=O)Nc1cccc(C)c1)C[SH](=O)=O,8.5,0.496564353244783,0.6805186856917226,0.14361656143838747
Cn1nc(N2C(=N)SCC2=O)c(C#N)c1Sc1ccc(N2C(=O)CCCc3sccc32)cc1,9.4,0.5715972783869283,0.7362856921734404,0.1978036819479399
CCOc1ccc(NC(=O)[C@H](C)S(=O)(=O)C2C=CCC2)cc1O,7.8,0.7755695487757953,0.7228632509947541,0.21864598290623632
Cc1cc(=O)n(CCCCN2CCc3c(CNC(=O)N4CCCC4)cccc3C2)cn1,7.9,0.6954374804211696,0.8232365115655456,0.22614126253057315
CCC1=CC(=O)NC1Nc1ccc([C@H](C)NC(=O)N2CCOCC2)cc1,8.5,0.7517640523775999,0.7208141510567532,0.23029992106405628
CCC(=O)Nc1cccc(C)c1C(=O)n1c(=O)[nH]c2ncccc21,8.7,0.7704922819433057,0.8343682392811194,0.2796503155691565
C[C@@H]1CC(C(=O)c2ccc(-c3c4c(nn3C)CCCC4)cc2)=NO1,9.7,0.8143209205987187,0.7432306107031202,0.2935356940355827
C[C@H](NC(=O)N1CCOCC1)C1=CCc2cc(F)ccc21,9.1,0.9069538791278698,0.7721306240378644,0.3186305234223766
O=C(c1ccc(-c2nc(-c3ccc(F)c(O)c3)cccccs2)cc1)C1Cc2ccccc2C1,10.8,0.3274495892630111,0.7916483019751672,0.1399814521141655
CC1=NN(N2CCOCC[C@H](C#N)C(=O)NCC(=O)N(C)CC2=O)C(=O)/C1=N\NC(=O)CNc1cccc(F)c1,8.8,0.37660844405021476,0.6157662522339158,0.10203721886707674
O=C1CCCCC[C@@H](NC(=O)NS(=O)(=O)CNC(=O)N2CCCC2)N1,8.9,0.5385837033810346,0.7334154066596628,0.17577748569678356
CCC(=O)Nc1nc(-c2ccccc2-c2c(O)c(=O)cc(C)n2C)cs1,8.8,0.736668405474432,0.8258170225382258,0.2676754560510263
Cc1ccc2c(c1)CCN2c1ccc(N2C=CC(=O)CC2)cc1C,9.8,0.8250344651836763,0.816492304573387,0.33008080299684295
O=C(CCn1c(=O)[nH]c2ccccc21)Nn1c(=O)[nH]c2ccccc21,9.7,0.5197800497643755,0.8373637515359287,0.21109381163545113
Cc1cccc(NC(=O)C(=O)CN(C)C(=O)N[C@@H](C)NC(=O)C(=O)NN[S@+](C)[O-])c1,8.6,0.1418950538780117,0.6562144870893127,0.040038843700460035
NC(=O)c1ccc(C(=O)[C@@H](N)c2cc(Cl)ccc2N2CC[C@@H]2c2ccccc2)cc1,8.3,0.5835448115568663,0.76867385360515,0.18615059020604363
CCc1cc(=O)[nH]c(NC2=C(C)N(CC)C(=O)N[C@@H]2[C@H](C)NC(=O)C2CCN(C(=O)NC)CC2)n1,0.0,0.38534896395077256,0.6603235863144001,0.0
Cc1ccc(C(=O)C2=CC=C(SC(=O)c3ccc(C)c(F)c3F)C2)cc1NC(=O)N1CCOCC1,10.5,0.5577510496116609,0.7606819713942435,0.22274236318204854
Cn1cc(-c2ccc(N3C(=O)CCCc4sccc43)cc2)cc(N2C(=O)CCCc3sccc32)c1=O,9.7,0.32745988262349307,0.7695112744909282,0.12221227473679314
C[C@@H]1CC(c2cc(=O)n(C(=O)N3CCc4ccccc4C3)c3ccsc23)=NO1,10.0,0.6345326516608919,0.7174291148878474,0.22761609932425625
CCC(=O)Nc1ccccc1C(=O)Nc1ccc(C2CCCCC2)cc1,9.2,0.764971466441257,0.909878432794636,0.3201742779483652
Cc1cccc(NC(=O)CC[C@H](C)NC(=O)N2CCOCC2)c1,7.9,0.8733667732562511,0.8396707688244908,0.28966951723650725
Cc1cc(-c2ccc(C(=O)C3Cc4ccccc4C3)cc2)ccc1-c1ccnc2c1OCO2,10.5,0.36769494064639585,0.8205930250905781,0.15840714941915143
CNC(=O)c1cc(NC(=O)N(C)CC(C)(C)CC(=O)NC[C@H](C)c2ccc(F)cc2)ccc1C,8.7,0.5105748475929425,0.7760413545747418,0.17235883040695144
CCNc1cc(-c2ccc(Cc3c(O)c(=O)cc(C)n3C)cc2)nc(C)n1,9.3,0.7267393406041691,0.8182400213342369,0.27651095430557887
CNC(=O)c1ccc(Cl)cc1N1CC(=O)N(c2ccc(F)c(C(F)(F)F)c2)[C@@H](C)C1,10.0,0.7266745162191397,0.769747653249826,0.2796780017680677
Cc1cc(C(=O)c2ccc(Oc3ccc(C(=O)CNc4cccc(F)c4)cc3)cc2)ccc1O,9.0,0.3114280909428351,0.8694263144289872,0.12184369979313804
CCc1nc(N)sc1C(=O)c1nc(N)sc1CCC(=O)NC1CCCC1,7.9,0.6210671917605297,0.7815678040626375,0.19173541788965234
CCNc1cc(-c2oc(C)c(C)c2C(=O)Nc2nccn(C)c2=O)nc(C)n1,9.6,0.6962262608273716,0.7819197078246947,0.26130865653408863
CCc1cc(=O)[nH]c(N[C@@]23CC(C)(C)c4cc(-c5nnc6cccc(C)n56)cc(c42)-c2cc(Cl)c(C)cc2O3)n1,0.0,0.27074529950174075,0.6513523926568708,0.0
CC1(C)C(=O)N(Cc2cccc(CNC(=O)N3CCCC3)c2)C(=O)[C@H]1Oc1cccc(F)c1C(N)=O,10.2,0.5708398790988478,0.7493339970514992,0.21815236142358244
O=C(COc1cccc(N2CCc3cc(F)ccc32)c1)NC1CCCC1,9.3,0.8837079599430724,0.8764680009457833,0.36016191331809916
Cc1ccc(Nc2ccc(C)c(C(N)=O)c2)c(C(=O)C(N)=O)c1,9.5,0.5766004899585739,0.8701235377699325,0.23831398764624961
O=C1NCc2cc(-c3cc4c(n3-c3cnc(C(F)(F)F)s3)CCNC4)ccc21,10.0,0.6873849015202952,0.7355351873451741,0.2527978911589872
Fc1ccc(-c2cccc([C@@H](NN3C=CC=CC3)C3Cc4ccccc4C3)c2)cc1,11.2,0.5828812537668124,0.7455655710235489,0.24336266909000234
CN(C)c1ncccc1NC(=O)c1ccc(-c2ccccc2)cc1Cl,9.6,0.739297039577471,0.8952309268097941,0.3176839554857646
Cc1cccc2nnc(-c3ccc(CC4CCN(N(C)C5=CCc6[nH]c(=O)ccc6C5)CC4)c(F)c3)n12,12.2,0.44402639018395146,0.7221340722129563,0.19559441704126912
CC(=O)N(CC(=O)c1c(O)c(=O)cc(CC(=O)NC2CCCC2)n1C)C1=Cc2ccccc2OC=C1,9.6,0.5752898480895335,0.7341057557141987,0.20271532256950733
CCc1nn(NCc2c(O)c(=O)cc(C)n2C2=Nc3ccc(C)cc3C2=O)c(=O)c2ccccc12,11.9,0.47443266204006296,0.7494595224146515,0.21156300540472212
N=C1C(=O)N(c2ccc(F)cc2CCN2C(=O)Cc3ccccc32)c2ccc(C(F)(F)F)cc21,12.1,0.5478468925608172,0.7906870131225888,0.2620711309920797
CCC(=O)Nc1nc([C@]2(NC(N)=O)CC2(C(=O)O)N2CCc3[nH]c(=O)ccc3C2)cs1,9.4,0.42538716011500066,0.634817129503725,0.12692023627861473
N=C1SCC(=O)N1c1cccc(C(=O)c2ccc(C(N)=O)cc2)c1,9.6,0.8315948197870946,0.8477726020824969,0.3384015860396305
CCc1nc(N)sc1C(=O)c1ccc(C)c(C(=O)NCc2cnc(C)s2)c1,8.1,0.6170379102861792,0.8159192008214163,0.2038984968480725
C[C@H](CNC(=O)c1ccccc1Cl)NC(=O)N(C)[C@H](C)SNCCNC(=O)CC(=O)NC(=N)O,8.3,0.05372165584227791,0.6667443715762089,0.014864723840806079
Cc1ncc(NC(=O)c2ccc(NNC(=O)N3CCOCC3)cc2)s1,8.7,0.7248097723880638,0.8329128968350739,0.262610982120739
CC(=O)N1CCC(Cc2[nH]nc([O-])c2-c2ccc(F)cc2NS(=O)(=O)c2ccnc3c2OCO3)CC1,10.2,0.5052980198717415,0.7285506178022172,0.1877489441214151
Cc1cccc(NC(=O)CCS(=O)(=O)NC(=O)N2CCOCC2)c1,8.6,0.8087017911027012,0.8642320739539091,0.3005295912380192
O=C(Nc1ccc(OC(=O)C2Cc3ccccc3C2)cc1)c1ccc(F)cc1Cl,10.5,0.48418544148031945,0.8793020852310368,0.2235162658743814
CC(c1nc(CNC(=O)c2ccccc2O)cc(C(F)F)n1)c1ccccc1F,9.6,0.644383375143154,0.7729066902986246,0.23906314644736903
CC(=O)N1CCC(Cc2ccc(C(=O)Nc3cccc(C)c3)cc2N)CC1,9.5,0.8125662994421551,0.8751572143166931,0.33778354805702465
CC(=O)c1c(C)n(N2CCC[C@]2(C)C(=O)NC(=O)N2CCOCC2)c2ccc(N3CC[C@@H]3c3ccccc3)cc12,11.1,0.48658457281176526,0.6686794262140672,0.18057984658857543
CCc1cc(=O)[nH]c(N[C@@H](CC)Nc2cccc(N3C(=O)CCCc4sccc43)c2)n1,10.0,0.46806013150074166,0.7066986614691566,0.1653887342093258
N=C1SCC(=O)N1c1cc(Br)ccc1N1CCc2[nH]c(=O)ccc2C1,9.9,0.7847986819486299,0.7693306017827085,0.2988659729195989
Cc1cccc2nnc(-c3cc(C(=O)c4ccc(F)c(O)c4)c(O)cc3O)n12,10.2,0.47197792154728374,0.8085995561814661,0.19463698032419807
CC[NH+]c1nc(-c2ccc(F)cc2)c2nc(O)c3ccccc3c2n1,9.9,0.5650189947629602,0.7590319139290911,0.2122893872556043
Cc1cc(Oc2ccccc2)ccc1C(=O)Nc1ccccc1,8.9,0.7329809502089019,0.9415836022119901,0.307122465335457
C[C@@H](CCNC(=O)NN1CCc2cc(F)ccc21)C1=CCc2ccccc21,9.0,0.8389479645459922,0.7442763928099951,0.28098412416341045
Cc1ccc(Nc2ccccc2-c2csc(NC(=O)N3C(=N)SCC3=O)n2)cc1C(N)=O,11.6,0.4477373899646557,0.7936982679389131,0.2061136667257334
COC(=O)NCC(=O)C(=O)Nc1ccsc1CCCC=O,6.2,0.42554644945832765,0.7898117462708731,0.104191491153476
CS(=O)(=O)C1(C(O)CNC(=O)NC(=O)c2ccc(F)c(F)c2F)CCC1,9.1,0.6418553194054232,0.726947060912696,0.21230065127769318
Cc1cc(=O)c(O)c(Cc2ccc(OC(=O)NCC(=O)C(=O)N3C(=O)CCCc4sccc43)cc2)n1C,9.5,0.4743435520719284,0.7514304448721456,0.1693071885189304
O=C1Cc2cc(Cc3ccc(C(=O)CNc4cccc(F)c4)cc3C(F)(F)F)ccc2N1,10.8,0.40636585164381506,0.8282512593919046,0.181749435334841
NC(=O)C(NC=O)C(=O)NC(=O)C[S@@+]([O-])CN1C(=O)CCCc2sccc21,8.0,0.2626477609567541,0.6081671186677331,0.06389349280224026
O=C(NN1CC=C(C(=O)c2ccc(F)cc2Cl)C1)c1ccc(F)cc1Cl,9.5,0.7928237165837124,0.810337962709166,0.3051661987598785
Cc1ccccc1C(=O)Nc1ccc(C2CCCCC2)cc1,9.7,0.8176023797770581,0.9288913684322407,0.36833993979151547
Cc1noc(C)c1N1C(=O)Cc2cc(NC(=O)c3ccc(F)cc3Cl)ccc21,10.4,0.7002546536264531,0.8320133628875807,0.3029630392055401
Cc1ccc(C(=O)c2ccc(Cc3c(O)c(=O)cc(C)n3C)cc2C(F)(F)F)c(F)c1F,10.8,0.45692649372926875,0.7917115811616381,0.19534715828552304
CC(=O)NC1CCN(C(=O)c2ccc(C)c(F)c2F)CC1,8.4,0.9073924860666583,0.8730414870684905,0.3327203398639722
C#CC(=O)Nc1nc(C2=CC=C(Oc3ccc(C(=O)NCc4c(C)noc4C)cc3)C2C(N)=O)cs1,9.1,0.400132965854076,0.7001462285823447,0.12746897207326072
Cc1cccc(NC(=O)c2ccc(-c3ccc(F)c(O)c3)cc2C)c1,9.9,0.7020840924802156,0.8989457356629129,0.31241207300086876
O=C(NCc1cc(F)ccc1N1C(=O)Cc2ccccc21)N1CCc2[nH]c(=O)ccc2C1,10.1,0.6673305312586945,0.8067308394736585,0.2718698404428082
O=C1CCc2ccc(-c3ccc(CNC(=O)c4ccccc4Cl)c(O)c3)cc2N1,10.8,0.5953428357664474,0.8627246987620841,0.27735316306925756
CC(=O)N1CCC(Cc2cc(C)cc(C(=O)c3c(C)cccc3C)c2)CC1,9.6,0.7420076807369557,0.8610915085137242,0.3066895263045864
Cn1c(C(=O)CNc2cccc(F)c2)cc2c1CCNC2,8.2,0.8466503767288174,0.8085490849092462,0.28066893881028304
COc1c(N)cccc1N/N=C1\C(=O)N(NC(=O)c2ccc(F)cc2Cl)N=C1C,9.8,0.5081533860502052,0.7791052223950774,0.19399342885623383
Cn1nc2c(c1S(=O)(=O)c1ccc(N3C(=N)SCC3=O)cc1)CCCC2,9.4,0.8661913418776737,0.7739899326190126,0.31509898781748424
CNC(=O)C(=O)CNC(=O)NCC(=O)N1CC[C@@H]1c1ccccc1,8.5,0.6146551732171325,0.7931542100974528,0.20719444381802277
Cn1c(Cn2nc(C(N)=O)ccc2=O)cc2c1CCN(C(=O)[O-])C2,9.4,0.727370707941853,0.7558827575986226,0.2584092789623086
Cc1cc(=O)c(N2CC[C@@H]2c2ccccc2)nn1C(=O)CNc1cccc(F)c1,9.1,0.7209508136641049,0.7681645696793954,0.25198303654992515
O=C(NOc1cccc(N2C(=O)Cc3ccccc32)c1)N1C=C(F)CCC1,9.9,0.8392632566825379,0.7741557609792074,0.3216116401437842
CC1=NC=C(NC(=O)c2ccc(NC(=O)N3CCOCC3)cc2)[SH]=C1,7.9,0.5679556792136566,0.7587169566641339,0.17021245375897318
Cc1cc(C(=O)c2ccccc2C2=NO[C@H](N3CCOCC3)C2)ccc1O,9.6,0.8427225467137752,0.760551737977648,0.30764836681733343
CO/C=C(\C=N/C1=CC=C(c2c3c(nn2C)CCCC3)CC1)N1C(=O)CCCc2sccc21,11.1,0.444547894099082,0.669046988545508,0.1650700035452372
Cc1ncc(CNC(=O)c2ncc(C(F)(F)F)cc2[C@H]2CC=C(c3ccc4c(c3)CC(=O)N4)C(=O)C2)s1,11.7,0.4966008319609445,0.7027764118171596,0.20416462021269335
O=C1Cc2cc(C(=O)C(=O)N3CC(N4C(=O)Cc5ccccc54)C3)ccc2N1,10.5,0.6443996877080269,0.8105021152906464,0.2742008377394936
CCC(=O)Nc1nc(N2CC=C(C3=CC[C@H](c4cc4=O)C3)C2=O)cs1,9.8,0.893660560298402,0.6840116703959267,0.29952438378216817
CCC(=O)Nc1nc(-c2ccc(NC(=O)C(=O)N3CC[C@H](O)C3)cc2F)cs1,9.2,0.6710128630684179,0.7917144680911495,0.24437527230460462
CC(=O)N1CCC(Cc2ccc(C)cc2NC(=O)c2ccc(F)cc2Cl)CC1,9.5,0.7949290806796101,0.8680610946430046,0.3277723287706923
CCc1cc(=O)[nH]c(Nc2cc(NC(=O)c3ccc(F)cc3Cl)nc(C3=CCNCC3)c2OCCO)n1,10.5,0.2848256721993782,0.7434670549934158,0.11117321444071067
C[C@H](NC(=O)N(C)CC(=O)c1ccc2c(c1)CNC2=O)C(C)(C)NC(=O)Nc1ccccc1,11.1,0.4839955557905657,0.7436601587673919,0.1997601575833679
NC(=O)c1c(F)cccc1-c1cc(CN2CCc3ccccc3C2)ccc1O,10.4,0.7267212819247685,0.8592828796528664,0.3247187610354156
CC1CCN(C(=O)NCc2ccc(C(=O)c3ccc(C(=O)N4CCC(C)CC4)c(O)c3)cc2)CC1,9.6,0.6233940038881898,0.8500132781826932,0.2543487268053287
C[C@H](CO)Nc1ccc(-c2cc(C(F)F)nc(CNC3(S(C)(=O)=O)CCC3)n2)cc1Cl,8.9,0.5102248805128138,0.70310852688464,0.1596408415321789
CCNC(=O)N(C)CC(=O)C(=O)CNc1cccc(F)c1,6.6,0.736681031440983,0.8248031604827953,0.2005135581900819
O=C(Nc1ccccn1)C(=O)C(=O)Nc1nc(C(=O)Nc2ccccn2)n[nH]1,10.2,0.34140725444980097,0.794334995037482,0.13830778218226294
CCC1=C(c2ccc(-c3ccccc3)cc2)C=C2CC(=O)N(C(=O)c3ccc(O)c(C)c3)C21,10.5,0.5182590502398887,0.7487066093707985,0.20371258754743962
Cc1cc(NC(=O)c2ccc(F)cc2Cl)ccc1-c1ccc(C)c(S(=O)(=O)C(=O)Nc2ccccn2)c1,10.6,0.30559752570497795,0.8246252170902186,0.1335618157676516
COc1cc(NC(=O)c2ccc(F)cc2Cl)ccc1C(=O)c1ccc(C)c(F)c1F,10.7,0.5360185076916765,0.865422522524608,0.24817713163982755
Cc1ccc(N2C(=O)C(=N)c3ccccc32)c(CCN2C(=O)Cc3ccccc32)c1,10.7,0.7204869994626818,0.8152260218046812,0.3142374664286651
Cc1cc(=O)n(Nc2ccc(C(=O)Nc3cccc(F)c3)cc2)cn1,8.7,0.7669031183196415,0.8618187924652653,0.2875052109251147
O=C1Cc2ccccc2N1c1ccc(C2CCC3=[SH]C=NCC3C2)cc1,10.3,0.6203738858138493,0.6617942304368324,0.21143832704782112
CCNc1cc(CCN(CC)c2ccc(N3CCCC3)c(C)c2)nc(C)n1,7.7,0.7576334914190078,0.8311009337551494,0.24242291233256685
C[C@H](NC(=O)N(C)CCOC(=O)C(=O)N[C@@H](C)CNC(=O)CNc1cccc(F)c1)c1cnccc1N,7.9,0.2152565840498408,0.7125344249848318,0.06058420190436021
Cc1noc(C)c1CNC(=O)C(=O)Nc1ccc2c(c1)CCC[C@@H]2c1ccnc2c1OCO2,9.7,0.5892694218088574,0.7346657324649495,0.20996428492531474
Cc1[nH]c(=O)c(N2CCC(C(=O)NCC(F)(F)F)CC2)cc1C(=O)Nc1ccccn1,9.4,0.6651374579075571,0.8238543887271437,0.25754891448785966
Cc1[nH]c(=O)c(-c2ccc(-c3ccccc3)cc2)cc1-c1ccc2c(c1)CNC2=O,9.7,0.5193948871199797,0.8472517800346897,0.21342824768685997
NC(=O)c1ccc(=O)n(Cc2ccc(C(F)(F)F)cn2)n1,8.4,0.9072168792951028,0.8468117974598532,0.322661621621558
CCNc1cc(C(=O)N[C@@H](c2cc(O)c(Br)cc2OC)C2CCC2)nc(C)n1,8.5,0.5923188493497097,0.7540659422580082,0.18982517528212892
CC(=O)N1CCC(C(=O)C2=CCN(C(=O)NCn3c(=O)[nH]c4ccccc43)C2)CC1,9.3,0.7845178456942261,0.7820570330642833,0.2852950299371685
Cc1cccc(NNC(=O)c2cc(C)cc(C(=O)c3ccc(C(N)=O)cc3)c2)c1,10.7,0.44565987614930286,0.8768959204007756,0.20907657009567662
CC1=C(C(=O)[C@H](C)NC(=O)c2ccc(C(N)=O)cc2)C(C)=C(CNC(=O)N2C=CC=CC2)C1,10.3,0.5934695899389899,0.6995680201367918,0.21381375821318163
Cc1cccc(NC(=O)C(=O)N(C)c2cccc(-c3ccc4c(c3)CNC4=O)c2)c1,11.4,0.6618520605416599,0.8386872593086275,0.316399527712368
CC(=O)NC(=O)CCN(C(=O)[C@H](C)NC(=O)N(C)CC(=O)n1cnc(C)cc1=O)c1ccccc1,9.2,0.5471228306896567,0.732897781364802,0.1844531500233806
CC1CCN(C(=O)NCc2cc3ccc(CNC(=O)c4ccccc4O)cc3oc2=O)CC1,9.5,0.5172897351818891,0.8391925661505272,0.20620020764754268
Cc1cc(C2=CCC(=O)C(C(=O)Nc3nccn(C)c3=O)=C2)cc(C)c1F,10.9,0.8452805809780982,0.7715805757347913,0.35545013214404336
O=C([C@H](N[C@H]1CCCN1)Oc1cccc(F)c1-c1ccc2[nH]c(=O)[nH]c2c1)N1CCCCC1,9.4,0.43006126320700855,0.6939528532040214,0.14026785310786374
CC(C)(C)c1ccc(N2C(=O)Cc3cc(C4=CC=C[SH]=N4)ccc32)cc1,9.7,0.7432931016045037,0.7403296871258903,0.266886745436542
Cc1ccc(Nc2cccc(CC=Cc3c4c(nn3C)CCCC4)c2)cc1N1C(=N)SCC1=O,10.6,0.4892336676026521,0.7561616508157226,0.19606806099639754
CCNc1cc(C2=CC(CC3=CC(=O)c4ccccc4C3)CC2)nc(C)n1,11.2,0.8356790160940026,0.7095771817646302,0.3320681062159
Cc1nc(NC[C@@H]2CCCC2=O)cc(-c2ccnc(N3C(=N)SCC3=O)c2)n1,9.2,0.798813253968156,0.7138369187814848,0.2623023002714424
CCCN[C@@H](c1ccc(F)cc1)c1nc(C(=O)c2ccc(C)c(F)c2F)cc(C(F)F)n1,9.1,0.3666186115306805,0.7393316291343532,0.1233289945769484
CCC(=O)Nc1nc(C2=CC=C(C(=O)Nc3cccc(C)c3)C(C)C2C2=NO[C@H](C)C2)cs1,9.5,0.6160982013341078,0.6528866786720582,0.19106509649230594
Cc1cc(-c2ccc(F)c(O)c2)ccc1C(=O)CCn1c(=O)[nH]c2ccccc21,10.9,0.4954162155969887,0.8502562636708748,0.22957075353732578
CC=CC=C1CCC(=O)N1c1ccc(C(=O)N[C@@H](C)c2cccc(-n3cnc(C)cc3=O)c2)cc1,9.5,0.5722326344720232,0.7359087411652355,0.20002772390178716
CC(=O)N1CCC(Cc2scc(C(=O)NCN(C)C(=O)NC(=O)NCc3cnc(C)s3)c2C)CC1,9.4,0.48456861647005994,0.7503841190256989,0.17089791935737222
CCNc1cc(-c2ccc(C3=CCOC3)c(N)c2)nc(C)n1,9.0,0.8487284313678898,0.7891240225836449,0.30138839722896127
CCC(=O)Nc1nc(-n2c(=O)[nH]c3c2=CCCC=3NCC(=O)NC(=O)c2c3c(nn2C)CCCC3)cs1,10.1,0.3338508468418655,0.7021221465685074,0.11837405697525392
CCC(C)=CC=C(C)Nc1ccc(-c2ccnc3c2OCO3)c2c1NCCC2,10.1,0.6732555855328524,0.7285271768988303,0.24769492048510702
O=C[C@H]1C=C(NCC(=O)C2=CCC(F)=C2OCc2ccc3c(c2)CNC3=O)C=C(F)C1,10.1,0.6245022271577902,0.6234580273841406,0.19662221795360316
CCC(=O)Nc1nc(-c2ccc(-c3ccccc3)cc2F)cs1,9.5,0.7356715356636979,0.898079263764368,0.3138283917825965
CC1=CC=CC2=CC=C(CNc3ccc(C(=O)C4Cc5ccccc5C4)cc3)CN12,11.0,0.6990269038220728,0.768626778025205,0.2955099382607321
COc1ccc(CNC(=O)Oc2ccccc2)c(C)c1C1=NO[C@H](C)C1,8.0,0.886497158448621,0.7780760079592903,0.275904868045183
O=C(O)CC(OCC(=O)NS(=O)(=O)N1C(=O)CCCc2sccc21)C(=O)N1CCC[C@@H]1CS(=O)(=O)C(F)(F)F,8.4,0.3751702783461793,0.6360852360059028,0.10022891551857649
CCOc1cc(C)c(C)cc1-c1cc(CNC(=O)Oc2ccccc2)c(=O)n(C)c1,9.5,0.6605064824745067,0.8454572808557079,0.26525425696372074
COc1c(CNC(=O)c2ccccc2O)cc(O)c(-c2ccc(C3=Cc4ccccc4OC=C3)cc2)c1C,9.9,0.2799838386477395,0.7916283803749212,0.10971336059633233
C[C@@H](C(O)=NCc1ccc2c(c1)NC(=O)CC2)N(C)C(=O)c1cccc(CNC(=O)N2CCCC2)c1,10.5,0.4062671622030046,0.7435342383787993,0.15858861113913675
NC(=O)c1ccc(=O)n(Cc2cc(Br)ccc2N2C(=O)Cc3ccccc32)n1,9.7,0.6751141174562328,0.8288055232750671,0.2713760800535186
Cc1cc(=O)c(O)c(CN2C=C3CCCCC3=CC2)n1C,9.0,0.9086803823855428,0.73581326135427,0.30087858406128815
CCc1nc(N)sc1C(=O)[C@@H]1CN(C)CCN1C(=O)N1CC2=CCN=C2C1,9.1,0.7766290359328109,0.653796931582963,0.23102974470535342
CC(C)(C)n1nc2c(c1C(CC=O)c1ccccc1)CCCC2,9.0,0.7917941935462378,0.7477261534398756,0.2664203519953605
CC1CCN(C(=O)NCNCCN(C)CN2CCc3ccccc3C2)CC1,8.9,0.5663948621721223,0.8082788379022843,0.20372321654068684
O=C1NCc2cc(-c3cc4c(n3C3=Cc5ccccc5OC=C3)CCNC4)ccc21,11.7,0.6909275902190182,0.7372139195353802,0.29797644058679096
O=C(Nc1ccc(Oc2cccc(SN3CCc4cc(O)ccc43)c2)cc1F)N1CCOCC1,9.5,0.4846835968394375,0.794889901929688,0.18300329596034873
Cc1cc(=O)n(-c2ccc(N3CCc4[nH]c(=O)ccc4C3)cc2)cn1,10.0,0.7755723638467588,0.8193169566641336,0.31771979440986725
Cn1nc2c(c1N=C1S[C@H](N3C(=O)CCCc4sccc43)CC(=O)N1CC(F)F)CCCC2,10.1,0.6377821225325048,0.6570969530696529,0.21163776816639446
O=COc1c(NC(=O)c2ccc(F)cc2Cl)cccc1Oc1ccc(C(=O)Nc2ccccn2)cc1,8.9,0.29716036021664816,0.839263316772769,0.11098112634032263
CSCC(=O)NNCC(=O)NC(=O)NN=C1CCC(CC2CCN(C(C)=O)CC2)CC1,8.2,0.4045451101593331,0.7631259368529019,0.1265747351377366
CC(C)OC(c1ccccc1)(c1ccccc1)[C@@H](NCNC(=O)c1ccccc1O)C(=O)N1CCCC1,9.6,0.36512083063823025,0.7556538121744221,0.13243437483651369
CNC(=O)N1CCC[C@H](N2CCc3c(ccn3C)C2)C1,7.5,0.836762808158809,0.7504610616379818,0.2354842145062645
N=C1SCC(=O)N1S(=O)(=O)[C@@H]1CC(=O)NC(=O)N1C(=O)CNc1cccc(F)c1,10.4,0.5680961134990297,0.692578694337717,0.20459465756365453
Cc1cc(C(=O)c2ccccc2C2=NO[C@H](N3CC=C(F)CC3)C2)ccc1O,9.3,0.8164129712130339,0.7184234572430231,0.27273655663236623
CCC(=O)Nc1ccccc1CC(=O)NC(=O)N1CCc2cc(F)ccc21,9.5,0.869573197061824,0.859866323628434,0.35516543633960285
O=C(NOc1cc(N2C(=O)Cc3ccccc32)cc2c1CC(F)CC2)N1C=C(F)CCC1,11.3,0.7088914105218957,0.6753493016791999,0.27049336527022516
CCc1cc(=O)[nH]c(NOc2ccn(C(=O)c3ccc(C(N)=O)cc3)n2)n1,9.8,0.5435659879646403,0.7573910199847094,0.20172907904623225
O=C(NCNC(=O)c1ccccc1Cl)Nc1ccc(NC(=O)N2CCOCC2)cc1,9.2,0.5451086811773305,0.8705857713574541,0.21829937637114893
Cc1cc(C(=O)c2c(Cl)cccc2C(=O)CNc2cccc(F)c2)nc(=O)[nH]1,9.8,0.6196914363704199,0.8146743096331426,0.24737487962421476
O=C(CNC(=O)C(F)(F)F)NCON[C@H](Nc1ccc(C(F)(F)F)cn1)C(=O)N1CCCCC1,9.7,0.17344932855866682,0.7079174199539628,0.05955208356550933
O=C1CC2=CC=C(C(F)(F)F)C2N1c1ccc(C2Cc3ccc(=O)[nH]c3CS2)cc1,10.6,0.7666082404649549,0.6381978355056024,0.25930129146511105
C[C@@H]1C=C(CNC(=O)Oc2ccccc2)C(N2C(=O)Cc3ccccc32)=NO1,10.0,0.8916476978118821,0.7379210427131088,0.3289827994510435
O=C(NCn1c(=O)[nH]c2ccccc21)Oc1ccccc1,8.3,0.7722971950049039,0.869857756620049,0.2787923127787328
O=C(NCc1cccc(Nc2ccc(C(F)(F)F)cn2)c1)Oc1ccccc1,9.0,0.6369208293212731,0.8769317258067129,0.2513412369265261
Cc1ccc(Nc2ccc3c(c2C(=O)c2ccc(C(N)=O)cc2)C(=O)N(C)C32CC2)cc1C(N)=O,11.5,0.4773532365230267,0.7493406710409152,0.20567761188333755
CCc1nc(N)sc1C(=O)c1ccc(CNC(=O)c2ccccc2O)cc1,9.5,0.568952193126129,0.8601410199847093,0.2324550818660718
O=C1C[C@@H](c2cccc(-c3cccc(Cl)c3)c2)N(c2ccc3c(c2)CNC3=O)CCN1,12.0,0.6489103935267146,0.7687214694975827,0.29929881077046644
CCNCCN(C(=O)CNC(=O)NC(=O)Nc1nccn(C)c1=O)C(=O)N1CCN(C)C(=O)C1,8.8,0.3225973724683461,0.7602990404614073,0.1079190080069441
Cc1cc(=O)c(O)c(Cc2cc3c(n2C)CCN(c2ccc(Cl)c(C(=O)N(C)C4CCOCC4)c2)C3)n1C,9.3,0.5344024554898941,0.7448067761352973,0.18508235506497986
O=C1CCCc2sccc2N1C(=O)NC1=Cc2ccccc2OC=C1,10.4,0.8414102717088462,0.7623167517700932,0.3335389955222412
CS(=O)(=O)CCNS(=O)(=O)[C@@H](NF)C(=O)N1C(=O)Cc2ccccc21,7.6,0.5605785326807128,0.7096918737746374,0.1511784511172845
CN(CC(=O)N(CNC(=O)c1ccccc1O)c1ccccc1)c1cccc(N2CCc3cc(F)ccc32)c1,11.1,0.3145236321331986,0.8072272055964737,0.140910078126819
CNC(=O)N1CCC[C@H](N2CC=C(Nc3ccc(C)c(C(N)=O)c3)C2)C1,10.2,0.7617678712841346,0.7465497014631208,0.29003576421459754
Cc1ccc(C(=O)c2ccc(C(=O)Nc3ccc4c(c3)NC(=O)CC4)cc2)cc1NC(=O)N1CCOCC1,10.5,0.4426446849920857,0.8418749576508563,0.19564202460184663
CC1=CN(C)N(C(=O)NCc2ccc(C(=O)c3ccc(C(=O)N4CCC(C)CC4)c(O)c3)cc2)CC1,9.3,0.6142005986351257,0.792420302553498,0.22631783625252846
C[C@H](NC(=O)N(C)CC(=O)NC1CCCC1)N1C(=O)CCCc2sccc21,9.0,0.8075973294179946,0.748151182595109,0.27189220367912603
CCCO[C@@H](C)CN(CNC(=O)C(=O)NCc1cnc(C)s1)C(=O)CNC(=O)[C@H]1CNC(=O)O1,8.0,0.21038103912731682,0.6612843737109844,0.05564867747998953
C[C@@H](NCC(=O)c1ccc(-c2ccccc2)cc1)N1CCc2cc(F)ccc21,8.7,0.6363737819444686,0.8048055631309625,0.22278836457372525
Cc1noc(C)c1CNC(=O)N=c1[nH]c(=NN2CCc3[nH]c(=O)ccc3C2)[nH]c(F)c1C,9.6,0.44240830630183764,0.6704820286226736,0.14238087297061308
CN(CC(=O)NC(=O)Nc1nccn(C)c1=O)S(C)(=O)=O,7.3,0.6818191083526958,0.8290463110164724,0.20631976004452518
CC(C1CCOCC1)[C@@H](CN1CC(=O)OCC1=O)C(=O)C[S@@+]([O-])CC1CN(C(=O)c2cccs2)C1,8.5,0.33356375216505146,0.5913361642511661,0.08383053163886596
O=C1Cc2ccccc2N1N1C(=O)CCCc2sccc21,8.5,0.8119461466466061,0.7977324098356858,0.2752791963940084
CC=CCNC(=O)c1ccc(CC2CCN(C(C)=O)CC2)cc1,8.7,0.8497029278122821,0.8654853243704286,0.31990135513181034
O=C(CCn1c(=O)[nH]c2ccccc21)NC(=O)NC(=O)N1CCOCC1,9.8,0.7093502395053058,0.8389126393088424,0.2915906119927003
Cc1cccc(NC(=O)c2c(-c3ccc(F)cc3Cl)cc3c(c2N2CCCCC2)C(=O)C(CC(N)=O)O3)c1,11.4,0.43277715225768054,0.7416035544701334,0.18294097241242208
Cn1ccc2c1CCN(C1=CC=C([C@@H](NN3CCc4[nH]c(=O)ccc4C3)C(=O)N3CCCC3)C1)C2,10.9,0.6917835372872182,0.6419712988689695,0.24203732090280292
CC(=O)N1C=C(C2=CC=C(C(=O)c3ccc(O)c(C)c3)C2)C(C)=CC1,10.1,0.8541482998972223,0.7287963137804474,0.31436256685540054
N=C1SCC(=O)N1c1cc(C(=O)N2CCc3cc(F)ccc32)cs1,10.2,0.8938912821582936,0.7739432882444475,0.3528287907057838
COCCOc1ccc(OC)c(C(=O)N[C@@H](C)CNCNC(=O)N2CCC(C)CC2)c1,8.0,0.36142522710013947,0.7775299870336863,0.11240758085632742
CCC(=O)Nc1nc(NC(=O)CCCC(=O)C(=O)c2c(C)cccc2C)cs1,8.9,0.49260913938824924,0.821141486046473,0.1800033013370168
Cc1cccc(NC(=O)c2cc3c(n2C)CCNC3)c1,8.6,0.8779427781305498,0.8435390906605105,0.3184489926679687
Cc1cccc(C[S@+]([O-])NC(=O)S(=O)(=O)NC(=O)NNC(=O)c2ccc(F)cc2Cl)c1,10.0,0.3766566221027422,0.7017894792655923,0.1321668273437102
Cc1cc(-c2ccnc3c2OCO3)c(C)cc1CNC(=O)Cl,8.6,0.6943002301945597,0.78795450428832,0.23524310729539494
N=C1Cc2cc(NC(=O)c3ccc(F)cc3Cl)ccc2N1c1ccccc1Oc1cccc(F)c1C(N)=O,10.8,0.26558274501039364,0.8066500095902571,0.11568545485720606
O=C(NOc1ccc2c(c1)CCC(F)C2)N1C=CC=CC1,9.8,0.8501859841442899,0.6845716791030179,0.28518649089059905
CCC[C@H](CNc1ccccc1)c1nc(CNC(=O)N2CCC(C)CC2)cc(C(F)F)n1,9.5,0.5457754167070491,0.7499886471163713,0.1944295490426094
Cc1ncc(CNC(=O)c2ccc(NC(=O)C(=O)N3CC[C@H](O)C3)cc2)s1,8.9,0.6744390275185236,0.801595109720615,0.24057902668729123
CCC(=O)Nc1nc(-c2ccc3[nH]c(=O)[nH]c3c2)cs1,8.6,0.6904872965784792,0.8587042728467453,0.2549574885248853
CNC(=O)C[C@@H](C)C(=O)N[C@@H](OC(=[NH2+])O)C(=O)NC(C)C(N)=O,7.0,0.14878274975733177,0.6399238133186692,0.03332336860326217
O=C(Nc1cccc(C(=O)CNc2cccc(F)c2)c1)C(=O)N1CC[C@H](O)C1,8.9,0.5370415913835748,0.8093360594825558,0.19341797078013737
CCC(=NC(=O)CNc1cccc(F)c1)NC(=O)C(=O)N1CC[C@H](O)C1,8.3,0.4037785510680272,0.7277365531198353,0.12194543055585653
CCNc1cc(-c2ccc(C(=O)c3cc(C)[nH]c(=O)n3)cc2)nc(C)n1,9.6,0.6865318925733919,0.8251125880457776,0.27190373119545463
CCCN(C(C)=O)c1[nH]c(=O)[nH]c1N1C=C(C)C(C(=O)NC)=CC1,8.1,0.7437306320461179,0.7047629297341795,0.2122822805654194
O=C1C(C2=CC[C@H](c3ccccc3)C2)=CCN1c1csc(Nc2ccccc2)n1,11.7,0.6017005390264061,0.7372339082142144,0.2595025133772065
CNC(=O)N1CCC[C@H](C(=O)N[C@@H](C)C(=O)C2Cc3ccccc3C2)C1,9.9,0.8576733636321732,0.760270118931899,0.32277139793581033
Cc1ccc(Nc2nn(CNC(=O)Oc3ccccc3)cc2Br)cc1C(N)=O,10.0,0.5387423636789671,0.8242273343753593,0.22202309116509772
Cc1ccc(NC2=CCN([C@H]3CC=C(c4nccc(C(F)F)n4)CC3)C2)cc1C(N)=O,10.3,0.7289756528564494,0.6928116987128118,0.2600970730935152
CC1CCN(C(=O)c2ccc(C(=O)c3ccc(CNC(=O)N4C(=O)CCCc5sccc54)cc3)cc2O)CC1,10.8,0.43218754417897054,0.8033153231095914,0.1874787534158781
Cc1cc(=O)c(O)c(CN2C=C3C=CCCC3=CC2)n1C,9.1,0.9066323716984737,0.7146732352786507,0.2948153800819975
CC(=O)N[C@@H](C)c1ccccc1Oc1cccc(C(=O)c2ccc(C(N)=O)cc2)c1C(N)=O,10.5,0.4568600764316268,0.8036670902974006,0.19276078935689814
CC=Cc1ccc(CNC(=O)C2Cc3ccccc3C2)cc1C,9.6,0.906549019994488,0.8624088674939718,0.3752716385573839
CC(=O)N[C@@H](C)c1ccccc1Oc1cccc(-c2cnc(C)s2)c1C(N)=O,9.6,0.6536862271546332,0.7806195962962776,0.24493453379802554
Cc1ccc(N2C(=O)Cc3ccccc32)c(CNC(=O)Cc2cc(C)ccc2N2C(=O)Cc3ccccc32)c1,12.1,0.3632720804223457,0.8085901176843857,0.17771161962739446
C[C@@H]1CC(c2ccc([C@H](C)NC(=O)N3CCOCC3)cc2-c2cccc(F)c2C(N)=O)=NO1,10.5,0.7235500125006846,0.7164913147424831,0.2721690823627417
Cn1c(-c2ccc(N3C(=O)Cc4ccccc43)cc2)cc(=O)c(O)c1Cc1ccc(C(F)(F)F)cn1,11.2,0.43690552389275633,0.7862870199944728,0.1923785597444252
O=C1CCc2ccc(CCN3CCc4[nH]c(=O)ccc4C3)cc2N1,10.3,0.906027750103235,0.8197889314247965,0.38251703336564696
Cc1ncc(CNC(=O)[C@@H]2CC(c3ccccc3Cl)=NN2c2ccc(F)c(C(=O)C3Cc4ccccc4C3)c2)s1,11.5,0.26992512793993706,0.7368296780033059,0.11436108593536636
CC1=CCCC(=O)N1c1cc(F)cc(Nc2ccccn2)c1,9.2,0.9311941301406874,0.8164685891282113,0.3497337485146019
O=C(NCNCc1cccc(Nc2ccc(C(F)(F)F)cn2)c1)Oc1ccccc1,8.9,0.38525973055304197,0.8457245906776689,0.14499151442731942
C=C1CC(=O)[C@H](CC(=O)N[C@@H](C)c2ccc(C(=O)NCC3CCCC=C3C)cc2)C1,8.6,0.6619267175520718,0.6834068426294277,0.19451705668055863
CCO[C@H](C)C(=O)NC(=O)[C@@H](C)NC(=O)N(C)[C@H](C)C(=O)c1ccc(C)c(F)c1F,8.8,0.6172634235951411,0.6999074625223555,0.19009200166718832
CCc1nc(N)sc1C(=O)N[C@H](C(=O)N1CCCCC1)c1ccc(OC)cc1,8.9,0.7742788847704719,0.7964910740882034,0.27443426815571903
Cc1ccc(=O)n(CS(=O)(=O)[C@@H]2CCN(C)C[C@H]2C2CN(C(=O)c3cccs3)C2)n1,9.3,0.6768691222402917,0.6855313730948736,0.21576698373033268
Cc1ccc(C(=O)N2C(=O)C=C(OC(C)(C)C)[C@@H]2C)c(-c2c3c(nn2C)CCCC3)c1F,9.7,0.6616124201816614,0.6878723151724532,0.22072586060034652
O=CNN=C1CCC(C(=O)CCCCN2CCc3c(CNC(=O)N4CCCC4)cccc3C2)CC1,9.1,0.30433567973304065,0.7703415244462337,0.10667129721836373
Cc1ccc(C(=O)C(C#N)C(=O)Nc2cccc(Oc3ccc(N4CCc5cc(F)ccc54)cc3)c2)c(F)c1F,10.0,0.20421840650813883,0.757484999872664,0.07734618981390659
CC(=O)N1CCC(Cc2c(C)cc(Br)cc2-c2ccc(NC(=O)N3CCc4cc(F)ccc43)cc2)CC1,10.2,0.3727127640018571,0.8188487399751008,0.15564964235953446
CCC1=CC(C(=O)c2ccc(C)c(F)c2F)=C(NNC2CCCC2)C1C(=O)CNc1cccc(F)c1,9.1,0.2973699722074966,0.690164355010372,0.09338154055595779
Cc1cc(C(=O)C(=O)C(=O)Nc2cccc(C)c2C(=O)n2c(=O)[nH]c3ncccc32)ccc1O,11.0,0.2353534847134437,0.788811702587659,0.10210727064271255
CC(=O)N1CCC(CC2=CC(c3cccc(CC4CCN(C)CC4)c3)C3NC(=O)CC3=C2)CC1,10.6,0.71959591434566,0.6722050056626192,0.2563694671090867
COCCOCCCCCC(=O)N1CCC(C#N)(/C=C(\[O-])NN2C(=O)Cc3ccccc32)CC1,8.0,0.3651515212523543,0.7245439988064654,0.10582733735137792
Cc1cc(=O)n(C2CCC(=NNC(=O)C(=O)NCC(=O)NCC(N)=O)CC2)cn1,8.4,0.3096674170599701,0.7839119531643084,0.10195583569030763
Cc1ccc(Nc2ccc(N3C(=N)SCC3=O)cc2)cc1C(N)=O,9.9,0.7966502957152949,0.8401296629320952,0.3312983244849521
CC(=O)NC(=O)NCCCCC(=O)C(=O)CN[C@H](C)N1C=CC=CC1,6.9,0.39026664142056144,0.690326147223447,0.0929468871017833
CCC(=O)Nc1nc(N2c3ccc(Cn4nc(C(N)=O)ccc4=O)cc3[C@@H](C(=O)C(C)C)[C@@H]2C)cs1,10.8,0.4764336605262365,0.6794210760778979,0.17479749796981248
Cc1ccc(NOc2cccc(N3CCc4cc(F)ccc43)c2)cc1C(N)=O,10.7,0.6495465187024774,0.8333017258067126,0.28957850573918625
COc1c(Br)c(N2C(=O)Cc3ccccc32)c(Br)c2c1=C(C)C=2C(=O)Nc1ccccn1,11.3,0.5321988352311889,0.7568435670842121,0.2275770646427563
CCN1C(=O)N[C@H](CNC(=O)N2CCC(C)CC2)C(c2cccc3c2OC(C)(C)CCOCCN(C)C3=O)=C1C,10.6,0.5863085056667413,0.6559142771819408,0.203821103441013
CCNC(=O)N(C(=O)N1CCN(C(=O)Nc2cccc(C)c2)CC1=O)C(C)C,8.0,0.8274704855457145,0.8108614424059029,0.2683855645831643
Fc1cc(Cn2c(C3=Cc4ccccc4OC=C3)cc3c2CCNC3)ccc1NN1CCOCC1,11.0,0.5756572610031295,0.7367107813205809,0.23325110078956462
CC(=O)N1CCC(CC(=O)C2CCN(Cc3ccc4c(c3)CC(=O)N4)CC2)CC1,10.4,0.8292352957186434,0.8333222891235299,0.35933053252214936
CCCc1sccc1N(C=O)c1ccc(C(=O)N(C)C(=O)C(=O)N2CCCC2)cc1,8.5,0.5238744206192972,0.776163874262301,0.1728102699722866
Cc1cccc(NC(=O)c2cc(C)c(N3CCc4cc(F)ccc43)c3c2NC(=O)CC3)c1,11.2,0.596004008534622,0.8107748341077868,0.27060602864245104
CC(=O)NCc1cc(C)ccc1N1C(=O)Cc2ccccc21,8.8,0.9460077313573083,0.8686428417573028,0.3615668513998602
Cc1ncc(-c2ccc(N3C(=O)Cc4ccccc43)cc2)s1,9.5,0.7053956488478456,0.8606586761245484,0.2883748205086667
Oc1ccc(CN2CCc3ccccc3C2)cc1C1=NOCC=C1,9.5,0.944108757232094,0.7922921538361878,0.3553047313434356
Cc1cc(C(=O)C2=C(C(C)(C)C)C=CC2N2C(=O)Cc3cc(C4=CC=C[SH]=N4)ccc32)nc(=O)[nH]1,11.2,0.5045009594556932,0.5949943111508053,0.16809811247390588
CN(C(=O)Nc1ccccn1)C(=O)c1cccc(CNC(=O)CN2C=C3CCCCC3=CC2)c1,11.2,0.6869543008172317,0.7784533305645454,0.29946664351341507
CN(C(=O)Nc1nccn(C)c1=O)[C@H](c1ccccc1)c1ccc(CNC(=O)N2CCCC2)cc1,10.1,0.5723870322699018,0.7777693441178383,0.22481846876840933
O=C1Cc2ccccc2N1c1csc(-c2cccc(OC(F)(F)F)c2)c1,10.1,0.6019945219926092,0.8258257370219402,0.25105699775289714
Cc1noc(C)c1CNC(=O)N1C[C@@H](c2ccccc2)N([C@H](C)NC(=O)N2CCOCC2)C1=O,10.5,0.692300211177788,0.6992353693465545,0.25414241677733906
CCNc1cc(NCC(=O)N2CCCCC2)nc(C)n1,7.8,0.8559702454784338,0.8533277546281217,0.2848650353650117
C[CH]Nc1nc(C)c(/N=C2\NS(=O)(=O)C(N3C(=O)CCCc4sccc43)=C2C)c(C)n1,9.1,0.7244827879242433,0.6634992903371617,0.21871568612039682
CN(CC(C)(C)CNC(=O)N1CCCC1)C(=O)N[C@@H]1NN=C(C(F)(F)F)C(C)(C)[C@@H]1C(F)(F)F,8.9,0.5030616240981537,0.628140115817312,0.14061696813679542
C[C@H](NC(=O)N1CCOCC1)c1ccccc1Oc1cccc(F)c1C(=O)F,8.9,0.7882545834374182,0.7916710156656133,0.27769704646947424
CC(=O)N1CCC(Cc2ccc(C(=O)NCC=CNC(=O)c3ccc(F)cc3Cl)cc2C)CC1,8.7,0.6146618481553054,0.8097088754707669,0.21649826193110777
O=C(NC1=CCc2cc(F)ccc21)c1ccc(F)cc1Cl,9.0,0.8942086784460678,0.8535219966867342,0.34345204950685215
O=C(NN=C(O)N1CCc2[nH]c(=O)ccc2C1)c1ccc(F)cc1Cl,9.6,0.42961986851651873,0.7960800213771984,0.1641656611740957
Cn1nc2c(c1-n1c(=O)[nH]c3ccccc13)CCCC2,8.2,0.7328877735597924,0.8218357633767841,0.24694848696973967
CCC1=C(C)CN(C(=O)c2cccc([C@H]3CCCN(C(=O)NC)C3)c2)CC1,9.0,0.824621046605472,0.7647119113400481,0.28376889150640566
Cc1ccc(NOc2c([N+](=O)[O-])cc(-c3ccc(F)c(O)c3)c(C)c2C)cc1C(N)=O,10.3,0.3930240510833042,0.7936602111992451,0.16064268896541645
CCNc1cc(NC(=O)CC2CCN(C(C)=O)CC2)nc(C)n1,8.3,0.8639716620602654,0.8447444589858133,0.3028816388121618
NC(=O)c1ccc(=O)n(Cc2cc(O)nc(C(=O)N3CCN(C4CCCCCC4)CC3)n2)n1,9.4,0.614544100489233,0.7917244810441443,0.2286783162481319
CCC(=O)Nc1nc(-c2c(C)cc(-c3ccc4c(c3)NC(=O)CC4)c3c2C(=O)N(CC(=N)O)C3)cs1,12.1,0.28990656962785294,0.7552401045336957,0.1324641861102006
CNCCC[C@](C(=O)[O-])(N1CCN(C(C)=O)CC1)N1CCN(Cn2nc(C(N)=O)ccc2=O)C(=O)C1,9.3,0.2983600901682866,0.6681477810452833,0.09269711397226127
CNC(=O)N1CCC[C@H](NC[C@H](C)NC(=O)C(=O)NNC(=O)N2CCO[C@@H](C)C2)C1,8.6,0.2685046165919344,0.6904051170457746,0.07971209333555868
O=C(CNc1cccc(F)c1)c1cncc(C(F)(F)F)c1,8.0,0.6932512619677706,0.8643565738570798,0.23968651424662366
Cc1ccc(CNC(=O)N2CCCC2)c([C@H](C)NC(=O)N2CCOCC2)c(C)n(C)cc1,10.1,0.7502712304328664,0.7173028846576881,0.27177671752190985
CC1=C(C(=O)C(C)(C)C(=O)Nc2nccn(C)c2=O)C(=O)CC[C@@H](c2ccccc2)C=CC=C1,11.2,0.5403525974335548,0.6538862702065978,0.19786432093807363
C[NH2+]CCNC(=O)CNC(=O)NNC(=O)NCC[C@H](C)Oc1cccc(F)c1C(N)=O,8.6,0.15293886088420408,0.702050388552384,0.046169438284661225
Cc1ccc(C(=O)C2=CC=CC=CN(C(=O)Nc3nccn(C)c3=O)C(=O)C2(C)C)c(F)c1F,11.8,0.6933746211061528,0.6804279766483202,0.2783569793941476
C[C@H](NC(=O)N1CCOCC1)c1cccc(N2C=C(C(F)(F)F)CC2=O)c1,9.5,0.8730653678683565,0.7439997143090091,0.3085411825268949
O=C1Cc2ccccc2N1CCN1C(=O)Cc2ccccc21,8.9,0.8696082766744919,0.864307233816856,0.3344658822319641
Cc1cc(-c2ccc(F)c(O)c2)ccc1C(=O)N1C=CC(=O)CC1,10.6,0.9200634397404281,0.8192414884200399,0.3994896951613193
CC(C)[C@@]1(CCC(=O)NC2CCCC2)C=CC=CC=C(Cn2nc(C(N)=O)ccc2=O)CCC1C,0.0,0.5785484745441454,0.610727932873683,0.0
O=C(C1=CCN(C(=O)c2ccccc2)C1)c1ccc(F)cc1Cl,9.0,0.8043287926617537,0.8537958569148076,0.3090296658473526
Cc1cccc(C(=O)Nc2ccccc2CC(=O)NC(=O)N2CCc3cc(F)ccc32)c1,11.7,0.6490618531691282,0.8604184520283279,0.3267019050600352
Cc1onc(O)c1CC(=O)Nc1ccc(S(=O)(=O)NC(=O)N2CCOCC2)cc1,10.1,0.6311562042376293,0.8252482470864355,0.2630345783483401
Cc1ccc(C(=O)c2cccc3c2CCNC3)c(F)c1F,9.4,0.8597204684957536,0.835200223544622,0.33747820191256406
Cc1cc(C2=CCC(=O)C(Nc3nccn(C)c3=O)=C2)cc(C)c1F,10.4,0.9338447050756976,0.7598192792208042,0.36896766957168614
CC(C)(c1ccc(N2C(=O)Cc3cc(C4=CC=C[SH]=N4)ccc32)cc1)c1ccc2c(c1)NC(=O)CC2,12.9,0.4390792535989549,0.7212969253785022,0.20427570257387692
CS(=O)(=O)C1(C(=O)CNc2ccc(CN3CCc4ccccc4C3)cc2C2=NOCC=C2)CCC1,9.9,0.6058448626958234,0.7371162665276816,0.221056161126234
COc1ccc(N2CCCC[C@H]2C2(Nc3ccc4c(c3)CNC4=O)CCCCC2)cc1,8.7,0.7069092776631588,0.7448237424383171,0.22903742398274698
CC1=C(C2CN(C(=O)c3cccs3)C2)S(=O)(=O)N/C1=N\C(C)NC(=O)CNC(N)=O,9.1,0.45692849364543187,0.6718728194416588,0.1396840150654978
CC(C)(C)CN1C(=O)C2(CCOCC2)c2ccccc21,7.9,0.7864926120836343,0.7805755594209006,0.24249717970974738
NC(=O)c1ccc(=O)n(CCC(=O)c2cccc(C3=Cc4ccccc4OC=C3)c2O)n1,11.0,0.5807681211392248,0.7831677335160708,0.2501613692220465
CCC(=O)Nc1ccc(-c2cccc([C@@H](NN3C=CC=CC3)C(=O)N3CCCC3)c2)cc1,9.7,0.6891263872105254,0.7531635732654911,0.25172707272816364
Nc1nc(C(F)(F)F)c(C(=O)N2CC=C(c3ccccc3)C2)s1,9.3,0.9133437604747562,0.8107427762935056,0.34432638807610927
NNC(=O)c1ccc(N2CC3=CC=C(c4ccccc4)C3[C@@H](C=O)C2)cc1,9.2,0.3807509035401251,0.7136412484187858,0.12499099306391956
NC(=O)c1ccc(C(=O)N2C(=O)C[C@@H](NC(=O)N3CCOCC3)[C@]2(O)C(F)(F)F)cc1,9.2,0.552385469616545,0.713533681169114,0.18130699327751862
Cc1cccc(Oc2ccc(F)cc2)c1-c1cc(C(F)F)nc(N2C=CC=CC2)n1,10.3,0.5020995468516356,0.7820068804808886,0.20221232966702238
CCc1nc(N)sc1C(=O)c1c[nH+]c(Nc2ccc(C)c(C(N)=O)c2)cc1C(C)C,10.3,0.499680570902199,0.7222292767459962,0.18585522772326166
CC1CCN(N2[N-]S(=O)(=O)C=C2c2ccc3c(c2)CNC3=O)CC1,9.7,0.8819725223171185,0.6912181751222755,0.29567318713125407
CCNC(=O)CNC(=O)N(C)[C@@H](Cc1ccccc1)c1ccc(Cl)cc1,8.9,0.7809145592756267,0.8254559185337214,0.2868516924463323
CCNC(=O)CNC(=O)Nn1nc(NC(=O)C(=O)N2CC[C@H](O)C2)c2c1COC2,9.5,0.3451177677639494,0.6977858925778269,0.11438869707122644
CCc1cc(=O)[nH]c(NN2C(=O)[C@](O)(C#N)[C@H](Cn3nc(C(N)=O)ccc3=O)c3ccccc32)n1,10.3,0.33522436907560327,0.6349085255160919,0.10961095709172954
Cc1cc(C(=O)c2cccc(-c3cccc(C(=O)C4Cc5ccccc5C4)c3)c2)ccc1O,12.0,0.382312141369093,0.8569558532553597,0.19657477639010085
CC(=O)c1ccc(C(C)(C)c2ccc3c(c2)NC(=O)CC3)cc1C(=O)c1c(C)cccc1C,12.1,0.4999504057049715,0.8174001919126537,0.24723903232988192
N=C1SCC(=O)N1c1cc(NC(=O)c2ccc(F)cc2Cl)ccn1,9.7,0.8755772494702067,0.8216651393959299,0.34892418182785345
CC=CNc1ccc(NC(=O)c2ccc(F)cc2Cl)cc1,8.6,0.8610136174243888,0.8817970944703065,0.32647290164200343
N[C@@H](CNC(=O)c1ccccc1O)C(=O)N1CCCCC1,8.6,0.7507812229826749,0.8391651003525102,0.2709126421406258
Cc1ccc(C(=O)c2ccc(Oc3ccc(-c4ccc(F)c(O)c4)cc3)cc2)c(F)c1F,9.0,0.3511911806817988,0.8624239089645539,0.13629405187686322
NC(=O)N1CCC=C(c2cc(CN3CCc4ccccc4C3)ccc2O)C1,10.4,0.8802368265845741,0.8212488576261501,0.37590461390198554
CC1CC=C(OC(=O)NCc2cccc(C(=O)N(C)C(=O)Nc3ccccn3)c2)CC1,9.9,0.7475292421322054,0.7522554050065183,0.27835479183321704
CCNC(=O)N=C(C)C(=O)C=Cc1ccc2c(c1)CC(=O)N2c1ccc(C(C)(C)C)cc1,7.9,0.5357452568419717,0.7821635165791617,0.16552095566243852
Cc1ccc(C(=O)c2cc(-c3ccc(OCF)cc3)cn(C)c2=O)c(F)c1F,9.5,0.6175118854497554,0.8253085190135059,0.2420779643355433
Cc1ccc2c(c1)C(=O)C(C=CNC(=O)CCn1c(=O)[nH]c3ccccc31)=N2,10.1,0.7184288345651995,0.777659995037482,0.28214014878099225
Cc1cc(=O)n(-c2cccc([C@@H](NC(=O)N3CCOCC3)C(F)(F)F)c2)cn1,9.7,0.863063520304668,0.765520188012254,0.3204358859401214
Cc1noc(C)c1CNC(=O)c1ccc(Oc2cccc(NC(=O)N3CCOCC3)c2C(N)=O)cc1,9.4,0.457987794061021,0.8323147203663199,0.17915929189019064
CC(=O)N1CCC(Cc2ccc(C(=O)NCc3cnc(C)s3)cc2-c2c(N3CCOCC3)noc2C)CC1,10.5,0.4865162656321713,0.7803420006995511,0.19931576495054845
C[C@@H]1CC(c2ccccc2C(=O)C2C=Cc3cc(F)ccc32)=NO1,8.9,0.7892215230085328,0.6973746533456129,0.2449204732793326
Cc1cc(-c2cc(F)nc3c2OCO3)c(C)cc1CNC(=O)C1Cc2ccccc2C1,11.6,0.6433240695469211,0.7896381076473664,0.29463605651099944
CCC(=O)Nc1nc(C(=O)N[C@H](Cc2cc(C)ccc2C)C(F)(F)F)cs1,9.1,0.7710223112867273,0.7830128846637684,0.27469278386583956
O=C1CCCc2sccc2N1N1CCc2ccccc2C1,8.7,0.8054665313634112,0.8045145356950195,0.2818841466365049
Cc1cccc(C)c1C(=O)C(=O)C(C)(C)NCSC(=O)Cc1cccc(C#N)c1,8.6,0.4065744978996511,0.776245431742692,0.13570868656280363
CCCCCCCN1CCc2c(CNC(=O)NC=O)cccc2C1,8.0,0.5400810539849151,0.8319125944284596,0.17972009232889907
Cc1cc(C(=O)N2C(=O)CC3=C4CCCCC4=NN(C)C32)ccc1O,9.5,0.7982711005267606,0.6999268352310914,0.2653973983978646
O=C(NCc1cccc2c1CCN(CCC1CCCC1)C2)C(=O)N1CC[C@H](O)C1,9.3,0.741312926523087,0.773689270681205,0.26669882372271153
CO[C@@H]1CCC[C@H]1[C@H](N)C[C@@H](C)NC(=O)N(C)[C@H](C)Oc1cccc(F)c1C(N)=O,0.0,0.5251454844156415,0.6335783813936195,0.0
Cn1nc2c(c1-c1ccc(N3C(=O)CCCc4sccc43)cc1)CCCC2,10.4,0.6282223984370503,0.808920203093406,0.2642545308683932
O=C1CCc2ccc(-c3ccc(NC(=O)c4ccc(F)cc4Cl)cc3)cc2N1,9.1,0.6342824157513176,0.8801323027297896,0.2540048616360805
NC(=O)NC(=O)NCNN1CCN(C(=O)CNc2cccc(F)c2)C(=O)C1,8.9,0.3865408865570996,0.7742024828726985,0.13317110677642266
Cc1cc(=O)n(-c2ccccc2C(=O)Nc2nccn(C)c2=O)cn1,8.6,0.7650097397773548,0.8346323290695062,0.2745558001746291
FC(F)c1cc(Nc2ccc(C(F)(F)F)cn2)ncn1,8.5,0.8778988242720769,0.8221609333791954,0.3067539996298123
CCOC(=O)Cc1ccc(Cl)c(C(=O)NN2CC(=O)N(CC3CCN(C(C)=O)CC3)[C@@H](C)C2)c1,8.3,0.5833807119705614,0.7442967769044935,0.18019647920559406
CC1=CCC(Cc2ccc(N3C(=N)SCC3=O)cc2)CC1,8.5,0.8577925627772537,0.7518370342942746,0.2740910919862077
COc1c(N2C(=O)Cc3ccccc32)cccccn(C)c1C(=O)NN1C(=O)Cc2ccccc21,12.1,0.634154377779648,0.7431618056562999,0.28512398403562017
CCC(c1[nH]c(=O)[nH]c1N1CCc2[nH]c(=O)ccc2C1)C1CN(C(=O)C2=CC=CSS2)C1,9.4,0.5794019306364429,0.6133751221797694,0.16703364309780155
CCN(C(=O)CCc1ccc(C(=O)c2ccc(O)c(C)c2)nc1N(C)C)c1ccc(F)cc1,10.0,0.5121749606987036,0.8216896255559334,0.21042442583782134
Cc1cc(C(=O)c2ccc(C(=O)C3Cc4ccccc4C3)cc2)ccc1O,11.1,0.6989445341350198,0.8762124222666379,0.33989525522288216
CN(C)S(=O)(=O)N1CCN(N2CCO[C@@H](N3C(=O)CCCc4sccc43)C2=O)CC1,9.0,0.6290386483237019,0.693589113024619,0.19633246116706873
CNC(=O)N1CCC[C@H](c2cc(C)c(C(=O)NO)cc2C(=O)OC)C1,9.3,0.4344562304566074,0.7773858462201024,0.1570491578269841
COc1cc(C(=O)c2ccc(CNC(=O)N3CCC(C)CC3)cc2)ccc1O,10.0,0.7750812377636973,0.882845834862214,0.3421386212197648
CN(C(=O)Nc1ccccn1)C(=O)c1cccc(CNC(=O)OC2=CC=NOC2)c1,8.5,0.7824163310342525,0.7582338930032502,0.2521331967675039
Cc1cc(CNC(=O)C2Cc3ccccc3C2)ccc1NC(=O)c1ccc(F)cc1Cl,10.8,0.5861967617575088,0.8734199847590188,0.276477822028816
Cc1cc(-c2ccnc3c2OCO3)c(C)cc1CNC(=O)C1C=CC(F)C1,10.3,0.8375939568031566,0.6692573041579187,0.2886914248571581
CCC(=O)Nc1ccccc1C(=O)Nc1ccc(C2=CC=C(C(=O)c3ccc(F)cc3Cl)C2)cc1,11.0,0.36426031065232906,0.831335888905304,0.1665524680319919
Cc1ccc(-c2ccc(N3C(=O)CCCc4sccc43)cc2-c2c3c(nn2C)CCCC3)cc1,11.7,0.3251626885262862,0.7992084722482584,0.15202557368459926
Cc1cc(=O)n(-c2ccccc2S(=O)(=O)c2ccc(F)c(O)c2)cn1,9.3,0.7236181123922183,0.8295662134459992,0.2791344489273416
C[C@H](NC(=O)N1CCOCC1)c1cccc(N2C=C(C(F)(F)N3C(=O)Cc4ccccc43)CC2=O)c1,11.3,0.6418617941976951,0.7068387632656773,0.25633643019097596
Cc1c(N2C(=O)Cc3ccccc32)c(O)c(Cc2ccc(C(F)(F)F)cn2)n1C,10.0,0.7133892688366048,0.7805584916258468,0.278421025812583
O=C(CCn1c(=O)[nH]c2ccccc21)NC(=O)N1C=[SH]C=CC1,8.6,0.5790047864866693,0.7239734362585407,0.18024915649964557
C[C@@H]1CC(c2cccc(-c3ccc4c(c3)CNC4=O)c2)=NO1,10.0,0.9243005078491632,0.7729124748685512,0.3572016965219777
CC(C)(C/N=C/c1ccc([N+](=O)[O-])cc1)CC(=O)c1ccc(F)c(O)c1,9.6,0.34804191784151034,0.8057712027476877,0.13461223427796754
CCc1ccc2c(c1)CCN2Nc1ccccc1C1=Cc2ccccc2OC=C1,10.3,0.5930519689701248,0.7855705443986553,0.23993034143208603
C=CC(=Cc1ccccc1O)Cc1ccc(NC(=O)N2CCOCC2)c(F)c1,10.2,0.7618778814145885,0.8200059565759433,0.3186196444811456
Cc1ncc(-n2c(-c3ccc4c(c3)CNC4=O)cc3c2C=C(OCC(=O)NC2CCCC2)C3)s1,11.3,0.5627633963295047,0.7287338801736664,0.23170918568620463
CC(=O)N1CCC(C[C@H]([O-])c2c(Cl)c(Cl)c(F)c(F)c2-c2cc(C)c(F)c(C)c2)CC1,10.5,0.41978170815912247,0.7033091226743924,0.1549990600620789
CCCS(=O)(=O)C(=O)NN=C1CCC([C@H]2CCCN(C(=O)NC)C2)CC1,8.3,0.7214674565054094,0.7108260830343655,0.21282772274997028
CCc1nc(N)sc1C(=O)N1CCC(NC(C)=O)(C(=O)COc2ccccc2)CC1,8.6,0.6947682851432573,0.8006627753612021,0.2391982944687697
CN1C(=O)[C@H](C(=O)CNc2cccc(F)c2)c2cc(CCC(=O)NC3CCCC3)ccc2N(C)C1=O,10.7,0.5465808250290446,0.7520083763355816,0.21990284693994608
O=C(COC(=O)C1Cc2ccccc2C1)NS(=O)(=O)CNS(=O)(=O)c1cccs1,8.6,0.5462270248247131,0.8056368510750394,0.18922606670830375
CCc1cc(=O)[nH]c(Nc2ccc(Oc3ccc(NC(=O)c4ccc(F)cc4Cl)cc3)cc2)n1,9.1,0.30650306649791065,0.8438859496391379,0.1176874022591982
CC(=O)N[C@H](NC(=O)C(=O)c1ccc(C)c(F)c1F)C1CCC1,8.1,0.4928675825700919,0.7436459051131705,0.1484401786142169
O=C[C@H](NNC(=O)C(=O)N1CC[C@H](O)C1)C(=O)N1CCCCC1,7.5,0.23301949085559368,0.7039640255674038,0.06151400205688896
CC1CC=C(OC(=O)NCC(CC=O)c2ccccc2)CC1,7.8,0.8133058964873802,0.7192601909662122,0.22814163622436917
Cc1cc(C(=O)c2ccc(CNC(=O)N3C=C4CCCCC4=CC3)cc2)ccc1O,10.4,0.7191045792967389,0.8053857713574541,0.30116143006746243
Cn1nc2c(c1C(CC=O)C1=C(C(N)=O)CC=C1)CCCC2,7.9,0.8407637455648567,0.6605347530943576,0.21936470086951113
C[C@H](NC(=O)N(C)CC=O)N1CCc2[nH]c(=O)ccc2C1,7.8,0.7601170469070146,0.7047352482642127,0.20891569754713132
CC(=O)N1CCC(Cc2cc(C)c(CNC(=O)c3ccccc3Cl)c(N3CC[C@@H]3c3ccccc3)n2)CC1,11.9,0.4237058162464274,0.7632099336178655,0.19240901029510893
Cc1cc(-c2ccccc2)nc(N2CCc3cc(F)ccc32)n1,9.8,0.7071711575792566,0.8753236710983278,0.3033117903360932
O=C(CNC(=O)NC1C=CC=CC1)Cc1ccc2c(c1)CC(=O)N2,8.8,0.7660845361927942,0.7320653933118157,0.24676255001115427
CC(=O)N(c1ccc(NC(=O)c2ccc(F)cc2Cl)cc1)c1ccc(Sc2ccc(F)c(O)c2)cc1,8.6,0.2753408458864953,0.8310661517538025,0.09839537660095639
CC1(NC(=O)c2ccc(F)cc2N2CCc3[nH]c(=O)ccc3C2)C=Cc2cc(F)ccc21,11.3,0.6588664464164372,0.7115364070487468,0.264876217164592
CCOc1ccc(F)c(N[C@H](C(=O)N2CCCCC2)c2ccc(-c3csc(NC(=O)CC)n3)nc2)c1,9.9,0.4070152218135474,0.7692606438028062,0.15498489182706654
Nc1nc(C(F)(F)N2Cc3ccccc3[C@@H](C=O)C2)c(C(=O)N2CC=C(c3ccccc3)C2)s1,11.1,0.43923022759155383,0.6899408115274706,0.16818878711791127
O=C(Nc1ccc(C=C[O-])cc1)NS(=O)(=O)c1ccnc2c1OCO2,9.3,0.7638834233790753,0.7706103417610399,0.2737252566694202
O=C(Cc1c(N2CCOCC2)noc1C1Cc2ccccc2C1)NC(=O)N1CCc2cc(F)ccc21,13.0,0.6035236059967483,0.7784607363111594,0.30538262995850657
NC(=O)c1c(F)cccc1NC(=O)N1CC=C(C(=O)C2CC3=CCCC=C3C2)C1,11.0,0.8190583755672625,0.7435795282112126,0.334969272264961
NC(=O)c1c(F)cccc1Oc1ccc(NC(=O)c2ccc(F)cc2Cl)cc1,9.8,0.6450791338950835,0.8896378204812687,0.28120452941101964
COCCOc1ccccc1Oc1nc(C(F)F)cc(N2CCc3[nH]c(=O)ccc3C2)n1,9.1,0.5322440325842285,0.7882602709117855,0.19089380551879143
O=C(C1Cc2ccccc2C1)[C@@H](Nc1ccc(-c2cccnc2)cc1)C(=O)N1CCCCC1,11.1,0.5736356344968702,0.7821757220304573,0.24901954596021883
Cn1ccnc(NC(=O)C(=O)NN=C2CCC([C@H]3CCOC3)CC2)c1=O,9.8,0.5979771566033978,0.7295024112856936,0.21375063104161135
CCCC(C(O)=NC1CCN(C(C)=O)CC1)[C@H](C)NC(=O)N(C)CC(=O)Cn1nc(C(N)=O)ccc1=O,8.9,0.27800864737958814,0.6586659755127352,0.08148610243262733
CO/N=C(/c1ccc(F)cc1)N(NC([O-])=CC(=O)CNc1cccc(F)c1)C(=O)[O-],8.2,0.20746102383071524,0.7223207412908549,0.06143989421416839
CC1=CC(c2ccc(F)c(O)c2)=C(n2cnc(C)cc2=O)C1N1CCc2cc(F)ccc21,10.9,0.6694613090344751,0.7070355335632577,0.2579664489390651
O=C1C=CN(c2ccc(CN3C(=O)Cc4ccccc43)cc2CCN2C(=O)Cc3ccccc32)CC1,11.7,0.5340053084503364,0.7861589048093277,0.24559062164540496
O=C1Cc2ccccc2N1Cn1c(=O)[nH]c2ccccc21,8.4,0.7783060633538841,0.8506552345519531,0.2780694532877124
CCN(C=O)CCN(CC(=O)c1cccc(O)c1)/C(C)=C/C(=O)NOc1cccc(F)c1C(N)=O,9.1,0.16895542903924968,0.7313276575533226,0.056220609058336944
COC(=O)C(=O)c1ccccc1NC(=O)NS(=O)(=O)Nc1ccc(C)c(C(N)=O)c1,10.1,0.28469838630013805,0.8367640438458042,0.12030381336342359
CCNc1cc(-n2c(=O)[nH]c3ccccc23)nc(C)n1,7.6,0.7605234543993131,0.8410548801341948,0.24306394585604207
CNC(=O)c1ccc(Cl)cc1-c1cc(F)c(F)c(F)c1C(=O)c1c(C)cccc1C,9.5,0.42947638313936154,0.8328111473595742,0.16989454171791257
CCNc1cc(-c2c(C)nn(C(=O)C3Cc4ccccc4C3)c2C)nc(C)n1,10.9,0.7517454025571733,0.8023073733237526,0.3287063292369497
CNC(=O)N1CCC[C@H](n2c(=O)n(CCC(C)(C)C)n(CNC(=O)N3CCCC3)c2=O)C1,9.2,0.6948021460791186,0.7062137969665212,0.22571227639259003
CC(C)N(C=O)CC(=O)N(C)[C@H](NC(=O)C(=O)CNc1cccc(F)c1)C1CCC1,8.3,0.320126115885566,0.7019222021577082,0.09325200571569493
CC(=O)NCC(=O)NCC(=O)NC(=O)C(=O)CN(C)C(=O)N[C@@H](C)C(=O)Nc1nccn(C)c1=O,9.0,0.20121285966114527,0.730011881752247,0.06609950024129256
CC1=CCC(OC(=O)NCc2cccc(C(=O)N(C)C(=O)Nc3ccccn3)c2)=CC1,10.3,0.7050263094757597,0.7809421875562216,0.2835511660294451
Cc1ccc(C(=O)C2=CC=C(SC(=O)C3=CCC(C)C(F)=C3F)C2)cc1NC(=O)N1CCOCC1,10.5,0.5304198912204168,0.6660701353266294,0.1854808455806875
Cn1ccc2c1CCN([C@H]1CCC=C(CN3CCc4ccccc4C3)C1)C2,10.1,0.767876038977554,0.7329705348218296,0.28422940803795416
O=C(NOc1cccc(N2C(=O)Cc3cc(F)ccc32)c1)N1CCOCC1,10.2,0.8413479780991193,0.8178184828726985,0.35091566277868746
Cc1cccc(C)c1C(=O)NC(=O)c1noc(C)c1CC(=O)NC(=O)N1CCc2cc(F)ccc21,12.0,0.555881158828627,0.8006673862739146,0.26704554871093894
CC=Cc1ccc(CNC(=O)C2=C3CCCCC3=NN(C)C2)cc1C,9.1,0.9076901247107036,0.769615108824962,0.31785027551940004
Cc1cc(C(=O)c2ccc(NC(=O)c3ccc(F)cc3Cl)c(N3C(=O)COc4ccccc43)c2)ccc1O,12.3,0.3069518931918724,0.8266710016822773,0.15605516084311585
CCC(=O)Nc1nc(-c2cc(-c3ccc4c(c3)NC(=O)CC4)ccc2OC)cs1,10.7,0.6413487013014628,0.8463289619687568,0.29039370963837535
NC(=O)c1c(F)cccc1Oc1cccc2c1CCNC2,8.3,0.9100832316305973,0.8486401105502718,0.3205182507348896
CC1=C(NC(=O)c2ccc(F)cc2Cl)S(=O)(=O)N/C1=N\S(=O)(=O)c1ccccc1Cl,10.6,0.6800992068126025,0.7658206440357377,0.27604202666179345
Cc1ncc(-c2ccc(N3CCc4cc(F)ccc43)c(C)c2)s1,9.6,0.6389766243054879,0.8468951145802188,0.25975016709853327
CC=CCNC(=O)c1ccc(CC2CC=C(C)CC2)cc1,8.9,0.8028207370204318,0.7878552394224797,0.2814654031704609
CCC(CC=CNC(=O)CCn1c(=O)[nH]c2ccccc21)CCNC(C)=O,7.7,0.5969576475323216,0.7467647453481453,0.17162796637259428
N[C@H]1COC[C@@H](C(=O)C[S@@+]([O-])CC(=O)CNc2cccc(F)c2)CN(S(N)(=O)=O)C1,8.4,0.3751341670283028,0.6089442499375668,0.0959430334661416
Cc1cccc(C)c1C(=O)c1cc(Cl)cc(CNC(=O)N2CCC(C)CC2)c1,9.7,0.7255592976359078,0.8609725344852135,0.3029730142913759
Cc1noc(C)c1CNC(=O)Nc1ccc(CNC(=O)N2CCCC2)c(OCC(C)C)c1,9.2,0.5723425582251184,0.8381905756312208,0.22067678363500043
CCc1nc(N)sc1C(=O)NC(=O)C(=O)c1ccc(C(N)=O)cc1,9.3,0.5314966006436909,0.8303004445270789,0.20520536665727585
CC1=NN(C(=O)Nc2cccc(C)c2)C(=O)/C1=N\NNS(=O)(=O)C(C)C,9.1,0.6539088669758337,0.7638831946993978,0.22727704742823232
O=C(CNc1cccc(F)c1)c1ccc2c(c1)CC(=O)N2c1nc2c(c([N+](=O)[O-])n1)CCC2,9.7,0.34882257261564154,0.7815783271979905,0.13222659895500882
CCC(=O)N[C@H]1CN(c2ccccc2N2C(=O)Cc3ccccc32)c2ccccc21,10.1,0.6985589443582145,0.7808020724789577,0.27544531710932146
Cc1noc(C)c1CNC(=O)N=C(O)CN(C(=O)c1nnc2cccc(C)n12)c1ccc(Cl)cc1,9.6,0.30607693390092605,0.7520794596203032,0.11049320402421489
CN(C)c1nc(N2CCc3cc(F)ccc32)ccc1COCC(=O)NC=O,9.1,0.7469838547665635,0.7892256353693247,0.2682401573618896
CC(=O)N1CCC(CNC[C@H](C)NC(=O)C(=O)CNC(=O)CSC(=O)C2CCCCC2)CC1,7.8,0.37321015150654613,0.7322234705392323,0.10657656062687242
Cc1cc(=O)c(O)c(CN2C(=O)Cc3ccccc32)n1C,8.2,0.9084754491347196,0.8226252741223319,0.30640729480492146
CCN(C1=NO[C@H](C)C1)c1cccc(-c2c3c(nn2C)CCCC3)c1,9.5,0.8518755000388456,0.7046386239978804,0.2851255805783173
CNC(=O)C(=O)N(N=CNC(=O)C(=O)N1CC[C@H](O)C1)NC(=O)N1CCOCC1,9.6,0.15527300734392105,0.6725554153698496,0.05012625693595993
Cc1ccc(CCOc2ccc(Nc3ccc(C(F)(F)F)cn3)cc2)cc1N1CCc2cc(F)ccc21,10.9,0.26140475925909723,0.8323256257308544,0.11857776450154656
CCC(=O)Nc1nc(-c2ccc(N3C(=O)CCCc4sccc43)cc2[C@H]2NC(=O)C(C)=[NH+]2)cs1,10.5,0.5072159713882652,0.6729936267534817,0.1792103859692364
Cc1ccc(C(=O)c2cc(F)ccc2NC(=O)N2CCOCC2)c(C)c1F,10.0,0.8341837066855727,0.853124739282955,0.3558313786401091
O=C(Nc1nc(-c2ccc(N3C(=O)Cc4ccccc43)cc2)cs1)C(=O)c1ccccc1Cl,10.2,0.306137503467766,0.8470301852391654,0.1322469301981883
Cc1c2c(nn1C(=O)C1Cc3ccccc3C1)CCCC2,9.6,0.804138506951446,0.8209283745267325,0.316867256354882
C[C@@H]1CC(CCc2ccc3c(c2)[nH]c(=O)n3-c2c3c(nn2C)CCCC3)=NO1,10.0,0.7568793922235459,0.7020161994082655,0.26567079716960584
CNC(=O)N1CCC[C@H](N2CC=C(Nc3ccc(C(=O)c4ccc(O)c(C)c4)c(C(N)=O)c3)C2)C1,11.7,0.47339167600604126,0.7316156612292982,0.20260934697603925
Cc1cc(=O)c(O)c(Cc2ccc(CNC(=O)CN3C=C4C=CCCC4=CC3)cc2)n1C,8.7,0.7372499113270663,0.7524160851644227,0.24130263104981006
CCNc1cc(-c2cc3c(n2C)CCNC3)nc(C)n1,8.1,0.8945692723458682,0.780685919270497,0.28284294206665184
NC(=O)c1c(F)cccc1Oc1ccc(C(=O)Nc2ccccn2)cc1,10.1,0.7367823021100304,0.8916978783940814,0.3317785438930597
N=C1SCC(=O)N1c1cccc(NNC(=O)C(=O)N2CC[C@H](O)C2)c1,9.0,0.4329283477290288,0.7372784835827397,0.14363494007113772
CCC(=O)Nc1nc(-c2cccc(-c3ccc(C)c(C(=O)NC)c3)c2)cs1,9.8,0.6858657539485258,0.8750327203895676,0.294075938484814
CC(=O)N[C@@H](C)C1=CC(=O)N(c2ccc(S(=O)(=O)NC(=O)N3CCOCC3)cc2)C1,9.8,0.6800704754096942,0.746254402754969,0.24867773736449317
Cc1noc(C(=O)N2CCc3cc(F)ccc32)c1CNC(=O)NC(=O)N1CCc2cc(F)ccc21,11.2,0.5960061488773971,0.7879588881283031,0.26299187173675675
CC(=O)N1CCC(Cc2[nH]nc([O-])c2-c2ccc(F)cc2CN=NC(=O)N2CCC(C(F)(F)F)CC2)CC1,11.3,0.448381332141205,0.7052725235953843,0.17867053401354266
COC[C@@H](C)N[C@H](C)C(=O)NCC[C@H]1CN(N2C(=O)CCCc3sccc32)Cc2ccccc21,9.3,0.5703994795248465,0.6643553879280952,0.17621080488457655
CCOC(=O)c1cccc([C@@H]2CC(=O)NCCN2c2ccnc3c2OCO3)c1,9.7,0.8083910342601816,0.7469140151727477,0.29284231771602737
CC(C)(CC(=O)C(=O)N1CCOCCOCCOC1)Cc1ccc2c(c1)NC(=O)CC2,11.0,0.7150697676589393,0.7158300553561685,0.2815276372517516
CCC1=CC(c2ccc3c(c2)N(C2CN(C(=O)c4cccs4)C2)C(=O)C3)C(N)=N1,9.5,0.8479331612343626,0.6929160016737897,0.2790845664903374
CC1=CC=C2CC(=O)N(C3CN(C(=O)c4cccs4)C3)C12,7.8,0.8386237118732132,0.7141262476797592,0.23356444978436283
CCCN(C(=O)CNC(=O)C(=O)N1CC[C@H](O)C1)C(C)C,7.1,0.6597263859506654,0.7854599830122234,0.18395697994504143
O=C1Cc2ccccc2N1c1ccc(N2C(=O)CCCc3sccc32)cc1,10.4,0.6353490593072171,0.8373439616133671,0.27664296313036824
Cc1cc(C(=O)c2ccc(Br)c(C(F)(F)F)c2C(=O)NCc2c(C)noc2C)nc(=O)[nH]1,9.3,0.5036819804863898,0.7679051452992787,0.1798526927506638
C[C@@H](C(N)=O)S(=O)(=O)COCC(=O)NS(=O)(=O)N1C(=O)Cc2ccccc21,7.7,0.49685167946608066,0.703098056189351,0.13449414826810108
COC(=O)[C@H](C)C[NH2+]CC(=O)N[C@@H]1OCCN(CNC(=O)c2ccccc2O)C1=O,9.0,0.32774438544462614,0.6320692785628995,0.09322072076746157
Cc1ccc(Nc2ccc(Nc3ccc(C(F)(F)F)cn3)cc2)cc1C(N)=O,10.6,0.5768110238772908,0.8706975837948784,0.2661808213419897
C[C@@H]1CC(c2ccc(C(=O)CNc3cccc(F)c3)cc2)=NO1,8.7,0.8577213557282785,0.8043322248044082,0.300103422947103
C[C@H](NC(=O)N1CCOCC1)c1cc(O)c(C(=O)NC2=Cc3ccccc3OC=C2)c(C(C)(C)C)c1,9.5,0.5860822545823807,0.7174339665869144,0.1997257754093386
CC1=C2CCC(c3cc4c(n3-c3cnc(C)s3)CCNC4)CC2C=C1,10.3,0.85279958034648,0.5999752310229165,0.2635041919958322
O=C(Nc1ccc(Cn2c(F)cc3c2CCNC3)cc1F)N1CCOCC1,9.6,0.8645402495813127,0.7998681870147103,0.33192875617624784
O=C1CCc2ccc(Oc3cccc(C(=O)Nc4ccc(N5CCc6ccccc6C5)cc4F)c3)cc2N1,11.0,0.3318057268750989,0.8347441903274283,0.15233509655449703
CNCCc1c([C@H](C)NC(=O)N(C)CC(=O)Cc2c(O)c(=O)cc(C)n2C)nc(S)n(C)c1=O,8.7,0.28675659850757573,0.6655400502269155,0.08301888042352965
CCC(=O)Nc1nc(C2=C(C)/C(=N/NS(=O)(=O)N3CCC(C)CC3)NS2(=O)=O)cs1,9.1,0.5221057088463258,0.7229947551700113,0.1717532585587976
Cc1ncc(CNC(=O)c2cc(-c3ccc(-c4ccccc4)cc3)cn(C)c2=O)s1,9.4,0.5249831754480219,0.856872712323465,0.21142656601105606
Cc1noc(C)c1CNC(=O)N1CCCC[C@@H]1CCC(=O)NC1CCCC1,9.1,0.7980459875457048,0.7897570582983531,0.28676941543745943
CC(=O)c1cc(C(C)(C)c2ccc3c(c2)NC(=O)CC3)ccc1C,10.0,0.8512799193242888,0.8431662074820725,0.3588852305411526
CC(=O)N1CCC(CC2=CCCC(=O)N2c2cc(F)cc(Nc3cc(F)cc(Nc4ccccn4)c3)c2)CC1,11.8,0.3636837882599181,0.772834897904166,0.16582983878785995
CNC(=O)C[C@H](C)C(=O)NCCC(=O)NNC([O-])=CCNC(=O)Oc1ccccc1,0.0,0.2236685201475107,0.735038091355525,0.0
Cc1cc(N2C=CCCC2)ccc1N1CCc2[nH]c(=O)ccc2C1,9.1,0.9217305901928661,0.7836221182379833,0.3286412572769145
O=C(NCN1C=C(F)CCC1)NC(=O)N1CCc2cc(F)ccc21,10.1,0.8719693491708165,0.7612032429955788,0.33519167767269276
O=C(c1ccc(F)cc1Cl)c1cc(CNC(=O)C2Cc3ccccc3C2)ccc1-c1ccnc2c1OCO2,12.7,0.3328504493449845,0.7969793292425673,0.16844957918922857
COc1ccc(CNC(=O)Oc2ccccc2)c(C)c1C1=CC[C@H](C)C1,8.4,0.8145411247753834,0.7825843239676062,0.26772778849998596
CC(=O)c1c(C)cc(S(=O)(=O)[C@@H](C)C(=O)Nc2ccc3c(c2)NC(=O)CC3)cc1C(=O)C1(S(C)(=O)=O)CCC1,9.9,0.4550029679146155,0.7065588546152018,0.15913575604885274
Cc1cc(=O)c(O)c(CN2C=c3ccccc3=CC2)n1C,8.7,0.8688714934254037,0.7409274725667863,0.2800402804299208
COCOCC(=O)N(Cc1cc2c(n1C)CCN(C(=O)CNc1cccc(F)c1)C2)OC,8.1,0.33821905016714243,0.7661601482807934,0.10494763283911601
CNC(=O)CCC(=O)N[C@H](C)NC(=O)N(C)CC(=O)NC(=O)c1ccc(F)cc1Cl,8.8,0.43001805245701846,0.7728092961748021,0.14622165732317774
N=C1SCC(=O)N1c1ccccc1CNC(=O)N1CCCC1,8.1,0.8948008821859333,0.8333740836337059,0.3020100654166652
O=C1Cc2ccccc2N1c1ccc(F)c(N2CCc3[nH]c(=O)ccc3C2)c1,11.2,0.7478034095372492,0.8172698169748036,0.34224800716155934
Cc1cc(C(=O)n2c(=O)[nH]c3ccccc23)ccc1O,8.3,0.7087438851222576,0.8707428115010737,0.2561104619137027
C[NH+](CC(=O)NC1CC1)Cc1cccc(-c2cc(C(F)F)nc(N3C(=O)Cc4ccccc43)n2)c1OCCO,9.2,0.3446162717323939,0.6630495189508662,0.10510892046961019
C[C@@H]1CC(c2cc(Cl)ccc2N2C(=O)Cc3ccccc32)=NO1,8.7,0.8343197198503762,0.7662422481144318,0.27809159273619444
Cc1cc(=O)n(-c2ccc(C(=O)CNC(=O)Oc3ccccc3)cc2)cn1,8.5,0.7036199433356577,0.8618236110778267,0.25771841916656274
Cc1cc(=O)n(-c2c(F)cc(Br)cc2ON2C(=O)CCCc3sccc32)cn1,9.2,0.5840825920336566,0.7578249974717566,0.20361089886235334
COC(=O)C(=O)N1CCN(NC(=O)CN(CCNC(=O)N2CCCC2)S(C)(=O)=O)C(=O)NC(=O)[C@@H](C)C1,9.0,0.22399994918553753,0.6597797083422274,0.06650577951403848
CC1CCN(C(=O)NCCN(CC(N)=O)S(C)(=O)=O)CC1,6.9,0.6650872588116047,0.838541520806682,0.19240763210819545
Cc1cc(=O)c(O)c(Cc2ncc(N3C=C(Cl)C=CC=C(CNC(=O)c4ccccc4Cl)CCC3=O)s2)n1C,11.1,0.4130718886945833,0.6676237628720825,0.1530560178101604
CN(C(=O)Nc1ccccn1)C(=O)C1=CC=C(CNC(=O)CN2C=C3C=CCCC3=CC2)C1,10.7,0.7022154629853129,0.7031644362513111,0.26416852298400617
Cn1ccnc(NC2=CC(C(=O)c3ccc(C(N)=O)cc3)=CCC2=O)c1=O,10.4,0.7615709030854334,0.7813179700521855,0.3094150966657507
N=C1SC=C2CCC(=O)NC2N1c1ccccc1CNC(=O)N1CCCC1,9.7,0.7462143476853129,0.7159485821591074,0.25911178554286024
O=C(Nc1ccc(C2CCCCC2)cc1)c1ccccc1NC(=O)N1C=CC=CC1,11.5,0.6695038840043206,0.8370063234797505,0.3222179160908751
CC1CCN(C(=O)NCC(=O)C2Cc3ccccc3C2)CC1,9.5,0.9317008945083495,0.852096183755806,0.3771019188909068
Cc1cc(C(=O)c2cccc(C)c2C(=O)NC(=O)c2ccnc3c2OCO3)ccc1O,11.0,0.49443969639081625,0.8039657246513104,0.2186319128428691
CCc1nc(N)sc1C(=O)c1ccc(CCC(=O)NC2CCCC2)cc1,8.4,0.7294954164894604,0.8513269844231875,0.260836435889614
Cc1cc(-c2ccc3c(c2)NC(=O)CC3)ccc1-c1ccc(F)c(O)c1,10.7,0.6807426951058784,0.8549059865021896,0.31135448784280284
CCC(=O)Nc1nc(NC(=O)N[C@@H](C)CN2C(=O)CCCc3sccc32)cs1,8.5,0.6646451494611105,0.7480976953150777,0.2113182894185359
O=C(c1ccccc1)c1ccc(C(=O)c2ccc(C(=O)C3Cc4ccccc4C3)cc2)cc1,11.0,0.36629506949668,0.8962995420425965,0.18057055667328448
CC(=O)N1CCC(CC2C=CC(c3ccc(-c4csc(O)n4)c(N)c3)=NC2C)CC1,8.7,0.7226835214083053,0.6529098717046974,0.205253534281921
Cc1cccc(NC(=O)NCC(=O)C#CC(=O)c2ccc(O)c(C)c2)c1,9.4,0.44860141758248007,0.8194783473245505,0.17278099969533242
