SMILES,DS,QED,SA,SIM
Cc1ccccc1-c1ccc(-c2cc(Cc3ccccc3)ccc2-c2ccc(C(=O)N3CCc4cc5c(cc43)C3(CC[NH+](C)CC3)CO5)cc2)cc1,0.0,0.190909620303705,0.6829381740780381,0.6470588235294118
Cc1nc(-c2ccc(-c3ccc(C(=O)N4CCc5cc6c(cc54)C4(CC[NH2+]CC4)CO6)cc3)c(C)c2)no1,8.6,0.4491172348920248,0.682964107834425,0.8243243243243243
C[NH+]1CCC2(CC1)COc1cc3c(cc12)N(C(=O)c1ccc(-c2ncc(Cl)cn2)cc1)CC3,1.1,0.6371572433524644,0.6750439763920749,0.6410256410256411
Cc1cc(-c2ncon2)ccc1-c1ccc(C(=O)N2CCc3cc4c(cc32)C2(CC[NH+](C)CC2)CO4)cc1,8.2,0.4561316287721253,0.6605702062405235,0.7894736842105263
Cc1cc(C[C@@H]2CC23CC3)ccc1-c1ccccc1,8.7,0.7163505205893494,0.7729943456045513,0.1839080459770115
Cc1nc(OCc2ccc(-c3ccc(-c4noc(C)n4)cc3C)cc2)no1,9.2,0.5231256391634871,0.831965622912146,0.345679012345679
CC(=O)OCCCc1ccc(-c2ccc(C(=O)N3CCc4cc5c(cc43)C3(CC[NH+](C)CC3)CO5)cc2)cc1,6.7,0.3906762338328176,0.691021805602268,0.5764705882352941
Cc1cc(-c2ncon2)ccc1-c1cc(-c2noc(C(F)(F)F)n2)ccc1-c1ccc(C(=O)N2CCc3cc4c(cc32)C2(CC[NH+](C)CC2)CO4)cc1,5.7,0.2126526988111736,0.6223949726430463,0.7078651685393258
Cc1nc(-c2ccc(-c3ccc(-c4ccc(-c5noc(C)n5)cc4C)cc3)c(C)c2)no1,6.7,0.3355431220931654,0.8544220502775514,0.4117647058823529
C[NH+]1CCC2(CC1)COc1cc3c(cc12)N(c1cc(-c2ccc(C=O)cc2)cc(-c2ncno2)n1)CC3,4.6,0.4361153976624237,0.6262540012531294,0.422680412371134
C[NH+]1CCC2(CC1)COc1cc3c(cc12)N(C=O)CC3,9.0,0.7388810801359309,0.5926404324788772,0.4605263157894737
Cc1cc(-c2ncon2)ccc1C(=O)N1CCc2cc3c(cc21)C1(CC[NH+](C)CC1)CO3,11.6,0.6735165225072037,0.6439991398494447,0.6625
Cc1ccc(-c2ccc(-c3noc(C)n3)cc2C)cc1,9.6,0.6912089730380272,0.8999469179209694,0.3943661971830985
C[NH+]1CCC2(CC1)COc1cc3c(cc12)N(C(=O)c1ccc(-c2ncon2)cc1N)CC3,5.7,0.5951954418179323,0.6360724235549866,0.5764705882352941
Cc1nc(-c2ccc(-c3ccccc3)c(C(=O)N3CCc4cc5c(cc43)C3(CC[NH+](C)CC3)CO5)c2)no1,11.1,0.4561316287721253,0.6744651473354647,0.7922077922077922
CC(=O)N1CCc2cc3c(cc21)[C@]1(CC[N@H+](C)CC1)CO3,9.0,0.7553328015650862,0.6352967778840183,0.5555555555555556
CC(=O)N1CCc2cc3c(cc21)[C@]1(CC[N@H+](C)CC1)CO3,8.7,0.7553328015650862,0.6352967778840183,0.5555555555555556
Cc1cc(C(=O)N2CCc3cc4c(cc32)C2(CC[NH+](C)CC2)CO4)no1,9.5,0.8339375488010258,0.6449938180771003,0.6133333333333333
Cc1nc(-c2ccc(-c3cc(-c4noc(C)n4)ccc3-c3ccc(C(=O)N4CCc5cc6c(cc54)C4(CC[NH2+]CC4)CO6)cc3)c(C)c2)no1,0.7,0.229778073511578,0.6536975801936327,0.7692307692307693
C[NH+]1CCC2(CC1)COc1cc3c(cc12)N(Oc1ccc(C(N)=O)cc1)CC3,6.0,0.8362424195885411,0.6392682411936406,0.4819277108433735
Cc1cc(C[NH+]2CCC3(CC2)COc2cc4c(cc23)N(C=O)CC4)ccc1-c1ccc(-c2ccc(O)cc2)cc1,2.0,0.3541063750571483,0.6579716452445373,0.4615384615384615
Cc1nc(-c2ccc(-c3ccc(C(=O)N4CCc5cc6c(cc54)C4(CC[NH+](C)CC4)CO6)cc3)cc2)no1,5.2,0.4561316287721257,0.684339159809477,0.8571428571428571
O=CN1CCc2cc3c(cc21)C1(CC[NH+](Oc2ccccc2)CC1)CO3,10.0,0.8527875497701591,0.6345063721896547,0.3720930232558139
Cc1ccc(-c2ccc(-c3noc(C)n3)cc2C)cc1,9.6,0.6912089730380272,0.8999469179209694,0.3943661971830985
C[NH+]1CCC2(CC1)COc1cc3c(cc12)N(C(=O)c1ccccc1)CC3,9.8,0.8522853745142259,0.6851838315723771,0.6388888888888888
O=C(c1ccc(-c2ccc3cc2Nc2nc-3no2)cc1)[NH+]1CCC2(CC1)COc1cc3c(cc12)NCC3,11.8,0.346878875265775,0.5138459028122636,0.4505494505494505
C[NH+]1CCC2(CC1)COc1cc3c(cc12)N(C(=O)c1ccc(C=O)cc1)CC3,6.5,0.8099155606307847,0.671151811943878,0.6266666666666667
Cc1nc(-c2ccc(C)c(C)c2)no1,7.5,0.6901813673185062,0.9003375286114588,0.323943661971831
Cc1nc(-c2ccc(-c3ccc(C(=O)N4CCc5cc6c(cc54)C4(CC[NH+](C)CC4)CO6)cc3)cc2)no1,8.6,0.4561316287721257,0.684339159809477,0.8571428571428571
Cc1nc(-c2ccc(-c3ccc(C(=O)N4CCc5cc6c(cc54)C4(CC[NH+](C)CC4)CO6)cc3)c(-c3ccccc3)c2)no1,5.7,0.301756238793915,0.6788923234654237,0.8533333333333334
Cc1cc2ccc1-c1ccc(cc1)C(=O)N1CCC(C1)c1nc-2no1,6.8,0.6306911255758446,0.602854407078814,0.3255813953488372
C[NH+]1CCC2(CC1)COc1cc3c(cc12)N(C(=O)c1ccc(C(=O)N2CCc4cc5c(cc42)C2(CC[NH+](O)CC2)CO5)cc1)CC3,0.0,0.405624852650829,0.5533602383182232,0.6527777777777778
C[NH+]1CCC2(CC1)COc1cc3c(cc12)N(C(=O)c1ccc(-c2ccc(-c4ncon4)cc2C(=O)N2CCc4cc5c(cc42)C2(CC[NH+](C)CC2)CO5)cc1)CC3,0.0,0.2879664107469958,0.5262356890712059,0.6790123456790124
Cc1nc(-c2ccc(-c3ccc(-c4ccc(C(=O)N5CCc6cc7c(cc65)C5(CC[NH2+]CC5)CO7)cc4)cc3)c(C)c2)no1,0.0,0.2858199866473349,0.6843543389692994,0.8133333333333334
Cc1nc(-c2ccc(-c3ccc(-c4cc(-c5noc(C)n5)ccc4-c4ccc(C(=O)N5CCc6cc7c(cc65)C5(CC[NH+](N6CCCCC6)CC5)CO7)cc4)cc3)c(C)c2)no1,0.0,0.1688120069212925,0.6149054306689936,0.8
Cc1nc(-c2ccc(-c3ccc(C(=O)N4CCc5cc6c(cc54)C4(CC[NH+](C)CC4)CO6)cc3)cc2)no1,8.4,0.4561316287721257,0.684339159809477,0.8571428571428571
Cc1cc(-c2noc(C[NH3+])n2)ccc1-c1ccc(-c2ccccc2O)cc1,10.3,0.5803904026458317,0.829300336916091,0.3095238095238095
Cc1nc(-c2ccc(-c3ccc(C=O)cc3)c(C(=O)CC(=O)O)c2)no1,8.9,0.4127535604070681,0.842333241365061,0.3103448275862069
C[NH+]1CCC2(CC1)COc1cc3c(cc12)N(C(=O)c1ccccc1)CC3,8.9,0.8522853745142259,0.6851838315723771,0.6388888888888888
c1cc2ccc1N1CCc3cc4c(cc31)C1(CC[NH+]2CC1)CO4,8.2,0.8044241637063613,0.4518792950223503,0.3703703703703703
O=Cc1ccc(-c2ccc(-c3noc(CN4CCc5cc6c(cc54)C4(CC[NH+](O)CC4)CO6)n3)cc2)cc1,10.1,0.3981151976724328,0.6730513553841726,0.4456521739130434
C[NH+]1CCC2(CC1)COc1cc3c(cc12)N(C(=O)c1ccc(-c2ccc(-c4noc(C5CCC5)n4)cc2)cc1)CC3,0.0,0.3970337658128433,0.6797138003881611,0.6790123456790124
Cc1nc(-c2ccc(-c3ccc(C(=O)N4CCc5cc6c(cc54)C4(CC[NH+](C)CC4)CO6)cc3)c(-c3ccc(-c4noc(C)n4)cc3C3CC3)c2)no1,0.0,0.2025896553737002,0.6367540540844805,0.810126582278481
Cc1cc(-c2ncon2)ccc1-c1cc(-c2noc(N)n2)ccc1-c1ccc(C(=O)N2CCc3cc4c(cc32)C2(CC[NH+](C)CC2)CO4)cc1,7.7,0.2558645660121115,0.6270895717637067,0.7325581395348837
Cc1nc(-c2ccc(-c3ccc(C(=O)N4CCc5cc6c(cc54)C4(CC[NH2+]CC4)CO6)cc3)c(-c3ccc(C(=O)N4CCc5cc6c(cc54)C4(CC[NH+](C)CC4)CO6)cc3)c2)no1,0.0,0.2285662150112101,0.5391002194047139,0.8311688311688312
Cc1ccc(-c2ccc(C=O)cc2)c(C)c1,7.7,0.6892130872684734,0.9248494856450572,0.189873417721519
CN1CCCC(c2ccccc2C(=O)N2CCc3cc4c(cc32)C2(CC[NH+](C)CC2)CO4)C1,10.0,0.7707933578069331,0.617085355264283,0.4777777777777778
Cc1cc2ccc1-c1ccc(cc1)C(=O)Oc1nc-2no1,8.7,0.5904802361402011,0.6427631534009506,0.3205128205128205
C[NH+]1CCC2(CC1)COc1cc3c(cc12)N(C(=O)c1ccccc1C1CC1)CC3,11.2,0.8570104429113078,0.6698901864321207,0.524390243902439
Cc1nc(-c2ccc(C)c(C)c2)no1,7.4,0.6901813673185062,0.9003375286114588,0.323943661971831
Cc1cc2ccc1-c1ccc(cc1)-c1ccc(cc1C)-c1noc(n1)O2,6.7,0.357684733516082,0.6192825548165295,0.3076923076923077
Cc1cc(-c2ncon2)ccc1-c1ccc(C(=O)N2CCc3cc4c(cc32)C2(CC[NH+](C)CC2)CO4)cc1,9.1,0.4561316287721253,0.6605702062405235,0.7894736842105263
C[NH+]1CCC2(CC1)COc1cc3c(cc12)N(C(=O)C1CCCC(c2ncno2)C1)CC3,5.8,0.7985091180583482,0.5390015375702034,0.4565217391304347
Cc1nc(-c2ccc(-c3ccc(C(=O)N4CCc5cc6c(cc54)C4(CC[NH+](C)CC4)CO6)cc3)c(C3CC3)c2)no1,2.3,0.4000416141393673,0.6643440341739831,0.8421052631578947
C[NH+]1CCC2(CC1)COc1cc3c(cc12)N(C(=O)c1ccccc1)CC3,10.0,0.8522853745142259,0.6851838315723771,0.6388888888888888
Cc1cc(-c2noc(O)n2)ccc1-c1ccc(-c2ccc(COO)cc2)cc1,9.7,0.3742658079398289,0.8491019157402359,0.2976190476190476
Cc1nc(-c2ccc(-c3ccc(-c4ccc(-c5noc(C)n5)cc4C)cc3)cc2)no1,4.8,0.360373453943338,0.8599680363980833,0.4
Cc1nc(-c2ccc(-c3ccccc3)c(-c3ccc(CO)cc3)c2)no1,10.0,0.5745864218830452,0.8878898632939615,0.3086419753086419
C[NH+]1CCC2(CC1)COc1cc3c(cc12)N(C1CCN(CCc2ccc(C=O)cc2)CC1)CC3,10.8,0.6961515502648676,0.6707580502269156,0.3936170212765957
Cc1cc(Oc2ncno2)ccc1-c1ccc(-c2ccc(C=O)cc2)cc1,9.7,0.4530114298779513,0.8318134844955483,0.1956521739130435
Cc1nc(-c2ccc(-c3ccc(-c4ccc(-c5noc(C)n5)cc4C(N)=O)cc3)c(C)c2)no1,6.6,0.392334583815187,0.8317379718437373,0.4078947368421052
C[NH+]1CCC2(CC1)COc1cc3c(cc12)N(C(=O)c1ccc(N2CCc4ccccc4C2)cc1)CC3,0.0,0.611137582544341,0.6864657532198591,0.5802469135802469
C[NH+]1CCC2(CC1)COc1cc3c(cc12)N(c1ccc(F)cn1)CC3,10.0,0.8593276312793849,0.6467863204034533,0.4285714285714285
C[NH+]1CCC2(CC1)COc1cc3c(cc12)N(C(=O)c1ccccc1)CC3,10.0,0.8522853745142259,0.6851838315723771,0.6388888888888888
CC(=O)N1CCc2cc3c(cc21)[C@]1(CC[N@H+](C)CC1)CO3,6.1,0.7553328015650862,0.6352967778840183,0.5555555555555556
Cc1nc(-c2ccc(OC(F)F)c(C(=O)N3CCc4cc5c(cc43)C3(CC[NH+](C)CC3)CO5)c2)no1,6.0,0.5972374659429703,0.6524389858491094,0.6987951807228916
C[NH+]1CCC2(CC1)COc1cc3c(cc12)N(c1ccc(Oc2ccc(C=O)cc2)cc1)CC3,0.0,0.6235032075985664,0.6836367846791488,0.4090909090909091
C[NH+]1CCC2(CC1)COc1cc3c(cc12)N(C=O)CC3,8.0,0.7388810801359309,0.5926404324788772,0.4605263157894737
C[NH+]1CCC2(CC1)COc1cc3c(cc12)N(C(=O)c1ccccc1)CC3,8.7,0.8522853745142259,0.6851838315723771,0.6388888888888888
C[NH+]1CCC2(CC1)COc1cc3c(cc12)N(C(=O)c1cc2ccc1-c1ccc(cc1)C2)CC3,11.5,0.4953437550300106,0.4961386086283954,0.6075949367088608
Cc1nc(-c2ccc(C)c(C)c2)no1,7.4,0.6901813673185062,0.9003375286114588,0.323943661971831
Cc1ccccc1-c1ccc(N2CCCC([NH+]3CCC4(CC3)COc3cc5c(cc34)N(C=O)CC5)C2)cc1,6.5,0.5381301823477107,0.6034103395677359,0.4081632653061224
Cc1ccc(-c2ccc(-c3noc(C)n3)cc2C)cc1,9.6,0.6912089730380272,0.8999469179209694,0.3943661971830985
Cc1nc(-c2ccc(-c3ccc(C(=O)N4CCc5cc6c(cc54)C4(CC[NH+](C)CC4)CO6)cc3)c(CCCCCC(C)CCO)c2)no1,0.0,0.1945522952497859,0.6024599386168222,0.7272727272727273
Cc1ccc(-c2ccc(-c3noc(C)n3)cc2C(=O)N2CCc3cc4c(cc32)C2(CC[NH+](C)CC2)CO4)cc1,5.2,0.4384069556977493,0.6712166320147933,0.8026315789473685
CCCCOc1ccc(C=O)cc1,6.1,0.5115218266865138,0.9309282698650392,0.057471264367816
C=CCc1ccc(-c2ccc(C=O)cc2)c(C)c1,8.1,0.5739747448854959,0.8834049225016525,0.1744186046511628
Cc1nc(C(=O)c2ccc(C(=O)N3CCc4cc5c(cc43)C3(CC[NH+](C)CC3)CO5)cc2)no1,7.0,0.6005865222347473,0.6593455761295844,0.7432432432432432
Cc1nc(-c2ccc(-c3ccc(C(=O)N4CCc5cc6c(cc54)C4(CC[NH2+]CC4)CO6)cc3)c(C)c2)no1,4.9,0.4491172348920248,0.682964107834425,0.8243243243243243
Cc1ccc(-c2ccc(-c3noc(C)n3)cc2C)cc1,9.6,0.6912089730380272,0.8999469179209694,0.3943661971830985
CC(=O)N1CCc2cc3c(cc21)[C@]1(CC[N@H+](C)CC1)CO3,9.0,0.7553328015650862,0.6352967778840183,0.5555555555555556
Cc1nc(-c2ccc(-c3ccc(C=O)cc3)c(CCC(=O)O)c2)no1,8.8,0.6920388929793196,0.8574885649463054,0.3103448275862069
Cc1nc(-c2ccc(C)c(C)c2)no1,7.5,0.6901813673185062,0.9003375286114588,0.323943661971831
Cc1nc(-c2ccc(-c3ccc(-c4ccc(-c5noc(C)n5)cc4C)cc3)cc2)no1,6.1,0.360373453943338,0.8599680363980833,0.4
Cc1nc(-c2ccc(-c3ccccc3)c(C)c2)no1,9.5,0.6891414973221416,0.9065736449696924,0.3888888888888889
C[NH+]1CCC2(CC1)COc1cc3c(cc12)N(C=O)CC3,8.6,0.7388810801359309,0.5926404324788772,0.4605263157894737
Cc1nc(-c2ccc(C(=O)N3CCc4cc5c(cc43)C3(CC[NH+](C)CC3)CO5)c(C)c2)no1,10.6,0.6562918800580061,0.6622077567564476,0.8472222222222222
C[NH+]1CCC2(CC1)COc1cc3c(cc12)N(C(=O)c1ccccc1)CC3,9.3,0.8522853745142259,0.6851838315723771,0.6388888888888888
Cc1nc(-c2ccc(-c3ccc(-c4ccccc4)cc3)c(-c3ccccc3C)c2)no1,10.6,0.3152485933255283,0.883780005507501,0.3125
C[NH+]1CCC2(CC1)COc1cc3c(cc12)N(C(=O)C1CO1)CC3,6.2,0.7372080579891417,0.5767005704598331,0.5194805194805194
C[NH+]1CCC2(CC1)COc1cc3c(cc12)N(c1ccc(-c2ccc(-c4ccccc4C=O)cc2)cc1)CC3,2.7,0.3769496807500924,0.6882509432962605,0.4651162790697674
Cc1nc(-c2noc(-c3ccc(C(=O)N4CCc5cc6c(cc54)C4(CC[NH+](C)CC4)CO6)cc3)n2)no1,5.5,0.4569068862836271,0.6586051264785665,0.8082191780821918
Cc1ccc(-c2ccc(-c3noc(C)n3)cc2C)cc1,9.7,0.6912089730380272,0.8999469179209694,0.3943661971830985
CCC(=O)c1ccc(-c2ccc(-c3cc(-c4noc(C)n4)ccc3-c3ccc(C=O)cc3)cc2)c(C)c1,5.6,0.1735816931603523,0.8360478318266455,0.3604651162790697
Cc1ccc(C(=O)N2CCc3cc4c(cc32)C2(CC[NH2+]CC2)CO4)cc1,9.9,0.8577946198544342,0.6935870704387739,0.5324675324675324
C[NH+]1CCC2(CC1)COc1cc3c(cc12)N(C=O)CC3,8.7,0.7388810801359309,0.5926404324788772,0.4605263157894737
Cc1ccc(-c2ccc(-c3noc(C)n3)cc2C)cc1,6.3,0.6912089730380272,0.8999469179209694,0.3943661971830985
Cc1nc(-c2ccc(-c3ccc(-c4cc(-c5ncon5)ccc4-c4ccc(C(=O)N5CCc6cc7c(cc65)C5(CC[NH+](C)CC5)CO7)cc4)cc3)c(C)c2)no1,3.0,0.1861892004844213,0.6318871361755107,0.8607594936708861
Cc1nc(-c2ccc(-c3ccc(C=O)cc3)c(-c3ccc(C)c(C)c3)c2)no1,11.1,0.4266705250942245,0.8629307642682511,0.3292682926829268
Cc1ccc(C(=O)N2CCc3cc4c(cc32)C2(CC[NH2+]CC2)CO4)cc1,10.0,0.8577946198544342,0.6935870704387739,0.5324675324675324
Cc1ccccc1,5.2,0.4588062796575454,1.0,0.0675675675675675
Cc1cc(-c2noc(ON3CCc4cc5c(cc43)C3(CC[NH+](C)CC3)CO5)n2)ccc1-c1ccc(C2CC2)cc1,5.9,0.3929314124107476,0.632922993042039,0.6091954022988506
Cc1ccc(Oc2ccc(N3CCc4cc5c(cc43)C3(CC[NH2+]CC3)CO5)cc2)cc1,11.2,0.688594121870493,0.7052100796796711,0.3222222222222222
C[NH+]1CCC2(CC1)COc1cc3c(cc12)N(c1ccccc1)CC3,7.1,0.8680490327108227,0.6742366182085766,0.4487179487179487
CN(C=O)C1CN(c2ccccc2)C1,6.1,0.6628234998920391,0.8569880217081057,0.0909090909090909
C[NH+]1CCC2(CC1)COc1cc3c(cc12)N(C(=O)c1ccc(CC=O)cc1)CC3,9.8,0.8084904777114433,0.6643751681171025,0.6103896103896104
Cc1ccccc1,5.2,0.4588062796575454,1.0,0.0675675675675675
Cc1nc(-c2ccc(-c3ccc(-c4ccccc4)cc3)c(C3CC3)c2)no1,6.9,0.4351806148634201,0.8799546724215462,0.3209876543209876
O=C(NO)C(=O)c1ccc(C(=O)N2CCc3cc4c(cc32)C2(CC[NH2+]CC2)CO4)cc1,10.6,0.2897091538646666,0.6696013408122855,0.4698795180722891
Cc1cccc(-c2noc(C)n2)c1,7.4,0.6657044972110279,0.906560286497056,0.2666666666666666
Cc1ccc(N2CCc3cc4c(cc32)C2(CC[NH2+]CC2)CO4)cc1,9.7,0.874833247996721,0.6822379183169188,0.3452380952380952
Cc1cc(C2(CC(C)C)CC2)ccc1-c1ccc(C=O)cc1,8.9,0.6600148524682782,0.8496354179278269,0.2022471910112359
O=C1C[NH+]2CCC3(CC2)COc2cc4c(cc23)N(CC4)C(=O)c2ccc1cc2,11.6,0.7573070405412354,0.4566457059754519,0.3928571428571428
COCCCC(=O)C(=O)N1CCc2cc3c(cc21)C1(CC[NH2+]CC1)CO3,6.0,0.6159051186715997,0.6439263308976133,0.3666666666666666
O=C(O)c1ccc(C(=O)N2CCc3cc4c(cc32)C2(CC[NH2+]CC2)CO4)cc1,10.0,0.8298579953010317,0.695053616312349,0.5
C[NH+]1CCC2(CC1)COc1cc3c(cc12)N(CCC(=O)Oc1ccc(-c2ccc(C=O)cc2)c(C=O)c1)CC3,12.5,0.2899613585415777,0.6561930785770805,0.4479166666666667
Cc1ccc(-c2ccc(-c3noc(C)n3)cc2C)cc1,9.6,0.6912089730380272,0.8999469179209694,0.3943661971830985
C[NH+]1CCC2(CC1)COc1cc3c(cc12)N(C(=O)C(=O)C(=O)CCC(F)F)CC3,9.4,0.5764689175262271,0.6016799096718439,0.4705882352941176
O=C(c1ccccc1)N1CCc2cc3c(cc21)C1(CC[NH+](C(=O)Cc2ccccc2)CC1)CO3,12.9,0.6635656089818837,0.6939878963807617,0.4939759036144578
NOc1cccc(C(=O)N2CCc3cc4c(cc32)C2(CC[NH+](C(=O)N3CCc5cc6c(cc53)C3(CC[NH2+]CC3)CO6)CC2)CO4)c1,3.5,0.3742016496258619,0.5348309446157953,0.4395604395604395
Cc1ccc(C(=O)c2ccccc2)cc1,7.6,0.6738254393961428,0.9740801006934228,0.1282051282051282
C[NH+]1CCC2(CC1)COc1cc3c(cc12)N(C(=O)N1CCCCCC1)CC3,5.2,0.7583228104841293,0.6614813137896971,0.5194805194805194
C[NH+]1CCC2(CC1)COc1cc3c(cc12)N(C(=O)Oc1ccccc1C1CC1)CC3,11.7,0.8352195688562821,0.6634133898971718,0.4767441860465116
C[NH+]1CCC2(CC1)COc1cc3c(cc12)NCC3,8.0,0.699554415525747,0.603073013324969,0.3636363636363636
Cc1ccc(C(=O)N2CCc3cc4c(cc32)C2(CC[NH2+]CC2)CO4)cc1,9.7,0.8577946198544342,0.6935870704387739,0.5324675324675324
Cc1nc(-c2ccc(-c3ccc(C(=O)N4CCc5cc6c(cc54)C4(CC[NH+](C)CC4)CO6)cc3)cc2)no1,7.0,0.4561316287721257,0.684339159809477,0.8571428571428571
O=C(C(C1CC1)C(F)(F)F)N1CCc2cc3c(cc21)C1(CC[NH+](c2ccccc2C2CC2)CC1)CO3,10.7,0.6656998777335864,0.5726885980202382,0.3673469387755102
CC(=O)c1ccccc1,5.6,0.5170467542625542,0.9892100846672456,0.1052631578947368
Cc1nc(-c2ccc(C)c(C)c2)no1,7.4,0.6901813673185062,0.9003375286114588,0.323943661971831
c1ccc([NH+]2CCC3(CC2)COc2cc4c(cc23)N(c2ccc3ccccc3c2)CC4)cc1,8.5,0.4694479643057558,0.6773783926702414,0.348314606741573
C[NH+]1CCC2(CC1)COc1cc3c(cc12)N(C(=O)C(=O)c1ccccc1)CC3,6.2,0.6358515450424853,0.6688397511651505,0.5384615384615384
C[NH+]1CCC2(CC1)COc1cc3c(cc12)N(C(=O)C=O)CC3,8.8,0.5729653640750715,0.6078371123838138,0.5333333333333333
O=CN1CCc2cc3c(cc21)C1(CC[NH+](c2ccccc2C(F)F)CC1)CO3,7.1,0.8248470157300719,0.6104105014025674,0.3369565217391304
CC=O,2.5,0.355007613393232,0.7732261410063693,0.0277777777777777
O=C(c1ccccc1)N1CCc2cc3c(cc21)C1(CC[NH+](c2ccccc2)CC1)CO3,6.5,0.7000921445577382,0.6819077385425474,0.5256410256410257
C[NH+]1CCC2(CC1)COc1cc3c(cc12)N(C(=O)c1ccc(NN2CCc4cc5c(cc42)C2(CC[NH+](CC4CC4)CC2)CO5)cc1)CC3,6.3,0.3980218801879431,0.5251682219969481,0.5280898876404494
CN1CCc2cc3c(cc21)C1(CC[NH2+]CC1)CO3,8.2,0.7275879347312062,0.6265824472872331,0.3417721518987341
C[NH+]1CCC2(CC1)COc1cc3c(cc12)N(C(=O)C(=O)C(=O)c1cccs1)CC3,9.7,0.4654395769715398,0.6280118356664206,0.4823529411764706
O=C(c1ccccc1)N1CCc2cc3c(cc21)C1(CC[NH+](c2ccccc2)CC1)CO3,11.8,0.7000921445577382,0.6819077385425474,0.5256410256410257
Cc1nc(-c2ccc(C(=O)c3ccccc3)c(C)c2)no1,9.5,0.6869845834178289,0.8966519054220665,0.3461538461538461
C[NH+]1CCC2(CC1)COc1cc3c(cc12)N(C(=O)c1ccc(-c2ccc(F)cc2)cc1)CC3,4.4,0.6564087981241323,0.7004016686997674,0.6621621621621622
CC(=O)N1CCc2cc3c(cc21)[C@]1(CC[N@H+](C)CC1)CO3,9.0,0.7553328015650862,0.6352967778840183,0.5555555555555556
CC(=O)N1CCc2cc3c(cc21)C1(CC[NH+](C)CC1)CO3,9.0,0.7553328015650862,0.6352967778840183,0.5555555555555556
O=CN1CCc2cc3c(cc21)C1(CC[NH2+]CC1)CO3,8.3,0.7320377665893689,0.600061772509899,0.3292682926829268
CC(=O)c1ccccc1,5.6,0.5170467542625542,0.9892100846672456,0.1052631578947368
O=C(c1ccccc1)N1CCc2cc3c(cc21)C1(CC[NH+](C(=O)c2ccccc2)CC1)CO3,10.4,0.6679463974330692,0.6943102184618611,0.5256410256410257
O=C(c1ccccc1)c1ccccc1,7.6,0.6524732866647586,0.9828968204765668,0.0933333333333333
C[NH+]1CCC2(CC1)COc1cc3c(cc12)N(C(=O)C1CCCC1)CC3,10.3,0.8436742230518438,0.6598063414782689,0.5128205128205128
C[NH+]1CCC2(CC1)COc1cc3c(cc12)N(C(=O)C=O)CC3,5.9,0.5729653640750715,0.6078371123838138,0.5333333333333333
O=CC(=O)c1ccccc1,5.6,0.3441568650134133,0.9231534647527818,0.0886075949367088
CCC(C[NH3+])c1ccc(C(=O)C=O)cc1,6.4,0.4398787602890638,0.7332877029137992,0.1011235955056179
Cc1ccccc1,5.2,0.4588062796575454,1.0,0.0675675675675675
O=C(C(=O)c1ccccc1)c1ccccc1,7.8,0.5762605941819152,0.9595893735206708,0.0933333333333333
Cc1ccccc1,5.2,0.4588062796575454,1.0,0.0675675675675675
Cc1nc(OCc2ccc(C(=O)N3CCc4cc5c(cc43)C3(CC[NH+](C)CC3)CO5)cc2)no1,6.8,0.6409734794044365,0.6554506329774984,0.6790123456790124
CC(=O)N1CCc2cc3c(cc21)C1(CC[NH+](C)CC1)CO3,9.0,0.7553328015650862,0.6352967778840183,0.5555555555555556
O=CN1CCc2cc3c(cc21)C1(CC[NH+](CCc2ccc(-c4ccccc4)cc2)CC1)CO3,11.8,0.6184088262047734,0.6655484210545555,0.358695652173913
O=C(c1ccccc1)N1CCc2cc3c(cc21)C1(CC[NH2+]CC1)CO3,9.2,0.8648456162233196,0.6947822079664642,0.4871794871794871
Cc1nc(-c2ccc(-c3ccc(C=O)cc3)c(C)c2)no1,9.4,0.683061784757767,0.8765672900374513,0.3866666666666666
C[NH+]1CCC2(CC1)COc1cc3c(cc12)N(C(=O)N1CCc2cc4c(cc21)C1(CC[NH+](c2ccc(C#N)cc2)CC1)CO4)CC3,0.0,0.4489585078525654,0.5184822766481332,0.4880952380952381
Cc1ccccc1-c1ccc(C(=O)N2CCc3cc4c(cc32)C2(CC[NH+](C)CC2)CO4)cc1,11.9,0.6590797085425131,0.698335162289511,0.7397260273972602
CN1CCc2cc3c(cc21)C1(CC[NH2+]CC1)CO3,8.2,0.7275879347312062,0.6265824472872331,0.3417721518987341
C[NH+]1CCC2(CC1)COc1cc3c(cc12)N(C(=O)C1CCC1)CC3,10.3,0.8439454126238706,0.6519710789305448,0.5128205128205128
CC,1.8,0.3727855551576051,0.805825786783401,0.0144927536231884
C[NH+]1CCC2(CC1)COc1cc3c(cc12)N(OCCCCC(=O)N1CCc2cc4c(cc21)C1(CC[NH+](C)CC1)CO4)CC3,10.3,0.5028575050114384,0.5194703251222125,0.4651162790697674
O=CCN1CCc2cc3c(cc21)C1(CC[NH2+]CC1)CO3,8.0,0.7850455333476597,0.6135039445950485,0.3176470588235294
C[NH+]1CCC2(CC1)COc1cc3c(cc12)N(Cc1ccc(-c2ccccc2)cc1)CC3,9.9,0.7050072656158846,0.7036271365358585,0.4457831325301205
C[NH+]1CCC2(CC1)COc1cc3c(cc12)N(C(=O)C(=O)CCCc1ccccc1C1CC1)CC3,11.0,0.6760877166144806,0.6523710078407302,0.4408602150537634
Cc1ccc([NH+]2CCC3(CC2)COc2cc4c(cc23)N(C(=O)C2CC2)CC4)cc1,11.1,0.8569843133017512,0.6523057541976885,0.4470588235294118
O=C1c2ccc(cc2)C(=O)[NH+]2CCC3(CC2)COc2cc4c(cc23)N1CC4,11.1,0.7707923012279979,0.4650670687681181,0.4024390243902439
O=CN1CCc2cc3c(cc21)C1(CC[NH+](C(=O)N2CCc4cc5c(cc42)C2(CC[NH2+]CC2)CO5)CC1)CO3,7.5,0.5469403789206679,0.5124397880569249,0.4022988505747126
C[NH+]1CCC2(CC1)COc1cc3c(cc12)N(C=O)CC3,8.4,0.7388810801359309,0.5926404324788772,0.4605263157894737
CCc1c(C=O)nnn1-c1ccc(-c2ccccc2)cc1,8.8,0.6873156223710443,0.8613878953337942,0.0957446808510638
Cc1ccccc1,5.2,0.4588062796575454,1.0,0.0675675675675675
C[NH+]1CCC2(CC1)COc1cc3c(cc12)N(C(=O)N1CCOCC1)CC3,9.8,0.7321544422036562,0.6491498234752111,0.5128205128205128
C[NH+]1CCC2(CC1)COc1cc3c(cc12)N(C(=O)C(=O)CCCO)CC3,5.9,0.7341990657884421,0.6257338042170866,0.5125
CC=O,2.5,0.355007613393232,0.7732261410063693,0.0277777777777777
C[C@@H]1CN(C(=O)c2ccccc2)CCN1c1ccc(C=O)cc1,9.1,0.8187423725950032,0.8424797772519609,0.1382978723404255
Cc1nc(-c2ccc([NH+]3CCC4(CC3)COc3cc5c(cc34)N(C=O)CC5)c(C)c2)no1,9.8,0.6454792657139141,0.6161222167725217,0.5903614457831325
O=C1Cc2ccc1cc2,5.5,0.5032298678778829,0.7429067673730966,0.0909090909090909
CN1CCc2cc3c(cc21)C1(CC[NH+](C)CC1)CO3,8.4,0.7353834935260425,0.618111967315094,0.4657534246575342
C[NH+]1CCC2(CC1)COc1cc3c(cc12)NCC3,8.0,0.699554415525747,0.603073013324969,0.3636363636363636
O=C(c1ccccc1)N1CCc2cc3c(cc21)C1(CC[NH+](N2CCc4cc5c(cc42)C2(CC[NH2+]CC2)CO5)CC1)CO3,9.0,0.5011652657925154,0.5510642551699979,0.4823529411764706
CN1CCc2cc3c(cc21)C1(CC[NH+](C)CC1)CO3,8.1,0.7353834935260425,0.618111967315094,0.4657534246575342
CC(=O)C(=O)c1ccccc1,6.2,0.4696543696018401,0.9314799626336412,0.1025641025641025
CC(=O)N1CCc2cc3c(cc21)C1(CC[NH+](C)CC1)CO3,8.5,0.7553328015650862,0.6352967778840183,0.5555555555555556
C[NH+]1CCC2(CC1)COc1cc3c(cc12)N(C(=O)c1ccc(-c2ccccc2)cc1)CC3,4.5,0.682043482675139,0.705193416814758,0.6712328767123288
Cc1ccc(C(=O)C=O)cc1,6.0,0.3604238609485317,0.916706629300308,0.1282051282051282
c1ccc(-c2ccccc2)cc1,7.5,0.5905018880213778,1.0,0.0547945205479452
O=C(c1ccccc1C1CC1)N1CCc2cc3c(cc21)C1(CC[NH+](c2ccc4cc[nH]c4c2)CC1)CO3,9.8,0.4297611280386049,0.6459251374563756,0.3979591836734694
c1ccc(C2CC2)cc1,5.6,0.5312966219394869,0.9708798598151748,0.050632911392405
O=C(c1ccccc1)C1CC1,6.1,0.5848283706910861,0.9558957442713584,0.1139240506329113
Cc1ccc(C(=O)c2ccc(C(=O)N3CCc4cc5c(cc43)C3(CC[NH2+]CC3)CO5)cc2)cc1,12.7,0.6184676982345594,0.7083298870567523,0.5125
O=CC(=O)c1ccccc1,5.7,0.3441568650134133,0.9231534647527818,0.0886075949367088
Cc1ccc(N2CCc3cc4c(cc32)C2(CC[NH2+]CC2)CO4)cc1,9.7,0.874833247996721,0.6822379183169188,0.3452380952380952
CC(=O)N1CCc2cc3c(cc21)C1(CC[NH+](C)CC1)CO3,8.5,0.7553328015650862,0.6352967778840183,0.5555555555555556
Cc1nc(-c2ccc(-c3ccc([NH+]4CCC5(CC4)COc4cc6c(cc45)N(C(=O)c4ccccc4C4CC4)CC6)cc3)cc2)no1,2.1,0.2486470341628899,0.6527495998551307,0.5888888888888889
O=C(c1ccccc1)N1CCc2cc3c(cc21)C1(CC[NH2+]CC1)CO3,7.0,0.8648456162233196,0.6947822079664642,0.4871794871794871
C[NH+]1CCC2(CC1)COc1cc3c(cc12)N(C(=O)C=O)CC3,9.1,0.5729653640750715,0.6078371123838138,0.5333333333333333
C[NH+]1CCC2(CC1)COc1cc3c(cc12)N(c1ccccc1-c1ccccc1)CC3,11.0,0.7043136309495466,0.6928264180416994,0.475
O=C(c1ccccc1)N1CCc2cc3c(cc21)C1(CC[NH2+]CC1)CO3,9.0,0.8648456162233196,0.6947822079664642,0.4871794871794871
CCNC(=O)Cc1ccccc1,5.9,0.7159421298545312,0.96175028402658,0.0823529411764705
O=CN1CCc2cc3c(cc21)C1(CC[NH+](C=O)CC1)CO3,6.1,0.7580110377996956,0.584883154512854,0.3703703703703703
O=C[NH+]1CCC2(CC1)COc1cc3c(cc12)N(c1ccccc1-c1ccccc1)CC3,7.9,0.6700122762032088,0.6819848288435507,0.3908045977011494
C[C@H]1CCC[C@@H](N2CCc3cc4c(cc32)C2(CC[NH+](C)CC2)CO4)C1,10.1,0.8454518781530498,0.5670089724697644,0.4166666666666667
CC(=O)N1CCc2cc3c(cc21)C1(CC[NH+](C)CC1)CO3,9.0,0.7553328015650862,0.6352967778840183,0.5555555555555556
O=Cc1ccc(C(=O)N2CCc3cc4c(cc32)C2(CC[NH2+]CC2)CO4)cc1,6.9,0.8262095742373797,0.6802242543933974,0.4814814814814814
O=C(C(=O)N1CCc2cc3c(cc21)C1(CC[NH2+]CC1)CO3)c1ccccc1,10.5,0.6488355143615575,0.6778536604303983,0.4047619047619047
C[NH+]1CCC2(CC1)COc1cc3c(cc12)N(C(=O)c1ccc(N)cc1)CC3,9.7,0.7525211237365257,0.6734304362025002,0.6438356164383562
C[NH+]1CCC2(CC1)COc1cc3c(cc12)N(C=O)CC3,8.8,0.7388810801359309,0.5926404324788772,0.4605263157894737
CC=O,2.5,0.355007613393232,0.7732261410063693,0.0277777777777777
CN1CCc2cc3c(cc21)C1(CC[NH2+]CC1)CO3,8.0,0.7275879347312062,0.6265824472872331,0.3417721518987341
CCOC(=O)N1CCc2cc3c(cc21)C1(CC[NH2+]CC1)CO3,6.4,0.8478036125713097,0.6530831479454743,0.4146341463414634
Cc1nc(-c2ccc(-c3ccc(C(=O)N4CCc5cc6c(cc54)C4(CC[NH2+]CC4)CO6)cc3)c(C(=O)N3CCc4cc5c(cc43)C3(CC[NH2+]CC3)CO5)c2)no1,0.0,0.2832058143775789,0.5478241117281475,0.7215189873417721
O=C(c1ccccc1C1CC1)N1CCc2cc3c(cc21)C1(CC[NH+](Cc2ccccc2)CC1)CO3,11.3,0.6243014934074643,0.6768514860147763,0.4130434782608695
O=C1C(=O)N2CCc3cc4c(cc32)C2(CC[NH+](CC2)N2CCCCC1CC2)CO4,9.4,0.6616917289245577,0.3706546761231137,0.3225806451612903
Cc1ccc(-c2ccc(-c3noc(C)n3)cc2C)cc1,9.6,0.6912089730380272,0.8999469179209694,0.3943661971830985
CC(C)C=CC(=O)c1ccccc1,6.9,0.508076550632895,0.8959101132468825,0.0952380952380952
Cc1c(-c2ccccc2)nnn1Cc1ccc(C=O)cc1,8.8,0.6883535070305218,0.8839974791925584,0.09375
C[NH+]1CCC2(CC1)COc1cc3c(cc12)N(c1ccccc1)CC3,10.0,0.8680490327108227,0.6742366182085766,0.4487179487179487
c1ccc(-c2ccccc2)cc1,7.4,0.5905018880213778,1.0,0.0547945205479452
CN1CCc2cc3c(cc21)C1(CC[NH+](C)CC1)CO3,8.4,0.7353834935260425,0.618111967315094,0.4657534246575342
Cc1ccccc1,5.2,0.4588062796575454,1.0,0.0675675675675675
Cc1ccc(C)cc1,5.7,0.475757685340321,1.0,0.0704225352112676
O=C(c1ccc(C(=O)[NH+]2CCC3(CC2)COc2cc4c(cc23)N(CO)CC4)cc1)N1CCc2cc3c(cc21)C1(CC[NH2+]CC1)CO3,11.7,0.4080834760143987,0.5383940215388721,0.5116279069767442
c1ccc(C2CC2)cc1,5.5,0.5312966219394869,0.9708798598151748,0.050632911392405
O=C(c1ccccc1)N1CCc2cc3c(cc21)C1(CC[NH+](C(=O)Cc2ccccc2Br)CC1)CO3,7.4,0.5597766920466851,0.6798219776020011,0.4659090909090909
O=C(Nc1ccccc1Cl)N1CCc2cc3c(cc21)C1(CC[NH2+]CC1)CO3,7.7,0.7938124734950353,0.6867331151528909,0.3707865168539326
C[NH+]1CCC2(CC1)COc1cc3c(cc12)N(C=O)CC3,8.8,0.7388810801359309,0.5926404324788772,0.4605263157894737
O=C(c1ccccc1)N1CCc2cc3c(cc21)C1(CC[NH2+]CC1)CO3,9.7,0.8648456162233196,0.6947822079664642,0.4871794871794871
Cc1ccc(C(=O)c2ccccc2)cc1,7.6,0.6738254393961428,0.9740801006934228,0.1282051282051282
C[NH+]1CCC2(CC1)COc1cc3c(cc12)N(C(=O)C(=O)C(=O)c1ccccc1)CC3,9.9,0.4694549111031003,0.6552214070871457,0.525
Cc1ccccc1-c1ccc(-c2ccccc2)cc1,9.6,0.5713085068134847,0.9640600685461158,0.1447368421052631
CC(=O)N1CCc2cc3c(cc21)C1(CC[NH2+]CC1)CO3,8.7,0.7515452091953233,0.6441863210730414,0.4230769230769231
O=C(c1ccccc1)c1ccccc1,7.5,0.6524732866647586,0.9828968204765668,0.0933333333333333
C[NH+]1CCC2(CC1)COc1cc3c(cc12)N(C(=O)Cc1ccc(F)cc1)CC3,9.6,0.8622431758022605,0.679902049360782,0.5
c1ccc(CN2CCc3cc4c(cc32)C2(CC[NH2+]CC2)CO4)cc1,9.5,0.9189958338888792,0.6921799882579325,0.3103448275862069
C[NH+]1CCC2(CC1)COc1cc3c(cc12)N(c1ccccc1C1CC1)CC3,11.2,0.8846877834922001,0.6636283439747019,0.4166666666666667
Cc1ccc(C(=O)C(=O)N2CCc3cc4c(cc32)C2(CC[NH+](C)CC2)CO4)cc1,10.4,0.6264083877513156,0.6677651257498312,0.5714285714285714
O=C[NH+]1CCC2(CC1)COc1cc3c(cc12)N(c1ccc(N2CCc4cc5c(cc42)C2(CC[NH+](c4ccccc4)CC2)CO5)cc1)CC3,0.0,0.3282775859504737,0.534580324896776,0.3444444444444444
C[NH+]1CCC2(CC1)COc1cc3c(cc12)N(COC(=O)N1CCc2cc4c(cc21)C1(CC[NH2+]CC1)CO4)CC3,7.9,0.6071403535196899,0.5251571391751974,0.4597701149425287
O=C(C(=O)N1CCc2cc3c(cc21)C1(CC[NH2+]CC1)CO3)c1ccccc1,10.5,0.6488355143615575,0.6778536604303983,0.4047619047619047
O=C(N1CCc2cc3c(cc21)C1(CC[NH2+]CC1)CO3)N1CCc2cc3c(cc21)C1(CC[NH+](C(=O)c2cccs2)CC1)CO3,3.6,0.4513200157166934,0.5297514755553314,0.391304347826087
CN1CCc2cc3c(cc21)C1(CC[NH2+]CC1)CO3,8.1,0.7275879347312062,0.6265824472872331,0.3417721518987341
C[NH+]1CCC2(CC1)COc1cc3c(cc12)N(CCCCO)CC3,6.1,0.8053519901229416,0.6425948313520896,0.45
C[NH+]1CCC2(CC1)COc1cc3c(cc12)N(C(=O)c1ccc(C2CC2)cc1)CC3,7.1,0.8570104429113078,0.680277182769117,0.618421052631579
O=C(c1ccccc1)N1CCc2cc3c(cc21)C1(CC[NH2+]CC1)CO3,10.1,0.8648456162233196,0.6947822079664642,0.4871794871794871
O=C(c1ccccc1)c1ccccc1,7.7,0.6524732866647586,0.9828968204765668,0.0933333333333333
O=C(c1ccccc1)c1ccccc1,7.8,0.6524732866647586,0.9828968204765668,0.0933333333333333
Cc1ccc(C(=O)C(=O)c2ccccc2)cc1,8.4,0.592786956710843,0.94218063620575,0.1282051282051282
C[NH+]1CCC2(CC1)COc1cc3c(cc12)N(c1ccccc1)CC3,9.5,0.8680490327108227,0.6742366182085766,0.4487179487179487
CC,1.8,0.3727855551576051,0.805825786783401,0.0144927536231884
O=C1C(=O)N2CCc3cc4c(cc32)C2(CC[NH+](CC2)C(=O)N2CCC[C@@H]2c2ccc1cc2)CO4,11.9,0.6137210966627633,0.4186452792822695,0.34375
O=C(C(=O)c1ccccc1)c1ccccc1,7.8,0.5762605941819152,0.9595893735206708,0.0933333333333333
O=C[NH+]1CCC2(CC1)COc1cc3c(cc12)N(c1ccccc1-c1ccccc1)CC3,10.3,0.6700122762032088,0.6819848288435507,0.3908045977011494
CC=O,2.5,0.355007613393232,0.7732261410063693,0.0277777777777777
c1ccc(-c2ccccc2)cc1,7.4,0.5905018880213778,1.0,0.0547945205479452
C[NH+]1CCC2(CC1)COc1cc3c(cc12)N(C=O)CC3,8.4,0.7388810801359309,0.5926404324788772,0.4605263157894737
c1c2c3cc4c1OCC41CC[NH+](CC1)C1CCN(CC1)N3CC2,9.4,0.7634165694164521,0.3982969092921384,0.3493975903614458
O=C(Cc1ccccc1)[NH+]1CCC2(CC1)COc1cc3c(cc12)N(C1CC1)CC3,9.8,0.874708099171765,0.6676472366368179,0.3777777777777777
O=C(c1ccccc1)N1CCc2cc3c(cc21)C1(CC[NH2+]CC1)CO3,9.2,0.8648456162233196,0.6947822079664642,0.4871794871794871
C[NH+]1CCC2(CC1)COc1cc3c(cc12)N(C(=O)C(=O)c1ccccc1)CC3,11.0,0.6358515450424853,0.6688397511651505,0.5384615384615384
O=C(c1ccccc1)c1ccccc1,7.7,0.6524732866647586,0.9828968204765668,0.0933333333333333
CC(=O)N1CCc2cc3c(cc21)C1(CC[NH+](C)CC1)CO3,8.5,0.7553328015650862,0.6352967778840183,0.5555555555555556
Cc1ccc(C(=O)c2ccc(C)cc2)cc1,8.1,0.6928341090210298,0.965741451457023,0.1351351351351351
CCCN(C=O)c1ccc(C(=O)Cc2ccccc2)cc1,7.9,0.5752771039963631,0.8734711361912976,0.1075268817204301
O=C(c1ccc(C2CC2)cc1)N1CCc2cc3c(cc21)C1(CC[NH+](c2ccccc2)CC1)CO3,10.0,0.6402463032702979,0.6746928194576848,0.4941176470588235
CC(=O)c1ccccc1,5.7,0.5170467542625542,0.9892100846672456,0.1052631578947368
Cc1ccccc1,5.2,0.4588062796575454,1.0,0.0675675675675675
Cc1ccc(C(=O)c2ccc(-c3noc(C)n3)cc2C)cc1,9.3,0.6870810422028188,0.8914609559012234,0.3506493506493506
O=C(c1ccccc1)N1CCc2cc3c(cc21)C1(CC[NH2+]CC1)CO3,9.4,0.8648456162233196,0.6947822079664642,0.4871794871794871
C[NH+]1CCC2(CC1)COc1cc3c(cc12)N(c1ccccc1C(F)(F)F)CC3,10.6,0.8058478038904962,0.6614771110891771,0.4166666666666667
C[NH+]1CCC2(CC1)COc1cc3c(cc12)N(N1C(=O)CCC1=O)CC3,7.0,0.7331796305149549,0.604736059895316,0.4487179487179487
c1ccc(N2CCc3cc4c(cc32)C2(CC[NH2+]CC2)CO4)cc1,9.4,0.8762040281211465,0.6837203975012768,0.3214285714285714
O=C(c1ccccc1)N1CCc2cc3c(cc21)C1(CC[NH2+]CC1)CO3,9.8,0.8648456162233196,0.6947822079664642,0.4871794871794871
C[NH+]1CCC2(CC1)COc1cc3c(cc12)N(OCc1ncno1)CC3,5.9,0.8757358629455003,0.5803048690891254,0.4137931034482758
C[NH+]1CCC2(CC1)COc1cc3c(cc12)N(C(=O)c1ccccc1Cl)CC3,9.3,0.8205009054519946,0.6785211659855377,0.5443037974683544
O=C(O)c1ccc(C(=O)C(=O)N2CCc3cc4c(cc32)C2(CC[NH2+]CC2)CO4)cc1,6.9,0.5872004008667869,0.6781972568188094,0.4166666666666667
CN1CCc2cc3c(cc21)C1(CC[NH2+]CC1)CO3,5.9,0.7275879347312062,0.6265824472872331,0.3417721518987341
Cc1ccccc1C1CC1,5.8,0.5508368151882042,0.9450633548626716,0.0875
c1ccc(-c2ccccc2C2CC2)cc1,8.4,0.6707178964362432,0.9489527303893082,0.0853658536585365
O=C(c1ccccc1)[NH+]1CCC2(CC1)COc1cc3c(cc12)N(C1CC1)CC3,10.0,0.8750757095367016,0.6656633399822353,0.4069767441860465
O=C(c1ccccc1)N1CCc2cc3c(cc21)C1(CC[NH2+]CC1)CO3,9.9,0.8648456162233196,0.6947822079664642,0.4871794871794871
O=C(c1ccccc1)N1CCc2cc3c(cc21)C1(CC[NH+](c2ccccc2)CC1)CO3,11.8,0.7000921445577382,0.6819077385425474,0.5256410256410257
CN1CCc2cc3c(cc21)C1(CC[NH+](C)CC1)CO3,7.8,0.7353834935260425,0.618111967315094,0.4657534246575342
CN1CCc2cc3c(cc21)C1(CC[NH2+]CC1)CO3,7.9,0.7275879347312062,0.6265824472872331,0.3417721518987341
c1ccc(-c2ccccc2N2CCc3cc4c(cc32)C2(CC[NH2+]CC2)CO4)cc1,11.9,0.723764819707242,0.7020824246536692,0.3488372093023256
Cc1ccc(C(=O)C(=O)C(=O)c2ccccc2)cc1,8.3,0.4772273970909209,0.9056139458009363,0.125
Cc1ccc(C(=O)c2ccc([C@@H]3CCCN(C(=O)C=O)C3)cc2)cc1,9.8,0.4899403215891137,0.8215184030998424,0.1382978723404255
C[NH+]1CCC2(CC1)COc1cc3c(cc12)N(C(=O)c1ccc(NO)cc1)CC3,6.1,0.6931828134331637,0.6630762184016177,0.6266666666666667
Cc1ccc(C=O)cc1,5.8,0.5163635148900696,0.942002084667246,0.0769230769230769
C[C@H](C(=O)N1CCc2cc3c(cc21)C1(CC[NH2+]CC1)CO3)c1ccccc1-c1ccc(C=O)cc1,13.3,0.5932200000432689,0.6279846328693828,0.4148936170212766
CC(=O)[NH+]1CCC2(CC1)COc1cc3c(cc12)N(C=O)CC3,9.1,0.7465020753055527,0.5981955983422996,0.4024390243902439
O=CN1CCc2cc3c(cc21)C1(CC[NH2+]CC1)CO3,8.2,0.7320377665893689,0.600061772509899,0.3292682926829268
C[NH+]1CCC2(CC1)COc1cc3c(cc12)N(c1ccc(-c2ccccc2)cc1)CC3,9.9,0.7043136309495466,0.6995994517495645,0.4625
Cc1nc(-c2ccc(-c3ccc(C(=O)N4CCc5cc6c(cc54)C4(CC[NH2+]CC4)CO6)cc3)cc2)no1,5.9,0.4679654619143858,0.692964234139509,0.6973684210526315
C[NH+]1CCC2(CC1)COc1cc3c(cc12)N(C(=O)N1CCc2cc4c(cc21)C1(CC[NH+](C(=O)C2CCOCC2)CC1)CO4)CC3,0.0,0.5088267269483355,0.5190545377203944,0.4705882352941176
O=C1C(=O)N2C[C@H](CC2=O)c2ccc1cc2,7.5,0.4731517029226773,0.645949144431795,0.0919540229885057
Cc1ccc(C)cc1,5.8,0.475757685340321,1.0,0.0704225352112676
O=CC(=O)c1ccccc1,5.7,0.3441568650134133,0.9231534647527818,0.0886075949367088
CC(=O)c1ccccc1,5.6,0.5170467542625542,0.9892100846672456,0.1052631578947368
C[NH+]1CCC2(CC1)COc1cc3c(cc12)N(c1ccc(Cl)cc1)CC3,9.7,0.8466158432708212,0.6713580801505556,0.4375
O=C(Cc1ccccc1F)N1CCc2cc3c(cc21)C1(CC[NH2+]CC1)CO3,10.7,0.8819186048712905,0.6834121803914497,0.3666666666666666
O=Cc1ccccc1C(=O)C(=O)N1CCc2cc3c(cc21)C1(CC[NH2+]CC1)CO3,10.0,0.4853218143409191,0.6573143622562966,0.3666666666666666
Cc1ccc(C)cc1,5.8,0.475757685340321,1.0,0.0704225352112676
C[NH+]1CCC2(CC1)COc1cc3c(cc12)N(C(=O)c1ccc(N2CCCC2)cc1)CC3,3.6,0.8140870084101668,0.688494748355477,0.64
CN1CCc2cc3c(cc21)C1(CC[NH+](C)CC1)CO3,5.5,0.7353834935260425,0.618111967315094,0.4657534246575342
O=C1NCc2ccc(cc2)C(=O)c2ccccc21,8.5,0.7628047723667205,0.7385337938314226,0.0919540229885057
C[NH+]1CCC2(CC1)COc1cc3c(cc12)N(Cc1ccc(C(=O)N2CCc4cc5c(cc42)C2(CC[NH2+]CC2)CO5)cc1)CC3,7.3,0.4906824140439156,0.5598509463325968,0.5595238095238095
C[NH+]1CCC2(CC1)COc1cc3c(cc12)N(C(=O)N1CCc2cc4c(cc21)C1(CC[NH2+]CC1)CO4)CC3,4.8,0.568542077646696,0.5304714363454806,0.5194805194805194
c1ccc(C2CC2)cc1,5.8,0.5312966219394869,0.9708798598151748,0.050632911392405
O=C(c1ccccc1)c1ccccc1,7.7,0.6524732866647586,0.9828968204765668,0.0933333333333333
COc1cccc(N2CCc3cc4c(cc32)C2(CC[NH+](C)CC2)CO4)c1,6.7,0.8994172491117102,0.6737840340015269,0.4166666666666667
CN1CCc2cc3c(cc21)C1(CC[NH2+]CC1)CO3,8.1,0.7275879347312062,0.6265824472872331,0.3417721518987341
[3H]N(Cc1ccccc1)C(C)=O,6.1,0.678276398429968,0.8248660114364252,0.0823529411764705
O=CN1CCc2cc3c(cc21)C1(CC[NH2+]CC1)CO3,8.5,0.7320377665893689,0.600061772509899,0.3292682926829268
O=C(c1ccccc1)[NH+]1CCC2(CC1)COc1cc3c(cc12)N([NH+](F)F)CC3,10.7,0.748063520397582,0.5861047084301078,0.3908045977011494
c1ccc(N2CCc3cc4c(cc32)C2(CC[NH2+]CC2)CO4)cc1,6.7,0.8762040281211465,0.6837203975012768,0.3214285714285714
N#CCN1CCc2cc3c(cc21)C1(CC[NH+](C(=O)N2CCc4cc5c(cc42)C2(CC[NH2+]CC2)CO5)CC1)CO3,5.4,0.5419128103682253,0.5181608849945953,0.3932584269662921
OC[C@@H]1CCC[C@@H](N2CCc3cc4c(cc32)C2(CC[NH+](c3ccccc3)CC2)CO4)C1,11.0,0.8021135101520419,0.5685798866458769,0.3473684210526316
CN(C=O)CC(=O)N1CCc2cc3c(cc21)C1(CC[NH2+]CC1)CO3,9.1,0.7707296730163113,0.6189770989974345,0.3908045977011494
O=C(c1ccccc1)c1ccc(C2CC2)cc1,8.3,0.7218857291347333,0.9480313949707946,0.108433734939759
O=CN1CCc2cc3c(cc21)C1(CC[NH2+]CC1)CO3,8.4,0.7320377665893689,0.600061772509899,0.3292682926829268
Nc1ccc(-c2ccc(C=O)cc2)cc1,6.9,0.5938326680053316,0.9261745550762492,0.074074074074074
O=Cc1ccc(C(=O)C(=O)c2ccccc2)cc1,8.0,0.4670083114174789,0.913402509228651,0.0975609756097561
CN1CCc2cc3c(cc21)C1(CC[NH+](C)CC1)CO3,8.1,0.7353834935260425,0.618111967315094,0.4657534246575342
CC(=O)C(=O)C(=O)N(C)c1ccc(F)cc1,6.6,0.5658490421747432,0.8481963232518948,0.0930232558139534
C[NH+]1CCC2(CC1)COc1cc3c(cc12)N(c1ccccc1F)CC3,7.1,0.8595497609014233,0.6668583962727896,0.4320987654320987
O=C(c1ccccc1)N1CCc2cc3c(cc21)C1(CC[NH2+]CC1)CO3,9.6,0.8648456162233196,0.6947822079664642,0.4871794871794871
N#CCN1CCc2cc3c(cc21)C1(CC[NH+](N2CCc4cc5c(cc42)C2(CC[NH2+]CC2)CO5)CC1)CO3,10.2,0.5999791739193597,0.5102918636246233,0.3186813186813186
O=C(O)N1CCc2cc3c(cc21)C1(CC[NH+](c2ccccc2)CC1)CO3,9.9,0.8293718372281381,0.6428378801553731,0.45
N=C(O)C1(C(=O)C(=O)c2ccccc2)CCCC1,8.1,0.3700821887080882,0.8163519270265395,0.1162790697674418
Cc1ccc(C(=O)c2ccccc2)cc1,7.6,0.6738254393961428,0.9740801006934228,0.1282051282051282
C[NH+]1CCC2(CC1)COc1cc3c(cc12)N(c1ccccc1C(=O)c1ccccc1)CC3,11.7,0.6519750282491381,0.6898795051944635,0.4642857142857143
c1c2c(cc3c1OCC31CC[NH2+]CC1)NCC2,8.1,0.687524633345975,0.611003774127732,0.253012048192771
Cc1nnc(N2CCc3cc4c(cc32)C2(CC[NH2+]CC2)CO4)n1C,7.9,0.8422822714104006,0.6254528881358323,0.3333333333333333
O=C(c1ccccc1)[NH+]1CCC2(CC1)COc1cc3c(cc12)N(C1CC1)CC3,9.6,0.8750757095367016,0.6656633399822353,0.4069767441860465
NCCCc1ccccc1,5.8,0.6686599066210125,0.9619263332635812,0.036144578313253
C[NH+]1CCC2(CC1)COc1cc3c(cc12)N(C(=O)c1ccccc1[NH+]1CCC2(CC1)COc1cc4c(cc12)N(C=O)CC4)CC3,10.1,0.4481151441424871,0.517688570354427,0.4886363636363636
C[NH+]1CCC2(CC1)COc1cc3c(cc12)N(C(=O)c1ccc(C(=O)c2ccccc2)cc1)CC3,11.0,0.6205367841079718,0.7018789158057811,0.6266666666666667
Nc1ccc(N2CCN(N3CCc4cc5c(cc43)C3(CC[NH+](C(=O)[NH+]4CCC6(CC4)COc4cc7c(cc46)N(C=O)CC7)CC3)CO5)CC2)cc1,0.0,0.279846480519788,0.512333048055613,0.3333333333333333
c1ccc([NH+]2CCC3(CC2)COc2cc4c(cc23)NCC4)cc1,9.2,0.8452273495880238,0.6305629839003849,0.2790697674418604
c1ccc(-c2ccccc2C2CC2)cc1,8.4,0.6707178964362432,0.9489527303893082,0.0853658536585365
O=C(Cc1ccccc1)[NH+]1CCC2(CC1)COc1cc3c(cc12)N(CCOCc1ccccc1)CC3,11.1,0.5238037703000205,0.685555291084569,0.3578947368421052
C[NH+]1CCC2(CC1)COc1cc3c(cc12)N(c1ccccc1N1CCc2cc4c(cc21)C1(CC[NH2+]CC1)CO4)CC3,7.9,0.5153051003357074,0.5479919778516418,0.4268292682926829
O=C(Cc1ccc(F)cc1)C(=O)c1ccccc1,8.0,0.6099346274501233,0.9237717399978818,0.0795454545454545
CN1CCc2cc3c(cc21)C1(CC[NH+](C)CC1)CO3,8.4,0.7353834935260425,0.618111967315094,0.4657534246575342
O=C(C1CCNC1)N1CCc2cc3c(cc21)C1(CC[NH+](c2ccccc2)CC1)CO3,10.2,0.8028850690680926,0.596185848267984,0.3956043956043956
O=CC(=O)c1ccc(C(=O)O)cc1,6.6,0.4211625878973773,0.9113594905362596,0.1012658227848101
O=C(c1ccccc1)N1CCc2cc3c(cc21)C1(CC[NH2+]CC1)CO3,6.5,0.8648456162233196,0.6947822079664642,0.4871794871794871
O=C(Cc1ccccc1)C(=O)c1ccccc1,7.6,0.5907206992911126,0.935305178330292,0.0843373493975903
CC(=O)N1CCc2cc3c(cc21)C1(CC[NH+](C(=O)c2ccccc2)CC1)CO3,7.3,0.823812104057087,0.6690807768061762,0.4634146341463415
Cc1nc(-c2ccc(-c3ccc(C(=O)N4CCc5cc6c(cc54)C4(CC[NH2+]CC4)CO6)cc3)c(N3CCc4cc5c(cc43)C3(CC[NH+](c4ccccc4)CC3)CO5)c2)no1,0.0,0.213293187577438,0.5286455170160341,0.6741573033707865
C[NH+]1CCC2(CC1)COc1cc3c(cc12)N(C(=O)O)CC3,9.0,0.7378072664860638,0.6267960086532489,0.5555555555555556
O=C(C(=O)c1ccccc1)c1ccccc1,6.7,0.5762605941819152,0.9595893735206708,0.0933333333333333
O=CC(=O)c1ccccc1,5.7,0.3441568650134133,0.9231534647527818,0.0886075949367088
O=CC(=O)Oc1ccccc1,5.9,0.2707401058663856,0.9068505829810356,0.0864197530864197
CC(F)(F)C(=O)N1CCc2cc3c(cc21)C1(CC[NH2+]CC1)CO3,6.5,0.8445894865679479,0.6245081652741948,0.3975903614457831
O=C(c1ccccc1)N1CCc2cc3c(cc21)C1(CC[NH+](C(=O)N2CCc4cc5c(cc42)C2(CC[NH2+]CC2)CO5)CC1)CO3,6.7,0.4550939991353199,0.5547305913030112,0.4939759036144578
Cc1nc(-c2ccc(-c3ccc(C=O)cc3)c([NH+]3CCC4(CC3)COc3cc5c(cc34)N(c3ccccc3)CC5)c2)no1,10.6,0.2675339863778905,0.6553307486020564,0.5434782608695652
O=C(c1ccccc1)c1ccccc1,7.8,0.6524732866647586,0.9828968204765668,0.0933333333333333
O=C(C(=O)N1CCc2cc3c(cc21)C1(CC[NH+](C2(Cc4ccccc4)CC2)CC1)CO3)N1CCc2cc3c(cc21)C1(CC[NH2+]CC1)CO3,5.3,0.4284339724813866,0.5292900987018034,0.391304347826087
Cc1ccc(-c2ccccc2)cc1,8.0,0.6092016568043108,0.9922466854466124,0.0921052631578947
O=C(c1ccccc1)N1CCc2cc3c(cc21)C1(CC[NH+](C2CC2)CC1)CO3,7.0,0.874442678314193,0.6707884806951809,0.5125
C[NH+]1CCC2(CC1)COc1cc3c(cc12)N(C(=O)c1ccccc1)CC3,9.6,0.8522853745142259,0.6851838315723771,0.6388888888888888
C[NH+]1CCC2(CC1)COc1cc3c(cc12)N(c1ccccc1)CC3,10.1,0.8680490327108227,0.6742366182085766,0.4487179487179487
C[NH+]1CCC2(CC1)COc1cc3c(cc12)N(Nc1ccc(CC(O)c2ccc(C=O)cc2)cc1)CC3,10.6,0.4695219392471966,0.6070340709786524,0.3814432989690721
CC(=O)Cc1ccc(F)cc1,5.6,0.6326658371425466,0.9413132959669744,0.0853658536585365
O=C(c1ccccc1)N1CCc2cc3c(cc21)C1(CC[NH2+]CC1)CO3,6.9,0.8648456162233196,0.6947822079664642,0.4871794871794871
Cc1ccc([NH+]2CCC3(CC2)COc2cc4c(cc23)NCC4)cc1,10.6,0.8442017058908344,0.6298784383602558,0.3023255813953488
Fc1ccc(N2CCc3cc4c(cc32)C2(CC[NH2+]CC2)CO4)cc1F,10.1,0.8625087281985163,0.6705096080746862,0.3218390804597701
O=Cc1ccccc1C(=O)N1CCc2cc3c(cc21)C1(CC[NH+](Cc2ccccc2)CC1)CO3,11.5,0.6175637738515077,0.6709211271499924,0.4222222222222222
O=C(Cc1ccc(F)cc1)N1CCc2cc3c(cc21)C1(CC[NH2+]CC1)CO3,10.8,0.8819186048712905,0.6891960168081978,0.375
c1ccc(N2CCc3cc4c(cc32)C2(CC[NH2+]CC2)CO4)cc1,9.4,0.8762040281211465,0.6837203975012768,0.3214285714285714
N#CCCC(=O)N1CCc2cc3c(cc21)C1(CC[NH+](C(=O)C(=O)N2CCc4cc5c(cc42)C2(CC[NH+](c4ccccc4)CC2)CO5)CC1)CO3,1.9,0.4120844006989948,0.51356025266768,0.375
CC(=O)c1ccc(C)cc1,6.0,0.5379444707224508,0.9777073923067092,0.1333333333333333
O=C(c1ccccc1)N1CCc2cc3c(cc21)C1(CC[NH2+]CC1)CO3,9.6,0.8648456162233196,0.6947822079664642,0.4871794871794871
Cc1ccccc1,5.2,0.4588062796575454,1.0,0.0675675675675675
C[NH+]1CCC2(CC1)COc1cc3c(cc12)N(C(=O)O)CC3,9.0,0.7378072664860638,0.6267960086532489,0.5555555555555556
O=C(c1ccccc1)N1CCc2cc3c(cc21)C1(CC[NH2+]CC1)CO3,10.0,0.8648456162233196,0.6947822079664642,0.4871794871794871
O=CN1CCc2cc3c(cc21)C1(CC[NH2+]CC1)CO3,8.3,0.7320377665893689,0.600061772509899,0.3292682926829268
Cc1nc(-c2ccc(-c3ccc(Cl)cc3)c(C)c2)no1,9.4,0.6860261759884146,0.8980427343852069,0.3835616438356164
CC(=O)c1ccccc1,5.6,0.5170467542625542,0.9892100846672456,0.1052631578947368
O=C(c1ccccc1)N1CCc2cc3c(cc21)C1(CC[NH2+]CC1)CO3,9.0,0.8648456162233196,0.6947822079664642,0.4871794871794871
C[NH+]1CCC2(CC1)COc1cc3c(cc12)N(C(=O)N(C=O)Cc1ccccc1)CC3,10.5,0.7908212534182717,0.6455713032481886,0.4823529411764706
CC(=O)c1ccc(-c2ccccc2C)cc1,8.0,0.6876456048237563,0.9569240155595868,0.2077922077922078
Cc1ccc(C(=O)c2ccc(-c3noc(C)n3)cc2C)cc1,6.8,0.6870810422028188,0.8914609559012234,0.3506493506493506
Cc1ccc(C(=O)c2ccccc2)cc1,7.6,0.6738254393961428,0.9740801006934228,0.1282051282051282
Cc1ccccc1-c1ccc(C(=O)N2CCc3cc4c(cc32)C2(CC[NH2+]CC2)CO4)cc1,8.3,0.6779332114094787,0.7075698488933178,0.5949367088607594
Nc1cc(C=O)ncc1N1CCc2cc3c(cc21)C1(CC[NH2+]CC1)CO3,9.7,0.7932988376561285,0.620000025904361,0.3010752688172043
Clc1ccc(C[NH+]2CCC3(CC2)COc2cc4c(cc23)N(N2CCc3cc5c(cc32)C2(CC[NH2+]CC2)CO5)CC4)s1,0.0,0.4918027615336207,0.5087907168175939,0.3191489361702128
NCC(=O)C(=O)[NH+]1CCC2(CC1)COc1cc3c(cc12)N(c1ccccc1)CC3,6.1,0.7540001272106277,0.6542363402782745,0.375
c1c2c(cc3c1OCC31CC[NH2+]CC1)NCC2,8.1,0.687524633345975,0.611003774127732,0.253012048192771
O=C1CC(=O)[NH+]2CCC3(CC2)COc2cc4c(cc23)N1CC4,8.8,0.676008321998032,0.4585910806377821,0.3658536585365853
O=CC(=O)C(=O)N1CCc2cc3c(cc21)C1(CC[NH2+]CC1)CO3,8.8,0.4459070183276383,0.6107846723568559,0.3855421686746988
Cc1ccc(-c2ccccc2)cc1,8.0,0.6092016568043108,0.9922466854466124,0.0921052631578947
O=C(C1CC1)N1CCc2cc3c(cc21)C1(CC[NH+](c2ccccc2)CC1)CO3,10.4,0.8756221796328855,0.6544974863236985,0.4235294117647059
Cc1ccc(C(=O)c2ccc(-c3noc(C)n3)cc2C)cc1,9.3,0.6870810422028188,0.8914609559012234,0.3506493506493506
CN1CCc2cc3c(cc21)C1(CC[NH+](c2ccccc2)CC1)CO3,9.6,0.8680490327108227,0.640125892314752,0.3780487804878049
c1ccc(Cc2ccccc2)cc1,7.6,0.6452001853099995,0.996841603580744,0.0389610389610389
C[NH+]1CCC2(CC1)COc1cc3c(cc12)N(C(=O)Cc1ccccc1)CC3,10.4,0.8822400987558321,0.6843592105764547,0.5125
C[NH+]1CCC2(CC1)COc1cc3c(cc12)N(C(=O)c1ccc(C=O)cc1)CC3,6.6,0.8099155606307847,0.671151811943878,0.6266666666666667
C[NH+]1CCC2(CC1)COc1cc3c(cc12)N(C1CC1)CC3,8.2,0.8335194340032308,0.6316306954964604,0.4605263157894737
O=CC(=O)N1CCc2cc3c(cc21)C1(CC[NH+](C=O)CC1)CO3,8.2,0.5753801409138712,0.5993816420538257,0.4375
C[NH+]1CCC2(CC1)COc1cc3c(cc12)N(C(=O)C(F)(F)F)CC3,10.1,0.7662042928449159,0.6279783203155929,0.5263157894736842
CN1CCc2cc3c(cc21)C1(CC[NH+](C)CC1)CO3,8.4,0.7353834935260425,0.618111967315094,0.4657534246575342
Clc1ccccc1,4.9,0.4833833263681997,1.0,0.0394736842105263
Cc1ccccc1,5.2,0.4588062796575454,1.0,0.0675675675675675
COc1cccc(-c2ccccc2)c1,7.7,0.6949649441287625,0.9798630493696248,0.072289156626506
Cc1ccccc1-c1ccc(C(=O)c2ccc(C=O)cc2)cc1,10.1,0.5165048395255386,0.9191962800813844,0.1927710843373494
O=C(c1ccccc1)c1ccc(-c2ccccc2)cc1,9.5,0.6281223074871519,0.9679472873032822,0.1298701298701298
C[C@@H](C(=O)C=O)c1ccc(C(=O)N2CCc3cc4c(cc32)C2(CC[NH2+]CC2)CO4)cc1,10.5,0.6048878277821212,0.6126452999927621,0.4941176470588235
O=C(c1ccccc1)N1CCc2cc3c(cc21)C1(CC[NH2+]CC1)CO3,9.5,0.8648456162233196,0.6947822079664642,0.4871794871794871
CC(=O)[NH+]1CCC2(CC1)COc1cc3c(cc12)N(C(=O)c1ccccc1)CC3,7.1,0.823812104057087,0.6808122108042769,0.5384615384615384
O=C(c1ccccc1)N1CCc2cc3c(cc21)C1(CC[NH2+]CC1)CO3,10.3,0.8648456162233196,0.6947822079664642,0.4871794871794871
O=C(c1ccccc1)N1CCc2cc3c(cc21)C1(CC[NH2+]CC1)CO3,10.0,0.8648456162233196,0.6947822079664642,0.4871794871794871
c1c2c(cc3c1OCC31CC[NH2+]CC1)NCC2,8.1,0.687524633345975,0.611003774127732,0.253012048192771
O=C(c1ccccc1)N1CCc2cc3c(cc21)C1(CC[NH2+]CC1)CO3,9.8,0.8648456162233196,0.6947822079664642,0.4871794871794871
Cc1nc(-c2ccc(-c3ccc(C(=O)N4CCc5cc6c(cc54)C4(CC[NH+](C)CC4)CO6)cc3)c(-c3ccc(-c4ccccc4)cc3)c2)no1,0.0,0.21228388185964,0.6745772035709078,0.8421052631578947
CC,1.8,0.3727855551576051,0.805825786783401,0.0144927536231884
O=CC(=O)N1CCc2cc3c(cc21)C1(CC[NH2+]CC1)CO3,5.8,0.5727364097010392,0.6156836589264731,0.3950617283950617
C[NH+]1CCC2(CC1)COc1cc3c(cc12)N(c1ccccc1-c1ccc(C(=O)CC(N)=O)cc1)CC3,7.5,0.4330090242427491,0.6712723402467655,0.5
O=C(c1ccccc1)N1CCc2cc3c(cc21)C1(CC[NH2+]CC1)CO3,6.9,0.8648456162233196,0.6947822079664642,0.4871794871794871
Cc1ccccc1,5.2,0.4588062796575454,1.0,0.0675675675675675
Cc1ccc(C(=O)c2ccccc2)cc1,7.6,0.6738254393961428,0.9740801006934228,0.1282051282051282
Cc1cc2ccc1-c1ccc(cc1)CN([NH+]1CCC3(CC1)COc1cc4c(cc13)NCC4)c1nc-2no1,8.4,0.4199079340749665,0.4540322196687055,0.4835164835164835
O=C(C(=O)C1CC1)c1ccccc1,6.4,0.5173128744618012,0.8961669508537202,0.0975609756097561
Cc1cccc(-c2noc(C)n2)c1,7.4,0.6657044972110279,0.906560286497056,0.2666666666666666
O=CN1CCc2cc3c(cc21)C1(CC[NH+](c2ccccc2)CC1)CO3,9.4,0.8500936127774507,0.6177834553677115,0.3647058823529411
O=C(c1ccccc1CNO)N1CCc2cc3c(cc21)C1(CC[NH+](c2ccccc2C(=O)N2CCc4cc5c(cc42)C2(CC[NH+](Cc4ccccc4)CC2)CO5)CC1)CO3,0.0,0.1780924123395784,0.520649690580044,0.38
C[NH+]1CCC2(CC1)COc1cc3c(cc12)N(C(=O)C=O)CC3,8.7,0.5729653640750715,0.6078371123838138,0.5333333333333333
O=C(N1CCc2cc3c(cc21)C1(CC[NH2+]CC1)CO3)N1CCc2cc3c(cc21)C1(CC[NH2+]CC1)CO3,11.2,0.5855089201018349,0.536732336779813,0.4155844155844156
C[NH+]1CCC2(CC1)COc1cc3c(cc12)N(c1ccccc1N1CCc2cc4c(cc21)C1(CC[NH2+]CC1)CO4)CC3,10.0,0.5153051003357074,0.5479919778516418,0.4268292682926829
O=C(c1ccccc1)c1ccccc1,7.6,0.6524732866647586,0.9828968204765668,0.0933333333333333
C[NH+]1CCC2(CC1)COc1cc3c(cc12)N(c1ccccc1)CC3,10.1,0.8680490327108227,0.6742366182085766,0.4487179487179487
Cc1ccccc1,5.2,0.4588062796575454,1.0,0.0675675675675675
O=CC(=O)Nc1ccc(C(=O)N2CCc3cc4c(cc32)C2(CC[NH2+]CC2)CO4)cc1,6.4,0.5879818098953212,0.6780130362278525,0.4534883720930232
O=C(F)c1ccccc1,5.6,0.5214614706026156,0.9074285462057072,0.0909090909090909
Clc1ccc(-c2ccccc2)cc1,7.8,0.6346172430604238,0.9893904101429688,0.0641025641025641
O=C([O-])N1CCc2cc3c(cc21)C1(CC[NH2+]CC1)CO3,8.8,0.6853117996793567,0.5960109895080546,0.4050632911392405
O=C(C(=O)c1ccccc1)c1ccccc1,7.8,0.5762605941819152,0.9595893735206708,0.0933333333333333
O=C(c1ccccc1)N1CCc2cc3c(cc21)C1(CC[NH2+]CC1)CO3,6.8,0.8648456162233196,0.6947822079664642,0.4871794871794871
Cc1ccc(C(=O)c2ccc(C=O)cc2)cc1,8.4,0.5928427947852928,0.9341101233852372,0.1234567901234567
CC(=O)C(=O)[NH+]1CCC2(CC1)COc1cc3c(cc12)N(C(=O)c1ccccc1)CC3,10.4,0.765520301418044,0.6724273104860724,0.5316455696202531
O=C(c1ccc(C(=O)N2CCc3cc4c(cc32)C2(CC[NH2+]CC2)CO4)cc1)N1CCc2cc3c(cc21)C1(CC[NH2+]CC1)CO3,9.9,0.4769221012757455,0.5676176918947271,0.527027027027027
CC(CCc1ccccc1)c1ccccc1,7.6,0.700283096678044,0.903156847650562,0.0465116279069767
CCc1cc(-c2ccccc2)nn1-c1ccccc1,8.7,0.6819558802676717,0.9125996289856764,0.0898876404494382
C[NH+]1CCC2(CC1)COc1cc3c(cc12)N(Cc1ccccc1F)CC3,9.7,0.8924839331447636,0.6723563012080046,0.4117647058823529
Nc1ccc([NH+]2CCC3(CC2)COc2cc4c(cc23)N(CCCl)CC4)cc1,10.0,0.6308866862118104,0.6233666107711966,0.3333333333333333
C[NH+]1CCC2(CC1)COc1cc3c(cc12)N(c1ccccc1)CC3,10.1,0.8680490327108227,0.6742366182085766,0.4487179487179487
CCCN(C=O)c1ccccc1,6.1,0.6220136018681434,0.8616272071035032,0.0705882352941176
O=C(N1CCc2cc3c(cc21)C1(CC[NH2+]CC1)CO3)N1CCc2cc3c(cc21)C1(CC[NH2+]CC1)CO3,9.5,0.5855089201018349,0.536732336779813,0.4155844155844156
C[NH+]1CCC2(CC1)COc1cc3c(cc12)N(C(=O)c1ccc([NH+]2CCC4(CC2)COc2cc5c(cc24)N(C=O)CC5)cc1)CC3,0.0,0.4481151441424872,0.5166820435479003,0.573170731707317
CC(=O)c1ccc(C)cc1,6.0,0.5379444707224508,0.9777073923067092,0.1333333333333333
O=C(c1ccccc1)N1CCc2cc3c(cc21)C1(CC[NH2+]CC1)CO3,9.6,0.8648456162233196,0.6947822079664642,0.4871794871794871
O=C(N1CC[C@@H](c2ccccc2)C1)N1CCc2cc3c(cc21)C1(CC[NH2+]CC1)CO3,6.2,0.7944930375732387,0.6325068508608968,0.358695652173913
c1ccc(N2CCc3cc4c(cc32)C2(CC[NH2+]CC2)CO4)cc1,9.4,0.8762040281211465,0.6837203975012768,0.3214285714285714
CN1CCc2cc3c(cc21)C1(CC[NH+](C)CC1)CO3,8.4,0.7353834935260425,0.618111967315094,0.4657534246575342
C=NCCC(=O)C(=O)N1CCc2cc3c(cc21)C1(CC[NH+](C(=O)Cc2ccccc2)CC1)CO3,9.8,0.5208806271614691,0.6217369419066644,0.375
CC(=O)c1ccccc1Cl,5.6,0.5685292666854166,0.9559592441585611,0.0864197530864197
O=Cc1ccccc1N1CCc2cc3c(cc21)C1(CC[NH+](c2ccccc2)CC1)CO3,7.2,0.6653577023968391,0.6535582402147883,0.348314606741573
O=COc1ccc(C=O)cc1,6.2,0.604269826470257,0.8607136102763211,0.0481927710843373
O=C(c1ccccc1-c1ccccc1F)N1CCc2cc3c(cc21)C1(CC[NH2+]CC1)CO3,11.6,0.675593743684078,0.6985727948834978,0.4137931034482758
C[NH+]1CCC2(CC1)COc1cc3c(cc12)N(C(=O)c1ccccc1)CC3,9.4,0.8522853745142259,0.6851838315723771,0.6388888888888888
CO[NH+]1CCC2(CC1)COc1cc3c(cc12)N(c1ccccc1)CC3,9.3,0.9103281150747043,0.6674747235589797,0.3809523809523809
N#CON1CCc2cc3c(cc21)C1(CC[NH+](c2ccccc2)CC1)CO3,9.4,0.8447741851437448,0.5916560225393048,0.3448275862068966
C[NH+]1CCC2(CC1)COc1cc3c(cc12)N(C(=O)c1ccccc1)CC3,10.0,0.8522853745142259,0.6851838315723771,0.6388888888888888
O=C1C[NH+]2CCC3(CC2)COc2cc4c(cc23)N(CC4)C(=O)c2ccc(cc2)N1,10.5,0.709514105543176,0.4416999370302112,0.375
CC(=O)N1CCc2cc3c(cc21)C1(CC[NH2+]CC1)CO3,8.6,0.7515452091953233,0.6441863210730414,0.4230769230769231
Nc1ccc(C=O)cc1,5.5,0.4459606483114272,0.9088180846672458,0.05
O=C(c1ccccc1)N1CCc2cc3c(cc21)C1(CC[NH+](N2CCCCCC2)CC1)CO3,11.3,0.7928860861364028,0.6728116199330283,0.5061728395061729
C[NH+]1CCC2(CC1)COc1cc3c(cc12)N(C(=O)c1ccc([C@@H](F)C(F)(F)F)cc1)CC3,7.3,0.7136266408191314,0.6039502350850384,0.6075949367088608
O=C(c1ccccc1O)N1CCc2cc3c(cc21)C1(CC[NH+](C(=O)N2CCc4cc5c(cc42)C2(CC[NH2+]CC2)CO5)CC1)CO3,9.9,0.393131168798368,0.5457461461120027,0.4269662921348314
c1ccc(N2CCc3cc4c(cc32)C2(CC[NH2+]CC2)CO4)cc1,9.3,0.8762040281211465,0.6837203975012768,0.3214285714285714
O=C(N1CCc2cc3c(cc21)C1(CC[NH2+]CC1)CO3)N1CCc2cc3c(cc21)C1(CC[NH2+]CC1)CO3,8.2,0.5855089201018349,0.536732336779813,0.4155844155844156
CN1CCc2cc3c(cc21)C1(CC[NH+](C(=O)N2CCc4cc5c(cc42)C2(CC[NH2+]CC2)CO5)CC1)CO3,9.8,0.5677800971506533,0.5275470891330598,0.4285714285714285
C[NH+]1CCC2(CC1)COc1cc3c(cc12)N(c1ccccc1)CC3,7.0,0.8680490327108227,0.6742366182085766,0.4487179487179487
O=C(c1ccccc1)c1ccc(Cl)cc1,7.8,0.7018029704350378,0.9715559504250866,0.1
CN1CCc2cc3c(cc21)C1(CC[NH+](c2ccccc2)CC1)CO3,9.6,0.8680490327108227,0.640125892314752,0.3780487804878049
C[NH+]1CCC2(CC1)COc1cc3c(cc12)N(C=O)CC3,9.0,0.7388810801359309,0.5926404324788772,0.4605263157894737
C[C@]12C(=O)c3ccccc3C[NH+]1C[C@@H]2c1ccccc1,8.7,0.8334426611063482,0.6551140670982114,0.1075268817204301
O=C(Nc1ccccc1)C(=O)N1CCc2cc3c(cc21)C1(CC[NH2+]CC1)CO3,10.5,0.7325840791640498,0.6845250660610345,0.375
C[NH+]1CCC2(CC1)COc1cc3c(cc12)NCC3,8.0,0.699554415525747,0.603073013324969,0.3636363636363636
CC(C)Sc1ccccc1-c1ccc(C=O)cc1,7.9,0.5839920966332306,0.8825328259707325,0.1011235955056179
O=C(c1ccccc1)N1CCc2cc3c(cc21)C1(CC[NH2+]CC1)CO3,7.1,0.8648456162233196,0.6947822079664642,0.4871794871794871
C[NH+]1CCC2(CC1)COc1cc3c(cc12)N(C=O)CC3,8.8,0.7388810801359309,0.5926404324788772,0.4605263157894737
O=C(Cl)N1CCc2cc3c(cc21)C1(CC[NH2+]CC1)CO3,8.5,0.5804121609818496,0.6178526340703889,0.4050632911392405
O=C(c1ccccc1)N1CCc2cc3c(cc21)C1(CC[NH2+]CC1)CO3,10.4,0.8648456162233196,0.6947822079664642,0.4871794871794871
O=S(=O)(CCc1ccccc1)N1CCc2cc3c(cc21)C1(CC[NH+](c2ccccc2)CC1)CO3,9.8,0.6164162211271564,0.6662478963807617,0.3333333333333333
C[NH+]1CCC2(CC1)COc1cc3c(cc12)N(c1ccc(F)c(-c2ccccc2)c1)CC3,6.3,0.6780200394010629,0.685891536183034,0.4418604651162791
CN(C)C(=O)[C@H](c1ccccc1)c1ccccc1-c1ccccc1,5.6,0.6902108320620538,0.8503585928658849,0.1379310344827586
C[NH+]1CCC2(CC1)COc1cc3c(cc12)N(C=O)CC3,6.2,0.7388810801359309,0.5926404324788772,0.4605263157894737
O=C(c1ccccc1)N1CCc2cc3c(cc21)C1(CC[NH+](c2ccc(-c4ccccc4)cc2)CC1)CO3,4.9,0.4312318730457955,0.6919706587240986,0.5375
O=C(C(=O)N1CCc2cc3c(cc21)C1(CC[NH2+]CC1)CO3)c1ccccc1,6.6,0.6488355143615575,0.6778536604303983,0.4047619047619047
O=C(Cc1ccc(F)cc1)N1CCc2cc3c(cc21)C1(CC[NH+](C(=O)c2ccccc2)CC1)CO3,8.1,0.6388946174104921,0.686762550754339,0.4021739130434782
C[NH+]1CCC2(CC1)COc1cc3c(cc12)N(N1CCc2cc4c(cc21)C1(CC[NH2+]CC1)CO4)CC3,7.9,0.6464196916441475,0.5102686060382661,0.4358974358974359
c1ccc(-c2ccc(-c3ccccc3)cc2)cc1,9.2,0.5794896680157823,1.0,0.0684931506849315
C[NH+]1CCC2(CC1)COc1cc3c(cc12)N(C(=O)[NH+]1CCC2(CC1)COc1cc4c(cc12)N(CC(=O)O)CC4)CC3,0.0,0.4980251961667482,0.5251862321990302,0.5
c1ccc(N2CCc3cc4c(cc32)C2(CC[NH2+]CC2)CO4)cc1,9.4,0.8762040281211465,0.6837203975012768,0.3214285714285714
Cc1ccc(F)cc1,5.5,0.4796017536231644,0.9944318638422428,0.0657894736842105
C[NH+]1CCC2(CC1)COc1cc3c(cc12)N(C(=O)[NH+]1CCC2(CC1)COc1cc4c(cc12)NCC4)CC3,7.3,0.5049597783877986,0.5161158964725092,0.4878048780487805
C[NH+]1CCC2(CC1)COc1cc3c(cc12)N(C(=O)N1CCc2cc4c(cc21)C1(CC[NH2+]CC1)CO4)CC3,2.1,0.568542077646696,0.5304714363454806,0.5194805194805194
CC1CC1,3.3,0.3934207493755274,0.9587811999650964,0.0273972602739726
Cn1cc(N2CCc3cc4c(cc32)C2(CC[NH+](N3CCc5cc6c(cc53)C3(CC[NH2+]CC3)CO6)CC2)CO4)cn1,8.6,0.5146691619688779,0.5182795452900376,0.3263157894736842
C[NH+]1CCC2(CC1)COc1cc3c(cc12)N(C(=O)c1ccccc1C(=O)c1ccccc1)CC3,12.3,0.6205367841079718,0.6961300424569078,0.55
O=C(c1ccccc1)[NH+]1CCC2(CC1)COc1cc3c(cc12)N(c1ccc(Cl)cc1)CC3,7.1,0.6420538401936199,0.6855518456199953,0.3777777777777777
C[NH+]1CCC2(CC1)COc1cc3c(cc12)N(C(=O)c1c(Cl)cccc1Cl)CC3,6.3,0.7724701838322556,0.6647542264737925,0.5512820512820513
CC(=O)N1CCc2cc3c(cc21)C1(CC[NH+](C(=O)c2ccc(C(F)F)cc2)CC1)CO3,11.9,0.8020245729824556,0.6501379224890357,0.4534883720930232
O=C(c1ccccc1)N1CCc2cc3c(cc21)C1(CC[NH2+]CC1)CO3,10.0,0.8648456162233196,0.6947822079664642,0.4871794871794871
c1c2c(cc3c1OCC31CC[NH2+]CC1)NCC2,8.1,0.687524633345975,0.611003774127732,0.253012048192771
CC(=O)c1ccccc1,5.7,0.5170467542625542,0.9892100846672456,0.1052631578947368
c1ccc(N2CCc3cc4c(cc32)C2(CC[NH2+]CC2)CO4)cc1,9.4,0.8762040281211465,0.6837203975012768,0.3214285714285714
Cc1ccc(C)cc1,5.8,0.475757685340321,1.0,0.0704225352112676
O=CN1CCc2cc3c(cc21)C1(CC[NH+](C(=O)Cc2ccccc2)CC1)CO3,10.0,0.8203466058265713,0.6435173737533422,0.3666666666666666
CC(=O)N1CCc2cc3c(cc21)C1(CC[NH+](C)CC1)CO3,8.5,0.7553328015650862,0.6352967778840183,0.5555555555555556
CCOc1ccc(C2CC2)cc1,6.1,0.6635697767752865,0.9509615962437749,0.0581395348837209
CCC(=O)N1CCc2cc3c(cc21)C1(CC[NH+](C)CC1)CO3,8.3,0.836998714938908,0.639092301639003,0.5333333333333333
CN1CCc2cc3c(cc21)C1(CC[NH+](C)CC1)CO3,8.4,0.7353834935260425,0.618111967315094,0.4657534246575342
O=C(c1ccccc1)N1CCc2cc3c(cc21)C1(CC[NH2+]CC1)CO3,9.3,0.8648456162233196,0.6947822079664642,0.4871794871794871
C[NH+]1CCC2(CC1)COc1cc3c(cc12)N(C(=O)C(=O)C(N)=O)CC3,9.9,0.5079980639850716,0.6119954066596629,0.5194805194805194
Cc1ccc(-c2ccccc2)cc1,5.4,0.6092016568043108,0.9922466854466124,0.0921052631578947
O=CC(=O)c1ccccc1,5.7,0.3441568650134133,0.9231534647527818,0.0886075949367088
C[NH+]1CCC2(CC1)COc1cc3c(cc12)N(C(=O)F)CC3,6.4,0.5731203288192583,0.5996139573711977,0.547945205479452
O=C1c2ccc(cc2)-c2ccccc2C(=O)[NH+]2CCC3(CC2)COc2cc4c(cc23)N1CC4,12.6,0.588367736240789,0.4889434944955023,0.4069767441860465
O=C(OC(F)F)N1CCc2cc3c(cc21)C1(CC[NH+](N2CCc4cc5c(cc42)C2(CC[NH2+]CC2)CO5)CC1)CO3,5.7,0.5915560981048125,0.508574567914472,0.3804347826086957
C[C@@H]([NH3+])N(C)C(=O)c1ccccc1,6.2,0.6540679216943519,0.7878515791154277,0.1071428571428571
C[NH+]1CCC2(CC1)COc1cc3c(cc12)N(C(=O)C(=O)[NH+]1CCC2(CC1)COc1cc4c(cc12)N(C1CC1)CC4)CC3,0.0,0.4914581119818551,0.5226078314625577,0.4939759036144578
Cc1ccccc1,5.2,0.4588062796575454,1.0,0.0675675675675675
CCC(=O)N1CCc2cc3c(cc21)C1(CC[NH+](C)CC1)CO3,9.0,0.836998714938908,0.639092301639003,0.5333333333333333
c1c2c(cc3c1OCC31CC[NH2+]CC1)N(C1CC1)CC2,8.6,0.8313839029249216,0.6402982079588033,0.3292682926829268
O=Cc1ccc(C(=O)O)cc1,6.1,0.6441438021658347,0.9335871421208206,0.1012658227848101
c1ccc(N2CCc3cc4c(cc32)C2(CC[NH2+]CC2)CO4)cc1,9.5,0.8762040281211465,0.6837203975012768,0.3214285714285714
c1c2c(cc3c1OCC31CC[NH2+]CC1)N(OC1CCOCC1)CC2,9.4,0.8830729261083826,0.6109652446681889,0.2888888888888888
O=Cc1ccccc1,5.2,0.4956362681365689,0.9512188811727386,0.0512820512820512
C[NH+]1CCC2(CC1)COc1cc3c(cc12)N(C=O)CC3,8.9,0.7388810801359309,0.5926404324788772,0.4605263157894737
O=C(c1ccccc1)N1CCc2cc3c(cc21)C1(CC[NH2+]CC1)CO3,9.4,0.8648456162233196,0.6947822079664642,0.4871794871794871
Fc1ccc(N2CCc3cc4c(cc32)C2(CC[NH+](Cn3cccn3)CC2)CO4)cc1,9.9,0.7277743762892873,0.6562006617754936,0.3229166666666667
O=Cc1ccc(C(=O)Cc2ccccc2)cc1,7.9,0.5907431057701472,0.9325152254260536,0.0919540229885057
O=C(C(=O)N1CCc2cc3c(cc21)C1(CC[NH+](CCCCO)CC1)CO3)c1ccccc1,6.9,0.4103189130954773,0.6541600993200816,0.4269662921348314
O=C(c1ccccc1)C1CCCN(N2CCc3cc4c(cc32)C2(CC[NH2+]CC2)CO4)CC1,10.8,0.7580604539723584,0.6158659525839139,0.3229166666666667
CN1CCc2cc3c(cc21)C1(CC[NH2+]CC1)CO3,5.9,0.7275879347312062,0.6265824472872331,0.3417721518987341
O=C(c1ccccc1)N1CCc2cc3c(cc21)C1(CC[NH+](C(=O)N2CCc4cc5c(cc42)C2(CC[NH2+]CC2)CO5)CC1)CO3,5.6,0.4550939991353199,0.5547305913030112,0.4939759036144578
O=C(c1ccccc1)N1CCc2cc3c(cc21)C1(CC[NH2+]CC1)CO3,9.0,0.8648456162233196,0.6947822079664642,0.4871794871794871
c1ccc(N2CCc3cc4c(cc32)C2(CC[NH2+]CC2)CO4)cc1,9.5,0.8762040281211465,0.6837203975012768,0.3214285714285714
CN=C(O)C[NH+]1CCC2(CC1)COc1cc3c(cc12)N(c1ccccc1)CC3,6.4,0.636421563611899,0.6406922330403967,0.3555555555555555
CC(C)c1ccc(N2CCc3cc4c(cc32)C2(CC[NH+](C(=O)N3CCc5cc6c(cc53)C3(CC[NH+](C)CC3)CO6)CC2)CO4)cc1-c1ccccc1,0.0,0.2931661058954302,0.5384924428153108,0.4731182795698925
C[NH+]1CCC2(CC1)COc1cc3c(cc12)N(OC(F)F)CC3,5.6,0.8870930335289745,0.5789145238612252,0.425
O=C(C(=O)N1CCc2cc3c(cc21)C1(CC[NH+](C(=O)c2ccccc2)CC1)CO3)c1ccc(C(=O)N2CCc3cc4c(cc32)C2(CC[NH2+]CC2)CO4)cc1,5.5,0.247530551223834,0.546650553392871,0.4666666666666667
O=Cc1ccccc1C(=O)N1CCc2cc3c(cc21)C1(CC[NH+](Oc2ccccc2Cl)CC1)CO3,9.7,0.5681920552161556,0.6647132294873708,0.4086021505376344
O=CN1CCc2cc3c(cc21)C1(CC[NH2+]CC1)CO3,8.1,0.7320377665893689,0.600061772509899,0.3292682926829268
CC(=O)N1CCc2cc3c(cc21)C1(CC[NH2+]CC1)CO3,8.7,0.7515452091953233,0.6441863210730414,0.4230769230769231
CCC(=O)N1CCc2cc3c(cc21)C1(CC[NH2+]CC1)CO3,8.9,0.8365305266936888,0.6479636084851111,0.4074074074074074
O=CN1CCc2cc3c(cc21)C1(CC[NH2+]CC1)CO3,8.4,0.7320377665893689,0.600061772509899,0.3292682926829268
CC,1.8,0.3727855551576051,0.805825786783401,0.0144927536231884
CC(=O)N1CCc2cc3c(cc21)C1(CC[NH2+]CC1)CO3,8.7,0.7515452091953233,0.6441863210730414,0.4230769230769231
O=Cc1ccc(C(=O)[NH+]2CCC3(CC2)COc2cc4c(cc23)N(C(=O)c2ccc(-c3ccccc3)cc2)CC4)cc1,10.7,0.3846826727542525,0.6859709798753406,0.5116279069767442
C[NH+]1CCC2(CC1)COc1cc3c(cc12)N(C1CC2(N4CCc5cc6c(cc54)C4(CC[NH2+]CC4)CO6)CCC1C2)CC3,10.9,0.5842977241687751,0.3309134173165171,0.3578947368421052
CC(=O)c1ccccc1,5.7,0.5170467542625542,0.9892100846672456,0.1052631578947368
O=C(Cc1ccccc1)C(=O)c1ccccc1,7.3,0.5907206992911126,0.935305178330292,0.0843373493975903
O=CN1CCc2cc3c(cc21)C1(CC[NH+](Cc2ccco2)CC1)CO3,6.0,0.8579670767116467,0.6083975925818489,0.3444444444444444
CS(=O)(=O)N1CCc2cc3c(cc21)C1(CC[NH+](c2ccccc2)CC1)CO3,6.7,0.8553344935257639,0.6431919746640387,0.3720930232558139
O=C(C(=O)C1CC1)c1ccccc1,6.4,0.5173128744618012,0.8961669508537202,0.0975609756097561
O=Cc1ccccc1,5.5,0.4956362681365689,0.9512188811727386,0.0512820512820512
O=CN1CCc2cc3c(cc21)C1(CC[NH2+]CC1)CO3,8.1,0.7320377665893689,0.600061772509899,0.3292682926829268
CC,1.8,0.3727855551576051,0.805825786783401,0.0144927536231884
COC(=O)CN1CCc2cc3c(cc21)C1(CC[NH2+]CC1)CO3,8.3,0.7937288295959498,0.6507545421762436,0.3448275862068966
ON1CCc2cc3c(cc21)C1(CC[NH2+]CC1)CO3,8.1,0.6986105586548178,0.596904653383024,0.3417721518987341
O=C(c1ccccc1)N1CCc2cc3c(cc21)C1(CC[NH2+]CC1)CO3,6.9,0.8648456162233196,0.6947822079664642,0.4871794871794871
CNC(=O)N1CCc2cc3c(cc21)C1(CC[NH2+]CC1)CO3,8.6,0.7247871475101981,0.6358728140336609,0.4074074074074074
FC(F)(F)CCCN1CCc2cc3c(cc21)C1(CC[NH2+]CC1)CO3,8.8,0.9146107686391364,0.643027935117836,0.2888888888888888
CC(=O)N1CCc2cc3c(cc21)C1(CC[NH2+]CC1)CO3,6.4,0.7515452091953233,0.6441863210730414,0.4230769230769231
CN1CCc2cc3c(cc21)C1(CC[NH+](C)CC1)CO3,8.2,0.7353834935260425,0.618111967315094,0.4657534246575342
O=C(C(=O)c1ccc(C2CC2)cc1)c1ccccc1,6.2,0.6130548292109949,0.9207108011468488,0.108433734939759
Cc1ccc(F)cc1,5.5,0.4796017536231644,0.9944318638422428,0.0657894736842105
O=C(c1ccccc1)N1CCc2cc3c(cc21)C1(CC[NH+](C(=O)N2CCc4cc5c(cc42)C2(CC[NH+](C(=O)c4ccccc4)CC2)CO5)CC1)CO3,1.4,0.3354877747328514,0.5482378597135141,0.5061728395061729
c1ccc(N2CCc3cc4c(cc32)C2(CC[NH2+]CC2)CO4)cc1,9.5,0.8762040281211465,0.6837203975012768,0.3214285714285714
O=Cc1ccccc1,5.1,0.4956362681365689,0.9512188811727386,0.0512820512820512
O=C(c1ccc(C(=O)N2CCc3cc4c(cc32)C2(CC[NH2+]CC2)CO4)cc1)N1CCc2cc3c(cc21)C1(CC[NH2+]CC1)CO3,7.3,0.4769221012757455,0.5676176918947271,0.527027027027027
O=C1C[NH+]2CCC3(CC2)COc2cc4c(cc23)N(CC4)C(=O)c2ccc(cc2)-c2ccccc21,12.2,0.5717195751363985,0.4829515831994943,0.3977272727272727
CCl,1.6,0.3573626606013345,0.7727334790910932,0.0142857142857142
c1ccc(N2CCc3cc4c(cc32)C2(CC[NH+](c3ccccc3)CC2)CO4)cc1,6.9,0.7198177092572661,0.6752490029030063,0.3571428571428571
O=C(c1ccccc1)c1ccc(C(=O)c2ccccc2)cc1,9.7,0.6751651074986541,0.979363849375018,0.1066666666666666
C[NH+]1CCC2(CC1)COc1cc3c(cc12)N(C(=O)Cc1ccccc1)CC3,6.3,0.8822400987558321,0.6843592105764547,0.5125
CC(=O)c1ccccc1,5.8,0.5170467542625542,0.9892100846672456,0.1052631578947368
O=C(c1ccccc1)c1ccccc1,7.6,0.6524732866647586,0.9828968204765668,0.0933333333333333
Cc1ccc(C(=O)c2ccccc2)cc1,7.9,0.6738254393961428,0.9740801006934228,0.1282051282051282
CSC1(C)CC(C(=O)c2ccccc2)C1,4.8,0.7261757522604995,0.8365016984943741,0.127906976744186
C[NH+]1CCC2(CC1)COc1cc3c(cc12)N(c1ccc(N2CCc4cc5c(cc42)C2(CC[NH+](C=O)CC2)CO5)cc1)CC3,0.0,0.468259905809488,0.5378006578690805,0.4390243902439024
CN1CCc2cc3c(cc21)C1(CC[NH2+]CC1)CO3,8.1,0.7275879347312062,0.6265824472872331,0.3417721518987341
O=C(c1ccccc1)N1CCc2cc3c(cc21)C1(CC[NH2+]CC1)CO3,9.9,0.8648456162233196,0.6947822079664642,0.4871794871794871
c1ccc(-c2ccccc2)cc1,7.5,0.5905018880213778,1.0,0.0547945205479452
C=CCN1CCc2cc3c(cc21)C1(CC[NH2+]CC1)CO3,8.0,0.8196483542780214,0.6236982079588034,0.3023255813953488
ClC1CC1,3.0,0.3826475703413797,0.859993165777062,0.0273972602739726
C=C(C(=O)N1CCc2cc3c(cc21)C1(CC[NH2+]CC1)CO3)c1ccccc1,11.0,0.8344535415933536,0.6633368152502619,0.3953488372093023
O=C(C(=O)[NH+]1CCC2(CC1)COc1cc3c(cc12)NCC3)c1ccccc1,10.4,0.6251170550950598,0.6564258123291322,0.3181818181818182
C[NH+]1CCC2(CC1)COc1cc3c(cc12)NCC3,8.0,0.699554415525747,0.603073013324969,0.3636363636363636
C[NH+]1CCC2(CC1)COc1cc3c(cc12)N(C(=O)Cc1ccccc1)CC3,10.6,0.8822400987558321,0.6843592105764547,0.5125
C[C@@H](C=O)C(=O)N1CCc2cc3c(cc21)C1(CC[NH2+]CC1)CO3,8.9,0.6345630223116255,0.5719262114854742,0.4047619047619047
c1ccc(N2CCc3cc4c(cc32)C2(CC[NH2+]CC2)CO4)cc1,9.5,0.8762040281211465,0.6837203975012768,0.3214285714285714
O=C(C(=O)c1ccc(C(=O)c2ccccc2)cc1)c1ccccc1,9.3,0.5284606116950724,0.947701293424193,0.1025641025641025
Cc1ccccc1,5.2,0.4588062796575454,1.0,0.0675675675675675
Fc1ccc([NH+]2CCC3(CC2)COc2cc4c(cc23)N(c2ccccc2)CC4)cc1Cl,9.6,0.6215062250389075,0.6641687973833722,0.3191489361702128
O=C(CC(=O)N1CCc2cc3c(cc21)C1(CC[NH2+]CC1)CO3)N1CCc2cc3c(cc21)C1(CC[NH2+]CC1)CO3,11.6,0.5545543698258145,0.5410788783056322,0.4
c1ccc(N2CCc3cc4c(cc32)C2(CC[NH2+]CC2)CO4)cc1,6.8,0.8762040281211465,0.6837203975012768,0.3214285714285714
COc1cccc(-c2ccc(-c3ccc(-c4noc([C@@H]5CCC[C@@H]5O)n4)cc3C)cc2)c1,9.1,0.422814194220414,0.7771111545852951,0.2708333333333333
C[NH+]1CCC2(CC1)COc1cc3c(cc12)N(C(=O)c1ccc(C2CCC2)cc1)CC3,0.0,0.8361801111751931,0.6813127709758633,0.6025641025641025
Fc1ccc(-c2ccccc2)cc1,7.7,0.6172445494970528,0.988345066013414,0.0641025641025641
Fc1ccccc1,4.9,0.4618403302914614,1.0,0.0394736842105263
C[NH+]1CCC2(CC1)COc1cc3c(cc12)N(C(=O)OCO)CC3,7.9,0.719523108702532,0.6192170732892568,0.5324675324675324
CC(=O)c1ccccc1,5.8,0.5170467542625542,0.9892100846672456,0.1052631578947368
CC(=O)C(=O)c1ccccc1,6.2,0.4696543696018401,0.9314799626336412,0.1025641025641025
O=CN1CCc2cc3c(cc21)C1(CC[NH2+]CC1)CO3,8.1,0.7320377665893689,0.600061772509899,0.3292682926829268
c1ccc(N2CCc3cc4c(cc32)C2(CC[NH+](c3ccccc3)CC2)CO4)cc1,11.2,0.7198177092572661,0.6752490029030063,0.3571428571428571
CC(=O)N1CCc2cc3c(cc21)C1(CC[NH+](C)CC1)CO3,8.5,0.7553328015650862,0.6352967778840183,0.5555555555555556
O=C[NH+]1CCC2(CC1)COc1cc3c(cc12)N(C(=O)c1ccccc1)C[CH-]3,7.0,0.6484597650940442,0.5957695319006999,0.3636363636363636
O=C(C(=O)N1CCc2cc3c(cc21)C1(CC[NH2+]CC1)CO3)c1ccccc1,10.4,0.6488355143615575,0.6778536604303983,0.4047619047619047
O=Cc1ccccc1N1CCc2cc3c(cc21)C1(CC[NH+](C(=O)N2CCc4cc5c(cc42)C2(CC[NH2+]CC2)CO5)CC1)CO3,3.7,0.4478219046607122,0.53466786940952,0.3870967741935484
O=Cc1ccccc1,5.2,0.4956362681365689,0.9512188811727386,0.0512820512820512
C[NH+]1CCC2(CC1)COc1cc3c(cc12)N(C(=O)C(=O)C(=O)C(F)(F)F)CC3,10.1,0.5726784051082129,0.6113460621381281,0.5063291139240507
O=C(c1ccccc1)N1CCc2cc3c(cc21)C1(CC[NH2+]CC1)CO3,9.7,0.8648456162233196,0.6947822079664642,0.4871794871794871
c1ccn(N2CCc3cc4c(cc32)C2(CC[NH+](N3CCc5cc6c(cc53)C3(CC[NH2+]CC3)CO6)CC2)CO4)c1,8.1,0.53385518314986,0.5036119909603501,0.3186813186813186
CC(C)CCCCCCCN1CCc2cc3c(cc21)C1(CC[NH2+]CC1)CO3,8.3,0.6990824535435042,0.6747116935365326,0.2967032967032967
c1ccc(CN2CCc3cc4c(cc32)C2(CC[NH+](c3ccccc3)CC2)CO4)cc1,6.8,0.7221668370237784,0.6808131423286484,0.3448275862068966
C[NH+]1CCC2(CC1)COc1cc3c(cc12)N(CC1=CCCCC1)CC3,10.7,0.833970177525497,0.6274075717918282,0.4
CC(=O)C(=O)c1ccccc1,6.3,0.4696543696018401,0.9314799626336412,0.1025641025641025
C[NH+]1CCC2(CC1)COc1cc3c(cc12)N(C(=O)[NH+]1CCC2(CC1)COc1cc4c(cc12)NCC4)CC3,0.0,0.5049597783877986,0.5161158964725092,0.4878048780487805
O=C(Cc1ccccc1)N1CCc2cc3c(cc21)C1(CC[NH+](N2CCc4cc5c(cc42)C2(CC[NH2+]CC2)CO5)CC1)CO3,10.3,0.5000626451214226,0.5501027522437022,0.3870967741935484
O=C(c1ccccc1)N1CCc2cc3c(cc21)C1(CC[NH2+]CC1)CO3,9.3,0.8648456162233196,0.6947822079664642,0.4871794871794871
CN1CCc2cc3c(cc21)C1(CC[NH+](C)CC1)CO3,8.1,0.7353834935260425,0.618111967315094,0.4657534246575342
O=C[NH+]1CCC2(CC1)COc1cc3c(cc12)N(C(=O)C(=O)CCCc1ccccc1)CC3,7.0,0.555578735633438,0.6581071630090807,0.3870967741935484
c1ccc(-c2ccccc2)cc1,7.4,0.5905018880213778,1.0,0.0547945205479452
CCOc1ccc(C=O)cc1,5.9,0.6149207423202788,0.9375691934028718,0.0588235294117647
O=C(c1ncc2ccccc2n1)N1CCc2cc3c(cc21)C1(CC[NH2+]CC1)CO3,7.8,0.6914429043117266,0.6668187024897065,0.4157303370786517
O=CC1(N2CCc3cc4c(cc32)C2(CC[NH2+]CC2)CO4)CCCC1,6.4,0.8385237701004125,0.5929081241674062,0.3103448275862069
C[NH+]1CCC2(CC1)COc1cc3c(cc12)N(C=O)CC3,8.6,0.7388810801359309,0.5926404324788772,0.4605263157894737
CN1CCc2cc3c(cc21)C1(CC[NH2+]CC1)CO3,8.2,0.7275879347312062,0.6265824472872331,0.3417721518987341
C[NH+]1CCC2(CC1)COc1cc3c(cc12)N(c1cccc(ON2CCc4cc5c(cc42)C2(CC[NH2+]CC2)CO5)c1)CC3,6.1,0.5109360652804775,0.5257856090161517,0.3763440860215054
O=C(c1ccccc1)c1ccccc1,5.5,0.6524732866647586,0.9828968204765668,0.0933333333333333
O=C(c1ccccc1)N1CCc2cc3c(cc21)C1(CC[NH+](N2CCCCCC2)CC1)CO3,6.4,0.7928860861364028,0.6728116199330283,0.5061728395061729
c1ccc(N2CCc3cc4c(cc32)C2(CC[NH2+]CC2)CO4)cc1,9.4,0.8762040281211465,0.6837203975012768,0.3214285714285714
Cc1ccc(C(=O)c2ccccc2)cc1,7.6,0.6738254393961428,0.9740801006934228,0.1282051282051282
FC(F)(F)N1CCc2cc3c(cc21)C1(CC[NH2+]CC1)CO3,6.3,0.7366739101152772,0.5988652394224797,0.3170731707317073
O=C(N1CCc2cc3c(cc21)C1(CC[NH2+]CC1)CO3)[NH+]1CCC2(CC1)COc1cc3c(cc12)NCC3,8.5,0.5201909789440562,0.5221084690587489,0.3977272727272727
C[NH+]1CCC2(CC1)COc1cc3c(cc12)N(Cc1ccccc1)CC3,6.7,0.9060115922615766,0.6826011268853832,0.4320987654320987
Cc1cc(-c2ccccc2-c2ccc(C=O)cc2)on1,6.3,0.6671631308211302,0.8820405379125928,0.1724137931034483
O=CC(=O)c1ccccc1,5.7,0.3441568650134133,0.9231534647527818,0.0886075949367088
Cc1ccccc1,5.2,0.4588062796575454,1.0,0.0675675675675675
O=C(C(=O)c1ccccc1)C(=O)c1ccccc1,7.9,0.4663421441154595,0.9202935119714498,0.0909090909090909
C[NH+]1CCC2(CC1)COc1cc3c(cc12)N(C(=O)[C@H]1C[C@H](c2ccccc2)C1)CC3,7.3,0.8366956986301382,0.6693382351668447,0.4880952380952381
Cc1ccccc1,5.2,0.4588062796575454,1.0,0.0675675675675675
C[NH+]1CCC2(CC1)COc1cc3c(cc12)N(C(=O)N1CCc2cc4c(cc21)C1(CC[NH2+]CC1)CO4)CC3,5.3,0.568542077646696,0.5304714363454806,0.5194805194805194
O=C(C(=O)[NH+]1CCC2(CC1)COc1cc3c(cc12)N(C(=O)c1ccccc1)CC3)N1CCc2cc3c(cc21)C1(CC[NH+](C(=O)N2CCCCCC2)CC1)CO3,10.7,0.3718407866839833,0.5345564190355564,0.4659090909090909
O=C(c1ccc(C(=O)N2CCc3cc4c(cc32)C2(CC[NH2+]CC2)CO4)cc1)N1CCc2cc3c(cc21)C1(CC[NH2+]CC1)CO3,9.4,0.4769221012757455,0.5676176918947271,0.527027027027027
C[NH+]1CCC2(CC1)COc1cc3c(cc12)N(C(F)(F)F)CC3,9.8,0.7313694733163298,0.5914856215807102,0.4473684210526316
C[NH+]1CCC2(CC1)COc1cc3c(cc12)NCC3,7.9,0.699554415525747,0.603073013324969,0.3636363636363636
NC(=O)N1CCc2cc3c(cc21)C1(CC[NH2+]CC1)CO3,8.6,0.7048778920259419,0.6304847295611054,0.4050632911392405
O=C(C(=O)c1ccccc1)c1ccccc1,7.8,0.5762605941819152,0.9595893735206708,0.0933333333333333
C[C@H](C=O)C(=O)N1CCc2cc3c(cc21)C1(CC[NH2+]CC1)CO3,9.5,0.6345630223116255,0.5719262114854742,0.4047619047619047
Cc1ccc(-c2ccccc2)cc1,8.0,0.6092016568043108,0.9922466854466124,0.0921052631578947
FC(F)(F)C(CN1CCc2cc3c(cc21)C1(CC[NH+](c2ccccc2)CC1)CO3)c1ccccc1,11.6,0.5650850807185702,0.5992529586612378,0.3297872340425531
O=C(c1ccccc1)N1CCc2cc3c(cc21)C1(CC[NH2+]CC1)CO3,10.3,0.8648456162233196,0.6947822079664642,0.4871794871794871
c1ccc(N2CCc3cc4c(cc32)C2(CC[NH2+]CC2)CO4)cc1,9.4,0.8762040281211465,0.6837203975012768,0.3214285714285714
O=C(c1ccccc1)N1CCc2cc3c(cc21)C1(CC[NH2+]CC1)CO3,9.5,0.8648456162233196,0.6947822079664642,0.4871794871794871
C[NH+]1CCC2(CC1)COc1cc3c(cc12)N(C(=O)[NH+]1CCC2(CC1)COc1cc4c(cc12)N(C(=O)CC1=CCOCC1)CC4)CC3,1.2,0.4973999176980151,0.5054163577212084,0.4606741573033708
C[NH+]1CCC2(CC1)COc1cc3c(cc12)N(C(=O)c1cnco1)CC3,9.4,0.8348783034537682,0.6226716734066147,0.5443037974683544
O=CN1CCc2cc3c(cc21)C1(CC[NH2+]CC1)CO3,8.5,0.7320377665893689,0.600061772509899,0.3292682926829268
CC,1.8,0.3727855551576051,0.805825786783401,0.0144927536231884
O=C(c1ccccc1)N1CCc2cc3c(cc21)C1(CC[NH2+]CC1)CO3,9.7,0.8648456162233196,0.6947822079664642,0.4871794871794871
C[C@@H](C(=O)c1ccccc1C=O)C(=O)N1CCc2cc3c(cc21)C1(CC[NH2+]CC1)CO3,6.0,0.4663451381553616,0.6063191115744387,0.3617021276595745
O=C(c1ccccc1)N1CCc2cc3c(cc21)C1(CC[NH2+]CC1)CO3,10.1,0.8648456162233196,0.6947822079664642,0.4871794871794871
O=CO,2.8,0.3801607209681124,0.7714492179294463,0.0277777777777777
O=C(Cc1ccc(F)cc1)c1ccccc1,7.8,0.716616931063066,0.957842142649888,0.0813953488372093
O=CN1CCc2cc3c(cc21)C1(CC[NH+](SCc2ccccc2)CC1)CO3,9.7,0.6521869327916691,0.6363351502064449,0.3555555555555555
C[NH+]1CCC2(CC1)COc1cc3c(cc12)N(C(=O)C1CCCCC1)CC3,7.2,0.8370431345992387,0.6647542769165066,0.5063291139240507
C[NH+]1CCC2(CC1)COc1cc3c(cc12)N(c1ccccc1-c1ccc(CC#N)cc1)CC3,9.7,0.6734406984514176,0.67453892583696,0.4482758620689655
C[NH+]1CCC2(CC1)COc1cc3c(cc12)N(c1ccccc1)CC3,7.0,0.8680490327108227,0.6742366182085766,0.4487179487179487
C[NH+]1CCC2(CC1)COc1cc3c(cc12)N(CC(=O)c1ncno1)CC3,7.6,0.7962736825748814,0.595513993515697,0.4534883720930232
Cc1ccccc1-c1ccc(C(=O)C(=O)N2CCc3cc4c(cc32)C2(CC[NH2+]CC2)CO4)cc1,12.8,0.4883265379453214,0.6905090634359287,0.5058823529411764
O=C(O)CC(=O)[NH+]1CCC2(CC1)COc1cc3c(cc12)N(c1ccccc1F)CC3,9.1,0.7545230469425231,0.6557940367830312,0.358695652173913
Cc1ccccc1,5.2,0.4588062796575454,1.0,0.0675675675675675
Fc1ccc(N2CCc3cc4c(cc32)C2(CC[NH2+]CC2)CO4)cc1,9.8,0.8727996597141165,0.6801497276343621,0.313953488372093
O=C(N1CCN(O)CC1)N1CCc2cc3c(cc21)C1(CC[NH+](C(=O)c2ccccc2)CC1)CO3,11.3,0.6673694535647119,0.6449794597063252,0.4204545454545454
O=CCCCCCCCCCCCN1CCc2cc3c(cc21)C1(CC[NH+](c2ccccc2)CC1)CO3,6.0,0.2856394363447728,0.6571123004303634,0.3297872340425531
C[NH+]1CCC2(CC1)COc1cc3c(cc12)N(c1ccccc1)CC3,6.7,0.8680490327108227,0.6742366182085766,0.4487179487179487
c1ccc(N2CCc3cc4c(cc32)C2(CC[NH2+]CC2)CO4)cc1,9.5,0.8762040281211465,0.6837203975012768,0.3214285714285714
O=C(c1ccccc1)N1CCc2cc3c(cc21)C1(CC[NH2+]CC1)CO3,6.8,0.8648456162233196,0.6947822079664642,0.4871794871794871
O=C(N1CCc2cc3c(cc21)C1(CC[NH2+]CC1)CO3)[NH+]1CCC2(CC1)COc1cc3c(cc12)N(c1ccccc1F)CC3,1.2,0.4634808699054075,0.5450784289169304,0.391304347826087
O=CN1CCc2cc3c(cc21)C1(CC[NH+](C=O)CC1)CO3,8.3,0.7580110377996956,0.584883154512854,0.3703703703703703
Nc1ccc(C(=O)c2ccccc2)cc1,7.4,0.5933842323034868,0.9547870774376088,0.1
O=C(C(=O)[NH+]1CCC2(CC1)COc1cc3c(cc12)N(C(=O)OC(F)F)CC3)c1ccccc1,11.3,0.5646412202245494,0.6428868057701439,0.4111111111111111
O=C(F)c1ccccc1,5.8,0.5214614706026156,0.9074285462057072,0.0909090909090909
O=C(C(=O)N1CCc2cc3c(cc21)C1(CC[NH2+]CC1)CO3)c1ccccc1,10.3,0.6488355143615575,0.6778536604303983,0.4047619047619047
CC1CC1,3.3,0.3934207493755274,0.9587811999650964,0.0273972602739726
C[NH+]1CCC2(CC1)COc1cc3c(cc12)N(c1ccccc1)CC3,10.0,0.8680490327108227,0.6742366182085766,0.4487179487179487
C[NH+](C)Cc1ccc(-c2ccccc2C2CC2)cc1,7.8,0.85319905171728,0.8012045333405806,0.1011235955056179
O=C(c1ccccc1)N1CCc2cc3c(cc21)C1(CC[NH+](Cc2ccccc2)CC1)CO3,11.7,0.6980107444079662,0.6939036037386965,0.5061728395061729
C[NH+]1CCC2(CC1)COc1cc3c(cc12)N(C(=O)C(=O)C1CC1)CC3,10.1,0.7970150744797693,0.6259851419947504,0.5128205128205128
O=C1CO[NH+]2CCC3(CC2)COc2cc4c(cc23)N(CC4)C(=O)c2ccc1cc2,11.3,0.7361594323345433,0.4478284438175415,0.3837209302325581
CC1(C)CCN(c2ccccc2-c2ccc(-c3ccccc3)cc2)C1,10.9,0.5487866507137799,0.8941940963433281,0.1764705882352941
CCN(CO)c1ccccc1,5.5,0.6610193213006181,0.8930868112688768,0.0853658536585365
C[NH+]1CCC2(CC1)COc1cc3c(cc12)N(CCCCS(=O)(=O)O)CC3,9.9,0.5790929713802371,0.6411254882087706,0.4235294117647059
c1ccc(N2CCc3cc4c(cc32)C2(CC[NH2+]CC2)CO4)cc1,9.4,0.8762040281211465,0.6837203975012768,0.3214285714285714
CC(=O)c1ccccc1,5.6,0.5170467542625542,0.9892100846672456,0.1052631578947368
O=CC(=O)N1CCc2cc3c(cc21)C1(CC[NH2+]CC1)CO3,8.4,0.5727364097010392,0.6156836589264731,0.3950617283950617
O=C(c1ccccc1)N1CCc2cc3c(cc21)C1(CC[NH2+]CC1)CO3,10.0,0.8648456162233196,0.6947822079664642,0.4871794871794871
COc1ccc(-c2ccccc2C(=O)N2CCc3cc4c(cc32)C2(CC[NH+](Cc3ccccc3)CC2)CO4)cc1,7.5,0.39099259113866,0.6933488424497658,0.4673913043478261
CCc1ccccc1,5.1,0.5147578217927745,1.0,0.0512820512820512
N=CCC[NH+]1CCC2(CC1)COc1cc3c(cc12)N(C(=O)C(=O)c1ccccc1)CC3,10.8,0.4418477595853813,0.6332262558223689,0.4065934065934066
O=CC(=O)[NH+]1CCC2(CC1)COc1cc3c(cc12)N(C(=O)c1ccc(C2CC2)cc1)CC3,4.9,0.5945947598463142,0.6608942849567918,0.4941176470588235
c1ccc([C@H]2C[C@H](c3ccccc3)C2)cc1,8.3,0.6880253736810068,0.9407462585930828,0.050632911392405
C[NH+]1CCC2(CC1)COc1cc3c(cc12)N(C(=O)C1(C)CC1)CC3,8.7,0.8439454126238706,0.62527170520112,0.5333333333333333
CC(=O)c1ccc(C)cc1,6.0,0.5379444707224508,0.9777073923067092,0.1333333333333333
O=C(c1ccccc1)N1CCc2cc3c(cc21)C1(CC[NH2+]CC1)CO3,9.9,0.8648456162233196,0.6947822079664642,0.4871794871794871
CCC#N,2.9,0.4038142196355223,0.8109453025291988,0.0266666666666666
CC(=O)N1CCc2cc3c(cc21)C1(CC[NH2+]CC1)CO3,6.4,0.7515452091953233,0.6441863210730414,0.4230769230769231
FC(F)(F)CN1CCc2cc3c(cc21)C1(CC[NH+](c2ccccc2)CC1)CO3,9.7,0.8493498195999919,0.6368186685440678,0.3370786516853932
O=C(Cl)N1CCc2cc3c(cc21)C1(CC[NH2+]CC1)CO3,8.5,0.5804121609818496,0.6178526340703889,0.4050632911392405
CN1CCc2cc3c(cc21)C1(CC[NH+](C)CC1)CO3,8.5,0.7353834935260425,0.618111967315094,0.4657534246575342
c1ccc(-c2ccccc2N2CCc3cc4c(cc32)C2(CC[NH+](c3cccc(N5CCc6cc7c(cc65)C5(CC[NH2+]CC5)CO7)c3)CC2)CO4)cc1,7.2,0.2306414850348098,0.5496599659129959,0.336734693877551
c1ccc(C2CC2)cc1,5.8,0.5312966219394869,0.9708798598151748,0.050632911392405
Cl[NH+]1CCC2(CC1)COc1cc3c(cc12)N(c1ccccn1)CC3,9.0,0.806074151068588,0.6525889475693566,0.3764705882352941
C[NH+]1CCC2(CC1)COc1cc3c(cc12)N(C(=O)c1ccccc1NCCN(CC=O)N1CCc2cc4c(cc21)C1(CC[NH2+]CC1)CO4)CC3,11.8,0.3127244965548922,0.5126414473373284,0.4257425742574257
c1ccc(N2CCc3cc4c(cc32)C2(CC[NH2+]CC2)CO4)cc1,9.4,0.8762040281211465,0.6837203975012768,0.3214285714285714
O=C(c1ccccc1)c1ccccc1N1CCc2cc3c(cc21)C1(CC[NH+]([NH+]2CCC4(CC2)COc2cc5c(cc24)N(C(=O)c2ccccc2)CC5)CC1)CO3,0.0,0.247123895050169,0.5684404995170654,0.4712643678160919
O=Cc1ccc(C(=O)C(=O)c2ccccc2)cc1,8.1,0.4670083114174789,0.913402509228651,0.0975609756097561
C[C@H](O)C[NH+]1CCC2(CC1)COc1cc3c(cc12)N(C(=O)C1CC(c2ccccc2)C1)CC3,6.6,0.7572385933703436,0.6058178788810173,0.3936170212765957
C[NH+]1CCC2(CC1)COc1cc3c(cc12)N(c1ccccc1)CC3,6.5,0.8680490327108227,0.6742366182085766,0.4487179487179487
O=C(c1ccc(-c2ccccc2[NH+]2CCC3(CC2)COc2cc4c(cc23)N(N(F)F)CC4)cc1)N1CCc2cc3c(cc21)C1(CC[NH2+]CC1)CO3,7.5,0.308358664821501,0.5192177660043309,0.5108695652173914
C[NH+]1CCC2(CC1)COc1cc3c(cc12)N(C(=O)N1CCc2cc4c(cc21)C1(CC[NH2+]CC1)CO4)CC3,0.0,0.568542077646696,0.5304714363454806,0.5194805194805194
CN(C)C(=O)[NH+]1CCC2(CC1)COc1cc3c(cc12)N(C(=O)c1ccccc1Cl)CC3,6.2,0.7410455988055173,0.6654349504610636,0.4597701149425287
C[NH+]1CCC2(CC1)COc1cc3c(cc12)N(C(=O)C1(C(=O)N2CCc4cc5c(cc42)C2(CC[NH2+]CC2)CO5)CC1)CC3,7.0,0.5257693230605016,0.5197445275533522,0.5
O=CN1CCc2cc3c(cc21)C1(CC[NH+](Cc2ccccc2)CC1)CO3,9.7,0.8563878454703056,0.6368434351267174,0.3522727272727273
c1ccc(-c2ccccc2)cc1,7.4,0.5905018880213778,1.0,0.0547945205479452
C[NH+]1CCC2(CC1)COc1cc3c(cc12)N(C(=O)c1ccns1)CC3,9.6,0.8375001470088334,0.610996857811251,0.5569620253164557
Cc1ccc(C(=O)c2ccc(C(=O)Cc3ccccc3)cc2)cc1,9.5,0.6423118077693314,0.934972795097356,0.1162790697674418
O=C(c1ccccc1)c1ccc(C(=O)c2ccccc2)cc1,9.7,0.6751651074986541,0.979363849375018,0.1066666666666666
CCC#N,2.9,0.4038142196355223,0.8109453025291988,0.0266666666666666
COC(=O)N1CCc2cc3c(cc21)C1(CC[NH+](c2ccccc2)CC1)CO3,9.1,0.8442802576401637,0.6468593079474381,0.4457831325301205
C[NH+]1CCC2(CC1)COc1cc3c(cc12)N(C(=O)C(=O)CCCS(N)(=O)=O)CC3,10.4,0.6008834301702136,0.6232375544961555,0.4705882352941176
O=C(c1ccccc1)N1CCc2cc3c(cc21)C1(CC[NH2+]CC1)CO3,9.5,0.8648456162233196,0.6947822079664642,0.4871794871794871
O=C(c1ccccc1)N1CCc2cc3c(cc21)C1(CC[NH+](N2CCc4cc5c(cc42)C2(CC[NH2+]CC2)CO5)CC1)CO3,10.0,0.5011652657925154,0.5510642551699979,0.4823529411764706
O=C(F)c1ccccc1,5.6,0.5214614706026156,0.9074285462057072,0.0909090909090909
O=C(Cc1ccc(F)cc1)c1ccccc1,8.1,0.716616931063066,0.957842142649888,0.0813953488372093
O=CN1CCc2cc3c(cc21)C1(CC[NH2+]CC1)CO3,8.5,0.7320377665893689,0.600061772509899,0.3292682926829268
C[NH+]1CCC2(CC1)COc1cc3c(cc12)N(C(=O)c1ccc(C2CC2)cc1)CC3,8.5,0.8570104429113078,0.680277182769117,0.618421052631579
C[NH+]1CCC2(CC1)COc1cc3c(cc12)N(c1ccccc1)CC3,7.1,0.8680490327108227,0.6742366182085766,0.4487179487179487
CC(=O)N1CCc2cc3c(cc21)C1(CC[NH2+]CC1)CO3,8.6,0.7515452091953233,0.6441863210730414,0.4230769230769231
C[NH+]1CCC2(CC1)COc1cc3c(cc12)N(c1cccc(CC#N)c1)CC3,9.9,0.8940270769872902,0.6525383731859971,0.3977272727272727
O=C(CO)N1CCc2cc3c(cc21)C1(CC[NH+](C(=O)N2CCc4cc5c(cc42)C2(CC[NH2+]CC2)CO5)CC1)CO3,8.9,0.469557572739326,0.528285547533144,0.4235294117647059
CN1CCc2cc3c(cc21)C1(CC[NH2+]CC1)CO3,8.0,0.7275879347312062,0.6265824472872331,0.3417721518987341
O=C(C(=O)N1CCc2cc3c(cc21)C1(CC[NH2+]CC1)CO3)c1cccs1,9.7,0.644707060001403,0.6482597425035511,0.3707865168539326
Cc1ccccc1,5.2,0.4588062796575454,1.0,0.0675675675675675
Cc1ccc(C(=O)C(=O)c2ccccc2)cc1,6.0,0.592786956710843,0.94218063620575,0.1282051282051282
C=CC(CF)c1ccccc1,5.8,0.580989806647749,0.7868156953106465,0.0344827586206896
Cc1ccc(N2CCc3cc4c(cc32)C2(CC[NH2+]CC2)CO4)cc1,9.7,0.874833247996721,0.6822379183169188,0.3452380952380952
Cc1ccc(F)c(C(=O)C(=O)C=O)c1N1CCc2cc3c(cc21)C1(CC[NH2+]CC1)CO3,9.9,0.3509425214209773,0.6227291812302944,0.3402061855670103
C[NH+]1CCC2(CC1)COc1cc3c(cc12)N(CC#N)CC3,8.0,0.7641324356566425,0.6075053487120972,0.4358974358974359
O=C(c1ccccc1F)N1CCc2cc3c(cc21)C1(CC[NH2+]CC1)CO3,6.8,0.8525935380252565,0.686085046147276,0.4117647058823529
c1ccc(-c2ccccc2)cc1,7.4,0.5905018880213778,1.0,0.0547945205479452
O=C(c1ccccc1)[NH+]1CCC2(CC1)COc1cc3c(cc12)NCC3,9.8,0.8351929896431739,0.6547029979872543,0.3218390804597701
O=C(N1CCCCCC1)N1CCc2cc3c(cc21)C1(CC[NH2+]CC1)CO3,10.6,0.7732783043268977,0.670334943618226,0.3855421686746988
O=C(c1ccc(-c2ccccc2)cc1)N1CCc2cc3c(cc21)C1(CC[NH2+]CC1)CO3,7.5,0.701146991724208,0.714601885699738,0.5189873417721519
c1ccc(N2CCc3cc4c(cc32)C2(CC[NH2+]CC2)CO4)cc1,9.4,0.8762040281211465,0.6837203975012768,0.3214285714285714
O=CN1CCc2cc3c(cc21)C1(CC[NH+](C=O)CC1)CO3,8.2,0.7580110377996956,0.584883154512854,0.3703703703703703
CC(C)C(C(=O)N1CCc2cc3c(cc21)C1(CC[NH2+]CC1)CO3)c1ccccc1,10.3,0.8743265200055833,0.6236200039490174,0.3820224719101123
O=CC(=O)c1ccccc1,5.7,0.3441568650134133,0.9231534647527818,0.0886075949367088
O=C(C1CC(c2ccccc2)C1)N1CCc2cc3c(cc21)C1(CC[NH2+]CC1)CO3,10.7,0.8585584736357917,0.6781791823381754,0.3666666666666666
O=C(c1cccs1)N1CCc2cc3c(cc21)C1(CC[NH2+]CC1)CO3,9.7,0.8615858315230023,0.6638474524447628,0.4117647058823529
CC1(C#CN)CN(C(=O)c2ccccc2)C1,7.4,0.5611665632254892,0.8053589106644821,0.1494252873563218
O=C(C1CCN(O)CC1)N1CCc2cc3c(cc21)C1(CC[NH+](c2ccccc2)CC1)CO3,11.2,0.7618628291817483,0.6363670665692588,0.4044943820224719
O=C(c1ccccc1)N1CCc2cc3c(cc21)C1(CC[NH+](N2CCc4cc5c(cc42)C2(CC[NH2+]CC2)CO5)CC1)CO3,12.9,0.5011652657925154,0.5510642551699979,0.4823529411764706
Fc1ccc(N2CCc3cc4c(cc32)C2(CC[NH+](CC(F)(F)F)CC2)CO4)cc1-c1ccccc1,11.7,0.524975520060943,0.6649346114445709,0.34375
CC(=O)N1CCc2cc3c(cc21)C1(CC[NH2+]CC1)CO3,8.6,0.7515452091953233,0.6441863210730414,0.4230769230769231
c1ccc(N2CCc3cc4c(cc32)C2(CC[NH2+]CC2)CO4)cc1,9.4,0.8762040281211465,0.6837203975012768,0.3214285714285714
C[NH+]1CCC2(CC1)COc1cc3c(cc12)N(C(=O)C(=O)c1ccccc1C(=O)N1CCc2cc4c(cc21)C1(CC[NH+](CC#N)CC1)CO4)CC3,8.9,0.2467698958099586,0.5225496622094842,0.4777777777777778
CC(=O)[NH+]1CCC2(CC1)COc1cc3c(cc12)N(C(=O)c1ccc(C(=O)c2ccccc2C)cc1)CC3,0.0,0.5666427898910915,0.6885134638435075,0.5357142857142857
NCCCN(C=O)c1ccccc1,6.0,0.683547016333751,0.8538688104055796,0.0561797752808988
CC(C)=CCN1CCCCCC1,5.8,0.5715891128501123,0.8858068451125529,0.0602409638554216
O=C(C(=O)c1ccccc1)c1ccccc1,7.8,0.5762605941819152,0.9595893735206708,0.0933333333333333
O=Cc1ccc(-n2cc(-c3ccccc3)c3ccccc32)cc1,10.0,0.4815679728649899,0.8968509352301572,0.086021505376344
c1ccc(N2CCc3cc4c(cc32)C2(CC[NH+](c3ccccc3)CC2)CO4)cc1,11.8,0.7198177092572661,0.6752490029030063,0.3571428571428571
CN1CCc2cc3c(cc21)C1(CC[NH2+]CC1)CO3,8.2,0.7275879347312062,0.6265824472872331,0.3417721518987341
O=C(C(=O)N1CCc2cc3c(cc21)C1(CC[NH2+]CC1)CO3)c1ccc(-c2ccccc2)cc1,11.9,0.5039205280156249,0.6971977680256991,0.4352941176470588
Cc1ccccc1,5.2,0.4588062796575454,1.0,0.0675675675675675
O=C(N1CCc2cc3c(cc21)C1(CC[NH2+]CC1)CO3)N1CCc2cc3c(cc21)C1(CC[NH2+]CC1)CO3,12.4,0.5855089201018349,0.536732336779813,0.4155844155844156
O=CC(=O)N1CCc2cc3c(cc21)C1(CC[NH2+]CC1)CO3,5.8,0.5727364097010392,0.6156836589264731,0.3950617283950617
c1ccc(C(c2ccccc2)N2CCc3cc4c(cc32)C2(CC[NH+](N3CCCCCC3)CC2)CO4)cc1,7.3,0.5549710180619459,0.6710056577790977,0.3333333333333333
CCC(=O)[NH+]1CCC2(CC1)COc1cc3c(cc12)N(c1ccccc1)CC3,9.3,0.8906735224028792,0.6632230859415958,0.3908045977011494
O=C(N[NH+]1CCC2(CC1)COc1cc3c(cc12)N(C(=O)NCCCCO)CC3)c1ccc(C2CC2)cc1,6.6,0.4335289778745283,0.6619718730238177,0.3979591836734694
C[NH+]1CCC2(CC1)COc1cc3c(cc12)N(C(=O)c1ccccc1)CC3,7.2,0.8522853745142259,0.6851838315723771,0.6388888888888888
Cc1ccc(C(=O)C(=O)N2CCc3cc4c(cc32)C2(CC[NH+](c3cc(-c5noc(C)n5)ccc3-c3ccc(C(=O)N5CCc6cc7c(cc65)C5(CC[NH2+]CC5)CO7)cc3)CC2)CO4)cc1,0.0,0.1628128539880122,0.5185725091711979,0.6666666666666666
c1ccc(N2CCc3cc4c(cc32)C2(CC[NH2+]CC2)CO4)cc1,9.5,0.8762040281211465,0.6837203975012768,0.3214285714285714
CCOC(=O)Cc1ccc(F)cc1,5.9,0.6674852320186646,0.9496806260673956,0.0930232558139534
O=C(c1ccccc1)N1CCc2cc3c(cc21)C1(CC[NH2+]CC1)CO3,9.8,0.8648456162233196,0.6947822079664642,0.4871794871794871
O=C(c1ccccc1)N1CCc2cc3c(cc21)C1(CC[NH2+]CC1)CO3,9.6,0.8648456162233196,0.6947822079664642,0.4871794871794871
O=CN1CCc2cc3c(cc21)C1(CC[NH+](C(=O)N2CCc4cc5c(cc42)C2(CC[NH2+]CC2)CO5)CC1)CO3,7.1,0.5469403789206679,0.5124397880569249,0.4022988505747126
CN1CCc2cc3c(cc21)C1(CC[NH2+]CC1)CO3,8.3,0.7275879347312062,0.6265824472872331,0.3417721518987341
O=C(c1ccccc1)N1CCc2cc3c(cc21)C1(CC[NH+](c2ccccc2C(=O)N2CCc4cc5c(cc42)C2(CC[NH2+]CC2)CO5)CC1)CO3,8.5,0.3492087249211807,0.5536429585031253,0.4659090909090909
O=C(O)CC(=O)[NH+]1CCC2(CC1)COc1cc3c(cc12)N(C(=O)C(=O)c1ccccc1)CC3,11.4,0.4059158617869753,0.6552300136261177,0.4204545454545454
Fc1ccccc1N1CCc2cc3c(cc21)C1(CC[NH2+]CC1)CO3,10.2,0.8727996597141165,0.6760827720547302,0.3103448275862069
C=C[C@H](C[NH+]1CCC2(CC1)COc1cc3c(cc12)N(c1ccccc1)CC3)C(=O)c1ccccc1,11.1,0.4335448387736609,0.6165018376900712,0.3541666666666667
O=CC(=O)N1CCc2cc3c(cc21)C1(CC[NH2+]CC1)CO3,8.7,0.5727364097010392,0.6156836589264731,0.3950617283950617
O=CN1CCc2cc3c(cc21)C1(CC[NH2+]CC1)CO3,8.3,0.7320377665893689,0.600061772509899,0.3292682926829268
O=C(c1ccccc1)N1CCc2cc3c(cc21)C1(CC[NH2+]CC1)CO3,9.5,0.8648456162233196,0.6947822079664642,0.4871794871794871
C[NH+]1CCC2(CC1)COc1cc3c(cc12)N(c1ccccc1)CC3,7.7,0.8680490327108227,0.6742366182085766,0.4487179487179487
Cc1ccccc1,5.2,0.4588062796575454,1.0,0.0675675675675675
c1ccc(-c2ccc(N3CCc4cc5c(cc43)C3(CC[NH+](n4cccn4)CC3)CO5)cc2-c2ccccc2)cc1,5.5,0.3277819220113402,0.6735739923845768,0.3723404255319149
O=C(c1ccccc1)N1CCc2cc3c(cc21)C1(CC[NH+](ON2CCc4cc5c(cc42)C2(CC[NH2+]CC2)CO5)CC1)CO3,12.3,0.4968568677199591,0.5437990262821636,0.4712643678160919
C[NH+]1CCC2(CC1)COc1cc3c(cc12)N(CCC#N)CC3,6.4,0.8818826659390606,0.6207103114070127,0.425
O=C(c1ccccc1)N1CCc2cc3c(cc21)C1(CC[NH2+]CC1)CO3,9.3,0.8648456162233196,0.6947822079664642,0.4871794871794871
CCCC(=O)c1ccccc1,6.0,0.6021153369839913,0.9615066623855024,0.0987654320987654
C[NH+]1CCC2(CC1)COc1cc3c(cc12)N(c1ccccc1)CC3,9.4,0.8680490327108227,0.6742366182085766,0.4487179487179487
Cc1ccccc1,5.2,0.4588062796575454,1.0,0.0675675675675675
Cc1ccc(C(=O)c2ccccc2)cc1,7.9,0.6738254393961428,0.9740801006934228,0.1282051282051282
c1c2c(cc3c1OCC31CC[NH2+]CC1)NCC2,8.1,0.687524633345975,0.611003774127732,0.253012048192771
CC(=O)Oc1ccc(-c2ccccc2)cc1,7.5,0.5637333994953095,0.9592816075328312,0.1234567901234567
CC(=O)N1CCc2cc3c(cc21)C1(CC[NH+](c2ccccc2)CC1)CO3,10.3,0.8567242149397117,0.649549013758612,0.4567901234567901
O=CN1CCc2cc3c(cc21)C1(CC[NH+](C(=O)N2CCc4cc5c(cc42)C2(CC[NH2+]CC2)CO5)CC1)CO3,10.3,0.5469403789206679,0.5124397880569249,0.4022988505747126
CC(CCO)C(=O)c1ccccc1,6.2,0.7147027480859184,0.8542819942558426,0.1071428571428571
CC(C)c1cccc(N2CCc3cc4c(cc32)C2(CC[NH+](C)CC2)CO4)c1,6.9,0.8802120127152543,0.6666030200289302,0.4117647058823529
CC(C)(C=O)CN1CCc2cc3c(cc21)C1(CC[NH2+]CC1)CO3,8.7,0.8544292127279154,0.6105033203755039,0.3146067415730337
O=Cc1ccc(C(=O)C(=O)c2ccccc2)cc1,8.2,0.4670083114174789,0.913402509228651,0.0975609756097561
CCC1CN(c2ccc(C=O)cc2)C1,6.8,0.6801396918617658,0.8789852603668827,0.0786516853932584
Cc1nc(-c2ccc(-c3ccc(C(=O)N4CCc5cc6c(cc54)C4(CC[NH2+]CC4)CO6)cc3)c(C=O)c2)no1,11.1,0.4109897057167653,0.6696836521860521,0.6951219512195121
N#CCc1ccccc1,5.3,0.5493761204967549,0.9359301556731632,0.0493827160493827
C[NH+]1CCC2(CC1)COc1cc3c(cc12)N(c1ccccc1[NH+]1CCC2(CC1)COc1cc4c(cc12)NCC4)CC3,5.3,0.4593444144495998,0.5239342224922471,0.3888888888888889
c1ccc(-c2ccccc2)cc1,7.5,0.5905018880213778,1.0,0.0547945205479452
O=C(c1ccccc1)c1ccccc1C(=O)N1CCc2cc3c(cc21)C1(CC[NH+](CC2CCCO2)CC1)CO3,8.1,0.5194914519107526,0.6284357281919806,0.431578947368421
O=C(C(=O)N1CCc2cc3c(cc21)C1(CC[NH+](c2ccccc2)CC1)CO3)c1ccccc1,11.2,0.5041220754061679,0.6661888861858896,0.4404761904761904
CN1CCc2cc3c(cc21)C1(CC[NH2+]CC1)CO3,8.1,0.7275879347312062,0.6265824472872331,0.3417721518987341
CC(=O)N1CCc2cc3c(cc21)C1(CC[NH2+]CC1)CO3,8.7,0.7515452091953233,0.6441863210730414,0.4230769230769231
C[NH+]1CCC2(CC1)COc1cc3c(cc12)N(c1ccccc1OC(F)(F)F)CC3,10.8,0.8311820677556494,0.6606392684745762,0.4022988505747126
O=C(c1ccccc1)N1CCc2cc3c(cc21)C1(CC[NH+](N2CCc4cc5c(cc42)C2(CC[NH2+]CC2)CO5)CC1)CO3,7.7,0.5011652657925154,0.5510642551699979,0.4823529411764706
O=Cc1ccccc1C(=O)N1CCc2cc3c(cc21)C1(CC[NH2+]CC1)CO3,9.7,0.8262095742373797,0.6693654423193952,0.4069767441860465
O=C[NH+]1CCC2(CC1)COc1cc3c(cc12)N(C(=O)N1CCC[C@](F)(c2ccccc2)C1=O)CC3,7.6,0.6717603858834067,0.5677197910910873,0.375
O=C(c1ccccc1)N1CCc2cc3c(cc21)C1(CC[NH2+]CC1)CO3,9.8,0.8648456162233196,0.6947822079664642,0.4871794871794871
O=C(c1ccc(-c2ccccc2-c2ccc(I)cc2)cc1)N1CCc2cc3c(cc21)C1(CC[NH2+]CC1)CO3,6.7,0.296610276245312,0.7009164652742825,0.5180722891566265
CC(=O)c1ccc(C)cc1,6.1,0.5379444707224508,0.9777073923067092,0.1333333333333333
CC,1.8,0.3727855551576051,0.805825786783401,0.0144927536231884
C[NH+]1CCC2(CC1)COc1cc3c(cc12)N(Cc1ccccc1-c1ccc(O)cc1)CC3,12.6,0.6712453366210874,0.6861493906281786,0.4651162790697674
C[NH+]1CCC2(CC1)COc1cc3c(cc12)N(C(=O)F)CC3,9.5,0.5731203288192583,0.5996139573711977,0.547945205479452
c1ccc(-c2ccccc2)cc1,7.4,0.5905018880213778,1.0,0.0547945205479452
CN1CCc2cc3c(cc21)C1(CC[NH+](C)CC1)CO3,8.5,0.7353834935260425,0.618111967315094,0.4657534246575342
O=C(OCCC(=O)c1ccccc1)C(=O)N1CCc2cc3c(cc21)C1(CC[NH2+]CC1)CO3,9.5,0.4453103487508133,0.6738011249611073,0.3617021276595745
O=C[NH+]1CCC2(CC1)COc1cc3c(cc12)N(C(=O)Cc1ccccc1)CC3,9.8,0.8203466058265712,0.6733764731904903,0.4137931034482758
O=C(c1ccccc1)N1CCc2cc3c(cc21)C1(CC[NH2+]CC1)CO3,9.3,0.8648456162233196,0.6947822079664642,0.4871794871794871
C[NH+]1CCC2(CC1)COc1cc3c(cc12)N(c1ccccc1)CC3,9.4,0.8680490327108227,0.6742366182085766,0.4487179487179487
c1ccc(N2CCc3cc4c(cc32)C2(CC[NH2+]CC2)CO4)cc1,9.4,0.8762040281211465,0.6837203975012768,0.3214285714285714
c1ccc(-c2ccccc2)cc1,7.4,0.5905018880213778,1.0,0.0547945205479452
CC(C)C(=O)N1CCc2cc3c(cc21)C1(CC[NH2+]CC1)CO3,8.8,0.8475944119516725,0.6484705678172692,0.4074074074074074
Cc1nc(-c2ccc(-c3ccccc3)c(C)c2)no1,6.3,0.6891414973221416,0.9065736449696924,0.3888888888888889
O=CN1CCc2cc3c(cc21)C1(CC[NH+](C(=O)N2CCC(C4CC(c5ccccc5)C4)C2)CC1)CO3,8.8,0.6785824819419934,0.5867118731764545,0.3267326732673267
CN1CCc2cc3c(cc21)C1(CC[NH2+]CC1)CO3,7.9,0.7275879347312062,0.6265824472872331,0.3417721518987341
O=CCc1ccc(C(=O)N2CCc3cc4c(cc32)C2(CC[NH2+]CC2)CO4)cc1,9.5,0.8271094828769636,0.6731836026464004,0.4698795180722891
Cc1ccccc1-c1ccc(C(=O)C(=O)c2ccccc2)cc1,10.1,0.5155027847555818,0.9250657439508486,0.2051282051282051
c1c2c(cc3c1OCC31CC[NH2+]CC1)N(N1CCCCCC1)CC2,9.4,0.8535410080329429,0.6324539198818643,0.3095238095238095
CC(=O)c1ccc(C(=O)C(=O)N2CCc3cc4c(cc32)C2(CC[NH+](C)CC2)CO4)cc1,9.4,0.6062909930129505,0.6679821532582664,0.5512820512820513
O=C(C(=O)c1ccccc1)c1ccccc1,7.9,0.5762605941819152,0.9595893735206708,0.0933333333333333
FC(F)(F)N1CCc2cc3c(cc21)C1(CC[NH+](c2ccccc2)CC1)CO3,7.1,0.7712577224438922,0.6131331975437231,0.3529411764705882
C[NH+]1CCC2(CC1)COc1cc3c(cc12)N(c1ccccc1)CC3,9.3,0.8680490327108227,0.6742366182085766,0.4487179487179487
c1ccc(Cc2ncc3ccccc3n2)cc1,8.2,0.6623224043730829,0.9184804853761876,0.0561797752808988
c1ccc(N2CCc3cc4c(cc32)C2(CC[NH2+]CC2)CO4)cc1,9.5,0.8762040281211465,0.6837203975012768,0.3214285714285714
O=C(c1ccccc1)N1CCc2cc3c(cc21)C1(CC[NH+](N2CCc4cc5c(cc42)C2(CC[NH2+]CC2)CO5)CC1)CO3,9.3,0.5011652657925154,0.5510642551699979,0.4823529411764706
O=C(N1CCc2cc3c(cc21)C1(CC[NH2+]CC1)CO3)n1ccnc1,9.7,0.7826995935201863,0.6282418186419458,0.3793103448275862
C#CCCC(=O)N1CCc2cc3c(cc21)C1(CC[NH2+]CC1)CO3,8.6,0.8276742347163876,0.6294173342223536,0.367816091954023
O=C(c1ccccc1)N1CCc2cc3c(cc21)C1(CC[NH2+]CC1)CO3,9.8,0.8648456162233196,0.6947822079664642,0.4871794871794871
C[NH+]1CCC2(CC1)COc1cc3c(cc12)N(C(=O)CCC(=O)N1CCc2cc4c(cc21)C1(CC[NH2+]CC1)CO4)CC3,10.7,0.5863599918379678,0.5436245041231845,0.5
O=C(c1ccc(-c2ccccc2)cc1)N1CCc2cc3c(cc21)C1(CC[NH+](c2ccccc2)CC1)CO3,9.6,0.4312318730457952,0.6930635258569658,0.5569620253164557
Cc1c(C(=O)c2ccccc2)cnn1-c1ccccc1F,8.8,0.6876150107122606,0.9041721618323232,0.1304347826086956
C[NH+]1CCC2(CC1)COc1cc3c(cc12)N([NH+]1CCC2(CC1)COc1cc4c(cc12)N(C(=O)[C@@H](O)CN)CC4)CC3,0.0,0.389010701185664,0.4570229878758061,0.4597701149425287
C[NH+]1CCC2(CC1)COc1cc3c(cc12)N(C(=O)Nc1ccccc1)CC3,10.8,0.8151156497386758,0.6840663186582463,0.5125
Cc1ccc(C(=O)F)cc1,5.9,0.5429415766157045,0.9019837455830628,0.131578947368421
C[NH+]1CCC2(CC1)COc1cc3c(cc12)N(c1ccccc1-c1ccc(C(F)F)cc1)CC3,6.6,0.61364375532724,0.6715141686997674,0.4534883720930232
O=C(c1ccccc1)N1CCc2cc3c(cc21)C1(CC[NH2+]CC1)CO3,6.6,0.8648456162233196,0.6947822079664642,0.4871794871794871
CC(=O)N1CCc2cc3c(cc21)C1(CC[NH2+]CC1)CO3,8.7,0.7515452091953233,0.6441863210730414,0.4230769230769231
C[NH+]1CCC2(CC1)COc1cc3c(cc12)N(C(=O)c1ccccc1C(=O)N1CCc2cc4c(cc21)C1(CC[NH2+]CC1)CO4)CC3,8.5,0.4682425184254072,0.5548065190723758,0.5375
O=C(c1ccccc1)N1CCc2cc3c(cc21)C1(CC[NH+](c2ccccc2)CC1)CO3,9.6,0.7000921445577382,0.6819077385425474,0.5256410256410257
c1ccc(N2CCc3cc4c(cc32)C2(CC[NH2+]CC2)CO4)cc1,9.5,0.8762040281211465,0.6837203975012768,0.3214285714285714
C[NH+]1CCC2(CC1)COc1cc3c(cc12)N(C(=O)c1ccc2ccccc2c1)CC3,6.7,0.6826937125816946,0.6912046807901867,0.618421052631579
Fc1ccccc1,4.9,0.4618403302914614,1.0,0.0394736842105263
Cc1ccc(C(=O)C(=O)c2ccccc2)cc1,8.4,0.592786956710843,0.94218063620575,0.1282051282051282
C[NH+]1CCC2(CC1)COc1cc3c(cc12)N(C(N)=O)CC3,9.4,0.7094265070010061,0.6220519060891464,0.547945205479452
ClN1CCc2cc3c(cc21)C1(CC[NH2+]CC1)CO3,8.3,0.7143275365214072,0.5884445663002954,0.325
c1ccc([NH+]2CCC3(CC2)COc2cc4c(cc23)NCC4)cc1,7.1,0.8452273495880238,0.6305629839003849,0.2790697674418604
O=C(c1ccccc1)c1ccccc1,7.0,0.6524732866647586,0.9828968204765668,0.0933333333333333
CN1CCc2cc3c(cc21)C1(CC[NH2+]CC1)CO3,8.1,0.7275879347312062,0.6265824472872331,0.3417721518987341
C[NH+]1CCC2(CC1)COc1cc3c(cc12)N(c1ccc(C(=O)CC(F)(F)F)cc1)CC3,10.4,0.7563375382379929,0.6593896707407839,0.4651162790697674
O=C(N1CCc2cc3c(cc21)C1(CC[NH2+]CC1)CO3)N1CCc2cc3c(cc21)C1(CC[NH2+]CC1)CO3,12.5,0.5855089201018349,0.536732336779813,0.4155844155844156
Cc1ccccc1,5.2,0.4588062796575454,1.0,0.0675675675675675
c1ccc(N2CCc3cc4c(cc32)C2(CC[NH2+]CC2)CO4)cc1,9.5,0.8762040281211465,0.6837203975012768,0.3214285714285714
CN1CCc2cc3c(cc21)C1(CC[NH2+]CC1)CO3,8.2,0.7275879347312062,0.6265824472872331,0.3417721518987341
O=C(c1ccccc1)N1CCc2cc3c(cc21)C1(CC[NH2+]CC1)CO3,7.0,0.8648456162233196,0.6947822079664642,0.4871794871794871
CC(C)CC(=O)N1CCc2cc3c(cc21)C1(CC[NH2+]CC1)CO3,9.0,0.901119790605262,0.6535902667624502,0.3928571428571428
O=C(N1CCc2cc3c(cc21)C1(CC[NH2+]CC1)CO3)C(F)(F)F,6.6,0.7763301451882341,0.6364236682327749,0.3902439024390244
O=C(O)N1CCc2cc3c(cc21)C1(CC[NH+]([NH+]2CCC4(CC2)COc2cc5c(cc24)N(c2ccc(-c4ccccc4)cc2F)CC5)CC1)CO3,0.0,0.2997551823411238,0.5606751469710282,0.4175824175824176
NC(=O)C(=O)N1CCc2cc3c(cc21)C1(CC[NH2+]CC1)CO3,8.2,0.6055087640646792,0.6299076862543875,0.3950617283950617
O=Cc1ccccc1C(=O)c1ccccc1,7.6,0.5762454770849101,0.9262244168973796,0.0952380952380952
O=Cc1ccccc1Cl,5.3,0.5466495888095015,0.9179645462057072,0.0617283950617283
c1ccc(-c2ncc3ccccc3n2)cc1,8.2,0.6101536066340421,0.9341706822262535,0.0963855421686747
CCC(C)(C=O)c1ccccc1,6.3,0.6241191833495392,0.8047569678144606,0.0581395348837209
O=C[NH+]1CCC2(CC1)COc1cc3c(cc12)N(c1cc(-c2ccccc2)ccc1F)CC3,10.7,0.645691683746,0.6750079830995371,0.358695652173913
O=Cc1ccc(NN2CCc3cc4c(cc32)C2(CC[NH+](CN3CCc5cc6c(cc53)C3(CC[NH2+]CC3)CO6)CC2)CO4)cc1,7.9,0.3943864106132008,0.5229064691656065,0.31
CCC(=O)N1CCc2cc3c(cc21)C1(CC[NH2+]CC1)CO3,8.9,0.8365305266936888,0.6479636084851111,0.4074074074074074
O=Cc1ccccc1,5.5,0.4956362681365689,0.9512188811727386,0.0512820512820512
O=C(c1ccccc1)N1CCc2cc3c(cc21)C1(CC[NH2+]CC1)CO3,10.0,0.8648456162233196,0.6947822079664642,0.4871794871794871
COc1ccc(-c2ccccc2N2CCc3cc4c(cc32)C2(CC[NH+](C(=O)c3ccccc3)CC2)CO4)cc1,7.0,0.4039484865443148,0.6906930519396164,0.4193548387096774
C[NH+]1CCC2(CC1)COc1cc3c(cc12)N(Cc1ccc(-c2ncccc2F)cc1)CC3,8.6,0.6909684933617088,0.6792637932468366,0.4130434782608695
O=C(c1ccccc1)N1CCc2cc3c(cc21)C1(CC[NH2+]CC1)CO3,10.0,0.8648456162233196,0.6947822079664642,0.4871794871794871
O=C(c1ccc(Oc2ccccc2)cc1)N1CCc2cc3c(cc21)C1(CC[NH2+]CC1)CO3,11.5,0.6940263554151966,0.7122718628480081,0.4642857142857143
C[NH+]1CCC2(CC1)COc1cc3c(cc12)N(c1ccccc1F)CC3,9.8,0.8595497609014233,0.6668583962727896,0.4320987654320987
Fc1cnc(N2CCc3cc4c(cc32)C2(CC[NH2+]CC2)CO4)nc1,7.8,0.8577052477043455,0.6394500526614476,0.3068181818181818
c1ccc2c(c1)ONCC[NH+]1CCC3(CC1)COc1cc4c(cc13)N2CC4,9.7,0.7446388349735615,0.4590193762273375,0.3370786516853932
Cc1ccccc1,5.2,0.4588062796575454,1.0,0.0675675675675675
CCCN(Cc1ccccc1)C(C)=O,6.1,0.715488303231134,0.9322436430098808,0.0919540229885057
CN1CCc2cc3c(cc21)C1(CC[NH2+]CC1)CO3,8.1,0.7275879347312062,0.6265824472872331,0.3417721518987341
C[NH+]1CCC2(CC1)COc1cc3c(cc12)N(C(=O)C=O)CC3,8.7,0.5729653640750715,0.6078371123838138,0.5333333333333333
C[NH+]1CCC2(CC1)COc1cc3c(cc12)N(C(=O)C1CC[C@H](C(=O)c2ccccc2)C1)CC3,9.0,0.7395948085231319,0.5975092961787937,0.4941176470588235
O=C(c1ccccc1)N1CCc2cc3c(cc21)C1(CC[NH2+]CC1)CO3,9.9,0.8648456162233196,0.6947822079664642,0.4871794871794871
Cc1ccc(C(=O)C(=O)C(C)C)cc1,6.8,0.5414585765477439,0.9012865877297483,0.125
CCN(C)CC(=O)c1ccccc1C(=O)c1ccccc1,8.0,0.7636969331454662,0.9033407711326272,0.1123595505617977
N#CCCN1CCc2cc3c(cc21)C1(CC[NH2+]CC1)CO3,7.8,0.8795469379876089,0.6288965214737617,0.3023255813953488
CN1CCc2cc3c(cc21)C1(CC[NH+](c2ccccc2)CC1)CO3,9.4,0.8680490327108227,0.640125892314752,0.3780487804878049
Cc1ccc(C(=O)c2ccccc2)cc1,7.6,0.6738254393961428,0.9740801006934228,0.1282051282051282
O=C(c1ccccc1)c1ccccc1,7.8,0.6524732866647586,0.9828968204765668,0.0933333333333333
OCCN1CCc2cc3c(cc21)C1(CC[NH+](c2ccccc2)CC1)CO3,6.5,0.8835842047421401,0.642964913648196,0.3720930232558139
CCCC(C(=O)C(=O)CC(=O)N1CCc2cc3c(cc21)C1(CC[NH2+]CC1)CO3)C(=O)c1ccccc1,6.7,0.3489355148697751,0.605201212057638,0.3535353535353535
CC(=O)N1CCc2cc3c(cc21)C1(CC[NH2+]CC1)CO3,8.7,0.7515452091953233,0.6441863210730414,0.4230769230769231
C[NH+]1CCC2(CC1)COc1cc3c(cc12)N(C(=O)c1ccc(Cl)cc1)CC3,10.1,0.8205009054519946,0.6826748149007249,0.6438356164383562
O=C(c1ccccc1)N1CCc2cc3c(cc21)C1(CC[NH2+]CC1)CO3,10.0,0.8648456162233196,0.6947822079664642,0.4871794871794871
CN(Cc1ccccc1)c1ccccc1,7.0,0.7292162003804461,0.9562355975221756,0.0602409638554216
C[NH+]1CCC2(CC1)COc1cc3c(cc12)N(C(=O)C1CCCCCC1)CC3,7.7,0.771969746200937,0.6690460654936893,0.5063291139240507
C[NH+]1CCC2(CC1)COc1cc3c(cc12)N(C(=O)C(=O)Cc1ccc(-c2ccccc2)o1)CC3,10.9,0.6120707980558133,0.6576277891546546,0.4719101123595505
Nc1ccc(C(=O)[NH+]2CCC3(CC2)COc2cc4c(cc23)N(C(=O)C2CCC2)CC4)cc1,10.5,0.7129782936501546,0.6626130140537819,0.4269662921348314
C[NH+]1CCC2(CC1)COc1cc3c(cc12)N(C(=O)c1ccccc1)CC3,10.1,0.8522853745142259,0.6851838315723771,0.6388888888888888
O=CN1CCc2cc3c(cc21)C1(CC[NH+](C2CCNCC(c4ccccc4)C2)CC1)CO3,7.0,0.7301806357949894,0.5499008196117846,0.3069306930693069
O=C(c1ccc(O)cc1)c1ccc(-c2ccccc2)cc1,6.8,0.7233023377213641,0.9459404804535928,0.125
O=C(c1ccccc1)N1CCc2cc3c(cc21)C1(CC[NH+](c2ccc(F)cc2)CC1)CO3,9.4,0.6746236476897931,0.6771328603499462,0.4939759036144578
c1c2c(cc3c1OCC31CC[NH2+]CC1)NCC2,8.1,0.687524633345975,0.611003774127732,0.253012048192771
C[NH+]1CCC2(CC1)COc1cc3c(cc12)N(c1ccc(-c2ccccc2)cc1)CC3,7.7,0.7043136309495466,0.6995994517495645,0.4625
NCC(=O)N1CCc2cc3c(cc21)C1(CC[NH+](c2ccccc2)CC1)CO3,9.4,0.8412164950543235,0.6404966984050816,0.4235294117647059
CCC([NH3+])C(=O)c1ccccc1,6.2,0.6623829393261566,0.7679070843645772,0.0952380952380952
O=C(C(=O)c1ccccc1-c1ccccc1F)c1ccccc1,8.7,0.522899097799096,0.9109053709904752,0.0919540229885057
O=C(c1ccccc1)N1CCc2cc3c(cc21)C1(CC[NH2+]CC1)CO3,9.7,0.8648456162233196,0.6947822079664642,0.4871794871794871
C[NH+]1CCC2(CC1)COc1cc3c(cc12)N(c1ccccc1)CC3,6.9,0.8680490327108227,0.6742366182085766,0.4487179487179487
O=C(c1ccccc1)N1CCc2cc3c(cc21)C1(CC[NH2+]CC1)CO3,9.9,0.8648456162233196,0.6947822079664642,0.4871794871794871
O=C(C(=O)N1CCc2cc3c(cc21)C1(CC[NH2+]CC1)CO3)N1CCc2cc3c(cc21)C1(CC[NH2+]CC1)CO3,12.5,0.4876527748613319,0.5340635517931889,0.4155844155844156
O=CC(=O)N1CCc2cc3c(cc21)C1(CC[NH2+]CC1)CO3,8.5,0.5727364097010392,0.6156836589264731,0.3950617283950617
O=CC(=O)N1CCc2cc3c(cc21)C1(CC[NH2+]CC1)CO3,8.5,0.5727364097010392,0.6156836589264731,0.3950617283950617
Cc1ccccc1,5.2,0.4588062796575454,1.0,0.0675675675675675
CC(=O)c1ccc(C(=O)c2ccccc2)cc1,8.0,0.7504900689995999,0.9586976233852372,0.1139240506329113
CN1CCc2cc3c(cc21)C1(CC[NH+](C)CC1)CO3,8.5,0.7353834935260425,0.618111967315094,0.4657534246575342
O=C(c1ccccc1)N1CCc2cc3c(cc21)C1(CC[NH2+]CC1)CO3,9.9,0.8648456162233196,0.6947822079664642,0.4871794871794871
c1ccc(N2CCc3cc4c(cc32)C2(CC[NH2+]CC2)CO4)cc1,9.4,0.8762040281211465,0.6837203975012768,0.3214285714285714
O=C(C(=O)c1ccccc1)c1ccccc1,7.8,0.5762605941819152,0.9595893735206708,0.0933333333333333
O=C(c1ccccc1)c1ccccc1,7.8,0.6524732866647586,0.9828968204765668,0.0933333333333333
Fc1ccc(N2CCc3cc4c(cc32)C2(CC[NH+](N3CCc5cc6c(cc53)C3(CC[NH2+]CC3)CO6)CC2)CO4)c(Cl)c1,7.8,0.481581085739827,0.5355887613734719,0.3125
C[NH+]1CCC2(CC1)COc1cc3c(cc12)N(N1CCc2cc4c(cc21)C1(CC[NH+](CO)CC1)CO4)CC3,3.4,0.5468199001591397,0.5000041110102652,0.4615384615384615
O=C(c1ccccc1)N1CCC(NC(=O)N2CCc3cc4c(cc32)C2(CC[NH2+]CC2)CO4)CC1,12.0,0.7187013037096097,0.6946398963807617,0.3870967741935484
CCc1ccc(-c2ccccc2N2CCc3cc4c(cc32)C2(CC[NH+](N3CCc5cc6c(cc53)C3(CC[NH2+]CC3)CO6)CC2)CO4)cc1,5.9,0.3340136320533726,0.5511357848214666,0.3608247422680412
O=C(C(=O)c1ccccc1)c1ccccc1,7.8,0.5762605941819152,0.9595893735206708,0.0933333333333333
O=C1NCCN1CC[NH+]1CCC2(CC1)COc1cc3c(cc12)N(C(=O)c1ccccc1)CC3,4.8,0.7410070680940527,0.6573971336085698,0.4555555555555555
Fc1ccc(Cc2ccccc2)cc1,7.8,0.673770167167591,0.9751320925215948,0.036144578313253
CN1CCc2cc3c(cc21)C1(CC[NH+](C2CC2)CC1)CO3,8.3,0.8335194340032307,0.6103257774636737,0.3703703703703703
C[NH+]1CCC2(CC1)COc1cc3c(cc12)N(CC(=O)N1CCc2cc4c(cc21)C1(CC[NH2+]CC1)CO4)CC3,13.6,0.6128355735431265,0.5391069583865953,0.4761904761904761
c1ccc(N2CCc3cc4c(cc32)C2(CC[NH2+]CC2)CO4)cc1,9.4,0.8762040281211465,0.6837203975012768,0.3214285714285714
O=C(c1ccccc1)N1CCc2cc3c(cc21)C1(CC[NH2+]CC1)CO3,10.4,0.8648456162233196,0.6947822079664642,0.4871794871794871
C[NH+]1CCC2(CC1)COc1cc3c(cc12)NCC3,7.9,0.699554415525747,0.603073013324969,0.3636363636363636
COc1cc(N2CCc3cc4c(cc32)C2(CC[NH2+]CC2)CO4)ccc1N1CCCCCC1,10.4,0.798847769336294,0.6876077332933522,0.3052631578947368
CN1CCc2cc3c(cc21)C1(CC[NH+](C)CC1)CO3,8.4,0.7353834935260425,0.618111967315094,0.4657534246575342
C[NH+]1CCC2(CC1)COc1cc3c(cc12)N(c1ccccc1)CC3,7.2,0.8680490327108227,0.6742366182085766,0.4487179487179487
O=CC(=O)[NH+]1CCC2(CC1)COc1cc3c(cc12)N(C(=O)c1ccc(C2CC2)cc1)CC3,6.2,0.5945947598463142,0.6608942849567918,0.4941176470588235
CCC(=O)N1CCc2cc3c(cc21)C1(CC[NH+](C)CC1)CO3,9.0,0.836998714938908,0.639092301639003,0.5333333333333333
O=C[NH+]1CCC2(CC1)COc1cc3c(cc12)N(c1ccccc1)CC3,9.6,0.8507090170941528,0.6633306487149049,0.3647058823529411
c1ccc(N2CCc3cc4c(cc32)C2(CC[NH2+]CC2)CO4)cc1,9.4,0.8762040281211465,0.6837203975012768,0.3214285714285714
c1c2c(cc3c1OCC31CC[NH2+]CC1)NCC2,8.1,0.687524633345975,0.611003774127732,0.253012048192771
CN(C)Cc1ccccc1,5.2,0.5968214218758865,0.9678897284890456,0.0625
C[NH+]1CCC2(CC1)COc1cc3c(cc12)N(C(=O)[C@H]1C[C@H]1N1CCc2cc4c(cc21)C1(CC[NH2+]CC1)CO4)CC3,11.3,0.5936684663893835,0.4475888990006257,0.4545454545454545
O=C(c1ccccc1)N1CCc2cc3c(cc21)C1(CC[NH2+]CC1)CO3,6.8,0.8648456162233196,0.6947822079664642,0.4871794871794871
c1ccc(N2CCc3cc4c(cc32)C2(CC[NH2+]CC2)CO4)cc1,9.5,0.8762040281211465,0.6837203975012768,0.3214285714285714
C[NH+]1CCC2(CC1)COc1cc3c(cc12)N(c1ccccc1)CC3,6.6,0.8680490327108227,0.6742366182085766,0.4487179487179487
C[NH+]1CCC2(CC1)COc1cc3c(cc12)N(C(=O)c1ccccc1)CC3,9.7,0.8522853745142259,0.6851838315723771,0.6388888888888888
CN1CCc2cc3c(cc21)C1(CC[NH2+]CC1)CO3,8.0,0.7275879347312062,0.6265824472872331,0.3417721518987341
c1ccc(CN2CCc3cc4c(cc32)C2(CC[NH2+]CC2)CO4)cc1,9.5,0.9189958338888792,0.6921799882579325,0.3103448275862069
O=C(C1CC1)N1CCc2cc3c(cc21)C1(CC[NH2+]CC1)CO3,8.7,0.8398761356941756,0.6551076671762437,0.3902439024390244
CC(=O)N1CCc2cc3c(cc21)C1(CC[NH2+]CC1)CO3,8.7,0.7515452091953233,0.6441863210730414,0.4230769230769231
O=C1[C@@H]2CCCN1C(=O)N1CCc3cc4c(cc31)C1(CC[NH+]2CC1)CO4,6.7,0.7375208751667496,0.3900161992201327,0.3370786516853932
O=C(c1ccccc1)N1CCc2cc3c(cc21)C1(CC[NH2+]CC1)CO3,9.4,0.8648456162233196,0.6947822079664642,0.4871794871794871
c1ccc(-c2ccc(CN3CCc4cc5c(cc43)C3(CC[NH2+]CC3)CO5)cc2)cc1,11.5,0.726196444220146,0.7130307491662552,0.3258426966292135
c1ccc(N2CCc3cc4c(cc32)C2(CC[NH2+]CC2)CO4)c(N2CCc3cc4c(cc32)C2(CC[NH2+]CC2)CO4)c1,8.5,0.5288733612623944,0.554577644837549,0.3292682926829268
O=Cc1ccc(Cc2ccccc2)cc1,7.3,0.6892890364431832,0.9441163667529447,0.0476190476190476
O=C(c1ccccc1)c1ccccc1,7.7,0.6524732866647586,0.9828968204765668,0.0933333333333333
c1ccc(-c2ccccc2)cc1,7.4,0.5905018880213778,1.0,0.0547945205479452
Cc1cc(-c2ccccc2)ccn1,7.4,0.6389722777713539,0.9425207745154384,0.0975609756097561
O=C(c1ccccc1)c1ccccc1,7.1,0.6524732866647586,0.9828968204765668,0.0933333333333333
C[NH+]1CCC2(CC1)COc1cc3c(cc12)N(C(=O)C(=O)c1ccc(-c2ccccc2N)cc1)CC3,6.5,0.352079833832884,0.6737432938512732,0.5662650602409639
C[NH+]1CCC2(CC1)COc1cc3c(cc12)N(ON1CCc2cc4c(cc21)C1(CC[NH2+]CC1)CO4)CC3,10.6,0.6550404104165002,0.4934613087424295,0.419753086419753
O=CN1CCc2cc3c(cc21)C1(CC[NH+]([NH+]2CCC4(CC2)COc2cc5c(cc24)N(C(=O)c2ccccc2C(=O)c2ccccc2)CC5)CC1)CO3,1.1,0.2480078050206573,0.5526629979739466,0.4285714285714285
CC(=O)N1CCc2cc3c(cc21)C1(CC[NH+](C)CC1)CO3,9.0,0.7553328015650862,0.6352967778840183,0.5555555555555556
CCCCCCCCCC(=O)N1CCc2cc3c(cc21)C1(CC[NH2+]CC1)CO3,8.9,0.6936723401269402,0.6844438277871132,0.3793103448275862
c1ccc(-c2ccccc2)cc1,7.4,0.5905018880213778,1.0,0.0547945205479452
FC(F)(c1cccc(N2CC[NH2+]CC2)c1)N1CC[NH2+]CC1,8.3,0.7027894905022931,0.5960678448924325,0.7428571428571429
FN1CC[NH2+]CC1,4.0,0.3814945930820924,0.4502428493605723,0.2727272727272727
Fc1cccc(C(F)(F)F)c1,6.3,0.5169494506538483,0.9336429334559224,0.4117647058823529
Fc1cccc(C(F)(F)F)c1,6.2,0.5169494506538483,0.9336429334559224,0.4117647058823529
FC(F)(F)c1cccc(N2CC[NH2+]CC2)c1,7.5,0.7665856993035065,0.7458867506023221,1.0
FC(F)(c1cccc(N2CC[NH2+]CC2)c1)N1CC[NH2+]CC1,8.6,0.7027894905022931,0.5960678448924325,0.7428571428571429
FN1CC[NH2+]CC1,4.0,0.3814945930820924,0.4502428493605723,0.2727272727272727
FN1CC[NH2+]CC1,4.0,0.3814945930820924,0.4502428493605723,0.2727272727272727
Fc1cccc(C(F)(F)F)c1,6.2,0.5169494506538483,0.9336429334559224,0.4117647058823529
FN1CC[NH2+]CC1,3.7,0.3814945930820924,0.4502428493605723,0.2727272727272727
FN1CC[NH2+]CC1,3.7,0.3814945930820924,0.4502428493605723,0.2727272727272727
FC(F)(F)c1cccc(N2CC[NH2+]CC2)c1,5.1,0.7665856993035065,0.7458867506023221,1.0
FC(F)(c1cccc(N2CC[NH2+]CC2)c1)N1CC[NH2+]CC1,8.5,0.7027894905022931,0.5960678448924325,0.7428571428571429
FC(F)(F)c1cccc(N2CC[NH2+]CC2)c1,7.5,0.7665856993035065,0.7458867506023221,1.0
FN1CC[NH2+]CC1,4.0,0.3814945930820924,0.4502428493605723,0.2727272727272727
Fc1cccc(C(F)(F)F)c1,6.2,0.5169494506538483,0.9336429334559224,0.4117647058823529
FC(F)(F)c1cccc(N2CC[NH2+]CC2)c1,7.5,0.7665856993035065,0.7458867506023221,1.0
FC(F)(F)c1cccc(N2CC[NH2+]CC2)c1,7.5,0.7665856993035065,0.7458867506023221,1.0
FC(F)(c1cccc(N2CC[NH2+]CC2)c1)N1CC[NH2+]CC1,8.5,0.7027894905022931,0.5960678448924325,0.7428571428571429
Fc1cccc(C(F)(F)F)c1,4.7,0.5169494506538483,0.9336429334559224,0.4117647058823529
FC(F)(F)c1cccc(N2CC[NH2+]CC2)c1,7.6,0.7665856993035065,0.7458867506023221,1.0
FC(F)(c1cccc(N2CC[NH2+]CC2)c1)N1CC[NH2+]CC1,8.0,0.7027894905022931,0.5960678448924325,0.7428571428571429
FC(F)(F)c1cccc(N2CC[NH2+]CC2)c1,7.6,0.7665856993035065,0.7458867506023221,1.0
FN1CC[NH2+]CC1,4.0,0.3814945930820924,0.4502428493605723,0.2727272727272727
FN1CC[NH2+]CC1,4.0,0.3814945930820924,0.4502428493605723,0.2727272727272727
FC(c1cccc(N2CC[NH2+]CC2)c1)c1cccc(C(F)(F)F)c1,10.5,0.8518795236463046,0.6934726101784956,0.7368421052631579
FN1CC[NH2+]CC1,4.0,0.3814945930820924,0.4502428493605723,0.2727272727272727
Fc1cccc(C(F)(F)F)c1,6.2,0.5169494506538483,0.9336429334559224,0.4117647058823529
FC(F)(c1cccc(N2CC[NH2+]CC2)c1)N1CC[NH2+]CC1,8.7,0.7027894905022931,0.5960678448924325,0.7428571428571429
FC(F)(F)c1cccc(N2CC[NH2+]CC2)c1,7.6,0.7665856993035065,0.7458867506023221,1.0
Fc1cccc(C(F)(F)F)c1,6.3,0.5169494506538483,0.9336429334559224,0.4117647058823529
FC(F)(F)c1cccc(N2CC[NH2+]CC2)c1,7.6,0.7665856993035065,0.7458867506023221,1.0
Fc1cccc(C(F)(F)F)c1,6.1,0.5169494506538483,0.9336429334559224,0.4117647058823529
FC(F)(c1cccc(N2CC[NH2+]CC2)c1)N1CC[NH2+]CC1,8.7,0.7027894905022931,0.5960678448924325,0.7428571428571429
FC(F)(F)c1cccc(N2CC[NH2+]CC2)c1,5.1,0.7665856993035065,0.7458867506023221,1.0
FC(F)(c1cccc(N2CC[NH2+]CC2)c1)N1CC[NH2+]CC1,8.4,0.7027894905022931,0.5960678448924325,0.7428571428571429
FC(F)(F)c1cccc(N2CC[NH2+]CC2)c1,7.6,0.7665856993035065,0.7458867506023221,1.0
CC(F)(c1cccc(N2CC[NH2+]CC2)c1)c1cccc(C(F)(F)F)c1,10.5,0.8394635453449223,0.6906749670992232,0.8285714285714286
FN1CC[NH2+]CC1,4.0,0.3814945930820924,0.4502428493605723,0.2727272727272727
Fc1cccc(C(F)(F)F)c1,6.2,0.5169494506538483,0.9336429334559224,0.4117647058823529
FC(F)(c1cccc(N2CC[NH2+]CC2)c1)N1CC[NH2+]CC1,8.4,0.7027894905022931,0.5960678448924325,0.7428571428571429
FC(F)(F)c1cccc(N2CC[NH2+]CC2)c1,7.6,0.7665856993035065,0.7458867506023221,1.0
FC(F)c1cccc(C(F)(F)c2cccc(N3CC[NH2+]CC3)c2)c1,10.3,0.8485753410726865,0.7331844647150356,0.65
FN1CC[NH2+]CC1,4.0,0.3814945930820924,0.4502428493605723,0.2727272727272727
FN1CC[NH2+]CC1,4.0,0.3814945930820924,0.4502428493605723,0.2727272727272727
FC(F)(F)c1cccc(N2CC[NH2+]CC2)c1,7.6,0.7665856993035065,0.7458867506023221,1.0
FC(F)(F)c1cccc(N2CC[NH2+]CC2)c1,7.6,0.7665856993035065,0.7458867506023221,1.0
FN1CC[NH2+]CC1,4.0,0.3814945930820924,0.4502428493605723,0.2727272727272727
CC(F)(F)c1cccc(C(F)(F)c2cccc(N3CC[NH2+]CC3)c2)c1,10.3,0.8362075205893982,0.7328833180804951,0.6842105263157895
FC(F)(F)c1cccc(N2CC[NH2+]CC2)c1,7.6,0.7665856993035065,0.7458867506023221,1.0
FC(F)(c1cccc(N2CC[NH2+]CC2)c1)N1CC[NH2+]CC1,8.5,0.7027894905022931,0.5960678448924325,0.7428571428571429
FC(F)(c1cccc(N2CC[NH2+]CC2)c1)N1CC[NH2+]CC1,8.5,0.7027894905022931,0.5960678448924325,0.7428571428571429
FN1CC[NH2+]CC1,4.0,0.3814945930820924,0.4502428493605723,0.2727272727272727
FC(F)(F)c1cccc(N2CC[NH2+]CC2)c1,7.5,0.7665856993035065,0.7458867506023221,1.0
FN1CC[NH2+]CC1,3.7,0.3814945930820924,0.4502428493605723,0.2727272727272727
C[C@H](C(=O)Nc1cccc(N2CC[NH2+]CC2)c1)C(F)(F)F,8.3,0.8815119069797841,0.6837522243915337,0.4791666666666667
FC(F)(c1cccc(N2CC[NH2+]CC2)c1)N1CC[NH2+]CC1,8.5,0.7027894905022931,0.5960678448924325,0.7428571428571429
FN1CC[NH2+]CC1,3.5,0.3814945930820924,0.4502428493605723,0.2727272727272727
Fc1cccc(C(F)(F)F)c1,6.0,0.5169494506538483,0.9336429334559224,0.4117647058823529
FN1CC[NH2+]CC1,4.0,0.3814945930820924,0.4502428493605723,0.2727272727272727
FC(F)(F)c1cccc(C(F)(C2=NN2)c2cccc(N3CC[NH2+]CC3)c2)c1,11.1,0.8008312620771937,0.6653311421092788,0.7435897435897436
FN1CC[NH2+]CC1,3.5,0.3814945930820924,0.4502428493605723,0.2727272727272727
FN1CC[NH2+]CC1,4.0,0.3814945930820924,0.4502428493605723,0.2727272727272727
FC(F)(F)c1cccc(N2CC[NH2+]CC2)c1,7.6,0.7665856993035065,0.7458867506023221,1.0
Fc1cccc(C(F)(F)F)c1,6.3,0.5169494506538483,0.9336429334559224,0.4117647058823529
FC(F)(F)c1cccc(N2CC[NH2+]CC2)c1,7.6,0.7665856993035065,0.7458867506023221,1.0
FN1CC[NH2+]CC1,4.0,0.3814945930820924,0.4502428493605723,0.2727272727272727
FN1CC[NH2+]CC1,3.7,0.3814945930820924,0.4502428493605723,0.2727272727272727
FN1CC[NH2+]CC1,4.0,0.3814945930820924,0.4502428493605723,0.2727272727272727
COc1cccc(C(F)(F)F)c1,6.1,0.6387622689270488,0.943496664117078,0.3684210526315789
c1ccc(N2CC[NH2+]CC2)cc1,6.0,0.6208178337972532,0.7471705957410095,0.53125
FC(F)(F)c1cccc(N2CC[NH2+]CC2)c1,7.6,0.7665856993035065,0.7458867506023221,1.0
Fc1cccc(C(F)(F)F)c1,6.0,0.5169494506538483,0.9336429334559224,0.4117647058823529
FC(F)(F)c1cccc(N2CC[NH2+]CC2)c1,7.6,0.7665856993035065,0.7458867506023221,1.0
FN1CC[NH2+]CC1,4.0,0.3814945930820924,0.4502428493605723,0.2727272727272727
FN1CC[NH2+]CC1,4.0,0.3814945930820924,0.4502428493605723,0.2727272727272727
FC(F)(F)c1cccc(N2CC[NH2+]CC2)c1,7.5,0.7665856993035065,0.7458867506023221,1.0
FC(F)(F)c1cccc(C(F)(F)c2cccc(N3CC[NH2+]CC3)c2)c1,10.1,0.8364647797034888,0.7495758455530227,0.8787878787878788
FN1CC[NH2+]CC1,4.0,0.3814945930820924,0.4502428493605723,0.2727272727272727
FN1CC[NH2+]CC1,4.0,0.3814945930820924,0.4502428493605723,0.2727272727272727
FC(F)(F)c1cccc(N2CC[NH2+]CC2)c1,7.6,0.7665856993035065,0.7458867506023221,1.0
FC(F)(F)c1cccc(N2CC[NH2+]CC2)c1,7.5,0.7665856993035065,0.7458867506023221,1.0
FN1CC[NH2+]CC1,4.0,0.3814945930820924,0.4502428493605723,0.2727272727272727
Fc1cccc(C(F)(F)F)c1,6.2,0.5169494506538483,0.9336429334559224,0.4117647058823529
Oc1cccc(C(F)(F)F)c1,6.3,0.6205760233110343,0.9156556655514132,0.4
FC(F)(c1cccc(N2CC[NH2+]CC2)c1)N1CC[NH2+]CC1,8.4,0.7027894905022931,0.5960678448924325,0.7428571428571429
FC(F)(c1cccc(N2CC[NH2+]CC2)c1)N1CC[NH2+]CC1,8.7,0.7027894905022931,0.5960678448924325,0.7428571428571429
FC(F)(F)c1cccc(N2CC[NH2+]CC2)c1,7.5,0.7665856993035065,0.7458867506023221,1.0
FC(F)(F)c1cccc(N2CC[NH2+]CC2)c1,7.5,0.7665856993035065,0.7458867506023221,1.0
FC(F)(F)c1cccc(N2CC[NH2+]CC2)c1,7.6,0.7665856993035065,0.7458867506023221,1.0
FC(F)c1cccc(C(F)(F)c2cccc(N3CC[NH2+]CC3)c2)c1,10.3,0.8485753410726865,0.7331844647150356,0.65
FC(F)(c1cccc(N2CC[NH2+]CC2)c1)N1CC[NH2+]CC1,8.5,0.7027894905022931,0.5960678448924325,0.7428571428571429
FC(F)(F)c1cccc(N2CC[NH2+]CC2)c1,7.5,0.7665856993035065,0.7458867506023221,1.0
FC(F)(F)c1cccc(N2CC[NH2+]CC2)c1,7.5,0.7665856993035065,0.7458867506023221,1.0
FC(F)(c1cccc(N2CC[NH2+]CC2)c1)N1CC[NH2+]CC1,8.5,0.7027894905022931,0.5960678448924325,0.7428571428571429
FC(F)COC(F)(c1cccc(N2CC[NH2+]CC2)c1)c1cccc(C(F)(F)F)c1,6.5,0.7262258587255501,0.6601942496528506,0.6744186046511628
FC(F)(c1cccc(N2CC[NH2+]CC2)c1)N1CC[NH2+]CC1,7.9,0.7027894905022931,0.5960678448924325,0.7428571428571429
Fc1cccc(C(F)(F)F)c1,6.2,0.5169494506538483,0.9336429334559224,0.4117647058823529
FC(F)(F)c1cccc(N2CC[NH2+]CC2)c1,7.6,0.7665856993035065,0.7458867506023221,1.0
Fc1cccc(C(F)(F)F)c1,6.2,0.5169494506538483,0.9336429334559224,0.4117647058823529
FC(F)(F)F,3.4,0.3931671530217094,0.879023273436574,0.1
O=C(Nc1cccc(N2CC[NH2+]CC2)c1)C(C(F)c1cccc(C(F)c2cccc(N3CC[NH2+]CC3)c2)c1)C(F)(F)F,11.0,0.3534902820530382,0.5503605521020543,0.4035087719298245
OC(c1cccc(C(F)(F)c2cccc(N3CC[NH2+]CC3)c2)c1)C(F)(F)F,9.8,0.7925228365830438,0.6792821758474705,0.6046511627906976
FC(F)(F)c1cccc(C(F)(F)F)c1,7.3,0.5770338551587822,0.9169457468889076,0.4666666666666667
FOc1cccc(C(F)(F)c2cccc(N3CC[NH2+]CC3)c2)c1,10.1,0.9364861889361654,0.7162422008273052,0.65
FC(F)(F)F,3.4,0.3931671530217094,0.879023273436574,0.1
Cc1cccc(C(F)(F)c2cccc(N3CC[NH2+]CC3)c2)c1,9.9,0.92343547444305,0.7506976489572712,0.6842105263157895
FC(F)(F)c1cccc(-c2ccccc2)c1,5.9,0.6715410034007648,0.951303844619416,0.3888888888888889
FC(F)C(F)(F)c1cccc(N2CC[NH2+]CC2)c1,8.1,0.817733111293226,0.6970836193342317,0.7222222222222222
CF,1.6,0.3673293108901918,0.703430914988529,0.032258064516129
CC(F)(c1cccc(C(F)(F)c2cccc(N3CC[NH2+]CC3)c2)c1)c1ccco1,11.3,0.7001732450575221,0.6606598430806929,0.5652173913043478
Fc1cccc(C(F)(F)c2cccc(N3CC[NH2+]CC3)c2)c1,10.3,0.9225629073019748,0.7483328137924361,0.7027027027027027
FC(F)(F)c1cccc(N2CC[NH2+]CC2)c1,7.5,0.7665856993035065,0.7458867506023221,1.0
NC(=O)C(F)(F)c1cccc(C(F)(c2cccc(C(F)F)c2)c2cccc(N3CC[NH2+]CC3)c2)c1,12.7,0.3905996446899066,0.6596136204129717,0.5098039215686274
CC(C(=O)Nc1cccc(N2CC[NH2+]CC2)c1)C(F)(F)C1CC1,8.1,0.8658765625810386,0.6699626808067393,0.4339622641509434
CC(C)(F)F,3.6,0.4147992036284929,0.8731276156431734,0.1290322580645161
OCCC(F)c1cccc(C(F)(c2cccc(N3CC[NH2+]CC3)c2)C(F)(F)c2cccc(N3CC[NH2+]CC3)c2)c1,11.1,0.3543752486395832,0.5673320261084521,0.52
Cc1cc(C)n(C(F)(F)c2cccc(N3CC[NH2+]CC3)c2)n1,9.5,0.9325846442142324,0.7038875067697096,0.5909090909090909
O=C(Nc1cccc(N2CC[NH2+]CC2)c1)C(C(F)F)C(F)(c1ccccc1)c1cccc(C(F)(F)c2cccc(N3CC[NH2+]CC3)c2)c1,12.5,0.2213019422523075,0.5741383730916136,0.4561403508771929
O=C1c2cccc(c2)-c2cccc(c2)C1F,7.7,0.6521331124393077,0.6973060222485503,0.1521739130434782
Cc1cccc(C(F)(F)c2cccc(N3CC[NH2+]CC3)c2)c1,9.9,0.92343547444305,0.7506976489572712,0.6842105263157895
CC(C(N)=O)C(F)(F)C(F)c1cccc(N2CC[NH2+]CC2)c1,8.2,0.8453682039610835,0.6036955023215235,0.46
O=C(N1CC[NH2+]CC1)C(F)(F)c1cccc(C(F)F)c1,8.4,0.8326543188357289,0.6932856886239506,0.3958333333333333
Fc1cccc(C(F)c2cccc(N3CC[NH2+]CC3)c2)c1,9.4,0.918622099023286,0.6929091318142411,0.5121951219512195
FC(F)(F)c1cccc(N2CC[NH2+]CC2)c1,7.6,0.7665856993035065,0.7458867506023221,1.0
FC(F)(F)F,3.3,0.3931671530217094,0.879023273436574,0.1
C[C@H](F)C(F)(F)F,4.4,0.4238364015423353,0.7753572090020113,0.0833333333333333
C[C@H](F)C(F)(F)F,4.4,0.4238364015423353,0.7753572090020113,0.0833333333333333
FN1CC[NH2+]CC1,4.0,0.3814945930820924,0.4502428493605723,0.2727272727272727
FC(F)(c1cccc(N2CC[NH2+]CC2)c1)N1CC[NH2+]CC1,8.5,0.7027894905022931,0.5960678448924325,0.7428571428571429
CC(F)(c1cccc(C(F)(c2cccc(N3CC[NH2+]CC3)c2)C(F)(F)F)c1)N1CC[NH2+]CC1,10.7,0.5176109470837144,0.5463533494819371,0.6046511627906976
FC(c1cccc(C(F)(F)c2cccc(N3CC[NH2+]CC3)c2)c1)c1cccc(C(F)(F)c2cccc(N3CC[NH2+]CC3)c2)c1,13.7,0.2826824180268821,0.6632550899708469,0.65
C[C@H](C(=O)Nc1cccc(N2CC[NH2+]CC2)c1)C(F)(F)C(F)(F)c1cccc(N2CC[NH2+]CC2)c1,10.2,0.5098455332130902,0.6125794482359423,0.5098039215686274
FOc1cccc(C(F)c2cccc(N3CC[NH2+]CC3)c2)c1,6.9,0.9395816633778554,0.6599449267916282,0.4666666666666667
O=C(Nc1cccc(N2CC[NH2+]CC2)c1)C(F)F,7.7,0.815511015161203,0.7381189496509737,0.4666666666666667
FC(F)c1cccc(C(c2cccc(N3CC[NH2+]CC3)c2)C(F)c2cccc(N3CC[NH2+]CC3)c2)c1,7.5,0.5274467875397645,0.5846445725813944,0.4772727272727273
CC(F)(F)c1cccc(C(F)c2cccc(N3CC[NH2+]CC3)c2)c1,7.4,0.9092258781768424,0.6762891260155998,0.5813953488372093
FC(F)N1CC[NH2+]CC1,4.1,0.4636281505631744,0.5322574692826305,0.25
C[C@H](C(C)(F)F)C(F)(F)F,5.5,0.5198074316158058,0.7228891271494364,0.0769230769230769
CC(C)(CC(Oc1cccc(C(F)CF)c1)c1cccc(N2CC[NH2+]CC2)c1)N1CC[NH2+]CC1,9.1,0.586115542787014,0.5567180354899348,0.3898305084745763
C[C@H](F)C(F)(F)F,3.9,0.4238364015423353,0.7753572090020113,0.0833333333333333
CC(c1cccc(C(F)F)c1)c1cccc(N2CC[NH2+]CC2)c1,9.4,0.9180737065580584,0.6998049520771354,0.5
OCCC(F)c1cccc(C(F)(c2cccc(N3CC[NH2+]CC3)c2)C(F)(F)c2cccc(N3CC[NH2+]CC3)c2)c1,11.7,0.3543752486395832,0.5673320261084521,0.52
O=Cc1cccc(N2CC[NH2+]CC2)c1,6.0,0.6618143812911231,0.7159433495572421,0.5263157894736842
O=C(Nc1cccc(N2CC[NH2+]CC2)c1)C(C(F)F)C(F)(c1cccc(C(F)F)c1)c1cccc(N2CC[NH2+]CC2)c1,11.1,0.3363834204843651,0.5705666397853827,0.4642857142857143
CC(c1cccc(C(F)(F)c2cccc(N3CC[NH2+]CC3)c2)c1)C(F)F,7.3,0.801115202877088,0.6718896382386741,0.5909090909090909
O=C(c1ccccc1)C(F)c1cccc(N2CC[NH2+]CC2)c1,9.1,0.8764071856671333,0.7102187248685513,0.4468085106382978
O=C(Cc1cccc(N2CC[NH2+]CC2)c1)C(F)c1cccc(N2CC[NH2+]CC2)c1,9.5,0.7348846226588565,0.6150193633336504,0.4285714285714285
FCc1cccc(C(F)(F)c2cccc(N3CC[NH2+]CC3)c2)c1,7.0,0.9177032995256624,0.7342237859088904,0.65
C[C@@H]1[NH2+]Cc2cccc1c2,5.5,0.5408437959998421,0.5301216316130472,0.1777777777777777
FN1CC[NH2+]CC1,3.9,0.3814945930820924,0.4502428493605723,0.2727272727272727
CC(F)(c1cccc(-c2cccc(N)c2)c1)c1cccc(N2CC[NH2+]CC2)c1,11.1,0.6842415538808546,0.7061958765212757,0.6046511627906976
O=C(Nc1cccc(N2CC[NH2+]CC2)c1)C(C(=O)Nc1cccc(N2CC[NH2+]CC2)c1)C(F)F,10.0,0.4219981114220694,0.6773873964986112,0.4468085106382978
FC(F)(c1cccc(N2CC[NH2+]CC2)c1)c1cccc(C(F)(F)c2cccc(C(F)(c3ccccc3)c3cccc(N4CC[NH2+]CC4)c3)c2)c1,11.8,0.1479884909755526,0.6312204074811514,0.6666666666666666
CN1CC[NH2+]CC1,3.5,0.3932815222648922,0.5499597724374955,0.2352941176470588
FC(F)C(F)c1cccc(N2CC[NH2+]CC2)c1,7.3,0.8516904784301722,0.6436481368728298,0.5384615384615384
FC(c1cccc(C(c2cccc(N3CC[NH2+]CC3)c2)c2cccc(C(F)(F)F)c2)c1)c1cccc(N2CC[NH2+]CC2)c1,11.7,0.2419199337588266,0.6009576646659525,0.6666666666666666
Fc1cccc(C(F)(F)F)c1,6.3,0.5169494506538483,0.9336429334559224,0.4117647058823529
FC(F)(c1ccccc1)c1cccc(N2CC[NH2+]CC2)c1,9.9,0.9181379656418376,0.7603800769226972,0.7428571428571429
CC(F)(F)C(F)(F)c1cccc(N2CC[NH2+]CC2)c1,8.2,0.835427267172915,0.711010406669531,0.7222222222222222
Fc1ccc(C(F)(c2cccc(C(F)c3cccc(N4CC[NH2+]CC4)c3)c2)c2cccc(N3CC[NH2+]CC3)c2)c(F)c1,7.4,0.2575961398251977,0.5818557507563786,0.5098039215686274
CC(F)c1cccc(N2CC[NH2+]CC2)c1,7.2,0.7729235255554623,0.6581627847236511,0.5384615384615384
FC(F)(F)Cc1cccc(C(F)(F)F)c1,7.4,0.6409015441870285,0.8854032234859555,0.3684210526315789
FC(c1cccc(OC(F)(F)F)c1)c1cccc(-c2cccc(C(F)(F)F)c2)c1,11.2,0.4063228796666405,0.794860030754465,0.28
FC(F)F,2.8,0.401096477329913,0.8070008580847543,0.03125
FC(c1cccc(N2CC[NH2+]CC2)c1)c1cccc(N2CC[NH2+]CC2)c1,10.1,0.8381832169977492,0.652344952941156,0.5675675675675675
O=C(c1ccccc1)c1cccc(C(F)(F)C(F)F)c1,8.9,0.6041424945135172,0.8727075068057688,0.2291666666666666
FC(F)c1cccc(N2CC[NH2+]CC2)c1,5.0,0.7768174764563611,0.7136987053445857,0.5675675675675675
CC(C(F)(F)F)C(F)(F)F,5.6,0.4850913688915606,0.7943178221345304,0.0833333333333333
FC(c1cccc(C(F)(F)c2cccc(N3CC[NH2+]CC3)c2)c1)C(F)(F)F,10.4,0.7893416552330494,0.6669172527705476,0.6190476190476191
Fc1cccc(C(F)c2cccc(N3CC[NH2+]CC3)c2)c1,9.4,0.918622099023286,0.6929091318142411,0.5121951219512195
CC(c1cccc(C(F)(F)c2cccc(N3CC[NH2+]CC3)c2)c1)(C(F)(F)F)C(F)(F)c1cccc(N2CC[NH2+]CC2)c1,7.2,0.4017921510572568,0.6019868787091984,0.6428571428571429
c1cc(C2CCC2)cc(N2CC[NH2+]CC2)c1,7.9,0.7921815959113764,0.746335930453204,0.5
FC(F)(F)c1cccc(N2CC[NH2+]CC2)c1,7.5,0.7665856993035065,0.7458867506023221,1.0
CC(F)(F)C(F)(c1cccc(C(F)F)c1)c1cccc(N2CC[NH2+]CC2)c1,10.4,0.7748257524900984,0.6625703809756757,0.5909090909090909
CC(F)(c1ccccc1)c1cccc(N2CC[NH2+]CC2)c1,9.4,0.9171027452450512,0.6986183373627909,0.7027027027027027
CC(F)(F)F,3.5,0.4175407165966272,0.8607737694893272,0.09375
FF,1.9,0.3741821364263268,0.6703027098603241,0.0333333333333333
Fc1ccc(-c2cccc(C(F)F)c2)cc1,8.5,0.7046295259762257,0.9189195711151428,0.1521739130434782
FC(F)c1cccc(OCCN2CC[NH2+]CC2)c1,7.2,0.8482505176741427,0.742753512825356,0.2941176470588235
OCC(F)(F)c1cccc(-c2cccc(C(F)(F)F)c2)c1,9.5,0.8301591179975035,0.8702919594031732,0.3414634146341463
Fc1cccc(C(F)(F)c2cccc(N3CC[NH2+]CC3)c2)c1,10.3,0.9225629073019748,0.7483328137924361,0.7027027027027027
O=C(c1ccccc1)C(F)c1ccccc1,8.1,0.7135393467065501,0.8645729794373691,0.108695652173913
FC(Nc1ccc(N2CC[NH2+]CC2)nc1)c1cccc(-c2cccc(C(F)(F)F)c2)c1,11.2,0.469522726367562,0.6967175033014815,0.4285714285714285
Fc1cccc(C(F)(F)F)c1,6.3,0.5169494506538483,0.9336429334559224,0.4117647058823529
O=C(Nc1cccc(N2CC[NH2+]CC2)c1)[C@@H](c1cccc(C(F)(F)c2cccc(C(F)F)c2)c1)C(F)(F)F,7.5,0.3929204031667782,0.6683558624337268,0.4385964912280701
Fc1cccc(C(F)(F)F)c1,6.2,0.5169494506538483,0.9336429334559224,0.4117647058823529
O=C(F)Nc1cccc(N2CC[NH2+]CC2)c1,7.5,0.5697599517944384,0.7157862898070788,0.5
FC(F)c1cccc(N2CC[NH2+]CC2)c1,7.3,0.7768174764563611,0.7136987053445857,0.5675675675675675
O=C([O-])Cc1cccc(NC(=O)c2cccc(C(F)(F)c3cccc(N4CC[NH2+]CC4)c3)c2)c1,11.9,0.5566494874805408,0.7404849980134441,0.4561403508771929
FCc1cccc(C(F)(F)c2cccc(C(F)F)c2)c1,9.3,0.6746833889800805,0.8284252690435311,0.2291666666666666
FC(c1cccc(OC(F)(F)F)c1)c1cccc(N2CC[NH2+]CC2)c1,9.6,0.8545718257834563,0.6896126609546636,0.5
CC(F)(c1cccc(F)c1)c1cccc(N2CC[NH2+]CC2)c1,9.6,0.9230628730961998,0.6880332051799065,0.6666666666666666
Fc1cccc(C(F)(F)F)c1,6.1,0.5169494506538483,0.9336429334559224,0.4117647058823529
COc1cccc(Oc2cccc(N3CC[NH2+]CC3)c2)c1,6.2,0.9317947572359172,0.795174585322811,0.4878048780487805
CF,1.6,0.3673293108901918,0.703430914988529,0.032258064516129
FC(F)c1cccc(C(F)(F)c2nnc3n2COCC3)c1,9.5,0.8184511474285698,0.7520416837793026,0.2280701754385964
FC(F)c1cccc(N2CC[NH2+]CC2)c1,7.3,0.7768174764563611,0.7136987053445857,0.5675675675675675
Fc1cccc(C(F)(F)F)c1,6.3,0.5169494506538483,0.9336429334559224,0.4117647058823529
FC(F)c1cccc(N2CC[NH2+]CC2)c1,7.2,0.7768174764563611,0.7136987053445857,0.5675675675675675
NOc1cccc(C(F)(F)NC(=O)c2ccccc2)c1,9.5,0.6665263692021103,0.8385499543582162,0.2037037037037037
O=C1COCCN1c1cccc(C(F)c2cccc(-c3cccc(C(F)(F)c4cccc(C(F)F)c4)c3)c2)c1,13.0,0.2247967199834655,0.7309909578723051,0.25
Cc1cccc(C(F)(F)F)c1,6.2,0.5468276913734111,0.9387803339864264,0.4
Fc1cccc(C(F)(F)C(F)F)c1,6.6,0.6369646550384022,0.8396601886616638,0.2682926829268293
CC(F)(F)C(F)F,4.5,0.4587925316372304,0.8121556698733929,0.0833333333333333
CC(F)C(C(=O)N1CC[NH2+]CC1)c1cccc(-c2cccc(N3CC[NH2+]CC3)c2)c1,10.5,0.7551738524114019,0.5896157956657937,0.4038461538461538
FN1CC[NH2+]CC1,4.0,0.3814945930820924,0.4502428493605723,0.2727272727272727
FC(F)(F)c1cccc(CC(F)(F)c2ccccc2)c1,9.1,0.6933383459590978,0.8779315627498246,0.3414634146341463
FC(F)C(F)(F)c1cccc(N2CC[NH2+]CC2)c1,8.1,0.817733111293226,0.6970836193342317,0.7222222222222222
Fc1cccc(F)c1,4.6,0.4832965029562796,0.967241654052033,0.2058823529411764
CN1CC[NH2+]CC1,3.5,0.3932815222648922,0.5499597724374955,0.2352941176470588
FC(F)F,2.8,0.401096477329913,0.8070008580847543,0.03125
c1cc(N2CC[NH2+]CC2)cc(N2CC[NH2+]CC2)c1,7.8,0.6653968975497009,0.6270159498185622,0.6666666666666666
Cc1cccc(C(F)(F)c2cccc(C3CCOCC3)c2)c1,10.3,0.7724658748877151,0.8490610189206412,0.2307692307692307
FC1(F)c2cccc(c2)-c2cccc(c2)-c2ccccc21,10.4,0.5109269625557779,0.711106180327489,0.1428571428571428
FOc1cccc(N2CC[NH2+]CC2)c1,6.8,0.7401115100852823,0.6855726178499251,0.5833333333333334
CC(F)(c1cccc(F)c1)c1cccc(N2CC[NH2+]CC2)c1,9.6,0.9230628730961998,0.6880332051799065,0.6666666666666666
FC(F)(F)c1cccc(-c2cccc(N3CC[NH2+]CC3)c2)c1,10.1,0.9041929417050236,0.7842380640976864,0.8235294117647058
Cc1cc(C)n(C(F)(F)Cc2cccc(N3CC[NH2+]CC3)c2)n1,6.6,0.9302175178876964,0.7041198805834465,0.46
O=C(c1cccc(F)c1)c1cccc(C(O)C(F)(F)F)c1,9.5,0.6934478330182526,0.8269237819326012,0.173076923076923
FCc1cccc(C(F)(F)c2cccc(N3CC[NH2+]CC3)c2)c1,10.1,0.9177032995256624,0.7342237859088904,0.65
COC(=O)C(F)c1cccc(C(F)(F)c2cccc(N3CC[NH2+]CC3)c2)c1,9.5,0.8118967808009769,0.6770044214615055,0.52
FCC(F)c1cccc(-c2ccc(-c3cccc(OC(F)(F)F)c3)cc2)c1,10.8,0.4389324923413019,0.8038625186274976,0.1636363636363636
CC(F)(c1ccccc1)C(F)(C(=O)[O-])c1cccc(N2CC[NH2+]CC2)c1,9.8,0.8608364483054569,0.6250831853175681,0.5652173913043478
Fc1cccc(C(F)(F)C(F)F)c1,6.7,0.6369646550384022,0.8396601886616638,0.2682926829268293
Cc1cccc(C(F)(c2cccc(N3CC[NH2+]CC3)c2)N2CCCC[C@H]2C)c1,6.5,0.819171510529412,0.6496352079865936,0.52
O=C(Nc1cccc(N2CC[NH2+]CC2)c1)N1CC[NH2+]CC1,8.5,0.6194463645131241,0.6571902180771535,0.4545454545454545
Fc1cccc(C(F)(F)c2cccc(N3CC[NH2+]CC3)c2)c1,10.2,0.9225629073019748,0.7483328137924361,0.7027027027027027
FC(F)c1cccc(C(F)(c2ccccc2)c2cccc(C(F)(F)C(F)F)c2)c1,10.7,0.2956743714284877,0.7505746461390803,0.2291666666666666
NC(=O)c1cccc(NC(F)(F)CO)c1,6.9,0.650902299329874,0.8335927303893084,0.173076923076923
OC(c1cccc(C(F)c2cccc(N3CC[NH2+]CC3)c2)c1)C(F)(F)F,9.8,0.8139784616487936,0.6416245973302132,0.5111111111111111
CC(F)(F)c1cccc(C(C(=O)Nc2cccc(N3CC[NH2+]CC3)c2)C(F)(F)c2cccnc2)c1,11.1,0.4938476950640748,0.6751646852211795,0.390625
C1CN(N2CC[NH2+]CC2)CC[NH2+]1,4.9,0.4339983984663627,0.4585979666205537,0.25
Fc1cccc(F)c1,5.3,0.4832965029562796,0.967241654052033,0.2058823529411764
O=C(c1cccc(-n2cncc2F)c1)N1CC[NH2+]CC1,8.8,0.8405395526714853,0.7186739596632561,0.3148148148148148
CC(F)(F)c1cccc(N2CC[NH2+]CC2)c1,7.7,0.8039827750796825,0.7199205967561682,0.7647058823529411
FC(F)(F)COC(c1cccc(N2CC[NH2+]CC2)c1)c1cccc(N2CC[NH2+]CC2)c1,10.2,0.7138403878000851,0.6622178790869131,0.5581395348837209
CCCCCC(F)(F)c1cccc(N2CC[NH2+]CC2)c1,8.2,0.7958291278377364,0.7374011689331151,0.6190476190476191
CC(F)(F)N1CC[NH2+]CC1,4.6,0.4997161346976699,0.5439638025631195,0.3055555555555556
Fc1cccc(C(F)c2cccc(N3CC[NH2+]CC3)c2)c1,9.8,0.918622099023286,0.6929091318142411,0.5121951219512195
O=C(c1cccc(C(F)F)c1)c1cccc(C(F)(F)F)c1,9.4,0.5833371587643358,0.8820255626420397,0.3043478260869565
FCc1cccc(C(F)(F)c2cccc(N3CC[NH2+]CC3)c2)c1,10.1,0.9177032995256624,0.7342237859088904,0.65
NC(=O)c1cccc(NC(=O)N2CC[NH2+]CC2)c1,7.7,0.6397637108059386,0.7675222679013508,0.2745098039215686
Fc1cccc(C(F)(F)C(F)F)c1,6.7,0.6369646550384022,0.8396601886616638,0.2682926829268293
FC(F)(F)F,3.4,0.3931671530217094,0.879023273436574,0.1
Oc1cccc(C(F)(F)c2cccc(N3CC[NH2+]CC3)c2)c1,9.3,0.9093133091618724,0.7400529603125825,0.6842105263157895
Fc1cccc(C(F)(F)c2cccc(N3CC[NH2+]CC3)c2)c1,9.6,0.9225629073019748,0.7483328137924361,0.7027027027027027
FC(F)(c1ccccc1)c1cccc(N2CC[NH2+]CC2)c1,9.9,0.9181379656418376,0.7603800769226972,0.7428571428571429
NC(=O)c1ccc(-c2cccc(N3CC[NH2+]CC3)c2)cc1,9.2,0.875896237225391,0.7940055498104651,0.4444444444444444
FC(F)(F)N1CC[NH2+]CC1,4.7,0.4622741771455231,0.5689410105403278,0.3235294117647059
CN1CC[NH2+]CC1,3.5,0.3932815222648922,0.5499597724374955,0.2352941176470588
c1cc(N2CC[NH2+]CC2)cc(N2CC[NH2+]CC2)c1,7.5,0.6653968975497009,0.6270159498185622,0.6666666666666666
Fc1cccc(Cc2cccc(N3CC[NH2+]CC3)c2)c1,9.1,0.9021428782420616,0.7846011277610846,0.5121951219512195
NC(F)(c1cccc(N2CC[NH2+]CC2)c1)C(F)c1cccc(OC(F)(F)F)c1,9.9,0.5975117020624275,0.6384943138380073,0.52
CC(F)(F)N1CC[NH2+]CC1,4.5,0.4997161346976699,0.5439638025631195,0.3055555555555556
CF,1.6,0.3673293108901918,0.703430914988529,0.032258064516129
FC(F)(F)C(F)(Oc1cccc(Cc2cccc(N3CC[NH2+]CC3)c2)c1)c1ccccc1,7.5,0.5693347921737557,0.7003855893046178,0.5102040816326531
CC(c1cccc(N2CC[NH2+]CC2)c1)C(F)(F)C1CC1,8.1,0.8968280519122928,0.6500717132670544,0.5111111111111111
c1cc(-c2cccc(N3CC[NH2+]CC3)c2)cc(N2CC[NH2+]CC2)c1,10.3,0.8419178752032559,0.687176696992562,0.6060606060606061
NC(=O)C(F)(F)c1cccc(C(F)(F)c2cccc(N3CC[NH2+]CC3)c2)c1,10.6,0.7748789048050464,0.7164837136419293,0.6046511627906976
O=C(Nc1cccc(N2CC[NH2+]CC2)c1)c1cccc(CCC(=O)N2CC[NH2+]CC2)c1,10.2,0.5943557221500103,0.7143975879250833,0.3448275862068966
CCCN1c2cccc(c2)C1(F)F,6.0,0.6369584376955488,0.7095884672216354,0.2127659574468085
Fc1cccc(C(F)(F)F)c1,6.1,0.5169494506538483,0.9336429334559224,0.4117647058823529
O=CC(F)c1cccc(-c2cccc(CC[NH2+]C(F)F)c2)c1,9.1,0.619149449052831,0.6917684999926208,0.1186440677966101
FC(c1cccc(N2CC[NH2+]CC2)c1)c1cccc(C(F)(F)C(F)(c2ccccc2)c2cccc(N3CC[NH2+]CC3)c2)c1,11.9,0.2966376853116904,0.582798214743702,0.5531914893617021
Oc1cccc(-c2cccc(C(F)(F)c3cccc(N4CC[NH2+]CC4)c3)c2)c1,7.2,0.7252339645423502,0.7647041949425151,0.6190476190476191
CC1CCC1,3.8,0.4074454937625651,0.9535647951303527,0.027027027027027
CC(F)(F)C(F)F,4.3,0.4587925316372304,0.8121556698733929,0.0833333333333333
FC(F)(F)c1cccc(-c2cccc(N3CC[NH2+]CC3)c2)c1,9.9,0.9041929417050236,0.7842380640976864,0.8235294117647058
Fc1cccc(F)c1,5.4,0.4832965029562796,0.967241654052033,0.2058823529411764
O=CCC(F)(F)Oc1cccc(C(F)(F)c2cccc(CF)c2)c1,9.3,0.5297645843557013,0.7838606130764781,0.1964285714285714
CC(F)(CO)c1cccc(C(F)(F)c2cccc(N3CC[NH2+]CC3)c2)c1,9.8,0.854232119986686,0.6642736213788215,0.6046511627906976
CC(c1cccc(F)c1)c1cccc(-c2cccc(N)c2)c1,10.1,0.6571668805609333,0.8473809463276477,0.18
CC(F)(c1cccc(F)c1)c1cccc(N2CC[NH2+]CC2)c1,9.7,0.9230628730961998,0.6880332051799065,0.6666666666666666
FC(F)c1cccc(-c2cccc(C(F)(F)F)c2)c1,9.4,0.6497376682840477,0.8934657321133179,0.3414634146341463
c1ccc(N2CC[NH2+]CC2)cc1,6.0,0.6208178337972532,0.7471705957410095,0.53125
FC(F)(F)c1cccc(N2CC[NH2+]CC2)c1,7.5,0.7665856993035065,0.7458867506023221,1.0
Nc1cccc(-c2cccc(C(F)c3cccc(-c4ccccc4)c3)c2)c1,11.8,0.4077857867746095,0.8270069223583438,0.1666666666666666
FC(F)(c1cccc(N2CC[NH2+]CC2)c1)N1CC[NH2+]CC1,7.9,0.7027894905022931,0.5960678448924325,0.7428571428571429
Fc1ccc(C(c2cccc(N3CC[NH2+]CC3)c2)c2cccc(C(F)(F)F)c2)cc1,11.0,0.4944256550282659,0.7299339294485052,0.6511627906976745
Fc1cccc(N2CC[NH2+]CC2)c1,6.6,0.6562156174631478,0.732926442531633,0.6176470588235294
CF,1.6,0.3673293108901918,0.703430914988529,0.032258064516129
FF,1.7,0.3741821364263268,0.6703027098603241,0.0333333333333333
c1cc(C2CC2)cc(N2CC[NH2+]CC2)c1,7.4,0.7583062393568032,0.7389768562634342,0.5263157894736842
Fc1cccc(Cc2cccc(OCCN3CC[NH2+]CC3)c2)c1,8.3,0.8785725286277023,0.7922339669043653,0.2777777777777778
FCC(F)(F)c1cccc(-c2cc(-c3cccc(CCC(F)F)c3)ccn2)c1,7.2,0.4097687586875763,0.8229270422624089,0.1774193548387097
CC(F)(F)c1cccc(C(F)c2cccc(F)c2)c1,9.2,0.6873221370164164,0.7946584546738887,0.2608695652173913
O=C(Nc1cccc(N2CC[NH2+]CC2)c1)C(F)F,8.1,0.815511015161203,0.7381189496509737,0.4666666666666667
FC(F)(F)c1cccc(N2CC[NH2+]CC2)c1,5.1,0.7665856993035065,0.7458867506023221,1.0
FC(F)c1cccc(C(F)(F)c2cccc(N3CC[NH2+]CC3)c2)c1,9.8,0.8485753410726865,0.7331844647150356,0.65
CC(c1cccc(C2CC2)c1)c1cccc(N2CC[NH2+]CC2)c1,9.7,0.9198919020632994,0.7152538439812512,0.425531914893617
FN1CC[NH2+]CC1,4.0,0.3814945930820924,0.4502428493605723,0.2727272727272727
CC(F)(c1ccccc1)c1cccc(N2CC[NH2+]CC2)c1,9.4,0.9171027452450512,0.6986183373627909,0.7027027027027027
FC(CC(F)(F)c1cccc(Cc2cccc(N3CC[NH2+]CC3)c2)c1)c1ccccc1,10.5,0.5735098251149754,0.7022782216343347,0.4901960784313725
Cc1cc(C(F)(F)c2cccc(C(F)(F)c3cccc(N4CC[NH2+]CC4)c3)c2)n(C(F)(F)c2cccc(N3CC[NH2+]CC3)c2)n1,12.8,0.2913638021013191,0.62698881729265,0.5306122448979592
CC(C(=O)Nc1cccc(OCC(=O)[O-])c1)C(F)(F)C(F)(F)c1cccc(F)c1,6.3,0.6716108670896439,0.7410771264152145,0.1594202898550724
C[NH+](C)CC(=O)Nc1cccc(N2CC[NH2+]CC2)c1,7.5,0.5981332064395322,0.6559478381838857,0.4081632653061224
FC(F)c1cccc(C(F)(c2cccc(N3CC[NH2+]CC3)c2)C2CCCO2)c1,10.8,0.8465717696499873,0.6319100417947607,0.5
Fc1cccc(-c2cccc(C(F)(c3ccccc3)c3cccc(N4CC[NH2+]CC4)c3)c2)c1,11.9,0.425432960164187,0.7252965784935818,0.5909090909090909
FC(F)c1cccc(C(F)(F)F)c1,6.8,0.6011989816667523,0.888290957892433,0.3783783783783784
Fc1cccc(F)c1,5.4,0.4832965029562796,0.967241654052033,0.2058823529411764
FC(F)(c1cccc(C2CC2)c1)c1cccc(N2CC[NH2+]CC2)c1,10.5,0.913672952025956,0.7483962064685933,0.6341463414634146
CC(c1cccc(F)c1)c1cccc(-c2cccc(Cc3cccc(N4CC[NH2+]CC4)c3)c2)c1,12.6,0.4034045763177901,0.7370952809961463,0.3962264150943396
FCc1cccc(Nc2cccc(N3CC[NH2+]CC3)c2)c1,9.0,0.9034985707251328,0.7663187540573024,0.4772727272727273
C[C@H](N1CC[NH2+]CC1)C(F)(F)F,5.2,0.5973201294636826,0.5529819532456961,0.282051282051282
FC(F)(F)c1cccc(N2CC[NH2+]CC2)c1,7.6,0.7665856993035065,0.7458867506023221,1.0
O=C(c1ccccc1)c1cccc(C(F)C(c2cccc(F)c2)c2cccc(N3CC[NH2+]CC3)c2)c1,7.9,0.3631979260698364,0.6853727777095996,0.375
c1ccc(Cc2[nH]nnc2-c2cccc(N3CC[NH2+]CC3)c2)cc1,9.4,0.7646920532929463,0.7369027653686303,0.3773584905660377
Fc1cccc(C(F)(F)c2cccc(C(F)F)c2)c1,9.4,0.6967536646436425,0.8496186906931995,0.2444444444444444
FC(F)(F)c1cccc(N2CC[NH2+]CC2)c1,7.6,0.7665856993035065,0.7458867506023221,1.0
CC(F)(F)c1cccc(N2CC[NH2+]CC2)c1,7.4,0.8039827750796825,0.7199205967561682,0.7647058823529411
Cc1cc(C)n(C(N)(F)F)n1,5.5,0.6233682781999508,0.7779499626336411,0.1555555555555555
Fc1cccc(C(F)(c2ccccc2)C(F)(F)c2cccc(C(F)(F)c3cccc(-n4ncc5ccccc54)c3)c2)c1,12.9,0.1744173739298374,0.7351818334862564,0.2459016393442623
COC(=O)C(F)c1cccc(C(F)(F)c2cccc(N3CC[NH2+]CC3)c2)c1,6.6,0.8118967808009769,0.6770044214615055,0.52
CF,1.7,0.3673293108901918,0.703430914988529,0.032258064516129
O=C(CCCC(F)(F)F)Nc1cccc(C(=O)c2cccc(CF)c2)c1,9.6,0.5493083075266696,0.8658965097177129,0.1451612903225806
Fc1cccc(N2CCC(c3cccc(C(F)c4cccc(N5CC[NH2+]CC5)c4)c3)CC2)c1,11.6,0.614068048280807,0.706111804504684,0.4117647058823529
Cc1cccc(C(F)(c2ccccc2)c2cccc(N3CC[NH2+]CC3)c2)c1,11.2,0.7035230621425459,0.7183496682200768,0.6341463414634146
c1ccc(N2CC[NH2+]CC2)cc1,6.0,0.6208178337972532,0.7471705957410095,0.53125
FF,1.9,0.3741821364263268,0.6703027098603241,0.0333333333333333
C[C@@H](Nc1cccc(N2CC[NH2+]CC2)c1)C(=O)C(F)(F)N1CC[NH2+]CC1,8.5,0.5578102316419996,0.5693275672108496,0.4509803921568627
FCc1cccc(F)c1,5.2,0.5439523166351983,0.9105467000518612,0.1707317073170731
CC(C(N)=O)(c1cccc(N2CC[NH2+]CC2)c1)c1cccc(C(F)(F)F)c1,10.4,0.8534555933797267,0.6915463809756756,0.6904761904761905
CC(F)(c1cccc(O)c1)c1cccc(F)c1,8.0,0.8382631194680967,0.8018992075220388,0.2444444444444444
O=S1(=O)CCOc2cccc(c2)C(F)(F)c2cccc1c2,9.8,0.7511233575379808,0.5754557646137225,0.1428571428571428
CN(C)C(F)(c1cccc(N2CC[NH2+]CC2)c1)c1cccc(N2CC[NH2+]CC2)c1,6.2,0.7056137331091953,0.6454224568273119,0.7027027027027027
O=C(Cc1cccc(C(F)(F)F)c1)C(F)F,7.2,0.7393417676828489,0.8665922939478653,0.3111111111111111
O=C(CC(F)(F)OCCN1CC[NH2+]CC1)Nc1cccc(N2CC[NH2+]CC2)c1,8.6,0.5180447025538244,0.6453351541068076,0.4181818181818181
c1ccc(-c2cccc(N3CC[NH2+]CC3)c2)cc1,9.1,0.8459072859941508,0.7997196535222658,0.5555555555555556
FC(c1ccccc1)c1cccc(N2CC[NH2+]CC2)c1,8.9,0.9062976206266158,0.7080053787541096,0.525
FC(F)(F)Cc1cccc(C(c2ccccc2)(c2cccc(N3CC[NH2+]CC3)c2)C(F)(F)c2cccc(N3CC[NH2+]CC3)c2)c1,11.2,0.2214318617581104,0.6187479096820776,0.5531914893617021
CF,1.6,0.3673293108901918,0.703430914988529,0.032258064516129
CC(c1cccc(-c2cccc(C(=O)[O-])c2)c1)c1cccc(N2CC[NH2+]CC2)c1,11.3,0.7317166749446777,0.699555204747139,0.3773584905660377
CC(c1cccc(-c2cccc(N3CC[NH2+]CC3)c2)c1)c1cccc(N2CC[NH2+]CC2)c1,11.6,0.654553457534794,0.6531873284350527,0.4651162790697674
FC(F)(F)c1cccc(N2CC[NH2+]CC2)c1,7.6,0.7665856993035065,0.7458867506023221,1.0
FN1CC[NH2+]CC1,4.0,0.3814945930820924,0.4502428493605723,0.2727272727272727
CC(F)c1cccc(OC(F)(F)F)c1,6.8,0.674253643610222,0.8179784387086786,0.1914893617021276
FN1CC[NH2+]CC1,4.0,0.3814945930820924,0.4502428493605723,0.2727272727272727
Fc1cccc(C(F)(c2ccccc2)c2cccc(N3CC[NH2+]CC3)c2)c1,11.1,0.702068875996341,0.7164637870126767,0.65
C#CC(F)(c1cccc(-c2cccc(CF)c2)c1)c1cccc(C(F)F)c1,7.4,0.3512048192381615,0.7511556360364043,0.1929824561403508
CCF,2.3,0.3823971549961085,0.8068799871602155,0.0294117647058823
FC(F)N1CC[NH2+]CC1,4.2,0.4636281505631744,0.5322574692826305,0.25
FC(F)F,2.9,0.401096477329913,0.8070008580847543,0.03125
FC(F)(F)c1cccc(N2CC[NH2+]CC2)c1,7.6,0.7665856993035065,0.7458867506023221,1.0
FCc1cccc(C(F)(F)c2cccc(N3CC[NH2+]CC3)c2)c1,10.1,0.9177032995256624,0.7342237859088904,0.65
CC(F)(F)C(F)(F)c1cccc(N2CC[NH2+]CC2)c1,8.0,0.835427267172915,0.711010406669531,0.7222222222222222
FC(F)(F)c1cccc(N2CC[NH2+]CC2)c1,7.6,0.7665856993035065,0.7458867506023221,1.0
FC(F)c1cccc(C(F)(c2cccc(N3CC[NH2+]CC3)c2)C2CCC2)c1,10.5,0.8367493771609389,0.6743242910655858,0.5531914893617021
c1cc(N2CC[NH2+]CC2)cc(N2CC[NH2+]CC2)c1,7.9,0.6653968975497009,0.6270159498185622,0.6666666666666666
FC(F)c1cccc(OCCN2CC[NH2+]CC2)c1,7.5,0.8482505176741427,0.742753512825356,0.2941176470588235
O[C@@H]1Cc2cccc(c2)C1(F)c1ccccc1,8.7,0.7953714450392987,0.6468568801747918,0.16
FC(F)F,2.8,0.401096477329913,0.8070008580847543,0.03125
FC(c1cccc(-c2ccccc2)c1)(c1cccc(N2CC[NH2+]CC2)c1)C1CCOc2ccccc21,12.2,0.4086379075488438,0.6714273763197123,0.4727272727272727
Fc1cccc(C(F)c2cccc(N3CC[NH2+]CC3)c2)c1,9.8,0.918622099023286,0.6929091318142411,0.5121951219512195
FN1CC[NH2+]CC1,4.0,0.3814945930820924,0.4502428493605723,0.2727272727272727
NC(=O)c1ccc(-c2cccc(N3CC[NH2+]CC3)c2)cc1,9.2,0.875896237225391,0.7940055498104651,0.4444444444444444
O=C(F)c1ccc(-c2cccc(N3CC[NH2+]CC3)c2)cc1,9.2,0.873854320289914,0.7633167730134917,0.4883720930232558
FC(F)(F)c1cccc(N2CC[NH2+]CC2)c1,7.5,0.7665856993035065,0.7458867506023221,1.0
Fc1cccc(C(F)(F)N2CC[NH2+]CC2)c1,7.3,0.7446530844664703,0.6754053830809545,0.475
c1cc(C2CCC2)cc(N2CC[NH2+]CC2)c1,7.9,0.7921815959113764,0.746335930453204,0.5
FC(F)c1cccc(-c2cccc(N3CC[NH2+]CC3)c2)c1,9.5,0.9206517011059152,0.7655455245897841,0.5121951219512195
Sc1nnc2n1C(c1cccc(C3CC3)c1)c1cccc-2c1,9.0,0.5661046884109884,0.7053685799116801,0.1428571428571428
FC(F)C(F)(F)c1cccc(N2CC[NH2+]CC2)c1,5.8,0.817733111293226,0.6970836193342317,0.7222222222222222
O=C(F)Cc1cccc(Nc2cccc(N3CC[NH2+]CC3)c2)c1,6.4,0.8282804704510729,0.7542081716723804,0.4285714285714285
O=C(F)c1ccc(-c2cccc(N3CC[NH2+]CC3)c2)cc1,9.0,0.873854320289914,0.7633167730134917,0.4883720930232558
O=C(NCc1cccc(-c2cccc(F)c2)c1)N1CC[NH2+]CC1,10.5,0.8878041248480937,0.7926423852200268,0.2727272727272727
O=C(Nc1cccc(N2CC[NH2+]CC2)c1)N1CC[NH2+]CC1,8.6,0.6194463645131241,0.6571902180771535,0.4545454545454545
CC(=O)Nc1cccc(N2CC[NH2+]CC2)c1,7.7,0.7384484975405782,0.7617846175662759,0.4651162790697674
Fc1cccc(N2CC[NH2+]CC2)c1,6.6,0.6562156174631478,0.732926442531633,0.6176470588235294
NC(=O)Cc1cccc(C(F)(F)C(F)F)c1,7.9,0.7974300237227239,0.8351457738013452,0.22
O=C(F)C(F)F,3.9,0.4419996229542614,0.7760767503876652,0.0263157894736842
CC(C(O)c1cccc(C2CC2)c1)C(F)(F)F,7.0,0.8570893785648889,0.7634563406078533,0.1923076923076923
FOc1cccc(C(F)(F)F)c1,6.6,0.6033884442742854,0.8570327218093856,0.3783783783783784
O=C(CO)Oc1cccc(C(F)(F)C(F)(c2cccc(C(F)F)c2)c2cccc(N3CC[NH2+]CC3)c2)c1,10.8,0.2681644872138724,0.6619802579710057,0.4406779661016949
FC(F)(F)c1cccc(C(F)(F)c2cccc(N3CC[NH2+]CC3)c2)c1,10.0,0.8364647797034888,0.7495758455530227,0.8787878787878788
FC(F)C(F)(c1cccc(N2CC[NH2+]CC2)c1)C(F)(F)c1cccc(OCc2ccco2)c1,9.6,0.4976630597437434,0.676903008716134,0.4482758620689655
CN1CC[NH2+]CC1,3.5,0.3932815222648922,0.5499597724374955,0.2352941176470588
NC(F)(F)c1cccc(N2CC[NH2+]CC2)c1,7.5,0.7040656411425023,0.6885349557305271,0.7647058823529411
Fc1cccc(F)c1,5.4,0.4832965029562796,0.967241654052033,0.2058823529411764
Cc1cccc(-c2cccc(C(F)(F)F)c2)c1,9.1,0.6739123596959301,0.9344953116012766,0.358974358974359
CC(F)c1cccc(Nc2cccc(F)c2)c1,8.0,0.8164671738229697,0.8462436496933429,0.14
FC(Nc1cccc(N2CC[NH2+]CC2)c1)c1cccc(N2CC[NH2+]CC2)c1,10.0,0.6725339903209784,0.6061693809756757,0.4772727272727273
O=C(Nc1ccccc1)C(F)(c1cccc(O)c1)c1cccc(N2CC[NH2+]CC2)c1,11.1,0.6102141610905707,0.7130377930801957,0.52
FN1CC[NH2+]CC1,4.0,0.3814945930820924,0.4502428493605723,0.2727272727272727
CF,1.6,0.3673293108901918,0.703430914988529,0.032258064516129
FF,1.7,0.3741821364263268,0.6703027098603241,0.0333333333333333
FC(F)(c1ccccc1)c1cccc(N2CC[NH2+]CC2)c1,9.7,0.9181379656418376,0.7603800769226972,0.7428571428571429
C[C@H](N1CC[NH2+]CC1)C(F)(F)F,5.3,0.5973201294636826,0.5529819532456961,0.282051282051282
Fc1cccc(C(F)(F)c2cccc(N3CC[NH2+]CC3)c2)c1,10.3,0.9225629073019748,0.7483328137924361,0.7027027027027027
Cc1cccc(C(F)(c2cccc(N3CC[NH2+]CC3)c2)N2CC[NH2+]CC2)c1,9.6,0.7665115525650427,0.5943613527380907,0.6341463414634146
Fc1cccc(F)c1,5.4,0.4832965029562796,0.967241654052033,0.2058823529411764
FC(F)(c1cccc(Oc2ccccc2)c1)c1cccc(N2CC[NH2+]CC2)c1,10.4,0.7237889385754417,0.7773150466322287,0.6190476190476191
FC(F)(F)Oc1cccc(N2CC[NH2+]CC2)c1,7.6,0.8433593683810823,0.7416110849236988,0.6216216216216216
Fc1cccc(N2CC[NH2+]CC2)c1,6.5,0.6562156174631478,0.732926442531633,0.6176470588235294
CC(F)(F)c1cccc(N2CC[NH2+]CC2)c1,7.6,0.8039827750796825,0.7199205967561682,0.7647058823529411
CCC(O)(OC(=O)Nc1cccc(N2CC[NH2+]CC2)c1)C(C)(c1ccccc1)c1cccc(N2CC[NH2+]CC2)c1,5.4,0.3252880218486597,0.592486769505984,0.4067796610169492
FC(F)c1cccc(OC(F)(F)F)c1,6.7,0.6811712952997869,0.8750100804532414,0.2
O=C(CF)Nc1cccc(C(F)(F)c2cccc(N3CC[NH2+]CC3)c2)c1,10.1,0.8539396507770272,0.7425980862942896,0.5416666666666666
CF,1.6,0.3673293108901918,0.703430914988529,0.032258064516129
CC(F)C(C)(c1cccc(F)c1)c1cccc(N2CC[NH2+]CC2)c1,9.5,0.9131474698905576,0.654305176658617,0.5681818181818182
Fc1cccc(-c2cccc(C(F)(F)F)c2)c1,9.0,0.6430662704590824,0.9304953116012766,0.3684210526315789
O=C(Nc1cccc(N2CC[NH2+]CC2)c1)C(C(F)F)N1CC[NH2+]CC1,8.5,0.6036248535057953,0.5871181111773675,0.4285714285714285
Fc1cccc(C(F)(c2cccc(C(F)(c3ccccc3)c3cccc(N4CC[NH2+]CC4)c3)c2)C2CC2)c1,7.8,0.2964695486948183,0.6517922830619199,0.5306122448979592
FF,1.9,0.3741821364263268,0.6703027098603241,0.0333333333333333
CC(F)(c1cccc(C(F)C(=O)Nc2cccc(N3CC[NH2+]CC3)c2)c1)c1cccc(N2CC[NH2+]CC2)c1,7.3,0.4472693741704661,0.5915164788661158,0.4814814814814814
CC(F)F,2.9,0.3991545211934837,0.8289720119309083,0.0294117647058823
Fc1cccc(C(F)(F)c2cccc(OCCN3CC[NH2+]CC3)c2)c1,9.9,0.8647634277216566,0.755804990852168,0.3653846153846153
O=C(Cc1cccc(OF)c1)OC(F)(F)F,7.2,0.5992462448915309,0.8262999010694261,0.173076923076923
Oc1cccc(-c2cccc(F)c2)c1,8.2,0.7281486993314413,0.9406472426154032,0.1627906976744186
FC(F)(F)c1cccc(N2CC[NH2+]CC2)c1,7.6,0.7665856993035065,0.7458867506023221,1.0
CCOc1cccc(C(F)F)c1,6.0,0.6804811528910323,0.9095806967511102,0.1458333333333333
Fc1cccc(C(F)(C(F)(F)F)C(F)(F)c2cccc(N3CC[NH2+]CC3)c2)c1,9.5,0.7662167659818084,0.6797588493509152,0.6190476190476191
Fc1cccc(C(F)(F)c2cccc(N3CC[NH2+]CC3)c2)c1,10.3,0.9225629073019748,0.7483328137924361,0.7027027027027027
COC(C)(F)c1cccc(C(F)(C(=O)[O-])c2cccc(Cc3cccc(-c4cccc(N)c4)c3)c2)c1,11.2,0.3440946638974311,0.7008261719721028,0.1846153846153846
FCc1cccc(C(F)(F)c2cccc(C(F)(F)c3cccc(C(F)c4cccc(N5CC[NH2+]CC5)c4)c3)c2)c1,12.1,0.2351770069593556,0.655726394543821,0.5
O=C(NC(F)(F)c1cccc(O)c1)[C@H](c1ccccc1)N1CC[NH2+]CC1,9.7,0.699893275436939,0.6816138457971282,0.3392857142857143
O=C(c1ccccc1)C(F)c1cccc(C(F)(F)CO)c1,9.0,0.8544002086208582,0.7927445320838414,0.2037037037037037
FCF,2.2,0.3834948242297383,0.7623953717756,0.03125
FC(F)F,2.8,0.401096477329913,0.8070008580847543,0.03125
FCc1cccc(C2CCN(c3cccc(Nc4cccc(C(F)(F)c5cccc(N6CC[NH2+]CC6)c5)c4)c3)CC2)c1,12.7,0.2440443881455007,0.7396750348204275,0.4561403508771929
c1cc2cc(c1)-c1ccc(cc1)N2,7.0,0.5406559915058086,0.7504571342760552,0.1395348837209302
O=CC(C1=CC=CCC=C1)c1cccc(C(F)(F)c2cccc(N3CC[NH2+]CC3)c2)c1,8.2,0.7178219248587991,0.6232016404377535,0.4561403508771929
NC(=O)c1cccc(-c2cccc(N3CC[NH2+]CC3)c2)c1,9.6,0.8758962372253911,0.7877530907940717,0.4545454545454545
O=C(Nc1cccc(N2CC[NH2+]CC2)c1)OC(F)(F)C(F)C(=O)Nc1cccc(N2CC[NH2+]CC2)c1,7.2,0.4377804377789693,0.6190990306586688,0.4339622641509434
c1ccc(N2CC[NH2+]CC2)cc1,6.0,0.6208178337972532,0.7471705957410095,0.53125
C[NH+](CCCO)C(F)(F)c1cccc(N2CC[NH2+]CC2)c1,7.7,0.5913480926281296,0.5802023884881033,0.5777777777777777
Cc1cccc(C(F)c2cccc(C(F)(F)c3cccc(N4CC[NH2+]CC4)c3)c2)c1,11.8,0.6516751228754648,0.6896892067293638,0.5652173913043478
Fc1cccc(N2CC[NH2+]CC2)c1,6.6,0.6562156174631478,0.732926442531633,0.6176470588235294
CC(F)C(F)(c1cccc(O)c1)c1cccc(N2CC[NH2+]CC2)c1,9.2,0.901615066607416,0.6388216924957211,0.5909090909090909
Fc1cccc(Cc2cccc(N3CC[NH2+]CC3)c2)c1,6.9,0.9021428782420616,0.7846011277610846,0.5121951219512195
c1cc(N2CC[NH2+]CC2)cc(N2CC[NH2+]CC2)c1,7.5,0.6653968975497009,0.6270159498185622,0.6666666666666666
NC(=O)C1CC1,4.2,0.4736725800015747,0.9120405373699138,0.024390243902439
Fc1cc(F)cc(N2CCC(c3cccc(C(F)c4cccc(N5CC[NH2+]CC5)c4)c3)CC2)c1,11.6,0.5844305681887781,0.6941984185252839,0.4038461538461538
FC(F)F,2.8,0.401096477329913,0.8070008580847543,0.03125
FC(F)c1cccc(C(F)F)c1,6.3,0.6070994679717526,0.8527803179632316,0.1891891891891892
CC(=O)Nc1cccc(C(F)c2cccc(NC(=O)C(=O)N3CC[NH2+]CC3)c2)c1,10.2,0.6709228310821779,0.7023328872272604,0.2586206896551724
FN1CC[NH2+]CC1,4.0,0.3814945930820924,0.4502428493605723,0.2727272727272727
FC(F)(c1ccccc1)c1cccc(C(c2ccccc2)c2ccccc2)c1,11.2,0.3315804773915414,0.8889939886539682,0.2558139534883721
CCF,2.3,0.3823971549961085,0.8068799871602155,0.0294117647058823
Fc1cccc(N2CC[NH2+]CC2)c1,6.6,0.6562156174631478,0.732926442531633,0.6176470588235294
CC(C(=O)CNc1cccc(N2CC[NH2+]CC2)c1)c1cccc(N2CC[NH2+]CC2)c1,9.6,0.6128383812299876,0.627243491978998,0.3773584905660377
Oc1cccc(C(F)(c2ccccc2)C(F)(F)c2cccc(C(F)(F)c3cccc(N4CC[NH2+]CC4)c3)c2)c1,11.9,0.2864324577368878,0.6740272711086184,0.5416666666666666
CC(c1cccc(CF)c1)(c1cccc(N2CC[NH2+]CC2)c1)C(F)F,9.7,0.8792518614759139,0.6677322709221609,0.5434782608695652
CC(=O)c1ccc(-c2cccc(N3CC[NH2+]CC3)c2)cc1,8.9,0.8730286653923834,0.7968337969731384,0.4444444444444444
Fc1cccc(C(F)(F)c2ccccc2)c1,8.6,0.7208712750890657,0.8981397420553134,0.275
CC(F)(F)C(F)(F)c1cccc(N2CC[NH2+]CC2)c1,8.3,0.835427267172915,0.711010406669531,0.7222222222222222
O=C(Nc1ccccc1)C(F)(c1cccc(C(F)F)c1)c1cccc(C(F)c2cccc(N3CC[NH2+]CC3)c2)c1,11.6,0.2688421632815541,0.6476897518609603,0.4385964912280701
Cc1cccc(N2CC[NH2+]CC2)c1,6.5,0.6571059973541054,0.7387774546773819,0.5714285714285714
C1CC(N2CC[NH2+]CC2)C1,4.7,0.5176159263062633,0.6520478186747218,0.2051282051282051
FCc1cccc(F)c1,5.2,0.5439523166351983,0.9105467000518612,0.1707317073170731
CCCCc1cccc(Oc2cccc(C)c2)c1,6.1,0.7036047828681925,0.9361138678549418,0.1132075471698113
Fc1cccc(N2CC[NH2+]CC2)c1,6.6,0.6562156174631478,0.732926442531633,0.6176470588235294
CC(F)(F)c1cccc(-c2cccc(N)c2)c1,8.7,0.7779459948606567,0.8931015309138789,0.2790697674418604
c1cc(-c2cccc(N3CC[NH2+]CC3)c2)cc(N2CC[NH2+]CC2)c1,10.4,0.8419178752032559,0.687176696992562,0.6060606060606061
Cc1cccc(C(F)(F)c2cccc(N3CC[NH2+]CC3)c2)c1,10.1,0.92343547444305,0.7506976489572712,0.6842105263157895
NC(=O)c1ccc(C(F)(F)F)cc1,6.9,0.7186900648556414,0.9332357542725236,0.2195121951219512
FF,1.9,0.3741821364263268,0.6703027098603241,0.0333333333333333
Fc1cccc(C(F)F)c1,5.8,0.5710062016188105,0.903228190027507,0.2
Fc1cccc(C(F)(F)c2cccc(N3CC[NH2+]CC3)c2)c1,10.3,0.9225629073019748,0.7483328137924361,0.7027027027027027
O=C(F)c1ccc(-c2cccc(N3CC[NH2+]CC3)c2)cc1,6.5,0.873854320289914,0.7633167730134917,0.4883720930232558
FN1CC[NH2+]CC1,3.7,0.3814945930820924,0.4502428493605723,0.2727272727272727
Fc1cccc(C2CCC2)c1,6.7,0.5767004448311213,0.9327538087874871,0.1818181818181818
FC(F)c1cccc(-c2cccc(N3CC[NH2+]CC3)c2)c1,9.7,0.9206517011059152,0.7655455245897841,0.5121951219512195
CC(C(F)(F)F)C(F)(F)F,5.6,0.4850913688915606,0.7943178221345304,0.0833333333333333
FC(F)(F)c1cccc(N2CC[NH2+]CC2)c1,7.5,0.7665856993035065,0.7458867506023221,1.0
Cc1cccc(C(F)(F)F)c1,6.3,0.5468276913734111,0.9387803339864264,0.4
Cc1ccc(-c2cccc(N3CC[NH2+]CC3)c2)cc1,9.1,0.8680400066741396,0.7969957828318301,0.5
CC(c1cccc(N2CC[NH2+]CC2)c1)c1ccc(-c2cccc(F)c2)cc1Cl,11.2,0.6793916618027099,0.7277597891518552,0.3818181818181818
Cc1cc(C(F)F)n(-c2ccc(N3CC[NH2+]CC3)cc2)n1,8.3,0.931109235113246,0.7299744695246306,0.3617021276595745
c1cc(NN2CC[NH2+]CC2)cc(N2CC[NH2+]CC2)c1,7.7,0.6077844407316817,0.6101909630901683,0.5128205128205128
FC(F)C(F)(F)c1cccc(COc2cccc(N3CC[NH2+]CC3)c2)c1,9.7,0.7935141014435957,0.7489976704938737,0.5102040816326531
FC(F)c1cccc(-c2cccc(N3CC[NH2+]CC3)c2)c1,9.7,0.9206517011059152,0.7655455245897841,0.5121951219512195
FC(F)(Cc1cccc(C2CC2)c1)c1cccc(N2CC[NH2+]CC2)c1,9.4,0.8831248451650824,0.7456244352966124,0.5531914893617021
FC(F)(F)N1CC[NH2+]CC1,4.7,0.4622741771455231,0.5689410105403278,0.3235294117647059
FC(c1ccccc1)N1CC[NH2+]CC1,6.8,0.6825049166663036,0.6464013990048098,0.3170731707317073
CC(c1cccc(C2CC2)c1)C(F)(F)C(C=O)c1ccc(-c2cccc(N3CC[NH2+]CC3)c2)c(Br)c1,11.3,0.3420799444313456,0.6289595650399163,0.3333333333333333
FC(F)c1cccc(N2CC[NH2+]CC2)c1,7.2,0.7768174764563611,0.7136987053445857,0.5675675675675675
CC(F)C(=O)c1ccccc1,6.1,0.5936939166820616,0.8614527838135414,0.1111111111111111
CC(=O)Nc1cccc(-c2ccc(C(=O)F)cc2)c1,9.0,0.8561858948373476,0.902774468297308,0.1509433962264151
Fc1ccc(C(F)(F)c2cccc(-c3cccc(N4CCC(c5ccccc5)CC4)c3)c2)cc1,9.5,0.2932906053609824,0.8559424271822134,0.3518518518518518
FC(F)c1cccc(N2CC[NH2+]CC2)c1,7.3,0.7768174764563611,0.7136987053445857,0.5675675675675675
Fc1cccc(OCCN2CCC(c3cccc(C(F)c4cccc(N5CC[NH2+]CC5)c4)c3)CC2)c1,5.9,0.5017373131279161,0.7054043598962018,0.3230769230769231
FC(c1cccc(N2CC[NH2+]CC2)c1)c1cccc(N2CC[NH2+]CC2)c1,10.6,0.8381832169977492,0.652344952941156,0.5675675675675675
O=C(CCc1cccc(C(F)F)c1)Nc1cccc(N2CC[NH2+]CC2)c1,6.8,0.8319104189231299,0.7791202789484822,0.3684210526315789
CC(F)(c1cccc(F)c1)C(F)c1cccc(C(F)(F)c2cccc(N3CC[NH2+]CC3)c2)c1,11.8,0.4976948608977429,0.6397275430303242,0.52
Fc1cccc(N2CC[NH2+]CC2)c1,6.6,0.6562156174631478,0.732926442531633,0.6176470588235294
Fc1cccc(C(F)N2CC[NH2+]CC2)c1,6.8,0.7158435860352468,0.633836487764796,0.3488372093023256
CC(c1ccccc1)(c1cccc(-c2cccc(C(F)(F)F)c2)c1)c1cccc(C(F)F)c1,12.3,0.2099117398133219,0.7982737582365748,0.2857142857142857
FOc1cccc(C(F)C(F)c2cccc(OC(F)(F)F)c2)c1,9.1,0.6646977129855272,0.718682542814046,0.1836734693877551
CC(F)(F)c1cccc(N2CC[NH2+]CC2)c1,7.6,0.8039827750796825,0.7199205967561682,0.7647058823529411
FC(F)(F)c1cccc(-c2cccc(C3CC3)c2)c1,9.6,0.693017051113331,0.9122679370926636,0.3571428571428571
FC(F)(c1cccc(N2CC[NH2+]CC2)c1)N1CC[NH2+]CC1,8.5,0.7027894905022931,0.5960678448924325,0.7428571428571429
O=C1NC1(F)c1cccc(C(F)(F)c2ccccc2)c1,10.0,0.6793065325880021,0.7736575774029186,0.2244897959183673
c1ccc(Nc2cccc(N3CC[NH2+]CC3)c2)cc1,8.4,0.8752889179402054,0.7961931223344327,0.5128205128205128
CC(CC(=O)Nc1cccc(N2CC[NH2+]CC2)c1)C(F)(F)N1CC[NH2+]CC1,9.1,0.580815528534899,0.5871688465101411,0.4259259259259259
CC(F)(c1cccc(C(C(N)=O)c2cccc(N3CC[NH2+]CC3)c2)c1)c1cccc(N2CC[NH2+]CC2)c1,11.7,0.4547364551912655,0.5855635844271851,0.5306122448979592
O=C(Nc1cccc(N2CC[NH2+]CC2)c1)C(F)c1cccc(-c2ccccc2)c1,11.0,0.701688594677575,0.7402365579037862,0.3818181818181818
FC(F)(F)F,3.4,0.3931671530217094,0.879023273436574,0.1
c1ccc(N2CC[NH2+]CC2)cc1,6.0,0.6208178337972532,0.7471705957410095,0.53125
COC(=O)C(F)c1cccc(C(F)(F)c2cccc(C(F)(c3cccc(N4CC[NH2+]CC4)c3)C3CC3)c2)c1,11.8,0.3308168765088343,0.6237847698274908,0.4406779661016949
FOc1cccc(N2CC[NH2+]CC2)c1,6.9,0.7401115100852823,0.6855726178499251,0.5833333333333334
O=C(CCc1ccccc1)Nc1cccc(-c2ccc(C(=O)F)cc2)c1,10.4,0.6354388618849479,0.9027842789484825,0.1311475409836065
O=C(NC(F)F)c1cccc(-c2cccc(N3CC[NH2+]CC3)c2)c1,10.5,0.8373657208434749,0.7600046791553268,0.4285714285714285
Fc1cccc(C(F)(F)C2(F)CCCc3cccc(c3)-c3cccc2c3)c1,11.4,0.4359571519101193,0.5948601552014501,0.2068965517241379
FCc1cccc(C(F)(F)c2cccc(F)c2)c1,8.9,0.7103936503660342,0.853795311641924,0.2444444444444444
Nn1cc(-c2cccc(C(F)c3cccc(N4CC[NH2+]CC4)c3)c2)cn1,10.5,0.7028223307328453,0.6549793781310815,0.3962264150943396
NC(=O)c1cccc(OC(F)(F)F)c1,6.9,0.7980446893331963,0.9100009328440936,0.1875
Fc1cccc(C(F)(C(F)(F)F)C(F)(F)c2cccc(N3CC[NH2+]CC3)c2)c1,7.1,0.7662167659818084,0.6797588493509152,0.6190476190476191
Oc1cccc(C(F)C(F)(F)F)c1,6.6,0.6811157227602176,0.7871542164780647,0.2045454545454545
Fc1ccccc1Cc1cccc(C2CC2)c1,8.2,0.7318511545908437,0.920273781156038,0.1538461538461538
O=C(F)c1ccc(-c2cccc(C3CCC3)c2)cc1,9.2,0.7234890507986909,0.8881042484402957,0.1698113207547169
Cc1cccc(C(F)(c2cccc(N3CC[NH2+]CC3)c2)C(F)C(F)(F)F)c1,7.2,0.7991031208195661,0.6424273154799298,0.5909090909090909
FC(F)(F)Nc1cccc(-c2cccc(-c3cccc(N4CC[NH2+]CC4)c3)c2)c1,10.7,0.6412017698991512,0.7693819806368357,0.5476190476190477
FC(F)(c1ccccc1)c1cccc(N2CC[NH2+]CC2)c1,9.9,0.9181379656418376,0.7603800769226972,0.7428571428571429
CC(C)N(Cc1cccc(N2CC[NH2+]CC2)c1)N1CC[NH2+]CC1,8.4,0.7373012318626858,0.6061507663910947,0.425531914893617
CCCCCc1cccc(N2CC[NH2+]CC2)c1,7.6,0.7688593813981889,0.7705096618467758,0.4651162790697674
FOc1ccccc1,5.5,0.5391066965535789,0.8848603527446447,0.131578947368421
CN1CC[NH2+]CC1,3.5,0.3932815222648922,0.5499597724374955,0.2352941176470588
O=C(c1ccccc1)C(F)F,6.1,0.5992557435534939,0.9073989369926154,0.1162790697674418
NC(=O)c1cccc(N2CC[NH2+]CC2)c1,7.0,0.6631064970188726,0.7463495103535301,0.5128205128205128
FN1CC[NH2+]CC1,3.6,0.3814945930820924,0.4502428493605723,0.2727272727272727
O=CNC(=O)c1cccc(C2CCC2)c1,8.3,0.7617532641733908,0.8685150014515796,0.1481481481481481
CC(C)(F)c1cccc(N2CC[NH2+]CC2)c1,7.5,0.8002469043694942,0.7138026480382195,0.7647058823529411
CC(F)(c1cccc(F)c1)c1cccc(N2CC[NH2+]CC2)c1,9.7,0.9230628730961998,0.6880332051799065,0.6666666666666666
CC(c1cccc(C2CC2)c1)c1cccc(C(F)(F)C(F)c2cccc(N3CC[NH2+]CC3)c2)c1,7.9,0.4604381884314122,0.6507979849955102,0.4629629629629629
FCC(F)(F)C(F)c1cccc(C(F)(F)c2cccc(N3CC[NH2+]CC3)c2)c1,6.8,0.7272682676879347,0.6457136791365143,0.5652173913043478
FN1CC[NH2+]CC1,4.0,0.3814945930820924,0.4502428493605723,0.2727272727272727
CC(F)(C(F)F)C(F)(F)c1cccc(C(=O)c2cccc(N3CC[NH2+]CC3)c2)c1,10.4,0.5824433839200828,0.6808244538313881,0.5
CCCC(F)c1cccc(-c2cccc(N3CC[NH2+]CC3)c2)c1,9.7,0.8946894555469188,0.7088246820983581,0.4375
O=Cc1ccc(-c2cccc(N3CC[NH2+]CC3)c2)cc1,8.9,0.8567233004765262,0.7787036049449176,0.4651162790697674
CC(F)(F)C(F)(F)c1cccc(F)c1,6.7,0.6543028831908151,0.8542598494530103,0.2682926829268293
FC(F)(F)c1cccc(N2CC[NH2+]CC2)c1,7.4,0.7665856993035065,0.7458867506023221,1.0
FC(F)c1cccc(N2CC[NH2+]CC2)c1,7.1,0.7768174764563611,0.7136987053445857,0.5675675675675675
CC1(c2ccccc2)c2cccc(c2)C(=O)c2cccc(c2)C(F)(F)c2cccc1c2,13.0,0.3401797734529257,0.5698328098263507,0.1320754716981132
FCF,2.2,0.3834948242297383,0.7623953717756,0.03125
c1ccc(C(c2ccccc2)(c2cccc(N3CC[NH2+]CC3)c2)N2CC[NH2+]CC2)cc1,10.3,0.6170034063837393,0.6996322601180682,0.631578947368421
FN1CC[NH2+]CC1,3.9,0.3814945930820924,0.4502428493605723,0.2727272727272727
CCC(=O)Nc1cccc(N2CC[NH2+]CC2)c1,5.4,0.7960325336098714,0.7668050213444209,0.4347826086956521
c1cc(Cc2cccc(N3CC[NH2+]CC3)c2)cc(-c2cccc(N3CC[NH2+]CC3)c2)c1,7.6,0.6673500387222548,0.712311168306654,0.5
FCc1cccc(C(F)(F)c2cccc(F)c2)c1,7.9,0.7103936503660342,0.853795311641924,0.2444444444444444
FN1CC[NH2+]CC1,4.0,0.3814945930820924,0.4502428493605723,0.2727272727272727
O=C(c1ccc(-c2cccc(N3CC[NH2+]CC3)c2)cc1)N1CC[NH2+]CC1,9.6,0.8008920482585082,0.7045501477463509,0.4347826086956521
NC(=O)C(=O)Nc1cccc(N2CC[NH2+]CC2)c1,8.3,0.5566121657683649,0.7494664609631909,0.4444444444444444
Cc1cccc(C(F)(F)c2ccccc2)c1,7.8,0.7103840175463678,0.9014505112860828,0.2682926829268293
c1cc(Nc2cccc(N3CC[NH2+]CC3)c2)cc(N2CC[NH2+]CC2)c1,9.8,0.7457862292219809,0.6883584096555868,0.5555555555555556
CC(F)C(F)(F)c1cccc(N2CC[NH2+]CC2)c1,8.1,0.8721536316835069,0.6492088507705422,0.6842105263157895
FC(F)(c1ccccc1)c1cccc(N2CC[NH2+]CC2)c1,6.7,0.9181379656418376,0.7603800769226972,0.7428571428571429
FC(c1cccc(-c2cccc(-c3cccc(N4CC[NH2+]CC4)c3)c2)c1)c1cccc(N2CC[NH2+]CC2)c1,8.0,0.4155059880848431,0.6548689206088585,0.4883720930232558
O=C(c1cccc(C(F)F)c1)N1CC[NH2+]CC1,7.7,0.810398546720922,0.7372742259493399,0.3125
NC(F)(c1cccc(N2CC[NH2+]CC2)c1)C(F)(NCCc1cccc(C2CC2)c1)c1cccc(C(F)(F)c2cccc(N3CC[NH2+]CC3)c2)c1,10.9,0.1330664491231861,0.5603804844906513,0.4262295081967213
FF,1.7,0.3741821364263268,0.6703027098603241,0.0333333333333333
FC(F)c1cccc(N2CC[NH2+]CC2)c1,7.1,0.7768174764563611,0.7136987053445857,0.5675675675675675
CCOC(=O)c1cccc(N2CC[NH2+]CC2)c1,7.3,0.7637788152202667,0.771506748189005,0.4666666666666667
Cc1cccc(C(C)F)c1,5.9,0.5591917191838822,0.8478611821475782,0.1627906976744186
FC(F)(F)c1cccc(C(F)(c2cccc(N3CC[NH2+]CC3)c2)C2CCCC2)c1,11.0,0.7405441358732074,0.6905397318666058,0.725
FC(F)C(F)c1cccc(-c2cccc(N3CC[NH2+]CC3)c2)c1,6.8,0.91752063851121,0.6945734835456672,0.4883720930232558
c1ccc(-c2cccc(N3CC[NH2+]CC3)c2)cc1,9.1,0.8459072859941508,0.7997196535222658,0.5555555555555556
OC(c1cccc(C(F)(F)c2cccc(-c3cccc(N4CC[NH2+]CC4)c3)c2)c1)C(F)(F)C1CC1,10.8,0.4649257970760953,0.6750091296656239,0.4716981132075472
Fc1cccc(N2CCC(c3cccc(N4CC[NH2+]CC4)c3)CC2)c1,9.9,0.9281919293348482,0.7816182156153927,0.4883720930232558
CC(F)(F)c1cccc(C(F)(c2cccc(O)c2)c2cccc(N3CC[NH2+]CC3)c2)c1,11.7,0.6009180837586551,0.6832400203911334,0.5909090909090909
Nc1cccc(C(F)(F)c2cccc(C(F)(F)c3cccc(N4CC[NH2+]CC4)c3)c2)c1,11.9,0.4760080185691953,0.730751628115662,0.6842105263157895
CCCC(F)(c1cccc(C)c1)c1cccc(C(F)C(F)(F)F)c1,6.9,0.5383400496053542,0.715385695280267,0.2037037037037037
CC(F)(F)C(F)(F)N1CC[NH2+]CC1,5.5,0.4963934627079884,0.5861045325530667,0.2894736842105263
CC(F)(F)C(F)(F)c1cccc(N2CC[NH2+]CC2)c1,8.3,0.835427267172915,0.711010406669531,0.7222222222222222
CC(F)c1cccc(C2CC2)c1,6.6,0.6261741381689239,0.8235779468354397,0.1702127659574468
FC(c1ccccc1)c1cccc(N2CC[NH2+]CC2)c1,9.3,0.9062976206266158,0.7080053787541096,0.525
FC1(F)c2cccc(c2)N1c1ccccc1,7.7,0.6548695674071376,0.7695248258702745,0.2325581395348837
Fc1cccc(C(F)(C(F)F)C(F)(F)c2cccc(N3CC[NH2+]CC3)c2)c1,9.2,0.7771763099009179,0.6710341758474707,0.5909090909090909
CC(F)c1cccc(N2CC[NH2+]CC2)c1,7.2,0.7729235255554623,0.6581627847236511,0.5384615384615384
O=Cc1cccc(N2CC[NH2+]CC2)c1,4.6,0.6618143812911231,0.7159433495572421,0.5263157894736842
FN1CC[NH2+]CC1,4.0,0.3814945930820924,0.4502428493605723,0.2727272727272727
Fc1ccc(-c2cccc(N3CC[NH2+]CC3)c2)cc1,9.0,0.8704613128318515,0.7943482553593026,0.5384615384615384
O=C(Nc1cccc(N2CC[NH2+]CC2)c1)C(F)F,8.0,0.815511015161203,0.7381189496509737,0.4666666666666667
O=C(Nc1cccc(N2CC[NH2+]CC2)c1)c1cccc(C(F)Cc2cccc(C3CC3)c2)c1,7.6,0.5656082295757792,0.7236356430587416,0.3134328358208955
O=C1OC(c2cccc(N3CC[NH2+]CC3)c2)(c2cccc(N3CC[NH2+]CC3)c2)c2cccc(c2)C1(F)F,11.2,0.5254361589418555,0.5576969270796867,0.4375
CC(c1cccc(C(=O)F)c1)c1cccc(N2CC[NH2+]CC2)c1,9.7,0.8797597265976785,0.6930065837787674,0.4375
FC(F)C(F)(c1ccccc1)c1cccc(Cc2cccc(N3CC[NH2+]CC3)c2)c1,10.6,0.646387321311457,0.7032346100563228,0.5319148936170213
CC(c1cccc(N2CC[NH2+]CC2)c1)C(F)(c1cccc(CF)c1)c1cccc(N2CC[NH2+]CC2)c1,11.8,0.5325708354037126,0.5817099205667424,0.5306122448979592
Oc1cccc(N2CC[NH2+]CC2)c1,6.2,0.6252284701827632,0.7183159162158435,0.5714285714285714
Fc1cccc(N2CCC(c3cccc(C(F)F)c3)CC2)c1,6.8,0.7579799825860889,0.874632691692314,0.3
CC(F)(F)F,3.6,0.4175407165966272,0.8607737694893272,0.09375
OCCC(F)(F)c1cccc(C(F)(c2ccccc2)c2cccc(N3CC[NH2+]CC3)c2)c1,11.2,0.5477867738187117,0.6837392682343837,0.5652173913043478
CC[NH2+]CCN1C(=O)c2cccc(c2)C(F)(c2cccc(C)c2)c2cccc(c2)C(F)(F)c2cccc1c2,10.1,0.3283610215992493,0.4657527452961083,0.144927536231884
FC(F)(F)c1cccc(N2CC[NH2+]CC2)c1,7.6,0.7665856993035065,0.7458867506023221,1.0
Fc1cccc(C(F)c2cccc(N3CC[NH2+]CC3)c2)c1,9.8,0.918622099023286,0.6929091318142411,0.5121951219512195
O=C(F)CCc1cccc(NC(F)(c2cccc(CF)c2)c2cccc(N3CC[NH2+]CC3)c2)c1,10.3,0.3647203519850395,0.6629430643556441,0.4482758620689655
CCC(C)(F)c1cccc(N2C[C@@H](F)CC2=O)c1,8.6,0.8085221334163457,0.7183453038514578,0.3018867924528302
c1cc(-c2ccc(N3CC[NH2+]CC3)cc2)cc(N2CC[NH2+]CC2)c1,6.7,0.8419178752032559,0.693299773915639,0.5405405405405406
FC(F)(F)SC(F)(c1cccc(N2CC[NH2+]CC2)c1)N1CC[NH2+]CC1,8.5,0.5824979087526543,0.5385580564042844,0.65
Fc1cccc(C(F)F)c1,6.1,0.5710062016188105,0.903228190027507,0.2
CC(F)(c1cccc(-c2cccc(N)c2)c1)c1cccc(C(C)(F)c2cccc(C(F)(F)c3cccc(N4CC[NH2+]CC4)c3)c2)c1,13.2,0.1361349178927364,0.6265352049203626,0.5531914893617021
CC(F)(CO)C(F)(F)c1cccc(-c2cccc(N3CC[NH2+]CC3)c2)c1,6.5,0.8549903609311612,0.6850316824957868,0.5434782608695652
CC(C(=O)C1(F)CCCC1)C(F)(F)F,6.1,0.6427752757013977,0.7005727561029961,0.0816326530612244
Fc1ccc(-c2cccc(-c3cccc(C(F)(C(F)(F)F)C(F)(F)c4cccc(N5CC[NH2+]CC5)c4)c3)c2)c(F)c1,8.5,0.2404593183993882,0.690755043420491,0.490566037735849
O=C(F)CCCc1cccc(N2CC[NH2+]CC2)c1,7.9,0.7890915598686342,0.7279088382691429,0.4565217391304347
O=C(F)Nc1cccc(N2CC[NH2+]CC2)c1,7.4,0.5697599517944384,0.7157862898070788,0.5
C1CN(N2CC[NH2+]CC2)CC[NH2+]1,4.9,0.4339983984663627,0.4585979666205537,0.25
CC(F)(c1cccc(F)c1)N1CC[NH2+]CC1,7.2,0.7424021702900572,0.6278226487052994,0.4523809523809524
Oc1cccc(C(F)(F)c2cccc(N3CC[NH2+]CC3)c2)c1,9.3,0.9093133091618724,0.7400529603125825,0.6842105263157895
Fc1cccc(C[NH+](Cc2cccc(N3CC[NH2+]CC3)c2)C(F)(F)C(F)F)c1,9.6,0.5353424199144983,0.6119586495507155,0.4693877551020408
c1ccc(-c2ccc(-c3cccc(-c4cccc(N5CC[NH2+]CC5)c4)c3)cc2)cc1,11.8,0.5147417991456511,0.8246951413631167,0.5263157894736842
CCCNc1cccc(N2CC[NH2+]CC2)c1,7.1,0.7896382365789949,0.7521578617134331,0.5
Cc1cccc(C(F)(c2cccc(N3CC[NH2+]CC3)c2)C2CC2)c1,10.2,0.9159256874742876,0.688036184839129,0.6046511627906976
OCOC(F)(c1cccc(C(F)F)c1)c1cccc(C2CCC2)c1,9.4,0.7499319437038559,0.7423741871353403,0.2033898305084746
c1ccc(-c2cccc(N3CC[NH2+]CC3)c2)cc1,9.1,0.8459072859941508,0.7997196535222658,0.5555555555555556
CC(F)c1cccc(NC(=O)CN2CC[NH2+]CC2)c1,7.9,0.835220206087517,0.7024503459734723,0.2678571428571428
O=C(CCC(Oc1cccc(OF)c1)C(F)F)c1ccccc1,5.3,0.6644360478587907,0.7738172777002305,0.1166666666666666
O=C1c2cccc(c2)C(F)(c2ccccc2)c2cccc1c2,6.5,0.6444102551038502,0.727633242765161,0.1489361702127659
NC(=O)c1ccc(-c2cccc(C(F)F)c2)cc1,8.5,0.8871074527742375,0.9085636193342318,0.1346153846153846
Fc1cccc(Nc2cccc(N3CC[NH2+]CC3)c2)c1,8.9,0.894824576376235,0.784759406770211,0.5121951219512195
FC(F)Nc1cccc(-c2cccc(C(F)(F)c3cccc(N4CC[NH2+]CC4)c3)c2)c1,11.8,0.4455173815626304,0.7405385397994838,0.5531914893617021
FC(c1ccccc1)C(F)c1cccc(-c2cccc(N3CC[NH2+]CC3)c2)c1,11.5,0.6938889945389072,0.685757367669729,0.4772727272727273
FCc1cccc(C(F)(F)OCCN2CC[NH2+]CC2)c1,7.6,0.8495631027247662,0.6997720191355443,0.38
CC(C(N)=O)(c1cccc(-c2cccc(-c3ncno3)c2)c1)c1cccc(N2CC[NH2+]CC2)c1,12.1,0.4662978691356928,0.6774713011981665,0.4067796610169492
FCc1cccc(C(F)c2cccc(N3CC[NH2+]CC3)c2)c1,9.0,0.9201527713619708,0.6751562248685512,0.4666666666666667
CC(F)(F)c1cccc(CC(=O)C(F)F)c1,7.3,0.7310803182453581,0.8387714148269863,0.22
Fc1ccc(C(F)(c2cccc(C(F)c3cccc(-c4cccc(C(F)(F)F)c4)c3)c2)c2cccc(N3CC[NH2+]CC3)c2)cc1,4.0,0.1441892905065996,0.6509603218587368,0.5686274509803921
C1CN(N2CC[NH2+]CC2)CC[NH2+]1,4.9,0.4339983984663627,0.4585979666205537,0.25
c1cc(-c2ccc(N3CC[NH2+]CC3)cc2)cc(N2CC[NH2+]CC2)c1,9.4,0.8419178752032559,0.693299773915639,0.5405405405405406
CC(c1cccc(C(F)(F)c2cccc(N3CC[NH2+]CC3)c2)c1)C(F)F,9.7,0.801115202877088,0.6718896382386741,0.5909090909090909
CC(F)(F)NC(=O)C(F)F,5.0,0.4718727642418124,0.7442871643864815,0.0666666666666666
CC(c1cccc(F)c1)c1cccc(C(F)c2cccc(F)c2)c1,10.5,0.5371943040336683,0.7767789323147256,0.1739130434782608
CCc1c(C(N)=O)cnn1-c1cccc(C(F)(F)c2cccc(N3CC[NH2+]CC3)c2)c1,11.4,0.6332357827226438,0.7327229567869907,0.4642857142857143
Cc1cccc(NC(=O)C(F)F)c1,6.8,0.7513757000501721,0.906233336690106,0.14
Cc1cccc(C(F)C(F)F)c1,6.4,0.64502584189171,0.8020958955533884,0.1590909090909091
CC(F)(F)OOc1cccc(N2CC[NH2+]CC2)c1,5.4,0.6471805637581864,0.6836236253674142,0.5609756097560976
FCc1cccc(C(F)(c2cccc(N3CC[NH2+]CC3)c2)C2CC2)c1,9.6,0.8839640852087517,0.6730155470748033,0.5777777777777777
CC(F)(F)[NH2+]c1cccc(-c2cccc(N3CC[NH2+]CC3)c2)c1,9.9,0.6509371230589542,0.6779142287993332,0.5227272727272727
O=C(c1ccccc1)c1cccc(-c2cccc(N3CC[NH2+]CC3)c2)c1,10.9,0.7396516980426737,0.8111539439501472,0.4444444444444444
Fc1cccc(C(F)c2cccc(C(F)(c3ccccc3)c3cccc(C(F)F)c3)c2)c1,12.1,0.2108265637404147,0.7324760442861652,0.24
FC(F)N1CC[NH2+]CC1,4.4,0.4636281505631744,0.5322574692826305,0.25
CCc1cccc(C2CC2)c1,6.3,0.601002343993333,0.931025769085254,0.1521739130434782
O=C(c1ccccc1)C(F)c1cccc(F)c1,8.5,0.7369308438871274,0.8459199317446249,0.16
c1cc(-c2ccc(-c3cccc(N4CC[NH2+]CC4)c3)cc2)cc(C2CC2)c1,10.8,0.7403201707923764,0.8026059187701343,0.4545454545454545
c1cc(CN2CC[NH2+]CC2)cc(C2CC2)c1,7.3,0.7986598808820256,0.7533801203059045,0.2978723404255319
CC(F)(F)C(CO)(c1cccc(F)c1)C(F)(CC(F)(F)F)c1cccc(N2CC[NH2+]CC2)c1,6.1,0.5916763571923566,0.6035583232894915,0.490566037735849
COc1cccc(N2CC[NH2+]CC2)c1,6.5,0.7203867074961816,0.7530566703827579,0.5405405405405406
c1cc(-c2cccc(N3CC[NH2+]CC3)c2)cc(C2CC2)c1,9.7,0.9152976241526682,0.7835815332136298,0.4761904761904761
OCc1cccc(C(F)(F)c2cccc(C(F)(F)c3cccc(N4CC[NH2+]CC4)c3)c2)c1,11.0,0.5663466228340597,0.7356542931103227,0.6190476190476191
[N-]=[N+]=Nc1cccc(C(F)(c2ccccc2)c2cccc(Cc3cccc(N4CC[NH2+]CC4)c3)c2)c1,13.3,0.1536104865219573,0.6855885398671739,0.4545454545454545
Nc1cccc(-c2ccc(-c3cccc(N4CC[NH2+]CC4)c3)cc2)c1,10.1,0.7253500853925466,0.8021936833908606,0.5
Fc1cccc(N2CC[NH2+]CC2)c1,6.6,0.6562156174631478,0.732926442531633,0.6176470588235294
C1CN(N2CC[NH2+]CC2)CC[NH2+]1,4.9,0.4339983984663627,0.4585979666205537,0.25
COc1cccc(N2CC[NH2+]CC2)c1,6.3,0.7203867074961816,0.7530566703827579,0.5405405405405406
FC(F)c1cccc(-c2cccc(C(F)(F)c3cccc(C(C4CCCC4)C(F)(F)F)c3)c2)c1,11.7,0.3085358776534757,0.7448621554900734,0.2105263157894736
c1cc(N2CC[NH2+]CC2)cc(N2CC[NH2+]CC2)c1,7.5,0.6653968975497009,0.6270159498185622,0.6666666666666666
CCC(F)CC(F)(F)C(F)(F)C(C)(F)F,5.5,0.635720463172752,0.7073814490051062,0.0638297872340425
FCCc1cccc(N2CC[NH2+]CC2)c1,6.9,0.7717689895048419,0.7177786045151825,0.5384615384615384
FF,1.7,0.3741821364263268,0.6703027098603241,0.0333333333333333
FC(F)(c1cccc(Cc2cccc(N3CC[NH2+]CC3)c2)c1)c1cccc(N2CC[NH2+]CC2)c1,13.0,0.5872487017480554,0.6872942034059898,0.65
FC(c1ccccc1)(c1cccc(N2CC[NH2+]CC2)c1)c1cccc(N2CC[NH2+]CC2)c1,7.4,0.6029754771839383,0.684003117241657,0.7428571428571429
CC(C(=O)Nc1cccc(C(=O)CON2CC[NH2+]CC2)c1)C(N)(F)F,8.4,0.4636816456888533,0.6473885775467468,0.265625
FOc1cccc(C(F)(c2cccc(N3CC[NH2+]CC3)c2)C2CCCCC2)c1,10.5,0.8359777782681528,0.6679224394193835,0.5416666666666666
[NH3+]C(F)(F)c1cccc(Cc2cccc(-c3cccc(N4CC[NH2+]CC4)c3)c2)c1,11.5,0.6413252582805379,0.7429728231276783,0.5434782608695652
CC(CCCCC(=O)N1CC[NH2+]CC1)COc1cccc(N2CC[NH2+]CC2)c1,5.9,0.5858655988911994,0.6319768484250121,0.3448275862068966
Oc1cccc(C(F)(F)C(F)(F)c2ccccc2)c1,8.5,0.8253843907000804,0.865182004302667,0.2682926829268293
FC(F)(c1cccc(-c2ccc(-c3ccccc3)cc2)c1)c1cccc(N2CC[NH2+]CC2)c1,8.7,0.4308347786418342,0.7891102336552093,0.65
CCC(C)(F)c1cccc(N2CC[NH2+]CC2)c1,7.4,0.8473638058664767,0.6554494189241119,0.6842105263157895
Cc1cccc(C2(F)Oc3cccc2c3)c1,8.2,0.7048797399174209,0.6745860974403644,0.1458333333333333
CCCc1cccc(N2CC[NH2+]CC2)c1,7.3,0.7808468846518227,0.7515334996200776,0.5
Fc1cccc(N2CC[NH2+]CC2)c1,6.6,0.6562156174631478,0.732926442531633,0.6176470588235294
FC(c1ccccc1)(c1ccccc1)c1cccc(N2CC[NH2+]CC2)c1,9.8,0.7178240251862338,0.773745951942155,0.7428571428571429
c1ccc(Cc2cccc(N3CC[NH2+]CC3)c2)cc1,6.6,0.8816724936336562,0.7975963612008297,0.5128205128205128
FC(F)(c1cccc(N2CC[NH2+]CC2)c1)N1CC[NH2+]CC1,8.0,0.7027894905022931,0.5960678448924325,0.7428571428571429
O=C(F)c1ccc(-c2cccc(N3CC[NH2+]CC3)c2)cc1,9.1,0.873854320289914,0.7633167730134917,0.4883720930232558
Fc1cccc(C(F)Nc2cccc(N3CC[NH2+]CC3)c2)c1,8.9,0.8495020447836369,0.6907593498685514,0.4468085106382978
Nc1cccc(C2CCN(c3cccc(C(F)(F)c4cccc(N5CC[NH2+]CC5)c4)c3)CC2)c1,10.8,0.5585173921161168,0.752742271782058,0.5652173913043478
c1cc(C2CC2)cc(N2CC[NH2+]CC2)c1,6.7,0.7583062393568032,0.7389768562634342,0.5263157894736842
FC(F)(F)[NH2+]c1cccc(-c2ccccc2)c1,8.8,0.6113484593916448,0.7946819182570322,0.2093023255813953
CC(F)(F)c1cccc(C(F)c2cccc(N3CC[NH2+]CC3)c2)c1,9.9,0.9092258781768424,0.6762891260155998,0.5813953488372093
Fc1cccc(C(F)(F)N2CC[NH2+]CC2)c1,7.3,0.7446530844664703,0.6754053830809545,0.475
CC(F)(c1cccc(F)c1)c1cccc(N2CC[NH2+]CC2)c1,9.7,0.9230628730961998,0.6880332051799065,0.6666666666666666
c1ccc(C(c2cccc(N3CC[NH2+]CC3)c2)N2CC[NH2+]CC2)cc1,9.1,0.8262810291466718,0.6417002564765126,0.4761904761904761
CN1CC[NH2+]CC1,3.5,0.3932815222648922,0.5499597724374955,0.2352941176470588
CCCC(F)c1cccc(-c2cccc(C(c3cccc(F)c3)c3cccc(N4CC[NH2+]CC4)c3)c2)c1,11.9,0.263502572063615,0.6782221407549005,0.3818181818181818
FC(c1ccccc1)C(F)(c1ccccc1)c1cccc(N2CC[NH2+]CC2)c1,10.4,0.7104920624609247,0.6817999567879277,0.6190476190476191
c1ccc(C(c2cccc(N3CC[NH2+]CC3)c2)c2cccc(N3CC[NH2+]CC3)c2)cc1,7.5,0.6233124020245772,0.7051370190283561,0.5128205128205128
FC(F)c1cccc(-c2cccc(N3CC[NH2+]CC3)c2)c1,9.6,0.9206517011059152,0.7655455245897841,0.5121951219512195
OC(c1cccc(C(F)(c2cccc(N3CC[NH2+]CC3)c2)C(F)(F)F)c1)C(F)(F)F,10.6,0.720030469574994,0.6341093088529149,0.5777777777777777
CC(C(N)=O)c1cccc([C@@H]2Oc3cccc2c3)c1,8.3,0.914000512876386,0.6636242042530492,0.1034482758620689
O=C(c1cccc(Nc2cccc(N3CC[NH2+]CC3)c2)c1)c1cccc(N2CC[NH2+]CC2)c1,11.0,0.5044389132799917,0.7119444015491712,0.4347826086956521
O=C(F)c1cccc(C(F)(c2ccccc2)c2cccc(N3CC[NH2+]CC3)c2)c1,11.9,0.532631567161584,0.6950748018167361,0.5777777777777777
O=CC(F)(c1cccc(F)c1)c1cccc(N2CC[NH2+]CC2)c1,9.4,0.8702785738376034,0.6696424812146647,0.6190476190476191
FN1CC[NH2+]CC1,4.0,0.3814945930820924,0.4502428493605723,0.2727272727272727
C=C(Sc1cccc(N2CC[NH2+]CC2)c1)C(F)c1cccc(N2CC[NH2+]CC2)c1,6.5,0.7080930296766091,0.5834678701209808,0.4285714285714285
OCCCC(c1cccc(F)c1)c1cccc(-c2cccc(N3CC[NH2+]CC3)c2)c1,10.8,0.6280516458004618,0.7296871982727043,0.3962264150943396
Fc1cccc(-c2cccc(N3CC[NH2+]CC3)c2)c1,9.4,0.8704613128318515,0.7868924861285335,0.5526315789473685
FC(F)C(F)F,3.7,0.4400506788221621,0.7785026689576144,0.0303030303030303
Oc1cccc(C(F)(Oc2cccc(F)c2)c2cccc(N3CC[NH2+]CC3)c2)c1,10.3,0.6954480833152833,0.6914872560291901,0.5306122448979592
FC(F)(F)c1cccc(C(F)(c2cccc(N3CC[NH2+]CC3)c2)C(F)(F)F)c1,7.3,0.7664164849810209,0.683259149051215,0.8285714285714286
OCc1cccc(C(F)(F)c2cccc(N3CC[NH2+]CC3)c2)c1,9.2,0.9004664023084303,0.747848727633832,0.6341463414634146
CCOc1cccc(N2CC[NH2+]CC2)c1,6.7,0.7803473340844529,0.7579111219977,0.5
Cc1cccc(N2Cc3cccc(c3)-c3ccc(cc3)C(=O)C2F)c1,10.4,0.5740616930026381,0.6234520855363417,0.1929824561403508
O=C(Nc1cccc(N2CC[NH2+]CC2)c1)C(F)C(F)(F)C1CCC1,9.4,0.8570298153379314,0.6665900309929752,0.4259259259259259
Fc1cccc(C(F)(F)OC(F)F)c1,6.7,0.6991770602731312,0.8191302467734077,0.25
Fc1ccc(-c2cccc(N3CC[NH2+]CC3)c2)cc1,6.4,0.8704613128318515,0.7943482553593026,0.5384615384615384
c1ccc(ON2CC[NH2+]CC2)cc1,6.0,0.684363359340366,0.700676977152208,0.3
O=C(Cc1cccc(N2CCC(c3ccccc3)CC2)c1)NN1CC[NH2+]CC1,7.4,0.8283487658380262,0.7779906970764068,0.3275862068965517
FCc1cccc(COc2cccc(N3CC[NH2+]CC3)c2)c1,8.8,0.9163643257874496,0.7750000740535425,0.4565217391304347
CC(F)(c1cccc(-c2ccccc2)c1)c1cccc(N2CC[NH2+]CC2)c1,11.3,0.7453290410954001,0.7235578473826865,0.6341463414634146
FC(F)N1CC[NH2+]CC1,4.4,0.4636281505631744,0.5322574692826305,0.25
Oc1cccc(C(F)(F)c2cccc(OF)c2)c1,8.8,0.9023301224405016,0.8196270039496163,0.2391304347826087
c1cc(Nc2cccc(N3CC[NH2+]CC3)c2)cc(N2CC[NH2+]CC2)c1,8.9,0.7457862292219809,0.6883584096555868,0.5555555555555556
O=C(Nc1cccc(N2CC[NH2+]CC2)c1)C(F)F,8.0,0.815511015161203,0.7381189496509737,0.4666666666666667
NOCc1cccc(CF)c1,6.2,0.6718764546947766,0.8506267616410853,0.1555555555555555
O=C1CC(c2ccccc2)(c2cccc(N3CC[NH2+]CC3)c2)O1,9.4,0.868461182162152,0.6902556809502526,0.425531914893617
FN1CC[NH2+]CC1,4.0,0.3814945930820924,0.4502428493605723,0.2727272727272727
Cc1cccc(C(F)(c2cccc(C3CC3)c2)c2cccc(N3CC[NH2+]CC3)c2)c1,11.9,0.6234487871316005,0.70429243499001,0.5531914893617021
c1ccc(C(c2cccc(N3CC[NH2+]CC3)c2)c2cccc(N3CC[NH2+]CC3)c2)cc1,7.4,0.6233124020245772,0.7051370190283561,0.5128205128205128
CC(=O)c1c(C(=O)F)cnn1-c1ccccc1,7.8,0.6016671726035222,0.8485116782133879,0.1509433962264151
c1ccc(Nc2cccc(N3CC[NH2+]CC3)c2)cc1,8.5,0.8752889179402054,0.7961931223344327,0.5128205128205128
FC(F)c1cccc(C(F)C(F)(F)F)c1,7.2,0.6652792108452258,0.7637185298729562,0.2142857142857142
FC(F)C(F)(c1cccc(CC2CCC2)c1)c1cccc(N2CC[NH2+]CC2)c1,10.6,0.7946163729108613,0.6794311495507155,0.52
CC(F)(F)c1cccc(CC(=O)N2CC[NH2+]CC2)c1,8.4,0.8634191418512962,0.7395840473974533,0.3877551020408163
O=CC(c1cccc(F)c1)c1cccc(N2CC[NH2+]CC2)c1,8.9,0.8696322717662616,0.6832283402531666,0.4666666666666667
NC(=O)C(F)(c1ccccc1)C(F)(F)c1cccc(N2CC[NH2+]CC2)c1,10.0,0.8449325292046619,0.6804710924009502,0.5909090909090909
c1cc(-c2cccc(N3CC[NH2+]CC3)c2)cc(C2CC2)c1,9.8,0.9152976241526682,0.7835815332136298,0.4761904761904761
O=C(Nc1cccc(N2CC[NH2+]CC2)c1)C(F)F,8.0,0.815511015161203,0.7381189496509737,0.4666666666666667
Oc1cccc(C(F)C(F)(c2ccccc2)c2ccccc2)c1,9.1,0.6915562629041395,0.8061301269023102,0.2340425531914893
FC(F)c1cccc(N2CC[NH2+]CC2)c1,7.2,0.7768174764563611,0.7136987053445857,0.5675675675675675
Fc1cccc(N2CCC(C(F)(c3cccc(N4CC[NH2+]CC4)c3)C3CC3)CC2)c1,10.0,0.809423865486225,0.6846140972358101,0.5909090909090909
c1cc(-c2cccc(N3CC[NH2+]CC3)c2)cc(N2CC[NH2+]CC2)c1,10.2,0.8419178752032559,0.687176696992562,0.6060606060606061
CCNCc1cccc(C(F)(F)c2cccc(N3CC[NH2+]CC3)c2)c1,9.2,0.8412918217254698,0.7533000763222534,0.5652173913043478
Oc1cccc(C(F)c2cccc(NCCCF)c2)c1,7.9,0.7746622192075738,0.7833862978053231,0.125
NC(=O)CC(F)c1cccc(C(F)(c2cccc(N3CC[NH2+]CC3)c2)c2cccc(N3CC[NH2+]CC3)c2)c1,11.6,0.3941256485719848,0.6060200292103466,0.52
CC(=O)c1cccc(N2CC[NH2+]CC2)c1,7.5,0.703766798594687,0.7499752706397557,0.5
FC(F)(c1cccc(C2CC2)c1)c1cccc(N2CC[NH2+]CC2)c1,10.3,0.913672952025956,0.7483962064685933,0.6341463414634146
N#C[C@@H](c1cccc(C(F)F)c1)c1cccc(N2CC[NH2+]CC2)c1,7.0,0.93762713041411,0.6792134423642125,0.4565217391304347
CC(F)(c1cccc(F)c1)c1cccc(N2CC[NH2+]CC2)c1,9.7,0.9230628730961998,0.6880332051799065,0.6666666666666666
O=C(NC(F)F)C(F)(c1cccc(N2CC[NH2+]CC2)c1)C(F)C1CCC1,9.1,0.5884448157900966,0.5876432397608418,0.5
OCC(c1cccc(F)c1)c1cccc(C(F)(c2ccccc2)c2cccc(N3CC[NH2+]CC3)c2)c1,12.2,0.3759919794142193,0.6748281623249841,0.52
O=C(CN1CC[NH2+]CC1)Nc1cccc(C(F)(F)C(F)c2ccccc2)c1,6.9,0.8105624416935231,0.7096453699866648,0.3220338983050847
O=C(Nc1cn[nH]c1Cc1cccc(N2CC[NH2+]CC2)c1)c1cccc(Nc2cccc(N3CC[NH2+]CC3)c2)c1,7.0,0.2349902246999358,0.6873396995390872,0.303030303030303
FC(Cc1cccc(N2CC[NH2+]CC2)c1)c1cccc(OC(F)(F)F)c1,9.2,0.8203465918673842,0.7008412886245708,0.4423076923076923
c1cc(-c2cccc(N3CC[NH2+]CC3)c2)cc(N2CC[NH2+]CC2)c1,6.3,0.8419178752032559,0.687176696992562,0.6060606060606061
Oc1cccc(F)c1,5.4,0.5392148187981868,0.9340948009051798,0.1794871794871795
FC(F)c1cccc(-c2cccc(N3CC[NH2+]CC3)c2)c1,9.7,0.9206517011059152,0.7655455245897841,0.5121951219512195
Fc1ccc(-c2cccc(N3CC[NH2+]CC3)c2)cc1,9.0,0.8704613128318515,0.7943482553593026,0.5384615384615384
O=C(F)Nc1ccccc1,5.9,0.4685703025409224,0.9119226955220124,0.1162790697674418
Fc1ccc(-c2cccc(N3CC[NH2+]CC3)c2)cc1,9.0,0.8704613128318515,0.7943482553593026,0.5384615384615384
CC(F)(F)N1CC[NH2+]CC1,4.7,0.4997161346976699,0.5439638025631195,0.3055555555555556
FC(F)(F)c1ccccc1,6.0,0.5274607455911078,0.9637273353266522,0.34375
O=C(CF)NNC(F)(c1ccccc1)c1cccc(F)c1,8.2,0.6571776613875664,0.757967186402054,0.2075471698113207
c1cc(Cc2cccc(N3CC[NH2+]CC3)c2)cc(N2CC[NH2+]CC2)c1,8.2,0.8266454478440034,0.6872603583735355,0.5555555555555556
FC1c2cccc(c2)N(F)c2cccc(c2)CC1(F)F,9.0,0.4895625608702624,0.5296673176626587,0.2156862745098039
Cc1cccc(C(F)c2ccccc2)c1,8.1,0.6855450029684863,0.8576450745268711,0.1555555555555555
Fc1cccc(C(F)c2cccc(N3CC[NH2+]CC3)c2)c1,9.8,0.918622099023286,0.6929091318142411,0.5121951219512195
O=C(CCOc1cccc(C(F)C(=O)CF)c1)NC1CCCC1,8.1,0.7990424588207855,0.7889268634990471,0.1343283582089552
C[C@@H](C(=O)CNc1cccc(N2CC[NH2+]CC2)c1)C(N)(F)F,8.2,0.6577800920126833,0.6488552672708212,0.4339622641509434
Cc1cccc(C(C)(F)c2cccc(N3CC[NH2+]CC3)c2)c1,10.1,0.9233316404090828,0.6903980403447417,0.6666666666666666
FC(F)(F)c1cccc(-c2ccccc2)c1,8.7,0.6715410034007648,0.951303844619416,0.3888888888888889
Nc1cccc(N2CC[NH2+]CC2)c1,6.3,0.5775053155579013,0.7154555923292037,0.5882352941176471
O=CC(F)(c1cccc(N2CC[NH2+]CC2)c1)c1cccc(C(F)(c2cccc(C(F)F)c2)c2cccc(N3CC[NH2+]CC3)c2)c1,11.4,0.1691390125231227,0.5616163128683235,0.5306122448979592
FNc1cccc(N2CC[NH2+]CC2)c1,6.6,0.669573278491144,0.682513330795516,0.5675675675675675
CC(c1cccc(C(F)(F)c2cccc(N3CC[NH2+]CC3)c2)c1)C(C)(F)F,10.5,0.7772664327263135,0.6721055604628552,0.5909090909090909
CC(F)c1cccc(C(F)(c2cccc(C(F)c3cccc(F)c3)c2)c2cccc(N3CC[NH2+]CC3)c2)c1,13.2,0.2165838018084711,0.6192264903893914,0.5306122448979592
FC(F)(F)N1CC[NH2+]CC1,4.5,0.4622741771455231,0.5689410105403278,0.3235294117647059
Fc1cccc(C2CC2)c1,5.9,0.5564497806374945,0.9377045636538806,0.1904761904761904
COc1cccc(F)c1,5.5,0.5574315586180905,0.971747930821092,0.1666666666666666
CC(F)(F)F,3.6,0.4175407165966272,0.8607737694893272,0.09375
Fc1ccc(C(F)(c2cccc(C(F)(c3ccccc3)C3CC3)c2)C(F)(F)c2cccc(N3CC[NH2+]CC3)c2)cc1,11.6,0.2329394392693582,0.6421141688174646,0.490566037735849
FN1CC[NH2+]CC1,3.7,0.3814945930820924,0.4502428493605723,0.2727272727272727
Cc1cccc(C(F)c2cccc(CC(=O)N3CC[NH2+]CC3)c2)c1,7.7,0.9162039168180076,0.703823029878148,0.2631578947368421
Cc1cccc(C(F)(F)N2CC[NH2+]CC2)c1,7.8,0.7448568835116011,0.6787161523117238,0.4634146341463415
FC(F)[NH2+]c1cccc(-c2cccc(N3CC[NH2+]CC3)c2)c1,9.6,0.6452482139234095,0.6697771857399331,0.4772727272727273
FC(F)(c1cccc(N2CC[NH2+]CC2)c1)C1CCCC1,9.3,0.9013225217434924,0.7202373548887204,0.6666666666666666
FC(F)(c1cccc(N2CC[NH2+]CC2)c1)N1CC[NH2+]CC1,8.6,0.7027894905022931,0.5960678448924325,0.7428571428571429
O=CC(F)(F)c1cccc(C(F)(c2cccc(N3CC[NH2+]CC3)c2)C(c2ccccc2)(c2ccccc2)c2cccc(N3CC[NH2+]CC3)c2)c1,8.9,0.1620594376067816,0.6081100523961847,0.5531914893617021
O=C(NC(F)F)c1cccc(N2CC[NH2+]CC2)c1,8.0,0.7492268960981319,0.7222549979164339,0.4666666666666667
CC(=O)Nc1cccc(-c2cccc(N3CC[NH2+]CC3)c2)c1,9.8,0.9054594187034746,0.7956315126630099,0.425531914893617
O=C(F)CCCc1cccc(C2CCCCC2)c1,8.6,0.6983819879505112,0.8691493708135217,0.1403508771929824
FC(F)c1cccc(C(F)(F)c2cccc(N3CC[NH2+]CC3)c2)c1,9.7,0.8485753410726865,0.7331844647150356,0.65
NC(=O)c1cccc(F)c1,6.0,0.6173491474809841,0.9501062527055696,0.1590909090909091
Fc1cccc(N2CC[NH2+]CC2)c1,6.6,0.6562156174631478,0.732926442531633,0.6176470588235294
CC(F)(F)C(F)(Oc1ccc(Cl)cc1Cl)c1cccc(N2CC[NH2+]CC2)c1,6.7,0.7846783400053019,0.6739521245654192,0.52
CC(c1cccc(F)c1)c1cccc(C2CC2)c1,6.7,0.7187074190538646,0.8466579246770279,0.18
NC(=O)Nc1cccc(-c2cccc(N3CC[NH2+]CC3)c2)c1,10.3,0.796815294776921,0.7860829549707022,0.425531914893617
CC(c1nnc(-c2cccc(N3CC[NH2+]CC3)c2)n1-c1cccc(N2CC[NH2+]CC2)c1)C(F)c1ccccc1,7.9,0.3876658853504175,0.5993587445263678,0.3684210526315789
FC(F)(c1ccccc1)c1cccc(-c2cccc(-c3cccc(N4CC[NH2+]CC4)c3)c2)c1,8.4,0.4308347786418343,0.7836406063752729,0.6097560975609756
FC(F)(F)c1cccc(N2CC[NH2+]CC2)c1,7.6,0.7665856993035065,0.7458867506023221,1.0
CC(F)(F)F,3.5,0.4175407165966272,0.8607737694893272,0.09375
CC(NC(=O)C(F)F)(c1cccc(CCO)c1)c1cccc(N2CC[NH2+]CC2)c1,10.2,0.6507161678976998,0.6785557765330767,0.4727272727272727
FF,1.9,0.3741821364263268,0.6703027098603241,0.0333333333333333
OC(c1cccc(C(F)(CON2CC[NH2+]CC2)Cc2cccc(N3CC[NH2+]CC3)c2)c1)C(O)(F)F,10.3,0.3898055670396683,0.5331537658015796,0.423728813559322
Cc1ccc(-c2cccc(C(F)(c3cccc(-c4ccccc4)c3)C(F)(F)c3cccc(N4CC[NH2+]CC4)c3)c2)cc1,13.7,0.214976410668879,0.7094781134358151,0.5416666666666666
FC(c1cccc(C2CCNCC2)c1)c1cccc(N2CC[NH2+]CC2)c1,10.3,0.8845000187017056,0.6840326459159282,0.4117647058823529
CC(F)(c1cccc(F)c1)c1cccc(-c2cccc(Cc3cccc(N4CC[NH2+]CC4)c3)c2)c1,13.0,0.3840367730660868,0.7139071963048669,0.4901960784313725
Fc1cccc(N2CCC(c3cccc(-c4ccccc4)c3)CC2)c1,11.5,0.5793679558192492,0.9084051179022952,0.3061224489795918
OCOC(c1cccc(O)c1)(c1cccc(N2CC[NH2+]CC2)c1)C(F)(c1ccccc1)c1cccc(N2CC[NH2+]CC2)c1,5.7,0.2269490766929347,0.574222339774227,0.5098039215686274
CC(F)(F)c1cccc(N2CC[NH2+]CC2)c1,7.7,0.8039827750796825,0.7199205967561682,0.7647058823529411
O=C1CC(F)(c2cccc(C3CC3)c2)c2cccc(c2)C12Nc1cccc2c1,11.2,0.6535204989754939,0.5177634131147987,0.1475409836065573
FF,1.7,0.3741821364263268,0.6703027098603241,0.0333333333333333
Cc1noc(Nc2cccc(C(F)(F)c3ccccc3)c2)n1,9.6,0.7818995780312638,0.8399608968205191,0.1964285714285714
CF,1.6,0.3673293108901918,0.703430914988529,0.032258064516129
CC(F)Cc1cccc(N2CC[NH2+]CC2)c1,7.6,0.8091914288913593,0.6689007386346935,0.5
FC(c1ccccc1)c1cccc(-c2cccc(C(F)c3cccc(N4CC[NH2+]CC4)c3)c2)c1,13.0,0.386348421409693,0.6751272411414262,0.4772727272727273
FCc1cccc(C(F)(c2cccc(N3CC[NH2+]CC3)c2)C(F)(c2cccc(N3CC[NH2+]CC3)c2)c2cccc(C(F)(F)C(F)(F)F)c2)c1,8.2,0.2214851140734817,0.567384060715798,0.5652173913043478
FC(F)(F)c1cccc(N2CC[NH2+]CC2)c1,7.6,0.7665856993035065,0.7458867506023221,1.0
O=C(c1ccccc1)C(F)c1cccc(N2CC[NH2+]CC2)c1,9.0,0.8764071856671333,0.7102187248685513,0.4468085106382978
c1ccc(N2CC[NH2+]CC2)cc1,5.9,0.6208178337972532,0.7471705957410095,0.53125
Fc1cccc(-c2cccc(N3CC[NH2+]CC3)c2)c1,9.4,0.8704613128318515,0.7868924861285335,0.5526315789473685
c1cc(Cc2cccc(N3CC[NH2+]CC3)c2)cc(N2CC[NH2+]CC2)c1,9.7,0.8266454478440034,0.6872603583735355,0.5555555555555556
FC(F)(F)c1cccc(N2CC[NH2+]CC2)c1,7.5,0.7665856993035065,0.7458867506023221,1.0
[NH3+]C(F)(C(=O)F)c1cccc(N2CC[NH2+]CC2)c1,7.9,0.5348141455958128,0.5985242353859268,0.65
c1cc(-c2cccc(N3CC[NH2+]CC3)c2)cc(N2CC[NH2+]CC2)c1,10.4,0.8419178752032559,0.687176696992562,0.6060606060606061
O=C(c1cccc(C(F)c2cccc(C(O)C(F)(F)F)c2)c1)C(F)(c1ccccc1)C(F)(F)c1cccc(N2CC[NH2+]CC2)c1,7.9,0.1625564316389975,0.5952874060810223,0.4406779661016949
O=C1CC(c2cccc(N3CC[NH2+]CC3)c2)CN1C(F)c1cccc(N2CC[NH2+]CC2)c1,10.2,0.6650170779979367,0.575237314766912,0.3888888888888889
Fc1cccc(C(F)(F)F)c1,6.3,0.5169494506538483,0.9336429334559224,0.4117647058823529
Oc1cccc(C(F)(c2cccc(N3CC[NH2+]CC3)c2)C(F)F)c1,9.4,0.8983952124793109,0.6650183115359617,0.6190476190476191
FCc1cccc(C(F)(F)c2cccc(C(c3ccccc3)c3cccc(N4CC[NH2+]CC4)c3)c2)c1,12.0,0.3238604184090757,0.7021286490661512,0.4901960784313725
O=C(Nc1cccc(N2CC[NH2+]CC2)c1)C(F)F,8.0,0.815511015161203,0.7381189496509737,0.4666666666666667
c1ccc(N2CC[NH2+]CC2)cc1,6.0,0.6208178337972532,0.7471705957410095,0.53125
c1cc(Nc2cccc(N3CC[NH2+]CC3)c2)cc(N2CC[NH2+]CC2)c1,6.4,0.7457862292219809,0.6883584096555868,0.5555555555555556
O=CC(F)(c1cccc(F)c1)c1cccc(N2CC[NH2+]CC2)c1,9.4,0.8702785738376034,0.6696424812146647,0.6190476190476191
FC(F)c1cccc(C(F)(c2cccc(N3CC[NH2+]CC3)c2)c2cccc(N3CC[NH2+]CC3)c2)c1,7.8,0.5307030518372396,0.6646216149439712,0.65
FC(c1cccc(C(F)(F)c2cccc(N3CC[NH2+]CC3)c2)c1)C(F)(F)C(F)(F)c1ccccc1,11.7,0.4186480432088625,0.6682429767708995,0.5531914893617021
CC(c1cccc(-c2ccccc2)c1)c1cccc(N2CC[NH2+]CC2)c1,10.8,0.7617554208748013,0.7484390395223218,0.4444444444444444
FC(F)C(F)(F)c1cccc(N2CC[NH2+]CC2)c1,8.1,0.817733111293226,0.6970836193342317,0.7222222222222222
O=C(c1ccccc1)C(O)C(F)c1cccc(N2CC[NH2+]CC2)c1,6.6,0.8137947168001668,0.6729322899119451,0.42
FC(F)C(F)(F)c1cccc(N2CC[NH2+]CC2)c1,5.8,0.817733111293226,0.6970836193342317,0.7222222222222222
Fc1cccc(C(F)(F)c2cccc(N3CC[NH2+]CC3)c2)c1,10.3,0.9225629073019748,0.7483328137924361,0.7027027027027027
CC(Oc1cccc(N2CC[NH2+]CC2)c1)C(=O)N1CC[NH2+]CC1,5.8,0.6909749113123428,0.6123280116046728,0.425531914893617
CC(c1cccc(N2CC[NH2+]CC2)c1)C(F)F,7.6,0.8485328517660666,0.6536289061035991,0.5121951219512195
CC(F)(c1cccc(-c2ccccc2)c1)c1cccc(-c2cccc(N3CC[NH2+]CC3)c2)c1,7.5,0.4284899818534818,0.7289868243302194,0.5952380952380952
CC(F)(F)c1cccc(-c2cccc(Cc3cccc(C4CC4)c3)c2)c1,11.2,0.4686207672640084,0.8746182526144557,0.2222222222222222
c1ccc(-c2cccc(N3CC[NH2+]CC3)c2)cc1,9.1,0.8459072859941508,0.7997196535222658,0.5555555555555556
O=C(c1cccc(C(F)c2cccc(N3CC[NH2+]CC3)c2)c1)C(F)c1cccc(C(F)(F)c2cccc(C(F)F)c2)c1,13.0,0.1686604547345228,0.6209777807032881,0.4464285714285714
Oc1cccc(C(c2ccc(F)cc2)(c2cccc(-c3ccccc3)c2)c2cccc(N3CC[NH2+]CC3)c2)c1,1.9,0.2739059658094129,0.7259924499329276,0.4901960784313725
OCc1cccc(C(F)(F)c2cccc(F)c2)c1,8.8,0.8865173568076228,0.8717802347188471,0.2391304347826087
FC(c1cccc(N2CC[NH2+]CC2)c1)N1CC[NH2+]CC1,7.7,0.6914057300973566,0.5474692640213848,0.525
FC(F)(F)c1cccc(N2CC[NH2+]CC2)c1,7.6,0.7665856993035065,0.7458867506023221,1.0
CC(F)(F)c1cccc(N2CC[NH2+]CC2)c1,7.5,0.8039827750796825,0.7199205967561682,0.7647058823529411
CC(c1ccccc1)C(F)(F)F,6.5,0.6119956508376786,0.8449406070918499,0.1707317073170731
CC(F)(F)c1cccc(C(F)c2cccc(NC(C(=O)C(F)(F)F)c3cccc(F)c3)c2)c1,10.8,0.3686157386658295,0.7138689215800899,0.1904761904761904
FN1CC[NH2+]CC1,4.0,0.3814945930820924,0.4502428493605723,0.2727272727272727
OCNc1cccc(-c2cccc(-c3ccc(-c4cccc(CN5CC[NH2+]CC5)c4)cc3)c2)c1,11.4,0.3653081339802226,0.790851047274992,0.25
c1cc(-c2cccc(N3CC[NH2+]CC3)c2)cc(N2CC[NH2+]CC2)c1,10.4,0.8419178752032559,0.687176696992562,0.6060606060606061
O=C1CCC[C@H](c2cccc(N3CC[NH2+]CC3)c2)C1,8.1,0.8688936614294928,0.6887974867956133,0.4166666666666667
FC(F)(c1cccc(N2CC[NH2+]CC2)c1)N1CC[NH2+]CC1,8.5,0.7027894905022931,0.5960678448924325,0.7428571428571429
Fc1cccc(Nc2cccc(N3CC[NH2+]CC3)c2)c1,8.9,0.894824576376235,0.784759406770211,0.5121951219512195
CC(=O)C(F)(F)c1cccc(Cc2cccc(N3CC[NH2+]CC3)c2)c1,9.6,0.9031231160942575,0.7451126169506391,0.5434782608695652
c1ccc(-c2cccc(N3CC[NH2+]CC3)c2)cc1,8.7,0.8459072859941508,0.7997196535222658,0.5555555555555556
Cc1cccc(C(F)(c2ccccc2)c2cccc(C(=O)CC(N)=O)c2)c1,6.9,0.4038637039143417,0.7947108991942992,0.1929824561403508
Fc1cccc(-c2cccc(-c3cccc(N4CC[NH2+]CC4)c3)c2)c1,11.1,0.7770165501165505,0.8047454505426275,0.5384615384615384
O=C(C1CC1)C(F)(F)c1cccc(-c2cccc(-c3ccccc3)c2)c1,11.2,0.5450215875561363,0.8697018284980318,0.24
CCCCCc1cccc(F)c1,6.2,0.5998247513825956,0.953319062307123,0.1489361702127659
FCC(c1cccc(N2CC[NH2+]CC2)c1)c1cccc(C(F)(F)F)c1,9.8,0.8371724083442269,0.6966789664801242,0.6829268292682927
c1cc(-c2cccc(N3CC[NH2+]CC3)c2)cc(N2CC[NH2+]CC2)c1,9.3,0.8419178752032559,0.687176696992562,0.6060606060606061
C[C@@H](C(=O)C(F)c1cccc(N2CC[NH2+]CC2)c1)c1cccc(-c2ccccc2)c1,11.0,0.672230375858593,0.6865986427038133,0.3888888888888889
CN,2.1,0.3846582089034356,0.7782360431936574,0.0
NC(=O)N1CC[NH2+]CC1,4.8,0.3890900915769218,0.5935171615903226,0.2051282051282051
FC(c1ccccc1)(c1ccccc1)c1cccc(N2CC[NH2+]CC2)c1,7.0,0.7178240251862338,0.773745951942155,0.7428571428571429
Cc1cccc(C(F)(F)c2cccc(N3CC[NH2+]CC3)c2)c1,10.1,0.92343547444305,0.7506976489572712,0.6842105263157895
CCc1cccc(C(F)(C=O)c2cccc(F)c2)c1,8.5,0.7640899633635921,0.7877910437103967,0.22
c1cc(-c2ccc3ccccc3c2)cc(N2CC[NH2+]CC2)c1,9.9,0.7687623085065224,0.8044087489683712,0.4878048780487805
O=C(C(=O)C1(F)Nc2cccc(c2)C1(F)c1cccc(F)c1)N1CC[NH2+]CC1,10.2,0.6095906184080931,0.505191583166583,0.2711864406779661
O=C(c1cccc(N2CCC(c3cccc(N4CC[NH2+]CC4)c3)CC2)c1)C(F)c1cccc(C(F)c2cccc(N3CC[NH2+]CC3)c2)c1,12.7,0.2558951665699874,0.5840578019205708,0.35
C1=C(c2cccc(-c3cccc(N4CC[NH2+]CC4)c3)c2)C2=CC=C1C2c1ccc(N2CC[NH2+]CC2)cc1,8.2,0.5793004825404444,0.5418077932276321,0.3773584905660377
Fc1ccccc1,5.0,0.4618403302914614,1.0,0.1428571428571428
c1ccc(-c2cccc(N3CC[NH2+]CC3)c2)cc1,9.1,0.8459072859941508,0.7997196535222658,0.5555555555555556
FCc1cccc(C(F)c2cccc(-c3ccccc3)c2)c1,7.4,0.563198589003942,0.8205670421762437,0.1372549019607843
Cc1ccc(-c2cccc(C3CC3)c2)cc1,8.4,0.6793628688000486,0.9434481627167774,0.1458333333333333
CC(CCCCC(=O)F)C(=O)Nc1cccc(N2CC[NH2+]CC2)c1,8.7,0.5608806749990173,0.6979255513549663,0.3684210526315789
NCC(F)(c1cccc(C=O)c1)c1cccc(N2CC[NH2+]CC2)c1,6.3,0.8068062809285773,0.6633204657755838,0.5777777777777777
NC(=O)c1ccc(-c2cccc(-c3cccc([NH3+])c3)c2)cc1,7.1,0.7641793130333079,0.8514141324737547,0.1176470588235294
FC(F)c1cccc(C(F)(F)c2cccc(N3CC[NH2+]CC3)c2)c1,10.3,0.8485753410726865,0.7331844647150356,0.65
FC(c1cccc(C(F)N2CC[NH2+]CC2)c1)c1cccc(N2CC[NH2+]CC2)c1,10.2,0.7498992022935623,0.5494185308967459,0.4772727272727273
FC(F)(Cc1cccc(N2CC[NH2+]CC2)c1)c1cccc(N2CC[NH2+]CC2)c1,10.6,0.795129978265742,0.663551819615343,0.6666666666666666
CC(=O)F,3.0,0.3733360674146106,0.8521316273155235,0.0277777777777777
CC(F)(F)c1cccc(C(F)C(F)(F)c2cccc(N3CC[NH2+]CC3)c2)c1,10.4,0.7720565085242274,0.6639309963602912,0.5909090909090909
FC(c1cccc(C(F)(F)c2cccc(N3CC[NH2+]CC3)c2)c1)N1CC[NH2+]CC1,10.7,0.7293356758052392,0.5875671095090438,0.6046511627906976
CCCC(=O)C(Oc1cccc(N2CC[NH2+]CC2)c1)C(=O)c1cnc(-c2cccc(N)c2)nc1,7.1,0.2854593439432927,0.6842300345283284,0.2985074626865671
FN1CC[NH2+]CC1,4.0,0.3814945930820924,0.4502428493605723,0.2727272727272727
CC(C)[C@@H](F)Oc1cccc(F)c1,6.1,0.7041133186835818,0.8052419087857573,0.1458333333333333
NC(=O)C(=O)c1ccccc1,6.4,0.4869786632198862,0.923600475454154,0.0930232558139534
FF,1.9,0.3741821364263268,0.6703027098603241,0.0333333333333333
O=C(Cc1ccccc1)Nc1cccc(C(F)F)c1,6.6,0.8905621925885133,0.9224905732266208,0.125
CC(=O)c1ccc(N2CC[NH2+]CC2)cc1,6.7,0.7037667985946872,0.7591287590118486,0.3658536585365853
CC(F)(F)c1cccc(C(F)c2cccc(C3CC3)c2)c1,9.3,0.6737565990617524,0.7831188026408705,0.2352941176470588
FC(F)c1cccc(C(F)c2cccc(N3CC[NH2+]CC3)c2)c1,10.1,0.9173198431026688,0.6746685884407718,0.5121951219512195
FCc1cccc(CCCOc2cccc(N3CC[NH2+]CC3)c2)c1,8.4,0.7911729572654932,0.7765487085490805,0.4285714285714285
NS(=O)(=O)c1cccc(N2CC[NH2+]CC2)c1,7.4,0.6775068081355337,0.7373735882091598,0.5
O=C(CON1CC[NH2+]CC1)C(c1ccccc1)(c1cccc(O)c1)C(F)(F)C(F)(c1cccc(F)c1)C(F)F,9.5,0.3734264994895691,0.6043916566800299,0.2794117647058823
FC(F)(c1ccccc1)c1cccc(N2CC[NH2+]CC2)c1,9.8,0.9181379656418376,0.7603800769226972,0.7428571428571429
NCc1cccc(-c2ccc(C(=O)N3CC[NH2+]CC3)cc2)c1,9.8,0.8811214856568023,0.7971262242014715,0.2592592592592592
CC(=O)Nc1cccc(N2CC[NH2+]CC2)c1,7.3,0.7384484975405782,0.7617846175662759,0.4651162790697674
C[C@@H](CC(F)F)C(=O)C(F)Nc1cccc(N2CC[NH2+]CC2)c1,8.0,0.7474509181638929,0.6020036890289422,0.3888888888888889
O=C(c1ccccc1)C(F)c1ccccc1,8.0,0.7135393467065501,0.8645729794373691,0.108695652173913
O=Cc1ccc(-c2cccc(Cc3cccc(C(F)(c4cccc(N5CC[NH2+]CC5)c4)C4CC4)c3)c2)cc1,12.2,0.3091247434407935,0.7006153898857072,0.4482758620689655
c1cc(-c2ccc(N3CC[NH2+]CC3)cc2)cc(N2CC[NH2+]CC2)c1,9.7,0.8419178752032559,0.693299773915639,0.5405405405405406
FOc1cccc(C(F)(F)N2CC[NH2+]CC2)c1,7.6,0.8032752184271927,0.638427431077545,0.4418604651162791
FF,1.9,0.3741821364263268,0.6703027098603241,0.0333333333333333
CC(F)(c1cccc(F)c1)c1cccc(-c2ccccc2)c1,10.4,0.5787636496763832,0.8347597009064022,0.2391304347826087
O=C(c1cccc(N2CC[NH2+]CC2)c1)C(F)(F)C(F)F,8.2,0.6673233352050177,0.7017111431694052,0.5227272727272727
C1CN(N2CC[NH2+]CC2)CC[NH2+]1,4.9,0.4339983984663627,0.4585979666205537,0.25
FC(F)C(F)(F)c1cccc(CN2CC[NH2+]CC2)c1,8.1,0.8252225048530724,0.7106293304163211,0.4130434782608695
CC(F)(c1cccc(F)c1)c1cccc(-c2ccccc2)c1,10.4,0.5787636496763832,0.8347597009064022,0.2391304347826087
c1cc(N2CC[NH2+]CC2)cc(N2CC[NH2+]CC2)c1,7.6,0.6653968975497009,0.6270159498185622,0.6666666666666666
Fc1cccc(N2CC[NH2+]CC2)c1,6.6,0.6562156174631478,0.732926442531633,0.6176470588235294
Cc1cc(C)n(C(F)(F)C(F)c2ccccc2)n1,7.7,0.8150368413853221,0.7687037707077481,0.173076923076923
c1ccc(N2CC[NH2+]CC2)cc1,6.0,0.6208178337972532,0.7471705957410095,0.53125
O=C1CC(Cc2cccc(N3CC[NH2+]CC3)c2)(c2ccccc2)O1,8.9,0.8666156725524155,0.6932689320918762,0.3846153846153846
Fc1ccc(-c2cccc(N3CC[NH2+]CC3)c2)cc1,9.0,0.8704613128318515,0.7943482553593026,0.5384615384615384
Cc1cccc(Cc2cccc(N3CC[NH2+]CC3)c2)c1,9.6,0.9010799409427612,0.7872741394951134,0.4761904761904761
CC(C(N)=O)C(Cc1ccccc1)(C(=O)c1ccccc1)C(C)c1cccc(N2CC[NH2+]CC2)c1,9.6,0.4705533197910958,0.6435207294003027,0.3387096774193548
Cc1cccc(Cc2cccc(N3CC[NH2+]CC3)c2)c1,9.6,0.9010799409427612,0.7872741394951134,0.4761904761904761
c1ccc(N2CC[NH2+]CC2)cc1,6.0,0.6208178337972532,0.7471705957410095,0.53125
FC(F)Cc1cccc(C(F)(F)c2cccc(N3CC[NH2+]CC3)c2)c1,6.9,0.8194540795859441,0.7317813060080606,0.6046511627906976
FC(F)(F)c1cccc(N2CC[NH2+]CC2)c1,7.5,0.7665856993035065,0.7458867506023221,1.0
FC(F)c1ccc(N2CC[NH2+]CC2)cc1,6.3,0.7768174764563612,0.7221563082068396,0.4324324324324324
c1ccc(-c2cccc(N3CC[NH2+]CC3)c2)cc1,9.1,0.8459072859941508,0.7997196535222658,0.5555555555555556
O=CC(F)(c1cccc(Cc2cccc(C(=O)c3ccc(-c4cccc(N5CC[NH2+]CC5)c4)cc3)c2)c1)C1CC1,11.0,0.2337188680282639,0.6957171223580516,0.3846153846153846
Cc1cccc(O)c1,5.7,0.5359354364287862,0.9444941016044806,0.15
OC(c1cccc(C2c3ccc(cc3)-c3cccc2c3)c1)C(F)(F)F,10.3,0.5148548571524103,0.6719757168575656,0.1666666666666666
O=C(F)c1ccc(-c2cccc(F)c2)cc1,8.2,0.7036100355982103,0.9066200839356552,0.1702127659574468
CC(F)(F)C(F)(F)N1CCOCC1,5.3,0.4963200139469401,0.7890543063087228,0.1395348837209302
FC(F)(c1ccccc1)c1cccc(N2CC[NH2+]CC2)c1,6.7,0.9181379656418376,0.7603800769226972,0.7428571428571429
c1ccc(-c2cccc(N3CC[NH2+]CC3)c2)cc1,9.1,0.8459072859941508,0.7997196535222658,0.5555555555555556
O=C(Nc1cccc(N2CC[NH2+]CC2)c1)C(F)F,8.0,0.815511015161203,0.7381189496509737,0.4666666666666667
Cc1cccc(C(F)c2cccc(F)c2)c1,8.6,0.70847711426606,0.8325255546882053,0.1739130434782608
FC(F)(c1cccc(N2CC[NH2+]CC2)c1)N1CC[NH2+]CC1,8.5,0.7027894905022931,0.5960678448924325,0.7428571428571429
O=C(c1cccc(N2CCC(C(F)c3cccc(N4CC[NH2+]CC4)c3)CC2)c1)C(F)c1cccc(C(F)(F)c2cccc(N3CC[NH2+]CC3)c2)c1,13.8,0.1716352926808605,0.5665197299682947,0.4406779661016949
FC(F)CC(F)c1cccc(-c2cccc(N3CC[NH2+]CC3)c2)c1,10.0,0.8876563430654386,0.68625558283244,0.4565217391304347
FC(F)c1cccc(-c2cccc(N3CC[NH2+]CC3)c2)c1,9.7,0.9206517011059152,0.7655455245897841,0.5121951219512195
O=C(c1ccccc1)c1cccc(-c2cccc(-c3cccc(C(F)c4cccc(F)c4)c3)c2)c1,12.8,0.2323747959122075,0.8105691872550932,0.1403508771929824
Fc1cccc(C(F)c2cccc(N3CC[NH2+]CC3)c2)c1,9.4,0.918622099023286,0.6929091318142411,0.5121951219512195
FC(F)(c1ccccc1)c1cccc(N2CC[NH2+]CC2)c1,9.9,0.9181379656418376,0.7603800769226972,0.7428571428571429
c1cc(C2CC2)cc(N2CC[NH2+]CC2)c1,7.4,0.7583062393568032,0.7389768562634342,0.5263157894736842
FCc1cccc(C(F)(F)c2cccc(C[NH2+]c3cccc(N4CC[NH2+]CC4)c3)c2)c1,10.3,0.5589621574998976,0.6666949731040072,0.5
Fc1cccc(Nc2cccc(-c3cccc(N4CCOCC4)c3)c2)c1,11.1,0.7120592293838947,0.8961539439501472,0.2941176470588235
c1cc(N2CC[NH2+]CC2)cc(N2CC[NH2+]CC2)c1,7.9,0.6653968975497009,0.6270159498185622,0.6666666666666666
Fc1cccc(N2CC[NH2+]CC2)c1,6.6,0.6562156174631478,0.732926442531633,0.6176470588235294
COc1cccc(N2CC[NH2+]CC2)c1,6.5,0.7203867074961816,0.7530566703827579,0.5405405405405406
CC(C(N)=O)c1cccc(-c2ccccc2)c1,8.9,0.8570323934127131,0.8750535855907786,0.1176470588235294
Fc1ccccc1,4.8,0.4618403302914614,1.0,0.1428571428571428
OCC(c1cccc(O)c1)C(F)(OF)c1cccc(F)c1,8.3,0.8898935146853413,0.7189259829453015,0.1929824561403508
FC(c1ccccc1)(c1cccc(N2CC[NH2+]CC2)c1)C1CCCC1,9.2,0.904019720726886,0.7038984241826803,0.6190476190476191
c1cc(N2CC[NH2+]CC2)cc(N2CC[NH2+]CC2)c1,7.5,0.6653968975497009,0.6270159498185622,0.6666666666666666
Fc1cccc(N2CC[NH2+]CC2)c1,6.5,0.6562156174631478,0.732926442531633,0.6176470588235294
O=C(F)c1ccc(-c2cccc(C(=O)CF)c2)cc1,8.7,0.6212157864343836,0.8632667759896159,0.1568627450980392
O=CC(c1ccccc1)c1cccc(-c2cccc(N3CC[NH2+]CC3)c2)c1,10.3,0.7127397577824205,0.7211988040525987,0.4166666666666667
FC(F)(F)c1cccc(N2CC[NH2+]CC2)c1,7.6,0.7665856993035065,0.7458867506023221,1.0
Fc1cccc(F)c1,5.4,0.4832965029562796,0.967241654052033,0.2058823529411764
FN1CC[NH2+]CC1,4.0,0.3814945930820924,0.4502428493605723,0.2727272727272727
c1cc(-c2ccc(N3CC[NH2+]CC3)cc2)cc(N2CC[NH2+]CC2)c1,9.1,0.8419178752032559,0.693299773915639,0.5405405405405406
Cc1cccc(N2CC[NH2+]CC2)c1,6.6,0.6571059973541054,0.7387774546773819,0.5714285714285714
Fc1cccc(N2CC[NH2+]CC2)c1,6.5,0.6562156174631478,0.732926442531633,0.6176470588235294
c1cc(C2CC2)cc(N2CC[NH2+]CC2)c1,7.3,0.7583062393568032,0.7389768562634342,0.5263157894736842
FC(c1cccc(-c2ccccc2)c1)(c1cccc(-c2cccc(N3CC[NH2+]CC3)c2)c1)c1cccc(N2CC[NH2+]CC2)c1,13.4,0.2631126337186306,0.6662245580437554,0.65
Cc1cccc(C(F)(F)c2ccccc2)c1,8.7,0.7103840175463678,0.9014505112860828,0.2682926829268293
FF,1.8,0.3741821364263268,0.6703027098603241,0.0333333333333333
CC(c1cccc(F)c1)C(F)(F)C1CC1,7.1,0.7136275486152545,0.7828342695179268,0.2291666666666666
FC1=C2C=CC(=C1)C2(c1cccc(F)c1)c1cccc(N2CC[NH2+]CC2)c1,9.5,0.8876215052870027,0.5650930389642769,0.4038461538461538
FN1CC[NH2+]CC1,4.0,0.3814945930820924,0.4502428493605723,0.2727272727272727
O=C(c1ccc(-c2cccc(N3CC[NH2+]CC3)c2)cc1)N1CC[NH2+]CC1,10.2,0.8008920482585082,0.7045501477463509,0.4347826086956521
Cc1cccc(C2C(=O)c3cccc(c3)-c3cccc(c3)-c3cccc2c3)c1,12.2,0.3709386619414997,0.646953585900405,0.12
O=C1CC(c2ccccc2)(c2cccc(F)c2)O1,6.0,0.756548325677187,0.8136380151747653,0.1568627450980392
O=C(Nc1cccc(N2CC[NH2+]CC2)c1)C(F)C(F)(F)F,8.3,0.8156614262650228,0.6761479803597035,0.4893617021276595
c1ccc(CN2CC[NH2+]CC2)cc1,6.3,0.6772290467927635,0.7660726379017149,0.3
c1cc(-c2cccc(N3CC[NH2+]CC3)c2)cc(N2CC[NH2+]CC2)c1,9.3,0.8419178752032559,0.687176696992562,0.6060606060606061
C1CN(N2CC[NH2+]CC2)CC[NH2+]1,4.9,0.4339983984663627,0.4585979666205537,0.25
Cc1cccc(F)c1,5.4,0.4796017536231644,0.9625773183876974,0.1794871794871795
O=C(c1cccc(C(F)(F)c2cccc(N3CC[NH2+]CC3)c2)c1)C(F)F,10.1,0.6517262798537289,0.7280299747686436,0.5777777777777777
FC(c1ccccc1)(c1cccc(-c2ccccc2)c1)c1nnco1,10.7,0.528519101531238,0.7885894844737407,0.2115384615384615
Cc1cccc(C(F)(c2cccc(C(C)(F)c3cccc(N4CC[NH2+]CC4)c3)c2)C2CC2)c1,8.3,0.5482164157934516,0.6412802945569948,0.5416666666666666
CCCC(CO)C(F)(F)c1cccc(N2CC[NH2+]CC2)c1,7.7,0.836921354103599,0.6538967822299547,0.5652173913043478
c1ccc(C(c2cccc(N3CC[NH2+]CC3)c2)N2CC[NH2+]CC2)cc1,9.1,0.8262810291466718,0.6417002564765126,0.4761904761904761
OCC(c1cccc(N2CC[NH2+]CC2)c1)C(F)(F)c1cccc(N2CC[NH2+]CC2)c1,5.9,0.6334980747232166,0.6029292165992053,0.5909090909090909
Fc1cccc(-c2cccc(-c3cccc(N4CC[NH2+]CC4)c3)c2)c1,7.7,0.7770165501165505,0.8047454505426275,0.5384615384615384
CCc1c(C(N)=O)cnn1-c1cccc(C(F)(c2cccc(N3CC[NH2+]CC3)c2)C(F)CC(F)F)c1,10.2,0.4397257275832327,0.6153519907078224,0.40625
c1cc(N2CC[NH2+]CC2)cc(N2CC[NH2+]CC2)c1,7.9,0.6653968975497009,0.6270159498185622,0.6666666666666666
CC(C(N)=O)(c1cccc(N2CC[NH2+]CC2)c1)c1cccc(C(F)(F)Oc2ccccc2)c1,10.7,0.5790561073823394,0.693107427701404,0.490566037735849
O=C(F)NC(F)F,4.6,0.3966929895662732,0.6921443878221109,0.0238095238095238
O=C(NCc1cccc(N2CC[NH2+]CC2)c1)Nc1cccc(ON2CC[NH2+]CC2)c1,6.0,0.5181740234330505,0.6830777051879298,0.3389830508474576
c1cc(N2CC[NH2+]CC2)cc(N2CC[NH2+]CC2)c1,7.9,0.6653968975497009,0.6270159498185622,0.6666666666666666
FC(F)c1cccc(N2CC[NH2+]CC2)c1,7.1,0.7768174764563611,0.7136987053445857,0.5675675675675675
Nc1cccc(N2CC[NH2+]CC2)c1,6.4,0.5775053155579013,0.7154555923292037,0.5882352941176471
c1cc(-c2cccc(N3CC[NH2+]CC3)c2)cc(N2CC[NH2+]CC2)c1,10.3,0.8419178752032559,0.687176696992562,0.6060606060606061
CC(=O)C(c1ccccc1)(c1cccc(Cc2cccc(N3CC[NH2+]CC3)c2)c1)c1cccc(C(F)(F)c2cccc(C3CC3)c2)c1,11.1,0.1620282770396248,0.6757054700123482,0.3968253968253968
N#CSC(c1cccc(N2CC[NH2+]CC2)c1)(C1CCC1)C(F)(F)c1cccc(N2CC[NH2+]CC2)c1,9.5,0.5748769590544401,0.5780704834933142,0.52
FC(F)c1cccc(C2(F)c3cccc(c3)CN3CCC2CC3)c1,10.7,0.7430836554340188,0.5536109897443687,0.1724137931034483
c1ccc(-c2cccc(N3CC[NH2+]CC3)c2)cc1,9.1,0.8459072859941508,0.7997196535222658,0.5555555555555556
O=C(c1ccccc1)C(F)F,6.0,0.5992557435534939,0.9073989369926154,0.1162790697674418
Fc1cccc(C(F)c2cccc(C3CCNCC3)c2)c1,7.1,0.8845665640763366,0.7913681482076836,0.1666666666666666
FF,1.7,0.3741821364263268,0.6703027098603241,0.0333333333333333
c1ccc2cc(N3CC[NH2+]CC3)ccc2c1,7.6,0.7548625877000047,0.7745835027390743,0.4864864864864865
O=C1Cc2cccc(c2)C(F)(C2CC2)C2CCN(CC2)c2cccc(c2)-c2cccc(c2)[NH2+]C(F)(F)N1,9.7,0.3494144526175949,0.4555780711861048,0.2388059701492537
CC(O)(F)C(F)(OCCc1cccc(N2CC[NH2+]CC2)c1)c1cccc(N2CC[NH2+]CC2)c1,9.8,0.5350360019592538,0.5692942837033468,0.52
Cc1cccc(-c2cccc(F)c2)c1,8.3,0.6350432033192831,0.9574060887692496,0.1627906976744186
O=C1CCCC1C(F)(c1cccc(Nc2cccc(F)c2)c1)c1cccc(N2CC[NH2+]CC2)c1,11.6,0.5658041810868703,0.6579074555936405,0.4561403508771929
c1ccc(-c2cccc(-c3cccc(N4CC[NH2+]CC4)c3)c2)cc1,11.0,0.7850483764409429,0.8163717824626475,0.5405405405405406
FC(F)[NH+]1CCC(=Nc2cccc(-c3cccc(N4CC[NH2+]CC4)c3)c2)CC1,7.3,0.7716176318585732,0.642098911547801,0.3962264150943396
Fc1cccc(NN2CCC(c3cccc(N4CC[NH2+]CC4)c3)CC2)c1,9.6,0.8841056497354236,0.7511725253687285,0.4038461538461538
CCCCOc1cccc(C(F)(c2cccc(N3CC[NH2+]CC3)c2)C2CCC2)c1,9.5,0.6744962313481051,0.699845314637249,0.4814814814814814
FCN1CC[NH2+]CC1,3.8,0.4293943612044918,0.5106095166242434,0.25
Oc1cccc(C(F)c2cccc(N3CC[NH2+]CC3)c2)c1,9.4,0.904013551434145,0.685644314664178,0.4883720930232558
Fc1ccc(-c2cccc(N3CC[NH2+]CC3)c2)cc1,9.0,0.8704613128318515,0.7943482553593026,0.5384615384615384
CC(F)(c1ccccc1)c1cccc(N2CC[NH2+]CC2)c1,9.3,0.9171027452450512,0.6986183373627909,0.7027027027027027
NC(=O)C(F)F,4.1,0.4785326563856399,0.8267252710977243,0.0256410256410256
FCN1CC[NH2+]CC1,3.8,0.4293943612044918,0.5106095166242434,0.25
C1=CC2=NC=C(CC3(CC4=CN=C5C=CC(n6cnnc6)=CC45)CC3)C2C=C1n1cnnc1,6.3,0.6908602131575644,0.5048668772751884,0.4603174603174603
CCOC1=CC2C(CCCC3=CN=C4C=CC(n5cnnc5)=CC34)=CN=C2C=C1,6.1,0.7044159458540393,0.5417921402736269,0.4776119402985074
C1=CC2=NC=C(CC3CC3)C2C=C1n1cnnc1,8.2,0.8113569002191232,0.6135705459809923,0.4677419354838709
COc1ccc(C[NH+]2CCN(C3=CN=C4C=CC(n5cnnc5)=CC34)CC2)cc1,9.6,0.8293388651160825,0.5795832820961465,0.4459459459459459
Cc1cc(-c2ccccc2)cc([NH+]2CCN(C3=CN=C4C=CC(n5cnnc5)=CC34)CC2)c1,11.8,0.6852475275617038,0.5894724398928601,0.4285714285714285
CCc1ccc(-c2ccccc2)c(C2=CN=C3C=CC(n4cnnc4)=CC23)c1,6.3,0.6515229267714621,0.6987981305516422,0.4054054054054054
Fc1ccccc1CC1=CC2C(CCCN3CC[NH+](CCc4ccccc4)CC3)=CN=C2C=C1,10.6,0.6038049536563429,0.6308270875460322,0.6716417910447762
CC(C)C1=CC2C(CCCC3=CN=C4C=CC(n5cnnc5)=CC34)=CN=C2C=C1,7.0,0.699940649273047,0.5332391696327766,0.4923076923076923
C1=CC2=NC=C(Cc3ccccc3)C2C=C1n1cnnc1,9.0,0.863384284234977,0.6742134933907339,0.576271186440678
C1=CC2=NC=C(CCCN3CC[NH2+]CC3)C2C=C1n1cnnc1,8.3,0.8507497232361606,0.550104343989571,0.639344262295082
CCN1CC[NH+](c2ccc(CCCC3=CN=C4C=CC(n5cnnc5)=CC34)cc2)CC1,9.2,0.7561092407347403,0.5698278054321794,0.6176470588235294
CCCCCC1=CN=C2C=CC(n3cnnc3)=CC12,7.2,0.7570694765915961,0.639468915367042,0.5245901639344263
C[NH+]1CCN(CCCCCCC2=CN=C3C=CC(n4cnnc4)=CC23)CC1,8.7,0.7073455779051121,0.5699822655910604,0.6507936507936508
C1=CC2=NC=C(Cc3ccccc3CC3=CN=C4C=CC(n5cnnc5)=CC34)C2C=C1n1cnnc1,12.0,0.5431736672062389,0.5393741452309669,0.5081967213114754
c1ccc(CC[NH+]2CCN(CC3(N4CC[NH+](CCc5ccccc5)CC4)CCC3)CC2)cc1,9.4,0.590026147507295,0.6507464423654975,0.3582089552238806
C1=CC2=NC=C(CCCCCCC3(c4ccccc4)CCCC3)C2C=C1n1cnnc1,10.2,0.4414428344753333,0.6703416238951563,0.5285714285714286
C1=CC2=NC=C(N3CC[NH+](CCC4CCCCC4)CC3)C2C=C1n1cnnc1,9.9,0.8483856501848189,0.5585064517485178,0.4583333333333333
O=C(OCc1ccccc1)C1=CN=C2C=CC(n3cnnc3)=CC12,9.0,0.8117114050245811,0.6920951230839828,0.4428571428571428
CCc1cc2ccc1[NH+]1CCN(CCCC3=CN=C4C=CC2=CC34)CC1,6.7,0.8289371831926742,0.392158202864531,0.2272727272727272
C1=CC2=NC=C(c3ccc(-c4ccccc4)o3)C2C=C1n1cnnc1,10.3,0.7290852717055737,0.6831137949380511,0.4057971014492754
C1=CC2=NC=C(N3CC[NH+](CCc4ccccc4)CC3)C2C=C1c1ccccc1,11.1,0.8428674300658606,0.6369082425139698,0.4782608695652174
CCC1=CN=C2C=CC(n3cnnc3)=CC12,7.6,0.7526150065184666,0.6043084024787126,0.4915254237288136
C1=CC2=NC=C(CCC3(CCCN4CC[NH+](CCc5ccccc5)CC4)CN3)C2C=C1n1cnnc1,10.4,0.478744007499581,0.5355881239832636,0.7910447761194029
CC1(CC2=CN=C3C=CC(n4cnnc4)=CC23)CC2CC(N3CC[NH+](CCc4ccccc4)CC3)CC21,11.0,0.6415334520485392,0.4779707454105842,0.5974025974025974
Cc1oc(N2CC[NH+](CCc3ccccc3)CC2)nc1-n1cnnc1,8.4,0.7338348744214304,0.6760471137442907,0.4084507042253521
C1=CC2=NC=C(c3ccc(CCCCCN4CC[NH+](CCc5ccccc5)CC4)cc3)C2C=C1n1cnnc1,11.2,0.3904533381867239,0.6230118296316384,0.7313432835820896
CCN1CC[NH+](CCc2ccccc2)CC1,6.8,0.7724387387480383,0.7283254558214529,0.4
C1=CC2=NC=C(CCCN3CC[NH2+]CC3)C2C=C1n1cnnc1,8.3,0.8507497232361606,0.550104343989571,0.639344262295082
CCCN1CC[NH+](CC)CC1,4.5,0.5865018996355941,0.6289165879438148,0.1904761904761904
CC[NH+]1CCN(C2=CN=C3C=CC([C@@H](c4ccccc4)C(F)(F)F)=CC23)CC1,10.1,0.8409232371907722,0.5496763404652262,0.3048780487804878
C1=CC2=NC=C(CCCNCn3cnnc3)C2C=C1n1cnnc1,8.5,0.775753949716377,0.5988693044972488,0.4848484848484848
CC[NH+]1CCN(C2=CN=C3C=CC(Cc4ccc(-c5ccccc5)cc4)=CC23)CC1,7.6,0.8198041833849045,0.6349069711964098,0.3376623376623376
C=COC(=O)C1=CN=C2C=CC(n3cnnc3)=CC12,5.2,0.6024089190638322,0.5950543449374713,0.3333333333333333
C1=CC2=NC=C(CCc3ccco3)C2C=C1n1cnnc1,6.2,0.8637130200172372,0.6379077546849952,0.4848484848484848
C1=CC2=NC=C(CC3(CN4CC[NH+](CCc5ccccc5)CC4)CC3)C2C=C1n1cnnc1,9.8,0.6837904540448677,0.5692642766275539,0.7272727272727273
C1=CC2=NC=C(CNCCN3CC[NH+](CCc4ccccc4)CC3)C2C=C1n1cnnc1,6.9,0.5745673218814226,0.5886089309991553,0.78125
CCC(F)(F)C[NH+]1CCN(CCCN2CC[NH+](CCc3ccccc3)CC2)CC1,8.3,0.5675504290484084,0.6331669623218175,0.4242424242424242
CN(C)C1=CC2C(CCCC3=CN=C4C=CC(n5cnnc5)=CC34)=CN=C2C=C1,9.8,0.7498513139760458,0.532178898139564,0.4923076923076923
C1=CC2=NC=C(CCCC3=CN=C4C=CC(n5cnnc5)=CC34)C2C=C1c1cccs1,10.8,0.6174002541467238,0.5478284938832815,0.4927536231884058
OC[C@@H](O)CCC[NH+]1CCN(C2=CN=C3C=CC(n4cnnc4)=CC23)CC1,8.4,0.5681376670285043,0.5019996984724648,0.4794520547945205
c1cc2c3sc(nc3c1)[NH+]1CCN2CC1,6.0,0.7004363925944135,0.5420756357051347,0.1298701298701298
CCCC1=CN=C2C=CC(n3cnnc3)=CC12,7.2,0.7940865050009769,0.6148985855907786,0.5
C[NH+]1CCN(CCCN2CC[NH+](CCc3ccccc3)CC2)CC1,8.0,0.6420151155506253,0.6458616012901425,0.4590163934426229
C1=CC2=NC=C(CCCN3CC[NH2+]CC3)C2C=C1n1cnnc1,8.3,0.8507497232361606,0.550104343989571,0.639344262295082
CCCCCCC1=CN=C2C=CC(n3cnnc3)=CC12,7.6,0.7395567489445437,0.6482669172156483,0.5161290322580645
CN1CC[NH+](CCc2ccccc2)CC1,6.7,0.7330531046557042,0.7205044786410567,0.3898305084745763
CC[NH+]1CCN(CCCC2=CN=C3C=CC(Cc4ccccc4)=CC23)CC1,9.5,0.7906090442430534,0.6102672655910603,0.6153846153846154
CN1CC[NH+](c2ccc(CN3CC[NH+](CCc4ccccc4)CC3)cc2)CC1,9.2,0.738741508269947,0.6517467675119952,0.3768115942028985
CCCC(CC(=O)OC1=CN=C2C=CC(n3cnnc3)=CC12)c1ccccc1,6.7,0.6838099484550566,0.6382701256434625,0.3974358974358974
C1=CC2=NC=C(CCc3ccccc3)C2C=C1n1cnnc1,9.2,0.8662145149452083,0.6786628755095767,0.6491228070175439
C1=CC2=NC=C(CCc3ccc(Oc4ccccc4)cc3)C2C=C1n1cnnc1,7.4,0.5999464856449979,0.7055352982168877,0.5538461538461539
CCCc1c(NC2=CN=C3C=CC(n4cnnc4)=CC23)cccc1-n1cnnc1,9.7,0.7050523228437041,0.6295464305755742,0.3684210526315789
C1=CC2=NC=C(CCCC3=CN=C4C=CC(n5cnnc5)=CC34)C2C=C1C1CC1,10.5,0.7186383786742834,0.5378257717584211,0.515625
O=C1CC2=CC3C(=CN=C3C=C2)CCCC2=CN=C3C=CC(=CC23)O1,10.1,0.631245572641126,0.3593798105233864,0.175
CC[C@@H](CN1CC[NH+](CCc2ccccc2)CC1)n1cnnc1,7.9,0.8164108824608857,0.640910347661943,0.4117647058823529
C1=CC2=NC=C(N3CC[NH+](Oc4ccc(Cc5ccccc5)nc4)CC3)C2C=C1n1cnnc1,10.7,0.617433525803056,0.5905860230775944,0.4430379746835443
COC1=CC2C(CCCC3=CN=C4C=CC(n5cnnc5)=CC34)=CN=C2C=C1,10.1,0.7624445300317573,0.5382081870824644,0.4923076923076923
c1ccc(CC[NH+]2CCN(CCCN3CC[NH2+]CC3)CC2)cc1,7.2,0.6539403163422193,0.653180530613461,0.4516129032258064
C1=CC2=NC=C(CCCCCCN3CC[NH2+]CC3)C2C=C1n1cnnc1,5.6,0.7201296010403212,0.5764188673867651,0.59375
Oc1nc(CC2=CN=C3C=CC(n4cnnc4)=CC23)sc1N1CC[NH+](CCc2ccccc2)CC1,10.5,0.5338246980969396,0.5545332376089624,0.6216216216216216
C1=CC2=NC=C(Cc3ccccc3)C2C=C1n1cnnc1,6.5,0.863384284234977,0.6742134933907339,0.576271186440678
CCCCCN1CC[NH+](CCc2ccccc2)CC1,7.5,0.7330227672037805,0.755344134480182,0.4590163934426229
CCC(=O)CC[NH+]1CCN(CCCC2=CN=C3C=CC(n4cnnc4)=CC23)CC1,5.6,0.6772644546741773,0.5489954719309356,0.6865671641791045
CCN1CC[NH+](c2cccc(Cl)c2)CC1,6.7,0.7949121276732681,0.6792400291370722,0.1780821917808219
CNC[NH+]1CCN(C2=CN=C3C=CC(n4cnnc4)=CC23)CC1,8.7,0.7469438110854202,0.5083859132728027,0.4428571428571428
Fc1ccc(F)c(CCC2=CN=C3C=CC(n4cnnc4)=CC23)c1,9.6,0.8629629808642701,0.6586586024215467,0.4492753623188406
C[NH+]1CCN(CCCN2CC[NH+](CCc3ccccc3)CC2)CC1,8.0,0.6420151155506253,0.6458616012901425,0.4590163934426229
c1ccc(CC[NH+]2CCN(c3ccc4ccccc4c3)CC2)cc1,9.8,0.7773881896221347,0.7839984918643569,0.3235294117647059
O=C(C1=CC2C(CCCN3CC[NH+](CCN4CCNCC4)CC3)=CN=C2C=C1)c1ccccc1,10.0,0.5442233102183593,0.613240796609246,0.5333333333333333
CCCC1=CN=C2C=CC(c3cccc(CCc4ccccc4)c3)=CC12,7.6,0.5956969711816781,0.7413307478140302,0.3611111111111111
Fc1ccccc1CC1=CC2C(CCCC3=CN=C4C=CC(n5cnnc5)=CC34)=CN=C2C=C1,11.7,0.5487698481850269,0.5643446546981664,0.5294117647058824
c1ccc(CC[NH+]2CCN(c3ccccc3)CC2)cc1,8.1,0.8846330294007074,0.7803261082043702,0.360655737704918
CCC[C@H](C)[NH+]1CCN(CCCC2=CN=C3C=CC(n4cnnc4)=CC23)CC1,9.3,0.7472484959339023,0.5255207823038754,0.6268656716417911
C1=CC2=NC=C(CCCN3CC[NH2+]CC3)C2C=C1n1cnnc1,6.1,0.8507497232361606,0.550104343989571,0.639344262295082
C1=CC2=NC=C(CCCCc3ccc(-n4cnnc4)o3)C2C=C1n1cnnc1,9.1,0.5935282608677924,0.6131531550452212,0.4925373134328358
C1=CC2=NC=C(CCCc3cccc(-n4cnnc4)c3)C2C=C1n1cnnc1,10.3,0.6684788596008431,0.6521778803199463,0.5538461538461539
OCCCCCCCC1=CN=C2C=CC(n3cnnc3)=CC12,5.5,0.7504303449886817,0.6526813764957703,0.5161290322580645
C[NH+]1CCN(CCCN2CC[NH+](CCc3ccccc3)CC2)CC1,8.0,0.6420151155506253,0.6458616012901425,0.4590163934426229
C[C@@H](C(=O)N1CC[NH+](CCc2ccccc2)CC1)n1cnnc1,8.7,0.8321541777694896,0.6546021792280939,0.3661971830985915
CCCC1=CN=C2C=CC(C3(C4=CN=C5C=CC(n6cnnc6)=CC45)CC3)=CC12,10.4,0.743838629379919,0.5279926537956725,0.4246575342465753
C1=CC2=NC=C3CCCN4CC[NH+](CC4)CC1=CC32,5.7,0.6662933344641956,0.3543042970905815,0.2368421052631578
CN1CC[NH+](CCc2ccccc2)CC1,4.9,0.7330531046557042,0.7205044786410567,0.3898305084745763
CC[NH+]1CCN(C(=O)[C@](C)(c2ccccc2)n2cnnc2)CC1,8.1,0.8494728250101413,0.6346002900724736,0.2307692307692307
c1ccc(CC[NH+]2CCN(CCc3ccc4cc[nH]c4c3)CC2)cc1,6.9,0.7089604585575505,0.7518950250402021,0.3661971830985915
CCCN1CC[NH+](CCc2ccccc2)CC1,7.0,0.7917676689884559,0.737683508000622,0.4333333333333333
c1ccc(CC[NH+]2CCN(Cc3cccc(N4CC[NH+](CCc5ccccc5)CC4)c3)CC2)cc1,10.6,0.4938190115708007,0.6933749698243847,0.3529411764705882
C1=CC2=NC=C(CCN3CCCN(C4=CN=C5C=CC(n6cnnc6)=CC45)CC3)C2C=C1n1cnnc1,11.6,0.6157181459578704,0.5407964689292286,0.5072463768115942
c1ccc(CC[NH+]2CCN(CCc3ncco3)CC2)cc1,7.6,0.8469037199680224,0.7172847747749359,0.3970588235294117
N#CCC[NH+]1CCN(CCCC2=CN=C3C=CC(n4cnnc4)=CC23)CC1,8.8,0.7662542137714792,0.5371753425141371,0.7301587301587301
CC[NH+]1CCN(CCC[C@@H](CC(C)C)C(=O)c2ccccc2)CC1,8.1,0.7034791453735677,0.6925364110834731,0.2531645569620253
C1=CC2=NC=C(N3CC[NH+](COCc4ccccc4)CC3)C2C=C1n1cnnc1,10.2,0.8001537758352644,0.5794988702770115,0.5211267605633803
C1=CC2=NC=C(N3CC[NH+](CC4CC4)CC3)C2C=C1n1cnnc1,9.0,0.8618775364508747,0.5228734546116101,0.4492753623188406
C1=CC2=NC=C(CCN3CC[NH+](CCc4ccccc4)CC3)C2C=C1n1cnnc1,6.5,0.7646596849679568,0.5844078431833492,0.8947368421052632
CC[NH+]1CCN(CCCc2nnc(-c3ccccc3)n2C)CC1,7.7,0.8501242127517681,0.7445939351626216,0.3150684931506849
C1=CC2=NC=C(c3nnc(-c4ccccc4)o3)C2C=C1n1cnnc1,9.3,0.7381569012436963,0.6766024103226665,0.4
C1=CC2=NC=C(CCCCCCN3CC[NH+](CCc4ccccc4)CC3)C2C=C1c1ccccc1,11.2,0.462792503515943,0.6487983404548346,0.676923076923077
CCCC1=CN=C2C=CC(C(=O)c3ccccc3)=CC12,9.5,0.7512405739182972,0.7126857905690627,0.3194444444444444
O=C1N(C2=CN=C3C=CC(n4cnnc4)=CC23)CCOC12CCCCCN1CC[NH+](CC1)C2,9.6,0.6848625935953458,0.3445371094374063,0.3146067415730337
C1=CC2=NC=C(CCC3CC3)C2C=C1n1cnnc1,8.0,0.8265975803832636,0.6247922670153936,0.5245901639344263
Clc1ccccc1CCN1CC[NH+](CCc2ccccc2)CC1,8.4,0.8544089638823077,0.7726941478998407,0.4
C1=CC2=NC=C(CCCN3CC[NH2+]CC3)C2C=C1n1cnnc1,8.2,0.8507497232361606,0.550104343989571,0.639344262295082
C[C@H](CNC(=O)c1ccc(-c2ccccc2)o1)n1cnnc1,9.0,0.7849206799132575,0.7843612729454743,0.1547619047619047
NC(=NCCCC1=CN=C2C=CC(n3cnnc3)=CC12)NCCc1ccccc1,9.3,0.4135287657714879,0.669070759734787,0.5416666666666666
C[NH+]1CCN(c2cccc(-c3ccccc3)c2)CC1,9.4,0.8555957192917064,0.7868166619527093,0.1506849315068493
C1=CC2=NC=C(CCC3CC3)C2C=C1n1cnnc1,8.4,0.8265975803832636,0.6247922670153936,0.5245901639344263
C1=CC2=NC=C(Cc3ccccc3)C2C=C1n1cnnc1,9.1,0.863384284234977,0.6742134933907339,0.576271186440678
c1ccc(CC[NH+]2CCN(Cc3cccc4ccccc34)CC2)cc1,9.8,0.755341117389282,0.7887709224760996,0.3529411764705882
CCn1nc(C2=CN=C3C=CC(n4cnnc4)=CC23)cc1-c1ccccc1,10.3,0.7178876695720698,0.6715809194372143,0.4
Clc1ccc(C2=CN=C3C=CC(n4cnnc4)=CC23)cc1,9.0,0.8511545471166522,0.6762540897119753,0.373134328358209
CN1CC(C2=CC3C(C4=CN=C5C=CC(n6cnnc6)=CC45)=CN=C3C=C2)C1,6.1,0.8241472028785154,0.5352568048179466,0.3714285714285714
C(=Cc1ccc(-n2cnnc2)s1)CCC1=CN=C2C=CC(n3cnnc3)=CC12,9.9,0.6451243341961128,0.5981842905763567,0.4305555555555556
CC[NH+]1CCN(C2=CN=C3C=CC(C(=O)c4ccccc4)=CC23)CC1,9.0,0.8475072216500331,0.5987599768839593,0.3164556962025316
C1=CC2=NC=C(OCc3ccccc3)C2C=C1n1cnnc1,8.5,0.8697154285908902,0.6826780270247284,0.5
CCC1=CC2C(c3ccc(C4=CN=C5C=CC(n6cnnc6)=CC45)o3)=CN=C2C=C1,11.3,0.7552570040135005,0.5431867947816205,0.380281690140845
c1ccc(CC[NH+]2CCN(c3cccs3)CC2)cc1,7.7,0.8907227529214813,0.7195067525638525,0.3333333333333333
CCO[C@@H](c1ccc(-c2ccc(-c3ccccc3)o2)o1)n1cnnc1,9.1,0.5229147947402981,0.7353171352013913,0.15
C1=CC2=NC=C(c3ccc(C4=CN=C5C=CC(n6cnnc6)=CC45)o3)C2C=C1C1CC1,11.6,0.7396280666564553,0.5483156050423423,0.3561643835616438
c1ccc(-c2ccc(-c3ccccc3)o2)cc1,8.4,0.6141128679317124,0.9556308930543992,0.09375
CCCC(C)CN(Cc1ccc(-c2ccccc2)o1)n1cnnc1,8.4,0.6253578308589631,0.7471643167072608,0.1379310344827586
O=NCc1ccc(C2=CN=C3C=CC(n4cnnc4)=CC23)o1,9.2,0.8108681620657298,0.6086967611111549,0.3466666666666667
CC[NH+]1CCN(C2=CN=C3C=CC(n4cnnc4)=CC23)CC1,8.3,0.8420672646088363,0.5141519090401488,0.4626865671641791
c1ccc(CC[NH+]2CCN(c3ccccc3)CC2)cc1,8.2,0.8846330294007074,0.7803261082043702,0.360655737704918
C1=CC2=NC=C(c3ccccc3)[C@H]2C=C1n1cnnc1,6.5,0.8329207302614734,0.6786250832304244,0.4516129032258064
CCCC1=CN=C2C=CC(OC(=O)Cn3cnnc3)=CC12,8.0,0.775707607190727,0.6306016917133584,0.3157894736842105
c1ccc(CC[NH+]2CCN(CCCc3cc4cc-4c3)CC2)cc1,6.5,0.7018128193414356,0.7559747335120117,0.4677419354838709
Brc1ccccc1C[NH+]1CCN(CCCC2=CN=C3C=CC(n4cnnc4)=CC23)CC1,10.1,0.6632407563693851,0.5774199459004069,0.7121212121212122
Fc1ccc(CN2CC[NH+](CCc3ccccc3)CC2)cc1,9.8,0.8840221608133699,0.7822090681363828,0.3692307692307692
Cc1ccc(CCCC2=CN=C3C=CC(n4cnnc4)=CC23)s1,8.7,0.8336723074803793,0.6415298046755176,0.4852941176470588
C1=CC2=NC=C(CCc3cccc4ccccc34)C2C=C1n1cnnc1,10.9,0.70614429819253,0.6877379995366666,0.4925373134328358
Fc1ccccc1C1=CC2C(C3=CN=C4C=CC(n5cnnc5)=CC34)=CN=C2C=C1,7.4,0.7765957761336889,0.5732811768040924,0.3857142857142857
C1=CC2=NC=C(c3ccc(C4=CN=C5C=CC(n6cnnc6)=CC45)o3)C2C=C1,11.1,0.8274670186849736,0.5531312397326256,0.3472222222222222
C1=CC2=NC=C(C3=CN=C4C=CC(n5cnnc5)=CC34)C2C=C1Nc1ccccc1,6.9,0.8522290349360065,0.5790213246961504,0.4057971014492754
O=CCCCCCCC1=CN=C2C=CC(n3cnnc3)=CC12,7.9,0.5465482164904915,0.63671687945435,0.4923076923076923
c1ccc(CC[NH+]2CCN(c3nc(-c4ccccc4)no3)CC2)cc1,9.4,0.7706760991446161,0.758764973758151,0.3380281690140845
C1=CC2=NC=C(c3ccccc3)[C@H]2C=C1n1cnnc1,9.8,0.8329207302614734,0.6786250832304244,0.4516129032258064
O=C1C2=CC3C(=CN=C3C=C2)N2CC[NH+]1CC2,7.0,0.5853601161778716,0.3399613548215479,0.2465753424657534
C1=CC2=NC=C(c3ccccc3)[C@H]2C=C1n1cnnc1,8.6,0.8329207302614734,0.6786250832304244,0.4516129032258064
C1=CC2=NC=C(CCNC3=CN=C4C=CC(n5cnnc5)=CC34)C2C=C1n1cnnc1,10.5,0.7890318253868597,0.515200867745978,0.4615384615384615
C1=CC2=NC=C(CCCc3csc(-n4cnnc4)n3)C2C=C1n1cnnc1,9.9,0.6600889589126957,0.6145204208617155,0.463768115942029
CC[NH+]1CCN(CCCc2nnc(-c3ccccc3)n2C)CC1,7.5,0.8501242127517681,0.7445939351626216,0.3150684931506849
C1=CC2=NC=C(Cc3cccc(CC4=CN=C5C=CC(n6cnnc6)=CC45)c3)C2C=C1n1cnnc1,12.4,0.5431736672062389,0.5445744301312518,0.5161290322580645
O=C1CCCC[NH+]2CCN(CCCc3ccc(o3)C3=CN=C4C=CC(=CC34)N1)CC2,9.7,0.6864986628398791,0.354965752224304,0.2282608695652173
CNC(=O)[C@@H](C)CCc1ccccc1,6.8,0.7745406304023165,0.8679175292785385,0.1527777777777778
C1=CC2=NC=C(c3ccccc3)C2C=C1n1cnnc1,9.4,0.8329207302614734,0.6786250832304244,0.4516129032258064
C1=CC2=NC=C(CCCc3ccco3)C2C=C1n1cnnc1,8.4,0.8495826144128137,0.6445451598918613,0.5151515151515151
Clc1ccc(N2CC[NH+](CCc3ccccc3)CC2)cc1,8.3,0.9103326009959029,0.7761371163401808,0.3333333333333333
Brc1ccccc1C[NH+]1CCN(CCCC2=CN=C3C=CC(n4cnnc4)=CC23)CC1,6.8,0.6632407563693851,0.5774199459004069,0.7121212121212122
CN(C)C1=CN=C2C=CC(n3cnnc3)=CC12,7.2,0.7613790521379606,0.595953310865504,0.375
CC[NH+]1CCN(c2ccc(C3=CN=C4C=CC(n5cnnc5)=CC34)o2)CC1,9.9,0.8842250066945613,0.538924573283368,0.4210526315789473
O=C(CCCC1=CN=C2C=CC(n3cnnc3)=CC12)c1ccccc1,9.3,0.7588847037366766,0.6836817921660485,0.5538461538461539
CN1CC[NH+](C2(CN3CC[NH+](CCc4ccccc4)CC3)CC2)CC1,8.1,0.6736071796155234,0.6084429899155094,0.3571428571428571
C1=CC2=NC=C(c3ccccc3)C2C=C1n1cnnc1,8.7,0.8329207302614734,0.6786250832304244,0.4516129032258064
CCN(CC)CCCC1=CN=C2C=CC(n3cnnc3)=CC12,7.5,0.7772007754340872,0.6424326671762436,0.5
O=C(O)C1=CC2C(c3ccc(N4CC[NH+](CCc5ccccc5)CC4)o3)=CN=C2C=C1,6.8,0.7577307180024128,0.6014768278144795,0.4125
C1=CC2=NC=C(C3=CN=C4C=CC(n5cnnc5)=CC34)C2C=C1C1CC1,9.5,0.8461069500601102,0.5410885361311382,0.373134328358209
c1ccc(CC[NH+]2CCN(c3ccccc3)CC2)cc1,8.1,0.8846330294007074,0.7803261082043702,0.360655737704918
Clc1ccccc1CC1=CC2C(C3=CN=C4C=CC(n5cnnc5)=CC34)=CN=C2C=C1,11.1,0.6950977542800766,0.5739251368149174,0.4084507042253521
C1=CC2=NC=C(c3ccccc3)C2C=C1n1cnnc1,9.1,0.8329207302614734,0.6786250832304244,0.4516129032258064
C1=CC2=NC=C(CCc3cccs3)C2C=C1n1cnnc1,8.3,0.867696633730784,0.6389443847216252,0.4848484848484848
c1ccc(-c2ccc(-c3ccccc3)o2)cc1,8.5,0.6141128679317124,0.9556308930543992,0.09375
C1=CC2=NC=C(N3CC[NH+](Cc4ccccc4)CC3)C2C=C1n1cnnc1,6.8,0.8862291458632062,0.5715528994941942,0.5606060606060606
C1=CC2=NC=C(c3ccc(CCCN4CC[NH+](Cc5cccs5)CC4)o3)C2C=C1n1cnnc1,10.5,0.5465804825998845,0.5745549521876998,0.5125
CC[NH+]1CCN(c2ccc(-n3cnnc3)c(-c3ccccc3)c2)CC1,9.6,0.7885866107727194,0.7325830804802576,0.2597402597402597
C[NH+]1CCN(CCCN2CC[NH+](CCc3ccccc3)CC2)CC1,8.0,0.6420151155506253,0.6458616012901425,0.4590163934426229
C1=CC2=NC=C(c3ccc(CCCC4=CN=C5C=CC(n6cnnc6)=CC45)o3)C2C=C1C1CC1,11.6,0.5565832821592486,0.5506081733577247,0.4358974358974359
C[13C](=O)CC[NH+]1CCN(c2ccc(-c3ccccc3)o2)CC1,9.0,0.8530432993183065,0.721607233816856,0.2
Ic1ccc(-c2ccc(C3=CN=C4C=CC(n5cnnc5)=CC34)o2)cc1,6.9,0.5434544564051624,0.6638626159458982,0.3378378378378378
C[C@H]1C[NH+]2CCN(CC2)C1=O,5.4,0.4458737511448835,0.4303096958252393,0.0985915492957746
CN[C@H](c1ccc(-c2ccccc2)o1)n1cnnc1,8.3,0.7758531335637029,0.7485793549274814,0.1428571428571428
Fc1ccc(C2=CC3C(c4ccc(N5CC[NH+](CCc6ccccc6)CC5)o4)=CN=C3C=C2)cc1,11.7,0.5831322360257023,0.6269569062480158,0.3975903614457831
C1=CC2=NC=C(c3ccc(C4=CN=C5C=CC(n6cnnc6)=CC45)o3)C2C=C1c1cccc2ccccc12,13.0,0.3224834179783392,0.5854957476674899,0.3417721518987341
CCCc1ccc(-c2ccccc2)o1,7.1,0.7081562762944456,0.9224540437411068,0.1111111111111111
COc1cccc(C2=CC3C(C4=CN=C5C=CC(n6cnnc6)=CC45)=CN=C3C=C2)c1,10.7,0.7634697078816002,0.5839905214303021,0.3376623376623376
C1=CC2=NC=C(c3ccc(Cc4ccccc4)o3)C2C=C1n1cnnc1,10.2,0.7215854914362475,0.6805013131461339,0.4366197183098591
CCCC1=CN=C2C=CC(n3cnnc3)=CC12,7.7,0.7940865050009769,0.6148985855907786,0.5
c1ccc(-c2ccco2)cc1,6.4,0.5993231935996743,0.9483188437525224,0.0895522388059701
C1=CC2=NC=C(c3ccccc3)C2C=C1n1cnnc1,9.2,0.8329207302614734,0.6786250832304244,0.4516129032258064
CCC[NH+]1CCN(C2=CN=C3C=CC(n4cnnc4)=CC23)CC1,5.5,0.8648664725024999,0.5141474517343411,0.4925373134328358
CCCN(C1=CN=C2C=CC(n3cnnc3)=CC12)c1ccc(C2=CN=C3C=CC(n4cnnc4)=CC23)cc1,11.4,0.4728500223027963,0.5412825832042556,0.3333333333333333
C1=CC2=NC=C(c3ccc(C4=CN=C5C=CC(n6cnnc6)=CC45)o3)C2C=C1,11.1,0.8274670186849736,0.5531312397326256,0.3472222222222222
C1=CC2=NC=C(C3=CN=C4C=CC(n5cnnc5)=CC34)C2C=C1c1ccccc1,10.5,0.8051937249119395,0.5836717446574813,0.4242424242424242
c1ccc(-c2ccc(-c3ccccc3)o2)cc1,8.4,0.6141128679317124,0.9556308930543992,0.09375
C1=CC2=NC=C(c3ccccc3)C2C=C1n1cnnc1,9.1,0.8329207302614734,0.6786250832304244,0.4516129032258064
C1=CC2=NC=C(c3ccc(NCc4ccccc4)o3)C2C=C1n1cnnc1,6.7,0.7508714935138625,0.6644030419443366,0.4189189189189189
C1=CC2C=C(n3cnnc3)C=CC2=N1,7.0,0.6592922638979614,0.5964046242348642,0.296875
N#CCC1=CC2C(c3ccc(C4=CN=C5C=CC(n6cnnc6)=CC45)o3)=CN=C2C=C1,10.7,0.7627958300859081,0.5340569093901684,0.3648648648648648
CCCN1CC[NH+](CCc2ccccc2)CC1,5.2,0.7917676689884559,0.737683508000622,0.4333333333333333
C1=CC2=NC=C(c3ccc(N4CC[NH+](c5ccccc5)CC4)o3)C2C=C1n1cnnc1,9.4,0.7163511451652963,0.5616382326627328,0.4342105263157895
O=C1NCCC1(Cc1ccc(-c2ccccc2)o1)CN1CC[NH+](CCc2ccccc2)CC1,10.6,0.5612213553051185,0.6643079186997674,0.2790697674418604
CCC(=O)C1=CN=C2C=CC(n3cnnc3)=CC12,7.8,0.806217876141125,0.6154749336107791,0.3676470588235294
C1=CC2=NC=C(CN3CC[NH+](CCc4ccccc4)CC3)C2C=C1n1cnnc1,7.1,0.8073136264077571,0.5838145201443854,0.8275862068965517
c1ccc(CC[NH+]2CCN(c3ccccc3)CC2)cc1,8.1,0.8846330294007074,0.7803261082043702,0.360655737704918
C1=CC2=NC=C(c3ccc(N4CC[NH+](CCc5ccccc5)CC4)o3)C2C=C1n1cnnc1,11.2,0.6405207299350704,0.580928975420824,0.6056338028169014
C1=CC2=NC=C(Oc3ccc(-c4ccccc4)cc3)C2C=C1n1cnnc1,10.4,0.7014629105556764,0.7075316269395883,0.4264705882352941
C1=CC2=NC=C(c3ccc(C4=CN=C5C=CC(n6cnnc6)=CC45)o3)C2C=C1,11.2,0.8274670186849736,0.5531312397326256,0.3472222222222222
Fc1ccc(CCN2CC[NH+](CCc3ccccc3)CC2)c(F)c1,9.1,0.8501485075712703,0.7634359643918294,0.3768115942028985
c1ccc(CC[NH+]2CCN(c3ccccc3)CC2)cc1,8.1,0.8846330294007074,0.7803261082043702,0.360655737704918
COC[NH+]1CCN(C2=CN=C3C=CC(n4cnnc4)=CC23)CC1,8.1,0.8068099746782886,0.5121293521868299,0.4428571428571428
C1=CC2=NC=C(c3ccc(C4=CN=C5C=CC(n6cnnc6)=CC45)o3)C2C=C1c1cc[nH]c1,11.6,0.6460534408214201,0.5379545626057308,0.3333333333333333
C1=CC2=NC=C(c3ccc(C4=CN=C5C=CC(n6cnnc6)=CC45)o3)C2C=C1c1cccs1,11.5,0.5287844160057952,0.5559704134215817,0.3333333333333333
N[NH+]1CCNCC1,4.0,0.2924019318954482,0.4816943878221109,0.0461538461538461
O=C1CCCC(c2ccc(OC3=CN=C4C=CC(n5cnnc5)=CC34)cc2)CC1,11.7,0.7349670080685555,0.6415102082521599,0.3375
CCC1=CN=C2C=CC(n3cnnc3)=CC12,7.6,0.7526150065184666,0.6043084024787126,0.4915254237288136
CC(OC1=CN=C2C=CC(n3cnnc3)=CC12)Oc1ccc(-c2ccccc2)cc1,10.9,0.5663335768086737,0.6654154896822254,0.3918918918918919
CCCCc1cccc2ccccc12,7.7,0.6708472816543193,0.952219522165122,0.1126760563380281
C1=CC2=NC=C(CCc3cccc4ccccc34)C2C=C1c1ccn(-c2ccccn2)n1,8.1,0.404263092641833,0.7068555656145398,0.2613636363636363
C1=CC2=NC=C(Cc3ccc(Cn4cnnc4)cc3)C2C=C1n1cnnc1,9.6,0.7048454251415687,0.6518533743280024,0.4545454545454545
CCn1nc(C2=CN=C3C=CC(C4=CC5C(Oc6ccccc6)=CN=C5C=C4)=CC23)cc1-c1ccccc1,12.0,0.3717398650161593,0.6108531754438745,0.2441860465116279
c1ccc(Oc2ccc(-c3ccccc3)cc2)cc1,8.5,0.6209338909796198,0.9775143925116024,0.0909090909090909
CCCc1ccc(C(=O)NCc2cccc3ccccc23)o1,8.8,0.761101661050818,0.8975942530476251,0.0909090909090909
c1ccc(Oc2ccc(-c3ccccc3)cc2)cc1,8.8,0.6209338909796198,0.9775143925116024,0.0909090909090909
C1=CC2=NC=C(c3ccc(Cc4ccccc4)o3)C2C=C1c1ccccc1,10.6,0.5724892750584927,0.7410757864837481,0.2597402597402597
C1=CC2=NC=C(c3cc(-c4ccccc4)n(-c4ccccc4)n3)C2C=C1n1cnnc1,11.4,0.499053357504104,0.6979058918852308,0.3733333333333333
C1=CC2=NC=C(Cc3ccc(-c4ccccc4)cc3)C2C=C1CCCC1=CN=C2C=CC(n3cnnc3)=CC12,8.7,0.3244017851910893,0.5903311231102514,0.5588235294117647
C1=CC2=NC=C(CCOc3ccc(-c4ccccc4)cc3)C2C=C1C1CC1,7.3,0.6255028030465473,0.7399984194372142,0.3157894736842105
CC[C@H](C)C(=O)OC1=CN=C2C=CC(n3cnnc3)=CC12,7.8,0.7946546215787385,0.5977955585421185,0.3698630136986301
NCC[NH+]1CCN(CCCOc2ccc(C=O)cc2)CC1,7.2,0.497443833018612,0.7281016406049167,0.2702702702702703
CCOc1ccc(-c2ccccc2)cc1,6.8,0.729388818178525,0.9787978352844134,0.1014492753623188
C1=CC2=NC=C(CCc3cccc4ccccc34)C2C=C1N1CC[NH+](C2(c3ccccc3)CC2)CC1,11.6,0.5310479576457544,0.6234371027308665,0.382716049382716
c1ccc(CC[NH+]2CCN(c3cccc4ccccc34)CC2)cc1,6.9,0.7773881896221347,0.7855425089583741,0.3235294117647059
CCN(C)CC1=CN=C2C=CC(n3cnnc3)=CC12,5.3,0.8205843689098767,0.6153639952871218,0.4307692307692308
C[NH+]1CC1,2.6,0.3237753132693101,0.3788923110762073,0.0508474576271186
CCCCCN1CC[NH+](CCc2ccccc2)CC1,6.9,0.7330227672037805,0.755344134480182,0.4590163934426229
c1ccc2c(-n3cnnc3)cccc2c1,7.8,0.5966485748564438,0.8813342688508469,0.2
C1=CC2=NC=C(c3ccccc3)C2C=C1n1cnnc1,9.3,0.8329207302614734,0.6786250832304244,0.4516129032258064
COc1ccc(C[NH+]2CCN(CCCC3=CN=C4C=CC(n5cnnc5)=CC34)CC2)cc1,9.9,0.6929645951705874,0.591334858799425,0.6764705882352942
Cc1cc(-c2ccccc2)ncc1-c1cccc2ccccc12,7.1,0.4499435517478286,0.9116525189405644,0.0864197530864197
Cc1ccc(C2=CN=C3C=CC(n4cnnc4)=CC23)o1,9.3,0.8375641757197909,0.637958442639377,0.3571428571428571
C1=CC2=NC=C(c3ccc(CCc4ccccc4)o3)C2C=C1n1cnnc1,10.5,0.6905866516011868,0.6835931654011268,0.4714285714285714
C1=CC2=NC=C(CCCN3CC[NH2+]CC3)C2C=C1n1cnnc1,5.9,0.8507497232361606,0.550104343989571,0.639344262295082
C1=CC2=NC=C(c3ccccc3)C2C=C1n1cnnc1,9.3,0.8329207302614734,0.6786250832304244,0.4516129032258064
O=C(OCc1cccc2ccccc12)C1=CN=C2C=CC(Cc3ccc(C4=CN=C5C=CC(n6cnnc6)=CC45)o3)=CC12,12.6,0.2466463612003955,0.577918377243702,0.3020833333333333
CCN(CC)C1=CN=C2C=CC(n3cnnc3)=CC12,7.3,0.8257092095818661,0.6168504288535553,0.3846153846153846
C1=CC2=NC=C(c3cccc4ccccc34)C2C=C1n1cnnc1,9.7,0.7189522547480127,0.6938366121895565,0.391304347826087
CCC1=CN=C2C=CC(N3CCCN(c4cccc5ccccc45)CC3)=CC12,7.3,0.7431421401596889,0.7232950721642467,0.3506493506493506
c1ccc(-c2ccccc2)cc1,5.0,0.5905018880213778,1.0,0.1034482758620689
ON1CCC(CC2=CN=C3C=CC(C4=CN=C5C=CC(n6cnnc6)=CC45)=CC23)C1,11.3,0.844823181453709,0.4991690807658233,0.3896103896103896
CCC(=O)Oc1ccc(-c2ccccc2)cc1,7.8,0.5892840665742715,0.9459428549393974,0.1095890410958904
Cc1ccc(Cc2ccc(C3=CN=C4C=CC(n5cnnc5)=CC34)o2)o1,9.8,0.7199364059437253,0.6463101683934507,0.3421052631578947
C1=CC2=NC=C(CCc3cccc4ccccc34)C2C=C1,9.0,0.7561496626628762,0.736879671656912,0.2567567567567567
c1nncn1-n1cnnc1,5.0,0.5135570635293532,0.7112620758473399,0.1034482758620689
c1nncn1-n1cnnc1,5.0,0.5135570635293532,0.7112620758473399,0.1034482758620689
CCc1cc(-c2ccccc2)n(-c2ccc(C)cc2)n1,8.7,0.6833156956109081,0.9094455777003916,0.1139240506329113
c1ccc2c(-n3cnnc3)cccc2c1,7.8,0.5966485748564438,0.8813342688508469,0.2
CCn1nc2cc1CCOc1ccc(o1)C1=CC3C2=CN=C3C=C1,9.4,0.8082055223305119,0.4186706582234087,0.2
c1ccc2c(CCn3cnnc3)cccc2c1,8.2,0.6831104323751874,0.8673794295692494,0.1857142857142857
C1=CC2=NC=C(c3ccccc3)C2C=C1n1cnnc1,9.2,0.8329207302614734,0.6786250832304244,0.4516129032258064
OC1=CN=C2C=CC(C3=CN=C4C=CC(c5ccc(-c6ccc(-c7ccccc7)cc6)cc5)=CC34)=CC12,10.6,0.4087154404447691,0.6453935419463017,0.2266666666666666
C1=CC2=NC=C(n3cnnc3)C2C=C1n1cnnc1,5.7,0.7926711175906872,0.5958478868341712,0.4
O=CC1=CC2C(CCCC3=CN=C4C=CC(n5cnnc5)=CC34)=CN=C2C=C1,10.5,0.7209833568235307,0.5211642575180527,0.4923076923076923
C1=CC2=NC=C(Oc3ccc(-c4ccccc4)cc3)C2C=C1,9.6,0.7956194123230546,0.7605913137380151,0.2162162162162162
C1=CC2=NC=C(n3cnnc3)C2C=C1n1cnnc1,8.8,0.7926711175906872,0.5958478868341712,0.4
c1ccc(CC[NH+]2CCN(c3ccc(C4CCC4)o3)CC2)cc1,8.8,0.9156969053870672,0.7142565913387544,0.3150684931506849
C1=CC2=NC=C(c3ccco3)C2C=C1n1cnnc1,8.4,0.8218825359613661,0.6336891823807299,0.3823529411764705
c1ccc(Cc2ccc(-n3cnnc3)o2)cc1,8.5,0.6872971449484787,0.8263338790413459,0.2352941176470588
Clc1cc(I)ccc1Cc1ccc(C2=CN=C3C=CC(CCCC4=CN=C5C=CC(n6cnnc6)=CC45)=CC23)o1,12.8,0.2317580762524858,0.550084607027901,0.3863636363636363
C1=CC2=NC=C(Cc3ccccc3)C2C=C1n1cnnc1,9.1,0.863384284234977,0.6742134933907339,0.576271186440678
CCc1ccccc1,5.1,0.5147578217927745,1.0,0.15
c1ccc(-n2cnnc2)cc1,6.0,0.6045482615564559,0.8888018274355061,0.2203389830508474
C1=CC2=NC=C(n3cnnc3)C2C=C1n1cnnc1,5.9,0.7926711175906872,0.5958478868341712,0.4
C1=CC2=NC=C(n3cnnc3)C2C=C1n1cnnc1,8.8,0.7926711175906872,0.5958478868341712,0.4
c1ccc(-c2ccc(-n3cnnc3)o2)cc1,8.0,0.6537951760848196,0.8356440796621512,0.1911764705882352
O=C(C(C1=CC2C(O)=CN=C2C=C1)c1ccc(-c2ccccc2)cc1)n1cnnc1,10.3,0.7139727696382289,0.6531020045718302,0.2560975609756097
CCn1nc(C2=CN=C3C=CC=CC23)cc1-c1ccccc1,9.8,0.8352863652171959,0.716909778862634,0.2222222222222222
C1=CC2=NC=C(Oc3ccc(-c4ccccc4)cc3)C2C=C1c1ccccc1,11.2,0.5343693213105328,0.7647108473529133,0.2465753424657534
C1=CC2=NC=C3c4ccc(o4)Cc4cccc(c4)C4=CC5C(=CN=C5C=C4)C1=CC32,8.0,0.5722340809243179,0.3593026486973511,0.188235294117647
CCC1=CN=C2C=CC(n3cnnc3)=CC12,7.6,0.7526150065184666,0.6043084024787126,0.4915254237288136
C1=CC2=NC=C(CCc3cccc4ccccc34)C2C=C1Oc1ccc(Cc2nccs2)cc1,8.3,0.2897878542003512,0.7127275012073075,0.2637362637362637
c1ccc(-c2ccc(-c3ccccc3)o2)cc1,8.4,0.6141128679317124,0.9556308930543992,0.09375
C1=CC2=NC=C(Oc3ccc(-c4ccccc4)cc3)C2C=C1Cc1ccccc1,10.9,0.5066655003376058,0.7564778269525197,0.3013698630136986
CCc1cc(-c2ccccc2)n(CC)n1,7.0,0.7439248985195486,0.8943663260959274,0.1388888888888889
CCC1=CN=C2C=CC(n3cnnc3)=CC12,7.6,0.7526150065184666,0.6043084024787126,0.4915254237288136
c1nncn1-n1cnnc1,5.0,0.5135570635293532,0.7112620758473399,0.1034482758620689
CCOC1=CC2C(C3=CN=C4C=CC(n5cnnc5)=CC34)=CN=C2C=C1,9.5,0.8437346233193502,0.5455185061611082,0.3571428571428571
C1=CC2=NC=C(c3ccc(C4=CN=C5C=CC(n6cnnc6)=CC45)o3)C2C=C1,11.2,0.8274670186849736,0.5531312397326256,0.3472222222222222
c1ccc(-c2ccc(CCc3cccc4ccccc34)o2)cc1,7.4,0.4579564417036285,0.9082545551396596,0.1012658227848101
Cc1cccc2c1-c1ccc(o1)Cc1ccc(o1)C1=CN=C3C=CC2=CC13,7.8,0.5119325226088757,0.4475956447174851,0.1860465116279069
CC1=CC2C(c3ccc(Cc4ccccc4)o3)=CN=C2C=C1,10.2,0.7958845638723763,0.7212993646614508,0.2597402597402597
COc1ccc(OCC2=CC3C=CN=C3C=C2)cc1,7.7,0.8248929390574893,0.7273018824000089,0.1538461538461538
C[NH+]1CCN(CCCCCC2=CN=C3C=CC(n4cnnc4)=CC23)CC1,8.5,0.7452983595385827,0.5624951833784658,0.6507936507936508
C1=CC2=NC=C(c3ccccc3)C2C=C1n1cnnc1,9.1,0.8329207302614734,0.6786250832304244,0.4516129032258064
Fc1ccccc1C1=CC2C(c3ccc(Cc4ccccc4)o3)=CN=C2C=C1,11.2,0.5489745777214965,0.7272578154450621,0.2439024390243902
C1=CC2=NC=C(c3ccc(CCn4cnnc4)cc3)C2C=C1n1cnnc1,10.1,0.7051315380248895,0.6561274484020765,0.4411764705882353
c1ccc2c(-n3cnnc3)cccc2c1,7.8,0.5966485748564438,0.8813342688508469,0.2
CCn1ccc(C2=CC3C(c4ccc(Cc5ccccc5)o4)=CN=C3C=C2)n1,7.6,0.6256591602422593,0.6985788534432085,0.2413793103448276
Clc1ccc(C2=CN=C3C=CC(c4ccc(Cc5ccccc5)o4)=CC23)cc1,11.0,0.4985853687002123,0.7329078617842651,0.2469135802469135
C1=CC2=NC=C(c3ccccc3)C2C=C1n1cnnc1,8.8,0.8329207302614734,0.6786250832304244,0.4516129032258064
Brc1ccc(C2=CN=C3C=CC(n4cnnc4)=CC23)cc1,6.1,0.8396158383049025,0.6695982584464666,0.373134328358209
C1=CC2=NC=C(CCc3cccc4ccccc34)C2C=C1c1cccs1,9.8,0.5114764348741225,0.7203934235997829,0.275
c1ccc(-n2cnnc2)cc1,6.0,0.6045482615564559,0.8888018274355061,0.2203389830508474
C1=CC2=NC=C(c3ccc(C4=CC5C(CCc6cccc7ccccc67)=CN=C5C=C4)o3)C2C=C1,13.7,0.3946041593978031,0.6117634947393085,0.25
C1=CC2=NC=C(c3cc(-c4ccccc4)[nH]n3)C2C=C1n1cnnc1,7.3,0.8032207124039078,0.6674436410918972,0.3835616438356164
c1ccc(CC[NH+]2CCN(CCCc3ccco3)CC2)cc1,8.0,0.839170089150401,0.7511383526979751,0.4461538461538462
CCOCC1=CN=C2C=CC(n3cnnc3)=CC12,7.4,0.8067909257312641,0.6178120554149545,0.4375
COCCC1=CC2C(Cc3ccc(C4=CN=C5C=CC=CC45)o3)=CN=C2C=C1,10.4,0.7187458930904508,0.5693414586301937,0.2298850574712643
CCC1=CN=C2C=CC(n3cnnc3)=CC12,5.1,0.7526150065184666,0.6043084024787126,0.4915254237288136
Oc1ccc(C2=CN=C3C=CC(Sc4ccc(-c5ccc(-c6ccccc6)cc5)cc4)=CC23)o1,11.7,0.3290241250061719,0.703835465306885,0.2023809523809523
C1=CC2=NC=C(c3ccccc3)C2C=C1n1cnnc1,9.2,0.8329207302614734,0.6786250832304244,0.4516129032258064
Cc1ccc(-n2cnnc2)cc1CC1=CN=C2C=CC(n3cnnc3)=CC12,6.8,0.7212255563568581,0.6380097655910605,0.4084507042253521
C1=CC2=NC=C(c3cccc4ccccc34)C2C=C1n1cnnc1,10.6,0.7189522547480127,0.6938366121895565,0.391304347826087
CCC1=CC2C(c3cc(-c4ccccc4)n(CC)n3)=CN=C2C=C1,10.0,0.7899384852236404,0.6981137672567115,0.2658227848101265
O=CC1=CC2C(CCc3cccc4ccccc34)=CN=C2C=C1,9.7,0.7682879169669692,0.704062157616694,0.2894736842105263
COC1=CC2C(c3ccc(-c4ccccc4)o3)=CN=C2C=C1,9.2,0.8358346949362769,0.7201871753123383,0.2179487179487179
C1=CC2=NC=C(c3cc(-c4ccccc4)n(-c4ccco4)n3)C2C=C1n1cnnc1,10.7,0.5204704287547988,0.6538049372004432,0.345679012345679
CC(=O)OCn1nc(-c2ccc(C3=CN=C4C=CC(n5cnnc5)=CC34)o2)cc1-c1ccccc1,12.1,0.3911118840308645,0.6555892007272482,0.3333333333333333
CNC1=CC2C(c3ccc(C4=CN=C5C=CC(n6cnnc6)=CC45)o3)=CN=C2C=C1,7.1,0.8609616862555735,0.5372049451705574,0.3424657534246575
C1=CC2=NC=C(n3cnnc3)C2C=C1n1cnnc1,8.8,0.7926711175906872,0.5958478868341712,0.4
O=C1Cc2cc(C3=CN=C4C=CC(n5cnnc5)=CC34)nn2Oc2ccc(cc2)N1,7.6,0.7155655626489741,0.4527473146983211,0.2988505747126437
C1=CC2=NC=C(c3ccccc3)C2C=C1n1cnnc1,6.8,0.8329207302614734,0.6786250832304244,0.4516129032258064
Fc1ccccc1C1=CN=C2C=CC(C3=CN=C4C=CC(n5cnnc5)=CC34)=CC12,12.2,0.7765957761336889,0.5737503211428997,0.380281690140845
C1=CC2=NC=C(CCC3CCCC(c4ccccc4)C3)C2C=C1n1cnnc1,11.0,0.7072903719982475,0.6257723498514951,0.5070422535211268
C[NH2+]Cc1cc(-c2ccccc2)n(N2CC[NH+](CCc3ccccc3)CC2)n1,9.1,0.6229059401665571,0.6626841169095857,0.3116883116883117
OC1=CN=C2C=CC(Cc3ccc(C4=CN=C5C=CC(c6ccccc6)=CC45)o3)=CC12,11.5,0.6944678759716787,0.5929995515306365,0.2261904761904762
O=C(Oc1ccc(-c2ccccc2)cc1)C(C1=CC2C(O)=CN=C2C=C1)n1cnnc1,7.4,0.5061198243003022,0.6587466425666908,0.2650602409638554
CCC1=CN=C2C=CC(n3cnnc3)=CC12,7.4,0.7526150065184666,0.6043084024787126,0.4915254237288136
C1=CC2=NC=C(c3ccccc3)C2C=C1n1cnnc1,9.2,0.8329207302614734,0.6786250832304244,0.4516129032258064
c1ccc(-c2ccc(CCc3cccc4ccccc34)o2)cc1,7.1,0.4579564417036285,0.9082545551396596,0.1012658227848101
COC1=CC2C(C3=CN=C4C=CC(n5cnnc5)=CC34)=CN=C2C=C1,9.4,0.8562566337809514,0.5407434279870038,0.3529411764705882
c1nncn1-n1cnnc1,5.0,0.5135570635293532,0.7112620758473399,0.1034482758620689
Brc1ccccc1C1=CC2C(c3ccc(-c4ccc(Cc5ccccc5)o4)o3)=CN=C2C=C1,11.5,0.2824002647117662,0.7052237742727657,0.238095238095238
CCCc1ccc(C2=CN=C3C=CC(n4cnnc4)=CC23)o1,9.2,0.8680118453858648,0.6429956960223975,0.3698630136986301
Clc1ccccc1CC1=CC2C(CCn3nc(C4=CN=C5C=CC(n6cnnc6)=CC45)cc3-c3ccccc3)=CN=C2C=C1,12.4,0.213584336107193,0.5721575554838684,0.4352941176470588
C1=CC2=NC=C(c3ccc(CCC4=CN=C5C=CC(c6ccccc6)=CC45)o3)C2C=C1,8.0,0.5734579831971336,0.6078672035607009,0.2771084337349397
C1=CC2=NC=C(c3ccc(-c4ccccc4)o3)C2C=C1n1cnnc1,10.3,0.7290852717055737,0.6831137949380511,0.4057971014492754
Cc1ccc(-n2nc(C3=CN=C4C=CC(n5cnnc5)=CC34)cc2-c2ccccc2)cc1,11.5,0.4723040683904325,0.6948914579897085,0.35
O=C(NCc1ccccc1)C1=CN=C2C=CC(n3cnnc3)=CC12,9.5,0.9367126754737062,0.696005198923636,0.4428571428571428
C1=CC2=NC=C(c3ccccc3)C2C=C1n1cnnc1,8.7,0.8329207302614734,0.6786250832304244,0.4516129032258064
c1ccc(CCc2cccc3ccccc23)cc1,9.2,0.6175544040556875,0.9539464341490466,0.1641791044776119
OC1=CN=C2C=CC(C3=CN=C4C=CC(c5ccc(-c6ccc(-c7ccccc7)cc6)cc5)=CC34)=CC12,5.1,0.4087154404447691,0.6453935419463017,0.2266666666666666
c1nncn1-n1cnnc1,5.0,0.5135570635293532,0.7112620758473399,0.1034482758620689
c1ccc(CCn2cnnc2)cc1,6.4,0.7041701196184715,0.875686839085147,0.2833333333333333
C1=CC2=NC=C(c3ccco3)C2C=C1n1cnnc1,8.7,0.8218825359613661,0.6336891823807299,0.3823529411764705
C1=CC2=NC=C(c3ccc(C4=CN=C5C=CC(n6cnnc6)=CC45)o3)C2C=C1c1ccccc1,8.2,0.5399710799479368,0.5803979259076404,0.3888888888888889
O=C(O)c1ccc(OC2=CN=C3C=CC(C4=CN=C5C=CC(n6cnnc6)=CC45)=CC23)cc1,10.5,0.7691223151637464,0.5814473284881875,0.3375
C1=CC2=NC=C(c3cc(-c4ccccc4)n(C4=CN=C5C=CC(n6cnnc6)=CC45)n3)C2C=C1,6.3,0.5911393755428562,0.5765504145954233,0.3414634146341463
Cc1ccc(-c2ccc(C3=CN=C4C=CC(CC(N)=O)=CC34)o2)o1,10.4,0.9335287350166004,0.6615316140476017,0.1927710843373494
C[NH+]1CCN(c2cc(-c3ccccc3)n(CO)n2)CC1,7.5,0.8163929351991511,0.705639211652646,0.1772151898734177
CCC(=O)NCc1cc(-c2ccccc2)n(CC)n1,8.1,0.8945908196825464,0.8797011145371622,0.1219512195121951
Clc1ccccc1CCc1ccc(C2=CN=C3C=CC(n4cnnc4)=CC23)o1,9.8,0.6284516595140739,0.6738928478825041,0.3717948717948718
C1=CC2=NC=C(c3ccc(-n4nc(C5=CN=C6C=CC(n7cnnc7)=CC56)cc4-c4ccccc4)o3)C2C=C1,13.1,0.3424763921454135,0.5653351993758664,0.3295454545454545
Clc1ccc(-n2nccc2-c2ccccc2)cc1,8.5,0.6704249448570277,0.9188811113516482,0.1066666666666666
O=C1Cn2nc(cc2-c2ccccc2)C2=CN=C3C=CC1=CC23,10.2,0.8122826812179486,0.5134338770737076,0.2317073170731707
CCCCCC1=CN=C2C=CC(n3cnnc3)=CC12,7.9,0.7570694765915961,0.639468915367042,0.5245901639344263
O=C1CCCC(CC2=CN=C3C=CC(n4cnnc4)=CC23)CN1CCCc1ccccc1,10.6,0.6619853640430349,0.64671579870179,0.5263157894736842
c1ccc2c(-n3cnnc3)cccc2c1,7.8,0.5966485748564438,0.8813342688508469,0.2
C1=CC2=NC=C(n3cnnc3)C2C=C1n1cnnc1,8.8,0.7926711175906872,0.5958478868341712,0.4
c1ccc(-n2cnnc2)cc1,6.0,0.6045482615564559,0.8888018274355061,0.2203389830508474
CCn1nc(-n2cnnc2)cc1-c1ccccc1,8.1,0.7032778210003504,0.8269551316709516,0.2083333333333333
c1ccc(-c2ccc(On3cnnc3)cc2)cc1,8.1,0.702833099569531,0.84885013785275,0.1641791044776119
C1=CC2=NC=C(Cc3ccc(Cc4cccc5ccccc45)cc3)C2C=C1C1=CN=C2C=CC(n3cnnc3)=CC12,8.3,0.2679812879796551,0.6017602264496387,0.4102564102564102
c1ccc(-n2cnnc2)cc1,6.0,0.6045482615564559,0.8888018274355061,0.2203389830508474
c1ccc(CCc2ccc(-n3cnnc3)o2)cc1,8.4,0.7026287777677792,0.8290071179097301,0.2686567164179104
c1ccc(Cc2ccc(-c3cccc4ccccc34)o2)cc1,10.1,0.4707251238807514,0.911264226823849,0.1168831168831168
C1=CC2=NC=C(CCn3cnnc3)C2C=C1n1cnnc1,8.2,0.8458030208423095,0.5978110513882917,0.5166666666666667
CCC(=O)C(=O)C[NH+]1CCN(C2=CC3C(c4cc(-c5ccccc5)n(CC)n4)=CN=C3C=C2)CC1,10.5,0.6006814329365742,0.5914616487636875,0.3222222222222222
Cc1ccc(CCc2cccc3ccccc23)o1,9.0,0.6510046609423787,0.906236699160066,0.0897435897435897
Clc1cc(-n2cnnc2)ccc1Cc1ccccc1,8.6,0.7284256494865842,0.8775891894252366,0.2253521126760563
CCN1CC[NH+](CCc2ccccc2)CC1,6.9,0.7724387387480383,0.7283254558214529,0.4
C1=CC2=NC=C(n3cnnc3)C2C=C1n1cnnc1,8.8,0.7926711175906872,0.5958478868341712,0.4
CCOCC1=CN=C2C=CC(n3cnnc3)=CC12,5.1,0.8067909257312641,0.6178120554149545,0.4375
CCC(C(=O)n1nccc1-c1ccccc1)C1=CN=C2C=CC(n3cnnc3)=CC12,7.1,0.6557862928517847,0.6188780535228793,0.3493975903614458
O=C(Cc1cccc2ccccc12)C1=CN=C2C=CC(n3cnnc3)=CC12,7.5,0.7206027683275754,0.6895043809756758,0.3684210526315789
N#Cc1ccc(C[NH+]2CCN(Cc3ccc(C4=CN=C5C=CC(n6cnnc6)=CC45)o3)CC2)cc1,6.3,0.6042187475742681,0.5838662257746431,0.4166666666666667
N#CCc1ccc(OC2=CN=C3C=CC(n4cnnc4)=CC23)cc1,9.2,0.8690255936235499,0.6601193917730401,0.3835616438356164
Cc1cc2nn1Cc1ccc(o1)C1=CN=C3C=CC2=CC13,8.3,0.7406256843336247,0.4204909675977054,0.1860465116279069
COc1ccc(C2=CN=C3C=CC(n4cnnc4)=CC23)cc1,9.3,0.8731019501172657,0.6859885954306815,0.3571428571428571
CO[C@H](c1ccc(CCc2ccccc2)o1)n1cnnc1,5.9,0.6977526965138056,0.747930020233067,0.2105263157894736
CCC1=CN=C2C=CC(n3cnnc3)=CC12,7.6,0.7526150065184666,0.6043084024787126,0.4915254237288136
C[C@@H](O)C(=O)Nc1ccc(-c2ccccc2)cc1,7.9,0.8675610968578704,0.894641936743393,0.0789473684210526
C1=CC2=NC=C(C3=CN=C4C=CC(n5cnnc5)=CC34)C2C=C1CC1CC1,9.3,0.8243480449093296,0.5367686103517247,0.4029850746268656
Fc1ccc(C2=CN=C3C=CC(c4cccc5ccccc45)=CC23)cc1,11.8,0.5400993875104354,0.7523265520098342,0.1975308641975308
O=CC1=CC2C(c3ccc(-c4cc(-c5ccccc5)n(O)n4)o3)=CN=C2C=C1,9.9,0.5531982965439877,0.6601085557420852,0.2
CCn1nc(-n2nc(C3=CN=C4C=CC(OCC(C)C)=CC34)cc2-c2ccccc2)cc1-c1ccccc1,10.5,0.2621963367558449,0.689956484826802,0.2105263157894736
Cn1nc(C2=CC3C(c4ccc(Cc5ccccc5)o4)=CN=C3C=C2)cc1-c1ccccc1,11.5,0.3716899138254957,0.7126788763135821,0.25
Clc1cccc(C2=CC3C(c4cc(-c5ccccc5)n(-c5ccc(Cc6ccccc6)o5)n4)=CN=C3C=C2)c1,12.8,0.2230573924718449,0.6996704593897376,0.2365591397849462
O=C(O)C1=CN=C2C=CC(CCC3=CN=C4C=CC(n5cnnc5)=CC34)=CC12,10.0,0.8611162714514062,0.5334787560374586,0.4705882352941176
C1=CC2=NC=C3CCOCC4=CN=C5C=CC(=CC45)C1=CC32,10.1,0.6730567095901152,0.3745709801770013,0.1944444444444444
C1=CC2=NC=C(CCn3cnnc3)C2C=C1n1cnnc1,8.4,0.8458030208423095,0.5978110513882917,0.5166666666666667
O=C1CCc2ccc(o2)C2=CN=C3C=CC1=CC23,8.5,0.6958370934607268,0.4513955096965218,0.2077922077922078
C1=CC2=NC=C(OOCc3ccccc3)C2C=C1n1cnnc1,6.1,0.6292683119746553,0.658730653911533,0.4848484848484848
COc1cc(-c2ccc(C3=CN=C4C=CC(n5cnnc5)=CC34)o2)cc(-n2cnnc2)c1,10.9,0.4861749688386872,0.6462216604188583,0.3086419753086419
C1=CC2=NC=C(c3ccc(-n4cnnc4)o3)C2C=C1n1cnnc1,9.5,0.7368549224086817,0.6028566976596418,0.3623188405797101
C1=CC2=NC=C(c3ccco3)C2C=C1Cc1ccc(C2=CN=C3C=CC(n4cnnc4)=CC23)o1,12.2,0.5447107320896066,0.5498087856361472,0.3544303797468354
C1=CC2=NC=C(C3=CN=C4C=CC(n5cnnc5)=CC34)C2C=C1Cc1ccccc1,7.4,0.7811903176031827,0.5805922648670907,0.5
O=C(Cc1cccc2ccccc12)C1=CN=C2C=CC(n3cnnc3)=CC12,11.3,0.7206027683275754,0.6895043809756758,0.3684210526315789
Cc1ccc(C2=CN=C3C=CC(n4cnnc4)=CC23)o1,8.2,0.8375641757197909,0.637958442639377,0.3571428571428571
CCCC1=CC2C(c3ccncc3)=CN=C2C=C1,8.2,0.7834492133201374,0.6857362934410793,0.2328767123287671
CN(Cc1ccccc1)C1=CN=C2C=CC(n3cnnc3)=CC12,9.2,0.8722424203198563,0.669116682503572,0.4626865671641791
c1ccc(Cc2ccc(-c3ccccc3)o2)cc1,8.6,0.6482132782007775,0.9333504227530351,0.1285714285714285
C1=CC2=NC=C(SCc3ccccc3)C2C=C1n1cnnc1,9.0,0.8675498677620286,0.6676575142042157,0.4769230769230769
C1=CC2=NC=C(c3cc(-c4ccccc4)n(C4=CN=C5C=CC(n6cnnc6)=CC45)n3)C2C=C1C1CC1,8.5,0.4871410072155132,0.5672059894987491,0.3452380952380952
O=C(O)n1nc(C2=CN=C3C=CC(n4cnnc4)=CC23)cc1-c1ccccc1,11.1,0.7633924493488305,0.6549914825713533,0.3636363636363636
c1ccc(-c2ccc(-n3cnnc3)o2)cc1,7.9,0.6537951760848196,0.8356440796621512,0.1911764705882352
C1=CC2=NC=C(n3cnnc3)C2C=C1n1cnnc1,8.8,0.7926711175906872,0.5958478868341712,0.4
CCn1nc(N2CC[NH+](C(=O)CCC(F)F)CC2)cc1-c1ccccc1,8.0,0.8518055824103972,0.7016109761071793,0.1538461538461538
C1=CC2=NC=C(c3ccc(Cc4ccccc4)o3)C2C=C1c1ccccc1,11.4,0.5724892750584927,0.7410757864837481,0.2597402597402597
CC[NH+]1CCN(CCOCc2ccccc2)CC1,6.5,0.7361952709719225,0.7497798051107193,0.3088235294117647
c1ccc(Oc2ccc(-c3ccccc3)cc2)cc1,8.7,0.6209338909796198,0.9775143925116024,0.0909090909090909
c1ccc(CCc2cccc3ccccc23)cc1,8.6,0.6175544040556875,0.9539464341490466,0.1641791044776119
c1ccc(CCc2ccc(-n3cnnc3)o2)cc1,8.2,0.7026287777677792,0.8290071179097301,0.2686567164179104
CC[C@](C)(CCc1cccc2ccccc12)n1cnnc1,9.5,0.7008428801538374,0.7672105189516939,0.1518987341772152
C1=CC2=NC=C(n3cnnc3)[C@H]2C=C1n1cnnc1,8.0,0.7926711175906872,0.5958478868341712,0.4
c1ccc(-n2cnnc2)cc1,6.0,0.6045482615564559,0.8888018274355061,0.2203389830508474
c1ccc2c(-n3cnnc3)cccc2c1,7.6,0.5966485748564438,0.8813342688508469,0.2
Clc1ccc(CC2=CN=C3C=CC(n4cnnc4)=CC23)c(CC2=CN=C3C=CC(n4cnnc4)=CC23)c1,11.2,0.484957776762546,0.533477178309938,0.4202898550724637
C1=CC2=NC=C(c3ccc(-c4ccccn4)o3)C2C=C1n1cnnc1,9.9,0.7385732604839064,0.6617734872457434,0.3648648648648648
C1=CC2=NC=C(c3ccc(-c4cccc5ccccc45)o3)C2C=C1,8.0,0.6013625158229309,0.7350351164630607,0.1707317073170731
O=C(C1=CC2C(c3ccc(-c4ccccc4)o3)=CN=C2C=C1)c1cccs1,10.6,0.545591625558942,0.7123805348218295,0.1954022988505747
c1ccc(Oc2ccc(-c3ccccc3)cc2)cc1,8.7,0.6209338909796198,0.9775143925116024,0.0909090909090909
c1ccc(CCc2ccccc2)cc1,7.8,0.6814602021498524,0.9984241264116396,0.1964285714285714
O=C(Oc1ccc(-c2ccccc2)cc1)C1=CC2C(c3ccc(Cc4ccccc4)o3)=CN=C2C=C1,8.0,0.224543991502769,0.735152415455525,0.2386363636363636
CCc1ccccc1,5.1,0.5147578217927745,1.0,0.15
C1=CC2=NC=C(n3cnnc3)C2C=C1n1cnnc1,8.8,0.7926711175906872,0.5958478868341712,0.4
C1=CC2=NC=C(c3ccc(N4CC[NH+](CC5CC5)CC4)o3)C2C=C1n1cnnc1,6.7,0.8420671059931335,0.5418294359423004,0.4102564102564102
FC(F)(F)OC1=CC2C(c3ccc(-c4ccccc4)o3)=CN=C2C=C1,10.2,0.7529852860474928,0.7041176838269401,0.2098765432098765
O=C(CCC1=CC2C(c3ccc(-c4ccccc4)o3)=CN=C2C=C1)c1ccccc1,10.5,0.4490973092040712,0.7328169106951132,0.2592592592592592
C1=CC2=NC=C(CCCN3CC[NH+](CC4CCC4)CC3)C2C=C1n1cnnc1,8.8,0.7796880213049125,0.5542507718862112,0.6875
C1=CC2=NC=C(c3ccc(CN4CCN(c5ccccc5)CC4)o3)C2C=C1n1cnnc1,11.1,0.6248018681358533,0.6931586104863346,0.4102564102564102
C1=CC2=NC=C(CCc3ccccc3)C2C=C1n1cnnc1,9.0,0.8662145149452083,0.6786628755095767,0.6491228070175439
C1=CC2=NC=C(c3ccc(-c4ccccc4)o3)C2C=C1C1=CN=C2C=CC(n3cnnc3)=CC12,8.5,0.5359729739561386,0.5848347283209132,0.3783783783783784
c1ccc(-c2ccco2)cc1,6.4,0.5993231935996743,0.9483188437525224,0.0895522388059701
c1ccc2c(-n3cnnc3)cccc2c1,7.8,0.5966485748564438,0.8813342688508469,0.2
CC(=O)Cn1nc(C2=CC3C(CO)=CN=C3C=C2)cc1-c1ccccc1,9.3,0.9055781550920567,0.6848116642309466,0.2738095238095238
c1ccc(-c2ccc(-n3cnnc3)o2)cc1,8.0,0.6537951760848196,0.8356440796621512,0.1911764705882352
C1=CC2=NC=C(c3ccc(C4=CC5C(c6ccc(Cc7ccccc7)o6)=CN=C5C=C4)o3)C2C=C1,12.1,0.4140886060796458,0.6063876705634843,0.2409638554216867
C1=CC2=NC=C(c3cc(-c4ccccc4)n(C4=CC5C(c6ccco6)=CN=C5C=C4)n3)C2C=C1n1cnnc1,13.3,0.3426964363538656,0.5681608404015073,0.3373493975903614
CC(C)C1=CC2C(c3ccc(-c4ccccc4)o3)=CN=C2C=C1,10.1,0.7334785343383479,0.7109404111454304,0.2179487179487179
c1nncn1-n1cnnc1,5.1,0.5135570635293532,0.7112620758473399,0.1034482758620689
c1ccc2c(CCn3cnnc3)cccc2c1,8.1,0.6831104323751874,0.8673794295692494,0.1857142857142857
CCc1cc2ccc1C1=CC3C2=CN=C3C=C1,7.6,0.683628442584603,0.5658352003083142,0.1948051948051948
Ic1ccc(C2=CN=C3C=CC(c4ccc(CCc5ccccc5)o4)=CC23)cc1,11.7,0.3649661387084602,0.7191550173376492,0.2682926829268293
CCn1nc(C2=CN=C3C=CC(c4ccccc4)=CC23)cc1-c1ccccc1,11.2,0.5902499239918001,0.7307888627110493,0.2531645569620253
C1=CC2=NC=C(c3ccc(-c4ccccc4)o3)C2C=C1,9.5,0.7800306620903378,0.7317548268201679,0.2
C[C@H](c1cc(-c2ccc(Cc3ccccc3)o2)no1)c1ccc(Cc2ccccc2)o1,10.3,0.2945371232368841,0.7682107485759919,0.1325301204819277
CC[NH+]1CCN(n2nc(C3=CN=C4C=CC(n5cnnc5)=CC34)cc2-c2c(F)cccc2-c2ccccc2)CC1,10.6,0.4130594144105228,0.5724654004680186,0.3846153846153846
O=C(CC1=CN=C2C=CC(n3cnnc3)=CC12)C1=CC2C(c3ccc(Cc4ccccc4)o3)=CN=C2C=C1,12.6,0.4377757024581605,0.5688834000864884,0.4096385542168674
C1=CC2=NC=C(CCc3ccccc3)C2C=C1n1cnnc1,9.2,0.8662145149452083,0.6786628755095767,0.6491228070175439
CC[NH+](O)Cc1ccc(-c2ccccc2)cc1,7.6,0.7700189864480838,0.7633567645546719,0.1267605633802817
c1ccc(CCc2ccc(-n3cnnc3)o2)cc1,8.3,0.7026287777677792,0.8290071179097301,0.2686567164179104
C1=CC2=NC=C(Cc3cccc(C4=CN=C5C=CC(n6cnnc6)=CC45)c3)C2C=C1n1cnnc1,11.9,0.5807786812591297,0.5477201247759386,0.463768115942029
CCn1nc2cc1-c1ccc(cc1)Sc1ccc(o1)C1=CN=C3C=CC2=CC13,9.0,0.5418601453762196,0.4234233058554896,0.1827956989247312
Oc1ccc(-c2ccccc2)cc1,7.6,0.6969384886852025,0.9749604506287988,0.09375
c1ccc2c(-n3cnnc3)cccc2c1,5.3,0.5966485748564438,0.8813342688508469,0.2
CC1=CN=C2C=CC(n3cnnc3)=CC12,7.2,0.6883940489319109,0.6050575562312134,0.3934426229508196
C1=CC2=NC=C(C3=CN=C4C=CC(n5cnnc5)=CC34)C2C=C1CC1CC1,9.3,0.8243480449093296,0.5367686103517247,0.4029850746268656
C1=CC2=NC=C(c3cc(-c4ccccc4)n(C4=CC5C(CCc6ccccc6)=CN=C5C=C4)n3)C2C=C1n1cnnc1,7.7,0.2606151974056002,0.5835713955851384,0.4933333333333333
CCC1=CC2C(c3ccc(COC)o3)=CN=C2C=C1,7.8,0.8209546131962839,0.6655558833990098,0.2
Clc1ccc(C2=CC3C(c4ccc(Cc5ccccc5)o4)=CN=C3C=C2)cc1,10.5,0.4985853687002122,0.736235016557203,0.2469135802469135
CCc1ccccc1,5.0,0.5147578217927745,1.0,0.15
c1ccc(Cc2ccc(-c3ccc(-c4ccccc4)o3)o2)cc1,10.0,0.4760226978386535,0.8892360490081099,0.125
C1=CC2=NC=C(c3ccc(C4=CN=C5C=CC(n6cnnc6)=CC45)o3)C2C=C1,11.1,0.8274670186849736,0.5531312397326256,0.3472222222222222
C1=CN(c2ccc(C3=CN=C4C=CC(c5ccc(-c6ccccc6)o5)=CC34)o2)CCC1,8.8,0.4829481695292266,0.6586334353095484,0.2247191011235955
CCCc1ccc(-c2ccccc2)o1,7.3,0.7081562762944456,0.9224540437411068,0.1111111111111111
C1=CC2=NC=C(c3ccc(-c4ccco4)o3)C2C=C1n1cnnc1,9.7,0.7392542440678356,0.6475908856938299,0.3561643835616438
C1=CC2=NC=C(c3ccc(Cc4ccccc4)o3)C2C=C1Cc1cccs1,7.6,0.5347387280447918,0.7056005728085342,0.2560975609756097
OC(=NCC1=CN=C2C=CC(n3cnnc3)=CC12)NCCn1cnnc1,9.3,0.5757257517994229,0.5817337448170271,0.410958904109589
C1=CC2=NC=C(CCc3cccc4ccccc34)C2C=C1Cc1cccs1,10.8,0.4861475141292196,0.7125692337771952,0.2875
CC(CN1CC[NH+](CCc2ccccc2)CC1)Cn1cnnc1,5.7,0.8018014822855885,0.6524121576166942,0.417910447761194
C1=CC2=NC=C(C3CC3)C2C=C1n1cnnc1,7.6,0.7712499784743682,0.618041354821548,0.3968253968253968
C1=CC2=NC=C(N(Cc3ccccc3)c3ccccc3)C2C=C1n1cnnc1,10.1,0.6768777071446099,0.6923346568767229,0.4558823529411764
CCc1ccc([C@@H](OC)C(=O)c2ccccc2)o1,7.2,0.7564767946460239,0.8129336411174504,0.0853658536585365
C1=CC2=NC=C(c3ccc(CC4CC4)o3)C2C=C1c1ccccc1,10.5,0.7519556470120006,0.710542577038479,0.2345679012345679
CC[C@@](C)(Oc1ccc(-c2ccccc2)cc1)c1ccccc1,9.4,0.5565217446608584,0.8543796763578302,0.1066666666666666
O=C(O)C1=CC2C(CCc3cccc4ccccc34)=CN=C2C=C1,10.6,0.9137964944449016,0.7214608002237444,0.3026315789473684
O=C(Nc1ccccc1)C(=O)C1=CN=C2C=CC(n3cnnc3)=CC12,9.5,0.8659768977487425,0.6819490179798495,0.3888888888888889
C1=CC2=NC=C(C3=CN=C4C=CC(n5cnnc5)=CC34)C2C=C1c1ccco1,10.3,0.8296904272401386,0.5525070639084496,0.3611111111111111
N#CCC1=CC2C(c3cc(-c4ccccc4)n(C4=CN=C5C=CC(n6cnnc6)=CC45)n3)=CN=C2C=C1,6.3,0.5164201124469766,0.5552805349532945,0.3571428571428571
C1=CC2=NC=C(C3=CN=C4C=CC(n5cnnc5)=CC34)C2C=C1c1cccs1,10.2,0.7953242577257621,0.5536279430293287,0.3611111111111111
c1ccc(Oc2ccc(-c3ccccc3)cc2)cc1,8.7,0.6209338909796198,0.9775143925116024,0.0909090909090909
Clc1ccc([NH+]2CCN(CCCC3=CN=C4C=CC(n5cnnc5)=CC34)CC2)cc1,10.0,0.7795983404752573,0.5676115520088556,0.6615384615384615
C1=CC2=NC=C(c3ccccc3)C2C=C1n1cnnc1,6.8,0.8329207302614734,0.6786250832304244,0.4516129032258064
Oc1ccc(CCC2=CN=C3C=CC(n4cnnc4)=CC23)cc1,9.3,0.9441764697708088,0.6673196236800424,0.5238095238095238
c1ccc(CC[NH+]2CCNCC2)cc1,6.2,0.6714718759884003,0.7025857957289566,0.3114754098360656
C1=CC2=NC=C(Oc3ccc(-c4ccccc4)cc3)C2C=C1Cc1ccccc1,11.1,0.5066655003376058,0.7564778269525197,0.3013698630136986
c1ccc(CC[NH+]2CCN(c3ccccc3)CC2)cc1,8.1,0.8846330294007074,0.7803261082043702,0.360655737704918
Cc1ccc(C2=CC3C(c4ccc(-c5ccccc5)o4)=CN=C3C=C2)cc1,11.6,0.5430116039938161,0.742646496360291,0.2125
Cn1cnc2ccc(-c3cccc4ccccc34)cc21,9.8,0.494744280549094,0.8988772685694288,0.1111111111111111
Cn1nc(C2=CN=C3C=CC(n4cnnc4)=CC23)cc1-c1ccccc1,10.5,0.7354759674645994,0.6696999785832609,0.3972602739726027
C1=CC2=NC=C(n3cnnc3)C2C=C1n1cnnc1,5.8,0.7926711175906872,0.5958478868341712,0.4
c1ccc(CCn2cnnc2)cc1,6.4,0.7041701196184715,0.875686839085147,0.2833333333333333
O=C(CC1=CN=C2C=CC(n3cnnc3)=CC12)n1cnnc1,8.9,0.8404522968683987,0.5882264652531667,0.4242424242424242
C1=CC2=NC=C(c3ccc(CCc4ccccc4)o3)C2C=C1C1CC1,10.3,0.7233307633302354,0.7140501913344476,0.2948717948717949
C1=CC2=NC=C(n3cnnc3)C2C=C1n1cnnc1,8.8,0.7926711175906872,0.5958478868341712,0.4
Brc1ccc(C2=CN=C3C=CC(n4cnnc4)=CC23)cc1,9.2,0.8396158383049025,0.6695982584464666,0.373134328358209
C1=CC2=NC=C(C3=CN=C4C=CC(n5cnnc5)=CC34)C2C=C1c1ccccc1,11.2,0.8051937249119395,0.5836717446574813,0.4242424242424242
Cn1nc(C2=CC3C(CCc4cccc5ccccc45)=CN=C3C=C2)cc1-c1ccccc1,12.5,0.3451583454352629,0.7184386879305367,0.2941176470588235
c1ccc(-c2ccc(On3cnnc3)cc2)cc1,8.1,0.702833099569531,0.84885013785275,0.1641791044776119
N#CCCc1ccc(C2=CN=C3C=CC(n4cnnc4)=CC23)o1,8.9,0.8694796463069471,0.6249773159877348,0.3552631578947368
C1=CC2=NC=C(c3cc(-c4ccccc4)[nH]n3)C2C=C1OC1CCC1,9.8,0.8969086779387677,0.6933460333302894,0.2093023255813953
C1=CC(CC2=CN=C3C=CC(n4cnnc4)=CC23)C=C1,9.0,0.840275461316343,0.5844363652817063,0.4375
O=C(O)C1=CC2C(c3ccc(Cc4ccccc4)o3)=CN=C2C=C1,9.5,0.9309846071997472,0.7133970639600081,0.25
CCn1nc(-c2ccccc2)cc1-c1ccccc1,8.7,0.6776520545701573,0.9198411125021598,0.1388888888888889
c1nncn1-n1cnnc1,5.0,0.5135570635293532,0.7112620758473399,0.1034482758620689
O=C(CC1=CN=C2C=CC(n3cnnc3)=CC12)Oc1ccc(-c2ccccc2)cc1,7.1,0.4777275106016365,0.7007413705049664,0.4583333333333333
C1=CC2=NC=C(c3ccco3)C2C=C1n1cnnc1,8.3,0.8218825359613661,0.6336891823807299,0.3823529411764705
C1=CC2=NC=C(c3ccc(-n4cnnc4)o3)C2C=C1n1cnnc1,9.1,0.7368549224086817,0.6028566976596418,0.3623188405797101
C1=CC2=NC=C(C3CNC3)C2C=C1CCc1ccccc1,9.1,0.8963404420908097,0.6985704668831912,0.3428571428571428
Brc1ccc(-c2ccc(OC3=CN=C4C=CC(n5cnnc5)=CC34)cc2)cc1,10.8,0.5771386681885295,0.6985273242495107,0.3611111111111111
C1=CC2=NC=C(c3ccc(Cc4nnc(Cc5ccccc5)s4)o3)C2C=C1n1cnnc1,11.0,0.4448760816600565,0.661822552794027,0.3924050632911392
C1=CC2=NC=C(Oc3ccc(-c4ccccc4)cc3)C2C=C1c1ccco1,10.8,0.5871533429041305,0.7378151976898256,0.2222222222222222
c1ccc(CCCCc2cccc3ccccc23)cc1,8.7,0.5383331830581016,0.9449635441018062,0.1764705882352941
C1=CC2=NC=C(N3CC[NH+](CCc4ccccc4)CC3)C2C=C1c1cccs1,10.0,0.8346543557734035,0.6077982099902761,0.44
C1=CC2=NC=C(c3ccc(-c4cccs4)o3)C2C=C1n1cnnc1,9.9,0.7246852833206707,0.6492509284288727,0.3466666666666667
Oc1ccc([NH+]2CCN(C3=CN=C4C=CC(n5cnnc5)=CC34)CC2)cc1,9.4,0.7951110906577689,0.5437472655910603,0.4166666666666667
c1ccc(-c2ccc(-c3ccccc3)o2)cc1,8.4,0.6141128679317124,0.9556308930543992,0.09375
CCn1cnnc1,4.3,0.5041882188831845,0.768838233975957,0.1129032258064516
Clc1ccc(CC2=CN=C3C=CC(n4cnnc4)=CC23)cc1Cl,9.6,0.838563131393335,0.6626182527068543,0.4411764705882353
OC1=NCc2ccc(o2)-c2ccc(o2)C2=CN=C3C=CC1=CC23,8.3,0.8015491317178111,0.4226046770146122,0.1829268292682926
CCCCCC1=CN=C2C=CC(n3cnnc3)=C[C@H]12,7.4,0.7570694765915961,0.639468915367042,0.5245901639344263
C1=CC2=NC=C(c3ccc(-c4ccccc4)o3)C2C=C1CCON(Cc1ccccc1)c1ccccc1,7.7,0.2268049232237946,0.6963177852912252,0.2558139534883721
CCCCc1cccc2ccccc12,7.7,0.6708472816543193,0.952219522165122,0.1126760563380281
c1ccc(Cc2ccc(-c3cccc4ccccc34)o2)cc1,10.1,0.4707251238807514,0.911264226823849,0.1168831168831168
C1=CC2=NC=C(n3cnnc3)C2C=C1n1cnnc1,8.8,0.7926711175906872,0.5958478868341712,0.4
C1=CC2=NC=C(NCc3ccccc3-c3ccccc3)C2C=C1C1=CN=C2C=CC(n3cnnc3)=CC12,13.0,0.5060075725870257,0.5943508694836291,0.3580246913580246
C1=CC2=NC=C(c3cc(-c4ccccc4)[nH]n3)C2C=C1c1ccc(C2=CN=C3C=CC(n4cnnc4)=CC23)o1,12.6,0.3664815823463438,0.5663758305395743,0.3294117647058823
C1=CC2=NC=C(c3ccccc3)C2C=C1n1cnnc1,9.3,0.8329207302614734,0.6786250832304244,0.4516129032258064
Fc1ccc(C2=CN=C3C=CC(n4cnnc4)=CC23)cc1,9.3,0.8473057534518769,0.6756133949228934,0.373134328358209
C1=CC2=NC=C(c3ccccc3)C2C=C1n1cnnc1,9.3,0.8329207302614734,0.6786250832304244,0.4516129032258064
FC(F)c1ccc(C2=CN=C3C=CC(C4=CN=C5C=CC(n6cnnc6)=CC45)=CC23)o1,7.6,0.7215958981053998,0.5363581387628024,0.3289473684210526
CCn1cnnc1,4.2,0.5041882188831845,0.768838233975957,0.1129032258064516
c1cc2oc1CNc1ccc-2o1,5.9,0.6445265621449208,0.5660957232790579,0.0547945205479452
c1ccc(Cc2ccc(-n3cnnc3)o2)cc1,8.1,0.6872971449484787,0.8263338790413459,0.2352941176470588
C1=CC2=NC=C(CCc3ccccc3)C2C=C1n1cnnc1,6.8,0.8662145149452083,0.6786628755095767,0.6491228070175439
c1ccc(CCc2cccc3ccccc23)cc1,9.2,0.6175544040556875,0.9539464341490466,0.1641791044776119
C1=CC2=NC=C(N(Cc3ccco3)c3ccccc3)C2C=C1n1cnnc1,9.1,0.6963637395688352,0.6649561283640898,0.3815789473684211
NC(=O)Nc1ccc(C2=CC3C(c4ccc(Cc5ccccc5)o4)=CN=C3C=C2)o1,8.2,0.632920492642776,0.6808025828880889,0.2272727272727272
CCn1nc(-c2ccc(-c3ccccc3)o2)cc1-c1ccccc1,6.7,0.4979805815080845,0.8831682101742161,0.1265822784810126
O=CC1=CC2C(Cc3ccc(C4=CN=C5C=CC=CC45)o3)=CN=C2C=C1,10.7,0.7777551624973364,0.5535648598074618,0.2093023255813953
C1=CC2=NC=C(CCc3ccccc3)C2C=C1n1cnnc1,6.7,0.8662145149452083,0.6786628755095767,0.6491228070175439
c1ccc(-n2cnnc2)cc1,6.0,0.6045482615564559,0.8888018274355061,0.2203389830508474
C1=CC2=NC=C(c3ccc4c(c3)CCCCN3CC[NH+]4CC3)C2C=C1n1cnnc1,7.8,0.8401500500086789,0.4403206422696262,0.3580246913580246
C1=CC2=NC=C(c3cccc4ccccc34)C2C=C1n1cnnc1,10.1,0.7189522547480127,0.6938366121895565,0.391304347826087
Brc1ccc(-c2ccc(C3=CN=C4C=CC(n5cnnc5)=CC34)o2)o1,10.7,0.6586830552441911,0.6361235801078364,0.3472222222222222
C1=CC2=NC=C(c3ccc(-c4ccco4)o3)C2C=C1n1cnnc1,7.0,0.7392542440678356,0.6475908856938299,0.3561643835616438
C1=CC2=NC=C(Cc3ccccc3)C2C=C1n1cnnc1,8.9,0.863384284234977,0.6742134933907339,0.576271186440678
O=C(Nc1ccccc1)C1=CN=C2C=CC(C3=CN=C4C=CC(n5cnnc5)=CC34)=CC12,8.3,0.8210574504899942,0.5900160416167697,0.358974358974359
C1=CC2=NC=C(CCc3ccco3)C2C=C1n1cnnc1,8.7,0.8637130200172372,0.6379077546849952,0.4848484848484848
C1=CC2C=C(n3cnnc3)C=CC2=N1,6.8,0.6592922638979614,0.5964046242348642,0.296875
c1ccc(-n2cnnc2)cc1,6.0,0.6045482615564559,0.8888018274355061,0.2203389830508474
Fc1cccc(Cc2ccccc2)c1,7.7,0.673770167167591,0.9650622989005816,0.1343283582089552
CCn1nc2cc1CCCc1ccc(o1)C1=CC3C2=CN=C3C=C1,10.1,0.7961369714977196,0.436968816403257,0.2
c1ccc(CC[NH+]2CCN(CCC3CC3)CC2)cc1,7.1,0.8072847724055783,0.7406902883263357,0.4354838709677419
C1=CC2=NC=C(CCN3CCCCC3)C2C=C1n1cnnc1,8.9,0.85722260721154,0.6571286097753111,0.5737704918032787
C1=CC2=NC=C(CCn3cnnc3)C2C=C1n1cnnc1,8.3,0.8458030208423095,0.5978110513882917,0.5166666666666667
c1ccc(-n2cnnc2)cc1,6.0,0.6045482615564559,0.8888018274355061,0.2203389830508474
N#CCC1=CC2C(c3ccc(C4=CN=C5C=CC(n6cnnc6)=CC45)o3)=CN=C2C=C1,7.0,0.7627958300859081,0.5340569093901684,0.3648648648648648
C1=CC2=NC=C(Cc3ccccc3)C2C=C1n1cnnc1,9.1,0.863384284234977,0.6742134933907339,0.576271186440678
CCn1nc(C2=CN=C3C=CC(C4=CC5C(Nc6ccccc6)=CN=C5C=C4)=CC23)cc1-c1ccccc1,12.4,0.4020020452500745,0.6085928623056851,0.2325581395348837
CCCC1=CC2C(c3ccc(CC4=CC5C(CCc6cccc7ccccc67)=CN=C5C=C4)o3)=CN=C2C=C1,12.5,0.2996030419388826,0.594507878420959,0.2555555555555555
c1ccc(-n2cnnc2)cc1,6.0,0.6045482615564559,0.8888018274355061,0.2203389830508474
C[C@H](C(=O)CCC1=CN=C2C=CC(n3cnnc3)=CC12)n1cnnc1,9.2,0.8032175000545969,0.5653609001483118,0.4225352112676056
C[C@@H](COC1=CN=C2C=CC(n3cnnc3)=CC12)Oc1ccccc1,8.9,0.8143303333209505,0.6409465464901224,0.410958904109589
c1ccc(-c2ccccc2)cc1,7.4,0.5905018880213778,1.0,0.1034482758620689
C1=CC2=NC=C(c3ccc(-n4cnnc4)o3)C2C=C1n1cnnc1,9.5,0.7368549224086817,0.6028566976596418,0.3623188405797101
Cc1ccc(C2=CN=C3C=CC(n4cnnc4)=CC23)o1,8.8,0.8375641757197909,0.637958442639377,0.3571428571428571
C1=CC2=NC=C(c3ccccc3)[C@H]2C=C1n1cnnc1,8.6,0.8329207302614734,0.6786250832304244,0.4516129032258064
C1=CC2=NC=C(c3ccc(-c4ccccc4)cc3)C2C=C1c1ccc(C2=CN=C3C=CC(n4cnnc4)=CC23)o1,8.5,0.2828923678324013,0.5951866191965232,0.3684210526315789
C1=CC2=NC=C(c3ccco3)C2C=C1n1cnnc1,7.4,0.8218825359613661,0.6336891823807299,0.3823529411764705
C1=CC2=NC=C(CCc3cccc4ccccc34)C2C=C1c1ccco1,10.8,0.575306961160982,0.7191863230080668,0.275
C1=CC2=NC=C(N3CCC(n4cnnc4)C3)C2C=C1n1cnnc1,6.0,0.8473705012456743,0.5804659484032124,0.3661971830985915
c1ccc(CCc2ccc(-c3ccccc3)o2)cc1,8.8,0.6501117828581876,0.9298913679484676,0.1594202898550724
C1=CC2=NC=C(c3ccc(Cc4cccc(N5CC[NH+](CCc6ccccc6)CC5)c4)o3)C2C=C1n1cnnc1,7.3,0.3758015782595534,0.6056551462307307,0.5375
C1=CC2=NC=C(COc3ccccc3)C2C=C1c1ccccc1,10.4,0.8034005613951909,0.750968781001834,0.2957746478873239
CCCC(C)n1nc(C2=CN=C3C=CC(n4cnnc4)=CC23)cc1-c1ccccc1,10.5,0.5873323008489773,0.6307623192571451,0.3580246913580246
C1=CC2=NC=C(N3CC[NH+](CC[C@@H]4CCOC4)CC3)C2C=C1n1cnnc1,6.2,0.8093930483839346,0.5060144531817341,0.44
C1=CC2=NC=C(N(Cc3ccco3)c3ccccc3)C2C=C1n1cnnc1,6.5,0.6963637395688352,0.6649561283640898,0.3815789473684211
N#CCC1=CC2C(c3ccc(C4=CN=C5C=CC(n6cnnc6)=CC45)o3)=CN=C2C=C1,7.1,0.7627958300859081,0.5340569093901684,0.3648648648648648
c1ccc(Cc2ccc(-c3ccccc3)o2)cc1,8.6,0.6482132782007775,0.9333504227530351,0.1285714285714285
C1=CC2=NC=C(CCc3cccc4ccccc34)C2C=C1C1CC1,9.1,0.6932865319624251,0.7192216669626394,0.3066666666666666
C1=CC2=NC=C(c3ccc(Cc4ccccc4)o3)C2C=C1n1cnnc1,10.5,0.7215854914362475,0.6805013131461339,0.4366197183098591
c1ccc(Oc2ccc(-c3ccccc3)cc2)cc1,8.8,0.6209338909796198,0.9775143925116024,0.0909090909090909
C1=CC2=NC=C(n3cnnc3)[C@H]2C=C1n1cnnc1,7.7,0.7926711175906872,0.5958478868341712,0.4
c1ccc(CCc2ccc(-n3cnnc3)o2)cc1,8.3,0.7026287777677792,0.8290071179097301,0.2686567164179104
c1ccc(N2CCN(Cc3ccc(-n4cnnc4)o3)CC2)cc1,8.6,0.7391914994488848,0.8351129720850329,0.2266666666666666
C1=CC2=NC=C3Cc4ccc(o4)C4=CN=C5C=CC(=CC45)CC1=CC32,11.2,0.6878529829525004,0.3243274419020636,0.189873417721519
CCC1=CC2C(c3ccc(-c4ccccc4)o3)=CN=C2C=C1,9.7,0.7551634523971446,0.7114913173241725,0.2533333333333333
C1=CC2=NC=C(n3cnnc3-c3ccccc3)C2C=C1n1cnnc1,7.2,0.740710300491749,0.6593702051944614,0.4
C1=CC2=NC=C(n3cnnc3)C2C=C1n1cnnc1,8.8,0.7926711175906872,0.5958478868341712,0.4
c1ccc(Cc2ccco2)cc1,6.3,0.6545875888624714,0.9343428179632316,0.1343283582089552
C1=CC2=NC=C(CCCc3oncc3-n3cnnc3)C2C=C1n1cnnc1,9.6,0.6682144508736623,0.5901346658759606,0.463768115942029
c1ccc(-c2ccccc2)cc1,7.4,0.5905018880213778,1.0,0.1034482758620689
Cn1nc(C2=CN=C3C=CC(C4=CN=C5C=CC(n6cnnc6)=CC45)=CC23)cc1-c1ccccc1,12.1,0.5747597887970557,0.5745903516003962,0.3717948717948718
C1=CC2=NC=C(c3ccc(CN4CCC4Cc4ccccc4)o3)C2C=C1n1cnnc1,10.6,0.611929742461433,0.6435879645201715,0.4125
C1=CC2=NC=C(n3cnnc3)C2C=C1n1cnnc1,8.7,0.7926711175906872,0.5958478868341712,0.4
C1=CC2=NC=C(n3cnnc3)C2C=C1n1cnnc1,5.9,0.7926711175906872,0.5958478868341712,0.4
Cc1ccc(C2=CC3C(c4ccc(CCCC5=CN=C6C=CC(n7cnnc7)=CC56)o4)=CN=C3C=C2)cc1,6.7,0.3677487005821665,0.575950929017734,0.4024390243902439
c1ccc(-n2cnnc2)cc1,6.0,0.6045482615564559,0.8888018274355061,0.2203389830508474
C1=CC2=NC=C(c3cc(-c4ccccc4)[nH]n3)C2C=C1C1=CC2C(c3ccc(-c4ccccc4)o3)=CN=C2C=C1,12.7,0.2934638401556615,0.6088322602221642,0.2
C1=CC2=NC=C(c3ccco3)C2C=C1n1cnnc1,8.7,0.8218825359613661,0.6336891823807299,0.3823529411764705
Clc1ccc(CC2=CN=C3C=CC(n4cnnc4)=CC23)cc1CC1=CC2C(CCc3cccc4ccccc34)=CN=C2C=C1,13.0,0.2067994062083464,0.5793364163176913,0.4216867469879518
CCCCCC1=CN=C2C=CC(n3cnnc3)=C[C@H]12,5.1,0.7570694765915961,0.639468915367042,0.5245901639344263
C1=CC2=NC=C(n3cnnc3)C2C=C1n1cnnc1,8.8,0.7926711175906872,0.5958478868341712,0.4
C1=CC2=NC=C(CCCOCCn3cnnc3)C2C=C1n1cnnc1,5.6,0.6851709484370297,0.6200647692970256,0.5230769230769231
c1ccc(CCc2ccc(-c3ccccc3)o2)cc1,9.0,0.6501117828581876,0.9298913679484676,0.1594202898550724
c1ccc(-c2ccc(-c3ccccc3)o2)cc1,8.4,0.6141128679317124,0.9556308930543992,0.09375
c1ccc(-c2ccc(-c3ccccc3)o2)cc1,8.4,0.6141128679317124,0.9556308930543992,0.09375
Clc1ccc(N2CCN(Cc3ccc(C4=CN=C5C=CC(n6cnnc6)=CC45)o3)CC2)cc1,7.1,0.5677871096996209,0.6890247161879935,0.3493975903614458
C1=CC2=NC=C(n3cnnc3)C2C=C1n1cnnc1,8.8,0.7926711175906872,0.5958478868341712,0.4
c1ccc2c(CCn3cnnc3)cccc2c1,8.2,0.6831104323751874,0.8673794295692494,0.1857142857142857
c1nncn1-n1cnnc1,5.0,0.5135570635293532,0.7112620758473399,0.1034482758620689
C1=CC2=NC=C(n3cnnc3)C2C=C1n1cnnc1,8.8,0.7926711175906872,0.5958478868341712,0.4
O=C(O)C1=CN=C2C=CC(n3cnnc3)=CC12,7.5,0.8085803956125566,0.6196132794683297,0.390625
C[C@@H](C(=O)n1cnnc1)c1ccc(-c2ccccc2)o1,9.0,0.7315446204944139,0.7586266393754288,0.141025641025641
CCCN(C1=CN=C2C=CC(n3cnnc3)=CC12)c1ccccc1,8.8,0.8474529320596083,0.6579384600287281,0.4084507042253521
c1ccc(-n2cnnc2)cc1,6.0,0.6045482615564559,0.8888018274355061,0.2203389830508474
c1ccc(Cc2ccc(Cc3ccc(Cc4ccccc4)o3)o2)cc1,9.9,0.4573224230128865,0.8914880131711068,0.1384615384615384
C1=CC2=NC=C(CCC3=CN=C4C=CC(n5cnnc5)=CC34)C2C=C1C1CC1,10.3,0.7796683598036597,0.5312081870824642,0.484375
C1=CC2=NC=C(c3ccc(CN4CCN(C5=CN=C6C=CC(n7cnnc7)=CC56)CC4)o3)C2C=C1,11.6,0.6780508052921645,0.5748304544462682,0.3411764705882353
C1=CC2=NC=C(c3ccccc3)C2C=C1n1cnnc1,9.1,0.8329207302614734,0.6786250832304244,0.4516129032258064
O=C(CCc1cccc2ccccc12)NC1=CN=C2C=CC(n3cnnc3)=CC12,10.7,0.7351618350090178,0.6902548384467726,0.3625
O=C(CC1=CN=C2C=CC(n3cnnc3)=CC12)c1ccccc1,9.3,0.8158642067550277,0.6738999404221241,0.4848484848484848
Cc1ccc(CC[NH+]2CCN(C3=CC4C(CCc5cccc6ccccc56)=CN=C4C=C3)CC2)o1,11.4,0.5575765455026034,0.6136444802125128,0.4216867469879518
CC[C@H](C[C@@H](c1ccccc1)N(C)c1ccccc1)c1ccc(-c2ccccc2)o1,10.1,0.3036715381021618,0.7673147668095925,0.0804597701149425
c1ccc(-c2ccc(-c3ccccc3)o2)cc1,6.4,0.6141128679317124,0.9556308930543992,0.09375
C1=CC2=NC=C3c4ccc(o4)OC1=CC32,7.3,0.6401153498620831,0.442753414149992,0.2083333333333333
C1=CC2=NC=C(Cc3cccs3)C2C=C1c1ccccc1,9.9,0.761893413143119,0.7141316863089266,0.2876712328767123
c1ccc(-n2cnnc2)cc1,6.0,0.6045482615564559,0.8888018274355061,0.2203389830508474
C1=CC2=NC=C(c3ccon3)C2C=C1n1cnnc1,9.2,0.8154799943526286,0.606757468480595,0.3623188405797101
c1ccc(-c2ccc(-n3cnnc3)o2)cc1,8.0,0.6537951760848196,0.8356440796621512,0.1911764705882352
C1=CC2=NC=C(CCCc3ccccc3)C2C=C1n1cnnc1,8.5,0.8455315246228785,0.6830238534656021,0.6842105263157895
c1ccc(CCc2cccc3ccccc23)cc1,8.6,0.6175544040556875,0.9539464341490466,0.1641791044776119
c1ccc(-c2ccc(On3cnnc3)cc2)cc1,8.1,0.702833099569531,0.84885013785275,0.1641791044776119
Clc1cc(Cl)cc(C2=CC3C(Cc4ccc(C5=CN=C6C=CC(n7cnnc7)=CC56)o4)=CN=C3C=C2)c1,12.9,0.3666734452563684,0.5607136381803428,0.3493975903614458
c1ccc2c(CCn3cnnc3)cccc2c1,8.4,0.6831104323751874,0.8673794295692494,0.1857142857142857
C1=CC2=NC=C(N(Cc3ccccc3)c3ccccc3)C2C=C1CCc1cccc2ccccc12,12.2,0.2783112987109351,0.7307104283669223,0.2682926829268293
Clc1ccc(CN(C2=CN=C3C=CC(n4cnnc4)=CC23)c2ccccc2)cc1,7.0,0.6086690420810412,0.6881120835272737,0.4054054054054054
c1ccc(CCc2cccc3ccccc23)cc1,9.0,0.6175544040556875,0.9539464341490466,0.1641791044776119
CN(C1=CC2C(Oc3ccc(COCc4ccccc4)cc3)=CN=C2C=C1)c1ccccc1,10.3,0.418117579619407,0.7322897083386999,0.2560975609756097
C[C@H](c1ccc(-c2ccc(Cn3cnnc3)o2)cc1)n1cnnc1,9.4,0.5650619995391869,0.7349159248174605,0.1111111111111111
c1ccc(CCc2cccc3ccccc23)cc1,9.2,0.6175544040556875,0.9539464341490466,0.1641791044776119
CCC1=CN=C2C=CC(n3cnnc3)=CC12,7.6,0.7526150065184666,0.6043084024787126,0.4915254237288136
CCn1cnnc1,4.2,0.5041882188831845,0.768838233975957,0.1129032258064516
CCC1=CN=C2C=CC(n3cnnc3)=CC12,7.6,0.7526150065184666,0.6043084024787126,0.4915254237288136
Cc1ccc(C2=CN=C3C=CC(Cc4ccccc4)=CC23)o1,9.9,0.8002647202701397,0.7147090688034624,0.28
COCCc1ccc(C2=CN=C3C=CC(n4cnnc4)=CC23)o1,8.8,0.8512895919456072,0.64223342458502,0.3552631578947368
O=C(N1CCOCC1)N1CCN(Cc2ccc(C3=CN=C4C=CC(n5cnnc5)=CC34)o2)CC1,11.8,0.6913665030308265,0.6684056100136634,0.3411764705882353
c1ccc(CCC2(c3ccccc3)CC2)cc1,7.4,0.7210816116325621,0.9183299695390834,0.1846153846153846
O=C(C1=CC2C(c3ccc(-c4ccccc4)o3)=CN=C2C=C1)C1CCC1,10.5,0.7645741949906557,0.709151847766709,0.2142857142857142
C1=CC2=NC=C(n3cnnc3)C2C=C1n1cnnc1,8.8,0.7926711175906872,0.5958478868341712,0.4
Cc1nc(-c2ccc(Cn3cnnc3)o2)no1,5.4,0.6747326107940423,0.7924496618467758,0.1428571428571428
O=Cc1ccc(OC2=CC3C(c4ccc(-c5ccccc5)o4)=CN=C3C=C2)cc1,8.1,0.5341460044680997,0.7219305092875598,0.2261904761904762
CCC1=CN=C2C=CC(n3cnnc3)=CC12,5.2,0.7526150065184666,0.6043084024787126,0.4915254237288136
c1ccc(CN(c2ccccc2)n2cnnc2)cc1,7.9,0.7136615940044365,0.8610908281374018,0.208955223880597
C1=CC2=NC=C(c3ccc(COCc4ccccc4)o3)C2C=C1n1cnnc1,9.9,0.6549075082637031,0.6839923491844152,0.4133333333333333
O=C1C2=CC3C(=CN=C3C=C2)c2cc(-c3ccccc3)n(n2)C2=CN=C3C=CC1=CC23,7.3,0.7121218157674336,0.4054320276470281,0.2142857142857142
Cn1nc(C2=CN=C3C=CC(c4ccccc4)=CC23)cc1-c1ccccc1,11.3,0.6428284536305411,0.7314782271295219,0.2435897435897435
C1=CC2=NC=C(CCc3cccc4ccccc34)C2C=C1C1=CC2C(c3ccco3)=CN=C2C=C1,13.0,0.3967161964121732,0.6074245936404075,0.2650602409638554
CCC(NC(=O)C1=CC2C(c3ccc(-c4ccccc4)o3)=CN=C2C=C1)c1ccccc1,10.6,0.5220775824465779,0.7011266764690396,0.2111111111111111
c1ccc(-c2ccc(-n3cnnc3)o2)cc1,8.0,0.6537951760848196,0.8356440796621512,0.1911764705882352
c1nncn1-n1cnnc1,5.0,0.5135570635293532,0.7112620758473399,0.1034482758620689
C1=CC2=NC=C(N3CCC(c4ccccc4)CC3)C2C=C1C1=CN=C2C=CC(n3cnnc3)=CC12,12.5,0.6527075015037073,0.5844133115891254,0.3896103896103896
C1=CC2=NC=C(c3ccc(C4=CN=C5C=CC(n6cnnc6)=CC45)o3)C2C=C1,11.2,0.8274670186849736,0.5531312397326256,0.3472222222222222
c1ccc(Cc2ccccc2)cc1,7.6,0.6452001853099995,0.996841603580744,0.1551724137931034
Cc1ccc(CCCN2CC[NH+](CCc3ccccc3)CC2)o1,8.3,0.8434751977738035,0.747488944279931,0.4328358208955223
C1=CC2=NC=C(OCc3ccccc3)C2C=C1n1cnnc1,6.2,0.8697154285908902,0.6826780270247284,0.5
C1=CC2=NC=C(CCc3ccccc3)C2C=C1n1cnnc1,8.4,0.8662145149452083,0.6786628755095767,0.6491228070175439
CCn1nc(-c2ccccc2)cc1-c1ccccc1,8.7,0.6776520545701573,0.9198411125021598,0.1388888888888889
c1ccc(-c2ccccc2)cc1,7.4,0.5905018880213778,1.0,0.1034482758620689
C1=CC2=NC=C(Nc3ccccc3)C2C=C1n1cnnc1,8.6,0.9366619524751658,0.669552931730172,0.4307692307692308
Cc1nnc(Cc2ccc(Cc3ccccc3)o2)n1-n1cnnc1,9.4,0.5637111929679349,0.783992045493826,0.1923076923076923
CC(C1=CN=C2C=CC(n3cnnc3)=CC12)c1ccc(C2=CN=C3C=CC(n4cnnc4)=CC23)o1,12.3,0.5694418032327898,0.4978385341340305,0.3289473684210526
C1=CC2=NC=C(c3ccco3)C2C=C1CCCC1=CN=C2C=CC(n3cnnc3)=CC12,6.9,0.6755023491998311,0.5463112068692203,0.4861111111111111
Cc1nsc(CCC2=CN=C3C=CC(n4cnnc4)=CC23)n1,9.0,0.8694922047689522,0.5995947492768353,0.4285714285714285
CCn1nc(Cc2sc(-n3cnnc3)nc2C)cc1-c1ccccc1,6.1,0.5525339092974024,0.7938712301684073,0.1764705882352941
C1=CC2=NC=C(C3CC3)C2C=C1n1cnnc1,7.6,0.7712499784743682,0.618041354821548,0.3968253968253968
C1=CC2=NC=C(c3ccco3)C2C=C1n1cnnc1,8.7,0.8218825359613661,0.6336891823807299,0.3823529411764705
CN(c1ccccc1)c1cc(-c2ccccc2)n(C(=O)[C@@H]2CCOC2)n1,6.6,0.7157636781160045,0.7773514429084094,0.1208791208791208
c1ccc(Cc2cccc(Nc3ccc(-c4ccccc4)o3)c2)cc1,10.5,0.4668466645167373,0.8872650763222535,0.1125
NC(=O)CCCN(C1=CN=C2C=CC=CC12)c1ccccc1,8.6,0.8764501419881287,0.7028083883300897,0.2073170731707317
CC(=O)C1=CC2C(c3ccc(Oc4ccc(-c5ccccc5)cc4)o3)=CN=C2C=C1,7.8,0.5157811154294433,0.714840519951026,0.1910112359550561
C1=CC2=NC=C(c3ccc(CCCc4ccccc4)o3)C2C=C1n1cnnc1,6.7,0.6403679373561898,0.6851782466203127,0.4788732394366197
CCn1nc(-c2ccco2)cc1Cc1ccc(C)cc1,8.4,0.7126145434139028,0.8669177262415053,0.1058823529411764
C1=CC2=NC=C(n3cnnc3)C2C=C1n1cnnc1,8.8,0.7926711175906872,0.5958478868341712,0.4
c1ccc2c(CCn3cnnc3)cccc2c1,6.0,0.6831104323751874,0.8673794295692494,0.1857142857142857
COc1ccc(Cc2ccc(C3=CN=C4C=CC(n5cnnc5)=CC34)o2)cc1,10.5,0.6810354874146353,0.6827595763347749,0.3375
C1=CC2C=C(CCc3ccccc3)C=CC2=N1,8.1,0.7376455010280899,0.7153060365711708,0.2835820895522388
C1=CC2=NC=C(c3ccc(Cc4ccccc4)cc3)C2C=C1n1cnnc1,10.4,0.7002014044725373,0.7114966791713072,0.4696969696969697
c1ccc(N2CCN(Cc3ccco3)CC2)cc1,7.2,0.8245425332878091,0.9239749241775368,0.1486486486486486
CCC(=O)ON(Cc1ccccc1)C1=CN=C2C=CC(c3ccc(-c4ccccc4)o3)=CC12,10.9,0.4149762679455032,0.6912962612850172,0.2333333333333333
CC(=O)C[NH+]1CCN(CCCC2=CC3C(Oc4ccc(-c5ccccc5)cc4)=CN=C3C=C2)CC1,8.1,0.6104182811995384,0.6332035397862474,0.4074074074074074
Brc1cccc(C2=CN=C3C=CC(n4cnnc4)=CC23)c1,10.1,0.8396158383049025,0.6625265462876576,0.3714285714285714
c1ccc(CCn2cnnc2)cc1,6.5,0.7041701196184715,0.875686839085147,0.2833333333333333
c1ccc(Cc2ccc(-c3ccccc3)o2)cc1,8.8,0.6482132782007775,0.9333504227530351,0.1285714285714285
C1=CC2=NC=C(c3ccco3)C2C=C1n1cnnc1,8.7,0.8218825359613661,0.6336891823807299,0.3823529411764705
OCN(Cc1ccccc1)C1=CN=C2C=CC(C3=CN=C4C=CC(n5cnnc5)=CC34)=CC12,6.6,0.7061003491126936,0.5664210374007772,0.4025974025974026
C1=CC2=NC=C(n3cnnc3)[C@H]2C=C1n1cnnc1,5.6,0.7926711175906872,0.5958478868341712,0.4
O=C(C1=CN=C2C=CC(n3cnnc3)=CC12)n1cnnc1,6.2,0.8013685667042374,0.5936049581983276,0.3582089552238806
c1ccc(CCc2ccccc2)cc1,7.4,0.6814602021498524,0.9984241264116396,0.1964285714285714
Brc1cccc(-c2ccc(C3=CN=C4C=CC(CCCN5CC[NH+](CCc6ccccc6)CC5)=CC34)o2)c1,6.2,0.3514802912938656,0.6273144583210589,0.5
O=C(c1cn(C2=CN=C3C=CC(n4cnnc4)=CC23)nn1)c1ccc(-c2ccccc2)o1,7.5,0.4579359223986524,0.659070891188089,0.3452380952380952
C1=CC2=NC=C(n3cnnc3)C2C=C1n1cnnc1,8.8,0.7926711175906872,0.5958478868341712,0.4
c1ccc(-n2cnnc2)cc1,6.0,0.6045482615564559,0.8888018274355061,0.2203389830508474
CCn1cnnc1,4.3,0.5041882188831845,0.768838233975957,0.1129032258064516
CCN(C1=CN=C2C=CC(n3cnnc3)=CC12)c1ccc(CN2CCNCC2)o1,6.4,0.8131644209723838,0.6253356971229802,0.3493975903614458
C1=CC2=NC=C(c3ccc(C4=CN=C5C=CC(n6cnnc6)=CC45)o3)C2C=C1c1cccs1,11.3,0.5287844160057952,0.5559704134215817,0.3333333333333333
c1ccc2c(CCn3cnnc3)cccc2c1,8.5,0.6831104323751874,0.8673794295692494,0.1857142857142857
O[NH+]1CCN(c2ccc(C3=CN=C4C=CC(n5cnnc5)=CC34)o2)CC1,9.8,0.840745427590313,0.5390292493125316,0.3815789473684211
CCn1ccc(C2=CN=C3C=CC(N(Cc4ccccc4)c4ccccc4)=CC23)n1,10.6,0.5568638075667562,0.708440765492002,0.2470588235294117
C1=CC2=NC=C(Cc3ccc(C4=CN=C5C=CC(n6cnnc6)=CC45)o3)C2C=C1C1CC1,7.8,0.6992481173720634,0.5455591995115064,0.379746835443038
C1=CC2=NC=C(c3ccc(-c4ccccc4)o3)C2C=C1c1cccnc1,11.0,0.6415053829974412,0.7267310961836092,0.2125
c1ccc(Cc2ccccc2)cc1,7.6,0.6452001853099995,0.996841603580744,0.1551724137931034
O=C(CC1=CN=C2C=CC(n3cnnc3)=CC12)Cc1ccccc1,9.0,0.8519624527397712,0.6720459356516968,0.5230769230769231
C1=CC2=NC=C(OCc3ccc(C4=CN=C5C=CC(n6cnnc6)=CC45)o3)C2C=C1n1cnnc1,11.4,0.5545670725457651,0.5337174874133014,0.3552631578947368
c1ccc(CCc2cccc3ccccc23)cc1,9.2,0.6175544040556875,0.9539464341490466,0.1641791044776119
C[C@@H](CNC(=O)c1ccc(Cn2cnnc2)o1)n1cnnc1,8.0,0.710825717846338,0.7122062248685512,0.119047619047619
c1ccc(CCc2ccc(OCc3ccccc3)o2)cc1,8.8,0.6548863978344927,0.8960916123817737,0.1527777777777778
CC(O)C(C1=CN=C2C=CC(n3cnnc3)=CC12)c1ccc(-c2ccccc2)cc1,10.2,0.6941839694934048,0.6381867793593644,0.3733333333333333
c1ccc(Cn2cnnc2)cc1,6.2,0.6613641361270439,0.8830069205273343,0.2295081967213114
c1ccc(CC[NH+]2CCN(Cc3ccccc3)CC2)cc1,6.0,0.8751518092459966,0.7879069969971584,0.4067796610169492
C1=CC2=NC=C(n3cnnc3)[C@H]2C=C1n1cnnc1,7.7,0.7926711175906872,0.5958478868341712,0.4
Oc1cccc2ccccc12,6.7,0.6020160700037418,0.9525725587874871,0.0746268656716417
Clc1ccc(CC2=CN=C3C=CC(CCCC4=CN=C5C=CC(n6cnnc6)=CC45)=CC23)c(Cl)c1,12.6,0.4192960622137568,0.5584843468321995,0.4594594594594595
C1=CC2=NC=C(N(Cc3ccccc3)c3ccccc3)C2C=C1Oc1ccccc1,10.4,0.5050775107945015,0.7400945098500159,0.2727272727272727
O=C(CC1=CC2C(c3ccc(Cc4ccccc4)o3)=CN=C2C=C1)n1cnnc1,11.0,0.6658771358633228,0.6629301515058067,0.3012048192771084
C[C@@H](O)C(=O)Nc1ccc(-c2ccccc2)cc1,8.2,0.8675610968578704,0.894641936743393,0.0789473684210526
C1=CC2=NC=C(c3ccc(CN4CCN(c5ccccc5)CC4)o3)C2C=C1c1ccccc1,11.3,0.5198446205650951,0.7409543056461544,0.2588235294117647
FC(F)OC1=CC2C(c3ccc(Cc4ccccc4)o3)=CN=C2C=C1,9.3,0.7702820209844464,0.6950642972211561,0.2409638554216867
C1=CC2=NC=C(Cc3ccccc3)C2C=C1n1cnnc1,9.1,0.863384284234977,0.6742134933907339,0.576271186440678
O=C(CC1=CN=C2C=CC(n3cnnc3)=CC12)OCCCN1CCN(c2ccccc2)CC1,10.0,0.4604336231883095,0.6914911212115411,0.5131578947368421
CCC1=CN=C2C=CC(n3cnnc3)=CC12,7.6,0.7526150065184666,0.6043084024787126,0.4915254237288136
CC1=CC2C(N(Cc3ccccc3)c3ccccc3)=CN=C2C=C1,9.6,0.7646514929504912,0.7344229670709816,0.2702702702702703
C1=CC2=NC=C(CCCOCn3cnnc3)C2C=C1n1cnnc1,8.3,0.7241239989970366,0.6053714412493856,0.4848484848484848
C1=CC2=NC=C(N3CC[NH+](CCc4ccccc4)CC3)C2C=C1C1CC1,7.3,0.866918867053125,0.5977205580038404,0.4714285714285714
CCn1nc(C2=CN=C3C=CC(n4cnnc4)=CC23)cc1-c1ccccc1,10.4,0.7178876695720698,0.6715809194372143,0.4
CC[NH+]1CCN(c2ccc(-c3nnc([C@H](C)n4cnnc4)n3-c3ccccc3)cc2)CC1,6.7,0.5067630792762625,0.6726202580586206,0.2093023255813953
C1=CC2=NC=C(n3cnnc3)C2C=C1n1cnnc1,8.8,0.7926711175906872,0.5958478868341712,0.4
CCNC1=CC2C(C3=CN=C4C=CC(n5cnnc5)=CC34)=CN=C2C=C1,6.7,0.914610910154003,0.5333504741930761,0.3571428571428571
CC(CCC1=CN=C2C=CC(n3cnnc3)=CC12)n1cnnc1,9.0,0.8490801191833316,0.5671089774904805,0.4545454545454545
C1=CC2=NC=C(c3ccc(N4CCCC4)cc3)C2C=C1n1cnnc1,9.3,0.8668667487906293,0.6914280513483075,0.3857142857142857
c1ccc(-n2cnnc2)cc1,6.0,0.6045482615564559,0.8888018274355061,0.2203389830508474
CN(c1ccccc1)c1cccc(C2=CN=C3C=CC(c4ccccc4)=CC23)c1,11.8,0.5074680564621992,0.743626752579152,0.2151898734177215
Nc1cccc2ccccc12,6.5,0.5629544406745023,0.9468134241721023,0.0746268656716417
Cc1c(C2=CC3C(CCc4cccc5ccccc45)=CN=C3C=C2)cccc1-n1cnnc1,12.6,0.3759513839591772,0.6938967727029071,0.345679012345679
C1=CC2=NC=C(Cc3ccc(C4=CN=C5C=CC(n6cnnc6)=CC45)cc3)C2C=C1C1CC1,11.9,0.6556243183180868,0.5719213513725196,0.4133333333333333
c1ccc(Cn2cnnc2)cc1,6.1,0.6613641361270439,0.8830069205273343,0.2295081967213114
c1ccc(-c2ccccc2)cc1,7.5,0.5905018880213778,1.0,0.1034482758620689
C[C@@H](CCc1ccc(Cn2cnnc2)o1)n1cnnc1,7.5,0.6824844421354567,0.7000820410748398,0.131578947368421
C1=CC2=NC=C(c3ccc(CCCc4ccccc4)o3)C2C=C1n1cnnc1,10.4,0.6403679373561898,0.6851782466203127,0.4788732394366197
CCCCC(C)CC[NH+]1CCN(C2=CN=C3C=CC(n4cnnc4)=CC23)CC1,8.6,0.7495318070362422,0.5190706884952448,0.4533333333333333
C1=CC2=NC=C(CCCc3cccs3)C2C=C1n1cnnc1,8.5,0.8444507141443199,0.6464353696820712,0.5151515151515151
C1=CC2=NC=C(n3cnnc3)C2C=C1n1cnnc1,8.8,0.7926711175906872,0.5958478868341712,0.4
c1ccc(CC[NH+]2CCN(c3ccccc3)CC2)cc1,8.2,0.8846330294007074,0.7803261082043702,0.360655737704918
c1ccc(-c2ccccc2)cc1,7.4,0.5905018880213778,1.0,0.1034482758620689
CN(c1ccccc1)n1nc(C2=CN=C3C=CC(OC(Cl)(Br)n4cnnc4)=CC23)cc1-c1ccccc1,9.9,0.2599959084410685,0.5940853886181484,0.21875
c1ccc(-n2cnnc2)cc1,6.0,0.6045482615564559,0.8888018274355061,0.2203389830508474
O=C(COc1ccccc1)C1=CN=C2C=CC(n3cnnc3)=CC12,5.9,0.8479549014580451,0.6823042238423792,0.4027777777777778
Cc1ccc(C2=CN=C3C=CC(n4cnnc4)=CC23)o1,9.3,0.8375641757197909,0.637958442639377,0.3571428571428571
C1=CC2=NC=C(c3ccccc3)C2C=C1n1cnnc1,9.1,0.8329207302614734,0.6786250832304244,0.4516129032258064
CCn1nc(-c2ccccc2)cc1-c1ccccc1,8.1,0.6776520545701573,0.9198411125021598,0.1388888888888889
C1=CC2=NC=C(c3ccc(Cc4ccccc4)cc3)C2C=C1Cc1ccccc1,11.3,0.4886771025127063,0.7601694273061891,0.3043478260869565
C1=CC2=NC=C(c3ccc(Cc4ccc(OCc5ccccc5)cc4)cc3)C2C=C1n1cnnc1,11.8,0.3442365499470121,0.7229917470482412,0.4133333333333333
CCCc1ccc(C(=O)N2CC[NH+](CC)CC2)o1,6.4,0.8504346097099797,0.7037874262723915,0.1645569620253164
c1ccc(CCCCc2cccc3ccccc23)cc1,8.7,0.5383331830581016,0.9449635441018062,0.1764705882352941
CCC(NC1=CN=C2C=CC(n3cnnc3)=CC12)c1ccccc1,8.9,0.9199319498127094,0.6390852002390134,0.4202898550724637
c1ccc(CCc2ccc(-n3cnnc3)o2)cc1,8.2,0.7026287777677792,0.8290071179097301,0.2686567164179104
Cn1cc(CCC2=CN=C3C=CC(n4cnnc4)=CC23)cn1,8.3,0.8657415722759411,0.6319746309336399,0.5230769230769231
C1=CC2=NC=C3c4ccc(cc4)Nc4cccc(c4)C1=CC32,7.1,0.7365031196922821,0.5016077464774936,0.189873417721519
c1ccc(COCCc2cccc3ccccc23)cc1,7.8,0.6105682367195535,0.9331258517941138,0.1351351351351351
CCc1ccc(C2=CN=C3C=CC(n4cnnc4)=CC23)cc1,9.5,0.8688074079145626,0.6808733291584921,0.3970588235294117
CCOC1=CN=C2C=CC(n3cnnc3)=CC12,7.4,0.7897967994816908,0.619863200975394,0.4
CCCCCC1=CN=C2C=CC(n3cnnc3)=C[C@H]12,7.6,0.7570694765915961,0.639468915367042,0.5245901639344263
C1=CC2=NC=C(CCc3ccc(CC4=CN=C5C=CC(n6cnnc6)=CC45)cc3)C2C=C1n1cnnc1,12.4,0.4950035420471185,0.5512735306062903,0.532258064516129
c1ccc(-c2cccc3ccccc23)cc1,9.4,0.546879426801855,0.9706149129954844,0.088235294117647
c1ccc(CC[NH+]2CCN(c3ccccc3)CC2)cc1,8.1,0.8846330294007074,0.7803261082043702,0.360655737704918
C1=CC2=NC=C3C2C=C1c1ccccc1N3CCCc1ccccc1,7.5,0.7721080390767652,0.655707448058103,0.3561643835616438
C1=CC2C=C(n3cnnc3)C=CC2=N1,6.8,0.6592922638979614,0.5964046242348642,0.296875
CCn1cnnc1,4.2,0.5041882188831845,0.768838233975957,0.1129032258064516
C[NH+](Cc1ccc(Cc2ccccc2)o1)n1cnnc1,8.1,0.7496887916877362,0.6823568781022192,0.2027027027027027
CC(C)Cc1ccc(-c2ccc(C3=CN=C4C=CC(n5cnnc5)=CC34)o2)o1,10.0,0.6417194749577566,0.6431314450479013,0.3376623376623376
C1=CC2=NC=C(c3ccc(-c4cccc5cccnc45)o3)C2C=C1n1cnnc1,11.7,0.5228036996950317,0.6726387464927498,0.325
c1ccc(-n2cnnc2)cc1,6.0,0.6045482615564559,0.8888018274355061,0.2203389830508474
C1=CC2=NC=C(CCc3cccc4ccccc34)C2C=C1c1cnn2ccccc12,11.6,0.4204461855957081,0.7074227149782212,0.2705882352941176
C[C@H](C(=O)n1cnnc1)c1ccc(-c2ccccc2)o1,6.4,0.7315446204944139,0.7586266393754288,0.141025641025641
C1=CC2=NC=C(n3cnnc3)C2C=C1n1cnnc1,8.8,0.7926711175906872,0.5958478868341712,0.4
C1=CC2=NC=C(c3ccc(COCc4ccccc4)cc3)C2C=C1n1cnnc1,10.3,0.6318537724166473,0.7110371549808134,0.4492753623188406
c1ccc(Cc2ccc(Cc3ccccc3)o2)cc1,8.9,0.6640067284075984,0.9222190759274228,0.140625
c1cc(CCc2cccc3ccccc23)cc(-n2cnnc2)c1,10.9,0.5650470571508462,0.8753965841251667,0.2162162162162162
C[C@H](CNC(=O)c1ccc(CCc2ccccc2)cc1)n1cnnc1,9.3,0.7222802001576137,0.8111827376848021,0.2051282051282051
CCC(CC1=[C-]N=C2C=CC(c3ccccc3)=CC12)c1ccccc1,10.4,0.5997592483194402,0.665534488278064,0.1707317073170731
N#CCc1ccc(Oc2ccc(C3=CN=C4C=CC(n5cnnc5)=CC34)cc2)cc1,10.4,0.6338494832819132,0.6933384318705671,0.3506493506493506
C1=CC2C=C(n3cnnc3)C=CC2=N1,6.9,0.6592922638979614,0.5964046242348642,0.296875
C[NH+](CCn1nc(-c2ccco2)cc1-c1ccccc1)n1cnnc1,8.7,0.5780597443114461,0.680599047883304,0.160919540229885
C1=CC2=NC=C(c3ccco3)C2C=C1c1ccccc1,10.1,0.7870192157483518,0.7203266216919627,0.2266666666666666
CCC1=CN=C2C=CC(n3cnnc3)=CC12,7.6,0.7526150065184666,0.6043084024787126,0.4915254237288136
Fc1ccc(CCCC2=CN=C3C=CC(n4cnnc4)=CC23)cc1,9.1,0.8406509738493345,0.6789414936148604,0.5555555555555556
O=C(CCn1cnnc1)NC1=CN=C2C=CC(n3cnnc3)=CC12,6.0,0.8580138510325837,0.6165692292594974,0.3561643835616438
C1=CC2=NC=C(n3cnnc3)C2C=C1n1cnnc1,8.8,0.7926711175906872,0.5958478868341712,0.4
Fc1cccc2c1C1=CC3C(=CN=C3C=C1)n1nc(cc1-c1ccccc1)C1=CN=C3C=CC2=CC13,0.0,0.3989268514486022,0.4158638970708675,0.1956521739130435
c1nncn1-n1cnnc1,5.0,0.5135570635293532,0.7112620758473399,0.1034482758620689
Brc1ccccc1CC1=CN=C2C=CC(c3ccc(-c4ccccc4)o3)=CC12,7.3,0.445797874990593,0.7169751463069712,0.2658227848101265
c1ccc(-c2ccc(CN3CCN(c4ccccc4)CC3)o2)cc1,9.4,0.7160965603904034,0.9132538337446988,0.1428571428571428
C1=CC2=NC=C(n3cnnc3)[C@H]2C=C1n1cnnc1,8.0,0.7926711175906872,0.5958478868341712,0.4
C1=CC2=NC=C(Cc3ccccc3)C2C=C1n1cnnc1,9.1,0.863384284234977,0.6742134933907339,0.576271186440678
Cc1ccc(-n2ccc(C3=CN=C4C=CC(c5ccc(N6CCN(c7ccccc7)CC6)cc5)=CC34)n2)o1,10.7,0.3297621628521061,0.6977962826913787,0.2150537634408602
CCCCc1ccccc1,5.8,0.595730956091163,0.9883385348550934,0.1967213114754098
CCn1nc(-c2ccccc2)cc1-c1ccccc1,5.7,0.6776520545701573,0.9198411125021598,0.1388888888888889
O=C(OCc1ccccc1)C1=CN=C2C=CC(n3cnnc3)=CC12,6.3,0.8117114050245811,0.6920951230839828,0.4428571428571428
O=CC1=CN=C2C=CC(c3ccccc3)=CC12,9.1,0.7059498512939515,0.7006078163600094,0.2394366197183098
c1ccc(CCc2ccc(CCc3ccccc3)o2)cc1,8.3,0.6269880541475851,0.9199649431376832,0.1746031746031746
C1=CC2=NC=C(Cc3ccccc3)[C@H]2C=C1n1cnnc1,9.3,0.863384284234977,0.6742134933907339,0.576271186440678
C1=CC2=NC=C(c3ccc(Cn4cnnc4)cc3)C2C=C1n1cnnc1,10.0,0.730449391619635,0.6565660074262128,0.391304347826087
C[C@H](O)C(=O)Nc1ccc(-c2ccccc2)cc1,8.2,0.8675610968578704,0.894641936743393,0.0789473684210526
c1ccc(COCn2cnnc2)cc1,6.4,0.7304513674423483,0.8488140008571617,0.2121212121212121
CCC1=CN=C2C=CC(c3cnc(CC)n3-c3cccc4ccccc34)=CC12,10.1,0.5654729891957708,0.6894774112767944,0.2619047619047619
CCCCCc1ccccc1,6.0,0.5738222812418071,0.9828643857105642,0.1935483870967742
CCC1=CN=C2C=CC(n3cnnc3)=CC12,7.6,0.7526150065184666,0.6043084024787126,0.4915254237288136
C1=CC2=NC=C(CCOCCc3ccccc3)C2C=C1n1cnnc1,9.0,0.7311705789344506,0.6793388205790768,0.5967741935483871
C1=CC2=NC=C(CNc3ccccc3)C2C=C1c1cccc(CC2=CN=C3C=CC(n4cnnc4)=CC23)c1,12.6,0.4442897361499351,0.5878675425392846,0.4473684210526316
c1nncn1-n1cnnc1,5.1,0.5135570635293532,0.7112620758473399,0.1034482758620689
Clc1ccccc1-c1ccc(C2=CN=C3C=CC(n4cnnc4)=CC23)o1,10.4,0.6790092438594507,0.6763914870747694,0.3648648648648648
C1=CC2=NC=C(C3CC3)C2C=C1n1cnnc1,7.9,0.7712499784743682,0.618041354821548,0.3968253968253968
CCC(=O)Oc1ccc(-c2ccccc2)cc1,7.5,0.5892840665742715,0.9459428549393974,0.1095890410958904
c1ccc(COc2ccccc2)cc1,7.1,0.7109826240797368,0.9903832316263924,0.140625
CCC1=CN=C2C=CC(n3cnnc3)=CC12,7.6,0.7526150065184666,0.6043084024787126,0.4915254237288136
C1=CC2=NC=C(n3cnnc3)[C@H]2C=C1n1cnnc1,7.7,0.7926711175906872,0.5958478868341712,0.4
C1=CC2=NC=C(c3ccc(CSCn4cnnc4)o3)C2C=C1n1cnnc1,9.4,0.6564214227520797,0.6011483410896358,0.3376623376623376
C1=CC2=NC=C(N3CN4CCN(CC4)c4ccccc43)C2C=C1n1cnnc1,10.1,0.8101509737402375,0.5726328521213169,0.3972602739726027
c1ccc(-n2cnnc2)cc1,6.0,0.6045482615564559,0.8888018274355061,0.2203389830508474
Clc1csc(OCOCc2ccc(C3=CN=C4C=CC(n5cnnc5)=CC34)cc2)c1,6.4,0.3829754296915582,0.641662027376185,0.3176470588235294
CCC1=CN=C2C=CC(n3cnnc3)=CC12,7.6,0.7526150065184666,0.6043084024787126,0.4915254237288136
c1ccc(CCc2ccc(Cc3ccccc3)o2)cc1,8.2,0.6517182494026798,0.9151930312812934,0.1641791044776119
C1=CC2=NC=C(c3cccc4ccccc34)C2C=C1n1cnnc1,10.6,0.7189522547480127,0.6938366121895565,0.391304347826087
c1ccc(CON(Cc2ccccc2)c2ccccc2)cc1,8.1,0.6028830059715945,0.8892667909264131,0.1285714285714285
Cc1ccc(CCCc2ccc(C3=CN=C4C=CC(n5cnnc5)=CC34)o2)o1,10.4,0.640040508793372,0.6523404845831531,0.3684210526315789
C1=CC2=NC=C(c3cc(Cc4ccc(C5=CN=C6C=CC(n7cnnc7)=CC56)o4)[nH]n3)C2C=C1n1cnnc1,13.0,0.4183175530360515,0.5229221816243869,0.3170731707317073
C1=CC2C=C(c3ccc(CCCc4ccc(C5=CN=C6C=CC(n7cnnc7)=CC56)o4)cc3)C=CC2=N1,11.0,0.4073453205962229,0.581325921458681,0.3448275862068966
C=CCNC(=C)NC1=CN=C2C=CC(n3cnnc3)=CC12,7.6,0.773760258315541,0.5854453234914163,0.3333333333333333
C1=CC2=NC=C(c3ccc(CCC4CC4)o3)C2C=C1n1cnnc1,8.8,0.8436593784156527,0.6460760548282948,0.3918918918918919
C1=CC2=NC=C(c3ccccc3)C2C=C1n1cnnc1,6.8,0.8329207302614734,0.6786250832304244,0.4516129032258064
CCCC1=CN=C2C=CC(n3cnnc3)=CC12,7.5,0.7940865050009769,0.6148985855907786,0.5
CCC(CC)C(=O)n1cnnc1,5.6,0.6823836066413141,0.7717671769375907,0.1
c1ccc(Cc2ccc(-c3cc(-c4ccccc4)[nH]n3)o2)cc1,7.4,0.5804953140039266,0.8774104079824687,0.1234567901234567
CCn1nc(CN(C2=CN=C3C=CC(n4cnnc4)=CC23)C2CC2)cc1-c1ccccc1,10.7,0.5727260320646346,0.6510943988114846,0.3734939759036144
C1=CC2=NC=C(c3ccc(-n4cnnc4)cc3)C2C=C1n1cnnc1,10.1,0.7401325173064214,0.6562372821175383,0.3787878787878788
CC1=CC2C(c3ccc(-c4ccccc4)o3)=CN=C2C=C1,9.7,0.7656566499695889,0.7249811368583772,0.2266666666666666
CCCCc1ccccc1,5.7,0.595730956091163,0.9883385348550934,0.1967213114754098
C1=CC2=NC=C(c3ccc(-c4ccc(CC5(c6ccccc6)Cc6ccccc6C5)o4)o3)C2C=C1n1cnnc1,13.7,0.2424091157101788,0.6441904026409869,0.3658536585365853
c1ccc(-c2cccc3ccccc23)cc1,9.4,0.546879426801855,0.9706149129954844,0.088235294117647
c1ccc(Cc2ccccc2)cc1,7.3,0.6452001853099995,0.996841603580744,0.1551724137931034
c1ccc(COCn2cnnc2)cc1,6.8,0.7304513674423483,0.8488140008571617,0.2121212121212121
COc1ccc(CCC2=CN=C3C=CC(n4cnnc4)=CC23)cc1,9.1,0.8498512915052175,0.683726759053647,0.5
Nc1cccc(-n2nc(C3=CN=C4C=CC(n5cnnc5)=CC34)cc2C2=CN=C3C=CC=CC23)c1,12.0,0.5974830360434183,0.566525706629982,0.2988505747126437
C1=CC2=NC=C(Nc3ccccc3)C2C=C1n1cnnc1,8.7,0.9366619524751658,0.669552931730172,0.4307692307692308
Cc1ccc(N2CCN(Cc3ccc(C4=CN=C5C=CC(n6cnnc6)=CC45)o3)CC2)o1,6.6,0.6179382119450731,0.6563244944269555,0.3452380952380952
c1ccc(N2CCN(Cc3ccco3)CC2)cc1,7.3,0.8245425332878091,0.9239749241775368,0.1486486486486486
C1=CC2=NC=C(n3cnnc3)C2C=C1n1cnnc1,8.7,0.7926711175906872,0.5958478868341712,0.4
CC1=C(n2cnnc2)CC=C1c1ccc(CCc2ccccc2)o1,6.6,0.7014064869436263,0.7776707020485389,0.240506329113924
O=C(OC1=CN=C2C=CC(n3cnnc3)=CC12)n1cnnc1,8.7,0.8148353146015925,0.5892252818212139,0.3823529411764705
O=C(c1ccc(C2=CN=C3C=CC(n4cnnc4)=CC23)cc1)N1CCCCC1,10.5,0.8303628486711373,0.7024070276786119,0.3552631578947368
C1=CC2=NC=C(c3ccccc3)C2C=C1n1cnnc1,8.8,0.8329207302614734,0.6786250832304244,0.4516129032258064
O=C1CCc2ccc(cc2)C2=CN=C3C=CC(=CC23)O1,8.6,0.6747330066545374,0.4900783904881385,0.189873417721519
Cc1ccc(-c2ccc(C3=CN=C4C=CC(c5ccc(-c6ccccc6)cc5)=CC34)o2)o1,11.5,0.3444793025184279,0.724241903333838,0.2098765432098765
C1=CC2=NC=C(OCc3ccccc3)C2C=C1n1cnnc1,9.0,0.8697154285908902,0.6826780270247284,0.5
COC(Oc1ccccc1)C1=CN=C2C=CC(n3cnnc3)=CC12,6.1,0.7947787548012438,0.6280492305748747,0.3888888888888889
C1=CC2=NC=C(COCC3CCC3)C2C=C1n1cnnc1,8.1,0.8332817901692573,0.6363545859898908,0.4202898550724637
COc1ccc(C2=CN=C3C=CC(n4cnnc4)=CC23)o1,8.5,0.8655731749619953,0.6196523527392706,0.3424657534246575
C1=CC2=NC=C(n3ccnc3)C2C=C1n1cnnc1,8.4,0.8101611573733668,0.6157342566047515,0.3582089552238806
CCOC1=CC2C(c3ccc(C4=CN=C5C=CC(n6cnnc6)=CC45)o3)=CN=C2C=C1,10.3,0.7378414103645052,0.5520232973500345,0.3421052631578947
c1ccc(CCCOCc2ccccc2)cc1,6.6,0.6800052174767539,0.9569942108663836,0.1846153846153846
COc1ccc(C2=CN=C3C=CC(n4cnnc4)=CC23)cc1,8.9,0.8731019501172657,0.6859885954306815,0.3571428571428571
OCc1ccc(C2=CN=C3C=CC(n4cnnc4)=CC23)o1,8.7,0.9310024844756692,0.6347811368583771,0.3611111111111111
C1=CC2=NC=C(c3ccccc3)C2C=C1n1cnnc1,9.3,0.8329207302614734,0.6786250832304244,0.4516129032258064
C1=CC2=NC=C(c3ccc(Cc4cccs4)cc3)C2C=C1n1cnnc1,6.2,0.6928915840375729,0.6846886898719721,0.3733333333333333
CC[C@@H](c1ccc(Cc2ccccc2)cc1)n1cnnc1,8.8,0.7085261091115541,0.8098751815233896,0.1944444444444444
C1=CC2=NC=C(c3ccccc3)C2C=C1n1cnnc1,9.3,0.8329207302614734,0.6786250832304244,0.4516129032258064
c1ccc(-c2cccc3ccccc23)cc1,9.4,0.546879426801855,0.9706149129954844,0.088235294117647
c1ccc(CC[NH+]2CCN(n3cnnc3)CC2)cc1,8.0,0.7924821909779312,0.6801950116731644,0.4262295081967213
Cc1cccc(C2=CC3C(NCCCC4=CN=C5C=CC(n6cnnc6)=CC45)=CN=C3C=C2)c1,11.9,0.6161593878054609,0.56787093040266,0.430379746835443
C1=CC2=NC=C(c3ccc(CN4CCNCC4)o3)C2C=C1n1cnnc1,9.9,0.9122067502536226,0.6534413525938656,0.3766233766233766
C1=CC2=NC=C(n3cnnc3)[C@H]2C=C1n1cnnc1,8.0,0.7926711175906872,0.5958478868341712,0.4
C1=CC2=NC=C(c3ccc(-c4ccccc4)o3)C2C=C1n1cccn1,10.5,0.7023641816466143,0.7011146154508717,0.2658227848101265
C1=CC2=NC=C(Oc3ccc(Oc4ccccc4)cc3)C2C=C1Cc1ccccc1,10.6,0.4795391937085438,0.7530943389098448,0.3098591549295774
c1ccc(COCCCc2cccc3ccccc23)cc1,6.6,0.5762999141096424,0.9305258004159616,0.1466666666666666
C1=CC2=NC=C(c3ccc(Cc4ccc(C5=CN=C6C=CC(n7cnnc7)=CC56)cc4)o3)C2C=C1c1ccccc1,12.2,0.2677436366377522,0.5945497198830344,0.3703703703703703
O=C(O)C1=CC2C(c3ccc(-c4ccccc4)o3)=CN=C2C=C1,9.4,0.9337981306024732,0.7170435110306198,0.2179487179487179
C1=CC2=NC=C(c3ccc(Cc4ccc(OCc5ccccc5)cc4)o3)C2C=C1n1cnnc1,11.3,0.372614915482468,0.7014275012073078,0.382716049382716
c1ccc(-c2cc3nn2Cn2cccc2CC3)cc1,7.6,0.6498662108367352,0.6855750075732432,0.1111111111111111
CN(CC1=CN=C2C=CC(n3cnnc3)=CC12)n1nccc1-c1ccco1,5.7,0.6988843635176119,0.6031118809756758,0.379746835443038
CCc1ccc(C2=CN=C3C=CC(n4cnnc4)=CC23)cc1,9.6,0.8688074079145626,0.6808733291584921,0.3970588235294117
c1ccc(-n2cnnc2)cc1,6.0,0.6045482615564559,0.8888018274355061,0.2203389830508474
C1=CC2=NC=C(c3cccc(-c4ccccc4)c3)C2C=C1c1ccccc1,8.3,0.5193025207763512,0.7666600220013168,0.2361111111111111
C1=CC2=NC=C(Cc3nc(CCCc4cccc5ccccc45)no3)C2C=C1n1cnnc1,11.8,0.4246359832366709,0.6710820445738932,0.4074074074074074
C1=CC2=NC=C(c3ccc(Cc4ccccc4)o3)C2C=C1n1cnnc1,10.6,0.7215854914362475,0.6805013131461339,0.4366197183098591
CCN(Cc1ccccc1)c1ccccc1,7.2,0.744779946368489,0.9487572070489488,0.1492537313432835
C1=CC2=NC=C(c3ccc(CN4CCN(c5ccc(C6=CN=C7C=CC(n8cnnc8)=CC67)o5)CC4)o3)C2C=C1,11.7,0.4538920826036552,0.5677799525298565,0.3372093023255814
c1ccc(CCc2cccc3ccccc23)cc1,9.2,0.6175544040556875,0.9539464341490466,0.1641791044776119
C1=CC2=NC=C(c3cccc(-n4cnnc4)c3)C2C=C1n1cnnc1,10.1,0.7401325173064214,0.6495523590406154,0.3768115942028985
c1nncn1-n1cnnc1,5.0,0.5135570635293532,0.7112620758473399,0.1034482758620689
CCCc1ccc(C2=CN=C3C=CC(n4cnnc4)=CC23)o1,8.7,0.8680118453858648,0.6429956960223975,0.3698630136986301
c1ccc(COCc2cccc3ccccc23)cc1,8.3,0.6575015154470549,0.941534552833758,0.125
c1ccc(-c2ccc(On3cnnc3)cc2)cc1,8.1,0.702833099569531,0.84885013785275,0.1641791044776119
C1=CC2=NC=C(CCc3ccccc3)C2C=C1n1cnnc1,9.2,0.8662145149452083,0.6786628755095767,0.6491228070175439
c1ccc(Cc2ccc(-c3ccccc3)o2)cc1,8.9,0.6482132782007775,0.9333504227530351,0.1285714285714285
C1=CC2=NC=C(c3ccc(CN4CC[NH2+]CC4)cc3)C2C=C1n1cnnc1,10.4,0.8916789000416746,0.6033502404248686,0.410958904109589
O=C(Cc1ccccc1)C1=CN=C2C=CC(C3=CN=C4C=CC(n5cnnc5)=CC34)=CC12,8.0,0.740567821974311,0.582434665098551,0.4133333333333333
C1=CC2=NC=C(c3ccccc3)C2C=C1n1cnnc1,9.1,0.8329207302614734,0.6786250832304244,0.4516129032258064
C1=CC2=NC=C(n3cnnc3)C2C=C1n1cnnc1,8.8,0.7926711175906872,0.5958478868341712,0.4
O=C(CC1=CN=C2C=CC(n3cnnc3)=CC12)n1cnnc1,9.2,0.8404522968683987,0.5882264652531667,0.4242424242424242
C1=CC2=NC=C(c3ccc(COCCc4ccccc4)o3)C2C=C1n1cnnc1,10.4,0.5740897033475318,0.6831011691275861,0.4342105263157895
CCn1ccc(C2=CN=C3C=CC(n4cnnc4)=CC23)n1,8.7,0.8625769248307892,0.6278158763124715,0.3611111111111111
c1ccc(CCCCCc2ccccc2)cc1,6.4,0.6268678339288983,0.9789174692233285,0.2068965517241379
C1=CC2=NC=C(c3ccc(CCCc4ccccc4)cc3)C2C=C1C1CC1,10.1,0.5891040478011975,0.7466278425141373,0.3287671232876712
O=C1CC(C2=CN=C3C=CC(n4cnnc4)=CC23)C(=O)N1c1ccccc1,7.2,0.7891098640683475,0.6447689292416956,0.410958904109589
CC[NH+]1CCN(c2ccc(C3CC3)o2)CC1,6.6,0.8177843332759788,0.638619734623132,0.1578947368421052
C(=Cc1ccncc1)CC1=CN=C2C=CC(c3ccccc3)=CC12,7.3,0.7715933476718946,0.7076479369758811,0.2933333333333333
C1=CC2=NC=C(c3ccccc3)C2C=C1n1cnnc1,8.8,0.8329207302614734,0.6786250832304244,0.4516129032258064
CCCC1=CN=C2C=CC(n3cnnc3)=CC12,7.7,0.7940865050009769,0.6148985855907786,0.5
c1ccc(COc2ccccc2)cc1,7.1,0.7109826240797368,0.9903832316263924,0.140625
C1=CC2=NC=C(c3ccc(N4CCN(Cc5ccc(C6=CN=C7C=CC(n8cnnc8)=CC67)o5)CC4)o3)C2C=C1,12.1,0.4538920826036552,0.5677799525298565,0.3372093023255814
CCn1nc(C2=CN=C3C=CC(n4ccc(C5=CN=C6C=CC(n7cnnc7)=CC56)n4)=CC23)cc1-c1ccccc1,12.5,0.3304653285503943,0.5570710446864465,0.3614457831325301
Fc1cc2ccc1CC1=CC3C(=CN=C3C=C1)c1cc(-c3ccccc3)n(n1)C2,10.8,0.5714172043280102,0.4691916701671153,0.2087912087912088
c1ccc(CN(c2ccccc2)c2ccccc2)cc1,8.6,0.6352147986190382,0.9440235837677926,0.140625
CCN(Cn1cnnc1)c1cc(-c2ccccc2)n(-c2ccc(C3=CN=C4C=CC(n5cnnc5)=CC34)o2)n1,10.9,0.3021865133522335,0.6039211225197111,0.3333333333333333
c1ccc(Cc2ccccc2)cc1,7.7,0.6452001853099995,0.996841603580744,0.1551724137931034
c1ccc(-c2cc3n(n2)C[C@@H]3n2cnnc2)cc1,8.1,0.6818166859078575,0.7372287140184056,0.1733333333333333
CC[NH+]1CCN(c2c(C)ccnc2-c2ccccc2)CC1,8.5,0.9260939260536836,0.7346037843627982,0.1923076923076923
C[NH+](Cc1ccc(-n2cnnc2)cc1)n1cnnc1,7.4,0.672594778121057,0.6452257834989099,0.1857142857142857
C1=CC2=NC=C(CCc3ccccc3)C2C=C1n1cnnc1,8.8,0.8662145149452083,0.6786628755095767,0.6491228070175439
CCCc1ccccc1,5.5,0.5624916701881997,0.9910650669157666,0.1833333333333333
c1ccc(-n2cnnc2)cc1,6.0,0.6045482615564559,0.8888018274355061,0.2203389830508474
c1ccc(-c2ccccc2)cc1,7.4,0.5905018880213778,1.0,0.1034482758620689
C1=CC2=NC=C(c3ccc(C4=CN=C5C=CC(n6cnnc6)=CC45)cc3)C2C=C1Cc1ccccc1,12.8,0.4674551421540139,0.5989935184503402,0.4776119402985074
C1=CC2=NC=C(c3ccc(-n4cnnc4)o3)C2C=C1n1cnnc1,6.4,0.7368549224086817,0.6028566976596418,0.3623188405797101
O=C(c1ccc(-c2ccccc2)o1)n1cnnc1,8.8,0.687565550599642,0.838617540959776,0.1621621621621621
O=CN1CC[NH+](CCc2ccccc2)CC1,7.0,0.683982865297829,0.6980518060669519,0.3548387096774194
Cn1nc(C2=CN=C3C=CC(n4cnnc4)=CC23)cc1-c1ccccc1,10.5,0.7354759674645994,0.6696999785832609,0.3972602739726027
CCc1cccc2ccccc12,6.9,0.5932475127165551,0.9572561146665284,0.0869565217391304
COc1ccccc1-c1ccc(C2=CN=C3C=CC(n4cnnc4)=CC23)o1,10.4,0.7067455043776236,0.6814728425141373,0.3506493506493506
c1ccc(CCn2cnnc2)cc1,6.5,0.7041701196184715,0.875686839085147,0.2833333333333333
C1=CC2=NC=C(N(Cc3ccccc3)c3ccccc3)C2C=C1,6.8,0.7963414948050583,0.7413790374120904,0.2432432432432432
c1ccc(-n2cnnc2)cc1,6.0,0.6045482615564559,0.8888018274355061,0.2203389830508474
c1nncn1-n1cnnc1,5.0,0.5135570635293532,0.7112620758473399,0.1034482758620689
Oc1ccc(C2=CN=C3C=CC(n4cnnc4)=CC23)o1,9.0,0.9025950899395604,0.5970700462899637,0.3571428571428571
O=Cc1ccc(C2=CN=C3C=CC(n4cnnc4)=CC23)cc1,6.4,0.8156241279142545,0.6641078853715098,0.3623188405797101
C1=CC2=NC=C(c3ccc(-n4cnnc4)o3)C2C=C1n1cnnc1,9.5,0.7368549224086817,0.6028566976596418,0.3623188405797101
C1=CC2=NC=C(c3ccc(CCc4cc5ccc4-5)o3)C2C=C1n1cnnc1,6.9,0.5418480952249829,0.6581321967401581,0.3375
COC1=CC2C(c3ccc(CCc4cccc5ccccc45)cc3)=CN=C2C=C1,11.3,0.5234736488725074,0.7486492928295991,0.238095238095238
C[C@@H](CCc1ccc(Cn2cnnc2)o1)n1cnnc1,7.1,0.6824844421354567,0.7000820410748398,0.131578947368421
C1=CC2=NC=C(c3ccc(C4=CN=C5C=CC(n6cnnc6)=CC45)o3)C2C=C1,8.0,0.8274670186849736,0.5531312397326256,0.3472222222222222
C1=CC2=NC=C(c3ccco3)C2C=C1n1cnnc1,8.7,0.8218825359613661,0.6336891823807299,0.3823529411764705
C1=CC2=NC=C(c3ccc(CCCCc4ccccc4)o3)C2C=C1n1cnnc1,10.5,0.5428483332891706,0.688479948968435,0.4788732394366197
O=C(CCc1ccccc1)OC1=CN=C2C=CC(n3cnnc3)=CC12,9.0,0.7895973515604262,0.6830362620205181,0.5
CC(C)CCc1ccc(C2=CN=C3C=CC(n4cnnc4)=CC23)o1,6.5,0.8369597242467028,0.6483183826413269,0.3552631578947368
C1=CC2=NC=C(Cc3ccccc3)[C@H]2C=C1n1cnnc1,9.2,0.863384284234977,0.6742134933907339,0.576271186440678
C[C@H](C(=O)N(Cc1ccccc1)c1ccccc1)c1ccccc1,9.6,0.6468838546577852,0.8636836573666018,0.1168831168831168
C1=CC2=NC=C(CCCn3cnnc3)C2C=C1n1cnnc1,8.2,0.8409275372165375,0.6110547170014183,0.576271186440678
c1ccc(CC[NH+]2CCNCC2)cc1,6.4,0.6714718759884003,0.7025857957289566,0.3114754098360656
C1=CC2=NC=C(c3ccc(C4=CN=C5C=CC(n6cnnc6)=CC45)o3)C2C=C1Cc1ccccc1,12.1,0.5069429401997225,0.5767478170836309,0.4571428571428571
CC(Oc1cccc2ccccc12)C1=CN=C2C=CC(n3cnnc3)=CC12,10.7,0.7031821498069838,0.652351302659417,0.3506493506493506
C1=CC2=NC=C(c3ccccc3)C2C=C1n1cnnc1,9.0,0.8329207302614734,0.6786250832304244,0.4516129032258064
COC1=CC2C(c3cc(-c4ccccc4)n(-c4ccc(CCc5ccccc5)o4)n3)=CN=C2C=C1,10.9,0.3200112452241903,0.6978205157154714,0.2637362637362637
C1=CC2=NC=C(c3cc(-c4ccccc4)n(-n4cnnc4)n3)C2C=C1n1cnnc1,10.6,0.5313901526448337,0.6218047662602724,0.3835616438356164
Cc1ccc(C2=CN=C3C=CC(n4cnnc4)=CC23)o1,9.3,0.8375641757197909,0.637958442639377,0.3571428571428571
Cc1ccc(COCc2ccc(C3=CN=C4C=CC(n5cnnc5)=CC34)cc2)cc1,7.1,0.6019205876719556,0.7075391233139552,0.3648648648648648
c1ccc(COc2cccc3ccccc23)cc1,8.7,0.6515232318848457,0.9608205082231204,0.1267605633802817
Clc1ccc(C2=CC3C(c4ccc(-c5ccccc5)o4)=CN=C3C=C2)cc1,7.9,0.5060597516031061,0.7412897655910604,0.2125
c1ccc(-c2ccc(CN3CCN(c4ccccc4)CC3)o2)cc1,9.4,0.7160965603904034,0.9132538337446988,0.1428571428571428
CCn1ccc(-c2ccc(C3=CN=C4C=CC(n5cnnc5)=CC34)o2)n1,10.1,0.72786557863576,0.6408404381237206,0.3291139240506329
C1=CC2=NC=C(c3ccc(C4CC4)o3)C2C=C1c1ccc(C2=CN=C3C=CC(n4cnnc4)=CC23)o1,12.1,0.4618837118641338,0.5471019988934002,0.3333333333333333
O=C(O)CN(C1=CN=C2C=CC(n3cnnc3)=CC12)c1ccccc1,9.0,0.906647543349796,0.6574638757248443,0.4027777777777778
Clc1ccc(Cc2ccc(C3=CN=C4C=CC(n5cnnc5)=CC34)o2)cc1,10.2,0.6681472157040022,0.6767355348218297,0.3552631578947368
c1ccc(-c2ccc(On3cnnc3)cc2)cc1,8.1,0.702833099569531,0.84885013785275,0.1641791044776119
CCN1CC1(C1=CN=C2C=CC(n3cnnc3)=CC12)c1ccccc1,8.8,0.8104474341974204,0.5856661587374941,0.4166666666666667
C1=CC2=NC=C(C3CN(Cc4cccc5ccccc45)C3)C2C=C1c1ccc(C2=CN=C3C=CC(n4cnnc4)=CC23)o1,13.1,0.2668917935091701,0.5761233051283176,0.3333333333333333
OC1=CN=C2C=CC(n3cnnc3)=CC12,7.1,0.7393686981412033,0.5933047590284163,0.3934426229508196
c1ccc(CCc2ccccc2)cc1,7.6,0.6814602021498524,0.9984241264116396,0.1964285714285714
c1ccc(COc2cccc3ccccc23)cc1,8.7,0.6515232318848457,0.9608205082231204,0.1267605633802817
C1=CC2=NC=C(c3ccc(-c4ccccc4)o3)C2C=C1CC1CC1,7.1,0.7152876886320092,0.7046836387936253,0.2597402597402597
O[C@@H]1CCCN(c2ccc(C3=CN=C4C=CC(CCCc5ccccc5)=CC34)o2)C1,10.8,0.7275505598938066,0.6645745216614822,0.3023255813953488
c1ccc(-c2ccc(-c3ccccc3)o2)cc1,8.4,0.6141128679317124,0.9556308930543992,0.09375
CC1=CN=C2C=CC(Cc3ccco3)=CC12,7.8,0.7365221441522447,0.6538606119713477,0.2297297297297297
CCn1ccc(C2=CN=C3C=CC(Cc4ccc(C5=CN=C6C=CC(n7cnnc7)=CC56)o4)=CC23)n1,7.4,0.5165253953772432,0.5432477932859235,0.3176470588235294
CCCCCC[C@@](C)(Cc1ccccc1)n1cnnc1,7.4,0.6734164254862259,0.7720735889775506,0.2027027027027027
C1=CC2=NC=C(Oc3ccc(Cc4cccc5ccccc45)cc3)C2C=C1OCc1ccccc1,8.6,0.2907997034307782,0.7477409045573987,0.2413793103448276
c1ccc(-c2ccc(CN3CCN(c4ccccc4)CC3)o2)cc1,9.4,0.7160965603904034,0.9132538337446988,0.1428571428571428
CCCCCN1CC[NH+](CCc2ccccc2)CC1,5.2,0.7330227672037805,0.755344134480182,0.4590163934426229
O=C(OC1=CN=C2C=CC(n3cnnc3)=CC12)c1ccc(C2=CN=C3C=CC(n4cnnc4)=CC23)o1,11.4,0.5179221814101463,0.533960805507347,0.3866666666666666
COc1ccc(C2=CC3C(N(Cc4ccccc4)c4ccccc4)=CN=C3C=C2)c(-n2nccc2-c2ccccc2)c1,10.4,0.1973887051452853,0.7054963873324104,0.2142857142857142
c1ccc(COn2cnnc2)cc1,6.2,0.6956042100043802,0.8214466023987563,0.21875
COCCOc1ccc(-c2ccc(C3=CN=C4C=CC(n5cnnc5)=CC34)o2)o1,9.0,0.5720628804148321,0.6344387382678818,0.3291139240506329
c1ccc(CCCc2ccccc2)cc1,6.8,0.6961792960252651,0.983968592298561,0.2105263157894736
C1=CC2=NC=C(c3cccc4ccccc34)C2C=C1n1cnnc1,10.1,0.7189522547480127,0.6938366121895565,0.391304347826087
C1=CC2=NC=C(c3ccc(CCC4CC4)o3)C2C=C1n1cnnc1,9.0,0.8436593784156527,0.6460760548282948,0.3918918918918919
C1=CC2=NC=C(c3cc(-n4cnnc4)[nH]n3)C2C=C1n1cnnc1,9.4,0.7791084709565393,0.5829816976596418,0.3380281690140845
C1=CC2=NC=C(n3cnnc3)C2C=C1n1cnnc1,8.8,0.7926711175906872,0.5958478868341712,0.4
Cc1ccc(C2=CN=C3C=CC(n4cnnc4)=CC23)o1,9.2,0.8375641757197909,0.637958442639377,0.3571428571428571
c1ccc(-c2ccc(-n3cnnc3)o2)cc1,7.9,0.6537951760848196,0.8356440796621512,0.1911764705882352
O=C(NCc1ccc(C2=CN=C3C=CC(n4cnnc4)=CC23)o1)OCc1ccccc1,10.8,0.6629470436154534,0.6881293104489018,0.369047619047619
c1ccc(CCCCCc2ccccc2)cc1,6.2,0.6268678339288983,0.9789174692233285,0.2068965517241379
Clc1cccc(C2=CN=C3C=CC(n4cnnc4)=CC23)c1,10.0,0.8511545471166522,0.6689927993893946,0.3714285714285714
c1ccc(CCn2cnnc2)cc1,6.5,0.7041701196184715,0.875686839085147,0.2833333333333333
C1=CC2=NC=C(c3ccc(CCc4ccc(C5=CN=C6C=CC(n7cnnc7)=CC56)o4)o3)C2C=C1,12.2,0.5002698766097727,0.5621287694645832,0.3552631578947368
c1ccc(CC[NH+]2CCN(CCCCOC3CC3)CC2)cc1,7.3,0.6944410116553775,0.7474062278996964,0.4393939393939394
CC1=CN=C2C=CC(n3cnnc3)=CC12,7.2,0.6883940489319109,0.6050575562312134,0.3934426229508196
CC[NH+]1CCN(CCCn2cnnc2)CC1,6.1,0.689057527628977,0.6499264378181795,0.2923076923076923
CC1=CN=C2C=CC(n3cnnc3)=CC12,5.0,0.6883940489319109,0.6050575562312134,0.3934426229508196
CC(C)OCC1=CC2C(c3ccc(-c4ccccc4)o3)=CN=C2C=C1,9.6,0.7468889633724214,0.7040248873159928,0.2375
c1ccc(-n2cnnc2)cc1,6.0,0.6045482615564559,0.8888018274355061,0.2203389830508474
c1ccc(CCc2ccc(-n3cnnc3)o2)cc1,8.0,0.7026287777677792,0.8290071179097301,0.2686567164179104
CCc1ccc(CCCc2ccccc2)cc1,6.0,0.7047455685462947,0.959227508000622,0.1904761904761904
