SMILES,DS,QED,SA,SIM
CCN(CC)CCNC(=O)c1cnn2c(-c3cccc(NC=O)c3)ccnc12,8.2,0.5544474492839219,0.8261623027297895,0.6623376623376623
O=CC(=O)NC(=O)Nc1ccc(Cl)c(C(F)(F)F)c1,8.5,0.6484232140956766,0.8536739806340281,0.3417721518987341
NC(=O)Nc1ccc(Cl)c(C(F)(F)F)c1,7.5,0.7766057655704027,0.897939712637829,0.3333333333333333
O=C(Nc1cccc(-c2ccnc3c(C(=O)NCC(F)F)cnn23)c1)Nc1ccc(Cl)c(C(F)(F)F)c1,9.3,0.2738612003293589,0.8112288018549685,0.7532467532467533
CCN(CCNC(=O)c1cnn2c(-c3cccc(NC(=O)Nc4ccc(Cl)c(C(F)(F)F)c4)c3)ccnc12)c1ccc(Br)cc1,9.9,0.1461131102733653,0.7954253425046427,0.8048780487804879
NC(=O)Nc1cccc(-c2ccnc3c(C(=O)NCC(F)(F)c4cc(NN5CCCC5)ccc4Cl)cnn23)c1,10.6,0.2539566177935726,0.7715695157637837,0.5714285714285714
CCN(CC)CCl,3.7,0.4044367228118368,0.7973178920956152,0.1081081081081081
CCc1ccc(NC(=O)OCN(CC)CC)cc1C(F)(F)F,7.2,0.8024342538704451,0.8386477162158131,0.3095238095238095
CCN(CC)CCNC(=O)c1cnn2c(-c3cccc(NC(=O)Nc4ccc(C(F)(F)c5cc(NC=O)ccc5Cl)c(C(F)(F)F)c4)c3)ccnc12,10.2,0.0730390565735026,0.7380370180911825,0.8414634146341463
CCN(C)CCNC(=O)c1cnn2c(-c3cccc(NC(=O)Nc4ccc(F)c(C(F)(F)F)c4)c3)ccnc12,9.8,0.2750714424340724,0.8100417861993571,0.75
CCN(CC)CCNC(=O)c1cnn2c(-c3cccc(NC(=O)Nc4ccc(Cl)c(C(F)(F)CNC(=O)c5cnn6c(-c7cccc(NC(=O)Nc8ccc(Cl)c(C(F)(F)F)c8)c7)ccnc56)c4)c3)ccnc12,4.3,0.0509023352601429,0.6720725529386181,0.9210526315789472
CCN(CC)CF,3.8,0.4881935158322824,0.7871025074802306,0.1232876712328767
CCN(CC)CCNC(=O)c1cnn2c(-c3cccc(NC(=O)Nc4ccc(Cl)c(C(F)(F)F)c4)c3)ccnc12,7.2,0.2353155800920288,0.812044458750464,1.0
CCN(CC)CCNC(=O)c1cnn2c(-c3cccc(NC(=O)Nc4ccc(Cl)c(C(F)F)c4)c3)ccnc12,6.9,0.2327096086313521,0.8040675602418281,0.7948717948717948
NC(=O)c1cnn2c(-c3cccc(NC(=O)Nc4ccc(Cl)c(C(F)(F)C5CC5)c4)c3)ccnc12,10.2,0.3360073936732907,0.8021540279091572,0.5952380952380952
NC(=O)Nc1ccc(Cl)c(C(F)(F)c2ccc(NC(=O)Nc3ccccc3)cc2C(F)(F)F)c1,11.6,0.296859254561385,0.829698213331548,0.3452380952380952
CCN(CC)CCNC(=O)c1cnn2c(-c3cccc(NC(N)=O)c3)ccnc12,8.7,0.5388526706818606,0.8390885338397305,0.7066666666666667
Cc1cnn(-c2ccc(Cl)c(C(F)(F)Cl)c2)c1,8.6,0.7547704586726505,0.8254025983016253,0.2068965517241379
CCN(CC)CCNC(=O)c1cnn2c(-c3cccc(NC=O)c3)ccnc12,8.1,0.5544474492839219,0.8261623027297895,0.6623376623376623
CCN(CC=O)C(=O)C(=O)Nc1ccc(N)c(C(F)(F)F)c1,7.8,0.4968241136069817,0.8176023266550523,0.2808988764044944
O=C(OC(F)(F)F)c1cnn2c(-c3cccc(C4CC4)c3)ccnc12,9.5,0.673369056687835,0.8236782631354402,0.375
CCN(CC)CCNC(=O)c1cnn2c(-c3cccc(NC(=O)Nc4ccc(Cl)c(C(F)CN(CC)CC)c4)c3)ccnc12,5.4,0.156489082257378,0.7263666410832896,0.7974683544303798
CCN(CC)CCNC(=O)c1cnn2c(-c3cccc(N)c3)ccnc12,8.0,0.635468716397502,0.8429328056290087,0.631578947368421
Cc1cnn2c(-c3cccc(NC(N)=O)c3)ccnc12,9.4,0.7459412360353671,0.8532583889061246,0.425
CNC(=O)c1cnn2c(-c3cccc(NC(=O)Nc4ccc(Cl)c(C(F)(F)CN)c4)c3)ccnc12,10.2,0.3174851745454283,0.8024141534978543,0.6666666666666666
CCN(CC)CCNC(=O)c1cnn2c(-c3cccc(NC(=O)Nc4ccc(C(F)(F)c5cc(NC(=O)Nc6cccc(-c7ccnc8c(C(=O)NCCN(CC)CC)cnn78)c6)ccc5Cl)c(C(F)(F)F)c4)c3)ccnc12,0.0,0.0398222050866162,0.6515989103010732,0.9078947368421052
CCN(CC)CNC(F)(F)c1cc(NC(=O)c2ccc(C)cc2)ccc1Cl,8.9,0.4962821124153071,0.8291315112857267,0.3448275862068966
FCl,1.9,0.3885761943930933,0.6703386072962214,0.028169014084507
CCN(CC)CF,3.8,0.4881935158322824,0.7871025074802306,0.1232876712328767
CCN(CC)CCNC(=O)c1cnn2c(-c3cccc(NC(=O)Nc4ccc(Cl)c(C(F)F)c4)c3)ccnc12,9.7,0.2327096086313521,0.8040675602418281,0.7948717948717948
CCNC(=O)c1cnn2c(-c3cccc(NC(=O)Nc4ccc(Cl)c(C(F)(F)Cl)c4)c3)ccnc12,9.4,0.2834157325203931,0.8140031644868652,0.7402597402597403
O=C(Nc1cccc(-c2ccnc3c(C(=O)NCF)cnn23)c1)Nc1ccc(Cl)c(C(F)(F)F)c1,10.2,0.2501465028828691,0.8083030075009938,0.7837837837837838
NC(=O)N1CCC(c2ccc(Cl)c(C(F)(F)F)c2)CC1,9.6,0.8460815756545659,0.8642096409679029,0.2272727272727272
Nc1cccc(-c2ccnc3c(NC=O)cnn23)c1,7.9,0.5474454795338162,0.8216184002144475,0.3023255813953488
CCN(CC)CCNC(=O)c1cnn2c(-c3cccc(NC(=O)Nc4ccc(CN(CC)CC)c(C(F)(F)F)c4)c3)ccnc12,9.1,0.1692559366156632,0.7872128748323325,0.8311688311688312
CCN(CC)Cc1ccc(C(C)=O)cc1C(F)(F)F,7.3,0.7614554597579648,0.8750502883263356,0.253012048192771
CCOCN(CC)CCNC(=O)c1cnn2c(-c3cccc(N)c3)ccnc12,7.7,0.434036226462787,0.8135709565759434,0.5595238095238095
CCN(CC)CCCN(C)c1cccc(NC(=O)Nc2ccc(CNC(=O)c3cnn4c(-c5cccc(NC(=O)Nc6ccc(Cl)c(C(F)(F)F)c6)c5)ccnc34)c(C(F)(F)F)c2)c1,5.2,0.0644549951292783,0.7212813151015215,0.75
CCN(CC)CCl,3.7,0.4044367228118368,0.7973178920956152,0.1081081081081081
CCN(CC)CF,3.8,0.4881935158322824,0.7871025074802306,0.1232876712328767
CCN(CC)CCNC(=O)c1cnn2c(-c3cccc(NC(=O)Nc4ccc(C(F)(F)c5cc(NC(=O)Nc6cccc(-c7ccnc8c(C(=O)NCCN(CC)CC)cnn78)c6)ccc5Cl)c(C(F)(F)F)c4)c3)ccnc12,5.8,0.0398222050866162,0.6515989103010732,0.9078947368421052
FCl,1.9,0.3885761943930933,0.6703386072962214,0.028169014084507
CCN(CC)CCNC(=O)c1cnn2c(-c3cccc(Nc4c5cccc4C(F)(F)c4cc(ccc4Cl)N5)c3)ccnc12,8.6,0.1676423449064502,0.6331890677733308,0.6153846153846154
O=C(Nc1cccc(-c2ccnc3ccnn23)c1)Nc1ccc(Cl)c(C(F)(F)F)c1,10.4,0.436008966914626,0.8432003814805731,0.5844155844155844
CCN(CC)CCNC(=O)c1cnn2c(-c3cccc(NC(=O)Nc4ccc(C(F)(F)c5cc(N)ccc5Cl)c(C(F)(F)F)c4)c3)ccnc12,8.2,0.082841397933025,0.7509939924109978,0.8414634146341463
CCN(CC)CCNC(=O)c1cnn2c(-c3cccc(NC(=O)Nc4ccc(C(F)(F)c5cc(NC(N)=O)ccc5OC)c(C(F)(F)F)c4)c3)ccnc12,7.2,0.0827558072832407,0.7406894961832378,0.7272727272727273
CCN(CC)CF,3.7,0.4881935158322824,0.7871025074802306,0.1232876712328767
CCN(CC)Cc1cccc(C2(F)CCNCCNC(=O)c3cnn4c(ccnc34)-c3cccc(c3)NC(=O)Nc3ccc(Cl)c2c3)c1,7.8,0.1706713727410193,0.4588538558624359,0.3333333333333333
CCN(CC)CF,3.8,0.4881935158322824,0.7871025074802306,0.1232876712328767
CCN(CC)CCNC(=O)c1cnn2c(-c3cccc(CC(=O)c4ccc(NC(N)=O)cc4)c3)ccnc12,8.8,0.2632661010865821,0.8209101062433444,0.6046511627906976
CCN(CC)CCl,3.7,0.4044367228118368,0.7973178920956152,0.1081081081081081
Cc1ccc(NC(=O)OC(=O)c2cnn3c(-c4cccc(N)c4)ccnc23)cc1C(F)(F)F,9.8,0.2632911943225394,0.8087359447885406,0.4777777777777778
C=CC(C)Oc1ccc(Cl)c(C(F)(F)F)c1,7.7,0.7265048807964825,0.7975173495600001,0.2261904761904762
CCN(C)CCN(CC)CCNC(=O)c1cnn2c(-c3cccc(NC(=O)Nc4ccc(-c5ccccc5)c(C(F)(F)F)c4)c3)ccnc12,9.4,0.128163040070194,0.7793952967180638,0.75
CCNC(=O)c1cnn2c(-c3cccc(NC(=O)Nc4ccc(F)c(C(F)(NC)SCC)c4)c3)ccnc12,9.5,0.176318688769829,0.7280597730179408,0.5909090909090909
CCN(CC)CCl,3.7,0.4044367228118368,0.7973178920956152,0.1081081081081081
CCN(CC)CCNC(=O)c1cnn2c(-c3cccc(Nc4ccccc4C(F)(F)c4cc(N)ccc4Cl)c3)ccnc12,7.3,0.1473563768248153,0.7771591452302073,0.6896551724137931
CCCCOc1ccc(Cl)c(C(F)(F)Cl)c1,7.0,0.5503480166043194,0.8685167168118232,0.2023809523809523
CCN(CC)CCNC(=O)c1cnn2c(-c3cccc(N(CC(N)=O)c4cnn5c(-c6cccc(NC(=O)Nc7ccc(Cl)c(C(F)(F)F)c7)c6)ccnc45)c3)ccnc12,7.4,0.0887626384505073,0.708347260713309,0.8235294117647058
FCl,1.9,0.3885761943930933,0.6703386072962214,0.028169014084507
FCl,1.9,0.3885761943930933,0.6703386072962214,0.028169014084507
CCN(C)CCNC(=O)c1cnn2c(-c3cccc(NC(=O)Nc4ccc(CNC(=O)c5cnn6c(-c7cccc(NC(=O)Nc8ccc(Cl)c(C(F)(F)F)c8)c7)ccnc56)c(C(F)(F)F)c4)c3)ccnc12,8.7,0.057335510656872,0.6846214651999449,0.8048780487804879
N#CCC1CN1NC(=O)c1cnn2c(-c3ccccc3)ccnc12,8.5,0.7390886189098902,0.7208324746547385,0.3406593406593406
CCN(CC)CCNC(=O)c1cnn2c(-c3cccc(NC(=O)Nc4ccc(Cl)c(C(F)F)c4)c3)ccnc12,9.1,0.2327096086313521,0.8040675602418281,0.7948717948717948
CCN(CC)CCNC(=O)c1cnn2c(-c3cccc(NC(=O)Nc4ccc(Cl)c(C(F)Cl)c4)c3)ccnc12,9.4,0.2032727418013092,0.7475888196501668,0.7848101265822784
O=C(Nc1cccc(-c2ccnc3c(C(=O)NCF)cnn23)c1)Nc1ccc(Cl)c(C(F)(F)CO)c1,10.0,0.2696502038495364,0.7817380481742138,0.6875
CCN(CC)CCNC(=O)c1cnn2c(NC(F)(F)CF)ccnc12,7.3,0.6686090243778293,0.7793702268239256,0.5061728395061729
CCN(CC)CCNC(=O)c1cnn2c(-c3cccc(NC(=O)Nc4ccc(CNC(=O)c5cnn6c(-c7cccc(NC(=O)Nc8ccc(Cl)c(C(F)F)c8)c7)ccnc56)c(C(F)(F)F)c4)c3)ccnc12,8.6,0.0509241762752837,0.6804638178439205,0.8
O=C(Nc1cccc(-c2ccnc3c(C(=O)NCCl)cnn23)c1)Nc1ccc(Cl)c(C(F)(F)F)c1,10.2,0.2330028220706288,0.8122998677835684,0.7837837837837838
O=C(Nc1cccc(-c2ccnc3c(C(=O)NCCl)cnn23)c1)Nc1ccc(CCCc2nn[nH]n2)c(C(F)(F)F)c1,10.0,0.1418681195974112,0.7660311917935356,0.5638297872340425
CCN(CC)CCNC(=O)c1cnn2c(-c3cccc(NC(=O)Nc4ccc(Cl)c(C(F)CNC(=O)c5cnn6c(-c7cccc(NC(=O)Nc8ccc(Cl)c(C(F)(F)F)c8)c7)ccnc56)c4)c3)ccnc12,7.6,0.0509090790853352,0.6294698366105478,0.875
CCN(CC)CCNC(=O)c1cnn2c(-c3cccc(NC(=O)Nc4ccc(C(F)(F)c5cc(NC(=O)Nc6cccc(-c7ccnc8c(C(=O)NCCN(CC)CC)cnn78)c6)ccc5Cl)c(C(F)(F)F)c4)c3)ccnc12,0.0,0.0398222050866162,0.6515989103010732,0.9078947368421052
CCN(CC)CCl,3.7,0.4044367228118368,0.7973178920956152,0.1081081081081081
CCN(CC)CCNC(=O)c1cnn2c(-c3cccc(NC(=O)Nc4cccc(C(F)(CNC(=O)c5cnn6c(-c7cccc(NC(=O)Nc8ccc(Cl)c(C(F)(F)F)c8)c7)ccnc56)C(C)COC)c4)c3)ccnc12,6.7,0.0421808187250981,0.5790641704137077,0.7865168539325843
CCNC(=O)c1cnn2c(-c3cccc(NC(=O)Nc4ccc(OC)c(C(F)(F)CN(CC)CC)c4)c3)ccnc12,9.0,0.2295692967881418,0.786346146432341,0.6511627906976745
NC(=O)Nc1cccc(-c2ccnc3c(C(=O)OC(F)(F)F)cnn23)c1,10.2,0.6930716521448601,0.8239460823672855,0.4698795180722891
C=CCC(=O)NCCN(CC)OCc1ccc(Cl)c(C(F)(F)Cl)c1,7.2,0.3774372551448461,0.7619622196750079,0.268041237113402
CCN(CC=O)CC(F)(F)c1cc(NC(=O)Nc2cccc(-c3ccnc4c(C(N)=O)cnn34)c2)ccc1Cl,9.7,0.2481707136720798,0.7672050889516506,0.6551724137931034
CCN(CC)CCNC(=O)c1cnn2c(-c3cccc(NC(=O)Nc4ccc(Cl)c(C(F)F)c4)c3)ccnc12,9.1,0.2327096086313521,0.8040675602418281,0.7948717948717948
NC(=O)Nc1ccc(Cl)c(C(F)(F)C(=O)c2cccc(-c3ccnc4c(C(N)=O)cnn34)c2)c1,10.3,0.3577222673533465,0.7938720953863496,0.5172413793103449
CCN(CC)CF,3.8,0.4881935158322824,0.7871025074802306,0.1232876712328767
CCN(CC)CF,3.8,0.4881935158322824,0.7871025074802306,0.1232876712328767
FCl,1.9,0.3885761943930933,0.6703386072962214,0.028169014084507
CCN(CC)CCNC(=O)c1cnn2c(-c3cccc(NC(=O)Nc4ccc(Cl)c(C(F)c5ccc(F)cc5)c4)c3)ccnc12,8.2,0.146185257406142,0.7380653323828068,0.7294117647058823
CCNCc1ccc(NC(=O)Nc2cccc(-c3ccnc4c(C(=O)NCCN(CC)CC5CCOCO5)cnn34)c2)cc1C(F)(F)F,6.7,0.1568273190819698,0.7093012968985182,0.6494845360824743
CCN(CC)CCNC(=O)c1cnn2c(-c3cccc(NC(N)=O)c3)ccnc12,8.4,0.5388526706818606,0.8390885338397305,0.7066666666666667
O=Cc1cnn2c(-c3cccc(NC(=O)Nc4ccc(Cl)c(C(F)(F)F)c4)c3)ccnc12,10.8,0.3929297339865945,0.8245124559731009,0.6410256410256411
CCN1CCNC(=O)c2cnn3c(ccnc23)-c2cccc(c2)NC(=O)Nc2ccc(Cl)c(c2)C(F)(F)c2nc1cs2,8.7,0.2195002564501028,0.4799652665388374,0.3063063063063063
CCN(C)CCNC(=O)c1cnn2c(-c3cccc(NC(=O)Nc4ccc(Cl)c(C(O)(F)c5ccccc5)c4)c3)ccnc12,10.1,0.1636139342111126,0.7389176773115776,0.75
CCN(C)CCNC(=O)c1cnn2c(-c3cccc(NC(=O)Nc4ccc(CN(CC)CC)c(C(F)(F)F)c4)c3)ccnc12,9.3,0.1933989857907913,0.7873188268633844,0.7560975609756098
CNC(=O)c1cnn2c(-c3cccc(NC(=O)Nc4ccc(Cl)c(C(F)(F)F)c4)c3)ccnc12,10.1,0.3730573673421209,0.8331626406529532,0.7567567567567568
CCN(C)CCNC(=O)c1cnn2c(-c3cccc(NC(=O)Nc4ccc(CN(CC)CC)c(C(F)(F)c5ccccc5)c4)c3)ccnc12,9.9,0.1216176246226075,0.7661122862033987,0.6741573033707865
CCN(CC)CCNC(=O)c1cnn2c(-c3cccc(NC(=O)Nc4ccc(CNC(=O)c5cnn6c(-c7cccc(NC(=O)Nc8ccc(Cl)c(C(F)(F)F)c8)c7)ccnc56)c(C(F)(F)F)c4)c3)ccnc12,8.3,0.054020617597087,0.6826145245592304,0.9090909090909092
CCN(CC)CCNC(=O)c1cnn2c(-c3cccc(NC=O)c3)ccnc12,8.0,0.5544474492839219,0.8261623027297895,0.6623376623376623
CCN(CC)CCNC(=O)c1cnn2c(-c3cccc(NC(=O)Nc4ccc(C(F)(F)c5cc(NC(=O)Nc6cccc(-c7ccnc8c(C(=O)NCCN(CC)CC)cnn78)c6)ccc5Cl)c(C(F)(F)F)c4)c3)ccnc12,4.7,0.0398222050866162,0.6515989103010732,0.9078947368421052
CCN(C)CCNC(=O)c1cnn2c(-c3cccc(NC(=O)Nc4ccc(Cl)c(C(F)(F)F)c4)c3)ccnc12,9.7,0.2683502803933107,0.8117658511252568,0.88
CCNCCNC(=O)c1cnn2c(-c3cccc(NC(=O)Nc4ccc(Cl)c(C5(CNC(=O)c6cnn7c(-c8cccc(NC(=O)Nc9ccc(Cl)c(C(F)(F)F)c9)c8)ccnc67)OCCC5CO)c4)c3)ccnc12,9.3,0.0425671236980183,0.5727958497182815,0.62
CCN(CC)CCNC(=O)c1cnn2c(-c3cccc(NC(=O)Nc4ccc(Cl)c(C(F)(F)F)c4)c3)ccnc12,9.4,0.2353155800920288,0.812044458750464,1.0
CCN(CCNC(=O)c1cnn2cccnc12)ONC(=O)C(F)(F)c1cc(NC(N)=O)ccc1Cl,9.4,0.302203788428262,0.7391512879392597,0.4791666666666667
CCN(CC)CCNC(=O)c1cnn2c(COC(F)(F)c3cc(NC(N)=O)ccc3Cl)ccnc12,8.0,0.3640896535304105,0.7751654037203859,0.6091954022988506
Cc1cccc(-c2ccnc3c(C)cnn23)c1,9.2,0.634454526790749,0.8663824153789579,0.3164556962025316
NC(=O)Nc1cccc(-c2ccnc3c(C(=O)OC(N)F)cnn23)c1,9.9,0.3699156460393206,0.7657250769893333,0.4302325581395348
Cc1cnn2c(-c3cccc(F)c3)ccnc12,8.2,0.6395193999968158,0.8625456806850802,0.325
CCN(CC)Cc1cnn2c(-c3cccc(NC(N)=O)c3)ccnc12,9.0,0.7231244858676636,0.8316701467447886,0.4878048780487805
CF,1.7,0.3673293108901918,0.703430914988529,0.028169014084507
CC(=O)Nc1cccc(-c2ccnc3c(C=O)cnn23)c1,9.0,0.7458504533845124,0.8471039567041179,0.4146341463414634
Cc1cnn2c(-c3cccc(F)c3)ccnc12,9.0,0.6395193999968158,0.8625456806850802,0.325
CCN(CC)CC,3.7,0.5183748699715436,0.8995837040614271,0.0985915492957746
FC(F)(F)F,3.5,0.3931671530217094,0.879023273436574,0.0422535211267605
Nc1cccc(-c2ccnc3c(CC(=O)CNC(=O)c4cnn5cccnc45)cnn23)c1,10.2,0.3937902062728992,0.790043125948287,0.3684210526315789
NC(=O)NF,3.4,0.3782657946727754,0.7555436995592574,0.08
CF,1.7,0.3673293108901918,0.703430914988529,0.028169014084507
O=C(Nc1cccc(-c2ccnc3ccnn23)c1)C1CCCO1,9.4,0.8069993438160324,0.7990101214175989,0.3043478260869565
Cc1cnn2c(-c3cccc(C(F)(F)F)c3)ccnc12,9.9,0.6782099708184095,0.852270284028546,0.3625
CCN1CCCCc2cccc(c2)-c2ccnc3c(cnn23)C(=O)NCC1,8.2,0.7221314743624837,0.6318093660562477,0.2886597938144329
Cc1cnn2c(-c3cccc(Cl)c3)ccnc12,8.8,0.6561114973969406,0.8641083180477176,0.3417721518987341
Nc1ccc(CNC(=O)c2cnn3c(-c4cccc(NC(=O)Nc5ccc(C6CCCO6)c(C(F)(F)F)c5)c4)ccnc23)c(C(F)(F)F)c1,11.3,0.1040596016577026,0.7144028616882162,0.5252525252525253
NC(=O)CCNC(=O)Nc1cccc(-c2ccnc3c(C(=O)NCOC(=O)c4cnn5c(-c6ccccc6)ccnc45)cnn23)c1,10.8,0.1315709847689582,0.7737828896792363,0.4835164835164835
NC(=O)NC(=O)Nc1cccc(-c2ccnc3c(C(=O)OC(F)(F)c4ccccc4)cnn23)c1,11.3,0.3846315034118631,0.8080168444316305,0.4555555555555555
CCN(CC)CCNC(=O)c1cnn2c(-c3cccc(NC(N)=O)c3)ccnc12,8.3,0.5388526706818606,0.8390885338397305,0.7066666666666667
CCCCCc1cccc(-c2ccnc3c(C(=O)OC(F)(F)F)cnn23)c1,9.2,0.4571257270725601,0.831819360065681,0.4044943820224719
CCN(CC)CC,3.7,0.5183748699715436,0.8995837040614271,0.0985915492957746
NC(=O)Nc1cccc(-c2ccnc3c(C(F)C4CC4)cnn23)c1,9.8,0.7714628466185043,0.7609669540698981,0.3820224719101123
CCN(CC)CCNC(=O)c1cnn2c(-c3cccc(NC(=O)Nc4ccc(Cl)c(C(F)(F)C(F)(F)OC(=O)c5cnn6c(-c7cccc(NC(N)=O)c7)ccnc56)c4)c3)ccnc12,7.2,0.050437299805572,0.6930884716693484,0.7790697674418605
CCN(CC)CCNC(=O)c1cnn2c(-c3cccc(NC(=O)Nc4ccc(C(=O)Nc5cccc(-c6ccnc7c(C(=O)OC(F)(F)F)cnn67)c5)c(C(F)(F)F)c4)c3)ccnc12,8.5,0.0657910282396688,0.7071955656864425,0.7710843373493976
NF,1.9,0.3700742015408931,0.6644668124244267,0.0138888888888888
NC(F)(F)F,3.6,0.4247910762019706,0.8267537694893272,0.0410958904109589
Cc1cnn2c(-c3cccc(C(=O)Nc4cccc(-c5ccnc6c(C(=O)O)cnn56)c4)c3)ccnc12,11.1,0.3682288871447417,0.8109836768139629,0.4523809523809524
CCCc1cnn2c(-c3cccc(NCC)c3)ccnc12,8.3,0.7730447787833967,0.8460892824712469,0.3780487804878049
CCNC(=O)c1cnn2c(-c3cccc(NC(=O)Nc4ccc(C(F)(F)c5ccccc5)c(C(F)(F)F)c4)c3)ccnc12,10.9,0.1776761153009146,0.7911283332701855,0.6506024096385542
O=C(CNC(=O)c1cnn2c(-c3cccc(NC(=O)Nc4ccc(Cl)c(C(F)(F)F)c4)c3)ccnc12)Nc1cccc(-c2ccnc3c(C(=O)OC(F)(F)F)cnn23)c1,9.9,0.0845918580211431,0.7292797243809185,0.6904761904761905
CCN1CCNC(=O)c2cnn3c(ccnc23)-c2cccc(c2)N2CCN1CC2,8.4,0.6780867505877415,0.583343683148415,0.2886597938144329
CCN(CC)CCNC(=O)c1cnn2c(-c3cccc(NC(=O)Nc4ccc(C(=O)Nc5cccc(-c6ccnc7c(C=O)cnn67)c5)c(C(F)(F)F)c4)c3)ccnc12,10.1,0.0902187095715044,0.7277426188158009,0.7710843373493976
CCl,1.6,0.3573626606013345,0.7727334790910932,0.0428571428571428
CC(F)(F)F,3.6,0.4175407165966272,0.8607737694893272,0.0555555555555555
CCN(COC(=O)c1cnn2cccnc12)CC(=O)NC,6.7,0.5909303602664601,0.8062187372343222,0.2688172043010752
CCN(CC)CCNC(=O)c1cnn2c(-c3cccc(NC=O)c3)ccnc12,7.5,0.5544474492839219,0.8261623027297895,0.6623376623376623
NC(=O)Nc1cccc(-c2ccnc3c(N)cnn23)c1,8.8,0.6529216547326478,0.8459147991625348,0.430379746835443
O=C1OC(F)(C2CO2)NNc2cccc(c2)-c2ccnc3c1cnn23,9.0,0.3935605464443596,0.4682749718165936,0.28125
NNC(N)=O,3.4,0.1864692943283258,0.8467562869718446,0.0526315789473684
CNC(N)=O,3.1,0.3913317291408433,0.8756877555033132,0.0657894736842105
CCN(C=O)CCNC(=O)c1cnn2c(-c3cccc(NC(=O)Nc4ccc(-c5cnn6c(-c7cccc(NC(=O)CCF)c7)ccnc56)cc4)c3)ccnc12,2.6,0.0988196148958248,0.7268164156140524,0.5869565217391305
CCN(CC)CCNC(=O)c1cnn2c(COC(=O)Nc3ccccc3)ccnc12,8.5,0.5622660375380354,0.8349267373681875,0.4941176470588235
CNC(=O)c1cnn2c(-c3cccc(NC(=O)Nc4ccc(Cl)c(C(F)(F)F)c4)c3)ccnc12,11.2,0.3730573673421209,0.8331626406529532,0.7567567567567568
O=C1Nc2ccc(Cl)c(c2)N2CCN(CC2)N1,6.5,0.7359696053805984,0.6034169522706375,0.1075268817204301
NCl,2.0,0.388046987274966,0.664502709860324,0.0138888888888888
NC(=O)Nc1cccc(-c2ccnc3c(C(=O)c4cc[nH]n4)cnn23)c1,10.0,0.484773091447437,0.7902710481792514,0.4090909090909091
CCN(CC)CCNC(=O)c1cnn2c(-c3cccc(NC(=O)Nc4ccc(C(F)(F)F)c(C(F)(F)c5ccccc5)c4)c3)ccnc12,10.8,0.1288822780067637,0.7720923478670154,0.8
CN,1.9,0.3846582089034356,0.7782360431936574,0.0138888888888888
FC(F)(F)Cl,3.6,0.4108541983874054,0.8257337694893272,0.0555555555555555
NC(=O)NC(F)(F)OC(=O)c1cnn2c(N3CCCCC3=O)ccnc12,9.1,0.4619234893637183,0.7584843302305333,0.2376237623762376
NC(=O)Nc1cccc(-c2ccnc3c(C(=O)O)cnn23)c1,9.4,0.6770337219285577,0.8599083504421662,0.4615384615384615
CCN(CC)CCNC(=O)c1cnn2c(-c3cccc(NC(=O)Nc4ccc(Cl)c(C(F)(F)NC=O)c4)c3)ccnc12,9.7,0.1395868629825886,0.76800541821683,0.8481012658227848
CCN(CC)Cc1cccc(-c2ccnc3c(O)cnn23)c1,8.7,0.7862562507822073,0.8366453901050124,0.3902439024390244
CF,1.7,0.3673293108901918,0.703430914988529,0.028169014084507
Cc1cnn2c(-c3cccc(C(F)(F)c4cc(N)ccc4Cl)c3)ccnc12,10.3,0.5009515521032978,0.8068128823328874,0.3863636363636363
CCNC(=O)c1cnn2c(-c3cccc(NC(=O)Nc4ccc(C(F)(F)F)c(C(F)(F)OCC(F)F)c4)c3)ccnc12,10.0,0.2007175377518401,0.7644042200870812,0.6206896551724138
CCN(CC)CC,3.7,0.5183748699715436,0.8995837040614271,0.0985915492957746
CCN(CC)CC(F)(F)F,4.9,0.6011762919862016,0.8552534207967378,0.1333333333333333
NC(=O)NF,3.4,0.3782657946727754,0.7555436995592574,0.08
FCl,1.9,0.3885761943930933,0.6703386072962214,0.028169014084507
Cc1cnn2c(-c3cccc(C(F)(F)OC(=O)c4cnn5c(-c6cccc(CCCN)c6)ccnc45)c3)ccnc12,10.7,0.2575088878317277,0.7613827849448972,0.3571428571428571
CCN(CC)CCNC(=O)c1cnn2c(-c3cccc(NC(=O)Nc4ccc(Cl)c(C(F)(F)OC(=O)c5cnn6c(-c7cccc(NC(N)=O)c7)ccnc56)c4)c3)ccnc12,7.6,0.0715982723276231,0.7113602641737496,0.7976190476190477
CCl,1.6,0.3573626606013345,0.7727334790910932,0.0428571428571428
CCN(CC)CC(F)(F)F,4.9,0.6011762919862016,0.8552534207967378,0.1333333333333333
CCN(CC)CCNC(=O)c1cnn2c(-c3cccc(NC(=O)Nc4cccc(C(F)(F)C5CC5)c4)c3)ccnc12,9.4,0.2208007213992801,0.7903830614363775,0.7195121951219512
O=C1Nc2ccnc3c1cnn23,4.9,0.6023269397120268,0.6456044656478003,0.1785714285714285
NC(=O)Nc1cccc(-c2ccnc3c(C(=O)OC(F)(F)CNC(=O)c4cnn5c(-c6cccc(NC(=O)Nc7ccc(Cl)c(C(F)(F)F)c7)c6)ccnc45)cnn23)c1,10.6,0.0702058696037601,0.7148610960213264,0.6744186046511628
Cc1cnn2c(-c3cccc(NC(N)=O)c3)ccnc12,9.3,0.7459412360353671,0.8532583889061246,0.425
CCN(CC)CC(F)(F)F,4.9,0.6011762919862016,0.8552534207967378,0.1333333333333333
Nc1ccc(NC(=O)Nc2cccc(-c3ccnc4ccnn34)c2)cc1C(F)(F)F,10.1,0.4271421392876811,0.8346648158697134,0.4698795180722891
CCN(CC)CF,3.8,0.4881935158322824,0.7871025074802306,0.1232876712328767
FC(F)(F)Cl,3.6,0.4108541983874054,0.8257337694893272,0.0555555555555555
NC(=O)NF,3.4,0.3782657946727754,0.7555436995592574,0.08
CC(=O)NC(=O)c1cnn2c(-c3ccccc3)ccnc12,8.9,0.774389774096257,0.8700162643964257,0.3924050632911392
Cc1cccc(-c2ccnc3c(C)cnn23)c1,9.2,0.634454526790749,0.8663824153789579,0.3164556962025316
CNC(N)=O,3.1,0.3913317291408433,0.8756877555033132,0.0657894736842105
CC(F)(F)c1cnn2c(-c3cccc(NC=O)c3)ccnc12,9.3,0.7534532915569154,0.8000048764967568,0.4096385542168674
CCN(C)CCNC(=O)c1cnn2c(-c3cccc(NC(=O)Nc4ccc(-c5cccc(-c6ccnc7c(C)cnn67)c5)c(C(F)(F)F)c4)c3)ccnc12,10.1,0.133285954983743,0.7441986190603607,0.6976744186046512
COC(=O)c1ccccc1,6.2,0.546322425537599,0.9898122559615732,0.1125
CCN(CC)CCNC(=O)c1cnn2c(-c3cccc(NC(N)=O)c3)ccnc12,8.4,0.5388526706818606,0.8390885338397305,0.7066666666666667
CCN(CC)CCNC(=O)c1cnn2c(-c3cccc(NC(=O)Nc4ccc(Cl)c(C(F)(F)C(F)(F)OC(=O)c5cnn6c(-c7cccc(NC(N)=O)c7)ccnc56)c4)c3)ccnc12,8.5,0.050437299805572,0.6930884716693484,0.7790697674418605
CC(F)(F)F,3.7,0.4175407165966272,0.8607737694893272,0.0555555555555555
FCl,1.9,0.3885761943930933,0.6703386072962214,0.028169014084507
NC(=O)Nc1cccc(-c2ccnc3c(C(=O)O)cnn23)c1,9.3,0.6770337219285577,0.8599083504421662,0.4615384615384615
Nc1cccc(-c2ccnc3c(C(=O)OF)cnn23)c1,8.4,0.7214992165374966,0.8203644617806185,0.3734939759036144
Cc1cnn2c(-c3cccc(N)c3)ccnc12,8.5,0.6450529197508142,0.8505246445783299,0.3086419753086419
NC(=O)NF,3.4,0.3782657946727754,0.7555436995592574,0.08
CCN(CCNC(=O)c1cnn2c(-c3cccc(NC(=O)c4ccccc4)c3)ccnc12)COC(C)(F)c1ccccc1Cl,9.7,0.1630629096029724,0.7331885383616386,0.6741573033707865
NC(=O)NF,3.4,0.3782657946727754,0.7555436995592574,0.08
Cc1cnn2c(-c3cccc(F)c3)ccnc12,9.0,0.6395193999968158,0.8625456806850802,0.325
CCN(CC)CC(F)(F)F,4.9,0.6011762919862016,0.8552534207967378,0.1333333333333333
CCN(CC)CCNC(=O)c1cnn2c(-c3ccccc3)ccnc12,7.8,0.7193200886437382,0.8642842643564416,0.6164383561643836
FF,1.9,0.3741821364263268,0.6703027098603241,0.0140845070422535
CCN(CC)CCNC(=O)c1cnn2c(-c3cccc(NC(=O)Nc4ccc(F)c(C(F)F)c4)c3)ccnc12,9.7,0.2574715431074591,0.8038769308711989,0.725
FCl,1.9,0.3885761943930933,0.6703386072962214,0.028169014084507
NCl,2.0,0.388046987274966,0.664502709860324,0.0138888888888888
Cc1cccc(-c2ccnc3c(C)cnn23)c1,9.2,0.634454526790749,0.8663824153789579,0.3164556962025316
NC(=O)NCCCNC(=O)C(=O)c1cccc(-c2ccnc3c(C=O)cnn23)c1,9.4,0.22003059246298,0.8072451942524883,0.3297872340425531
NC(=O)Nc1cccc(-c2ccnc3c(C(F)(F)c4cc(NC(=O)Nc5cccc(-c6ccnc7ccnn67)c5)ccc4Cl)cnn23)c1,9.8,0.1432484166999357,0.7489167824018848,0.5340909090909091
CNC(=O)c1cnn2c(-c3cccc(NC(=O)Nc4ccc(Cl)c(C(F)(F)OC)c4)c3)ccnc12,10.7,0.353790371813796,0.8052055192749342,0.654320987654321
NF,1.9,0.3700742015408931,0.6644668124244267,0.0138888888888888
COC(=O)c1cnn2c(CCNC(N)=O)ccnc12,7.2,0.7371287853245871,0.8299500851333023,0.2840909090909091
NC(=O)Nc1cccc(-c2ccnc3c(C(=O)OC(=O)Nc4cccc(-c5ccnc6c(C(=O)OC(F)(F)CC(F)(F)F)cnn56)c4)cnn23)c1,9.0,0.1003320844801995,0.7220953368398104,0.4301075268817204
Nc1cnn2c(-c3cccc(NC(=O)Nc4ccc(Cl)c(C(F)(F)F)c4)c3)ccnc12,9.2,0.3977906820902372,0.8326511357918938,0.68
Cc1cnn2c(-c3cccc(C(F)OC(=O)c4cnn5c(-c6cccc(NC(N)=O)c6)ccnc45)c3)ccnc12,12.1,0.2931421536409343,0.7169594438895934,0.4042553191489361
NC(=O)Nc1cccc(-c2ccnc3c(N)cnn23)c1,8.7,0.6529216547326478,0.8459147991625348,0.430379746835443
O=C(OC(F)(F)F)c1cnn2cccnc12,7.2,0.6959647369337832,0.817379889685461,0.2209302325581395
NC(=O)NF,3.4,0.3782657946727754,0.7555436995592574,0.08
CCN(CCNC(=O)c1cnn2c(-c3cccc(N)c3)ccnc12)c1ccc(C2(F)NC(=O)Nc3ccc(Cl)c2c3)cc1,9.8,0.1436018720637717,0.6168803832656911,0.4854368932038835
Cc1ccc(Cc2ccccc2)o1,8.0,0.6776962722975554,0.9272725963777866,0.0689655172413793
NC(=O)Nc1cccc(-c2ccnc3c(C(=O)OC(F)F)cnn23)c1,9.8,0.7032855153382086,0.8213721092892864,0.4352941176470588
CCN(CC)CCNC(=O)c1cnn2c(-c3cccc(NC(=O)Nc4ccc(Cl)c(C(F)(F)c5ccnc6c(C(=O)O)cnn56)c4)c3)ccnc12,9.0,0.125023873879789,0.7417789077560737,0.8375
Nc1cccc(-c2ccnc3c(C(=O)O)cnn23)c1,8.6,0.6783893239220515,0.8604301743662217,0.379746835443038
Cc1ccnc2c(C(=O)O)cnn12,6.5,0.6969747041945803,0.8591643867511561,0.2692307692307692
CCN(CCNC(=O)c1cnn2c(-c3cccc(N)c3)ccnc12)c1ccc2ccccc2c1,10.3,0.3592009911052067,0.8300832197230059,0.5056179775280899
Cc1cnn2c(-c3cccc(Cl)c3)ccnc12,8.8,0.6561114973969406,0.8641083180477176,0.3417721518987341
O=C(OC(F)F)c1cnn2c(-c3cccc(NC(=O)C(F)(F)F)c3)ccnc12,9.7,0.5367793493801509,0.8092807467857336,0.4588235294117647
Cc1cnn2c(-c3cccc(-c4cccc(OC(N)=O)c4)c3)ccnc12,11.1,0.6121593561450311,0.8440132020254052,0.3181818181818182
NC(=O)Nc1cccc(N)c1,6.3,0.5176953618225747,0.9161620139156924,0.175
CCN(CC)CCNC(=O)c1cnn2c(-c3cccc(NC(=O)Nc4ccc(N)c(C(F)F)c4)c3)ccnc12,7.4,0.2187713047145408,0.7976090987033666,0.7073170731707317
Cc1cccc(NC(N)=O)c1,6.9,0.6256042466747037,0.9440338087874872,0.1875
NC(=O)Nc1cccc(-c2ccnc3c(-c4ccnc5ccnn45)cnn23)c1,10.8,0.5063749489750303,0.8068279922232231,0.3793103448275862
NC(=O)Nc1cccc(-c2ccnc3c(C(F)F)cnn23)c1,9.5,0.7798392025263775,0.8249234869185931,0.4096385542168674
NC(=O)Nc1cccc(-c2ccnc3c(N)cnn23)c1,8.7,0.6529216547326478,0.8459147991625348,0.430379746835443
NC(=O)Nc1cccc(F)c1,6.7,0.6292010869939672,0.9377563728900512,0.1875
CCN(CC)CCNC(=O)c1cnn2c(-c3cccc(NC(=O)Nc4ccc(Cl)c(C(F)(F)NC(N)=O)c4)c3)ccnc12,10.4,0.1568675933633475,0.771784315469804,0.8481012658227848
Cc1cccc(NC(N)=O)c1,7.0,0.6256042466747037,0.9440338087874872,0.1875
O=C(O)c1cnn2c(Cl)ccnc12,6.5,0.6950518158493402,0.8297391730759424,0.2857142857142857
NC(=O)Nc1cccc(-c2ccnc3c(N)cnn23)c1,8.8,0.6529216547326478,0.8459147991625348,0.430379746835443
O=C(O)c1cnn2c(-c3cccc(CCF)c3)ccnc12,9.0,0.7997567849714438,0.8432357515759128,0.3902439024390244
CC(=O)Nc1cccc(-c2ccnc3c(C=O)cnn23)c1,9.1,0.7458504533845124,0.8471039567041179,0.4146341463414634
CCN(CC)CCNC(=O)c1cnn2c(-c3cccc(NC(=O)Nc4ccc(C(=O)Nc5cccc(-c6ccnc7c(C(=O)O)cnn67)c5)c(C(F)(F)F)c4)c3)ccnc12,8.6,0.0825299092392062,0.7329867177268835,0.8205128205128205
CCN(CC)CCNC(=O)c1cnn2c(-c3cccc(NC=O)c3)ccnc12,8.2,0.5544474492839219,0.8261623027297895,0.6623376623376623
O=C(Cl)Nc1cccc(-c2ccnc3c(C(=O)OC(F)F)cnn23)c1,9.7,0.4333569957344293,0.8002050763222532,0.4523809523809524
O=C(O)c1cnn2c(F)ccnc12,6.7,0.6526743864963072,0.8113028482896176,0.2692307692307692
Cc1cnn2c(OC=O)ccnc12,6.2,0.6291682682746498,0.7568866898234592,0.1860465116279069
Cc1cnn2c(-c3cccc(NC(N)=O)c3)ccnc12,9.4,0.7459412360353671,0.8532583889061246,0.425
COC(=O)c1cnn2c(-c3ccccc3)ccnc12,7.9,0.6567503607692144,0.887267910703958,0.3670886075949367
CCN(CC)CCNC(=O)c1cnn2c(-c3cccc(NC(=O)Nc4ccc(C(F)F)c(C(F)(F)F)c4)c3)ccnc12,9.2,0.1950329784161829,0.7884636013924838,0.8205128205128205
CCN(CCNC(=O)c1cnn2c(-c3cccc(NC(N)=O)c3)ccnc12)CN1CCN(C(F)F)CC1,9.4,0.351504570117129,0.7751855897919506,0.5888888888888889
CCN(CC)CCNC(=O)c1cnn2c(-c3cccc(NC(=O)Nc4ccc(Cl)c(C(F)(F)C(=O)Nc5cccc(-c6ccnc7c(C(=O)OC(F)F)cnn67)c5)c4)c3)ccnc12,8.2,0.0590162021421239,0.6950161586600969,0.7790697674418605
COC(=O)c1ccnc2c(C(=O)OC(F)(F)F)cnn12,7.8,0.7722667142159004,0.8137800113382733,0.2941176470588235
CNC(F)(F)c1cc(NC(=O)Nc2cccc(-c3ccnc4c(C(=O)NCF)cnn34)c2)ccc1Cl,10.7,0.2672448197775279,0.7739110870165595,0.7
Cc1cnn2c(-c3cccc(C(F)(F)c4cc(NC(=O)Nc5cccc(-c6ccnc7c(C(N)=O)cnn67)c5)ccc4Cl)c3)ccnc12,11.4,0.1683118362424436,0.7549565573207142,0.5862068965517241
CCN(CC)CN,3.8,0.5172764442676506,0.8101221655998887,0.0933333333333333
Cc1cnn2c(-c3cccc(C(F)(F)OC=O)c3)ccnc12,9.4,0.6953857078089872,0.7850331643379478,0.3333333333333333
NC(=O)Nc1cccc(-c2ccnc3c(CNC(=O)c4cnn5c(-c6cccc(NC(=O)Nc7ccc(Cl)c(C(F)F)c7)c6)ccnc45)cnn23)c1,11.8,0.1089426296442754,0.7480032488426109,0.5555555555555556
Cc1cnn2c(-c3cccc(C(=O)C(=O)CCCOO)c3)ccnc12,9.0,0.2338066475690035,0.8019453363439217,0.3118279569892473
NC(=O)Nc1cccc(-c2ccnc3c(C(=O)OC(F)(F)C(F)(F)c4cc(NC(=O)Nc5cccc(-c6ccnc7c(C(N)=O)cnn67)c5)ccc4Cl)cnn23)c1,9.5,0.0747033906325675,0.7166460692307487,0.5617977528089888
CCN1CCC(=O)C(=O)Nc2cccc(c2)-c2ccnc3c(cnn23)C1,7.0,0.6809767307321364,0.6031526837159328,0.3020833333333333
NC(=O)Nc1cccc(-c2ccnc3c(C(=O)OC(F)(F)CNC(=O)c4cnn5c(-c6cccc(NC(=O)Nc7ccc(Cl)c(C(F)(F)F)c7)c6)ccnc45)cnn23)c1,9.7,0.0702058696037601,0.7148610960213264,0.6744186046511628
Cc1cccc(NC(N)=O)c1,7.0,0.6256042466747037,0.9440338087874872,0.1875
Cc1cnn2c(-c3cccc(C(=O)C4CC4)c3)ccnc12,9.5,0.6900552265635622,0.8489813926015538,0.3218390804597701
CF,1.7,0.3673293108901918,0.703430914988529,0.028169014084507
FF,1.9,0.3741821364263268,0.6703027098603241,0.0140845070422535
CCc1ccc(NC(=O)Nc2cccc(-c3ccnc4c(C(=O)NC)cnn34)c2)cc1C(F)(NNC(N)=O)OC,10.3,0.1056001065021096,0.7124531682087525,0.5376344086021505
O=C(O)c1cnn2c(F)ccnc12,6.8,0.6526743864963072,0.8113028482896176,0.2692307692307692
NC(=O)Nc1cccc(Cl)c1,6.6,0.6639872532196432,0.939974321608,0.2025316455696202
O=C(F)Nc1cccc(-c2ccnc3c(C(=O)[C@@H]4CCCCO4)cnn23)c1,10.3,0.4315678062639944,0.7561827044470761,0.4065934065934066
O=C1OC(F)(F)c2ccc(cc2)-c2ccnc3c1cnn23,7.2,0.5963393838009267,0.6139988742920813,0.264367816091954
CCN(CC)CCNC(=O)c1cnn2c(-c3cccc(NC(=O)Nc4cccc(C(F)(F)C5CCC5)c4)c3)ccnc12,6.8,0.203473637223721,0.7872440112290021,0.7023809523809523
O=Cc1cnn2c(-c3cccc(NC(=O)Nc4ccc(Cl)c(C(F)(F)F)c4)c3)ccnc12,10.8,0.3929297339865945,0.8245124559731009,0.6410256410256411
NC(=O)Nc1cccc(-c2ccnc3c(Cl)cnn23)c1,9.1,0.7592840246015721,0.8480575791895253,0.4615384615384615
Cc1cnn2c(-c3cccc(F)c3)ccnc12,9.0,0.6395193999968158,0.8625456806850802,0.325
NC(=O)Nc1ccccc1,6.3,0.5979442528752776,0.9656661021154191,0.141025641025641
CCN(CC)Cc1cccc(NC(N)=O)c1,7.4,0.7987885136530626,0.9070847847903564,0.2560975609756097
NF,1.9,0.3700742015408931,0.6644668124244267,0.0138888888888888
CN(C(=O)OC(F)(F)F)C1CC1,5.5,0.6191712900359868,0.826803587194001,0.1058823529411764
NC(=O)Nc1cccc(-c2ccnc3c(C(=O)OC4CCCCN4)cnn23)c1,9.6,0.5959408200770656,0.7553278803199464,0.3870967741935484
CCN(C)CCNC(=O)c1cnn2c(-c3cccc(NC(=O)Nc4ccc(Cl)c(C(F)(F)c5cccc(NC(N)=O)c5)c4)c3)ccnc12,10.4,0.1154188149192942,0.7692190715137391,0.7241379310344828
O=C1Nc2cccc(c2)-c2ccnc3c(cnn23)C(=O)NCCN(C2CCCN2)CC(=O)c2ccc(cc2C(F)(F)F)N1,8.0,0.2627781102543817,0.4611422922122974,0.2767857142857143
Cc1cccc(-c2ccnc3c(C)cnn23)c1,9.2,0.634454526790749,0.8663824153789579,0.3164556962025316
O=C(O)c1cnn2c(C(F)(F)F)ccnc12,7.1,0.8059257695238401,0.8330591139495692,0.3076923076923077
NC(=O)NF,3.4,0.3782657946727754,0.7555436995592574,0.08
CCN(CC)CF,3.8,0.4881935158322824,0.7871025074802306,0.1232876712328767
O=C(O)c1cnn2c(Cl)ccnc12,6.5,0.6950518158493402,0.8297391730759424,0.2857142857142857
Cc1cnn2c(-c3cccc(N)c3)ccnc12,7.8,0.6450529197508142,0.8505246445783299,0.3086419753086419
CNC(=O)c1cnn2c(-c3cccc(NC(=O)Nc4ccc(Cl)c(C(F)(F)F)c4)c3)ccnc12,10.2,0.3730573673421209,0.8331626406529532,0.7567567567567568
NC(=O)Nc1cccc(N)c1,6.3,0.5176953618225747,0.9161620139156924,0.175
CCOCCc1cccc(NC(C)=O)c1,7.2,0.7517537673061303,0.92357434211092,0.1954022988505747
O=C(CC(F)(F)Cl)Nc1ccnc2c(C(=O)O)cnn12,8.1,0.8360768535756181,0.803072034130296,0.3176470588235294
Cc1cnn2c(-c3cccc(F)c3)ccnc12,9.0,0.6395193999968158,0.8625456806850802,0.325
O=CNc1cccc(-c2ccnc3c(C(F)(F)F)cnn23)c1,9.1,0.7567991232375818,0.8133505340649949,0.4375
COC(=O)c1cccc(-c2ccnc3c(C)cnn23)c1,9.0,0.6692913594085833,0.8642243808089586,0.3452380952380952
NC(=O)Nc1cccc(C(F)(F)F)c1,7.5,0.7233195284658265,0.9168159016590628,0.225
O=C(O)c1cnn2c(C(F)(F)F)ccnc12,7.2,0.8059257695238401,0.8330591139495692,0.3076923076923077
Nc1ccnc2c(C(=O)O)cnn12,6.1,0.6410439894347529,0.834420369657139,0.2531645569620253
CCN(CC)CF,3.8,0.4881935158322824,0.7871025074802306,0.1232876712328767
NNc1cccc(-c2ccnc3c(C(=O)Oc4cccc(-c5ccc(N)cc5)c4)cnn23)c1,10.2,0.1244025540565249,0.8338014757249953,0.3695652173913043
NC(=O)Nc1cccc(-c2ccnc3c(C(=O)OC(F)F)cnn23)c1,9.8,0.7032855153382086,0.8213721092892864,0.4352941176470588
NC(=O)Nc1cccc(-c2ccnc3c(C(=O)Oc4cnn5cccnc45)cnn23)c1,10.3,0.4291096508606812,0.8028262551552893,0.391304347826087
O=CNc1cccc(-c2ccnc3c(C(=O)O)cnn23)c1,8.9,0.7092934995654657,0.8412511361912974,0.425
NC(=O)Nc1cccc(-c2ccnc3c(C(=O)OC(=O)CCC=O)cnn23)c1,8.3,0.3740235445832855,0.8079414531679591,0.4065934065934066
CCN(CC)CF,3.9,0.4881935158322824,0.7871025074802306,0.1232876712328767
O=CNc1cccc(-c2ccnc3c(-c4ccnc5c(C(=O)O)cnn45)cnn23)c1,9.2,0.4344377467360918,0.7933065987791638,0.4
NC(=O)Nc1cccc(-c2ccnc3c(F)cnn23)c1,9.3,0.7473595699934025,0.8467898329007265,0.425
NC(=O)Nc1cccc(-c2ccnc3c(N)cnn23)c1,8.7,0.6529216547326478,0.8459147991625348,0.430379746835443
NC(=O)Nc1cccc(-c2ccnc3c(F)cnn23)c1,9.3,0.7473595699934025,0.8467898329007265,0.425
c1cc(-c2ccnc3ccnn23)cc(C2CCCONC2)c1,10.3,0.7893869570898743,0.737928609775311,0.1958762886597938
CNC(=O)c1cnn2c(-c3cccc(NC(=O)Nc4ccc(Cl)c(C(F)(F)C(=O)Nc5cccc(-c6ccnc7c(C)cnn67)c5)c4)c3)ccnc12,11.4,0.1343408819388662,0.742092731045516,0.6235294117647059
NC(=O)Nc1cccc(-c2ccnc3c(C(=O)ONF)cnn23)c1,9.4,0.49098772711416,0.7998448719548547,0.4512195121951219
CCN(CC)CCNC(=O)c1cnn2c(-c3cccc(N4CCN(C(F)(F)c5cc(NC(N)=O)ccc5Cl)CC4)c3)ccnc12,7.8,0.206780673608491,0.7618032952605485,0.6888888888888889
Nc1ccnc2c(C(=O)OC(F)F)cnn12,7.3,0.7644021801645355,0.7895005190560906,0.2441860465116279
Cc1cnn2c(-c3cccc(F)c3)ccnc12,9.0,0.6395193999968158,0.8625456806850802,0.325
CCN(CCNC(=O)c1cnn2c(-c3cccc(NC(=O)Nc4ccc(Cl)c(C(F)(F)OC(=O)c5cnn6c(-c7cccc(N)c7)ccnc56)c4)c3)ccnc12)CN1CCCNCC1,8.3,0.0613068674487552,0.6831295307551901,0.6534653465346535
CCN(CC)CC(=O)Nc1cccc(-c2ccnc3c(CF)cnn23)c1,9.2,0.7071790147129152,0.8258386268348299,0.4939759036144578
O=CNc1cccc(-c2ccnc3c(C(=O)OC(F)C(=O)Nc4cccc(-c5ccnc6c(C(=O)O)cnn56)c4)cnn23)c1,12.1,0.1655564267725399,0.7077779156510159,0.4021739130434782
Cc1cccc(NC(N)=O)c1,7.0,0.6256042466747037,0.9440338087874872,0.1875
NC(=O)Nc1cccc(N)c1,6.1,0.5176953618225747,0.9161620139156924,0.175
O=Cc1cnn2c(-c3cccc(NC(=O)C(=O)Nc4cccc(-c5ccnc6c(C(=O)O)cnn56)c4)c3)ccnc12,10.7,0.2093878585509806,0.7861448449188213,0.4285714285714285
O=C1Nc2cccc(c2)-c2ccnc3c(cnn23)N2CCN1CC2,7.5,0.6884652654299226,0.5997544553262535,0.2808988764044944
CCN(CC)CCNC(=O)c1cnn2c(N3CCN(C(N)=O)CC3)ccnc12,7.7,0.6905932010408801,0.8176253869556904,0.4470588235294118
NC(=O)Nc1cccc(NC(N)=O)c1,7.2,0.554340978615774,0.9162115138704642,0.1842105263157894
CCN(CC)CCNC(=O)c1cnn2c(-c3cccc(NC(=O)Nc4ccc(F)c(C(F)F)c4)c3)ccnc12,9.1,0.2574715431074591,0.8038769308711989,0.725
O=C(Oc1ncccn1)c1cnn2c(-c3ccccc3)ccnc12,9.4,0.5396475378320603,0.8409651765880839,0.3253012048192771
NC(=O)c1ccnc2c(C(=O)O)cnn12,6.6,0.6892994940592124,0.8376653007457813,0.2469135802469135
NNc1cccc(-c2ccnc3c(C(F)F)cnn23)c1,9.2,0.5692542220874236,0.8114478625903351,0.3493975903614458
O=Cc1cnn2c(-c3cccc(NC(=O)Cl)c3)ccnc12,8.6,0.4581467893322147,0.8122239567041178,0.4146341463414634
NC(=O)Nc1cnn2c(-c3cccc(NC(=O)c4ccccc4)c3)ccnc12,10.2,0.5103660509583218,0.8652667780384315,0.4
NC(=O)Nc1cccc(C(=O)c2cnn3c(-c4cccc(NC(N)=O)c4)ccnc23)c1,10.5,0.3684054041051378,0.8401649148289488,0.4390243902439024
NC(=O)NF,3.4,0.3782657946727754,0.7555436995592574,0.08
NC(=O)Nc1cccc(C(=O)Nc2cccc(-c3ccnc4c(C(F)F)cnn34)c2)c1,10.6,0.4495894864595425,0.8312715581855922,0.3932584269662921
NC(=O)Nc1cccc(OC(F)F)c1,7.0,0.7840653503143031,0.9025673843158084,0.1764705882352941
CCN(CC)CCNC(=O)c1cnn2c(-c3cccc(NC(=O)Nc4ccc(C(=O)Nc5cccc(-c6ccnc7c(C(=O)O)cnn67)c5)c(C(F)F)c4)c3)ccnc12,7.6,0.0787571576193223,0.7291182598414419,0.6987951807228916
FC(c1cnn2c(-c3ccccc3)ccnc12)C1CCC1,9.1,0.719662660685389,0.7801996740588817,0.247191011235955
FC(F)(F)F,3.5,0.3931671530217094,0.879023273436574,0.0422535211267605
Cc1cnn2c(-c3cccc(C(=O)CCNc4cccc(C(N)=O)c4)c3)ccnc12,10.3,0.4632500346888902,0.836066451142785,0.3695652173913043
NC(=O)Nc1cccc(C(F)(F)F)c1,7.6,0.7233195284658265,0.9168159016590628,0.225
NC(=O)Nc1cccc(-c2ccnc3c(F)cnn23)c1,9.3,0.7473595699934025,0.8467898329007265,0.425
NC(=O)c1cnn2c(-c3cccc(NC(=O)CC(F)F)c3)ccnc12,9.4,0.7389073379194789,0.8266743070914843,0.4523809523809524
O=C(Nc1cccc(-c2ccnc3ccnn23)c1)N1CCC(C(O)C(F)F)CC1,9.3,0.7030402888465206,0.7565560432660497,0.3125
NC(=O)Nc1cccc(C(=O)Nc2cccc(-c3ccnc4c(C(F)c5cccc(F)c5)cnn34)c2)c1,10.7,0.293272404735353,0.7622713738580215,0.3608247422680412
O=C(Nc1cccc(-c2ccnc3ccnn23)c1)N1CCCCCC1,10.4,0.7745383395908879,0.8605408767380539,0.3181818181818182
NC(=O)Nc1cccc(-c2ccnc3c(C(=O)OC(F)(F)CC(=O)O)cnn23)c1,10.0,0.5317821298489183,0.7992102223950776,0.4545454545454545
CC(F)F,3.1,0.3991545211934837,0.8289720119309083,0.027027027027027
NC(=O)Nc1cccc(F)c1,6.5,0.6292010869939672,0.9377563728900512,0.1875
CCN(CC)Cc1ccnc2c(C)cnn12,6.7,0.7853190261600718,0.8131886309442025,0.2560975609756097
O=CNc1cccc(-c2ccnc3c(C(=O)F)cnn23)c1,8.8,0.5875101361509792,0.8120026746528358,0.4320987654320987
Cc1cnn2c(-c3cccc(NC(N)=O)c3)ccnc12,9.4,0.7459412360353671,0.8532583889061246,0.425
O=C1ON2CC(C2)c2cccc(c2)-c2ccnc3c1cnn23,7.0,0.6329323165442958,0.582095358031732,0.2777777777777778
COC(=O)Nc1cccc(-c2ccnc3c(CC(F)OO)cnn23)c1,9.2,0.54443390696767,0.7444042102504382,0.4204545454545454
NC(=O)NF,3.4,0.3782657946727754,0.7555436995592574,0.08
NC(=O)Nc1cccc(F)c1,6.5,0.6292010869939672,0.9377563728900512,0.1875
CN,1.9,0.3846582089034356,0.7782360431936574,0.0138888888888888
NC(=O)Nc1cccc(F)c1,6.6,0.6292010869939672,0.9377563728900512,0.1875
NC(=O)Nc1cccc(-c2ccnc3c(OC(=O)c4cnn5c(-c6cccc(NC(N)=O)c6)ccnc45)cnn23)c1,11.4,0.22728597433606,0.7807031239279478,0.4235294117647059
NNC(N)=O,3.4,0.1864692943283258,0.8467562869718446,0.0526315789473684
FC(F)Cl,3.1,0.391551672656957,0.7795777811616775,0.027027027027027
CCNCCNC(=O)c1cnn2c(-c3cccc(NC(=O)Nc4ccc(Cl)c(C5(F)OC(F)C56CCN(F)CC6)c4)c3)ccnc12,8.3,0.1395690766497394,0.5850579908016764,0.5555555555555556
NC(=O)c1cnn2c(-c3cccc(C(=O)Nc4cccc(-c5ccnc6c(C(=O)OC(F)(F)F)cnn56)c4)c3)ccnc12,12.8,0.2757454552211784,0.7793102171091483,0.449438202247191
NC(=O)F,2.9,0.3126568300612963,0.8581316273155236,0.054054054054054
Nc1cccc(-c2ccnc3c(C(=O)O)cnn23)c1,8.6,0.6783893239220515,0.8604301743662217,0.379746835443038
NC(=O)Nc1cccc(-c2cccc(NC(N)=O)c2)c1,9.8,0.6859833039145984,0.9112697345779966,0.2236842105263158
O=C(OC(F)(F)C1CCCC1)c1cnn2c(-c3ccccc3)ccnc12,10.0,0.6520998261627377,0.8234283815125847,0.3370786516853932
NF,1.9,0.3700742015408931,0.6644668124244267,0.0138888888888888
CCN(C)CC(=O)Nc1cccc(-c2ccnc3c(C(=O)O)cnn23)c1,8.8,0.7028836454371683,0.849551365706473,0.5
O=C(O)c1cnn2c(F)ccnc12,6.7,0.6526743864963072,0.8113028482896176,0.2692307692307692
NC(=O)Nc1cccc(-c2ccnc3c(-c4cccc(NC=O)c4)cnn23)c1,10.1,0.4669360162541101,0.8333421816471684,0.3793103448275862
CC(=O)c1cnn2c(-c3ccccc3)ccnc12,9.3,0.6434927268775117,0.8809674181507996,0.3636363636363636
CN,1.8,0.3846582089034356,0.7782360431936574,0.0138888888888888
NC(=O)Nc1cccc(-c2ccnc3c(C(=O)OC(F)NC(N)=O)cnn23)c1,10.0,0.288928814399117,0.7518478014244828,0.4204545454545454
CC(F)(F)OC(=O)c1cnn2c(-c3ccccc3)ccnc12,9.3,0.6973870872513157,0.8367629410128858,0.3780487804878049
Cc1cnn2c(-c3cccc(NC(N)=O)c3)ccnc12,9.4,0.7459412360353671,0.8532583889061246,0.425
NC(=O)Nc1cccc(-c2cccc(NC(N)=O)c2)c1,9.8,0.6859833039145984,0.9112697345779966,0.2236842105263158
O=C(OC(F)F)c1cnn2c(-c3cccc(-c4ccnc5c(C(=O)OC(F)c6ccc7ccccc7c6)cnn45)c3)ccnc12,11.2,0.1895269170219935,0.7008817136697892,0.3297872340425531
NC(=O)NNC(=O)c1cnn2c(-c3cccc(C(=O)Nc4cccc(O)c4)c3)ccnc12,10.8,0.3085186943814266,0.8368877673284122,0.425287356321839
NC(=O)Nc1cccc(-c2ccnc3c(C(=O)Nc4cccc(-c5ccnc6ccnn56)c4)cnn23)c1,9.4,0.3354428855109609,0.8086239862103469,0.4523809523809524
O=C(O)c1cnn2c(C(=O)NC(=O)C(F)(F)F)ccnc12,8.6,0.8214820427418441,0.8122242131143744,0.2976190476190476
NC(=O)F,2.9,0.3126568300612963,0.8581316273155236,0.054054054054054
Nc1cccc(-c2ccnc3c(C(=O)N4CCC(F)CC4)cnn23)c1,9.9,0.7281063712769592,0.8309034951256723,0.348314606741573
O=C(Nc1cccc(-c2ccnc3c(C(F)F)cnn23)c1)C1CCC1,9.9,0.7773287443922212,0.8346556288682988,0.3820224719101123
FC(F)(F)F,3.5,0.3931671530217094,0.879023273436574,0.0422535211267605
Cc1cnn2c(-c3cccc(NC(N)=O)c3)ccnc12,9.3,0.7459412360353671,0.8532583889061246,0.425
Cc1cnn2c(-c3cccc(-c4ccnc5c(C(=O)O)cnn45)c3)ccnc12,10.6,0.5239879968171919,0.8153936536319739,0.3924050632911392
CCN(CC)CN,3.8,0.5172764442676506,0.8101221655998887,0.0933333333333333
CCNCCNC(=O)c1cnn2c(-c3cccc(NC(=O)Nc4ccc(CCc5ccc(C(F)(F)F)c(C(F)(F)F)c5)cc4)c3)ccnc12,10.1,0.0869487271404385,0.7784624373867997,0.632183908045977
CCOc1cnn2c(-c3cccc(NC(N)=O)c3)ccnc12,8.8,0.7720572727031068,0.8461889798486022,0.4337349397590361
Cc1cccc(NC(N)=O)c1,7.0,0.6256042466747037,0.9440338087874872,0.1875
NC(=O)Nc1cccc(C(F)F)c1,7.3,0.7296951313850352,0.8885137762505456,0.180722891566265
FC(F)OCl,3.4,0.4860490749583523,0.7066569862725439,0.0259740259740259
CCN(C)CCNC(=O)c1cnn2c(-c3cccc(NC(=O)Nc4ccc(Cl)c(C(F)(F)c5ccccc5)c4)c3)ccnc12,9.3,0.1656528761703153,0.79034776895219,0.7590361445783133
NC(=O)Nc1cccc(F)c1,6.7,0.6292010869939672,0.9377563728900512,0.1875
O=CNc1cccc(-c2ccnc3c(C(=O)OC(F)(F)C4CC4)cnn23)c1,10.1,0.5307653520360995,0.7911590361790412,0.4065934065934066
NC(=O)Nc1cccc(-c2ccnc3c(C=O)cnn23)c1,8.9,0.7130023734517174,0.8369188284989897,0.3975903614457831
NC(F)OC(=O)c1cnn2c(-c3ccccc3)ccnc12,9.0,0.4504926062830865,0.7860513932686336,0.3294117647058823
CCC(=O)c1ccnc2c(C(F)F)cnn12,7.0,0.7525183312332595,0.7864159036714751,0.2470588235294117
NC(=O)Nc1cccc(-c2ccnc3c(C(=O)OC(F)(F)c4cccc(NC=O)c4)cnn23)c1,10.4,0.2817798178422164,0.7881447290470152,0.4193548387096774
NC(=O)Nc1cccc(-c2ccnc3c(C(=O)OCF)cnn23)c1,9.2,0.7107964150543353,0.8265656864344927,0.4523809523809524
O=COC(F)C(F)(F)F,4.7,0.4289917984738198,0.6729049384811787,0.0481927710843373
NF,1.9,0.3700742015408931,0.6644668124244267,0.0138888888888888
NC(=O)Nc1cccc(-c2ccnc3c(-c4ccc(N)cc4C(F)(F)F)cnn23)c1,10.8,0.4389098990057496,0.822001420049847,0.4482758620689655
CNC(=O)c1cnn2c(-c3cccc(NC(=O)Nc4ccc(Cl)c(C(F)(F)N5CCNC5)c4)c3)ccnc12,11.1,0.2751390997750981,0.7723615307447688,0.6022727272727273
CCN(CC)CC(N)=O,3.7,0.573200456450814,0.881131261924771,0.1298701298701298
Nc1cccc(-c2ccnc3c(C(=O)O)cnn23)c1,8.6,0.6783893239220515,0.8604301743662217,0.379746835443038
CCC(F)(C(=O)Nc1cccc(-c2ccnc3c(C)cnn23)c1)c1cc(NC(=O)Nc2cccc(-c3ccnc4c(C(=O)NCCNN)cnn34)c2)ccc1Cl,9.9,0.0481393958712093,0.665918139927856,0.6629213483146067
NC(=O)Nc1cccc(OC(=O)c2cnn3c(-c4ccccc4)ccnc23)c1,9.5,0.4216388438711079,0.8611085634135505,0.3863636363636363
Cc1cnn2c(F)ccnc12,6.2,0.5289895313685672,0.7807503348420778,0.2
Cc1cnn2c(-c3cccc(NC(=O)OC(F)C4CCNCC4)c3)ccnc12,9.7,0.7202015759142397,0.7396232269486264,0.3684210526315789
CCl,1.6,0.3573626606013345,0.7727334790910932,0.0428571428571428
Cc1cnn2c(-c3cccc(Cl)c3)ccnc12,8.1,0.6561114973969406,0.8641083180477176,0.3417721518987341
NC(=O)F,2.9,0.3126568300612963,0.8581316273155236,0.054054054054054
Cc1cccc(-c2ccnc3c(C)cnn23)c1,9.2,0.634454526790749,0.8663824153789579,0.3164556962025316
O=C(c1ccccc1)c1cnn2c(C(=O)Nc3cccc(-c4ccnc5c(C(=O)O)cnn45)c3)ccnc12,10.8,0.3280910432398246,0.8119784900817282,0.4302325581395348
NC(=O)Nc1cccc(-c2ccnc3c(CF)cnn23)c1,9.0,0.7742277748925771,0.8290293413195025,0.4268292682926829
NC(=O)C(=O)c1cnn2c(-c3cccc(NC(=O)CC(c4cccc(N)c4)C4CC4)c3)ccnc12,10.3,0.2056783633648125,0.7480720667285607,0.3737373737373737
CC,2.0,0.3727855551576051,0.805825786783401,0.0140845070422535
Nc1cccc(-c2ccnc3c(C(=O)O)cnn23)c1,8.6,0.6783893239220515,0.8604301743662217,0.379746835443038
CC(=O)C(=O)c1cnn2c(-c3cccc(NC(=O)C=O)c3)ccnc12,9.6,0.4270964359321677,0.8143211202782974,0.4634146341463415
NC(N)=O,2.8,0.3705073514035382,0.8964547042386004,0.0410958904109589
Cc1cnn2c(-c3ccnc4c(C(=O)O)cnn34)ccnc12,8.5,0.6005457368914128,0.797189956649579,0.3037974683544304
FC(F)(F)Cc1ccccc1,6.7,0.5921322148193361,0.927384065197744,0.1012658227848101
Cc1cnn2c(C(=O)NNC(=O)c3cccc(NC(N)=O)c3)ccnc12,8.8,0.509889209790977,0.8377408282986755,0.2934782608695652
FF,1.9,0.3741821364263268,0.6703027098603241,0.0140845070422535
CN,1.8,0.3846582089034356,0.7782360431936574,0.0138888888888888
CCN(CC)CCNC(=O)c1cnn2c(-c3cccc(NC(=O)Nc4cccc(C(F)(F)c5ccccc5)c4)c3)ccnc12,9.7,0.1670135162691686,0.7977521274381485,0.7468354430379747
NC(=O)Nc1cccc(C(F)(F)F)c1,7.5,0.7233195284658265,0.9168159016590628,0.225
Cc1cnn2c(-c3cccc(NC(=O)C(=O)Nc4ccccc4)c3)ccnc12,10.2,0.5410805998326222,0.8629752300802169,0.419753086419753
Cc1cnn2c(F)ccnc12,6.2,0.5289895313685672,0.7807503348420778,0.2
NC(=O)c1cnn2c(-c3cccc(NC(=O)c4cccc(CC(=O)Nc5cccc(-c6ccnc7c(C(=O)O)cnn67)c5)c4)c3)ccnc12,9.6,0.1753430400449065,0.7835768020538934,0.4130434782608695
NC(=O)Nc1cccc(-c2ccnc3ccnn23)c1,8.9,0.7308370139932044,0.8591610575571048,0.3414634146341463
NN,2.3,0.2606589485634476,0.6586309149885291,0.0
Cc1cnn2c(Cl)ccnc12,5.7,0.5593452140557544,0.8021602604003907,0.2151898734177215
Cc1cnn2c(NC(N)=O)ccnc12,6.6,0.6888965738729248,0.8176980808797032,0.238095238095238
O=C(OC(F)F)c1cnn2c(-c3ccccc3)ccnc12,8.6,0.6956523773458584,0.8432542131143743,0.3373493975903614
NC(=O)NF,3.4,0.3782657946727754,0.7555436995592574,0.08
NC(=O)Nc1cccc(-c2cccc(NC(N)=O)c2)c1,9.8,0.6859833039145984,0.9112697345779966,0.2236842105263158
CCN(C)CCNC(=O)c1cnn2c(-c3cccc(NC(=O)Nc4ccc(-c5cccc(NC(N)=O)c5)c(C(F)(F)F)c4)c3)ccnc12,10.4,0.1256436837979213,0.7819947980094657,0.7058823529411765
NC(=O)Nc1cccc(-c2ccnc3c(C(=O)OC(F)CF)cnn23)c1,9.5,0.6774907101833747,0.7530814190605919,0.4482758620689655
CCN(CC)CCNC(=O)c1cnn2c(-c3cccc(NC(=O)Nc4ccc(Cl)c(C(F)(F)C(F)OC(=O)c5cnn6c(-c7cccc(NC(N)=O)c7)ccnc56)c4)c3)ccnc12,7.4,0.0652553846671691,0.6489217427325352,0.7701149425287356
Cc1cnn2c(-c3cccc(N)c3)ccnc12,8.5,0.6450529197508142,0.8505246445783299,0.3086419753086419
NC(=O)NC(F)(F)F,4.5,0.4488058433384297,0.7907599830914148,0.0897435897435897
NC(=O)NF,3.4,0.3782657946727754,0.7555436995592574,0.08
Cc1cnn2c(-c3cccc(NC(N)=O)c3)ccnc12,9.4,0.7459412360353671,0.8532583889061246,0.425
NC(=O)Nc1cccc(-c2ccnc3c(N)cnn23)c1,8.8,0.6529216547326478,0.8459147991625348,0.430379746835443
O=C(NC(=O)c1ccnc2c(C(=O)OC(F)F)cnn12)c1ccccc1,9.1,0.560920466160812,0.8261665395737017,0.2580645161290322
NC(=O)Nc1cccc(-c2ccnc3c(C(=O)OC(F)c4ccnc5ccnn45)cnn23)c1,10.5,0.3953789847306332,0.7256840320600912,0.3894736842105263
Cc1cnn2c(NC(N)=O)ccnc12,6.5,0.6888965738729248,0.8176980808797032,0.238095238095238
CCNCCNC(=O)c1cnn2c(-c3cccc(NC(=O)Nc4ccc(-c5cccc(-c6ccnc7c(C)cnn67)c5)c(C(F)(F)C5CC5)c4)c3)ccnc12,10.0,0.0947460437875099,0.7265862458697825,0.5684210526315789
CNC(=O)CC(F)F,4.3,0.5649306486410963,0.7932094162897952,0.0864197530864197
CCN(CC)CCNC(=O)c1cnn2c(-c3cccc(NC(N)=O)c3)ccnc12,8.6,0.5388526706818606,0.8390885338397305,0.7066666666666667
Cc1cnn2c(-c3cccc(Nc4ccccc4)c3)ccnc12,10.0,0.6076192636647044,0.8723975415649989,0.3580246913580246
CCN(CC)CCNC(=O)c1cnn2c(-c3cccc(NC(=O)Nc4ccc(Cl)c(C(F)F)c4)c3)ccnc12,9.7,0.2327096086313521,0.8040675602418281,0.7948717948717948
NC(=O)Nc1ccnc2c(C(F)F)cnn12,6.9,0.8066014340295752,0.7869361833917549,0.2298850574712643
NC(=O)Nc1cccc(-c2ccnc3c(C(=O)OCNC(=O)c4cnn5c(-c6cccc(N)c6)ccnc45)cnn23)c1,10.3,0.1283646776854451,0.7739890864746122,0.4606741573033708
O=C(CC(F)F)Nc1cccc(F)c1,7.6,0.802527002127589,0.8830690037490067,0.1904761904761904
NC(=O)Nc1cccc(-c2ccnc3c(N)cnn23)c1,8.7,0.6529216547326478,0.8459147991625348,0.430379746835443
O=C(Nc1cccc(-c2ccnc3c(C(=O)OC(F)c4ccccc4)cnn23)c1)OC(F)F,9.9,0.4108781566484035,0.7494107010238262,0.4065934065934066
NC(=O)Nc1cccc(NC(N)=O)c1,7.2,0.554340978615774,0.9162115138704642,0.1842105263157894
NCCCCC(N)(F)OC(=O)c1cnn2c(-c3cccc(NC(N)=O)c3)ccnc12,9.4,0.188316978383754,0.7400715306070367,0.4347826086956521
NC(=O)Nc1cccc(-c2cccc(NC(N)=O)c2)c1,10.1,0.6859833039145984,0.9112697345779966,0.2236842105263158
Cc1cnn2c(-c3cccc(NC(N)=O)c3)ccnc12,9.4,0.7459412360353671,0.8532583889061246,0.425
NC(=O)Nc1ccccc1,6.3,0.5979442528752776,0.9656661021154191,0.141025641025641
Cc1cnn2c(-c3cccc(NC(N)=O)c3)ccnc12,9.4,0.7459412360353671,0.8532583889061246,0.425
O=C(Nc1ccc(Cl)cc1)Nc1cccc(-c2ccnc3c(C(=O)NCCl)cnn23)c1,9.8,0.3020841426536633,0.8389255752359576,0.6025641025641025
CCN(CN)CCCOc1ccnc2c(C)cnn12,6.4,0.5969892719979639,0.7768116558477032,0.2444444444444444
NC(F)OC(=O)c1cnn2c(-c3ccccc3)ccnc12,8.7,0.4504926062830865,0.7860513932686336,0.3294117647058823
CCN(CC)CCNC(=O)c1cnn2c(-c3cccc(NC(=O)Nc4ccc(CN(CC)CC)c(C(F)(F)F)c4)c3)ccnc12,8.7,0.1692559366156632,0.7872128748323325,0.8311688311688312
Cc1cnn2c(-c3cccc(-c4cnn5c(-c6ccccc6)ccnc45)c3)ccnc12,11.3,0.4140818141295459,0.8253165338620896,0.2976190476190476
NC(=O)C(=O)NC(=O)c1cnn2c(-c3cccc(N)c3)ccnc12,9.6,0.4363680153989163,0.8250495251594201,0.3928571428571428
NC(=O)Nc1ccccc1,6.3,0.5979442528752776,0.9656661021154191,0.141025641025641
NC(=O)Nc1cccc(-c2ccnc3c(N)cnn23)c1,8.7,0.6529216547326478,0.8459147991625348,0.430379746835443
O=C(CC(F)F)Nc1cccc(Cl)c1,7.7,0.8322057774224775,0.8848200158947557,0.216867469879518
NF,1.9,0.3700742015408931,0.6644668124244267,0.0138888888888888
Cc1cnn2c(C(N)=O)ccnc12,6.2,0.6710390832770573,0.8167938739306434,0.216867469879518
CC(F)CNC(=O)c1cnn2c(-c3cccc(NC(=O)C(N)=O)c3)ccnc12,10.0,0.5627430325493109,0.7706044089195518,0.5058823529411764
Cc1cnn2c(-c3cccc(NC(N)=O)c3)ccnc12,9.4,0.7459412360353671,0.8532583889061246,0.425
NC(=O)Nc1cccc(F)c1,6.6,0.6292010869939672,0.9377563728900512,0.1875
Nc1cccc(-c2ccnc3c(ONc4cccc(-c5ccnc6c(C(F)F)cnn56)c4)cnn23)c1,11.3,0.2521262889564343,0.749091065981489,0.3085106382978723
CCN(CC)CNC(N)=O,4.5,0.5449766026362186,0.8169477166547259,0.1538461538461538
CC[C@@H]([NH3+])c1ccccc1,6.4,0.6358398915024988,0.7542653335517299,0.0853658536585365
[N-]=CCCC(F)c1ccnc2c(C(=O)OC(F)F)cnn12,7.9,0.6062316413995767,0.6529808716063878,0.231578947368421
Cc1cccc(NC(N)=O)c1,6.9,0.6256042466747037,0.9440338087874872,0.1875
Cc1cnn2c(-c3cccc(C4CC4)c3)ccnc12,9.3,0.6945265018522307,0.8521742044102518,0.2941176470588235
C=Cc1cnn2c(-c3cccc(NC(=O)F)c3)ccnc12,9.1,0.5901311579741492,0.8025637002938615,0.4096385542168674
CCN(CC)CN,3.8,0.5172764442676506,0.8101221655998887,0.0933333333333333
O=C(Nc1cccc(-c2ccnc3ccnn23)c1)Nc1ccc(Cl)c(C(F)(F)F)c1,9.8,0.436008966914626,0.8432003814805731,0.5844155844155844
FC(F)(F)F,3.5,0.3931671530217094,0.879023273436574,0.0422535211267605
NC(=O)Nc1cccc(C(=O)Nc2cccc(-c3ccnc4c(C=O)cnn34)c2)c1,10.0,0.4432800662591603,0.8417127838798153,0.3820224719101123
NF,1.9,0.3700742015408931,0.6644668124244267,0.0138888888888888
CCN(C)CCNC(=O)c1cnn2c(-c3cccc(NC(=O)Nc4ccc(Cl)c(C(F)(F)C(=O)c5cnn6c(-c7cccc(NC(N)=O)c7)ccnc56)c4)c3)ccnc12,9.0,0.079899555506985,0.712466495787133,0.7325581395348837
Cc1cnn2c(-c3cccc(NC(N)=O)c3)ccnc12,9.4,0.7459412360353671,0.8532583889061246,0.425
CCN(CC)CCNC(=O)c1cnn2c(-c3cccc(N)c3)ccnc12,8.1,0.635468716397502,0.8429328056290087,0.631578947368421
Cc1cnn2c(-c3cccc(N)c3)ccnc12,8.6,0.6450529197508142,0.8505246445783299,0.3086419753086419
CCN(CC)CCNC(=O)c1cnn2c(-c3cccc(NC(=O)Nc4ccc(Cl)c(C(F)(F)CNC(=O)c5cnn6c(-c7cccc(NC(=O)Nc8ccc(Cl)c(C(F)(F)F)c8)c7)ccnc56)c4)c3)ccnc12,6.9,0.0509023352601429,0.6720725529386181,0.9210526315789472
NOC(F)F,3.6,0.4560820357235114,0.7466625806781385,0.0128205128205128
CCNCCNC(=O)c1cnn2c(-c3cccc(NC(=O)Nc4ccc(Cl)c(C(F)(F)c5ccc(F)cc5)c4)c3)ccnc12,7.9,0.1365559978515767,0.7898383535675746,0.686046511627907
CCNC(=O)c1cnn2c(-c3cccc(NC(=O)Nc4ccc5c(c4)C(F)(CN(CC)CC)C4CCN5CC4)c3)ccnc12,8.7,0.2341185595663686,0.6340098105293096,0.5473684210526316
CN,1.9,0.3846582089034356,0.7782360431936574,0.0138888888888888
NC(=O)Nc1cccc(OC(F)F)c1,7.0,0.7840653503143031,0.9025673843158084,0.1764705882352941
O=C(c1ccccc1)c1cnn2c(-c3cccc(NC(=O)c4ccnc5ccnn45)c3)ccnc12,11.9,0.3917745308153603,0.8189360111131931,0.4157303370786517
NC(=O)c1ccnc2c(C(F)F)cnn12,6.9,0.7983119400773497,0.7847613607833046,0.2093023255813953
NC(=O)Nc1cccc(N)c1,6.3,0.5176953618225747,0.9161620139156924,0.175
Nc1ccnc2c(C(F)F)cnn12,6.7,0.7250924198628067,0.7741686602554297,0.1785714285714285
O=Cc1cnn2c(-c3cccc(NC(=O)Nc4ccc(Cl)c(C(F)(F)F)c4)c3)ccnc12,10.7,0.3929297339865945,0.8245124559731009,0.6410256410256411
O=C1CCCN1Nc1cccc(-c2ccnc3c(C(F)F)cnn23)c1,9.9,0.7896045809606073,0.7794199481171251,0.3225806451612903
NC(=O)N1CCN(c2ccnc3c(C(=O)OC(F)F)cnn23)CC1,8.3,0.8062142121631136,0.7939494103488575,0.2234042553191489
O=Cc1cccc(-c2ccnc3c(C(=O)OC(F)F)cnn23)c1,9.4,0.5460507016620311,0.8123248509976475,0.3522727272727273
NC(=O)Nc1cccc(-c2ccnc3c(C(=O)OCF)cnn23)c1,9.2,0.7107964150543353,0.8265656864344927,0.4523809523809524
O=C(OC(F)F)c1cnn2c(F)ccnc12,7.3,0.5760982255386695,0.7705861833917549,0.2470588235294117
Cc1cnn2c(-c3cccc(OC(F)F)c3)ccnc12,8.9,0.7358548169274594,0.8436786318211043,0.3176470588235294
FC(F)(F)Cl,3.6,0.4108541983874054,0.8257337694893272,0.0555555555555555
NC(=O)CCCNC(=O)c1cnn2c(-c3cccc(NC(N)=O)c3)ccnc12,9.1,0.4467251651844048,0.843901141580812,0.5308641975308642
Cc1cnn2c(-c3cccc(-c4cccc(-c5c[nH]c6ccc(N)cc56)c4)c3)ccnc12,12.4,0.3429797286947128,0.8249006501902314,0.2604166666666667
Cc1cnn2c(N)ccnc12,6.0,0.5954370615348293,0.8075964886882316,0.1851851851851851
FC(F)(F)F,3.5,0.3931671530217094,0.879023273436574,0.0422535211267605
NCCC(=O)c1cccc(-c2ccnc3c(C(=O)Nc4cnn5c(O)ccnc45)cnn23)c1,8.2,0.3372644145972444,0.7851349625671004,0.3804347826086957
NC(=O)Nc1cccc(-c2ccnc3c(N)cnn23)c1,8.8,0.6529216547326478,0.8459147991625348,0.430379746835443
CNC(N)=O,3.0,0.3913317291408433,0.8756877555033132,0.0657894736842105
CC(F)(F)F,3.7,0.4175407165966272,0.8607737694893272,0.0555555555555555
COCCc1cnn2c(-c3cccc(NC(N)=O)c3)ccnc12,8.8,0.7538973164177399,0.839569939755044,0.4186046511627907
NC(=O)c1cnn2c(-c3cccc(-n4cncn4)c3)ccnc12,9.6,0.6095414355296698,0.8343824541063645,0.3563218390804598
Cc1cnn2c(CCOc3cccc(NC(N)=O)c3)ccnc12,8.4,0.75452443354474,0.833469939755044,0.2872340425531915
Cc1cnn2c(-c3cccc(Nc4ccc(NC=O)cc4)c3)ccnc12,10.0,0.5370495572069385,0.8391034260469977,0.3604651162790697
CCNCCNC(=O)c1cnn2c(-c3cccc(N)c3)ccnc12,8.4,0.4691751543614685,0.845325526424,0.4878048780487805
Cc1cnn2c(CNC(=O)c3cnn4c(-c5cccc(NC(=O)Nc6ccc(Cl)c(C(F)F)c6)c5)ccnc34)ccnc12,9.9,0.2084248139505635,0.7660873923928809,0.5666666666666667
Cc1cnn2c(-c3cccc(N)c3)ccnc12,8.5,0.6450529197508142,0.8505246445783299,0.3086419753086419
Cc1cnn2c(-c3cccc(NC(=O)F)c3)ccnc12,9.4,0.5742897591917396,0.8268581190005916,0.4430379746835443
O=C(CC(F)F)Nc1cccc(F)c1,7.6,0.802527002127589,0.8830690037490067,0.1904761904761904
CCNCCNC(=O)c1cnn2c(-c3cccc(NC(=O)Nc4ccc(N)c(C(F)(F)F)c4)c3)ccnc12,10.1,0.1739373651722419,0.8106744524371299,0.6829268292682927
CC(F)OC(=O)c1cnn2c(-c3cccc(NC(=O)OC(=O)c4cnn5c(-c6cccc(NC(N)=O)c6)ccnc45)c3)ccnc12,10.1,0.1686052191236346,0.7021978432600154,0.4130434782608695
NC(=O)Nc1cccc(C(=O)Nc2cccc(-c3ccnc4ccnn34)c2)c1,10.4,0.5103660509583218,0.8615144513527715,0.3295454545454545
NC(=O)Nc1cccc(C(N)=O)c1,6.9,0.6070201595366016,0.928265424602194,0.1728395061728395
NC(=O)Nc1cccc(-c2ccnc3c(C=O)cnn23)c1,9.0,0.7130023734517174,0.8369188284989897,0.3975903614457831
Cc1cnn2c(N)ccnc12,5.8,0.5954370615348293,0.8075964886882316,0.1851851851851851
NC(N)=O,2.9,0.3705073514035382,0.8964547042386004,0.0410958904109589
Cc1cnn2c(-c3cccc(CNC(=O)c4cnn5cccnc45)c3)ccnc12,10.7,0.5153552285519531,0.8215852450195119,0.4
Cc1cnn2c(C)ccnc12,5.7,0.5626281074629381,0.8363314762812839,0.189873417721519
Cc1cnn2c(-c3cccc(NC(N)=O)c3)ccnc12,9.4,0.7459412360353671,0.8532583889061246,0.425
Cc1cnn2c(-c3cccc(N)c3)ccnc12,7.7,0.6450529197508142,0.8505246445783299,0.3086419753086419
Cc1cnn2c(-c3cccc(NC(N)=O)c3)ccnc12,9.4,0.7459412360353671,0.8532583889061246,0.425
NC(=O)c1cnn2c(C(=O)C(=O)Nc3ccccc3)ccnc12,8.3,0.5413916530746414,0.8540053243704286,0.2873563218390804
CN(C)c1ccc(C(=O)Nc2cccc(-c3ccnc4c(C(=O)OC(F)C(=O)Nc5ccccc5)cnn34)c2)cc1,10.0,0.2654912817342983,0.7646473408220861,0.4166666666666667
NC(=O)NF,3.4,0.3782657946727754,0.7555436995592574,0.08
Cc1cnn2c(Nc3cccc(-c4ccnc5c(C6CC6)cnn45)c3)ccnc12,10.8,0.5004659686803505,0.7948842495443988,0.3152173913043478
NN,2.3,0.2606589485634476,0.6586309149885291,0.0
CNC(=O)CCCc1cnn2c(-c3cccc(N)c3)ccnc12,8.3,0.7063453226627083,0.8344335761186805,0.3296703296703296
Cc1cnn2c(-c3cccc(NC(=O)c4ccccc4C(F)(F)F)c3)ccnc12,10.9,0.5316096389791524,0.849257201757179,0.5121951219512195
NC(=O)Nc1cccc(-c2ccnc3c(C=O)cnn23)c1,9.0,0.7130023734517174,0.8369188284989897,0.3975903614457831
NC(=O)Nc1cccc(N)c1,6.3,0.5176953618225747,0.9161620139156924,0.175
Nc1cccc(NC(=O)CC(F)F)c1,7.4,0.7314974602523793,0.866020825611355,0.188235294117647
CNC(=O)c1ccnc2c(C(=O)OC(F)F)cnn12,7.6,0.8191828854970971,0.7994186906931995,0.2727272727272727
Cc1cnn2c(-c3cccc(C(F)(F)F)c3)ccnc12,9.9,0.6782099708184095,0.852270284028546,0.3625
NC(=O)Nc1cccc(F)c1,6.6,0.6292010869939672,0.9377563728900512,0.1875
Nc1cccc(-c2ccnc3ccnn23)c1,8.1,0.6246452604716024,0.8562717733337277,0.2289156626506024
CC(F)N(C)CCNc1cccc(-c2ccnc3c(C(N)=O)cnn23)c1,8.9,0.633454029856549,0.7578550755410975,0.4597701149425287
NC(=O)c1cnn2c(N3CCCC3)ccnc12,7.2,0.8126554648650818,0.8382681296646722,0.2325581395348837
Cc1cnn2c(-c3cccc(NC(N)=O)c3)ccnc12,9.4,0.7459412360353671,0.8532583889061246,0.425
Cc1cnn2c(-c3cccc(CNN)c3)ccnc12,8.8,0.5500860554512728,0.8313252533613008,0.3176470588235294
NC(=O)Nc1cccc(-c2ccc(NC(=O)Nc3cccc(-c4ccnc5c(C=O)cnn45)c3)cc2C(F)(F)F)c1,10.5,0.1879267067536082,0.7993024248316031,0.5
NC(=O)Nc1cccc(F)c1,6.5,0.6292010869939672,0.9377563728900512,0.1875
CC(=O)Nc1ccccc1,6.6,0.6227994751052723,0.987491376840694,0.1558441558441558
CF,1.7,0.3673293108901918,0.703430914988529,0.028169014084507
Cc1cnn2c(-c3cccc(C(N)=O)c3)ccnc12,9.3,0.7554261533578389,0.8580418552779027,0.3373493975903614
NC(=O)Nc1cccc(-c2cnn3c(-c4cccc(C5(N)CC5)c4)ccnc23)c1,10.9,0.4998142598090565,0.8215536144247346,0.3666666666666666
CCN(CC)Cc1cccc(NC(N)=O)c1,7.4,0.7987885136530626,0.9070847847903564,0.2560975609756097
NC(=O)NC(F)F,4.2,0.453942789014043,0.7661543425732421,0.0625
Cc1cnn2c(C(N)=O)ccnc12,6.2,0.6710390832770573,0.8167938739306434,0.216867469879518
NCOC(=O)c1cnn2c(-c3cccc(NC(N)=O)c3)ccnc12,9.2,0.4820568392837136,0.8305177226335877,0.4404761904761904
Cc1cnn2c(C(=O)N3CCC3)ccnc12,7.2,0.7107704621742649,0.841018374533946,0.2045454545454545
NC(=O)Nc1cccc(-c2ccnc3c(C(=O)c4ccnc5c(C=O)cnn45)cnn23)c1,10.4,0.3221278029115779,0.7840820100422204,0.4
NC(=O)NC(F)CC(=O)C1CC1,5.6,0.6022150882508377,0.7342477565955722,0.0666666666666666
NC(=O)Nc1cccc(F)c1,6.5,0.6292010869939672,0.9377563728900512,0.1875
NC(=O)Nc1cccc(Nc2cccc(-c3ccnc4c(CF)cnn34)c2)c1,10.3,0.4883966171935021,0.8276548122264659,0.4069767441860465
CCCC(C)c1ccccc1,7.1,0.6141533219985217,0.8972638342684629,0.0843373493975903
Cc1cnn2c(F)ccnc12,6.2,0.5289895313685672,0.7807503348420778,0.2
NC(=O)Nc1cccc(C(F)F)c1,7.3,0.7296951313850352,0.8885137762505456,0.180722891566265
CC(=O)Nc1cccc(-c2ccnc3c(CO)cnn23)c1,9.2,0.7679937798408777,0.8504821618323231,0.4320987654320987
Cc1cnn2c(-c3ccnc4c(C)cnn34)ccnc12,8.2,0.5276969452077275,0.7853561877799672,0.2368421052631578
CCN(CC)CCNC(=O)c1cnn2c(-c3cccc(NC(=O)N4CCNCC4)c3)ccnc12,9.8,0.4701982090372313,0.8191267999523004,0.6463414634146342
Cc1cnn2c(C(F)CF)ccnc12,6.4,0.736784113327575,0.7064914937755798,0.1976744186046511
Nc1cccc(-c2ccnc3c(C(=O)c4ccc(C(O)(O)F)cc4)cnn23)c1,9.4,0.285185683257405,0.8182487559917175,0.375
O=CONc1cnn2c(-c3ccccc3)ccnc12,8.1,0.5685183521363947,0.8119542993153467,0.2674418604651162
Cc1cnn2c(C(=O)Nc3cccc(-c4ccnc5c(C(=O)OC(F)(F)c6ccccc6)cnn45)c3)ccnc12,11.6,0.2992614698718299,0.7764985067676642,0.4361702127659574
Cc1cnn2c(-c3cccc(NC(=O)c4cccc(NC(N)=O)c4)c3)ccnc12,10.6,0.4982113008276914,0.8554411028399337,0.4069767441860465
NC(=O)Nc1cccc(-c2ccnc3c(C(=O)OC(N)(F)F)cnn23)c1,10.3,0.365705616892698,0.8070633900595932,0.4642857142857143
NCN(NC(N)=O)c1ccnc2c(NC(N)=O)cnn12,7.6,0.3374413888994638,0.735683171141433,0.2307692307692307
Cc1cnn2c(-c3cccc(NC(N)=O)c3)ccnc12,9.4,0.7459412360353671,0.8532583889061246,0.425
Cc1cnn2c(-c3cccc(OC(=O)O)c3)ccnc12,8.7,0.5714559053367737,0.8441793065849369,0.3294117647058823
NC(=O)Nc1cccc(-c2ccnc3c(N4CCCCC4)cnn23)c1,10.4,0.7695490462244866,0.8424198076183546,0.3793103448275862
O=C(Nc1cccc(Cc2ccnc3c(C(F)F)cnn23)c1)N1CC[NH2+]CC1,9.5,0.714838694153338,0.7160042899092767,0.2673267326732673
NC(=O)Nc1cccc(F)c1,6.5,0.6292010869939672,0.9377563728900512,0.1875
NC(=O)c1cnn2c(-c3cccc(N)c3)ccnc12,8.5,0.6672207488021965,0.8558731943092417,0.375
NNc1cccc(-c2ccnc3c(C(F)F)cnn23)c1,9.1,0.5692542220874236,0.8114478625903351,0.3493975903614458
CNc1cccc(-c2ccnc3c(C)cnn23)c1,8.3,0.7460877065327408,0.8486342820561252,0.3670886075949367
Cc1cnn2c(-c3cccc(-c4cccc(-c5ccnc6c(C)cnn56)c4)c3)ccnc12,11.7,0.3880667806821647,0.8105846109103625,0.3246753246753247
CCN(CC)CCNC(=O)c1cnn2c(-c3cccc(NC(=O)C4CC4)c3)ccnc12,8.4,0.5554407792241108,0.8426862435002777,0.6708860759493671
CF,1.7,0.3673293108901918,0.703430914988529,0.028169014084507
NC(=O)Nc1cccc(-c2ccnc3c(C(=O)Nc4cccc(-c5ccnc6ccnn56)c4)cnn23)c1,10.2,0.3354428855109609,0.8086239862103469,0.4523809523809524
NC(=O)Nc1cccc(C(F)(F)F)c1,7.5,0.7233195284658265,0.9168159016590628,0.225
Cc1cccc(NC(N)=O)c1,7.0,0.6256042466747037,0.9440338087874872,0.1875
NC(=O)c1cnn2c(-c3cccc(NC(=O)CCF)c3)ccnc12,8.8,0.7455072511449906,0.8368398945792891,0.4634146341463415
Cc1cnn2c(-c3cccc(NC(N)=O)c3)ccnc12,9.4,0.7459412360353671,0.8532583889061246,0.425
NC(=O)Nc1cccc(-c2ccnc3c(C(=O)Oc4cccc(NC=O)c4)cnn23)c1,9.4,0.2506910397855892,0.8249696547519471,0.391304347826087
NCCOc1cnn2c(-c3cccc(NC(N)=O)c3)ccnc12,8.7,0.6539421657765652,0.8301179584030627,0.3953488372093023
Cc1cnn2c(-c3cccc(C(N)=O)c3)ccnc12,9.3,0.7554261533578389,0.8580418552779027,0.3373493975903614
Cc1cnn2c(OC(=O)c3cnn4c(-c5cccc(N)c5)ccnc34)ccnc12,9.6,0.3749975240458298,0.7866328963877515,0.3406593406593406
NC(=O)Nc1cccc(N)c1,6.3,0.5176953618225747,0.9161620139156924,0.175
NC(=O)Nc1cccc(-c2cccc(NC(N)=O)c2)c1,10.1,0.6859833039145984,0.9112697345779966,0.2236842105263158
NC(=O)C(F)(F)F,4.2,0.4729008928534984,0.8585946442323673,0.08
Cc1cnn2c(C(F)(F)F)ccnc12,6.5,0.6525613257197207,0.8134673843158085,0.2375
NC(=O)Nc1cccc(-c2ccnc3c(-c4cnn5c(-c6ccccc6)ccnc45)cnn23)c1,11.3,0.4197035756443453,0.8148902034059896,0.4024390243902439
Cc1cnn2c(C(F)(F)c3cc(NC(=O)c4ccccc4)ccc3Cl)ccnc12,10.8,0.5079702674048412,0.8264496970667472,0.4044943820224719
Cc1cnn2c(-c3cccc(-c4ccnc5c(N)cnn45)c3)ccnc12,10.4,0.5332678472748534,0.8052283248324227,0.3209876543209876
NF,1.9,0.3700742015408931,0.6644668124244267,0.0138888888888888
Nc1cccc(-c2ccnc3c(C(=O)OCCCC(=O)C(=O)NF)cnn23)c1,8.8,0.2071924327200928,0.7929675485915227,0.351063829787234
NC(=O)Nc1cccc(-c2ccnc3c(C(=O)OC(F)C(F)(F)OC(=O)c4cnn5c(-c6cccc(NC=O)c6)ccnc45)cnn23)c1,10.9,0.1424008881392387,0.6787447911350674,0.4210526315789473
Cc1cnn2c(F)ccnc12,6.2,0.5289895313685672,0.7807503348420778,0.2
Cc1cnn2c(-c3cccc(NC(N)=O)c3)ccnc12,9.3,0.7459412360353671,0.8532583889061246,0.425
NNc1cccc(-c2ccnc3c(C(F)F)cnn23)c1,9.2,0.5692542220874236,0.8114478625903351,0.3493975903614458
Cc1cnn2c(-c3cccc(NC(N)=O)c3)ccnc12,9.4,0.7459412360353671,0.8532583889061246,0.425
Cc1cnn2c(C(N)=O)ccnc12,6.2,0.6710390832770573,0.8167938739306434,0.216867469879518
O=C(OC(F)CF)c1cnn2c(-c3cccc(-c4ccccc4)c3)ccnc12,9.8,0.4797618376154246,0.7764424102344764,0.3793103448275862
NC(=O)Nc1cccc(-c2ccnc3c(C(=O)Oc4ccccc4)cnn23)c1,9.8,0.4216388438711079,0.8600487343537213,0.4186046511627907
CN(C(=O)OC(N)=O)C(F)c1ccccc1,7.6,0.6168946671152529,0.7614870573715684,0.1098901098901098
Cc1cnn2c(-c3cccc(N)c3)ccnc12,8.6,0.6450529197508142,0.8505246445783299,0.3086419753086419
NC(=O)Nc1cccc(-c2cccc(NC(N)=O)c2)c1,9.8,0.6859833039145984,0.9112697345779966,0.2236842105263158
CC(=O)c1ccnc2c(C(F)F)cnn12,6.8,0.7121672740233196,0.7886289029971884,0.2235294117647059
Cc1cnn2c(-c3cccc(NC(N)=O)c3)ccnc12,9.4,0.7459412360353671,0.8532583889061246,0.425
NC(=O)Nc1cccc(N)c1,6.3,0.5176953618225747,0.9161620139156924,0.175
Cc1cnn2c(-c3cccc(NC(N)=O)c3)ccnc12,9.4,0.7459412360353671,0.8532583889061246,0.425
NC(=O)c1cnn2c(-c3cccc(NC=O)c3)ccnc12,9.1,0.6978773343629392,0.8371498541400153,0.4146341463414634
NCc1cnn2c(-c3cccc(NC(=O)O)c3)ccnc12,8.6,0.6808753089412752,0.8370549823451435,0.4146341463414634
NC(=O)Nc1cccc(Cl)c1,6.4,0.6639872532196432,0.939974321608,0.2025316455696202
CCN(CC)Cc1ccnc2c(C(N)=O)cnn12,7.0,0.8421275753322555,0.8235666962573086,0.3292682926829268
Cc1cnn2c(C)ccnc12,5.7,0.5626281074629381,0.8363314762812839,0.189873417721519
CCN(CC)CCNC(=O)c1cnn2c(-c3cccc(NC(=O)Nc4ccc(Cl)c(NC(N)=O)c4)c3)ccnc12,10.0,0.1938092133888025,0.8137651761967345,0.7721518987341772
Cc1cnn2c(-c3ccccc3)ccnc12,8.8,0.6164763856805636,0.8802550793893743,0.282051282051282
O=C(OC(F)F)c1cnn2c(-c3cccc(Nc4cccc(-c5ccnc6ccnn56)c4)c3)ccnc12,12.2,0.3147709074659867,0.7832040431904039,0.3888888888888889
CC(=O)Nc1cccc(-c2ccnc3c(C(N)=O)cnn23)c1,9.5,0.7630132472420064,0.8657959434942752,0.4683544303797468
Cc1cnn2c(-c3cccc(NC(N)=O)c3)ccnc12,9.3,0.7459412360353671,0.8532583889061246,0.425
CC,2.0,0.3727855551576051,0.805825786783401,0.0140845070422535
NC(=O)Nc1cnn2c(-c3cccc(C=O)c3)ccnc12,8.8,0.7130023734517174,0.8330093413195025,0.3333333333333333
Cc1ccnc2c(C(N)=O)cnn12,6.5,0.6710390832770573,0.852328916665686,0.2625
Cc1cccc(NC(N)=O)c1,7.0,0.6256042466747037,0.9440338087874872,0.1875
COC(=O)C(=O)c1cnn2c(-c3cccc(N)c3)ccnc12,8.8,0.3386370128222384,0.8329110799707021,0.3809523809523809
FCC(F)C(F)F,4.1,0.4800246767824,0.6424203160910007,0.0253164556962025
Nc1cccc(-c2ccnc3c(C(=O)OC4(F)CO4)cnn23)c1,8.4,0.4497294052707246,0.7365628398304079,0.3555555555555555
Cc1cnn2c(-c3ccc(F)cc3)ccnc12,7.8,0.6395193999968158,0.8715962301356297,0.2592592592592592
Cc1cnn2c(F)ccnc12,6.2,0.5289895313685672,0.7807503348420778,0.2
NC(=O)C(F)OC(=O)c1cnn2c(C3CC3)ccnc12,8.4,0.8228668695552331,0.7292147802001213,0.2391304347826087
NC(=O)Nc1cccc(-c2ccnc3c(C(=O)OC(F)C=O)cnn23)c1,9.3,0.5262961621018267,0.7492837372903074,0.4157303370786517
Cc1cnn2c(-c3cccc(NC(N)=O)c3)ccnc12,9.4,0.7459412360353671,0.8532583889061246,0.425
Cc1cnn2c(-c3cccc(-c4ccccc4)c3)ccnc12,10.6,0.5471340435651287,0.8801491864795781,0.3125
Cc1cnn2c(C)ccnc12,5.7,0.5626281074629381,0.8363314762812839,0.189873417721519
O=CC(=O)c1cnn2c(-c3ccccc3)ccnc12,8.2,0.4041001573787176,0.8515288897249371,0.3375
NC(=O)Nc1cccc(N)c1,6.3,0.5176953618225747,0.9161620139156924,0.175
CCC(=O)C(=O)Nc1cccc(-c2ccnc3c(-c4ccnc5ccnn45)cnn23)c1,10.7,0.4456941356159639,0.7932513833604173,0.4044943820224719
NN,2.3,0.2606589485634476,0.6586309149885291,0.0
NC(=O)c1cnn2c(N)ccnc12,6.3,0.607626551340888,0.827584899571669,0.25
NNC(N)=O,3.4,0.1864692943283258,0.8467562869718446,0.0526315789473684
O=C(Nc1cccc(-c2ccnc3c(C(=O)OC(F)(F)F)cnn23)c1)c1cccc(NC2CC2)c1,10.8,0.3804521255377739,0.8207722525416674,0.4347826086956521
CCN(CC)CCNC(=O)c1cnn2c(-c3cccc(NC(=O)Nc4ccc(-c5cccc(NC(N)=O)c5)c(C(F)F)c4)c3)ccnc12,9.8,0.1075622940843037,0.776592957888802,0.6744186046511628
NC(=O)Nc1cccc(N)c1,6.3,0.5176953618225747,0.9161620139156924,0.175
Cc1cnn2c(-c3cccc(C(=O)CCCNC(=O)c4ccnc5ccnn45)c3)ccnc12,10.2,0.3084342205168944,0.7991266359814053,0.3541666666666667
Nc1cccc(-c2ccnc3c(C(=O)N4CCCC4)cnn23)c1,10.0,0.7364679264629191,0.8597980683428743,0.3488372093023256
CCN(CC)CCNC(=O)c1cnn2c(-c3cccc(NC(=O)Nc4ccc(Cl)c(N5CCCC5)c4)c3)ccnc12,9.6,0.2351673591199208,0.8114585346189516,0.7530864197530864
Cc1cnn2c(-c3cccc(NC(N)=O)c3)ccnc12,9.4,0.7459412360353671,0.8532583889061246,0.425
Cc1cnn2c(-c3cccc(NNC(N)=O)c3)ccnc12,9.4,0.6367849738265237,0.8261362643964255,0.3809523809523809
CC(=O)Nc1cccc(-c2ccnc3c(C)cnn23)c1,9.3,0.7753867382098802,0.8639795764904701,0.430379746835443
CF,1.7,0.3673293108901918,0.703430914988529,0.028169014084507
Cc1cnn2c(-c3cccc(NC(N)=O)c3)ccnc12,9.3,0.7459412360353671,0.8532583889061246,0.425
Cc1cnn2c(-c3cccc(NC(N)=O)c3)ccnc12,9.4,0.7459412360353671,0.8532583889061246,0.425
NC(=O)NOCc1ccnc2c(C(=O)C(F)F)cnn12,7.5,0.6049238520774262,0.7458384158966778,0.2555555555555555
Cc1cnn2c(-c3cccc(-c4cnn5cccnc45)c3)ccnc12,10.9,0.4986162467766107,0.8200629141600911,0.2840909090909091
Cc1cnn2c(-c3cccc(N4CC[C@@H](O)C4)c3)ccnc12,9.5,0.7875836588675211,0.7889168017916283,0.2826086956521739
Cc1cnn2c(-c3ccccc3)ccnc12,8.8,0.6164763856805636,0.8802550793893743,0.282051282051282
Cc1cnn2c(-c3cccc(NC(=O)c4cnn5c(-c6cccc(NC=O)c6)ccnc45)c3)ccnc12,10.1,0.3387587826689457,0.7948281172644782,0.4642857142857143
NC(=O)Nc1cccc(C(N)=O)c1,6.9,0.6070201595366016,0.928265424602194,0.1728395061728395
NC(=O)Nc1cccc(N)c1,6.1,0.5176953618225747,0.9161620139156924,0.175
Cc1cnn2c(Cl)ccnc12,5.7,0.5593452140557544,0.8021602604003907,0.2151898734177215
Cc1cnn2c(-c3cccc(-c4cnn5c(-c6cccc(NCCON)c6)ccnc45)c3)ccnc12,9.8,0.259964536435365,0.78356819086918,0.3516483516483517
Cc1cnn2c(-c3cccc(NCO)c3)ccnc12,8.5,0.7022868278227957,0.8287193792354264,0.382716049382716
Cc1cnn2c(-c3cccc(N)c3)ccnc12,8.5,0.6450529197508142,0.8505246445783299,0.3086419753086419
Nc1cccc(-c2ccnc3c(C(=O)N4CCCC4)cnn23)c1,10.0,0.7364679264629191,0.8597980683428743,0.3488372093023256
Cc1cnn2c(-c3cccc(-c4cnn5c(-c6cccc(CC=O)c6)ccnc45)c3)ccnc12,11.1,0.3563056043172584,0.7928265110982973,0.3
Cc1cccc(-c2ccnc3c(C)cnn23)c1,9.2,0.634454526790749,0.8663824153789579,0.3164556962025316
CC(=O)Nc1cccc(-c2ccnc3c(C(F)C(N)=O)cnn23)c1,9.5,0.7630651769350384,0.7694182743913678,0.4069767441860465
NC(=O)Nc1cccc(-c2cccc(NC(N)=O)c2)c1,9.8,0.6859833039145984,0.9112697345779966,0.2236842105263158
NC(=O)Nc1cccc(-c2ccnc3c(C(=O)ONc4cccc(-c5ccnc6ccnn56)c4)cnn23)c1,11.2,0.2890635992134116,0.7794139061971443,0.4
Cc1cnn2c(-c3ccnc4c(C(F)F)cnn34)ccnc12,8.7,0.5708421722091812,0.7627604084200307,0.2261904761904762
Cc1cnn2c(-c3cnn4c(-c5ccccc5)ccnc34)ccnc12,10.1,0.4986162467766107,0.8219643694615465,0.2650602409638554
O=CNc1cccc(-c2ccnc3c(C(F)F)cnn23)c1,9.2,0.7508796160511594,0.8051001105502719,0.3529411764705882
NN,2.3,0.2606589485634476,0.6586309149885291,0.0
CCN(CC)Cc1cccc(NC(N)=O)c1,7.4,0.7987885136530626,0.9070847847903564,0.2560975609756097
NC(=O)Nc1cccc(F)c1,6.6,0.6292010869939672,0.9377563728900512,0.1875
COc1cccc(-c2ccnc3c(C(=O)OC(F)(F)F)cnn23)c1,9.3,0.6873299193036952,0.837748721485482,0.4
NC(=O)Nc1cccc(-c2ccnc3c(C(F)CCCl)cnn23)c1,9.3,0.6922217988225087,0.7539898047486313,0.4090909090909091
Cc1cnn2c(-c3cccc(N4CCCC4)c3)ccnc12,9.4,0.7208592505253291,0.857677314851347,0.2906976744186046
Cc1cnn2c(-c3cccc(-c4cnn5c(-c6cccc(N)c6)ccnc45)c3)ccnc12,11.4,0.4232089450953189,0.8080405847237829,0.2873563218390804
Cc1cnn2c(-c3cccc(NC(=O)c4cccc(-c5ccnc6c(C(=O)O)cnn56)c4)c3)ccnc12,11.2,0.3682288871447417,0.8109836768139629,0.4523809523809524
NC(=O)Nc1cccc(-c2ccccc2)c1,9.6,0.7896981073305545,0.9506377948238012,0.2151898734177215
NC(=O)Nc1cccc(-c2ccnc3c(-c4cccc(NC=O)c4)cnn23)c1,10.6,0.4669360162541101,0.8333421816471684,0.3793103448275862
Cc1cnn2c(C3CCC3)ccnc12,7.2,0.6853710024848891,0.8166964733846344,0.1724137931034483
Cc1cccc(NC(N)=O)c1,7.0,0.6256042466747037,0.9440338087874872,0.1875
NC(=O)NNC(N)=O,4.5,0.2823355443109961,0.827117877828257,0.0533333333333333
NC1Cc2cccc(c2)-c2ccnc3c(cnn23)C(=O)O1,6.9,0.6292142610071849,0.5550695096796319,0.2777777777777778
NC(=O)c1cnn2c(C(N)=O)ccnc12,6.6,0.6484339924570092,0.8316634245731732,0.25
NC(=O)Nc1cccc(NC(N)=O)c1,7.2,0.554340978615774,0.9162115138704642,0.1842105263157894
CC(=O)Nc1cccc(-c2cccc(-c3ccnc4ccnn34)c2)c1,11.2,0.6177146999203864,0.8680712301684073,0.3493975903614458
O=C1CCc2cnn3c(ccnc23)-c2cccc(c2)-c2cccc(c2)NC1=O,8.5,0.4819696404562811,0.6039566124512322,0.2857142857142857
Cc1cnn2c(-c3cccc(NC(=O)c4ccnc5c(C=O)cnn45)c3)ccnc12,10.2,0.4675097280617462,0.796345148734955,0.3932584269662921
NC(N)=O,2.9,0.3705073514035382,0.8964547042386004,0.0410958904109589
Cc1cccc(NC(N)=O)c1,7.0,0.6256042466747037,0.9440338087874872,0.1875
CN,1.8,0.3846582089034356,0.7782360431936574,0.0138888888888888
CC(=O)Nc1cccc(-c2ccnc3c(C(F)(F)c4cc(N)ccc4Cl)cnn23)c1,10.6,0.460911613577431,0.8010603944088213,0.5
Cc1cnn2c(-c3ccnc4c(C)cnn34)ccnc12,8.2,0.5276969452077275,0.7853561877799672,0.2368421052631578
Cc1cnn2c(C)ccnc12,5.7,0.5626281074629381,0.8363314762812839,0.189873417721519
NC(=O)Nc1cccc(C(F)(F)F)c1,7.5,0.7233195284658265,0.9168159016590628,0.225
NC(=O)Nc1cccc(N)c1,6.3,0.5176953618225747,0.9161620139156924,0.175
NC(=O)Nc1cccc(-c2ccnc3c(C=O)cnn23)c1,9.0,0.7130023734517174,0.8369188284989897,0.3975903614457831
NC(=O)Nc1cccc(-c2ccnc3c(-c4ccnc5ccnn45)cnn23)c1,10.8,0.5063749489750303,0.8068279922232231,0.3793103448275862
CC(C)=O,3.0,0.3982369618339747,0.9272297042386004,0.0555555555555555
NC(=O)Nc1cccc(C(N)=O)c1,6.9,0.6070201595366016,0.928265424602194,0.1728395061728395
Cc1cccc(NC(N)=O)c1,7.0,0.6256042466747037,0.9440338087874872,0.1875
O=C(Nc1cccc(C(=O)Nc2cccc(-c3ccnc4ccnn34)c2)c1)c1cccc(O)c1,11.5,0.3632100206108148,0.8555304613702476,0.3295454545454545
Cc1cnn2c(-c3cccc(NC(=O)F)c3)ccnc12,9.4,0.5742897591917396,0.8268581190005916,0.4430379746835443
CC(=O)c1cccc(NC(N)=O)c1,7.0,0.6712602444726424,0.9327199300966992,0.1851851851851851
NC(=O)Nc1cccc(-c2ccnc3ccnn23)c1,9.0,0.7308370139932044,0.8591610575571048,0.3414634146341463
NC(N)=O,2.9,0.3705073514035382,0.8964547042386004,0.0410958904109589
Cc1cnn2c(NC(N)=O)ccnc12,6.5,0.6888965738729248,0.8176980808797032,0.238095238095238
Cc1cnn2c(C)ccnc12,5.7,0.5626281074629381,0.8363314762812839,0.189873417721519
CN,1.9,0.3846582089034356,0.7782360431936574,0.0138888888888888
NC(=O)c1cnn2c(-c3ccc(N)cc3C(F)(F)F)ccnc12,7.2,0.7059712770332559,0.8248865453716496,0.3529411764705882
NC(=O)Nc1cccc(-c2ccnc3c(CNC=O)cnn23)c1,9.2,0.6127503276502775,0.813408867493972,0.4069767441860465
Cc1cnn2c(-c3cccc(NNC(N)=O)c3)ccnc12,9.4,0.6367849738265237,0.8261362643964255,0.3809523809523809
Cc1cnn2c(-c3cccc(NC(N)=O)c3)ccnc12,9.4,0.7459412360353671,0.8532583889061246,0.425
Cc1cnn2c(-c3cccc(NC(N)=O)c3)ccnc12,9.4,0.7459412360353671,0.8532583889061246,0.425
Cc1cnn2c(OC(F)F)ccnc12,6.5,0.737571897677417,0.7806365424181647,0.1860465116279069
Cc1cnn2c(-c3cccc(NC(N)=O)c3)ccnc12,9.4,0.7459412360353671,0.8532583889061246,0.425
NC(=O)Nc1cccc(-c2cnn3c(N)ccnc23)c1,9.4,0.6529216547326478,0.8462457033460706,0.3294117647058823
NC(=O)Nc1cccc(-c2cccc(NC(N)=O)c2)c1,9.8,0.6859833039145984,0.9112697345779966,0.2236842105263158
Nc1cccc(-c2ccnc3c(O)cnn23)c1,8.0,0.6188292670543344,0.8353102018781728,0.3086419753086419
Cc1cnn2c(C)ccnc12,5.8,0.5626281074629381,0.8363314762812839,0.189873417721519
NC(=O)Nc1cccc(-c2cccc(NC(N)=O)c2)c1,9.8,0.6859833039145984,0.9112697345779966,0.2236842105263158
NC(=O)Nc1cccc(CNC(=O)c2cnn3c(-c4ccccc4)ccnc23)c1,10.3,0.4891503545413115,0.8671534092082646,0.4588235294117647
O[C@@H]1CNCC1c1cccc(-c2ccnc3ccnn23)c1,9.5,0.7455004302356307,0.7323502235545255,0.2391304347826087
NC(=O)Nc1cccc(N)c1,6.2,0.5176953618225747,0.9161620139156924,0.175
NC(=O)Nc1cccc(-c2ccnc3c(C(=O)OC(F)c4cnn5c(-c6cccc(NC(N)=O)c6)ccnc45)cnn23)c1,11.0,0.2037837049155541,0.709292783929254,0.4157303370786517
NC(=O)Nc1cccc(NC(N)=O)c1,7.2,0.554340978615774,0.9162115138704642,0.1842105263157894
NC(=O)Nc1cccc(-c2ccnc3c(-c4cnn5c(-c6cccc(NC(N)=O)c6)ccnc45)cnn23)c1,9.1,0.278395197772355,0.7935080005712387,0.4177215189873418
Cc1cnn2c(-c3cccc(NC(N)=O)c3)ccnc12,9.4,0.7459412360353671,0.8532583889061246,0.425
NC(=O)Nc1cccc(N)c1,6.3,0.5176953618225747,0.9161620139156924,0.175
CCN(CC)CCNC(=O)c1cnn2c(-c3cccc(NC(=O)Nc4ccc(Cl)c(C5(F)OC5F)c4)c3)ccnc12,9.8,0.2206674336029681,0.6988283614253026,0.7469879518072289
NC(=O)NCCOc1cccc(-c2ccnc3ccnn23)c1,8.9,0.696693597592572,0.8496735799707023,0.2857142857142857
O=CNc1cccc(-c2ccnc3c(Nc4cccc(-c5ccnc6c(C(F)F)cnn56)c4)cnn23)c1,10.6,0.2888683226767867,0.7658863793727402,0.3260869565217391
Cc1cnn2c(C(=O)Nc3cccc(-c4ccnc5c(CF)cnn45)c3)ccnc12,10.9,0.4980930709476107,0.7909041230939293,0.4204545454545454
NC(=O)c1cnn2c(-c3cccc(NC(=O)CC(F)c4ccccc4)c3)ccnc12,10.4,0.513996847252829,0.7853636253340152,0.4269662921348314
CCN(CCN)OC(=O)Nc1ccc(Cl)c(C(N)(F)CCCN)c1,6.8,0.3936774269879499,0.7046323978568806,0.3043478260869565
O=Cc1cnn2c(-c3cccc(NNc4cccc(-c5ccnc6ccnn56)c4)c3)ccnc12,11.0,0.2895508822412471,0.7837634615933469,0.3295454545454545
FC(F)c1cnn2c(OCC3CCC3)ccnc12,8.0,0.8406659674188784,0.781125887810853,0.1702127659574468
Cc1cnn2c(-c3cccc(F)c3)ccnc12,8.0,0.6395193999968158,0.8625456806850802,0.325
CNC(=O)Nc1cccc(-c2cnn3cccnc23)c1,9.3,0.7469607382706002,0.8638288668250598,0.3255813953488372
COC(F)F,3.2,0.455409240993304,0.8253003429159007,0.0259740259740259
CC(=O)c1cnn2c(-c3cccc(NC(N)=O)c3)ccnc12,9.2,0.7219965344851059,0.8537679037920421,0.4683544303797468
Cc1cnn2c(-c3cccc(NC(=O)F)c3)ccnc12,9.4,0.5742897591917396,0.8268581190005916,0.4430379746835443
Cc1cnn2c(NC(N)=O)ccnc12,6.5,0.6888965738729248,0.8176980808797032,0.238095238095238
c1cc2n3ncc(c3n1)N2,5.2,0.4912657273735081,0.6021507534629912,0.1728395061728395
NC(=O)Nc1cccc(-c2cccc(NC(N)=O)c2)c1,9.7,0.6859833039145984,0.9112697345779966,0.2236842105263158
NC(=O)Nc1cccc(NC(N)=O)c1,7.2,0.554340978615774,0.9162115138704642,0.1842105263157894
CC(N)=O,2.9,0.4010309227553837,0.9072547042386004,0.054054054054054
NC(=O)Nc1cccc(-c2ccnc3ccnn23)c1,9.0,0.7308370139932044,0.8591610575571048,0.3414634146341463
NC(=O)Nc1cccc(-c2cccc(NC(N)=O)c2)c1,9.8,0.6859833039145984,0.9112697345779966,0.2236842105263158
NC(=O)Nc1cccc(OC(F)F)c1,7.0,0.7840653503143031,0.9025673843158084,0.1764705882352941
NC(=O)Nc1cccc(-c2ccnc3c(C(=O)OC(F)F)cnn23)c1,9.7,0.7032855153382086,0.8213721092892864,0.4352941176470588
NC(=O)NC(N)=O,4.4,0.3560243675460576,0.8585181434782194,0.0526315789473684
Cc1cnn2c(-c3cccc(N)c3)ccnc12,8.1,0.6450529197508142,0.8505246445783299,0.3086419753086419
Cc1cccc(NC(N)=O)c1,7.0,0.6256042466747037,0.9440338087874872,0.1875
Nc1ccnc2c(C(=O)OC(F)F)cnn12,7.3,0.7644021801645355,0.7895005190560906,0.2441860465116279
Cc1cnn2c(-c3cccc(NC(=O)F)c3)ccnc12,9.4,0.5742897591917396,0.8268581190005916,0.4430379746835443
CNC(N)=O,3.0,0.3913317291408433,0.8756877555033132,0.0657894736842105
CC(=O)c1cnn2c(C(F)(F)F)ccnc12,7.0,0.7019352873143034,0.8242054466865996,0.3164556962025316
NC(=O)Nc1cccc(-c2ccnc3c(N)cnn23)c1,8.7,0.6529216547326478,0.8459147991625348,0.430379746835443
C=CCc1cccc(NC(N)=O)c1,7.4,0.6788737609862103,0.8930554123921818,0.1744186046511628
NC(=O)Nc1cccc(-c2ccnc3c(C=O)cnn23)c1,9.0,0.7130023734517174,0.8369188284989897,0.3975903614457831
Cc1cnn2c(C(N)=O)ccnc12,6.2,0.6710390832770573,0.8167938739306434,0.216867469879518
CCN(CC)CCNC(=O)c1cnn2c(-c3cccc(NC(=O)Nc4ccc(Cl)c(C(F)(F)NC(N)=O)c4)c3)ccnc12,9.1,0.1568675933633475,0.771784315469804,0.8481012658227848
NC(=O)Nc1cccc(-c2cnn3c(-c4cccc(NC=O)c4)ccnc23)c1,10.0,0.4669360162541101,0.8333421816471684,0.3793103448275862
Cc1cnn2c(-c3cnn4c(-c5cccc(NC(N)=O)c5)ccnc34)ccnc12,10.8,0.4961548769185535,0.8020887571936124,0.4
Cc1cnn2c(-c3cccc(C(=O)C(=O)CO)c3)ccnc12,9.3,0.5814397447230172,0.8193349013106526,0.3372093023255814
NC(=O)Nc1cccc(-c2ccnc3c(C(=O)CCC(F)F)cnn23)c1,9.2,0.6601566420702706,0.81084683462112,0.4418604651162791
Nc1cccc(-c2ccnc3c(C(=O)OC(F)CC4CC4)cnn23)c1,8.5,0.5694237068186268,0.756145705375032,0.3548387096774194
O=C(c1cnn2c(-c3ccccc3)ccnc12)C1CC1,8.9,0.6823898303088349,0.8700874875147149,0.3292682926829268
Cc1cnn2c(Nc3cccc(-c4ccnc5c(C)cnn45)c3)ccnc12,10.9,0.5328644313805098,0.8019540881956456,0.3536585365853658
Cc1cnn2c(-c3cccc(N)c3)ccnc12,8.6,0.6450529197508142,0.8505246445783299,0.3086419753086419
CC(=O)OC(=O)c1cnn2c(-c3cccc(NC(=O)c4ccccc4)c3)ccnc12,10.5,0.4162697022931085,0.8539431953288317,0.4418604651162791
NNC(N)=O,3.4,0.1864692943283258,0.8467562869718446,0.0526315789473684
NC(=O)Nc1cccc(-c2ccnc3c(N)cnn23)c1,8.7,0.6529216547326478,0.8459147991625348,0.430379746835443
CC(=O)C(N)=O,3.7,0.4194401487056992,0.8781252710977243,0.0526315789473684
NC(=O)Nc1cccc(-c2ccnc3c(NC=O)cnn23)c1,9.2,0.6320059628057935,0.8258847063443285,0.388235294117647
NC(=O)Nc1ccnc2c(C(F)F)cnn12,7.0,0.8066014340295752,0.7869361833917549,0.2298850574712643
Cc1cnn2c(C(F)C(N)=O)ccnc12,7.0,0.7820071536401132,0.727924851131435,0.2183908045977011
CC(F)OC(=O)c1cnn2c(-c3cccc(NC(N)=O)c3)ccnc12,9.6,0.7063839605586598,0.7730277143519707,0.4418604651162791
CC(C)n1cc(-c2ccccc2)cn1,8.2,0.7041714864521512,0.904485704153865,0.1309523809523809
Cc1cnn2c(-c3ccnc4c(C)cnn34)ccnc12,8.3,0.5276969452077275,0.7853561877799672,0.2368421052631578
CNCCCOc1ccccc1,6.3,0.6700847513096612,0.9462499608203744,0.1071428571428571
NC(=O)Nc1ccccc1,6.3,0.5979442528752776,0.9656661021154191,0.141025641025641
NC(=O)Nc1cccc(C(F)C(N)=O)c1,7.8,0.6843545669375213,0.8061650387486959,0.1764705882352941
Cc1cnn2c(-c3cccc(COC=O)c3)ccnc12,8.6,0.6809265819414226,0.8217959755783755,0.3068181818181818
NC(=O)F,2.9,0.3126568300612963,0.8581316273155236,0.054054054054054
Cc1cccc(-c2ccnc3c(C)cnn23)c1,9.2,0.634454526790749,0.8663824153789579,0.3164556962025316
Cc1cnn2c(-c3cccc(C(N)=O)c3)ccnc12,9.3,0.7554261533578389,0.8580418552779027,0.3373493975903614
Cc1cnn2c(-c3cccc(NC(N)=O)c3)ccnc12,9.4,0.7459412360353671,0.8532583889061246,0.425
NC(=O)NF,3.4,0.3782657946727754,0.7555436995592574,0.08
Cc1cnn2c(C(=O)N[C@@H](CO)c3cccc(NC(N)=O)c3)ccnc12,8.6,0.5418729537837508,0.7743102915579576,0.2886597938144329
NC(=O)Nc1cccc(C(F)F)c1,7.1,0.7296951313850352,0.8885137762505456,0.180722891566265
O=C1Nc2cccc(c2)-c2cccc(c2)-c2ccnc3c(cnn23)C1=O,8.5,0.498816825501907,0.6250467248570153,0.2873563218390804
Cc1cccc(-c2ccnc3c(C)cnn23)c1,9.2,0.634454526790749,0.8663824153789579,0.3164556962025316
CC(=O)Nc1cccc(-c2ccnc3c(C)cnn23)c1,9.3,0.7753867382098802,0.8639795764904701,0.430379746835443
NC(=O)C(F)CF,4.0,0.522963721973295,0.6798954292131726,0.0617283950617283
NC(=O)Cl,2.8,0.3294486501813247,0.8436547042386005,0.054054054054054
Cc1cnn2c(-c3cccc(NC(=O)N(C)c4cccc(-c5ccnc6c(C)cnn56)c4)c3)ccnc12,11.2,0.3591068021793673,0.7871645538808214,0.4117647058823529
NC(=O)c1cnn2c(-c3cccc(NC=O)c3)ccnc12,8.9,0.6978773343629392,0.8371498541400153,0.4146341463414634
NCCCc1cccc(-c2cnn3c(-c4cccc(NNC(N)=O)c4)ccnc23)c1,10.3,0.3545850793558356,0.822831620883496,0.3368421052631579
NC(=O)F,2.9,0.3126568300612963,0.8581316273155236,0.054054054054054
Cc1cnn2c(-c3cccc(-c4cnn5c(-c6ccccc6)ccnc45)c3)ccnc12,11.3,0.4140818141295459,0.8253165338620896,0.2976190476190476
Cc1cnn2c(-c3cccc(NC(N)=O)c3)ccnc12,9.4,0.7459412360353671,0.8532583889061246,0.425
NC(=O)Nc1cccc(-c2cccc(NC(N)=O)c2)c1,9.8,0.6859833039145984,0.9112697345779966,0.2236842105263158
Cc1cnn2c(C)ccnc12,5.8,0.5626281074629381,0.8363314762812839,0.189873417721519
Cc1cnn2c(-c3cccc(NC(N)=O)c3)ccnc12,9.4,0.7459412360353671,0.8532583889061246,0.425
FCc1cnn2c(-c3cccc(-c4ccccc4)c3)ccnc12,10.2,0.5562774753205941,0.8568667723342297,0.3170731707317073
Cc1cnn2c(-c3cccc(C(N)=O)c3)ccnc12,9.3,0.7554261533578389,0.8580418552779027,0.3373493975903614
Cc1cnn2c(-c3cccc(N)c3)ccnc12,8.6,0.6450529197508142,0.8505246445783299,0.3086419753086419
C=C(c1ccccc1)c1ccnc2c(C)cnn12,9.3,0.6828770040070742,0.8340129802809773,0.1931818181818181
Nc1cccc(-c2ccnc3c(C(F)F)cnn23)c1,8.9,0.7206199196254711,0.8202623680984154,0.2976190476190476
O=C(Nc1cccc(-c2ccnc3c(C(F)F)cnn23)c1)C(F)F,9.5,0.7404503548471101,0.8080531990974225,0.4096385542168674
Cc1cnn2c(-c3cccc(NC(=O)c4ccccc4)c3)ccnc12,10.3,0.6191601050215285,0.880726656933423,0.4268292682926829
CCCCCC(=O)C(=O)Nc1cccc(-c2ccnc3c(C(=O)ONC=O)cnn23)c1,8.9,0.2212825138544664,0.7926500546890887,0.4193548387096774
Cc1cnn2c(-c3ccccc3)ccnc12,8.8,0.6164763856805636,0.8802550793893743,0.282051282051282
O=C1Nc2cccc(c2)-c2ccnc3c(cnn23)C(F)O1,7.5,0.6888176013864922,0.540211249906618,0.2857142857142857
Cc1cnn2c(-c3cccc(OC(F)F)c3)ccnc12,9.1,0.7358548169274594,0.8436786318211043,0.3176470588235294
CC(C)Oc1cccc(NC(N)=O)c1,7.1,0.7720951263458034,0.9193641454494116,0.1764705882352941
NC(=O)Nc1cccc(C(=O)c2cnn3c(-c4cccc(NC=O)c4)ccnc23)c1,10.0,0.3381783433563051,0.8286138572250749,0.4044943820224719
CC(=O)Oc1ccc(OC(F)F)c(C(F)(F)F)c1,7.4,0.4802769992604804,0.8665362019856229,0.1555555555555555
CNc1cccc(-c2ccnc3c(C)cnn23)c1,8.3,0.7460877065327408,0.8486342820561252,0.3670886075949367
NC(=O)Nc1cccc(-c2ccnc3c(N)cnn23)c1,8.9,0.6529216547326478,0.8459147991625348,0.430379746835443
CN,1.9,0.3846582089034356,0.7782360431936574,0.0138888888888888
NC(=O)Nc1cccc(NC(N)=O)c1,7.2,0.554340978615774,0.9162115138704642,0.1842105263157894
NC(=O)Nc1cccc(-c2ccnc3c(C4CC4)cnn23)c1,9.5,0.7782541514172078,0.8437880030476254,0.388235294117647
Cc1cnn2c(-c3cccc(NC(N)=O)c3)ccnc12,9.4,0.7459412360353671,0.8532583889061246,0.425
NF,1.9,0.3700742015408931,0.6644668124244267,0.0138888888888888
O=Cc1cnn2c(-c3cccc(NC(=O)Nc4ccc5c(c4)C(F)(F)c4ccn-5c4)c3)ccnc12,10.1,0.3577086187385552,0.6842398404398126,0.40625
NC(=O)c1cnn2c(N3CCCC3)ccnc12,7.7,0.8126554648650818,0.8382681296646722,0.2325581395348837
c1cc2cc(c1)c1ccnc3c(cnn13)c1ccccc21,8.4,0.421749648661326,0.6902963346095415,0.1954022988505747
Cc1cnn2c(C)ccnc12,5.7,0.5626281074629381,0.8363314762812839,0.189873417721519
CC(=O)Nc1cccc(-c2ccnc3c(-c4cccc(-c5ccnc6c(C)cnn56)c4)cnn23)c1,10.6,0.3989341494040996,0.8096433344009848,0.4
Cc1cnn2c(NC(N)=O)ccnc12,6.5,0.6888965738729248,0.8176980808797032,0.238095238095238
Cc1cnn2c(-c3cccc(N)c3)ccnc12,8.5,0.6450529197508142,0.8505246445783299,0.3086419753086419
O=C1CC(F)Oc2ccnc3c1cnn23,7.1,0.6459660707811399,0.5570486158991473,0.1758241758241758
NC(=O)NC(N)=O,4.4,0.3560243675460576,0.8585181434782194,0.0526315789473684
Cc1cnn2c(-c3cccc(NC(N)=O)c3)ccnc12,9.4,0.7459412360353671,0.8532583889061246,0.425
CC(=O)Nc1cccc(-c2ccnc3c(C)cnn23)c1,9.2,0.7753867382098802,0.8639795764904701,0.430379746835443
Cc1cnn2c(-c3cccc(NC=O)c3)ccnc12,8.7,0.7273359464007078,0.832070987627035,0.3658536585365853
NC(=O)Nc1cccc(-c2ccnc3c(C(=O)OCNC(=O)C=O)cnn23)c1,9.4,0.2395433141706059,0.8027036732263818,0.4222222222222222
C[C@H](CC(O)O)c1cnn2c(-c3cccc(N)c3)ccnc12,8.9,0.5037630094620856,0.7502665148809581,0.3033707865168539
NC(=O)Nc1cccc(N)c1,6.3,0.5176953618225747,0.9161620139156924,0.175
Cc1cnn2c(C(=O)Nc3cccc(-c4ccnc5c(-c6ccc(N)cc6F)cnn45)c3)ccnc12,12.5,0.3632967964794447,0.7924140851418158,0.375
NC(=O)Nc1cccc(N)c1,6.3,0.5176953618225747,0.9161620139156924,0.175
Cc1cnn2c(C)ccnc12,5.7,0.5626281074629381,0.8363314762812839,0.189873417721519
CC(=O)NC(N)=O,4.4,0.4199986377892452,0.8622285507180385,0.0632911392405063
CC(=O)Nc1cccc(-c2ccnc3c(C)cnn23)c1,9.3,0.7753867382098802,0.8639795764904701,0.430379746835443
Cc1cnn2c(C)ccnc12,5.7,0.5626281074629381,0.8363314762812839,0.189873417721519
Cc1cnn2c(C(=O)Nc3cccc(-c4ccnc5c(C(F)C(=O)OC6CCCCC6)cnn45)c3)ccnc12,10.0,0.3127918987545759,0.711528272586611,0.3495145631067961
Cc1cnn2c(C(F)CF)ccnc12,6.3,0.736784113327575,0.7064914937755798,0.1976744186046511
NC(=O)Nc1cccc(C(N)=O)c1,6.9,0.6070201595366016,0.928265424602194,0.1728395061728395
CNC(N)=O,3.0,0.3913317291408433,0.8756877555033132,0.0657894736842105
Cc1cnn2c(-c3cccs3)ccnc12,7.3,0.6244879082127902,0.8355055275921056,0.2235294117647059
Cc1cnn2c(C)ccnc12,5.7,0.5626281074629381,0.8363314762812839,0.189873417721519
CC,2.0,0.3727855551576051,0.805825786783401,0.0140845070422535
Cc1cnn2c(-c3cccc(-c4cnn5c(-c6cccc(NCCC=O)c6)ccnc45)c3)ccnc12,9.8,0.2568478412053743,0.7843462750491508,0.3666666666666666
CC(C)(C)OC(=O)c1ccnc2c(C(=O)O)cnn12,8.0,0.8225272005523627,0.838444134480182,0.2588235294117647
Cc1cccc(NC(N)=O)c1,7.0,0.6256042466747037,0.9440338087874872,0.1875
Cc1cnn2c(N)ccnc12,6.0,0.5954370615348293,0.8075964886882316,0.1851851851851851
Cc1cnn2c(Nc3cccc(-c4ccnc5ccnn45)c3)ccnc12,10.8,0.5437237550721271,0.8065459519421552,0.3146067415730337
FC(F)c1cnn2c(-c3ccccc3)ccnc12,9.1,0.6927769799953633,0.8465759980324565,0.2716049382716049
NC(=O)Nc1cccc(-c2ccnc3c(C(=O)OCF)cnn23)c1,9.1,0.7107964150543353,0.8265656864344927,0.4523809523809524
Cc1cnn2c(NC(N)=O)ccnc12,6.5,0.6888965738729248,0.8176980808797032,0.238095238095238
NC(=O)Nc1cccc(NC(N)=O)c1,7.2,0.554340978615774,0.9162115138704642,0.1842105263157894
Cc1cnn2c(-c3cccc(NC(N)=O)c3)ccnc12,9.4,0.7459412360353671,0.8532583889061246,0.425
CCOC(F)(F)OC(=O)c1cnn2c(-c3cccc(NC(=O)NC=O)c3)ccnc12,8.8,0.3423733536122873,0.772263691112118,0.4943820224719101
CC(N)=O,2.9,0.4010309227553837,0.9072547042386004,0.054054054054054
NC(=O)Nc1cccc(C(F)(F)F)c1,7.5,0.7233195284658265,0.9168159016590628,0.225
Cc1cnn2c(-c3cccc(C(N)=O)c3)ccnc12,9.3,0.7554261533578389,0.8580418552779027,0.3373493975903614
NC(=O)Nc1cccc(-c2ccnc3c(N)cnn23)c1,8.7,0.6529216547326478,0.8459147991625348,0.430379746835443
NC(=O)c1cnn2c(-c3cccc(NC(=O)NC=O)c3)ccnc12,9.8,0.6099919889370073,0.8251233787421851,0.4634146341463415
CC(F)(OC(=O)c1cnn2c(-c3cccc(NC(N)=O)c3)ccnc12)C1CCC1,10.5,0.6398769506053514,0.7502747814667158,0.4347826086956521
NC(=O)c1cnn2c(C(N)=O)ccnc12,6.6,0.6484339924570092,0.8316634245731732,0.25
NNc1cccc(-c2ccnc3c(C(N)=O)cnn23)c1,8.8,0.4798552726832799,0.8451844347900652,0.430379746835443
Cc1cnn2c(OC(F)F)ccnc12,6.4,0.737571897677417,0.7806365424181647,0.1860465116279069
NC(=O)C(c1ccccc1)c1cnn2c(-c3ccccc3)ccnc12,10.0,0.6256599069434885,0.8057087650820625,0.2758620689655172
O=Cc1cnn2c(-c3cccc(Nc4ccnc5c(C(=O)OC(F)F)cnn45)c3)ccnc12,9.8,0.3099036553146736,0.766194557708801,0.3684210526315789
Cc1cnn2c([C@@H]3CCCN3C(=O)OC(F)F)ccnc12,6.4,0.8541602283832391,0.7246808761021843,0.19
CC,2.0,0.3727855551576051,0.805825786783401,0.0140845070422535
Cc1cnn2c(-c3cccc(C(N)=O)c3)ccnc12,9.3,0.7554261533578389,0.8580418552779027,0.3373493975903614
Cc1cnn2c(-c3cccc(C(F)(F)F)c3)ccnc12,9.9,0.6782099708184095,0.852270284028546,0.3625
Cc1cnn2c(OC(=O)c3cnn4c(-c5ccccc5)ccnc34)ccnc12,9.6,0.4539291143703158,0.8047416882832604,0.3181818181818182
NC(=O)NNC(N)=O,4.6,0.2823355443109961,0.827117877828257,0.0533333333333333
NC(=O)NOC(F)F,4.3,0.5033548185945067,0.7274671085974876,0.0609756097560975
CNC(N)=O,3.1,0.3913317291408433,0.8756877555033132,0.0657894736842105
Cc1cnn2c(-c3cccc(C(F)(F)F)c3)ccnc12,9.9,0.6782099708184095,0.852270284028546,0.3625
NC(=O)Nc1cccc(N)c1,6.3,0.5176953618225747,0.9161620139156924,0.175
O=CNc1cccc(-c2ccnc3c(C(=O)OC(=O)c4ccccc4)cnn23)c1,10.1,0.3213543753075395,0.8321459000507553,0.3820224719101123
Cc1cccc(NC(N)=O)c1,7.0,0.6256042466747037,0.9440338087874872,0.1875
Cc1cnn2c(-c3cccc(NC(N)=O)c3)ccnc12,9.4,0.7459412360353671,0.8532583889061246,0.425
NC(=O)Nc1cccc(-c2ccnc3c(C(N)=O)cnn23)c1,9.6,0.6650753780559682,0.8559393678118933,0.4615384615384615
Cc1cnn2c(C(=O)Nc3cccc(-c4ccnc5c(C)cnn45)c3)ccnc12,11.0,0.5162484863904672,0.8083303322851874,0.4320987654320987
CNC(N)=O,3.0,0.3913317291408433,0.8756877555033132,0.0657894736842105
CC(F)OC(=O)c1cnn2c(N)ccnc12,7.3,0.7620912570365488,0.7399553448979955,0.2528735632183908
CF,1.7,0.3673293108901918,0.703430914988529,0.028169014084507
Cc1cnn2c(OC(=O)c3cnn4c(-c5cccc(C6CCCCC6)c5)ccnc34)ccnc12,11.6,0.3562052472686752,0.7839802034059896,0.3163265306122449
NC(=O)Nc1cccc(C(N)=O)c1,6.9,0.6070201595366016,0.928265424602194,0.1728395061728395
NC(=O)NC(=O)C(F)F,5.0,0.509655824025145,0.8208151476043086,0.0609756097560975
NC(=O)Nc1cccc(-c2cccc(NC(N)=O)c2)c1,9.8,0.6859833039145984,0.9112697345779966,0.2236842105263158
Nc1cccc(-c2ccnc3c(C(=O)OC(F)(F)c4cc(N)ccc4F)cnn23)c1,9.3,0.390893191889625,0.7966157057641328,0.3736263736263736
NC(=O)C(N)=O,3.6,0.3339783029590034,0.868340655713109,0.0405405405405405
NC(=O)Nc1cccc(-c2ccnc3ccnn23)c1,8.9,0.7308370139932044,0.8591610575571048,0.3414634146341463
Cc1cnn2c(-c3cccc(NN)c3)ccnc12,8.8,0.5298163570509906,0.8398464122336401,0.3625
NC=O,2.3,0.3523255130205271,0.716790243570472,0.0133333333333333
Cc1cnn2c(-c3ccnc4c(C)cnn34)ccnc12,8.3,0.5276969452077275,0.7853561877799672,0.2368421052631578
NC(=O)Nc1cccc(NC(N)=O)c1,7.2,0.554340978615774,0.9162115138704642,0.1842105263157894
NC(=O)Nc1cccc(C(F)(F)F)c1,7.5,0.7233195284658265,0.9168159016590628,0.225
Cc1cnn2c(-c3cccc(NC(N)=O)c3)ccnc12,9.4,0.7459412360353671,0.8532583889061246,0.425
NC(=O)NC(F)C(N)=O,5.0,0.3986466953345963,0.7143357077119481,0.0609756097560975
NC(=O)Nc1cccc(-c2cccc(-c3ccnc4ccnn34)c2)c1,11.5,0.602495088486282,0.859699891917617,0.3333333333333333
CCOC(=O)c1cccc(NC(N)=O)c1,7.2,0.7354825126679541,0.9338874395825544,0.1976744186046511
NC(=O)Nc1cccc(-c2ccnc3c(C(=O)OC(F)F)cnn23)c1,9.7,0.7032855153382086,0.8213721092892864,0.4352941176470588
CNc1cccc(-c2ccnc3c(C)cnn23)c1,8.3,0.7460877065327408,0.8486342820561252,0.3670886075949367
NC(=O)Nc1cccc(NC(N)=O)c1,7.2,0.554340978615774,0.9162115138704642,0.1842105263157894
CCN(CC)Cc1cnn2c(-c3cccc(N)c3)ccnc12,8.2,0.7353225525450496,0.8314214584810807,0.3734939759036144
CNC(N)=O,3.1,0.3913317291408433,0.8756877555033132,0.0657894736842105
C[C@@H]1CN(c2ccccc2)C[C@H]1NC(N)=O,7.3,0.7843539131090168,0.7908739079958783,0.1075268817204301
CN,1.9,0.3846582089034356,0.7782360431936574,0.0138888888888888
Cc1cnn2c(-c3cccc(NC(N)=O)c3)ccnc12,9.4,0.7459412360353671,0.8532583889061246,0.425
c1cc2cc(c1)C2,5.2,0.460514353120077,0.7611595794037014,0.0789473684210526
CC(=O)NC(N)=O,4.3,0.4199986377892452,0.8622285507180385,0.0632911392405063
CC(F)(OC(=O)c1cnn2c(CF)ccnc12)C1CCC1,8.7,0.8138587900478045,0.7094418795639476,0.2659574468085106
NC(=O)c1cnn2c(-c3ccccc3)ccnc12,9.1,0.7347429359439639,0.8835564714052376,0.3461538461538461
COc1ccc(-c2cccc(C(N)=O)c2)cc1,9.4,0.875211504991072,0.9511556362057504,0.1363636363636363
NC(=O)NNC(N)=O,4.5,0.2823355443109961,0.827117877828257,0.0533333333333333
Cc1cnn2c(-c3cccc(F)c3)ccnc12,9.0,0.6395193999968158,0.8625456806850802,0.325
NC(=O)C(=O)Nc1cccc(-c2ccnc3ccnn23)c1,9.3,0.6786438893321901,0.8488642131143743,0.3333333333333333
CC(N)=O,2.9,0.4010309227553837,0.9072547042386004,0.054054054054054
NNC(N)=O,3.4,0.1864692943283258,0.8467562869718446,0.0526315789473684
Cc1cnn2c(-c3cccc(-c4ccnc5ccnn45)c3)ccnc12,10.6,0.4986162467766107,0.8154965939937711,0.3012048192771084
Cc1cnn2c(-c3cccc(Nc4cccc(NC=O)c4)c3)ccnc12,10.8,0.5370495572069385,0.8334526163303985,0.3488372093023256
Cc1cnn2c(-c3cccc(Nc4ccccc4)c3)ccnc12,10.0,0.6076192636647044,0.8723975415649989,0.3580246913580246
NC(=O)C(F)c1cnn2c(-c3ccccc3)ccnc12,8.9,0.7894600406808917,0.7793528295192232,0.2941176470588235
Cc1cnn2c(C)ccnc12,5.7,0.5626281074629381,0.8363314762812839,0.189873417721519
Cc1cnn2c(-c3cccc(Nc4cccc(NC=O)c4)c3)ccnc12,10.9,0.5370495572069385,0.8334526163303985,0.3488372093023256
O=C1OCc2cccc(c2)-c2ccnc3c1cnn23,7.4,0.5737917879247012,0.6348758103099034,0.2906976744186046
NC(=O)N1CC[NH+](c2cnn3c(-c4cccc(-c5ccccc5)c4)ccnc23)CC1,11.0,0.5527593837333418,0.7388131416615685,0.2903225806451613
Cc1cnn2c(-c3ccccc3)ccnc12,8.8,0.6164763856805636,0.8802550793893743,0.282051282051282
Cc1cnn2c(-c3ccnc4c(C)cnn34)ccnc12,7.4,0.5276969452077275,0.7853561877799672,0.2368421052631578
O=CNC(=O)Nc1cccc(-c2ccnc3c(C(=O)OC4(F)C5=CC=C4C=C5)cnn23)c1,10.7,0.4742613439857365,0.6498275695167872,0.4347826086956521
Cc1cccc(NC(N)=O)c1,7.0,0.6256042466747037,0.9440338087874872,0.1875
NC(=O)Nc1cccc(-c2ccnc3c(-c4cccc(-c5ccnc6c(C(=O)c7ccccc7)cnn56)c4)cnn23)c1,12.0,0.2630440375759755,0.7999064294420661,0.4044943820224719
CC(F)OC(=O)c1cnn2c(N)ccnc12,7.3,0.7620912570365488,0.7399553448979955,0.2528735632183908
CNC(N)=O,3.1,0.3913317291408433,0.8756877555033132,0.0657894736842105
NC(=O)Nc1cccc(-c2cccc(NC(N)=O)c2)c1,9.8,0.6859833039145984,0.9112697345779966,0.2236842105263158
Cc1cnn2c(SCc3cccc(NC(N)=O)c3)ccnc12,8.6,0.572698002346699,0.8231108357704581,0.2903225806451613
NC(=O)Nc1cccc(N)c1,6.3,0.5176953618225747,0.9161620139156924,0.175
Cc1cnn2c(-c3cccc(Nc4ccccc4)c3)ccnc12,10.1,0.6076192636647044,0.8723975415649989,0.3580246913580246
NC(=O)Nc1cccc(C(=O)Nc2cccc(-c3ccnc4c(C(=O)OCF)cnn34)c2)c1,10.5,0.3869280117354787,0.8278509949557645,0.4333333333333333
CNC(=O)Nc1cccc(-c2ccnc3c(C(N)=O)cnn23)c1,9.9,0.6749405879284583,0.8541781054355175,0.4936708860759494
Cc1cnn2c(-c3cccc(NNC(N)=O)c3)ccnc12,9.5,0.6367849738265237,0.8261362643964255,0.3809523809523809
Cc1cnn2c(-c3ccc(OC(N)=O)cc3)ccnc12,9.2,0.7716546419196124,0.8481820056402677,0.2674418604651162
CNC(N)=O,3.1,0.3913317291408433,0.8756877555033132,0.0657894736842105
NC(=O)NC(N)=O,4.4,0.3560243675460576,0.8585181434782194,0.0526315789473684
NC(=O)C(F)C(=O)Nc1cccc(-c2ccnc3c(CF)cnn23)c1,9.5,0.6861051215488417,0.7466778242420804,0.3977272727272727
NN,2.3,0.2606589485634476,0.6586309149885291,0.0
Nc1cccc(-c2ccnc3c(C(=O)C=O)cnn23)c1,8.4,0.3343515510313024,0.8261183079344645,0.3614457831325301
NC(=O)Nc1cccc(NC(N)=O)c1,7.2,0.554340978615774,0.9162115138704642,0.1842105263157894
NC(=O)c1cnn2c(-c3cccc(NC=O)c3)ccnc12,9.1,0.6978773343629392,0.8371498541400153,0.4146341463414634
Cc1cnn2c(-c3cccc(CCC(=O)Nc4cccc(-c5ccnc6c(C(N)=O)cnn56)c4)c3)ccnc12,12.1,0.3285031036456019,0.8008168900270872,0.4175824175824176
O=C(OO)C(F)c1cnn2c(-c3ccccc3)ccnc12,8.7,0.5910633159910098,0.7552485727558131,0.2873563218390804
CNC(N)=O,3.1,0.3913317291408433,0.8756877555033132,0.0657894736842105
CNC(N)=O,3.1,0.3913317291408433,0.8756877555033132,0.0657894736842105
NC(=O)CCC(=O)Nc1cccc(-c2ccnc3c(C(N)=O)cnn23)c1,10.0,0.5975393089370535,0.8515524194472529,0.4457831325301205
NC(=O)Nc1cccc(-c2ccnc3c(C=O)cnn23)c1,9.1,0.7130023734517174,0.8369188284989897,0.3975903614457831
NC(N)=O,2.7,0.3705073514035382,0.8964547042386004,0.0410958904109589
FF,1.9,0.3741821364263268,0.6703027098603241,0.0140845070422535
CC(F)(ON)C1CCC1,5.3,0.5771087085451899,0.6848069147657638,0.0465116279069767
Cc1cnn2c(N[C@@H]3CCCN3c3cnn4cccnc34)ccnc12,8.6,0.6184125463929018,0.7046439543282106,0.1764705882352941
CF,1.7,0.3673293108901918,0.703430914988529,0.028169014084507
Cc1cnn2c(-c3cccc(-c4cccc(NCC(N)=O)c4)c3)ccnc12,10.6,0.5739651015858797,0.8431997452001146,0.3837209302325581
CC(N)=O,2.9,0.4010309227553837,0.9072547042386004,0.054054054054054
Cc1cnn2c(-c3cccc(-c4cnn5c(-c6ccccc6)ccnc45)c3)ccnc12,11.3,0.4140818141295459,0.8253165338620896,0.2976190476190476
O=CCNC(=O)c1cnn2c(-c3cccc(NC(=O)Nc4ccc(Cl)c(C(F)(F)F)c4)c3)ccnc12,10.1,0.3226795258906478,0.8129043848078771,0.7532467532467533
NC(=O)Nc1cccc(-c2ccnc3c(C(N)=O)cnn23)c1,9.7,0.6650753780559682,0.8559393678118933,0.4615384615384615
Cc1cnn2c(-c3cccc(-c4ccnc5c(C=O)cnn45)c3)ccnc12,10.4,0.4649624081672374,0.7982571066961324,0.3095238095238095
Cc1cnn2c(-c3cccc(OC(C)(F)[C@H]4CCOC4)c3)ccnc12,9.9,0.7240305980898326,0.7047771482457242,0.2857142857142857
Cc1cnn2c(-c3cccc(NC(N)=O)c3)ccnc12,9.3,0.7459412360353671,0.8532583889061246,0.425
NC(=O)Nc1cccc(-c2cccc(NC(N)=O)c2)c1,10.1,0.6859833039145984,0.9112697345779966,0.2236842105263158
Cc1cnn2c(F)ccnc12,6.2,0.5289895313685672,0.7807503348420778,0.2
Cc1cnn2c(F)ccnc12,6.2,0.5289895313685672,0.7807503348420778,0.2
NC(=O)Nc1cccc(NC(N)=O)c1,7.2,0.554340978615774,0.9162115138704642,0.1842105263157894
Cc1cnn2c(C(=O)Nc3cccc(-c4ccnc5c(C)cnn45)c3)ccnc12,10.7,0.5162484863904672,0.8083303322851874,0.4320987654320987
Cc1cnn2c(-c3cccc(-c4cccc(NC(N)=O)c4)c3)ccnc12,11.9,0.5920998342370141,0.8537409968972001,0.4146341463414634
Cc1cnn2c(-c3cccc(-c4cnn5c(-c6cccc(N7CCCC7)c6)ccnc45)c3)ccnc12,10.7,0.3309151711601015,0.8044430114814719,0.2717391304347826
NC(=O)C(F)c1cnn2c(-c3cccc(N)c3)ccnc12,9.1,0.711693733281958,0.7554321146941008,0.3218390804597701
NC(=O)Nc1ccc(Cl)c(C(F)(F)C(=O)CN2CCOCC2)c1,8.2,0.8506039800987358,0.8259500374351418,0.4415584415584415
Nc1ccc(Cl)c(C(F)(F)c2cc[nH]c2)c1,7.4,0.779086359495181,0.7799991204546919,0.1686746987951807
O=C(Nc1ccc(Oc2ccnc(C(=O)NCCN3CCOCC3)c2)cc1)Nc1ccc(Cl)c(C(F)NC(=O)c2cc(Oc3ccc(NC(=O)Nc4ccc(Cl)c(C(F)(F)F)c4)cc3)ccn2)c1,8.6,0.0425525324571336,0.6639311381401757,0.8552631578947368
O=CNc1ccc(Oc2ccnc(C(=O)NCCN3CCOCC3)c2)cc1,8.5,0.6844327617154128,0.855114555576366,0.6388888888888888
O=C(Nc1ccc(Oc2ccnc(C(=O)NC(F)(F)c3ccccc3Cl)c2)cc1)Nc1ccc(Cl)c(C(F)(F)F)c1,11.5,0.1448270218049266,0.8041555473594079,0.6216216216216216
O=C(Nc1ccc(Oc2ccnc(C(=O)NC(F)(F)c3cc(NC(=O)Nc4ccc(Oc5ccnc(C(=O)NCCN6CCOCC6)c5)cc4)ccc3Cl)c2)cc1)Nc1ccc(Cl)c(C(F)(F)F)c1,7.3,0.0425429485283513,0.702983274248514,0.9285714285714286
O=C(Nc1ccc(Oc2ccnc(C(=O)NCCN3CCOCC3)c2)cc1)Nc1ccc(Cl)c(C(F)F)c1,9.0,0.3425147623424428,0.8262131369027971,0.7916666666666666
NC(=O)Nc1ccc(Oc2ccnc(C(=O)NCCN3CCOCC3)c2)cc1,9.1,0.6633558855841168,0.8674004912388114,0.6857142857142857
FCCN1CCOCC1,4.3,0.5364640980913418,0.8643627000518612,0.2028985507246377
O=Cc1cc(Oc2ccc(NC(=O)C(F)(F)F)cc2)ccn1,9.0,0.8806526168789208,0.8536717357084073,0.3461538461538461
FCCN1CCOCC1,4.3,0.5364640980913418,0.8643627000518612,0.2028985507246377
CCC(F)(F)c1cc(NC(=O)Nc2ccc(Oc3ccnc(C(=O)NC)c3)cc2)ccc1Cl,8.7,0.3893903742158997,0.8337346069958982,0.5789473684210527
O=C(Nc1ccc(Oc2ccnc(C(=O)NCCN3CCOCC3)c2)cc1)Nc1cccc(C(F)(F)F)c1,9.1,0.3941748320397371,0.8433228052161351,0.7671232876712328
O=C1Nc2ccc(cc2)Oc2ccnc(c2)C(=O)NCC2CCN(CC2)c2cc(ccc2Cl)N1,7.9,0.4168386688188555,0.5239356237552868,0.1881188118811881
O=C(Nc1ccc(Cl)cc1)Nc1ccc(Oc2ccnc(C(=O)N3CCN(CCO)CC3)c2)cc1,9.3,0.4583618310597461,0.8620895688886867,0.5128205128205128
O=C(Nc1ccc(Oc2ccnc(C(=O)NC(F)(F)c3cc(NC(=O)Nc4ccc(Oc5ccnc(C(=O)NCCN6CCOCC6)c5)cc4)ccc3Cl)c2)cc1)Nc1ccc(Cl)c(C(F)(F)F)c1,9.0,0.0425429485283513,0.702983274248514,0.9285714285714286
O=C(Nc1ccc(Oc2ccnc(C(=O)NF)c2)cc1)c1ccccc1,10.1,0.6863794138134722,0.8754335097177128,0.3947368421052631
O=C(Nc1ccc(Oc2ccnc(C(=O)NC(F)(F)c3cc(NC(=O)Nc4ccc(Oc5ccnc(C(=O)NCCN6CCOCC6)c5)cc4)ccc3Cl)c2)cc1)Nc1ccc(Cl)c(C(F)(F)F)c1,7.4,0.0425429485283513,0.702983274248514,0.9285714285714286
O=C(Nc1ccc(Oc2ccnc(C(=O)NCCN3CCOCC3)c2)cc1)Nc1ccc(Cl)c(C(F)F)c1,9.1,0.3425147623424428,0.8262131369027971,0.7916666666666666
CCC(F)(F)c1cc(C2(O)CCN(N3CCOCC3)CC2)ccc1Cl,8.6,0.8761415400477851,0.7660398015969787,0.2705882352941176
Nc1ccc(Oc2ccnc(C(=O)NCCN3CCOCC3)c2)cc1,8.6,0.773810687802715,0.873217489388639,0.6285714285714286
O=C(NCCN1CCOCC1)c1cc(ON2CCNC2=O)ccn1,8.1,0.7250352289318902,0.7984821182379833,0.5064935064935064
O=C(Nc1ccc(Oc2ccnc(C(=O)NCCN3CCOCC3)c2)cc1)Nc1cccc(C(F)(F)NC(=O)c2cc(Oc3ccc(NC(=O)Nc4ccc(Cl)c(C(F)(F)F)c4)cc3)ccn2)c1,8.1,0.042597054258227,0.7089478067831673,0.8666666666666667
O=Cc1cc(Oc2ccc(NC(=O)Nc3ccc(Cl)c(C(F)(F)F)c3)cc2)ccn1,9.2,0.4813375708220118,0.8497569145553414,0.5616438356164384
FCCN1CCOCC1,4.3,0.5364640980913418,0.8643627000518612,0.2028985507246377
NC(=O)c1cc(Oc2ccc(NC(=O)Nc3ccc(Cl)c(C(F)(F)C=O)c3)cc2)ccn1,9.3,0.4457756728648085,0.8204600848984828,0.5526315789473685
O=C(Nc1ccc(C2CCCCC2)cc1)Nc1ccc(Cl)c(C(F)(F)F)c1,10.2,0.5729195333941481,0.8864928418470573,0.3947368421052631
O=C(NCCN1CCOCC1)c1ccccn1,6.6,0.8065014222982005,0.9036918156929298,0.4714285714285714
O=COCCCc1ccnc(N2c3ccc(Cl)c(c3)C2(F)F)c1,7.0,0.4526799754531411,0.6991658413958061,0.1752577319587628
O=C(Nc1ccc(Oc2ccnc(C(=O)NCCN3CCOCC3)c2)cc1)Nc1ccc(-c2ccc(Cl)cc2)cc1,9.5,0.230963426896998,0.847658543310825,0.7464788732394366
NC(=O)Nc1ccc(Oc2ccnc(C(=O)NCCN3CCOCC3)c2)cc1,9.0,0.6633558855841168,0.8674004912388114,0.6857142857142857
FCCN1CCOCC1,4.3,0.5364640980913418,0.8643627000518612,0.2028985507246377
Nc1ccc(Cl)c(CC(=O)Nc2ccc(NN3CCOCC3)cc2)c1,8.8,0.7143806259178994,0.8582804182025954,0.2941176470588235
FCCN1CCOCC1,3.4,0.5364640980913418,0.8643627000518612,0.2028985507246377
O=C(Nc1ccc(Oc2ccnc(C(=O)NCCN3CCOCC3)c2)cc1)Nc1ccc(Cl)c(C(F)F)c1,10.0,0.3425147623424428,0.8262131369027971,0.7916666666666666
O=CNC(F)(F)c1cc(NC(=O)Nc2ccc(Oc3ccnc(C(=O)NCCN4CCOCC4)c3)cc2)ccc1Cl,8.6,0.196261919047515,0.7887287471241056,0.8378378378378378
FCCN1CCOCC1,3.9,0.5364640980913418,0.8643627000518612,0.2028985507246377
O=C(Nc1ccc(Oc2ccnc(C(=O)NCCN3CCOCC3)c2)cc1)Nc1cccc(C(F)(F)F)c1,10.3,0.3941748320397371,0.8433228052161351,0.7671232876712328
CCC(F)(F)c1cc(NC(=O)Nc2ccc(Oc3ccncc3)cc2)ccc1Cl,8.3,0.4702206394492811,0.8537369390930137,0.48
O=CNc1ccc(Cl)c(C(F)(F)CCN2CCOCC2)c1,7.8,0.8200505268106547,0.8140714099853,0.3974358974358974
NC(=O)Nc1ccc(Oc2ccnc(CC=O)c2)cc1,8.3,0.8140727055408595,0.8611577141422919,0.3125
O=C(Nc1ccc(O)cc1)Nc1ccc(Cl)c(C(F)(F)CCN2CCOCC2)c1,9.1,0.595483817443296,0.8419031679860718,0.52
Nc1ccc(Oc2ccnc(C(=O)NCCN3CCOCC3)c2)cc1,8.7,0.773810687802715,0.873217489388639,0.6285714285714286
O=C(Nc1ccc(C2CCCCCC2)cc1)Nc1ccc(Cl)c(C(F)(F)F)c1,9.8,0.5069241861680391,0.8839675485915228,0.3947368421052631
O=C(Nc1ccc(Oc2ccnc(C(=O)NCCN3CCOCC3)c2)cc1)Nc1ccc(Cl)c(C(F)(CCN2CCOCC2)c2ccccn2)c1,7.2,0.162751019883769,0.7127230755200389,0.7848101265822784
CCC(=O)Nc1ccc(C(=O)C(F)F)cc1,8.0,0.8029924797396701,0.8954677007116444,0.1604938271604938
Cc1ccc(NC(=O)Nc2ccc(Oc3ccnc(C(=O)NCCN4CCOCC4)c3)cc2)cc1C(F)(F)F,9.5,0.3732033869771585,0.8332787326730008,0.8309859154929577
FCCN1CCOCC1,4.3,0.5364640980913418,0.8643627000518612,0.2028985507246377
Nc1ccc(Cl)c(C(N)(F)c2cccc(C(=O)c3cc(Oc4ccc(NC(=O)Nc5ccc(Cl)c(C(F)(F)F)c5)cc4)ccn3)c2)c1,10.2,0.0559317385872024,0.7293762128191595,0.5057471264367817
O=C(Nc1ccc(Oc2ccnc(C(=O)NCCN3CCOCC3)c2)cc1)Nc1ccc(Cl)c(C(F)(F)F)c1,9.1,0.3456468594892581,0.8339810195752876,1.0
O=C(Nc1ccccc1)Nc1ccc(Cl)c(C(F)(F)C(=O)CCCN2CCOCC2)c1,9.3,0.6068769987536037,0.8426580966471308,0.4936708860759494
O=C(Nc1ccc(Oc2ccnc(C(=O)NC(F)(F)c3cc(NC(=O)Nc4ccc(Oc5ccnc(C(=O)NCCN6CCOCC6)c5)cc4)ccc3Cl)c2)cc1)Nc1ccc(Cl)c(C(F)(F)F)c1,7.2,0.0425429485283513,0.702983274248514,0.9285714285714286
O=C(NCCN1CCOCC1)c1cc(O)ccn1,6.6,0.7781165154005866,0.8650467080916281,0.5
O=C(Nc1ccc(Oc2ccnc(C(=O)NCCN3CCOCC3)c2)cc1)Nc1ccc(Cl)c(C(F)F)c1,9.2,0.3425147623424428,0.8262131369027971,0.7916666666666666
FCCN1CCOCC1,3.4,0.5364640980913418,0.8643627000518612,0.2028985507246377
CC(O)(F)c1cc(NC(=O)Nc2ccc(Oc3ccnc(C(=O)NF)c3)cc2)ccc1Cl,8.4,0.3883074775605805,0.762598944683972,0.581081081081081
N=S(=O)(F)CCc1cc(NC(=O)Nc2ccc(Oc3ccnc(C(=O)NCCN4CCOCC4)c3)cc2)ccc1Cl,9.4,0.2319431497421922,0.7465500364170894,0.7125
O=C(Nc1ccc(Oc2ccnc(C(=O)NCCN3CCOCC3)c2)cc1)Nc1ccc(Cl)c(C(F)(F)C2CC2)c1,9.5,0.2804527070863674,0.8036703644811075,0.8493150684931506
O=C(Nc1ccc(Oc2ccnc(C(=O)NC(F)(F)c3cc(NC(=O)Nc4ccc(Oc5ccnc(C(=O)NCCN6CCOCC6)c5)cc4)ccc3Cl)c2)cc1)Nc1ccc(Cl)c(C(F)(F)F)c1,8.1,0.0425429485283513,0.702983274248514,0.9285714285714286
O=CNc1ccc(Oc2ccnc(C(=O)NCCN3CCOCC3)c2)cc1,8.6,0.6844327617154128,0.855114555576366,0.6388888888888888
NC(=O)c1cc(Oc2ccc(NC(=O)Nc3ccc(Cl)c(C(F)(F)F)c3)cc2)ccn1,8.5,0.4906963907421218,0.8615980381010255,0.6521739130434783
CCC(F)(F)c1cc(NC(=O)Nc2ccc(Oc3ccnc(C(N)=O)c3)cc2)ccc1Cl,9.3,0.4156019759965252,0.8354322543021129,0.5657894736842105
O=C(Nc1ccccc1)Nc1ccc(Cl)c(C(F)(F)F)c1,9.0,0.8040902981950878,0.9211305791621196,0.4202898550724637
NC(=O)Nc1ccc(Oc2ccnc(C(=O)NCCN3CCOCC3)c2)cc1,9.2,0.6633558855841168,0.8674004912388114,0.6857142857142857
FCCN1CCOCC1,4.3,0.5364640980913418,0.8643627000518612,0.2028985507246377
FCCN1CCOCC1,3.3,0.5364640980913418,0.8643627000518612,0.2028985507246377
FCCN1CCOCC1,3.6,0.5364640980913418,0.8643627000518612,0.2028985507246377
O=CNc1ccc(Oc2ccnc(C(=O)NCCN3CCOCC3)c2)cc1,8.5,0.6844327617154128,0.855114555576366,0.6388888888888888
CNC(=O)c1cc(Oc2ccc(NC(=O)Nc3ccc(Cl)c(C(F)(F)CCN4CCOCC4)c3)cc2)ccn1,9.1,0.3265940118715867,0.8077390237332919,0.7368421052631579
O=C(Nc1ccc(Oc2ccnc(C(=O)NF)c2)cc1)Nc1ccc(Cl)c(C(F)F)c1,9.1,0.4184731010529385,0.8214334523259345,0.52
NC(=O)Nc1ccc(Oc2ccnc(C(=O)NCCN3CCOCC3)c2)cc1,9.0,0.6633558855841168,0.8674004912388114,0.6857142857142857
O=CNc1ccc(Oc2ccnc(C(=O)NF)c2)cc1,8.8,0.646184943296116,0.8290702647495795,0.3733333333333333
O=C(Nc1ccc(O)cc1)Nc1ccc(Cl)c(C(F)(F)F)c1,8.9,0.6983520279282863,0.9040505671501892,0.4202898550724637
O=C(Nc1ccc(Oc2ccnc(C(=O)NF)c2)cc1)Nc1ccc(Cl)c(C(F)(F)c2ccc(F)cc2)c1,10.1,0.1714018034448609,0.8060101821279998,0.5512820512820513
O=C(Nc1ccc(Oc2ccnc(C(=O)NC(F)(F)c3cc(NC(=O)Nc4ccc(Oc5ccnc(C(=O)NCCN6CCOCC6)c5)cc4)ccc3Cl)c2)cc1)Nc1ccc(Cl)c(C(F)(F)F)c1,8.2,0.0425429485283513,0.702983274248514,0.9285714285714286
O=C(Nc1ccc(Cl)cc1)Nc1ccc(N([O-])[O-])cc1,8.1,0.8418093056426416,0.8601461082043702,0.2105263157894736
O=C(Nc1ccc(Oc2ccnc(C(=O)NF)c2)cc1)Nc1ccc(Cl)c(C(F)F)c1,9.5,0.4184731010529385,0.8214334523259345,0.52
FCCN1CCOCC1,3.5,0.5364640980913418,0.8643627000518612,0.2028985507246377
O=C(Nc1ccc(Oc2ccnc(C(=O)NCCN3CCOCC3)c2)cc1)Nc1cccc(C(F)(F)F)c1,9.1,0.3941748320397371,0.8433228052161351,0.7671232876712328
CCNC(=O)c1cc(Oc2ccc(NC(=O)Nc3ccc(Cl)c(C4CNCCCO4)c3)cc2)ccn1,9.2,0.3573287719017396,0.7740184940929191,0.4831460674157303
NC(=O)Nc1ccc(Oc2ccnc(C(=O)NC(F)(F)c3cc(NC(=O)Oc4ccc(N)cc4)ccc3Cl)c2)cc1,10.9,0.1310931557570155,0.7957496246932106,0.4761904761904761
NC(=O)Nc1ccc(Cl)c(C(F)(F)Cc2ccncc2)c1,8.6,0.906179699455004,0.8388403934857271,0.3086419753086419
Nc1ccc(Cl)c(OC(=O)Nc2ccc(Oc3ccnc(C(=O)NCCN4CCOCC4)c3)cc2)c1,9.3,0.3896930478027204,0.8345157123607508,0.6582278481012658
O=C(NCCN1CCOCC1)c1cc(Oc2ccc(Oc3ccncc3)cc2)ccn1,9.4,0.5991928749709341,0.8573335907182769,0.6470588235294118
NC(=O)Nc1ccc(Oc2ccnc(C(=O)NC(F)(F)c3cc(NC(=O)CCNC(=O)c4cc(O)ccn4)ccc3Cl)c2)cc1,10.3,0.1301013847235262,0.7735617148811728,0.5232558139534884
NC(=O)Nc1ccc(Cl)c(C(F)(F)C=O)c1,7.4,0.804468473525323,0.8162512683068398,0.2857142857142857
NC(=O)Nc1ccc(Oc2ccnc(C(=O)NCCN3CCOCC3)c2)cc1,9.0,0.6633558855841168,0.8674004912388114,0.6857142857142857
NC(CCN1CCOCC1)(c1cc(NC(=O)Nc2ccc(Oc3ccnc(C(=O)NCCN4CCOCC4)c3)cc2)ccc1Cl)C(F)(F)F,5.4,0.2114742458822496,0.7176246103743128,0.8266666666666667
CCNC(=O)c1cc(Oc2ccc(-c3ccc(C(F)(F)c4cc(NC(N)=O)ccc4Cl)cc3)cc2)ccn1,10.0,0.2364654680321292,0.8225837263407964,0.5
O=C(Nc1ccc(Oc2ccnc(C(=O)NC(F)(F)c3cc(NC(=O)Nc4ccc(Oc5ccnc(C(=O)NCCN6CCOCC6)c5)cc4)ccc3Cl)c2)cc1)Nc1ccc(Cl)c(C(F)(F)F)c1,8.6,0.0425429485283513,0.702983274248514,0.9285714285714286
NC(F)(F)c1cc(NC(=O)Nc2ccc(Oc3ccnc(C(=O)NCCN4CCOCC4)c3)cc2)ccc1Cl,9.6,0.2878842718108969,0.8127768615711296,0.8985507246376812
O=C(Nc1ccc(Oc2ccnc(C(=O)NCCN3CCOCC3)c2)cc1)Nc1ccc(Cl)c(C(F)F)c1,9.2,0.3425147623424428,0.8262131369027971,0.7916666666666666
O=CNc1ccc(Oc2ccnc(C(=O)NC(=O)CC(F)(F)c3ccccc3Cl)c2)cc1,10.6,0.4821057688138665,0.8111249346055798,0.4186046511627907
NC(=O)c1ccc(NC(=O)Nc2ccc(Cl)c(C(F)(F)F)c2)cc1,8.8,0.7721999864530877,0.901793462278558,0.4027777777777778
O=C(Nc1ccc(Oc2ccnc(C(=O)NCc3ccccc3F)c2)cc1)Nc1ccc(Cl)c(C(F)(F)F)c1,11.9,0.2081664530345643,0.8451896581439262,0.6363636363636364
O=CNc1ccc(Oc2ccnc(C(=O)NF)c2)cc1,8.8,0.646184943296116,0.8290702647495795,0.3733333333333333
NC(=O)c1cc(Oc2ccc(NC(=O)Nc3ccc(Cl)c(C(F)(F)F)c3)cc2)ccn1,8.4,0.4906963907421218,0.8615980381010255,0.6521739130434783
FCCN1CCOCC1,4.3,0.5364640980913418,0.8643627000518612,0.2028985507246377
FCCN1CCOCC1,4.3,0.5364640980913418,0.8643627000518612,0.2028985507246377
CCNC(=O)c1cc(Oc2ccc(NC(=O)Nc3ccc(Cl)c(C(F)(F)NC=O)c3)cc2)ccn1,8.7,0.2486165062252166,0.8052152523989532,0.5822784810126582
O=C(Nc1ccc(Oc2ccnc(C(=O)NCCN3CCOCC3)c2)cc1)Nc1cccc(C(F)(F)F)c1,9.1,0.3941748320397371,0.8433228052161351,0.7671232876712328
Nc1ccc(Oc2ccnc(C(=O)NC(F)(F)c3cc(NC(=O)Nc4ccc(C(=O)C(=O)Nc5ccc(Cl)c(C(F)(F)F)c5)cc4)ccc3Cl)c2)cc1,11.0,0.0311475433709642,0.7583409341557101,0.5609756097560976
FCCN1CCOCC1,3.6,0.5364640980913418,0.8643627000518612,0.2028985507246377
O=C(Nc1ccc(O)cc1)Nc1ccc(Cl)c(C(F)(F)CCN2CCOCC2)c1,8.7,0.595483817443296,0.8419031679860718,0.52
O=C(Nc1ccc(Oc2ccnc(C(=O)NF)c2)cc1)Nc1cccc(C(F)(F)F)c1,10.3,0.3825457128748054,0.8428697034311513,0.4868421052631579
O=CNc1ccc(Oc2ccnc(C(=O)NCCN3CCOCC3)c2)cc1,8.5,0.6844327617154128,0.855114555576366,0.6388888888888888
COc1cc(NC(=O)NOCc2ccnc(C(=O)NF)c2)ccc1Cl,8.7,0.5371055494842537,0.8170310103881876,0.3372093023255814
O=C(Nc1ccc(Cl)c(C(F)(F)CCN2CCOCC2)c1)N1CCCC1,9.0,0.8357856957816947,0.8381432006394038,0.4430379746835443
O=C(Nc1ccc(Oc2ccnc(C(=O)NC(F)(F)c3cc(NC(=O)Nc4ccc(Oc5ccnc(C(=O)NCCN6CCOCC6)c5)cc4)ccc3Cl)c2)cc1)Nc1ccc(Cl)c(C(F)(F)F)c1,8.7,0.0425429485283513,0.702983274248514,0.9285714285714286
O=COc1ccnc(-c2ccccc2Nc2ccc(Cl)c(C(F)(F)F)c2)c1,9.4,0.5657740716656291,0.8345167284867335,0.3218390804597701
Nc1ccc(Oc2ccnc(C(=O)c3ccc(F)cc3)c2)cc1,9.3,0.5874697774407144,0.8923519910370954,0.2875
O=C(Nc1ccc(Oc2ccnc(C(=O)NF)c2)cc1)Nc1ccc(CC(F)(F)F)c(C(F)(F)F)c1,9.6,0.2666456634237873,0.7993325045429275,0.5394736842105263
O=C(Nc1ccc(Oc2ccnc(C(=O)NC(F)(F)c3cc(NC(=O)Nc4ccc(Oc5ccnc(C(=O)NCCN6CCOCC6)c5)cc4)ccc3Cl)c2)cc1)Nc1ccc(Cl)c(C(F)(F)F)c1,8.2,0.0425429485283513,0.702983274248514,0.9285714285714286
O=C(Nc1ccc(Oc2ccncc2)cc1)Nc1ccc(Cl)c(C(F)(F)F)c1,9.3,0.5416453621952397,0.8821398952322238,0.5588235294117647
CN(C)C(=O)c1cc(Cc2ccc(O)cc2)ccn1,8.8,0.9143789264686684,0.8858005931158858,0.1647058823529411
FCCN1CCOCC1,4.4,0.5364640980913418,0.8643627000518612,0.2028985507246377
O=CNC(F)(F)c1cc(NC(=O)Nc2ccc(O)cc2)ccc1Cl,8.7,0.3757777117896793,0.8292594475753126,0.3333333333333333
O=CNc1ccc(Oc2ccnc(C(=O)NCCN3CCOCC3)c2)cc1,8.7,0.6844327617154128,0.855114555576366,0.6388888888888888
O=C(Nc1ccc(Oc2ccnc(C(=O)NCCN3CCOCC3)c2)cc1)Nc1ccc(Cl)c(C(F)CCN2CCOCC2)c1,8.7,0.25425897675962,0.7448313491546801,0.7733333333333333
FCCN1CCOCC1,4.0,0.5364640980913418,0.8643627000518612,0.2028985507246377
Oc1ccnc(CCCCCl)c1,6.4,0.5772146250822148,0.8351439491849513,0.1375
CC(F)(F)c1cc(NC(=O)Nc2ccc(Oc3ccnc(C(=O)NCCN4CCOCC4)c3)cc2)ccc1Cl,9.3,0.3265940118715867,0.8225458151400831,0.8857142857142857
O=C(Nc1ccc(Oc2ccnc(C(=O)NC(F)(F)c3cc4ccc3oc3ccc(cc3)[nH]c(=O)[nH]4)c2)cc1)Nc1ccc(Cl)c(C(F)(F)F)c1,11.2,0.0819928393193549,0.5539340359612017,0.5340909090909091
O=C(Nc1ccc(Oc2ccnc(C(=O)NC(F)(F)c3cc(NC(=O)N4CCOCC4)ccc3Cl)c2)cc1)Nc1ccc(Cl)c(C(F)(F)F)c1,7.1,0.1064550206254774,0.7680845236782916,0.7105263157894737
NC(=O)c1cc(Oc2ccc(NC(=O)Nc3ccc(Cl)c(C(F)(F)F)c3)cc2)ccn1,9.4,0.4906963907421218,0.8615980381010255,0.6521739130434783
FCCN1CCOCC1,3.9,0.5364640980913418,0.8643627000518612,0.2028985507246377
O=CNc1ccc(Cl)c(C(F)(F)F)c1,7.1,0.7677268833653836,0.8663186043617652,0.2916666666666667
CCC(=O)Nc1ccc(Oc2ccnc(C(=O)NC(F)(F)c3cc(NC(=O)Nc4ccc(Oc5ccncc5)cc4)ccc3Cl)c2)cc1,9.3,0.1036060113909132,0.7859792412061718,0.55
FCCN1CCOCC1,3.7,0.5364640980913418,0.8643627000518612,0.2028985507246377
O=C(Nc1ccc(Oc2ccnc(C(=O)NCCN3CCOCC3)c2)cc1)Nc1ccc(Cl)c(C(F)F)c1,9.1,0.3425147623424428,0.8262131369027971,0.7916666666666666
O=CNc1ccc(Oc2ccnc(C(=O)NCCN3CCOCC3)c2)cc1,8.5,0.6844327617154128,0.855114555576366,0.6388888888888888
O=C1CCCCCCC(F)(F)c2cc1ccc2Cl,7.6,0.651650957376205,0.698076657736748,0.1264367816091954
NC(=O)c1cc(Oc2ccc(NC(=O)Nc3ccc(Cl)c(C(F)(F)F)c3)cc2)ccn1,9.5,0.4906963907421218,0.8615980381010255,0.6521739130434783
CNC(=O)c1cc(Oc2ccc(NC(=O)Nc3ccc(Cl)c(C(F)(F)NC(=O)c4cc(Oc5ccc(NC(=O)Nc6ccc(Cl)c(C(F)(F)F)c6)cc5)ccn4)c3)cc2)ccn1,9.3,0.0517687494987842,0.7360238038901955,0.6133333333333333
NC(=O)Nc1ccc(Cl)c(C(F)(F)CCN2CCOCC2)c1,8.6,0.8701328290529715,0.8339774103616227,0.4605263157894737
CNC(=O)c1cc(Oc2ccc(NC(=O)Nc3ccc(Cl)c(C(F)(F)F)c3)cc2)ccn1,9.3,0.4613395020059931,0.8592198083211277,0.6571428571428571
CCCCCNC(F)(CCN1CCOCC1)c1cc(NC(=O)Nc2ccc(Oc3ccnc(C(=O)NCCN4CCOCC4)c3)cc2)ccc1Cl,8.7,0.0999962091651081,0.7116404226296678,0.7654320987654321
FCCN1CCOCC1,4.3,0.5364640980913418,0.8643627000518612,0.2028985507246377
O=C(Nc1ccc(Oc2ccnc(C(=O)NCCN3CCOCC3)c2)cc1)Nc1ccc(Cl)c(C(F)F)c1,9.3,0.3425147623424428,0.8262131369027971,0.7916666666666666
O=C(Nc1ccc(Oc2ccnc(C(=O)NC(F)(F)c3cc(NC(=O)Nc4ccc(Oc5ccnc(C(=O)NCCN6CCOCC6)c5)cc4)ccc3Cl)c2)cc1)Nc1ccc(Cl)c(C(F)(F)F)c1,8.9,0.0425429485283513,0.702983274248514,0.9285714285714286
CNC(=O)c1cc(Oc2ccc(NC(=O)Nc3ccc(Cl)c(C(F)(F)Cc4cccc(F)c4)c3)cc2)ccn1,10.3,0.2184744846934842,0.817060986815255,0.5176470588235295
FCCN1CCOCC1,3.4,0.5364640980913418,0.8643627000518612,0.2028985507246377
O=C(Nc1ccc(Oc2ccnc(C(=O)NF)c2)cc1)Nc1ccc(Cl)c(C(F)F)c1,9.4,0.4184731010529385,0.8214334523259345,0.52
O=C(Nc1ccc(Oc2ccncc2)cc1)c1ccc(Cl)c(Nc2ccc(Cl)c(C(F)(F)CCN3CCOCC3)c2)c1,9.7,0.1889469077771426,0.8080417247454322,0.5232558139534884
O=C(NO)Nc1ccc(Cl)c(C(F)(F)Oc2ccnc(C(=O)C(=O)O)c2)c1,9.2,0.252453722515119,0.7967403655562248,0.419753086419753
CN(F)c1cc(Oc2ccc(NC(=O)Nc3ccc(Cl)c(CCCN4CCOCC4)c3)cc2)ccn1,9.5,0.3542724391821928,0.8128901206447744,0.5476190476190477
O=CNc1ccc(Oc2ccnc(C(=O)NC(F)(F)c3cc(NC(=O)Nc4ccc(Oc5ccnc(C(=O)NCCN6CCOCC6)c5)cc4)ccc3Cl)c2)cc1,9.8,0.0581067204831125,0.7381470378048572,0.8051948051948052
O=C(Nc1ccc(Cl)cc1)Nc1ccc(Oc2ccnc(C(=O)O)c2)cc1,9.4,0.583163257668019,0.8976615731157886,0.4444444444444444
O=C1Nc2ccc(cc2)OC(F)(F)c2cc(ccc2Cl)N1,7.4,0.756200256127372,0.5730695846919492,0.1264367816091954
CCNC(=O)c1cc(Oc2ccc(N3CCCCC3)cc2)ccn1,9.4,0.9121610519650089,0.8887955248313898,0.4102564102564102
FCCN1CCOCC1,4.3,0.5364640980913418,0.8643627000518612,0.2028985507246377
FCCN1CCOCC1,3.5,0.5364640980913418,0.8643627000518612,0.2028985507246377
O=C(Nc1ccc(Oc2ccnc(C(=O)NCCN3CCOCC3)c2)cc1)Nc1ccc(Cl)c(C(F)NC(=O)c2cc(Oc3ccc(NC(=O)Nc4ccc(Cl)c(C(F)(F)F)c4)cc3)ccn2)c1,8.1,0.0425525324571336,0.6639311381401757,0.8552631578947368
O=C(Nc1ccc(Oc2ccnc(C(=O)NC(F)(F)c3cc(NC(=O)Nc4ccc(Oc5ccnc(C(=O)NCCN6CCOCC6)c5)cc4)ccc3Cl)c2)cc1)Nc1ccc(Cl)c(C(F)(F)F)c1,4.1,0.0425429485283513,0.702983274248514,0.9285714285714286
CCNC(=O)c1cc(Oc2ccc(NC(N)=O)cc2)ccn1,8.6,0.7857720427708692,0.8889743554049454,0.4266666666666667
O=C(Nc1ccc(Oc2ccnc(C(=O)NCCN3CCOCC3)c2)cc1)Nc1cccc(C(F)(F)CCN2CCOCC2)c1,8.7,0.2717971376885912,0.7958420707424446,0.7142857142857143
CN(C)c1ccc(NC(=O)Nc2ccc(Cl)c(C(F)(F)NC(=O)c3cc(Oc4ccc(N)cc4)ccn3)c2)cc1,11.5,0.1466542348152762,0.8040333323768376,0.524390243902439
O=C(Nc1ccc(Oc2ccnc(C(=O)NCCN3CCOCC3)c2)cc1)Nc1ccc(Cl)c(C(F)F)c1,9.0,0.3425147623424428,0.8262131369027971,0.7916666666666666
O=CNc1ccc(Oc2ccnc(C(=O)NF)c2)cc1,8.7,0.646184943296116,0.8290702647495795,0.3733333333333333
O=C(Nc1ccc(Oc2ccnc(C(=O)NCCN3CCOCC3)c2)cc1)Nc1ccc(Cl)c(C(F)F)c1,9.3,0.3425147623424428,0.8262131369027971,0.7916666666666666
CCONC(=O)c1cc(Oc2ccc(NC(=O)Nc3ccc(Cl)c(C(F)(F)NC=O)c3)cc2)ccn1,8.9,0.1751603178849464,0.7874323360645413,0.5365853658536586
FCCN1CCOCC1,3.9,0.5364640980913418,0.8643627000518612,0.2028985507246377
O=C(Nc1ccc(Oc2ccnc(C(=O)NCCN3CCOCC3)c2)cc1)Nc1ccc(Cl)c(C(F)F)c1,9.2,0.3425147623424428,0.8262131369027971,0.7916666666666666
COC(F)(F)c1cc(NC(=O)Nc2ccc(Oc3ccnc(C(=O)NF)c3)cc2)ccc1Cl,9.6,0.388548363756536,0.8035717307417174,0.5733333333333334
Nc1ccc(Oc2ccnc(C(=O)NOC(F)(F)c3cc(N)ccc3Cl)c2)cc1,9.4,0.4084861198368286,0.8038609726324945,0.430379746835443
NC(=O)Nc1ccc(Cl)c(CCONC(=O)c2cc(O)ccn2)c1,9.6,0.4667236940628178,0.8176786870423134,0.2988505747126437
O=C(Nc1ccc(Oc2ccncc2)cc1)c1ccccc1,9.3,0.7857842620914394,0.9351281213908208,0.2763157894736842
O=C1COc2ccc(cc2)NC(=O)c2ccc(cc2)C(F)(F)c2cc(ccc2Cl)N1,8.0,0.525424133305623,0.5690710004260023,0.1237113402061855
O=C(Nc1ccc(Oc2ccnc(C(=O)NC(F)(F)c3cc(NC(=O)Nc4ccc(Oc5ccnc(C(=O)NCCN6CCOCC6)c5)cc4)ccc3Cl)c2)cc1)Nc1ccc(Cl)c(C(F)(F)F)c1,8.8,0.0425429485283513,0.702983274248514,0.9285714285714286
CCC(F)c1ccc(-c2ccc(NC(=O)Nc3ccc(Cl)c(OOc4ccnc(C(=O)NCCN5CCOCC5)c4)c3)cc2)cc1,9.6,0.1132020424891543,0.7323488938165299,0.5977011494252874
O=C(Nc1ccc(Oc2ccnc(C(=O)NF)c2)cc1)Nc1cccc(C(F)(F)F)c1,10.2,0.3825457128748054,0.8428697034311513,0.4868421052631579
O=C(Nc1ccc(Oc2ccnc(C(=O)NCCN3CCOCC3)c2)cc1)Nc1ccc(Cl)c(C(F)(CCN2CCOCC2)C2CCCCC2)c1,7.7,0.1785906928825385,0.7119535349934512,0.7848101265822784
NC(=O)Nc1ccc(Oc2ccnc(C(=O)NCCN3CCOCC3)c2)cc1,9.1,0.6633558855841168,0.8674004912388114,0.6857142857142857
O=C(NF)c1cc(Oc2ccc(NC(=O)C3CC3)cc2)ccn1,9.3,0.8314818370823295,0.8583430758497186,0.4078947368421052
O=C(Nc1ccc(Oc2ccnc(C(=O)NCCN3CCOCC3)c2)cc1)Nc1ccc(Cl)c(C(F)(CCN2CCOCC2)C2CCCC2)c1,8.1,0.1892778084196878,0.7144848299301977,0.7948717948717948
O=C(Nc1ccc(Oc2ccnc(C(=O)NCCN3CCOCC3)c2)cc1)Nc1ccc(Cl)c(C(F)(F)NC(=O)c2cc(Oc3ccccc3)ccn2)c1,9.0,0.0939135283937815,0.7605285967749535,0.8378378378378378
O=C(Nc1ccc(Cl)cc1)Nc1ccc(Oc2ccnc(C(=O)NCCN3CCOCC3)c2)cc1,9.3,0.4316519082145149,0.8625344354567915,0.7794117647058824
O=CNC(F)(F)c1cc(NC(=O)Nc2ccc(Oc3ccnc(C(=O)NCCN4CCOCC4)c3)cc2)ccc1Cl,9.4,0.196261919047515,0.7887287471241056,0.8378378378378378
FCCN1CCOCC1,4.3,0.5364640980913418,0.8643627000518612,0.2028985507246377
O=C(Nc1ccc(Cl)c(C(F)(F)F)c1)N1CCN(N2CCOCC2)CC1,8.1,0.8404694492245923,0.8296289210278639,0.44
Nc1ccc(Oc2ccnc(NNc3ccc(OC(=O)Nc4ccc(Cl)c(C(F)(F)NC(=O)c5cc(O)ccn5)c4)c(C(F)(F)F)c3)c2)cc1,9.8,0.0363200004839454,0.7307189192826873,0.4166666666666667
Nc1ccc(Cl)c(C(F)(F)C(=O)N2CCOCC2)c1,8.0,0.8461879162767495,0.8260598149535545,0.3037974683544304
O=C(CO)Nc1ccc(Oc2ccnc(C(=O)NCCN3CCOCC3)c2)cc1,8.9,0.6024996872148586,0.8622576216624768,0.676056338028169
CCC(F)(F)c1cc(NC(=O)Nc2ccc(O)cc2)ccc1Cl,9.0,0.6704754680478132,0.8681795856646899,0.3552631578947368
NC(=O)Nc1ccc(Oc2ccnc(C(=O)NC(F)(F)c3cc(OC(F)F)ccc3Cl)c2)cc1,10.0,0.2951094868152379,0.8034748777104086,0.4634146341463415
CC(CCN1CCOCC1)(c1ccccc1)c1cc(NC(=O)Nc2ccc(Oc3ccnc(C(=O)NCCN4CCOCC4)c3)cc2)ccc1Cl,9.3,0.1488114633028052,0.728299637213379,0.759493670886076
FCCN1CCOCC1,3.4,0.5364640980913418,0.8643627000518612,0.2028985507246377
CCNC(=O)c1cc(CCN2CCOCC2)ccn1,7.7,0.8496796931553905,0.8803632953193427,0.4025974025974026
O=C(Nc1ccc(Oc2ccnc(C(=O)NCCN3CCOCC3)c2)cc1)Nc1ccc(Cl)c(C(F)(F)F)c1,10.0,0.3456468594892581,0.8339810195752876,1.0
FCCN1CCOCC1,4.3,0.5364640980913418,0.8643627000518612,0.2028985507246377
O=Cc1cc(Oc2ccc(NC(=O)Nc3ccc(Cl)c(C(F)(F)F)c3)cc2)ccn1,9.2,0.4813375708220118,0.8497569145553414,0.5616438356164384
O=C(Nc1ccc(Oc2ccnc(C(=O)NC(F)F)c2)cc1)Nc1ccc(Cl)c(C(F)(F)F)c1,9.0,0.2797859272619442,0.8285691493961695,0.6388888888888888
O=C(NCCN1CCOCC1)c1cc(Oc2ccc(N3CCCC3=O)cc2)ccn1,9.6,0.7523551507133999,0.8556750297734566,0.5641025641025641
FCCN1CCOCC1,3.8,0.5364640980913418,0.8643627000518612,0.2028985507246377
CCNC(=O)c1cc(Oc2ccc(CCCO)cc2)ccn1,8.2,0.8240719862712076,0.8882031434627657,0.3544303797468354
O=C(Nc1ccc(Oc2ccnc(C(=O)NCCN3CCOCC3)c2)cc1)Nc1cccc(C(F)(F)F)c1,10.8,0.3941748320397371,0.8433228052161351,0.7671232876712328
O=C(Nc1ccc(Oc2ccnc(C(=O)NCCN3CCOCC3)c2)cc1)Nc1ccc(Cl)c(C(F)(CCN2CCOCC2)c2ccccc2)c1,6.5,0.1505711590685387,0.7220093945701161,0.8157894736842105
O=C(Nc1ccc(Oc2ccnc(C(=O)NCCN3CCOCC3)c2)cc1)Nc1ccc(Cl)c(C(F)F)c1,9.9,0.3425147623424428,0.8262131369027971,0.7916666666666666
O=C(Nc1ccc(Cl)cc1)Nc1ccc(Oc2ccnc(C(=O)NF)c2)cc1,9.6,0.536937123404573,0.8617105719605588,0.4929577464788732
O=Cc1cc(Oc2ccc(NC(=O)Nc3ccc(Cl)c(C(F)(F)F)c3)cc2)ccn1,9.1,0.4813375708220118,0.8497569145553414,0.5616438356164384
Cn1nccc1N1CCCC1=O,5.7,0.6090314762689245,0.8170344469225077,0.1325301204819277
c1ccc(CCN2CCOCC2)nc1,7.1,0.7128623630855286,0.9057817664249274,0.25
COC(F)(c1cc(N)ccc1Cl)N(Cc1ccnc(C(=O)NCCN2CCOCC2)c1)C(N)=O,8.2,0.2739162564793866,0.7297785927370372,0.5340909090909091
O=C(NCCN1CCOCC1)Oc1ccnc(C(=O)NCCN2CCOCC2)c1,8.0,0.5979122402700325,0.8439124848385163,0.5492957746478874
O=C(NCCN1CCOCC1)c1cc(OF)ccn1,6.9,0.8383552921065519,0.8406536449696923,0.5797101449275363
NC(=O)c1cc(Oc2ccc(NC(=O)c3ccc(N4CCOCC4)cc3)cc2)ccn1,8.4,0.6372085113474054,0.875595314984349,0.4556962025316455
O=C(NCCN1CCOCC1)NCc1cc(Oc2ccc(N3CCCC3=O)cc2)ccn1,9.6,0.6543310489876101,0.8420643163113444,0.4367816091954023
O=C1CCCN1c1ccc(CCN2CCOCC2)cc1,8.7,0.8373709685941095,0.896838155140485,0.2023809523809523
FCCN1CCOCC1,4.3,0.5364640980913418,0.8643627000518612,0.2028985507246377
O=C(Nc1ccc(N2CCCC2=O)cc1)c1cc(O)ccn1,9.1,0.9092222964896128,0.8745064401660625,0.2857142857142857
O=C(NC1CC1)c1cc(Oc2ccc(N3CCCC3=O)cc2)ccn1,8.9,0.9105094562648236,0.8741047771769542,0.3411764705882353
O=C(CCN1CCOCC1)NCCN1CCOCC1,5.9,0.6823851887095986,0.8878740795351268,0.2957746478873239
NC(=O)c1cc(OC(F)(F)c2cc(NC(=O)Nc3ccc(Oc4ccnc(C(=O)NCCN5CCOCC5)c4)cc3)ccc2Cl)ccn1,6.6,0.1631636529975481,0.7785294938732127,0.8266666666666667
O=C1CCNc2ccc(Cl)c(c2)C(F)(F)ONc2ccc(cc2)Oc2ccnc(c2)C(=O)NOc2ccnc1c2,8.2,0.2439821259429281,0.4445018002969215,0.1495327102803738
O=C([NH2+]CCF)c1cc(Oc2ccc(N3CCCC3=O)cc2)ccn1,8.9,0.8648942913398345,0.7670342643564414,0.3033707865168539
O=C1NCNC(=O)c2cc(ccn2)O1,6.7,0.6010820751738606,0.591382050248689,0.144578313253012
O=C1CCCN1c1ccc(CCN2CCOCC2)cc1,8.7,0.8373709685941095,0.896838155140485,0.2023809523809523
O=C(Nc1ccc(Oc2ccnc(C(=O)Nc3cc(Oc4ccc(N5CCCC5=O)cc4)ccn3)c2)cc1)Nc1ccc(Cl)c(C(F)F)c1,9.0,0.1339618275014889,0.7856996607554757,0.4666666666666667
CC(C)NC(=O)c1cc(Oc2ccc(N3CCCC3=O)cc2)ccn1,9.6,0.9082662717693324,0.873792790298418,0.3333333333333333
O=C(CCN1CCOCC1)NCCN1CCOCC1,6.3,0.6823851887095986,0.8878740795351268,0.2957746478873239
O=C(NCCN1CCOCC1)c1cc(OOCCC(=O)N2CCCC2=O)ccn1,8.2,0.3464973267271745,0.8059986473035023,0.4534883720930232
O=C(NCc1cccc(O)c1)c1cc(Oc2ccc(N3CCCC3=O)cc2)ccn1,10.5,0.6557071698052143,0.8647271115996763,0.3406593406593406
O=C(F)NCCN1CCOCC1,5.1,0.4857701579906821,0.8485240396826887,0.3188405797101449
O=C1C2=CC=C1C=C2,5.2,0.4475987226428458,0.6404517316172051,0.0405405405405405
CCC(F)(F)c1cc(NC(=O)Nc2ccc(Oc3ccnc(C(=O)NOc4ccnc(C(=O)NCCN5CCOCC5)c4)c3)cc2)ccc1Cl,7.3,0.1250828326334696,0.7552882730058872,0.8051948051948052
O=C(Nc1cc(Oc2ccc(N3CCCC3=O)cc2)ccn1)c1ccccn1,10.7,0.736878416497773,0.8662478796528664,0.3181818181818182
O=C1CCCN1c1ccc(CCN2CCOCC2)cc1,8.6,0.8373709685941095,0.896838155140485,0.2023809523809523
C(CCN1CCOCC1)CN1CCOCC1,5.4,0.6372163598167225,0.8972918360724077,0.1911764705882352
O=C(NCCN1CCOCC1)c1cc(Oc2ccccc2)ccn1,8.4,0.8782945937653173,0.8892050465772496,0.6231884057971014
CN(C)C(=O)c1cc(NC(=O)Nc2ccc(Oc3ccnc(C(=O)NCCN4CCOCC4)c3)cc2)ccc1Cl,9.0,0.3581712790784484,0.8339049633774158,0.7368421052631579
O=C(c1cc(Oc2ccc(N3CCCC3=O)cc2)ccn1)c1ccc(Br)o1,10.0,0.5574538435257443,0.8419245972711207,0.2857142857142857
O=Cc1cc(Oc2ccc(NC(=O)Nc3ccc(Cl)c(C(F)(F)c4ccc(N5CCCC5=O)cc4)c3)cc2)ccn1,10.9,0.2151616355275591,0.7985052099774914,0.4456521739130434
CCNC(=O)c1cc(Oc2ccc(N3CCCC3=O)cc2Br)ccn1,9.0,0.8281676467818292,0.8534863980990681,0.3043478260869565
O=C(CNC(=O)c1cc(Oc2ccc(N3CCCC3=O)cc2)ccn1)CN1CCOCC1,9.3,0.6685185265635256,0.834520379877154,0.4418604651162791
O=C1CCCN1c1ccc(Oc2ccncc2)cc1,8.3,0.8451822797945867,0.8992897388757862,0.1975308641975308
O=C(Nc1ccc(Oc2ccnc(C(=O)NNC(=O)c3cc(O)ccn3)c2)cc1)Nc1ccc(Cl)c(C(F)(F)F)c1,10.0,0.1903759824750601,0.810061731716622,0.6388888888888888
O=Cc1cc(Oc2ccc(NC(=O)Nc3ccc(Cl)c(C(F)(F)c4ccc(F)cc4)c3)cc2)ccn1,10.3,0.2557717584886127,0.8211664549062897,0.4578313253012048
O=C(NC1CCCC1)c1cc(Oc2ccc(N3CCCC3=O)cc2)ccn1,9.9,0.8774377337964065,0.8694423063066483,0.3372093023255814
O=C(F)NCCN1CCOCC1,4.2,0.4857701579906821,0.8485240396826887,0.3188405797101449
FCCN1CCOCC1,3.4,0.5364640980913418,0.8643627000518612,0.2028985507246377
O=C1Cc2ccc(cc2)NC(=O)c2cc(ccn2)ON1,7.0,0.7550862326209316,0.5671397421566248,0.1195652173913043
O=C(Nc1ccc(Oc2ccnc(C3(N4CCOCC4)CCCC3)c2)cc1)Nc1ccc(Cl)c(C(F)(F)F)c1,9.5,0.3309427539393275,0.7954969858162539,0.620253164556962
O=C1CCCN1c1ccc(CCN2CCOCC2)cc1,8.7,0.8373709685941095,0.896838155140485,0.2023809523809523
O=C(Nc1ccc(Oc2ccnc(C(=O)NOc3ccnc(C(=O)NCCN4CCOCC4)c3)c2)cc1)Nc1cccc(C(F)(F)CCF)c1,9.5,0.131301997027639,0.7517659125671805,0.6547619047619048
O=C(NCCN1CCOCC1)c1cc(ONC(=O)c2cc(Oc3ccccc3)ccn2)ccn1,9.5,0.4636453717181709,0.8206642034059894,0.581081081081081
NC(=O)c1cc(Oc2ccc(NC(=O)Nc3ccc(Cl)c(C(F)(F)F)c3)cc2)ccn1,9.5,0.4906963907421218,0.8615980381010255,0.6521739130434783
O=C(Nc1ccc(N2CCCC2=O)cc1)c1cc(Oc2ccc(N3CCCC3=O)cc2)ccn1,11.0,0.5943872986793071,0.8524283634681498,0.4177215189873418
O=C1CCCN1c1ccc(CCN2CCOCC2)cc1,8.7,0.8373709685941095,0.896838155140485,0.2023809523809523
O=C(CCN1CCOCC1)NCCN1CCOCC1,6.2,0.6823851887095986,0.8878740795351268,0.2957746478873239
FCCN1CCOCC1,4.2,0.5364640980913418,0.8643627000518612,0.2028985507246377
O=C(CCN1CCOCC1)NCCN1CCOCC1,6.2,0.6823851887095986,0.8878740795351268,0.2957746478873239
FCCN1CCOCC1,3.6,0.5364640980913418,0.8643627000518612,0.2028985507246377
O=C1CCCN1c1ccc(Oc2ccnc(C(=O)C3(CCN4CCOCC4)CCC3)c2)cc1,10.0,0.5658477680618633,0.8090221488019184,0.3888888888888889
O=C(F)NCCN1CCOCC1,4.7,0.4857701579906821,0.8485240396826887,0.3188405797101449
NC(=O)Nc1ccc(Oc2ccnc(C(=O)NOc3ccnc(C(=O)Nc4cc(-c5ccc(Cl)c(C(F)(F)F)c5)cc(N5CCOCC5)c4)c3)c2)cc1,10.9,0.1109181444992649,0.7514228364224752,0.5617977528089888
O=C1CCCN1c1ccc(CCN2CCOCC2)cc1,8.6,0.8373709685941095,0.896838155140485,0.2023809523809523
O=C1CCCN1c1ccc(Oc2ccncc2)cc1,8.8,0.8451822797945867,0.8992897388757862,0.1975308641975308
O=C1CCCN1c1ccc(Oc2ccnc(F)c2)cc1,9.5,0.8060388121505285,0.8738177262415054,0.253012048192771
O=C1CCCN1c1ccc(CCN2CCOCC2)cc1,8.7,0.8373709685941095,0.896838155140485,0.2023809523809523
CCNC(=O)c1cc(Oc2cc(On3c(N4CCOCC4)nnc3N3CCCC3=O)ccn2)ccn1,10.5,0.4893370163618944,0.7571691612195842,0.336734693877551
O=C(NC1(N2CCOCC2)CC1)c1cc(Oc2ccc(N3CCCC3=O)cc2)ccn1,10.6,0.7703765198502913,0.7976095030185371,0.3707865168539326
O=CNc1ccc(Cl)c(C(F)(F)F)c1,7.1,0.7677268833653836,0.8663186043617652,0.2916666666666667
O=C1CCCN1c1ccc(Oc2ccnc(CC3CCC3)c2)cc1,9.3,0.8219610069065375,0.8635539863698514,0.2333333333333333
NC(=O)c1cc(Oc2ccc(NC(=O)Nc3ccc(Cl)c(C(F)(F)Oc4ccnc(C(=O)c5cccc(N6CCOCC6)c5)c4)c3)cc2)ccn1,9.9,0.1243385566129188,0.7679547331863511,0.5444444444444444
O=C(NCCN1CCOCC1)NC(=O)c1cc(-c2ccccc2)ccn1,8.9,0.850575135399259,0.8748864219984145,0.4358974358974359
O=C1CCCN1c1ccc(-c2ccc[nH]2)cc1,8.6,0.8393938146596244,0.8724628926160065,0.0769230769230769
Nc1ccc(Cl)c(C(F)(F)CCN2CCOCC2)c1,7.0,0.8667365805384021,0.8302690981957116,0.3376623376623376
O=C(NCCN1CCOCC1)NC(=O)c1cc(OC(=O)N2CCCC2=O)ccn1,9.1,0.6987305256551738,0.820678915629554,0.4470588235294118
O=Cc1cc(Oc2ccc(NC(=O)Nc3ccc(Cl)c(C(O)(F)F)c3)cc2)ccn1,9.2,0.4734784552537274,0.82668823323666,0.4935064935064935
c1cc(Oc2ccc(C3CCNCC3)cc2)ccn1,9.0,0.911796678262703,0.8843515568823411,0.1604938271604938
O=C(NCCN1CCOCC1)c1cc(OF)ccn1,6.7,0.8383552921065519,0.8406536449696923,0.5797101449275363
CC(=O)c1ccnc(CCN2CCOCC2)c1,7.4,0.7331419555649794,0.8776929334323332,0.3205128205128205
c1cc(-c2ccc(NCCN3CCOCC3)cc2)ccn1,8.6,0.9145957809125478,0.8989502204403816,0.3378378378378378
COC(N1CCOCC1)N1CCOCC1,4.3,0.6399487994752905,0.80982126185784,0.12
O=C(NCCN1CCOCC1)NC(=O)c1ccccn1,7.3,0.8002347284618192,0.8799240922892508,0.4266666666666667
O=C(Nc1ccc(Oc2ccnc(C(=O)NCCN3CCOCC3)c2)cc1)Nc1ccc(Cl)c(C(F)F)c1,10.0,0.3425147623424428,0.8262131369027971,0.7916666666666666
O=CNc1ccc(Oc2ccnc(C(=O)Nc3cc(Oc4ccc(N5CCCC5=O)cc4)ccn3)c2)cc1,11.7,0.3041880033509061,0.8199329637162018,0.3555555555555555
O=C1CCCN1c1ccc(CCN2CCOCC2)cc1,8.6,0.8373709685941095,0.896838155140485,0.2023809523809523
O=CCCCCN1Oc2ccc(cc2C(F)(F)F)NC(=O)Nc2ccc(cc2)Oc2ccnc(c2)C(=O)Nc2cc(ccn2)Oc2ccc1cc2,7.1,0.1216411518228174,0.4248839872109514,0.1652173913043478
O=C(F)NCCN1CCOCC1,4.8,0.4857701579906821,0.8485240396826887,0.3188405797101449
O=C1CCCN1c1ccc(Oc2ccncc2)cc1,8.8,0.8451822797945867,0.8992897388757862,0.1975308641975308
O=C(F)NCCN1CCOCC1,5.2,0.4857701579906821,0.8485240396826887,0.3188405797101449
O=C(CCN1CCOCC1)NCCN1CCOCC1,6.2,0.6823851887095986,0.8878740795351268,0.2957746478873239
O=C1CCCN1c1ccc(Oc2ccnc(-c3ccccc3)c2)cc1,9.6,0.6980684931549919,0.894275803972981,0.2272727272727272
NCNC(=O)C(F)(F)c1cc(NC(=O)C2CC(=O)NC(=O)c3cc(ccn3)C2)ccc1Cl,9.7,0.3870876665154039,0.5786508423620444,0.3092783505154639
O=CNc1cc(Oc2ccc(N3CCCC3=O)cc2)ccn1,9.0,0.8609627079780251,0.8516238203553177,0.2386363636363636
O=C1NCc2cc(ns2)-c2ccnc(c2)C(=O)N1,6.9,0.7440713656909176,0.5827854654880777,0.1333333333333333
CCNC(=O)c1cc(Oc2ccc(CN3CCOCC3)cc2)ccn1,9.2,0.874331224015861,0.8830236010851618,0.52
O=C1CCCN1c1ccc(CCN2CCOCC2)cc1,8.7,0.8373709685941095,0.896838155140485,0.2023809523809523
O=C(Nc1ccc(Oc2ccnc(C(=O)NOc3ccnc(C(=O)NCCN4CCOCC4)c3)c2)cc1)Nc1ccc(Cl)c(C(F)F)c1,10.0,0.1460072278352858,0.7672047422681056,0.7402597402597403
O=C(CCN1CCOCC1)NCCN1CCOCC1,6.5,0.6823851887095986,0.8878740795351268,0.2957746478873239
O=C(NCCN1CCOCC1)c1ccccn1,7.1,0.8065014222982005,0.9036918156929298,0.4714285714285714
Nc1ccc(Cl)c(C(F)(F)c2cc(Oc3ccc(N4CCCC4=O)cc3)ccn2)c1,10.6,0.5529658876233725,0.8161297932452789,0.3222222222222222
O=C(Nc1ccc(Oc2ccnc(C(=O)NNC(=O)c3cc(Oc4ccc(N5CCCC5=O)cc4)ccn3)c2)cc1)Nc1ccc(Cl)c(C(F)(F)F)c1,9.8,0.1122504265122607,0.776508114058746,0.6049382716049383
C(CCN1CCOCC1)CN1CCOCC1,5.4,0.6372163598167225,0.8972918360724077,0.1911764705882352
O=C(CCN1CCOCC1)NCCN1CCOCC1,6.4,0.6823851887095986,0.8878740795351268,0.2957746478873239
O=C(CCN1CCCC1=O)Oc1ccnc(C(=O)NCCN2CCOCC2)c1,8.6,0.6266072635127624,0.8397533877250412,0.4878048780487805
O=C(CCN1CCOCC1)NCCN1CCOCC1,5.9,0.6823851887095986,0.8878740795351268,0.2957746478873239
O=C1CCCN1c1ccc(F)cc1,7.6,0.6448604838149938,0.9281357542725238,0.0975609756097561
O=CC(F)(F)c1cccc(NC(=O)Nc2ccc(Oc3ccnc(C(=O)NCCN4CCOCC4)c3)cc2)c1,9.2,0.3345467749094697,0.8075638814206495,0.7051282051282052
O=C(CNCc1cc(Oc2ccc(N3CCCC3=O)cc2)ccn1)NCCN1CCOCC1,8.9,0.5633829563857146,0.8356112645830444,0.4111111111111111
O=C1CCCN1c1ccc(N2CCOCC2)cc1,8.4,0.7951623504321449,0.901406510480821,0.1481481481481481
CCc1cc(C(=O)c2cc(Oc3ccc(N4CCCC4=O)cc3)ccn2)cc(N2CCOCC2)c1,10.7,0.4680686763340448,0.8264555515955548,0.3229166666666667
CN(C)c1ccc(NC(=O)Nc2ccc(Cl)c(C(F)(F)N3CCOCC3)c2)cc1,9.1,0.6969832324145304,0.8310032328414212,0.430379746835443
CCNC(=O)NC(=O)c1cc(Cc2ccc(O)cc2)ccn1,9.4,0.8030199432210638,0.8727138094992382,0.2209302325581395
NC(=O)Nc1ccc(Cl)c(C(F)(F)CCN2CCOCC2)c1,8.5,0.8701328290529715,0.8339774103616227,0.4605263157894737
O=C(NC1CC1)c1cc(Oc2ccc(N3CCCC3=O)cc2)ccn1,9.6,0.9105094562648236,0.8741047771769542,0.3411764705882353
O=C1CCCN1c1ccc(Oc2ccnc(N3CCOCC3)c2)cc1,10.0,0.8572630072895153,0.8665444110415882,0.2941176470588235
O=C1CCCN1c1ccc(Oc2ccnc(CC3CCC3)c2)cc1,9.3,0.8219610069065375,0.8635539863698514,0.2333333333333333
CCNC(=O)NCc1cc(C(=O)N2CCCC2=O)ccn1,8.7,0.797017977230152,0.8515186068562256,0.1935483870967742
CCCCc1cc(Oc2ccc(N3CCCC3=O)cc2)ccn1,8.8,0.7966262353317841,0.8771411223038386,0.2333333333333333
CCNC(=O)C(=O)NCCN1CCOCC1,6.2,0.5799134491437029,0.8849988873544589,0.2876712328767123
O=C(NCCN1CCOCC1)NCN1CCOCC1,6.2,0.6654794768113248,0.8558674861285335,0.3098591549295774
O=C(Nc1ccc(CN2CCOCC2)c(Br)c1)c1cc(OCCN2CCOCC2)ccn1,8.4,0.5914826706716075,0.8441157074733737,0.4634146341463415
NCC(F)(F)c1cc(NC(=O)Nc2ccc(Oc3ccnc(C(=O)C(O)C(N)=O)c3)cc2)ccc1Cl,9.3,0.2132115186368439,0.7415628548603571,0.5375
O=C1CCCN1c1ccc(CCN2CCOCC2)cc1,8.6,0.8373709685941095,0.896838155140485,0.2023809523809523
CCNC(=O)c1cc(OCOCCN2CCOCC2)ccn1,6.8,0.5573008151449492,0.853204108816856,0.4430379746835443
Nc1ccc(Cl)c(C(F)(NC(=O)c2cc(Oc3ccc(N4CCCC4=O)cc3)ccn2)C(=O)C(=O)Nc2ccc(O)cc2)c1,11.3,0.0908175017060825,0.7258807850038852,0.422680412371134
CN(O)Cc1ccc(N2CCCC2=O)cc1,8.0,0.7873586760875391,0.8628433317989033,0.1011235955056179
NC(=O)NCCN1CCOCC1,5.2,0.5741691917153184,0.8909878405876661,0.3
O=CNc1ccc(Oc2ccnc(C(=O)NC(=O)NCCN3CCOCC3)c2)cc1,9.2,0.5562734853330891,0.836760710184999,0.5844155844155844
O=Cc1cc(Oc2ccc(NC(=O)CCNC(=O)C(F)(F)c3cc(NC4COC4)ccc3Cl)cc2)ccn1,9.4,0.3063757806835864,0.782767191473794,0.425531914893617
CCNC(=O)c1cc(Oc2ccc(O)cc2)ccn1,8.0,0.8824844289263991,0.8962073823434298,0.3783783783783784
O=C(F)NCCN1CCOCC1,5.2,0.4857701579906821,0.8485240396826887,0.3188405797101449
Nc1cc(Oc2ccc(N3CCCC3=O)cc2)ccn1,8.9,0.9294530435270708,0.8786453124484022,0.2409638554216867
O=C(NCCCN1CCOCC1)NCc1ccccc1F,7.3,0.7789769374918353,0.8987291311471614,0.2891566265060241
O=C(NCI)C(=O)NCCN1CCOCC1,6.3,0.2961750037079764,0.8349944429100145,0.2876712328767123
O=C1CCCN1C(=O)c1ccc(Oc2ccnc(-c3cc(O)ccn3)c2)cc1,11.2,0.7027549794999753,0.8357015358731894,0.25
O=C(Nc1ccc(Oc2ccnc(C(=O)NF)c2)cc1)Nc1ccc(Cl)c(C(F)(F)F)c1,9.8,0.3255524514062396,0.8328362301015942,0.6764705882352942
NC(=O)CNC(=O)NCCN1CCOCC1,6.5,0.5138721756807724,0.8802857249612964,0.2972972972972973
O=C1CCCN1c1ccc(Oc2ccncc2)cc1,8.8,0.8451822797945867,0.8992897388757862,0.1975308641975308
CNC(=O)c1cc(Oc2ccc(NC(=O)Nc3ccc(Cl)c(C(F)(F)F)c3)cc2)ccn1,9.3,0.4613395020059931,0.8592198083211277,0.6571428571428571
O=C1CCCN1c1ccc(Oc2ccncc2)cc1,8.2,0.8451822797945867,0.8992897388757862,0.1975308641975308
O=C(NCCN1CCOCC1)c1cc(Oc2ccc(N3CCCC3=O)cc2O)ccn1,9.5,0.6953057059035256,0.8361356568646909,0.4767441860465116
O=C(CCN1CCOCC1)NCCN1CCOCC1,5.8,0.6823851887095986,0.8878740795351268,0.2957746478873239
O=C1CNC(=O)C(F)(F)c2cc(ccc2Cl)NC(=O)Nc2ccc(cc2)Oc2ccnc(c2)C1,8.2,0.4330991042452896,0.5006790376606197,0.16
O=C1CCCN1c1ccc(Oc2ccnc(NCc3ccccn3)c2)cc1,10.1,0.7193728667119854,0.8630809187701344,0.2340425531914893
O=C(NN1CCOCC1)c1cc(Oc2ccc(CCCO)cc2)ccn1,9.0,0.7858110267438333,0.8489586892048925,0.4375
CCNc1ccc(Oc2ccnc(ON3CCOCC3)c2)cc1,8.3,0.8843553143537237,0.8237939216554966,0.345679012345679
O=C(CCN1CCOCC1)NCCN1CCOCC1,6.2,0.6823851887095986,0.8878740795351268,0.2957746478873239
O=C1CCCN1c1ccc(Oc2ccnc(F)c2)cc1,9.5,0.8060388121505285,0.8738177262415054,0.253012048192771
O=C(Nc1ccc(Cl)cc1)Nc1ccc(Oc2ccnc(C(=O)NOc3ccnc(CC(F)F)c3)c2)cc1,10.0,0.2214769730376682,0.8024573147433051,0.4457831325301205
Nc1ccc(Cl)c(C(F)(F)c2ccc(N3CCCC3=O)cc2)c1,8.6,0.8542236156462363,0.8454533532165824,0.1910112359550561
O=C(NCCN1CCOCC1)c1cc(Oc2cc(Oc3ccc(-n4cccn4)cc3)ccn2)ccn1,10.0,0.3844047378264727,0.8198221631709041,0.5365853658536586
O=C1CCCN1c1cnn(O)c1,5.8,0.6096382731070044,0.7901371618546345,0.0930232558139534
Nc1ccc(Oc2ccnc(C(=O)NCCN3CCOCC3)c2)cc1,8.7,0.773810687802715,0.873217489388639,0.6285714285714286
NCC(=O)NCCN1CCOCC1,5.0,0.5556615359650215,0.8891765027132722,0.2916666666666667
N#Cc1cccc(NC(=O)C(=O)NCCN2CCOCC2)c1CN1CCOCC1,6.5,0.6347108040421341,0.8334180612229163,0.2840909090909091
O=C(Nc1ccc(Oc2ccnc(C(=O)NCCN3CCOCC3)c2)cc1)Nc1ccc(Cl)c(C(F)(F)F)c1,10.1,0.3456468594892581,0.8339810195752876,1.0
NC(=O)NCC(F)(F)c1cc(NC(=O)Nc2ccc(O)cc2)ccc1Cl,9.2,0.5081025400234279,0.8428125895299196,0.3544303797468354
O=C(CCN1CCOCC1)NCCN1CCOCC1,6.5,0.6823851887095986,0.8878740795351268,0.2957746478873239
O=C1CCCN1c1ccc(CCN2CCOCC2)cc1,8.7,0.8373709685941095,0.896838155140485,0.2023809523809523
O=C1CCCN1c1ccc(Oc2ccnc(N3CCOCC3)c2)cc1,10.0,0.8572630072895153,0.8665444110415882,0.2941176470588235
Cc1cc(Oc2ccc(N3CCCC3=O)cc2)ccn1,8.9,0.8572953438094404,0.8854304583369961,0.238095238095238
O=C(NCCCN1CCOCC1)NCCN1CCOCC1,6.3,0.6112132002034915,0.8786539897893123,0.3098591549295774
O=CNCCNC(=O)c1cc(Oc2ccc(N3CCCC3=O)cc2)ccn1,9.2,0.5429026393517147,0.8431827826754598,0.3837209302325581
O=C(Cc1ccc(N2CCCC2=O)cc1)Nc1cc(O)ccn1,9.5,0.9055674406917316,0.8654692404543448,0.1808510638297872
O=C1CCCN1c1ccc(N2CCOCC2)cc1,8.4,0.7951623504321449,0.901406510480821,0.1481481481481481
O=C1Nc2ccc(cc2)Oc2ccnc(c2)C(=O)NNC(=O)c2cc(ccn2)Oc2ccc(cc2)N(C2CC2)C(F)(F)c2cc(ccc2Cl)N1,9.0,0.1320533164073222,0.4314989848320567,0.1698113207547169
NC(=O)Nc1ccc(Cl)c(C(F)(F)NC(=O)c2cc(N3CCCOC3)ccn2)c1,9.5,0.6379778619789925,0.7778011435726653,0.4137931034482758
O=C(CCC(=O)c1ccncc1)NC(=O)NCCN1CCOCC1,7.9,0.6911517845854701,0.8674236312177571,0.345679012345679
c1ccc(CCN2CCOCC2)nc1,7.1,0.7128623630855286,0.9057817664249274,0.25
CCNC(=O)c1cc(Oc2ccc(N3CCCC3=O)cc2)ccn1,9.2,0.9173496437759128,0.8760593056882142,0.3734939759036144
O=C(COCc1ccc(N2CCCC2=O)cc1)NNC(=O)c1cc(Oc2ccc(NC(=O)Nc3ccc(Cl)c(C(F)(F)F)c3)cc2)ccn1,9.2,0.1422696009391983,0.7932277261591264,0.5494505494505495
Nc1ccc(Cl)c(C(F)(F)NC(=O)c2cc(Oc3ccc(NC(=O)OC(=O)Nc4ccc(Oc5ccncc5)cc4)cc3)ccn2)c1,9.3,0.0708489463445241,0.766772283352157,0.4578313253012048
O=C(CNC(=O)c1ccccn1)NCCN1CCOCC1,6.9,0.7213619133482974,0.8905066847411083,0.4210526315789473
FN1CCOCC1,3.9,0.4079941822423425,0.7465190032067263,0.1304347826086956
Nc1ccc(Oc2ccnc(C(=O)NCCN3CCOCC3)c2)cc1,8.5,0.773810687802715,0.873217489388639,0.6285714285714286
O=C(Nc1ccc(Oc2ccnc(C(=O)NNCc3cc(C4(c5ccc(N6CCCC6=O)cc5)CCC4)ccn3)c2)cc1)Nc1ccc(Cl)c(C(F)(F)F)c1,9.8,0.0987941808368418,0.7417860145361722,0.5050505050505051
O=C1CCCN1c1ccc(Oc2ccnc(Cc3ncno3)c2)cc1,9.7,0.7123162855151933,0.8216248684220455,0.2365591397849462
O=CNC(=O)c1cc(Oc2ccc(NC(=O)Nc3ccc(Cl)c(C(F)(F)F)c3)cc2)ccn1,8.9,0.4281484736913746,0.8337994899390421,0.6388888888888888
O=C(NCCN1CCOCC1)Oc1ccnc(C(=O)NC(=O)c2cnn(CN3CCOCC3)c2)c1,9.4,0.470972915924668,0.7976152801023422,0.4204545454545454
O=C(Nc1cc(Oc2ccccc2)ccn1)c1cc(Oc2ccc(N3CCCC3=O)cc2)ccn1,11.1,0.3898088801215348,0.8475890357584507,0.3448275862068966
O=C(Nc1ccc(Oc2ccnc(C(=O)NCCN3CCOCC3)c2)cc1)Nc1cccc(C(F)(F)N2CCOCC2)c1,9.3,0.3014111352858978,0.7927367462390347,0.7142857142857143
c1cc2ccc1-c1ccc-2cc1,6.8,0.4631662475785757,0.9268942243477716,0.0441176470588235
O=C(NCCN1CCOCC1)N1CCOCC1,6.6,0.7162376635754841,0.8852828926160066,0.2957746478873239
O=C(CCCCc1cc(Oc2ccc(N3CCCC3=O)cc2)ccn1)NCCN1CCOCC1,9.2,0.5124066773022935,0.8384345110982974,0.4021739130434782
O=C(NCCCCN1CCOCC1)NCc1cc(Oc2ccc(N3CCNCC3)cc2)ccn1,8.9,0.460671303261294,0.8338848629642531,0.4044943820224719
C1C[C@H]2CNC[C@]2(CCN2CCOCC2)C1,0.0,0.7766992361587749,0.7097699763719467,0.1627906976744186
O=C1CCCN1c1ccc(Cc2cccc(F)c2)cc1,9.4,0.8342039105461265,0.9110540657640518,0.108695652173913
c1csc(-c2ccnc(CNCCN3CCOCC3)c2)c1,7.5,0.8305587615366603,0.8594112705014317,0.3214285714285714
O=C(Nc1ccc(Oc2ccnc(C(=O)NCCN3CCOCC3)c2)cc1)Nc1ccc(Cl)c(C(F)(F)NC(=O)c2ccccn2)c1,10.9,0.1618081816394163,0.7814413525361518,0.8266666666666667
O=C1CCCN1c1ccc(Oc2ccnc(F)c2)cc1,9.5,0.8060388121505285,0.8738177262415054,0.253012048192771
O=C(NCCN1CCOCC1)N1CCOCC1,6.1,0.7162376635754841,0.8852828926160066,0.2957746478873239
O=C(NCCN1CCOCC1)c1cc(Oc2ccc(Sc3ccccc3)cc2)ccn1,9.9,0.5751207754780887,0.859847470316939,0.5945945945945946
NC(=O)c1cc(Oc2ccc(OCc3ccc(N4CCCC4=O)cc3)cc2)ccn1,9.8,0.6493559200405894,0.8694201266306225,0.2921348314606741
CCNC(=O)c1cc(ONCc2cc(Oc3ccc(N4CCCC4=O)cc3)ccn2)ccn1,10.2,0.4852726903058989,0.8029686231608925,0.3440860215053763
O=C1CCCN1N1C2=CC=NC1=C2,6.5,0.5862387405848944,0.6072551563804299,0.1162790697674418
O=C(NCCN1CCOCC1)c1ccccn1,6.5,0.8065014222982005,0.9036918156929298,0.4714285714285714
C1CN(CCN2CCOCC2)CCO1,4.8,0.6215845110338101,0.8982975173406782,0.2
O=C1CCCN1c1ccc(F)cc1,7.6,0.6448604838149938,0.9281357542725238,0.0975609756097561
c1ccc(CCN2CCOCC2)nc1,7.1,0.7128623630855286,0.9057817664249274,0.25
CCc1cc(Oc2ccc(N3CCCC3=O)cc2)ccn1,8.8,0.8606960981750479,0.8815349319037816,0.2441860465116279
O=CNc1ccc(Oc2ccnc(C(=O)Nc3cc(Oc4ccc(N5CCCC5=O)cc4)ccn3)c2)cc1,11.7,0.3041880033509061,0.8199329637162018,0.3555555555555555
O=C1CCCN1c1ccc(OCc2ccc(O)cc2)cc1,8.7,0.9376739970444448,0.913262044135812,0.1477272727272727
O=C1NCCC(F)(c2cc(NC(=O)Nc3ccc(Oc4ccnc(C(=O)NCCN5CCOCC5)c4)cc3)ccc2Cl)CCOc2ccnc(c2)NN1,10.8,0.1317565929595709,0.5364684471323514,0.59375
NCc1cc(Oc2ccc(N3CCCC3=O)cc2)ccn1,8.8,0.9355012899156118,0.8735485510714991,0.2441860465116279
FN1CCOCC1,3.9,0.4079941822423425,0.7465190032067263,0.1304347826086956
O=C1CCCN1c1ccc(Oc2ccnc(CC3CC3)c2)cc1,9.2,0.8395544607918672,0.8658205712131382,0.2359550561797752
O=C1CCCN1c1ccc(Oc2ccc(Nc3cc(O)ccn3)cc2-c2ccc(N3CCCC3=O)cc2)cc1,10.8,0.2994029192597102,0.8177051359994041,0.2121212121212121
O=C(NCc1ccc(CN2CCOCC2)s1)c1ccc(N2CCCC2=O)cc1,9.2,0.8112604793894115,0.8610478796528666,0.2127659574468085
O=C(NCCN1CCOCC1)NCN1CCCC1=O,6.6,0.6856265059507718,0.839484973641021,0.3037974683544304
O=C1CCCN1c1ccc(Oc2ccccn2)c(O)c1,8.5,0.9310359618268252,0.8699898747826195,0.1489361702127659
NSc1ccc(NC(=O)Nc2ccc(Cl)c(C(F)(c3ccc(-c4ccncc4)cc3)N3CCOCC3)c2)cc1,9.2,0.1751751421973147,0.7382224863374619,0.4204545454545454
O=C(NCF)NCCN1CCOCC1,5.8,0.6108712476499845,0.8378299349230959,0.323943661971831
O=C(Nc1ccc(Oc2ccncc2)cc1)Nc1ccc(Cl)c(C(F)(F)F)c1,8.9,0.5416453621952397,0.8821398952322238,0.5588235294117647
O=C1CCCN1c1ccc(Oc2ccnc(CNO)c2)cc1,9.0,0.829655856937958,0.8493108395860869,0.264367816091954
CCOOc1ccc(N2CCCC2=O)cc1,7.5,0.5772755470329635,0.861205353352229,0.1264367816091954
c1cc2cc(n1)-c1ccc(cc1)OCC2,6.2,0.6474194453233838,0.6681653799619579,0.1325301204819277
O=C(CCN1CCOCC1)NCCN1CCOCC1,6.0,0.6823851887095986,0.8878740795351268,0.2957746478873239
O=C1CCCN1c1ccc(N2CCOCC2)cc1,8.4,0.7951623504321449,0.901406510480821,0.1481481481481481
Oc1ccnc(-c2cc(-c3ccccc3-c3ccccc3)ccn2)c1,10.8,0.5643595646026249,0.8778030389002159,0.1325301204819277
O=C1CCCN1c1ccc(Oc2ccnc(N3CCOCC3)c2)cc1,10.0,0.8572630072895153,0.8665444110415882,0.2941176470588235
O=C(CCNC(=O)NCc1ccccn1)NCCN1CCOCC1,7.2,0.6072236654414068,0.8770667336225988,0.3373493975903614
NC(=O)NC(=O)NCCN1CCOCC1,6.2,0.54576862085421,0.8765798366164146,0.3013698630136986
O=C1CCCN1c1ccc(Oc2ccnc(CNF)c2)cc1,8.9,0.8626776155313586,0.8387343972783946,0.264367816091954
O=CNc1ccc(Cl)c(C(=O)NCCN2CCOCC2)c1,7.5,0.7681175147797941,0.8730995977297591,0.4285714285714285
FN1CCOCC1,3.8,0.4079941822423425,0.7465190032067263,0.1304347826086956
O=C(Nc1ccc(Oc2ccnc(C(=O)NCCN3CCOCC3)c2)cc1)Nc1ccc(Cl)c(C(F)c2cc(Oc3ccc(N4CCCC4=O)cc3)ccn2)c1,11.0,0.1099239221124415,0.7015920309141701,0.6333333333333333
O=C(NCCN1CCOCC1)c1cc(Oc2ccc(-c3ccnc(C(=O)Nc4csc(N5CCOCC5)n4)c3)cc2O)ccn1,9.5,0.2366370487052943,0.7745050104744684,0.4725274725274725
O=C(NCCN1CCOCC1)c1cc(O)ccn1,6.9,0.7781165154005866,0.8650467080916281,0.5
O=C1CCCN1c1ccc(O)cc1,7.6,0.7060811597997685,0.914389392526162,0.0975609756097561
CNC(=O)NCCc1cc(NC(N)=O)ccc1Cl,7.8,0.6634621360019242,0.8786336601505583,0.2409638554216867
O=C(Nc1ccc(Oc2ccnc(C(=O)NCCN3CCOCC3)c2)cc1)Nc1ccc(Cl)c(C(F)(F)c2ccnc(C(=O)NCCN3CCOCC3)c2)c1,9.6,0.1397913648052891,0.752167316093246,0.8732394366197183
O=C(c1ccc(Cl)cc1)c1cc(Oc2ccc(N3CCCC3=O)cc2O)ccn1,10.4,0.6243451748384895,0.8520855884747809,0.2526315789473684
O=C(Nc1nc(Br)cs1)c1cc(Oc2ccc(N3CCCC3=O)cc2)ccn1,10.5,0.6087992897534318,0.8368246127962663,0.3296703296703296
O=C(NCc1ccccc1N1CCOCC1)c1cc(O)ccn1,8.6,0.8957163062050962,0.8668015126597515,0.3214285714285714
O=C(NCCN1CCOCC1)c1cc(Oc2ccc(Oc3ccc(-c4ccc(F)cc4)cc3O)cc2O)ccn1,10.1,0.2710055818651492,0.8233536999403087,0.524390243902439
O=C1CCCN1c1ccc(Oc2ccnc(C(=O)C3(CCN4CCOCC4)COC3)c2)cc1,9.9,0.5710285580134277,0.7980399372634567,0.3888888888888889
NC(=O)c1cc(Oc2ccc(N3CCCC3=O)cc2)ccn1,9.2,0.9360328852447916,0.877158210617833,0.3048780487804878
O=C1CCCN1c1ccc(N2CCOCC2)cc1,8.4,0.7951623504321449,0.901406510480821,0.1481481481481481
O=C(CCN1CCOCC1)NC(=O)c1ccc(N2CCCC2=O)cc1,9.1,0.8536367906775347,0.8783547771769542,0.2359550561797752
C(CCN1CCOCC1)CN1CCOCC1,5.7,0.6372163598167225,0.8972918360724077,0.1911764705882352
Nc1ccc(Cl)c(C(F)(F)CCN2CCOCC2)c1,7.6,0.8667365805384021,0.8302690981957116,0.3376623376623376
O=C(O)NCCN1CCOCC1,5.0,0.6100704241571097,0.8924783383252226,0.3043478260869565
Oc1cc(-c2ccc(-c3ccncc3)cc2)ccc1Cl,9.8,0.7334971222990277,0.9101145432176329,0.1558441558441558
Nc1ccc(Oc2ccnc(-c3cc(Oc4ccc(C(=O)C=O)cc4)ccn3)c2)cc1,10.0,0.2034966205620371,0.8404295030185369,0.2439024390243902
CC(F)(F)NC(=O)c1cc(-c2cc(NC(=O)NCCN3CCOCC3)ccc2Cl)ccn1,9.4,0.5434467244493082,0.8179888662295112,0.5875
OCCN1CCOCC1,4.5,0.5382147344795518,0.90251772963766,0.2205882352941176
O=C(NCCN1CCOCC1)c1cc(Oc2ccc(O)cc2O)ccn1,8.5,0.7149918562157002,0.8560267404869436,0.5394736842105263
O=C(NCCN1CCOCC1)c1cc(Oc2ccccn2)ccn1,8.0,0.8620250245764588,0.8653716771297957,0.5540540540540541
O=CCNCCCN1CCOCC1,4.5,0.4482532662969369,0.8502171307907422,0.2266666666666666
CN(C)C(=O)c1cc(Oc2ccc(O)cc2O)ccn1,7.9,0.893900780985147,0.8634445697428317,0.2261904761904762
NC(=O)Nc1ccc(Cl)c(-c2cc(N3CCC(N4CCCC4=O)CC3)ccn2)c1,10.2,0.8021169556401058,0.8360112603932239,0.2323232323232323
NC(F)(F)c1cc(-c2ccc(N3CCCC3=O)cc2)ccc1Cl,9.6,0.8561048731260106,0.8507305166781209,0.2068965517241379
c1cc2cc(n1)Cc1ccc(cc1)O2,6.9,0.5342958937600976,0.584625356168517,0.1234567901234567
O=C1CCCN1N1CCOCC1,5.6,0.5486649625110066,0.8169690816994954,0.1282051282051282
O=C(NCCN1CCOCC1)NCN1CCOCC1,6.4,0.6654794768113248,0.8558674861285335,0.3098591549295774
NC(=O)Nc1ccc(Cl)c(N)c1,6.3,0.5785938546107392,0.901800510270924,0.2133333333333333
O=C(NC(F)CO)c1cc(N2CCCOC2)ccn1,7.4,0.7681498215336189,0.7308076109307373,0.2727272727272727
O=C1COc2ccc(cc2C(=O)NCCN2CCOCC2)O1,7.6,0.6253763093603587,0.7318126177061388,0.3214285714285714
O=C(NC(F)(F)C(F)F)c1cc(N2CCCOC2)ccn1,8.2,0.6812292879413896,0.7611905261117218,0.3023255813953488
Cc1ccc(-c2cc(NC(N)=O)ccc2Cl)cc1O,9.9,0.784946102459863,0.8931760871429036,0.1860465116279069
NC(=O)c1cc(Oc2ccc(NC(=O)Nc3ccc(C(=O)CC[Si-]=O)c(C(F)(F)F)c3)cc2)ccn1,0.0,0.2792900443873181,0.7785327656151887,0.4819277108433735
NC(=O)NC(F)(F)c1cc(NC(=O)Nc2ccc(Oc3ccnc(N4CC=CC4)c3)cc2)ccc1Cl,9.8,0.2527949459869838,0.781120602719261,0.4761904761904761
NC(=O)C(=O)NOc1ccc(N2CCCC2=O)cc1O,8.5,0.5041855162524824,0.8105905837288456,0.1276595744680851
O=C(Nc1ccc(Oc2ccnc(C(=O)NN3CCOCC3)c2)cc1)Nc1ccc(Cl)c(C(F)F)c1,9.0,0.4032584617300265,0.814940090484494,0.5897435897435898
O=Cc1cc(Oc2ccc(C(=O)NCCN3CCOCC3)cc2O)ccn1,8.2,0.7106083349415724,0.8392999424387734,0.4235294117647059
NC(=O)Nc1ccc(N2CCCC2=O)cc1,8.3,0.7862724586726657,0.908663502739074,0.1686746987951807
O=Cc1cc(C(=O)NCCN2CCOCC2)ccn1,7.0,0.7545132885287811,0.8594066519626994,0.4025974025974026
O=C(O)NCCN1CCOCC1,5.1,0.6100704241571097,0.8924783383252226,0.3043478260869565
O=C(CCN1CCOCC1)NCCN1CCOCC1,6.3,0.6823851887095986,0.8878740795351268,0.2957746478873239
CNC(=O)NCCNC(=O)c1cc(Oc2ccc(NC(=O)Nc3ccc(Cl)c(C(F)(F)F)c3)cc2)ccn1,9.9,0.2557160158301487,0.8325463987768068,0.7083333333333334
O=C1CCCN1c1ccc(Oc2ccnc(N3CCOCC3)c2)cc1,10.0,0.8572630072895153,0.8665444110415882,0.2941176470588235
O=Cc1cc(OCNC(=O)NCCN2CCOCC2)ccn1,6.9,0.537963386757622,0.8188079549707022,0.4125
FCCN1CCOCC1,4.3,0.5364640980913418,0.8643627000518612,0.2028985507246377
O=C(NCCN1CCOCC1)N1CCOCC1,6.0,0.7162376635754841,0.8852828926160066,0.2957746478873239
O=C(NCCN1CCOCC1)c1cc(Oc2ccc(N3CCCC3=O)cc2)ccn1,9.7,0.7523551507133999,0.8556750297734566,0.5641025641025641
O=C(NCc1cccs1)c1cc(NCc2cc(Oc3ccc(N4CCCC4=O)cc3)ccn2)ccn1,10.2,0.3364997101593316,0.8240365508111248,0.32
CNC(=O)NCCC(F)(F)COc1ccc(N2CCCC2=O)cc1,8.8,0.7982526039828003,0.8310107191892708,0.2391304347826087
NC(=O)NN1CCCC1=O,5.3,0.5034593625999925,0.7940766230759402,0.1
O=C1CCCN1c1ccc(Oc2ccnc(CNCC3CCCO3)c2)cc1,8.8,0.8137060106756084,0.8023070732833679,0.2474226804123711
CNC(F)(F)c1cc(NC(N)=O)ccc1Cl,7.4,0.7184003915849967,0.8191267261822976,0.2857142857142857
NC(=O)NCCN1CCOCC1,5.3,0.5741691917153184,0.8909878405876661,0.3
Cc1ccccc1Oc1ccnc(CNc2cc(Oc3ccc(N4CCCC4=O)cc3)ccn2)c1,10.6,0.3376925075877696,0.8360684980437382,0.2178217821782178
NC(=O)Nc1ccc(Cl)c(O)c1,6.5,0.6223716376331501,0.8986707025786163,0.2133333333333333
O=C1CCCN1c1ccc(F)cc1,7.6,0.6448604838149938,0.9281357542725238,0.0975609756097561
O=Cc1cc(Oc2ccc(N3CCCC3=O)cc2-c2ccc(Oc3ccnc(C(=O)NCCN4CCOCC4)c3)c(O)c2)ccn1,9.0,0.2303378635761037,0.7698930145896754,0.4059405940594059
O=C(NCCN1CCOCC1)c1cc(Oc2ccc(NC(=O)N3CCCN(NCc4cc(Oc5ccc(N6CCCC6=O)cc5)ccn4)CC3)cc2)ccn1,7.5,0.1772692087472812,0.751401102758479,0.4897959183673469
CCNC(=O)c1cc(NCc2cc(Oc3ccc(N4CCCC4=O)cc3)ccn2)ccn1,9.9,0.5638231762529449,0.8380163269408428,0.3297872340425531
O=C(O)NCCN1CCOCC1,4.7,0.6100704241571097,0.8924783383252226,0.3043478260869565
O=Cc1cc(Oc2ccc(N3CCCC3=O)cc2)ccn1,8.9,0.8090003638437805,0.8588133682215623,0.2325581395348837
O=C(NCCN1CCOCC1)N1CCOCC1,6.0,0.7162376635754841,0.8852828926160066,0.2957746478873239
O=C(NC(F)(F)NCc1cc(Oc2ccc(-n3nccn3)cc2)ccn1)c1cc(N2CCCOC2)ccn1,9.7,0.2524380651375078,0.7435964425796807,0.3608247422680412
CCc1ccnc(C(=O)NCCN2CCOCC2)c1,7.2,0.8496796931553905,0.8849730855291329,0.4794520547945205
NC(=O)Nc1ccc(CC(=O)C(O)(F)F)cc1,8.4,0.7333712539792351,0.854475337060451,0.1875
O=C1Nc2ccc(Cl)c(c2)NCc2cc(ccn2)Oc2ccc(cc2)CO1,8.1,0.5594669933980287,0.5279819074389156,0.1515151515151515
O=C(NCO)NCCN1CCOCC1,5.3,0.4896145851781706,0.8614003195384805,0.3098591549295774
O=CNCCN1CCOCC1,3.8,0.4241072564286025,0.851866789556718,0.2361111111111111
CCNC(=O)c1cc(Oc2ccc(O)cc2)ccn1,8.1,0.8824844289263991,0.8962073823434298,0.3783783783783784
O=C(NCCN1CCOCC1)c1ccccn1,7.1,0.8065014222982005,0.9036918156929298,0.4714285714285714
CCNC(=O)c1cc(NC(=O)NOC(F)F)ccc1Cl,8.2,0.7306475232481425,0.8355042278624898,0.2738095238095238
CCNC(=O)c1cc(Oc2ccc(CCNC(=O)Nc3ccnc(CN)c3)cc2O)ccn1,9.3,0.3358931016190602,0.8262318460195943,0.3404255319148936
O=C1CCCN1c1ccc(Oc2ccnc(CNO)c2)cc1,8.9,0.829655856937958,0.8493108395860869,0.264367816091954
O=C1CCCN1O,4.5,0.4360790668177542,0.7822456023970097,0.0789473684210526
O=Cc1cc(Oc2ccc(NC(=O)Nc3ccc(Cl)c(C(F)(F)CCN4CCOCC4)c3)cc2)ccn1,8.9,0.339749887461454,0.8007359305204046,0.6455696202531646
O=CNc1cc(Oc2ccc(N3CCCC3=O)cc2)ccn1,9.5,0.8609627079780251,0.8516238203553177,0.2386363636363636
Cc1cc(Oc2ccc(N3CCCC3=O)cc2)ccn1,8.8,0.8572953438094404,0.8854304583369961,0.238095238095238
O=C(NCCN1CCOCC1)c1cc(OF)ccn1,7.0,0.8383552921065519,0.8406536449696923,0.5797101449275363
O=C(NCC1COC1)c1cc(Oc2ccc(-c3ccc(N4CCCC4=O)cc3)cc2O)ccn1,9.2,0.5581766396888693,0.8253591390417824,0.303030303030303
NC(=O)Nc1ccc(N2CCCC2=O)cc1,8.3,0.7862724586726657,0.908663502739074,0.1686746987951807
NCc1cc(Oc2ccc(N3CCCC3=O)cc2)ccn1,8.8,0.9355012899156118,0.8735485510714991,0.2441860465116279
CCNC(=O)c1cc(Oc2ccc(N3CCCC3=O)cc2CCN2CCOCC2)ccn1,8.8,0.6822259559341116,0.8312456073378652,0.3978494623655914
CCCCNC(=O)NCc1cc(Oc2ccc(C(=O)N3CCOCC3)cc2)ccn1,9.7,0.6505612015325657,0.8636722928552023,0.3595505617977528
O=CNCCOc1ccnc(C(=O)NCCN2CCOCC2)c1,7.1,0.4598480923693258,0.8428573105931613,0.5131578947368421
O=C(NCCN1CCOCC1)c1cc(Oc2ccccc2O)ccn1,8.5,0.8295647350980209,0.8709879846468057,0.5466666666666666
CCOC(=O)c1ccnc(CCN2CCOCC2)c1,7.4,0.746284636475402,0.8814804981165454,0.3012048192771084
CC(Cc1cc(Oc2ccc(N3CCCC3=O)cc2)ccn1)C(=O)C(=O)NC(F)(F)NC=O,9.4,0.2428871717734028,0.7186035708736803,0.2647058823529412
O=CNCCCc1ccc(Oc2ccnc(C(=O)Nc3ccccc3O)c2)cc1,9.9,0.2943976256899642,0.8564512114060666,0.3258426966292135
Cc1ccc(Oc2ccnc(C(=O)NCCN3CCOCC3)c2)cc1,8.9,0.8729778926657992,0.8845818729502829,0.6285714285714286
O=C(NCCN1CCOCC1)c1cc(-c2cc(N3CCCC3=O)ccc2Oc2ccnc(C(=O)c3ccc(N4CCOCC4)cc3)c2)ccn1,10.8,0.2312863952883069,0.7738249370744195,0.422680412371134
O=C(NCO)c1cc(Oc2ccc(N3CCCC3=O)cc2)ccn1,8.9,0.8153473491078717,0.8574187259780692,0.3780487804878049
O=C1CCCN1N1CCOCC1,5.7,0.5486649625110066,0.8169690816994954,0.1282051282051282
O=C1CCCN1c1ccc(Oc2ccnc(N3CCCC3=O)c2)cc1,9.8,0.8597851583132597,0.8557338223707254,0.2409638554216867
O=C1CCCN1c1ccc(Oc2ccnc(Oc3ccc(N4CCCC4=O)cc3N3CCOCC3)c2)cc1,10.3,0.4496451284136517,0.8123681953764336,0.2688172043010752
FN1CCOCC1,3.9,0.4079941822423425,0.7465190032067263,0.1304347826086956
O=C(NCCN1CCOCC1)c1cc(CCc2ccc(N3CCCC3=O)cc2)ccn1,10.3,0.7049073835970683,0.8527137333181519,0.4069767441860465
CC(C)Oc1ccnc(-c2cc(Oc3ccc(N4CCCC4=O)cc3)ccn2)c1,10.0,0.6029384230016127,0.8474001125049677,0.2386363636363636
NC(=O)NN1CCCC1=O,5.3,0.5034593625999925,0.7940766230759402,0.1
O=C(Nc1ccc(Oc2ccnc(C(=O)NCCN3CCOCC3)c2)cc1)Nc1ccc(Cl)c(C(F)(F)NCc2ccccn2)c1,9.7,0.1485717093542184,0.7834224501187966,0.775
O=C(CCCC(=O)C(=O)NCCN1CCOCC1)NCCN1CCOCC1,7.4,0.4237370811662314,0.8445906722218108,0.2692307692307692
O=C(NCCN1CCOCC1)C(=O)NCc1ccoc1,6.4,0.7003716612881266,0.8548919967985346,0.3164556962025316
O=C(CCN1CCOCC1)NCCN1CCOCC1,6.2,0.6823851887095986,0.8878740795351268,0.2957746478873239
CNC(=O)CNC(=O)NCCN1CCOCC1,6.1,0.5417559767768604,0.8810139695390835,0.2894736842105263
O=CC(=O)c1ccc(N2CCCC2=O)cc1,7.9,0.4339426283776674,0.8822877762433478,0.1034482758620689
O=C(NCCN1CCOCC1)c1cc(Oc2ccc(N3CCCC3=O)cc2NCc2ccccn2)ccn1,8.1,0.4233384297532581,0.817205558013796,0.422680412371134
CCc1cc(N2CCCC2=O)ccc1-c1ccc(-c2cc(O)ccn2)cc1Cl,9.9,0.6405984620866244,0.8359299950374817,0.1683168316831683
O=C1CCCN1c1ccc(Oc2ccnc(-c3ccccc3)c2)cc1,9.6,0.6980684931549919,0.894275803972981,0.2272727272727272
CCNC(=O)c1cc(C2CCCN2c2ccc(N3CCCC3=O)cc2CO)ccn1,8.5,0.7677213923153495,0.7708178292696144,0.2095238095238095
O=C(CNCc1cc(Oc2ccc(N3CCCC3=O)cc2)ccn1)NCCCCN1CCOCC1,8.6,0.449340402510807,0.8306725309040819,0.3684210526315789
O=C(NCCN1CCOCC1)c1cc(OO)ccn1,6.7,0.576683143381132,0.8430172813333286,0.5882352941176471
O=C(NC(F)C(=O)NCCN1CCOCC1)c1cc(N2CCCOC2)ccn1,8.1,0.6143266847355042,0.7367542810796803,0.3863636363636363
O=C(Nc1cccc(N2CCCC2=O)c1)c1cc(Oc2ccc(N3CCCC3=O)cc2)ccn1,11.1,0.5943872986793071,0.8487714870112733,0.3764705882352941
C1CN(CCN2CCOCC2)CCO1,4.6,0.6215845110338101,0.8982975173406782,0.2
O=C(NCCN1CCOCC1)c1cc(Oc2ccc(N3CCCC3=O)cc2C2CCOC2)ccn1,9.6,0.6207552635712862,0.7611944285091751,0.4361702127659574
O=C1CCCN1O,4.5,0.4360790668177542,0.7822456023970097,0.0789473684210526
CC(F)(F)c1cc(NC(=O)Nc2ccc(Oc3ccnc(C(=O)NO)c3)cc2)ccc1Cl,9.2,0.2891392933416126,0.8362848039996064,0.581081081081081
O=C1NCCOC(F)(NC(=O)c2cc(N3CCCOC3)ccn2)c2ccc(cc2)-c2ccnc1c2,9.6,0.5588741836592963,0.540446864479829,0.233009708737864
O=C1CCc2ccc(cc2)O1,6.3,0.4117582021029618,0.7232236157536931,0.0759493670886076
CNC(=O)c1cc(Oc2ccc(NC(=O)Nc3ccc(Cl)c(C(F)(F)F)c3)cc2)ccn1,9.3,0.4613395020059931,0.8592198083211277,0.6571428571428571
O=C(CNCCN1CCOCC1)c1ccncc1,6.4,0.5758210474433317,0.8724454074329255,0.3076923076923077
NC(=O)NCCN1CCOCC1,4.6,0.5741691917153184,0.8909878405876661,0.3
O=C1CCCN1N1CCOCC1,5.7,0.5486649625110066,0.8169690816994954,0.1282051282051282
O=Cc1cc(N2CCCOC2)ccn1,6.9,0.6574171496030536,0.791939972446548,0.1764705882352941
O=C(NCCN1CCOCC1)c1ccccn1,7.1,0.8065014222982005,0.9036918156929298,0.4714285714285714
O=C1CCCN1c1ccc(OCCN2CCOCC2)c(O)c1,8.0,0.8863572908713303,0.8679019453553176,0.2359550561797752
Nc1n[nH]c(Nc2cc(Oc3ccc(N4CCCC4=O)cc3)ccn2)n1,9.4,0.6450516774813646,0.8224736689619774,0.21875
O=C1CCCN1CCN1CCOCC1,6.4,0.636730412795273,0.8819238373621202,0.2133333333333333
CNC(=O)NCCC(F)(F)NC(=O)c1cc(N2CCCOC2)ccn1,8.4,0.6579339617082097,0.7650780433552203,0.3444444444444444
NC(=O)Nc1ccc(Cl)c(F)c1,6.8,0.6957223998144886,0.9170332025786164,0.2266666666666666
O=C(OC(=O)c1cc(N2CCCOC2)ccn1)c1cc(N2CCCOC2)ccn1,9.2,0.5646830053058747,0.7612858785036748,0.2409638554216867
CCNC(=O)NC(=O)c1cc(Oc2ccc(N)cc2)ccn1,9.0,0.7478046168224054,0.8722192685563103,0.3544303797468354
O=C1CCCN1c1ccc(-c2ccc(-c3ccc(-c4cc(O)ccn4)cc3O)cc2F)cc1,9.9,0.423188272067953,0.8342951245104201,0.1386138613861386
NC(=O)Nc1ccc(Oc2ccnc(C=O)c2)c(O)c1,8.3,0.7355946859782582,0.8414059983142602,0.2441860465116279
O=C(NCCN1CCOCC1)NCN1CCCC1=O,6.9,0.6856265059507718,0.839484973641021,0.3037974683544304
Oc1ccccc1-c1ccc(N2CCOCC2)cc1F,8.9,0.9125615579404897,0.8951121559497283,0.1764705882352941
O=C(NCCN1CCOCC1)c1cc(Oc2ccc(C(F)(F)F)cc2O)ccn1,9.4,0.7605949398962544,0.8455041060723756,0.5844155844155844
NC(=O)c1cc(N2CCCOC2)ccn1,7.3,0.7600879305646889,0.8214196355771439,0.2317073170731707
O=CN1c2ccc(cc2)NC(=O)Nc2ccc(Cl)c(c2)C1(F)F,7.6,0.6098299555314903,0.5673627282165826,0.1208791208791208
NNC(=O)c1cc(Oc2ccc(NC(=O)Nc3ccc(Cl)c(C4(F)Nc5ccccc54)c3)cc2)ccn1,10.4,0.1008874744748317,0.7519625204472812,0.4534883720930232
CCCCNC(=O)NCc1cc(Oc2ccc(N3CCCC3=O)cc2)ccn1,9.1,0.683488280984595,0.8607154010203877,0.2872340425531915
NC(=O)Nc1ccc(Cl)c(C(F)(F)c2ccc(Oc3ccnc(-c4ccc(-c5ccc(Oc6ccnc(C(=O)NCCN7CCOCC7)c6)cc5)cc4Cl)c3)c(O)c2)c1,10.6,0.0889342518004623,0.7333286284176389,0.5979381443298969
O=C1c2ccc(cc2)N2CC[C@@H]1C2,5.4,0.5949216884563128,0.706520369657139,0.0963855421686747
CCC(=O)c1cc(Oc2ccc(ONC(N)=O)cc2)ccn1,8.7,0.6296466431287042,0.8328130650823647,0.3037974683544304
NC(=O)NO,3.4,0.2566436062791167,0.8305870562026139,0.056338028169014
NC(=O)c1cccc(Oc2ccnc(C(=O)NCCN3CCOCC3)c2)c1,9.0,0.7540295544994101,0.8686670035827577,0.5526315789473685
O=C(O)NCCN1CCOCC1,5.2,0.6100704241571097,0.8924783383252226,0.3043478260869565
CCOc1ccnc(NN2CCOCC2)c1,6.8,0.8290243857616465,0.8422563887183431,0.2625
OCCN1CCOCC1,3.5,0.5382147344795518,0.90251772963766,0.2205882352941176
O=CNCCN1CC[C@@H](c2ccc(N3CCCC3=O)cc2)C1CO,7.8,0.5700777099208949,0.7286801159989015,0.1287128712871287
O=C1Nc2cccc(c2)NC(F)(F)c2cc(ccc2Cl)Oc2ccnc1c2,9.4,0.5167256975584581,0.5272844327616942,0.1666666666666666
NC(=O)c1cc(N2CCCC2=O)ccc1Oc1ccc(N2CCCC2=O)cc1,9.7,0.8644506684244292,0.8617476873451742,0.1666666666666666
ON1CCOCC1,3.7,0.4569110287851002,0.7957497724374955,0.1304347826086956
O=C(NCCN1CCOCC1)c1cc(N2CCCC2=O)ccn1,7.9,0.8434042696847982,0.8624228674243898,0.4430379746835443
CC(F)(F)c1cc(NC(=O)Nc2ccc(Oc3ccnc(C(=O)NCCN4CCOCC4)c3)cc2)ccc1Cl,9.6,0.3265940118715867,0.8225458151400831,0.8857142857142857
Oc1ccc(CCN2CCOCC2)cc1O,7.9,0.749768570618721,0.8947936476666105,0.25
O=C(O)NCCN1CCOCC1,4.9,0.6100704241571097,0.8924783383252226,0.3043478260869565
O=C1CCCN1O,4.5,0.4360790668177542,0.7822456023970097,0.0789473684210526
CCC(C)(Oc1ccc(O)cc1)N1CCOCC1,8.0,0.8907237165755153,0.7746914088399239,0.2073170731707317
CNC(=O)c1cc(Oc2ccc(NC(N)=O)cc2O)ccn1,8.6,0.6792075420794689,0.8623559727828083,0.3132530120481928
O=C(CCN1CCOCC1)c1ccnc(C(=O)NCCN2CCOCC2)c1,8.0,0.6419145612474135,0.852290991798372,0.4729729729729729
c1cc(CN2CCOCC2)on1,5.6,0.6444730029069907,0.8454047837751975,0.2266666666666666
O=C1CCCN1c1ccc(Oc2ccnc(-c3ccc(-c4ccsn4)cc3)c2)cc1,10.0,0.415419229772407,0.8320585176339108,0.2127659574468085
O=C1CCCN1c1ccc(Oc2ccnc(CNF)c2)cc1,8.8,0.8626776155313586,0.8387343972783946,0.264367816091954
O=C(NCCN1CCOCC1)c1cc(Oc2ccc(-c3cc(N4CCCC4=O)ccc3Oc3ccnc(C(=O)NCCN4CCOCC4)c3)cc2)ccn1,9.5,0.1939441263617586,0.7629993384667403,0.5
O=C(Nc1cc(F)cc(N2CCOCC2)c1)c1cc(Oc2ccc(CCN3CCOCC3)cc2O)ccn1,10.8,0.4627203495914046,0.8182601986434368,0.4395604395604395
O=C(NCCN1CCOCC1)c1cc(Oc2ccc(N3CCCC3=O)cc2)ccn1,9.6,0.7523551507133999,0.8556750297734566,0.5641025641025641
NC(=O)c1cc(On2c(N3CCOCC3)nnc2N2CCCC2=O)ccn1,9.5,0.7479916210280773,0.7722271613736846,0.2717391304347826
NC(F)(F)c1cc(Nc2cc(N3CCCOC3)ccn2)ccc1Cl,8.7,0.820131429975678,0.7889021117738592,0.3181818181818182
O=C(NCCN1CCOCC1)c1cc(F)ccn1,6.8,0.8372991804768994,0.876312684422989,0.5142857142857142
NCNc1cc(CC(=O)Oc2ccc(N3CCCC3=O)cc2)ccn1,9.2,0.471681757325252,0.8410782814504585,0.1938775510204081
O=C1NCc2ccc(c(Cl)c2)-c2ccnc1c2,6.9,0.7741880483507753,0.6677111437934005,0.1764705882352941
O=C1CCCN1Oc1ccc(N2CCCC2=O)cc1O,8.0,0.9064412196657614,0.811043814007339,0.1222222222222222
CNCc1cc(Oc2ccc(N3CCCC3=O)cc2)ccn1,8.9,0.9216964818432936,0.8709668492014715,0.25
O=C(Nc1ccc(N2CCCC2=O)cc1)c1ccccn1,9.1,0.9396547860890564,0.9076017667083214,0.25
O=C(NCCN1CCOCC1)c1cc(Oc2ccc(N3CCOCC3)cc2)ccn1,9.4,0.742811089079394,0.8601255876425538,0.6285714285714286
O=C(c1cc(Oc2ccc(N3CCCC3=O)cc2)ccn1)c1ccc(Br)s1,10.1,0.5178637250987744,0.8424928418470574,0.2857142857142857
c1cc2ccc1-c1ccc-2c(CN2CCCOC2)c1,6.4,0.6907403347557639,0.7603353888738308,0.1529411764705882
O=C1CCCN1c1ccc(N2CCCC2=O)cc1,8.7,0.7973459918692087,0.8939215601626341,0.0897435897435897
NC(=O)OC(=O)NCCN1CCOCC1,5.5,0.5988004118576764,0.8484377120742901,0.2972972972972973
Cc1cc(C(=O)NCCN2CCOCC2)[nH]n1,6.6,0.760591348439288,0.8437447387698528,0.3461538461538461
O=C(NCCN1CCOCC1)c1cc(O)ccn1,6.6,0.7781165154005866,0.8650467080916281,0.5
O=C1CCCN1c1ccc(Oc2ccncc2)c(C2CCOC2)c1,9.1,0.86349853044332,0.790928275846713,0.1855670103092783
O=CCc1cc(Oc2ccc(N3CCCC3=O)cc2)ccn1,8.9,0.7960075194409479,0.8516079549707024,0.2386363636363636
O=C(CCCCCN1CCOCC1)NCCN1CCOCC1,6.6,0.6217556204998376,0.8832192456511757,0.28
O=C1CCCN1c1ccc(CCc2ccncc2)cc1,9.3,0.852007549837215,0.9007273337584768,0.1149425287356321
O=C1CCCN1c1ccc(CCN2CCOCC2)cc1,8.7,0.8373709685941095,0.896838155140485,0.2023809523809523
CCCCc1ccc(Oc2ccnc(C(=O)NC(=O)c3cc(O)ccn3)c2)cc1,9.8,0.5927175281947703,0.8425350787435482,0.3095238095238095
FCCN1CCOCC1,4.3,0.5364640980913418,0.8643627000518612,0.2028985507246377
O=C(NCCN1CCOCC1)c1cc(Oc2ccnc(C3CC3)c2)ccn1,8.8,0.8074809956373038,0.8388267269492969,0.5675675675675675
O=c1c2cc(CCN3CCOCC3)cc(c2)c2ccnc1c2,8.4,0.7413777802882925,0.7266262272326166,0.2771084337349397
O=C(NCC1(N2CCCC2=O)CC1)c1cc(O)ccn1,7.7,0.8458794045216078,0.7931738554571174,0.2674418604651162
O=C(Nc1ccc(Oc2ccnc(C(=O)NCCN3CCOCC3)c2)cc1)Nc1cccc(C(F)(F)C(=O)NCCN2CCOCC2)c1,9.5,0.2160753069339431,0.7846701641780692,0.7142857142857143
O=C1CCCN1c1ccc2c(c1)[C@@H]1CCCCCN1c1cc(ccn1)O2,7.0,0.7636577727014016,0.6882823230120042,0.125
O=C(CCN1CCOCC1)NCCN1CCOCC1,6.0,0.6823851887095986,0.8878740795351268,0.2957746478873239
NC(=O)c1cc(-c2ccnc(C(=O)NCCN3CCOCC3)c2)ccn1,9.3,0.7712847101006175,0.8534964840766873,0.4861111111111111
O=C1CCCN1c1ccc(CCN2CCOCC2)cc1,8.7,0.8373709685941095,0.896838155140485,0.2023809523809523
Cc1ccnc(C(=O)C(=O)NCCN2CCOCC2)c1,7.3,0.6067126240364776,0.8516726938993769,0.4025974025974026
O=C(N[C@H]1CCCCN(CN2CCOCC2)C1)c1cc(Oc2ccc(N3CCCC3=O)cc2C2CCOC2)ccn1,10.9,0.5224760444857368,0.7047483481579379,0.3148148148148148
CCc1ccnc(-c2cc(Oc3ccc(C(C)=O)cc3)ccn2)c1,9.0,0.6397759377941399,0.8776202867361518,0.2560975609756097
Cc1cc(Oc2ccc(N3CCCC3=O)cc2)ccn1,8.6,0.8572953438094404,0.8854304583369961,0.238095238095238
O=C1CCCN1c1ccc(N2CCCC2=O)cc1,8.7,0.7973459918692087,0.8939215601626341,0.0897435897435897
Nc1ccc(Cl)c(C(F)(F)NC(=O)c2cc(N3CCCOC3)ccn2)c1,9.2,0.6273571190739065,0.7747355595947766,0.3563218390804598
O=C(NCF)c1cc(Oc2ccc(N3CCCC3=O)cc2)ccn1,9.1,0.8562051423256589,0.8424122599802989,0.3902439024390244
Oc1ccc(-c2cc(N3CCCOC3)ccn2)cc1C(F)(F)c1cc(Oc2cc(Oc3ccccc3)ccn2)ccc1Cl,10.9,0.1912540181950884,0.7639720693159577,0.3106796116504854
O=Cc1cc(Oc2ccc(N3CCCC3=O)cc2)ccn1,8.9,0.8090003638437805,0.8588133682215623,0.2325581395348837
O=C(NCCN1CCOCC1)N1CCOCC1,6.8,0.7162376635754841,0.8852828926160066,0.2957746478873239
FCCN1CCOCC1,4.3,0.5364640980913418,0.8643627000518612,0.2028985507246377
NC(=O)NOc1ccnc(C=O)c1,6.1,0.5006604275735371,0.7673319081186774,0.2151898734177215
O=C1CCCN1c1ccc(-c2ccc(N3CCCC3=O)cc2)cc1,9.9,0.8666537109451362,0.8963550556108577,0.0864197530864197
O=C1CCCN1c1ccc(Oc2ccncc2)c(C2CCOC2)c1,9.1,0.86349853044332,0.790928275846713,0.1855670103092783
O=C1CCCN1c1ccc(CCc2ccnc(-c3cc(Oc4ccccc4)ccn3)c2)cc1,11.5,0.36548746735142,0.8525434596339435,0.2150537634408602
O=C(NCCN1CCOCC1)C(=O)c1cc(CCc2ccc(N3CCCC3=O)cc2)ccn1,10.0,0.4612274584092609,0.8271264757249952,0.3369565217391304
CCNC(=O)C(=O)NCCN1CCOCC1,6.2,0.5799134491437029,0.8849988873544589,0.2876712328767123
O=C(Nc1ccc(Oc2ccnc(C(=O)NCCN3CCOCC3)c2)cc1)Nc1ccc(Cl)c(C(F)c2cc(Oc3ccc(N4CCCC4=O)cc3)ccn2)c1,10.2,0.1099239221124415,0.7015920309141701,0.6333333333333333
C[C@H](Cc1ccc(O)cc1)c1ccnc(-c2ccc(N3CCCC3=O)cc2)c1,10.5,0.6910032861345826,0.8132821063408391,0.1372549019607843
O=C1CCCN1c1ccc(O)c(C2CCOC2)c1,8.7,0.8694885184858999,0.79715540698356,0.1276595744680851
c1cc2cc(n1)Oc1ccnc(c1)N1CCN2CC1,6.6,0.718030157578072,0.6164519670479023,0.1411764705882353
CNC(=O)c1cc(C2(c3ccc(N4CCCC4=O)cc3)CC2)ccn1,10.2,0.934203328066954,0.8311771889983096,0.202127659574468
O=C(NCCN1CCOCC1)c1cc(NC(=O)c2ccccn2)ccn1,8.6,0.7953205610929989,0.8728491750348518,0.5342465753424658
O=C1CCCN1c1ccc(ON2CCOCC2)c(C2CCOC2)c1,9.2,0.8433739261815776,0.7498342346766155,0.1428571428571428
CCNC(=O)c1cc(N2CCC(c3cc(N4CCCC4=O)ccc3O)CC2)ccn1,9.4,0.7942632531607998,0.8320097427349137,0.2178217821782178
O=C(NC(F)(F)c1cccc(-c2ccc(N3CCCC3=O)cc2)c1)c1cc(N2CCCOC2)ccn1,11.6,0.5117692492946742,0.7830676354376739,0.2524271844660194
C(CN1CCOCC1)NN1CCOCC1,5.0,0.6613524993670574,0.8386152944918724,0.2253521126760563
O=C1CCCN1c1ccc(Oc2ccnc(N3CCCC3=O)c2)cc1,9.7,0.8597851583132597,0.8557338223707254,0.2409638554216867
O=CC(=O)Nc1ccc(Oc2ccnc(C=O)c2)cc1,8.5,0.6612984979287512,0.8474764725768398,0.3076923076923077
O=C1CCCN1c1ccc(Oc2ccncc2)cc1,8.3,0.8451822797945867,0.8992897388757862,0.1975308641975308
O=CNc1ccc(N2CCCC2=O)cc1,7.7,0.7560489682087623,0.8829860040923495,0.1176470588235294
O=C1CCCN1NCCN1CCOCC1,6.6,0.6801046251005715,0.8213981849347629,0.2307692307692307
O=Cc1cc(N2CCCOC2)ccn1,6.9,0.6574171496030536,0.791939972446548,0.1764705882352941
O=C1Cc2ccc(N3CCCC3=O)cc21,8.4,0.6909464773650547,0.8622464692086285,0.0909090909090909
O=C(NCCN1CCOCC1)c1cc(O)ccn1,6.8,0.7781165154005866,0.8650467080916281,0.5
NC(=O)NCCN1CCOCC1,5.1,0.5741691917153184,0.8909878405876661,0.3
O=C(NC(F)c1cc(Oc2ccc(N3CCCC3=O)cc2)ccn1)c1cc(N2CCCOC2)ccn1,10.6,0.4995928913762744,0.7280027882602904,0.31
O=C(Nc1ccc(F)cc1)Oc1ccc(N2CCCC2=O)cc1C1CCOC1,10.3,0.8629863806139543,0.796803853729253,0.196078431372549
O=C(Nc1ccc(Cl)c(C(F)(F)NC(=O)c2cc(N3CCCOC3)ccn2)c1)c1cc(Oc2ccc(N3CCCC3=O)cc2)ccn1,10.9,0.2102867864108253,0.7505920078068069,0.4787234042553192
O=Cc1cc(N2CCCOC2)ccn1,6.9,0.6574171496030536,0.791939972446548,0.1764705882352941
NC(F)(F)Nc1cc(N2CCCOC2)ccn1,7.6,0.6173380091407487,0.7603021105647244,0.2068965517241379
O=C(Nc1ccc(Oc2ccnc(C(=O)Nc3cc(Oc4ccc(N5CCCC5=O)cc4)ccn3)c2)cc1)Nc1ccc(Cl)c(C(F)(F)F)c1,9.4,0.1397884112475351,0.790717428465812,0.5903614457831325
O=C(Nc1ccc(Oc2ccnc(C(=O)NCCC(=O)N3CCOCC3)c2)cc1)Nc1ccc(Cl)c(C(O)(F)F)c1,10.8,0.2930811561645882,0.8095316025504358,0.7272727272727273
O=C1CCCN1C(=O)NCCN1CCOCC1,7.3,0.733446565134768,0.8620916775453629,0.282051282051282
NC(=O)Nc1ccc(N2CCCC2=O)cc1,8.3,0.7862724586726657,0.908663502739074,0.1686746987951807
O=C(NCCc1ccnc(C(=O)NCCN2CCOCC2)c1)c1ccccn1,8.8,0.6896199973913923,0.8633445025421723,0.4675324675324675
O=Cc1cc(Oc2ccc(N3CCCC3=O)cc2)ccn1,9.0,0.8090003638437805,0.8588133682215623,0.2325581395348837
O=C(NCCCN1CCOCC1)NCc1ccc(Cl)c(Cl)c1,7.2,0.7785978300574649,0.8928737173333394,0.3544303797468354
O=C1Oc2ccnc(c2)C(=O)c2ccnc1c2,7.2,0.6319114791341612,0.6104248015642013,0.1325301204819277
O=C(NCCN1CCOCC1)C(=O)c1ccc(NN2CCOCC2)c(O)c1,8.4,0.3371018697714919,0.8176382067385762,0.2941176470588235
O=Cc1cc(ONCCN2CCOCC2)ccn1,5.8,0.4396684742870726,0.7944930126578892,0.358974358974359
COc1ccc(N2CCCC2=O)cc1,7.4,0.7132485045973652,0.9336499349230958,0.1204819277108433
O=C(NC(F)(F)F)c1cc(N2CCCOC2)ccn1,8.4,0.8313359466193009,0.7955695336093547,0.3170731707317073
O=C1CCCN1C(=O)NCCN1CCOCC1,6.9,0.733446565134768,0.8620916775453629,0.282051282051282
O=C(NCO)NCCN1CCOCC1,5.8,0.4896145851781706,0.8614003195384805,0.3098591549295774
CCNC(=O)c1cc(Oc2ccc(Cl)c(C(F)(F)Nc3ccccc3)c2)ccn1,10.1,0.5024230188446849,0.8278624550404808,0.4567901234567901
O=C(NCCOc1ccnc(C(=O)NCCN2CCOCC2)c1)c1cccnc1,8.1,0.5861955712260952,0.8601646115353491,0.4814814814814814
NOc1ccnc(C(=O)NCCN2CCOCC2)c1,7.0,0.6914757892742901,0.848591826787874,0.5571428571428572
O=C(Nc1ccnc([Si+]O)c1)c1cc(Oc2ccccc2)ccn1,0.0,0.6941907359086791,0.8031961841720493,0.3544303797468354
O=C(Nc1ccc(Oc2ccnc(NNc3ccc(Cl)c(C(F)(F)F)c3)c2)cc1)c1cc(Oc2ccc(CON3CCOCC3)cc2)ccn1,10.2,0.1096296645893321,0.76110306479235,0.6071428571428571
O=C(Nc1ccc(O)cc1)c1cc(Oc2ccc(N3CCCC3=O)cc2)ccn1,10.7,0.6446940704685865,0.8743592700141252,0.3975903614457831
O=C1CCCN1c1ccc(-c2ccc(F)c(-c3cc(O)ccn3)c2)cc1,10.2,0.7637896376953194,0.8576294071536102,0.1443298969072164
O=C1CCCN1c1ccc(-c2cccc(O)c2)cc1,9.1,0.8925295830325793,0.9106785400745876,0.1
C[C@H](Cl)CCc1ccc(N2CCCC2=O)cc1,8.3,0.7516792046584643,0.8353083932830864,0.0989010989010989
O=C1CCCN1c1ccc(ON2CCOCC2)c(C2CCOC2)c1,9.2,0.8433739261815776,0.7498342346766155,0.1428571428571428
O=C1CCCN1c1ccc(CCN2CCOCC2)cc1,8.7,0.8373709685941095,0.896838155140485,0.2023809523809523
NCCC(=O)Nc1cc(Oc2ccc(N3CCCC3=O)cc2)ccn1,9.6,0.8406517390827871,0.8633011446983218,0.2747252747252747
O=C(NCCN1CCOCC1)c1cc(-c2cccc(Cl)c2)ccn1,9.1,0.9041094377569072,0.8839207995566645,0.4933333333333333
Nc1ccc(Cl)c(C(F)(F)N2CCCC2=O)c1,8.0,0.6562424586227651,0.7984785180340668,0.216867469879518
O=C1CCCN1c1ccc(N2CCCC2=O)cc1,8.7,0.7973459918692087,0.8939215601626341,0.0897435897435897
Cc1ccc(NC(=O)Nc2ccc(Cl)c(C(F)(F)F)c2)cc1,9.2,0.7701681169580828,0.914998515868138,0.4142857142857143
CCNC(=O)c1cc(Oc2ccc(-c3cc(N4CCOCC4)cc(N4CCOCC4)c3)cc2)ccn1,9.4,0.5394676379899354,0.8304059267182365,0.4444444444444444
Cc1ccc(COc2ccc(N3CCCC3=O)cc2C2CCOC2)cc1,10.2,0.8100990666526761,0.8140362607221747,0.1346153846153846
O=C(NC(=O)c1cc(Oc2ccc(N3CCCC3=O)cc2C2CCOC2)ccn1)c1ccccn1,10.3,0.547061265629428,0.7556640590499649,0.284313725490196
O=C(Nc1ccc(Oc2ccnc(C(=O)NCCN3CCOCC3)c2)cc1)Nc1ccc(Cl)c(N2CCCCC2)c1,9.6,0.3192327197657228,0.8296013638236455,0.7466666666666667
O=C(NCCN1CCOCC1)c1cc(Oc2ccc(N3CCCC3=O)cc2)ccn1,9.5,0.7523551507133999,0.8556750297734566,0.5641025641025641
O=CN1CCc2cc(C(=O)c3cc(Oc4ccc(N5CCCC5=O)cc4C4CCOC4)ccn3)ccc21,10.7,0.3581457792234694,0.7264984313218714,0.219298245614035
CNC(=O)c1cc(CCc2ccc(-c3ccnc(C(=O)NCCN4CCOCC4)c3)cc2)ccn1,8.9,0.4953627733560314,0.838888884928888,0.4216867469879518
O=Cc1cc(Oc2ccc(-c3ccc(CCc4ccnc(C(=O)NCCN5CCOCC5)c4)cc3)cc2)ccn1,10.8,0.2802348080711739,0.8178067818087617,0.5119047619047619
O=C1CCCN1c1ccc(-c2ccccn2)cc1,8.8,0.8056211522394193,0.9124160895809662,0.1123595505617977
O=CNCC(=O)c1ccc(Cl)c(C(F)(F)c2cc(NC(=O)Nc3ccc(-c4cccnc4)cc3)ccc2Cl)c1,9.8,0.1530971727076297,0.8013966511509193,0.3085106382978723
CNC(=O)NCc1cc(Oc2ccc(N3CCCC3=O)cc2)ccn1,9.6,0.8755148416686399,0.8604084096555867,0.2888888888888888
O=C(OCCN1CCOCC1)c1cc(ON2CCCC2=O)ccn1,7.5,0.6997518127886336,0.8053337665896316,0.3647058823529411
O=C1CCCN1c1ccc(Oc2ccccn2)cc1,8.9,0.8451822797945867,0.8989271015131488,0.1724137931034483
NC(=O)c1cc(Oc2ccc(N3CCCC3=O)cc2C(F)(F)c2cc(NC(=O)Nc3ccc(Oc4ccnc(C(=O)NCCN5CCOCC5)c4)cc3)ccc2Cl)ccn1,9.6,0.0927024086618561,0.7277694579141929,0.6813186813186813
O=C1CCCN1c1ccc(Oc2ccnc(-c3ccccc3)c2)cc1,9.6,0.6980684931549919,0.894275803972981,0.2272727272727272
O=C(NCc1cc(Cl)cs1)c1cc(CCN2CCOCC2)ccn1,8.4,0.8545133798193116,0.8386526676885327,0.3975903614457831
O=C(NC(F)(C(=O)c1cc(Oc2ccc(N3CCCC3=O)cc2)ccn1)c1ccc(Cl)cc1)c1ccccn1,12.0,0.232588749734607,0.7467212172525645,0.34375
O=C(Nc1ccc(Oc2ccnc(C(=O)NOc3ccc(N4CCCC4=O)cc3C3CCOC3)c2)cc1)c1ccncc1,7.0,0.2684680143368858,0.7351444382370058,0.330188679245283
O=C1NCC2CCCC2C1=O,6.2,0.5016269853235336,0.7237093477636187,0.048780487804878
O=Cc1cc(Oc2ccc(-c3ccc(Cl)c(C(F)(F)NC(=O)c4cc(N5CCCOC5)ccn4)c3)cc2O)ccn1,10.9,0.1993919641088841,0.7412718108979387,0.3529411764705882
O=C1CCCN1c1ccc(F)cc1,7.6,0.6448604838149938,0.9281357542725238,0.0975609756097561
O=C(NC(F)(F)F)c1ccc(N2CCCC2=O)cc1,8.9,0.8377236925201106,0.8731823001606551,0.1627906976744186
O=C(NCCCN1CCOCC1)NCC1CC1,6.0,0.6626226392214989,0.8877977999943426,0.2531645569620253
O=C1CCCN1c1ccc(OCCN2CCOCC2)cc1,8.1,0.8244586708998788,0.8946510121218186,0.253012048192771
O=C(O)NCc1cc(-c2ccc(N3CCCC3=O)cc2C2CCOC2)ccc1F,9.7,0.8009455636339335,0.7751417707915365,0.1574074074074074
O=C(c1ccc(Oc2ccnc(CN3CCOCC3)c2)cc1)c1cc(O)ccn1,10.8,0.6466286360362419,0.8379767382321816,0.3855421686746988
O=C(Nc1ccc(Oc2ccnc(C(=O)NCCN3CCOCC3)c2)cc1)Nc1cccc(C(F)(F)N2CCCC2=O)c1,10.4,0.2998943351695616,0.7887462013258832,0.6626506024096386
c1ccc(CCN2CCOCC2)cc1,7.7,0.7186418628284076,0.9442308506740116,0.2162162162162162
O=CNOc1ccnc(C(=O)NCCN2CCOCC2)c1,7.0,0.5042407331150027,0.8149230781837312,0.5342465753424658
O=C(Nc1cccc2ccccc12)c1cc(OC(=O)c2cc(CCc3ccc(N4CCCC4=O)cc3)ccn2)ccn1,11.5,0.2348932138002658,0.821806617059327,0.2476190476190476
NC(=O)Nc1ccc(Cl)c(Nc2ccc(N3CCCC3=O)cc2)c1,8.8,0.7897929072024827,0.8843496230860765,0.2111111111111111
O=C(NC(=O)c1cc(Oc2ccc(N3CCCC3=O)cc2O)ccn1)c1cc(CO)ccn1,10.6,0.4872070249372361,0.8126072961014272,0.2708333333333333
O=C1CCCN1CCN1CCOCC1,6.4,0.636730412795273,0.8819238373621202,0.2133333333333333
O=COc1ccc(N2CCCC2=O)cc1C1CCOC1,8.3,0.7869169346570463,0.7640857905690628,0.1212121212121212
O=C(Oc1ccc(N2CCCC2=O)cc1O)OC1(CCN2CCOCC2)CC1,8.5,0.5888233454677164,0.7981917258067127,0.2121212121212121
O=C1CCCN1C(=O)c1cc(Oc2ccccc2C2CCOC2)ccn1,9.5,0.7909035028521472,0.7821807951351301,0.2604166666666667
CCNC(=O)c1cc(OC2(C)CCN(N3CCOCC3)CC2N2CCCC2=O)ccn1,7.6,0.7164810682199321,0.6692740771027683,0.3131313131313131
O=C1CCCN1c1ccc(Oc2ccc(N3CCCC3=O)cc2)cc1,9.4,0.8546112984150934,0.8881841911799984,0.1666666666666666
O=C(NCc1cc(Nc2ccc(N3CCCC3=O)cc2)ccn1)c1cc(CCc2ccccc2)ccn1,10.6,0.3416893632729449,0.8384254473044687,0.2376237623762376
O=C(NCC1N=C(O)C1(F)F)c1cc(CCc2ccc(Oc3ccc(N4CCCC4=O)cc3C3CCOC3)cc2)ccn1,10.6,0.3440092333051791,0.6693295318652902,0.2672413793103448
NCCN1CCOCC1,4.2,0.5357325007130507,0.8888532325962399,0.1857142857142857
O=Cc1cc(-c2ccc(Oc3ccnc(C(=O)NCCN4CCOCC4)c3)cc2)ccn1,9.5,0.5472175224973166,0.8360777369332756,0.5714285714285714
NC(=O)Nc1ccc(Cl)c(C(F)(F)c2cc(NC(=O)Nc3ccccc3)ccc2Cl)c1,10.6,0.3575481696944546,0.8508452652924389,0.3376623376623376
O=C(Cc1cc(ON2CCOCC2)ccn1)NCCN1CCOCC1,8.3,0.7233865024039101,0.8154668642640414,0.4
CNC(=O)c1cc(Oc2ccc(-c3ccc(N4CCCC4=O)cc3)cc2O)ccn1,9.6,0.6772604478257592,0.8516034815542339,0.2631578947368421
CCc1ccnc(CCC(=O)N2CCCC2=O)c1,8.6,0.812532444928599,0.8588254353221652,0.1648351648351648
O=C(NCCN1CCOCC1)c1cc(-c2ccc(C(=O)c3cc(O)ccn3)cc2)ccn1,10.8,0.5513467222554908,0.8355240192485351,0.4320987654320987
O=CNc1ccc(Oc2ccnc(C(=O)NCCN3CCOCC3)c2)cc1,8.5,0.6844327617154128,0.855114555576366,0.6388888888888888
O=Cc1cc(Oc2ccc(N3CCCC3=O)cc2)ccn1,9.0,0.8090003638437805,0.8588133682215623,0.2325581395348837
O=C(NCCN1CCOCC1)c1ccccc1N1CCCC1=O,8.0,0.8754687524530285,0.882112878905446,0.3095238095238095
CCNC(=O)c1cc(Oc2ccc(C(=O)CC)cc2)ccn1,8.5,0.8313996061901857,0.8886939583826129,0.3636363636363636
O=C(NCCN1CCOCC1)c1cc(-c2cc(N3CCOCC3)ccc2F)ccn1,9.9,0.7775458519255739,0.8481689108923377,0.4444444444444444
O=C1CCCN1c1ccc(O)c(O)c1,7.3,0.6591512407130913,0.8861450236804923,0.1071428571428571
O=CNc1cc(F)ccc1Nc1cc(N2CCCOC2)ccn1,8.6,0.8303674828462293,0.8044462887791544,0.173469387755102
O=Cc1cc(Oc2ccc(N3CCCC3=O)cc2CCNC(=O)c2cc(Oc3ccc(N4CCCC4=O)cc3C3CCOC3)ccn2)ccn1,10.0,0.1900342440188902,0.6955522693401028,0.3027522935779816
O=C(Oc1cc(Oc2ccc(N3CCCC3=O)cc2C2CCOC2)ccn1)c1cc(Oc2ccc(N3CCCC3=O)cc2)ccn1,11.7,0.2063657289605885,0.71768942891496,0.2692307692307692
O=C1NCCc2ccc(cc2)-c2ccc(cc2)CCc2ccnc(c2)C(=O)c2cc(N3CCCC3=O)ccc2Oc2ccnc1c2,9.3,0.2375776753085338,0.5284997550980837,0.1376146788990825
O=C(NCCO)Nc1ccc(-c2cc(Oc3ccc(N4CCCC4=O)cc3)ccn2)cc1,9.9,0.5271516346007875,0.859651562672853,0.3666666666666666
CNC(=O)c1cc(Oc2ccc(-c3ccnc(C(=O)NCCN4CCOCC4)c3)cc2O)ccn1,9.0,0.4502226045856535,0.824505867441619,0.5
O=C(NCCN1CCOCC1)NC(=O)c1cc(Oc2ccc(N3CCCC3=O)cc2)ccn1,10.2,0.6569472953042396,0.8369630141865336,0.524390243902439
C(CN1CCOCC1)NN1CCOCC1,5.6,0.6613524993670574,0.8386152944918724,0.2253521126760563
O=C(NCCN1CCOCC1)c1cc(Oc2ccc(F)cc2)ccn1,8.7,0.8683871103170928,0.8825508929713577,0.6521739130434783
O=C1CCCN1N1CCCC1=O,5.8,0.5587174432459223,0.8136199672844986,0.0666666666666666
O=C1CCCN1CCN1CCOCC1,6.4,0.636730412795273,0.8819238373621202,0.2133333333333333
O=C(Nc1ccc(Oc2ccnc(C(=O)Nc3cccc(N4CCCC4=O)c3)c2)cc1)Nc1ccc(Cl)c(C(F)(F)F)c1,11.7,0.2000215706754256,0.8240726382945203,0.5903614457831325
O=C(NC1CCN(N2CCOCC2)CC1)c1cc(CCc2ccc(CCN3CCOCC3)cc2)ccn1,10.2,0.5580179645748414,0.8060131755395363,0.3488372093023256
Cc1cc(Oc2ccc(N3CCCC3=O)cc2)ccn1,8.8,0.8572953438094404,0.8854304583369961,0.238095238095238
NC(=O)Nc1ccc(Cl)c(Oc2ccnc(C=O)c2)c1,8.0,0.8468536805652125,0.8494425367757987,0.3012048192771084
O=C(NCCNCCN1CCOCC1)NCc1cc(O)ccn1,7.0,0.4819368606380877,0.8378081716723804,0.3493975903614458
O=CNOc1ccnc(C(=O)NCCN2CCOCC2)c1,6.3,0.5042407331150027,0.8149230781837312,0.5342465753424658
O=C(NCC1(c2ccc(-c3ccc(N4CCCC4=O)cc3)cc2O)CC1)c1cc(O)ccn1,10.2,0.5385217499159376,0.8096536136137024,0.2178217821782178
CCC(CC(=O)OC(=O)c1cc(Oc2ccc(O)cc2)ccn1)N1CCOCC1,8.5,0.559632375088601,0.7711274983170228,0.367816091954023
O=C(Nc1ccc(Cl)cc1)Nc1ccc(Oc2ccnc(C(=O)Nc3ccc(Oc4ccnc(C(=O)NCCN5CCOCC5)c4)c(O)c3)c2)cc1,10.1,0.0971281943560713,0.7894095007444049,0.7012987012987013
O=C(NCc1cccc(-c2cc(N3CCCOC3)ccn2)c1)c1cc(Oc2ccc(Cl)cc2)ccn1,11.1,0.3503759194586513,0.8224247946427649,0.3789473684210526
Oc1ccc(Oc2ccccc2)cc1,8.0,0.7799941267858639,0.9632758073433586,0.136986301369863
O=Cc1cc(Oc2ccc(C(=O)NCCN3CCOCC3)cc2)ccn1,8.6,0.7623607037867052,0.8602562600550948,0.5064935064935064
O=C(CCOc1cc(-c2ccc(N3CCCC3=O)cc2)ccn1)NCCN1CCOCC1,9.5,0.6455711759214429,0.8431798645928501,0.3297872340425531
O=C(NCc1cc(C2CC2)ccn1)c1cc(CCc2ccc(N3CCCC3=O)cc2)ccn1,11.1,0.569781582356949,0.8341743923916619,0.2178217821782178
CCOc1ccc(O)cc1,6.0,0.6746841995353571,0.9613589592582764,0.12
O=C(NCCN1CCOCC1)c1cc(OF)ccn1,6.7,0.8383552921065519,0.8406536449696923,0.5797101449275363
O=C(Cc1ccc(N2CCCC2=O)cc1C1CCOC1)NCCN1CCOCC1,9.1,0.7460069125736358,0.7765855171798043,0.2551020408163265
O=C(NCc1ccccc1)c1cc(ON2CCCC2=O)ccn1,8.4,0.915615918672974,0.8440111567470073,0.313953488372093
O=C1CCCN1c1ccc(Oc2ccnc(F)c2)cc1,8.7,0.8060388121505285,0.8738177262415054,0.253012048192771
C(CCN1CCOCC1)CN1CCOCC1,5.4,0.6372163598167225,0.8972918360724077,0.1911764705882352
Cc1ccc(Cc2ccnc(CCN3CCOCC3)c2)cc1,9.4,0.8481510331244386,0.8852722634026551,0.253012048192771
O=C1CCCN1Oc1ccc(N2CCCC2=O)cc1,8.6,0.8312626828248372,0.8341484701445174,0.1309523809523809
O=C1c2ccc(cc2)CCc2ccnc1c2,5.9,0.6665533174899706,0.648833148129145,0.1219512195121951
C1CN(CCC2CCC(CCN3CCOCC3)C2)CCO1,8.1,0.7466698648343363,0.7790072679438279,0.1891891891891892
O=C(NCc1ccc(N2CCOCC2)c(Br)c1)c1cc(Oc2ccc(N3CCCC3=O)cc2)ccn1,10.5,0.46490621036167,0.8334843260547492,0.3789473684210526
O=C1NCCc2cc(ccn2)CCc2ccc(cc2)Oc2ccnc(c2)CN1,8.4,0.632245905877967,0.5229861985383276,0.1145833333333333
O=C1CCCN1c1ccc(Oc2ccnc(N3CCCC3=O)c2)cc1,9.7,0.8597851583132597,0.8557338223707254,0.2409638554216867
ON1CCOCC1,4.0,0.4569110287851002,0.7957497724374955,0.1304347826086956
O=C(NCc1ccc(N2CCOCC2)c(F)c1)c1cc(CCN2CCOCC2)ccn1,9.3,0.7263673345916764,0.8510513495480758,0.367816091954023
O=C(NCc1cccs1)c1cc(OOc2ccc(N3CCCC3=O)cc2O)ccn1,9.8,0.4450726339426754,0.8073020010780143,0.2673267326732673
O=C1CCCN1N1CCOCC1,5.7,0.5486649625110066,0.8169690816994954,0.1282051282051282
O=C1CCCN1c1ccc(CCN2CCOCC2)cc1,8.7,0.8373709685941095,0.896838155140485,0.2023809523809523
CCc1ccc(Oc2ccnc(CNc3ccc(O)cc3)c2)cc1,9.4,0.6433232510975212,0.8911588215346866,0.2470588235294117
O=C(Nc1ccc(Oc2ccnc(C3CCN(F)CC3)c2)cc1)Nc1ccc(Cl)c(OF)c1,9.5,0.398772788568393,0.7876761771419994,0.4235294117647059
CC1CCCC(C2CCOC2)N1N1CCCC1=O,6.7,0.7510856207158765,0.6727451709642494,0.1208791208791208
NC(F)(F)c1ccnc(NN2CCOCC2)c1,7.7,0.7680996184897018,0.7741582003083143,0.2658227848101265
O=C1CCC(N2CCOCC2)N1N1CCOCC1,5.7,0.6663797617429201,0.7303975416268558,0.1341463414634146
O=C(NC1CCCC1)c1cc(C(F)(F)NC(=O)c2cc(N3CCCOC3)ccn2)ccn1,9.5,0.6641720266102813,0.7693922107111165,0.3043478260869565
O=C(c1ccccn1)c1cc(CCc2ccc(N3CCCC3=O)cc2)ccn1,11.1,0.621034100368802,0.8525735832175945,0.1789473684210526
O=C1CCCN1N1CCOCC1,5.7,0.5486649625110066,0.8169690816994954,0.1282051282051282
O=CNC(F)(F)c1cc(-c2ccc(N3CCCC3=O)cc2)ccc1C=O,9.5,0.6374246315723019,0.7994061602270209,0.134020618556701
O=C1CCCN1c1ccc(Oc2ccnc(CNO)c2)cc1,9.0,0.829655856937958,0.8493108395860869,0.264367816091954
O=C1CCCN1c1ccc(OCCN2CCOCC2)c(O)c1,8.0,0.8863572908713303,0.8679019453553176,0.2359550561797752
O=C1CCCN1c1ccc(Oc2ccnc(Oc3ccc(N4CCCC4=O)cc3)c2)cc1,10.5,0.5561899478098381,0.8484711902884311,0.2409638554216867
O=C1CCCN1Oc1ccc(N2CCCC2=O)cc1O,8.0,0.9064412196657614,0.811043814007339,0.1222222222222222
O=C(NOC(F)(F)F)c1cc(N2CCCC2=O)ccn1,8.5,0.8535258365686267,0.8106915627498247,0.2705882352941176
O=C1CCCN1c1ccc(CCN2CCOCC2)cc1,8.7,0.8373709685941095,0.896838155140485,0.2023809523809523
O=C1CCCN1c1ccc(CCc2ccncc2)cc1,9.3,0.852007549837215,0.9007273337584768,0.1149425287356321
O=C(NCc1ncco1)NC(=O)c1cc(Oc2ccc(C(=O)NCCN3CCOCC3)cc2)ccn1,8.2,0.4029824394721537,0.8147593443697674,0.5487804878048781
[CH]1C[CH]c2cc(ccn2)O1,5.7,0.5356532524676966,0.5297813303270461,0.125
NC(=O)Nc1ccnc(C=O)c1,5.8,0.6211348621013427,0.8351671769375907,0.189873417721519
CCNC(=O)c1cc(Oc2ccc(CC)cc2)ccn1,8.2,0.9074146951319164,0.9028025184607804,0.3733333333333333
CNc1ccc(CCc2ccnc(C=O)c2)cc1,8.5,0.8169848860320965,0.8664845779141134,0.1529411764705882
C(CN1CCOCC1)NCCN1CCOCC1,5.3,0.6207919367602767,0.8803353873369719,0.2352941176470588
CCNC(=O)c1cc(Oc2ccc(C(=O)CC)cc2)ccn1,8.6,0.8313996061901857,0.8886939583826129,0.3636363636363636
O=C(Nc1ccccc1O)c1ccc(Oc2ccnc(C(=O)NCCN3CCOCC3)c2)c(O)c1,10.0,0.3632867048367673,0.8432545346160288,0.4941176470588235
O=C1CCCN1N1CCCC1=O,5.8,0.5587174432459223,0.8136199672844986,0.0666666666666666
O=C1CCCN1c1ccc(ON2CCOCC2)c(C2CCOC2)c1,9.2,0.8433739261815776,0.7498342346766155,0.1428571428571428
O=C1C2=CC=C1C=C2,5.2,0.4475987226428458,0.6404517316172051,0.0405405405405405
O=C(O)c1ccc(N2CCCC2=O)cc1,8.3,0.7957141115354202,0.9240637194002974,0.108433734939759
O=C(NCc1ccccc1F)c1cc(-c2ccc(N3CCCC3=O)cc2)ccn1,10.1,0.7188817729031997,0.8757620172668723,0.2421052631578947
CCNC(=O)c1cc(-c2cc(CCC(=O)CCN3CCOCC3)ccc2O)ccn1,9.3,0.6585341397054489,0.8345737856687241,0.3406593406593406
CC[C@@H](O)C(=O)Nc1ccc(N2CCCC2=O)cc1,8.4,0.8640428584824498,0.8339916242619204,0.1685393258426966
Nc1cc(Oc2ccc(N3CCCC3=O)cc2)ccn1,8.7,0.9294530435270708,0.8786453124484022,0.2409638554216867
O=C(NCCN1CCOCC1)c1ccccn1,7.2,0.8065014222982005,0.9036918156929298,0.4714285714285714
O=C(NCCN1CCCC1=O)c1cc(Oc2ccccc2O)ccn1,8.6,0.8375715538224553,0.8608479395701166,0.388235294117647
O=C(NCCN1CCOCC1)c1cc(Oc2ccc(Oc3ccc(N4CCCC4=O)cc3)cc2)ccn1,9.4,0.4750458258284553,0.8419661671350968,0.5641025641025641
O=C1CCCN1c1ccc(OCCN2CCOCC2)cc1,8.1,0.8244586708998788,0.8946510121218186,0.253012048192771
O=C(NC(=O)c1cc(ONCCN2CCOCC2)ccn1)Nc1cccc(N2CCOCC2)c1Cl,8.2,0.3647918367305953,0.7902092469198383,0.4431818181818182
O=C(NCCN1CCOCC1)c1ccccn1,7.1,0.8065014222982005,0.9036918156929298,0.4714285714285714
O=C(NCCO)c1cc(Oc2ccc(N3CCCC3=O)cc2C2CCOC2)ccn1,9.6,0.7246499380387135,0.7708225852994707,0.3402061855670103
CCNC(=O)c1cc(Oc2ccc(N3CCCC3=O)cc2C2CCOC2)ccn1,9.9,0.812058253571757,0.7753621644540988,0.3131313131313131
O=C1CCCN1CCN1CCOCC1,6.4,0.636730412795273,0.8819238373621202,0.2133333333333333
Cc1ccc(Oc2ccnc(C(=O)NCCN3CCOCC3)c2)c(O)c1,8.9,0.8221191173428016,0.8627908430510463,0.5256410256410257
O=C(NCCN1CC[C@@H](N2CCCC2=O)C1=O)NC(=O)c1cc(O)ccn1,9.2,0.6326550587647958,0.7545649477772951,0.2604166666666667
CCNOc1ccc(N2CCCC2=O)cc1C1CCOC1,7.9,0.8448785034400788,0.748366130553207,0.1386138613861386
O=C(Nc1ccc(Oc2ccnc(C(=O)NC(=O)c3ccccn3)c2)cc1)Nc1ccc(Cl)c(C(F)(F)F)c1,10.4,0.2450855949600265,0.8292239238781919,0.6301369863013698
C1CN(CCN2CCOCC2)CCO1,5.4,0.6215845110338101,0.8982975173406782,0.2
O=C(NCC1CC1)c1cc(Oc2ccc(N3CCCC3=O)cc2-c2ccccc2)ccn1,10.7,0.587529035050832,0.8513958141203302,0.2828282828282828
O=C(Nc1cc(Oc2ccc(N3CCCC3=O)cc2)ccn1)c1cc(C(F)(F)F)ccn1,11.2,0.6210652906329479,0.8379080547333151,0.3908045977011494
O=C(c1cc(O)ccn1)c1cc(Oc2ccc(N3CCCC3=O)cc2)ccn1,10.3,0.6878167233064887,0.828408088579742,0.2906976744186046
O=CNC(=O)c1cc(Oc2ccc(Oc3ccnc(C(=O)NCCN4CCOCC4)c3)cc2)ccn1,9.1,0.4088154311302127,0.8142887216591446,0.6111111111111112
O=C(NCCN1CCOCC1)c1cc(Oc2ccc(-c3ccc(Cl)c(C(F)(F)NC(=O)c4cc(N5CCCOC5)ccn4)c3)cc2)ccn1,10.0,0.2016732709466368,0.7459241422873288,0.6091954022988506
O=C(NCCN1CCOCC1)NCc1cc(Oc2ccc(-c3ccccc3)cc2)ccn1,10.0,0.5680898729607745,0.8664199593469202,0.4691358024691358
c1cc(NCCN2CCOCC2)ccc1CC1CCC1,8.3,0.863052023071103,0.8949781812161043,0.275
O=C(NCCN1CCOCC1)c1cc(OF)ccn1,6.9,0.8383552921065519,0.8406536449696923,0.5797101449275363
O=C(NCCN1CCOCC1)NC(=O)c1cc(O)ccn1,7.7,0.695258888232806,0.8463960079861693,0.4533333333333333
c1cc2cc(n1)NNc1ccc(cc1)O2,6.8,0.684246463118096,0.5452590551756332,0.108433734939759
O=C(NCCN1CCOCC1)c1cc(OO)ccn1,7.1,0.576683143381132,0.8430172813333286,0.5882352941176471
O=Cc1cc(OCCN2CCOCC2)ccn1,6.8,0.7008676595445833,0.8536416618467759,0.3205128205128205
CCNC(=O)c1cc(NC=O)ccn1,6.5,0.6797387052095926,0.8562085345286184,0.2531645569620253
c1cc2cc(n1)NOc1ccc(cc1)O2,6.9,0.7093815174315315,0.5458043543209323,0.1097560975609756
CCc1cc(Oc2ccc(C=O)cc2)ccn1,8.1,0.7524746271140662,0.8868624781733063,0.225
O=C(NCCN1CCOCC1)C(=O)c1cc2ccc1-2,7.3,0.6202329004434182,0.8657694491654966,0.3164556962025316
O=C1CCCN1c1ccc(OOc2ccnc(C(=O)C3(CCN4CCOCC4)CCC3)c2)cc1,10.4,0.3176038840297056,0.7788397076794938,0.3297872340425531
FCCN1CCOCC1,3.9,0.5364640980913418,0.8643627000518612,0.2028985507246377
O=C(NN1CCCC1=O)c1ccccn1,8.1,0.7572984373377402,0.8461985264537092,0.2048192771084337
CC(=O)Oc1ccc(-c2ccc(N3CCCC3=O)cc2)cc1,9.2,0.6437420854952528,0.9082536929133151,0.1363636363636363
FCCN1CCOCC1,4.3,0.5364640980913418,0.8643627000518612,0.2028985507246377
O=C(Nc1ncccn1)c1ccccn1,8.0,0.7883848169367219,0.8991065765431545,0.2027027027027027
O=C1CCCN1CCN1CCOCC1,6.4,0.636730412795273,0.8819238373621202,0.2133333333333333
Cc1ccc(-c2cc(Oc3ccc(N4CCCC4=O)cc3)ccn2)cc1,10.1,0.6704669265287849,0.8881467458850543,0.2222222222222222
O=C(Nc1nc(N2CCOCC2)cs1)c1cc(OCCN2CCOCC2)ccn1,8.2,0.7193025712897795,0.8260227805346124,0.4166666666666667
CCNC(=O)c1cc(Oc2ccc(Cc3cc(Oc4ccc(OCC)cc4C4CCOC4)ccn3)cc2O)ccn1,6.7,0.2314560907896681,0.7418515971991932,0.3009708737864077
CN(CCNC=O)c1ccc(N2CCCC2=O)cc1,7.8,0.6136513269483513,0.8455786074146547,0.1052631578947368
CCNC(=O)c1cc(Oc2ccc(-c3ccc(CCc4ccnc(C(=O)NC)c4)cc3)cc2)ccn1,9.0,0.3579367590267448,0.8458555052601591,0.3294117647058823
C(CN1CCOCC1)NCCN1CCOCC1,5.1,0.6207919367602767,0.8803353873369719,0.2352941176470588
C[C@@H](O)CCc1ccc(N2CCCC2=O)cc1,8.5,0.8650808900358371,0.84763563687283,0.0989010989010989
O=C1CCCN1NCCN1CCOCC1,5.8,0.6801046251005715,0.8213981849347629,0.2307692307692307
O=C1CCCN1c1ccc(O)c(C2CCOC2)c1,8.7,0.8694885184858999,0.79715540698356,0.1276595744680851
O=C1CCCN1c1ccc(O)c(-c2ccc(Cl)cc2)c1,9.6,0.91151455334897,0.8964111554378386,0.1208791208791208
O=C(NCCN1CCOCC1)NCc1cc(O)ccn1,7.1,0.7020226454910188,0.8521721028993304,0.3846153846153846
O=C(NCCN1CCOCC1)c1cc(Oc2ccc(NCC3CCC3)cc2)ccn1,9.3,0.6615072686970002,0.8566914633398903,0.5974025974025974
NC(=O)c1cc(Oc2ccc(Oc3ccc(C(=O)NCCN4CCOCC4)cc3)cc2)ccn1,9.4,0.5022947004582318,0.8600507410905271,0.5753424657534246
O=C(NCCN1CCOCC1)NCOCCO,6.0,0.3799501570681179,0.8459105158499154,0.32
O=C1CCCN1F,4.4,0.4085024731068943,0.7327775862026776,0.0789473684210526
O=C1CCCN1c1ccc(-c2ccc(N3CCCC3=O)cc2)cc1,9.9,0.8666537109451362,0.8963550556108577,0.0864197530864197
O=C(NCC1CC1)c1cc(-c2cc(N3CCOCC3)ccc2N2CCCC2=O)ccn1,9.1,0.7779175548865233,0.8320269389159729,0.2755102040816326
O=C1CCCN1F,4.4,0.4085024731068943,0.7327775862026776,0.0789473684210526
O=C1CCCN1c1ccc(OO)c(C2CCOC2)c1,7.9,0.6703972828425875,0.7693670722101987,0.1473684210526315
O=C(OCCN1CCOCC1)c1cc(Oc2ccc(N3CCCC3=O)cc2O)ccn1,9.1,0.6713746702572944,0.8300563406253746,0.3404255319148936
CCNC(=O)c1cc(OCCNC(=O)c2cc(O)ccn2)ccn1,7.9,0.6454028316104806,0.8486251886969362,0.3125
O=CNc1ccc(Oc2ccnc(-c3nsc(Cc4ccc(N5CCCC5=O)cc4)n3)c2)cc1,11.1,0.3749553918949903,0.8015945110982974,0.2285714285714285
O=C(Nc1ccc(Oc2ccnc(C(=O)Nc3ccccc3)c2)cc1)Nc1ccc(Cl)c(C(F)(F)c2ccccc2NC(=O)c2ccccn2)c1,11.5,0.1123447563179948,0.7939573876095536,0.5432098765432098
O=CNc1ccnc(C(=O)c2cc(Oc3ccccc3)ccn2)c1,9.4,0.5576207629454638,0.8436623380182032,0.2839506172839506
O=C1CNC(=O)c2cc(ccn2)Oc2ccc(cc2)NC1=O,7.2,0.7102562189035087,0.5829577222173445,0.1333333333333333
O=C1NCc2ccc(cc2)Cc2ccnc(c2)-c2ccnc1c2,7.3,0.6942802050830755,0.5978201514606546,0.1379310344827586
O=Cc1cc(CCc2ccc(CCN3CCOCC3)cc2)ccn1,9.4,0.7342343880476315,0.8620414496108358,0.2682926829268293
CCOc1ccnc(C(=O)NCc2ccc(N3CCOCC3)c(Cl)c2Cl)c1,9.0,0.789370884457452,0.8463904442446599,0.3837209302325581
O=CNCN(Cc1ccc(N2CCCC2=O)cc1)c1cc(Oc2ccc(NC=O)cc2)ccn1,9.6,0.3369433902768246,0.7900353564751426,0.2352941176470588
O=C1CCCN1CCN1CCOCC1,6.3,0.636730412795273,0.8819238373621202,0.2133333333333333
O=C(NCCN1CCOCC1)c1cc(Oc2ccc(F)cc2)ccn1,8.8,0.8683871103170928,0.8825508929713577,0.6521739130434783
O=C(NCc1cccc(F)c1F)c1cc(C(=O)c2cc(CCc3ccc(N4CCCC4=O)cc3)ccn2)ccn1,12.0,0.3073020283117048,0.8129303462325471,0.2149532710280373
O=Cc1ccc(Oc2ccnc(C(=O)c3ccc(Oc4ccnc(C(=O)NCCN5CCOCC5)c4)c(O)c3)c2)cc1,10.2,0.2023736123592253,0.7994735226048009,0.5116279069767442
O=C(Nc1ccc(Oc2ccnc(C(=O)NCCN3CCOCC3)c2)cc1)Nc1ccc(Cl)c(CCC(NC(=O)c2cc(N3CCCOC3)ccn2)(OF)c2ccccc2Cl)c1,8.3,0.0721400502917273,0.6478772959831667,0.6122448979591837
Fc1ccc(N2CCOCC2)cc1-c1ccncc1,8.5,0.8278440513758053,0.891304848765896,0.1927710843373494
N=c1cc2cc([nH]1)-c1cc(ccn1)CCc1ccc(cc1)CC2,10.4,0.6563873047495591,0.5441228663927811,0.1149425287356321
O=C(NCCN1CCOCC1)c1cc(Oc2ccccn2)ccn1,7.8,0.8620250245764588,0.8653716771297957,0.5540540540540541
NNNc1cc(Oc2ccc(N3CCCC3=O)cc2)ccn1,8.4,0.5756180205303021,0.8367538684322408,0.2386363636363636
Cn1nnc(CNCCN2CCOCC2)c1Oc1ccc(N2CCCC2=O)cc1,8.8,0.6657140258438429,0.8096560142502811,0.2872340425531915
O=C1CCCN1O,4.5,0.4360790668177542,0.7822456023970097,0.0789473684210526
O=C1CCCN1c1ccc(CCc2ccncc2)cc1,9.3,0.852007549837215,0.9007273337584768,0.1149425287356321
O=C1CCCN1CCN1CCOCC1,6.4,0.636730412795273,0.8819238373621202,0.2133333333333333
O=C1C=CCOc2ccnc1c2,6.0,0.5737609328780439,0.6672774600942727,0.1325301204819277
O=C(NCCN1CCOCC1)c1cc(O)ccn1,7.0,0.7781165154005866,0.8650467080916281,0.5
O=C1CCCN1NCCN1CCOCC1,6.4,0.6801046251005715,0.8213981849347629,0.2307692307692307
NC(=O)Nc1ccc(Cl)c(N2CCOCC2)c1,7.6,0.8447328100002824,0.8919508285134423,0.3116883116883117
O=C(Nc1ccc(Oc2ccnc(C(=O)Nc3ccccc3Oc3ccnc(C(F)(F)F)c3)c2)cc1)Nc1ccc(Cl)c(C(F)(F)F)c1,8.2,0.14003172524202,0.7962476755023433,0.575
O=C1CCCN1c1ccc(ON2CCOCC2)c(C2CCOC2)c1,9.2,0.8433739261815776,0.7498342346766155,0.1428571428571428
O=C1CCCN1Oc1ccc(N2CCCC2=O)cc1,8.9,0.8312626828248372,0.8341484701445174,0.1309523809523809
O=C1CCCN1c1ccc(CCN2CCOCC2)cc1,8.7,0.8373709685941095,0.896838155140485,0.2023809523809523
O=C1CCCN1c1ccc(OOc2ccncc2)c(C2CCOC2)c1,9.1,0.6182368188319611,0.75382420380846,0.16
O=C(NC(F)c1ccc(N2CCCC2=O)cc1)c1cc(N2CCCOC2)ccn1,10.1,0.7842953553643165,0.7456310289229631,0.2323232323232323
CCNC(=O)c1cc(-c2cc(N3CCOCC3)ccc2C(N)=O)ccn1,8.5,0.8465490875361747,0.8562145104107136,0.3033707865168539
CCc1ccc(C(=O)c2cc(Oc3ccc(N4CCCC4=O)cc3)ccn2)cc1,10.6,0.5714436492012057,0.8696325300873851,0.2857142857142857
CCOc1ccc(NCCN2CCOCC2)cc1,7.2,0.8349080308793914,0.914928716576612,0.3513513513513513
O=C(NCO)NCCN1CCOCC1,6.0,0.4896145851781706,0.8614003195384805,0.3098591549295774
O=C(Nc1ccc(-c2ccccc2)cc1)Nc1ccc(Cl)c(C(F)(F)F)c1,9.9,0.5148307591856078,0.9104606556122398,0.4027777777777778
O=Cc1cc(Oc2ccnc(C(=O)NCCN3CCOCC3)c2)ccn1,8.4,0.7437047598941037,0.8327688106623822,0.5753424657534246
O=C1CCCN1c1ccc(OF)c(O)c1,7.4,0.8107162463139659,0.8350776388142168,0.125
O=C1CCCN1c1ccc(-c2ccccc2)c(C2CCOC2)c1,9.7,0.8580120087158938,0.816693379336151,0.1224489795918367
O=Cc1cc(Oc2ccc(N3CCCC3=O)cc2)ccn1,9.0,0.8090003638437805,0.8588133682215623,0.2325581395348837
NC(=O)N(c1ccc(Oc2ccnc(C(=O)NCCN3CCOCC3)c2)cc1)C(O)(F)F,9.3,0.4081380506448311,0.8049418576825027,0.6025641025641025
c1cc2ccc1CC[NH2+]Cc1ccc(cc1)C2,6.1,0.7036247107573007,0.524239459735162,0.0493827160493827
NC(=O)NC(=O)c1cc(N2CCCC2=O)ccn1,8.3,0.7688686486183051,0.8546196193342317,0.2209302325581395
O=C(NOc1ccncc1)c1cc(-c2cc(N3CCOCC3)ccc2F)ccn1,10.3,0.6709433746117901,0.8208475074629509,0.3111111111111111
CCC(=O)c1cc(Oc2ccc(N3CCN(CC)CC3)cc2)ccn1,9.4,0.7524876466486881,0.8718569139290911,0.345679012345679
O=C(c1cc(N2CCOCC2)ccc1Cl)N1CCOCC1,8.9,0.8328109524750474,0.8901619180324071,0.2375
O=C1CCCN1CCN1CCOCC1,6.4,0.636730412795273,0.8819238373621202,0.2133333333333333
COc1ccnc(C(=O)NC(=O)Nc2ccc(N3CCOCC3)cc2O)c1,8.1,0.698702751238795,0.8523748598290753,0.3448275862068966
CCc1cc(Oc2ccc(NC(=O)CCN3CCOCC3)cc2)ccn1,7.4,0.8267911049581169,0.8787479604599532,0.4683544303797468
Fc1ccc(N2CCOCC2)cc1-c1ccnc(C2CC2)c1,9.5,0.8654450006973248,0.8604226184322405,0.2068965517241379
O=C1CCCN1c1ccc(-c2ccccc2)cc1,9.0,0.782681719426841,0.937462533702882,0.0823529411764705
COc1ccc(N2CCCC2=O)cc1NC(=O)c1cc(-c2cc(-c3ccc(-c4ccnc(C(=O)NCCN5CCOCC5)c4)cc3)ccc2F)ccn1,9.2,0.1691215524240517,0.7781111163544634,0.3823529411764705
O=C(NCCOc1ccc(N2CCCC2=O)cc1)c1cccc(CO)c1,9.4,0.7467104297222505,0.8917996635638669,0.2083333333333333
NC(=O)NCc1csc(-c2ccc(N3CCCC3=O)cc2)n1,8.8,0.9051154292325472,0.8637960616556839,0.1458333333333333
c1cc2cc(n1)C1(CC1)c1ccc(cc1)O2,6.7,0.6639672180018691,0.5717358983870596,0.119047619047619
O=C(NCCN1CCOCC1)c1cc(Oc2ccc(-c3ccc(CCc4ccncc4)cc3)cc2)ccn1,9.7,0.3322173415453443,0.8452942942775324,0.5714285714285714
O=C1CCCN1c1ccc(F)cc1,7.6,0.6448604838149938,0.9281357542725238,0.0975609756097561
O=Cc1cc(-c2ccc(O)cc2)ccn1,8.6,0.7545659388634205,0.8802246445216877,0.1358024691358024
O=C1CCCN1c1ccc(N2CCCN(c3cc(O)ccn3)CC2)cc1,9.3,0.9201660611705592,0.8557558551967952,0.1538461538461538
CCNC(=O)c1cc(Oc2ccc(N3CCCC3=O)cc2)ccn1,9.3,0.9173496437759128,0.8760593056882142,0.3734939759036144
O=C(CCN1CCOCC1)c1cc(Cc2ccccc2Cl)ccn1,8.9,0.7544706871397783,0.8651669534028184,0.3452380952380952
CCOC(=O)c1ccc(CC)cc1,7.1,0.6643033459777272,0.9643951559819252,0.1
O=CNC(=O)c1cc(-c2cccc(N3CCCC3=O)c2)ccn1,10.4,0.8728613826344026,0.8426398698249743,0.2065217391304347
C=CCC(F)(F)c1cc(NC(=O)Nc2ccc(Oc3ccnc(C(=O)NN4CCCC4=O)c3)cc2)ccc1Cl,9.5,0.2758858983556748,0.7786303574446255,0.5340909090909091
NC(=O)c1cc(Oc2ccc(NC(=O)c3cc(Oc4ccc(N5CCCC5=O)cc4)ccn3)cc2)ccn1,11.4,0.3557514754651236,0.8345516369348752,0.3975903614457831
CCNC(=O)c1cc(Oc2ccc(O)cc2)ccn1,8.0,0.8824844289263991,0.8962073823434298,0.3783783783783784
O=C(NCCN1CCCC1=O)NCc1cc(CCC(=O)N2CCCC2=O)ccn1,9.8,0.6620263325088426,0.8247009730901657,0.2291666666666666
c1cc2cc(n1)-c1ccnc(c1)C21CCCC1,6.5,0.6830218410787587,0.6591230193128391,0.1176470588235294
c1cc(CCc2ccc(-c3cc4ccc3-4)cc2)cc(N2CCOCC2)n1,10.7,0.5390380822726539,0.875516184273926,0.1931818181818181
O=C1CCCN1c1ccc(O)c(CCN2CCOCC2)c1,8.0,0.9103623257709867,0.8648484249680943,0.2159090909090909
O=C(NCCN1CCOCC1)c1cc(Oc2ccccc2)ccn1,8.3,0.8782945937653173,0.8892050465772496,0.6231884057971014
O=C1CCCN1c1ccc(N2CCCC2=O)cc1,8.8,0.7973459918692087,0.8939215601626341,0.0897435897435897
O=C(Nc1ccc(Cl)c(C(F)(F)NC(=O)c2cc(N3CCCOC3)ccn2)c1)c1cc(-c2ccc(-c3ccc(N4CCCC4=O)cc3)cc2)ccn1,9.8,0.1514023837755512,0.745396805889591,0.3636363636363636
COCCc1cc(CCc2ccc(N3CCCC3=O)cc2)ccn1,9.5,0.7853992488820261,0.8685036566995217,0.1595744680851064
C(CN1CCOCC1)NCCN1CCOCC1,5.4,0.6207919367602767,0.8803353873369719,0.2352941176470588
O=CNc1ccc(Cl)c(C(F)(F)CCc2cc(-c3ccc(Oc4ccnc(C(=O)NCCN5CCOCC5)c4)cc3)cc(N3CCOCC3)c2)c1,10.9,0.1447376243204844,0.7515842265363926,0.6086956521739131
O=C1CCCN1c1ccc(CCc2ccnc(N3CC(N4CCOCC4)C3)c2)cc1,10.5,0.7378757744911226,0.837813666137093,0.1818181818181818
O=C1CCCN1O,4.5,0.4360790668177542,0.7822456023970097,0.0789473684210526
O=C1CCCN1c1ccc(Oc2ccc(N3CCOCC3)cc2)cc1,9.3,0.8563143348510577,0.8933240368212141,0.2222222222222222
O=C(Nc1ccc(N2CCOCC2)cc1)Oc1ccnc(C(=O)NCCN2CCOCC2)c1,8.2,0.6486789642124505,0.8465804953522752,0.5657894736842105
O=C(NN1CCCC1=O)c1ccccn1,8.2,0.7572984373377402,0.8461985264537092,0.2048192771084337
CCNc1cc(Oc2ccc(CC(=O)N3CCOCC3)cc2)ccn1,9.0,0.8751460416812474,0.8718535273233073,0.3411764705882353
NCc1ccccc1Oc1ccnc(C2(C(=O)NCCN3CCOCC3)CCC2)c1,9.4,0.6935495961499998,0.8157382521832308,0.3695652173913043
O=C(COc1cc(O)ccc1Oc1ccnc(C(=O)NCCN2CCOCC2)c1)NCCN1CCOCC1,7.9,0.3561390215139676,0.8216581196413577,0.5061728395061729
CCc1cc(CCc2ccc(N3CCCC3=O)cc2)ccn1,9.5,0.8445515987415836,0.8801307915091638,0.1413043478260869
O=C(NCCO)c1cc(N2CCCC2=O)ccn1,7.6,0.7822312900256363,0.8692079390929044,0.2926829268292683
O=C1CCCN1c1ccc(Oc2sccc2N2CCOCC2)cc1,8.6,0.8512056397186915,0.836051633792851,0.1847826086956521
Cc1nnsc1CN1CCOCC1,5.6,0.7017539588525329,0.8298061996166533,0.1604938271604938
NC(=O)Nc1ccc(Cl)c(CCN2CCOCC2)c1,8.0,0.8838028640241943,0.8831370119730594,0.3766233766233766
O=C(NCC1(CN2CCOCC2)CCC1)Oc1ccc(N2CCCC2=O)cc1O,8.9,0.7560305699555945,0.8104709452866439,0.2079207920792079
CNC(=O)c1cc(Oc2ccc(N3CCCC3=O)cc2)ccn1,9.2,0.9406484623177068,0.876072037657142,0.3373493975903614
NC(=O)Nc1ccc(Oc2ccnc(C(=O)Nc3ccnc(C(=O)NCc4cc(Cl)sc4-c4ccc(Cl)c(C(F)(F)F)c4)c3)c2)cc1,9.8,0.1224725400093179,0.7755609588557579,0.5
CCNC(=O)NC(=O)c1cc(CCCCN2CCOCC2)ccn1,8.1,0.7321177061124101,0.8584171652199868,0.369047619047619
O=C1CCCN1Oc1ccc(N2CCCC2=O)cc1O,8.0,0.9064412196657614,0.811043814007339,0.1222222222222222
C=C(c1cc(O)ccn1)N1CCOCC1,7.0,0.7864198198394095,0.8036543404071974,0.2435897435897435
NCCNC(=O)NC(=O)NCc1cc(Oc2ccc(C(F)(F)F)cc2)ccn1,9.4,0.5968330338009297,0.8433723372465549,0.3294117647058823
Oc1cc(NCCN2CCOCC2)ccc1OC(F)F,6.9,0.8348265421580681,0.8629007640748154,0.3086419753086419
O=C(Nn1c(O)csc1=O)c1cc(Oc2ccc(N3CCCC3=O)cc2)ccn1,10.2,0.6648269429799263,0.803208294684234,0.3043478260869565
O=C(NCCN1CCOCC1)c1cc(Oc2cc(Oc3ccc(N4CCCCC4)cc3)ccn2)ccn1,10.6,0.466727144653319,0.8285197489661099,0.5641025641025641
C(CCN1CCOCC1)CN1CCOCC1,5.4,0.6372163598167225,0.8972918360724077,0.1911764705882352
C(CN1CCOCC1)NN1CCOCC1,5.0,0.6613524993670574,0.8386152944918724,0.2253521126760563
O=C(NCCN1CCOCC1)c1ccccn1,6.7,0.8065014222982005,0.9036918156929298,0.4714285714285714
CCNC(=O)c1cc(CCc2ccc(N3CCOCC3)cc2)ccn1,9.8,0.8782878712507153,0.8787928318543925,0.3253012048192771
O=C(CCc1ccc(N2CCCC2=O)cc1)NCCN1CCOCC1,9.0,0.8064885887672973,0.8817051606215158,0.2727272727272727
O=C(NCO)NCCN1CCOCC1,5.6,0.4896145851781706,0.8614003195384805,0.3098591549295774
O=C1CCCN1c1ccc(NCCN2CCOCC2)cc1,8.2,0.8932544728305702,0.8859011361912974,0.2839506172839506
CCOC(=O)Nc1ccc(Oc2ccnc(C(=O)NCCN3CCOCC3)c2)cc1,9.1,0.6842187396227255,0.8651633627048929,0.6486486486486487
O=C1CCCN1c1ccc(Oc2ccnc(-c3ccc(F)cc3)c2)cc1,10.0,0.6796040600323898,0.886195936168455,0.2359550561797752
O=C1CCCN1c1ccc(CN2CCOCC2)cc1,8.4,0.8281125882560357,0.904279848765896,0.1927710843373494
O=C(NCCN1CCNCC1)c1cc(N2CCCC2=O)ccn1,7.7,0.789249123498264,0.8506005941752507,0.3411764705882353
O=C(NCCN1CCOCC1)c1cc(-c2cccc(N3CCOCC3)c2)ccn1,9.6,0.8009743559246172,0.8606340506598359,0.4487179487179487
CNC(=O)c1cc(-c2ccc(N3CCOCC3)cc2-c2ccnc(C(=O)NCCN3CCOCC3)c2)ccn1,9.1,0.4558126929444109,0.8108618161613474,0.4166666666666667
O=C(NN1CCCC1=O)c1cc(Oc2ccc(C3CC3)cc2)ccn1,9.7,0.910224609952668,0.8384667429889201,0.3255813953488372
O=C1CCCN1c1ccc(Oc2ccncc2)cc1,8.7,0.8451822797945867,0.8992897388757862,0.1975308641975308
Cc1noc(C)c1-c1ccc(N2CCCC2=O)cc1,8.8,0.8291052453925676,0.8778862997223471,0.0967741935483871
O=CNCC(=O)Cc1ccc(N2CCCC2=O)cc1C(=O)NCCN1CCOCC1,8.8,0.5087649585995645,0.8102632311070068,0.2783505154639175
O=C(Nc1ccc(Cc2ccccc2)cc1)Nc1ccc(Cl)c(C(F)(F)F)c1,9.3,0.5053998692828733,0.9030177920189816,0.4054054054054054
O=CNCCOc1cc(-c2cc(O)ccn2)ccc1N1CCOCC1,8.0,0.5842281165811274,0.8228067412326854,0.2340425531914893
Cc1cc(Oc2ccnc(CCN3CCOCC3)c2)c(C)[nH]1,8.3,0.9222829824924952,0.8215687722783945,0.3058823529411765
O=C(NCCN1CCOCC1)NCN1CCCC1=O,6.7,0.6856265059507718,0.839484973641021,0.3037974683544304
O=C(Nc1ccc(Oc2ccnc(C(=O)Nc3ccc(Oc4ccnc(C(=O)Nc5ccc(F)cc5)c4)cc3)c2)cc1)Nc1ccc(Cl)c(C(F)(F)F)c1,10.7,0.1019074598530258,0.7963116113227774,0.6571428571428571
NC(=O)c1cc(Oc2ccc(N3CCCC3=O)cc2)ccn1,9.1,0.9360328852447916,0.877158210617833,0.3048780487804878
CNC(=O)c1cc(Oc2ccc(NC(N)=O)cc2)ccn1,8.8,0.795124111521562,0.8888656733490551,0.3866666666666666
CCOc1cc(NC(=O)Nc2ccc(Oc3ccnc(C(=O)NCCN4CCOCC4)c3)cc2)ccc1Cl,9.1,0.3439245445793981,0.8438994691027071,0.7567567567567568
CN(CCNC(=O)c1cc(Oc2ccccc2)ccn1)c1ccccn1,9.0,0.7104161616869269,0.8700799442656211,0.3493975903614458
O=C(NCc1ccc(-c2ccc(N3CCCC3=O)cc2O)cc1F)c1cc(O)ccn1,10.0,0.5863326610348356,0.8278722574862913,0.2277227722772277
O=CNc1ccc(Cl)c(C(F)(F)F)c1,7.1,0.7677268833653836,0.8663186043617652,0.3333333333333333
O=C(Nc1ccc(Oc2ccnc([N+](=O)[O-])c2)cc1)Nc1ccc(Cl)c(C(F)(F)F)c1,9.1,0.3591751365757327,0.8452368574212402,0.6212121212121212
NC(=O)Nc1ccc(Cl)c(C2CCN(c3ccc(Oc4ccnc(C(N)=O)c4)cc3)CC2)c1,9.2,0.4940455106215306,0.840064906576059,0.382716049382716
Clc1cccnc1,4.6,0.4994929876185536,0.9252520801298032,0.2166666666666666
CCOc1ccnc(C(=O)Nc2cccnc2)c1,7.6,0.8929681134878282,0.9010067672632256,0.5238095238095238
Nc1ccc(Oc2ccnc(C(=O)NCl)c2)cc1,8.2,0.6581527113764057,0.8535451939948653,0.4
NC(=O)Nc1ccc(Cl)c(C(F)(F)Cl)c1,7.6,0.7834368561916711,0.8527337954780658,0.3384615384615385
NC(=O)c1cc(Oc2ccc(NC(=O)Nc3ccc(Cl)c(C(F)(F)F)c3)cc2)ccn1,9.3,0.4906963907421218,0.8615980381010255,0.7213114754098361
O=C(Nc1ccc(Oc2ccnc(C(=O)Nc3cccnc3)c2)cc1)Nc1cccc(C(F)(F)c2ccccc2)c1,11.6,0.1876249505455295,0.8296044989238394,0.7121212121212122
Nc1ccc(Oc2ccnc(C(=O)NCl)c2)cc1,8.3,0.6581527113764057,0.8535451939948653,0.4
CC(C)(F)c1cc(Oc2ccc(NC(=O)Nc3ccc(Cl)c(C(F)(F)F)c3)cc2)ccn1,8.6,0.3842645251846097,0.8383332718239169,0.6507936507936508
O=CCc1cc(Oc2cc(O)ccn2)ccc1Cl,8.0,0.8617808618613444,0.8229418757444881,0.25
O=C(Nc1ccc(Oc2ccnc(C(=O)Nc3cccnc3)c2)cc1)Nc1ccc(Cl)c(C(F)(F)c2cccnc2)c1,10.6,0.1748476096314266,0.8076286287505181,0.8412698412698413
NC(=O)c1cc(Oc2ccc(NC(=O)Nc3ccc(Cl)c(C(F)(F)F)c3)cc2)ccn1,9.3,0.4906963907421218,0.8615980381010255,0.7213114754098361
N#CSC(F)(F)c1cc(NC(=O)Nc2ccc(Oc3ccnc(C(=O)NCl)c3)cc2)ccc1Cl,9.2,0.2462030418312965,0.7801219928796738,0.6056338028169014
O=C(NCc1cc(OO)ccn1)Nc1ccc(-c2cccnc2)c(C(F)(F)F)c1,9.8,0.4343922741399073,0.8231329991305371,0.4605263157894737
O=C(Nc1ccc(Oc2ccnc(C(=O)NF)c2)cc1)Nc1ccc(Cl)c(C(F)F)c1,9.7,0.4184731010529385,0.8214334523259345,0.5671641791044776
O=C(Nc1ccc(Oc2ccc(F)c(F)c2)cc1)Nc1ccc(Cl)c(C(F)(F)F)c1,9.7,0.4243144904133775,0.8817596662213462,0.5806451612903226
NC(=O)Nc1ccc(Cl)c(C(F)(F)c2cccnc2)c1,8.7,0.9118016847401224,0.8436940802323422,0.4411764705882353
NC(=O)Nc1ccc(Cl)c(C(F)(F)F)c1,7.5,0.7766057655704027,0.897939712637829,0.4098360655737705
O=C(Nc1ccc(Oc2ccnc(C(=O)Nc3ccc(NC(=O)Nc4ccc(Oc5ccnc(C(=O)Nc6cccnc6)c5)cc4)cc3C(F)(F)F)c2)cc1)Nc1ccc(Cl)c(C(F)F)c1,3.1,0.0609446786584807,0.7285592709411044,0.782608695652174
O=C(Nc1ccc(Oc2ccnc(C(=O)Nc3cccnc3)c2)cc1)Nc1cccc(C(F)(F)c2cccnc2)c1,10.8,0.1971753106802773,0.8155485196090364,0.7230769230769231
N#[N+]CC(F)(F)c1cc(NC(=O)Nc2ccc(Oc3ccnc(C(=O)Nc4cccnc4)c3)cc2)ccc1Cl,9.5,0.2074128213657384,0.7891775545718226,0.7910447761194029
O=CCCc1ccc(NC(=O)Nc2ccc(F)c(C(F)(F)F)c2)cc1,8.7,0.6080026442961716,0.8747650986187975,0.3150684931506849
Cc1ccc(NC(=O)Nc2ccc(Cl)c(C(F)(F)F)c2)cc1,9.2,0.7701681169580828,0.914998515868138,0.4754098360655737
CCC(=O)Nc1ccc(Oc2ccnc(C(=O)NC(F)(F)C(C)Cl)c2)cc1,9.6,0.5424127842040289,0.7780115119528066,0.4657534246575342
O=C(Nc1ccc(Oc2ccnc(C(=O)NF)c2)cc1)Nc1ccc(Cl)c(C(F)(F)CCO)c1,9.3,0.3190505349627944,0.7970198066448558,0.6323529411764706
O=C(Nc1ccc(Oc2ccnc(C(=O)Nc3cccnc3)c2)cc1)Nc1cccc(C(F)(F)F)c1,9.5,0.2973472713427685,0.8561365057197443,0.7741935483870968
O=Cc1cc(Oc2ccc(NC(=O)Nc3ccc(Cl)c(C(F)(F)F)c3)cc2)ccn1,9.1,0.4813375708220118,0.8497569145553414,0.640625
O=Cc1cc(Oc2ccc(NC(=O)Nc3ccc(Cl)c(C(F)(F)F)c3)cc2)ccn1,8.6,0.4813375708220118,0.8497569145553414,0.640625
Fc1cccnc1,4.7,0.4739719611862986,0.9184643878221108,0.1967213114754098
FCl,1.9,0.3885761943930933,0.6703386072962214,0.0350877192982456
FCl,1.9,0.3885761943930933,0.6703386072962214,0.0350877192982456
O=Cc1cc(Oc2ccc(NC(=O)Nc3ccc(Cl)c(C(F)(F)Cl)c3)cc2)ccn1,8.9,0.3412827715199744,0.8287684530168798,0.5588235294117647
FCl,1.9,0.3885761943930933,0.6703386072962214,0.0350877192982456
O=CNc1ccc(Oc2ccnc(C(=O)NC(F)(F)c3cc(NC(=O)Nc4ccc(Oc5ccnc(C(=O)Nc6cccnc6)c5)cc4)ccc3Cl)c2)cc1,10.4,0.0573141234619624,0.7483816694335607,0.7794117647058824
NC(=O)Nc1ccc(Oc2ccnc(CC(=O)C(F)(F)F)c2)cc1,8.6,0.8752595846097819,0.8508701701860354,0.375
O=C(Nc1cccnc1)c1cc(Oc2ccccc2)ccn1,9.1,0.7984398619663918,0.9043586539351992,0.6271186440677966
CC1CCCN(c2ccc(Oc3ccnc(C(=O)NF)c3)cc2)C1,10.2,0.868660938050444,0.7932027400230756,0.3291139240506329
FCl,1.9,0.3885761943930933,0.6703386072962214,0.0350877192982456
O=C(Nc1ccc(O)cc1)c1ccc(-c2ccncc2)cc1,9.3,0.7228194237388065,0.9296142049707024,0.2463768115942029
FC(F)(F)c1cc(-c2ccccc2)ccc1Cl,9.3,0.6715453585019475,0.931733936805859,0.265625
NC(=O)Nc1ccc(Cl)c(C(F)(F)c2cccnc2)c1,8.7,0.9118016847401224,0.8436940802323422,0.4411764705882353
FCl,1.9,0.3885761943930933,0.6703386072962214,0.0350877192982456
Clc1cccnc1,4.6,0.4994929876185536,0.9252520801298032,0.2166666666666666
NC(=O)Nc1ccc(Cl)c(C(F)(F)F)c1,7.5,0.7766057655704027,0.897939712637829,0.4098360655737705
O=C(Nc1ccc(Oc2ccncc2)cc1)c1cccc(F)c1,9.5,0.7829821716697506,0.9200827985380522,0.3823529411764705
O=C(Nc1ccc(Oc2ccncc2)cc1)C1CC1,8.2,0.9109323658137316,0.9212245540606016,0.3134328358208955
FCl,1.9,0.3885761943930933,0.6703386072962214,0.0350877192982456
Clc1cccnc1,4.6,0.4994929876185536,0.9252520801298032,0.2166666666666666
Clc1cccnc1,4.6,0.4994929876185536,0.9252520801298032,0.2166666666666666
O=C(Nc1ccc(Oc2ccnc(C(=O)NCl)c2)cc1)Nc1ccc(Cl)c(C(F)(F)c2cccs2)c1,9.4,0.2117911984798343,0.793293453397994,0.6111111111111112
O=C(Nc1ccc(Oc2ccnc(C(=O)Nc3cccnc3)c2)cc1)Nc1cccc(C(F)(F)c2ccccc2)c1,11.5,0.1876249505455295,0.8296044989238394,0.7121212121212122
O=C(Nc1ccc(O)cc1)Nc1ccc(C(F)(F)c2cc3ccc2NC(=O)N3)c(C(F)(F)F)c1,11.1,0.2295277032418564,0.7033748810759596,0.2875
O=C(Nc1ccc(Oc2ccnc(C(=O)Nc3cccnc3)c2)cc1)Nc1ccc(Cl)c(C(F)(F)c2ccccc2C(F)(F)F)c1,11.6,0.1450415668844175,0.792971817027192,0.873015873015873
O=C(Nc1ccc(Oc2ccnc(C(=O)Nc3cccnc3)c2)cc1)Nc1ccc(Cl)c(C(F)(F)c2ccccc2)c1,11.3,0.1712717145493163,0.8214522778287127,0.828125
O=C(Nc1ccc(Oc2ccnc(C(=O)Nc3cccnc3)c2)cc1)Nc1ccc(C(F)F)c(C(F)(F)F)c1,10.3,0.2153571044405705,0.8208386091928772,0.796875
O=C(Nc1ccccc1)Nc1ccc(F)c(C(F)(F)F)c1,9.4,0.7880544705827862,0.9178905261117216,0.3968253968253968
O=C(Nc1ccc(Oc2ccnc(C(=O)Nc3ccc(NC(=O)Nc4ccc(Oc5ccnc(C(=O)Nc6cccnc6)c5)cc4)cc3C(F)(F)F)c2)cc1)Nc1ccc(Cl)c(C(F)F)c1,9.4,0.0609446786584807,0.7285592709411044,0.782608695652174
O=CNc1ccc(Cl)c(C(F)(F)c2cccnc2)c1,8.6,0.8729367401645595,0.8212299109678453,0.3714285714285714
Clc1cccnc1,4.6,0.4994929876185536,0.9252520801298032,0.2166666666666666
O=C(Nc1ccc(Oc2ccnc(C(=O)NCl)c2)cc1)Nc1cccc(C(F)(F)F)c1,10.1,0.4524303205716544,0.8473430898148825,0.6060606060606061
Fc1cccnc1,4.6,0.4739719611862986,0.9184643878221108,0.1967213114754098
O=C(Nc1ccc(O)cc1)c1ccccc1,8.9,0.7532553085407688,0.9701919754258076,0.2121212121212121
Fc1cccnc1,4.7,0.4739719611862986,0.9184643878221108,0.1967213114754098
Fc1cccnc1,4.6,0.4739719611862986,0.9184643878221108,0.1967213114754098
Nc1ccc(Cl)c(C(F)(F)c2ccc(NC(=O)Oc3ccnc(C(=O)Nc4cccnc4)c3)cc2C(F)(F)F)c1,11.4,0.1725567815981823,0.7853459598394651,0.6216216216216216
O=Cc1cc(Oc2ccc(NC(=O)Nc3ccc(Cl)c(C(F)(F)F)c3)cc2)ccn1,9.0,0.4813375708220118,0.8497569145553414,0.640625
Fc1cccnc1,4.7,0.4739719611862986,0.9184643878221108,0.1967213114754098
O=C(Nc1ccc(Oc2ccnc(C(=O)Nc3cccnc3)c2)cc1)Nc1ccc(-c2cccnc2)c(N2CCN(F)CC2)c1,10.2,0.1780788157384112,0.7887913741108318,0.6081081081081081
O=C(Nc1ccccc1)Nc1ccc(-c2cccnc2)c(C(F)(F)F)c1,10.2,0.6583094840473885,0.894278543674747,0.4923076923076923
NC(=O)c1cc(Oc2ccc(NC(=O)Nc3ccc(-c4cccnc4)c(OF)c3)cc2)ccn1,9.0,0.3589943950582808,0.8303633776603065,0.5205479452054794
FCl,1.9,0.3885761943930933,0.6703386072962214,0.0350877192982456
O=CNc1ccc(Oc2ccnc(C(=O)Nc3cccnc3)c2)cc1,9.4,0.6757516269820522,0.8675142227922217,0.6190476190476191
Clc1cccnc1,4.6,0.4994929876185536,0.9252520801298032,0.2166666666666666
Nc1ccc(Cl)c(C(F)(F)NC(=O)c2cc(Oc3ccc(NC(=O)Nc4ccc(Cl)c(C(F)(F)F)c4)cc3)ccn2)c1,9.6,0.0945267642109135,0.7908524959491502,0.696969696969697
FCl,1.9,0.3885761943930933,0.6703386072962214,0.0350877192982456
Clc1cccnc1,4.6,0.4994929876185536,0.9252520801298032,0.2166666666666666
O=C(Nc1cccnc1)c1cc(Oc2ccccc2)ccn1,9.1,0.7984398619663918,0.9043586539351992,0.6271186440677966
FCl,1.9,0.3885761943930933,0.6703386072962214,0.0350877192982456
CCC(=O)Nc1ccc(Oc2ccnc(C(=O)N(c3cccnc3)c3cc(N)ccc3Cl)c2)cc1,9.9,0.3170935213421044,0.8216065742199893,0.4457831325301205
O=C1Nc2ccc(-c3cccnc3)c(c2)C(F)(F)C1=O,7.0,0.8120140062440647,0.7071156404453013,0.189873417721519
O=C(Nc1ccc(Oc2ccnc(OC(F)F)c2)cc1)Nc1ccc(-c2cccnc2)c(C(F)(F)F)c1,8.9,0.2538816839675183,0.8240219267882877,0.5616438356164384
O=C(Nc1ccc(O)cc1)Nc1ccc(NC(=O)c2cc(Oc3ccc(NC(=O)Nc4ccc(Cl)c(-c5ccc(Oc6ccnc(C(=O)Nc7cccnc7)c6)cc5F)c4)cc3)ccn2)cc1,10.2,0.054274478532886,0.741652210588025,0.6857142857142857
O=C(Nc1ccc(Oc2ccnc(C(=O)Nc3ccccc3C(F)(F)F)c2)cc1)Nc1ccc(Cl)c(C(F)(F)F)c1,10.6,0.1952990900038328,0.8338554124066414,0.746031746031746
NC(=O)c1cc(Oc2ccc(NC(=O)CC=O)cc2)ccn1,8.5,0.619867155280597,0.8578706333205781,0.3857142857142857
O=Cc1ccc(NC(=O)Nc2ccc(Cl)c(C(F)(F)c3cccnc3)c2)cc1,9.6,0.5673395657956125,0.8440473927979492,0.4857142857142857
Clc1cccnc1,4.6,0.4994929876185536,0.9252520801298032,0.2166666666666666
Fc1cccnc1,4.7,0.4739719611862986,0.9184643878221108,0.1967213114754098
NC(=O)c1cc(Oc2ccc(NC(=O)Nc3ccc(Cl)c(C(F)(F)F)c3)cc2)ccn1,9.6,0.4906963907421218,0.8615980381010255,0.7213114754098361
O=C(Nc1ccc(Oc2ccnc(C(=O)Nc3cccnc3)c2)cc1)Nc1cccc(C(F)(F)F)c1,10.7,0.2973472713427685,0.8561365057197443,0.7741935483870968
Fc1cccnc1,4.7,0.4739719611862986,0.9184643878221108,0.1967213114754098
O=C(Nc1ccc(Oc2ccnc(C(=O)Nc3ccc(NC(=O)Nc4ccc(Oc5ccnc(C(=O)Nc6cccnc6)c5)cc4)cc3C(F)(F)F)c2)cc1)Nc1ccc(Cl)c(C(F)(F)F)c1,7.6,0.064556058220013,0.7370232106712411,0.918032786885246
FCl,1.9,0.3885761943930933,0.6703386072962214,0.0350877192982456
O=Cc1cc(Oc2ccc(NC(=O)Nc3ccc(Cl)c(C(F)(F)C=O)c3)cc2)ccn1,9.2,0.4824150437603619,0.8083048935284103,0.5507246376811594
FCl,1.9,0.3885761943930933,0.6703386072962214,0.0350877192982456
O=C(Nc1ccc(Oc2ccnc(C(=O)Nc3cccnc3)c2)cc1)Nc1ccc(C(F)(F)c2cc(NC(=O)Nc3ccc(Oc4ccnc(C(=O)Nc5cccnc5)c4)cc3)ccc2Cl)c(C(F)(F)F)c1,0.0,0.0567572278497447,0.7079708658099101,0.8870967741935484
CCC(F)(F)c1cc(NC(=O)Nc2ccc(Oc3ccnc(C(=O)Nc4cccnc4)c3)cc2)ccc1F,9.9,0.2363663981035122,0.8240756333088713,0.7205882352941176
COC(=O)c1cc(-c2ccc(-c3ccc(O)cc3)cc2Cl)ccn1,9.8,0.7104518488643303,0.8845803923168456,0.2337662337662337
CN(C)C(F)(F)c1cc(NC(=O)Nc2ccc(Oc3ccncc3)cc2)ccc1Cl,9.3,0.4842326263922848,0.8368298083282352,0.5454545454545454
NC(=O)c1cc(Oc2ccc(NC(=O)OC(F)(F)c3cc(NC(F)(F)c4cc(N)ccc4Cl)ccc3-c3cccnc3)cc2)ccn1,10.0,0.0670673025951031,0.748324129018928,0.5058823529411764
O=Cc1cc(Oc2ccc(NC(=O)Nc3ccc(F)c(C(F)(F)F)c3)cc2)ccn1,8.9,0.4234922775643794,0.8475197350681619,0.5072463768115942
NC(=O)c1cc(Oc2ccc(NC(=O)Nc3ccc(Cl)c(C(F)(F)C4=CC=CCC=C4)c3)cc2)ccn1,9.7,0.3168279052366546,0.7751763590227199,0.5256410256410257
O=C(Nc1ccccc1)c1cccnc1,8.2,0.8042302799124038,0.9601404926270708,0.3333333333333333
FNc1ccc(-c2cccnc2)c(C(F)(F)F)c1,8.3,0.6469189623109938,0.8422719270265393,0.3432835820895522
NC(=O)c1cc(Oc2ccc(NC(=O)Nc3ccc(Cl)c(C(F)(F)F)c3)cc2)ccn1,8.4,0.4906963907421218,0.8615980381010255,0.7213114754098361
O=C(Nc1ccc(Oc2ccnc(C(=O)Nc3cccnc3)c2)cc1)Nc1ccc(Cl)c(C(F)(F)C2CC2)c1,10.1,0.2134336866964696,0.814646716040984,0.8153846153846154
O=CNc1ccc(Oc2ccnc(C(=O)Nc3cccnc3)c2)cc1,9.3,0.6757516269820522,0.8675142227922217,0.6190476190476191
O=C1Nc2ccc(-c3cccnc3)c(c2)C(F)(C(=O)Nc2ccccc2)N1,8.6,0.6221609656211906,0.6764879157525324,0.25
O=C(Nc1ccc(Oc2ccnc(C(=O)Nc3cccnc3)c2)cc1)Nc1ccc(Cl)c(C(F)(F)c2cccnc2)c1,10.8,0.1748476096314266,0.8076286287505181,0.8412698412698413
NC(=O)C(F)(F)c1cc(NC(=O)Nc2ccccc2)ccc1-c1ccc(Oc2ccccc2)cc1,10.9,0.291261107131414,0.8577133434507584,0.4027777777777778
O=C(Nc1ccccc1)Nc1ccc(F)c(C(F)(F)CC(F)(F)F)c1,9.0,0.691701416511848,0.8548228138788144,0.3285714285714285
O=Cc1cc(Oc2ccc(NC(=O)Nc3ccc(C(F)(F)c4cc(NC(=O)Nc5ccc(Oc6ccnc(C(=O)Nc7cccnc7)c6)cc5)ccc4Cl)c(C(F)(F)F)c3)cc2)ccn1,8.5,0.0554456788801059,0.713731113409719,0.7857142857142857
O=C(Nc1ccccc1)Nc1ccc(-c2cccnc2)c(C(F)NC(=O)c2cc(Oc3ccc(NC(=O)Nc4ccc(Cl)c(C(F)(F)F)c4)cc3)ccn2)c1,9.2,0.0692445808328179,0.7205511205437714,0.7162162162162162
O=C(Nc1ccc(Oc2ccnc(C(=O)Nc3cccnc3)c2)cc1)Nc1cccc(C(F)(F)F)c1,10.6,0.2973472713427685,0.8561365057197443,0.7741935483870968
O=C(NNc1ccc(F)c(C(F)(F)F)c1)Nc1ccccc1,9.1,0.5925714528255656,0.8850861114965534,0.3333333333333333
CCCC(=O)Nc1ccc(-c2cccnc2)c(C(F)(F)c2cccnc2)c1,9.7,0.6653140207857811,0.840828206482422,0.3164556962025316
NC(=O)Nc1ccc(Cl)c(C(F)(F)F)c1,7.5,0.7766057655704027,0.897939712637829,0.4098360655737705
O=C(Nc1ccc(Oc2ccnc(C(=O)Nc3cccnc3)c2)cc1)Nc1ccc(Cl)c(C(F)F)c1,9.9,0.2552022247546568,0.8380301576988332,0.75
O=C(Nc1ccccc1)Nc1ccc2c(c1)O2,8.1,0.6574781281735909,0.9241521233852372,0.2727272727272727
O=C(Nc1ccccc1)Nc1ccc(-c2cccnc2)c(C(F)(F)F)c1,10.1,0.6583094840473885,0.894278543674747,0.4923076923076923
FNc1ccc(-c2cccnc2)c(C(F)(F)F)c1,8.2,0.6469189623109938,0.8422719270265393,0.3432835820895522
O=C(Cl)Nc1ccccc1,6.5,0.490010380355871,0.9127485196978368,0.2096774193548387
FNc1ccc(-c2cccnc2)c(C(F)(F)F)c1,8.2,0.6469189623109938,0.8422719270265393,0.3432835820895522
O=C(Nc1ccccc1)Nc1ccc(-c2cccnc2)c(C(F)(F)OC(F)(F)F)c1,10.1,0.4966251852028954,0.8366195519179789,0.4366197183098591
O=C(Nc1ccccc1)c1cccnc1,8.1,0.8042302799124038,0.9601404926270708,0.3333333333333333
O=C(Nc1ccc(Oc2ccnc(C(=O)Nc3cccnc3)c2)cc1)Nc1ccc(C(F)(F)c2cc(NC(=O)Nc3ccc(Oc4ccnc(C(=O)Nc5cccnc5)c4)cc3)ccc2Cl)c(C(F)(F)F)c1,10.2,0.0567572278497447,0.7079708658099101,0.8870967741935484
O=C(Nc1ccccc1)Nc1ccc(-c2cccnc2)c(C(F)Nc2ccc(-c3cccnc3)c(C(F)(F)F)c2)c1,11.6,0.1383972793824316,0.7578202823525245,0.4210526315789473
Fc1cccnc1,4.7,0.4739719611862986,0.9184643878221108,0.1967213114754098
O=CNc1ccc(Oc2ccnc(C(=O)Nc3cccnc3)c2)cc1,9.3,0.6757516269820522,0.8675142227922217,0.6190476190476191
NC(=O)Nc1ccc(Oc2ccnc(C(=O)Nc3cccnc3)c2)cc1,9.5,0.6539432519831734,0.8809563815125847,0.6557377049180327
O=C(Nc1ccccc1)c1cccnc1,8.2,0.8042302799124038,0.9601404926270708,0.3333333333333333
O=C(Nc1ccc(Oc2ccnc(C(=O)Nc3cccnc3)c2)cc1)Nc1ccc(C(=O)C(=O)c2ccccc2)c(C(F)(F)F)c1,10.2,0.1158202479372517,0.8107970557461945,0.75
NC(F)(F)c1cc(NC(=O)Nc2ccc(Oc3ccnc(C(=O)Nc4cccnc4)c3)cc2)ccc1-c1cccnc1,9.9,0.1626170525612954,0.805971031802012,0.7424242424242424
O=C(Nc1ccccc1)c1cccnc1,8.2,0.8042302799124038,0.9601404926270708,0.3333333333333333
NC(=O)Nc1ccc(Cl)c(C(F)(F)C(F)F)c1,7.7,0.8144287732972479,0.8268793541544682,0.3235294117647059
Clc1cccnc1,4.6,0.4994929876185536,0.9252520801298032,0.2166666666666666
NC(=O)Nc1ccc(Cc2ccnc(C(N)=O)c2)cc1,9.3,0.7771105531574602,0.8874233060065679,0.25
O=C(Nc1ccccc1)Nc1ccc(-c2cccnc2)c(C(F)C(F)(F)c2cc(NC(=O)Nc3ccc(Oc4ccnc(C(=O)Nc5cccnc5)c4)cc3)ccc2Cl)c1,9.8,0.0819450639445711,0.6964293287044282,0.7162162162162162
O=C(Nc1ccccc1)Nc1ccc(C(F)(F)c2cc(NC(=O)OCCF)ccc2Cl)c(C(F)(F)F)c1,10.7,0.266649817947825,0.8082882228451721,0.4133333333333333
Clc1cccnc1,4.6,0.4994929876185536,0.9252520801298032,0.2166666666666666
O=Cc1cc(Oc2ccc(NC(=O)Nc3ccc(Cl)c(C(F)(F)C(F)(F)c4cc(NC(=O)Nc5ccccc5)ccc4-c4cccnc4)c3)cc2)ccn1,10.2,0.0768305785947708,0.7570398778016193,0.5921052631578947
O=C(Nc1ccc(Oc2ccncc2)cc1)C1CCCO1,8.8,0.9372409037365612,0.8442863477764914,0.3013698630136986
FC(F)c1cc(Nc2cccnc2)ccc1-c1cccnc1,10.0,0.7495502078615364,0.8575675703553175,0.2602739726027397
O=C(Nc1ccc(O)cc1)Nc1ccc(Cl)c(C(F)(F)F)c1,8.9,0.6983520279282863,0.9040505671501892,0.4833333333333333
FNc1ccc(-c2cccnc2)c(C(F)(F)F)c1,8.2,0.6469189623109938,0.8422719270265393,0.3432835820895522
FC(F)(F)c1cc(NCl)ccc1-c1cccnc1,8.1,0.8230891370373918,0.8447676193342316,0.3582089552238806
Fc1cccnc1,4.7,0.4739719611862986,0.9184643878221108,0.1967213114754098
O=C(Nc1ccc(Oc2ccnc(C(=O)Nc3cccnc3)c2)cc1)Nc1cccc(C(F)(F)c2ccc(NC(=O)Nc3ccc(Oc4ccnc(C(=O)Nc5cccnc5)c4)cc3)cc2C(F)(F)F)c1,8.6,0.0567761476575313,0.7154478492662296,0.7727272727272727
O=C(Nc1ccc(Oc2ccnc(C(=O)NF)c2)cc1)Nc1ccc(Cl)c(C(F)(F)CO)c1,8.5,0.3603596261795013,0.8036327675310153,0.6515151515151515
FF,1.9,0.3741821364263268,0.6703027098603241,0.0175438596491228
Nc1ccc(Cl)c(C(F)(Oc2ccc(Oc3ccnc(C(=O)Nc4cccnc4)c3)cc2)C2CCC2)c1,9.6,0.2499641911821516,0.7521606336548284,0.6052631578947368
O=C(Nc1ccccc1)c1cccnc1,8.2,0.8042302799124038,0.9601404926270708,0.3333333333333333
O=C(Nc1ccc(Oc2ccnc(C(=O)NF)c2)cc1)Nc1ccc(Cl)c(C(F)(F)Oc2ccccc2F)c1,10.6,0.1582403097331669,0.8005464413607094,0.6111111111111112
c1cncc(-c2cccnc2)c1,7.2,0.6317729528591786,0.9246304248008386,0.1833333333333333
O=CNc1ccc(Oc2ccnc(C(=O)Nc3cccnc3)c2)cc1,9.3,0.6757516269820522,0.8675142227922217,0.6190476190476191
O=C1Nc2ccc(-c3cccnc3)c(c2)C(F)(F)N1,6.8,0.7753302878476211,0.6958961351785813,0.2051282051282051
O=C(Nc1ccc(Oc2ccnc(C(=O)Nc3cccnc3)c2)cc1)Nc1cccc(C(F)(F)F)c1,9.5,0.2973472713427685,0.8561365057197443,0.7741935483870968
O=C(Nc1ccccc1)Nc1ccc(Cl)c(C(F)F)c1,8.7,0.8288827267666713,0.9030128664461288,0.3484848484848485
[2H]c1cc2ccc1Nc1ccc(Cl)c(c1)C2(F)F,7.5,0.7259732059966691,0.5206337731803854,0.1168831168831168
FC(F)(F)N1Cc2ccc1cc2,6.5,0.5446778335618134,0.7009662379830507,0.0857142857142857
O=C(Nc1ccc(Oc2ccnc(C(=O)Nc3cccnc3)c2)cc1)Nc1cccc(C(F)(F)C(=O)Nc2ccccc2)c1,10.6,0.1467582186703643,0.8187532676802335,0.6911764705882353
O=CNc1ccc(Cl)c(C(F)(F)c2cccnc2)c1,8.6,0.8729367401645595,0.8212299109678453,0.3714285714285714
FC(F)(F)c1cc(NN2CCC2)ccc1-c1cccnc1,9.0,0.9326560008748208,0.8491501583555736,0.3150684931506849
O=C(Nc1ccc(Oc2ccnc(C(=O)Nc3cccnc3)c2)cc1)Nc1ccc(-c2cccnc2)c(Cc2cc(F)cc(F)c2)c1,10.7,0.1489607714117371,0.8039272801257287,0.6081081081081081
O=C(Nc1ccc(Oc2ccnc(C(=O)Nc3cccnc3)c2)cc1)Nc1ccc(-c2cccnc2)c(C(F)F)c1,0.0,0.1879232878342431,0.8186303554202841,0.6521739130434783
FC(F)(F)c1ccccc1-c1cccnc1,8.6,0.7166892473597637,0.9118915369271084,0.2769230769230769
O=Cc1cc(Oc2ccc(NC(=O)Nc3ccc(C(F)(F)c4cc(NC(=O)Nc5ccc(Oc6ccnc(C(=O)Nc7cccnc7)c6)cc5)ccc4Cl)c(C(F)(F)F)c3)cc2)ccn1,9.0,0.0554456788801059,0.713731113409719,0.7857142857142857
Clc1cccnc1,4.6,0.4994929876185536,0.9252520801298032,0.2166666666666666
CCCC(=O)C(F)(F)c1cc(NC=O)ccc1-c1ccc2cc1C(F)(F)OC(=O)c1cc(ccn1)Oc1ccc(cc1)NC(=O)N2,7.1,0.1090403605893347,0.4846363282117793,0.1926605504587156
NC(=O)Nc1ccc(Cl)c(CCCCc2ccc(-c3cccnc3)c(C(F)(F)F)c2)c1,10.3,0.4070017390765272,0.8470546724850858,0.3658536585365853
FCl,1.9,0.3885761943930933,0.6703386072962214,0.0350877192982456
NC(=O)Nc1ccc(F)c(C(F)(F)F)c1,7.6,0.7037013571547636,0.893121172203904,0.2878787878787879
O=C(Nc1ccccc1)Nc1ccc(-c2cccnc2)c(C(F)F)c1,9.8,0.674817457877884,0.8823628968350739,0.3661971830985915
Fc1cccnc1,4.6,0.4739719611862986,0.9184643878221108,0.1967213114754098
O=C(Nc1ccccc1)C(F)(F)c1ccccc1-c1cccnc1,8.6,0.7686768258876996,0.8756878452645799,0.323943661971831
O=C(F)Nc1ccccc1,6.3,0.4685703025409224,0.9119226955220124,0.2096774193548387
O=C(Nc1ccc(O)cc1)Nc1ccc(Cl)c(C(F)(F)F)c1,8.9,0.6983520279282863,0.9040505671501892,0.4833333333333333
O=C(Nc1ccccc1)Nc1ccc(-c2cccnc2)c(C(F)(F)c2ccco2)c1,10.9,0.4199535138364822,0.8371444413963166,0.4189189189189189
O=C(Nc1ccc(O)cc1)Nc1ccc2c(c1)Oc1ccc(NC(=O)Nc3ccccc3)cc1C2(F)CC(F)F,8.1,0.1593580063337178,0.7504487967030653,0.2209302325581395
O=C1C(F)(F)c2cc(ccc2-c2cccnc2)C12CCC2,9.2,0.7963881378926955,0.6728497052326665,0.1829268292682926
COC(F)(F)c1cc(NC(=O)Nc2ccccc2)ccc1Cl,8.3,0.8567300863413018,0.8765418492014714,0.4461538461538462
O=C(F)Nc1ccccc1,6.3,0.4685703025409224,0.9119226955220124,0.2096774193548387
CN(C(=O)NCCc1ccccc1)c1ccc(Oc2ccnc(C(N)=O)c2)cc1,10.0,0.646284399605429,0.8673089434330757,0.3125
O=C(Nc1ccc(CN(O)c2cccnc2)cc1)Nc1ccc(Cl)c(C(F)(F)F)c1,9.1,0.4420371905418411,0.8380221160205428,0.5285714285714286
[CH]CNc1cc(NC(=O)Nc2ccc(Oc3ccnc(C(=O)Nc4cccnc4)c3)cc2)ccc1C(=O)Nc1ccccc1,8.5,0.1250459932259159,0.8088174910675746,0.6111111111111112
O=CC(=O)Nc1ccc(Oc2ccnc(C=O)c2)cc1,8.4,0.6612984979287512,0.8474764725768398,0.3478260869565217
c1cncc(-c2cccnc2)c1,7.2,0.6317729528591786,0.9246304248008386,0.1833333333333333
Fc1cccnc1,4.7,0.4739719611862986,0.9184643878221108,0.1967213114754098
CC1(NC(=O)Nc2ccccc2)NC(=O)N(C(F)(F)F)C1c1cccnc1,7.7,0.7160978745143413,0.7016822898389043,0.3048780487804878
NC(=O)Nc1ccc(C(F)(Cc2ccccc2)c2cc(NC(N)=O)ccc2-c2cccnc2)c(C(F)(F)F)c1,7.2,0.2098189479268778,0.7469085899715887,0.3333333333333333
O=C(Nc1ccc(Oc2ccnc(C(=O)Nc3cccnc3)c2)cc1)Nc1ccc(C(=O)Nc2ccccc2)c(C(F)F)c1,9.0,0.1409322897107643,0.8221749515082166,0.6617647058823529
CC(CCc1cccnc1)C(F)(F)F,7.5,0.7345846498069851,0.8081647938897708,0.2112676056338028
FCl,1.9,0.3885761943930933,0.6703386072962214,0.0350877192982456
O=CNc1ccc(Oc2ccnc(C(=O)Nc3cccnc3)c2)cc1,9.2,0.6757516269820522,0.8675142227922217,0.6190476190476191
O=C(Nc1ccc(Oc2ccnc(C(=O)Nc3cccnc3)c2)cc1)Nc1ccc(F)c(C(F)F)c1,11.0,0.2826046678074057,0.8378265729340834,0.6818181818181818
NC(=O)Nc1ccc(Oc2ccnc(N3c4ccc(Cl)c(c4)C3(F)F)c2)cc1,10.5,0.5862052877260387,0.7338328278069982,0.3670886075949367
Fc1cccnc1,4.7,0.4739719611862986,0.9184643878221108,0.1967213114754098
O=C(Nc1ccc(Oc2ccnc(C(=O)Nc3cccnc3)c2)cc1)Nc1ccc(Cl)c(C(F)(F)C(F)(F)c2cc(NC(=O)Nc3ccccc3)ccc2-c2cccnc2)c1,9.5,0.0765429732231254,0.7427650906998249,0.7794117647058824
O=C(Nc1ccc(Oc2ccnc(C(=O)Nc3cccnc3)c2)cc1)Nc1ccc(F)c(C(F)(F)CCO)c1,9.3,0.2145806505297812,0.812973257967526,0.7101449275362319
O=C(Nc1ccccc1)Nc1ccc(-c2cccnc2)cc1,9.4,0.7508545426398229,0.9364516716866788,0.359375
c1ccc(-c2cccnc2)cc1,8.0,0.6166619296375706,0.9645039290743428,0.1746031746031746
O=C(Nc1ccccc1)Nc1cccnc1,7.7,0.8054091984666042,0.945007943546494,0.4137931034482758
FC1(F)ONc2ccc(Cl)c1c2,6.5,0.6809598889867842,0.6247005037173162,0.1232876712328767
FC(F)(F)c1cc(-c2ccccc2)ccc1-c1cccnc1,10.7,0.6141900357210307,0.9041635830232052,0.2753623188405797
O=C(Nc1ccc(Oc2ccnc(C(=O)NNc3ccc(-c4cccnc4)c(C(F)(F)F)c3)c2)cc1)Nc1ccc(Cl)c(C(F)F)c1,5.1,0.0920396285137125,0.7834742981480445,0.6493506493506493
FC(F)c1cc(Nc2ccccc2)ccc1-c1cccnc1,10.2,0.6940638602555269,0.8818500222783945,0.24
O=Cc1cc(Oc2ccc(NC(=O)Nc3ccc(Nc4ccc(-c5cccnc5)c(C(F)(F)F)c4)c(C(F)(F)CCO)c3)cc2)ccn1,8.3,0.0823656799214983,0.7607936366218337,0.4767441860465116
NC(=O)c1cc(Oc2ccc(N)cc2)ccn1,8.2,0.7809984155247892,0.892203713128827,0.3384615384615385
O=C(NC(=O)c1cc(Oc2ccc(NC(=O)Nc3ccc(Cl)c(C(F)(F)c4ccccc4Cl)c3)cc2)ccn1)Nc1ccccc1,10.4,0.1322548035484992,0.8044453235089661,0.6617647058823529
O=C(Nc1ccccc1)c1cccnc1,8.2,0.8042302799124038,0.9601404926270708,0.3333333333333333
O=C(Nc1ccc(-c2cccnc2)c(C(F)(F)Cl)c1)C1CC1,9.5,0.8484424072286413,0.8612984696302229,0.3466666666666667
O=C(Nc1ccc(Oc2ccnc(C(=O)Nc3cccnc3)c2)cc1)Nc1ccc(Cl)c(C(F)(F)Nc2ccc(-c3cccnc3)c(C(F)F)c2)c1,10.2,0.0772054884862048,0.7534427945318212,0.7066666666666667
O=CNc1ccc(Cl)c(C(F)(F)C(=O)Nc2ccccc2)c1,8.2,0.8249536634308748,0.8461547117487602,0.3380281690140845
O=C(Nc1ccccc1)Nc1ccc(Nc2ccc(-c3cccnc3)c(C(F)(F)F)c2)c(C(F)(F)CCl)c1,10.0,0.1607773868964269,0.8125118356147001,0.4230769230769231
CC(=Cc1cccnc1)c1cccnc1,8.2,0.737380419725428,0.8638737094102874,0.1690140845070422
O=C(Nc1ccc(S)cc1)Nc1ccc(Cl)c(C(F)(F)F)c1,8.6,0.6351509239861121,0.875074669714292,0.4754098360655737
O=C(NF)Nc1ccc(-c2cccnc2)c(OCCF)c1,8.6,0.8325875354420711,0.8291688284989898,0.3466666666666667
NC(=O)Nc1ccc(-c2cccnc2)c(C(F)c2ccc(-c3ccccc3)s2)c1,10.6,0.4273324140092644,0.7826619813039157,0.2441860465116279
FNc1ccc(-c2cccnc2)c(C(F)(F)F)c1,8.3,0.6469189623109938,0.8422719270265393,0.3432835820895522
FCl,1.9,0.3885761943930933,0.6703386072962214,0.0350877192982456
FF,1.9,0.3741821364263268,0.6703027098603241,0.0175438596491228
O=C(Nc1ccccc1)c1ccccc1,8.9,0.7874913866928777,0.9936167164032946,0.2258064516129032
O=C(NF)Nc1ccccc1,6.8,0.5935802360925356,0.8866401611448074,0.2622950819672131
O=CC(F)(F)c1cc(NC(=O)Nc2ccccc2)ccc1-c1cccnc1,10.2,0.6432141525303142,0.8484186160728316,0.4225352112676056
FF,1.9,0.3741821364263268,0.6703027098603241,0.0175438596491228
O=C(Nc1ccccc1)c1ccccc1C(F)(F)F,9.2,0.8745203444271734,0.939774468297308,0.3125
O=C(Nc1ccc(Oc2ccnc(C(=O)Nc3cccnc3)c2)cc1)Nc1ccc(Nc2ccc(-c3cccnc3)c(C(F)(F)F)c2)c(C(F)F)c1,9.8,0.1041197558369442,0.773372066602033,0.6710526315789473
Nc1ccc(Cl)c(C(F)(F)NC(=O)c2ccccc2-c2ccccc2)c1,9.6,0.4960094970563199,0.8558325037465152,0.2435897435897435
O=C(Nc1ccc(Oc2ccnc(C(=O)NNc3ccc(-c4cccnc4)c(C(F)F)c3)c2)cc1)Nc1ccc(Cl)c(C(F)(F)F)c1,11.5,0.0920396285137125,0.784344974839774,0.6933333333333334
FC(F)(F)c1cc(NCl)ccc1-c1cccnc1,8.4,0.8230891370373918,0.8447676193342316,0.3582089552238806
Cc1cc(NNc2ccc(-c3cccnc3)c(C(F)(F)F)c2)ccc1-c1cccnc1,10.4,0.3583291815952086,0.8385670618392419,0.3194444444444444
O=C(Nc1cccnc1)c1cc(-c2ccccc2O)ccn1,9.2,0.7772033000042985,0.8896050703553176,0.4328358208955223
O=C(Nc1ccccc1)c1ccc(-c2cccnc2)c(-c2cc[n-]n2)c1,10.0,0.6095649544950079,0.8056826152788185,0.275
Fc1cccnc1,4.7,0.4739719611862986,0.9184643878221108,0.1967213114754098
O=C(Nc1ccccc1)Nc1ccc(-c2cccnc2)c(C(F)c2ccc(NC(=O)Nc3ccccc3)cc2C(F)(F)F)c1,11.3,0.1405839033570233,0.7659103942834944,0.4324324324324324
O=C(Nc1ccc(Oc2ccnc(C(=O)Nc3cccnc3)c2)cc1)Nc1ccc(C(=O)Nc2ccccc2)c(C(F)F)c1,9.8,0.1409322897107643,0.8221749515082166,0.6617647058823529
NC(=O)Nc1ccc(C(F)(F)c2cc(NC(=O)Nc3ccccc3)ccc2-c2cccnc2)cc1,11.7,0.2747368634989493,0.8445464203738354,0.4
Fc1ccc(-c2cccnc2)c(C(F)(F)F)c1,8.4,0.6896543591617257,0.8935846733034042,0.2794117647058823
NC(=O)Nc1ccc(-c2cccnc2)c(C(F)(F)F)c1,9.1,0.8867291504903891,0.8805606536589158,0.3970588235294117
O=C1CC1(F)c1ccccc1Nc1ccc(-c2cccnc2)c(C(F)(F)F)c1,10.2,0.5895162706164674,0.7717568744027865,0.2926829268292683
O=C(Nc1ccccc1)Nc1ccc(-c2cccnc2)c(C(F)(F)Nc2ccc(-c3cccnc3)c(C(F)(F)F)c2)c1,11.4,0.1341059931696999,0.7986402943576384,0.4507042253521127
Clc1ccccc1,5.4,0.4833833263681997,1.0,0.0983606557377049
Nc1ccc(Cl)c(C(F)(F)Oc2ccc(O)cc2)c1,8.1,0.8444275681088166,0.8615180989772233,0.2361111111111111
FC(F)(F)c1cc(-c2cccnc2)ccc1-c1cccnc1,10.5,0.6771853086664459,0.8813787234383457,0.2835820895522388
O=C(Nc1ccccc1)Nc1ccc(-c2cccnc2)c(-c2csc(F)n2)c1,10.1,0.4727507030253181,0.8526073543245363,0.3552631578947368
O=C(Nc1ccccc1)Nc1ccc(-c2cccnc2)c(C(F)F)c1,9.8,0.674817457877884,0.8823628968350739,0.3661971830985915
Fc1ccc(-c2cccnc2)c(C(F)(F)F)c1,8.3,0.6896543591617257,0.8935846733034042,0.2794117647058823
FC(F)c1cc(Nc2ccc(-c3cccnc3)c(C(F)(F)F)c2)ccc1-c1cccnc1,10.5,0.3257801106879839,0.82865310967837,0.3108108108108108
O=C(Nc1ccccc1)c1cccnc1,8.2,0.8042302799124038,0.9601404926270708,0.3333333333333333
O=C(Nc1ccccc1)c1cccnc1,8.2,0.8042302799124038,0.9601404926270708,0.3333333333333333
FNc1ccc(-c2cccnc2)c(C(F)(F)F)c1,8.2,0.6469189623109938,0.8422719270265393,0.3432835820895522
O=Cc1cc(Oc2ccc(NC(=O)Nc3ccc(Cl)c(C(F)(F)F)c3)cc2)ccn1,8.7,0.4813375708220118,0.8497569145553414,0.640625
CC(F)(F)c1cc(Nc2cccnc2)ccc1-c1cccnc1,9.7,0.7366072221573581,0.8551384712235754,0.323943661971831
Nc1ccc(-c2cccnc2)c(C(F)(F)N2CCC(c3ccnc(C(=O)Nc4cccnc4)c3)CC2)c1,10.8,0.2754304227350218,0.785076272069175,0.388235294117647
O=C(Nc1ccccc1)Nc1ccc(NC(=O)Nc2ccccc2)c(C(F)F)c1,10.0,0.432207351224326,0.8917862372236226,0.2753623188405797
FNc1ccc(-c2cccnc2)c(C(F)(F)F)c1,8.4,0.6469189623109938,0.8422719270265393,0.3432835820895522
O=C(Nc1ccc(Nc2ccc(-c3cccnc3)c(C(F)(F)F)c2)c(C(F)(F)F)c1)C1CCCNCC1,10.4,0.3205894812505641,0.7732145774976328,0.3103448275862069
O=C(NC(=O)Nc1ccccc1)Nc1ccccc1,8.6,0.7714769573834082,0.9430069316829792,0.2295081967213114
O=C1c2ccc(Nc3cccnc3)cc2[C@H]2CCCN12,8.9,0.9070468605408047,0.8148645704099116,0.2195121951219512
O=C(Nc1ccc(Oc2ccncc2)cc1)Nc1ccc(Cl)c(C(F)(F)F)c1,9.3,0.5416453621952397,0.8821398952322238,0.6724137931034483
c1ccc(CCNc2ccccc2)cc1,8.2,0.7922677346061328,0.970119226115804,0.1176470588235294
O=C(Nc1ccccc1)Nc1ccc(-c2ccc(NC(=O)Nc3ccc(Oc4ccnc(C(=O)Nc5cccnc5)c4)cc3)cc2C(F)(F)F)c(C(F)F)c1,5.5,0.0880400389728294,0.7740246230614048,0.7285714285714285
O=C1Nc2ccc(cc2)Oc2ccnc(c2)C2CCN(CC2)c2cc(ccc2Cl)N1,8.5,0.4770265020514666,0.5555105534638572,0.1521739130434782
FF,1.9,0.3741821364263268,0.6703027098603241,0.0175438596491228
O=C(Nc1ccc(Oc2ccnc(C(=O)Nc3cccnc3)c2)cc1)Nc1ccc(-c2cccnc2)c(C(F)(F)F)c1,9.4,0.1897880461318087,0.8243861621262334,0.8095238095238095
O=C(Cl)Nc1ccccc1,6.6,0.490010380355871,0.9127485196978368,0.2096774193548387
O=C(NCCOOc1ccnc(C(=O)NF)c1)Nc1ccc(Cl)c(C(F)(F)F)c1,9.2,0.2026492261708551,0.7888492608566161,0.5416666666666666
C=C(C(=O)Nc1ccccc1)C(F)(F)c1cccc(NC(=O)Nc2ccc(Oc3ccnc(C(=O)Nc4cccnc4)c3)cc2)c1,11.4,0.1198661348740635,0.7977565274449793,0.6527777777777778
C1#Cc2cc(Nc3ccccc3)ccc2C1,9.6,0.741332628582969,0.7685985668416383,0.12
O=C(NNC(=O)Nc1ccc(-c2cccnc2)c(C(F)F)c1)Nc1ccccc1,9.3,0.4867686422354383,0.8531056070104621,0.3378378378378378
CC(F)(F)c1cc(NC(=O)Nc2ccccc2)ccc1-c1cccnc1,10.2,0.650188668091617,0.8788207474169505,0.4347826086956521
O=C(Nc1ccc(Oc2ccnc(C(=O)Nc3cccnc3)c2)cc1)Nc1ccc(Nc2ccc(-c3cccnc3)c(C(F)F)c2)c(C(F)(F)F)c1,5.2,0.1041197558369442,0.7733672137367775,0.6710526315789473
O=Cc1cc(Oc2ccc(NC(=O)Nc3ccc(Cl)c(C(F)(F)F)c3)cc2)ccn1,9.0,0.4813375708220118,0.8497569145553414,0.640625
Nc1ccc(Oc2ccnc(C(=O)NNc3ccc(-c4cccnc4)c(C(F)(F)C4CC4)c3)c2)cc1,10.7,0.2152151210687298,0.7983527865263164,0.4634146341463415
O=C(Nc1ccc(Oc2ccnc(C(=O)Nc3cccnc3)c2)cc1)Nc1ccc(F)c(C(=O)O)c1,10.1,0.2871832543438825,0.8556840785352782,0.6818181818181818
O=C(Nc1ccc(Oc2ccnc(C(=O)Nc3cccnc3)c2)cc1)Nc1ccc(Nc2ccc(-c3cccnc3)c(C(F)(F)F)c2)c(C(F)F)c1,10.3,0.1041197558369442,0.773372066602033,0.6710526315789473
CC(=O)C(F)(F)c1cc(NC(=O)Nc2ccc(Oc3ccnc(C=O)c3)cc2)ccc1Nc1ccc(-c2cccnc2)c(C(F)(F)F)c1,10.3,0.100984886661537,0.7626272766419445,0.4939759036144578
O=C(Nc1ccccc1)Nc1ccc(-c2cccnc2)c(C(F)(F)N2CCOCC2)c1,10.0,0.5791036926499162,0.8347712124202464,0.3896103896103896
Fc1cccnc1,4.6,0.4739719611862986,0.9184643878221108,0.1967213114754098
FNc1ccc(-c2cccnc2)c(C(F)(F)F)c1,8.3,0.6469189623109938,0.8422719270265393,0.3432835820895522
FC(F)(F)c1cc(-c2ccccc2)ccc1-c1cccnc1,10.7,0.6141900357210307,0.9041635830232052,0.2753623188405797
Nc1ccc(Oc2ccnc(C(=O)Nc3cccnc3)c2)cc1,9.2,0.7227868795722828,0.887037792797524,0.6229508196721312
O=C(Nc1ccccc1)Nc1ccc(-c2ccc(NC(=O)Nc3ccc(Oc4ccnc(C(=O)Nc5cccnc5)c4)cc3)cc2C(F)(F)F)c(C(F)(F)F)c1,5.6,0.092511627546228,0.777339530165469,0.8225806451612904
O=C(F)Nc1ccccc1,6.3,0.4685703025409224,0.9119226955220124,0.2096774193548387
O=C(Nc1ccccc1)Nc1ccc(-c2cccnc2)c(C(F)NC(=O)Nc2ccccc2)c1,9.8,0.2614301198584268,0.805114191641057,0.3513513513513513
O=C(Nc1ccccc1)c1cccnc1,8.2,0.8042302799124038,0.9601404926270708,0.3333333333333333
O=C(Nc1cccnc1)Nc1ccc(-c2cccnc2)c(C(F)(F)F)c1,9.5,0.7062564042959265,0.8731920571882603,0.5238095238095238
O=CNc1ccc(Cl)c(C(F)(F)F)c1,7.1,0.7677268833653836,0.8663186043617652,0.3333333333333333
NC(=O)NNC(=O)c1cc(Oc2ccc(N)cc2)ccn1,9.1,0.4886087682109279,0.8673013969474904,0.373134328358209
NCCc1ccc(-c2cccnc2)c(C(F)(F)F)c1,8.5,0.9256082644908604,0.8766191707646518,0.2567567567567567
O=C(Nc1ccccc1)Nc1ccc(Cl)c(C(=O)NF)c1,8.9,0.758254564944159,0.8885827528796937,0.3846153846153846
FC(F)(F)c1cc(-c2ccccc2)ccc1-c1cccnc1,10.7,0.6141900357210307,0.9041635830232052,0.2753623188405797
O=C(NCl)Nc1ccccc1,6.9,0.6219764227290644,0.8933652231795468,0.2419354838709677
O=C(Nc1ccc(Oc2ccnc(C(=O)Nc3cccnc3)c2)cc1)Nc1ccc(Cl)c(C(F)Nc2ccc(-c3cccnc3)c(C(F)(F)F)c2)c1,9.9,0.0816326577233709,0.716822795198901,0.7297297297297297
O=C(Nc1ccc(-c2cccnc2)c(C(F)(F)Nc2ccc(-c3cccnc3)c(C(F)(F)F)c2)c1)c1ccccc1,11.0,0.155437386194576,0.8046599765784119,0.3866666666666666
Cc1ccc(NC(=O)Nc2ccc(Oc3ccnc(C(=O)NNc4cccc(C(F)(F)F)c4)c3)cc2)cc1ON,10.8,0.1727166761079599,0.8138532633308393,0.4875
O=C(NC(=O)Nc1ccccc1)Nc1ccccc1,8.6,0.7714769573834082,0.9430069316829792,0.2295081967213114
NC(=O)c1cc(Oc2ccc(NC(=O)Nc3ccc(Cl)c(C(F)(F)Nc4ccc(-c5cccnc5)c(C5(F)COC5=O)c4)c3)cc2)ccn1,11.6,0.0885127705048324,0.6865718662838708,0.5280898876404494
O=C(Nc1ccccc1)c1ccccc1,8.9,0.7874913866928777,0.9936167164032946,0.2258064516129032
O=C(Nc1ccccc1)c1ccccc1,8.9,0.7874913866928777,0.9936167164032946,0.2258064516129032
COC(F)(F)c1cc(Nc2cccnc2)ccc1-c1cccnc1,8.9,0.7447850312717902,0.8362720147183145,0.3287671232876712
O=C(Nc1ccccc1)c1ccccc1,8.9,0.7874913866928777,0.9936167164032946,0.2258064516129032
CC(F)(F)c1cccnc1,6.1,0.586801833066296,0.8607119507112677,0.21875
NC(=O)c1cc(-c2cccnc2)n(-c2ccccc2)n1,9.0,0.7862006749868804,0.8838429251804976,0.2051282051282051
Nc1cc(NC(=O)NN2CCC(c3ccccc3)CC2)ccc1-c1cccnc1,10.2,0.5846501237942967,0.8461224395896478,0.2558139534883721
O=C(NNC(=O)c1cc(Oc2ccc(NC(=O)Nc3ccc(Cl)c(C(F)(F)F)c3)cc2)ccn1)Nc1ccc(-c2cccnc2)c(C(F)F)c1,10.1,0.0804463122534535,0.7774346546111887,0.7027027027027027
NC(=O)Nc1ccc(-c2cccnc2)c(C(F)(F)c2ccccc2)c1,9.6,0.7405482532232888,0.8581472865064355,0.3333333333333333
FC(F)(c1ccc(Cl)c(Cl)c1)c1cc(NNc2ccccc2)ccc1-c1cccnc1,10.6,0.2930075146369013,0.8335603202662083,0.3376623376623376
O=CC(F)(F)c1cc(OCCCCC(=O)Nc2ccccc2)ccc1-c1cccnc1,9.4,0.3575903235589771,0.839699991830599,0.3333333333333333
FC(F)(F)N1c2ccc(cc2)Oc2ccnc1c2,7.3,0.6658075171492382,0.5962522829843072,0.16
O=C(NF)Nc1ccc(-c2cccnc2)c(C(F)F)c1,9.3,0.842875583825005,0.8205458334790955,0.3333333333333333
CC(F)c1cc(NC(=O)Nc2ccccc2)ccc1-c1cccnc1,9.8,0.6683748583840522,0.8292687522030084,0.3561643835616438
O=Cc1cc(Oc2ccc(NC(=O)Nc3ccc(Cl)c(C(F)(F)F)c3)cc2)ccn1,8.7,0.4813375708220118,0.8497569145553414,0.640625
C[C@@H]1NC(=O)NC(F)(F)C1=O,6.1,0.4889402308097879,0.6562596336303914,0.04
O=C(Nc1ccccc1)c1cccnc1,8.2,0.8042302799124038,0.9601404926270708,0.3333333333333333
c1ccc(Nc2cccnc2)cc1,7.5,0.749178891348407,0.944622933759703,0.2419354838709677
COC(F)(NC(=O)CCCCCO)c1cc(NC(=O)Nc2ccccc2)ccc1-c1cccnc1,9.3,0.1791276433324823,0.770327651810146,0.3647058823529411
NC(=O)c1cc(Oc2ccc(NC(=O)Nc3ccc(Cl)c(C(F)(F)F)c3)cc2)ccn1,9.3,0.4906963907421218,0.8615980381010255,0.7213114754098361
FC(F)(F)c1cc(Cl)ccc1-c1cccnc1,8.3,0.7368399646842473,0.8957545587371195,0.3134328358208955
O=Cc1ccc(-c2ccc(-c3cccnc3)c(C(F)(F)F)c2)cc1,10.7,0.6152610003700988,0.8762265461629996,0.2702702702702703
O=CC(F)(F)c1cc(Nc2ccc(-c3cccnc3)c(C(F)F)c2)ccc1-c1cccnc1,10.3,0.2485247925688573,0.7917701438919347,0.2784810126582278
CC(F)(F)c1cc(NC=O)ccc1-c1cccnc1,8.3,0.8575898430334017,0.8379050923901963,0.2972972972972973
O=CC(F)c1cc(NC(=O)Nc2ccccc2)ccc1NC(=O)Nc1ccc(-c2cccnc2)c(C(F)(F)F)c1,8.9,0.1430028398280132,0.7610000441204517,0.4
O=C(Nc1ccccc1)c1cccnc1,8.2,0.8042302799124038,0.9601404926270708,0.3333333333333333
O=C(Nc1ccccc1)Nc1ccc(Cl)c(C(F)(F)F)c1,9.0,0.8040902981950878,0.9211305791621196,0.5344827586206896
FNc1ccc(-c2cccnc2)c(C(F)(F)F)c1,8.2,0.6469189623109938,0.8422719270265393,0.3432835820895522
O=CNc1ccc(Oc2ccnc(C(=O)Nc3cccnc3)c2)cc1,9.3,0.6757516269820522,0.8675142227922217,0.6190476190476191
Fc1ccc2cc1C(F)(F)c1ccc(-c3ccccc3)cc1N2,9.3,0.6085182836126553,0.7436962735277767,0.0714285714285714
CC(F)c1cc(NNC(=O)Nc2ccc(-c3cccnc3)c(C(F)(F)F)c2)ccc1-c1cccnc1,9.9,0.1986431551792743,0.7562642534617555,0.3670886075949367
O=C(F)Nc1ccccc1,6.3,0.4685703025409224,0.9119226955220124,0.2096774193548387
Nc1ccc(Cl)c(C(F)(F)C(=O)Nc2ccccc2)c1,8.2,0.8494599185216312,0.865910304008566,0.3142857142857143
O=C(Nc1ccc(Oc2ccnc(C(=O)Nc3ccc(NC(=O)Nc4ccccc4)cc3C(F)(F)F)c2)cc1)Nc1cccc(C(F)(F)F)c1,11.5,0.1032638203850868,0.8110570223144075,0.6231884057971014
FC(F)(F)c1cc(-c2cccnc2)ccc1-c1cccnc1,10.6,0.6771853086664459,0.8813787234383457,0.2835820895522388
O=CC(F)(CC(F)F)c1cc(NC(=O)Nc2ccccc2)ccc1C(=O)Nc1ccccc1,9.7,0.3864704888287791,0.7833733446716449,0.3289473684210526
O=C(Nc1ccccc1)Nc1ccc(-c2cccnc2)c(C(F)NC(=O)Nc2ccccc2)c1,10.6,0.2614301198584268,0.805114191641057,0.3513513513513513
O=C(Nc1ccccc1)OCc1ccc(-c2cccnc2)c(C(F)F)c1,9.8,0.6641092241587707,0.8731243815125848,0.2682926829268293
Fc1cccnc1,4.7,0.4739719611862986,0.9184643878221108,0.1967213114754098
FC(F)(F)c1cc(-c2cccnc2)ccc1-c1cccnc1,10.6,0.6771853086664459,0.8813787234383457,0.2835820895522388
Fc1cc2ccc1-c1ccc(Nc3ccccc3)c-2c1,8.3,0.5215396001716242,0.8032837085803151,0.1184210526315789
CC(F)(F)C(=O)Nc1ccccc1,7.5,0.7519343234958574,0.9100408092175784,0.2307692307692307
FNc1ccc(-c2cccnc2)c(C(F)(F)F)c1,8.3,0.6469189623109938,0.8422719270265393,0.3432835820895522
FCl,1.9,0.3885761943930933,0.6703386072962214,0.0350877192982456
CC(F)(F)c1cc(NCl)ccc1-c1cccnc1,8.1,0.8333934440076309,0.8218900808726932,0.3098591549295774
[N-]=[N+]=Nc1ccccc1C(=O)Nc1ccc(-c2cccnc2)c(C(F)(F)c2ccccc2)c1,11.9,0.196654764250786,0.8184070273444285,0.3176470588235294
CC(F)Nc1ccc(-c2cccnc2)c(C(F)(F)F)c1,8.8,0.6629874756119333,0.7909297452350863,0.3194444444444444
CC1(C(F)C=O)CCN(Cc2cc(NC(=O)Nc3ccc(Oc4ccnc(C(=O)Nc5cccnc5)c4)cc3)ccc2Cl)CC1,8.2,0.161792516249618,0.7253371524111312,0.5783132530120482
O=C(NNc1ccc(-c2cccnc2)c(C(F)(F)F)c1)Nc1ccccc1,10.0,0.5699393728180565,0.8677610736152892,0.4225352112676056
CC(F)(F)c1cc(N)ccc1-c1cccnc1,7.7,0.8081933593410481,0.8574635603737806,0.2328767123287671
O=C(Nc1ccccc1)Nc1ccc(F)c(C(F)F)c1,9.0,0.8587960098982017,0.902638415896678,0.2794117647058823
O=CC(F)(F)c1cc(NC(=O)c2cc(Oc3ccc(NC(=O)Nc4ccc(Cl)c(C(F)F)c4)cc3)ccn2)ccc1-c1cccnc1,10.3,0.1014810733404301,0.7710542865806647,0.6363636363636364
c1ccc(-c2cccnc2)cc1,8.0,0.6166619296375706,0.9645039290743428,0.1746031746031746
NC(=O)Nc1cccc(C(F)(F)c2cc(NC(N)=O)ccc2-c2cccnc2)c1,11.3,0.5224174733846667,0.8345200419582304,0.3466666666666667
Clc1cccnc1,4.6,0.4994929876185536,0.9252520801298032,0.2166666666666666
Nc1ccc(NC=O)cc1C(F)(F)OC(=O)Nc1ccccc1,8.8,0.5823852819618769,0.8364374878319671,0.2564102564102564
NC(=O)Nc1ccccc1,6.3,0.5979442528752776,0.9656661021154191,0.1904761904761904
O=C(F)Nc1ccccc1,6.3,0.4685703025409224,0.9119226955220124,0.2096774193548387
CC(O)(F)c1cc(Nc2cc(NC(=O)Nc3ccccc3)ccc2-c2cccnc2)ccc1-c1cccnc1,11.1,0.1803961887317466,0.7746287491012469,0.3947368421052631
FC(F)(F)c1cc(-c2ccccc2)ccc1-c1cccnc1,10.8,0.6141900357210307,0.9041635830232052,0.2753623188405797
O=CC(F)(F)c1cc(NC(=O)Nc2ccccc2)ccc1-c1ccc(NC(=O)Nc2ccccc2)cc1C(F)F,7.8,0.1327061083169307,0.8106768167685521,0.3066666666666666
O=C(NF)Nc1ccccc1,6.8,0.5935802360925356,0.8866401611448074,0.2622950819672131
O=C(NC(=O)Nc1ccccc1)Nc1ccccc1,8.1,0.7714769573834082,0.9430069316829792,0.2295081967213114
C[C@@H]1C[NH+](C(F)(F)Cc2ccccc2)CN1c1cccnc1,8.6,0.8718255107306938,0.6630640981701191,0.1647058823529411
CC(F)(F)NC(=O)Nc1ccc(-c2cccnc2)c(C(F)(F)c2ccncc2)c1,10.5,0.463677061006242,0.7981622072003955,0.3506493506493506
O=Cc1cc(Oc2ccc(NC(=O)Nc3ccc(-c4cc(NC(=O)Nc5ccccc5)ccc4-c4cccnc4)c(C(F)(F)F)c3)cc2)ccn1,8.1,0.1117983258091057,0.7883559224080885,0.5526315789473685
CCC(F)(F)c1cc(NC(=O)Nc2ccc(Oc3ccnc(C(=O)NC(=O)Nc4ccccc4)c3)cc2)ccc1Cl,10.2,0.1708708145095916,0.8195882338501705,0.6428571428571429
CC(F)(F)C(=O)Nc1ccccc1,7.5,0.7519343234958574,0.9100408092175784,0.2307692307692307
O=CC(F)(F)c1ccccc1C(=O)Nc1ccccc1,8.8,0.8706586447783231,0.87580132798459,0.2571428571428571
CC(F)(F)c1ccc(-c2cccnc2)c(C(F)C=O)c1,8.7,0.7895657267265025,0.7521498850952262,0.2125
FNc1ccccc1,5.7,0.5462052322543244,0.8807265734804308,0.1290322580645161
C[C@@H](OC(F)(F)c1cc(Nc2ccccc2)ccc1-c1cccnc1)C(=O)[O-],9.4,0.6734858189946572,0.7602273934650291,0.3048780487804878
FC(F)(F)c1cc(-c2cccnc2)ccc1-c1cccnc1,10.6,0.6771853086664459,0.8813787234383457,0.2835820895522388
CC(F)(F)c1cc(NC(=O)c2ccc(-c3cccnc3)c(C(F)(F)c3ccccc3)c2)ccc1-c1cccnc1,11.9,0.2109112462106145,0.8078986205973891,0.3375
O=C(Nc1ccccc1)Nc1ccc(-c2cccnc2)c(C(F)(c2cccnc2)c2ccc3[nH]ncc3c2)c1,10.3,0.2246837982297266,0.7549780017723925,0.369047619047619
NC(=O)NC(=O)Nc1ccc(OCc2ccccc2)c(C(F)(F)F)c1,10.5,0.7854120094246374,0.8869387886968353,0.3333333333333333
O=C(Nc1ccccc1)Nc1ccc(-c2cccnc2)c(C(=O)C(F)F)c1,10.0,0.6340265437563859,0.8674006340548497,0.3561643835616438
O=C(Nc1ccccc1)Nc1ccc(-c2cccnc2)c(-c2ccc(-c3cccnc3)c(C(F)(F)F)c2)c1,11.0,0.2507905828906765,0.8455885600117983,0.4366197183098591
O=C(Nc1ccccc1)Nc1cccnc1,7.7,0.8054091984666042,0.945007943546494,0.4137931034482758
c1ccc(-c2cccnc2)cc1,8.0,0.6166619296375706,0.9645039290743428,0.1746031746031746
O=C(Nc1ccc(Oc2ccnc(C(=O)Nc3cccnc3)c2)cc1)Nc1ccc(-c2c(F)cccc2Cl)c(C(F)(F)F)c1,11.2,0.1577871639614225,0.8136879535675747,0.7681159420289855
CC(F)(F)c1cc2ccc1c1ccc(cc1)c1ccc(cc1C(F)(F)F)[nH]c(=O)[nH][nH]2,8.5,0.3028562429252601,0.568801596118327,0.1341463414634146
c1cncc(-c2cccnc2)c1,7.2,0.6317729528591786,0.9246304248008386,0.1833333333333333
CC(F)(F)c1cc(NC(F)(F)c2cc(NC=O)ccc2C(=O)c2ccnc(C(=O)Nc3cccnc3)c2)ccc1-c1cccnc1,11.3,0.0631379737756428,0.744540337737251,0.3932584269662921
FC(F)(F)c1ccccc1-c1cccnc1,8.5,0.7166892473597637,0.9118915369271084,0.2769230769230769
CCC(F)(F)c1cc(NC(=O)Nc2ccccc2)ccc1-c1cccnc1,9.9,0.5902650245696368,0.8657241105783261,0.4166666666666667
Nc1ccc2cc1Nc1ccc(-c3cccnc3)c(c1)C2=O,8.4,0.5246326670121738,0.6981130504574684,0.1686746987951807
O=CC(F)(F)c1ccccc1NC(=O)Nc1ccccc1,9.0,0.8448412758627808,0.8699173030752608,0.2714285714285714
C[NH+](C(F)F)C(c1cccnc1)c1cccnc1,7.5,0.8290913995305924,0.6914594329726539,0.1714285714285714
c1ccc(Nc2ccccc2)cc1,7.7,0.7258030102508874,0.9906281913519476,0.1147540983606557
CC(F)(F)c1cc(NC(=O)C2CCC2)ccc1-c1cccnc1,10.0,0.8954891929618986,0.8678127282165824,0.3205128205128205
O=CC(F)(F)c1cc2ccc1C(=O)C(F)(F)c1cc(NC(=O)Nc3ccccc3)ccc1-2,10.0,0.4094519436582607,0.7172958814930378,0.2650602409638554
FC(F)c1cc(Nc2cccnc2)ccc1-c1cccnc1,9.7,0.7495502078615364,0.8575675703553175,0.2602739726027397
c1ccc(Cc2cccnc2)cc1,8.0,0.6731432607352005,0.9518481803080264,0.1846153846153846
N#CCCCC(F)(F)c1cc(NC(=O)O)ccc1-c1cccnc1,8.7,0.7559886441798436,0.8177847720021296,0.3086419753086419
NC(=O)Nc1ccc(-c2cccnc2)c(N)c1,8.4,0.6840988196706607,0.8874633285134423,0.2816901408450704
CC(F)(F)c1cc(NNC(=O)c2cc(Oc3ccc(NC(=O)Nc4ccc(Cl)c(C(F)F)c4)cc3)ccn2)ccc1-c1cccnc1,10.6,0.0874299079170043,0.7748737197790452,0.5925925925925926
FC(F)(F)c1cc2ccc1o2,6.4,0.577021819936094,0.7087182311383085,0.1492537313432835
FNc1ccc(-c2cccnc2)c(C(F)(F)F)c1,8.3,0.6469189623109938,0.8422719270265393,0.3432835820895522
FCl,1.9,0.3885761943930933,0.6703386072962214,0.0350877192982456
O=CCc1ccc(NC(=O)Nc2ccccc2)cc1-c1cccnc1,9.0,0.6904710257900404,0.87494035556356,0.3378378378378378
FC(F)(F)c1cc(NCl)ccc1-c1cccnc1,8.4,0.8230891370373918,0.8447676193342316,0.3582089552238806
O=C(Nc1ccc(Oc2ccnc(C(=O)Nc3cccnc3)c2)cc1)Nc1ccc(Cl)c(C(=O)[O-])c1,9.5,0.3433247924898466,0.8276332943679893,0.734375
O=C(Nc1ccccc1)Nc1ccccc1,8.3,0.7871951869249774,0.9782079435464937,0.2586206896551724
CC(F)(CC(=[NH2+])O)c1cc(Nc2cccnc2)ccc1-c1cccnc1,9.3,0.4704047161150441,0.736170394653677,0.2911392405063291
CC(F)(F)c1ccc(-c2cccnc2)cc1,9.3,0.7469119292329993,0.9007212805168522,0.2028985507246377
FNc1ccccc1,5.7,0.5462052322543244,0.8807265734804308,0.1290322580645161
O=C(Nc1ccc(Oc2ccnc(C(=O)Nc3cccnc3)c2)cc1)Nc1ccc(Cl)c(C(F)c2cccnc2)c1,9.8,0.1810381103067408,0.7624531485889797,0.7058823529411765
CC(F)(CCCc1ccccc1)c1cc(NC(=O)c2ccccc2C(F)(F)C=O)ccc1-c1cccnc1,9.2,0.2221304260794978,0.7497650356853529,0.2967032967032967
CC(F)c1cc(NC(=O)C(=O)Nc2ccccc2)ccc1-c1cccnc1,9.4,0.6768860357834459,0.8192407745820692,0.3026315789473684
CC(F)(F)c1ccccc1-c1cccnc1,8.2,0.7469119292329993,0.8852081181236895,0.2318840579710145
NC(=O)C(=O)Nc1ccc(Cc2ccccc2)c(C(=O)[O-])c1,10.1,0.77711337173132,0.850145127889996,0.1604938271604938
O=C(CNN1c2ccc(-c3cccnc3)c(c2)C1(F)F)Nc1ccccc1,8.7,0.6753391747665873,0.7327124515746043,0.2470588235294117
O=C(NCl)Nc1ccccc1,6.9,0.6219764227290644,0.8933652231795468,0.2419354838709677
CC1=NC(c2cccnc2)N1Cc1ccccc1,8.9,0.8205727048976135,0.803661112018728,0.1518987341772152
CC(F)(F)c1cc(NNC(=O)c2cc(Oc3ccc(NC(=O)Nc4ccc(Cl)c(C(F)(F)F)c4)cc3)ccn2)ccc1-c1cccnc1,10.8,0.0910216374370926,0.780720154134822,0.7123287671232876
FC(F)(F)c1cc(-c2cccnc2)ccc1-c1cccnc1,10.6,0.6771853086664459,0.8813787234383457,0.2835820895522388
CC(C)(C)C(Nc1cccnc1)c1cccnc1,8.3,0.8904429912186627,0.8104398251295167,0.2463768115942029
CC[NH+](CC(c1ccccc1)c1cccnc1)C(F)F,9.0,0.8022136060695029,0.6855887221881197,0.1538461538461538
O=C(Nc1ccccc1)Nc1ccc(-c2cccnc2)c(C(F)F)c1,9.8,0.674817457877884,0.8823628968350739,0.3661971830985915
Fc1cccnc1,4.7,0.4739719611862986,0.9184643878221108,0.1967213114754098
CC(F)(F)Nc1ccccc1,6.5,0.6506141225987991,0.8706220139156924,0.1538461538461538
O=C(Nc1ccc(Oc2ccncc2)cc1)c1ccc2ccccc2c1,10.5,0.5497629856009146,0.9146478500440534,0.3676470588235294
c1ccc(Cc2ccc3ooc3c2)cc1,9.0,0.5876959363082791,0.8438241833807614,0.0675675675675675
O=CCC(F)(F)c1cc(NC(=O)Nc2ccc(O)cc2)ccc1NC(=O)Nc1ccccc1,10.2,0.243798733050421,0.8393607550881053,0.3066666666666666
CC(F)(F)c1cc(NF)ccc1-c1cccnc1,7.9,0.8296087316056485,0.8193943885650009,0.2957746478873239
CC(F)(F)NC(=O)Nc1ccccc1,7.7,0.7070155968515062,0.8835281130607476,0.2615384615384615
O=C(Nc1ccccc1)Nc1ccccc1,8.4,0.7871951869249774,0.9782079435464937,0.2586206896551724
C#CCC(F)(F)c1cc(NC(=O)Nc2ccccc2)ccc1F,8.6,0.7957620772449424,0.8476559974473518,0.3150684931506849
FC(F)c1cc(-c2cccnc2)ccc1-c1cccnc1,10.2,0.6925538214803975,0.8674822206805786,0.2112676056338028
O=CC(F)c1cc(-c2ccccc2)ccc1-c1cccnc1,9.6,0.6561726699049608,0.8064915614070127,0.2077922077922078
CC([NH2+])(F)c1cc(NC(=O)C(=O)Nc2ccccc2)ccc1-c1cccnc1,9.0,0.4806784755894028,0.7898904898623026,0.3648648648648648
O=C(Nc1ccccc1)c1ccccc1,8.9,0.7874913866928777,0.9936167164032946,0.2258064516129032
CC(F)(F)NC(=O)Nc1ccccc1,7.7,0.7070155968515062,0.8835281130607476,0.2615384615384615
CC(F)(CCC(=O)C(F)(F)c1cc(NC(=O)Nc2ccc(Oc3ccnc(C=O)c3)cc2)ccc1Cl)c1cc(N)ccc1-c1cccnc1,10.8,0.0879709494521345,0.6900483466380491,0.4835164835164835
O=C(Nc1ccccc1)Nc1cccc(C(F)(F)F)c1,9.0,0.8432565857911865,0.9363156136988758,0.328125
O=CC(F)c1cc(C(=O)Nc2ccccc2)ccc1-c1cccnc1,9.8,0.7111212992366136,0.80955721374147,0.2911392405063291
O=C(Nc1cccnc1)Nc1ccc(-c2cccnc2)c(C(F)(F)c2ccc(F)cc2)c1,11.6,0.4008528926589625,0.842336859540548,0.4305555555555556
CC(F)(F)c1cc(NNC(=O)Nc2ccc(-c3cccnc3)c(C(F)(F)F)c2)ccc1-c1cccnc1,9.6,0.1900307751095627,0.8043280679548135,0.3918918918918919
FNc1ccc(-c2cccnc2)c(C(F)(F)F)c1,8.3,0.6469189623109938,0.8422719270265393,0.3432835820895522
CC(F)(F)c1cc(NCl)ccc1-c1cccnc1,8.0,0.8333934440076309,0.8218900808726932,0.3098591549295774
O=C(Nc1ccccc1)NC(F)Cc1cccnc1,8.3,0.8294117315325449,0.8295539253570519,0.323943661971831
O=C(Nc1ccccc1)Nc1ccc(-c2cccnc2)c(C(F)(F)C(=O)Nc2cccc(N3CCN(C(F)F)CC3)c2)c1,10.9,0.1613284433195291,0.7951362979588598,0.3409090909090909
O=C(Nc1ccccc1)Nc1cccnc1,7.7,0.8054091984666042,0.945007943546494,0.4137931034482758
O=C(Nc1ccccc1)c1cccnc1,8.2,0.8042302799124038,0.9601404926270708,0.3333333333333333
O=C(NC(=O)Nc1ccccc1)Nc1ccccc1,8.6,0.7714769573834082,0.9430069316829792,0.2295081967213114
FC(F)(F)c1cc(NCl)ccc1-c1cccnc1,8.3,0.8230891370373918,0.8447676193342316,0.3582089552238806
Nc1ccc(Cl)c(C(F)(F)OC(F)(F)F)c1,7.6,0.6530550734788226,0.8003255915445775,0.2028985507246377
O=CC(F)(F)c1cc(Cl)ccc1-c1cccnc1,8.1,0.7940164379599214,0.8288651577957702,0.273972602739726
NC(=O)Nc1ccc(Oc2ccnc(C(=O)NNc3ccc(-c4cccnc4)c(C(F)(F)CCCc4ccc(Cl)cc4)c3)c2)cc1,9.8,0.1021642621604099,0.7849224948109467,0.4719101123595505
Fc1cccnc1,4.7,0.4739719611862986,0.9184643878221108,0.1967213114754098
Fc1cccnc1,4.6,0.4739719611862986,0.9184643878221108,0.1967213114754098
O=C(Nc1ccc(Cl)cc1)Nc1ccc(Oc2ccnc(C(=O)NNc3ccc(-c4cccnc4)c(C(F)(F)C4CC4)c3)c2)cc1,12.1,0.1137566245165623,0.7880143363027882,0.5625
NN=C=CC(=O)C(F)(C=O)c1cc(C(F)(F)c2ccccc2Cl)ccc1-c1cccnc1,9.7,0.1405124368046583,0.6751005868620188,0.2584269662921348
O=C(Nc1ccccc1)Nc1ccc(-c2cccnc2)c(C(F)(F)C(=O)Nc2ccc(-c3cccnc3)c(C3(F)[C@H]4C[C@@H]3C4)c2)c1,11.0,0.1625902604952602,0.6925314252491003,0.3571428571428571
Clc1cccnc1,4.6,0.4994929876185536,0.9252520801298032,0.2166666666666666
ClNc1ccccc1,5.7,0.5709518765410571,0.89199480090518,0.1290322580645161
COCCCOC(F)(c1cc(NC(=O)Nc2ccccc2)ccc1-c1cccnc1)C(F)c1cc(NC(=O)Nc2ccc(Oc3ccnc(C(=O)Nc4cccnc4)c3)cc2)ccc1Cl,6.3,0.0556497950973327,0.640007448442453,0.6046511627906976
O=C(Nc1ccccc1)Nc1ccc(Cl)c(C(F)(F)F)c1,9.1,0.8040902981950878,0.9211305791621196,0.5344827586206896
CN(C)C(C)(F)c1cc(Nc2cccnc2)ccc1-c1cccnc1,8.8,0.691929230251642,0.7794386631215109,0.3066666666666666
NCCCc1ccc(-c2cccnc2)c(C(F)(F)c2cccnc2)c1,9.1,0.7330148615480983,0.8309205891427663,0.2073170731707317
O=C(NNc1ccc(-c2cccnc2)c(C(F)(F)F)c1)Nc1ccc(-c2cccnc2)c(C(F)F)c1,9.6,0.1988937457785342,0.8073637399741629,0.3766233766233766
O=C(Nc1ccccc1)C(=O)Nc1ccccc1,8.2,0.7909393353332632,0.9644325624106777,0.1967213114754098
CN(C)C(F)c1cc(NC(=O)Nc2ccccc2)ccc1-c1cccnc1,9.5,0.6317781607703192,0.8050809344222292,0.3421052631578947
FNc1ccc(-c2cccnc2)c(C(F)(F)F)c1,8.3,0.6469189623109938,0.8422719270265393,0.3432835820895522
O=C(NC(=O)c1cc(O)ccn1)Nc1ccccc1,8.4,0.7638881411984131,0.8856851601212075,0.3432835820895522
O=C(Nc1ccc(Oc2ccnc(C(=O)Nc3cccnc3)c2)cc1)Nc1ccc(Nc2ccc(-c3cccnc3)c(C(F)(F)F)c2)c(-c2cccc(Br)c2)c1,7.9,0.1081087760468208,0.7689210689853727,0.6455696202531646
O=C(Nc1ccccc1)Nc1cccnc1,7.7,0.8054091984666042,0.945007943546494,0.4137931034482758
NC(=O)Nc1ccc(Cl)c(C(F)(F)Nc2ccc(-c3ccccc3)cc2)c1,10.8,0.4943739272848062,0.8555669309158834,0.3150684931506849
CC(F)(F)c1cc(NF)ccc1-c1cccnc1,7.9,0.8296087316056485,0.8193943885650009,0.2957746478873239
NC(=O)Nc1ccc(-c2cccnc2)c(C(F)F)c1,9.0,0.8925335379586856,0.8617376032755373,0.2837837837837837
O=CNc1ccc(C(F)(F)c2cc(NC(=O)Nc3ccccc3)ccc2-c2cccnc2)c(C2(C=O)CC2=O)c1,10.4,0.1912024090653347,0.7157161775445496,0.3409090909090909
NC(=O)Nc1ccc(-c2cccnc2)c(C(F)(F)C(F)(F)c2cc(NC(=O)Nc3ccc(CNc4ccccc4)cc3)ccc2Cl)c1,10.0,0.095829208099221,0.7924438759386749,0.4268292682926829
O=C(Nc1ccc(-c2cccnc2)cc1)Nc1ccc(Cl)c(C(F)(F)Nc2ccc(-c3cccnc3)c(C3(F)CC3)c2)c1,11.3,0.1553459626531792,0.7760646281652385,0.419753086419753
FC(F)(F)c1cc(-c2cccnc2)ccc1-c1cccnc1,10.6,0.6771853086664459,0.8813787234383457,0.2835820895522388
NC(=O)Nc1ccc(Oc2ccnc(C(N)=O)c2)cc1,9.0,0.7796886078141675,0.889960119193381,0.421875
O=C1Nc2ccc(-c3cccnc3)c(c2)C(F)(F)O1,7.6,0.8568434720332254,0.7022935710760172,0.1875
CC(F)(F)c1cc(NNC(=O)c2cc(Oc3ccc(NC(=O)Nc4ccc(C(F)F)c(C(F)(F)F)c4)cc3)ccn2)ccc1-c1cccnc1,10.8,0.0853297028765215,0.7595829852167533,0.5679012345679012
FC(F)(F)Oc1ccc(-c2cccnc2)c(C(F)(F)F)c1,9.0,0.7524524788537044,0.867618815003713,0.3188405797101449
CC(F)(F)Cl,3.6,0.4076457672724475,0.8380876156431734,0.0666666666666666
FC(F)(F)c1cc(Cl)ccc1-c1cccnc1,8.3,0.7368399646842473,0.8957545587371195,0.3134328358208955
c1ccc(Nc2cccnc2)cc1,7.5,0.749178891348407,0.944622933759703,0.2419354838709677
O=C(Nc1ccccc1)Nc1ccccc1,8.4,0.7871951869249774,0.9782079435464937,0.2586206896551724
O=C(Nc1ccc(Oc2ccnc(C(=O)Nc3ccc(NC(=O)Nc4ccccc4)cc3C(F)(F)F)c2)cc1)Nc1ccc(Cl)c(C(F)F)c1,11.4,0.0971400138382146,0.7978303992920398,0.647887323943662
O=C(Nc1ccccc1)C(=O)Nc1ccccc1,8.2,0.7909393353332632,0.9644325624106777,0.1967213114754098
O=CC(F)c1cc(C(=O)Nc2ccccc2)ccc1-c1cccnc1,9.7,0.7111212992366136,0.80955721374147,0.2911392405063291
Nc1ccc(OC(F)F)cc1C(F)(F)F,7.0,0.6223295965488285,0.8632020400540026,0.2028985507246377
O=C(Nc1ccccc1)Nc1ccccc1,8.4,0.7871951869249774,0.9782079435464937,0.2586206896551724
O=C(Nc1ccccc1)Nc1ccc(C(F)(F)c2ccccc2Cl)c(C(F)(F)C2CCCC2)c1,10.6,0.334469742832822,0.8120670046880407,0.3552631578947368
O=C(Nc1ccccc1)Nc1ccc(-c2cccnc2)c(C(F)(F)C(=O)Nc2ccccc2)c1,10.9,0.3253674644871278,0.8547330793871514,0.4285714285714285
O=C(Nc1ccc(Oc2ccnc(C(=O)Nc3cccnc3)c2)cc1)Nc1ccc(-c2cccnc2)c(C(F)(F)c2ccccc2)c1,10.5,0.1480955940908408,0.8001383974755323,0.7
O=C(Nc1ccccc1)Nc1ccc(-c2cccnc2)c(-c2ccc(Cl)c(Cl)c2)c1,10.7,0.3524602536083216,0.8899610638543183,0.4084507042253521
O=C(NC(=O)Nc1ccccc1)Nc1ccccc1,8.3,0.7714769573834082,0.9430069316829792,0.2295081967213114
NC(=O)c1cc(Oc2ccc(NC(=O)Nc3ccc(-c4ccccc4-c4cccnc4)c(C(F)(F)c4ccc(F)c(-c5cccnc5)c4)c3)cc2)ccn1,9.7,0.1288417067703349,0.7648980247828433,0.5060240963855421
Nc1ccc(-c2cccnc2)c(C(F)F)c1,8.3,0.7886644580549784,0.8633264087219802,0.1891891891891892
O=C(Nc1ccc(Oc2ccnc(C(=O)Nc3cccnc3)c2)cc1)Nc1ccc(NC(=O)Nc2ccccc2)c(N(F)F)c1,7.5,0.10929202093849,0.8020043165530052,0.6617647058823529
CC(C(N)=O)(c1ccccc1)c1cccnc1,6.6,0.8682215748609214,0.8129455727702659,0.2112676056338028
Clc1cccnc1,4.6,0.4994929876185536,0.9252520801298032,0.2166666666666666
CC(F)(F)c1cc(Nc2ccc(NC(=O)Nc3ccccc3)cc2C(F)F)ccc1-c1cccnc1,10.3,0.227017687516014,0.8254647957811012,0.3658536585365853
O=CC(F)(F)c1cc(NC(=O)Nc2ccccc2)ccc1C(=O)Nc1ccc(-c2cccnc2)c(C(F)F)c1,8.7,0.1689686057350246,0.8034446231788913,0.3950617283950617
FC1c2ccc(c(-c3cccnc3)c2)Oc2ccc(-c3cccnc3)c1c2,8.9,0.4443654849684251,0.5969513040525987,0.1707317073170731
O=C(NCl)Nc1ccccc1,6.9,0.6219764227290644,0.8933652231795468,0.2419354838709677
O=C(NOC1(F)c2cc(ccc2-c2cccnc2)CCc2ccc(cc2)NC(=O)Nc2ccc(Cl)c(c2)C1(F)F)Nc1ccccc1,11.3,0.1450334922236318,0.4728529374578614,0.3052631578947368
Cc1ccc(C(=O)Nc2ccccc2)c(C(F)(F)F)c1,9.0,0.8736751898779165,0.9249891851274472,0.3043478260869565
O=CC(F)(F)c1cc(-c2ccc(CCO)cc2C(F)(F)F)ccc1CNC(=O)O,9.7,0.4702033705046262,0.7924714847224936,0.1538461538461538
NC(=O)Nc1ccc(-c2ccccc2)cc1,9.3,0.7896981073305545,0.9586391326164432,0.1791044776119403
O=C(Cl)Nc1ccccc1,6.6,0.490010380355871,0.9127485196978368,0.2096774193548387
O=C(NC(=O)Nc1ccc(-c2cccnc2)c(C(F)F)c1)Nc1ccccc1,10.3,0.5911044985265024,0.8611542258067126,0.3378378378378378
O=C(Nc1ccccc1)Nc1ccc(Cl)c(C(F)(F)F)c1,9.0,0.8040902981950878,0.9211305791621196,0.5344827586206896
Nc1ccc(Oc2ccnc(C(=O)NC(F)(F)c3cc(NC(=O)Nc4ccccc4)ccc3-c3cccnc3)c2)cc1,12.1,0.1230001993889421,0.803711019087454,0.6301369863013698
Nc1ccc(-c2cccnc2)c(-c2ccncc2)c1,8.8,0.7060452390777066,0.8905276509636985,0.1944444444444444
O=CNc1ccc(Cl)c(C(F)(F)Nc2ccc(-c3cccnc3)c(C(F)(F)F)c2)c1,10.4,0.273875060512962,0.793279962792245,0.3815789473684211
CC(F)(F)c1cc(NF)ccc1-c1cccnc1,7.9,0.8296087316056485,0.8193943885650009,0.2957746478873239
O=CC(F)(F)c1cc(NC(=O)c2ccccc2)ccc1C(=O)Nc1ccccc1,9.8,0.6054732741863853,0.8713245563538017,0.3055555555555556
Nc1ccc(-c2cccnc2)c(C(F)(F)c2ccc(Cl)cc2)c1,8.4,0.6764900343766059,0.854433016678121,0.2467532467532467
Nc1ccc(Nc2ccc(-c3cccnc3)c(C(F)(F)F)c2)cc1,9.5,0.6578610613505166,0.8785161389231804,0.3194444444444444
O=C(Nc1ccccc1)c1cccnc1,8.2,0.8042302799124038,0.9601404926270708,0.3333333333333333
O=C(NC(=O)Nc1ccccc1)Nc1ccccc1,8.6,0.7714769573834082,0.9430069316829792,0.2295081967213114
FF,1.9,0.3741821364263268,0.6703027098603241,0.0175438596491228
O=CC(F)(F)c1cc(Cl)ccc1-c1cccnc1,8.1,0.7940164379599214,0.8288651577957702,0.273972602739726
Fc1cccnc1,4.6,0.4739719611862986,0.9184643878221108,0.1967213114754098
Nc1ccc(-c2cccnc2)c(C(F)(F)C(=O)Nc2ccccc2)c1,8.6,0.7044290529894234,0.8536911651629902,0.3157894736842105
c1cncc(Nc2ccc3c(c2)N3)c1,7.7,0.6003350844801537,0.8804978836410444,0.25
O=C(Nc1ccc(Oc2ccnc(C(=O)Nc3cccnc3)c2)cc1)Nc1ccc(C(F)(F)c2cc(NC(=O)Nc3ccc(Oc4ccnc(C(=O)Nc5cccnc5)c4)cc3)ccc2Cl)c(C(F)F)c1,8.8,0.05351591180352,0.7005108586621439,0.7794117647058824
O=C(Nc1ccc(Oc2ccnc(C(=O)Nc3cccnc3)c2)cc1)Nc1ccc(Nc2ccc(-c3cccnc3)c(C(F)(F)F)c2)c(C(F)F)c1,8.2,0.1041197558369442,0.773372066602033,0.6710526315789473
O=C1Nc2ccc(cc2)-c2ccc(cc2)C(F)(F)OC(=O)NC(F)(F)c2cc(ccc2Cl)N1,8.6,0.2545699131887171,0.5468958456540958,0.1264367816091954
O=CC(F)(F)c1cc(OC(F)(F)F)ccc1-c1cccnc1,8.6,0.6332457062558201,0.8120110799707023,0.28
CCC(=O)Nc1ccc(-c2cccnc2)c(C(F)(F)F)c1,9.1,0.9250104751698692,0.8879419849976633,0.380281690140845
O=Cc1ccc(NC(=O)Nc2ccccc2)cc1C(F)(F)c1ccccc1,10.6,0.6034621772761075,0.8672667679209835,0.323943661971831
NCCOc1cc(NC(=O)NC(=O)Nc2ccccc2)ccc1-c1cccnc1,9.2,0.5132674720087673,0.8697281344829898,0.3333333333333333
CC(F)(F)c1cc(NF)ccc1-c1cccnc1,7.9,0.8296087316056485,0.8193943885650009,0.2957746478873239
NNc1ccc(-c2cccnc2)c(CC(=O)c2cc(Oc3ccc(NC(=O)Nc4ccc(Cl)c(O)c4)cc3)ccn2)c1,9.8,0.0737879206788114,0.8039468741414909,0.5061728395061729
CC(F)(F)c1cc(NC(F)F)ccc1-c1cccnc1,8.6,0.660415948062982,0.8194700242882862,0.2837837837837837
O=C(Nc1ccccc1)c1cccnc1,8.2,0.8042302799124038,0.9601404926270708,0.3333333333333333
O=C(Nc1ccccc1)Nc1ccc(Nc2ccc(-c3cccnc3)c(C(F)(F)F)c2)c(C(F)F)c1,10.3,0.2354626008267523,0.8366792754191104,0.4102564102564102
Clc1ccccc1,5.4,0.4833833263681997,1.0,0.0983606557377049
O=C(Nc1ccccc1)Nc1ccc(-c2cccnc2)c(F)c1,9.3,0.7465470166247647,0.9175447962418408,0.3823529411764705
O=C(F)Nc1ccccc1,6.3,0.4685703025409224,0.9119226955220124,0.2096774193548387
O=C(NC(=O)Nc1ccccc1)Nc1ccccc1,8.2,0.7714769573834082,0.9430069316829792,0.2295081967213114
Nc1ccc(-c2cccnc2)c(C(N)(F)F)c1,8.0,0.6198797506196526,0.8343922019449754,0.2535211267605634
O=CC(F)(F)c1cc(O)ccc1Cl,6.7,0.7544920351567952,0.7955316818743337,0.2205882352941176
Nc1ccc(NC(=O)Nc2ccc(-c3cccnc3)c(C(F)(F)F)c2)c(C(F)(F)F)c1,9.5,0.3446249686422519,0.8456256820029514,0.4054054054054054
Nc1ccc(CCC(=O)Nc2ccc(Nc3ccc(-c4cccnc4)c(C(F)(F)F)c3)c(C(F)(F)C3CCNCC3)c2)cc1,10.3,0.1150617164257856,0.7775745997214208,0.2727272727272727
NC(=O)NC(F)(F)c1cc(NC(=O)Nc2ccccc2)ccc1-c1cccnc1,10.1,0.4864975281970911,0.8397179897496743,0.410958904109589
O=C1NOC(F)(F)c2cc(ccc2-c2cccc(Cl)c2)NC(=O)Nc2ccc(cc2)Oc2ccnc(c2)C(=O)NC(F)(F)c2cc(ccc2-c2cccnc2)N1,9.8,0.0865523184656313,0.4340191000141136,0.1869158878504672
NC(=O)Nc1ccccc1,6.3,0.5979442528752776,0.9656661021154191,0.1904761904761904
FC(F)(F)c1cc(-c2ccccc2)ccc1-c1cccnc1,10.7,0.6141900357210307,0.9041635830232052,0.2753623188405797
FOc1cc(-c2cccnc2)ccc1-c1cccnc1,9.6,0.7162722504553541,0.8603111668745136,0.2112676056338028
CC(F)c1cc(Nc2ccc(NC(=O)Nc3ccccc3)cc2C(F)(F)C=O)ccc1-c1cccnc1,9.9,0.2176129148749438,0.7506334292868693,0.3488372093023256
FC(F)(F)C(F)(F)c1cc(Nc2cccnc2)ccc1-c1cccnc1,9.7,0.6169589202926468,0.836824495316589,0.323943661971831
Nc1ccc(Cl)c(C(F)(F)Nc2ccc(-c3cccnc3)c(C(F)(F)F)c2)c1,10.0,0.3055693688658806,0.8076335939385808,0.3783783783783784
Nc1ccc(Cl)c(C(F)(F)c2cc(OC(=O)Oc3ccccc3)ccc2-c2cccnc2)c1,10.6,0.201033510942028,0.8200321733518366,0.3292682926829268
O=C(c1cccnc1)C(F)(F)F,6.3,0.60914917960161,0.8699615679632318,0.265625
O=C(Nc1ccccc1)Nc1ccccc1,8.3,0.7871951869249774,0.9782079435464937,0.2586206896551724
O=C(Nc1ccccc1)Nc1ccc(O)c(C(F)(F)F)c1,9.5,0.7319327580529098,0.9096536560851964,0.3968253968253968
CC(F)(C(F)F)C(F)(F)c1cc(NC(=O)Nc2ccccc2)ccc1-c1cccnc1,9.8,0.4357524070619463,0.77868197436739,0.4
O=C(NNC(=O)Nc1ccccc1)Nc1ccccc1,8.3,0.6323912972073077,0.934457263475561,0.2295081967213114
O=C(Nc1ccccc1)c1cccnc1,8.2,0.8042302799124038,0.9601404926270708,0.3333333333333333
O=C1Nc2ccc(cc2)Oc2cc(ccn2)-c2ccc(cc2)C(=O)c2ccc(cc2C(F)(F)F)N1,9.2,0.2949186945658411,0.5503778811271729,0.1818181818181818
O=CNc1ccc(-c2cccnc2)c(CCCCO)c1,8.4,0.6002862101463848,0.8576036678860677,0.2098765432098765
CC(F)c1cc(NNC(=O)Nc2ccc(-c3cccnc3)c(C(F)(F)F)c2)ccc1-c1cccnc1,10.0,0.1986431551792743,0.7562642534617555,0.3670886075949367
C#CC(CC(F)(F)Cl)Oc1cccnc1,6.9,0.5872099349578356,0.7067064646398779,0.2266666666666666
O=C(Nc1ccccc1)Nc1ccc(-c2cccnc2)c(C(F)(F)N2CCN3CCCC3C2)c1,11.1,0.50947950139914,0.7717174550443205,0.3488372093023256
O=C(Nc1ccccc1)Nc1ccc2c(c1)C(F)(F)CCC(F)(F)c1cc(ccc1-c1cccnc1)N2,9.3,0.2459734049468033,0.653657944249481,0.3095238095238095
O=C(Nc1ccccc1)c1ccc(-c2cccnc2)c(C(F)F)c1,10.6,0.7384698204625154,0.8906729065800761,0.3066666666666666
O=C(Nc1ccccc1)Nc1ccc(-c2cccnc2)c(Nc2ccc(F)cc2)c1,11.1,0.3708413695993888,0.892348805997233,0.3513513513513513
CC(F)(F)F,3.6,0.4175407165966272,0.8607737694893272,0.0508474576271186
CCC(=O)c1ccc(-c2cccnc2)c(C(=O)Nc2ccccc2)c1,8.5,0.6958919209212824,0.8998680250402022,0.282051282051282
CCC(F)(F)c1cc(N)ccc1-c1cccnc1,8.0,0.8381819455496042,0.8423996193342317,0.2236842105263158
FC(F)c1cc(-c2cc(-c3ccccc3)ccc2Nc2ccccc2)ccc1-c1cccnc1,10.6,0.2807701352627092,0.8560765110982973,0.2195121951219512
CC(F)(F)c1ccccc1,6.8,0.5651790390925818,0.9239757683750854,0.1076923076923077
CC(F)(F)c1cccnc1,6.1,0.586801833066296,0.8607119507112677,0.21875
O=Cc1cc(Oc2ccc(NC(=O)Nc3ccc(Cl)c(C(F)(F)F)c3)cc2)ccn1,8.9,0.4813375708220118,0.8497569145553414,0.640625
CCNC(F)(F)c1cc(NC(=O)Nc2ccc(Oc3ccncc3)cc2)ccc1Cl,8.7,0.4104479015038914,0.8354271688108896,0.5294117647058824
O=C1Nc2ccc(cc2)Oc2ccnc(c2)CCc2ccc(cc2C(F)(F)F)N1,7.7,0.5145908523942283,0.5398747878050982,0.1860465116279069
CC(F)(F)c1ccccc1,6.8,0.5651790390925818,0.9239757683750854,0.1076923076923077
CCCC(=O)c1ccc(NC(=O)Nc2ccc(NC(=O)Nc3ccccc3)c(C(F)(F)F)c2)cc1,9.1,0.2724092773268076,0.8723138395261117,0.3333333333333333
O=CC(F)c1cc(NC(=O)Nc2ccccc2)ccc1-c1cccnc1,9.5,0.6612883555981053,0.8026793565386389,0.3466666666666667
O=C(Nc1ccccc1)c1ccccc1-c1cccnc1,9.1,0.783969990233976,0.9386093247769054,0.3088235294117647
Fc1cccnc1,4.7,0.4739719611862986,0.9184643878221108,0.1967213114754098
CCC(F)(c1cccnc1)c1cc(NC(=O)Nc2ccccc2)ccc1-c1cccnc1,10.0,0.374280435289866,0.7849151034557309,0.3947368421052631
C[C@H](CCC=O)NC(=O)Nc1ccc(-c2cccnc2)c(C(F)(Nc2ccccc2)c2ccc(-c3cccnc3)c(C(F)F)c2)c1,9.5,0.0956635389063038,0.6785816957165465,0.2947368421052631
FC(F)(F)c1ccccc1-c1cccnc1,8.1,0.7166892473597637,0.9118915369271084,0.2769230769230769
FC(F)(F)c1cc2ccc1o2,6.4,0.577021819936094,0.7087182311383085,0.1492537313432835
CC(F)(F)C(=O)Nc1ccccc1,7.5,0.7519343234958574,0.9100408092175784,0.2307692307692307
FC(F)c1cc(Nc2cccnc2)ccc1-c1cccnc1,10.0,0.7495502078615364,0.8575675703553175,0.2602739726027397
c1ccc(Nc2cccnc2)cc1,7.5,0.749178891348407,0.944622933759703,0.2419354838709677
CC(F)c1cc(NC(=O)Cl)ccc1-c1cccnc1,8.3,0.6609234366545249,0.7782557752053167,0.2933333333333333
Nc1ccc(C(=O)Nc2ccccc2)c(C(F)(F)C=O)c1,8.3,0.6715059002396576,0.8523061759790959,0.2533333333333333
O=C(Nc1ccccc1)Nc1ccc(-c2cccnc2)c(C(F)(F)Cl)c1,10.3,0.5778258352764101,0.8721488139450171,0.4558823529411764
O=C(Nc1ccccc1)Nc1ccc(-c2cccnc2)c(OF)c1,9.2,0.7340033050325243,0.8779084918643569,0.3857142857142857
O=C(Nc1ccccc1)Nc1cccnc1,7.7,0.8054091984666042,0.945007943546494,0.4137931034482758
O=C(Cl)Nc1ccccc1,6.6,0.490010380355871,0.9127485196978368,0.2096774193548387
O=C(CCC(=O)c1ccc(-c2cccnc2)c(C(F)(F)F)c1)NC(=O)Nc1ccccc1,10.2,0.5225190408915461,0.8609478405884856,0.3670886075949367
CC(F)(F)c1cc(NC=O)ccc1-c1cccnc1,8.5,0.8575898430334017,0.8379050923901963,0.2972972972972973
O=C(Nc1ccc(Oc2ccnc(C(=O)Nc3cccnc3)c2)cc1)Nc1ccc(Nc2ccc(-c3cccnc3)c(C(F)(F)F)c2)c(C(F)F)c1,10.2,0.1041197558369442,0.773372066602033,0.6710526315789473
NC(=O)NNc1ccc2c(c1)C(F)(F)C2,8.3,0.6485705400793759,0.7793343438977511,0.1428571428571428
CC(C)(CCC(F)F)c1cccnc1,7.1,0.7237651270261327,0.814104631279371,0.1780821917808219
Nc1ccc(-c2cccnc2)c(C2(F)NC(=O)c3ccc(cc3)O2)c1,9.2,0.5566834401833601,0.6534163369469919,0.1704545454545454
CC(F)(F)Nc1ccc(-c2cccnc2)c(C(F)(F)N2CCCCC2=O)c1,9.9,0.5957651045751726,0.7740404315906471,0.2588235294117647
O=C(Nc1ccccc1)Nc1ccccc1,8.3,0.7871951869249774,0.9782079435464937,0.2586206896551724
C=C(Oc1cccnc1)c1cccnc1,7.6,0.7106541175561741,0.8393999331865112,0.2028985507246377
Nc1ccc(-c2cccnc2)c(C(F)(F)F)c1,8.1,0.7735687938023541,0.8818013672477577,0.2753623188405797
O=C(Nc1ccccc1)Nc1ccc(-c2cccnc2)c(-c2ccccc2)c1,10.6,0.4617467576705318,0.910283746195962,0.373134328358209
O=C(Nc1ccccc1)c1ccccc1,8.8,0.7874913866928777,0.9936167164032946,0.2258064516129032
FC(F)(F)c1ccccc1-c1cccnc1,8.6,0.7166892473597637,0.9118915369271084,0.2769230769230769
CC(=O)c1ccc(NC(=O)Nc2ccc(Oc3ccnc(C(=O)Nc4cccnc4)c3)cc2)cc1C(F)(F)c1cccnc1,10.9,0.1579796627304401,0.795514764800786,0.7101449275362319
O=C(NC(=O)Nc1ccccc1)Nc1ccccc1,8.3,0.7714769573834082,0.9430069316829792,0.2295081967213114
O=CC(F)(F)c1cc(NC(=O)Nc2ccccc2)ccc1NC(=O)c1cc(Oc2ccc(NC(=O)Nc3ccc(Cl)c(C(F)F)c3)cc2)ccn1,10.9,0.0677964356105717,0.7707597838244499,0.5714285714285714
O=C(NC(=O)Nc1ccc(-c2cccnc2)c(C(F)F)c1)Nc1ccccc1,9.7,0.5911044985265024,0.8611542258067126,0.3378378378378378
O=C(Nc1ccccc1)Nc1ccc(-c2cccnc2)c(C(F)(F)c2ccc(-c3cccnc3)c(C(F)F)c2)c1,11.9,0.2026332847227357,0.8059997776706742,0.3896103896103896
NC(=O)C(F)(F)c1cc(NC(=O)Nc2ccccc2)ccc1C(=O)c1ccccc1,10.6,0.5334902098053071,0.8633937277421546,0.3194444444444444
c1ccc(Nc2cccnc2)cc1,7.5,0.749178891348407,0.944622933759703,0.2419354838709677
Fc1cccnc1,4.7,0.4739719611862986,0.9184643878221108,0.1967213114754098
O=C(NCl)Nc1ccccc1,6.9,0.6219764227290644,0.8933652231795468,0.2419354838709677
NC(=O)Nc1ccc2cc1C(F)(F)c1cc(-c3ccccc3)ccc1C(=O)N2,9.9,0.6102695795857128,0.7311673945061219,0.1222222222222222
CC(C)(F)c1cc(NC(=O)Nc2ccccc2)ccc1-c1cccnc1,9.7,0.6442474101570731,0.8767246975209007,0.4347826086956521
CC(F)(F)c1cc(Nc2ccc(NC(=O)Nc3ccc(Oc4ccnc(C(=O)Nc5cccnc5)c4)cc3)cc2C(F)F)ccc1-c1cccnc1,10.7,0.0986524696807757,0.7656950402726577,0.6125
CC(F)(F)c1cc(Nc2ccccc2C(F)(F)F)ccc1-c1cccnc1,9.7,0.5160165054894005,0.8498076110778265,0.3026315789473684
FNc1ccc(-c2cccnc2)c(C(F)(F)F)c1,8.3,0.6469189623109938,0.8422719270265393,0.3432835820895522
NOc1ccc(-c2cccnc2)c(OC(F)(F)F)c1,8.2,0.8711198001597935,0.845008430561459,0.2567567567567567
c1cncc(-c2ccc3cc2N2CCN(CC2)N3)c1,7.5,0.8429120838255876,0.6751162255809832,0.1794871794871795
c1cncc(-c2cccnc2)c1,7.2,0.6317729528591786,0.9246304248008386,0.1833333333333333
O=CC(F)(F)c1ccccc1NC(=O)c1cc(Oc2ccc(NC(=O)Nc3ccc(Cl)c(C(F)(F)F)c3)cc2)ccn1,10.4,0.1408154279458351,0.8012442720039237,0.6811594202898551
O=C(Cl)Nc1ccccc1,6.6,0.490010380355871,0.9127485196978368,0.2096774193548387
O=C(Nc1ccccc1)Nc1ccc(NC(=O)c2cc(Oc3ccc(NC(=O)Nc4ccc(Cl)c(C(F)(F)F)c4)cc3)ccn2)c(C(F)F)c1,9.1,0.0971400138382146,0.7988617140765459,0.6956521739130435
O=C(NC(=O)Nc1ccccc1)Nc1ccccc1,8.1,0.7714769573834082,0.9430069316829792,0.2295081967213114
O=C([O-])Cc1ccc(-c2cccnc2)c(C(F)(F)F)c1,9.0,0.8643784552395035,0.8273296047078667,0.2876712328767123
c1ccc(-c2ccccc2-c2cccnc2)cc1,9.9,0.6360270902193326,0.9463487133513256,0.1846153846153846
O=C(Nc1ccc(Oc2ccnc(C(=O)Nc3cccnc3)c2)cc1)Nc1ccc(C(=O)Nc2ccccc2)c(C(F)F)c1,10.4,0.1409322897107643,0.8221749515082166,0.6617647058823529
O=C(Nc1ccccc1)c1ccc(-c2cccnc2)c(C(F)F)c1,10.7,0.7384698204625154,0.8906729065800761,0.3066666666666666
NC(=O)c1cc(Oc2ccc(NC(=O)Nc3ccc(-c4ccc(-c5cccnc5)c(C(F)(F)F)c4)c(C(F)(F)F)c3)cc2)ccn1,7.8,0.1549817306380261,0.798529967570745,0.6197183098591549
CC(F)(F)c1cc(C2CC2)ccc1-c1cccnc1,9.0,0.7755774657473198,0.8567866598793111,0.2207792207792207
FC(F)c1cc(Nc2ccccc2)ccc1-c1cccnc1,10.2,0.6940638602555269,0.8818500222783945,0.24
NC(=O)Nc1ccc(C(F)(F)c2cc(NC(=O)CCCO)ccc2Cl)c(C(F)(F)C=O)c1,9.3,0.3235989254530793,0.7771729449414971,0.2619047619047619
O=C(Nc1ccccc1)Nc1ccc(Nc2ccc(-c3cccnc3)c(C(F)(F)F)c2)c(C(F)(F)CCF)c1,9.2,0.1946901560985346,0.8058763714306395,0.4
CC(F)(F)c1cc(Nc2cccnc2)ccc1-c1cccnc1,9.7,0.7366072221573581,0.8551384712235754,0.323943661971831
O=C(Nc1ccc(Oc2ccnc(C(=O)Nc3cccnc3)c2)cc1)Nc1ccc(-c2cccnc2)c(C(F)(F)C2CCC2)c1,10.1,0.1559821219062593,0.7930554408133601,0.6712328767123288
NC(=O)c1ccc(-c2cccnc2)c(C(F)(F)C=O)c1,8.4,0.869340729823961,0.8251231711414331,0.2467532467532467
CC(F)(F)NC(=O)c1cc(Oc2ccc(NC(=O)Nc3ccc(Cl)c(C(F)(F)F)c3)cc2)ccn1,9.5,0.2573852413252357,0.8228781383225533,0.7419354838709677
O=C(Nc1ccccc1)Nc1ccc(Nc2ccccc2)c(C(F)F)c1,9.6,0.5258449021692506,0.8960175097177131,0.2676056338028169
NC(=O)Nc1ccc(-c2cccnc2)c(-c2ccccc2)c1,9.1,0.7673091540062587,0.9083319934322408,0.2777777777777778
O=C(Nc1ccc(Oc2ccnc(C(=O)NNc3ccc(-c4cccnc4)c(C(F)(F)F)c3)c2)cc1)Nc1ccc(Cl)c(C(F)F)c1,11.0,0.0920396285137125,0.7834742981480445,0.6493506493506493
O=C(NCl)Nc1ccccc1,6.9,0.6219764227290644,0.8933652231795468,0.2419354838709677
O=C(NNc1ccc(-c2cccnc2)c(C(F)(F)F)c1)[NH+]1CCOCC1,9.8,0.7230415996058323,0.7211546351508384,0.3086419753086419
O=C(Nc1ccc(Oc2ccnc(C(=O)Nc3cccnc3)c2)cc1)Nc1ccc(C(F)(F)c2cc(NC(=O)Nc3ccccc3)ccc2-c2cccnc2)c(C(F)F)c1,10.7,0.0767939896388136,0.7398840990466861,0.6447368421052632
Nc1ccc(Oc2ccnc(C(=O)NCl)c2)cc1,8.3,0.6581527113764057,0.8535451939948653,0.4
O=C(Nc1ccc(O)cc1)Nc1ccc(-c2cccnc2)c(C(F)(F)F)c1,9.9,0.5582231355772072,0.8802468904300533,0.4626865671641791
O=CC(F)(C(=O)[O-])c1cc(-c2ccccc2)ccc1-c1cccnc1,8.9,0.5309579671703046,0.7662505807813158,0.240506329113924
FC(F)(F)c1cc(-c2cccnc2)ccc1-c1cccnc1,10.6,0.6771853086664459,0.8813787234383457,0.2835820895522388
O=C(Nc1ccc(Oc2ccnc(C(=O)Nc3cccnc3)c2)cc1)Nc1ccc(Cl)c(C(F)(F)c2ccc(-c3cccnc3)c(C(F)F)c2)c1,10.9,0.1217489260938522,0.7661173253886696,0.7162162162162162
FC(F)(c1ccccc1)c1ccccc1-c1cccnc1,10.1,0.6658436841859121,0.8832098373262282,0.2253521126760563
O=C1CCc2ccc(-c3cccnc3)cc2C(F)(F)O1,9.7,0.7496082883432137,0.8155550150869613,0.1728395061728395
O=C(Nc1ccc(Oc2ccnc(N3CCCC3)c2)cc1)Nc1ccc(Nc2cccc(C(O)(F)F)c2)c(C(F)(F)F)c1,11.2,0.1536902536130179,0.8008433823046085,0.4457831325301205
O=C(Nc1ccccc1)Nc1ccc(-c2cccnc2)c(C(F)F)c1,9.8,0.674817457877884,0.8823628968350739,0.3661971830985915
CC(F)(F)c1cc(NNC(=O)Nc2ccccc2)ccc1-c1cccnc1,9.9,0.5548210146470874,0.8529055291597447,0.3733333333333333
O=C(Nc1ccccc1)c1cccnc1,8.1,0.8042302799124038,0.9601404926270708,0.3333333333333333
Nc1ccc(-c2cccnc2)c(C(F)(F)F)c1,8.1,0.7735687938023541,0.8818013672477577,0.2753623188405797
O=C(Nc1ccccc1)Nc1ccc(-c2cccnc2)c(C(F)F)c1,9.8,0.674817457877884,0.8823628968350739,0.3661971830985915
CCC(CCNc1ccc(-c2cccnc2)c(-c2cccnc2)c1)Nc1ccccc1,9.6,0.3316659410174767,0.8042692770040859,0.216867469879518
O=C1Nc2ccc(Cc3ccccc3)c(c2)[NH+](C(F)F)C1=O,8.2,0.6666903346689634,0.6078292498868663,0.0795454545454545
O=C(Nc1ccc(N2CCN(O)CC2)cc1)Nc1ccc(-c2ccccc2)c(C(F)(F)F)c1,9.8,0.4831808008078692,0.8525794728608381,0.3076923076923077
COCC(c1cccnc1)c1cccnc1,7.6,0.7826239137518829,0.8608648993566411,0.1714285714285714
O=C(Nc1ccccc1)Nc1ccc(-c2cccnc2)c(Nc2ccc(-c3cccnc3)c(C(F)F)c2)c1,10.5,0.2077571966207725,0.8322396858229241,0.3333333333333333
CC(F)(F)c1cc(NC(=O)c2ccc(NC(=O)Nc3ccc(Oc4ccnc(C=O)c4)cc3)cc2C(F)(F)F)ccc1-c1cccnc1,8.6,0.1072602089528758,0.778422946157614,0.5375
CC(F)c1cc(NC(=O)Nc2ccc(-c3cccnc3)c(C(F)(F)F)c2)ccc1-c1cccnc1,8.5,0.2906934081704215,0.7761221055785997,0.410958904109589
O=C(Nc1ccc(Oc2ccnc(C(=O)Nc3cccnc3)c2)cc1)Nc1ccc(Cl)c(C2CC2)c1,9.3,0.2623013835350411,0.8480297656151886,0.7121212121212122
O=C(Nc1ccc(Oc2ccnc(C(=O)Nc3cccnc3)c2)cc1)Nc1ccc(Cl)c(-c2ccc(NC(=O)Nc3ccccc3)c(F)c2)c1,11.5,0.1023873571063485,0.8119910223520319,0.6575342465753424
O=C(Nc1ccccc1)c1cccnc1,8.2,0.8042302799124038,0.9601404926270708,0.3333333333333333
O=C(Nc1ccccc1)Nc1ccc(-c2cccnc2)c(C(F)(F)c2cccs2)c1,10.5,0.381687993715214,0.8402413467897737,0.3947368421052631
O=C(Nc1ccccc1)C(=O)Nc1ccccc1,8.2,0.7909393353332632,0.9644325624106777,0.1967213114754098
O=C(Nc1ccc(Oc2ccnc(C(=O)NNc3ccc(-c4cccnc4)c(C(F)(F)F)c3)c2)cc1)Nc1ccc(Cl)c(C(F)(F)F)c1,10.5,0.0956215111824445,0.7891933165279842,0.7536231884057971
OCNc1cc(Nc2cccnc2)ccc1-c1cccnc1,8.4,0.6297182480068741,0.8547629142902287,0.24
O=CNc1ccc(Cl)c(C(F)(F)F)c1,7.1,0.7677268833653836,0.8663186043617652,0.3333333333333333
Nc1ccc(NC(=O)Nc2ccccc2)c(C(F)(F)C=O)c1,8.7,0.5987995048450738,0.8481728706390503,0.2666666666666666
CC(F)(c1cc(NNC(=O)Nc2ccc(-c3cccnc3)cc2)ccc1-c1cccnc1)C1CCCO1,9.8,0.2600393822745613,0.7199986364813963,0.3033707865168539
O=C(Nc1ccccc1)Nc1ccccc1,8.4,0.7871951869249774,0.9782079435464937,0.2586206896551724
O=C(Cl)Nc1ccccc1,6.6,0.490010380355871,0.9127485196978368,0.2096774193548387
CC(F)(F)c1cc(Nc2ccccc2)ccc1-c1cccnc1,10.0,0.677794934872085,0.8786850912701956,0.3013698630136986
Nc1ccc(C(F)F)c(C(F)(F)C(C2=CCC(C(=O)Nc3ccccc3)N(c3ccccc3)C2)c2cccnc2)c1,10.0,0.1345974485732456,0.6799782056353476,0.2376237623762376
CCC(F)(F)N(NC(=O)Nc1ccccc1)c1cccnc1,7.4,0.6549289699101597,0.8154311792262854,0.32
O=C(Nc1ccc(-c2cccnc2)c(C(F)(F)Cl)c1)NN1CCc2ccccc21,10.1,0.5813193414559588,0.8172501853237151,0.3333333333333333
O=C(Nc1ccccc1)Nc1cccc(C(F)(F)F)c1,9.2,0.8432565857911865,0.9363156136988758,0.328125
O=C(Nc1ccc(Oc2ccnc(C(=O)Nc3cccnc3)c2)cc1)Nc1ccc(-c2cccnc2)c(-c2cccc(F)c2)c1,10.5,0.1637103229045261,0.822397318166776,0.6338028169014085
O=C(Nc1cccnc1)c1cc(-c2cncc(Cl)c2)ccn1,9.0,0.8043016418638494,0.8723435318937791,0.4545454545454545
O=CC(F)(F)c1cc(NC(=O)Nc2ccccc2)ccc1-c1ccc(F)cc1,9.4,0.5766899849959461,0.8599184736158656,0.3066666666666666
NC(=O)C(F)(F)c1cc(N)ccc1Cl,6.7,0.7419093024128047,0.8201077127008735,0.2352941176470588
FC1(F)c2cc(ccc2-c2cccnc2)C2CCN1CC2,8.9,0.7368461712795522,0.6922949060160207,0.1686746987951807
O=CNc1ccc(C(=O)Nc2ccccc2)c(C(F)(F)C=O)c1,7.8,0.8042677550717899,0.8340918147550441,0.2837837837837837
CC(F)(F)c1cccnc1,6.1,0.586801833066296,0.8607119507112677,0.21875
O=C(Nc1ccccc1)c1cccnc1,8.2,0.8042302799124038,0.9601404926270708,0.3333333333333333
Clc1cccnc1,4.6,0.4994929876185536,0.9252520801298032,0.2166666666666666
O=C(Nc1ccccc1)Nc1ccc(Cl)c(C(F)(F)Nc2ccc(-c3cccnc3)c(C(F)(F)F)c2)c1,11.2,0.1730170833781834,0.8155261448778904,0.5211267605633803
FCl,1.9,0.3885761943930933,0.6703386072962214,0.0350877192982456
O=CNc1ccc(-c2ccc(NC(=O)Nc3ccc(Oc4ccnc(C(=O)Nc5cccnc5)c4)cc3)cc2C(F)(F)C2CC2)c(C(F)(F)C=O)c1,7.6,0.0709824221172432,0.7313032632417626,0.6125
CC(OCc1cccnc1)C(=O)NNc1ccccc1,8.2,0.7900231281165551,0.8376271698794076,0.2467532467532467
O=C(c1ccc(-c2cccnc2)c(C(F)(F)F)c1)c1ccc2cc1C(F)(F)NN2,10.8,0.3667948858640943,0.6824780255626127,0.2470588235294117
NC(=O)c1cc(Oc2ccc(NC(=O)Nc3ccc4c(c3)C(CCCCCF)C(F)(F)c3cc(NC(=O)Nc5ccc(Oc6ccnc(C(=O)Nc7cccnc7)c6)cc5)ccc3N4C(F)F)cc2)ccn1,5.3,0.02882804796682,0.618988380592741,0.4787234042553192
CC(F)(F)F,3.7,0.4175407165966272,0.8607737694893272,0.0508474576271186
CC(F)(F)c1cc(NF)ccc1-c1cccnc1,8.0,0.8296087316056485,0.8193943885650009,0.2957746478873239
O=C(Nc1ccc(Oc2ccnc(C(=O)NNc3ccccc3)c2)cc1)Nc1ccc(Cl)c(C(F)F)c1,11.4,0.1886987729949594,0.8351513151357892,0.5555555555555556
O=C1CCc2ccc(-c3cccnc3)cc2C(F)(F)N1,9.6,0.8124097630560917,0.8150011689331149,0.1875
CC(F)(F)c1cc(N)ccc1-c1cccnc1,7.8,0.8081933593410481,0.8574635603737806,0.2328767123287671
O=CC(F)c1cc(NC(=O)Nc2ccccc2)ccc1NC(=O)Nc1ccccc1,9.8,0.424301084556722,0.8131779366041404,0.2602739726027397
CC(F)(F)c1cc(NNc2ccc(-c3cccnc3)c(C(F)(F)CCCO)c2)ccc1-c1cccnc1,10.5,0.1551687583009533,0.7763149670813277,0.2592592592592592
FC(F)(F)c1cc(Cl)ccc1-c1cccnc1,8.3,0.7368399646842473,0.8957545587371195,0.3134328358208955
O=CNc1ccc(-c2cccnc2)c(C(F)(F)F)c1,8.5,0.8656105298561649,0.8594876758444779,0.3428571428571428
c1ccc(-c2cccnc2)cc1,8.0,0.6166619296375706,0.9645039290743428,0.1746031746031746
O=C(Cl)Nc1ccccc1,6.6,0.490010380355871,0.9127485196978368,0.2096774193548387
O=C(Nc1ccc(Oc2ccncc2)cc1)c1ccccc1,9.2,0.7857842620914394,0.9351281213908208,0.375
O=CNc1ccc(Cl)c(C(F)(F)F)c1,7.1,0.7677268833653836,0.8663186043617652,0.3333333333333333
CC(F)(F)c1cc(Nc2ccc(NC(=O)Nc3ccc(Oc4ccnc(C(=O)Nc5cccnc5)c4)cc3)cc2C(F)(F)F)ccc1-c1cccnc1,10.6,0.1034664761861551,0.7695394945987359,0.6891891891891891
O=C(NC(=O)c1cc(Oc2ccc(NC(=O)Nc3ccc(Cl)c(C(F)F)c3)cc2)ccn1)Nc1ccccc1,10.3,0.1956021922659095,0.833608323802592,0.5714285714285714
Nc1ccc(-c2cccnc2)c(C(=O)CC(F)(F)N(C=O)c2cccnc2)c1,9.7,0.2921139581192965,0.7748668669946386,0.2209302325581395
O=C(NC(=O)Nc1ccccc1)Nc1ccccc1,8.2,0.7714769573834082,0.9430069316829792,0.2295081967213114
O=C(Nc1ccc(Oc2ccnc(C(=O)Nc3cccnc3)c2)cc1)Nc1ccc(Cl)c(C(F)c2cccnc2)c1,10.2,0.1810381103067408,0.7624531485889797,0.7058823529411765
O=C(Nc1ccccc1)Nc1cc(NC(=O)NC(F)(F)F)ccc1-c1cccnc1,9.2,0.4500838411947067,0.8589069878154147,0.3835616438356164
O=C(Nc1ccccc1)Nc1ccc(-c2cccnc2)cc1,9.4,0.7508545426398229,0.9364516716866788,0.359375
NC(=O)Nc1ccc(-c2cccnc2)c(C(F)(F)c2ccccc2C(F)(F)F)c1,10.1,0.5690384005235982,0.8252754147027697,0.3648648648648648
Nc1ccc(Cl)c(C(F)(F)C=O)c1,6.4,0.594317916612117,0.7959316818743335,0.2028985507246377
Nc1ccc(OOC(=O)Nc2ccc(Cl)c(C(F)(F)F)c2)cc1,8.0,0.4878606025252536,0.8430508921359964,0.4057971014492754
CC(F)(F)c1cc(NC=O)ccc1-c1cccnc1,8.2,0.8575898430334017,0.8379050923901963,0.2972972972972973
NC(=O)Nc1ccc(-c2ccc(NC(=O)Nc3ccc(Oc4ccnc(C(=O)Nc5cccnc5)c4)cc3)cc2Oc2ccc(C(F)F)cc2)c(C(F)(F)F)c1,10.0,0.0816887660922287,0.7625915862854497,0.6623376623376623
CC(F)(c1cc(NC(=O)F)ccc1-c1cccnc1)C1CCCN1,8.5,0.652418395769171,0.7103712400070332,0.2976190476190476
c1cncc(-c2cccnc2)c1,7.2,0.6317729528591786,0.9246304248008386,0.1833333333333333
Nc1ccc(-c2cccnc2)c(C(F)(F)F)c1,8.0,0.7735687938023541,0.8818013672477577,0.2753623188405797
O=C(NC(=O)Nc1ccccc1)Nc1ccccc1,8.2,0.7714769573834082,0.9430069316829792,0.2295081967213114
O=C(Nc1ccccc1)c1cccnc1,8.2,0.8042302799124038,0.9601404926270708,0.3333333333333333
NC(=O)Nc1ccc(Cl)c(N(Cc2cc(O)ccn2)C(F)F)c1,8.6,0.7277503622585012,0.7834472291323336,0.2560975609756097
CN(c1cccnc1)C(F)CCOc1ccc(NN)cc1C(F)(F)F,8.2,0.3427898078835005,0.7472984995088426,0.2857142857142857
CC(F)(F)c1cc(NC(=O)c2ccc(NC(=O)Nc3ccccc3)cc2C(F)C=O)ccc1-c1cccnc1,8.5,0.2135259901829912,0.7542018266431739,0.3902439024390244
O=CNc1ccc(-c2cccnc2)c(C(F)(CCO)c2ccccc2)c1,8.7,0.6351679622217068,0.7642001770514594,0.2804878048780488
NC(=O)Nc1ccc(NC(=O)OC(=O)c2ccccc2)cc1C(F)(F)C=O,9.7,0.419348989874002,0.8187121765663922,0.2317073170731707
Cc1cc(-c2ccccc2)cc(-c2cccnc2)c1,9.8,0.6360331467877196,0.926029024590072,0.1714285714285714
O=C(Nc1ccc(-c2cccnc2)c(C(F)(F)F)c1)c1ccc(F)c(Nc2ccccc2)c1,10.3,0.3245817172730286,0.8701508312896434,0.379746835443038
O=CC(F)(F)c1cc(Cl)ccc1-c1cccnc1,8.1,0.7940164379599214,0.8288651577957702,0.273972602739726
CC(F)c1cc(Nc2ccccc2)ccc1-c1cccnc1,9.7,0.6842401606829104,0.8279081479454743,0.2337662337662337
Nc1ccc(-c2cc(NC(=O)Nc3ccccc3)ccc2-c2cccnc2)c(O)c1,10.2,0.3494926327725833,0.8720222486465377,0.3378378378378378
NC(=O)Nc1ccc(Oc2ccnc(C(=O)Nc3cc(NC(=O)Nc4ccccc4)ccc3-c3cccnc3)c2)cc1,10.8,0.1494319259407968,0.8372252250007656,0.5616438356164384
Nc1ccc(-c2cccnc2)c(C(F)(F)c2ccc(NC(=O)Nc3ccc(Oc4ccnc(C(=O)Nc5cccnc5)c4)cc3)cc2C(F)(F)F)c1,9.8,0.0865819782797363,0.7607807767835619,0.6891891891891891
O=C(Nc1ccccc1)Nc1ccccc1,8.3,0.7871951869249774,0.9782079435464937,0.2586206896551724
O=C(Nc1ccc(Oc2ccnc(C(=O)Nc3cccnc3)c2)cc1)Nc1ccc(C(F)(F)c2ccccc2-c2cccnc2)c(C(F)(F)F)c1,9.3,0.1297452718109931,0.7726200651146969,0.7285714285714285
NC(=O)NNc1ccccc1,6.6,0.5439715154930679,0.910812369581532,0.1492537313432835
O=CC(F)(F)c1cc(C(=O)Nc2ccc(-c3cccnc3)c(C(O)(F)F)c2)ccc1-c1cccnc1,10.2,0.2648370166140545,0.7882050702610377,0.3461538461538461
CC(F)(F)c1cc(NC(=O)C(F)(F)c2cc3ccc2C(=O)CCNC(=O)N3)ccc1-c1cccnc1,10.4,0.4142246621405814,0.6245082655561666,0.2717391304347826
CC(F)(F)c1cc(NC(=O)c2cccnc2)ccc1-c1cccnc1,9.7,0.7608745715794667,0.8662430611543227,0.375
O=Cc1cc(Oc2ccc(NC(=O)Nc3ccc(Cl)c(C(F)(F)F)c3)cc2)ccn1,8.7,0.4813375708220118,0.8497569145553414,0.640625
O=C(Nc1ccccc1)C(=O)Nc1ccccc1,8.2,0.7909393353332632,0.9644325624106777,0.1967213114754098
O=C(Nc1ccccc1)c1cccnc1,8.2,0.8042302799124038,0.9601404926270708,0.3333333333333333
FC(F)(F)c1cc(-c2ccccc2)ccc1-c1cccnc1,10.7,0.6141900357210307,0.9041635830232052,0.2753623188405797
O=C(Nc1ccc(Oc2ccnc(C(=O)Nc3cccnc3)c2)cc1)Nc1ccc(NC(=O)Nc2ccccc2)c(C(F)F)c1,8.4,0.1155018169050246,0.8190239615234195,0.6521739130434783
Cc1ncnn1C(F)(F)CC(=O)c1cc(Oc2ccc(NC(N)=O)cc2)ccn1,9.4,0.5852335221092029,0.7847870884919436,0.375
O=C(Nc1ccccc1)Nc1ccc(-c2cccnc2)c(C(F)F)c1,9.8,0.674817457877884,0.8823628968350739,0.3661971830985915
O=C1Nc2ccc(cc2)C(F)(F)C(=O)C(F)(F)c2cc(ccc2-c2cccnc2)NC(=O)Nc2ccc(cc2C(F)(F)F)N1,8.2,0.1632526347566309,0.5061551722904686,0.2247191011235955
O=CC(F)(F)c1cc(F)ccc1-c1cccnc1,8.2,0.7840374717105927,0.8268254654880778,0.2432432432432432
O=C(Nc1ccccc1)Nc1ccc(F)c(C(F)(CF)c2ccccc2)c1,10.4,0.5984379989500381,0.8066173979586926,0.3428571428571428
O=C(NC(=O)Nc1ccccc1)Nc1ccccc1,8.4,0.7714769573834082,0.9430069316829792,0.2295081967213114
FF,1.9,0.3741821364263268,0.6703027098603241,0.0175438596491228
O=C(Nc1ccccc1)Nc1ccc(NC(=O)c2ccccn2)c(C(F)(F)F)c1,9.6,0.5765641007848415,0.8902866576671227,0.4848484848484848
O=C(Nc1ccccc1)Nc1ccc(N2CSC(F)(F)C2)c(Cl)c1,8.6,0.7918327444085372,0.8231593515928637,0.282051282051282
FC(F)(F)c1ccccc1-c1ccc(Nc2ccc(-c3cccnc3)c(C(F)(F)F)c2)cc1,11.1,0.3119321521148819,0.8569069916472449,0.3150684931506849
c1ccc(Nc2cccnc2)cc1,7.5,0.749178891348407,0.944622933759703,0.2419354838709677
FC(F)(F)c1cc(Nc2ccc(-c3cccnc3)cc2)ccc1-c1cccnc1,10.3,0.4273293839033047,0.871061467816323,0.3285714285714285
O=C(NC(=O)Nc1ccccc1)Nc1ccccc1,8.3,0.7714769573834082,0.9430069316829792,0.2295081967213114
O=C(Nc1ccccc1)Nc1ccc(-c2cccnc2)c(C(F)F)c1,9.8,0.674817457877884,0.8823628968350739,0.3661971830985915
O=C(NNc1ccc(-c2cccnc2)c(C(F)(F)F)c1)c1cc(O)ccn1,9.7,0.6073707905836017,0.8286142993369359,0.4246575342465753
CC(F)(F)c1cc(CCO)ccc1-c1cccnc1,8.3,0.91674988827762,0.8560844828110962,0.2207792207792207
O=C(NC(=O)Nc1ccc(-c2cccnc2)c(C(F)F)c1)Nc1ccccc1,9.0,0.5911044985265024,0.8611542258067126,0.3378378378378378
FC(F)(F)c1cc(Cl)ccc1-c1cccnc1,8.3,0.7368399646842473,0.8957545587371195,0.3134328358208955
NC(=O)CC(F)(F)c1cc(NC(=O)Nc2ccccc2)ccc1NC(=O)Nc1ccccc1,10.4,0.3477819354465607,0.8544927650136636,0.3194444444444444
O=C1Nc2ccc(-c3cccnc3)c(c2)C(F)(F)c2ccc(cc2C(F)(F)Cc2ccccc2)Nc2ccc1cc2,7.7,0.2194251723587872,0.5527254078783623,0.1894736842105263
O=C(Nc1ccccc1)Nc1ccccc1,8.3,0.7871951869249774,0.9782079435464937,0.2586206896551724
Cc1ccc(NNC(N)=O)cc1N(c1cccnc1)C(F)(F)F,8.1,0.5958436272936052,0.785382027667132,0.2560975609756097
NC(=O)Nc1ccc(Cl)c(C(F)(F)NC(=O)Nc2ccccc2)c1,9.9,0.6297091984358597,0.8508314755473406,0.391304347826087
FC(F)c1cc(Nc2ccc(-c3cccnc3)c(C(F)(F)F)c2)ccc1-c1cccnc1,10.4,0.3257801106879839,0.82865310967837,0.3108108108108108
CCc1ccc(-c2cccnc2)c(Nc2ccccc2)c1,10.0,0.7193785984489657,0.9067500195659872,0.2051282051282051
Fc1cccnc1,4.7,0.4739719611862986,0.9184643878221108,0.1967213114754098
O=CNc1ccc(-c2cccnc2)c(C2CCC(c3ccccc3)CC2)c1,9.0,0.5907157942878357,0.855024380308596,0.216867469879518
O=C(Nc1ccccc1)Nc1ccc(-c2cccnc2)c(C(F)F)c1,9.8,0.674817457877884,0.8823628968350739,0.3661971830985915
O=CC(F)(F)c1cc(OF)ccc1-c1ccc(-c2cccnc2)cc1,9.2,0.6141405417231676,0.8090811976656987,0.2564102564102564
O=C(Nc1ccccc1)Nc1cccc(N2CCC(C(F)F)CC2)c1,9.7,0.8349195030352217,0.8796308455530227,0.2467532467532467
O=CNc1ccc(Cl)c(C(F)(F)C(F)(c2cc(NC(=O)Nc3ccccc3)ccc2-c2cccnc2)C2CCCCC2)c1,11.0,0.1661324499063526,0.7288854043169963,0.4069767441860465
c1ccc(Nc2cccnc2)cc1,7.5,0.749178891348407,0.944622933759703,0.2419354838709677
O=C(NNC(=O)Nc1ccccc1)Nc1ccccc1,8.3,0.6323912972073077,0.934457263475561,0.2295081967213114
O=C(Nc1ccccc1)C(=O)Nc1ccccc1,8.2,0.7909393353332632,0.9644325624106777,0.1967213114754098
O=CNc1ccc(Oc2ccnc(C(=O)Nc3ccc(NC(=O)Nc4ccccc4)cc3C(F)(F)F)c2)cc1,10.3,0.1957992697274521,0.8365714561657244,0.6142857142857143
O=C(Nc1ccccc1)Nc1ccc(-c2cccnc2)c(-c2ccc(-c3cccnc3)cc2)c1,10.4,0.304414869545782,0.8792352056908336,0.3571428571428571
O=CC(F)c1cc(NC(=O)Nc2ccccc2)ccc1-c1cccnc1,9.5,0.6612883555981053,0.8026793565386389,0.3466666666666667
CC[NH+](C(F)F)C(c1cccnc1)c1cccnc1,7.9,0.8330407490569804,0.6846016280247544,0.1643835616438356
O=C(Nc1ccccc1)Nc1ccc(-c2cccnc2)cc1,9.4,0.7508545426398229,0.9364516716866788,0.359375
FNc1ccc(-c2cccnc2)c(C(F)(F)F)c1,8.3,0.6469189623109938,0.8422719270265393,0.3432835820895522
O=C(Nc1ccc(Cl)cc1)Nc1ccc(Cc2ccc(NC(=O)Nc3ccc(Oc4ccnc(C(=O)Nc5cccnc5)c4)cc3)cc2O)cc1,9.8,0.0831090167258506,0.80683942404159,0.625
O=C1Nc2ccc(-c3cccnc3)c(c2)C1(F)F,8.2,0.840193252766063,0.720991396134525,0.1948051948051948
FNc1ccccc1,5.7,0.5462052322543244,0.8807265734804308,0.1290322580645161
O=C(Nc1ccc(Oc2ccnc(C(=O)Nc3ccc(-c4cccnc4)c(C(F)F)c3)c2)cc1)Nc1ccc(Cl)c(C(F)(F)F)c1,11.1,0.1447449054875535,0.7997894501632865,0.7681159420289855
CC(F)(Cc1ccc(-c2ccc(Oc3ccnc(C(=O)Nc4cccnc4)c3)cc2)cc1)c1cc(NC(=O)c2ccccc2C(F)(F)F)ccc1-c1cccnc1,8.2,0.1269882595396657,0.7120829484156521,0.573170731707317
Nc1ccc(C(=O)Nc2ccccc2)c(C(C(=O)Nc2ccccc2)C2CC2)c1,9.5,0.5399578829626399,0.8235373222280516,0.1875
O=C(Nc1ccccc1)Nc1ccc2c(c1)O2,8.2,0.6574781281735909,0.9241521233852372,0.2727272727272727
FC(F)(F)c1cc(-c2ccccc2)ccc1-c1cccnc1,10.7,0.6141900357210307,0.9041635830232052,0.2753623188405797
O=C(Nc1ccccc1)c1cccnc1,8.2,0.8042302799124038,0.9601404926270708,0.3333333333333333
O=CC1(F)CCCc2ccc(-c3cccnc3)c1c2,8.0,0.7692356250012865,0.6580060400155653,0.180722891566265
O=C(Nc1ccc(Oc2ccnc(C(=O)NNc3ccc(-c4cccnc4)c(C(F)(F)F)c3)c2)cc1)Nc1ccc(Cl)c(C(F)F)c1,12.6,0.0920396285137125,0.7834742981480445,0.6493506493506493
NC(=O)c1cc(Oc2ccc(NC(=O)Nc3ccc(Cl)c(C(F)(F)c4ccccc4)c3)cc2)ccn1,10.3,0.267935083256997,0.8369653990993515,0.6086956521739131
O=C(Nc1ccccc1)c1ccccc1,8.9,0.7874913866928777,0.9936167164032946,0.2258064516129032
COc1cc(N)ccc1-c1cccnc1,7.8,0.7567470948384448,0.909456487097716,0.1891891891891892
O=C(NNC(=O)Nc1ccc(-c2cccnc2)c(C(F)F)c1)Nc1ccccc1,9.7,0.4867686422354383,0.8531056070104621,0.3378378378378378
FC1(F)[NH2+]c2ccc(-c3cccnc3)c1c2,7.1,0.5766354076993822,0.641002083395358,0.1866666666666666
O=C(NC(=O)Nc1ccccc1)Nc1ccccc1,8.1,0.7714769573834082,0.9430069316829792,0.2295081967213114
Cc1ccccc1-c1cc(NC(=O)Nc2cccnc2)ccc1-c1cccnc1,9.5,0.4726865631514991,0.8816089554267518,0.3611111111111111
O=CN=C1CCN(c2ccc(C(=O)Nc3ccccc3)cc2C(F)(F)F)C1,9.9,0.8279561522185793,0.8174088337498916,0.2441860465116279
O=C(Nc1ccccc1)c1cccnc1,8.2,0.8042302799124038,0.9601404926270708,0.3333333333333333
Nc1ccc(NC(=O)Nc2ccc(-c3cccnc3)c(C(F)(F)F)c2)cc1,9.5,0.5665552897192206,0.8779742183652761,0.4558823529411764
Fc1cccnc1,4.7,0.4739719611862986,0.9184643878221108,0.1967213114754098
O=C(Nc1ccc(Oc2ccnc(C(=O)Nc3cccnc3)c2)cc1)Nc1cccc(C(F)(F)NC(=O)Nc2ccccc2)c1,11.3,0.1133857098701096,0.8060450266121768,0.6911764705882353
CC(F)c1cc(NNC(=O)Nc2ccccc2)ccc1-c1cccnc1,10.0,0.5718210931945417,0.8030426385899209,0.3037974683544304
FC(F)(F)c1cc(-c2cccnc2)ccc1-c1cccnc1,10.6,0.6771853086664459,0.8813787234383457,0.2835820895522388
CC(F)NC(=O)c1cc(Oc2ccc(NC(=O)Nc3ccc(Cl)c(C(F)(F)F)c3)cc2)ccn1,9.3,0.2782560489996042,0.7833457130747059,0.7076923076923077
CC(F)(F)c1cc(NF)ccc1-c1cccnc1,8.0,0.8296087316056485,0.8193943885650009,0.2957746478873239
Nc1ccc(Cl)c(C(F)(F)Nc2ccccc2)c1,8.7,0.6500650521444997,0.8465205424111547,0.2463768115942029
O=CC(F)(F)c1cc(NC(=O)Nc2ccc(-c3cccnc3)c(C(O)(F)F)c2)ccc1-c1cccnc1,9.3,0.2158172575346884,0.7835796951737483,0.3835616438356164
O=C(Nc1ccc(Oc2ccnc(C(=O)NC(F)F)c2)cc1)Nc1ccc2c(=O)c2c1,9.8,0.4074184625977525,0.8331790756681097,0.4788732394366197
N#CCC(F)(F)c1cc(C(=O)Nc2ccccc2)ccc1-c1cccnc1,9.9,0.6931277508927675,0.8464965381507538,0.325
O=C(Nc1ccc(O)cc1)NN1CCC(c2cccnc2)CC1,8.4,0.76159571693674,0.8556561624875355,0.2692307692307692
O=C(Nc1ccccc1)c1cccnc1,8.2,0.8042302799124038,0.9601404926270708,0.3333333333333333
O=CNc1ccc(Oc2ccnc(C(=O)Nc3cccnc3)c2)cc1,9.3,0.6757516269820522,0.8675142227922217,0.6190476190476191
FC(F)(F)c1cc(-c2cccnc2)ccc1-c1cccnc1,10.6,0.6771853086664459,0.8813787234383457,0.2835820895522388
O=CC(F)(F)c1cc(O)ccc1-c1cccnc1,7.7,0.8507305525053425,0.8154771577957701,0.2432432432432432
Clc1cccnc1,4.6,0.4994929876185536,0.9252520801298032,0.2166666666666666
O=C(Nc1ccccc1)Nc1cccnc1,7.6,0.8054091984666042,0.945007943546494,0.4137931034482758
NC(=O)Nc1ccc(NC(=O)Nc2ccc(-c3cccnc3)c(C(F)(F)F)c2)c(C(F)(F)C(F)F)c1,10.0,0.291130584805234,0.8027947185194273,0.379746835443038
O=C(Nc1ccc(Oc2ccncc2)cc1)c1ccc(F)cc1,9.5,0.7829821716697506,0.9265973794794988,0.3636363636363636
O=C(Nc1ccccc1)Nc1ccc(C(=O)Nc2ccccc2)c(C(F)F)c1,9.5,0.5445161988531438,0.8948261488836357,0.3088235294117647
O=CNc1ccc(-c2cccnc2)c(C(F)(F)C=O)c1,8.2,0.8538584087489558,0.800978251061513,0.2972972972972973
c1ccc(-c2cccnc2)cc1,8.0,0.6166619296375706,0.9645039290743428,0.1746031746031746
CC(F)(c1ccc(C(=O)Nc2ccc(Oc3ccncc3)cc2)cc1)c1cc(NC(N)=O)ccc1-c1cccnc1,8.4,0.1949838013488314,0.7682341024307512,0.4375
O=Cc1ccc(NC(=O)Nc2ccccc2)cc1C(F)(F)C=O,8.6,0.8293341071303644,0.8397821993704286,0.3285714285714285
O=C(Nc1ccccc1)Nc1ccc(-c2cccnc2)c(C(=O)[O-])c1,9.8,0.7679038524787405,0.8674161019632789,0.352112676056338
O=CC(F)(F)c1cc(C(F)F)ccc1-c1cccnc1,8.2,0.6272888927819252,0.7999740802323421,0.2337662337662337
O=C(Nc1ccccc1)Nc1ccc(C(F)(F)c2cc(NC(=O)Nc3ccc(Oc4ccnc(C(=O)Nc5cccnc5)c4)cc3)ccc2Cl)c(C(F)(F)F)c1,7.5,0.0873744867860731,0.7640255485496004,0.859375
Nc1ccc(-c2cccnc2)c(-c2ccc(NC(=O)Nc3ccccc3)cc2C(F)(F)n2ncc(-c3ccccc3)n2)c1,9.9,0.1713684334120606,0.7885227154698039,0.3488372093023256
O=C(NF)Nc1ccc(-c2cccnc2)c(-c2ccc(F)cc2)c1,11.2,0.6936130893608682,0.8631469311062744,0.3287671232876712
O=C(NC(=O)Nc1ccc(-c2cccnc2)c(C(F)F)c1)Nc1ccccc1,10.3,0.5911044985265024,0.8611542258067126,0.3378378378378378
FC(F)(F)c1cc(NCl)ccc1-c1cccnc1,8.1,0.8230891370373918,0.8447676193342316,0.3582089552238806
FC(F)c1cc(Nc2cccnc2)ccc1-c1cccnc1,10.1,0.7495502078615364,0.8575675703553175,0.2602739726027397
CN(C)c1ccc(NC(=O)Nc2ccccc2)cc1,8.0,0.8825065733446579,0.9444016843377318,0.2424242424242424
O=C(Nc1ccccc1)Nc1cccnc1,7.7,0.8054091984666042,0.945007943546494,0.4137931034482758
O=C(NNc1ccccc1)Nc1ccccc1,8.2,0.7060839634837086,0.937810584923699,0.21875
NC(=O)Nc1ccc(C(=O)Nc2ccccc2)c(C(F)(F)Cc2ccc(OCc3cccnc3)cc2)c1,10.4,0.2714165975101792,0.8382711990254843,0.4146341463414634
O=C(Nc1ccc(O)cc1)Nc1ccc(Cl)c(C(F)(F)F)c1,8.9,0.6983520279282863,0.9040505671501892,0.4833333333333333
Nc1ccc(-c2cccnc2)c(C(F)(F)F)c1,8.1,0.7735687938023541,0.8818013672477577,0.2753623188405797
CC(F)(F)c1cc(N)ccc1-c1cccnc1,8.1,0.8081933593410481,0.8574635603737806,0.2328767123287671
CCCCc1cc(NC(=O)Nc2ccc(Oc3ccnc(C(=O)Nc4cccnc4)c3)cc2)ccc1F,9.6,0.2391963016666662,0.848441333176292,0.625
O=C(Nc1ccccc1)c1cccnc1,8.2,0.8042302799124038,0.9601404926270708,0.3333333333333333
O=CC(F)(F)c1ccccc1C(F)(F)c1cc(NC(=O)Nc2ccc(CCC(=O)c3ccnc(C(=O)Nc4cccnc4)c3)cc2)ccc1Cl,10.3,0.0681461356181613,0.7552719704868023,0.5301204819277109
O=C(Nc1cccnc1)Nc1ccc(-c2cccnc2)c(-c2ccc(F)nc2)c1,10.2,0.4852202039700486,0.8576733898158919,0.3943661971830985
O=C(CCC(F)F)NC(=O)Nc1ccccc1,8.1,0.8511493919237558,0.8887673246945662,0.2253521126760563
O=C(Cl)Nc1ccccc1,6.5,0.490010380355871,0.9127485196978368,0.2096774193548387
O=C(Nc1ccccc1)Nc1ccc(-c2cccnc2)cc1,9.1,0.7508545426398229,0.9364516716866788,0.359375
CC(F)(F)NC(=O)Nc1ccccc1,7.7,0.7070155968515062,0.8835281130607476,0.2615384615384615
O=C(NC(=O)Nc1ccccc1)Nc1ccccc1,8.0,0.7714769573834082,0.9430069316829792,0.2295081967213114
O=C(Nc1ccc(-c2cccnc2)c(C(F)(F)C2CC2)c1)c1ccc(-c2cccnc2)c(C(F)F)c1,9.7,0.2724208070014009,0.8026776162939215,0.3253012048192771
O=C(Nc1ccccc1)Nc1ccc(C(F)F)c(C(F)(F)F)c1,8.7,0.7380293844617155,0.881104127789232,0.3787878787878788
O=C(Nc1ccc(Oc2ccncc2)cc1)c1ccccc1,9.2,0.7857842620914394,0.9351281213908208,0.375
O=C(Nc1ccccc1)Nc1ccc(-c2cccnc2)c(C(F)(F)C2CCCC2)c1,11.0,0.4959081168117622,0.8474157057641326,0.4
O=C(Nc1ccccc1)Nc1ccccc1,8.4,0.7871951869249774,0.9782079435464937,0.2586206896551724
CC(F)(F)c1cc(NCl)ccc1-c1cccnc1,8.1,0.8333934440076309,0.8218900808726932,0.3098591549295774
FC(F)c1cc(Nc2ccccc2)ccc1-c1cccnc1,10.3,0.6940638602555269,0.8818500222783945,0.24
FCl,1.9,0.3885761943930933,0.6703386072962214,0.0350877192982456
FC(F)(F)c1ccccc1-c1cccnc1,8.5,0.7166892473597637,0.9118915369271084,0.2769230769230769
O=C(NNc1ccccc1)c1cccc(Br)c1,8.9,0.8525804116312298,0.9284386163208732,0.1621621621621621
O=C(Nc1ccccc1)Nc1ccc2c(=O)[nH][nH]c2c1,8.8,0.5749039875074722,0.8845010153661739,0.2535211267605634
NC(=O)C(=O)Nc1ccc(Oc2ccnc(C(=O)Nc3cccnc3)c2)cc1,9.9,0.5813985296535927,0.8684523027297895,0.6349206349206349
FNc1ccc(-c2cccnc2)c(C(F)(F)F)c1,8.2,0.6469189623109938,0.8422719270265393,0.3432835820895522
O=C(F)Nc1ccccc1,6.3,0.4685703025409224,0.9119226955220124,0.2096774193548387
O=C(Nc1ccc(Cl)cc1)Nc1ccc(Oc2ccnc(C(=O)Nc3ccc(NC(=O)Nc4ccc(Oc5ccnc(C(=O)Nc6cccnc6)c5)cc4)cc3C(F)(F)F)c2)cc1,10.2,0.0691574693858568,0.7579237904639778,0.8125
O=C(Nc1ccccc1)Nc1ccccc1,8.3,0.7871951869249774,0.9782079435464937,0.2586206896551724
O=C(NC(=O)Nc1ccccc1)Nc1ccccc1,8.5,0.7714769573834082,0.9430069316829792,0.2295081967213114
O=C(Cl)Nc1ccccc1,6.6,0.490010380355871,0.9127485196978368,0.2096774193548387
O=C(NNC(O)F)Nc1ccc(Oc2ccnc(C(=O)Nc3ccc4cc3C(F)(F)C(=O)C4)c2)cc1,11.4,0.1901645519358301,0.6263458527610408,0.3837209302325581
CC(F)c1cc(NC(=O)c2ccc(-c3cccnc3)c(C(F)(F)C=O)c2)ccc1-c1cccnc1,9.5,0.31478758375966,0.7463121599686541,0.3132530120481928
O=C(Nc1ccccc1)Nc1ccc(-c2cccnc2)c(OCCF)c1,8.9,0.6740709735555179,0.884247960459953,0.3783783783783784
O=C(NC(=O)Nc1ccccc1)Nc1ccccc1,8.2,0.7714769573834082,0.9430069316829792,0.2295081967213114
Nc1ccc(-c2cccnc2)c(C(F)(F)NC(=O)C(=O)NF)c1,8.8,0.3448527336225265,0.7732696955548,0.2894736842105263
O=C(Nc1ccccc1)Nc1ccc(F)c(C(O)(F)F)c1,8.7,0.8113433150067547,0.8856759372523053,0.3484848484848485
FC(F)(F)c1cc(Cl)ccc1-c1cccnc1,8.1,0.7368399646842473,0.8957545587371195,0.3134328358208955
CCNc1ccc(-c2cccnc2)c(C(F)(F)F)c1,8.4,0.9001802502628641,0.8796365873103704,0.323943661971831
FC(F)(F)Oc1ccc(-c2cccnc2)c(C(F)(F)F)c1,9.0,0.7524524788537044,0.867618815003713,0.3188405797101449
CC(F)(F)c1cc(NNc2ccc(-c3cccnc3)c(C(F)(F)c3ccccc3)c2)ccc1-c1cccnc1,11.2,0.1566136186705889,0.790248634167902,0.2692307692307692
O=C(Nc1ccccc1)c1cccnc1,8.2,0.8042302799124038,0.9601404926270708,0.3333333333333333
O=C(NNc1ccccc1)Nc1ccccc1,7.8,0.7060839634837086,0.937810584923699,0.21875
O=C(Nc1cccnc1)Nc1ccc(-c2cccnc2)c(C(F)F)c1,9.1,0.7216777429956149,0.8606906746128516,0.391304347826087
FC(F)(F)c1cc(CNc2ccccc2)ccc1-c1cccnc1,10.1,0.695359612414414,0.8924651027896636,0.2933333333333333
O=C(F)Nc1ccccc1,6.3,0.4685703025409224,0.9119226955220124,0.2096774193548387
O=C(F)Nc1ccccc1,6.3,0.4685703025409224,0.9119226955220124,0.2096774193548387
Fc1cccnc1,4.6,0.4739719611862986,0.9184643878221108,0.1967213114754098
O=C(F)Nc1ccccc1,6.3,0.4685703025409224,0.9119226955220124,0.2096774193548387
FC(F)(F)c1cc(Cl)ccc1-c1cccnc1,8.3,0.7368399646842473,0.8957545587371195,0.3134328358208955
FC1(c2ccccc2-c2cccnc2)NCCO1,8.1,0.8238581681742262,0.7522184414817179,0.1604938271604938
O=C(Nc1ccccc1)Nc1ccc(-c2ccc(-c3cccnc3)c(C(F)F)c2)c(C(F)(F)F)c1,10.8,0.2825660574534733,0.8412588104282255,0.4459459459459459
Nc1ccc(Cl)c(C(F)(F)OC(=O)NC(=O)NC(=O)c2cc(O)ccn2)c1,9.7,0.5786446187033615,0.7830929472211354,0.3461538461538461
O=C(Nc1ccccc1)Nc1ccc(-c2cccnc2)c(Nc2ccc(-c3cccnc3)c(C(F)F)c2)c1,11.1,0.2077571966207725,0.8322396858229241,0.3333333333333333
O=CCc1ccc(NC(=O)Nc2ccccc2)cc1-c1ccccc1,10.4,0.6639317474191385,0.8949218097258361,0.2432432432432432
O=C(Nc1ccccc1)Nc1ccc2c(c1)N2,8.4,0.5851996437977394,0.9216348926160064,0.2727272727272727
O=C(Nc1ccccc1)Nc1ccc(-c2cccnc2)c(C(F)F)c1,9.9,0.674817457877884,0.8823628968350739,0.3661971830985915
O=C(Nc1ccccc1)Nc1ccc(F)c(N2CC[C@H](F)C2=O)c1,9.4,0.9034823141685416,0.8186875423051924,0.2375
CC(F)(F)C(=O)Nc1ccccc1,7.5,0.7519343234958574,0.9100408092175784,0.2307692307692307
O=C(Nc1ccc(-c2cccnc2)c(C(F)(F)F)c1)NC1CC1,9.8,0.8958268019145711,0.8784028724473517,0.4027777777777778
Fc1cccnc1,4.7,0.4739719611862986,0.9184643878221108,0.1967213114754098
Nc1ccc(Nc2ccc(-c3cccnc3)cc2)c(C(F)(F)F)c1,9.1,0.6578610613505166,0.882156636660737,0.28
O=C1NNC(=O)OC(F)(c2ccccc2-c2ccccc2)c2cc(ccc2-c2cccnc2)N1,7.8,0.3884845713820253,0.5990996247599679,0.1666666666666666
Nc1ccccc1C(F)(F)c1ccc(-c2ccc(-c3cccnc3)c(C(F)(F)F)c2)cc1,11.1,0.2702040995741621,0.8340510884517334,0.2375
Fc1cccnc1,4.7,0.4739719611862986,0.9184643878221108,0.1967213114754098
O=C(O)Nc1ccc(Cl)c(C(F)(F)c2cccnc2)c1,8.9,0.901134817757454,0.8425743599526219,0.4477611940298507
CC(F)(F)Cl,3.6,0.4076457672724475,0.8380876156431734,0.0666666666666666
NC(=O)c1cc(Oc2cc(NC(=O)Nc3ccc(O)cc3)ccc2-c2cccnc2)ccn1,10.8,0.3274025435795283,0.8496690516359264,0.4533333333333333
Fc1cccnc1,4.7,0.4739719611862986,0.9184643878221108,0.1967213114754098
CC(F)(F)c1cccnc1,6.1,0.586801833066296,0.8607119507112677,0.21875
c1ccc(Nc2cccnc2)cc1,7.5,0.749178891348407,0.944622933759703,0.2419354838709677
O=C(Nc1ccccc1)C(=O)Nc1ccccc1,8.2,0.7909393353332632,0.9644325624106777,0.1967213114754098
NC(=O)Nc1ccc(Cl)c(C(F)(F)F)c1,7.5,0.7766057655704027,0.897939712637829,0.4098360655737705
FC(F)(c1cccnc1)c1ccccc1-c1cccnc1,9.3,0.7160832765718513,0.8557891563678423,0.2253521126760563
O=C(Nc1ccc(-c2cccnc2)c(C(F)(F)F)c1)c1ccc(O)cc1,9.3,0.7117768134981515,0.8885541054325005,0.4084507042253521
FOc1cc(Nc2cccnc2)ccc1-c1cccnc1,9.2,0.780008235233798,0.8509026250250442,0.2777777777777778
O=CC(F)(F)c1cc(C2CC2)ccc1-c1cc(NC(=O)Nc2ccccc2)ccc1-c1cccnc1,8.7,0.2725377676166484,0.817110665540506,0.3452380952380952
O=C(Nc1ccccc1)c1cccnc1,8.2,0.8042302799124038,0.9601404926270708,0.3333333333333333
c1ccc(Nc2cccnc2)cc1,7.5,0.749178891348407,0.944622933759703,0.2419354838709677
Fc1cccnc1,4.7,0.4739719611862986,0.9184643878221108,0.1967213114754098
Fc1cccnc1,4.7,0.4739719611862986,0.9184643878221108,0.1967213114754098
O=CC(F)(F)c1cc(Nc2ccccc2)ccc1NC(=O)Nc1ccc(-c2cccnc2)c(C(F)(F)F)c1,9.2,0.1726156487652566,0.8088695638677552,0.3875
O=C(Nc1ccc(-c2cccnc2)c(C(F)(F)F)c1)NC(F)F,9.8,0.6567771361929152,0.839839414724519,0.4142857142857143
O=C(Nc1ccccc1)c1cccnc1,8.1,0.8042302799124038,0.9601404926270708,0.3333333333333333
O=C(Nc1ccccc1)Nc1cccnc1,7.7,0.8054091984666042,0.945007943546494,0.4137931034482758
O=C(Nc1ccccc1)c1ccc(-c2cccnc2)c(C(F)F)c1,10.6,0.7384698204625154,0.8906729065800761,0.3066666666666666
NC(F)(F)c1cc(NC(=O)Nc2ccc(Oc3ccnc(C(=O)Nc4cccnc4)c3)cc2)ccc1Cl,10.1,0.2250061469099652,0.8239863223926833,0.8833333333333333
O=C(Nc1ccc(Oc2ccnc(C(=O)Nc3cccnc3)c2)cc1)c1ccccc1,10.8,0.4774301848474163,0.8906449252031899,0.6451612903225806
CC(F)(F)c1cc(NF)ccc1-c1cccnc1,8.0,0.8296087316056485,0.8193943885650009,0.2957746478873239
O=C(NNc1ccccc1)Nc1ccccc1,7.9,0.7060839634837086,0.937810584923699,0.21875
CC(F)(F)c1cc(NC(=O)C(F)(F)c2cc(NC(=O)Nc3ccccc3)ccc2-c2ccc(-c3cccnc3)cc2F)ccc1-c1cccnc1,11.1,0.1314243370466513,0.7690827583307863,0.3571428571428571
CC(F)(F)c1cc(NC=O)ccc1-c1cccnc1,8.5,0.8575898430334017,0.8379050923901963,0.2972972972972973
O=CC(F)(F)c1cc(F)ccc1-c1cccnc1,8.0,0.7840374717105927,0.8268254654880778,0.2432432432432432
O=CC(F)c1cc(-c2ccc(NC(=O)Nc3ccccc3)cc2C(F)(F)F)ccc1-c1cccnc1,9.7,0.2189191649749128,0.7694806938840784,0.4230769230769231
CC(F)(F)c1cc(NC(=O)Nc2ccc(-c3cccnc3)c(C(F)(F)CCBr)c2)ccc1-c1cccnc1,9.0,0.1606730765067303,0.7860994704098113,0.3636363636363636
Cc1ccc(-c2cccnc2)c(C(F)(F)F)c1,8.6,0.7279268841869859,0.897314624203568,0.2753623188405797
O=C(F)Nc1ccccc1,6.3,0.4685703025409224,0.9119226955220124,0.2096774193548387
COC1(F)CNNc2ccc(-c3cccnc3)c1c2,7.5,0.8692869319422266,0.6089509351204606,0.1785714285714285
FCCCC(F)(F)c1ccccc1-c1ccc(-c2cccnc2)c(C(F)(F)F)c1,9.9,0.3900966598253783,0.8154351416733301,0.2375
FC(F)(F)c1cc(Nc2cccnc2)ccc1-c1cccnc1,10.0,0.7463080506047935,0.8724699397550439,0.373134328358209
COC(=O)Nc1ccc(-c2cccnc2)c(C(F)(F)F)c1,8.9,0.9126757266082608,0.882020499586523,0.4057971014492754
O=CC(F)(F)c1cc(F)ccc1-c1cccnc1,8.2,0.7840374717105927,0.8268254654880778,0.2432432432432432
O=C(Nc1ccccc1)c1cccnc1,8.2,0.8042302799124038,0.9601404926270708,0.3333333333333333
CC(C)(c1cccnc1)C(F)(F)F,7.0,0.661447420948047,0.8386131298381344,0.2121212121212121
O=C(Nc1ccc(Oc2ccnc(C(=O)Nc3cccnc3)c2)cc1)Nc1cccc(C(F)(F)F)c1,9.5,0.2973472713427685,0.8561365057197443,0.7741935483870968
CC(F)(Nc1ccccc1)c1ccccc1-c1cccnc1,8.8,0.6841897828394053,0.8174540614070127,0.2602739726027397
c1cncc(Nc2ccc3c(c2)O3)c1,7.6,0.62198276200687,0.8834945869377479,0.25
O=C(Nc1ccc(CCCc2ccccc2)cc1)Nc1ccc(Cl)c(C(F)(F)F)c1,9.6,0.4252925439619947,0.8957542276344194,0.4477611940298507
O=C(Nc1ccccc1)Nc1ccc(-c2cccnc2)c(C(C(=O)Nc2ccccc2)c2ccccc2)c1,9.1,0.2225445273258718,0.8137156410984583,0.3289473684210526
CC(F)(c1ccccc1)c1cc(Nc2ccc(-c3cccnc3)c(C(F)(F)C=O)c2)ccc1-c1cccnc1,10.5,0.2089960102923128,0.7317243765932238,0.2682926829268293
CC(F)(F)Nc1ccccc1,6.4,0.6506141225987991,0.8706220139156924,0.1538461538461538
O=C(Nc1ccccc1)Nc1ccccc1,8.3,0.7871951869249774,0.9782079435464937,0.2586206896551724
CC(F)(F)c1cc(NC(=O)C(F)(F)c2cc(NC(=O)Nc3ccc(Oc4ccnc(C(=O)Nc5cccnc5)c4)cc3)ccc2Cl)ccc1-c1cccnc1,11.4,0.0959807285431309,0.7504385415779693,0.726027397260274
CCCC(O)c1cc(NC(=O)Nc2ccccc2)ccc1-c1cccnc1,9.7,0.5629186164253521,0.8298544993188711,0.3205128205128205
O=C(NCl)Nc1ccccc1,6.9,0.6219764227290644,0.8933652231795468,0.2419354838709677
O=C(Nc1ccc(Oc2ccnc(C(=O)Nc3cccnc3)c2)cc1)Nc1ccc(Cl)c(C(O)(F)c2cccnc2)c1,9.9,0.1659965959139804,0.7573008099643239,0.828125
CC(F)(F)c1cc(NF)ccc1-c1cccnc1,8.0,0.8296087316056485,0.8193943885650009,0.2957746478873239
FNc1ccccc1,5.7,0.5462052322543244,0.8807265734804308,0.1290322580645161
O=CC(F)(F)C1=CC2=CC=C1C2=O,6.9,0.6010002985894691,0.5860428139859822,0.0933333333333333
O=C(Nc1ccccc1)Nc1ccc(-c2cccnc2)c(C2(F)c3ccccc32)c1,12.4,0.4474090165404884,0.8438215332699601,0.3561643835616438
Cc1ccc(C(=O)Nc2ccccc2)c(C(F)(F)F)c1,8.5,0.8736751898779165,0.9249891851274472,0.3043478260869565
COC(=O)Nc1ccc(-c2cccnc2)c(C(F)(F)F)c1,8.7,0.9126757266082608,0.882020499586523,0.4057971014492754
O=C(NNc1ccc(-c2cccnc2)c(C(F)(F)F)c1)c1cc(OC(F)F)ccn1,9.4,0.4496074822962247,0.8249503211487481,0.4666666666666667
[NH+]C(C(N)=O)(c1ccccc1)c1cccnc1,8.2,0.7740678139597188,0.7591599958471889,0.2142857142857142
O=CC(F)(F)c1cc(C(F)c2cc(NC(=O)Nc3ccccc3)ccc2-c2cccnc2)ccc1-c1cccnc1,10.5,0.1924450605698057,0.7321613514529156,0.3493975903614458
Clc1cccnc1,4.6,0.4994929876185536,0.9252520801298032,0.2166666666666666
O=C(Nc1ccc(Oc2ccnc(C(=O)Nc3cccnc3)c2)cc1)Nc1ccc(C(=O)Nc2ccccc2)c(C(=O)[O-])c1,9.4,0.1905289128030976,0.8142733161357152,0.6470588235294118
CC(F)c1cc(NC(=O)c2cc(NC(=O)Nc3ccccc3)ccc2-c2cccnc2)ccc1-c1cccnc1,10.4,0.2001557915343291,0.7832882098912081,0.358974358974359
CC(F)(c1cc(Cc2ccccc2)ccc1-c1cccnc1)C1CCN(C(F)(F)C=O)CC1,10.0,0.3242961386608674,0.7274853327750538,0.1894736842105263
O=C(Nc1ccccc1)Nc1ccc(-c2cccnc2)c(C(F)(F)CC(F)F)c1,10.1,0.485939030540827,0.8377478208941395,0.4054054054054054
CC(F)(F)c1cc(NC(N)=O)ccc1-c1cccnc1,9.2,0.9029120479868712,0.8597628914211533,0.3472222222222222
Cc1ccc(C(=O)Nc2ccccc2)cc1C,9.0,0.8315241302116477,0.969591213128827,0.217391304347826
O=C(Nc1cccc(C(F)(F)F)c1)Nc1ccc(-c2cccnc2)c(C(F)(F)F)c1,10.9,0.4753620611068405,0.8663980350814017,0.4492753623188406
FC(F)(F)c1cc(Nc2cccnc2)ccc1-c1cccnc1,9.8,0.7463080506047935,0.8724699397550439,0.373134328358209
NC(=O)Cc1ccc(-c2cccnc2)c(C(F)(F)F)c1,9.3,0.93948199101561,0.8748163179945799,0.2837837837837837
O=C(F)Nc1ccccc1,6.3,0.4685703025409224,0.9119226955220124,0.2096774193548387
O=C(Nc1ccc(-c2cccnc2)c(Cl)c1)NN1CCOCC1,8.4,0.9066929726985996,0.858729182005331,0.3205128205128205
O=C(Nc1ccccc1)c1ccc(C(F)(c2ccc(-c3cccnc3)c(C(F)(F)F)c2)c2ccccc2-c2cccnc2)cc1,11.2,0.1461638110954373,0.7585369799419784,0.358974358974359
CC(F)(F)c1cc(Nc2ccc(N)cc2C(F)(F)F)ccc1-c1cccnc1,9.9,0.4095733406972269,0.8313330944380812,0.2875
[NH3+]NCCNC(=O)c1cc(Oc2ccc(NC(=O)Nc3ccc(Cl)c(C(F)(F)F)c3)cc2)ccn1,8.6,0.233408797273247,0.8077607783016217,0.6865671641791045
O=C1c2ccc(-c3cccnc3)c1c2,8.5,0.5761440215779619,0.8114218807260747,0.2028985507246377
CCC(F)(c1cc(NC(=O)Nc2ccccc2)ccc1-c1cccnc1)c1ccc(NC(=O)Nc2ccccc2)cc1C(F)(F)C=O,6.7,0.1145737556643057,0.7243429843636685,0.3703703703703703
O=C(Nc1ccc(Oc2ccnc(C(=O)Nc3cccnc3)c2)cc1)Nc1ccc(-c2ccc(NC(=O)Nc3ccccc3)cc2C(F)(F)F)c(C(F)F)c1,0.0,0.0880400389728294,0.7740246230614048,0.7285714285714285
CC(F)(F)c1cc(NF)ccc1-c1cccnc1,8.0,0.8296087316056485,0.8193943885650009,0.2957746478873239
O=C(NF)Nc1ccccc1,6.8,0.5935802360925356,0.8866401611448074,0.2622950819672131
CCN(Cc1cccnc1)C(F)(F)F,6.8,0.7027385695137799,0.8323519997004237,0.2112676056338028
O=CC(F)(F)c1cc(NC(=O)Nc2ccccc2)ccc1-c1ccc(NC(=O)Nc2ccc(Oc3ccnc(C(=O)Nc4cccnc4)c3)cc2)cc1C(F)(F)F,7.3,0.0645371661172134,0.7533404341405301,0.7391304347826086
O=C(Nc1ccccc1)Nc1ccc(Cl)c(C(F)(F)Nc2ccc(-c3cccnc3)c(C(F)(F)c3cccc(Cl)c3)c2)c1,12.9,0.1188231438571067,0.7846930670460964,0.4320987654320987
O=C(NC(=O)Nc1ccccc1)Nc1ccccc1,8.1,0.7714769573834082,0.9430069316829792,0.2295081967213114
Cc1cccc(C)c1,6.4,0.475757685340321,0.984657737968117,0.0793650793650793
NC(=O)Nc1ccc(-c2cccnc2)c(C(F)(F)F)c1,9.2,0.8867291504903891,0.8805606536589158,0.3970588235294117
O=C(c1ccc(-c2cccnc2)c(NC(F)(F)F)c1)C(F)F,9.0,0.5238032404305932,0.8151259517655741,0.2435897435897435
NCc1cc(OC(F)(F)F)ccc1-c1cccnc1,8.6,0.9300220497111498,0.8710159777312703,0.2533333333333333
O=C(NNc1ccc(-c2cccnc2)c(C(F)F)c1)Nc1ccc(-c2cccnc2)c(C(F)(F)F)c1,9.9,0.1988937457785342,0.8073637399741629,0.3766233766233766
